experiment_id,manifest_id,domain,stage,value_head,seed,arm,iterations,policy_score,matched_fixed_width,slurm_job_id,source_training_job_id,snapshot_epoch,analysis_roles,slurm_state,elapsed,score,total,source_log
,preserve4-delivery-off-534933607-stage2-a30-policy-e0000,delivery,stage2,off,534933607,pw_kmin3,,,,20717927,20669726,0,preserve4_stage2_policy_curve,COMPLETED,00:06:11,20.0,20,/home/hersco/training_new_domains/2026-08-30/preserve4_delivery_stage2_policy_eval/20717927_Ev_delivery_delivery_mcts_orig_novh_c.1_s534933607_K0_P4DELIVERYS2P_src20669726_e0000.txt
,preserve4-delivery-off-534933607-stage2-a30-policy-e0005,delivery,stage2,off,534933607,pw_kmin3,,,,20717928,20669726,5,preserve4_stage2_policy_curve,COMPLETED,00:06:31,20.0,20,/home/hersco/training_new_domains/2026-08-30/preserve4_delivery_stage2_policy_eval/20717928_Ev_delivery_delivery_mcts_orig_novh_c.1_s534933607_K0_P4DELIVERYS2P_src20669726_e0005.txt
,preserve4-delivery-off-534933607-stage2-a30-policy-e0010,delivery,stage2,off,534933607,pw_kmin3,,,,20717929,20669726,10,preserve4_stage2_policy_curve,COMPLETED,00:29:16,17.0,20,/home/hersco/training_new_domains/2026-08-30/preserve4_delivery_stage2_policy_eval/20717929_Ev_delivery_delivery_mcts_orig_novh_c.1_s534933607_K0_P4DELIVERYS2P_src20669726_e0010.txt
,preserve4-delivery-off-534933607-stage2-a30-policy-e0015,delivery,stage2,off,534933607,pw_kmin3,,,,20717930,20669726,15,preserve4_stage2_policy_curve,COMPLETED,00:13:23,18.0,20,/home/hersco/training_new_domains/2026-08-30/preserve4_delivery_stage2_policy_eval/20717930_Ev_delivery_delivery_mcts_orig_novh_c.1_s534933607_K0_P4DELIVERYS2P_src20669726_e0015.txt
,preserve4-delivery-off-534933607-stage2-a30-policy-e0020,delivery,stage2,off,534933607,pw_kmin3,,,,20717931,20669726,20,preserve4_stage2_policy_curve,COMPLETED,00:12:52,18.0,20,/home/hersco/training_new_domains/2026-08-30/preserve4_delivery_stage2_policy_eval/20717931_Ev_delivery_delivery_mcts_orig_novh_c.1_s534933607_K0_P4DELIVERYS2P_src20669726_e0020.txt
,preserve4-delivery-off-534933607-stage2-a30-policy-e0025,delivery,stage2,off,534933607,pw_kmin3,,,,20717932,20669726,25,preserve4_stage2_policy_curve,COMPLETED,00:12:18,18.0,20,/home/hersco/training_new_domains/2026-08-30/preserve4_delivery_stage2_policy_eval/20717932_Ev_delivery_delivery_mcts_orig_novh_c.1_s534933607_K0_P4DELIVERYS2P_src20669726_e0025.txt
,preserve4-delivery-off-534933607-stage2-a30-policy-e0030,delivery,stage2,off,534933607,pw_kmin3,,,,20717933,20669726,30,preserve4_stage2_policy_curve,COMPLETED,00:10:30,18.0,20,/home/hersco/training_new_domains/2026-08-30/preserve4_delivery_stage2_policy_eval/20717933_Ev_delivery_delivery_mcts_orig_novh_c.1_s534933607_K0_P4DELIVERYS2P_src20669726_e0030.txt
,preserve4-delivery-off-534933607-stage2-a30-policy-e0035,delivery,stage2,off,534933607,pw_kmin3,,,,20717934,20669726,35,preserve4_stage2_policy_curve,COMPLETED,00:11:50,18.0,20,/home/hersco/training_new_domains/2026-08-30/preserve4_delivery_stage2_policy_eval/20717934_Ev_delivery_delivery_mcts_orig_novh_c.1_s534933607_K0_P4DELIVERYS2P_src20669726_e0035.txt
,preserve4-delivery-off-534933607-stage2-a30-policy-e0040,delivery,stage2,off,534933607,pw_kmin3,,,,20717935,20669726,40,preserve4_stage2_policy_curve,COMPLETED,00:11:55,18.0,20,/home/hersco/training_new_domains/2026-08-30/preserve4_delivery_stage2_policy_eval/20717935_Ev_delivery_delivery_mcts_orig_novh_c.1_s534933607_K0_P4DELIVERYS2P_src20669726_e0040.txt
,preserve4-delivery-off-534933607-stage2-a30-policy-e0045,delivery,stage2,off,534933607,pw_kmin3,,,,20717936,20669726,45,preserve4_stage2_policy_curve,COMPLETED,00:12:02,18.0,20,/home/hersco/training_new_domains/2026-08-30/preserve4_delivery_stage2_policy_eval/20717936_Ev_delivery_delivery_mcts_orig_novh_c.1_s534933607_K0_P4DELIVERYS2P_src20669726_e0045.txt
,preserve4-delivery-off-534933607-stage2-a30-policy-e0050,delivery,stage2,off,534933607,pw_kmin3,,,,20717937,20669726,50,preserve4_stage2_policy_curve,COMPLETED,00:20:23,17.0,20,/home/hersco/training_new_domains/2026-08-30/preserve4_delivery_stage2_policy_eval/20717937_Ev_delivery_delivery_mcts_orig_novh_c.1_s534933607_K0_P4DELIVERYS2P_src20669726_e0050.txt
,preserve4-delivery-off-534933607-stage2-a30-policy-e0055,delivery,stage2,off,534933607,pw_kmin3,,,,20717938,20669726,55,preserve4_stage2_policy_curve,COMPLETED,00:29:37,17.0,20,/home/hersco/training_new_domains/2026-08-30/preserve4_delivery_stage2_policy_eval/20717938_Ev_delivery_delivery_mcts_orig_novh_c.1_s534933607_K0_P4DELIVERYS2P_src20669726_e0055.txt
,preserve4-delivery-off-534933607-stage2-a30-policy-e0060,delivery,stage2,off,534933607,pw_kmin3,,,,20717939,20669726,60,preserve4_stage2_policy_curve,COMPLETED,00:32:40,15.0,20,/home/hersco/training_new_domains/2026-08-30/preserve4_delivery_stage2_policy_eval/20717939_Ev_delivery_delivery_mcts_orig_novh_c.1_s534933607_K0_P4DELIVERYS2P_src20669726_e0060.txt
,preserve4-delivery-off-534933607-stage2-a30-policy-e0065,delivery,stage2,off,534933607,pw_kmin3,,,,20717940,20669726,65,preserve4_stage2_policy_curve,COMPLETED,00:15:25,18.0,20,/home/hersco/training_new_domains/2026-08-30/preserve4_delivery_stage2_policy_eval/20717940_Ev_delivery_delivery_mcts_orig_novh_c.1_s534933607_K0_P4DELIVERYS2P_src20669726_e0065.txt
,preserve4-delivery-off-534933607-stage2-a30-policy-e0070,delivery,stage2,off,534933607,pw_kmin3,,,,20717942,20669726,70,preserve4_stage2_policy_curve,COMPLETED,00:23:40,15.0,20,/home/hersco/training_new_domains/2026-08-30/preserve4_delivery_stage2_policy_eval/20717942_Ev_delivery_delivery_mcts_orig_novh_c.1_s534933607_K0_P4DELIVERYS2P_src20669726_e0070.txt
,preserve4-delivery-off-534933607-stage2-a30-policy-e0075,delivery,stage2,off,534933607,pw_kmin3,,,,20717943,20669726,75,preserve4_stage2_policy_curve,COMPLETED,00:20:42,16.0,20,/home/hersco/training_new_domains/2026-08-30/preserve4_delivery_stage2_policy_eval/20717943_Ev_delivery_delivery_mcts_orig_novh_c.1_s534933607_K0_P4DELIVERYS2P_src20669726_e0075.txt
,preserve4-delivery-off-534933607-stage2-a30-policy-e0080,delivery,stage2,off,534933607,pw_kmin3,,,,20717944,20669726,80,preserve4_stage2_policy_curve,COMPLETED,00:20:42,15.0,20,/home/hersco/training_new_domains/2026-08-30/preserve4_delivery_stage2_policy_eval/20717944_Ev_delivery_delivery_mcts_orig_novh_c.1_s534933607_K0_P4DELIVERYS2P_src20669726_e0080.txt
,preserve4-delivery-off-534933607-stage2-a30-policy-e0085,delivery,stage2,off,534933607,pw_kmin3,,,,20717945,20669726,85,preserve4_stage2_policy_curve,COMPLETED,00:22:11,15.0,20,/home/hersco/training_new_domains/2026-08-30/preserve4_delivery_stage2_policy_eval/20717945_Ev_delivery_delivery_mcts_orig_novh_c.1_s534933607_K0_P4DELIVERYS2P_src20669726_e0085.txt
,preserve4-delivery-off-534933607-stage2-a30-policy-e0090,delivery,stage2,off,534933607,pw_kmin3,,,,20717946,20669726,90,preserve4_stage2_policy_curve,COMPLETED,00:23:19,14.0,20,/home/hersco/training_new_domains/2026-08-30/preserve4_delivery_stage2_policy_eval/20717946_Ev_delivery_delivery_mcts_orig_novh_c.1_s534933607_K0_P4DELIVERYS2P_src20669726_e0090.txt
,preserve4-delivery-off-534933607-stage2-a30-policy-e0095,delivery,stage2,off,534933607,pw_kmin3,,,,20717947,20669726,95,preserve4_stage2_policy_curve,COMPLETED,00:21:23,15.0,20,/home/hersco/training_new_domains/2026-08-30/preserve4_delivery_stage2_policy_eval/20717947_Ev_delivery_delivery_mcts_orig_novh_c.1_s534933607_K0_P4DELIVERYS2P_src20669726_e0095.txt
,preserve4-delivery-off-534933607-stage2-a30-policy-e0099,delivery,stage2,off,534933607,pw_kmin3,,,,20717948,20669726,99,preserve4_stage2_policy_curve;stage2_final_policy,COMPLETED,00:21:57,15.0,20,/home/hersco/training_new_domains/2026-08-30/preserve4_delivery_stage2_policy_eval/20717948_Ev_delivery_delivery_mcts_orig_novh_c.1_s534933607_K0_P4DELIVERYS2P_src20669726_e0099.txt
,preserve4-delivery-off-1510771779-stage2-a30-policy-e0000,delivery,stage2,off,1510771779,pw_kmin3,,,,20717949,20669731,0,preserve4_stage2_policy_curve,COMPLETED,00:06:38,20.0,20,/home/hersco/training_new_domains/2026-08-30/preserve4_delivery_stage2_policy_eval/20717949_Ev_delivery_delivery_mcts_orig_novh_c.1_s1510771779_K0_P4DELIVERYS2P_src20669731_e0000.txt
,preserve4-delivery-off-1510771779-stage2-a30-policy-e0005,delivery,stage2,off,1510771779,pw_kmin3,,,,20717950,20669731,5,preserve4_stage2_policy_curve,COMPLETED,00:06:57,20.0,20,/home/hersco/training_new_domains/2026-08-30/preserve4_delivery_stage2_policy_eval/20717950_Ev_delivery_delivery_mcts_orig_novh_c.1_s1510771779_K0_P4DELIVERYS2P_src20669731_e0005.txt
,preserve4-delivery-off-1510771779-stage2-a30-policy-e0010,delivery,stage2,off,1510771779,pw_kmin3,,,,20717951,20669731,10,preserve4_stage2_policy_curve,COMPLETED,00:06:49,20.0,20,/home/hersco/training_new_domains/2026-08-30/preserve4_delivery_stage2_policy_eval/20717951_Ev_delivery_delivery_mcts_orig_novh_c.1_s1510771779_K0_P4DELIVERYS2P_src20669731_e0010.txt
,preserve4-delivery-off-1510771779-stage2-a30-policy-e0015,delivery,stage2,off,1510771779,pw_kmin3,,,,20717952,20669731,15,preserve4_stage2_policy_curve,COMPLETED,00:06:49,20.0,20,/home/hersco/training_new_domains/2026-08-30/preserve4_delivery_stage2_policy_eval/20717952_Ev_delivery_delivery_mcts_orig_novh_c.1_s1510771779_K0_P4DELIVERYS2P_src20669731_e0015.txt
,preserve4-delivery-off-1510771779-stage2-a30-policy-e0020,delivery,stage2,off,1510771779,pw_kmin3,,,,20717953,20669731,20,preserve4_stage2_policy_curve,COMPLETED,00:06:44,20.0,20,/home/hersco/training_new_domains/2026-08-30/preserve4_delivery_stage2_policy_eval/20717953_Ev_delivery_delivery_mcts_orig_novh_c.1_s1510771779_K0_P4DELIVERYS2P_src20669731_e0020.txt
,preserve4-delivery-off-1510771779-stage2-a30-policy-e0025,delivery,stage2,off,1510771779,pw_kmin3,,,,20717954,20669731,25,preserve4_stage2_policy_curve,COMPLETED,00:06:20,20.0,20,/home/hersco/training_new_domains/2026-08-30/preserve4_delivery_stage2_policy_eval/20717954_Ev_delivery_delivery_mcts_orig_novh_c.1_s1510771779_K0_P4DELIVERYS2P_src20669731_e0025.txt
,preserve4-delivery-off-1510771779-stage2-a30-policy-e0030,delivery,stage2,off,1510771779,pw_kmin3,,,,20717955,20669731,30,preserve4_stage2_policy_curve,COMPLETED,00:06:23,20.0,20,/home/hersco/training_new_domains/2026-08-30/preserve4_delivery_stage2_policy_eval/20717955_Ev_delivery_delivery_mcts_orig_novh_c.1_s1510771779_K0_P4DELIVERYS2P_src20669731_e0030.txt
,preserve4-delivery-off-1510771779-stage2-a30-policy-e0035,delivery,stage2,off,1510771779,pw_kmin3,,,,20717956,20669731,35,preserve4_stage2_policy_curve,COMPLETED,00:06:23,20.0,20,/home/hersco/training_new_domains/2026-08-30/preserve4_delivery_stage2_policy_eval/20717956_Ev_delivery_delivery_mcts_orig_novh_c.1_s1510771779_K0_P4DELIVERYS2P_src20669731_e0035.txt
,preserve4-delivery-off-1510771779-stage2-a30-policy-e0040,delivery,stage2,off,1510771779,pw_kmin3,,,,20717957,20669731,40,preserve4_stage2_policy_curve,COMPLETED,00:06:16,20.0,20,/home/hersco/training_new_domains/2026-08-30/preserve4_delivery_stage2_policy_eval/20717957_Ev_delivery_delivery_mcts_orig_novh_c.1_s1510771779_K0_P4DELIVERYS2P_src20669731_e0040.txt
,preserve4-delivery-off-1510771779-stage2-a30-policy-e0045,delivery,stage2,off,1510771779,pw_kmin3,,,,20717958,20669731,45,preserve4_stage2_policy_curve,COMPLETED,00:06:20,20.0,20,/home/hersco/training_new_domains/2026-08-30/preserve4_delivery_stage2_policy_eval/20717958_Ev_delivery_delivery_mcts_orig_novh_c.1_s1510771779_K0_P4DELIVERYS2P_src20669731_e0045.txt
,preserve4-delivery-off-1510771779-stage2-a30-policy-e0050,delivery,stage2,off,1510771779,pw_kmin3,,,,20717959,20669731,50,preserve4_stage2_policy_curve,COMPLETED,00:06:20,20.0,20,/home/hersco/training_new_domains/2026-08-30/preserve4_delivery_stage2_policy_eval/20717959_Ev_delivery_delivery_mcts_orig_novh_c.1_s1510771779_K0_P4DELIVERYS2P_src20669731_e0050.txt
,preserve4-delivery-off-1510771779-stage2-a30-policy-e0055,delivery,stage2,off,1510771779,pw_kmin3,,,,20717960,20669731,55,preserve4_stage2_policy_curve,COMPLETED,00:06:47,20.0,20,/home/hersco/training_new_domains/2026-08-30/preserve4_delivery_stage2_policy_eval/20717960_Ev_delivery_delivery_mcts_orig_novh_c.1_s1510771779_K0_P4DELIVERYS2P_src20669731_e0055.txt
,preserve4-delivery-off-1510771779-stage2-a30-policy-e0060,delivery,stage2,off,1510771779,pw_kmin3,,,,20717961,20669731,60,preserve4_stage2_policy_curve,COMPLETED,00:06:51,20.0,20,/home/hersco/training_new_domains/2026-08-30/preserve4_delivery_stage2_policy_eval/20717961_Ev_delivery_delivery_mcts_orig_novh_c.1_s1510771779_K0_P4DELIVERYS2P_src20669731_e0060.txt
,preserve4-delivery-off-1510771779-stage2-a30-policy-e0065,delivery,stage2,off,1510771779,pw_kmin3,,,,20717962,20669731,65,preserve4_stage2_policy_curve,COMPLETED,00:06:47,20.0,20,/home/hersco/training_new_domains/2026-08-30/preserve4_delivery_stage2_policy_eval/20717962_Ev_delivery_delivery_mcts_orig_novh_c.1_s1510771779_K0_P4DELIVERYS2P_src20669731_e0065.txt
,preserve4-delivery-off-1510771779-stage2-a30-policy-e0070,delivery,stage2,off,1510771779,pw_kmin3,,,,20717963,20669731,70,preserve4_stage2_policy_curve,COMPLETED,00:06:48,20.0,20,/home/hersco/training_new_domains/2026-08-30/preserve4_delivery_stage2_policy_eval/20717963_Ev_delivery_delivery_mcts_orig_novh_c.1_s1510771779_K0_P4DELIVERYS2P_src20669731_e0070.txt
,preserve4-delivery-off-1510771779-stage2-a30-policy-e0075,delivery,stage2,off,1510771779,pw_kmin3,,,,20717964,20669731,75,preserve4_stage2_policy_curve,COMPLETED,00:06:48,20.0,20,/home/hersco/training_new_domains/2026-08-30/preserve4_delivery_stage2_policy_eval/20717964_Ev_delivery_delivery_mcts_orig_novh_c.1_s1510771779_K0_P4DELIVERYS2P_src20669731_e0075.txt
,preserve4-delivery-off-1510771779-stage2-a30-policy-e0080,delivery,stage2,off,1510771779,pw_kmin3,,,,20717965,20669731,80,preserve4_stage2_policy_curve,COMPLETED,00:06:38,20.0,20,/home/hersco/training_new_domains/2026-08-30/preserve4_delivery_stage2_policy_eval/20717965_Ev_delivery_delivery_mcts_orig_novh_c.1_s1510771779_K0_P4DELIVERYS2P_src20669731_e0080.txt
,preserve4-delivery-off-1510771779-stage2-a30-policy-e0085,delivery,stage2,off,1510771779,pw_kmin3,,,,20717966,20669731,85,preserve4_stage2_policy_curve,COMPLETED,00:06:57,20.0,20,/home/hersco/training_new_domains/2026-08-30/preserve4_delivery_stage2_policy_eval/20717966_Ev_delivery_delivery_mcts_orig_novh_c.1_s1510771779_K0_P4DELIVERYS2P_src20669731_e0085.txt
,preserve4-delivery-off-1510771779-stage2-a30-policy-e0090,delivery,stage2,off,1510771779,pw_kmin3,,,,20717967,20669731,90,preserve4_stage2_policy_curve,COMPLETED,00:07:00,20.0,20,/home/hersco/training_new_domains/2026-08-30/preserve4_delivery_stage2_policy_eval/20717967_Ev_delivery_delivery_mcts_orig_novh_c.1_s1510771779_K0_P4DELIVERYS2P_src20669731_e0090.txt
,preserve4-delivery-off-1510771779-stage2-a30-policy-e0095,delivery,stage2,off,1510771779,pw_kmin3,,,,20717968,20669731,95,preserve4_stage2_policy_curve,COMPLETED,00:07:02,20.0,20,/home/hersco/training_new_domains/2026-08-30/preserve4_delivery_stage2_policy_eval/20717968_Ev_delivery_delivery_mcts_orig_novh_c.1_s1510771779_K0_P4DELIVERYS2P_src20669731_e0095.txt
,preserve4-delivery-off-1510771779-stage2-a30-policy-e0099,delivery,stage2,off,1510771779,pw_kmin3,,,,20717969,20669731,99,preserve4_stage2_policy_curve;stage2_final_policy,COMPLETED,00:06:27,20.0,20,/home/hersco/training_new_domains/2026-08-30/preserve4_delivery_stage2_policy_eval/20717969_Ev_delivery_delivery_mcts_orig_novh_c.1_s1510771779_K0_P4DELIVERYS2P_src20669731_e0099.txt
,preserve4-delivery-off-1972442430-stage2-a30-policy-e0000,delivery,stage2,off,1972442430,pw_kmin3,,,,20717970,20669732,0,preserve4_stage2_policy_curve,COMPLETED,00:06:28,20.0,20,/home/hersco/training_new_domains/2026-08-30/preserve4_delivery_stage2_policy_eval/20717970_Ev_delivery_delivery_mcts_orig_novh_c.1_s1972442430_K0_P4DELIVERYS2P_src20669732_e0000.txt
,preserve4-delivery-off-1972442430-stage2-a30-policy-e0005,delivery,stage2,off,1972442430,pw_kmin3,,,,20717971,20669732,5,preserve4_stage2_policy_curve,COMPLETED,00:06:26,20.0,20,/home/hersco/training_new_domains/2026-08-30/preserve4_delivery_stage2_policy_eval/20717971_Ev_delivery_delivery_mcts_orig_novh_c.1_s1972442430_K0_P4DELIVERYS2P_src20669732_e0005.txt
,preserve4-delivery-off-1972442430-stage2-a30-policy-e0010,delivery,stage2,off,1972442430,pw_kmin3,,,,20717972,20669732,10,preserve4_stage2_policy_curve,COMPLETED,00:06:29,20.0,20,/home/hersco/training_new_domains/2026-08-30/preserve4_delivery_stage2_policy_eval/20717972_Ev_delivery_delivery_mcts_orig_novh_c.1_s1972442430_K0_P4DELIVERYS2P_src20669732_e0010.txt
,preserve4-delivery-off-1972442430-stage2-a30-policy-e0015,delivery,stage2,off,1972442430,pw_kmin3,,,,20717973,20669732,15,preserve4_stage2_policy_curve,COMPLETED,00:06:55,20.0,20,/home/hersco/training_new_domains/2026-08-30/preserve4_delivery_stage2_policy_eval/20717973_Ev_delivery_delivery_mcts_orig_novh_c.1_s1972442430_K0_P4DELIVERYS2P_src20669732_e0015.txt
,preserve4-delivery-off-1972442430-stage2-a30-policy-e0020,delivery,stage2,off,1972442430,pw_kmin3,,,,20717974,20669732,20,preserve4_stage2_policy_curve,COMPLETED,00:06:55,20.0,20,/home/hersco/training_new_domains/2026-08-30/preserve4_delivery_stage2_policy_eval/20717974_Ev_delivery_delivery_mcts_orig_novh_c.1_s1972442430_K0_P4DELIVERYS2P_src20669732_e0020.txt
,preserve4-delivery-off-1972442430-stage2-a30-policy-e0025,delivery,stage2,off,1972442430,pw_kmin3,,,,20717975,20669732,25,preserve4_stage2_policy_curve,COMPLETED,00:06:55,20.0,20,/home/hersco/training_new_domains/2026-08-30/preserve4_delivery_stage2_policy_eval/20717975_Ev_delivery_delivery_mcts_orig_novh_c.1_s1972442430_K0_P4DELIVERYS2P_src20669732_e0025.txt
,preserve4-delivery-off-1972442430-stage2-a30-policy-e0030,delivery,stage2,off,1972442430,pw_kmin3,,,,20717976,20669732,30,preserve4_stage2_policy_curve,COMPLETED,00:06:47,20.0,20,/home/hersco/training_new_domains/2026-08-30/preserve4_delivery_stage2_policy_eval/20717976_Ev_delivery_delivery_mcts_orig_novh_c.1_s1972442430_K0_P4DELIVERYS2P_src20669732_e0030.txt
,preserve4-delivery-off-1972442430-stage2-a30-policy-e0035,delivery,stage2,off,1972442430,pw_kmin3,,,,20717977,20669732,35,preserve4_stage2_policy_curve,COMPLETED,00:05:48,20.0,20,/home/hersco/training_new_domains/2026-08-30/preserve4_delivery_stage2_policy_eval/20717977_Ev_delivery_delivery_mcts_orig_novh_c.1_s1972442430_K0_P4DELIVERYS2P_src20669732_e0035.txt
,preserve4-delivery-off-1972442430-stage2-a30-policy-e0040,delivery,stage2,off,1972442430,pw_kmin3,,,,20717978,20669732,40,preserve4_stage2_policy_curve,COMPLETED,00:05:47,20.0,20,/home/hersco/training_new_domains/2026-08-30/preserve4_delivery_stage2_policy_eval/20717978_Ev_delivery_delivery_mcts_orig_novh_c.1_s1972442430_K0_P4DELIVERYS2P_src20669732_e0040.txt
,preserve4-delivery-off-1972442430-stage2-a30-policy-e0045,delivery,stage2,off,1972442430,pw_kmin3,,,,20717979,20669732,45,preserve4_stage2_policy_curve,COMPLETED,00:06:07,20.0,20,/home/hersco/training_new_domains/2026-08-30/preserve4_delivery_stage2_policy_eval/20717979_Ev_delivery_delivery_mcts_orig_novh_c.1_s1972442430_K0_P4DELIVERYS2P_src20669732_e0045.txt
,preserve4-delivery-off-1972442430-stage2-a30-policy-e0050,delivery,stage2,off,1972442430,pw_kmin3,,,,20717980,20669732,50,preserve4_stage2_policy_curve,COMPLETED,00:05:53,20.0,20,/home/hersco/training_new_domains/2026-08-30/preserve4_delivery_stage2_policy_eval/20717980_Ev_delivery_delivery_mcts_orig_novh_c.1_s1972442430_K0_P4DELIVERYS2P_src20669732_e0050.txt
,preserve4-delivery-off-1972442430-stage2-a30-policy-e0055,delivery,stage2,off,1972442430,pw_kmin3,,,,20717981,20669732,55,preserve4_stage2_policy_curve,COMPLETED,00:05:52,20.0,20,/home/hersco/training_new_domains/2026-08-30/preserve4_delivery_stage2_policy_eval/20717981_Ev_delivery_delivery_mcts_orig_novh_c.1_s1972442430_K0_P4DELIVERYS2P_src20669732_e0055.txt
,preserve4-delivery-off-1972442430-stage2-a30-policy-e0060,delivery,stage2,off,1972442430,pw_kmin3,,,,20717982,20669732,60,preserve4_stage2_policy_curve,COMPLETED,00:05:52,20.0,20,/home/hersco/training_new_domains/2026-08-30/preserve4_delivery_stage2_policy_eval/20717982_Ev_delivery_delivery_mcts_orig_novh_c.1_s1972442430_K0_P4DELIVERYS2P_src20669732_e0060.txt
,preserve4-delivery-off-1972442430-stage2-a30-policy-e0065,delivery,stage2,off,1972442430,pw_kmin3,,,,20717983,20669732,65,preserve4_stage2_policy_curve,COMPLETED,00:05:50,20.0,20,/home/hersco/training_new_domains/2026-08-30/preserve4_delivery_stage2_policy_eval/20717983_Ev_delivery_delivery_mcts_orig_novh_c.1_s1972442430_K0_P4DELIVERYS2P_src20669732_e0065.txt
,preserve4-delivery-off-1972442430-stage2-a30-policy-e0070,delivery,stage2,off,1972442430,pw_kmin3,,,,20717984,20669732,70,preserve4_stage2_policy_curve,COMPLETED,00:05:47,20.0,20,/home/hersco/training_new_domains/2026-08-30/preserve4_delivery_stage2_policy_eval/20717984_Ev_delivery_delivery_mcts_orig_novh_c.1_s1972442430_K0_P4DELIVERYS2P_src20669732_e0070.txt
,preserve4-delivery-off-1972442430-stage2-a30-policy-e0075,delivery,stage2,off,1972442430,pw_kmin3,,,,20717985,20669732,75,preserve4_stage2_policy_curve,COMPLETED,00:06:33,20.0,20,/home/hersco/training_new_domains/2026-08-30/preserve4_delivery_stage2_policy_eval/20717985_Ev_delivery_delivery_mcts_orig_novh_c.1_s1972442430_K0_P4DELIVERYS2P_src20669732_e0075.txt
,preserve4-delivery-off-1972442430-stage2-a30-policy-e0080,delivery,stage2,off,1972442430,pw_kmin3,,,,20717986,20669732,80,preserve4_stage2_policy_curve,COMPLETED,00:06:58,20.0,20,/home/hersco/training_new_domains/2026-08-30/preserve4_delivery_stage2_policy_eval/20717986_Ev_delivery_delivery_mcts_orig_novh_c.1_s1972442430_K0_P4DELIVERYS2P_src20669732_e0080.txt
,preserve4-delivery-off-1972442430-stage2-a30-policy-e0085,delivery,stage2,off,1972442430,pw_kmin3,,,,20717987,20669732,85,preserve4_stage2_policy_curve,COMPLETED,00:06:40,20.0,20,/home/hersco/training_new_domains/2026-08-30/preserve4_delivery_stage2_policy_eval/20717987_Ev_delivery_delivery_mcts_orig_novh_c.1_s1972442430_K0_P4DELIVERYS2P_src20669732_e0085.txt
,preserve4-delivery-off-1972442430-stage2-a30-policy-e0090,delivery,stage2,off,1972442430,pw_kmin3,,,,20717988,20669732,90,preserve4_stage2_policy_curve,COMPLETED,00:06:47,20.0,20,/home/hersco/training_new_domains/2026-08-30/preserve4_delivery_stage2_policy_eval/20717988_Ev_delivery_delivery_mcts_orig_novh_c.1_s1972442430_K0_P4DELIVERYS2P_src20669732_e0090.txt
,preserve4-delivery-off-1972442430-stage2-a30-policy-e0095,delivery,stage2,off,1972442430,pw_kmin3,,,,20717989,20669732,95,preserve4_stage2_policy_curve,COMPLETED,00:06:42,20.0,20,/home/hersco/training_new_domains/2026-08-30/preserve4_delivery_stage2_policy_eval/20717989_Ev_delivery_delivery_mcts_orig_novh_c.1_s1972442430_K0_P4DELIVERYS2P_src20669732_e0095.txt
,preserve4-delivery-off-1972442430-stage2-a30-policy-e0099,delivery,stage2,off,1972442430,pw_kmin3,,,,20717992,20669732,99,preserve4_stage2_policy_curve;stage2_final_policy,COMPLETED,00:06:25,20.0,20,/home/hersco/training_new_domains/2026-08-30/preserve4_delivery_stage2_policy_eval/20717992_Ev_delivery_delivery_mcts_orig_novh_c.1_s1972442430_K0_P4DELIVERYS2P_src20669732_e0099.txt
,preserve4-delivery-on-923500475-stage2-a30-policy-e0000,delivery,stage2,on,923500475,pw_kmin3,,,,20717993,20669735,0,preserve4_stage2_policy_curve,COMPLETED,00:10:22,18.0,20,/home/hersco/training_new_domains/2026-08-30/preserve4_delivery_stage2_policy_eval/20717993_Ev_delivery_delivery_mcts_orig_vh_c.1_s923500475_K0_P4DELIVERYS2P_src20669735_e0000.txt
,preserve4-delivery-on-923500475-stage2-a30-policy-e0005,delivery,stage2,on,923500475,pw_kmin3,,,,20717994,20669735,5,preserve4_stage2_policy_curve,COMPLETED,00:10:26,18.0,20,/home/hersco/training_new_domains/2026-08-30/preserve4_delivery_stage2_policy_eval/20717994_Ev_delivery_delivery_mcts_orig_vh_c.1_s923500475_K0_P4DELIVERYS2P_src20669735_e0005.txt
,preserve4-delivery-on-923500475-stage2-a30-policy-e0010,delivery,stage2,on,923500475,pw_kmin3,,,,20717995,20669735,10,preserve4_stage2_policy_curve,COMPLETED,00:09:59,18.0,20,/home/hersco/training_new_domains/2026-08-30/preserve4_delivery_stage2_policy_eval/20717995_Ev_delivery_delivery_mcts_orig_vh_c.1_s923500475_K0_P4DELIVERYS2P_src20669735_e0010.txt
,preserve4-delivery-on-923500475-stage2-a30-policy-e0015,delivery,stage2,on,923500475,pw_kmin3,,,,20717996,20669735,15,preserve4_stage2_policy_curve,COMPLETED,00:12:01,18.0,20,/home/hersco/training_new_domains/2026-08-30/preserve4_delivery_stage2_policy_eval/20717996_Ev_delivery_delivery_mcts_orig_vh_c.1_s923500475_K0_P4DELIVERYS2P_src20669735_e0015.txt
,preserve4-delivery-on-923500475-stage2-a30-policy-e0020,delivery,stage2,on,923500475,pw_kmin3,,,,20717998,20669735,20,preserve4_stage2_policy_curve,COMPLETED,00:25:58,15.0,20,/home/hersco/training_new_domains/2026-08-30/preserve4_delivery_stage2_policy_eval/20717998_Ev_delivery_delivery_mcts_orig_vh_c.1_s923500475_K0_P4DELIVERYS2P_src20669735_e0020.txt
,preserve4-delivery-on-923500475-stage2-a30-policy-e0025,delivery,stage2,on,923500475,pw_kmin3,,,,20717999,20669735,25,preserve4_stage2_policy_curve,COMPLETED,00:24:44,15.0,20,/home/hersco/training_new_domains/2026-08-30/preserve4_delivery_stage2_policy_eval/20717999_Ev_delivery_delivery_mcts_orig_vh_c.1_s923500475_K0_P4DELIVERYS2P_src20669735_e0025.txt
,preserve4-delivery-on-923500475-stage2-a30-policy-e0030,delivery,stage2,on,923500475,pw_kmin3,,,,20718000,20669735,30,preserve4_stage2_policy_curve,COMPLETED,00:23:34,16.0,20,/home/hersco/training_new_domains/2026-08-30/preserve4_delivery_stage2_policy_eval/20718000_Ev_delivery_delivery_mcts_orig_vh_c.1_s923500475_K0_P4DELIVERYS2P_src20669735_e0030.txt
,preserve4-delivery-on-923500475-stage2-a30-policy-e0035,delivery,stage2,on,923500475,pw_kmin3,,,,20718001,20669735,35,preserve4_stage2_policy_curve,COMPLETED,00:24:37,15.0,20,/home/hersco/training_new_domains/2026-08-30/preserve4_delivery_stage2_policy_eval/20718001_Ev_delivery_delivery_mcts_orig_vh_c.1_s923500475_K0_P4DELIVERYS2P_src20669735_e0035.txt
,preserve4-delivery-on-923500475-stage2-a30-policy-e0040,delivery,stage2,on,923500475,pw_kmin3,,,,20718002,20669735,40,preserve4_stage2_policy_curve,COMPLETED,00:24:29,15.0,20,/home/hersco/training_new_domains/2026-08-30/preserve4_delivery_stage2_policy_eval/20718002_Ev_delivery_delivery_mcts_orig_vh_c.1_s923500475_K0_P4DELIVERYS2P_src20669735_e0040.txt
,preserve4-delivery-on-923500475-stage2-a30-policy-e0045,delivery,stage2,on,923500475,pw_kmin3,,,,20718003,20669735,45,preserve4_stage2_policy_curve,COMPLETED,00:23:10,17.0,20,/home/hersco/training_new_domains/2026-08-30/preserve4_delivery_stage2_policy_eval/20718003_Ev_delivery_delivery_mcts_orig_vh_c.1_s923500475_K0_P4DELIVERYS2P_src20669735_e0045.txt
,preserve4-delivery-on-923500475-stage2-a30-policy-e0050,delivery,stage2,on,923500475,pw_kmin3,,,,20718004,20669735,50,preserve4_stage2_policy_curve,COMPLETED,00:29:13,17.0,20,/home/hersco/training_new_domains/2026-08-30/preserve4_delivery_stage2_policy_eval/20718004_Ev_delivery_delivery_mcts_orig_vh_c.1_s923500475_K0_P4DELIVERYS2P_src20669735_e0050.txt
,preserve4-delivery-on-923500475-stage2-a30-policy-e0055,delivery,stage2,on,923500475,pw_kmin3,,,,20718005,20669735,55,preserve4_stage2_policy_curve,COMPLETED,00:32:10,15.0,20,/home/hersco/training_new_domains/2026-08-30/preserve4_delivery_stage2_policy_eval/20718005_Ev_delivery_delivery_mcts_orig_vh_c.1_s923500475_K0_P4DELIVERYS2P_src20669735_e0055.txt
,preserve4-delivery-on-923500475-stage2-a30-policy-e0060,delivery,stage2,on,923500475,pw_kmin3,,,,20718006,20669735,60,preserve4_stage2_policy_curve,COMPLETED,00:31:06,15.0,20,/home/hersco/training_new_domains/2026-08-30/preserve4_delivery_stage2_policy_eval/20718006_Ev_delivery_delivery_mcts_orig_vh_c.1_s923500475_K0_P4DELIVERYS2P_src20669735_e0060.txt
,preserve4-delivery-on-923500475-stage2-a30-policy-e0065,delivery,stage2,on,923500475,pw_kmin3,,,,20718007,20669735,65,preserve4_stage2_policy_curve,COMPLETED,00:30:15,15.0,20,/home/hersco/training_new_domains/2026-08-30/preserve4_delivery_stage2_policy_eval/20718007_Ev_delivery_delivery_mcts_orig_vh_c.1_s923500475_K0_P4DELIVERYS2P_src20669735_e0065.txt
,preserve4-delivery-on-923500475-stage2-a30-policy-e0070,delivery,stage2,on,923500475,pw_kmin3,,,,20718008,20669735,70,preserve4_stage2_policy_curve,COMPLETED,00:30:54,15.0,20,/home/hersco/training_new_domains/2026-08-30/preserve4_delivery_stage2_policy_eval/20718008_Ev_delivery_delivery_mcts_orig_vh_c.1_s923500475_K0_P4DELIVERYS2P_src20669735_e0070.txt
,preserve4-delivery-on-923500475-stage2-a30-policy-e0075,delivery,stage2,on,923500475,pw_kmin3,,,,20718009,20669735,75,preserve4_stage2_policy_curve,COMPLETED,00:11:31,18.0,20,/home/hersco/training_new_domains/2026-08-30/preserve4_delivery_stage2_policy_eval/20718009_Ev_delivery_delivery_mcts_orig_vh_c.1_s923500475_K0_P4DELIVERYS2P_src20669735_e0075.txt
,preserve4-delivery-on-923500475-stage2-a30-policy-e0080,delivery,stage2,on,923500475,pw_kmin3,,,,20718010,20669735,80,preserve4_stage2_policy_curve,COMPLETED,00:25:39,15.0,20,/home/hersco/training_new_domains/2026-08-30/preserve4_delivery_stage2_policy_eval/20718010_Ev_delivery_delivery_mcts_orig_vh_c.1_s923500475_K0_P4DELIVERYS2P_src20669735_e0080.txt
,preserve4-delivery-on-923500475-stage2-a30-policy-e0085,delivery,stage2,on,923500475,pw_kmin3,,,,20718011,20669735,85,preserve4_stage2_policy_curve,COMPLETED,00:25:18,15.0,20,/home/hersco/training_new_domains/2026-08-30/preserve4_delivery_stage2_policy_eval/20718011_Ev_delivery_delivery_mcts_orig_vh_c.1_s923500475_K0_P4DELIVERYS2P_src20669735_e0085.txt
,preserve4-delivery-on-923500475-stage2-a30-policy-e0090,delivery,stage2,on,923500475,pw_kmin3,,,,20718012,20669735,90,preserve4_stage2_policy_curve,COMPLETED,00:24:29,16.0,20,/home/hersco/training_new_domains/2026-08-30/preserve4_delivery_stage2_policy_eval/20718012_Ev_delivery_delivery_mcts_orig_vh_c.1_s923500475_K0_P4DELIVERYS2P_src20669735_e0090.txt
,preserve4-delivery-on-923500475-stage2-a30-policy-e0095,delivery,stage2,on,923500475,pw_kmin3,,,,20718013,20669735,95,preserve4_stage2_policy_curve,COMPLETED,00:32:04,15.0,20,/home/hersco/training_new_domains/2026-08-30/preserve4_delivery_stage2_policy_eval/20718013_Ev_delivery_delivery_mcts_orig_vh_c.1_s923500475_K0_P4DELIVERYS2P_src20669735_e0095.txt
,preserve4-delivery-on-923500475-stage2-a30-policy-e0099,delivery,stage2,on,923500475,pw_kmin3,,,,20718014,20669735,99,preserve4_stage2_policy_curve;stage2_final_policy,COMPLETED,00:21:33,15.0,20,/home/hersco/training_new_domains/2026-08-30/preserve4_delivery_stage2_policy_eval/20718014_Ev_delivery_delivery_mcts_orig_vh_c.1_s923500475_K0_P4DELIVERYS2P_src20669735_e0099.txt
,preserve4-delivery-on-1472491096-stage2-a30-policy-e0000,delivery,stage2,on,1472491096,pw_kmin3,,,,20718015,20669738,0,preserve4_stage2_policy_curve,COMPLETED,00:10:09,18.0,20,/home/hersco/training_new_domains/2026-08-30/preserve4_delivery_stage2_policy_eval/20718015_Ev_delivery_delivery_mcts_orig_vh_c.1_s1472491096_K0_P4DELIVERYS2P_src20669738_e0000.txt
,preserve4-delivery-on-1472491096-stage2-a30-policy-e0005,delivery,stage2,on,1472491096,pw_kmin3,,,,20718016,20669738,5,preserve4_stage2_policy_curve,COMPLETED,00:07:50,19.0,20,/home/hersco/training_new_domains/2026-08-30/preserve4_delivery_stage2_policy_eval/20718016_Ev_delivery_delivery_mcts_orig_vh_c.1_s1472491096_K0_P4DELIVERYS2P_src20669738_e0005.txt
,preserve4-delivery-on-1472491096-stage2-a30-policy-e0010,delivery,stage2,on,1472491096,pw_kmin3,,,,20718017,20669738,10,preserve4_stage2_policy_curve,COMPLETED,00:05:26,20.0,20,/home/hersco/training_new_domains/2026-08-30/preserve4_delivery_stage2_policy_eval/20718017_Ev_delivery_delivery_mcts_orig_vh_c.1_s1472491096_K0_P4DELIVERYS2P_src20669738_e0010.txt
,preserve4-delivery-on-1472491096-stage2-a30-policy-e0015,delivery,stage2,on,1472491096,pw_kmin3,,,,20718018,20669738,15,preserve4_stage2_policy_curve,COMPLETED,00:10:27,18.0,20,/home/hersco/training_new_domains/2026-08-30/preserve4_delivery_stage2_policy_eval/20718018_Ev_delivery_delivery_mcts_orig_vh_c.1_s1472491096_K0_P4DELIVERYS2P_src20669738_e0015.txt
,preserve4-delivery-on-1472491096-stage2-a30-policy-e0020,delivery,stage2,on,1472491096,pw_kmin3,,,,20718019,20669738,20,preserve4_stage2_policy_curve,COMPLETED,00:10:23,18.0,20,/home/hersco/training_new_domains/2026-08-30/preserve4_delivery_stage2_policy_eval/20718019_Ev_delivery_delivery_mcts_orig_vh_c.1_s1472491096_K0_P4DELIVERYS2P_src20669738_e0020.txt
,preserve4-delivery-on-1472491096-stage2-a30-policy-e0025,delivery,stage2,on,1472491096,pw_kmin3,,,,20718020,20669738,25,preserve4_stage2_policy_curve,COMPLETED,00:20:44,16.0,20,/home/hersco/training_new_domains/2026-08-30/preserve4_delivery_stage2_policy_eval/20718020_Ev_delivery_delivery_mcts_orig_vh_c.1_s1472491096_K0_P4DELIVERYS2P_src20669738_e0025.txt
,preserve4-delivery-on-1472491096-stage2-a30-policy-e0030,delivery,stage2,on,1472491096,pw_kmin3,,,,20718021,20669738,30,preserve4_stage2_policy_curve,COMPLETED,00:20:43,15.0,20,/home/hersco/training_new_domains/2026-08-30/preserve4_delivery_stage2_policy_eval/20718021_Ev_delivery_delivery_mcts_orig_vh_c.1_s1472491096_K0_P4DELIVERYS2P_src20669738_e0030.txt
,preserve4-delivery-on-1472491096-stage2-a30-policy-e0035,delivery,stage2,on,1472491096,pw_kmin3,,,,20718022,20669738,35,preserve4_stage2_policy_curve,COMPLETED,00:20:56,15.0,20,/home/hersco/training_new_domains/2026-08-30/preserve4_delivery_stage2_policy_eval/20718022_Ev_delivery_delivery_mcts_orig_vh_c.1_s1472491096_K0_P4DELIVERYS2P_src20669738_e0035.txt
,preserve4-delivery-on-1472491096-stage2-a30-policy-e0040,delivery,stage2,on,1472491096,pw_kmin3,,,,20718023,20669738,40,preserve4_stage2_policy_curve,COMPLETED,00:20:38,15.0,20,/home/hersco/training_new_domains/2026-08-30/preserve4_delivery_stage2_policy_eval/20718023_Ev_delivery_delivery_mcts_orig_vh_c.1_s1472491096_K0_P4DELIVERYS2P_src20669738_e0040.txt
,preserve4-delivery-on-1472491096-stage2-a30-policy-e0045,delivery,stage2,on,1472491096,pw_kmin3,,,,20718024,20669738,45,preserve4_stage2_policy_curve,COMPLETED,00:22:55,14.0,20,/home/hersco/training_new_domains/2026-08-30/preserve4_delivery_stage2_policy_eval/20718024_Ev_delivery_delivery_mcts_orig_vh_c.1_s1472491096_K0_P4DELIVERYS2P_src20669738_e0045.txt
,preserve4-delivery-on-1472491096-stage2-a30-policy-e0050,delivery,stage2,on,1472491096,pw_kmin3,,,,20718025,20669738,50,preserve4_stage2_policy_curve,COMPLETED,00:19:27,13.0,20,/home/hersco/training_new_domains/2026-08-30/preserve4_delivery_stage2_policy_eval/20718025_Ev_delivery_delivery_mcts_orig_vh_c.1_s1472491096_K0_P4DELIVERYS2P_src20669738_e0050.txt
,preserve4-delivery-on-1472491096-stage2-a30-policy-e0055,delivery,stage2,on,1472491096,pw_kmin3,,,,20718026,20669738,55,preserve4_stage2_policy_curve,COMPLETED,00:20:07,13.0,20,/home/hersco/training_new_domains/2026-08-30/preserve4_delivery_stage2_policy_eval/20718026_Ev_delivery_delivery_mcts_orig_vh_c.1_s1472491096_K0_P4DELIVERYS2P_src20669738_e0055.txt
,preserve4-delivery-on-1472491096-stage2-a30-policy-e0060,delivery,stage2,on,1472491096,pw_kmin3,,,,20718027,20669738,60,preserve4_stage2_policy_curve,COMPLETED,00:20:16,12.0,20,/home/hersco/training_new_domains/2026-08-30/preserve4_delivery_stage2_policy_eval/20718027_Ev_delivery_delivery_mcts_orig_vh_c.1_s1472491096_K0_P4DELIVERYS2P_src20669738_e0060.txt
,preserve4-delivery-on-1472491096-stage2-a30-policy-e0065,delivery,stage2,on,1472491096,pw_kmin3,,,,20718028,20669738,65,preserve4_stage2_policy_curve,COMPLETED,00:19:40,13.0,20,/home/hersco/training_new_domains/2026-08-30/preserve4_delivery_stage2_policy_eval/20718028_Ev_delivery_delivery_mcts_orig_vh_c.1_s1472491096_K0_P4DELIVERYS2P_src20669738_e0065.txt
,preserve4-delivery-on-1472491096-stage2-a30-policy-e0070,delivery,stage2,on,1472491096,pw_kmin3,,,,20718029,20669738,70,preserve4_stage2_policy_curve,COMPLETED,00:19:46,12.0,20,/home/hersco/training_new_domains/2026-08-30/preserve4_delivery_stage2_policy_eval/20718029_Ev_delivery_delivery_mcts_orig_vh_c.1_s1472491096_K0_P4DELIVERYS2P_src20669738_e0070.txt
,preserve4-delivery-on-1472491096-stage2-a30-policy-e0075,delivery,stage2,on,1472491096,pw_kmin3,,,,20718030,20669738,75,preserve4_stage2_policy_curve,COMPLETED,00:19:41,13.0,20,/home/hersco/training_new_domains/2026-08-30/preserve4_delivery_stage2_policy_eval/20718030_Ev_delivery_delivery_mcts_orig_vh_c.1_s1472491096_K0_P4DELIVERYS2P_src20669738_e0075.txt
,preserve4-delivery-on-1472491096-stage2-a30-policy-e0080,delivery,stage2,on,1472491096,pw_kmin3,,,,20718031,20669738,80,preserve4_stage2_policy_curve,COMPLETED,00:19:50,12.0,20,/home/hersco/training_new_domains/2026-08-30/preserve4_delivery_stage2_policy_eval/20718031_Ev_delivery_delivery_mcts_orig_vh_c.1_s1472491096_K0_P4DELIVERYS2P_src20669738_e0080.txt
,preserve4-delivery-on-1472491096-stage2-a30-policy-e0085,delivery,stage2,on,1472491096,pw_kmin3,,,,20718032,20669738,85,preserve4_stage2_policy_curve,COMPLETED,00:19:41,12.0,20,/home/hersco/training_new_domains/2026-08-30/preserve4_delivery_stage2_policy_eval/20718032_Ev_delivery_delivery_mcts_orig_vh_c.1_s1472491096_K0_P4DELIVERYS2P_src20669738_e0085.txt
,preserve4-delivery-on-1472491096-stage2-a30-policy-e0090,delivery,stage2,on,1472491096,pw_kmin3,,,,20718033,20669738,90,preserve4_stage2_policy_curve,COMPLETED,00:21:19,12.0,20,/home/hersco/training_new_domains/2026-08-30/preserve4_delivery_stage2_policy_eval/20718033_Ev_delivery_delivery_mcts_orig_vh_c.1_s1472491096_K0_P4DELIVERYS2P_src20669738_e0090.txt
,preserve4-delivery-on-1472491096-stage2-a30-policy-e0095,delivery,stage2,on,1472491096,pw_kmin3,,,,20718034,20669738,95,preserve4_stage2_policy_curve,COMPLETED,00:22:45,11.0,20,/home/hersco/training_new_domains/2026-08-30/preserve4_delivery_stage2_policy_eval/20718034_Ev_delivery_delivery_mcts_orig_vh_c.1_s1472491096_K0_P4DELIVERYS2P_src20669738_e0095.txt
,preserve4-delivery-on-1472491096-stage2-a30-policy-e0099,delivery,stage2,on,1472491096,pw_kmin3,,,,20718035,20669738,99,preserve4_stage2_policy_curve;stage2_final_policy,COMPLETED,00:21:06,12.0,20,/home/hersco/training_new_domains/2026-08-30/preserve4_delivery_stage2_policy_eval/20718035_Ev_delivery_delivery_mcts_orig_vh_c.1_s1472491096_K0_P4DELIVERYS2P_src20669738_e0099.txt
,preserve4-delivery-on-2082152039-stage2-a30-policy-e0000,delivery,stage2,on,2082152039,pw_kmin3,,,,20718036,20669742,0,preserve4_stage2_policy_curve;stage2_validation_selected_policy,COMPLETED,00:04:35,20.0,20,/home/hersco/training_new_domains/2026-08-30/preserve4_delivery_stage2_policy_eval/20718036_Ev_delivery_delivery_mcts_orig_vh_c.1_s2082152039_K0_P4DELIVERYS2P_src20669742_e0000.txt
,preserve4-delivery-on-2082152039-stage2-a30-policy-e0005,delivery,stage2,on,2082152039,pw_kmin3,,,,20718037,20669742,5,preserve4_stage2_policy_curve,COMPLETED,00:04:35,20.0,20,/home/hersco/training_new_domains/2026-08-30/preserve4_delivery_stage2_policy_eval/20718037_Ev_delivery_delivery_mcts_orig_vh_c.1_s2082152039_K0_P4DELIVERYS2P_src20669742_e0005.txt
,preserve4-delivery-on-2082152039-stage2-a30-policy-e0010,delivery,stage2,on,2082152039,pw_kmin3,,,,20718038,20669742,10,preserve4_stage2_policy_curve,COMPLETED,00:04:35,20.0,20,/home/hersco/training_new_domains/2026-08-30/preserve4_delivery_stage2_policy_eval/20718038_Ev_delivery_delivery_mcts_orig_vh_c.1_s2082152039_K0_P4DELIVERYS2P_src20669742_e0010.txt
,preserve4-delivery-on-2082152039-stage2-a30-policy-e0015,delivery,stage2,on,2082152039,pw_kmin3,,,,20718039,20669742,15,preserve4_stage2_policy_curve,COMPLETED,00:05:55,20.0,20,/home/hersco/training_new_domains/2026-08-30/preserve4_delivery_stage2_policy_eval/20718039_Ev_delivery_delivery_mcts_orig_vh_c.1_s2082152039_K0_P4DELIVERYS2P_src20669742_e0015.txt
,preserve4-delivery-on-2082152039-stage2-a30-policy-e0020,delivery,stage2,on,2082152039,pw_kmin3,,,,20718040,20669742,20,preserve4_stage2_policy_curve,COMPLETED,00:06:02,20.0,20,/home/hersco/training_new_domains/2026-08-30/preserve4_delivery_stage2_policy_eval/20718040_Ev_delivery_delivery_mcts_orig_vh_c.1_s2082152039_K0_P4DELIVERYS2P_src20669742_e0020.txt
,preserve4-delivery-on-2082152039-stage2-a30-policy-e0025,delivery,stage2,on,2082152039,pw_kmin3,,,,20718041,20669742,25,preserve4_stage2_policy_curve,COMPLETED,00:09:45,18.0,20,/home/hersco/training_new_domains/2026-08-30/preserve4_delivery_stage2_policy_eval/20718041_Ev_delivery_delivery_mcts_orig_vh_c.1_s2082152039_K0_P4DELIVERYS2P_src20669742_e0025.txt
,preserve4-delivery-on-2082152039-stage2-a30-policy-e0030,delivery,stage2,on,2082152039,pw_kmin3,,,,20718042,20669742,30,preserve4_stage2_policy_curve,COMPLETED,00:05:54,20.0,20,/home/hersco/training_new_domains/2026-08-30/preserve4_delivery_stage2_policy_eval/20718042_Ev_delivery_delivery_mcts_orig_vh_c.1_s2082152039_K0_P4DELIVERYS2P_src20669742_e0030.txt
,preserve4-delivery-on-2082152039-stage2-a30-policy-e0035,delivery,stage2,on,2082152039,pw_kmin3,,,,20718043,20669742,35,preserve4_stage2_policy_curve,COMPLETED,00:05:44,20.0,20,/home/hersco/training_new_domains/2026-08-30/preserve4_delivery_stage2_policy_eval/20718043_Ev_delivery_delivery_mcts_orig_vh_c.1_s2082152039_K0_P4DELIVERYS2P_src20669742_e0035.txt
,preserve4-delivery-on-2082152039-stage2-a30-policy-e0040,delivery,stage2,on,2082152039,pw_kmin3,,,,20718044,20669742,40,preserve4_stage2_policy_curve,COMPLETED,00:05:42,20.0,20,/home/hersco/training_new_domains/2026-08-30/preserve4_delivery_stage2_policy_eval/20718044_Ev_delivery_delivery_mcts_orig_vh_c.1_s2082152039_K0_P4DELIVERYS2P_src20669742_e0040.txt
,preserve4-delivery-on-2082152039-stage2-a30-policy-e0045,delivery,stage2,on,2082152039,pw_kmin3,,,,20718045,20669742,45,preserve4_stage2_policy_curve,COMPLETED,00:05:39,20.0,20,/home/hersco/training_new_domains/2026-08-30/preserve4_delivery_stage2_policy_eval/20718045_Ev_delivery_delivery_mcts_orig_vh_c.1_s2082152039_K0_P4DELIVERYS2P_src20669742_e0045.txt
,preserve4-delivery-on-2082152039-stage2-a30-policy-e0050,delivery,stage2,on,2082152039,pw_kmin3,,,,20718046,20669742,50,preserve4_stage2_policy_curve,COMPLETED,00:05:31,20.0,20,/home/hersco/training_new_domains/2026-08-30/preserve4_delivery_stage2_policy_eval/20718046_Ev_delivery_delivery_mcts_orig_vh_c.1_s2082152039_K0_P4DELIVERYS2P_src20669742_e0050.txt
,preserve4-delivery-on-2082152039-stage2-a30-policy-e0055,delivery,stage2,on,2082152039,pw_kmin3,,,,20718047,20669742,55,preserve4_stage2_policy_curve,COMPLETED,00:06:58,20.0,20,/home/hersco/training_new_domains/2026-08-30/preserve4_delivery_stage2_policy_eval/20718047_Ev_delivery_delivery_mcts_orig_vh_c.1_s2082152039_K0_P4DELIVERYS2P_src20669742_e0055.txt
,preserve4-delivery-on-2082152039-stage2-a30-policy-e0060,delivery,stage2,on,2082152039,pw_kmin3,,,,20718048,20669742,60,preserve4_stage2_policy_curve,COMPLETED,00:06:51,20.0,20,/home/hersco/training_new_domains/2026-08-30/preserve4_delivery_stage2_policy_eval/20718048_Ev_delivery_delivery_mcts_orig_vh_c.1_s2082152039_K0_P4DELIVERYS2P_src20669742_e0060.txt
,preserve4-delivery-on-2082152039-stage2-a30-policy-e0065,delivery,stage2,on,2082152039,pw_kmin3,,,,20718049,20669742,65,preserve4_stage2_policy_curve,COMPLETED,00:06:47,20.0,20,/home/hersco/training_new_domains/2026-08-30/preserve4_delivery_stage2_policy_eval/20718049_Ev_delivery_delivery_mcts_orig_vh_c.1_s2082152039_K0_P4DELIVERYS2P_src20669742_e0065.txt
,preserve4-delivery-on-2082152039-stage2-a30-policy-e0070,delivery,stage2,on,2082152039,pw_kmin3,,,,20718050,20669742,70,preserve4_stage2_policy_curve,COMPLETED,00:04:23,20.0,20,/home/hersco/training_new_domains/2026-08-30/preserve4_delivery_stage2_policy_eval/20718050_Ev_delivery_delivery_mcts_orig_vh_c.1_s2082152039_K0_P4DELIVERYS2P_src20669742_e0070.txt
,preserve4-delivery-on-2082152039-stage2-a30-policy-e0075,delivery,stage2,on,2082152039,pw_kmin3,,,,20718051,20669742,75,preserve4_stage2_policy_curve,COMPLETED,00:05:30,20.0,20,/home/hersco/training_new_domains/2026-08-30/preserve4_delivery_stage2_policy_eval/20718051_Ev_delivery_delivery_mcts_orig_vh_c.1_s2082152039_K0_P4DELIVERYS2P_src20669742_e0075.txt
,preserve4-delivery-on-2082152039-stage2-a30-policy-e0080,delivery,stage2,on,2082152039,pw_kmin3,,,,20718053,20669742,80,preserve4_stage2_policy_curve,COMPLETED,00:04:57,20.0,20,/home/hersco/training_new_domains/2026-08-30/preserve4_delivery_stage2_policy_eval/20718053_Ev_delivery_delivery_mcts_orig_vh_c.1_s2082152039_K0_P4DELIVERYS2P_src20669742_e0080.txt
,preserve4-delivery-on-2082152039-stage2-a30-policy-e0085,delivery,stage2,on,2082152039,pw_kmin3,,,,20718054,20669742,85,preserve4_stage2_policy_curve,COMPLETED,00:05:17,20.0,20,/home/hersco/training_new_domains/2026-08-30/preserve4_delivery_stage2_policy_eval/20718054_Ev_delivery_delivery_mcts_orig_vh_c.1_s2082152039_K0_P4DELIVERYS2P_src20669742_e0085.txt
,preserve4-delivery-on-2082152039-stage2-a30-policy-e0090,delivery,stage2,on,2082152039,pw_kmin3,,,,20718055,20669742,90,preserve4_stage2_policy_curve,COMPLETED,00:05:10,20.0,20,/home/hersco/training_new_domains/2026-08-30/preserve4_delivery_stage2_policy_eval/20718055_Ev_delivery_delivery_mcts_orig_vh_c.1_s2082152039_K0_P4DELIVERYS2P_src20669742_e0090.txt
,preserve4-delivery-on-2082152039-stage2-a30-policy-e0095,delivery,stage2,on,2082152039,pw_kmin3,,,,20718056,20669742,95,preserve4_stage2_policy_curve,COMPLETED,00:05:34,20.0,20,/home/hersco/training_new_domains/2026-08-30/preserve4_delivery_stage2_policy_eval/20718056_Ev_delivery_delivery_mcts_orig_vh_c.1_s2082152039_K0_P4DELIVERYS2P_src20669742_e0095.txt
,preserve4-delivery-on-2082152039-stage2-a30-policy-e0099,delivery,stage2,on,2082152039,pw_kmin3,,,,20718057,20669742,99,preserve4_stage2_policy_curve;stage2_final_policy,COMPLETED,00:06:42,20.0,20,/home/hersco/training_new_domains/2026-08-30/preserve4_delivery_stage2_policy_eval/20718057_Ev_delivery_delivery_mcts_orig_vh_c.1_s2082152039_K0_P4DELIVERYS2P_src20669742_e0099.txt
,preserve4-delivery-off-1239739722-stage2-a30-policy-e0000,delivery,stage2,off,1239739722,pw_kmin3,,,,20720411,20669729,0,preserve4_stage2_policy_curve,COMPLETED,00:04:58,20.0,20,/home/hersco/training_new_domains/2026-08-30/preserve4_delivery_stage2_policy_eval/20720411_Ev_delivery_delivery_mcts_orig_novh_c.1_s1239739722_K0_P4DELIVERYS2P_src20669729_e0000.txt
,preserve4-delivery-off-1239739722-stage2-a30-policy-e0005,delivery,stage2,off,1239739722,pw_kmin3,,,,20720412,20669729,5,preserve4_stage2_policy_curve,COMPLETED,00:04:43,20.0,20,/home/hersco/training_new_domains/2026-08-30/preserve4_delivery_stage2_policy_eval/20720412_Ev_delivery_delivery_mcts_orig_novh_c.1_s1239739722_K0_P4DELIVERYS2P_src20669729_e0005.txt
,preserve4-delivery-off-1239739722-stage2-a30-policy-e0010,delivery,stage2,off,1239739722,pw_kmin3,,,,20720413,20669729,10,preserve4_stage2_policy_curve,COMPLETED,00:17:49,19.0,20,/home/hersco/training_new_domains/2026-08-30/preserve4_delivery_stage2_policy_eval/20720413_Ev_delivery_delivery_mcts_orig_novh_c.1_s1239739722_K0_P4DELIVERYS2P_src20669729_e0010.txt
,preserve4-delivery-off-1239739722-stage2-a30-policy-e0015,delivery,stage2,off,1239739722,pw_kmin3,,,,20720414,20669729,15,preserve4_stage2_policy_curve,COMPLETED,00:06:11,20.0,20,/home/hersco/training_new_domains/2026-08-30/preserve4_delivery_stage2_policy_eval/20720414_Ev_delivery_delivery_mcts_orig_novh_c.1_s1239739722_K0_P4DELIVERYS2P_src20669729_e0015.txt
,preserve4-delivery-off-1239739722-stage2-a30-policy-e0020,delivery,stage2,off,1239739722,pw_kmin3,,,,20720415,20669729,20,preserve4_stage2_policy_curve,COMPLETED,00:04:56,20.0,20,/home/hersco/training_new_domains/2026-08-30/preserve4_delivery_stage2_policy_eval/20720415_Ev_delivery_delivery_mcts_orig_novh_c.1_s1239739722_K0_P4DELIVERYS2P_src20669729_e0020.txt
,preserve4-delivery-off-1239739722-stage2-a30-policy-e0025,delivery,stage2,off,1239739722,pw_kmin3,,,,20720416,20669729,25,preserve4_stage2_policy_curve,COMPLETED,00:07:42,20.0,20,/home/hersco/training_new_domains/2026-08-30/preserve4_delivery_stage2_policy_eval/20720416_Ev_delivery_delivery_mcts_orig_novh_c.1_s1239739722_K0_P4DELIVERYS2P_src20669729_e0025.txt
,preserve4-delivery-off-1239739722-stage2-a30-policy-e0030,delivery,stage2,off,1239739722,pw_kmin3,,,,20720417,20669729,30,preserve4_stage2_policy_curve,COMPLETED,00:04:50,20.0,20,/home/hersco/training_new_domains/2026-08-30/preserve4_delivery_stage2_policy_eval/20720417_Ev_delivery_delivery_mcts_orig_novh_c.1_s1239739722_K0_P4DELIVERYS2P_src20669729_e0030.txt
,preserve4-delivery-off-1239739722-stage2-a30-policy-e0035,delivery,stage2,off,1239739722,pw_kmin3,,,,20720418,20669729,35,preserve4_stage2_policy_curve,COMPLETED,00:18:56,18.0,20,/home/hersco/training_new_domains/2026-08-30/preserve4_delivery_stage2_policy_eval/20720418_Ev_delivery_delivery_mcts_orig_novh_c.1_s1239739722_K0_P4DELIVERYS2P_src20669729_e0035.txt
,preserve4-delivery-off-1239739722-stage2-a30-policy-e0040,delivery,stage2,off,1239739722,pw_kmin3,,,,20720419,20669729,40,preserve4_stage2_policy_curve,COMPLETED,00:07:06,20.0,20,/home/hersco/training_new_domains/2026-08-30/preserve4_delivery_stage2_policy_eval/20720419_Ev_delivery_delivery_mcts_orig_novh_c.1_s1239739722_K0_P4DELIVERYS2P_src20669729_e0040.txt
,preserve4-delivery-off-1239739722-stage2-a30-policy-e0045,delivery,stage2,off,1239739722,pw_kmin3,,,,20720420,20669729,45,preserve4_stage2_policy_curve,COMPLETED,00:04:55,20.0,20,/home/hersco/training_new_domains/2026-08-30/preserve4_delivery_stage2_policy_eval/20720420_Ev_delivery_delivery_mcts_orig_novh_c.1_s1239739722_K0_P4DELIVERYS2P_src20669729_e0045.txt
,preserve4-delivery-off-1239739722-stage2-a30-policy-e0050,delivery,stage2,off,1239739722,pw_kmin3,,,,20720421,20669729,50,preserve4_stage2_policy_curve,COMPLETED,00:04:24,20.0,20,/home/hersco/training_new_domains/2026-08-30/preserve4_delivery_stage2_policy_eval/20720421_Ev_delivery_delivery_mcts_orig_novh_c.1_s1239739722_K0_P4DELIVERYS2P_src20669729_e0050.txt
,preserve4-delivery-off-1239739722-stage2-a30-policy-e0055,delivery,stage2,off,1239739722,pw_kmin3,,,,20720422,20669729,55,preserve4_stage2_policy_curve,COMPLETED,00:10:42,19.0,20,/home/hersco/training_new_domains/2026-08-30/preserve4_delivery_stage2_policy_eval/20720422_Ev_delivery_delivery_mcts_orig_novh_c.1_s1239739722_K0_P4DELIVERYS2P_src20669729_e0055.txt
,preserve4-delivery-off-1239739722-stage2-a30-policy-e0060,delivery,stage2,off,1239739722,pw_kmin3,,,,20720423,20669729,60,preserve4_stage2_policy_curve,COMPLETED,00:04:48,20.0,20,/home/hersco/training_new_domains/2026-08-30/preserve4_delivery_stage2_policy_eval/20720423_Ev_delivery_delivery_mcts_orig_novh_c.1_s1239739722_K0_P4DELIVERYS2P_src20669729_e0060.txt
,preserve4-delivery-off-1239739722-stage2-a30-policy-e0065,delivery,stage2,off,1239739722,pw_kmin3,,,,20720424,20669729,65,preserve4_stage2_policy_curve,COMPLETED,00:12:56,18.0,20,/home/hersco/training_new_domains/2026-08-30/preserve4_delivery_stage2_policy_eval/20720424_Ev_delivery_delivery_mcts_orig_novh_c.1_s1239739722_K0_P4DELIVERYS2P_src20669729_e0065.txt
,preserve4-delivery-off-1239739722-stage2-a30-policy-e0070,delivery,stage2,off,1239739722,pw_kmin3,,,,20720425,20669729,70,preserve4_stage2_policy_curve,COMPLETED,00:13:42,17.0,20,/home/hersco/training_new_domains/2026-08-30/preserve4_delivery_stage2_policy_eval/20720425_Ev_delivery_delivery_mcts_orig_novh_c.1_s1239739722_K0_P4DELIVERYS2P_src20669729_e0070.txt
,preserve4-delivery-off-1239739722-stage2-a30-policy-e0075,delivery,stage2,off,1239739722,pw_kmin3,,,,20720426,20669729,75,preserve4_stage2_policy_curve,COMPLETED,00:21:14,16.0,20,/home/hersco/training_new_domains/2026-08-30/preserve4_delivery_stage2_policy_eval/20720426_Ev_delivery_delivery_mcts_orig_novh_c.1_s1239739722_K0_P4DELIVERYS2P_src20669729_e0075.txt
,preserve4-delivery-off-1239739722-stage2-a30-policy-e0080,delivery,stage2,off,1239739722,pw_kmin3,,,,20720427,20669729,80,preserve4_stage2_policy_curve,COMPLETED,00:13:28,19.0,20,/home/hersco/training_new_domains/2026-08-30/preserve4_delivery_stage2_policy_eval/20720427_Ev_delivery_delivery_mcts_orig_novh_c.1_s1239739722_K0_P4DELIVERYS2P_src20669729_e0080.txt
,preserve4-delivery-off-1239739722-stage2-a30-policy-e0085,delivery,stage2,off,1239739722,pw_kmin3,,,,20720428,20669729,85,preserve4_stage2_policy_curve,COMPLETED,00:15:13,16.0,20,/home/hersco/training_new_domains/2026-08-30/preserve4_delivery_stage2_policy_eval/20720428_Ev_delivery_delivery_mcts_orig_novh_c.1_s1239739722_K0_P4DELIVERYS2P_src20669729_e0085.txt
,preserve4-delivery-off-1239739722-stage2-a30-policy-e0090,delivery,stage2,off,1239739722,pw_kmin3,,,,20720429,20669729,90,preserve4_stage2_policy_curve,COMPLETED,00:17:13,14.0,20,/home/hersco/training_new_domains/2026-08-30/preserve4_delivery_stage2_policy_eval/20720429_Ev_delivery_delivery_mcts_orig_novh_c.1_s1239739722_K0_P4DELIVERYS2P_src20669729_e0090.txt
,preserve4-delivery-off-1239739722-stage2-a30-policy-e0095,delivery,stage2,off,1239739722,pw_kmin3,,,,20720430,20669729,95,preserve4_stage2_policy_curve,COMPLETED,00:14:53,13.0,20,/home/hersco/training_new_domains/2026-08-30/preserve4_delivery_stage2_policy_eval/20720430_Ev_delivery_delivery_mcts_orig_novh_c.1_s1239739722_K0_P4DELIVERYS2P_src20669729_e0095.txt
,preserve4-delivery-off-1239739722-stage2-a30-policy-e0099,delivery,stage2,off,1239739722,pw_kmin3,,,,20720431,20669729,99,preserve4_stage2_policy_curve;stage2_final_policy,COMPLETED,00:14:58,17.0,20,/home/hersco/training_new_domains/2026-08-30/preserve4_delivery_stage2_policy_eval/20720431_Ev_delivery_delivery_mcts_orig_novh_c.1_s1239739722_K0_P4DELIVERYS2P_src20669729_e0099.txt
,preserve4-delivery-off-2082152039-stage2-a30-policy-e0000,delivery,stage2,off,2082152039,pw_kmin3,,,,20720432,20669733,0,preserve4_stage2_policy_curve;stage2_validation_selected_policy,COMPLETED,00:03:38,20.0,20,/home/hersco/training_new_domains/2026-08-30/preserve4_delivery_stage2_policy_eval/20720432_Ev_delivery_delivery_mcts_orig_novh_c.1_s2082152039_K0_P4DELIVERYS2P_src20669733_e0000.txt
,preserve4-delivery-off-2082152039-stage2-a30-policy-e0005,delivery,stage2,off,2082152039,pw_kmin3,,,,20720433,20669733,5,preserve4_stage2_policy_curve,COMPLETED,00:04:52,20.0,20,/home/hersco/training_new_domains/2026-08-30/preserve4_delivery_stage2_policy_eval/20720433_Ev_delivery_delivery_mcts_orig_novh_c.1_s2082152039_K0_P4DELIVERYS2P_src20669733_e0005.txt
,preserve4-delivery-off-2082152039-stage2-a30-policy-e0010,delivery,stage2,off,2082152039,pw_kmin3,,,,20720434,20669733,10,preserve4_stage2_policy_curve,COMPLETED,00:03:32,20.0,20,/home/hersco/training_new_domains/2026-08-30/preserve4_delivery_stage2_policy_eval/20720434_Ev_delivery_delivery_mcts_orig_novh_c.1_s2082152039_K0_P4DELIVERYS2P_src20669733_e0010.txt
,preserve4-delivery-off-2082152039-stage2-a30-policy-e0015,delivery,stage2,off,2082152039,pw_kmin3,,,,20720435,20669733,15,preserve4_stage2_policy_curve,COMPLETED,00:05:01,20.0,20,/home/hersco/training_new_domains/2026-08-30/preserve4_delivery_stage2_policy_eval/20720435_Ev_delivery_delivery_mcts_orig_novh_c.1_s2082152039_K0_P4DELIVERYS2P_src20669733_e0015.txt
,preserve4-delivery-off-2082152039-stage2-a30-policy-e0020,delivery,stage2,off,2082152039,pw_kmin3,,,,20720436,20669733,20,preserve4_stage2_policy_curve,COMPLETED,00:05:30,20.0,20,/home/hersco/training_new_domains/2026-08-30/preserve4_delivery_stage2_policy_eval/20720436_Ev_delivery_delivery_mcts_orig_novh_c.1_s2082152039_K0_P4DELIVERYS2P_src20669733_e0020.txt
,preserve4-delivery-off-2082152039-stage2-a30-policy-e0025,delivery,stage2,off,2082152039,pw_kmin3,,,,20720438,20669733,25,preserve4_stage2_policy_curve,COMPLETED,00:04:42,20.0,20,/home/hersco/training_new_domains/2026-08-30/preserve4_delivery_stage2_policy_eval/20720438_Ev_delivery_delivery_mcts_orig_novh_c.1_s2082152039_K0_P4DELIVERYS2P_src20669733_e0025.txt
,preserve4-delivery-off-2082152039-stage2-a30-policy-e0030,delivery,stage2,off,2082152039,pw_kmin3,,,,20720439,20669733,30,preserve4_stage2_policy_curve,COMPLETED,00:06:00,20.0,20,/home/hersco/training_new_domains/2026-08-30/preserve4_delivery_stage2_policy_eval/20720439_Ev_delivery_delivery_mcts_orig_novh_c.1_s2082152039_K0_P4DELIVERYS2P_src20669733_e0030.txt
,preserve4-delivery-off-2082152039-stage2-a30-policy-e0035,delivery,stage2,off,2082152039,pw_kmin3,,,,20720440,20669733,35,preserve4_stage2_policy_curve,COMPLETED,00:05:20,20.0,20,/home/hersco/training_new_domains/2026-08-30/preserve4_delivery_stage2_policy_eval/20720440_Ev_delivery_delivery_mcts_orig_novh_c.1_s2082152039_K0_P4DELIVERYS2P_src20669733_e0035.txt
,preserve4-delivery-off-2082152039-stage2-a30-policy-e0040,delivery,stage2,off,2082152039,pw_kmin3,,,,20720441,20669733,40,preserve4_stage2_policy_curve,COMPLETED,00:05:20,20.0,20,/home/hersco/training_new_domains/2026-08-30/preserve4_delivery_stage2_policy_eval/20720441_Ev_delivery_delivery_mcts_orig_novh_c.1_s2082152039_K0_P4DELIVERYS2P_src20669733_e0040.txt
,preserve4-delivery-off-2082152039-stage2-a30-policy-e0045,delivery,stage2,off,2082152039,pw_kmin3,,,,20720442,20669733,45,preserve4_stage2_policy_curve,COMPLETED,00:04:38,20.0,20,/home/hersco/training_new_domains/2026-08-30/preserve4_delivery_stage2_policy_eval/20720442_Ev_delivery_delivery_mcts_orig_novh_c.1_s2082152039_K0_P4DELIVERYS2P_src20669733_e0045.txt
,preserve4-delivery-off-2082152039-stage2-a30-policy-e0050,delivery,stage2,off,2082152039,pw_kmin3,,,,20720443,20669733,50,preserve4_stage2_policy_curve,COMPLETED,00:04:28,20.0,20,/home/hersco/training_new_domains/2026-08-30/preserve4_delivery_stage2_policy_eval/20720443_Ev_delivery_delivery_mcts_orig_novh_c.1_s2082152039_K0_P4DELIVERYS2P_src20669733_e0050.txt
,preserve4-delivery-off-2082152039-stage2-a30-policy-e0055,delivery,stage2,off,2082152039,pw_kmin3,,,,20720444,20669733,55,preserve4_stage2_policy_curve,COMPLETED,00:04:08,20.0,20,/home/hersco/training_new_domains/2026-08-30/preserve4_delivery_stage2_policy_eval/20720444_Ev_delivery_delivery_mcts_orig_novh_c.1_s2082152039_K0_P4DELIVERYS2P_src20669733_e0055.txt
,preserve4-delivery-off-2082152039-stage2-a30-policy-e0060,delivery,stage2,off,2082152039,pw_kmin3,,,,20720445,20669733,60,preserve4_stage2_policy_curve,COMPLETED,00:03:53,20.0,20,/home/hersco/training_new_domains/2026-08-30/preserve4_delivery_stage2_policy_eval/20720445_Ev_delivery_delivery_mcts_orig_novh_c.1_s2082152039_K0_P4DELIVERYS2P_src20669733_e0060.txt
,preserve4-delivery-off-2082152039-stage2-a30-policy-e0065,delivery,stage2,off,2082152039,pw_kmin3,,,,20720446,20669733,65,preserve4_stage2_policy_curve,COMPLETED,00:05:11,20.0,20,/home/hersco/training_new_domains/2026-08-30/preserve4_delivery_stage2_policy_eval/20720446_Ev_delivery_delivery_mcts_orig_novh_c.1_s2082152039_K0_P4DELIVERYS2P_src20669733_e0065.txt
,preserve4-delivery-off-2082152039-stage2-a30-policy-e0070,delivery,stage2,off,2082152039,pw_kmin3,,,,20720447,20669733,70,preserve4_stage2_policy_curve,COMPLETED,00:06:26,20.0,20,/home/hersco/training_new_domains/2026-08-30/preserve4_delivery_stage2_policy_eval/20720447_Ev_delivery_delivery_mcts_orig_novh_c.1_s2082152039_K0_P4DELIVERYS2P_src20669733_e0070.txt
,preserve4-delivery-off-2082152039-stage2-a30-policy-e0075,delivery,stage2,off,2082152039,pw_kmin3,,,,20720448,20669733,75,preserve4_stage2_policy_curve,COMPLETED,00:04:43,20.0,20,/home/hersco/training_new_domains/2026-08-30/preserve4_delivery_stage2_policy_eval/20720448_Ev_delivery_delivery_mcts_orig_novh_c.1_s2082152039_K0_P4DELIVERYS2P_src20669733_e0075.txt
,preserve4-delivery-off-2082152039-stage2-a30-policy-e0080,delivery,stage2,off,2082152039,pw_kmin3,,,,20720449,20669733,80,preserve4_stage2_policy_curve,COMPLETED,00:03:43,20.0,20,/home/hersco/training_new_domains/2026-08-30/preserve4_delivery_stage2_policy_eval/20720449_Ev_delivery_delivery_mcts_orig_novh_c.1_s2082152039_K0_P4DELIVERYS2P_src20669733_e0080.txt
,preserve4-delivery-off-2082152039-stage2-a30-policy-e0085,delivery,stage2,off,2082152039,pw_kmin3,,,,20720450,20669733,85,preserve4_stage2_policy_curve,COMPLETED,00:05:00,20.0,20,/home/hersco/training_new_domains/2026-08-30/preserve4_delivery_stage2_policy_eval/20720450_Ev_delivery_delivery_mcts_orig_novh_c.1_s2082152039_K0_P4DELIVERYS2P_src20669733_e0085.txt
,preserve4-delivery-off-2082152039-stage2-a30-policy-e0090,delivery,stage2,off,2082152039,pw_kmin3,,,,20720451,20669733,90,preserve4_stage2_policy_curve,COMPLETED,00:04:38,20.0,20,/home/hersco/training_new_domains/2026-08-30/preserve4_delivery_stage2_policy_eval/20720451_Ev_delivery_delivery_mcts_orig_novh_c.1_s2082152039_K0_P4DELIVERYS2P_src20669733_e0090.txt
,preserve4-delivery-off-2082152039-stage2-a30-policy-e0095,delivery,stage2,off,2082152039,pw_kmin3,,,,20720452,20669733,95,preserve4_stage2_policy_curve,COMPLETED,00:03:45,20.0,20,/home/hersco/training_new_domains/2026-08-30/preserve4_delivery_stage2_policy_eval/20720452_Ev_delivery_delivery_mcts_orig_novh_c.1_s2082152039_K0_P4DELIVERYS2P_src20669733_e0095.txt
,preserve4-delivery-off-2082152039-stage2-a30-policy-e0099,delivery,stage2,off,2082152039,pw_kmin3,,,,20720453,20669733,99,preserve4_stage2_policy_curve;stage2_final_policy,COMPLETED,00:03:38,20.0,20,/home/hersco/training_new_domains/2026-08-30/preserve4_delivery_stage2_policy_eval/20720453_Ev_delivery_delivery_mcts_orig_novh_c.1_s2082152039_K0_P4DELIVERYS2P_src20669733_e0099.txt
,preserve4-delivery-on-1073581256-stage2-a30-policy-e0000,delivery,stage2,on,1073581256,pw_kmin3,,,,20720454,20669736,0,preserve4_stage2_policy_curve;stage2_validation_selected_policy,COMPLETED,00:03:44,20.0,20,/home/hersco/training_new_domains/2026-08-30/preserve4_delivery_stage2_policy_eval/20720454_Ev_delivery_delivery_mcts_orig_vh_c.1_s1073581256_K0_P4DELIVERYS2P_src20669736_e0000.txt
,preserve4-delivery-on-1073581256-stage2-a30-policy-e0005,delivery,stage2,on,1073581256,pw_kmin3,,,,20720455,20669736,5,preserve4_stage2_policy_curve,COMPLETED,00:04:50,20.0,20,/home/hersco/training_new_domains/2026-08-30/preserve4_delivery_stage2_policy_eval/20720455_Ev_delivery_delivery_mcts_orig_vh_c.1_s1073581256_K0_P4DELIVERYS2P_src20669736_e0005.txt
,preserve4-delivery-on-1073581256-stage2-a30-policy-e0010,delivery,stage2,on,1073581256,pw_kmin3,,,,20720456,20669736,10,preserve4_stage2_policy_curve,COMPLETED,00:04:19,20.0,20,/home/hersco/training_new_domains/2026-08-30/preserve4_delivery_stage2_policy_eval/20720456_Ev_delivery_delivery_mcts_orig_vh_c.1_s1073581256_K0_P4DELIVERYS2P_src20669736_e0010.txt
,preserve4-delivery-on-1073581256-stage2-a30-policy-e0015,delivery,stage2,on,1073581256,pw_kmin3,,,,20720457,20669736,15,preserve4_stage2_policy_curve,COMPLETED,00:04:19,20.0,20,/home/hersco/training_new_domains/2026-08-30/preserve4_delivery_stage2_policy_eval/20720457_Ev_delivery_delivery_mcts_orig_vh_c.1_s1073581256_K0_P4DELIVERYS2P_src20669736_e0015.txt
,preserve4-delivery-on-1073581256-stage2-a30-policy-e0020,delivery,stage2,on,1073581256,pw_kmin3,,,,20720458,20669736,20,preserve4_stage2_policy_curve,COMPLETED,00:06:21,20.0,20,/home/hersco/training_new_domains/2026-08-30/preserve4_delivery_stage2_policy_eval/20720458_Ev_delivery_delivery_mcts_orig_vh_c.1_s1073581256_K0_P4DELIVERYS2P_src20669736_e0020.txt
,preserve4-delivery-on-1073581256-stage2-a30-policy-e0025,delivery,stage2,on,1073581256,pw_kmin3,,,,20720459,20669736,25,preserve4_stage2_policy_curve,COMPLETED,00:05:38,20.0,20,/home/hersco/training_new_domains/2026-08-30/preserve4_delivery_stage2_policy_eval/20720459_Ev_delivery_delivery_mcts_orig_vh_c.1_s1073581256_K0_P4DELIVERYS2P_src20669736_e0025.txt
,preserve4-delivery-on-1073581256-stage2-a30-policy-e0030,delivery,stage2,on,1073581256,pw_kmin3,,,,20720460,20669736,30,preserve4_stage2_policy_curve,COMPLETED,00:05:19,20.0,20,/home/hersco/training_new_domains/2026-08-30/preserve4_delivery_stage2_policy_eval/20720460_Ev_delivery_delivery_mcts_orig_vh_c.1_s1073581256_K0_P4DELIVERYS2P_src20669736_e0030.txt
,preserve4-delivery-on-1073581256-stage2-a30-policy-e0035,delivery,stage2,on,1073581256,pw_kmin3,,,,20720461,20669736,35,preserve4_stage2_policy_curve,COMPLETED,00:07:06,20.0,20,/home/hersco/training_new_domains/2026-08-30/preserve4_delivery_stage2_policy_eval/20720461_Ev_delivery_delivery_mcts_orig_vh_c.1_s1073581256_K0_P4DELIVERYS2P_src20669736_e0035.txt
,preserve4-delivery-on-1073581256-stage2-a30-policy-e0040,delivery,stage2,on,1073581256,pw_kmin3,,,,20720462,20669736,40,preserve4_stage2_policy_curve,COMPLETED,00:05:33,20.0,20,/home/hersco/training_new_domains/2026-08-30/preserve4_delivery_stage2_policy_eval/20720462_Ev_delivery_delivery_mcts_orig_vh_c.1_s1073581256_K0_P4DELIVERYS2P_src20669736_e0040.txt
,preserve4-delivery-on-1073581256-stage2-a30-policy-e0045,delivery,stage2,on,1073581256,pw_kmin3,,,,20720463,20669736,45,preserve4_stage2_policy_curve,COMPLETED,00:04:53,20.0,20,/home/hersco/training_new_domains/2026-08-30/preserve4_delivery_stage2_policy_eval/20720463_Ev_delivery_delivery_mcts_orig_vh_c.1_s1073581256_K0_P4DELIVERYS2P_src20669736_e0045.txt
,preserve4-delivery-on-1073581256-stage2-a30-policy-e0050,delivery,stage2,on,1073581256,pw_kmin3,,,,20720464,20669736,50,preserve4_stage2_policy_curve,COMPLETED,00:06:45,20.0,20,/home/hersco/training_new_domains/2026-08-30/preserve4_delivery_stage2_policy_eval/20720464_Ev_delivery_delivery_mcts_orig_vh_c.1_s1073581256_K0_P4DELIVERYS2P_src20669736_e0050.txt
,preserve4-delivery-on-1073581256-stage2-a30-policy-e0055,delivery,stage2,on,1073581256,pw_kmin3,,,,20720465,20669736,55,preserve4_stage2_policy_curve,COMPLETED,00:05:09,20.0,20,/home/hersco/training_new_domains/2026-08-30/preserve4_delivery_stage2_policy_eval/20720465_Ev_delivery_delivery_mcts_orig_vh_c.1_s1073581256_K0_P4DELIVERYS2P_src20669736_e0055.txt
,preserve4-delivery-on-1073581256-stage2-a30-policy-e0060,delivery,stage2,on,1073581256,pw_kmin3,,,,20720466,20669736,60,preserve4_stage2_policy_curve,COMPLETED,00:05:52,20.0,20,/home/hersco/training_new_domains/2026-08-30/preserve4_delivery_stage2_policy_eval/20720466_Ev_delivery_delivery_mcts_orig_vh_c.1_s1073581256_K0_P4DELIVERYS2P_src20669736_e0060.txt
,preserve4-delivery-on-1073581256-stage2-a30-policy-e0065,delivery,stage2,on,1073581256,pw_kmin3,,,,20720467,20669736,65,preserve4_stage2_policy_curve,COMPLETED,00:04:11,20.0,20,/home/hersco/training_new_domains/2026-08-30/preserve4_delivery_stage2_policy_eval/20720467_Ev_delivery_delivery_mcts_orig_vh_c.1_s1073581256_K0_P4DELIVERYS2P_src20669736_e0065.txt
,preserve4-delivery-on-1073581256-stage2-a30-policy-e0070,delivery,stage2,on,1073581256,pw_kmin3,,,,20720468,20669736,70,preserve4_stage2_policy_curve,COMPLETED,00:04:22,20.0,20,/home/hersco/training_new_domains/2026-08-30/preserve4_delivery_stage2_policy_eval/20720468_Ev_delivery_delivery_mcts_orig_vh_c.1_s1073581256_K0_P4DELIVERYS2P_src20669736_e0070.txt
,preserve4-delivery-on-1073581256-stage2-a30-policy-e0075,delivery,stage2,on,1073581256,pw_kmin3,,,,20720469,20669736,75,preserve4_stage2_policy_curve,COMPLETED,00:05:18,20.0,20,/home/hersco/training_new_domains/2026-08-30/preserve4_delivery_stage2_policy_eval/20720469_Ev_delivery_delivery_mcts_orig_vh_c.1_s1073581256_K0_P4DELIVERYS2P_src20669736_e0075.txt
,preserve4-delivery-on-1073581256-stage2-a30-policy-e0080,delivery,stage2,on,1073581256,pw_kmin3,,,,20720470,20669736,80,preserve4_stage2_policy_curve,COMPLETED,00:03:43,20.0,20,/home/hersco/training_new_domains/2026-08-30/preserve4_delivery_stage2_policy_eval/20720470_Ev_delivery_delivery_mcts_orig_vh_c.1_s1073581256_K0_P4DELIVERYS2P_src20669736_e0080.txt
,preserve4-delivery-on-1073581256-stage2-a30-policy-e0085,delivery,stage2,on,1073581256,pw_kmin3,,,,20720471,20669736,85,preserve4_stage2_policy_curve,COMPLETED,00:06:03,20.0,20,/home/hersco/training_new_domains/2026-08-30/preserve4_delivery_stage2_policy_eval/20720471_Ev_delivery_delivery_mcts_orig_vh_c.1_s1073581256_K0_P4DELIVERYS2P_src20669736_e0085.txt
,preserve4-delivery-on-1073581256-stage2-a30-policy-e0090,delivery,stage2,on,1073581256,pw_kmin3,,,,20720472,20669736,90,preserve4_stage2_policy_curve,COMPLETED,00:04:50,20.0,20,/home/hersco/training_new_domains/2026-08-30/preserve4_delivery_stage2_policy_eval/20720472_Ev_delivery_delivery_mcts_orig_vh_c.1_s1073581256_K0_P4DELIVERYS2P_src20669736_e0090.txt
,preserve4-delivery-on-1073581256-stage2-a30-policy-e0095,delivery,stage2,on,1073581256,pw_kmin3,,,,20720473,20669736,95,preserve4_stage2_policy_curve,COMPLETED,00:04:39,20.0,20,/home/hersco/training_new_domains/2026-08-30/preserve4_delivery_stage2_policy_eval/20720473_Ev_delivery_delivery_mcts_orig_vh_c.1_s1073581256_K0_P4DELIVERYS2P_src20669736_e0095.txt
,preserve4-delivery-on-1073581256-stage2-a30-policy-e0099,delivery,stage2,on,1073581256,pw_kmin3,,,,20720474,20669736,99,preserve4_stage2_policy_curve;stage2_final_policy,COMPLETED,00:06:04,20.0,20,/home/hersco/training_new_domains/2026-08-30/preserve4_delivery_stage2_policy_eval/20720474_Ev_delivery_delivery_mcts_orig_vh_c.1_s1073581256_K0_P4DELIVERYS2P_src20669736_e0099.txt
,preserve4-delivery-off-534933607-stage2-a30-policy-e0031,delivery,stage2,off,534933607,pw_kmin3,,,,20720628,20669726,31,preserve4_stage2_policy_curve;stage2_validation_selected_policy,COMPLETED,00:10:11,18.0,20,/home/hersco/training_new_domains/2026-08-30/preserve4_delivery_stage2_policy_eval/20720628_Ev_delivery_delivery_mcts_orig_novh_c.1_s534933607_K0_P4DELIVERYS2P_src20669726_e0031.txt
,preserve4-delivery-off-1239739722-stage2-a30-policy-e0007,delivery,stage2,off,1239739722,pw_kmin3,,,,20720630,20669729,7,preserve4_stage2_policy_curve;stage2_validation_selected_policy,COMPLETED,00:05:07,20.0,20,/home/hersco/training_new_domains/2026-08-30/preserve4_delivery_stage2_policy_eval/20720630_Ev_delivery_delivery_mcts_orig_novh_c.1_s1239739722_K0_P4DELIVERYS2P_src20669729_e0007.txt
,preserve4-delivery-off-1510771779-stage2-a30-policy-e0004,delivery,stage2,off,1510771779,pw_kmin3,,,,20720632,20669731,4,preserve4_stage2_policy_curve;stage2_validation_selected_policy,COMPLETED,00:05:30,20.0,20,/home/hersco/training_new_domains/2026-08-30/preserve4_delivery_stage2_policy_eval/20720632_Ev_delivery_delivery_mcts_orig_novh_c.1_s1510771779_K0_P4DELIVERYS2P_src20669731_e0004.txt
,preserve4-delivery-off-1972442430-stage2-a30-policy-e0003,delivery,stage2,off,1972442430,pw_kmin3,,,,20720634,20669732,3,preserve4_stage2_policy_curve;stage2_validation_selected_policy,COMPLETED,00:06:53,20.0,20,/home/hersco/training_new_domains/2026-08-30/preserve4_delivery_stage2_policy_eval/20720634_Ev_delivery_delivery_mcts_orig_novh_c.1_s1972442430_K0_P4DELIVERYS2P_src20669732_e0003.txt
,preserve4-delivery-on-923500475-stage2-a30-policy-e0001,delivery,stage2,on,923500475,pw_kmin3,,,,20720636,20669735,1,preserve4_stage2_policy_curve;stage2_validation_selected_policy,COMPLETED,00:06:10,20.0,20,/home/hersco/training_new_domains/2026-08-30/preserve4_delivery_stage2_policy_eval/20720636_Ev_delivery_delivery_mcts_orig_vh_c.1_s923500475_K0_P4DELIVERYS2P_src20669735_e0001.txt
,preserve4-delivery-on-1472491096-stage2-a30-policy-e0001,delivery,stage2,on,1472491096,pw_kmin3,,,,20720638,20669738,1,preserve4_stage2_policy_curve;stage2_validation_selected_policy,COMPLETED,00:09:22,19.0,20,/home/hersco/training_new_domains/2026-08-30/preserve4_delivery_stage2_policy_eval/20720638_Ev_delivery_delivery_mcts_orig_vh_c.1_s1472491096_K0_P4DELIVERYS2P_src20669738_e0001.txt
,preserve4-delivery-off-1073581256-stage2-a30-policy-e0000,delivery,stage2,off,1073581256,pw_kmin3,,,,20721121,20669728,0,preserve4_stage2_policy_curve,COMPLETED,00:35:33,10.0,20,/home/hersco/training_new_domains/2026-08-30/preserve4_delivery_stage2_policy_eval/20721121_Ev_delivery_delivery_mcts_orig_novh_c.1_s1073581256_K0_P4DELIVERYS2P_src20669728_e0000.txt
,preserve4-delivery-off-1073581256-stage2-a30-policy-e0001,delivery,stage2,off,1073581256,pw_kmin3,,,,20721122,20669728,1,preserve4_stage2_policy_curve;stage2_validation_selected_policy,COMPLETED,00:04:26,20.0,20,/home/hersco/training_new_domains/2026-08-30/preserve4_delivery_stage2_policy_eval/20721122_Ev_delivery_delivery_mcts_orig_novh_c.1_s1073581256_K0_P4DELIVERYS2P_src20669728_e0001.txt
,preserve4-delivery-off-1073581256-stage2-a30-policy-e0005,delivery,stage2,off,1073581256,pw_kmin3,,,,20721123,20669728,5,preserve4_stage2_policy_curve,COMPLETED,00:06:22,20.0,20,/home/hersco/training_new_domains/2026-08-30/preserve4_delivery_stage2_policy_eval/20721123_Ev_delivery_delivery_mcts_orig_novh_c.1_s1073581256_K0_P4DELIVERYS2P_src20669728_e0005.txt
,preserve4-delivery-off-1073581256-stage2-a30-policy-e0010,delivery,stage2,off,1073581256,pw_kmin3,,,,20721124,20669728,10,preserve4_stage2_policy_curve,COMPLETED,00:05:24,20.0,20,/home/hersco/training_new_domains/2026-08-30/preserve4_delivery_stage2_policy_eval/20721124_Ev_delivery_delivery_mcts_orig_novh_c.1_s1073581256_K0_P4DELIVERYS2P_src20669728_e0010.txt
,preserve4-delivery-off-1073581256-stage2-a30-policy-e0015,delivery,stage2,off,1073581256,pw_kmin3,,,,20721125,20669728,15,preserve4_stage2_policy_curve,COMPLETED,00:06:39,20.0,20,/home/hersco/training_new_domains/2026-08-30/preserve4_delivery_stage2_policy_eval/20721125_Ev_delivery_delivery_mcts_orig_novh_c.1_s1073581256_K0_P4DELIVERYS2P_src20669728_e0015.txt
,preserve4-delivery-off-1073581256-stage2-a30-policy-e0020,delivery,stage2,off,1073581256,pw_kmin3,,,,20721126,20669728,20,preserve4_stage2_policy_curve,COMPLETED,00:04:03,20.0,20,/home/hersco/training_new_domains/2026-08-30/preserve4_delivery_stage2_policy_eval/20721126_Ev_delivery_delivery_mcts_orig_novh_c.1_s1073581256_K0_P4DELIVERYS2P_src20669728_e0020.txt
,preserve4-delivery-off-1073581256-stage2-a30-policy-e0025,delivery,stage2,off,1073581256,pw_kmin3,,,,20721127,20669728,25,preserve4_stage2_policy_curve,COMPLETED,00:04:07,20.0,20,/home/hersco/training_new_domains/2026-08-30/preserve4_delivery_stage2_policy_eval/20721127_Ev_delivery_delivery_mcts_orig_novh_c.1_s1073581256_K0_P4DELIVERYS2P_src20669728_e0025.txt
,preserve4-delivery-off-1073581256-stage2-a30-policy-e0030,delivery,stage2,off,1073581256,pw_kmin3,,,,20721128,20669728,30,preserve4_stage2_policy_curve,COMPLETED,00:04:51,20.0,20,/home/hersco/training_new_domains/2026-08-30/preserve4_delivery_stage2_policy_eval/20721128_Ev_delivery_delivery_mcts_orig_novh_c.1_s1073581256_K0_P4DELIVERYS2P_src20669728_e0030.txt
,preserve4-delivery-off-1073581256-stage2-a30-policy-e0035,delivery,stage2,off,1073581256,pw_kmin3,,,,20721129,20669728,35,preserve4_stage2_policy_curve,COMPLETED,00:07:20,20.0,20,/home/hersco/training_new_domains/2026-08-30/preserve4_delivery_stage2_policy_eval/20721129_Ev_delivery_delivery_mcts_orig_novh_c.1_s1073581256_K0_P4DELIVERYS2P_src20669728_e0035.txt
,preserve4-delivery-off-1073581256-stage2-a30-policy-e0040,delivery,stage2,off,1073581256,pw_kmin3,,,,20721130,20669728,40,preserve4_stage2_policy_curve,COMPLETED,00:11:12,19.0,20,/home/hersco/training_new_domains/2026-08-30/preserve4_delivery_stage2_policy_eval/20721130_Ev_delivery_delivery_mcts_orig_novh_c.1_s1073581256_K0_P4DELIVERYS2P_src20669728_e0040.txt
,preserve4-delivery-off-1073581256-stage2-a30-policy-e0045,delivery,stage2,off,1073581256,pw_kmin3,,,,20721131,20669728,45,preserve4_stage2_policy_curve,COMPLETED,00:05:00,20.0,20,/home/hersco/training_new_domains/2026-08-30/preserve4_delivery_stage2_policy_eval/20721131_Ev_delivery_delivery_mcts_orig_novh_c.1_s1073581256_K0_P4DELIVERYS2P_src20669728_e0045.txt
,preserve4-delivery-off-1073581256-stage2-a30-policy-e0050,delivery,stage2,off,1073581256,pw_kmin3,,,,20721132,20669728,50,preserve4_stage2_policy_curve,COMPLETED,00:18:11,19.0,20,/home/hersco/training_new_domains/2026-08-30/preserve4_delivery_stage2_policy_eval/20721132_Ev_delivery_delivery_mcts_orig_novh_c.1_s1073581256_K0_P4DELIVERYS2P_src20669728_e0050.txt
,preserve4-delivery-off-1073581256-stage2-a30-policy-e0055,delivery,stage2,off,1073581256,pw_kmin3,,,,20721133,20669728,55,preserve4_stage2_policy_curve,COMPLETED,00:10:41,19.0,20,/home/hersco/training_new_domains/2026-08-30/preserve4_delivery_stage2_policy_eval/20721133_Ev_delivery_delivery_mcts_orig_novh_c.1_s1073581256_K0_P4DELIVERYS2P_src20669728_e0055.txt
,preserve4-delivery-off-1073581256-stage2-a30-policy-e0060,delivery,stage2,off,1073581256,pw_kmin3,,,,20721134,20669728,60,preserve4_stage2_policy_curve,COMPLETED,00:03:50,20.0,20,/home/hersco/training_new_domains/2026-08-30/preserve4_delivery_stage2_policy_eval/20721134_Ev_delivery_delivery_mcts_orig_novh_c.1_s1073581256_K0_P4DELIVERYS2P_src20669728_e0060.txt
,preserve4-delivery-off-1073581256-stage2-a30-policy-e0065,delivery,stage2,off,1073581256,pw_kmin3,,,,20721135,20669728,65,preserve4_stage2_policy_curve,COMPLETED,00:15:47,18.0,20,/home/hersco/training_new_domains/2026-08-30/preserve4_delivery_stage2_policy_eval/20721135_Ev_delivery_delivery_mcts_orig_novh_c.1_s1073581256_K0_P4DELIVERYS2P_src20669728_e0065.txt
,preserve4-delivery-off-1073581256-stage2-a30-policy-e0070,delivery,stage2,off,1073581256,pw_kmin3,,,,20721136,20669728,70,preserve4_stage2_policy_curve,COMPLETED,00:05:57,20.0,20,/home/hersco/training_new_domains/2026-08-30/preserve4_delivery_stage2_policy_eval/20721136_Ev_delivery_delivery_mcts_orig_novh_c.1_s1073581256_K0_P4DELIVERYS2P_src20669728_e0070.txt
,preserve4-delivery-off-1073581256-stage2-a30-policy-e0075,delivery,stage2,off,1073581256,pw_kmin3,,,,20721137,20669728,75,preserve4_stage2_policy_curve,COMPLETED,00:17:01,19.0,20,/home/hersco/training_new_domains/2026-08-30/preserve4_delivery_stage2_policy_eval/20721137_Ev_delivery_delivery_mcts_orig_novh_c.1_s1073581256_K0_P4DELIVERYS2P_src20669728_e0075.txt
,preserve4-delivery-off-1073581256-stage2-a30-policy-e0080,delivery,stage2,off,1073581256,pw_kmin3,,,,20721138,20669728,80,preserve4_stage2_policy_curve,COMPLETED,00:16:31,17.0,20,/home/hersco/training_new_domains/2026-08-30/preserve4_delivery_stage2_policy_eval/20721138_Ev_delivery_delivery_mcts_orig_novh_c.1_s1073581256_K0_P4DELIVERYS2P_src20669728_e0080.txt
,preserve4-delivery-off-1073581256-stage2-a30-policy-e0085,delivery,stage2,off,1073581256,pw_kmin3,,,,20721142,20669728,85,preserve4_stage2_policy_curve,COMPLETED,00:18:13,19.0,20,/home/hersco/training_new_domains/2026-08-30/preserve4_delivery_stage2_policy_eval/20721142_Ev_delivery_delivery_mcts_orig_novh_c.1_s1073581256_K0_P4DELIVERYS2P_src20669728_e0085.txt
,preserve4-delivery-off-1073581256-stage2-a30-policy-e0090,delivery,stage2,off,1073581256,pw_kmin3,,,,20721143,20669728,90,preserve4_stage2_policy_curve,COMPLETED,00:13:39,18.0,20,/home/hersco/training_new_domains/2026-08-30/preserve4_delivery_stage2_policy_eval/20721143_Ev_delivery_delivery_mcts_orig_novh_c.1_s1073581256_K0_P4DELIVERYS2P_src20669728_e0090.txt
,preserve4-delivery-off-1073581256-stage2-a30-policy-e0095,delivery,stage2,off,1073581256,pw_kmin3,,,,20721144,20669728,95,preserve4_stage2_policy_curve,COMPLETED,00:14:59,19.0,20,/home/hersco/training_new_domains/2026-08-30/preserve4_delivery_stage2_policy_eval/20721144_Ev_delivery_delivery_mcts_orig_novh_c.1_s1073581256_K0_P4DELIVERYS2P_src20669728_e0095.txt
,preserve4-delivery-off-1073581256-stage2-a30-policy-e0099,delivery,stage2,off,1073581256,pw_kmin3,,,,20721145,20669728,99,preserve4_stage2_policy_curve;stage2_final_policy,COMPLETED,00:13:04,16.0,20,/home/hersco/training_new_domains/2026-08-30/preserve4_delivery_stage2_policy_eval/20721145_Ev_delivery_delivery_mcts_orig_novh_c.1_s1073581256_K0_P4DELIVERYS2P_src20669728_e0099.txt
,preserve4-delivery-on-1510771779-stage2-a30-policy-e0000,delivery,stage2,on,1510771779,pw_kmin3,,,,20725059,20669740,0,preserve4_stage2_policy_curve,COMPLETED,00:12:02,20.0,20,/home/hersco/training_new_domains/2026-08-30/preserve4_delivery_stage2_policy_eval/20725059_Ev_delivery_delivery_mcts_orig_vh_c.1_s1510771779_K0_P4DELIVERYS2P_src20669740_e0000.txt
,preserve4-delivery-on-1510771779-stage2-a30-policy-e0005,delivery,stage2,on,1510771779,pw_kmin3,,,,20725060,20669740,5,preserve4_stage2_policy_curve,COMPLETED,00:05:23,20.0,20,/home/hersco/training_new_domains/2026-08-30/preserve4_delivery_stage2_policy_eval/20725060_Ev_delivery_delivery_mcts_orig_vh_c.1_s1510771779_K0_P4DELIVERYS2P_src20669740_e0005.txt
,preserve4-delivery-on-1510771779-stage2-a30-policy-e0010,delivery,stage2,on,1510771779,pw_kmin3,,,,20725061,20669740,10,preserve4_stage2_policy_curve,COMPLETED,00:05:26,20.0,20,/home/hersco/training_new_domains/2026-08-30/preserve4_delivery_stage2_policy_eval/20725061_Ev_delivery_delivery_mcts_orig_vh_c.1_s1510771779_K0_P4DELIVERYS2P_src20669740_e0010.txt
,preserve4-delivery-on-1510771779-stage2-a30-policy-e0012,delivery,stage2,on,1510771779,pw_kmin3,,,,20725062,20669740,12,preserve4_stage2_policy_curve;stage2_validation_selected_policy,COMPLETED,00:04:51,20.0,20,/home/hersco/training_new_domains/2026-08-30/preserve4_delivery_stage2_policy_eval/20725062_Ev_delivery_delivery_mcts_orig_vh_c.1_s1510771779_K0_P4DELIVERYS2P_src20669740_e0012.txt
,preserve4-delivery-on-1510771779-stage2-a30-policy-e0015,delivery,stage2,on,1510771779,pw_kmin3,,,,20725063,20669740,15,preserve4_stage2_policy_curve,COMPLETED,00:05:04,20.0,20,/home/hersco/training_new_domains/2026-08-30/preserve4_delivery_stage2_policy_eval/20725063_Ev_delivery_delivery_mcts_orig_vh_c.1_s1510771779_K0_P4DELIVERYS2P_src20669740_e0015.txt
,preserve4-delivery-on-1510771779-stage2-a30-policy-e0020,delivery,stage2,on,1510771779,pw_kmin3,,,,20725064,20669740,20,preserve4_stage2_policy_curve,COMPLETED,00:04:56,20.0,20,/home/hersco/training_new_domains/2026-08-30/preserve4_delivery_stage2_policy_eval/20725064_Ev_delivery_delivery_mcts_orig_vh_c.1_s1510771779_K0_P4DELIVERYS2P_src20669740_e0020.txt
,preserve4-delivery-on-1510771779-stage2-a30-policy-e0025,delivery,stage2,on,1510771779,pw_kmin3,,,,20725065,20669740,25,preserve4_stage2_policy_curve,COMPLETED,00:04:56,20.0,20,/home/hersco/training_new_domains/2026-08-30/preserve4_delivery_stage2_policy_eval/20725065_Ev_delivery_delivery_mcts_orig_vh_c.1_s1510771779_K0_P4DELIVERYS2P_src20669740_e0025.txt
,preserve4-delivery-on-1510771779-stage2-a30-policy-e0030,delivery,stage2,on,1510771779,pw_kmin3,,,,20725066,20669740,30,preserve4_stage2_policy_curve,COMPLETED,00:04:51,20.0,20,/home/hersco/training_new_domains/2026-08-30/preserve4_delivery_stage2_policy_eval/20725066_Ev_delivery_delivery_mcts_orig_vh_c.1_s1510771779_K0_P4DELIVERYS2P_src20669740_e0030.txt
,preserve4-delivery-on-1510771779-stage2-a30-policy-e0035,delivery,stage2,on,1510771779,pw_kmin3,,,,20725067,20669740,35,preserve4_stage2_policy_curve,COMPLETED,00:04:36,20.0,20,/home/hersco/training_new_domains/2026-08-30/preserve4_delivery_stage2_policy_eval/20725067_Ev_delivery_delivery_mcts_orig_vh_c.1_s1510771779_K0_P4DELIVERYS2P_src20669740_e0035.txt
,preserve4-delivery-on-1510771779-stage2-a30-policy-e0040,delivery,stage2,on,1510771779,pw_kmin3,,,,20725068,20669740,40,preserve4_stage2_policy_curve,COMPLETED,00:04:32,20.0,20,/home/hersco/training_new_domains/2026-08-30/preserve4_delivery_stage2_policy_eval/20725068_Ev_delivery_delivery_mcts_orig_vh_c.1_s1510771779_K0_P4DELIVERYS2P_src20669740_e0040.txt
,preserve4-delivery-on-1510771779-stage2-a30-policy-e0045,delivery,stage2,on,1510771779,pw_kmin3,,,,20725069,20669740,45,preserve4_stage2_policy_curve,COMPLETED,00:04:36,20.0,20,/home/hersco/training_new_domains/2026-08-30/preserve4_delivery_stage2_policy_eval/20725069_Ev_delivery_delivery_mcts_orig_vh_c.1_s1510771779_K0_P4DELIVERYS2P_src20669740_e0045.txt
,preserve4-delivery-on-1510771779-stage2-a30-policy-e0050,delivery,stage2,on,1510771779,pw_kmin3,,,,20725070,20669740,50,preserve4_stage2_policy_curve,COMPLETED,00:04:32,20.0,20,/home/hersco/training_new_domains/2026-08-30/preserve4_delivery_stage2_policy_eval/20725070_Ev_delivery_delivery_mcts_orig_vh_c.1_s1510771779_K0_P4DELIVERYS2P_src20669740_e0050.txt
,preserve4-delivery-on-1510771779-stage2-a30-policy-e0055,delivery,stage2,on,1510771779,pw_kmin3,,,,20725071,20669740,55,preserve4_stage2_policy_curve,COMPLETED,00:04:43,20.0,20,/home/hersco/training_new_domains/2026-08-30/preserve4_delivery_stage2_policy_eval/20725071_Ev_delivery_delivery_mcts_orig_vh_c.1_s1510771779_K0_P4DELIVERYS2P_src20669740_e0055.txt
,preserve4-delivery-on-1510771779-stage2-a30-policy-e0060,delivery,stage2,on,1510771779,pw_kmin3,,,,20725072,20669740,60,preserve4_stage2_policy_curve,COMPLETED,00:04:29,20.0,20,/home/hersco/training_new_domains/2026-08-30/preserve4_delivery_stage2_policy_eval/20725072_Ev_delivery_delivery_mcts_orig_vh_c.1_s1510771779_K0_P4DELIVERYS2P_src20669740_e0060.txt
,preserve4-delivery-on-1510771779-stage2-a30-policy-e0065,delivery,stage2,on,1510771779,pw_kmin3,,,,20725073,20669740,65,preserve4_stage2_policy_curve,COMPLETED,00:03:36,20.0,20,/home/hersco/training_new_domains/2026-08-30/preserve4_delivery_stage2_policy_eval/20725073_Ev_delivery_delivery_mcts_orig_vh_c.1_s1510771779_K0_P4DELIVERYS2P_src20669740_e0065.txt
,preserve4-delivery-on-1510771779-stage2-a30-policy-e0070,delivery,stage2,on,1510771779,pw_kmin3,,,,20725074,20669740,70,preserve4_stage2_policy_curve,COMPLETED,00:04:06,20.0,20,/home/hersco/training_new_domains/2026-08-30/preserve4_delivery_stage2_policy_eval/20725074_Ev_delivery_delivery_mcts_orig_vh_c.1_s1510771779_K0_P4DELIVERYS2P_src20669740_e0070.txt
,preserve4-delivery-on-1510771779-stage2-a30-policy-e0075,delivery,stage2,on,1510771779,pw_kmin3,,,,20725075,20669740,75,preserve4_stage2_policy_curve,COMPLETED,00:04:03,20.0,20,/home/hersco/training_new_domains/2026-08-30/preserve4_delivery_stage2_policy_eval/20725075_Ev_delivery_delivery_mcts_orig_vh_c.1_s1510771779_K0_P4DELIVERYS2P_src20669740_e0075.txt
,preserve4-delivery-on-1510771779-stage2-a30-policy-e0080,delivery,stage2,on,1510771779,pw_kmin3,,,,20725076,20669740,80,preserve4_stage2_policy_curve,COMPLETED,00:04:22,20.0,20,/home/hersco/training_new_domains/2026-08-30/preserve4_delivery_stage2_policy_eval/20725076_Ev_delivery_delivery_mcts_orig_vh_c.1_s1510771779_K0_P4DELIVERYS2P_src20669740_e0080.txt
,preserve4-delivery-on-1510771779-stage2-a30-policy-e0085,delivery,stage2,on,1510771779,pw_kmin3,,,,20725077,20669740,85,preserve4_stage2_policy_curve,COMPLETED,00:03:59,20.0,20,/home/hersco/training_new_domains/2026-08-30/preserve4_delivery_stage2_policy_eval/20725077_Ev_delivery_delivery_mcts_orig_vh_c.1_s1510771779_K0_P4DELIVERYS2P_src20669740_e0085.txt
,preserve4-delivery-on-1510771779-stage2-a30-policy-e0090,delivery,stage2,on,1510771779,pw_kmin3,,,,20725078,20669740,90,preserve4_stage2_policy_curve,COMPLETED,00:03:22,20.0,20,/home/hersco/training_new_domains/2026-08-30/preserve4_delivery_stage2_policy_eval/20725078_Ev_delivery_delivery_mcts_orig_vh_c.1_s1510771779_K0_P4DELIVERYS2P_src20669740_e0090.txt
,preserve4-delivery-on-1510771779-stage2-a30-policy-e0095,delivery,stage2,on,1510771779,pw_kmin3,,,,20725079,20669740,95,preserve4_stage2_policy_curve,COMPLETED,00:03:28,20.0,20,/home/hersco/training_new_domains/2026-08-30/preserve4_delivery_stage2_policy_eval/20725079_Ev_delivery_delivery_mcts_orig_vh_c.1_s1510771779_K0_P4DELIVERYS2P_src20669740_e0095.txt
,preserve4-delivery-on-1510771779-stage2-a30-policy-e0099,delivery,stage2,on,1510771779,pw_kmin3,,,,20725080,20669740,99,preserve4_stage2_policy_curve;stage2_final_policy,COMPLETED,00:03:31,20.0,20,/home/hersco/training_new_domains/2026-08-30/preserve4_delivery_stage2_policy_eval/20725080_Ev_delivery_delivery_mcts_orig_vh_c.1_s1510771779_K0_P4DELIVERYS2P_src20669740_e0099.txt
,preserve4-delivery-off-1472491096-stage2-a30-policy-e0000,delivery,stage2,off,1472491096,pw_kmin3,,,,20740587,20669730,0,preserve4_stage2_policy_curve,COMPLETED,00:11:55,19.0,20,/home/hersco/training_new_domains/2026-08-30/preserve4_delivery_stage2_policy_eval/20740587_Ev_delivery_delivery_mcts_orig_novh_c.1_s1472491096_K0_P4DELIVERYS2P_src20669730_e0000.txt
,preserve4-delivery-off-1472491096-stage2-a30-policy-e0002,delivery,stage2,off,1472491096,pw_kmin3,,,,20740589,20669730,2,preserve4_stage2_policy_curve;stage2_validation_selected_policy,COMPLETED,00:03:58,20.0,20,/home/hersco/training_new_domains/2026-08-30/preserve4_delivery_stage2_policy_eval/20740589_Ev_delivery_delivery_mcts_orig_novh_c.1_s1472491096_K0_P4DELIVERYS2P_src20669730_e0002.txt
,preserve4-delivery-off-1472491096-stage2-a30-policy-e0005,delivery,stage2,off,1472491096,pw_kmin3,,,,20740592,20669730,5,preserve4_stage2_policy_curve,COMPLETED,00:06:09,18.0,20,/home/hersco/training_new_domains/2026-08-30/preserve4_delivery_stage2_policy_eval/20740592_Ev_delivery_delivery_mcts_orig_novh_c.1_s1472491096_K0_P4DELIVERYS2P_src20669730_e0005.txt
,preserve4-delivery-off-1472491096-stage2-a30-policy-e0010,delivery,stage2,off,1472491096,pw_kmin3,,,,20740594,20669730,10,preserve4_stage2_policy_curve,COMPLETED,00:05:32,19.0,20,/home/hersco/training_new_domains/2026-08-30/preserve4_delivery_stage2_policy_eval/20740594_Ev_delivery_delivery_mcts_orig_novh_c.1_s1472491096_K0_P4DELIVERYS2P_src20669730_e0010.txt
,preserve4-delivery-off-1472491096-stage2-a30-policy-e0015,delivery,stage2,off,1472491096,pw_kmin3,,,,20740596,20669730,15,preserve4_stage2_policy_curve,COMPLETED,00:04:07,20.0,20,/home/hersco/training_new_domains/2026-08-30/preserve4_delivery_stage2_policy_eval/20740596_Ev_delivery_delivery_mcts_orig_novh_c.1_s1472491096_K0_P4DELIVERYS2P_src20669730_e0015.txt
,preserve4-delivery-off-1472491096-stage2-a30-policy-e0020,delivery,stage2,off,1472491096,pw_kmin3,,,,20740598,20669730,20,preserve4_stage2_policy_curve,COMPLETED,00:04:18,20.0,20,/home/hersco/training_new_domains/2026-08-30/preserve4_delivery_stage2_policy_eval/20740598_Ev_delivery_delivery_mcts_orig_novh_c.1_s1472491096_K0_P4DELIVERYS2P_src20669730_e0020.txt
,preserve4-delivery-off-1472491096-stage2-a30-policy-e0025,delivery,stage2,off,1472491096,pw_kmin3,,,,20740600,20669730,25,preserve4_stage2_policy_curve,COMPLETED,00:05:37,18.0,20,/home/hersco/training_new_domains/2026-08-30/preserve4_delivery_stage2_policy_eval/20740600_Ev_delivery_delivery_mcts_orig_novh_c.1_s1472491096_K0_P4DELIVERYS2P_src20669730_e0025.txt
,preserve4-delivery-off-1472491096-stage2-a30-policy-e0030,delivery,stage2,off,1472491096,pw_kmin3,,,,20740603,20669730,30,preserve4_stage2_policy_curve,COMPLETED,00:04:49,20.0,20,/home/hersco/training_new_domains/2026-08-30/preserve4_delivery_stage2_policy_eval/20740603_Ev_delivery_delivery_mcts_orig_novh_c.1_s1472491096_K0_P4DELIVERYS2P_src20669730_e0030.txt
,preserve4-delivery-off-1472491096-stage2-a30-policy-e0035,delivery,stage2,off,1472491096,pw_kmin3,,,,20740605,20669730,35,preserve4_stage2_policy_curve,COMPLETED,00:10:30,18.0,20,/home/hersco/training_new_domains/2026-08-30/preserve4_delivery_stage2_policy_eval/20740605_Ev_delivery_delivery_mcts_orig_novh_c.1_s1472491096_K0_P4DELIVERYS2P_src20669730_e0035.txt
,preserve4-delivery-off-1472491096-stage2-a30-policy-e0040,delivery,stage2,off,1472491096,pw_kmin3,,,,20740607,20669730,40,preserve4_stage2_policy_curve,COMPLETED,00:05:48,18.0,20,/home/hersco/training_new_domains/2026-08-30/preserve4_delivery_stage2_policy_eval/20740607_Ev_delivery_delivery_mcts_orig_novh_c.1_s1472491096_K0_P4DELIVERYS2P_src20669730_e0040.txt
,preserve4-delivery-off-1472491096-stage2-a30-policy-e0045,delivery,stage2,off,1472491096,pw_kmin3,,,,20740609,20669730,45,preserve4_stage2_policy_curve,COMPLETED,00:03:52,20.0,20,/home/hersco/training_new_domains/2026-08-30/preserve4_delivery_stage2_policy_eval/20740609_Ev_delivery_delivery_mcts_orig_novh_c.1_s1472491096_K0_P4DELIVERYS2P_src20669730_e0045.txt
,preserve4-delivery-off-1472491096-stage2-a30-policy-e0050,delivery,stage2,off,1472491096,pw_kmin3,,,,20740611,20669730,50,preserve4_stage2_policy_curve,COMPLETED,00:06:29,18.0,20,/home/hersco/training_new_domains/2026-08-30/preserve4_delivery_stage2_policy_eval/20740611_Ev_delivery_delivery_mcts_orig_novh_c.1_s1472491096_K0_P4DELIVERYS2P_src20669730_e0050.txt
,preserve4-delivery-off-1472491096-stage2-a30-policy-e0055,delivery,stage2,off,1472491096,pw_kmin3,,,,20740612,20669730,55,preserve4_stage2_policy_curve,COMPLETED,00:06:01,18.0,20,/home/hersco/training_new_domains/2026-08-30/preserve4_delivery_stage2_policy_eval/20740612_Ev_delivery_delivery_mcts_orig_novh_c.1_s1472491096_K0_P4DELIVERYS2P_src20669730_e0055.txt
,preserve4-delivery-off-1472491096-stage2-a30-policy-e0060,delivery,stage2,off,1472491096,pw_kmin3,,,,20740614,20669730,60,preserve4_stage2_policy_curve,COMPLETED,00:05:50,18.0,20,/home/hersco/training_new_domains/2026-08-30/preserve4_delivery_stage2_policy_eval/20740614_Ev_delivery_delivery_mcts_orig_novh_c.1_s1472491096_K0_P4DELIVERYS2P_src20669730_e0060.txt
,preserve4-delivery-off-1472491096-stage2-a30-policy-e0065,delivery,stage2,off,1472491096,pw_kmin3,,,,20740616,20669730,65,preserve4_stage2_policy_curve,COMPLETED,00:12:11,18.0,20,/home/hersco/training_new_domains/2026-08-30/preserve4_delivery_stage2_policy_eval/20740616_Ev_delivery_delivery_mcts_orig_novh_c.1_s1472491096_K0_P4DELIVERYS2P_src20669730_e0065.txt
,preserve4-delivery-off-1472491096-stage2-a30-policy-e0070,delivery,stage2,off,1472491096,pw_kmin3,,,,20740618,20669730,70,preserve4_stage2_policy_curve,COMPLETED,00:09:57,18.0,20,/home/hersco/training_new_domains/2026-08-30/preserve4_delivery_stage2_policy_eval/20740618_Ev_delivery_delivery_mcts_orig_novh_c.1_s1472491096_K0_P4DELIVERYS2P_src20669730_e0070.txt
,preserve4-delivery-off-1472491096-stage2-a30-policy-e0075,delivery,stage2,off,1472491096,pw_kmin3,,,,20740620,20669730,75,preserve4_stage2_policy_curve,COMPLETED,00:09:05,18.0,20,/home/hersco/training_new_domains/2026-08-30/preserve4_delivery_stage2_policy_eval/20740620_Ev_delivery_delivery_mcts_orig_novh_c.1_s1472491096_K0_P4DELIVERYS2P_src20669730_e0075.txt
,preserve4-delivery-off-1472491096-stage2-a30-policy-e0080,delivery,stage2,off,1472491096,pw_kmin3,,,,20740622,20669730,80,preserve4_stage2_policy_curve,COMPLETED,00:08:45,18.0,20,/home/hersco/training_new_domains/2026-08-30/preserve4_delivery_stage2_policy_eval/20740622_Ev_delivery_delivery_mcts_orig_novh_c.1_s1472491096_K0_P4DELIVERYS2P_src20669730_e0080.txt
,preserve4-delivery-off-1472491096-stage2-a30-policy-e0085,delivery,stage2,off,1472491096,pw_kmin3,,,,20740624,20669730,85,preserve4_stage2_policy_curve,COMPLETED,00:08:51,18.0,20,/home/hersco/training_new_domains/2026-08-30/preserve4_delivery_stage2_policy_eval/20740624_Ev_delivery_delivery_mcts_orig_novh_c.1_s1472491096_K0_P4DELIVERYS2P_src20669730_e0085.txt
,preserve4-delivery-off-1472491096-stage2-a30-policy-e0090,delivery,stage2,off,1472491096,pw_kmin3,,,,20740626,20669730,90,preserve4_stage2_policy_curve,COMPLETED,00:06:35,19.0,20,/home/hersco/training_new_domains/2026-08-30/preserve4_delivery_stage2_policy_eval/20740626_Ev_delivery_delivery_mcts_orig_novh_c.1_s1472491096_K0_P4DELIVERYS2P_src20669730_e0090.txt
,preserve4-delivery-off-1472491096-stage2-a30-policy-e0095,delivery,stage2,off,1472491096,pw_kmin3,,,,20740628,20669730,95,preserve4_stage2_policy_curve,COMPLETED,00:05:55,18.0,20,/home/hersco/training_new_domains/2026-08-30/preserve4_delivery_stage2_policy_eval/20740628_Ev_delivery_delivery_mcts_orig_novh_c.1_s1472491096_K0_P4DELIVERYS2P_src20669730_e0095.txt
,preserve4-delivery-off-1472491096-stage2-a30-policy-e0099,delivery,stage2,off,1472491096,pw_kmin3,,,,20740630,20669730,99,preserve4_stage2_policy_curve;stage2_final_policy,COMPLETED,00:08:49,18.0,20,/home/hersco/training_new_domains/2026-08-30/preserve4_delivery_stage2_policy_eval/20740630_Ev_delivery_delivery_mcts_orig_novh_c.1_s1472491096_K0_P4DELIVERYS2P_src20669730_e0099.txt
,preserve4-delivery-on-1239739722-stage2-a30-policy-e0000,delivery,stage2,on,1239739722,pw_kmin3,,,,20740632,20669737,0,preserve4_stage2_policy_curve,COMPLETED,00:15:48,16.0,20,/home/hersco/training_new_domains/2026-08-30/preserve4_delivery_stage2_policy_eval/20740632_Ev_delivery_delivery_mcts_orig_vh_c.1_s1239739722_K0_P4DELIVERYS2P_src20669737_e0000.txt
,preserve4-delivery-on-1239739722-stage2-a30-policy-e0005,delivery,stage2,on,1239739722,pw_kmin3,,,,20740634,20669737,5,preserve4_stage2_policy_curve,COMPLETED,00:13:00,15.0,20,/home/hersco/training_new_domains/2026-08-30/preserve4_delivery_stage2_policy_eval/20740634_Ev_delivery_delivery_mcts_orig_vh_c.1_s1239739722_K0_P4DELIVERYS2P_src20669737_e0005.txt
,preserve4-delivery-on-1239739722-stage2-a30-policy-e0007,delivery,stage2,on,1239739722,pw_kmin3,,,,20740636,20669737,7,preserve4_stage2_policy_curve;stage2_validation_selected_policy,COMPLETED,00:19:54,17.0,20,/home/hersco/training_new_domains/2026-08-30/preserve4_delivery_stage2_policy_eval/20740636_Ev_delivery_delivery_mcts_orig_vh_c.1_s1239739722_K0_P4DELIVERYS2P_src20669737_e0007.txt
,preserve4-delivery-on-1239739722-stage2-a30-policy-e0010,delivery,stage2,on,1239739722,pw_kmin3,,,,20740638,20669737,10,preserve4_stage2_policy_curve,COMPLETED,00:11:06,17.0,20,/home/hersco/training_new_domains/2026-08-30/preserve4_delivery_stage2_policy_eval/20740638_Ev_delivery_delivery_mcts_orig_vh_c.1_s1239739722_K0_P4DELIVERYS2P_src20669737_e0010.txt
,preserve4-delivery-on-1239739722-stage2-a30-policy-e0015,delivery,stage2,on,1239739722,pw_kmin3,,,,20740640,20669737,15,preserve4_stage2_policy_curve,COMPLETED,00:13:15,17.0,20,/home/hersco/training_new_domains/2026-08-30/preserve4_delivery_stage2_policy_eval/20740640_Ev_delivery_delivery_mcts_orig_vh_c.1_s1239739722_K0_P4DELIVERYS2P_src20669737_e0015.txt
,preserve4-delivery-on-1239739722-stage2-a30-policy-e0020,delivery,stage2,on,1239739722,pw_kmin3,,,,20740642,20669737,20,preserve4_stage2_policy_curve,COMPLETED,00:18:30,15.0,20,/home/hersco/training_new_domains/2026-08-30/preserve4_delivery_stage2_policy_eval/20740642_Ev_delivery_delivery_mcts_orig_vh_c.1_s1239739722_K0_P4DELIVERYS2P_src20669737_e0020.txt
,preserve4-delivery-on-1239739722-stage2-a30-policy-e0025,delivery,stage2,on,1239739722,pw_kmin3,,,,20740644,20669737,25,preserve4_stage2_policy_curve,COMPLETED,00:13:52,13.0,20,/home/hersco/training_new_domains/2026-08-30/preserve4_delivery_stage2_policy_eval/20740644_Ev_delivery_delivery_mcts_orig_vh_c.1_s1239739722_K0_P4DELIVERYS2P_src20669737_e0025.txt
,preserve4-delivery-on-1239739722-stage2-a30-policy-e0030,delivery,stage2,on,1239739722,pw_kmin3,,,,20740646,20669737,30,preserve4_stage2_policy_curve,COMPLETED,00:14:31,13.0,20,/home/hersco/training_new_domains/2026-08-30/preserve4_delivery_stage2_policy_eval/20740646_Ev_delivery_delivery_mcts_orig_vh_c.1_s1239739722_K0_P4DELIVERYS2P_src20669737_e0030.txt
,preserve4-delivery-on-1239739722-stage2-a30-policy-e0035,delivery,stage2,on,1239739722,pw_kmin3,,,,20740648,20669737,35,preserve4_stage2_policy_curve,COMPLETED,00:16:23,13.0,20,/home/hersco/training_new_domains/2026-08-30/preserve4_delivery_stage2_policy_eval/20740648_Ev_delivery_delivery_mcts_orig_vh_c.1_s1239739722_K0_P4DELIVERYS2P_src20669737_e0035.txt
,preserve4-delivery-on-1239739722-stage2-a30-policy-e0040,delivery,stage2,on,1239739722,pw_kmin3,,,,20740650,20669737,40,preserve4_stage2_policy_curve,COMPLETED,00:14:45,13.0,20,/home/hersco/training_new_domains/2026-08-30/preserve4_delivery_stage2_policy_eval/20740650_Ev_delivery_delivery_mcts_orig_vh_c.1_s1239739722_K0_P4DELIVERYS2P_src20669737_e0040.txt
,preserve4-delivery-on-1239739722-stage2-a30-policy-e0045,delivery,stage2,on,1239739722,pw_kmin3,,,,20740652,20669737,45,preserve4_stage2_policy_curve,COMPLETED,00:13:44,13.0,20,/home/hersco/training_new_domains/2026-08-30/preserve4_delivery_stage2_policy_eval/20740652_Ev_delivery_delivery_mcts_orig_vh_c.1_s1239739722_K0_P4DELIVERYS2P_src20669737_e0045.txt
,preserve4-delivery-on-1239739722-stage2-a30-policy-e0050,delivery,stage2,on,1239739722,pw_kmin3,,,,20740654,20669737,50,preserve4_stage2_policy_curve,COMPLETED,00:25:33,14.0,20,/home/hersco/training_new_domains/2026-08-30/preserve4_delivery_stage2_policy_eval/20740654_Ev_delivery_delivery_mcts_orig_vh_c.1_s1239739722_K0_P4DELIVERYS2P_src20669737_e0050.txt
,preserve4-delivery-on-1239739722-stage2-a30-policy-e0055,delivery,stage2,on,1239739722,pw_kmin3,,,,20740656,20669737,55,preserve4_stage2_policy_curve,COMPLETED,00:23:00,13.0,20,/home/hersco/training_new_domains/2026-08-30/preserve4_delivery_stage2_policy_eval/20740656_Ev_delivery_delivery_mcts_orig_vh_c.1_s1239739722_K0_P4DELIVERYS2P_src20669737_e0055.txt
,preserve4-delivery-on-1239739722-stage2-a30-policy-e0060,delivery,stage2,on,1239739722,pw_kmin3,,,,20740658,20669737,60,preserve4_stage2_policy_curve,COMPLETED,00:16:19,14.0,20,/home/hersco/training_new_domains/2026-08-30/preserve4_delivery_stage2_policy_eval/20740658_Ev_delivery_delivery_mcts_orig_vh_c.1_s1239739722_K0_P4DELIVERYS2P_src20669737_e0060.txt
,preserve4-delivery-on-1239739722-stage2-a30-policy-e0065,delivery,stage2,on,1239739722,pw_kmin3,,,,20740660,20669737,65,preserve4_stage2_policy_curve,COMPLETED,00:14:45,12.0,20,/home/hersco/training_new_domains/2026-08-30/preserve4_delivery_stage2_policy_eval/20740660_Ev_delivery_delivery_mcts_orig_vh_c.1_s1239739722_K0_P4DELIVERYS2P_src20669737_e0065.txt
,preserve4-delivery-on-1239739722-stage2-a30-policy-e0070,delivery,stage2,on,1239739722,pw_kmin3,,,,20740662,20669737,70,preserve4_stage2_policy_curve,COMPLETED,00:19:22,13.0,20,/home/hersco/training_new_domains/2026-08-30/preserve4_delivery_stage2_policy_eval/20740662_Ev_delivery_delivery_mcts_orig_vh_c.1_s1239739722_K0_P4DELIVERYS2P_src20669737_e0070.txt
,preserve4-delivery-on-1239739722-stage2-a30-policy-e0075,delivery,stage2,on,1239739722,pw_kmin3,,,,20740664,20669737,75,preserve4_stage2_policy_curve,COMPLETED,00:18:03,12.0,20,/home/hersco/training_new_domains/2026-08-30/preserve4_delivery_stage2_policy_eval/20740664_Ev_delivery_delivery_mcts_orig_vh_c.1_s1239739722_K0_P4DELIVERYS2P_src20669737_e0075.txt
,preserve4-delivery-on-1239739722-stage2-a30-policy-e0080,delivery,stage2,on,1239739722,pw_kmin3,,,,20740666,20669737,80,preserve4_stage2_policy_curve,COMPLETED,00:14:27,13.0,20,/home/hersco/training_new_domains/2026-08-30/preserve4_delivery_stage2_policy_eval/20740666_Ev_delivery_delivery_mcts_orig_vh_c.1_s1239739722_K0_P4DELIVERYS2P_src20669737_e0080.txt
,preserve4-delivery-on-1239739722-stage2-a30-policy-e0085,delivery,stage2,on,1239739722,pw_kmin3,,,,20740668,20669737,85,preserve4_stage2_policy_curve,COMPLETED,00:23:06,12.0,20,/home/hersco/training_new_domains/2026-08-30/preserve4_delivery_stage2_policy_eval/20740668_Ev_delivery_delivery_mcts_orig_vh_c.1_s1239739722_K0_P4DELIVERYS2P_src20669737_e0085.txt
,preserve4-delivery-on-1239739722-stage2-a30-policy-e0090,delivery,stage2,on,1239739722,pw_kmin3,,,,20740670,20669737,90,preserve4_stage2_policy_curve,COMPLETED,00:24:50,12.0,20,/home/hersco/training_new_domains/2026-08-30/preserve4_delivery_stage2_policy_eval/20740670_Ev_delivery_delivery_mcts_orig_vh_c.1_s1239739722_K0_P4DELIVERYS2P_src20669737_e0090.txt
,preserve4-delivery-on-1239739722-stage2-a30-policy-e0095,delivery,stage2,on,1239739722,pw_kmin3,,,,20740672,20669737,95,preserve4_stage2_policy_curve,COMPLETED,00:20:25,13.0,20,/home/hersco/training_new_domains/2026-08-30/preserve4_delivery_stage2_policy_eval/20740672_Ev_delivery_delivery_mcts_orig_vh_c.1_s1239739722_K0_P4DELIVERYS2P_src20669737_e0095.txt
,preserve4-delivery-on-1239739722-stage2-a30-policy-e0099,delivery,stage2,on,1239739722,pw_kmin3,,,,20740674,20669737,99,preserve4_stage2_policy_curve;stage2_final_policy,COMPLETED,00:19:44,14.0,20,/home/hersco/training_new_domains/2026-08-30/preserve4_delivery_stage2_policy_eval/20740674_Ev_delivery_delivery_mcts_orig_vh_c.1_s1239739722_K0_P4DELIVERYS2P_src20669737_e0099.txt
,preserve4-delivery-off-923500475-stage2-a30-policy-e0000,delivery,stage2,off,923500475,pw_kmin3,,,,20747764,20669727,0,preserve4_stage2_policy_curve;stage2_validation_selected_policy,COMPLETED,00:08:06,18.0,20,/home/hersco/training_new_domains/2026-08-30/preserve4_delivery_stage2_policy_eval/20747764_Ev_delivery_delivery_mcts_orig_novh_c.1_s923500475_K0_P4DELIVERYS2P_src20669727_e0000.txt
,preserve4-delivery-off-923500475-stage2-a30-policy-e0005,delivery,stage2,off,923500475,pw_kmin3,,,,20747766,20669727,5,preserve4_stage2_policy_curve,COMPLETED,00:07:34,19.0,20,/home/hersco/training_new_domains/2026-08-30/preserve4_delivery_stage2_policy_eval/20747766_Ev_delivery_delivery_mcts_orig_novh_c.1_s923500475_K0_P4DELIVERYS2P_src20669727_e0005.txt
,preserve4-delivery-off-923500475-stage2-a30-policy-e0010,delivery,stage2,off,923500475,pw_kmin3,,,,20747767,20669727,10,preserve4_stage2_policy_curve,COMPLETED,00:05:38,20.0,20,/home/hersco/training_new_domains/2026-08-30/preserve4_delivery_stage2_policy_eval/20747767_Ev_delivery_delivery_mcts_orig_novh_c.1_s923500475_K0_P4DELIVERYS2P_src20669727_e0010.txt
,preserve4-delivery-off-923500475-stage2-a30-policy-e0015,delivery,stage2,off,923500475,pw_kmin3,,,,20747768,20669727,15,preserve4_stage2_policy_curve,COMPLETED,00:11:33,19.0,20,/home/hersco/training_new_domains/2026-08-30/preserve4_delivery_stage2_policy_eval/20747768_Ev_delivery_delivery_mcts_orig_novh_c.1_s923500475_K0_P4DELIVERYS2P_src20669727_e0015.txt
,preserve4-delivery-off-923500475-stage2-a30-policy-e0020,delivery,stage2,off,923500475,pw_kmin3,,,,20747769,20669727,20,preserve4_stage2_policy_curve,COMPLETED,00:08:39,18.0,20,/home/hersco/training_new_domains/2026-08-30/preserve4_delivery_stage2_policy_eval/20747769_Ev_delivery_delivery_mcts_orig_novh_c.1_s923500475_K0_P4DELIVERYS2P_src20669727_e0020.txt
,preserve4-delivery-off-923500475-stage2-a30-policy-e0025,delivery,stage2,off,923500475,pw_kmin3,,,,20747770,20669727,25,preserve4_stage2_policy_curve,COMPLETED,00:15:37,17.0,20,/home/hersco/training_new_domains/2026-08-30/preserve4_delivery_stage2_policy_eval/20747770_Ev_delivery_delivery_mcts_orig_novh_c.1_s923500475_K0_P4DELIVERYS2P_src20669727_e0025.txt
,preserve4-delivery-off-923500475-stage2-a30-policy-e0030,delivery,stage2,off,923500475,pw_kmin3,,,,20747772,20669727,30,preserve4_stage2_policy_curve,COMPLETED,00:04:10,20.0,20,/home/hersco/training_new_domains/2026-08-30/preserve4_delivery_stage2_policy_eval/20747772_Ev_delivery_delivery_mcts_orig_novh_c.1_s923500475_K0_P4DELIVERYS2P_src20669727_e0030.txt
,preserve4-delivery-off-923500475-stage2-a30-policy-e0035,delivery,stage2,off,923500475,pw_kmin3,,,,20747774,20669727,35,preserve4_stage2_policy_curve,COMPLETED,00:02:56,20.0,20,/home/hersco/training_new_domains/2026-08-30/preserve4_delivery_stage2_policy_eval/20747774_Ev_delivery_delivery_mcts_orig_novh_c.1_s923500475_K0_P4DELIVERYS2P_src20669727_e0035.txt
,preserve4-delivery-off-923500475-stage2-a30-policy-e0040,delivery,stage2,off,923500475,pw_kmin3,,,,20747775,20669727,40,preserve4_stage2_policy_curve,COMPLETED,00:07:43,18.0,20,/home/hersco/training_new_domains/2026-08-30/preserve4_delivery_stage2_policy_eval/20747775_Ev_delivery_delivery_mcts_orig_novh_c.1_s923500475_K0_P4DELIVERYS2P_src20669727_e0040.txt
,preserve4-delivery-off-923500475-stage2-a30-policy-e0045,delivery,stage2,off,923500475,pw_kmin3,,,,20747776,20669727,45,preserve4_stage2_policy_curve,COMPLETED,00:08:57,18.0,20,/home/hersco/training_new_domains/2026-08-30/preserve4_delivery_stage2_policy_eval/20747776_Ev_delivery_delivery_mcts_orig_novh_c.1_s923500475_K0_P4DELIVERYS2P_src20669727_e0045.txt
,preserve4-delivery-off-923500475-stage2-a30-policy-e0050,delivery,stage2,off,923500475,pw_kmin3,,,,20747777,20669727,50,preserve4_stage2_policy_curve,COMPLETED,00:03:28,20.0,20,/home/hersco/training_new_domains/2026-08-30/preserve4_delivery_stage2_policy_eval/20747777_Ev_delivery_delivery_mcts_orig_novh_c.1_s923500475_K0_P4DELIVERYS2P_src20669727_e0050.txt
,preserve4-delivery-off-923500475-stage2-a30-policy-e0055,delivery,stage2,off,923500475,pw_kmin3,,,,20747778,20669727,55,preserve4_stage2_policy_curve,COMPLETED,00:09:46,19.0,20,/home/hersco/training_new_domains/2026-08-30/preserve4_delivery_stage2_policy_eval/20747778_Ev_delivery_delivery_mcts_orig_novh_c.1_s923500475_K0_P4DELIVERYS2P_src20669727_e0055.txt
,preserve4-delivery-off-923500475-stage2-a30-policy-e0060,delivery,stage2,off,923500475,pw_kmin3,,,,20747779,20669727,60,preserve4_stage2_policy_curve,COMPLETED,00:07:32,18.0,20,/home/hersco/training_new_domains/2026-08-30/preserve4_delivery_stage2_policy_eval/20747779_Ev_delivery_delivery_mcts_orig_novh_c.1_s923500475_K0_P4DELIVERYS2P_src20669727_e0060.txt
,preserve4-delivery-off-923500475-stage2-a30-policy-e0065,delivery,stage2,off,923500475,pw_kmin3,,,,20747780,20669727,65,preserve4_stage2_policy_curve,COMPLETED,00:03:34,20.0,20,/home/hersco/training_new_domains/2026-08-30/preserve4_delivery_stage2_policy_eval/20747780_Ev_delivery_delivery_mcts_orig_novh_c.1_s923500475_K0_P4DELIVERYS2P_src20669727_e0065.txt
,preserve4-delivery-off-923500475-stage2-a30-policy-e0070,delivery,stage2,off,923500475,pw_kmin3,,,,20747781,20669727,70,preserve4_stage2_policy_curve,COMPLETED,00:03:50,20.0,20,/home/hersco/training_new_domains/2026-08-30/preserve4_delivery_stage2_policy_eval/20747781_Ev_delivery_delivery_mcts_orig_novh_c.1_s923500475_K0_P4DELIVERYS2P_src20669727_e0070.txt
,preserve4-delivery-off-923500475-stage2-a30-policy-e0075,delivery,stage2,off,923500475,pw_kmin3,,,,20747782,20669727,75,preserve4_stage2_policy_curve,COMPLETED,00:05:07,20.0,20,/home/hersco/training_new_domains/2026-08-30/preserve4_delivery_stage2_policy_eval/20747782_Ev_delivery_delivery_mcts_orig_novh_c.1_s923500475_K0_P4DELIVERYS2P_src20669727_e0075.txt
,preserve4-delivery-off-923500475-stage2-a30-policy-e0080,delivery,stage2,off,923500475,pw_kmin3,,,,20747783,20669727,80,preserve4_stage2_policy_curve,COMPLETED,00:05:02,20.0,20,/home/hersco/training_new_domains/2026-08-30/preserve4_delivery_stage2_policy_eval/20747783_Ev_delivery_delivery_mcts_orig_novh_c.1_s923500475_K0_P4DELIVERYS2P_src20669727_e0080.txt
,preserve4-delivery-off-923500475-stage2-a30-policy-e0085,delivery,stage2,off,923500475,pw_kmin3,,,,20747784,20669727,85,preserve4_stage2_policy_curve,COMPLETED,00:04:34,20.0,20,/home/hersco/training_new_domains/2026-08-30/preserve4_delivery_stage2_policy_eval/20747784_Ev_delivery_delivery_mcts_orig_novh_c.1_s923500475_K0_P4DELIVERYS2P_src20669727_e0085.txt
,preserve4-delivery-off-923500475-stage2-a30-policy-e0090,delivery,stage2,off,923500475,pw_kmin3,,,,20747785,20669727,90,preserve4_stage2_policy_curve,COMPLETED,00:06:50,19.0,20,/home/hersco/training_new_domains/2026-08-30/preserve4_delivery_stage2_policy_eval/20747785_Ev_delivery_delivery_mcts_orig_novh_c.1_s923500475_K0_P4DELIVERYS2P_src20669727_e0090.txt
,preserve4-delivery-off-923500475-stage2-a30-policy-e0095,delivery,stage2,off,923500475,pw_kmin3,,,,20747786,20669727,95,preserve4_stage2_policy_curve,COMPLETED,00:03:36,20.0,20,/home/hersco/training_new_domains/2026-08-30/preserve4_delivery_stage2_policy_eval/20747786_Ev_delivery_delivery_mcts_orig_novh_c.1_s923500475_K0_P4DELIVERYS2P_src20669727_e0095.txt
,preserve4-delivery-off-923500475-stage2-a30-policy-e0099,delivery,stage2,off,923500475,pw_kmin3,,,,20747788,20669727,99,preserve4_stage2_policy_curve;stage2_final_policy,COMPLETED,00:03:54,20.0,20,/home/hersco/training_new_domains/2026-08-30/preserve4_delivery_stage2_policy_eval/20747788_Ev_delivery_delivery_mcts_orig_novh_c.1_s923500475_K0_P4DELIVERYS2P_src20669727_e0099.txt
,preserve4-delivery-on-534933607-stage2-a30-policy-e0000,delivery,stage2,on,534933607,pw_kmin3,,,,20747789,20669734,0,preserve4_stage2_policy_curve,COMPLETED,00:18:40,9.0,20,/home/hersco/training_new_domains/2026-08-30/preserve4_delivery_stage2_policy_eval/20747789_Ev_delivery_delivery_mcts_orig_vh_c.1_s534933607_K0_P4DELIVERYS2P_src20669734_e0000.txt
,preserve4-delivery-on-534933607-stage2-a30-policy-e0005,delivery,stage2,on,534933607,pw_kmin3,,,,20747790,20669734,5,preserve4_stage2_policy_curve,COMPLETED,00:11:05,18.0,20,/home/hersco/training_new_domains/2026-08-30/preserve4_delivery_stage2_policy_eval/20747790_Ev_delivery_delivery_mcts_orig_vh_c.1_s534933607_K0_P4DELIVERYS2P_src20669734_e0005.txt
,preserve4-delivery-on-534933607-stage2-a30-policy-e0010,delivery,stage2,on,534933607,pw_kmin3,,,,20747791,20669734,10,preserve4_stage2_policy_curve,COMPLETED,00:06:16,18.0,20,/home/hersco/training_new_domains/2026-08-30/preserve4_delivery_stage2_policy_eval/20747791_Ev_delivery_delivery_mcts_orig_vh_c.1_s534933607_K0_P4DELIVERYS2P_src20669734_e0010.txt
,preserve4-delivery-on-534933607-stage2-a30-policy-e0015,delivery,stage2,on,534933607,pw_kmin3,,,,20747792,20669734,15,preserve4_stage2_policy_curve,COMPLETED,00:07:31,18.0,20,/home/hersco/training_new_domains/2026-08-30/preserve4_delivery_stage2_policy_eval/20747792_Ev_delivery_delivery_mcts_orig_vh_c.1_s534933607_K0_P4DELIVERYS2P_src20669734_e0015.txt
,preserve4-delivery-on-534933607-stage2-a30-policy-e0020,delivery,stage2,on,534933607,pw_kmin3,,,,20747793,20669734,20,preserve4_stage2_policy_curve,COMPLETED,00:03:36,20.0,20,/home/hersco/training_new_domains/2026-08-30/preserve4_delivery_stage2_policy_eval/20747793_Ev_delivery_delivery_mcts_orig_vh_c.1_s534933607_K0_P4DELIVERYS2P_src20669734_e0020.txt
,preserve4-delivery-on-534933607-stage2-a30-policy-e0025,delivery,stage2,on,534933607,pw_kmin3,,,,20747794,20669734,25,preserve4_stage2_policy_curve,COMPLETED,00:12:10,19.0,20,/home/hersco/training_new_domains/2026-08-30/preserve4_delivery_stage2_policy_eval/20747794_Ev_delivery_delivery_mcts_orig_vh_c.1_s534933607_K0_P4DELIVERYS2P_src20669734_e0025.txt
,preserve4-delivery-on-534933607-stage2-a30-policy-e0030,delivery,stage2,on,534933607,pw_kmin3,,,,20747795,20669734,30,preserve4_stage2_policy_curve,COMPLETED,00:14:46,18.0,20,/home/hersco/training_new_domains/2026-08-30/preserve4_delivery_stage2_policy_eval/20747795_Ev_delivery_delivery_mcts_orig_vh_c.1_s534933607_K0_P4DELIVERYS2P_src20669734_e0030.txt
,preserve4-delivery-on-534933607-stage2-a30-policy-e0035,delivery,stage2,on,534933607,pw_kmin3,,,,20747796,20669734,35,preserve4_stage2_policy_curve,COMPLETED,00:14:26,19.0,20,/home/hersco/training_new_domains/2026-08-30/preserve4_delivery_stage2_policy_eval/20747796_Ev_delivery_delivery_mcts_orig_vh_c.1_s534933607_K0_P4DELIVERYS2P_src20669734_e0035.txt
,preserve4-delivery-on-534933607-stage2-a30-policy-e0040,delivery,stage2,on,534933607,pw_kmin3,,,,20747797,20669734,40,preserve4_stage2_policy_curve,COMPLETED,00:17:09,18.0,20,/home/hersco/training_new_domains/2026-08-30/preserve4_delivery_stage2_policy_eval/20747797_Ev_delivery_delivery_mcts_orig_vh_c.1_s534933607_K0_P4DELIVERYS2P_src20669734_e0040.txt
,preserve4-delivery-on-534933607-stage2-a30-policy-e0045,delivery,stage2,on,534933607,pw_kmin3,,,,20747798,20669734,45,preserve4_stage2_policy_curve,COMPLETED,00:13:21,19.0,20,/home/hersco/training_new_domains/2026-08-30/preserve4_delivery_stage2_policy_eval/20747798_Ev_delivery_delivery_mcts_orig_vh_c.1_s534933607_K0_P4DELIVERYS2P_src20669734_e0045.txt
,preserve4-delivery-on-534933607-stage2-a30-policy-e0050,delivery,stage2,on,534933607,pw_kmin3,,,,20747799,20669734,50,preserve4_stage2_policy_curve,COMPLETED,00:13:19,19.0,20,/home/hersco/training_new_domains/2026-08-30/preserve4_delivery_stage2_policy_eval/20747799_Ev_delivery_delivery_mcts_orig_vh_c.1_s534933607_K0_P4DELIVERYS2P_src20669734_e0050.txt
,preserve4-delivery-on-534933607-stage2-a30-policy-e0055,delivery,stage2,on,534933607,pw_kmin3,,,,20747800,20669734,55,preserve4_stage2_policy_curve,COMPLETED,00:03:23,20.0,20,/home/hersco/training_new_domains/2026-08-30/preserve4_delivery_stage2_policy_eval/20747800_Ev_delivery_delivery_mcts_orig_vh_c.1_s534933607_K0_P4DELIVERYS2P_src20669734_e0055.txt
,preserve4-delivery-on-534933607-stage2-a30-policy-e0060,delivery,stage2,on,534933607,pw_kmin3,,,,20747801,20669734,60,preserve4_stage2_policy_curve,COMPLETED,00:12:45,19.0,20,/home/hersco/training_new_domains/2026-08-30/preserve4_delivery_stage2_policy_eval/20747801_Ev_delivery_delivery_mcts_orig_vh_c.1_s534933607_K0_P4DELIVERYS2P_src20669734_e0060.txt
,preserve4-delivery-on-534933607-stage2-a30-policy-e0065,delivery,stage2,on,534933607,pw_kmin3,,,,20747802,20669734,65,preserve4_stage2_policy_curve,COMPLETED,00:04:06,20.0,20,/home/hersco/training_new_domains/2026-08-30/preserve4_delivery_stage2_policy_eval/20747802_Ev_delivery_delivery_mcts_orig_vh_c.1_s534933607_K0_P4DELIVERYS2P_src20669734_e0065.txt
,preserve4-delivery-on-534933607-stage2-a30-policy-e0070,delivery,stage2,on,534933607,pw_kmin3,,,,20747803,20669734,70,preserve4_stage2_policy_curve,COMPLETED,00:03:06,20.0,20,/home/hersco/training_new_domains/2026-08-30/preserve4_delivery_stage2_policy_eval/20747803_Ev_delivery_delivery_mcts_orig_vh_c.1_s534933607_K0_P4DELIVERYS2P_src20669734_e0070.txt
,preserve4-delivery-on-534933607-stage2-a30-policy-e0075,delivery,stage2,on,534933607,pw_kmin3,,,,20747804,20669734,75,preserve4_stage2_policy_curve,COMPLETED,00:03:56,20.0,20,/home/hersco/training_new_domains/2026-08-30/preserve4_delivery_stage2_policy_eval/20747804_Ev_delivery_delivery_mcts_orig_vh_c.1_s534933607_K0_P4DELIVERYS2P_src20669734_e0075.txt
,preserve4-delivery-on-534933607-stage2-a30-policy-e0080,delivery,stage2,on,534933607,pw_kmin3,,,,20747805,20669734,80,preserve4_stage2_policy_curve,COMPLETED,00:12:59,19.0,20,/home/hersco/training_new_domains/2026-08-30/preserve4_delivery_stage2_policy_eval/20747805_Ev_delivery_delivery_mcts_orig_vh_c.1_s534933607_K0_P4DELIVERYS2P_src20669734_e0080.txt
,preserve4-delivery-on-534933607-stage2-a30-policy-e0085,delivery,stage2,on,534933607,pw_kmin3,,,,20747806,20669734,85,preserve4_stage2_policy_curve,COMPLETED,00:03:16,20.0,20,/home/hersco/training_new_domains/2026-08-30/preserve4_delivery_stage2_policy_eval/20747806_Ev_delivery_delivery_mcts_orig_vh_c.1_s534933607_K0_P4DELIVERYS2P_src20669734_e0085.txt
,preserve4-delivery-on-534933607-stage2-a30-policy-e0090,delivery,stage2,on,534933607,pw_kmin3,,,,20747807,20669734,90,preserve4_stage2_policy_curve;stage2_validation_selected_policy,COMPLETED,00:02:49,20.0,20,/home/hersco/training_new_domains/2026-08-30/preserve4_delivery_stage2_policy_eval/20747807_Ev_delivery_delivery_mcts_orig_vh_c.1_s534933607_K0_P4DELIVERYS2P_src20669734_e0090.txt
,preserve4-delivery-on-534933607-stage2-a30-policy-e0095,delivery,stage2,on,534933607,pw_kmin3,,,,20747808,20669734,95,preserve4_stage2_policy_curve,COMPLETED,00:03:46,20.0,20,/home/hersco/training_new_domains/2026-08-30/preserve4_delivery_stage2_policy_eval/20747808_Ev_delivery_delivery_mcts_orig_vh_c.1_s534933607_K0_P4DELIVERYS2P_src20669734_e0095.txt
,preserve4-delivery-on-534933607-stage2-a30-policy-e0099,delivery,stage2,on,534933607,pw_kmin3,,,,20747809,20669734,99,preserve4_stage2_policy_curve;stage2_final_policy,COMPLETED,00:12:08,19.0,20,/home/hersco/training_new_domains/2026-08-30/preserve4_delivery_stage2_policy_eval/20747809_Ev_delivery_delivery_mcts_orig_vh_c.1_s534933607_K0_P4DELIVERYS2P_src20669734_e0099.txt
,preserve4-delivery-on-1972442430-stage2-a30-policy-e0000,delivery,stage2,on,1972442430,pw_kmin3,,,,20747810,20669741,0,preserve4_stage2_policy_curve;stage2_validation_selected_policy,COMPLETED,00:04:48,20.0,20,/home/hersco/training_new_domains/2026-08-30/preserve4_delivery_stage2_policy_eval/20747810_Ev_delivery_delivery_mcts_orig_vh_c.1_s1972442430_K0_P4DELIVERYS2P_src20669741_e0000.txt
,preserve4-delivery-on-1972442430-stage2-a30-policy-e0005,delivery,stage2,on,1972442430,pw_kmin3,,,,20747811,20669741,5,preserve4_stage2_policy_curve,COMPLETED,00:07:23,20.0,20,/home/hersco/training_new_domains/2026-08-30/preserve4_delivery_stage2_policy_eval/20747811_Ev_delivery_delivery_mcts_orig_vh_c.1_s1972442430_K0_P4DELIVERYS2P_src20669741_e0005.txt
,preserve4-delivery-on-1972442430-stage2-a30-policy-e0010,delivery,stage2,on,1972442430,pw_kmin3,,,,20747812,20669741,10,preserve4_stage2_policy_curve,COMPLETED,00:10:22,20.0,20,/home/hersco/training_new_domains/2026-08-30/preserve4_delivery_stage2_policy_eval/20747812_Ev_delivery_delivery_mcts_orig_vh_c.1_s1972442430_K0_P4DELIVERYS2P_src20669741_e0010.txt
,preserve4-delivery-on-1972442430-stage2-a30-policy-e0015,delivery,stage2,on,1972442430,pw_kmin3,,,,20747813,20669741,15,preserve4_stage2_policy_curve,COMPLETED,00:07:31,20.0,20,/home/hersco/training_new_domains/2026-08-30/preserve4_delivery_stage2_policy_eval/20747813_Ev_delivery_delivery_mcts_orig_vh_c.1_s1972442430_K0_P4DELIVERYS2P_src20669741_e0015.txt
,preserve4-delivery-on-1972442430-stage2-a30-policy-e0020,delivery,stage2,on,1972442430,pw_kmin3,,,,20747814,20669741,20,preserve4_stage2_policy_curve,COMPLETED,00:13:25,19.0,20,/home/hersco/training_new_domains/2026-08-30/preserve4_delivery_stage2_policy_eval/20747814_Ev_delivery_delivery_mcts_orig_vh_c.1_s1972442430_K0_P4DELIVERYS2P_src20669741_e0020.txt
,preserve4-delivery-on-1972442430-stage2-a30-policy-e0025,delivery,stage2,on,1972442430,pw_kmin3,,,,20747815,20669741,25,preserve4_stage2_policy_curve,COMPLETED,00:16:14,18.0,20,/home/hersco/training_new_domains/2026-08-30/preserve4_delivery_stage2_policy_eval/20747815_Ev_delivery_delivery_mcts_orig_vh_c.1_s1972442430_K0_P4DELIVERYS2P_src20669741_e0025.txt
,preserve4-delivery-on-1972442430-stage2-a30-policy-e0030,delivery,stage2,on,1972442430,pw_kmin3,,,,20747816,20669741,30,preserve4_stage2_policy_curve,COMPLETED,00:17:33,16.0,20,/home/hersco/training_new_domains/2026-08-30/preserve4_delivery_stage2_policy_eval/20747816_Ev_delivery_delivery_mcts_orig_vh_c.1_s1972442430_K0_P4DELIVERYS2P_src20669741_e0030.txt
,preserve4-delivery-on-1972442430-stage2-a30-policy-e0035,delivery,stage2,on,1972442430,pw_kmin3,,,,20747817,20669741,35,preserve4_stage2_policy_curve,COMPLETED,00:16:40,18.0,20,/home/hersco/training_new_domains/2026-08-30/preserve4_delivery_stage2_policy_eval/20747817_Ev_delivery_delivery_mcts_orig_vh_c.1_s1972442430_K0_P4DELIVERYS2P_src20669741_e0035.txt
,preserve4-delivery-on-1972442430-stage2-a30-policy-e0040,delivery,stage2,on,1972442430,pw_kmin3,,,,20747818,20669741,40,preserve4_stage2_policy_curve,COMPLETED,00:08:49,18.0,20,/home/hersco/training_new_domains/2026-08-30/preserve4_delivery_stage2_policy_eval/20747818_Ev_delivery_delivery_mcts_orig_vh_c.1_s1972442430_K0_P4DELIVERYS2P_src20669741_e0040.txt
,preserve4-delivery-on-1972442430-stage2-a30-policy-e0045,delivery,stage2,on,1972442430,pw_kmin3,,,,20747819,20669741,45,preserve4_stage2_policy_curve,COMPLETED,00:07:39,18.0,20,/home/hersco/training_new_domains/2026-08-30/preserve4_delivery_stage2_policy_eval/20747819_Ev_delivery_delivery_mcts_orig_vh_c.1_s1972442430_K0_P4DELIVERYS2P_src20669741_e0045.txt
,preserve4-delivery-on-1972442430-stage2-a30-policy-e0050,delivery,stage2,on,1972442430,pw_kmin3,,,,20747820,20669741,50,preserve4_stage2_policy_curve,COMPLETED,00:04:36,20.0,20,/home/hersco/training_new_domains/2026-08-30/preserve4_delivery_stage2_policy_eval/20747820_Ev_delivery_delivery_mcts_orig_vh_c.1_s1972442430_K0_P4DELIVERYS2P_src20669741_e0050.txt
,preserve4-delivery-on-1972442430-stage2-a30-policy-e0055,delivery,stage2,on,1972442430,pw_kmin3,,,,20747821,20669741,55,preserve4_stage2_policy_curve,COMPLETED,00:05:25,20.0,20,/home/hersco/training_new_domains/2026-08-30/preserve4_delivery_stage2_policy_eval/20747821_Ev_delivery_delivery_mcts_orig_vh_c.1_s1972442430_K0_P4DELIVERYS2P_src20669741_e0055.txt
,preserve4-delivery-on-1972442430-stage2-a30-policy-e0060,delivery,stage2,on,1972442430,pw_kmin3,,,,20747822,20669741,60,preserve4_stage2_policy_curve,COMPLETED,00:13:36,20.0,20,/home/hersco/training_new_domains/2026-08-30/preserve4_delivery_stage2_policy_eval/20747822_Ev_delivery_delivery_mcts_orig_vh_c.1_s1972442430_K0_P4DELIVERYS2P_src20669741_e0060.txt
,preserve4-delivery-on-1972442430-stage2-a30-policy-e0065,delivery,stage2,on,1972442430,pw_kmin3,,,,20747823,20669741,65,preserve4_stage2_policy_curve,COMPLETED,00:13:05,20.0,20,/home/hersco/training_new_domains/2026-08-30/preserve4_delivery_stage2_policy_eval/20747823_Ev_delivery_delivery_mcts_orig_vh_c.1_s1972442430_K0_P4DELIVERYS2P_src20669741_e0065.txt
,preserve4-delivery-on-1972442430-stage2-a30-policy-e0070,delivery,stage2,on,1972442430,pw_kmin3,,,,20747824,20669741,70,preserve4_stage2_policy_curve,COMPLETED,00:07:53,20.0,20,/home/hersco/training_new_domains/2026-08-30/preserve4_delivery_stage2_policy_eval/20747824_Ev_delivery_delivery_mcts_orig_vh_c.1_s1972442430_K0_P4DELIVERYS2P_src20669741_e0070.txt
,preserve4-delivery-on-1972442430-stage2-a30-policy-e0075,delivery,stage2,on,1972442430,pw_kmin3,,,,20747825,20669741,75,preserve4_stage2_policy_curve,COMPLETED,00:04:38,20.0,20,/home/hersco/training_new_domains/2026-08-30/preserve4_delivery_stage2_policy_eval/20747825_Ev_delivery_delivery_mcts_orig_vh_c.1_s1972442430_K0_P4DELIVERYS2P_src20669741_e0075.txt
,preserve4-delivery-on-1972442430-stage2-a30-policy-e0080,delivery,stage2,on,1972442430,pw_kmin3,,,,20747826,20669741,80,preserve4_stage2_policy_curve,COMPLETED,00:15:33,19.0,20,/home/hersco/training_new_domains/2026-08-30/preserve4_delivery_stage2_policy_eval/20747826_Ev_delivery_delivery_mcts_orig_vh_c.1_s1972442430_K0_P4DELIVERYS2P_src20669741_e0080.txt
,preserve4-delivery-on-1972442430-stage2-a30-policy-e0085,delivery,stage2,on,1972442430,pw_kmin3,,,,20747827,20669741,85,preserve4_stage2_policy_curve,COMPLETED,00:06:06,20.0,20,/home/hersco/training_new_domains/2026-08-30/preserve4_delivery_stage2_policy_eval/20747827_Ev_delivery_delivery_mcts_orig_vh_c.1_s1972442430_K0_P4DELIVERYS2P_src20669741_e0085.txt
,preserve4-delivery-on-1972442430-stage2-a30-policy-e0090,delivery,stage2,on,1972442430,pw_kmin3,,,,20747828,20669741,90,preserve4_stage2_policy_curve,COMPLETED,00:05:36,20.0,20,/home/hersco/training_new_domains/2026-08-30/preserve4_delivery_stage2_policy_eval/20747828_Ev_delivery_delivery_mcts_orig_vh_c.1_s1972442430_K0_P4DELIVERYS2P_src20669741_e0090.txt
,preserve4-delivery-on-1972442430-stage2-a30-policy-e0095,delivery,stage2,on,1972442430,pw_kmin3,,,,20747829,20669741,95,preserve4_stage2_policy_curve,COMPLETED,00:05:52,20.0,20,/home/hersco/training_new_domains/2026-08-30/preserve4_delivery_stage2_policy_eval/20747829_Ev_delivery_delivery_mcts_orig_vh_c.1_s1972442430_K0_P4DELIVERYS2P_src20669741_e0095.txt
,preserve4-delivery-on-1972442430-stage2-a30-policy-e0099,delivery,stage2,on,1972442430,pw_kmin3,,,,20747830,20669741,99,preserve4_stage2_policy_curve;stage2_final_policy,COMPLETED,00:08:14,20.0,20,/home/hersco/training_new_domains/2026-08-30/preserve4_delivery_stage2_policy_eval/20747830_Ev_delivery_delivery_mcts_orig_vh_c.1_s1972442430_K0_P4DELIVERYS2P_src20669741_e0099.txt
