manifest_id,task_type,domain,value_head,seed,stage,status,teacher,source_checkpoint_ref,source_training_job_id,snapshot_epoch,analysis_roles,training_state,training_log
preserve3-term-tpp-off-534933607-a3-policy-e0000,policy_eval,tpp,off,534933607,stage2,ready,hadd-astar,"/home/hersco/bershco-nu-asnets/numeric-asnets/asnets/experiment-results/experiments_numeric.domain.tpp-experiments_numeric.architecture_2.tpp_mcts-2026-08-31T17:31:36.257747/P[domain,pfile1,pfile2,pfile4]-S[0.0003,50,enhsp-hadd-astar]-MO[]-T[518400]-04921245-3c74d66/snapshots/snapshot_0_1.0000",20755741,0,preserve3_terminal_tpp_off_learning_curve,COMPLETED,/home/hersco/training_new_domains/2026-08-31/preserve3_terminal_tpp_stage2/20755741_Re-Tr_tpp_tpp_mcts_orig_novh_e.5_c.1_s534933607_K0_P3TERMS2A3_src20523050.txt
preserve3-term-tpp-off-534933607-a3-policy-e0005,policy_eval,tpp,off,534933607,stage2,ready,hadd-astar,"/home/hersco/bershco-nu-asnets/numeric-asnets/asnets/experiment-results/experiments_numeric.domain.tpp-experiments_numeric.architecture_2.tpp_mcts-2026-08-31T17:31:36.257747/P[domain,pfile1,pfile2,pfile4]-S[0.0003,50,enhsp-hadd-astar]-MO[]-T[518400]-04921245-3c74d66/snapshots/snapshot_5_0.6667",20755741,5,preserve3_terminal_tpp_off_learning_curve,COMPLETED,/home/hersco/training_new_domains/2026-08-31/preserve3_terminal_tpp_stage2/20755741_Re-Tr_tpp_tpp_mcts_orig_novh_e.5_c.1_s534933607_K0_P3TERMS2A3_src20523050.txt
preserve3-term-tpp-off-534933607-a3-policy-e0010,policy_eval,tpp,off,534933607,stage2,ready,hadd-astar,"/home/hersco/bershco-nu-asnets/numeric-asnets/asnets/experiment-results/experiments_numeric.domain.tpp-experiments_numeric.architecture_2.tpp_mcts-2026-08-31T17:31:36.257747/P[domain,pfile1,pfile2,pfile4]-S[0.0003,50,enhsp-hadd-astar]-MO[]-T[518400]-04921245-3c74d66/snapshots/snapshot_10_0.6667",20755741,10,preserve3_terminal_tpp_off_learning_curve,COMPLETED,/home/hersco/training_new_domains/2026-08-31/preserve3_terminal_tpp_stage2/20755741_Re-Tr_tpp_tpp_mcts_orig_novh_e.5_c.1_s534933607_K0_P3TERMS2A3_src20523050.txt
preserve3-term-tpp-off-534933607-a3-policy-e0015,policy_eval,tpp,off,534933607,stage2,ready,hadd-astar,"/home/hersco/bershco-nu-asnets/numeric-asnets/asnets/experiment-results/experiments_numeric.domain.tpp-experiments_numeric.architecture_2.tpp_mcts-2026-08-31T17:31:36.257747/P[domain,pfile1,pfile2,pfile4]-S[0.0003,50,enhsp-hadd-astar]-MO[]-T[518400]-04921245-3c74d66/snapshots/snapshot_15_0.6667",20755741,15,preserve3_terminal_tpp_off_learning_curve,COMPLETED,/home/hersco/training_new_domains/2026-08-31/preserve3_terminal_tpp_stage2/20755741_Re-Tr_tpp_tpp_mcts_orig_novh_e.5_c.1_s534933607_K0_P3TERMS2A3_src20523050.txt
preserve3-term-tpp-off-534933607-a3-policy-e0020,policy_eval,tpp,off,534933607,stage2,ready,hadd-astar,"/home/hersco/bershco-nu-asnets/numeric-asnets/asnets/experiment-results/experiments_numeric.domain.tpp-experiments_numeric.architecture_2.tpp_mcts-2026-08-31T17:31:36.257747/P[domain,pfile1,pfile2,pfile4]-S[0.0003,50,enhsp-hadd-astar]-MO[]-T[518400]-04921245-3c74d66/snapshots/snapshot_20_0.6667",20755741,20,preserve3_terminal_tpp_off_learning_curve,COMPLETED,/home/hersco/training_new_domains/2026-08-31/preserve3_terminal_tpp_stage2/20755741_Re-Tr_tpp_tpp_mcts_orig_novh_e.5_c.1_s534933607_K0_P3TERMS2A3_src20523050.txt
preserve3-term-tpp-off-534933607-a3-policy-e0025,policy_eval,tpp,off,534933607,stage2,ready,hadd-astar,"/home/hersco/bershco-nu-asnets/numeric-asnets/asnets/experiment-results/experiments_numeric.domain.tpp-experiments_numeric.architecture_2.tpp_mcts-2026-08-31T17:31:36.257747/P[domain,pfile1,pfile2,pfile4]-S[0.0003,50,enhsp-hadd-astar]-MO[]-T[518400]-04921245-3c74d66/snapshots/snapshot_25_0.6667",20755741,25,preserve3_terminal_tpp_off_learning_curve,COMPLETED,/home/hersco/training_new_domains/2026-08-31/preserve3_terminal_tpp_stage2/20755741_Re-Tr_tpp_tpp_mcts_orig_novh_e.5_c.1_s534933607_K0_P3TERMS2A3_src20523050.txt
preserve3-term-tpp-off-534933607-a3-policy-e0030,policy_eval,tpp,off,534933607,stage2,ready,hadd-astar,"/home/hersco/bershco-nu-asnets/numeric-asnets/asnets/experiment-results/experiments_numeric.domain.tpp-experiments_numeric.architecture_2.tpp_mcts-2026-08-31T17:31:36.257747/P[domain,pfile1,pfile2,pfile4]-S[0.0003,50,enhsp-hadd-astar]-MO[]-T[518400]-04921245-3c74d66/snapshots/snapshot_30_0.6667",20755741,30,preserve3_terminal_tpp_off_learning_curve,COMPLETED,/home/hersco/training_new_domains/2026-08-31/preserve3_terminal_tpp_stage2/20755741_Re-Tr_tpp_tpp_mcts_orig_novh_e.5_c.1_s534933607_K0_P3TERMS2A3_src20523050.txt
preserve3-term-tpp-off-534933607-a3-policy-e0035,policy_eval,tpp,off,534933607,stage2,ready,hadd-astar,"/home/hersco/bershco-nu-asnets/numeric-asnets/asnets/experiment-results/experiments_numeric.domain.tpp-experiments_numeric.architecture_2.tpp_mcts-2026-08-31T17:31:36.257747/P[domain,pfile1,pfile2,pfile4]-S[0.0003,50,enhsp-hadd-astar]-MO[]-T[518400]-04921245-3c74d66/snapshots/snapshot_35_0.6667",20755741,35,preserve3_terminal_tpp_off_learning_curve,COMPLETED,/home/hersco/training_new_domains/2026-08-31/preserve3_terminal_tpp_stage2/20755741_Re-Tr_tpp_tpp_mcts_orig_novh_e.5_c.1_s534933607_K0_P3TERMS2A3_src20523050.txt
preserve3-term-tpp-off-534933607-a3-policy-e0040,policy_eval,tpp,off,534933607,stage2,ready,hadd-astar,"/home/hersco/bershco-nu-asnets/numeric-asnets/asnets/experiment-results/experiments_numeric.domain.tpp-experiments_numeric.architecture_2.tpp_mcts-2026-08-31T17:31:36.257747/P[domain,pfile1,pfile2,pfile4]-S[0.0003,50,enhsp-hadd-astar]-MO[]-T[518400]-04921245-3c74d66/snapshots/snapshot_40_0.6667",20755741,40,preserve3_terminal_tpp_off_learning_curve,COMPLETED,/home/hersco/training_new_domains/2026-08-31/preserve3_terminal_tpp_stage2/20755741_Re-Tr_tpp_tpp_mcts_orig_novh_e.5_c.1_s534933607_K0_P3TERMS2A3_src20523050.txt
preserve3-term-tpp-off-534933607-a3-policy-e0045,policy_eval,tpp,off,534933607,stage2,ready,hadd-astar,"/home/hersco/bershco-nu-asnets/numeric-asnets/asnets/experiment-results/experiments_numeric.domain.tpp-experiments_numeric.architecture_2.tpp_mcts-2026-08-31T17:31:36.257747/P[domain,pfile1,pfile2,pfile4]-S[0.0003,50,enhsp-hadd-astar]-MO[]-T[518400]-04921245-3c74d66/snapshots/snapshot_45_0.6667",20755741,45,preserve3_terminal_tpp_off_learning_curve,COMPLETED,/home/hersco/training_new_domains/2026-08-31/preserve3_terminal_tpp_stage2/20755741_Re-Tr_tpp_tpp_mcts_orig_novh_e.5_c.1_s534933607_K0_P3TERMS2A3_src20523050.txt
preserve3-term-tpp-off-534933607-a3-policy-e0050,policy_eval,tpp,off,534933607,stage2,ready,hadd-astar,"/home/hersco/bershco-nu-asnets/numeric-asnets/asnets/experiment-results/experiments_numeric.domain.tpp-experiments_numeric.architecture_2.tpp_mcts-2026-08-31T17:31:36.257747/P[domain,pfile1,pfile2,pfile4]-S[0.0003,50,enhsp-hadd-astar]-MO[]-T[518400]-04921245-3c74d66/snapshots/snapshot_50_0.6667",20755741,50,preserve3_terminal_tpp_off_learning_curve,COMPLETED,/home/hersco/training_new_domains/2026-08-31/preserve3_terminal_tpp_stage2/20755741_Re-Tr_tpp_tpp_mcts_orig_novh_e.5_c.1_s534933607_K0_P3TERMS2A3_src20523050.txt
preserve3-term-tpp-off-534933607-a3-policy-e0055,policy_eval,tpp,off,534933607,stage2,ready,hadd-astar,"/home/hersco/bershco-nu-asnets/numeric-asnets/asnets/experiment-results/experiments_numeric.domain.tpp-experiments_numeric.architecture_2.tpp_mcts-2026-08-31T17:31:36.257747/P[domain,pfile1,pfile2,pfile4]-S[0.0003,50,enhsp-hadd-astar]-MO[]-T[518400]-04921245-3c74d66/snapshots/snapshot_55_0.6667",20755741,55,preserve3_terminal_tpp_off_learning_curve,COMPLETED,/home/hersco/training_new_domains/2026-08-31/preserve3_terminal_tpp_stage2/20755741_Re-Tr_tpp_tpp_mcts_orig_novh_e.5_c.1_s534933607_K0_P3TERMS2A3_src20523050.txt
preserve3-term-tpp-off-534933607-a3-policy-e0060,policy_eval,tpp,off,534933607,stage2,ready,hadd-astar,"/home/hersco/bershco-nu-asnets/numeric-asnets/asnets/experiment-results/experiments_numeric.domain.tpp-experiments_numeric.architecture_2.tpp_mcts-2026-08-31T17:31:36.257747/P[domain,pfile1,pfile2,pfile4]-S[0.0003,50,enhsp-hadd-astar]-MO[]-T[518400]-04921245-3c74d66/snapshots/snapshot_60_0.6667",20755741,60,preserve3_terminal_tpp_off_learning_curve,COMPLETED,/home/hersco/training_new_domains/2026-08-31/preserve3_terminal_tpp_stage2/20755741_Re-Tr_tpp_tpp_mcts_orig_novh_e.5_c.1_s534933607_K0_P3TERMS2A3_src20523050.txt
preserve3-term-tpp-off-534933607-a3-policy-e0065,policy_eval,tpp,off,534933607,stage2,ready,hadd-astar,"/home/hersco/bershco-nu-asnets/numeric-asnets/asnets/experiment-results/experiments_numeric.domain.tpp-experiments_numeric.architecture_2.tpp_mcts-2026-08-31T17:31:36.257747/P[domain,pfile1,pfile2,pfile4]-S[0.0003,50,enhsp-hadd-astar]-MO[]-T[518400]-04921245-3c74d66/snapshots/snapshot_65_0.6667",20755741,65,preserve3_terminal_tpp_off_learning_curve,COMPLETED,/home/hersco/training_new_domains/2026-08-31/preserve3_terminal_tpp_stage2/20755741_Re-Tr_tpp_tpp_mcts_orig_novh_e.5_c.1_s534933607_K0_P3TERMS2A3_src20523050.txt
preserve3-term-tpp-off-534933607-a3-policy-e0070,policy_eval,tpp,off,534933607,stage2,ready,hadd-astar,"/home/hersco/bershco-nu-asnets/numeric-asnets/asnets/experiment-results/experiments_numeric.domain.tpp-experiments_numeric.architecture_2.tpp_mcts-2026-08-31T17:31:36.257747/P[domain,pfile1,pfile2,pfile4]-S[0.0003,50,enhsp-hadd-astar]-MO[]-T[518400]-04921245-3c74d66/snapshots/snapshot_70_0.5000",20755741,70,preserve3_terminal_tpp_off_learning_curve,COMPLETED,/home/hersco/training_new_domains/2026-08-31/preserve3_terminal_tpp_stage2/20755741_Re-Tr_tpp_tpp_mcts_orig_novh_e.5_c.1_s534933607_K0_P3TERMS2A3_src20523050.txt
preserve3-term-tpp-off-534933607-a3-policy-e0075,policy_eval,tpp,off,534933607,stage2,ready,hadd-astar,"/home/hersco/bershco-nu-asnets/numeric-asnets/asnets/experiment-results/experiments_numeric.domain.tpp-experiments_numeric.architecture_2.tpp_mcts-2026-08-31T17:31:36.257747/P[domain,pfile1,pfile2,pfile4]-S[0.0003,50,enhsp-hadd-astar]-MO[]-T[518400]-04921245-3c74d66/snapshots/snapshot_75_0.5000",20755741,75,preserve3_terminal_tpp_off_learning_curve,COMPLETED,/home/hersco/training_new_domains/2026-08-31/preserve3_terminal_tpp_stage2/20755741_Re-Tr_tpp_tpp_mcts_orig_novh_e.5_c.1_s534933607_K0_P3TERMS2A3_src20523050.txt
preserve3-term-tpp-off-534933607-a3-policy-e0080,policy_eval,tpp,off,534933607,stage2,ready,hadd-astar,"/home/hersco/bershco-nu-asnets/numeric-asnets/asnets/experiment-results/experiments_numeric.domain.tpp-experiments_numeric.architecture_2.tpp_mcts-2026-08-31T17:31:36.257747/P[domain,pfile1,pfile2,pfile4]-S[0.0003,50,enhsp-hadd-astar]-MO[]-T[518400]-04921245-3c74d66/snapshots/snapshot_80_0.5000",20755741,80,preserve3_terminal_tpp_off_learning_curve,COMPLETED,/home/hersco/training_new_domains/2026-08-31/preserve3_terminal_tpp_stage2/20755741_Re-Tr_tpp_tpp_mcts_orig_novh_e.5_c.1_s534933607_K0_P3TERMS2A3_src20523050.txt
preserve3-term-tpp-off-534933607-a3-policy-e0085,policy_eval,tpp,off,534933607,stage2,ready,hadd-astar,"/home/hersco/bershco-nu-asnets/numeric-asnets/asnets/experiment-results/experiments_numeric.domain.tpp-experiments_numeric.architecture_2.tpp_mcts-2026-08-31T17:31:36.257747/P[domain,pfile1,pfile2,pfile4]-S[0.0003,50,enhsp-hadd-astar]-MO[]-T[518400]-04921245-3c74d66/snapshots/snapshot_85_0.5000",20755741,85,preserve3_terminal_tpp_off_learning_curve,COMPLETED,/home/hersco/training_new_domains/2026-08-31/preserve3_terminal_tpp_stage2/20755741_Re-Tr_tpp_tpp_mcts_orig_novh_e.5_c.1_s534933607_K0_P3TERMS2A3_src20523050.txt
preserve3-term-tpp-off-534933607-a3-policy-e0090,policy_eval,tpp,off,534933607,stage2,ready,hadd-astar,"/home/hersco/bershco-nu-asnets/numeric-asnets/asnets/experiment-results/experiments_numeric.domain.tpp-experiments_numeric.architecture_2.tpp_mcts-2026-08-31T17:31:36.257747/P[domain,pfile1,pfile2,pfile4]-S[0.0003,50,enhsp-hadd-astar]-MO[]-T[518400]-04921245-3c74d66/snapshots/snapshot_90_0.5000",20755741,90,preserve3_terminal_tpp_off_learning_curve;preserve3_terminal_tpp_off_validation_selected_policy,COMPLETED,/home/hersco/training_new_domains/2026-08-31/preserve3_terminal_tpp_stage2/20755741_Re-Tr_tpp_tpp_mcts_orig_novh_e.5_c.1_s534933607_K0_P3TERMS2A3_src20523050.txt
preserve3-term-tpp-off-534933607-a3-policy-e0095,policy_eval,tpp,off,534933607,stage2,ready,hadd-astar,"/home/hersco/bershco-nu-asnets/numeric-asnets/asnets/experiment-results/experiments_numeric.domain.tpp-experiments_numeric.architecture_2.tpp_mcts-2026-08-31T17:31:36.257747/P[domain,pfile1,pfile2,pfile4]-S[0.0003,50,enhsp-hadd-astar]-MO[]-T[518400]-04921245-3c74d66/snapshots/snapshot_95_0.5000",20755741,95,preserve3_terminal_tpp_off_learning_curve,COMPLETED,/home/hersco/training_new_domains/2026-08-31/preserve3_terminal_tpp_stage2/20755741_Re-Tr_tpp_tpp_mcts_orig_novh_e.5_c.1_s534933607_K0_P3TERMS2A3_src20523050.txt
preserve3-term-tpp-off-534933607-a3-policy-e0099,policy_eval,tpp,off,534933607,stage2,ready,hadd-astar,"/home/hersco/bershco-nu-asnets/numeric-asnets/asnets/experiment-results/experiments_numeric.domain.tpp-experiments_numeric.architecture_2.tpp_mcts-2026-08-31T17:31:36.257747/P[domain,pfile1,pfile2,pfile4]-S[0.0003,50,enhsp-hadd-astar]-MO[]-T[518400]-04921245-3c74d66/snapshots/snapshot_99_0.5000",20755741,99,preserve3_terminal_tpp_off_learning_curve;preserve3_terminal_tpp_off_final_policy,COMPLETED,/home/hersco/training_new_domains/2026-08-31/preserve3_terminal_tpp_stage2/20755741_Re-Tr_tpp_tpp_mcts_orig_novh_e.5_c.1_s534933607_K0_P3TERMS2A3_src20523050.txt
preserve3-term-tpp-off-923500475-a3-policy-e0000,policy_eval,tpp,off,923500475,stage2,ready,hadd-astar,"/home/hersco/bershco-nu-asnets/numeric-asnets/asnets/experiment-results/experiments_numeric.domain.tpp-experiments_numeric.architecture_2.tpp_mcts-2026-08-31T18:00:06.564478/P[domain,pfile1,pfile2,pfile4]-S[0.0003,50,enhsp-hadd-astar]-MO[]-T[518400]-04921274-5194f74/snapshots/snapshot_0_1.0000",20755743,0,preserve3_terminal_tpp_off_learning_curve,COMPLETED,/home/hersco/training_new_domains/2026-08-31/preserve3_terminal_tpp_stage2/20755743_Re-Tr_tpp_tpp_mcts_orig_novh_e.5_c.1_s923500475_K0_P3TERMS2A3_src20523059.txt
preserve3-term-tpp-off-923500475-a3-policy-e0005,policy_eval,tpp,off,923500475,stage2,ready,hadd-astar,"/home/hersco/bershco-nu-asnets/numeric-asnets/asnets/experiment-results/experiments_numeric.domain.tpp-experiments_numeric.architecture_2.tpp_mcts-2026-08-31T18:00:06.564478/P[domain,pfile1,pfile2,pfile4]-S[0.0003,50,enhsp-hadd-astar]-MO[]-T[518400]-04921274-5194f74/snapshots/snapshot_5_0.6667",20755743,5,preserve3_terminal_tpp_off_learning_curve,COMPLETED,/home/hersco/training_new_domains/2026-08-31/preserve3_terminal_tpp_stage2/20755743_Re-Tr_tpp_tpp_mcts_orig_novh_e.5_c.1_s923500475_K0_P3TERMS2A3_src20523059.txt
preserve3-term-tpp-off-923500475-a3-policy-e0010,policy_eval,tpp,off,923500475,stage2,ready,hadd-astar,"/home/hersco/bershco-nu-asnets/numeric-asnets/asnets/experiment-results/experiments_numeric.domain.tpp-experiments_numeric.architecture_2.tpp_mcts-2026-08-31T18:00:06.564478/P[domain,pfile1,pfile2,pfile4]-S[0.0003,50,enhsp-hadd-astar]-MO[]-T[518400]-04921274-5194f74/snapshots/snapshot_10_1.0000",20755743,10,preserve3_terminal_tpp_off_learning_curve,COMPLETED,/home/hersco/training_new_domains/2026-08-31/preserve3_terminal_tpp_stage2/20755743_Re-Tr_tpp_tpp_mcts_orig_novh_e.5_c.1_s923500475_K0_P3TERMS2A3_src20523059.txt
preserve3-term-tpp-off-923500475-a3-policy-e0015,policy_eval,tpp,off,923500475,stage2,ready,hadd-astar,"/home/hersco/bershco-nu-asnets/numeric-asnets/asnets/experiment-results/experiments_numeric.domain.tpp-experiments_numeric.architecture_2.tpp_mcts-2026-08-31T18:00:06.564478/P[domain,pfile1,pfile2,pfile4]-S[0.0003,50,enhsp-hadd-astar]-MO[]-T[518400]-04921274-5194f74/snapshots/snapshot_15_1.0000",20755743,15,preserve3_terminal_tpp_off_learning_curve,COMPLETED,/home/hersco/training_new_domains/2026-08-31/preserve3_terminal_tpp_stage2/20755743_Re-Tr_tpp_tpp_mcts_orig_novh_e.5_c.1_s923500475_K0_P3TERMS2A3_src20523059.txt
preserve3-term-tpp-off-923500475-a3-policy-e0020,policy_eval,tpp,off,923500475,stage2,ready,hadd-astar,"/home/hersco/bershco-nu-asnets/numeric-asnets/asnets/experiment-results/experiments_numeric.domain.tpp-experiments_numeric.architecture_2.tpp_mcts-2026-08-31T18:00:06.564478/P[domain,pfile1,pfile2,pfile4]-S[0.0003,50,enhsp-hadd-astar]-MO[]-T[518400]-04921274-5194f74/snapshots/snapshot_20_1.0000",20755743,20,preserve3_terminal_tpp_off_learning_curve,COMPLETED,/home/hersco/training_new_domains/2026-08-31/preserve3_terminal_tpp_stage2/20755743_Re-Tr_tpp_tpp_mcts_orig_novh_e.5_c.1_s923500475_K0_P3TERMS2A3_src20523059.txt
preserve3-term-tpp-off-923500475-a3-policy-e0025,policy_eval,tpp,off,923500475,stage2,ready,hadd-astar,"/home/hersco/bershco-nu-asnets/numeric-asnets/asnets/experiment-results/experiments_numeric.domain.tpp-experiments_numeric.architecture_2.tpp_mcts-2026-08-31T18:00:06.564478/P[domain,pfile1,pfile2,pfile4]-S[0.0003,50,enhsp-hadd-astar]-MO[]-T[518400]-04921274-5194f74/snapshots/snapshot_25_1.0000",20755743,25,preserve3_terminal_tpp_off_learning_curve,COMPLETED,/home/hersco/training_new_domains/2026-08-31/preserve3_terminal_tpp_stage2/20755743_Re-Tr_tpp_tpp_mcts_orig_novh_e.5_c.1_s923500475_K0_P3TERMS2A3_src20523059.txt
preserve3-term-tpp-off-923500475-a3-policy-e0030,policy_eval,tpp,off,923500475,stage2,ready,hadd-astar,"/home/hersco/bershco-nu-asnets/numeric-asnets/asnets/experiment-results/experiments_numeric.domain.tpp-experiments_numeric.architecture_2.tpp_mcts-2026-08-31T18:00:06.564478/P[domain,pfile1,pfile2,pfile4]-S[0.0003,50,enhsp-hadd-astar]-MO[]-T[518400]-04921274-5194f74/snapshots/snapshot_30_1.0000",20755743,30,preserve3_terminal_tpp_off_learning_curve,COMPLETED,/home/hersco/training_new_domains/2026-08-31/preserve3_terminal_tpp_stage2/20755743_Re-Tr_tpp_tpp_mcts_orig_novh_e.5_c.1_s923500475_K0_P3TERMS2A3_src20523059.txt
preserve3-term-tpp-off-923500475-a3-policy-e0035,policy_eval,tpp,off,923500475,stage2,ready,hadd-astar,"/home/hersco/bershco-nu-asnets/numeric-asnets/asnets/experiment-results/experiments_numeric.domain.tpp-experiments_numeric.architecture_2.tpp_mcts-2026-08-31T18:00:06.564478/P[domain,pfile1,pfile2,pfile4]-S[0.0003,50,enhsp-hadd-astar]-MO[]-T[518400]-04921274-5194f74/snapshots/snapshot_35_1.0000",20755743,35,preserve3_terminal_tpp_off_learning_curve,COMPLETED,/home/hersco/training_new_domains/2026-08-31/preserve3_terminal_tpp_stage2/20755743_Re-Tr_tpp_tpp_mcts_orig_novh_e.5_c.1_s923500475_K0_P3TERMS2A3_src20523059.txt
preserve3-term-tpp-off-923500475-a3-policy-e0040,policy_eval,tpp,off,923500475,stage2,ready,hadd-astar,"/home/hersco/bershco-nu-asnets/numeric-asnets/asnets/experiment-results/experiments_numeric.domain.tpp-experiments_numeric.architecture_2.tpp_mcts-2026-08-31T18:00:06.564478/P[domain,pfile1,pfile2,pfile4]-S[0.0003,50,enhsp-hadd-astar]-MO[]-T[518400]-04921274-5194f74/snapshots/snapshot_40_1.0000",20755743,40,preserve3_terminal_tpp_off_learning_curve,COMPLETED,/home/hersco/training_new_domains/2026-08-31/preserve3_terminal_tpp_stage2/20755743_Re-Tr_tpp_tpp_mcts_orig_novh_e.5_c.1_s923500475_K0_P3TERMS2A3_src20523059.txt
preserve3-term-tpp-off-923500475-a3-policy-e0045,policy_eval,tpp,off,923500475,stage2,ready,hadd-astar,"/home/hersco/bershco-nu-asnets/numeric-asnets/asnets/experiment-results/experiments_numeric.domain.tpp-experiments_numeric.architecture_2.tpp_mcts-2026-08-31T18:00:06.564478/P[domain,pfile1,pfile2,pfile4]-S[0.0003,50,enhsp-hadd-astar]-MO[]-T[518400]-04921274-5194f74/snapshots/snapshot_45_1.0000",20755743,45,preserve3_terminal_tpp_off_learning_curve,COMPLETED,/home/hersco/training_new_domains/2026-08-31/preserve3_terminal_tpp_stage2/20755743_Re-Tr_tpp_tpp_mcts_orig_novh_e.5_c.1_s923500475_K0_P3TERMS2A3_src20523059.txt
preserve3-term-tpp-off-923500475-a3-policy-e0050,policy_eval,tpp,off,923500475,stage2,ready,hadd-astar,"/home/hersco/bershco-nu-asnets/numeric-asnets/asnets/experiment-results/experiments_numeric.domain.tpp-experiments_numeric.architecture_2.tpp_mcts-2026-08-31T18:00:06.564478/P[domain,pfile1,pfile2,pfile4]-S[0.0003,50,enhsp-hadd-astar]-MO[]-T[518400]-04921274-5194f74/snapshots/snapshot_50_1.0000",20755743,50,preserve3_terminal_tpp_off_learning_curve,COMPLETED,/home/hersco/training_new_domains/2026-08-31/preserve3_terminal_tpp_stage2/20755743_Re-Tr_tpp_tpp_mcts_orig_novh_e.5_c.1_s923500475_K0_P3TERMS2A3_src20523059.txt
preserve3-term-tpp-off-923500475-a3-policy-e0055,policy_eval,tpp,off,923500475,stage2,ready,hadd-astar,"/home/hersco/bershco-nu-asnets/numeric-asnets/asnets/experiment-results/experiments_numeric.domain.tpp-experiments_numeric.architecture_2.tpp_mcts-2026-08-31T18:00:06.564478/P[domain,pfile1,pfile2,pfile4]-S[0.0003,50,enhsp-hadd-astar]-MO[]-T[518400]-04921274-5194f74/snapshots/snapshot_55_1.0000",20755743,55,preserve3_terminal_tpp_off_learning_curve,COMPLETED,/home/hersco/training_new_domains/2026-08-31/preserve3_terminal_tpp_stage2/20755743_Re-Tr_tpp_tpp_mcts_orig_novh_e.5_c.1_s923500475_K0_P3TERMS2A3_src20523059.txt
preserve3-term-tpp-off-923500475-a3-policy-e0060,policy_eval,tpp,off,923500475,stage2,ready,hadd-astar,"/home/hersco/bershco-nu-asnets/numeric-asnets/asnets/experiment-results/experiments_numeric.domain.tpp-experiments_numeric.architecture_2.tpp_mcts-2026-08-31T18:00:06.564478/P[domain,pfile1,pfile2,pfile4]-S[0.0003,50,enhsp-hadd-astar]-MO[]-T[518400]-04921274-5194f74/snapshots/snapshot_60_1.0000",20755743,60,preserve3_terminal_tpp_off_learning_curve,COMPLETED,/home/hersco/training_new_domains/2026-08-31/preserve3_terminal_tpp_stage2/20755743_Re-Tr_tpp_tpp_mcts_orig_novh_e.5_c.1_s923500475_K0_P3TERMS2A3_src20523059.txt
preserve3-term-tpp-off-923500475-a3-policy-e0065,policy_eval,tpp,off,923500475,stage2,ready,hadd-astar,"/home/hersco/bershco-nu-asnets/numeric-asnets/asnets/experiment-results/experiments_numeric.domain.tpp-experiments_numeric.architecture_2.tpp_mcts-2026-08-31T18:00:06.564478/P[domain,pfile1,pfile2,pfile4]-S[0.0003,50,enhsp-hadd-astar]-MO[]-T[518400]-04921274-5194f74/snapshots/snapshot_65_0.6667",20755743,65,preserve3_terminal_tpp_off_learning_curve,COMPLETED,/home/hersco/training_new_domains/2026-08-31/preserve3_terminal_tpp_stage2/20755743_Re-Tr_tpp_tpp_mcts_orig_novh_e.5_c.1_s923500475_K0_P3TERMS2A3_src20523059.txt
preserve3-term-tpp-off-923500475-a3-policy-e0070,policy_eval,tpp,off,923500475,stage2,ready,hadd-astar,"/home/hersco/bershco-nu-asnets/numeric-asnets/asnets/experiment-results/experiments_numeric.domain.tpp-experiments_numeric.architecture_2.tpp_mcts-2026-08-31T18:00:06.564478/P[domain,pfile1,pfile2,pfile4]-S[0.0003,50,enhsp-hadd-astar]-MO[]-T[518400]-04921274-5194f74/snapshots/snapshot_70_1.0000",20755743,70,preserve3_terminal_tpp_off_learning_curve,COMPLETED,/home/hersco/training_new_domains/2026-08-31/preserve3_terminal_tpp_stage2/20755743_Re-Tr_tpp_tpp_mcts_orig_novh_e.5_c.1_s923500475_K0_P3TERMS2A3_src20523059.txt
preserve3-term-tpp-off-923500475-a3-policy-e0075,policy_eval,tpp,off,923500475,stage2,ready,hadd-astar,"/home/hersco/bershco-nu-asnets/numeric-asnets/asnets/experiment-results/experiments_numeric.domain.tpp-experiments_numeric.architecture_2.tpp_mcts-2026-08-31T18:00:06.564478/P[domain,pfile1,pfile2,pfile4]-S[0.0003,50,enhsp-hadd-astar]-MO[]-T[518400]-04921274-5194f74/snapshots/snapshot_75_0.7500",20755743,75,preserve3_terminal_tpp_off_learning_curve,COMPLETED,/home/hersco/training_new_domains/2026-08-31/preserve3_terminal_tpp_stage2/20755743_Re-Tr_tpp_tpp_mcts_orig_novh_e.5_c.1_s923500475_K0_P3TERMS2A3_src20523059.txt
preserve3-term-tpp-off-923500475-a3-policy-e0079,policy_eval,tpp,off,923500475,stage2,ready,hadd-astar,"/home/hersco/bershco-nu-asnets/numeric-asnets/asnets/experiment-results/experiments_numeric.domain.tpp-experiments_numeric.architecture_2.tpp_mcts-2026-08-31T18:00:06.564478/P[domain,pfile1,pfile2,pfile4]-S[0.0003,50,enhsp-hadd-astar]-MO[]-T[518400]-04921274-5194f74/snapshots/snapshot_79_1.0000",20755743,79,preserve3_terminal_tpp_off_learning_curve;preserve3_terminal_tpp_off_validation_selected_policy,COMPLETED,/home/hersco/training_new_domains/2026-08-31/preserve3_terminal_tpp_stage2/20755743_Re-Tr_tpp_tpp_mcts_orig_novh_e.5_c.1_s923500475_K0_P3TERMS2A3_src20523059.txt
preserve3-term-tpp-off-923500475-a3-policy-e0080,policy_eval,tpp,off,923500475,stage2,ready,hadd-astar,"/home/hersco/bershco-nu-asnets/numeric-asnets/asnets/experiment-results/experiments_numeric.domain.tpp-experiments_numeric.architecture_2.tpp_mcts-2026-08-31T18:00:06.564478/P[domain,pfile1,pfile2,pfile4]-S[0.0003,50,enhsp-hadd-astar]-MO[]-T[518400]-04921274-5194f74/snapshots/snapshot_80_0.7500",20755743,80,preserve3_terminal_tpp_off_learning_curve,COMPLETED,/home/hersco/training_new_domains/2026-08-31/preserve3_terminal_tpp_stage2/20755743_Re-Tr_tpp_tpp_mcts_orig_novh_e.5_c.1_s923500475_K0_P3TERMS2A3_src20523059.txt
preserve3-term-tpp-off-923500475-a3-policy-e0085,policy_eval,tpp,off,923500475,stage2,ready,hadd-astar,"/home/hersco/bershco-nu-asnets/numeric-asnets/asnets/experiment-results/experiments_numeric.domain.tpp-experiments_numeric.architecture_2.tpp_mcts-2026-08-31T18:00:06.564478/P[domain,pfile1,pfile2,pfile4]-S[0.0003,50,enhsp-hadd-astar]-MO[]-T[518400]-04921274-5194f74/snapshots/snapshot_85_0.7500",20755743,85,preserve3_terminal_tpp_off_learning_curve,COMPLETED,/home/hersco/training_new_domains/2026-08-31/preserve3_terminal_tpp_stage2/20755743_Re-Tr_tpp_tpp_mcts_orig_novh_e.5_c.1_s923500475_K0_P3TERMS2A3_src20523059.txt
preserve3-term-tpp-off-923500475-a3-policy-e0090,policy_eval,tpp,off,923500475,stage2,ready,hadd-astar,"/home/hersco/bershco-nu-asnets/numeric-asnets/asnets/experiment-results/experiments_numeric.domain.tpp-experiments_numeric.architecture_2.tpp_mcts-2026-08-31T18:00:06.564478/P[domain,pfile1,pfile2,pfile4]-S[0.0003,50,enhsp-hadd-astar]-MO[]-T[518400]-04921274-5194f74/snapshots/snapshot_90_1.0000",20755743,90,preserve3_terminal_tpp_off_learning_curve,COMPLETED,/home/hersco/training_new_domains/2026-08-31/preserve3_terminal_tpp_stage2/20755743_Re-Tr_tpp_tpp_mcts_orig_novh_e.5_c.1_s923500475_K0_P3TERMS2A3_src20523059.txt
preserve3-term-tpp-off-923500475-a3-policy-e0095,policy_eval,tpp,off,923500475,stage2,ready,hadd-astar,"/home/hersco/bershco-nu-asnets/numeric-asnets/asnets/experiment-results/experiments_numeric.domain.tpp-experiments_numeric.architecture_2.tpp_mcts-2026-08-31T18:00:06.564478/P[domain,pfile1,pfile2,pfile4]-S[0.0003,50,enhsp-hadd-astar]-MO[]-T[518400]-04921274-5194f74/snapshots/snapshot_95_1.0000",20755743,95,preserve3_terminal_tpp_off_learning_curve,COMPLETED,/home/hersco/training_new_domains/2026-08-31/preserve3_terminal_tpp_stage2/20755743_Re-Tr_tpp_tpp_mcts_orig_novh_e.5_c.1_s923500475_K0_P3TERMS2A3_src20523059.txt
preserve3-term-tpp-off-923500475-a3-policy-e0099,policy_eval,tpp,off,923500475,stage2,ready,hadd-astar,"/home/hersco/bershco-nu-asnets/numeric-asnets/asnets/experiment-results/experiments_numeric.domain.tpp-experiments_numeric.architecture_2.tpp_mcts-2026-08-31T18:00:06.564478/P[domain,pfile1,pfile2,pfile4]-S[0.0003,50,enhsp-hadd-astar]-MO[]-T[518400]-04921274-5194f74/snapshots/snapshot_99_1.0000",20755743,99,preserve3_terminal_tpp_off_learning_curve;preserve3_terminal_tpp_off_final_policy,COMPLETED,/home/hersco/training_new_domains/2026-08-31/preserve3_terminal_tpp_stage2/20755743_Re-Tr_tpp_tpp_mcts_orig_novh_e.5_c.1_s923500475_K0_P3TERMS2A3_src20523059.txt
preserve3-term-tpp-off-1073581256-a3-policy-e0000,policy_eval,tpp,off,1073581256,stage2,ready,hadd-astar,"/home/hersco/bershco-nu-asnets/numeric-asnets/asnets/experiment-results/experiments_numeric.domain.tpp-experiments_numeric.architecture_2.tpp_mcts-2026-08-31T17:33:24.871385/P[domain,pfile1,pfile2,pfile4]-S[0.0003,50,enhsp-hadd-astar]-MO[]-T[518400]-04921247-1247c09/snapshots/snapshot_0_1.0000",20755744,0,preserve3_terminal_tpp_off_learning_curve,COMPLETED,/home/hersco/training_new_domains/2026-08-31/preserve3_terminal_tpp_stage2/20755744_Re-Tr_tpp_tpp_mcts_orig_novh_e.5_c.1_s1073581256_K0_P3TERMS2A3_src20523041.txt
preserve3-term-tpp-off-1073581256-a3-policy-e0001,policy_eval,tpp,off,1073581256,stage2,ready,hadd-astar,"/home/hersco/bershco-nu-asnets/numeric-asnets/asnets/experiment-results/experiments_numeric.domain.tpp-experiments_numeric.architecture_2.tpp_mcts-2026-08-31T17:33:24.871385/P[domain,pfile1,pfile2,pfile4]-S[0.0003,50,enhsp-hadd-astar]-MO[]-T[518400]-04921247-1247c09/snapshots/snapshot_1_1.0000",20755744,1,preserve3_terminal_tpp_off_learning_curve;preserve3_terminal_tpp_off_validation_selected_policy,COMPLETED,/home/hersco/training_new_domains/2026-08-31/preserve3_terminal_tpp_stage2/20755744_Re-Tr_tpp_tpp_mcts_orig_novh_e.5_c.1_s1073581256_K0_P3TERMS2A3_src20523041.txt
preserve3-term-tpp-off-1073581256-a3-policy-e0005,policy_eval,tpp,off,1073581256,stage2,ready,hadd-astar,"/home/hersco/bershco-nu-asnets/numeric-asnets/asnets/experiment-results/experiments_numeric.domain.tpp-experiments_numeric.architecture_2.tpp_mcts-2026-08-31T17:33:24.871385/P[domain,pfile1,pfile2,pfile4]-S[0.0003,50,enhsp-hadd-astar]-MO[]-T[518400]-04921247-1247c09/snapshots/snapshot_5_1.0000",20755744,5,preserve3_terminal_tpp_off_learning_curve,COMPLETED,/home/hersco/training_new_domains/2026-08-31/preserve3_terminal_tpp_stage2/20755744_Re-Tr_tpp_tpp_mcts_orig_novh_e.5_c.1_s1073581256_K0_P3TERMS2A3_src20523041.txt
preserve3-term-tpp-off-1073581256-a3-policy-e0010,policy_eval,tpp,off,1073581256,stage2,ready,hadd-astar,"/home/hersco/bershco-nu-asnets/numeric-asnets/asnets/experiment-results/experiments_numeric.domain.tpp-experiments_numeric.architecture_2.tpp_mcts-2026-08-31T17:33:24.871385/P[domain,pfile1,pfile2,pfile4]-S[0.0003,50,enhsp-hadd-astar]-MO[]-T[518400]-04921247-1247c09/snapshots/snapshot_10_1.0000",20755744,10,preserve3_terminal_tpp_off_learning_curve,COMPLETED,/home/hersco/training_new_domains/2026-08-31/preserve3_terminal_tpp_stage2/20755744_Re-Tr_tpp_tpp_mcts_orig_novh_e.5_c.1_s1073581256_K0_P3TERMS2A3_src20523041.txt
preserve3-term-tpp-off-1073581256-a3-policy-e0015,policy_eval,tpp,off,1073581256,stage2,ready,hadd-astar,"/home/hersco/bershco-nu-asnets/numeric-asnets/asnets/experiment-results/experiments_numeric.domain.tpp-experiments_numeric.architecture_2.tpp_mcts-2026-08-31T17:33:24.871385/P[domain,pfile1,pfile2,pfile4]-S[0.0003,50,enhsp-hadd-astar]-MO[]-T[518400]-04921247-1247c09/snapshots/snapshot_15_1.0000",20755744,15,preserve3_terminal_tpp_off_learning_curve,COMPLETED,/home/hersco/training_new_domains/2026-08-31/preserve3_terminal_tpp_stage2/20755744_Re-Tr_tpp_tpp_mcts_orig_novh_e.5_c.1_s1073581256_K0_P3TERMS2A3_src20523041.txt
preserve3-term-tpp-off-1073581256-a3-policy-e0020,policy_eval,tpp,off,1073581256,stage2,ready,hadd-astar,"/home/hersco/bershco-nu-asnets/numeric-asnets/asnets/experiment-results/experiments_numeric.domain.tpp-experiments_numeric.architecture_2.tpp_mcts-2026-08-31T17:33:24.871385/P[domain,pfile1,pfile2,pfile4]-S[0.0003,50,enhsp-hadd-astar]-MO[]-T[518400]-04921247-1247c09/snapshots/snapshot_20_1.0000",20755744,20,preserve3_terminal_tpp_off_learning_curve,COMPLETED,/home/hersco/training_new_domains/2026-08-31/preserve3_terminal_tpp_stage2/20755744_Re-Tr_tpp_tpp_mcts_orig_novh_e.5_c.1_s1073581256_K0_P3TERMS2A3_src20523041.txt
preserve3-term-tpp-off-1073581256-a3-policy-e0025,policy_eval,tpp,off,1073581256,stage2,ready,hadd-astar,"/home/hersco/bershco-nu-asnets/numeric-asnets/asnets/experiment-results/experiments_numeric.domain.tpp-experiments_numeric.architecture_2.tpp_mcts-2026-08-31T17:33:24.871385/P[domain,pfile1,pfile2,pfile4]-S[0.0003,50,enhsp-hadd-astar]-MO[]-T[518400]-04921247-1247c09/snapshots/snapshot_25_1.0000",20755744,25,preserve3_terminal_tpp_off_learning_curve,COMPLETED,/home/hersco/training_new_domains/2026-08-31/preserve3_terminal_tpp_stage2/20755744_Re-Tr_tpp_tpp_mcts_orig_novh_e.5_c.1_s1073581256_K0_P3TERMS2A3_src20523041.txt
preserve3-term-tpp-off-1073581256-a3-policy-e0030,policy_eval,tpp,off,1073581256,stage2,ready,hadd-astar,"/home/hersco/bershco-nu-asnets/numeric-asnets/asnets/experiment-results/experiments_numeric.domain.tpp-experiments_numeric.architecture_2.tpp_mcts-2026-08-31T17:33:24.871385/P[domain,pfile1,pfile2,pfile4]-S[0.0003,50,enhsp-hadd-astar]-MO[]-T[518400]-04921247-1247c09/snapshots/snapshot_30_1.0000",20755744,30,preserve3_terminal_tpp_off_learning_curve,COMPLETED,/home/hersco/training_new_domains/2026-08-31/preserve3_terminal_tpp_stage2/20755744_Re-Tr_tpp_tpp_mcts_orig_novh_e.5_c.1_s1073581256_K0_P3TERMS2A3_src20523041.txt
preserve3-term-tpp-off-1073581256-a3-policy-e0035,policy_eval,tpp,off,1073581256,stage2,ready,hadd-astar,"/home/hersco/bershco-nu-asnets/numeric-asnets/asnets/experiment-results/experiments_numeric.domain.tpp-experiments_numeric.architecture_2.tpp_mcts-2026-08-31T17:33:24.871385/P[domain,pfile1,pfile2,pfile4]-S[0.0003,50,enhsp-hadd-astar]-MO[]-T[518400]-04921247-1247c09/snapshots/snapshot_35_1.0000",20755744,35,preserve3_terminal_tpp_off_learning_curve,COMPLETED,/home/hersco/training_new_domains/2026-08-31/preserve3_terminal_tpp_stage2/20755744_Re-Tr_tpp_tpp_mcts_orig_novh_e.5_c.1_s1073581256_K0_P3TERMS2A3_src20523041.txt
preserve3-term-tpp-off-1073581256-a3-policy-e0040,policy_eval,tpp,off,1073581256,stage2,ready,hadd-astar,"/home/hersco/bershco-nu-asnets/numeric-asnets/asnets/experiment-results/experiments_numeric.domain.tpp-experiments_numeric.architecture_2.tpp_mcts-2026-08-31T17:33:24.871385/P[domain,pfile1,pfile2,pfile4]-S[0.0003,50,enhsp-hadd-astar]-MO[]-T[518400]-04921247-1247c09/snapshots/snapshot_40_1.0000",20755744,40,preserve3_terminal_tpp_off_learning_curve,COMPLETED,/home/hersco/training_new_domains/2026-08-31/preserve3_terminal_tpp_stage2/20755744_Re-Tr_tpp_tpp_mcts_orig_novh_e.5_c.1_s1073581256_K0_P3TERMS2A3_src20523041.txt
preserve3-term-tpp-off-1073581256-a3-policy-e0045,policy_eval,tpp,off,1073581256,stage2,ready,hadd-astar,"/home/hersco/bershco-nu-asnets/numeric-asnets/asnets/experiment-results/experiments_numeric.domain.tpp-experiments_numeric.architecture_2.tpp_mcts-2026-08-31T17:33:24.871385/P[domain,pfile1,pfile2,pfile4]-S[0.0003,50,enhsp-hadd-astar]-MO[]-T[518400]-04921247-1247c09/snapshots/snapshot_45_1.0000",20755744,45,preserve3_terminal_tpp_off_learning_curve,COMPLETED,/home/hersco/training_new_domains/2026-08-31/preserve3_terminal_tpp_stage2/20755744_Re-Tr_tpp_tpp_mcts_orig_novh_e.5_c.1_s1073581256_K0_P3TERMS2A3_src20523041.txt
preserve3-term-tpp-off-1073581256-a3-policy-e0050,policy_eval,tpp,off,1073581256,stage2,ready,hadd-astar,"/home/hersco/bershco-nu-asnets/numeric-asnets/asnets/experiment-results/experiments_numeric.domain.tpp-experiments_numeric.architecture_2.tpp_mcts-2026-08-31T17:33:24.871385/P[domain,pfile1,pfile2,pfile4]-S[0.0003,50,enhsp-hadd-astar]-MO[]-T[518400]-04921247-1247c09/snapshots/snapshot_50_1.0000",20755744,50,preserve3_terminal_tpp_off_learning_curve,COMPLETED,/home/hersco/training_new_domains/2026-08-31/preserve3_terminal_tpp_stage2/20755744_Re-Tr_tpp_tpp_mcts_orig_novh_e.5_c.1_s1073581256_K0_P3TERMS2A3_src20523041.txt
preserve3-term-tpp-off-1073581256-a3-policy-e0055,policy_eval,tpp,off,1073581256,stage2,ready,hadd-astar,"/home/hersco/bershco-nu-asnets/numeric-asnets/asnets/experiment-results/experiments_numeric.domain.tpp-experiments_numeric.architecture_2.tpp_mcts-2026-08-31T17:33:24.871385/P[domain,pfile1,pfile2,pfile4]-S[0.0003,50,enhsp-hadd-astar]-MO[]-T[518400]-04921247-1247c09/snapshots/snapshot_55_1.0000",20755744,55,preserve3_terminal_tpp_off_learning_curve,COMPLETED,/home/hersco/training_new_domains/2026-08-31/preserve3_terminal_tpp_stage2/20755744_Re-Tr_tpp_tpp_mcts_orig_novh_e.5_c.1_s1073581256_K0_P3TERMS2A3_src20523041.txt
preserve3-term-tpp-off-1073581256-a3-policy-e0060,policy_eval,tpp,off,1073581256,stage2,ready,hadd-astar,"/home/hersco/bershco-nu-asnets/numeric-asnets/asnets/experiment-results/experiments_numeric.domain.tpp-experiments_numeric.architecture_2.tpp_mcts-2026-08-31T17:33:24.871385/P[domain,pfile1,pfile2,pfile4]-S[0.0003,50,enhsp-hadd-astar]-MO[]-T[518400]-04921247-1247c09/snapshots/snapshot_60_1.0000",20755744,60,preserve3_terminal_tpp_off_learning_curve,COMPLETED,/home/hersco/training_new_domains/2026-08-31/preserve3_terminal_tpp_stage2/20755744_Re-Tr_tpp_tpp_mcts_orig_novh_e.5_c.1_s1073581256_K0_P3TERMS2A3_src20523041.txt
preserve3-term-tpp-off-1073581256-a3-policy-e0065,policy_eval,tpp,off,1073581256,stage2,ready,hadd-astar,"/home/hersco/bershco-nu-asnets/numeric-asnets/asnets/experiment-results/experiments_numeric.domain.tpp-experiments_numeric.architecture_2.tpp_mcts-2026-08-31T17:33:24.871385/P[domain,pfile1,pfile2,pfile4]-S[0.0003,50,enhsp-hadd-astar]-MO[]-T[518400]-04921247-1247c09/snapshots/snapshot_65_1.0000",20755744,65,preserve3_terminal_tpp_off_learning_curve,COMPLETED,/home/hersco/training_new_domains/2026-08-31/preserve3_terminal_tpp_stage2/20755744_Re-Tr_tpp_tpp_mcts_orig_novh_e.5_c.1_s1073581256_K0_P3TERMS2A3_src20523041.txt
preserve3-term-tpp-off-1073581256-a3-policy-e0070,policy_eval,tpp,off,1073581256,stage2,ready,hadd-astar,"/home/hersco/bershco-nu-asnets/numeric-asnets/asnets/experiment-results/experiments_numeric.domain.tpp-experiments_numeric.architecture_2.tpp_mcts-2026-08-31T17:33:24.871385/P[domain,pfile1,pfile2,pfile4]-S[0.0003,50,enhsp-hadd-astar]-MO[]-T[518400]-04921247-1247c09/snapshots/snapshot_70_1.0000",20755744,70,preserve3_terminal_tpp_off_learning_curve,COMPLETED,/home/hersco/training_new_domains/2026-08-31/preserve3_terminal_tpp_stage2/20755744_Re-Tr_tpp_tpp_mcts_orig_novh_e.5_c.1_s1073581256_K0_P3TERMS2A3_src20523041.txt
preserve3-term-tpp-off-1073581256-a3-policy-e0075,policy_eval,tpp,off,1073581256,stage2,ready,hadd-astar,"/home/hersco/bershco-nu-asnets/numeric-asnets/asnets/experiment-results/experiments_numeric.domain.tpp-experiments_numeric.architecture_2.tpp_mcts-2026-08-31T17:33:24.871385/P[domain,pfile1,pfile2,pfile4]-S[0.0003,50,enhsp-hadd-astar]-MO[]-T[518400]-04921247-1247c09/snapshots/snapshot_75_1.0000",20755744,75,preserve3_terminal_tpp_off_learning_curve,COMPLETED,/home/hersco/training_new_domains/2026-08-31/preserve3_terminal_tpp_stage2/20755744_Re-Tr_tpp_tpp_mcts_orig_novh_e.5_c.1_s1073581256_K0_P3TERMS2A3_src20523041.txt
preserve3-term-tpp-off-1073581256-a3-policy-e0080,policy_eval,tpp,off,1073581256,stage2,ready,hadd-astar,"/home/hersco/bershco-nu-asnets/numeric-asnets/asnets/experiment-results/experiments_numeric.domain.tpp-experiments_numeric.architecture_2.tpp_mcts-2026-08-31T17:33:24.871385/P[domain,pfile1,pfile2,pfile4]-S[0.0003,50,enhsp-hadd-astar]-MO[]-T[518400]-04921247-1247c09/snapshots/snapshot_80_1.0000",20755744,80,preserve3_terminal_tpp_off_learning_curve,COMPLETED,/home/hersco/training_new_domains/2026-08-31/preserve3_terminal_tpp_stage2/20755744_Re-Tr_tpp_tpp_mcts_orig_novh_e.5_c.1_s1073581256_K0_P3TERMS2A3_src20523041.txt
preserve3-term-tpp-off-1073581256-a3-policy-e0090,policy_eval,tpp,off,1073581256,stage2,ready,hadd-astar,"/home/hersco/bershco-nu-asnets/numeric-asnets/asnets/experiment-results/experiments_numeric.domain.tpp-experiments_numeric.architecture_2.tpp_mcts-2026-08-31T17:33:24.871385/P[domain,pfile1,pfile2,pfile4]-S[0.0003,50,enhsp-hadd-astar]-MO[]-T[518400]-04921247-1247c09/snapshots/snapshot_90_1.0000",20755744,90,preserve3_terminal_tpp_off_learning_curve,COMPLETED,/home/hersco/training_new_domains/2026-08-31/preserve3_terminal_tpp_stage2/20755744_Re-Tr_tpp_tpp_mcts_orig_novh_e.5_c.1_s1073581256_K0_P3TERMS2A3_src20523041.txt
preserve3-term-tpp-off-1073581256-a3-policy-e0095,policy_eval,tpp,off,1073581256,stage2,ready,hadd-astar,"/home/hersco/bershco-nu-asnets/numeric-asnets/asnets/experiment-results/experiments_numeric.domain.tpp-experiments_numeric.architecture_2.tpp_mcts-2026-08-31T17:33:24.871385/P[domain,pfile1,pfile2,pfile4]-S[0.0003,50,enhsp-hadd-astar]-MO[]-T[518400]-04921247-1247c09/snapshots/snapshot_95_1.0000",20755744,95,preserve3_terminal_tpp_off_learning_curve,COMPLETED,/home/hersco/training_new_domains/2026-08-31/preserve3_terminal_tpp_stage2/20755744_Re-Tr_tpp_tpp_mcts_orig_novh_e.5_c.1_s1073581256_K0_P3TERMS2A3_src20523041.txt
preserve3-term-tpp-off-1073581256-a3-policy-e0099,policy_eval,tpp,off,1073581256,stage2,ready,hadd-astar,"/home/hersco/bershco-nu-asnets/numeric-asnets/asnets/experiment-results/experiments_numeric.domain.tpp-experiments_numeric.architecture_2.tpp_mcts-2026-08-31T17:33:24.871385/P[domain,pfile1,pfile2,pfile4]-S[0.0003,50,enhsp-hadd-astar]-MO[]-T[518400]-04921247-1247c09/snapshots/snapshot_99_1.0000",20755744,99,preserve3_terminal_tpp_off_learning_curve;preserve3_terminal_tpp_off_final_policy,COMPLETED,/home/hersco/training_new_domains/2026-08-31/preserve3_terminal_tpp_stage2/20755744_Re-Tr_tpp_tpp_mcts_orig_novh_e.5_c.1_s1073581256_K0_P3TERMS2A3_src20523041.txt
preserve3-term-tpp-off-1239739722-a3-policy-e0000,policy_eval,tpp,off,1239739722,stage2,ready,hadd-astar,"/home/hersco/bershco-nu-asnets/numeric-asnets/asnets/experiment-results/experiments_numeric.domain.tpp-experiments_numeric.architecture_2.tpp_mcts-2026-08-31T18:00:54.461271/P[domain,pfile1,pfile2,pfile4]-S[0.0003,50,enhsp-hadd-astar]-MO[]-T[518400]-04921275-7d9a779/snapshots/snapshot_0_1.0000",20755745,0,preserve3_terminal_tpp_off_learning_curve;preserve3_terminal_tpp_off_validation_selected_policy,COMPLETED,/home/hersco/training_new_domains/2026-08-31/preserve3_terminal_tpp_stage2/20755745_Re-Tr_tpp_tpp_mcts_orig_novh_e.5_c.1_s1239739722_K0_P3TERMS2A3_src20523044.txt
preserve3-term-tpp-off-1239739722-a3-policy-e0005,policy_eval,tpp,off,1239739722,stage2,ready,hadd-astar,"/home/hersco/bershco-nu-asnets/numeric-asnets/asnets/experiment-results/experiments_numeric.domain.tpp-experiments_numeric.architecture_2.tpp_mcts-2026-08-31T18:00:54.461271/P[domain,pfile1,pfile2,pfile4]-S[0.0003,50,enhsp-hadd-astar]-MO[]-T[518400]-04921275-7d9a779/snapshots/snapshot_5_0.6667",20755745,5,preserve3_terminal_tpp_off_learning_curve,COMPLETED,/home/hersco/training_new_domains/2026-08-31/preserve3_terminal_tpp_stage2/20755745_Re-Tr_tpp_tpp_mcts_orig_novh_e.5_c.1_s1239739722_K0_P3TERMS2A3_src20523044.txt
preserve3-term-tpp-off-1239739722-a3-policy-e0010,policy_eval,tpp,off,1239739722,stage2,ready,hadd-astar,"/home/hersco/bershco-nu-asnets/numeric-asnets/asnets/experiment-results/experiments_numeric.domain.tpp-experiments_numeric.architecture_2.tpp_mcts-2026-08-31T18:00:54.461271/P[domain,pfile1,pfile2,pfile4]-S[0.0003,50,enhsp-hadd-astar]-MO[]-T[518400]-04921275-7d9a779/snapshots/snapshot_10_0.6667",20755745,10,preserve3_terminal_tpp_off_learning_curve,COMPLETED,/home/hersco/training_new_domains/2026-08-31/preserve3_terminal_tpp_stage2/20755745_Re-Tr_tpp_tpp_mcts_orig_novh_e.5_c.1_s1239739722_K0_P3TERMS2A3_src20523044.txt
preserve3-term-tpp-off-1239739722-a3-policy-e0015,policy_eval,tpp,off,1239739722,stage2,ready,hadd-astar,"/home/hersco/bershco-nu-asnets/numeric-asnets/asnets/experiment-results/experiments_numeric.domain.tpp-experiments_numeric.architecture_2.tpp_mcts-2026-08-31T18:00:54.461271/P[domain,pfile1,pfile2,pfile4]-S[0.0003,50,enhsp-hadd-astar]-MO[]-T[518400]-04921275-7d9a779/snapshots/snapshot_15_0.6667",20755745,15,preserve3_terminal_tpp_off_learning_curve,COMPLETED,/home/hersco/training_new_domains/2026-08-31/preserve3_terminal_tpp_stage2/20755745_Re-Tr_tpp_tpp_mcts_orig_novh_e.5_c.1_s1239739722_K0_P3TERMS2A3_src20523044.txt
preserve3-term-tpp-off-1239739722-a3-policy-e0020,policy_eval,tpp,off,1239739722,stage2,ready,hadd-astar,"/home/hersco/bershco-nu-asnets/numeric-asnets/asnets/experiment-results/experiments_numeric.domain.tpp-experiments_numeric.architecture_2.tpp_mcts-2026-08-31T18:00:54.461271/P[domain,pfile1,pfile2,pfile4]-S[0.0003,50,enhsp-hadd-astar]-MO[]-T[518400]-04921275-7d9a779/snapshots/snapshot_20_0.6667",20755745,20,preserve3_terminal_tpp_off_learning_curve,COMPLETED,/home/hersco/training_new_domains/2026-08-31/preserve3_terminal_tpp_stage2/20755745_Re-Tr_tpp_tpp_mcts_orig_novh_e.5_c.1_s1239739722_K0_P3TERMS2A3_src20523044.txt
preserve3-term-tpp-off-1239739722-a3-policy-e0025,policy_eval,tpp,off,1239739722,stage2,ready,hadd-astar,"/home/hersco/bershco-nu-asnets/numeric-asnets/asnets/experiment-results/experiments_numeric.domain.tpp-experiments_numeric.architecture_2.tpp_mcts-2026-08-31T18:00:54.461271/P[domain,pfile1,pfile2,pfile4]-S[0.0003,50,enhsp-hadd-astar]-MO[]-T[518400]-04921275-7d9a779/snapshots/snapshot_25_0.6667",20755745,25,preserve3_terminal_tpp_off_learning_curve,COMPLETED,/home/hersco/training_new_domains/2026-08-31/preserve3_terminal_tpp_stage2/20755745_Re-Tr_tpp_tpp_mcts_orig_novh_e.5_c.1_s1239739722_K0_P3TERMS2A3_src20523044.txt
preserve3-term-tpp-off-1239739722-a3-policy-e0030,policy_eval,tpp,off,1239739722,stage2,ready,hadd-astar,"/home/hersco/bershco-nu-asnets/numeric-asnets/asnets/experiment-results/experiments_numeric.domain.tpp-experiments_numeric.architecture_2.tpp_mcts-2026-08-31T18:00:54.461271/P[domain,pfile1,pfile2,pfile4]-S[0.0003,50,enhsp-hadd-astar]-MO[]-T[518400]-04921275-7d9a779/snapshots/snapshot_30_0.6667",20755745,30,preserve3_terminal_tpp_off_learning_curve,COMPLETED,/home/hersco/training_new_domains/2026-08-31/preserve3_terminal_tpp_stage2/20755745_Re-Tr_tpp_tpp_mcts_orig_novh_e.5_c.1_s1239739722_K0_P3TERMS2A3_src20523044.txt
preserve3-term-tpp-off-1239739722-a3-policy-e0035,policy_eval,tpp,off,1239739722,stage2,ready,hadd-astar,"/home/hersco/bershco-nu-asnets/numeric-asnets/asnets/experiment-results/experiments_numeric.domain.tpp-experiments_numeric.architecture_2.tpp_mcts-2026-08-31T18:00:54.461271/P[domain,pfile1,pfile2,pfile4]-S[0.0003,50,enhsp-hadd-astar]-MO[]-T[518400]-04921275-7d9a779/snapshots/snapshot_35_0.6667",20755745,35,preserve3_terminal_tpp_off_learning_curve,COMPLETED,/home/hersco/training_new_domains/2026-08-31/preserve3_terminal_tpp_stage2/20755745_Re-Tr_tpp_tpp_mcts_orig_novh_e.5_c.1_s1239739722_K0_P3TERMS2A3_src20523044.txt
preserve3-term-tpp-off-1239739722-a3-policy-e0040,policy_eval,tpp,off,1239739722,stage2,ready,hadd-astar,"/home/hersco/bershco-nu-asnets/numeric-asnets/asnets/experiment-results/experiments_numeric.domain.tpp-experiments_numeric.architecture_2.tpp_mcts-2026-08-31T18:00:54.461271/P[domain,pfile1,pfile2,pfile4]-S[0.0003,50,enhsp-hadd-astar]-MO[]-T[518400]-04921275-7d9a779/snapshots/snapshot_40_0.6667",20755745,40,preserve3_terminal_tpp_off_learning_curve,COMPLETED,/home/hersco/training_new_domains/2026-08-31/preserve3_terminal_tpp_stage2/20755745_Re-Tr_tpp_tpp_mcts_orig_novh_e.5_c.1_s1239739722_K0_P3TERMS2A3_src20523044.txt
preserve3-term-tpp-off-1239739722-a3-policy-e0045,policy_eval,tpp,off,1239739722,stage2,ready,hadd-astar,"/home/hersco/bershco-nu-asnets/numeric-asnets/asnets/experiment-results/experiments_numeric.domain.tpp-experiments_numeric.architecture_2.tpp_mcts-2026-08-31T18:00:54.461271/P[domain,pfile1,pfile2,pfile4]-S[0.0003,50,enhsp-hadd-astar]-MO[]-T[518400]-04921275-7d9a779/snapshots/snapshot_45_0.6667",20755745,45,preserve3_terminal_tpp_off_learning_curve,COMPLETED,/home/hersco/training_new_domains/2026-08-31/preserve3_terminal_tpp_stage2/20755745_Re-Tr_tpp_tpp_mcts_orig_novh_e.5_c.1_s1239739722_K0_P3TERMS2A3_src20523044.txt
preserve3-term-tpp-off-1239739722-a3-policy-e0050,policy_eval,tpp,off,1239739722,stage2,ready,hadd-astar,"/home/hersco/bershco-nu-asnets/numeric-asnets/asnets/experiment-results/experiments_numeric.domain.tpp-experiments_numeric.architecture_2.tpp_mcts-2026-08-31T18:00:54.461271/P[domain,pfile1,pfile2,pfile4]-S[0.0003,50,enhsp-hadd-astar]-MO[]-T[518400]-04921275-7d9a779/snapshots/snapshot_50_0.6667",20755745,50,preserve3_terminal_tpp_off_learning_curve,COMPLETED,/home/hersco/training_new_domains/2026-08-31/preserve3_terminal_tpp_stage2/20755745_Re-Tr_tpp_tpp_mcts_orig_novh_e.5_c.1_s1239739722_K0_P3TERMS2A3_src20523044.txt
preserve3-term-tpp-off-1239739722-a3-policy-e0055,policy_eval,tpp,off,1239739722,stage2,ready,hadd-astar,"/home/hersco/bershco-nu-asnets/numeric-asnets/asnets/experiment-results/experiments_numeric.domain.tpp-experiments_numeric.architecture_2.tpp_mcts-2026-08-31T18:00:54.461271/P[domain,pfile1,pfile2,pfile4]-S[0.0003,50,enhsp-hadd-astar]-MO[]-T[518400]-04921275-7d9a779/snapshots/snapshot_55_0.6667",20755745,55,preserve3_terminal_tpp_off_learning_curve,COMPLETED,/home/hersco/training_new_domains/2026-08-31/preserve3_terminal_tpp_stage2/20755745_Re-Tr_tpp_tpp_mcts_orig_novh_e.5_c.1_s1239739722_K0_P3TERMS2A3_src20523044.txt
preserve3-term-tpp-off-1239739722-a3-policy-e0060,policy_eval,tpp,off,1239739722,stage2,ready,hadd-astar,"/home/hersco/bershco-nu-asnets/numeric-asnets/asnets/experiment-results/experiments_numeric.domain.tpp-experiments_numeric.architecture_2.tpp_mcts-2026-08-31T18:00:54.461271/P[domain,pfile1,pfile2,pfile4]-S[0.0003,50,enhsp-hadd-astar]-MO[]-T[518400]-04921275-7d9a779/snapshots/snapshot_60_0.6667",20755745,60,preserve3_terminal_tpp_off_learning_curve,COMPLETED,/home/hersco/training_new_domains/2026-08-31/preserve3_terminal_tpp_stage2/20755745_Re-Tr_tpp_tpp_mcts_orig_novh_e.5_c.1_s1239739722_K0_P3TERMS2A3_src20523044.txt
preserve3-term-tpp-off-1239739722-a3-policy-e0065,policy_eval,tpp,off,1239739722,stage2,ready,hadd-astar,"/home/hersco/bershco-nu-asnets/numeric-asnets/asnets/experiment-results/experiments_numeric.domain.tpp-experiments_numeric.architecture_2.tpp_mcts-2026-08-31T18:00:54.461271/P[domain,pfile1,pfile2,pfile4]-S[0.0003,50,enhsp-hadd-astar]-MO[]-T[518400]-04921275-7d9a779/snapshots/snapshot_65_0.6667",20755745,65,preserve3_terminal_tpp_off_learning_curve,COMPLETED,/home/hersco/training_new_domains/2026-08-31/preserve3_terminal_tpp_stage2/20755745_Re-Tr_tpp_tpp_mcts_orig_novh_e.5_c.1_s1239739722_K0_P3TERMS2A3_src20523044.txt
preserve3-term-tpp-off-1239739722-a3-policy-e0070,policy_eval,tpp,off,1239739722,stage2,ready,hadd-astar,"/home/hersco/bershco-nu-asnets/numeric-asnets/asnets/experiment-results/experiments_numeric.domain.tpp-experiments_numeric.architecture_2.tpp_mcts-2026-08-31T18:00:54.461271/P[domain,pfile1,pfile2,pfile4]-S[0.0003,50,enhsp-hadd-astar]-MO[]-T[518400]-04921275-7d9a779/snapshots/snapshot_70_0.6667",20755745,70,preserve3_terminal_tpp_off_learning_curve,COMPLETED,/home/hersco/training_new_domains/2026-08-31/preserve3_terminal_tpp_stage2/20755745_Re-Tr_tpp_tpp_mcts_orig_novh_e.5_c.1_s1239739722_K0_P3TERMS2A3_src20523044.txt
preserve3-term-tpp-off-1239739722-a3-policy-e0075,policy_eval,tpp,off,1239739722,stage2,ready,hadd-astar,"/home/hersco/bershco-nu-asnets/numeric-asnets/asnets/experiment-results/experiments_numeric.domain.tpp-experiments_numeric.architecture_2.tpp_mcts-2026-08-31T18:00:54.461271/P[domain,pfile1,pfile2,pfile4]-S[0.0003,50,enhsp-hadd-astar]-MO[]-T[518400]-04921275-7d9a779/snapshots/snapshot_75_0.6667",20755745,75,preserve3_terminal_tpp_off_learning_curve,COMPLETED,/home/hersco/training_new_domains/2026-08-31/preserve3_terminal_tpp_stage2/20755745_Re-Tr_tpp_tpp_mcts_orig_novh_e.5_c.1_s1239739722_K0_P3TERMS2A3_src20523044.txt
preserve3-term-tpp-off-1239739722-a3-policy-e0080,policy_eval,tpp,off,1239739722,stage2,ready,hadd-astar,"/home/hersco/bershco-nu-asnets/numeric-asnets/asnets/experiment-results/experiments_numeric.domain.tpp-experiments_numeric.architecture_2.tpp_mcts-2026-08-31T18:00:54.461271/P[domain,pfile1,pfile2,pfile4]-S[0.0003,50,enhsp-hadd-astar]-MO[]-T[518400]-04921275-7d9a779/snapshots/snapshot_80_0.6667",20755745,80,preserve3_terminal_tpp_off_learning_curve,COMPLETED,/home/hersco/training_new_domains/2026-08-31/preserve3_terminal_tpp_stage2/20755745_Re-Tr_tpp_tpp_mcts_orig_novh_e.5_c.1_s1239739722_K0_P3TERMS2A3_src20523044.txt
preserve3-term-tpp-off-1239739722-a3-policy-e0085,policy_eval,tpp,off,1239739722,stage2,ready,hadd-astar,"/home/hersco/bershco-nu-asnets/numeric-asnets/asnets/experiment-results/experiments_numeric.domain.tpp-experiments_numeric.architecture_2.tpp_mcts-2026-08-31T18:00:54.461271/P[domain,pfile1,pfile2,pfile4]-S[0.0003,50,enhsp-hadd-astar]-MO[]-T[518400]-04921275-7d9a779/snapshots/snapshot_85_0.6667",20755745,85,preserve3_terminal_tpp_off_learning_curve,COMPLETED,/home/hersco/training_new_domains/2026-08-31/preserve3_terminal_tpp_stage2/20755745_Re-Tr_tpp_tpp_mcts_orig_novh_e.5_c.1_s1239739722_K0_P3TERMS2A3_src20523044.txt
preserve3-term-tpp-off-1239739722-a3-policy-e0090,policy_eval,tpp,off,1239739722,stage2,ready,hadd-astar,"/home/hersco/bershco-nu-asnets/numeric-asnets/asnets/experiment-results/experiments_numeric.domain.tpp-experiments_numeric.architecture_2.tpp_mcts-2026-08-31T18:00:54.461271/P[domain,pfile1,pfile2,pfile4]-S[0.0003,50,enhsp-hadd-astar]-MO[]-T[518400]-04921275-7d9a779/snapshots/snapshot_90_0.6667",20755745,90,preserve3_terminal_tpp_off_learning_curve,COMPLETED,/home/hersco/training_new_domains/2026-08-31/preserve3_terminal_tpp_stage2/20755745_Re-Tr_tpp_tpp_mcts_orig_novh_e.5_c.1_s1239739722_K0_P3TERMS2A3_src20523044.txt
preserve3-term-tpp-off-1239739722-a3-policy-e0095,policy_eval,tpp,off,1239739722,stage2,ready,hadd-astar,"/home/hersco/bershco-nu-asnets/numeric-asnets/asnets/experiment-results/experiments_numeric.domain.tpp-experiments_numeric.architecture_2.tpp_mcts-2026-08-31T18:00:54.461271/P[domain,pfile1,pfile2,pfile4]-S[0.0003,50,enhsp-hadd-astar]-MO[]-T[518400]-04921275-7d9a779/snapshots/snapshot_95_0.6667",20755745,95,preserve3_terminal_tpp_off_learning_curve,COMPLETED,/home/hersco/training_new_domains/2026-08-31/preserve3_terminal_tpp_stage2/20755745_Re-Tr_tpp_tpp_mcts_orig_novh_e.5_c.1_s1239739722_K0_P3TERMS2A3_src20523044.txt
preserve3-term-tpp-off-1239739722-a3-policy-e0099,policy_eval,tpp,off,1239739722,stage2,ready,hadd-astar,"/home/hersco/bershco-nu-asnets/numeric-asnets/asnets/experiment-results/experiments_numeric.domain.tpp-experiments_numeric.architecture_2.tpp_mcts-2026-08-31T18:00:54.461271/P[domain,pfile1,pfile2,pfile4]-S[0.0003,50,enhsp-hadd-astar]-MO[]-T[518400]-04921275-7d9a779/snapshots/snapshot_99_0.6667",20755745,99,preserve3_terminal_tpp_off_learning_curve;preserve3_terminal_tpp_off_final_policy,COMPLETED,/home/hersco/training_new_domains/2026-08-31/preserve3_terminal_tpp_stage2/20755745_Re-Tr_tpp_tpp_mcts_orig_novh_e.5_c.1_s1239739722_K0_P3TERMS2A3_src20523044.txt
preserve3-term-tpp-off-1472491096-a3-policy-e0000,policy_eval,tpp,off,1472491096,stage2,ready,hadd-astar,"/home/hersco/bershco-nu-asnets/numeric-asnets/asnets/experiment-results/experiments_numeric.domain.tpp-experiments_numeric.architecture_2.tpp_mcts-2026-08-31T18:04:22.718999/P[domain,pfile1,pfile2,pfile4]-S[0.0003,50,enhsp-hadd-astar]-MO[]-T[518400]-04921278-43e0a7a/snapshots/snapshot_0_1.0000",20755746,0,preserve3_terminal_tpp_off_learning_curve,COMPLETED,/home/hersco/training_new_domains/2026-08-31/preserve3_terminal_tpp_stage2/20755746_Re-Tr_tpp_tpp_mcts_orig_novh_e.5_c.1_s1472491096_K0_P3TERMS2A3_src20523047.txt
preserve3-term-tpp-off-1472491096-a3-policy-e0005,policy_eval,tpp,off,1472491096,stage2,ready,hadd-astar,"/home/hersco/bershco-nu-asnets/numeric-asnets/asnets/experiment-results/experiments_numeric.domain.tpp-experiments_numeric.architecture_2.tpp_mcts-2026-08-31T18:04:22.718999/P[domain,pfile1,pfile2,pfile4]-S[0.0003,50,enhsp-hadd-astar]-MO[]-T[518400]-04921278-43e0a7a/snapshots/snapshot_5_0.6667",20755746,5,preserve3_terminal_tpp_off_learning_curve,COMPLETED,/home/hersco/training_new_domains/2026-08-31/preserve3_terminal_tpp_stage2/20755746_Re-Tr_tpp_tpp_mcts_orig_novh_e.5_c.1_s1472491096_K0_P3TERMS2A3_src20523047.txt
preserve3-term-tpp-off-1472491096-a3-policy-e0010,policy_eval,tpp,off,1472491096,stage2,ready,hadd-astar,"/home/hersco/bershco-nu-asnets/numeric-asnets/asnets/experiment-results/experiments_numeric.domain.tpp-experiments_numeric.architecture_2.tpp_mcts-2026-08-31T18:04:22.718999/P[domain,pfile1,pfile2,pfile4]-S[0.0003,50,enhsp-hadd-astar]-MO[]-T[518400]-04921278-43e0a7a/snapshots/snapshot_10_0.7500",20755746,10,preserve3_terminal_tpp_off_learning_curve,COMPLETED,/home/hersco/training_new_domains/2026-08-31/preserve3_terminal_tpp_stage2/20755746_Re-Tr_tpp_tpp_mcts_orig_novh_e.5_c.1_s1472491096_K0_P3TERMS2A3_src20523047.txt
preserve3-term-tpp-off-1472491096-a3-policy-e0015,policy_eval,tpp,off,1472491096,stage2,ready,hadd-astar,"/home/hersco/bershco-nu-asnets/numeric-asnets/asnets/experiment-results/experiments_numeric.domain.tpp-experiments_numeric.architecture_2.tpp_mcts-2026-08-31T18:04:22.718999/P[domain,pfile1,pfile2,pfile4]-S[0.0003,50,enhsp-hadd-astar]-MO[]-T[518400]-04921278-43e0a7a/snapshots/snapshot_15_0.7500",20755746,15,preserve3_terminal_tpp_off_learning_curve,COMPLETED,/home/hersco/training_new_domains/2026-08-31/preserve3_terminal_tpp_stage2/20755746_Re-Tr_tpp_tpp_mcts_orig_novh_e.5_c.1_s1472491096_K0_P3TERMS2A3_src20523047.txt
preserve3-term-tpp-off-1472491096-a3-policy-e0020,policy_eval,tpp,off,1472491096,stage2,ready,hadd-astar,"/home/hersco/bershco-nu-asnets/numeric-asnets/asnets/experiment-results/experiments_numeric.domain.tpp-experiments_numeric.architecture_2.tpp_mcts-2026-08-31T18:04:22.718999/P[domain,pfile1,pfile2,pfile4]-S[0.0003,50,enhsp-hadd-astar]-MO[]-T[518400]-04921278-43e0a7a/snapshots/snapshot_20_0.7500",20755746,20,preserve3_terminal_tpp_off_learning_curve,COMPLETED,/home/hersco/training_new_domains/2026-08-31/preserve3_terminal_tpp_stage2/20755746_Re-Tr_tpp_tpp_mcts_orig_novh_e.5_c.1_s1472491096_K0_P3TERMS2A3_src20523047.txt
preserve3-term-tpp-off-1472491096-a3-policy-e0024,policy_eval,tpp,off,1472491096,stage2,ready,hadd-astar,"/home/hersco/bershco-nu-asnets/numeric-asnets/asnets/experiment-results/experiments_numeric.domain.tpp-experiments_numeric.architecture_2.tpp_mcts-2026-08-31T18:04:22.718999/P[domain,pfile1,pfile2,pfile4]-S[0.0003,50,enhsp-hadd-astar]-MO[]-T[518400]-04921278-43e0a7a/snapshots/snapshot_24_0.7500",20755746,24,preserve3_terminal_tpp_off_learning_curve;preserve3_terminal_tpp_off_validation_selected_policy,COMPLETED,/home/hersco/training_new_domains/2026-08-31/preserve3_terminal_tpp_stage2/20755746_Re-Tr_tpp_tpp_mcts_orig_novh_e.5_c.1_s1472491096_K0_P3TERMS2A3_src20523047.txt
preserve3-term-tpp-off-1472491096-a3-policy-e0025,policy_eval,tpp,off,1472491096,stage2,ready,hadd-astar,"/home/hersco/bershco-nu-asnets/numeric-asnets/asnets/experiment-results/experiments_numeric.domain.tpp-experiments_numeric.architecture_2.tpp_mcts-2026-08-31T18:04:22.718999/P[domain,pfile1,pfile2,pfile4]-S[0.0003,50,enhsp-hadd-astar]-MO[]-T[518400]-04921278-43e0a7a/snapshots/snapshot_25_0.7500",20755746,25,preserve3_terminal_tpp_off_learning_curve,COMPLETED,/home/hersco/training_new_domains/2026-08-31/preserve3_terminal_tpp_stage2/20755746_Re-Tr_tpp_tpp_mcts_orig_novh_e.5_c.1_s1472491096_K0_P3TERMS2A3_src20523047.txt
preserve3-term-tpp-off-1472491096-a3-policy-e0030,policy_eval,tpp,off,1472491096,stage2,ready,hadd-astar,"/home/hersco/bershco-nu-asnets/numeric-asnets/asnets/experiment-results/experiments_numeric.domain.tpp-experiments_numeric.architecture_2.tpp_mcts-2026-08-31T18:04:22.718999/P[domain,pfile1,pfile2,pfile4]-S[0.0003,50,enhsp-hadd-astar]-MO[]-T[518400]-04921278-43e0a7a/snapshots/snapshot_30_1.0000",20755746,30,preserve3_terminal_tpp_off_learning_curve,COMPLETED,/home/hersco/training_new_domains/2026-08-31/preserve3_terminal_tpp_stage2/20755746_Re-Tr_tpp_tpp_mcts_orig_novh_e.5_c.1_s1472491096_K0_P3TERMS2A3_src20523047.txt
preserve3-term-tpp-off-1472491096-a3-policy-e0035,policy_eval,tpp,off,1472491096,stage2,ready,hadd-astar,"/home/hersco/bershco-nu-asnets/numeric-asnets/asnets/experiment-results/experiments_numeric.domain.tpp-experiments_numeric.architecture_2.tpp_mcts-2026-08-31T18:04:22.718999/P[domain,pfile1,pfile2,pfile4]-S[0.0003,50,enhsp-hadd-astar]-MO[]-T[518400]-04921278-43e0a7a/snapshots/snapshot_35_1.0000",20755746,35,preserve3_terminal_tpp_off_learning_curve,COMPLETED,/home/hersco/training_new_domains/2026-08-31/preserve3_terminal_tpp_stage2/20755746_Re-Tr_tpp_tpp_mcts_orig_novh_e.5_c.1_s1472491096_K0_P3TERMS2A3_src20523047.txt
preserve3-term-tpp-off-1472491096-a3-policy-e0040,policy_eval,tpp,off,1472491096,stage2,ready,hadd-astar,"/home/hersco/bershco-nu-asnets/numeric-asnets/asnets/experiment-results/experiments_numeric.domain.tpp-experiments_numeric.architecture_2.tpp_mcts-2026-08-31T18:04:22.718999/P[domain,pfile1,pfile2,pfile4]-S[0.0003,50,enhsp-hadd-astar]-MO[]-T[518400]-04921278-43e0a7a/snapshots/snapshot_40_1.0000",20755746,40,preserve3_terminal_tpp_off_learning_curve,COMPLETED,/home/hersco/training_new_domains/2026-08-31/preserve3_terminal_tpp_stage2/20755746_Re-Tr_tpp_tpp_mcts_orig_novh_e.5_c.1_s1472491096_K0_P3TERMS2A3_src20523047.txt
preserve3-term-tpp-off-1472491096-a3-policy-e0045,policy_eval,tpp,off,1472491096,stage2,ready,hadd-astar,"/home/hersco/bershco-nu-asnets/numeric-asnets/asnets/experiment-results/experiments_numeric.domain.tpp-experiments_numeric.architecture_2.tpp_mcts-2026-08-31T18:04:22.718999/P[domain,pfile1,pfile2,pfile4]-S[0.0003,50,enhsp-hadd-astar]-MO[]-T[518400]-04921278-43e0a7a/snapshots/snapshot_45_1.0000",20755746,45,preserve3_terminal_tpp_off_learning_curve,COMPLETED,/home/hersco/training_new_domains/2026-08-31/preserve3_terminal_tpp_stage2/20755746_Re-Tr_tpp_tpp_mcts_orig_novh_e.5_c.1_s1472491096_K0_P3TERMS2A3_src20523047.txt
preserve3-term-tpp-off-1472491096-a3-policy-e0050,policy_eval,tpp,off,1472491096,stage2,ready,hadd-astar,"/home/hersco/bershco-nu-asnets/numeric-asnets/asnets/experiment-results/experiments_numeric.domain.tpp-experiments_numeric.architecture_2.tpp_mcts-2026-08-31T18:04:22.718999/P[domain,pfile1,pfile2,pfile4]-S[0.0003,50,enhsp-hadd-astar]-MO[]-T[518400]-04921278-43e0a7a/snapshots/snapshot_50_1.0000",20755746,50,preserve3_terminal_tpp_off_learning_curve,COMPLETED,/home/hersco/training_new_domains/2026-08-31/preserve3_terminal_tpp_stage2/20755746_Re-Tr_tpp_tpp_mcts_orig_novh_e.5_c.1_s1472491096_K0_P3TERMS2A3_src20523047.txt
preserve3-term-tpp-off-1472491096-a3-policy-e0055,policy_eval,tpp,off,1472491096,stage2,ready,hadd-astar,"/home/hersco/bershco-nu-asnets/numeric-asnets/asnets/experiment-results/experiments_numeric.domain.tpp-experiments_numeric.architecture_2.tpp_mcts-2026-08-31T18:04:22.718999/P[domain,pfile1,pfile2,pfile4]-S[0.0003,50,enhsp-hadd-astar]-MO[]-T[518400]-04921278-43e0a7a/snapshots/snapshot_55_1.0000",20755746,55,preserve3_terminal_tpp_off_learning_curve,COMPLETED,/home/hersco/training_new_domains/2026-08-31/preserve3_terminal_tpp_stage2/20755746_Re-Tr_tpp_tpp_mcts_orig_novh_e.5_c.1_s1472491096_K0_P3TERMS2A3_src20523047.txt
preserve3-term-tpp-off-1472491096-a3-policy-e0060,policy_eval,tpp,off,1472491096,stage2,ready,hadd-astar,"/home/hersco/bershco-nu-asnets/numeric-asnets/asnets/experiment-results/experiments_numeric.domain.tpp-experiments_numeric.architecture_2.tpp_mcts-2026-08-31T18:04:22.718999/P[domain,pfile1,pfile2,pfile4]-S[0.0003,50,enhsp-hadd-astar]-MO[]-T[518400]-04921278-43e0a7a/snapshots/snapshot_60_1.0000",20755746,60,preserve3_terminal_tpp_off_learning_curve,COMPLETED,/home/hersco/training_new_domains/2026-08-31/preserve3_terminal_tpp_stage2/20755746_Re-Tr_tpp_tpp_mcts_orig_novh_e.5_c.1_s1472491096_K0_P3TERMS2A3_src20523047.txt
preserve3-term-tpp-off-1472491096-a3-policy-e0065,policy_eval,tpp,off,1472491096,stage2,ready,hadd-astar,"/home/hersco/bershco-nu-asnets/numeric-asnets/asnets/experiment-results/experiments_numeric.domain.tpp-experiments_numeric.architecture_2.tpp_mcts-2026-08-31T18:04:22.718999/P[domain,pfile1,pfile2,pfile4]-S[0.0003,50,enhsp-hadd-astar]-MO[]-T[518400]-04921278-43e0a7a/snapshots/snapshot_65_1.0000",20755746,65,preserve3_terminal_tpp_off_learning_curve,COMPLETED,/home/hersco/training_new_domains/2026-08-31/preserve3_terminal_tpp_stage2/20755746_Re-Tr_tpp_tpp_mcts_orig_novh_e.5_c.1_s1472491096_K0_P3TERMS2A3_src20523047.txt
preserve3-term-tpp-off-1472491096-a3-policy-e0070,policy_eval,tpp,off,1472491096,stage2,ready,hadd-astar,"/home/hersco/bershco-nu-asnets/numeric-asnets/asnets/experiment-results/experiments_numeric.domain.tpp-experiments_numeric.architecture_2.tpp_mcts-2026-08-31T18:04:22.718999/P[domain,pfile1,pfile2,pfile4]-S[0.0003,50,enhsp-hadd-astar]-MO[]-T[518400]-04921278-43e0a7a/snapshots/snapshot_70_1.0000",20755746,70,preserve3_terminal_tpp_off_learning_curve,COMPLETED,/home/hersco/training_new_domains/2026-08-31/preserve3_terminal_tpp_stage2/20755746_Re-Tr_tpp_tpp_mcts_orig_novh_e.5_c.1_s1472491096_K0_P3TERMS2A3_src20523047.txt
preserve3-term-tpp-off-1472491096-a3-policy-e0075,policy_eval,tpp,off,1472491096,stage2,ready,hadd-astar,"/home/hersco/bershco-nu-asnets/numeric-asnets/asnets/experiment-results/experiments_numeric.domain.tpp-experiments_numeric.architecture_2.tpp_mcts-2026-08-31T18:04:22.718999/P[domain,pfile1,pfile2,pfile4]-S[0.0003,50,enhsp-hadd-astar]-MO[]-T[518400]-04921278-43e0a7a/snapshots/snapshot_75_1.0000",20755746,75,preserve3_terminal_tpp_off_learning_curve,COMPLETED,/home/hersco/training_new_domains/2026-08-31/preserve3_terminal_tpp_stage2/20755746_Re-Tr_tpp_tpp_mcts_orig_novh_e.5_c.1_s1472491096_K0_P3TERMS2A3_src20523047.txt
preserve3-term-tpp-off-1472491096-a3-policy-e0080,policy_eval,tpp,off,1472491096,stage2,ready,hadd-astar,"/home/hersco/bershco-nu-asnets/numeric-asnets/asnets/experiment-results/experiments_numeric.domain.tpp-experiments_numeric.architecture_2.tpp_mcts-2026-08-31T18:04:22.718999/P[domain,pfile1,pfile2,pfile4]-S[0.0003,50,enhsp-hadd-astar]-MO[]-T[518400]-04921278-43e0a7a/snapshots/snapshot_80_1.0000",20755746,80,preserve3_terminal_tpp_off_learning_curve,COMPLETED,/home/hersco/training_new_domains/2026-08-31/preserve3_terminal_tpp_stage2/20755746_Re-Tr_tpp_tpp_mcts_orig_novh_e.5_c.1_s1472491096_K0_P3TERMS2A3_src20523047.txt
preserve3-term-tpp-off-1472491096-a3-policy-e0085,policy_eval,tpp,off,1472491096,stage2,ready,hadd-astar,"/home/hersco/bershco-nu-asnets/numeric-asnets/asnets/experiment-results/experiments_numeric.domain.tpp-experiments_numeric.architecture_2.tpp_mcts-2026-08-31T18:04:22.718999/P[domain,pfile1,pfile2,pfile4]-S[0.0003,50,enhsp-hadd-astar]-MO[]-T[518400]-04921278-43e0a7a/snapshots/snapshot_85_1.0000",20755746,85,preserve3_terminal_tpp_off_learning_curve,COMPLETED,/home/hersco/training_new_domains/2026-08-31/preserve3_terminal_tpp_stage2/20755746_Re-Tr_tpp_tpp_mcts_orig_novh_e.5_c.1_s1472491096_K0_P3TERMS2A3_src20523047.txt
preserve3-term-tpp-off-1472491096-a3-policy-e0090,policy_eval,tpp,off,1472491096,stage2,ready,hadd-astar,"/home/hersco/bershco-nu-asnets/numeric-asnets/asnets/experiment-results/experiments_numeric.domain.tpp-experiments_numeric.architecture_2.tpp_mcts-2026-08-31T18:04:22.718999/P[domain,pfile1,pfile2,pfile4]-S[0.0003,50,enhsp-hadd-astar]-MO[]-T[518400]-04921278-43e0a7a/snapshots/snapshot_90_0.7500",20755746,90,preserve3_terminal_tpp_off_learning_curve,COMPLETED,/home/hersco/training_new_domains/2026-08-31/preserve3_terminal_tpp_stage2/20755746_Re-Tr_tpp_tpp_mcts_orig_novh_e.5_c.1_s1472491096_K0_P3TERMS2A3_src20523047.txt
preserve3-term-tpp-off-1472491096-a3-policy-e0095,policy_eval,tpp,off,1472491096,stage2,ready,hadd-astar,"/home/hersco/bershco-nu-asnets/numeric-asnets/asnets/experiment-results/experiments_numeric.domain.tpp-experiments_numeric.architecture_2.tpp_mcts-2026-08-31T18:04:22.718999/P[domain,pfile1,pfile2,pfile4]-S[0.0003,50,enhsp-hadd-astar]-MO[]-T[518400]-04921278-43e0a7a/snapshots/snapshot_95_1.0000",20755746,95,preserve3_terminal_tpp_off_learning_curve,COMPLETED,/home/hersco/training_new_domains/2026-08-31/preserve3_terminal_tpp_stage2/20755746_Re-Tr_tpp_tpp_mcts_orig_novh_e.5_c.1_s1472491096_K0_P3TERMS2A3_src20523047.txt
preserve3-term-tpp-off-1472491096-a3-policy-e0099,policy_eval,tpp,off,1472491096,stage2,ready,hadd-astar,"/home/hersco/bershco-nu-asnets/numeric-asnets/asnets/experiment-results/experiments_numeric.domain.tpp-experiments_numeric.architecture_2.tpp_mcts-2026-08-31T18:04:22.718999/P[domain,pfile1,pfile2,pfile4]-S[0.0003,50,enhsp-hadd-astar]-MO[]-T[518400]-04921278-43e0a7a/snapshots/snapshot_99_0.7500",20755746,99,preserve3_terminal_tpp_off_learning_curve;preserve3_terminal_tpp_off_final_policy,COMPLETED,/home/hersco/training_new_domains/2026-08-31/preserve3_terminal_tpp_stage2/20755746_Re-Tr_tpp_tpp_mcts_orig_novh_e.5_c.1_s1472491096_K0_P3TERMS2A3_src20523047.txt
preserve3-term-tpp-off-1510771779-a3-policy-e0000,policy_eval,tpp,off,1510771779,stage2,ready,hadd-astar,"/home/hersco/bershco-nu-asnets/numeric-asnets/asnets/experiment-results/experiments_numeric.domain.tpp-experiments_numeric.architecture_2.tpp_mcts-2026-09-01T09:01:35.980604/P[domain,pfile1,pfile2,pfile4]-S[0.0003,50,enhsp-hadd-astar]-MO[]-T[518400]-04922175-17cc32a/snapshots/snapshot_0_1.0000",20755747,0,preserve3_terminal_tpp_off_learning_curve;preserve3_terminal_tpp_off_validation_selected_policy,COMPLETED,/home/hersco/training_new_domains/2026-08-31/preserve3_terminal_tpp_stage2/20755747_Re-Tr_tpp_tpp_mcts_orig_novh_e.5_c.1_s1510771779_K0_P3TERMS2A3_src20523056.txt
preserve3-term-tpp-off-1510771779-a3-policy-e0005,policy_eval,tpp,off,1510771779,stage2,ready,hadd-astar,"/home/hersco/bershco-nu-asnets/numeric-asnets/asnets/experiment-results/experiments_numeric.domain.tpp-experiments_numeric.architecture_2.tpp_mcts-2026-09-01T09:01:35.980604/P[domain,pfile1,pfile2,pfile4]-S[0.0003,50,enhsp-hadd-astar]-MO[]-T[518400]-04922175-17cc32a/snapshots/snapshot_5_0.5000",20755747,5,preserve3_terminal_tpp_off_learning_curve,COMPLETED,/home/hersco/training_new_domains/2026-08-31/preserve3_terminal_tpp_stage2/20755747_Re-Tr_tpp_tpp_mcts_orig_novh_e.5_c.1_s1510771779_K0_P3TERMS2A3_src20523056.txt
preserve3-term-tpp-off-1510771779-a3-policy-e0010,policy_eval,tpp,off,1510771779,stage2,ready,hadd-astar,"/home/hersco/bershco-nu-asnets/numeric-asnets/asnets/experiment-results/experiments_numeric.domain.tpp-experiments_numeric.architecture_2.tpp_mcts-2026-09-01T09:01:35.980604/P[domain,pfile1,pfile2,pfile4]-S[0.0003,50,enhsp-hadd-astar]-MO[]-T[518400]-04922175-17cc32a/snapshots/snapshot_10_1.0000",20755747,10,preserve3_terminal_tpp_off_learning_curve,COMPLETED,/home/hersco/training_new_domains/2026-08-31/preserve3_terminal_tpp_stage2/20755747_Re-Tr_tpp_tpp_mcts_orig_novh_e.5_c.1_s1510771779_K0_P3TERMS2A3_src20523056.txt
preserve3-term-tpp-off-1510771779-a3-policy-e0015,policy_eval,tpp,off,1510771779,stage2,ready,hadd-astar,"/home/hersco/bershco-nu-asnets/numeric-asnets/asnets/experiment-results/experiments_numeric.domain.tpp-experiments_numeric.architecture_2.tpp_mcts-2026-09-01T09:01:35.980604/P[domain,pfile1,pfile2,pfile4]-S[0.0003,50,enhsp-hadd-astar]-MO[]-T[518400]-04922175-17cc32a/snapshots/snapshot_15_0.5000",20755747,15,preserve3_terminal_tpp_off_learning_curve,COMPLETED,/home/hersco/training_new_domains/2026-08-31/preserve3_terminal_tpp_stage2/20755747_Re-Tr_tpp_tpp_mcts_orig_novh_e.5_c.1_s1510771779_K0_P3TERMS2A3_src20523056.txt
preserve3-term-tpp-off-1510771779-a3-policy-e0020,policy_eval,tpp,off,1510771779,stage2,ready,hadd-astar,"/home/hersco/bershco-nu-asnets/numeric-asnets/asnets/experiment-results/experiments_numeric.domain.tpp-experiments_numeric.architecture_2.tpp_mcts-2026-09-01T09:01:35.980604/P[domain,pfile1,pfile2,pfile4]-S[0.0003,50,enhsp-hadd-astar]-MO[]-T[518400]-04922175-17cc32a/snapshots/snapshot_20_0.5000",20755747,20,preserve3_terminal_tpp_off_learning_curve,COMPLETED,/home/hersco/training_new_domains/2026-08-31/preserve3_terminal_tpp_stage2/20755747_Re-Tr_tpp_tpp_mcts_orig_novh_e.5_c.1_s1510771779_K0_P3TERMS2A3_src20523056.txt
preserve3-term-tpp-off-1510771779-a3-policy-e0025,policy_eval,tpp,off,1510771779,stage2,ready,hadd-astar,"/home/hersco/bershco-nu-asnets/numeric-asnets/asnets/experiment-results/experiments_numeric.domain.tpp-experiments_numeric.architecture_2.tpp_mcts-2026-09-01T09:01:35.980604/P[domain,pfile1,pfile2,pfile4]-S[0.0003,50,enhsp-hadd-astar]-MO[]-T[518400]-04922175-17cc32a/snapshots/snapshot_25_0.5000",20755747,25,preserve3_terminal_tpp_off_learning_curve,COMPLETED,/home/hersco/training_new_domains/2026-08-31/preserve3_terminal_tpp_stage2/20755747_Re-Tr_tpp_tpp_mcts_orig_novh_e.5_c.1_s1510771779_K0_P3TERMS2A3_src20523056.txt
preserve3-term-tpp-off-1510771779-a3-policy-e0030,policy_eval,tpp,off,1510771779,stage2,ready,hadd-astar,"/home/hersco/bershco-nu-asnets/numeric-asnets/asnets/experiment-results/experiments_numeric.domain.tpp-experiments_numeric.architecture_2.tpp_mcts-2026-09-01T09:01:35.980604/P[domain,pfile1,pfile2,pfile4]-S[0.0003,50,enhsp-hadd-astar]-MO[]-T[518400]-04922175-17cc32a/snapshots/snapshot_30_0.5000",20755747,30,preserve3_terminal_tpp_off_learning_curve,COMPLETED,/home/hersco/training_new_domains/2026-08-31/preserve3_terminal_tpp_stage2/20755747_Re-Tr_tpp_tpp_mcts_orig_novh_e.5_c.1_s1510771779_K0_P3TERMS2A3_src20523056.txt
preserve3-term-tpp-off-1510771779-a3-policy-e0035,policy_eval,tpp,off,1510771779,stage2,ready,hadd-astar,"/home/hersco/bershco-nu-asnets/numeric-asnets/asnets/experiment-results/experiments_numeric.domain.tpp-experiments_numeric.architecture_2.tpp_mcts-2026-09-01T09:01:35.980604/P[domain,pfile1,pfile2,pfile4]-S[0.0003,50,enhsp-hadd-astar]-MO[]-T[518400]-04922175-17cc32a/snapshots/snapshot_35_0.5000",20755747,35,preserve3_terminal_tpp_off_learning_curve,COMPLETED,/home/hersco/training_new_domains/2026-08-31/preserve3_terminal_tpp_stage2/20755747_Re-Tr_tpp_tpp_mcts_orig_novh_e.5_c.1_s1510771779_K0_P3TERMS2A3_src20523056.txt
preserve3-term-tpp-off-1510771779-a3-policy-e0040,policy_eval,tpp,off,1510771779,stage2,ready,hadd-astar,"/home/hersco/bershco-nu-asnets/numeric-asnets/asnets/experiment-results/experiments_numeric.domain.tpp-experiments_numeric.architecture_2.tpp_mcts-2026-09-01T09:01:35.980604/P[domain,pfile1,pfile2,pfile4]-S[0.0003,50,enhsp-hadd-astar]-MO[]-T[518400]-04922175-17cc32a/snapshots/snapshot_40_0.5000",20755747,40,preserve3_terminal_tpp_off_learning_curve,COMPLETED,/home/hersco/training_new_domains/2026-08-31/preserve3_terminal_tpp_stage2/20755747_Re-Tr_tpp_tpp_mcts_orig_novh_e.5_c.1_s1510771779_K0_P3TERMS2A3_src20523056.txt
preserve3-term-tpp-off-1510771779-a3-policy-e0045,policy_eval,tpp,off,1510771779,stage2,ready,hadd-astar,"/home/hersco/bershco-nu-asnets/numeric-asnets/asnets/experiment-results/experiments_numeric.domain.tpp-experiments_numeric.architecture_2.tpp_mcts-2026-09-01T09:01:35.980604/P[domain,pfile1,pfile2,pfile4]-S[0.0003,50,enhsp-hadd-astar]-MO[]-T[518400]-04922175-17cc32a/snapshots/snapshot_45_0.5000",20755747,45,preserve3_terminal_tpp_off_learning_curve,COMPLETED,/home/hersco/training_new_domains/2026-08-31/preserve3_terminal_tpp_stage2/20755747_Re-Tr_tpp_tpp_mcts_orig_novh_e.5_c.1_s1510771779_K0_P3TERMS2A3_src20523056.txt
preserve3-term-tpp-off-1510771779-a3-policy-e0050,policy_eval,tpp,off,1510771779,stage2,ready,hadd-astar,"/home/hersco/bershco-nu-asnets/numeric-asnets/asnets/experiment-results/experiments_numeric.domain.tpp-experiments_numeric.architecture_2.tpp_mcts-2026-09-01T09:01:35.980604/P[domain,pfile1,pfile2,pfile4]-S[0.0003,50,enhsp-hadd-astar]-MO[]-T[518400]-04922175-17cc32a/snapshots/snapshot_50_0.5000",20755747,50,preserve3_terminal_tpp_off_learning_curve,COMPLETED,/home/hersco/training_new_domains/2026-08-31/preserve3_terminal_tpp_stage2/20755747_Re-Tr_tpp_tpp_mcts_orig_novh_e.5_c.1_s1510771779_K0_P3TERMS2A3_src20523056.txt
preserve3-term-tpp-off-1510771779-a3-policy-e0055,policy_eval,tpp,off,1510771779,stage2,ready,hadd-astar,"/home/hersco/bershco-nu-asnets/numeric-asnets/asnets/experiment-results/experiments_numeric.domain.tpp-experiments_numeric.architecture_2.tpp_mcts-2026-09-01T09:01:35.980604/P[domain,pfile1,pfile2,pfile4]-S[0.0003,50,enhsp-hadd-astar]-MO[]-T[518400]-04922175-17cc32a/snapshots/snapshot_55_0.5000",20755747,55,preserve3_terminal_tpp_off_learning_curve,COMPLETED,/home/hersco/training_new_domains/2026-08-31/preserve3_terminal_tpp_stage2/20755747_Re-Tr_tpp_tpp_mcts_orig_novh_e.5_c.1_s1510771779_K0_P3TERMS2A3_src20523056.txt
preserve3-term-tpp-off-1510771779-a3-policy-e0060,policy_eval,tpp,off,1510771779,stage2,ready,hadd-astar,"/home/hersco/bershco-nu-asnets/numeric-asnets/asnets/experiment-results/experiments_numeric.domain.tpp-experiments_numeric.architecture_2.tpp_mcts-2026-09-01T09:01:35.980604/P[domain,pfile1,pfile2,pfile4]-S[0.0003,50,enhsp-hadd-astar]-MO[]-T[518400]-04922175-17cc32a/snapshots/snapshot_60_0.5000",20755747,60,preserve3_terminal_tpp_off_learning_curve,COMPLETED,/home/hersco/training_new_domains/2026-08-31/preserve3_terminal_tpp_stage2/20755747_Re-Tr_tpp_tpp_mcts_orig_novh_e.5_c.1_s1510771779_K0_P3TERMS2A3_src20523056.txt
preserve3-term-tpp-off-1510771779-a3-policy-e0065,policy_eval,tpp,off,1510771779,stage2,ready,hadd-astar,"/home/hersco/bershco-nu-asnets/numeric-asnets/asnets/experiment-results/experiments_numeric.domain.tpp-experiments_numeric.architecture_2.tpp_mcts-2026-09-01T09:01:35.980604/P[domain,pfile1,pfile2,pfile4]-S[0.0003,50,enhsp-hadd-astar]-MO[]-T[518400]-04922175-17cc32a/snapshots/snapshot_65_0.5000",20755747,65,preserve3_terminal_tpp_off_learning_curve,COMPLETED,/home/hersco/training_new_domains/2026-08-31/preserve3_terminal_tpp_stage2/20755747_Re-Tr_tpp_tpp_mcts_orig_novh_e.5_c.1_s1510771779_K0_P3TERMS2A3_src20523056.txt
preserve3-term-tpp-off-1510771779-a3-policy-e0070,policy_eval,tpp,off,1510771779,stage2,ready,hadd-astar,"/home/hersco/bershco-nu-asnets/numeric-asnets/asnets/experiment-results/experiments_numeric.domain.tpp-experiments_numeric.architecture_2.tpp_mcts-2026-09-01T09:01:35.980604/P[domain,pfile1,pfile2,pfile4]-S[0.0003,50,enhsp-hadd-astar]-MO[]-T[518400]-04922175-17cc32a/snapshots/snapshot_70_0.5000",20755747,70,preserve3_terminal_tpp_off_learning_curve,COMPLETED,/home/hersco/training_new_domains/2026-08-31/preserve3_terminal_tpp_stage2/20755747_Re-Tr_tpp_tpp_mcts_orig_novh_e.5_c.1_s1510771779_K0_P3TERMS2A3_src20523056.txt
preserve3-term-tpp-off-1510771779-a3-policy-e0075,policy_eval,tpp,off,1510771779,stage2,ready,hadd-astar,"/home/hersco/bershco-nu-asnets/numeric-asnets/asnets/experiment-results/experiments_numeric.domain.tpp-experiments_numeric.architecture_2.tpp_mcts-2026-09-01T09:01:35.980604/P[domain,pfile1,pfile2,pfile4]-S[0.0003,50,enhsp-hadd-astar]-MO[]-T[518400]-04922175-17cc32a/snapshots/snapshot_75_0.5000",20755747,75,preserve3_terminal_tpp_off_learning_curve,COMPLETED,/home/hersco/training_new_domains/2026-08-31/preserve3_terminal_tpp_stage2/20755747_Re-Tr_tpp_tpp_mcts_orig_novh_e.5_c.1_s1510771779_K0_P3TERMS2A3_src20523056.txt
preserve3-term-tpp-off-1510771779-a3-policy-e0080,policy_eval,tpp,off,1510771779,stage2,ready,hadd-astar,"/home/hersco/bershco-nu-asnets/numeric-asnets/asnets/experiment-results/experiments_numeric.domain.tpp-experiments_numeric.architecture_2.tpp_mcts-2026-09-01T09:01:35.980604/P[domain,pfile1,pfile2,pfile4]-S[0.0003,50,enhsp-hadd-astar]-MO[]-T[518400]-04922175-17cc32a/snapshots/snapshot_80_1.0000",20755747,80,preserve3_terminal_tpp_off_learning_curve,COMPLETED,/home/hersco/training_new_domains/2026-08-31/preserve3_terminal_tpp_stage2/20755747_Re-Tr_tpp_tpp_mcts_orig_novh_e.5_c.1_s1510771779_K0_P3TERMS2A3_src20523056.txt
preserve3-term-tpp-off-1510771779-a3-policy-e0085,policy_eval,tpp,off,1510771779,stage2,ready,hadd-astar,"/home/hersco/bershco-nu-asnets/numeric-asnets/asnets/experiment-results/experiments_numeric.domain.tpp-experiments_numeric.architecture_2.tpp_mcts-2026-09-01T09:01:35.980604/P[domain,pfile1,pfile2,pfile4]-S[0.0003,50,enhsp-hadd-astar]-MO[]-T[518400]-04922175-17cc32a/snapshots/snapshot_85_1.0000",20755747,85,preserve3_terminal_tpp_off_learning_curve,COMPLETED,/home/hersco/training_new_domains/2026-08-31/preserve3_terminal_tpp_stage2/20755747_Re-Tr_tpp_tpp_mcts_orig_novh_e.5_c.1_s1510771779_K0_P3TERMS2A3_src20523056.txt
preserve3-term-tpp-off-1510771779-a3-policy-e0090,policy_eval,tpp,off,1510771779,stage2,ready,hadd-astar,"/home/hersco/bershco-nu-asnets/numeric-asnets/asnets/experiment-results/experiments_numeric.domain.tpp-experiments_numeric.architecture_2.tpp_mcts-2026-09-01T09:01:35.980604/P[domain,pfile1,pfile2,pfile4]-S[0.0003,50,enhsp-hadd-astar]-MO[]-T[518400]-04922175-17cc32a/snapshots/snapshot_90_0.5000",20755747,90,preserve3_terminal_tpp_off_learning_curve,COMPLETED,/home/hersco/training_new_domains/2026-08-31/preserve3_terminal_tpp_stage2/20755747_Re-Tr_tpp_tpp_mcts_orig_novh_e.5_c.1_s1510771779_K0_P3TERMS2A3_src20523056.txt
preserve3-term-tpp-off-1510771779-a3-policy-e0095,policy_eval,tpp,off,1510771779,stage2,ready,hadd-astar,"/home/hersco/bershco-nu-asnets/numeric-asnets/asnets/experiment-results/experiments_numeric.domain.tpp-experiments_numeric.architecture_2.tpp_mcts-2026-09-01T09:01:35.980604/P[domain,pfile1,pfile2,pfile4]-S[0.0003,50,enhsp-hadd-astar]-MO[]-T[518400]-04922175-17cc32a/snapshots/snapshot_95_0.5000",20755747,95,preserve3_terminal_tpp_off_learning_curve,COMPLETED,/home/hersco/training_new_domains/2026-08-31/preserve3_terminal_tpp_stage2/20755747_Re-Tr_tpp_tpp_mcts_orig_novh_e.5_c.1_s1510771779_K0_P3TERMS2A3_src20523056.txt
preserve3-term-tpp-off-1510771779-a3-policy-e0099,policy_eval,tpp,off,1510771779,stage2,ready,hadd-astar,"/home/hersco/bershco-nu-asnets/numeric-asnets/asnets/experiment-results/experiments_numeric.domain.tpp-experiments_numeric.architecture_2.tpp_mcts-2026-09-01T09:01:35.980604/P[domain,pfile1,pfile2,pfile4]-S[0.0003,50,enhsp-hadd-astar]-MO[]-T[518400]-04922175-17cc32a/snapshots/snapshot_99_1.0000",20755747,99,preserve3_terminal_tpp_off_learning_curve;preserve3_terminal_tpp_off_final_policy,COMPLETED,/home/hersco/training_new_domains/2026-08-31/preserve3_terminal_tpp_stage2/20755747_Re-Tr_tpp_tpp_mcts_orig_novh_e.5_c.1_s1510771779_K0_P3TERMS2A3_src20523056.txt
preserve3-term-tpp-off-1963100312-a3-policy-e0000,policy_eval,tpp,off,1963100312,stage2,ready,hadd-astar,"/home/hersco/bershco-nu-asnets/numeric-asnets/asnets/experiment-results/experiments_numeric.domain.tpp-experiments_numeric.architecture_2.tpp_mcts-2026-08-31T18:13:22.716157/P[domain,pfile1,pfile2,pfile4]-S[0.0003,50,enhsp-hadd-astar]-MO[]-T[518400]-04921287-2fc32f3/snapshots/snapshot_0_1.0000",20755748,0,preserve3_terminal_tpp_off_learning_curve;preserve3_terminal_tpp_off_validation_selected_policy,COMPLETED,/home/hersco/training_new_domains/2026-08-31/preserve3_terminal_tpp_stage2/20755748_Re-Tr_tpp_tpp_mcts_orig_novh_e.5_c.1_s1963100312_K0_P3TERMS2A3_src20523035.txt
preserve3-term-tpp-off-1963100312-a3-policy-e0005,policy_eval,tpp,off,1963100312,stage2,ready,hadd-astar,"/home/hersco/bershco-nu-asnets/numeric-asnets/asnets/experiment-results/experiments_numeric.domain.tpp-experiments_numeric.architecture_2.tpp_mcts-2026-08-31T18:13:22.716157/P[domain,pfile1,pfile2,pfile4]-S[0.0003,50,enhsp-hadd-astar]-MO[]-T[518400]-04921287-2fc32f3/snapshots/snapshot_5_1.0000",20755748,5,preserve3_terminal_tpp_off_learning_curve,COMPLETED,/home/hersco/training_new_domains/2026-08-31/preserve3_terminal_tpp_stage2/20755748_Re-Tr_tpp_tpp_mcts_orig_novh_e.5_c.1_s1963100312_K0_P3TERMS2A3_src20523035.txt
preserve3-term-tpp-off-1963100312-a3-policy-e0010,policy_eval,tpp,off,1963100312,stage2,ready,hadd-astar,"/home/hersco/bershco-nu-asnets/numeric-asnets/asnets/experiment-results/experiments_numeric.domain.tpp-experiments_numeric.architecture_2.tpp_mcts-2026-08-31T18:13:22.716157/P[domain,pfile1,pfile2,pfile4]-S[0.0003,50,enhsp-hadd-astar]-MO[]-T[518400]-04921287-2fc32f3/snapshots/snapshot_10_1.0000",20755748,10,preserve3_terminal_tpp_off_learning_curve,COMPLETED,/home/hersco/training_new_domains/2026-08-31/preserve3_terminal_tpp_stage2/20755748_Re-Tr_tpp_tpp_mcts_orig_novh_e.5_c.1_s1963100312_K0_P3TERMS2A3_src20523035.txt
preserve3-term-tpp-off-1963100312-a3-policy-e0015,policy_eval,tpp,off,1963100312,stage2,ready,hadd-astar,"/home/hersco/bershco-nu-asnets/numeric-asnets/asnets/experiment-results/experiments_numeric.domain.tpp-experiments_numeric.architecture_2.tpp_mcts-2026-08-31T18:13:22.716157/P[domain,pfile1,pfile2,pfile4]-S[0.0003,50,enhsp-hadd-astar]-MO[]-T[518400]-04921287-2fc32f3/snapshots/snapshot_15_1.0000",20755748,15,preserve3_terminal_tpp_off_learning_curve,COMPLETED,/home/hersco/training_new_domains/2026-08-31/preserve3_terminal_tpp_stage2/20755748_Re-Tr_tpp_tpp_mcts_orig_novh_e.5_c.1_s1963100312_K0_P3TERMS2A3_src20523035.txt
preserve3-term-tpp-off-1963100312-a3-policy-e0020,policy_eval,tpp,off,1963100312,stage2,ready,hadd-astar,"/home/hersco/bershco-nu-asnets/numeric-asnets/asnets/experiment-results/experiments_numeric.domain.tpp-experiments_numeric.architecture_2.tpp_mcts-2026-08-31T18:13:22.716157/P[domain,pfile1,pfile2,pfile4]-S[0.0003,50,enhsp-hadd-astar]-MO[]-T[518400]-04921287-2fc32f3/snapshots/snapshot_20_1.0000",20755748,20,preserve3_terminal_tpp_off_learning_curve,COMPLETED,/home/hersco/training_new_domains/2026-08-31/preserve3_terminal_tpp_stage2/20755748_Re-Tr_tpp_tpp_mcts_orig_novh_e.5_c.1_s1963100312_K0_P3TERMS2A3_src20523035.txt
preserve3-term-tpp-off-1963100312-a3-policy-e0025,policy_eval,tpp,off,1963100312,stage2,ready,hadd-astar,"/home/hersco/bershco-nu-asnets/numeric-asnets/asnets/experiment-results/experiments_numeric.domain.tpp-experiments_numeric.architecture_2.tpp_mcts-2026-08-31T18:13:22.716157/P[domain,pfile1,pfile2,pfile4]-S[0.0003,50,enhsp-hadd-astar]-MO[]-T[518400]-04921287-2fc32f3/snapshots/snapshot_25_1.0000",20755748,25,preserve3_terminal_tpp_off_learning_curve,COMPLETED,/home/hersco/training_new_domains/2026-08-31/preserve3_terminal_tpp_stage2/20755748_Re-Tr_tpp_tpp_mcts_orig_novh_e.5_c.1_s1963100312_K0_P3TERMS2A3_src20523035.txt
preserve3-term-tpp-off-1963100312-a3-policy-e0030,policy_eval,tpp,off,1963100312,stage2,ready,hadd-astar,"/home/hersco/bershco-nu-asnets/numeric-asnets/asnets/experiment-results/experiments_numeric.domain.tpp-experiments_numeric.architecture_2.tpp_mcts-2026-08-31T18:13:22.716157/P[domain,pfile1,pfile2,pfile4]-S[0.0003,50,enhsp-hadd-astar]-MO[]-T[518400]-04921287-2fc32f3/snapshots/snapshot_30_1.0000",20755748,30,preserve3_terminal_tpp_off_learning_curve,COMPLETED,/home/hersco/training_new_domains/2026-08-31/preserve3_terminal_tpp_stage2/20755748_Re-Tr_tpp_tpp_mcts_orig_novh_e.5_c.1_s1963100312_K0_P3TERMS2A3_src20523035.txt
preserve3-term-tpp-off-1963100312-a3-policy-e0035,policy_eval,tpp,off,1963100312,stage2,ready,hadd-astar,"/home/hersco/bershco-nu-asnets/numeric-asnets/asnets/experiment-results/experiments_numeric.domain.tpp-experiments_numeric.architecture_2.tpp_mcts-2026-08-31T18:13:22.716157/P[domain,pfile1,pfile2,pfile4]-S[0.0003,50,enhsp-hadd-astar]-MO[]-T[518400]-04921287-2fc32f3/snapshots/snapshot_35_1.0000",20755748,35,preserve3_terminal_tpp_off_learning_curve,COMPLETED,/home/hersco/training_new_domains/2026-08-31/preserve3_terminal_tpp_stage2/20755748_Re-Tr_tpp_tpp_mcts_orig_novh_e.5_c.1_s1963100312_K0_P3TERMS2A3_src20523035.txt
preserve3-term-tpp-off-1963100312-a3-policy-e0040,policy_eval,tpp,off,1963100312,stage2,ready,hadd-astar,"/home/hersco/bershco-nu-asnets/numeric-asnets/asnets/experiment-results/experiments_numeric.domain.tpp-experiments_numeric.architecture_2.tpp_mcts-2026-08-31T18:13:22.716157/P[domain,pfile1,pfile2,pfile4]-S[0.0003,50,enhsp-hadd-astar]-MO[]-T[518400]-04921287-2fc32f3/snapshots/snapshot_40_1.0000",20755748,40,preserve3_terminal_tpp_off_learning_curve,COMPLETED,/home/hersco/training_new_domains/2026-08-31/preserve3_terminal_tpp_stage2/20755748_Re-Tr_tpp_tpp_mcts_orig_novh_e.5_c.1_s1963100312_K0_P3TERMS2A3_src20523035.txt
preserve3-term-tpp-off-1963100312-a3-policy-e0045,policy_eval,tpp,off,1963100312,stage2,ready,hadd-astar,"/home/hersco/bershco-nu-asnets/numeric-asnets/asnets/experiment-results/experiments_numeric.domain.tpp-experiments_numeric.architecture_2.tpp_mcts-2026-08-31T18:13:22.716157/P[domain,pfile1,pfile2,pfile4]-S[0.0003,50,enhsp-hadd-astar]-MO[]-T[518400]-04921287-2fc32f3/snapshots/snapshot_45_1.0000",20755748,45,preserve3_terminal_tpp_off_learning_curve,COMPLETED,/home/hersco/training_new_domains/2026-08-31/preserve3_terminal_tpp_stage2/20755748_Re-Tr_tpp_tpp_mcts_orig_novh_e.5_c.1_s1963100312_K0_P3TERMS2A3_src20523035.txt
preserve3-term-tpp-off-1963100312-a3-policy-e0050,policy_eval,tpp,off,1963100312,stage2,ready,hadd-astar,"/home/hersco/bershco-nu-asnets/numeric-asnets/asnets/experiment-results/experiments_numeric.domain.tpp-experiments_numeric.architecture_2.tpp_mcts-2026-08-31T18:13:22.716157/P[domain,pfile1,pfile2,pfile4]-S[0.0003,50,enhsp-hadd-astar]-MO[]-T[518400]-04921287-2fc32f3/snapshots/snapshot_50_1.0000",20755748,50,preserve3_terminal_tpp_off_learning_curve,COMPLETED,/home/hersco/training_new_domains/2026-08-31/preserve3_terminal_tpp_stage2/20755748_Re-Tr_tpp_tpp_mcts_orig_novh_e.5_c.1_s1963100312_K0_P3TERMS2A3_src20523035.txt
preserve3-term-tpp-off-1963100312-a3-policy-e0055,policy_eval,tpp,off,1963100312,stage2,ready,hadd-astar,"/home/hersco/bershco-nu-asnets/numeric-asnets/asnets/experiment-results/experiments_numeric.domain.tpp-experiments_numeric.architecture_2.tpp_mcts-2026-08-31T18:13:22.716157/P[domain,pfile1,pfile2,pfile4]-S[0.0003,50,enhsp-hadd-astar]-MO[]-T[518400]-04921287-2fc32f3/snapshots/snapshot_55_1.0000",20755748,55,preserve3_terminal_tpp_off_learning_curve,COMPLETED,/home/hersco/training_new_domains/2026-08-31/preserve3_terminal_tpp_stage2/20755748_Re-Tr_tpp_tpp_mcts_orig_novh_e.5_c.1_s1963100312_K0_P3TERMS2A3_src20523035.txt
preserve3-term-tpp-off-1963100312-a3-policy-e0060,policy_eval,tpp,off,1963100312,stage2,ready,hadd-astar,"/home/hersco/bershco-nu-asnets/numeric-asnets/asnets/experiment-results/experiments_numeric.domain.tpp-experiments_numeric.architecture_2.tpp_mcts-2026-08-31T18:13:22.716157/P[domain,pfile1,pfile2,pfile4]-S[0.0003,50,enhsp-hadd-astar]-MO[]-T[518400]-04921287-2fc32f3/snapshots/snapshot_60_1.0000",20755748,60,preserve3_terminal_tpp_off_learning_curve,COMPLETED,/home/hersco/training_new_domains/2026-08-31/preserve3_terminal_tpp_stage2/20755748_Re-Tr_tpp_tpp_mcts_orig_novh_e.5_c.1_s1963100312_K0_P3TERMS2A3_src20523035.txt
preserve3-term-tpp-off-1963100312-a3-policy-e0065,policy_eval,tpp,off,1963100312,stage2,ready,hadd-astar,"/home/hersco/bershco-nu-asnets/numeric-asnets/asnets/experiment-results/experiments_numeric.domain.tpp-experiments_numeric.architecture_2.tpp_mcts-2026-08-31T18:13:22.716157/P[domain,pfile1,pfile2,pfile4]-S[0.0003,50,enhsp-hadd-astar]-MO[]-T[518400]-04921287-2fc32f3/snapshots/snapshot_65_1.0000",20755748,65,preserve3_terminal_tpp_off_learning_curve,COMPLETED,/home/hersco/training_new_domains/2026-08-31/preserve3_terminal_tpp_stage2/20755748_Re-Tr_tpp_tpp_mcts_orig_novh_e.5_c.1_s1963100312_K0_P3TERMS2A3_src20523035.txt
preserve3-term-tpp-off-1963100312-a3-policy-e0070,policy_eval,tpp,off,1963100312,stage2,ready,hadd-astar,"/home/hersco/bershco-nu-asnets/numeric-asnets/asnets/experiment-results/experiments_numeric.domain.tpp-experiments_numeric.architecture_2.tpp_mcts-2026-08-31T18:13:22.716157/P[domain,pfile1,pfile2,pfile4]-S[0.0003,50,enhsp-hadd-astar]-MO[]-T[518400]-04921287-2fc32f3/snapshots/snapshot_70_1.0000",20755748,70,preserve3_terminal_tpp_off_learning_curve,COMPLETED,/home/hersco/training_new_domains/2026-08-31/preserve3_terminal_tpp_stage2/20755748_Re-Tr_tpp_tpp_mcts_orig_novh_e.5_c.1_s1963100312_K0_P3TERMS2A3_src20523035.txt
preserve3-term-tpp-off-1963100312-a3-policy-e0075,policy_eval,tpp,off,1963100312,stage2,ready,hadd-astar,"/home/hersco/bershco-nu-asnets/numeric-asnets/asnets/experiment-results/experiments_numeric.domain.tpp-experiments_numeric.architecture_2.tpp_mcts-2026-08-31T18:13:22.716157/P[domain,pfile1,pfile2,pfile4]-S[0.0003,50,enhsp-hadd-astar]-MO[]-T[518400]-04921287-2fc32f3/snapshots/snapshot_75_1.0000",20755748,75,preserve3_terminal_tpp_off_learning_curve,COMPLETED,/home/hersco/training_new_domains/2026-08-31/preserve3_terminal_tpp_stage2/20755748_Re-Tr_tpp_tpp_mcts_orig_novh_e.5_c.1_s1963100312_K0_P3TERMS2A3_src20523035.txt
preserve3-term-tpp-off-1963100312-a3-policy-e0080,policy_eval,tpp,off,1963100312,stage2,ready,hadd-astar,"/home/hersco/bershco-nu-asnets/numeric-asnets/asnets/experiment-results/experiments_numeric.domain.tpp-experiments_numeric.architecture_2.tpp_mcts-2026-08-31T18:13:22.716157/P[domain,pfile1,pfile2,pfile4]-S[0.0003,50,enhsp-hadd-astar]-MO[]-T[518400]-04921287-2fc32f3/snapshots/snapshot_80_1.0000",20755748,80,preserve3_terminal_tpp_off_learning_curve,COMPLETED,/home/hersco/training_new_domains/2026-08-31/preserve3_terminal_tpp_stage2/20755748_Re-Tr_tpp_tpp_mcts_orig_novh_e.5_c.1_s1963100312_K0_P3TERMS2A3_src20523035.txt
preserve3-term-tpp-off-1963100312-a3-policy-e0085,policy_eval,tpp,off,1963100312,stage2,ready,hadd-astar,"/home/hersco/bershco-nu-asnets/numeric-asnets/asnets/experiment-results/experiments_numeric.domain.tpp-experiments_numeric.architecture_2.tpp_mcts-2026-08-31T18:13:22.716157/P[domain,pfile1,pfile2,pfile4]-S[0.0003,50,enhsp-hadd-astar]-MO[]-T[518400]-04921287-2fc32f3/snapshots/snapshot_85_1.0000",20755748,85,preserve3_terminal_tpp_off_learning_curve,COMPLETED,/home/hersco/training_new_domains/2026-08-31/preserve3_terminal_tpp_stage2/20755748_Re-Tr_tpp_tpp_mcts_orig_novh_e.5_c.1_s1963100312_K0_P3TERMS2A3_src20523035.txt
preserve3-term-tpp-off-1963100312-a3-policy-e0090,policy_eval,tpp,off,1963100312,stage2,ready,hadd-astar,"/home/hersco/bershco-nu-asnets/numeric-asnets/asnets/experiment-results/experiments_numeric.domain.tpp-experiments_numeric.architecture_2.tpp_mcts-2026-08-31T18:13:22.716157/P[domain,pfile1,pfile2,pfile4]-S[0.0003,50,enhsp-hadd-astar]-MO[]-T[518400]-04921287-2fc32f3/snapshots/snapshot_90_1.0000",20755748,90,preserve3_terminal_tpp_off_learning_curve,COMPLETED,/home/hersco/training_new_domains/2026-08-31/preserve3_terminal_tpp_stage2/20755748_Re-Tr_tpp_tpp_mcts_orig_novh_e.5_c.1_s1963100312_K0_P3TERMS2A3_src20523035.txt
preserve3-term-tpp-off-1963100312-a3-policy-e0095,policy_eval,tpp,off,1963100312,stage2,ready,hadd-astar,"/home/hersco/bershco-nu-asnets/numeric-asnets/asnets/experiment-results/experiments_numeric.domain.tpp-experiments_numeric.architecture_2.tpp_mcts-2026-08-31T18:13:22.716157/P[domain,pfile1,pfile2,pfile4]-S[0.0003,50,enhsp-hadd-astar]-MO[]-T[518400]-04921287-2fc32f3/snapshots/snapshot_95_1.0000",20755748,95,preserve3_terminal_tpp_off_learning_curve,COMPLETED,/home/hersco/training_new_domains/2026-08-31/preserve3_terminal_tpp_stage2/20755748_Re-Tr_tpp_tpp_mcts_orig_novh_e.5_c.1_s1963100312_K0_P3TERMS2A3_src20523035.txt
preserve3-term-tpp-off-1963100312-a3-policy-e0099,policy_eval,tpp,off,1963100312,stage2,ready,hadd-astar,"/home/hersco/bershco-nu-asnets/numeric-asnets/asnets/experiment-results/experiments_numeric.domain.tpp-experiments_numeric.architecture_2.tpp_mcts-2026-08-31T18:13:22.716157/P[domain,pfile1,pfile2,pfile4]-S[0.0003,50,enhsp-hadd-astar]-MO[]-T[518400]-04921287-2fc32f3/snapshots/snapshot_99_1.0000",20755748,99,preserve3_terminal_tpp_off_learning_curve;preserve3_terminal_tpp_off_final_policy,COMPLETED,/home/hersco/training_new_domains/2026-08-31/preserve3_terminal_tpp_stage2/20755748_Re-Tr_tpp_tpp_mcts_orig_novh_e.5_c.1_s1963100312_K0_P3TERMS2A3_src20523035.txt
preserve3-term-tpp-off-1972442430-a3-policy-e0000,policy_eval,tpp,off,1972442430,stage2,ready,hadd-astar,"/home/hersco/bershco-nu-asnets/numeric-asnets/asnets/experiment-results/experiments_numeric.domain.tpp-experiments_numeric.architecture_2.tpp_mcts-2026-08-31T18:15:28.389963/P[domain,pfile1,pfile2,pfile4]-S[0.0003,50,enhsp-hadd-astar]-MO[]-T[518400]-04921289-72aea46/snapshots/snapshot_0_1.0000",20755749,0,preserve3_terminal_tpp_off_learning_curve,COMPLETED,/home/hersco/training_new_domains/2026-08-31/preserve3_terminal_tpp_stage2/20755749_Re-Tr_tpp_tpp_mcts_orig_novh_e.5_c.1_s1972442430_K0_P3TERMS2A3_src20523062.txt
preserve3-term-tpp-off-1972442430-a3-policy-e0005,policy_eval,tpp,off,1972442430,stage2,ready,hadd-astar,"/home/hersco/bershco-nu-asnets/numeric-asnets/asnets/experiment-results/experiments_numeric.domain.tpp-experiments_numeric.architecture_2.tpp_mcts-2026-08-31T18:15:28.389963/P[domain,pfile1,pfile2,pfile4]-S[0.0003,50,enhsp-hadd-astar]-MO[]-T[518400]-04921289-72aea46/snapshots/snapshot_5_1.0000",20755749,5,preserve3_terminal_tpp_off_learning_curve,COMPLETED,/home/hersco/training_new_domains/2026-08-31/preserve3_terminal_tpp_stage2/20755749_Re-Tr_tpp_tpp_mcts_orig_novh_e.5_c.1_s1972442430_K0_P3TERMS2A3_src20523062.txt
preserve3-term-tpp-off-1972442430-a3-policy-e0010,policy_eval,tpp,off,1972442430,stage2,ready,hadd-astar,"/home/hersco/bershco-nu-asnets/numeric-asnets/asnets/experiment-results/experiments_numeric.domain.tpp-experiments_numeric.architecture_2.tpp_mcts-2026-08-31T18:15:28.389963/P[domain,pfile1,pfile2,pfile4]-S[0.0003,50,enhsp-hadd-astar]-MO[]-T[518400]-04921289-72aea46/snapshots/snapshot_10_1.0000",20755749,10,preserve3_terminal_tpp_off_learning_curve,COMPLETED,/home/hersco/training_new_domains/2026-08-31/preserve3_terminal_tpp_stage2/20755749_Re-Tr_tpp_tpp_mcts_orig_novh_e.5_c.1_s1972442430_K0_P3TERMS2A3_src20523062.txt
preserve3-term-tpp-off-1972442430-a3-policy-e0015,policy_eval,tpp,off,1972442430,stage2,ready,hadd-astar,"/home/hersco/bershco-nu-asnets/numeric-asnets/asnets/experiment-results/experiments_numeric.domain.tpp-experiments_numeric.architecture_2.tpp_mcts-2026-08-31T18:15:28.389963/P[domain,pfile1,pfile2,pfile4]-S[0.0003,50,enhsp-hadd-astar]-MO[]-T[518400]-04921289-72aea46/snapshots/snapshot_15_1.0000",20755749,15,preserve3_terminal_tpp_off_learning_curve,COMPLETED,/home/hersco/training_new_domains/2026-08-31/preserve3_terminal_tpp_stage2/20755749_Re-Tr_tpp_tpp_mcts_orig_novh_e.5_c.1_s1972442430_K0_P3TERMS2A3_src20523062.txt
preserve3-term-tpp-off-1972442430-a3-policy-e0020,policy_eval,tpp,off,1972442430,stage2,ready,hadd-astar,"/home/hersco/bershco-nu-asnets/numeric-asnets/asnets/experiment-results/experiments_numeric.domain.tpp-experiments_numeric.architecture_2.tpp_mcts-2026-08-31T18:15:28.389963/P[domain,pfile1,pfile2,pfile4]-S[0.0003,50,enhsp-hadd-astar]-MO[]-T[518400]-04921289-72aea46/snapshots/snapshot_20_1.0000",20755749,20,preserve3_terminal_tpp_off_learning_curve,COMPLETED,/home/hersco/training_new_domains/2026-08-31/preserve3_terminal_tpp_stage2/20755749_Re-Tr_tpp_tpp_mcts_orig_novh_e.5_c.1_s1972442430_K0_P3TERMS2A3_src20523062.txt
preserve3-term-tpp-off-1972442430-a3-policy-e0025,policy_eval,tpp,off,1972442430,stage2,ready,hadd-astar,"/home/hersco/bershco-nu-asnets/numeric-asnets/asnets/experiment-results/experiments_numeric.domain.tpp-experiments_numeric.architecture_2.tpp_mcts-2026-08-31T18:15:28.389963/P[domain,pfile1,pfile2,pfile4]-S[0.0003,50,enhsp-hadd-astar]-MO[]-T[518400]-04921289-72aea46/snapshots/snapshot_25_1.0000",20755749,25,preserve3_terminal_tpp_off_learning_curve,COMPLETED,/home/hersco/training_new_domains/2026-08-31/preserve3_terminal_tpp_stage2/20755749_Re-Tr_tpp_tpp_mcts_orig_novh_e.5_c.1_s1972442430_K0_P3TERMS2A3_src20523062.txt
preserve3-term-tpp-off-1972442430-a3-policy-e0030,policy_eval,tpp,off,1972442430,stage2,ready,hadd-astar,"/home/hersco/bershco-nu-asnets/numeric-asnets/asnets/experiment-results/experiments_numeric.domain.tpp-experiments_numeric.architecture_2.tpp_mcts-2026-08-31T18:15:28.389963/P[domain,pfile1,pfile2,pfile4]-S[0.0003,50,enhsp-hadd-astar]-MO[]-T[518400]-04921289-72aea46/snapshots/snapshot_30_1.0000",20755749,30,preserve3_terminal_tpp_off_learning_curve,COMPLETED,/home/hersco/training_new_domains/2026-08-31/preserve3_terminal_tpp_stage2/20755749_Re-Tr_tpp_tpp_mcts_orig_novh_e.5_c.1_s1972442430_K0_P3TERMS2A3_src20523062.txt
preserve3-term-tpp-off-1972442430-a3-policy-e0035,policy_eval,tpp,off,1972442430,stage2,ready,hadd-astar,"/home/hersco/bershco-nu-asnets/numeric-asnets/asnets/experiment-results/experiments_numeric.domain.tpp-experiments_numeric.architecture_2.tpp_mcts-2026-08-31T18:15:28.389963/P[domain,pfile1,pfile2,pfile4]-S[0.0003,50,enhsp-hadd-astar]-MO[]-T[518400]-04921289-72aea46/snapshots/snapshot_35_1.0000",20755749,35,preserve3_terminal_tpp_off_learning_curve,COMPLETED,/home/hersco/training_new_domains/2026-08-31/preserve3_terminal_tpp_stage2/20755749_Re-Tr_tpp_tpp_mcts_orig_novh_e.5_c.1_s1972442430_K0_P3TERMS2A3_src20523062.txt
preserve3-term-tpp-off-1972442430-a3-policy-e0040,policy_eval,tpp,off,1972442430,stage2,ready,hadd-astar,"/home/hersco/bershco-nu-asnets/numeric-asnets/asnets/experiment-results/experiments_numeric.domain.tpp-experiments_numeric.architecture_2.tpp_mcts-2026-08-31T18:15:28.389963/P[domain,pfile1,pfile2,pfile4]-S[0.0003,50,enhsp-hadd-astar]-MO[]-T[518400]-04921289-72aea46/snapshots/snapshot_40_1.0000",20755749,40,preserve3_terminal_tpp_off_learning_curve,COMPLETED,/home/hersco/training_new_domains/2026-08-31/preserve3_terminal_tpp_stage2/20755749_Re-Tr_tpp_tpp_mcts_orig_novh_e.5_c.1_s1972442430_K0_P3TERMS2A3_src20523062.txt
preserve3-term-tpp-off-1972442430-a3-policy-e0045,policy_eval,tpp,off,1972442430,stage2,ready,hadd-astar,"/home/hersco/bershco-nu-asnets/numeric-asnets/asnets/experiment-results/experiments_numeric.domain.tpp-experiments_numeric.architecture_2.tpp_mcts-2026-08-31T18:15:28.389963/P[domain,pfile1,pfile2,pfile4]-S[0.0003,50,enhsp-hadd-astar]-MO[]-T[518400]-04921289-72aea46/snapshots/snapshot_45_1.0000",20755749,45,preserve3_terminal_tpp_off_learning_curve,COMPLETED,/home/hersco/training_new_domains/2026-08-31/preserve3_terminal_tpp_stage2/20755749_Re-Tr_tpp_tpp_mcts_orig_novh_e.5_c.1_s1972442430_K0_P3TERMS2A3_src20523062.txt
preserve3-term-tpp-off-1972442430-a3-policy-e0050,policy_eval,tpp,off,1972442430,stage2,ready,hadd-astar,"/home/hersco/bershco-nu-asnets/numeric-asnets/asnets/experiment-results/experiments_numeric.domain.tpp-experiments_numeric.architecture_2.tpp_mcts-2026-08-31T18:15:28.389963/P[domain,pfile1,pfile2,pfile4]-S[0.0003,50,enhsp-hadd-astar]-MO[]-T[518400]-04921289-72aea46/snapshots/snapshot_50_1.0000",20755749,50,preserve3_terminal_tpp_off_learning_curve,COMPLETED,/home/hersco/training_new_domains/2026-08-31/preserve3_terminal_tpp_stage2/20755749_Re-Tr_tpp_tpp_mcts_orig_novh_e.5_c.1_s1972442430_K0_P3TERMS2A3_src20523062.txt
preserve3-term-tpp-off-1972442430-a3-policy-e0055,policy_eval,tpp,off,1972442430,stage2,ready,hadd-astar,"/home/hersco/bershco-nu-asnets/numeric-asnets/asnets/experiment-results/experiments_numeric.domain.tpp-experiments_numeric.architecture_2.tpp_mcts-2026-08-31T18:15:28.389963/P[domain,pfile1,pfile2,pfile4]-S[0.0003,50,enhsp-hadd-astar]-MO[]-T[518400]-04921289-72aea46/snapshots/snapshot_55_1.0000",20755749,55,preserve3_terminal_tpp_off_learning_curve,COMPLETED,/home/hersco/training_new_domains/2026-08-31/preserve3_terminal_tpp_stage2/20755749_Re-Tr_tpp_tpp_mcts_orig_novh_e.5_c.1_s1972442430_K0_P3TERMS2A3_src20523062.txt
preserve3-term-tpp-off-1972442430-a3-policy-e0060,policy_eval,tpp,off,1972442430,stage2,ready,hadd-astar,"/home/hersco/bershco-nu-asnets/numeric-asnets/asnets/experiment-results/experiments_numeric.domain.tpp-experiments_numeric.architecture_2.tpp_mcts-2026-08-31T18:15:28.389963/P[domain,pfile1,pfile2,pfile4]-S[0.0003,50,enhsp-hadd-astar]-MO[]-T[518400]-04921289-72aea46/snapshots/snapshot_60_1.0000",20755749,60,preserve3_terminal_tpp_off_learning_curve,COMPLETED,/home/hersco/training_new_domains/2026-08-31/preserve3_terminal_tpp_stage2/20755749_Re-Tr_tpp_tpp_mcts_orig_novh_e.5_c.1_s1972442430_K0_P3TERMS2A3_src20523062.txt
preserve3-term-tpp-off-1972442430-a3-policy-e0065,policy_eval,tpp,off,1972442430,stage2,ready,hadd-astar,"/home/hersco/bershco-nu-asnets/numeric-asnets/asnets/experiment-results/experiments_numeric.domain.tpp-experiments_numeric.architecture_2.tpp_mcts-2026-08-31T18:15:28.389963/P[domain,pfile1,pfile2,pfile4]-S[0.0003,50,enhsp-hadd-astar]-MO[]-T[518400]-04921289-72aea46/snapshots/snapshot_65_1.0000",20755749,65,preserve3_terminal_tpp_off_learning_curve,COMPLETED,/home/hersco/training_new_domains/2026-08-31/preserve3_terminal_tpp_stage2/20755749_Re-Tr_tpp_tpp_mcts_orig_novh_e.5_c.1_s1972442430_K0_P3TERMS2A3_src20523062.txt
preserve3-term-tpp-off-1972442430-a3-policy-e0070,policy_eval,tpp,off,1972442430,stage2,ready,hadd-astar,"/home/hersco/bershco-nu-asnets/numeric-asnets/asnets/experiment-results/experiments_numeric.domain.tpp-experiments_numeric.architecture_2.tpp_mcts-2026-08-31T18:15:28.389963/P[domain,pfile1,pfile2,pfile4]-S[0.0003,50,enhsp-hadd-astar]-MO[]-T[518400]-04921289-72aea46/snapshots/snapshot_70_1.0000",20755749,70,preserve3_terminal_tpp_off_learning_curve,COMPLETED,/home/hersco/training_new_domains/2026-08-31/preserve3_terminal_tpp_stage2/20755749_Re-Tr_tpp_tpp_mcts_orig_novh_e.5_c.1_s1972442430_K0_P3TERMS2A3_src20523062.txt
preserve3-term-tpp-off-1972442430-a3-policy-e0075,policy_eval,tpp,off,1972442430,stage2,ready,hadd-astar,"/home/hersco/bershco-nu-asnets/numeric-asnets/asnets/experiment-results/experiments_numeric.domain.tpp-experiments_numeric.architecture_2.tpp_mcts-2026-08-31T18:15:28.389963/P[domain,pfile1,pfile2,pfile4]-S[0.0003,50,enhsp-hadd-astar]-MO[]-T[518400]-04921289-72aea46/snapshots/snapshot_75_1.0000",20755749,75,preserve3_terminal_tpp_off_learning_curve,COMPLETED,/home/hersco/training_new_domains/2026-08-31/preserve3_terminal_tpp_stage2/20755749_Re-Tr_tpp_tpp_mcts_orig_novh_e.5_c.1_s1972442430_K0_P3TERMS2A3_src20523062.txt
preserve3-term-tpp-off-1972442430-a3-policy-e0080,policy_eval,tpp,off,1972442430,stage2,ready,hadd-astar,"/home/hersco/bershco-nu-asnets/numeric-asnets/asnets/experiment-results/experiments_numeric.domain.tpp-experiments_numeric.architecture_2.tpp_mcts-2026-08-31T18:15:28.389963/P[domain,pfile1,pfile2,pfile4]-S[0.0003,50,enhsp-hadd-astar]-MO[]-T[518400]-04921289-72aea46/snapshots/snapshot_80_1.0000",20755749,80,preserve3_terminal_tpp_off_learning_curve,COMPLETED,/home/hersco/training_new_domains/2026-08-31/preserve3_terminal_tpp_stage2/20755749_Re-Tr_tpp_tpp_mcts_orig_novh_e.5_c.1_s1972442430_K0_P3TERMS2A3_src20523062.txt
preserve3-term-tpp-off-1972442430-a3-policy-e0085,policy_eval,tpp,off,1972442430,stage2,ready,hadd-astar,"/home/hersco/bershco-nu-asnets/numeric-asnets/asnets/experiment-results/experiments_numeric.domain.tpp-experiments_numeric.architecture_2.tpp_mcts-2026-08-31T18:15:28.389963/P[domain,pfile1,pfile2,pfile4]-S[0.0003,50,enhsp-hadd-astar]-MO[]-T[518400]-04921289-72aea46/snapshots/snapshot_85_1.0000",20755749,85,preserve3_terminal_tpp_off_learning_curve,COMPLETED,/home/hersco/training_new_domains/2026-08-31/preserve3_terminal_tpp_stage2/20755749_Re-Tr_tpp_tpp_mcts_orig_novh_e.5_c.1_s1972442430_K0_P3TERMS2A3_src20523062.txt
preserve3-term-tpp-off-1972442430-a3-policy-e0090,policy_eval,tpp,off,1972442430,stage2,ready,hadd-astar,"/home/hersco/bershco-nu-asnets/numeric-asnets/asnets/experiment-results/experiments_numeric.domain.tpp-experiments_numeric.architecture_2.tpp_mcts-2026-08-31T18:15:28.389963/P[domain,pfile1,pfile2,pfile4]-S[0.0003,50,enhsp-hadd-astar]-MO[]-T[518400]-04921289-72aea46/snapshots/snapshot_90_1.0000",20755749,90,preserve3_terminal_tpp_off_learning_curve,COMPLETED,/home/hersco/training_new_domains/2026-08-31/preserve3_terminal_tpp_stage2/20755749_Re-Tr_tpp_tpp_mcts_orig_novh_e.5_c.1_s1972442430_K0_P3TERMS2A3_src20523062.txt
preserve3-term-tpp-off-1972442430-a3-policy-e0095,policy_eval,tpp,off,1972442430,stage2,ready,hadd-astar,"/home/hersco/bershco-nu-asnets/numeric-asnets/asnets/experiment-results/experiments_numeric.domain.tpp-experiments_numeric.architecture_2.tpp_mcts-2026-08-31T18:15:28.389963/P[domain,pfile1,pfile2,pfile4]-S[0.0003,50,enhsp-hadd-astar]-MO[]-T[518400]-04921289-72aea46/snapshots/snapshot_95_1.0000",20755749,95,preserve3_terminal_tpp_off_learning_curve,COMPLETED,/home/hersco/training_new_domains/2026-08-31/preserve3_terminal_tpp_stage2/20755749_Re-Tr_tpp_tpp_mcts_orig_novh_e.5_c.1_s1972442430_K0_P3TERMS2A3_src20523062.txt
preserve3-term-tpp-off-1972442430-a3-policy-e0097,policy_eval,tpp,off,1972442430,stage2,ready,hadd-astar,"/home/hersco/bershco-nu-asnets/numeric-asnets/asnets/experiment-results/experiments_numeric.domain.tpp-experiments_numeric.architecture_2.tpp_mcts-2026-08-31T18:15:28.389963/P[domain,pfile1,pfile2,pfile4]-S[0.0003,50,enhsp-hadd-astar]-MO[]-T[518400]-04921289-72aea46/snapshots/snapshot_97_1.0000",20755749,97,preserve3_terminal_tpp_off_learning_curve;preserve3_terminal_tpp_off_validation_selected_policy,COMPLETED,/home/hersco/training_new_domains/2026-08-31/preserve3_terminal_tpp_stage2/20755749_Re-Tr_tpp_tpp_mcts_orig_novh_e.5_c.1_s1972442430_K0_P3TERMS2A3_src20523062.txt
preserve3-term-tpp-off-1972442430-a3-policy-e0099,policy_eval,tpp,off,1972442430,stage2,ready,hadd-astar,"/home/hersco/bershco-nu-asnets/numeric-asnets/asnets/experiment-results/experiments_numeric.domain.tpp-experiments_numeric.architecture_2.tpp_mcts-2026-08-31T18:15:28.389963/P[domain,pfile1,pfile2,pfile4]-S[0.0003,50,enhsp-hadd-astar]-MO[]-T[518400]-04921289-72aea46/snapshots/snapshot_99_1.0000",20755749,99,preserve3_terminal_tpp_off_learning_curve;preserve3_terminal_tpp_off_final_policy,COMPLETED,/home/hersco/training_new_domains/2026-08-31/preserve3_terminal_tpp_stage2/20755749_Re-Tr_tpp_tpp_mcts_orig_novh_e.5_c.1_s1972442430_K0_P3TERMS2A3_src20523062.txt
preserve3-term-tpp-off-2011206605-a3-policy-e0000,policy_eval,tpp,off,2011206605,stage2,ready,hadd-astar,"/home/hersco/bershco-nu-asnets/numeric-asnets/asnets/experiment-results/experiments_numeric.domain.tpp-experiments_numeric.architecture_2.tpp_mcts-2026-08-31T18:34:31.100251/P[domain,pfile1,pfile2,pfile4]-S[0.0003,50,enhsp-hadd-astar]-MO[]-T[518400]-04921308-067843/snapshots/snapshot_0_1.0000",20755750,0,preserve3_terminal_tpp_off_learning_curve;preserve3_terminal_tpp_off_validation_selected_policy,COMPLETED,/home/hersco/training_new_domains/2026-08-31/preserve3_terminal_tpp_stage2/20755750_Re-Tr_tpp_tpp_mcts_orig_novh_e.5_c.1_s2011206605_K0_P3TERMS2A3_src20523038.txt
preserve3-term-tpp-off-2011206605-a3-policy-e0005,policy_eval,tpp,off,2011206605,stage2,ready,hadd-astar,"/home/hersco/bershco-nu-asnets/numeric-asnets/asnets/experiment-results/experiments_numeric.domain.tpp-experiments_numeric.architecture_2.tpp_mcts-2026-08-31T18:34:31.100251/P[domain,pfile1,pfile2,pfile4]-S[0.0003,50,enhsp-hadd-astar]-MO[]-T[518400]-04921308-067843/snapshots/snapshot_5_0.7500",20755750,5,preserve3_terminal_tpp_off_learning_curve,COMPLETED,/home/hersco/training_new_domains/2026-08-31/preserve3_terminal_tpp_stage2/20755750_Re-Tr_tpp_tpp_mcts_orig_novh_e.5_c.1_s2011206605_K0_P3TERMS2A3_src20523038.txt
preserve3-term-tpp-off-2011206605-a3-policy-e0010,policy_eval,tpp,off,2011206605,stage2,ready,hadd-astar,"/home/hersco/bershco-nu-asnets/numeric-asnets/asnets/experiment-results/experiments_numeric.domain.tpp-experiments_numeric.architecture_2.tpp_mcts-2026-08-31T18:34:31.100251/P[domain,pfile1,pfile2,pfile4]-S[0.0003,50,enhsp-hadd-astar]-MO[]-T[518400]-04921308-067843/snapshots/snapshot_10_0.7500",20755750,10,preserve3_terminal_tpp_off_learning_curve,COMPLETED,/home/hersco/training_new_domains/2026-08-31/preserve3_terminal_tpp_stage2/20755750_Re-Tr_tpp_tpp_mcts_orig_novh_e.5_c.1_s2011206605_K0_P3TERMS2A3_src20523038.txt
preserve3-term-tpp-off-2011206605-a3-policy-e0015,policy_eval,tpp,off,2011206605,stage2,ready,hadd-astar,"/home/hersco/bershco-nu-asnets/numeric-asnets/asnets/experiment-results/experiments_numeric.domain.tpp-experiments_numeric.architecture_2.tpp_mcts-2026-08-31T18:34:31.100251/P[domain,pfile1,pfile2,pfile4]-S[0.0003,50,enhsp-hadd-astar]-MO[]-T[518400]-04921308-067843/snapshots/snapshot_15_0.7500",20755750,15,preserve3_terminal_tpp_off_learning_curve,COMPLETED,/home/hersco/training_new_domains/2026-08-31/preserve3_terminal_tpp_stage2/20755750_Re-Tr_tpp_tpp_mcts_orig_novh_e.5_c.1_s2011206605_K0_P3TERMS2A3_src20523038.txt
preserve3-term-tpp-off-2011206605-a3-policy-e0020,policy_eval,tpp,off,2011206605,stage2,ready,hadd-astar,"/home/hersco/bershco-nu-asnets/numeric-asnets/asnets/experiment-results/experiments_numeric.domain.tpp-experiments_numeric.architecture_2.tpp_mcts-2026-08-31T18:34:31.100251/P[domain,pfile1,pfile2,pfile4]-S[0.0003,50,enhsp-hadd-astar]-MO[]-T[518400]-04921308-067843/snapshots/snapshot_20_0.7500",20755750,20,preserve3_terminal_tpp_off_learning_curve,COMPLETED,/home/hersco/training_new_domains/2026-08-31/preserve3_terminal_tpp_stage2/20755750_Re-Tr_tpp_tpp_mcts_orig_novh_e.5_c.1_s2011206605_K0_P3TERMS2A3_src20523038.txt
preserve3-term-tpp-off-2011206605-a3-policy-e0025,policy_eval,tpp,off,2011206605,stage2,ready,hadd-astar,"/home/hersco/bershco-nu-asnets/numeric-asnets/asnets/experiment-results/experiments_numeric.domain.tpp-experiments_numeric.architecture_2.tpp_mcts-2026-08-31T18:34:31.100251/P[domain,pfile1,pfile2,pfile4]-S[0.0003,50,enhsp-hadd-astar]-MO[]-T[518400]-04921308-067843/snapshots/snapshot_25_0.7500",20755750,25,preserve3_terminal_tpp_off_learning_curve,COMPLETED,/home/hersco/training_new_domains/2026-08-31/preserve3_terminal_tpp_stage2/20755750_Re-Tr_tpp_tpp_mcts_orig_novh_e.5_c.1_s2011206605_K0_P3TERMS2A3_src20523038.txt
preserve3-term-tpp-off-2011206605-a3-policy-e0030,policy_eval,tpp,off,2011206605,stage2,ready,hadd-astar,"/home/hersco/bershco-nu-asnets/numeric-asnets/asnets/experiment-results/experiments_numeric.domain.tpp-experiments_numeric.architecture_2.tpp_mcts-2026-08-31T18:34:31.100251/P[domain,pfile1,pfile2,pfile4]-S[0.0003,50,enhsp-hadd-astar]-MO[]-T[518400]-04921308-067843/snapshots/snapshot_30_0.7500",20755750,30,preserve3_terminal_tpp_off_learning_curve,COMPLETED,/home/hersco/training_new_domains/2026-08-31/preserve3_terminal_tpp_stage2/20755750_Re-Tr_tpp_tpp_mcts_orig_novh_e.5_c.1_s2011206605_K0_P3TERMS2A3_src20523038.txt
preserve3-term-tpp-off-2011206605-a3-policy-e0035,policy_eval,tpp,off,2011206605,stage2,ready,hadd-astar,"/home/hersco/bershco-nu-asnets/numeric-asnets/asnets/experiment-results/experiments_numeric.domain.tpp-experiments_numeric.architecture_2.tpp_mcts-2026-08-31T18:34:31.100251/P[domain,pfile1,pfile2,pfile4]-S[0.0003,50,enhsp-hadd-astar]-MO[]-T[518400]-04921308-067843/snapshots/snapshot_35_0.7500",20755750,35,preserve3_terminal_tpp_off_learning_curve,COMPLETED,/home/hersco/training_new_domains/2026-08-31/preserve3_terminal_tpp_stage2/20755750_Re-Tr_tpp_tpp_mcts_orig_novh_e.5_c.1_s2011206605_K0_P3TERMS2A3_src20523038.txt
preserve3-term-tpp-off-2011206605-a3-policy-e0040,policy_eval,tpp,off,2011206605,stage2,ready,hadd-astar,"/home/hersco/bershco-nu-asnets/numeric-asnets/asnets/experiment-results/experiments_numeric.domain.tpp-experiments_numeric.architecture_2.tpp_mcts-2026-08-31T18:34:31.100251/P[domain,pfile1,pfile2,pfile4]-S[0.0003,50,enhsp-hadd-astar]-MO[]-T[518400]-04921308-067843/snapshots/snapshot_40_0.7500",20755750,40,preserve3_terminal_tpp_off_learning_curve,COMPLETED,/home/hersco/training_new_domains/2026-08-31/preserve3_terminal_tpp_stage2/20755750_Re-Tr_tpp_tpp_mcts_orig_novh_e.5_c.1_s2011206605_K0_P3TERMS2A3_src20523038.txt
preserve3-term-tpp-off-2011206605-a3-policy-e0045,policy_eval,tpp,off,2011206605,stage2,ready,hadd-astar,"/home/hersco/bershco-nu-asnets/numeric-asnets/asnets/experiment-results/experiments_numeric.domain.tpp-experiments_numeric.architecture_2.tpp_mcts-2026-08-31T18:34:31.100251/P[domain,pfile1,pfile2,pfile4]-S[0.0003,50,enhsp-hadd-astar]-MO[]-T[518400]-04921308-067843/snapshots/snapshot_45_0.7500",20755750,45,preserve3_terminal_tpp_off_learning_curve,COMPLETED,/home/hersco/training_new_domains/2026-08-31/preserve3_terminal_tpp_stage2/20755750_Re-Tr_tpp_tpp_mcts_orig_novh_e.5_c.1_s2011206605_K0_P3TERMS2A3_src20523038.txt
preserve3-term-tpp-off-2011206605-a3-policy-e0050,policy_eval,tpp,off,2011206605,stage2,ready,hadd-astar,"/home/hersco/bershco-nu-asnets/numeric-asnets/asnets/experiment-results/experiments_numeric.domain.tpp-experiments_numeric.architecture_2.tpp_mcts-2026-08-31T18:34:31.100251/P[domain,pfile1,pfile2,pfile4]-S[0.0003,50,enhsp-hadd-astar]-MO[]-T[518400]-04921308-067843/snapshots/snapshot_50_1.0000",20755750,50,preserve3_terminal_tpp_off_learning_curve,COMPLETED,/home/hersco/training_new_domains/2026-08-31/preserve3_terminal_tpp_stage2/20755750_Re-Tr_tpp_tpp_mcts_orig_novh_e.5_c.1_s2011206605_K0_P3TERMS2A3_src20523038.txt
preserve3-term-tpp-off-2011206605-a3-policy-e0055,policy_eval,tpp,off,2011206605,stage2,ready,hadd-astar,"/home/hersco/bershco-nu-asnets/numeric-asnets/asnets/experiment-results/experiments_numeric.domain.tpp-experiments_numeric.architecture_2.tpp_mcts-2026-08-31T18:34:31.100251/P[domain,pfile1,pfile2,pfile4]-S[0.0003,50,enhsp-hadd-astar]-MO[]-T[518400]-04921308-067843/snapshots/snapshot_55_0.7500",20755750,55,preserve3_terminal_tpp_off_learning_curve,COMPLETED,/home/hersco/training_new_domains/2026-08-31/preserve3_terminal_tpp_stage2/20755750_Re-Tr_tpp_tpp_mcts_orig_novh_e.5_c.1_s2011206605_K0_P3TERMS2A3_src20523038.txt
preserve3-term-tpp-off-2011206605-a3-policy-e0060,policy_eval,tpp,off,2011206605,stage2,ready,hadd-astar,"/home/hersco/bershco-nu-asnets/numeric-asnets/asnets/experiment-results/experiments_numeric.domain.tpp-experiments_numeric.architecture_2.tpp_mcts-2026-08-31T18:34:31.100251/P[domain,pfile1,pfile2,pfile4]-S[0.0003,50,enhsp-hadd-astar]-MO[]-T[518400]-04921308-067843/snapshots/snapshot_60_1.0000",20755750,60,preserve3_terminal_tpp_off_learning_curve,COMPLETED,/home/hersco/training_new_domains/2026-08-31/preserve3_terminal_tpp_stage2/20755750_Re-Tr_tpp_tpp_mcts_orig_novh_e.5_c.1_s2011206605_K0_P3TERMS2A3_src20523038.txt
preserve3-term-tpp-off-2011206605-a3-policy-e0065,policy_eval,tpp,off,2011206605,stage2,ready,hadd-astar,"/home/hersco/bershco-nu-asnets/numeric-asnets/asnets/experiment-results/experiments_numeric.domain.tpp-experiments_numeric.architecture_2.tpp_mcts-2026-08-31T18:34:31.100251/P[domain,pfile1,pfile2,pfile4]-S[0.0003,50,enhsp-hadd-astar]-MO[]-T[518400]-04921308-067843/snapshots/snapshot_65_0.7500",20755750,65,preserve3_terminal_tpp_off_learning_curve,COMPLETED,/home/hersco/training_new_domains/2026-08-31/preserve3_terminal_tpp_stage2/20755750_Re-Tr_tpp_tpp_mcts_orig_novh_e.5_c.1_s2011206605_K0_P3TERMS2A3_src20523038.txt
preserve3-term-tpp-off-2011206605-a3-policy-e0070,policy_eval,tpp,off,2011206605,stage2,ready,hadd-astar,"/home/hersco/bershco-nu-asnets/numeric-asnets/asnets/experiment-results/experiments_numeric.domain.tpp-experiments_numeric.architecture_2.tpp_mcts-2026-08-31T18:34:31.100251/P[domain,pfile1,pfile2,pfile4]-S[0.0003,50,enhsp-hadd-astar]-MO[]-T[518400]-04921308-067843/snapshots/snapshot_70_1.0000",20755750,70,preserve3_terminal_tpp_off_learning_curve,COMPLETED,/home/hersco/training_new_domains/2026-08-31/preserve3_terminal_tpp_stage2/20755750_Re-Tr_tpp_tpp_mcts_orig_novh_e.5_c.1_s2011206605_K0_P3TERMS2A3_src20523038.txt
preserve3-term-tpp-off-2011206605-a3-policy-e0075,policy_eval,tpp,off,2011206605,stage2,ready,hadd-astar,"/home/hersco/bershco-nu-asnets/numeric-asnets/asnets/experiment-results/experiments_numeric.domain.tpp-experiments_numeric.architecture_2.tpp_mcts-2026-08-31T18:34:31.100251/P[domain,pfile1,pfile2,pfile4]-S[0.0003,50,enhsp-hadd-astar]-MO[]-T[518400]-04921308-067843/snapshots/snapshot_75_0.7500",20755750,75,preserve3_terminal_tpp_off_learning_curve,COMPLETED,/home/hersco/training_new_domains/2026-08-31/preserve3_terminal_tpp_stage2/20755750_Re-Tr_tpp_tpp_mcts_orig_novh_e.5_c.1_s2011206605_K0_P3TERMS2A3_src20523038.txt
preserve3-term-tpp-off-2011206605-a3-policy-e0080,policy_eval,tpp,off,2011206605,stage2,ready,hadd-astar,"/home/hersco/bershco-nu-asnets/numeric-asnets/asnets/experiment-results/experiments_numeric.domain.tpp-experiments_numeric.architecture_2.tpp_mcts-2026-08-31T18:34:31.100251/P[domain,pfile1,pfile2,pfile4]-S[0.0003,50,enhsp-hadd-astar]-MO[]-T[518400]-04921308-067843/snapshots/snapshot_80_1.0000",20755750,80,preserve3_terminal_tpp_off_learning_curve,COMPLETED,/home/hersco/training_new_domains/2026-08-31/preserve3_terminal_tpp_stage2/20755750_Re-Tr_tpp_tpp_mcts_orig_novh_e.5_c.1_s2011206605_K0_P3TERMS2A3_src20523038.txt
preserve3-term-tpp-off-2011206605-a3-policy-e0085,policy_eval,tpp,off,2011206605,stage2,ready,hadd-astar,"/home/hersco/bershco-nu-asnets/numeric-asnets/asnets/experiment-results/experiments_numeric.domain.tpp-experiments_numeric.architecture_2.tpp_mcts-2026-08-31T18:34:31.100251/P[domain,pfile1,pfile2,pfile4]-S[0.0003,50,enhsp-hadd-astar]-MO[]-T[518400]-04921308-067843/snapshots/snapshot_85_1.0000",20755750,85,preserve3_terminal_tpp_off_learning_curve,COMPLETED,/home/hersco/training_new_domains/2026-08-31/preserve3_terminal_tpp_stage2/20755750_Re-Tr_tpp_tpp_mcts_orig_novh_e.5_c.1_s2011206605_K0_P3TERMS2A3_src20523038.txt
preserve3-term-tpp-off-2011206605-a3-policy-e0090,policy_eval,tpp,off,2011206605,stage2,ready,hadd-astar,"/home/hersco/bershco-nu-asnets/numeric-asnets/asnets/experiment-results/experiments_numeric.domain.tpp-experiments_numeric.architecture_2.tpp_mcts-2026-08-31T18:34:31.100251/P[domain,pfile1,pfile2,pfile4]-S[0.0003,50,enhsp-hadd-astar]-MO[]-T[518400]-04921308-067843/snapshots/snapshot_90_0.7500",20755750,90,preserve3_terminal_tpp_off_learning_curve,COMPLETED,/home/hersco/training_new_domains/2026-08-31/preserve3_terminal_tpp_stage2/20755750_Re-Tr_tpp_tpp_mcts_orig_novh_e.5_c.1_s2011206605_K0_P3TERMS2A3_src20523038.txt
preserve3-term-tpp-off-2011206605-a3-policy-e0095,policy_eval,tpp,off,2011206605,stage2,ready,hadd-astar,"/home/hersco/bershco-nu-asnets/numeric-asnets/asnets/experiment-results/experiments_numeric.domain.tpp-experiments_numeric.architecture_2.tpp_mcts-2026-08-31T18:34:31.100251/P[domain,pfile1,pfile2,pfile4]-S[0.0003,50,enhsp-hadd-astar]-MO[]-T[518400]-04921308-067843/snapshots/snapshot_95_0.7500",20755750,95,preserve3_terminal_tpp_off_learning_curve,COMPLETED,/home/hersco/training_new_domains/2026-08-31/preserve3_terminal_tpp_stage2/20755750_Re-Tr_tpp_tpp_mcts_orig_novh_e.5_c.1_s2011206605_K0_P3TERMS2A3_src20523038.txt
preserve3-term-tpp-off-2011206605-a3-policy-e0099,policy_eval,tpp,off,2011206605,stage2,ready,hadd-astar,"/home/hersco/bershco-nu-asnets/numeric-asnets/asnets/experiment-results/experiments_numeric.domain.tpp-experiments_numeric.architecture_2.tpp_mcts-2026-08-31T18:34:31.100251/P[domain,pfile1,pfile2,pfile4]-S[0.0003,50,enhsp-hadd-astar]-MO[]-T[518400]-04921308-067843/snapshots/snapshot_99_1.0000",20755750,99,preserve3_terminal_tpp_off_learning_curve;preserve3_terminal_tpp_off_final_policy,COMPLETED,/home/hersco/training_new_domains/2026-08-31/preserve3_terminal_tpp_stage2/20755750_Re-Tr_tpp_tpp_mcts_orig_novh_e.5_c.1_s2011206605_K0_P3TERMS2A3_src20523038.txt
preserve3-term-tpp-off-2082152039-a3-policy-e0000,policy_eval,tpp,off,2082152039,stage2,ready,hadd-astar,"/home/hersco/bershco-nu-asnets/numeric-asnets/asnets/experiment-results/experiments_numeric.domain.tpp-experiments_numeric.architecture_2.tpp_mcts-2026-08-31T18:34:32.410082/P[domain,pfile1,pfile2,pfile4]-S[0.0003,50,enhsp-hadd-astar]-MO[]-T[518400]-04921308-faf7d6/snapshots/snapshot_0_1.0000",20755752,0,preserve3_terminal_tpp_off_learning_curve,CANCELLED,/home/hersco/training_new_domains/2026-08-31/preserve3_terminal_tpp_stage2/20755752_Re-Tr_tpp_tpp_mcts_orig_novh_e.5_c.1_s2082152039_K0_P3TERMS2A3_src20523053.txt;/home/hersco/training_new_domains/2026-09-01/preserve3_terminal_tpp_stage2/20834985_P3TERM_TPP_OFF_208_CONT84R2.txt
preserve3-term-tpp-off-2082152039-a3-policy-e0005,policy_eval,tpp,off,2082152039,stage2,ready,hadd-astar,"/home/hersco/bershco-nu-asnets/numeric-asnets/asnets/experiment-results/experiments_numeric.domain.tpp-experiments_numeric.architecture_2.tpp_mcts-2026-08-31T18:34:32.410082/P[domain,pfile1,pfile2,pfile4]-S[0.0003,50,enhsp-hadd-astar]-MO[]-T[518400]-04921308-faf7d6/snapshots/snapshot_5_1.0000",20755752,5,preserve3_terminal_tpp_off_learning_curve,CANCELLED,/home/hersco/training_new_domains/2026-08-31/preserve3_terminal_tpp_stage2/20755752_Re-Tr_tpp_tpp_mcts_orig_novh_e.5_c.1_s2082152039_K0_P3TERMS2A3_src20523053.txt;/home/hersco/training_new_domains/2026-09-01/preserve3_terminal_tpp_stage2/20834985_P3TERM_TPP_OFF_208_CONT84R2.txt
preserve3-term-tpp-off-2082152039-a3-policy-e0010,policy_eval,tpp,off,2082152039,stage2,ready,hadd-astar,"/home/hersco/bershco-nu-asnets/numeric-asnets/asnets/experiment-results/experiments_numeric.domain.tpp-experiments_numeric.architecture_2.tpp_mcts-2026-08-31T18:34:32.410082/P[domain,pfile1,pfile2,pfile4]-S[0.0003,50,enhsp-hadd-astar]-MO[]-T[518400]-04921308-faf7d6/snapshots/snapshot_10_1.0000",20755752,10,preserve3_terminal_tpp_off_learning_curve,CANCELLED,/home/hersco/training_new_domains/2026-08-31/preserve3_terminal_tpp_stage2/20755752_Re-Tr_tpp_tpp_mcts_orig_novh_e.5_c.1_s2082152039_K0_P3TERMS2A3_src20523053.txt;/home/hersco/training_new_domains/2026-09-01/preserve3_terminal_tpp_stage2/20834985_P3TERM_TPP_OFF_208_CONT84R2.txt
preserve3-term-tpp-off-2082152039-a3-policy-e0015,policy_eval,tpp,off,2082152039,stage2,ready,hadd-astar,"/home/hersco/bershco-nu-asnets/numeric-asnets/asnets/experiment-results/experiments_numeric.domain.tpp-experiments_numeric.architecture_2.tpp_mcts-2026-08-31T18:34:32.410082/P[domain,pfile1,pfile2,pfile4]-S[0.0003,50,enhsp-hadd-astar]-MO[]-T[518400]-04921308-faf7d6/snapshots/snapshot_15_1.0000",20755752,15,preserve3_terminal_tpp_off_learning_curve,CANCELLED,/home/hersco/training_new_domains/2026-08-31/preserve3_terminal_tpp_stage2/20755752_Re-Tr_tpp_tpp_mcts_orig_novh_e.5_c.1_s2082152039_K0_P3TERMS2A3_src20523053.txt;/home/hersco/training_new_domains/2026-09-01/preserve3_terminal_tpp_stage2/20834985_P3TERM_TPP_OFF_208_CONT84R2.txt
preserve3-term-tpp-off-2082152039-a3-policy-e0020,policy_eval,tpp,off,2082152039,stage2,ready,hadd-astar,"/home/hersco/bershco-nu-asnets/numeric-asnets/asnets/experiment-results/experiments_numeric.domain.tpp-experiments_numeric.architecture_2.tpp_mcts-2026-08-31T18:34:32.410082/P[domain,pfile1,pfile2,pfile4]-S[0.0003,50,enhsp-hadd-astar]-MO[]-T[518400]-04921308-faf7d6/snapshots/snapshot_20_1.0000",20755752,20,preserve3_terminal_tpp_off_learning_curve,CANCELLED,/home/hersco/training_new_domains/2026-08-31/preserve3_terminal_tpp_stage2/20755752_Re-Tr_tpp_tpp_mcts_orig_novh_e.5_c.1_s2082152039_K0_P3TERMS2A3_src20523053.txt;/home/hersco/training_new_domains/2026-09-01/preserve3_terminal_tpp_stage2/20834985_P3TERM_TPP_OFF_208_CONT84R2.txt
preserve3-term-tpp-off-2082152039-a3-policy-e0025,policy_eval,tpp,off,2082152039,stage2,ready,hadd-astar,"/home/hersco/bershco-nu-asnets/numeric-asnets/asnets/experiment-results/experiments_numeric.domain.tpp-experiments_numeric.architecture_2.tpp_mcts-2026-08-31T18:34:32.410082/P[domain,pfile1,pfile2,pfile4]-S[0.0003,50,enhsp-hadd-astar]-MO[]-T[518400]-04921308-faf7d6/snapshots/snapshot_25_1.0000",20755752,25,preserve3_terminal_tpp_off_learning_curve,CANCELLED,/home/hersco/training_new_domains/2026-08-31/preserve3_terminal_tpp_stage2/20755752_Re-Tr_tpp_tpp_mcts_orig_novh_e.5_c.1_s2082152039_K0_P3TERMS2A3_src20523053.txt;/home/hersco/training_new_domains/2026-09-01/preserve3_terminal_tpp_stage2/20834985_P3TERM_TPP_OFF_208_CONT84R2.txt
preserve3-term-tpp-off-2082152039-a3-policy-e0030,policy_eval,tpp,off,2082152039,stage2,ready,hadd-astar,"/home/hersco/bershco-nu-asnets/numeric-asnets/asnets/experiment-results/experiments_numeric.domain.tpp-experiments_numeric.architecture_2.tpp_mcts-2026-08-31T18:34:32.410082/P[domain,pfile1,pfile2,pfile4]-S[0.0003,50,enhsp-hadd-astar]-MO[]-T[518400]-04921308-faf7d6/snapshots/snapshot_30_1.0000",20755752,30,preserve3_terminal_tpp_off_learning_curve,CANCELLED,/home/hersco/training_new_domains/2026-08-31/preserve3_terminal_tpp_stage2/20755752_Re-Tr_tpp_tpp_mcts_orig_novh_e.5_c.1_s2082152039_K0_P3TERMS2A3_src20523053.txt;/home/hersco/training_new_domains/2026-09-01/preserve3_terminal_tpp_stage2/20834985_P3TERM_TPP_OFF_208_CONT84R2.txt
preserve3-term-tpp-off-2082152039-a3-policy-e0035,policy_eval,tpp,off,2082152039,stage2,ready,hadd-astar,"/home/hersco/bershco-nu-asnets/numeric-asnets/asnets/experiment-results/experiments_numeric.domain.tpp-experiments_numeric.architecture_2.tpp_mcts-2026-08-31T18:34:32.410082/P[domain,pfile1,pfile2,pfile4]-S[0.0003,50,enhsp-hadd-astar]-MO[]-T[518400]-04921308-faf7d6/snapshots/snapshot_35_1.0000",20755752,35,preserve3_terminal_tpp_off_learning_curve,CANCELLED,/home/hersco/training_new_domains/2026-08-31/preserve3_terminal_tpp_stage2/20755752_Re-Tr_tpp_tpp_mcts_orig_novh_e.5_c.1_s2082152039_K0_P3TERMS2A3_src20523053.txt;/home/hersco/training_new_domains/2026-09-01/preserve3_terminal_tpp_stage2/20834985_P3TERM_TPP_OFF_208_CONT84R2.txt
preserve3-term-tpp-off-2082152039-a3-policy-e0040,policy_eval,tpp,off,2082152039,stage2,ready,hadd-astar,"/home/hersco/bershco-nu-asnets/numeric-asnets/asnets/experiment-results/experiments_numeric.domain.tpp-experiments_numeric.architecture_2.tpp_mcts-2026-08-31T18:34:32.410082/P[domain,pfile1,pfile2,pfile4]-S[0.0003,50,enhsp-hadd-astar]-MO[]-T[518400]-04921308-faf7d6/snapshots/snapshot_40_1.0000",20755752,40,preserve3_terminal_tpp_off_learning_curve,CANCELLED,/home/hersco/training_new_domains/2026-08-31/preserve3_terminal_tpp_stage2/20755752_Re-Tr_tpp_tpp_mcts_orig_novh_e.5_c.1_s2082152039_K0_P3TERMS2A3_src20523053.txt;/home/hersco/training_new_domains/2026-09-01/preserve3_terminal_tpp_stage2/20834985_P3TERM_TPP_OFF_208_CONT84R2.txt
preserve3-term-tpp-off-2082152039-a3-policy-e0045,policy_eval,tpp,off,2082152039,stage2,ready,hadd-astar,"/home/hersco/bershco-nu-asnets/numeric-asnets/asnets/experiment-results/experiments_numeric.domain.tpp-experiments_numeric.architecture_2.tpp_mcts-2026-08-31T18:34:32.410082/P[domain,pfile1,pfile2,pfile4]-S[0.0003,50,enhsp-hadd-astar]-MO[]-T[518400]-04921308-faf7d6/snapshots/snapshot_45_1.0000",20755752,45,preserve3_terminal_tpp_off_learning_curve,CANCELLED,/home/hersco/training_new_domains/2026-08-31/preserve3_terminal_tpp_stage2/20755752_Re-Tr_tpp_tpp_mcts_orig_novh_e.5_c.1_s2082152039_K0_P3TERMS2A3_src20523053.txt;/home/hersco/training_new_domains/2026-09-01/preserve3_terminal_tpp_stage2/20834985_P3TERM_TPP_OFF_208_CONT84R2.txt
preserve3-term-tpp-off-2082152039-a3-policy-e0050,policy_eval,tpp,off,2082152039,stage2,ready,hadd-astar,"/home/hersco/bershco-nu-asnets/numeric-asnets/asnets/experiment-results/experiments_numeric.domain.tpp-experiments_numeric.architecture_2.tpp_mcts-2026-08-31T18:34:32.410082/P[domain,pfile1,pfile2,pfile4]-S[0.0003,50,enhsp-hadd-astar]-MO[]-T[518400]-04921308-faf7d6/snapshots/snapshot_50_1.0000",20755752,50,preserve3_terminal_tpp_off_learning_curve,CANCELLED,/home/hersco/training_new_domains/2026-08-31/preserve3_terminal_tpp_stage2/20755752_Re-Tr_tpp_tpp_mcts_orig_novh_e.5_c.1_s2082152039_K0_P3TERMS2A3_src20523053.txt;/home/hersco/training_new_domains/2026-09-01/preserve3_terminal_tpp_stage2/20834985_P3TERM_TPP_OFF_208_CONT84R2.txt
preserve3-term-tpp-off-2082152039-a3-policy-e0055,policy_eval,tpp,off,2082152039,stage2,ready,hadd-astar,"/home/hersco/bershco-nu-asnets/numeric-asnets/asnets/experiment-results/experiments_numeric.domain.tpp-experiments_numeric.architecture_2.tpp_mcts-2026-08-31T18:34:32.410082/P[domain,pfile1,pfile2,pfile4]-S[0.0003,50,enhsp-hadd-astar]-MO[]-T[518400]-04921308-faf7d6/snapshots/snapshot_55_1.0000",20755752,55,preserve3_terminal_tpp_off_learning_curve,CANCELLED,/home/hersco/training_new_domains/2026-08-31/preserve3_terminal_tpp_stage2/20755752_Re-Tr_tpp_tpp_mcts_orig_novh_e.5_c.1_s2082152039_K0_P3TERMS2A3_src20523053.txt;/home/hersco/training_new_domains/2026-09-01/preserve3_terminal_tpp_stage2/20834985_P3TERM_TPP_OFF_208_CONT84R2.txt
preserve3-term-tpp-off-2082152039-a3-policy-e0060,policy_eval,tpp,off,2082152039,stage2,ready,hadd-astar,"/home/hersco/bershco-nu-asnets/numeric-asnets/asnets/experiment-results/experiments_numeric.domain.tpp-experiments_numeric.architecture_2.tpp_mcts-2026-08-31T18:34:32.410082/P[domain,pfile1,pfile2,pfile4]-S[0.0003,50,enhsp-hadd-astar]-MO[]-T[518400]-04921308-faf7d6/snapshots/snapshot_60_1.0000",20755752,60,preserve3_terminal_tpp_off_learning_curve,CANCELLED,/home/hersco/training_new_domains/2026-08-31/preserve3_terminal_tpp_stage2/20755752_Re-Tr_tpp_tpp_mcts_orig_novh_e.5_c.1_s2082152039_K0_P3TERMS2A3_src20523053.txt;/home/hersco/training_new_domains/2026-09-01/preserve3_terminal_tpp_stage2/20834985_P3TERM_TPP_OFF_208_CONT84R2.txt
preserve3-term-tpp-off-2082152039-a3-policy-e0065,policy_eval,tpp,off,2082152039,stage2,ready,hadd-astar,"/home/hersco/bershco-nu-asnets/numeric-asnets/asnets/experiment-results/experiments_numeric.domain.tpp-experiments_numeric.architecture_2.tpp_mcts-2026-08-31T18:34:32.410082/P[domain,pfile1,pfile2,pfile4]-S[0.0003,50,enhsp-hadd-astar]-MO[]-T[518400]-04921308-faf7d6/snapshots/snapshot_65_1.0000",20755752,65,preserve3_terminal_tpp_off_learning_curve,CANCELLED,/home/hersco/training_new_domains/2026-08-31/preserve3_terminal_tpp_stage2/20755752_Re-Tr_tpp_tpp_mcts_orig_novh_e.5_c.1_s2082152039_K0_P3TERMS2A3_src20523053.txt;/home/hersco/training_new_domains/2026-09-01/preserve3_terminal_tpp_stage2/20834985_P3TERM_TPP_OFF_208_CONT84R2.txt
preserve3-term-tpp-off-2082152039-a3-policy-e0070,policy_eval,tpp,off,2082152039,stage2,ready,hadd-astar,"/home/hersco/bershco-nu-asnets/numeric-asnets/asnets/experiment-results/experiments_numeric.domain.tpp-experiments_numeric.architecture_2.tpp_mcts-2026-08-31T18:34:32.410082/P[domain,pfile1,pfile2,pfile4]-S[0.0003,50,enhsp-hadd-astar]-MO[]-T[518400]-04921308-faf7d6/snapshots/snapshot_70_1.0000",20755752,70,preserve3_terminal_tpp_off_learning_curve,CANCELLED,/home/hersco/training_new_domains/2026-08-31/preserve3_terminal_tpp_stage2/20755752_Re-Tr_tpp_tpp_mcts_orig_novh_e.5_c.1_s2082152039_K0_P3TERMS2A3_src20523053.txt;/home/hersco/training_new_domains/2026-09-01/preserve3_terminal_tpp_stage2/20834985_P3TERM_TPP_OFF_208_CONT84R2.txt
preserve3-term-tpp-off-2082152039-a3-policy-e0075,policy_eval,tpp,off,2082152039,stage2,ready,hadd-astar,"/home/hersco/bershco-nu-asnets/numeric-asnets/asnets/experiment-results/experiments_numeric.domain.tpp-experiments_numeric.architecture_2.tpp_mcts-2026-08-31T18:34:32.410082/P[domain,pfile1,pfile2,pfile4]-S[0.0003,50,enhsp-hadd-astar]-MO[]-T[518400]-04921308-faf7d6/snapshots/snapshot_75_1.0000",20755752,75,preserve3_terminal_tpp_off_learning_curve;preserve3_terminal_tpp_off_validation_selected_policy,CANCELLED,/home/hersco/training_new_domains/2026-08-31/preserve3_terminal_tpp_stage2/20755752_Re-Tr_tpp_tpp_mcts_orig_novh_e.5_c.1_s2082152039_K0_P3TERMS2A3_src20523053.txt;/home/hersco/training_new_domains/2026-09-01/preserve3_terminal_tpp_stage2/20834985_P3TERM_TPP_OFF_208_CONT84R2.txt
preserve3-term-tpp-off-2082152039-a3-policy-e0080,policy_eval,tpp,off,2082152039,stage2,ready,hadd-astar,"/home/hersco/bershco-nu-asnets/numeric-asnets/asnets/experiment-results/experiments_numeric.domain.tpp-experiments_numeric.architecture_2.tpp_mcts-2026-08-31T18:34:32.410082/P[domain,pfile1,pfile2,pfile4]-S[0.0003,50,enhsp-hadd-astar]-MO[]-T[518400]-04921308-faf7d6/snapshots/snapshot_80_1.0000",20755752,80,preserve3_terminal_tpp_off_learning_curve,CANCELLED,/home/hersco/training_new_domains/2026-08-31/preserve3_terminal_tpp_stage2/20755752_Re-Tr_tpp_tpp_mcts_orig_novh_e.5_c.1_s2082152039_K0_P3TERMS2A3_src20523053.txt;/home/hersco/training_new_domains/2026-09-01/preserve3_terminal_tpp_stage2/20834985_P3TERM_TPP_OFF_208_CONT84R2.txt
preserve3-term-tpp-off-2082152039-a3-policy-e0085,policy_eval,tpp,off,2082152039,stage2,ready,hadd-astar,"/home/hersco/bershco-nu-asnets/numeric-asnets/asnets/experiment-results/experiments_numeric.domain.tpp-experiments_numeric.architecture_2.tpp_mcts-2026-09-02T05:36:20.005486/P[domain,pfile1,pfile2,pfile4]-S[0.0003,50,enhsp-hadd-astar]-MO[]-T[518400]-04923410-faf7d6/snapshots/snapshot_0_1.0000",20755752,85,preserve3_terminal_tpp_off_learning_curve,CANCELLED,/home/hersco/training_new_domains/2026-08-31/preserve3_terminal_tpp_stage2/20755752_Re-Tr_tpp_tpp_mcts_orig_novh_e.5_c.1_s2082152039_K0_P3TERMS2A3_src20523053.txt;/home/hersco/training_new_domains/2026-09-01/preserve3_terminal_tpp_stage2/20834985_P3TERM_TPP_OFF_208_CONT84R2.txt
preserve3-term-tpp-off-2082152039-a3-policy-e0090,policy_eval,tpp,off,2082152039,stage2,ready,hadd-astar,"/home/hersco/bershco-nu-asnets/numeric-asnets/asnets/experiment-results/experiments_numeric.domain.tpp-experiments_numeric.architecture_2.tpp_mcts-2026-09-02T05:36:20.005486/P[domain,pfile1,pfile2,pfile4]-S[0.0003,50,enhsp-hadd-astar]-MO[]-T[518400]-04923410-faf7d6/snapshots/snapshot_5_1.0000",20755752,90,preserve3_terminal_tpp_off_learning_curve,CANCELLED,/home/hersco/training_new_domains/2026-08-31/preserve3_terminal_tpp_stage2/20755752_Re-Tr_tpp_tpp_mcts_orig_novh_e.5_c.1_s2082152039_K0_P3TERMS2A3_src20523053.txt;/home/hersco/training_new_domains/2026-09-01/preserve3_terminal_tpp_stage2/20834985_P3TERM_TPP_OFF_208_CONT84R2.txt
preserve3-term-tpp-off-2082152039-a3-policy-e0095,policy_eval,tpp,off,2082152039,stage2,ready,hadd-astar,"/home/hersco/bershco-nu-asnets/numeric-asnets/asnets/experiment-results/experiments_numeric.domain.tpp-experiments_numeric.architecture_2.tpp_mcts-2026-09-02T05:36:20.005486/P[domain,pfile1,pfile2,pfile4]-S[0.0003,50,enhsp-hadd-astar]-MO[]-T[518400]-04923410-faf7d6/snapshots/snapshot_10_1.0000",20755752,95,preserve3_terminal_tpp_off_learning_curve,CANCELLED,/home/hersco/training_new_domains/2026-08-31/preserve3_terminal_tpp_stage2/20755752_Re-Tr_tpp_tpp_mcts_orig_novh_e.5_c.1_s2082152039_K0_P3TERMS2A3_src20523053.txt;/home/hersco/training_new_domains/2026-09-01/preserve3_terminal_tpp_stage2/20834985_P3TERM_TPP_OFF_208_CONT84R2.txt
preserve3-term-tpp-off-2082152039-a3-policy-e0100,policy_eval,tpp,off,2082152039,stage2,ready,hadd-astar,"/home/hersco/bershco-nu-asnets/numeric-asnets/asnets/experiment-results/experiments_numeric.domain.tpp-experiments_numeric.architecture_2.tpp_mcts-2026-09-02T05:36:20.005486/P[domain,pfile1,pfile2,pfile4]-S[0.0003,50,enhsp-hadd-astar]-MO[]-T[518400]-04923410-faf7d6/snapshots/snapshot_15_1.0000",20755752,100,preserve3_terminal_tpp_off_learning_curve;preserve3_terminal_tpp_off_final_policy,CANCELLED,/home/hersco/training_new_domains/2026-08-31/preserve3_terminal_tpp_stage2/20755752_Re-Tr_tpp_tpp_mcts_orig_novh_e.5_c.1_s2082152039_K0_P3TERMS2A3_src20523053.txt;/home/hersco/training_new_domains/2026-09-01/preserve3_terminal_tpp_stage2/20834985_P3TERM_TPP_OFF_208_CONT84R2.txt
