manifest_id,task_type,domain,value_head,seed,stage,status,teacher,source_checkpoint_ref,source_training_job_id,snapshot_epoch,analysis_roles,training_state,training_log
preserve4-tpp-off-534933607-stage2-a3-policy-e0000,policy_eval,tpp,off,534933607,stage2,ready,hadd-astar,"/home/hersco/bershco-nu-asnets/numeric-asnets/asnets/experiment-results/experiments_numeric.domain.tpp-experiments_numeric.architecture_2.tpp_mcts-2026-08-28T22:44:13.010972/P[domain,pfile1,pfile2,pfile4]-S[0.0003,50,enhsp-hadd-astar]-MO[]-T[518400]-04917238-3c74d66/snapshots/snapshot_0_1.0000",20684875,0,preserve4_stage2_policy_curve,COMPLETED,/home/hersco/training_new_domains/2026-08-28/preserve4_tpp_stage2_confirmation/20684875_Re-Tr_tpp_tpp_mcts_orig_novh_e.5_c.1_s534933607_K0_P4S2A3_src20523050.txt
preserve4-tpp-off-534933607-stage2-a3-policy-e0005,policy_eval,tpp,off,534933607,stage2,ready,hadd-astar,"/home/hersco/bershco-nu-asnets/numeric-asnets/asnets/experiment-results/experiments_numeric.domain.tpp-experiments_numeric.architecture_2.tpp_mcts-2026-08-28T22:44:13.010972/P[domain,pfile1,pfile2,pfile4]-S[0.0003,50,enhsp-hadd-astar]-MO[]-T[518400]-04917238-3c74d66/snapshots/snapshot_5_1.0000",20684875,5,preserve4_stage2_policy_curve,COMPLETED,/home/hersco/training_new_domains/2026-08-28/preserve4_tpp_stage2_confirmation/20684875_Re-Tr_tpp_tpp_mcts_orig_novh_e.5_c.1_s534933607_K0_P4S2A3_src20523050.txt
preserve4-tpp-off-534933607-stage2-a3-policy-e0010,policy_eval,tpp,off,534933607,stage2,ready,hadd-astar,"/home/hersco/bershco-nu-asnets/numeric-asnets/asnets/experiment-results/experiments_numeric.domain.tpp-experiments_numeric.architecture_2.tpp_mcts-2026-08-28T22:44:13.010972/P[domain,pfile1,pfile2,pfile4]-S[0.0003,50,enhsp-hadd-astar]-MO[]-T[518400]-04917238-3c74d66/snapshots/snapshot_10_1.0000",20684875,10,preserve4_stage2_policy_curve,COMPLETED,/home/hersco/training_new_domains/2026-08-28/preserve4_tpp_stage2_confirmation/20684875_Re-Tr_tpp_tpp_mcts_orig_novh_e.5_c.1_s534933607_K0_P4S2A3_src20523050.txt
preserve4-tpp-off-534933607-stage2-a3-policy-e0015,policy_eval,tpp,off,534933607,stage2,ready,hadd-astar,"/home/hersco/bershco-nu-asnets/numeric-asnets/asnets/experiment-results/experiments_numeric.domain.tpp-experiments_numeric.architecture_2.tpp_mcts-2026-08-28T22:44:13.010972/P[domain,pfile1,pfile2,pfile4]-S[0.0003,50,enhsp-hadd-astar]-MO[]-T[518400]-04917238-3c74d66/snapshots/snapshot_15_1.0000",20684875,15,preserve4_stage2_policy_curve,COMPLETED,/home/hersco/training_new_domains/2026-08-28/preserve4_tpp_stage2_confirmation/20684875_Re-Tr_tpp_tpp_mcts_orig_novh_e.5_c.1_s534933607_K0_P4S2A3_src20523050.txt
preserve4-tpp-off-534933607-stage2-a3-policy-e0020,policy_eval,tpp,off,534933607,stage2,ready,hadd-astar,"/home/hersco/bershco-nu-asnets/numeric-asnets/asnets/experiment-results/experiments_numeric.domain.tpp-experiments_numeric.architecture_2.tpp_mcts-2026-08-28T22:44:13.010972/P[domain,pfile1,pfile2,pfile4]-S[0.0003,50,enhsp-hadd-astar]-MO[]-T[518400]-04917238-3c74d66/snapshots/snapshot_20_1.0000",20684875,20,preserve4_stage2_policy_curve,COMPLETED,/home/hersco/training_new_domains/2026-08-28/preserve4_tpp_stage2_confirmation/20684875_Re-Tr_tpp_tpp_mcts_orig_novh_e.5_c.1_s534933607_K0_P4S2A3_src20523050.txt
preserve4-tpp-off-534933607-stage2-a3-policy-e0025,policy_eval,tpp,off,534933607,stage2,ready,hadd-astar,"/home/hersco/bershco-nu-asnets/numeric-asnets/asnets/experiment-results/experiments_numeric.domain.tpp-experiments_numeric.architecture_2.tpp_mcts-2026-08-28T22:44:13.010972/P[domain,pfile1,pfile2,pfile4]-S[0.0003,50,enhsp-hadd-astar]-MO[]-T[518400]-04917238-3c74d66/snapshots/snapshot_25_1.0000",20684875,25,preserve4_stage2_policy_curve,COMPLETED,/home/hersco/training_new_domains/2026-08-28/preserve4_tpp_stage2_confirmation/20684875_Re-Tr_tpp_tpp_mcts_orig_novh_e.5_c.1_s534933607_K0_P4S2A3_src20523050.txt
preserve4-tpp-off-534933607-stage2-a3-policy-e0030,policy_eval,tpp,off,534933607,stage2,ready,hadd-astar,"/home/hersco/bershco-nu-asnets/numeric-asnets/asnets/experiment-results/experiments_numeric.domain.tpp-experiments_numeric.architecture_2.tpp_mcts-2026-08-28T22:44:13.010972/P[domain,pfile1,pfile2,pfile4]-S[0.0003,50,enhsp-hadd-astar]-MO[]-T[518400]-04917238-3c74d66/snapshots/snapshot_30_1.0000",20684875,30,preserve4_stage2_policy_curve,COMPLETED,/home/hersco/training_new_domains/2026-08-28/preserve4_tpp_stage2_confirmation/20684875_Re-Tr_tpp_tpp_mcts_orig_novh_e.5_c.1_s534933607_K0_P4S2A3_src20523050.txt
preserve4-tpp-off-534933607-stage2-a3-policy-e0035,policy_eval,tpp,off,534933607,stage2,ready,hadd-astar,"/home/hersco/bershco-nu-asnets/numeric-asnets/asnets/experiment-results/experiments_numeric.domain.tpp-experiments_numeric.architecture_2.tpp_mcts-2026-08-28T22:44:13.010972/P[domain,pfile1,pfile2,pfile4]-S[0.0003,50,enhsp-hadd-astar]-MO[]-T[518400]-04917238-3c74d66/snapshots/snapshot_35_1.0000",20684875,35,preserve4_stage2_policy_curve,COMPLETED,/home/hersco/training_new_domains/2026-08-28/preserve4_tpp_stage2_confirmation/20684875_Re-Tr_tpp_tpp_mcts_orig_novh_e.5_c.1_s534933607_K0_P4S2A3_src20523050.txt
preserve4-tpp-off-534933607-stage2-a3-policy-e0040,policy_eval,tpp,off,534933607,stage2,ready,hadd-astar,"/home/hersco/bershco-nu-asnets/numeric-asnets/asnets/experiment-results/experiments_numeric.domain.tpp-experiments_numeric.architecture_2.tpp_mcts-2026-08-28T22:44:13.010972/P[domain,pfile1,pfile2,pfile4]-S[0.0003,50,enhsp-hadd-astar]-MO[]-T[518400]-04917238-3c74d66/snapshots/snapshot_40_1.0000",20684875,40,preserve4_stage2_policy_curve,COMPLETED,/home/hersco/training_new_domains/2026-08-28/preserve4_tpp_stage2_confirmation/20684875_Re-Tr_tpp_tpp_mcts_orig_novh_e.5_c.1_s534933607_K0_P4S2A3_src20523050.txt
preserve4-tpp-off-534933607-stage2-a3-policy-e0045,policy_eval,tpp,off,534933607,stage2,ready,hadd-astar,"/home/hersco/bershco-nu-asnets/numeric-asnets/asnets/experiment-results/experiments_numeric.domain.tpp-experiments_numeric.architecture_2.tpp_mcts-2026-08-28T22:44:13.010972/P[domain,pfile1,pfile2,pfile4]-S[0.0003,50,enhsp-hadd-astar]-MO[]-T[518400]-04917238-3c74d66/snapshots/snapshot_45_1.0000",20684875,45,preserve4_stage2_policy_curve,COMPLETED,/home/hersco/training_new_domains/2026-08-28/preserve4_tpp_stage2_confirmation/20684875_Re-Tr_tpp_tpp_mcts_orig_novh_e.5_c.1_s534933607_K0_P4S2A3_src20523050.txt
preserve4-tpp-off-534933607-stage2-a3-policy-e0050,policy_eval,tpp,off,534933607,stage2,ready,hadd-astar,"/home/hersco/bershco-nu-asnets/numeric-asnets/asnets/experiment-results/experiments_numeric.domain.tpp-experiments_numeric.architecture_2.tpp_mcts-2026-08-28T22:44:13.010972/P[domain,pfile1,pfile2,pfile4]-S[0.0003,50,enhsp-hadd-astar]-MO[]-T[518400]-04917238-3c74d66/snapshots/snapshot_50_1.0000",20684875,50,preserve4_stage2_policy_curve,COMPLETED,/home/hersco/training_new_domains/2026-08-28/preserve4_tpp_stage2_confirmation/20684875_Re-Tr_tpp_tpp_mcts_orig_novh_e.5_c.1_s534933607_K0_P4S2A3_src20523050.txt
preserve4-tpp-off-534933607-stage2-a3-policy-e0055,policy_eval,tpp,off,534933607,stage2,ready,hadd-astar,"/home/hersco/bershco-nu-asnets/numeric-asnets/asnets/experiment-results/experiments_numeric.domain.tpp-experiments_numeric.architecture_2.tpp_mcts-2026-08-28T22:44:13.010972/P[domain,pfile1,pfile2,pfile4]-S[0.0003,50,enhsp-hadd-astar]-MO[]-T[518400]-04917238-3c74d66/snapshots/snapshot_55_1.0000",20684875,55,preserve4_stage2_policy_curve,COMPLETED,/home/hersco/training_new_domains/2026-08-28/preserve4_tpp_stage2_confirmation/20684875_Re-Tr_tpp_tpp_mcts_orig_novh_e.5_c.1_s534933607_K0_P4S2A3_src20523050.txt
preserve4-tpp-off-534933607-stage2-a3-policy-e0060,policy_eval,tpp,off,534933607,stage2,ready,hadd-astar,"/home/hersco/bershco-nu-asnets/numeric-asnets/asnets/experiment-results/experiments_numeric.domain.tpp-experiments_numeric.architecture_2.tpp_mcts-2026-08-28T22:44:13.010972/P[domain,pfile1,pfile2,pfile4]-S[0.0003,50,enhsp-hadd-astar]-MO[]-T[518400]-04917238-3c74d66/snapshots/snapshot_60_1.0000",20684875,60,preserve4_stage2_policy_curve,COMPLETED,/home/hersco/training_new_domains/2026-08-28/preserve4_tpp_stage2_confirmation/20684875_Re-Tr_tpp_tpp_mcts_orig_novh_e.5_c.1_s534933607_K0_P4S2A3_src20523050.txt
preserve4-tpp-off-534933607-stage2-a3-policy-e0065,policy_eval,tpp,off,534933607,stage2,ready,hadd-astar,"/home/hersco/bershco-nu-asnets/numeric-asnets/asnets/experiment-results/experiments_numeric.domain.tpp-experiments_numeric.architecture_2.tpp_mcts-2026-08-28T22:44:13.010972/P[domain,pfile1,pfile2,pfile4]-S[0.0003,50,enhsp-hadd-astar]-MO[]-T[518400]-04917238-3c74d66/snapshots/snapshot_65_1.0000",20684875,65,preserve4_stage2_policy_curve,COMPLETED,/home/hersco/training_new_domains/2026-08-28/preserve4_tpp_stage2_confirmation/20684875_Re-Tr_tpp_tpp_mcts_orig_novh_e.5_c.1_s534933607_K0_P4S2A3_src20523050.txt
preserve4-tpp-off-534933607-stage2-a3-policy-e0070,policy_eval,tpp,off,534933607,stage2,ready,hadd-astar,"/home/hersco/bershco-nu-asnets/numeric-asnets/asnets/experiment-results/experiments_numeric.domain.tpp-experiments_numeric.architecture_2.tpp_mcts-2026-08-28T22:44:13.010972/P[domain,pfile1,pfile2,pfile4]-S[0.0003,50,enhsp-hadd-astar]-MO[]-T[518400]-04917238-3c74d66/snapshots/snapshot_70_1.0000",20684875,70,preserve4_stage2_policy_curve,COMPLETED,/home/hersco/training_new_domains/2026-08-28/preserve4_tpp_stage2_confirmation/20684875_Re-Tr_tpp_tpp_mcts_orig_novh_e.5_c.1_s534933607_K0_P4S2A3_src20523050.txt
preserve4-tpp-off-534933607-stage2-a3-policy-e0075,policy_eval,tpp,off,534933607,stage2,ready,hadd-astar,"/home/hersco/bershco-nu-asnets/numeric-asnets/asnets/experiment-results/experiments_numeric.domain.tpp-experiments_numeric.architecture_2.tpp_mcts-2026-08-28T22:44:13.010972/P[domain,pfile1,pfile2,pfile4]-S[0.0003,50,enhsp-hadd-astar]-MO[]-T[518400]-04917238-3c74d66/snapshots/snapshot_75_1.0000",20684875,75,preserve4_stage2_policy_curve,COMPLETED,/home/hersco/training_new_domains/2026-08-28/preserve4_tpp_stage2_confirmation/20684875_Re-Tr_tpp_tpp_mcts_orig_novh_e.5_c.1_s534933607_K0_P4S2A3_src20523050.txt
preserve4-tpp-off-534933607-stage2-a3-policy-e0080,policy_eval,tpp,off,534933607,stage2,ready,hadd-astar,"/home/hersco/bershco-nu-asnets/numeric-asnets/asnets/experiment-results/experiments_numeric.domain.tpp-experiments_numeric.architecture_2.tpp_mcts-2026-08-28T22:44:13.010972/P[domain,pfile1,pfile2,pfile4]-S[0.0003,50,enhsp-hadd-astar]-MO[]-T[518400]-04917238-3c74d66/snapshots/snapshot_80_1.0000",20684875,80,preserve4_stage2_policy_curve,COMPLETED,/home/hersco/training_new_domains/2026-08-28/preserve4_tpp_stage2_confirmation/20684875_Re-Tr_tpp_tpp_mcts_orig_novh_e.5_c.1_s534933607_K0_P4S2A3_src20523050.txt
preserve4-tpp-off-534933607-stage2-a3-policy-e0085,policy_eval,tpp,off,534933607,stage2,ready,hadd-astar,"/home/hersco/bershco-nu-asnets/numeric-asnets/asnets/experiment-results/experiments_numeric.domain.tpp-experiments_numeric.architecture_2.tpp_mcts-2026-08-28T22:44:13.010972/P[domain,pfile1,pfile2,pfile4]-S[0.0003,50,enhsp-hadd-astar]-MO[]-T[518400]-04917238-3c74d66/snapshots/snapshot_85_1.0000",20684875,85,preserve4_stage2_policy_curve,COMPLETED,/home/hersco/training_new_domains/2026-08-28/preserve4_tpp_stage2_confirmation/20684875_Re-Tr_tpp_tpp_mcts_orig_novh_e.5_c.1_s534933607_K0_P4S2A3_src20523050.txt
preserve4-tpp-off-534933607-stage2-a3-policy-e0090,policy_eval,tpp,off,534933607,stage2,ready,hadd-astar,"/home/hersco/bershco-nu-asnets/numeric-asnets/asnets/experiment-results/experiments_numeric.domain.tpp-experiments_numeric.architecture_2.tpp_mcts-2026-08-28T22:44:13.010972/P[domain,pfile1,pfile2,pfile4]-S[0.0003,50,enhsp-hadd-astar]-MO[]-T[518400]-04917238-3c74d66/snapshots/snapshot_90_1.0000",20684875,90,preserve4_stage2_policy_curve,COMPLETED,/home/hersco/training_new_domains/2026-08-28/preserve4_tpp_stage2_confirmation/20684875_Re-Tr_tpp_tpp_mcts_orig_novh_e.5_c.1_s534933607_K0_P4S2A3_src20523050.txt
preserve4-tpp-off-534933607-stage2-a3-policy-e0092,policy_eval,tpp,off,534933607,stage2,ready,hadd-astar,"/home/hersco/bershco-nu-asnets/numeric-asnets/asnets/experiment-results/experiments_numeric.domain.tpp-experiments_numeric.architecture_2.tpp_mcts-2026-08-28T22:44:13.010972/P[domain,pfile1,pfile2,pfile4]-S[0.0003,50,enhsp-hadd-astar]-MO[]-T[518400]-04917238-3c74d66/snapshots/snapshot_92_1.0000",20684875,92,preserve4_stage2_policy_curve;stage2_validation_selected_policy,COMPLETED,/home/hersco/training_new_domains/2026-08-28/preserve4_tpp_stage2_confirmation/20684875_Re-Tr_tpp_tpp_mcts_orig_novh_e.5_c.1_s534933607_K0_P4S2A3_src20523050.txt
preserve4-tpp-off-534933607-stage2-a3-policy-e0095,policy_eval,tpp,off,534933607,stage2,ready,hadd-astar,"/home/hersco/bershco-nu-asnets/numeric-asnets/asnets/experiment-results/experiments_numeric.domain.tpp-experiments_numeric.architecture_2.tpp_mcts-2026-08-28T22:44:13.010972/P[domain,pfile1,pfile2,pfile4]-S[0.0003,50,enhsp-hadd-astar]-MO[]-T[518400]-04917238-3c74d66/snapshots/snapshot_95_1.0000",20684875,95,preserve4_stage2_policy_curve,COMPLETED,/home/hersco/training_new_domains/2026-08-28/preserve4_tpp_stage2_confirmation/20684875_Re-Tr_tpp_tpp_mcts_orig_novh_e.5_c.1_s534933607_K0_P4S2A3_src20523050.txt
preserve4-tpp-off-534933607-stage2-a3-policy-e0099,policy_eval,tpp,off,534933607,stage2,ready,hadd-astar,"/home/hersco/bershco-nu-asnets/numeric-asnets/asnets/experiment-results/experiments_numeric.domain.tpp-experiments_numeric.architecture_2.tpp_mcts-2026-08-28T22:44:13.010972/P[domain,pfile1,pfile2,pfile4]-S[0.0003,50,enhsp-hadd-astar]-MO[]-T[518400]-04917238-3c74d66/snapshots/snapshot_99_1.0000",20684875,99,preserve4_stage2_policy_curve;stage2_final_policy,COMPLETED,/home/hersco/training_new_domains/2026-08-28/preserve4_tpp_stage2_confirmation/20684875_Re-Tr_tpp_tpp_mcts_orig_novh_e.5_c.1_s534933607_K0_P4S2A3_src20523050.txt
preserve4-tpp-off-923500475-stage2-a3-policy-e0000,policy_eval,tpp,off,923500475,stage2,ready,hadd-astar,"/home/hersco/bershco-nu-asnets/numeric-asnets/asnets/experiment-results/experiments_numeric.domain.tpp-experiments_numeric.architecture_2.tpp_mcts-2026-08-28T22:44:09.418213/P[domain,pfile1,pfile2,pfile4]-S[0.0003,50,enhsp-hadd-astar]-MO[]-T[518400]-04917238-5194f74/snapshots/snapshot_0_1.0000",20684876,0,preserve4_stage2_policy_curve,COMPLETED,/home/hersco/training_new_domains/2026-08-28/preserve4_tpp_stage2_confirmation/20684876_Re-Tr_tpp_tpp_mcts_orig_novh_e.5_c.1_s923500475_K0_P4S2A3_src20523059.txt
preserve4-tpp-off-923500475-stage2-a3-policy-e0005,policy_eval,tpp,off,923500475,stage2,ready,hadd-astar,"/home/hersco/bershco-nu-asnets/numeric-asnets/asnets/experiment-results/experiments_numeric.domain.tpp-experiments_numeric.architecture_2.tpp_mcts-2026-08-28T22:44:09.418213/P[domain,pfile1,pfile2,pfile4]-S[0.0003,50,enhsp-hadd-astar]-MO[]-T[518400]-04917238-5194f74/snapshots/snapshot_5_1.0000",20684876,5,preserve4_stage2_policy_curve,COMPLETED,/home/hersco/training_new_domains/2026-08-28/preserve4_tpp_stage2_confirmation/20684876_Re-Tr_tpp_tpp_mcts_orig_novh_e.5_c.1_s923500475_K0_P4S2A3_src20523059.txt
preserve4-tpp-off-923500475-stage2-a3-policy-e0010,policy_eval,tpp,off,923500475,stage2,ready,hadd-astar,"/home/hersco/bershco-nu-asnets/numeric-asnets/asnets/experiment-results/experiments_numeric.domain.tpp-experiments_numeric.architecture_2.tpp_mcts-2026-08-28T22:44:09.418213/P[domain,pfile1,pfile2,pfile4]-S[0.0003,50,enhsp-hadd-astar]-MO[]-T[518400]-04917238-5194f74/snapshots/snapshot_10_1.0000",20684876,10,preserve4_stage2_policy_curve,COMPLETED,/home/hersco/training_new_domains/2026-08-28/preserve4_tpp_stage2_confirmation/20684876_Re-Tr_tpp_tpp_mcts_orig_novh_e.5_c.1_s923500475_K0_P4S2A3_src20523059.txt
preserve4-tpp-off-923500475-stage2-a3-policy-e0015,policy_eval,tpp,off,923500475,stage2,ready,hadd-astar,"/home/hersco/bershco-nu-asnets/numeric-asnets/asnets/experiment-results/experiments_numeric.domain.tpp-experiments_numeric.architecture_2.tpp_mcts-2026-08-28T22:44:09.418213/P[domain,pfile1,pfile2,pfile4]-S[0.0003,50,enhsp-hadd-astar]-MO[]-T[518400]-04917238-5194f74/snapshots/snapshot_15_1.0000",20684876,15,preserve4_stage2_policy_curve,COMPLETED,/home/hersco/training_new_domains/2026-08-28/preserve4_tpp_stage2_confirmation/20684876_Re-Tr_tpp_tpp_mcts_orig_novh_e.5_c.1_s923500475_K0_P4S2A3_src20523059.txt
preserve4-tpp-off-923500475-stage2-a3-policy-e0020,policy_eval,tpp,off,923500475,stage2,ready,hadd-astar,"/home/hersco/bershco-nu-asnets/numeric-asnets/asnets/experiment-results/experiments_numeric.domain.tpp-experiments_numeric.architecture_2.tpp_mcts-2026-08-28T22:44:09.418213/P[domain,pfile1,pfile2,pfile4]-S[0.0003,50,enhsp-hadd-astar]-MO[]-T[518400]-04917238-5194f74/snapshots/snapshot_20_1.0000",20684876,20,preserve4_stage2_policy_curve,COMPLETED,/home/hersco/training_new_domains/2026-08-28/preserve4_tpp_stage2_confirmation/20684876_Re-Tr_tpp_tpp_mcts_orig_novh_e.5_c.1_s923500475_K0_P4S2A3_src20523059.txt
preserve4-tpp-off-923500475-stage2-a3-policy-e0025,policy_eval,tpp,off,923500475,stage2,ready,hadd-astar,"/home/hersco/bershco-nu-asnets/numeric-asnets/asnets/experiment-results/experiments_numeric.domain.tpp-experiments_numeric.architecture_2.tpp_mcts-2026-08-28T22:44:09.418213/P[domain,pfile1,pfile2,pfile4]-S[0.0003,50,enhsp-hadd-astar]-MO[]-T[518400]-04917238-5194f74/snapshots/snapshot_25_1.0000",20684876,25,preserve4_stage2_policy_curve,COMPLETED,/home/hersco/training_new_domains/2026-08-28/preserve4_tpp_stage2_confirmation/20684876_Re-Tr_tpp_tpp_mcts_orig_novh_e.5_c.1_s923500475_K0_P4S2A3_src20523059.txt
preserve4-tpp-off-923500475-stage2-a3-policy-e0030,policy_eval,tpp,off,923500475,stage2,ready,hadd-astar,"/home/hersco/bershco-nu-asnets/numeric-asnets/asnets/experiment-results/experiments_numeric.domain.tpp-experiments_numeric.architecture_2.tpp_mcts-2026-08-28T22:44:09.418213/P[domain,pfile1,pfile2,pfile4]-S[0.0003,50,enhsp-hadd-astar]-MO[]-T[518400]-04917238-5194f74/snapshots/snapshot_30_1.0000",20684876,30,preserve4_stage2_policy_curve,COMPLETED,/home/hersco/training_new_domains/2026-08-28/preserve4_tpp_stage2_confirmation/20684876_Re-Tr_tpp_tpp_mcts_orig_novh_e.5_c.1_s923500475_K0_P4S2A3_src20523059.txt
preserve4-tpp-off-923500475-stage2-a3-policy-e0032,policy_eval,tpp,off,923500475,stage2,ready,hadd-astar,"/home/hersco/bershco-nu-asnets/numeric-asnets/asnets/experiment-results/experiments_numeric.domain.tpp-experiments_numeric.architecture_2.tpp_mcts-2026-08-28T22:44:09.418213/P[domain,pfile1,pfile2,pfile4]-S[0.0003,50,enhsp-hadd-astar]-MO[]-T[518400]-04917238-5194f74/snapshots/snapshot_32_1.0000",20684876,32,preserve4_stage2_policy_curve;stage2_validation_selected_policy,COMPLETED,/home/hersco/training_new_domains/2026-08-28/preserve4_tpp_stage2_confirmation/20684876_Re-Tr_tpp_tpp_mcts_orig_novh_e.5_c.1_s923500475_K0_P4S2A3_src20523059.txt
preserve4-tpp-off-923500475-stage2-a3-policy-e0035,policy_eval,tpp,off,923500475,stage2,ready,hadd-astar,"/home/hersco/bershco-nu-asnets/numeric-asnets/asnets/experiment-results/experiments_numeric.domain.tpp-experiments_numeric.architecture_2.tpp_mcts-2026-08-28T22:44:09.418213/P[domain,pfile1,pfile2,pfile4]-S[0.0003,50,enhsp-hadd-astar]-MO[]-T[518400]-04917238-5194f74/snapshots/snapshot_35_1.0000",20684876,35,preserve4_stage2_policy_curve,COMPLETED,/home/hersco/training_new_domains/2026-08-28/preserve4_tpp_stage2_confirmation/20684876_Re-Tr_tpp_tpp_mcts_orig_novh_e.5_c.1_s923500475_K0_P4S2A3_src20523059.txt
preserve4-tpp-off-923500475-stage2-a3-policy-e0040,policy_eval,tpp,off,923500475,stage2,ready,hadd-astar,"/home/hersco/bershco-nu-asnets/numeric-asnets/asnets/experiment-results/experiments_numeric.domain.tpp-experiments_numeric.architecture_2.tpp_mcts-2026-08-28T22:44:09.418213/P[domain,pfile1,pfile2,pfile4]-S[0.0003,50,enhsp-hadd-astar]-MO[]-T[518400]-04917238-5194f74/snapshots/snapshot_40_1.0000",20684876,40,preserve4_stage2_policy_curve,COMPLETED,/home/hersco/training_new_domains/2026-08-28/preserve4_tpp_stage2_confirmation/20684876_Re-Tr_tpp_tpp_mcts_orig_novh_e.5_c.1_s923500475_K0_P4S2A3_src20523059.txt
preserve4-tpp-off-923500475-stage2-a3-policy-e0045,policy_eval,tpp,off,923500475,stage2,ready,hadd-astar,"/home/hersco/bershco-nu-asnets/numeric-asnets/asnets/experiment-results/experiments_numeric.domain.tpp-experiments_numeric.architecture_2.tpp_mcts-2026-08-28T22:44:09.418213/P[domain,pfile1,pfile2,pfile4]-S[0.0003,50,enhsp-hadd-astar]-MO[]-T[518400]-04917238-5194f74/snapshots/snapshot_45_1.0000",20684876,45,preserve4_stage2_policy_curve,COMPLETED,/home/hersco/training_new_domains/2026-08-28/preserve4_tpp_stage2_confirmation/20684876_Re-Tr_tpp_tpp_mcts_orig_novh_e.5_c.1_s923500475_K0_P4S2A3_src20523059.txt
preserve4-tpp-off-923500475-stage2-a3-policy-e0050,policy_eval,tpp,off,923500475,stage2,ready,hadd-astar,"/home/hersco/bershco-nu-asnets/numeric-asnets/asnets/experiment-results/experiments_numeric.domain.tpp-experiments_numeric.architecture_2.tpp_mcts-2026-08-28T22:44:09.418213/P[domain,pfile1,pfile2,pfile4]-S[0.0003,50,enhsp-hadd-astar]-MO[]-T[518400]-04917238-5194f74/snapshots/snapshot_50_1.0000",20684876,50,preserve4_stage2_policy_curve,COMPLETED,/home/hersco/training_new_domains/2026-08-28/preserve4_tpp_stage2_confirmation/20684876_Re-Tr_tpp_tpp_mcts_orig_novh_e.5_c.1_s923500475_K0_P4S2A3_src20523059.txt
preserve4-tpp-off-923500475-stage2-a3-policy-e0055,policy_eval,tpp,off,923500475,stage2,ready,hadd-astar,"/home/hersco/bershco-nu-asnets/numeric-asnets/asnets/experiment-results/experiments_numeric.domain.tpp-experiments_numeric.architecture_2.tpp_mcts-2026-08-28T22:44:09.418213/P[domain,pfile1,pfile2,pfile4]-S[0.0003,50,enhsp-hadd-astar]-MO[]-T[518400]-04917238-5194f74/snapshots/snapshot_55_1.0000",20684876,55,preserve4_stage2_policy_curve,COMPLETED,/home/hersco/training_new_domains/2026-08-28/preserve4_tpp_stage2_confirmation/20684876_Re-Tr_tpp_tpp_mcts_orig_novh_e.5_c.1_s923500475_K0_P4S2A3_src20523059.txt
preserve4-tpp-off-923500475-stage2-a3-policy-e0060,policy_eval,tpp,off,923500475,stage2,ready,hadd-astar,"/home/hersco/bershco-nu-asnets/numeric-asnets/asnets/experiment-results/experiments_numeric.domain.tpp-experiments_numeric.architecture_2.tpp_mcts-2026-08-28T22:44:09.418213/P[domain,pfile1,pfile2,pfile4]-S[0.0003,50,enhsp-hadd-astar]-MO[]-T[518400]-04917238-5194f74/snapshots/snapshot_60_1.0000",20684876,60,preserve4_stage2_policy_curve,COMPLETED,/home/hersco/training_new_domains/2026-08-28/preserve4_tpp_stage2_confirmation/20684876_Re-Tr_tpp_tpp_mcts_orig_novh_e.5_c.1_s923500475_K0_P4S2A3_src20523059.txt
preserve4-tpp-off-923500475-stage2-a3-policy-e0065,policy_eval,tpp,off,923500475,stage2,ready,hadd-astar,"/home/hersco/bershco-nu-asnets/numeric-asnets/asnets/experiment-results/experiments_numeric.domain.tpp-experiments_numeric.architecture_2.tpp_mcts-2026-08-28T22:44:09.418213/P[domain,pfile1,pfile2,pfile4]-S[0.0003,50,enhsp-hadd-astar]-MO[]-T[518400]-04917238-5194f74/snapshots/snapshot_65_1.0000",20684876,65,preserve4_stage2_policy_curve,COMPLETED,/home/hersco/training_new_domains/2026-08-28/preserve4_tpp_stage2_confirmation/20684876_Re-Tr_tpp_tpp_mcts_orig_novh_e.5_c.1_s923500475_K0_P4S2A3_src20523059.txt
preserve4-tpp-off-923500475-stage2-a3-policy-e0070,policy_eval,tpp,off,923500475,stage2,ready,hadd-astar,"/home/hersco/bershco-nu-asnets/numeric-asnets/asnets/experiment-results/experiments_numeric.domain.tpp-experiments_numeric.architecture_2.tpp_mcts-2026-08-28T22:44:09.418213/P[domain,pfile1,pfile2,pfile4]-S[0.0003,50,enhsp-hadd-astar]-MO[]-T[518400]-04917238-5194f74/snapshots/snapshot_70_1.0000",20684876,70,preserve4_stage2_policy_curve,COMPLETED,/home/hersco/training_new_domains/2026-08-28/preserve4_tpp_stage2_confirmation/20684876_Re-Tr_tpp_tpp_mcts_orig_novh_e.5_c.1_s923500475_K0_P4S2A3_src20523059.txt
preserve4-tpp-off-923500475-stage2-a3-policy-e0075,policy_eval,tpp,off,923500475,stage2,ready,hadd-astar,"/home/hersco/bershco-nu-asnets/numeric-asnets/asnets/experiment-results/experiments_numeric.domain.tpp-experiments_numeric.architecture_2.tpp_mcts-2026-08-28T22:44:09.418213/P[domain,pfile1,pfile2,pfile4]-S[0.0003,50,enhsp-hadd-astar]-MO[]-T[518400]-04917238-5194f74/snapshots/snapshot_75_1.0000",20684876,75,preserve4_stage2_policy_curve,COMPLETED,/home/hersco/training_new_domains/2026-08-28/preserve4_tpp_stage2_confirmation/20684876_Re-Tr_tpp_tpp_mcts_orig_novh_e.5_c.1_s923500475_K0_P4S2A3_src20523059.txt
preserve4-tpp-off-923500475-stage2-a3-policy-e0080,policy_eval,tpp,off,923500475,stage2,ready,hadd-astar,"/home/hersco/bershco-nu-asnets/numeric-asnets/asnets/experiment-results/experiments_numeric.domain.tpp-experiments_numeric.architecture_2.tpp_mcts-2026-08-28T22:44:09.418213/P[domain,pfile1,pfile2,pfile4]-S[0.0003,50,enhsp-hadd-astar]-MO[]-T[518400]-04917238-5194f74/snapshots/snapshot_80_1.0000",20684876,80,preserve4_stage2_policy_curve,COMPLETED,/home/hersco/training_new_domains/2026-08-28/preserve4_tpp_stage2_confirmation/20684876_Re-Tr_tpp_tpp_mcts_orig_novh_e.5_c.1_s923500475_K0_P4S2A3_src20523059.txt
preserve4-tpp-off-923500475-stage2-a3-policy-e0085,policy_eval,tpp,off,923500475,stage2,ready,hadd-astar,"/home/hersco/bershco-nu-asnets/numeric-asnets/asnets/experiment-results/experiments_numeric.domain.tpp-experiments_numeric.architecture_2.tpp_mcts-2026-08-28T22:44:09.418213/P[domain,pfile1,pfile2,pfile4]-S[0.0003,50,enhsp-hadd-astar]-MO[]-T[518400]-04917238-5194f74/snapshots/snapshot_85_1.0000",20684876,85,preserve4_stage2_policy_curve,COMPLETED,/home/hersco/training_new_domains/2026-08-28/preserve4_tpp_stage2_confirmation/20684876_Re-Tr_tpp_tpp_mcts_orig_novh_e.5_c.1_s923500475_K0_P4S2A3_src20523059.txt
preserve4-tpp-off-923500475-stage2-a3-policy-e0090,policy_eval,tpp,off,923500475,stage2,ready,hadd-astar,"/home/hersco/bershco-nu-asnets/numeric-asnets/asnets/experiment-results/experiments_numeric.domain.tpp-experiments_numeric.architecture_2.tpp_mcts-2026-08-28T22:44:09.418213/P[domain,pfile1,pfile2,pfile4]-S[0.0003,50,enhsp-hadd-astar]-MO[]-T[518400]-04917238-5194f74/snapshots/snapshot_90_1.0000",20684876,90,preserve4_stage2_policy_curve,COMPLETED,/home/hersco/training_new_domains/2026-08-28/preserve4_tpp_stage2_confirmation/20684876_Re-Tr_tpp_tpp_mcts_orig_novh_e.5_c.1_s923500475_K0_P4S2A3_src20523059.txt
preserve4-tpp-off-923500475-stage2-a3-policy-e0095,policy_eval,tpp,off,923500475,stage2,ready,hadd-astar,"/home/hersco/bershco-nu-asnets/numeric-asnets/asnets/experiment-results/experiments_numeric.domain.tpp-experiments_numeric.architecture_2.tpp_mcts-2026-08-28T22:44:09.418213/P[domain,pfile1,pfile2,pfile4]-S[0.0003,50,enhsp-hadd-astar]-MO[]-T[518400]-04917238-5194f74/snapshots/snapshot_95_1.0000",20684876,95,preserve4_stage2_policy_curve,COMPLETED,/home/hersco/training_new_domains/2026-08-28/preserve4_tpp_stage2_confirmation/20684876_Re-Tr_tpp_tpp_mcts_orig_novh_e.5_c.1_s923500475_K0_P4S2A3_src20523059.txt
preserve4-tpp-off-923500475-stage2-a3-policy-e0099,policy_eval,tpp,off,923500475,stage2,ready,hadd-astar,"/home/hersco/bershco-nu-asnets/numeric-asnets/asnets/experiment-results/experiments_numeric.domain.tpp-experiments_numeric.architecture_2.tpp_mcts-2026-08-28T22:44:09.418213/P[domain,pfile1,pfile2,pfile4]-S[0.0003,50,enhsp-hadd-astar]-MO[]-T[518400]-04917238-5194f74/snapshots/snapshot_99_1.0000",20684876,99,preserve4_stage2_policy_curve;stage2_final_policy,COMPLETED,/home/hersco/training_new_domains/2026-08-28/preserve4_tpp_stage2_confirmation/20684876_Re-Tr_tpp_tpp_mcts_orig_novh_e.5_c.1_s923500475_K0_P4S2A3_src20523059.txt
preserve4-tpp-off-1073581256-stage2-a3-policy-e0000,policy_eval,tpp,off,1073581256,stage2,ready,hadd-astar,"/home/hersco/bershco-nu-asnets/numeric-asnets/asnets/experiment-results/experiments_numeric.domain.tpp-experiments_numeric.architecture_2.tpp_mcts-2026-08-28T22:48:19.324528/P[domain,pfile1,pfile2,pfile4]-S[0.0003,50,enhsp-hadd-astar]-MO[]-T[518400]-04917242-1247c09/snapshots/snapshot_0_1.0000",20684877,0,preserve4_stage2_policy_curve,COMPLETED,/home/hersco/training_new_domains/2026-08-28/preserve4_tpp_stage2_confirmation/20684877_Re-Tr_tpp_tpp_mcts_orig_novh_e.5_c.1_s1073581256_K0_P4S2A3_src20523041.txt
preserve4-tpp-off-1073581256-stage2-a3-policy-e0005,policy_eval,tpp,off,1073581256,stage2,ready,hadd-astar,"/home/hersco/bershco-nu-asnets/numeric-asnets/asnets/experiment-results/experiments_numeric.domain.tpp-experiments_numeric.architecture_2.tpp_mcts-2026-08-28T22:48:19.324528/P[domain,pfile1,pfile2,pfile4]-S[0.0003,50,enhsp-hadd-astar]-MO[]-T[518400]-04917242-1247c09/snapshots/snapshot_5_1.0000",20684877,5,preserve4_stage2_policy_curve,COMPLETED,/home/hersco/training_new_domains/2026-08-28/preserve4_tpp_stage2_confirmation/20684877_Re-Tr_tpp_tpp_mcts_orig_novh_e.5_c.1_s1073581256_K0_P4S2A3_src20523041.txt
preserve4-tpp-off-1073581256-stage2-a3-policy-e0010,policy_eval,tpp,off,1073581256,stage2,ready,hadd-astar,"/home/hersco/bershco-nu-asnets/numeric-asnets/asnets/experiment-results/experiments_numeric.domain.tpp-experiments_numeric.architecture_2.tpp_mcts-2026-08-28T22:48:19.324528/P[domain,pfile1,pfile2,pfile4]-S[0.0003,50,enhsp-hadd-astar]-MO[]-T[518400]-04917242-1247c09/snapshots/snapshot_10_1.0000",20684877,10,preserve4_stage2_policy_curve,COMPLETED,/home/hersco/training_new_domains/2026-08-28/preserve4_tpp_stage2_confirmation/20684877_Re-Tr_tpp_tpp_mcts_orig_novh_e.5_c.1_s1073581256_K0_P4S2A3_src20523041.txt
preserve4-tpp-off-1073581256-stage2-a3-policy-e0015,policy_eval,tpp,off,1073581256,stage2,ready,hadd-astar,"/home/hersco/bershco-nu-asnets/numeric-asnets/asnets/experiment-results/experiments_numeric.domain.tpp-experiments_numeric.architecture_2.tpp_mcts-2026-08-28T22:48:19.324528/P[domain,pfile1,pfile2,pfile4]-S[0.0003,50,enhsp-hadd-astar]-MO[]-T[518400]-04917242-1247c09/snapshots/snapshot_15_1.0000",20684877,15,preserve4_stage2_policy_curve,COMPLETED,/home/hersco/training_new_domains/2026-08-28/preserve4_tpp_stage2_confirmation/20684877_Re-Tr_tpp_tpp_mcts_orig_novh_e.5_c.1_s1073581256_K0_P4S2A3_src20523041.txt
preserve4-tpp-off-1073581256-stage2-a3-policy-e0020,policy_eval,tpp,off,1073581256,stage2,ready,hadd-astar,"/home/hersco/bershco-nu-asnets/numeric-asnets/asnets/experiment-results/experiments_numeric.domain.tpp-experiments_numeric.architecture_2.tpp_mcts-2026-08-28T22:48:19.324528/P[domain,pfile1,pfile2,pfile4]-S[0.0003,50,enhsp-hadd-astar]-MO[]-T[518400]-04917242-1247c09/snapshots/snapshot_20_1.0000",20684877,20,preserve4_stage2_policy_curve,COMPLETED,/home/hersco/training_new_domains/2026-08-28/preserve4_tpp_stage2_confirmation/20684877_Re-Tr_tpp_tpp_mcts_orig_novh_e.5_c.1_s1073581256_K0_P4S2A3_src20523041.txt
preserve4-tpp-off-1073581256-stage2-a3-policy-e0025,policy_eval,tpp,off,1073581256,stage2,ready,hadd-astar,"/home/hersco/bershco-nu-asnets/numeric-asnets/asnets/experiment-results/experiments_numeric.domain.tpp-experiments_numeric.architecture_2.tpp_mcts-2026-08-28T22:48:19.324528/P[domain,pfile1,pfile2,pfile4]-S[0.0003,50,enhsp-hadd-astar]-MO[]-T[518400]-04917242-1247c09/snapshots/snapshot_25_1.0000",20684877,25,preserve4_stage2_policy_curve,COMPLETED,/home/hersco/training_new_domains/2026-08-28/preserve4_tpp_stage2_confirmation/20684877_Re-Tr_tpp_tpp_mcts_orig_novh_e.5_c.1_s1073581256_K0_P4S2A3_src20523041.txt
preserve4-tpp-off-1073581256-stage2-a3-policy-e0028,policy_eval,tpp,off,1073581256,stage2,ready,hadd-astar,"/home/hersco/bershco-nu-asnets/numeric-asnets/asnets/experiment-results/experiments_numeric.domain.tpp-experiments_numeric.architecture_2.tpp_mcts-2026-08-28T22:48:19.324528/P[domain,pfile1,pfile2,pfile4]-S[0.0003,50,enhsp-hadd-astar]-MO[]-T[518400]-04917242-1247c09/snapshots/snapshot_28_1.0000",20684877,28,preserve4_stage2_policy_curve;stage2_validation_selected_policy,COMPLETED,/home/hersco/training_new_domains/2026-08-28/preserve4_tpp_stage2_confirmation/20684877_Re-Tr_tpp_tpp_mcts_orig_novh_e.5_c.1_s1073581256_K0_P4S2A3_src20523041.txt
preserve4-tpp-off-1073581256-stage2-a3-policy-e0030,policy_eval,tpp,off,1073581256,stage2,ready,hadd-astar,"/home/hersco/bershco-nu-asnets/numeric-asnets/asnets/experiment-results/experiments_numeric.domain.tpp-experiments_numeric.architecture_2.tpp_mcts-2026-08-28T22:48:19.324528/P[domain,pfile1,pfile2,pfile4]-S[0.0003,50,enhsp-hadd-astar]-MO[]-T[518400]-04917242-1247c09/snapshots/snapshot_30_1.0000",20684877,30,preserve4_stage2_policy_curve,COMPLETED,/home/hersco/training_new_domains/2026-08-28/preserve4_tpp_stage2_confirmation/20684877_Re-Tr_tpp_tpp_mcts_orig_novh_e.5_c.1_s1073581256_K0_P4S2A3_src20523041.txt
preserve4-tpp-off-1073581256-stage2-a3-policy-e0035,policy_eval,tpp,off,1073581256,stage2,ready,hadd-astar,"/home/hersco/bershco-nu-asnets/numeric-asnets/asnets/experiment-results/experiments_numeric.domain.tpp-experiments_numeric.architecture_2.tpp_mcts-2026-08-28T22:48:19.324528/P[domain,pfile1,pfile2,pfile4]-S[0.0003,50,enhsp-hadd-astar]-MO[]-T[518400]-04917242-1247c09/snapshots/snapshot_35_1.0000",20684877,35,preserve4_stage2_policy_curve,COMPLETED,/home/hersco/training_new_domains/2026-08-28/preserve4_tpp_stage2_confirmation/20684877_Re-Tr_tpp_tpp_mcts_orig_novh_e.5_c.1_s1073581256_K0_P4S2A3_src20523041.txt
preserve4-tpp-off-1073581256-stage2-a3-policy-e0040,policy_eval,tpp,off,1073581256,stage2,ready,hadd-astar,"/home/hersco/bershco-nu-asnets/numeric-asnets/asnets/experiment-results/experiments_numeric.domain.tpp-experiments_numeric.architecture_2.tpp_mcts-2026-08-28T22:48:19.324528/P[domain,pfile1,pfile2,pfile4]-S[0.0003,50,enhsp-hadd-astar]-MO[]-T[518400]-04917242-1247c09/snapshots/snapshot_40_1.0000",20684877,40,preserve4_stage2_policy_curve,COMPLETED,/home/hersco/training_new_domains/2026-08-28/preserve4_tpp_stage2_confirmation/20684877_Re-Tr_tpp_tpp_mcts_orig_novh_e.5_c.1_s1073581256_K0_P4S2A3_src20523041.txt
preserve4-tpp-off-1073581256-stage2-a3-policy-e0045,policy_eval,tpp,off,1073581256,stage2,ready,hadd-astar,"/home/hersco/bershco-nu-asnets/numeric-asnets/asnets/experiment-results/experiments_numeric.domain.tpp-experiments_numeric.architecture_2.tpp_mcts-2026-08-28T22:48:19.324528/P[domain,pfile1,pfile2,pfile4]-S[0.0003,50,enhsp-hadd-astar]-MO[]-T[518400]-04917242-1247c09/snapshots/snapshot_45_1.0000",20684877,45,preserve4_stage2_policy_curve,COMPLETED,/home/hersco/training_new_domains/2026-08-28/preserve4_tpp_stage2_confirmation/20684877_Re-Tr_tpp_tpp_mcts_orig_novh_e.5_c.1_s1073581256_K0_P4S2A3_src20523041.txt
preserve4-tpp-off-1073581256-stage2-a3-policy-e0050,policy_eval,tpp,off,1073581256,stage2,ready,hadd-astar,"/home/hersco/bershco-nu-asnets/numeric-asnets/asnets/experiment-results/experiments_numeric.domain.tpp-experiments_numeric.architecture_2.tpp_mcts-2026-08-28T22:48:19.324528/P[domain,pfile1,pfile2,pfile4]-S[0.0003,50,enhsp-hadd-astar]-MO[]-T[518400]-04917242-1247c09/snapshots/snapshot_50_1.0000",20684877,50,preserve4_stage2_policy_curve,COMPLETED,/home/hersco/training_new_domains/2026-08-28/preserve4_tpp_stage2_confirmation/20684877_Re-Tr_tpp_tpp_mcts_orig_novh_e.5_c.1_s1073581256_K0_P4S2A3_src20523041.txt
preserve4-tpp-off-1073581256-stage2-a3-policy-e0055,policy_eval,tpp,off,1073581256,stage2,ready,hadd-astar,"/home/hersco/bershco-nu-asnets/numeric-asnets/asnets/experiment-results/experiments_numeric.domain.tpp-experiments_numeric.architecture_2.tpp_mcts-2026-08-28T22:48:19.324528/P[domain,pfile1,pfile2,pfile4]-S[0.0003,50,enhsp-hadd-astar]-MO[]-T[518400]-04917242-1247c09/snapshots/snapshot_55_1.0000",20684877,55,preserve4_stage2_policy_curve,COMPLETED,/home/hersco/training_new_domains/2026-08-28/preserve4_tpp_stage2_confirmation/20684877_Re-Tr_tpp_tpp_mcts_orig_novh_e.5_c.1_s1073581256_K0_P4S2A3_src20523041.txt
preserve4-tpp-off-1073581256-stage2-a3-policy-e0060,policy_eval,tpp,off,1073581256,stage2,ready,hadd-astar,"/home/hersco/bershco-nu-asnets/numeric-asnets/asnets/experiment-results/experiments_numeric.domain.tpp-experiments_numeric.architecture_2.tpp_mcts-2026-08-28T22:48:19.324528/P[domain,pfile1,pfile2,pfile4]-S[0.0003,50,enhsp-hadd-astar]-MO[]-T[518400]-04917242-1247c09/snapshots/snapshot_60_1.0000",20684877,60,preserve4_stage2_policy_curve,COMPLETED,/home/hersco/training_new_domains/2026-08-28/preserve4_tpp_stage2_confirmation/20684877_Re-Tr_tpp_tpp_mcts_orig_novh_e.5_c.1_s1073581256_K0_P4S2A3_src20523041.txt
preserve4-tpp-off-1073581256-stage2-a3-policy-e0065,policy_eval,tpp,off,1073581256,stage2,ready,hadd-astar,"/home/hersco/bershco-nu-asnets/numeric-asnets/asnets/experiment-results/experiments_numeric.domain.tpp-experiments_numeric.architecture_2.tpp_mcts-2026-08-28T22:48:19.324528/P[domain,pfile1,pfile2,pfile4]-S[0.0003,50,enhsp-hadd-astar]-MO[]-T[518400]-04917242-1247c09/snapshots/snapshot_65_1.0000",20684877,65,preserve4_stage2_policy_curve,COMPLETED,/home/hersco/training_new_domains/2026-08-28/preserve4_tpp_stage2_confirmation/20684877_Re-Tr_tpp_tpp_mcts_orig_novh_e.5_c.1_s1073581256_K0_P4S2A3_src20523041.txt
preserve4-tpp-off-1073581256-stage2-a3-policy-e0070,policy_eval,tpp,off,1073581256,stage2,ready,hadd-astar,"/home/hersco/bershco-nu-asnets/numeric-asnets/asnets/experiment-results/experiments_numeric.domain.tpp-experiments_numeric.architecture_2.tpp_mcts-2026-08-28T22:48:19.324528/P[domain,pfile1,pfile2,pfile4]-S[0.0003,50,enhsp-hadd-astar]-MO[]-T[518400]-04917242-1247c09/snapshots/snapshot_70_1.0000",20684877,70,preserve4_stage2_policy_curve,COMPLETED,/home/hersco/training_new_domains/2026-08-28/preserve4_tpp_stage2_confirmation/20684877_Re-Tr_tpp_tpp_mcts_orig_novh_e.5_c.1_s1073581256_K0_P4S2A3_src20523041.txt
preserve4-tpp-off-1073581256-stage2-a3-policy-e0075,policy_eval,tpp,off,1073581256,stage2,ready,hadd-astar,"/home/hersco/bershco-nu-asnets/numeric-asnets/asnets/experiment-results/experiments_numeric.domain.tpp-experiments_numeric.architecture_2.tpp_mcts-2026-08-28T22:48:19.324528/P[domain,pfile1,pfile2,pfile4]-S[0.0003,50,enhsp-hadd-astar]-MO[]-T[518400]-04917242-1247c09/snapshots/snapshot_75_1.0000",20684877,75,preserve4_stage2_policy_curve,COMPLETED,/home/hersco/training_new_domains/2026-08-28/preserve4_tpp_stage2_confirmation/20684877_Re-Tr_tpp_tpp_mcts_orig_novh_e.5_c.1_s1073581256_K0_P4S2A3_src20523041.txt
preserve4-tpp-off-1073581256-stage2-a3-policy-e0080,policy_eval,tpp,off,1073581256,stage2,ready,hadd-astar,"/home/hersco/bershco-nu-asnets/numeric-asnets/asnets/experiment-results/experiments_numeric.domain.tpp-experiments_numeric.architecture_2.tpp_mcts-2026-08-28T22:48:19.324528/P[domain,pfile1,pfile2,pfile4]-S[0.0003,50,enhsp-hadd-astar]-MO[]-T[518400]-04917242-1247c09/snapshots/snapshot_80_1.0000",20684877,80,preserve4_stage2_policy_curve,COMPLETED,/home/hersco/training_new_domains/2026-08-28/preserve4_tpp_stage2_confirmation/20684877_Re-Tr_tpp_tpp_mcts_orig_novh_e.5_c.1_s1073581256_K0_P4S2A3_src20523041.txt
preserve4-tpp-off-1073581256-stage2-a3-policy-e0085,policy_eval,tpp,off,1073581256,stage2,ready,hadd-astar,"/home/hersco/bershco-nu-asnets/numeric-asnets/asnets/experiment-results/experiments_numeric.domain.tpp-experiments_numeric.architecture_2.tpp_mcts-2026-08-28T22:48:19.324528/P[domain,pfile1,pfile2,pfile4]-S[0.0003,50,enhsp-hadd-astar]-MO[]-T[518400]-04917242-1247c09/snapshots/snapshot_85_1.0000",20684877,85,preserve4_stage2_policy_curve,COMPLETED,/home/hersco/training_new_domains/2026-08-28/preserve4_tpp_stage2_confirmation/20684877_Re-Tr_tpp_tpp_mcts_orig_novh_e.5_c.1_s1073581256_K0_P4S2A3_src20523041.txt
preserve4-tpp-off-1073581256-stage2-a3-policy-e0090,policy_eval,tpp,off,1073581256,stage2,ready,hadd-astar,"/home/hersco/bershco-nu-asnets/numeric-asnets/asnets/experiment-results/experiments_numeric.domain.tpp-experiments_numeric.architecture_2.tpp_mcts-2026-08-28T22:48:19.324528/P[domain,pfile1,pfile2,pfile4]-S[0.0003,50,enhsp-hadd-astar]-MO[]-T[518400]-04917242-1247c09/snapshots/snapshot_90_1.0000",20684877,90,preserve4_stage2_policy_curve,COMPLETED,/home/hersco/training_new_domains/2026-08-28/preserve4_tpp_stage2_confirmation/20684877_Re-Tr_tpp_tpp_mcts_orig_novh_e.5_c.1_s1073581256_K0_P4S2A3_src20523041.txt
preserve4-tpp-off-1073581256-stage2-a3-policy-e0095,policy_eval,tpp,off,1073581256,stage2,ready,hadd-astar,"/home/hersco/bershco-nu-asnets/numeric-asnets/asnets/experiment-results/experiments_numeric.domain.tpp-experiments_numeric.architecture_2.tpp_mcts-2026-08-28T22:48:19.324528/P[domain,pfile1,pfile2,pfile4]-S[0.0003,50,enhsp-hadd-astar]-MO[]-T[518400]-04917242-1247c09/snapshots/snapshot_95_1.0000",20684877,95,preserve4_stage2_policy_curve,COMPLETED,/home/hersco/training_new_domains/2026-08-28/preserve4_tpp_stage2_confirmation/20684877_Re-Tr_tpp_tpp_mcts_orig_novh_e.5_c.1_s1073581256_K0_P4S2A3_src20523041.txt
preserve4-tpp-off-1073581256-stage2-a3-policy-e0099,policy_eval,tpp,off,1073581256,stage2,ready,hadd-astar,"/home/hersco/bershco-nu-asnets/numeric-asnets/asnets/experiment-results/experiments_numeric.domain.tpp-experiments_numeric.architecture_2.tpp_mcts-2026-08-28T22:48:19.324528/P[domain,pfile1,pfile2,pfile4]-S[0.0003,50,enhsp-hadd-astar]-MO[]-T[518400]-04917242-1247c09/snapshots/snapshot_99_1.0000",20684877,99,preserve4_stage2_policy_curve;stage2_final_policy,COMPLETED,/home/hersco/training_new_domains/2026-08-28/preserve4_tpp_stage2_confirmation/20684877_Re-Tr_tpp_tpp_mcts_orig_novh_e.5_c.1_s1073581256_K0_P4S2A3_src20523041.txt
preserve4-tpp-off-1239739722-stage2-a3-policy-e0000,policy_eval,tpp,off,1239739722,stage2,ready,hadd-astar,"/home/hersco/bershco-nu-asnets/numeric-asnets/asnets/experiment-results/experiments_numeric.domain.tpp-experiments_numeric.architecture_2.tpp_mcts-2026-08-28T22:55:35.859763/P[domain,pfile1,pfile2,pfile4]-S[0.0003,50,enhsp-hadd-astar]-MO[]-T[518400]-04917249-7d9a779/snapshots/snapshot_0_1.0000",20684878,0,preserve4_stage2_policy_curve,COMPLETED,/home/hersco/training_new_domains/2026-08-28/preserve4_tpp_stage2_confirmation/20684878_Re-Tr_tpp_tpp_mcts_orig_novh_e.5_c.1_s1239739722_K0_P4S2A3_src20523044.txt
preserve4-tpp-off-1239739722-stage2-a3-policy-e0005,policy_eval,tpp,off,1239739722,stage2,ready,hadd-astar,"/home/hersco/bershco-nu-asnets/numeric-asnets/asnets/experiment-results/experiments_numeric.domain.tpp-experiments_numeric.architecture_2.tpp_mcts-2026-08-28T22:55:35.859763/P[domain,pfile1,pfile2,pfile4]-S[0.0003,50,enhsp-hadd-astar]-MO[]-T[518400]-04917249-7d9a779/snapshots/snapshot_5_1.0000",20684878,5,preserve4_stage2_policy_curve,COMPLETED,/home/hersco/training_new_domains/2026-08-28/preserve4_tpp_stage2_confirmation/20684878_Re-Tr_tpp_tpp_mcts_orig_novh_e.5_c.1_s1239739722_K0_P4S2A3_src20523044.txt
preserve4-tpp-off-1239739722-stage2-a3-policy-e0010,policy_eval,tpp,off,1239739722,stage2,ready,hadd-astar,"/home/hersco/bershco-nu-asnets/numeric-asnets/asnets/experiment-results/experiments_numeric.domain.tpp-experiments_numeric.architecture_2.tpp_mcts-2026-08-28T22:55:35.859763/P[domain,pfile1,pfile2,pfile4]-S[0.0003,50,enhsp-hadd-astar]-MO[]-T[518400]-04917249-7d9a779/snapshots/snapshot_10_1.0000",20684878,10,preserve4_stage2_policy_curve,COMPLETED,/home/hersco/training_new_domains/2026-08-28/preserve4_tpp_stage2_confirmation/20684878_Re-Tr_tpp_tpp_mcts_orig_novh_e.5_c.1_s1239739722_K0_P4S2A3_src20523044.txt
preserve4-tpp-off-1239739722-stage2-a3-policy-e0015,policy_eval,tpp,off,1239739722,stage2,ready,hadd-astar,"/home/hersco/bershco-nu-asnets/numeric-asnets/asnets/experiment-results/experiments_numeric.domain.tpp-experiments_numeric.architecture_2.tpp_mcts-2026-08-28T22:55:35.859763/P[domain,pfile1,pfile2,pfile4]-S[0.0003,50,enhsp-hadd-astar]-MO[]-T[518400]-04917249-7d9a779/snapshots/snapshot_15_1.0000",20684878,15,preserve4_stage2_policy_curve,COMPLETED,/home/hersco/training_new_domains/2026-08-28/preserve4_tpp_stage2_confirmation/20684878_Re-Tr_tpp_tpp_mcts_orig_novh_e.5_c.1_s1239739722_K0_P4S2A3_src20523044.txt
preserve4-tpp-off-1239739722-stage2-a3-policy-e0020,policy_eval,tpp,off,1239739722,stage2,ready,hadd-astar,"/home/hersco/bershco-nu-asnets/numeric-asnets/asnets/experiment-results/experiments_numeric.domain.tpp-experiments_numeric.architecture_2.tpp_mcts-2026-08-28T22:55:35.859763/P[domain,pfile1,pfile2,pfile4]-S[0.0003,50,enhsp-hadd-astar]-MO[]-T[518400]-04917249-7d9a779/snapshots/snapshot_20_1.0000",20684878,20,preserve4_stage2_policy_curve,COMPLETED,/home/hersco/training_new_domains/2026-08-28/preserve4_tpp_stage2_confirmation/20684878_Re-Tr_tpp_tpp_mcts_orig_novh_e.5_c.1_s1239739722_K0_P4S2A3_src20523044.txt
preserve4-tpp-off-1239739722-stage2-a3-policy-e0025,policy_eval,tpp,off,1239739722,stage2,ready,hadd-astar,"/home/hersco/bershco-nu-asnets/numeric-asnets/asnets/experiment-results/experiments_numeric.domain.tpp-experiments_numeric.architecture_2.tpp_mcts-2026-08-28T22:55:35.859763/P[domain,pfile1,pfile2,pfile4]-S[0.0003,50,enhsp-hadd-astar]-MO[]-T[518400]-04917249-7d9a779/snapshots/snapshot_25_1.0000",20684878,25,preserve4_stage2_policy_curve,COMPLETED,/home/hersco/training_new_domains/2026-08-28/preserve4_tpp_stage2_confirmation/20684878_Re-Tr_tpp_tpp_mcts_orig_novh_e.5_c.1_s1239739722_K0_P4S2A3_src20523044.txt
preserve4-tpp-off-1239739722-stage2-a3-policy-e0030,policy_eval,tpp,off,1239739722,stage2,ready,hadd-astar,"/home/hersco/bershco-nu-asnets/numeric-asnets/asnets/experiment-results/experiments_numeric.domain.tpp-experiments_numeric.architecture_2.tpp_mcts-2026-08-28T22:55:35.859763/P[domain,pfile1,pfile2,pfile4]-S[0.0003,50,enhsp-hadd-astar]-MO[]-T[518400]-04917249-7d9a779/snapshots/snapshot_30_1.0000",20684878,30,preserve4_stage2_policy_curve,COMPLETED,/home/hersco/training_new_domains/2026-08-28/preserve4_tpp_stage2_confirmation/20684878_Re-Tr_tpp_tpp_mcts_orig_novh_e.5_c.1_s1239739722_K0_P4S2A3_src20523044.txt
preserve4-tpp-off-1239739722-stage2-a3-policy-e0035,policy_eval,tpp,off,1239739722,stage2,ready,hadd-astar,"/home/hersco/bershco-nu-asnets/numeric-asnets/asnets/experiment-results/experiments_numeric.domain.tpp-experiments_numeric.architecture_2.tpp_mcts-2026-08-28T22:55:35.859763/P[domain,pfile1,pfile2,pfile4]-S[0.0003,50,enhsp-hadd-astar]-MO[]-T[518400]-04917249-7d9a779/snapshots/snapshot_35_1.0000",20684878,35,preserve4_stage2_policy_curve,COMPLETED,/home/hersco/training_new_domains/2026-08-28/preserve4_tpp_stage2_confirmation/20684878_Re-Tr_tpp_tpp_mcts_orig_novh_e.5_c.1_s1239739722_K0_P4S2A3_src20523044.txt
preserve4-tpp-off-1239739722-stage2-a3-policy-e0040,policy_eval,tpp,off,1239739722,stage2,ready,hadd-astar,"/home/hersco/bershco-nu-asnets/numeric-asnets/asnets/experiment-results/experiments_numeric.domain.tpp-experiments_numeric.architecture_2.tpp_mcts-2026-08-28T22:55:35.859763/P[domain,pfile1,pfile2,pfile4]-S[0.0003,50,enhsp-hadd-astar]-MO[]-T[518400]-04917249-7d9a779/snapshots/snapshot_40_1.0000",20684878,40,preserve4_stage2_policy_curve,COMPLETED,/home/hersco/training_new_domains/2026-08-28/preserve4_tpp_stage2_confirmation/20684878_Re-Tr_tpp_tpp_mcts_orig_novh_e.5_c.1_s1239739722_K0_P4S2A3_src20523044.txt
preserve4-tpp-off-1239739722-stage2-a3-policy-e0045,policy_eval,tpp,off,1239739722,stage2,ready,hadd-astar,"/home/hersco/bershco-nu-asnets/numeric-asnets/asnets/experiment-results/experiments_numeric.domain.tpp-experiments_numeric.architecture_2.tpp_mcts-2026-08-28T22:55:35.859763/P[domain,pfile1,pfile2,pfile4]-S[0.0003,50,enhsp-hadd-astar]-MO[]-T[518400]-04917249-7d9a779/snapshots/snapshot_45_1.0000",20684878,45,preserve4_stage2_policy_curve,COMPLETED,/home/hersco/training_new_domains/2026-08-28/preserve4_tpp_stage2_confirmation/20684878_Re-Tr_tpp_tpp_mcts_orig_novh_e.5_c.1_s1239739722_K0_P4S2A3_src20523044.txt
preserve4-tpp-off-1239739722-stage2-a3-policy-e0050,policy_eval,tpp,off,1239739722,stage2,ready,hadd-astar,"/home/hersco/bershco-nu-asnets/numeric-asnets/asnets/experiment-results/experiments_numeric.domain.tpp-experiments_numeric.architecture_2.tpp_mcts-2026-08-28T22:55:35.859763/P[domain,pfile1,pfile2,pfile4]-S[0.0003,50,enhsp-hadd-astar]-MO[]-T[518400]-04917249-7d9a779/snapshots/snapshot_50_1.0000",20684878,50,preserve4_stage2_policy_curve,COMPLETED,/home/hersco/training_new_domains/2026-08-28/preserve4_tpp_stage2_confirmation/20684878_Re-Tr_tpp_tpp_mcts_orig_novh_e.5_c.1_s1239739722_K0_P4S2A3_src20523044.txt
preserve4-tpp-off-1239739722-stage2-a3-policy-e0055,policy_eval,tpp,off,1239739722,stage2,ready,hadd-astar,"/home/hersco/bershco-nu-asnets/numeric-asnets/asnets/experiment-results/experiments_numeric.domain.tpp-experiments_numeric.architecture_2.tpp_mcts-2026-08-28T22:55:35.859763/P[domain,pfile1,pfile2,pfile4]-S[0.0003,50,enhsp-hadd-astar]-MO[]-T[518400]-04917249-7d9a779/snapshots/snapshot_55_1.0000",20684878,55,preserve4_stage2_policy_curve,COMPLETED,/home/hersco/training_new_domains/2026-08-28/preserve4_tpp_stage2_confirmation/20684878_Re-Tr_tpp_tpp_mcts_orig_novh_e.5_c.1_s1239739722_K0_P4S2A3_src20523044.txt
preserve4-tpp-off-1239739722-stage2-a3-policy-e0060,policy_eval,tpp,off,1239739722,stage2,ready,hadd-astar,"/home/hersco/bershco-nu-asnets/numeric-asnets/asnets/experiment-results/experiments_numeric.domain.tpp-experiments_numeric.architecture_2.tpp_mcts-2026-08-28T22:55:35.859763/P[domain,pfile1,pfile2,pfile4]-S[0.0003,50,enhsp-hadd-astar]-MO[]-T[518400]-04917249-7d9a779/snapshots/snapshot_60_1.0000",20684878,60,preserve4_stage2_policy_curve,COMPLETED,/home/hersco/training_new_domains/2026-08-28/preserve4_tpp_stage2_confirmation/20684878_Re-Tr_tpp_tpp_mcts_orig_novh_e.5_c.1_s1239739722_K0_P4S2A3_src20523044.txt
preserve4-tpp-off-1239739722-stage2-a3-policy-e0062,policy_eval,tpp,off,1239739722,stage2,ready,hadd-astar,"/home/hersco/bershco-nu-asnets/numeric-asnets/asnets/experiment-results/experiments_numeric.domain.tpp-experiments_numeric.architecture_2.tpp_mcts-2026-08-28T22:55:35.859763/P[domain,pfile1,pfile2,pfile4]-S[0.0003,50,enhsp-hadd-astar]-MO[]-T[518400]-04917249-7d9a779/snapshots/snapshot_62_1.0000",20684878,62,preserve4_stage2_policy_curve;stage2_validation_selected_policy,COMPLETED,/home/hersco/training_new_domains/2026-08-28/preserve4_tpp_stage2_confirmation/20684878_Re-Tr_tpp_tpp_mcts_orig_novh_e.5_c.1_s1239739722_K0_P4S2A3_src20523044.txt
preserve4-tpp-off-1239739722-stage2-a3-policy-e0065,policy_eval,tpp,off,1239739722,stage2,ready,hadd-astar,"/home/hersco/bershco-nu-asnets/numeric-asnets/asnets/experiment-results/experiments_numeric.domain.tpp-experiments_numeric.architecture_2.tpp_mcts-2026-08-28T22:55:35.859763/P[domain,pfile1,pfile2,pfile4]-S[0.0003,50,enhsp-hadd-astar]-MO[]-T[518400]-04917249-7d9a779/snapshots/snapshot_65_1.0000",20684878,65,preserve4_stage2_policy_curve,COMPLETED,/home/hersco/training_new_domains/2026-08-28/preserve4_tpp_stage2_confirmation/20684878_Re-Tr_tpp_tpp_mcts_orig_novh_e.5_c.1_s1239739722_K0_P4S2A3_src20523044.txt
preserve4-tpp-off-1239739722-stage2-a3-policy-e0070,policy_eval,tpp,off,1239739722,stage2,ready,hadd-astar,"/home/hersco/bershco-nu-asnets/numeric-asnets/asnets/experiment-results/experiments_numeric.domain.tpp-experiments_numeric.architecture_2.tpp_mcts-2026-08-28T22:55:35.859763/P[domain,pfile1,pfile2,pfile4]-S[0.0003,50,enhsp-hadd-astar]-MO[]-T[518400]-04917249-7d9a779/snapshots/snapshot_70_1.0000",20684878,70,preserve4_stage2_policy_curve,COMPLETED,/home/hersco/training_new_domains/2026-08-28/preserve4_tpp_stage2_confirmation/20684878_Re-Tr_tpp_tpp_mcts_orig_novh_e.5_c.1_s1239739722_K0_P4S2A3_src20523044.txt
preserve4-tpp-off-1239739722-stage2-a3-policy-e0075,policy_eval,tpp,off,1239739722,stage2,ready,hadd-astar,"/home/hersco/bershco-nu-asnets/numeric-asnets/asnets/experiment-results/experiments_numeric.domain.tpp-experiments_numeric.architecture_2.tpp_mcts-2026-08-28T22:55:35.859763/P[domain,pfile1,pfile2,pfile4]-S[0.0003,50,enhsp-hadd-astar]-MO[]-T[518400]-04917249-7d9a779/snapshots/snapshot_75_1.0000",20684878,75,preserve4_stage2_policy_curve,COMPLETED,/home/hersco/training_new_domains/2026-08-28/preserve4_tpp_stage2_confirmation/20684878_Re-Tr_tpp_tpp_mcts_orig_novh_e.5_c.1_s1239739722_K0_P4S2A3_src20523044.txt
preserve4-tpp-off-1239739722-stage2-a3-policy-e0080,policy_eval,tpp,off,1239739722,stage2,ready,hadd-astar,"/home/hersco/bershco-nu-asnets/numeric-asnets/asnets/experiment-results/experiments_numeric.domain.tpp-experiments_numeric.architecture_2.tpp_mcts-2026-08-28T22:55:35.859763/P[domain,pfile1,pfile2,pfile4]-S[0.0003,50,enhsp-hadd-astar]-MO[]-T[518400]-04917249-7d9a779/snapshots/snapshot_80_1.0000",20684878,80,preserve4_stage2_policy_curve,COMPLETED,/home/hersco/training_new_domains/2026-08-28/preserve4_tpp_stage2_confirmation/20684878_Re-Tr_tpp_tpp_mcts_orig_novh_e.5_c.1_s1239739722_K0_P4S2A3_src20523044.txt
preserve4-tpp-off-1239739722-stage2-a3-policy-e0085,policy_eval,tpp,off,1239739722,stage2,ready,hadd-astar,"/home/hersco/bershco-nu-asnets/numeric-asnets/asnets/experiment-results/experiments_numeric.domain.tpp-experiments_numeric.architecture_2.tpp_mcts-2026-08-28T22:55:35.859763/P[domain,pfile1,pfile2,pfile4]-S[0.0003,50,enhsp-hadd-astar]-MO[]-T[518400]-04917249-7d9a779/snapshots/snapshot_85_1.0000",20684878,85,preserve4_stage2_policy_curve,COMPLETED,/home/hersco/training_new_domains/2026-08-28/preserve4_tpp_stage2_confirmation/20684878_Re-Tr_tpp_tpp_mcts_orig_novh_e.5_c.1_s1239739722_K0_P4S2A3_src20523044.txt
preserve4-tpp-off-1239739722-stage2-a3-policy-e0090,policy_eval,tpp,off,1239739722,stage2,ready,hadd-astar,"/home/hersco/bershco-nu-asnets/numeric-asnets/asnets/experiment-results/experiments_numeric.domain.tpp-experiments_numeric.architecture_2.tpp_mcts-2026-08-28T22:55:35.859763/P[domain,pfile1,pfile2,pfile4]-S[0.0003,50,enhsp-hadd-astar]-MO[]-T[518400]-04917249-7d9a779/snapshots/snapshot_90_1.0000",20684878,90,preserve4_stage2_policy_curve,COMPLETED,/home/hersco/training_new_domains/2026-08-28/preserve4_tpp_stage2_confirmation/20684878_Re-Tr_tpp_tpp_mcts_orig_novh_e.5_c.1_s1239739722_K0_P4S2A3_src20523044.txt
preserve4-tpp-off-1239739722-stage2-a3-policy-e0095,policy_eval,tpp,off,1239739722,stage2,ready,hadd-astar,"/home/hersco/bershco-nu-asnets/numeric-asnets/asnets/experiment-results/experiments_numeric.domain.tpp-experiments_numeric.architecture_2.tpp_mcts-2026-08-28T22:55:35.859763/P[domain,pfile1,pfile2,pfile4]-S[0.0003,50,enhsp-hadd-astar]-MO[]-T[518400]-04917249-7d9a779/snapshots/snapshot_95_1.0000",20684878,95,preserve4_stage2_policy_curve,COMPLETED,/home/hersco/training_new_domains/2026-08-28/preserve4_tpp_stage2_confirmation/20684878_Re-Tr_tpp_tpp_mcts_orig_novh_e.5_c.1_s1239739722_K0_P4S2A3_src20523044.txt
preserve4-tpp-off-1239739722-stage2-a3-policy-e0099,policy_eval,tpp,off,1239739722,stage2,ready,hadd-astar,"/home/hersco/bershco-nu-asnets/numeric-asnets/asnets/experiment-results/experiments_numeric.domain.tpp-experiments_numeric.architecture_2.tpp_mcts-2026-08-28T22:55:35.859763/P[domain,pfile1,pfile2,pfile4]-S[0.0003,50,enhsp-hadd-astar]-MO[]-T[518400]-04917249-7d9a779/snapshots/snapshot_99_1.0000",20684878,99,preserve4_stage2_policy_curve;stage2_final_policy,COMPLETED,/home/hersco/training_new_domains/2026-08-28/preserve4_tpp_stage2_confirmation/20684878_Re-Tr_tpp_tpp_mcts_orig_novh_e.5_c.1_s1239739722_K0_P4S2A3_src20523044.txt
preserve4-tpp-off-1472491096-stage2-a3-policy-e0000,policy_eval,tpp,off,1472491096,stage2,ready,hadd-astar,"/home/hersco/bershco-nu-asnets/numeric-asnets/asnets/experiment-results/experiments_numeric.domain.tpp-experiments_numeric.architecture_2.tpp_mcts-2026-08-28T22:59:10.774442/P[domain,pfile1,pfile2,pfile4]-S[0.0003,50,enhsp-hadd-astar]-MO[]-T[518400]-04917253-43e0a7a/snapshots/snapshot_0_1.0000",20684879,0,preserve4_stage2_policy_curve,COMPLETED,/home/hersco/training_new_domains/2026-08-28/preserve4_tpp_stage2_confirmation/20684879_Re-Tr_tpp_tpp_mcts_orig_novh_e.5_c.1_s1472491096_K0_P4S2A3_src20523047.txt
preserve4-tpp-off-1472491096-stage2-a3-policy-e0002,policy_eval,tpp,off,1472491096,stage2,ready,hadd-astar,"/home/hersco/bershco-nu-asnets/numeric-asnets/asnets/experiment-results/experiments_numeric.domain.tpp-experiments_numeric.architecture_2.tpp_mcts-2026-08-28T22:59:10.774442/P[domain,pfile1,pfile2,pfile4]-S[0.0003,50,enhsp-hadd-astar]-MO[]-T[518400]-04917253-43e0a7a/snapshots/snapshot_2_1.0000",20684879,2,preserve4_stage2_policy_curve;stage2_validation_selected_policy,COMPLETED,/home/hersco/training_new_domains/2026-08-28/preserve4_tpp_stage2_confirmation/20684879_Re-Tr_tpp_tpp_mcts_orig_novh_e.5_c.1_s1472491096_K0_P4S2A3_src20523047.txt
preserve4-tpp-off-1472491096-stage2-a3-policy-e0005,policy_eval,tpp,off,1472491096,stage2,ready,hadd-astar,"/home/hersco/bershco-nu-asnets/numeric-asnets/asnets/experiment-results/experiments_numeric.domain.tpp-experiments_numeric.architecture_2.tpp_mcts-2026-08-28T22:59:10.774442/P[domain,pfile1,pfile2,pfile4]-S[0.0003,50,enhsp-hadd-astar]-MO[]-T[518400]-04917253-43e0a7a/snapshots/snapshot_5_1.0000",20684879,5,preserve4_stage2_policy_curve,COMPLETED,/home/hersco/training_new_domains/2026-08-28/preserve4_tpp_stage2_confirmation/20684879_Re-Tr_tpp_tpp_mcts_orig_novh_e.5_c.1_s1472491096_K0_P4S2A3_src20523047.txt
preserve4-tpp-off-1472491096-stage2-a3-policy-e0010,policy_eval,tpp,off,1472491096,stage2,ready,hadd-astar,"/home/hersco/bershco-nu-asnets/numeric-asnets/asnets/experiment-results/experiments_numeric.domain.tpp-experiments_numeric.architecture_2.tpp_mcts-2026-08-28T22:59:10.774442/P[domain,pfile1,pfile2,pfile4]-S[0.0003,50,enhsp-hadd-astar]-MO[]-T[518400]-04917253-43e0a7a/snapshots/snapshot_10_1.0000",20684879,10,preserve4_stage2_policy_curve,COMPLETED,/home/hersco/training_new_domains/2026-08-28/preserve4_tpp_stage2_confirmation/20684879_Re-Tr_tpp_tpp_mcts_orig_novh_e.5_c.1_s1472491096_K0_P4S2A3_src20523047.txt
preserve4-tpp-off-1472491096-stage2-a3-policy-e0015,policy_eval,tpp,off,1472491096,stage2,ready,hadd-astar,"/home/hersco/bershco-nu-asnets/numeric-asnets/asnets/experiment-results/experiments_numeric.domain.tpp-experiments_numeric.architecture_2.tpp_mcts-2026-08-28T22:59:10.774442/P[domain,pfile1,pfile2,pfile4]-S[0.0003,50,enhsp-hadd-astar]-MO[]-T[518400]-04917253-43e0a7a/snapshots/snapshot_15_1.0000",20684879,15,preserve4_stage2_policy_curve,COMPLETED,/home/hersco/training_new_domains/2026-08-28/preserve4_tpp_stage2_confirmation/20684879_Re-Tr_tpp_tpp_mcts_orig_novh_e.5_c.1_s1472491096_K0_P4S2A3_src20523047.txt
preserve4-tpp-off-1472491096-stage2-a3-policy-e0020,policy_eval,tpp,off,1472491096,stage2,ready,hadd-astar,"/home/hersco/bershco-nu-asnets/numeric-asnets/asnets/experiment-results/experiments_numeric.domain.tpp-experiments_numeric.architecture_2.tpp_mcts-2026-08-28T22:59:10.774442/P[domain,pfile1,pfile2,pfile4]-S[0.0003,50,enhsp-hadd-astar]-MO[]-T[518400]-04917253-43e0a7a/snapshots/snapshot_20_1.0000",20684879,20,preserve4_stage2_policy_curve,COMPLETED,/home/hersco/training_new_domains/2026-08-28/preserve4_tpp_stage2_confirmation/20684879_Re-Tr_tpp_tpp_mcts_orig_novh_e.5_c.1_s1472491096_K0_P4S2A3_src20523047.txt
preserve4-tpp-off-1472491096-stage2-a3-policy-e0025,policy_eval,tpp,off,1472491096,stage2,ready,hadd-astar,"/home/hersco/bershco-nu-asnets/numeric-asnets/asnets/experiment-results/experiments_numeric.domain.tpp-experiments_numeric.architecture_2.tpp_mcts-2026-08-28T22:59:10.774442/P[domain,pfile1,pfile2,pfile4]-S[0.0003,50,enhsp-hadd-astar]-MO[]-T[518400]-04917253-43e0a7a/snapshots/snapshot_25_1.0000",20684879,25,preserve4_stage2_policy_curve,COMPLETED,/home/hersco/training_new_domains/2026-08-28/preserve4_tpp_stage2_confirmation/20684879_Re-Tr_tpp_tpp_mcts_orig_novh_e.5_c.1_s1472491096_K0_P4S2A3_src20523047.txt
preserve4-tpp-off-1472491096-stage2-a3-policy-e0030,policy_eval,tpp,off,1472491096,stage2,ready,hadd-astar,"/home/hersco/bershco-nu-asnets/numeric-asnets/asnets/experiment-results/experiments_numeric.domain.tpp-experiments_numeric.architecture_2.tpp_mcts-2026-08-28T22:59:10.774442/P[domain,pfile1,pfile2,pfile4]-S[0.0003,50,enhsp-hadd-astar]-MO[]-T[518400]-04917253-43e0a7a/snapshots/snapshot_30_1.0000",20684879,30,preserve4_stage2_policy_curve,COMPLETED,/home/hersco/training_new_domains/2026-08-28/preserve4_tpp_stage2_confirmation/20684879_Re-Tr_tpp_tpp_mcts_orig_novh_e.5_c.1_s1472491096_K0_P4S2A3_src20523047.txt
preserve4-tpp-off-1472491096-stage2-a3-policy-e0035,policy_eval,tpp,off,1472491096,stage2,ready,hadd-astar,"/home/hersco/bershco-nu-asnets/numeric-asnets/asnets/experiment-results/experiments_numeric.domain.tpp-experiments_numeric.architecture_2.tpp_mcts-2026-08-28T22:59:10.774442/P[domain,pfile1,pfile2,pfile4]-S[0.0003,50,enhsp-hadd-astar]-MO[]-T[518400]-04917253-43e0a7a/snapshots/snapshot_35_1.0000",20684879,35,preserve4_stage2_policy_curve,COMPLETED,/home/hersco/training_new_domains/2026-08-28/preserve4_tpp_stage2_confirmation/20684879_Re-Tr_tpp_tpp_mcts_orig_novh_e.5_c.1_s1472491096_K0_P4S2A3_src20523047.txt
preserve4-tpp-off-1472491096-stage2-a3-policy-e0040,policy_eval,tpp,off,1472491096,stage2,ready,hadd-astar,"/home/hersco/bershco-nu-asnets/numeric-asnets/asnets/experiment-results/experiments_numeric.domain.tpp-experiments_numeric.architecture_2.tpp_mcts-2026-08-28T22:59:10.774442/P[domain,pfile1,pfile2,pfile4]-S[0.0003,50,enhsp-hadd-astar]-MO[]-T[518400]-04917253-43e0a7a/snapshots/snapshot_40_1.0000",20684879,40,preserve4_stage2_policy_curve,COMPLETED,/home/hersco/training_new_domains/2026-08-28/preserve4_tpp_stage2_confirmation/20684879_Re-Tr_tpp_tpp_mcts_orig_novh_e.5_c.1_s1472491096_K0_P4S2A3_src20523047.txt
preserve4-tpp-off-1472491096-stage2-a3-policy-e0045,policy_eval,tpp,off,1472491096,stage2,ready,hadd-astar,"/home/hersco/bershco-nu-asnets/numeric-asnets/asnets/experiment-results/experiments_numeric.domain.tpp-experiments_numeric.architecture_2.tpp_mcts-2026-08-28T22:59:10.774442/P[domain,pfile1,pfile2,pfile4]-S[0.0003,50,enhsp-hadd-astar]-MO[]-T[518400]-04917253-43e0a7a/snapshots/snapshot_45_1.0000",20684879,45,preserve4_stage2_policy_curve,COMPLETED,/home/hersco/training_new_domains/2026-08-28/preserve4_tpp_stage2_confirmation/20684879_Re-Tr_tpp_tpp_mcts_orig_novh_e.5_c.1_s1472491096_K0_P4S2A3_src20523047.txt
preserve4-tpp-off-1472491096-stage2-a3-policy-e0050,policy_eval,tpp,off,1472491096,stage2,ready,hadd-astar,"/home/hersco/bershco-nu-asnets/numeric-asnets/asnets/experiment-results/experiments_numeric.domain.tpp-experiments_numeric.architecture_2.tpp_mcts-2026-08-28T22:59:10.774442/P[domain,pfile1,pfile2,pfile4]-S[0.0003,50,enhsp-hadd-astar]-MO[]-T[518400]-04917253-43e0a7a/snapshots/snapshot_50_1.0000",20684879,50,preserve4_stage2_policy_curve,COMPLETED,/home/hersco/training_new_domains/2026-08-28/preserve4_tpp_stage2_confirmation/20684879_Re-Tr_tpp_tpp_mcts_orig_novh_e.5_c.1_s1472491096_K0_P4S2A3_src20523047.txt
preserve4-tpp-off-1472491096-stage2-a3-policy-e0055,policy_eval,tpp,off,1472491096,stage2,ready,hadd-astar,"/home/hersco/bershco-nu-asnets/numeric-asnets/asnets/experiment-results/experiments_numeric.domain.tpp-experiments_numeric.architecture_2.tpp_mcts-2026-08-28T22:59:10.774442/P[domain,pfile1,pfile2,pfile4]-S[0.0003,50,enhsp-hadd-astar]-MO[]-T[518400]-04917253-43e0a7a/snapshots/snapshot_55_1.0000",20684879,55,preserve4_stage2_policy_curve,COMPLETED,/home/hersco/training_new_domains/2026-08-28/preserve4_tpp_stage2_confirmation/20684879_Re-Tr_tpp_tpp_mcts_orig_novh_e.5_c.1_s1472491096_K0_P4S2A3_src20523047.txt
preserve4-tpp-off-1472491096-stage2-a3-policy-e0060,policy_eval,tpp,off,1472491096,stage2,ready,hadd-astar,"/home/hersco/bershco-nu-asnets/numeric-asnets/asnets/experiment-results/experiments_numeric.domain.tpp-experiments_numeric.architecture_2.tpp_mcts-2026-08-28T22:59:10.774442/P[domain,pfile1,pfile2,pfile4]-S[0.0003,50,enhsp-hadd-astar]-MO[]-T[518400]-04917253-43e0a7a/snapshots/snapshot_60_1.0000",20684879,60,preserve4_stage2_policy_curve,COMPLETED,/home/hersco/training_new_domains/2026-08-28/preserve4_tpp_stage2_confirmation/20684879_Re-Tr_tpp_tpp_mcts_orig_novh_e.5_c.1_s1472491096_K0_P4S2A3_src20523047.txt
preserve4-tpp-off-1472491096-stage2-a3-policy-e0065,policy_eval,tpp,off,1472491096,stage2,ready,hadd-astar,"/home/hersco/bershco-nu-asnets/numeric-asnets/asnets/experiment-results/experiments_numeric.domain.tpp-experiments_numeric.architecture_2.tpp_mcts-2026-08-28T22:59:10.774442/P[domain,pfile1,pfile2,pfile4]-S[0.0003,50,enhsp-hadd-astar]-MO[]-T[518400]-04917253-43e0a7a/snapshots/snapshot_65_1.0000",20684879,65,preserve4_stage2_policy_curve,COMPLETED,/home/hersco/training_new_domains/2026-08-28/preserve4_tpp_stage2_confirmation/20684879_Re-Tr_tpp_tpp_mcts_orig_novh_e.5_c.1_s1472491096_K0_P4S2A3_src20523047.txt
preserve4-tpp-off-1472491096-stage2-a3-policy-e0070,policy_eval,tpp,off,1472491096,stage2,ready,hadd-astar,"/home/hersco/bershco-nu-asnets/numeric-asnets/asnets/experiment-results/experiments_numeric.domain.tpp-experiments_numeric.architecture_2.tpp_mcts-2026-08-28T22:59:10.774442/P[domain,pfile1,pfile2,pfile4]-S[0.0003,50,enhsp-hadd-astar]-MO[]-T[518400]-04917253-43e0a7a/snapshots/snapshot_70_1.0000",20684879,70,preserve4_stage2_policy_curve,COMPLETED,/home/hersco/training_new_domains/2026-08-28/preserve4_tpp_stage2_confirmation/20684879_Re-Tr_tpp_tpp_mcts_orig_novh_e.5_c.1_s1472491096_K0_P4S2A3_src20523047.txt
preserve4-tpp-off-1472491096-stage2-a3-policy-e0075,policy_eval,tpp,off,1472491096,stage2,ready,hadd-astar,"/home/hersco/bershco-nu-asnets/numeric-asnets/asnets/experiment-results/experiments_numeric.domain.tpp-experiments_numeric.architecture_2.tpp_mcts-2026-08-28T22:59:10.774442/P[domain,pfile1,pfile2,pfile4]-S[0.0003,50,enhsp-hadd-astar]-MO[]-T[518400]-04917253-43e0a7a/snapshots/snapshot_75_1.0000",20684879,75,preserve4_stage2_policy_curve,COMPLETED,/home/hersco/training_new_domains/2026-08-28/preserve4_tpp_stage2_confirmation/20684879_Re-Tr_tpp_tpp_mcts_orig_novh_e.5_c.1_s1472491096_K0_P4S2A3_src20523047.txt
preserve4-tpp-off-1472491096-stage2-a3-policy-e0080,policy_eval,tpp,off,1472491096,stage2,ready,hadd-astar,"/home/hersco/bershco-nu-asnets/numeric-asnets/asnets/experiment-results/experiments_numeric.domain.tpp-experiments_numeric.architecture_2.tpp_mcts-2026-08-28T22:59:10.774442/P[domain,pfile1,pfile2,pfile4]-S[0.0003,50,enhsp-hadd-astar]-MO[]-T[518400]-04917253-43e0a7a/snapshots/snapshot_80_1.0000",20684879,80,preserve4_stage2_policy_curve,COMPLETED,/home/hersco/training_new_domains/2026-08-28/preserve4_tpp_stage2_confirmation/20684879_Re-Tr_tpp_tpp_mcts_orig_novh_e.5_c.1_s1472491096_K0_P4S2A3_src20523047.txt
preserve4-tpp-off-1472491096-stage2-a3-policy-e0085,policy_eval,tpp,off,1472491096,stage2,ready,hadd-astar,"/home/hersco/bershco-nu-asnets/numeric-asnets/asnets/experiment-results/experiments_numeric.domain.tpp-experiments_numeric.architecture_2.tpp_mcts-2026-08-28T22:59:10.774442/P[domain,pfile1,pfile2,pfile4]-S[0.0003,50,enhsp-hadd-astar]-MO[]-T[518400]-04917253-43e0a7a/snapshots/snapshot_85_1.0000",20684879,85,preserve4_stage2_policy_curve,COMPLETED,/home/hersco/training_new_domains/2026-08-28/preserve4_tpp_stage2_confirmation/20684879_Re-Tr_tpp_tpp_mcts_orig_novh_e.5_c.1_s1472491096_K0_P4S2A3_src20523047.txt
preserve4-tpp-off-1472491096-stage2-a3-policy-e0090,policy_eval,tpp,off,1472491096,stage2,ready,hadd-astar,"/home/hersco/bershco-nu-asnets/numeric-asnets/asnets/experiment-results/experiments_numeric.domain.tpp-experiments_numeric.architecture_2.tpp_mcts-2026-08-28T22:59:10.774442/P[domain,pfile1,pfile2,pfile4]-S[0.0003,50,enhsp-hadd-astar]-MO[]-T[518400]-04917253-43e0a7a/snapshots/snapshot_90_1.0000",20684879,90,preserve4_stage2_policy_curve,COMPLETED,/home/hersco/training_new_domains/2026-08-28/preserve4_tpp_stage2_confirmation/20684879_Re-Tr_tpp_tpp_mcts_orig_novh_e.5_c.1_s1472491096_K0_P4S2A3_src20523047.txt
preserve4-tpp-off-1472491096-stage2-a3-policy-e0095,policy_eval,tpp,off,1472491096,stage2,ready,hadd-astar,"/home/hersco/bershco-nu-asnets/numeric-asnets/asnets/experiment-results/experiments_numeric.domain.tpp-experiments_numeric.architecture_2.tpp_mcts-2026-08-28T22:59:10.774442/P[domain,pfile1,pfile2,pfile4]-S[0.0003,50,enhsp-hadd-astar]-MO[]-T[518400]-04917253-43e0a7a/snapshots/snapshot_95_1.0000",20684879,95,preserve4_stage2_policy_curve,COMPLETED,/home/hersco/training_new_domains/2026-08-28/preserve4_tpp_stage2_confirmation/20684879_Re-Tr_tpp_tpp_mcts_orig_novh_e.5_c.1_s1472491096_K0_P4S2A3_src20523047.txt
preserve4-tpp-off-1472491096-stage2-a3-policy-e0099,policy_eval,tpp,off,1472491096,stage2,ready,hadd-astar,"/home/hersco/bershco-nu-asnets/numeric-asnets/asnets/experiment-results/experiments_numeric.domain.tpp-experiments_numeric.architecture_2.tpp_mcts-2026-08-28T22:59:10.774442/P[domain,pfile1,pfile2,pfile4]-S[0.0003,50,enhsp-hadd-astar]-MO[]-T[518400]-04917253-43e0a7a/snapshots/snapshot_99_1.0000",20684879,99,preserve4_stage2_policy_curve;stage2_final_policy,COMPLETED,/home/hersco/training_new_domains/2026-08-28/preserve4_tpp_stage2_confirmation/20684879_Re-Tr_tpp_tpp_mcts_orig_novh_e.5_c.1_s1472491096_K0_P4S2A3_src20523047.txt
preserve4-tpp-off-1510771779-stage2-a3-policy-e0000,policy_eval,tpp,off,1510771779,stage2,ready,hadd-astar,"/home/hersco/bershco-nu-asnets/numeric-asnets/asnets/experiment-results/experiments_numeric.domain.tpp-experiments_numeric.architecture_2.tpp_mcts-2026-08-28T23:01:54.640591/P[domain,pfile1,pfile2,pfile4]-S[0.0003,50,enhsp-hadd-astar]-MO[]-T[518400]-04917256-17cc32a/snapshots/snapshot_0_1.0000",20684880,0,preserve4_stage2_policy_curve,COMPLETED,/home/hersco/training_new_domains/2026-08-28/preserve4_tpp_stage2_confirmation/20684880_Re-Tr_tpp_tpp_mcts_orig_novh_e.5_c.1_s1510771779_K0_P4S2A3_src20523056.txt
preserve4-tpp-off-1510771779-stage2-a3-policy-e0005,policy_eval,tpp,off,1510771779,stage2,ready,hadd-astar,"/home/hersco/bershco-nu-asnets/numeric-asnets/asnets/experiment-results/experiments_numeric.domain.tpp-experiments_numeric.architecture_2.tpp_mcts-2026-08-28T23:01:54.640591/P[domain,pfile1,pfile2,pfile4]-S[0.0003,50,enhsp-hadd-astar]-MO[]-T[518400]-04917256-17cc32a/snapshots/snapshot_5_1.0000",20684880,5,preserve4_stage2_policy_curve,COMPLETED,/home/hersco/training_new_domains/2026-08-28/preserve4_tpp_stage2_confirmation/20684880_Re-Tr_tpp_tpp_mcts_orig_novh_e.5_c.1_s1510771779_K0_P4S2A3_src20523056.txt
preserve4-tpp-off-1510771779-stage2-a3-policy-e0010,policy_eval,tpp,off,1510771779,stage2,ready,hadd-astar,"/home/hersco/bershco-nu-asnets/numeric-asnets/asnets/experiment-results/experiments_numeric.domain.tpp-experiments_numeric.architecture_2.tpp_mcts-2026-08-28T23:01:54.640591/P[domain,pfile1,pfile2,pfile4]-S[0.0003,50,enhsp-hadd-astar]-MO[]-T[518400]-04917256-17cc32a/snapshots/snapshot_10_1.0000",20684880,10,preserve4_stage2_policy_curve,COMPLETED,/home/hersco/training_new_domains/2026-08-28/preserve4_tpp_stage2_confirmation/20684880_Re-Tr_tpp_tpp_mcts_orig_novh_e.5_c.1_s1510771779_K0_P4S2A3_src20523056.txt
preserve4-tpp-off-1510771779-stage2-a3-policy-e0015,policy_eval,tpp,off,1510771779,stage2,ready,hadd-astar,"/home/hersco/bershco-nu-asnets/numeric-asnets/asnets/experiment-results/experiments_numeric.domain.tpp-experiments_numeric.architecture_2.tpp_mcts-2026-08-28T23:01:54.640591/P[domain,pfile1,pfile2,pfile4]-S[0.0003,50,enhsp-hadd-astar]-MO[]-T[518400]-04917256-17cc32a/snapshots/snapshot_15_1.0000",20684880,15,preserve4_stage2_policy_curve,COMPLETED,/home/hersco/training_new_domains/2026-08-28/preserve4_tpp_stage2_confirmation/20684880_Re-Tr_tpp_tpp_mcts_orig_novh_e.5_c.1_s1510771779_K0_P4S2A3_src20523056.txt
preserve4-tpp-off-1510771779-stage2-a3-policy-e0018,policy_eval,tpp,off,1510771779,stage2,ready,hadd-astar,"/home/hersco/bershco-nu-asnets/numeric-asnets/asnets/experiment-results/experiments_numeric.domain.tpp-experiments_numeric.architecture_2.tpp_mcts-2026-08-28T23:01:54.640591/P[domain,pfile1,pfile2,pfile4]-S[0.0003,50,enhsp-hadd-astar]-MO[]-T[518400]-04917256-17cc32a/snapshots/snapshot_18_1.0000",20684880,18,preserve4_stage2_policy_curve;stage2_validation_selected_policy,COMPLETED,/home/hersco/training_new_domains/2026-08-28/preserve4_tpp_stage2_confirmation/20684880_Re-Tr_tpp_tpp_mcts_orig_novh_e.5_c.1_s1510771779_K0_P4S2A3_src20523056.txt
preserve4-tpp-off-1510771779-stage2-a3-policy-e0020,policy_eval,tpp,off,1510771779,stage2,ready,hadd-astar,"/home/hersco/bershco-nu-asnets/numeric-asnets/asnets/experiment-results/experiments_numeric.domain.tpp-experiments_numeric.architecture_2.tpp_mcts-2026-08-28T23:01:54.640591/P[domain,pfile1,pfile2,pfile4]-S[0.0003,50,enhsp-hadd-astar]-MO[]-T[518400]-04917256-17cc32a/snapshots/snapshot_20_1.0000",20684880,20,preserve4_stage2_policy_curve,COMPLETED,/home/hersco/training_new_domains/2026-08-28/preserve4_tpp_stage2_confirmation/20684880_Re-Tr_tpp_tpp_mcts_orig_novh_e.5_c.1_s1510771779_K0_P4S2A3_src20523056.txt
preserve4-tpp-off-1510771779-stage2-a3-policy-e0025,policy_eval,tpp,off,1510771779,stage2,ready,hadd-astar,"/home/hersco/bershco-nu-asnets/numeric-asnets/asnets/experiment-results/experiments_numeric.domain.tpp-experiments_numeric.architecture_2.tpp_mcts-2026-08-28T23:01:54.640591/P[domain,pfile1,pfile2,pfile4]-S[0.0003,50,enhsp-hadd-astar]-MO[]-T[518400]-04917256-17cc32a/snapshots/snapshot_25_1.0000",20684880,25,preserve4_stage2_policy_curve,COMPLETED,/home/hersco/training_new_domains/2026-08-28/preserve4_tpp_stage2_confirmation/20684880_Re-Tr_tpp_tpp_mcts_orig_novh_e.5_c.1_s1510771779_K0_P4S2A3_src20523056.txt
preserve4-tpp-off-1510771779-stage2-a3-policy-e0030,policy_eval,tpp,off,1510771779,stage2,ready,hadd-astar,"/home/hersco/bershco-nu-asnets/numeric-asnets/asnets/experiment-results/experiments_numeric.domain.tpp-experiments_numeric.architecture_2.tpp_mcts-2026-08-28T23:01:54.640591/P[domain,pfile1,pfile2,pfile4]-S[0.0003,50,enhsp-hadd-astar]-MO[]-T[518400]-04917256-17cc32a/snapshots/snapshot_30_1.0000",20684880,30,preserve4_stage2_policy_curve,COMPLETED,/home/hersco/training_new_domains/2026-08-28/preserve4_tpp_stage2_confirmation/20684880_Re-Tr_tpp_tpp_mcts_orig_novh_e.5_c.1_s1510771779_K0_P4S2A3_src20523056.txt
preserve4-tpp-off-1510771779-stage2-a3-policy-e0035,policy_eval,tpp,off,1510771779,stage2,ready,hadd-astar,"/home/hersco/bershco-nu-asnets/numeric-asnets/asnets/experiment-results/experiments_numeric.domain.tpp-experiments_numeric.architecture_2.tpp_mcts-2026-08-28T23:01:54.640591/P[domain,pfile1,pfile2,pfile4]-S[0.0003,50,enhsp-hadd-astar]-MO[]-T[518400]-04917256-17cc32a/snapshots/snapshot_35_1.0000",20684880,35,preserve4_stage2_policy_curve,COMPLETED,/home/hersco/training_new_domains/2026-08-28/preserve4_tpp_stage2_confirmation/20684880_Re-Tr_tpp_tpp_mcts_orig_novh_e.5_c.1_s1510771779_K0_P4S2A3_src20523056.txt
preserve4-tpp-off-1510771779-stage2-a3-policy-e0040,policy_eval,tpp,off,1510771779,stage2,ready,hadd-astar,"/home/hersco/bershco-nu-asnets/numeric-asnets/asnets/experiment-results/experiments_numeric.domain.tpp-experiments_numeric.architecture_2.tpp_mcts-2026-08-28T23:01:54.640591/P[domain,pfile1,pfile2,pfile4]-S[0.0003,50,enhsp-hadd-astar]-MO[]-T[518400]-04917256-17cc32a/snapshots/snapshot_40_1.0000",20684880,40,preserve4_stage2_policy_curve,COMPLETED,/home/hersco/training_new_domains/2026-08-28/preserve4_tpp_stage2_confirmation/20684880_Re-Tr_tpp_tpp_mcts_orig_novh_e.5_c.1_s1510771779_K0_P4S2A3_src20523056.txt
preserve4-tpp-off-1510771779-stage2-a3-policy-e0045,policy_eval,tpp,off,1510771779,stage2,ready,hadd-astar,"/home/hersco/bershco-nu-asnets/numeric-asnets/asnets/experiment-results/experiments_numeric.domain.tpp-experiments_numeric.architecture_2.tpp_mcts-2026-08-28T23:01:54.640591/P[domain,pfile1,pfile2,pfile4]-S[0.0003,50,enhsp-hadd-astar]-MO[]-T[518400]-04917256-17cc32a/snapshots/snapshot_45_1.0000",20684880,45,preserve4_stage2_policy_curve,COMPLETED,/home/hersco/training_new_domains/2026-08-28/preserve4_tpp_stage2_confirmation/20684880_Re-Tr_tpp_tpp_mcts_orig_novh_e.5_c.1_s1510771779_K0_P4S2A3_src20523056.txt
preserve4-tpp-off-1510771779-stage2-a3-policy-e0050,policy_eval,tpp,off,1510771779,stage2,ready,hadd-astar,"/home/hersco/bershco-nu-asnets/numeric-asnets/asnets/experiment-results/experiments_numeric.domain.tpp-experiments_numeric.architecture_2.tpp_mcts-2026-08-28T23:01:54.640591/P[domain,pfile1,pfile2,pfile4]-S[0.0003,50,enhsp-hadd-astar]-MO[]-T[518400]-04917256-17cc32a/snapshots/snapshot_50_1.0000",20684880,50,preserve4_stage2_policy_curve,COMPLETED,/home/hersco/training_new_domains/2026-08-28/preserve4_tpp_stage2_confirmation/20684880_Re-Tr_tpp_tpp_mcts_orig_novh_e.5_c.1_s1510771779_K0_P4S2A3_src20523056.txt
preserve4-tpp-off-1510771779-stage2-a3-policy-e0055,policy_eval,tpp,off,1510771779,stage2,ready,hadd-astar,"/home/hersco/bershco-nu-asnets/numeric-asnets/asnets/experiment-results/experiments_numeric.domain.tpp-experiments_numeric.architecture_2.tpp_mcts-2026-08-28T23:01:54.640591/P[domain,pfile1,pfile2,pfile4]-S[0.0003,50,enhsp-hadd-astar]-MO[]-T[518400]-04917256-17cc32a/snapshots/snapshot_55_1.0000",20684880,55,preserve4_stage2_policy_curve,COMPLETED,/home/hersco/training_new_domains/2026-08-28/preserve4_tpp_stage2_confirmation/20684880_Re-Tr_tpp_tpp_mcts_orig_novh_e.5_c.1_s1510771779_K0_P4S2A3_src20523056.txt
preserve4-tpp-off-1510771779-stage2-a3-policy-e0060,policy_eval,tpp,off,1510771779,stage2,ready,hadd-astar,"/home/hersco/bershco-nu-asnets/numeric-asnets/asnets/experiment-results/experiments_numeric.domain.tpp-experiments_numeric.architecture_2.tpp_mcts-2026-08-28T23:01:54.640591/P[domain,pfile1,pfile2,pfile4]-S[0.0003,50,enhsp-hadd-astar]-MO[]-T[518400]-04917256-17cc32a/snapshots/snapshot_60_1.0000",20684880,60,preserve4_stage2_policy_curve,COMPLETED,/home/hersco/training_new_domains/2026-08-28/preserve4_tpp_stage2_confirmation/20684880_Re-Tr_tpp_tpp_mcts_orig_novh_e.5_c.1_s1510771779_K0_P4S2A3_src20523056.txt
preserve4-tpp-off-1510771779-stage2-a3-policy-e0065,policy_eval,tpp,off,1510771779,stage2,ready,hadd-astar,"/home/hersco/bershco-nu-asnets/numeric-asnets/asnets/experiment-results/experiments_numeric.domain.tpp-experiments_numeric.architecture_2.tpp_mcts-2026-08-28T23:01:54.640591/P[domain,pfile1,pfile2,pfile4]-S[0.0003,50,enhsp-hadd-astar]-MO[]-T[518400]-04917256-17cc32a/snapshots/snapshot_65_1.0000",20684880,65,preserve4_stage2_policy_curve,COMPLETED,/home/hersco/training_new_domains/2026-08-28/preserve4_tpp_stage2_confirmation/20684880_Re-Tr_tpp_tpp_mcts_orig_novh_e.5_c.1_s1510771779_K0_P4S2A3_src20523056.txt
preserve4-tpp-off-1510771779-stage2-a3-policy-e0070,policy_eval,tpp,off,1510771779,stage2,ready,hadd-astar,"/home/hersco/bershco-nu-asnets/numeric-asnets/asnets/experiment-results/experiments_numeric.domain.tpp-experiments_numeric.architecture_2.tpp_mcts-2026-08-28T23:01:54.640591/P[domain,pfile1,pfile2,pfile4]-S[0.0003,50,enhsp-hadd-astar]-MO[]-T[518400]-04917256-17cc32a/snapshots/snapshot_70_1.0000",20684880,70,preserve4_stage2_policy_curve,COMPLETED,/home/hersco/training_new_domains/2026-08-28/preserve4_tpp_stage2_confirmation/20684880_Re-Tr_tpp_tpp_mcts_orig_novh_e.5_c.1_s1510771779_K0_P4S2A3_src20523056.txt
preserve4-tpp-off-1510771779-stage2-a3-policy-e0075,policy_eval,tpp,off,1510771779,stage2,ready,hadd-astar,"/home/hersco/bershco-nu-asnets/numeric-asnets/asnets/experiment-results/experiments_numeric.domain.tpp-experiments_numeric.architecture_2.tpp_mcts-2026-08-28T23:01:54.640591/P[domain,pfile1,pfile2,pfile4]-S[0.0003,50,enhsp-hadd-astar]-MO[]-T[518400]-04917256-17cc32a/snapshots/snapshot_75_1.0000",20684880,75,preserve4_stage2_policy_curve,COMPLETED,/home/hersco/training_new_domains/2026-08-28/preserve4_tpp_stage2_confirmation/20684880_Re-Tr_tpp_tpp_mcts_orig_novh_e.5_c.1_s1510771779_K0_P4S2A3_src20523056.txt
preserve4-tpp-off-1510771779-stage2-a3-policy-e0080,policy_eval,tpp,off,1510771779,stage2,ready,hadd-astar,"/home/hersco/bershco-nu-asnets/numeric-asnets/asnets/experiment-results/experiments_numeric.domain.tpp-experiments_numeric.architecture_2.tpp_mcts-2026-08-28T23:01:54.640591/P[domain,pfile1,pfile2,pfile4]-S[0.0003,50,enhsp-hadd-astar]-MO[]-T[518400]-04917256-17cc32a/snapshots/snapshot_80_1.0000",20684880,80,preserve4_stage2_policy_curve,COMPLETED,/home/hersco/training_new_domains/2026-08-28/preserve4_tpp_stage2_confirmation/20684880_Re-Tr_tpp_tpp_mcts_orig_novh_e.5_c.1_s1510771779_K0_P4S2A3_src20523056.txt
preserve4-tpp-off-1510771779-stage2-a3-policy-e0085,policy_eval,tpp,off,1510771779,stage2,ready,hadd-astar,"/home/hersco/bershco-nu-asnets/numeric-asnets/asnets/experiment-results/experiments_numeric.domain.tpp-experiments_numeric.architecture_2.tpp_mcts-2026-08-28T23:01:54.640591/P[domain,pfile1,pfile2,pfile4]-S[0.0003,50,enhsp-hadd-astar]-MO[]-T[518400]-04917256-17cc32a/snapshots/snapshot_85_1.0000",20684880,85,preserve4_stage2_policy_curve,COMPLETED,/home/hersco/training_new_domains/2026-08-28/preserve4_tpp_stage2_confirmation/20684880_Re-Tr_tpp_tpp_mcts_orig_novh_e.5_c.1_s1510771779_K0_P4S2A3_src20523056.txt
preserve4-tpp-off-1510771779-stage2-a3-policy-e0090,policy_eval,tpp,off,1510771779,stage2,ready,hadd-astar,"/home/hersco/bershco-nu-asnets/numeric-asnets/asnets/experiment-results/experiments_numeric.domain.tpp-experiments_numeric.architecture_2.tpp_mcts-2026-08-28T23:01:54.640591/P[domain,pfile1,pfile2,pfile4]-S[0.0003,50,enhsp-hadd-astar]-MO[]-T[518400]-04917256-17cc32a/snapshots/snapshot_90_1.0000",20684880,90,preserve4_stage2_policy_curve,COMPLETED,/home/hersco/training_new_domains/2026-08-28/preserve4_tpp_stage2_confirmation/20684880_Re-Tr_tpp_tpp_mcts_orig_novh_e.5_c.1_s1510771779_K0_P4S2A3_src20523056.txt
preserve4-tpp-off-1510771779-stage2-a3-policy-e0095,policy_eval,tpp,off,1510771779,stage2,ready,hadd-astar,"/home/hersco/bershco-nu-asnets/numeric-asnets/asnets/experiment-results/experiments_numeric.domain.tpp-experiments_numeric.architecture_2.tpp_mcts-2026-08-28T23:01:54.640591/P[domain,pfile1,pfile2,pfile4]-S[0.0003,50,enhsp-hadd-astar]-MO[]-T[518400]-04917256-17cc32a/snapshots/snapshot_95_1.0000",20684880,95,preserve4_stage2_policy_curve,COMPLETED,/home/hersco/training_new_domains/2026-08-28/preserve4_tpp_stage2_confirmation/20684880_Re-Tr_tpp_tpp_mcts_orig_novh_e.5_c.1_s1510771779_K0_P4S2A3_src20523056.txt
preserve4-tpp-off-1510771779-stage2-a3-policy-e0099,policy_eval,tpp,off,1510771779,stage2,ready,hadd-astar,"/home/hersco/bershco-nu-asnets/numeric-asnets/asnets/experiment-results/experiments_numeric.domain.tpp-experiments_numeric.architecture_2.tpp_mcts-2026-08-28T23:01:54.640591/P[domain,pfile1,pfile2,pfile4]-S[0.0003,50,enhsp-hadd-astar]-MO[]-T[518400]-04917256-17cc32a/snapshots/snapshot_99_1.0000",20684880,99,preserve4_stage2_policy_curve;stage2_final_policy,COMPLETED,/home/hersco/training_new_domains/2026-08-28/preserve4_tpp_stage2_confirmation/20684880_Re-Tr_tpp_tpp_mcts_orig_novh_e.5_c.1_s1510771779_K0_P4S2A3_src20523056.txt
preserve4-tpp-off-1972442430-stage2-a3-policy-e0000,policy_eval,tpp,off,1972442430,stage2,ready,hadd-astar,"/home/hersco/bershco-nu-asnets/numeric-asnets/asnets/experiment-results/experiments_numeric.domain.tpp-experiments_numeric.architecture_2.tpp_mcts-2026-08-28T23:08:53.541040/P[domain,pfile1,pfile2,pfile4]-S[0.0003,50,enhsp-hadd-astar]-MO[]-T[518400]-04917262-72aea46/snapshots/snapshot_0_1.0000",20684881,0,preserve4_stage2_policy_curve,COMPLETED,/home/hersco/training_new_domains/2026-08-28/preserve4_tpp_stage2_confirmation/20684881_Re-Tr_tpp_tpp_mcts_orig_novh_e.5_c.1_s1972442430_K0_P4S2A3_src20523062.txt
preserve4-tpp-off-1972442430-stage2-a3-policy-e0005,policy_eval,tpp,off,1972442430,stage2,ready,hadd-astar,"/home/hersco/bershco-nu-asnets/numeric-asnets/asnets/experiment-results/experiments_numeric.domain.tpp-experiments_numeric.architecture_2.tpp_mcts-2026-08-28T23:08:53.541040/P[domain,pfile1,pfile2,pfile4]-S[0.0003,50,enhsp-hadd-astar]-MO[]-T[518400]-04917262-72aea46/snapshots/snapshot_5_1.0000",20684881,5,preserve4_stage2_policy_curve,COMPLETED,/home/hersco/training_new_domains/2026-08-28/preserve4_tpp_stage2_confirmation/20684881_Re-Tr_tpp_tpp_mcts_orig_novh_e.5_c.1_s1972442430_K0_P4S2A3_src20523062.txt
preserve4-tpp-off-1972442430-stage2-a3-policy-e0010,policy_eval,tpp,off,1972442430,stage2,ready,hadd-astar,"/home/hersco/bershco-nu-asnets/numeric-asnets/asnets/experiment-results/experiments_numeric.domain.tpp-experiments_numeric.architecture_2.tpp_mcts-2026-08-28T23:08:53.541040/P[domain,pfile1,pfile2,pfile4]-S[0.0003,50,enhsp-hadd-astar]-MO[]-T[518400]-04917262-72aea46/snapshots/snapshot_10_1.0000",20684881,10,preserve4_stage2_policy_curve,COMPLETED,/home/hersco/training_new_domains/2026-08-28/preserve4_tpp_stage2_confirmation/20684881_Re-Tr_tpp_tpp_mcts_orig_novh_e.5_c.1_s1972442430_K0_P4S2A3_src20523062.txt
preserve4-tpp-off-1972442430-stage2-a3-policy-e0012,policy_eval,tpp,off,1972442430,stage2,ready,hadd-astar,"/home/hersco/bershco-nu-asnets/numeric-asnets/asnets/experiment-results/experiments_numeric.domain.tpp-experiments_numeric.architecture_2.tpp_mcts-2026-08-28T23:08:53.541040/P[domain,pfile1,pfile2,pfile4]-S[0.0003,50,enhsp-hadd-astar]-MO[]-T[518400]-04917262-72aea46/snapshots/snapshot_12_1.0000",20684881,12,preserve4_stage2_policy_curve;stage2_validation_selected_policy,COMPLETED,/home/hersco/training_new_domains/2026-08-28/preserve4_tpp_stage2_confirmation/20684881_Re-Tr_tpp_tpp_mcts_orig_novh_e.5_c.1_s1972442430_K0_P4S2A3_src20523062.txt
preserve4-tpp-off-1972442430-stage2-a3-policy-e0015,policy_eval,tpp,off,1972442430,stage2,ready,hadd-astar,"/home/hersco/bershco-nu-asnets/numeric-asnets/asnets/experiment-results/experiments_numeric.domain.tpp-experiments_numeric.architecture_2.tpp_mcts-2026-08-28T23:08:53.541040/P[domain,pfile1,pfile2,pfile4]-S[0.0003,50,enhsp-hadd-astar]-MO[]-T[518400]-04917262-72aea46/snapshots/snapshot_15_1.0000",20684881,15,preserve4_stage2_policy_curve,COMPLETED,/home/hersco/training_new_domains/2026-08-28/preserve4_tpp_stage2_confirmation/20684881_Re-Tr_tpp_tpp_mcts_orig_novh_e.5_c.1_s1972442430_K0_P4S2A3_src20523062.txt
preserve4-tpp-off-1972442430-stage2-a3-policy-e0020,policy_eval,tpp,off,1972442430,stage2,ready,hadd-astar,"/home/hersco/bershco-nu-asnets/numeric-asnets/asnets/experiment-results/experiments_numeric.domain.tpp-experiments_numeric.architecture_2.tpp_mcts-2026-08-28T23:08:53.541040/P[domain,pfile1,pfile2,pfile4]-S[0.0003,50,enhsp-hadd-astar]-MO[]-T[518400]-04917262-72aea46/snapshots/snapshot_20_1.0000",20684881,20,preserve4_stage2_policy_curve,COMPLETED,/home/hersco/training_new_domains/2026-08-28/preserve4_tpp_stage2_confirmation/20684881_Re-Tr_tpp_tpp_mcts_orig_novh_e.5_c.1_s1972442430_K0_P4S2A3_src20523062.txt
preserve4-tpp-off-1972442430-stage2-a3-policy-e0025,policy_eval,tpp,off,1972442430,stage2,ready,hadd-astar,"/home/hersco/bershco-nu-asnets/numeric-asnets/asnets/experiment-results/experiments_numeric.domain.tpp-experiments_numeric.architecture_2.tpp_mcts-2026-08-28T23:08:53.541040/P[domain,pfile1,pfile2,pfile4]-S[0.0003,50,enhsp-hadd-astar]-MO[]-T[518400]-04917262-72aea46/snapshots/snapshot_25_1.0000",20684881,25,preserve4_stage2_policy_curve,COMPLETED,/home/hersco/training_new_domains/2026-08-28/preserve4_tpp_stage2_confirmation/20684881_Re-Tr_tpp_tpp_mcts_orig_novh_e.5_c.1_s1972442430_K0_P4S2A3_src20523062.txt
preserve4-tpp-off-1972442430-stage2-a3-policy-e0030,policy_eval,tpp,off,1972442430,stage2,ready,hadd-astar,"/home/hersco/bershco-nu-asnets/numeric-asnets/asnets/experiment-results/experiments_numeric.domain.tpp-experiments_numeric.architecture_2.tpp_mcts-2026-08-28T23:08:53.541040/P[domain,pfile1,pfile2,pfile4]-S[0.0003,50,enhsp-hadd-astar]-MO[]-T[518400]-04917262-72aea46/snapshots/snapshot_30_0.7500",20684881,30,preserve4_stage2_policy_curve,COMPLETED,/home/hersco/training_new_domains/2026-08-28/preserve4_tpp_stage2_confirmation/20684881_Re-Tr_tpp_tpp_mcts_orig_novh_e.5_c.1_s1972442430_K0_P4S2A3_src20523062.txt
preserve4-tpp-off-1972442430-stage2-a3-policy-e0035,policy_eval,tpp,off,1972442430,stage2,ready,hadd-astar,"/home/hersco/bershco-nu-asnets/numeric-asnets/asnets/experiment-results/experiments_numeric.domain.tpp-experiments_numeric.architecture_2.tpp_mcts-2026-08-28T23:08:53.541040/P[domain,pfile1,pfile2,pfile4]-S[0.0003,50,enhsp-hadd-astar]-MO[]-T[518400]-04917262-72aea46/snapshots/snapshot_35_1.0000",20684881,35,preserve4_stage2_policy_curve,COMPLETED,/home/hersco/training_new_domains/2026-08-28/preserve4_tpp_stage2_confirmation/20684881_Re-Tr_tpp_tpp_mcts_orig_novh_e.5_c.1_s1972442430_K0_P4S2A3_src20523062.txt
preserve4-tpp-off-1972442430-stage2-a3-policy-e0040,policy_eval,tpp,off,1972442430,stage2,ready,hadd-astar,"/home/hersco/bershco-nu-asnets/numeric-asnets/asnets/experiment-results/experiments_numeric.domain.tpp-experiments_numeric.architecture_2.tpp_mcts-2026-08-28T23:08:53.541040/P[domain,pfile1,pfile2,pfile4]-S[0.0003,50,enhsp-hadd-astar]-MO[]-T[518400]-04917262-72aea46/snapshots/snapshot_40_1.0000",20684881,40,preserve4_stage2_policy_curve,COMPLETED,/home/hersco/training_new_domains/2026-08-28/preserve4_tpp_stage2_confirmation/20684881_Re-Tr_tpp_tpp_mcts_orig_novh_e.5_c.1_s1972442430_K0_P4S2A3_src20523062.txt
preserve4-tpp-off-1972442430-stage2-a3-policy-e0045,policy_eval,tpp,off,1972442430,stage2,ready,hadd-astar,"/home/hersco/bershco-nu-asnets/numeric-asnets/asnets/experiment-results/experiments_numeric.domain.tpp-experiments_numeric.architecture_2.tpp_mcts-2026-08-28T23:08:53.541040/P[domain,pfile1,pfile2,pfile4]-S[0.0003,50,enhsp-hadd-astar]-MO[]-T[518400]-04917262-72aea46/snapshots/snapshot_45_1.0000",20684881,45,preserve4_stage2_policy_curve,COMPLETED,/home/hersco/training_new_domains/2026-08-28/preserve4_tpp_stage2_confirmation/20684881_Re-Tr_tpp_tpp_mcts_orig_novh_e.5_c.1_s1972442430_K0_P4S2A3_src20523062.txt
preserve4-tpp-off-1972442430-stage2-a3-policy-e0050,policy_eval,tpp,off,1972442430,stage2,ready,hadd-astar,"/home/hersco/bershco-nu-asnets/numeric-asnets/asnets/experiment-results/experiments_numeric.domain.tpp-experiments_numeric.architecture_2.tpp_mcts-2026-08-28T23:08:53.541040/P[domain,pfile1,pfile2,pfile4]-S[0.0003,50,enhsp-hadd-astar]-MO[]-T[518400]-04917262-72aea46/snapshots/snapshot_50_0.7500",20684881,50,preserve4_stage2_policy_curve,COMPLETED,/home/hersco/training_new_domains/2026-08-28/preserve4_tpp_stage2_confirmation/20684881_Re-Tr_tpp_tpp_mcts_orig_novh_e.5_c.1_s1972442430_K0_P4S2A3_src20523062.txt
preserve4-tpp-off-1972442430-stage2-a3-policy-e0055,policy_eval,tpp,off,1972442430,stage2,ready,hadd-astar,"/home/hersco/bershco-nu-asnets/numeric-asnets/asnets/experiment-results/experiments_numeric.domain.tpp-experiments_numeric.architecture_2.tpp_mcts-2026-08-28T23:08:53.541040/P[domain,pfile1,pfile2,pfile4]-S[0.0003,50,enhsp-hadd-astar]-MO[]-T[518400]-04917262-72aea46/snapshots/snapshot_55_0.7500",20684881,55,preserve4_stage2_policy_curve,COMPLETED,/home/hersco/training_new_domains/2026-08-28/preserve4_tpp_stage2_confirmation/20684881_Re-Tr_tpp_tpp_mcts_orig_novh_e.5_c.1_s1972442430_K0_P4S2A3_src20523062.txt
preserve4-tpp-off-1972442430-stage2-a3-policy-e0060,policy_eval,tpp,off,1972442430,stage2,ready,hadd-astar,"/home/hersco/bershco-nu-asnets/numeric-asnets/asnets/experiment-results/experiments_numeric.domain.tpp-experiments_numeric.architecture_2.tpp_mcts-2026-08-28T23:08:53.541040/P[domain,pfile1,pfile2,pfile4]-S[0.0003,50,enhsp-hadd-astar]-MO[]-T[518400]-04917262-72aea46/snapshots/snapshot_60_1.0000",20684881,60,preserve4_stage2_policy_curve,COMPLETED,/home/hersco/training_new_domains/2026-08-28/preserve4_tpp_stage2_confirmation/20684881_Re-Tr_tpp_tpp_mcts_orig_novh_e.5_c.1_s1972442430_K0_P4S2A3_src20523062.txt
preserve4-tpp-off-1972442430-stage2-a3-policy-e0065,policy_eval,tpp,off,1972442430,stage2,ready,hadd-astar,"/home/hersco/bershco-nu-asnets/numeric-asnets/asnets/experiment-results/experiments_numeric.domain.tpp-experiments_numeric.architecture_2.tpp_mcts-2026-08-28T23:08:53.541040/P[domain,pfile1,pfile2,pfile4]-S[0.0003,50,enhsp-hadd-astar]-MO[]-T[518400]-04917262-72aea46/snapshots/snapshot_65_1.0000",20684881,65,preserve4_stage2_policy_curve,COMPLETED,/home/hersco/training_new_domains/2026-08-28/preserve4_tpp_stage2_confirmation/20684881_Re-Tr_tpp_tpp_mcts_orig_novh_e.5_c.1_s1972442430_K0_P4S2A3_src20523062.txt
preserve4-tpp-off-1972442430-stage2-a3-policy-e0070,policy_eval,tpp,off,1972442430,stage2,ready,hadd-astar,"/home/hersco/bershco-nu-asnets/numeric-asnets/asnets/experiment-results/experiments_numeric.domain.tpp-experiments_numeric.architecture_2.tpp_mcts-2026-08-28T23:08:53.541040/P[domain,pfile1,pfile2,pfile4]-S[0.0003,50,enhsp-hadd-astar]-MO[]-T[518400]-04917262-72aea46/snapshots/snapshot_70_1.0000",20684881,70,preserve4_stage2_policy_curve,COMPLETED,/home/hersco/training_new_domains/2026-08-28/preserve4_tpp_stage2_confirmation/20684881_Re-Tr_tpp_tpp_mcts_orig_novh_e.5_c.1_s1972442430_K0_P4S2A3_src20523062.txt
preserve4-tpp-off-1972442430-stage2-a3-policy-e0075,policy_eval,tpp,off,1972442430,stage2,ready,hadd-astar,"/home/hersco/bershco-nu-asnets/numeric-asnets/asnets/experiment-results/experiments_numeric.domain.tpp-experiments_numeric.architecture_2.tpp_mcts-2026-08-28T23:08:53.541040/P[domain,pfile1,pfile2,pfile4]-S[0.0003,50,enhsp-hadd-astar]-MO[]-T[518400]-04917262-72aea46/snapshots/snapshot_75_0.7500",20684881,75,preserve4_stage2_policy_curve,COMPLETED,/home/hersco/training_new_domains/2026-08-28/preserve4_tpp_stage2_confirmation/20684881_Re-Tr_tpp_tpp_mcts_orig_novh_e.5_c.1_s1972442430_K0_P4S2A3_src20523062.txt
preserve4-tpp-off-1972442430-stage2-a3-policy-e0080,policy_eval,tpp,off,1972442430,stage2,ready,hadd-astar,"/home/hersco/bershco-nu-asnets/numeric-asnets/asnets/experiment-results/experiments_numeric.domain.tpp-experiments_numeric.architecture_2.tpp_mcts-2026-08-28T23:08:53.541040/P[domain,pfile1,pfile2,pfile4]-S[0.0003,50,enhsp-hadd-astar]-MO[]-T[518400]-04917262-72aea46/snapshots/snapshot_80_1.0000",20684881,80,preserve4_stage2_policy_curve,COMPLETED,/home/hersco/training_new_domains/2026-08-28/preserve4_tpp_stage2_confirmation/20684881_Re-Tr_tpp_tpp_mcts_orig_novh_e.5_c.1_s1972442430_K0_P4S2A3_src20523062.txt
preserve4-tpp-off-1972442430-stage2-a3-policy-e0085,policy_eval,tpp,off,1972442430,stage2,ready,hadd-astar,"/home/hersco/bershco-nu-asnets/numeric-asnets/asnets/experiment-results/experiments_numeric.domain.tpp-experiments_numeric.architecture_2.tpp_mcts-2026-08-28T23:08:53.541040/P[domain,pfile1,pfile2,pfile4]-S[0.0003,50,enhsp-hadd-astar]-MO[]-T[518400]-04917262-72aea46/snapshots/snapshot_85_0.7500",20684881,85,preserve4_stage2_policy_curve,COMPLETED,/home/hersco/training_new_domains/2026-08-28/preserve4_tpp_stage2_confirmation/20684881_Re-Tr_tpp_tpp_mcts_orig_novh_e.5_c.1_s1972442430_K0_P4S2A3_src20523062.txt
preserve4-tpp-off-1972442430-stage2-a3-policy-e0090,policy_eval,tpp,off,1972442430,stage2,ready,hadd-astar,"/home/hersco/bershco-nu-asnets/numeric-asnets/asnets/experiment-results/experiments_numeric.domain.tpp-experiments_numeric.architecture_2.tpp_mcts-2026-08-28T23:08:53.541040/P[domain,pfile1,pfile2,pfile4]-S[0.0003,50,enhsp-hadd-astar]-MO[]-T[518400]-04917262-72aea46/snapshots/snapshot_90_0.7500",20684881,90,preserve4_stage2_policy_curve,COMPLETED,/home/hersco/training_new_domains/2026-08-28/preserve4_tpp_stage2_confirmation/20684881_Re-Tr_tpp_tpp_mcts_orig_novh_e.5_c.1_s1972442430_K0_P4S2A3_src20523062.txt
preserve4-tpp-off-1972442430-stage2-a3-policy-e0095,policy_eval,tpp,off,1972442430,stage2,ready,hadd-astar,"/home/hersco/bershco-nu-asnets/numeric-asnets/asnets/experiment-results/experiments_numeric.domain.tpp-experiments_numeric.architecture_2.tpp_mcts-2026-08-28T23:08:53.541040/P[domain,pfile1,pfile2,pfile4]-S[0.0003,50,enhsp-hadd-astar]-MO[]-T[518400]-04917262-72aea46/snapshots/snapshot_95_1.0000",20684881,95,preserve4_stage2_policy_curve,COMPLETED,/home/hersco/training_new_domains/2026-08-28/preserve4_tpp_stage2_confirmation/20684881_Re-Tr_tpp_tpp_mcts_orig_novh_e.5_c.1_s1972442430_K0_P4S2A3_src20523062.txt
preserve4-tpp-off-1972442430-stage2-a3-policy-e0099,policy_eval,tpp,off,1972442430,stage2,ready,hadd-astar,"/home/hersco/bershco-nu-asnets/numeric-asnets/asnets/experiment-results/experiments_numeric.domain.tpp-experiments_numeric.architecture_2.tpp_mcts-2026-08-28T23:08:53.541040/P[domain,pfile1,pfile2,pfile4]-S[0.0003,50,enhsp-hadd-astar]-MO[]-T[518400]-04917262-72aea46/snapshots/snapshot_99_1.0000",20684881,99,preserve4_stage2_policy_curve;stage2_final_policy,COMPLETED,/home/hersco/training_new_domains/2026-08-28/preserve4_tpp_stage2_confirmation/20684881_Re-Tr_tpp_tpp_mcts_orig_novh_e.5_c.1_s1972442430_K0_P4S2A3_src20523062.txt
preserve4-tpp-off-2082152039-stage2-a3-policy-e0000,policy_eval,tpp,off,2082152039,stage2,ready,hadd-astar,"/home/hersco/bershco-nu-asnets/numeric-asnets/asnets/experiment-results/experiments_numeric.domain.tpp-experiments_numeric.architecture_2.tpp_mcts-2026-08-28T23:11:52.154252/P[domain,pfile1,pfile2,pfile4]-S[0.0003,50,enhsp-hadd-astar]-MO[]-T[518400]-04917266-faf7d6/snapshots/snapshot_0_1.0000",20684882,0,preserve4_stage2_policy_curve;stage2_validation_selected_policy,COMPLETED,/home/hersco/training_new_domains/2026-08-28/preserve4_tpp_stage2_confirmation/20684882_Re-Tr_tpp_tpp_mcts_orig_novh_e.5_c.1_s2082152039_K0_P4S2A3_src20523053.txt
preserve4-tpp-off-2082152039-stage2-a3-policy-e0005,policy_eval,tpp,off,2082152039,stage2,ready,hadd-astar,"/home/hersco/bershco-nu-asnets/numeric-asnets/asnets/experiment-results/experiments_numeric.domain.tpp-experiments_numeric.architecture_2.tpp_mcts-2026-08-28T23:11:52.154252/P[domain,pfile1,pfile2,pfile4]-S[0.0003,50,enhsp-hadd-astar]-MO[]-T[518400]-04917266-faf7d6/snapshots/snapshot_5_1.0000",20684882,5,preserve4_stage2_policy_curve,COMPLETED,/home/hersco/training_new_domains/2026-08-28/preserve4_tpp_stage2_confirmation/20684882_Re-Tr_tpp_tpp_mcts_orig_novh_e.5_c.1_s2082152039_K0_P4S2A3_src20523053.txt
preserve4-tpp-off-2082152039-stage2-a3-policy-e0010,policy_eval,tpp,off,2082152039,stage2,ready,hadd-astar,"/home/hersco/bershco-nu-asnets/numeric-asnets/asnets/experiment-results/experiments_numeric.domain.tpp-experiments_numeric.architecture_2.tpp_mcts-2026-08-28T23:11:52.154252/P[domain,pfile1,pfile2,pfile4]-S[0.0003,50,enhsp-hadd-astar]-MO[]-T[518400]-04917266-faf7d6/snapshots/snapshot_10_1.0000",20684882,10,preserve4_stage2_policy_curve,COMPLETED,/home/hersco/training_new_domains/2026-08-28/preserve4_tpp_stage2_confirmation/20684882_Re-Tr_tpp_tpp_mcts_orig_novh_e.5_c.1_s2082152039_K0_P4S2A3_src20523053.txt
preserve4-tpp-off-2082152039-stage2-a3-policy-e0015,policy_eval,tpp,off,2082152039,stage2,ready,hadd-astar,"/home/hersco/bershco-nu-asnets/numeric-asnets/asnets/experiment-results/experiments_numeric.domain.tpp-experiments_numeric.architecture_2.tpp_mcts-2026-08-28T23:11:52.154252/P[domain,pfile1,pfile2,pfile4]-S[0.0003,50,enhsp-hadd-astar]-MO[]-T[518400]-04917266-faf7d6/snapshots/snapshot_15_1.0000",20684882,15,preserve4_stage2_policy_curve,COMPLETED,/home/hersco/training_new_domains/2026-08-28/preserve4_tpp_stage2_confirmation/20684882_Re-Tr_tpp_tpp_mcts_orig_novh_e.5_c.1_s2082152039_K0_P4S2A3_src20523053.txt
preserve4-tpp-off-2082152039-stage2-a3-policy-e0020,policy_eval,tpp,off,2082152039,stage2,ready,hadd-astar,"/home/hersco/bershco-nu-asnets/numeric-asnets/asnets/experiment-results/experiments_numeric.domain.tpp-experiments_numeric.architecture_2.tpp_mcts-2026-08-28T23:11:52.154252/P[domain,pfile1,pfile2,pfile4]-S[0.0003,50,enhsp-hadd-astar]-MO[]-T[518400]-04917266-faf7d6/snapshots/snapshot_20_1.0000",20684882,20,preserve4_stage2_policy_curve,COMPLETED,/home/hersco/training_new_domains/2026-08-28/preserve4_tpp_stage2_confirmation/20684882_Re-Tr_tpp_tpp_mcts_orig_novh_e.5_c.1_s2082152039_K0_P4S2A3_src20523053.txt
preserve4-tpp-off-2082152039-stage2-a3-policy-e0025,policy_eval,tpp,off,2082152039,stage2,ready,hadd-astar,"/home/hersco/bershco-nu-asnets/numeric-asnets/asnets/experiment-results/experiments_numeric.domain.tpp-experiments_numeric.architecture_2.tpp_mcts-2026-08-28T23:11:52.154252/P[domain,pfile1,pfile2,pfile4]-S[0.0003,50,enhsp-hadd-astar]-MO[]-T[518400]-04917266-faf7d6/snapshots/snapshot_25_1.0000",20684882,25,preserve4_stage2_policy_curve,COMPLETED,/home/hersco/training_new_domains/2026-08-28/preserve4_tpp_stage2_confirmation/20684882_Re-Tr_tpp_tpp_mcts_orig_novh_e.5_c.1_s2082152039_K0_P4S2A3_src20523053.txt
preserve4-tpp-off-2082152039-stage2-a3-policy-e0030,policy_eval,tpp,off,2082152039,stage2,ready,hadd-astar,"/home/hersco/bershco-nu-asnets/numeric-asnets/asnets/experiment-results/experiments_numeric.domain.tpp-experiments_numeric.architecture_2.tpp_mcts-2026-08-28T23:11:52.154252/P[domain,pfile1,pfile2,pfile4]-S[0.0003,50,enhsp-hadd-astar]-MO[]-T[518400]-04917266-faf7d6/snapshots/snapshot_30_1.0000",20684882,30,preserve4_stage2_policy_curve,COMPLETED,/home/hersco/training_new_domains/2026-08-28/preserve4_tpp_stage2_confirmation/20684882_Re-Tr_tpp_tpp_mcts_orig_novh_e.5_c.1_s2082152039_K0_P4S2A3_src20523053.txt
preserve4-tpp-off-2082152039-stage2-a3-policy-e0035,policy_eval,tpp,off,2082152039,stage2,ready,hadd-astar,"/home/hersco/bershco-nu-asnets/numeric-asnets/asnets/experiment-results/experiments_numeric.domain.tpp-experiments_numeric.architecture_2.tpp_mcts-2026-08-28T23:11:52.154252/P[domain,pfile1,pfile2,pfile4]-S[0.0003,50,enhsp-hadd-astar]-MO[]-T[518400]-04917266-faf7d6/snapshots/snapshot_35_1.0000",20684882,35,preserve4_stage2_policy_curve,COMPLETED,/home/hersco/training_new_domains/2026-08-28/preserve4_tpp_stage2_confirmation/20684882_Re-Tr_tpp_tpp_mcts_orig_novh_e.5_c.1_s2082152039_K0_P4S2A3_src20523053.txt
preserve4-tpp-off-2082152039-stage2-a3-policy-e0040,policy_eval,tpp,off,2082152039,stage2,ready,hadd-astar,"/home/hersco/bershco-nu-asnets/numeric-asnets/asnets/experiment-results/experiments_numeric.domain.tpp-experiments_numeric.architecture_2.tpp_mcts-2026-08-28T23:11:52.154252/P[domain,pfile1,pfile2,pfile4]-S[0.0003,50,enhsp-hadd-astar]-MO[]-T[518400]-04917266-faf7d6/snapshots/snapshot_40_1.0000",20684882,40,preserve4_stage2_policy_curve,COMPLETED,/home/hersco/training_new_domains/2026-08-28/preserve4_tpp_stage2_confirmation/20684882_Re-Tr_tpp_tpp_mcts_orig_novh_e.5_c.1_s2082152039_K0_P4S2A3_src20523053.txt
preserve4-tpp-off-2082152039-stage2-a3-policy-e0045,policy_eval,tpp,off,2082152039,stage2,ready,hadd-astar,"/home/hersco/bershco-nu-asnets/numeric-asnets/asnets/experiment-results/experiments_numeric.domain.tpp-experiments_numeric.architecture_2.tpp_mcts-2026-08-28T23:11:52.154252/P[domain,pfile1,pfile2,pfile4]-S[0.0003,50,enhsp-hadd-astar]-MO[]-T[518400]-04917266-faf7d6/snapshots/snapshot_45_1.0000",20684882,45,preserve4_stage2_policy_curve,COMPLETED,/home/hersco/training_new_domains/2026-08-28/preserve4_tpp_stage2_confirmation/20684882_Re-Tr_tpp_tpp_mcts_orig_novh_e.5_c.1_s2082152039_K0_P4S2A3_src20523053.txt
preserve4-tpp-off-2082152039-stage2-a3-policy-e0050,policy_eval,tpp,off,2082152039,stage2,ready,hadd-astar,"/home/hersco/bershco-nu-asnets/numeric-asnets/asnets/experiment-results/experiments_numeric.domain.tpp-experiments_numeric.architecture_2.tpp_mcts-2026-08-28T23:11:52.154252/P[domain,pfile1,pfile2,pfile4]-S[0.0003,50,enhsp-hadd-astar]-MO[]-T[518400]-04917266-faf7d6/snapshots/snapshot_50_1.0000",20684882,50,preserve4_stage2_policy_curve,COMPLETED,/home/hersco/training_new_domains/2026-08-28/preserve4_tpp_stage2_confirmation/20684882_Re-Tr_tpp_tpp_mcts_orig_novh_e.5_c.1_s2082152039_K0_P4S2A3_src20523053.txt
preserve4-tpp-off-2082152039-stage2-a3-policy-e0055,policy_eval,tpp,off,2082152039,stage2,ready,hadd-astar,"/home/hersco/bershco-nu-asnets/numeric-asnets/asnets/experiment-results/experiments_numeric.domain.tpp-experiments_numeric.architecture_2.tpp_mcts-2026-08-28T23:11:52.154252/P[domain,pfile1,pfile2,pfile4]-S[0.0003,50,enhsp-hadd-astar]-MO[]-T[518400]-04917266-faf7d6/snapshots/snapshot_55_1.0000",20684882,55,preserve4_stage2_policy_curve,COMPLETED,/home/hersco/training_new_domains/2026-08-28/preserve4_tpp_stage2_confirmation/20684882_Re-Tr_tpp_tpp_mcts_orig_novh_e.5_c.1_s2082152039_K0_P4S2A3_src20523053.txt
preserve4-tpp-off-2082152039-stage2-a3-policy-e0060,policy_eval,tpp,off,2082152039,stage2,ready,hadd-astar,"/home/hersco/bershco-nu-asnets/numeric-asnets/asnets/experiment-results/experiments_numeric.domain.tpp-experiments_numeric.architecture_2.tpp_mcts-2026-08-28T23:11:52.154252/P[domain,pfile1,pfile2,pfile4]-S[0.0003,50,enhsp-hadd-astar]-MO[]-T[518400]-04917266-faf7d6/snapshots/snapshot_60_1.0000",20684882,60,preserve4_stage2_policy_curve,COMPLETED,/home/hersco/training_new_domains/2026-08-28/preserve4_tpp_stage2_confirmation/20684882_Re-Tr_tpp_tpp_mcts_orig_novh_e.5_c.1_s2082152039_K0_P4S2A3_src20523053.txt
preserve4-tpp-off-2082152039-stage2-a3-policy-e0065,policy_eval,tpp,off,2082152039,stage2,ready,hadd-astar,"/home/hersco/bershco-nu-asnets/numeric-asnets/asnets/experiment-results/experiments_numeric.domain.tpp-experiments_numeric.architecture_2.tpp_mcts-2026-08-28T23:11:52.154252/P[domain,pfile1,pfile2,pfile4]-S[0.0003,50,enhsp-hadd-astar]-MO[]-T[518400]-04917266-faf7d6/snapshots/snapshot_65_1.0000",20684882,65,preserve4_stage2_policy_curve,COMPLETED,/home/hersco/training_new_domains/2026-08-28/preserve4_tpp_stage2_confirmation/20684882_Re-Tr_tpp_tpp_mcts_orig_novh_e.5_c.1_s2082152039_K0_P4S2A3_src20523053.txt
preserve4-tpp-off-2082152039-stage2-a3-policy-e0070,policy_eval,tpp,off,2082152039,stage2,ready,hadd-astar,"/home/hersco/bershco-nu-asnets/numeric-asnets/asnets/experiment-results/experiments_numeric.domain.tpp-experiments_numeric.architecture_2.tpp_mcts-2026-08-28T23:11:52.154252/P[domain,pfile1,pfile2,pfile4]-S[0.0003,50,enhsp-hadd-astar]-MO[]-T[518400]-04917266-faf7d6/snapshots/snapshot_70_1.0000",20684882,70,preserve4_stage2_policy_curve,COMPLETED,/home/hersco/training_new_domains/2026-08-28/preserve4_tpp_stage2_confirmation/20684882_Re-Tr_tpp_tpp_mcts_orig_novh_e.5_c.1_s2082152039_K0_P4S2A3_src20523053.txt
preserve4-tpp-off-2082152039-stage2-a3-policy-e0075,policy_eval,tpp,off,2082152039,stage2,ready,hadd-astar,"/home/hersco/bershco-nu-asnets/numeric-asnets/asnets/experiment-results/experiments_numeric.domain.tpp-experiments_numeric.architecture_2.tpp_mcts-2026-08-28T23:11:52.154252/P[domain,pfile1,pfile2,pfile4]-S[0.0003,50,enhsp-hadd-astar]-MO[]-T[518400]-04917266-faf7d6/snapshots/snapshot_75_1.0000",20684882,75,preserve4_stage2_policy_curve,COMPLETED,/home/hersco/training_new_domains/2026-08-28/preserve4_tpp_stage2_confirmation/20684882_Re-Tr_tpp_tpp_mcts_orig_novh_e.5_c.1_s2082152039_K0_P4S2A3_src20523053.txt
preserve4-tpp-off-2082152039-stage2-a3-policy-e0080,policy_eval,tpp,off,2082152039,stage2,ready,hadd-astar,"/home/hersco/bershco-nu-asnets/numeric-asnets/asnets/experiment-results/experiments_numeric.domain.tpp-experiments_numeric.architecture_2.tpp_mcts-2026-08-28T23:11:52.154252/P[domain,pfile1,pfile2,pfile4]-S[0.0003,50,enhsp-hadd-astar]-MO[]-T[518400]-04917266-faf7d6/snapshots/snapshot_80_1.0000",20684882,80,preserve4_stage2_policy_curve,COMPLETED,/home/hersco/training_new_domains/2026-08-28/preserve4_tpp_stage2_confirmation/20684882_Re-Tr_tpp_tpp_mcts_orig_novh_e.5_c.1_s2082152039_K0_P4S2A3_src20523053.txt
preserve4-tpp-off-2082152039-stage2-a3-policy-e0085,policy_eval,tpp,off,2082152039,stage2,ready,hadd-astar,"/home/hersco/bershco-nu-asnets/numeric-asnets/asnets/experiment-results/experiments_numeric.domain.tpp-experiments_numeric.architecture_2.tpp_mcts-2026-08-28T23:11:52.154252/P[domain,pfile1,pfile2,pfile4]-S[0.0003,50,enhsp-hadd-astar]-MO[]-T[518400]-04917266-faf7d6/snapshots/snapshot_85_1.0000",20684882,85,preserve4_stage2_policy_curve,COMPLETED,/home/hersco/training_new_domains/2026-08-28/preserve4_tpp_stage2_confirmation/20684882_Re-Tr_tpp_tpp_mcts_orig_novh_e.5_c.1_s2082152039_K0_P4S2A3_src20523053.txt
preserve4-tpp-off-2082152039-stage2-a3-policy-e0090,policy_eval,tpp,off,2082152039,stage2,ready,hadd-astar,"/home/hersco/bershco-nu-asnets/numeric-asnets/asnets/experiment-results/experiments_numeric.domain.tpp-experiments_numeric.architecture_2.tpp_mcts-2026-08-28T23:11:52.154252/P[domain,pfile1,pfile2,pfile4]-S[0.0003,50,enhsp-hadd-astar]-MO[]-T[518400]-04917266-faf7d6/snapshots/snapshot_90_1.0000",20684882,90,preserve4_stage2_policy_curve,COMPLETED,/home/hersco/training_new_domains/2026-08-28/preserve4_tpp_stage2_confirmation/20684882_Re-Tr_tpp_tpp_mcts_orig_novh_e.5_c.1_s2082152039_K0_P4S2A3_src20523053.txt
preserve4-tpp-off-2082152039-stage2-a3-policy-e0095,policy_eval,tpp,off,2082152039,stage2,ready,hadd-astar,"/home/hersco/bershco-nu-asnets/numeric-asnets/asnets/experiment-results/experiments_numeric.domain.tpp-experiments_numeric.architecture_2.tpp_mcts-2026-08-28T23:11:52.154252/P[domain,pfile1,pfile2,pfile4]-S[0.0003,50,enhsp-hadd-astar]-MO[]-T[518400]-04917266-faf7d6/snapshots/snapshot_95_1.0000",20684882,95,preserve4_stage2_policy_curve,COMPLETED,/home/hersco/training_new_domains/2026-08-28/preserve4_tpp_stage2_confirmation/20684882_Re-Tr_tpp_tpp_mcts_orig_novh_e.5_c.1_s2082152039_K0_P4S2A3_src20523053.txt
preserve4-tpp-off-2082152039-stage2-a3-policy-e0099,policy_eval,tpp,off,2082152039,stage2,ready,hadd-astar,"/home/hersco/bershco-nu-asnets/numeric-asnets/asnets/experiment-results/experiments_numeric.domain.tpp-experiments_numeric.architecture_2.tpp_mcts-2026-08-28T23:11:52.154252/P[domain,pfile1,pfile2,pfile4]-S[0.0003,50,enhsp-hadd-astar]-MO[]-T[518400]-04917266-faf7d6/snapshots/snapshot_99_1.0000",20684882,99,preserve4_stage2_policy_curve;stage2_final_policy,COMPLETED,/home/hersco/training_new_domains/2026-08-28/preserve4_tpp_stage2_confirmation/20684882_Re-Tr_tpp_tpp_mcts_orig_novh_e.5_c.1_s2082152039_K0_P4S2A3_src20523053.txt
preserve4-tpp-on-534933607-stage2-a10-policy-e0000,policy_eval,tpp,on,534933607,stage2,ready,hadd-astar,"/home/hersco/bershco-nu-asnets/numeric-asnets/asnets/experiment-results/experiments_numeric.domain.tpp-experiments_numeric.architecture_2.tpp_mcts-2026-08-28T23:12:54.369995/P[domain,pfile1,pfile2,pfile4]-S[0.0003,50,enhsp-hadd-astar]-MO[]-T[518400]-04917266-3c74d66/snapshots/snapshot_0_1.0000",20684883,0,preserve4_stage2_policy_curve,COMPLETED,/home/hersco/training_new_domains/2026-08-28/preserve4_tpp_stage2_confirmation/20684883_Re-Tr_tpp_tpp_mcts_orig_vh_e.5_c.1_s534933607_K0_P4S2A10_src20523020.txt
preserve4-tpp-on-534933607-stage2-a10-policy-e0002,policy_eval,tpp,on,534933607,stage2,ready,hadd-astar,"/home/hersco/bershco-nu-asnets/numeric-asnets/asnets/experiment-results/experiments_numeric.domain.tpp-experiments_numeric.architecture_2.tpp_mcts-2026-08-28T23:12:54.369995/P[domain,pfile1,pfile2,pfile4]-S[0.0003,50,enhsp-hadd-astar]-MO[]-T[518400]-04917266-3c74d66/snapshots/snapshot_2_1.0000",20684883,2,preserve4_stage2_policy_curve;stage2_validation_selected_policy,COMPLETED,/home/hersco/training_new_domains/2026-08-28/preserve4_tpp_stage2_confirmation/20684883_Re-Tr_tpp_tpp_mcts_orig_vh_e.5_c.1_s534933607_K0_P4S2A10_src20523020.txt
preserve4-tpp-on-534933607-stage2-a10-policy-e0005,policy_eval,tpp,on,534933607,stage2,ready,hadd-astar,"/home/hersco/bershco-nu-asnets/numeric-asnets/asnets/experiment-results/experiments_numeric.domain.tpp-experiments_numeric.architecture_2.tpp_mcts-2026-08-28T23:12:54.369995/P[domain,pfile1,pfile2,pfile4]-S[0.0003,50,enhsp-hadd-astar]-MO[]-T[518400]-04917266-3c74d66/snapshots/snapshot_5_1.0000",20684883,5,preserve4_stage2_policy_curve,COMPLETED,/home/hersco/training_new_domains/2026-08-28/preserve4_tpp_stage2_confirmation/20684883_Re-Tr_tpp_tpp_mcts_orig_vh_e.5_c.1_s534933607_K0_P4S2A10_src20523020.txt
preserve4-tpp-on-534933607-stage2-a10-policy-e0010,policy_eval,tpp,on,534933607,stage2,ready,hadd-astar,"/home/hersco/bershco-nu-asnets/numeric-asnets/asnets/experiment-results/experiments_numeric.domain.tpp-experiments_numeric.architecture_2.tpp_mcts-2026-08-28T23:12:54.369995/P[domain,pfile1,pfile2,pfile4]-S[0.0003,50,enhsp-hadd-astar]-MO[]-T[518400]-04917266-3c74d66/snapshots/snapshot_10_1.0000",20684883,10,preserve4_stage2_policy_curve,COMPLETED,/home/hersco/training_new_domains/2026-08-28/preserve4_tpp_stage2_confirmation/20684883_Re-Tr_tpp_tpp_mcts_orig_vh_e.5_c.1_s534933607_K0_P4S2A10_src20523020.txt
preserve4-tpp-on-534933607-stage2-a10-policy-e0015,policy_eval,tpp,on,534933607,stage2,ready,hadd-astar,"/home/hersco/bershco-nu-asnets/numeric-asnets/asnets/experiment-results/experiments_numeric.domain.tpp-experiments_numeric.architecture_2.tpp_mcts-2026-08-28T23:12:54.369995/P[domain,pfile1,pfile2,pfile4]-S[0.0003,50,enhsp-hadd-astar]-MO[]-T[518400]-04917266-3c74d66/snapshots/snapshot_15_1.0000",20684883,15,preserve4_stage2_policy_curve,COMPLETED,/home/hersco/training_new_domains/2026-08-28/preserve4_tpp_stage2_confirmation/20684883_Re-Tr_tpp_tpp_mcts_orig_vh_e.5_c.1_s534933607_K0_P4S2A10_src20523020.txt
preserve4-tpp-on-534933607-stage2-a10-policy-e0020,policy_eval,tpp,on,534933607,stage2,ready,hadd-astar,"/home/hersco/bershco-nu-asnets/numeric-asnets/asnets/experiment-results/experiments_numeric.domain.tpp-experiments_numeric.architecture_2.tpp_mcts-2026-08-28T23:12:54.369995/P[domain,pfile1,pfile2,pfile4]-S[0.0003,50,enhsp-hadd-astar]-MO[]-T[518400]-04917266-3c74d66/snapshots/snapshot_20_1.0000",20684883,20,preserve4_stage2_policy_curve,COMPLETED,/home/hersco/training_new_domains/2026-08-28/preserve4_tpp_stage2_confirmation/20684883_Re-Tr_tpp_tpp_mcts_orig_vh_e.5_c.1_s534933607_K0_P4S2A10_src20523020.txt
preserve4-tpp-on-534933607-stage2-a10-policy-e0025,policy_eval,tpp,on,534933607,stage2,ready,hadd-astar,"/home/hersco/bershco-nu-asnets/numeric-asnets/asnets/experiment-results/experiments_numeric.domain.tpp-experiments_numeric.architecture_2.tpp_mcts-2026-08-28T23:12:54.369995/P[domain,pfile1,pfile2,pfile4]-S[0.0003,50,enhsp-hadd-astar]-MO[]-T[518400]-04917266-3c74d66/snapshots/snapshot_25_1.0000",20684883,25,preserve4_stage2_policy_curve,COMPLETED,/home/hersco/training_new_domains/2026-08-28/preserve4_tpp_stage2_confirmation/20684883_Re-Tr_tpp_tpp_mcts_orig_vh_e.5_c.1_s534933607_K0_P4S2A10_src20523020.txt
preserve4-tpp-on-534933607-stage2-a10-policy-e0030,policy_eval,tpp,on,534933607,stage2,ready,hadd-astar,"/home/hersco/bershco-nu-asnets/numeric-asnets/asnets/experiment-results/experiments_numeric.domain.tpp-experiments_numeric.architecture_2.tpp_mcts-2026-08-28T23:12:54.369995/P[domain,pfile1,pfile2,pfile4]-S[0.0003,50,enhsp-hadd-astar]-MO[]-T[518400]-04917266-3c74d66/snapshots/snapshot_30_1.0000",20684883,30,preserve4_stage2_policy_curve,COMPLETED,/home/hersco/training_new_domains/2026-08-28/preserve4_tpp_stage2_confirmation/20684883_Re-Tr_tpp_tpp_mcts_orig_vh_e.5_c.1_s534933607_K0_P4S2A10_src20523020.txt
preserve4-tpp-on-534933607-stage2-a10-policy-e0035,policy_eval,tpp,on,534933607,stage2,ready,hadd-astar,"/home/hersco/bershco-nu-asnets/numeric-asnets/asnets/experiment-results/experiments_numeric.domain.tpp-experiments_numeric.architecture_2.tpp_mcts-2026-08-28T23:12:54.369995/P[domain,pfile1,pfile2,pfile4]-S[0.0003,50,enhsp-hadd-astar]-MO[]-T[518400]-04917266-3c74d66/snapshots/snapshot_35_1.0000",20684883,35,preserve4_stage2_policy_curve,COMPLETED,/home/hersco/training_new_domains/2026-08-28/preserve4_tpp_stage2_confirmation/20684883_Re-Tr_tpp_tpp_mcts_orig_vh_e.5_c.1_s534933607_K0_P4S2A10_src20523020.txt
preserve4-tpp-on-534933607-stage2-a10-policy-e0040,policy_eval,tpp,on,534933607,stage2,ready,hadd-astar,"/home/hersco/bershco-nu-asnets/numeric-asnets/asnets/experiment-results/experiments_numeric.domain.tpp-experiments_numeric.architecture_2.tpp_mcts-2026-08-28T23:12:54.369995/P[domain,pfile1,pfile2,pfile4]-S[0.0003,50,enhsp-hadd-astar]-MO[]-T[518400]-04917266-3c74d66/snapshots/snapshot_40_1.0000",20684883,40,preserve4_stage2_policy_curve,COMPLETED,/home/hersco/training_new_domains/2026-08-28/preserve4_tpp_stage2_confirmation/20684883_Re-Tr_tpp_tpp_mcts_orig_vh_e.5_c.1_s534933607_K0_P4S2A10_src20523020.txt
preserve4-tpp-on-534933607-stage2-a10-policy-e0045,policy_eval,tpp,on,534933607,stage2,ready,hadd-astar,"/home/hersco/bershco-nu-asnets/numeric-asnets/asnets/experiment-results/experiments_numeric.domain.tpp-experiments_numeric.architecture_2.tpp_mcts-2026-08-28T23:12:54.369995/P[domain,pfile1,pfile2,pfile4]-S[0.0003,50,enhsp-hadd-astar]-MO[]-T[518400]-04917266-3c74d66/snapshots/snapshot_45_1.0000",20684883,45,preserve4_stage2_policy_curve,COMPLETED,/home/hersco/training_new_domains/2026-08-28/preserve4_tpp_stage2_confirmation/20684883_Re-Tr_tpp_tpp_mcts_orig_vh_e.5_c.1_s534933607_K0_P4S2A10_src20523020.txt
preserve4-tpp-on-534933607-stage2-a10-policy-e0050,policy_eval,tpp,on,534933607,stage2,ready,hadd-astar,"/home/hersco/bershco-nu-asnets/numeric-asnets/asnets/experiment-results/experiments_numeric.domain.tpp-experiments_numeric.architecture_2.tpp_mcts-2026-08-28T23:12:54.369995/P[domain,pfile1,pfile2,pfile4]-S[0.0003,50,enhsp-hadd-astar]-MO[]-T[518400]-04917266-3c74d66/snapshots/snapshot_50_1.0000",20684883,50,preserve4_stage2_policy_curve,COMPLETED,/home/hersco/training_new_domains/2026-08-28/preserve4_tpp_stage2_confirmation/20684883_Re-Tr_tpp_tpp_mcts_orig_vh_e.5_c.1_s534933607_K0_P4S2A10_src20523020.txt
preserve4-tpp-on-534933607-stage2-a10-policy-e0055,policy_eval,tpp,on,534933607,stage2,ready,hadd-astar,"/home/hersco/bershco-nu-asnets/numeric-asnets/asnets/experiment-results/experiments_numeric.domain.tpp-experiments_numeric.architecture_2.tpp_mcts-2026-08-28T23:12:54.369995/P[domain,pfile1,pfile2,pfile4]-S[0.0003,50,enhsp-hadd-astar]-MO[]-T[518400]-04917266-3c74d66/snapshots/snapshot_55_1.0000",20684883,55,preserve4_stage2_policy_curve,COMPLETED,/home/hersco/training_new_domains/2026-08-28/preserve4_tpp_stage2_confirmation/20684883_Re-Tr_tpp_tpp_mcts_orig_vh_e.5_c.1_s534933607_K0_P4S2A10_src20523020.txt
preserve4-tpp-on-534933607-stage2-a10-policy-e0060,policy_eval,tpp,on,534933607,stage2,ready,hadd-astar,"/home/hersco/bershco-nu-asnets/numeric-asnets/asnets/experiment-results/experiments_numeric.domain.tpp-experiments_numeric.architecture_2.tpp_mcts-2026-08-28T23:12:54.369995/P[domain,pfile1,pfile2,pfile4]-S[0.0003,50,enhsp-hadd-astar]-MO[]-T[518400]-04917266-3c74d66/snapshots/snapshot_60_1.0000",20684883,60,preserve4_stage2_policy_curve,COMPLETED,/home/hersco/training_new_domains/2026-08-28/preserve4_tpp_stage2_confirmation/20684883_Re-Tr_tpp_tpp_mcts_orig_vh_e.5_c.1_s534933607_K0_P4S2A10_src20523020.txt
preserve4-tpp-on-534933607-stage2-a10-policy-e0065,policy_eval,tpp,on,534933607,stage2,ready,hadd-astar,"/home/hersco/bershco-nu-asnets/numeric-asnets/asnets/experiment-results/experiments_numeric.domain.tpp-experiments_numeric.architecture_2.tpp_mcts-2026-08-28T23:12:54.369995/P[domain,pfile1,pfile2,pfile4]-S[0.0003,50,enhsp-hadd-astar]-MO[]-T[518400]-04917266-3c74d66/snapshots/snapshot_65_1.0000",20684883,65,preserve4_stage2_policy_curve,COMPLETED,/home/hersco/training_new_domains/2026-08-28/preserve4_tpp_stage2_confirmation/20684883_Re-Tr_tpp_tpp_mcts_orig_vh_e.5_c.1_s534933607_K0_P4S2A10_src20523020.txt
preserve4-tpp-on-534933607-stage2-a10-policy-e0070,policy_eval,tpp,on,534933607,stage2,ready,hadd-astar,"/home/hersco/bershco-nu-asnets/numeric-asnets/asnets/experiment-results/experiments_numeric.domain.tpp-experiments_numeric.architecture_2.tpp_mcts-2026-08-28T23:12:54.369995/P[domain,pfile1,pfile2,pfile4]-S[0.0003,50,enhsp-hadd-astar]-MO[]-T[518400]-04917266-3c74d66/snapshots/snapshot_70_1.0000",20684883,70,preserve4_stage2_policy_curve,COMPLETED,/home/hersco/training_new_domains/2026-08-28/preserve4_tpp_stage2_confirmation/20684883_Re-Tr_tpp_tpp_mcts_orig_vh_e.5_c.1_s534933607_K0_P4S2A10_src20523020.txt
preserve4-tpp-on-534933607-stage2-a10-policy-e0075,policy_eval,tpp,on,534933607,stage2,ready,hadd-astar,"/home/hersco/bershco-nu-asnets/numeric-asnets/asnets/experiment-results/experiments_numeric.domain.tpp-experiments_numeric.architecture_2.tpp_mcts-2026-08-28T23:12:54.369995/P[domain,pfile1,pfile2,pfile4]-S[0.0003,50,enhsp-hadd-astar]-MO[]-T[518400]-04917266-3c74d66/snapshots/snapshot_75_1.0000",20684883,75,preserve4_stage2_policy_curve,COMPLETED,/home/hersco/training_new_domains/2026-08-28/preserve4_tpp_stage2_confirmation/20684883_Re-Tr_tpp_tpp_mcts_orig_vh_e.5_c.1_s534933607_K0_P4S2A10_src20523020.txt
preserve4-tpp-on-534933607-stage2-a10-policy-e0080,policy_eval,tpp,on,534933607,stage2,ready,hadd-astar,"/home/hersco/bershco-nu-asnets/numeric-asnets/asnets/experiment-results/experiments_numeric.domain.tpp-experiments_numeric.architecture_2.tpp_mcts-2026-08-28T23:12:54.369995/P[domain,pfile1,pfile2,pfile4]-S[0.0003,50,enhsp-hadd-astar]-MO[]-T[518400]-04917266-3c74d66/snapshots/snapshot_80_1.0000",20684883,80,preserve4_stage2_policy_curve,COMPLETED,/home/hersco/training_new_domains/2026-08-28/preserve4_tpp_stage2_confirmation/20684883_Re-Tr_tpp_tpp_mcts_orig_vh_e.5_c.1_s534933607_K0_P4S2A10_src20523020.txt
preserve4-tpp-on-534933607-stage2-a10-policy-e0085,policy_eval,tpp,on,534933607,stage2,ready,hadd-astar,"/home/hersco/bershco-nu-asnets/numeric-asnets/asnets/experiment-results/experiments_numeric.domain.tpp-experiments_numeric.architecture_2.tpp_mcts-2026-08-28T23:12:54.369995/P[domain,pfile1,pfile2,pfile4]-S[0.0003,50,enhsp-hadd-astar]-MO[]-T[518400]-04917266-3c74d66/snapshots/snapshot_85_1.0000",20684883,85,preserve4_stage2_policy_curve,COMPLETED,/home/hersco/training_new_domains/2026-08-28/preserve4_tpp_stage2_confirmation/20684883_Re-Tr_tpp_tpp_mcts_orig_vh_e.5_c.1_s534933607_K0_P4S2A10_src20523020.txt
preserve4-tpp-on-534933607-stage2-a10-policy-e0090,policy_eval,tpp,on,534933607,stage2,ready,hadd-astar,"/home/hersco/bershco-nu-asnets/numeric-asnets/asnets/experiment-results/experiments_numeric.domain.tpp-experiments_numeric.architecture_2.tpp_mcts-2026-08-28T23:12:54.369995/P[domain,pfile1,pfile2,pfile4]-S[0.0003,50,enhsp-hadd-astar]-MO[]-T[518400]-04917266-3c74d66/snapshots/snapshot_90_1.0000",20684883,90,preserve4_stage2_policy_curve,COMPLETED,/home/hersco/training_new_domains/2026-08-28/preserve4_tpp_stage2_confirmation/20684883_Re-Tr_tpp_tpp_mcts_orig_vh_e.5_c.1_s534933607_K0_P4S2A10_src20523020.txt
preserve4-tpp-on-534933607-stage2-a10-policy-e0095,policy_eval,tpp,on,534933607,stage2,ready,hadd-astar,"/home/hersco/bershco-nu-asnets/numeric-asnets/asnets/experiment-results/experiments_numeric.domain.tpp-experiments_numeric.architecture_2.tpp_mcts-2026-08-28T23:12:54.369995/P[domain,pfile1,pfile2,pfile4]-S[0.0003,50,enhsp-hadd-astar]-MO[]-T[518400]-04917266-3c74d66/snapshots/snapshot_95_1.0000",20684883,95,preserve4_stage2_policy_curve,COMPLETED,/home/hersco/training_new_domains/2026-08-28/preserve4_tpp_stage2_confirmation/20684883_Re-Tr_tpp_tpp_mcts_orig_vh_e.5_c.1_s534933607_K0_P4S2A10_src20523020.txt
preserve4-tpp-on-534933607-stage2-a10-policy-e0099,policy_eval,tpp,on,534933607,stage2,ready,hadd-astar,"/home/hersco/bershco-nu-asnets/numeric-asnets/asnets/experiment-results/experiments_numeric.domain.tpp-experiments_numeric.architecture_2.tpp_mcts-2026-08-28T23:12:54.369995/P[domain,pfile1,pfile2,pfile4]-S[0.0003,50,enhsp-hadd-astar]-MO[]-T[518400]-04917266-3c74d66/snapshots/snapshot_99_1.0000",20684883,99,preserve4_stage2_policy_curve;stage2_final_policy,COMPLETED,/home/hersco/training_new_domains/2026-08-28/preserve4_tpp_stage2_confirmation/20684883_Re-Tr_tpp_tpp_mcts_orig_vh_e.5_c.1_s534933607_K0_P4S2A10_src20523020.txt
preserve4-tpp-on-1239739722-stage2-a10-policy-e0000,policy_eval,tpp,on,1239739722,stage2,ready,hadd-astar,"/home/hersco/bershco-nu-asnets/numeric-asnets/asnets/experiment-results/experiments_numeric.domain.tpp-experiments_numeric.architecture_2.tpp_mcts-2026-08-28T23:15:44.870424/P[domain,pfile1,pfile2,pfile4]-S[0.0003,50,enhsp-hadd-astar]-MO[]-T[518400]-04917269-7d9a779/snapshots/snapshot_0_1.0000",20684886,0,preserve4_stage2_policy_curve,COMPLETED,/home/hersco/training_new_domains/2026-08-28/preserve4_tpp_stage2_confirmation/20684886_Re-Tr_tpp_tpp_mcts_orig_vh_e.5_c.1_s1239739722_K0_P4S2A10_src20523013.txt
preserve4-tpp-on-1239739722-stage2-a10-policy-e0001,policy_eval,tpp,on,1239739722,stage2,ready,hadd-astar,"/home/hersco/bershco-nu-asnets/numeric-asnets/asnets/experiment-results/experiments_numeric.domain.tpp-experiments_numeric.architecture_2.tpp_mcts-2026-08-28T23:15:44.870424/P[domain,pfile1,pfile2,pfile4]-S[0.0003,50,enhsp-hadd-astar]-MO[]-T[518400]-04917269-7d9a779/snapshots/snapshot_1_1.0000",20684886,1,preserve4_stage2_policy_curve;stage2_validation_selected_policy,COMPLETED,/home/hersco/training_new_domains/2026-08-28/preserve4_tpp_stage2_confirmation/20684886_Re-Tr_tpp_tpp_mcts_orig_vh_e.5_c.1_s1239739722_K0_P4S2A10_src20523013.txt
preserve4-tpp-on-1239739722-stage2-a10-policy-e0005,policy_eval,tpp,on,1239739722,stage2,ready,hadd-astar,"/home/hersco/bershco-nu-asnets/numeric-asnets/asnets/experiment-results/experiments_numeric.domain.tpp-experiments_numeric.architecture_2.tpp_mcts-2026-08-28T23:15:44.870424/P[domain,pfile1,pfile2,pfile4]-S[0.0003,50,enhsp-hadd-astar]-MO[]-T[518400]-04917269-7d9a779/snapshots/snapshot_5_1.0000",20684886,5,preserve4_stage2_policy_curve,COMPLETED,/home/hersco/training_new_domains/2026-08-28/preserve4_tpp_stage2_confirmation/20684886_Re-Tr_tpp_tpp_mcts_orig_vh_e.5_c.1_s1239739722_K0_P4S2A10_src20523013.txt
preserve4-tpp-on-1239739722-stage2-a10-policy-e0010,policy_eval,tpp,on,1239739722,stage2,ready,hadd-astar,"/home/hersco/bershco-nu-asnets/numeric-asnets/asnets/experiment-results/experiments_numeric.domain.tpp-experiments_numeric.architecture_2.tpp_mcts-2026-08-28T23:15:44.870424/P[domain,pfile1,pfile2,pfile4]-S[0.0003,50,enhsp-hadd-astar]-MO[]-T[518400]-04917269-7d9a779/snapshots/snapshot_10_1.0000",20684886,10,preserve4_stage2_policy_curve,COMPLETED,/home/hersco/training_new_domains/2026-08-28/preserve4_tpp_stage2_confirmation/20684886_Re-Tr_tpp_tpp_mcts_orig_vh_e.5_c.1_s1239739722_K0_P4S2A10_src20523013.txt
preserve4-tpp-on-1239739722-stage2-a10-policy-e0015,policy_eval,tpp,on,1239739722,stage2,ready,hadd-astar,"/home/hersco/bershco-nu-asnets/numeric-asnets/asnets/experiment-results/experiments_numeric.domain.tpp-experiments_numeric.architecture_2.tpp_mcts-2026-08-28T23:15:44.870424/P[domain,pfile1,pfile2,pfile4]-S[0.0003,50,enhsp-hadd-astar]-MO[]-T[518400]-04917269-7d9a779/snapshots/snapshot_15_1.0000",20684886,15,preserve4_stage2_policy_curve,COMPLETED,/home/hersco/training_new_domains/2026-08-28/preserve4_tpp_stage2_confirmation/20684886_Re-Tr_tpp_tpp_mcts_orig_vh_e.5_c.1_s1239739722_K0_P4S2A10_src20523013.txt
preserve4-tpp-on-1239739722-stage2-a10-policy-e0020,policy_eval,tpp,on,1239739722,stage2,ready,hadd-astar,"/home/hersco/bershco-nu-asnets/numeric-asnets/asnets/experiment-results/experiments_numeric.domain.tpp-experiments_numeric.architecture_2.tpp_mcts-2026-08-28T23:15:44.870424/P[domain,pfile1,pfile2,pfile4]-S[0.0003,50,enhsp-hadd-astar]-MO[]-T[518400]-04917269-7d9a779/snapshots/snapshot_20_1.0000",20684886,20,preserve4_stage2_policy_curve,COMPLETED,/home/hersco/training_new_domains/2026-08-28/preserve4_tpp_stage2_confirmation/20684886_Re-Tr_tpp_tpp_mcts_orig_vh_e.5_c.1_s1239739722_K0_P4S2A10_src20523013.txt
preserve4-tpp-on-1239739722-stage2-a10-policy-e0025,policy_eval,tpp,on,1239739722,stage2,ready,hadd-astar,"/home/hersco/bershco-nu-asnets/numeric-asnets/asnets/experiment-results/experiments_numeric.domain.tpp-experiments_numeric.architecture_2.tpp_mcts-2026-08-28T23:15:44.870424/P[domain,pfile1,pfile2,pfile4]-S[0.0003,50,enhsp-hadd-astar]-MO[]-T[518400]-04917269-7d9a779/snapshots/snapshot_25_1.0000",20684886,25,preserve4_stage2_policy_curve,COMPLETED,/home/hersco/training_new_domains/2026-08-28/preserve4_tpp_stage2_confirmation/20684886_Re-Tr_tpp_tpp_mcts_orig_vh_e.5_c.1_s1239739722_K0_P4S2A10_src20523013.txt
preserve4-tpp-on-1239739722-stage2-a10-policy-e0030,policy_eval,tpp,on,1239739722,stage2,ready,hadd-astar,"/home/hersco/bershco-nu-asnets/numeric-asnets/asnets/experiment-results/experiments_numeric.domain.tpp-experiments_numeric.architecture_2.tpp_mcts-2026-08-28T23:15:44.870424/P[domain,pfile1,pfile2,pfile4]-S[0.0003,50,enhsp-hadd-astar]-MO[]-T[518400]-04917269-7d9a779/snapshots/snapshot_30_1.0000",20684886,30,preserve4_stage2_policy_curve,COMPLETED,/home/hersco/training_new_domains/2026-08-28/preserve4_tpp_stage2_confirmation/20684886_Re-Tr_tpp_tpp_mcts_orig_vh_e.5_c.1_s1239739722_K0_P4S2A10_src20523013.txt
preserve4-tpp-on-1239739722-stage2-a10-policy-e0035,policy_eval,tpp,on,1239739722,stage2,ready,hadd-astar,"/home/hersco/bershco-nu-asnets/numeric-asnets/asnets/experiment-results/experiments_numeric.domain.tpp-experiments_numeric.architecture_2.tpp_mcts-2026-08-28T23:15:44.870424/P[domain,pfile1,pfile2,pfile4]-S[0.0003,50,enhsp-hadd-astar]-MO[]-T[518400]-04917269-7d9a779/snapshots/snapshot_35_1.0000",20684886,35,preserve4_stage2_policy_curve,COMPLETED,/home/hersco/training_new_domains/2026-08-28/preserve4_tpp_stage2_confirmation/20684886_Re-Tr_tpp_tpp_mcts_orig_vh_e.5_c.1_s1239739722_K0_P4S2A10_src20523013.txt
preserve4-tpp-on-1239739722-stage2-a10-policy-e0040,policy_eval,tpp,on,1239739722,stage2,ready,hadd-astar,"/home/hersco/bershco-nu-asnets/numeric-asnets/asnets/experiment-results/experiments_numeric.domain.tpp-experiments_numeric.architecture_2.tpp_mcts-2026-08-28T23:15:44.870424/P[domain,pfile1,pfile2,pfile4]-S[0.0003,50,enhsp-hadd-astar]-MO[]-T[518400]-04917269-7d9a779/snapshots/snapshot_40_1.0000",20684886,40,preserve4_stage2_policy_curve,COMPLETED,/home/hersco/training_new_domains/2026-08-28/preserve4_tpp_stage2_confirmation/20684886_Re-Tr_tpp_tpp_mcts_orig_vh_e.5_c.1_s1239739722_K0_P4S2A10_src20523013.txt
preserve4-tpp-on-1239739722-stage2-a10-policy-e0045,policy_eval,tpp,on,1239739722,stage2,ready,hadd-astar,"/home/hersco/bershco-nu-asnets/numeric-asnets/asnets/experiment-results/experiments_numeric.domain.tpp-experiments_numeric.architecture_2.tpp_mcts-2026-08-28T23:15:44.870424/P[domain,pfile1,pfile2,pfile4]-S[0.0003,50,enhsp-hadd-astar]-MO[]-T[518400]-04917269-7d9a779/snapshots/snapshot_45_1.0000",20684886,45,preserve4_stage2_policy_curve,COMPLETED,/home/hersco/training_new_domains/2026-08-28/preserve4_tpp_stage2_confirmation/20684886_Re-Tr_tpp_tpp_mcts_orig_vh_e.5_c.1_s1239739722_K0_P4S2A10_src20523013.txt
preserve4-tpp-on-1239739722-stage2-a10-policy-e0050,policy_eval,tpp,on,1239739722,stage2,ready,hadd-astar,"/home/hersco/bershco-nu-asnets/numeric-asnets/asnets/experiment-results/experiments_numeric.domain.tpp-experiments_numeric.architecture_2.tpp_mcts-2026-08-28T23:15:44.870424/P[domain,pfile1,pfile2,pfile4]-S[0.0003,50,enhsp-hadd-astar]-MO[]-T[518400]-04917269-7d9a779/snapshots/snapshot_50_1.0000",20684886,50,preserve4_stage2_policy_curve,COMPLETED,/home/hersco/training_new_domains/2026-08-28/preserve4_tpp_stage2_confirmation/20684886_Re-Tr_tpp_tpp_mcts_orig_vh_e.5_c.1_s1239739722_K0_P4S2A10_src20523013.txt
preserve4-tpp-on-1239739722-stage2-a10-policy-e0055,policy_eval,tpp,on,1239739722,stage2,ready,hadd-astar,"/home/hersco/bershco-nu-asnets/numeric-asnets/asnets/experiment-results/experiments_numeric.domain.tpp-experiments_numeric.architecture_2.tpp_mcts-2026-08-28T23:15:44.870424/P[domain,pfile1,pfile2,pfile4]-S[0.0003,50,enhsp-hadd-astar]-MO[]-T[518400]-04917269-7d9a779/snapshots/snapshot_55_1.0000",20684886,55,preserve4_stage2_policy_curve,COMPLETED,/home/hersco/training_new_domains/2026-08-28/preserve4_tpp_stage2_confirmation/20684886_Re-Tr_tpp_tpp_mcts_orig_vh_e.5_c.1_s1239739722_K0_P4S2A10_src20523013.txt
preserve4-tpp-on-1239739722-stage2-a10-policy-e0060,policy_eval,tpp,on,1239739722,stage2,ready,hadd-astar,"/home/hersco/bershco-nu-asnets/numeric-asnets/asnets/experiment-results/experiments_numeric.domain.tpp-experiments_numeric.architecture_2.tpp_mcts-2026-08-28T23:15:44.870424/P[domain,pfile1,pfile2,pfile4]-S[0.0003,50,enhsp-hadd-astar]-MO[]-T[518400]-04917269-7d9a779/snapshots/snapshot_60_1.0000",20684886,60,preserve4_stage2_policy_curve,COMPLETED,/home/hersco/training_new_domains/2026-08-28/preserve4_tpp_stage2_confirmation/20684886_Re-Tr_tpp_tpp_mcts_orig_vh_e.5_c.1_s1239739722_K0_P4S2A10_src20523013.txt
preserve4-tpp-on-1239739722-stage2-a10-policy-e0065,policy_eval,tpp,on,1239739722,stage2,ready,hadd-astar,"/home/hersco/bershco-nu-asnets/numeric-asnets/asnets/experiment-results/experiments_numeric.domain.tpp-experiments_numeric.architecture_2.tpp_mcts-2026-08-28T23:15:44.870424/P[domain,pfile1,pfile2,pfile4]-S[0.0003,50,enhsp-hadd-astar]-MO[]-T[518400]-04917269-7d9a779/snapshots/snapshot_65_1.0000",20684886,65,preserve4_stage2_policy_curve,COMPLETED,/home/hersco/training_new_domains/2026-08-28/preserve4_tpp_stage2_confirmation/20684886_Re-Tr_tpp_tpp_mcts_orig_vh_e.5_c.1_s1239739722_K0_P4S2A10_src20523013.txt
preserve4-tpp-on-1239739722-stage2-a10-policy-e0070,policy_eval,tpp,on,1239739722,stage2,ready,hadd-astar,"/home/hersco/bershco-nu-asnets/numeric-asnets/asnets/experiment-results/experiments_numeric.domain.tpp-experiments_numeric.architecture_2.tpp_mcts-2026-08-28T23:15:44.870424/P[domain,pfile1,pfile2,pfile4]-S[0.0003,50,enhsp-hadd-astar]-MO[]-T[518400]-04917269-7d9a779/snapshots/snapshot_70_1.0000",20684886,70,preserve4_stage2_policy_curve,COMPLETED,/home/hersco/training_new_domains/2026-08-28/preserve4_tpp_stage2_confirmation/20684886_Re-Tr_tpp_tpp_mcts_orig_vh_e.5_c.1_s1239739722_K0_P4S2A10_src20523013.txt
preserve4-tpp-on-1239739722-stage2-a10-policy-e0075,policy_eval,tpp,on,1239739722,stage2,ready,hadd-astar,"/home/hersco/bershco-nu-asnets/numeric-asnets/asnets/experiment-results/experiments_numeric.domain.tpp-experiments_numeric.architecture_2.tpp_mcts-2026-08-28T23:15:44.870424/P[domain,pfile1,pfile2,pfile4]-S[0.0003,50,enhsp-hadd-astar]-MO[]-T[518400]-04917269-7d9a779/snapshots/snapshot_75_1.0000",20684886,75,preserve4_stage2_policy_curve,COMPLETED,/home/hersco/training_new_domains/2026-08-28/preserve4_tpp_stage2_confirmation/20684886_Re-Tr_tpp_tpp_mcts_orig_vh_e.5_c.1_s1239739722_K0_P4S2A10_src20523013.txt
preserve4-tpp-on-1239739722-stage2-a10-policy-e0080,policy_eval,tpp,on,1239739722,stage2,ready,hadd-astar,"/home/hersco/bershco-nu-asnets/numeric-asnets/asnets/experiment-results/experiments_numeric.domain.tpp-experiments_numeric.architecture_2.tpp_mcts-2026-08-28T23:15:44.870424/P[domain,pfile1,pfile2,pfile4]-S[0.0003,50,enhsp-hadd-astar]-MO[]-T[518400]-04917269-7d9a779/snapshots/snapshot_80_1.0000",20684886,80,preserve4_stage2_policy_curve,COMPLETED,/home/hersco/training_new_domains/2026-08-28/preserve4_tpp_stage2_confirmation/20684886_Re-Tr_tpp_tpp_mcts_orig_vh_e.5_c.1_s1239739722_K0_P4S2A10_src20523013.txt
preserve4-tpp-on-1239739722-stage2-a10-policy-e0085,policy_eval,tpp,on,1239739722,stage2,ready,hadd-astar,"/home/hersco/bershco-nu-asnets/numeric-asnets/asnets/experiment-results/experiments_numeric.domain.tpp-experiments_numeric.architecture_2.tpp_mcts-2026-08-28T23:15:44.870424/P[domain,pfile1,pfile2,pfile4]-S[0.0003,50,enhsp-hadd-astar]-MO[]-T[518400]-04917269-7d9a779/snapshots/snapshot_85_1.0000",20684886,85,preserve4_stage2_policy_curve,COMPLETED,/home/hersco/training_new_domains/2026-08-28/preserve4_tpp_stage2_confirmation/20684886_Re-Tr_tpp_tpp_mcts_orig_vh_e.5_c.1_s1239739722_K0_P4S2A10_src20523013.txt
preserve4-tpp-on-1239739722-stage2-a10-policy-e0090,policy_eval,tpp,on,1239739722,stage2,ready,hadd-astar,"/home/hersco/bershco-nu-asnets/numeric-asnets/asnets/experiment-results/experiments_numeric.domain.tpp-experiments_numeric.architecture_2.tpp_mcts-2026-08-28T23:15:44.870424/P[domain,pfile1,pfile2,pfile4]-S[0.0003,50,enhsp-hadd-astar]-MO[]-T[518400]-04917269-7d9a779/snapshots/snapshot_90_1.0000",20684886,90,preserve4_stage2_policy_curve,COMPLETED,/home/hersco/training_new_domains/2026-08-28/preserve4_tpp_stage2_confirmation/20684886_Re-Tr_tpp_tpp_mcts_orig_vh_e.5_c.1_s1239739722_K0_P4S2A10_src20523013.txt
preserve4-tpp-on-1239739722-stage2-a10-policy-e0095,policy_eval,tpp,on,1239739722,stage2,ready,hadd-astar,"/home/hersco/bershco-nu-asnets/numeric-asnets/asnets/experiment-results/experiments_numeric.domain.tpp-experiments_numeric.architecture_2.tpp_mcts-2026-08-28T23:15:44.870424/P[domain,pfile1,pfile2,pfile4]-S[0.0003,50,enhsp-hadd-astar]-MO[]-T[518400]-04917269-7d9a779/snapshots/snapshot_95_1.0000",20684886,95,preserve4_stage2_policy_curve,COMPLETED,/home/hersco/training_new_domains/2026-08-28/preserve4_tpp_stage2_confirmation/20684886_Re-Tr_tpp_tpp_mcts_orig_vh_e.5_c.1_s1239739722_K0_P4S2A10_src20523013.txt
preserve4-tpp-on-1239739722-stage2-a10-policy-e0099,policy_eval,tpp,on,1239739722,stage2,ready,hadd-astar,"/home/hersco/bershco-nu-asnets/numeric-asnets/asnets/experiment-results/experiments_numeric.domain.tpp-experiments_numeric.architecture_2.tpp_mcts-2026-08-28T23:15:44.870424/P[domain,pfile1,pfile2,pfile4]-S[0.0003,50,enhsp-hadd-astar]-MO[]-T[518400]-04917269-7d9a779/snapshots/snapshot_99_1.0000",20684886,99,preserve4_stage2_policy_curve;stage2_final_policy,COMPLETED,/home/hersco/training_new_domains/2026-08-28/preserve4_tpp_stage2_confirmation/20684886_Re-Tr_tpp_tpp_mcts_orig_vh_e.5_c.1_s1239739722_K0_P4S2A10_src20523013.txt
preserve4-tpp-on-1472491096-stage2-a10-policy-e0000,policy_eval,tpp,on,1472491096,stage2,ready,hadd-astar,"/home/hersco/bershco-nu-asnets/numeric-asnets/asnets/experiment-results/experiments_numeric.domain.tpp-experiments_numeric.architecture_2.tpp_mcts-2026-08-28T23:19:43.952117/P[domain,pfile1,pfile2,pfile4]-S[0.0003,50,enhsp-hadd-astar]-MO[]-T[518400]-04917273-43e0a7a/snapshots/snapshot_0_1.0000",20684887,0,preserve4_stage2_policy_curve,COMPLETED,/home/hersco/training_new_domains/2026-08-28/preserve4_tpp_stage2_confirmation/20684887_Re-Tr_tpp_tpp_mcts_orig_vh_e.5_c.1_s1472491096_K0_P4S2A10_src20523017.txt
preserve4-tpp-on-1472491096-stage2-a10-policy-e0005,policy_eval,tpp,on,1472491096,stage2,ready,hadd-astar,"/home/hersco/bershco-nu-asnets/numeric-asnets/asnets/experiment-results/experiments_numeric.domain.tpp-experiments_numeric.architecture_2.tpp_mcts-2026-08-28T23:19:43.952117/P[domain,pfile1,pfile2,pfile4]-S[0.0003,50,enhsp-hadd-astar]-MO[]-T[518400]-04917273-43e0a7a/snapshots/snapshot_5_1.0000",20684887,5,preserve4_stage2_policy_curve,COMPLETED,/home/hersco/training_new_domains/2026-08-28/preserve4_tpp_stage2_confirmation/20684887_Re-Tr_tpp_tpp_mcts_orig_vh_e.5_c.1_s1472491096_K0_P4S2A10_src20523017.txt
preserve4-tpp-on-1472491096-stage2-a10-policy-e0010,policy_eval,tpp,on,1472491096,stage2,ready,hadd-astar,"/home/hersco/bershco-nu-asnets/numeric-asnets/asnets/experiment-results/experiments_numeric.domain.tpp-experiments_numeric.architecture_2.tpp_mcts-2026-08-28T23:19:43.952117/P[domain,pfile1,pfile2,pfile4]-S[0.0003,50,enhsp-hadd-astar]-MO[]-T[518400]-04917273-43e0a7a/snapshots/snapshot_10_1.0000",20684887,10,preserve4_stage2_policy_curve,COMPLETED,/home/hersco/training_new_domains/2026-08-28/preserve4_tpp_stage2_confirmation/20684887_Re-Tr_tpp_tpp_mcts_orig_vh_e.5_c.1_s1472491096_K0_P4S2A10_src20523017.txt
preserve4-tpp-on-1472491096-stage2-a10-policy-e0015,policy_eval,tpp,on,1472491096,stage2,ready,hadd-astar,"/home/hersco/bershco-nu-asnets/numeric-asnets/asnets/experiment-results/experiments_numeric.domain.tpp-experiments_numeric.architecture_2.tpp_mcts-2026-08-28T23:19:43.952117/P[domain,pfile1,pfile2,pfile4]-S[0.0003,50,enhsp-hadd-astar]-MO[]-T[518400]-04917273-43e0a7a/snapshots/snapshot_15_1.0000",20684887,15,preserve4_stage2_policy_curve,COMPLETED,/home/hersco/training_new_domains/2026-08-28/preserve4_tpp_stage2_confirmation/20684887_Re-Tr_tpp_tpp_mcts_orig_vh_e.5_c.1_s1472491096_K0_P4S2A10_src20523017.txt
preserve4-tpp-on-1472491096-stage2-a10-policy-e0020,policy_eval,tpp,on,1472491096,stage2,ready,hadd-astar,"/home/hersco/bershco-nu-asnets/numeric-asnets/asnets/experiment-results/experiments_numeric.domain.tpp-experiments_numeric.architecture_2.tpp_mcts-2026-08-28T23:19:43.952117/P[domain,pfile1,pfile2,pfile4]-S[0.0003,50,enhsp-hadd-astar]-MO[]-T[518400]-04917273-43e0a7a/snapshots/snapshot_20_1.0000",20684887,20,preserve4_stage2_policy_curve,COMPLETED,/home/hersco/training_new_domains/2026-08-28/preserve4_tpp_stage2_confirmation/20684887_Re-Tr_tpp_tpp_mcts_orig_vh_e.5_c.1_s1472491096_K0_P4S2A10_src20523017.txt
preserve4-tpp-on-1472491096-stage2-a10-policy-e0025,policy_eval,tpp,on,1472491096,stage2,ready,hadd-astar,"/home/hersco/bershco-nu-asnets/numeric-asnets/asnets/experiment-results/experiments_numeric.domain.tpp-experiments_numeric.architecture_2.tpp_mcts-2026-08-28T23:19:43.952117/P[domain,pfile1,pfile2,pfile4]-S[0.0003,50,enhsp-hadd-astar]-MO[]-T[518400]-04917273-43e0a7a/snapshots/snapshot_25_1.0000",20684887,25,preserve4_stage2_policy_curve,COMPLETED,/home/hersco/training_new_domains/2026-08-28/preserve4_tpp_stage2_confirmation/20684887_Re-Tr_tpp_tpp_mcts_orig_vh_e.5_c.1_s1472491096_K0_P4S2A10_src20523017.txt
preserve4-tpp-on-1472491096-stage2-a10-policy-e0030,policy_eval,tpp,on,1472491096,stage2,ready,hadd-astar,"/home/hersco/bershco-nu-asnets/numeric-asnets/asnets/experiment-results/experiments_numeric.domain.tpp-experiments_numeric.architecture_2.tpp_mcts-2026-08-28T23:19:43.952117/P[domain,pfile1,pfile2,pfile4]-S[0.0003,50,enhsp-hadd-astar]-MO[]-T[518400]-04917273-43e0a7a/snapshots/snapshot_30_1.0000",20684887,30,preserve4_stage2_policy_curve,COMPLETED,/home/hersco/training_new_domains/2026-08-28/preserve4_tpp_stage2_confirmation/20684887_Re-Tr_tpp_tpp_mcts_orig_vh_e.5_c.1_s1472491096_K0_P4S2A10_src20523017.txt
preserve4-tpp-on-1472491096-stage2-a10-policy-e0035,policy_eval,tpp,on,1472491096,stage2,ready,hadd-astar,"/home/hersco/bershco-nu-asnets/numeric-asnets/asnets/experiment-results/experiments_numeric.domain.tpp-experiments_numeric.architecture_2.tpp_mcts-2026-08-28T23:19:43.952117/P[domain,pfile1,pfile2,pfile4]-S[0.0003,50,enhsp-hadd-astar]-MO[]-T[518400]-04917273-43e0a7a/snapshots/snapshot_35_1.0000",20684887,35,preserve4_stage2_policy_curve,COMPLETED,/home/hersco/training_new_domains/2026-08-28/preserve4_tpp_stage2_confirmation/20684887_Re-Tr_tpp_tpp_mcts_orig_vh_e.5_c.1_s1472491096_K0_P4S2A10_src20523017.txt
preserve4-tpp-on-1472491096-stage2-a10-policy-e0040,policy_eval,tpp,on,1472491096,stage2,ready,hadd-astar,"/home/hersco/bershco-nu-asnets/numeric-asnets/asnets/experiment-results/experiments_numeric.domain.tpp-experiments_numeric.architecture_2.tpp_mcts-2026-08-28T23:19:43.952117/P[domain,pfile1,pfile2,pfile4]-S[0.0003,50,enhsp-hadd-astar]-MO[]-T[518400]-04917273-43e0a7a/snapshots/snapshot_40_1.0000",20684887,40,preserve4_stage2_policy_curve,COMPLETED,/home/hersco/training_new_domains/2026-08-28/preserve4_tpp_stage2_confirmation/20684887_Re-Tr_tpp_tpp_mcts_orig_vh_e.5_c.1_s1472491096_K0_P4S2A10_src20523017.txt
preserve4-tpp-on-1472491096-stage2-a10-policy-e0045,policy_eval,tpp,on,1472491096,stage2,ready,hadd-astar,"/home/hersco/bershco-nu-asnets/numeric-asnets/asnets/experiment-results/experiments_numeric.domain.tpp-experiments_numeric.architecture_2.tpp_mcts-2026-08-28T23:19:43.952117/P[domain,pfile1,pfile2,pfile4]-S[0.0003,50,enhsp-hadd-astar]-MO[]-T[518400]-04917273-43e0a7a/snapshots/snapshot_45_1.0000",20684887,45,preserve4_stage2_policy_curve,COMPLETED,/home/hersco/training_new_domains/2026-08-28/preserve4_tpp_stage2_confirmation/20684887_Re-Tr_tpp_tpp_mcts_orig_vh_e.5_c.1_s1472491096_K0_P4S2A10_src20523017.txt
preserve4-tpp-on-1472491096-stage2-a10-policy-e0050,policy_eval,tpp,on,1472491096,stage2,ready,hadd-astar,"/home/hersco/bershco-nu-asnets/numeric-asnets/asnets/experiment-results/experiments_numeric.domain.tpp-experiments_numeric.architecture_2.tpp_mcts-2026-08-28T23:19:43.952117/P[domain,pfile1,pfile2,pfile4]-S[0.0003,50,enhsp-hadd-astar]-MO[]-T[518400]-04917273-43e0a7a/snapshots/snapshot_50_1.0000",20684887,50,preserve4_stage2_policy_curve,COMPLETED,/home/hersco/training_new_domains/2026-08-28/preserve4_tpp_stage2_confirmation/20684887_Re-Tr_tpp_tpp_mcts_orig_vh_e.5_c.1_s1472491096_K0_P4S2A10_src20523017.txt
preserve4-tpp-on-1472491096-stage2-a10-policy-e0053,policy_eval,tpp,on,1472491096,stage2,ready,hadd-astar,"/home/hersco/bershco-nu-asnets/numeric-asnets/asnets/experiment-results/experiments_numeric.domain.tpp-experiments_numeric.architecture_2.tpp_mcts-2026-08-28T23:19:43.952117/P[domain,pfile1,pfile2,pfile4]-S[0.0003,50,enhsp-hadd-astar]-MO[]-T[518400]-04917273-43e0a7a/snapshots/snapshot_53_1.0000",20684887,53,preserve4_stage2_policy_curve;stage2_validation_selected_policy,COMPLETED,/home/hersco/training_new_domains/2026-08-28/preserve4_tpp_stage2_confirmation/20684887_Re-Tr_tpp_tpp_mcts_orig_vh_e.5_c.1_s1472491096_K0_P4S2A10_src20523017.txt
preserve4-tpp-on-1472491096-stage2-a10-policy-e0055,policy_eval,tpp,on,1472491096,stage2,ready,hadd-astar,"/home/hersco/bershco-nu-asnets/numeric-asnets/asnets/experiment-results/experiments_numeric.domain.tpp-experiments_numeric.architecture_2.tpp_mcts-2026-08-28T23:19:43.952117/P[domain,pfile1,pfile2,pfile4]-S[0.0003,50,enhsp-hadd-astar]-MO[]-T[518400]-04917273-43e0a7a/snapshots/snapshot_55_1.0000",20684887,55,preserve4_stage2_policy_curve,COMPLETED,/home/hersco/training_new_domains/2026-08-28/preserve4_tpp_stage2_confirmation/20684887_Re-Tr_tpp_tpp_mcts_orig_vh_e.5_c.1_s1472491096_K0_P4S2A10_src20523017.txt
preserve4-tpp-on-1472491096-stage2-a10-policy-e0060,policy_eval,tpp,on,1472491096,stage2,ready,hadd-astar,"/home/hersco/bershco-nu-asnets/numeric-asnets/asnets/experiment-results/experiments_numeric.domain.tpp-experiments_numeric.architecture_2.tpp_mcts-2026-08-28T23:19:43.952117/P[domain,pfile1,pfile2,pfile4]-S[0.0003,50,enhsp-hadd-astar]-MO[]-T[518400]-04917273-43e0a7a/snapshots/snapshot_60_1.0000",20684887,60,preserve4_stage2_policy_curve,COMPLETED,/home/hersco/training_new_domains/2026-08-28/preserve4_tpp_stage2_confirmation/20684887_Re-Tr_tpp_tpp_mcts_orig_vh_e.5_c.1_s1472491096_K0_P4S2A10_src20523017.txt
preserve4-tpp-on-1472491096-stage2-a10-policy-e0065,policy_eval,tpp,on,1472491096,stage2,ready,hadd-astar,"/home/hersco/bershco-nu-asnets/numeric-asnets/asnets/experiment-results/experiments_numeric.domain.tpp-experiments_numeric.architecture_2.tpp_mcts-2026-08-28T23:19:43.952117/P[domain,pfile1,pfile2,pfile4]-S[0.0003,50,enhsp-hadd-astar]-MO[]-T[518400]-04917273-43e0a7a/snapshots/snapshot_65_1.0000",20684887,65,preserve4_stage2_policy_curve,COMPLETED,/home/hersco/training_new_domains/2026-08-28/preserve4_tpp_stage2_confirmation/20684887_Re-Tr_tpp_tpp_mcts_orig_vh_e.5_c.1_s1472491096_K0_P4S2A10_src20523017.txt
preserve4-tpp-on-1472491096-stage2-a10-policy-e0070,policy_eval,tpp,on,1472491096,stage2,ready,hadd-astar,"/home/hersco/bershco-nu-asnets/numeric-asnets/asnets/experiment-results/experiments_numeric.domain.tpp-experiments_numeric.architecture_2.tpp_mcts-2026-08-28T23:19:43.952117/P[domain,pfile1,pfile2,pfile4]-S[0.0003,50,enhsp-hadd-astar]-MO[]-T[518400]-04917273-43e0a7a/snapshots/snapshot_70_1.0000",20684887,70,preserve4_stage2_policy_curve,COMPLETED,/home/hersco/training_new_domains/2026-08-28/preserve4_tpp_stage2_confirmation/20684887_Re-Tr_tpp_tpp_mcts_orig_vh_e.5_c.1_s1472491096_K0_P4S2A10_src20523017.txt
preserve4-tpp-on-1472491096-stage2-a10-policy-e0075,policy_eval,tpp,on,1472491096,stage2,ready,hadd-astar,"/home/hersco/bershco-nu-asnets/numeric-asnets/asnets/experiment-results/experiments_numeric.domain.tpp-experiments_numeric.architecture_2.tpp_mcts-2026-08-28T23:19:43.952117/P[domain,pfile1,pfile2,pfile4]-S[0.0003,50,enhsp-hadd-astar]-MO[]-T[518400]-04917273-43e0a7a/snapshots/snapshot_75_1.0000",20684887,75,preserve4_stage2_policy_curve,COMPLETED,/home/hersco/training_new_domains/2026-08-28/preserve4_tpp_stage2_confirmation/20684887_Re-Tr_tpp_tpp_mcts_orig_vh_e.5_c.1_s1472491096_K0_P4S2A10_src20523017.txt
preserve4-tpp-on-1472491096-stage2-a10-policy-e0080,policy_eval,tpp,on,1472491096,stage2,ready,hadd-astar,"/home/hersco/bershco-nu-asnets/numeric-asnets/asnets/experiment-results/experiments_numeric.domain.tpp-experiments_numeric.architecture_2.tpp_mcts-2026-08-28T23:19:43.952117/P[domain,pfile1,pfile2,pfile4]-S[0.0003,50,enhsp-hadd-astar]-MO[]-T[518400]-04917273-43e0a7a/snapshots/snapshot_80_1.0000",20684887,80,preserve4_stage2_policy_curve,COMPLETED,/home/hersco/training_new_domains/2026-08-28/preserve4_tpp_stage2_confirmation/20684887_Re-Tr_tpp_tpp_mcts_orig_vh_e.5_c.1_s1472491096_K0_P4S2A10_src20523017.txt
preserve4-tpp-on-1472491096-stage2-a10-policy-e0085,policy_eval,tpp,on,1472491096,stage2,ready,hadd-astar,"/home/hersco/bershco-nu-asnets/numeric-asnets/asnets/experiment-results/experiments_numeric.domain.tpp-experiments_numeric.architecture_2.tpp_mcts-2026-08-28T23:19:43.952117/P[domain,pfile1,pfile2,pfile4]-S[0.0003,50,enhsp-hadd-astar]-MO[]-T[518400]-04917273-43e0a7a/snapshots/snapshot_85_1.0000",20684887,85,preserve4_stage2_policy_curve,COMPLETED,/home/hersco/training_new_domains/2026-08-28/preserve4_tpp_stage2_confirmation/20684887_Re-Tr_tpp_tpp_mcts_orig_vh_e.5_c.1_s1472491096_K0_P4S2A10_src20523017.txt
preserve4-tpp-on-1472491096-stage2-a10-policy-e0090,policy_eval,tpp,on,1472491096,stage2,ready,hadd-astar,"/home/hersco/bershco-nu-asnets/numeric-asnets/asnets/experiment-results/experiments_numeric.domain.tpp-experiments_numeric.architecture_2.tpp_mcts-2026-08-28T23:19:43.952117/P[domain,pfile1,pfile2,pfile4]-S[0.0003,50,enhsp-hadd-astar]-MO[]-T[518400]-04917273-43e0a7a/snapshots/snapshot_90_1.0000",20684887,90,preserve4_stage2_policy_curve,COMPLETED,/home/hersco/training_new_domains/2026-08-28/preserve4_tpp_stage2_confirmation/20684887_Re-Tr_tpp_tpp_mcts_orig_vh_e.5_c.1_s1472491096_K0_P4S2A10_src20523017.txt
preserve4-tpp-on-1472491096-stage2-a10-policy-e0095,policy_eval,tpp,on,1472491096,stage2,ready,hadd-astar,"/home/hersco/bershco-nu-asnets/numeric-asnets/asnets/experiment-results/experiments_numeric.domain.tpp-experiments_numeric.architecture_2.tpp_mcts-2026-08-28T23:19:43.952117/P[domain,pfile1,pfile2,pfile4]-S[0.0003,50,enhsp-hadd-astar]-MO[]-T[518400]-04917273-43e0a7a/snapshots/snapshot_95_1.0000",20684887,95,preserve4_stage2_policy_curve,COMPLETED,/home/hersco/training_new_domains/2026-08-28/preserve4_tpp_stage2_confirmation/20684887_Re-Tr_tpp_tpp_mcts_orig_vh_e.5_c.1_s1472491096_K0_P4S2A10_src20523017.txt
preserve4-tpp-on-1472491096-stage2-a10-policy-e0099,policy_eval,tpp,on,1472491096,stage2,ready,hadd-astar,"/home/hersco/bershco-nu-asnets/numeric-asnets/asnets/experiment-results/experiments_numeric.domain.tpp-experiments_numeric.architecture_2.tpp_mcts-2026-08-28T23:19:43.952117/P[domain,pfile1,pfile2,pfile4]-S[0.0003,50,enhsp-hadd-astar]-MO[]-T[518400]-04917273-43e0a7a/snapshots/snapshot_99_1.0000",20684887,99,preserve4_stage2_policy_curve;stage2_final_policy,COMPLETED,/home/hersco/training_new_domains/2026-08-28/preserve4_tpp_stage2_confirmation/20684887_Re-Tr_tpp_tpp_mcts_orig_vh_e.5_c.1_s1472491096_K0_P4S2A10_src20523017.txt
preserve4-tpp-on-1510771779-stage2-a10-policy-e0000,policy_eval,tpp,on,1510771779,stage2,ready,hadd-astar,"/home/hersco/bershco-nu-asnets/numeric-asnets/asnets/experiment-results/experiments_numeric.domain.tpp-experiments_numeric.architecture_2.tpp_mcts-2026-08-28T23:22:57.949675/P[domain,pfile1,pfile2,pfile4]-S[0.0003,50,enhsp-hadd-astar]-MO[]-T[518400]-04917277-17cc32a/snapshots/snapshot_0_1.0000",20684888,0,preserve4_stage2_policy_curve,COMPLETED,/home/hersco/training_new_domains/2026-08-28/preserve4_tpp_stage2_confirmation/20684888_Re-Tr_tpp_tpp_mcts_orig_vh_e.5_c.1_s1510771779_K0_P4S2A10_src20523026.txt
preserve4-tpp-on-1510771779-stage2-a10-policy-e0005,policy_eval,tpp,on,1510771779,stage2,ready,hadd-astar,"/home/hersco/bershco-nu-asnets/numeric-asnets/asnets/experiment-results/experiments_numeric.domain.tpp-experiments_numeric.architecture_2.tpp_mcts-2026-08-28T23:22:57.949675/P[domain,pfile1,pfile2,pfile4]-S[0.0003,50,enhsp-hadd-astar]-MO[]-T[518400]-04917277-17cc32a/snapshots/snapshot_5_1.0000",20684888,5,preserve4_stage2_policy_curve,COMPLETED,/home/hersco/training_new_domains/2026-08-28/preserve4_tpp_stage2_confirmation/20684888_Re-Tr_tpp_tpp_mcts_orig_vh_e.5_c.1_s1510771779_K0_P4S2A10_src20523026.txt
preserve4-tpp-on-1510771779-stage2-a10-policy-e0010,policy_eval,tpp,on,1510771779,stage2,ready,hadd-astar,"/home/hersco/bershco-nu-asnets/numeric-asnets/asnets/experiment-results/experiments_numeric.domain.tpp-experiments_numeric.architecture_2.tpp_mcts-2026-08-28T23:22:57.949675/P[domain,pfile1,pfile2,pfile4]-S[0.0003,50,enhsp-hadd-astar]-MO[]-T[518400]-04917277-17cc32a/snapshots/snapshot_10_1.0000",20684888,10,preserve4_stage2_policy_curve,COMPLETED,/home/hersco/training_new_domains/2026-08-28/preserve4_tpp_stage2_confirmation/20684888_Re-Tr_tpp_tpp_mcts_orig_vh_e.5_c.1_s1510771779_K0_P4S2A10_src20523026.txt
preserve4-tpp-on-1510771779-stage2-a10-policy-e0011,policy_eval,tpp,on,1510771779,stage2,ready,hadd-astar,"/home/hersco/bershco-nu-asnets/numeric-asnets/asnets/experiment-results/experiments_numeric.domain.tpp-experiments_numeric.architecture_2.tpp_mcts-2026-08-28T23:22:57.949675/P[domain,pfile1,pfile2,pfile4]-S[0.0003,50,enhsp-hadd-astar]-MO[]-T[518400]-04917277-17cc32a/snapshots/snapshot_11_1.0000",20684888,11,preserve4_stage2_policy_curve;stage2_validation_selected_policy,COMPLETED,/home/hersco/training_new_domains/2026-08-28/preserve4_tpp_stage2_confirmation/20684888_Re-Tr_tpp_tpp_mcts_orig_vh_e.5_c.1_s1510771779_K0_P4S2A10_src20523026.txt
preserve4-tpp-on-1510771779-stage2-a10-policy-e0015,policy_eval,tpp,on,1510771779,stage2,ready,hadd-astar,"/home/hersco/bershco-nu-asnets/numeric-asnets/asnets/experiment-results/experiments_numeric.domain.tpp-experiments_numeric.architecture_2.tpp_mcts-2026-08-28T23:22:57.949675/P[domain,pfile1,pfile2,pfile4]-S[0.0003,50,enhsp-hadd-astar]-MO[]-T[518400]-04917277-17cc32a/snapshots/snapshot_15_1.0000",20684888,15,preserve4_stage2_policy_curve,COMPLETED,/home/hersco/training_new_domains/2026-08-28/preserve4_tpp_stage2_confirmation/20684888_Re-Tr_tpp_tpp_mcts_orig_vh_e.5_c.1_s1510771779_K0_P4S2A10_src20523026.txt
preserve4-tpp-on-1510771779-stage2-a10-policy-e0020,policy_eval,tpp,on,1510771779,stage2,ready,hadd-astar,"/home/hersco/bershco-nu-asnets/numeric-asnets/asnets/experiment-results/experiments_numeric.domain.tpp-experiments_numeric.architecture_2.tpp_mcts-2026-08-28T23:22:57.949675/P[domain,pfile1,pfile2,pfile4]-S[0.0003,50,enhsp-hadd-astar]-MO[]-T[518400]-04917277-17cc32a/snapshots/snapshot_20_1.0000",20684888,20,preserve4_stage2_policy_curve,COMPLETED,/home/hersco/training_new_domains/2026-08-28/preserve4_tpp_stage2_confirmation/20684888_Re-Tr_tpp_tpp_mcts_orig_vh_e.5_c.1_s1510771779_K0_P4S2A10_src20523026.txt
preserve4-tpp-on-1510771779-stage2-a10-policy-e0025,policy_eval,tpp,on,1510771779,stage2,ready,hadd-astar,"/home/hersco/bershco-nu-asnets/numeric-asnets/asnets/experiment-results/experiments_numeric.domain.tpp-experiments_numeric.architecture_2.tpp_mcts-2026-08-28T23:22:57.949675/P[domain,pfile1,pfile2,pfile4]-S[0.0003,50,enhsp-hadd-astar]-MO[]-T[518400]-04917277-17cc32a/snapshots/snapshot_25_1.0000",20684888,25,preserve4_stage2_policy_curve,COMPLETED,/home/hersco/training_new_domains/2026-08-28/preserve4_tpp_stage2_confirmation/20684888_Re-Tr_tpp_tpp_mcts_orig_vh_e.5_c.1_s1510771779_K0_P4S2A10_src20523026.txt
preserve4-tpp-on-1510771779-stage2-a10-policy-e0030,policy_eval,tpp,on,1510771779,stage2,ready,hadd-astar,"/home/hersco/bershco-nu-asnets/numeric-asnets/asnets/experiment-results/experiments_numeric.domain.tpp-experiments_numeric.architecture_2.tpp_mcts-2026-08-28T23:22:57.949675/P[domain,pfile1,pfile2,pfile4]-S[0.0003,50,enhsp-hadd-astar]-MO[]-T[518400]-04917277-17cc32a/snapshots/snapshot_30_1.0000",20684888,30,preserve4_stage2_policy_curve,COMPLETED,/home/hersco/training_new_domains/2026-08-28/preserve4_tpp_stage2_confirmation/20684888_Re-Tr_tpp_tpp_mcts_orig_vh_e.5_c.1_s1510771779_K0_P4S2A10_src20523026.txt
preserve4-tpp-on-1510771779-stage2-a10-policy-e0035,policy_eval,tpp,on,1510771779,stage2,ready,hadd-astar,"/home/hersco/bershco-nu-asnets/numeric-asnets/asnets/experiment-results/experiments_numeric.domain.tpp-experiments_numeric.architecture_2.tpp_mcts-2026-08-28T23:22:57.949675/P[domain,pfile1,pfile2,pfile4]-S[0.0003,50,enhsp-hadd-astar]-MO[]-T[518400]-04917277-17cc32a/snapshots/snapshot_35_1.0000",20684888,35,preserve4_stage2_policy_curve,COMPLETED,/home/hersco/training_new_domains/2026-08-28/preserve4_tpp_stage2_confirmation/20684888_Re-Tr_tpp_tpp_mcts_orig_vh_e.5_c.1_s1510771779_K0_P4S2A10_src20523026.txt
preserve4-tpp-on-1510771779-stage2-a10-policy-e0040,policy_eval,tpp,on,1510771779,stage2,ready,hadd-astar,"/home/hersco/bershco-nu-asnets/numeric-asnets/asnets/experiment-results/experiments_numeric.domain.tpp-experiments_numeric.architecture_2.tpp_mcts-2026-08-28T23:22:57.949675/P[domain,pfile1,pfile2,pfile4]-S[0.0003,50,enhsp-hadd-astar]-MO[]-T[518400]-04917277-17cc32a/snapshots/snapshot_40_1.0000",20684888,40,preserve4_stage2_policy_curve,COMPLETED,/home/hersco/training_new_domains/2026-08-28/preserve4_tpp_stage2_confirmation/20684888_Re-Tr_tpp_tpp_mcts_orig_vh_e.5_c.1_s1510771779_K0_P4S2A10_src20523026.txt
preserve4-tpp-on-1510771779-stage2-a10-policy-e0045,policy_eval,tpp,on,1510771779,stage2,ready,hadd-astar,"/home/hersco/bershco-nu-asnets/numeric-asnets/asnets/experiment-results/experiments_numeric.domain.tpp-experiments_numeric.architecture_2.tpp_mcts-2026-08-28T23:22:57.949675/P[domain,pfile1,pfile2,pfile4]-S[0.0003,50,enhsp-hadd-astar]-MO[]-T[518400]-04917277-17cc32a/snapshots/snapshot_45_1.0000",20684888,45,preserve4_stage2_policy_curve,COMPLETED,/home/hersco/training_new_domains/2026-08-28/preserve4_tpp_stage2_confirmation/20684888_Re-Tr_tpp_tpp_mcts_orig_vh_e.5_c.1_s1510771779_K0_P4S2A10_src20523026.txt
preserve4-tpp-on-1510771779-stage2-a10-policy-e0050,policy_eval,tpp,on,1510771779,stage2,ready,hadd-astar,"/home/hersco/bershco-nu-asnets/numeric-asnets/asnets/experiment-results/experiments_numeric.domain.tpp-experiments_numeric.architecture_2.tpp_mcts-2026-08-28T23:22:57.949675/P[domain,pfile1,pfile2,pfile4]-S[0.0003,50,enhsp-hadd-astar]-MO[]-T[518400]-04917277-17cc32a/snapshots/snapshot_50_1.0000",20684888,50,preserve4_stage2_policy_curve,COMPLETED,/home/hersco/training_new_domains/2026-08-28/preserve4_tpp_stage2_confirmation/20684888_Re-Tr_tpp_tpp_mcts_orig_vh_e.5_c.1_s1510771779_K0_P4S2A10_src20523026.txt
preserve4-tpp-on-1510771779-stage2-a10-policy-e0055,policy_eval,tpp,on,1510771779,stage2,ready,hadd-astar,"/home/hersco/bershco-nu-asnets/numeric-asnets/asnets/experiment-results/experiments_numeric.domain.tpp-experiments_numeric.architecture_2.tpp_mcts-2026-08-28T23:22:57.949675/P[domain,pfile1,pfile2,pfile4]-S[0.0003,50,enhsp-hadd-astar]-MO[]-T[518400]-04917277-17cc32a/snapshots/snapshot_55_1.0000",20684888,55,preserve4_stage2_policy_curve,COMPLETED,/home/hersco/training_new_domains/2026-08-28/preserve4_tpp_stage2_confirmation/20684888_Re-Tr_tpp_tpp_mcts_orig_vh_e.5_c.1_s1510771779_K0_P4S2A10_src20523026.txt
preserve4-tpp-on-1510771779-stage2-a10-policy-e0060,policy_eval,tpp,on,1510771779,stage2,ready,hadd-astar,"/home/hersco/bershco-nu-asnets/numeric-asnets/asnets/experiment-results/experiments_numeric.domain.tpp-experiments_numeric.architecture_2.tpp_mcts-2026-08-28T23:22:57.949675/P[domain,pfile1,pfile2,pfile4]-S[0.0003,50,enhsp-hadd-astar]-MO[]-T[518400]-04917277-17cc32a/snapshots/snapshot_60_1.0000",20684888,60,preserve4_stage2_policy_curve,COMPLETED,/home/hersco/training_new_domains/2026-08-28/preserve4_tpp_stage2_confirmation/20684888_Re-Tr_tpp_tpp_mcts_orig_vh_e.5_c.1_s1510771779_K0_P4S2A10_src20523026.txt
preserve4-tpp-on-1510771779-stage2-a10-policy-e0065,policy_eval,tpp,on,1510771779,stage2,ready,hadd-astar,"/home/hersco/bershco-nu-asnets/numeric-asnets/asnets/experiment-results/experiments_numeric.domain.tpp-experiments_numeric.architecture_2.tpp_mcts-2026-08-28T23:22:57.949675/P[domain,pfile1,pfile2,pfile4]-S[0.0003,50,enhsp-hadd-astar]-MO[]-T[518400]-04917277-17cc32a/snapshots/snapshot_65_1.0000",20684888,65,preserve4_stage2_policy_curve,COMPLETED,/home/hersco/training_new_domains/2026-08-28/preserve4_tpp_stage2_confirmation/20684888_Re-Tr_tpp_tpp_mcts_orig_vh_e.5_c.1_s1510771779_K0_P4S2A10_src20523026.txt
preserve4-tpp-on-1510771779-stage2-a10-policy-e0070,policy_eval,tpp,on,1510771779,stage2,ready,hadd-astar,"/home/hersco/bershco-nu-asnets/numeric-asnets/asnets/experiment-results/experiments_numeric.domain.tpp-experiments_numeric.architecture_2.tpp_mcts-2026-08-28T23:22:57.949675/P[domain,pfile1,pfile2,pfile4]-S[0.0003,50,enhsp-hadd-astar]-MO[]-T[518400]-04917277-17cc32a/snapshots/snapshot_70_1.0000",20684888,70,preserve4_stage2_policy_curve,COMPLETED,/home/hersco/training_new_domains/2026-08-28/preserve4_tpp_stage2_confirmation/20684888_Re-Tr_tpp_tpp_mcts_orig_vh_e.5_c.1_s1510771779_K0_P4S2A10_src20523026.txt
preserve4-tpp-on-1510771779-stage2-a10-policy-e0075,policy_eval,tpp,on,1510771779,stage2,ready,hadd-astar,"/home/hersco/bershco-nu-asnets/numeric-asnets/asnets/experiment-results/experiments_numeric.domain.tpp-experiments_numeric.architecture_2.tpp_mcts-2026-08-28T23:22:57.949675/P[domain,pfile1,pfile2,pfile4]-S[0.0003,50,enhsp-hadd-astar]-MO[]-T[518400]-04917277-17cc32a/snapshots/snapshot_75_1.0000",20684888,75,preserve4_stage2_policy_curve,COMPLETED,/home/hersco/training_new_domains/2026-08-28/preserve4_tpp_stage2_confirmation/20684888_Re-Tr_tpp_tpp_mcts_orig_vh_e.5_c.1_s1510771779_K0_P4S2A10_src20523026.txt
preserve4-tpp-on-1510771779-stage2-a10-policy-e0080,policy_eval,tpp,on,1510771779,stage2,ready,hadd-astar,"/home/hersco/bershco-nu-asnets/numeric-asnets/asnets/experiment-results/experiments_numeric.domain.tpp-experiments_numeric.architecture_2.tpp_mcts-2026-08-28T23:22:57.949675/P[domain,pfile1,pfile2,pfile4]-S[0.0003,50,enhsp-hadd-astar]-MO[]-T[518400]-04917277-17cc32a/snapshots/snapshot_80_1.0000",20684888,80,preserve4_stage2_policy_curve,COMPLETED,/home/hersco/training_new_domains/2026-08-28/preserve4_tpp_stage2_confirmation/20684888_Re-Tr_tpp_tpp_mcts_orig_vh_e.5_c.1_s1510771779_K0_P4S2A10_src20523026.txt
preserve4-tpp-on-1510771779-stage2-a10-policy-e0085,policy_eval,tpp,on,1510771779,stage2,ready,hadd-astar,"/home/hersco/bershco-nu-asnets/numeric-asnets/asnets/experiment-results/experiments_numeric.domain.tpp-experiments_numeric.architecture_2.tpp_mcts-2026-08-28T23:22:57.949675/P[domain,pfile1,pfile2,pfile4]-S[0.0003,50,enhsp-hadd-astar]-MO[]-T[518400]-04917277-17cc32a/snapshots/snapshot_85_1.0000",20684888,85,preserve4_stage2_policy_curve,COMPLETED,/home/hersco/training_new_domains/2026-08-28/preserve4_tpp_stage2_confirmation/20684888_Re-Tr_tpp_tpp_mcts_orig_vh_e.5_c.1_s1510771779_K0_P4S2A10_src20523026.txt
preserve4-tpp-on-1510771779-stage2-a10-policy-e0090,policy_eval,tpp,on,1510771779,stage2,ready,hadd-astar,"/home/hersco/bershco-nu-asnets/numeric-asnets/asnets/experiment-results/experiments_numeric.domain.tpp-experiments_numeric.architecture_2.tpp_mcts-2026-08-28T23:22:57.949675/P[domain,pfile1,pfile2,pfile4]-S[0.0003,50,enhsp-hadd-astar]-MO[]-T[518400]-04917277-17cc32a/snapshots/snapshot_90_1.0000",20684888,90,preserve4_stage2_policy_curve,COMPLETED,/home/hersco/training_new_domains/2026-08-28/preserve4_tpp_stage2_confirmation/20684888_Re-Tr_tpp_tpp_mcts_orig_vh_e.5_c.1_s1510771779_K0_P4S2A10_src20523026.txt
preserve4-tpp-on-1510771779-stage2-a10-policy-e0095,policy_eval,tpp,on,1510771779,stage2,ready,hadd-astar,"/home/hersco/bershco-nu-asnets/numeric-asnets/asnets/experiment-results/experiments_numeric.domain.tpp-experiments_numeric.architecture_2.tpp_mcts-2026-08-28T23:22:57.949675/P[domain,pfile1,pfile2,pfile4]-S[0.0003,50,enhsp-hadd-astar]-MO[]-T[518400]-04917277-17cc32a/snapshots/snapshot_95_1.0000",20684888,95,preserve4_stage2_policy_curve,COMPLETED,/home/hersco/training_new_domains/2026-08-28/preserve4_tpp_stage2_confirmation/20684888_Re-Tr_tpp_tpp_mcts_orig_vh_e.5_c.1_s1510771779_K0_P4S2A10_src20523026.txt
preserve4-tpp-on-1510771779-stage2-a10-policy-e0099,policy_eval,tpp,on,1510771779,stage2,ready,hadd-astar,"/home/hersco/bershco-nu-asnets/numeric-asnets/asnets/experiment-results/experiments_numeric.domain.tpp-experiments_numeric.architecture_2.tpp_mcts-2026-08-28T23:22:57.949675/P[domain,pfile1,pfile2,pfile4]-S[0.0003,50,enhsp-hadd-astar]-MO[]-T[518400]-04917277-17cc32a/snapshots/snapshot_99_1.0000",20684888,99,preserve4_stage2_policy_curve;stage2_final_policy,COMPLETED,/home/hersco/training_new_domains/2026-08-28/preserve4_tpp_stage2_confirmation/20684888_Re-Tr_tpp_tpp_mcts_orig_vh_e.5_c.1_s1510771779_K0_P4S2A10_src20523026.txt
preserve4-tpp-on-1972442430-stage2-a10-policy-e0000,policy_eval,tpp,on,1972442430,stage2,ready,hadd-astar,"/home/hersco/bershco-nu-asnets/numeric-asnets/asnets/experiment-results/experiments_numeric.domain.tpp-experiments_numeric.architecture_2.tpp_mcts-2026-08-28T23:25:45.276722/P[domain,pfile1,pfile2,pfile4]-S[0.0003,50,enhsp-hadd-astar]-MO[]-T[518400]-04917279-72aea46/snapshots/snapshot_0_1.0000",20684889,0,preserve4_stage2_policy_curve,COMPLETED,/home/hersco/training_new_domains/2026-08-28/preserve4_tpp_stage2_confirmation/20684889_Re-Tr_tpp_tpp_mcts_orig_vh_e.5_c.1_s1972442430_K0_P4S2A10_src20523032.txt
preserve4-tpp-on-1972442430-stage2-a10-policy-e0005,policy_eval,tpp,on,1972442430,stage2,ready,hadd-astar,"/home/hersco/bershco-nu-asnets/numeric-asnets/asnets/experiment-results/experiments_numeric.domain.tpp-experiments_numeric.architecture_2.tpp_mcts-2026-08-28T23:25:45.276722/P[domain,pfile1,pfile2,pfile4]-S[0.0003,50,enhsp-hadd-astar]-MO[]-T[518400]-04917279-72aea46/snapshots/snapshot_5_1.0000",20684889,5,preserve4_stage2_policy_curve;stage2_validation_selected_policy,COMPLETED,/home/hersco/training_new_domains/2026-08-28/preserve4_tpp_stage2_confirmation/20684889_Re-Tr_tpp_tpp_mcts_orig_vh_e.5_c.1_s1972442430_K0_P4S2A10_src20523032.txt
preserve4-tpp-on-1972442430-stage2-a10-policy-e0010,policy_eval,tpp,on,1972442430,stage2,ready,hadd-astar,"/home/hersco/bershco-nu-asnets/numeric-asnets/asnets/experiment-results/experiments_numeric.domain.tpp-experiments_numeric.architecture_2.tpp_mcts-2026-08-28T23:25:45.276722/P[domain,pfile1,pfile2,pfile4]-S[0.0003,50,enhsp-hadd-astar]-MO[]-T[518400]-04917279-72aea46/snapshots/snapshot_10_1.0000",20684889,10,preserve4_stage2_policy_curve,COMPLETED,/home/hersco/training_new_domains/2026-08-28/preserve4_tpp_stage2_confirmation/20684889_Re-Tr_tpp_tpp_mcts_orig_vh_e.5_c.1_s1972442430_K0_P4S2A10_src20523032.txt
preserve4-tpp-on-1972442430-stage2-a10-policy-e0015,policy_eval,tpp,on,1972442430,stage2,ready,hadd-astar,"/home/hersco/bershco-nu-asnets/numeric-asnets/asnets/experiment-results/experiments_numeric.domain.tpp-experiments_numeric.architecture_2.tpp_mcts-2026-08-28T23:25:45.276722/P[domain,pfile1,pfile2,pfile4]-S[0.0003,50,enhsp-hadd-astar]-MO[]-T[518400]-04917279-72aea46/snapshots/snapshot_15_1.0000",20684889,15,preserve4_stage2_policy_curve,COMPLETED,/home/hersco/training_new_domains/2026-08-28/preserve4_tpp_stage2_confirmation/20684889_Re-Tr_tpp_tpp_mcts_orig_vh_e.5_c.1_s1972442430_K0_P4S2A10_src20523032.txt
preserve4-tpp-on-1972442430-stage2-a10-policy-e0020,policy_eval,tpp,on,1972442430,stage2,ready,hadd-astar,"/home/hersco/bershco-nu-asnets/numeric-asnets/asnets/experiment-results/experiments_numeric.domain.tpp-experiments_numeric.architecture_2.tpp_mcts-2026-08-28T23:25:45.276722/P[domain,pfile1,pfile2,pfile4]-S[0.0003,50,enhsp-hadd-astar]-MO[]-T[518400]-04917279-72aea46/snapshots/snapshot_20_1.0000",20684889,20,preserve4_stage2_policy_curve,COMPLETED,/home/hersco/training_new_domains/2026-08-28/preserve4_tpp_stage2_confirmation/20684889_Re-Tr_tpp_tpp_mcts_orig_vh_e.5_c.1_s1972442430_K0_P4S2A10_src20523032.txt
preserve4-tpp-on-1972442430-stage2-a10-policy-e0025,policy_eval,tpp,on,1972442430,stage2,ready,hadd-astar,"/home/hersco/bershco-nu-asnets/numeric-asnets/asnets/experiment-results/experiments_numeric.domain.tpp-experiments_numeric.architecture_2.tpp_mcts-2026-08-28T23:25:45.276722/P[domain,pfile1,pfile2,pfile4]-S[0.0003,50,enhsp-hadd-astar]-MO[]-T[518400]-04917279-72aea46/snapshots/snapshot_25_1.0000",20684889,25,preserve4_stage2_policy_curve,COMPLETED,/home/hersco/training_new_domains/2026-08-28/preserve4_tpp_stage2_confirmation/20684889_Re-Tr_tpp_tpp_mcts_orig_vh_e.5_c.1_s1972442430_K0_P4S2A10_src20523032.txt
preserve4-tpp-on-1972442430-stage2-a10-policy-e0030,policy_eval,tpp,on,1972442430,stage2,ready,hadd-astar,"/home/hersco/bershco-nu-asnets/numeric-asnets/asnets/experiment-results/experiments_numeric.domain.tpp-experiments_numeric.architecture_2.tpp_mcts-2026-08-28T23:25:45.276722/P[domain,pfile1,pfile2,pfile4]-S[0.0003,50,enhsp-hadd-astar]-MO[]-T[518400]-04917279-72aea46/snapshots/snapshot_30_1.0000",20684889,30,preserve4_stage2_policy_curve,COMPLETED,/home/hersco/training_new_domains/2026-08-28/preserve4_tpp_stage2_confirmation/20684889_Re-Tr_tpp_tpp_mcts_orig_vh_e.5_c.1_s1972442430_K0_P4S2A10_src20523032.txt
preserve4-tpp-on-1972442430-stage2-a10-policy-e0035,policy_eval,tpp,on,1972442430,stage2,ready,hadd-astar,"/home/hersco/bershco-nu-asnets/numeric-asnets/asnets/experiment-results/experiments_numeric.domain.tpp-experiments_numeric.architecture_2.tpp_mcts-2026-08-28T23:25:45.276722/P[domain,pfile1,pfile2,pfile4]-S[0.0003,50,enhsp-hadd-astar]-MO[]-T[518400]-04917279-72aea46/snapshots/snapshot_35_1.0000",20684889,35,preserve4_stage2_policy_curve,COMPLETED,/home/hersco/training_new_domains/2026-08-28/preserve4_tpp_stage2_confirmation/20684889_Re-Tr_tpp_tpp_mcts_orig_vh_e.5_c.1_s1972442430_K0_P4S2A10_src20523032.txt
preserve4-tpp-on-1972442430-stage2-a10-policy-e0040,policy_eval,tpp,on,1972442430,stage2,ready,hadd-astar,"/home/hersco/bershco-nu-asnets/numeric-asnets/asnets/experiment-results/experiments_numeric.domain.tpp-experiments_numeric.architecture_2.tpp_mcts-2026-08-28T23:25:45.276722/P[domain,pfile1,pfile2,pfile4]-S[0.0003,50,enhsp-hadd-astar]-MO[]-T[518400]-04917279-72aea46/snapshots/snapshot_40_1.0000",20684889,40,preserve4_stage2_policy_curve,COMPLETED,/home/hersco/training_new_domains/2026-08-28/preserve4_tpp_stage2_confirmation/20684889_Re-Tr_tpp_tpp_mcts_orig_vh_e.5_c.1_s1972442430_K0_P4S2A10_src20523032.txt
preserve4-tpp-on-1972442430-stage2-a10-policy-e0045,policy_eval,tpp,on,1972442430,stage2,ready,hadd-astar,"/home/hersco/bershco-nu-asnets/numeric-asnets/asnets/experiment-results/experiments_numeric.domain.tpp-experiments_numeric.architecture_2.tpp_mcts-2026-08-28T23:25:45.276722/P[domain,pfile1,pfile2,pfile4]-S[0.0003,50,enhsp-hadd-astar]-MO[]-T[518400]-04917279-72aea46/snapshots/snapshot_45_1.0000",20684889,45,preserve4_stage2_policy_curve,COMPLETED,/home/hersco/training_new_domains/2026-08-28/preserve4_tpp_stage2_confirmation/20684889_Re-Tr_tpp_tpp_mcts_orig_vh_e.5_c.1_s1972442430_K0_P4S2A10_src20523032.txt
preserve4-tpp-on-1972442430-stage2-a10-policy-e0050,policy_eval,tpp,on,1972442430,stage2,ready,hadd-astar,"/home/hersco/bershco-nu-asnets/numeric-asnets/asnets/experiment-results/experiments_numeric.domain.tpp-experiments_numeric.architecture_2.tpp_mcts-2026-08-28T23:25:45.276722/P[domain,pfile1,pfile2,pfile4]-S[0.0003,50,enhsp-hadd-astar]-MO[]-T[518400]-04917279-72aea46/snapshots/snapshot_50_1.0000",20684889,50,preserve4_stage2_policy_curve,COMPLETED,/home/hersco/training_new_domains/2026-08-28/preserve4_tpp_stage2_confirmation/20684889_Re-Tr_tpp_tpp_mcts_orig_vh_e.5_c.1_s1972442430_K0_P4S2A10_src20523032.txt
preserve4-tpp-on-1972442430-stage2-a10-policy-e0055,policy_eval,tpp,on,1972442430,stage2,ready,hadd-astar,"/home/hersco/bershco-nu-asnets/numeric-asnets/asnets/experiment-results/experiments_numeric.domain.tpp-experiments_numeric.architecture_2.tpp_mcts-2026-08-28T23:25:45.276722/P[domain,pfile1,pfile2,pfile4]-S[0.0003,50,enhsp-hadd-astar]-MO[]-T[518400]-04917279-72aea46/snapshots/snapshot_55_1.0000",20684889,55,preserve4_stage2_policy_curve,COMPLETED,/home/hersco/training_new_domains/2026-08-28/preserve4_tpp_stage2_confirmation/20684889_Re-Tr_tpp_tpp_mcts_orig_vh_e.5_c.1_s1972442430_K0_P4S2A10_src20523032.txt
preserve4-tpp-on-1972442430-stage2-a10-policy-e0060,policy_eval,tpp,on,1972442430,stage2,ready,hadd-astar,"/home/hersco/bershco-nu-asnets/numeric-asnets/asnets/experiment-results/experiments_numeric.domain.tpp-experiments_numeric.architecture_2.tpp_mcts-2026-08-28T23:25:45.276722/P[domain,pfile1,pfile2,pfile4]-S[0.0003,50,enhsp-hadd-astar]-MO[]-T[518400]-04917279-72aea46/snapshots/snapshot_60_1.0000",20684889,60,preserve4_stage2_policy_curve,COMPLETED,/home/hersco/training_new_domains/2026-08-28/preserve4_tpp_stage2_confirmation/20684889_Re-Tr_tpp_tpp_mcts_orig_vh_e.5_c.1_s1972442430_K0_P4S2A10_src20523032.txt
preserve4-tpp-on-1972442430-stage2-a10-policy-e0065,policy_eval,tpp,on,1972442430,stage2,ready,hadd-astar,"/home/hersco/bershco-nu-asnets/numeric-asnets/asnets/experiment-results/experiments_numeric.domain.tpp-experiments_numeric.architecture_2.tpp_mcts-2026-08-28T23:25:45.276722/P[domain,pfile1,pfile2,pfile4]-S[0.0003,50,enhsp-hadd-astar]-MO[]-T[518400]-04917279-72aea46/snapshots/snapshot_65_1.0000",20684889,65,preserve4_stage2_policy_curve,COMPLETED,/home/hersco/training_new_domains/2026-08-28/preserve4_tpp_stage2_confirmation/20684889_Re-Tr_tpp_tpp_mcts_orig_vh_e.5_c.1_s1972442430_K0_P4S2A10_src20523032.txt
preserve4-tpp-on-1972442430-stage2-a10-policy-e0070,policy_eval,tpp,on,1972442430,stage2,ready,hadd-astar,"/home/hersco/bershco-nu-asnets/numeric-asnets/asnets/experiment-results/experiments_numeric.domain.tpp-experiments_numeric.architecture_2.tpp_mcts-2026-08-28T23:25:45.276722/P[domain,pfile1,pfile2,pfile4]-S[0.0003,50,enhsp-hadd-astar]-MO[]-T[518400]-04917279-72aea46/snapshots/snapshot_70_1.0000",20684889,70,preserve4_stage2_policy_curve,COMPLETED,/home/hersco/training_new_domains/2026-08-28/preserve4_tpp_stage2_confirmation/20684889_Re-Tr_tpp_tpp_mcts_orig_vh_e.5_c.1_s1972442430_K0_P4S2A10_src20523032.txt
preserve4-tpp-on-1972442430-stage2-a10-policy-e0075,policy_eval,tpp,on,1972442430,stage2,ready,hadd-astar,"/home/hersco/bershco-nu-asnets/numeric-asnets/asnets/experiment-results/experiments_numeric.domain.tpp-experiments_numeric.architecture_2.tpp_mcts-2026-08-28T23:25:45.276722/P[domain,pfile1,pfile2,pfile4]-S[0.0003,50,enhsp-hadd-astar]-MO[]-T[518400]-04917279-72aea46/snapshots/snapshot_75_1.0000",20684889,75,preserve4_stage2_policy_curve,COMPLETED,/home/hersco/training_new_domains/2026-08-28/preserve4_tpp_stage2_confirmation/20684889_Re-Tr_tpp_tpp_mcts_orig_vh_e.5_c.1_s1972442430_K0_P4S2A10_src20523032.txt
preserve4-tpp-on-1972442430-stage2-a10-policy-e0080,policy_eval,tpp,on,1972442430,stage2,ready,hadd-astar,"/home/hersco/bershco-nu-asnets/numeric-asnets/asnets/experiment-results/experiments_numeric.domain.tpp-experiments_numeric.architecture_2.tpp_mcts-2026-08-28T23:25:45.276722/P[domain,pfile1,pfile2,pfile4]-S[0.0003,50,enhsp-hadd-astar]-MO[]-T[518400]-04917279-72aea46/snapshots/snapshot_80_1.0000",20684889,80,preserve4_stage2_policy_curve,COMPLETED,/home/hersco/training_new_domains/2026-08-28/preserve4_tpp_stage2_confirmation/20684889_Re-Tr_tpp_tpp_mcts_orig_vh_e.5_c.1_s1972442430_K0_P4S2A10_src20523032.txt
preserve4-tpp-on-1972442430-stage2-a10-policy-e0085,policy_eval,tpp,on,1972442430,stage2,ready,hadd-astar,"/home/hersco/bershco-nu-asnets/numeric-asnets/asnets/experiment-results/experiments_numeric.domain.tpp-experiments_numeric.architecture_2.tpp_mcts-2026-08-28T23:25:45.276722/P[domain,pfile1,pfile2,pfile4]-S[0.0003,50,enhsp-hadd-astar]-MO[]-T[518400]-04917279-72aea46/snapshots/snapshot_85_1.0000",20684889,85,preserve4_stage2_policy_curve,COMPLETED,/home/hersco/training_new_domains/2026-08-28/preserve4_tpp_stage2_confirmation/20684889_Re-Tr_tpp_tpp_mcts_orig_vh_e.5_c.1_s1972442430_K0_P4S2A10_src20523032.txt
preserve4-tpp-on-1972442430-stage2-a10-policy-e0090,policy_eval,tpp,on,1972442430,stage2,ready,hadd-astar,"/home/hersco/bershco-nu-asnets/numeric-asnets/asnets/experiment-results/experiments_numeric.domain.tpp-experiments_numeric.architecture_2.tpp_mcts-2026-08-28T23:25:45.276722/P[domain,pfile1,pfile2,pfile4]-S[0.0003,50,enhsp-hadd-astar]-MO[]-T[518400]-04917279-72aea46/snapshots/snapshot_90_1.0000",20684889,90,preserve4_stage2_policy_curve,COMPLETED,/home/hersco/training_new_domains/2026-08-28/preserve4_tpp_stage2_confirmation/20684889_Re-Tr_tpp_tpp_mcts_orig_vh_e.5_c.1_s1972442430_K0_P4S2A10_src20523032.txt
preserve4-tpp-on-1972442430-stage2-a10-policy-e0095,policy_eval,tpp,on,1972442430,stage2,ready,hadd-astar,"/home/hersco/bershco-nu-asnets/numeric-asnets/asnets/experiment-results/experiments_numeric.domain.tpp-experiments_numeric.architecture_2.tpp_mcts-2026-08-28T23:25:45.276722/P[domain,pfile1,pfile2,pfile4]-S[0.0003,50,enhsp-hadd-astar]-MO[]-T[518400]-04917279-72aea46/snapshots/snapshot_95_1.0000",20684889,95,preserve4_stage2_policy_curve,COMPLETED,/home/hersco/training_new_domains/2026-08-28/preserve4_tpp_stage2_confirmation/20684889_Re-Tr_tpp_tpp_mcts_orig_vh_e.5_c.1_s1972442430_K0_P4S2A10_src20523032.txt
preserve4-tpp-on-1972442430-stage2-a10-policy-e0099,policy_eval,tpp,on,1972442430,stage2,ready,hadd-astar,"/home/hersco/bershco-nu-asnets/numeric-asnets/asnets/experiment-results/experiments_numeric.domain.tpp-experiments_numeric.architecture_2.tpp_mcts-2026-08-28T23:25:45.276722/P[domain,pfile1,pfile2,pfile4]-S[0.0003,50,enhsp-hadd-astar]-MO[]-T[518400]-04917279-72aea46/snapshots/snapshot_99_1.0000",20684889,99,preserve4_stage2_policy_curve;stage2_final_policy,COMPLETED,/home/hersco/training_new_domains/2026-08-28/preserve4_tpp_stage2_confirmation/20684889_Re-Tr_tpp_tpp_mcts_orig_vh_e.5_c.1_s1972442430_K0_P4S2A10_src20523032.txt
