manifest_id	task_type	domain	value_head	seed	source_training_job_id	snapshot_epoch	slurm_job_id	submitted_at	source_checkpoint
preserve4-tpp-off-923500475-stage2-a3-policy-e0000	policy_eval	tpp	off	923500475	20684876	0	20688004	2026-08-29T10:47:45.947604+00:00	/home/hersco/bershco-nu-asnets/numeric-asnets/asnets/experiment-results/experiments_numeric.domain.tpp-experiments_numeric.architecture_2.tpp_mcts-2026-08-28T22:44:09.418213/P[domain,pfile1,pfile2,pfile4]-S[0.0003,50,enhsp-hadd-astar]-MO[]-T[518400]-04917238-5194f74/snapshots/snapshot_0_1.0000
preserve4-tpp-off-923500475-stage2-a3-policy-e0005	policy_eval	tpp	off	923500475	20684876	5	20688005	2026-08-29T10:47:46.040137+00:00	/home/hersco/bershco-nu-asnets/numeric-asnets/asnets/experiment-results/experiments_numeric.domain.tpp-experiments_numeric.architecture_2.tpp_mcts-2026-08-28T22:44:09.418213/P[domain,pfile1,pfile2,pfile4]-S[0.0003,50,enhsp-hadd-astar]-MO[]-T[518400]-04917238-5194f74/snapshots/snapshot_5_1.0000
preserve4-tpp-off-923500475-stage2-a3-policy-e0010	policy_eval	tpp	off	923500475	20684876	10	20688006	2026-08-29T10:47:46.134173+00:00	/home/hersco/bershco-nu-asnets/numeric-asnets/asnets/experiment-results/experiments_numeric.domain.tpp-experiments_numeric.architecture_2.tpp_mcts-2026-08-28T22:44:09.418213/P[domain,pfile1,pfile2,pfile4]-S[0.0003,50,enhsp-hadd-astar]-MO[]-T[518400]-04917238-5194f74/snapshots/snapshot_10_1.0000
preserve4-tpp-off-923500475-stage2-a3-policy-e0015	policy_eval	tpp	off	923500475	20684876	15	20688007	2026-08-29T10:47:46.223569+00:00	/home/hersco/bershco-nu-asnets/numeric-asnets/asnets/experiment-results/experiments_numeric.domain.tpp-experiments_numeric.architecture_2.tpp_mcts-2026-08-28T22:44:09.418213/P[domain,pfile1,pfile2,pfile4]-S[0.0003,50,enhsp-hadd-astar]-MO[]-T[518400]-04917238-5194f74/snapshots/snapshot_15_1.0000
preserve4-tpp-off-923500475-stage2-a3-policy-e0020	policy_eval	tpp	off	923500475	20684876	20	20688008	2026-08-29T10:47:46.313419+00:00	/home/hersco/bershco-nu-asnets/numeric-asnets/asnets/experiment-results/experiments_numeric.domain.tpp-experiments_numeric.architecture_2.tpp_mcts-2026-08-28T22:44:09.418213/P[domain,pfile1,pfile2,pfile4]-S[0.0003,50,enhsp-hadd-astar]-MO[]-T[518400]-04917238-5194f74/snapshots/snapshot_20_1.0000
preserve4-tpp-off-923500475-stage2-a3-policy-e0025	policy_eval	tpp	off	923500475	20684876	25	20688009	2026-08-29T10:47:46.402467+00:00	/home/hersco/bershco-nu-asnets/numeric-asnets/asnets/experiment-results/experiments_numeric.domain.tpp-experiments_numeric.architecture_2.tpp_mcts-2026-08-28T22:44:09.418213/P[domain,pfile1,pfile2,pfile4]-S[0.0003,50,enhsp-hadd-astar]-MO[]-T[518400]-04917238-5194f74/snapshots/snapshot_25_1.0000
preserve4-tpp-off-923500475-stage2-a3-policy-e0030	policy_eval	tpp	off	923500475	20684876	30	20688010	2026-08-29T10:47:46.491401+00:00	/home/hersco/bershco-nu-asnets/numeric-asnets/asnets/experiment-results/experiments_numeric.domain.tpp-experiments_numeric.architecture_2.tpp_mcts-2026-08-28T22:44:09.418213/P[domain,pfile1,pfile2,pfile4]-S[0.0003,50,enhsp-hadd-astar]-MO[]-T[518400]-04917238-5194f74/snapshots/snapshot_30_1.0000
preserve4-tpp-off-923500475-stage2-a3-policy-e0035	policy_eval	tpp	off	923500475	20684876	35	20688011	2026-08-29T10:47:46.580893+00:00	/home/hersco/bershco-nu-asnets/numeric-asnets/asnets/experiment-results/experiments_numeric.domain.tpp-experiments_numeric.architecture_2.tpp_mcts-2026-08-28T22:44:09.418213/P[domain,pfile1,pfile2,pfile4]-S[0.0003,50,enhsp-hadd-astar]-MO[]-T[518400]-04917238-5194f74/snapshots/snapshot_35_1.0000
preserve4-tpp-off-923500475-stage2-a3-policy-e0040	policy_eval	tpp	off	923500475	20684876	40	20688012	2026-08-29T10:47:46.672461+00:00	/home/hersco/bershco-nu-asnets/numeric-asnets/asnets/experiment-results/experiments_numeric.domain.tpp-experiments_numeric.architecture_2.tpp_mcts-2026-08-28T22:44:09.418213/P[domain,pfile1,pfile2,pfile4]-S[0.0003,50,enhsp-hadd-astar]-MO[]-T[518400]-04917238-5194f74/snapshots/snapshot_40_1.0000
preserve4-tpp-off-923500475-stage2-a3-policy-e0045	policy_eval	tpp	off	923500475	20684876	45	20688013	2026-08-29T10:47:46.762137+00:00	/home/hersco/bershco-nu-asnets/numeric-asnets/asnets/experiment-results/experiments_numeric.domain.tpp-experiments_numeric.architecture_2.tpp_mcts-2026-08-28T22:44:09.418213/P[domain,pfile1,pfile2,pfile4]-S[0.0003,50,enhsp-hadd-astar]-MO[]-T[518400]-04917238-5194f74/snapshots/snapshot_45_1.0000
preserve4-tpp-off-923500475-stage2-a3-policy-e0050	policy_eval	tpp	off	923500475	20684876	50	20688014	2026-08-29T10:47:46.855582+00:00	/home/hersco/bershco-nu-asnets/numeric-asnets/asnets/experiment-results/experiments_numeric.domain.tpp-experiments_numeric.architecture_2.tpp_mcts-2026-08-28T22:44:09.418213/P[domain,pfile1,pfile2,pfile4]-S[0.0003,50,enhsp-hadd-astar]-MO[]-T[518400]-04917238-5194f74/snapshots/snapshot_50_1.0000
preserve4-tpp-off-923500475-stage2-a3-policy-e0055	policy_eval	tpp	off	923500475	20684876	55	20688015	2026-08-29T10:47:46.946951+00:00	/home/hersco/bershco-nu-asnets/numeric-asnets/asnets/experiment-results/experiments_numeric.domain.tpp-experiments_numeric.architecture_2.tpp_mcts-2026-08-28T22:44:09.418213/P[domain,pfile1,pfile2,pfile4]-S[0.0003,50,enhsp-hadd-astar]-MO[]-T[518400]-04917238-5194f74/snapshots/snapshot_55_1.0000
preserve4-tpp-off-923500475-stage2-a3-policy-e0060	policy_eval	tpp	off	923500475	20684876	60	20688016	2026-08-29T10:47:47.038174+00:00	/home/hersco/bershco-nu-asnets/numeric-asnets/asnets/experiment-results/experiments_numeric.domain.tpp-experiments_numeric.architecture_2.tpp_mcts-2026-08-28T22:44:09.418213/P[domain,pfile1,pfile2,pfile4]-S[0.0003,50,enhsp-hadd-astar]-MO[]-T[518400]-04917238-5194f74/snapshots/snapshot_60_1.0000
preserve4-tpp-off-923500475-stage2-a3-policy-e0065	policy_eval	tpp	off	923500475	20684876	65	20688017	2026-08-29T10:47:47.133591+00:00	/home/hersco/bershco-nu-asnets/numeric-asnets/asnets/experiment-results/experiments_numeric.domain.tpp-experiments_numeric.architecture_2.tpp_mcts-2026-08-28T22:44:09.418213/P[domain,pfile1,pfile2,pfile4]-S[0.0003,50,enhsp-hadd-astar]-MO[]-T[518400]-04917238-5194f74/snapshots/snapshot_65_1.0000
preserve4-tpp-off-923500475-stage2-a3-policy-e0070	policy_eval	tpp	off	923500475	20684876	70	20688018	2026-08-29T10:47:47.222356+00:00	/home/hersco/bershco-nu-asnets/numeric-asnets/asnets/experiment-results/experiments_numeric.domain.tpp-experiments_numeric.architecture_2.tpp_mcts-2026-08-28T22:44:09.418213/P[domain,pfile1,pfile2,pfile4]-S[0.0003,50,enhsp-hadd-astar]-MO[]-T[518400]-04917238-5194f74/snapshots/snapshot_70_1.0000
preserve4-tpp-off-923500475-stage2-a3-policy-e0075	policy_eval	tpp	off	923500475	20684876	75	20688019	2026-08-29T10:47:47.310828+00:00	/home/hersco/bershco-nu-asnets/numeric-asnets/asnets/experiment-results/experiments_numeric.domain.tpp-experiments_numeric.architecture_2.tpp_mcts-2026-08-28T22:44:09.418213/P[domain,pfile1,pfile2,pfile4]-S[0.0003,50,enhsp-hadd-astar]-MO[]-T[518400]-04917238-5194f74/snapshots/snapshot_75_1.0000
preserve4-tpp-off-923500475-stage2-a3-policy-e0080	policy_eval	tpp	off	923500475	20684876	80	20688020	2026-08-29T10:47:47.401263+00:00	/home/hersco/bershco-nu-asnets/numeric-asnets/asnets/experiment-results/experiments_numeric.domain.tpp-experiments_numeric.architecture_2.tpp_mcts-2026-08-28T22:44:09.418213/P[domain,pfile1,pfile2,pfile4]-S[0.0003,50,enhsp-hadd-astar]-MO[]-T[518400]-04917238-5194f74/snapshots/snapshot_80_1.0000
preserve4-tpp-off-923500475-stage2-a3-policy-e0085	policy_eval	tpp	off	923500475	20684876	85	20688021	2026-08-29T10:47:47.493734+00:00	/home/hersco/bershco-nu-asnets/numeric-asnets/asnets/experiment-results/experiments_numeric.domain.tpp-experiments_numeric.architecture_2.tpp_mcts-2026-08-28T22:44:09.418213/P[domain,pfile1,pfile2,pfile4]-S[0.0003,50,enhsp-hadd-astar]-MO[]-T[518400]-04917238-5194f74/snapshots/snapshot_85_1.0000
preserve4-tpp-off-923500475-stage2-a3-policy-e0090	policy_eval	tpp	off	923500475	20684876	90	20688022	2026-08-29T10:47:47.583647+00:00	/home/hersco/bershco-nu-asnets/numeric-asnets/asnets/experiment-results/experiments_numeric.domain.tpp-experiments_numeric.architecture_2.tpp_mcts-2026-08-28T22:44:09.418213/P[domain,pfile1,pfile2,pfile4]-S[0.0003,50,enhsp-hadd-astar]-MO[]-T[518400]-04917238-5194f74/snapshots/snapshot_90_1.0000
preserve4-tpp-off-923500475-stage2-a3-policy-e0095	policy_eval	tpp	off	923500475	20684876	95	20688023	2026-08-29T10:47:47.673693+00:00	/home/hersco/bershco-nu-asnets/numeric-asnets/asnets/experiment-results/experiments_numeric.domain.tpp-experiments_numeric.architecture_2.tpp_mcts-2026-08-28T22:44:09.418213/P[domain,pfile1,pfile2,pfile4]-S[0.0003,50,enhsp-hadd-astar]-MO[]-T[518400]-04917238-5194f74/snapshots/snapshot_95_1.0000
preserve4-tpp-off-923500475-stage2-a3-policy-e0099	policy_eval	tpp	off	923500475	20684876	99	20688024	2026-08-29T10:47:47.762164+00:00	/home/hersco/bershco-nu-asnets/numeric-asnets/asnets/experiment-results/experiments_numeric.domain.tpp-experiments_numeric.architecture_2.tpp_mcts-2026-08-28T22:44:09.418213/P[domain,pfile1,pfile2,pfile4]-S[0.0003,50,enhsp-hadd-astar]-MO[]-T[518400]-04917238-5194f74/snapshots/snapshot_99_1.0000
preserve4-tpp-off-1239739722-stage2-a3-policy-e0000	policy_eval	tpp	off	1239739722	20684878	0	20688025	2026-08-29T10:47:47.856935+00:00	/home/hersco/bershco-nu-asnets/numeric-asnets/asnets/experiment-results/experiments_numeric.domain.tpp-experiments_numeric.architecture_2.tpp_mcts-2026-08-28T22:55:35.859763/P[domain,pfile1,pfile2,pfile4]-S[0.0003,50,enhsp-hadd-astar]-MO[]-T[518400]-04917249-7d9a779/snapshots/snapshot_0_1.0000
preserve4-tpp-off-1239739722-stage2-a3-policy-e0005	policy_eval	tpp	off	1239739722	20684878	5	20688026	2026-08-29T10:47:47.944698+00:00	/home/hersco/bershco-nu-asnets/numeric-asnets/asnets/experiment-results/experiments_numeric.domain.tpp-experiments_numeric.architecture_2.tpp_mcts-2026-08-28T22:55:35.859763/P[domain,pfile1,pfile2,pfile4]-S[0.0003,50,enhsp-hadd-astar]-MO[]-T[518400]-04917249-7d9a779/snapshots/snapshot_5_1.0000
preserve4-tpp-off-1239739722-stage2-a3-policy-e0010	policy_eval	tpp	off	1239739722	20684878	10	20688027	2026-08-29T10:47:48.047757+00:00	/home/hersco/bershco-nu-asnets/numeric-asnets/asnets/experiment-results/experiments_numeric.domain.tpp-experiments_numeric.architecture_2.tpp_mcts-2026-08-28T22:55:35.859763/P[domain,pfile1,pfile2,pfile4]-S[0.0003,50,enhsp-hadd-astar]-MO[]-T[518400]-04917249-7d9a779/snapshots/snapshot_10_1.0000
preserve4-tpp-off-1239739722-stage2-a3-policy-e0015	policy_eval	tpp	off	1239739722	20684878	15	20688028	2026-08-29T10:47:48.149852+00:00	/home/hersco/bershco-nu-asnets/numeric-asnets/asnets/experiment-results/experiments_numeric.domain.tpp-experiments_numeric.architecture_2.tpp_mcts-2026-08-28T22:55:35.859763/P[domain,pfile1,pfile2,pfile4]-S[0.0003,50,enhsp-hadd-astar]-MO[]-T[518400]-04917249-7d9a779/snapshots/snapshot_15_1.0000
preserve4-tpp-off-1239739722-stage2-a3-policy-e0020	policy_eval	tpp	off	1239739722	20684878	20	20688029	2026-08-29T10:47:48.238615+00:00	/home/hersco/bershco-nu-asnets/numeric-asnets/asnets/experiment-results/experiments_numeric.domain.tpp-experiments_numeric.architecture_2.tpp_mcts-2026-08-28T22:55:35.859763/P[domain,pfile1,pfile2,pfile4]-S[0.0003,50,enhsp-hadd-astar]-MO[]-T[518400]-04917249-7d9a779/snapshots/snapshot_20_1.0000
preserve4-tpp-off-1239739722-stage2-a3-policy-e0025	policy_eval	tpp	off	1239739722	20684878	25	20688030	2026-08-29T10:47:48.327256+00:00	/home/hersco/bershco-nu-asnets/numeric-asnets/asnets/experiment-results/experiments_numeric.domain.tpp-experiments_numeric.architecture_2.tpp_mcts-2026-08-28T22:55:35.859763/P[domain,pfile1,pfile2,pfile4]-S[0.0003,50,enhsp-hadd-astar]-MO[]-T[518400]-04917249-7d9a779/snapshots/snapshot_25_1.0000
preserve4-tpp-off-1239739722-stage2-a3-policy-e0030	policy_eval	tpp	off	1239739722	20684878	30	20688031	2026-08-29T10:47:48.415683+00:00	/home/hersco/bershco-nu-asnets/numeric-asnets/asnets/experiment-results/experiments_numeric.domain.tpp-experiments_numeric.architecture_2.tpp_mcts-2026-08-28T22:55:35.859763/P[domain,pfile1,pfile2,pfile4]-S[0.0003,50,enhsp-hadd-astar]-MO[]-T[518400]-04917249-7d9a779/snapshots/snapshot_30_1.0000
preserve4-tpp-off-1239739722-stage2-a3-policy-e0035	policy_eval	tpp	off	1239739722	20684878	35	20688032	2026-08-29T10:47:48.506205+00:00	/home/hersco/bershco-nu-asnets/numeric-asnets/asnets/experiment-results/experiments_numeric.domain.tpp-experiments_numeric.architecture_2.tpp_mcts-2026-08-28T22:55:35.859763/P[domain,pfile1,pfile2,pfile4]-S[0.0003,50,enhsp-hadd-astar]-MO[]-T[518400]-04917249-7d9a779/snapshots/snapshot_35_1.0000
preserve4-tpp-off-1239739722-stage2-a3-policy-e0040	policy_eval	tpp	off	1239739722	20684878	40	20688033	2026-08-29T10:47:48.596540+00:00	/home/hersco/bershco-nu-asnets/numeric-asnets/asnets/experiment-results/experiments_numeric.domain.tpp-experiments_numeric.architecture_2.tpp_mcts-2026-08-28T22:55:35.859763/P[domain,pfile1,pfile2,pfile4]-S[0.0003,50,enhsp-hadd-astar]-MO[]-T[518400]-04917249-7d9a779/snapshots/snapshot_40_1.0000
preserve4-tpp-off-1239739722-stage2-a3-policy-e0045	policy_eval	tpp	off	1239739722	20684878	45	20688034	2026-08-29T10:47:48.685162+00:00	/home/hersco/bershco-nu-asnets/numeric-asnets/asnets/experiment-results/experiments_numeric.domain.tpp-experiments_numeric.architecture_2.tpp_mcts-2026-08-28T22:55:35.859763/P[domain,pfile1,pfile2,pfile4]-S[0.0003,50,enhsp-hadd-astar]-MO[]-T[518400]-04917249-7d9a779/snapshots/snapshot_45_1.0000
preserve4-tpp-off-1239739722-stage2-a3-policy-e0050	policy_eval	tpp	off	1239739722	20684878	50	20688035	2026-08-29T10:47:48.774310+00:00	/home/hersco/bershco-nu-asnets/numeric-asnets/asnets/experiment-results/experiments_numeric.domain.tpp-experiments_numeric.architecture_2.tpp_mcts-2026-08-28T22:55:35.859763/P[domain,pfile1,pfile2,pfile4]-S[0.0003,50,enhsp-hadd-astar]-MO[]-T[518400]-04917249-7d9a779/snapshots/snapshot_50_1.0000
preserve4-tpp-off-1239739722-stage2-a3-policy-e0055	policy_eval	tpp	off	1239739722	20684878	55	20688036	2026-08-29T10:47:48.865711+00:00	/home/hersco/bershco-nu-asnets/numeric-asnets/asnets/experiment-results/experiments_numeric.domain.tpp-experiments_numeric.architecture_2.tpp_mcts-2026-08-28T22:55:35.859763/P[domain,pfile1,pfile2,pfile4]-S[0.0003,50,enhsp-hadd-astar]-MO[]-T[518400]-04917249-7d9a779/snapshots/snapshot_55_1.0000
preserve4-tpp-off-1239739722-stage2-a3-policy-e0060	policy_eval	tpp	off	1239739722	20684878	60	20688037	2026-08-29T10:47:48.954924+00:00	/home/hersco/bershco-nu-asnets/numeric-asnets/asnets/experiment-results/experiments_numeric.domain.tpp-experiments_numeric.architecture_2.tpp_mcts-2026-08-28T22:55:35.859763/P[domain,pfile1,pfile2,pfile4]-S[0.0003,50,enhsp-hadd-astar]-MO[]-T[518400]-04917249-7d9a779/snapshots/snapshot_60_1.0000
preserve4-tpp-off-1239739722-stage2-a3-policy-e0065	policy_eval	tpp	off	1239739722	20684878	65	20688038	2026-08-29T10:47:49.043048+00:00	/home/hersco/bershco-nu-asnets/numeric-asnets/asnets/experiment-results/experiments_numeric.domain.tpp-experiments_numeric.architecture_2.tpp_mcts-2026-08-28T22:55:35.859763/P[domain,pfile1,pfile2,pfile4]-S[0.0003,50,enhsp-hadd-astar]-MO[]-T[518400]-04917249-7d9a779/snapshots/snapshot_65_1.0000
preserve4-tpp-off-1239739722-stage2-a3-policy-e0070	policy_eval	tpp	off	1239739722	20684878	70	20688039	2026-08-29T10:47:49.135542+00:00	/home/hersco/bershco-nu-asnets/numeric-asnets/asnets/experiment-results/experiments_numeric.domain.tpp-experiments_numeric.architecture_2.tpp_mcts-2026-08-28T22:55:35.859763/P[domain,pfile1,pfile2,pfile4]-S[0.0003,50,enhsp-hadd-astar]-MO[]-T[518400]-04917249-7d9a779/snapshots/snapshot_70_1.0000
preserve4-tpp-off-1239739722-stage2-a3-policy-e0075	policy_eval	tpp	off	1239739722	20684878	75	20688040	2026-08-29T10:47:49.224645+00:00	/home/hersco/bershco-nu-asnets/numeric-asnets/asnets/experiment-results/experiments_numeric.domain.tpp-experiments_numeric.architecture_2.tpp_mcts-2026-08-28T22:55:35.859763/P[domain,pfile1,pfile2,pfile4]-S[0.0003,50,enhsp-hadd-astar]-MO[]-T[518400]-04917249-7d9a779/snapshots/snapshot_75_1.0000
preserve4-tpp-off-1239739722-stage2-a3-policy-e0080	policy_eval	tpp	off	1239739722	20684878	80	20688041	2026-08-29T10:47:49.316078+00:00	/home/hersco/bershco-nu-asnets/numeric-asnets/asnets/experiment-results/experiments_numeric.domain.tpp-experiments_numeric.architecture_2.tpp_mcts-2026-08-28T22:55:35.859763/P[domain,pfile1,pfile2,pfile4]-S[0.0003,50,enhsp-hadd-astar]-MO[]-T[518400]-04917249-7d9a779/snapshots/snapshot_80_1.0000
preserve4-tpp-off-1239739722-stage2-a3-policy-e0085	policy_eval	tpp	off	1239739722	20684878	85	20688042	2026-08-29T10:47:49.404499+00:00	/home/hersco/bershco-nu-asnets/numeric-asnets/asnets/experiment-results/experiments_numeric.domain.tpp-experiments_numeric.architecture_2.tpp_mcts-2026-08-28T22:55:35.859763/P[domain,pfile1,pfile2,pfile4]-S[0.0003,50,enhsp-hadd-astar]-MO[]-T[518400]-04917249-7d9a779/snapshots/snapshot_85_1.0000
preserve4-tpp-off-1239739722-stage2-a3-policy-e0090	policy_eval	tpp	off	1239739722	20684878	90	20688043	2026-08-29T10:47:49.493628+00:00	/home/hersco/bershco-nu-asnets/numeric-asnets/asnets/experiment-results/experiments_numeric.domain.tpp-experiments_numeric.architecture_2.tpp_mcts-2026-08-28T22:55:35.859763/P[domain,pfile1,pfile2,pfile4]-S[0.0003,50,enhsp-hadd-astar]-MO[]-T[518400]-04917249-7d9a779/snapshots/snapshot_90_1.0000
preserve4-tpp-off-1239739722-stage2-a3-policy-e0095	policy_eval	tpp	off	1239739722	20684878	95	20688044	2026-08-29T10:47:49.582345+00:00	/home/hersco/bershco-nu-asnets/numeric-asnets/asnets/experiment-results/experiments_numeric.domain.tpp-experiments_numeric.architecture_2.tpp_mcts-2026-08-28T22:55:35.859763/P[domain,pfile1,pfile2,pfile4]-S[0.0003,50,enhsp-hadd-astar]-MO[]-T[518400]-04917249-7d9a779/snapshots/snapshot_95_1.0000
preserve4-tpp-off-1239739722-stage2-a3-policy-e0099	policy_eval	tpp	off	1239739722	20684878	99	20688045	2026-08-29T10:47:49.671435+00:00	/home/hersco/bershco-nu-asnets/numeric-asnets/asnets/experiment-results/experiments_numeric.domain.tpp-experiments_numeric.architecture_2.tpp_mcts-2026-08-28T22:55:35.859763/P[domain,pfile1,pfile2,pfile4]-S[0.0003,50,enhsp-hadd-astar]-MO[]-T[518400]-04917249-7d9a779/snapshots/snapshot_99_1.0000
preserve4-tpp-off-1472491096-stage2-a3-policy-e0000	policy_eval	tpp	off	1472491096	20684879	0	20688046	2026-08-29T10:47:49.760753+00:00	/home/hersco/bershco-nu-asnets/numeric-asnets/asnets/experiment-results/experiments_numeric.domain.tpp-experiments_numeric.architecture_2.tpp_mcts-2026-08-28T22:59:10.774442/P[domain,pfile1,pfile2,pfile4]-S[0.0003,50,enhsp-hadd-astar]-MO[]-T[518400]-04917253-43e0a7a/snapshots/snapshot_0_1.0000
preserve4-tpp-off-1472491096-stage2-a3-policy-e0005	policy_eval	tpp	off	1472491096	20684879	5	20688047	2026-08-29T10:47:49.848978+00:00	/home/hersco/bershco-nu-asnets/numeric-asnets/asnets/experiment-results/experiments_numeric.domain.tpp-experiments_numeric.architecture_2.tpp_mcts-2026-08-28T22:59:10.774442/P[domain,pfile1,pfile2,pfile4]-S[0.0003,50,enhsp-hadd-astar]-MO[]-T[518400]-04917253-43e0a7a/snapshots/snapshot_5_1.0000
preserve4-tpp-off-1472491096-stage2-a3-policy-e0010	policy_eval	tpp	off	1472491096	20684879	10	20688048	2026-08-29T10:47:49.938738+00:00	/home/hersco/bershco-nu-asnets/numeric-asnets/asnets/experiment-results/experiments_numeric.domain.tpp-experiments_numeric.architecture_2.tpp_mcts-2026-08-28T22:59:10.774442/P[domain,pfile1,pfile2,pfile4]-S[0.0003,50,enhsp-hadd-astar]-MO[]-T[518400]-04917253-43e0a7a/snapshots/snapshot_10_1.0000
preserve4-tpp-off-1472491096-stage2-a3-policy-e0015	policy_eval	tpp	off	1472491096	20684879	15	20688049	2026-08-29T10:47:50.028833+00:00	/home/hersco/bershco-nu-asnets/numeric-asnets/asnets/experiment-results/experiments_numeric.domain.tpp-experiments_numeric.architecture_2.tpp_mcts-2026-08-28T22:59:10.774442/P[domain,pfile1,pfile2,pfile4]-S[0.0003,50,enhsp-hadd-astar]-MO[]-T[518400]-04917253-43e0a7a/snapshots/snapshot_15_1.0000
preserve4-tpp-off-1472491096-stage2-a3-policy-e0020	policy_eval	tpp	off	1472491096	20684879	20	20688050	2026-08-29T10:47:50.123566+00:00	/home/hersco/bershco-nu-asnets/numeric-asnets/asnets/experiment-results/experiments_numeric.domain.tpp-experiments_numeric.architecture_2.tpp_mcts-2026-08-28T22:59:10.774442/P[domain,pfile1,pfile2,pfile4]-S[0.0003,50,enhsp-hadd-astar]-MO[]-T[518400]-04917253-43e0a7a/snapshots/snapshot_20_1.0000
preserve4-tpp-off-1472491096-stage2-a3-policy-e0025	policy_eval	tpp	off	1472491096	20684879	25	20688051	2026-08-29T10:47:50.214268+00:00	/home/hersco/bershco-nu-asnets/numeric-asnets/asnets/experiment-results/experiments_numeric.domain.tpp-experiments_numeric.architecture_2.tpp_mcts-2026-08-28T22:59:10.774442/P[domain,pfile1,pfile2,pfile4]-S[0.0003,50,enhsp-hadd-astar]-MO[]-T[518400]-04917253-43e0a7a/snapshots/snapshot_25_1.0000
preserve4-tpp-off-1472491096-stage2-a3-policy-e0030	policy_eval	tpp	off	1472491096	20684879	30	20688052	2026-08-29T10:47:50.304762+00:00	/home/hersco/bershco-nu-asnets/numeric-asnets/asnets/experiment-results/experiments_numeric.domain.tpp-experiments_numeric.architecture_2.tpp_mcts-2026-08-28T22:59:10.774442/P[domain,pfile1,pfile2,pfile4]-S[0.0003,50,enhsp-hadd-astar]-MO[]-T[518400]-04917253-43e0a7a/snapshots/snapshot_30_1.0000
preserve4-tpp-off-1472491096-stage2-a3-policy-e0035	policy_eval	tpp	off	1472491096	20684879	35	20688053	2026-08-29T10:47:50.408621+00:00	/home/hersco/bershco-nu-asnets/numeric-asnets/asnets/experiment-results/experiments_numeric.domain.tpp-experiments_numeric.architecture_2.tpp_mcts-2026-08-28T22:59:10.774442/P[domain,pfile1,pfile2,pfile4]-S[0.0003,50,enhsp-hadd-astar]-MO[]-T[518400]-04917253-43e0a7a/snapshots/snapshot_35_1.0000
preserve4-tpp-off-1472491096-stage2-a3-policy-e0040	policy_eval	tpp	off	1472491096	20684879	40	20688054	2026-08-29T10:47:50.499546+00:00	/home/hersco/bershco-nu-asnets/numeric-asnets/asnets/experiment-results/experiments_numeric.domain.tpp-experiments_numeric.architecture_2.tpp_mcts-2026-08-28T22:59:10.774442/P[domain,pfile1,pfile2,pfile4]-S[0.0003,50,enhsp-hadd-astar]-MO[]-T[518400]-04917253-43e0a7a/snapshots/snapshot_40_1.0000
preserve4-tpp-off-1472491096-stage2-a3-policy-e0045	policy_eval	tpp	off	1472491096	20684879	45	20688055	2026-08-29T10:47:50.590350+00:00	/home/hersco/bershco-nu-asnets/numeric-asnets/asnets/experiment-results/experiments_numeric.domain.tpp-experiments_numeric.architecture_2.tpp_mcts-2026-08-28T22:59:10.774442/P[domain,pfile1,pfile2,pfile4]-S[0.0003,50,enhsp-hadd-astar]-MO[]-T[518400]-04917253-43e0a7a/snapshots/snapshot_45_1.0000
preserve4-tpp-off-1472491096-stage2-a3-policy-e0050	policy_eval	tpp	off	1472491096	20684879	50	20688056	2026-08-29T10:47:50.681178+00:00	/home/hersco/bershco-nu-asnets/numeric-asnets/asnets/experiment-results/experiments_numeric.domain.tpp-experiments_numeric.architecture_2.tpp_mcts-2026-08-28T22:59:10.774442/P[domain,pfile1,pfile2,pfile4]-S[0.0003,50,enhsp-hadd-astar]-MO[]-T[518400]-04917253-43e0a7a/snapshots/snapshot_50_1.0000
preserve4-tpp-off-1472491096-stage2-a3-policy-e0055	policy_eval	tpp	off	1472491096	20684879	55	20688057	2026-08-29T10:47:50.771907+00:00	/home/hersco/bershco-nu-asnets/numeric-asnets/asnets/experiment-results/experiments_numeric.domain.tpp-experiments_numeric.architecture_2.tpp_mcts-2026-08-28T22:59:10.774442/P[domain,pfile1,pfile2,pfile4]-S[0.0003,50,enhsp-hadd-astar]-MO[]-T[518400]-04917253-43e0a7a/snapshots/snapshot_55_1.0000
preserve4-tpp-off-1472491096-stage2-a3-policy-e0060	policy_eval	tpp	off	1472491096	20684879	60	20688058	2026-08-29T10:47:50.866295+00:00	/home/hersco/bershco-nu-asnets/numeric-asnets/asnets/experiment-results/experiments_numeric.domain.tpp-experiments_numeric.architecture_2.tpp_mcts-2026-08-28T22:59:10.774442/P[domain,pfile1,pfile2,pfile4]-S[0.0003,50,enhsp-hadd-astar]-MO[]-T[518400]-04917253-43e0a7a/snapshots/snapshot_60_1.0000
preserve4-tpp-off-1472491096-stage2-a3-policy-e0065	policy_eval	tpp	off	1472491096	20684879	65	20688059	2026-08-29T10:47:50.957186+00:00	/home/hersco/bershco-nu-asnets/numeric-asnets/asnets/experiment-results/experiments_numeric.domain.tpp-experiments_numeric.architecture_2.tpp_mcts-2026-08-28T22:59:10.774442/P[domain,pfile1,pfile2,pfile4]-S[0.0003,50,enhsp-hadd-astar]-MO[]-T[518400]-04917253-43e0a7a/snapshots/snapshot_65_1.0000
preserve4-tpp-off-1472491096-stage2-a3-policy-e0070	policy_eval	tpp	off	1472491096	20684879	70	20688060	2026-08-29T10:47:51.048212+00:00	/home/hersco/bershco-nu-asnets/numeric-asnets/asnets/experiment-results/experiments_numeric.domain.tpp-experiments_numeric.architecture_2.tpp_mcts-2026-08-28T22:59:10.774442/P[domain,pfile1,pfile2,pfile4]-S[0.0003,50,enhsp-hadd-astar]-MO[]-T[518400]-04917253-43e0a7a/snapshots/snapshot_70_1.0000
preserve4-tpp-off-1472491096-stage2-a3-policy-e0075	policy_eval	tpp	off	1472491096	20684879	75	20688061	2026-08-29T10:47:51.144512+00:00	/home/hersco/bershco-nu-asnets/numeric-asnets/asnets/experiment-results/experiments_numeric.domain.tpp-experiments_numeric.architecture_2.tpp_mcts-2026-08-28T22:59:10.774442/P[domain,pfile1,pfile2,pfile4]-S[0.0003,50,enhsp-hadd-astar]-MO[]-T[518400]-04917253-43e0a7a/snapshots/snapshot_75_1.0000
preserve4-tpp-off-1472491096-stage2-a3-policy-e0080	policy_eval	tpp	off	1472491096	20684879	80	20688062	2026-08-29T10:47:51.236984+00:00	/home/hersco/bershco-nu-asnets/numeric-asnets/asnets/experiment-results/experiments_numeric.domain.tpp-experiments_numeric.architecture_2.tpp_mcts-2026-08-28T22:59:10.774442/P[domain,pfile1,pfile2,pfile4]-S[0.0003,50,enhsp-hadd-astar]-MO[]-T[518400]-04917253-43e0a7a/snapshots/snapshot_80_1.0000
preserve4-tpp-off-1472491096-stage2-a3-policy-e0085	policy_eval	tpp	off	1472491096	20684879	85	20688063	2026-08-29T10:47:51.329072+00:00	/home/hersco/bershco-nu-asnets/numeric-asnets/asnets/experiment-results/experiments_numeric.domain.tpp-experiments_numeric.architecture_2.tpp_mcts-2026-08-28T22:59:10.774442/P[domain,pfile1,pfile2,pfile4]-S[0.0003,50,enhsp-hadd-astar]-MO[]-T[518400]-04917253-43e0a7a/snapshots/snapshot_85_1.0000
preserve4-tpp-off-1472491096-stage2-a3-policy-e0090	policy_eval	tpp	off	1472491096	20684879	90	20688064	2026-08-29T10:47:51.421110+00:00	/home/hersco/bershco-nu-asnets/numeric-asnets/asnets/experiment-results/experiments_numeric.domain.tpp-experiments_numeric.architecture_2.tpp_mcts-2026-08-28T22:59:10.774442/P[domain,pfile1,pfile2,pfile4]-S[0.0003,50,enhsp-hadd-astar]-MO[]-T[518400]-04917253-43e0a7a/snapshots/snapshot_90_1.0000
preserve4-tpp-off-1472491096-stage2-a3-policy-e0095	policy_eval	tpp	off	1472491096	20684879	95	20688065	2026-08-29T10:47:51.512203+00:00	/home/hersco/bershco-nu-asnets/numeric-asnets/asnets/experiment-results/experiments_numeric.domain.tpp-experiments_numeric.architecture_2.tpp_mcts-2026-08-28T22:59:10.774442/P[domain,pfile1,pfile2,pfile4]-S[0.0003,50,enhsp-hadd-astar]-MO[]-T[518400]-04917253-43e0a7a/snapshots/snapshot_95_1.0000
preserve4-tpp-off-1472491096-stage2-a3-policy-e0099	policy_eval	tpp	off	1472491096	20684879	99	20688066	2026-08-29T10:47:51.602524+00:00	/home/hersco/bershco-nu-asnets/numeric-asnets/asnets/experiment-results/experiments_numeric.domain.tpp-experiments_numeric.architecture_2.tpp_mcts-2026-08-28T22:59:10.774442/P[domain,pfile1,pfile2,pfile4]-S[0.0003,50,enhsp-hadd-astar]-MO[]-T[518400]-04917253-43e0a7a/snapshots/snapshot_99_1.0000
preserve4-tpp-off-534933607-stage2-a3-policy-e0000	policy_eval	tpp	off	534933607	20684875	0	20688855	2026-08-29T11:23:18.741577+00:00	/home/hersco/bershco-nu-asnets/numeric-asnets/asnets/experiment-results/experiments_numeric.domain.tpp-experiments_numeric.architecture_2.tpp_mcts-2026-08-28T22:44:13.010972/P[domain,pfile1,pfile2,pfile4]-S[0.0003,50,enhsp-hadd-astar]-MO[]-T[518400]-04917238-3c74d66/snapshots/snapshot_0_1.0000
preserve4-tpp-off-534933607-stage2-a3-policy-e0005	policy_eval	tpp	off	534933607	20684875	5	20688856	2026-08-29T11:23:18.839843+00:00	/home/hersco/bershco-nu-asnets/numeric-asnets/asnets/experiment-results/experiments_numeric.domain.tpp-experiments_numeric.architecture_2.tpp_mcts-2026-08-28T22:44:13.010972/P[domain,pfile1,pfile2,pfile4]-S[0.0003,50,enhsp-hadd-astar]-MO[]-T[518400]-04917238-3c74d66/snapshots/snapshot_5_1.0000
preserve4-tpp-off-534933607-stage2-a3-policy-e0010	policy_eval	tpp	off	534933607	20684875	10	20688857	2026-08-29T11:23:18.931943+00:00	/home/hersco/bershco-nu-asnets/numeric-asnets/asnets/experiment-results/experiments_numeric.domain.tpp-experiments_numeric.architecture_2.tpp_mcts-2026-08-28T22:44:13.010972/P[domain,pfile1,pfile2,pfile4]-S[0.0003,50,enhsp-hadd-astar]-MO[]-T[518400]-04917238-3c74d66/snapshots/snapshot_10_1.0000
preserve4-tpp-off-534933607-stage2-a3-policy-e0015	policy_eval	tpp	off	534933607	20684875	15	20688858	2026-08-29T11:23:19.027168+00:00	/home/hersco/bershco-nu-asnets/numeric-asnets/asnets/experiment-results/experiments_numeric.domain.tpp-experiments_numeric.architecture_2.tpp_mcts-2026-08-28T22:44:13.010972/P[domain,pfile1,pfile2,pfile4]-S[0.0003,50,enhsp-hadd-astar]-MO[]-T[518400]-04917238-3c74d66/snapshots/snapshot_15_1.0000
preserve4-tpp-off-534933607-stage2-a3-policy-e0020	policy_eval	tpp	off	534933607	20684875	20	20688859	2026-08-29T11:23:19.132981+00:00	/home/hersco/bershco-nu-asnets/numeric-asnets/asnets/experiment-results/experiments_numeric.domain.tpp-experiments_numeric.architecture_2.tpp_mcts-2026-08-28T22:44:13.010972/P[domain,pfile1,pfile2,pfile4]-S[0.0003,50,enhsp-hadd-astar]-MO[]-T[518400]-04917238-3c74d66/snapshots/snapshot_20_1.0000
preserve4-tpp-off-534933607-stage2-a3-policy-e0025	policy_eval	tpp	off	534933607	20684875	25	20688860	2026-08-29T11:23:19.233814+00:00	/home/hersco/bershco-nu-asnets/numeric-asnets/asnets/experiment-results/experiments_numeric.domain.tpp-experiments_numeric.architecture_2.tpp_mcts-2026-08-28T22:44:13.010972/P[domain,pfile1,pfile2,pfile4]-S[0.0003,50,enhsp-hadd-astar]-MO[]-T[518400]-04917238-3c74d66/snapshots/snapshot_25_1.0000
preserve4-tpp-off-534933607-stage2-a3-policy-e0030	policy_eval	tpp	off	534933607	20684875	30	20688861	2026-08-29T11:23:19.335609+00:00	/home/hersco/bershco-nu-asnets/numeric-asnets/asnets/experiment-results/experiments_numeric.domain.tpp-experiments_numeric.architecture_2.tpp_mcts-2026-08-28T22:44:13.010972/P[domain,pfile1,pfile2,pfile4]-S[0.0003,50,enhsp-hadd-astar]-MO[]-T[518400]-04917238-3c74d66/snapshots/snapshot_30_1.0000
preserve4-tpp-off-534933607-stage2-a3-policy-e0035	policy_eval	tpp	off	534933607	20684875	35	20688862	2026-08-29T11:23:19.437351+00:00	/home/hersco/bershco-nu-asnets/numeric-asnets/asnets/experiment-results/experiments_numeric.domain.tpp-experiments_numeric.architecture_2.tpp_mcts-2026-08-28T22:44:13.010972/P[domain,pfile1,pfile2,pfile4]-S[0.0003,50,enhsp-hadd-astar]-MO[]-T[518400]-04917238-3c74d66/snapshots/snapshot_35_1.0000
preserve4-tpp-off-534933607-stage2-a3-policy-e0040	policy_eval	tpp	off	534933607	20684875	40	20688863	2026-08-29T11:23:19.538598+00:00	/home/hersco/bershco-nu-asnets/numeric-asnets/asnets/experiment-results/experiments_numeric.domain.tpp-experiments_numeric.architecture_2.tpp_mcts-2026-08-28T22:44:13.010972/P[domain,pfile1,pfile2,pfile4]-S[0.0003,50,enhsp-hadd-astar]-MO[]-T[518400]-04917238-3c74d66/snapshots/snapshot_40_1.0000
preserve4-tpp-off-534933607-stage2-a3-policy-e0045	policy_eval	tpp	off	534933607	20684875	45	20688864	2026-08-29T11:23:19.655440+00:00	/home/hersco/bershco-nu-asnets/numeric-asnets/asnets/experiment-results/experiments_numeric.domain.tpp-experiments_numeric.architecture_2.tpp_mcts-2026-08-28T22:44:13.010972/P[domain,pfile1,pfile2,pfile4]-S[0.0003,50,enhsp-hadd-astar]-MO[]-T[518400]-04917238-3c74d66/snapshots/snapshot_45_1.0000
preserve4-tpp-off-534933607-stage2-a3-policy-e0050	policy_eval	tpp	off	534933607	20684875	50	20688865	2026-08-29T11:23:19.772056+00:00	/home/hersco/bershco-nu-asnets/numeric-asnets/asnets/experiment-results/experiments_numeric.domain.tpp-experiments_numeric.architecture_2.tpp_mcts-2026-08-28T22:44:13.010972/P[domain,pfile1,pfile2,pfile4]-S[0.0003,50,enhsp-hadd-astar]-MO[]-T[518400]-04917238-3c74d66/snapshots/snapshot_50_1.0000
preserve4-tpp-off-534933607-stage2-a3-policy-e0055	policy_eval	tpp	off	534933607	20684875	55	20688866	2026-08-29T11:23:19.886773+00:00	/home/hersco/bershco-nu-asnets/numeric-asnets/asnets/experiment-results/experiments_numeric.domain.tpp-experiments_numeric.architecture_2.tpp_mcts-2026-08-28T22:44:13.010972/P[domain,pfile1,pfile2,pfile4]-S[0.0003,50,enhsp-hadd-astar]-MO[]-T[518400]-04917238-3c74d66/snapshots/snapshot_55_1.0000
preserve4-tpp-off-534933607-stage2-a3-policy-e0060	policy_eval	tpp	off	534933607	20684875	60	20688867	2026-08-29T11:23:20.006304+00:00	/home/hersco/bershco-nu-asnets/numeric-asnets/asnets/experiment-results/experiments_numeric.domain.tpp-experiments_numeric.architecture_2.tpp_mcts-2026-08-28T22:44:13.010972/P[domain,pfile1,pfile2,pfile4]-S[0.0003,50,enhsp-hadd-astar]-MO[]-T[518400]-04917238-3c74d66/snapshots/snapshot_60_1.0000
preserve4-tpp-off-534933607-stage2-a3-policy-e0065	policy_eval	tpp	off	534933607	20684875	65	20688868	2026-08-29T11:23:20.131067+00:00	/home/hersco/bershco-nu-asnets/numeric-asnets/asnets/experiment-results/experiments_numeric.domain.tpp-experiments_numeric.architecture_2.tpp_mcts-2026-08-28T22:44:13.010972/P[domain,pfile1,pfile2,pfile4]-S[0.0003,50,enhsp-hadd-astar]-MO[]-T[518400]-04917238-3c74d66/snapshots/snapshot_65_1.0000
preserve4-tpp-off-534933607-stage2-a3-policy-e0070	policy_eval	tpp	off	534933607	20684875	70	20688869	2026-08-29T11:23:20.265105+00:00	/home/hersco/bershco-nu-asnets/numeric-asnets/asnets/experiment-results/experiments_numeric.domain.tpp-experiments_numeric.architecture_2.tpp_mcts-2026-08-28T22:44:13.010972/P[domain,pfile1,pfile2,pfile4]-S[0.0003,50,enhsp-hadd-astar]-MO[]-T[518400]-04917238-3c74d66/snapshots/snapshot_70_1.0000
preserve4-tpp-off-534933607-stage2-a3-policy-e0075	policy_eval	tpp	off	534933607	20684875	75	20688870	2026-08-29T11:23:20.394974+00:00	/home/hersco/bershco-nu-asnets/numeric-asnets/asnets/experiment-results/experiments_numeric.domain.tpp-experiments_numeric.architecture_2.tpp_mcts-2026-08-28T22:44:13.010972/P[domain,pfile1,pfile2,pfile4]-S[0.0003,50,enhsp-hadd-astar]-MO[]-T[518400]-04917238-3c74d66/snapshots/snapshot_75_1.0000
preserve4-tpp-off-534933607-stage2-a3-policy-e0080	policy_eval	tpp	off	534933607	20684875	80	20688871	2026-08-29T11:23:20.526747+00:00	/home/hersco/bershco-nu-asnets/numeric-asnets/asnets/experiment-results/experiments_numeric.domain.tpp-experiments_numeric.architecture_2.tpp_mcts-2026-08-28T22:44:13.010972/P[domain,pfile1,pfile2,pfile4]-S[0.0003,50,enhsp-hadd-astar]-MO[]-T[518400]-04917238-3c74d66/snapshots/snapshot_80_1.0000
preserve4-tpp-off-534933607-stage2-a3-policy-e0085	policy_eval	tpp	off	534933607	20684875	85	20688874	2026-08-29T11:23:20.658362+00:00	/home/hersco/bershco-nu-asnets/numeric-asnets/asnets/experiment-results/experiments_numeric.domain.tpp-experiments_numeric.architecture_2.tpp_mcts-2026-08-28T22:44:13.010972/P[domain,pfile1,pfile2,pfile4]-S[0.0003,50,enhsp-hadd-astar]-MO[]-T[518400]-04917238-3c74d66/snapshots/snapshot_85_1.0000
preserve4-tpp-off-534933607-stage2-a3-policy-e0090	policy_eval	tpp	off	534933607	20684875	90	20688878	2026-08-29T11:23:20.791360+00:00	/home/hersco/bershco-nu-asnets/numeric-asnets/asnets/experiment-results/experiments_numeric.domain.tpp-experiments_numeric.architecture_2.tpp_mcts-2026-08-28T22:44:13.010972/P[domain,pfile1,pfile2,pfile4]-S[0.0003,50,enhsp-hadd-astar]-MO[]-T[518400]-04917238-3c74d66/snapshots/snapshot_90_1.0000
preserve4-tpp-off-534933607-stage2-a3-policy-e0095	policy_eval	tpp	off	534933607	20684875	95	20688879	2026-08-29T11:23:20.926021+00:00	/home/hersco/bershco-nu-asnets/numeric-asnets/asnets/experiment-results/experiments_numeric.domain.tpp-experiments_numeric.architecture_2.tpp_mcts-2026-08-28T22:44:13.010972/P[domain,pfile1,pfile2,pfile4]-S[0.0003,50,enhsp-hadd-astar]-MO[]-T[518400]-04917238-3c74d66/snapshots/snapshot_95_1.0000
preserve4-tpp-off-534933607-stage2-a3-policy-e0099	policy_eval	tpp	off	534933607	20684875	99	20688880	2026-08-29T11:23:21.067123+00:00	/home/hersco/bershco-nu-asnets/numeric-asnets/asnets/experiment-results/experiments_numeric.domain.tpp-experiments_numeric.architecture_2.tpp_mcts-2026-08-28T22:44:13.010972/P[domain,pfile1,pfile2,pfile4]-S[0.0003,50,enhsp-hadd-astar]-MO[]-T[518400]-04917238-3c74d66/snapshots/snapshot_99_1.0000
preserve4-tpp-off-1073581256-stage2-a3-policy-e0000	policy_eval	tpp	off	1073581256	20684877	0	20688881	2026-08-29T11:23:21.217483+00:00	/home/hersco/bershco-nu-asnets/numeric-asnets/asnets/experiment-results/experiments_numeric.domain.tpp-experiments_numeric.architecture_2.tpp_mcts-2026-08-28T22:48:19.324528/P[domain,pfile1,pfile2,pfile4]-S[0.0003,50,enhsp-hadd-astar]-MO[]-T[518400]-04917242-1247c09/snapshots/snapshot_0_1.0000
preserve4-tpp-off-1073581256-stage2-a3-policy-e0005	policy_eval	tpp	off	1073581256	20684877	5	20688882	2026-08-29T11:23:21.369127+00:00	/home/hersco/bershco-nu-asnets/numeric-asnets/asnets/experiment-results/experiments_numeric.domain.tpp-experiments_numeric.architecture_2.tpp_mcts-2026-08-28T22:48:19.324528/P[domain,pfile1,pfile2,pfile4]-S[0.0003,50,enhsp-hadd-astar]-MO[]-T[518400]-04917242-1247c09/snapshots/snapshot_5_1.0000
preserve4-tpp-off-1073581256-stage2-a3-policy-e0010	policy_eval	tpp	off	1073581256	20684877	10	20688883	2026-08-29T11:23:21.517450+00:00	/home/hersco/bershco-nu-asnets/numeric-asnets/asnets/experiment-results/experiments_numeric.domain.tpp-experiments_numeric.architecture_2.tpp_mcts-2026-08-28T22:48:19.324528/P[domain,pfile1,pfile2,pfile4]-S[0.0003,50,enhsp-hadd-astar]-MO[]-T[518400]-04917242-1247c09/snapshots/snapshot_10_1.0000
preserve4-tpp-off-1073581256-stage2-a3-policy-e0015	policy_eval	tpp	off	1073581256	20684877	15	20688884	2026-08-29T11:23:21.671259+00:00	/home/hersco/bershco-nu-asnets/numeric-asnets/asnets/experiment-results/experiments_numeric.domain.tpp-experiments_numeric.architecture_2.tpp_mcts-2026-08-28T22:48:19.324528/P[domain,pfile1,pfile2,pfile4]-S[0.0003,50,enhsp-hadd-astar]-MO[]-T[518400]-04917242-1247c09/snapshots/snapshot_15_1.0000
preserve4-tpp-off-1073581256-stage2-a3-policy-e0020	policy_eval	tpp	off	1073581256	20684877	20	20688885	2026-08-29T11:23:21.829077+00:00	/home/hersco/bershco-nu-asnets/numeric-asnets/asnets/experiment-results/experiments_numeric.domain.tpp-experiments_numeric.architecture_2.tpp_mcts-2026-08-28T22:48:19.324528/P[domain,pfile1,pfile2,pfile4]-S[0.0003,50,enhsp-hadd-astar]-MO[]-T[518400]-04917242-1247c09/snapshots/snapshot_20_1.0000
preserve4-tpp-off-1073581256-stage2-a3-policy-e0025	policy_eval	tpp	off	1073581256	20684877	25	20688886	2026-08-29T11:23:21.984590+00:00	/home/hersco/bershco-nu-asnets/numeric-asnets/asnets/experiment-results/experiments_numeric.domain.tpp-experiments_numeric.architecture_2.tpp_mcts-2026-08-28T22:48:19.324528/P[domain,pfile1,pfile2,pfile4]-S[0.0003,50,enhsp-hadd-astar]-MO[]-T[518400]-04917242-1247c09/snapshots/snapshot_25_1.0000
preserve4-tpp-off-1073581256-stage2-a3-policy-e0030	policy_eval	tpp	off	1073581256	20684877	30	20688887	2026-08-29T11:23:22.151504+00:00	/home/hersco/bershco-nu-asnets/numeric-asnets/asnets/experiment-results/experiments_numeric.domain.tpp-experiments_numeric.architecture_2.tpp_mcts-2026-08-28T22:48:19.324528/P[domain,pfile1,pfile2,pfile4]-S[0.0003,50,enhsp-hadd-astar]-MO[]-T[518400]-04917242-1247c09/snapshots/snapshot_30_1.0000
preserve4-tpp-off-1073581256-stage2-a3-policy-e0035	policy_eval	tpp	off	1073581256	20684877	35	20688888	2026-08-29T11:23:22.535513+00:00	/home/hersco/bershco-nu-asnets/numeric-asnets/asnets/experiment-results/experiments_numeric.domain.tpp-experiments_numeric.architecture_2.tpp_mcts-2026-08-28T22:48:19.324528/P[domain,pfile1,pfile2,pfile4]-S[0.0003,50,enhsp-hadd-astar]-MO[]-T[518400]-04917242-1247c09/snapshots/snapshot_35_1.0000
preserve4-tpp-off-1073581256-stage2-a3-policy-e0040	policy_eval	tpp	off	1073581256	20684877	40	20688889	2026-08-29T11:23:22.705523+00:00	/home/hersco/bershco-nu-asnets/numeric-asnets/asnets/experiment-results/experiments_numeric.domain.tpp-experiments_numeric.architecture_2.tpp_mcts-2026-08-28T22:48:19.324528/P[domain,pfile1,pfile2,pfile4]-S[0.0003,50,enhsp-hadd-astar]-MO[]-T[518400]-04917242-1247c09/snapshots/snapshot_40_1.0000
preserve4-tpp-off-1073581256-stage2-a3-policy-e0045	policy_eval	tpp	off	1073581256	20684877	45	20688890	2026-08-29T11:23:22.876147+00:00	/home/hersco/bershco-nu-asnets/numeric-asnets/asnets/experiment-results/experiments_numeric.domain.tpp-experiments_numeric.architecture_2.tpp_mcts-2026-08-28T22:48:19.324528/P[domain,pfile1,pfile2,pfile4]-S[0.0003,50,enhsp-hadd-astar]-MO[]-T[518400]-04917242-1247c09/snapshots/snapshot_45_1.0000
preserve4-tpp-off-1073581256-stage2-a3-policy-e0050	policy_eval	tpp	off	1073581256	20684877	50	20688891	2026-08-29T11:23:23.046372+00:00	/home/hersco/bershco-nu-asnets/numeric-asnets/asnets/experiment-results/experiments_numeric.domain.tpp-experiments_numeric.architecture_2.tpp_mcts-2026-08-28T22:48:19.324528/P[domain,pfile1,pfile2,pfile4]-S[0.0003,50,enhsp-hadd-astar]-MO[]-T[518400]-04917242-1247c09/snapshots/snapshot_50_1.0000
preserve4-tpp-off-1073581256-stage2-a3-policy-e0055	policy_eval	tpp	off	1073581256	20684877	55	20688892	2026-08-29T11:23:23.222100+00:00	/home/hersco/bershco-nu-asnets/numeric-asnets/asnets/experiment-results/experiments_numeric.domain.tpp-experiments_numeric.architecture_2.tpp_mcts-2026-08-28T22:48:19.324528/P[domain,pfile1,pfile2,pfile4]-S[0.0003,50,enhsp-hadd-astar]-MO[]-T[518400]-04917242-1247c09/snapshots/snapshot_55_1.0000
preserve4-tpp-off-1073581256-stage2-a3-policy-e0060	policy_eval	tpp	off	1073581256	20684877	60	20688893	2026-08-29T11:23:23.397423+00:00	/home/hersco/bershco-nu-asnets/numeric-asnets/asnets/experiment-results/experiments_numeric.domain.tpp-experiments_numeric.architecture_2.tpp_mcts-2026-08-28T22:48:19.324528/P[domain,pfile1,pfile2,pfile4]-S[0.0003,50,enhsp-hadd-astar]-MO[]-T[518400]-04917242-1247c09/snapshots/snapshot_60_1.0000
preserve4-tpp-off-1073581256-stage2-a3-policy-e0065	policy_eval	tpp	off	1073581256	20684877	65	20688894	2026-08-29T11:23:23.571296+00:00	/home/hersco/bershco-nu-asnets/numeric-asnets/asnets/experiment-results/experiments_numeric.domain.tpp-experiments_numeric.architecture_2.tpp_mcts-2026-08-28T22:48:19.324528/P[domain,pfile1,pfile2,pfile4]-S[0.0003,50,enhsp-hadd-astar]-MO[]-T[518400]-04917242-1247c09/snapshots/snapshot_65_1.0000
preserve4-tpp-off-1073581256-stage2-a3-policy-e0070	policy_eval	tpp	off	1073581256	20684877	70	20688895	2026-08-29T11:23:23.746896+00:00	/home/hersco/bershco-nu-asnets/numeric-asnets/asnets/experiment-results/experiments_numeric.domain.tpp-experiments_numeric.architecture_2.tpp_mcts-2026-08-28T22:48:19.324528/P[domain,pfile1,pfile2,pfile4]-S[0.0003,50,enhsp-hadd-astar]-MO[]-T[518400]-04917242-1247c09/snapshots/snapshot_70_1.0000
preserve4-tpp-off-1073581256-stage2-a3-policy-e0075	policy_eval	tpp	off	1073581256	20684877	75	20688896	2026-08-29T11:23:23.918929+00:00	/home/hersco/bershco-nu-asnets/numeric-asnets/asnets/experiment-results/experiments_numeric.domain.tpp-experiments_numeric.architecture_2.tpp_mcts-2026-08-28T22:48:19.324528/P[domain,pfile1,pfile2,pfile4]-S[0.0003,50,enhsp-hadd-astar]-MO[]-T[518400]-04917242-1247c09/snapshots/snapshot_75_1.0000
preserve4-tpp-off-1073581256-stage2-a3-policy-e0080	policy_eval	tpp	off	1073581256	20684877	80	20688897	2026-08-29T11:23:24.090477+00:00	/home/hersco/bershco-nu-asnets/numeric-asnets/asnets/experiment-results/experiments_numeric.domain.tpp-experiments_numeric.architecture_2.tpp_mcts-2026-08-28T22:48:19.324528/P[domain,pfile1,pfile2,pfile4]-S[0.0003,50,enhsp-hadd-astar]-MO[]-T[518400]-04917242-1247c09/snapshots/snapshot_80_1.0000
preserve4-tpp-off-1073581256-stage2-a3-policy-e0085	policy_eval	tpp	off	1073581256	20684877	85	20688898	2026-08-29T11:23:24.245353+00:00	/home/hersco/bershco-nu-asnets/numeric-asnets/asnets/experiment-results/experiments_numeric.domain.tpp-experiments_numeric.architecture_2.tpp_mcts-2026-08-28T22:48:19.324528/P[domain,pfile1,pfile2,pfile4]-S[0.0003,50,enhsp-hadd-astar]-MO[]-T[518400]-04917242-1247c09/snapshots/snapshot_85_1.0000
preserve4-tpp-off-1073581256-stage2-a3-policy-e0090	policy_eval	tpp	off	1073581256	20684877	90	20688899	2026-08-29T11:23:24.395267+00:00	/home/hersco/bershco-nu-asnets/numeric-asnets/asnets/experiment-results/experiments_numeric.domain.tpp-experiments_numeric.architecture_2.tpp_mcts-2026-08-28T22:48:19.324528/P[domain,pfile1,pfile2,pfile4]-S[0.0003,50,enhsp-hadd-astar]-MO[]-T[518400]-04917242-1247c09/snapshots/snapshot_90_1.0000
preserve4-tpp-off-1073581256-stage2-a3-policy-e0095	policy_eval	tpp	off	1073581256	20684877	95	20688900	2026-08-29T11:23:24.551788+00:00	/home/hersco/bershco-nu-asnets/numeric-asnets/asnets/experiment-results/experiments_numeric.domain.tpp-experiments_numeric.architecture_2.tpp_mcts-2026-08-28T22:48:19.324528/P[domain,pfile1,pfile2,pfile4]-S[0.0003,50,enhsp-hadd-astar]-MO[]-T[518400]-04917242-1247c09/snapshots/snapshot_95_1.0000
preserve4-tpp-off-1073581256-stage2-a3-policy-e0099	policy_eval	tpp	off	1073581256	20684877	99	20688901	2026-08-29T11:23:24.725863+00:00	/home/hersco/bershco-nu-asnets/numeric-asnets/asnets/experiment-results/experiments_numeric.domain.tpp-experiments_numeric.architecture_2.tpp_mcts-2026-08-28T22:48:19.324528/P[domain,pfile1,pfile2,pfile4]-S[0.0003,50,enhsp-hadd-astar]-MO[]-T[518400]-04917242-1247c09/snapshots/snapshot_99_1.0000
preserve4-tpp-off-2082152039-stage2-a3-policy-e0000	policy_eval	tpp	off	2082152039	20684882	0	20689650	2026-08-29T13:21:30.216262+00:00	/home/hersco/bershco-nu-asnets/numeric-asnets/asnets/experiment-results/experiments_numeric.domain.tpp-experiments_numeric.architecture_2.tpp_mcts-2026-08-28T23:11:52.154252/P[domain,pfile1,pfile2,pfile4]-S[0.0003,50,enhsp-hadd-astar]-MO[]-T[518400]-04917266-faf7d6/snapshots/snapshot_0_1.0000
preserve4-tpp-off-2082152039-stage2-a3-policy-e0005	policy_eval	tpp	off	2082152039	20684882	5	20689651	2026-08-29T13:21:30.306044+00:00	/home/hersco/bershco-nu-asnets/numeric-asnets/asnets/experiment-results/experiments_numeric.domain.tpp-experiments_numeric.architecture_2.tpp_mcts-2026-08-28T23:11:52.154252/P[domain,pfile1,pfile2,pfile4]-S[0.0003,50,enhsp-hadd-astar]-MO[]-T[518400]-04917266-faf7d6/snapshots/snapshot_5_1.0000
preserve4-tpp-off-2082152039-stage2-a3-policy-e0010	policy_eval	tpp	off	2082152039	20684882	10	20689652	2026-08-29T13:21:30.391641+00:00	/home/hersco/bershco-nu-asnets/numeric-asnets/asnets/experiment-results/experiments_numeric.domain.tpp-experiments_numeric.architecture_2.tpp_mcts-2026-08-28T23:11:52.154252/P[domain,pfile1,pfile2,pfile4]-S[0.0003,50,enhsp-hadd-astar]-MO[]-T[518400]-04917266-faf7d6/snapshots/snapshot_10_1.0000
preserve4-tpp-off-2082152039-stage2-a3-policy-e0015	policy_eval	tpp	off	2082152039	20684882	15	20689653	2026-08-29T13:21:30.477150+00:00	/home/hersco/bershco-nu-asnets/numeric-asnets/asnets/experiment-results/experiments_numeric.domain.tpp-experiments_numeric.architecture_2.tpp_mcts-2026-08-28T23:11:52.154252/P[domain,pfile1,pfile2,pfile4]-S[0.0003,50,enhsp-hadd-astar]-MO[]-T[518400]-04917266-faf7d6/snapshots/snapshot_15_1.0000
preserve4-tpp-off-2082152039-stage2-a3-policy-e0020	policy_eval	tpp	off	2082152039	20684882	20	20689654	2026-08-29T13:21:30.563754+00:00	/home/hersco/bershco-nu-asnets/numeric-asnets/asnets/experiment-results/experiments_numeric.domain.tpp-experiments_numeric.architecture_2.tpp_mcts-2026-08-28T23:11:52.154252/P[domain,pfile1,pfile2,pfile4]-S[0.0003,50,enhsp-hadd-astar]-MO[]-T[518400]-04917266-faf7d6/snapshots/snapshot_20_1.0000
preserve4-tpp-off-2082152039-stage2-a3-policy-e0025	policy_eval	tpp	off	2082152039	20684882	25	20689655	2026-08-29T13:21:30.649887+00:00	/home/hersco/bershco-nu-asnets/numeric-asnets/asnets/experiment-results/experiments_numeric.domain.tpp-experiments_numeric.architecture_2.tpp_mcts-2026-08-28T23:11:52.154252/P[domain,pfile1,pfile2,pfile4]-S[0.0003,50,enhsp-hadd-astar]-MO[]-T[518400]-04917266-faf7d6/snapshots/snapshot_25_1.0000
preserve4-tpp-off-2082152039-stage2-a3-policy-e0030	policy_eval	tpp	off	2082152039	20684882	30	20689656	2026-08-29T13:21:30.734977+00:00	/home/hersco/bershco-nu-asnets/numeric-asnets/asnets/experiment-results/experiments_numeric.domain.tpp-experiments_numeric.architecture_2.tpp_mcts-2026-08-28T23:11:52.154252/P[domain,pfile1,pfile2,pfile4]-S[0.0003,50,enhsp-hadd-astar]-MO[]-T[518400]-04917266-faf7d6/snapshots/snapshot_30_1.0000
preserve4-tpp-off-2082152039-stage2-a3-policy-e0035	policy_eval	tpp	off	2082152039	20684882	35	20689657	2026-08-29T13:21:30.821599+00:00	/home/hersco/bershco-nu-asnets/numeric-asnets/asnets/experiment-results/experiments_numeric.domain.tpp-experiments_numeric.architecture_2.tpp_mcts-2026-08-28T23:11:52.154252/P[domain,pfile1,pfile2,pfile4]-S[0.0003,50,enhsp-hadd-astar]-MO[]-T[518400]-04917266-faf7d6/snapshots/snapshot_35_1.0000
preserve4-tpp-off-2082152039-stage2-a3-policy-e0040	policy_eval	tpp	off	2082152039	20684882	40	20689658	2026-08-29T13:21:30.906844+00:00	/home/hersco/bershco-nu-asnets/numeric-asnets/asnets/experiment-results/experiments_numeric.domain.tpp-experiments_numeric.architecture_2.tpp_mcts-2026-08-28T23:11:52.154252/P[domain,pfile1,pfile2,pfile4]-S[0.0003,50,enhsp-hadd-astar]-MO[]-T[518400]-04917266-faf7d6/snapshots/snapshot_40_1.0000
preserve4-tpp-off-2082152039-stage2-a3-policy-e0045	policy_eval	tpp	off	2082152039	20684882	45	20689659	2026-08-29T13:21:30.991698+00:00	/home/hersco/bershco-nu-asnets/numeric-asnets/asnets/experiment-results/experiments_numeric.domain.tpp-experiments_numeric.architecture_2.tpp_mcts-2026-08-28T23:11:52.154252/P[domain,pfile1,pfile2,pfile4]-S[0.0003,50,enhsp-hadd-astar]-MO[]-T[518400]-04917266-faf7d6/snapshots/snapshot_45_1.0000
preserve4-tpp-off-2082152039-stage2-a3-policy-e0050	policy_eval	tpp	off	2082152039	20684882	50	20689660	2026-08-29T13:21:31.074996+00:00	/home/hersco/bershco-nu-asnets/numeric-asnets/asnets/experiment-results/experiments_numeric.domain.tpp-experiments_numeric.architecture_2.tpp_mcts-2026-08-28T23:11:52.154252/P[domain,pfile1,pfile2,pfile4]-S[0.0003,50,enhsp-hadd-astar]-MO[]-T[518400]-04917266-faf7d6/snapshots/snapshot_50_1.0000
preserve4-tpp-off-2082152039-stage2-a3-policy-e0055	policy_eval	tpp	off	2082152039	20684882	55	20689661	2026-08-29T13:21:31.162297+00:00	/home/hersco/bershco-nu-asnets/numeric-asnets/asnets/experiment-results/experiments_numeric.domain.tpp-experiments_numeric.architecture_2.tpp_mcts-2026-08-28T23:11:52.154252/P[domain,pfile1,pfile2,pfile4]-S[0.0003,50,enhsp-hadd-astar]-MO[]-T[518400]-04917266-faf7d6/snapshots/snapshot_55_1.0000
preserve4-tpp-off-2082152039-stage2-a3-policy-e0060	policy_eval	tpp	off	2082152039	20684882	60	20689662	2026-08-29T13:21:31.248863+00:00	/home/hersco/bershco-nu-asnets/numeric-asnets/asnets/experiment-results/experiments_numeric.domain.tpp-experiments_numeric.architecture_2.tpp_mcts-2026-08-28T23:11:52.154252/P[domain,pfile1,pfile2,pfile4]-S[0.0003,50,enhsp-hadd-astar]-MO[]-T[518400]-04917266-faf7d6/snapshots/snapshot_60_1.0000
preserve4-tpp-off-2082152039-stage2-a3-policy-e0065	policy_eval	tpp	off	2082152039	20684882	65	20689663	2026-08-29T13:21:31.333938+00:00	/home/hersco/bershco-nu-asnets/numeric-asnets/asnets/experiment-results/experiments_numeric.domain.tpp-experiments_numeric.architecture_2.tpp_mcts-2026-08-28T23:11:52.154252/P[domain,pfile1,pfile2,pfile4]-S[0.0003,50,enhsp-hadd-astar]-MO[]-T[518400]-04917266-faf7d6/snapshots/snapshot_65_1.0000
preserve4-tpp-off-2082152039-stage2-a3-policy-e0070	policy_eval	tpp	off	2082152039	20684882	70	20689664	2026-08-29T13:21:31.419889+00:00	/home/hersco/bershco-nu-asnets/numeric-asnets/asnets/experiment-results/experiments_numeric.domain.tpp-experiments_numeric.architecture_2.tpp_mcts-2026-08-28T23:11:52.154252/P[domain,pfile1,pfile2,pfile4]-S[0.0003,50,enhsp-hadd-astar]-MO[]-T[518400]-04917266-faf7d6/snapshots/snapshot_70_1.0000
preserve4-tpp-off-2082152039-stage2-a3-policy-e0075	policy_eval	tpp	off	2082152039	20684882	75	20689665	2026-08-29T13:21:31.505038+00:00	/home/hersco/bershco-nu-asnets/numeric-asnets/asnets/experiment-results/experiments_numeric.domain.tpp-experiments_numeric.architecture_2.tpp_mcts-2026-08-28T23:11:52.154252/P[domain,pfile1,pfile2,pfile4]-S[0.0003,50,enhsp-hadd-astar]-MO[]-T[518400]-04917266-faf7d6/snapshots/snapshot_75_1.0000
preserve4-tpp-off-2082152039-stage2-a3-policy-e0080	policy_eval	tpp	off	2082152039	20684882	80	20689666	2026-08-29T13:21:31.591090+00:00	/home/hersco/bershco-nu-asnets/numeric-asnets/asnets/experiment-results/experiments_numeric.domain.tpp-experiments_numeric.architecture_2.tpp_mcts-2026-08-28T23:11:52.154252/P[domain,pfile1,pfile2,pfile4]-S[0.0003,50,enhsp-hadd-astar]-MO[]-T[518400]-04917266-faf7d6/snapshots/snapshot_80_1.0000
preserve4-tpp-off-2082152039-stage2-a3-policy-e0085	policy_eval	tpp	off	2082152039	20684882	85	20689667	2026-08-29T13:21:31.676675+00:00	/home/hersco/bershco-nu-asnets/numeric-asnets/asnets/experiment-results/experiments_numeric.domain.tpp-experiments_numeric.architecture_2.tpp_mcts-2026-08-28T23:11:52.154252/P[domain,pfile1,pfile2,pfile4]-S[0.0003,50,enhsp-hadd-astar]-MO[]-T[518400]-04917266-faf7d6/snapshots/snapshot_85_1.0000
preserve4-tpp-off-2082152039-stage2-a3-policy-e0090	policy_eval	tpp	off	2082152039	20684882	90	20689668	2026-08-29T13:21:31.761821+00:00	/home/hersco/bershco-nu-asnets/numeric-asnets/asnets/experiment-results/experiments_numeric.domain.tpp-experiments_numeric.architecture_2.tpp_mcts-2026-08-28T23:11:52.154252/P[domain,pfile1,pfile2,pfile4]-S[0.0003,50,enhsp-hadd-astar]-MO[]-T[518400]-04917266-faf7d6/snapshots/snapshot_90_1.0000
preserve4-tpp-off-2082152039-stage2-a3-policy-e0095	policy_eval	tpp	off	2082152039	20684882	95	20689669	2026-08-29T13:21:31.849015+00:00	/home/hersco/bershco-nu-asnets/numeric-asnets/asnets/experiment-results/experiments_numeric.domain.tpp-experiments_numeric.architecture_2.tpp_mcts-2026-08-28T23:11:52.154252/P[domain,pfile1,pfile2,pfile4]-S[0.0003,50,enhsp-hadd-astar]-MO[]-T[518400]-04917266-faf7d6/snapshots/snapshot_95_1.0000
preserve4-tpp-off-2082152039-stage2-a3-policy-e0099	policy_eval	tpp	off	2082152039	20684882	99	20689670	2026-08-29T13:21:31.934166+00:00	/home/hersco/bershco-nu-asnets/numeric-asnets/asnets/experiment-results/experiments_numeric.domain.tpp-experiments_numeric.architecture_2.tpp_mcts-2026-08-28T23:11:52.154252/P[domain,pfile1,pfile2,pfile4]-S[0.0003,50,enhsp-hadd-astar]-MO[]-T[518400]-04917266-faf7d6/snapshots/snapshot_99_1.0000
preserve4-tpp-on-1972442430-stage2-a10-policy-e0000	policy_eval	tpp	on	1972442430	20684889	0	20689671	2026-08-29T13:21:32.019240+00:00	/home/hersco/bershco-nu-asnets/numeric-asnets/asnets/experiment-results/experiments_numeric.domain.tpp-experiments_numeric.architecture_2.tpp_mcts-2026-08-28T23:25:45.276722/P[domain,pfile1,pfile2,pfile4]-S[0.0003,50,enhsp-hadd-astar]-MO[]-T[518400]-04917279-72aea46/snapshots/snapshot_0_1.0000
preserve4-tpp-on-1972442430-stage2-a10-policy-e0005	policy_eval	tpp	on	1972442430	20684889	5	20689672	2026-08-29T13:21:32.111567+00:00	/home/hersco/bershco-nu-asnets/numeric-asnets/asnets/experiment-results/experiments_numeric.domain.tpp-experiments_numeric.architecture_2.tpp_mcts-2026-08-28T23:25:45.276722/P[domain,pfile1,pfile2,pfile4]-S[0.0003,50,enhsp-hadd-astar]-MO[]-T[518400]-04917279-72aea46/snapshots/snapshot_5_1.0000
preserve4-tpp-on-1972442430-stage2-a10-policy-e0010	policy_eval	tpp	on	1972442430	20684889	10	20689673	2026-08-29T13:21:32.197131+00:00	/home/hersco/bershco-nu-asnets/numeric-asnets/asnets/experiment-results/experiments_numeric.domain.tpp-experiments_numeric.architecture_2.tpp_mcts-2026-08-28T23:25:45.276722/P[domain,pfile1,pfile2,pfile4]-S[0.0003,50,enhsp-hadd-astar]-MO[]-T[518400]-04917279-72aea46/snapshots/snapshot_10_1.0000
preserve4-tpp-on-1972442430-stage2-a10-policy-e0015	policy_eval	tpp	on	1972442430	20684889	15	20689674	2026-08-29T13:21:32.284456+00:00	/home/hersco/bershco-nu-asnets/numeric-asnets/asnets/experiment-results/experiments_numeric.domain.tpp-experiments_numeric.architecture_2.tpp_mcts-2026-08-28T23:25:45.276722/P[domain,pfile1,pfile2,pfile4]-S[0.0003,50,enhsp-hadd-astar]-MO[]-T[518400]-04917279-72aea46/snapshots/snapshot_15_1.0000
preserve4-tpp-on-1972442430-stage2-a10-policy-e0020	policy_eval	tpp	on	1972442430	20684889	20	20689675	2026-08-29T13:21:32.373835+00:00	/home/hersco/bershco-nu-asnets/numeric-asnets/asnets/experiment-results/experiments_numeric.domain.tpp-experiments_numeric.architecture_2.tpp_mcts-2026-08-28T23:25:45.276722/P[domain,pfile1,pfile2,pfile4]-S[0.0003,50,enhsp-hadd-astar]-MO[]-T[518400]-04917279-72aea46/snapshots/snapshot_20_1.0000
preserve4-tpp-on-1972442430-stage2-a10-policy-e0025	policy_eval	tpp	on	1972442430	20684889	25	20689676	2026-08-29T13:21:32.461663+00:00	/home/hersco/bershco-nu-asnets/numeric-asnets/asnets/experiment-results/experiments_numeric.domain.tpp-experiments_numeric.architecture_2.tpp_mcts-2026-08-28T23:25:45.276722/P[domain,pfile1,pfile2,pfile4]-S[0.0003,50,enhsp-hadd-astar]-MO[]-T[518400]-04917279-72aea46/snapshots/snapshot_25_1.0000
preserve4-tpp-on-1972442430-stage2-a10-policy-e0030	policy_eval	tpp	on	1972442430	20684889	30	20689677	2026-08-29T13:21:32.549335+00:00	/home/hersco/bershco-nu-asnets/numeric-asnets/asnets/experiment-results/experiments_numeric.domain.tpp-experiments_numeric.architecture_2.tpp_mcts-2026-08-28T23:25:45.276722/P[domain,pfile1,pfile2,pfile4]-S[0.0003,50,enhsp-hadd-astar]-MO[]-T[518400]-04917279-72aea46/snapshots/snapshot_30_1.0000
preserve4-tpp-on-1972442430-stage2-a10-policy-e0035	policy_eval	tpp	on	1972442430	20684889	35	20689678	2026-08-29T13:21:32.636170+00:00	/home/hersco/bershco-nu-asnets/numeric-asnets/asnets/experiment-results/experiments_numeric.domain.tpp-experiments_numeric.architecture_2.tpp_mcts-2026-08-28T23:25:45.276722/P[domain,pfile1,pfile2,pfile4]-S[0.0003,50,enhsp-hadd-astar]-MO[]-T[518400]-04917279-72aea46/snapshots/snapshot_35_1.0000
preserve4-tpp-on-1972442430-stage2-a10-policy-e0040	policy_eval	tpp	on	1972442430	20684889	40	20689679	2026-08-29T13:21:32.747686+00:00	/home/hersco/bershco-nu-asnets/numeric-asnets/asnets/experiment-results/experiments_numeric.domain.tpp-experiments_numeric.architecture_2.tpp_mcts-2026-08-28T23:25:45.276722/P[domain,pfile1,pfile2,pfile4]-S[0.0003,50,enhsp-hadd-astar]-MO[]-T[518400]-04917279-72aea46/snapshots/snapshot_40_1.0000
preserve4-tpp-on-1972442430-stage2-a10-policy-e0045	policy_eval	tpp	on	1972442430	20684889	45	20689680	2026-08-29T13:21:32.836290+00:00	/home/hersco/bershco-nu-asnets/numeric-asnets/asnets/experiment-results/experiments_numeric.domain.tpp-experiments_numeric.architecture_2.tpp_mcts-2026-08-28T23:25:45.276722/P[domain,pfile1,pfile2,pfile4]-S[0.0003,50,enhsp-hadd-astar]-MO[]-T[518400]-04917279-72aea46/snapshots/snapshot_45_1.0000
preserve4-tpp-on-1972442430-stage2-a10-policy-e0050	policy_eval	tpp	on	1972442430	20684889	50	20689681	2026-08-29T13:21:32.921181+00:00	/home/hersco/bershco-nu-asnets/numeric-asnets/asnets/experiment-results/experiments_numeric.domain.tpp-experiments_numeric.architecture_2.tpp_mcts-2026-08-28T23:25:45.276722/P[domain,pfile1,pfile2,pfile4]-S[0.0003,50,enhsp-hadd-astar]-MO[]-T[518400]-04917279-72aea46/snapshots/snapshot_50_1.0000
preserve4-tpp-on-1972442430-stage2-a10-policy-e0055	policy_eval	tpp	on	1972442430	20684889	55	20689682	2026-08-29T13:21:33.008588+00:00	/home/hersco/bershco-nu-asnets/numeric-asnets/asnets/experiment-results/experiments_numeric.domain.tpp-experiments_numeric.architecture_2.tpp_mcts-2026-08-28T23:25:45.276722/P[domain,pfile1,pfile2,pfile4]-S[0.0003,50,enhsp-hadd-astar]-MO[]-T[518400]-04917279-72aea46/snapshots/snapshot_55_1.0000
preserve4-tpp-on-1972442430-stage2-a10-policy-e0060	policy_eval	tpp	on	1972442430	20684889	60	20689683	2026-08-29T13:21:33.092404+00:00	/home/hersco/bershco-nu-asnets/numeric-asnets/asnets/experiment-results/experiments_numeric.domain.tpp-experiments_numeric.architecture_2.tpp_mcts-2026-08-28T23:25:45.276722/P[domain,pfile1,pfile2,pfile4]-S[0.0003,50,enhsp-hadd-astar]-MO[]-T[518400]-04917279-72aea46/snapshots/snapshot_60_1.0000
preserve4-tpp-on-1972442430-stage2-a10-policy-e0065	policy_eval	tpp	on	1972442430	20684889	65	20689684	2026-08-29T13:21:33.179316+00:00	/home/hersco/bershco-nu-asnets/numeric-asnets/asnets/experiment-results/experiments_numeric.domain.tpp-experiments_numeric.architecture_2.tpp_mcts-2026-08-28T23:25:45.276722/P[domain,pfile1,pfile2,pfile4]-S[0.0003,50,enhsp-hadd-astar]-MO[]-T[518400]-04917279-72aea46/snapshots/snapshot_65_1.0000
preserve4-tpp-on-1972442430-stage2-a10-policy-e0070	policy_eval	tpp	on	1972442430	20684889	70	20689685	2026-08-29T13:21:33.264096+00:00	/home/hersco/bershco-nu-asnets/numeric-asnets/asnets/experiment-results/experiments_numeric.domain.tpp-experiments_numeric.architecture_2.tpp_mcts-2026-08-28T23:25:45.276722/P[domain,pfile1,pfile2,pfile4]-S[0.0003,50,enhsp-hadd-astar]-MO[]-T[518400]-04917279-72aea46/snapshots/snapshot_70_1.0000
preserve4-tpp-on-1972442430-stage2-a10-policy-e0075	policy_eval	tpp	on	1972442430	20684889	75	20689686	2026-08-29T13:21:33.347697+00:00	/home/hersco/bershco-nu-asnets/numeric-asnets/asnets/experiment-results/experiments_numeric.domain.tpp-experiments_numeric.architecture_2.tpp_mcts-2026-08-28T23:25:45.276722/P[domain,pfile1,pfile2,pfile4]-S[0.0003,50,enhsp-hadd-astar]-MO[]-T[518400]-04917279-72aea46/snapshots/snapshot_75_1.0000
preserve4-tpp-on-1972442430-stage2-a10-policy-e0080	policy_eval	tpp	on	1972442430	20684889	80	20689687	2026-08-29T13:21:33.433179+00:00	/home/hersco/bershco-nu-asnets/numeric-asnets/asnets/experiment-results/experiments_numeric.domain.tpp-experiments_numeric.architecture_2.tpp_mcts-2026-08-28T23:25:45.276722/P[domain,pfile1,pfile2,pfile4]-S[0.0003,50,enhsp-hadd-astar]-MO[]-T[518400]-04917279-72aea46/snapshots/snapshot_80_1.0000
preserve4-tpp-on-1972442430-stage2-a10-policy-e0085	policy_eval	tpp	on	1972442430	20684889	85	20689688	2026-08-29T13:21:33.518467+00:00	/home/hersco/bershco-nu-asnets/numeric-asnets/asnets/experiment-results/experiments_numeric.domain.tpp-experiments_numeric.architecture_2.tpp_mcts-2026-08-28T23:25:45.276722/P[domain,pfile1,pfile2,pfile4]-S[0.0003,50,enhsp-hadd-astar]-MO[]-T[518400]-04917279-72aea46/snapshots/snapshot_85_1.0000
preserve4-tpp-on-1972442430-stage2-a10-policy-e0090	policy_eval	tpp	on	1972442430	20684889	90	20689689	2026-08-29T13:21:33.605924+00:00	/home/hersco/bershco-nu-asnets/numeric-asnets/asnets/experiment-results/experiments_numeric.domain.tpp-experiments_numeric.architecture_2.tpp_mcts-2026-08-28T23:25:45.276722/P[domain,pfile1,pfile2,pfile4]-S[0.0003,50,enhsp-hadd-astar]-MO[]-T[518400]-04917279-72aea46/snapshots/snapshot_90_1.0000
preserve4-tpp-on-1972442430-stage2-a10-policy-e0095	policy_eval	tpp	on	1972442430	20684889	95	20689690	2026-08-29T13:21:33.700222+00:00	/home/hersco/bershco-nu-asnets/numeric-asnets/asnets/experiment-results/experiments_numeric.domain.tpp-experiments_numeric.architecture_2.tpp_mcts-2026-08-28T23:25:45.276722/P[domain,pfile1,pfile2,pfile4]-S[0.0003,50,enhsp-hadd-astar]-MO[]-T[518400]-04917279-72aea46/snapshots/snapshot_95_1.0000
preserve4-tpp-on-1972442430-stage2-a10-policy-e0099	policy_eval	tpp	on	1972442430	20684889	99	20689691	2026-08-29T13:21:33.786297+00:00	/home/hersco/bershco-nu-asnets/numeric-asnets/asnets/experiment-results/experiments_numeric.domain.tpp-experiments_numeric.architecture_2.tpp_mcts-2026-08-28T23:25:45.276722/P[domain,pfile1,pfile2,pfile4]-S[0.0003,50,enhsp-hadd-astar]-MO[]-T[518400]-04917279-72aea46/snapshots/snapshot_99_1.0000
preserve4-tpp-off-1510771779-stage2-a3-policy-e0000	policy_eval	tpp	off	1510771779	20684880	0	20718350	2026-08-30T05:50:28.897605+00:00	/home/hersco/bershco-nu-asnets/numeric-asnets/asnets/experiment-results/experiments_numeric.domain.tpp-experiments_numeric.architecture_2.tpp_mcts-2026-08-28T23:01:54.640591/P[domain,pfile1,pfile2,pfile4]-S[0.0003,50,enhsp-hadd-astar]-MO[]-T[518400]-04917256-17cc32a/snapshots/snapshot_0_1.0000
preserve4-tpp-off-1510771779-stage2-a3-policy-e0005	policy_eval	tpp	off	1510771779	20684880	5	20718351	2026-08-30T05:50:28.988914+00:00	/home/hersco/bershco-nu-asnets/numeric-asnets/asnets/experiment-results/experiments_numeric.domain.tpp-experiments_numeric.architecture_2.tpp_mcts-2026-08-28T23:01:54.640591/P[domain,pfile1,pfile2,pfile4]-S[0.0003,50,enhsp-hadd-astar]-MO[]-T[518400]-04917256-17cc32a/snapshots/snapshot_5_1.0000
preserve4-tpp-off-1510771779-stage2-a3-policy-e0010	policy_eval	tpp	off	1510771779	20684880	10	20718352	2026-08-30T05:50:29.078107+00:00	/home/hersco/bershco-nu-asnets/numeric-asnets/asnets/experiment-results/experiments_numeric.domain.tpp-experiments_numeric.architecture_2.tpp_mcts-2026-08-28T23:01:54.640591/P[domain,pfile1,pfile2,pfile4]-S[0.0003,50,enhsp-hadd-astar]-MO[]-T[518400]-04917256-17cc32a/snapshots/snapshot_10_1.0000
preserve4-tpp-off-1510771779-stage2-a3-policy-e0015	policy_eval	tpp	off	1510771779	20684880	15	20718353	2026-08-30T05:50:29.170618+00:00	/home/hersco/bershco-nu-asnets/numeric-asnets/asnets/experiment-results/experiments_numeric.domain.tpp-experiments_numeric.architecture_2.tpp_mcts-2026-08-28T23:01:54.640591/P[domain,pfile1,pfile2,pfile4]-S[0.0003,50,enhsp-hadd-astar]-MO[]-T[518400]-04917256-17cc32a/snapshots/snapshot_15_1.0000
preserve4-tpp-off-1510771779-stage2-a3-policy-e0020	policy_eval	tpp	off	1510771779	20684880	20	20718354	2026-08-30T05:50:29.258276+00:00	/home/hersco/bershco-nu-asnets/numeric-asnets/asnets/experiment-results/experiments_numeric.domain.tpp-experiments_numeric.architecture_2.tpp_mcts-2026-08-28T23:01:54.640591/P[domain,pfile1,pfile2,pfile4]-S[0.0003,50,enhsp-hadd-astar]-MO[]-T[518400]-04917256-17cc32a/snapshots/snapshot_20_1.0000
preserve4-tpp-off-1510771779-stage2-a3-policy-e0025	policy_eval	tpp	off	1510771779	20684880	25	20718355	2026-08-30T05:50:29.348165+00:00	/home/hersco/bershco-nu-asnets/numeric-asnets/asnets/experiment-results/experiments_numeric.domain.tpp-experiments_numeric.architecture_2.tpp_mcts-2026-08-28T23:01:54.640591/P[domain,pfile1,pfile2,pfile4]-S[0.0003,50,enhsp-hadd-astar]-MO[]-T[518400]-04917256-17cc32a/snapshots/snapshot_25_1.0000
preserve4-tpp-off-1510771779-stage2-a3-policy-e0030	policy_eval	tpp	off	1510771779	20684880	30	20718356	2026-08-30T05:50:29.440025+00:00	/home/hersco/bershco-nu-asnets/numeric-asnets/asnets/experiment-results/experiments_numeric.domain.tpp-experiments_numeric.architecture_2.tpp_mcts-2026-08-28T23:01:54.640591/P[domain,pfile1,pfile2,pfile4]-S[0.0003,50,enhsp-hadd-astar]-MO[]-T[518400]-04917256-17cc32a/snapshots/snapshot_30_1.0000
preserve4-tpp-off-1510771779-stage2-a3-policy-e0035	policy_eval	tpp	off	1510771779	20684880	35	20718357	2026-08-30T05:50:29.558725+00:00	/home/hersco/bershco-nu-asnets/numeric-asnets/asnets/experiment-results/experiments_numeric.domain.tpp-experiments_numeric.architecture_2.tpp_mcts-2026-08-28T23:01:54.640591/P[domain,pfile1,pfile2,pfile4]-S[0.0003,50,enhsp-hadd-astar]-MO[]-T[518400]-04917256-17cc32a/snapshots/snapshot_35_1.0000
preserve4-tpp-off-1510771779-stage2-a3-policy-e0040	policy_eval	tpp	off	1510771779	20684880	40	20718358	2026-08-30T05:50:29.653340+00:00	/home/hersco/bershco-nu-asnets/numeric-asnets/asnets/experiment-results/experiments_numeric.domain.tpp-experiments_numeric.architecture_2.tpp_mcts-2026-08-28T23:01:54.640591/P[domain,pfile1,pfile2,pfile4]-S[0.0003,50,enhsp-hadd-astar]-MO[]-T[518400]-04917256-17cc32a/snapshots/snapshot_40_1.0000
preserve4-tpp-off-1510771779-stage2-a3-policy-e0045	policy_eval	tpp	off	1510771779	20684880	45	20718359	2026-08-30T05:50:29.743206+00:00	/home/hersco/bershco-nu-asnets/numeric-asnets/asnets/experiment-results/experiments_numeric.domain.tpp-experiments_numeric.architecture_2.tpp_mcts-2026-08-28T23:01:54.640591/P[domain,pfile1,pfile2,pfile4]-S[0.0003,50,enhsp-hadd-astar]-MO[]-T[518400]-04917256-17cc32a/snapshots/snapshot_45_1.0000
preserve4-tpp-off-1510771779-stage2-a3-policy-e0050	policy_eval	tpp	off	1510771779	20684880	50	20718361	2026-08-30T05:50:29.832793+00:00	/home/hersco/bershco-nu-asnets/numeric-asnets/asnets/experiment-results/experiments_numeric.domain.tpp-experiments_numeric.architecture_2.tpp_mcts-2026-08-28T23:01:54.640591/P[domain,pfile1,pfile2,pfile4]-S[0.0003,50,enhsp-hadd-astar]-MO[]-T[518400]-04917256-17cc32a/snapshots/snapshot_50_1.0000
preserve4-tpp-off-1510771779-stage2-a3-policy-e0055	policy_eval	tpp	off	1510771779	20684880	55	20718362	2026-08-30T05:50:29.924184+00:00	/home/hersco/bershco-nu-asnets/numeric-asnets/asnets/experiment-results/experiments_numeric.domain.tpp-experiments_numeric.architecture_2.tpp_mcts-2026-08-28T23:01:54.640591/P[domain,pfile1,pfile2,pfile4]-S[0.0003,50,enhsp-hadd-astar]-MO[]-T[518400]-04917256-17cc32a/snapshots/snapshot_55_1.0000
preserve4-tpp-off-1510771779-stage2-a3-policy-e0060	policy_eval	tpp	off	1510771779	20684880	60	20718363	2026-08-30T05:50:30.188427+00:00	/home/hersco/bershco-nu-asnets/numeric-asnets/asnets/experiment-results/experiments_numeric.domain.tpp-experiments_numeric.architecture_2.tpp_mcts-2026-08-28T23:01:54.640591/P[domain,pfile1,pfile2,pfile4]-S[0.0003,50,enhsp-hadd-astar]-MO[]-T[518400]-04917256-17cc32a/snapshots/snapshot_60_1.0000
preserve4-tpp-off-1510771779-stage2-a3-policy-e0065	policy_eval	tpp	off	1510771779	20684880	65	20718364	2026-08-30T05:50:30.284167+00:00	/home/hersco/bershco-nu-asnets/numeric-asnets/asnets/experiment-results/experiments_numeric.domain.tpp-experiments_numeric.architecture_2.tpp_mcts-2026-08-28T23:01:54.640591/P[domain,pfile1,pfile2,pfile4]-S[0.0003,50,enhsp-hadd-astar]-MO[]-T[518400]-04917256-17cc32a/snapshots/snapshot_65_1.0000
preserve4-tpp-off-1510771779-stage2-a3-policy-e0070	policy_eval	tpp	off	1510771779	20684880	70	20718365	2026-08-30T05:50:30.373225+00:00	/home/hersco/bershco-nu-asnets/numeric-asnets/asnets/experiment-results/experiments_numeric.domain.tpp-experiments_numeric.architecture_2.tpp_mcts-2026-08-28T23:01:54.640591/P[domain,pfile1,pfile2,pfile4]-S[0.0003,50,enhsp-hadd-astar]-MO[]-T[518400]-04917256-17cc32a/snapshots/snapshot_70_1.0000
preserve4-tpp-off-1510771779-stage2-a3-policy-e0075	policy_eval	tpp	off	1510771779	20684880	75	20718366	2026-08-30T05:50:30.461356+00:00	/home/hersco/bershco-nu-asnets/numeric-asnets/asnets/experiment-results/experiments_numeric.domain.tpp-experiments_numeric.architecture_2.tpp_mcts-2026-08-28T23:01:54.640591/P[domain,pfile1,pfile2,pfile4]-S[0.0003,50,enhsp-hadd-astar]-MO[]-T[518400]-04917256-17cc32a/snapshots/snapshot_75_1.0000
preserve4-tpp-off-1510771779-stage2-a3-policy-e0080	policy_eval	tpp	off	1510771779	20684880	80	20718367	2026-08-30T05:50:30.550745+00:00	/home/hersco/bershco-nu-asnets/numeric-asnets/asnets/experiment-results/experiments_numeric.domain.tpp-experiments_numeric.architecture_2.tpp_mcts-2026-08-28T23:01:54.640591/P[domain,pfile1,pfile2,pfile4]-S[0.0003,50,enhsp-hadd-astar]-MO[]-T[518400]-04917256-17cc32a/snapshots/snapshot_80_1.0000
preserve4-tpp-off-1510771779-stage2-a3-policy-e0085	policy_eval	tpp	off	1510771779	20684880	85	20718368	2026-08-30T05:50:30.639492+00:00	/home/hersco/bershco-nu-asnets/numeric-asnets/asnets/experiment-results/experiments_numeric.domain.tpp-experiments_numeric.architecture_2.tpp_mcts-2026-08-28T23:01:54.640591/P[domain,pfile1,pfile2,pfile4]-S[0.0003,50,enhsp-hadd-astar]-MO[]-T[518400]-04917256-17cc32a/snapshots/snapshot_85_1.0000
preserve4-tpp-off-1510771779-stage2-a3-policy-e0090	policy_eval	tpp	off	1510771779	20684880	90	20718369	2026-08-30T05:50:30.728536+00:00	/home/hersco/bershco-nu-asnets/numeric-asnets/asnets/experiment-results/experiments_numeric.domain.tpp-experiments_numeric.architecture_2.tpp_mcts-2026-08-28T23:01:54.640591/P[domain,pfile1,pfile2,pfile4]-S[0.0003,50,enhsp-hadd-astar]-MO[]-T[518400]-04917256-17cc32a/snapshots/snapshot_90_1.0000
preserve4-tpp-off-1510771779-stage2-a3-policy-e0095	policy_eval	tpp	off	1510771779	20684880	95	20718371	2026-08-30T05:50:30.816985+00:00	/home/hersco/bershco-nu-asnets/numeric-asnets/asnets/experiment-results/experiments_numeric.domain.tpp-experiments_numeric.architecture_2.tpp_mcts-2026-08-28T23:01:54.640591/P[domain,pfile1,pfile2,pfile4]-S[0.0003,50,enhsp-hadd-astar]-MO[]-T[518400]-04917256-17cc32a/snapshots/snapshot_95_1.0000
preserve4-tpp-off-1510771779-stage2-a3-policy-e0099	policy_eval	tpp	off	1510771779	20684880	99	20718372	2026-08-30T05:50:30.904955+00:00	/home/hersco/bershco-nu-asnets/numeric-asnets/asnets/experiment-results/experiments_numeric.domain.tpp-experiments_numeric.architecture_2.tpp_mcts-2026-08-28T23:01:54.640591/P[domain,pfile1,pfile2,pfile4]-S[0.0003,50,enhsp-hadd-astar]-MO[]-T[518400]-04917256-17cc32a/snapshots/snapshot_99_1.0000
preserve4-tpp-off-1972442430-stage2-a3-policy-e0000	policy_eval	tpp	off	1972442430	20684881	0	20718373	2026-08-30T05:50:30.993019+00:00	/home/hersco/bershco-nu-asnets/numeric-asnets/asnets/experiment-results/experiments_numeric.domain.tpp-experiments_numeric.architecture_2.tpp_mcts-2026-08-28T23:08:53.541040/P[domain,pfile1,pfile2,pfile4]-S[0.0003,50,enhsp-hadd-astar]-MO[]-T[518400]-04917262-72aea46/snapshots/snapshot_0_1.0000
preserve4-tpp-off-1972442430-stage2-a3-policy-e0005	policy_eval	tpp	off	1972442430	20684881	5	20718374	2026-08-30T05:50:31.082522+00:00	/home/hersco/bershco-nu-asnets/numeric-asnets/asnets/experiment-results/experiments_numeric.domain.tpp-experiments_numeric.architecture_2.tpp_mcts-2026-08-28T23:08:53.541040/P[domain,pfile1,pfile2,pfile4]-S[0.0003,50,enhsp-hadd-astar]-MO[]-T[518400]-04917262-72aea46/snapshots/snapshot_5_1.0000
preserve4-tpp-off-1972442430-stage2-a3-policy-e0010	policy_eval	tpp	off	1972442430	20684881	10	20718375	2026-08-30T05:50:31.175310+00:00	/home/hersco/bershco-nu-asnets/numeric-asnets/asnets/experiment-results/experiments_numeric.domain.tpp-experiments_numeric.architecture_2.tpp_mcts-2026-08-28T23:08:53.541040/P[domain,pfile1,pfile2,pfile4]-S[0.0003,50,enhsp-hadd-astar]-MO[]-T[518400]-04917262-72aea46/snapshots/snapshot_10_1.0000
preserve4-tpp-off-1972442430-stage2-a3-policy-e0015	policy_eval	tpp	off	1972442430	20684881	15	20718376	2026-08-30T05:50:31.261993+00:00	/home/hersco/bershco-nu-asnets/numeric-asnets/asnets/experiment-results/experiments_numeric.domain.tpp-experiments_numeric.architecture_2.tpp_mcts-2026-08-28T23:08:53.541040/P[domain,pfile1,pfile2,pfile4]-S[0.0003,50,enhsp-hadd-astar]-MO[]-T[518400]-04917262-72aea46/snapshots/snapshot_15_1.0000
preserve4-tpp-off-1972442430-stage2-a3-policy-e0020	policy_eval	tpp	off	1972442430	20684881	20	20718377	2026-08-30T05:50:31.353488+00:00	/home/hersco/bershco-nu-asnets/numeric-asnets/asnets/experiment-results/experiments_numeric.domain.tpp-experiments_numeric.architecture_2.tpp_mcts-2026-08-28T23:08:53.541040/P[domain,pfile1,pfile2,pfile4]-S[0.0003,50,enhsp-hadd-astar]-MO[]-T[518400]-04917262-72aea46/snapshots/snapshot_20_1.0000
preserve4-tpp-off-1972442430-stage2-a3-policy-e0025	policy_eval	tpp	off	1972442430	20684881	25	20718378	2026-08-30T05:50:31.442952+00:00	/home/hersco/bershco-nu-asnets/numeric-asnets/asnets/experiment-results/experiments_numeric.domain.tpp-experiments_numeric.architecture_2.tpp_mcts-2026-08-28T23:08:53.541040/P[domain,pfile1,pfile2,pfile4]-S[0.0003,50,enhsp-hadd-astar]-MO[]-T[518400]-04917262-72aea46/snapshots/snapshot_25_1.0000
preserve4-tpp-off-1972442430-stage2-a3-policy-e0030	policy_eval	tpp	off	1972442430	20684881	30	20718379	2026-08-30T05:50:31.542273+00:00	/home/hersco/bershco-nu-asnets/numeric-asnets/asnets/experiment-results/experiments_numeric.domain.tpp-experiments_numeric.architecture_2.tpp_mcts-2026-08-28T23:08:53.541040/P[domain,pfile1,pfile2,pfile4]-S[0.0003,50,enhsp-hadd-astar]-MO[]-T[518400]-04917262-72aea46/snapshots/snapshot_30_0.7500
preserve4-tpp-off-1972442430-stage2-a3-policy-e0035	policy_eval	tpp	off	1972442430	20684881	35	20718380	2026-08-30T05:50:31.630847+00:00	/home/hersco/bershco-nu-asnets/numeric-asnets/asnets/experiment-results/experiments_numeric.domain.tpp-experiments_numeric.architecture_2.tpp_mcts-2026-08-28T23:08:53.541040/P[domain,pfile1,pfile2,pfile4]-S[0.0003,50,enhsp-hadd-astar]-MO[]-T[518400]-04917262-72aea46/snapshots/snapshot_35_1.0000
preserve4-tpp-off-1972442430-stage2-a3-policy-e0040	policy_eval	tpp	off	1972442430	20684881	40	20718381	2026-08-30T05:50:31.720509+00:00	/home/hersco/bershco-nu-asnets/numeric-asnets/asnets/experiment-results/experiments_numeric.domain.tpp-experiments_numeric.architecture_2.tpp_mcts-2026-08-28T23:08:53.541040/P[domain,pfile1,pfile2,pfile4]-S[0.0003,50,enhsp-hadd-astar]-MO[]-T[518400]-04917262-72aea46/snapshots/snapshot_40_1.0000
preserve4-tpp-off-1972442430-stage2-a3-policy-e0045	policy_eval	tpp	off	1972442430	20684881	45	20718383	2026-08-30T05:50:31.810749+00:00	/home/hersco/bershco-nu-asnets/numeric-asnets/asnets/experiment-results/experiments_numeric.domain.tpp-experiments_numeric.architecture_2.tpp_mcts-2026-08-28T23:08:53.541040/P[domain,pfile1,pfile2,pfile4]-S[0.0003,50,enhsp-hadd-astar]-MO[]-T[518400]-04917262-72aea46/snapshots/snapshot_45_1.0000
preserve4-tpp-off-1972442430-stage2-a3-policy-e0050	policy_eval	tpp	off	1972442430	20684881	50	20718384	2026-08-30T05:50:31.901890+00:00	/home/hersco/bershco-nu-asnets/numeric-asnets/asnets/experiment-results/experiments_numeric.domain.tpp-experiments_numeric.architecture_2.tpp_mcts-2026-08-28T23:08:53.541040/P[domain,pfile1,pfile2,pfile4]-S[0.0003,50,enhsp-hadd-astar]-MO[]-T[518400]-04917262-72aea46/snapshots/snapshot_50_0.7500
preserve4-tpp-off-1972442430-stage2-a3-policy-e0055	policy_eval	tpp	off	1972442430	20684881	55	20718385	2026-08-30T05:50:31.993243+00:00	/home/hersco/bershco-nu-asnets/numeric-asnets/asnets/experiment-results/experiments_numeric.domain.tpp-experiments_numeric.architecture_2.tpp_mcts-2026-08-28T23:08:53.541040/P[domain,pfile1,pfile2,pfile4]-S[0.0003,50,enhsp-hadd-astar]-MO[]-T[518400]-04917262-72aea46/snapshots/snapshot_55_0.7500
preserve4-tpp-off-1972442430-stage2-a3-policy-e0060	policy_eval	tpp	off	1972442430	20684881	60	20718386	2026-08-30T05:50:32.083525+00:00	/home/hersco/bershco-nu-asnets/numeric-asnets/asnets/experiment-results/experiments_numeric.domain.tpp-experiments_numeric.architecture_2.tpp_mcts-2026-08-28T23:08:53.541040/P[domain,pfile1,pfile2,pfile4]-S[0.0003,50,enhsp-hadd-astar]-MO[]-T[518400]-04917262-72aea46/snapshots/snapshot_60_1.0000
preserve4-tpp-off-1972442430-stage2-a3-policy-e0065	policy_eval	tpp	off	1972442430	20684881	65	20718387	2026-08-30T05:50:32.176915+00:00	/home/hersco/bershco-nu-asnets/numeric-asnets/asnets/experiment-results/experiments_numeric.domain.tpp-experiments_numeric.architecture_2.tpp_mcts-2026-08-28T23:08:53.541040/P[domain,pfile1,pfile2,pfile4]-S[0.0003,50,enhsp-hadd-astar]-MO[]-T[518400]-04917262-72aea46/snapshots/snapshot_65_1.0000
preserve4-tpp-off-1972442430-stage2-a3-policy-e0070	policy_eval	tpp	off	1972442430	20684881	70	20718388	2026-08-30T05:50:32.268554+00:00	/home/hersco/bershco-nu-asnets/numeric-asnets/asnets/experiment-results/experiments_numeric.domain.tpp-experiments_numeric.architecture_2.tpp_mcts-2026-08-28T23:08:53.541040/P[domain,pfile1,pfile2,pfile4]-S[0.0003,50,enhsp-hadd-astar]-MO[]-T[518400]-04917262-72aea46/snapshots/snapshot_70_1.0000
preserve4-tpp-off-1972442430-stage2-a3-policy-e0075	policy_eval	tpp	off	1972442430	20684881	75	20718389	2026-08-30T05:50:32.360242+00:00	/home/hersco/bershco-nu-asnets/numeric-asnets/asnets/experiment-results/experiments_numeric.domain.tpp-experiments_numeric.architecture_2.tpp_mcts-2026-08-28T23:08:53.541040/P[domain,pfile1,pfile2,pfile4]-S[0.0003,50,enhsp-hadd-astar]-MO[]-T[518400]-04917262-72aea46/snapshots/snapshot_75_0.7500
preserve4-tpp-off-1972442430-stage2-a3-policy-e0080	policy_eval	tpp	off	1972442430	20684881	80	20718390	2026-08-30T05:50:32.456869+00:00	/home/hersco/bershco-nu-asnets/numeric-asnets/asnets/experiment-results/experiments_numeric.domain.tpp-experiments_numeric.architecture_2.tpp_mcts-2026-08-28T23:08:53.541040/P[domain,pfile1,pfile2,pfile4]-S[0.0003,50,enhsp-hadd-astar]-MO[]-T[518400]-04917262-72aea46/snapshots/snapshot_80_1.0000
preserve4-tpp-off-1972442430-stage2-a3-policy-e0085	policy_eval	tpp	off	1972442430	20684881	85	20718392	2026-08-30T05:50:32.550124+00:00	/home/hersco/bershco-nu-asnets/numeric-asnets/asnets/experiment-results/experiments_numeric.domain.tpp-experiments_numeric.architecture_2.tpp_mcts-2026-08-28T23:08:53.541040/P[domain,pfile1,pfile2,pfile4]-S[0.0003,50,enhsp-hadd-astar]-MO[]-T[518400]-04917262-72aea46/snapshots/snapshot_85_0.7500
preserve4-tpp-off-1972442430-stage2-a3-policy-e0090	policy_eval	tpp	off	1972442430	20684881	90	20718393	2026-08-30T05:50:32.643234+00:00	/home/hersco/bershco-nu-asnets/numeric-asnets/asnets/experiment-results/experiments_numeric.domain.tpp-experiments_numeric.architecture_2.tpp_mcts-2026-08-28T23:08:53.541040/P[domain,pfile1,pfile2,pfile4]-S[0.0003,50,enhsp-hadd-astar]-MO[]-T[518400]-04917262-72aea46/snapshots/snapshot_90_0.7500
preserve4-tpp-off-1972442430-stage2-a3-policy-e0095	policy_eval	tpp	off	1972442430	20684881	95	20718394	2026-08-30T05:50:32.735227+00:00	/home/hersco/bershco-nu-asnets/numeric-asnets/asnets/experiment-results/experiments_numeric.domain.tpp-experiments_numeric.architecture_2.tpp_mcts-2026-08-28T23:08:53.541040/P[domain,pfile1,pfile2,pfile4]-S[0.0003,50,enhsp-hadd-astar]-MO[]-T[518400]-04917262-72aea46/snapshots/snapshot_95_1.0000
preserve4-tpp-off-1972442430-stage2-a3-policy-e0099	policy_eval	tpp	off	1972442430	20684881	99	20718395	2026-08-30T05:50:32.826603+00:00	/home/hersco/bershco-nu-asnets/numeric-asnets/asnets/experiment-results/experiments_numeric.domain.tpp-experiments_numeric.architecture_2.tpp_mcts-2026-08-28T23:08:53.541040/P[domain,pfile1,pfile2,pfile4]-S[0.0003,50,enhsp-hadd-astar]-MO[]-T[518400]-04917262-72aea46/snapshots/snapshot_99_1.0000
preserve4-tpp-on-534933607-stage2-a10-policy-e0000	policy_eval	tpp	on	534933607	20684883	0	20718396	2026-08-30T05:50:32.918427+00:00	/home/hersco/bershco-nu-asnets/numeric-asnets/asnets/experiment-results/experiments_numeric.domain.tpp-experiments_numeric.architecture_2.tpp_mcts-2026-08-28T23:12:54.369995/P[domain,pfile1,pfile2,pfile4]-S[0.0003,50,enhsp-hadd-astar]-MO[]-T[518400]-04917266-3c74d66/snapshots/snapshot_0_1.0000
preserve4-tpp-on-534933607-stage2-a10-policy-e0005	policy_eval	tpp	on	534933607	20684883	5	20718397	2026-08-30T05:50:33.010624+00:00	/home/hersco/bershco-nu-asnets/numeric-asnets/asnets/experiment-results/experiments_numeric.domain.tpp-experiments_numeric.architecture_2.tpp_mcts-2026-08-28T23:12:54.369995/P[domain,pfile1,pfile2,pfile4]-S[0.0003,50,enhsp-hadd-astar]-MO[]-T[518400]-04917266-3c74d66/snapshots/snapshot_5_1.0000
preserve4-tpp-on-534933607-stage2-a10-policy-e0010	policy_eval	tpp	on	534933607	20684883	10	20718400	2026-08-30T05:50:33.275615+00:00	/home/hersco/bershco-nu-asnets/numeric-asnets/asnets/experiment-results/experiments_numeric.domain.tpp-experiments_numeric.architecture_2.tpp_mcts-2026-08-28T23:12:54.369995/P[domain,pfile1,pfile2,pfile4]-S[0.0003,50,enhsp-hadd-astar]-MO[]-T[518400]-04917266-3c74d66/snapshots/snapshot_10_1.0000
preserve4-tpp-on-534933607-stage2-a10-policy-e0015	policy_eval	tpp	on	534933607	20684883	15	20718401	2026-08-30T05:50:33.367038+00:00	/home/hersco/bershco-nu-asnets/numeric-asnets/asnets/experiment-results/experiments_numeric.domain.tpp-experiments_numeric.architecture_2.tpp_mcts-2026-08-28T23:12:54.369995/P[domain,pfile1,pfile2,pfile4]-S[0.0003,50,enhsp-hadd-astar]-MO[]-T[518400]-04917266-3c74d66/snapshots/snapshot_15_1.0000
preserve4-tpp-on-534933607-stage2-a10-policy-e0020	policy_eval	tpp	on	534933607	20684883	20	20718402	2026-08-30T05:50:33.464148+00:00	/home/hersco/bershco-nu-asnets/numeric-asnets/asnets/experiment-results/experiments_numeric.domain.tpp-experiments_numeric.architecture_2.tpp_mcts-2026-08-28T23:12:54.369995/P[domain,pfile1,pfile2,pfile4]-S[0.0003,50,enhsp-hadd-astar]-MO[]-T[518400]-04917266-3c74d66/snapshots/snapshot_20_1.0000
preserve4-tpp-on-534933607-stage2-a10-policy-e0025	policy_eval	tpp	on	534933607	20684883	25	20718403	2026-08-30T05:50:33.554910+00:00	/home/hersco/bershco-nu-asnets/numeric-asnets/asnets/experiment-results/experiments_numeric.domain.tpp-experiments_numeric.architecture_2.tpp_mcts-2026-08-28T23:12:54.369995/P[domain,pfile1,pfile2,pfile4]-S[0.0003,50,enhsp-hadd-astar]-MO[]-T[518400]-04917266-3c74d66/snapshots/snapshot_25_1.0000
preserve4-tpp-on-534933607-stage2-a10-policy-e0030	policy_eval	tpp	on	534933607	20684883	30	20718405	2026-08-30T05:50:33.645015+00:00	/home/hersco/bershco-nu-asnets/numeric-asnets/asnets/experiment-results/experiments_numeric.domain.tpp-experiments_numeric.architecture_2.tpp_mcts-2026-08-28T23:12:54.369995/P[domain,pfile1,pfile2,pfile4]-S[0.0003,50,enhsp-hadd-astar]-MO[]-T[518400]-04917266-3c74d66/snapshots/snapshot_30_1.0000
preserve4-tpp-on-534933607-stage2-a10-policy-e0035	policy_eval	tpp	on	534933607	20684883	35	20718406	2026-08-30T05:50:33.864038+00:00	/home/hersco/bershco-nu-asnets/numeric-asnets/asnets/experiment-results/experiments_numeric.domain.tpp-experiments_numeric.architecture_2.tpp_mcts-2026-08-28T23:12:54.369995/P[domain,pfile1,pfile2,pfile4]-S[0.0003,50,enhsp-hadd-astar]-MO[]-T[518400]-04917266-3c74d66/snapshots/snapshot_35_1.0000
preserve4-tpp-on-534933607-stage2-a10-policy-e0040	policy_eval	tpp	on	534933607	20684883	40	20718407	2026-08-30T05:50:33.956821+00:00	/home/hersco/bershco-nu-asnets/numeric-asnets/asnets/experiment-results/experiments_numeric.domain.tpp-experiments_numeric.architecture_2.tpp_mcts-2026-08-28T23:12:54.369995/P[domain,pfile1,pfile2,pfile4]-S[0.0003,50,enhsp-hadd-astar]-MO[]-T[518400]-04917266-3c74d66/snapshots/snapshot_40_1.0000
preserve4-tpp-on-534933607-stage2-a10-policy-e0045	policy_eval	tpp	on	534933607	20684883	45	20718408	2026-08-30T05:50:34.238150+00:00	/home/hersco/bershco-nu-asnets/numeric-asnets/asnets/experiment-results/experiments_numeric.domain.tpp-experiments_numeric.architecture_2.tpp_mcts-2026-08-28T23:12:54.369995/P[domain,pfile1,pfile2,pfile4]-S[0.0003,50,enhsp-hadd-astar]-MO[]-T[518400]-04917266-3c74d66/snapshots/snapshot_45_1.0000
preserve4-tpp-on-534933607-stage2-a10-policy-e0050	policy_eval	tpp	on	534933607	20684883	50	20718409	2026-08-30T05:50:34.332975+00:00	/home/hersco/bershco-nu-asnets/numeric-asnets/asnets/experiment-results/experiments_numeric.domain.tpp-experiments_numeric.architecture_2.tpp_mcts-2026-08-28T23:12:54.369995/P[domain,pfile1,pfile2,pfile4]-S[0.0003,50,enhsp-hadd-astar]-MO[]-T[518400]-04917266-3c74d66/snapshots/snapshot_50_1.0000
preserve4-tpp-on-534933607-stage2-a10-policy-e0055	policy_eval	tpp	on	534933607	20684883	55	20718411	2026-08-30T05:50:34.424536+00:00	/home/hersco/bershco-nu-asnets/numeric-asnets/asnets/experiment-results/experiments_numeric.domain.tpp-experiments_numeric.architecture_2.tpp_mcts-2026-08-28T23:12:54.369995/P[domain,pfile1,pfile2,pfile4]-S[0.0003,50,enhsp-hadd-astar]-MO[]-T[518400]-04917266-3c74d66/snapshots/snapshot_55_1.0000
preserve4-tpp-on-534933607-stage2-a10-policy-e0060	policy_eval	tpp	on	534933607	20684883	60	20718412	2026-08-30T05:50:34.515994+00:00	/home/hersco/bershco-nu-asnets/numeric-asnets/asnets/experiment-results/experiments_numeric.domain.tpp-experiments_numeric.architecture_2.tpp_mcts-2026-08-28T23:12:54.369995/P[domain,pfile1,pfile2,pfile4]-S[0.0003,50,enhsp-hadd-astar]-MO[]-T[518400]-04917266-3c74d66/snapshots/snapshot_60_1.0000
preserve4-tpp-on-534933607-stage2-a10-policy-e0065	policy_eval	tpp	on	534933607	20684883	65	20718413	2026-08-30T05:50:34.632310+00:00	/home/hersco/bershco-nu-asnets/numeric-asnets/asnets/experiment-results/experiments_numeric.domain.tpp-experiments_numeric.architecture_2.tpp_mcts-2026-08-28T23:12:54.369995/P[domain,pfile1,pfile2,pfile4]-S[0.0003,50,enhsp-hadd-astar]-MO[]-T[518400]-04917266-3c74d66/snapshots/snapshot_65_1.0000
preserve4-tpp-on-534933607-stage2-a10-policy-e0070	policy_eval	tpp	on	534933607	20684883	70	20718414	2026-08-30T05:50:34.723759+00:00	/home/hersco/bershco-nu-asnets/numeric-asnets/asnets/experiment-results/experiments_numeric.domain.tpp-experiments_numeric.architecture_2.tpp_mcts-2026-08-28T23:12:54.369995/P[domain,pfile1,pfile2,pfile4]-S[0.0003,50,enhsp-hadd-astar]-MO[]-T[518400]-04917266-3c74d66/snapshots/snapshot_70_1.0000
preserve4-tpp-on-534933607-stage2-a10-policy-e0075	policy_eval	tpp	on	534933607	20684883	75	20718415	2026-08-30T05:50:34.814895+00:00	/home/hersco/bershco-nu-asnets/numeric-asnets/asnets/experiment-results/experiments_numeric.domain.tpp-experiments_numeric.architecture_2.tpp_mcts-2026-08-28T23:12:54.369995/P[domain,pfile1,pfile2,pfile4]-S[0.0003,50,enhsp-hadd-astar]-MO[]-T[518400]-04917266-3c74d66/snapshots/snapshot_75_1.0000
preserve4-tpp-on-534933607-stage2-a10-policy-e0080	policy_eval	tpp	on	534933607	20684883	80	20718416	2026-08-30T05:50:34.905010+00:00	/home/hersco/bershco-nu-asnets/numeric-asnets/asnets/experiment-results/experiments_numeric.domain.tpp-experiments_numeric.architecture_2.tpp_mcts-2026-08-28T23:12:54.369995/P[domain,pfile1,pfile2,pfile4]-S[0.0003,50,enhsp-hadd-astar]-MO[]-T[518400]-04917266-3c74d66/snapshots/snapshot_80_1.0000
preserve4-tpp-on-534933607-stage2-a10-policy-e0085	policy_eval	tpp	on	534933607	20684883	85	20718417	2026-08-30T05:50:34.996842+00:00	/home/hersco/bershco-nu-asnets/numeric-asnets/asnets/experiment-results/experiments_numeric.domain.tpp-experiments_numeric.architecture_2.tpp_mcts-2026-08-28T23:12:54.369995/P[domain,pfile1,pfile2,pfile4]-S[0.0003,50,enhsp-hadd-astar]-MO[]-T[518400]-04917266-3c74d66/snapshots/snapshot_85_1.0000
preserve4-tpp-on-534933607-stage2-a10-policy-e0090	policy_eval	tpp	on	534933607	20684883	90	20718418	2026-08-30T05:50:35.088688+00:00	/home/hersco/bershco-nu-asnets/numeric-asnets/asnets/experiment-results/experiments_numeric.domain.tpp-experiments_numeric.architecture_2.tpp_mcts-2026-08-28T23:12:54.369995/P[domain,pfile1,pfile2,pfile4]-S[0.0003,50,enhsp-hadd-astar]-MO[]-T[518400]-04917266-3c74d66/snapshots/snapshot_90_1.0000
preserve4-tpp-on-534933607-stage2-a10-policy-e0095	policy_eval	tpp	on	534933607	20684883	95	20718419	2026-08-30T05:50:35.195240+00:00	/home/hersco/bershco-nu-asnets/numeric-asnets/asnets/experiment-results/experiments_numeric.domain.tpp-experiments_numeric.architecture_2.tpp_mcts-2026-08-28T23:12:54.369995/P[domain,pfile1,pfile2,pfile4]-S[0.0003,50,enhsp-hadd-astar]-MO[]-T[518400]-04917266-3c74d66/snapshots/snapshot_95_1.0000
preserve4-tpp-on-534933607-stage2-a10-policy-e0099	policy_eval	tpp	on	534933607	20684883	99	20718420	2026-08-30T05:50:35.286630+00:00	/home/hersco/bershco-nu-asnets/numeric-asnets/asnets/experiment-results/experiments_numeric.domain.tpp-experiments_numeric.architecture_2.tpp_mcts-2026-08-28T23:12:54.369995/P[domain,pfile1,pfile2,pfile4]-S[0.0003,50,enhsp-hadd-astar]-MO[]-T[518400]-04917266-3c74d66/snapshots/snapshot_99_1.0000
preserve4-tpp-on-1239739722-stage2-a10-policy-e0000	policy_eval	tpp	on	1239739722	20684886	0	20718421	2026-08-30T05:50:35.377191+00:00	/home/hersco/bershco-nu-asnets/numeric-asnets/asnets/experiment-results/experiments_numeric.domain.tpp-experiments_numeric.architecture_2.tpp_mcts-2026-08-28T23:15:44.870424/P[domain,pfile1,pfile2,pfile4]-S[0.0003,50,enhsp-hadd-astar]-MO[]-T[518400]-04917269-7d9a779/snapshots/snapshot_0_1.0000
preserve4-tpp-on-1239739722-stage2-a10-policy-e0005	policy_eval	tpp	on	1239739722	20684886	5	20718423	2026-08-30T05:50:35.516800+00:00	/home/hersco/bershco-nu-asnets/numeric-asnets/asnets/experiment-results/experiments_numeric.domain.tpp-experiments_numeric.architecture_2.tpp_mcts-2026-08-28T23:15:44.870424/P[domain,pfile1,pfile2,pfile4]-S[0.0003,50,enhsp-hadd-astar]-MO[]-T[518400]-04917269-7d9a779/snapshots/snapshot_5_1.0000
preserve4-tpp-on-1239739722-stage2-a10-policy-e0010	policy_eval	tpp	on	1239739722	20684886	10	20718424	2026-08-30T05:50:35.610660+00:00	/home/hersco/bershco-nu-asnets/numeric-asnets/asnets/experiment-results/experiments_numeric.domain.tpp-experiments_numeric.architecture_2.tpp_mcts-2026-08-28T23:15:44.870424/P[domain,pfile1,pfile2,pfile4]-S[0.0003,50,enhsp-hadd-astar]-MO[]-T[518400]-04917269-7d9a779/snapshots/snapshot_10_1.0000
preserve4-tpp-on-1239739722-stage2-a10-policy-e0015	policy_eval	tpp	on	1239739722	20684886	15	20718425	2026-08-30T05:50:35.702180+00:00	/home/hersco/bershco-nu-asnets/numeric-asnets/asnets/experiment-results/experiments_numeric.domain.tpp-experiments_numeric.architecture_2.tpp_mcts-2026-08-28T23:15:44.870424/P[domain,pfile1,pfile2,pfile4]-S[0.0003,50,enhsp-hadd-astar]-MO[]-T[518400]-04917269-7d9a779/snapshots/snapshot_15_1.0000
preserve4-tpp-on-1239739722-stage2-a10-policy-e0020	policy_eval	tpp	on	1239739722	20684886	20	20718426	2026-08-30T05:50:35.795363+00:00	/home/hersco/bershco-nu-asnets/numeric-asnets/asnets/experiment-results/experiments_numeric.domain.tpp-experiments_numeric.architecture_2.tpp_mcts-2026-08-28T23:15:44.870424/P[domain,pfile1,pfile2,pfile4]-S[0.0003,50,enhsp-hadd-astar]-MO[]-T[518400]-04917269-7d9a779/snapshots/snapshot_20_1.0000
preserve4-tpp-on-1239739722-stage2-a10-policy-e0025	policy_eval	tpp	on	1239739722	20684886	25	20718427	2026-08-30T05:50:35.888313+00:00	/home/hersco/bershco-nu-asnets/numeric-asnets/asnets/experiment-results/experiments_numeric.domain.tpp-experiments_numeric.architecture_2.tpp_mcts-2026-08-28T23:15:44.870424/P[domain,pfile1,pfile2,pfile4]-S[0.0003,50,enhsp-hadd-astar]-MO[]-T[518400]-04917269-7d9a779/snapshots/snapshot_25_1.0000
preserve4-tpp-on-1239739722-stage2-a10-policy-e0030	policy_eval	tpp	on	1239739722	20684886	30	20718428	2026-08-30T05:50:35.982274+00:00	/home/hersco/bershco-nu-asnets/numeric-asnets/asnets/experiment-results/experiments_numeric.domain.tpp-experiments_numeric.architecture_2.tpp_mcts-2026-08-28T23:15:44.870424/P[domain,pfile1,pfile2,pfile4]-S[0.0003,50,enhsp-hadd-astar]-MO[]-T[518400]-04917269-7d9a779/snapshots/snapshot_30_1.0000
preserve4-tpp-on-1239739722-stage2-a10-policy-e0035	policy_eval	tpp	on	1239739722	20684886	35	20718429	2026-08-30T05:50:36.077576+00:00	/home/hersco/bershco-nu-asnets/numeric-asnets/asnets/experiment-results/experiments_numeric.domain.tpp-experiments_numeric.architecture_2.tpp_mcts-2026-08-28T23:15:44.870424/P[domain,pfile1,pfile2,pfile4]-S[0.0003,50,enhsp-hadd-astar]-MO[]-T[518400]-04917269-7d9a779/snapshots/snapshot_35_1.0000
preserve4-tpp-on-1239739722-stage2-a10-policy-e0040	policy_eval	tpp	on	1239739722	20684886	40	20718431	2026-08-30T05:50:36.171254+00:00	/home/hersco/bershco-nu-asnets/numeric-asnets/asnets/experiment-results/experiments_numeric.domain.tpp-experiments_numeric.architecture_2.tpp_mcts-2026-08-28T23:15:44.870424/P[domain,pfile1,pfile2,pfile4]-S[0.0003,50,enhsp-hadd-astar]-MO[]-T[518400]-04917269-7d9a779/snapshots/snapshot_40_1.0000
preserve4-tpp-on-1239739722-stage2-a10-policy-e0045	policy_eval	tpp	on	1239739722	20684886	45	20718432	2026-08-30T05:50:36.455722+00:00	/home/hersco/bershco-nu-asnets/numeric-asnets/asnets/experiment-results/experiments_numeric.domain.tpp-experiments_numeric.architecture_2.tpp_mcts-2026-08-28T23:15:44.870424/P[domain,pfile1,pfile2,pfile4]-S[0.0003,50,enhsp-hadd-astar]-MO[]-T[518400]-04917269-7d9a779/snapshots/snapshot_45_1.0000
preserve4-tpp-on-1239739722-stage2-a10-policy-e0050	policy_eval	tpp	on	1239739722	20684886	50	20718433	2026-08-30T05:50:36.547453+00:00	/home/hersco/bershco-nu-asnets/numeric-asnets/asnets/experiment-results/experiments_numeric.domain.tpp-experiments_numeric.architecture_2.tpp_mcts-2026-08-28T23:15:44.870424/P[domain,pfile1,pfile2,pfile4]-S[0.0003,50,enhsp-hadd-astar]-MO[]-T[518400]-04917269-7d9a779/snapshots/snapshot_50_1.0000
preserve4-tpp-on-1239739722-stage2-a10-policy-e0055	policy_eval	tpp	on	1239739722	20684886	55	20718434	2026-08-30T05:50:36.641298+00:00	/home/hersco/bershco-nu-asnets/numeric-asnets/asnets/experiment-results/experiments_numeric.domain.tpp-experiments_numeric.architecture_2.tpp_mcts-2026-08-28T23:15:44.870424/P[domain,pfile1,pfile2,pfile4]-S[0.0003,50,enhsp-hadd-astar]-MO[]-T[518400]-04917269-7d9a779/snapshots/snapshot_55_1.0000
preserve4-tpp-on-1239739722-stage2-a10-policy-e0060	policy_eval	tpp	on	1239739722	20684886	60	20718435	2026-08-30T05:50:36.733018+00:00	/home/hersco/bershco-nu-asnets/numeric-asnets/asnets/experiment-results/experiments_numeric.domain.tpp-experiments_numeric.architecture_2.tpp_mcts-2026-08-28T23:15:44.870424/P[domain,pfile1,pfile2,pfile4]-S[0.0003,50,enhsp-hadd-astar]-MO[]-T[518400]-04917269-7d9a779/snapshots/snapshot_60_1.0000
preserve4-tpp-on-1239739722-stage2-a10-policy-e0065	policy_eval	tpp	on	1239739722	20684886	65	20718436	2026-08-30T05:50:36.825248+00:00	/home/hersco/bershco-nu-asnets/numeric-asnets/asnets/experiment-results/experiments_numeric.domain.tpp-experiments_numeric.architecture_2.tpp_mcts-2026-08-28T23:15:44.870424/P[domain,pfile1,pfile2,pfile4]-S[0.0003,50,enhsp-hadd-astar]-MO[]-T[518400]-04917269-7d9a779/snapshots/snapshot_65_1.0000
preserve4-tpp-on-1239739722-stage2-a10-policy-e0070	policy_eval	tpp	on	1239739722	20684886	70	20718437	2026-08-30T05:50:36.917213+00:00	/home/hersco/bershco-nu-asnets/numeric-asnets/asnets/experiment-results/experiments_numeric.domain.tpp-experiments_numeric.architecture_2.tpp_mcts-2026-08-28T23:15:44.870424/P[domain,pfile1,pfile2,pfile4]-S[0.0003,50,enhsp-hadd-astar]-MO[]-T[518400]-04917269-7d9a779/snapshots/snapshot_70_1.0000
preserve4-tpp-on-1239739722-stage2-a10-policy-e0075	policy_eval	tpp	on	1239739722	20684886	75	20718438	2026-08-30T05:50:37.214198+00:00	/home/hersco/bershco-nu-asnets/numeric-asnets/asnets/experiment-results/experiments_numeric.domain.tpp-experiments_numeric.architecture_2.tpp_mcts-2026-08-28T23:15:44.870424/P[domain,pfile1,pfile2,pfile4]-S[0.0003,50,enhsp-hadd-astar]-MO[]-T[518400]-04917269-7d9a779/snapshots/snapshot_75_1.0000
preserve4-tpp-on-1239739722-stage2-a10-policy-e0080	policy_eval	tpp	on	1239739722	20684886	80	20718440	2026-08-30T05:50:37.306334+00:00	/home/hersco/bershco-nu-asnets/numeric-asnets/asnets/experiment-results/experiments_numeric.domain.tpp-experiments_numeric.architecture_2.tpp_mcts-2026-08-28T23:15:44.870424/P[domain,pfile1,pfile2,pfile4]-S[0.0003,50,enhsp-hadd-astar]-MO[]-T[518400]-04917269-7d9a779/snapshots/snapshot_80_1.0000
preserve4-tpp-on-1239739722-stage2-a10-policy-e0085	policy_eval	tpp	on	1239739722	20684886	85	20718441	2026-08-30T05:50:37.403347+00:00	/home/hersco/bershco-nu-asnets/numeric-asnets/asnets/experiment-results/experiments_numeric.domain.tpp-experiments_numeric.architecture_2.tpp_mcts-2026-08-28T23:15:44.870424/P[domain,pfile1,pfile2,pfile4]-S[0.0003,50,enhsp-hadd-astar]-MO[]-T[518400]-04917269-7d9a779/snapshots/snapshot_85_1.0000
preserve4-tpp-on-1239739722-stage2-a10-policy-e0090	policy_eval	tpp	on	1239739722	20684886	90	20718442	2026-08-30T05:50:37.497114+00:00	/home/hersco/bershco-nu-asnets/numeric-asnets/asnets/experiment-results/experiments_numeric.domain.tpp-experiments_numeric.architecture_2.tpp_mcts-2026-08-28T23:15:44.870424/P[domain,pfile1,pfile2,pfile4]-S[0.0003,50,enhsp-hadd-astar]-MO[]-T[518400]-04917269-7d9a779/snapshots/snapshot_90_1.0000
preserve4-tpp-on-1239739722-stage2-a10-policy-e0095	policy_eval	tpp	on	1239739722	20684886	95	20718443	2026-08-30T05:50:37.590303+00:00	/home/hersco/bershco-nu-asnets/numeric-asnets/asnets/experiment-results/experiments_numeric.domain.tpp-experiments_numeric.architecture_2.tpp_mcts-2026-08-28T23:15:44.870424/P[domain,pfile1,pfile2,pfile4]-S[0.0003,50,enhsp-hadd-astar]-MO[]-T[518400]-04917269-7d9a779/snapshots/snapshot_95_1.0000
preserve4-tpp-on-1239739722-stage2-a10-policy-e0099	policy_eval	tpp	on	1239739722	20684886	99	20718444	2026-08-30T05:50:37.685595+00:00	/home/hersco/bershco-nu-asnets/numeric-asnets/asnets/experiment-results/experiments_numeric.domain.tpp-experiments_numeric.architecture_2.tpp_mcts-2026-08-28T23:15:44.870424/P[domain,pfile1,pfile2,pfile4]-S[0.0003,50,enhsp-hadd-astar]-MO[]-T[518400]-04917269-7d9a779/snapshots/snapshot_99_1.0000
preserve4-tpp-on-1472491096-stage2-a10-policy-e0000	policy_eval	tpp	on	1472491096	20684887	0	20718445	2026-08-30T05:50:37.777560+00:00	/home/hersco/bershco-nu-asnets/numeric-asnets/asnets/experiment-results/experiments_numeric.domain.tpp-experiments_numeric.architecture_2.tpp_mcts-2026-08-28T23:19:43.952117/P[domain,pfile1,pfile2,pfile4]-S[0.0003,50,enhsp-hadd-astar]-MO[]-T[518400]-04917273-43e0a7a/snapshots/snapshot_0_1.0000
preserve4-tpp-on-1472491096-stage2-a10-policy-e0005	policy_eval	tpp	on	1472491096	20684887	5	20718446	2026-08-30T05:50:37.873874+00:00	/home/hersco/bershco-nu-asnets/numeric-asnets/asnets/experiment-results/experiments_numeric.domain.tpp-experiments_numeric.architecture_2.tpp_mcts-2026-08-28T23:19:43.952117/P[domain,pfile1,pfile2,pfile4]-S[0.0003,50,enhsp-hadd-astar]-MO[]-T[518400]-04917273-43e0a7a/snapshots/snapshot_5_1.0000
preserve4-tpp-on-1472491096-stage2-a10-policy-e0010	policy_eval	tpp	on	1472491096	20684887	10	20718447	2026-08-30T05:50:37.964949+00:00	/home/hersco/bershco-nu-asnets/numeric-asnets/asnets/experiment-results/experiments_numeric.domain.tpp-experiments_numeric.architecture_2.tpp_mcts-2026-08-28T23:19:43.952117/P[domain,pfile1,pfile2,pfile4]-S[0.0003,50,enhsp-hadd-astar]-MO[]-T[518400]-04917273-43e0a7a/snapshots/snapshot_10_1.0000
preserve4-tpp-on-1472491096-stage2-a10-policy-e0015	policy_eval	tpp	on	1472491096	20684887	15	20718449	2026-08-30T05:50:38.060275+00:00	/home/hersco/bershco-nu-asnets/numeric-asnets/asnets/experiment-results/experiments_numeric.domain.tpp-experiments_numeric.architecture_2.tpp_mcts-2026-08-28T23:19:43.952117/P[domain,pfile1,pfile2,pfile4]-S[0.0003,50,enhsp-hadd-astar]-MO[]-T[518400]-04917273-43e0a7a/snapshots/snapshot_15_1.0000
preserve4-tpp-on-1472491096-stage2-a10-policy-e0020	policy_eval	tpp	on	1472491096	20684887	20	20718450	2026-08-30T05:50:38.155394+00:00	/home/hersco/bershco-nu-asnets/numeric-asnets/asnets/experiment-results/experiments_numeric.domain.tpp-experiments_numeric.architecture_2.tpp_mcts-2026-08-28T23:19:43.952117/P[domain,pfile1,pfile2,pfile4]-S[0.0003,50,enhsp-hadd-astar]-MO[]-T[518400]-04917273-43e0a7a/snapshots/snapshot_20_1.0000
preserve4-tpp-on-1472491096-stage2-a10-policy-e0025	policy_eval	tpp	on	1472491096	20684887	25	20718451	2026-08-30T05:50:38.247821+00:00	/home/hersco/bershco-nu-asnets/numeric-asnets/asnets/experiment-results/experiments_numeric.domain.tpp-experiments_numeric.architecture_2.tpp_mcts-2026-08-28T23:19:43.952117/P[domain,pfile1,pfile2,pfile4]-S[0.0003,50,enhsp-hadd-astar]-MO[]-T[518400]-04917273-43e0a7a/snapshots/snapshot_25_1.0000
preserve4-tpp-on-1472491096-stage2-a10-policy-e0030	policy_eval	tpp	on	1472491096	20684887	30	20718453	2026-08-30T05:50:40.717425+00:00	/home/hersco/bershco-nu-asnets/numeric-asnets/asnets/experiment-results/experiments_numeric.domain.tpp-experiments_numeric.architecture_2.tpp_mcts-2026-08-28T23:19:43.952117/P[domain,pfile1,pfile2,pfile4]-S[0.0003,50,enhsp-hadd-astar]-MO[]-T[518400]-04917273-43e0a7a/snapshots/snapshot_30_1.0000
preserve4-tpp-on-1472491096-stage2-a10-policy-e0035	policy_eval	tpp	on	1472491096	20684887	35	20718454	2026-08-30T05:50:40.809898+00:00	/home/hersco/bershco-nu-asnets/numeric-asnets/asnets/experiment-results/experiments_numeric.domain.tpp-experiments_numeric.architecture_2.tpp_mcts-2026-08-28T23:19:43.952117/P[domain,pfile1,pfile2,pfile4]-S[0.0003,50,enhsp-hadd-astar]-MO[]-T[518400]-04917273-43e0a7a/snapshots/snapshot_35_1.0000
preserve4-tpp-on-1472491096-stage2-a10-policy-e0040	policy_eval	tpp	on	1472491096	20684887	40	20718455	2026-08-30T05:50:40.902444+00:00	/home/hersco/bershco-nu-asnets/numeric-asnets/asnets/experiment-results/experiments_numeric.domain.tpp-experiments_numeric.architecture_2.tpp_mcts-2026-08-28T23:19:43.952117/P[domain,pfile1,pfile2,pfile4]-S[0.0003,50,enhsp-hadd-astar]-MO[]-T[518400]-04917273-43e0a7a/snapshots/snapshot_40_1.0000
preserve4-tpp-on-1472491096-stage2-a10-policy-e0045	policy_eval	tpp	on	1472491096	20684887	45	20718457	2026-08-30T05:50:40.995879+00:00	/home/hersco/bershco-nu-asnets/numeric-asnets/asnets/experiment-results/experiments_numeric.domain.tpp-experiments_numeric.architecture_2.tpp_mcts-2026-08-28T23:19:43.952117/P[domain,pfile1,pfile2,pfile4]-S[0.0003,50,enhsp-hadd-astar]-MO[]-T[518400]-04917273-43e0a7a/snapshots/snapshot_45_1.0000
preserve4-tpp-on-1472491096-stage2-a10-policy-e0050	policy_eval	tpp	on	1472491096	20684887	50	20718458	2026-08-30T05:50:41.492434+00:00	/home/hersco/bershco-nu-asnets/numeric-asnets/asnets/experiment-results/experiments_numeric.domain.tpp-experiments_numeric.architecture_2.tpp_mcts-2026-08-28T23:19:43.952117/P[domain,pfile1,pfile2,pfile4]-S[0.0003,50,enhsp-hadd-astar]-MO[]-T[518400]-04917273-43e0a7a/snapshots/snapshot_50_1.0000
preserve4-tpp-on-1472491096-stage2-a10-policy-e0055	policy_eval	tpp	on	1472491096	20684887	55	20718459	2026-08-30T05:50:41.581679+00:00	/home/hersco/bershco-nu-asnets/numeric-asnets/asnets/experiment-results/experiments_numeric.domain.tpp-experiments_numeric.architecture_2.tpp_mcts-2026-08-28T23:19:43.952117/P[domain,pfile1,pfile2,pfile4]-S[0.0003,50,enhsp-hadd-astar]-MO[]-T[518400]-04917273-43e0a7a/snapshots/snapshot_55_1.0000
preserve4-tpp-on-1472491096-stage2-a10-policy-e0060	policy_eval	tpp	on	1472491096	20684887	60	20718460	2026-08-30T05:50:41.672026+00:00	/home/hersco/bershco-nu-asnets/numeric-asnets/asnets/experiment-results/experiments_numeric.domain.tpp-experiments_numeric.architecture_2.tpp_mcts-2026-08-28T23:19:43.952117/P[domain,pfile1,pfile2,pfile4]-S[0.0003,50,enhsp-hadd-astar]-MO[]-T[518400]-04917273-43e0a7a/snapshots/snapshot_60_1.0000
preserve4-tpp-on-1472491096-stage2-a10-policy-e0065	policy_eval	tpp	on	1472491096	20684887	65	20718462	2026-08-30T05:50:41.762145+00:00	/home/hersco/bershco-nu-asnets/numeric-asnets/asnets/experiment-results/experiments_numeric.domain.tpp-experiments_numeric.architecture_2.tpp_mcts-2026-08-28T23:19:43.952117/P[domain,pfile1,pfile2,pfile4]-S[0.0003,50,enhsp-hadd-astar]-MO[]-T[518400]-04917273-43e0a7a/snapshots/snapshot_65_1.0000
preserve4-tpp-on-1472491096-stage2-a10-policy-e0070	policy_eval	tpp	on	1472491096	20684887	70	20718463	2026-08-30T05:50:41.853269+00:00	/home/hersco/bershco-nu-asnets/numeric-asnets/asnets/experiment-results/experiments_numeric.domain.tpp-experiments_numeric.architecture_2.tpp_mcts-2026-08-28T23:19:43.952117/P[domain,pfile1,pfile2,pfile4]-S[0.0003,50,enhsp-hadd-astar]-MO[]-T[518400]-04917273-43e0a7a/snapshots/snapshot_70_1.0000
preserve4-tpp-on-1472491096-stage2-a10-policy-e0075	policy_eval	tpp	on	1472491096	20684887	75	20718464	2026-08-30T05:50:41.944117+00:00	/home/hersco/bershco-nu-asnets/numeric-asnets/asnets/experiment-results/experiments_numeric.domain.tpp-experiments_numeric.architecture_2.tpp_mcts-2026-08-28T23:19:43.952117/P[domain,pfile1,pfile2,pfile4]-S[0.0003,50,enhsp-hadd-astar]-MO[]-T[518400]-04917273-43e0a7a/snapshots/snapshot_75_1.0000
preserve4-tpp-on-1472491096-stage2-a10-policy-e0080	policy_eval	tpp	on	1472491096	20684887	80	20718465	2026-08-30T05:50:42.094647+00:00	/home/hersco/bershco-nu-asnets/numeric-asnets/asnets/experiment-results/experiments_numeric.domain.tpp-experiments_numeric.architecture_2.tpp_mcts-2026-08-28T23:19:43.952117/P[domain,pfile1,pfile2,pfile4]-S[0.0003,50,enhsp-hadd-astar]-MO[]-T[518400]-04917273-43e0a7a/snapshots/snapshot_80_1.0000
preserve4-tpp-on-1472491096-stage2-a10-policy-e0085	policy_eval	tpp	on	1472491096	20684887	85	20718466	2026-08-30T05:50:42.189386+00:00	/home/hersco/bershco-nu-asnets/numeric-asnets/asnets/experiment-results/experiments_numeric.domain.tpp-experiments_numeric.architecture_2.tpp_mcts-2026-08-28T23:19:43.952117/P[domain,pfile1,pfile2,pfile4]-S[0.0003,50,enhsp-hadd-astar]-MO[]-T[518400]-04917273-43e0a7a/snapshots/snapshot_85_1.0000
preserve4-tpp-on-1472491096-stage2-a10-policy-e0090	policy_eval	tpp	on	1472491096	20684887	90	20718467	2026-08-30T05:50:42.279531+00:00	/home/hersco/bershco-nu-asnets/numeric-asnets/asnets/experiment-results/experiments_numeric.domain.tpp-experiments_numeric.architecture_2.tpp_mcts-2026-08-28T23:19:43.952117/P[domain,pfile1,pfile2,pfile4]-S[0.0003,50,enhsp-hadd-astar]-MO[]-T[518400]-04917273-43e0a7a/snapshots/snapshot_90_1.0000
preserve4-tpp-on-1472491096-stage2-a10-policy-e0095	policy_eval	tpp	on	1472491096	20684887	95	20718468	2026-08-30T05:50:42.375123+00:00	/home/hersco/bershco-nu-asnets/numeric-asnets/asnets/experiment-results/experiments_numeric.domain.tpp-experiments_numeric.architecture_2.tpp_mcts-2026-08-28T23:19:43.952117/P[domain,pfile1,pfile2,pfile4]-S[0.0003,50,enhsp-hadd-astar]-MO[]-T[518400]-04917273-43e0a7a/snapshots/snapshot_95_1.0000
preserve4-tpp-on-1472491096-stage2-a10-policy-e0099	policy_eval	tpp	on	1472491096	20684887	99	20718469	2026-08-30T05:50:42.465732+00:00	/home/hersco/bershco-nu-asnets/numeric-asnets/asnets/experiment-results/experiments_numeric.domain.tpp-experiments_numeric.architecture_2.tpp_mcts-2026-08-28T23:19:43.952117/P[domain,pfile1,pfile2,pfile4]-S[0.0003,50,enhsp-hadd-astar]-MO[]-T[518400]-04917273-43e0a7a/snapshots/snapshot_99_1.0000
preserve4-tpp-on-1510771779-stage2-a10-policy-e0000	policy_eval	tpp	on	1510771779	20684888	0	20718470	2026-08-30T05:50:42.555906+00:00	/home/hersco/bershco-nu-asnets/numeric-asnets/asnets/experiment-results/experiments_numeric.domain.tpp-experiments_numeric.architecture_2.tpp_mcts-2026-08-28T23:22:57.949675/P[domain,pfile1,pfile2,pfile4]-S[0.0003,50,enhsp-hadd-astar]-MO[]-T[518400]-04917277-17cc32a/snapshots/snapshot_0_1.0000
preserve4-tpp-on-1510771779-stage2-a10-policy-e0005	policy_eval	tpp	on	1510771779	20684888	5	20718471	2026-08-30T05:50:42.646204+00:00	/home/hersco/bershco-nu-asnets/numeric-asnets/asnets/experiment-results/experiments_numeric.domain.tpp-experiments_numeric.architecture_2.tpp_mcts-2026-08-28T23:22:57.949675/P[domain,pfile1,pfile2,pfile4]-S[0.0003,50,enhsp-hadd-astar]-MO[]-T[518400]-04917277-17cc32a/snapshots/snapshot_5_1.0000
preserve4-tpp-on-1510771779-stage2-a10-policy-e0010	policy_eval	tpp	on	1510771779	20684888	10	20718473	2026-08-30T05:50:42.736268+00:00	/home/hersco/bershco-nu-asnets/numeric-asnets/asnets/experiment-results/experiments_numeric.domain.tpp-experiments_numeric.architecture_2.tpp_mcts-2026-08-28T23:22:57.949675/P[domain,pfile1,pfile2,pfile4]-S[0.0003,50,enhsp-hadd-astar]-MO[]-T[518400]-04917277-17cc32a/snapshots/snapshot_10_1.0000
preserve4-tpp-on-1510771779-stage2-a10-policy-e0015	policy_eval	tpp	on	1510771779	20684888	15	20718474	2026-08-30T05:50:42.826643+00:00	/home/hersco/bershco-nu-asnets/numeric-asnets/asnets/experiment-results/experiments_numeric.domain.tpp-experiments_numeric.architecture_2.tpp_mcts-2026-08-28T23:22:57.949675/P[domain,pfile1,pfile2,pfile4]-S[0.0003,50,enhsp-hadd-astar]-MO[]-T[518400]-04917277-17cc32a/snapshots/snapshot_15_1.0000
preserve4-tpp-on-1510771779-stage2-a10-policy-e0020	policy_eval	tpp	on	1510771779	20684888	20	20718475	2026-08-30T05:50:42.918197+00:00	/home/hersco/bershco-nu-asnets/numeric-asnets/asnets/experiment-results/experiments_numeric.domain.tpp-experiments_numeric.architecture_2.tpp_mcts-2026-08-28T23:22:57.949675/P[domain,pfile1,pfile2,pfile4]-S[0.0003,50,enhsp-hadd-astar]-MO[]-T[518400]-04917277-17cc32a/snapshots/snapshot_20_1.0000
preserve4-tpp-on-1510771779-stage2-a10-policy-e0025	policy_eval	tpp	on	1510771779	20684888	25	20718476	2026-08-30T05:50:43.009419+00:00	/home/hersco/bershco-nu-asnets/numeric-asnets/asnets/experiment-results/experiments_numeric.domain.tpp-experiments_numeric.architecture_2.tpp_mcts-2026-08-28T23:22:57.949675/P[domain,pfile1,pfile2,pfile4]-S[0.0003,50,enhsp-hadd-astar]-MO[]-T[518400]-04917277-17cc32a/snapshots/snapshot_25_1.0000
preserve4-tpp-on-1510771779-stage2-a10-policy-e0030	policy_eval	tpp	on	1510771779	20684888	30	20718477	2026-08-30T05:50:43.101187+00:00	/home/hersco/bershco-nu-asnets/numeric-asnets/asnets/experiment-results/experiments_numeric.domain.tpp-experiments_numeric.architecture_2.tpp_mcts-2026-08-28T23:22:57.949675/P[domain,pfile1,pfile2,pfile4]-S[0.0003,50,enhsp-hadd-astar]-MO[]-T[518400]-04917277-17cc32a/snapshots/snapshot_30_1.0000
preserve4-tpp-on-1510771779-stage2-a10-policy-e0035	policy_eval	tpp	on	1510771779	20684888	35	20718478	2026-08-30T05:50:43.197380+00:00	/home/hersco/bershco-nu-asnets/numeric-asnets/asnets/experiment-results/experiments_numeric.domain.tpp-experiments_numeric.architecture_2.tpp_mcts-2026-08-28T23:22:57.949675/P[domain,pfile1,pfile2,pfile4]-S[0.0003,50,enhsp-hadd-astar]-MO[]-T[518400]-04917277-17cc32a/snapshots/snapshot_35_1.0000
preserve4-tpp-on-1510771779-stage2-a10-policy-e0040	policy_eval	tpp	on	1510771779	20684888	40	20718479	2026-08-30T05:50:43.286881+00:00	/home/hersco/bershco-nu-asnets/numeric-asnets/asnets/experiment-results/experiments_numeric.domain.tpp-experiments_numeric.architecture_2.tpp_mcts-2026-08-28T23:22:57.949675/P[domain,pfile1,pfile2,pfile4]-S[0.0003,50,enhsp-hadd-astar]-MO[]-T[518400]-04917277-17cc32a/snapshots/snapshot_40_1.0000
preserve4-tpp-on-1510771779-stage2-a10-policy-e0045	policy_eval	tpp	on	1510771779	20684888	45	20718480	2026-08-30T05:50:43.377273+00:00	/home/hersco/bershco-nu-asnets/numeric-asnets/asnets/experiment-results/experiments_numeric.domain.tpp-experiments_numeric.architecture_2.tpp_mcts-2026-08-28T23:22:57.949675/P[domain,pfile1,pfile2,pfile4]-S[0.0003,50,enhsp-hadd-astar]-MO[]-T[518400]-04917277-17cc32a/snapshots/snapshot_45_1.0000
preserve4-tpp-on-1510771779-stage2-a10-policy-e0050	policy_eval	tpp	on	1510771779	20684888	50	20718481	2026-08-30T05:50:43.468021+00:00	/home/hersco/bershco-nu-asnets/numeric-asnets/asnets/experiment-results/experiments_numeric.domain.tpp-experiments_numeric.architecture_2.tpp_mcts-2026-08-28T23:22:57.949675/P[domain,pfile1,pfile2,pfile4]-S[0.0003,50,enhsp-hadd-astar]-MO[]-T[518400]-04917277-17cc32a/snapshots/snapshot_50_1.0000
preserve4-tpp-on-1510771779-stage2-a10-policy-e0055	policy_eval	tpp	on	1510771779	20684888	55	20718483	2026-08-30T05:50:43.556952+00:00	/home/hersco/bershco-nu-asnets/numeric-asnets/asnets/experiment-results/experiments_numeric.domain.tpp-experiments_numeric.architecture_2.tpp_mcts-2026-08-28T23:22:57.949675/P[domain,pfile1,pfile2,pfile4]-S[0.0003,50,enhsp-hadd-astar]-MO[]-T[518400]-04917277-17cc32a/snapshots/snapshot_55_1.0000
preserve4-tpp-on-1510771779-stage2-a10-policy-e0060	policy_eval	tpp	on	1510771779	20684888	60	20718484	2026-08-30T05:50:43.647865+00:00	/home/hersco/bershco-nu-asnets/numeric-asnets/asnets/experiment-results/experiments_numeric.domain.tpp-experiments_numeric.architecture_2.tpp_mcts-2026-08-28T23:22:57.949675/P[domain,pfile1,pfile2,pfile4]-S[0.0003,50,enhsp-hadd-astar]-MO[]-T[518400]-04917277-17cc32a/snapshots/snapshot_60_1.0000
preserve4-tpp-on-1510771779-stage2-a10-policy-e0065	policy_eval	tpp	on	1510771779	20684888	65	20718485	2026-08-30T05:50:43.741274+00:00	/home/hersco/bershco-nu-asnets/numeric-asnets/asnets/experiment-results/experiments_numeric.domain.tpp-experiments_numeric.architecture_2.tpp_mcts-2026-08-28T23:22:57.949675/P[domain,pfile1,pfile2,pfile4]-S[0.0003,50,enhsp-hadd-astar]-MO[]-T[518400]-04917277-17cc32a/snapshots/snapshot_65_1.0000
preserve4-tpp-on-1510771779-stage2-a10-policy-e0070	policy_eval	tpp	on	1510771779	20684888	70	20718486	2026-08-30T05:50:43.837420+00:00	/home/hersco/bershco-nu-asnets/numeric-asnets/asnets/experiment-results/experiments_numeric.domain.tpp-experiments_numeric.architecture_2.tpp_mcts-2026-08-28T23:22:57.949675/P[domain,pfile1,pfile2,pfile4]-S[0.0003,50,enhsp-hadd-astar]-MO[]-T[518400]-04917277-17cc32a/snapshots/snapshot_70_1.0000
preserve4-tpp-on-1510771779-stage2-a10-policy-e0075	policy_eval	tpp	on	1510771779	20684888	75	20718487	2026-08-30T05:50:43.930229+00:00	/home/hersco/bershco-nu-asnets/numeric-asnets/asnets/experiment-results/experiments_numeric.domain.tpp-experiments_numeric.architecture_2.tpp_mcts-2026-08-28T23:22:57.949675/P[domain,pfile1,pfile2,pfile4]-S[0.0003,50,enhsp-hadd-astar]-MO[]-T[518400]-04917277-17cc32a/snapshots/snapshot_75_1.0000
preserve4-tpp-on-1510771779-stage2-a10-policy-e0080	policy_eval	tpp	on	1510771779	20684888	80	20718488	2026-08-30T05:50:44.021247+00:00	/home/hersco/bershco-nu-asnets/numeric-asnets/asnets/experiment-results/experiments_numeric.domain.tpp-experiments_numeric.architecture_2.tpp_mcts-2026-08-28T23:22:57.949675/P[domain,pfile1,pfile2,pfile4]-S[0.0003,50,enhsp-hadd-astar]-MO[]-T[518400]-04917277-17cc32a/snapshots/snapshot_80_1.0000
preserve4-tpp-on-1510771779-stage2-a10-policy-e0085	policy_eval	tpp	on	1510771779	20684888	85	20718489	2026-08-30T05:50:44.117138+00:00	/home/hersco/bershco-nu-asnets/numeric-asnets/asnets/experiment-results/experiments_numeric.domain.tpp-experiments_numeric.architecture_2.tpp_mcts-2026-08-28T23:22:57.949675/P[domain,pfile1,pfile2,pfile4]-S[0.0003,50,enhsp-hadd-astar]-MO[]-T[518400]-04917277-17cc32a/snapshots/snapshot_85_1.0000
preserve4-tpp-on-1510771779-stage2-a10-policy-e0090	policy_eval	tpp	on	1510771779	20684888	90	20718490	2026-08-30T05:50:44.206204+00:00	/home/hersco/bershco-nu-asnets/numeric-asnets/asnets/experiment-results/experiments_numeric.domain.tpp-experiments_numeric.architecture_2.tpp_mcts-2026-08-28T23:22:57.949675/P[domain,pfile1,pfile2,pfile4]-S[0.0003,50,enhsp-hadd-astar]-MO[]-T[518400]-04917277-17cc32a/snapshots/snapshot_90_1.0000
preserve4-tpp-on-1510771779-stage2-a10-policy-e0095	policy_eval	tpp	on	1510771779	20684888	95	20718491	2026-08-30T05:50:44.296198+00:00	/home/hersco/bershco-nu-asnets/numeric-asnets/asnets/experiment-results/experiments_numeric.domain.tpp-experiments_numeric.architecture_2.tpp_mcts-2026-08-28T23:22:57.949675/P[domain,pfile1,pfile2,pfile4]-S[0.0003,50,enhsp-hadd-astar]-MO[]-T[518400]-04917277-17cc32a/snapshots/snapshot_95_1.0000
preserve4-tpp-on-1510771779-stage2-a10-policy-e0099	policy_eval	tpp	on	1510771779	20684888	99	20718492	2026-08-30T05:50:44.386679+00:00	/home/hersco/bershco-nu-asnets/numeric-asnets/asnets/experiment-results/experiments_numeric.domain.tpp-experiments_numeric.architecture_2.tpp_mcts-2026-08-28T23:22:57.949675/P[domain,pfile1,pfile2,pfile4]-S[0.0003,50,enhsp-hadd-astar]-MO[]-T[518400]-04917277-17cc32a/snapshots/snapshot_99_1.0000
