job_id,job_name,domain,value_head,seed,tag,source_training_job_id,snapshot_epoch,analysis_roles,slurm_state,exit_code,elapsed,successes,total,val_valid,val_invalid,classified_instances,successful_instance_runtime_seconds,source_evaluation_log,source_training_log
20668600,Ev_zenotravel_zenotravel_mcts_orig_novh_c.1_s534933607_K0_P4ZENOS2P_src20630369_e0000,zenotravel,off,534933607,P4ZENOS2P,20630369,0,stage2_policy_curve,COMPLETED,0:0,00:13:37,20,20,20,0,0,,/home/hersco/training_new_domains/2026-08-28/preserve4_zenotravel_stage2_policy_eval/20668600_Ev_zenotravel_zenotravel_mcts_orig_novh_c.1_s534933607_K0_P4ZENOS2P_src20630369_e0000.txt,/home/hersco/training_new_domains/2026-08-27/preserve4_zenotravel_stage2_confirmation/20630369_Re-Tr_zenotravel_zenotravel_mcts_orig_novh_e.5_c.1_s534933607_K0_P4S2A30_src20523092.txt
20668603,Ev_zenotravel_zenotravel_mcts_orig_novh_c.1_s534933607_K0_P4ZENOS2P_src20630369_e0005,zenotravel,off,534933607,P4ZENOS2P,20630369,5,stage2_policy_curve,COMPLETED,0:0,00:12:17,20,20,20,0,0,,/home/hersco/training_new_domains/2026-08-28/preserve4_zenotravel_stage2_policy_eval/20668603_Ev_zenotravel_zenotravel_mcts_orig_novh_c.1_s534933607_K0_P4ZENOS2P_src20630369_e0005.txt,/home/hersco/training_new_domains/2026-08-27/preserve4_zenotravel_stage2_confirmation/20630369_Re-Tr_zenotravel_zenotravel_mcts_orig_novh_e.5_c.1_s534933607_K0_P4S2A30_src20523092.txt
20668605,Ev_zenotravel_zenotravel_mcts_orig_novh_c.1_s534933607_K0_P4ZENOS2P_src20630369_e0010,zenotravel,off,534933607,P4ZENOS2P,20630369,10,stage2_policy_curve,COMPLETED,0:0,00:12:09,20,20,20,0,0,,/home/hersco/training_new_domains/2026-08-28/preserve4_zenotravel_stage2_policy_eval/20668605_Ev_zenotravel_zenotravel_mcts_orig_novh_c.1_s534933607_K0_P4ZENOS2P_src20630369_e0010.txt,/home/hersco/training_new_domains/2026-08-27/preserve4_zenotravel_stage2_confirmation/20630369_Re-Tr_zenotravel_zenotravel_mcts_orig_novh_e.5_c.1_s534933607_K0_P4S2A30_src20523092.txt
20668607,Ev_zenotravel_zenotravel_mcts_orig_novh_c.1_s534933607_K0_P4ZENOS2P_src20630369_e0015,zenotravel,off,534933607,P4ZENOS2P,20630369,15,stage2_policy_curve,COMPLETED,0:0,00:11:12,20,20,20,0,0,,/home/hersco/training_new_domains/2026-08-28/preserve4_zenotravel_stage2_policy_eval/20668607_Ev_zenotravel_zenotravel_mcts_orig_novh_c.1_s534933607_K0_P4ZENOS2P_src20630369_e0015.txt,/home/hersco/training_new_domains/2026-08-27/preserve4_zenotravel_stage2_confirmation/20630369_Re-Tr_zenotravel_zenotravel_mcts_orig_novh_e.5_c.1_s534933607_K0_P4S2A30_src20523092.txt
20668609,Ev_zenotravel_zenotravel_mcts_orig_novh_c.1_s534933607_K0_P4ZENOS2P_src20630369_e0020,zenotravel,off,534933607,P4ZENOS2P,20630369,20,stage2_policy_curve,COMPLETED,0:0,00:11:05,20,20,20,0,0,,/home/hersco/training_new_domains/2026-08-28/preserve4_zenotravel_stage2_policy_eval/20668609_Ev_zenotravel_zenotravel_mcts_orig_novh_c.1_s534933607_K0_P4ZENOS2P_src20630369_e0020.txt,/home/hersco/training_new_domains/2026-08-27/preserve4_zenotravel_stage2_confirmation/20630369_Re-Tr_zenotravel_zenotravel_mcts_orig_novh_e.5_c.1_s534933607_K0_P4S2A30_src20523092.txt
20668611,Ev_zenotravel_zenotravel_mcts_orig_novh_c.1_s534933607_K0_P4ZENOS2P_src20630369_e0025,zenotravel,off,534933607,P4ZENOS2P,20630369,25,stage2_policy_curve,COMPLETED,0:0,00:09:50,20,20,20,0,0,,/home/hersco/training_new_domains/2026-08-28/preserve4_zenotravel_stage2_policy_eval/20668611_Ev_zenotravel_zenotravel_mcts_orig_novh_c.1_s534933607_K0_P4ZENOS2P_src20630369_e0025.txt,/home/hersco/training_new_domains/2026-08-27/preserve4_zenotravel_stage2_confirmation/20630369_Re-Tr_zenotravel_zenotravel_mcts_orig_novh_e.5_c.1_s534933607_K0_P4S2A30_src20523092.txt
20668613,Ev_zenotravel_zenotravel_mcts_orig_novh_c.1_s534933607_K0_P4ZENOS2P_src20630369_e0030,zenotravel,off,534933607,P4ZENOS2P,20630369,30,stage2_policy_curve,COMPLETED,0:0,00:12:48,20,20,20,0,0,,/home/hersco/training_new_domains/2026-08-28/preserve4_zenotravel_stage2_policy_eval/20668613_Ev_zenotravel_zenotravel_mcts_orig_novh_c.1_s534933607_K0_P4ZENOS2P_src20630369_e0030.txt,/home/hersco/training_new_domains/2026-08-27/preserve4_zenotravel_stage2_confirmation/20630369_Re-Tr_zenotravel_zenotravel_mcts_orig_novh_e.5_c.1_s534933607_K0_P4S2A30_src20523092.txt
20668615,Ev_zenotravel_zenotravel_mcts_orig_novh_c.1_s534933607_K0_P4ZENOS2P_src20630369_e0035,zenotravel,off,534933607,P4ZENOS2P,20630369,35,stage2_policy_curve,COMPLETED,0:0,00:09:53,20,20,20,0,0,,/home/hersco/training_new_domains/2026-08-28/preserve4_zenotravel_stage2_policy_eval/20668615_Ev_zenotravel_zenotravel_mcts_orig_novh_c.1_s534933607_K0_P4ZENOS2P_src20630369_e0035.txt,/home/hersco/training_new_domains/2026-08-27/preserve4_zenotravel_stage2_confirmation/20630369_Re-Tr_zenotravel_zenotravel_mcts_orig_novh_e.5_c.1_s534933607_K0_P4S2A30_src20523092.txt
20668617,Ev_zenotravel_zenotravel_mcts_orig_novh_c.1_s534933607_K0_P4ZENOS2P_src20630369_e0040,zenotravel,off,534933607,P4ZENOS2P,20630369,40,stage2_policy_curve,COMPLETED,0:0,00:12:57,20,20,20,0,0,,/home/hersco/training_new_domains/2026-08-28/preserve4_zenotravel_stage2_policy_eval/20668617_Ev_zenotravel_zenotravel_mcts_orig_novh_c.1_s534933607_K0_P4ZENOS2P_src20630369_e0040.txt,/home/hersco/training_new_domains/2026-08-27/preserve4_zenotravel_stage2_confirmation/20630369_Re-Tr_zenotravel_zenotravel_mcts_orig_novh_e.5_c.1_s534933607_K0_P4S2A30_src20523092.txt
20668619,Ev_zenotravel_zenotravel_mcts_orig_novh_c.1_s534933607_K0_P4ZENOS2P_src20630369_e0045,zenotravel,off,534933607,P4ZENOS2P,20630369,45,stage2_policy_curve,COMPLETED,0:0,00:09:33,20,20,20,0,0,,/home/hersco/training_new_domains/2026-08-28/preserve4_zenotravel_stage2_policy_eval/20668619_Ev_zenotravel_zenotravel_mcts_orig_novh_c.1_s534933607_K0_P4ZENOS2P_src20630369_e0045.txt,/home/hersco/training_new_domains/2026-08-27/preserve4_zenotravel_stage2_confirmation/20630369_Re-Tr_zenotravel_zenotravel_mcts_orig_novh_e.5_c.1_s534933607_K0_P4S2A30_src20523092.txt
20668622,Ev_zenotravel_zenotravel_mcts_orig_novh_c.1_s534933607_K0_P4ZENOS2P_src20630369_e0050,zenotravel,off,534933607,P4ZENOS2P,20630369,50,stage2_policy_curve,COMPLETED,0:0,00:13:46,20,20,20,0,0,,/home/hersco/training_new_domains/2026-08-28/preserve4_zenotravel_stage2_policy_eval/20668622_Ev_zenotravel_zenotravel_mcts_orig_novh_c.1_s534933607_K0_P4ZENOS2P_src20630369_e0050.txt,/home/hersco/training_new_domains/2026-08-27/preserve4_zenotravel_stage2_confirmation/20630369_Re-Tr_zenotravel_zenotravel_mcts_orig_novh_e.5_c.1_s534933607_K0_P4S2A30_src20523092.txt
20668624,Ev_zenotravel_zenotravel_mcts_orig_novh_c.1_s534933607_K0_P4ZENOS2P_src20630369_e0055,zenotravel,off,534933607,P4ZENOS2P,20630369,55,stage2_policy_curve,COMPLETED,0:0,00:10:46,20,20,20,0,0,,/home/hersco/training_new_domains/2026-08-28/preserve4_zenotravel_stage2_policy_eval/20668624_Ev_zenotravel_zenotravel_mcts_orig_novh_c.1_s534933607_K0_P4ZENOS2P_src20630369_e0055.txt,/home/hersco/training_new_domains/2026-08-27/preserve4_zenotravel_stage2_confirmation/20630369_Re-Tr_zenotravel_zenotravel_mcts_orig_novh_e.5_c.1_s534933607_K0_P4S2A30_src20523092.txt
20668626,Ev_zenotravel_zenotravel_mcts_orig_novh_c.1_s534933607_K0_P4ZENOS2P_src20630369_e0060,zenotravel,off,534933607,P4ZENOS2P,20630369,60,stage2_policy_curve,COMPLETED,0:0,00:13:33,20,20,20,0,0,,/home/hersco/training_new_domains/2026-08-28/preserve4_zenotravel_stage2_policy_eval/20668626_Ev_zenotravel_zenotravel_mcts_orig_novh_c.1_s534933607_K0_P4ZENOS2P_src20630369_e0060.txt,/home/hersco/training_new_domains/2026-08-27/preserve4_zenotravel_stage2_confirmation/20630369_Re-Tr_zenotravel_zenotravel_mcts_orig_novh_e.5_c.1_s534933607_K0_P4S2A30_src20523092.txt
20668628,Ev_zenotravel_zenotravel_mcts_orig_novh_c.1_s534933607_K0_P4ZENOS2P_src20630369_e0065,zenotravel,off,534933607,P4ZENOS2P,20630369,65,stage2_policy_curve,COMPLETED,0:0,00:11:00,20,20,20,0,0,,/home/hersco/training_new_domains/2026-08-28/preserve4_zenotravel_stage2_policy_eval/20668628_Ev_zenotravel_zenotravel_mcts_orig_novh_c.1_s534933607_K0_P4ZENOS2P_src20630369_e0065.txt,/home/hersco/training_new_domains/2026-08-27/preserve4_zenotravel_stage2_confirmation/20630369_Re-Tr_zenotravel_zenotravel_mcts_orig_novh_e.5_c.1_s534933607_K0_P4S2A30_src20523092.txt
20668630,Ev_zenotravel_zenotravel_mcts_orig_novh_c.1_s534933607_K0_P4ZENOS2P_src20630369_e0070,zenotravel,off,534933607,P4ZENOS2P,20630369,70,stage2_policy_curve,COMPLETED,0:0,00:13:32,20,20,20,0,0,,/home/hersco/training_new_domains/2026-08-28/preserve4_zenotravel_stage2_policy_eval/20668630_Ev_zenotravel_zenotravel_mcts_orig_novh_c.1_s534933607_K0_P4ZENOS2P_src20630369_e0070.txt,/home/hersco/training_new_domains/2026-08-27/preserve4_zenotravel_stage2_confirmation/20630369_Re-Tr_zenotravel_zenotravel_mcts_orig_novh_e.5_c.1_s534933607_K0_P4S2A30_src20523092.txt
20668633,Ev_zenotravel_zenotravel_mcts_orig_novh_c.1_s534933607_K0_P4ZENOS2P_src20630369_e0075,zenotravel,off,534933607,P4ZENOS2P,20630369,75,stage2_policy_curve,COMPLETED,0:0,00:13:31,20,20,20,0,0,,/home/hersco/training_new_domains/2026-08-28/preserve4_zenotravel_stage2_policy_eval/20668633_Ev_zenotravel_zenotravel_mcts_orig_novh_c.1_s534933607_K0_P4ZENOS2P_src20630369_e0075.txt,/home/hersco/training_new_domains/2026-08-27/preserve4_zenotravel_stage2_confirmation/20630369_Re-Tr_zenotravel_zenotravel_mcts_orig_novh_e.5_c.1_s534933607_K0_P4S2A30_src20523092.txt
20668635,Ev_zenotravel_zenotravel_mcts_orig_novh_c.1_s534933607_K0_P4ZENOS2P_src20630369_e0080,zenotravel,off,534933607,P4ZENOS2P,20630369,80,stage2_policy_curve,COMPLETED,0:0,00:11:39,20,20,20,0,0,,/home/hersco/training_new_domains/2026-08-28/preserve4_zenotravel_stage2_policy_eval/20668635_Ev_zenotravel_zenotravel_mcts_orig_novh_c.1_s534933607_K0_P4ZENOS2P_src20630369_e0080.txt,/home/hersco/training_new_domains/2026-08-27/preserve4_zenotravel_stage2_confirmation/20630369_Re-Tr_zenotravel_zenotravel_mcts_orig_novh_e.5_c.1_s534933607_K0_P4S2A30_src20523092.txt
20668637,Ev_zenotravel_zenotravel_mcts_orig_novh_c.1_s534933607_K0_P4ZENOS2P_src20630369_e0085,zenotravel,off,534933607,P4ZENOS2P,20630369,85,stage2_policy_curve,COMPLETED,0:0,00:11:07,20,20,20,0,0,,/home/hersco/training_new_domains/2026-08-28/preserve4_zenotravel_stage2_policy_eval/20668637_Ev_zenotravel_zenotravel_mcts_orig_novh_c.1_s534933607_K0_P4ZENOS2P_src20630369_e0085.txt,/home/hersco/training_new_domains/2026-08-27/preserve4_zenotravel_stage2_confirmation/20630369_Re-Tr_zenotravel_zenotravel_mcts_orig_novh_e.5_c.1_s534933607_K0_P4S2A30_src20523092.txt
20668639,Ev_zenotravel_zenotravel_mcts_orig_novh_c.1_s534933607_K0_P4ZENOS2P_src20630369_e0090,zenotravel,off,534933607,P4ZENOS2P,20630369,90,stage2_policy_curve,COMPLETED,0:0,00:11:30,20,20,20,0,0,,/home/hersco/training_new_domains/2026-08-28/preserve4_zenotravel_stage2_policy_eval/20668639_Ev_zenotravel_zenotravel_mcts_orig_novh_c.1_s534933607_K0_P4ZENOS2P_src20630369_e0090.txt,/home/hersco/training_new_domains/2026-08-27/preserve4_zenotravel_stage2_confirmation/20630369_Re-Tr_zenotravel_zenotravel_mcts_orig_novh_e.5_c.1_s534933607_K0_P4S2A30_src20523092.txt
20668641,Ev_zenotravel_zenotravel_mcts_orig_novh_c.1_s534933607_K0_P4ZENOS2P_src20630369_e0095,zenotravel,off,534933607,P4ZENOS2P,20630369,95,stage2_policy_curve,COMPLETED,0:0,00:10:51,20,20,20,0,0,,/home/hersco/training_new_domains/2026-08-28/preserve4_zenotravel_stage2_policy_eval/20668641_Ev_zenotravel_zenotravel_mcts_orig_novh_c.1_s534933607_K0_P4ZENOS2P_src20630369_e0095.txt,/home/hersco/training_new_domains/2026-08-27/preserve4_zenotravel_stage2_confirmation/20630369_Re-Tr_zenotravel_zenotravel_mcts_orig_novh_e.5_c.1_s534933607_K0_P4S2A30_src20523092.txt
20668643,Ev_zenotravel_zenotravel_mcts_orig_novh_c.1_s534933607_K0_P4ZENOS2P_src20630369_e0099,zenotravel,off,534933607,P4ZENOS2P,20630369,99,stage2_policy_curve;stage2_final_policy,COMPLETED,0:0,00:09:02,20,20,20,0,0,,/home/hersco/training_new_domains/2026-08-28/preserve4_zenotravel_stage2_policy_eval/20668643_Ev_zenotravel_zenotravel_mcts_orig_novh_c.1_s534933607_K0_P4ZENOS2P_src20630369_e0099.txt,/home/hersco/training_new_domains/2026-08-27/preserve4_zenotravel_stage2_confirmation/20630369_Re-Tr_zenotravel_zenotravel_mcts_orig_novh_e.5_c.1_s534933607_K0_P4S2A30_src20523092.txt
20668645,Ev_zenotravel_zenotravel_mcts_orig_novh_c.1_s923500475_K0_P4ZENOS2P_src20630370_e0000,zenotravel,off,923500475,P4ZENOS2P,20630370,0,stage2_policy_curve,COMPLETED,0:0,00:12:20,20,20,20,0,0,,/home/hersco/training_new_domains/2026-08-28/preserve4_zenotravel_stage2_policy_eval/20668645_Ev_zenotravel_zenotravel_mcts_orig_novh_c.1_s923500475_K0_P4ZENOS2P_src20630370_e0000.txt,/home/hersco/training_new_domains/2026-08-27/preserve4_zenotravel_stage2_confirmation/20630370_Re-Tr_zenotravel_zenotravel_mcts_orig_novh_e.5_c.1_s923500475_K0_P4S2A30_src20523095.txt
20668647,Ev_zenotravel_zenotravel_mcts_orig_novh_c.1_s923500475_K0_P4ZENOS2P_src20630370_e0005,zenotravel,off,923500475,P4ZENOS2P,20630370,5,stage2_policy_curve,COMPLETED,0:0,00:12:48,20,20,20,0,0,,/home/hersco/training_new_domains/2026-08-28/preserve4_zenotravel_stage2_policy_eval/20668647_Ev_zenotravel_zenotravel_mcts_orig_novh_c.1_s923500475_K0_P4ZENOS2P_src20630370_e0005.txt,/home/hersco/training_new_domains/2026-08-27/preserve4_zenotravel_stage2_confirmation/20630370_Re-Tr_zenotravel_zenotravel_mcts_orig_novh_e.5_c.1_s923500475_K0_P4S2A30_src20523095.txt
20668649,Ev_zenotravel_zenotravel_mcts_orig_novh_c.1_s923500475_K0_P4ZENOS2P_src20630370_e0010,zenotravel,off,923500475,P4ZENOS2P,20630370,10,stage2_policy_curve,COMPLETED,0:0,00:11:39,20,20,20,0,0,,/home/hersco/training_new_domains/2026-08-28/preserve4_zenotravel_stage2_policy_eval/20668649_Ev_zenotravel_zenotravel_mcts_orig_novh_c.1_s923500475_K0_P4ZENOS2P_src20630370_e0010.txt,/home/hersco/training_new_domains/2026-08-27/preserve4_zenotravel_stage2_confirmation/20630370_Re-Tr_zenotravel_zenotravel_mcts_orig_novh_e.5_c.1_s923500475_K0_P4S2A30_src20523095.txt
20668651,Ev_zenotravel_zenotravel_mcts_orig_novh_c.1_s923500475_K0_P4ZENOS2P_src20630370_e0015,zenotravel,off,923500475,P4ZENOS2P,20630370,15,stage2_policy_curve,COMPLETED,0:0,00:12:50,20,20,20,0,0,,/home/hersco/training_new_domains/2026-08-28/preserve4_zenotravel_stage2_policy_eval/20668651_Ev_zenotravel_zenotravel_mcts_orig_novh_c.1_s923500475_K0_P4ZENOS2P_src20630370_e0015.txt,/home/hersco/training_new_domains/2026-08-27/preserve4_zenotravel_stage2_confirmation/20630370_Re-Tr_zenotravel_zenotravel_mcts_orig_novh_e.5_c.1_s923500475_K0_P4S2A30_src20523095.txt
20668653,Ev_zenotravel_zenotravel_mcts_orig_novh_c.1_s923500475_K0_P4ZENOS2P_src20630370_e0020,zenotravel,off,923500475,P4ZENOS2P,20630370,20,stage2_policy_curve,COMPLETED,0:0,00:12:42,20,20,20,0,0,,/home/hersco/training_new_domains/2026-08-28/preserve4_zenotravel_stage2_policy_eval/20668653_Ev_zenotravel_zenotravel_mcts_orig_novh_c.1_s923500475_K0_P4ZENOS2P_src20630370_e0020.txt,/home/hersco/training_new_domains/2026-08-27/preserve4_zenotravel_stage2_confirmation/20630370_Re-Tr_zenotravel_zenotravel_mcts_orig_novh_e.5_c.1_s923500475_K0_P4S2A30_src20523095.txt
20668655,Ev_zenotravel_zenotravel_mcts_orig_novh_c.1_s923500475_K0_P4ZENOS2P_src20630370_e0025,zenotravel,off,923500475,P4ZENOS2P,20630370,25,stage2_policy_curve,COMPLETED,0:0,00:13:25,20,20,20,0,0,,/home/hersco/training_new_domains/2026-08-28/preserve4_zenotravel_stage2_policy_eval/20668655_Ev_zenotravel_zenotravel_mcts_orig_novh_c.1_s923500475_K0_P4ZENOS2P_src20630370_e0025.txt,/home/hersco/training_new_domains/2026-08-27/preserve4_zenotravel_stage2_confirmation/20630370_Re-Tr_zenotravel_zenotravel_mcts_orig_novh_e.5_c.1_s923500475_K0_P4S2A30_src20523095.txt
20668657,Ev_zenotravel_zenotravel_mcts_orig_novh_c.1_s923500475_K0_P4ZENOS2P_src20630370_e0030,zenotravel,off,923500475,P4ZENOS2P,20630370,30,stage2_policy_curve,COMPLETED,0:0,00:12:47,20,20,20,0,0,,/home/hersco/training_new_domains/2026-08-28/preserve4_zenotravel_stage2_policy_eval/20668657_Ev_zenotravel_zenotravel_mcts_orig_novh_c.1_s923500475_K0_P4ZENOS2P_src20630370_e0030.txt,/home/hersco/training_new_domains/2026-08-27/preserve4_zenotravel_stage2_confirmation/20630370_Re-Tr_zenotravel_zenotravel_mcts_orig_novh_e.5_c.1_s923500475_K0_P4S2A30_src20523095.txt
20668659,Ev_zenotravel_zenotravel_mcts_orig_novh_c.1_s923500475_K0_P4ZENOS2P_src20630370_e0035,zenotravel,off,923500475,P4ZENOS2P,20630370,35,stage2_policy_curve,COMPLETED,0:0,00:15:18,20,20,20,0,0,,/home/hersco/training_new_domains/2026-08-28/preserve4_zenotravel_stage2_policy_eval/20668659_Ev_zenotravel_zenotravel_mcts_orig_novh_c.1_s923500475_K0_P4ZENOS2P_src20630370_e0035.txt,/home/hersco/training_new_domains/2026-08-27/preserve4_zenotravel_stage2_confirmation/20630370_Re-Tr_zenotravel_zenotravel_mcts_orig_novh_e.5_c.1_s923500475_K0_P4S2A30_src20523095.txt
20668661,Ev_zenotravel_zenotravel_mcts_orig_novh_c.1_s923500475_K0_P4ZENOS2P_src20630370_e0040,zenotravel,off,923500475,P4ZENOS2P,20630370,40,stage2_policy_curve,COMPLETED,0:0,00:14:16,20,20,20,0,0,,/home/hersco/training_new_domains/2026-08-28/preserve4_zenotravel_stage2_policy_eval/20668661_Ev_zenotravel_zenotravel_mcts_orig_novh_c.1_s923500475_K0_P4ZENOS2P_src20630370_e0040.txt,/home/hersco/training_new_domains/2026-08-27/preserve4_zenotravel_stage2_confirmation/20630370_Re-Tr_zenotravel_zenotravel_mcts_orig_novh_e.5_c.1_s923500475_K0_P4S2A30_src20523095.txt
20668664,Ev_zenotravel_zenotravel_mcts_orig_novh_c.1_s923500475_K0_P4ZENOS2P_src20630370_e0045,zenotravel,off,923500475,P4ZENOS2P,20630370,45,stage2_policy_curve,COMPLETED,0:0,00:12:27,20,20,20,0,0,,/home/hersco/training_new_domains/2026-08-28/preserve4_zenotravel_stage2_policy_eval/20668664_Ev_zenotravel_zenotravel_mcts_orig_novh_c.1_s923500475_K0_P4ZENOS2P_src20630370_e0045.txt,/home/hersco/training_new_domains/2026-08-27/preserve4_zenotravel_stage2_confirmation/20630370_Re-Tr_zenotravel_zenotravel_mcts_orig_novh_e.5_c.1_s923500475_K0_P4S2A30_src20523095.txt
20668666,Ev_zenotravel_zenotravel_mcts_orig_novh_c.1_s923500475_K0_P4ZENOS2P_src20630370_e0050,zenotravel,off,923500475,P4ZENOS2P,20630370,50,stage2_policy_curve,COMPLETED,0:0,00:12:08,20,20,20,0,0,,/home/hersco/training_new_domains/2026-08-28/preserve4_zenotravel_stage2_policy_eval/20668666_Ev_zenotravel_zenotravel_mcts_orig_novh_c.1_s923500475_K0_P4ZENOS2P_src20630370_e0050.txt,/home/hersco/training_new_domains/2026-08-27/preserve4_zenotravel_stage2_confirmation/20630370_Re-Tr_zenotravel_zenotravel_mcts_orig_novh_e.5_c.1_s923500475_K0_P4S2A30_src20523095.txt
20668668,Ev_zenotravel_zenotravel_mcts_orig_novh_c.1_s923500475_K0_P4ZENOS2P_src20630370_e0055,zenotravel,off,923500475,P4ZENOS2P,20630370,55,stage2_policy_curve,COMPLETED,0:0,00:13:00,20,20,20,0,0,,/home/hersco/training_new_domains/2026-08-28/preserve4_zenotravel_stage2_policy_eval/20668668_Ev_zenotravel_zenotravel_mcts_orig_novh_c.1_s923500475_K0_P4ZENOS2P_src20630370_e0055.txt,/home/hersco/training_new_domains/2026-08-27/preserve4_zenotravel_stage2_confirmation/20630370_Re-Tr_zenotravel_zenotravel_mcts_orig_novh_e.5_c.1_s923500475_K0_P4S2A30_src20523095.txt
20668670,Ev_zenotravel_zenotravel_mcts_orig_novh_c.1_s923500475_K0_P4ZENOS2P_src20630370_e0060,zenotravel,off,923500475,P4ZENOS2P,20630370,60,stage2_policy_curve,COMPLETED,0:0,00:13:37,20,20,20,0,0,,/home/hersco/training_new_domains/2026-08-28/preserve4_zenotravel_stage2_policy_eval/20668670_Ev_zenotravel_zenotravel_mcts_orig_novh_c.1_s923500475_K0_P4ZENOS2P_src20630370_e0060.txt,/home/hersco/training_new_domains/2026-08-27/preserve4_zenotravel_stage2_confirmation/20630370_Re-Tr_zenotravel_zenotravel_mcts_orig_novh_e.5_c.1_s923500475_K0_P4S2A30_src20523095.txt
20668672,Ev_zenotravel_zenotravel_mcts_orig_novh_c.1_s923500475_K0_P4ZENOS2P_src20630370_e0065,zenotravel,off,923500475,P4ZENOS2P,20630370,65,stage2_policy_curve,COMPLETED,0:0,00:12:32,20,20,20,0,0,,/home/hersco/training_new_domains/2026-08-28/preserve4_zenotravel_stage2_policy_eval/20668672_Ev_zenotravel_zenotravel_mcts_orig_novh_c.1_s923500475_K0_P4ZENOS2P_src20630370_e0065.txt,/home/hersco/training_new_domains/2026-08-27/preserve4_zenotravel_stage2_confirmation/20630370_Re-Tr_zenotravel_zenotravel_mcts_orig_novh_e.5_c.1_s923500475_K0_P4S2A30_src20523095.txt
20668674,Ev_zenotravel_zenotravel_mcts_orig_novh_c.1_s923500475_K0_P4ZENOS2P_src20630370_e0070,zenotravel,off,923500475,P4ZENOS2P,20630370,70,stage2_policy_curve,COMPLETED,0:0,00:11:48,20,20,20,0,0,,/home/hersco/training_new_domains/2026-08-28/preserve4_zenotravel_stage2_policy_eval/20668674_Ev_zenotravel_zenotravel_mcts_orig_novh_c.1_s923500475_K0_P4ZENOS2P_src20630370_e0070.txt,/home/hersco/training_new_domains/2026-08-27/preserve4_zenotravel_stage2_confirmation/20630370_Re-Tr_zenotravel_zenotravel_mcts_orig_novh_e.5_c.1_s923500475_K0_P4S2A30_src20523095.txt
20668676,Ev_zenotravel_zenotravel_mcts_orig_novh_c.1_s923500475_K0_P4ZENOS2P_src20630370_e0075,zenotravel,off,923500475,P4ZENOS2P,20630370,75,stage2_policy_curve,COMPLETED,0:0,00:12:27,20,20,20,0,0,,/home/hersco/training_new_domains/2026-08-28/preserve4_zenotravel_stage2_policy_eval/20668676_Ev_zenotravel_zenotravel_mcts_orig_novh_c.1_s923500475_K0_P4ZENOS2P_src20630370_e0075.txt,/home/hersco/training_new_domains/2026-08-27/preserve4_zenotravel_stage2_confirmation/20630370_Re-Tr_zenotravel_zenotravel_mcts_orig_novh_e.5_c.1_s923500475_K0_P4S2A30_src20523095.txt
20668678,Ev_zenotravel_zenotravel_mcts_orig_novh_c.1_s923500475_K0_P4ZENOS2P_src20630370_e0080,zenotravel,off,923500475,P4ZENOS2P,20630370,80,stage2_policy_curve,COMPLETED,0:0,00:11:49,20,20,20,0,0,,/home/hersco/training_new_domains/2026-08-28/preserve4_zenotravel_stage2_policy_eval/20668678_Ev_zenotravel_zenotravel_mcts_orig_novh_c.1_s923500475_K0_P4ZENOS2P_src20630370_e0080.txt,/home/hersco/training_new_domains/2026-08-27/preserve4_zenotravel_stage2_confirmation/20630370_Re-Tr_zenotravel_zenotravel_mcts_orig_novh_e.5_c.1_s923500475_K0_P4S2A30_src20523095.txt
20668680,Ev_zenotravel_zenotravel_mcts_orig_novh_c.1_s923500475_K0_P4ZENOS2P_src20630370_e0085,zenotravel,off,923500475,P4ZENOS2P,20630370,85,stage2_policy_curve,COMPLETED,0:0,00:14:49,20,20,20,0,0,,/home/hersco/training_new_domains/2026-08-28/preserve4_zenotravel_stage2_policy_eval/20668680_Ev_zenotravel_zenotravel_mcts_orig_novh_c.1_s923500475_K0_P4ZENOS2P_src20630370_e0085.txt,/home/hersco/training_new_domains/2026-08-27/preserve4_zenotravel_stage2_confirmation/20630370_Re-Tr_zenotravel_zenotravel_mcts_orig_novh_e.5_c.1_s923500475_K0_P4S2A30_src20523095.txt
20668681,Ev_zenotravel_zenotravel_mcts_orig_novh_c.1_s923500475_K0_P4ZENOS2P_src20630370_e0090,zenotravel,off,923500475,P4ZENOS2P,20630370,90,stage2_policy_curve,COMPLETED,0:0,00:11:44,20,20,20,0,0,,/home/hersco/training_new_domains/2026-08-28/preserve4_zenotravel_stage2_policy_eval/20668681_Ev_zenotravel_zenotravel_mcts_orig_novh_c.1_s923500475_K0_P4ZENOS2P_src20630370_e0090.txt,/home/hersco/training_new_domains/2026-08-27/preserve4_zenotravel_stage2_confirmation/20630370_Re-Tr_zenotravel_zenotravel_mcts_orig_novh_e.5_c.1_s923500475_K0_P4S2A30_src20523095.txt
20668683,Ev_zenotravel_zenotravel_mcts_orig_novh_c.1_s923500475_K0_P4ZENOS2P_src20630370_e0095,zenotravel,off,923500475,P4ZENOS2P,20630370,95,stage2_policy_curve,COMPLETED,0:0,00:12:09,20,20,20,0,0,,/home/hersco/training_new_domains/2026-08-28/preserve4_zenotravel_stage2_policy_eval/20668683_Ev_zenotravel_zenotravel_mcts_orig_novh_c.1_s923500475_K0_P4ZENOS2P_src20630370_e0095.txt,/home/hersco/training_new_domains/2026-08-27/preserve4_zenotravel_stage2_confirmation/20630370_Re-Tr_zenotravel_zenotravel_mcts_orig_novh_e.5_c.1_s923500475_K0_P4S2A30_src20523095.txt
20668685,Ev_zenotravel_zenotravel_mcts_orig_novh_c.1_s923500475_K0_P4ZENOS2P_src20630370_e0099,zenotravel,off,923500475,P4ZENOS2P,20630370,99,stage2_policy_curve;stage2_final_policy,COMPLETED,0:0,00:12:41,20,20,20,0,0,,/home/hersco/training_new_domains/2026-08-28/preserve4_zenotravel_stage2_policy_eval/20668685_Ev_zenotravel_zenotravel_mcts_orig_novh_c.1_s923500475_K0_P4ZENOS2P_src20630370_e0099.txt,/home/hersco/training_new_domains/2026-08-27/preserve4_zenotravel_stage2_confirmation/20630370_Re-Tr_zenotravel_zenotravel_mcts_orig_novh_e.5_c.1_s923500475_K0_P4S2A30_src20523095.txt
20668687,Ev_zenotravel_zenotravel_mcts_orig_novh_c.1_s1073581256_K0_P4ZENOS2P_src20630371_e0000,zenotravel,off,1073581256,P4ZENOS2P,20630371,0,stage2_policy_curve,COMPLETED,0:0,00:13:38,20,20,20,0,0,,/home/hersco/training_new_domains/2026-08-28/preserve4_zenotravel_stage2_policy_eval/20668687_Ev_zenotravel_zenotravel_mcts_orig_novh_c.1_s1073581256_K0_P4ZENOS2P_src20630371_e0000.txt,/home/hersco/training_new_domains/2026-08-27/preserve4_zenotravel_stage2_confirmation/20630371_Re-Tr_zenotravel_zenotravel_mcts_orig_novh_e.5_c.1_s1073581256_K0_P4S2A30_src20523089.txt
20668689,Ev_zenotravel_zenotravel_mcts_orig_novh_c.1_s1073581256_K0_P4ZENOS2P_src20630371_e0005,zenotravel,off,1073581256,P4ZENOS2P,20630371,5,stage2_policy_curve,COMPLETED,0:0,00:13:31,20,20,20,0,0,,/home/hersco/training_new_domains/2026-08-28/preserve4_zenotravel_stage2_policy_eval/20668689_Ev_zenotravel_zenotravel_mcts_orig_novh_c.1_s1073581256_K0_P4ZENOS2P_src20630371_e0005.txt,/home/hersco/training_new_domains/2026-08-27/preserve4_zenotravel_stage2_confirmation/20630371_Re-Tr_zenotravel_zenotravel_mcts_orig_novh_e.5_c.1_s1073581256_K0_P4S2A30_src20523089.txt
20668691,Ev_zenotravel_zenotravel_mcts_orig_novh_c.1_s1073581256_K0_P4ZENOS2P_src20630371_e0010,zenotravel,off,1073581256,P4ZENOS2P,20630371,10,stage2_policy_curve,COMPLETED,0:0,00:14:28,20,20,20,0,0,,/home/hersco/training_new_domains/2026-08-28/preserve4_zenotravel_stage2_policy_eval/20668691_Ev_zenotravel_zenotravel_mcts_orig_novh_c.1_s1073581256_K0_P4ZENOS2P_src20630371_e0010.txt,/home/hersco/training_new_domains/2026-08-27/preserve4_zenotravel_stage2_confirmation/20630371_Re-Tr_zenotravel_zenotravel_mcts_orig_novh_e.5_c.1_s1073581256_K0_P4S2A30_src20523089.txt
20668693,Ev_zenotravel_zenotravel_mcts_orig_novh_c.1_s1073581256_K0_P4ZENOS2P_src20630371_e0015,zenotravel,off,1073581256,P4ZENOS2P,20630371,15,stage2_policy_curve,COMPLETED,0:0,00:10:19,20,20,20,0,0,,/home/hersco/training_new_domains/2026-08-28/preserve4_zenotravel_stage2_policy_eval/20668693_Ev_zenotravel_zenotravel_mcts_orig_novh_c.1_s1073581256_K0_P4ZENOS2P_src20630371_e0015.txt,/home/hersco/training_new_domains/2026-08-27/preserve4_zenotravel_stage2_confirmation/20630371_Re-Tr_zenotravel_zenotravel_mcts_orig_novh_e.5_c.1_s1073581256_K0_P4S2A30_src20523089.txt
20668696,Ev_zenotravel_zenotravel_mcts_orig_novh_c.1_s1073581256_K0_P4ZENOS2P_src20630371_e0020,zenotravel,off,1073581256,P4ZENOS2P,20630371,20,stage2_policy_curve,COMPLETED,0:0,00:13:25,20,20,20,0,0,,/home/hersco/training_new_domains/2026-08-28/preserve4_zenotravel_stage2_policy_eval/20668696_Ev_zenotravel_zenotravel_mcts_orig_novh_c.1_s1073581256_K0_P4ZENOS2P_src20630371_e0020.txt,/home/hersco/training_new_domains/2026-08-27/preserve4_zenotravel_stage2_confirmation/20630371_Re-Tr_zenotravel_zenotravel_mcts_orig_novh_e.5_c.1_s1073581256_K0_P4S2A30_src20523089.txt
20668698,Ev_zenotravel_zenotravel_mcts_orig_novh_c.1_s1073581256_K0_P4ZENOS2P_src20630371_e0025,zenotravel,off,1073581256,P4ZENOS2P,20630371,25,stage2_policy_curve,COMPLETED,0:0,00:12:01,20,20,20,0,0,,/home/hersco/training_new_domains/2026-08-28/preserve4_zenotravel_stage2_policy_eval/20668698_Ev_zenotravel_zenotravel_mcts_orig_novh_c.1_s1073581256_K0_P4ZENOS2P_src20630371_e0025.txt,/home/hersco/training_new_domains/2026-08-27/preserve4_zenotravel_stage2_confirmation/20630371_Re-Tr_zenotravel_zenotravel_mcts_orig_novh_e.5_c.1_s1073581256_K0_P4S2A30_src20523089.txt
20668700,Ev_zenotravel_zenotravel_mcts_orig_novh_c.1_s1073581256_K0_P4ZENOS2P_src20630371_e0030,zenotravel,off,1073581256,P4ZENOS2P,20630371,30,stage2_policy_curve,COMPLETED,0:0,00:14:11,20,20,20,0,0,,/home/hersco/training_new_domains/2026-08-28/preserve4_zenotravel_stage2_policy_eval/20668700_Ev_zenotravel_zenotravel_mcts_orig_novh_c.1_s1073581256_K0_P4ZENOS2P_src20630371_e0030.txt,/home/hersco/training_new_domains/2026-08-27/preserve4_zenotravel_stage2_confirmation/20630371_Re-Tr_zenotravel_zenotravel_mcts_orig_novh_e.5_c.1_s1073581256_K0_P4S2A30_src20523089.txt
20668702,Ev_zenotravel_zenotravel_mcts_orig_novh_c.1_s1073581256_K0_P4ZENOS2P_src20630371_e0035,zenotravel,off,1073581256,P4ZENOS2P,20630371,35,stage2_policy_curve,COMPLETED,0:0,00:12:28,20,20,20,0,0,,/home/hersco/training_new_domains/2026-08-28/preserve4_zenotravel_stage2_policy_eval/20668702_Ev_zenotravel_zenotravel_mcts_orig_novh_c.1_s1073581256_K0_P4ZENOS2P_src20630371_e0035.txt,/home/hersco/training_new_domains/2026-08-27/preserve4_zenotravel_stage2_confirmation/20630371_Re-Tr_zenotravel_zenotravel_mcts_orig_novh_e.5_c.1_s1073581256_K0_P4S2A30_src20523089.txt
20668704,Ev_zenotravel_zenotravel_mcts_orig_novh_c.1_s1073581256_K0_P4ZENOS2P_src20630371_e0040,zenotravel,off,1073581256,P4ZENOS2P,20630371,40,stage2_policy_curve,COMPLETED,0:0,00:12:21,20,20,20,0,0,,/home/hersco/training_new_domains/2026-08-28/preserve4_zenotravel_stage2_policy_eval/20668704_Ev_zenotravel_zenotravel_mcts_orig_novh_c.1_s1073581256_K0_P4ZENOS2P_src20630371_e0040.txt,/home/hersco/training_new_domains/2026-08-27/preserve4_zenotravel_stage2_confirmation/20630371_Re-Tr_zenotravel_zenotravel_mcts_orig_novh_e.5_c.1_s1073581256_K0_P4S2A30_src20523089.txt
20668706,Ev_zenotravel_zenotravel_mcts_orig_novh_c.1_s1073581256_K0_P4ZENOS2P_src20630371_e0045,zenotravel,off,1073581256,P4ZENOS2P,20630371,45,stage2_policy_curve,COMPLETED,0:0,00:13:23,20,20,20,0,0,,/home/hersco/training_new_domains/2026-08-28/preserve4_zenotravel_stage2_policy_eval/20668706_Ev_zenotravel_zenotravel_mcts_orig_novh_c.1_s1073581256_K0_P4ZENOS2P_src20630371_e0045.txt,/home/hersco/training_new_domains/2026-08-27/preserve4_zenotravel_stage2_confirmation/20630371_Re-Tr_zenotravel_zenotravel_mcts_orig_novh_e.5_c.1_s1073581256_K0_P4S2A30_src20523089.txt
20668708,Ev_zenotravel_zenotravel_mcts_orig_novh_c.1_s1073581256_K0_P4ZENOS2P_src20630371_e0050,zenotravel,off,1073581256,P4ZENOS2P,20630371,50,stage2_policy_curve,COMPLETED,0:0,00:11:44,20,20,20,0,0,,/home/hersco/training_new_domains/2026-08-28/preserve4_zenotravel_stage2_policy_eval/20668708_Ev_zenotravel_zenotravel_mcts_orig_novh_c.1_s1073581256_K0_P4ZENOS2P_src20630371_e0050.txt,/home/hersco/training_new_domains/2026-08-27/preserve4_zenotravel_stage2_confirmation/20630371_Re-Tr_zenotravel_zenotravel_mcts_orig_novh_e.5_c.1_s1073581256_K0_P4S2A30_src20523089.txt
20668710,Ev_zenotravel_zenotravel_mcts_orig_novh_c.1_s1073581256_K0_P4ZENOS2P_src20630371_e0055,zenotravel,off,1073581256,P4ZENOS2P,20630371,55,stage2_policy_curve,COMPLETED,0:0,00:13:31,20,20,20,0,0,,/home/hersco/training_new_domains/2026-08-28/preserve4_zenotravel_stage2_policy_eval/20668710_Ev_zenotravel_zenotravel_mcts_orig_novh_c.1_s1073581256_K0_P4ZENOS2P_src20630371_e0055.txt,/home/hersco/training_new_domains/2026-08-27/preserve4_zenotravel_stage2_confirmation/20630371_Re-Tr_zenotravel_zenotravel_mcts_orig_novh_e.5_c.1_s1073581256_K0_P4S2A30_src20523089.txt
20668712,Ev_zenotravel_zenotravel_mcts_orig_novh_c.1_s1073581256_K0_P4ZENOS2P_src20630371_e0060,zenotravel,off,1073581256,P4ZENOS2P,20630371,60,stage2_policy_curve,COMPLETED,0:0,00:13:19,20,20,20,0,0,,/home/hersco/training_new_domains/2026-08-28/preserve4_zenotravel_stage2_policy_eval/20668712_Ev_zenotravel_zenotravel_mcts_orig_novh_c.1_s1073581256_K0_P4ZENOS2P_src20630371_e0060.txt,/home/hersco/training_new_domains/2026-08-27/preserve4_zenotravel_stage2_confirmation/20630371_Re-Tr_zenotravel_zenotravel_mcts_orig_novh_e.5_c.1_s1073581256_K0_P4S2A30_src20523089.txt
20668714,Ev_zenotravel_zenotravel_mcts_orig_novh_c.1_s1073581256_K0_P4ZENOS2P_src20630371_e0065,zenotravel,off,1073581256,P4ZENOS2P,20630371,65,stage2_policy_curve,COMPLETED,0:0,00:11:48,20,20,20,0,0,,/home/hersco/training_new_domains/2026-08-28/preserve4_zenotravel_stage2_policy_eval/20668714_Ev_zenotravel_zenotravel_mcts_orig_novh_c.1_s1073581256_K0_P4ZENOS2P_src20630371_e0065.txt,/home/hersco/training_new_domains/2026-08-27/preserve4_zenotravel_stage2_confirmation/20630371_Re-Tr_zenotravel_zenotravel_mcts_orig_novh_e.5_c.1_s1073581256_K0_P4S2A30_src20523089.txt
20668716,Ev_zenotravel_zenotravel_mcts_orig_novh_c.1_s1073581256_K0_P4ZENOS2P_src20630371_e0070,zenotravel,off,1073581256,P4ZENOS2P,20630371,70,stage2_policy_curve,COMPLETED,0:0,00:15:06,20,20,20,0,0,,/home/hersco/training_new_domains/2026-08-28/preserve4_zenotravel_stage2_policy_eval/20668716_Ev_zenotravel_zenotravel_mcts_orig_novh_c.1_s1073581256_K0_P4ZENOS2P_src20630371_e0070.txt,/home/hersco/training_new_domains/2026-08-27/preserve4_zenotravel_stage2_confirmation/20630371_Re-Tr_zenotravel_zenotravel_mcts_orig_novh_e.5_c.1_s1073581256_K0_P4S2A30_src20523089.txt
20668718,Ev_zenotravel_zenotravel_mcts_orig_novh_c.1_s1073581256_K0_P4ZENOS2P_src20630371_e0075,zenotravel,off,1073581256,P4ZENOS2P,20630371,75,stage2_policy_curve,COMPLETED,0:0,00:15:14,20,20,20,0,0,,/home/hersco/training_new_domains/2026-08-28/preserve4_zenotravel_stage2_policy_eval/20668718_Ev_zenotravel_zenotravel_mcts_orig_novh_c.1_s1073581256_K0_P4ZENOS2P_src20630371_e0075.txt,/home/hersco/training_new_domains/2026-08-27/preserve4_zenotravel_stage2_confirmation/20630371_Re-Tr_zenotravel_zenotravel_mcts_orig_novh_e.5_c.1_s1073581256_K0_P4S2A30_src20523089.txt
20668720,Ev_zenotravel_zenotravel_mcts_orig_novh_c.1_s1073581256_K0_P4ZENOS2P_src20630371_e0080,zenotravel,off,1073581256,P4ZENOS2P,20630371,80,stage2_policy_curve,COMPLETED,0:0,00:12:22,20,20,20,0,0,,/home/hersco/training_new_domains/2026-08-28/preserve4_zenotravel_stage2_policy_eval/20668720_Ev_zenotravel_zenotravel_mcts_orig_novh_c.1_s1073581256_K0_P4ZENOS2P_src20630371_e0080.txt,/home/hersco/training_new_domains/2026-08-27/preserve4_zenotravel_stage2_confirmation/20630371_Re-Tr_zenotravel_zenotravel_mcts_orig_novh_e.5_c.1_s1073581256_K0_P4S2A30_src20523089.txt
20668722,Ev_zenotravel_zenotravel_mcts_orig_novh_c.1_s1073581256_K0_P4ZENOS2P_src20630371_e0085,zenotravel,off,1073581256,P4ZENOS2P,20630371,85,stage2_policy_curve,COMPLETED,0:0,00:13:06,20,20,20,0,0,,/home/hersco/training_new_domains/2026-08-28/preserve4_zenotravel_stage2_policy_eval/20668722_Ev_zenotravel_zenotravel_mcts_orig_novh_c.1_s1073581256_K0_P4ZENOS2P_src20630371_e0085.txt,/home/hersco/training_new_domains/2026-08-27/preserve4_zenotravel_stage2_confirmation/20630371_Re-Tr_zenotravel_zenotravel_mcts_orig_novh_e.5_c.1_s1073581256_K0_P4S2A30_src20523089.txt
20668725,Ev_zenotravel_zenotravel_mcts_orig_novh_c.1_s1073581256_K0_P4ZENOS2P_src20630371_e0090,zenotravel,off,1073581256,P4ZENOS2P,20630371,90,stage2_policy_curve,COMPLETED,0:0,00:13:12,20,20,20,0,0,,/home/hersco/training_new_domains/2026-08-28/preserve4_zenotravel_stage2_policy_eval/20668725_Ev_zenotravel_zenotravel_mcts_orig_novh_c.1_s1073581256_K0_P4ZENOS2P_src20630371_e0090.txt,/home/hersco/training_new_domains/2026-08-27/preserve4_zenotravel_stage2_confirmation/20630371_Re-Tr_zenotravel_zenotravel_mcts_orig_novh_e.5_c.1_s1073581256_K0_P4S2A30_src20523089.txt
20668727,Ev_zenotravel_zenotravel_mcts_orig_novh_c.1_s1073581256_K0_P4ZENOS2P_src20630371_e0095,zenotravel,off,1073581256,P4ZENOS2P,20630371,95,stage2_policy_curve,COMPLETED,0:0,00:14:23,20,20,20,0,0,,/home/hersco/training_new_domains/2026-08-28/preserve4_zenotravel_stage2_policy_eval/20668727_Ev_zenotravel_zenotravel_mcts_orig_novh_c.1_s1073581256_K0_P4ZENOS2P_src20630371_e0095.txt,/home/hersco/training_new_domains/2026-08-27/preserve4_zenotravel_stage2_confirmation/20630371_Re-Tr_zenotravel_zenotravel_mcts_orig_novh_e.5_c.1_s1073581256_K0_P4S2A30_src20523089.txt
20668729,Ev_zenotravel_zenotravel_mcts_orig_novh_c.1_s1073581256_K0_P4ZENOS2P_src20630371_e0099,zenotravel,off,1073581256,P4ZENOS2P,20630371,99,stage2_policy_curve;stage2_final_policy,COMPLETED,0:0,00:13:04,20,20,20,0,0,,/home/hersco/training_new_domains/2026-08-28/preserve4_zenotravel_stage2_policy_eval/20668729_Ev_zenotravel_zenotravel_mcts_orig_novh_c.1_s1073581256_K0_P4ZENOS2P_src20630371_e0099.txt,/home/hersco/training_new_domains/2026-08-27/preserve4_zenotravel_stage2_confirmation/20630371_Re-Tr_zenotravel_zenotravel_mcts_orig_novh_e.5_c.1_s1073581256_K0_P4S2A30_src20523089.txt
20668730,Ev_zenotravel_zenotravel_mcts_orig_novh_c.1_s1239739722_K0_P4ZENOS2P_src20630372_e0000,zenotravel,off,1239739722,P4ZENOS2P,20630372,0,stage2_policy_curve,COMPLETED,0:0,00:12:00,20,20,20,0,0,,/home/hersco/training_new_domains/2026-08-28/preserve4_zenotravel_stage2_policy_eval/20668730_Ev_zenotravel_zenotravel_mcts_orig_novh_c.1_s1239739722_K0_P4ZENOS2P_src20630372_e0000.txt,/home/hersco/training_new_domains/2026-08-27/preserve4_zenotravel_stage2_confirmation/20630372_Re-Tr_zenotravel_zenotravel_mcts_orig_novh_e.5_c.1_s1239739722_K0_P4S2A30_src20523090.txt
20668732,Ev_zenotravel_zenotravel_mcts_orig_novh_c.1_s1239739722_K0_P4ZENOS2P_src20630372_e0005,zenotravel,off,1239739722,P4ZENOS2P,20630372,5,stage2_policy_curve,COMPLETED,0:0,00:13:05,20,20,20,0,0,,/home/hersco/training_new_domains/2026-08-28/preserve4_zenotravel_stage2_policy_eval/20668732_Ev_zenotravel_zenotravel_mcts_orig_novh_c.1_s1239739722_K0_P4ZENOS2P_src20630372_e0005.txt,/home/hersco/training_new_domains/2026-08-27/preserve4_zenotravel_stage2_confirmation/20630372_Re-Tr_zenotravel_zenotravel_mcts_orig_novh_e.5_c.1_s1239739722_K0_P4S2A30_src20523090.txt
20668734,Ev_zenotravel_zenotravel_mcts_orig_novh_c.1_s1239739722_K0_P4ZENOS2P_src20630372_e0010,zenotravel,off,1239739722,P4ZENOS2P,20630372,10,stage2_policy_curve,COMPLETED,0:0,00:13:35,20,20,20,0,0,,/home/hersco/training_new_domains/2026-08-28/preserve4_zenotravel_stage2_policy_eval/20668734_Ev_zenotravel_zenotravel_mcts_orig_novh_c.1_s1239739722_K0_P4ZENOS2P_src20630372_e0010.txt,/home/hersco/training_new_domains/2026-08-27/preserve4_zenotravel_stage2_confirmation/20630372_Re-Tr_zenotravel_zenotravel_mcts_orig_novh_e.5_c.1_s1239739722_K0_P4S2A30_src20523090.txt
20668736,Ev_zenotravel_zenotravel_mcts_orig_novh_c.1_s1239739722_K0_P4ZENOS2P_src20630372_e0015,zenotravel,off,1239739722,P4ZENOS2P,20630372,15,stage2_policy_curve,COMPLETED,0:0,00:12:22,20,20,20,0,0,,/home/hersco/training_new_domains/2026-08-28/preserve4_zenotravel_stage2_policy_eval/20668736_Ev_zenotravel_zenotravel_mcts_orig_novh_c.1_s1239739722_K0_P4ZENOS2P_src20630372_e0015.txt,/home/hersco/training_new_domains/2026-08-27/preserve4_zenotravel_stage2_confirmation/20630372_Re-Tr_zenotravel_zenotravel_mcts_orig_novh_e.5_c.1_s1239739722_K0_P4S2A30_src20523090.txt
20668738,Ev_zenotravel_zenotravel_mcts_orig_novh_c.1_s1239739722_K0_P4ZENOS2P_src20630372_e0020,zenotravel,off,1239739722,P4ZENOS2P,20630372,20,stage2_policy_curve,COMPLETED,0:0,00:12:48,20,20,20,0,0,,/home/hersco/training_new_domains/2026-08-28/preserve4_zenotravel_stage2_policy_eval/20668738_Ev_zenotravel_zenotravel_mcts_orig_novh_c.1_s1239739722_K0_P4ZENOS2P_src20630372_e0020.txt,/home/hersco/training_new_domains/2026-08-27/preserve4_zenotravel_stage2_confirmation/20630372_Re-Tr_zenotravel_zenotravel_mcts_orig_novh_e.5_c.1_s1239739722_K0_P4S2A30_src20523090.txt
20668740,Ev_zenotravel_zenotravel_mcts_orig_novh_c.1_s1239739722_K0_P4ZENOS2P_src20630372_e0025,zenotravel,off,1239739722,P4ZENOS2P,20630372,25,stage2_policy_curve,COMPLETED,0:0,00:12:42,20,20,20,0,0,,/home/hersco/training_new_domains/2026-08-28/preserve4_zenotravel_stage2_policy_eval/20668740_Ev_zenotravel_zenotravel_mcts_orig_novh_c.1_s1239739722_K0_P4ZENOS2P_src20630372_e0025.txt,/home/hersco/training_new_domains/2026-08-27/preserve4_zenotravel_stage2_confirmation/20630372_Re-Tr_zenotravel_zenotravel_mcts_orig_novh_e.5_c.1_s1239739722_K0_P4S2A30_src20523090.txt
20668742,Ev_zenotravel_zenotravel_mcts_orig_novh_c.1_s1239739722_K0_P4ZENOS2P_src20630372_e0030,zenotravel,off,1239739722,P4ZENOS2P,20630372,30,stage2_policy_curve,COMPLETED,0:0,00:12:08,20,20,20,0,0,,/home/hersco/training_new_domains/2026-08-28/preserve4_zenotravel_stage2_policy_eval/20668742_Ev_zenotravel_zenotravel_mcts_orig_novh_c.1_s1239739722_K0_P4ZENOS2P_src20630372_e0030.txt,/home/hersco/training_new_domains/2026-08-27/preserve4_zenotravel_stage2_confirmation/20630372_Re-Tr_zenotravel_zenotravel_mcts_orig_novh_e.5_c.1_s1239739722_K0_P4S2A30_src20523090.txt
20668744,Ev_zenotravel_zenotravel_mcts_orig_novh_c.1_s1239739722_K0_P4ZENOS2P_src20630372_e0035,zenotravel,off,1239739722,P4ZENOS2P,20630372,35,stage2_policy_curve,COMPLETED,0:0,00:12:54,20,20,20,0,0,,/home/hersco/training_new_domains/2026-08-28/preserve4_zenotravel_stage2_policy_eval/20668744_Ev_zenotravel_zenotravel_mcts_orig_novh_c.1_s1239739722_K0_P4ZENOS2P_src20630372_e0035.txt,/home/hersco/training_new_domains/2026-08-27/preserve4_zenotravel_stage2_confirmation/20630372_Re-Tr_zenotravel_zenotravel_mcts_orig_novh_e.5_c.1_s1239739722_K0_P4S2A30_src20523090.txt
20668746,Ev_zenotravel_zenotravel_mcts_orig_novh_c.1_s1239739722_K0_P4ZENOS2P_src20630372_e0040,zenotravel,off,1239739722,P4ZENOS2P,20630372,40,stage2_policy_curve,COMPLETED,0:0,00:14:11,20,20,20,0,0,,/home/hersco/training_new_domains/2026-08-28/preserve4_zenotravel_stage2_policy_eval/20668746_Ev_zenotravel_zenotravel_mcts_orig_novh_c.1_s1239739722_K0_P4ZENOS2P_src20630372_e0040.txt,/home/hersco/training_new_domains/2026-08-27/preserve4_zenotravel_stage2_confirmation/20630372_Re-Tr_zenotravel_zenotravel_mcts_orig_novh_e.5_c.1_s1239739722_K0_P4S2A30_src20523090.txt
20668748,Ev_zenotravel_zenotravel_mcts_orig_novh_c.1_s1239739722_K0_P4ZENOS2P_src20630372_e0045,zenotravel,off,1239739722,P4ZENOS2P,20630372,45,stage2_policy_curve,COMPLETED,0:0,00:12:57,20,20,20,0,0,,/home/hersco/training_new_domains/2026-08-28/preserve4_zenotravel_stage2_policy_eval/20668748_Ev_zenotravel_zenotravel_mcts_orig_novh_c.1_s1239739722_K0_P4ZENOS2P_src20630372_e0045.txt,/home/hersco/training_new_domains/2026-08-27/preserve4_zenotravel_stage2_confirmation/20630372_Re-Tr_zenotravel_zenotravel_mcts_orig_novh_e.5_c.1_s1239739722_K0_P4S2A30_src20523090.txt
20668750,Ev_zenotravel_zenotravel_mcts_orig_novh_c.1_s1239739722_K0_P4ZENOS2P_src20630372_e0050,zenotravel,off,1239739722,P4ZENOS2P,20630372,50,stage2_policy_curve,COMPLETED,0:0,00:14:07,20,20,20,0,0,,/home/hersco/training_new_domains/2026-08-28/preserve4_zenotravel_stage2_policy_eval/20668750_Ev_zenotravel_zenotravel_mcts_orig_novh_c.1_s1239739722_K0_P4ZENOS2P_src20630372_e0050.txt,/home/hersco/training_new_domains/2026-08-27/preserve4_zenotravel_stage2_confirmation/20630372_Re-Tr_zenotravel_zenotravel_mcts_orig_novh_e.5_c.1_s1239739722_K0_P4S2A30_src20523090.txt
20668752,Ev_zenotravel_zenotravel_mcts_orig_novh_c.1_s1239739722_K0_P4ZENOS2P_src20630372_e0055,zenotravel,off,1239739722,P4ZENOS2P,20630372,55,stage2_policy_curve,COMPLETED,0:0,00:13:18,20,20,20,0,0,,/home/hersco/training_new_domains/2026-08-28/preserve4_zenotravel_stage2_policy_eval/20668752_Ev_zenotravel_zenotravel_mcts_orig_novh_c.1_s1239739722_K0_P4ZENOS2P_src20630372_e0055.txt,/home/hersco/training_new_domains/2026-08-27/preserve4_zenotravel_stage2_confirmation/20630372_Re-Tr_zenotravel_zenotravel_mcts_orig_novh_e.5_c.1_s1239739722_K0_P4S2A30_src20523090.txt
20668756,Ev_zenotravel_zenotravel_mcts_orig_novh_c.1_s1239739722_K0_P4ZENOS2P_src20630372_e0060,zenotravel,off,1239739722,P4ZENOS2P,20630372,60,stage2_policy_curve,COMPLETED,0:0,00:15:30,20,20,20,0,0,,/home/hersco/training_new_domains/2026-08-28/preserve4_zenotravel_stage2_policy_eval/20668756_Ev_zenotravel_zenotravel_mcts_orig_novh_c.1_s1239739722_K0_P4ZENOS2P_src20630372_e0060.txt,/home/hersco/training_new_domains/2026-08-27/preserve4_zenotravel_stage2_confirmation/20630372_Re-Tr_zenotravel_zenotravel_mcts_orig_novh_e.5_c.1_s1239739722_K0_P4S2A30_src20523090.txt
20668759,Ev_zenotravel_zenotravel_mcts_orig_novh_c.1_s1239739722_K0_P4ZENOS2P_src20630372_e0065,zenotravel,off,1239739722,P4ZENOS2P,20630372,65,stage2_policy_curve,COMPLETED,0:0,00:12:53,20,20,20,0,0,,/home/hersco/training_new_domains/2026-08-28/preserve4_zenotravel_stage2_policy_eval/20668759_Ev_zenotravel_zenotravel_mcts_orig_novh_c.1_s1239739722_K0_P4ZENOS2P_src20630372_e0065.txt,/home/hersco/training_new_domains/2026-08-27/preserve4_zenotravel_stage2_confirmation/20630372_Re-Tr_zenotravel_zenotravel_mcts_orig_novh_e.5_c.1_s1239739722_K0_P4S2A30_src20523090.txt
20668761,Ev_zenotravel_zenotravel_mcts_orig_novh_c.1_s1239739722_K0_P4ZENOS2P_src20630372_e0070,zenotravel,off,1239739722,P4ZENOS2P,20630372,70,stage2_policy_curve,COMPLETED,0:0,00:13:14,20,20,20,0,0,,/home/hersco/training_new_domains/2026-08-28/preserve4_zenotravel_stage2_policy_eval/20668761_Ev_zenotravel_zenotravel_mcts_orig_novh_c.1_s1239739722_K0_P4ZENOS2P_src20630372_e0070.txt,/home/hersco/training_new_domains/2026-08-27/preserve4_zenotravel_stage2_confirmation/20630372_Re-Tr_zenotravel_zenotravel_mcts_orig_novh_e.5_c.1_s1239739722_K0_P4S2A30_src20523090.txt
20668763,Ev_zenotravel_zenotravel_mcts_orig_novh_c.1_s1239739722_K0_P4ZENOS2P_src20630372_e0075,zenotravel,off,1239739722,P4ZENOS2P,20630372,75,stage2_policy_curve,COMPLETED,0:0,00:14:30,20,20,20,0,0,,/home/hersco/training_new_domains/2026-08-28/preserve4_zenotravel_stage2_policy_eval/20668763_Ev_zenotravel_zenotravel_mcts_orig_novh_c.1_s1239739722_K0_P4ZENOS2P_src20630372_e0075.txt,/home/hersco/training_new_domains/2026-08-27/preserve4_zenotravel_stage2_confirmation/20630372_Re-Tr_zenotravel_zenotravel_mcts_orig_novh_e.5_c.1_s1239739722_K0_P4S2A30_src20523090.txt
20668765,Ev_zenotravel_zenotravel_mcts_orig_novh_c.1_s1239739722_K0_P4ZENOS2P_src20630372_e0080,zenotravel,off,1239739722,P4ZENOS2P,20630372,80,stage2_policy_curve,COMPLETED,0:0,00:12:21,20,20,20,0,0,,/home/hersco/training_new_domains/2026-08-28/preserve4_zenotravel_stage2_policy_eval/20668765_Ev_zenotravel_zenotravel_mcts_orig_novh_c.1_s1239739722_K0_P4ZENOS2P_src20630372_e0080.txt,/home/hersco/training_new_domains/2026-08-27/preserve4_zenotravel_stage2_confirmation/20630372_Re-Tr_zenotravel_zenotravel_mcts_orig_novh_e.5_c.1_s1239739722_K0_P4S2A30_src20523090.txt
20668767,Ev_zenotravel_zenotravel_mcts_orig_novh_c.1_s1239739722_K0_P4ZENOS2P_src20630372_e0085,zenotravel,off,1239739722,P4ZENOS2P,20630372,85,stage2_policy_curve,COMPLETED,0:0,00:13:41,20,20,20,0,0,,/home/hersco/training_new_domains/2026-08-28/preserve4_zenotravel_stage2_policy_eval/20668767_Ev_zenotravel_zenotravel_mcts_orig_novh_c.1_s1239739722_K0_P4ZENOS2P_src20630372_e0085.txt,/home/hersco/training_new_domains/2026-08-27/preserve4_zenotravel_stage2_confirmation/20630372_Re-Tr_zenotravel_zenotravel_mcts_orig_novh_e.5_c.1_s1239739722_K0_P4S2A30_src20523090.txt
20668769,Ev_zenotravel_zenotravel_mcts_orig_novh_c.1_s1239739722_K0_P4ZENOS2P_src20630372_e0090,zenotravel,off,1239739722,P4ZENOS2P,20630372,90,stage2_policy_curve,COMPLETED,0:0,00:13:52,20,20,20,0,0,,/home/hersco/training_new_domains/2026-08-28/preserve4_zenotravel_stage2_policy_eval/20668769_Ev_zenotravel_zenotravel_mcts_orig_novh_c.1_s1239739722_K0_P4ZENOS2P_src20630372_e0090.txt,/home/hersco/training_new_domains/2026-08-27/preserve4_zenotravel_stage2_confirmation/20630372_Re-Tr_zenotravel_zenotravel_mcts_orig_novh_e.5_c.1_s1239739722_K0_P4S2A30_src20523090.txt
20668771,Ev_zenotravel_zenotravel_mcts_orig_novh_c.1_s1239739722_K0_P4ZENOS2P_src20630372_e0095,zenotravel,off,1239739722,P4ZENOS2P,20630372,95,stage2_policy_curve,COMPLETED,0:0,00:59:51,19,20,19,0,0,,/home/hersco/training_new_domains/2026-08-28/preserve4_zenotravel_stage2_policy_eval/20668771_Ev_zenotravel_zenotravel_mcts_orig_novh_c.1_s1239739722_K0_P4ZENOS2P_src20630372_e0095.txt,/home/hersco/training_new_domains/2026-08-27/preserve4_zenotravel_stage2_confirmation/20630372_Re-Tr_zenotravel_zenotravel_mcts_orig_novh_e.5_c.1_s1239739722_K0_P4S2A30_src20523090.txt
20668773,Ev_zenotravel_zenotravel_mcts_orig_novh_c.1_s1239739722_K0_P4ZENOS2P_src20630372_e0099,zenotravel,off,1239739722,P4ZENOS2P,20630372,99,stage2_policy_curve;stage2_final_policy,COMPLETED,0:0,00:13:15,20,20,20,0,0,,/home/hersco/training_new_domains/2026-08-28/preserve4_zenotravel_stage2_policy_eval/20668773_Ev_zenotravel_zenotravel_mcts_orig_novh_c.1_s1239739722_K0_P4ZENOS2P_src20630372_e0099.txt,/home/hersco/training_new_domains/2026-08-27/preserve4_zenotravel_stage2_confirmation/20630372_Re-Tr_zenotravel_zenotravel_mcts_orig_novh_e.5_c.1_s1239739722_K0_P4S2A30_src20523090.txt
20668775,Ev_zenotravel_zenotravel_mcts_orig_novh_c.1_s1472491096_K0_P4ZENOS2P_src20630373_e0000,zenotravel,off,1472491096,P4ZENOS2P,20630373,0,stage2_policy_curve,COMPLETED,0:0,00:12:08,20,20,20,0,0,,/home/hersco/training_new_domains/2026-08-28/preserve4_zenotravel_stage2_policy_eval/20668775_Ev_zenotravel_zenotravel_mcts_orig_novh_c.1_s1472491096_K0_P4ZENOS2P_src20630373_e0000.txt,/home/hersco/training_new_domains/2026-08-27/preserve4_zenotravel_stage2_confirmation/20630373_Re-Tr_zenotravel_zenotravel_mcts_orig_novh_e.5_c.1_s1472491096_K0_P4S2A30_src20523091.txt
20668777,Ev_zenotravel_zenotravel_mcts_orig_novh_c.1_s1472491096_K0_P4ZENOS2P_src20630373_e0005,zenotravel,off,1472491096,P4ZENOS2P,20630373,5,stage2_policy_curve,COMPLETED,0:0,00:11:39,20,20,20,0,0,,/home/hersco/training_new_domains/2026-08-28/preserve4_zenotravel_stage2_policy_eval/20668777_Ev_zenotravel_zenotravel_mcts_orig_novh_c.1_s1472491096_K0_P4ZENOS2P_src20630373_e0005.txt,/home/hersco/training_new_domains/2026-08-27/preserve4_zenotravel_stage2_confirmation/20630373_Re-Tr_zenotravel_zenotravel_mcts_orig_novh_e.5_c.1_s1472491096_K0_P4S2A30_src20523091.txt
20668779,Ev_zenotravel_zenotravel_mcts_orig_novh_c.1_s1472491096_K0_P4ZENOS2P_src20630373_e0010,zenotravel,off,1472491096,P4ZENOS2P,20630373,10,stage2_policy_curve,COMPLETED,0:0,00:13:20,20,20,20,0,0,,/home/hersco/training_new_domains/2026-08-28/preserve4_zenotravel_stage2_policy_eval/20668779_Ev_zenotravel_zenotravel_mcts_orig_novh_c.1_s1472491096_K0_P4ZENOS2P_src20630373_e0010.txt,/home/hersco/training_new_domains/2026-08-27/preserve4_zenotravel_stage2_confirmation/20630373_Re-Tr_zenotravel_zenotravel_mcts_orig_novh_e.5_c.1_s1472491096_K0_P4S2A30_src20523091.txt
20668781,Ev_zenotravel_zenotravel_mcts_orig_novh_c.1_s1472491096_K0_P4ZENOS2P_src20630373_e0015,zenotravel,off,1472491096,P4ZENOS2P,20630373,15,stage2_policy_curve,COMPLETED,0:0,00:16:10,20,20,20,0,0,,/home/hersco/training_new_domains/2026-08-28/preserve4_zenotravel_stage2_policy_eval/20668781_Ev_zenotravel_zenotravel_mcts_orig_novh_c.1_s1472491096_K0_P4ZENOS2P_src20630373_e0015.txt,/home/hersco/training_new_domains/2026-08-27/preserve4_zenotravel_stage2_confirmation/20630373_Re-Tr_zenotravel_zenotravel_mcts_orig_novh_e.5_c.1_s1472491096_K0_P4S2A30_src20523091.txt
20668782,Ev_zenotravel_zenotravel_mcts_orig_novh_c.1_s1472491096_K0_P4ZENOS2P_src20630373_e0020,zenotravel,off,1472491096,P4ZENOS2P,20630373,20,stage2_policy_curve,COMPLETED,0:0,00:14:51,20,20,20,0,0,,/home/hersco/training_new_domains/2026-08-28/preserve4_zenotravel_stage2_policy_eval/20668782_Ev_zenotravel_zenotravel_mcts_orig_novh_c.1_s1472491096_K0_P4ZENOS2P_src20630373_e0020.txt,/home/hersco/training_new_domains/2026-08-27/preserve4_zenotravel_stage2_confirmation/20630373_Re-Tr_zenotravel_zenotravel_mcts_orig_novh_e.5_c.1_s1472491096_K0_P4S2A30_src20523091.txt
20668783,Ev_zenotravel_zenotravel_mcts_orig_novh_c.1_s1472491096_K0_P4ZENOS2P_src20630373_e0025,zenotravel,off,1472491096,P4ZENOS2P,20630373,25,stage2_policy_curve,COMPLETED,0:0,00:14:44,20,20,20,0,0,,/home/hersco/training_new_domains/2026-08-28/preserve4_zenotravel_stage2_policy_eval/20668783_Ev_zenotravel_zenotravel_mcts_orig_novh_c.1_s1472491096_K0_P4ZENOS2P_src20630373_e0025.txt,/home/hersco/training_new_domains/2026-08-27/preserve4_zenotravel_stage2_confirmation/20630373_Re-Tr_zenotravel_zenotravel_mcts_orig_novh_e.5_c.1_s1472491096_K0_P4S2A30_src20523091.txt
20668784,Ev_zenotravel_zenotravel_mcts_orig_novh_c.1_s1472491096_K0_P4ZENOS2P_src20630373_e0030,zenotravel,off,1472491096,P4ZENOS2P,20630373,30,stage2_policy_curve,COMPLETED,0:0,00:14:45,20,20,20,0,0,,/home/hersco/training_new_domains/2026-08-28/preserve4_zenotravel_stage2_policy_eval/20668784_Ev_zenotravel_zenotravel_mcts_orig_novh_c.1_s1472491096_K0_P4ZENOS2P_src20630373_e0030.txt,/home/hersco/training_new_domains/2026-08-27/preserve4_zenotravel_stage2_confirmation/20630373_Re-Tr_zenotravel_zenotravel_mcts_orig_novh_e.5_c.1_s1472491096_K0_P4S2A30_src20523091.txt
20668785,Ev_zenotravel_zenotravel_mcts_orig_novh_c.1_s1472491096_K0_P4ZENOS2P_src20630373_e0035,zenotravel,off,1472491096,P4ZENOS2P,20630373,35,stage2_policy_curve,COMPLETED,0:0,00:14:58,20,20,20,0,0,,/home/hersco/training_new_domains/2026-08-28/preserve4_zenotravel_stage2_policy_eval/20668785_Ev_zenotravel_zenotravel_mcts_orig_novh_c.1_s1472491096_K0_P4ZENOS2P_src20630373_e0035.txt,/home/hersco/training_new_domains/2026-08-27/preserve4_zenotravel_stage2_confirmation/20630373_Re-Tr_zenotravel_zenotravel_mcts_orig_novh_e.5_c.1_s1472491096_K0_P4S2A30_src20523091.txt
20668786,Ev_zenotravel_zenotravel_mcts_orig_novh_c.1_s1472491096_K0_P4ZENOS2P_src20630373_e0040,zenotravel,off,1472491096,P4ZENOS2P,20630373,40,stage2_policy_curve,COMPLETED,0:0,00:12:46,20,20,20,0,0,,/home/hersco/training_new_domains/2026-08-28/preserve4_zenotravel_stage2_policy_eval/20668786_Ev_zenotravel_zenotravel_mcts_orig_novh_c.1_s1472491096_K0_P4ZENOS2P_src20630373_e0040.txt,/home/hersco/training_new_domains/2026-08-27/preserve4_zenotravel_stage2_confirmation/20630373_Re-Tr_zenotravel_zenotravel_mcts_orig_novh_e.5_c.1_s1472491096_K0_P4S2A30_src20523091.txt
20668788,Ev_zenotravel_zenotravel_mcts_orig_novh_c.1_s1472491096_K0_P4ZENOS2P_src20630373_e0045,zenotravel,off,1472491096,P4ZENOS2P,20630373,45,stage2_policy_curve,COMPLETED,0:0,00:14:35,20,20,20,0,0,,/home/hersco/training_new_domains/2026-08-28/preserve4_zenotravel_stage2_policy_eval/20668788_Ev_zenotravel_zenotravel_mcts_orig_novh_c.1_s1472491096_K0_P4ZENOS2P_src20630373_e0045.txt,/home/hersco/training_new_domains/2026-08-27/preserve4_zenotravel_stage2_confirmation/20630373_Re-Tr_zenotravel_zenotravel_mcts_orig_novh_e.5_c.1_s1472491096_K0_P4S2A30_src20523091.txt
20668789,Ev_zenotravel_zenotravel_mcts_orig_novh_c.1_s1472491096_K0_P4ZENOS2P_src20630373_e0050,zenotravel,off,1472491096,P4ZENOS2P,20630373,50,stage2_policy_curve,COMPLETED,0:0,00:11:49,20,20,20,0,0,,/home/hersco/training_new_domains/2026-08-28/preserve4_zenotravel_stage2_policy_eval/20668789_Ev_zenotravel_zenotravel_mcts_orig_novh_c.1_s1472491096_K0_P4ZENOS2P_src20630373_e0050.txt,/home/hersco/training_new_domains/2026-08-27/preserve4_zenotravel_stage2_confirmation/20630373_Re-Tr_zenotravel_zenotravel_mcts_orig_novh_e.5_c.1_s1472491096_K0_P4S2A30_src20523091.txt
20668790,Ev_zenotravel_zenotravel_mcts_orig_novh_c.1_s1472491096_K0_P4ZENOS2P_src20630373_e0055,zenotravel,off,1472491096,P4ZENOS2P,20630373,55,stage2_policy_curve,COMPLETED,0:0,00:12:35,20,20,20,0,0,,/home/hersco/training_new_domains/2026-08-28/preserve4_zenotravel_stage2_policy_eval/20668790_Ev_zenotravel_zenotravel_mcts_orig_novh_c.1_s1472491096_K0_P4ZENOS2P_src20630373_e0055.txt,/home/hersco/training_new_domains/2026-08-27/preserve4_zenotravel_stage2_confirmation/20630373_Re-Tr_zenotravel_zenotravel_mcts_orig_novh_e.5_c.1_s1472491096_K0_P4S2A30_src20523091.txt
20668791,Ev_zenotravel_zenotravel_mcts_orig_novh_c.1_s1472491096_K0_P4ZENOS2P_src20630373_e0060,zenotravel,off,1472491096,P4ZENOS2P,20630373,60,stage2_policy_curve,COMPLETED,0:0,00:13:48,20,20,20,0,0,,/home/hersco/training_new_domains/2026-08-28/preserve4_zenotravel_stage2_policy_eval/20668791_Ev_zenotravel_zenotravel_mcts_orig_novh_c.1_s1472491096_K0_P4ZENOS2P_src20630373_e0060.txt,/home/hersco/training_new_domains/2026-08-27/preserve4_zenotravel_stage2_confirmation/20630373_Re-Tr_zenotravel_zenotravel_mcts_orig_novh_e.5_c.1_s1472491096_K0_P4S2A30_src20523091.txt
20668792,Ev_zenotravel_zenotravel_mcts_orig_novh_c.1_s1472491096_K0_P4ZENOS2P_src20630373_e0065,zenotravel,off,1472491096,P4ZENOS2P,20630373,65,stage2_policy_curve,COMPLETED,0:0,00:14:32,20,20,20,0,0,,/home/hersco/training_new_domains/2026-08-28/preserve4_zenotravel_stage2_policy_eval/20668792_Ev_zenotravel_zenotravel_mcts_orig_novh_c.1_s1472491096_K0_P4ZENOS2P_src20630373_e0065.txt,/home/hersco/training_new_domains/2026-08-27/preserve4_zenotravel_stage2_confirmation/20630373_Re-Tr_zenotravel_zenotravel_mcts_orig_novh_e.5_c.1_s1472491096_K0_P4S2A30_src20523091.txt
20668793,Ev_zenotravel_zenotravel_mcts_orig_novh_c.1_s1472491096_K0_P4ZENOS2P_src20630373_e0070,zenotravel,off,1472491096,P4ZENOS2P,20630373,70,stage2_policy_curve,COMPLETED,0:0,00:12:47,20,20,20,0,0,,/home/hersco/training_new_domains/2026-08-28/preserve4_zenotravel_stage2_policy_eval/20668793_Ev_zenotravel_zenotravel_mcts_orig_novh_c.1_s1472491096_K0_P4ZENOS2P_src20630373_e0070.txt,/home/hersco/training_new_domains/2026-08-27/preserve4_zenotravel_stage2_confirmation/20630373_Re-Tr_zenotravel_zenotravel_mcts_orig_novh_e.5_c.1_s1472491096_K0_P4S2A30_src20523091.txt
20668794,Ev_zenotravel_zenotravel_mcts_orig_novh_c.1_s1472491096_K0_P4ZENOS2P_src20630373_e0075,zenotravel,off,1472491096,P4ZENOS2P,20630373,75,stage2_policy_curve,COMPLETED,0:0,00:12:37,20,20,20,0,0,,/home/hersco/training_new_domains/2026-08-28/preserve4_zenotravel_stage2_policy_eval/20668794_Ev_zenotravel_zenotravel_mcts_orig_novh_c.1_s1472491096_K0_P4ZENOS2P_src20630373_e0075.txt,/home/hersco/training_new_domains/2026-08-27/preserve4_zenotravel_stage2_confirmation/20630373_Re-Tr_zenotravel_zenotravel_mcts_orig_novh_e.5_c.1_s1472491096_K0_P4S2A30_src20523091.txt
20668800,Ev_zenotravel_zenotravel_mcts_orig_novh_c.1_s1472491096_K0_P4ZENOS2P_src20630373_e0080,zenotravel,off,1472491096,P4ZENOS2P,20630373,80,stage2_policy_curve,COMPLETED,0:0,00:14:20,20,20,20,0,0,,/home/hersco/training_new_domains/2026-08-28/preserve4_zenotravel_stage2_policy_eval/20668800_Ev_zenotravel_zenotravel_mcts_orig_novh_c.1_s1472491096_K0_P4ZENOS2P_src20630373_e0080.txt,/home/hersco/training_new_domains/2026-08-27/preserve4_zenotravel_stage2_confirmation/20630373_Re-Tr_zenotravel_zenotravel_mcts_orig_novh_e.5_c.1_s1472491096_K0_P4S2A30_src20523091.txt
20668801,Ev_zenotravel_zenotravel_mcts_orig_novh_c.1_s1472491096_K0_P4ZENOS2P_src20630373_e0085,zenotravel,off,1472491096,P4ZENOS2P,20630373,85,stage2_policy_curve,COMPLETED,0:0,00:12:21,20,20,20,0,0,,/home/hersco/training_new_domains/2026-08-28/preserve4_zenotravel_stage2_policy_eval/20668801_Ev_zenotravel_zenotravel_mcts_orig_novh_c.1_s1472491096_K0_P4ZENOS2P_src20630373_e0085.txt,/home/hersco/training_new_domains/2026-08-27/preserve4_zenotravel_stage2_confirmation/20630373_Re-Tr_zenotravel_zenotravel_mcts_orig_novh_e.5_c.1_s1472491096_K0_P4S2A30_src20523091.txt
20668802,Ev_zenotravel_zenotravel_mcts_orig_novh_c.1_s1472491096_K0_P4ZENOS2P_src20630373_e0090,zenotravel,off,1472491096,P4ZENOS2P,20630373,90,stage2_policy_curve,COMPLETED,0:0,00:10:30,20,20,20,0,0,,/home/hersco/training_new_domains/2026-08-28/preserve4_zenotravel_stage2_policy_eval/20668802_Ev_zenotravel_zenotravel_mcts_orig_novh_c.1_s1472491096_K0_P4ZENOS2P_src20630373_e0090.txt,/home/hersco/training_new_domains/2026-08-27/preserve4_zenotravel_stage2_confirmation/20630373_Re-Tr_zenotravel_zenotravel_mcts_orig_novh_e.5_c.1_s1472491096_K0_P4S2A30_src20523091.txt
20668803,Ev_zenotravel_zenotravel_mcts_orig_novh_c.1_s1472491096_K0_P4ZENOS2P_src20630373_e0095,zenotravel,off,1472491096,P4ZENOS2P,20630373,95,stage2_policy_curve,COMPLETED,0:0,00:13:27,20,20,20,0,0,,/home/hersco/training_new_domains/2026-08-28/preserve4_zenotravel_stage2_policy_eval/20668803_Ev_zenotravel_zenotravel_mcts_orig_novh_c.1_s1472491096_K0_P4ZENOS2P_src20630373_e0095.txt,/home/hersco/training_new_domains/2026-08-27/preserve4_zenotravel_stage2_confirmation/20630373_Re-Tr_zenotravel_zenotravel_mcts_orig_novh_e.5_c.1_s1472491096_K0_P4S2A30_src20523091.txt
20668804,Ev_zenotravel_zenotravel_mcts_orig_novh_c.1_s1472491096_K0_P4ZENOS2P_src20630373_e0099,zenotravel,off,1472491096,P4ZENOS2P,20630373,99,stage2_policy_curve;stage2_final_policy,COMPLETED,0:0,00:13:29,20,20,20,0,0,,/home/hersco/training_new_domains/2026-08-28/preserve4_zenotravel_stage2_policy_eval/20668804_Ev_zenotravel_zenotravel_mcts_orig_novh_c.1_s1472491096_K0_P4ZENOS2P_src20630373_e0099.txt,/home/hersco/training_new_domains/2026-08-27/preserve4_zenotravel_stage2_confirmation/20630373_Re-Tr_zenotravel_zenotravel_mcts_orig_novh_e.5_c.1_s1472491096_K0_P4S2A30_src20523091.txt
20668805,Ev_zenotravel_zenotravel_mcts_orig_novh_c.1_s1510771779_K0_P4ZENOS2P_src20630374_e0000,zenotravel,off,1510771779,P4ZENOS2P,20630374,0,stage2_policy_curve,COMPLETED,0:0,00:12:31,20,20,20,0,0,,/home/hersco/training_new_domains/2026-08-28/preserve4_zenotravel_stage2_policy_eval/20668805_Ev_zenotravel_zenotravel_mcts_orig_novh_c.1_s1510771779_K0_P4ZENOS2P_src20630374_e0000.txt,/home/hersco/training_new_domains/2026-08-27/preserve4_zenotravel_stage2_confirmation/20630374_Re-Tr_zenotravel_zenotravel_mcts_orig_novh_e.5_c.1_s1510771779_K0_P4S2A30_src20523094.txt
20668806,Ev_zenotravel_zenotravel_mcts_orig_novh_c.1_s1510771779_K0_P4ZENOS2P_src20630374_e0005,zenotravel,off,1510771779,P4ZENOS2P,20630374,5,stage2_policy_curve,COMPLETED,0:0,00:12:38,20,20,20,0,0,,/home/hersco/training_new_domains/2026-08-28/preserve4_zenotravel_stage2_policy_eval/20668806_Ev_zenotravel_zenotravel_mcts_orig_novh_c.1_s1510771779_K0_P4ZENOS2P_src20630374_e0005.txt,/home/hersco/training_new_domains/2026-08-27/preserve4_zenotravel_stage2_confirmation/20630374_Re-Tr_zenotravel_zenotravel_mcts_orig_novh_e.5_c.1_s1510771779_K0_P4S2A30_src20523094.txt
20668807,Ev_zenotravel_zenotravel_mcts_orig_novh_c.1_s1510771779_K0_P4ZENOS2P_src20630374_e0010,zenotravel,off,1510771779,P4ZENOS2P,20630374,10,stage2_policy_curve,COMPLETED,0:0,00:10:46,20,20,20,0,0,,/home/hersco/training_new_domains/2026-08-28/preserve4_zenotravel_stage2_policy_eval/20668807_Ev_zenotravel_zenotravel_mcts_orig_novh_c.1_s1510771779_K0_P4ZENOS2P_src20630374_e0010.txt,/home/hersco/training_new_domains/2026-08-27/preserve4_zenotravel_stage2_confirmation/20630374_Re-Tr_zenotravel_zenotravel_mcts_orig_novh_e.5_c.1_s1510771779_K0_P4S2A30_src20523094.txt
20668808,Ev_zenotravel_zenotravel_mcts_orig_novh_c.1_s1510771779_K0_P4ZENOS2P_src20630374_e0015,zenotravel,off,1510771779,P4ZENOS2P,20630374,15,stage2_policy_curve,COMPLETED,0:0,00:15:15,20,20,20,0,0,,/home/hersco/training_new_domains/2026-08-28/preserve4_zenotravel_stage2_policy_eval/20668808_Ev_zenotravel_zenotravel_mcts_orig_novh_c.1_s1510771779_K0_P4ZENOS2P_src20630374_e0015.txt,/home/hersco/training_new_domains/2026-08-27/preserve4_zenotravel_stage2_confirmation/20630374_Re-Tr_zenotravel_zenotravel_mcts_orig_novh_e.5_c.1_s1510771779_K0_P4S2A30_src20523094.txt
20668809,Ev_zenotravel_zenotravel_mcts_orig_novh_c.1_s1510771779_K0_P4ZENOS2P_src20630374_e0020,zenotravel,off,1510771779,P4ZENOS2P,20630374,20,stage2_policy_curve,COMPLETED,0:0,00:11:35,20,20,20,0,0,,/home/hersco/training_new_domains/2026-08-28/preserve4_zenotravel_stage2_policy_eval/20668809_Ev_zenotravel_zenotravel_mcts_orig_novh_c.1_s1510771779_K0_P4ZENOS2P_src20630374_e0020.txt,/home/hersco/training_new_domains/2026-08-27/preserve4_zenotravel_stage2_confirmation/20630374_Re-Tr_zenotravel_zenotravel_mcts_orig_novh_e.5_c.1_s1510771779_K0_P4S2A30_src20523094.txt
20668810,Ev_zenotravel_zenotravel_mcts_orig_novh_c.1_s1510771779_K0_P4ZENOS2P_src20630374_e0025,zenotravel,off,1510771779,P4ZENOS2P,20630374,25,stage2_policy_curve,COMPLETED,0:0,00:12:29,20,20,20,0,0,,/home/hersco/training_new_domains/2026-08-28/preserve4_zenotravel_stage2_policy_eval/20668810_Ev_zenotravel_zenotravel_mcts_orig_novh_c.1_s1510771779_K0_P4ZENOS2P_src20630374_e0025.txt,/home/hersco/training_new_domains/2026-08-27/preserve4_zenotravel_stage2_confirmation/20630374_Re-Tr_zenotravel_zenotravel_mcts_orig_novh_e.5_c.1_s1510771779_K0_P4S2A30_src20523094.txt
20668811,Ev_zenotravel_zenotravel_mcts_orig_novh_c.1_s1510771779_K0_P4ZENOS2P_src20630374_e0030,zenotravel,off,1510771779,P4ZENOS2P,20630374,30,stage2_policy_curve,COMPLETED,0:0,00:12:41,20,20,20,0,0,,/home/hersco/training_new_domains/2026-08-28/preserve4_zenotravel_stage2_policy_eval/20668811_Ev_zenotravel_zenotravel_mcts_orig_novh_c.1_s1510771779_K0_P4ZENOS2P_src20630374_e0030.txt,/home/hersco/training_new_domains/2026-08-27/preserve4_zenotravel_stage2_confirmation/20630374_Re-Tr_zenotravel_zenotravel_mcts_orig_novh_e.5_c.1_s1510771779_K0_P4S2A30_src20523094.txt
20668812,Ev_zenotravel_zenotravel_mcts_orig_novh_c.1_s1510771779_K0_P4ZENOS2P_src20630374_e0035,zenotravel,off,1510771779,P4ZENOS2P,20630374,35,stage2_policy_curve,COMPLETED,0:0,00:15:50,20,20,20,0,0,,/home/hersco/training_new_domains/2026-08-28/preserve4_zenotravel_stage2_policy_eval/20668812_Ev_zenotravel_zenotravel_mcts_orig_novh_c.1_s1510771779_K0_P4ZENOS2P_src20630374_e0035.txt,/home/hersco/training_new_domains/2026-08-27/preserve4_zenotravel_stage2_confirmation/20630374_Re-Tr_zenotravel_zenotravel_mcts_orig_novh_e.5_c.1_s1510771779_K0_P4S2A30_src20523094.txt
20668813,Ev_zenotravel_zenotravel_mcts_orig_novh_c.1_s1510771779_K0_P4ZENOS2P_src20630374_e0040,zenotravel,off,1510771779,P4ZENOS2P,20630374,40,stage2_policy_curve,COMPLETED,0:0,00:12:37,20,20,20,0,0,,/home/hersco/training_new_domains/2026-08-28/preserve4_zenotravel_stage2_policy_eval/20668813_Ev_zenotravel_zenotravel_mcts_orig_novh_c.1_s1510771779_K0_P4ZENOS2P_src20630374_e0040.txt,/home/hersco/training_new_domains/2026-08-27/preserve4_zenotravel_stage2_confirmation/20630374_Re-Tr_zenotravel_zenotravel_mcts_orig_novh_e.5_c.1_s1510771779_K0_P4S2A30_src20523094.txt
20668814,Ev_zenotravel_zenotravel_mcts_orig_novh_c.1_s1510771779_K0_P4ZENOS2P_src20630374_e0045,zenotravel,off,1510771779,P4ZENOS2P,20630374,45,stage2_policy_curve,COMPLETED,0:0,00:14:10,20,20,20,0,0,,/home/hersco/training_new_domains/2026-08-28/preserve4_zenotravel_stage2_policy_eval/20668814_Ev_zenotravel_zenotravel_mcts_orig_novh_c.1_s1510771779_K0_P4ZENOS2P_src20630374_e0045.txt,/home/hersco/training_new_domains/2026-08-27/preserve4_zenotravel_stage2_confirmation/20630374_Re-Tr_zenotravel_zenotravel_mcts_orig_novh_e.5_c.1_s1510771779_K0_P4S2A30_src20523094.txt
20668815,Ev_zenotravel_zenotravel_mcts_orig_novh_c.1_s1510771779_K0_P4ZENOS2P_src20630374_e0050,zenotravel,off,1510771779,P4ZENOS2P,20630374,50,stage2_policy_curve,COMPLETED,0:0,00:13:39,20,20,20,0,0,,/home/hersco/training_new_domains/2026-08-28/preserve4_zenotravel_stage2_policy_eval/20668815_Ev_zenotravel_zenotravel_mcts_orig_novh_c.1_s1510771779_K0_P4ZENOS2P_src20630374_e0050.txt,/home/hersco/training_new_domains/2026-08-27/preserve4_zenotravel_stage2_confirmation/20630374_Re-Tr_zenotravel_zenotravel_mcts_orig_novh_e.5_c.1_s1510771779_K0_P4S2A30_src20523094.txt
20668816,Ev_zenotravel_zenotravel_mcts_orig_novh_c.1_s1510771779_K0_P4ZENOS2P_src20630374_e0055,zenotravel,off,1510771779,P4ZENOS2P,20630374,55,stage2_policy_curve,COMPLETED,0:0,00:12:43,20,20,20,0,0,,/home/hersco/training_new_domains/2026-08-28/preserve4_zenotravel_stage2_policy_eval/20668816_Ev_zenotravel_zenotravel_mcts_orig_novh_c.1_s1510771779_K0_P4ZENOS2P_src20630374_e0055.txt,/home/hersco/training_new_domains/2026-08-27/preserve4_zenotravel_stage2_confirmation/20630374_Re-Tr_zenotravel_zenotravel_mcts_orig_novh_e.5_c.1_s1510771779_K0_P4S2A30_src20523094.txt
20668817,Ev_zenotravel_zenotravel_mcts_orig_novh_c.1_s1510771779_K0_P4ZENOS2P_src20630374_e0060,zenotravel,off,1510771779,P4ZENOS2P,20630374,60,stage2_policy_curve,COMPLETED,0:0,00:12:21,20,20,20,0,0,,/home/hersco/training_new_domains/2026-08-28/preserve4_zenotravel_stage2_policy_eval/20668817_Ev_zenotravel_zenotravel_mcts_orig_novh_c.1_s1510771779_K0_P4ZENOS2P_src20630374_e0060.txt,/home/hersco/training_new_domains/2026-08-27/preserve4_zenotravel_stage2_confirmation/20630374_Re-Tr_zenotravel_zenotravel_mcts_orig_novh_e.5_c.1_s1510771779_K0_P4S2A30_src20523094.txt
20668818,Ev_zenotravel_zenotravel_mcts_orig_novh_c.1_s1510771779_K0_P4ZENOS2P_src20630374_e0065,zenotravel,off,1510771779,P4ZENOS2P,20630374,65,stage2_policy_curve,COMPLETED,0:0,00:15:09,20,20,20,0,0,,/home/hersco/training_new_domains/2026-08-28/preserve4_zenotravel_stage2_policy_eval/20668818_Ev_zenotravel_zenotravel_mcts_orig_novh_c.1_s1510771779_K0_P4ZENOS2P_src20630374_e0065.txt,/home/hersco/training_new_domains/2026-08-27/preserve4_zenotravel_stage2_confirmation/20630374_Re-Tr_zenotravel_zenotravel_mcts_orig_novh_e.5_c.1_s1510771779_K0_P4S2A30_src20523094.txt
20668819,Ev_zenotravel_zenotravel_mcts_orig_novh_c.1_s1510771779_K0_P4ZENOS2P_src20630374_e0070,zenotravel,off,1510771779,P4ZENOS2P,20630374,70,stage2_policy_curve,COMPLETED,0:0,00:15:00,20,20,20,0,0,,/home/hersco/training_new_domains/2026-08-28/preserve4_zenotravel_stage2_policy_eval/20668819_Ev_zenotravel_zenotravel_mcts_orig_novh_c.1_s1510771779_K0_P4ZENOS2P_src20630374_e0070.txt,/home/hersco/training_new_domains/2026-08-27/preserve4_zenotravel_stage2_confirmation/20630374_Re-Tr_zenotravel_zenotravel_mcts_orig_novh_e.5_c.1_s1510771779_K0_P4S2A30_src20523094.txt
20668820,Ev_zenotravel_zenotravel_mcts_orig_novh_c.1_s1510771779_K0_P4ZENOS2P_src20630374_e0075,zenotravel,off,1510771779,P4ZENOS2P,20630374,75,stage2_policy_curve,COMPLETED,0:0,00:12:30,20,20,20,0,0,,/home/hersco/training_new_domains/2026-08-28/preserve4_zenotravel_stage2_policy_eval/20668820_Ev_zenotravel_zenotravel_mcts_orig_novh_c.1_s1510771779_K0_P4ZENOS2P_src20630374_e0075.txt,/home/hersco/training_new_domains/2026-08-27/preserve4_zenotravel_stage2_confirmation/20630374_Re-Tr_zenotravel_zenotravel_mcts_orig_novh_e.5_c.1_s1510771779_K0_P4S2A30_src20523094.txt
20668821,Ev_zenotravel_zenotravel_mcts_orig_novh_c.1_s1510771779_K0_P4ZENOS2P_src20630374_e0080,zenotravel,off,1510771779,P4ZENOS2P,20630374,80,stage2_policy_curve,COMPLETED,0:0,00:15:35,20,20,20,0,0,,/home/hersco/training_new_domains/2026-08-28/preserve4_zenotravel_stage2_policy_eval/20668821_Ev_zenotravel_zenotravel_mcts_orig_novh_c.1_s1510771779_K0_P4ZENOS2P_src20630374_e0080.txt,/home/hersco/training_new_domains/2026-08-27/preserve4_zenotravel_stage2_confirmation/20630374_Re-Tr_zenotravel_zenotravel_mcts_orig_novh_e.5_c.1_s1510771779_K0_P4S2A30_src20523094.txt
20668822,Ev_zenotravel_zenotravel_mcts_orig_novh_c.1_s1510771779_K0_P4ZENOS2P_src20630374_e0085,zenotravel,off,1510771779,P4ZENOS2P,20630374,85,stage2_policy_curve,COMPLETED,0:0,00:12:40,20,20,20,0,0,,/home/hersco/training_new_domains/2026-08-28/preserve4_zenotravel_stage2_policy_eval/20668822_Ev_zenotravel_zenotravel_mcts_orig_novh_c.1_s1510771779_K0_P4ZENOS2P_src20630374_e0085.txt,/home/hersco/training_new_domains/2026-08-27/preserve4_zenotravel_stage2_confirmation/20630374_Re-Tr_zenotravel_zenotravel_mcts_orig_novh_e.5_c.1_s1510771779_K0_P4S2A30_src20523094.txt
20668823,Ev_zenotravel_zenotravel_mcts_orig_novh_c.1_s1510771779_K0_P4ZENOS2P_src20630374_e0090,zenotravel,off,1510771779,P4ZENOS2P,20630374,90,stage2_policy_curve,COMPLETED,0:0,00:12:32,20,20,20,0,0,,/home/hersco/training_new_domains/2026-08-28/preserve4_zenotravel_stage2_policy_eval/20668823_Ev_zenotravel_zenotravel_mcts_orig_novh_c.1_s1510771779_K0_P4ZENOS2P_src20630374_e0090.txt,/home/hersco/training_new_domains/2026-08-27/preserve4_zenotravel_stage2_confirmation/20630374_Re-Tr_zenotravel_zenotravel_mcts_orig_novh_e.5_c.1_s1510771779_K0_P4S2A30_src20523094.txt
20668824,Ev_zenotravel_zenotravel_mcts_orig_novh_c.1_s1510771779_K0_P4ZENOS2P_src20630374_e0095,zenotravel,off,1510771779,P4ZENOS2P,20630374,95,stage2_policy_curve,COMPLETED,0:0,00:14:27,20,20,20,0,0,,/home/hersco/training_new_domains/2026-08-28/preserve4_zenotravel_stage2_policy_eval/20668824_Ev_zenotravel_zenotravel_mcts_orig_novh_c.1_s1510771779_K0_P4ZENOS2P_src20630374_e0095.txt,/home/hersco/training_new_domains/2026-08-27/preserve4_zenotravel_stage2_confirmation/20630374_Re-Tr_zenotravel_zenotravel_mcts_orig_novh_e.5_c.1_s1510771779_K0_P4S2A30_src20523094.txt
20668825,Ev_zenotravel_zenotravel_mcts_orig_novh_c.1_s1510771779_K0_P4ZENOS2P_src20630374_e0099,zenotravel,off,1510771779,P4ZENOS2P,20630374,99,stage2_policy_curve;stage2_final_policy,COMPLETED,0:0,00:15:03,20,20,20,0,0,,/home/hersco/training_new_domains/2026-08-28/preserve4_zenotravel_stage2_policy_eval/20668825_Ev_zenotravel_zenotravel_mcts_orig_novh_c.1_s1510771779_K0_P4ZENOS2P_src20630374_e0099.txt,/home/hersco/training_new_domains/2026-08-27/preserve4_zenotravel_stage2_confirmation/20630374_Re-Tr_zenotravel_zenotravel_mcts_orig_novh_e.5_c.1_s1510771779_K0_P4S2A30_src20523094.txt
20668826,Ev_zenotravel_zenotravel_mcts_orig_novh_c.1_s1972442430_K0_P4ZENOS2P_src20630375_e0000,zenotravel,off,1972442430,P4ZENOS2P,20630375,0,stage2_policy_curve,COMPLETED,0:0,00:14:36,20,20,20,0,0,,/home/hersco/training_new_domains/2026-08-28/preserve4_zenotravel_stage2_policy_eval/20668826_Ev_zenotravel_zenotravel_mcts_orig_novh_c.1_s1972442430_K0_P4ZENOS2P_src20630375_e0000.txt,/home/hersco/training_new_domains/2026-08-27/preserve4_zenotravel_stage2_confirmation/20630375_Re-Tr_zenotravel_zenotravel_mcts_orig_novh_e.5_c.1_s1972442430_K0_P4S2A30_src20523096.txt
20668827,Ev_zenotravel_zenotravel_mcts_orig_novh_c.1_s1972442430_K0_P4ZENOS2P_src20630375_e0005,zenotravel,off,1972442430,P4ZENOS2P,20630375,5,stage2_policy_curve,COMPLETED,0:0,00:12:17,20,20,20,0,0,,/home/hersco/training_new_domains/2026-08-28/preserve4_zenotravel_stage2_policy_eval/20668827_Ev_zenotravel_zenotravel_mcts_orig_novh_c.1_s1972442430_K0_P4ZENOS2P_src20630375_e0005.txt,/home/hersco/training_new_domains/2026-08-27/preserve4_zenotravel_stage2_confirmation/20630375_Re-Tr_zenotravel_zenotravel_mcts_orig_novh_e.5_c.1_s1972442430_K0_P4S2A30_src20523096.txt
20668828,Ev_zenotravel_zenotravel_mcts_orig_novh_c.1_s1972442430_K0_P4ZENOS2P_src20630375_e0010,zenotravel,off,1972442430,P4ZENOS2P,20630375,10,stage2_policy_curve,COMPLETED,0:0,00:12:36,20,20,20,0,0,,/home/hersco/training_new_domains/2026-08-28/preserve4_zenotravel_stage2_policy_eval/20668828_Ev_zenotravel_zenotravel_mcts_orig_novh_c.1_s1972442430_K0_P4ZENOS2P_src20630375_e0010.txt,/home/hersco/training_new_domains/2026-08-27/preserve4_zenotravel_stage2_confirmation/20630375_Re-Tr_zenotravel_zenotravel_mcts_orig_novh_e.5_c.1_s1972442430_K0_P4S2A30_src20523096.txt
20668829,Ev_zenotravel_zenotravel_mcts_orig_novh_c.1_s1972442430_K0_P4ZENOS2P_src20630375_e0015,zenotravel,off,1972442430,P4ZENOS2P,20630375,15,stage2_policy_curve,COMPLETED,0:0,00:12:48,20,20,20,0,0,,/home/hersco/training_new_domains/2026-08-28/preserve4_zenotravel_stage2_policy_eval/20668829_Ev_zenotravel_zenotravel_mcts_orig_novh_c.1_s1972442430_K0_P4ZENOS2P_src20630375_e0015.txt,/home/hersco/training_new_domains/2026-08-27/preserve4_zenotravel_stage2_confirmation/20630375_Re-Tr_zenotravel_zenotravel_mcts_orig_novh_e.5_c.1_s1972442430_K0_P4S2A30_src20523096.txt
20668830,Ev_zenotravel_zenotravel_mcts_orig_novh_c.1_s1972442430_K0_P4ZENOS2P_src20630375_e0020,zenotravel,off,1972442430,P4ZENOS2P,20630375,20,stage2_policy_curve,COMPLETED,0:0,00:10:26,20,20,20,0,0,,/home/hersco/training_new_domains/2026-08-28/preserve4_zenotravel_stage2_policy_eval/20668830_Ev_zenotravel_zenotravel_mcts_orig_novh_c.1_s1972442430_K0_P4ZENOS2P_src20630375_e0020.txt,/home/hersco/training_new_domains/2026-08-27/preserve4_zenotravel_stage2_confirmation/20630375_Re-Tr_zenotravel_zenotravel_mcts_orig_novh_e.5_c.1_s1972442430_K0_P4S2A30_src20523096.txt
20668831,Ev_zenotravel_zenotravel_mcts_orig_novh_c.1_s1972442430_K0_P4ZENOS2P_src20630375_e0025,zenotravel,off,1972442430,P4ZENOS2P,20630375,25,stage2_policy_curve,COMPLETED,0:0,00:13:19,20,20,20,0,0,,/home/hersco/training_new_domains/2026-08-28/preserve4_zenotravel_stage2_policy_eval/20668831_Ev_zenotravel_zenotravel_mcts_orig_novh_c.1_s1972442430_K0_P4ZENOS2P_src20630375_e0025.txt,/home/hersco/training_new_domains/2026-08-27/preserve4_zenotravel_stage2_confirmation/20630375_Re-Tr_zenotravel_zenotravel_mcts_orig_novh_e.5_c.1_s1972442430_K0_P4S2A30_src20523096.txt
20668832,Ev_zenotravel_zenotravel_mcts_orig_novh_c.1_s1972442430_K0_P4ZENOS2P_src20630375_e0030,zenotravel,off,1972442430,P4ZENOS2P,20630375,30,stage2_policy_curve,COMPLETED,0:0,00:14:16,20,20,20,0,0,,/home/hersco/training_new_domains/2026-08-28/preserve4_zenotravel_stage2_policy_eval/20668832_Ev_zenotravel_zenotravel_mcts_orig_novh_c.1_s1972442430_K0_P4ZENOS2P_src20630375_e0030.txt,/home/hersco/training_new_domains/2026-08-27/preserve4_zenotravel_stage2_confirmation/20630375_Re-Tr_zenotravel_zenotravel_mcts_orig_novh_e.5_c.1_s1972442430_K0_P4S2A30_src20523096.txt
20668833,Ev_zenotravel_zenotravel_mcts_orig_novh_c.1_s1972442430_K0_P4ZENOS2P_src20630375_e0035,zenotravel,off,1972442430,P4ZENOS2P,20630375,35,stage2_policy_curve,COMPLETED,0:0,00:12:02,20,20,20,0,0,,/home/hersco/training_new_domains/2026-08-28/preserve4_zenotravel_stage2_policy_eval/20668833_Ev_zenotravel_zenotravel_mcts_orig_novh_c.1_s1972442430_K0_P4ZENOS2P_src20630375_e0035.txt,/home/hersco/training_new_domains/2026-08-27/preserve4_zenotravel_stage2_confirmation/20630375_Re-Tr_zenotravel_zenotravel_mcts_orig_novh_e.5_c.1_s1972442430_K0_P4S2A30_src20523096.txt
20668834,Ev_zenotravel_zenotravel_mcts_orig_novh_c.1_s1972442430_K0_P4ZENOS2P_src20630375_e0040,zenotravel,off,1972442430,P4ZENOS2P,20630375,40,stage2_policy_curve,COMPLETED,0:0,00:14:10,20,20,20,0,0,,/home/hersco/training_new_domains/2026-08-28/preserve4_zenotravel_stage2_policy_eval/20668834_Ev_zenotravel_zenotravel_mcts_orig_novh_c.1_s1972442430_K0_P4ZENOS2P_src20630375_e0040.txt,/home/hersco/training_new_domains/2026-08-27/preserve4_zenotravel_stage2_confirmation/20630375_Re-Tr_zenotravel_zenotravel_mcts_orig_novh_e.5_c.1_s1972442430_K0_P4S2A30_src20523096.txt
20668835,Ev_zenotravel_zenotravel_mcts_orig_novh_c.1_s1972442430_K0_P4ZENOS2P_src20630375_e0045,zenotravel,off,1972442430,P4ZENOS2P,20630375,45,stage2_policy_curve,COMPLETED,0:0,00:11:12,20,20,20,0,0,,/home/hersco/training_new_domains/2026-08-28/preserve4_zenotravel_stage2_policy_eval/20668835_Ev_zenotravel_zenotravel_mcts_orig_novh_c.1_s1972442430_K0_P4ZENOS2P_src20630375_e0045.txt,/home/hersco/training_new_domains/2026-08-27/preserve4_zenotravel_stage2_confirmation/20630375_Re-Tr_zenotravel_zenotravel_mcts_orig_novh_e.5_c.1_s1972442430_K0_P4S2A30_src20523096.txt
20668836,Ev_zenotravel_zenotravel_mcts_orig_novh_c.1_s1972442430_K0_P4ZENOS2P_src20630375_e0050,zenotravel,off,1972442430,P4ZENOS2P,20630375,50,stage2_policy_curve,COMPLETED,0:0,00:12:01,20,20,20,0,0,,/home/hersco/training_new_domains/2026-08-28/preserve4_zenotravel_stage2_policy_eval/20668836_Ev_zenotravel_zenotravel_mcts_orig_novh_c.1_s1972442430_K0_P4ZENOS2P_src20630375_e0050.txt,/home/hersco/training_new_domains/2026-08-27/preserve4_zenotravel_stage2_confirmation/20630375_Re-Tr_zenotravel_zenotravel_mcts_orig_novh_e.5_c.1_s1972442430_K0_P4S2A30_src20523096.txt
20668837,Ev_zenotravel_zenotravel_mcts_orig_novh_c.1_s1972442430_K0_P4ZENOS2P_src20630375_e0055,zenotravel,off,1972442430,P4ZENOS2P,20630375,55,stage2_policy_curve,COMPLETED,0:0,00:12:10,20,20,20,0,0,,/home/hersco/training_new_domains/2026-08-28/preserve4_zenotravel_stage2_policy_eval/20668837_Ev_zenotravel_zenotravel_mcts_orig_novh_c.1_s1972442430_K0_P4ZENOS2P_src20630375_e0055.txt,/home/hersco/training_new_domains/2026-08-27/preserve4_zenotravel_stage2_confirmation/20630375_Re-Tr_zenotravel_zenotravel_mcts_orig_novh_e.5_c.1_s1972442430_K0_P4S2A30_src20523096.txt
20668838,Ev_zenotravel_zenotravel_mcts_orig_novh_c.1_s1972442430_K0_P4ZENOS2P_src20630375_e0060,zenotravel,off,1972442430,P4ZENOS2P,20630375,60,stage2_policy_curve,COMPLETED,0:0,00:13:12,20,20,20,0,0,,/home/hersco/training_new_domains/2026-08-28/preserve4_zenotravel_stage2_policy_eval/20668838_Ev_zenotravel_zenotravel_mcts_orig_novh_c.1_s1972442430_K0_P4ZENOS2P_src20630375_e0060.txt,/home/hersco/training_new_domains/2026-08-27/preserve4_zenotravel_stage2_confirmation/20630375_Re-Tr_zenotravel_zenotravel_mcts_orig_novh_e.5_c.1_s1972442430_K0_P4S2A30_src20523096.txt
20668839,Ev_zenotravel_zenotravel_mcts_orig_novh_c.1_s1972442430_K0_P4ZENOS2P_src20630375_e0065,zenotravel,off,1972442430,P4ZENOS2P,20630375,65,stage2_policy_curve,COMPLETED,0:0,00:11:12,20,20,20,0,0,,/home/hersco/training_new_domains/2026-08-28/preserve4_zenotravel_stage2_policy_eval/20668839_Ev_zenotravel_zenotravel_mcts_orig_novh_c.1_s1972442430_K0_P4ZENOS2P_src20630375_e0065.txt,/home/hersco/training_new_domains/2026-08-27/preserve4_zenotravel_stage2_confirmation/20630375_Re-Tr_zenotravel_zenotravel_mcts_orig_novh_e.5_c.1_s1972442430_K0_P4S2A30_src20523096.txt
20668840,Ev_zenotravel_zenotravel_mcts_orig_novh_c.1_s1972442430_K0_P4ZENOS2P_src20630375_e0070,zenotravel,off,1972442430,P4ZENOS2P,20630375,70,stage2_policy_curve,COMPLETED,0:0,00:12:13,20,20,20,0,0,,/home/hersco/training_new_domains/2026-08-28/preserve4_zenotravel_stage2_policy_eval/20668840_Ev_zenotravel_zenotravel_mcts_orig_novh_c.1_s1972442430_K0_P4ZENOS2P_src20630375_e0070.txt,/home/hersco/training_new_domains/2026-08-27/preserve4_zenotravel_stage2_confirmation/20630375_Re-Tr_zenotravel_zenotravel_mcts_orig_novh_e.5_c.1_s1972442430_K0_P4S2A30_src20523096.txt
20668841,Ev_zenotravel_zenotravel_mcts_orig_novh_c.1_s1972442430_K0_P4ZENOS2P_src20630375_e0075,zenotravel,off,1972442430,P4ZENOS2P,20630375,75,stage2_policy_curve,COMPLETED,0:0,00:13:04,20,20,20,0,0,,/home/hersco/training_new_domains/2026-08-28/preserve4_zenotravel_stage2_policy_eval/20668841_Ev_zenotravel_zenotravel_mcts_orig_novh_c.1_s1972442430_K0_P4ZENOS2P_src20630375_e0075.txt,/home/hersco/training_new_domains/2026-08-27/preserve4_zenotravel_stage2_confirmation/20630375_Re-Tr_zenotravel_zenotravel_mcts_orig_novh_e.5_c.1_s1972442430_K0_P4S2A30_src20523096.txt
20668842,Ev_zenotravel_zenotravel_mcts_orig_novh_c.1_s1972442430_K0_P4ZENOS2P_src20630375_e0080,zenotravel,off,1972442430,P4ZENOS2P,20630375,80,stage2_policy_curve,COMPLETED,0:0,00:11:26,20,20,20,0,0,,/home/hersco/training_new_domains/2026-08-28/preserve4_zenotravel_stage2_policy_eval/20668842_Ev_zenotravel_zenotravel_mcts_orig_novh_c.1_s1972442430_K0_P4ZENOS2P_src20630375_e0080.txt,/home/hersco/training_new_domains/2026-08-27/preserve4_zenotravel_stage2_confirmation/20630375_Re-Tr_zenotravel_zenotravel_mcts_orig_novh_e.5_c.1_s1972442430_K0_P4S2A30_src20523096.txt
20668843,Ev_zenotravel_zenotravel_mcts_orig_novh_c.1_s1972442430_K0_P4ZENOS2P_src20630375_e0085,zenotravel,off,1972442430,P4ZENOS2P,20630375,85,stage2_policy_curve,COMPLETED,0:0,00:12:11,20,20,20,0,0,,/home/hersco/training_new_domains/2026-08-28/preserve4_zenotravel_stage2_policy_eval/20668843_Ev_zenotravel_zenotravel_mcts_orig_novh_c.1_s1972442430_K0_P4ZENOS2P_src20630375_e0085.txt,/home/hersco/training_new_domains/2026-08-27/preserve4_zenotravel_stage2_confirmation/20630375_Re-Tr_zenotravel_zenotravel_mcts_orig_novh_e.5_c.1_s1972442430_K0_P4S2A30_src20523096.txt
20668844,Ev_zenotravel_zenotravel_mcts_orig_novh_c.1_s1972442430_K0_P4ZENOS2P_src20630375_e0090,zenotravel,off,1972442430,P4ZENOS2P,20630375,90,stage2_policy_curve,COMPLETED,0:0,00:13:31,20,20,20,0,0,,/home/hersco/training_new_domains/2026-08-28/preserve4_zenotravel_stage2_policy_eval/20668844_Ev_zenotravel_zenotravel_mcts_orig_novh_c.1_s1972442430_K0_P4ZENOS2P_src20630375_e0090.txt,/home/hersco/training_new_domains/2026-08-27/preserve4_zenotravel_stage2_confirmation/20630375_Re-Tr_zenotravel_zenotravel_mcts_orig_novh_e.5_c.1_s1972442430_K0_P4S2A30_src20523096.txt
20668845,Ev_zenotravel_zenotravel_mcts_orig_novh_c.1_s1972442430_K0_P4ZENOS2P_src20630375_e0095,zenotravel,off,1972442430,P4ZENOS2P,20630375,95,stage2_policy_curve,COMPLETED,0:0,00:13:40,20,20,20,0,0,,/home/hersco/training_new_domains/2026-08-28/preserve4_zenotravel_stage2_policy_eval/20668845_Ev_zenotravel_zenotravel_mcts_orig_novh_c.1_s1972442430_K0_P4ZENOS2P_src20630375_e0095.txt,/home/hersco/training_new_domains/2026-08-27/preserve4_zenotravel_stage2_confirmation/20630375_Re-Tr_zenotravel_zenotravel_mcts_orig_novh_e.5_c.1_s1972442430_K0_P4S2A30_src20523096.txt
20668846,Ev_zenotravel_zenotravel_mcts_orig_novh_c.1_s1972442430_K0_P4ZENOS2P_src20630375_e0099,zenotravel,off,1972442430,P4ZENOS2P,20630375,99,stage2_policy_curve;stage2_final_policy,COMPLETED,0:0,00:12:37,20,20,20,0,0,,/home/hersco/training_new_domains/2026-08-28/preserve4_zenotravel_stage2_policy_eval/20668846_Ev_zenotravel_zenotravel_mcts_orig_novh_c.1_s1972442430_K0_P4ZENOS2P_src20630375_e0099.txt,/home/hersco/training_new_domains/2026-08-27/preserve4_zenotravel_stage2_confirmation/20630375_Re-Tr_zenotravel_zenotravel_mcts_orig_novh_e.5_c.1_s1972442430_K0_P4S2A30_src20523096.txt
20668847,Ev_zenotravel_zenotravel_mcts_orig_novh_c.1_s2082152039_K0_P4ZENOS2P_src20630376_e0000,zenotravel,off,2082152039,P4ZENOS2P,20630376,0,stage2_policy_curve,COMPLETED,0:0,00:14:28,20,20,20,0,0,,/home/hersco/training_new_domains/2026-08-28/preserve4_zenotravel_stage2_policy_eval/20668847_Ev_zenotravel_zenotravel_mcts_orig_novh_c.1_s2082152039_K0_P4ZENOS2P_src20630376_e0000.txt,/home/hersco/training_new_domains/2026-08-27/preserve4_zenotravel_stage2_confirmation/20630376_Re-Tr_zenotravel_zenotravel_mcts_orig_novh_e.5_c.1_s2082152039_K0_P4S2A30_src20523093.txt
20668848,Ev_zenotravel_zenotravel_mcts_orig_novh_c.1_s2082152039_K0_P4ZENOS2P_src20630376_e0005,zenotravel,off,2082152039,P4ZENOS2P,20630376,5,stage2_policy_curve,COMPLETED,0:0,00:13:46,20,20,20,0,0,,/home/hersco/training_new_domains/2026-08-28/preserve4_zenotravel_stage2_policy_eval/20668848_Ev_zenotravel_zenotravel_mcts_orig_novh_c.1_s2082152039_K0_P4ZENOS2P_src20630376_e0005.txt,/home/hersco/training_new_domains/2026-08-27/preserve4_zenotravel_stage2_confirmation/20630376_Re-Tr_zenotravel_zenotravel_mcts_orig_novh_e.5_c.1_s2082152039_K0_P4S2A30_src20523093.txt
20668849,Ev_zenotravel_zenotravel_mcts_orig_novh_c.1_s2082152039_K0_P4ZENOS2P_src20630376_e0010,zenotravel,off,2082152039,P4ZENOS2P,20630376,10,stage2_policy_curve,COMPLETED,0:0,00:12:18,20,20,20,0,0,,/home/hersco/training_new_domains/2026-08-28/preserve4_zenotravel_stage2_policy_eval/20668849_Ev_zenotravel_zenotravel_mcts_orig_novh_c.1_s2082152039_K0_P4ZENOS2P_src20630376_e0010.txt,/home/hersco/training_new_domains/2026-08-27/preserve4_zenotravel_stage2_confirmation/20630376_Re-Tr_zenotravel_zenotravel_mcts_orig_novh_e.5_c.1_s2082152039_K0_P4S2A30_src20523093.txt
20668850,Ev_zenotravel_zenotravel_mcts_orig_novh_c.1_s2082152039_K0_P4ZENOS2P_src20630376_e0015,zenotravel,off,2082152039,P4ZENOS2P,20630376,15,stage2_policy_curve,COMPLETED,0:0,00:12:36,20,20,20,0,0,,/home/hersco/training_new_domains/2026-08-28/preserve4_zenotravel_stage2_policy_eval/20668850_Ev_zenotravel_zenotravel_mcts_orig_novh_c.1_s2082152039_K0_P4ZENOS2P_src20630376_e0015.txt,/home/hersco/training_new_domains/2026-08-27/preserve4_zenotravel_stage2_confirmation/20630376_Re-Tr_zenotravel_zenotravel_mcts_orig_novh_e.5_c.1_s2082152039_K0_P4S2A30_src20523093.txt
20668851,Ev_zenotravel_zenotravel_mcts_orig_novh_c.1_s2082152039_K0_P4ZENOS2P_src20630376_e0020,zenotravel,off,2082152039,P4ZENOS2P,20630376,20,stage2_policy_curve,COMPLETED,0:0,00:14:07,20,20,20,0,0,,/home/hersco/training_new_domains/2026-08-28/preserve4_zenotravel_stage2_policy_eval/20668851_Ev_zenotravel_zenotravel_mcts_orig_novh_c.1_s2082152039_K0_P4ZENOS2P_src20630376_e0020.txt,/home/hersco/training_new_domains/2026-08-27/preserve4_zenotravel_stage2_confirmation/20630376_Re-Tr_zenotravel_zenotravel_mcts_orig_novh_e.5_c.1_s2082152039_K0_P4S2A30_src20523093.txt
20668852,Ev_zenotravel_zenotravel_mcts_orig_novh_c.1_s2082152039_K0_P4ZENOS2P_src20630376_e0025,zenotravel,off,2082152039,P4ZENOS2P,20630376,25,stage2_policy_curve,COMPLETED,0:0,00:13:08,20,20,20,0,0,,/home/hersco/training_new_domains/2026-08-28/preserve4_zenotravel_stage2_policy_eval/20668852_Ev_zenotravel_zenotravel_mcts_orig_novh_c.1_s2082152039_K0_P4ZENOS2P_src20630376_e0025.txt,/home/hersco/training_new_domains/2026-08-27/preserve4_zenotravel_stage2_confirmation/20630376_Re-Tr_zenotravel_zenotravel_mcts_orig_novh_e.5_c.1_s2082152039_K0_P4S2A30_src20523093.txt
20668853,Ev_zenotravel_zenotravel_mcts_orig_novh_c.1_s2082152039_K0_P4ZENOS2P_src20630376_e0030,zenotravel,off,2082152039,P4ZENOS2P,20630376,30,stage2_policy_curve,COMPLETED,0:0,00:12:29,20,20,20,0,0,,/home/hersco/training_new_domains/2026-08-28/preserve4_zenotravel_stage2_policy_eval/20668853_Ev_zenotravel_zenotravel_mcts_orig_novh_c.1_s2082152039_K0_P4ZENOS2P_src20630376_e0030.txt,/home/hersco/training_new_domains/2026-08-27/preserve4_zenotravel_stage2_confirmation/20630376_Re-Tr_zenotravel_zenotravel_mcts_orig_novh_e.5_c.1_s2082152039_K0_P4S2A30_src20523093.txt
20668854,Ev_zenotravel_zenotravel_mcts_orig_novh_c.1_s2082152039_K0_P4ZENOS2P_src20630376_e0035,zenotravel,off,2082152039,P4ZENOS2P,20630376,35,stage2_policy_curve,COMPLETED,0:0,00:13:42,20,20,20,0,0,,/home/hersco/training_new_domains/2026-08-28/preserve4_zenotravel_stage2_policy_eval/20668854_Ev_zenotravel_zenotravel_mcts_orig_novh_c.1_s2082152039_K0_P4ZENOS2P_src20630376_e0035.txt,/home/hersco/training_new_domains/2026-08-27/preserve4_zenotravel_stage2_confirmation/20630376_Re-Tr_zenotravel_zenotravel_mcts_orig_novh_e.5_c.1_s2082152039_K0_P4S2A30_src20523093.txt
20668855,Ev_zenotravel_zenotravel_mcts_orig_novh_c.1_s2082152039_K0_P4ZENOS2P_src20630376_e0040,zenotravel,off,2082152039,P4ZENOS2P,20630376,40,stage2_policy_curve,COMPLETED,0:0,00:11:53,20,20,20,0,0,,/home/hersco/training_new_domains/2026-08-28/preserve4_zenotravel_stage2_policy_eval/20668855_Ev_zenotravel_zenotravel_mcts_orig_novh_c.1_s2082152039_K0_P4ZENOS2P_src20630376_e0040.txt,/home/hersco/training_new_domains/2026-08-27/preserve4_zenotravel_stage2_confirmation/20630376_Re-Tr_zenotravel_zenotravel_mcts_orig_novh_e.5_c.1_s2082152039_K0_P4S2A30_src20523093.txt
20668856,Ev_zenotravel_zenotravel_mcts_orig_novh_c.1_s2082152039_K0_P4ZENOS2P_src20630376_e0045,zenotravel,off,2082152039,P4ZENOS2P,20630376,45,stage2_policy_curve,COMPLETED,0:0,00:13:41,20,20,20,0,0,,/home/hersco/training_new_domains/2026-08-28/preserve4_zenotravel_stage2_policy_eval/20668856_Ev_zenotravel_zenotravel_mcts_orig_novh_c.1_s2082152039_K0_P4ZENOS2P_src20630376_e0045.txt,/home/hersco/training_new_domains/2026-08-27/preserve4_zenotravel_stage2_confirmation/20630376_Re-Tr_zenotravel_zenotravel_mcts_orig_novh_e.5_c.1_s2082152039_K0_P4S2A30_src20523093.txt
20668857,Ev_zenotravel_zenotravel_mcts_orig_novh_c.1_s2082152039_K0_P4ZENOS2P_src20630376_e0050,zenotravel,off,2082152039,P4ZENOS2P,20630376,50,stage2_policy_curve,COMPLETED,0:0,00:15:42,20,20,20,0,0,,/home/hersco/training_new_domains/2026-08-28/preserve4_zenotravel_stage2_policy_eval/20668857_Ev_zenotravel_zenotravel_mcts_orig_novh_c.1_s2082152039_K0_P4ZENOS2P_src20630376_e0050.txt,/home/hersco/training_new_domains/2026-08-27/preserve4_zenotravel_stage2_confirmation/20630376_Re-Tr_zenotravel_zenotravel_mcts_orig_novh_e.5_c.1_s2082152039_K0_P4S2A30_src20523093.txt
20668858,Ev_zenotravel_zenotravel_mcts_orig_novh_c.1_s2082152039_K0_P4ZENOS2P_src20630376_e0055,zenotravel,off,2082152039,P4ZENOS2P,20630376,55,stage2_policy_curve,COMPLETED,0:0,00:16:41,20,20,20,0,0,,/home/hersco/training_new_domains/2026-08-28/preserve4_zenotravel_stage2_policy_eval/20668858_Ev_zenotravel_zenotravel_mcts_orig_novh_c.1_s2082152039_K0_P4ZENOS2P_src20630376_e0055.txt,/home/hersco/training_new_domains/2026-08-27/preserve4_zenotravel_stage2_confirmation/20630376_Re-Tr_zenotravel_zenotravel_mcts_orig_novh_e.5_c.1_s2082152039_K0_P4S2A30_src20523093.txt
20668859,Ev_zenotravel_zenotravel_mcts_orig_novh_c.1_s2082152039_K0_P4ZENOS2P_src20630376_e0060,zenotravel,off,2082152039,P4ZENOS2P,20630376,60,stage2_policy_curve,COMPLETED,0:0,00:13:57,20,20,20,0,0,,/home/hersco/training_new_domains/2026-08-28/preserve4_zenotravel_stage2_policy_eval/20668859_Ev_zenotravel_zenotravel_mcts_orig_novh_c.1_s2082152039_K0_P4ZENOS2P_src20630376_e0060.txt,/home/hersco/training_new_domains/2026-08-27/preserve4_zenotravel_stage2_confirmation/20630376_Re-Tr_zenotravel_zenotravel_mcts_orig_novh_e.5_c.1_s2082152039_K0_P4S2A30_src20523093.txt
20668860,Ev_zenotravel_zenotravel_mcts_orig_novh_c.1_s2082152039_K0_P4ZENOS2P_src20630376_e0065,zenotravel,off,2082152039,P4ZENOS2P,20630376,65,stage2_policy_curve,COMPLETED,0:0,00:14:15,20,20,20,0,0,,/home/hersco/training_new_domains/2026-08-28/preserve4_zenotravel_stage2_policy_eval/20668860_Ev_zenotravel_zenotravel_mcts_orig_novh_c.1_s2082152039_K0_P4ZENOS2P_src20630376_e0065.txt,/home/hersco/training_new_domains/2026-08-27/preserve4_zenotravel_stage2_confirmation/20630376_Re-Tr_zenotravel_zenotravel_mcts_orig_novh_e.5_c.1_s2082152039_K0_P4S2A30_src20523093.txt
20668861,Ev_zenotravel_zenotravel_mcts_orig_novh_c.1_s2082152039_K0_P4ZENOS2P_src20630376_e0070,zenotravel,off,2082152039,P4ZENOS2P,20630376,70,stage2_policy_curve,COMPLETED,0:0,00:54:18,19,20,19,0,0,,/home/hersco/training_new_domains/2026-08-28/preserve4_zenotravel_stage2_policy_eval/20668861_Ev_zenotravel_zenotravel_mcts_orig_novh_c.1_s2082152039_K0_P4ZENOS2P_src20630376_e0070.txt,/home/hersco/training_new_domains/2026-08-27/preserve4_zenotravel_stage2_confirmation/20630376_Re-Tr_zenotravel_zenotravel_mcts_orig_novh_e.5_c.1_s2082152039_K0_P4S2A30_src20523093.txt
20668862,Ev_zenotravel_zenotravel_mcts_orig_novh_c.1_s2082152039_K0_P4ZENOS2P_src20630376_e0075,zenotravel,off,2082152039,P4ZENOS2P,20630376,75,stage2_policy_curve,COMPLETED,0:0,00:11:07,20,20,20,0,0,,/home/hersco/training_new_domains/2026-08-28/preserve4_zenotravel_stage2_policy_eval/20668862_Ev_zenotravel_zenotravel_mcts_orig_novh_c.1_s2082152039_K0_P4ZENOS2P_src20630376_e0075.txt,/home/hersco/training_new_domains/2026-08-27/preserve4_zenotravel_stage2_confirmation/20630376_Re-Tr_zenotravel_zenotravel_mcts_orig_novh_e.5_c.1_s2082152039_K0_P4S2A30_src20523093.txt
20668863,Ev_zenotravel_zenotravel_mcts_orig_novh_c.1_s2082152039_K0_P4ZENOS2P_src20630376_e0080,zenotravel,off,2082152039,P4ZENOS2P,20630376,80,stage2_policy_curve,COMPLETED,0:0,00:13:49,20,20,20,0,0,,/home/hersco/training_new_domains/2026-08-28/preserve4_zenotravel_stage2_policy_eval/20668863_Ev_zenotravel_zenotravel_mcts_orig_novh_c.1_s2082152039_K0_P4ZENOS2P_src20630376_e0080.txt,/home/hersco/training_new_domains/2026-08-27/preserve4_zenotravel_stage2_confirmation/20630376_Re-Tr_zenotravel_zenotravel_mcts_orig_novh_e.5_c.1_s2082152039_K0_P4S2A30_src20523093.txt
20668864,Ev_zenotravel_zenotravel_mcts_orig_novh_c.1_s2082152039_K0_P4ZENOS2P_src20630376_e0085,zenotravel,off,2082152039,P4ZENOS2P,20630376,85,stage2_policy_curve,COMPLETED,0:0,00:57:22,19,20,19,0,0,,/home/hersco/training_new_domains/2026-08-28/preserve4_zenotravel_stage2_policy_eval/20668864_Ev_zenotravel_zenotravel_mcts_orig_novh_c.1_s2082152039_K0_P4ZENOS2P_src20630376_e0085.txt,/home/hersco/training_new_domains/2026-08-27/preserve4_zenotravel_stage2_confirmation/20630376_Re-Tr_zenotravel_zenotravel_mcts_orig_novh_e.5_c.1_s2082152039_K0_P4S2A30_src20523093.txt
20668865,Ev_zenotravel_zenotravel_mcts_orig_novh_c.1_s2082152039_K0_P4ZENOS2P_src20630376_e0090,zenotravel,off,2082152039,P4ZENOS2P,20630376,90,stage2_policy_curve,COMPLETED,0:0,00:54:39,19,20,19,0,0,,/home/hersco/training_new_domains/2026-08-28/preserve4_zenotravel_stage2_policy_eval/20668865_Ev_zenotravel_zenotravel_mcts_orig_novh_c.1_s2082152039_K0_P4ZENOS2P_src20630376_e0090.txt,/home/hersco/training_new_domains/2026-08-27/preserve4_zenotravel_stage2_confirmation/20630376_Re-Tr_zenotravel_zenotravel_mcts_orig_novh_e.5_c.1_s2082152039_K0_P4S2A30_src20523093.txt
20668867,Ev_zenotravel_zenotravel_mcts_orig_novh_c.1_s2082152039_K0_P4ZENOS2P_src20630376_e0095,zenotravel,off,2082152039,P4ZENOS2P,20630376,95,stage2_policy_curve,COMPLETED,0:0,01:12:58,19,20,19,0,0,,/home/hersco/training_new_domains/2026-08-28/preserve4_zenotravel_stage2_policy_eval/20668867_Ev_zenotravel_zenotravel_mcts_orig_novh_c.1_s2082152039_K0_P4ZENOS2P_src20630376_e0095.txt,/home/hersco/training_new_domains/2026-08-27/preserve4_zenotravel_stage2_confirmation/20630376_Re-Tr_zenotravel_zenotravel_mcts_orig_novh_e.5_c.1_s2082152039_K0_P4S2A30_src20523093.txt
20668868,Ev_zenotravel_zenotravel_mcts_orig_novh_c.1_s2082152039_K0_P4ZENOS2P_src20630376_e0099,zenotravel,off,2082152039,P4ZENOS2P,20630376,99,stage2_policy_curve;stage2_final_policy,COMPLETED,0:0,00:13:25,20,20,20,0,0,,/home/hersco/training_new_domains/2026-08-28/preserve4_zenotravel_stage2_policy_eval/20668868_Ev_zenotravel_zenotravel_mcts_orig_novh_c.1_s2082152039_K0_P4ZENOS2P_src20630376_e0099.txt,/home/hersco/training_new_domains/2026-08-27/preserve4_zenotravel_stage2_confirmation/20630376_Re-Tr_zenotravel_zenotravel_mcts_orig_novh_e.5_c.1_s2082152039_K0_P4S2A30_src20523093.txt
20668869,Ev_zenotravel_zenotravel_mcts_orig_vh_c.1_s534933607_K0_P4ZENOS2P_src20630378_e0000,zenotravel,on,534933607,P4ZENOS2P,20630378,0,stage2_policy_curve,COMPLETED,0:0,00:12:11,20,20,20,0,0,,/home/hersco/training_new_domains/2026-08-28/preserve4_zenotravel_stage2_policy_eval/20668869_Ev_zenotravel_zenotravel_mcts_orig_vh_c.1_s534933607_K0_P4ZENOS2P_src20630378_e0000.txt,/home/hersco/training_new_domains/2026-08-27/preserve4_zenotravel_stage2_confirmation/20630378_Re-Tr_zenotravel_zenotravel_mcts_orig_vh_e.5_c.1_s534933607_K0_P4S2A0p3_src20523080.txt
20668870,Ev_zenotravel_zenotravel_mcts_orig_vh_c.1_s534933607_K0_P4ZENOS2P_src20630378_e0005,zenotravel,on,534933607,P4ZENOS2P,20630378,5,stage2_policy_curve,COMPLETED,0:0,00:13:06,20,20,20,0,0,,/home/hersco/training_new_domains/2026-08-28/preserve4_zenotravel_stage2_policy_eval/20668870_Ev_zenotravel_zenotravel_mcts_orig_vh_c.1_s534933607_K0_P4ZENOS2P_src20630378_e0005.txt,/home/hersco/training_new_domains/2026-08-27/preserve4_zenotravel_stage2_confirmation/20630378_Re-Tr_zenotravel_zenotravel_mcts_orig_vh_e.5_c.1_s534933607_K0_P4S2A0p3_src20523080.txt
20668871,Ev_zenotravel_zenotravel_mcts_orig_vh_c.1_s534933607_K0_P4ZENOS2P_src20630378_e0010,zenotravel,on,534933607,P4ZENOS2P,20630378,10,stage2_policy_curve,COMPLETED,0:0,00:14:14,20,20,20,0,0,,/home/hersco/training_new_domains/2026-08-28/preserve4_zenotravel_stage2_policy_eval/20668871_Ev_zenotravel_zenotravel_mcts_orig_vh_c.1_s534933607_K0_P4ZENOS2P_src20630378_e0010.txt,/home/hersco/training_new_domains/2026-08-27/preserve4_zenotravel_stage2_confirmation/20630378_Re-Tr_zenotravel_zenotravel_mcts_orig_vh_e.5_c.1_s534933607_K0_P4S2A0p3_src20523080.txt
20668872,Ev_zenotravel_zenotravel_mcts_orig_vh_c.1_s534933607_K0_P4ZENOS2P_src20630378_e0015,zenotravel,on,534933607,P4ZENOS2P,20630378,15,stage2_policy_curve,COMPLETED,0:0,00:14:14,20,20,20,0,0,,/home/hersco/training_new_domains/2026-08-28/preserve4_zenotravel_stage2_policy_eval/20668872_Ev_zenotravel_zenotravel_mcts_orig_vh_c.1_s534933607_K0_P4ZENOS2P_src20630378_e0015.txt,/home/hersco/training_new_domains/2026-08-27/preserve4_zenotravel_stage2_confirmation/20630378_Re-Tr_zenotravel_zenotravel_mcts_orig_vh_e.5_c.1_s534933607_K0_P4S2A0p3_src20523080.txt
20668873,Ev_zenotravel_zenotravel_mcts_orig_vh_c.1_s534933607_K0_P4ZENOS2P_src20630378_e0020,zenotravel,on,534933607,P4ZENOS2P,20630378,20,stage2_policy_curve,COMPLETED,0:0,00:13:48,20,20,20,0,0,,/home/hersco/training_new_domains/2026-08-28/preserve4_zenotravel_stage2_policy_eval/20668873_Ev_zenotravel_zenotravel_mcts_orig_vh_c.1_s534933607_K0_P4ZENOS2P_src20630378_e0020.txt,/home/hersco/training_new_domains/2026-08-27/preserve4_zenotravel_stage2_confirmation/20630378_Re-Tr_zenotravel_zenotravel_mcts_orig_vh_e.5_c.1_s534933607_K0_P4S2A0p3_src20523080.txt
20668874,Ev_zenotravel_zenotravel_mcts_orig_vh_c.1_s534933607_K0_P4ZENOS2P_src20630378_e0025,zenotravel,on,534933607,P4ZENOS2P,20630378,25,stage2_policy_curve,COMPLETED,0:0,00:14:39,20,20,20,0,0,,/home/hersco/training_new_domains/2026-08-28/preserve4_zenotravel_stage2_policy_eval/20668874_Ev_zenotravel_zenotravel_mcts_orig_vh_c.1_s534933607_K0_P4ZENOS2P_src20630378_e0025.txt,/home/hersco/training_new_domains/2026-08-27/preserve4_zenotravel_stage2_confirmation/20630378_Re-Tr_zenotravel_zenotravel_mcts_orig_vh_e.5_c.1_s534933607_K0_P4S2A0p3_src20523080.txt
20668875,Ev_zenotravel_zenotravel_mcts_orig_vh_c.1_s534933607_K0_P4ZENOS2P_src20630378_e0030,zenotravel,on,534933607,P4ZENOS2P,20630378,30,stage2_policy_curve,COMPLETED,0:0,00:11:27,20,20,20,0,0,,/home/hersco/training_new_domains/2026-08-28/preserve4_zenotravel_stage2_policy_eval/20668875_Ev_zenotravel_zenotravel_mcts_orig_vh_c.1_s534933607_K0_P4ZENOS2P_src20630378_e0030.txt,/home/hersco/training_new_domains/2026-08-27/preserve4_zenotravel_stage2_confirmation/20630378_Re-Tr_zenotravel_zenotravel_mcts_orig_vh_e.5_c.1_s534933607_K0_P4S2A0p3_src20523080.txt
20668876,Ev_zenotravel_zenotravel_mcts_orig_vh_c.1_s534933607_K0_P4ZENOS2P_src20630378_e0035,zenotravel,on,534933607,P4ZENOS2P,20630378,35,stage2_policy_curve,COMPLETED,0:0,00:14:25,20,20,20,0,0,,/home/hersco/training_new_domains/2026-08-28/preserve4_zenotravel_stage2_policy_eval/20668876_Ev_zenotravel_zenotravel_mcts_orig_vh_c.1_s534933607_K0_P4ZENOS2P_src20630378_e0035.txt,/home/hersco/training_new_domains/2026-08-27/preserve4_zenotravel_stage2_confirmation/20630378_Re-Tr_zenotravel_zenotravel_mcts_orig_vh_e.5_c.1_s534933607_K0_P4S2A0p3_src20523080.txt
20668877,Ev_zenotravel_zenotravel_mcts_orig_vh_c.1_s534933607_K0_P4ZENOS2P_src20630378_e0040,zenotravel,on,534933607,P4ZENOS2P,20630378,40,stage2_policy_curve,COMPLETED,0:0,00:14:41,20,20,20,0,0,,/home/hersco/training_new_domains/2026-08-28/preserve4_zenotravel_stage2_policy_eval/20668877_Ev_zenotravel_zenotravel_mcts_orig_vh_c.1_s534933607_K0_P4ZENOS2P_src20630378_e0040.txt,/home/hersco/training_new_domains/2026-08-27/preserve4_zenotravel_stage2_confirmation/20630378_Re-Tr_zenotravel_zenotravel_mcts_orig_vh_e.5_c.1_s534933607_K0_P4S2A0p3_src20523080.txt
20668878,Ev_zenotravel_zenotravel_mcts_orig_vh_c.1_s534933607_K0_P4ZENOS2P_src20630378_e0045,zenotravel,on,534933607,P4ZENOS2P,20630378,45,stage2_policy_curve,COMPLETED,0:0,00:11:06,20,20,20,0,0,,/home/hersco/training_new_domains/2026-08-28/preserve4_zenotravel_stage2_policy_eval/20668878_Ev_zenotravel_zenotravel_mcts_orig_vh_c.1_s534933607_K0_P4ZENOS2P_src20630378_e0045.txt,/home/hersco/training_new_domains/2026-08-27/preserve4_zenotravel_stage2_confirmation/20630378_Re-Tr_zenotravel_zenotravel_mcts_orig_vh_e.5_c.1_s534933607_K0_P4S2A0p3_src20523080.txt
20668879,Ev_zenotravel_zenotravel_mcts_orig_vh_c.1_s534933607_K0_P4ZENOS2P_src20630378_e0050,zenotravel,on,534933607,P4ZENOS2P,20630378,50,stage2_policy_curve,COMPLETED,0:0,00:13:08,20,20,20,0,0,,/home/hersco/training_new_domains/2026-08-28/preserve4_zenotravel_stage2_policy_eval/20668879_Ev_zenotravel_zenotravel_mcts_orig_vh_c.1_s534933607_K0_P4ZENOS2P_src20630378_e0050.txt,/home/hersco/training_new_domains/2026-08-27/preserve4_zenotravel_stage2_confirmation/20630378_Re-Tr_zenotravel_zenotravel_mcts_orig_vh_e.5_c.1_s534933607_K0_P4S2A0p3_src20523080.txt
20668880,Ev_zenotravel_zenotravel_mcts_orig_vh_c.1_s534933607_K0_P4ZENOS2P_src20630378_e0055,zenotravel,on,534933607,P4ZENOS2P,20630378,55,stage2_policy_curve,COMPLETED,0:0,00:12:02,20,20,20,0,0,,/home/hersco/training_new_domains/2026-08-28/preserve4_zenotravel_stage2_policy_eval/20668880_Ev_zenotravel_zenotravel_mcts_orig_vh_c.1_s534933607_K0_P4ZENOS2P_src20630378_e0055.txt,/home/hersco/training_new_domains/2026-08-27/preserve4_zenotravel_stage2_confirmation/20630378_Re-Tr_zenotravel_zenotravel_mcts_orig_vh_e.5_c.1_s534933607_K0_P4S2A0p3_src20523080.txt
20668881,Ev_zenotravel_zenotravel_mcts_orig_vh_c.1_s534933607_K0_P4ZENOS2P_src20630378_e0060,zenotravel,on,534933607,P4ZENOS2P,20630378,60,stage2_policy_curve,COMPLETED,0:0,00:15:27,20,20,20,0,0,,/home/hersco/training_new_domains/2026-08-28/preserve4_zenotravel_stage2_policy_eval/20668881_Ev_zenotravel_zenotravel_mcts_orig_vh_c.1_s534933607_K0_P4ZENOS2P_src20630378_e0060.txt,/home/hersco/training_new_domains/2026-08-27/preserve4_zenotravel_stage2_confirmation/20630378_Re-Tr_zenotravel_zenotravel_mcts_orig_vh_e.5_c.1_s534933607_K0_P4S2A0p3_src20523080.txt
20668882,Ev_zenotravel_zenotravel_mcts_orig_vh_c.1_s534933607_K0_P4ZENOS2P_src20630378_e0065,zenotravel,on,534933607,P4ZENOS2P,20630378,65,stage2_policy_curve,COMPLETED,0:0,00:12:58,20,20,20,0,0,,/home/hersco/training_new_domains/2026-08-28/preserve4_zenotravel_stage2_policy_eval/20668882_Ev_zenotravel_zenotravel_mcts_orig_vh_c.1_s534933607_K0_P4ZENOS2P_src20630378_e0065.txt,/home/hersco/training_new_domains/2026-08-27/preserve4_zenotravel_stage2_confirmation/20630378_Re-Tr_zenotravel_zenotravel_mcts_orig_vh_e.5_c.1_s534933607_K0_P4S2A0p3_src20523080.txt
20668883,Ev_zenotravel_zenotravel_mcts_orig_vh_c.1_s534933607_K0_P4ZENOS2P_src20630378_e0070,zenotravel,on,534933607,P4ZENOS2P,20630378,70,stage2_policy_curve,COMPLETED,0:0,00:12:30,20,20,20,0,0,,/home/hersco/training_new_domains/2026-08-28/preserve4_zenotravel_stage2_policy_eval/20668883_Ev_zenotravel_zenotravel_mcts_orig_vh_c.1_s534933607_K0_P4ZENOS2P_src20630378_e0070.txt,/home/hersco/training_new_domains/2026-08-27/preserve4_zenotravel_stage2_confirmation/20630378_Re-Tr_zenotravel_zenotravel_mcts_orig_vh_e.5_c.1_s534933607_K0_P4S2A0p3_src20523080.txt
20668885,Ev_zenotravel_zenotravel_mcts_orig_vh_c.1_s534933607_K0_P4ZENOS2P_src20630378_e0075,zenotravel,on,534933607,P4ZENOS2P,20630378,75,stage2_policy_curve,COMPLETED,0:0,00:14:07,20,20,20,0,0,,/home/hersco/training_new_domains/2026-08-28/preserve4_zenotravel_stage2_policy_eval/20668885_Ev_zenotravel_zenotravel_mcts_orig_vh_c.1_s534933607_K0_P4ZENOS2P_src20630378_e0075.txt,/home/hersco/training_new_domains/2026-08-27/preserve4_zenotravel_stage2_confirmation/20630378_Re-Tr_zenotravel_zenotravel_mcts_orig_vh_e.5_c.1_s534933607_K0_P4S2A0p3_src20523080.txt
20668886,Ev_zenotravel_zenotravel_mcts_orig_vh_c.1_s534933607_K0_P4ZENOS2P_src20630378_e0080,zenotravel,on,534933607,P4ZENOS2P,20630378,80,stage2_policy_curve,COMPLETED,0:0,00:14:45,20,20,20,0,0,,/home/hersco/training_new_domains/2026-08-28/preserve4_zenotravel_stage2_policy_eval/20668886_Ev_zenotravel_zenotravel_mcts_orig_vh_c.1_s534933607_K0_P4ZENOS2P_src20630378_e0080.txt,/home/hersco/training_new_domains/2026-08-27/preserve4_zenotravel_stage2_confirmation/20630378_Re-Tr_zenotravel_zenotravel_mcts_orig_vh_e.5_c.1_s534933607_K0_P4S2A0p3_src20523080.txt
20668887,Ev_zenotravel_zenotravel_mcts_orig_vh_c.1_s534933607_K0_P4ZENOS2P_src20630378_e0085,zenotravel,on,534933607,P4ZENOS2P,20630378,85,stage2_policy_curve,COMPLETED,0:0,00:13:42,20,20,20,0,0,,/home/hersco/training_new_domains/2026-08-28/preserve4_zenotravel_stage2_policy_eval/20668887_Ev_zenotravel_zenotravel_mcts_orig_vh_c.1_s534933607_K0_P4ZENOS2P_src20630378_e0085.txt,/home/hersco/training_new_domains/2026-08-27/preserve4_zenotravel_stage2_confirmation/20630378_Re-Tr_zenotravel_zenotravel_mcts_orig_vh_e.5_c.1_s534933607_K0_P4S2A0p3_src20523080.txt
20668888,Ev_zenotravel_zenotravel_mcts_orig_vh_c.1_s534933607_K0_P4ZENOS2P_src20630378_e0090,zenotravel,on,534933607,P4ZENOS2P,20630378,90,stage2_policy_curve,COMPLETED,0:0,00:12:46,20,20,20,0,0,,/home/hersco/training_new_domains/2026-08-28/preserve4_zenotravel_stage2_policy_eval/20668888_Ev_zenotravel_zenotravel_mcts_orig_vh_c.1_s534933607_K0_P4ZENOS2P_src20630378_e0090.txt,/home/hersco/training_new_domains/2026-08-27/preserve4_zenotravel_stage2_confirmation/20630378_Re-Tr_zenotravel_zenotravel_mcts_orig_vh_e.5_c.1_s534933607_K0_P4S2A0p3_src20523080.txt
20668889,Ev_zenotravel_zenotravel_mcts_orig_vh_c.1_s534933607_K0_P4ZENOS2P_src20630378_e0095,zenotravel,on,534933607,P4ZENOS2P,20630378,95,stage2_policy_curve,COMPLETED,0:0,00:12:05,20,20,20,0,0,,/home/hersco/training_new_domains/2026-08-28/preserve4_zenotravel_stage2_policy_eval/20668889_Ev_zenotravel_zenotravel_mcts_orig_vh_c.1_s534933607_K0_P4ZENOS2P_src20630378_e0095.txt,/home/hersco/training_new_domains/2026-08-27/preserve4_zenotravel_stage2_confirmation/20630378_Re-Tr_zenotravel_zenotravel_mcts_orig_vh_e.5_c.1_s534933607_K0_P4S2A0p3_src20523080.txt
20668890,Ev_zenotravel_zenotravel_mcts_orig_vh_c.1_s534933607_K0_P4ZENOS2P_src20630378_e0099,zenotravel,on,534933607,P4ZENOS2P,20630378,99,stage2_policy_curve;stage2_final_policy,COMPLETED,0:0,00:13:39,20,20,20,0,0,,/home/hersco/training_new_domains/2026-08-28/preserve4_zenotravel_stage2_policy_eval/20668890_Ev_zenotravel_zenotravel_mcts_orig_vh_c.1_s534933607_K0_P4ZENOS2P_src20630378_e0099.txt,/home/hersco/training_new_domains/2026-08-27/preserve4_zenotravel_stage2_confirmation/20630378_Re-Tr_zenotravel_zenotravel_mcts_orig_vh_e.5_c.1_s534933607_K0_P4S2A0p3_src20523080.txt
20668891,Ev_zenotravel_zenotravel_mcts_orig_vh_c.1_s923500475_K0_P4ZENOS2P_src20630379_e0000,zenotravel,on,923500475,P4ZENOS2P,20630379,0,stage2_policy_curve,COMPLETED,0:0,00:11:31,20,20,20,0,0,,/home/hersco/training_new_domains/2026-08-28/preserve4_zenotravel_stage2_policy_eval/20668891_Ev_zenotravel_zenotravel_mcts_orig_vh_c.1_s923500475_K0_P4ZENOS2P_src20630379_e0000.txt,/home/hersco/training_new_domains/2026-08-27/preserve4_zenotravel_stage2_confirmation/20630379_Re-Tr_zenotravel_zenotravel_mcts_orig_vh_e.5_c.1_s923500475_K0_P4S2A0p3_src20523084.txt
20668892,Ev_zenotravel_zenotravel_mcts_orig_vh_c.1_s923500475_K0_P4ZENOS2P_src20630379_e0005,zenotravel,on,923500475,P4ZENOS2P,20630379,5,stage2_policy_curve,COMPLETED,0:0,00:12:29,20,20,20,0,0,,/home/hersco/training_new_domains/2026-08-28/preserve4_zenotravel_stage2_policy_eval/20668892_Ev_zenotravel_zenotravel_mcts_orig_vh_c.1_s923500475_K0_P4ZENOS2P_src20630379_e0005.txt,/home/hersco/training_new_domains/2026-08-27/preserve4_zenotravel_stage2_confirmation/20630379_Re-Tr_zenotravel_zenotravel_mcts_orig_vh_e.5_c.1_s923500475_K0_P4S2A0p3_src20523084.txt
20668893,Ev_zenotravel_zenotravel_mcts_orig_vh_c.1_s923500475_K0_P4ZENOS2P_src20630379_e0010,zenotravel,on,923500475,P4ZENOS2P,20630379,10,stage2_policy_curve,COMPLETED,0:0,00:14:02,20,20,20,0,0,,/home/hersco/training_new_domains/2026-08-28/preserve4_zenotravel_stage2_policy_eval/20668893_Ev_zenotravel_zenotravel_mcts_orig_vh_c.1_s923500475_K0_P4ZENOS2P_src20630379_e0010.txt,/home/hersco/training_new_domains/2026-08-27/preserve4_zenotravel_stage2_confirmation/20630379_Re-Tr_zenotravel_zenotravel_mcts_orig_vh_e.5_c.1_s923500475_K0_P4S2A0p3_src20523084.txt
20668894,Ev_zenotravel_zenotravel_mcts_orig_vh_c.1_s923500475_K0_P4ZENOS2P_src20630379_e0015,zenotravel,on,923500475,P4ZENOS2P,20630379,15,stage2_policy_curve,COMPLETED,0:0,00:12:20,20,20,20,0,0,,/home/hersco/training_new_domains/2026-08-28/preserve4_zenotravel_stage2_policy_eval/20668894_Ev_zenotravel_zenotravel_mcts_orig_vh_c.1_s923500475_K0_P4ZENOS2P_src20630379_e0015.txt,/home/hersco/training_new_domains/2026-08-27/preserve4_zenotravel_stage2_confirmation/20630379_Re-Tr_zenotravel_zenotravel_mcts_orig_vh_e.5_c.1_s923500475_K0_P4S2A0p3_src20523084.txt
20668895,Ev_zenotravel_zenotravel_mcts_orig_vh_c.1_s923500475_K0_P4ZENOS2P_src20630379_e0020,zenotravel,on,923500475,P4ZENOS2P,20630379,20,stage2_policy_curve,COMPLETED,0:0,00:14:40,20,20,20,0,0,,/home/hersco/training_new_domains/2026-08-28/preserve4_zenotravel_stage2_policy_eval/20668895_Ev_zenotravel_zenotravel_mcts_orig_vh_c.1_s923500475_K0_P4ZENOS2P_src20630379_e0020.txt,/home/hersco/training_new_domains/2026-08-27/preserve4_zenotravel_stage2_confirmation/20630379_Re-Tr_zenotravel_zenotravel_mcts_orig_vh_e.5_c.1_s923500475_K0_P4S2A0p3_src20523084.txt
20668896,Ev_zenotravel_zenotravel_mcts_orig_vh_c.1_s923500475_K0_P4ZENOS2P_src20630379_e0025,zenotravel,on,923500475,P4ZENOS2P,20630379,25,stage2_policy_curve,COMPLETED,0:0,00:13:23,20,20,20,0,0,,/home/hersco/training_new_domains/2026-08-28/preserve4_zenotravel_stage2_policy_eval/20668896_Ev_zenotravel_zenotravel_mcts_orig_vh_c.1_s923500475_K0_P4ZENOS2P_src20630379_e0025.txt,/home/hersco/training_new_domains/2026-08-27/preserve4_zenotravel_stage2_confirmation/20630379_Re-Tr_zenotravel_zenotravel_mcts_orig_vh_e.5_c.1_s923500475_K0_P4S2A0p3_src20523084.txt
20668897,Ev_zenotravel_zenotravel_mcts_orig_vh_c.1_s923500475_K0_P4ZENOS2P_src20630379_e0030,zenotravel,on,923500475,P4ZENOS2P,20630379,30,stage2_policy_curve,COMPLETED,0:0,00:12:18,20,20,20,0,0,,/home/hersco/training_new_domains/2026-08-28/preserve4_zenotravel_stage2_policy_eval/20668897_Ev_zenotravel_zenotravel_mcts_orig_vh_c.1_s923500475_K0_P4ZENOS2P_src20630379_e0030.txt,/home/hersco/training_new_domains/2026-08-27/preserve4_zenotravel_stage2_confirmation/20630379_Re-Tr_zenotravel_zenotravel_mcts_orig_vh_e.5_c.1_s923500475_K0_P4S2A0p3_src20523084.txt
20668898,Ev_zenotravel_zenotravel_mcts_orig_vh_c.1_s923500475_K0_P4ZENOS2P_src20630379_e0035,zenotravel,on,923500475,P4ZENOS2P,20630379,35,stage2_policy_curve,COMPLETED,0:0,00:13:38,20,20,20,0,0,,/home/hersco/training_new_domains/2026-08-28/preserve4_zenotravel_stage2_policy_eval/20668898_Ev_zenotravel_zenotravel_mcts_orig_vh_c.1_s923500475_K0_P4ZENOS2P_src20630379_e0035.txt,/home/hersco/training_new_domains/2026-08-27/preserve4_zenotravel_stage2_confirmation/20630379_Re-Tr_zenotravel_zenotravel_mcts_orig_vh_e.5_c.1_s923500475_K0_P4S2A0p3_src20523084.txt
20668899,Ev_zenotravel_zenotravel_mcts_orig_vh_c.1_s923500475_K0_P4ZENOS2P_src20630379_e0040,zenotravel,on,923500475,P4ZENOS2P,20630379,40,stage2_policy_curve,COMPLETED,0:0,00:12:48,20,20,20,0,0,,/home/hersco/training_new_domains/2026-08-28/preserve4_zenotravel_stage2_policy_eval/20668899_Ev_zenotravel_zenotravel_mcts_orig_vh_c.1_s923500475_K0_P4ZENOS2P_src20630379_e0040.txt,/home/hersco/training_new_domains/2026-08-27/preserve4_zenotravel_stage2_confirmation/20630379_Re-Tr_zenotravel_zenotravel_mcts_orig_vh_e.5_c.1_s923500475_K0_P4S2A0p3_src20523084.txt
20668900,Ev_zenotravel_zenotravel_mcts_orig_vh_c.1_s923500475_K0_P4ZENOS2P_src20630379_e0045,zenotravel,on,923500475,P4ZENOS2P,20630379,45,stage2_policy_curve,COMPLETED,0:0,00:14:10,20,20,20,0,0,,/home/hersco/training_new_domains/2026-08-28/preserve4_zenotravel_stage2_policy_eval/20668900_Ev_zenotravel_zenotravel_mcts_orig_vh_c.1_s923500475_K0_P4ZENOS2P_src20630379_e0045.txt,/home/hersco/training_new_domains/2026-08-27/preserve4_zenotravel_stage2_confirmation/20630379_Re-Tr_zenotravel_zenotravel_mcts_orig_vh_e.5_c.1_s923500475_K0_P4S2A0p3_src20523084.txt
20668901,Ev_zenotravel_zenotravel_mcts_orig_vh_c.1_s923500475_K0_P4ZENOS2P_src20630379_e0050,zenotravel,on,923500475,P4ZENOS2P,20630379,50,stage2_policy_curve,COMPLETED,0:0,00:11:38,20,20,20,0,0,,/home/hersco/training_new_domains/2026-08-28/preserve4_zenotravel_stage2_policy_eval/20668901_Ev_zenotravel_zenotravel_mcts_orig_vh_c.1_s923500475_K0_P4ZENOS2P_src20630379_e0050.txt,/home/hersco/training_new_domains/2026-08-27/preserve4_zenotravel_stage2_confirmation/20630379_Re-Tr_zenotravel_zenotravel_mcts_orig_vh_e.5_c.1_s923500475_K0_P4S2A0p3_src20523084.txt
20668907,Ev_zenotravel_zenotravel_mcts_orig_vh_c.1_s923500475_K0_P4ZENOS2P_src20630379_e0055,zenotravel,on,923500475,P4ZENOS2P,20630379,55,stage2_policy_curve,COMPLETED,0:0,00:15:18,20,20,20,0,0,,/home/hersco/training_new_domains/2026-08-28/preserve4_zenotravel_stage2_policy_eval/20668907_Ev_zenotravel_zenotravel_mcts_orig_vh_c.1_s923500475_K0_P4ZENOS2P_src20630379_e0055.txt,/home/hersco/training_new_domains/2026-08-27/preserve4_zenotravel_stage2_confirmation/20630379_Re-Tr_zenotravel_zenotravel_mcts_orig_vh_e.5_c.1_s923500475_K0_P4S2A0p3_src20523084.txt
20668908,Ev_zenotravel_zenotravel_mcts_orig_vh_c.1_s923500475_K0_P4ZENOS2P_src20630379_e0060,zenotravel,on,923500475,P4ZENOS2P,20630379,60,stage2_policy_curve,COMPLETED,0:0,00:56:45,19,20,19,0,0,,/home/hersco/training_new_domains/2026-08-28/preserve4_zenotravel_stage2_policy_eval/20668908_Ev_zenotravel_zenotravel_mcts_orig_vh_c.1_s923500475_K0_P4ZENOS2P_src20630379_e0060.txt,/home/hersco/training_new_domains/2026-08-27/preserve4_zenotravel_stage2_confirmation/20630379_Re-Tr_zenotravel_zenotravel_mcts_orig_vh_e.5_c.1_s923500475_K0_P4S2A0p3_src20523084.txt
20668909,Ev_zenotravel_zenotravel_mcts_orig_vh_c.1_s923500475_K0_P4ZENOS2P_src20630379_e0065,zenotravel,on,923500475,P4ZENOS2P,20630379,65,stage2_policy_curve,COMPLETED,0:0,00:12:52,20,20,20,0,0,,/home/hersco/training_new_domains/2026-08-28/preserve4_zenotravel_stage2_policy_eval/20668909_Ev_zenotravel_zenotravel_mcts_orig_vh_c.1_s923500475_K0_P4ZENOS2P_src20630379_e0065.txt,/home/hersco/training_new_domains/2026-08-27/preserve4_zenotravel_stage2_confirmation/20630379_Re-Tr_zenotravel_zenotravel_mcts_orig_vh_e.5_c.1_s923500475_K0_P4S2A0p3_src20523084.txt
20668910,Ev_zenotravel_zenotravel_mcts_orig_vh_c.1_s923500475_K0_P4ZENOS2P_src20630379_e0070,zenotravel,on,923500475,P4ZENOS2P,20630379,70,stage2_policy_curve,COMPLETED,0:0,00:12:15,20,20,20,0,0,,/home/hersco/training_new_domains/2026-08-28/preserve4_zenotravel_stage2_policy_eval/20668910_Ev_zenotravel_zenotravel_mcts_orig_vh_c.1_s923500475_K0_P4ZENOS2P_src20630379_e0070.txt,/home/hersco/training_new_domains/2026-08-27/preserve4_zenotravel_stage2_confirmation/20630379_Re-Tr_zenotravel_zenotravel_mcts_orig_vh_e.5_c.1_s923500475_K0_P4S2A0p3_src20523084.txt
20668911,Ev_zenotravel_zenotravel_mcts_orig_vh_c.1_s923500475_K0_P4ZENOS2P_src20630379_e0075,zenotravel,on,923500475,P4ZENOS2P,20630379,75,stage2_policy_curve,COMPLETED,0:0,00:11:39,20,20,20,0,0,,/home/hersco/training_new_domains/2026-08-28/preserve4_zenotravel_stage2_policy_eval/20668911_Ev_zenotravel_zenotravel_mcts_orig_vh_c.1_s923500475_K0_P4ZENOS2P_src20630379_e0075.txt,/home/hersco/training_new_domains/2026-08-27/preserve4_zenotravel_stage2_confirmation/20630379_Re-Tr_zenotravel_zenotravel_mcts_orig_vh_e.5_c.1_s923500475_K0_P4S2A0p3_src20523084.txt
20668912,Ev_zenotravel_zenotravel_mcts_orig_vh_c.1_s923500475_K0_P4ZENOS2P_src20630379_e0080,zenotravel,on,923500475,P4ZENOS2P,20630379,80,stage2_policy_curve,COMPLETED,0:0,00:10:22,20,20,20,0,0,,/home/hersco/training_new_domains/2026-08-28/preserve4_zenotravel_stage2_policy_eval/20668912_Ev_zenotravel_zenotravel_mcts_orig_vh_c.1_s923500475_K0_P4ZENOS2P_src20630379_e0080.txt,/home/hersco/training_new_domains/2026-08-27/preserve4_zenotravel_stage2_confirmation/20630379_Re-Tr_zenotravel_zenotravel_mcts_orig_vh_e.5_c.1_s923500475_K0_P4S2A0p3_src20523084.txt
20668913,Ev_zenotravel_zenotravel_mcts_orig_vh_c.1_s923500475_K0_P4ZENOS2P_src20630379_e0085,zenotravel,on,923500475,P4ZENOS2P,20630379,85,stage2_policy_curve,COMPLETED,0:0,00:12:31,20,20,20,0,0,,/home/hersco/training_new_domains/2026-08-28/preserve4_zenotravel_stage2_policy_eval/20668913_Ev_zenotravel_zenotravel_mcts_orig_vh_c.1_s923500475_K0_P4ZENOS2P_src20630379_e0085.txt,/home/hersco/training_new_domains/2026-08-27/preserve4_zenotravel_stage2_confirmation/20630379_Re-Tr_zenotravel_zenotravel_mcts_orig_vh_e.5_c.1_s923500475_K0_P4S2A0p3_src20523084.txt
20668914,Ev_zenotravel_zenotravel_mcts_orig_vh_c.1_s923500475_K0_P4ZENOS2P_src20630379_e0090,zenotravel,on,923500475,P4ZENOS2P,20630379,90,stage2_policy_curve,COMPLETED,0:0,00:12:29,20,20,20,0,0,,/home/hersco/training_new_domains/2026-08-28/preserve4_zenotravel_stage2_policy_eval/20668914_Ev_zenotravel_zenotravel_mcts_orig_vh_c.1_s923500475_K0_P4ZENOS2P_src20630379_e0090.txt,/home/hersco/training_new_domains/2026-08-27/preserve4_zenotravel_stage2_confirmation/20630379_Re-Tr_zenotravel_zenotravel_mcts_orig_vh_e.5_c.1_s923500475_K0_P4S2A0p3_src20523084.txt
20668915,Ev_zenotravel_zenotravel_mcts_orig_vh_c.1_s923500475_K0_P4ZENOS2P_src20630379_e0095,zenotravel,on,923500475,P4ZENOS2P,20630379,95,stage2_policy_curve,COMPLETED,0:0,00:12:55,20,20,20,0,0,,/home/hersco/training_new_domains/2026-08-28/preserve4_zenotravel_stage2_policy_eval/20668915_Ev_zenotravel_zenotravel_mcts_orig_vh_c.1_s923500475_K0_P4ZENOS2P_src20630379_e0095.txt,/home/hersco/training_new_domains/2026-08-27/preserve4_zenotravel_stage2_confirmation/20630379_Re-Tr_zenotravel_zenotravel_mcts_orig_vh_e.5_c.1_s923500475_K0_P4S2A0p3_src20523084.txt
20668916,Ev_zenotravel_zenotravel_mcts_orig_vh_c.1_s923500475_K0_P4ZENOS2P_src20630379_e0099,zenotravel,on,923500475,P4ZENOS2P,20630379,99,stage2_policy_curve;stage2_final_policy,COMPLETED,0:0,00:59:52,18,20,18,0,0,,/home/hersco/training_new_domains/2026-08-28/preserve4_zenotravel_stage2_policy_eval/20668916_Ev_zenotravel_zenotravel_mcts_orig_vh_c.1_s923500475_K0_P4ZENOS2P_src20630379_e0099.txt,/home/hersco/training_new_domains/2026-08-27/preserve4_zenotravel_stage2_confirmation/20630379_Re-Tr_zenotravel_zenotravel_mcts_orig_vh_e.5_c.1_s923500475_K0_P4S2A0p3_src20523084.txt
20668917,Ev_zenotravel_zenotravel_mcts_orig_vh_c.1_s1073581256_K0_P4ZENOS2P_src20630380_e0000,zenotravel,on,1073581256,P4ZENOS2P,20630380,0,stage2_policy_curve,COMPLETED,0:0,00:13:56,20,20,20,0,0,,/home/hersco/training_new_domains/2026-08-28/preserve4_zenotravel_stage2_policy_eval/20668917_Ev_zenotravel_zenotravel_mcts_orig_vh_c.1_s1073581256_K0_P4ZENOS2P_src20630380_e0000.txt,/home/hersco/training_new_domains/2026-08-27/preserve4_zenotravel_stage2_confirmation/20630380_Re-Tr_zenotravel_zenotravel_mcts_orig_vh_e.5_c.1_s1073581256_K0_P4S2A0p3_src20523072.txt
20668918,Ev_zenotravel_zenotravel_mcts_orig_vh_c.1_s1073581256_K0_P4ZENOS2P_src20630380_e0005,zenotravel,on,1073581256,P4ZENOS2P,20630380,5,stage2_policy_curve,COMPLETED,0:0,00:11:15,20,20,20,0,0,,/home/hersco/training_new_domains/2026-08-28/preserve4_zenotravel_stage2_policy_eval/20668918_Ev_zenotravel_zenotravel_mcts_orig_vh_c.1_s1073581256_K0_P4ZENOS2P_src20630380_e0005.txt,/home/hersco/training_new_domains/2026-08-27/preserve4_zenotravel_stage2_confirmation/20630380_Re-Tr_zenotravel_zenotravel_mcts_orig_vh_e.5_c.1_s1073581256_K0_P4S2A0p3_src20523072.txt
20668919,Ev_zenotravel_zenotravel_mcts_orig_vh_c.1_s1073581256_K0_P4ZENOS2P_src20630380_e0010,zenotravel,on,1073581256,P4ZENOS2P,20630380,10,stage2_policy_curve,COMPLETED,0:0,00:12:18,20,20,20,0,0,,/home/hersco/training_new_domains/2026-08-28/preserve4_zenotravel_stage2_policy_eval/20668919_Ev_zenotravel_zenotravel_mcts_orig_vh_c.1_s1073581256_K0_P4ZENOS2P_src20630380_e0010.txt,/home/hersco/training_new_domains/2026-08-27/preserve4_zenotravel_stage2_confirmation/20630380_Re-Tr_zenotravel_zenotravel_mcts_orig_vh_e.5_c.1_s1073581256_K0_P4S2A0p3_src20523072.txt
20668920,Ev_zenotravel_zenotravel_mcts_orig_vh_c.1_s1073581256_K0_P4ZENOS2P_src20630380_e0015,zenotravel,on,1073581256,P4ZENOS2P,20630380,15,stage2_policy_curve,COMPLETED,0:0,00:11:05,20,20,20,0,0,,/home/hersco/training_new_domains/2026-08-28/preserve4_zenotravel_stage2_policy_eval/20668920_Ev_zenotravel_zenotravel_mcts_orig_vh_c.1_s1073581256_K0_P4ZENOS2P_src20630380_e0015.txt,/home/hersco/training_new_domains/2026-08-27/preserve4_zenotravel_stage2_confirmation/20630380_Re-Tr_zenotravel_zenotravel_mcts_orig_vh_e.5_c.1_s1073581256_K0_P4S2A0p3_src20523072.txt
20668921,Ev_zenotravel_zenotravel_mcts_orig_vh_c.1_s1073581256_K0_P4ZENOS2P_src20630380_e0020,zenotravel,on,1073581256,P4ZENOS2P,20630380,20,stage2_policy_curve,COMPLETED,0:0,00:13:11,20,20,20,0,0,,/home/hersco/training_new_domains/2026-08-28/preserve4_zenotravel_stage2_policy_eval/20668921_Ev_zenotravel_zenotravel_mcts_orig_vh_c.1_s1073581256_K0_P4ZENOS2P_src20630380_e0020.txt,/home/hersco/training_new_domains/2026-08-27/preserve4_zenotravel_stage2_confirmation/20630380_Re-Tr_zenotravel_zenotravel_mcts_orig_vh_e.5_c.1_s1073581256_K0_P4S2A0p3_src20523072.txt
20668922,Ev_zenotravel_zenotravel_mcts_orig_vh_c.1_s1073581256_K0_P4ZENOS2P_src20630380_e0025,zenotravel,on,1073581256,P4ZENOS2P,20630380,25,stage2_policy_curve,COMPLETED,0:0,00:13:27,20,20,20,0,0,,/home/hersco/training_new_domains/2026-08-28/preserve4_zenotravel_stage2_policy_eval/20668922_Ev_zenotravel_zenotravel_mcts_orig_vh_c.1_s1073581256_K0_P4ZENOS2P_src20630380_e0025.txt,/home/hersco/training_new_domains/2026-08-27/preserve4_zenotravel_stage2_confirmation/20630380_Re-Tr_zenotravel_zenotravel_mcts_orig_vh_e.5_c.1_s1073581256_K0_P4S2A0p3_src20523072.txt
20668923,Ev_zenotravel_zenotravel_mcts_orig_vh_c.1_s1073581256_K0_P4ZENOS2P_src20630380_e0030,zenotravel,on,1073581256,P4ZENOS2P,20630380,30,stage2_policy_curve,COMPLETED,0:0,00:13:49,20,20,20,0,0,,/home/hersco/training_new_domains/2026-08-28/preserve4_zenotravel_stage2_policy_eval/20668923_Ev_zenotravel_zenotravel_mcts_orig_vh_c.1_s1073581256_K0_P4ZENOS2P_src20630380_e0030.txt,/home/hersco/training_new_domains/2026-08-27/preserve4_zenotravel_stage2_confirmation/20630380_Re-Tr_zenotravel_zenotravel_mcts_orig_vh_e.5_c.1_s1073581256_K0_P4S2A0p3_src20523072.txt
20668924,Ev_zenotravel_zenotravel_mcts_orig_vh_c.1_s1073581256_K0_P4ZENOS2P_src20630380_e0035,zenotravel,on,1073581256,P4ZENOS2P,20630380,35,stage2_policy_curve,COMPLETED,0:0,00:12:55,20,20,20,0,0,,/home/hersco/training_new_domains/2026-08-28/preserve4_zenotravel_stage2_policy_eval/20668924_Ev_zenotravel_zenotravel_mcts_orig_vh_c.1_s1073581256_K0_P4ZENOS2P_src20630380_e0035.txt,/home/hersco/training_new_domains/2026-08-27/preserve4_zenotravel_stage2_confirmation/20630380_Re-Tr_zenotravel_zenotravel_mcts_orig_vh_e.5_c.1_s1073581256_K0_P4S2A0p3_src20523072.txt
20668925,Ev_zenotravel_zenotravel_mcts_orig_vh_c.1_s1073581256_K0_P4ZENOS2P_src20630380_e0040,zenotravel,on,1073581256,P4ZENOS2P,20630380,40,stage2_policy_curve,COMPLETED,0:0,00:13:43,20,20,20,0,0,,/home/hersco/training_new_domains/2026-08-28/preserve4_zenotravel_stage2_policy_eval/20668925_Ev_zenotravel_zenotravel_mcts_orig_vh_c.1_s1073581256_K0_P4ZENOS2P_src20630380_e0040.txt,/home/hersco/training_new_domains/2026-08-27/preserve4_zenotravel_stage2_confirmation/20630380_Re-Tr_zenotravel_zenotravel_mcts_orig_vh_e.5_c.1_s1073581256_K0_P4S2A0p3_src20523072.txt
20668926,Ev_zenotravel_zenotravel_mcts_orig_vh_c.1_s1073581256_K0_P4ZENOS2P_src20630380_e0045,zenotravel,on,1073581256,P4ZENOS2P,20630380,45,stage2_policy_curve,COMPLETED,0:0,00:13:08,20,20,20,0,0,,/home/hersco/training_new_domains/2026-08-28/preserve4_zenotravel_stage2_policy_eval/20668926_Ev_zenotravel_zenotravel_mcts_orig_vh_c.1_s1073581256_K0_P4ZENOS2P_src20630380_e0045.txt,/home/hersco/training_new_domains/2026-08-27/preserve4_zenotravel_stage2_confirmation/20630380_Re-Tr_zenotravel_zenotravel_mcts_orig_vh_e.5_c.1_s1073581256_K0_P4S2A0p3_src20523072.txt
20668927,Ev_zenotravel_zenotravel_mcts_orig_vh_c.1_s1073581256_K0_P4ZENOS2P_src20630380_e0050,zenotravel,on,1073581256,P4ZENOS2P,20630380,50,stage2_policy_curve,COMPLETED,0:0,00:12:41,20,20,20,0,0,,/home/hersco/training_new_domains/2026-08-28/preserve4_zenotravel_stage2_policy_eval/20668927_Ev_zenotravel_zenotravel_mcts_orig_vh_c.1_s1073581256_K0_P4ZENOS2P_src20630380_e0050.txt,/home/hersco/training_new_domains/2026-08-27/preserve4_zenotravel_stage2_confirmation/20630380_Re-Tr_zenotravel_zenotravel_mcts_orig_vh_e.5_c.1_s1073581256_K0_P4S2A0p3_src20523072.txt
20668928,Ev_zenotravel_zenotravel_mcts_orig_vh_c.1_s1073581256_K0_P4ZENOS2P_src20630380_e0055,zenotravel,on,1073581256,P4ZENOS2P,20630380,55,stage2_policy_curve,COMPLETED,0:0,00:14:22,20,20,20,0,0,,/home/hersco/training_new_domains/2026-08-28/preserve4_zenotravel_stage2_policy_eval/20668928_Ev_zenotravel_zenotravel_mcts_orig_vh_c.1_s1073581256_K0_P4ZENOS2P_src20630380_e0055.txt,/home/hersco/training_new_domains/2026-08-27/preserve4_zenotravel_stage2_confirmation/20630380_Re-Tr_zenotravel_zenotravel_mcts_orig_vh_e.5_c.1_s1073581256_K0_P4S2A0p3_src20523072.txt
20668929,Ev_zenotravel_zenotravel_mcts_orig_vh_c.1_s1073581256_K0_P4ZENOS2P_src20630380_e0060,zenotravel,on,1073581256,P4ZENOS2P,20630380,60,stage2_policy_curve,COMPLETED,0:0,00:13:05,20,20,20,0,0,,/home/hersco/training_new_domains/2026-08-28/preserve4_zenotravel_stage2_policy_eval/20668929_Ev_zenotravel_zenotravel_mcts_orig_vh_c.1_s1073581256_K0_P4ZENOS2P_src20630380_e0060.txt,/home/hersco/training_new_domains/2026-08-27/preserve4_zenotravel_stage2_confirmation/20630380_Re-Tr_zenotravel_zenotravel_mcts_orig_vh_e.5_c.1_s1073581256_K0_P4S2A0p3_src20523072.txt
20668930,Ev_zenotravel_zenotravel_mcts_orig_vh_c.1_s1073581256_K0_P4ZENOS2P_src20630380_e0065,zenotravel,on,1073581256,P4ZENOS2P,20630380,65,stage2_policy_curve,COMPLETED,0:0,00:12:55,20,20,20,0,0,,/home/hersco/training_new_domains/2026-08-28/preserve4_zenotravel_stage2_policy_eval/20668930_Ev_zenotravel_zenotravel_mcts_orig_vh_c.1_s1073581256_K0_P4ZENOS2P_src20630380_e0065.txt,/home/hersco/training_new_domains/2026-08-27/preserve4_zenotravel_stage2_confirmation/20630380_Re-Tr_zenotravel_zenotravel_mcts_orig_vh_e.5_c.1_s1073581256_K0_P4S2A0p3_src20523072.txt
20668931,Ev_zenotravel_zenotravel_mcts_orig_vh_c.1_s1073581256_K0_P4ZENOS2P_src20630380_e0070,zenotravel,on,1073581256,P4ZENOS2P,20630380,70,stage2_policy_curve,COMPLETED,0:0,00:14:32,20,20,20,0,0,,/home/hersco/training_new_domains/2026-08-28/preserve4_zenotravel_stage2_policy_eval/20668931_Ev_zenotravel_zenotravel_mcts_orig_vh_c.1_s1073581256_K0_P4ZENOS2P_src20630380_e0070.txt,/home/hersco/training_new_domains/2026-08-27/preserve4_zenotravel_stage2_confirmation/20630380_Re-Tr_zenotravel_zenotravel_mcts_orig_vh_e.5_c.1_s1073581256_K0_P4S2A0p3_src20523072.txt
20668932,Ev_zenotravel_zenotravel_mcts_orig_vh_c.1_s1073581256_K0_P4ZENOS2P_src20630380_e0075,zenotravel,on,1073581256,P4ZENOS2P,20630380,75,stage2_policy_curve,COMPLETED,0:0,00:52:54,19,20,19,0,0,,/home/hersco/training_new_domains/2026-08-28/preserve4_zenotravel_stage2_policy_eval/20668932_Ev_zenotravel_zenotravel_mcts_orig_vh_c.1_s1073581256_K0_P4ZENOS2P_src20630380_e0075.txt,/home/hersco/training_new_domains/2026-08-27/preserve4_zenotravel_stage2_confirmation/20630380_Re-Tr_zenotravel_zenotravel_mcts_orig_vh_e.5_c.1_s1073581256_K0_P4S2A0p3_src20523072.txt
20668933,Ev_zenotravel_zenotravel_mcts_orig_vh_c.1_s1073581256_K0_P4ZENOS2P_src20630380_e0080,zenotravel,on,1073581256,P4ZENOS2P,20630380,80,stage2_policy_curve,COMPLETED,0:0,00:53:46,19,20,19,0,0,,/home/hersco/training_new_domains/2026-08-28/preserve4_zenotravel_stage2_policy_eval/20668933_Ev_zenotravel_zenotravel_mcts_orig_vh_c.1_s1073581256_K0_P4ZENOS2P_src20630380_e0080.txt,/home/hersco/training_new_domains/2026-08-27/preserve4_zenotravel_stage2_confirmation/20630380_Re-Tr_zenotravel_zenotravel_mcts_orig_vh_e.5_c.1_s1073581256_K0_P4S2A0p3_src20523072.txt
20668934,Ev_zenotravel_zenotravel_mcts_orig_vh_c.1_s1073581256_K0_P4ZENOS2P_src20630380_e0085,zenotravel,on,1073581256,P4ZENOS2P,20630380,85,stage2_policy_curve,COMPLETED,0:0,00:12:49,20,20,20,0,0,,/home/hersco/training_new_domains/2026-08-28/preserve4_zenotravel_stage2_policy_eval/20668934_Ev_zenotravel_zenotravel_mcts_orig_vh_c.1_s1073581256_K0_P4ZENOS2P_src20630380_e0085.txt,/home/hersco/training_new_domains/2026-08-27/preserve4_zenotravel_stage2_confirmation/20630380_Re-Tr_zenotravel_zenotravel_mcts_orig_vh_e.5_c.1_s1073581256_K0_P4S2A0p3_src20523072.txt
20668935,Ev_zenotravel_zenotravel_mcts_orig_vh_c.1_s1073581256_K0_P4ZENOS2P_src20630380_e0090,zenotravel,on,1073581256,P4ZENOS2P,20630380,90,stage2_policy_curve,COMPLETED,0:0,00:11:32,20,20,20,0,0,,/home/hersco/training_new_domains/2026-08-28/preserve4_zenotravel_stage2_policy_eval/20668935_Ev_zenotravel_zenotravel_mcts_orig_vh_c.1_s1073581256_K0_P4ZENOS2P_src20630380_e0090.txt,/home/hersco/training_new_domains/2026-08-27/preserve4_zenotravel_stage2_confirmation/20630380_Re-Tr_zenotravel_zenotravel_mcts_orig_vh_e.5_c.1_s1073581256_K0_P4S2A0p3_src20523072.txt
20668936,Ev_zenotravel_zenotravel_mcts_orig_vh_c.1_s1073581256_K0_P4ZENOS2P_src20630380_e0095,zenotravel,on,1073581256,P4ZENOS2P,20630380,95,stage2_policy_curve,COMPLETED,0:0,00:15:03,20,20,20,0,0,,/home/hersco/training_new_domains/2026-08-28/preserve4_zenotravel_stage2_policy_eval/20668936_Ev_zenotravel_zenotravel_mcts_orig_vh_c.1_s1073581256_K0_P4ZENOS2P_src20630380_e0095.txt,/home/hersco/training_new_domains/2026-08-27/preserve4_zenotravel_stage2_confirmation/20630380_Re-Tr_zenotravel_zenotravel_mcts_orig_vh_e.5_c.1_s1073581256_K0_P4S2A0p3_src20523072.txt
20668937,Ev_zenotravel_zenotravel_mcts_orig_vh_c.1_s1073581256_K0_P4ZENOS2P_src20630380_e0099,zenotravel,on,1073581256,P4ZENOS2P,20630380,99,stage2_policy_curve;stage2_final_policy,COMPLETED,0:0,00:11:22,20,20,20,0,0,,/home/hersco/training_new_domains/2026-08-28/preserve4_zenotravel_stage2_policy_eval/20668937_Ev_zenotravel_zenotravel_mcts_orig_vh_c.1_s1073581256_K0_P4ZENOS2P_src20630380_e0099.txt,/home/hersco/training_new_domains/2026-08-27/preserve4_zenotravel_stage2_confirmation/20630380_Re-Tr_zenotravel_zenotravel_mcts_orig_vh_e.5_c.1_s1073581256_K0_P4S2A0p3_src20523072.txt
20668938,Ev_zenotravel_zenotravel_mcts_orig_vh_c.1_s1239739722_K0_P4ZENOS2P_src20630381_e0000,zenotravel,on,1239739722,P4ZENOS2P,20630381,0,stage2_policy_curve,COMPLETED,0:0,00:12:45,20,20,20,0,0,,/home/hersco/training_new_domains/2026-08-28/preserve4_zenotravel_stage2_policy_eval/20668938_Ev_zenotravel_zenotravel_mcts_orig_vh_c.1_s1239739722_K0_P4ZENOS2P_src20630381_e0000.txt,/home/hersco/training_new_domains/2026-08-27/preserve4_zenotravel_stage2_confirmation/20630381_Re-Tr_zenotravel_zenotravel_mcts_orig_vh_e.5_c.1_s1239739722_K0_P4S2A0p3_src20523074.txt
20668939,Ev_zenotravel_zenotravel_mcts_orig_vh_c.1_s1239739722_K0_P4ZENOS2P_src20630381_e0005,zenotravel,on,1239739722,P4ZENOS2P,20630381,5,stage2_policy_curve,COMPLETED,0:0,00:12:37,20,20,20,0,0,,/home/hersco/training_new_domains/2026-08-28/preserve4_zenotravel_stage2_policy_eval/20668939_Ev_zenotravel_zenotravel_mcts_orig_vh_c.1_s1239739722_K0_P4ZENOS2P_src20630381_e0005.txt,/home/hersco/training_new_domains/2026-08-27/preserve4_zenotravel_stage2_confirmation/20630381_Re-Tr_zenotravel_zenotravel_mcts_orig_vh_e.5_c.1_s1239739722_K0_P4S2A0p3_src20523074.txt
20668940,Ev_zenotravel_zenotravel_mcts_orig_vh_c.1_s1239739722_K0_P4ZENOS2P_src20630381_e0010,zenotravel,on,1239739722,P4ZENOS2P,20630381,10,stage2_policy_curve,COMPLETED,0:0,00:56:00,19,20,19,0,0,,/home/hersco/training_new_domains/2026-08-28/preserve4_zenotravel_stage2_policy_eval/20668940_Ev_zenotravel_zenotravel_mcts_orig_vh_c.1_s1239739722_K0_P4ZENOS2P_src20630381_e0010.txt,/home/hersco/training_new_domains/2026-08-27/preserve4_zenotravel_stage2_confirmation/20630381_Re-Tr_zenotravel_zenotravel_mcts_orig_vh_e.5_c.1_s1239739722_K0_P4S2A0p3_src20523074.txt
20668941,Ev_zenotravel_zenotravel_mcts_orig_vh_c.1_s1239739722_K0_P4ZENOS2P_src20630381_e0015,zenotravel,on,1239739722,P4ZENOS2P,20630381,15,stage2_policy_curve,COMPLETED,0:0,00:59:07,19,20,19,0,0,,/home/hersco/training_new_domains/2026-08-28/preserve4_zenotravel_stage2_policy_eval/20668941_Ev_zenotravel_zenotravel_mcts_orig_vh_c.1_s1239739722_K0_P4ZENOS2P_src20630381_e0015.txt,/home/hersco/training_new_domains/2026-08-27/preserve4_zenotravel_stage2_confirmation/20630381_Re-Tr_zenotravel_zenotravel_mcts_orig_vh_e.5_c.1_s1239739722_K0_P4S2A0p3_src20523074.txt
20668942,Ev_zenotravel_zenotravel_mcts_orig_vh_c.1_s1239739722_K0_P4ZENOS2P_src20630381_e0020,zenotravel,on,1239739722,P4ZENOS2P,20630381,20,stage2_policy_curve,COMPLETED,0:0,00:55:11,19,20,19,0,0,,/home/hersco/training_new_domains/2026-08-28/preserve4_zenotravel_stage2_policy_eval/20668942_Ev_zenotravel_zenotravel_mcts_orig_vh_c.1_s1239739722_K0_P4ZENOS2P_src20630381_e0020.txt,/home/hersco/training_new_domains/2026-08-27/preserve4_zenotravel_stage2_confirmation/20630381_Re-Tr_zenotravel_zenotravel_mcts_orig_vh_e.5_c.1_s1239739722_K0_P4S2A0p3_src20523074.txt
20668943,Ev_zenotravel_zenotravel_mcts_orig_vh_c.1_s1239739722_K0_P4ZENOS2P_src20630381_e0025,zenotravel,on,1239739722,P4ZENOS2P,20630381,25,stage2_policy_curve,COMPLETED,0:0,00:12:28,20,20,20,0,0,,/home/hersco/training_new_domains/2026-08-28/preserve4_zenotravel_stage2_policy_eval/20668943_Ev_zenotravel_zenotravel_mcts_orig_vh_c.1_s1239739722_K0_P4ZENOS2P_src20630381_e0025.txt,/home/hersco/training_new_domains/2026-08-27/preserve4_zenotravel_stage2_confirmation/20630381_Re-Tr_zenotravel_zenotravel_mcts_orig_vh_e.5_c.1_s1239739722_K0_P4S2A0p3_src20523074.txt
20668944,Ev_zenotravel_zenotravel_mcts_orig_vh_c.1_s1239739722_K0_P4ZENOS2P_src20630381_e0030,zenotravel,on,1239739722,P4ZENOS2P,20630381,30,stage2_policy_curve,COMPLETED,0:0,00:13:20,20,20,20,0,0,,/home/hersco/training_new_domains/2026-08-28/preserve4_zenotravel_stage2_policy_eval/20668944_Ev_zenotravel_zenotravel_mcts_orig_vh_c.1_s1239739722_K0_P4ZENOS2P_src20630381_e0030.txt,/home/hersco/training_new_domains/2026-08-27/preserve4_zenotravel_stage2_confirmation/20630381_Re-Tr_zenotravel_zenotravel_mcts_orig_vh_e.5_c.1_s1239739722_K0_P4S2A0p3_src20523074.txt
20668945,Ev_zenotravel_zenotravel_mcts_orig_vh_c.1_s1239739722_K0_P4ZENOS2P_src20630381_e0035,zenotravel,on,1239739722,P4ZENOS2P,20630381,35,stage2_policy_curve,COMPLETED,0:0,00:11:22,20,20,20,0,0,,/home/hersco/training_new_domains/2026-08-28/preserve4_zenotravel_stage2_policy_eval/20668945_Ev_zenotravel_zenotravel_mcts_orig_vh_c.1_s1239739722_K0_P4ZENOS2P_src20630381_e0035.txt,/home/hersco/training_new_domains/2026-08-27/preserve4_zenotravel_stage2_confirmation/20630381_Re-Tr_zenotravel_zenotravel_mcts_orig_vh_e.5_c.1_s1239739722_K0_P4S2A0p3_src20523074.txt
20668946,Ev_zenotravel_zenotravel_mcts_orig_vh_c.1_s1239739722_K0_P4ZENOS2P_src20630381_e0040,zenotravel,on,1239739722,P4ZENOS2P,20630381,40,stage2_policy_curve,COMPLETED,0:0,00:11:57,20,20,20,0,0,,/home/hersco/training_new_domains/2026-08-28/preserve4_zenotravel_stage2_policy_eval/20668946_Ev_zenotravel_zenotravel_mcts_orig_vh_c.1_s1239739722_K0_P4ZENOS2P_src20630381_e0040.txt,/home/hersco/training_new_domains/2026-08-27/preserve4_zenotravel_stage2_confirmation/20630381_Re-Tr_zenotravel_zenotravel_mcts_orig_vh_e.5_c.1_s1239739722_K0_P4S2A0p3_src20523074.txt
20668947,Ev_zenotravel_zenotravel_mcts_orig_vh_c.1_s1239739722_K0_P4ZENOS2P_src20630381_e0045,zenotravel,on,1239739722,P4ZENOS2P,20630381,45,stage2_policy_curve,COMPLETED,0:0,00:12:53,20,20,20,0,0,,/home/hersco/training_new_domains/2026-08-28/preserve4_zenotravel_stage2_policy_eval/20668947_Ev_zenotravel_zenotravel_mcts_orig_vh_c.1_s1239739722_K0_P4ZENOS2P_src20630381_e0045.txt,/home/hersco/training_new_domains/2026-08-27/preserve4_zenotravel_stage2_confirmation/20630381_Re-Tr_zenotravel_zenotravel_mcts_orig_vh_e.5_c.1_s1239739722_K0_P4S2A0p3_src20523074.txt
20668948,Ev_zenotravel_zenotravel_mcts_orig_vh_c.1_s1239739722_K0_P4ZENOS2P_src20630381_e0050,zenotravel,on,1239739722,P4ZENOS2P,20630381,50,stage2_policy_curve,COMPLETED,0:0,00:54:44,19,20,19,0,0,,/home/hersco/training_new_domains/2026-08-28/preserve4_zenotravel_stage2_policy_eval/20668948_Ev_zenotravel_zenotravel_mcts_orig_vh_c.1_s1239739722_K0_P4ZENOS2P_src20630381_e0050.txt,/home/hersco/training_new_domains/2026-08-27/preserve4_zenotravel_stage2_confirmation/20630381_Re-Tr_zenotravel_zenotravel_mcts_orig_vh_e.5_c.1_s1239739722_K0_P4S2A0p3_src20523074.txt
20668949,Ev_zenotravel_zenotravel_mcts_orig_vh_c.1_s1239739722_K0_P4ZENOS2P_src20630381_e0055,zenotravel,on,1239739722,P4ZENOS2P,20630381,55,stage2_policy_curve,COMPLETED,0:0,00:55:35,19,20,19,0,0,,/home/hersco/training_new_domains/2026-08-28/preserve4_zenotravel_stage2_policy_eval/20668949_Ev_zenotravel_zenotravel_mcts_orig_vh_c.1_s1239739722_K0_P4ZENOS2P_src20630381_e0055.txt,/home/hersco/training_new_domains/2026-08-27/preserve4_zenotravel_stage2_confirmation/20630381_Re-Tr_zenotravel_zenotravel_mcts_orig_vh_e.5_c.1_s1239739722_K0_P4S2A0p3_src20523074.txt
20668950,Ev_zenotravel_zenotravel_mcts_orig_vh_c.1_s1239739722_K0_P4ZENOS2P_src20630381_e0060,zenotravel,on,1239739722,P4ZENOS2P,20630381,60,stage2_policy_curve,COMPLETED,0:0,01:12:56,19,20,19,0,0,,/home/hersco/training_new_domains/2026-08-28/preserve4_zenotravel_stage2_policy_eval/20668950_Ev_zenotravel_zenotravel_mcts_orig_vh_c.1_s1239739722_K0_P4ZENOS2P_src20630381_e0060.txt,/home/hersco/training_new_domains/2026-08-27/preserve4_zenotravel_stage2_confirmation/20630381_Re-Tr_zenotravel_zenotravel_mcts_orig_vh_e.5_c.1_s1239739722_K0_P4S2A0p3_src20523074.txt
20668951,Ev_zenotravel_zenotravel_mcts_orig_vh_c.1_s1239739722_K0_P4ZENOS2P_src20630381_e0065,zenotravel,on,1239739722,P4ZENOS2P,20630381,65,stage2_policy_curve,COMPLETED,0:0,00:12:31,20,20,20,0,0,,/home/hersco/training_new_domains/2026-08-28/preserve4_zenotravel_stage2_policy_eval/20668951_Ev_zenotravel_zenotravel_mcts_orig_vh_c.1_s1239739722_K0_P4ZENOS2P_src20630381_e0065.txt,/home/hersco/training_new_domains/2026-08-27/preserve4_zenotravel_stage2_confirmation/20630381_Re-Tr_zenotravel_zenotravel_mcts_orig_vh_e.5_c.1_s1239739722_K0_P4S2A0p3_src20523074.txt
20668952,Ev_zenotravel_zenotravel_mcts_orig_vh_c.1_s1239739722_K0_P4ZENOS2P_src20630381_e0070,zenotravel,on,1239739722,P4ZENOS2P,20630381,70,stage2_policy_curve,COMPLETED,0:0,01:04:21,19,20,19,0,0,,/home/hersco/training_new_domains/2026-08-28/preserve4_zenotravel_stage2_policy_eval/20668952_Ev_zenotravel_zenotravel_mcts_orig_vh_c.1_s1239739722_K0_P4ZENOS2P_src20630381_e0070.txt,/home/hersco/training_new_domains/2026-08-27/preserve4_zenotravel_stage2_confirmation/20630381_Re-Tr_zenotravel_zenotravel_mcts_orig_vh_e.5_c.1_s1239739722_K0_P4S2A0p3_src20523074.txt
20668953,Ev_zenotravel_zenotravel_mcts_orig_vh_c.1_s1239739722_K0_P4ZENOS2P_src20630381_e0075,zenotravel,on,1239739722,P4ZENOS2P,20630381,75,stage2_policy_curve,COMPLETED,0:0,00:11:13,20,20,20,0,0,,/home/hersco/training_new_domains/2026-08-28/preserve4_zenotravel_stage2_policy_eval/20668953_Ev_zenotravel_zenotravel_mcts_orig_vh_c.1_s1239739722_K0_P4ZENOS2P_src20630381_e0075.txt,/home/hersco/training_new_domains/2026-08-27/preserve4_zenotravel_stage2_confirmation/20630381_Re-Tr_zenotravel_zenotravel_mcts_orig_vh_e.5_c.1_s1239739722_K0_P4S2A0p3_src20523074.txt
20668954,Ev_zenotravel_zenotravel_mcts_orig_vh_c.1_s1239739722_K0_P4ZENOS2P_src20630381_e0080,zenotravel,on,1239739722,P4ZENOS2P,20630381,80,stage2_policy_curve,COMPLETED,0:0,00:14:56,20,20,20,0,0,,/home/hersco/training_new_domains/2026-08-28/preserve4_zenotravel_stage2_policy_eval/20668954_Ev_zenotravel_zenotravel_mcts_orig_vh_c.1_s1239739722_K0_P4ZENOS2P_src20630381_e0080.txt,/home/hersco/training_new_domains/2026-08-27/preserve4_zenotravel_stage2_confirmation/20630381_Re-Tr_zenotravel_zenotravel_mcts_orig_vh_e.5_c.1_s1239739722_K0_P4S2A0p3_src20523074.txt
20668955,Ev_zenotravel_zenotravel_mcts_orig_vh_c.1_s1239739722_K0_P4ZENOS2P_src20630381_e0085,zenotravel,on,1239739722,P4ZENOS2P,20630381,85,stage2_policy_curve,COMPLETED,0:0,01:14:00,19,20,19,0,0,,/home/hersco/training_new_domains/2026-08-28/preserve4_zenotravel_stage2_policy_eval/20668955_Ev_zenotravel_zenotravel_mcts_orig_vh_c.1_s1239739722_K0_P4ZENOS2P_src20630381_e0085.txt,/home/hersco/training_new_domains/2026-08-27/preserve4_zenotravel_stage2_confirmation/20630381_Re-Tr_zenotravel_zenotravel_mcts_orig_vh_e.5_c.1_s1239739722_K0_P4S2A0p3_src20523074.txt
20668956,Ev_zenotravel_zenotravel_mcts_orig_vh_c.1_s1239739722_K0_P4ZENOS2P_src20630381_e0090,zenotravel,on,1239739722,P4ZENOS2P,20630381,90,stage2_policy_curve,COMPLETED,0:0,01:04:23,18,20,18,0,0,,/home/hersco/training_new_domains/2026-08-28/preserve4_zenotravel_stage2_policy_eval/20668956_Ev_zenotravel_zenotravel_mcts_orig_vh_c.1_s1239739722_K0_P4ZENOS2P_src20630381_e0090.txt,/home/hersco/training_new_domains/2026-08-27/preserve4_zenotravel_stage2_confirmation/20630381_Re-Tr_zenotravel_zenotravel_mcts_orig_vh_e.5_c.1_s1239739722_K0_P4S2A0p3_src20523074.txt
20668957,Ev_zenotravel_zenotravel_mcts_orig_vh_c.1_s1239739722_K0_P4ZENOS2P_src20630381_e0095,zenotravel,on,1239739722,P4ZENOS2P,20630381,95,stage2_policy_curve,COMPLETED,0:0,00:41:08,18,20,18,0,0,,/home/hersco/training_new_domains/2026-08-28/preserve4_zenotravel_stage2_policy_eval/20668957_Ev_zenotravel_zenotravel_mcts_orig_vh_c.1_s1239739722_K0_P4ZENOS2P_src20630381_e0095.txt,/home/hersco/training_new_domains/2026-08-27/preserve4_zenotravel_stage2_confirmation/20630381_Re-Tr_zenotravel_zenotravel_mcts_orig_vh_e.5_c.1_s1239739722_K0_P4S2A0p3_src20523074.txt
20668958,Ev_zenotravel_zenotravel_mcts_orig_vh_c.1_s1239739722_K0_P4ZENOS2P_src20630381_e0099,zenotravel,on,1239739722,P4ZENOS2P,20630381,99,stage2_policy_curve;stage2_final_policy,COMPLETED,0:0,01:07:29,17,20,17,0,0,,/home/hersco/training_new_domains/2026-08-28/preserve4_zenotravel_stage2_policy_eval/20668958_Ev_zenotravel_zenotravel_mcts_orig_vh_c.1_s1239739722_K0_P4ZENOS2P_src20630381_e0099.txt,/home/hersco/training_new_domains/2026-08-27/preserve4_zenotravel_stage2_confirmation/20630381_Re-Tr_zenotravel_zenotravel_mcts_orig_vh_e.5_c.1_s1239739722_K0_P4S2A0p3_src20523074.txt
20668959,Ev_zenotravel_zenotravel_mcts_orig_vh_c.1_s1472491096_K0_P4ZENOS2P_src20630382_e0000,zenotravel,on,1472491096,P4ZENOS2P,20630382,0,stage2_policy_curve,COMPLETED,0:0,00:13:04,20,20,20,0,0,,/home/hersco/training_new_domains/2026-08-28/preserve4_zenotravel_stage2_policy_eval/20668959_Ev_zenotravel_zenotravel_mcts_orig_vh_c.1_s1472491096_K0_P4ZENOS2P_src20630382_e0000.txt,/home/hersco/training_new_domains/2026-08-27/preserve4_zenotravel_stage2_confirmation/20630382_Re-Tr_zenotravel_zenotravel_mcts_orig_vh_e.5_c.1_s1472491096_K0_P4S2A0p3_src20523077.txt
20668960,Ev_zenotravel_zenotravel_mcts_orig_vh_c.1_s1472491096_K0_P4ZENOS2P_src20630382_e0005,zenotravel,on,1472491096,P4ZENOS2P,20630382,5,stage2_policy_curve,COMPLETED,0:0,00:12:20,20,20,20,0,0,,/home/hersco/training_new_domains/2026-08-28/preserve4_zenotravel_stage2_policy_eval/20668960_Ev_zenotravel_zenotravel_mcts_orig_vh_c.1_s1472491096_K0_P4ZENOS2P_src20630382_e0005.txt,/home/hersco/training_new_domains/2026-08-27/preserve4_zenotravel_stage2_confirmation/20630382_Re-Tr_zenotravel_zenotravel_mcts_orig_vh_e.5_c.1_s1472491096_K0_P4S2A0p3_src20523077.txt
20668961,Ev_zenotravel_zenotravel_mcts_orig_vh_c.1_s1472491096_K0_P4ZENOS2P_src20630382_e0010,zenotravel,on,1472491096,P4ZENOS2P,20630382,10,stage2_policy_curve,COMPLETED,0:0,00:15:02,20,20,20,0,0,,/home/hersco/training_new_domains/2026-08-28/preserve4_zenotravel_stage2_policy_eval/20668961_Ev_zenotravel_zenotravel_mcts_orig_vh_c.1_s1472491096_K0_P4ZENOS2P_src20630382_e0010.txt,/home/hersco/training_new_domains/2026-08-27/preserve4_zenotravel_stage2_confirmation/20630382_Re-Tr_zenotravel_zenotravel_mcts_orig_vh_e.5_c.1_s1472491096_K0_P4S2A0p3_src20523077.txt
20668962,Ev_zenotravel_zenotravel_mcts_orig_vh_c.1_s1472491096_K0_P4ZENOS2P_src20630382_e0015,zenotravel,on,1472491096,P4ZENOS2P,20630382,15,stage2_policy_curve,COMPLETED,0:0,00:12:39,20,20,20,0,0,,/home/hersco/training_new_domains/2026-08-28/preserve4_zenotravel_stage2_policy_eval/20668962_Ev_zenotravel_zenotravel_mcts_orig_vh_c.1_s1472491096_K0_P4ZENOS2P_src20630382_e0015.txt,/home/hersco/training_new_domains/2026-08-27/preserve4_zenotravel_stage2_confirmation/20630382_Re-Tr_zenotravel_zenotravel_mcts_orig_vh_e.5_c.1_s1472491096_K0_P4S2A0p3_src20523077.txt
20668963,Ev_zenotravel_zenotravel_mcts_orig_vh_c.1_s1472491096_K0_P4ZENOS2P_src20630382_e0020,zenotravel,on,1472491096,P4ZENOS2P,20630382,20,stage2_policy_curve,COMPLETED,0:0,00:12:38,20,20,20,0,0,,/home/hersco/training_new_domains/2026-08-28/preserve4_zenotravel_stage2_policy_eval/20668963_Ev_zenotravel_zenotravel_mcts_orig_vh_c.1_s1472491096_K0_P4ZENOS2P_src20630382_e0020.txt,/home/hersco/training_new_domains/2026-08-27/preserve4_zenotravel_stage2_confirmation/20630382_Re-Tr_zenotravel_zenotravel_mcts_orig_vh_e.5_c.1_s1472491096_K0_P4S2A0p3_src20523077.txt
20668965,Ev_zenotravel_zenotravel_mcts_orig_vh_c.1_s1472491096_K0_P4ZENOS2P_src20630382_e0025,zenotravel,on,1472491096,P4ZENOS2P,20630382,25,stage2_policy_curve,COMPLETED,0:0,00:11:57,20,20,20,0,0,,/home/hersco/training_new_domains/2026-08-28/preserve4_zenotravel_stage2_policy_eval/20668965_Ev_zenotravel_zenotravel_mcts_orig_vh_c.1_s1472491096_K0_P4ZENOS2P_src20630382_e0025.txt,/home/hersco/training_new_domains/2026-08-27/preserve4_zenotravel_stage2_confirmation/20630382_Re-Tr_zenotravel_zenotravel_mcts_orig_vh_e.5_c.1_s1472491096_K0_P4S2A0p3_src20523077.txt
20668966,Ev_zenotravel_zenotravel_mcts_orig_vh_c.1_s1472491096_K0_P4ZENOS2P_src20630382_e0030,zenotravel,on,1472491096,P4ZENOS2P,20630382,30,stage2_policy_curve,COMPLETED,0:0,00:54:59,19,20,19,0,0,,/home/hersco/training_new_domains/2026-08-28/preserve4_zenotravel_stage2_policy_eval/20668966_Ev_zenotravel_zenotravel_mcts_orig_vh_c.1_s1472491096_K0_P4ZENOS2P_src20630382_e0030.txt,/home/hersco/training_new_domains/2026-08-27/preserve4_zenotravel_stage2_confirmation/20630382_Re-Tr_zenotravel_zenotravel_mcts_orig_vh_e.5_c.1_s1472491096_K0_P4S2A0p3_src20523077.txt
20668967,Ev_zenotravel_zenotravel_mcts_orig_vh_c.1_s1472491096_K0_P4ZENOS2P_src20630382_e0035,zenotravel,on,1472491096,P4ZENOS2P,20630382,35,stage2_policy_curve,COMPLETED,0:0,00:12:03,20,20,20,0,0,,/home/hersco/training_new_domains/2026-08-28/preserve4_zenotravel_stage2_policy_eval/20668967_Ev_zenotravel_zenotravel_mcts_orig_vh_c.1_s1472491096_K0_P4ZENOS2P_src20630382_e0035.txt,/home/hersco/training_new_domains/2026-08-27/preserve4_zenotravel_stage2_confirmation/20630382_Re-Tr_zenotravel_zenotravel_mcts_orig_vh_e.5_c.1_s1472491096_K0_P4S2A0p3_src20523077.txt
20668968,Ev_zenotravel_zenotravel_mcts_orig_vh_c.1_s1472491096_K0_P4ZENOS2P_src20630382_e0040,zenotravel,on,1472491096,P4ZENOS2P,20630382,40,stage2_policy_curve,COMPLETED,0:0,00:12:30,20,20,20,0,0,,/home/hersco/training_new_domains/2026-08-28/preserve4_zenotravel_stage2_policy_eval/20668968_Ev_zenotravel_zenotravel_mcts_orig_vh_c.1_s1472491096_K0_P4ZENOS2P_src20630382_e0040.txt,/home/hersco/training_new_domains/2026-08-27/preserve4_zenotravel_stage2_confirmation/20630382_Re-Tr_zenotravel_zenotravel_mcts_orig_vh_e.5_c.1_s1472491096_K0_P4S2A0p3_src20523077.txt
20668969,Ev_zenotravel_zenotravel_mcts_orig_vh_c.1_s1472491096_K0_P4ZENOS2P_src20630382_e0045,zenotravel,on,1472491096,P4ZENOS2P,20630382,45,stage2_policy_curve,COMPLETED,0:0,00:12:09,20,20,20,0,0,,/home/hersco/training_new_domains/2026-08-28/preserve4_zenotravel_stage2_policy_eval/20668969_Ev_zenotravel_zenotravel_mcts_orig_vh_c.1_s1472491096_K0_P4ZENOS2P_src20630382_e0045.txt,/home/hersco/training_new_domains/2026-08-27/preserve4_zenotravel_stage2_confirmation/20630382_Re-Tr_zenotravel_zenotravel_mcts_orig_vh_e.5_c.1_s1472491096_K0_P4S2A0p3_src20523077.txt
20668970,Ev_zenotravel_zenotravel_mcts_orig_vh_c.1_s1472491096_K0_P4ZENOS2P_src20630382_e0050,zenotravel,on,1472491096,P4ZENOS2P,20630382,50,stage2_policy_curve,COMPLETED,0:0,00:11:23,20,20,20,0,0,,/home/hersco/training_new_domains/2026-08-28/preserve4_zenotravel_stage2_policy_eval/20668970_Ev_zenotravel_zenotravel_mcts_orig_vh_c.1_s1472491096_K0_P4ZENOS2P_src20630382_e0050.txt,/home/hersco/training_new_domains/2026-08-27/preserve4_zenotravel_stage2_confirmation/20630382_Re-Tr_zenotravel_zenotravel_mcts_orig_vh_e.5_c.1_s1472491096_K0_P4S2A0p3_src20523077.txt
20668971,Ev_zenotravel_zenotravel_mcts_orig_vh_c.1_s1472491096_K0_P4ZENOS2P_src20630382_e0055,zenotravel,on,1472491096,P4ZENOS2P,20630382,55,stage2_policy_curve,COMPLETED,0:0,01:16:33,19,20,19,0,0,,/home/hersco/training_new_domains/2026-08-28/preserve4_zenotravel_stage2_policy_eval/20668971_Ev_zenotravel_zenotravel_mcts_orig_vh_c.1_s1472491096_K0_P4ZENOS2P_src20630382_e0055.txt,/home/hersco/training_new_domains/2026-08-27/preserve4_zenotravel_stage2_confirmation/20630382_Re-Tr_zenotravel_zenotravel_mcts_orig_vh_e.5_c.1_s1472491096_K0_P4S2A0p3_src20523077.txt
20668972,Ev_zenotravel_zenotravel_mcts_orig_vh_c.1_s1472491096_K0_P4ZENOS2P_src20630382_e0060,zenotravel,on,1472491096,P4ZENOS2P,20630382,60,stage2_policy_curve,COMPLETED,0:0,00:12:41,20,20,20,0,0,,/home/hersco/training_new_domains/2026-08-28/preserve4_zenotravel_stage2_policy_eval/20668972_Ev_zenotravel_zenotravel_mcts_orig_vh_c.1_s1472491096_K0_P4ZENOS2P_src20630382_e0060.txt,/home/hersco/training_new_domains/2026-08-27/preserve4_zenotravel_stage2_confirmation/20630382_Re-Tr_zenotravel_zenotravel_mcts_orig_vh_e.5_c.1_s1472491096_K0_P4S2A0p3_src20523077.txt
20668973,Ev_zenotravel_zenotravel_mcts_orig_vh_c.1_s1472491096_K0_P4ZENOS2P_src20630382_e0065,zenotravel,on,1472491096,P4ZENOS2P,20630382,65,stage2_policy_curve,COMPLETED,0:0,00:12:04,20,20,20,0,0,,/home/hersco/training_new_domains/2026-08-28/preserve4_zenotravel_stage2_policy_eval/20668973_Ev_zenotravel_zenotravel_mcts_orig_vh_c.1_s1472491096_K0_P4ZENOS2P_src20630382_e0065.txt,/home/hersco/training_new_domains/2026-08-27/preserve4_zenotravel_stage2_confirmation/20630382_Re-Tr_zenotravel_zenotravel_mcts_orig_vh_e.5_c.1_s1472491096_K0_P4S2A0p3_src20523077.txt
20668974,Ev_zenotravel_zenotravel_mcts_orig_vh_c.1_s1472491096_K0_P4ZENOS2P_src20630382_e0070,zenotravel,on,1472491096,P4ZENOS2P,20630382,70,stage2_policy_curve,COMPLETED,0:0,00:56:56,19,20,19,0,0,,/home/hersco/training_new_domains/2026-08-28/preserve4_zenotravel_stage2_policy_eval/20668974_Ev_zenotravel_zenotravel_mcts_orig_vh_c.1_s1472491096_K0_P4ZENOS2P_src20630382_e0070.txt,/home/hersco/training_new_domains/2026-08-27/preserve4_zenotravel_stage2_confirmation/20630382_Re-Tr_zenotravel_zenotravel_mcts_orig_vh_e.5_c.1_s1472491096_K0_P4S2A0p3_src20523077.txt
20668975,Ev_zenotravel_zenotravel_mcts_orig_vh_c.1_s1472491096_K0_P4ZENOS2P_src20630382_e0075,zenotravel,on,1472491096,P4ZENOS2P,20630382,75,stage2_policy_curve,COMPLETED,0:0,00:49:10,19,20,19,0,0,,/home/hersco/training_new_domains/2026-08-28/preserve4_zenotravel_stage2_policy_eval/20668975_Ev_zenotravel_zenotravel_mcts_orig_vh_c.1_s1472491096_K0_P4ZENOS2P_src20630382_e0075.txt,/home/hersco/training_new_domains/2026-08-27/preserve4_zenotravel_stage2_confirmation/20630382_Re-Tr_zenotravel_zenotravel_mcts_orig_vh_e.5_c.1_s1472491096_K0_P4S2A0p3_src20523077.txt
20668976,Ev_zenotravel_zenotravel_mcts_orig_vh_c.1_s1472491096_K0_P4ZENOS2P_src20630382_e0080,zenotravel,on,1472491096,P4ZENOS2P,20630382,80,stage2_policy_curve,COMPLETED,0:0,00:12:03,20,20,20,0,0,,/home/hersco/training_new_domains/2026-08-28/preserve4_zenotravel_stage2_policy_eval/20668976_Ev_zenotravel_zenotravel_mcts_orig_vh_c.1_s1472491096_K0_P4ZENOS2P_src20630382_e0080.txt,/home/hersco/training_new_domains/2026-08-27/preserve4_zenotravel_stage2_confirmation/20630382_Re-Tr_zenotravel_zenotravel_mcts_orig_vh_e.5_c.1_s1472491096_K0_P4S2A0p3_src20523077.txt
20668977,Ev_zenotravel_zenotravel_mcts_orig_vh_c.1_s1472491096_K0_P4ZENOS2P_src20630382_e0085,zenotravel,on,1472491096,P4ZENOS2P,20630382,85,stage2_policy_curve,COMPLETED,0:0,00:13:02,20,20,20,0,0,,/home/hersco/training_new_domains/2026-08-28/preserve4_zenotravel_stage2_policy_eval/20668977_Ev_zenotravel_zenotravel_mcts_orig_vh_c.1_s1472491096_K0_P4ZENOS2P_src20630382_e0085.txt,/home/hersco/training_new_domains/2026-08-27/preserve4_zenotravel_stage2_confirmation/20630382_Re-Tr_zenotravel_zenotravel_mcts_orig_vh_e.5_c.1_s1472491096_K0_P4S2A0p3_src20523077.txt
20668978,Ev_zenotravel_zenotravel_mcts_orig_vh_c.1_s1472491096_K0_P4ZENOS2P_src20630382_e0090,zenotravel,on,1472491096,P4ZENOS2P,20630382,90,stage2_policy_curve,COMPLETED,0:0,00:12:15,20,20,20,0,0,,/home/hersco/training_new_domains/2026-08-28/preserve4_zenotravel_stage2_policy_eval/20668978_Ev_zenotravel_zenotravel_mcts_orig_vh_c.1_s1472491096_K0_P4ZENOS2P_src20630382_e0090.txt,/home/hersco/training_new_domains/2026-08-27/preserve4_zenotravel_stage2_confirmation/20630382_Re-Tr_zenotravel_zenotravel_mcts_orig_vh_e.5_c.1_s1472491096_K0_P4S2A0p3_src20523077.txt
20668979,Ev_zenotravel_zenotravel_mcts_orig_vh_c.1_s1472491096_K0_P4ZENOS2P_src20630382_e0095,zenotravel,on,1472491096,P4ZENOS2P,20630382,95,stage2_policy_curve,COMPLETED,0:0,00:50:57,19,20,19,0,0,,/home/hersco/training_new_domains/2026-08-28/preserve4_zenotravel_stage2_policy_eval/20668979_Ev_zenotravel_zenotravel_mcts_orig_vh_c.1_s1472491096_K0_P4ZENOS2P_src20630382_e0095.txt,/home/hersco/training_new_domains/2026-08-27/preserve4_zenotravel_stage2_confirmation/20630382_Re-Tr_zenotravel_zenotravel_mcts_orig_vh_e.5_c.1_s1472491096_K0_P4S2A0p3_src20523077.txt
20668980,Ev_zenotravel_zenotravel_mcts_orig_vh_c.1_s1472491096_K0_P4ZENOS2P_src20630382_e0099,zenotravel,on,1472491096,P4ZENOS2P,20630382,99,stage2_policy_curve;stage2_final_policy,COMPLETED,0:0,00:46:56,19,20,19,0,0,,/home/hersco/training_new_domains/2026-08-28/preserve4_zenotravel_stage2_policy_eval/20668980_Ev_zenotravel_zenotravel_mcts_orig_vh_c.1_s1472491096_K0_P4ZENOS2P_src20630382_e0099.txt,/home/hersco/training_new_domains/2026-08-27/preserve4_zenotravel_stage2_confirmation/20630382_Re-Tr_zenotravel_zenotravel_mcts_orig_vh_e.5_c.1_s1472491096_K0_P4S2A0p3_src20523077.txt
20668981,Ev_zenotravel_zenotravel_mcts_orig_vh_c.1_s1510771779_K0_P4ZENOS2P_src20630383_e0000,zenotravel,on,1510771779,P4ZENOS2P,20630383,0,stage2_policy_curve,COMPLETED,0:0,00:16:07,20,20,20,0,0,,/home/hersco/training_new_domains/2026-08-28/preserve4_zenotravel_stage2_policy_eval/20668981_Ev_zenotravel_zenotravel_mcts_orig_vh_c.1_s1510771779_K0_P4ZENOS2P_src20630383_e0000.txt,/home/hersco/training_new_domains/2026-08-27/preserve4_zenotravel_stage2_confirmation/20630383_Re-Tr_zenotravel_zenotravel_mcts_orig_vh_e.5_c.1_s1510771779_K0_P4S2A0p3_src20523083.txt
20668983,Ev_zenotravel_zenotravel_mcts_orig_vh_c.1_s1510771779_K0_P4ZENOS2P_src20630383_e0005,zenotravel,on,1510771779,P4ZENOS2P,20630383,5,stage2_policy_curve,COMPLETED,0:0,00:13:20,20,20,20,0,0,,/home/hersco/training_new_domains/2026-08-28/preserve4_zenotravel_stage2_policy_eval/20668983_Ev_zenotravel_zenotravel_mcts_orig_vh_c.1_s1510771779_K0_P4ZENOS2P_src20630383_e0005.txt,/home/hersco/training_new_domains/2026-08-27/preserve4_zenotravel_stage2_confirmation/20630383_Re-Tr_zenotravel_zenotravel_mcts_orig_vh_e.5_c.1_s1510771779_K0_P4S2A0p3_src20523083.txt
20668984,Ev_zenotravel_zenotravel_mcts_orig_vh_c.1_s1510771779_K0_P4ZENOS2P_src20630383_e0010,zenotravel,on,1510771779,P4ZENOS2P,20630383,10,stage2_policy_curve,COMPLETED,0:0,00:12:59,20,20,20,0,0,,/home/hersco/training_new_domains/2026-08-28/preserve4_zenotravel_stage2_policy_eval/20668984_Ev_zenotravel_zenotravel_mcts_orig_vh_c.1_s1510771779_K0_P4ZENOS2P_src20630383_e0010.txt,/home/hersco/training_new_domains/2026-08-27/preserve4_zenotravel_stage2_confirmation/20630383_Re-Tr_zenotravel_zenotravel_mcts_orig_vh_e.5_c.1_s1510771779_K0_P4S2A0p3_src20523083.txt
20668985,Ev_zenotravel_zenotravel_mcts_orig_vh_c.1_s1510771779_K0_P4ZENOS2P_src20630383_e0015,zenotravel,on,1510771779,P4ZENOS2P,20630383,15,stage2_policy_curve,COMPLETED,0:0,00:13:35,20,20,20,0,0,,/home/hersco/training_new_domains/2026-08-28/preserve4_zenotravel_stage2_policy_eval/20668985_Ev_zenotravel_zenotravel_mcts_orig_vh_c.1_s1510771779_K0_P4ZENOS2P_src20630383_e0015.txt,/home/hersco/training_new_domains/2026-08-27/preserve4_zenotravel_stage2_confirmation/20630383_Re-Tr_zenotravel_zenotravel_mcts_orig_vh_e.5_c.1_s1510771779_K0_P4S2A0p3_src20523083.txt
20668986,Ev_zenotravel_zenotravel_mcts_orig_vh_c.1_s1510771779_K0_P4ZENOS2P_src20630383_e0020,zenotravel,on,1510771779,P4ZENOS2P,20630383,20,stage2_policy_curve,COMPLETED,0:0,00:12:00,20,20,20,0,0,,/home/hersco/training_new_domains/2026-08-28/preserve4_zenotravel_stage2_policy_eval/20668986_Ev_zenotravel_zenotravel_mcts_orig_vh_c.1_s1510771779_K0_P4ZENOS2P_src20630383_e0020.txt,/home/hersco/training_new_domains/2026-08-27/preserve4_zenotravel_stage2_confirmation/20630383_Re-Tr_zenotravel_zenotravel_mcts_orig_vh_e.5_c.1_s1510771779_K0_P4S2A0p3_src20523083.txt
20668987,Ev_zenotravel_zenotravel_mcts_orig_vh_c.1_s1510771779_K0_P4ZENOS2P_src20630383_e0025,zenotravel,on,1510771779,P4ZENOS2P,20630383,25,stage2_policy_curve,COMPLETED,0:0,00:12:11,20,20,20,0,0,,/home/hersco/training_new_domains/2026-08-28/preserve4_zenotravel_stage2_policy_eval/20668987_Ev_zenotravel_zenotravel_mcts_orig_vh_c.1_s1510771779_K0_P4ZENOS2P_src20630383_e0025.txt,/home/hersco/training_new_domains/2026-08-27/preserve4_zenotravel_stage2_confirmation/20630383_Re-Tr_zenotravel_zenotravel_mcts_orig_vh_e.5_c.1_s1510771779_K0_P4S2A0p3_src20523083.txt
20668988,Ev_zenotravel_zenotravel_mcts_orig_vh_c.1_s1510771779_K0_P4ZENOS2P_src20630383_e0030,zenotravel,on,1510771779,P4ZENOS2P,20630383,30,stage2_policy_curve,COMPLETED,0:0,00:12:14,20,20,20,0,0,,/home/hersco/training_new_domains/2026-08-28/preserve4_zenotravel_stage2_policy_eval/20668988_Ev_zenotravel_zenotravel_mcts_orig_vh_c.1_s1510771779_K0_P4ZENOS2P_src20630383_e0030.txt,/home/hersco/training_new_domains/2026-08-27/preserve4_zenotravel_stage2_confirmation/20630383_Re-Tr_zenotravel_zenotravel_mcts_orig_vh_e.5_c.1_s1510771779_K0_P4S2A0p3_src20523083.txt
20668989,Ev_zenotravel_zenotravel_mcts_orig_vh_c.1_s1510771779_K0_P4ZENOS2P_src20630383_e0035,zenotravel,on,1510771779,P4ZENOS2P,20630383,35,stage2_policy_curve,COMPLETED,0:0,00:11:45,20,20,20,0,0,,/home/hersco/training_new_domains/2026-08-28/preserve4_zenotravel_stage2_policy_eval/20668989_Ev_zenotravel_zenotravel_mcts_orig_vh_c.1_s1510771779_K0_P4ZENOS2P_src20630383_e0035.txt,/home/hersco/training_new_domains/2026-08-27/preserve4_zenotravel_stage2_confirmation/20630383_Re-Tr_zenotravel_zenotravel_mcts_orig_vh_e.5_c.1_s1510771779_K0_P4S2A0p3_src20523083.txt
20668990,Ev_zenotravel_zenotravel_mcts_orig_vh_c.1_s1510771779_K0_P4ZENOS2P_src20630383_e0040,zenotravel,on,1510771779,P4ZENOS2P,20630383,40,stage2_policy_curve,COMPLETED,0:0,00:12:23,20,20,20,0,0,,/home/hersco/training_new_domains/2026-08-28/preserve4_zenotravel_stage2_policy_eval/20668990_Ev_zenotravel_zenotravel_mcts_orig_vh_c.1_s1510771779_K0_P4ZENOS2P_src20630383_e0040.txt,/home/hersco/training_new_domains/2026-08-27/preserve4_zenotravel_stage2_confirmation/20630383_Re-Tr_zenotravel_zenotravel_mcts_orig_vh_e.5_c.1_s1510771779_K0_P4S2A0p3_src20523083.txt
20668991,Ev_zenotravel_zenotravel_mcts_orig_vh_c.1_s1510771779_K0_P4ZENOS2P_src20630383_e0045,zenotravel,on,1510771779,P4ZENOS2P,20630383,45,stage2_policy_curve,COMPLETED,0:0,00:11:49,20,20,20,0,0,,/home/hersco/training_new_domains/2026-08-28/preserve4_zenotravel_stage2_policy_eval/20668991_Ev_zenotravel_zenotravel_mcts_orig_vh_c.1_s1510771779_K0_P4ZENOS2P_src20630383_e0045.txt,/home/hersco/training_new_domains/2026-08-27/preserve4_zenotravel_stage2_confirmation/20630383_Re-Tr_zenotravel_zenotravel_mcts_orig_vh_e.5_c.1_s1510771779_K0_P4S2A0p3_src20523083.txt
20668992,Ev_zenotravel_zenotravel_mcts_orig_vh_c.1_s1510771779_K0_P4ZENOS2P_src20630383_e0050,zenotravel,on,1510771779,P4ZENOS2P,20630383,50,stage2_policy_curve,COMPLETED,0:0,00:12:25,20,20,20,0,0,,/home/hersco/training_new_domains/2026-08-28/preserve4_zenotravel_stage2_policy_eval/20668992_Ev_zenotravel_zenotravel_mcts_orig_vh_c.1_s1510771779_K0_P4ZENOS2P_src20630383_e0050.txt,/home/hersco/training_new_domains/2026-08-27/preserve4_zenotravel_stage2_confirmation/20630383_Re-Tr_zenotravel_zenotravel_mcts_orig_vh_e.5_c.1_s1510771779_K0_P4S2A0p3_src20523083.txt
20668993,Ev_zenotravel_zenotravel_mcts_orig_vh_c.1_s1510771779_K0_P4ZENOS2P_src20630383_e0055,zenotravel,on,1510771779,P4ZENOS2P,20630383,55,stage2_policy_curve,COMPLETED,0:0,00:12:30,20,20,20,0,0,,/home/hersco/training_new_domains/2026-08-28/preserve4_zenotravel_stage2_policy_eval/20668993_Ev_zenotravel_zenotravel_mcts_orig_vh_c.1_s1510771779_K0_P4ZENOS2P_src20630383_e0055.txt,/home/hersco/training_new_domains/2026-08-27/preserve4_zenotravel_stage2_confirmation/20630383_Re-Tr_zenotravel_zenotravel_mcts_orig_vh_e.5_c.1_s1510771779_K0_P4S2A0p3_src20523083.txt
20668994,Ev_zenotravel_zenotravel_mcts_orig_vh_c.1_s1510771779_K0_P4ZENOS2P_src20630383_e0060,zenotravel,on,1510771779,P4ZENOS2P,20630383,60,stage2_policy_curve,COMPLETED,0:0,00:12:07,20,20,20,0,0,,/home/hersco/training_new_domains/2026-08-28/preserve4_zenotravel_stage2_policy_eval/20668994_Ev_zenotravel_zenotravel_mcts_orig_vh_c.1_s1510771779_K0_P4ZENOS2P_src20630383_e0060.txt,/home/hersco/training_new_domains/2026-08-27/preserve4_zenotravel_stage2_confirmation/20630383_Re-Tr_zenotravel_zenotravel_mcts_orig_vh_e.5_c.1_s1510771779_K0_P4S2A0p3_src20523083.txt
20668995,Ev_zenotravel_zenotravel_mcts_orig_vh_c.1_s1510771779_K0_P4ZENOS2P_src20630383_e0065,zenotravel,on,1510771779,P4ZENOS2P,20630383,65,stage2_policy_curve,COMPLETED,0:0,00:12:26,20,20,20,0,0,,/home/hersco/training_new_domains/2026-08-28/preserve4_zenotravel_stage2_policy_eval/20668995_Ev_zenotravel_zenotravel_mcts_orig_vh_c.1_s1510771779_K0_P4ZENOS2P_src20630383_e0065.txt,/home/hersco/training_new_domains/2026-08-27/preserve4_zenotravel_stage2_confirmation/20630383_Re-Tr_zenotravel_zenotravel_mcts_orig_vh_e.5_c.1_s1510771779_K0_P4S2A0p3_src20523083.txt
20668997,Ev_zenotravel_zenotravel_mcts_orig_vh_c.1_s1510771779_K0_P4ZENOS2P_src20630383_e0070,zenotravel,on,1510771779,P4ZENOS2P,20630383,70,stage2_policy_curve,COMPLETED,0:0,00:12:20,20,20,20,0,0,,/home/hersco/training_new_domains/2026-08-28/preserve4_zenotravel_stage2_policy_eval/20668997_Ev_zenotravel_zenotravel_mcts_orig_vh_c.1_s1510771779_K0_P4ZENOS2P_src20630383_e0070.txt,/home/hersco/training_new_domains/2026-08-27/preserve4_zenotravel_stage2_confirmation/20630383_Re-Tr_zenotravel_zenotravel_mcts_orig_vh_e.5_c.1_s1510771779_K0_P4S2A0p3_src20523083.txt
20668998,Ev_zenotravel_zenotravel_mcts_orig_vh_c.1_s1510771779_K0_P4ZENOS2P_src20630383_e0075,zenotravel,on,1510771779,P4ZENOS2P,20630383,75,stage2_policy_curve,COMPLETED,0:0,00:12:00,20,20,20,0,0,,/home/hersco/training_new_domains/2026-08-28/preserve4_zenotravel_stage2_policy_eval/20668998_Ev_zenotravel_zenotravel_mcts_orig_vh_c.1_s1510771779_K0_P4ZENOS2P_src20630383_e0075.txt,/home/hersco/training_new_domains/2026-08-27/preserve4_zenotravel_stage2_confirmation/20630383_Re-Tr_zenotravel_zenotravel_mcts_orig_vh_e.5_c.1_s1510771779_K0_P4S2A0p3_src20523083.txt
20668999,Ev_zenotravel_zenotravel_mcts_orig_vh_c.1_s1510771779_K0_P4ZENOS2P_src20630383_e0080,zenotravel,on,1510771779,P4ZENOS2P,20630383,80,stage2_policy_curve,COMPLETED,0:0,00:12:07,20,20,20,0,0,,/home/hersco/training_new_domains/2026-08-28/preserve4_zenotravel_stage2_policy_eval/20668999_Ev_zenotravel_zenotravel_mcts_orig_vh_c.1_s1510771779_K0_P4ZENOS2P_src20630383_e0080.txt,/home/hersco/training_new_domains/2026-08-27/preserve4_zenotravel_stage2_confirmation/20630383_Re-Tr_zenotravel_zenotravel_mcts_orig_vh_e.5_c.1_s1510771779_K0_P4S2A0p3_src20523083.txt
20669000,Ev_zenotravel_zenotravel_mcts_orig_vh_c.1_s1510771779_K0_P4ZENOS2P_src20630383_e0085,zenotravel,on,1510771779,P4ZENOS2P,20630383,85,stage2_policy_curve,COMPLETED,0:0,00:12:11,20,20,20,0,0,,/home/hersco/training_new_domains/2026-08-28/preserve4_zenotravel_stage2_policy_eval/20669000_Ev_zenotravel_zenotravel_mcts_orig_vh_c.1_s1510771779_K0_P4ZENOS2P_src20630383_e0085.txt,/home/hersco/training_new_domains/2026-08-27/preserve4_zenotravel_stage2_confirmation/20630383_Re-Tr_zenotravel_zenotravel_mcts_orig_vh_e.5_c.1_s1510771779_K0_P4S2A0p3_src20523083.txt
20669001,Ev_zenotravel_zenotravel_mcts_orig_vh_c.1_s1510771779_K0_P4ZENOS2P_src20630383_e0090,zenotravel,on,1510771779,P4ZENOS2P,20630383,90,stage2_policy_curve,COMPLETED,0:0,00:13:06,20,20,20,0,0,,/home/hersco/training_new_domains/2026-08-28/preserve4_zenotravel_stage2_policy_eval/20669001_Ev_zenotravel_zenotravel_mcts_orig_vh_c.1_s1510771779_K0_P4ZENOS2P_src20630383_e0090.txt,/home/hersco/training_new_domains/2026-08-27/preserve4_zenotravel_stage2_confirmation/20630383_Re-Tr_zenotravel_zenotravel_mcts_orig_vh_e.5_c.1_s1510771779_K0_P4S2A0p3_src20523083.txt
20669002,Ev_zenotravel_zenotravel_mcts_orig_vh_c.1_s1510771779_K0_P4ZENOS2P_src20630383_e0095,zenotravel,on,1510771779,P4ZENOS2P,20630383,95,stage2_policy_curve,COMPLETED,0:0,00:14:34,20,20,20,0,0,,/home/hersco/training_new_domains/2026-08-28/preserve4_zenotravel_stage2_policy_eval/20669002_Ev_zenotravel_zenotravel_mcts_orig_vh_c.1_s1510771779_K0_P4ZENOS2P_src20630383_e0095.txt,/home/hersco/training_new_domains/2026-08-27/preserve4_zenotravel_stage2_confirmation/20630383_Re-Tr_zenotravel_zenotravel_mcts_orig_vh_e.5_c.1_s1510771779_K0_P4S2A0p3_src20523083.txt
20669003,Ev_zenotravel_zenotravel_mcts_orig_vh_c.1_s1510771779_K0_P4ZENOS2P_src20630383_e0099,zenotravel,on,1510771779,P4ZENOS2P,20630383,99,stage2_policy_curve;stage2_final_policy,COMPLETED,0:0,00:12:07,20,20,20,0,0,,/home/hersco/training_new_domains/2026-08-28/preserve4_zenotravel_stage2_policy_eval/20669003_Ev_zenotravel_zenotravel_mcts_orig_vh_c.1_s1510771779_K0_P4ZENOS2P_src20630383_e0099.txt,/home/hersco/training_new_domains/2026-08-27/preserve4_zenotravel_stage2_confirmation/20630383_Re-Tr_zenotravel_zenotravel_mcts_orig_vh_e.5_c.1_s1510771779_K0_P4S2A0p3_src20523083.txt
20669004,Ev_zenotravel_zenotravel_mcts_orig_vh_c.1_s1972442430_K0_P4ZENOS2P_src20630384_e0000,zenotravel,on,1972442430,P4ZENOS2P,20630384,0,stage2_policy_curve,COMPLETED,0:0,00:12:08,20,20,20,0,0,,/home/hersco/training_new_domains/2026-08-28/preserve4_zenotravel_stage2_policy_eval/20669004_Ev_zenotravel_zenotravel_mcts_orig_vh_c.1_s1972442430_K0_P4ZENOS2P_src20630384_e0000.txt,/home/hersco/training_new_domains/2026-08-27/preserve4_zenotravel_stage2_confirmation/20630384_Re-Tr_zenotravel_zenotravel_mcts_orig_vh_e.5_c.1_s1972442430_K0_P4S2A0p3_src20523085.txt
20669005,Ev_zenotravel_zenotravel_mcts_orig_vh_c.1_s1972442430_K0_P4ZENOS2P_src20630384_e0005,zenotravel,on,1972442430,P4ZENOS2P,20630384,5,stage2_policy_curve,COMPLETED,0:0,00:13:31,20,20,20,0,0,,/home/hersco/training_new_domains/2026-08-28/preserve4_zenotravel_stage2_policy_eval/20669005_Ev_zenotravel_zenotravel_mcts_orig_vh_c.1_s1972442430_K0_P4ZENOS2P_src20630384_e0005.txt,/home/hersco/training_new_domains/2026-08-27/preserve4_zenotravel_stage2_confirmation/20630384_Re-Tr_zenotravel_zenotravel_mcts_orig_vh_e.5_c.1_s1972442430_K0_P4S2A0p3_src20523085.txt
20669006,Ev_zenotravel_zenotravel_mcts_orig_vh_c.1_s1972442430_K0_P4ZENOS2P_src20630384_e0010,zenotravel,on,1972442430,P4ZENOS2P,20630384,10,stage2_policy_curve,COMPLETED,0:0,00:12:01,20,20,20,0,0,,/home/hersco/training_new_domains/2026-08-28/preserve4_zenotravel_stage2_policy_eval/20669006_Ev_zenotravel_zenotravel_mcts_orig_vh_c.1_s1972442430_K0_P4ZENOS2P_src20630384_e0010.txt,/home/hersco/training_new_domains/2026-08-27/preserve4_zenotravel_stage2_confirmation/20630384_Re-Tr_zenotravel_zenotravel_mcts_orig_vh_e.5_c.1_s1972442430_K0_P4S2A0p3_src20523085.txt
20669007,Ev_zenotravel_zenotravel_mcts_orig_vh_c.1_s1972442430_K0_P4ZENOS2P_src20630384_e0015,zenotravel,on,1972442430,P4ZENOS2P,20630384,15,stage2_policy_curve,COMPLETED,0:0,00:13:39,20,20,20,0,0,,/home/hersco/training_new_domains/2026-08-28/preserve4_zenotravel_stage2_policy_eval/20669007_Ev_zenotravel_zenotravel_mcts_orig_vh_c.1_s1972442430_K0_P4ZENOS2P_src20630384_e0015.txt,/home/hersco/training_new_domains/2026-08-27/preserve4_zenotravel_stage2_confirmation/20630384_Re-Tr_zenotravel_zenotravel_mcts_orig_vh_e.5_c.1_s1972442430_K0_P4S2A0p3_src20523085.txt
20669008,Ev_zenotravel_zenotravel_mcts_orig_vh_c.1_s1972442430_K0_P4ZENOS2P_src20630384_e0020,zenotravel,on,1972442430,P4ZENOS2P,20630384,20,stage2_policy_curve,COMPLETED,0:0,00:13:59,20,20,20,0,0,,/home/hersco/training_new_domains/2026-08-28/preserve4_zenotravel_stage2_policy_eval/20669008_Ev_zenotravel_zenotravel_mcts_orig_vh_c.1_s1972442430_K0_P4ZENOS2P_src20630384_e0020.txt,/home/hersco/training_new_domains/2026-08-27/preserve4_zenotravel_stage2_confirmation/20630384_Re-Tr_zenotravel_zenotravel_mcts_orig_vh_e.5_c.1_s1972442430_K0_P4S2A0p3_src20523085.txt
20669009,Ev_zenotravel_zenotravel_mcts_orig_vh_c.1_s1972442430_K0_P4ZENOS2P_src20630384_e0025,zenotravel,on,1972442430,P4ZENOS2P,20630384,25,stage2_policy_curve,COMPLETED,0:0,00:11:38,20,20,20,0,0,,/home/hersco/training_new_domains/2026-08-28/preserve4_zenotravel_stage2_policy_eval/20669009_Ev_zenotravel_zenotravel_mcts_orig_vh_c.1_s1972442430_K0_P4ZENOS2P_src20630384_e0025.txt,/home/hersco/training_new_domains/2026-08-27/preserve4_zenotravel_stage2_confirmation/20630384_Re-Tr_zenotravel_zenotravel_mcts_orig_vh_e.5_c.1_s1972442430_K0_P4S2A0p3_src20523085.txt
20669031,Ev_zenotravel_zenotravel_mcts_orig_vh_c.1_s1972442430_K0_P4ZENOS2P_src20630384_e0030,zenotravel,on,1972442430,P4ZENOS2P,20630384,30,stage2_policy_curve,COMPLETED,0:0,00:12:08,20,20,20,0,0,,/home/hersco/training_new_domains/2026-08-28/preserve4_zenotravel_stage2_policy_eval/20669031_Ev_zenotravel_zenotravel_mcts_orig_vh_c.1_s1972442430_K0_P4ZENOS2P_src20630384_e0030.txt,/home/hersco/training_new_domains/2026-08-27/preserve4_zenotravel_stage2_confirmation/20630384_Re-Tr_zenotravel_zenotravel_mcts_orig_vh_e.5_c.1_s1972442430_K0_P4S2A0p3_src20523085.txt
20669032,Ev_zenotravel_zenotravel_mcts_orig_vh_c.1_s1972442430_K0_P4ZENOS2P_src20630384_e0035,zenotravel,on,1972442430,P4ZENOS2P,20630384,35,stage2_policy_curve,COMPLETED,0:0,00:13:40,20,20,20,0,0,,/home/hersco/training_new_domains/2026-08-28/preserve4_zenotravel_stage2_policy_eval/20669032_Ev_zenotravel_zenotravel_mcts_orig_vh_c.1_s1972442430_K0_P4ZENOS2P_src20630384_e0035.txt,/home/hersco/training_new_domains/2026-08-27/preserve4_zenotravel_stage2_confirmation/20630384_Re-Tr_zenotravel_zenotravel_mcts_orig_vh_e.5_c.1_s1972442430_K0_P4S2A0p3_src20523085.txt
20669034,Ev_zenotravel_zenotravel_mcts_orig_vh_c.1_s1972442430_K0_P4ZENOS2P_src20630384_e0040,zenotravel,on,1972442430,P4ZENOS2P,20630384,40,stage2_policy_curve,COMPLETED,0:0,00:13:09,20,20,20,0,0,,/home/hersco/training_new_domains/2026-08-28/preserve4_zenotravel_stage2_policy_eval/20669034_Ev_zenotravel_zenotravel_mcts_orig_vh_c.1_s1972442430_K0_P4ZENOS2P_src20630384_e0040.txt,/home/hersco/training_new_domains/2026-08-27/preserve4_zenotravel_stage2_confirmation/20630384_Re-Tr_zenotravel_zenotravel_mcts_orig_vh_e.5_c.1_s1972442430_K0_P4S2A0p3_src20523085.txt
20669035,Ev_zenotravel_zenotravel_mcts_orig_vh_c.1_s1972442430_K0_P4ZENOS2P_src20630384_e0045,zenotravel,on,1972442430,P4ZENOS2P,20630384,45,stage2_policy_curve,COMPLETED,0:0,00:11:58,20,20,20,0,0,,/home/hersco/training_new_domains/2026-08-28/preserve4_zenotravel_stage2_policy_eval/20669035_Ev_zenotravel_zenotravel_mcts_orig_vh_c.1_s1972442430_K0_P4ZENOS2P_src20630384_e0045.txt,/home/hersco/training_new_domains/2026-08-27/preserve4_zenotravel_stage2_confirmation/20630384_Re-Tr_zenotravel_zenotravel_mcts_orig_vh_e.5_c.1_s1972442430_K0_P4S2A0p3_src20523085.txt
20669036,Ev_zenotravel_zenotravel_mcts_orig_vh_c.1_s1972442430_K0_P4ZENOS2P_src20630384_e0050,zenotravel,on,1972442430,P4ZENOS2P,20630384,50,stage2_policy_curve,COMPLETED,0:0,00:47:37,19,20,19,0,0,,/home/hersco/training_new_domains/2026-08-28/preserve4_zenotravel_stage2_policy_eval/20669036_Ev_zenotravel_zenotravel_mcts_orig_vh_c.1_s1972442430_K0_P4ZENOS2P_src20630384_e0050.txt,/home/hersco/training_new_domains/2026-08-27/preserve4_zenotravel_stage2_confirmation/20630384_Re-Tr_zenotravel_zenotravel_mcts_orig_vh_e.5_c.1_s1972442430_K0_P4S2A0p3_src20523085.txt
20669037,Ev_zenotravel_zenotravel_mcts_orig_vh_c.1_s1972442430_K0_P4ZENOS2P_src20630384_e0055,zenotravel,on,1972442430,P4ZENOS2P,20630384,55,stage2_policy_curve,COMPLETED,0:0,00:11:36,20,20,20,0,0,,/home/hersco/training_new_domains/2026-08-28/preserve4_zenotravel_stage2_policy_eval/20669037_Ev_zenotravel_zenotravel_mcts_orig_vh_c.1_s1972442430_K0_P4ZENOS2P_src20630384_e0055.txt,/home/hersco/training_new_domains/2026-08-27/preserve4_zenotravel_stage2_confirmation/20630384_Re-Tr_zenotravel_zenotravel_mcts_orig_vh_e.5_c.1_s1972442430_K0_P4S2A0p3_src20523085.txt
20669038,Ev_zenotravel_zenotravel_mcts_orig_vh_c.1_s1972442430_K0_P4ZENOS2P_src20630384_e0060,zenotravel,on,1972442430,P4ZENOS2P,20630384,60,stage2_policy_curve,COMPLETED,0:0,00:13:45,20,20,20,0,0,,/home/hersco/training_new_domains/2026-08-28/preserve4_zenotravel_stage2_policy_eval/20669038_Ev_zenotravel_zenotravel_mcts_orig_vh_c.1_s1972442430_K0_P4ZENOS2P_src20630384_e0060.txt,/home/hersco/training_new_domains/2026-08-27/preserve4_zenotravel_stage2_confirmation/20630384_Re-Tr_zenotravel_zenotravel_mcts_orig_vh_e.5_c.1_s1972442430_K0_P4S2A0p3_src20523085.txt
20669039,Ev_zenotravel_zenotravel_mcts_orig_vh_c.1_s1972442430_K0_P4ZENOS2P_src20630384_e0065,zenotravel,on,1972442430,P4ZENOS2P,20630384,65,stage2_policy_curve,COMPLETED,0:0,00:10:36,20,20,20,0,0,,/home/hersco/training_new_domains/2026-08-28/preserve4_zenotravel_stage2_policy_eval/20669039_Ev_zenotravel_zenotravel_mcts_orig_vh_c.1_s1972442430_K0_P4ZENOS2P_src20630384_e0065.txt,/home/hersco/training_new_domains/2026-08-27/preserve4_zenotravel_stage2_confirmation/20630384_Re-Tr_zenotravel_zenotravel_mcts_orig_vh_e.5_c.1_s1972442430_K0_P4S2A0p3_src20523085.txt
20669040,Ev_zenotravel_zenotravel_mcts_orig_vh_c.1_s1972442430_K0_P4ZENOS2P_src20630384_e0070,zenotravel,on,1972442430,P4ZENOS2P,20630384,70,stage2_policy_curve,COMPLETED,0:0,00:15:12,20,20,20,0,0,,/home/hersco/training_new_domains/2026-08-28/preserve4_zenotravel_stage2_policy_eval/20669040_Ev_zenotravel_zenotravel_mcts_orig_vh_c.1_s1972442430_K0_P4ZENOS2P_src20630384_e0070.txt,/home/hersco/training_new_domains/2026-08-27/preserve4_zenotravel_stage2_confirmation/20630384_Re-Tr_zenotravel_zenotravel_mcts_orig_vh_e.5_c.1_s1972442430_K0_P4S2A0p3_src20523085.txt
20669041,Ev_zenotravel_zenotravel_mcts_orig_vh_c.1_s1972442430_K0_P4ZENOS2P_src20630384_e0075,zenotravel,on,1972442430,P4ZENOS2P,20630384,75,stage2_policy_curve,COMPLETED,0:0,00:47:19,19,20,19,0,0,,/home/hersco/training_new_domains/2026-08-28/preserve4_zenotravel_stage2_policy_eval/20669041_Ev_zenotravel_zenotravel_mcts_orig_vh_c.1_s1972442430_K0_P4ZENOS2P_src20630384_e0075.txt,/home/hersco/training_new_domains/2026-08-27/preserve4_zenotravel_stage2_confirmation/20630384_Re-Tr_zenotravel_zenotravel_mcts_orig_vh_e.5_c.1_s1972442430_K0_P4S2A0p3_src20523085.txt
20669042,Ev_zenotravel_zenotravel_mcts_orig_vh_c.1_s1972442430_K0_P4ZENOS2P_src20630384_e0080,zenotravel,on,1972442430,P4ZENOS2P,20630384,80,stage2_policy_curve,COMPLETED,0:0,00:11:31,20,20,20,0,0,,/home/hersco/training_new_domains/2026-08-28/preserve4_zenotravel_stage2_policy_eval/20669042_Ev_zenotravel_zenotravel_mcts_orig_vh_c.1_s1972442430_K0_P4ZENOS2P_src20630384_e0080.txt,/home/hersco/training_new_domains/2026-08-27/preserve4_zenotravel_stage2_confirmation/20630384_Re-Tr_zenotravel_zenotravel_mcts_orig_vh_e.5_c.1_s1972442430_K0_P4S2A0p3_src20523085.txt
20669043,Ev_zenotravel_zenotravel_mcts_orig_vh_c.1_s1972442430_K0_P4ZENOS2P_src20630384_e0085,zenotravel,on,1972442430,P4ZENOS2P,20630384,85,stage2_policy_curve,COMPLETED,0:0,00:11:57,20,20,20,0,0,,/home/hersco/training_new_domains/2026-08-28/preserve4_zenotravel_stage2_policy_eval/20669043_Ev_zenotravel_zenotravel_mcts_orig_vh_c.1_s1972442430_K0_P4ZENOS2P_src20630384_e0085.txt,/home/hersco/training_new_domains/2026-08-27/preserve4_zenotravel_stage2_confirmation/20630384_Re-Tr_zenotravel_zenotravel_mcts_orig_vh_e.5_c.1_s1972442430_K0_P4S2A0p3_src20523085.txt
20669044,Ev_zenotravel_zenotravel_mcts_orig_vh_c.1_s1972442430_K0_P4ZENOS2P_src20630384_e0090,zenotravel,on,1972442430,P4ZENOS2P,20630384,90,stage2_policy_curve,COMPLETED,0:0,00:10:53,20,20,20,0,0,,/home/hersco/training_new_domains/2026-08-28/preserve4_zenotravel_stage2_policy_eval/20669044_Ev_zenotravel_zenotravel_mcts_orig_vh_c.1_s1972442430_K0_P4ZENOS2P_src20630384_e0090.txt,/home/hersco/training_new_domains/2026-08-27/preserve4_zenotravel_stage2_confirmation/20630384_Re-Tr_zenotravel_zenotravel_mcts_orig_vh_e.5_c.1_s1972442430_K0_P4S2A0p3_src20523085.txt
20669045,Ev_zenotravel_zenotravel_mcts_orig_vh_c.1_s1972442430_K0_P4ZENOS2P_src20630384_e0095,zenotravel,on,1972442430,P4ZENOS2P,20630384,95,stage2_policy_curve,COMPLETED,0:0,00:59:31,19,20,19,0,0,,/home/hersco/training_new_domains/2026-08-28/preserve4_zenotravel_stage2_policy_eval/20669045_Ev_zenotravel_zenotravel_mcts_orig_vh_c.1_s1972442430_K0_P4ZENOS2P_src20630384_e0095.txt,/home/hersco/training_new_domains/2026-08-27/preserve4_zenotravel_stage2_confirmation/20630384_Re-Tr_zenotravel_zenotravel_mcts_orig_vh_e.5_c.1_s1972442430_K0_P4S2A0p3_src20523085.txt
20669046,Ev_zenotravel_zenotravel_mcts_orig_vh_c.1_s1972442430_K0_P4ZENOS2P_src20630384_e0099,zenotravel,on,1972442430,P4ZENOS2P,20630384,99,stage2_policy_curve;stage2_final_policy,COMPLETED,0:0,00:49:39,19,20,19,0,0,,/home/hersco/training_new_domains/2026-08-28/preserve4_zenotravel_stage2_policy_eval/20669046_Ev_zenotravel_zenotravel_mcts_orig_vh_c.1_s1972442430_K0_P4ZENOS2P_src20630384_e0099.txt,/home/hersco/training_new_domains/2026-08-27/preserve4_zenotravel_stage2_confirmation/20630384_Re-Tr_zenotravel_zenotravel_mcts_orig_vh_e.5_c.1_s1972442430_K0_P4S2A0p3_src20523085.txt
20669047,Ev_zenotravel_zenotravel_mcts_orig_vh_c.1_s2082152039_K0_P4ZENOS2P_src20630385_e0000,zenotravel,on,2082152039,P4ZENOS2P,20630385,0,stage2_policy_curve,COMPLETED,0:0,00:53:46,18,20,18,0,0,,/home/hersco/training_new_domains/2026-08-28/preserve4_zenotravel_stage2_policy_eval/20669047_Ev_zenotravel_zenotravel_mcts_orig_vh_c.1_s2082152039_K0_P4ZENOS2P_src20630385_e0000.txt,/home/hersco/training_new_domains/2026-08-27/preserve4_zenotravel_stage2_confirmation/20630385_Re-Tr_zenotravel_zenotravel_mcts_orig_vh_e.5_c.1_s2082152039_K0_P4S2A0p3_src20523082.txt
20669048,Ev_zenotravel_zenotravel_mcts_orig_vh_c.1_s2082152039_K0_P4ZENOS2P_src20630385_e0005,zenotravel,on,2082152039,P4ZENOS2P,20630385,5,stage2_policy_curve,COMPLETED,0:0,00:13:25,20,20,20,0,0,,/home/hersco/training_new_domains/2026-08-28/preserve4_zenotravel_stage2_policy_eval/20669048_Ev_zenotravel_zenotravel_mcts_orig_vh_c.1_s2082152039_K0_P4ZENOS2P_src20630385_e0005.txt,/home/hersco/training_new_domains/2026-08-27/preserve4_zenotravel_stage2_confirmation/20630385_Re-Tr_zenotravel_zenotravel_mcts_orig_vh_e.5_c.1_s2082152039_K0_P4S2A0p3_src20523082.txt
20669049,Ev_zenotravel_zenotravel_mcts_orig_vh_c.1_s2082152039_K0_P4ZENOS2P_src20630385_e0010,zenotravel,on,2082152039,P4ZENOS2P,20630385,10,stage2_policy_curve,COMPLETED,0:0,00:12:23,20,20,20,0,0,,/home/hersco/training_new_domains/2026-08-28/preserve4_zenotravel_stage2_policy_eval/20669049_Ev_zenotravel_zenotravel_mcts_orig_vh_c.1_s2082152039_K0_P4ZENOS2P_src20630385_e0010.txt,/home/hersco/training_new_domains/2026-08-27/preserve4_zenotravel_stage2_confirmation/20630385_Re-Tr_zenotravel_zenotravel_mcts_orig_vh_e.5_c.1_s2082152039_K0_P4S2A0p3_src20523082.txt
20669050,Ev_zenotravel_zenotravel_mcts_orig_vh_c.1_s2082152039_K0_P4ZENOS2P_src20630385_e0015,zenotravel,on,2082152039,P4ZENOS2P,20630385,15,stage2_policy_curve,COMPLETED,0:0,00:16:52,20,20,20,0,0,,/home/hersco/training_new_domains/2026-08-28/preserve4_zenotravel_stage2_policy_eval/20669050_Ev_zenotravel_zenotravel_mcts_orig_vh_c.1_s2082152039_K0_P4ZENOS2P_src20630385_e0015.txt,/home/hersco/training_new_domains/2026-08-27/preserve4_zenotravel_stage2_confirmation/20630385_Re-Tr_zenotravel_zenotravel_mcts_orig_vh_e.5_c.1_s2082152039_K0_P4S2A0p3_src20523082.txt
20669051,Ev_zenotravel_zenotravel_mcts_orig_vh_c.1_s2082152039_K0_P4ZENOS2P_src20630385_e0020,zenotravel,on,2082152039,P4ZENOS2P,20630385,20,stage2_policy_curve,COMPLETED,0:0,00:12:32,20,20,20,0,0,,/home/hersco/training_new_domains/2026-08-28/preserve4_zenotravel_stage2_policy_eval/20669051_Ev_zenotravel_zenotravel_mcts_orig_vh_c.1_s2082152039_K0_P4ZENOS2P_src20630385_e0020.txt,/home/hersco/training_new_domains/2026-08-27/preserve4_zenotravel_stage2_confirmation/20630385_Re-Tr_zenotravel_zenotravel_mcts_orig_vh_e.5_c.1_s2082152039_K0_P4S2A0p3_src20523082.txt
20669053,Ev_zenotravel_zenotravel_mcts_orig_vh_c.1_s2082152039_K0_P4ZENOS2P_src20630385_e0025,zenotravel,on,2082152039,P4ZENOS2P,20630385,25,stage2_policy_curve,COMPLETED,0:0,00:12:08,20,20,20,0,0,,/home/hersco/training_new_domains/2026-08-28/preserve4_zenotravel_stage2_policy_eval/20669053_Ev_zenotravel_zenotravel_mcts_orig_vh_c.1_s2082152039_K0_P4ZENOS2P_src20630385_e0025.txt,/home/hersco/training_new_domains/2026-08-27/preserve4_zenotravel_stage2_confirmation/20630385_Re-Tr_zenotravel_zenotravel_mcts_orig_vh_e.5_c.1_s2082152039_K0_P4S2A0p3_src20523082.txt
20669054,Ev_zenotravel_zenotravel_mcts_orig_vh_c.1_s2082152039_K0_P4ZENOS2P_src20630385_e0030,zenotravel,on,2082152039,P4ZENOS2P,20630385,30,stage2_policy_curve,COMPLETED,0:0,00:19:38,20,20,20,0,0,,/home/hersco/training_new_domains/2026-08-28/preserve4_zenotravel_stage2_policy_eval/20669054_Ev_zenotravel_zenotravel_mcts_orig_vh_c.1_s2082152039_K0_P4ZENOS2P_src20630385_e0030.txt,/home/hersco/training_new_domains/2026-08-27/preserve4_zenotravel_stage2_confirmation/20630385_Re-Tr_zenotravel_zenotravel_mcts_orig_vh_e.5_c.1_s2082152039_K0_P4S2A0p3_src20523082.txt
20669055,Ev_zenotravel_zenotravel_mcts_orig_vh_c.1_s2082152039_K0_P4ZENOS2P_src20630385_e0035,zenotravel,on,2082152039,P4ZENOS2P,20630385,35,stage2_policy_curve,COMPLETED,0:0,00:28:25,20,20,20,0,0,,/home/hersco/training_new_domains/2026-08-28/preserve4_zenotravel_stage2_policy_eval/20669055_Ev_zenotravel_zenotravel_mcts_orig_vh_c.1_s2082152039_K0_P4ZENOS2P_src20630385_e0035.txt,/home/hersco/training_new_domains/2026-08-27/preserve4_zenotravel_stage2_confirmation/20630385_Re-Tr_zenotravel_zenotravel_mcts_orig_vh_e.5_c.1_s2082152039_K0_P4S2A0p3_src20523082.txt
20669056,Ev_zenotravel_zenotravel_mcts_orig_vh_c.1_s2082152039_K0_P4ZENOS2P_src20630385_e0040,zenotravel,on,2082152039,P4ZENOS2P,20630385,40,stage2_policy_curve,COMPLETED,0:0,00:56:50,19,20,19,0,0,,/home/hersco/training_new_domains/2026-08-28/preserve4_zenotravel_stage2_policy_eval/20669056_Ev_zenotravel_zenotravel_mcts_orig_vh_c.1_s2082152039_K0_P4ZENOS2P_src20630385_e0040.txt,/home/hersco/training_new_domains/2026-08-27/preserve4_zenotravel_stage2_confirmation/20630385_Re-Tr_zenotravel_zenotravel_mcts_orig_vh_e.5_c.1_s2082152039_K0_P4S2A0p3_src20523082.txt
20669057,Ev_zenotravel_zenotravel_mcts_orig_vh_c.1_s2082152039_K0_P4ZENOS2P_src20630385_e0045,zenotravel,on,2082152039,P4ZENOS2P,20630385,45,stage2_policy_curve,COMPLETED,0:0,00:12:10,20,20,20,0,0,,/home/hersco/training_new_domains/2026-08-28/preserve4_zenotravel_stage2_policy_eval/20669057_Ev_zenotravel_zenotravel_mcts_orig_vh_c.1_s2082152039_K0_P4ZENOS2P_src20630385_e0045.txt,/home/hersco/training_new_domains/2026-08-27/preserve4_zenotravel_stage2_confirmation/20630385_Re-Tr_zenotravel_zenotravel_mcts_orig_vh_e.5_c.1_s2082152039_K0_P4S2A0p3_src20523082.txt
20669058,Ev_zenotravel_zenotravel_mcts_orig_vh_c.1_s2082152039_K0_P4ZENOS2P_src20630385_e0050,zenotravel,on,2082152039,P4ZENOS2P,20630385,50,stage2_policy_curve,COMPLETED,0:0,00:57:56,19,20,19,0,0,,/home/hersco/training_new_domains/2026-08-28/preserve4_zenotravel_stage2_policy_eval/20669058_Ev_zenotravel_zenotravel_mcts_orig_vh_c.1_s2082152039_K0_P4ZENOS2P_src20630385_e0050.txt,/home/hersco/training_new_domains/2026-08-27/preserve4_zenotravel_stage2_confirmation/20630385_Re-Tr_zenotravel_zenotravel_mcts_orig_vh_e.5_c.1_s2082152039_K0_P4S2A0p3_src20523082.txt
20669059,Ev_zenotravel_zenotravel_mcts_orig_vh_c.1_s2082152039_K0_P4ZENOS2P_src20630385_e0055,zenotravel,on,2082152039,P4ZENOS2P,20630385,55,stage2_policy_curve,COMPLETED,0:0,00:52:05,19,20,19,0,0,,/home/hersco/training_new_domains/2026-08-28/preserve4_zenotravel_stage2_policy_eval/20669059_Ev_zenotravel_zenotravel_mcts_orig_vh_c.1_s2082152039_K0_P4ZENOS2P_src20630385_e0055.txt,/home/hersco/training_new_domains/2026-08-27/preserve4_zenotravel_stage2_confirmation/20630385_Re-Tr_zenotravel_zenotravel_mcts_orig_vh_e.5_c.1_s2082152039_K0_P4S2A0p3_src20523082.txt
20669060,Ev_zenotravel_zenotravel_mcts_orig_vh_c.1_s2082152039_K0_P4ZENOS2P_src20630385_e0060,zenotravel,on,2082152039,P4ZENOS2P,20630385,60,stage2_policy_curve,COMPLETED,0:0,00:53:58,19,20,19,0,0,,/home/hersco/training_new_domains/2026-08-28/preserve4_zenotravel_stage2_policy_eval/20669060_Ev_zenotravel_zenotravel_mcts_orig_vh_c.1_s2082152039_K0_P4ZENOS2P_src20630385_e0060.txt,/home/hersco/training_new_domains/2026-08-27/preserve4_zenotravel_stage2_confirmation/20630385_Re-Tr_zenotravel_zenotravel_mcts_orig_vh_e.5_c.1_s2082152039_K0_P4S2A0p3_src20523082.txt
20669061,Ev_zenotravel_zenotravel_mcts_orig_vh_c.1_s2082152039_K0_P4ZENOS2P_src20630385_e0065,zenotravel,on,2082152039,P4ZENOS2P,20630385,65,stage2_policy_curve,COMPLETED,0:0,01:01:17,19,20,19,0,0,,/home/hersco/training_new_domains/2026-08-28/preserve4_zenotravel_stage2_policy_eval/20669061_Ev_zenotravel_zenotravel_mcts_orig_vh_c.1_s2082152039_K0_P4ZENOS2P_src20630385_e0065.txt,/home/hersco/training_new_domains/2026-08-27/preserve4_zenotravel_stage2_confirmation/20630385_Re-Tr_zenotravel_zenotravel_mcts_orig_vh_e.5_c.1_s2082152039_K0_P4S2A0p3_src20523082.txt
20669062,Ev_zenotravel_zenotravel_mcts_orig_vh_c.1_s2082152039_K0_P4ZENOS2P_src20630385_e0070,zenotravel,on,2082152039,P4ZENOS2P,20630385,70,stage2_policy_curve,COMPLETED,0:0,01:10:10,19,20,19,0,0,,/home/hersco/training_new_domains/2026-08-28/preserve4_zenotravel_stage2_policy_eval/20669062_Ev_zenotravel_zenotravel_mcts_orig_vh_c.1_s2082152039_K0_P4ZENOS2P_src20630385_e0070.txt,/home/hersco/training_new_domains/2026-08-27/preserve4_zenotravel_stage2_confirmation/20630385_Re-Tr_zenotravel_zenotravel_mcts_orig_vh_e.5_c.1_s2082152039_K0_P4S2A0p3_src20523082.txt
20669063,Ev_zenotravel_zenotravel_mcts_orig_vh_c.1_s2082152039_K0_P4ZENOS2P_src20630385_e0075,zenotravel,on,2082152039,P4ZENOS2P,20630385,75,stage2_policy_curve,COMPLETED,0:0,00:55:18,19,20,19,0,0,,/home/hersco/training_new_domains/2026-08-28/preserve4_zenotravel_stage2_policy_eval/20669063_Ev_zenotravel_zenotravel_mcts_orig_vh_c.1_s2082152039_K0_P4ZENOS2P_src20630385_e0075.txt,/home/hersco/training_new_domains/2026-08-27/preserve4_zenotravel_stage2_confirmation/20630385_Re-Tr_zenotravel_zenotravel_mcts_orig_vh_e.5_c.1_s2082152039_K0_P4S2A0p3_src20523082.txt
20669064,Ev_zenotravel_zenotravel_mcts_orig_vh_c.1_s2082152039_K0_P4ZENOS2P_src20630385_e0080,zenotravel,on,2082152039,P4ZENOS2P,20630385,80,stage2_policy_curve,COMPLETED,0:0,00:55:27,19,20,19,0,0,,/home/hersco/training_new_domains/2026-08-28/preserve4_zenotravel_stage2_policy_eval/20669064_Ev_zenotravel_zenotravel_mcts_orig_vh_c.1_s2082152039_K0_P4ZENOS2P_src20630385_e0080.txt,/home/hersco/training_new_domains/2026-08-27/preserve4_zenotravel_stage2_confirmation/20630385_Re-Tr_zenotravel_zenotravel_mcts_orig_vh_e.5_c.1_s2082152039_K0_P4S2A0p3_src20523082.txt
20669065,Ev_zenotravel_zenotravel_mcts_orig_vh_c.1_s2082152039_K0_P4ZENOS2P_src20630385_e0085,zenotravel,on,2082152039,P4ZENOS2P,20630385,85,stage2_policy_curve,COMPLETED,0:0,01:15:25,19,20,19,0,0,,/home/hersco/training_new_domains/2026-08-28/preserve4_zenotravel_stage2_policy_eval/20669065_Ev_zenotravel_zenotravel_mcts_orig_vh_c.1_s2082152039_K0_P4ZENOS2P_src20630385_e0085.txt,/home/hersco/training_new_domains/2026-08-27/preserve4_zenotravel_stage2_confirmation/20630385_Re-Tr_zenotravel_zenotravel_mcts_orig_vh_e.5_c.1_s2082152039_K0_P4S2A0p3_src20523082.txt
20669066,Ev_zenotravel_zenotravel_mcts_orig_vh_c.1_s2082152039_K0_P4ZENOS2P_src20630385_e0090,zenotravel,on,2082152039,P4ZENOS2P,20630385,90,stage2_policy_curve,COMPLETED,0:0,00:56:14,19,20,19,0,0,,/home/hersco/training_new_domains/2026-08-28/preserve4_zenotravel_stage2_policy_eval/20669066_Ev_zenotravel_zenotravel_mcts_orig_vh_c.1_s2082152039_K0_P4ZENOS2P_src20630385_e0090.txt,/home/hersco/training_new_domains/2026-08-27/preserve4_zenotravel_stage2_confirmation/20630385_Re-Tr_zenotravel_zenotravel_mcts_orig_vh_e.5_c.1_s2082152039_K0_P4S2A0p3_src20523082.txt
20669067,Ev_zenotravel_zenotravel_mcts_orig_vh_c.1_s2082152039_K0_P4ZENOS2P_src20630385_e0095,zenotravel,on,2082152039,P4ZENOS2P,20630385,95,stage2_policy_curve,COMPLETED,0:0,00:55:27,19,20,19,0,0,,/home/hersco/training_new_domains/2026-08-28/preserve4_zenotravel_stage2_policy_eval/20669067_Ev_zenotravel_zenotravel_mcts_orig_vh_c.1_s2082152039_K0_P4ZENOS2P_src20630385_e0095.txt,/home/hersco/training_new_domains/2026-08-27/preserve4_zenotravel_stage2_confirmation/20630385_Re-Tr_zenotravel_zenotravel_mcts_orig_vh_e.5_c.1_s2082152039_K0_P4S2A0p3_src20523082.txt
20669068,Ev_zenotravel_zenotravel_mcts_orig_vh_c.1_s2082152039_K0_P4ZENOS2P_src20630385_e0099,zenotravel,on,2082152039,P4ZENOS2P,20630385,99,stage2_policy_curve;stage2_final_policy,COMPLETED,0:0,00:55:39,19,20,19,0,0,,/home/hersco/training_new_domains/2026-08-28/preserve4_zenotravel_stage2_policy_eval/20669068_Ev_zenotravel_zenotravel_mcts_orig_vh_c.1_s2082152039_K0_P4ZENOS2P_src20630385_e0099.txt,/home/hersco/training_new_domains/2026-08-27/preserve4_zenotravel_stage2_confirmation/20630385_Re-Tr_zenotravel_zenotravel_mcts_orig_vh_e.5_c.1_s2082152039_K0_P4S2A0p3_src20523082.txt
