------------------------------------
Mon 14 Sep 2026 00:15:29 IDT
SLURM_JOBID:		21240256
SLURM_JOB_NODELIST:	ise-cpu256-25
SLURM_SCRATCH_DIR:	/scratch/hersco/21240256
Allocated Resouces:	cpu - 6 / mem - 122880 MB / gpu - 
SLURM_GPU_INDEX:	
Running as hersco from shperbsh account with normal QOS
------------------------------------
[MPRIME S1 PBA PW70] identity=mprime-s1-phase-b-a-on-2011206605-e0005-pw70-k3 vh=on seed=2011206605 epoch=5 smoke=no
[MPRIME S1 PBA PW70] width=20 simulations=70 Kmin=3 c=.6 alpha=.5 puct=.1 estimator=.5 terminal_safe=false
[MPRIME S1 PBA PW70] checkpoint=/home/hersco/bershco-nu-asnets/numeric-asnets/asnets/experiment-results/experiments_numeric.domain.mprime_validation_ipc_scale_v1-experiments_numeric.architecture_2.mprime-2026-08-27T10:22:03.307653/P[domain,pfile01,pfile02,pfile04,pfile05]-S[0.003,50,enhsp-hmrp-ha-gbfs]-MO[]-T[518400]-04915056-067843/snapshots/snapshot_5_0.750 commit=9fe4f9e695ed290cc370dd5c5b877c276578525c
2026-09-14 00:16:27.792658: E tensorflow/compiler/xla/stream_executor/cuda/cuda_dnn.cc:9342] Unable to register cuDNN factory: Attempting to register factory for plugin cuDNN when one has already been registered
2026-09-14 00:16:27.792745: E tensorflow/compiler/xla/stream_executor/cuda/cuda_fft.cc:609] Unable to register cuFFT factory: Attempting to register factory for plugin cuFFT when one has already been registered
2026-09-14 00:16:27.792789: E tensorflow/compiler/xla/stream_executor/cuda/cuda_blas.cc:1518] Unable to register cuBLAS factory: Attempting to register factory for plugin cuBLAS when one has already been registered
2026-09-14 00:16:27.802580: I tensorflow/core/platform/cpu_feature_guard.cc:182] This TensorFlow binary is optimized to use available CPU instructions in performance-critical operations.
To enable the following instructions: AVX2 FMA, in other operations, rebuild TensorFlow with the appropriate compiler flags.
[JPDDL] Maximum heap per worker: 4g
[2026-09-14 00:16:31,115] [INFO] [run_asnets.py:1491] Arguments are: Namespace(problems=None, domain_type=numeric, opt_patience=10, max_opt_epochs=1000, supervised_lr=0.003, lr_steps=[], supervised_bs=50, ssipp_teacher_heuristic='lm-cut', fd_teacher_heuristic='astar-hadd', enhsp_config='hmrp-ha-gbfs', supervised_early_stop=20, save_every=1, seed=2011206605, optimizer_opts={}, resume_from='/home/hersco/bershco-nu-asnets/numeric-asnets/asnets/experiment-results/experiments_numeric.domain.mprime_validation_ipc_scale_v1-experiments_numeric.architecture_2.mprime-2026-08-27T10:22:03.307653/P[domain,pfile01,pfile02,pfile04,pfile05]-S[0.003,50,enhsp-hmrp-ha-gbfs]-MO[]-T[518400]-04915056-067843/snapshots/snapshot_5_0.750', timeout=518400.0, model_opts={}, skip=True, num_layers=2, hidden_size=15, dropout=0.0, sup_objective=<SupervisedObjective.MCTS_VISIT_DIST: 3>, use_teacher_envelope=False, det_eval=True, ssipp_dg_heuristic=None, minimal_file_saves=True, use_lm_cuts=False, use_numeric_landmarks=False, use_contributions=False, use_act_history=True, save_training_set=None, use_saved_training_set=None, rounds_eval=1, limit_turns=10000, expt_dir='/home/hersco/bershco-nu-asnets/numeric-asnets/asnets/experiment-results/experiments_numeric.domain.mprime_validation_ipc_scale_v1-experiments_numeric.architecture_2.mprime-2026-08-27T10:22:03.307653', dK='dk', no_train=True, l1_reg=0.0, l2_reg=0.005, l1_l2_reg=0.0, mse=0.5, policy_anchor_kl_coeff=0.0, policy_anchor_kl_mode='constant', policy_anchor_kl_target=None, teacher_planner='enhsp', opt_batch_per_epoch=60, exploration_algorithm='mcts', eval_with_mcts=True, eval_mcts_enforce_remaining_horizon=False, eval_mcts_terminal_safe_action_selection=False, eval_mcts_root_visit_tie_break='action_id', eval_mcts_context_diagnostics=False, eval_mcts_contextual_nodes=False, eval_mcts_context_witness_limit=128, eval_start_wave=1, eval_scheduling='rolling', skip_instance_numbers=(), eval_instance_timeout=21600.0, eval_completion_file='/home/hersco/training_new_domains/2026-09-13/mprime_phase_b_a_stage1_pw70/on/2011206605/full/completion/mprime-s1-phase-b-a-on-2011206605-e0005-pw70-k3.jsonl', jpddl_max_heap='4g', action_debug=False, puct_debug=False, rollouts=2, min_explored=10, max_explored=1000, exploration_learning_ratio=10.0, max_replay_size=150000, teacher_timeout_s=1, plan_file_name='plan_sas', limit_train_obs_size='1200', use_fluents=True, use_comparisons=False, pddls=['../problems/numeric/mprime/domain.pddl', '../problems/numeric/mprime/instances/pfile01.pddl', '../problems/numeric/mprime/instances/pfile02.pddl', '../problems/numeric/mprime/instances/pfile04.pddl', '../problems/numeric/mprime/instances/pfile05.pddl', '../problems/numeric/mprime/instances/pfile09.pddl', '../problems/numeric/mprime/instances/pfile13.pddl', '../problems/numeric/mprime/instances/pfile14.pddl', '../problems/numeric/mprime/instances/pfile15.pddl', '../problems/numeric/mprime/instances/pfile16.pddl', '../problems/numeric/mprime/instances/pfile18.pddl', '../problems/numeric/mprime/instances/pfile19.pddl', '../problems/numeric/mprime/instances/pfile20.pddl', '../problems/numeric/mprime/instances/pfile21.pddl', '../problems/numeric/mprime/instances/pfile22.pddl', '../problems/numeric/mprime/instances/pfile23.pddl', '../problems/numeric/mprime/instances/pfile24.pddl', '../problems/numeric/mprime/instances/pfile25.pddl', '../problems/numeric/mprime/instances/pfile26.pddl', '../problems/numeric/mprime/instances/pfile27.pddl', '../problems/numeric/mprime/instances/pfile28.pddl'], mcts_rollout_horizon=3, graceful_timeout=86400, mcts_expansion_size=20, no_eval=False, mcts_heuristic='hadd-gbfs', minimization=False, mcts_exploration_weight=0.1, mcts_progressive_widening=True, mcts_pw_min_width=3, mcts_pw_c=0.6, mcts_pw_alpha=0.5, disable_value_head=False, mcts_iterations=70, heuristic_bootstrapping=False, mcts_her_strategy=False, num_workers=3, slurm_job_id=0, worker_logs=False, corrupt_pi=None, corrupt_z=None, fixed_instance=False, original_training_set=False, sample_k_additional_states=0, profile_dir=None, profile_sample_epochs=(0, 5, 25, 100), profile_sample_every=200, freeze_train=False, goal_path_reconstruction=None, action_policy='argmax', action_policy_goal_chase_distance_threshold=None, action_policy_epsilon=0.0, action_policy_temperature=None, action_policy_decay_rate=None, action_policy_duplicate_penalty=0.0, estimator_h_to_v_coeff=1.0, use_estimator_decay=False, use_estimator=0.5, estimator_decay_epochs=None, estimator_decay_coeff_start=1.0, estimator_decay_coeff_end=0.2, validation_pddls_easy=['../problems/numeric/mprime/valid_easy/pfile0.pddl', '../problems/numeric/mprime/valid_easy/pfile1.pddl', '../problems/numeric/mprime/valid_easy/pfile2.pddl', '../problems/numeric/mprime/valid_easy/pfile3.pddl', '../problems/numeric/mprime/valid_easy/pfile4.pddl', '../problems/numeric/mprime/valid_easy/pfile5.pddl', '../problems/numeric/mprime/valid_easy/pfile6.pddl', '../problems/numeric/mprime/valid_easy/pfile7.pddl', '../problems/numeric/mprime/valid_easy/pfile8.pddl', '../problems/numeric/mprime/valid_easy/pfile9.pddl'], validation_pddls_medium=['../problems/numeric/mprime/valid_medium/pfile0.pddl', '../problems/numeric/mprime/valid_medium/pfile1.pddl', '../problems/numeric/mprime/valid_medium/pfile2.pddl', '../problems/numeric/mprime/valid_medium/pfile3.pddl', '../problems/numeric/mprime/valid_medium/pfile4.pddl', '../problems/numeric/mprime/valid_medium/pfile5.pddl', '../problems/numeric/mprime/valid_medium/pfile6.pddl', '../problems/numeric/mprime/valid_medium/pfile7.pddl', '../problems/numeric/mprime/valid_medium/pfile8.pddl', '../problems/numeric/mprime/valid_medium/pfile9.pddl'], validation_pddls_hard=['../problems/numeric/mprime/valid_hard/pfile0.pddl', '../problems/numeric/mprime/valid_hard/pfile1.pddl', '../problems/numeric/mprime/valid_hard/pfile2.pddl', '../problems/numeric/mprime/valid_hard/pfile3.pddl', '../problems/numeric/mprime/valid_hard/pfile4.pddl', '../problems/numeric/mprime/valid_hard/pfile5.pddl', '../problems/numeric/mprime/valid_hard/pfile6.pddl', '../problems/numeric/mprime/valid_hard/pfile7.pddl', '../problems/numeric/mprime/valid_hard/pfile8.pddl', '../problems/numeric/mprime/valid_hard/pfile9.pddl'], validation_on_test_instances=False)
[2062381] Setting C/Python/Numpy/TF seeds to 2011206605
Unique prefix: P[domain,pfile01,pfile02,pfile04,pfile05,pfile09,...]-S[0.003,50,enhsp-hmrp-ha-gbfs]-MO[]-T[518400]-04940370-067843
Snapshot directory: /home/hersco/bershco-nu-asnets/numeric-asnets/asnets/experiment-results/experiments_numeric.domain.mprime_validation_ipc_scale_v1-experiments_numeric.architecture_2.mprime-2026-08-27T10:22:03.307653/P[domain,pfile01,pfile02,pfile04,pfile05,pfile09,...]-S[0.003,50,enhsp-hmrp-ha-gbfs]-MO[]-T[518400]-04940370-067843/snapshots
Training supervised on random instances (SPAWN, NO RPyC)
Instances: ['../problems/numeric/mprime/domain.pddl', '../problems/numeric/mprime/instances/pfile01.pddl', '../problems/numeric/mprime/instances/pfile02.pddl', '../problems/numeric/mprime/instances/pfile04.pddl', '../problems/numeric/mprime/instances/pfile05.pddl', '../problems/numeric/mprime/instances/pfile09.pddl', '../problems/numeric/mprime/instances/pfile13.pddl', '../problems/numeric/mprime/instances/pfile14.pddl', '../problems/numeric/mprime/instances/pfile15.pddl', '../problems/numeric/mprime/instances/pfile16.pddl', '../problems/numeric/mprime/instances/pfile18.pddl', '../problems/numeric/mprime/instances/pfile19.pddl', '../problems/numeric/mprime/instances/pfile20.pddl', '../problems/numeric/mprime/instances/pfile21.pddl', '../problems/numeric/mprime/instances/pfile22.pddl', '../problems/numeric/mprime/instances/pfile23.pddl', '../problems/numeric/mprime/instances/pfile24.pddl', '../problems/numeric/mprime/instances/pfile25.pddl', '../problems/numeric/mprime/instances/pfile26.pddl', '../problems/numeric/mprime/instances/pfile27.pddl', '../problems/numeric/mprime/instances/pfile28.pddl']
Starting to parse mdpsim problem: mprime-x-1
mdpsim:../problems/numeric/mprime/domain.pddl:3: assuming `:typing' requirement
mdpsim:../problems/numeric/mprime/domain.pddl:15: assuming `:fluents' requirement
Finished parsing mdpsim problem: mprime-x-1
[WM] Successfully loaded previous weight manager from /home/hersco/bershco-nu-asnets/numeric-asnets/asnets/experiment-results/experiments_numeric.domain.mprime_validation_ipc_scale_v1-experiments_numeric.architecture_2.mprime-2026-08-27T10:22:03.307653/P[domain,pfile01,pfile02,pfile04,pfile05]-S[0.003,50,enhsp-hmrp-ha-gbfs]-MO[]-T[518400]-04915056-067843/snapshots/snapshot_5_0.750/weights.joblib
[WM LOAD CHECK] mean/std/norm= 0.021455068141222 0.22525478899478912 1.9595924615859985
[WM LOAD VERIFY] W0 saved mean/std/norm=(0.021455068141222, 0.22525478899478912, 1.9595924615859985)
[2026-09-14 00:16:33,560] [INFO] [run_asnets.py:967] Tensorboard summary path: /home/hersco/bershco-nu-asnets/numeric-asnets/asnets/experiment-results/experiments_numeric.domain.mprime_validation_ipc_scale_v1-experiments_numeric.architecture_2.mprime-2026-08-27T10:22:03.307653/P[domain,pfile01,pfile02,pfile04,pfile05,pfile09,...]-S[0.003,50,enhsp-hmrp-ha-gbfs]-MO[]-T[518400]-04940370-067843/tensorboard
[EVAL INSTANCES] stable ordered test-set positions:
[EVAL INSTANCES] 1: ../problems/numeric/mprime/instances/pfile01.pddl
[EVAL INSTANCES] 2: ../problems/numeric/mprime/instances/pfile02.pddl
[EVAL INSTANCES] 3: ../problems/numeric/mprime/instances/pfile04.pddl
[EVAL INSTANCES] 4: ../problems/numeric/mprime/instances/pfile05.pddl
[EVAL INSTANCES] 5: ../problems/numeric/mprime/instances/pfile09.pddl
[EVAL INSTANCES] 6: ../problems/numeric/mprime/instances/pfile13.pddl
[EVAL INSTANCES] 7: ../problems/numeric/mprime/instances/pfile14.pddl
[EVAL INSTANCES] 8: ../problems/numeric/mprime/instances/pfile15.pddl
[EVAL INSTANCES] 9: ../problems/numeric/mprime/instances/pfile16.pddl
[EVAL INSTANCES] 10: ../problems/numeric/mprime/instances/pfile18.pddl
[EVAL INSTANCES] 11: ../problems/numeric/mprime/instances/pfile19.pddl
[EVAL INSTANCES] 12: ../problems/numeric/mprime/instances/pfile20.pddl
[EVAL INSTANCES] 13: ../problems/numeric/mprime/instances/pfile21.pddl
[EVAL INSTANCES] 14: ../problems/numeric/mprime/instances/pfile22.pddl
[EVAL INSTANCES] 15: ../problems/numeric/mprime/instances/pfile23.pddl
[EVAL INSTANCES] 16: ../problems/numeric/mprime/instances/pfile24.pddl
[EVAL INSTANCES] 17: ../problems/numeric/mprime/instances/pfile25.pddl
[EVAL INSTANCES] 18: ../problems/numeric/mprime/instances/pfile26.pddl
[EVAL INSTANCES] 19: ../problems/numeric/mprime/instances/pfile27.pddl
[EVAL INSTANCES] 20: ../problems/numeric/mprime/instances/pfile28.pddl
[EVAL RESUME] starting wave 1; worker_count=3; instance_offset=0; total_instances=20
[EVAL RESUME] selected instance numbers: [1, 2, 3, 4, 5, 6, 7, 8, 9, 10, 11, 12, 13, 14, 15, 16, 17, 18, 19, 20]
[EVAL] worker_fn=run_worker_eval_mcts
[EVAL] worker_fn=run_worker_eval_mcts
2026-09-14 00:16:33.860451: E tensorflow/compiler/xla/stream_executor/cuda/cuda_dnn.cc:9342] Unable to register cuDNN factory: Attempting to register factory for plugin cuDNN when one has already been registered
2026-09-14 00:16:33.860512: E tensorflow/compiler/xla/stream_executor/cuda/cuda_fft.cc:609] Unable to register cuFFT factory: Attempting to register factory for plugin cuFFT when one has already been registered
2026-09-14 00:16:33.860543: E tensorflow/compiler/xla/stream_executor/cuda/cuda_blas.cc:1518] Unable to register cuBLAS factory: Attempting to register factory for plugin cuBLAS when one has already been registered
[EVAL INSTANCE] started number=1 path=../problems/numeric/mprime/instances/pfile01.pddl pid=2062567
[EVAL INSTANCE] started number=2 path=../problems/numeric/mprime/instances/pfile02.pddl pid=2062568
[EVAL INSTANCE] started number=3 path=../problems/numeric/mprime/instances/pfile04.pddl pid=2062569
mdpsim:../problems/numeric/mprime/domain.pddl:3: assuming `:typing' requirement
mdpsim:../problems/numeric/mprime/domain.pddl:15: assuming `:fluents' requirement
mdpsim:../problems/numeric/mprime/domain.pddl:3: assuming `:typing' requirement
mdpsim:../problems/numeric/mprime/domain.pddl:15: assuming `:fluents' requirement
mdpsim:../problems/numeric/mprime/domain.pddl:3: assuming `:typing' requirement
mdpsim:../problems/numeric/mprime/domain.pddl:15: assuming `:fluents' requirement
[EVAL|Easy|2062567] Setting C/Python/Numpy/TF seeds to 2011206605
Starting [EVAL|Easy|2062567] on instance [0] ../problems/numeric/mprime/instances/pfile01.pddl
Starting to parse mdpsim problem: mprime-x-1
Finished parsing mdpsim problem: mprime-x-1
[EVAL|Easy|2062567] ACTION POLICY INITIALIZED
[EVAL|Easy|2062567] policy_class = ArgmaxGoalChasePathDuplicatePenaltyPolicy
[EVAL|Easy|2062567] distance_threshold = inf
[EVAL|Easy|2062567] duplicate_penalty = 0.0
[EVAL|Easy|2062567] root_visit_tie_break = action_id
[2026-09-14 00:16:46,591] [INFO] [enhspwrapper.py:84] Created temporary domain file: /tmp/domain_heuristic_f0g1avd2.pddl
[2026-09-14 00:16:46,592] [INFO] [enhspwrapper.py:93] Created temporary instance file: /tmp/instance_heuristic_j4qbm6ta.pddl
[2026-09-14 00:16:46,968] [INFO] [enhspwrapper.py:51] Starting the heuristic server with config: hmrp-ha-gbfs
[EVAL|Easy|2062569] Setting C/Python/Numpy/TF seeds to 2011206607
Starting [EVAL|Easy|2062569] on instance [2] ../problems/numeric/mprime/instances/pfile04.pddl
Starting to parse mdpsim problem: mprime-x-4
Finished parsing mdpsim problem: mprime-x-4
[EVAL|Easy|2062569] ACTION POLICY INITIALIZED
[EVAL|Easy|2062569] policy_class = ArgmaxGoalChasePathDuplicatePenaltyPolicy
[EVAL|Easy|2062569] distance_threshold = inf
[EVAL|Easy|2062569] duplicate_penalty = 0.0
[EVAL|Easy|2062569] root_visit_tie_break = action_id
[2026-09-14 00:16:49,345] [INFO] [enhspwrapper.py:84] Created temporary domain file: /tmp/domain_heuristic_mqpbt4yq.pddl
[2026-09-14 00:16:49,346] [INFO] [enhspwrapper.py:93] Created temporary instance file: /tmp/instance_heuristic_pi_pr9fr.pddl
[2026-09-14 00:16:49,763] [INFO] [enhspwrapper.py:51] Starting the heuristic server with config: hmrp-ha-gbfs
[MCTS SEARCH SUMMARY] progressive_widening=True iterations_per_search=70 search_calls=5 nodes=473 peak_nodes=473 widening_events=248
[MCTS WIDTH SUMMARY] final_widths=(count=473 min=0 mean=1.24 median=0 p90=3 p95=4 max=10) root_widths=(count=5 min=4 mean=7.60 median=8 p90=10 p95=10 max=10) widen_event_widths=(count=248 min=2 mean=3.64 median=3 p90=5 p95=7 max=10) admitted_policy_ranks=(count=586 min=1 mean=1.86 median=2 p90=3 p95=3 max=3)
[MCTS DISTRIBUTION] final_width_counts=(0=303,2=2,3=124,4=29,5=10,7=1,8=1,9=1,10=2) node_visit_bins=(0=269,1=32,2=7,3-4=13,5-8=9,9-16=14,17-32=23,33-64=89,65-128=12,129+=5) selection_depth_bins=(0=9,1=8,2=10,3-4=21,5-8=37,9-16=69,17-32=194,33-64=2)
[MCTS WIDTH BY DEPTH] depth=0 count=349 min=3 mean=6.91 median=7 p90=10 p95=10 max=10
[MCTS WIDTH COUNTS BY DEPTH] depth=0 counts=(3=45,4=26,5=30,6=41,7=42,8=53,9=60,10=52)
[MCTS WIDTH BY DEPTH] depth=1 count=340 min=3 mean=6.84 median=7 p90=10 p95=10 max=10
[MCTS WIDTH COUNTS BY DEPTH] depth=1 counts=(3=44,4=27,5=30,6=41,7=41,8=53,9=60,10=44)
[MCTS WIDTH BY DEPTH] depth=2 count=331 min=3 mean=5.56 median=5 p90=8 p95=9 max=9
[MCTS WIDTH COUNTS BY DEPTH] depth=2 counts=(3=90,4=30,5=48,6=41,7=41,8=53,9=28)
[MCTS WIDTH BY DEPTH] depth=3-4 count=628 min=3 mean=3.96 median=3 p90=6 p95=7 max=8
[MCTS WIDTH COUNTS BY DEPTH] depth=3-4 counts=(3=373,4=73,5=72,6=62,7=41,8=7)
[MCTS WIDTH BY DEPTH] depth=5-9 count=1382 min=3 mean=3.11 median=3 p90=4 p95=4 max=5
[MCTS WIDTH COUNTS BY DEPTH] depth=5-9 counts=(3=1242,4=124,5=16)
[MCTS WIDTH BY DEPTH] depth=10-19 count=2109 min=3 mean=3.07 median=3 p90=3 p95=4 max=5
[MCTS WIDTH COUNTS BY DEPTH] depth=10-19 counts=(3=1984,4=98,5=27)
[MCTS WIDTH BY DEPTH] depth=20-49 count=1460 min=2 mean=3.12 median=3 p90=4 p95=4 max=5
[MCTS WIDTH COUNTS BY DEPTH] depth=20-49 counts=(2=61,3=1202,4=158,5=39)
[MCTS DEPTH SUMMARY] selection_depths=(count=350 min=0 mean=18.34 median=19 p90=31 p95=32 max=34) horizon_cutoffs=(count=0)
[MCTS ACTION SUMMARY] selected_raw_policy_ranks=(count=5 min=1 mean=1.00 median=1 p90=1 p95=1 max=1) known_goal_decisions=0 infeasible_known_goal_decisions=0
[MCTS TIME SUMMARY] selection=0.197748s expansion=8.822609s successor_generation=0.488653s network_inference=8.262972s evaluation=0.758201s backpropagation=0.030839s
[2026-09-14 00:16:52,908] [INFO] [enhspwrapper.py:224] Deleted temp file: /tmp/domain_heuristic_f0g1avd2.pddl
[2026-09-14 00:16:52,908] [INFO] [enhspwrapper.py:224] Deleted temp file: /tmp/instance_heuristic_j4qbm6ta.pddl
[2026-09-14 00:16:52,908] [WARNING] [enhspwrapper.py:226] Failed to delete temp file /tmp/domain_heuristic_f0g1avd2.pddl: [Errno 2] No such file or directory: '/tmp/domain_heuristic_f0g1avd2.pddl'
[2026-09-14 00:16:52,908] [WARNING] [enhspwrapper.py:226] Failed to delete temp file /tmp/instance_heuristic_j4qbm6ta.pddl: [Errno 2] No such file or directory: '/tmp/instance_heuristic_j4qbm6ta.pddl'
[EVAL INSTANCE] completed number=1 path=../problems/numeric/mprime/instances/pfile01.pddl status=success elapsed=17.05s success=1.0 steps=5
[EVAL][PLAN] EASY       | pfile01.pddl | steps=5 | plan=['overcome abrasion rest pork', 'feast rest pork okra', 'feast rest okra pear', 'feast rest pear rice', 'succumb abrasion rest rice']
[EVAL INSTANCE] started number=4 path=../problems/numeric/mprime/instances/pfile05.pddl pid=2062970
mdpsim:../problems/numeric/mprime/domain.pddl:3: assuming `:typing' requirement
mdpsim:../problems/numeric/mprime/domain.pddl:15: assuming `:fluents' requirement
[MCTS SEARCH SUMMARY] progressive_widening=True iterations_per_search=70 search_calls=9 nodes=1130 peak_nodes=1130 widening_events=512
[MCTS WIDTH SUMMARY] final_widths=(count=1130 min=0 mean=1.15 median=0 p90=3 p95=3 max=14) root_widths=(count=9 min=4 mean=9.78 median=10 p90=14 p95=14 max=14) widen_event_widths=(count=512 min=1 mean=3.76 median=3 p90=6 p95=9 max=14) admitted_policy_ranks=(count=1303 min=1 mean=1.91 median=2 p90=3 p95=3 max=3)
[MCTS DISTRIBUTION] final_width_counts=(0=731,1=3,2=1,3=356,4=18,5=12,7=1,8=1,9=1,10=1,11=1,12=1,13=1,14=2) node_visit_bins=(0=652,1=77,2=21,3-4=43,5-8=64,9-16=85,17-32=68,33-64=95,65-128=16,129+=9) selection_depth_bins=(0=13,1=12,2=12,3-4=39,5-8=104,9-16=162,17-32=214,33-64=74)
[MCTS WIDTH BY DEPTH] depth=0 count=629 min=3 mean=9.24 median=10 p90=13 p95=13 max=14
[MCTS WIDTH COUNTS BY DEPTH] depth=0 counts=(3=45,4=26,5=30,6=41,7=42,8=53,9=60,10=67,11=72,12=80,13=86,14=27)
[MCTS WIDTH BY DEPTH] depth=1 count=616 min=3 mean=9.15 median=10 p90=13 p95=13 max=14
[MCTS WIDTH COUNTS BY DEPTH] depth=1 counts=(3=44,4=27,5=30,6=41,7=41,8=53,9=60,10=67,11=72,12=80,13=86,14=15)
[MCTS WIDTH BY DEPTH] depth=2 count=603 min=3 mean=8.06 median=8 p90=12 p95=12 max=13
[MCTS WIDTH COUNTS BY DEPTH] depth=2 counts=(3=71,4=27,5=70,6=41,7=41,8=53,9=60,10=67,11=72,12=80,13=21)
[MCTS WIDTH BY DEPTH] depth=3-4 count=1161 min=3 mean=6.60 median=6 p90=10 p95=11 max=12
[MCTS WIDTH COUNTS BY DEPTH] depth=3-4 counts=(3=226,4=107,5=190,6=82,7=87,8=101,9=120,10=134,11=91,12=23)
[MCTS WIDTH BY DEPTH] depth=5-9 count=2418 min=3 mean=3.99 median=3 p90=7 p95=8 max=10
[MCTS WIDTH COUNTS BY DEPTH] depth=5-9 counts=(3=1514,4=370,5=122,6=128,7=118,8=94,9=60,10=12)
[MCTS WIDTH BY DEPTH] depth=10-19 count=3173 min=3 mean=3.00 median=3 p90=3 p95=3 max=4
[MCTS WIDTH COUNTS BY DEPTH] depth=10-19 counts=(3=3162,4=11)
[MCTS WIDTH BY DEPTH] depth=20-49 count=2378 min=0 mean=2.96 median=3 p90=3 p95=3 max=4
[MCTS WIDTH COUNTS BY DEPTH] depth=20-49 counts=(0=8,1=85,2=14,3=2161,4=110)
[MCTS DEPTH SUMMARY] selection_depths=(count=630 min=0 mean=17.06 median=15 p90=33 p95=35 max=39) horizon_cutoffs=(count=0)
[MCTS ACTION SUMMARY] selected_raw_policy_ranks=(count=9 min=1 mean=1.00 median=1 p90=1 p95=1 max=1) known_goal_decisions=0 infeasible_known_goal_decisions=0
[MCTS TIME SUMMARY] selection=0.342815s expansion=15.191803s successor_generation=2.795606s network_inference=12.229023s evaluation=1.633597s backpropagation=0.050511s
[2026-09-14 00:17:01,573] [INFO] [enhspwrapper.py:224] Deleted temp file: /tmp/domain_heuristic_mqpbt4yq.pddl
[2026-09-14 00:17:01,573] [INFO] [enhspwrapper.py:224] Deleted temp file: /tmp/instance_heuristic_pi_pr9fr.pddl
[2026-09-14 00:17:01,573] [WARNING] [enhspwrapper.py:226] Failed to delete temp file /tmp/domain_heuristic_mqpbt4yq.pddl: [Errno 2] No such file or directory: '/tmp/domain_heuristic_mqpbt4yq.pddl'
[2026-09-14 00:17:01,573] [WARNING] [enhspwrapper.py:226] Failed to delete temp file /tmp/instance_heuristic_pi_pr9fr.pddl: [Errno 2] No such file or directory: '/tmp/instance_heuristic_pi_pr9fr.pddl'
[EVAL INSTANCE] completed number=3 path=../problems/numeric/mprime/instances/pfile04.pddl status=success elapsed=25.56s success=1.0 steps=9
[EVAL][PLAN] EASY       | pfile04.pddl | steps=9 | plan=['feast aesthetics shrimp cherry', 'feast aesthetics cherry arugula', 'feast aesthetics arugula wurst', 'drink ham wurst', 'feast aesthetics wurst grapefruit', 'overcome sciatica aesthetics grapefruit', 'drink ham grapefruit', 'feast aesthetics grapefruit wurst', 'succumb sciatica aesthetics wurst']
[EVAL INSTANCE] started number=5 path=../problems/numeric/mprime/instances/pfile09.pddl pid=2063100
mdpsim:../problems/numeric/mprime/domain.pddl:3: assuming `:typing' requirement
mdpsim:../problems/numeric/mprime/domain.pddl:15: assuming `:fluents' requirement
[EVAL|Easy|2062568] Setting C/Python/Numpy/TF seeds to 2011206606
Starting [EVAL|Easy|2062568] on instance [1] ../problems/numeric/mprime/instances/pfile02.pddl
Starting to parse mdpsim problem: mprime-x-2
Finished parsing mdpsim problem: mprime-x-2
[EVAL|Easy|2062568] ACTION POLICY INITIALIZED
[EVAL|Easy|2062568] policy_class = ArgmaxGoalChasePathDuplicatePenaltyPolicy
[EVAL|Easy|2062568] distance_threshold = inf
[EVAL|Easy|2062568] duplicate_penalty = 0.0
[EVAL|Easy|2062568] root_visit_tie_break = action_id
[2026-09-14 00:17:06,555] [INFO] [enhspwrapper.py:84] Created temporary domain file: /tmp/domain_heuristic_d6me3z4b.pddl
[2026-09-14 00:17:06,555] [INFO] [enhspwrapper.py:93] Created temporary instance file: /tmp/instance_heuristic_w_dt08xl.pddl
[2026-09-14 00:17:07,193] [INFO] [enhspwrapper.py:51] Starting the heuristic server with config: hmrp-ha-gbfs
[EVAL|Easy|2062970] Setting C/Python/Numpy/TF seeds to 2011206608
Starting [EVAL|Easy|2062970] on instance [3] ../problems/numeric/mprime/instances/pfile05.pddl
Starting to parse mdpsim problem: mprime-x-5
Finished parsing mdpsim problem: mprime-x-5
[EVAL|Easy|2062970] ACTION POLICY INITIALIZED
[EVAL|Easy|2062970] policy_class = ArgmaxGoalChasePathDuplicatePenaltyPolicy
[EVAL|Easy|2062970] distance_threshold = inf
[EVAL|Easy|2062970] duplicate_penalty = 0.0
[EVAL|Easy|2062970] root_visit_tie_break = action_id
[2026-09-14 00:17:20,351] [INFO] [enhspwrapper.py:84] Created temporary domain file: /tmp/domain_heuristic_mlvr6j76.pddl
[2026-09-14 00:17:20,351] [INFO] [enhspwrapper.py:93] Created temporary instance file: /tmp/instance_heuristic_8wuumg69.pddl
[2026-09-14 00:17:20,884] [INFO] [enhspwrapper.py:51] Starting the heuristic server with config: hmrp-ha-gbfs
[EVAL|Easy|2063100] Setting C/Python/Numpy/TF seeds to 2011206609
Starting [EVAL|Easy|2063100] on instance [4] ../problems/numeric/mprime/instances/pfile09.pddl
Starting to parse mdpsim problem: mprime-x-9
Finished parsing mdpsim problem: mprime-x-9
[EVAL|Easy|2063100] ACTION POLICY INITIALIZED
[EVAL|Easy|2063100] policy_class = ArgmaxGoalChasePathDuplicatePenaltyPolicy
[EVAL|Easy|2063100] distance_threshold = inf
[EVAL|Easy|2063100] duplicate_penalty = 0.0
[EVAL|Easy|2063100] root_visit_tie_break = action_id
[2026-09-14 00:17:24,646] [INFO] [enhspwrapper.py:84] Created temporary domain file: /tmp/domain_heuristic_r0agpzuq.pddl
[2026-09-14 00:17:24,647] [INFO] [enhspwrapper.py:93] Created temporary instance file: /tmp/instance_heuristic_xpyb3_c6.pddl
[2026-09-14 00:17:25,238] [INFO] [enhspwrapper.py:51] Starting the heuristic server with config: hmrp-ha-gbfs
[MCTS SEARCH SUMMARY] progressive_widening=True iterations_per_search=70 search_calls=7 nodes=856 peak_nodes=856 widening_events=422
[MCTS WIDTH SUMMARY] final_widths=(count=856 min=0 mean=1.27 median=0 p90=3 p95=3 max=12) root_widths=(count=7 min=4 mean=8.71 median=9 p90=12 p95=12 max=12) widen_event_widths=(count=422 min=3 mean=3.63 median=3 p90=5 p95=7 max=12) admitted_policy_ranks=(count=1088 min=1 mean=1.92 median=2 p90=3 p95=3 max=3)
[MCTS DISTRIBUTION] final_width_counts=(0=523,3=301,4=15,5=6,6=2,7=3,8=1,9=1,10=1,11=1,12=2) node_visit_bins=(0=479,1=45,2=6,3-4=14,5-8=60,9-16=83,17-32=107,33-64=42,65-128=11,129+=9) selection_depth_bins=(0=11,1=10,2=11,3-4=30,5-8=78,9-16=134,17-32=129,33-64=87)
[MCTS WIDTH BY DEPTH] depth=0 count=489 min=3 mean=8.10 median=9 p90=11 p95=11 max=12
[MCTS WIDTH COUNTS BY DEPTH] depth=0 counts=(3=45,4=26,5=30,6=41,7=42,8=53,9=60,10=67,11=104,12=21)
[MCTS WIDTH BY DEPTH] depth=1 count=478 min=3 mean=8.02 median=9 p90=11 p95=12 max=12
[MCTS WIDTH COUNTS BY DEPTH] depth=1 counts=(3=44,4=27,5=30,6=41,7=41,8=53,9=60,10=99,11=40,12=43)
[MCTS WIDTH BY DEPTH] depth=2 count=468 min=3 mean=6.95 median=7 p90=10 p95=11 max=11
[MCTS WIDTH COUNTS BY DEPTH] depth=2 counts=(3=60,4=27,5=41,6=78,7=61,8=53,9=76,10=35,11=37)
[MCTS WIDTH BY DEPTH] depth=3-4 count=890 min=3 mean=5.19 median=5 p90=8 p95=9 max=10
[MCTS WIDTH COUNTS BY DEPTH] depth=3-4 counts=(3=330,4=113,5=79,6=95,7=87,8=100,9=58,10=28)
[MCTS WIDTH BY DEPTH] depth=5-9 count=1876 min=3 mean=3.54 median=3 p90=5 p95=6 max=7
[MCTS WIDTH COUNTS BY DEPTH] depth=5-9 counts=(3=1358,4=217,5=155,6=98,7=48)
[MCTS WIDTH BY DEPTH] depth=10-19 count=2445 min=3 mean=3.14 median=3 p90=4 p95=4 max=6
[MCTS WIDTH COUNTS BY DEPTH] depth=10-19 counts=(3=2192,4=170,5=72,6=11)
[MCTS WIDTH BY DEPTH] depth=20-49 count=1984 min=3 mean=3.01 median=3 p90=3 p95=3 max=4
[MCTS WIDTH COUNTS BY DEPTH] depth=20-49 counts=(3=1969,4=15)
[MCTS DEPTH SUMMARY] selection_depths=(count=490 min=0 mean=17.29 median=15 p90=35 p95=36 max=40) horizon_cutoffs=(count=0)
[MCTS ACTION SUMMARY] selected_raw_policy_ranks=(count=7 min=1 mean=1.00 median=1 p90=1 p95=1 max=1) known_goal_decisions=0 infeasible_known_goal_decisions=0
[MCTS TIME SUMMARY] selection=0.263479s expansion=39.649613s successor_generation=10.452791s network_inference=28.875648s evaluation=5.049480s backpropagation=0.047638s
[2026-09-14 00:17:38,071] [INFO] [enhspwrapper.py:224] Deleted temp file: /tmp/domain_heuristic_d6me3z4b.pddl
[2026-09-14 00:17:38,071] [INFO] [enhspwrapper.py:224] Deleted temp file: /tmp/instance_heuristic_w_dt08xl.pddl
[2026-09-14 00:17:38,071] [WARNING] [enhspwrapper.py:226] Failed to delete temp file /tmp/domain_heuristic_d6me3z4b.pddl: [Errno 2] No such file or directory: '/tmp/domain_heuristic_d6me3z4b.pddl'
[2026-09-14 00:17:38,071] [WARNING] [enhspwrapper.py:226] Failed to delete temp file /tmp/instance_heuristic_w_dt08xl.pddl: [Errno 2] No such file or directory: '/tmp/instance_heuristic_w_dt08xl.pddl'
[EVAL INSTANCE] completed number=2 path=../problems/numeric/mprime/instances/pfile02.pddl status=success elapsed=62.17s success=1.0 steps=7
[EVAL][PLAN] EASY       | pfile02.pddl | steps=7 | plan=['overcome grief-7 entertainment ham', 'feast entertainment ham muffin', 'overcome depression-1 entertainment muffin', 'feast entertainment muffin onion', 'feast entertainment onion beef', 'succumb grief-7 entertainment beef', 'succumb depression-1 entertainment beef']
[EVAL INSTANCE] started number=6 path=../problems/numeric/mprime/instances/pfile13.pddl pid=2063544
mdpsim:../problems/numeric/mprime/domain.pddl:3: assuming `:typing' requirement
mdpsim:../problems/numeric/mprime/domain.pddl:15: assuming `:fluents' requirement
[MCTS SEARCH SUMMARY] progressive_widening=True iterations_per_search=70 search_calls=12 nodes=655 peak_nodes=655 widening_events=535
[MCTS WIDTH SUMMARY] final_widths=(count=655 min=0 mean=1.69 median=0 p90=3 p95=7 max=13) root_widths=(count=12 min=4 mean=10.17 median=11 p90=13 p95=13 max=13) widen_event_widths=(count=535 min=3 mean=4.64 median=3 p90=8 p95=10 max=13) admitted_policy_ranks=(count=1105 min=1 mean=1.77 median=2 p90=3 p95=3 max=3)
[MCTS DISTRIBUTION] final_width_counts=(0=370,3=227,4=12,5=6,6=7,7=7,8=10,9=4,10=2,11=4,12=3,13=3) node_visit_bins=(0=248,1=123,2=9,3-4=27,5-8=65,9-16=43,17-32=30,33-64=59,65-128=16,129+=35) selection_depth_bins=(0=18,1=15,2=16,3-4=38,5-8=107,9-16=202,17-32=429,33-64=15)
[MCTS WIDTH BY DEPTH] depth=0 count=839 min=3 mean=9.62 median=10 p90=13 p95=13 max=13
[MCTS WIDTH COUNTS BY DEPTH] depth=0 counts=(3=45,4=26,5=30,6=41,7=42,8=53,9=66,10=130,11=147,12=163,13=96)
[MCTS WIDTH BY DEPTH] depth=1 count=821 min=3 mean=9.19 median=10 p90=12 p95=13 max=13
[MCTS WIDTH COUNTS BY DEPTH] depth=1 counts=(3=44,4=27,5=30,6=41,7=41,8=75,9=120,10=134,11=144,12=123,13=42)
[MCTS WIDTH BY DEPTH] depth=2 count=805 min=3 mean=8.37 median=9 p90=11 p95=12 max=12
[MCTS WIDTH COUNTS BY DEPTH] depth=2 counts=(3=52,4=35,5=30,6=41,7=89,8=127,9=120,10=134,11=134,12=43)
[MCTS WIDTH BY DEPTH] depth=3-4 count=1558 min=3 mean=7.30 median=8 p90=10 p95=11 max=11
[MCTS WIDTH COUNTS BY DEPTH] depth=3-4 counts=(3=188,4=109,5=70,6=153,7=236,8=220,9=240,10=232,11=110)
[MCTS WIDTH BY DEPTH] depth=5-9 count=3459 min=3 mean=5.11 median=5 p90=8 p95=8 max=10
[MCTS WIDTH COUNTS BY DEPTH] depth=5-9 counts=(3=974,4=467,5=574,6=613,7=433,8=302,9=84,10=12)
[MCTS WIDTH BY DEPTH] depth=10-19 count=4802 min=3 mean=4.18 median=3 p90=7 p95=8 max=10
[MCTS WIDTH COUNTS BY DEPTH] depth=10-19 counts=(3=2732,4=531,5=481,6=430,7=370,8=170,9=81,10=7)
[MCTS WIDTH BY DEPTH] depth=20-49 count=1961 min=3 mean=3.17 median=3 p90=3 p95=4 max=8
[MCTS WIDTH COUNTS BY DEPTH] depth=20-49 counts=(3=1767,4=106,5=48,6=29,7=6,8=5)
[MCTS DEPTH SUMMARY] selection_depths=(count=840 min=0 mean=16.30 median=17 p90=30 p95=31 max=37) horizon_cutoffs=(count=0)
[MCTS ACTION SUMMARY] selected_raw_policy_ranks=(count=12 min=1 mean=1.92 median=1 p90=1 p95=12 max=12) known_goal_decisions=0 infeasible_known_goal_decisions=0
[MCTS TIME SUMMARY] selection=0.527482s expansion=30.601596s successor_generation=6.247972s network_inference=24.055910s evaluation=6.487417s backpropagation=0.074268s
[2026-09-14 00:17:52,467] [INFO] [enhspwrapper.py:224] Deleted temp file: /tmp/domain_heuristic_r0agpzuq.pddl
[2026-09-14 00:17:52,467] [INFO] [enhspwrapper.py:224] Deleted temp file: /tmp/instance_heuristic_xpyb3_c6.pddl
[2026-09-14 00:17:52,467] [WARNING] [enhspwrapper.py:226] Failed to delete temp file /tmp/domain_heuristic_r0agpzuq.pddl: [Errno 2] No such file or directory: '/tmp/domain_heuristic_r0agpzuq.pddl'
[2026-09-14 00:17:52,467] [WARNING] [enhspwrapper.py:226] Failed to delete temp file /tmp/instance_heuristic_xpyb3_c6.pddl: [Errno 2] No such file or directory: '/tmp/instance_heuristic_xpyb3_c6.pddl'
[EVAL INSTANCE] completed number=5 path=../problems/numeric/mprime/instances/pfile09.pddl status=success elapsed=50.87s success=1.0 steps=12
[EVAL][PLAN] EASY       | pfile09.pddl | steps=12 | plan=['overcome jealousy excitement guava', 'overcome sciatica entertainment flounder', 'feast entertainment flounder hamburger', 'succumb sciatica entertainment hamburger', 'feast excitement guava haroset', 'feast excitement haroset hamburger', 'feast curiosity hotdog wurst', 'feast intoxication haroset hamburger', 'drink guava hamburger', 'feast excitement hamburger flounder', 'feast excitement flounder wurst', 'succumb jealousy excitement wurst']
[EVAL INSTANCE] started number=7 path=../problems/numeric/mprime/instances/pfile14.pddl pid=2063731
mdpsim:../problems/numeric/mprime/domain.pddl:3: assuming `:typing' requirement
mdpsim:../problems/numeric/mprime/domain.pddl:15: assuming `:fluents' requirement
[MCTS SEARCH SUMMARY] progressive_widening=True iterations_per_search=70 search_calls=11 nodes=718 peak_nodes=718 widening_events=551
[MCTS WIDTH SUMMARY] final_widths=(count=718 min=0 mean=1.68 median=0 p90=4 p95=5 max=15) root_widths=(count=11 min=4 mean=10.73 median=11 p90=15 p95=15 max=15) widen_event_widths=(count=551 min=3 mean=4.38 median=3 p90=8 p95=10 max=15) admitted_policy_ranks=(count=1203 min=1 mean=1.81 median=2 p90=3 p95=3 max=3)
[MCTS DISTRIBUTION] final_width_counts=(0=392,3=250,4=32,5=16,6=9,7=6,8=2,9=2,10=2,11=1,12=1,13=1,14=1,15=3) node_visit_bins=(0=288,1=104,2=15,3-4=30,5-8=56,9-16=61,17-32=63,33-64=50,65-128=28,129+=23) selection_depth_bins=(0=15,1=13,2=17,3-4=35,5-8=108,9-16=193,17-32=336,33-64=53)
[MCTS WIDTH BY DEPTH] depth=0 count=769 min=3 mean=10.19 median=11 p90=14 p95=15 max=15
[MCTS WIDTH COUNTS BY DEPTH] depth=0 counts=(3=45,4=26,5=30,6=41,7=42,8=53,9=60,10=67,11=72,12=80,13=86,14=104,15=63)
[MCTS WIDTH BY DEPTH] depth=1 count=754 min=3 mean=10.08 median=11 p90=14 p95=15 max=15
[MCTS WIDTH COUNTS BY DEPTH] depth=1 counts=(3=45,4=27,5=30,6=41,7=41,8=53,9=60,10=67,11=72,12=80,13=87,14=104,15=47)
[MCTS WIDTH BY DEPTH] depth=2 count=738 min=3 mean=9.17 median=10 p90=13 p95=14 max=14
[MCTS WIDTH COUNTS BY DEPTH] depth=2 counts=(3=86,4=27,5=30,6=41,7=41,8=53,9=64,10=88,11=72,12=80,13=97,14=59)
[MCTS WIDTH BY DEPTH] depth=3-4 count=1424 min=3 mean=7.92 median=8 p90=12 p95=13 max=13
[MCTS WIDTH COUNTS BY DEPTH] depth=3-4 counts=(3=241,4=54,5=77,6=119,7=105,8=148,9=169,10=134,11=144,12=160,13=73)
[MCTS WIDTH BY DEPTH] depth=5-9 count=3128 min=3 mean=5.22 median=5 p90=9 p95=10 max=12
[MCTS WIDTH COUNTS BY DEPTH] depth=5-9 counts=(3=1082,4=472,5=354,6=357,7=281,8=209,9=167,10=130,11=73,12=3)
[MCTS WIDTH BY DEPTH] depth=10-19 count=4292 min=3 mean=3.55 median=3 p90=5 p95=6 max=9
[MCTS WIDTH COUNTS BY DEPTH] depth=10-19 counts=(3=3077,4=534,5=402,6=144,7=80,8=48,9=7)
[MCTS WIDTH BY DEPTH] depth=20-49 count=2428 min=3 mean=3.45 median=3 p90=5 p95=6 max=7
[MCTS WIDTH COUNTS BY DEPTH] depth=20-49 counts=(3=1828,4=320,5=86,6=183,7=11)
[MCTS DEPTH SUMMARY] selection_depths=(count=770 min=0 mean=17.00 median=17 p90=31 p95=33 max=45) horizon_cutoffs=(count=0)
[MCTS ACTION SUMMARY] selected_raw_policy_ranks=(count=11 min=1 mean=1.00 median=1 p90=1 p95=1 max=1) known_goal_decisions=0 infeasible_known_goal_decisions=0
[MCTS TIME SUMMARY] selection=0.474460s expansion=36.632302s successor_generation=9.345988s network_inference=26.937502s evaluation=7.574636s backpropagation=0.071323s
[2026-09-14 00:17:54,862] [INFO] [enhspwrapper.py:224] Deleted temp file: /tmp/domain_heuristic_mlvr6j76.pddl
[2026-09-14 00:17:54,862] [INFO] [enhspwrapper.py:224] Deleted temp file: /tmp/instance_heuristic_8wuumg69.pddl
[2026-09-14 00:17:54,862] [WARNING] [enhspwrapper.py:226] Failed to delete temp file /tmp/domain_heuristic_mlvr6j76.pddl: [Errno 2] No such file or directory: '/tmp/domain_heuristic_mlvr6j76.pddl'
[2026-09-14 00:17:54,862] [WARNING] [enhspwrapper.py:226] Failed to delete temp file /tmp/instance_heuristic_8wuumg69.pddl: [Errno 2] No such file or directory: '/tmp/instance_heuristic_8wuumg69.pddl'
[EVAL INSTANCE] completed number=4 path=../problems/numeric/mprime/instances/pfile05.pddl status=success elapsed=61.94s success=1.0 steps=11
[EVAL][PLAN] EASY       | pfile05.pddl | steps=11 | plan=['overcome grief satisfaction broccoli', 'drink shrimp sweetroll', 'feast satisfaction broccoli chocolate', 'feast satisfaction chocolate shrimp', 'succumb grief satisfaction shrimp', 'feast lubricity sweetroll scallop', 'overcome loneliness lubricity scallop', 'drink broccoli scallop', 'feast lubricity scallop cherry', 'feast lubricity cherry shrimp', 'succumb loneliness lubricity shrimp']
[EVAL INSTANCE] started number=8 path=../problems/numeric/mprime/instances/pfile15.pddl pid=2063760
mdpsim:../problems/numeric/mprime/domain.pddl:3: assuming `:typing' requirement
mdpsim:../problems/numeric/mprime/domain.pddl:15: assuming `:fluents' requirement
[EVAL|Easy|2063760] Setting C/Python/Numpy/TF seeds to 2011206612
Starting [EVAL|Easy|2063760] on instance [7] ../problems/numeric/mprime/instances/pfile15.pddl
Starting to parse mdpsim problem: mprime-x-15
Finished parsing mdpsim problem: mprime-x-15
[EVAL|Easy|2063760] ACTION POLICY INITIALIZED
[EVAL|Easy|2063760] policy_class = ArgmaxGoalChasePathDuplicatePenaltyPolicy
[EVAL|Easy|2063760] distance_threshold = inf
[EVAL|Easy|2063760] duplicate_penalty = 0.0
[EVAL|Easy|2063760] root_visit_tie_break = action_id
[2026-09-14 00:19:25,051] [INFO] [enhspwrapper.py:84] Created temporary domain file: /tmp/domain_heuristic_p9qj77b1.pddl
[2026-09-14 00:19:25,052] [INFO] [enhspwrapper.py:93] Created temporary instance file: /tmp/instance_heuristic_xqzn4l2n.pddl
[2026-09-14 00:19:26,326] [INFO] [enhspwrapper.py:51] Starting the heuristic server with config: hmrp-ha-gbfs
[EVAL|Easy|2063544] Setting C/Python/Numpy/TF seeds to 2011206610
Starting [EVAL|Easy|2063544] on instance [5] ../problems/numeric/mprime/instances/pfile13.pddl
Starting to parse mdpsim problem: mprime-x-13
Finished parsing mdpsim problem: mprime-x-13
[EVAL|Easy|2063544] ACTION POLICY INITIALIZED
[EVAL|Easy|2063544] policy_class = ArgmaxGoalChasePathDuplicatePenaltyPolicy
[EVAL|Easy|2063544] distance_threshold = inf
[EVAL|Easy|2063544] duplicate_penalty = 0.0
[EVAL|Easy|2063544] root_visit_tie_break = action_id
[2026-09-14 00:22:22,177] [INFO] [enhspwrapper.py:84] Created temporary domain file: /tmp/domain_heuristic_fj61m0p8.pddl
[2026-09-14 00:22:22,177] [INFO] [enhspwrapper.py:93] Created temporary instance file: /tmp/instance_heuristic_4x0fcfo9.pddl
[2026-09-14 00:22:25,154] [INFO] [enhspwrapper.py:51] Starting the heuristic server with config: hmrp-ha-gbfs
[MCTS SEARCH SUMMARY] progressive_widening=True iterations_per_search=70 search_calls=10 nodes=1691 peak_nodes=1691 widening_events=700
[MCTS WIDTH SUMMARY] final_widths=(count=1691 min=0 mean=1.07 median=0 p90=3 p95=3 max=15) root_widths=(count=10 min=4 mean=10.30 median=10 p90=14 p95=15 max=15) widen_event_widths=(count=700 min=3 mean=3.71 median=3 p90=5 p95=8 max=15) admitted_policy_ranks=(count=1816 min=1 mean=1.92 median=2 p90=3 p95=3 max=3)
[MCTS DISTRIBUTION] final_width_counts=(0=1133,3=504,4=31,5=11,6=2,7=1,8=1,9=1,10=1,11=1,12=1,13=1,14=2,15=1) node_visit_bins=(0=1031,1=102,2=21,3-4=40,5-8=79,9-16=119,17-32=136,33-64=138,65-128=14,129+=11) selection_depth_bins=(0=14,1=12,2=13,3-4=32,5-8=85,9-16=186,17-32=201,33-64=137,65-128=20)
[MCTS WIDTH BY DEPTH] depth=0 count=699 min=3 mean=9.72 median=10 p90=14 p95=14 max=15
[MCTS WIDTH COUNTS BY DEPTH] depth=0 counts=(3=45,4=26,5=30,6=41,7=42,8=53,9=60,10=67,11=72,12=80,13=86,14=92,15=5)
[MCTS WIDTH BY DEPTH] depth=1 count=685 min=3 mean=9.64 median=10 p90=14 p95=14 max=14
[MCTS WIDTH COUNTS BY DEPTH] depth=1 counts=(3=44,4=27,5=30,6=41,7=41,8=53,9=60,10=67,11=72,12=80,13=86,14=84)
[MCTS WIDTH BY DEPTH] depth=2 count=673 min=3 mean=8.52 median=9 p90=13 p95=13 max=14
[MCTS WIDTH COUNTS BY DEPTH] depth=2 counts=(3=86,4=40,5=30,6=55,7=41,8=53,9=60,10=67,11=72,12=80,13=86,14=3)
[MCTS WIDTH BY DEPTH] depth=3-4 count=1299 min=3 mean=7.02 median=7 p90=11 p95=12 max=13
[MCTS WIDTH COUNTS BY DEPTH] depth=3-4 counts=(3=302,4=101,5=106,6=101,7=87,8=101,9=120,10=134,11=144,12=93,13=10)
[MCTS WIDTH BY DEPTH] depth=5-9 count=2877 min=3 mean=4.33 median=3 p90=8 p95=9 max=11
[MCTS WIDTH COUNTS BY DEPTH] depth=5-9 counts=(3=1716,4=275,5=216,6=176,7=159,8=141,9=113,10=71,11=10)
[MCTS WIDTH BY DEPTH] depth=10-19 count=3961 min=3 mean=3.07 median=3 p90=3 p95=4 max=5
[MCTS WIDTH COUNTS BY DEPTH] depth=10-19 counts=(3=3719,4=191,5=51)
[MCTS WIDTH BY DEPTH] depth=20-49 count=4522 min=3 mean=3.04 median=3 p90=3 p95=3 max=5
[MCTS WIDTH COUNTS BY DEPTH] depth=20-49 counts=(3=4337,4=170,5=15)
[MCTS WIDTH BY DEPTH] depth=50-99 count=617 min=3 mean=3.00 median=3 p90=3 p95=3 max=3
[MCTS WIDTH COUNTS BY DEPTH] depth=50-99 counts=(3=617)
[MCTS DEPTH SUMMARY] selection_depths=(count=700 min=0 mean=21.70 median=17 p90=48 p95=58 max=72) horizon_cutoffs=(count=0)
[MCTS ACTION SUMMARY] selected_raw_policy_ranks=(count=10 min=1 mean=1.00 median=1 p90=1 p95=1 max=1) known_goal_decisions=0 infeasible_known_goal_decisions=0
[MCTS TIME SUMMARY] selection=0.446344s expansion=237.339737s successor_generation=135.445332s network_inference=99.385939s evaluation=32.677265s backpropagation=0.086996s
[2026-09-14 00:23:15,200] [INFO] [enhspwrapper.py:224] Deleted temp file: /tmp/domain_heuristic_p9qj77b1.pddl
[2026-09-14 00:23:15,200] [INFO] [enhspwrapper.py:224] Deleted temp file: /tmp/instance_heuristic_xqzn4l2n.pddl
[2026-09-14 00:23:15,201] [WARNING] [enhspwrapper.py:226] Failed to delete temp file /tmp/domain_heuristic_p9qj77b1.pddl: [Errno 2] No such file or directory: '/tmp/domain_heuristic_p9qj77b1.pddl'
[2026-09-14 00:23:15,201] [WARNING] [enhspwrapper.py:226] Failed to delete temp file /tmp/instance_heuristic_xqzn4l2n.pddl: [Errno 2] No such file or directory: '/tmp/instance_heuristic_xqzn4l2n.pddl'
[EVAL INSTANCE] completed number=8 path=../problems/numeric/mprime/instances/pfile15.pddl status=success elapsed=320.58s success=1.0 steps=10
[EVAL][PLAN] EASY       | pfile15.pddl | steps=10 | plan=['overcome jealousy satisfaction pistachio', 'feast curiosity turkey pea', 'feast curiosity pea cod', 'feast curiosity cod chicken', 'feast empathy onion ham', 'feast satisfaction pistachio broccoli', 'feast satisfaction broccoli lemon', 'feast satisfaction lemon cod', 'feast satisfaction cod chicken', 'succumb jealousy satisfaction chicken']
[EVAL INSTANCE] started number=9 path=../problems/numeric/mprime/instances/pfile16.pddl pid=2067113
mdpsim:../problems/numeric/mprime/domain.pddl:3: assuming `:typing' requirement
mdpsim:../problems/numeric/mprime/domain.pddl:15: assuming `:fluents' requirement
[EVAL|Easy|2063731] Setting C/Python/Numpy/TF seeds to 2011206611
Starting [EVAL|Easy|2063731] on instance [6] ../problems/numeric/mprime/instances/pfile14.pddl
Starting to parse mdpsim problem: mprime-x-14
Finished parsing mdpsim problem: mprime-x-14
[EVAL|Easy|2063731] ACTION POLICY INITIALIZED
[EVAL|Easy|2063731] policy_class = ArgmaxGoalChasePathDuplicatePenaltyPolicy
[EVAL|Easy|2063731] distance_threshold = inf
[EVAL|Easy|2063731] duplicate_penalty = 0.0
[EVAL|Easy|2063731] root_visit_tie_break = action_id
[2026-09-14 00:23:44,098] [INFO] [enhspwrapper.py:84] Created temporary domain file: /tmp/domain_heuristic_uazjlwxm.pddl
[2026-09-14 00:23:44,098] [INFO] [enhspwrapper.py:93] Created temporary instance file: /tmp/instance_heuristic_0b240akk.pddl
[2026-09-14 00:23:47,107] [INFO] [enhspwrapper.py:51] Starting the heuristic server with config: hmrp-ha-gbfs
[EVAL|Easy|2067113] Setting C/Python/Numpy/TF seeds to 2011206613
Starting [EVAL|Easy|2067113] on instance [8] ../problems/numeric/mprime/instances/pfile16.pddl
Starting to parse mdpsim problem: mprime-x-16
Finished parsing mdpsim problem: mprime-x-16
[EVAL|Easy|2067113] ACTION POLICY INITIALIZED
[EVAL|Easy|2067113] policy_class = ArgmaxGoalChasePathDuplicatePenaltyPolicy
[EVAL|Easy|2067113] distance_threshold = inf
[EVAL|Easy|2067113] duplicate_penalty = 0.0
[EVAL|Easy|2067113] root_visit_tie_break = action_id
[2026-09-14 00:23:49,643] [INFO] [enhspwrapper.py:84] Created temporary domain file: /tmp/domain_heuristic_lwspzrjg.pddl
[2026-09-14 00:23:49,644] [INFO] [enhspwrapper.py:93] Created temporary instance file: /tmp/instance_heuristic_6nyc7df5.pddl
[2026-09-14 00:23:50,300] [INFO] [enhspwrapper.py:51] Starting the heuristic server with config: hmrp-ha-gbfs
[MCTS SEARCH SUMMARY] progressive_widening=True iterations_per_search=70 search_calls=6 nodes=973 peak_nodes=973 widening_events=402
[MCTS WIDTH SUMMARY] final_widths=(count=973 min=0 mean=1.15 median=0 p90=3 p95=3 max=11) root_widths=(count=6 min=4 mean=8.17 median=8 p90=11 p95=11 max=11) widen_event_widths=(count=402 min=3 mean=3.41 median=3 p90=4 p95=7 max=11) admitted_policy_ranks=(count=1116 min=1 mean=1.96 median=2 p90=3 p95=3 max=3)
[MCTS DISTRIBUTION] final_width_counts=(0=616,3=348,4=2,7=1,8=2,9=1,10=1,11=2) node_visit_bins=(0=585,1=32,2=6,3-4=20,5-8=38,9-16=70,17-32=143,33-64=70,65-128=2,129+=7) selection_depth_bins=(0=10,1=10,2=10,3-4=23,5-8=54,9-16=81,17-32=134,33-64=98)
[MCTS WIDTH BY DEPTH] depth=0 count=419 min=3 mean=7.55 median=8 p90=11 p95=11 max=11
[MCTS WIDTH COUNTS BY DEPTH] depth=0 counts=(3=45,4=26,5=30,6=41,7=42,8=53,9=60,10=70,11=52)
[MCTS WIDTH BY DEPTH] depth=1 count=408 min=3 mean=7.45 median=8 p90=11 p95=11 max=11
[MCTS WIDTH COUNTS BY DEPTH] depth=1 counts=(3=46,4=27,5=30,6=41,7=41,8=53,9=60,10=64,11=46)
[MCTS WIDTH BY DEPTH] depth=2 count=398 min=3 mean=6.21 median=6 p90=9 p95=10 max=10
[MCTS WIDTH COUNTS BY DEPTH] depth=2 counts=(3=86,4=50,5=30,6=41,7=41,8=55,9=60,10=35)
[MCTS WIDTH BY DEPTH] depth=3-4 count=759 min=3 mean=4.96 median=5 p90=8 p95=8 max=9
[MCTS WIDTH COUNTS BY DEPTH] depth=3-4 counts=(3=317,4=54,5=60,6=113,7=123,8=71,9=21)
[MCTS WIDTH BY DEPTH] depth=5-9 count=1639 min=3 mean=3.15 median=3 p90=3 p95=5 max=6
[MCTS WIDTH COUNTS BY DEPTH] depth=5-9 counts=(3=1491,4=65,5=60,6=23)
[MCTS WIDTH BY DEPTH] depth=10-19 count=2475 min=3 mean=3.00 median=3 p90=3 p95=3 max=3
[MCTS WIDTH COUNTS BY DEPTH] depth=10-19 counts=(3=2475)
[MCTS WIDTH BY DEPTH] depth=20-49 count=2528 min=3 mean=3.00 median=3 p90=3 p95=3 max=3
[MCTS WIDTH COUNTS BY DEPTH] depth=20-49 counts=(3=2528)
[MCTS DEPTH SUMMARY] selection_depths=(count=420 min=0 mean=20.39 median=19 p90=41 p95=44 max=49) horizon_cutoffs=(count=0)
[MCTS ACTION SUMMARY] selected_raw_policy_ranks=(count=6 min=1 mean=1.00 median=1 p90=1 p95=1 max=1) known_goal_decisions=0 infeasible_known_goal_decisions=0
[MCTS TIME SUMMARY] selection=0.250169s expansion=49.473680s successor_generation=14.480713s network_inference=34.582292s evaluation=4.756625s backpropagation=0.049005s
[2026-09-14 00:24:28,569] [INFO] [enhspwrapper.py:224] Deleted temp file: /tmp/domain_heuristic_lwspzrjg.pddl
[2026-09-14 00:24:28,569] [INFO] [enhspwrapper.py:224] Deleted temp file: /tmp/instance_heuristic_6nyc7df5.pddl
[2026-09-14 00:24:28,569] [WARNING] [enhspwrapper.py:226] Failed to delete temp file /tmp/domain_heuristic_lwspzrjg.pddl: [Errno 2] No such file or directory: '/tmp/domain_heuristic_lwspzrjg.pddl'
[2026-09-14 00:24:28,569] [WARNING] [enhspwrapper.py:226] Failed to delete temp file /tmp/instance_heuristic_6nyc7df5.pddl: [Errno 2] No such file or directory: '/tmp/instance_heuristic_6nyc7df5.pddl'
[EVAL INSTANCE] completed number=9 path=../problems/numeric/mprime/instances/pfile16.pddl status=success elapsed=73.13s success=1.0 steps=6
[EVAL][PLAN] EASY       | pfile16.pddl | steps=6 | plan=['overcome abrasion learning baguette', 'overcome sciatica learning baguette', 'drink rice baguette', 'feast learning baguette rice', 'succumb abrasion learning rice', 'succumb sciatica learning rice']
[EVAL INSTANCE] started number=10 path=../problems/numeric/mprime/instances/pfile18.pddl pid=2068018
mdpsim:../problems/numeric/mprime/domain.pddl:3: assuming `:typing' requirement
mdpsim:../problems/numeric/mprime/domain.pddl:15: assuming `:fluents' requirement
[EVAL|Easy|2068018] Setting C/Python/Numpy/TF seeds to 2011206614
Starting [EVAL|Easy|2068018] on instance [9] ../problems/numeric/mprime/instances/pfile18.pddl
Starting to parse mdpsim problem: mprime-x-18
Finished parsing mdpsim problem: mprime-x-18
[EVAL|Easy|2068018] ACTION POLICY INITIALIZED
[EVAL|Easy|2068018] policy_class = ArgmaxGoalChasePathDuplicatePenaltyPolicy
[EVAL|Easy|2068018] distance_threshold = inf
[EVAL|Easy|2068018] duplicate_penalty = 0.0
[EVAL|Easy|2068018] root_visit_tie_break = action_id
[2026-09-14 00:25:27,630] [INFO] [enhspwrapper.py:84] Created temporary domain file: /tmp/domain_heuristic_hzvw39uy.pddl
[2026-09-14 00:25:27,630] [INFO] [enhspwrapper.py:93] Created temporary instance file: /tmp/instance_heuristic_gx7jxk6u.pddl
[2026-09-14 00:25:28,743] [INFO] [enhspwrapper.py:51] Starting the heuristic server with config: hmrp-ha-gbfs
[MCTS SEARCH SUMMARY] progressive_widening=True iterations_per_search=70 search_calls=69 nodes=9687 peak_nodes=9687 widening_events=4547
[MCTS WIDTH SUMMARY] final_widths=(count=9687 min=0 mean=1.17 median=0 p90=3 p95=3 max=20) root_widths=(count=69 min=4 mean=15.81 median=20 p90=20 p95=20 max=20) widen_event_widths=(count=4547 min=2 mean=4.82 median=3 p90=11 p95=16 max=20) admitted_policy_ranks=(count=11342 min=1 mean=1.90 median=2 p90=3 p95=3 max=3)
[MCTS DISTRIBUTION] final_width_counts=(0=6289,2=1,3=3222,4=54,5=28,6=20,7=10,8=2,9=2,10=2,11=1,12=2,13=1,14=2,15=1,16=2,17=1,18=2,19=2,20=43) node_visit_bins=(0=5421,1=871,2=81,3-4=229,5-8=444,9-16=756,17-32=1236,33-64=519,65-128=54,129+=76) selection_depth_bins=(0=54,1=58,2=73,3-4=139,5-8=252,9-16=558,17-32=1289,33-64=1970,65-128=437)
[MCTS WIDTH BY DEPTH] depth=0 count=4829 min=3 mean=15.44 median=20 p90=20 p95=20 max=20
[MCTS WIDTH COUNTS BY DEPTH] depth=0 counts=(3=83,4=268,5=355,6=276,7=90,8=54,9=53,10=67,11=72,12=48,13=115,14=92,15=100,16=99,17=123,18=131,19=147,20=2656)
[MCTS WIDTH BY DEPTH] depth=1 count=4749 min=3 mean=15.24 median=20 p90=20 p95=20 max=20
[MCTS WIDTH COUNTS BY DEPTH] depth=1 counts=(3=721,4=146,5=65,6=37,7=46,8=53,9=59,10=61,11=40,12=103,13=91,14=92,15=82,16=117,17=127,18=135,19=132,20=2642)
[MCTS WIDTH BY DEPTH] depth=2 count=4665 min=3 mean=15.10 median=20 p90=20 p95=20 max=20
[MCTS WIDTH COUNTS BY DEPTH] depth=2 counts=(3=848,4=58,5=33,6=37,7=46,8=53,9=47,10=40,11=93,12=86,13=86,14=72,15=113,16=105,17=127,18=135,19=133,20=2553)
[MCTS WIDTH BY DEPTH] depth=3-4 count=9129 min=3 mean=15.21 median=20 p90=20 p95=20 max=20
[MCTS WIDTH COUNTS BY DEPTH] depth=3-4 counts=(3=1551,4=92,5=92,6=74,7=60,8=92,9=119,10=153,11=177,12=178,13=152,14=193,15=217,16=237,17=235,18=251,19=295,20=4961)
[MCTS WIDTH BY DEPTH] depth=5-9 count=21693 min=3 mean=14.75 median=19 p90=20 p95=20 max=20
[MCTS WIDTH COUNTS BY DEPTH] depth=5-9 counts=(3=3990,4=206,5=188,6=247,7=276,8=308,9=336,10=381,11=371,12=415,13=453,14=476,15=525,16=564,17=623,18=680,19=824,20=10830)
[MCTS WIDTH BY DEPTH] depth=10-19 count=38300 min=3 mean=13.50 median=17 p90=20 p95=20 max=20
[MCTS WIDTH COUNTS BY DEPTH] depth=10-19 counts=(3=8617,4=616,5=627,6=567,7=595,8=610,9=648,10=716,11=741,12=833,13=907,14=1010,15=1180,16=1298,17=1487,18=1596,19=1594,20=14658)
[MCTS WIDTH BY DEPTH] depth=20-49 count=67153 min=3 mean=8.08 median=4 p90=18 p95=20 max=20
[MCTS WIDTH COUNTS BY DEPTH] depth=20-49 counts=(3=31725,4=2040,5=1764,6=1746,7=1671,8=1741,9=1868,10=1996,11=2047,12=2166,13=2204,14=2203,15=2169,16=2036,17=1884,18=1771,19=1635,20=4487)
[MCTS WIDTH BY DEPTH] depth=50-99 count=14629 min=2 mean=3.03 median=3 p90=3 p95=3 max=6
[MCTS WIDTH COUNTS BY DEPTH] depth=50-99 counts=(2=1,3=14315,4=182,5=87,6=44)
[MCTS DEPTH SUMMARY] selection_depths=(count=4830 min=0 mean=33.90 median=32 p90=63 p95=71 max=96) horizon_cutoffs=(count=0)
[MCTS ACTION SUMMARY] selected_raw_policy_ranks=(count=69 min=1 mean=1.14 median=1 p90=1 p95=2 max=7) known_goal_decisions=0 infeasible_known_goal_decisions=0
[MCTS TIME SUMMARY] selection=10.435012s expansion=1351.720499s successor_generation=1174.393348s network_inference=167.199760s evaluation=435.066597s backpropagation=1.204592s
[2026-09-14 00:54:59,308] [INFO] [enhspwrapper.py:224] Deleted temp file: /tmp/domain_heuristic_hzvw39uy.pddl
[2026-09-14 00:54:59,311] [INFO] [enhspwrapper.py:224] Deleted temp file: /tmp/instance_heuristic_gx7jxk6u.pddl
[2026-09-14 00:54:59,312] [WARNING] [enhspwrapper.py:226] Failed to delete temp file /tmp/domain_heuristic_hzvw39uy.pddl: [Errno 2] No such file or directory: '/tmp/domain_heuristic_hzvw39uy.pddl'
[2026-09-14 00:54:59,312] [WARNING] [enhspwrapper.py:226] Failed to delete temp file /tmp/instance_heuristic_gx7jxk6u.pddl: [Errno 2] No such file or directory: '/tmp/instance_heuristic_gx7jxk6u.pddl'
[EVAL INSTANCE] completed number=10 path=../problems/numeric/mprime/instances/pfile18.pddl status=success elapsed=1831.06s success=1.0 steps=69
[EVAL][PLAN] EASY       | pfile18.pddl | steps=69 | plan=['feast curiosity cantelope chocolate', 'feast curiosity chocolate cantelope', 'feast satisfaction turkey potato', 'feast satisfaction potato wurst', 'feast entertainment chocolate tofu', 'feast satisfaction wurst haroset', 'drink wurst bacon', 'feast curiosity cantelope chocolate', 'feast learning pepper cantelope', 'feast learning cantelope chocolate', 'feast triumph bacon wurst', 'feast satisfaction haroset endive', 'drink wurst scallop', 'feast rest scallop lemon', 'feast rest lemon cucumber', 'feast rest cucumber pea', 'feast rest pea wonderbread', 'feast rest wonderbread tofu', 'feast rest tofu chocolate', 'drink wonderbread endive', 'feast satisfaction endive marzipan', 'overcome angina satisfaction marzipan', 'feast satisfaction marzipan orange', 'drink wurst orange', 'feast satisfaction orange turkey', 'feast satisfaction turkey broccoli', 'feast satisfaction broccoli bacon', 'drink pepper bacon', 'feast satisfaction bacon wurst', 'feast satisfaction wurst haroset', 'feast satisfaction haroset endive', 'drink pepper endive', 'feast satisfaction endive haroset', 'feast satisfaction haroset wurst', 'feast satisfaction wurst bacon', 'drink wonderbread bacon', 'feast satisfaction bacon broccoli', 'feast satisfaction broccoli turkey', 'drink pepper turkey', 'feast satisfaction turkey orange', 'drink lemon orange', 'feast satisfaction orange turkey', 'drink cucumber turkey', 'feast satisfaction turkey orange', 'drink cucumber orange', 'feast satisfaction orange marzipan', 'feast satisfaction marzipan orange', 'drink marzipan orange', 'feast satisfaction orange turkey', 'drink lemon turkey', 'feast satisfaction turkey potato', 'drink cucumber potato', 'feast satisfaction potato scallop', 'drink cucumber scallop', 'feast satisfaction scallop chicken', 'feast satisfaction chicken rice', 'feast satisfaction rice pea', 'feast satisfaction pea wonderbread', 'drink rice potato', 'succumb angina satisfaction wonderbread', 'feast entertainment tofu wonderbread', 'overcome angina satisfaction wonderbread', 'drink rice chocolate', 'feast curiosity chocolate tofu', 'drink rice bacon', 'drink rice wonderbread', 'feast satisfaction wonderbread tofu', 'feast satisfaction tofu chocolate', 'succumb angina satisfaction chocolate']
[EVAL INSTANCE] started number=11 path=../problems/numeric/mprime/instances/pfile19.pddl pid=2087244
mdpsim:../problems/numeric/mprime/domain.pddl:3: assuming `:typing' requirement
mdpsim:../problems/numeric/mprime/domain.pddl:15: assuming `:fluents' requirement
[EVAL|Easy|2087244] Setting C/Python/Numpy/TF seeds to 2011206615
Starting [EVAL|Easy|2087244] on instance [10] ../problems/numeric/mprime/instances/pfile19.pddl
Starting to parse mdpsim problem: mprime-x-19
Finished parsing mdpsim problem: mprime-x-19
[EVAL|Easy|2087244] ACTION POLICY INITIALIZED
[EVAL|Easy|2087244] policy_class = ArgmaxGoalChasePathDuplicatePenaltyPolicy
[EVAL|Easy|2087244] distance_threshold = inf
[EVAL|Easy|2087244] duplicate_penalty = 0.0
[EVAL|Easy|2087244] root_visit_tie_break = action_id
[2026-09-14 00:56:18,554] [INFO] [enhspwrapper.py:84] Created temporary domain file: /tmp/domain_heuristic_d81minsu.pddl
[2026-09-14 00:56:18,555] [INFO] [enhspwrapper.py:93] Created temporary instance file: /tmp/instance_heuristic_emj_178b.pddl
[2026-09-14 00:56:19,940] [INFO] [enhspwrapper.py:51] Starting the heuristic server with config: hmrp-ha-gbfs
[MCTS SEARCH SUMMARY] progressive_widening=True iterations_per_search=70 search_calls=6 nodes=1038 peak_nodes=1038 widening_events=404
[MCTS WIDTH SUMMARY] final_widths=(count=1038 min=0 mean=1.09 median=0 p90=3 p95=3 max=10) root_widths=(count=6 min=4 mean=7.50 median=8 p90=10 p95=10 max=10) widen_event_widths=(count=404 min=3 mean=3.32 median=3 p90=4 p95=6 max=10) admitted_policy_ranks=(count=1130 min=1 mean=1.96 median=2 p90=3 p95=3 max=3)
[MCTS DISTRIBUTION] final_width_counts=(0=675,3=353,4=2,5=1,6=1,7=1,8=2,9=1,10=2) node_visit_bins=(0=647,1=31,2=9,3-4=26,5-8=41,9-16=79,17-32=133,33-64=62,65-128=3,129+=7) selection_depth_bins=(0=10,1=12,2=12,3-4=27,5-8=54,9-16=91,17-32=137,33-64=77)
[MCTS WIDTH BY DEPTH] depth=0 count=419 min=3 mean=6.89 median=7 p90=10 p95=10 max=10
[MCTS WIDTH COUNTS BY DEPTH] depth=0 counts=(3=45,4=29,5=30,6=52,7=82,8=75,9=60,10=46)
[MCTS WIDTH BY DEPTH] depth=1 count=407 min=3 mean=6.50 median=6 p90=9 p95=10 max=10
[MCTS WIDTH COUNTS BY DEPTH] depth=1 counts=(3=46,4=38,5=60,6=71,7=41,8=53,9=60,10=38)
[MCTS WIDTH BY DEPTH] depth=2 count=394 min=3 mean=5.40 median=6 p90=8 p95=9 max=9
[MCTS WIDTH COUNTS BY DEPTH] depth=2 counts=(3=117,4=45,5=30,6=66,7=61,8=53,9=22)
[MCTS WIDTH BY DEPTH] depth=3-4 count=743 min=3 mean=3.85 median=3 p90=6 p95=7 max=8
[MCTS WIDTH COUNTS BY DEPTH] depth=3-4 counts=(3=464,4=79,5=90,6=68,7=41,8=1)
[MCTS WIDTH BY DEPTH] depth=5-9 count=1592 min=3 mean=3.04 median=3 p90=3 p95=3 max=5
[MCTS WIDTH COUNTS BY DEPTH] depth=5-9 counts=(3=1535,4=56,5=1)
[MCTS WIDTH BY DEPTH] depth=10-19 count=2305 min=3 mean=3.00 median=3 p90=3 p95=3 max=3
[MCTS WIDTH COUNTS BY DEPTH] depth=10-19 counts=(3=2305)
[MCTS WIDTH BY DEPTH] depth=20-49 count=2138 min=3 mean=3.00 median=3 p90=3 p95=3 max=3
[MCTS WIDTH COUNTS BY DEPTH] depth=20-49 counts=(3=2138)
[MCTS DEPTH SUMMARY] selection_depths=(count=420 min=0 mean=18.91 median=17 p90=39 p95=43 max=48) horizon_cutoffs=(count=0)
[MCTS ACTION SUMMARY] selected_raw_policy_ranks=(count=6 min=1 mean=1.67 median=1 p90=5 p95=5 max=5) known_goal_decisions=0 infeasible_known_goal_decisions=0
[MCTS TIME SUMMARY] selection=0.238253s expansion=134.116341s successor_generation=46.928453s network_inference=86.303411s evaluation=26.918216s backpropagation=0.056080s
[2026-09-14 00:58:23,901] [INFO] [enhspwrapper.py:224] Deleted temp file: /tmp/domain_heuristic_d81minsu.pddl
[2026-09-14 00:58:23,901] [INFO] [enhspwrapper.py:224] Deleted temp file: /tmp/instance_heuristic_emj_178b.pddl
[2026-09-14 00:58:23,902] [WARNING] [enhspwrapper.py:226] Failed to delete temp file /tmp/domain_heuristic_d81minsu.pddl: [Errno 2] No such file or directory: '/tmp/domain_heuristic_d81minsu.pddl'
[2026-09-14 00:58:23,902] [WARNING] [enhspwrapper.py:226] Failed to delete temp file /tmp/instance_heuristic_emj_178b.pddl: [Errno 2] No such file or directory: '/tmp/instance_heuristic_emj_178b.pddl'
[EVAL INSTANCE] completed number=11 path=../problems/numeric/mprime/instances/pfile19.pddl status=success elapsed=203.71s success=1.0 steps=6
[EVAL][PLAN] EASY       | pfile19.pddl | steps=6 | plan=['feast lubricity lemon beef', 'overcome abrasion lubricity beef', 'feast lubricity beef lamb', 'feast lubricity lamb haroset', 'feast lubricity haroset lobster', 'succumb abrasion lubricity lobster']
[EVAL INSTANCE] started number=12 path=../problems/numeric/mprime/instances/pfile20.pddl pid=2087652
mdpsim:../problems/numeric/mprime/domain.pddl:3: assuming `:typing' requirement
mdpsim:../problems/numeric/mprime/domain.pddl:15: assuming `:fluents' requirement
[EVAL|Easy|2087652] Setting C/Python/Numpy/TF seeds to 2011206616
Starting [EVAL|Easy|2087652] on instance [11] ../problems/numeric/mprime/instances/pfile20.pddl
Starting to parse mdpsim problem: mprime-x-20
Finished parsing mdpsim problem: mprime-x-20
[EVAL|Easy|2087652] ACTION POLICY INITIALIZED
[EVAL|Easy|2087652] policy_class = ArgmaxGoalChasePathDuplicatePenaltyPolicy
[EVAL|Easy|2087652] distance_threshold = inf
[EVAL|Easy|2087652] duplicate_penalty = 0.0
[EVAL|Easy|2087652] root_visit_tie_break = action_id
[2026-09-14 00:59:14,750] [INFO] [enhspwrapper.py:84] Created temporary domain file: /tmp/domain_heuristic_rvrlprxr.pddl
[2026-09-14 00:59:14,751] [INFO] [enhspwrapper.py:93] Created temporary instance file: /tmp/instance_heuristic_sgj4fttu.pddl
[2026-09-14 00:59:15,751] [INFO] [enhspwrapper.py:51] Starting the heuristic server with config: hmrp-ha-gbfs
[MCTS SEARCH SUMMARY] progressive_widening=True iterations_per_search=70 search_calls=18 nodes=2417 peak_nodes=2417 widening_events=1260
[MCTS WIDTH SUMMARY] final_widths=(count=2417 min=0 mean=1.21 median=0 p90=3 p95=4 max=19) root_widths=(count=18 min=4 mean=13.39 median=14 p90=19 p95=19 max=19) widen_event_widths=(count=1260 min=3 mean=4.43 median=3 p90=8 p95=12 max=19) admitted_policy_ranks=(count=2934 min=1 mean=1.86 median=2 p90=3 p95=3 max=3)
[MCTS DISTRIBUTION] final_width_counts=(0=1580,3=703,4=59,5=31,6=17,7=6,8=2,9=2,10=2,11=1,12=1,13=1,14=2,15=2,16=2,17=1,18=2,19=3) node_visit_bins=(0=1285,1=308,2=43,3-4=97,5-8=137,9-16=129,17-32=160,33-64=169,65-128=60,129+=29) selection_depth_bins=(0=21,1=17,2=20,3-4=47,5-8=129,9-16=290,17-32=393,33-64=271,65-128=72)
[MCTS WIDTH BY DEPTH] depth=0 count=1259 min=3 mean=12.91 median=14 p90=18 p95=19 max=19
[MCTS WIDTH COUNTS BY DEPTH] depth=0 counts=(3=45,4=26,5=30,6=41,7=42,8=53,9=60,10=67,11=72,12=80,13=86,14=100,15=105,16=119,17=117,18=147,19=69)
[MCTS WIDTH BY DEPTH] depth=1 count=1238 min=3 mean=12.80 median=14 p90=18 p95=18 max=19
[MCTS WIDTH COUNTS BY DEPTH] depth=1 counts=(3=44,4=27,5=30,6=41,7=41,8=53,9=60,10=67,11=72,12=80,13=86,14=104,15=100,16=119,17=135,18=135,19=44)
[MCTS WIDTH BY DEPTH] depth=2 count=1220 min=3 mean=12.40 median=13 p90=17 p95=18 max=18
[MCTS WIDTH COUNTS BY DEPTH] depth=2 counts=(3=47,4=27,5=30,6=41,7=41,8=53,9=60,10=67,11=72,12=80,13=133,14=121,15=110,16=109,17=135,18=94)
[MCTS WIDTH BY DEPTH] depth=3-4 count=2373 min=3 mean=11.24 median=12 p90=16 p95=17 max=18
[MCTS WIDTH COUNTS BY DEPTH] depth=3-4 counts=(3=157,4=60,5=82,6=82,7=87,8=125,9=173,10=154,11=168,12=241,13=219,14=187,15=231,16=247,17=151,18=9)
[MCTS WIDTH BY DEPTH] depth=5-9 count=5393 min=3 mean=8.21 median=8 p90=14 p95=15 max=16
[MCTS WIDTH COUNTS BY DEPTH] depth=5-9 counts=(3=1218,4=393,5=221,6=281,7=312,8=330,9=350,10=398,11=414,12=427,13=419,14=341,15=217,16=72)
[MCTS WIDTH BY DEPTH] depth=10-19 count=8084 min=3 mean=4.50 median=3 p90=8 p95=9 max=12
[MCTS WIDTH COUNTS BY DEPTH] depth=10-19 counts=(3=4365,4=910,5=840,6=605,7=380,8=310,9=276,10=204,11=139,12=55)
[MCTS WIDTH BY DEPTH] depth=20-49 count=9743 min=3 mean=3.24 median=3 p90=4 p95=5 max=7
[MCTS WIDTH COUNTS BY DEPTH] depth=20-49 counts=(3=8068,4=1135,5=432,6=107,7=1)
[MCTS WIDTH BY DEPTH] depth=50-99 count=2144 min=3 mean=3.00 median=3 p90=3 p95=3 max=3
[MCTS WIDTH COUNTS BY DEPTH] depth=50-99 counts=(3=2144)
[MCTS DEPTH SUMMARY] selection_depths=(count=1260 min=0 mean=24.63 median=20 p90=52 p95=67 max=83) horizon_cutoffs=(count=0)
[MCTS ACTION SUMMARY] selected_raw_policy_ranks=(count=18 min=1 mean=1.00 median=1 p90=1 p95=1 max=1) known_goal_decisions=0 infeasible_known_goal_decisions=0
[MCTS TIME SUMMARY] selection=1.364498s expansion=168.183646s successor_generation=98.880314s network_inference=66.442636s evaluation=69.813630s backpropagation=0.230900s
[2026-09-14 01:02:52,688] [INFO] [enhspwrapper.py:224] Deleted temp file: /tmp/domain_heuristic_rvrlprxr.pddl
[2026-09-14 01:02:52,688] [INFO] [enhspwrapper.py:224] Deleted temp file: /tmp/instance_heuristic_sgj4fttu.pddl
[2026-09-14 01:02:52,688] [WARNING] [enhspwrapper.py:226] Failed to delete temp file /tmp/domain_heuristic_rvrlprxr.pddl: [Errno 2] No such file or directory: '/tmp/domain_heuristic_rvrlprxr.pddl'
[2026-09-14 01:02:52,688] [WARNING] [enhspwrapper.py:226] Failed to delete temp file /tmp/instance_heuristic_sgj4fttu.pddl: [Errno 2] No such file or directory: '/tmp/instance_heuristic_sgj4fttu.pddl'
[EVAL INSTANCE] completed number=12 path=../problems/numeric/mprime/instances/pfile20.pddl status=success elapsed=268.60s success=1.0 steps=18
[EVAL][PLAN] EASY       | pfile20.pddl | steps=18 | plan=['overcome abrasion intoxication wonderbread', 'feast intoxication wonderbread yogurt', 'feast expectation orange scallion', 'feast intoxication yogurt tuna', 'feast understanding marzipan cherry', 'feast intoxication tuna sweetroll', 'feast intoxication sweetroll tuna', 'feast understanding cherry pepper', 'feast intoxication tuna sweetroll', 'feast intoxication sweetroll muffin', 'feast love mutton wonderbread', 'feast empathy pork sweetroll', 'feast intoxication muffin yogurt', 'feast intoxication yogurt tuna', 'feast intoxication tuna turkey', 'feast intoxication turkey guava', 'feast intoxication guava pepper', 'succumb abrasion intoxication pepper']
[EVAL INSTANCE] started number=13 path=../problems/numeric/mprime/instances/pfile21.pddl pid=2090440
mdpsim:../problems/numeric/mprime/domain.pddl:3: assuming `:typing' requirement
mdpsim:../problems/numeric/mprime/domain.pddl:15: assuming `:fluents' requirement
[EVAL|Easy|2090440] Setting C/Python/Numpy/TF seeds to 2011206617
Starting [EVAL|Easy|2090440] on instance [12] ../problems/numeric/mprime/instances/pfile21.pddl
Starting to parse mdpsim problem: mprime-x-21
Finished parsing mdpsim problem: mprime-x-21
[EVAL|Easy|2090440] ACTION POLICY INITIALIZED
[EVAL|Easy|2090440] policy_class = ArgmaxGoalChasePathDuplicatePenaltyPolicy
[EVAL|Easy|2090440] distance_threshold = inf
[EVAL|Easy|2090440] duplicate_penalty = 0.0
[EVAL|Easy|2090440] root_visit_tie_break = action_id
[2026-09-14 01:04:34,128] [INFO] [enhspwrapper.py:84] Created temporary domain file: /tmp/domain_heuristic_qtj4hdk9.pddl
[2026-09-14 01:04:34,128] [INFO] [enhspwrapper.py:93] Created temporary instance file: /tmp/instance_heuristic_rohzcx8h.pddl
[2026-09-14 01:04:35,507] [INFO] [enhspwrapper.py:51] Starting the heuristic server with config: hmrp-ha-gbfs
[MCTS SEARCH SUMMARY] progressive_widening=True iterations_per_search=70 search_calls=6 nodes=594 peak_nodes=594 widening_events=342
[MCTS WIDTH SUMMARY] final_widths=(count=594 min=0 mean=1.48 median=0 p90=3 p95=4 max=11) root_widths=(count=6 min=4 mean=8.17 median=8 p90=11 p95=11 max=11) widen_event_widths=(count=342 min=3 mean=3.55 median=3 p90=5 p95=7 max=11) admitted_policy_ranks=(count=880 min=1 mean=1.92 median=2 p90=3 p95=3 max=3)
[MCTS DISTRIBUTION] final_width_counts=(0=325,3=235,4=22,5=5,6=1,7=1,8=1,9=1,10=1,11=2) node_visit_bins=(0=282,1=48,2=15,3-4=12,5-8=36,9-16=78,17-32=72,33-64=35,65-128=10,129+=6) selection_depth_bins=(0=10,1=9,2=10,3-4=27,5-8=71,9-16=109,17-32=164,33-64=20)
[MCTS WIDTH BY DEPTH] depth=0 count=419 min=3 mean=7.56 median=8 p90=11 p95=11 max=11
[MCTS WIDTH COUNTS BY DEPTH] depth=0 counts=(3=45,4=26,5=30,6=41,7=42,8=53,9=60,10=67,11=55)
[MCTS WIDTH BY DEPTH] depth=1 count=409 min=3 mean=7.49 median=8 p90=11 p95=11 max=11
[MCTS WIDTH COUNTS BY DEPTH] depth=1 counts=(3=44,4=27,5=30,6=41,7=41,8=53,9=60,10=67,11=46)
[MCTS WIDTH BY DEPTH] depth=2 count=399 min=3 mean=6.41 median=6 p90=9 p95=10 max=10
[MCTS WIDTH COUNTS BY DEPTH] depth=2 counts=(3=67,4=27,5=52,6=63,7=41,8=53,9=60,10=36)
[MCTS WIDTH BY DEPTH] depth=3-4 count=758 min=3 mean=4.71 median=4 p90=7 p95=8 max=9
[MCTS WIDTH COUNTS BY DEPTH] depth=3-4 counts=(3=293,4=124,5=102,6=82,7=82,8=54,9=21)
[MCTS WIDTH BY DEPTH] depth=5-9 count=1572 min=3 mean=3.21 median=3 p90=4 p95=4 max=6
[MCTS WIDTH COUNTS BY DEPTH] depth=5-9 counts=(3=1340,4=158,5=57,6=17)
[MCTS WIDTH BY DEPTH] depth=10-19 count=2023 min=3 mean=3.08 median=3 p90=3 p95=4 max=5
[MCTS WIDTH COUNTS BY DEPTH] depth=10-19 counts=(3=1872,4=142,5=9)
[MCTS WIDTH BY DEPTH] depth=20-49 count=889 min=3 mean=3.02 median=3 p90=3 p95=3 max=4
[MCTS WIDTH COUNTS BY DEPTH] depth=20-49 counts=(3=874,4=15)
[MCTS DEPTH SUMMARY] selection_depths=(count=420 min=0 mean=15.04 median=14 p90=27 p95=32 max=37) horizon_cutoffs=(count=0)
[MCTS ACTION SUMMARY] selected_raw_policy_ranks=(count=6 min=1 mean=1.00 median=1 p90=1 p95=1 max=1) known_goal_decisions=0 infeasible_known_goal_decisions=0
[MCTS TIME SUMMARY] selection=0.206519s expansion=152.799141s successor_generation=45.704465s network_inference=106.217896s evaluation=27.054384s backpropagation=0.043679s
[2026-09-14 01:06:50,324] [INFO] [enhspwrapper.py:224] Deleted temp file: /tmp/domain_heuristic_qtj4hdk9.pddl
[2026-09-14 01:06:50,324] [INFO] [enhspwrapper.py:224] Deleted temp file: /tmp/instance_heuristic_rohzcx8h.pddl
[2026-09-14 01:06:50,325] [WARNING] [enhspwrapper.py:226] Failed to delete temp file /tmp/domain_heuristic_qtj4hdk9.pddl: [Errno 2] No such file or directory: '/tmp/domain_heuristic_qtj4hdk9.pddl'
[2026-09-14 01:06:50,325] [WARNING] [enhspwrapper.py:226] Failed to delete temp file /tmp/instance_heuristic_rohzcx8h.pddl: [Errno 2] No such file or directory: '/tmp/instance_heuristic_rohzcx8h.pddl'
[EVAL INSTANCE] completed number=13 path=../problems/numeric/mprime/instances/pfile21.pddl status=success elapsed=237.48s success=1.0 steps=6
[EVAL][PLAN] EASY       | pfile21.pddl | steps=6 | plan=['feast love flounder wurst', 'overcome sciatica love wurst', 'drink popover wurst', 'feast love wurst snickers', 'feast love snickers apple', 'succumb sciatica love apple']
[EVAL INSTANCE] started number=14 path=../problems/numeric/mprime/instances/pfile22.pddl pid=2092740
mdpsim:../problems/numeric/mprime/domain.pddl:3: assuming `:typing' requirement
mdpsim:../problems/numeric/mprime/domain.pddl:15: assuming `:fluents' requirement
[EVAL|Easy|2092740] Setting C/Python/Numpy/TF seeds to 2011206618
Starting [EVAL|Easy|2092740] on instance [13] ../problems/numeric/mprime/instances/pfile22.pddl
Starting to parse mdpsim problem: mprime-x-22
Finished parsing mdpsim problem: mprime-x-22
[EVAL|Easy|2092740] ACTION POLICY INITIALIZED
[EVAL|Easy|2092740] policy_class = ArgmaxGoalChasePathDuplicatePenaltyPolicy
[EVAL|Easy|2092740] distance_threshold = inf
[EVAL|Easy|2092740] duplicate_penalty = 0.0
[EVAL|Easy|2092740] root_visit_tie_break = action_id
[2026-09-14 01:13:07,567] [INFO] [enhspwrapper.py:84] Created temporary domain file: /tmp/domain_heuristic_5naa684i.pddl
[2026-09-14 01:13:07,567] [INFO] [enhspwrapper.py:93] Created temporary instance file: /tmp/instance_heuristic_zjycl2uv.pddl
[2026-09-14 01:13:11,735] [INFO] [enhspwrapper.py:51] Starting the heuristic server with config: hmrp-ha-gbfs
[MCTS SEARCH SUMMARY] progressive_widening=True iterations_per_search=70 search_calls=27 nodes=3978 peak_nodes=3978 widening_events=1804
[MCTS WIDTH SUMMARY] final_widths=(count=3978 min=0 mean=1.15 median=0 p90=3 p95=3 max=20) root_widths=(count=27 min=4 mean=14.56 median=16 p90=20 p95=20 max=20) widen_event_widths=(count=1804 min=3 mean=4.50 median=3 p90=10 p95=14 max=20) admitted_policy_ranks=(count=4560 min=1 mean=1.91 median=2 p90=3 p95=3 max=3)
[MCTS DISTRIBUTION] final_width_counts=(0=2600,3=1301,4=31,5=11,6=5,7=2,9=4,10=1,11=2,12=1,13=1,14=2,15=1,16=2,17=2,18=3,19=2,20=7) node_visit_bins=(0=2278,1=333,2=30,3-4=117,5-8=255,9-16=389,17-32=372,33-64=156,65-128=18,129+=30) selection_depth_bins=(0=26,1=23,2=31,3-4=65,5-8=167,9-16=416,17-32=692,33-64=462,65-128=8)
[MCTS WIDTH BY DEPTH] depth=0 count=1889 min=3 mean=14.13 median=15 p90=20 p95=20 max=20
[MCTS WIDTH COUNTS BY DEPTH] depth=0 counts=(3=45,4=48,5=60,6=54,7=26,8=141,9=83,10=67,11=72,12=80,13=91,14=99,15=101,16=118,17=127,18=135,19=143,20=399)
[MCTS WIDTH BY DEPTH] depth=1 count=1860 min=3 mean=13.95 median=15 p90=20 p95=20 max=20
[MCTS WIDTH COUNTS BY DEPTH] depth=1 counts=(3=110,4=26,5=9,6=91,7=105,8=47,9=60,10=67,11=72,12=80,13=97,14=92,15=113,16=105,17=127,18=135,19=143,20=381)
[MCTS WIDTH BY DEPTH] depth=2 count=1837 min=3 mean=13.73 median=15 p90=20 p95=20 max=20
[MCTS WIDTH COUNTS BY DEPTH] depth=2 counts=(3=84,4=73,5=81,6=52,7=46,8=47,9=60,10=67,11=72,12=90,13=87,14=92,15=113,16=116,17=132,18=189,19=148,20=288)
[MCTS WIDTH BY DEPTH] depth=3-4 count=3573 min=3 mean=12.81 median=14 p90=19 p95=20 max=20
[MCTS WIDTH COUNTS BY DEPTH] depth=3-4 counts=(3=384,4=61,5=63,6=112,7=103,8=114,9=168,10=194,11=155,12=163,13=172,14=205,15=205,16=295,17=336,18=270,19=287,20=286)
[MCTS WIDTH BY DEPTH] depth=5-9 count=8218 min=3 mean=10.23 median=11 p90=17 p95=18 max=20
[MCTS WIDTH COUNTS BY DEPTH] depth=5-9 counts=(3=1922,4=263,5=263,6=239,7=266,8=320,9=306,10=335,11=370,12=417,13=524,14=573,15=638,16=606,17=565,18=401,19=199,20=11)
[MCTS WIDTH BY DEPTH] depth=10-19 count=12544 min=3 mean=6.24 median=4 p90=12 p95=14 max=16
[MCTS WIDTH COUNTS BY DEPTH] depth=10-19 counts=(3=6128,4=522,5=476,6=513,7=538,8=608,9=646,10=659,11=622,12=603,13=477,14=371,15=265,16=116)
[MCTS WIDTH BY DEPTH] depth=20-49 count=12911 min=3 mean=3.13 median=3 p90=3 p95=4 max=8
[MCTS WIDTH COUNTS BY DEPTH] depth=20-49 counts=(3=12042,4=420,5=222,6=111,7=77,8=39)
[MCTS WIDTH BY DEPTH] depth=50-99 count=400 min=3 mean=3.00 median=3 p90=3 p95=3 max=3
[MCTS WIDTH COUNTS BY DEPTH] depth=50-99 counts=(3=400)
[MCTS DEPTH SUMMARY] selection_depths=(count=1890 min=0 mean=22.60 median=21 p90=43 p95=47 max=66) horizon_cutoffs=(count=0)
[MCTS ACTION SUMMARY] selected_raw_policy_ranks=(count=27 min=1 mean=1.22 median=1 p90=1 p95=4 max=4) known_goal_decisions=0 infeasible_known_goal_decisions=0
[MCTS TIME SUMMARY] selection=2.080087s expansion=3065.994162s successor_generation=2659.610855s network_inference=385.500630s evaluation=1083.234308s backpropagation=0.318676s
[2026-09-14 01:29:28,402] [INFO] [enhspwrapper.py:224] Deleted temp file: /tmp/domain_heuristic_fj61m0p8.pddl
[2026-09-14 01:29:28,402] [INFO] [enhspwrapper.py:224] Deleted temp file: /tmp/instance_heuristic_4x0fcfo9.pddl
[2026-09-14 01:29:28,402] [WARNING] [enhspwrapper.py:226] Failed to delete temp file /tmp/domain_heuristic_fj61m0p8.pddl: [Errno 2] No such file or directory: '/tmp/domain_heuristic_fj61m0p8.pddl'
[2026-09-14 01:29:28,402] [WARNING] [enhspwrapper.py:226] Failed to delete temp file /tmp/instance_heuristic_4x0fcfo9.pddl: [Errno 2] No such file or directory: '/tmp/instance_heuristic_4x0fcfo9.pddl'
[EVAL INSTANCE] completed number=6 path=../problems/numeric/mprime/instances/pfile13.pddl status=success elapsed=4311.80s success=1.0 steps=27
[EVAL][PLAN] EASY       | pfile13.pddl | steps=27 | plan=['feast love baguette lemon', 'overcome prostatitis-18 love lemon', 'overcome laceration-20 love lemon', 'drink lobster ham', 'feast aesthetics hamburger papaya', 'feast love lemon baguette', 'feast love baguette lobster', 'succumb prostatitis-18 love lobster', 'feast aesthetics papaya lobster', 'drink lemon lobster', 'feast love lobster marzipan', 'drink lemon marzipan', 'feast love marzipan lobster', 'drink hamburger lobster', 'feast love lobster papaya', 'feast love papaya lobster', 'drink flounder lobster', 'feast love lobster marzipan', 'drink flounder marzipan', 'feast love marzipan mutton', 'feast love mutton scallop', 'drink mutton scallop', 'feast love scallop turkey', 'feast love turkey potato', 'feast love potato muffin', 'feast love muffin ham', 'succumb laceration-20 love ham']
[EVAL INSTANCE] started number=15 path=../problems/numeric/mprime/instances/pfile23.pddl pid=2107484
mdpsim:../problems/numeric/mprime/domain.pddl:3: assuming `:typing' requirement
mdpsim:../problems/numeric/mprime/domain.pddl:15: assuming `:fluents' requirement
[EVAL|Easy|2107484] Setting C/Python/Numpy/TF seeds to 2011206619
Starting [EVAL|Easy|2107484] on instance [14] ../problems/numeric/mprime/instances/pfile23.pddl
Starting to parse mdpsim problem: mprime-x-23
Finished parsing mdpsim problem: mprime-x-23
[EVAL|Easy|2107484] ACTION POLICY INITIALIZED
[EVAL|Easy|2107484] policy_class = ArgmaxGoalChasePathDuplicatePenaltyPolicy
[EVAL|Easy|2107484] distance_threshold = inf
[EVAL|Easy|2107484] duplicate_penalty = 0.0
[EVAL|Easy|2107484] root_visit_tie_break = action_id
[2026-09-14 01:31:09,885] [INFO] [enhspwrapper.py:84] Created temporary domain file: /tmp/domain_heuristic_7qkkkpy_.pddl
[2026-09-14 01:31:09,885] [INFO] [enhspwrapper.py:93] Created temporary instance file: /tmp/instance_heuristic_r0t1n8dj.pddl
[2026-09-14 01:31:11,702] [INFO] [enhspwrapper.py:51] Starting the heuristic server with config: hmrp-ha-gbfs
[MCTS SEARCH SUMMARY] progressive_widening=True iterations_per_search=70 search_calls=18 nodes=3128 peak_nodes=3128 widening_events=1260
[MCTS WIDTH SUMMARY] final_widths=(count=3128 min=0 mean=1.04 median=0 p90=3 p95=3 max=19) root_widths=(count=18 min=4 mean=13.39 median=14 p90=19 p95=19 max=19) widen_event_widths=(count=1260 min=3 mean=4.14 median=3 p90=8 p95=12 max=19) admitted_policy_ranks=(count=3268 min=1 mean=1.92 median=2 p90=3 p95=3 max=3)
[MCTS DISTRIBUTION] final_width_counts=(0=2124,3=944,4=32,5=9,7=2,8=1,9=1,10=1,11=1,12=1,13=1,14=1,15=2,16=2,17=1,18=2,19=3) node_visit_bins=(0=1911,1=214,2=27,3-4=54,5-8=126,9-16=221,17-32=339,33-64=201,65-128=16,129+=19) selection_depth_bins=(0=21,1=17,2=19,3-4=47,5-8=109,9-16=250,17-32=420,33-64=368,65-128=9)
[MCTS WIDTH BY DEPTH] depth=0 count=1259 min=3 mean=12.93 median=14 p90=18 p95=19 max=19
[MCTS WIDTH COUNTS BY DEPTH] depth=0 counts=(3=45,4=26,5=30,6=41,7=42,8=53,9=60,10=67,11=72,12=80,13=86,14=100,15=105,16=119,17=117,18=131,19=85)
[MCTS WIDTH BY DEPTH] depth=1 count=1238 min=3 mean=12.81 median=14 p90=18 p95=18 max=19
[MCTS WIDTH COUNTS BY DEPTH] depth=1 counts=(3=44,4=27,5=30,6=41,7=41,8=53,9=60,10=67,11=72,12=80,13=86,14=104,15=100,16=119,17=127,18=135,19=52)
[MCTS WIDTH BY DEPTH] depth=2 count=1220 min=3 mean=11.92 median=13 p90=17 p95=18 max=18
[MCTS WIDTH COUNTS BY DEPTH] depth=2 counts=(3=79,4=41,5=36,6=41,7=53,8=53,9=60,10=67,11=72,12=80,13=95,14=95,15=110,16=109,17=127,18=102)
[MCTS WIDTH BY DEPTH] depth=3-4 count=2375 min=3 mean=10.55 median=11 p90=16 p95=17 max=18
[MCTS WIDTH COUNTS BY DEPTH] depth=3-4 counts=(3=334,4=94,5=69,6=109,7=92,8=101,9=120,10=134,11=144,12=171,13=182,14=187,15=223,16=231,17=167,18=17)
[MCTS WIDTH BY DEPTH] depth=5-9 count=5449 min=3 mean=7.80 median=8 p90=14 p95=15 max=16
[MCTS WIDTH COUNTS BY DEPTH] depth=5-9 counts=(3=1791,4=234,5=231,6=212,7=230,8=260,9=297,10=339,11=368,12=414,13=419,14=341,15=225,16=88)
[MCTS WIDTH BY DEPTH] depth=10-19 count=8544 min=3 mean=4.04 median=3 p90=8 p95=9 max=12
[MCTS WIDTH COUNTS BY DEPTH] depth=10-19 counts=(3=6242,4=568,5=303,6=259,7=257,8=257,9=240,10=204,11=146,12=68)
[MCTS WIDTH BY DEPTH] depth=20-49 count=10362 min=3 mean=3.01 median=3 p90=3 p95=3 max=5
[MCTS WIDTH COUNTS BY DEPTH] depth=20-49 counts=(3=10276,4=74,5=12)
[MCTS WIDTH BY DEPTH] depth=50-99 count=699 min=3 mean=3.00 median=3 p90=3 p95=3 max=3
[MCTS WIDTH COUNTS BY DEPTH] depth=50-99 counts=(3=699)
[MCTS DEPTH SUMMARY] selection_depths=(count=1260 min=0 mean=24.52 median=22 p90=47 p95=54 max=68) horizon_cutoffs=(count=0)
[MCTS ACTION SUMMARY] selected_raw_policy_ranks=(count=18 min=1 mean=1.00 median=1 p90=1 p95=1 max=1) known_goal_decisions=0 infeasible_known_goal_decisions=0
[MCTS TIME SUMMARY] selection=1.210268s expansion=378.538716s successor_generation=250.041654s network_inference=122.430792s evaluation=79.303972s backpropagation=0.207797s
[2026-09-14 01:38:03,519] [INFO] [enhspwrapper.py:224] Deleted temp file: /tmp/domain_heuristic_7qkkkpy_.pddl
[2026-09-14 01:38:03,519] [INFO] [enhspwrapper.py:224] Deleted temp file: /tmp/instance_heuristic_r0t1n8dj.pddl
[2026-09-14 01:38:03,519] [WARNING] [enhspwrapper.py:226] Failed to delete temp file /tmp/domain_heuristic_7qkkkpy_.pddl: [Errno 2] No such file or directory: '/tmp/domain_heuristic_7qkkkpy_.pddl'
[2026-09-14 01:38:03,520] [WARNING] [enhspwrapper.py:226] Failed to delete temp file /tmp/instance_heuristic_r0t1n8dj.pddl: [Errno 2] No such file or directory: '/tmp/instance_heuristic_r0t1n8dj.pddl'
[EVAL INSTANCE] completed number=15 path=../problems/numeric/mprime/instances/pfile23.pddl status=success elapsed=513.59s success=1.0 steps=18
[EVAL][PLAN] EASY       | pfile23.pddl | steps=18 | plan=['feast intoxication onion apple', 'overcome laceration intoxication apple', 'feast intoxication apple pistachio', 'feast intoxication pistachio scallop', 'feast intoxication scallop ham', 'feast intoxication ham papaya', 'feast intoxication papaya ham', 'feast intoxication ham scallop', 'feast intoxication scallop pistachio', 'feast intoxication pistachio cherry', 'feast intoxication cherry sweetroll', 'drink chicken sweetroll', 'feast intoxication sweetroll okra', 'feast intoxication okra lamb', 'feast intoxication lamb hotdog', 'drink chicken hotdog', 'feast intoxication hotdog chicken', 'succumb laceration intoxication chicken']
[EVAL INSTANCE] started number=16 path=../problems/numeric/mprime/instances/pfile24.pddl pid=2113543
mdpsim:../problems/numeric/mprime/domain.pddl:3: assuming `:typing' requirement
mdpsim:../problems/numeric/mprime/domain.pddl:15: assuming `:fluents' requirement
[EVAL|Easy|2113543] Setting C/Python/Numpy/TF seeds to 2011206620
Starting [EVAL|Easy|2113543] on instance [15] ../problems/numeric/mprime/instances/pfile24.pddl
Starting to parse mdpsim problem: mprime-x-24
Finished parsing mdpsim problem: mprime-x-24
[EVAL|Easy|2113543] ACTION POLICY INITIALIZED
[EVAL|Easy|2113543] policy_class = ArgmaxGoalChasePathDuplicatePenaltyPolicy
[EVAL|Easy|2113543] distance_threshold = inf
[EVAL|Easy|2113543] duplicate_penalty = 0.0
[EVAL|Easy|2113543] root_visit_tie_break = action_id
[2026-09-14 01:39:30,131] [INFO] [enhspwrapper.py:84] Created temporary domain file: /tmp/domain_heuristic_sempz9ch.pddl
[2026-09-14 01:39:30,132] [INFO] [enhspwrapper.py:93] Created temporary instance file: /tmp/instance_heuristic_wi911mec.pddl
[2026-09-14 01:39:31,252] [INFO] [enhspwrapper.py:51] Starting the heuristic server with config: hmrp-ha-gbfs
[MCTS SEARCH SUMMARY] progressive_widening=True iterations_per_search=70 search_calls=29 nodes=4803 peak_nodes=4803 widening_events=2008
[MCTS WIDTH SUMMARY] final_widths=(count=4803 min=0 mean=1.07 median=0 p90=3 p95=3 max=20) root_widths=(count=29 min=4 mean=15.90 median=18 p90=20 p95=20 max=20) widen_event_widths=(count=2008 min=3 mean=4.59 median=3 p90=10 p95=14 max=20) admitted_policy_ranks=(count=5140 min=1 mean=1.91 median=2 p90=3 p95=3 max=3)
[MCTS DISTRIBUTION] final_width_counts=(0=3237,3=1512,4=17,5=1,6=2,7=3,8=2,9=1,10=3,11=1,12=1,13=1,14=1,15=2,16=2,17=1,18=2,19=2,20=12) node_visit_bins=(0=2846,1=397,2=30,3-4=65,5-8=163,9-16=367,17-32=617,33-64=278,65-128=5,129+=35) selection_depth_bins=(0=23,1=19,2=23,3-4=52,5-8=133,9-16=331,17-32=705,33-64=712,65-128=32)
[MCTS WIDTH BY DEPTH] depth=0 count=2029 min=3 mean=15.57 median=17 p90=20 p95=20 max=20
[MCTS WIDTH COUNTS BY DEPTH] depth=0 counts=(3=45,4=26,5=30,6=41,7=42,8=53,9=60,10=67,11=74,12=80,13=86,14=102,15=103,16=119,17=119,18=131,19=147,20=704)
[MCTS WIDTH BY DEPTH] depth=1 count=2005 min=3 mean=15.51 median=17 p90=20 p95=20 max=20
[MCTS WIDTH COUNTS BY DEPTH] depth=1 counts=(3=45,4=27,5=30,6=41,7=41,8=53,9=60,10=67,11=72,12=80,13=86,14=104,15=100,16=119,17=127,18=135,19=143,20=675)
[MCTS WIDTH BY DEPTH] depth=2 count=1986 min=3 mean=15.04 median=16 p90=20 p95=20 max=20
[MCTS WIDTH COUNTS BY DEPTH] depth=2 counts=(3=46,4=27,5=30,6=50,7=60,8=53,9=88,10=79,11=72,12=80,13=97,14=93,15=112,16=107,17=127,18=135,19=143,20=587)
[MCTS WIDTH BY DEPTH] depth=3-4 count=3898 min=3 mean=14.11 median=15 p90=20 p95=20 max=20
[MCTS WIDTH COUNTS BY DEPTH] depth=3-4 counts=(3=193,4=80,5=90,6=132,7=129,8=151,9=145,10=145,11=144,12=173,13=180,14=189,15=221,16=233,17=246,18=270,19=294,20=883)
[MCTS WIDTH BY DEPTH] depth=5-9 count=9183 min=3 mean=11.69 median=13 p90=19 p95=20 max=20
[MCTS WIDTH COUNTS BY DEPTH] depth=5-9 counts=(3=1726,4=228,5=236,6=291,7=272,8=293,9=310,10=357,11=368,12=413,13=452,14=497,15=537,16=582,17=632,18=682,19=662,20=645)
[MCTS WIDTH BY DEPTH] depth=10-19 count=15289 min=3 mean=7.41 median=6 p90=15 p95=16 max=18
[MCTS WIDTH COUNTS BY DEPTH] depth=10-19 counts=(3=6762,4=418,5=428,6=493,7=520,8=575,9=652,10=694,11=749,12=829,13=790,14=720,15=643,16=503,17=352,18=161)
[MCTS WIDTH BY DEPTH] depth=20-49 count=20946 min=3 mean=3.33 median=3 p90=3 p95=6 max=12
[MCTS WIDTH COUNTS BY DEPTH] depth=20-49 counts=(3=19133,4=325,5=261,6=264,7=255,8=245,9=211,10=158,11=88,12=6)
[MCTS WIDTH BY DEPTH] depth=50-99 count=2038 min=3 mean=3.00 median=3 p90=3 p95=3 max=3
[MCTS WIDTH COUNTS BY DEPTH] depth=50-99 counts=(3=2038)
[MCTS DEPTH SUMMARY] selection_depths=(count=2030 min=0 mean=28.03 median=25 p90=53 p95=59 max=71) horizon_cutoffs=(count=0)
[MCTS ACTION SUMMARY] selected_raw_policy_ranks=(count=29 min=1 mean=1.00 median=1 p90=1 p95=1 max=1) known_goal_decisions=0 infeasible_known_goal_decisions=0
[MCTS TIME SUMMARY] selection=2.695707s expansion=488.251747s successor_generation=365.388067s network_inference=118.636034s evaluation=101.745480s backpropagation=0.393855s
[2026-09-14 01:48:45,588] [INFO] [enhspwrapper.py:224] Deleted temp file: /tmp/domain_heuristic_sempz9ch.pddl
[2026-09-14 01:48:45,588] [INFO] [enhspwrapper.py:224] Deleted temp file: /tmp/instance_heuristic_wi911mec.pddl
[2026-09-14 01:48:45,588] [WARNING] [enhspwrapper.py:226] Failed to delete temp file /tmp/domain_heuristic_sempz9ch.pddl: [Errno 2] No such file or directory: '/tmp/domain_heuristic_sempz9ch.pddl'
[2026-09-14 01:48:45,588] [WARNING] [enhspwrapper.py:226] Failed to delete temp file /tmp/instance_heuristic_wi911mec.pddl: [Errno 2] No such file or directory: '/tmp/instance_heuristic_wi911mec.pddl'
[EVAL INSTANCE] completed number=16 path=../problems/numeric/mprime/instances/pfile24.pddl status=success elapsed=642.11s success=1.0 steps=29
[EVAL][PLAN] EASY       | pfile24.pddl | steps=29 | plan=['feast curiosity muffin apple', 'overcome anger-12 curiosity apple', 'feast satiety bacon lettuce', 'feast satiety lettuce cherry', 'drink muffin apple', 'feast curiosity apple chocolate', 'feast curiosity chocolate pepper', 'feast curiosity pepper potato', 'feast curiosity potato melon', 'feast curiosity melon potato', 'feast curiosity potato pepper', 'feast curiosity pepper melon', 'feast curiosity melon potato', 'feast curiosity potato melon', 'feast curiosity melon pepper', 'feast curiosity pepper potato', 'feast curiosity potato pepper', 'feast curiosity pepper melon', 'feast curiosity melon pepper', 'feast curiosity pepper potato', 'feast curiosity potato wurst', 'feast curiosity wurst potato', 'feast curiosity potato pepper', 'feast curiosity pepper melon', 'feast curiosity melon muffin', 'feast curiosity muffin tofu', 'drink pepper tofu', 'feast curiosity tofu cherry', 'succumb anger-12 curiosity cherry']
[EVAL INSTANCE] started number=17 path=../problems/numeric/mprime/instances/pfile25.pddl pid=2120423
mdpsim:../problems/numeric/mprime/domain.pddl:3: assuming `:typing' requirement
mdpsim:../problems/numeric/mprime/domain.pddl:15: assuming `:fluents' requirement
[EVAL|Easy|2120423] Setting C/Python/Numpy/TF seeds to 2011206621
Starting [EVAL|Easy|2120423] on instance [16] ../problems/numeric/mprime/instances/pfile25.pddl
Starting to parse mdpsim problem: mprime-x-25
Finished parsing mdpsim problem: mprime-x-25
[EVAL|Easy|2120423] ACTION POLICY INITIALIZED
[EVAL|Easy|2120423] policy_class = ArgmaxGoalChasePathDuplicatePenaltyPolicy
[EVAL|Easy|2120423] distance_threshold = inf
[EVAL|Easy|2120423] duplicate_penalty = 0.0
[EVAL|Easy|2120423] root_visit_tie_break = action_id
[2026-09-14 01:48:58,276] [INFO] [enhspwrapper.py:84] Created temporary domain file: /tmp/domain_heuristic_n23fmi2q.pddl
[2026-09-14 01:48:58,276] [INFO] [enhspwrapper.py:93] Created temporary instance file: /tmp/instance_heuristic_9pe7n73l.pddl
[2026-09-14 01:48:58,612] [INFO] [enhspwrapper.py:51] Starting the heuristic server with config: hmrp-ha-gbfs
[MCTS SEARCH SUMMARY] progressive_widening=True iterations_per_search=70 search_calls=4 nodes=312 peak_nodes=312 widening_events=157
[MCTS WIDTH SUMMARY] final_widths=(count=312 min=0 mean=1.24 median=0 p90=3 p95=4 max=9) root_widths=(count=4 min=4 mean=7.00 median=7 p90=9 p95=9 max=9) widen_event_widths=(count=157 min=2 mean=3.55 median=3 p90=5 p95=7 max=9) admitted_policy_ranks=(count=387 min=1 mean=1.89 median=2 p90=3 p95=3 max=3)
[MCTS DISTRIBUTION] final_width_counts=(0=195,2=4,3=93,4=14,5=1,6=1,7=1,8=1,9=2) node_visit_bins=(0=174,1=20,2=3,3-4=15,5-8=29,9-16=19,17-32=9,33-64=35,65-128=4,129+=4) selection_depth_bins=(0=8,1=7,2=9,3-4=25,5-8=53,9-16=140,17-32=38)
[MCTS WIDTH BY DEPTH] depth=0 count=279 min=3 mean=6.20 median=6 p90=9 p95=9 max=9
[MCTS WIDTH COUNTS BY DEPTH] depth=0 counts=(3=45,4=26,5=30,6=41,7=42,8=53,9=42)
[MCTS WIDTH BY DEPTH] depth=1 count=271 min=3 mean=6.13 median=6 p90=9 p95=9 max=9
[MCTS WIDTH COUNTS BY DEPTH] depth=1 counts=(3=44,4=27,5=30,6=41,7=41,8=53,9=35)
[MCTS WIDTH BY DEPTH] depth=2 count=263 min=3 mean=5.08 median=5 p90=7 p95=7 max=8
[MCTS WIDTH COUNTS BY DEPTH] depth=2 counts=(3=50,4=49,5=60,6=50,7=41,8=13)
[MCTS WIDTH BY DEPTH] depth=3-4 count=484 min=3 mean=3.49 median=3 p90=5 p95=6 max=6
[MCTS WIDTH COUNTS BY DEPTH] depth=3-4 counts=(3=332,4=92,5=35,6=25)
[MCTS WIDTH BY DEPTH] depth=5-9 count=960 min=3 mean=3.03 median=3 p90=3 p95=3 max=4
[MCTS WIDTH COUNTS BY DEPTH] depth=5-9 counts=(3=933,4=27)
[MCTS WIDTH BY DEPTH] depth=10-19 count=905 min=2 mean=2.90 median=3 p90=3 p95=3 max=4
[MCTS WIDTH COUNTS BY DEPTH] depth=10-19 counts=(2=119,3=757,4=29)
[MCTS DEPTH SUMMARY] selection_depths=(count=280 min=0 mean=10.71 median=13 p90=17 p95=17 max=18) horizon_cutoffs=(count=0)
[MCTS ACTION SUMMARY] selected_raw_policy_ranks=(count=4 min=1 mean=1.00 median=1 p90=1 p95=1 max=1) known_goal_decisions=0 infeasible_known_goal_decisions=0
[MCTS TIME SUMMARY] selection=0.095696s expansion=9.083626s successor_generation=0.490435s network_inference=8.538876s evaluation=0.628068s backpropagation=0.016844s
[2026-09-14 01:49:04,102] [INFO] [enhspwrapper.py:224] Deleted temp file: /tmp/domain_heuristic_n23fmi2q.pddl
[2026-09-14 01:49:04,102] [INFO] [enhspwrapper.py:224] Deleted temp file: /tmp/instance_heuristic_9pe7n73l.pddl
[2026-09-14 01:49:04,102] [WARNING] [enhspwrapper.py:226] Failed to delete temp file /tmp/domain_heuristic_n23fmi2q.pddl: [Errno 2] No such file or directory: '/tmp/domain_heuristic_n23fmi2q.pddl'
[2026-09-14 01:49:04,103] [WARNING] [enhspwrapper.py:226] Failed to delete temp file /tmp/instance_heuristic_9pe7n73l.pddl: [Errno 2] No such file or directory: '/tmp/instance_heuristic_9pe7n73l.pddl'
[EVAL INSTANCE] completed number=17 path=../problems/numeric/mprime/instances/pfile25.pddl status=success elapsed=17.79s success=1.0 steps=4
[EVAL][PLAN] EASY       | pfile25.pddl | steps=4 | plan=['feast expectation tuna wurst', 'overcome depression expectation wurst', 'feast expectation wurst chicken', 'succumb depression expectation chicken']
[EVAL INSTANCE] started number=18 path=../problems/numeric/mprime/instances/pfile26.pddl pid=2120716
mdpsim:../problems/numeric/mprime/domain.pddl:3: assuming `:typing' requirement
mdpsim:../problems/numeric/mprime/domain.pddl:15: assuming `:fluents' requirement
[EVAL|Easy|2120716] Setting C/Python/Numpy/TF seeds to 2011206622
Starting [EVAL|Easy|2120716] on instance [17] ../problems/numeric/mprime/instances/pfile26.pddl
Starting to parse mdpsim problem: mprime-x-26
Finished parsing mdpsim problem: mprime-x-26
[EVAL|Easy|2120716] ACTION POLICY INITIALIZED
[EVAL|Easy|2120716] policy_class = ArgmaxGoalChasePathDuplicatePenaltyPolicy
[EVAL|Easy|2120716] distance_threshold = inf
[EVAL|Easy|2120716] duplicate_penalty = 0.0
[EVAL|Easy|2120716] root_visit_tie_break = action_id
[2026-09-14 01:49:29,275] [INFO] [enhspwrapper.py:84] Created temporary domain file: /tmp/domain_heuristic_wnjywi1c.pddl
[2026-09-14 01:49:29,276] [INFO] [enhspwrapper.py:93] Created temporary instance file: /tmp/instance_heuristic_8wsmpegy.pddl
[2026-09-14 01:49:30,048] [INFO] [enhspwrapper.py:51] Starting the heuristic server with config: hmrp-ha-gbfs
[MCTS SEARCH SUMMARY] progressive_widening=True iterations_per_search=70 search_calls=10 nodes=1430 peak_nodes=1430 widening_events=611
[MCTS WIDTH SUMMARY] final_widths=(count=1430 min=0 mean=1.11 median=0 p90=3 p95=3 max=15) root_widths=(count=10 min=4 mean=10.30 median=10 p90=14 p95=15 max=15) widen_event_widths=(count=611 min=2 mean=3.77 median=3 p90=6 p95=9 max=15) admitted_policy_ranks=(count=1589 min=1 mean=1.92 median=2 p90=3 p95=3 max=3)
[MCTS DISTRIBUTION] final_width_counts=(0=940,2=2,3=451,4=19,5=6,6=1,7=2,8=1,9=1,10=1,11=1,12=1,13=1,14=2,15=1) node_visit_bins=(0=862,1=78,2=9,3-4=23,5-8=53,9-16=126,17-32=172,33-64=86,65-128=10,129+=11) selection_depth_bins=(0=14,1=12,2=13,3-4=33,5-8=93,9-16=161,17-32=223,33-64=151)
[MCTS WIDTH BY DEPTH] depth=0 count=699 min=3 mean=9.72 median=10 p90=14 p95=14 max=15
[MCTS WIDTH COUNTS BY DEPTH] depth=0 counts=(3=45,4=26,5=30,6=41,7=42,8=53,9=60,10=67,11=72,12=80,13=86,14=92,15=5)
[MCTS WIDTH BY DEPTH] depth=1 count=685 min=3 mean=9.64 median=10 p90=14 p95=14 max=14
[MCTS WIDTH COUNTS BY DEPTH] depth=1 counts=(3=44,4=27,5=30,6=41,7=41,8=53,9=60,10=67,11=72,12=80,13=86,14=84)
[MCTS WIDTH BY DEPTH] depth=2 count=673 min=3 mean=8.73 median=9 p90=13 p95=13 max=14
[MCTS WIDTH COUNTS BY DEPTH] depth=2 counts=(3=58,4=27,5=30,6=63,7=74,8=53,9=60,10=67,11=72,12=80,13=86,14=3)
[MCTS WIDTH BY DEPTH] depth=3-4 count=1298 min=3 mean=7.09 median=7 p90=11 p95=12 max=13
[MCTS WIDTH COUNTS BY DEPTH] depth=3-4 counts=(3=254,4=108,5=140,6=107,7=87,8=101,9=120,10=134,11=144,12=93,13=10)
[MCTS WIDTH BY DEPTH] depth=5-9 count=2836 min=3 mean=4.31 median=3 p90=8 p95=9 max=11
[MCTS WIDTH COUNTS BY DEPTH] depth=5-9 counts=(3=1718,4=285,5=174,6=165,7=159,8=141,9=113,10=71,11=10)
[MCTS WIDTH BY DEPTH] depth=10-19 count=4017 min=3 mean=3.02 median=3 p90=3 p95=3 max=5
[MCTS WIDTH COUNTS BY DEPTH] depth=10-19 counts=(3=3935,4=71,5=11)
[MCTS WIDTH BY DEPTH] depth=20-49 count=3614 min=2 mean=3.02 median=3 p90=3 p95=3 max=4
[MCTS WIDTH COUNTS BY DEPTH] depth=20-49 counts=(2=8,3=3532,4=74)
[MCTS DEPTH SUMMARY] selection_depths=(count=700 min=0 mean=19.45 median=18 p90=37 p95=40 max=46) horizon_cutoffs=(count=0)
[MCTS ACTION SUMMARY] selected_raw_policy_ranks=(count=10 min=1 mean=1.00 median=1 p90=1 p95=1 max=1) known_goal_decisions=0 infeasible_known_goal_decisions=0
[MCTS TIME SUMMARY] selection=0.523396s expansion=39.349832s successor_generation=13.196761s network_inference=25.685275s evaluation=4.955212s backpropagation=0.093954s
[2026-09-14 01:50:03,310] [INFO] [enhspwrapper.py:224] Deleted temp file: /tmp/domain_heuristic_wnjywi1c.pddl
[2026-09-14 01:50:03,310] [INFO] [enhspwrapper.py:224] Deleted temp file: /tmp/instance_heuristic_8wsmpegy.pddl
[2026-09-14 01:50:03,310] [WARNING] [enhspwrapper.py:226] Failed to delete temp file /tmp/domain_heuristic_wnjywi1c.pddl: [Errno 2] No such file or directory: '/tmp/domain_heuristic_wnjywi1c.pddl'
[2026-09-14 01:50:03,310] [WARNING] [enhspwrapper.py:226] Failed to delete temp file /tmp/instance_heuristic_8wsmpegy.pddl: [Errno 2] No such file or directory: '/tmp/instance_heuristic_8wsmpegy.pddl'
[EVAL INSTANCE] completed number=18 path=../problems/numeric/mprime/instances/pfile26.pddl status=success elapsed=59.13s success=1.0 steps=10
[EVAL][PLAN] EASY       | pfile26.pddl | steps=10 | plan=['overcome boils entertainment haroset', 'feast entertainment haroset hamburger', 'feast entertainment hamburger snickers', 'feast entertainment snickers hamburger', 'feast entertainment hamburger scallop', 'feast entertainment scallop rice', 'feast entertainment rice pistachio', 'feast entertainment pistachio turkey', 'feast entertainment turkey papaya', 'succumb boils entertainment papaya']
[EVAL INSTANCE] started number=19 path=../problems/numeric/mprime/instances/pfile27.pddl pid=2121148
mdpsim:../problems/numeric/mprime/domain.pddl:3: assuming `:typing' requirement
mdpsim:../problems/numeric/mprime/domain.pddl:15: assuming `:fluents' requirement
[EVAL|Easy|2121148] Setting C/Python/Numpy/TF seeds to 2011206623
Starting [EVAL|Easy|2121148] on instance [18] ../problems/numeric/mprime/instances/pfile27.pddl
Starting to parse mdpsim problem: mprime-x-27
Finished parsing mdpsim problem: mprime-x-27
[EVAL|Easy|2121148] ACTION POLICY INITIALIZED
[EVAL|Easy|2121148] policy_class = ArgmaxGoalChasePathDuplicatePenaltyPolicy
[EVAL|Easy|2121148] distance_threshold = inf
[EVAL|Easy|2121148] duplicate_penalty = 0.0
[EVAL|Easy|2121148] root_visit_tie_break = action_id
[2026-09-14 01:50:23,160] [INFO] [enhspwrapper.py:84] Created temporary domain file: /tmp/domain_heuristic_kwcj3spi.pddl
[2026-09-14 01:50:23,160] [INFO] [enhspwrapper.py:93] Created temporary instance file: /tmp/instance_heuristic_55ux01ah.pddl
[2026-09-14 01:50:23,817] [INFO] [enhspwrapper.py:51] Starting the heuristic server with config: hmrp-ha-gbfs
[MCTS SEARCH SUMMARY] progressive_widening=True iterations_per_search=70 search_calls=5 nodes=928 peak_nodes=928 widening_events=350
[MCTS WIDTH SUMMARY] final_widths=(count=928 min=0 mean=1.04 median=0 p90=3 p95=3 max=10) root_widths=(count=5 min=4 mean=7.60 median=8 p90=10 p95=10 max=10) widen_event_widths=(count=350 min=2 mean=3.34 median=3 p90=4 p95=6 max=10) admitted_policy_ranks=(count=963 min=1 mean=1.95 median=2 p90=3 p95=3 max=3)
[MCTS DISTRIBUTION] final_width_counts=(0=621,2=1,3=289,4=11,6=1,7=1,8=1,9=1,10=2) node_visit_bins=(0=586,1=36,2=8,3-4=20,5-8=37,9-16=72,17-32=84,33-64=78,65-128=2,129+=5) selection_depth_bins=(0=9,1=8,2=9,3-4=23,5-8=38,9-16=78,17-32=106,33-64=79)
[MCTS WIDTH BY DEPTH] depth=0 count=349 min=3 mean=6.91 median=7 p90=10 p95=10 max=10
[MCTS WIDTH COUNTS BY DEPTH] depth=0 counts=(3=45,4=26,5=30,6=41,7=42,8=53,9=60,10=52)
[MCTS WIDTH BY DEPTH] depth=1 count=340 min=3 mean=6.84 median=7 p90=10 p95=10 max=10
[MCTS WIDTH COUNTS BY DEPTH] depth=1 counts=(3=44,4=27,5=30,6=41,7=41,8=53,9=60,10=44)
[MCTS WIDTH BY DEPTH] depth=2 count=331 min=3 mean=5.48 median=6 p90=8 p95=9 max=9
[MCTS WIDTH COUNTS BY DEPTH] depth=2 counts=(3=104,4=31,5=30,6=44,7=41,8=53,9=28)
[MCTS WIDTH BY DEPTH] depth=3-4 count=626 min=3 mean=4.00 median=3 p90=6 p95=7 max=8
[MCTS WIDTH COUNTS BY DEPTH] depth=3-4 counts=(3=368,4=57,5=90,6=63,7=41,8=7)
[MCTS WIDTH BY DEPTH] depth=5-9 count=1368 min=3 mean=3.04 median=3 p90=3 p95=3 max=4
[MCTS WIDTH COUNTS BY DEPTH] depth=5-9 counts=(3=1320,4=48)
[MCTS WIDTH BY DEPTH] depth=10-19 count=2010 min=3 mean=3.01 median=3 p90=3 p95=3 max=4
[MCTS WIDTH COUNTS BY DEPTH] depth=10-19 counts=(3=1983,4=27)
[MCTS WIDTH BY DEPTH] depth=20-49 count=2110 min=3 mean=3.00 median=3 p90=3 p95=3 max=3
[MCTS WIDTH COUNTS BY DEPTH] depth=20-49 counts=(3=2110)
[MCTS WIDTH BY DEPTH] depth=50-99 count=75 min=3 mean=3.00 median=3 p90=3 p95=3 max=3
[MCTS WIDTH COUNTS BY DEPTH] depth=50-99 counts=(3=75)
[MCTS DEPTH SUMMARY] selection_depths=(count=350 min=0 mean=20.47 median=17 p90=41 p95=46 max=60) horizon_cutoffs=(count=0)
[MCTS ACTION SUMMARY] selected_raw_policy_ranks=(count=5 min=1 mean=1.00 median=1 p90=1 p95=1 max=1) known_goal_decisions=0 infeasible_known_goal_decisions=0
[MCTS TIME SUMMARY] selection=0.241453s expansion=20.863665s successor_generation=3.934392s network_inference=16.716171s evaluation=2.046381s backpropagation=0.048790s
[2026-09-14 01:50:38,595] [INFO] [enhspwrapper.py:224] Deleted temp file: /tmp/domain_heuristic_kwcj3spi.pddl
[2026-09-14 01:50:38,596] [INFO] [enhspwrapper.py:224] Deleted temp file: /tmp/instance_heuristic_55ux01ah.pddl
[2026-09-14 01:50:38,596] [WARNING] [enhspwrapper.py:226] Failed to delete temp file /tmp/domain_heuristic_kwcj3spi.pddl: [Errno 2] No such file or directory: '/tmp/domain_heuristic_kwcj3spi.pddl'
[2026-09-14 01:50:38,596] [WARNING] [enhspwrapper.py:226] Failed to delete temp file /tmp/instance_heuristic_55ux01ah.pddl: [Errno 2] No such file or directory: '/tmp/instance_heuristic_55ux01ah.pddl'
[EVAL INSTANCE] completed number=19 path=../problems/numeric/mprime/instances/pfile27.pddl status=success elapsed=35.33s success=1.0 steps=5
[EVAL][PLAN] EASY       | pfile27.pddl | steps=5 | plan=['overcome boils satisfaction scallion', 'overcome grief satisfaction scallion', 'feast satisfaction scallion guava', 'succumb boils satisfaction guava', 'succumb grief satisfaction guava']
[EVAL INSTANCE] started number=20 path=../problems/numeric/mprime/instances/pfile28.pddl pid=2121695
mdpsim:../problems/numeric/mprime/domain.pddl:3: assuming `:typing' requirement
mdpsim:../problems/numeric/mprime/domain.pddl:15: assuming `:fluents' requirement
[EVAL|Easy|2121695] Setting C/Python/Numpy/TF seeds to 2011206624
Starting [EVAL|Easy|2121695] on instance [19] ../problems/numeric/mprime/instances/pfile28.pddl
Starting to parse mdpsim problem: mprime-x-28
Finished parsing mdpsim problem: mprime-x-28
[EVAL|Easy|2121695] ACTION POLICY INITIALIZED
[EVAL|Easy|2121695] policy_class = ArgmaxGoalChasePathDuplicatePenaltyPolicy
[EVAL|Easy|2121695] distance_threshold = inf
[EVAL|Easy|2121695] duplicate_penalty = 0.0
[EVAL|Easy|2121695] root_visit_tie_break = action_id
[2026-09-14 01:50:53,282] [INFO] [enhspwrapper.py:84] Created temporary domain file: /tmp/domain_heuristic_xip71vjb.pddl
[2026-09-14 01:50:53,283] [INFO] [enhspwrapper.py:93] Created temporary instance file: /tmp/instance_heuristic_pl89xcq7.pddl
[2026-09-14 01:50:53,664] [INFO] [enhspwrapper.py:51] Starting the heuristic server with config: hmrp-ha-gbfs
[MCTS SEARCH SUMMARY] progressive_widening=True iterations_per_search=70 search_calls=7 nodes=841 peak_nodes=841 widening_events=397
[MCTS WIDTH SUMMARY] final_widths=(count=841 min=0 mean=1.16 median=0 p90=3 p95=3 max=12) root_widths=(count=7 min=4 mean=8.71 median=9 p90=12 p95=12 max=12) widen_event_widths=(count=397 min=2 mean=3.73 median=3 p90=6 p95=8 max=12) admitted_policy_ranks=(count=979 min=1 mean=1.89 median=2 p90=3 p95=3 max=3)
[MCTS DISTRIBUTION] final_width_counts=(0=548,2=4,3=249,4=18,5=11,6=2,7=1,8=3,9=1,10=1,11=1,12=2) node_visit_bins=(0=494,1=54,2=8,3-4=17,5-8=29,9-16=52,17-32=96,33-64=63,65-128=19,129+=9) selection_depth_bins=(0=11,1=10,2=10,3-4=29,5-8=76,9-16=112,17-32=127,33-64=115)
[MCTS WIDTH BY DEPTH] depth=0 count=489 min=3 mean=8.16 median=9 p90=12 p95=12 max=12
[MCTS WIDTH COUNTS BY DEPTH] depth=0 counts=(3=45,4=26,5=30,6=41,7=42,8=53,9=60,10=67,11=73,12=52)
[MCTS WIDTH BY DEPTH] depth=1 count=478 min=3 mean=8.07 median=9 p90=11 p95=12 max=12
[MCTS WIDTH COUNTS BY DEPTH] depth=1 counts=(3=45,4=27,5=30,6=41,7=41,8=53,9=60,10=68,11=70,12=43)
[MCTS WIDTH BY DEPTH] depth=2 count=467 min=3 mean=7.04 median=8 p90=10 p95=11 max=11
[MCTS WIDTH COUNTS BY DEPTH] depth=2 counts=(3=86,4=27,5=30,6=41,7=41,8=78,9=61,10=66,11=37)
[MCTS WIDTH BY DEPTH] depth=3-4 count=897 min=3 mean=5.86 median=6 p90=9 p95=9 max=11
[MCTS WIDTH COUNTS BY DEPTH] depth=3-4 counts=(3=231,4=60,5=76,6=129,7=169,8=130,9=73,10=28,11=1)
[MCTS WIDTH BY DEPTH] depth=5-9 count=1889 min=3 mean=3.57 median=3 p90=5 p95=6 max=7
[MCTS WIDTH COUNTS BY DEPTH] depth=5-9 counts=(3=1309,4=244,5=207,6=93,7=36)
[MCTS WIDTH BY DEPTH] depth=10-19 count=2653 min=3 mean=3.10 median=3 p90=3 p95=4 max=5
[MCTS WIDTH COUNTS BY DEPTH] depth=10-19 counts=(3=2434,4=165,5=54)
[MCTS WIDTH BY DEPTH] depth=20-49 count=2532 min=2 mean=3.07 median=3 p90=3 p95=4 max=5
[MCTS WIDTH COUNTS BY DEPTH] depth=20-49 counts=(2=72,3=2249,4=175,5=36)
[MCTS DEPTH SUMMARY] selection_depths=(count=490 min=0 mean=18.79 median=16 p90=36 p95=37 max=43) horizon_cutoffs=(count=0)
[MCTS ACTION SUMMARY] selected_raw_policy_ranks=(count=7 min=1 mean=1.00 median=1 p90=1 p95=1 max=1) known_goal_decisions=0 infeasible_known_goal_decisions=0
[MCTS TIME SUMMARY] selection=0.276137s expansion=11.884126s successor_generation=1.151158s network_inference=10.622652s evaluation=1.062807s backpropagation=0.044832s
[2026-09-14 01:51:01,897] [INFO] [enhspwrapper.py:224] Deleted temp file: /tmp/domain_heuristic_xip71vjb.pddl
[2026-09-14 01:51:01,898] [INFO] [enhspwrapper.py:224] Deleted temp file: /tmp/instance_heuristic_pl89xcq7.pddl
[2026-09-14 01:51:01,898] [WARNING] [enhspwrapper.py:226] Failed to delete temp file /tmp/domain_heuristic_xip71vjb.pddl: [Errno 2] No such file or directory: '/tmp/domain_heuristic_xip71vjb.pddl'
[2026-09-14 01:51:01,898] [WARNING] [enhspwrapper.py:226] Failed to delete temp file /tmp/instance_heuristic_pl89xcq7.pddl: [Errno 2] No such file or directory: '/tmp/instance_heuristic_pl89xcq7.pddl'
[EVAL INSTANCE] completed number=20 path=../problems/numeric/mprime/instances/pfile28.pddl status=success elapsed=23.30s success=1.0 steps=7
[EVAL][PLAN] EASY       | pfile28.pddl | steps=7 | plan=['feast intoxication wurst muffin', 'overcome anger intoxication muffin', 'feast intoxication muffin broccoli', 'overcome boils intoxication broccoli', 'feast intoxication broccoli lamb', 'succumb anger intoxication lamb', 'succumb boils intoxication lamb']
[MCTS SEARCH SUMMARY] progressive_widening=True iterations_per_search=70 search_calls=31 nodes=5468 peak_nodes=5468 widening_events=2170
[MCTS WIDTH SUMMARY] final_widths=(count=5468 min=0 mean=1.02 median=0 p90=3 p95=3 max=20) root_widths=(count=31 min=4 mean=15.16 median=17 p90=20 p95=20 max=20) widen_event_widths=(count=2170 min=3 mean=4.51 median=3 p90=10 p95=14 max=20) admitted_policy_ranks=(count=5592 min=1 mean=1.92 median=2 p90=3 p95=3 max=3)
[MCTS DISTRIBUTION] final_width_counts=(0=3757,3=1655,4=12,5=8,6=2,7=2,8=2,9=1,10=2,11=1,12=3,13=1,14=1,15=2,16=1,17=2,18=2,19=2,20=12) node_visit_bins=(0=3330,1=432,2=49,3-4=108,5-8=204,9-16=378,17-32=600,33-64=321,65-128=12,129+=34) selection_depth_bins=(0=28,1=27,2=25,3-4=64,5-8=153,9-16=355,17-32=724,33-64=756,65-128=38)
[MCTS WIDTH BY DEPTH] depth=0 count=2169 min=3 mean=14.75 median=16 p90=20 p95=20 max=20
[MCTS WIDTH COUNTS BY DEPTH] depth=0 counts=(3=46,4=51,5=75,6=88,7=48,8=53,9=56,10=65,11=111,12=120,13=86,14=92,15=113,16=110,17=122,18=138,19=141,20=654)
[MCTS WIDTH BY DEPTH] depth=1 count=2137 min=3 mean=14.89 median=17 p90=20 p95=20 max=20
[MCTS WIDTH COUNTS BY DEPTH] depth=1 counts=(3=134,4=48,5=34,6=37,7=46,8=53,9=60,10=67,11=72,12=80,13=86,14=100,15=105,16=119,17=124,18=130,19=149,20=693)
[MCTS WIDTH BY DEPTH] depth=2 count=2109 min=3 mean=14.51 median=16 p90=20 p95=20 max=20
[MCTS WIDTH COUNTS BY DEPTH] depth=2 counts=(3=152,4=25,5=33,6=37,7=46,8=53,9=80,10=116,11=72,12=80,13=86,14=104,15=100,16=119,17=127,18=136,19=174,20=569)
[MCTS WIDTH BY DEPTH] depth=3-4 count=4133 min=3 mean=13.56 median=15 p90=20 p95=20 max=20
[MCTS WIDTH COUNTS BY DEPTH] depth=3-4 counts=(3=449,4=73,5=82,6=81,7=84,8=165,9=200,10=134,11=144,12=160,13=191,14=188,15=225,16=224,17=246,18=333,19=373,20=781)
[MCTS WIDTH BY DEPTH] depth=5-9 count=9689 min=3 mean=11.28 median=12 p90=19 p95=20 max=20
[MCTS WIDTH COUNTS BY DEPTH] depth=5-9 counts=(3=2098,4=251,5=187,6=275,7=344,8=332,9=300,10=341,11=370,12=416,13=456,14=515,15=633,16=677,17=730,18=684,19=571,20=509)
[MCTS WIDTH BY DEPTH] depth=10-19 count=16021 min=3 mean=7.06 median=4 p90=14 p95=16 max=19
[MCTS WIDTH COUNTS BY DEPTH] depth=10-19 counts=(3=7608,4=416,5=472,6=479,7=497,8=578,9=659,10=750,11=787,12=844,13=801,14=721,15=570,16=434,17=278,18=121,19=6)
[MCTS WIDTH BY DEPTH] depth=20-49 count=21551 min=3 mean=3.36 median=3 p90=3 p95=6 max=12
[MCTS WIDTH COUNTS BY DEPTH] depth=20-49 counts=(3=19517,4=375,5=337,6=293,7=266,8=256,9=228,10=174,11=89,12=16)
[MCTS WIDTH BY DEPTH] depth=50-99 count=1854 min=3 mean=3.00 median=3 p90=3 p95=3 max=3
[MCTS WIDTH COUNTS BY DEPTH] depth=50-99 counts=(3=1854)
[MCTS DEPTH SUMMARY] selection_depths=(count=2170 min=0 mean=27.28 median=26 p90=51 p95=57 max=73) horizon_cutoffs=(count=0)
[MCTS ACTION SUMMARY] selected_raw_policy_ranks=(count=31 min=1 mean=1.13 median=1 p90=1 p95=1 max=5) known_goal_decisions=0 infeasible_known_goal_decisions=0
[MCTS TIME SUMMARY] selection=2.843190s expansion=4429.496307s successor_generation=3898.712971s network_inference=492.748000s evaluation=1486.594564s backpropagation=0.434953s
[2026-09-14 01:59:45,762] [INFO] [enhspwrapper.py:224] Deleted temp file: /tmp/domain_heuristic_uazjlwxm.pddl
[2026-09-14 01:59:45,763] [INFO] [enhspwrapper.py:224] Deleted temp file: /tmp/instance_heuristic_0b240akk.pddl
[2026-09-14 01:59:45,763] [WARNING] [enhspwrapper.py:226] Failed to delete temp file /tmp/domain_heuristic_uazjlwxm.pddl: [Errno 2] No such file or directory: '/tmp/domain_heuristic_uazjlwxm.pddl'
[2026-09-14 01:59:45,763] [WARNING] [enhspwrapper.py:226] Failed to delete temp file /tmp/instance_heuristic_0b240akk.pddl: [Errno 2] No such file or directory: '/tmp/instance_heuristic_0b240akk.pddl'
[EVAL INSTANCE] completed number=7 path=../problems/numeric/mprime/instances/pfile14.pddl status=success elapsed=6113.76s success=1.0 steps=31
[EVAL][PLAN] EASY       | pfile14.pddl | steps=31 | plan=['feast triumph pea potato', 'feast triumph potato pea', 'feast achievement potato shrimp', 'feast triumph pea potato', 'feast curiosity chocolate baguette', 'feast achievement shrimp scallion', 'feast achievement scallion scallop', 'feast curiosity baguette lobster', 'feast achievement scallop baguette', 'feast curiosity lobster hotdog', 'feast curiosity hotdog pea', 'feast learning yogurt shrimp', 'feast aesthetics cucumber lemon', 'feast aesthetics lemon scallop', 'feast curiosity pea potato', 'drink hotdog mutton', 'feast love mutton pistachio', 'overcome anxiety-25 love pistachio', 'overcome prostatitis-23 love pistachio', 'feast love pistachio lettuce', 'feast love lettuce scallop', 'feast love scallop lemon', 'feast love lemon cucumber', 'feast love cucumber lemon', 'drink hotdog lemon', 'feast love lemon scallop', 'feast love scallop scallion', 'feast love scallion shrimp', 'feast love shrimp potato', 'succumb anxiety-25 love potato', 'succumb prostatitis-23 love potato']
[MCTS SEARCH SUMMARY] progressive_widening=True iterations_per_search=70 search_calls=35 nodes=5249 peak_nodes=5249 widening_events=2426
[MCTS WIDTH SUMMARY] final_widths=(count=5249 min=0 mean=1.12 median=0 p90=3 p95=3 max=20) root_widths=(count=35 min=4 mean=13.51 median=14 p90=20 p95=20 max=20) widen_event_widths=(count=2426 min=3 mean=4.68 median=3 p90=10 p95=12 max=20) admitted_policy_ranks=(count=5882 min=1 mean=1.88 median=2 p90=3 p95=3 max=3)
[MCTS DISTRIBUTION] final_width_counts=(0=3521,3=1644,4=8,5=3,6=5,7=1,8=4,9=4,10=10,11=8,12=9,13=11,14=5,15=2,16=3,17=1,18=2,19=2,20=6) node_visit_bins=(0=2893,1=641,2=55,3-4=98,5-8=168,9-16=337,17-32=625,33-64=354,65-128=6,129+=72) selection_depth_bins=(0=35,1=42,2=52,3-4=102,5-8=187,9-16=402,17-32=700,33-64=842,65-128=88)
[MCTS WIDTH BY DEPTH] depth=0 count=2449 min=3 mean=13.05 median=13 p90=20 p95=20 max=20
[MCTS WIDTH COUNTS BY DEPTH] depth=0 counts=(3=45,4=47,5=76,6=106,7=87,8=113,9=132,10=168,11=144,12=165,13=178,14=196,15=176,16=140,17=124,18=131,19=148,20=273)
[MCTS WIDTH BY DEPTH] depth=1 count=2407 min=3 mean=12.57 median=13 p90=20 p95=20 max=20
[MCTS WIDTH COUNTS BY DEPTH] depth=1 counts=(3=141,4=62,5=63,6=78,7=88,8=127,9=146,10=133,11=148,12=166,13=177,14=167,15=141,16=116,17=127,18=135,19=143,20=249)
[MCTS WIDTH BY DEPTH] depth=2 count=2354 min=3 mean=11.88 median=12 p90=19 p95=20 max=20
[MCTS WIDTH COUNTS BY DEPTH] depth=2 counts=(3=203,4=54,5=64,6=96,7=119,8=115,9=120,10=162,11=177,12=160,13=184,14=116,15=113,16=105,17=127,18=135,19=143,20=161)
[MCTS WIDTH BY DEPTH] depth=3-4 count=4558 min=3 mean=10.84 median=11 p90=18 p95=19 max=20
[MCTS WIDTH COUNTS BY DEPTH] depth=3-4 counts=(3=626,4=178,5=170,6=207,7=184,8=201,9=239,10=281,11=294,12=337,13=336,14=214,15=216,16=238,17=246,18=270,19=263,20=58)
[MCTS WIDTH BY DEPTH] depth=5-9 count=10540 min=3 mean=9.10 median=9 p90=16 p95=17 max=19
[MCTS WIDTH COUNTS BY DEPTH] depth=5-9 counts=(3=2605,4=289,5=362,6=436,7=477,8=567,9=641,10=680,11=699,12=811,13=771,14=496,15=542,16=529,17=392,18=215,19=28)
[MCTS WIDTH BY DEPTH] depth=10-19 count=17267 min=3 mean=6.11 median=4 p90=11 p95=12 max=15
[MCTS WIDTH COUNTS BY DEPTH] depth=10-19 counts=(3=8073,4=612,5=682,6=856,7=900,8=1004,9=1103,10=1179,11=1209,12=909,13=397,14=231,15=112)
[MCTS WIDTH BY DEPTH] depth=20-49 count=25707 min=3 mean=3.95 median=3 p90=8 p95=9 max=11
[MCTS WIDTH COUNTS BY DEPTH] depth=20-49 counts=(3=19701,4=748,5=829,6=891,7=909,8=964,9=916,10=613,11=136)
[MCTS WIDTH BY DEPTH] depth=50-99 count=3350 min=3 mean=3.00 median=3 p90=3 p95=3 max=3
[MCTS WIDTH COUNTS BY DEPTH] depth=50-99 counts=(3=3350)
[MCTS DEPTH SUMMARY] selection_depths=(count=2450 min=0 mean=27.72 median=25 p90=54 p95=61 max=84) horizon_cutoffs=(count=0)
[MCTS ACTION SUMMARY] selected_raw_policy_ranks=(count=35 min=1 mean=1.49 median=1 p90=1 p95=4 max=13) known_goal_decisions=0 infeasible_known_goal_decisions=0
[MCTS TIME SUMMARY] selection=2.689257s expansion=3421.006922s successor_generation=2954.046682s network_inference=447.924517s evaluation=1508.544123s backpropagation=0.445139s
[2026-09-14 02:32:36,385] [INFO] [enhspwrapper.py:224] Deleted temp file: /tmp/domain_heuristic_5naa684i.pddl
[2026-09-14 02:32:36,385] [INFO] [enhspwrapper.py:224] Deleted temp file: /tmp/instance_heuristic_zjycl2uv.pddl
[2026-09-14 02:32:36,385] [WARNING] [enhspwrapper.py:226] Failed to delete temp file /tmp/domain_heuristic_5naa684i.pddl: [Errno 2] No such file or directory: '/tmp/domain_heuristic_5naa684i.pddl'
[2026-09-14 02:32:36,385] [WARNING] [enhspwrapper.py:226] Failed to delete temp file /tmp/instance_heuristic_zjycl2uv.pddl: [Errno 2] No such file or directory: '/tmp/instance_heuristic_zjycl2uv.pddl'
[EVAL INSTANCE] completed number=14 path=../problems/numeric/mprime/instances/pfile22.pddl status=success elapsed=5146.02s success=1.0 steps=35
[EVAL][PLAN] EASY       | pfile22.pddl | steps=35 | plan=['overcome hangover understanding ham', 'feast satisfaction pepper lamb', 'feast understanding ham popover', 'feast understanding popover bacon', 'feast understanding bacon marzipan', 'feast learning shrimp lamb', 'feast understanding marzipan bacon', 'feast understanding bacon onion', 'feast understanding onion lettuce', 'feast understanding lettuce wonderbread', 'feast understanding wonderbread marzipan', 'succumb hangover understanding marzipan', 'overcome hangover understanding marzipan', 'drink bacon guava', 'feast understanding marzipan lettuce', 'feast understanding lettuce marzipan', 'feast rest pea lamb', 'feast understanding marzipan bacon', 'feast understanding bacon marzipan', 'feast understanding marzipan wonderbread', 'feast understanding wonderbread lettuce', 'feast understanding lettuce onion', 'drink lamb onion', 'feast understanding onion bacon', 'feast understanding bacon popover', 'feast rest lamb pea', 'drink wurst popover', 'feast understanding popover chicken', 'feast understanding chicken cherry', 'drink wurst cherry', 'feast understanding cherry hamburger', 'feast understanding hamburger scallop', 'feast understanding scallop shrimp', 'feast understanding shrimp lamb', 'succumb hangover understanding lamb']

[EVAL FINAL] success=20.0/20=1.000
[EVAL] EASY       | success=1.000 | instances= 20 | avg_len_success=16.25 | avg_len_fail=nan

[EVAL] SUCCESSFUL PLAN SUMMARY
[EVAL][PLAN SUMMARY] EASY       | pfile01.pddl | steps=5 | plan=['overcome abrasion rest pork', 'feast rest pork okra', 'feast rest okra pear', 'feast rest pear rice', 'succumb abrasion rest rice']
[EVAL][PLAN SUMMARY] EASY       | pfile02.pddl | steps=7 | plan=['overcome grief-7 entertainment ham', 'feast entertainment ham muffin', 'overcome depression-1 entertainment muffin', 'feast entertainment muffin onion', 'feast entertainment onion beef', 'succumb grief-7 entertainment beef', 'succumb depression-1 entertainment beef']
[EVAL][PLAN SUMMARY] EASY       | pfile04.pddl | steps=9 | plan=['feast aesthetics shrimp cherry', 'feast aesthetics cherry arugula', 'feast aesthetics arugula wurst', 'drink ham wurst', 'feast aesthetics wurst grapefruit', 'overcome sciatica aesthetics grapefruit', 'drink ham grapefruit', 'feast aesthetics grapefruit wurst', 'succumb sciatica aesthetics wurst']
[EVAL][PLAN SUMMARY] EASY       | pfile05.pddl | steps=11 | plan=['overcome grief satisfaction broccoli', 'drink shrimp sweetroll', 'feast satisfaction broccoli chocolate', 'feast satisfaction chocolate shrimp', 'succumb grief satisfaction shrimp', 'feast lubricity sweetroll scallop', 'overcome loneliness lubricity scallop', 'drink broccoli scallop', 'feast lubricity scallop cherry', 'feast lubricity cherry shrimp', 'succumb loneliness lubricity shrimp']
[EVAL][PLAN SUMMARY] EASY       | pfile09.pddl | steps=12 | plan=['overcome jealousy excitement guava', 'overcome sciatica entertainment flounder', 'feast entertainment flounder hamburger', 'succumb sciatica entertainment hamburger', 'feast excitement guava haroset', 'feast excitement haroset hamburger', 'feast curiosity hotdog wurst', 'feast intoxication haroset hamburger', 'drink guava hamburger', 'feast excitement hamburger flounder', 'feast excitement flounder wurst', 'succumb jealousy excitement wurst']
[EVAL][PLAN SUMMARY] EASY       | pfile13.pddl | steps=27 | plan=['feast love baguette lemon', 'overcome prostatitis-18 love lemon', 'overcome laceration-20 love lemon', 'drink lobster ham', 'feast aesthetics hamburger papaya', 'feast love lemon baguette', 'feast love baguette lobster', 'succumb prostatitis-18 love lobster', 'feast aesthetics papaya lobster', 'drink lemon lobster', 'feast love lobster marzipan', 'drink lemon marzipan', 'feast love marzipan lobster', 'drink hamburger lobster', 'feast love lobster papaya', 'feast love papaya lobster', 'drink flounder lobster', 'feast love lobster marzipan', 'drink flounder marzipan', 'feast love marzipan mutton', 'feast love mutton scallop', 'drink mutton scallop', 'feast love scallop turkey', 'feast love turkey potato', 'feast love potato muffin', 'feast love muffin ham', 'succumb laceration-20 love ham']
[EVAL][PLAN SUMMARY] EASY       | pfile14.pddl | steps=31 | plan=['feast triumph pea potato', 'feast triumph potato pea', 'feast achievement potato shrimp', 'feast triumph pea potato', 'feast curiosity chocolate baguette', 'feast achievement shrimp scallion', 'feast achievement scallion scallop', 'feast curiosity baguette lobster', 'feast achievement scallop baguette', 'feast curiosity lobster hotdog', 'feast curiosity hotdog pea', 'feast learning yogurt shrimp', 'feast aesthetics cucumber lemon', 'feast aesthetics lemon scallop', 'feast curiosity pea potato', 'drink hotdog mutton', 'feast love mutton pistachio', 'overcome anxiety-25 love pistachio', 'overcome prostatitis-23 love pistachio', 'feast love pistachio lettuce', 'feast love lettuce scallop', 'feast love scallop lemon', 'feast love lemon cucumber', 'feast love cucumber lemon', 'drink hotdog lemon', 'feast love lemon scallop', 'feast love scallop scallion', 'feast love scallion shrimp', 'feast love shrimp potato', 'succumb anxiety-25 love potato', 'succumb prostatitis-23 love potato']
[EVAL][PLAN SUMMARY] EASY       | pfile15.pddl | steps=10 | plan=['overcome jealousy satisfaction pistachio', 'feast curiosity turkey pea', 'feast curiosity pea cod', 'feast curiosity cod chicken', 'feast empathy onion ham', 'feast satisfaction pistachio broccoli', 'feast satisfaction broccoli lemon', 'feast satisfaction lemon cod', 'feast satisfaction cod chicken', 'succumb jealousy satisfaction chicken']
[EVAL][PLAN SUMMARY] EASY       | pfile16.pddl | steps=6 | plan=['overcome abrasion learning baguette', 'overcome sciatica learning baguette', 'drink rice baguette', 'feast learning baguette rice', 'succumb abrasion learning rice', 'succumb sciatica learning rice']
[EVAL][PLAN SUMMARY] EASY       | pfile18.pddl | steps=69 | plan=['feast curiosity cantelope chocolate', 'feast curiosity chocolate cantelope', 'feast satisfaction turkey potato', 'feast satisfaction potato wurst', 'feast entertainment chocolate tofu', 'feast satisfaction wurst haroset', 'drink wurst bacon', 'feast curiosity cantelope chocolate', 'feast learning pepper cantelope', 'feast learning cantelope chocolate', 'feast triumph bacon wurst', 'feast satisfaction haroset endive', 'drink wurst scallop', 'feast rest scallop lemon', 'feast rest lemon cucumber', 'feast rest cucumber pea', 'feast rest pea wonderbread', 'feast rest wonderbread tofu', 'feast rest tofu chocolate', 'drink wonderbread endive', 'feast satisfaction endive marzipan', 'overcome angina satisfaction marzipan', 'feast satisfaction marzipan orange', 'drink wurst orange', 'feast satisfaction orange turkey', 'feast satisfaction turkey broccoli', 'feast satisfaction broccoli bacon', 'drink pepper bacon', 'feast satisfaction bacon wurst', 'feast satisfaction wurst haroset', 'feast satisfaction haroset endive', 'drink pepper endive', 'feast satisfaction endive haroset', 'feast satisfaction haroset wurst', 'feast satisfaction wurst bacon', 'drink wonderbread bacon', 'feast satisfaction bacon broccoli', 'feast satisfaction broccoli turkey', 'drink pepper turkey', 'feast satisfaction turkey orange', 'drink lemon orange', 'feast satisfaction orange turkey', 'drink cucumber turkey', 'feast satisfaction turkey orange', 'drink cucumber orange', 'feast satisfaction orange marzipan', 'feast satisfaction marzipan orange', 'drink marzipan orange', 'feast satisfaction orange turkey', 'drink lemon turkey', 'feast satisfaction turkey potato', 'drink cucumber potato', 'feast satisfaction potato scallop', 'drink cucumber scallop', 'feast satisfaction scallop chicken', 'feast satisfaction chicken rice', 'feast satisfaction rice pea', 'feast satisfaction pea wonderbread', 'drink rice potato', 'succumb angina satisfaction wonderbread', 'feast entertainment tofu wonderbread', 'overcome angina satisfaction wonderbread', 'drink rice chocolate', 'feast curiosity chocolate tofu', 'drink rice bacon', 'drink rice wonderbread', 'feast satisfaction wonderbread tofu', 'feast satisfaction tofu chocolate', 'succumb angina satisfaction chocolate']
[EVAL][PLAN SUMMARY] EASY       | pfile19.pddl | steps=6 | plan=['feast lubricity lemon beef', 'overcome abrasion lubricity beef', 'feast lubricity beef lamb', 'feast lubricity lamb haroset', 'feast lubricity haroset lobster', 'succumb abrasion lubricity lobster']
[EVAL][PLAN SUMMARY] EASY       | pfile20.pddl | steps=18 | plan=['overcome abrasion intoxication wonderbread', 'feast intoxication wonderbread yogurt', 'feast expectation orange scallion', 'feast intoxication yogurt tuna', 'feast understanding marzipan cherry', 'feast intoxication tuna sweetroll', 'feast intoxication sweetroll tuna', 'feast understanding cherry pepper', 'feast intoxication tuna sweetroll', 'feast intoxication sweetroll muffin', 'feast love mutton wonderbread', 'feast empathy pork sweetroll', 'feast intoxication muffin yogurt', 'feast intoxication yogurt tuna', 'feast intoxication tuna turkey', 'feast intoxication turkey guava', 'feast intoxication guava pepper', 'succumb abrasion intoxication pepper']
[EVAL][PLAN SUMMARY] EASY       | pfile21.pddl | steps=6 | plan=['feast love flounder wurst', 'overcome sciatica love wurst', 'drink popover wurst', 'feast love wurst snickers', 'feast love snickers apple', 'succumb sciatica love apple']
[EVAL][PLAN SUMMARY] EASY       | pfile22.pddl | steps=35 | plan=['overcome hangover understanding ham', 'feast satisfaction pepper lamb', 'feast understanding ham popover', 'feast understanding popover bacon', 'feast understanding bacon marzipan', 'feast learning shrimp lamb', 'feast understanding marzipan bacon', 'feast understanding bacon onion', 'feast understanding onion lettuce', 'feast understanding lettuce wonderbread', 'feast understanding wonderbread marzipan', 'succumb hangover understanding marzipan', 'overcome hangover understanding marzipan', 'drink bacon guava', 'feast understanding marzipan lettuce', 'feast understanding lettuce marzipan', 'feast rest pea lamb', 'feast understanding marzipan bacon', 'feast understanding bacon marzipan', 'feast understanding marzipan wonderbread', 'feast understanding wonderbread lettuce', 'feast understanding lettuce onion', 'drink lamb onion', 'feast understanding onion bacon', 'feast understanding bacon popover', 'feast rest lamb pea', 'drink wurst popover', 'feast understanding popover chicken', 'feast understanding chicken cherry', 'drink wurst cherry', 'feast understanding cherry hamburger', 'feast understanding hamburger scallop', 'feast understanding scallop shrimp', 'feast understanding shrimp lamb', 'succumb hangover understanding lamb']
[EVAL][PLAN SUMMARY] EASY       | pfile23.pddl | steps=18 | plan=['feast intoxication onion apple', 'overcome laceration intoxication apple', 'feast intoxication apple pistachio', 'feast intoxication pistachio scallop', 'feast intoxication scallop ham', 'feast intoxication ham papaya', 'feast intoxication papaya ham', 'feast intoxication ham scallop', 'feast intoxication scallop pistachio', 'feast intoxication pistachio cherry', 'feast intoxication cherry sweetroll', 'drink chicken sweetroll', 'feast intoxication sweetroll okra', 'feast intoxication okra lamb', 'feast intoxication lamb hotdog', 'drink chicken hotdog', 'feast intoxication hotdog chicken', 'succumb laceration intoxication chicken']
[EVAL][PLAN SUMMARY] EASY       | pfile24.pddl | steps=29 | plan=['feast curiosity muffin apple', 'overcome anger-12 curiosity apple', 'feast satiety bacon lettuce', 'feast satiety lettuce cherry', 'drink muffin apple', 'feast curiosity apple chocolate', 'feast curiosity chocolate pepper', 'feast curiosity pepper potato', 'feast curiosity potato melon', 'feast curiosity melon potato', 'feast curiosity potato pepper', 'feast curiosity pepper melon', 'feast curiosity melon potato', 'feast curiosity potato melon', 'feast curiosity melon pepper', 'feast curiosity pepper potato', 'feast curiosity potato pepper', 'feast curiosity pepper melon', 'feast curiosity melon pepper', 'feast curiosity pepper potato', 'feast curiosity potato wurst', 'feast curiosity wurst potato', 'feast curiosity potato pepper', 'feast curiosity pepper melon', 'feast curiosity melon muffin', 'feast curiosity muffin tofu', 'drink pepper tofu', 'feast curiosity tofu cherry', 'succumb anger-12 curiosity cherry']
[EVAL][PLAN SUMMARY] EASY       | pfile25.pddl | steps=4 | plan=['feast expectation tuna wurst', 'overcome depression expectation wurst', 'feast expectation wurst chicken', 'succumb depression expectation chicken']
[EVAL][PLAN SUMMARY] EASY       | pfile26.pddl | steps=10 | plan=['overcome boils entertainment haroset', 'feast entertainment haroset hamburger', 'feast entertainment hamburger snickers', 'feast entertainment snickers hamburger', 'feast entertainment hamburger scallop', 'feast entertainment scallop rice', 'feast entertainment rice pistachio', 'feast entertainment pistachio turkey', 'feast entertainment turkey papaya', 'succumb boils entertainment papaya']
[EVAL][PLAN SUMMARY] EASY       | pfile27.pddl | steps=5 | plan=['overcome boils satisfaction scallion', 'overcome grief satisfaction scallion', 'feast satisfaction scallion guava', 'succumb boils satisfaction guava', 'succumb grief satisfaction guava']
[EVAL][PLAN SUMMARY] EASY       | pfile28.pddl | steps=7 | plan=['feast intoxication wurst muffin', 'overcome anger intoxication muffin', 'feast intoxication muffin broccoli', 'overcome boils intoxication broccoli', 'feast intoxication broccoli lamb', 'succumb anger intoxication lamb', 'succumb boils intoxication lamb']

[EVAL] OVERALL success=1.000
spec:  
=== SpawnExploreSpec ===

  [ CORE ]
    domain_type                              : numeric
    pddls                                    : ('../problems/numeric/mprime/domain.pddl', '../problems/numeric/mprime/instances/pfile01.pddl')
    difficulty                               : Easy
    trainer_seed                             : 2011206605
    slot_id                                  : 0
    num_slots                                : 20

  [ PLANNER / TEACHER ]
    teacher_planner                          : enhsp
    teacher_timeout_s                        : 1
    use_teacher_envelope                     : False
    enhsp_config                             : hmrp-ha-gbfs
    max_len                                  : 10000

  [ HEURISTICS ]
    ssipp_dg_heuristic                       : None
    fd_heuristic                             : astar-hadd
    ssipp_teacher_heuristic                  : lm-cut
    use_lm_cuts                              : False
    use_numeric_landmarks                    : False
    use_contributions                        : False

  [ MCTS & EXPLORATION ]
    mcts_iterations                          : 70
    mcts_expansion_k                         : 20
    mcts_exploration_weight                  : 0.1
    mcts_progressive_widening                : True
    mcts_pw_min_width                        : 3
    mcts_pw_c                                : 0.6
    mcts_pw_alpha                            : 0.5
    mcts_root_visit_tie_break                : action_id
    mcts_her_strategy                        : False
    sample_k_additional_states               : 0

  [ ESTIMATOR & DECAY ]
    estimator_h_to_v_coeff                   : 1.0
    use_estimator                            : 0.5
    estimator_decay_coeff_start              : 1.0
    estimator_decay_coeff_end                : 0.2
    estimator_decay_epochs                   : 0

  [ ACTION POLICY ]
    action_policy                            : argmax
    action_policy_epsilon                    : 0.0
    action_policy_temperature                : None
    action_policy_decay_rate                 : None
    action_policy_duplicate_penalty          : 0.0

  [ MISC / TRAINING ]
    use_fluents                              : True
    use_comps                                : False
    fixed_instance_pddl                      : False
    original_training_set                    : False
    freeze_train_steps                       : 50
    freeze_batch_size                        : 32

  [ OTHER ]
    use_act_history                          : True
    only_one_good_action                     : False
    heuristic_bootstrapping                  : False
    goal_path_reconstruction                 : None
    ENHSP_plan_bootstrap                     : True
    est_plan_z                               : False
    timeout                                  : 86400
    puct_debug                               : False
    action_debug                             : False
    use_estimator_decay                      : False
    action_policy_goal_chase_distance_threshold : -1
    evaluation_mode                          : True
    evaluation_index                         : 1
    mcts_enforce_remaining_horizon           : False
    mcts_terminal_safe_action_selection      : False
    mcts_context_diagnostics                 : False
    mcts_contextual_nodes                    : False
    mcts_context_witness_limit               : 128

Inference success rate: 1.0, took: 8163.660767316818s
Importing architecture from experiments_numeric.architecture_2.mprime_mcts
Importing problem from experiments_numeric.domain.mprime
Resuming from checkpoint "/home/hersco/bershco-nu-asnets/numeric-asnets/asnets/experiment-results/experiments_numeric.domain.mprime_validation_ipc_scale_v1-experiments_numeric.architecture_2.mprime-2026-08-27T10:22:03.307653/P[domain,pfile01,pfile02,pfile04,pfile05]-S[0.003,50,enhsp-hmrp-ha-gbfs]-MO[]-T[518400]-04915056-067843/snapshots/snapshot_5_0.750"
Using experiment dir "/home/hersco/bershco-nu-asnets/numeric-asnets/asnets/experiment-results/experiments_numeric.domain.mprime_validation_ipc_scale_v1-experiments_numeric.architecture_2.mprime-2026-08-27T10:22:03.307653"






Testing network
Running command line "/home/hersco/bershco-nu-asnets/numeric-asnets/venv-asnets/bin/python3 -u -m asnets.scripts.run_asnets --no-train --minimal-file-saves --resume-from /home/hersco/bershco-nu-asnets/numeric-asnets/asnets/experiment-results/experiments_numeric.domain.mprime_validation_ipc_scale_v1-experiments_numeric.architecture_2.mprime-2026-08-27T10:22:03.307653/P[domain,pfile01,pfile02,pfile04,pfile05]-S[0.003,50,enhsp-hmrp-ha-gbfs]-MO[]-T[518400]-04915056-067843/snapshots/snapshot_5_0.750 -e /home/hersco/bershco-nu-asnets/numeric-asnets/asnets/experiment-results/experiments_numeric.domain.mprime_validation_ipc_scale_v1-experiments_numeric.architecture_2.mprime-2026-08-27T10:22:03.307653 --jpddl-max-heap 4g --eval-with-mcts --eval-scheduling rolling --eval-instance-timeout 21600.0 --eval-completion-file /home/hersco/training_new_domains/2026-09-13/mprime_phase_b_a_stage1_pw70/on/2011206605/full/completion/mprime-s1-phase-b-a-on-2011206605-e0005-pw70-k3.jsonl --det-eval --no-use-lm-cuts --use-act-history --no-use-teacher-envelope --max-opt-epochs 1000 --teacher-timeout-s 1 --use-fluents --enhsp-config hmrp-ha-gbfs --limit-train-obs-size 1200 --exploration-algorithm mcts --rollouts 2 --min-explored 10 --max-explored 1000 --exploration-learning-ratio 10 --max-replay-size 150000 --action-policy argmax --action-policy-epsilon 0.0 --domain-type numeric --num-layers 2 --hidden-size 15 --l2-reg 0.005 --l1-reg 0.0 --mse 0.5 -R 1 -L 10000 -t 518400 --supervised-lr 0.003 --supervised-bs 50 --supervised-early-stop 20 --save-every 1 --opt-batch-per-epoch 60 --teacher-planner enhsp --sup-objective MCTS_VISIT_DIST -L 10000 --seed 2011206605 --mcts-expansion-size 20 --mcts-heuristic hadd-gbfs --mcts-exploration-weight 0.1 --mcts-progressive-widening --mcts-pw-min-width 3 --mcts-pw-c 0.6 --mcts-pw-alpha 0.5 --num-workers 3 --mcts-iterations 70 --use-estimator 0.5 ../problems/numeric/mprime/domain.pddl ../problems/numeric/mprime/instances/pfile01.pddl ../problems/numeric/mprime/instances/pfile02.pddl ../problems/numeric/mprime/instances/pfile04.pddl ../problems/numeric/mprime/instances/pfile05.pddl ../problems/numeric/mprime/instances/pfile09.pddl ../problems/numeric/mprime/instances/pfile13.pddl ../problems/numeric/mprime/instances/pfile14.pddl ../problems/numeric/mprime/instances/pfile15.pddl ../problems/numeric/mprime/instances/pfile16.pddl ../problems/numeric/mprime/instances/pfile18.pddl ../problems/numeric/mprime/instances/pfile19.pddl ../problems/numeric/mprime/instances/pfile20.pddl ../problems/numeric/mprime/instances/pfile21.pddl ../problems/numeric/mprime/instances/pfile22.pddl ../problems/numeric/mprime/instances/pfile23.pddl ../problems/numeric/mprime/instances/pfile24.pddl ../problems/numeric/mprime/instances/pfile25.pddl ../problems/numeric/mprime/instances/pfile26.pddl ../problems/numeric/mprime/instances/pfile27.pddl ../problems/numeric/mprime/instances/pfile28.pddl --validation-pddls-easy ../problems/numeric/mprime/valid_easy/pfile0.pddl ../problems/numeric/mprime/valid_easy/pfile1.pddl ../problems/numeric/mprime/valid_easy/pfile2.pddl ../problems/numeric/mprime/valid_easy/pfile3.pddl ../problems/numeric/mprime/valid_easy/pfile4.pddl ../problems/numeric/mprime/valid_easy/pfile5.pddl ../problems/numeric/mprime/valid_easy/pfile6.pddl ../problems/numeric/mprime/valid_easy/pfile7.pddl ../problems/numeric/mprime/valid_easy/pfile8.pddl ../problems/numeric/mprime/valid_easy/pfile9.pddl --validation-pddls-medium ../problems/numeric/mprime/valid_medium/pfile0.pddl ../problems/numeric/mprime/valid_medium/pfile1.pddl ../problems/numeric/mprime/valid_medium/pfile2.pddl ../problems/numeric/mprime/valid_medium/pfile3.pddl ../problems/numeric/mprime/valid_medium/pfile4.pddl ../problems/numeric/mprime/valid_medium/pfile5.pddl ../problems/numeric/mprime/valid_medium/pfile6.pddl ../problems/numeric/mprime/valid_medium/pfile7.pddl ../problems/numeric/mprime/valid_medium/pfile8.pddl ../problems/numeric/mprime/valid_medium/pfile9.pddl --validation-pddls-hard ../problems/numeric/mprime/valid_hard/pfile0.pddl ../problems/numeric/mprime/valid_hard/pfile1.pddl ../problems/numeric/mprime/valid_hard/pfile2.pddl ../problems/numeric/mprime/valid_hard/pfile3.pddl ../problems/numeric/mprime/valid_hard/pfile4.pddl ../problems/numeric/mprime/valid_hard/pfile5.pddl ../problems/numeric/mprime/valid_hard/pfile6.pddl ../problems/numeric/mprime/valid_hard/pfile7.pddl ../problems/numeric/mprime/valid_hard/pfile8.pddl ../problems/numeric/mprime/valid_hard/pfile9.pddl"
Will write results to /home/hersco/bershco-nu-asnets/numeric-asnets/asnets/experiment-results/experiments_numeric.domain.mprime_validation_ipc_scale_v1-experiments_numeric.architecture_2.mprime-2026-08-27T10:22:03.307653/runs/2eda56b7a75acf57e1f8521373258180
Force-killing a process
Process exited with code -15: tee /home/hersco/bershco-nu-asnets/numeric-asnets/asnets/experiment-results/experiments_numeric.domain.mprime_validation_ipc_scale_v1-experiments_numeric.architecture_2.mprime-2026-08-27T10:22:03.307653/runs/2eda56b7a75acf57e1f8521373258180/stdout
Force-killing a process
Process exited with code -15: tee /home/hersco/bershco-nu-asnets/numeric-asnets/asnets/experiment-results/experiments_numeric.domain.mprime_validation_ipc_scale_v1-experiments_numeric.architecture_2.mprime-2026-08-27T10:22:03.307653/runs/2eda56b7a75acf57e1f8521373258180/stderr
Fin :-)
[VAL] Starting validation guardrail
[VAL] Log       : /home/hersco/training_new_domains/2026-09-13/mprime_phase_b_a_stage1_pw70/on/2011206605/full/attempts/21240256_r0.txt
[VAL] Domain    : mprime
[VAL] Validator : /home/hersco/tools/VAL/build/bin/Validate
[VAL] Domain module : /home/hersco/bershco-nu-asnets/numeric-asnets-mprime-pw-9fe4f9e6/asnets/experiments_numeric/domain/mprime.py
[VAL] PDDL dir      : /home/hersco/bershco-nu-asnets/numeric-asnets-mprime-pw-9fe4f9e6/problems/numeric/mprime
[VAL] COMMON_PDDLS  : /home/hersco/bershco-nu-asnets/numeric-asnets-mprime-pw-9fe4f9e6/problems/numeric/mprime/domain.pddl
[VAL] Evaluator successes : 20
[VAL] Evaluator total     : 20
[VAL] Plan records found  : 20
[VAL] Unique instances    : 20
[VAL] OK   pfile01.pddl (1 candidate plan(s))
[VAL] OK   pfile04.pddl (1 candidate plan(s))
[VAL] OK   pfile02.pddl (1 candidate plan(s))
[VAL] OK   pfile09.pddl (1 candidate plan(s))
[VAL] OK   pfile05.pddl (1 candidate plan(s))
[VAL] OK   pfile15.pddl (1 candidate plan(s))
[VAL] OK   pfile16.pddl (1 candidate plan(s))
[VAL] OK   pfile18.pddl (1 candidate plan(s))
[VAL] OK   pfile19.pddl (1 candidate plan(s))
[VAL] OK   pfile20.pddl (1 candidate plan(s))
[VAL] OK   pfile21.pddl (1 candidate plan(s))
[VAL] OK   pfile13.pddl (1 candidate plan(s))
[VAL] OK   pfile23.pddl (1 candidate plan(s))
[VAL] OK   pfile24.pddl (1 candidate plan(s))
[VAL] OK   pfile25.pddl (1 candidate plan(s))
[VAL] OK   pfile26.pddl (1 candidate plan(s))
[VAL] OK   pfile27.pddl (1 candidate plan(s))
[VAL] OK   pfile28.pddl (1 candidate plan(s))
[VAL] OK   pfile14.pddl (1 candidate plan(s))
[VAL] OK   pfile22.pddl (1 candidate plan(s))
[VAL] Summary CSV        : /home/hersco/training_new_domains/2026-09-13/mprime_phase_b_a_stage1_pw70/on/2011206605/full/validation/21240256_r0.val.csv

[VAL] ===== VALIDATION SUMMARY =====
[VAL] Evaluator successes : 20
[VAL] Printed plan records: 20
[VAL] Printed instances   : 20
[VAL] VAL-valid plans     : 20
[VAL] VAL-invalid plans   : 0
[VAL] =================================
[VAL] Retry-aware partial validation successful: all unique printed successful instances pass VAL
