------------------------------------
Mon 14 Sep 2026 15:31:10 IDT
SLURM_JOBID:		21260328
SLURM_JOB_NODELIST:	ise-cpu256-26
SLURM_SCRATCH_DIR:	/scratch/hersco/21260328
Allocated Resouces:	cpu - 6 / mem - 122880 MB / gpu - 
SLURM_GPU_INDEX:	
Running as hersco from shperbsh account with normal QOS
------------------------------------
[MPRIME S1 PBA PW70] identity=mprime-s1-phase-b-a-off-1472491096-e0041-pw70-k3 vh=off seed=1472491096 epoch=41 smoke=no
[MPRIME S1 PBA PW70] width=20 simulations=70 Kmin=3 c=.6 alpha=.5 puct=.1 estimator=.5 terminal_safe=false
[MPRIME S1 PBA PW70] checkpoint=/home/hersco/bershco-nu-asnets/numeric-asnets/asnets/experiment-results/experiments_numeric.domain.mprime_validation_ipc_scale_v1-experiments_numeric.architecture_2.mprime-2026-08-27T10:22:03.804337/P[domain,pfile01,pfile02,pfile04,pfile05]-S[0.003,50,enhsp-hmrp-ha-gbfs]-MO[]-T[518400]-04915056-43e0a7a/snapshots/snapshot_41_0.750 commit=9fe4f9e695ed290cc370dd5c5b877c276578525c
2026-09-14 15:32:16.607444: E tensorflow/compiler/xla/stream_executor/cuda/cuda_dnn.cc:9342] Unable to register cuDNN factory: Attempting to register factory for plugin cuDNN when one has already been registered
2026-09-14 15:32:16.607508: E tensorflow/compiler/xla/stream_executor/cuda/cuda_fft.cc:609] Unable to register cuFFT factory: Attempting to register factory for plugin cuFFT when one has already been registered
2026-09-14 15:32:16.612826: E tensorflow/compiler/xla/stream_executor/cuda/cuda_blas.cc:1518] Unable to register cuBLAS factory: Attempting to register factory for plugin cuBLAS when one has already been registered
2026-09-14 15:32:16.918520: I tensorflow/core/platform/cpu_feature_guard.cc:182] This TensorFlow binary is optimized to use available CPU instructions in performance-critical operations.
To enable the following instructions: AVX2 FMA, in other operations, rebuild TensorFlow with the appropriate compiler flags.
[JPDDL] Maximum heap per worker: 4g
[2026-09-14 15:32:21,647] [INFO] [run_asnets.py:1491] Arguments are: Namespace(problems=None, domain_type=numeric, opt_patience=10, max_opt_epochs=1000, supervised_lr=0.003, lr_steps=[], supervised_bs=50, ssipp_teacher_heuristic='lm-cut', fd_teacher_heuristic='astar-hadd', enhsp_config='hmrp-ha-gbfs', supervised_early_stop=20, save_every=1, seed=1472491096, optimizer_opts={}, resume_from='/home/hersco/bershco-nu-asnets/numeric-asnets/asnets/experiment-results/experiments_numeric.domain.mprime_validation_ipc_scale_v1-experiments_numeric.architecture_2.mprime-2026-08-27T10:22:03.804337/P[domain,pfile01,pfile02,pfile04,pfile05]-S[0.003,50,enhsp-hmrp-ha-gbfs]-MO[]-T[518400]-04915056-43e0a7a/snapshots/snapshot_41_0.750', timeout=518400.0, model_opts={}, skip=True, num_layers=2, hidden_size=15, dropout=0.0, sup_objective=<SupervisedObjective.MCTS_VISIT_DIST: 3>, use_teacher_envelope=False, det_eval=True, ssipp_dg_heuristic=None, minimal_file_saves=True, use_lm_cuts=False, use_numeric_landmarks=False, use_contributions=False, use_act_history=True, save_training_set=None, use_saved_training_set=None, rounds_eval=1, limit_turns=10000, expt_dir='/home/hersco/bershco-nu-asnets/numeric-asnets/asnets/experiment-results/experiments_numeric.domain.mprime_validation_ipc_scale_v1-experiments_numeric.architecture_2.mprime-2026-08-27T10:22:03.804337', dK='dk', no_train=True, l1_reg=0.0, l2_reg=0.005, l1_l2_reg=0.0, mse=0.5, policy_anchor_kl_coeff=0.0, policy_anchor_kl_mode='constant', policy_anchor_kl_target=None, teacher_planner='enhsp', opt_batch_per_epoch=60, exploration_algorithm='mcts', eval_with_mcts=True, eval_mcts_enforce_remaining_horizon=False, eval_mcts_terminal_safe_action_selection=False, eval_mcts_root_visit_tie_break='action_id', eval_mcts_context_diagnostics=False, eval_mcts_contextual_nodes=False, eval_mcts_context_witness_limit=128, eval_start_wave=1, eval_scheduling='rolling', skip_instance_numbers=(), eval_instance_timeout=21600.0, eval_completion_file='/home/hersco/training_new_domains/2026-09-13/mprime_phase_b_a_stage1_pw70/off/1472491096/full/completion/mprime-s1-phase-b-a-off-1472491096-e0041-pw70-k3.jsonl', jpddl_max_heap='4g', action_debug=False, puct_debug=False, rollouts=2, min_explored=10, max_explored=1000, exploration_learning_ratio=10.0, max_replay_size=150000, teacher_timeout_s=1, plan_file_name='plan_sas', limit_train_obs_size='1200', use_fluents=True, use_comparisons=False, pddls=['../problems/numeric/mprime/domain.pddl', '../problems/numeric/mprime/instances/pfile01.pddl', '../problems/numeric/mprime/instances/pfile02.pddl', '../problems/numeric/mprime/instances/pfile04.pddl', '../problems/numeric/mprime/instances/pfile05.pddl', '../problems/numeric/mprime/instances/pfile09.pddl', '../problems/numeric/mprime/instances/pfile13.pddl', '../problems/numeric/mprime/instances/pfile14.pddl', '../problems/numeric/mprime/instances/pfile15.pddl', '../problems/numeric/mprime/instances/pfile16.pddl', '../problems/numeric/mprime/instances/pfile18.pddl', '../problems/numeric/mprime/instances/pfile19.pddl', '../problems/numeric/mprime/instances/pfile20.pddl', '../problems/numeric/mprime/instances/pfile21.pddl', '../problems/numeric/mprime/instances/pfile22.pddl', '../problems/numeric/mprime/instances/pfile23.pddl', '../problems/numeric/mprime/instances/pfile24.pddl', '../problems/numeric/mprime/instances/pfile25.pddl', '../problems/numeric/mprime/instances/pfile26.pddl', '../problems/numeric/mprime/instances/pfile27.pddl', '../problems/numeric/mprime/instances/pfile28.pddl'], mcts_rollout_horizon=3, graceful_timeout=86400, mcts_expansion_size=20, no_eval=False, mcts_heuristic='hadd-gbfs', minimization=False, mcts_exploration_weight=0.1, mcts_progressive_widening=True, mcts_pw_min_width=3, mcts_pw_c=0.6, mcts_pw_alpha=0.5, disable_value_head=True, mcts_iterations=70, heuristic_bootstrapping=False, mcts_her_strategy=False, num_workers=3, slurm_job_id=0, worker_logs=False, corrupt_pi=None, corrupt_z=None, fixed_instance=False, original_training_set=False, sample_k_additional_states=0, profile_dir=None, profile_sample_epochs=(0, 5, 25, 100), profile_sample_every=200, freeze_train=False, goal_path_reconstruction=None, action_policy='argmax', action_policy_goal_chase_distance_threshold=None, action_policy_epsilon=0.0, action_policy_temperature=None, action_policy_decay_rate=None, action_policy_duplicate_penalty=0.0, estimator_h_to_v_coeff=1.0, use_estimator_decay=False, use_estimator=0.5, estimator_decay_epochs=None, estimator_decay_coeff_start=1.0, estimator_decay_coeff_end=0.2, validation_pddls_easy=['../problems/numeric/mprime/valid_easy/pfile0.pddl', '../problems/numeric/mprime/valid_easy/pfile1.pddl', '../problems/numeric/mprime/valid_easy/pfile2.pddl', '../problems/numeric/mprime/valid_easy/pfile3.pddl', '../problems/numeric/mprime/valid_easy/pfile4.pddl', '../problems/numeric/mprime/valid_easy/pfile5.pddl', '../problems/numeric/mprime/valid_easy/pfile6.pddl', '../problems/numeric/mprime/valid_easy/pfile7.pddl', '../problems/numeric/mprime/valid_easy/pfile8.pddl', '../problems/numeric/mprime/valid_easy/pfile9.pddl'], validation_pddls_medium=['../problems/numeric/mprime/valid_medium/pfile0.pddl', '../problems/numeric/mprime/valid_medium/pfile1.pddl', '../problems/numeric/mprime/valid_medium/pfile2.pddl', '../problems/numeric/mprime/valid_medium/pfile3.pddl', '../problems/numeric/mprime/valid_medium/pfile4.pddl', '../problems/numeric/mprime/valid_medium/pfile5.pddl', '../problems/numeric/mprime/valid_medium/pfile6.pddl', '../problems/numeric/mprime/valid_medium/pfile7.pddl', '../problems/numeric/mprime/valid_medium/pfile8.pddl', '../problems/numeric/mprime/valid_medium/pfile9.pddl'], validation_pddls_hard=['../problems/numeric/mprime/valid_hard/pfile0.pddl', '../problems/numeric/mprime/valid_hard/pfile1.pddl', '../problems/numeric/mprime/valid_hard/pfile2.pddl', '../problems/numeric/mprime/valid_hard/pfile3.pddl', '../problems/numeric/mprime/valid_hard/pfile4.pddl', '../problems/numeric/mprime/valid_hard/pfile5.pddl', '../problems/numeric/mprime/valid_hard/pfile6.pddl', '../problems/numeric/mprime/valid_hard/pfile7.pddl', '../problems/numeric/mprime/valid_hard/pfile8.pddl', '../problems/numeric/mprime/valid_hard/pfile9.pddl'], validation_on_test_instances=False)
[3476341] Setting C/Python/Numpy/TF seeds to 1472491096
Unique prefix: P[domain,pfile01,pfile02,pfile04,pfile05,pfile09,...]-S[0.003,50,enhsp-hmrp-ha-gbfs]-MO[]-T[518400]-04941286-43e0a7a
Snapshot directory: /home/hersco/bershco-nu-asnets/numeric-asnets/asnets/experiment-results/experiments_numeric.domain.mprime_validation_ipc_scale_v1-experiments_numeric.architecture_2.mprime-2026-08-27T10:22:03.804337/P[domain,pfile01,pfile02,pfile04,pfile05,pfile09,...]-S[0.003,50,enhsp-hmrp-ha-gbfs]-MO[]-T[518400]-04941286-43e0a7a/snapshots
Training supervised on random instances (SPAWN, NO RPyC)
Instances: ['../problems/numeric/mprime/domain.pddl', '../problems/numeric/mprime/instances/pfile01.pddl', '../problems/numeric/mprime/instances/pfile02.pddl', '../problems/numeric/mprime/instances/pfile04.pddl', '../problems/numeric/mprime/instances/pfile05.pddl', '../problems/numeric/mprime/instances/pfile09.pddl', '../problems/numeric/mprime/instances/pfile13.pddl', '../problems/numeric/mprime/instances/pfile14.pddl', '../problems/numeric/mprime/instances/pfile15.pddl', '../problems/numeric/mprime/instances/pfile16.pddl', '../problems/numeric/mprime/instances/pfile18.pddl', '../problems/numeric/mprime/instances/pfile19.pddl', '../problems/numeric/mprime/instances/pfile20.pddl', '../problems/numeric/mprime/instances/pfile21.pddl', '../problems/numeric/mprime/instances/pfile22.pddl', '../problems/numeric/mprime/instances/pfile23.pddl', '../problems/numeric/mprime/instances/pfile24.pddl', '../problems/numeric/mprime/instances/pfile25.pddl', '../problems/numeric/mprime/instances/pfile26.pddl', '../problems/numeric/mprime/instances/pfile27.pddl', '../problems/numeric/mprime/instances/pfile28.pddl']
Starting to parse mdpsim problem: mprime-x-1
mdpsim:../problems/numeric/mprime/domain.pddl:3: assuming `:typing' requirement
mdpsim:../problems/numeric/mprime/domain.pddl:15: assuming `:fluents' requirement
Finished parsing mdpsim problem: mprime-x-1
[WM] Successfully loaded previous weight manager from /home/hersco/bershco-nu-asnets/numeric-asnets/asnets/experiment-results/experiments_numeric.domain.mprime_validation_ipc_scale_v1-experiments_numeric.architecture_2.mprime-2026-08-27T10:22:03.804337/P[domain,pfile01,pfile02,pfile04,pfile05]-S[0.003,50,enhsp-hmrp-ha-gbfs]-MO[]-T[518400]-04915056-43e0a7a/snapshots/snapshot_41_0.750/weights.joblib
[WM LOAD CHECK] mean/std/norm= 0.03230782225728035 0.13222599029541016 1.1787972450256348
[WM LOAD VERIFY] W0 saved mean/std/norm=(0.03230782225728035, 0.13222599029541016, 1.1787972450256348)
[2026-09-14 15:32:24,009] [INFO] [run_asnets.py:967] Tensorboard summary path: /home/hersco/bershco-nu-asnets/numeric-asnets/asnets/experiment-results/experiments_numeric.domain.mprime_validation_ipc_scale_v1-experiments_numeric.architecture_2.mprime-2026-08-27T10:22:03.804337/P[domain,pfile01,pfile02,pfile04,pfile05,pfile09,...]-S[0.003,50,enhsp-hmrp-ha-gbfs]-MO[]-T[518400]-04941286-43e0a7a/tensorboard
[EVAL INSTANCES] stable ordered test-set positions:
[EVAL INSTANCES] 1: ../problems/numeric/mprime/instances/pfile01.pddl
[EVAL INSTANCES] 2: ../problems/numeric/mprime/instances/pfile02.pddl
[EVAL INSTANCES] 3: ../problems/numeric/mprime/instances/pfile04.pddl
[EVAL INSTANCES] 4: ../problems/numeric/mprime/instances/pfile05.pddl
[EVAL INSTANCES] 5: ../problems/numeric/mprime/instances/pfile09.pddl
[EVAL INSTANCES] 6: ../problems/numeric/mprime/instances/pfile13.pddl
[EVAL INSTANCES] 7: ../problems/numeric/mprime/instances/pfile14.pddl
[EVAL INSTANCES] 8: ../problems/numeric/mprime/instances/pfile15.pddl
[EVAL INSTANCES] 9: ../problems/numeric/mprime/instances/pfile16.pddl
[EVAL INSTANCES] 10: ../problems/numeric/mprime/instances/pfile18.pddl
[EVAL INSTANCES] 11: ../problems/numeric/mprime/instances/pfile19.pddl
[EVAL INSTANCES] 12: ../problems/numeric/mprime/instances/pfile20.pddl
[EVAL INSTANCES] 13: ../problems/numeric/mprime/instances/pfile21.pddl
[EVAL INSTANCES] 14: ../problems/numeric/mprime/instances/pfile22.pddl
[EVAL INSTANCES] 15: ../problems/numeric/mprime/instances/pfile23.pddl
[EVAL INSTANCES] 16: ../problems/numeric/mprime/instances/pfile24.pddl
[EVAL INSTANCES] 17: ../problems/numeric/mprime/instances/pfile25.pddl
[EVAL INSTANCES] 18: ../problems/numeric/mprime/instances/pfile26.pddl
[EVAL INSTANCES] 19: ../problems/numeric/mprime/instances/pfile27.pddl
[EVAL INSTANCES] 20: ../problems/numeric/mprime/instances/pfile28.pddl
[EVAL RESUME] starting wave 1; worker_count=3; instance_offset=0; total_instances=20
[EVAL RESUME] selected instance numbers: [1, 2, 3, 4, 5, 6, 7, 8, 9, 10, 11, 12, 13, 14, 15, 16, 17, 18, 19, 20]
[EVAL] worker_fn=run_worker_eval_mcts
[EVAL] worker_fn=run_worker_eval_mcts
2026-09-14 15:32:24.251802: E tensorflow/compiler/xla/stream_executor/cuda/cuda_dnn.cc:9342] Unable to register cuDNN factory: Attempting to register factory for plugin cuDNN when one has already been registered
2026-09-14 15:32:24.251857: E tensorflow/compiler/xla/stream_executor/cuda/cuda_fft.cc:609] Unable to register cuFFT factory: Attempting to register factory for plugin cuFFT when one has already been registered
2026-09-14 15:32:24.251892: E tensorflow/compiler/xla/stream_executor/cuda/cuda_blas.cc:1518] Unable to register cuBLAS factory: Attempting to register factory for plugin cuBLAS when one has already been registered
[EVAL INSTANCE] started number=1 path=../problems/numeric/mprime/instances/pfile01.pddl pid=3476554
[EVAL INSTANCE] started number=2 path=../problems/numeric/mprime/instances/pfile02.pddl pid=3476555
[EVAL INSTANCE] started number=3 path=../problems/numeric/mprime/instances/pfile04.pddl pid=3476557
mdpsim:../problems/numeric/mprime/domain.pddl:3: assuming `:typing' requirement
mdpsim:../problems/numeric/mprime/domain.pddl:15: assuming `:fluents' requirement
mdpsim:../problems/numeric/mprime/domain.pddl:3: assuming `:typing' requirement
mdpsim:../problems/numeric/mprime/domain.pddl:15: assuming `:fluents' requirement
mdpsim:../problems/numeric/mprime/domain.pddl:3: assuming `:typing' requirement
mdpsim:../problems/numeric/mprime/domain.pddl:15: assuming `:fluents' requirement
[EVAL|Easy|3476554] Setting C/Python/Numpy/TF seeds to 1472491096
Starting [EVAL|Easy|3476554] on instance [0] ../problems/numeric/mprime/instances/pfile01.pddl
Starting to parse mdpsim problem: mprime-x-1
Finished parsing mdpsim problem: mprime-x-1
[EVAL|Easy|3476554] ACTION POLICY INITIALIZED
[EVAL|Easy|3476554] policy_class = ArgmaxGoalChasePathDuplicatePenaltyPolicy
[EVAL|Easy|3476554] distance_threshold = inf
[EVAL|Easy|3476554] duplicate_penalty = 0.0
[EVAL|Easy|3476554] root_visit_tie_break = action_id
[2026-09-14 15:32:37,247] [INFO] [enhspwrapper.py:84] Created temporary domain file: /tmp/domain_heuristic_kpfohl_x.pddl
[2026-09-14 15:32:37,247] [INFO] [enhspwrapper.py:93] Created temporary instance file: /tmp/instance_heuristic_38mx10tm.pddl
[2026-09-14 15:32:37,544] [INFO] [enhspwrapper.py:51] Starting the heuristic server with config: hmrp-ha-gbfs
[EVAL|Easy|3476557] Setting C/Python/Numpy/TF seeds to 1472491098
Starting [EVAL|Easy|3476557] on instance [2] ../problems/numeric/mprime/instances/pfile04.pddl
Starting to parse mdpsim problem: mprime-x-4
Finished parsing mdpsim problem: mprime-x-4
[EVAL|Easy|3476557] ACTION POLICY INITIALIZED
[EVAL|Easy|3476557] policy_class = ArgmaxGoalChasePathDuplicatePenaltyPolicy
[EVAL|Easy|3476557] distance_threshold = inf
[EVAL|Easy|3476557] duplicate_penalty = 0.0
[EVAL|Easy|3476557] root_visit_tie_break = action_id
[2026-09-14 15:32:40,955] [INFO] [enhspwrapper.py:84] Created temporary domain file: /tmp/domain_heuristic_eh0af8bi.pddl
[2026-09-14 15:32:40,955] [INFO] [enhspwrapper.py:93] Created temporary instance file: /tmp/instance_heuristic_icwr6cm5.pddl
[2026-09-14 15:32:41,341] [INFO] [enhspwrapper.py:51] Starting the heuristic server with config: hmrp-ha-gbfs
[MCTS SEARCH SUMMARY] progressive_widening=True iterations_per_search=70 search_calls=5 nodes=504 peak_nodes=504 widening_events=309
[MCTS WIDTH SUMMARY] final_widths=(count=504 min=0 mean=1.49 median=0 p90=3 p95=4 max=10) root_widths=(count=5 min=4 mean=7.60 median=8 p90=10 p95=10 max=10) widen_event_widths=(count=309 min=3 mean=3.62 median=3 p90=5 p95=7 max=10) admitted_policy_ranks=(count=749 min=1 mean=1.88 median=2 p90=3 p95=3 max=3)
[MCTS DISTRIBUTION] final_width_counts=(0=284,3=174,4=28,5=10,6=2,7=1,8=1,9=2,10=2) node_visit_bins=(0=247,1=39,2=16,3-4=26,5-8=26,9-16=29,17-32=27,33-64=74,65-128=14,129+=6) selection_depth_bins=(0=9,1=8,2=9,3-4=22,5-8=58,9-16=82,17-32=79,33-64=83)
[MCTS WIDTH BY DEPTH] depth=0 count=349 min=3 mean=6.91 median=7 p90=10 p95=10 max=10
[MCTS WIDTH COUNTS BY DEPTH] depth=0 counts=(3=45,4=26,5=30,6=41,7=42,8=53,9=60,10=52)
[MCTS WIDTH BY DEPTH] depth=1 count=340 min=3 mean=6.84 median=7 p90=10 p95=10 max=10
[MCTS WIDTH COUNTS BY DEPTH] depth=1 counts=(3=44,4=27,5=30,6=41,7=41,8=53,9=60,10=44)
[MCTS WIDTH BY DEPTH] depth=2 count=331 min=3 mean=6.44 median=7 p90=9 p95=9 max=9
[MCTS WIDTH COUNTS BY DEPTH] depth=2 counts=(3=44,4=32,5=30,6=41,7=41,8=98,9=45)
[MCTS WIDTH BY DEPTH] depth=3-4 count=631 min=3 mean=4.59 median=4 p90=7 p95=7 max=9
[MCTS WIDTH COUNTS BY DEPTH] depth=3-4 counts=(3=222,4=115,5=109,6=89,7=82,8=9,9=5)
[MCTS WIDTH BY DEPTH] depth=5-9 count=1321 min=3 mean=3.40 median=3 p90=4 p95=5 max=6
[MCTS WIDTH COUNTS BY DEPTH] depth=5-9 counts=(3=932,4=264,5=113,6=12)
[MCTS WIDTH BY DEPTH] depth=10-19 count=1812 min=3 mean=3.15 median=3 p90=4 p95=4 max=6
[MCTS WIDTH COUNTS BY DEPTH] depth=10-19 counts=(3=1620,4=127,5=54,6=11)
[MCTS WIDTH BY DEPTH] depth=20-49 count=2096 min=3 mean=3.05 median=3 p90=3 p95=3 max=5
[MCTS WIDTH COUNTS BY DEPTH] depth=20-49 counts=(3=2004,4=84,5=8)
[MCTS DEPTH SUMMARY] selection_depths=(count=350 min=0 mean=19.29 median=15 p90=42 p95=44 max=48) horizon_cutoffs=(count=0)
[MCTS ACTION SUMMARY] selected_raw_policy_ranks=(count=5 min=1 mean=1.00 median=1 p90=1 p95=1 max=1) known_goal_decisions=0 infeasible_known_goal_decisions=0
[MCTS TIME SUMMARY] selection=0.211296s expansion=8.978029s successor_generation=0.640708s network_inference=8.252329s evaluation=0.851435s backpropagation=0.035885s
[2026-09-14 15:32:44,182] [INFO] [enhspwrapper.py:224] Deleted temp file: /tmp/domain_heuristic_kpfohl_x.pddl
[2026-09-14 15:32:44,182] [INFO] [enhspwrapper.py:224] Deleted temp file: /tmp/instance_heuristic_38mx10tm.pddl
[2026-09-14 15:32:44,182] [WARNING] [enhspwrapper.py:226] Failed to delete temp file /tmp/domain_heuristic_kpfohl_x.pddl: [Errno 2] No such file or directory: '/tmp/domain_heuristic_kpfohl_x.pddl'
[2026-09-14 15:32:44,182] [WARNING] [enhspwrapper.py:226] Failed to delete temp file /tmp/instance_heuristic_38mx10tm.pddl: [Errno 2] No such file or directory: '/tmp/instance_heuristic_38mx10tm.pddl'
[EVAL INSTANCE] completed number=1 path=../problems/numeric/mprime/instances/pfile01.pddl status=success elapsed=17.79s success=1.0 steps=5
[EVAL][PLAN] EASY       | pfile01.pddl | steps=5 | plan=['overcome abrasion rest pork', 'feast rest pork lamb', 'feast rest lamb flounder', 'feast rest flounder rice', 'succumb abrasion rest rice']
[EVAL INSTANCE] started number=4 path=../problems/numeric/mprime/instances/pfile05.pddl pid=3477108
mdpsim:../problems/numeric/mprime/domain.pddl:3: assuming `:typing' requirement
mdpsim:../problems/numeric/mprime/domain.pddl:15: assuming `:fluents' requirement
[MCTS SEARCH SUMMARY] progressive_widening=True iterations_per_search=70 search_calls=9 nodes=1136 peak_nodes=1136 widening_events=559
[MCTS WIDTH SUMMARY] final_widths=(count=1136 min=0 mean=1.22 median=0 p90=3 p95=3 max=14) root_widths=(count=9 min=4 mean=9.78 median=10 p90=14 p95=14 max=14) widen_event_widths=(count=559 min=1 mean=3.93 median=3 p90=7 p95=9 max=14) admitted_policy_ranks=(count=1381 min=1 mean=1.89 median=2 p90=3 p95=3 max=3)
[MCTS DISTRIBUTION] final_width_counts=(0=723,1=2,3=371,4=13,5=8,6=5,7=2,8=2,9=2,10=1,11=2,12=2,13=2,14=1) node_visit_bins=(0=631,1=89,2=42,3-4=52,5-8=57,9-16=83,17-32=100,33-64=53,65-128=14,129+=15) selection_depth_bins=(0=13,1=12,2=14,3-4=33,5-8=94,9-16=167,17-32=186,33-64=111)
[MCTS WIDTH BY DEPTH] depth=0 count=629 min=3 mean=9.24 median=10 p90=13 p95=13 max=14
[MCTS WIDTH COUNTS BY DEPTH] depth=0 counts=(3=45,4=26,5=30,6=41,7=42,8=53,9=60,10=67,11=72,12=80,13=86,14=27)
[MCTS WIDTH BY DEPTH] depth=1 count=616 min=3 mean=9.11 median=10 p90=13 p95=13 max=13
[MCTS WIDTH COUNTS BY DEPTH] depth=1 counts=(3=44,4=27,5=30,6=41,7=41,8=53,9=60,10=67,11=72,12=89,13=92)
[MCTS WIDTH BY DEPTH] depth=2 count=603 min=3 mean=8.13 median=8 p90=12 p95=12 max=12
[MCTS WIDTH COUNTS BY DEPTH] depth=2 counts=(3=45,4=36,5=60,6=68,7=41,8=53,9=60,10=67,11=79,12=94)
[MCTS WIDTH BY DEPTH] depth=3-4 count=1156 min=3 mean=7.37 median=8 p90=11 p95=11 max=12
[MCTS WIDTH COUNTS BY DEPTH] depth=3-4 counts=(3=213,4=74,5=60,6=82,7=87,8=101,9=179,10=205,11=144,12=11)
[MCTS WIDTH BY DEPTH] depth=5-9 count=2491 min=3 mean=5.33 median=5 p90=8 p95=9 max=12
[MCTS WIDTH COUNTS BY DEPTH] depth=5-9 counts=(3=793,4=256,5=324,6=336,7=303,8=270,9=146,10=59,11=3,12=1)
[MCTS WIDTH BY DEPTH] depth=10-19 count=3323 min=3 mean=3.24 median=3 p90=4 p95=5 max=6
[MCTS WIDTH COUNTS BY DEPTH] depth=10-19 counts=(3=2793,4=320,5=166,6=44)
[MCTS WIDTH BY DEPTH] depth=20-49 count=2710 min=1 mean=2.97 median=3 p90=3 p95=3 max=4
[MCTS WIDTH COUNTS BY DEPTH] depth=20-49 counts=(1=66,3=2601,4=43)
[MCTS WIDTH BY DEPTH] depth=50-99 count=2 min=3 mean=3.00 median=3 p90=3 p95=3 max=3
[MCTS WIDTH COUNTS BY DEPTH] depth=50-99 counts=(3=2)
[MCTS DEPTH SUMMARY] selection_depths=(count=630 min=0 mean=17.96 median=16 p90=35 p95=38 max=50) horizon_cutoffs=(count=0)
[MCTS ACTION SUMMARY] selected_raw_policy_ranks=(count=9 min=1 mean=1.00 median=1 p90=1 p95=1 max=1) known_goal_decisions=0 infeasible_known_goal_decisions=0
[MCTS TIME SUMMARY] selection=0.387554s expansion=16.000422s successor_generation=3.230628s network_inference=12.576345s evaluation=1.981961s backpropagation=0.060033s
[2026-09-14 15:32:54,351] [INFO] [enhspwrapper.py:224] Deleted temp file: /tmp/domain_heuristic_eh0af8bi.pddl
[2026-09-14 15:32:54,351] [INFO] [enhspwrapper.py:224] Deleted temp file: /tmp/instance_heuristic_icwr6cm5.pddl
[2026-09-14 15:32:54,351] [WARNING] [enhspwrapper.py:226] Failed to delete temp file /tmp/domain_heuristic_eh0af8bi.pddl: [Errno 2] No such file or directory: '/tmp/domain_heuristic_eh0af8bi.pddl'
[2026-09-14 15:32:54,351] [WARNING] [enhspwrapper.py:226] Failed to delete temp file /tmp/instance_heuristic_icwr6cm5.pddl: [Errno 2] No such file or directory: '/tmp/instance_heuristic_icwr6cm5.pddl'
[EVAL INSTANCE] completed number=3 path=../problems/numeric/mprime/instances/pfile04.pddl status=success elapsed=27.81s success=1.0 steps=9
[EVAL][PLAN] EASY       | pfile04.pddl | steps=9 | plan=['feast aesthetics shrimp cherry', 'feast aesthetics cherry arugula', 'feast aesthetics arugula wurst', 'drink bacon wurst', 'feast aesthetics wurst grapefruit', 'overcome sciatica aesthetics grapefruit', 'drink muffin grapefruit', 'feast aesthetics grapefruit wurst', 'succumb sciatica aesthetics wurst']
[EVAL INSTANCE] started number=5 path=../problems/numeric/mprime/instances/pfile09.pddl pid=3477345
mdpsim:../problems/numeric/mprime/domain.pddl:3: assuming `:typing' requirement
mdpsim:../problems/numeric/mprime/domain.pddl:15: assuming `:fluents' requirement
[EVAL|Easy|3476555] Setting C/Python/Numpy/TF seeds to 1472491097
Starting [EVAL|Easy|3476555] on instance [1] ../problems/numeric/mprime/instances/pfile02.pddl
Starting to parse mdpsim problem: mprime-x-2
Finished parsing mdpsim problem: mprime-x-2
[EVAL|Easy|3476555] ACTION POLICY INITIALIZED
[EVAL|Easy|3476555] policy_class = ArgmaxGoalChasePathDuplicatePenaltyPolicy
[EVAL|Easy|3476555] distance_threshold = inf
[EVAL|Easy|3476555] duplicate_penalty = 0.0
[EVAL|Easy|3476555] root_visit_tie_break = action_id
[2026-09-14 15:32:57,238] [INFO] [enhspwrapper.py:84] Created temporary domain file: /tmp/domain_heuristic_10h7q0nx.pddl
[2026-09-14 15:32:57,238] [INFO] [enhspwrapper.py:93] Created temporary instance file: /tmp/instance_heuristic_456y2hk4.pddl
[2026-09-14 15:32:57,783] [INFO] [enhspwrapper.py:51] Starting the heuristic server with config: hmrp-ha-gbfs
[EVAL|Easy|3477108] Setting C/Python/Numpy/TF seeds to 1472491099
Starting [EVAL|Easy|3477108] on instance [3] ../problems/numeric/mprime/instances/pfile05.pddl
Starting to parse mdpsim problem: mprime-x-5
Finished parsing mdpsim problem: mprime-x-5
[EVAL|Easy|3477108] ACTION POLICY INITIALIZED
[EVAL|Easy|3477108] policy_class = ArgmaxGoalChasePathDuplicatePenaltyPolicy
[EVAL|Easy|3477108] distance_threshold = inf
[EVAL|Easy|3477108] duplicate_penalty = 0.0
[EVAL|Easy|3477108] root_visit_tie_break = action_id
[2026-09-14 15:33:11,752] [INFO] [enhspwrapper.py:84] Created temporary domain file: /tmp/domain_heuristic_v7zmtkus.pddl
[2026-09-14 15:33:11,752] [INFO] [enhspwrapper.py:93] Created temporary instance file: /tmp/instance_heuristic_ywhzf5qz.pddl
[2026-09-14 15:33:12,253] [INFO] [enhspwrapper.py:51] Starting the heuristic server with config: hmrp-ha-gbfs
[EVAL|Easy|3477345] Setting C/Python/Numpy/TF seeds to 1472491100
Starting [EVAL|Easy|3477345] on instance [4] ../problems/numeric/mprime/instances/pfile09.pddl
Starting to parse mdpsim problem: mprime-x-9
Finished parsing mdpsim problem: mprime-x-9
[EVAL|Easy|3477345] ACTION POLICY INITIALIZED
[EVAL|Easy|3477345] policy_class = ArgmaxGoalChasePathDuplicatePenaltyPolicy
[EVAL|Easy|3477345] distance_threshold = inf
[EVAL|Easy|3477345] duplicate_penalty = 0.0
[EVAL|Easy|3477345] root_visit_tie_break = action_id
[2026-09-14 15:33:17,877] [INFO] [enhspwrapper.py:84] Created temporary domain file: /tmp/domain_heuristic_jjba0v10.pddl
[2026-09-14 15:33:17,877] [INFO] [enhspwrapper.py:93] Created temporary instance file: /tmp/instance_heuristic_6cc6qzqs.pddl
[2026-09-14 15:33:18,439] [INFO] [enhspwrapper.py:51] Starting the heuristic server with config: hmrp-ha-gbfs
[MCTS SEARCH SUMMARY] progressive_widening=True iterations_per_search=70 search_calls=8 nodes=796 peak_nodes=796 widening_events=493
[MCTS WIDTH SUMMARY] final_widths=(count=796 min=0 mean=1.37 median=0 p90=3 p95=4 max=13) root_widths=(count=8 min=4 mean=9.25 median=9 p90=13 p95=13 max=13) widen_event_widths=(count=493 min=3 mean=4.33 median=3 p90=8 p95=10 max=13) admitted_policy_ranks=(count=1087 min=1 mean=1.82 median=2 p90=3 p95=3 max=3)
[MCTS DISTRIBUTION] final_width_counts=(0=499,3=231,4=36,5=8,6=3,7=1,8=3,9=5,10=1,11=4,12=3,13=2) node_visit_bins=(0=364,1=145,2=21,3-4=46,5-8=48,9-16=48,17-32=20,33-64=67,65-128=17,129+=20) selection_depth_bins=(0=12,1=12,2=12,3-4=29,5-8=67,9-16=135,17-32=162,33-64=131)
[MCTS WIDTH BY DEPTH] depth=0 count=559 min=3 mean=8.70 median=9 p90=12 p95=13 max=13
[MCTS WIDTH COUNTS BY DEPTH] depth=0 counts=(3=45,4=26,5=30,6=42,7=42,8=54,9=60,10=67,11=72,12=80,13=41)
[MCTS WIDTH BY DEPTH] depth=1 count=547 min=3 mean=8.56 median=9 p90=12 p95=13 max=13
[MCTS WIDTH COUNTS BY DEPTH] depth=1 counts=(3=44,4=28,5=56,6=16,7=41,8=53,9=60,10=67,11=72,12=80,13=30)
[MCTS WIDTH BY DEPTH] depth=2 count=533 min=3 mean=8.18 median=9 p90=12 p95=12 max=12
[MCTS WIDTH COUNTS BY DEPTH] depth=2 counts=(3=77,4=27,5=25,6=20,7=41,8=53,9=60,10=67,11=99,12=64)
[MCTS WIDTH BY DEPTH] depth=3-4 count=1025 min=3 mean=7.92 median=9 p90=11 p95=11 max=11
[MCTS WIDTH COUNTS BY DEPTH] depth=3-4 counts=(3=105,4=54,5=50,6=95,7=88,8=99,9=152,10=208,11=174)
[MCTS WIDTH BY DEPTH] depth=5-9 count=2274 min=3 mean=6.41 median=7 p90=10 p95=10 max=11
[MCTS WIDTH COUNTS BY DEPTH] depth=5-9 counts=(3=456,4=205,5=188,6=265,7=273,8=341,9=303,10=172,11=71)
[MCTS WIDTH BY DEPTH] depth=10-19 count=3231 min=3 mean=4.21 median=3 p90=7 p95=8 max=9
[MCTS WIDTH COUNTS BY DEPTH] depth=10-19 counts=(3=1728,4=420,5=365,6=296,7=254,8=143,9=25)
[MCTS WIDTH BY DEPTH] depth=20-49 count=3519 min=3 mean=3.15 median=3 p90=4 p95=4 max=5
[MCTS WIDTH COUNTS BY DEPTH] depth=20-49 counts=(3=3032,4=432,5=55)
[MCTS WIDTH BY DEPTH] depth=50-99 count=106 min=3 mean=3.00 median=3 p90=3 p95=3 max=3
[MCTS WIDTH COUNTS BY DEPTH] depth=50-99 counts=(3=106)
[MCTS DEPTH SUMMARY] selection_depths=(count=560 min=0 mean=20.59 median=18 p90=44 p95=47 max=59) horizon_cutoffs=(count=0)
[MCTS ACTION SUMMARY] selected_raw_policy_ranks=(count=8 min=1 mean=1.00 median=1 p90=1 p95=1 max=1) known_goal_decisions=0 infeasible_known_goal_decisions=0
[MCTS TIME SUMMARY] selection=0.442367s expansion=42.195889s successor_generation=11.819507s network_inference=29.981314s evaluation=10.695436s backpropagation=0.067435s
[2026-09-14 15:33:36,866] [INFO] [enhspwrapper.py:224] Deleted temp file: /tmp/domain_heuristic_10h7q0nx.pddl
[2026-09-14 15:33:36,867] [INFO] [enhspwrapper.py:224] Deleted temp file: /tmp/instance_heuristic_456y2hk4.pddl
[2026-09-14 15:33:36,867] [WARNING] [enhspwrapper.py:226] Failed to delete temp file /tmp/domain_heuristic_10h7q0nx.pddl: [Errno 2] No such file or directory: '/tmp/domain_heuristic_10h7q0nx.pddl'
[2026-09-14 15:33:36,867] [WARNING] [enhspwrapper.py:226] Failed to delete temp file /tmp/instance_heuristic_456y2hk4.pddl: [Errno 2] No such file or directory: '/tmp/instance_heuristic_456y2hk4.pddl'
[EVAL INSTANCE] completed number=2 path=../problems/numeric/mprime/instances/pfile02.pddl status=success elapsed=70.41s success=1.0 steps=8
[EVAL][PLAN] EASY       | pfile02.pddl | steps=8 | plan=['overcome grief-7 entertainment ham', 'feast satiety onion beef', 'feast entertainment ham muffin', 'overcome depression-1 entertainment muffin', 'feast entertainment muffin onion', 'feast entertainment onion beef', 'succumb grief-7 entertainment beef', 'succumb depression-1 entertainment beef']
[EVAL INSTANCE] started number=6 path=../problems/numeric/mprime/instances/pfile13.pddl pid=3478042
mdpsim:../problems/numeric/mprime/domain.pddl:3: assuming `:typing' requirement
mdpsim:../problems/numeric/mprime/domain.pddl:15: assuming `:fluents' requirement
[MCTS SEARCH SUMMARY] progressive_widening=True iterations_per_search=70 search_calls=12 nodes=642 peak_nodes=642 widening_events=508
[MCTS WIDTH SUMMARY] final_widths=(count=642 min=0 mean=1.65 median=0 p90=3 p95=5 max=15) root_widths=(count=12 min=4 mean=10.75 median=11 p90=15 p95=15 max=15) widen_event_widths=(count=508 min=3 mean=4.72 median=3 p90=9 p95=11 max=15) admitted_policy_ranks=(count=1060 min=1 mean=1.78 median=2 p90=3 p95=3 max=3)
[MCTS DISTRIBUTION] final_width_counts=(0=366,3=218,4=14,5=12,6=8,7=4,8=6,9=4,10=1,11=1,12=2,13=2,14=1,15=3) node_visit_bins=(0=232,1=146,2=25,3-4=37,5-8=49,9-16=33,17-32=44,33-64=26,65-128=25,129+=25) selection_depth_bins=(0=16,1=19,2=21,3-4=49,5-8=116,9-16=207,17-32=412)
[MCTS WIDTH BY DEPTH] depth=0 count=839 min=3 mean=10.13 median=11 p90=14 p95=15 max=15
[MCTS WIDTH COUNTS BY DEPTH] depth=0 counts=(3=45,4=27,5=30,6=49,7=66,8=69,9=53,10=67,11=73,12=91,13=93,14=93,15=83)
[MCTS WIDTH BY DEPTH] depth=1 count=822 min=3 mean=9.92 median=11 p90=14 p95=15 max=15
[MCTS WIDTH COUNTS BY DEPTH] depth=1 counts=(3=44,4=34,5=45,6=62,7=45,8=53,9=59,10=68,11=76,12=81,13=93,14=105,15=57)
[MCTS WIDTH BY DEPTH] depth=2 count=799 min=3 mean=8.94 median=9 p90=13 p95=14 max=14
[MCTS WIDTH COUNTS BY DEPTH] depth=2 counts=(3=80,4=38,5=40,6=74,7=67,8=53,9=62,10=67,11=72,12=81,13=87,14=78)
[MCTS WIDTH BY DEPTH] depth=3-4 count=1520 min=3 mean=7.60 median=8 p90=12 p95=13 max=13
[MCTS WIDTH COUNTS BY DEPTH] depth=3-4 counts=(3=332,4=100,5=123,6=79,7=89,8=108,9=120,10=135,11=145,12=197,13=92)
[MCTS WIDTH BY DEPTH] depth=5-9 count=3311 min=3 mean=5.74 median=5 p90=10 p95=11 max=12
[MCTS WIDTH COUNTS BY DEPTH] depth=5-9 counts=(3=1108,4=344,5=268,6=314,7=338,8=310,9=253,10=204,11=151,12=21)
[MCTS WIDTH BY DEPTH] depth=10-19 count=4613 min=3 mean=4.17 median=3 p90=7 p95=8 max=9
[MCTS WIDTH COUNTS BY DEPTH] depth=10-19 counts=(3=2465,4=633,5=558,6=422,7=292,8=221,9=22)
[MCTS WIDTH BY DEPTH] depth=20-49 count=903 min=3 mean=3.30 median=3 p90=4 p95=5 max=8
[MCTS WIDTH COUNTS BY DEPTH] depth=20-49 counts=(3=718,4=120,5=56,6=4,7=1,8=4)
[MCTS DEPTH SUMMARY] selection_depths=(count=840 min=0 mean=14.57 median=16 p90=23 p95=24 max=28) horizon_cutoffs=(count=0)
[MCTS ACTION SUMMARY] selected_raw_policy_ranks=(count=12 min=1 mean=1.17 median=1 p90=1 p95=3 max=3) known_goal_decisions=0 infeasible_known_goal_decisions=0
[MCTS TIME SUMMARY] selection=0.493360s expansion=36.100519s successor_generation=8.474023s network_inference=27.272121s evaluation=9.112876s backpropagation=0.067449s
[2026-09-14 15:33:47,076] [INFO] [enhspwrapper.py:224] Deleted temp file: /tmp/domain_heuristic_v7zmtkus.pddl
[2026-09-14 15:33:47,076] [INFO] [enhspwrapper.py:224] Deleted temp file: /tmp/instance_heuristic_ywhzf5qz.pddl
[2026-09-14 15:33:47,076] [WARNING] [enhspwrapper.py:226] Failed to delete temp file /tmp/domain_heuristic_v7zmtkus.pddl: [Errno 2] No such file or directory: '/tmp/domain_heuristic_v7zmtkus.pddl'
[2026-09-14 15:33:47,077] [WARNING] [enhspwrapper.py:226] Failed to delete temp file /tmp/instance_heuristic_ywhzf5qz.pddl: [Errno 2] No such file or directory: '/tmp/instance_heuristic_ywhzf5qz.pddl'
[EVAL INSTANCE] completed number=4 path=../problems/numeric/mprime/instances/pfile05.pddl status=success elapsed=62.90s success=1.0 steps=12
[EVAL][PLAN] EASY       | pfile05.pddl | steps=12 | plan=['overcome grief satisfaction broccoli', 'drink turkey sweetroll', 'feast satisfaction broccoli chocolate', 'feast satisfaction chocolate shrimp', 'succumb grief satisfaction shrimp', 'feast lubricity sweetroll scallop', 'drink chocolate sweetroll', 'overcome loneliness lubricity scallop', 'drink broccoli scallop', 'feast lubricity scallop cherry', 'feast lubricity cherry shrimp', 'succumb loneliness lubricity shrimp']
[EVAL INSTANCE] started number=7 path=../problems/numeric/mprime/instances/pfile14.pddl pid=3478251
mdpsim:../problems/numeric/mprime/domain.pddl:3: assuming `:typing' requirement
mdpsim:../problems/numeric/mprime/domain.pddl:15: assuming `:fluents' requirement
[MCTS SEARCH SUMMARY] progressive_widening=True iterations_per_search=70 search_calls=16 nodes=1076 peak_nodes=1076 widening_events=820
[MCTS WIDTH SUMMARY] final_widths=(count=1076 min=0 mean=1.70 median=0 p90=3 p95=5 max=17) root_widths=(count=16 min=4 mean=11.69 median=12 p90=16 p95=17 max=17) widen_event_widths=(count=820 min=2 mean=4.45 median=3 p90=8 p95=11 max=17) admitted_policy_ranks=(count=1831 min=1 mean=1.83 median=2 p90=3 p95=3 max=3)
[MCTS DISTRIBUTION] final_width_counts=(0=570,2=1,3=407,4=40,5=19,6=15,7=6,8=3,9=2,10=2,12=2,13=2,14=1,15=2,16=3,17=1) node_visit_bins=(0=375,1=208,2=20,3-4=35,5-8=52,9-16=112,17-32=112,33-64=99,65-128=36,129+=27) selection_depth_bins=(0=18,1=21,2=27,3-4=59,5-8=128,9-16=243,17-32=543,33-64=81)
[MCTS WIDTH BY DEPTH] depth=0 count=1119 min=3 mean=11.12 median=12 p90=16 p95=16 max=17
[MCTS WIDTH COUNTS BY DEPTH] depth=0 counts=(3=57,4=49,5=30,6=39,7=34,8=71,9=99,10=49,11=77,12=109,13=151,14=57,15=168,16=121,17=8)
[MCTS WIDTH BY DEPTH] depth=1 count=1099 min=3 mean=10.92 median=12 p90=15 p95=16 max=16
[MCTS WIDTH COUNTS BY DEPTH] depth=1 counts=(3=76,4=25,5=30,6=47,7=76,8=62,9=42,10=72,11=77,12=161,13=46,14=130,15=157,16=98)
[MCTS WIDTH BY DEPTH] depth=2 count=1072 min=3 mean=9.67 median=11 p90=15 p95=15 max=16
[MCTS WIDTH COUNTS BY DEPTH] depth=2 counts=(3=114,4=47,5=82,6=75,7=41,8=35,9=65,10=70,11=137,12=53,13=89,14=149,15=100,16=15)
[MCTS WIDTH BY DEPTH] depth=3-4 count=2066 min=3 mean=8.39 median=9 p90=13 p95=14 max=15
[MCTS WIDTH COUNTS BY DEPTH] depth=3-4 counts=(3=400,4=152,5=86,6=91,7=126,8=119,9=198,10=177,11=98,12=195,13=230,14=160,15=34)
[MCTS WIDTH BY DEPTH] depth=5-9 count=4577 min=3 mean=6.26 median=6 p90=11 p95=12 max=13
[MCTS WIDTH COUNTS BY DEPTH] depth=5-9 counts=(3=1484,4=317,5=368,6=458,7=351,8=369,9=312,10=334,11=304,12=186,13=94)
[MCTS WIDTH BY DEPTH] depth=10-19 count=6776 min=3 mean=3.77 median=3 p90=6 p95=7 max=9
[MCTS WIDTH COUNTS BY DEPTH] depth=10-19 counts=(3=4338,4=1003,5=674,6=398,7=209,8=112,9=42)
[MCTS WIDTH BY DEPTH] depth=20-49 count=4465 min=2 mean=3.13 median=3 p90=3 p95=4 max=6
[MCTS WIDTH COUNTS BY DEPTH] depth=20-49 counts=(2=6,3=4085,4=224,5=106,6=44)
[MCTS DEPTH SUMMARY] selection_depths=(count=1120 min=0 mean=18.36 median=19 p90=32 p95=33 max=40) horizon_cutoffs=(count=0)
[MCTS ACTION SUMMARY] selected_raw_policy_ranks=(count=16 min=1 mean=1.31 median=1 p90=2 p95=2 max=2) known_goal_decisions=0 infeasible_known_goal_decisions=0
[MCTS TIME SUMMARY] selection=0.812313s expansion=39.333166s successor_generation=12.715434s network_inference=26.152692s evaluation=11.697413s backpropagation=0.115509s
[2026-09-14 15:33:59,574] [INFO] [enhspwrapper.py:224] Deleted temp file: /tmp/domain_heuristic_jjba0v10.pddl
[2026-09-14 15:33:59,574] [INFO] [enhspwrapper.py:224] Deleted temp file: /tmp/instance_heuristic_6cc6qzqs.pddl
[2026-09-14 15:33:59,574] [WARNING] [enhspwrapper.py:226] Failed to delete temp file /tmp/domain_heuristic_jjba0v10.pddl: [Errno 2] No such file or directory: '/tmp/domain_heuristic_jjba0v10.pddl'
[2026-09-14 15:33:59,574] [WARNING] [enhspwrapper.py:226] Failed to delete temp file /tmp/instance_heuristic_6cc6qzqs.pddl: [Errno 2] No such file or directory: '/tmp/instance_heuristic_6cc6qzqs.pddl'
[EVAL INSTANCE] completed number=5 path=../problems/numeric/mprime/instances/pfile09.pddl status=success elapsed=65.40s success=1.0 steps=16
[EVAL][PLAN] EASY       | pfile09.pddl | steps=16 | plan=['overcome sciatica entertainment flounder', 'overcome jealousy excitement guava', 'feast curiosity hotdog wurst', 'feast excitement guava haroset', 'feast entertainment flounder hamburger', 'succumb sciatica entertainment hamburger', 'succumb jealousy excitement haroset', 'overcome jealousy intoxication haroset', 'feast intoxication haroset hamburger', 'succumb jealousy intoxication hamburger', 'feast excitement haroset hamburger', 'overcome jealousy intoxication hamburger', 'drink wurst hamburger', 'feast intoxication hamburger flounder', 'feast intoxication flounder wurst', 'succumb jealousy intoxication wurst']
[EVAL INSTANCE] started number=8 path=../problems/numeric/mprime/instances/pfile15.pddl pid=3478501
mdpsim:../problems/numeric/mprime/domain.pddl:3: assuming `:typing' requirement
mdpsim:../problems/numeric/mprime/domain.pddl:15: assuming `:fluents' requirement
[EVAL|Easy|3478501] Setting C/Python/Numpy/TF seeds to 1472491103
Starting [EVAL|Easy|3478501] on instance [7] ../problems/numeric/mprime/instances/pfile15.pddl
Starting to parse mdpsim problem: mprime-x-15
Finished parsing mdpsim problem: mprime-x-15
[EVAL|Easy|3478501] ACTION POLICY INITIALIZED
[EVAL|Easy|3478501] policy_class = ArgmaxGoalChasePathDuplicatePenaltyPolicy
[EVAL|Easy|3478501] distance_threshold = inf
[EVAL|Easy|3478501] duplicate_penalty = 0.0
[EVAL|Easy|3478501] root_visit_tie_break = action_id
[2026-09-14 15:35:29,750] [INFO] [enhspwrapper.py:84] Created temporary domain file: /tmp/domain_heuristic_zka37w35.pddl
[2026-09-14 15:35:29,750] [INFO] [enhspwrapper.py:93] Created temporary instance file: /tmp/instance_heuristic_e3fqqf61.pddl
[2026-09-14 15:35:31,247] [INFO] [enhspwrapper.py:51] Starting the heuristic server with config: hmrp-ha-gbfs
[EVAL|Easy|3478042] Setting C/Python/Numpy/TF seeds to 1472491101
Starting [EVAL|Easy|3478042] on instance [5] ../problems/numeric/mprime/instances/pfile13.pddl
Starting to parse mdpsim problem: mprime-x-13
Finished parsing mdpsim problem: mprime-x-13
[EVAL|Easy|3478042] ACTION POLICY INITIALIZED
[EVAL|Easy|3478042] policy_class = ArgmaxGoalChasePathDuplicatePenaltyPolicy
[EVAL|Easy|3478042] distance_threshold = inf
[EVAL|Easy|3478042] duplicate_penalty = 0.0
[EVAL|Easy|3478042] root_visit_tie_break = action_id
[2026-09-14 15:38:44,993] [INFO] [enhspwrapper.py:84] Created temporary domain file: /tmp/domain_heuristic_s0e387v8.pddl
[2026-09-14 15:38:44,993] [INFO] [enhspwrapper.py:93] Created temporary instance file: /tmp/instance_heuristic_g59wft2x.pddl
[2026-09-14 15:38:47,555] [INFO] [enhspwrapper.py:51] Starting the heuristic server with config: hmrp-ha-gbfs
[EVAL|Easy|3478251] Setting C/Python/Numpy/TF seeds to 1472491102
Starting [EVAL|Easy|3478251] on instance [6] ../problems/numeric/mprime/instances/pfile14.pddl
Starting to parse mdpsim problem: mprime-x-14
Finished parsing mdpsim problem: mprime-x-14
[EVAL|Easy|3478251] ACTION POLICY INITIALIZED
[EVAL|Easy|3478251] policy_class = ArgmaxGoalChasePathDuplicatePenaltyPolicy
[EVAL|Easy|3478251] distance_threshold = inf
[EVAL|Easy|3478251] duplicate_penalty = 0.0
[EVAL|Easy|3478251] root_visit_tie_break = action_id
[2026-09-14 15:39:59,444] [INFO] [enhspwrapper.py:84] Created temporary domain file: /tmp/domain_heuristic_wcerljh_.pddl
[2026-09-14 15:39:59,444] [INFO] [enhspwrapper.py:93] Created temporary instance file: /tmp/instance_heuristic_fae635yo.pddl
[2026-09-14 15:40:02,451] [INFO] [enhspwrapper.py:51] Starting the heuristic server with config: hmrp-ha-gbfs
[MCTS SEARCH SUMMARY] progressive_widening=True iterations_per_search=70 search_calls=18 nodes=2738 peak_nodes=2738 widening_events=1260
[MCTS WIDTH SUMMARY] final_widths=(count=2738 min=0 mean=1.17 median=0 p90=3 p95=3 max=15) root_widths=(count=18 min=4 mean=8.56 median=8 p90=13 p95=14 max=14) widen_event_widths=(count=1260 min=3 mean=3.84 median=3 p90=6 p95=9 max=15) admitted_policy_ranks=(count=3214 min=1 mean=1.91 median=2 p90=3 p95=3 max=3)
[MCTS DISTRIBUTION] final_width_counts=(0=1761,3=894,4=41,5=6,6=7,7=5,8=4,9=7,10=2,11=2,13=4,14=3,15=2) node_visit_bins=(0=1424,1=408,2=175,3-4=150,5-8=149,9-16=138,17-32=110,33-64=135,65-128=17,129+=32) selection_depth_bins=(0=31,1=32,2=43,3-4=125,5-8=289,9-16=289,17-32=261,33-64=167,65-128=23)
[MCTS WIDTH BY DEPTH] depth=0 count=1259 min=3 mean=7.78 median=7 p90=12 p95=13 max=14
[MCTS WIDTH COUNTS BY DEPTH] depth=0 counts=(3=50,4=87,5=149,6=227,7=178,8=135,9=91,10=67,11=78,12=80,13=80,14=37)
[MCTS WIDTH BY DEPTH] depth=1 count=1223 min=3 mean=7.57 median=7 p90=13 p95=14 max=15
[MCTS WIDTH COUNTS BY DEPTH] depth=1 counts=(3=204,4=132,5=130,6=123,7=120,8=33,9=85,10=70,11=72,12=74,13=70,14=85,15=25)
[MCTS WIDTH BY DEPTH] depth=2 count=1173 min=3 mean=7.08 median=5 p90=13 p95=14 max=15
[MCTS WIDTH COUNTS BY DEPTH] depth=2 counts=(3=379,4=127,5=85,6=51,7=39,8=37,9=63,10=67,11=73,12=70,13=78,14=93,15=11)
[MCTS WIDTH BY DEPTH] depth=3-4 count=2162 min=3 mean=7.33 median=7 p90=13 p95=13 max=14
[MCTS WIDTH COUNTS BY DEPTH] depth=3-4 counts=(3=753,4=123,5=61,6=85,7=85,8=108,9=150,10=171,11=148,12=150,13=250,14=78)
[MCTS WIDTH BY DEPTH] depth=5-9 count=4127 min=3 mean=6.33 median=6 p90=11 p95=12 max=13
[MCTS WIDTH COUNTS BY DEPTH] depth=5-9 counts=(3=1404,4=305,5=255,6=252,7=281,8=395,9=394,10=310,11=261,12=256,13=14)
[MCTS WIDTH BY DEPTH] depth=10-19 count=5019 min=3 mean=4.27 median=3 p90=7 p95=8 max=9
[MCTS WIDTH COUNTS BY DEPTH] depth=10-19 counts=(3=2910,4=430,5=400,6=484,7=375,8=318,9=102)
[MCTS WIDTH BY DEPTH] depth=20-49 count=5761 min=3 mean=3.07 median=3 p90=3 p95=4 max=5
[MCTS WIDTH COUNTS BY DEPTH] depth=20-49 counts=(3=5449,4=248,5=64)
[MCTS WIDTH BY DEPTH] depth=50-99 count=962 min=3 mean=3.00 median=3 p90=3 p95=3 max=3
[MCTS WIDTH COUNTS BY DEPTH] depth=50-99 counts=(3=962)
[MCTS DEPTH SUMMARY] selection_depths=(count=1260 min=0 mean=16.99 median=11 p90=42 p95=56 max=77) horizon_cutoffs=(count=0)
[MCTS ACTION SUMMARY] selected_raw_policy_ranks=(count=18 min=1 mean=1.22 median=1 p90=2 p95=3 max=3) known_goal_decisions=0 infeasible_known_goal_decisions=0
[MCTS TIME SUMMARY] selection=0.784958s expansion=418.369176s successor_generation=298.457774s network_inference=116.645397s evaluation=223.320274s backpropagation=0.142945s
[2026-09-14 15:45:31,437] [INFO] [enhspwrapper.py:224] Deleted temp file: /tmp/domain_heuristic_zka37w35.pddl
[2026-09-14 15:45:31,437] [INFO] [enhspwrapper.py:224] Deleted temp file: /tmp/instance_heuristic_e3fqqf61.pddl
[2026-09-14 15:45:31,437] [WARNING] [enhspwrapper.py:226] Failed to delete temp file /tmp/domain_heuristic_zka37w35.pddl: [Errno 2] No such file or directory: '/tmp/domain_heuristic_zka37w35.pddl'
[2026-09-14 15:45:31,437] [WARNING] [enhspwrapper.py:226] Failed to delete temp file /tmp/instance_heuristic_e3fqqf61.pddl: [Errno 2] No such file or directory: '/tmp/instance_heuristic_e3fqqf61.pddl'
[EVAL INSTANCE] completed number=8 path=../problems/numeric/mprime/instances/pfile15.pddl status=success elapsed=691.75s success=1.0 steps=18
[EVAL][PLAN] EASY       | pfile15.pddl | steps=18 | plan=['overcome jealousy satisfaction pistachio', 'feast understanding cod chicken', 'feast satisfaction pistachio okra', 'feast satisfaction okra cucumber', 'succumb jealousy satisfaction cucumber', 'overcome jealousy aesthetics cucumber', 'feast aesthetics cucumber okra', 'feast aesthetics okra pistachio', 'succumb jealousy aesthetics pistachio', 'feast learning broccoli pistachio', 'overcome jealousy learning pistachio', 'feast learning pistachio broccoli', 'succumb jealousy learning broccoli', 'overcome jealousy learning broccoli', 'feast learning broccoli lemon', 'feast learning lemon cod', 'feast learning cod chicken', 'succumb jealousy learning chicken']
[EVAL INSTANCE] started number=9 path=../problems/numeric/mprime/instances/pfile16.pddl pid=3486870
mdpsim:../problems/numeric/mprime/domain.pddl:3: assuming `:typing' requirement
mdpsim:../problems/numeric/mprime/domain.pddl:15: assuming `:fluents' requirement
[EVAL|Easy|3486870] Setting C/Python/Numpy/TF seeds to 1472491104
Starting [EVAL|Easy|3486870] on instance [8] ../problems/numeric/mprime/instances/pfile16.pddl
Starting to parse mdpsim problem: mprime-x-16
Finished parsing mdpsim problem: mprime-x-16
[EVAL|Easy|3486870] ACTION POLICY INITIALIZED
[EVAL|Easy|3486870] policy_class = ArgmaxGoalChasePathDuplicatePenaltyPolicy
[EVAL|Easy|3486870] distance_threshold = inf
[EVAL|Easy|3486870] duplicate_penalty = 0.0
[EVAL|Easy|3486870] root_visit_tie_break = action_id
[2026-09-14 15:46:11,606] [INFO] [enhspwrapper.py:84] Created temporary domain file: /tmp/domain_heuristic_tslk5yd7.pddl
[2026-09-14 15:46:11,607] [INFO] [enhspwrapper.py:93] Created temporary instance file: /tmp/instance_heuristic_t2c73k6a.pddl
[2026-09-14 15:46:12,546] [INFO] [enhspwrapper.py:51] Starting the heuristic server with config: hmrp-ha-gbfs
[MCTS SEARCH SUMMARY] progressive_widening=True iterations_per_search=70 search_calls=9 nodes=1395 peak_nodes=1395 widening_events=618
[MCTS WIDTH SUMMARY] final_widths=(count=1395 min=0 mean=1.17 median=0 p90=3 p95=3 max=13) root_widths=(count=9 min=4 mean=9.11 median=10 p90=13 p95=13 max=13) widen_event_widths=(count=618 min=3 mean=3.60 median=3 p90=5 p95=7 max=13) admitted_policy_ranks=(count=1636 min=1 mean=1.93 median=2 p90=3 p95=3 max=3)
[MCTS DISTRIBUTION] final_width_counts=(0=886,3=477,4=13,5=3,6=4,7=4,8=2,10=1,11=2,12=1,13=2) node_visit_bins=(0=815,1=77,2=20,3-4=42,5-8=85,9-16=118,17-32=135,33-64=82,65-128=8,129+=13) selection_depth_bins=(0=13,1=14,2=16,3-4=41,5-8=86,9-16=152,17-32=189,33-64=119)
[MCTS WIDTH BY DEPTH] depth=0 count=629 min=3 mean=8.41 median=10 p90=12 p95=12 max=13
[MCTS WIDTH COUNTS BY DEPTH] depth=0 counts=(3=45,4=32,5=60,6=94,7=44,8=4,9=31,10=91,11=126,12=79,13=23)
[MCTS WIDTH BY DEPTH] depth=1 count=614 min=3 mean=8.19 median=8 p90=13 p95=13 max=13
[MCTS WIDTH COUNTS BY DEPTH] depth=1 counts=(3=49,4=42,5=33,6=81,7=65,8=46,9=62,10=73,11=71,12=23,13=69)
[MCTS WIDTH BY DEPTH] depth=2 count=601 min=3 mean=6.85 median=7 p90=12 p95=12 max=12
[MCTS WIDTH COUNTS BY DEPTH] depth=2 counts=(3=120,4=82,5=57,6=30,7=48,8=48,9=66,10=66,11=17,12=67)
[MCTS WIDTH BY DEPTH] depth=3-4 count=1141 min=3 mean=6.06 median=6 p90=10 p95=11 max=12
[MCTS WIDTH COUNTS BY DEPTH] depth=3-4 counts=(3=361,4=82,5=94,6=107,7=101,8=113,9=114,10=103,11=63,12=3)
[MCTS WIDTH BY DEPTH] depth=5-9 count=2444 min=3 mean=4.10 median=3 p90=7 p95=8 max=9
[MCTS WIDTH COUNTS BY DEPTH] depth=5-9 counts=(3=1464,4=243,5=225,6=216,7=168,8=83,9=45)
[MCTS WIDTH BY DEPTH] depth=10-19 count=3359 min=3 mean=3.05 median=3 p90=3 p95=3 max=6
[MCTS WIDTH COUNTS BY DEPTH] depth=10-19 counts=(3=3214,4=111,5=30,6=4)
[MCTS WIDTH BY DEPTH] depth=20-49 count=3299 min=3 mean=3.00 median=3 p90=3 p95=3 max=3
[MCTS WIDTH COUNTS BY DEPTH] depth=20-49 counts=(3=3299)
[MCTS WIDTH BY DEPTH] depth=50-99 count=32 min=3 mean=3.00 median=3 p90=3 p95=3 max=3
[MCTS WIDTH COUNTS BY DEPTH] depth=50-99 counts=(3=32)
[MCTS DEPTH SUMMARY] selection_depths=(count=630 min=0 mean=19.04 median=16 p90=40 p95=44 max=57) horizon_cutoffs=(count=0)
[MCTS ACTION SUMMARY] selected_raw_policy_ranks=(count=9 min=1 mean=1.89 median=1 p90=4 p95=4 max=4) known_goal_decisions=0 infeasible_known_goal_decisions=0
[MCTS TIME SUMMARY] selection=0.399686s expansion=67.208920s successor_generation=23.612434s network_inference=42.918490s evaluation=9.834535s backpropagation=0.074945s
[2026-09-14 15:47:10,872] [INFO] [enhspwrapper.py:224] Deleted temp file: /tmp/domain_heuristic_tslk5yd7.pddl
[2026-09-14 15:47:10,872] [INFO] [enhspwrapper.py:224] Deleted temp file: /tmp/instance_heuristic_t2c73k6a.pddl
[2026-09-14 15:47:10,872] [WARNING] [enhspwrapper.py:226] Failed to delete temp file /tmp/domain_heuristic_tslk5yd7.pddl: [Errno 2] No such file or directory: '/tmp/domain_heuristic_tslk5yd7.pddl'
[2026-09-14 15:47:10,872] [WARNING] [enhspwrapper.py:226] Failed to delete temp file /tmp/instance_heuristic_t2c73k6a.pddl: [Errno 2] No such file or directory: '/tmp/instance_heuristic_t2c73k6a.pddl'
[EVAL INSTANCE] completed number=9 path=../problems/numeric/mprime/instances/pfile16.pddl status=success elapsed=99.43s success=1.0 steps=9
[EVAL][PLAN] EASY       | pfile16.pddl | steps=9 | plan=['overcome sciatica learning baguette', 'drink wonderbread chicken', 'feast achievement rice bacon', 'overcome abrasion learning baguette', 'feast rest chicken bacon', 'drink wonderbread baguette', 'feast learning baguette rice', 'succumb abrasion learning rice', 'succumb sciatica learning rice']
[EVAL INSTANCE] started number=10 path=../problems/numeric/mprime/instances/pfile18.pddl pid=3488053
mdpsim:../problems/numeric/mprime/domain.pddl:3: assuming `:typing' requirement
mdpsim:../problems/numeric/mprime/domain.pddl:15: assuming `:fluents' requirement
[EVAL|Easy|3488053] Setting C/Python/Numpy/TF seeds to 1472491105
Starting [EVAL|Easy|3488053] on instance [9] ../problems/numeric/mprime/instances/pfile18.pddl
Starting to parse mdpsim problem: mprime-x-18
Finished parsing mdpsim problem: mprime-x-18
[EVAL|Easy|3488053] ACTION POLICY INITIALIZED
[EVAL|Easy|3488053] policy_class = ArgmaxGoalChasePathDuplicatePenaltyPolicy
[EVAL|Easy|3488053] distance_threshold = inf
[EVAL|Easy|3488053] duplicate_penalty = 0.0
[EVAL|Easy|3488053] root_visit_tie_break = action_id
[2026-09-14 15:48:20,318] [INFO] [enhspwrapper.py:84] Created temporary domain file: /tmp/domain_heuristic_4pst23an.pddl
[2026-09-14 15:48:20,318] [INFO] [enhspwrapper.py:93] Created temporary instance file: /tmp/instance_heuristic_2uxq6ncc.pddl
[2026-09-14 15:48:21,401] [INFO] [enhspwrapper.py:51] Starting the heuristic server with config: hmrp-ha-gbfs
[EVAL INSTANCE] timeout number=6 path=../problems/numeric/mprime/instances/pfile13.pddl limit=21600.0s
[EVAL INSTANCE] started number=11 path=../problems/numeric/mprime/instances/pfile19.pddl pid=4037928
mdpsim:../problems/numeric/mprime/domain.pddl:3: assuming `:typing' requirement
mdpsim:../problems/numeric/mprime/domain.pddl:15: assuming `:fluents' requirement
[EVAL INSTANCE] timeout number=7 path=../problems/numeric/mprime/instances/pfile14.pddl limit=21600.0s
[EVAL INSTANCE] started number=12 path=../problems/numeric/mprime/instances/pfile20.pddl pid=4038135
mdpsim:../problems/numeric/mprime/domain.pddl:3: assuming `:typing' requirement
mdpsim:../problems/numeric/mprime/domain.pddl:15: assuming `:fluents' requirement
[EVAL|Easy|4038135] Setting C/Python/Numpy/TF seeds to 1472491107
Starting [EVAL|Easy|4038135] on instance [11] ../problems/numeric/mprime/instances/pfile20.pddl
Starting to parse mdpsim problem: mprime-x-20
Finished parsing mdpsim problem: mprime-x-20
[EVAL|Easy|4038135] ACTION POLICY INITIALIZED
[EVAL|Easy|4038135] policy_class = ArgmaxGoalChasePathDuplicatePenaltyPolicy
[EVAL|Easy|4038135] distance_threshold = inf
[EVAL|Easy|4038135] duplicate_penalty = 0.0
[EVAL|Easy|4038135] root_visit_tie_break = action_id
[2026-09-14 21:34:28,247] [INFO] [enhspwrapper.py:84] Created temporary domain file: /tmp/domain_heuristic_ddrpap_7.pddl
[2026-09-14 21:34:28,247] [INFO] [enhspwrapper.py:93] Created temporary instance file: /tmp/instance_heuristic_tuygr5lw.pddl
[2026-09-14 21:34:29,075] [INFO] [enhspwrapper.py:51] Starting the heuristic server with config: hmrp-ha-gbfs
[EVAL|Easy|4037928] Setting C/Python/Numpy/TF seeds to 1472491106
Starting [EVAL|Easy|4037928] on instance [10] ../problems/numeric/mprime/instances/pfile19.pddl
Starting to parse mdpsim problem: mprime-x-19
Finished parsing mdpsim problem: mprime-x-19
[EVAL|Easy|4037928] ACTION POLICY INITIALIZED
[EVAL|Easy|4037928] policy_class = ArgmaxGoalChasePathDuplicatePenaltyPolicy
[EVAL|Easy|4037928] distance_threshold = inf
[EVAL|Easy|4037928] duplicate_penalty = 0.0
[EVAL|Easy|4037928] root_visit_tie_break = action_id
[2026-09-14 21:34:40,693] [INFO] [enhspwrapper.py:84] Created temporary domain file: /tmp/domain_heuristic_qdpzu8pg.pddl
[2026-09-14 21:34:40,693] [INFO] [enhspwrapper.py:93] Created temporary instance file: /tmp/instance_heuristic_9lv61f4m.pddl
[2026-09-14 21:34:41,599] [INFO] [enhspwrapper.py:51] Starting the heuristic server with config: hmrp-ha-gbfs
[MCTS SEARCH SUMMARY] progressive_widening=True iterations_per_search=70 search_calls=12 nodes=1819 peak_nodes=1819 widening_events=840
[MCTS WIDTH SUMMARY] final_widths=(count=1819 min=0 mean=1.13 median=0 p90=3 p95=3 max=15) root_widths=(count=12 min=4 mean=10.17 median=10 p90=14 p95=15 max=15) widen_event_widths=(count=840 min=3 mean=4.01 median=3 p90=7 p95=10 max=15) admitted_policy_ranks=(count=2058 min=1 mean=1.89 median=2 p90=3 p95=3 max=3)
[MCTS DISTRIBUTION] final_width_counts=(0=1210,3=534,4=34,5=16,6=5,7=6,8=2,9=1,10=2,11=1,12=1,13=2,14=1,15=4) node_visit_bins=(0=1022,1=208,2=49,3-4=84,5-8=132,9-16=123,17-32=76,33-64=78,65-128=24,129+=23) selection_depth_bins=(0=16,1=16,2=19,3-4=39,5-8=107,9-16=283,17-32=224,33-64=117,65-128=19)
[MCTS WIDTH BY DEPTH] depth=0 count=839 min=3 mean=9.54 median=10 p90=14 p95=14 max=15
[MCTS WIDTH COUNTS BY DEPTH] depth=0 counts=(3=67,4=51,5=53,6=42,7=42,8=59,9=70,10=58,11=77,12=79,13=87,14=126,15=28)
[MCTS WIDTH BY DEPTH] depth=1 count=823 min=3 mean=9.50 median=10 p90=14 p95=15 max=15
[MCTS WIDTH COUNTS BY DEPTH] depth=1 counts=(3=66,4=53,5=51,6=47,7=41,8=63,9=51,10=72,11=71,12=81,13=94,14=71,15=62)
[MCTS WIDTH BY DEPTH] depth=2 count=803 min=3 mean=8.92 median=9 p90=14 p95=14 max=15
[MCTS WIDTH COUNTS BY DEPTH] depth=2 counts=(3=123,4=52,5=30,6=41,7=41,8=55,9=64,10=55,11=73,12=81,13=95,14=68,15=25)
[MCTS WIDTH BY DEPTH] depth=3-4 count=1547 min=3 mean=8.60 median=9 p90=13 p95=14 max=15
[MCTS WIDTH COUNTS BY DEPTH] depth=3-4 counts=(3=293,4=84,5=60,6=85,7=77,8=104,9=73,10=132,11=177,12=186,13=130,14=134,15=12)
[MCTS WIDTH BY DEPTH] depth=5-9 count=3421 min=3 mean=6.19 median=6 p90=10 p95=11 max=13
[MCTS WIDTH COUNTS BY DEPTH] depth=5-9 counts=(3=959,4=285,5=306,6=340,7=397,8=305,9=301,10=261,11=153,12=103,13=11)
[MCTS WIDTH BY DEPTH] depth=10-19 count=4251 min=3 mean=3.70 median=3 p90=5 p95=6 max=9
[MCTS WIDTH COUNTS BY DEPTH] depth=10-19 counts=(3=2815,4=552,5=462,6=312,7=42,8=28,9=40)
[MCTS WIDTH BY DEPTH] depth=20-49 count=4105 min=3 mean=3.10 median=3 p90=3 p95=4 max=5
[MCTS WIDTH COUNTS BY DEPTH] depth=20-49 counts=(3=3741,4=328,5=36)
[MCTS WIDTH BY DEPTH] depth=50-99 count=626 min=3 mean=3.00 median=3 p90=3 p95=3 max=3
[MCTS WIDTH COUNTS BY DEPTH] depth=50-99 counts=(3=626)
[MCTS DEPTH SUMMARY] selection_depths=(count=840 min=0 mean=19.27 median=15 p90=42 p95=54 max=76) horizon_cutoffs=(count=0)
[MCTS ACTION SUMMARY] selected_raw_policy_ranks=(count=12 min=1 mean=1.42 median=1 p90=2 p95=3 max=3) known_goal_decisions=0 infeasible_known_goal_decisions=0
[MCTS TIME SUMMARY] selection=0.581408s expansion=84.182331s successor_generation=36.422376s network_inference=46.760654s evaluation=32.318288s backpropagation=0.093371s
[2026-09-14 21:36:07,256] [INFO] [enhspwrapper.py:224] Deleted temp file: /tmp/domain_heuristic_ddrpap_7.pddl
[2026-09-14 21:36:07,256] [INFO] [enhspwrapper.py:224] Deleted temp file: /tmp/instance_heuristic_tuygr5lw.pddl
[2026-09-14 21:36:07,256] [WARNING] [enhspwrapper.py:226] Failed to delete temp file /tmp/domain_heuristic_ddrpap_7.pddl: [Errno 2] No such file or directory: '/tmp/domain_heuristic_ddrpap_7.pddl'
[2026-09-14 21:36:07,256] [WARNING] [enhspwrapper.py:226] Failed to delete temp file /tmp/instance_heuristic_tuygr5lw.pddl: [Errno 2] No such file or directory: '/tmp/instance_heuristic_tuygr5lw.pddl'
[EVAL INSTANCE] completed number=12 path=../problems/numeric/mprime/instances/pfile20.pddl status=success elapsed=139.73s success=1.0 steps=12
[EVAL][PLAN] EASY       | pfile20.pddl | steps=12 | plan=['overcome abrasion intoxication wonderbread', 'feast intoxication wonderbread yogurt', 'succumb abrasion intoxication yogurt', 'overcome abrasion triumph yogurt', 'drink turkey rice', 'feast triumph yogurt tuna', 'feast triumph tuna turkey', 'feast triumph turkey cherry', 'succumb abrasion triumph cherry', 'overcome abrasion triumph cherry', 'feast triumph cherry pepper', 'succumb abrasion triumph pepper']
[EVAL INSTANCE] started number=13 path=../problems/numeric/mprime/instances/pfile21.pddl pid=4040119
mdpsim:../problems/numeric/mprime/domain.pddl:3: assuming `:typing' requirement
mdpsim:../problems/numeric/mprime/domain.pddl:15: assuming `:fluents' requirement
[EVAL|Easy|4040119] Setting C/Python/Numpy/TF seeds to 1472491108
Starting [EVAL|Easy|4040119] on instance [12] ../problems/numeric/mprime/instances/pfile21.pddl
Starting to parse mdpsim problem: mprime-x-21
Finished parsing mdpsim problem: mprime-x-21
[EVAL|Easy|4040119] ACTION POLICY INITIALIZED
[EVAL|Easy|4040119] policy_class = ArgmaxGoalChasePathDuplicatePenaltyPolicy
[EVAL|Easy|4040119] distance_threshold = inf
[EVAL|Easy|4040119] duplicate_penalty = 0.0
[EVAL|Easy|4040119] root_visit_tie_break = action_id
[2026-09-14 21:37:38,315] [INFO] [enhspwrapper.py:84] Created temporary domain file: /tmp/domain_heuristic_qxb0co_6.pddl
[2026-09-14 21:37:38,315] [INFO] [enhspwrapper.py:93] Created temporary instance file: /tmp/instance_heuristic_ft4sfgjg.pddl
[2026-09-14 21:37:39,561] [INFO] [enhspwrapper.py:51] Starting the heuristic server with config: hmrp-ha-gbfs
[MCTS SEARCH SUMMARY] progressive_widening=True iterations_per_search=70 search_calls=20 nodes=2272 peak_nodes=2272 widening_events=1234
[MCTS WIDTH SUMMARY] final_widths=(count=2272 min=0 mean=1.31 median=0 p90=3 p95=3 max=18) root_widths=(count=20 min=4 mean=12.40 median=13 p90=17 p95=18 max=18) widen_event_widths=(count=1234 min=3 mean=4.40 median=3 p90=9 p95=12 max=18) admitted_policy_ranks=(count=2972 min=1 mean=1.88 median=2 p90=3 p95=3 max=3)
[MCTS DISTRIBUTION] final_width_counts=(0=1403,3=772,4=42,5=21,6=7,7=5,8=2,10=1,11=3,12=1,13=2,14=3,15=2,16=2,17=3,18=3) node_visit_bins=(0=1106,1=334,2=50,3-4=84,5-8=105,9-16=124,17-32=191,33-64=215,65-128=36,129+=27) selection_depth_bins=(0=24,1=26,2=35,3-4=81,5-8=152,9-16=287,17-32=418,33-64=377)
[MCTS WIDTH BY DEPTH] depth=0 count=1399 min=3 mean=11.79 median=13 p90=17 p95=18 max=18
[MCTS WIDTH COUNTS BY DEPTH] depth=0 counts=(3=45,4=60,5=90,6=84,7=39,8=42,9=64,10=94,11=71,12=90,13=112,14=88,15=115,16=204,17=115,18=86)
[MCTS WIDTH BY DEPTH] depth=1 count=1370 min=3 mean=11.37 median=12 p90=17 p95=17 max=18
[MCTS WIDTH COUNTS BY DEPTH] depth=1 counts=(3=136,4=61,5=29,6=37,7=35,8=62,9=80,10=66,11=82,12=103,13=122,14=175,15=86,16=114,17=128,18=54)
[MCTS WIDTH BY DEPTH] depth=2 count=1338 min=3 mean=10.30 median=11 p90=16 p95=17 max=17
[MCTS WIDTH COUNTS BY DEPTH] depth=2 counts=(3=240,4=27,5=22,6=43,7=54,8=68,9=59,10=78,11=92,12=112,13=174,14=112,15=38,16=123,17=96)
[MCTS WIDTH BY DEPTH] depth=3-4 count=2547 min=3 mean=9.25 median=10 p90=15 p95=16 max=17
[MCTS WIDTH COUNTS BY DEPTH] depth=3-4 counts=(3=568,4=80,5=69,6=101,7=106,8=114,9=140,10=176,11=258,12=270,13=135,14=54,15=295,16=168,17=13)
[MCTS WIDTH BY DEPTH] depth=5-9 count=5677 min=3 mean=7.86 median=7 p90=14 p95=14 max=15
[MCTS WIDTH COUNTS BY DEPTH] depth=5-9 counts=(3=1595,4=254,5=326,6=323,7=357,8=373,9=332,10=330,11=288,12=268,13=433,14=520,15=278)
[MCTS WIDTH BY DEPTH] depth=10-19 count=8569 min=3 mean=5.03 median=3 p90=10 p95=11 max=13
[MCTS WIDTH COUNTS BY DEPTH] depth=10-19 counts=(3=4505,4=753,5=648,6=539,7=394,8=324,9=385,10=383,11=299,12=247,13=92)
[MCTS WIDTH BY DEPTH] depth=20-49 count=10453 min=3 mean=3.08 median=3 p90=3 p95=4 max=7
[MCTS WIDTH COUNTS BY DEPTH] depth=20-49 counts=(3=9797,4=525,5=110,6=19,7=2)
[MCTS WIDTH BY DEPTH] depth=50-99 count=270 min=3 mean=3.00 median=3 p90=3 p95=3 max=3
[MCTS WIDTH COUNTS BY DEPTH] depth=50-99 counts=(3=270)
[MCTS DEPTH SUMMARY] selection_depths=(count=1400 min=0 mean=22.21 median=20 p90=46 p95=50 max=58) horizon_cutoffs=(count=0)
[MCTS ACTION SUMMARY] selected_raw_policy_ranks=(count=20 min=1 mean=1.40 median=1 p90=3 p95=3 max=4) known_goal_decisions=0 infeasible_known_goal_decisions=0
[MCTS TIME SUMMARY] selection=1.192477s expansion=188.314766s successor_generation=95.445836s network_inference=91.052877s evaluation=84.680783s backpropagation=0.170050s
[2026-09-14 21:38:45,696] [INFO] [enhspwrapper.py:224] Deleted temp file: /tmp/domain_heuristic_qdpzu8pg.pddl
[2026-09-14 21:38:45,696] [INFO] [enhspwrapper.py:224] Deleted temp file: /tmp/instance_heuristic_9lv61f4m.pddl
[2026-09-14 21:38:45,696] [WARNING] [enhspwrapper.py:226] Failed to delete temp file /tmp/domain_heuristic_qdpzu8pg.pddl: [Errno 2] No such file or directory: '/tmp/domain_heuristic_qdpzu8pg.pddl'
[2026-09-14 21:38:45,696] [WARNING] [enhspwrapper.py:226] Failed to delete temp file /tmp/instance_heuristic_9lv61f4m.pddl: [Errno 2] No such file or directory: '/tmp/instance_heuristic_9lv61f4m.pddl'
[EVAL INSTANCE] completed number=11 path=../problems/numeric/mprime/instances/pfile19.pddl status=success elapsed=308.69s success=1.0 steps=20
[EVAL][PLAN] EASY       | pfile19.pddl | steps=20 | plan=['feast love haroset lobster', 'feast aesthetics bacon lobster', 'drink lemon bacon', 'feast aesthetics lobster bacon', 'feast expectation okra snickers', 'feast expectation snickers onion', 'feast stimulation lamb beef', 'overcome abrasion stimulation beef', 'feast stimulation beef lamb', 'feast stimulation lamb haroset', 'drink beef lobster', 'feast aesthetics bacon lobster', 'drink beef bacon', 'feast aesthetics lobster bacon', 'drink flounder lobster', 'feast aesthetics bacon lobster', 'drink flounder bacon', 'drink flounder haroset', 'feast stimulation haroset lobster', 'succumb abrasion stimulation lobster']
[EVAL INSTANCE] started number=14 path=../problems/numeric/mprime/instances/pfile22.pddl pid=4041807
mdpsim:../problems/numeric/mprime/domain.pddl:3: assuming `:typing' requirement
mdpsim:../problems/numeric/mprime/domain.pddl:15: assuming `:fluents' requirement
[MCTS SEARCH SUMMARY] progressive_widening=True iterations_per_search=70 search_calls=6 nodes=756 peak_nodes=756 widening_events=370
[MCTS WIDTH SUMMARY] final_widths=(count=756 min=0 mean=1.32 median=0 p90=3 p95=3 max=11) root_widths=(count=6 min=4 mean=8.00 median=8 p90=11 p95=11 max=11) widen_event_widths=(count=370 min=3 mean=3.48 median=3 p90=5 p95=7 max=11) admitted_policy_ranks=(count=998 min=1 mean=1.94 median=2 p90=3 p95=3 max=3)
[MCTS DISTRIBUTION] final_width_counts=(0=442,3=297,4=7,5=2,6=2,8=2,9=1,10=1,11=2) node_visit_bins=(0=407,1=46,2=18,3-4=33,5-8=69,9-16=109,17-32=45,33-64=16,65-128=6,129+=7) selection_depth_bins=(0=9,1=11,2=11,3-4=27,5-8=78,9-16=157,17-32=127)
[MCTS WIDTH BY DEPTH] depth=0 count=419 min=3 mean=7.52 median=8 p90=11 p95=11 max=11
[MCTS WIDTH COUNTS BY DEPTH] depth=0 counts=(3=45,4=29,5=30,6=41,7=41,8=53,9=60,10=67,11=53)
[MCTS WIDTH BY DEPTH] depth=1 count=408 min=3 mean=7.46 median=8 p90=11 p95=11 max=11
[MCTS WIDTH COUNTS BY DEPTH] depth=1 counts=(3=45,4=27,5=30,6=41,7=41,8=53,9=60,10=67,11=44)
[MCTS WIDTH BY DEPTH] depth=2 count=397 min=3 mean=6.62 median=7 p90=9 p95=10 max=10
[MCTS WIDTH COUNTS BY DEPTH] depth=2 counts=(3=67,4=27,5=30,6=41,7=61,8=77,9=60,10=34)
[MCTS WIDTH BY DEPTH] depth=3-4 count=754 min=3 mean=5.04 median=5 p90=7 p95=8 max=9
[MCTS WIDTH COUNTS BY DEPTH] depth=3-4 counts=(3=247,4=57,5=130,6=146,7=103,8=52,9=19)
[MCTS WIDTH BY DEPTH] depth=5-9 count=1537 min=3 mean=3.23 median=3 p90=4 p95=4 max=6
[MCTS WIDTH COUNTS BY DEPTH] depth=5-9 counts=(3=1264,4=203,5=55,6=15)
[MCTS WIDTH BY DEPTH] depth=10-19 count=1593 min=3 mean=3.00 median=3 p90=3 p95=3 max=4
[MCTS WIDTH COUNTS BY DEPTH] depth=10-19 counts=(3=1592,4=1)
[MCTS WIDTH BY DEPTH] depth=20-49 count=457 min=3 mean=3.00 median=3 p90=3 p95=3 max=3
[MCTS WIDTH COUNTS BY DEPTH] depth=20-49 counts=(3=457)
[MCTS DEPTH SUMMARY] selection_depths=(count=420 min=0 mean=13.00 median=12 p90=23 p95=27 max=32) horizon_cutoffs=(count=0)
[MCTS ACTION SUMMARY] selected_raw_policy_ranks=(count=6 min=1 mean=1.00 median=1 p90=1 p95=1 max=1) known_goal_decisions=0 infeasible_known_goal_decisions=0
[MCTS TIME SUMMARY] selection=0.164081s expansion=126.632030s successor_generation=37.190732s network_inference=88.703157s evaluation=28.023941s backpropagation=0.033009s
[2026-09-14 21:39:32,473] [INFO] [enhspwrapper.py:224] Deleted temp file: /tmp/domain_heuristic_qxb0co_6.pddl
[2026-09-14 21:39:32,473] [INFO] [enhspwrapper.py:224] Deleted temp file: /tmp/instance_heuristic_ft4sfgjg.pddl
[2026-09-14 21:39:32,473] [WARNING] [enhspwrapper.py:226] Failed to delete temp file /tmp/domain_heuristic_qxb0co_6.pddl: [Errno 2] No such file or directory: '/tmp/domain_heuristic_qxb0co_6.pddl'
[2026-09-14 21:39:32,473] [WARNING] [enhspwrapper.py:226] Failed to delete temp file /tmp/instance_heuristic_ft4sfgjg.pddl: [Errno 2] No such file or directory: '/tmp/instance_heuristic_ft4sfgjg.pddl'
[EVAL INSTANCE] completed number=13 path=../problems/numeric/mprime/instances/pfile21.pddl status=success elapsed=205.13s success=1.0 steps=6
[EVAL][PLAN] EASY       | pfile21.pddl | steps=6 | plan=['feast love flounder wurst', 'overcome sciatica love wurst', 'drink popover wurst', 'feast love wurst snickers', 'feast love snickers apple', 'succumb sciatica love apple']
[EVAL INSTANCE] started number=15 path=../problems/numeric/mprime/instances/pfile23.pddl pid=4042474
mdpsim:../problems/numeric/mprime/domain.pddl:3: assuming `:typing' requirement
mdpsim:../problems/numeric/mprime/domain.pddl:15: assuming `:fluents' requirement
[EVAL|Easy|4042474] Setting C/Python/Numpy/TF seeds to 1472491110
Starting [EVAL|Easy|4042474] on instance [14] ../problems/numeric/mprime/instances/pfile23.pddl
Starting to parse mdpsim problem: mprime-x-23
Finished parsing mdpsim problem: mprime-x-23
[EVAL|Easy|4042474] ACTION POLICY INITIALIZED
[EVAL|Easy|4042474] policy_class = ArgmaxGoalChasePathDuplicatePenaltyPolicy
[EVAL|Easy|4042474] distance_threshold = inf
[EVAL|Easy|4042474] duplicate_penalty = 0.0
[EVAL|Easy|4042474] root_visit_tie_break = action_id
[2026-09-14 21:40:46,853] [INFO] [enhspwrapper.py:84] Created temporary domain file: /tmp/domain_heuristic_cp9iw1ku.pddl
[2026-09-14 21:40:46,854] [INFO] [enhspwrapper.py:93] Created temporary instance file: /tmp/instance_heuristic_w21dg42w.pddl
[2026-09-14 21:40:48,121] [INFO] [enhspwrapper.py:51] Starting the heuristic server with config: hmrp-ha-gbfs
[EVAL|Easy|4041807] Setting C/Python/Numpy/TF seeds to 1472491109
Starting [EVAL|Easy|4041807] on instance [13] ../problems/numeric/mprime/instances/pfile22.pddl
Starting to parse mdpsim problem: mprime-x-22
Finished parsing mdpsim problem: mprime-x-22
[EVAL|Easy|4041807] ACTION POLICY INITIALIZED
[EVAL|Easy|4041807] policy_class = ArgmaxGoalChasePathDuplicatePenaltyPolicy
[EVAL|Easy|4041807] distance_threshold = inf
[EVAL|Easy|4041807] duplicate_penalty = 0.0
[EVAL|Easy|4041807] root_visit_tie_break = action_id
[2026-09-14 21:42:36,058] [INFO] [enhspwrapper.py:84] Created temporary domain file: /tmp/domain_heuristic_vcemds9h.pddl
[2026-09-14 21:42:36,058] [INFO] [enhspwrapper.py:93] Created temporary instance file: /tmp/instance_heuristic_cri62uue.pddl
[2026-09-14 21:42:38,671] [INFO] [enhspwrapper.py:51] Starting the heuristic server with config: hmrp-ha-gbfs
[EVAL INSTANCE] timeout number=10 path=../problems/numeric/mprime/instances/pfile18.pddl limit=21600.0s
[EVAL INSTANCE] started number=16 path=../problems/numeric/mprime/instances/pfile24.pddl pid=4052442
mdpsim:../problems/numeric/mprime/domain.pddl:3: assuming `:typing' requirement
mdpsim:../problems/numeric/mprime/domain.pddl:15: assuming `:fluents' requirement
[EVAL|Easy|4052442] Setting C/Python/Numpy/TF seeds to 1472491111
Starting [EVAL|Easy|4052442] on instance [15] ../problems/numeric/mprime/instances/pfile24.pddl
Starting to parse mdpsim problem: mprime-x-24
Finished parsing mdpsim problem: mprime-x-24
[EVAL|Easy|4052442] ACTION POLICY INITIALIZED
[EVAL|Easy|4052442] policy_class = ArgmaxGoalChasePathDuplicatePenaltyPolicy
[EVAL|Easy|4052442] distance_threshold = inf
[EVAL|Easy|4052442] duplicate_penalty = 0.0
[EVAL|Easy|4052442] root_visit_tie_break = action_id
[2026-09-14 21:48:22,563] [INFO] [enhspwrapper.py:84] Created temporary domain file: /tmp/domain_heuristic_yfvkr231.pddl
[2026-09-14 21:48:22,564] [INFO] [enhspwrapper.py:93] Created temporary instance file: /tmp/instance_heuristic_jix1rxa9.pddl
[2026-09-14 21:48:23,575] [INFO] [enhspwrapper.py:51] Starting the heuristic server with config: hmrp-ha-gbfs
[MCTS SEARCH SUMMARY] progressive_widening=True iterations_per_search=70 search_calls=23 nodes=3595 peak_nodes=3595 widening_events=1609
[MCTS WIDTH SUMMARY] final_widths=(count=3595 min=0 mean=1.23 median=0 p90=3 p95=3 max=15) root_widths=(count=23 min=4 mean=8.61 median=7 p90=14 p95=15 max=15) widen_event_widths=(count=1609 min=3 mean=3.45 median=3 p90=4 p95=6 max=15) admitted_policy_ranks=(count=4419 min=1 mean=1.95 median=2 p90=3 p95=3 max=3)
[MCTS DISTRIBUTION] final_width_counts=(0=2190,3=1337,4=35,5=6,6=10,7=4,8=3,10=2,11=2,12=1,13=1,14=1,15=3) node_visit_bins=(0=1831,1=536,2=234,3-4=196,5-8=180,9-16=188,17-32=231,33-64=161,65-128=20,129+=18) selection_depth_bins=(0=45,1=35,2=48,3-4=252,5-8=579,9-16=265,17-32=193,33-64=162,65-128=31)
[MCTS WIDTH BY DEPTH] depth=0 count=1609 min=3 mean=7.65 median=6 p90=14 p95=14 max=15
[MCTS WIDTH COUNTS BY DEPTH] depth=0 counts=(3=104,4=204,5=323,6=254,7=86,8=23,9=111,10=95,11=75,12=84,13=85,14=102,15=63)
[MCTS WIDTH BY DEPTH] depth=1 count=1552 min=3 mean=7.11 median=7 p90=13 p95=14 max=15
[MCTS WIDTH COUNTS BY DEPTH] depth=1 counts=(3=549,4=100,5=67,6=23,7=135,8=148,9=63,10=75,11=76,12=79,13=86,14=104,15=47)
[MCTS WIDTH BY DEPTH] depth=2 count=1499 min=3 mean=6.21 median=4 p90=13 p95=13 max=14
[MCTS WIDTH COUNTS BY DEPTH] depth=2 counts=(3=723,4=57,5=37,6=110,7=81,8=56,9=57,10=71,11=71,12=80,13=97,14=59)
[MCTS WIDTH BY DEPTH] depth=3-4 count=2650 min=3 mean=5.47 median=3 p90=11 p95=12 max=13
[MCTS WIDTH COUNTS BY DEPTH] depth=3-4 counts=(3=1486,4=110,5=113,6=119,7=83,8=107,9=123,10=133,11=144,12=160,13=72)
[MCTS WIDTH BY DEPTH] depth=5-9 count=3918 min=3 mean=4.51 median=3 p90=8 p95=10 max=12
[MCTS WIDTH COUNTS BY DEPTH] depth=5-9 counts=(3=2274,4=359,5=273,6=238,7=205,8=193,9=176,10=128,11=71,12=1)
[MCTS WIDTH BY DEPTH] depth=10-19 count=4312 min=3 mean=3.09 median=3 p90=3 p95=4 max=6
[MCTS WIDTH COUNTS BY DEPTH] depth=10-19 counts=(3=4009,4=230,5=67,6=6)
[MCTS WIDTH BY DEPTH] depth=20-49 count=5603 min=3 mean=3.02 median=3 p90=3 p95=3 max=5
[MCTS WIDTH COUNTS BY DEPTH] depth=20-49 counts=(3=5508,4=94,5=1)
[MCTS WIDTH BY DEPTH] depth=50-99 count=1098 min=3 mean=3.00 median=3 p90=3 p95=3 max=3
[MCTS WIDTH COUNTS BY DEPTH] depth=50-99 counts=(3=1098)
[MCTS DEPTH SUMMARY] selection_depths=(count=1610 min=0 mean=13.69 median=7 p90=38 p95=52 max=84) horizon_cutoffs=(count=0)
[MCTS ACTION SUMMARY] selected_raw_policy_ranks=(count=23 min=1 mean=1.39 median=1 p90=2 p95=3 max=4) known_goal_decisions=0 infeasible_known_goal_decisions=0
[MCTS TIME SUMMARY] selection=0.746641s expansion=357.526711s successor_generation=242.533648s network_inference=110.321647s evaluation=216.463808s backpropagation=0.149734s
[2026-09-14 21:49:48,060] [INFO] [enhspwrapper.py:224] Deleted temp file: /tmp/domain_heuristic_cp9iw1ku.pddl
[2026-09-14 21:49:48,060] [INFO] [enhspwrapper.py:224] Deleted temp file: /tmp/instance_heuristic_w21dg42w.pddl
[2026-09-14 21:49:48,060] [WARNING] [enhspwrapper.py:226] Failed to delete temp file /tmp/domain_heuristic_cp9iw1ku.pddl: [Errno 2] No such file or directory: '/tmp/domain_heuristic_cp9iw1ku.pddl'
[2026-09-14 21:49:48,060] [WARNING] [enhspwrapper.py:226] Failed to delete temp file /tmp/instance_heuristic_w21dg42w.pddl: [Errno 2] No such file or directory: '/tmp/instance_heuristic_w21dg42w.pddl'
[EVAL INSTANCE] completed number=15 path=../problems/numeric/mprime/instances/pfile23.pddl status=success elapsed=615.59s success=1.0 steps=23
[EVAL][PLAN] EASY       | pfile23.pddl | steps=23 | plan=['feast intoxication onion apple', 'overcome laceration intoxication apple', 'feast intoxication apple pistachio', 'feast satisfaction lamb flounder', 'succumb laceration intoxication pistachio', 'feast understanding cherry pistachio', 'overcome laceration understanding pistachio', 'feast understanding pistachio cherry', 'feast understanding cherry pistachio', 'feast understanding pistachio onion', 'drink pistachio hotdog', 'succumb laceration understanding onion', 'feast intoxication pistachio cherry', 'overcome laceration understanding onion', 'drink wonderbread onion', 'succumb laceration understanding onion', 'feast satisfaction flounder onion', 'overcome laceration satisfaction onion', 'feast satisfaction onion flounder', 'feast satisfaction flounder lamb', 'feast satisfaction lamb hotdog', 'feast satisfaction hotdog chicken', 'succumb laceration satisfaction chicken']
[EVAL INSTANCE] started number=17 path=../problems/numeric/mprime/instances/pfile25.pddl pid=4053683
mdpsim:../problems/numeric/mprime/domain.pddl:3: assuming `:typing' requirement
mdpsim:../problems/numeric/mprime/domain.pddl:15: assuming `:fluents' requirement
[EVAL|Easy|4053683] Setting C/Python/Numpy/TF seeds to 1472491112
Starting [EVAL|Easy|4053683] on instance [16] ../problems/numeric/mprime/instances/pfile25.pddl
Starting to parse mdpsim problem: mprime-x-25
Finished parsing mdpsim problem: mprime-x-25
[EVAL|Easy|4053683] ACTION POLICY INITIALIZED
[EVAL|Easy|4053683] policy_class = ArgmaxGoalChasePathDuplicatePenaltyPolicy
[EVAL|Easy|4053683] distance_threshold = inf
[EVAL|Easy|4053683] duplicate_penalty = 0.0
[EVAL|Easy|4053683] root_visit_tie_break = action_id
[2026-09-14 21:49:58,318] [INFO] [enhspwrapper.py:84] Created temporary domain file: /tmp/domain_heuristic_2tw_5z7z.pddl
[2026-09-14 21:49:58,318] [INFO] [enhspwrapper.py:93] Created temporary instance file: /tmp/instance_heuristic_s40474bd.pddl
[2026-09-14 21:49:58,615] [INFO] [enhspwrapper.py:51] Starting the heuristic server with config: hmrp-ha-gbfs
[MCTS SEARCH SUMMARY] progressive_widening=True iterations_per_search=70 search_calls=4 nodes=258 peak_nodes=258 widening_events=170
[MCTS WIDTH SUMMARY] final_widths=(count=258 min=0 mean=1.50 median=0 p90=4 p95=5 max=9) root_widths=(count=4 min=4 mean=7.00 median=7 p90=9 p95=9 max=9) widen_event_widths=(count=170 min=2 mean=3.72 median=3 p90=5 p95=7 max=9) admitted_policy_ranks=(count=386 min=1 mean=1.83 median=2 p90=3 p95=3 max=3)
[MCTS DISTRIBUTION] final_width_counts=(0=148,2=4,3=79,4=11,5=9,6=2,7=2,8=1,9=2) node_visit_bins=(0=123,1=26,2=9,3-4=8,5-8=15,9-16=12,17-32=28,33-64=16,65-128=16,129+=5) selection_depth_bins=(0=8,1=7,2=8,3-4=24,5-8=43,9-16=96,17-32=94)
[MCTS WIDTH BY DEPTH] depth=0 count=279 min=3 mean=6.20 median=6 p90=9 p95=9 max=9
[MCTS WIDTH COUNTS BY DEPTH] depth=0 counts=(3=45,4=26,5=30,6=41,7=42,8=53,9=42)
[MCTS WIDTH BY DEPTH] depth=1 count=271 min=3 mean=6.13 median=6 p90=9 p95=9 max=9
[MCTS WIDTH COUNTS BY DEPTH] depth=1 counts=(3=44,4=27,5=30,6=41,7=41,8=53,9=35)
[MCTS WIDTH BY DEPTH] depth=2 count=264 min=3 mean=5.41 median=6 p90=7 p95=7 max=8
[MCTS WIDTH COUNTS BY DEPTH] depth=2 counts=(3=45,4=27,5=47,6=78,7=54,8=13)
[MCTS WIDTH BY DEPTH] depth=3-4 count=489 min=3 mean=3.92 median=4 p90=6 p95=6 max=6
[MCTS WIDTH COUNTS BY DEPTH] depth=3-4 counts=(3=240,4=107,5=81,6=61)
[MCTS WIDTH BY DEPTH] depth=5-9 count=1018 min=3 mean=3.32 median=3 p90=4 p95=5 max=5
[MCTS WIDTH COUNTS BY DEPTH] depth=5-9 counts=(3=774,4=162,5=82)
[MCTS WIDTH BY DEPTH] depth=10-19 count=1229 min=2 mean=3.16 median=3 p90=4 p95=4 max=5
[MCTS WIDTH COUNTS BY DEPTH] depth=10-19 counts=(2=16,3=1011,4=188,5=14)
[MCTS WIDTH BY DEPTH] depth=20-49 count=200 min=2 mean=2.77 median=3 p90=3 p95=3 max=3
[MCTS WIDTH COUNTS BY DEPTH] depth=20-49 counts=(2=45,3=155)
[MCTS DEPTH SUMMARY] selection_depths=(count=280 min=0 mean=12.79 median=14 p90=21 p95=26 max=26) horizon_cutoffs=(count=0)
[MCTS ACTION SUMMARY] selected_raw_policy_ranks=(count=4 min=1 mean=1.00 median=1 p90=1 p95=1 max=1) known_goal_decisions=0 infeasible_known_goal_decisions=0
[MCTS TIME SUMMARY] selection=0.111099s expansion=7.220782s successor_generation=0.413716s network_inference=6.760901s evaluation=0.725365s backpropagation=0.016630s
[2026-09-14 21:50:03,268] [INFO] [enhspwrapper.py:224] Deleted temp file: /tmp/domain_heuristic_2tw_5z7z.pddl
[2026-09-14 21:50:03,268] [INFO] [enhspwrapper.py:224] Deleted temp file: /tmp/instance_heuristic_s40474bd.pddl
[2026-09-14 21:50:03,268] [WARNING] [enhspwrapper.py:226] Failed to delete temp file /tmp/domain_heuristic_2tw_5z7z.pddl: [Errno 2] No such file or directory: '/tmp/domain_heuristic_2tw_5z7z.pddl'
[2026-09-14 21:50:03,268] [WARNING] [enhspwrapper.py:226] Failed to delete temp file /tmp/instance_heuristic_s40474bd.pddl: [Errno 2] No such file or directory: '/tmp/instance_heuristic_s40474bd.pddl'
[EVAL INSTANCE] completed number=17 path=../problems/numeric/mprime/instances/pfile25.pddl status=success elapsed=15.03s success=1.0 steps=4
[EVAL][PLAN] EASY       | pfile25.pddl | steps=4 | plan=['feast expectation tuna wurst', 'overcome depression expectation wurst', 'feast expectation wurst chicken', 'succumb depression expectation chicken']
[EVAL INSTANCE] started number=18 path=../problems/numeric/mprime/instances/pfile26.pddl pid=4053920
mdpsim:../problems/numeric/mprime/domain.pddl:3: assuming `:typing' requirement
mdpsim:../problems/numeric/mprime/domain.pddl:15: assuming `:fluents' requirement
[EVAL|Easy|4053920] Setting C/Python/Numpy/TF seeds to 1472491113
Starting [EVAL|Easy|4053920] on instance [17] ../problems/numeric/mprime/instances/pfile26.pddl
Starting to parse mdpsim problem: mprime-x-26
Finished parsing mdpsim problem: mprime-x-26
[EVAL|Easy|4053920] ACTION POLICY INITIALIZED
[EVAL|Easy|4053920] policy_class = ArgmaxGoalChasePathDuplicatePenaltyPolicy
[EVAL|Easy|4053920] distance_threshold = inf
[EVAL|Easy|4053920] duplicate_penalty = 0.0
[EVAL|Easy|4053920] root_visit_tie_break = action_id
[2026-09-14 21:50:24,700] [INFO] [enhspwrapper.py:84] Created temporary domain file: /tmp/domain_heuristic_fo9o8k1n.pddl
[2026-09-14 21:50:24,700] [INFO] [enhspwrapper.py:93] Created temporary instance file: /tmp/instance_heuristic_tvudcun2.pddl
[2026-09-14 21:50:25,176] [INFO] [enhspwrapper.py:51] Starting the heuristic server with config: hmrp-ha-gbfs
[MCTS SEARCH SUMMARY] progressive_widening=True iterations_per_search=70 search_calls=6 nodes=923 peak_nodes=923 widening_events=403
[MCTS WIDTH SUMMARY] final_widths=(count=923 min=0 mean=1.14 median=0 p90=3 p95=3 max=11) root_widths=(count=6 min=4 mean=8.17 median=8 p90=11 p95=11 max=11) widen_event_widths=(count=403 min=3 mean=3.52 median=3 p90=5 p95=7 max=11) admitted_policy_ranks=(count=1051 min=1 mean=1.92 median=2 p90=3 p95=3 max=3)
[MCTS DISTRIBUTION] final_width_counts=(0=599,3=294,4=13,5=6,6=4,7=2,8=1,9=1,10=1,11=2) node_visit_bins=(0=548,1=55,2=17,3-4=36,5-8=52,9-16=64,17-32=87,33-64=42,65-128=15,129+=7) selection_depth_bins=(0=10,1=9,2=11,3-4=30,5-8=66,9-16=110,17-32=113,33-64=71)
[MCTS WIDTH BY DEPTH] depth=0 count=419 min=3 mean=7.53 median=8 p90=11 p95=11 max=11
[MCTS WIDTH COUNTS BY DEPTH] depth=0 counts=(3=45,4=26,5=30,6=44,7=42,8=52,9=60,10=67,11=53)
[MCTS WIDTH BY DEPTH] depth=1 count=409 min=3 mean=7.45 median=8 p90=11 p95=11 max=11
[MCTS WIDTH COUNTS BY DEPTH] depth=1 counts=(3=44,4=30,5=30,6=40,7=41,8=53,9=60,10=67,11=44)
[MCTS WIDTH BY DEPTH] depth=2 count=398 min=3 mean=6.60 median=7 p90=9 p95=10 max=10
[MCTS WIDTH COUNTS BY DEPTH] depth=2 counts=(3=48,4=26,5=49,6=65,7=63,8=53,9=60,10=34)
[MCTS WIDTH BY DEPTH] depth=3-4 count=755 min=3 mean=5.03 median=5 p90=7 p95=8 max=9
[MCTS WIDTH COUNTS BY DEPTH] depth=3-4 counts=(3=199,4=124,5=142,6=123,7=96,8=52,9=19)
[MCTS WIDTH BY DEPTH] depth=5-9 count=1574 min=3 mean=3.26 median=3 p90=4 p95=5 max=6
[MCTS WIDTH COUNTS BY DEPTH] depth=5-9 counts=(3=1280,4=202,5=69,6=23)
[MCTS WIDTH BY DEPTH] depth=10-19 count=2048 min=3 mean=3.19 median=3 p90=4 p95=5 max=6
[MCTS WIDTH COUNTS BY DEPTH] depth=10-19 counts=(3=1787,4=150,5=89,6=22)
[MCTS WIDTH BY DEPTH] depth=20-49 count=1963 min=3 mean=3.01 median=3 p90=3 p95=3 max=4
[MCTS WIDTH COUNTS BY DEPTH] depth=20-49 counts=(3=1948,4=15)
[MCTS WIDTH BY DEPTH] depth=50-99 count=11 min=3 mean=3.00 median=3 p90=3 p95=3 max=3
[MCTS WIDTH COUNTS BY DEPTH] depth=50-99 counts=(3=11)
[MCTS DEPTH SUMMARY] selection_depths=(count=420 min=0 mean=17.81 median=14 p90=37 p95=46 max=51) horizon_cutoffs=(count=0)
[MCTS ACTION SUMMARY] selected_raw_policy_ranks=(count=6 min=1 mean=1.17 median=1 p90=2 p95=2 max=2) known_goal_decisions=0 infeasible_known_goal_decisions=0
[MCTS TIME SUMMARY] selection=0.204521s expansion=24.395654s successor_generation=5.319203s network_inference=18.871228s evaluation=2.892306s backpropagation=0.033926s
[2026-09-14 21:50:43,199] [INFO] [enhspwrapper.py:224] Deleted temp file: /tmp/domain_heuristic_fo9o8k1n.pddl
[2026-09-14 21:50:43,199] [INFO] [enhspwrapper.py:224] Deleted temp file: /tmp/instance_heuristic_tvudcun2.pddl
[2026-09-14 21:50:43,199] [WARNING] [enhspwrapper.py:226] Failed to delete temp file /tmp/domain_heuristic_fo9o8k1n.pddl: [Errno 2] No such file or directory: '/tmp/domain_heuristic_fo9o8k1n.pddl'
[2026-09-14 21:50:43,199] [WARNING] [enhspwrapper.py:226] Failed to delete temp file /tmp/instance_heuristic_tvudcun2.pddl: [Errno 2] No such file or directory: '/tmp/instance_heuristic_tvudcun2.pddl'
[EVAL INSTANCE] completed number=18 path=../problems/numeric/mprime/instances/pfile26.pddl status=success elapsed=40.07s success=1.0 steps=6
[EVAL][PLAN] EASY       | pfile26.pddl | steps=6 | plan=['overcome boils entertainment haroset', 'feast entertainment haroset endive', 'feast entertainment endive pistachio', 'feast entertainment pistachio turkey', 'feast entertainment turkey papaya', 'succumb boils entertainment papaya']
[EVAL INSTANCE] started number=19 path=../problems/numeric/mprime/instances/pfile27.pddl pid=4054408
mdpsim:../problems/numeric/mprime/domain.pddl:3: assuming `:typing' requirement
mdpsim:../problems/numeric/mprime/domain.pddl:15: assuming `:fluents' requirement
[EVAL|Easy|4054408] Setting C/Python/Numpy/TF seeds to 1472491114
Starting [EVAL|Easy|4054408] on instance [18] ../problems/numeric/mprime/instances/pfile27.pddl
Starting to parse mdpsim problem: mprime-x-27
Finished parsing mdpsim problem: mprime-x-27
[EVAL|Easy|4054408] ACTION POLICY INITIALIZED
[EVAL|Easy|4054408] policy_class = ArgmaxGoalChasePathDuplicatePenaltyPolicy
[EVAL|Easy|4054408] distance_threshold = inf
[EVAL|Easy|4054408] duplicate_penalty = 0.0
[EVAL|Easy|4054408] root_visit_tie_break = action_id
[2026-09-14 21:50:58,446] [INFO] [enhspwrapper.py:84] Created temporary domain file: /tmp/domain_heuristic_o8uduoqo.pddl
[2026-09-14 21:50:58,447] [INFO] [enhspwrapper.py:93] Created temporary instance file: /tmp/instance_heuristic_q6f9272t.pddl
[2026-09-14 21:50:58,856] [INFO] [enhspwrapper.py:51] Starting the heuristic server with config: hmrp-ha-gbfs
[MCTS SEARCH SUMMARY] progressive_widening=True iterations_per_search=70 search_calls=5 nodes=584 peak_nodes=584 widening_events=347
[MCTS WIDTH SUMMARY] final_widths=(count=584 min=0 mean=1.63 median=3 p90=3 p95=3 max=10) root_widths=(count=5 min=4 mean=7.60 median=8 p90=10 p95=10 max=10) widen_event_widths=(count=347 min=3 mean=3.39 median=3 p90=4 p95=6 max=10) admitted_policy_ranks=(count=951 min=1 mean=1.95 median=2 p90=3 p95=3 max=3)
[MCTS DISTRIBUTION] final_width_counts=(0=282,3=290,4=3,5=1,6=1,7=3,8=1,9=1,10=2) node_visit_bins=(0=243,1=58,2=21,3-4=44,5-8=57,9-16=70,17-32=64,33-64=17,65-128=3,129+=7) selection_depth_bins=(0=11,1=12,2=10,3-4=26,5-8=54,9-16=108,17-32=127,33-64=2)
[MCTS WIDTH BY DEPTH] depth=0 count=349 min=3 mean=6.52 median=7 p90=9 p95=9 max=10
[MCTS WIDTH COUNTS BY DEPTH] depth=0 counts=(3=45,4=27,5=30,6=43,7=64,8=85,9=53,10=2)
[MCTS WIDTH BY DEPTH] depth=1 count=338 min=3 mean=5.94 median=6 p90=9 p95=9 max=10
[MCTS WIDTH COUNTS BY DEPTH] depth=1 counts=(3=58,4=51,5=58,6=16,7=55,8=44,9=53,10=3)
[MCTS WIDTH BY DEPTH] depth=2 count=323 min=3 mean=5.14 median=6 p90=8 p95=8 max=8
[MCTS WIDTH COUNTS BY DEPTH] depth=2 counts=(3=104,4=27,5=24,6=90,7=43,8=35)
[MCTS WIDTH BY DEPTH] depth=3-4 count=606 min=3 mean=4.01 median=3 p90=6 p95=7 max=7
[MCTS WIDTH COUNTS BY DEPTH] depth=3-4 counts=(3=349,4=68,5=68,6=77,7=44)
[MCTS WIDTH BY DEPTH] depth=5-9 count=1265 min=3 mean=3.24 median=3 p90=4 p95=5 max=6
[MCTS WIDTH COUNTS BY DEPTH] depth=5-9 counts=(3=1088,4=83,5=60,6=34)
[MCTS WIDTH BY DEPTH] depth=10-19 count=1489 min=3 mean=3.00 median=3 p90=3 p95=3 max=3
[MCTS WIDTH COUNTS BY DEPTH] depth=10-19 counts=(3=1489)
[MCTS WIDTH BY DEPTH] depth=20-49 count=386 min=3 mean=3.00 median=3 p90=3 p95=3 max=3
[MCTS WIDTH COUNTS BY DEPTH] depth=20-49 counts=(3=386)
[MCTS DEPTH SUMMARY] selection_depths=(count=350 min=0 mean=13.45 median=13 p90=24 p95=28 max=34) horizon_cutoffs=(count=0)
[MCTS ACTION SUMMARY] selected_raw_policy_ranks=(count=5 min=1 mean=1.20 median=1 p90=2 p95=2 max=2) known_goal_decisions=0 infeasible_known_goal_decisions=0
[MCTS TIME SUMMARY] selection=0.127477s expansion=13.795374s successor_generation=2.264371s network_inference=11.437055s evaluation=2.598796s backpropagation=0.023852s
[2026-09-14 21:51:09,906] [INFO] [enhspwrapper.py:224] Deleted temp file: /tmp/domain_heuristic_o8uduoqo.pddl
[2026-09-14 21:51:09,906] [INFO] [enhspwrapper.py:224] Deleted temp file: /tmp/instance_heuristic_q6f9272t.pddl
[2026-09-14 21:51:09,906] [WARNING] [enhspwrapper.py:226] Failed to delete temp file /tmp/domain_heuristic_o8uduoqo.pddl: [Errno 2] No such file or directory: '/tmp/domain_heuristic_o8uduoqo.pddl'
[2026-09-14 21:51:09,906] [WARNING] [enhspwrapper.py:226] Failed to delete temp file /tmp/instance_heuristic_q6f9272t.pddl: [Errno 2] No such file or directory: '/tmp/instance_heuristic_q6f9272t.pddl'
[EVAL INSTANCE] completed number=19 path=../problems/numeric/mprime/instances/pfile27.pddl status=success elapsed=26.56s success=1.0 steps=5
[EVAL][PLAN] EASY       | pfile27.pddl | steps=5 | plan=['overcome grief satisfaction scallion', 'overcome boils satisfaction scallion', 'feast satisfaction scallion guava', 'succumb boils satisfaction guava', 'succumb grief satisfaction guava']
[EVAL INSTANCE] started number=20 path=../problems/numeric/mprime/instances/pfile28.pddl pid=4054790
mdpsim:../problems/numeric/mprime/domain.pddl:3: assuming `:typing' requirement
mdpsim:../problems/numeric/mprime/domain.pddl:15: assuming `:fluents' requirement
[EVAL|Easy|4054790] Setting C/Python/Numpy/TF seeds to 1472491115
Starting [EVAL|Easy|4054790] on instance [19] ../problems/numeric/mprime/instances/pfile28.pddl
Starting to parse mdpsim problem: mprime-x-28
Finished parsing mdpsim problem: mprime-x-28
[EVAL|Easy|4054790] ACTION POLICY INITIALIZED
[EVAL|Easy|4054790] policy_class = ArgmaxGoalChasePathDuplicatePenaltyPolicy
[EVAL|Easy|4054790] distance_threshold = inf
[EVAL|Easy|4054790] duplicate_penalty = 0.0
[EVAL|Easy|4054790] root_visit_tie_break = action_id
[2026-09-14 21:51:20,769] [INFO] [enhspwrapper.py:84] Created temporary domain file: /tmp/domain_heuristic_asbmu1u7.pddl
[2026-09-14 21:51:20,769] [INFO] [enhspwrapper.py:93] Created temporary instance file: /tmp/instance_heuristic_7jaaukny.pddl
[2026-09-14 21:51:21,109] [INFO] [enhspwrapper.py:51] Starting the heuristic server with config: hmrp-ha-gbfs
[MCTS SEARCH SUMMARY] progressive_widening=True iterations_per_search=70 search_calls=7 nodes=843 peak_nodes=843 widening_events=427
[MCTS WIDTH SUMMARY] final_widths=(count=843 min=0 mean=1.21 median=0 p90=3 p95=4 max=11) root_widths=(count=7 min=4 mean=7.86 median=8 p90=11 p95=11 max=11) widen_event_widths=(count=427 min=1 mean=3.86 median=3 p90=6 p95=8 max=11) admitted_policy_ranks=(count=1022 min=1 mean=1.87 median=2 p90=3 p95=3 max=3)
[MCTS DISTRIBUTION] final_width_counts=(0=543,1=1,2=3,3=249,4=26,5=4,6=5,7=2,8=1,9=2,10=3,11=4) node_visit_bins=(0=456,1=85,2=28,3-4=50,5-8=31,9-16=45,17-32=67,33-64=55,65-128=13,129+=13) selection_depth_bins=(0=10,1=12,2=14,3-4=34,5-8=72,9-16=126,17-32=127,33-64=95)
[MCTS WIDTH BY DEPTH] depth=0 count=489 min=3 mean=7.33 median=7 p90=11 p95=11 max=11
[MCTS WIDTH COUNTS BY DEPTH] depth=0 counts=(3=45,4=33,5=30,6=74,7=77,8=53,9=60,10=67,11=50)
[MCTS WIDTH BY DEPTH] depth=1 count=478 min=3 mean=7.60 median=8 p90=10 p95=10 max=11
[MCTS WIDTH COUNTS BY DEPTH] depth=1 counts=(3=50,4=26,5=30,6=41,7=41,8=56,9=113,10=99,11=22)
[MCTS WIDTH BY DEPTH] depth=2 count=464 min=3 mean=7.02 median=8 p90=9 p95=9 max=10
[MCTS WIDTH COUNTS BY DEPTH] depth=2 counts=(3=47,4=27,5=30,6=41,7=65,8=143,9=96,10=15)
[MCTS WIDTH BY DEPTH] depth=3-4 count=880 min=3 mean=6.12 median=6 p90=10 p95=10 max=11
[MCTS WIDTH COUNTS BY DEPTH] depth=3-4 counts=(3=128,4=98,5=134,6=171,7=140,8=56,9=52,10=96,11=5)
[MCTS WIDTH BY DEPTH] depth=5-9 count=1879 min=3 mean=5.08 median=5 p90=9 p95=9 max=11
[MCTS WIDTH COUNTS BY DEPTH] depth=5-9 counts=(3=637,4=283,5=315,6=174,7=151,8=130,9=107,10=71,11=11)
[MCTS WIDTH BY DEPTH] depth=10-19 count=2471 min=3 mean=3.10 median=3 p90=3 p95=4 max=8
[MCTS WIDTH COUNTS BY DEPTH] depth=10-19 counts=(3=2256,4=197,5=12,7=1,8=5)
[MCTS WIDTH BY DEPTH] depth=20-49 count=2433 min=1 mean=3.02 median=3 p90=3 p95=4 max=4
[MCTS WIDTH COUNTS BY DEPTH] depth=20-49 counts=(1=7,2=54,3=2250,4=122)
[MCTS DEPTH SUMMARY] selection_depths=(count=490 min=0 mean=18.17 median=15 p90=38 p95=42 max=48) horizon_cutoffs=(count=0)
[MCTS ACTION SUMMARY] selected_raw_policy_ranks=(count=7 min=1 mean=1.14 median=1 p90=2 p95=2 max=2) known_goal_decisions=0 infeasible_known_goal_decisions=0
[MCTS TIME SUMMARY] selection=0.286144s expansion=10.241136s successor_generation=1.079616s network_inference=9.054833s evaluation=1.076065s backpropagation=0.041926s
[2026-09-14 21:51:28,749] [INFO] [enhspwrapper.py:224] Deleted temp file: /tmp/domain_heuristic_asbmu1u7.pddl
[2026-09-14 21:51:28,749] [INFO] [enhspwrapper.py:224] Deleted temp file: /tmp/instance_heuristic_7jaaukny.pddl
[2026-09-14 21:51:28,749] [WARNING] [enhspwrapper.py:226] Failed to delete temp file /tmp/domain_heuristic_asbmu1u7.pddl: [Errno 2] No such file or directory: '/tmp/domain_heuristic_asbmu1u7.pddl'
[2026-09-14 21:51:28,749] [WARNING] [enhspwrapper.py:226] Failed to delete temp file /tmp/instance_heuristic_7jaaukny.pddl: [Errno 2] No such file or directory: '/tmp/instance_heuristic_7jaaukny.pddl'
[EVAL INSTANCE] completed number=20 path=../problems/numeric/mprime/instances/pfile28.pddl status=success elapsed=18.78s success=1.0 steps=7
[EVAL][PLAN] EASY       | pfile28.pddl | steps=7 | plan=['feast intoxication wurst muffin', 'overcome anger intoxication muffin', 'feast intoxication muffin broccoli', 'overcome boils intoxication broccoli', 'feast intoxication broccoli lamb', 'succumb anger intoxication lamb', 'succumb boils intoxication lamb']
[MCTS SEARCH SUMMARY] progressive_widening=True iterations_per_search=70 search_calls=22 nodes=3271 peak_nodes=3271 widening_events=1540
[MCTS WIDTH SUMMARY] final_widths=(count=3271 min=0 mean=1.28 median=0 p90=3 p95=3 max=12) root_widths=(count=22 min=4 mean=7.82 median=8 p90=10 p95=11 max=12) widen_event_widths=(count=1540 min=3 mean=3.38 median=3 p90=4 p95=6 max=12) admitted_policy_ranks=(count=4192 min=1 mean=1.95 median=2 p90=3 p95=3 max=3)
[MCTS DISTRIBUTION] final_width_counts=(0=1945,3=1253,4=30,5=12,6=4,7=8,8=4,9=12,10=1,11=1,12=1) node_visit_bins=(0=1633,1=488,2=196,3-4=216,5-8=226,9-16=196,17-32=175,33-64=91,65-128=22,129+=28) selection_depth_bins=(0=35,1=49,2=64,3-4=177,5-8=454,9-16=455,17-32=202,33-64=99,65-128=5)
[MCTS WIDTH BY DEPTH] depth=0 count=1539 min=3 mean=7.04 median=7 p90=10 p95=11 max=12
[MCTS WIDTH COUNTS BY DEPTH] depth=0 counts=(3=68,4=85,5=134,6=302,7=375,8=282,9=135,10=67,11=56,12=35)
[MCTS WIDTH BY DEPTH] depth=1 count=1493 min=3 mean=5.95 median=6 p90=9 p95=10 max=11
[MCTS WIDTH COUNTS BY DEPTH] depth=1 counts=(3=277,4=155,5=229,6=240,7=192,8=202,9=119,10=51,11=28)
[MCTS WIDTH BY DEPTH] depth=2 count=1419 min=3 mean=4.29 median=3 p90=7 p95=8 max=10
[MCTS WIDTH COUNTS BY DEPTH] depth=2 counts=(3=741,4=230,5=136,6=100,7=87,8=71,9=53,10=1)
[MCTS WIDTH BY DEPTH] depth=3-4 count=2547 min=3 mean=3.95 median=3 p90=7 p95=8 max=9
[MCTS WIDTH COUNTS BY DEPTH] depth=3-4 counts=(3=1745,4=191,5=184,6=135,7=100,8=105,9=87)
[MCTS WIDTH BY DEPTH] depth=5-9 count=4440 min=3 mean=3.80 median=3 p90=7 p95=8 max=9
[MCTS WIDTH COUNTS BY DEPTH] depth=5-9 counts=(3=3292,4=226,5=225,6=238,7=217,8=164,9=78)
[MCTS WIDTH BY DEPTH] depth=10-19 count=3708 min=3 mean=3.17 median=3 p90=4 p95=4 max=7
[MCTS WIDTH COUNTS BY DEPTH] depth=10-19 counts=(3=3237,4=343,5=96,6=29,7=3)
[MCTS WIDTH BY DEPTH] depth=20-49 count=3230 min=3 mean=3.06 median=3 p90=3 p95=3 max=5
[MCTS WIDTH COUNTS BY DEPTH] depth=20-49 counts=(3=3078,4=124,5=28)
[MCTS WIDTH BY DEPTH] depth=50-99 count=286 min=3 mean=3.00 median=3 p90=3 p95=3 max=3
[MCTS WIDTH COUNTS BY DEPTH] depth=50-99 counts=(3=286)
[MCTS DEPTH SUMMARY] selection_depths=(count=1540 min=0 mean=11.98 median=8 p90=27 p95=38 max=68) horizon_cutoffs=(count=0)
[MCTS ACTION SUMMARY] selected_raw_policy_ranks=(count=22 min=1 mean=1.55 median=1 p90=3 p95=4 max=6) known_goal_decisions=0 infeasible_known_goal_decisions=0
[MCTS TIME SUMMARY] selection=0.547485s expansion=291.516109s successor_generation=176.642108s network_inference=112.355355s evaluation=202.689933s backpropagation=0.120953s
[2026-09-14 21:56:07,069] [INFO] [enhspwrapper.py:224] Deleted temp file: /tmp/domain_heuristic_yfvkr231.pddl
[2026-09-14 21:56:07,069] [INFO] [enhspwrapper.py:224] Deleted temp file: /tmp/instance_heuristic_jix1rxa9.pddl
[2026-09-14 21:56:07,069] [WARNING] [enhspwrapper.py:226] Failed to delete temp file /tmp/domain_heuristic_yfvkr231.pddl: [Errno 2] No such file or directory: '/tmp/domain_heuristic_yfvkr231.pddl'
[2026-09-14 21:56:07,069] [WARNING] [enhspwrapper.py:226] Failed to delete temp file /tmp/instance_heuristic_jix1rxa9.pddl: [Errno 2] No such file or directory: '/tmp/instance_heuristic_jix1rxa9.pddl'
[EVAL INSTANCE] completed number=16 path=../problems/numeric/mprime/instances/pfile24.pddl status=success elapsed=535.57s success=1.0 steps=22
[EVAL][PLAN] EASY       | pfile24.pddl | steps=22 | plan=['feast curiosity muffin apple', 'overcome anger-12 curiosity apple', 'feast satiety bacon turkey', 'feast satiety turkey chicken', 'feast satiety chicken turkey', 'feast satiety turkey chicken', 'feast satiety chicken cherry', 'succumb anger-12 curiosity apple', 'drink lettuce cherry', 'overcome anger-12 curiosity apple', 'feast achievement cherry chicken', 'succumb anger-12 curiosity apple', 'drink shrimp turkey', 'overcome anger-12 curiosity apple', 'drink turkey apple', 'feast curiosity apple muffin', 'feast curiosity muffin tofu', 'succumb anger-12 curiosity tofu', 'overcome anger-12 curiosity tofu', 'drink orange tofu', 'feast curiosity tofu cherry', 'succumb anger-12 curiosity cherry']
[MCTS SEARCH SUMMARY] progressive_widening=True iterations_per_search=70 search_calls=18 nodes=2957 peak_nodes=2957 widening_events=1260
[MCTS WIDTH SUMMARY] final_widths=(count=2957 min=0 mean=1.15 median=0 p90=3 p95=3 max=16) root_widths=(count=18 min=4 mean=10.22 median=9 p90=15 p95=16 max=16) widen_event_widths=(count=1260 min=3 mean=3.63 median=3 p90=5 p95=8 max=16) admitted_policy_ranks=(count=3392 min=1 mean=1.94 median=2 p90=3 p95=3 max=3)
[MCTS DISTRIBUTION] final_width_counts=(0=1891,3=1009,4=30,5=7,6=2,7=3,8=3,9=1,10=2,11=1,12=2,13=1,14=1,15=2,16=2) node_visit_bins=(0=1656,1=308,2=113,3-4=103,5-8=144,9-16=198,17-32=230,33-64=173,65-128=14,129+=18) selection_depth_bins=(0=29,1=27,2=41,3-4=82,5-8=213,9-16=404,17-32=239,33-64=221,65-128=4)
[MCTS WIDTH BY DEPTH] depth=0 count=1259 min=3 mean=9.44 median=9 p90=15 p95=15 max=16
[MCTS WIDTH COUNTS BY DEPTH] depth=0 counts=(3=55,4=49,5=77,6=116,7=140,8=168,9=90,10=68,11=72,12=90,13=94,14=101,15=106,16=33)
[MCTS WIDTH BY DEPTH] depth=1 count=1225 min=3 mean=8.90 median=9 p90=14 p95=15 max=16
[MCTS WIDTH COUNTS BY DEPTH] depth=1 counts=(3=173,4=51,5=60,6=137,7=108,8=59,9=87,10=76,11=75,12=88,13=88,14=104,15=100,16=19)
[MCTS WIDTH BY DEPTH] depth=2 count=1186 min=3 mean=7.85 median=7 p90=14 p95=14 max=15
[MCTS WIDTH COUNTS BY DEPTH] depth=2 counts=(3=235,4=116,5=130,6=76,7=61,8=44,9=72,10=64,11=80,12=82,13=93,14=96,15=37)
[MCTS WIDTH BY DEPTH] depth=3-4 count=2244 min=3 mean=6.72 median=5 p90=12 p95=13 max=14
[MCTS WIDTH COUNTS BY DEPTH] depth=3-4 counts=(3=743,4=241,5=160,6=111,7=88,8=115,9=125,10=144,11=145,12=169,13=154,14=49)
[MCTS WIDTH BY DEPTH] depth=5-9 count=4675 min=3 mean=4.69 median=3 p90=9 p95=10 max=12
[MCTS WIDTH COUNTS BY DEPTH] depth=5-9 counts=(3=2808,4=383,5=183,6=209,7=231,8=244,9=224,10=190,11=138,12=65)
[MCTS WIDTH BY DEPTH] depth=10-19 count=5438 min=3 mean=3.08 median=3 p90=3 p95=3 max=7
[MCTS WIDTH COUNTS BY DEPTH] depth=10-19 counts=(3=5201,4=127,5=58,6=37,7=15)
[MCTS WIDTH BY DEPTH] depth=20-49 count=6260 min=3 mean=3.00 median=3 p90=3 p95=3 max=3
[MCTS WIDTH COUNTS BY DEPTH] depth=20-49 counts=(3=6260)
[MCTS WIDTH BY DEPTH] depth=50-99 count=289 min=3 mean=3.00 median=3 p90=3 p95=3 max=3
[MCTS WIDTH COUNTS BY DEPTH] depth=50-99 counts=(3=289)
[MCTS DEPTH SUMMARY] selection_depths=(count=1260 min=0 mean=17.76 median=13 p90=43 p95=49 max=68) horizon_cutoffs=(count=0)
[MCTS ACTION SUMMARY] selected_raw_policy_ranks=(count=18 min=1 mean=1.28 median=1 p90=3 p95=3 max=3) known_goal_decisions=0 infeasible_known_goal_decisions=0
[MCTS TIME SUMMARY] selection=0.586906s expansion=1100.061383s successor_generation=812.397596s network_inference=281.689053s evaluation=657.807878s backpropagation=0.124102s
[2026-09-14 22:10:12,155] [INFO] [enhspwrapper.py:224] Deleted temp file: /tmp/domain_heuristic_vcemds9h.pddl
[2026-09-14 22:10:12,156] [INFO] [enhspwrapper.py:224] Deleted temp file: /tmp/instance_heuristic_cri62uue.pddl
[2026-09-14 22:10:12,156] [WARNING] [enhspwrapper.py:226] Failed to delete temp file /tmp/domain_heuristic_vcemds9h.pddl: [Errno 2] No such file or directory: '/tmp/domain_heuristic_vcemds9h.pddl'
[2026-09-14 22:10:12,156] [WARNING] [enhspwrapper.py:226] Failed to delete temp file /tmp/instance_heuristic_cri62uue.pddl: [Errno 2] No such file or directory: '/tmp/instance_heuristic_cri62uue.pddl'
[EVAL INSTANCE] completed number=14 path=../problems/numeric/mprime/instances/pfile22.pddl status=success elapsed=1886.15s success=1.0 steps=18
[EVAL][PLAN] EASY       | pfile22.pddl | steps=18 | plan=['overcome hangover understanding ham', 'feast understanding ham popover', 'feast learning shrimp lamb', 'feast rest pea lamb', 'succumb hangover understanding popover', 'overcome hangover triumph popover', 'feast satisfaction pepper lamb', 'feast triumph popover chicken', 'feast triumph chicken cherry', 'feast achievement beef shrimp', 'feast achievement shrimp lamb', 'feast excitement kale pepper', 'feast excitement pepper lamb', 'drink lamb cherry', 'feast triumph cherry scallop', 'feast triumph scallop shrimp', 'feast triumph shrimp lamb', 'succumb hangover triumph lamb']

[EVAL FINAL] success=17.0/20=0.850
[EVAL] EASY       | success=0.850 | instances= 20 | avg_len_success=11.76 | avg_len_fail=-2.00

[EVAL] SUCCESSFUL PLAN SUMMARY
[EVAL][PLAN SUMMARY] EASY       | pfile01.pddl | steps=5 | plan=['overcome abrasion rest pork', 'feast rest pork lamb', 'feast rest lamb flounder', 'feast rest flounder rice', 'succumb abrasion rest rice']
[EVAL][PLAN SUMMARY] EASY       | pfile02.pddl | steps=8 | plan=['overcome grief-7 entertainment ham', 'feast satiety onion beef', 'feast entertainment ham muffin', 'overcome depression-1 entertainment muffin', 'feast entertainment muffin onion', 'feast entertainment onion beef', 'succumb grief-7 entertainment beef', 'succumb depression-1 entertainment beef']
[EVAL][PLAN SUMMARY] EASY       | pfile04.pddl | steps=9 | plan=['feast aesthetics shrimp cherry', 'feast aesthetics cherry arugula', 'feast aesthetics arugula wurst', 'drink bacon wurst', 'feast aesthetics wurst grapefruit', 'overcome sciatica aesthetics grapefruit', 'drink muffin grapefruit', 'feast aesthetics grapefruit wurst', 'succumb sciatica aesthetics wurst']
[EVAL][PLAN SUMMARY] EASY       | pfile05.pddl | steps=12 | plan=['overcome grief satisfaction broccoli', 'drink turkey sweetroll', 'feast satisfaction broccoli chocolate', 'feast satisfaction chocolate shrimp', 'succumb grief satisfaction shrimp', 'feast lubricity sweetroll scallop', 'drink chocolate sweetroll', 'overcome loneliness lubricity scallop', 'drink broccoli scallop', 'feast lubricity scallop cherry', 'feast lubricity cherry shrimp', 'succumb loneliness lubricity shrimp']
[EVAL][PLAN SUMMARY] EASY       | pfile09.pddl | steps=16 | plan=['overcome sciatica entertainment flounder', 'overcome jealousy excitement guava', 'feast curiosity hotdog wurst', 'feast excitement guava haroset', 'feast entertainment flounder hamburger', 'succumb sciatica entertainment hamburger', 'succumb jealousy excitement haroset', 'overcome jealousy intoxication haroset', 'feast intoxication haroset hamburger', 'succumb jealousy intoxication hamburger', 'feast excitement haroset hamburger', 'overcome jealousy intoxication hamburger', 'drink wurst hamburger', 'feast intoxication hamburger flounder', 'feast intoxication flounder wurst', 'succumb jealousy intoxication wurst']
[EVAL][PLAN SUMMARY] EASY       | pfile15.pddl | steps=18 | plan=['overcome jealousy satisfaction pistachio', 'feast understanding cod chicken', 'feast satisfaction pistachio okra', 'feast satisfaction okra cucumber', 'succumb jealousy satisfaction cucumber', 'overcome jealousy aesthetics cucumber', 'feast aesthetics cucumber okra', 'feast aesthetics okra pistachio', 'succumb jealousy aesthetics pistachio', 'feast learning broccoli pistachio', 'overcome jealousy learning pistachio', 'feast learning pistachio broccoli', 'succumb jealousy learning broccoli', 'overcome jealousy learning broccoli', 'feast learning broccoli lemon', 'feast learning lemon cod', 'feast learning cod chicken', 'succumb jealousy learning chicken']
[EVAL][PLAN SUMMARY] EASY       | pfile16.pddl | steps=9 | plan=['overcome sciatica learning baguette', 'drink wonderbread chicken', 'feast achievement rice bacon', 'overcome abrasion learning baguette', 'feast rest chicken bacon', 'drink wonderbread baguette', 'feast learning baguette rice', 'succumb abrasion learning rice', 'succumb sciatica learning rice']
[EVAL][PLAN SUMMARY] EASY       | pfile19.pddl | steps=20 | plan=['feast love haroset lobster', 'feast aesthetics bacon lobster', 'drink lemon bacon', 'feast aesthetics lobster bacon', 'feast expectation okra snickers', 'feast expectation snickers onion', 'feast stimulation lamb beef', 'overcome abrasion stimulation beef', 'feast stimulation beef lamb', 'feast stimulation lamb haroset', 'drink beef lobster', 'feast aesthetics bacon lobster', 'drink beef bacon', 'feast aesthetics lobster bacon', 'drink flounder lobster', 'feast aesthetics bacon lobster', 'drink flounder bacon', 'drink flounder haroset', 'feast stimulation haroset lobster', 'succumb abrasion stimulation lobster']
[EVAL][PLAN SUMMARY] EASY       | pfile20.pddl | steps=12 | plan=['overcome abrasion intoxication wonderbread', 'feast intoxication wonderbread yogurt', 'succumb abrasion intoxication yogurt', 'overcome abrasion triumph yogurt', 'drink turkey rice', 'feast triumph yogurt tuna', 'feast triumph tuna turkey', 'feast triumph turkey cherry', 'succumb abrasion triumph cherry', 'overcome abrasion triumph cherry', 'feast triumph cherry pepper', 'succumb abrasion triumph pepper']
[EVAL][PLAN SUMMARY] EASY       | pfile21.pddl | steps=6 | plan=['feast love flounder wurst', 'overcome sciatica love wurst', 'drink popover wurst', 'feast love wurst snickers', 'feast love snickers apple', 'succumb sciatica love apple']
[EVAL][PLAN SUMMARY] EASY       | pfile22.pddl | steps=18 | plan=['overcome hangover understanding ham', 'feast understanding ham popover', 'feast learning shrimp lamb', 'feast rest pea lamb', 'succumb hangover understanding popover', 'overcome hangover triumph popover', 'feast satisfaction pepper lamb', 'feast triumph popover chicken', 'feast triumph chicken cherry', 'feast achievement beef shrimp', 'feast achievement shrimp lamb', 'feast excitement kale pepper', 'feast excitement pepper lamb', 'drink lamb cherry', 'feast triumph cherry scallop', 'feast triumph scallop shrimp', 'feast triumph shrimp lamb', 'succumb hangover triumph lamb']
[EVAL][PLAN SUMMARY] EASY       | pfile23.pddl | steps=23 | plan=['feast intoxication onion apple', 'overcome laceration intoxication apple', 'feast intoxication apple pistachio', 'feast satisfaction lamb flounder', 'succumb laceration intoxication pistachio', 'feast understanding cherry pistachio', 'overcome laceration understanding pistachio', 'feast understanding pistachio cherry', 'feast understanding cherry pistachio', 'feast understanding pistachio onion', 'drink pistachio hotdog', 'succumb laceration understanding onion', 'feast intoxication pistachio cherry', 'overcome laceration understanding onion', 'drink wonderbread onion', 'succumb laceration understanding onion', 'feast satisfaction flounder onion', 'overcome laceration satisfaction onion', 'feast satisfaction onion flounder', 'feast satisfaction flounder lamb', 'feast satisfaction lamb hotdog', 'feast satisfaction hotdog chicken', 'succumb laceration satisfaction chicken']
[EVAL][PLAN SUMMARY] EASY       | pfile24.pddl | steps=22 | plan=['feast curiosity muffin apple', 'overcome anger-12 curiosity apple', 'feast satiety bacon turkey', 'feast satiety turkey chicken', 'feast satiety chicken turkey', 'feast satiety turkey chicken', 'feast satiety chicken cherry', 'succumb anger-12 curiosity apple', 'drink lettuce cherry', 'overcome anger-12 curiosity apple', 'feast achievement cherry chicken', 'succumb anger-12 curiosity apple', 'drink shrimp turkey', 'overcome anger-12 curiosity apple', 'drink turkey apple', 'feast curiosity apple muffin', 'feast curiosity muffin tofu', 'succumb anger-12 curiosity tofu', 'overcome anger-12 curiosity tofu', 'drink orange tofu', 'feast curiosity tofu cherry', 'succumb anger-12 curiosity cherry']
[EVAL][PLAN SUMMARY] EASY       | pfile25.pddl | steps=4 | plan=['feast expectation tuna wurst', 'overcome depression expectation wurst', 'feast expectation wurst chicken', 'succumb depression expectation chicken']
[EVAL][PLAN SUMMARY] EASY       | pfile26.pddl | steps=6 | plan=['overcome boils entertainment haroset', 'feast entertainment haroset endive', 'feast entertainment endive pistachio', 'feast entertainment pistachio turkey', 'feast entertainment turkey papaya', 'succumb boils entertainment papaya']
[EVAL][PLAN SUMMARY] EASY       | pfile27.pddl | steps=5 | plan=['overcome grief satisfaction scallion', 'overcome boils satisfaction scallion', 'feast satisfaction scallion guava', 'succumb boils satisfaction guava', 'succumb grief satisfaction guava']
[EVAL][PLAN SUMMARY] EASY       | pfile28.pddl | steps=7 | plan=['feast intoxication wurst muffin', 'overcome anger intoxication muffin', 'feast intoxication muffin broccoli', 'overcome boils intoxication broccoli', 'feast intoxication broccoli lamb', 'succumb anger intoxication lamb', 'succumb boils intoxication lamb']

[EVAL] OVERALL success=0.850
spec:  
=== SpawnExploreSpec ===

  [ CORE ]
    domain_type                              : numeric
    pddls                                    : ('../problems/numeric/mprime/domain.pddl', '../problems/numeric/mprime/instances/pfile01.pddl')
    difficulty                               : Easy
    trainer_seed                             : 1472491096
    slot_id                                  : 0
    num_slots                                : 20

  [ PLANNER / TEACHER ]
    teacher_planner                          : enhsp
    teacher_timeout_s                        : 1
    use_teacher_envelope                     : False
    enhsp_config                             : hmrp-ha-gbfs
    max_len                                  : 10000

  [ HEURISTICS ]
    ssipp_dg_heuristic                       : None
    fd_heuristic                             : astar-hadd
    ssipp_teacher_heuristic                  : lm-cut
    use_lm_cuts                              : False
    use_numeric_landmarks                    : False
    use_contributions                        : False

  [ MCTS & EXPLORATION ]
    mcts_iterations                          : 70
    mcts_expansion_k                         : 20
    mcts_exploration_weight                  : 0.1
    mcts_progressive_widening                : True
    mcts_pw_min_width                        : 3
    mcts_pw_c                                : 0.6
    mcts_pw_alpha                            : 0.5
    mcts_root_visit_tie_break                : action_id
    mcts_her_strategy                        : False
    sample_k_additional_states               : 0

  [ ESTIMATOR & DECAY ]
    estimator_h_to_v_coeff                   : 1.0
    use_estimator                            : 0.5
    estimator_decay_coeff_start              : 1.0
    estimator_decay_coeff_end                : 0.2
    estimator_decay_epochs                   : 0

  [ ACTION POLICY ]
    action_policy                            : argmax
    action_policy_epsilon                    : 0.0
    action_policy_temperature                : None
    action_policy_decay_rate                 : None
    action_policy_duplicate_penalty          : 0.0

  [ MISC / TRAINING ]
    use_fluents                              : True
    use_comps                                : False
    fixed_instance_pddl                      : False
    original_training_set                    : False
    freeze_train_steps                       : 50
    freeze_batch_size                        : 32

  [ OTHER ]
    use_act_history                          : True
    only_one_good_action                     : False
    heuristic_bootstrapping                  : False
    goal_path_reconstruction                 : None
    ENHSP_plan_bootstrap                     : True
    est_plan_z                               : False
    timeout                                  : 86400
    puct_debug                               : False
    action_debug                             : False
    use_estimator_decay                      : False
    action_policy_goal_chase_distance_threshold : -1
    evaluation_mode                          : True
    evaluation_index                         : 1
    mcts_enforce_remaining_horizon           : False
    mcts_terminal_safe_action_selection      : False
    mcts_context_diagnostics                 : False
    mcts_contextual_nodes                    : False
    mcts_context_witness_limit               : 128

Inference success rate: 0.85, took: 23868.437044620514s
Importing architecture from experiments_numeric.architecture_2.mprime_mcts
Importing problem from experiments_numeric.domain.mprime
Resuming from checkpoint "/home/hersco/bershco-nu-asnets/numeric-asnets/asnets/experiment-results/experiments_numeric.domain.mprime_validation_ipc_scale_v1-experiments_numeric.architecture_2.mprime-2026-08-27T10:22:03.804337/P[domain,pfile01,pfile02,pfile04,pfile05]-S[0.003,50,enhsp-hmrp-ha-gbfs]-MO[]-T[518400]-04915056-43e0a7a/snapshots/snapshot_41_0.750"
Using experiment dir "/home/hersco/bershco-nu-asnets/numeric-asnets/asnets/experiment-results/experiments_numeric.domain.mprime_validation_ipc_scale_v1-experiments_numeric.architecture_2.mprime-2026-08-27T10:22:03.804337"






Testing network
Running command line "/home/hersco/bershco-nu-asnets/numeric-asnets/venv-asnets/bin/python3 -u -m asnets.scripts.run_asnets --no-train --minimal-file-saves --resume-from /home/hersco/bershco-nu-asnets/numeric-asnets/asnets/experiment-results/experiments_numeric.domain.mprime_validation_ipc_scale_v1-experiments_numeric.architecture_2.mprime-2026-08-27T10:22:03.804337/P[domain,pfile01,pfile02,pfile04,pfile05]-S[0.003,50,enhsp-hmrp-ha-gbfs]-MO[]-T[518400]-04915056-43e0a7a/snapshots/snapshot_41_0.750 -e /home/hersco/bershco-nu-asnets/numeric-asnets/asnets/experiment-results/experiments_numeric.domain.mprime_validation_ipc_scale_v1-experiments_numeric.architecture_2.mprime-2026-08-27T10:22:03.804337 --jpddl-max-heap 4g --eval-with-mcts --eval-scheduling rolling --eval-instance-timeout 21600.0 --eval-completion-file /home/hersco/training_new_domains/2026-09-13/mprime_phase_b_a_stage1_pw70/off/1472491096/full/completion/mprime-s1-phase-b-a-off-1472491096-e0041-pw70-k3.jsonl --det-eval --no-use-lm-cuts --use-act-history --no-use-teacher-envelope --max-opt-epochs 1000 --teacher-timeout-s 1 --use-fluents --enhsp-config hmrp-ha-gbfs --limit-train-obs-size 1200 --exploration-algorithm mcts --rollouts 2 --min-explored 10 --max-explored 1000 --exploration-learning-ratio 10 --max-replay-size 150000 --action-policy argmax --action-policy-epsilon 0.0 --domain-type numeric --num-layers 2 --hidden-size 15 --l2-reg 0.005 --l1-reg 0.0 --mse 0.5 -R 1 -L 10000 -t 518400 --supervised-lr 0.003 --supervised-bs 50 --supervised-early-stop 20 --save-every 1 --opt-batch-per-epoch 60 --teacher-planner enhsp --sup-objective MCTS_VISIT_DIST -L 10000 --seed 1472491096 --mcts-expansion-size 20 --mcts-heuristic hadd-gbfs --mcts-exploration-weight 0.1 --mcts-progressive-widening --mcts-pw-min-width 3 --mcts-pw-c 0.6 --mcts-pw-alpha 0.5 --disable-value-head --num-workers 3 --mcts-iterations 70 --use-estimator 0.5 ../problems/numeric/mprime/domain.pddl ../problems/numeric/mprime/instances/pfile01.pddl ../problems/numeric/mprime/instances/pfile02.pddl ../problems/numeric/mprime/instances/pfile04.pddl ../problems/numeric/mprime/instances/pfile05.pddl ../problems/numeric/mprime/instances/pfile09.pddl ../problems/numeric/mprime/instances/pfile13.pddl ../problems/numeric/mprime/instances/pfile14.pddl ../problems/numeric/mprime/instances/pfile15.pddl ../problems/numeric/mprime/instances/pfile16.pddl ../problems/numeric/mprime/instances/pfile18.pddl ../problems/numeric/mprime/instances/pfile19.pddl ../problems/numeric/mprime/instances/pfile20.pddl ../problems/numeric/mprime/instances/pfile21.pddl ../problems/numeric/mprime/instances/pfile22.pddl ../problems/numeric/mprime/instances/pfile23.pddl ../problems/numeric/mprime/instances/pfile24.pddl ../problems/numeric/mprime/instances/pfile25.pddl ../problems/numeric/mprime/instances/pfile26.pddl ../problems/numeric/mprime/instances/pfile27.pddl ../problems/numeric/mprime/instances/pfile28.pddl --validation-pddls-easy ../problems/numeric/mprime/valid_easy/pfile0.pddl ../problems/numeric/mprime/valid_easy/pfile1.pddl ../problems/numeric/mprime/valid_easy/pfile2.pddl ../problems/numeric/mprime/valid_easy/pfile3.pddl ../problems/numeric/mprime/valid_easy/pfile4.pddl ../problems/numeric/mprime/valid_easy/pfile5.pddl ../problems/numeric/mprime/valid_easy/pfile6.pddl ../problems/numeric/mprime/valid_easy/pfile7.pddl ../problems/numeric/mprime/valid_easy/pfile8.pddl ../problems/numeric/mprime/valid_easy/pfile9.pddl --validation-pddls-medium ../problems/numeric/mprime/valid_medium/pfile0.pddl ../problems/numeric/mprime/valid_medium/pfile1.pddl ../problems/numeric/mprime/valid_medium/pfile2.pddl ../problems/numeric/mprime/valid_medium/pfile3.pddl ../problems/numeric/mprime/valid_medium/pfile4.pddl ../problems/numeric/mprime/valid_medium/pfile5.pddl ../problems/numeric/mprime/valid_medium/pfile6.pddl ../problems/numeric/mprime/valid_medium/pfile7.pddl ../problems/numeric/mprime/valid_medium/pfile8.pddl ../problems/numeric/mprime/valid_medium/pfile9.pddl --validation-pddls-hard ../problems/numeric/mprime/valid_hard/pfile0.pddl ../problems/numeric/mprime/valid_hard/pfile1.pddl ../problems/numeric/mprime/valid_hard/pfile2.pddl ../problems/numeric/mprime/valid_hard/pfile3.pddl ../problems/numeric/mprime/valid_hard/pfile4.pddl ../problems/numeric/mprime/valid_hard/pfile5.pddl ../problems/numeric/mprime/valid_hard/pfile6.pddl ../problems/numeric/mprime/valid_hard/pfile7.pddl ../problems/numeric/mprime/valid_hard/pfile8.pddl ../problems/numeric/mprime/valid_hard/pfile9.pddl"
Will write results to /home/hersco/bershco-nu-asnets/numeric-asnets/asnets/experiment-results/experiments_numeric.domain.mprime_validation_ipc_scale_v1-experiments_numeric.architecture_2.mprime-2026-08-27T10:22:03.804337/runs/aba5c99af3c33fac4cb7adea813fe445
Force-killing a process
Process exited with code -15: tee /home/hersco/bershco-nu-asnets/numeric-asnets/asnets/experiment-results/experiments_numeric.domain.mprime_validation_ipc_scale_v1-experiments_numeric.architecture_2.mprime-2026-08-27T10:22:03.804337/runs/aba5c99af3c33fac4cb7adea813fe445/stdout
Force-killing a process
Process exited with code -15: tee /home/hersco/bershco-nu-asnets/numeric-asnets/asnets/experiment-results/experiments_numeric.domain.mprime_validation_ipc_scale_v1-experiments_numeric.architecture_2.mprime-2026-08-27T10:22:03.804337/runs/aba5c99af3c33fac4cb7adea813fe445/stderr
Fin :-)
[VAL] Starting validation guardrail
[VAL] Log       : /home/hersco/training_new_domains/2026-09-13/mprime_phase_b_a_stage1_pw70/off/1472491096/full/attempts/21260328_r0.txt
[VAL] Domain    : mprime
[VAL] Validator : /home/hersco/tools/VAL/build/bin/Validate
[VAL] Domain module : /home/hersco/bershco-nu-asnets/numeric-asnets-mprime-pw-9fe4f9e6/asnets/experiments_numeric/domain/mprime.py
[VAL] PDDL dir      : /home/hersco/bershco-nu-asnets/numeric-asnets-mprime-pw-9fe4f9e6/problems/numeric/mprime
[VAL] COMMON_PDDLS  : /home/hersco/bershco-nu-asnets/numeric-asnets-mprime-pw-9fe4f9e6/problems/numeric/mprime/domain.pddl
[VAL] Evaluator successes : 17
[VAL] Evaluator total     : 20
[VAL] Plan records found  : 17
[VAL] Unique instances    : 17
[VAL] OK   pfile01.pddl (1 candidate plan(s))
[VAL] OK   pfile04.pddl (1 candidate plan(s))
[VAL] OK   pfile02.pddl (1 candidate plan(s))
[VAL] OK   pfile05.pddl (1 candidate plan(s))
[VAL] OK   pfile09.pddl (1 candidate plan(s))
[VAL] OK   pfile15.pddl (1 candidate plan(s))
[VAL] OK   pfile16.pddl (1 candidate plan(s))
[VAL] OK   pfile20.pddl (1 candidate plan(s))
[VAL] OK   pfile19.pddl (1 candidate plan(s))
[VAL] OK   pfile21.pddl (1 candidate plan(s))
[VAL] OK   pfile23.pddl (1 candidate plan(s))
[VAL] OK   pfile25.pddl (1 candidate plan(s))
[VAL] OK   pfile26.pddl (1 candidate plan(s))
[VAL] OK   pfile27.pddl (1 candidate plan(s))
[VAL] OK   pfile28.pddl (1 candidate plan(s))
[VAL] OK   pfile24.pddl (1 candidate plan(s))
[VAL] OK   pfile22.pddl (1 candidate plan(s))
[VAL] Summary CSV        : /home/hersco/training_new_domains/2026-09-13/mprime_phase_b_a_stage1_pw70/off/1472491096/full/validation/21260328_r0.val.csv

[VAL] ===== VALIDATION SUMMARY =====
[VAL] Evaluator successes : 17
[VAL] Printed plan records: 17
[VAL] Printed instances   : 17
[VAL] VAL-valid plans     : 17
[VAL] VAL-invalid plans   : 0
[VAL] =================================
[VAL] Retry-aware partial validation successful: all unique printed successful instances pass VAL
