------------------------------------
Mon 14 Sep 2026 15:40:23 IDT
SLURM_JOBID:		21260811
SLURM_JOB_NODELIST:	ise-cpu256-07
SLURM_SCRATCH_DIR:	/scratch/hersco/21260811
Allocated Resouces:	cpu - 6 / mem - 122880 MB / gpu - 
SLURM_GPU_INDEX:	
Running as hersco from shperbsh account with normal QOS
------------------------------------
[MPRIME S1 PBA PW70] identity=mprime-s1-phase-b-a-on-1510771779-e0045-pw70-k3 vh=on seed=1510771779 epoch=45 smoke=no
[MPRIME S1 PBA PW70] width=20 simulations=70 Kmin=3 c=.6 alpha=.5 puct=.1 estimator=.5 terminal_safe=false
[MPRIME S1 PBA PW70] checkpoint=/home/hersco/bershco-nu-asnets/numeric-asnets/asnets/experiment-results/experiments_numeric.domain.mprime_validation_ipc_scale_v1-experiments_numeric.architecture_2.mprime-2026-08-27T10:22:13.389031/P[domain,pfile01,pfile02,pfile04,pfile05]-S[0.003,50,enhsp-hmrp-ha-gbfs]-MO[]-T[518400]-04915056-17cc32a/snapshots/snapshot_45_0.750 commit=9fe4f9e695ed290cc370dd5c5b877c276578525c
2026-09-14 15:40:52.340774: E tensorflow/compiler/xla/stream_executor/cuda/cuda_dnn.cc:9342] Unable to register cuDNN factory: Attempting to register factory for plugin cuDNN when one has already been registered
2026-09-14 15:40:52.340846: E tensorflow/compiler/xla/stream_executor/cuda/cuda_fft.cc:609] Unable to register cuFFT factory: Attempting to register factory for plugin cuFFT when one has already been registered
2026-09-14 15:40:52.340905: E tensorflow/compiler/xla/stream_executor/cuda/cuda_blas.cc:1518] Unable to register cuBLAS factory: Attempting to register factory for plugin cuBLAS when one has already been registered
2026-09-14 15:40:52.352502: I tensorflow/core/platform/cpu_feature_guard.cc:182] This TensorFlow binary is optimized to use available CPU instructions in performance-critical operations.
To enable the following instructions: AVX2 FMA, in other operations, rebuild TensorFlow with the appropriate compiler flags.
[JPDDL] Maximum heap per worker: 4g
[2026-09-14 15:40:56,068] [INFO] [run_asnets.py:1491] Arguments are: Namespace(problems=None, domain_type=numeric, opt_patience=10, max_opt_epochs=1000, supervised_lr=0.003, lr_steps=[], supervised_bs=50, ssipp_teacher_heuristic='lm-cut', fd_teacher_heuristic='astar-hadd', enhsp_config='hmrp-ha-gbfs', supervised_early_stop=20, save_every=1, seed=1510771779, optimizer_opts={}, resume_from='/home/hersco/bershco-nu-asnets/numeric-asnets/asnets/experiment-results/experiments_numeric.domain.mprime_validation_ipc_scale_v1-experiments_numeric.architecture_2.mprime-2026-08-27T10:22:13.389031/P[domain,pfile01,pfile02,pfile04,pfile05]-S[0.003,50,enhsp-hmrp-ha-gbfs]-MO[]-T[518400]-04915056-17cc32a/snapshots/snapshot_45_0.750', timeout=518400.0, model_opts={}, skip=True, num_layers=2, hidden_size=15, dropout=0.0, sup_objective=<SupervisedObjective.MCTS_VISIT_DIST: 3>, use_teacher_envelope=False, det_eval=True, ssipp_dg_heuristic=None, minimal_file_saves=True, use_lm_cuts=False, use_numeric_landmarks=False, use_contributions=False, use_act_history=True, save_training_set=None, use_saved_training_set=None, rounds_eval=1, limit_turns=10000, expt_dir='/home/hersco/bershco-nu-asnets/numeric-asnets/asnets/experiment-results/experiments_numeric.domain.mprime_validation_ipc_scale_v1-experiments_numeric.architecture_2.mprime-2026-08-27T10:22:13.389031', dK='dk', no_train=True, l1_reg=0.0, l2_reg=0.005, l1_l2_reg=0.0, mse=0.5, policy_anchor_kl_coeff=0.0, policy_anchor_kl_mode='constant', policy_anchor_kl_target=None, teacher_planner='enhsp', opt_batch_per_epoch=60, exploration_algorithm='mcts', eval_with_mcts=True, eval_mcts_enforce_remaining_horizon=False, eval_mcts_terminal_safe_action_selection=False, eval_mcts_root_visit_tie_break='action_id', eval_mcts_context_diagnostics=False, eval_mcts_contextual_nodes=False, eval_mcts_context_witness_limit=128, eval_start_wave=1, eval_scheduling='rolling', skip_instance_numbers=(), eval_instance_timeout=21600.0, eval_completion_file='/home/hersco/training_new_domains/2026-09-13/mprime_phase_b_a_stage1_pw70/on/1510771779/full/completion/mprime-s1-phase-b-a-on-1510771779-e0045-pw70-k3.jsonl', jpddl_max_heap='4g', action_debug=False, puct_debug=False, rollouts=2, min_explored=10, max_explored=1000, exploration_learning_ratio=10.0, max_replay_size=150000, teacher_timeout_s=1, plan_file_name='plan_sas', limit_train_obs_size='1200', use_fluents=True, use_comparisons=False, pddls=['../problems/numeric/mprime/domain.pddl', '../problems/numeric/mprime/instances/pfile01.pddl', '../problems/numeric/mprime/instances/pfile02.pddl', '../problems/numeric/mprime/instances/pfile04.pddl', '../problems/numeric/mprime/instances/pfile05.pddl', '../problems/numeric/mprime/instances/pfile09.pddl', '../problems/numeric/mprime/instances/pfile13.pddl', '../problems/numeric/mprime/instances/pfile14.pddl', '../problems/numeric/mprime/instances/pfile15.pddl', '../problems/numeric/mprime/instances/pfile16.pddl', '../problems/numeric/mprime/instances/pfile18.pddl', '../problems/numeric/mprime/instances/pfile19.pddl', '../problems/numeric/mprime/instances/pfile20.pddl', '../problems/numeric/mprime/instances/pfile21.pddl', '../problems/numeric/mprime/instances/pfile22.pddl', '../problems/numeric/mprime/instances/pfile23.pddl', '../problems/numeric/mprime/instances/pfile24.pddl', '../problems/numeric/mprime/instances/pfile25.pddl', '../problems/numeric/mprime/instances/pfile26.pddl', '../problems/numeric/mprime/instances/pfile27.pddl', '../problems/numeric/mprime/instances/pfile28.pddl'], mcts_rollout_horizon=3, graceful_timeout=86400, mcts_expansion_size=20, no_eval=False, mcts_heuristic='hadd-gbfs', minimization=False, mcts_exploration_weight=0.1, mcts_progressive_widening=True, mcts_pw_min_width=3, mcts_pw_c=0.6, mcts_pw_alpha=0.5, disable_value_head=False, mcts_iterations=70, heuristic_bootstrapping=False, mcts_her_strategy=False, num_workers=3, slurm_job_id=0, worker_logs=False, corrupt_pi=None, corrupt_z=None, fixed_instance=False, original_training_set=False, sample_k_additional_states=0, profile_dir=None, profile_sample_epochs=(0, 5, 25, 100), profile_sample_every=200, freeze_train=False, goal_path_reconstruction=None, action_policy='argmax', action_policy_goal_chase_distance_threshold=None, action_policy_epsilon=0.0, action_policy_temperature=None, action_policy_decay_rate=None, action_policy_duplicate_penalty=0.0, estimator_h_to_v_coeff=1.0, use_estimator_decay=False, use_estimator=0.5, estimator_decay_epochs=None, estimator_decay_coeff_start=1.0, estimator_decay_coeff_end=0.2, validation_pddls_easy=['../problems/numeric/mprime/valid_easy/pfile0.pddl', '../problems/numeric/mprime/valid_easy/pfile1.pddl', '../problems/numeric/mprime/valid_easy/pfile2.pddl', '../problems/numeric/mprime/valid_easy/pfile3.pddl', '../problems/numeric/mprime/valid_easy/pfile4.pddl', '../problems/numeric/mprime/valid_easy/pfile5.pddl', '../problems/numeric/mprime/valid_easy/pfile6.pddl', '../problems/numeric/mprime/valid_easy/pfile7.pddl', '../problems/numeric/mprime/valid_easy/pfile8.pddl', '../problems/numeric/mprime/valid_easy/pfile9.pddl'], validation_pddls_medium=['../problems/numeric/mprime/valid_medium/pfile0.pddl', '../problems/numeric/mprime/valid_medium/pfile1.pddl', '../problems/numeric/mprime/valid_medium/pfile2.pddl', '../problems/numeric/mprime/valid_medium/pfile3.pddl', '../problems/numeric/mprime/valid_medium/pfile4.pddl', '../problems/numeric/mprime/valid_medium/pfile5.pddl', '../problems/numeric/mprime/valid_medium/pfile6.pddl', '../problems/numeric/mprime/valid_medium/pfile7.pddl', '../problems/numeric/mprime/valid_medium/pfile8.pddl', '../problems/numeric/mprime/valid_medium/pfile9.pddl'], validation_pddls_hard=['../problems/numeric/mprime/valid_hard/pfile0.pddl', '../problems/numeric/mprime/valid_hard/pfile1.pddl', '../problems/numeric/mprime/valid_hard/pfile2.pddl', '../problems/numeric/mprime/valid_hard/pfile3.pddl', '../problems/numeric/mprime/valid_hard/pfile4.pddl', '../problems/numeric/mprime/valid_hard/pfile5.pddl', '../problems/numeric/mprime/valid_hard/pfile6.pddl', '../problems/numeric/mprime/valid_hard/pfile7.pddl', '../problems/numeric/mprime/valid_hard/pfile8.pddl', '../problems/numeric/mprime/valid_hard/pfile9.pddl'], validation_on_test_instances=False)
[2214254] Setting C/Python/Numpy/TF seeds to 1510771779
Unique prefix: P[domain,pfile01,pfile02,pfile04,pfile05,pfile09,...]-S[0.003,50,enhsp-hmrp-ha-gbfs]-MO[]-T[518400]-04941294-17cc32a
Snapshot directory: /home/hersco/bershco-nu-asnets/numeric-asnets/asnets/experiment-results/experiments_numeric.domain.mprime_validation_ipc_scale_v1-experiments_numeric.architecture_2.mprime-2026-08-27T10:22:13.389031/P[domain,pfile01,pfile02,pfile04,pfile05,pfile09,...]-S[0.003,50,enhsp-hmrp-ha-gbfs]-MO[]-T[518400]-04941294-17cc32a/snapshots
Training supervised on random instances (SPAWN, NO RPyC)
Instances: ['../problems/numeric/mprime/domain.pddl', '../problems/numeric/mprime/instances/pfile01.pddl', '../problems/numeric/mprime/instances/pfile02.pddl', '../problems/numeric/mprime/instances/pfile04.pddl', '../problems/numeric/mprime/instances/pfile05.pddl', '../problems/numeric/mprime/instances/pfile09.pddl', '../problems/numeric/mprime/instances/pfile13.pddl', '../problems/numeric/mprime/instances/pfile14.pddl', '../problems/numeric/mprime/instances/pfile15.pddl', '../problems/numeric/mprime/instances/pfile16.pddl', '../problems/numeric/mprime/instances/pfile18.pddl', '../problems/numeric/mprime/instances/pfile19.pddl', '../problems/numeric/mprime/instances/pfile20.pddl', '../problems/numeric/mprime/instances/pfile21.pddl', '../problems/numeric/mprime/instances/pfile22.pddl', '../problems/numeric/mprime/instances/pfile23.pddl', '../problems/numeric/mprime/instances/pfile24.pddl', '../problems/numeric/mprime/instances/pfile25.pddl', '../problems/numeric/mprime/instances/pfile26.pddl', '../problems/numeric/mprime/instances/pfile27.pddl', '../problems/numeric/mprime/instances/pfile28.pddl']
Starting to parse mdpsim problem: mprime-x-1
mdpsim:../problems/numeric/mprime/domain.pddl:3: assuming `:typing' requirement
mdpsim:../problems/numeric/mprime/domain.pddl:15: assuming `:fluents' requirement
Finished parsing mdpsim problem: mprime-x-1
[WM] Successfully loaded previous weight manager from /home/hersco/bershco-nu-asnets/numeric-asnets/asnets/experiment-results/experiments_numeric.domain.mprime_validation_ipc_scale_v1-experiments_numeric.architecture_2.mprime-2026-08-27T10:22:13.389031/P[domain,pfile01,pfile02,pfile04,pfile05]-S[0.003,50,enhsp-hmrp-ha-gbfs]-MO[]-T[518400]-04915056-17cc32a/snapshots/snapshot_45_0.750/weights.joblib
[WM LOAD CHECK] mean/std/norm= 0.030202722176909447 0.09125833958387375 0.8324791789054871
[WM LOAD VERIFY] W0 saved mean/std/norm=(0.030202722176909447, 0.09125833958387375, 0.8324791789054871)
[2026-09-14 15:40:59,376] [INFO] [run_asnets.py:967] Tensorboard summary path: /home/hersco/bershco-nu-asnets/numeric-asnets/asnets/experiment-results/experiments_numeric.domain.mprime_validation_ipc_scale_v1-experiments_numeric.architecture_2.mprime-2026-08-27T10:22:13.389031/P[domain,pfile01,pfile02,pfile04,pfile05,pfile09,...]-S[0.003,50,enhsp-hmrp-ha-gbfs]-MO[]-T[518400]-04941294-17cc32a/tensorboard
[EVAL INSTANCES] stable ordered test-set positions:
[EVAL INSTANCES] 1: ../problems/numeric/mprime/instances/pfile01.pddl
[EVAL INSTANCES] 2: ../problems/numeric/mprime/instances/pfile02.pddl
[EVAL INSTANCES] 3: ../problems/numeric/mprime/instances/pfile04.pddl
[EVAL INSTANCES] 4: ../problems/numeric/mprime/instances/pfile05.pddl
[EVAL INSTANCES] 5: ../problems/numeric/mprime/instances/pfile09.pddl
[EVAL INSTANCES] 6: ../problems/numeric/mprime/instances/pfile13.pddl
[EVAL INSTANCES] 7: ../problems/numeric/mprime/instances/pfile14.pddl
[EVAL INSTANCES] 8: ../problems/numeric/mprime/instances/pfile15.pddl
[EVAL INSTANCES] 9: ../problems/numeric/mprime/instances/pfile16.pddl
[EVAL INSTANCES] 10: ../problems/numeric/mprime/instances/pfile18.pddl
[EVAL INSTANCES] 11: ../problems/numeric/mprime/instances/pfile19.pddl
[EVAL INSTANCES] 12: ../problems/numeric/mprime/instances/pfile20.pddl
[EVAL INSTANCES] 13: ../problems/numeric/mprime/instances/pfile21.pddl
[EVAL INSTANCES] 14: ../problems/numeric/mprime/instances/pfile22.pddl
[EVAL INSTANCES] 15: ../problems/numeric/mprime/instances/pfile23.pddl
[EVAL INSTANCES] 16: ../problems/numeric/mprime/instances/pfile24.pddl
[EVAL INSTANCES] 17: ../problems/numeric/mprime/instances/pfile25.pddl
[EVAL INSTANCES] 18: ../problems/numeric/mprime/instances/pfile26.pddl
[EVAL INSTANCES] 19: ../problems/numeric/mprime/instances/pfile27.pddl
[EVAL INSTANCES] 20: ../problems/numeric/mprime/instances/pfile28.pddl
[EVAL RESUME] starting wave 1; worker_count=3; instance_offset=0; total_instances=20
[EVAL RESUME] selected instance numbers: [1, 2, 3, 4, 5, 6, 7, 8, 9, 10, 11, 12, 13, 14, 15, 16, 17, 18, 19, 20]
[EVAL] worker_fn=run_worker_eval_mcts
[EVAL] worker_fn=run_worker_eval_mcts
2026-09-14 15:40:59.955285: E tensorflow/compiler/xla/stream_executor/cuda/cuda_dnn.cc:9342] Unable to register cuDNN factory: Attempting to register factory for plugin cuDNN when one has already been registered
2026-09-14 15:40:59.955363: E tensorflow/compiler/xla/stream_executor/cuda/cuda_fft.cc:609] Unable to register cuFFT factory: Attempting to register factory for plugin cuFFT when one has already been registered
2026-09-14 15:40:59.955429: E tensorflow/compiler/xla/stream_executor/cuda/cuda_blas.cc:1518] Unable to register cuBLAS factory: Attempting to register factory for plugin cuBLAS when one has already been registered
[EVAL INSTANCE] started number=1 path=../problems/numeric/mprime/instances/pfile01.pddl pid=2214342
[EVAL INSTANCE] started number=2 path=../problems/numeric/mprime/instances/pfile02.pddl pid=2214343
[EVAL INSTANCE] started number=3 path=../problems/numeric/mprime/instances/pfile04.pddl pid=2214344
mdpsim:../problems/numeric/mprime/domain.pddl:3: assuming `:typing' requirement
mdpsim:../problems/numeric/mprime/domain.pddl:15: assuming `:fluents' requirement
mdpsim:../problems/numeric/mprime/domain.pddl:3: assuming `:typing' requirement
mdpsim:../problems/numeric/mprime/domain.pddl:15: assuming `:fluents' requirement
mdpsim:../problems/numeric/mprime/domain.pddl:3: assuming `:typing' requirement
mdpsim:../problems/numeric/mprime/domain.pddl:15: assuming `:fluents' requirement
[EVAL|Easy|2214342] Setting C/Python/Numpy/TF seeds to 1510771779
Starting [EVAL|Easy|2214342] on instance [0] ../problems/numeric/mprime/instances/pfile01.pddl
Starting to parse mdpsim problem: mprime-x-1
Finished parsing mdpsim problem: mprime-x-1
[EVAL|Easy|2214342] ACTION POLICY INITIALIZED
[EVAL|Easy|2214342] policy_class = ArgmaxGoalChasePathDuplicatePenaltyPolicy
[EVAL|Easy|2214342] distance_threshold = inf
[EVAL|Easy|2214342] duplicate_penalty = 0.0
[EVAL|Easy|2214342] root_visit_tie_break = action_id
[2026-09-14 15:41:17,513] [INFO] [enhspwrapper.py:84] Created temporary domain file: /tmp/domain_heuristic_713ucvpk.pddl
[2026-09-14 15:41:17,514] [INFO] [enhspwrapper.py:93] Created temporary instance file: /tmp/instance_heuristic_la29mwnd.pddl
[2026-09-14 15:41:17,935] [INFO] [enhspwrapper.py:51] Starting the heuristic server with config: hmrp-ha-gbfs
[MCTS SEARCH SUMMARY] progressive_widening=True iterations_per_search=70 search_calls=5 nodes=522 peak_nodes=522 widening_events=288
[MCTS WIDTH SUMMARY] final_widths=(count=522 min=0 mean=1.33 median=0 p90=3 p95=4 max=10) root_widths=(count=5 min=4 mean=7.60 median=8 p90=10 p95=10 max=10) widen_event_widths=(count=288 min=1 mean=3.64 median=3 p90=5 p95=7 max=10) admitted_policy_ranks=(count=692 min=1 mean=1.88 median=2 p90=3 p95=3 max=3)
[MCTS DISTRIBUTION] final_width_counts=(0=319,1=1,3=160,4=23,5=12,7=2,8=2,9=1,10=2) node_visit_bins=(0=270,1=48,2=7,3-4=13,5-8=19,9-16=32,17-32=58,33-64=51,65-128=17,129+=7) selection_depth_bins=(0=9,1=8,2=9,3-4=23,5-8=56,9-16=65,17-32=102,33-64=78)
[MCTS WIDTH BY DEPTH] depth=0 count=349 min=3 mean=6.91 median=7 p90=10 p95=10 max=10
[MCTS WIDTH COUNTS BY DEPTH] depth=0 counts=(3=45,4=26,5=30,6=41,7=42,8=53,9=60,10=52)
[MCTS WIDTH BY DEPTH] depth=1 count=340 min=3 mean=6.84 median=7 p90=10 p95=10 max=10
[MCTS WIDTH COUNTS BY DEPTH] depth=1 counts=(3=44,4=27,5=30,6=41,7=41,8=53,9=60,10=44)
[MCTS WIDTH BY DEPTH] depth=2 count=331 min=3 mean=6.30 median=7 p90=8 p95=9 max=9
[MCTS WIDTH COUNTS BY DEPTH] depth=2 counts=(3=50,4=27,5=30,6=41,7=60,8=95,9=28)
[MCTS WIDTH BY DEPTH] depth=3-4 count=626 min=3 mean=4.47 median=4 p90=7 p95=7 max=8
[MCTS WIDTH COUNTS BY DEPTH] depth=3-4 counts=(3=278,4=60,5=89,6=119,7=73,8=7)
[MCTS WIDTH BY DEPTH] depth=5-9 count=1309 min=3 mean=3.29 median=3 p90=4 p95=5 max=6
[MCTS WIDTH COUNTS BY DEPTH] depth=5-9 counts=(3=1039,4=181,5=73,6=16)
[MCTS WIDTH BY DEPTH] depth=10-19 count=1926 min=3 mean=3.16 median=3 p90=4 p95=4 max=5
[MCTS WIDTH COUNTS BY DEPTH] depth=10-19 counts=(3=1678,4=180,5=68)
[MCTS WIDTH BY DEPTH] depth=20-49 count=1837 min=0 mean=3.02 median=3 p90=4 p95=4 max=5
[MCTS WIDTH COUNTS BY DEPTH] depth=20-49 counts=(0=55,1=5,3=1577,4=180,5=20)
[MCTS DEPTH SUMMARY] selection_depths=(count=350 min=0 mean=18.78 median=17 p90=38 p95=39 max=42) horizon_cutoffs=(count=0)
[MCTS ACTION SUMMARY] selected_raw_policy_ranks=(count=5 min=1 mean=1.00 median=1 p90=1 p95=1 max=1) known_goal_decisions=0 infeasible_known_goal_decisions=0
[MCTS TIME SUMMARY] selection=0.235001s expansion=11.597322s successor_generation=0.757277s network_inference=10.731750s evaluation=1.013135s backpropagation=0.043737s
[2026-09-14 15:41:25,804] [INFO] [enhspwrapper.py:224] Deleted temp file: /tmp/domain_heuristic_713ucvpk.pddl
[2026-09-14 15:41:25,804] [INFO] [enhspwrapper.py:224] Deleted temp file: /tmp/instance_heuristic_la29mwnd.pddl
[2026-09-14 15:41:25,804] [WARNING] [enhspwrapper.py:226] Failed to delete temp file /tmp/domain_heuristic_713ucvpk.pddl: [Errno 2] No such file or directory: '/tmp/domain_heuristic_713ucvpk.pddl'
[2026-09-14 15:41:25,804] [WARNING] [enhspwrapper.py:226] Failed to delete temp file /tmp/instance_heuristic_la29mwnd.pddl: [Errno 2] No such file or directory: '/tmp/instance_heuristic_la29mwnd.pddl'
[EVAL INSTANCE] completed number=1 path=../problems/numeric/mprime/instances/pfile01.pddl status=success elapsed=23.33s success=1.0 steps=5
[EVAL][PLAN] EASY       | pfile01.pddl | steps=5 | plan=['overcome abrasion rest pork', 'feast rest pork lamb', 'feast rest lamb flounder', 'feast rest flounder rice', 'succumb abrasion rest rice']
[EVAL INSTANCE] started number=4 path=../problems/numeric/mprime/instances/pfile05.pddl pid=2214509
mdpsim:../problems/numeric/mprime/domain.pddl:3: assuming `:typing' requirement
mdpsim:../problems/numeric/mprime/domain.pddl:15: assuming `:fluents' requirement
[EVAL|Easy|2214344] Setting C/Python/Numpy/TF seeds to 1510771781
Starting [EVAL|Easy|2214344] on instance [2] ../problems/numeric/mprime/instances/pfile04.pddl
Starting to parse mdpsim problem: mprime-x-4
Finished parsing mdpsim problem: mprime-x-4
[EVAL|Easy|2214344] ACTION POLICY INITIALIZED
[EVAL|Easy|2214344] policy_class = ArgmaxGoalChasePathDuplicatePenaltyPolicy
[EVAL|Easy|2214344] distance_threshold = inf
[EVAL|Easy|2214344] duplicate_penalty = 0.0
[EVAL|Easy|2214344] root_visit_tie_break = action_id
[2026-09-14 15:41:27,948] [INFO] [enhspwrapper.py:84] Created temporary domain file: /tmp/domain_heuristic_f8bgrrlm.pddl
[2026-09-14 15:41:27,949] [INFO] [enhspwrapper.py:93] Created temporary instance file: /tmp/instance_heuristic_mea32dvv.pddl
[2026-09-14 15:41:28,656] [INFO] [enhspwrapper.py:51] Starting the heuristic server with config: hmrp-ha-gbfs
[MCTS SEARCH SUMMARY] progressive_widening=True iterations_per_search=70 search_calls=9 nodes=1012 peak_nodes=1012 widening_events=544
[MCTS WIDTH SUMMARY] final_widths=(count=1012 min=0 mean=1.26 median=0 p90=3 p95=4 max=14) root_widths=(count=9 min=4 mean=9.78 median=10 p90=14 p95=14 max=14) widen_event_widths=(count=544 min=1 mean=3.91 median=3 p90=6 p95=8 max=14) admitted_policy_ranks=(count=1278 min=1 mean=1.86 median=2 p90=3 p95=3 max=3)
[MCTS DISTRIBUTION] final_width_counts=(0=643,1=2,3=293,4=38,5=19,6=4,7=5,8=1,9=1,10=1,11=1,12=1,13=1,14=2) node_visit_bins=(0=546,1=98,2=25,3-4=40,5-8=46,9-16=62,17-32=85,33-64=64,65-128=32,129+=14) selection_depth_bins=(0=13,1=12,2=13,3-4=34,5-8=79,9-16=167,17-32=191,33-64=121)
[MCTS WIDTH BY DEPTH] depth=0 count=629 min=3 mean=9.24 median=10 p90=13 p95=13 max=14
[MCTS WIDTH COUNTS BY DEPTH] depth=0 counts=(3=45,4=26,5=30,6=41,7=42,8=53,9=60,10=67,11=72,12=80,13=86,14=27)
[MCTS WIDTH BY DEPTH] depth=1 count=616 min=3 mean=9.15 median=10 p90=13 p95=13 max=14
[MCTS WIDTH COUNTS BY DEPTH] depth=1 counts=(3=44,4=27,5=30,6=41,7=41,8=53,9=60,10=67,11=72,12=80,13=86,14=15)
[MCTS WIDTH BY DEPTH] depth=2 count=603 min=3 mean=8.07 median=8 p90=12 p95=12 max=13
[MCTS WIDTH COUNTS BY DEPTH] depth=2 counts=(3=75,4=44,5=32,6=45,7=54,8=53,9=60,10=67,11=72,12=80,13=21)
[MCTS WIDTH BY DEPTH] depth=3-4 count=1162 min=3 mean=6.53 median=6 p90=10 p95=11 max=12
[MCTS WIDTH COUNTS BY DEPTH] depth=3-4 counts=(3=294,4=88,5=100,6=123,7=88,8=101,9=120,10=134,11=91,12=23)
[MCTS WIDTH BY DEPTH] depth=5-9 count=2545 min=3 mean=4.22 median=3 p90=7 p95=8 max=10
[MCTS WIDTH COUNTS BY DEPTH] depth=5-9 counts=(3=1286,4=448,5=325,6=188,7=132,8=94,9=60,10=12)
[MCTS WIDTH BY DEPTH] depth=10-19 count=3456 min=3 mean=3.23 median=3 p90=4 p95=5 max=7
[MCTS WIDTH COUNTS BY DEPTH] depth=10-19 counts=(3=2947,4=307,5=117,6=83,7=2)
[MCTS WIDTH BY DEPTH] depth=20-49 count=3237 min=1 mean=3.15 median=3 p90=4 p95=4 max=6
[MCTS WIDTH COUNTS BY DEPTH] depth=20-49 counts=(1=86,3=2614,4=429,5=91,6=17)
[MCTS DEPTH SUMMARY] selection_depths=(count=630 min=0 mean=19.03 median=16 p90=39 p95=41 max=44) horizon_cutoffs=(count=0)
[MCTS ACTION SUMMARY] selected_raw_policy_ranks=(count=9 min=1 mean=1.00 median=1 p90=1 p95=1 max=1) known_goal_decisions=0 infeasible_known_goal_decisions=0
[MCTS TIME SUMMARY] selection=0.463681s expansion=25.432116s successor_generation=4.559241s network_inference=20.591923s evaluation=2.266551s backpropagation=0.087478s
[2026-09-14 15:41:47,834] [INFO] [enhspwrapper.py:224] Deleted temp file: /tmp/domain_heuristic_f8bgrrlm.pddl
[2026-09-14 15:41:47,835] [INFO] [enhspwrapper.py:224] Deleted temp file: /tmp/instance_heuristic_mea32dvv.pddl
[2026-09-14 15:41:47,835] [WARNING] [enhspwrapper.py:226] Failed to delete temp file /tmp/domain_heuristic_f8bgrrlm.pddl: [Errno 2] No such file or directory: '/tmp/domain_heuristic_f8bgrrlm.pddl'
[2026-09-14 15:41:47,835] [WARNING] [enhspwrapper.py:226] Failed to delete temp file /tmp/instance_heuristic_mea32dvv.pddl: [Errno 2] No such file or directory: '/tmp/instance_heuristic_mea32dvv.pddl'
[EVAL INSTANCE] completed number=3 path=../problems/numeric/mprime/instances/pfile04.pddl status=success elapsed=45.10s success=1.0 steps=9
[EVAL][PLAN] EASY       | pfile04.pddl | steps=9 | plan=['feast aesthetics shrimp cherry', 'feast aesthetics cherry arugula', 'feast aesthetics arugula wurst', 'drink bacon wurst', 'feast aesthetics wurst grapefruit', 'overcome sciatica aesthetics grapefruit', 'drink muffin grapefruit', 'feast aesthetics grapefruit wurst', 'succumb sciatica aesthetics wurst']
[EVAL INSTANCE] started number=5 path=../problems/numeric/mprime/instances/pfile09.pddl pid=2214613
mdpsim:../problems/numeric/mprime/domain.pddl:3: assuming `:typing' requirement
mdpsim:../problems/numeric/mprime/domain.pddl:15: assuming `:fluents' requirement
[EVAL|Easy|2214343] Setting C/Python/Numpy/TF seeds to 1510771780
Starting [EVAL|Easy|2214343] on instance [1] ../problems/numeric/mprime/instances/pfile02.pddl
Starting to parse mdpsim problem: mprime-x-2
Finished parsing mdpsim problem: mprime-x-2
[EVAL|Easy|2214343] ACTION POLICY INITIALIZED
[EVAL|Easy|2214343] policy_class = ArgmaxGoalChasePathDuplicatePenaltyPolicy
[EVAL|Easy|2214343] distance_threshold = inf
[EVAL|Easy|2214343] duplicate_penalty = 0.0
[EVAL|Easy|2214343] root_visit_tie_break = action_id
[2026-09-14 15:41:48,498] [INFO] [enhspwrapper.py:84] Created temporary domain file: /tmp/domain_heuristic_z8_87tqm.pddl
[2026-09-14 15:41:48,499] [INFO] [enhspwrapper.py:93] Created temporary instance file: /tmp/instance_heuristic_3dwkpsxd.pddl
[2026-09-14 15:41:49,333] [INFO] [enhspwrapper.py:51] Starting the heuristic server with config: hmrp-ha-gbfs
[EVAL|Easy|2214509] Setting C/Python/Numpy/TF seeds to 1510771782
Starting [EVAL|Easy|2214509] on instance [3] ../problems/numeric/mprime/instances/pfile05.pddl
Starting to parse mdpsim problem: mprime-x-5
Finished parsing mdpsim problem: mprime-x-5
[EVAL|Easy|2214509] ACTION POLICY INITIALIZED
[EVAL|Easy|2214509] policy_class = ArgmaxGoalChasePathDuplicatePenaltyPolicy
[EVAL|Easy|2214509] distance_threshold = inf
[EVAL|Easy|2214509] duplicate_penalty = 0.0
[EVAL|Easy|2214509] root_visit_tie_break = action_id
[2026-09-14 15:41:58,646] [INFO] [enhspwrapper.py:84] Created temporary domain file: /tmp/domain_heuristic_8ov3eyrv.pddl
[2026-09-14 15:41:58,647] [INFO] [enhspwrapper.py:93] Created temporary instance file: /tmp/instance_heuristic_zmud3x5x.pddl
[2026-09-14 15:41:59,286] [INFO] [enhspwrapper.py:51] Starting the heuristic server with config: hmrp-ha-gbfs
[EVAL|Easy|2214613] Setting C/Python/Numpy/TF seeds to 1510771783
Starting [EVAL|Easy|2214613] on instance [4] ../problems/numeric/mprime/instances/pfile09.pddl
Starting to parse mdpsim problem: mprime-x-9
Finished parsing mdpsim problem: mprime-x-9
[EVAL|Easy|2214613] ACTION POLICY INITIALIZED
[EVAL|Easy|2214613] policy_class = ArgmaxGoalChasePathDuplicatePenaltyPolicy
[EVAL|Easy|2214613] distance_threshold = inf
[EVAL|Easy|2214613] duplicate_penalty = 0.0
[EVAL|Easy|2214613] root_visit_tie_break = action_id
[2026-09-14 15:42:16,170] [INFO] [enhspwrapper.py:84] Created temporary domain file: /tmp/domain_heuristic_ojaf09qw.pddl
[2026-09-14 15:42:16,171] [INFO] [enhspwrapper.py:93] Created temporary instance file: /tmp/instance_heuristic_tvu2r3nr.pddl
[2026-09-14 15:42:16,762] [INFO] [enhspwrapper.py:51] Starting the heuristic server with config: hmrp-ha-gbfs
[MCTS SEARCH SUMMARY] progressive_widening=True iterations_per_search=70 search_calls=8 nodes=1053 peak_nodes=1053 widening_events=498
[MCTS WIDTH SUMMARY] final_widths=(count=1053 min=0 mean=1.26 median=0 p90=3 p95=3 max=13) root_widths=(count=8 min=4 mean=9.25 median=9 p90=13 p95=13 max=13) widen_event_widths=(count=498 min=3 mean=3.61 median=3 p90=5 p95=8 max=13) admitted_policy_ranks=(count=1326 min=1 mean=1.94 median=2 p90=3 p95=3 max=3)
[MCTS DISTRIBUTION] final_width_counts=(0=639,3=389,4=13,5=2,6=1,7=1,8=2,9=1,10=1,11=1,12=1,13=2) node_visit_bins=(0=576,1=67,2=11,3-4=24,5-8=42,9-16=74,17-32=144,33-64=102,65-128=4,129+=9) selection_depth_bins=(0=12,1=11,2=13,3-4=31,5-8=66,9-16=119,17-32=181,33-64=127)
[MCTS WIDTH BY DEPTH] depth=0 count=559 min=3 mean=8.72 median=9 p90=12 p95=13 max=13
[MCTS WIDTH COUNTS BY DEPTH] depth=0 counts=(3=45,4=26,5=30,6=41,7=42,8=53,9=60,10=67,11=72,12=80,13=43)
[MCTS WIDTH BY DEPTH] depth=1 count=547 min=3 mean=8.64 median=9 p90=12 p95=13 max=13
[MCTS WIDTH COUNTS BY DEPTH] depth=1 counts=(3=44,4=27,5=30,6=41,7=41,8=53,9=60,10=67,11=72,12=80,13=32)
[MCTS WIDTH BY DEPTH] depth=2 count=535 min=3 mean=7.58 median=8 p90=11 p95=12 max=12
[MCTS WIDTH COUNTS BY DEPTH] depth=2 counts=(3=59,4=35,5=60,6=55,7=41,8=53,9=60,10=67,11=72,12=33)
[MCTS WIDTH BY DEPTH] depth=3-4 count=1021 min=3 mean=5.95 median=6 p90=10 p95=10 max=11
[MCTS WIDTH COUNTS BY DEPTH] depth=3-4 counts=(3=341,4=77,5=60,6=82,7=113,8=113,9=120,10=87,11=28)
[MCTS WIDTH BY DEPTH] depth=5-9 count=2238 min=3 mean=3.66 median=3 p90=6 p95=7 max=9
[MCTS WIDTH COUNTS BY DEPTH] depth=5-9 counts=(3=1657,4=164,5=143,6=128,7=92,8=47,9=7)
[MCTS WIDTH BY DEPTH] depth=10-19 count=3320 min=3 mean=3.00 median=3 p90=3 p95=3 max=4
[MCTS WIDTH COUNTS BY DEPTH] depth=10-19 counts=(3=3316,4=4)
[MCTS WIDTH BY DEPTH] depth=20-49 count=3281 min=3 mean=3.02 median=3 p90=3 p95=3 max=4
[MCTS WIDTH COUNTS BY DEPTH] depth=20-49 counts=(3=3220,4=61)
[MCTS WIDTH BY DEPTH] depth=50-99 count=61 min=3 mean=3.00 median=3 p90=3 p95=3 max=3
[MCTS WIDTH COUNTS BY DEPTH] depth=50-99 counts=(3=61)
[MCTS DEPTH SUMMARY] selection_depths=(count=560 min=0 mean=20.39 median=19 p90=37 p95=41 max=55) horizon_cutoffs=(count=0)
[MCTS ACTION SUMMARY] selected_raw_policy_ranks=(count=8 min=1 mean=1.00 median=1 p90=1 p95=1 max=1) known_goal_decisions=0 infeasible_known_goal_decisions=0
[MCTS TIME SUMMARY] selection=0.381347s expansion=58.351061s successor_generation=16.555494s network_inference=41.328270s evaluation=7.858160s backpropagation=0.076840s
[2026-09-14 15:42:37,094] [INFO] [enhspwrapper.py:224] Deleted temp file: /tmp/domain_heuristic_z8_87tqm.pddl
[2026-09-14 15:42:37,094] [INFO] [enhspwrapper.py:224] Deleted temp file: /tmp/instance_heuristic_3dwkpsxd.pddl
[2026-09-14 15:42:37,095] [WARNING] [enhspwrapper.py:226] Failed to delete temp file /tmp/domain_heuristic_z8_87tqm.pddl: [Errno 2] No such file or directory: '/tmp/domain_heuristic_z8_87tqm.pddl'
[2026-09-14 15:42:37,095] [WARNING] [enhspwrapper.py:226] Failed to delete temp file /tmp/instance_heuristic_3dwkpsxd.pddl: [Errno 2] No such file or directory: '/tmp/instance_heuristic_3dwkpsxd.pddl'
[EVAL INSTANCE] completed number=2 path=../problems/numeric/mprime/instances/pfile02.pddl status=success elapsed=94.54s success=1.0 steps=8
[EVAL][PLAN] EASY       | pfile02.pddl | steps=8 | plan=['overcome grief-7 entertainment ham', 'feast satiety onion beef', 'feast entertainment ham muffin', 'overcome depression-1 entertainment muffin', 'feast entertainment muffin onion', 'feast entertainment onion beef', 'succumb grief-7 entertainment beef', 'succumb depression-1 entertainment beef']
[EVAL INSTANCE] started number=6 path=../problems/numeric/mprime/instances/pfile13.pddl pid=2214876
mdpsim:../problems/numeric/mprime/domain.pddl:3: assuming `:typing' requirement
mdpsim:../problems/numeric/mprime/domain.pddl:15: assuming `:fluents' requirement
[MCTS SEARCH SUMMARY] progressive_widening=True iterations_per_search=70 search_calls=15 nodes=754 peak_nodes=754 widening_events=726
[MCTS WIDTH SUMMARY] final_widths=(count=754 min=0 mean=1.95 median=0 p90=4 p95=6 max=18) root_widths=(count=15 min=4 mean=12.33 median=13 p90=17 p95=18 max=18) widen_event_widths=(count=726 min=3 mean=5.00 median=3 p90=10 p95=12 max=18) admitted_policy_ranks=(count=1474 min=1 mean=1.76 median=2 p90=3 p95=3 max=3)
[MCTS DISTRIBUTION] final_width_counts=(0=380,3=273,4=45,5=16,6=10,7=3,8=7,9=3,10=3,11=2,12=2,13=1,14=2,15=2,16=2,17=2,18=1) node_visit_bins=(0=227,1=157,2=26,3-4=54,5-8=59,9-16=41,17-32=39,33-64=86,65-128=30,129+=35) selection_depth_bins=(0=18,1=15,2=21,3-4=47,5-8=106,9-16=259,17-32=451,33-64=133)
[MCTS WIDTH BY DEPTH] depth=0 count=1049 min=3 mean=11.83 median=13 p90=17 p95=17 max=18
[MCTS WIDTH COUNTS BY DEPTH] depth=0 counts=(3=45,4=26,5=30,6=41,7=42,8=53,9=60,10=67,11=72,12=80,13=86,14=100,15=107,16=119,17=112,18=9)
[MCTS WIDTH BY DEPTH] depth=1 count=1031 min=3 mean=11.73 median=12 p90=17 p95=17 max=17
[MCTS WIDTH COUNTS BY DEPTH] depth=1 counts=(3=45,4=27,5=30,6=41,7=41,8=53,9=60,10=67,11=72,12=80,13=86,14=105,15=100,16=119,17=105)
[MCTS WIDTH BY DEPTH] depth=2 count=1015 min=3 mean=10.87 median=12 p90=16 p95=16 max=17
[MCTS WIDTH COUNTS BY DEPTH] depth=2 counts=(3=68,4=52,5=35,6=41,7=41,8=53,9=60,10=67,11=72,12=80,13=108,14=98,15=112,16=107,17=21)
[MCTS WIDTH BY DEPTH] depth=3-4 count=1957 min=3 mean=9.54 median=10 p90=15 p95=15 max=16
[MCTS WIDTH COUNTS BY DEPTH] depth=3-4 counts=(3=258,4=153,5=69,6=82,7=87,8=101,9=120,10=134,11=144,12=172,13=221,14=189,15=183,16=44)
[MCTS WIDTH BY DEPTH] depth=5-9 count=4424 min=3 mean=7.69 median=8 p90=12 p95=13 max=14
[MCTS WIDTH COUNTS BY DEPTH] depth=5-9 counts=(3=979,4=240,5=277,6=244,7=270,8=314,9=438,10=487,11=466,12=394,13=217,14=98)
[MCTS WIDTH BY DEPTH] depth=10-19 count=6559 min=3 mean=4.54 median=3 p90=8 p95=9 max=12
[MCTS WIDTH COUNTS BY DEPTH] depth=10-19 counts=(3=3339,4=756,5=585,6=579,7=532,8=435,9=209,10=117,11=6,12=1)
[MCTS WIDTH BY DEPTH] depth=20-49 count=4744 min=3 mean=3.71 median=3 p90=6 p95=6 max=9
[MCTS WIDTH COUNTS BY DEPTH] depth=20-49 counts=(3=3170,4=641,5=396,6=313,7=127,8=75,9=22)
[MCTS WIDTH BY DEPTH] depth=50-99 count=23 min=3 mean=3.43 median=3 p90=4 p95=5 max=6
[MCTS WIDTH COUNTS BY DEPTH] depth=50-99 counts=(3=16,4=5,5=1,6=1)
[MCTS DEPTH SUMMARY] selection_depths=(count=1050 min=0 mean=19.17 median=18 p90=35 p95=38 max=60) horizon_cutoffs=(count=0)
[MCTS ACTION SUMMARY] selected_raw_policy_ranks=(count=15 min=1 mean=1.00 median=1 p90=1 p95=1 max=1) known_goal_decisions=0 infeasible_known_goal_decisions=0
[MCTS TIME SUMMARY] selection=0.887616s expansion=54.233380s successor_generation=15.743371s network_inference=37.635206s evaluation=9.496010s backpropagation=0.129817s
[2026-09-14 15:42:49,501] [INFO] [enhspwrapper.py:224] Deleted temp file: /tmp/domain_heuristic_8ov3eyrv.pddl
[2026-09-14 15:42:49,501] [INFO] [enhspwrapper.py:224] Deleted temp file: /tmp/instance_heuristic_zmud3x5x.pddl
[2026-09-14 15:42:49,501] [WARNING] [enhspwrapper.py:226] Failed to delete temp file /tmp/domain_heuristic_8ov3eyrv.pddl: [Errno 2] No such file or directory: '/tmp/domain_heuristic_8ov3eyrv.pddl'
[2026-09-14 15:42:49,501] [WARNING] [enhspwrapper.py:226] Failed to delete temp file /tmp/instance_heuristic_zmud3x5x.pddl: [Errno 2] No such file or directory: '/tmp/instance_heuristic_zmud3x5x.pddl'
[EVAL INSTANCE] completed number=4 path=../problems/numeric/mprime/instances/pfile05.pddl status=success elapsed=83.52s success=1.0 steps=15
[EVAL][PLAN] EASY       | pfile05.pddl | steps=15 | plan=['overcome grief satisfaction broccoli', 'drink turkey sweetroll', 'feast satisfaction broccoli chocolate', 'feast satisfaction chocolate shrimp', 'succumb grief satisfaction shrimp', 'feast lubricity sweetroll scallop', 'drink chocolate sweetroll', 'feast satisfaction shrimp sweetroll', 'feast satisfaction sweetroll scallop', 'drink broccoli scallop', 'overcome loneliness lubricity scallop', 'feast lubricity scallop sweetroll', 'drink broccoli sweetroll', 'feast lubricity sweetroll shrimp', 'succumb loneliness lubricity shrimp']
[EVAL INSTANCE] started number=7 path=../problems/numeric/mprime/instances/pfile14.pddl pid=2214935
mdpsim:../problems/numeric/mprime/domain.pddl:3: assuming `:typing' requirement
mdpsim:../problems/numeric/mprime/domain.pddl:15: assuming `:fluents' requirement
[MCTS SEARCH SUMMARY] progressive_widening=True iterations_per_search=70 search_calls=16 nodes=1059 peak_nodes=1059 widening_events=794
[MCTS WIDTH SUMMARY] final_widths=(count=1059 min=0 mean=1.70 median=0 p90=3 p95=4 max=16) root_widths=(count=16 min=4 mean=10.19 median=9 p90=15 p95=15 max=15) widen_event_widths=(count=794 min=1 mean=4.50 median=3 p90=9 p95=12 max=16) admitted_policy_ranks=(count=1797 min=1 mean=1.84 median=2 p90=3 p95=3 max=3)
[MCTS DISTRIBUTION] final_width_counts=(0=554,1=1,2=5,3=416,4=35,5=17,6=9,7=3,8=3,9=2,11=1,12=2,13=2,14=2,15=5,16=2) node_visit_bins=(0=392,1=156,2=30,3-4=41,5-8=61,9-16=88,17-32=135,33-64=99,65-128=34,129+=23) selection_depth_bins=(0=24,1=24,2=27,3-4=53,5-8=126,9-16=235,17-32=543,33-64=88)
[MCTS WIDTH BY DEPTH] depth=0 count=1119 min=3 mean=9.50 median=10 p90=15 p95=15 max=15
[MCTS WIDTH COUNTS BY DEPTH] depth=0 counts=(3=55,4=51,5=89,6=123,7=133,8=97,9=11,10=23,11=75,12=127,13=111,14=112,15=112)
[MCTS WIDTH BY DEPTH] depth=1 count=1094 min=3 mean=9.45 median=10 p90=14 p95=16 max=16
[MCTS WIDTH COUNTS BY DEPTH] depth=1 counts=(3=97,4=83,5=101,6=99,7=46,8=47,9=36,10=69,11=72,12=78,13=106,14=162,15=39,16=59)
[MCTS WIDTH BY DEPTH] depth=2 count=1065 min=3 mean=9.08 median=10 p90=14 p95=15 max=16
[MCTS WIDTH COUNTS BY DEPTH] depth=2 counts=(3=168,4=96,5=67,6=45,7=24,8=45,9=61,10=67,11=72,12=84,13=149,14=112,15=72,16=3)
[MCTS WIDTH BY DEPTH] depth=3-4 count=2046 min=3 mean=8.70 median=9 p90=14 p95=15 max=15
[MCTS WIDTH COUNTS BY DEPTH] depth=3-4 counts=(3=417,4=125,5=97,6=90,7=86,8=96,9=119,10=169,11=173,12=185,13=199,14=161,15=129)
[MCTS WIDTH BY DEPTH] depth=5-9 count=4589 min=3 mean=7.11 median=7 p90=12 p95=13 max=15
[MCTS WIDTH COUNTS BY DEPTH] depth=5-9 counts=(3=1368,4=303,5=222,6=340,7=288,8=302,9=341,10=322,11=409,12=347,13=165,14=97,15=85)
[MCTS WIDTH BY DEPTH] depth=10-19 count=6821 min=3 mean=4.08 median=3 p90=7 p95=9 max=11
[MCTS WIDTH COUNTS BY DEPTH] depth=10-19 counts=(3=4488,4=701,5=500,6=245,7=241,8=216,9=189,10=176,11=65)
[MCTS WIDTH BY DEPTH] depth=20-49 count=4225 min=1 mean=3.06 median=3 p90=3 p95=4 max=5
[MCTS WIDTH COUNTS BY DEPTH] depth=20-49 counts=(1=36,2=28,3=3868,4=223,5=70)
[MCTS DEPTH SUMMARY] selection_depths=(count=1120 min=0 mean=18.16 median=18 p90=31 p95=34 max=40) horizon_cutoffs=(count=0)
[MCTS ACTION SUMMARY] selected_raw_policy_ranks=(count=16 min=1 mean=1.50 median=1 p90=2 p95=6 max=6) known_goal_decisions=0 infeasible_known_goal_decisions=0
[MCTS TIME SUMMARY] selection=0.809977s expansion=43.948739s successor_generation=13.169429s network_inference=30.234350s evaluation=10.728465s backpropagation=0.129853s
[2026-09-14 15:43:00,676] [INFO] [enhspwrapper.py:224] Deleted temp file: /tmp/domain_heuristic_ojaf09qw.pddl
[2026-09-14 15:43:00,676] [INFO] [enhspwrapper.py:224] Deleted temp file: /tmp/instance_heuristic_tvu2r3nr.pddl
[2026-09-14 15:43:00,676] [WARNING] [enhspwrapper.py:226] Failed to delete temp file /tmp/domain_heuristic_ojaf09qw.pddl: [Errno 2] No such file or directory: '/tmp/domain_heuristic_ojaf09qw.pddl'
[2026-09-14 15:43:00,676] [WARNING] [enhspwrapper.py:226] Failed to delete temp file /tmp/instance_heuristic_tvu2r3nr.pddl: [Errno 2] No such file or directory: '/tmp/instance_heuristic_tvu2r3nr.pddl'
[EVAL INSTANCE] completed number=5 path=../problems/numeric/mprime/instances/pfile09.pddl status=success elapsed=72.68s success=1.0 steps=16
[EVAL][PLAN] EASY       | pfile09.pddl | steps=16 | plan=['overcome sciatica entertainment flounder', 'overcome jealousy excitement guava', 'feast excitement guava haroset', 'feast entertainment flounder hamburger', 'succumb sciatica entertainment hamburger', 'feast excitement haroset hamburger', 'succumb jealousy excitement hamburger', 'feast curiosity hotdog wurst', 'feast curiosity wurst flounder', 'feast curiosity flounder hamburger', 'drink haroset flounder', 'overcome jealousy entertainment hamburger', 'drink guava hamburger', 'feast entertainment hamburger flounder', 'feast entertainment flounder wurst', 'succumb jealousy entertainment wurst']
[EVAL INSTANCE] started number=8 path=../problems/numeric/mprime/instances/pfile15.pddl pid=2214996
mdpsim:../problems/numeric/mprime/domain.pddl:3: assuming `:typing' requirement
mdpsim:../problems/numeric/mprime/domain.pddl:15: assuming `:fluents' requirement
[EVAL|Easy|2214996] Setting C/Python/Numpy/TF seeds to 1510771786
Starting [EVAL|Easy|2214996] on instance [7] ../problems/numeric/mprime/instances/pfile15.pddl
Starting to parse mdpsim problem: mprime-x-15
Finished parsing mdpsim problem: mprime-x-15
[EVAL|Easy|2214996] ACTION POLICY INITIALIZED
[EVAL|Easy|2214996] policy_class = ArgmaxGoalChasePathDuplicatePenaltyPolicy
[EVAL|Easy|2214996] distance_threshold = inf
[EVAL|Easy|2214996] duplicate_penalty = 0.0
[EVAL|Easy|2214996] root_visit_tie_break = action_id
[2026-09-14 15:44:40,114] [INFO] [enhspwrapper.py:84] Created temporary domain file: /tmp/domain_heuristic_058uwxkm.pddl
[2026-09-14 15:44:40,114] [INFO] [enhspwrapper.py:93] Created temporary instance file: /tmp/instance_heuristic_skxq7pdh.pddl
[2026-09-14 15:44:41,439] [INFO] [enhspwrapper.py:51] Starting the heuristic server with config: hmrp-ha-gbfs
[EVAL|Easy|2214935] Setting C/Python/Numpy/TF seeds to 1510771785
Starting [EVAL|Easy|2214935] on instance [6] ../problems/numeric/mprime/instances/pfile14.pddl
Starting to parse mdpsim problem: mprime-x-14
Finished parsing mdpsim problem: mprime-x-14
[EVAL|Easy|2214935] ACTION POLICY INITIALIZED
[EVAL|Easy|2214935] policy_class = ArgmaxGoalChasePathDuplicatePenaltyPolicy
[EVAL|Easy|2214935] distance_threshold = inf
[EVAL|Easy|2214935] duplicate_penalty = 0.0
[EVAL|Easy|2214935] root_visit_tie_break = action_id
[2026-09-14 15:49:56,322] [INFO] [enhspwrapper.py:84] Created temporary domain file: /tmp/domain_heuristic_f6juwh6y.pddl
[2026-09-14 15:49:56,322] [INFO] [enhspwrapper.py:93] Created temporary instance file: /tmp/instance_heuristic_r0tq6izv.pddl
[EVAL|Easy|2214876] Setting C/Python/Numpy/TF seeds to 1510771784
Starting [EVAL|Easy|2214876] on instance [5] ../problems/numeric/mprime/instances/pfile13.pddl
Starting to parse mdpsim problem: mprime-x-13
Finished parsing mdpsim problem: mprime-x-13
[EVAL|Easy|2214876] ACTION POLICY INITIALIZED
[EVAL|Easy|2214876] policy_class = ArgmaxGoalChasePathDuplicatePenaltyPolicy
[EVAL|Easy|2214876] distance_threshold = inf
[EVAL|Easy|2214876] duplicate_penalty = 0.0
[EVAL|Easy|2214876] root_visit_tie_break = action_id
[2026-09-14 15:49:59,047] [INFO] [enhspwrapper.py:84] Created temporary domain file: /tmp/domain_heuristic_3tr6c_be.pddl
[2026-09-14 15:49:59,047] [INFO] [enhspwrapper.py:93] Created temporary instance file: /tmp/instance_heuristic_dvirar64.pddl
[2026-09-14 15:49:59,890] [INFO] [enhspwrapper.py:51] Starting the heuristic server with config: hmrp-ha-gbfs
[2026-09-14 15:50:02,840] [INFO] [enhspwrapper.py:51] Starting the heuristic server with config: hmrp-ha-gbfs
[MCTS SEARCH SUMMARY] progressive_widening=True iterations_per_search=70 search_calls=24 nodes=3108 peak_nodes=3108 widening_events=1562
[MCTS WIDTH SUMMARY] final_widths=(count=3108 min=0 mean=1.23 median=0 p90=3 p95=3 max=20) root_widths=(count=24 min=4 mean=14.79 median=16 p90=20 p95=20 max=20) widen_event_widths=(count=1562 min=3 mean=4.64 median=3 p90=10 p95=14 max=20) admitted_policy_ranks=(count=3832 min=1 mean=1.89 median=2 p90=3 p95=3 max=3)
[MCTS DISTRIBUTION] final_width_counts=(0=1973,3=1051,4=35,5=13,6=3,7=5,8=3,9=1,10=1,11=1,12=1,13=3,14=2,15=2,16=2,17=2,18=3,19=2,20=5) node_visit_bins=(0=1677,1=306,2=23,3-4=89,5-8=155,9-16=276,17-32=364,33-64=163,65-128=21,129+=34) selection_depth_bins=(0=22,1=20,2=38,3-4=68,5-8=146,9-16=322,17-32=605,33-64=453,65-128=6)
[MCTS WIDTH BY DEPTH] depth=0 count=1679 min=3 mean=14.41 median=15 p90=20 p95=20 max=20
[MCTS WIDTH COUNTS BY DEPTH] depth=0 counts=(3=45,4=26,5=30,6=41,7=42,8=69,9=44,10=69,11=72,12=80,13=86,14=118,15=133,16=134,17=116,18=174,19=143,20=257)
[MCTS WIDTH BY DEPTH] depth=1 count=1656 min=3 mean=14.29 median=15 p90=20 p95=20 max=20
[MCTS WIDTH COUNTS BY DEPTH] depth=1 counts=(3=44,4=27,5=30,6=57,7=41,8=37,9=61,10=67,11=72,12=80,13=109,14=95,15=148,16=120,17=148,18=138,19=144,20=238)
[MCTS WIDTH BY DEPTH] depth=2 count=1624 min=3 mean=13.77 median=15 p90=19 p95=20 max=20
[MCTS WIDTH COUNTS BY DEPTH] depth=2 counts=(3=67,4=43,5=30,6=25,7=41,8=54,9=60,10=67,11=72,12=96,13=95,14=150,15=131,16=123,17=145,18=134,19=151,20=140)
[MCTS WIDTH BY DEPTH] depth=3-4 count=3138 min=3 mean=12.50 median=13 p90=18 p95=19 max=20
[MCTS WIDTH COUNTS BY DEPTH] depth=3-4 counts=(3=263,4=78,5=104,6=84,7=88,8=100,9=120,10=150,11=164,12=183,13=247,14=225,15=257,16=263,17=255,18=271,19=243,20=43)
[MCTS WIDTH BY DEPTH] depth=5-9 count=7217 min=3 mean=9.91 median=11 p90=16 p95=17 max=19
[MCTS WIDTH COUNTS BY DEPTH] depth=5-9 counts=(3=1541,4=259,5=190,6=236,7=255,8=315,9=364,10=394,11=429,12=477,13=542,14=581,15=555,16=506,17=366,18=190,19=17)
[MCTS WIDTH BY DEPTH] depth=10-19 count=11352 min=3 mean=6.08 median=4 p90=12 p95=13 max=15
[MCTS WIDTH COUNTS BY DEPTH] depth=10-19 counts=(3=5447,4=415,5=435,6=598,7=666,8=558,9=611,10=662,11=630,12=605,13=427,14=209,15=89)
[MCTS WIDTH BY DEPTH] depth=20-49 count=13493 min=3 mean=3.25 median=3 p90=4 p95=5 max=9
[MCTS WIDTH COUNTS BY DEPTH] depth=20-49 counts=(3=11887,4=706,5=411,6=230,7=133,8=88,9=38)
[MCTS WIDTH BY DEPTH] depth=50-99 count=767 min=3 mean=3.00 median=3 p90=3 p95=3 max=3
[MCTS WIDTH COUNTS BY DEPTH] depth=50-99 counts=(3=767)
[MCTS DEPTH SUMMARY] selection_depths=(count=1680 min=0 mean=24.04 median=22 p90=47 p95=52 max=69) horizon_cutoffs=(count=0)
[MCTS ACTION SUMMARY] selected_raw_policy_ranks=(count=24 min=1 mean=1.75 median=1 p90=2 p95=4 max=14) known_goal_decisions=0 infeasible_known_goal_decisions=0
[MCTS TIME SUMMARY] selection=2.010666s expansion=2630.217857s successor_generation=2062.559599s network_inference=550.097413s evaluation=1144.670296s backpropagation=0.313617s
[2026-09-14 16:49:35,777] [INFO] [enhspwrapper.py:224] Deleted temp file: /tmp/domain_heuristic_3tr6c_be.pddl
[2026-09-14 16:49:35,778] [INFO] [enhspwrapper.py:224] Deleted temp file: /tmp/instance_heuristic_dvirar64.pddl
[2026-09-14 16:49:35,778] [WARNING] [enhspwrapper.py:226] Failed to delete temp file /tmp/domain_heuristic_3tr6c_be.pddl: [Errno 2] No such file or directory: '/tmp/domain_heuristic_3tr6c_be.pddl'
[2026-09-14 16:49:35,778] [WARNING] [enhspwrapper.py:226] Failed to delete temp file /tmp/instance_heuristic_dvirar64.pddl: [Errno 2] No such file or directory: '/tmp/instance_heuristic_dvirar64.pddl'
[EVAL INSTANCE] completed number=6 path=../problems/numeric/mprime/instances/pfile13.pddl status=success elapsed=4018.76s success=1.0 steps=24
[EVAL][PLAN] EASY       | pfile13.pddl | steps=24 | plan=['feast entertainment mutton marzipan', 'feast love baguette lemon', 'overcome laceration-20 love lemon', 'overcome prostatitis-18 love lemon', 'feast love lemon baguette', 'drink mutton ham', 'feast love baguette lobster', 'succumb prostatitis-18 love lobster', 'feast achievement turkey onion', 'feast love lobster papaya', 'succumb laceration-20 love papaya', 'feast aesthetics hamburger papaya', 'overcome laceration-20 aesthetics papaya', 'feast aesthetics papaya hamburger', 'feast aesthetics hamburger scallion', 'feast aesthetics scallion flounder', 'feast satisfaction rice lettuce', 'feast aesthetics flounder lemon', 'feast aesthetics lemon onion', 'feast aesthetics onion turkey', 'feast aesthetics turkey potato', 'feast aesthetics potato muffin', 'feast aesthetics muffin ham', 'succumb laceration-20 aesthetics ham']
[EVAL INSTANCE] started number=9 path=../problems/numeric/mprime/instances/pfile16.pddl pid=2223694
mdpsim:../problems/numeric/mprime/domain.pddl:3: assuming `:typing' requirement
mdpsim:../problems/numeric/mprime/domain.pddl:15: assuming `:fluents' requirement
[EVAL|Easy|2223694] Setting C/Python/Numpy/TF seeds to 1510771787
Starting [EVAL|Easy|2223694] on instance [8] ../problems/numeric/mprime/instances/pfile16.pddl
Starting to parse mdpsim problem: mprime-x-16
Finished parsing mdpsim problem: mprime-x-16
[EVAL|Easy|2223694] ACTION POLICY INITIALIZED
[EVAL|Easy|2223694] policy_class = ArgmaxGoalChasePathDuplicatePenaltyPolicy
[EVAL|Easy|2223694] distance_threshold = inf
[EVAL|Easy|2223694] duplicate_penalty = 0.0
[EVAL|Easy|2223694] root_visit_tie_break = action_id
[2026-09-14 16:50:35,585] [INFO] [enhspwrapper.py:84] Created temporary domain file: /tmp/domain_heuristic_14md4qic.pddl
[2026-09-14 16:50:35,586] [INFO] [enhspwrapper.py:93] Created temporary instance file: /tmp/instance_heuristic_zay6mmck.pddl
[2026-09-14 16:50:37,038] [INFO] [enhspwrapper.py:51] Starting the heuristic server with config: hmrp-ha-gbfs
[MCTS SEARCH SUMMARY] progressive_widening=True iterations_per_search=70 search_calls=7 nodes=1207 peak_nodes=1207 widening_events=490
[MCTS WIDTH SUMMARY] final_widths=(count=1207 min=0 mean=1.13 median=0 p90=3 p95=3 max=11) root_widths=(count=7 min=4 mean=8.43 median=8 p90=11 p95=11 max=11) widen_event_widths=(count=490 min=3 mean=3.41 median=3 p90=4 p95=7 max=11) admitted_policy_ranks=(count=1358 min=1 mean=1.96 median=2 p90=3 p95=3 max=3)
[MCTS DISTRIBUTION] final_width_counts=(0=773,3=421,4=5,8=4,10=1,11=3) node_visit_bins=(0=732,1=45,2=13,3-4=25,5-8=52,9-16=93,17-32=161,33-64=77,65-128=1,129+=8) selection_depth_bins=(0=13,1=11,2=13,3-4=27,5-8=58,9-16=101,17-32=164,33-64=103)
[MCTS WIDTH BY DEPTH] depth=0 count=489 min=3 mean=7.62 median=8 p90=11 p95=11 max=11
[MCTS WIDTH COUNTS BY DEPTH] depth=0 counts=(3=45,4=26,5=30,6=41,7=73,8=78,9=58,10=85,11=53)
[MCTS WIDTH BY DEPTH] depth=1 count=475 min=3 mean=7.26 median=7 p90=11 p95=11 max=11
[MCTS WIDTH COUNTS BY DEPTH] depth=1 counts=(3=63,4=27,5=30,6=41,7=86,8=63,9=60,10=47,11=58)
[MCTS WIDTH BY DEPTH] depth=2 count=463 min=3 mean=6.52 median=7 p90=10 p95=10 max=10
[MCTS WIDTH COUNTS BY DEPTH] depth=2 counts=(3=89,4=31,5=30,6=47,7=87,8=72,9=60,10=47)
[MCTS WIDTH BY DEPTH] depth=3-4 count=880 min=3 mean=4.67 median=4 p90=8 p95=8 max=9
[MCTS WIDTH COUNTS BY DEPTH] depth=3-4 counts=(3=432,4=56,5=86,6=122,7=82,8=68,9=34)
[MCTS WIDTH BY DEPTH] depth=5-9 count=1922 min=3 mean=3.18 median=3 p90=4 p95=5 max=6
[MCTS WIDTH COUNTS BY DEPTH] depth=5-9 counts=(3=1724,4=89,5=64,6=45)
[MCTS WIDTH BY DEPTH] depth=10-19 count=2866 min=3 mean=3.00 median=3 p90=3 p95=3 max=3
[MCTS WIDTH COUNTS BY DEPTH] depth=10-19 counts=(3=2866)
[MCTS WIDTH BY DEPTH] depth=20-49 count=2766 min=3 mean=3.00 median=3 p90=3 p95=3 max=3
[MCTS WIDTH COUNTS BY DEPTH] depth=20-49 counts=(3=2766)
[MCTS WIDTH BY DEPTH] depth=50-99 count=1 min=3 mean=3.00 median=3 p90=3 p95=3 max=3
[MCTS WIDTH COUNTS BY DEPTH] depth=50-99 counts=(3=1)
[MCTS DEPTH SUMMARY] selection_depths=(count=490 min=0 mean=20.01 median=18 p90=39 p95=43 max=51) horizon_cutoffs=(count=0)
[MCTS ACTION SUMMARY] selected_raw_policy_ranks=(count=7 min=1 mean=1.00 median=1 p90=1 p95=1 max=1) known_goal_decisions=0 infeasible_known_goal_decisions=0
[MCTS TIME SUMMARY] selection=0.326729s expansion=88.236488s successor_generation=24.526289s network_inference=63.050612s evaluation=11.239836s backpropagation=0.065975s
[2026-09-14 16:51:50,580] [INFO] [enhspwrapper.py:224] Deleted temp file: /tmp/domain_heuristic_14md4qic.pddl
[2026-09-14 16:51:50,580] [INFO] [enhspwrapper.py:224] Deleted temp file: /tmp/instance_heuristic_zay6mmck.pddl
[2026-09-14 16:51:50,580] [WARNING] [enhspwrapper.py:226] Failed to delete temp file /tmp/domain_heuristic_14md4qic.pddl: [Errno 2] No such file or directory: '/tmp/domain_heuristic_14md4qic.pddl'
[2026-09-14 16:51:50,580] [WARNING] [enhspwrapper.py:226] Failed to delete temp file /tmp/instance_heuristic_zay6mmck.pddl: [Errno 2] No such file or directory: '/tmp/instance_heuristic_zay6mmck.pddl'
[EVAL INSTANCE] completed number=9 path=../problems/numeric/mprime/instances/pfile16.pddl status=success elapsed=134.04s success=1.0 steps=7
[EVAL][PLAN] EASY       | pfile16.pddl | steps=7 | plan=['feast excitement arugula baguette', 'overcome abrasion excitement baguette', 'overcome sciatica excitement baguette', 'drink rice baguette', 'feast excitement baguette rice', 'succumb abrasion excitement rice', 'succumb sciatica excitement rice']
[EVAL INSTANCE] started number=10 path=../problems/numeric/mprime/instances/pfile18.pddl pid=2225155
mdpsim:../problems/numeric/mprime/domain.pddl:3: assuming `:typing' requirement
mdpsim:../problems/numeric/mprime/domain.pddl:15: assuming `:fluents' requirement
[EVAL|Easy|2225155] Setting C/Python/Numpy/TF seeds to 1510771788
Starting [EVAL|Easy|2225155] on instance [9] ../problems/numeric/mprime/instances/pfile18.pddl
Starting to parse mdpsim problem: mprime-x-18
Finished parsing mdpsim problem: mprime-x-18
[EVAL|Easy|2225155] ACTION POLICY INITIALIZED
[EVAL|Easy|2225155] policy_class = ArgmaxGoalChasePathDuplicatePenaltyPolicy
[EVAL|Easy|2225155] distance_threshold = inf
[EVAL|Easy|2225155] duplicate_penalty = 0.0
[EVAL|Easy|2225155] root_visit_tie_break = action_id
[2026-09-14 16:53:52,042] [INFO] [enhspwrapper.py:84] Created temporary domain file: /tmp/domain_heuristic_u7zonaet.pddl
[2026-09-14 16:53:52,043] [INFO] [enhspwrapper.py:93] Created temporary instance file: /tmp/instance_heuristic_e251uh68.pddl
[2026-09-14 16:53:54,622] [INFO] [enhspwrapper.py:51] Starting the heuristic server with config: hmrp-ha-gbfs
[EVAL INSTANCE] timeout number=7 path=../problems/numeric/mprime/instances/pfile14.pddl limit=21600.0s
[EVAL INSTANCE] started number=11 path=../problems/numeric/mprime/instances/pfile19.pddl pid=2382774
mdpsim:../problems/numeric/mprime/domain.pddl:3: assuming `:typing' requirement
mdpsim:../problems/numeric/mprime/domain.pddl:15: assuming `:fluents' requirement
[EVAL INSTANCE] timeout number=8 path=../problems/numeric/mprime/instances/pfile15.pddl limit=21600.0s
[EVAL INSTANCE] started number=12 path=../problems/numeric/mprime/instances/pfile20.pddl pid=2382934
mdpsim:../problems/numeric/mprime/domain.pddl:3: assuming `:typing' requirement
mdpsim:../problems/numeric/mprime/domain.pddl:15: assuming `:fluents' requirement
[EVAL|Easy|2382934] Setting C/Python/Numpy/TF seeds to 1510771790
Starting [EVAL|Easy|2382934] on instance [11] ../problems/numeric/mprime/instances/pfile20.pddl
Starting to parse mdpsim problem: mprime-x-20
Finished parsing mdpsim problem: mprime-x-20
[EVAL|Easy|2382934] ACTION POLICY INITIALIZED
[EVAL|Easy|2382934] policy_class = ArgmaxGoalChasePathDuplicatePenaltyPolicy
[EVAL|Easy|2382934] distance_threshold = inf
[EVAL|Easy|2382934] duplicate_penalty = 0.0
[EVAL|Easy|2382934] root_visit_tie_break = action_id
[2026-09-14 21:44:15,295] [INFO] [enhspwrapper.py:84] Created temporary domain file: /tmp/domain_heuristic_pxkq66ab.pddl
[2026-09-14 21:44:15,296] [INFO] [enhspwrapper.py:93] Created temporary instance file: /tmp/instance_heuristic_lcs4jz3y.pddl
[2026-09-14 21:44:16,919] [INFO] [enhspwrapper.py:51] Starting the heuristic server with config: hmrp-ha-gbfs
[EVAL|Easy|2382774] Setting C/Python/Numpy/TF seeds to 1510771789
Starting [EVAL|Easy|2382774] on instance [10] ../problems/numeric/mprime/instances/pfile19.pddl
Starting to parse mdpsim problem: mprime-x-19
Finished parsing mdpsim problem: mprime-x-19
[EVAL|Easy|2382774] ACTION POLICY INITIALIZED
[EVAL|Easy|2382774] policy_class = ArgmaxGoalChasePathDuplicatePenaltyPolicy
[EVAL|Easy|2382774] distance_threshold = inf
[EVAL|Easy|2382774] duplicate_penalty = 0.0
[EVAL|Easy|2382774] root_visit_tie_break = action_id
[2026-09-14 21:44:40,522] [INFO] [enhspwrapper.py:84] Created temporary domain file: /tmp/domain_heuristic_jdiuehyx.pddl
[2026-09-14 21:44:40,522] [INFO] [enhspwrapper.py:93] Created temporary instance file: /tmp/instance_heuristic_ttw29h2s.pddl
[2026-09-14 21:44:42,604] [INFO] [enhspwrapper.py:51] Starting the heuristic server with config: hmrp-ha-gbfs
[MCTS SEARCH SUMMARY] progressive_widening=True iterations_per_search=70 search_calls=27 nodes=4649 peak_nodes=4649 widening_events=1890
[MCTS WIDTH SUMMARY] final_widths=(count=4649 min=0 mean=1.07 median=0 p90=3 p95=3 max=18) root_widths=(count=27 min=4 mean=10.19 median=8 p90=17 p95=18 max=18) widen_event_widths=(count=1890 min=3 mean=3.79 median=3 p90=6 p95=9 max=18) admitted_policy_ranks=(count=4970 min=1 mean=1.93 median=2 p90=3 p95=3 max=3)
[MCTS DISTRIBUTION] final_width_counts=(0=3109,3=1444,4=32,5=24,6=14,7=5,8=3,9=2,10=2,11=1,12=2,13=2,14=1,15=2,16=1,17=2,18=3) node_visit_bins=(0=2843,1=270,2=104,3-4=189,5-8=238,9-16=307,17-32=400,33-64=227,65-128=43,129+=28) selection_depth_bins=(0=41,1=52,2=51,3-4=98,5-8=220,9-16=462,17-32=619,33-64=335,65-128=12)
[MCTS WIDTH BY DEPTH] depth=0 count=1889 min=3 mean=9.51 median=8 p90=17 p95=18 max=18
[MCTS WIDTH COUNTS BY DEPTH] depth=0 counts=(3=74,4=197,5=295,6=245,7=98,8=79,9=53,10=67,11=73,12=89,13=86,14=92,15=113,16=107,17=125,18=96)
[MCTS WIDTH BY DEPTH] depth=1 count=1825 min=3 mean=8.82 median=8 p90=17 p95=17 max=18
[MCTS WIDTH COUNTS BY DEPTH] depth=1 counts=(3=555,4=139,5=78,6=71,7=46,8=53,9=61,10=66,11=74,12=80,13=86,14=97,15=108,16=119,17=118,18=74)
[MCTS WIDTH BY DEPTH] depth=2 count=1766 min=3 mean=8.33 median=8 p90=16 p95=17 max=17
[MCTS WIDTH COUNTS BY DEPTH] depth=2 counts=(3=678,4=60,5=40,6=37,7=46,8=53,9=107,10=78,11=72,12=80,13=86,14=104,15=100,16=119,17=106)
[MCTS WIDTH BY DEPTH] depth=3-4 count=3383 min=3 mean=7.72 median=7 p90=15 p95=16 max=17
[MCTS WIDTH COUNTS BY DEPTH] depth=3-4 counts=(3=1340,4=68,5=66,6=112,7=159,8=247,9=172,10=134,11=144,12=160,13=188,14=191,15=221,16=158,17=23)
[MCTS WIDTH BY DEPTH] depth=5-9 count=7505 min=3 mean=6.02 median=3 p90=12 p95=13 max=15
[MCTS WIDTH COUNTS BY DEPTH] depth=5-9 counts=(3=3802,4=307,5=311,6=343,7=357,8=298,9=300,10=340,11=392,12=439,13=338,14=199,15=79)
[MCTS WIDTH BY DEPTH] depth=10-19 count=10642 min=3 mean=3.76 median=3 p90=6 p95=8 max=11
[MCTS WIDTH COUNTS BY DEPTH] depth=10-19 counts=(3=7979,4=870,5=517,6=370,7=245,8=225,9=201,10=160,11=75)
[MCTS WIDTH BY DEPTH] depth=20-49 count=10154 min=3 mean=3.08 median=3 p90=3 p95=4 max=6
[MCTS WIDTH COUNTS BY DEPTH] depth=20-49 counts=(3=9589,4=343,5=178,6=44)
[MCTS WIDTH BY DEPTH] depth=50-99 count=788 min=3 mean=3.00 median=3 p90=3 p95=3 max=3
[MCTS WIDTH COUNTS BY DEPTH] depth=50-99 counts=(3=788)
[MCTS DEPTH SUMMARY] selection_depths=(count=1890 min=0 mean=19.90 median=17 p90=41 p95=51 max=73) horizon_cutoffs=(count=0)
[MCTS ACTION SUMMARY] selected_raw_policy_ranks=(count=27 min=1 mean=1.41 median=1 p90=4 p95=4 max=6) known_goal_decisions=0 infeasible_known_goal_decisions=0
[MCTS TIME SUMMARY] selection=1.452353s expansion=287.447123s successor_generation=167.871385s network_inference=111.680694s evaluation=182.451112s backpropagation=0.300534s
[2026-09-14 21:51:35,239] [INFO] [enhspwrapper.py:224] Deleted temp file: /tmp/domain_heuristic_pxkq66ab.pddl
[2026-09-14 21:51:35,239] [INFO] [enhspwrapper.py:224] Deleted temp file: /tmp/instance_heuristic_lcs4jz3y.pddl
[2026-09-14 21:51:35,239] [WARNING] [enhspwrapper.py:226] Failed to delete temp file /tmp/domain_heuristic_pxkq66ab.pddl: [Errno 2] No such file or directory: '/tmp/domain_heuristic_pxkq66ab.pddl'
[2026-09-14 21:51:35,239] [WARNING] [enhspwrapper.py:226] Failed to delete temp file /tmp/instance_heuristic_lcs4jz3y.pddl: [Errno 2] No such file or directory: '/tmp/instance_heuristic_lcs4jz3y.pddl'
[EVAL INSTANCE] completed number=12 path=../problems/numeric/mprime/instances/pfile20.pddl status=success elapsed=514.12s success=1.0 steps=27
[EVAL][PLAN] EASY       | pfile20.pddl | steps=27 | plan=['overcome abrasion intoxication wonderbread', 'feast intoxication wonderbread yogurt', 'feast intoxication yogurt tuna', 'feast achievement cherry pepper', 'feast intoxication tuna sweetroll', 'feast intoxication sweetroll tuna', 'overcome dread triumph yogurt', 'feast triumph yogurt tuna', 'feast intoxication tuna yogurt', 'feast intoxication yogurt tuna', 'succumb abrasion intoxication tuna', 'overcome abrasion triumph tuna', 'feast triumph tuna yogurt', 'feast triumph yogurt muffin', 'feast triumph muffin yogurt', 'feast triumph yogurt muffin', 'feast triumph muffin yogurt', 'feast triumph yogurt wonderbread', 'feast triumph wonderbread mutton', 'feast triumph mutton pork', 'feast triumph pork cod', 'feast intoxication tuna yogurt', 'feast curiosity cod pork', 'feast triumph cod marzipan', 'feast triumph marzipan cherry', 'feast triumph cherry pepper', 'succumb abrasion triumph pepper']
[EVAL INSTANCE] started number=13 path=../problems/numeric/mprime/instances/pfile21.pddl pid=2387393
mdpsim:../problems/numeric/mprime/domain.pddl:3: assuming `:typing' requirement
mdpsim:../problems/numeric/mprime/domain.pddl:15: assuming `:fluents' requirement
[EVAL|Easy|2387393] Setting C/Python/Numpy/TF seeds to 1510771791
Starting [EVAL|Easy|2387393] on instance [12] ../problems/numeric/mprime/instances/pfile21.pddl
Starting to parse mdpsim problem: mprime-x-21
Finished parsing mdpsim problem: mprime-x-21
[EVAL|Easy|2387393] ACTION POLICY INITIALIZED
[EVAL|Easy|2387393] policy_class = ArgmaxGoalChasePathDuplicatePenaltyPolicy
[EVAL|Easy|2387393] distance_threshold = inf
[EVAL|Easy|2387393] duplicate_penalty = 0.0
[EVAL|Easy|2387393] root_visit_tie_break = action_id
[2026-09-14 21:53:26,366] [INFO] [enhspwrapper.py:84] Created temporary domain file: /tmp/domain_heuristic_bv8rk030.pddl
[2026-09-14 21:53:26,367] [INFO] [enhspwrapper.py:93] Created temporary instance file: /tmp/instance_heuristic_zrxvto2k.pddl
[2026-09-14 21:53:27,684] [INFO] [enhspwrapper.py:51] Starting the heuristic server with config: hmrp-ha-gbfs
[MCTS SEARCH SUMMARY] progressive_widening=True iterations_per_search=70 search_calls=30 nodes=3225 peak_nodes=3225 widening_events=1863
[MCTS WIDTH SUMMARY] final_widths=(count=3225 min=0 mean=1.34 median=0 p90=3 p95=3 max=20) root_widths=(count=30 min=4 mean=12.67 median=12 p90=19 p95=20 max=20) widen_event_widths=(count=1863 min=3 mean=4.93 median=3 p90=11 p95=14 max=20) admitted_policy_ranks=(count=4329 min=1 mean=1.85 median=2 p90=3 p95=3 max=3)
[MCTS DISTRIBUTION] final_width_counts=(0=1992,3=1120,4=42,5=10,6=4,7=7,8=3,9=4,10=9,11=6,12=2,13=2,14=5,15=3,16=1,18=6,19=7,20=2) node_visit_bins=(0=1514,1=466,2=82,3-4=96,5-8=175,9-16=229,17-32=356,33-64=231,65-128=19,129+=57) selection_depth_bins=(0=35,1=40,2=60,3-4=98,5-8=175,9-16=359,17-32=669,33-64=664)
[MCTS WIDTH BY DEPTH] depth=0 count=2099 min=3 mean=12.10 median=12 p90=19 p95=19 max=20
[MCTS WIDTH COUNTS BY DEPTH] depth=0 counts=(3=45,4=39,5=60,6=103,7=126,8=170,9=145,10=142,11=164,12=124,13=128,14=213,15=123,16=27,17=110,18=162,19=140,20=78)
[MCTS WIDTH BY DEPTH] depth=1 count=2062 min=3 mean=11.64 median=11 p90=18 p95=19 max=20
[MCTS WIDTH COUNTS BY DEPTH] depth=1 counts=(3=44,4=63,5=90,6=132,7=137,8=178,9=186,10=147,11=115,12=97,13=82,14=167,15=71,16=54,17=167,18=146,19=93,20=93)
[MCTS WIDTH BY DEPTH] depth=2 count=2001 min=3 mean=10.20 median=9 p90=18 p95=18 max=19
[MCTS WIDTH COUNTS BY DEPTH] depth=2 counts=(3=224,4=126,5=99,6=132,7=165,8=120,9=136,10=152,11=83,12=73,13=113,14=63,15=13,16=121,17=145,18=136,19=100)
[MCTS WIDTH BY DEPTH] depth=3-4 count=3842 min=3 mean=9.96 median=9 p90=18 p95=18 max=19
[MCTS WIDTH COUNTS BY DEPTH] depth=3-4 counts=(3=724,4=207,5=180,6=201,7=180,8=223,9=260,10=177,11=150,12=178,13=148,14=65,15=206,16=292,17=251,18=250,19=150)
[MCTS WIDTH BY DEPTH] depth=5-9 count=8819 min=3 mean=10.03 median=10 p90=17 p95=18 max=19
[MCTS WIDTH COUNTS BY DEPTH] depth=5-9 counts=(3=1699,4=365,5=405,6=438,7=427,8=445,9=456,10=360,11=371,12=423,13=454,14=530,15=606,16=581,17=630,18=530,19=99)
[MCTS WIDTH BY DEPTH] depth=10-19 count=14235 min=3 mean=7.63 median=7 p90=14 p95=15 max=18
[MCTS WIDTH COUNTS BY DEPTH] depth=10-19 counts=(3=4904,4=609,5=606,6=643,7=662,8=676,9=833,10=980,11=786,12=877,13=939,14=701,15=480,16=318,17=152,18=69)
[MCTS WIDTH BY DEPTH] depth=20-49 count=18729 min=3 mean=3.78 median=3 p90=7 p95=9 max=13
[MCTS WIDTH COUNTS BY DEPTH] depth=20-49 counts=(3=14998,4=775,5=517,6=517,7=488,8=446,9=374,10=266,11=239,12=103,13=6)
[MCTS WIDTH BY DEPTH] depth=50-99 count=746 min=3 mean=3.00 median=3 p90=3 p95=3 max=3
[MCTS WIDTH COUNTS BY DEPTH] depth=50-99 counts=(3=746)
[MCTS DEPTH SUMMARY] selection_depths=(count=2100 min=0 mean=24.60 median=24 p90=47 p95=51 max=64) horizon_cutoffs=(count=0)
[MCTS ACTION SUMMARY] selected_raw_policy_ranks=(count=30 min=1 mean=1.60 median=1 p90=2 p95=4 max=11) known_goal_decisions=0 infeasible_known_goal_decisions=0
[MCTS TIME SUMMARY] selection=2.599997s expansion=402.962017s successor_generation=241.148609s network_inference=157.917957s evaluation=224.881963s backpropagation=0.375090s
[2026-09-14 21:54:24,285] [INFO] [enhspwrapper.py:224] Deleted temp file: /tmp/domain_heuristic_jdiuehyx.pddl
[2026-09-14 21:54:24,285] [INFO] [enhspwrapper.py:224] Deleted temp file: /tmp/instance_heuristic_ttw29h2s.pddl
[2026-09-14 21:54:24,285] [WARNING] [enhspwrapper.py:226] Failed to delete temp file /tmp/domain_heuristic_jdiuehyx.pddl: [Errno 2] No such file or directory: '/tmp/domain_heuristic_jdiuehyx.pddl'
[2026-09-14 21:54:24,285] [WARNING] [enhspwrapper.py:226] Failed to delete temp file /tmp/instance_heuristic_ttw29h2s.pddl: [Errno 2] No such file or directory: '/tmp/instance_heuristic_ttw29h2s.pddl'
[EVAL INSTANCE] completed number=11 path=../problems/numeric/mprime/instances/pfile19.pddl status=success elapsed=693.87s success=1.0 steps=30
[EVAL][PLAN] EASY       | pfile19.pddl | steps=30 | plan=['feast stimulation lamb beef', 'overcome abrasion stimulation beef', 'feast stimulation beef lemon', 'succumb abrasion stimulation lemon', 'overcome abrasion lubricity lemon', 'feast love haroset lobster', 'feast lubricity lemon beef', 'feast love lobster haroset', 'feast aesthetics bacon lobster', 'succumb abrasion lubricity beef', 'drink beef haroset', 'drink beef wonderbread', 'feast love haroset lobster', 'overcome abrasion lubricity beef', 'drink lamb beef', 'feast lubricity beef marzipan', 'feast lubricity marzipan tofu', 'feast learning snickers onion', 'feast lubricity tofu marzipan', 'succumb abrasion lubricity marzipan', 'overcome abrasion lubricity marzipan', 'feast lubricity marzipan wonderbread', 'succumb abrasion lubricity wonderbread', 'overcome abrasion achievement wonderbread', 'feast achievement wonderbread bacon', 'succumb abrasion achievement bacon', 'overcome abrasion achievement bacon', 'drink ham bacon', 'feast achievement bacon lobster', 'succumb abrasion achievement lobster']
[EVAL INSTANCE] started number=14 path=../problems/numeric/mprime/instances/pfile22.pddl pid=2389019
mdpsim:../problems/numeric/mprime/domain.pddl:3: assuming `:typing' requirement
mdpsim:../problems/numeric/mprime/domain.pddl:15: assuming `:fluents' requirement
[MCTS SEARCH SUMMARY] progressive_widening=True iterations_per_search=70 search_calls=8 nodes=725 peak_nodes=725 widening_events=464
[MCTS WIDTH SUMMARY] final_widths=(count=725 min=0 mean=1.62 median=0 p90=3 p95=4 max=13) root_widths=(count=8 min=4 mean=9.25 median=9 p90=13 p95=13 max=13) widen_event_widths=(count=464 min=3 mean=3.71 median=3 p90=5 p95=8 max=13) admitted_policy_ranks=(count=1176 min=1 mean=1.91 median=2 p90=3 p95=3 max=3)
[MCTS DISTRIBUTION] final_width_counts=(0=369,3=313,4=22,5=12,6=1,7=1,8=1,9=1,10=1,11=1,12=1,13=2) node_visit_bins=(0=309,1=65,2=15,3-4=29,5-8=44,9-16=76,17-32=105,33-64=52,65-128=22,129+=8) selection_depth_bins=(0=12,1=11,2=12,3-4=33,5-8=79,9-16=148,17-32=224,33-64=41)
[MCTS WIDTH BY DEPTH] depth=0 count=559 min=3 mean=8.67 median=9 p90=12 p95=13 max=13
[MCTS WIDTH COUNTS BY DEPTH] depth=0 counts=(3=45,4=26,5=30,6=41,7=42,8=55,9=62,10=71,11=71,12=80,13=36)
[MCTS WIDTH BY DEPTH] depth=1 count=547 min=3 mean=8.57 median=9 p90=12 p95=12 max=13
[MCTS WIDTH COUNTS BY DEPTH] depth=1 counts=(3=44,4=27,5=30,6=43,7=41,8=55,9=64,10=66,11=72,12=80,13=25)
[MCTS WIDTH BY DEPTH] depth=2 count=535 min=3 mean=7.30 median=8 p90=11 p95=11 max=12
[MCTS WIDTH COUNTS BY DEPTH] depth=2 counts=(3=94,4=50,5=30,6=43,7=41,8=53,9=59,10=67,11=72,12=26)
[MCTS WIDTH BY DEPTH] depth=3-4 count=1023 min=3 mean=5.77 median=5 p90=9 p95=10 max=11
[MCTS WIDTH COUNTS BY DEPTH] depth=3-4 counts=(3=330,4=110,5=95,6=81,7=89,8=97,9=120,10=80,11=21)
[MCTS WIDTH BY DEPTH] depth=5-9 count=2188 min=3 mean=3.61 median=3 p90=5 p95=7 max=9
[MCTS WIDTH COUNTS BY DEPTH] depth=5-9 counts=(3=1569,4=289,5=116,6=88,7=75,8=47,9=4)
[MCTS WIDTH BY DEPTH] depth=10-19 count=2947 min=3 mean=3.13 median=3 p90=3 p95=4 max=6
[MCTS WIDTH COUNTS BY DEPTH] depth=10-19 counts=(3=2678,4=181,5=72,6=16)
[MCTS WIDTH BY DEPTH] depth=20-49 count=2145 min=3 mean=3.10 median=3 p90=3 p95=4 max=5
[MCTS WIDTH COUNTS BY DEPTH] depth=20-49 counts=(3=1950,4=172,5=23)
[MCTS DEPTH SUMMARY] selection_depths=(count=560 min=0 mean=17.39 median=15 p90=32 p95=34 max=43) horizon_cutoffs=(count=0)
[MCTS ACTION SUMMARY] selected_raw_policy_ranks=(count=8 min=1 mean=1.50 median=1 p90=3 p95=3 max=3) known_goal_decisions=0 infeasible_known_goal_decisions=0
[MCTS TIME SUMMARY] selection=0.369768s expansion=177.914345s successor_generation=67.748433s network_inference=108.947539s evaluation=49.363893s backpropagation=0.071379s
[2026-09-14 21:56:23,846] [INFO] [enhspwrapper.py:224] Deleted temp file: /tmp/domain_heuristic_bv8rk030.pddl
[2026-09-14 21:56:23,847] [INFO] [enhspwrapper.py:224] Deleted temp file: /tmp/instance_heuristic_zrxvto2k.pddl
[2026-09-14 21:56:23,847] [WARNING] [enhspwrapper.py:226] Failed to delete temp file /tmp/domain_heuristic_bv8rk030.pddl: [Errno 2] No such file or directory: '/tmp/domain_heuristic_bv8rk030.pddl'
[2026-09-14 21:56:23,847] [WARNING] [enhspwrapper.py:226] Failed to delete temp file /tmp/instance_heuristic_zrxvto2k.pddl: [Errno 2] No such file or directory: '/tmp/instance_heuristic_zrxvto2k.pddl'
[EVAL INSTANCE] completed number=13 path=../problems/numeric/mprime/instances/pfile21.pddl status=success elapsed=288.58s success=1.0 steps=8
[EVAL][PLAN] EASY       | pfile21.pddl | steps=8 | plan=['feast love flounder wurst', 'feast learning lemon wurst', 'drink snickers apple', 'overcome sciatica love wurst', 'drink marzipan wurst', 'feast love wurst snickers', 'feast love snickers apple', 'succumb sciatica love apple']
[EVAL INSTANCE] started number=15 path=../problems/numeric/mprime/instances/pfile23.pddl pid=2390090
mdpsim:../problems/numeric/mprime/domain.pddl:3: assuming `:typing' requirement
mdpsim:../problems/numeric/mprime/domain.pddl:15: assuming `:fluents' requirement
[EVAL|Easy|2390090] Setting C/Python/Numpy/TF seeds to 1510771793
Starting [EVAL|Easy|2390090] on instance [14] ../problems/numeric/mprime/instances/pfile23.pddl
Starting to parse mdpsim problem: mprime-x-23
Finished parsing mdpsim problem: mprime-x-23
[EVAL|Easy|2390090] ACTION POLICY INITIALIZED
[EVAL|Easy|2390090] policy_class = ArgmaxGoalChasePathDuplicatePenaltyPolicy
[EVAL|Easy|2390090] distance_threshold = inf
[EVAL|Easy|2390090] duplicate_penalty = 0.0
[EVAL|Easy|2390090] root_visit_tie_break = action_id
[2026-09-14 21:58:41,937] [INFO] [enhspwrapper.py:84] Created temporary domain file: /tmp/domain_heuristic_zq18k_a6.pddl
[2026-09-14 21:58:41,937] [INFO] [enhspwrapper.py:93] Created temporary instance file: /tmp/instance_heuristic_d868j7gy.pddl
[2026-09-14 21:58:43,278] [INFO] [enhspwrapper.py:51] Starting the heuristic server with config: hmrp-ha-gbfs
[EVAL|Easy|2389019] Setting C/Python/Numpy/TF seeds to 1510771792
Starting [EVAL|Easy|2389019] on instance [13] ../problems/numeric/mprime/instances/pfile22.pddl
Starting to parse mdpsim problem: mprime-x-22
Finished parsing mdpsim problem: mprime-x-22
[EVAL|Easy|2389019] ACTION POLICY INITIALIZED
[EVAL|Easy|2389019] policy_class = ArgmaxGoalChasePathDuplicatePenaltyPolicy
[EVAL|Easy|2389019] distance_threshold = inf
[EVAL|Easy|2389019] duplicate_penalty = 0.0
[EVAL|Easy|2389019] root_visit_tie_break = action_id
[2026-09-14 21:59:04,368] [INFO] [enhspwrapper.py:84] Created temporary domain file: /tmp/domain_heuristic_17jnh3ic.pddl
[2026-09-14 21:59:04,368] [INFO] [enhspwrapper.py:93] Created temporary instance file: /tmp/instance_heuristic_03hz1ira.pddl
[2026-09-14 21:59:06,803] [INFO] [enhspwrapper.py:51] Starting the heuristic server with config: hmrp-ha-gbfs
[MCTS SEARCH SUMMARY] progressive_widening=True iterations_per_search=70 search_calls=15 nodes=2482 peak_nodes=2482 widening_events=1050
[MCTS WIDTH SUMMARY] final_widths=(count=2482 min=0 mean=1.03 median=0 p90=3 p95=3 max=14) root_widths=(count=15 min=4 mean=10.07 median=10 p90=13 p95=14 max=14) widen_event_widths=(count=1050 min=3 mean=4.20 median=3 p90=8 p95=10 max=14) admitted_policy_ranks=(count=2556 min=1 mean=1.88 median=2 p90=3 p95=3 max=3)
[MCTS DISTRIBUTION] final_width_counts=(0=1729,3=704,4=8,5=2,6=1,7=2,8=2,9=6,10=10,11=9,12=5,13=3,14=1) node_visit_bins=(0=1454,1=267,2=39,3-4=65,5-8=126,9-16=199,17-32=208,33-64=82,65-128=3,129+=39) selection_depth_bins=(0=20,1=20,2=25,3-4=49,5-8=112,9-16=240,17-32=332,33-64=238,65-128=14)
[MCTS WIDTH BY DEPTH] depth=0 count=1049 min=3 mean=9.58 median=10 p90=13 p95=13 max=14
[MCTS WIDTH COUNTS BY DEPTH] depth=0 counts=(3=45,4=26,5=30,6=51,7=83,8=106,9=120,10=134,11=144,12=160,13=103,14=47)
[MCTS WIDTH BY DEPTH] depth=1 count=1029 min=3 mean=8.94 median=9 p90=12 p95=13 max=13
[MCTS WIDTH COUNTS BY DEPTH] depth=1 counts=(3=44,4=39,5=60,6=82,7=82,8=106,9=120,10=134,11=144,12=140,13=78)
[MCTS WIDTH BY DEPTH] depth=2 count=1004 min=3 mean=7.86 median=8 p90=11 p95=12 max=12
[MCTS WIDTH COUNTS BY DEPTH] depth=2 counts=(3=126,4=54,5=60,6=82,7=82,8=106,9=121,10=169,11=145,12=59)
[MCTS WIDTH BY DEPTH] depth=3-4 count=1934 min=3 mean=6.93 median=7 p90=11 p95=11 max=12
[MCTS WIDTH COUNTS BY DEPTH] depth=3-4 counts=(3=411,4=123,5=128,6=164,7=179,8=220,9=293,10=215,11=165,12=36)
[MCTS WIDTH BY DEPTH] depth=5-9 count=4331 min=3 mean=5.54 median=5 p90=10 p95=11 max=12
[MCTS WIDTH COUNTS BY DEPTH] depth=5-9 counts=(3=1863,4=285,5=304,6=324,7=343,8=330,9=297,10=339,11=243,12=3)
[MCTS WIDTH BY DEPTH] depth=10-19 count=6373 min=3 mean=5.09 median=3 p90=9 p95=10 max=11
[MCTS WIDTH COUNTS BY DEPTH] depth=10-19 counts=(3=3335,4=290,5=327,6=402,7=453,8=530,9=605,10=398,11=33)
[MCTS WIDTH BY DEPTH] depth=20-49 count=7235 min=3 mean=3.72 median=3 p90=6 p95=8 max=9
[MCTS WIDTH COUNTS BY DEPTH] depth=20-49 counts=(3=5645,4=272,5=300,6=329,7=285,8=244,9=160)
[MCTS WIDTH BY DEPTH] depth=50-99 count=563 min=3 mean=3.00 median=3 p90=3 p95=3 max=3
[MCTS WIDTH COUNTS BY DEPTH] depth=50-99 counts=(3=563)
[MCTS DEPTH SUMMARY] selection_depths=(count=1050 min=0 mean=22.12 median=19 p90=45 p95=52 max=72) horizon_cutoffs=(count=0)
[MCTS ACTION SUMMARY] selected_raw_policy_ranks=(count=15 min=1 mean=1.20 median=1 p90=1 p95=4 max=4) known_goal_decisions=0 infeasible_known_goal_decisions=0
[MCTS TIME SUMMARY] selection=0.729888s expansion=264.876892s successor_generation=115.892516s network_inference=146.641166s evaluation=84.893075s backpropagation=0.129100s
[2026-09-14 22:03:30,198] [INFO] [enhspwrapper.py:224] Deleted temp file: /tmp/domain_heuristic_zq18k_a6.pddl
[2026-09-14 22:03:30,198] [INFO] [enhspwrapper.py:224] Deleted temp file: /tmp/instance_heuristic_d868j7gy.pddl
[2026-09-14 22:03:30,198] [WARNING] [enhspwrapper.py:226] Failed to delete temp file /tmp/domain_heuristic_zq18k_a6.pddl: [Errno 2] No such file or directory: '/tmp/domain_heuristic_zq18k_a6.pddl'
[2026-09-14 22:03:30,198] [WARNING] [enhspwrapper.py:226] Failed to delete temp file /tmp/instance_heuristic_d868j7gy.pddl: [Errno 2] No such file or directory: '/tmp/instance_heuristic_d868j7gy.pddl'
[EVAL INSTANCE] completed number=15 path=../problems/numeric/mprime/instances/pfile23.pddl status=success elapsed=426.23s success=1.0 steps=15
[EVAL][PLAN] EASY       | pfile23.pddl | steps=15 | plan=['feast intoxication onion apple', 'overcome laceration intoxication apple', 'feast intoxication apple onion', 'drink grapefruit hotdog', 'drink beef onion', 'feast intoxication onion pistachio', 'succumb laceration intoxication pistachio', 'overcome laceration intoxication pistachio', 'feast intoxication pistachio onion', 'drink okra onion', 'feast intoxication onion flounder', 'feast intoxication flounder lamb', 'feast intoxication lamb hotdog', 'feast intoxication hotdog chicken', 'succumb laceration intoxication chicken']
[EVAL INSTANCE] started number=16 path=../problems/numeric/mprime/instances/pfile24.pddl pid=2394451
mdpsim:../problems/numeric/mprime/domain.pddl:3: assuming `:typing' requirement
mdpsim:../problems/numeric/mprime/domain.pddl:15: assuming `:fluents' requirement
[EVAL|Easy|2394451] Setting C/Python/Numpy/TF seeds to 1510771794
Starting [EVAL|Easy|2394451] on instance [15] ../problems/numeric/mprime/instances/pfile24.pddl
Starting to parse mdpsim problem: mprime-x-24
Finished parsing mdpsim problem: mprime-x-24
[EVAL|Easy|2394451] ACTION POLICY INITIALIZED
[EVAL|Easy|2394451] policy_class = ArgmaxGoalChasePathDuplicatePenaltyPolicy
[EVAL|Easy|2394451] distance_threshold = inf
[EVAL|Easy|2394451] duplicate_penalty = 0.0
[EVAL|Easy|2394451] root_visit_tie_break = action_id
[2026-09-14 22:05:21,774] [INFO] [enhspwrapper.py:84] Created temporary domain file: /tmp/domain_heuristic_a3fphtlq.pddl
[2026-09-14 22:05:21,775] [INFO] [enhspwrapper.py:93] Created temporary instance file: /tmp/instance_heuristic_ap_av1dz.pddl
[2026-09-14 22:05:23,045] [INFO] [enhspwrapper.py:51] Starting the heuristic server with config: hmrp-ha-gbfs
[MCTS SEARCH SUMMARY] progressive_widening=True iterations_per_search=70 search_calls=41 nodes=5958 peak_nodes=5958 widening_events=2864
[MCTS WIDTH SUMMARY] final_widths=(count=5958 min=0 mean=1.17 median=0 p90=3 p95=3 max=20) root_widths=(count=41 min=4 mean=14.15 median=13 p90=20 p95=20 max=20) widen_event_widths=(count=2864 min=3 mean=4.46 median=3 p90=9 p95=13 max=20) admitted_policy_ranks=(count=7000 min=1 mean=1.89 median=2 p90=3 p95=3 max=3)
[MCTS DISTRIBUTION] final_width_counts=(0=3890,3=1845,4=114,5=44,6=9,7=8,8=8,9=6,10=2,11=1,12=6,13=2,15=1,16=3,17=2,18=1,19=3,20=13) node_visit_bins=(0=3369,1=513,2=148,3-4=252,5-8=299,9-16=403,17-32=491,33-64=359,65-128=68,129+=56) selection_depth_bins=(0=37,1=48,2=64,3-4=149,5-8=282,9-16=491,17-32=981,33-64=695,65-128=123)
[MCTS WIDTH BY DEPTH] depth=0 count=2869 min=3 mean=13.74 median=13 p90=20 p95=20 max=20
[MCTS WIDTH COUNTS BY DEPTH] depth=0 counts=(3=45,4=29,5=30,6=101,7=239,8=267,9=175,10=89,11=222,12=195,13=77,15=13,16=162,17=127,18=173,19=190,20=735)
[MCTS WIDTH BY DEPTH] depth=1 count=2817 min=3 mean=13.20 median=15 p90=20 p95=20 max=20
[MCTS WIDTH COUNTS BY DEPTH] depth=1 counts=(3=158,4=63,5=81,6=220,7=196,8=134,9=169,10=120,11=136,12=77,15=152,16=105,17=130,18=180,19=187,20=709)
[MCTS WIDTH BY DEPTH] depth=2 count=2761 min=3 mean=12.03 median=14 p90=20 p95=20 max=20
[MCTS WIDTH COUNTS BY DEPTH] depth=2 counts=(3=346,4=187,5=253,6=99,7=107,8=76,9=113,10=55,11=125,12=18,14=114,15=118,16=118,17=145,18=145,19=104,20=638)
[MCTS WIDTH BY DEPTH] depth=3-4 count=5297 min=3 mean=11.47 median=12 p90=20 p95=20 max=20
[MCTS WIDTH COUNTS BY DEPTH] depth=3-4 counts=(3=993,4=312,5=309,6=259,7=203,8=176,9=159,10=180,11=45,12=29,13=174,14=221,15=208,16=278,17=263,18=215,19=181,20=1092)
[MCTS WIDTH BY DEPTH] depth=5-9 count=11964 min=3 mean=10.22 median=10 p90=19 p95=20 max=20
[MCTS WIDTH COUNTS BY DEPTH] depth=5-9 counts=(3=3159,4=798,5=505,6=452,7=430,8=306,9=288,10=278,11=238,12=512,13=524,14=505,15=518,16=480,17=525,18=754,19=866,20=826)
[MCTS WIDTH BY DEPTH] depth=10-19 count=19118 min=3 mean=7.34 median=4 p90=15 p95=16 max=20
[MCTS WIDTH COUNTS BY DEPTH] depth=10-19 counts=(3=8624,4=1161,5=552,6=484,7=488,8=502,9=527,10=700,11=915,12=817,13=895,14=982,15=913,16=728,17=584,18=229,19=13,20=4)
[MCTS WIDTH BY DEPTH] depth=20-49 count=24085 min=3 mean=3.92 median=3 p90=7 p95=9 max=14
[MCTS WIDTH COUNTS BY DEPTH] depth=20-49 counts=(3=18779,4=1297,5=596,6=553,7=533,8=563,9=566,10=496,11=300,12=252,13=132,14=18)
[MCTS WIDTH BY DEPTH] depth=50-99 count=3880 min=3 mean=3.01 median=3 p90=3 p95=3 max=5
[MCTS WIDTH COUNTS BY DEPTH] depth=50-99 counts=(3=3846,4=33,5=1)
[MCTS DEPTH SUMMARY] selection_depths=(count=2870 min=0 mean=25.08 median=22 p90=52 p95=63 max=89) horizon_cutoffs=(count=0)
[MCTS ACTION SUMMARY] selected_raw_policy_ranks=(count=41 min=1 mean=1.66 median=1 p90=2 p95=4 max=7) known_goal_decisions=0 infeasible_known_goal_decisions=0
[MCTS TIME SUMMARY] selection=3.282318s expansion=743.843425s successor_generation=559.236899s network_inference=178.257384s evaluation=274.516637s backpropagation=0.516931s
[2026-09-14 22:21:33,533] [INFO] [enhspwrapper.py:224] Deleted temp file: /tmp/domain_heuristic_a3fphtlq.pddl
[2026-09-14 22:21:33,533] [INFO] [enhspwrapper.py:224] Deleted temp file: /tmp/instance_heuristic_ap_av1dz.pddl
[2026-09-14 22:21:33,533] [WARNING] [enhspwrapper.py:226] Failed to delete temp file /tmp/domain_heuristic_a3fphtlq.pddl: [Errno 2] No such file or directory: '/tmp/domain_heuristic_a3fphtlq.pddl'
[2026-09-14 22:21:33,533] [WARNING] [enhspwrapper.py:226] Failed to delete temp file /tmp/instance_heuristic_ap_av1dz.pddl: [Errno 2] No such file or directory: '/tmp/instance_heuristic_ap_av1dz.pddl'
[EVAL INSTANCE] completed number=16 path=../problems/numeric/mprime/instances/pfile24.pddl status=success elapsed=1083.34s success=1.0 steps=41
[EVAL][PLAN] EASY       | pfile24.pddl | steps=41 | plan=['feast curiosity muffin apple', 'overcome anger-12 curiosity apple', 'feast satiety bacon lettuce', 'feast satiety lettuce cherry', 'succumb anger-12 curiosity apple', 'drink muffin cherry', 'overcome anger-12 curiosity apple', 'feast satiety cherry chicken', 'feast satiety chicken cherry', 'drink muffin cherry', 'succumb anger-12 curiosity apple', 'feast satiety cherry lettuce', 'feast satiety lettuce cherry', 'drink wurst cherry', 'overcome anger-12 curiosity apple', 'feast achievement cherry chicken', 'feast achievement chicken cherry', 'drink orange cherry', 'feast achievement cherry lettuce', 'feast achievement lettuce cherry', 'drink melon cherry', 'drink potato chicken', 'feast achievement cherry chicken', 'feast achievement chicken cherry', 'drink orange cherry', 'feast achievement cherry chicken', 'succumb anger-12 curiosity apple', 'drink orange chicken', 'feast achievement chicken cherry', 'overcome anger-12 curiosity apple', 'drink melon apple', 'feast curiosity apple muffin', 'drink potato cherry', 'feast satiety cherry chicken', 'overcome anger curiosity muffin', 'drink pepper muffin', 'feast curiosity muffin tofu', 'succumb anger curiosity tofu', 'drink potato tofu', 'feast curiosity tofu cherry', 'succumb anger-12 curiosity cherry']
[EVAL INSTANCE] started number=17 path=../problems/numeric/mprime/instances/pfile25.pddl pid=2405773
mdpsim:../problems/numeric/mprime/domain.pddl:3: assuming `:typing' requirement
mdpsim:../problems/numeric/mprime/domain.pddl:15: assuming `:fluents' requirement
[EVAL|Easy|2405773] Setting C/Python/Numpy/TF seeds to 1510771795
Starting [EVAL|Easy|2405773] on instance [16] ../problems/numeric/mprime/instances/pfile25.pddl
Starting to parse mdpsim problem: mprime-x-25
Finished parsing mdpsim problem: mprime-x-25
[EVAL|Easy|2405773] ACTION POLICY INITIALIZED
[EVAL|Easy|2405773] policy_class = ArgmaxGoalChasePathDuplicatePenaltyPolicy
[EVAL|Easy|2405773] distance_threshold = inf
[EVAL|Easy|2405773] duplicate_penalty = 0.0
[EVAL|Easy|2405773] root_visit_tie_break = action_id
[2026-09-14 22:21:52,072] [INFO] [enhspwrapper.py:84] Created temporary domain file: /tmp/domain_heuristic_n7qksnli.pddl
[2026-09-14 22:21:52,073] [INFO] [enhspwrapper.py:93] Created temporary instance file: /tmp/instance_heuristic_0prvbtyh.pddl
[2026-09-14 22:21:52,425] [INFO] [enhspwrapper.py:51] Starting the heuristic server with config: hmrp-ha-gbfs
[MCTS SEARCH SUMMARY] progressive_widening=True iterations_per_search=70 search_calls=4 nodes=250 peak_nodes=250 widening_events=135
[MCTS WIDTH SUMMARY] final_widths=(count=250 min=0 mean=1.23 median=0 p90=3 p95=5 max=9) root_widths=(count=4 min=4 mean=7.00 median=7 p90=9 p95=9 max=9) widen_event_widths=(count=135 min=2 mean=3.80 median=3 p90=6 p95=7 max=9) admitted_policy_ranks=(count=308 min=1 mean=1.84 median=2 p90=3 p95=3 max=3)
[MCTS DISTRIBUTION] final_width_counts=(0=162,2=3,3=68,4=4,5=6,6=2,7=2,8=1,9=2) node_visit_bins=(0=135,1=28,2=4,3-4=7,5-8=13,9-16=16,17-32=6,33-64=25,65-128=11,129+=5) selection_depth_bins=(0=8,1=7,2=8,3-4=23,5-8=43,9-16=155,17-32=36)
[MCTS WIDTH BY DEPTH] depth=0 count=279 min=3 mean=6.20 median=6 p90=9 p95=9 max=9
[MCTS WIDTH COUNTS BY DEPTH] depth=0 counts=(3=45,4=26,5=30,6=41,7=42,8=53,9=42)
[MCTS WIDTH BY DEPTH] depth=1 count=271 min=3 mean=6.13 median=6 p90=9 p95=9 max=9
[MCTS WIDTH COUNTS BY DEPTH] depth=1 counts=(3=44,4=27,5=30,6=41,7=41,8=53,9=35)
[MCTS WIDTH BY DEPTH] depth=2 count=264 min=3 mean=5.42 median=6 p90=7 p95=7 max=8
[MCTS WIDTH COUNTS BY DEPTH] depth=2 counts=(3=44,4=27,5=48,6=78,7=54,8=13)
[MCTS WIDTH BY DEPTH] depth=3-4 count=493 min=3 mean=4.04 median=4 p90=6 p95=6 max=6
[MCTS WIDTH COUNTS BY DEPTH] depth=3-4 counts=(3=208,4=110,5=124,6=51)
[MCTS WIDTH BY DEPTH] depth=5-9 count=1017 min=3 mean=3.23 median=3 p90=4 p95=4 max=5
[MCTS WIDTH COUNTS BY DEPTH] depth=5-9 counts=(3=831,4=140,5=46)
[MCTS WIDTH BY DEPTH] depth=10-19 count=967 min=2 mean=2.95 median=3 p90=3 p95=4 max=5
[MCTS WIDTH COUNTS BY DEPTH] depth=10-19 counts=(2=145,3=748,4=55,5=19)
[MCTS DEPTH SUMMARY] selection_depths=(count=280 min=0 mean=11.07 median=12 p90=19 p95=19 max=19) horizon_cutoffs=(count=0)
[MCTS ACTION SUMMARY] selected_raw_policy_ranks=(count=4 min=1 mean=1.00 median=1 p90=1 p95=1 max=1) known_goal_decisions=0 infeasible_known_goal_decisions=0
[MCTS TIME SUMMARY] selection=0.098123s expansion=10.258604s successor_generation=0.296865s network_inference=9.904305s evaluation=0.776234s backpropagation=0.018978s
[2026-09-14 22:21:58,286] [INFO] [enhspwrapper.py:224] Deleted temp file: /tmp/domain_heuristic_n7qksnli.pddl
[2026-09-14 22:21:58,287] [INFO] [enhspwrapper.py:224] Deleted temp file: /tmp/instance_heuristic_0prvbtyh.pddl
[2026-09-14 22:21:58,287] [WARNING] [enhspwrapper.py:226] Failed to delete temp file /tmp/domain_heuristic_n7qksnli.pddl: [Errno 2] No such file or directory: '/tmp/domain_heuristic_n7qksnli.pddl'
[2026-09-14 22:21:58,287] [WARNING] [enhspwrapper.py:226] Failed to delete temp file /tmp/instance_heuristic_0prvbtyh.pddl: [Errno 2] No such file or directory: '/tmp/instance_heuristic_0prvbtyh.pddl'
[EVAL INSTANCE] completed number=17 path=../problems/numeric/mprime/instances/pfile25.pddl status=success elapsed=24.30s success=1.0 steps=4
[EVAL][PLAN] EASY       | pfile25.pddl | steps=4 | plan=['feast expectation tuna wurst', 'overcome depression expectation wurst', 'feast expectation wurst chicken', 'succumb depression expectation chicken']
[EVAL INSTANCE] started number=18 path=../problems/numeric/mprime/instances/pfile26.pddl pid=2406105
mdpsim:../problems/numeric/mprime/domain.pddl:3: assuming `:typing' requirement
mdpsim:../problems/numeric/mprime/domain.pddl:15: assuming `:fluents' requirement
[EVAL|Easy|2406105] Setting C/Python/Numpy/TF seeds to 1510771796
Starting [EVAL|Easy|2406105] on instance [17] ../problems/numeric/mprime/instances/pfile26.pddl
Starting to parse mdpsim problem: mprime-x-26
Finished parsing mdpsim problem: mprime-x-26
[EVAL|Easy|2406105] ACTION POLICY INITIALIZED
[EVAL|Easy|2406105] policy_class = ArgmaxGoalChasePathDuplicatePenaltyPolicy
[EVAL|Easy|2406105] distance_threshold = inf
[EVAL|Easy|2406105] duplicate_penalty = 0.0
[EVAL|Easy|2406105] root_visit_tie_break = action_id
[2026-09-14 22:22:21,928] [INFO] [enhspwrapper.py:84] Created temporary domain file: /tmp/domain_heuristic_w_7b36r0.pddl
[2026-09-14 22:22:21,928] [INFO] [enhspwrapper.py:93] Created temporary instance file: /tmp/instance_heuristic_g4mz55lx.pddl
[2026-09-14 22:22:22,541] [INFO] [enhspwrapper.py:51] Starting the heuristic server with config: hmrp-ha-gbfs
[MCTS SEARCH SUMMARY] progressive_widening=True iterations_per_search=70 search_calls=8 nodes=1214 peak_nodes=1214 widening_events=560
[MCTS WIDTH SUMMARY] final_widths=(count=1214 min=0 mean=1.18 median=0 p90=3 p95=3 max=10) root_widths=(count=8 min=4 mean=7.12 median=7 p90=9 p95=9 max=9) widen_event_widths=(count=560 min=3 mean=3.57 median=3 p90=5 p95=7 max=10) admitted_policy_ranks=(count=1430 min=1 mean=1.91 median=2 p90=3 p95=3 max=3)
[MCTS DISTRIBUTION] final_width_counts=(0=779,3=382,4=30,5=7,6=5,7=2,8=2,9=1,10=6) node_visit_bins=(0=696,1=84,2=20,3-4=45,5-8=75,9-16=93,17-32=87,33-64=86,65-128=17,129+=11) selection_depth_bins=(0=15,1=14,2=15,3-4=32,5-8=68,9-16=150,17-32=156,33-64=110)
[MCTS WIDTH BY DEPTH] depth=0 count=559 min=3 mean=6.25 median=7 p90=9 p95=9 max=9
[MCTS WIDTH COUNTS BY DEPTH] depth=0 counts=(3=87,4=51,5=62,6=79,7=87,8=99,9=94)
[MCTS WIDTH BY DEPTH] depth=1 count=544 min=3 mean=6.31 median=6 p90=10 p95=10 max=10
[MCTS WIDTH COUNTS BY DEPTH] depth=1 counts=(3=86,4=54,5=61,6=82,7=82,8=79,9=42,10=58)
[MCTS WIDTH BY DEPTH] depth=2 count=527 min=3 mean=5.88 median=6 p90=9 p95=10 max=10
[MCTS WIDTH COUNTS BY DEPTH] depth=2 counts=(3=117,4=54,5=71,6=99,7=41,8=53,9=46,10=46)
[MCTS WIDTH BY DEPTH] depth=3-4 count=1005 min=3 mean=5.51 median=5 p90=9 p95=10 max=10
[MCTS WIDTH COUNTS BY DEPTH] depth=3-4 counts=(3=336,4=108,5=109,6=104,7=87,8=101,9=92,10=68)
[MCTS WIDTH BY DEPTH] depth=5-9 count=2200 min=3 mean=4.11 median=3 p90=7 p95=9 max=10
[MCTS WIDTH COUNTS BY DEPTH] depth=5-9 counts=(3=1291,4=348,5=199,6=106,7=77,8=47,9=96,10=36)
[MCTS WIDTH BY DEPTH] depth=10-19 count=2945 min=3 mean=3.15 median=3 p90=4 p95=4 max=6
[MCTS WIDTH COUNTS BY DEPTH] depth=10-19 counts=(3=2610,4=255,5=57,6=23)
[MCTS WIDTH BY DEPTH] depth=20-49 count=3001 min=3 mean=3.01 median=3 p90=3 p95=3 max=4
[MCTS WIDTH COUNTS BY DEPTH] depth=20-49 counts=(3=2977,4=24)
[MCTS WIDTH BY DEPTH] depth=50-99 count=96 min=3 mean=3.00 median=3 p90=3 p95=3 max=3
[MCTS WIDTH COUNTS BY DEPTH] depth=50-99 counts=(3=96)
[MCTS DEPTH SUMMARY] selection_depths=(count=560 min=0 mean=19.20 median=16 p90=41 p95=48 max=60) horizon_cutoffs=(count=0)
[MCTS ACTION SUMMARY] selected_raw_policy_ranks=(count=8 min=1 mean=1.25 median=1 p90=2 p95=2 max=2) known_goal_decisions=0 infeasible_known_goal_decisions=0
[MCTS TIME SUMMARY] selection=0.350276s expansion=37.673163s successor_generation=12.468128s network_inference=24.802766s evaluation=3.969022s backpropagation=0.081944s
[2026-09-14 22:22:54,859] [INFO] [enhspwrapper.py:224] Deleted temp file: /tmp/domain_heuristic_w_7b36r0.pddl
[2026-09-14 22:22:54,860] [INFO] [enhspwrapper.py:224] Deleted temp file: /tmp/instance_heuristic_g4mz55lx.pddl
[2026-09-14 22:22:54,860] [WARNING] [enhspwrapper.py:226] Failed to delete temp file /tmp/domain_heuristic_w_7b36r0.pddl: [Errno 2] No such file or directory: '/tmp/domain_heuristic_w_7b36r0.pddl'
[2026-09-14 22:22:54,860] [WARNING] [enhspwrapper.py:226] Failed to delete temp file /tmp/instance_heuristic_g4mz55lx.pddl: [Errno 2] No such file or directory: '/tmp/instance_heuristic_g4mz55lx.pddl'
[EVAL INSTANCE] completed number=18 path=../problems/numeric/mprime/instances/pfile26.pddl status=success elapsed=56.61s success=1.0 steps=8
[EVAL][PLAN] EASY       | pfile26.pddl | steps=8 | plan=['overcome boils entertainment haroset', 'feast entertainment haroset marzipan', 'succumb boils entertainment marzipan', 'overcome boils entertainment marzipan', 'drink snickers marzipan', 'feast entertainment marzipan turkey', 'feast entertainment turkey papaya', 'succumb boils entertainment papaya']
[EVAL INSTANCE] started number=19 path=../problems/numeric/mprime/instances/pfile27.pddl pid=2407113
mdpsim:../problems/numeric/mprime/domain.pddl:3: assuming `:typing' requirement
mdpsim:../problems/numeric/mprime/domain.pddl:15: assuming `:fluents' requirement
[EVAL|Easy|2407113] Setting C/Python/Numpy/TF seeds to 1510771797
Starting [EVAL|Easy|2407113] on instance [18] ../problems/numeric/mprime/instances/pfile27.pddl
Starting to parse mdpsim problem: mprime-x-27
Finished parsing mdpsim problem: mprime-x-27
[EVAL|Easy|2407113] ACTION POLICY INITIALIZED
[EVAL|Easy|2407113] policy_class = ArgmaxGoalChasePathDuplicatePenaltyPolicy
[EVAL|Easy|2407113] distance_threshold = inf
[EVAL|Easy|2407113] duplicate_penalty = 0.0
[EVAL|Easy|2407113] root_visit_tie_break = action_id
[2026-09-14 22:23:15,394] [INFO] [enhspwrapper.py:84] Created temporary domain file: /tmp/domain_heuristic_22xddn4n.pddl
[2026-09-14 22:23:15,394] [INFO] [enhspwrapper.py:93] Created temporary instance file: /tmp/instance_heuristic_r0cvh69p.pddl
[2026-09-14 22:23:15,851] [INFO] [enhspwrapper.py:51] Starting the heuristic server with config: hmrp-ha-gbfs
[MCTS SEARCH SUMMARY] progressive_widening=True iterations_per_search=70 search_calls=5 nodes=622 peak_nodes=622 widening_events=350
[MCTS WIDTH SUMMARY] final_widths=(count=622 min=0 mean=1.52 median=0 p90=3 p95=3 max=9) root_widths=(count=5 min=4 mean=7.40 median=8 p90=9 p95=9 max=9) widen_event_widths=(count=350 min=3 mean=3.34 median=3 p90=4 p95=6 max=9) admitted_policy_ranks=(count=948 min=1 mean=1.95 median=2 p90=3 p95=3 max=3)
[MCTS DISTRIBUTION] final_width_counts=(0=323,3=277,4=11,5=5,6=1,7=1,8=1,9=3) node_visit_bins=(0=284,1=56,2=18,3-4=42,5-8=57,9-16=59,17-32=58,33-64=35,65-128=8,129+=5) selection_depth_bins=(0=10,1=9,2=8,3-4=25,5-8=67,9-16=97,17-32=109,33-64=25)
[MCTS WIDTH BY DEPTH] depth=0 count=349 min=3 mean=6.62 median=7 p90=9 p95=9 max=9
[MCTS WIDTH COUNTS BY DEPTH] depth=0 counts=(3=45,4=26,5=30,6=41,7=44,8=100,9=63)
[MCTS WIDTH BY DEPTH] depth=1 count=339 min=3 mean=4.74 median=4 p90=7 p95=8 max=9
[MCTS WIDTH COUNTS BY DEPTH] depth=1 counts=(3=109,4=71,5=52,6=41,7=42,8=19,9=5)
[MCTS WIDTH BY DEPTH] depth=2 count=329 min=3 mean=5.28 median=5 p90=8 p95=9 max=9
[MCTS WIDTH COUNTS BY DEPTH] depth=2 counts=(3=103,4=43,5=33,6=53,7=31,8=39,9=27)
[MCTS WIDTH BY DEPTH] depth=3-4 count=621 min=3 mean=3.98 median=3 p90=6 p95=7 max=9
[MCTS WIDTH COUNTS BY DEPTH] depth=3-4 counts=(3=368,4=79,5=65,6=51,7=48,8=8,9=2)
[MCTS WIDTH BY DEPTH] depth=5-9 count=1267 min=3 mean=3.24 median=3 p90=4 p95=5 max=5
[MCTS WIDTH COUNTS BY DEPTH] depth=5-9 counts=(3=1034,4=161,5=72)
[MCTS WIDTH BY DEPTH] depth=10-19 count=1548 min=3 mean=3.02 median=3 p90=3 p95=3 max=4
[MCTS WIDTH COUNTS BY DEPTH] depth=10-19 counts=(3=1513,4=35)
[MCTS WIDTH BY DEPTH] depth=20-49 count=933 min=3 mean=3.00 median=3 p90=3 p95=3 max=3
[MCTS WIDTH COUNTS BY DEPTH] depth=20-49 counts=(3=933)
[MCTS DEPTH SUMMARY] selection_depths=(count=350 min=0 mean=15.24 median=13 p90=30 p95=38 max=44) horizon_cutoffs=(count=0)
[MCTS ACTION SUMMARY] selected_raw_policy_ranks=(count=5 min=1 mean=1.00 median=1 p90=1 p95=1 max=1) known_goal_decisions=0 infeasible_known_goal_decisions=0
[MCTS TIME SUMMARY] selection=0.203358s expansion=22.487036s successor_generation=3.639777s network_inference=18.672179s evaluation=3.325982s backpropagation=0.048376s
[2026-09-14 22:23:33,462] [INFO] [enhspwrapper.py:224] Deleted temp file: /tmp/domain_heuristic_22xddn4n.pddl
[2026-09-14 22:23:33,462] [INFO] [enhspwrapper.py:224] Deleted temp file: /tmp/instance_heuristic_r0cvh69p.pddl
[2026-09-14 22:23:33,462] [WARNING] [enhspwrapper.py:226] Failed to delete temp file /tmp/domain_heuristic_22xddn4n.pddl: [Errno 2] No such file or directory: '/tmp/domain_heuristic_22xddn4n.pddl'
[2026-09-14 22:23:33,462] [WARNING] [enhspwrapper.py:226] Failed to delete temp file /tmp/instance_heuristic_r0cvh69p.pddl: [Errno 2] No such file or directory: '/tmp/instance_heuristic_r0cvh69p.pddl'
[EVAL INSTANCE] completed number=19 path=../problems/numeric/mprime/instances/pfile27.pddl status=success elapsed=38.59s success=1.0 steps=5
[EVAL][PLAN] EASY       | pfile27.pddl | steps=5 | plan=['overcome boils satisfaction scallion', 'overcome grief satisfaction scallion', 'feast satisfaction scallion guava', 'succumb boils satisfaction guava', 'succumb grief satisfaction guava']
[EVAL INSTANCE] started number=20 path=../problems/numeric/mprime/instances/pfile28.pddl pid=2407220
mdpsim:../problems/numeric/mprime/domain.pddl:3: assuming `:typing' requirement
mdpsim:../problems/numeric/mprime/domain.pddl:15: assuming `:fluents' requirement
[EVAL|Easy|2407220] Setting C/Python/Numpy/TF seeds to 1510771798
Starting [EVAL|Easy|2407220] on instance [19] ../problems/numeric/mprime/instances/pfile28.pddl
Starting to parse mdpsim problem: mprime-x-28
Finished parsing mdpsim problem: mprime-x-28
[EVAL|Easy|2407220] ACTION POLICY INITIALIZED
[EVAL|Easy|2407220] policy_class = ArgmaxGoalChasePathDuplicatePenaltyPolicy
[EVAL|Easy|2407220] distance_threshold = inf
[EVAL|Easy|2407220] duplicate_penalty = 0.0
[EVAL|Easy|2407220] root_visit_tie_break = action_id
[2026-09-14 22:23:48,304] [INFO] [enhspwrapper.py:84] Created temporary domain file: /tmp/domain_heuristic_238jf_6g.pddl
[2026-09-14 22:23:48,304] [INFO] [enhspwrapper.py:93] Created temporary instance file: /tmp/instance_heuristic_42x5ohxu.pddl
[2026-09-14 22:23:48,722] [INFO] [enhspwrapper.py:51] Starting the heuristic server with config: hmrp-ha-gbfs
[MCTS SEARCH SUMMARY] progressive_widening=True iterations_per_search=70 search_calls=12 nodes=1340 peak_nodes=1340 widening_events=667
[MCTS WIDTH SUMMARY] final_widths=(count=1340 min=0 mean=1.19 median=0 p90=3 p95=3 max=16) root_widths=(count=12 min=4 mean=11.17 median=11 p90=15 p95=16 max=16) widen_event_widths=(count=667 min=2 mean=4.26 median=3 p90=8 p95=11 max=16) admitted_policy_ranks=(count=1588 min=1 mean=1.87 median=2 p90=3 p95=3 max=3)
[MCTS DISTRIBUTION] final_width_counts=(0=876,2=7,3=397,4=31,5=10,6=2,7=1,8=2,9=2,10=3,11=1,12=1,13=1,14=2,15=2,16=2) node_visit_bins=(0=737,1=135,2=21,3-4=40,5-8=70,9-16=72,17-32=120,33-64=111,65-128=17,129+=17) selection_depth_bins=(0=16,1=14,2=18,3-4=35,5-8=86,9-16=228,17-32=292,33-64=151)
[MCTS WIDTH BY DEPTH] depth=0 count=839 min=3 mean=10.62 median=11 p90=15 p95=15 max=16
[MCTS WIDTH COUNTS BY DEPTH] depth=0 counts=(3=45,4=26,5=30,6=41,7=42,8=53,9=60,10=67,11=74,12=80,13=86,14=102,15=103,16=30)
[MCTS WIDTH BY DEPTH] depth=1 count=823 min=3 mean=10.52 median=11 p90=15 p95=15 max=16
[MCTS WIDTH COUNTS BY DEPTH] depth=1 counts=(3=44,4=27,5=30,6=41,7=41,8=53,9=60,10=69,11=72,12=80,13=86,14=104,15=100,16=16)
[MCTS WIDTH BY DEPTH] depth=2 count=806 min=3 mean=10.06 median=11 p90=14 p95=14 max=15
[MCTS WIDTH COUNTS BY DEPTH] depth=2 counts=(3=59,4=27,5=30,6=41,7=41,8=53,9=60,10=67,11=72,12=80,13=142,14=100,15=34)
[MCTS WIDTH BY DEPTH] depth=3-4 count=1563 min=3 mean=8.71 median=10 p90=13 p95=13 max=14
[MCTS WIDTH COUNTS BY DEPTH] depth=3-4 counts=(3=232,4=93,5=60,6=82,7=87,8=101,9=120,10=147,11=175,12=243,13=177,14=46)
[MCTS WIDTH BY DEPTH] depth=5-9 count=3534 min=3 mean=6.37 median=6 p90=10 p95=11 max=12
[MCTS WIDTH COUNTS BY DEPTH] depth=5-9 counts=(3=892,4=210,5=317,6=370,7=435,8=424,9=388,10=274,11=166,12=58)
[MCTS WIDTH BY DEPTH] depth=10-19 count=4923 min=3 mean=3.27 median=3 p90=4 p95=5 max=7
[MCTS WIDTH COUNTS BY DEPTH] depth=10-19 counts=(3=4035,4=555,5=253,6=69,7=11)
[MCTS WIDTH BY DEPTH] depth=20-49 count=4336 min=0 mean=2.95 median=3 p90=3 p95=3 max=5
[MCTS WIDTH COUNTS BY DEPTH] depth=20-49 counts=(0=37,2=128,3=4129,4=41,5=1)
[MCTS DEPTH SUMMARY] selection_depths=(count=840 min=0 mean=19.58 median=18 p90=35 p95=38 max=44) horizon_cutoffs=(count=0)
[MCTS ACTION SUMMARY] selected_raw_policy_ranks=(count=12 min=1 mean=1.00 median=1 p90=1 p95=1 max=1) known_goal_decisions=0 infeasible_known_goal_decisions=0
[MCTS TIME SUMMARY] selection=0.734101s expansion=19.541072s successor_generation=2.858355s network_inference=16.405941s evaluation=1.590450s backpropagation=0.119113s
[2026-09-14 22:24:05,155] [INFO] [enhspwrapper.py:224] Deleted temp file: /tmp/domain_heuristic_238jf_6g.pddl
[2026-09-14 22:24:05,155] [INFO] [enhspwrapper.py:224] Deleted temp file: /tmp/instance_heuristic_42x5ohxu.pddl
[2026-09-14 22:24:05,155] [WARNING] [enhspwrapper.py:226] Failed to delete temp file /tmp/domain_heuristic_238jf_6g.pddl: [Errno 2] No such file or directory: '/tmp/domain_heuristic_238jf_6g.pddl'
[2026-09-14 22:24:05,156] [WARNING] [enhspwrapper.py:226] Failed to delete temp file /tmp/instance_heuristic_42x5ohxu.pddl: [Errno 2] No such file or directory: '/tmp/instance_heuristic_42x5ohxu.pddl'
[EVAL INSTANCE] completed number=20 path=../problems/numeric/mprime/instances/pfile28.pddl status=success elapsed=31.81s success=1.0 steps=12
[EVAL][PLAN] EASY       | pfile28.pddl | steps=12 | plan=['feast intoxication wurst lamb', 'feast intoxication lamb broccoli', 'overcome boils intoxication broccoli', 'feast intoxication broccoli lamb', 'succumb boils intoxication lamb', 'feast intoxication lamb wurst', 'drink muffin wurst', 'feast intoxication wurst muffin', 'overcome anger intoxication muffin', 'feast intoxication muffin broccoli', 'feast intoxication broccoli lamb', 'succumb anger intoxication lamb']
[EVAL INSTANCE] timeout number=10 path=../problems/numeric/mprime/instances/pfile18.pddl limit=21600.0s
[MCTS SEARCH SUMMARY] progressive_widening=True iterations_per_search=70 search_calls=29 nodes=4704 peak_nodes=4704 widening_events=2030
[MCTS WIDTH SUMMARY] final_widths=(count=4704 min=0 mean=1.10 median=0 p90=3 p95=3 max=20) root_widths=(count=29 min=4 mean=11.90 median=12 p90=19 p95=19 max=20) widen_event_widths=(count=2030 min=3 mean=4.19 median=3 p90=7 p95=12 max=20) admitted_policy_ranks=(count=5182 min=1 mean=1.91 median=2 p90=3 p95=3 max=3)
[MCTS DISTRIBUTION] final_width_counts=(0=3128,3=1465,4=49,5=15,6=16,7=6,9=4,10=1,11=1,12=1,13=1,14=2,15=2,16=1,17=2,18=3,19=6,20=1) node_visit_bins=(0=2793,1=339,2=71,3-4=140,5-8=247,9-16=388,17-32=450,33-64=204,65-128=39,129+=33) selection_depth_bins=(0=45,1=46,2=46,3-4=106,5-8=191,9-16=439,17-32=674,33-64=465,65-128=18)
[MCTS WIDTH BY DEPTH] depth=0 count=2029 min=3 mean=11.14 median=11 p90=18 p95=19 max=20
[MCTS WIDTH COUNTS BY DEPTH] depth=0 counts=(3=76,4=199,5=217,6=148,7=95,8=100,9=63,10=67,11=71,12=65,13=100,14=100,15=118,16=105,17=137,18=174,19=151,20=43)
[MCTS WIDTH BY DEPTH] depth=1 count=1972 min=3 mean=10.29 median=10 p90=18 p95=19 max=19
[MCTS WIDTH COUNTS BY DEPTH] depth=1 counts=(3=418,4=122,5=65,6=78,7=94,8=100,9=54,10=65,11=57,12=88,13=99,14=92,15=118,16=120,17=137,18=158,19=107)
[MCTS WIDTH BY DEPTH] depth=2 count=1915 min=3 mean=9.60 median=9 p90=18 p95=18 max=19
[MCTS WIDTH COUNTS BY DEPTH] depth=2 counts=(3=567,4=82,5=66,6=76,7=66,8=52,9=49,10=51,11=78,12=94,13=86,14=103,15=102,16=119,17=127,18=135,19=62)
[MCTS WIDTH BY DEPTH] depth=3-4 count=3679 min=3 mean=9.48 median=10 p90=17 p95=18 max=19
[MCTS WIDTH COUNTS BY DEPTH] depth=3-4 counts=(3=1213,4=136,5=98,6=74,7=75,8=87,9=125,10=146,11=153,12=160,13=182,14=198,15=220,16=233,17=267,18=270,19=42)
[MCTS WIDTH BY DEPTH] depth=5-9 count=8332 min=3 mean=8.69 median=8 p90=16 p95=17 max=18
[MCTS WIDTH COUNTS BY DEPTH] depth=5-9 counts=(3=2803,4=357,5=260,6=280,7=277,8=272,9=306,10=345,11=371,12=417,13=455,14=492,15=548,16=559,17=397,18=193)
[MCTS WIDTH BY DEPTH] depth=10-19 count=12659 min=3 mean=5.55 median=3 p90=11 p95=13 max=16
[MCTS WIDTH COUNTS BY DEPTH] depth=10-19 counts=(3=6663,4=831,5=664,6=637,7=523,8=564,9=534,10=520,11=481,12=449,13=371,14=273,15=143,16=6)
[MCTS WIDTH BY DEPTH] depth=20-49 count=13824 min=3 mean=3.09 median=3 p90=3 p95=3 max=7
[MCTS WIDTH COUNTS BY DEPTH] depth=20-49 counts=(3=13165,4=314,5=196,6=117,7=32)
[MCTS WIDTH BY DEPTH] depth=50-99 count=903 min=3 mean=3.00 median=3 p90=3 p95=3 max=3
[MCTS WIDTH COUNTS BY DEPTH] depth=50-99 counts=(3=903)
[MCTS DEPTH SUMMARY] selection_depths=(count=2030 min=0 mean=22.10 median=19 p90=45 p95=52 max=75) horizon_cutoffs=(count=0)
[MCTS ACTION SUMMARY] selected_raw_policy_ranks=(count=29 min=1 mean=1.45 median=1 p90=3 p95=4 max=4) known_goal_decisions=0 infeasible_known_goal_decisions=0
[MCTS TIME SUMMARY] selection=1.795668s expansion=3744.252570s successor_generation=3363.527211s network_inference=359.232519s evaluation=1213.146878s backpropagation=0.359003s
[2026-09-14 23:19:44,443] [INFO] [enhspwrapper.py:224] Deleted temp file: /tmp/domain_heuristic_17jnh3ic.pddl
[2026-09-14 23:19:44,443] [INFO] [enhspwrapper.py:224] Deleted temp file: /tmp/instance_heuristic_03hz1ira.pddl
[2026-09-14 23:19:44,443] [WARNING] [enhspwrapper.py:226] Failed to delete temp file /tmp/domain_heuristic_17jnh3ic.pddl: [Errno 2] No such file or directory: '/tmp/domain_heuristic_17jnh3ic.pddl'
[2026-09-14 23:19:44,444] [WARNING] [enhspwrapper.py:226] Failed to delete temp file /tmp/instance_heuristic_03hz1ira.pddl: [Errno 2] No such file or directory: '/tmp/instance_heuristic_03hz1ira.pddl'
[EVAL INSTANCE] completed number=14 path=../problems/numeric/mprime/instances/pfile22.pddl status=success elapsed=5119.93s success=1.0 steps=29
[EVAL][PLAN] EASY       | pfile22.pddl | steps=29 | plan=['overcome hangover understanding ham', 'feast understanding ham popover', 'feast understanding popover chicken', 'feast entertainment chicken popover', 'feast understanding chicken guava', 'feast learning shrimp lamb', 'drink shrimp guava', 'succumb hangover understanding guava', 'overcome hangover expectation guava', 'feast expectation guava chicken', 'succumb hangover expectation chicken', 'feast rest pea lamb', 'feast satisfaction pepper lamb', 'feast intoxication cantelope lamb', 'drink shrimp guava', 'feast understanding guava chicken', 'overcome hangover understanding chicken', 'drink shrimp chicken', 'feast understanding chicken cherry', 'succumb hangover understanding cherry', 'feast aesthetics scallop cherry', 'overcome hangover aesthetics cherry', 'drink onion cherry', 'feast aesthetics cherry scallop', 'succumb hangover aesthetics scallop', 'overcome hangover aesthetics scallop', 'feast aesthetics scallop cantelope', 'feast aesthetics cantelope lamb', 'succumb hangover aesthetics lamb']

[EVAL FINAL] success=17.0/20=0.850
[EVAL] EASY       | success=0.850 | instances= 20 | avg_len_success=15.47 | avg_len_fail=-2.00

[EVAL] SUCCESSFUL PLAN SUMMARY
[EVAL][PLAN SUMMARY] EASY       | pfile01.pddl | steps=5 | plan=['overcome abrasion rest pork', 'feast rest pork lamb', 'feast rest lamb flounder', 'feast rest flounder rice', 'succumb abrasion rest rice']
[EVAL][PLAN SUMMARY] EASY       | pfile02.pddl | steps=8 | plan=['overcome grief-7 entertainment ham', 'feast satiety onion beef', 'feast entertainment ham muffin', 'overcome depression-1 entertainment muffin', 'feast entertainment muffin onion', 'feast entertainment onion beef', 'succumb grief-7 entertainment beef', 'succumb depression-1 entertainment beef']
[EVAL][PLAN SUMMARY] EASY       | pfile04.pddl | steps=9 | plan=['feast aesthetics shrimp cherry', 'feast aesthetics cherry arugula', 'feast aesthetics arugula wurst', 'drink bacon wurst', 'feast aesthetics wurst grapefruit', 'overcome sciatica aesthetics grapefruit', 'drink muffin grapefruit', 'feast aesthetics grapefruit wurst', 'succumb sciatica aesthetics wurst']
[EVAL][PLAN SUMMARY] EASY       | pfile05.pddl | steps=15 | plan=['overcome grief satisfaction broccoli', 'drink turkey sweetroll', 'feast satisfaction broccoli chocolate', 'feast satisfaction chocolate shrimp', 'succumb grief satisfaction shrimp', 'feast lubricity sweetroll scallop', 'drink chocolate sweetroll', 'feast satisfaction shrimp sweetroll', 'feast satisfaction sweetroll scallop', 'drink broccoli scallop', 'overcome loneliness lubricity scallop', 'feast lubricity scallop sweetroll', 'drink broccoli sweetroll', 'feast lubricity sweetroll shrimp', 'succumb loneliness lubricity shrimp']
[EVAL][PLAN SUMMARY] EASY       | pfile09.pddl | steps=16 | plan=['overcome sciatica entertainment flounder', 'overcome jealousy excitement guava', 'feast excitement guava haroset', 'feast entertainment flounder hamburger', 'succumb sciatica entertainment hamburger', 'feast excitement haroset hamburger', 'succumb jealousy excitement hamburger', 'feast curiosity hotdog wurst', 'feast curiosity wurst flounder', 'feast curiosity flounder hamburger', 'drink haroset flounder', 'overcome jealousy entertainment hamburger', 'drink guava hamburger', 'feast entertainment hamburger flounder', 'feast entertainment flounder wurst', 'succumb jealousy entertainment wurst']
[EVAL][PLAN SUMMARY] EASY       | pfile13.pddl | steps=24 | plan=['feast entertainment mutton marzipan', 'feast love baguette lemon', 'overcome laceration-20 love lemon', 'overcome prostatitis-18 love lemon', 'feast love lemon baguette', 'drink mutton ham', 'feast love baguette lobster', 'succumb prostatitis-18 love lobster', 'feast achievement turkey onion', 'feast love lobster papaya', 'succumb laceration-20 love papaya', 'feast aesthetics hamburger papaya', 'overcome laceration-20 aesthetics papaya', 'feast aesthetics papaya hamburger', 'feast aesthetics hamburger scallion', 'feast aesthetics scallion flounder', 'feast satisfaction rice lettuce', 'feast aesthetics flounder lemon', 'feast aesthetics lemon onion', 'feast aesthetics onion turkey', 'feast aesthetics turkey potato', 'feast aesthetics potato muffin', 'feast aesthetics muffin ham', 'succumb laceration-20 aesthetics ham']
[EVAL][PLAN SUMMARY] EASY       | pfile16.pddl | steps=7 | plan=['feast excitement arugula baguette', 'overcome abrasion excitement baguette', 'overcome sciatica excitement baguette', 'drink rice baguette', 'feast excitement baguette rice', 'succumb abrasion excitement rice', 'succumb sciatica excitement rice']
[EVAL][PLAN SUMMARY] EASY       | pfile19.pddl | steps=30 | plan=['feast stimulation lamb beef', 'overcome abrasion stimulation beef', 'feast stimulation beef lemon', 'succumb abrasion stimulation lemon', 'overcome abrasion lubricity lemon', 'feast love haroset lobster', 'feast lubricity lemon beef', 'feast love lobster haroset', 'feast aesthetics bacon lobster', 'succumb abrasion lubricity beef', 'drink beef haroset', 'drink beef wonderbread', 'feast love haroset lobster', 'overcome abrasion lubricity beef', 'drink lamb beef', 'feast lubricity beef marzipan', 'feast lubricity marzipan tofu', 'feast learning snickers onion', 'feast lubricity tofu marzipan', 'succumb abrasion lubricity marzipan', 'overcome abrasion lubricity marzipan', 'feast lubricity marzipan wonderbread', 'succumb abrasion lubricity wonderbread', 'overcome abrasion achievement wonderbread', 'feast achievement wonderbread bacon', 'succumb abrasion achievement bacon', 'overcome abrasion achievement bacon', 'drink ham bacon', 'feast achievement bacon lobster', 'succumb abrasion achievement lobster']
[EVAL][PLAN SUMMARY] EASY       | pfile20.pddl | steps=27 | plan=['overcome abrasion intoxication wonderbread', 'feast intoxication wonderbread yogurt', 'feast intoxication yogurt tuna', 'feast achievement cherry pepper', 'feast intoxication tuna sweetroll', 'feast intoxication sweetroll tuna', 'overcome dread triumph yogurt', 'feast triumph yogurt tuna', 'feast intoxication tuna yogurt', 'feast intoxication yogurt tuna', 'succumb abrasion intoxication tuna', 'overcome abrasion triumph tuna', 'feast triumph tuna yogurt', 'feast triumph yogurt muffin', 'feast triumph muffin yogurt', 'feast triumph yogurt muffin', 'feast triumph muffin yogurt', 'feast triumph yogurt wonderbread', 'feast triumph wonderbread mutton', 'feast triumph mutton pork', 'feast triumph pork cod', 'feast intoxication tuna yogurt', 'feast curiosity cod pork', 'feast triumph cod marzipan', 'feast triumph marzipan cherry', 'feast triumph cherry pepper', 'succumb abrasion triumph pepper']
[EVAL][PLAN SUMMARY] EASY       | pfile21.pddl | steps=8 | plan=['feast love flounder wurst', 'feast learning lemon wurst', 'drink snickers apple', 'overcome sciatica love wurst', 'drink marzipan wurst', 'feast love wurst snickers', 'feast love snickers apple', 'succumb sciatica love apple']
[EVAL][PLAN SUMMARY] EASY       | pfile22.pddl | steps=29 | plan=['overcome hangover understanding ham', 'feast understanding ham popover', 'feast understanding popover chicken', 'feast entertainment chicken popover', 'feast understanding chicken guava', 'feast learning shrimp lamb', 'drink shrimp guava', 'succumb hangover understanding guava', 'overcome hangover expectation guava', 'feast expectation guava chicken', 'succumb hangover expectation chicken', 'feast rest pea lamb', 'feast satisfaction pepper lamb', 'feast intoxication cantelope lamb', 'drink shrimp guava', 'feast understanding guava chicken', 'overcome hangover understanding chicken', 'drink shrimp chicken', 'feast understanding chicken cherry', 'succumb hangover understanding cherry', 'feast aesthetics scallop cherry', 'overcome hangover aesthetics cherry', 'drink onion cherry', 'feast aesthetics cherry scallop', 'succumb hangover aesthetics scallop', 'overcome hangover aesthetics scallop', 'feast aesthetics scallop cantelope', 'feast aesthetics cantelope lamb', 'succumb hangover aesthetics lamb']
[EVAL][PLAN SUMMARY] EASY       | pfile23.pddl | steps=15 | plan=['feast intoxication onion apple', 'overcome laceration intoxication apple', 'feast intoxication apple onion', 'drink grapefruit hotdog', 'drink beef onion', 'feast intoxication onion pistachio', 'succumb laceration intoxication pistachio', 'overcome laceration intoxication pistachio', 'feast intoxication pistachio onion', 'drink okra onion', 'feast intoxication onion flounder', 'feast intoxication flounder lamb', 'feast intoxication lamb hotdog', 'feast intoxication hotdog chicken', 'succumb laceration intoxication chicken']
[EVAL][PLAN SUMMARY] EASY       | pfile24.pddl | steps=41 | plan=['feast curiosity muffin apple', 'overcome anger-12 curiosity apple', 'feast satiety bacon lettuce', 'feast satiety lettuce cherry', 'succumb anger-12 curiosity apple', 'drink muffin cherry', 'overcome anger-12 curiosity apple', 'feast satiety cherry chicken', 'feast satiety chicken cherry', 'drink muffin cherry', 'succumb anger-12 curiosity apple', 'feast satiety cherry lettuce', 'feast satiety lettuce cherry', 'drink wurst cherry', 'overcome anger-12 curiosity apple', 'feast achievement cherry chicken', 'feast achievement chicken cherry', 'drink orange cherry', 'feast achievement cherry lettuce', 'feast achievement lettuce cherry', 'drink melon cherry', 'drink potato chicken', 'feast achievement cherry chicken', 'feast achievement chicken cherry', 'drink orange cherry', 'feast achievement cherry chicken', 'succumb anger-12 curiosity apple', 'drink orange chicken', 'feast achievement chicken cherry', 'overcome anger-12 curiosity apple', 'drink melon apple', 'feast curiosity apple muffin', 'drink potato cherry', 'feast satiety cherry chicken', 'overcome anger curiosity muffin', 'drink pepper muffin', 'feast curiosity muffin tofu', 'succumb anger curiosity tofu', 'drink potato tofu', 'feast curiosity tofu cherry', 'succumb anger-12 curiosity cherry']
[EVAL][PLAN SUMMARY] EASY       | pfile25.pddl | steps=4 | plan=['feast expectation tuna wurst', 'overcome depression expectation wurst', 'feast expectation wurst chicken', 'succumb depression expectation chicken']
[EVAL][PLAN SUMMARY] EASY       | pfile26.pddl | steps=8 | plan=['overcome boils entertainment haroset', 'feast entertainment haroset marzipan', 'succumb boils entertainment marzipan', 'overcome boils entertainment marzipan', 'drink snickers marzipan', 'feast entertainment marzipan turkey', 'feast entertainment turkey papaya', 'succumb boils entertainment papaya']
[EVAL][PLAN SUMMARY] EASY       | pfile27.pddl | steps=5 | plan=['overcome boils satisfaction scallion', 'overcome grief satisfaction scallion', 'feast satisfaction scallion guava', 'succumb boils satisfaction guava', 'succumb grief satisfaction guava']
[EVAL][PLAN SUMMARY] EASY       | pfile28.pddl | steps=12 | plan=['feast intoxication wurst lamb', 'feast intoxication lamb broccoli', 'overcome boils intoxication broccoli', 'feast intoxication broccoli lamb', 'succumb boils intoxication lamb', 'feast intoxication lamb wurst', 'drink muffin wurst', 'feast intoxication wurst muffin', 'overcome anger intoxication muffin', 'feast intoxication muffin broccoli', 'feast intoxication broccoli lamb', 'succumb anger intoxication lamb']

[EVAL] OVERALL success=0.850
spec:  
=== SpawnExploreSpec ===

  [ CORE ]
    domain_type                              : numeric
    pddls                                    : ('../problems/numeric/mprime/domain.pddl', '../problems/numeric/mprime/instances/pfile01.pddl')
    difficulty                               : Easy
    trainer_seed                             : 1510771779
    slot_id                                  : 0
    num_slots                                : 20

  [ PLANNER / TEACHER ]
    teacher_planner                          : enhsp
    teacher_timeout_s                        : 1
    use_teacher_envelope                     : False
    enhsp_config                             : hmrp-ha-gbfs
    max_len                                  : 10000

  [ HEURISTICS ]
    ssipp_dg_heuristic                       : None
    fd_heuristic                             : astar-hadd
    ssipp_teacher_heuristic                  : lm-cut
    use_lm_cuts                              : False
    use_numeric_landmarks                    : False
    use_contributions                        : False

  [ MCTS & EXPLORATION ]
    mcts_iterations                          : 70
    mcts_expansion_k                         : 20
    mcts_exploration_weight                  : 0.1
    mcts_progressive_widening                : True
    mcts_pw_min_width                        : 3
    mcts_pw_c                                : 0.6
    mcts_pw_alpha                            : 0.5
    mcts_root_visit_tie_break                : action_id
    mcts_her_strategy                        : False
    sample_k_additional_states               : 0

  [ ESTIMATOR & DECAY ]
    estimator_h_to_v_coeff                   : 1.0
    use_estimator                            : 0.5
    estimator_decay_coeff_start              : 1.0
    estimator_decay_coeff_end                : 0.2
    estimator_decay_epochs                   : 0

  [ ACTION POLICY ]
    action_policy                            : argmax
    action_policy_epsilon                    : 0.0
    action_policy_temperature                : None
    action_policy_decay_rate                 : None
    action_policy_duplicate_penalty          : 0.0

  [ MISC / TRAINING ]
    use_fluents                              : True
    use_comps                                : False
    fixed_instance_pddl                      : False
    original_training_set                    : False
    freeze_train_steps                       : 50
    freeze_batch_size                        : 32

  [ OTHER ]
    use_act_history                          : True
    only_one_good_action                     : False
    heuristic_bootstrapping                  : False
    goal_path_reconstruction                 : None
    ENHSP_plan_bootstrap                     : True
    est_plan_z                               : False
    timeout                                  : 86400
    puct_debug                               : False
    action_debug                             : False
    use_estimator_decay                      : False
    action_policy_goal_chase_distance_threshold : -1
    evaluation_mode                          : True
    evaluation_index                         : 1
    mcts_enforce_remaining_horizon           : False
    mcts_terminal_safe_action_selection      : False
    mcts_context_diagnostics                 : False
    mcts_contextual_nodes                    : False
    mcts_context_witness_limit               : 128

Inference success rate: 0.85, took: 27526.107464790344s
Importing architecture from experiments_numeric.architecture_2.mprime_mcts
Importing problem from experiments_numeric.domain.mprime
Resuming from checkpoint "/home/hersco/bershco-nu-asnets/numeric-asnets/asnets/experiment-results/experiments_numeric.domain.mprime_validation_ipc_scale_v1-experiments_numeric.architecture_2.mprime-2026-08-27T10:22:13.389031/P[domain,pfile01,pfile02,pfile04,pfile05]-S[0.003,50,enhsp-hmrp-ha-gbfs]-MO[]-T[518400]-04915056-17cc32a/snapshots/snapshot_45_0.750"
Using experiment dir "/home/hersco/bershco-nu-asnets/numeric-asnets/asnets/experiment-results/experiments_numeric.domain.mprime_validation_ipc_scale_v1-experiments_numeric.architecture_2.mprime-2026-08-27T10:22:13.389031"






Testing network
Running command line "/home/hersco/bershco-nu-asnets/numeric-asnets/venv-asnets/bin/python3 -u -m asnets.scripts.run_asnets --no-train --minimal-file-saves --resume-from /home/hersco/bershco-nu-asnets/numeric-asnets/asnets/experiment-results/experiments_numeric.domain.mprime_validation_ipc_scale_v1-experiments_numeric.architecture_2.mprime-2026-08-27T10:22:13.389031/P[domain,pfile01,pfile02,pfile04,pfile05]-S[0.003,50,enhsp-hmrp-ha-gbfs]-MO[]-T[518400]-04915056-17cc32a/snapshots/snapshot_45_0.750 -e /home/hersco/bershco-nu-asnets/numeric-asnets/asnets/experiment-results/experiments_numeric.domain.mprime_validation_ipc_scale_v1-experiments_numeric.architecture_2.mprime-2026-08-27T10:22:13.389031 --jpddl-max-heap 4g --eval-with-mcts --eval-scheduling rolling --eval-instance-timeout 21600.0 --eval-completion-file /home/hersco/training_new_domains/2026-09-13/mprime_phase_b_a_stage1_pw70/on/1510771779/full/completion/mprime-s1-phase-b-a-on-1510771779-e0045-pw70-k3.jsonl --det-eval --no-use-lm-cuts --use-act-history --no-use-teacher-envelope --max-opt-epochs 1000 --teacher-timeout-s 1 --use-fluents --enhsp-config hmrp-ha-gbfs --limit-train-obs-size 1200 --exploration-algorithm mcts --rollouts 2 --min-explored 10 --max-explored 1000 --exploration-learning-ratio 10 --max-replay-size 150000 --action-policy argmax --action-policy-epsilon 0.0 --domain-type numeric --num-layers 2 --hidden-size 15 --l2-reg 0.005 --l1-reg 0.0 --mse 0.5 -R 1 -L 10000 -t 518400 --supervised-lr 0.003 --supervised-bs 50 --supervised-early-stop 20 --save-every 1 --opt-batch-per-epoch 60 --teacher-planner enhsp --sup-objective MCTS_VISIT_DIST -L 10000 --seed 1510771779 --mcts-expansion-size 20 --mcts-heuristic hadd-gbfs --mcts-exploration-weight 0.1 --mcts-progressive-widening --mcts-pw-min-width 3 --mcts-pw-c 0.6 --mcts-pw-alpha 0.5 --num-workers 3 --mcts-iterations 70 --use-estimator 0.5 ../problems/numeric/mprime/domain.pddl ../problems/numeric/mprime/instances/pfile01.pddl ../problems/numeric/mprime/instances/pfile02.pddl ../problems/numeric/mprime/instances/pfile04.pddl ../problems/numeric/mprime/instances/pfile05.pddl ../problems/numeric/mprime/instances/pfile09.pddl ../problems/numeric/mprime/instances/pfile13.pddl ../problems/numeric/mprime/instances/pfile14.pddl ../problems/numeric/mprime/instances/pfile15.pddl ../problems/numeric/mprime/instances/pfile16.pddl ../problems/numeric/mprime/instances/pfile18.pddl ../problems/numeric/mprime/instances/pfile19.pddl ../problems/numeric/mprime/instances/pfile20.pddl ../problems/numeric/mprime/instances/pfile21.pddl ../problems/numeric/mprime/instances/pfile22.pddl ../problems/numeric/mprime/instances/pfile23.pddl ../problems/numeric/mprime/instances/pfile24.pddl ../problems/numeric/mprime/instances/pfile25.pddl ../problems/numeric/mprime/instances/pfile26.pddl ../problems/numeric/mprime/instances/pfile27.pddl ../problems/numeric/mprime/instances/pfile28.pddl --validation-pddls-easy ../problems/numeric/mprime/valid_easy/pfile0.pddl ../problems/numeric/mprime/valid_easy/pfile1.pddl ../problems/numeric/mprime/valid_easy/pfile2.pddl ../problems/numeric/mprime/valid_easy/pfile3.pddl ../problems/numeric/mprime/valid_easy/pfile4.pddl ../problems/numeric/mprime/valid_easy/pfile5.pddl ../problems/numeric/mprime/valid_easy/pfile6.pddl ../problems/numeric/mprime/valid_easy/pfile7.pddl ../problems/numeric/mprime/valid_easy/pfile8.pddl ../problems/numeric/mprime/valid_easy/pfile9.pddl --validation-pddls-medium ../problems/numeric/mprime/valid_medium/pfile0.pddl ../problems/numeric/mprime/valid_medium/pfile1.pddl ../problems/numeric/mprime/valid_medium/pfile2.pddl ../problems/numeric/mprime/valid_medium/pfile3.pddl ../problems/numeric/mprime/valid_medium/pfile4.pddl ../problems/numeric/mprime/valid_medium/pfile5.pddl ../problems/numeric/mprime/valid_medium/pfile6.pddl ../problems/numeric/mprime/valid_medium/pfile7.pddl ../problems/numeric/mprime/valid_medium/pfile8.pddl ../problems/numeric/mprime/valid_medium/pfile9.pddl --validation-pddls-hard ../problems/numeric/mprime/valid_hard/pfile0.pddl ../problems/numeric/mprime/valid_hard/pfile1.pddl ../problems/numeric/mprime/valid_hard/pfile2.pddl ../problems/numeric/mprime/valid_hard/pfile3.pddl ../problems/numeric/mprime/valid_hard/pfile4.pddl ../problems/numeric/mprime/valid_hard/pfile5.pddl ../problems/numeric/mprime/valid_hard/pfile6.pddl ../problems/numeric/mprime/valid_hard/pfile7.pddl ../problems/numeric/mprime/valid_hard/pfile8.pddl ../problems/numeric/mprime/valid_hard/pfile9.pddl"
Will write results to /home/hersco/bershco-nu-asnets/numeric-asnets/asnets/experiment-results/experiments_numeric.domain.mprime_validation_ipc_scale_v1-experiments_numeric.architecture_2.mprime-2026-08-27T10:22:13.389031/runs/8ac923782a81b84536803b21cba7bc8c
Force-killing a process
Process exited with code -15: tee /home/hersco/bershco-nu-asnets/numeric-asnets/asnets/experiment-results/experiments_numeric.domain.mprime_validation_ipc_scale_v1-experiments_numeric.architecture_2.mprime-2026-08-27T10:22:13.389031/runs/8ac923782a81b84536803b21cba7bc8c/stdout
Force-killing a process
Process exited with code -15: tee /home/hersco/bershco-nu-asnets/numeric-asnets/asnets/experiment-results/experiments_numeric.domain.mprime_validation_ipc_scale_v1-experiments_numeric.architecture_2.mprime-2026-08-27T10:22:13.389031/runs/8ac923782a81b84536803b21cba7bc8c/stderr
Fin :-)
[VAL] Starting validation guardrail
[VAL] Log       : /home/hersco/training_new_domains/2026-09-13/mprime_phase_b_a_stage1_pw70/on/1510771779/full/attempts/21260811_r0.txt
[VAL] Domain    : mprime
[VAL] Validator : /home/hersco/tools/VAL/build/bin/Validate
[VAL] Domain module : /home/hersco/bershco-nu-asnets/numeric-asnets-mprime-pw-9fe4f9e6/asnets/experiments_numeric/domain/mprime.py
[VAL] PDDL dir      : /home/hersco/bershco-nu-asnets/numeric-asnets-mprime-pw-9fe4f9e6/problems/numeric/mprime
[VAL] COMMON_PDDLS  : /home/hersco/bershco-nu-asnets/numeric-asnets-mprime-pw-9fe4f9e6/problems/numeric/mprime/domain.pddl
[VAL] Evaluator successes : 17
[VAL] Evaluator total     : 20
[VAL] Plan records found  : 17
[VAL] Unique instances    : 17
[VAL] OK   pfile01.pddl (1 candidate plan(s))
[VAL] OK   pfile04.pddl (1 candidate plan(s))
[VAL] OK   pfile02.pddl (1 candidate plan(s))
[VAL] OK   pfile05.pddl (1 candidate plan(s))
[VAL] OK   pfile09.pddl (1 candidate plan(s))
[VAL] OK   pfile13.pddl (1 candidate plan(s))
[VAL] OK   pfile16.pddl (1 candidate plan(s))
[VAL] OK   pfile20.pddl (1 candidate plan(s))
[VAL] OK   pfile19.pddl (1 candidate plan(s))
[VAL] OK   pfile21.pddl (1 candidate plan(s))
[VAL] OK   pfile23.pddl (1 candidate plan(s))
[VAL] OK   pfile24.pddl (1 candidate plan(s))
[VAL] OK   pfile25.pddl (1 candidate plan(s))
[VAL] OK   pfile26.pddl (1 candidate plan(s))
[VAL] OK   pfile27.pddl (1 candidate plan(s))
[VAL] OK   pfile28.pddl (1 candidate plan(s))
[VAL] OK   pfile22.pddl (1 candidate plan(s))
[VAL] Summary CSV        : /home/hersco/training_new_domains/2026-09-13/mprime_phase_b_a_stage1_pw70/on/1510771779/full/validation/21260811_r0.val.csv

[VAL] ===== VALIDATION SUMMARY =====
[VAL] Evaluator successes : 17
[VAL] Printed plan records: 17
[VAL] Printed instances   : 17
[VAL] VAL-valid plans     : 17
[VAL] VAL-invalid plans   : 0
[VAL] =================================
[VAL] Retry-aware partial validation successful: all unique printed successful instances pass VAL
