------------------------------------
Mon 14 Sep 2026 15:32:20 IDT
SLURM_JOBID:		21260353
SLURM_JOB_NODELIST:	ise-cpu-intl-07
SLURM_SCRATCH_DIR:	/scratch/hersco/21260353
Allocated Resouces:	cpu - 6 / mem - 122880 MB / gpu - 
SLURM_GPU_INDEX:	
Running as hersco from shperbsh account with normal QOS
------------------------------------
[MPRIME S1 PBA PW70] identity=mprime-s1-phase-b-a-on-534933607-e0030-pw70-k3 vh=on seed=534933607 epoch=30 smoke=no
[MPRIME S1 PBA PW70] width=20 simulations=70 Kmin=3 c=.6 alpha=.5 puct=.1 estimator=.5 terminal_safe=false
[MPRIME S1 PBA PW70] checkpoint=/home/hersco/bershco-nu-asnets/numeric-asnets/asnets/experiment-results/experiments_numeric.domain.mprime_validation_ipc_scale_v1-experiments_numeric.architecture_2.mprime-2026-08-27T10:28:36.642522/P[domain,pfile01,pfile02,pfile04,pfile05]-S[0.003,50,enhsp-hmrp-ha-gbfs]-MO[]-T[518400]-04915062-3c74d66/snapshots/snapshot_30_0.750 commit=9fe4f9e695ed290cc370dd5c5b877c276578525c
2026-09-14 15:33:30.697230: E tensorflow/compiler/xla/stream_executor/cuda/cuda_dnn.cc:9342] Unable to register cuDNN factory: Attempting to register factory for plugin cuDNN when one has already been registered
2026-09-14 15:33:30.697291: E tensorflow/compiler/xla/stream_executor/cuda/cuda_fft.cc:609] Unable to register cuFFT factory: Attempting to register factory for plugin cuFFT when one has already been registered
2026-09-14 15:33:30.697343: E tensorflow/compiler/xla/stream_executor/cuda/cuda_blas.cc:1518] Unable to register cuBLAS factory: Attempting to register factory for plugin cuBLAS when one has already been registered
2026-09-14 15:33:30.705976: I tensorflow/core/platform/cpu_feature_guard.cc:182] This TensorFlow binary is optimized to use available CPU instructions in performance-critical operations.
To enable the following instructions: AVX2 AVX512F FMA, in other operations, rebuild TensorFlow with the appropriate compiler flags.
[JPDDL] Maximum heap per worker: 4g
[2026-09-14 15:34:27,942] [INFO] [run_asnets.py:1491] Arguments are: Namespace(problems=None, domain_type=numeric, opt_patience=10, max_opt_epochs=1000, supervised_lr=0.003, lr_steps=[], supervised_bs=50, ssipp_teacher_heuristic='lm-cut', fd_teacher_heuristic='astar-hadd', enhsp_config='hmrp-ha-gbfs', supervised_early_stop=20, save_every=1, seed=534933607, optimizer_opts={}, resume_from='/home/hersco/bershco-nu-asnets/numeric-asnets/asnets/experiment-results/experiments_numeric.domain.mprime_validation_ipc_scale_v1-experiments_numeric.architecture_2.mprime-2026-08-27T10:28:36.642522/P[domain,pfile01,pfile02,pfile04,pfile05]-S[0.003,50,enhsp-hmrp-ha-gbfs]-MO[]-T[518400]-04915062-3c74d66/snapshots/snapshot_30_0.750', timeout=518400.0, model_opts={}, skip=True, num_layers=2, hidden_size=15, dropout=0.0, sup_objective=<SupervisedObjective.MCTS_VISIT_DIST: 3>, use_teacher_envelope=False, det_eval=True, ssipp_dg_heuristic=None, minimal_file_saves=True, use_lm_cuts=False, use_numeric_landmarks=False, use_contributions=False, use_act_history=True, save_training_set=None, use_saved_training_set=None, rounds_eval=1, limit_turns=10000, expt_dir='/home/hersco/bershco-nu-asnets/numeric-asnets/asnets/experiment-results/experiments_numeric.domain.mprime_validation_ipc_scale_v1-experiments_numeric.architecture_2.mprime-2026-08-27T10:28:36.642522', dK='dk', no_train=True, l1_reg=0.0, l2_reg=0.005, l1_l2_reg=0.0, mse=0.5, policy_anchor_kl_coeff=0.0, policy_anchor_kl_mode='constant', policy_anchor_kl_target=None, teacher_planner='enhsp', opt_batch_per_epoch=60, exploration_algorithm='mcts', eval_with_mcts=True, eval_mcts_enforce_remaining_horizon=False, eval_mcts_terminal_safe_action_selection=False, eval_mcts_root_visit_tie_break='action_id', eval_mcts_context_diagnostics=False, eval_mcts_contextual_nodes=False, eval_mcts_context_witness_limit=128, eval_start_wave=1, eval_scheduling='rolling', skip_instance_numbers=(), eval_instance_timeout=21600.0, eval_completion_file='/home/hersco/training_new_domains/2026-09-13/mprime_phase_b_a_stage1_pw70/on/534933607/full/completion/mprime-s1-phase-b-a-on-534933607-e0030-pw70-k3.jsonl', jpddl_max_heap='4g', action_debug=False, puct_debug=False, rollouts=2, min_explored=10, max_explored=1000, exploration_learning_ratio=10.0, max_replay_size=150000, teacher_timeout_s=1, plan_file_name='plan_sas', limit_train_obs_size='1200', use_fluents=True, use_comparisons=False, pddls=['../problems/numeric/mprime/domain.pddl', '../problems/numeric/mprime/instances/pfile01.pddl', '../problems/numeric/mprime/instances/pfile02.pddl', '../problems/numeric/mprime/instances/pfile04.pddl', '../problems/numeric/mprime/instances/pfile05.pddl', '../problems/numeric/mprime/instances/pfile09.pddl', '../problems/numeric/mprime/instances/pfile13.pddl', '../problems/numeric/mprime/instances/pfile14.pddl', '../problems/numeric/mprime/instances/pfile15.pddl', '../problems/numeric/mprime/instances/pfile16.pddl', '../problems/numeric/mprime/instances/pfile18.pddl', '../problems/numeric/mprime/instances/pfile19.pddl', '../problems/numeric/mprime/instances/pfile20.pddl', '../problems/numeric/mprime/instances/pfile21.pddl', '../problems/numeric/mprime/instances/pfile22.pddl', '../problems/numeric/mprime/instances/pfile23.pddl', '../problems/numeric/mprime/instances/pfile24.pddl', '../problems/numeric/mprime/instances/pfile25.pddl', '../problems/numeric/mprime/instances/pfile26.pddl', '../problems/numeric/mprime/instances/pfile27.pddl', '../problems/numeric/mprime/instances/pfile28.pddl'], mcts_rollout_horizon=3, graceful_timeout=86400, mcts_expansion_size=20, no_eval=False, mcts_heuristic='hadd-gbfs', minimization=False, mcts_exploration_weight=0.1, mcts_progressive_widening=True, mcts_pw_min_width=3, mcts_pw_c=0.6, mcts_pw_alpha=0.5, disable_value_head=False, mcts_iterations=70, heuristic_bootstrapping=False, mcts_her_strategy=False, num_workers=3, slurm_job_id=0, worker_logs=False, corrupt_pi=None, corrupt_z=None, fixed_instance=False, original_training_set=False, sample_k_additional_states=0, profile_dir=None, profile_sample_epochs=(0, 5, 25, 100), profile_sample_every=200, freeze_train=False, goal_path_reconstruction=None, action_policy='argmax', action_policy_goal_chase_distance_threshold=None, action_policy_epsilon=0.0, action_policy_temperature=None, action_policy_decay_rate=None, action_policy_duplicate_penalty=0.0, estimator_h_to_v_coeff=1.0, use_estimator_decay=False, use_estimator=0.5, estimator_decay_epochs=None, estimator_decay_coeff_start=1.0, estimator_decay_coeff_end=0.2, validation_pddls_easy=['../problems/numeric/mprime/valid_easy/pfile0.pddl', '../problems/numeric/mprime/valid_easy/pfile1.pddl', '../problems/numeric/mprime/valid_easy/pfile2.pddl', '../problems/numeric/mprime/valid_easy/pfile3.pddl', '../problems/numeric/mprime/valid_easy/pfile4.pddl', '../problems/numeric/mprime/valid_easy/pfile5.pddl', '../problems/numeric/mprime/valid_easy/pfile6.pddl', '../problems/numeric/mprime/valid_easy/pfile7.pddl', '../problems/numeric/mprime/valid_easy/pfile8.pddl', '../problems/numeric/mprime/valid_easy/pfile9.pddl'], validation_pddls_medium=['../problems/numeric/mprime/valid_medium/pfile0.pddl', '../problems/numeric/mprime/valid_medium/pfile1.pddl', '../problems/numeric/mprime/valid_medium/pfile2.pddl', '../problems/numeric/mprime/valid_medium/pfile3.pddl', '../problems/numeric/mprime/valid_medium/pfile4.pddl', '../problems/numeric/mprime/valid_medium/pfile5.pddl', '../problems/numeric/mprime/valid_medium/pfile6.pddl', '../problems/numeric/mprime/valid_medium/pfile7.pddl', '../problems/numeric/mprime/valid_medium/pfile8.pddl', '../problems/numeric/mprime/valid_medium/pfile9.pddl'], validation_pddls_hard=['../problems/numeric/mprime/valid_hard/pfile0.pddl', '../problems/numeric/mprime/valid_hard/pfile1.pddl', '../problems/numeric/mprime/valid_hard/pfile2.pddl', '../problems/numeric/mprime/valid_hard/pfile3.pddl', '../problems/numeric/mprime/valid_hard/pfile4.pddl', '../problems/numeric/mprime/valid_hard/pfile5.pddl', '../problems/numeric/mprime/valid_hard/pfile6.pddl', '../problems/numeric/mprime/valid_hard/pfile7.pddl', '../problems/numeric/mprime/valid_hard/pfile8.pddl', '../problems/numeric/mprime/valid_hard/pfile9.pddl'], validation_on_test_instances=False)
[1637143] Setting C/Python/Numpy/TF seeds to 534933607
Unique prefix: P[domain,pfile01,pfile02,pfile04,pfile05,pfile09,...]-S[0.003,50,enhsp-hmrp-ha-gbfs]-MO[]-T[518400]-04941288-3c74d66
Snapshot directory: /home/hersco/bershco-nu-asnets/numeric-asnets/asnets/experiment-results/experiments_numeric.domain.mprime_validation_ipc_scale_v1-experiments_numeric.architecture_2.mprime-2026-08-27T10:28:36.642522/P[domain,pfile01,pfile02,pfile04,pfile05,pfile09,...]-S[0.003,50,enhsp-hmrp-ha-gbfs]-MO[]-T[518400]-04941288-3c74d66/snapshots
Training supervised on random instances (SPAWN, NO RPyC)
Instances: ['../problems/numeric/mprime/domain.pddl', '../problems/numeric/mprime/instances/pfile01.pddl', '../problems/numeric/mprime/instances/pfile02.pddl', '../problems/numeric/mprime/instances/pfile04.pddl', '../problems/numeric/mprime/instances/pfile05.pddl', '../problems/numeric/mprime/instances/pfile09.pddl', '../problems/numeric/mprime/instances/pfile13.pddl', '../problems/numeric/mprime/instances/pfile14.pddl', '../problems/numeric/mprime/instances/pfile15.pddl', '../problems/numeric/mprime/instances/pfile16.pddl', '../problems/numeric/mprime/instances/pfile18.pddl', '../problems/numeric/mprime/instances/pfile19.pddl', '../problems/numeric/mprime/instances/pfile20.pddl', '../problems/numeric/mprime/instances/pfile21.pddl', '../problems/numeric/mprime/instances/pfile22.pddl', '../problems/numeric/mprime/instances/pfile23.pddl', '../problems/numeric/mprime/instances/pfile24.pddl', '../problems/numeric/mprime/instances/pfile25.pddl', '../problems/numeric/mprime/instances/pfile26.pddl', '../problems/numeric/mprime/instances/pfile27.pddl', '../problems/numeric/mprime/instances/pfile28.pddl']
Starting to parse mdpsim problem: mprime-x-1
mdpsim:../problems/numeric/mprime/domain.pddl:3: assuming `:typing' requirement
mdpsim:../problems/numeric/mprime/domain.pddl:15: assuming `:fluents' requirement
Finished parsing mdpsim problem: mprime-x-1
[WM] Successfully loaded previous weight manager from /home/hersco/bershco-nu-asnets/numeric-asnets/asnets/experiment-results/experiments_numeric.domain.mprime_validation_ipc_scale_v1-experiments_numeric.architecture_2.mprime-2026-08-27T10:28:36.642522/P[domain,pfile01,pfile02,pfile04,pfile05]-S[0.003,50,enhsp-hmrp-ha-gbfs]-MO[]-T[518400]-04915062-3c74d66/snapshots/snapshot_30_0.750/weights.joblib
[WM LOAD CHECK] mean/std/norm= 0.05049966275691986 0.1409192979335785 1.2963929176330566
[WM LOAD VERIFY] W0 saved mean/std/norm=(0.05049966275691986, 0.1409192979335785, 1.2963929176330566)
[2026-09-14 15:34:33,640] [INFO] [run_asnets.py:967] Tensorboard summary path: /home/hersco/bershco-nu-asnets/numeric-asnets/asnets/experiment-results/experiments_numeric.domain.mprime_validation_ipc_scale_v1-experiments_numeric.architecture_2.mprime-2026-08-27T10:28:36.642522/P[domain,pfile01,pfile02,pfile04,pfile05,pfile09,...]-S[0.003,50,enhsp-hmrp-ha-gbfs]-MO[]-T[518400]-04941288-3c74d66/tensorboard
[EVAL INSTANCES] stable ordered test-set positions:
[EVAL INSTANCES] 1: ../problems/numeric/mprime/instances/pfile01.pddl
[EVAL INSTANCES] 2: ../problems/numeric/mprime/instances/pfile02.pddl
[EVAL INSTANCES] 3: ../problems/numeric/mprime/instances/pfile04.pddl
[EVAL INSTANCES] 4: ../problems/numeric/mprime/instances/pfile05.pddl
[EVAL INSTANCES] 5: ../problems/numeric/mprime/instances/pfile09.pddl
[EVAL INSTANCES] 6: ../problems/numeric/mprime/instances/pfile13.pddl
[EVAL INSTANCES] 7: ../problems/numeric/mprime/instances/pfile14.pddl
[EVAL INSTANCES] 8: ../problems/numeric/mprime/instances/pfile15.pddl
[EVAL INSTANCES] 9: ../problems/numeric/mprime/instances/pfile16.pddl
[EVAL INSTANCES] 10: ../problems/numeric/mprime/instances/pfile18.pddl
[EVAL INSTANCES] 11: ../problems/numeric/mprime/instances/pfile19.pddl
[EVAL INSTANCES] 12: ../problems/numeric/mprime/instances/pfile20.pddl
[EVAL INSTANCES] 13: ../problems/numeric/mprime/instances/pfile21.pddl
[EVAL INSTANCES] 14: ../problems/numeric/mprime/instances/pfile22.pddl
[EVAL INSTANCES] 15: ../problems/numeric/mprime/instances/pfile23.pddl
[EVAL INSTANCES] 16: ../problems/numeric/mprime/instances/pfile24.pddl
[EVAL INSTANCES] 17: ../problems/numeric/mprime/instances/pfile25.pddl
[EVAL INSTANCES] 18: ../problems/numeric/mprime/instances/pfile26.pddl
[EVAL INSTANCES] 19: ../problems/numeric/mprime/instances/pfile27.pddl
[EVAL INSTANCES] 20: ../problems/numeric/mprime/instances/pfile28.pddl
[EVAL RESUME] starting wave 1; worker_count=3; instance_offset=0; total_instances=20
[EVAL RESUME] selected instance numbers: [1, 2, 3, 4, 5, 6, 7, 8, 9, 10, 11, 12, 13, 14, 15, 16, 17, 18, 19, 20]
[EVAL] worker_fn=run_worker_eval_mcts
[EVAL] worker_fn=run_worker_eval_mcts
2026-09-14 15:34:34.285136: E tensorflow/compiler/xla/stream_executor/cuda/cuda_dnn.cc:9342] Unable to register cuDNN factory: Attempting to register factory for plugin cuDNN when one has already been registered
2026-09-14 15:34:34.285183: E tensorflow/compiler/xla/stream_executor/cuda/cuda_fft.cc:609] Unable to register cuFFT factory: Attempting to register factory for plugin cuFFT when one has already been registered
2026-09-14 15:34:34.285227: E tensorflow/compiler/xla/stream_executor/cuda/cuda_blas.cc:1518] Unable to register cuBLAS factory: Attempting to register factory for plugin cuBLAS when one has already been registered
[EVAL INSTANCE] started number=1 path=../problems/numeric/mprime/instances/pfile01.pddl pid=1637260
[EVAL INSTANCE] started number=2 path=../problems/numeric/mprime/instances/pfile02.pddl pid=1637261
[EVAL INSTANCE] started number=3 path=../problems/numeric/mprime/instances/pfile04.pddl pid=1637262
mdpsim:../problems/numeric/mprime/domain.pddl:3: assuming `:typing' requirement
mdpsim:../problems/numeric/mprime/domain.pddl:15: assuming `:fluents' requirement
mdpsim:../problems/numeric/mprime/domain.pddl:3: assuming `:typing' requirement
mdpsim:../problems/numeric/mprime/domain.pddl:15: assuming `:fluents' requirement
mdpsim:../problems/numeric/mprime/domain.pddl:3: assuming `:typing' requirement
mdpsim:../problems/numeric/mprime/domain.pddl:15: assuming `:fluents' requirement
[EVAL|Easy|1637262] Setting C/Python/Numpy/TF seeds to 534933609
Starting [EVAL|Easy|1637262] on instance [2] ../problems/numeric/mprime/instances/pfile04.pddl
Starting to parse mdpsim problem: mprime-x-4
Finished parsing mdpsim problem: mprime-x-4
[EVAL|Easy|1637262] ACTION POLICY INITIALIZED
[EVAL|Easy|1637262] policy_class = ArgmaxGoalChasePathDuplicatePenaltyPolicy
[EVAL|Easy|1637262] distance_threshold = inf
[EVAL|Easy|1637262] duplicate_penalty = 0.0
[EVAL|Easy|1637262] root_visit_tie_break = action_id
[2026-09-14 15:35:17,301] [INFO] [enhspwrapper.py:84] Created temporary domain file: /tmp/domain_heuristic_qdkb5akc.pddl
[2026-09-14 15:35:17,301] [INFO] [enhspwrapper.py:93] Created temporary instance file: /tmp/instance_heuristic_g19ipmnn.pddl
[2026-09-14 15:35:18,329] [INFO] [enhspwrapper.py:51] Starting the heuristic server with config: hmrp-ha-gbfs
[EVAL|Easy|1637260] Setting C/Python/Numpy/TF seeds to 534933607
Starting [EVAL|Easy|1637260] on instance [0] ../problems/numeric/mprime/instances/pfile01.pddl
Starting to parse mdpsim problem: mprime-x-1
Finished parsing mdpsim problem: mprime-x-1
[EVAL|Easy|1637260] ACTION POLICY INITIALIZED
[EVAL|Easy|1637260] policy_class = ArgmaxGoalChasePathDuplicatePenaltyPolicy
[EVAL|Easy|1637260] distance_threshold = inf
[EVAL|Easy|1637260] duplicate_penalty = 0.0
[EVAL|Easy|1637260] root_visit_tie_break = action_id
[2026-09-14 15:35:18,940] [INFO] [enhspwrapper.py:84] Created temporary domain file: /tmp/domain_heuristic_6hlibaw7.pddl
[2026-09-14 15:35:18,941] [INFO] [enhspwrapper.py:93] Created temporary instance file: /tmp/instance_heuristic_e9se223k.pddl
[2026-09-14 15:35:19,393] [INFO] [enhspwrapper.py:51] Starting the heuristic server with config: hmrp-ha-gbfs
[MCTS SEARCH SUMMARY] progressive_widening=True iterations_per_search=70 search_calls=5 nodes=665 peak_nodes=665 widening_events=333
[MCTS WIDTH SUMMARY] final_widths=(count=665 min=0 mean=1.30 median=0 p90=3 p95=3 max=10) root_widths=(count=5 min=4 mean=7.60 median=8 p90=10 p95=10 max=10) widen_event_widths=(count=333 min=2 mean=3.52 median=3 p90=5 p95=7 max=10) admitted_policy_ranks=(count=863 min=1 mean=1.92 median=2 p90=3 p95=3 max=3)
[MCTS DISTRIBUTION] final_width_counts=(0=399,2=2,3=237,4=15,5=3,6=2,7=1,8=2,9=2,10=2) node_visit_bins=(0=363,1=42,2=13,3-4=37,5-8=21,9-16=39,17-32=80,33-64=54,65-128=9,129+=7) selection_depth_bins=(0=9,1=8,2=9,3-4=22,5-8=54,9-16=86,17-32=94,33-64=68)
[MCTS WIDTH BY DEPTH] depth=0 count=349 min=3 mean=6.91 median=7 p90=10 p95=10 max=10
[MCTS WIDTH COUNTS BY DEPTH] depth=0 counts=(3=45,4=26,5=30,6=41,7=42,8=53,9=60,10=52)
[MCTS WIDTH BY DEPTH] depth=1 count=340 min=3 mean=6.84 median=7 p90=10 p95=10 max=10
[MCTS WIDTH COUNTS BY DEPTH] depth=1 counts=(3=44,4=27,5=30,6=41,7=41,8=53,9=60,10=44)
[MCTS WIDTH BY DEPTH] depth=2 count=331 min=3 mean=6.28 median=7 p90=9 p95=9 max=9
[MCTS WIDTH COUNTS BY DEPTH] depth=2 counts=(3=61,4=27,5=30,6=41,7=41,8=75,9=56)
[MCTS WIDTH BY DEPTH] depth=3-4 count=630 min=3 mean=5.21 median=5 p90=7 p95=8 max=8
[MCTS WIDTH COUNTS BY DEPTH] depth=3-4 counts=(3=170,4=56,5=99,6=132,7=123,8=50)
[MCTS WIDTH BY DEPTH] depth=5-9 count=1323 min=3 mean=3.35 median=3 p90=5 p95=5 max=6
[MCTS WIDTH COUNTS BY DEPTH] depth=5-9 counts=(3=1036,4=152,5=98,6=37)
[MCTS WIDTH BY DEPTH] depth=10-19 count=1819 min=3 mean=3.12 median=3 p90=4 p95=4 max=5
[MCTS WIDTH COUNTS BY DEPTH] depth=10-19 counts=(3=1635,4=155,5=29)
[MCTS WIDTH BY DEPTH] depth=20-49 count=1963 min=3 mean=3.01 median=3 p90=3 p95=3 max=4
[MCTS WIDTH COUNTS BY DEPTH] depth=20-49 counts=(3=1944,4=19)
[MCTS WIDTH BY DEPTH] depth=50-99 count=95 min=2 mean=2.97 median=3 p90=3 p95=3 max=3
[MCTS WIDTH COUNTS BY DEPTH] depth=50-99 counts=(2=3,3=92)
[MCTS DEPTH SUMMARY] selection_depths=(count=350 min=0 mean=19.33 median=15 p90=44 p95=50 max=59) horizon_cutoffs=(count=0)
[MCTS ACTION SUMMARY] selected_raw_policy_ranks=(count=5 min=1 mean=1.00 median=1 p90=1 p95=1 max=1) known_goal_decisions=0 infeasible_known_goal_decisions=0
[MCTS TIME SUMMARY] selection=0.262498s expansion=15.422297s successor_generation=1.030097s network_inference=14.284698s evaluation=1.255958s backpropagation=0.044649s
[2026-09-14 15:35:29,793] [INFO] [enhspwrapper.py:224] Deleted temp file: /tmp/domain_heuristic_6hlibaw7.pddl
[2026-09-14 15:35:29,793] [INFO] [enhspwrapper.py:224] Deleted temp file: /tmp/instance_heuristic_e9se223k.pddl
[2026-09-14 15:35:29,794] [WARNING] [enhspwrapper.py:226] Failed to delete temp file /tmp/domain_heuristic_6hlibaw7.pddl: [Errno 2] No such file or directory: '/tmp/domain_heuristic_6hlibaw7.pddl'
[2026-09-14 15:35:29,794] [WARNING] [enhspwrapper.py:226] Failed to delete temp file /tmp/instance_heuristic_e9se223k.pddl: [Errno 2] No such file or directory: '/tmp/instance_heuristic_e9se223k.pddl'
[EVAL INSTANCE] completed number=1 path=../problems/numeric/mprime/instances/pfile01.pddl status=success elapsed=29.57s success=1.0 steps=5
[EVAL][PLAN] EASY       | pfile01.pddl | steps=5 | plan=['overcome abrasion rest pork', 'feast rest pork lamb', 'feast rest lamb flounder', 'feast rest flounder rice', 'succumb abrasion rest rice']
[EVAL INSTANCE] started number=4 path=../problems/numeric/mprime/instances/pfile05.pddl pid=1637455
mdpsim:../problems/numeric/mprime/domain.pddl:3: assuming `:typing' requirement
mdpsim:../problems/numeric/mprime/domain.pddl:15: assuming `:fluents' requirement
[MCTS SEARCH SUMMARY] progressive_widening=True iterations_per_search=70 search_calls=9 nodes=1125 peak_nodes=1125 widening_events=526
[MCTS WIDTH SUMMARY] final_widths=(count=1125 min=0 mean=1.13 median=0 p90=3 p95=3 max=14) root_widths=(count=9 min=4 mean=9.78 median=10 p90=14 p95=14 max=14) widen_event_widths=(count=526 min=1 mean=4.12 median=3 p90=8 p95=10 max=14) admitted_policy_ranks=(count=1268 min=1 mean=1.88 median=2 p90=3 p95=3 max=3)
[MCTS DISTRIBUTION] final_width_counts=(0=750,1=4,3=325,4=27,5=5,7=1,8=1,9=1,10=3,11=1,12=2,13=3,14=2) node_visit_bins=(0=631,1=117,2=49,3-4=43,5-8=45,9-16=43,17-32=84,33-64=91,65-128=8,129+=14) selection_depth_bins=(0=13,1=12,2=14,3-4=29,5-8=94,9-16=164,17-32=153,33-64=151)
[MCTS WIDTH BY DEPTH] depth=0 count=629 min=3 mean=9.24 median=10 p90=13 p95=13 max=14
[MCTS WIDTH COUNTS BY DEPTH] depth=0 counts=(3=45,4=26,5=30,6=41,7=42,8=53,9=60,10=67,11=72,12=81,13=86,14=26)
[MCTS WIDTH BY DEPTH] depth=1 count=616 min=3 mean=9.15 median=10 p90=13 p95=13 max=14
[MCTS WIDTH COUNTS BY DEPTH] depth=1 counts=(3=44,4=27,5=30,6=41,7=41,8=53,9=60,10=67,11=73,12=80,13=86,14=14)
[MCTS WIDTH BY DEPTH] depth=2 count=602 min=3 mean=8.98 median=10 p90=12 p95=13 max=13
[MCTS WIDTH COUNTS BY DEPTH] depth=2 counts=(3=44,4=27,5=30,6=41,7=41,8=53,9=60,10=67,11=72,12=113,13=54)
[MCTS WIDTH BY DEPTH] depth=3-4 count=1163 min=3 mean=8.56 median=9 p90=12 p95=12 max=13
[MCTS WIDTH COUNTS BY DEPTH] depth=3-4 counts=(3=101,4=55,5=60,6=82,7=87,8=101,9=120,10=157,11=243,12=143,13=14)
[MCTS WIDTH BY DEPTH] depth=5-9 count=2533 min=3 mean=6.20 median=6 p90=9 p95=10 max=11
[MCTS WIDTH COUNTS BY DEPTH] depth=5-9 counts=(3=607,4=198,5=217,6=299,7=320,8=329,9=325,10=201,11=37)
[MCTS WIDTH BY DEPTH] depth=10-19 count=3348 min=3 mean=3.14 median=3 p90=4 p95=4 max=7
[MCTS WIDTH COUNTS BY DEPTH] depth=10-19 counts=(3=2993,4=272,5=66,6=14,7=3)
[MCTS WIDTH BY DEPTH] depth=20-49 count=3356 min=0 mean=2.96 median=3 p90=3 p95=3 max=5
[MCTS WIDTH COUNTS BY DEPTH] depth=20-49 counts=(0=27,1=76,3=3162,4=75,5=16)
[MCTS DEPTH SUMMARY] selection_depths=(count=630 min=0 mean=19.04 median=16 p90=38 p95=40 max=48) horizon_cutoffs=(count=0)
[MCTS ACTION SUMMARY] selected_raw_policy_ranks=(count=9 min=1 mean=1.00 median=1 p90=1 p95=1 max=1) known_goal_decisions=0 infeasible_known_goal_decisions=0
[MCTS TIME SUMMARY] selection=0.551868s expansion=19.584577s successor_generation=4.514574s network_inference=14.804211s evaluation=2.958906s backpropagation=0.079148s
[2026-09-14 15:35:34,417] [INFO] [enhspwrapper.py:224] Deleted temp file: /tmp/domain_heuristic_qdkb5akc.pddl
[2026-09-14 15:35:34,418] [INFO] [enhspwrapper.py:224] Deleted temp file: /tmp/instance_heuristic_g19ipmnn.pddl
[2026-09-14 15:35:34,418] [WARNING] [enhspwrapper.py:226] Failed to delete temp file /tmp/domain_heuristic_qdkb5akc.pddl: [Errno 2] No such file or directory: '/tmp/domain_heuristic_qdkb5akc.pddl'
[2026-09-14 15:35:34,418] [WARNING] [enhspwrapper.py:226] Failed to delete temp file /tmp/instance_heuristic_g19ipmnn.pddl: [Errno 2] No such file or directory: '/tmp/instance_heuristic_g19ipmnn.pddl'
[EVAL INSTANCE] completed number=3 path=../problems/numeric/mprime/instances/pfile04.pddl status=success elapsed=34.34s success=1.0 steps=9
[EVAL][PLAN] EASY       | pfile04.pddl | steps=9 | plan=['feast aesthetics shrimp cherry', 'feast aesthetics cherry arugula', 'feast aesthetics arugula wurst', 'drink bacon wurst', 'feast aesthetics wurst grapefruit', 'overcome sciatica aesthetics grapefruit', 'drink muffin grapefruit', 'feast aesthetics grapefruit wurst', 'succumb sciatica aesthetics wurst']
[EVAL INSTANCE] started number=5 path=../problems/numeric/mprime/instances/pfile09.pddl pid=1637497
mdpsim:../problems/numeric/mprime/domain.pddl:3: assuming `:typing' requirement
mdpsim:../problems/numeric/mprime/domain.pddl:15: assuming `:fluents' requirement
[EVAL|Easy|1637261] Setting C/Python/Numpy/TF seeds to 534933608
Starting [EVAL|Easy|1637261] on instance [1] ../problems/numeric/mprime/instances/pfile02.pddl
Starting to parse mdpsim problem: mprime-x-2
Finished parsing mdpsim problem: mprime-x-2
[EVAL|Easy|1637261] ACTION POLICY INITIALIZED
[EVAL|Easy|1637261] policy_class = ArgmaxGoalChasePathDuplicatePenaltyPolicy
[EVAL|Easy|1637261] distance_threshold = inf
[EVAL|Easy|1637261] duplicate_penalty = 0.0
[EVAL|Easy|1637261] root_visit_tie_break = action_id
[2026-09-14 15:35:52,784] [INFO] [enhspwrapper.py:84] Created temporary domain file: /tmp/domain_heuristic_aoot6fxq.pddl
[2026-09-14 15:35:52,785] [INFO] [enhspwrapper.py:93] Created temporary instance file: /tmp/instance_heuristic_5ux26u_3.pddl
[2026-09-14 15:35:53,362] [INFO] [enhspwrapper.py:51] Starting the heuristic server with config: hmrp-ha-gbfs
[EVAL|Easy|1637497] Setting C/Python/Numpy/TF seeds to 534933611
Starting [EVAL|Easy|1637497] on instance [4] ../problems/numeric/mprime/instances/pfile09.pddl
Starting to parse mdpsim problem: mprime-x-9
Finished parsing mdpsim problem: mprime-x-9
[EVAL|Easy|1637497] ACTION POLICY INITIALIZED
[EVAL|Easy|1637497] policy_class = ArgmaxGoalChasePathDuplicatePenaltyPolicy
[EVAL|Easy|1637497] distance_threshold = inf
[EVAL|Easy|1637497] duplicate_penalty = 0.0
[EVAL|Easy|1637497] root_visit_tie_break = action_id
[2026-09-14 15:36:08,060] [INFO] [enhspwrapper.py:84] Created temporary domain file: /tmp/domain_heuristic_fy_xh9tu.pddl
[2026-09-14 15:36:08,061] [INFO] [enhspwrapper.py:93] Created temporary instance file: /tmp/instance_heuristic_y7h_v4_c.pddl
[2026-09-14 15:36:08,688] [INFO] [enhspwrapper.py:51] Starting the heuristic server with config: hmrp-ha-gbfs
[EVAL|Easy|1637455] Setting C/Python/Numpy/TF seeds to 534933610
Starting [EVAL|Easy|1637455] on instance [3] ../problems/numeric/mprime/instances/pfile05.pddl
Starting to parse mdpsim problem: mprime-x-5
Finished parsing mdpsim problem: mprime-x-5
[EVAL|Easy|1637455] ACTION POLICY INITIALIZED
[EVAL|Easy|1637455] policy_class = ArgmaxGoalChasePathDuplicatePenaltyPolicy
[EVAL|Easy|1637455] distance_threshold = inf
[EVAL|Easy|1637455] duplicate_penalty = 0.0
[EVAL|Easy|1637455] root_visit_tie_break = action_id
[2026-09-14 15:36:16,262] [INFO] [enhspwrapper.py:84] Created temporary domain file: /tmp/domain_heuristic_rbjr5_e8.pddl
[2026-09-14 15:36:16,263] [INFO] [enhspwrapper.py:93] Created temporary instance file: /tmp/instance_heuristic__xvx_e5b.pddl
[2026-09-14 15:36:16,978] [INFO] [enhspwrapper.py:51] Starting the heuristic server with config: hmrp-ha-gbfs
[MCTS SEARCH SUMMARY] progressive_widening=True iterations_per_search=70 search_calls=8 nodes=933 peak_nodes=933 widening_events=480
[MCTS WIDTH SUMMARY] final_widths=(count=933 min=0 mean=1.29 median=0 p90=3 p95=4 max=13) root_widths=(count=8 min=4 mean=9.25 median=9 p90=13 p95=13 max=13) widen_event_widths=(count=480 min=3 mean=3.75 median=3 p90=6 p95=8 max=13) admitted_policy_ranks=(count=1206 min=1 mean=1.90 median=2 p90=3 p95=3 max=3)
[MCTS DISTRIBUTION] final_width_counts=(0=570,3=313,4=34,5=5,6=1,7=2,8=1,9=1,10=2,11=1,12=1,13=2) node_visit_bins=(0=490,1=82,2=12,3-4=19,5-8=26,9-16=49,17-32=96,33-64=138,65-128=11,129+=10) selection_depth_bins=(0=12,1=11,2=13,3-4=32,5-8=77,9-16=110,17-32=134,33-64=171)
[MCTS WIDTH BY DEPTH] depth=0 count=559 min=3 mean=8.72 median=9 p90=12 p95=13 max=13
[MCTS WIDTH COUNTS BY DEPTH] depth=0 counts=(3=45,4=26,5=30,6=41,7=42,8=53,9=60,10=67,11=72,12=80,13=43)
[MCTS WIDTH BY DEPTH] depth=1 count=547 min=3 mean=8.64 median=9 p90=12 p95=13 max=13
[MCTS WIDTH COUNTS BY DEPTH] depth=1 counts=(3=44,4=27,5=30,6=41,7=41,8=53,9=60,10=67,11=72,12=80,13=32)
[MCTS WIDTH BY DEPTH] depth=2 count=535 min=3 mean=7.81 median=8 p90=11 p95=12 max=12
[MCTS WIDTH COUNTS BY DEPTH] depth=2 counts=(3=51,4=52,5=38,6=41,7=41,8=53,9=60,10=94,11=72,12=33)
[MCTS WIDTH BY DEPTH] depth=3-4 count=1024 min=3 mean=6.40 median=7 p90=10 p95=10 max=11
[MCTS WIDTH COUNTS BY DEPTH] depth=3-4 counts=(3=235,4=112,5=65,6=84,7=95,8=141,9=173,10=91,11=28)
[MCTS WIDTH BY DEPTH] depth=5-9 count=2216 min=3 mean=3.99 median=3 p90=6 p95=7 max=9
[MCTS WIDTH COUNTS BY DEPTH] depth=5-9 counts=(3=1267,4=358,5=203,6=182,7=145,8=54,9=7)
[MCTS WIDTH BY DEPTH] depth=10-19 count=3233 min=3 mean=3.03 median=3 p90=3 p95=3 max=4
[MCTS WIDTH COUNTS BY DEPTH] depth=10-19 counts=(3=3151,4=82)
[MCTS WIDTH BY DEPTH] depth=20-49 count=4265 min=3 mean=3.02 median=3 p90=3 p95=3 max=4
[MCTS WIDTH COUNTS BY DEPTH] depth=20-49 counts=(3=4199,4=66)
[MCTS WIDTH BY DEPTH] depth=50-99 count=8 min=3 mean=3.00 median=3 p90=3 p95=3 max=3
[MCTS WIDTH COUNTS BY DEPTH] depth=50-99 counts=(3=8)
[MCTS DEPTH SUMMARY] selection_depths=(count=560 min=0 mean=21.77 median=18 p90=44 p95=46 max=52) horizon_cutoffs=(count=0)
[MCTS ACTION SUMMARY] selected_raw_policy_ranks=(count=8 min=1 mean=1.00 median=1 p90=1 p95=1 max=1) known_goal_decisions=0 infeasible_known_goal_decisions=0
[MCTS TIME SUMMARY] selection=0.479425s expansion=62.097069s successor_generation=15.352043s network_inference=46.236945s evaluation=10.349284s backpropagation=0.079283s
[2026-09-14 15:36:43,657] [INFO] [enhspwrapper.py:224] Deleted temp file: /tmp/domain_heuristic_aoot6fxq.pddl
[2026-09-14 15:36:43,657] [INFO] [enhspwrapper.py:224] Deleted temp file: /tmp/instance_heuristic_5ux26u_3.pddl
[2026-09-14 15:36:43,657] [WARNING] [enhspwrapper.py:226] Failed to delete temp file /tmp/domain_heuristic_aoot6fxq.pddl: [Errno 2] No such file or directory: '/tmp/domain_heuristic_aoot6fxq.pddl'
[2026-09-14 15:36:43,657] [WARNING] [enhspwrapper.py:226] Failed to delete temp file /tmp/instance_heuristic_5ux26u_3.pddl: [Errno 2] No such file or directory: '/tmp/instance_heuristic_5ux26u_3.pddl'
[EVAL INSTANCE] completed number=2 path=../problems/numeric/mprime/instances/pfile02.pddl status=success elapsed=103.47s success=1.0 steps=8
[EVAL][PLAN] EASY       | pfile02.pddl | steps=8 | plan=['overcome grief-7 entertainment ham', 'feast satiety onion beef', 'feast entertainment ham muffin', 'overcome depression-1 entertainment muffin', 'feast entertainment muffin onion', 'feast entertainment onion beef', 'succumb grief-7 entertainment beef', 'succumb depression-1 entertainment beef']
[EVAL INSTANCE] started number=6 path=../problems/numeric/mprime/instances/pfile13.pddl pid=1637648
mdpsim:../problems/numeric/mprime/domain.pddl:3: assuming `:typing' requirement
mdpsim:../problems/numeric/mprime/domain.pddl:15: assuming `:fluents' requirement
[MCTS SEARCH SUMMARY] progressive_widening=True iterations_per_search=70 search_calls=14 nodes=864 peak_nodes=864 widening_events=663
[MCTS WIDTH SUMMARY] final_widths=(count=864 min=0 mean=1.65 median=0 p90=3 p95=5 max=16) root_widths=(count=14 min=4 mean=11.36 median=12 p90=15 p95=16 max=16) widen_event_widths=(count=663 min=2 mean=4.57 median=3 p90=8 p95=11 max=16) admitted_policy_ranks=(count=1426 min=1 mean=1.80 median=2 p90=3 p95=3 max=3)
[MCTS DISTRIBUTION] final_width_counts=(0=482,2=1,3=297,4=39,5=9,6=8,7=5,8=6,9=6,10=1,11=1,13=4,14=2,15=2,16=1) node_visit_bins=(0=322,1=162,2=19,3-4=33,5-8=36,9-16=72,17-32=82,33-64=87,65-128=20,129+=31) selection_depth_bins=(0=18,1=16,2=20,3-4=50,5-8=120,9-16=229,17-32=450,33-64=77)
[MCTS WIDTH BY DEPTH] depth=0 count=979 min=3 mean=10.81 median=12 p90=15 p95=15 max=16
[MCTS WIDTH COUNTS BY DEPTH] depth=0 counts=(3=45,4=26,5=30,6=41,7=42,8=53,9=60,10=67,11=72,12=154,13=184,14=97,15=100,16=8)
[MCTS WIDTH BY DEPTH] depth=1 count=961 min=3 mean=10.46 median=11 p90=14 p95=15 max=15
[MCTS WIDTH COUNTS BY DEPTH] depth=1 counts=(3=63,4=27,5=30,6=41,7=41,8=53,9=60,10=67,11=107,12=156,13=130,14=92,15=94)
[MCTS WIDTH BY DEPTH] depth=2 count=941 min=3 mean=9.39 median=10 p90=14 p95=14 max=15
[MCTS WIDTH COUNTS BY DEPTH] depth=2 counts=(3=114,4=27,5=30,6=41,7=41,8=100,9=69,10=67,11=130,12=124,13=94,14=92,15=12)
[MCTS WIDTH BY DEPTH] depth=3-4 count=1812 min=3 mean=7.88 median=8 p90=12 p95=13 max=14
[MCTS WIDTH COUNTS BY DEPTH] depth=3-4 counts=(3=358,4=79,5=83,6=156,7=142,8=101,9=173,10=211,11=207,12=160,13=118,14=24)
[MCTS WIDTH BY DEPTH] depth=5-9 count=4015 min=3 mean=5.70 median=5 p90=9 p95=10 max=12
[MCTS WIDTH COUNTS BY DEPTH] depth=5-9 counts=(3=1340,4=392,5=356,6=380,7=394,8=447,9=334,10=230,11=106,12=36)
[MCTS WIDTH BY DEPTH] depth=10-19 count=5804 min=2 mean=4.05 median=3 p90=7 p95=7 max=9
[MCTS WIDTH COUNTS BY DEPTH] depth=10-19 counts=(2=3,3=3388,4=713,5=613,6=491,7=358,8=183,9=55)
[MCTS WIDTH BY DEPTH] depth=20-49 count=3588 min=3 mean=3.22 median=3 p90=4 p95=5 max=8
[MCTS WIDTH COUNTS BY DEPTH] depth=20-49 counts=(3=3107,4=293,5=113,6=42,7=32,8=1)
[MCTS DEPTH SUMMARY] selection_depths=(count=980 min=0 mean=17.86 median=18 p90=31 p95=36 max=41) horizon_cutoffs=(count=0)
[MCTS ACTION SUMMARY] selected_raw_policy_ranks=(count=14 min=1 mean=1.21 median=1 p90=1 p95=4 max=4) known_goal_decisions=0 infeasible_known_goal_decisions=0
[MCTS TIME SUMMARY] selection=0.862112s expansion=51.495213s successor_generation=10.949235s network_inference=40.063667s evaluation=12.466497s backpropagation=0.126673s
[2026-09-14 15:36:55,506] [INFO] [enhspwrapper.py:224] Deleted temp file: /tmp/domain_heuristic_fy_xh9tu.pddl
[2026-09-14 15:36:55,507] [INFO] [enhspwrapper.py:224] Deleted temp file: /tmp/instance_heuristic_y7h_v4_c.pddl
[2026-09-14 15:36:55,507] [WARNING] [enhspwrapper.py:226] Failed to delete temp file /tmp/domain_heuristic_fy_xh9tu.pddl: [Errno 2] No such file or directory: '/tmp/domain_heuristic_fy_xh9tu.pddl'
[2026-09-14 15:36:55,507] [WARNING] [enhspwrapper.py:226] Failed to delete temp file /tmp/instance_heuristic_y7h_v4_c.pddl: [Errno 2] No such file or directory: '/tmp/instance_heuristic_y7h_v4_c.pddl'
[EVAL INSTANCE] completed number=5 path=../problems/numeric/mprime/instances/pfile09.pddl status=success elapsed=80.89s success=1.0 steps=14
[EVAL][PLAN] EASY       | pfile09.pddl | steps=14 | plan=['overcome jealousy excitement guava', 'overcome sciatica entertainment flounder', 'feast excitement guava haroset', 'feast entertainment flounder hamburger', 'succumb sciatica entertainment hamburger', 'feast curiosity hotdog wurst', 'succumb jealousy excitement haroset', 'overcome jealousy intoxication haroset', 'drink guava hotdog', 'feast intoxication haroset guava', 'feast intoxication guava apple', 'feast intoxication apple hotdog', 'feast intoxication hotdog wurst', 'succumb jealousy intoxication wurst']
[EVAL INSTANCE] started number=7 path=../problems/numeric/mprime/instances/pfile14.pddl pid=1637735
mdpsim:../problems/numeric/mprime/domain.pddl:3: assuming `:typing' requirement
mdpsim:../problems/numeric/mprime/domain.pddl:15: assuming `:fluents' requirement
[MCTS SEARCH SUMMARY] progressive_widening=True iterations_per_search=70 search_calls=12 nodes=616 peak_nodes=616 widening_events=576
[MCTS WIDTH SUMMARY] final_widths=(count=616 min=0 mean=1.94 median=3 p90=4 p95=7 max=16) root_widths=(count=12 min=4 mean=11.17 median=11 p90=15 p95=16 max=16) widen_event_widths=(count=576 min=3 mean=4.85 median=3 p90=9 p95=11 max=16) admitted_policy_ranks=(count=1194 min=1 mean=1.78 median=2 p90=3 p95=3 max=3)
[MCTS DISTRIBUTION] final_width_counts=(0=307,3=246,4=21,5=4,6=6,7=8,8=5,9=6,10=4,11=1,12=1,13=1,14=2,15=2,16=2) node_visit_bins=(0=187,1=119,2=12,3-4=23,5-8=65,9-16=78,17-32=49,33-64=37,65-128=13,129+=33) selection_depth_bins=(0=16,1=14,2=17,3-4=41,5-8=93,9-16=252,17-32=339,33-64=68)
[MCTS WIDTH BY DEPTH] depth=0 count=839 min=3 mean=10.62 median=11 p90=15 p95=15 max=16
[MCTS WIDTH COUNTS BY DEPTH] depth=0 counts=(3=45,4=26,5=30,6=41,7=42,8=53,9=60,10=67,11=72,12=80,13=86,14=104,15=103,16=30)
[MCTS WIDTH BY DEPTH] depth=1 count=823 min=3 mean=10.53 median=11 p90=15 p95=15 max=16
[MCTS WIDTH COUNTS BY DEPTH] depth=1 counts=(3=44,4=27,5=30,6=41,7=41,8=53,9=60,10=67,11=72,12=80,13=88,14=104,15=100,16=16)
[MCTS WIDTH BY DEPTH] depth=2 count=807 min=3 mean=10.17 median=11 p90=14 p95=14 max=15
[MCTS WIDTH COUNTS BY DEPTH] depth=2 counts=(3=54,4=27,5=30,6=41,7=41,8=53,9=60,10=67,11=72,12=80,13=116,14=132,15=34)
[MCTS WIDTH BY DEPTH] depth=3-4 count=1555 min=3 mean=9.00 median=9 p90=13 p95=13 max=14
[MCTS WIDTH COUNTS BY DEPTH] depth=3-4 counts=(3=140,4=54,5=61,6=123,7=182,8=104,9=120,10=134,11=145,12=243,13=203,14=46)
[MCTS WIDTH BY DEPTH] depth=5-9 count=3496 min=3 mean=6.28 median=6 p90=10 p95=11 max=12
[MCTS WIDTH COUNTS BY DEPTH] depth=5-9 counts=(3=793,4=306,5=402,6=444,7=367,8=376,9=302,10=248,11=198,12=60)
[MCTS WIDTH BY DEPTH] depth=10-19 count=4849 min=3 mean=4.35 median=3 p90=7 p95=8 max=10
[MCTS WIDTH COUNTS BY DEPTH] depth=10-19 counts=(3=2521,4=615,5=533,6=498,7=283,8=186,9=206,10=7)
[MCTS WIDTH BY DEPTH] depth=20-49 count=2842 min=3 mean=3.92 median=3 p90=7 p95=8 max=10
[MCTS WIDTH COUNTS BY DEPTH] depth=20-49 counts=(3=2055,4=196,5=111,6=87,7=123,8=168,9=101,10=1)
[MCTS DEPTH SUMMARY] selection_depths=(count=840 min=0 mean=17.48 median=16 p90=32 p95=34 max=41) horizon_cutoffs=(count=0)
[MCTS ACTION SUMMARY] selected_raw_policy_ranks=(count=12 min=1 mean=1.00 median=1 p90=1 p95=1 max=1) known_goal_decisions=0 infeasible_known_goal_decisions=0
[MCTS TIME SUMMARY] selection=0.751536s expansion=55.402150s successor_generation=11.368472s network_inference=43.329412s evaluation=10.939071s backpropagation=0.100153s
[2026-09-14 15:37:04,080] [INFO] [enhspwrapper.py:224] Deleted temp file: /tmp/domain_heuristic_rbjr5_e8.pddl
[2026-09-14 15:37:04,080] [INFO] [enhspwrapper.py:224] Deleted temp file: /tmp/instance_heuristic__xvx_e5b.pddl
[2026-09-14 15:37:04,080] [WARNING] [enhspwrapper.py:226] Failed to delete temp file /tmp/domain_heuristic_rbjr5_e8.pddl: [Errno 2] No such file or directory: '/tmp/domain_heuristic_rbjr5_e8.pddl'
[2026-09-14 15:37:04,080] [WARNING] [enhspwrapper.py:226] Failed to delete temp file /tmp/instance_heuristic__xvx_e5b.pddl: [Errno 2] No such file or directory: '/tmp/instance_heuristic__xvx_e5b.pddl'
[EVAL INSTANCE] completed number=4 path=../problems/numeric/mprime/instances/pfile05.pddl status=success elapsed=94.43s success=1.0 steps=12
[EVAL][PLAN] EASY       | pfile05.pddl | steps=12 | plan=['overcome grief satisfaction broccoli', 'drink turkey sweetroll', 'feast satisfaction broccoli chocolate', 'feast satisfaction chocolate shrimp', 'succumb grief satisfaction shrimp', 'feast lubricity sweetroll scallop', 'overcome loneliness lubricity scallop', 'drink broccoli sweetroll', 'drink broccoli scallop', 'feast lubricity scallop sweetroll', 'feast lubricity sweetroll shrimp', 'succumb loneliness lubricity shrimp']
[EVAL INSTANCE] started number=8 path=../problems/numeric/mprime/instances/pfile15.pddl pid=1637777
mdpsim:../problems/numeric/mprime/domain.pddl:3: assuming `:typing' requirement
mdpsim:../problems/numeric/mprime/domain.pddl:15: assuming `:fluents' requirement
[EVAL|Easy|1637777] Setting C/Python/Numpy/TF seeds to 534933614
Starting [EVAL|Easy|1637777] on instance [7] ../problems/numeric/mprime/instances/pfile15.pddl
Starting to parse mdpsim problem: mprime-x-15
Finished parsing mdpsim problem: mprime-x-15
[EVAL|Easy|1637777] ACTION POLICY INITIALIZED
[EVAL|Easy|1637777] policy_class = ArgmaxGoalChasePathDuplicatePenaltyPolicy
[EVAL|Easy|1637777] distance_threshold = inf
[EVAL|Easy|1637777] duplicate_penalty = 0.0
[EVAL|Easy|1637777] root_visit_tie_break = action_id
[2026-09-14 15:39:02,630] [INFO] [enhspwrapper.py:84] Created temporary domain file: /tmp/domain_heuristic_gu4uf7wn.pddl
[2026-09-14 15:39:02,631] [INFO] [enhspwrapper.py:93] Created temporary instance file: /tmp/instance_heuristic_rm13uqxu.pddl
[2026-09-14 15:39:04,016] [INFO] [enhspwrapper.py:51] Starting the heuristic server with config: hmrp-ha-gbfs
[EVAL|Easy|1637648] Setting C/Python/Numpy/TF seeds to 534933612
Starting [EVAL|Easy|1637648] on instance [5] ../problems/numeric/mprime/instances/pfile13.pddl
Starting to parse mdpsim problem: mprime-x-13
Finished parsing mdpsim problem: mprime-x-13
[EVAL|Easy|1637648] ACTION POLICY INITIALIZED
[EVAL|Easy|1637648] policy_class = ArgmaxGoalChasePathDuplicatePenaltyPolicy
[EVAL|Easy|1637648] distance_threshold = inf
[EVAL|Easy|1637648] duplicate_penalty = 0.0
[EVAL|Easy|1637648] root_visit_tie_break = action_id
[2026-09-14 15:42:16,809] [INFO] [enhspwrapper.py:84] Created temporary domain file: /tmp/domain_heuristic_0vht3mtb.pddl
[2026-09-14 15:42:16,809] [INFO] [enhspwrapper.py:93] Created temporary instance file: /tmp/instance_heuristic_cyxn7o24.pddl
[2026-09-14 15:42:19,863] [INFO] [enhspwrapper.py:51] Starting the heuristic server with config: hmrp-ha-gbfs
[EVAL|Easy|1637735] Setting C/Python/Numpy/TF seeds to 534933613
Starting [EVAL|Easy|1637735] on instance [6] ../problems/numeric/mprime/instances/pfile14.pddl
Starting to parse mdpsim problem: mprime-x-14
Finished parsing mdpsim problem: mprime-x-14
[EVAL|Easy|1637735] ACTION POLICY INITIALIZED
[EVAL|Easy|1637735] policy_class = ArgmaxGoalChasePathDuplicatePenaltyPolicy
[EVAL|Easy|1637735] distance_threshold = inf
[EVAL|Easy|1637735] duplicate_penalty = 0.0
[EVAL|Easy|1637735] root_visit_tie_break = action_id
[2026-09-14 15:45:36,652] [INFO] [enhspwrapper.py:84] Created temporary domain file: /tmp/domain_heuristic_qm4li8g_.pddl
[2026-09-14 15:45:36,653] [INFO] [enhspwrapper.py:93] Created temporary instance file: /tmp/instance_heuristic_rx9m0zc4.pddl
[2026-09-14 15:45:40,898] [INFO] [enhspwrapper.py:51] Starting the heuristic server with config: hmrp-ha-gbfs
[MCTS SEARCH SUMMARY] progressive_widening=True iterations_per_search=70 search_calls=40 nodes=6762 peak_nodes=6762 widening_events=2800
[MCTS WIDTH SUMMARY] final_widths=(count=6762 min=0 mean=1.08 median=0 p90=3 p95=3 max=13) root_widths=(count=40 min=4 mean=7.95 median=7 p90=12 p95=13 max=13) widen_event_widths=(count=2800 min=3 mean=3.62 median=3 p90=6 p95=7 max=13) admitted_policy_ranks=(count=7316 min=1 mean=1.93 median=2 p90=3 p95=3 max=3)
[MCTS DISTRIBUTION] final_width_counts=(0=4504,3=2112,4=43,5=11,6=24,7=21,8=13,9=9,10=9,11=9,12=3,13=4) node_visit_bins=(0=4069,1=441,2=91,3-4=166,5-8=298,9-16=499,17-32=755,33-64=334,65-128=37,129+=72) selection_depth_bins=(0=73,1=95,2=100,3-4=184,5-8=323,9-16=588,17-32=867,33-64=506,65-128=64)
[MCTS WIDTH BY DEPTH] depth=0 count=2799 min=3 mean=7.07 median=6 p90=12 p95=12 max=13
[MCTS WIDTH COUNTS BY DEPTH] depth=0 counts=(3=58,4=249,5=548,6=724,7=387,8=135,9=120,10=132,11=147,12=166,13=133)
[MCTS WIDTH BY DEPTH] depth=1 count=2679 min=3 mean=5.63 median=4 p90=11 p95=12 max=13
[MCTS WIDTH COUNTS BY DEPTH] depth=1 counts=(3=1073,4=328,5=313,6=164,7=98,8=100,9=120,10=134,11=148,12=157,13=44)
[MCTS WIDTH BY DEPTH] depth=2 count=2574 min=3 mean=4.86 median=3 p90=10 p95=11 max=12
[MCTS WIDTH COUNTS BY DEPTH] depth=2 counts=(3=1507,4=254,5=84,6=83,7=102,8=105,9=117,10=136,11=140,12=46)
[MCTS WIDTH BY DEPTH] depth=3-4 count=4844 min=3 mean=4.47 median=3 p90=9 p95=10 max=11
[MCTS WIDTH COUNTS BY DEPTH] depth=3-4 counts=(3=3166,4=320,5=201,6=156,7=189,8=212,9=237,10=235,11=128)
[MCTS WIDTH BY DEPTH] depth=5-9 count=10599 min=3 mean=3.95 median=3 p90=7 p95=9 max=11
[MCTS WIDTH COUNTS BY DEPTH] depth=5-9 counts=(3=8080,4=471,5=339,6=358,7=293,8=297,9=297,10=312,11=152)
[MCTS WIDTH BY DEPTH] depth=10-19 count=15535 min=3 mean=3.79 median=3 p90=7 p95=9 max=10
[MCTS WIDTH COUNTS BY DEPTH] depth=10-19 counts=(3=12474,4=440,5=375,6=408,7=455,8=529,9=588,10=266)
[MCTS WIDTH BY DEPTH] depth=20-49 count=16422 min=3 mean=3.74 median=3 p90=6 p95=7 max=9
[MCTS WIDTH COUNTS BY DEPTH] depth=20-49 counts=(3=12169,4=822,5=1006,6=1062,7=785,8=482,9=96)
[MCTS WIDTH BY DEPTH] depth=50-99 count=2154 min=3 mean=3.08 median=3 p90=3 p95=4 max=5
[MCTS WIDTH COUNTS BY DEPTH] depth=50-99 counts=(3=2030,4=81,5=43)
[MCTS DEPTH SUMMARY] selection_depths=(count=2800 min=0 mean=20.38 median=17 p90=42 p95=50 max=90) horizon_cutoffs=(count=0)
[MCTS ACTION SUMMARY] selected_raw_policy_ranks=(count=40 min=1 mean=1.68 median=1 p90=4 p95=5 max=12) known_goal_decisions=0 infeasible_known_goal_decisions=0
[MCTS TIME SUMMARY] selection=2.625910s expansion=2726.123769s successor_generation=2463.222442s network_inference=243.915431s evaluation=2084.383587s backpropagation=0.536352s
[2026-09-14 16:58:17,465] [INFO] [enhspwrapper.py:224] Deleted temp file: /tmp/domain_heuristic_gu4uf7wn.pddl
[2026-09-14 16:58:17,466] [INFO] [enhspwrapper.py:224] Deleted temp file: /tmp/instance_heuristic_rm13uqxu.pddl
[2026-09-14 16:58:17,466] [WARNING] [enhspwrapper.py:226] Failed to delete temp file /tmp/domain_heuristic_gu4uf7wn.pddl: [Errno 2] No such file or directory: '/tmp/domain_heuristic_gu4uf7wn.pddl'
[2026-09-14 16:58:17,466] [WARNING] [enhspwrapper.py:226] Failed to delete temp file /tmp/instance_heuristic_rm13uqxu.pddl: [Errno 2] No such file or directory: '/tmp/instance_heuristic_rm13uqxu.pddl'
[EVAL INSTANCE] completed number=8 path=../problems/numeric/mprime/instances/pfile15.pddl status=success elapsed=4873.32s success=1.0 steps=40
[EVAL][PLAN] EASY       | pfile15.pddl | steps=40 | plan=['feast understanding cod chicken', 'feast learning broccoli pistachio', 'overcome jealousy learning pistachio', 'feast learning pistachio okra', 'feast learning okra cucumber', 'feast aesthetics cucumber okra', 'feast learning cucumber okra', 'feast expectation lamb cantelope', 'feast lubricity okra pistachio', 'feast aesthetics okra pistachio', 'succumb jealousy learning okra', 'feast lubricity pistachio okra', 'feast aesthetics pistachio okra', 'overcome jealousy lubricity okra', 'feast empathy onion haroset', 'feast stimulation lobster cucumber', 'feast satiety haroset pepper', 'feast curiosity turkey pea', 'feast empathy haroset pepper', 'feast satiety pepper haroset', 'feast entertainment pepper haroset', 'feast entertainment haroset lemon', 'feast entertainment lemon broccoli', 'feast entertainment broccoli pistachio', 'feast understanding chicken cantelope', 'drink cod pistachio', 'feast understanding cantelope chicken', 'feast understanding chicken cantelope', 'feast understanding cantelope chicken', 'feast understanding chicken cantelope', 'feast understanding cantelope chicken', 'feast expectation cantelope chicken', 'feast expectation chicken cantelope', 'drink lamb okra', 'feast lubricity okra pistachio', 'feast lubricity pistachio broccoli', 'feast lubricity broccoli lemon', 'feast lubricity lemon cod', 'feast lubricity cod chicken', 'succumb jealousy lubricity chicken']
[EVAL INSTANCE] started number=9 path=../problems/numeric/mprime/instances/pfile16.pddl pid=1644529
mdpsim:../problems/numeric/mprime/domain.pddl:3: assuming `:typing' requirement
mdpsim:../problems/numeric/mprime/domain.pddl:15: assuming `:fluents' requirement
[EVAL|Easy|1644529] Setting C/Python/Numpy/TF seeds to 534933615
Starting [EVAL|Easy|1644529] on instance [8] ../problems/numeric/mprime/instances/pfile16.pddl
Starting to parse mdpsim problem: mprime-x-16
Finished parsing mdpsim problem: mprime-x-16
[EVAL|Easy|1644529] ACTION POLICY INITIALIZED
[EVAL|Easy|1644529] policy_class = ArgmaxGoalChasePathDuplicatePenaltyPolicy
[EVAL|Easy|1644529] distance_threshold = inf
[EVAL|Easy|1644529] duplicate_penalty = 0.0
[EVAL|Easy|1644529] root_visit_tie_break = action_id
[2026-09-14 16:59:21,993] [INFO] [enhspwrapper.py:84] Created temporary domain file: /tmp/domain_heuristic_76t9swzq.pddl
[2026-09-14 16:59:21,993] [INFO] [enhspwrapper.py:93] Created temporary instance file: /tmp/instance_heuristic_7akm4hh7.pddl
[2026-09-14 16:59:23,219] [INFO] [enhspwrapper.py:51] Starting the heuristic server with config: hmrp-ha-gbfs
[MCTS SEARCH SUMMARY] progressive_widening=True iterations_per_search=70 search_calls=6 nodes=929 peak_nodes=929 widening_events=401
[MCTS WIDTH SUMMARY] final_widths=(count=929 min=0 mean=1.19 median=0 p90=3 p95=3 max=11) root_widths=(count=6 min=4 mean=8.17 median=8 p90=11 p95=11 max=11) widen_event_widths=(count=401 min=3 mean=3.42 median=3 p90=4 p95=7 max=11) admitted_policy_ranks=(count=1103 min=1 mean=1.95 median=2 p90=3 p95=3 max=3)
[MCTS DISTRIBUTION] final_width_counts=(0=578,3=340,4=1,5=2,6=1,7=2,8=1,9=1,10=1,11=2) node_visit_bins=(0=541,1=40,2=11,3-4=14,5-8=23,9-16=71,17-32=157,33-64=62,65-128=3,129+=7) selection_depth_bins=(0=10,1=10,2=11,3-4=25,5-8=54,9-16=77,17-32=138,33-64=95)
[MCTS WIDTH BY DEPTH] depth=0 count=419 min=3 mean=7.50 median=8 p90=11 p95=11 max=11
[MCTS WIDTH COUNTS BY DEPTH] depth=0 counts=(3=45,4=26,5=30,6=42,7=42,8=60,9=60,10=67,11=47)
[MCTS WIDTH BY DEPTH] depth=1 count=409 min=3 mean=7.40 median=8 p90=10 p95=11 max=11
[MCTS WIDTH COUNTS BY DEPTH] depth=1 counts=(3=44,4=28,5=30,6=41,7=48,8=53,9=60,10=67,11=38)
[MCTS WIDTH BY DEPTH] depth=2 count=398 min=3 mean=6.21 median=6 p90=9 p95=10 max=10
[MCTS WIDTH COUNTS BY DEPTH] depth=2 counts=(3=90,4=27,5=37,6=57,7=47,8=52,9=60,10=28)
[MCTS WIDTH BY DEPTH] depth=3-4 count=752 min=3 mean=4.59 median=4 p90=7 p95=8 max=9
[MCTS WIDTH COUNTS BY DEPTH] depth=3-4 counts=(3=345,4=73,5=90,6=103,7=81,8=47,9=13)
[MCTS WIDTH BY DEPTH] depth=5-9 count=1628 min=3 mean=3.18 median=3 p90=4 p95=5 max=6
[MCTS WIDTH COUNTS BY DEPTH] depth=5-9 counts=(3=1445,4=97,5=68,6=18)
[MCTS WIDTH BY DEPTH] depth=10-19 count=2470 min=3 mean=3.00 median=3 p90=3 p95=3 max=3
[MCTS WIDTH COUNTS BY DEPTH] depth=10-19 counts=(3=2470)
[MCTS WIDTH BY DEPTH] depth=20-49 count=2577 min=3 mean=3.00 median=3 p90=3 p95=3 max=3
[MCTS WIDTH COUNTS BY DEPTH] depth=20-49 counts=(3=2577)
[MCTS DEPTH SUMMARY] selection_depths=(count=420 min=0 mean=20.44 median=19 p90=41 p95=45 max=50) horizon_cutoffs=(count=0)
[MCTS ACTION SUMMARY] selected_raw_policy_ranks=(count=6 min=1 mean=1.00 median=1 p90=1 p95=1 max=1) known_goal_decisions=0 infeasible_known_goal_decisions=0
[MCTS TIME SUMMARY] selection=0.299219s expansion=95.500190s successor_generation=22.600704s network_inference=72.332526s evaluation=9.030435s backpropagation=0.061462s
[2026-09-14 17:00:36,623] [INFO] [enhspwrapper.py:224] Deleted temp file: /tmp/domain_heuristic_76t9swzq.pddl
[2026-09-14 17:00:36,624] [INFO] [enhspwrapper.py:224] Deleted temp file: /tmp/instance_heuristic_7akm4hh7.pddl
[2026-09-14 17:00:36,624] [WARNING] [enhspwrapper.py:226] Failed to delete temp file /tmp/domain_heuristic_76t9swzq.pddl: [Errno 2] No such file or directory: '/tmp/domain_heuristic_76t9swzq.pddl'
[2026-09-14 17:00:36,624] [WARNING] [enhspwrapper.py:226] Failed to delete temp file /tmp/instance_heuristic_7akm4hh7.pddl: [Errno 2] No such file or directory: '/tmp/instance_heuristic_7akm4hh7.pddl'
[EVAL INSTANCE] completed number=9 path=../problems/numeric/mprime/instances/pfile16.pddl status=success elapsed=138.51s success=1.0 steps=6
[EVAL][PLAN] EASY       | pfile16.pddl | steps=6 | plan=['overcome abrasion learning baguette', 'overcome sciatica learning baguette', 'drink chocolate baguette', 'feast learning baguette rice', 'succumb abrasion learning rice', 'succumb sciatica learning rice']
[EVAL INSTANCE] started number=10 path=../problems/numeric/mprime/instances/pfile18.pddl pid=1644792
mdpsim:../problems/numeric/mprime/domain.pddl:3: assuming `:typing' requirement
mdpsim:../problems/numeric/mprime/domain.pddl:15: assuming `:fluents' requirement
[EVAL|Easy|1644792] Setting C/Python/Numpy/TF seeds to 534933616
Starting [EVAL|Easy|1644792] on instance [9] ../problems/numeric/mprime/instances/pfile18.pddl
Starting to parse mdpsim problem: mprime-x-18
Finished parsing mdpsim problem: mprime-x-18
[EVAL|Easy|1644792] ACTION POLICY INITIALIZED
[EVAL|Easy|1644792] policy_class = ArgmaxGoalChasePathDuplicatePenaltyPolicy
[EVAL|Easy|1644792] distance_threshold = inf
[EVAL|Easy|1644792] duplicate_penalty = 0.0
[EVAL|Easy|1644792] root_visit_tie_break = action_id
[2026-09-14 17:02:22,493] [INFO] [enhspwrapper.py:84] Created temporary domain file: /tmp/domain_heuristic_bkvy_gvl.pddl
[2026-09-14 17:02:22,493] [INFO] [enhspwrapper.py:93] Created temporary instance file: /tmp/instance_heuristic_jzbjqxvy.pddl
[2026-09-14 17:02:23,417] [INFO] [enhspwrapper.py:51] Starting the heuristic server with config: hmrp-ha-gbfs
[MCTS SEARCH SUMMARY] progressive_widening=True iterations_per_search=70 search_calls=24 nodes=4214 peak_nodes=4214 widening_events=1680
[MCTS WIDTH SUMMARY] final_widths=(count=4214 min=0 mean=1.04 median=0 p90=3 p95=3 max=20) root_widths=(count=24 min=4 mean=14.00 median=14 p90=20 p95=20 max=20) widen_event_widths=(count=1680 min=3 mean=4.32 median=3 p90=9 p95=13 max=20) admitted_policy_ranks=(count=4372 min=1 mean=1.92 median=2 p90=3 p95=3 max=3)
[MCTS DISTRIBUTION] final_width_counts=(0=2868,3=1298,4=14,5=7,6=2,7=2,9=1,10=2,11=1,12=1,13=1,14=3,15=1,16=2,17=3,18=1,19=2,20=5) node_visit_bins=(0=2574,1=295,2=41,3-4=87,5-8=161,9-16=295,17-32=500,33-64=226,65-128=9,129+=26) selection_depth_bins=(0=25,1=29,2=27,3-4=60,5-8=136,9-16=326,17-32=593,33-64=457,65-128=27)
[MCTS WIDTH BY DEPTH] depth=0 count=1679 min=3 mean=13.48 median=14 p90=20 p95=20 max=20
[MCTS WIDTH COUNTS BY DEPTH] depth=0 counts=(3=59,4=61,5=63,6=66,7=47,8=47,9=59,10=69,11=72,12=85,13=93,14=139,15=100,16=119,17=127,18=132,19=147,20=194)
[MCTS WIDTH BY DEPTH] depth=1 count=1650 min=3 mean=13.32 median=14 p90=20 p95=20 max=20
[MCTS WIDTH COUNTS BY DEPTH] depth=1 counts=(3=134,4=38,5=33,6=37,7=45,8=55,9=55,10=66,11=76,12=87,13=108,14=117,15=109,16=110,17=127,18=135,19=143,20=175)
[MCTS WIDTH BY DEPTH] depth=2 count=1619 min=3 mean=12.88 median=14 p90=19 p95=20 max=20
[MCTS WIDTH COUNTS BY DEPTH] depth=2 counts=(3=164,4=37,5=33,6=37,7=47,8=53,9=60,10=68,11=72,12=81,13=96,14=92,15=113,16=153,17=148,18=135,19=143,20=87)
[MCTS WIDTH BY DEPTH] depth=3-4 count=3149 min=3 mean=11.78 median=13 p90=18 p95=19 max=20
[MCTS WIDTH COUNTS BY DEPTH] depth=3-4 counts=(3=421,4=62,5=91,6=90,7=101,8=106,9=158,10=172,11=144,12=159,13=194,14=199,15=274,16=286,17=250,18=254,19=173,20=15)
[MCTS WIDTH BY DEPTH] depth=5-9 count=7284 min=3 mean=9.20 median=10 p90=16 p95=17 max=18
[MCTS WIDTH COUNTS BY DEPTH] depth=5-9 counts=(3=2061,4=181,5=209,6=260,7=258,8=307,9=317,10=340,11=371,12=497,13=535,14=576,15=542,16=427,17=285,18=118)
[MCTS WIDTH BY DEPTH] depth=10-19 count=11539 min=3 mean=5.22 median=3 p90=11 p95=12 max=15
[MCTS WIDTH COUNTS BY DEPTH] depth=10-19 counts=(3=6936,4=405,5=434,6=441,7=484,8=513,9=524,10=519,11=479,12=367,13=255,14=140,15=42)
[MCTS WIDTH BY DEPTH] depth=20-49 count=13719 min=3 mean=3.03 median=3 p90=3 p95=3 max=6
[MCTS WIDTH COUNTS BY DEPTH] depth=20-49 counts=(3=13458,4=175,5=63,6=23)
[MCTS WIDTH BY DEPTH] depth=50-99 count=1189 min=3 mean=3.00 median=3 p90=3 p95=3 max=3
[MCTS WIDTH COUNTS BY DEPTH] depth=50-99 counts=(3=1189)
[MCTS DEPTH SUMMARY] selection_depths=(count=1680 min=0 mean=24.70 median=22 p90=47 p95=56 max=71) horizon_cutoffs=(count=0)
[MCTS ACTION SUMMARY] selected_raw_policy_ranks=(count=24 min=1 mean=1.12 median=1 p90=1 p95=2 max=3) known_goal_decisions=0 infeasible_known_goal_decisions=0
[MCTS TIME SUMMARY] selection=2.443929s expansion=6083.648813s successor_generation=5301.476157s network_inference=740.643309s evaluation=1919.063071s backpropagation=0.377164s
[2026-09-14 17:54:47,279] [INFO] [enhspwrapper.py:224] Deleted temp file: /tmp/domain_heuristic_qm4li8g_.pddl
[2026-09-14 17:54:47,280] [INFO] [enhspwrapper.py:224] Deleted temp file: /tmp/instance_heuristic_rx9m0zc4.pddl
[2026-09-14 17:54:47,280] [WARNING] [enhspwrapper.py:226] Failed to delete temp file /tmp/domain_heuristic_qm4li8g_.pddl: [Errno 2] No such file or directory: '/tmp/domain_heuristic_qm4li8g_.pddl'
[2026-09-14 17:54:47,296] [WARNING] [enhspwrapper.py:226] Failed to delete temp file /tmp/instance_heuristic_rx9m0zc4.pddl: [Errno 2] No such file or directory: '/tmp/instance_heuristic_rx9m0zc4.pddl'
[EVAL INSTANCE] completed number=7 path=../problems/numeric/mprime/instances/pfile14.pddl status=success elapsed=8272.15s success=1.0 steps=24
[EVAL][PLAN] EASY       | pfile14.pddl | steps=24 | plan=['feast triumph pea potato', 'feast rest scallop lettuce', 'feast rest lettuce pistachio', 'overcome anxiety-25 rest pistachio', 'overcome prostatitis-23 rest pistachio', 'feast rest pistachio lettuce', 'feast rest lettuce scallop', 'feast rest scallop lemon', 'feast rest lemon cucumber', 'succumb anxiety-25 rest cucumber', 'overcome anxiety-25 aesthetics cucumber', 'feast aesthetics cucumber lemon', 'feast aesthetics lemon scallop', 'feast aesthetics scallop scallion', 'feast aesthetics scallion shrimp', 'feast aesthetics shrimp potato', 'succumb anxiety-25 aesthetics potato', 'feast rest cucumber lemon', 'drink scallop lemon', 'feast rest lemon scallop', 'feast rest scallop scallion', 'feast rest scallion shrimp', 'feast rest shrimp potato', 'succumb prostatitis-23 rest potato']
[EVAL INSTANCE] started number=11 path=../problems/numeric/mprime/instances/pfile19.pddl pid=1651072
mdpsim:../problems/numeric/mprime/domain.pddl:3: assuming `:typing' requirement
mdpsim:../problems/numeric/mprime/domain.pddl:15: assuming `:fluents' requirement
[MCTS SEARCH SUMMARY] progressive_widening=True iterations_per_search=70 search_calls=27 nodes=4094 peak_nodes=4094 widening_events=1763
[MCTS WIDTH SUMMARY] final_widths=(count=4094 min=0 mean=1.17 median=0 p90=3 p95=3 max=18) root_widths=(count=27 min=4 mean=10.37 median=9 p90=17 p95=17 max=18) widen_event_widths=(count=1763 min=3 mean=3.72 median=3 p90=5 p95=9 max=18) admitted_policy_ranks=(count=4789 min=1 mean=1.95 median=2 p90=3 p95=3 max=3)
[MCTS DISTRIBUTION] final_width_counts=(0=2581,3=1465,4=15,5=2,6=8,7=2,8=4,9=3,10=1,11=1,12=2,13=1,14=2,15=1,16=2,17=2,18=2) node_visit_bins=(0=2415,1=174,2=49,3-4=96,5-8=168,9-16=371,17-32=606,33-64=179,65-128=10,129+=26) selection_depth_bins=(0=40,1=42,2=46,3-4=106,5-8=213,9-16=449,17-32=663,33-64=331)
[MCTS WIDTH BY DEPTH] depth=0 count=1889 min=3 mean=9.72 median=8 p90=16 p95=17 max=18
[MCTS WIDTH COUNTS BY DEPTH] depth=0 counts=(3=48,4=109,5=176,6=232,7=200,8=197,9=114,10=71,11=81,12=80,13=93,14=97,15=103,16=116,17=127,18=45)
[MCTS WIDTH BY DEPTH] depth=1 count=1834 min=3 mean=8.75 median=8 p90=16 p95=17 max=18
[MCTS WIDTH COUNTS BY DEPTH] depth=1 counts=(3=487,4=94,5=106,6=119,7=104,8=69,9=64,10=76,11=72,12=81,13=96,14=92,15=113,16=105,17=127,18=29)
[MCTS WIDTH BY DEPTH] depth=2 count=1788 min=3 mean=8.30 median=7 p90=15 p95=16 max=17
[MCTS WIDTH COUNTS BY DEPTH] depth=2 counts=(3=553,4=104,5=75,6=111,7=66,8=51,9=69,10=67,11=114,12=110,13=86,14=92,15=113,16=118,17=59)
[MCTS WIDTH BY DEPTH] depth=3-4 count=3416 min=3 mean=7.27 median=5 p90=14 p95=15 max=16
[MCTS WIDTH COUNTS BY DEPTH] depth=3-4 counts=(3=1379,4=192,5=172,6=132,7=92,8=96,9=134,10=203,11=171,12=161,13=172,14=207,15=202,16=103)
[MCTS WIDTH BY DEPTH] depth=5-9 count=7544 min=3 mean=5.45 median=3 p90=11 p95=13 max=15
[MCTS WIDTH COUNTS BY DEPTH] depth=5-9 counts=(3=4546,4=206,5=206,6=230,7=271,8=312,9=338,10=335,11=360,12=319,13=249,14=140,15=32)
[MCTS WIDTH BY DEPTH] depth=10-19 count=10880 min=3 mean=3.36 median=3 p90=4 p95=6 max=10
[MCTS WIDTH COUNTS BY DEPTH] depth=10-19 counts=(3=9706,4=241,5=200,6=219,7=168,8=156,9=123,10=67)
[MCTS WIDTH BY DEPTH] depth=20-49 count=9275 min=3 mean=3.00 median=3 p90=3 p95=3 max=4
[MCTS WIDTH COUNTS BY DEPTH] depth=20-49 counts=(3=9253,4=22)
[MCTS WIDTH BY DEPTH] depth=50-99 count=7 min=3 mean=3.00 median=3 p90=3 p95=3 max=3
[MCTS WIDTH COUNTS BY DEPTH] depth=50-99 counts=(3=7)
[MCTS DEPTH SUMMARY] selection_depths=(count=1890 min=0 mean=19.18 median=17 p90=38 p95=42 max=50) horizon_cutoffs=(count=0)
[MCTS ACTION SUMMARY] selected_raw_policy_ranks=(count=27 min=1 mean=1.11 median=1 p90=1 p95=2 max=3) known_goal_decisions=0 infeasible_known_goal_decisions=0
[MCTS TIME SUMMARY] selection=1.750825s expansion=5063.664475s successor_generation=4515.199330s network_inference=524.690702s evaluation=3087.034160s backpropagation=0.355189s
[2026-09-14 17:55:42,091] [INFO] [enhspwrapper.py:224] Deleted temp file: /tmp/domain_heuristic_0vht3mtb.pddl
[2026-09-14 17:55:42,091] [INFO] [enhspwrapper.py:224] Deleted temp file: /tmp/instance_heuristic_cyxn7o24.pddl
[2026-09-14 17:55:42,091] [WARNING] [enhspwrapper.py:226] Failed to delete temp file /tmp/domain_heuristic_0vht3mtb.pddl: [Errno 2] No such file or directory: '/tmp/domain_heuristic_0vht3mtb.pddl'
[2026-09-14 17:55:42,091] [WARNING] [enhspwrapper.py:226] Failed to delete temp file /tmp/instance_heuristic_cyxn7o24.pddl: [Errno 2] No such file or directory: '/tmp/instance_heuristic_cyxn7o24.pddl'
[EVAL INSTANCE] completed number=6 path=../problems/numeric/mprime/instances/pfile13.pddl status=success elapsed=8338.37s success=1.0 steps=27
[EVAL][PLAN] EASY       | pfile13.pddl | steps=27 | plan=['feast love baguette lemon', 'overcome laceration-20 love lemon', 'overcome prostatitis-18 love lemon', 'feast love lemon baguette', 'feast love baguette lobster', 'succumb prostatitis-18 love lobster', 'feast love lobster papaya', 'feast intoxication yogurt chocolate', 'feast love papaya hamburger', 'feast love hamburger scallion', 'feast love scallion hamburger', 'feast love hamburger scallion', 'drink melon scallion', 'feast love scallion hamburger', 'succumb laceration-20 love hamburger', 'overcome laceration-20 aesthetics hamburger', 'drink flounder hamburger', 'feast aesthetics hamburger scallion', 'drink flounder scallion', 'feast aesthetics scallion flounder', 'feast aesthetics flounder lemon', 'feast aesthetics lemon onion', 'feast aesthetics onion turkey', 'feast aesthetics turkey potato', 'feast aesthetics potato muffin', 'feast aesthetics muffin ham', 'succumb laceration-20 aesthetics ham']
[EVAL INSTANCE] started number=12 path=../problems/numeric/mprime/instances/pfile20.pddl pid=1651235
mdpsim:../problems/numeric/mprime/domain.pddl:3: assuming `:typing' requirement
mdpsim:../problems/numeric/mprime/domain.pddl:15: assuming `:fluents' requirement
[EVAL|Easy|1651235] Setting C/Python/Numpy/TF seeds to 534933618
Starting [EVAL|Easy|1651235] on instance [11] ../problems/numeric/mprime/instances/pfile20.pddl
Starting to parse mdpsim problem: mprime-x-20
Finished parsing mdpsim problem: mprime-x-20
[EVAL|Easy|1651235] ACTION POLICY INITIALIZED
[EVAL|Easy|1651235] policy_class = ArgmaxGoalChasePathDuplicatePenaltyPolicy
[EVAL|Easy|1651235] distance_threshold = inf
[EVAL|Easy|1651235] duplicate_penalty = 0.0
[EVAL|Easy|1651235] root_visit_tie_break = action_id
[2026-09-14 17:56:41,491] [INFO] [enhspwrapper.py:84] Created temporary domain file: /tmp/domain_heuristic_86emgn6u.pddl
[2026-09-14 17:56:41,492] [INFO] [enhspwrapper.py:93] Created temporary instance file: /tmp/instance_heuristic_gy4iqy55.pddl
[2026-09-14 17:56:43,977] [INFO] [enhspwrapper.py:51] Starting the heuristic server with config: hmrp-ha-gbfs
[EVAL|Easy|1651072] Setting C/Python/Numpy/TF seeds to 534933617
Starting [EVAL|Easy|1651072] on instance [10] ../problems/numeric/mprime/instances/pfile19.pddl
Starting to parse mdpsim problem: mprime-x-19
Finished parsing mdpsim problem: mprime-x-19
[EVAL|Easy|1651072] ACTION POLICY INITIALIZED
[EVAL|Easy|1651072] policy_class = ArgmaxGoalChasePathDuplicatePenaltyPolicy
[EVAL|Easy|1651072] distance_threshold = inf
[EVAL|Easy|1651072] duplicate_penalty = 0.0
[EVAL|Easy|1651072] root_visit_tie_break = action_id
[2026-09-14 17:56:49,806] [INFO] [enhspwrapper.py:84] Created temporary domain file: /tmp/domain_heuristic_qnvr1imv.pddl
[2026-09-14 17:56:49,806] [INFO] [enhspwrapper.py:93] Created temporary instance file: /tmp/instance_heuristic_ci48gncw.pddl
[2026-09-14 17:56:51,868] [INFO] [enhspwrapper.py:51] Starting the heuristic server with config: hmrp-ha-gbfs
[MCTS SEARCH SUMMARY] progressive_widening=True iterations_per_search=70 search_calls=13 nodes=2197 peak_nodes=2197 widening_events=910
[MCTS WIDTH SUMMARY] final_widths=(count=2197 min=0 mean=1.06 median=0 p90=3 p95=3 max=14) root_widths=(count=13 min=4 mean=8.85 median=9 p90=13 p95=14 max=14) widen_event_widths=(count=910 min=3 mean=3.96 median=3 p90=7 p95=10 max=14) admitted_policy_ranks=(count=2326 min=1 mean=1.91 median=2 p90=3 p95=3 max=3)
[MCTS DISTRIBUTION] final_width_counts=(0=1489,3=660,4=19,5=7,6=4,7=2,9=2,10=1,11=1,12=1,13=8,14=3) node_visit_bins=(0=1316,1=175,2=34,3-4=59,5-8=95,9-16=166,17-32=175,33-64=143,65-128=16,129+=18) selection_depth_bins=(0=21,1=23,2=24,3-4=44,5-8=95,9-16=214,17-32=286,33-64=184,65-128=19)
[MCTS WIDTH BY DEPTH] depth=0 count=909 min=3 mean=8.06 median=8 p90=13 p95=14 max=14
[MCTS WIDTH COUNTS BY DEPTH] depth=0 counts=(3=101,4=118,5=98,6=72,7=46,8=47,9=60,10=67,11=72,12=83,13=94,14=51)
[MCTS WIDTH BY DEPTH] depth=1 count=882 min=3 mean=7.70 median=8 p90=13 p95=13 max=14
[MCTS WIDTH COUNTS BY DEPTH] depth=1 counts=(3=245,4=56,5=37,6=37,7=46,8=54,9=53,10=67,11=74,12=88,13=93,14=32)
[MCTS WIDTH BY DEPTH] depth=2 count=856 min=3 mean=7.58 median=8 p90=13 p95=13 max=14
[MCTS WIDTH COUNTS BY DEPTH] depth=2 counts=(3=253,4=44,5=33,6=37,7=46,8=53,9=60,10=67,11=74,12=83,13=86,14=20)
[MCTS WIDTH BY DEPTH] depth=3-4 count=1638 min=3 mean=7.36 median=8 p90=12 p95=13 max=13
[MCTS WIDTH COUNTS BY DEPTH] depth=3-4 counts=(3=533,4=50,5=66,6=74,7=92,8=106,9=120,10=134,11=144,12=160,13=159)
[MCTS WIDTH BY DEPTH] depth=5-9 count=3692 min=3 mean=7.16 median=7 p90=12 p95=12 max=13
[MCTS WIDTH COUNTS BY DEPTH] depth=5-9 counts=(3=1149,4=125,5=165,6=221,7=236,8=260,9=301,10=341,11=373,12=374,13=147)
[MCTS WIDTH BY DEPTH] depth=10-19 count=5405 min=3 mean=4.17 median=3 p90=8 p95=9 max=11
[MCTS WIDTH COUNTS BY DEPTH] depth=10-19 counts=(3=3476,4=510,5=331,6=284,7=239,8=232,9=186,10=108,11=39)
[MCTS WIDTH BY DEPTH] depth=20-49 count=6126 min=3 mean=3.00 median=3 p90=3 p95=3 max=4
[MCTS WIDTH COUNTS BY DEPTH] depth=20-49 counts=(3=6107,4=19)
[MCTS WIDTH BY DEPTH] depth=50-99 count=922 min=3 mean=3.00 median=3 p90=3 p95=3 max=3
[MCTS WIDTH COUNTS BY DEPTH] depth=50-99 counts=(3=922)
[MCTS DEPTH SUMMARY] selection_depths=(count=910 min=0 mean=22.23 median=18 p90=51 p95=59 max=75) horizon_cutoffs=(count=0)
[MCTS ACTION SUMMARY] selected_raw_policy_ranks=(count=13 min=1 mean=1.15 median=1 p90=2 p95=2 max=2) known_goal_decisions=0 infeasible_known_goal_decisions=0
[MCTS TIME SUMMARY] selection=0.728794s expansion=147.603898s successor_generation=60.283567s network_inference=83.817773s evaluation=51.026108s backpropagation=0.122832s
[2026-09-14 17:59:31,352] [INFO] [enhspwrapper.py:224] Deleted temp file: /tmp/domain_heuristic_86emgn6u.pddl
[2026-09-14 17:59:31,353] [INFO] [enhspwrapper.py:224] Deleted temp file: /tmp/instance_heuristic_gy4iqy55.pddl
[2026-09-14 17:59:31,353] [WARNING] [enhspwrapper.py:226] Failed to delete temp file /tmp/domain_heuristic_86emgn6u.pddl: [Errno 2] No such file or directory: '/tmp/domain_heuristic_86emgn6u.pddl'
[2026-09-14 17:59:31,353] [WARNING] [enhspwrapper.py:226] Failed to delete temp file /tmp/instance_heuristic_gy4iqy55.pddl: [Errno 2] No such file or directory: '/tmp/instance_heuristic_gy4iqy55.pddl'
[EVAL INSTANCE] completed number=12 path=../problems/numeric/mprime/instances/pfile20.pddl status=success elapsed=228.74s success=1.0 steps=13
[EVAL][PLAN] EASY       | pfile20.pddl | steps=13 | plan=['feast triumph yogurt wonderbread', 'overcome abrasion intoxication wonderbread', 'feast intoxication wonderbread yogurt', 'feast intoxication yogurt wonderbread', 'feast intoxication wonderbread mutton', 'feast intoxication mutton pork', 'feast intoxication pork cod', 'feast intoxication cod pork', 'feast intoxication pork cod', 'feast intoxication cod marzipan', 'feast intoxication marzipan cherry', 'feast intoxication cherry pepper', 'succumb abrasion intoxication pepper']
[EVAL INSTANCE] started number=13 path=../problems/numeric/mprime/instances/pfile21.pddl pid=1652137
mdpsim:../problems/numeric/mprime/domain.pddl:3: assuming `:typing' requirement
mdpsim:../problems/numeric/mprime/domain.pddl:15: assuming `:fluents' requirement
[MCTS SEARCH SUMMARY] progressive_widening=True iterations_per_search=70 search_calls=6 nodes=1061 peak_nodes=1061 widening_events=420
[MCTS WIDTH SUMMARY] final_widths=(count=1061 min=0 mean=1.11 median=0 p90=3 p95=3 max=10) root_widths=(count=6 min=4 mean=7.33 median=7 p90=10 p95=10 max=10) widen_event_widths=(count=420 min=3 mean=3.30 median=3 p90=3 p95=6 max=10) admitted_policy_ranks=(count=1176 min=1 mean=1.96 median=2 p90=3 p95=3 max=3)
[MCTS DISTRIBUTION] final_width_counts=(0=683,3=366,4=4,5=1,6=1,7=2,8=1,9=1,10=2) node_visit_bins=(0=652,1=34,2=14,3-4=35,5-8=67,9-16=97,17-32=112,33-64=41,65-128=3,129+=6) selection_depth_bins=(0=11,1=13,2=13,3-4=35,5-8=66,9-16=97,17-32=136,33-64=49)
[MCTS WIDTH BY DEPTH] depth=0 count=419 min=3 mean=6.51 median=7 p90=9 p95=10 max=10
[MCTS WIDTH COUNTS BY DEPTH] depth=0 counts=(3=47,4=49,5=37,6=72,7=67,8=53,9=60,10=34)
[MCTS WIDTH BY DEPTH] depth=1 count=405 min=3 mean=6.07 median=6 p90=9 p95=10 max=10
[MCTS WIDTH COUNTS BY DEPTH] depth=1 counts=(3=83,4=48,5=53,6=41,7=46,8=48,9=60,10=26)
[MCTS WIDTH BY DEPTH] depth=2 count=390 min=3 mean=5.32 median=6 p90=8 p95=8 max=9
[MCTS WIDTH COUNTS BY DEPTH] depth=2 counts=(3=128,4=27,5=30,6=69,7=79,8=47,9=10)
[MCTS WIDTH BY DEPTH] depth=3-4 count=726 min=3 mean=3.79 median=3 p90=6 p95=6 max=7
[MCTS WIDTH COUNTS BY DEPTH] depth=3-4 counts=(3=454,4=88,5=100,6=53,7=31)
[MCTS WIDTH BY DEPTH] depth=5-9 count=1495 min=3 mean=3.03 median=3 p90=3 p95=3 max=4
[MCTS WIDTH COUNTS BY DEPTH] depth=5-9 counts=(3=1443,4=52)
[MCTS WIDTH BY DEPTH] depth=10-19 count=2026 min=3 mean=3.00 median=3 p90=3 p95=3 max=3
[MCTS WIDTH COUNTS BY DEPTH] depth=10-19 counts=(3=2026)
[MCTS WIDTH BY DEPTH] depth=20-49 count=1496 min=3 mean=3.00 median=3 p90=3 p95=3 max=3
[MCTS WIDTH COUNTS BY DEPTH] depth=20-49 counts=(3=1496)
[MCTS WIDTH BY DEPTH] depth=50-99 count=1 min=3 mean=3.00 median=3 p90=3 p95=3 max=3
[MCTS WIDTH COUNTS BY DEPTH] depth=50-99 counts=(3=1)
[MCTS DEPTH SUMMARY] selection_depths=(count=420 min=0 mean=16.47 median=14 p90=34 p95=41 max=51) horizon_cutoffs=(count=0)
[MCTS ACTION SUMMARY] selected_raw_policy_ranks=(count=6 min=1 mean=1.50 median=1 p90=4 p95=4 max=4) known_goal_decisions=0 infeasible_known_goal_decisions=0
[MCTS TIME SUMMARY] selection=0.297639s expansion=226.211192s successor_generation=74.777833s network_inference=148.976392s evaluation=59.262915s backpropagation=0.063977s
[2026-09-14 18:00:29,835] [INFO] [enhspwrapper.py:224] Deleted temp file: /tmp/domain_heuristic_qnvr1imv.pddl
[2026-09-14 18:00:29,835] [INFO] [enhspwrapper.py:224] Deleted temp file: /tmp/instance_heuristic_ci48gncw.pddl
[2026-09-14 18:00:29,835] [WARNING] [enhspwrapper.py:226] Failed to delete temp file /tmp/domain_heuristic_qnvr1imv.pddl: [Errno 2] No such file or directory: '/tmp/domain_heuristic_qnvr1imv.pddl'
[2026-09-14 18:00:29,835] [WARNING] [enhspwrapper.py:226] Failed to delete temp file /tmp/instance_heuristic_ci48gncw.pddl: [Errno 2] No such file or directory: '/tmp/instance_heuristic_ci48gncw.pddl'
[EVAL INSTANCE] completed number=11 path=../problems/numeric/mprime/instances/pfile19.pddl status=success elapsed=340.97s success=1.0 steps=6
[EVAL][PLAN] EASY       | pfile19.pddl | steps=6 | plan=['feast lubricity lemon beef', 'overcome abrasion lubricity beef', 'feast lubricity beef lamb', 'feast lubricity lamb haroset', 'feast lubricity haroset lobster', 'succumb abrasion lubricity lobster']
[EVAL INSTANCE] started number=14 path=../problems/numeric/mprime/instances/pfile22.pddl pid=1652288
mdpsim:../problems/numeric/mprime/domain.pddl:3: assuming `:typing' requirement
mdpsim:../problems/numeric/mprime/domain.pddl:15: assuming `:fluents' requirement
[EVAL|Easy|1652137] Setting C/Python/Numpy/TF seeds to 534933619
Starting [EVAL|Easy|1652137] on instance [12] ../problems/numeric/mprime/instances/pfile21.pddl
Starting to parse mdpsim problem: mprime-x-21
Finished parsing mdpsim problem: mprime-x-21
[EVAL|Easy|1652137] ACTION POLICY INITIALIZED
[EVAL|Easy|1652137] policy_class = ArgmaxGoalChasePathDuplicatePenaltyPolicy
[EVAL|Easy|1652137] distance_threshold = inf
[EVAL|Easy|1652137] duplicate_penalty = 0.0
[EVAL|Easy|1652137] root_visit_tie_break = action_id
[2026-09-14 18:02:01,314] [INFO] [enhspwrapper.py:84] Created temporary domain file: /tmp/domain_heuristic_wrj1ahsx.pddl
[2026-09-14 18:02:01,314] [INFO] [enhspwrapper.py:93] Created temporary instance file: /tmp/instance_heuristic_24vz26gb.pddl
[2026-09-14 18:02:03,553] [INFO] [enhspwrapper.py:51] Starting the heuristic server with config: hmrp-ha-gbfs
[MCTS SEARCH SUMMARY] progressive_widening=True iterations_per_search=70 search_calls=6 nodes=619 peak_nodes=619 widening_events=343
[MCTS WIDTH SUMMARY] final_widths=(count=619 min=0 mean=1.50 median=0 p90=3 p95=3 max=11) root_widths=(count=6 min=4 mean=8.17 median=8 p90=11 p95=11 max=11) widen_event_widths=(count=343 min=3 mean=3.48 median=3 p90=5 p95=7 max=11) admitted_policy_ranks=(count=929 min=1 mean=1.95 median=2 p90=3 p95=3 max=3)
[MCTS DISTRIBUTION] final_width_counts=(0=326,3=279,4=5,5=2,6=1,7=1,8=1,9=1,10=1,11=2) node_visit_bins=(0=293,1=33,2=3,3-4=10,5-8=39,9-16=81,17-32=116,33-64=34,65-128=4,129+=6) selection_depth_bins=(0=10,1=9,2=10,3-4=26,5-8=59,9-16=102,17-32=201,33-64=3)
[MCTS WIDTH BY DEPTH] depth=0 count=419 min=3 mean=7.56 median=8 p90=11 p95=11 max=11
[MCTS WIDTH COUNTS BY DEPTH] depth=0 counts=(3=45,4=26,5=30,6=41,7=42,8=53,9=60,10=67,11=55)
[MCTS WIDTH BY DEPTH] depth=1 count=409 min=3 mean=7.49 median=8 p90=11 p95=11 max=11
[MCTS WIDTH COUNTS BY DEPTH] depth=1 counts=(3=44,4=27,5=30,6=41,7=41,8=53,9=60,10=67,11=46)
[MCTS WIDTH BY DEPTH] depth=2 count=399 min=3 mean=6.36 median=6 p90=9 p95=10 max=10
[MCTS WIDTH COUNTS BY DEPTH] depth=2 counts=(3=73,4=27,5=56,6=53,7=41,8=53,9=60,10=36)
[MCTS WIDTH BY DEPTH] depth=3-4 count=758 min=3 mean=4.61 median=4 p90=7 p95=8 max=9
[MCTS WIDTH COUNTS BY DEPTH] depth=3-4 counts=(3=340,4=110,5=69,6=82,7=82,8=54,9=21)
[MCTS WIDTH BY DEPTH] depth=5-9 count=1612 min=3 mean=3.10 median=3 p90=3 p95=4 max=6
[MCTS WIDTH COUNTS BY DEPTH] depth=5-9 counts=(3=1520,4=44,5=31,6=17)
[MCTS WIDTH BY DEPTH] depth=10-19 count=2244 min=3 mean=3.03 median=3 p90=3 p95=3 max=5
[MCTS WIDTH COUNTS BY DEPTH] depth=10-19 counts=(3=2176,4=60,5=8)
[MCTS WIDTH BY DEPTH] depth=20-49 count=1035 min=3 mean=3.00 median=3 p90=3 p95=3 max=3
[MCTS WIDTH COUNTS BY DEPTH] depth=20-49 counts=(3=1035)
[MCTS DEPTH SUMMARY] selection_depths=(count=420 min=0 mean=16.07 median=16 p90=28 p95=30 max=35) horizon_cutoffs=(count=0)
[MCTS ACTION SUMMARY] selected_raw_policy_ranks=(count=6 min=1 mean=1.00 median=1 p90=1 p95=1 max=1) known_goal_decisions=0 infeasible_known_goal_decisions=0
[MCTS TIME SUMMARY] selection=0.287658s expansion=204.249806s successor_generation=62.622317s network_inference=140.297198s evaluation=40.661318s backpropagation=0.054950s
[2026-09-14 18:04:59,609] [INFO] [enhspwrapper.py:224] Deleted temp file: /tmp/domain_heuristic_wrj1ahsx.pddl
[2026-09-14 18:04:59,610] [INFO] [enhspwrapper.py:224] Deleted temp file: /tmp/instance_heuristic_24vz26gb.pddl
[2026-09-14 18:04:59,610] [WARNING] [enhspwrapper.py:226] Failed to delete temp file /tmp/domain_heuristic_wrj1ahsx.pddl: [Errno 2] No such file or directory: '/tmp/domain_heuristic_wrj1ahsx.pddl'
[2026-09-14 18:04:59,610] [WARNING] [enhspwrapper.py:226] Failed to delete temp file /tmp/instance_heuristic_24vz26gb.pddl: [Errno 2] No such file or directory: '/tmp/instance_heuristic_24vz26gb.pddl'
[EVAL INSTANCE] completed number=13 path=../problems/numeric/mprime/instances/pfile21.pddl status=success elapsed=328.53s success=1.0 steps=6
[EVAL][PLAN] EASY       | pfile21.pddl | steps=6 | plan=['feast love flounder wurst', 'overcome sciatica love wurst', 'drink marzipan wurst', 'feast love wurst snickers', 'feast love snickers apple', 'succumb sciatica love apple']
[EVAL INSTANCE] started number=15 path=../problems/numeric/mprime/instances/pfile23.pddl pid=1655904
mdpsim:../problems/numeric/mprime/domain.pddl:3: assuming `:typing' requirement
mdpsim:../problems/numeric/mprime/domain.pddl:15: assuming `:fluents' requirement
[EVAL|Easy|1655904] Setting C/Python/Numpy/TF seeds to 534933621
Starting [EVAL|Easy|1655904] on instance [14] ../problems/numeric/mprime/instances/pfile23.pddl
Starting to parse mdpsim problem: mprime-x-23
Finished parsing mdpsim problem: mprime-x-23
[EVAL|Easy|1655904] ACTION POLICY INITIALIZED
[EVAL|Easy|1655904] policy_class = ArgmaxGoalChasePathDuplicatePenaltyPolicy
[EVAL|Easy|1655904] distance_threshold = inf
[EVAL|Easy|1655904] duplicate_penalty = 0.0
[EVAL|Easy|1655904] root_visit_tie_break = action_id
[2026-09-14 18:07:11,435] [INFO] [enhspwrapper.py:84] Created temporary domain file: /tmp/domain_heuristic_1c35iraz.pddl
[2026-09-14 18:07:11,436] [INFO] [enhspwrapper.py:93] Created temporary instance file: /tmp/instance_heuristic_dyi4d5hh.pddl
[2026-09-14 18:07:13,651] [INFO] [enhspwrapper.py:51] Starting the heuristic server with config: hmrp-ha-gbfs
[EVAL|Easy|1652288] Setting C/Python/Numpy/TF seeds to 534933620
Starting [EVAL|Easy|1652288] on instance [13] ../problems/numeric/mprime/instances/pfile22.pddl
Starting to parse mdpsim problem: mprime-x-22
Finished parsing mdpsim problem: mprime-x-22
[EVAL|Easy|1652288] ACTION POLICY INITIALIZED
[EVAL|Easy|1652288] policy_class = ArgmaxGoalChasePathDuplicatePenaltyPolicy
[EVAL|Easy|1652288] distance_threshold = inf
[EVAL|Easy|1652288] duplicate_penalty = 0.0
[EVAL|Easy|1652288] root_visit_tie_break = action_id
[2026-09-14 18:09:28,846] [INFO] [enhspwrapper.py:84] Created temporary domain file: /tmp/domain_heuristic_38gg00hh.pddl
[2026-09-14 18:09:28,847] [INFO] [enhspwrapper.py:93] Created temporary instance file: /tmp/instance_heuristic_hyq2w6o1.pddl
[2026-09-14 18:09:33,005] [INFO] [enhspwrapper.py:51] Starting the heuristic server with config: hmrp-ha-gbfs
[MCTS SEARCH SUMMARY] progressive_widening=True iterations_per_search=70 search_calls=27 nodes=4604 peak_nodes=4604 widening_events=1889
[MCTS WIDTH SUMMARY] final_widths=(count=4604 min=0 mean=1.08 median=0 p90=3 p95=3 max=20) root_widths=(count=27 min=4 mean=12.48 median=13 p90=20 p95=20 max=20) widen_event_widths=(count=1889 min=3 mean=4.05 median=3 p90=7 p95=12 max=20) admitted_policy_ranks=(count=4969 min=1 mean=1.93 median=2 p90=3 p95=3 max=3)
[MCTS DISTRIBUTION] final_width_counts=(0=3064,3=1461,4=37,5=10,6=7,7=4,8=1,9=2,10=1,11=1,12=1,13=1,14=2,15=1,16=2,17=1,18=2,19=2,20=4) node_visit_bins=(0=2784,1=286,2=51,3-4=110,5-8=229,9-16=347,17-32=492,33-64=259,65-128=20,129+=26) selection_depth_bins=(0=37,1=37,2=41,3-4=88,5-8=194,9-16=402,17-32=623,33-64=455,65-128=13)
[MCTS WIDTH BY DEPTH] depth=0 count=1889 min=3 mean=11.91 median=13 p90=19 p95=20 max=20
[MCTS WIDTH COUNTS BY DEPTH] depth=0 counts=(3=51,4=119,5=195,6=189,7=61,8=42,9=60,10=67,11=72,12=80,13=92,14=104,15=100,16=119,17=122,18=131,19=147,20=138)
[MCTS WIDTH BY DEPTH] depth=1 count=1839 min=3 mean=11.50 median=13 p90=19 p95=20 max=20
[MCTS WIDTH COUNTS BY DEPTH] depth=1 counts=(3=363,4=96,5=45,6=30,7=41,8=53,9=60,10=67,11=72,12=86,13=89,14=101,15=101,16=118,17=127,18=135,19=143,20=112)
[MCTS WIDTH BY DEPTH] depth=2 count=1794 min=3 mean=10.82 median=12 p90=18 p95=19 max=20
[MCTS WIDTH COUNTS BY DEPTH] depth=2 counts=(3=449,4=41,5=52,6=43,7=41,8=53,9=60,10=67,11=72,12=80,13=97,14=92,15=113,16=105,17=127,18=135,19=143,20=24)
[MCTS WIDTH BY DEPTH] depth=3-4 count=3460 min=3 mean=9.89 median=10 p90=17 p95=18 max=19
[MCTS WIDTH COUNTS BY DEPTH] depth=3-4 counts=(3=1003,4=115,5=90,6=90,7=90,8=101,9=120,10=134,11=144,12=177,13=176,14=192,15=218,16=236,17=246,18=250,19=78)
[MCTS WIDTH BY DEPTH] depth=5-9 count=7805 min=3 mean=7.99 median=7 p90=15 p95=16 max=18
[MCTS WIDTH COUNTS BY DEPTH] depth=5-9 counts=(3=3006,4=201,5=219,6=309,7=313,8=307,9=309,10=339,11=368,12=418,13=452,14=496,15=482,16=351,17=202,18=33)
[MCTS WIDTH BY DEPTH] depth=10-19 count=11790 min=3 mean=4.61 median=3 p90=10 p95=11 max=14
[MCTS WIDTH COUNTS BY DEPTH] depth=10-19 counts=(3=7917,4=617,5=455,6=378,7=380,8=398,9=399,10=381,11=335,12=268,13=187,14=75)
[MCTS WIDTH BY DEPTH] depth=20-49 count=13365 min=3 mean=3.02 median=3 p90=3 p95=3 max=5
[MCTS WIDTH COUNTS BY DEPTH] depth=20-49 counts=(3=13179,4=155,5=31)
[MCTS WIDTH BY DEPTH] depth=50-99 count=1067 min=3 mean=3.00 median=3 p90=3 p95=3 max=3
[MCTS WIDTH COUNTS BY DEPTH] depth=50-99 counts=(3=1067)
[MCTS DEPTH SUMMARY] selection_depths=(count=1890 min=0 mean=22.57 median=20 p90=46 p95=54 max=71) horizon_cutoffs=(count=0)
[MCTS ACTION SUMMARY] selected_raw_policy_ranks=(count=27 min=1 mean=1.26 median=1 p90=1 p95=4 max=5) known_goal_decisions=0 infeasible_known_goal_decisions=0
[MCTS TIME SUMMARY] selection=1.945409s expansion=728.705003s successor_generation=508.307671s network_inference=204.671976s evaluation=317.514222s backpropagation=0.321203s
[2026-09-14 18:23:43,497] [INFO] [enhspwrapper.py:224] Deleted temp file: /tmp/domain_heuristic_1c35iraz.pddl
[2026-09-14 18:23:43,498] [INFO] [enhspwrapper.py:224] Deleted temp file: /tmp/instance_heuristic_dyi4d5hh.pddl
[2026-09-14 18:23:43,498] [WARNING] [enhspwrapper.py:226] Failed to delete temp file /tmp/domain_heuristic_1c35iraz.pddl: [Errno 2] No such file or directory: '/tmp/domain_heuristic_1c35iraz.pddl'
[2026-09-14 18:23:43,498] [WARNING] [enhspwrapper.py:226] Failed to delete temp file /tmp/instance_heuristic_dyi4d5hh.pddl: [Errno 2] No such file or directory: '/tmp/instance_heuristic_dyi4d5hh.pddl'
[EVAL INSTANCE] completed number=15 path=../problems/numeric/mprime/instances/pfile23.pddl status=success elapsed=1123.67s success=1.0 steps=27
[EVAL][PLAN] EASY       | pfile23.pddl | steps=27 | plan=['feast intoxication onion apple', 'overcome laceration intoxication apple', 'feast intoxication apple pistachio', 'drink okra hotdog', 'feast intoxication pistachio cherry', 'feast intoxication cherry pistachio', 'feast intoxication pistachio scallop', 'feast intoxication scallop pistachio', 'feast intoxication pistachio cherry', 'feast intoxication cherry pistachio', 'feast intoxication pistachio scallop', 'feast intoxication scallop pistachio', 'succumb laceration intoxication pistachio', 'feast understanding cherry pistachio', 'overcome laceration understanding pistachio', 'drink grapefruit pistachio', 'feast understanding pistachio scallop', 'feast understanding scallop ham', 'feast understanding ham scallop', 'feast understanding scallop ham', 'feast understanding ham scallop', 'feast understanding scallop ham', 'feast understanding ham papaya', 'feast understanding papaya lamb', 'feast understanding lamb hotdog', 'feast understanding hotdog chicken', 'succumb laceration understanding chicken']
[EVAL INSTANCE] started number=16 path=../problems/numeric/mprime/instances/pfile24.pddl pid=1658600
mdpsim:../problems/numeric/mprime/domain.pddl:3: assuming `:typing' requirement
mdpsim:../problems/numeric/mprime/domain.pddl:15: assuming `:fluents' requirement
[EVAL|Easy|1658600] Setting C/Python/Numpy/TF seeds to 534933622
Starting [EVAL|Easy|1658600] on instance [15] ../problems/numeric/mprime/instances/pfile24.pddl
Starting to parse mdpsim problem: mprime-x-24
Finished parsing mdpsim problem: mprime-x-24
[EVAL|Easy|1658600] ACTION POLICY INITIALIZED
[EVAL|Easy|1658600] policy_class = ArgmaxGoalChasePathDuplicatePenaltyPolicy
[EVAL|Easy|1658600] distance_threshold = inf
[EVAL|Easy|1658600] duplicate_penalty = 0.0
[EVAL|Easy|1658600] root_visit_tie_break = action_id
[2026-09-14 18:25:30,566] [INFO] [enhspwrapper.py:84] Created temporary domain file: /tmp/domain_heuristic_23nkphf3.pddl
[2026-09-14 18:25:30,567] [INFO] [enhspwrapper.py:93] Created temporary instance file: /tmp/instance_heuristic_49fy5a9y.pddl
[2026-09-14 18:25:33,073] [INFO] [enhspwrapper.py:51] Starting the heuristic server with config: hmrp-ha-gbfs
[MCTS SEARCH SUMMARY] progressive_widening=True iterations_per_search=70 search_calls=20 nodes=3466 peak_nodes=3466 widening_events=1400
[MCTS WIDTH SUMMARY] final_widths=(count=3466 min=0 mean=1.11 median=0 p90=3 p95=3 max=13) root_widths=(count=20 min=4 mean=8.00 median=8 p90=11 p95=12 max=13) widen_event_widths=(count=1400 min=3 mean=3.37 median=3 p90=4 p95=6 max=13) admitted_policy_ranks=(count=3846 min=1 mean=1.95 median=2 p90=3 p95=3 max=3)
[MCTS DISTRIBUTION] final_width_counts=(0=2243,3=1155,4=36,5=10,6=4,7=5,8=5,9=2,10=1,11=2,12=1,13=2) node_visit_bins=(0=2164,1=91,2=45,3-4=103,5-8=158,9-16=261,17-32=381,33-64=226,65-128=18,129+=19) selection_depth_bins=(0=34,1=47,2=50,3-4=103,5-8=202,9-16=313,17-32=404,33-64=210,65-128=37)
[MCTS WIDTH BY DEPTH] depth=0 count=1399 min=3 mean=7.26 median=7 p90=11 p95=12 max=13
[MCTS WIDTH COUNTS BY DEPTH] depth=0 counts=(3=82,4=74,5=145,6=293,7=293,8=163,9=82,10=67,11=73,12=81,13=46)
[MCTS WIDTH BY DEPTH] depth=1 count=1343 min=3 mean=5.96 median=5 p90=11 p95=12 max=13
[MCTS WIDTH COUNTS BY DEPTH] depth=1 counts=(3=472,4=110,5=177,6=125,7=82,8=61,9=60,10=55,11=86,12=80,13=35)
[MCTS WIDTH BY DEPTH] depth=2 count=1289 min=3 mean=5.32 median=4 p90=10 p95=11 max=12
[MCTS WIDTH COUNTS BY DEPTH] depth=2 counts=(3=587,4=132,5=137,6=63,7=41,8=53,9=112,10=56,11=72,12=36)
[MCTS WIDTH BY DEPTH] depth=3-4 count=2415 min=3 mean=4.53 median=3 p90=9 p95=10 max=11
[MCTS WIDTH COUNTS BY DEPTH] depth=3-4 counts=(3=1482,4=184,5=92,6=129,7=117,8=153,9=121,10=105,11=32)
[MCTS WIDTH BY DEPTH] depth=5-9 count=5100 min=3 mean=3.36 median=3 p90=4 p95=6 max=10
[MCTS WIDTH COUNTS BY DEPTH] depth=5-9 counts=(3=4297,4=331,5=175,6=134,7=88,8=49,9=12,10=14)
[MCTS WIDTH BY DEPTH] depth=10-19 count=7080 min=3 mean=3.03 median=3 p90=3 p95=3 max=6
[MCTS WIDTH COUNTS BY DEPTH] depth=10-19 counts=(3=6935,4=96,5=44,6=5)
[MCTS WIDTH BY DEPTH] depth=20-49 count=7256 min=3 mean=3.03 median=3 p90=3 p95=3 max=5
[MCTS WIDTH COUNTS BY DEPTH] depth=20-49 counts=(3=7030,4=211,5=15)
[MCTS WIDTH BY DEPTH] depth=50-99 count=1073 min=3 mean=3.00 median=3 p90=3 p95=3 max=3
[MCTS WIDTH COUNTS BY DEPTH] depth=50-99 counts=(3=1073)
[MCTS DEPTH SUMMARY] selection_depths=(count=1400 min=0 mean=19.13 median=15 p90=40 p95=51 max=82) horizon_cutoffs=(count=0)
[MCTS ACTION SUMMARY] selected_raw_policy_ranks=(count=20 min=1 mean=1.40 median=1 p90=1 p95=2 max=8) known_goal_decisions=0 infeasible_known_goal_decisions=0
[MCTS TIME SUMMARY] selection=1.035282s expansion=466.114152s successor_generation=278.424737s network_inference=183.279513s evaluation=395.719870s backpropagation=0.216052s
[2026-09-14 18:38:53,521] [INFO] [enhspwrapper.py:224] Deleted temp file: /tmp/domain_heuristic_23nkphf3.pddl
[2026-09-14 18:38:53,521] [INFO] [enhspwrapper.py:224] Deleted temp file: /tmp/instance_heuristic_49fy5a9y.pddl
[2026-09-14 18:38:53,521] [WARNING] [enhspwrapper.py:226] Failed to delete temp file /tmp/domain_heuristic_23nkphf3.pddl: [Errno 2] No such file or directory: '/tmp/domain_heuristic_23nkphf3.pddl'
[2026-09-14 18:38:53,521] [WARNING] [enhspwrapper.py:226] Failed to delete temp file /tmp/instance_heuristic_49fy5a9y.pddl: [Errno 2] No such file or directory: '/tmp/instance_heuristic_49fy5a9y.pddl'
[EVAL INSTANCE] completed number=16 path=../problems/numeric/mprime/instances/pfile24.pddl status=success elapsed=910.04s success=1.0 steps=20
[EVAL][PLAN] EASY       | pfile24.pddl | steps=20 | plan=['feast curiosity muffin apple', 'feast satiety bacon turkey', 'feast satiety turkey chicken', 'feast satiety chicken cherry', 'overcome anger-12 curiosity apple', 'drink potato cherry', 'feast satiety cherry chicken', 'feast satiety chicken cherry', 'drink potato cherry', 'feast satiety cherry chicken', 'drink melon cherry', 'drink pepper apple', 'feast curiosity apple muffin', 'feast curiosity muffin tofu', 'succumb anger-12 curiosity tofu', 'feast achievement cherry tofu', 'overcome anger-12 achievement tofu', 'drink muffin tofu', 'feast achievement tofu cherry', 'succumb anger-12 achievement cherry']
[EVAL INSTANCE] started number=17 path=../problems/numeric/mprime/instances/pfile25.pddl pid=1662388
mdpsim:../problems/numeric/mprime/domain.pddl:3: assuming `:typing' requirement
mdpsim:../problems/numeric/mprime/domain.pddl:15: assuming `:fluents' requirement
[EVAL|Easy|1662388] Setting C/Python/Numpy/TF seeds to 534933623
Starting [EVAL|Easy|1662388] on instance [16] ../problems/numeric/mprime/instances/pfile25.pddl
Starting to parse mdpsim problem: mprime-x-25
Finished parsing mdpsim problem: mprime-x-25
[EVAL|Easy|1662388] ACTION POLICY INITIALIZED
[EVAL|Easy|1662388] policy_class = ArgmaxGoalChasePathDuplicatePenaltyPolicy
[EVAL|Easy|1662388] distance_threshold = inf
[EVAL|Easy|1662388] duplicate_penalty = 0.0
[EVAL|Easy|1662388] root_visit_tie_break = action_id
[2026-09-14 18:39:08,764] [INFO] [enhspwrapper.py:84] Created temporary domain file: /tmp/domain_heuristic_x1as3wcf.pddl
[2026-09-14 18:39:08,764] [INFO] [enhspwrapper.py:93] Created temporary instance file: /tmp/instance_heuristic_pzkoi9zz.pddl
[2026-09-14 18:39:09,176] [INFO] [enhspwrapper.py:51] Starting the heuristic server with config: hmrp-ha-gbfs
[MCTS SEARCH SUMMARY] progressive_widening=True iterations_per_search=70 search_calls=4 nodes=229 peak_nodes=229 widening_events=158
[MCTS WIDTH SUMMARY] final_widths=(count=229 min=0 mean=1.48 median=0 p90=4 p95=5 max=9) root_widths=(count=4 min=4 mean=7.00 median=7 p90=9 p95=9 max=9) widen_event_widths=(count=158 min=2 mean=3.89 median=3 p90=6 p95=7 max=9) admitted_policy_ranks=(count=338 min=1 mean=1.80 median=2 p90=3 p95=3 max=3)
[MCTS DISTRIBUTION] final_width_counts=(0=138,2=2,3=62,4=7,5=9,6=7,7=1,8=1,9=2) node_visit_bins=(0=107,1=34,2=3,3-4=10,5-8=13,9-16=3,17-32=17,33-64=20,65-128=15,129+=7) selection_depth_bins=(0=8,1=7,2=7,3-4=24,5-8=40,9-16=68,17-32=126)
[MCTS WIDTH BY DEPTH] depth=0 count=279 min=3 mean=6.20 median=6 p90=9 p95=9 max=9
[MCTS WIDTH COUNTS BY DEPTH] depth=0 counts=(3=45,4=26,5=30,6=41,7=42,8=53,9=42)
[MCTS WIDTH BY DEPTH] depth=1 count=271 min=3 mean=6.13 median=6 p90=9 p95=9 max=9
[MCTS WIDTH COUNTS BY DEPTH] depth=1 counts=(3=44,4=27,5=30,6=41,7=41,8=53,9=35)
[MCTS WIDTH BY DEPTH] depth=2 count=263 min=3 mean=5.02 median=5 p90=7 p95=7 max=8
[MCTS WIDTH COUNTS BY DEPTH] depth=2 counts=(3=80,4=27,5=30,6=72,7=41,8=13)
[MCTS WIDTH BY DEPTH] depth=3-4 count=492 min=3 mean=4.03 median=4 p90=6 p95=6 max=6
[MCTS WIDTH COUNTS BY DEPTH] depth=3-4 counts=(3=214,4=119,5=88,6=71)
[MCTS WIDTH BY DEPTH] depth=5-9 count=1036 min=3 mean=3.47 median=3 p90=5 p95=5 max=6
[MCTS WIDTH COUNTS BY DEPTH] depth=5-9 counts=(3=726,4=161,5=116,6=33)
[MCTS WIDTH BY DEPTH] depth=10-19 count=1417 min=2 mean=3.38 median=3 p90=5 p95=5 max=6
[MCTS WIDTH COUNTS BY DEPTH] depth=10-19 counts=(2=24,3=1023,4=210,5=128,6=32)
[MCTS WIDTH BY DEPTH] depth=20-49 count=177 min=2 mean=3.29 median=3 p90=5 p95=5 max=5
[MCTS WIDTH COUNTS BY DEPTH] depth=20-49 counts=(2=41,3=61,4=57,5=18)
[MCTS DEPTH SUMMARY] selection_depths=(count=280 min=0 mean=13.38 median=15 p90=21 p95=23 max=26) horizon_cutoffs=(count=0)
[MCTS ACTION SUMMARY] selected_raw_policy_ranks=(count=4 min=1 mean=1.00 median=1 p90=1 p95=1 max=1) known_goal_decisions=0 infeasible_known_goal_decisions=0
[MCTS TIME SUMMARY] selection=0.144443s expansion=9.023044s successor_generation=0.322539s network_inference=8.640997s evaluation=1.193291s backpropagation=0.022161s
[2026-09-14 18:39:15,165] [INFO] [enhspwrapper.py:224] Deleted temp file: /tmp/domain_heuristic_x1as3wcf.pddl
[2026-09-14 18:39:15,165] [INFO] [enhspwrapper.py:224] Deleted temp file: /tmp/instance_heuristic_pzkoi9zz.pddl
[2026-09-14 18:39:15,166] [WARNING] [enhspwrapper.py:226] Failed to delete temp file /tmp/domain_heuristic_x1as3wcf.pddl: [Errno 2] No such file or directory: '/tmp/domain_heuristic_x1as3wcf.pddl'
[2026-09-14 18:39:15,166] [WARNING] [enhspwrapper.py:226] Failed to delete temp file /tmp/instance_heuristic_pzkoi9zz.pddl: [Errno 2] No such file or directory: '/tmp/instance_heuristic_pzkoi9zz.pddl'
[EVAL INSTANCE] completed number=17 path=../problems/numeric/mprime/instances/pfile25.pddl status=success elapsed=21.29s success=1.0 steps=4
[EVAL][PLAN] EASY       | pfile25.pddl | steps=4 | plan=['feast expectation tuna wurst', 'overcome depression expectation wurst', 'feast expectation wurst chicken', 'succumb depression expectation chicken']
[EVAL INSTANCE] started number=18 path=../problems/numeric/mprime/instances/pfile26.pddl pid=1662456
mdpsim:../problems/numeric/mprime/domain.pddl:3: assuming `:typing' requirement
mdpsim:../problems/numeric/mprime/domain.pddl:15: assuming `:fluents' requirement
[EVAL|Easy|1662456] Setting C/Python/Numpy/TF seeds to 534933624
Starting [EVAL|Easy|1662456] on instance [17] ../problems/numeric/mprime/instances/pfile26.pddl
Starting to parse mdpsim problem: mprime-x-26
Finished parsing mdpsim problem: mprime-x-26
[EVAL|Easy|1662456] ACTION POLICY INITIALIZED
[EVAL|Easy|1662456] policy_class = ArgmaxGoalChasePathDuplicatePenaltyPolicy
[EVAL|Easy|1662456] distance_threshold = inf
[EVAL|Easy|1662456] duplicate_penalty = 0.0
[EVAL|Easy|1662456] root_visit_tie_break = action_id
[2026-09-14 18:39:42,949] [INFO] [enhspwrapper.py:84] Created temporary domain file: /tmp/domain_heuristic__um4m1vq.pddl
[2026-09-14 18:39:42,949] [INFO] [enhspwrapper.py:93] Created temporary instance file: /tmp/instance_heuristic_cr5g4q78.pddl
[2026-09-14 18:39:43,742] [INFO] [enhspwrapper.py:51] Starting the heuristic server with config: hmrp-ha-gbfs
[MCTS SEARCH SUMMARY] progressive_widening=True iterations_per_search=70 search_calls=13 nodes=1629 peak_nodes=1629 widening_events=765
[MCTS WIDTH SUMMARY] final_widths=(count=1629 min=0 mean=1.18 median=0 p90=3 p95=3 max=16) root_widths=(count=13 min=4 mean=11.46 median=12 p90=16 p95=16 max=16) widen_event_widths=(count=765 min=2 mean=4.12 median=3 p90=8 p95=11 max=16) admitted_policy_ranks=(count=1917 min=1 mean=1.90 median=2 p90=3 p95=3 max=3)
[MCTS DISTRIBUTION] final_width_counts=(0=1051,2=4,3=531,4=19,5=4,6=2,7=2,8=2,9=1,10=3,11=1,12=2,13=1,14=2,15=1,16=3) node_visit_bins=(0=910,1=147,2=6,3-4=22,5-8=52,9-16=86,17-32=220,33-64=161,65-128=7,129+=18) selection_depth_bins=(0=17,1=15,2=17,3-4=35,5-8=107,9-16=200,17-32=246,33-64=273)
[MCTS WIDTH BY DEPTH] depth=0 count=909 min=3 mean=10.94 median=12 p90=15 p95=16 max=16
[MCTS WIDTH COUNTS BY DEPTH] depth=0 counts=(3=45,4=26,5=30,6=42,7=42,8=53,9=60,10=67,11=72,12=96,13=95,14=99,15=102,16=80)
[MCTS WIDTH BY DEPTH] depth=1 count=892 min=3 mean=10.81 median=11 p90=15 p95=16 max=16
[MCTS WIDTH COUNTS BY DEPTH] depth=1 counts=(3=44,4=28,5=30,6=41,7=41,8=53,9=60,10=67,11=88,12=83,13=98,14=92,15=113,16=54)
[MCTS WIDTH BY DEPTH] depth=2 count=875 min=3 mean=10.35 median=11 p90=14 p95=15 max=15
[MCTS WIDTH COUNTS BY DEPTH] depth=2 counts=(3=46,4=27,5=30,6=41,7=41,8=53,9=60,10=83,11=119,12=112,13=86,14=92,15=85)
[MCTS WIDTH BY DEPTH] depth=3-4 count=1699 min=3 mean=8.93 median=10 p90=13 p95=14 max=15
[MCTS WIDTH COUNTS BY DEPTH] depth=3-4 counts=(3=195,4=54,5=60,6=119,7=128,8=134,9=157,10=237,11=169,12=163,13=172,14=108,15=3)
[MCTS WIDTH BY DEPTH] depth=5-9 count=3796 min=3 mean=5.89 median=5 p90=10 p95=11 max=13
[MCTS WIDTH COUNTS BY DEPTH] depth=5-9 counts=(3=1401,4=308,5=290,6=302,7=274,8=307,9=328,10=279,11=173,12=109,13=25)
[MCTS WIDTH BY DEPTH] depth=10-19 count=5575 min=3 mean=3.44 median=3 p90=5 p95=7 max=9
[MCTS WIDTH COUNTS BY DEPTH] depth=10-19 counts=(3=4753,4=191,5=169,6=148,7=133,8=116,9=65)
[MCTS WIDTH BY DEPTH] depth=20-49 count=6875 min=2 mean=3.00 median=3 p90=3 p95=3 max=4
[MCTS WIDTH COUNTS BY DEPTH] depth=20-49 counts=(2=63,3=6720,4=92)
[MCTS WIDTH BY DEPTH] depth=50-99 count=8 min=3 mean=3.00 median=3 p90=3 p95=3 max=3
[MCTS WIDTH COUNTS BY DEPTH] depth=50-99 counts=(3=8)
[MCTS DEPTH SUMMARY] selection_depths=(count=910 min=0 mean=22.30 median=20 p90=43 p95=45 max=52) horizon_cutoffs=(count=0)
[MCTS ACTION SUMMARY] selected_raw_policy_ranks=(count=13 min=1 mean=1.77 median=1 p90=1 p95=11 max=11) known_goal_decisions=0 infeasible_known_goal_decisions=0
[MCTS TIME SUMMARY] selection=0.910377s expansion=50.148878s successor_generation=15.388404s network_inference=34.128385s evaluation=11.003506s backpropagation=0.130409s
[2026-09-14 18:40:35,624] [INFO] [enhspwrapper.py:224] Deleted temp file: /tmp/domain_heuristic__um4m1vq.pddl
[2026-09-14 18:40:35,624] [INFO] [enhspwrapper.py:224] Deleted temp file: /tmp/instance_heuristic_cr5g4q78.pddl
[2026-09-14 18:40:35,624] [WARNING] [enhspwrapper.py:226] Failed to delete temp file /tmp/domain_heuristic__um4m1vq.pddl: [Errno 2] No such file or directory: '/tmp/domain_heuristic__um4m1vq.pddl'
[2026-09-14 18:40:35,624] [WARNING] [enhspwrapper.py:226] Failed to delete temp file /tmp/instance_heuristic_cr5g4q78.pddl: [Errno 2] No such file or directory: '/tmp/instance_heuristic_cr5g4q78.pddl'
[EVAL INSTANCE] completed number=18 path=../problems/numeric/mprime/instances/pfile26.pddl status=success elapsed=80.41s success=1.0 steps=13
[EVAL][PLAN] EASY       | pfile26.pddl | steps=13 | plan=['overcome boils entertainment haroset', 'feast entertainment haroset endive', 'feast entertainment endive haroset', 'feast entertainment haroset hamburger', 'feast entertainment hamburger snickers', 'feast entertainment snickers hamburger', 'feast empathy scallop hamburger', 'feast entertainment hamburger scallop', 'feast entertainment scallop rice', 'feast entertainment rice pistachio', 'feast entertainment pistachio turkey', 'feast entertainment turkey papaya', 'succumb boils entertainment papaya']
[EVAL INSTANCE] started number=19 path=../problems/numeric/mprime/instances/pfile27.pddl pid=1662576
mdpsim:../problems/numeric/mprime/domain.pddl:3: assuming `:typing' requirement
mdpsim:../problems/numeric/mprime/domain.pddl:15: assuming `:fluents' requirement
[EVAL|Easy|1662576] Setting C/Python/Numpy/TF seeds to 534933625
Starting [EVAL|Easy|1662576] on instance [18] ../problems/numeric/mprime/instances/pfile27.pddl
Starting to parse mdpsim problem: mprime-x-27
Finished parsing mdpsim problem: mprime-x-27
[EVAL|Easy|1662576] ACTION POLICY INITIALIZED
[EVAL|Easy|1662576] policy_class = ArgmaxGoalChasePathDuplicatePenaltyPolicy
[EVAL|Easy|1662576] distance_threshold = inf
[EVAL|Easy|1662576] duplicate_penalty = 0.0
[EVAL|Easy|1662576] root_visit_tie_break = action_id
[2026-09-14 18:41:01,396] [INFO] [enhspwrapper.py:84] Created temporary domain file: /tmp/domain_heuristic_zhdswlj1.pddl
[2026-09-14 18:41:01,397] [INFO] [enhspwrapper.py:93] Created temporary instance file: /tmp/instance_heuristic_0za2x7u3.pddl
[2026-09-14 18:41:02,379] [INFO] [enhspwrapper.py:51] Starting the heuristic server with config: hmrp-ha-gbfs
[MCTS SEARCH SUMMARY] progressive_widening=True iterations_per_search=70 search_calls=7 nodes=950 peak_nodes=950 widening_events=490
[MCTS WIDTH SUMMARY] final_widths=(count=950 min=0 mean=1.23 median=0 p90=3 p95=4 max=10) root_widths=(count=7 min=4 mean=7.14 median=7 p90=10 p95=10 max=10) widen_event_widths=(count=490 min=3 mean=3.72 median=3 p90=6 p95=7 max=10) admitted_policy_ranks=(count=1166 min=1 mean=1.87 median=2 p90=3 p95=3 max=3)
[MCTS DISTRIBUTION] final_width_counts=(0=612,3=277,4=20,5=21,6=7,7=5,8=2,9=3,10=3) node_visit_bins=(0=492,1=123,2=14,3-4=24,5-8=33,9-16=44,17-32=88,33-64=87,65-128=32,129+=13) selection_depth_bins=(0=13,1=13,2=16,3-4=29,5-8=59,9-16=104,17-32=110,33-64=126,65-128=20)
[MCTS WIDTH BY DEPTH] depth=0 count=489 min=3 mean=6.41 median=6 p90=9 p95=10 max=10
[MCTS WIDTH COUNTS BY DEPTH] depth=0 counts=(3=64,4=51,5=62,6=78,7=69,8=57,9=60,10=48)
[MCTS WIDTH BY DEPTH] depth=1 count=476 min=3 mean=6.25 median=6 p90=9 p95=9 max=10
[MCTS WIDTH COUNTS BY DEPTH] depth=1 counts=(3=65,4=52,5=63,6=78,7=67,8=54,9=84,10=13)
[MCTS WIDTH BY DEPTH] depth=2 count=459 min=3 mean=5.76 median=6 p90=9 p95=9 max=10
[MCTS WIDTH COUNTS BY DEPTH] depth=2 counts=(3=97,4=52,5=63,6=78,7=52,8=59,9=53,10=5)
[MCTS WIDTH BY DEPTH] depth=3-4 count=868 min=3 mean=5.36 median=5 p90=9 p95=9 max=9
[MCTS WIDTH COUNTS BY DEPTH] depth=3-4 counts=(3=271,4=108,5=115,6=82,7=90,8=109,9=93)
[MCTS WIDTH BY DEPTH] depth=5-9 count=1914 min=3 mean=4.06 median=3 p90=6 p95=7 max=8
[MCTS WIDTH COUNTS BY DEPTH] depth=5-9 counts=(3=1019,4=323,5=225,6=169,7=150,8=28)
[MCTS WIDTH BY DEPTH] depth=10-19 count=2842 min=3 mean=3.52 median=3 p90=5 p95=5 max=7
[MCTS WIDTH COUNTS BY DEPTH] depth=10-19 counts=(3=1890,4=528,5=335,6=86,7=3)
[MCTS WIDTH BY DEPTH] depth=20-49 count=4031 min=3 mean=3.04 median=3 p90=3 p95=3 max=5
[MCTS WIDTH COUNTS BY DEPTH] depth=20-49 counts=(3=3895,4=94,5=42)
[MCTS WIDTH BY DEPTH] depth=50-99 count=640 min=3 mean=3.00 median=3 p90=3 p95=3 max=3
[MCTS WIDTH COUNTS BY DEPTH] depth=50-99 counts=(3=640)
[MCTS DEPTH SUMMARY] selection_depths=(count=490 min=0 mean=23.61 median=18 p90=52 p95=60 max=80) horizon_cutoffs=(count=0)
[MCTS ACTION SUMMARY] selected_raw_policy_ranks=(count=7 min=1 mean=1.14 median=1 p90=2 p95=2 max=2) known_goal_decisions=0 infeasible_known_goal_decisions=0
[MCTS TIME SUMMARY] selection=0.432602s expansion=28.479621s successor_generation=4.518024s network_inference=23.694068s evaluation=6.421321s backpropagation=0.074795s
[2026-09-14 18:41:27,564] [INFO] [enhspwrapper.py:224] Deleted temp file: /tmp/domain_heuristic_zhdswlj1.pddl
[2026-09-14 18:41:27,565] [INFO] [enhspwrapper.py:224] Deleted temp file: /tmp/instance_heuristic_0za2x7u3.pddl
[2026-09-14 18:41:27,566] [WARNING] [enhspwrapper.py:226] Failed to delete temp file /tmp/domain_heuristic_zhdswlj1.pddl: [Errno 2] No such file or directory: '/tmp/domain_heuristic_zhdswlj1.pddl'
[2026-09-14 18:41:27,566] [WARNING] [enhspwrapper.py:226] Failed to delete temp file /tmp/instance_heuristic_0za2x7u3.pddl: [Errno 2] No such file or directory: '/tmp/instance_heuristic_0za2x7u3.pddl'
[EVAL INSTANCE] completed number=19 path=../problems/numeric/mprime/instances/pfile27.pddl status=success elapsed=51.87s success=1.0 steps=7
[EVAL][PLAN] EASY       | pfile27.pddl | steps=7 | plan=['feast love popover scallion', 'overcome boils satisfaction scallion', 'feast satisfaction scallion guava', 'succumb boils satisfaction guava', 'overcome grief love scallion', 'feast love scallion guava', 'succumb grief love guava']
[EVAL INSTANCE] started number=20 path=../problems/numeric/mprime/instances/pfile28.pddl pid=1662671
mdpsim:../problems/numeric/mprime/domain.pddl:3: assuming `:typing' requirement
mdpsim:../problems/numeric/mprime/domain.pddl:15: assuming `:fluents' requirement
[EVAL|Easy|1662671] Setting C/Python/Numpy/TF seeds to 534933626
Starting [EVAL|Easy|1662671] on instance [19] ../problems/numeric/mprime/instances/pfile28.pddl
Starting to parse mdpsim problem: mprime-x-28
Finished parsing mdpsim problem: mprime-x-28
[EVAL|Easy|1662671] ACTION POLICY INITIALIZED
[EVAL|Easy|1662671] policy_class = ArgmaxGoalChasePathDuplicatePenaltyPolicy
[EVAL|Easy|1662671] distance_threshold = inf
[EVAL|Easy|1662671] duplicate_penalty = 0.0
[EVAL|Easy|1662671] root_visit_tie_break = action_id
[2026-09-14 18:41:48,822] [INFO] [enhspwrapper.py:84] Created temporary domain file: /tmp/domain_heuristic_4pn2oad7.pddl
[2026-09-14 18:41:48,823] [INFO] [enhspwrapper.py:93] Created temporary instance file: /tmp/instance_heuristic_xb61vc91.pddl
[2026-09-14 18:41:50,031] [INFO] [enhspwrapper.py:51] Starting the heuristic server with config: hmrp-ha-gbfs
[MCTS SEARCH SUMMARY] progressive_widening=True iterations_per_search=70 search_calls=15 nodes=1716 peak_nodes=1716 widening_events=893
[MCTS WIDTH SUMMARY] final_widths=(count=1716 min=0 mean=1.19 median=0 p90=3 p95=4 max=16) root_widths=(count=15 min=4 mean=11.33 median=13 p90=16 p95=16 max=16) widen_event_widths=(count=893 min=1 mean=4.42 median=3 p90=9 p95=11 max=16) admitted_policy_ranks=(count=2039 min=1 mean=1.84 median=2 p90=3 p95=3 max=3)
[MCTS DISTRIBUTION] final_width_counts=(0=1139,1=1,2=6,3=474,4=46,5=17,6=8,7=5,8=1,9=2,10=1,11=4,12=1,13=3,14=2,15=3,16=3) node_visit_bins=(0=914,1=228,2=46,3-4=61,5-8=65,9-16=80,17-32=120,33-64=145,65-128=30,129+=27) selection_depth_bins=(0=21,1=17,2=22,3-4=43,5-8=107,9-16=230,17-32=335,33-64=275)
[MCTS WIDTH BY DEPTH] depth=0 count=1049 min=3 mean=10.71 median=12 p90=15 p95=16 max=16
[MCTS WIDTH COUNTS BY DEPTH] depth=0 counts=(3=46,4=52,5=60,6=59,7=41,8=53,9=60,10=67,11=51,12=125,13=127,14=102,15=127,16=79)
[MCTS WIDTH BY DEPTH] depth=1 count=1026 min=3 mean=10.42 median=11 p90=15 p95=16 max=16
[MCTS WIDTH COUNTS BY DEPTH] depth=1 counts=(3=110,4=27,5=30,6=44,7=41,8=53,9=60,10=51,11=128,12=104,13=87,14=124,15=114,16=53)
[MCTS WIDTH BY DEPTH] depth=2 count=1006 min=3 mean=10.08 median=11 p90=15 p95=15 max=15
[MCTS WIDTH COUNTS BY DEPTH] depth=2 counts=(3=110,4=27,5=30,6=41,7=49,8=100,9=37,10=83,11=87,12=81,13=114,14=115,15=132)
[MCTS WIDTH BY DEPTH] depth=3-4 count=1947 min=3 mean=9.49 median=11 p90=13 p95=14 max=15
[MCTS WIDTH COUNTS BY DEPTH] depth=3-4 counts=(3=242,4=92,5=60,6=58,7=86,8=143,9=125,10=147,11=227,12=252,13=332,14=181,15=2)
[MCTS WIDTH BY DEPTH] depth=5-9 count=4425 min=3 mean=7.00 median=7 p90=11 p95=12 max=13
[MCTS WIDTH COUNTS BY DEPTH] depth=5-9 counts=(3=1056,4=278,5=237,6=417,7=372,8=325,9=508,10=601,11=382,12=224,13=25)
[MCTS WIDTH BY DEPTH] depth=10-19 count=6662 min=3 mean=4.01 median=3 p90=7 p95=8 max=10
[MCTS WIDTH COUNTS BY DEPTH] depth=10-19 counts=(3=4158,4=715,5=682,6=407,7=269,8=240,9=162,10=29)
[MCTS WIDTH BY DEPTH] depth=20-49 count=6995 min=1 mean=3.10 median=3 p90=4 p95=4 max=6
[MCTS WIDTH COUNTS BY DEPTH] depth=20-49 counts=(1=11,2=141,3=6121,4=568,5=153,6=1)
[MCTS WIDTH BY DEPTH] depth=50-99 count=25 min=2 mean=2.80 median=3 p90=3 p95=3 max=3
[MCTS WIDTH COUNTS BY DEPTH] depth=50-99 counts=(2=5,3=20)
[MCTS DEPTH SUMMARY] selection_depths=(count=1050 min=0 mean=21.58 median=20 p90=42 p95=44 max=54) horizon_cutoffs=(count=0)
[MCTS ACTION SUMMARY] selected_raw_policy_ranks=(count=15 min=1 mean=1.87 median=1 p90=4 p95=8 max=8) known_goal_decisions=0 infeasible_known_goal_decisions=0
[MCTS TIME SUMMARY] selection=1.018357s expansion=23.230426s successor_generation=3.441439s network_inference=19.491687s evaluation=3.957819s backpropagation=0.125023s
[2026-09-14 18:42:09,177] [INFO] [enhspwrapper.py:224] Deleted temp file: /tmp/domain_heuristic_4pn2oad7.pddl
[2026-09-14 18:42:09,177] [INFO] [enhspwrapper.py:224] Deleted temp file: /tmp/instance_heuristic_xb61vc91.pddl
[2026-09-14 18:42:09,177] [WARNING] [enhspwrapper.py:226] Failed to delete temp file /tmp/domain_heuristic_4pn2oad7.pddl: [Errno 2] No such file or directory: '/tmp/domain_heuristic_4pn2oad7.pddl'
[2026-09-14 18:42:09,177] [WARNING] [enhspwrapper.py:226] Failed to delete temp file /tmp/instance_heuristic_xb61vc91.pddl: [Errno 2] No such file or directory: '/tmp/instance_heuristic_xb61vc91.pddl'
[EVAL INSTANCE] completed number=20 path=../problems/numeric/mprime/instances/pfile28.pddl status=success elapsed=41.58s success=1.0 steps=15
[EVAL][PLAN] EASY       | pfile28.pddl | steps=15 | plan=['feast intoxication wurst lamb', 'overcome grief intoxication lamb', 'feast intoxication lamb broccoli', 'overcome boils intoxication broccoli', 'feast intoxication broccoli lamb', 'succumb boils intoxication lamb', 'succumb grief intoxication lamb', 'drink shrimp wurst', 'feast intoxication lamb wurst', 'feast intoxication wurst muffin', 'overcome anger intoxication muffin', 'feast intoxication muffin wurst', 'drink muffin wurst', 'feast intoxication wurst lamb', 'succumb anger intoxication lamb']
[MCTS SEARCH SUMMARY] progressive_widening=True iterations_per_search=70 search_calls=30 nodes=4791 peak_nodes=4791 widening_events=2088
[MCTS WIDTH SUMMARY] final_widths=(count=4791 min=0 mean=1.09 median=0 p90=3 p95=3 max=20) root_widths=(count=30 min=4 mean=15.93 median=17 p90=20 p95=20 max=20) widen_event_widths=(count=2088 min=3 mean=4.64 median=3 p90=10 p95=14 max=20) admitted_policy_ranks=(count=5218 min=1 mean=1.90 median=2 p90=3 p95=3 max=3)
[MCTS DISTRIBUTION] final_width_counts=(0=3226,3=1477,4=29,5=13,6=10,7=1,8=4,9=3,10=2,11=1,12=1,13=1,14=1,15=2,16=2,17=2,18=2,19=2,20=12) node_visit_bins=(0=2819,1=417,2=41,3-4=108,5-8=206,9-16=329,17-32=509,33-64=299,65-128=25,129+=38) selection_depth_bins=(0=21,1=18,2=33,3-4=70,5-8=159,9-16=331,17-32=685,33-64=719,65-128=64)
[MCTS WIDTH BY DEPTH] depth=0 count=2099 min=3 mean=15.64 median=17 p90=20 p95=20 max=20
[MCTS WIDTH COUNTS BY DEPTH] depth=0 counts=(3=45,4=26,5=30,6=41,7=42,8=53,9=60,10=67,11=72,12=80,13=86,14=119,15=114,16=114,17=127,18=135,19=144,20=744)
[MCTS WIDTH BY DEPTH] depth=1 count=2078 min=3 mean=15.61 median=17 p90=20 p95=20 max=20
[MCTS WIDTH COUNTS BY DEPTH] depth=1 counts=(3=44,4=27,5=30,6=41,7=41,8=53,9=60,10=67,11=72,12=80,13=86,14=123,15=117,16=105,17=127,18=136,19=143,20=726)
[MCTS WIDTH BY DEPTH] depth=2 count=2052 min=3 mean=14.45 median=16 p90=20 p95=20 max=20
[MCTS WIDTH COUNTS BY DEPTH] depth=2 counts=(3=104,4=27,5=80,6=59,7=41,8=69,9=60,10=77,11=72,12=80,13=95,14=99,15=113,16=120,17=118,18=134,19=149,20=555)
[MCTS WIDTH BY DEPTH] depth=3-4 count=4003 min=3 mean=13.02 median=14 p90=20 p95=20 max=20
[MCTS WIDTH COUNTS BY DEPTH] depth=3-4 counts=(3=384,4=143,5=141,6=97,7=126,8=139,9=173,10=171,11=144,12=171,13=182,14=209,15=205,16=234,17=255,18=270,19=287,20=672)
[MCTS WIDTH BY DEPTH] depth=5-9 count=9312 min=3 mean=11.54 median=13 p90=19 p95=20 max=20
[MCTS WIDTH COUNTS BY DEPTH] depth=5-9 counts=(3=1821,4=286,5=210,6=237,7=288,8=341,9=326,10=339,11=368,12=414,13=475,14=493,15=552,16=579,17=629,18=685,19=705,20=564)
[MCTS WIDTH BY DEPTH] depth=10-19 count=15513 min=3 mean=7.72 median=6 p90=15 p95=16 max=19
[MCTS WIDTH COUNTS BY DEPTH] depth=10-19 counts=(3=6166,4=562,5=550,6=583,7=561,8=613,9=628,10=693,11=759,12=875,13=844,14=767,15=691,16=560,17=411,18=222,19=28)
[MCTS WIDTH BY DEPTH] depth=20-49 count=21593 min=3 mean=3.49 median=3 p90=5 p95=7 max=12
[MCTS WIDTH COUNTS BY DEPTH] depth=20-49 counts=(3=18594,4=704,5=577,6=424,7=337,8=295,9=267,10=219,11=143,12=33)
[MCTS WIDTH BY DEPTH] depth=50-99 count=2208 min=3 mean=3.00 median=3 p90=3 p95=3 max=3
[MCTS WIDTH COUNTS BY DEPTH] depth=50-99 counts=(3=2208)
[MCTS DEPTH SUMMARY] selection_depths=(count=2100 min=0 mean=27.77 median=26 p90=51 p95=60 max=76) horizon_cutoffs=(count=0)
[MCTS ACTION SUMMARY] selected_raw_policy_ranks=(count=30 min=1 mean=1.03 median=1 p90=1 p95=1 max=2) known_goal_decisions=0 infeasible_known_goal_decisions=0
[MCTS TIME SUMMARY] selection=3.774913s expansion=5773.571197s successor_generation=5051.349801s network_inference=696.215408s evaluation=1520.239482s backpropagation=0.546854s
[2026-09-14 20:07:05,322] [INFO] [enhspwrapper.py:224] Deleted temp file: /tmp/domain_heuristic_38gg00hh.pddl
[2026-09-14 20:07:05,322] [INFO] [enhspwrapper.py:224] Deleted temp file: /tmp/instance_heuristic_hyq2w6o1.pddl
[2026-09-14 20:07:05,323] [WARNING] [enhspwrapper.py:226] Failed to delete temp file /tmp/domain_heuristic_38gg00hh.pddl: [Errno 2] No such file or directory: '/tmp/domain_heuristic_38gg00hh.pddl'
[2026-09-14 20:07:05,323] [WARNING] [enhspwrapper.py:226] Failed to delete temp file /tmp/instance_heuristic_hyq2w6o1.pddl: [Errno 2] No such file or directory: '/tmp/instance_heuristic_hyq2w6o1.pddl'
[EVAL INSTANCE] completed number=14 path=../problems/numeric/mprime/instances/pfile22.pddl status=success elapsed=7595.30s success=1.0 steps=30
[EVAL][PLAN] EASY       | pfile22.pddl | steps=30 | plan=['feast rest pea lamb', 'overcome hangover understanding ham', 'feast understanding ham popover', 'feast learning shrimp lamb', 'feast satisfaction pepper lamb', 'feast understanding popover bacon', 'feast understanding bacon marzipan', 'feast understanding marzipan lettuce', 'succumb hangover understanding lettuce', 'overcome hangover stimulation lettuce', 'feast stimulation lettuce marzipan', 'feast stimulation marzipan bacon', 'feast stimulation bacon marzipan', 'feast stimulation marzipan bacon', 'feast stimulation bacon marzipan', 'feast stimulation marzipan bacon', 'feast stimulation bacon marzipan', 'feast stimulation marzipan bacon', 'feast stimulation bacon popover', 'drink wurst popover', 'feast stimulation popover chicken', 'feast stimulation chicken cherry', 'succumb hangover stimulation cherry', 'feast achievement beef cherry', 'overcome hangover achievement cherry', 'drink onion cherry', 'feast achievement cherry scallop', 'feast achievement scallop shrimp', 'feast achievement shrimp lamb', 'succumb hangover achievement lamb']
[EVAL INSTANCE] timeout number=10 path=../problems/numeric/mprime/instances/pfile18.pddl limit=21600.0s

[EVAL FINAL] success=19.0/20=0.950
[EVAL] EASY       | success=0.950 | instances= 20 | avg_len_success=15.05 | avg_len_fail=-2.00

[EVAL] SUCCESSFUL PLAN SUMMARY
[EVAL][PLAN SUMMARY] EASY       | pfile01.pddl | steps=5 | plan=['overcome abrasion rest pork', 'feast rest pork lamb', 'feast rest lamb flounder', 'feast rest flounder rice', 'succumb abrasion rest rice']
[EVAL][PLAN SUMMARY] EASY       | pfile02.pddl | steps=8 | plan=['overcome grief-7 entertainment ham', 'feast satiety onion beef', 'feast entertainment ham muffin', 'overcome depression-1 entertainment muffin', 'feast entertainment muffin onion', 'feast entertainment onion beef', 'succumb grief-7 entertainment beef', 'succumb depression-1 entertainment beef']
[EVAL][PLAN SUMMARY] EASY       | pfile04.pddl | steps=9 | plan=['feast aesthetics shrimp cherry', 'feast aesthetics cherry arugula', 'feast aesthetics arugula wurst', 'drink bacon wurst', 'feast aesthetics wurst grapefruit', 'overcome sciatica aesthetics grapefruit', 'drink muffin grapefruit', 'feast aesthetics grapefruit wurst', 'succumb sciatica aesthetics wurst']
[EVAL][PLAN SUMMARY] EASY       | pfile05.pddl | steps=12 | plan=['overcome grief satisfaction broccoli', 'drink turkey sweetroll', 'feast satisfaction broccoli chocolate', 'feast satisfaction chocolate shrimp', 'succumb grief satisfaction shrimp', 'feast lubricity sweetroll scallop', 'overcome loneliness lubricity scallop', 'drink broccoli sweetroll', 'drink broccoli scallop', 'feast lubricity scallop sweetroll', 'feast lubricity sweetroll shrimp', 'succumb loneliness lubricity shrimp']
[EVAL][PLAN SUMMARY] EASY       | pfile09.pddl | steps=14 | plan=['overcome jealousy excitement guava', 'overcome sciatica entertainment flounder', 'feast excitement guava haroset', 'feast entertainment flounder hamburger', 'succumb sciatica entertainment hamburger', 'feast curiosity hotdog wurst', 'succumb jealousy excitement haroset', 'overcome jealousy intoxication haroset', 'drink guava hotdog', 'feast intoxication haroset guava', 'feast intoxication guava apple', 'feast intoxication apple hotdog', 'feast intoxication hotdog wurst', 'succumb jealousy intoxication wurst']
[EVAL][PLAN SUMMARY] EASY       | pfile13.pddl | steps=27 | plan=['feast love baguette lemon', 'overcome laceration-20 love lemon', 'overcome prostatitis-18 love lemon', 'feast love lemon baguette', 'feast love baguette lobster', 'succumb prostatitis-18 love lobster', 'feast love lobster papaya', 'feast intoxication yogurt chocolate', 'feast love papaya hamburger', 'feast love hamburger scallion', 'feast love scallion hamburger', 'feast love hamburger scallion', 'drink melon scallion', 'feast love scallion hamburger', 'succumb laceration-20 love hamburger', 'overcome laceration-20 aesthetics hamburger', 'drink flounder hamburger', 'feast aesthetics hamburger scallion', 'drink flounder scallion', 'feast aesthetics scallion flounder', 'feast aesthetics flounder lemon', 'feast aesthetics lemon onion', 'feast aesthetics onion turkey', 'feast aesthetics turkey potato', 'feast aesthetics potato muffin', 'feast aesthetics muffin ham', 'succumb laceration-20 aesthetics ham']
[EVAL][PLAN SUMMARY] EASY       | pfile14.pddl | steps=24 | plan=['feast triumph pea potato', 'feast rest scallop lettuce', 'feast rest lettuce pistachio', 'overcome anxiety-25 rest pistachio', 'overcome prostatitis-23 rest pistachio', 'feast rest pistachio lettuce', 'feast rest lettuce scallop', 'feast rest scallop lemon', 'feast rest lemon cucumber', 'succumb anxiety-25 rest cucumber', 'overcome anxiety-25 aesthetics cucumber', 'feast aesthetics cucumber lemon', 'feast aesthetics lemon scallop', 'feast aesthetics scallop scallion', 'feast aesthetics scallion shrimp', 'feast aesthetics shrimp potato', 'succumb anxiety-25 aesthetics potato', 'feast rest cucumber lemon', 'drink scallop lemon', 'feast rest lemon scallop', 'feast rest scallop scallion', 'feast rest scallion shrimp', 'feast rest shrimp potato', 'succumb prostatitis-23 rest potato']
[EVAL][PLAN SUMMARY] EASY       | pfile15.pddl | steps=40 | plan=['feast understanding cod chicken', 'feast learning broccoli pistachio', 'overcome jealousy learning pistachio', 'feast learning pistachio okra', 'feast learning okra cucumber', 'feast aesthetics cucumber okra', 'feast learning cucumber okra', 'feast expectation lamb cantelope', 'feast lubricity okra pistachio', 'feast aesthetics okra pistachio', 'succumb jealousy learning okra', 'feast lubricity pistachio okra', 'feast aesthetics pistachio okra', 'overcome jealousy lubricity okra', 'feast empathy onion haroset', 'feast stimulation lobster cucumber', 'feast satiety haroset pepper', 'feast curiosity turkey pea', 'feast empathy haroset pepper', 'feast satiety pepper haroset', 'feast entertainment pepper haroset', 'feast entertainment haroset lemon', 'feast entertainment lemon broccoli', 'feast entertainment broccoli pistachio', 'feast understanding chicken cantelope', 'drink cod pistachio', 'feast understanding cantelope chicken', 'feast understanding chicken cantelope', 'feast understanding cantelope chicken', 'feast understanding chicken cantelope', 'feast understanding cantelope chicken', 'feast expectation cantelope chicken', 'feast expectation chicken cantelope', 'drink lamb okra', 'feast lubricity okra pistachio', 'feast lubricity pistachio broccoli', 'feast lubricity broccoli lemon', 'feast lubricity lemon cod', 'feast lubricity cod chicken', 'succumb jealousy lubricity chicken']
[EVAL][PLAN SUMMARY] EASY       | pfile16.pddl | steps=6 | plan=['overcome abrasion learning baguette', 'overcome sciatica learning baguette', 'drink chocolate baguette', 'feast learning baguette rice', 'succumb abrasion learning rice', 'succumb sciatica learning rice']
[EVAL][PLAN SUMMARY] EASY       | pfile19.pddl | steps=6 | plan=['feast lubricity lemon beef', 'overcome abrasion lubricity beef', 'feast lubricity beef lamb', 'feast lubricity lamb haroset', 'feast lubricity haroset lobster', 'succumb abrasion lubricity lobster']
[EVAL][PLAN SUMMARY] EASY       | pfile20.pddl | steps=13 | plan=['feast triumph yogurt wonderbread', 'overcome abrasion intoxication wonderbread', 'feast intoxication wonderbread yogurt', 'feast intoxication yogurt wonderbread', 'feast intoxication wonderbread mutton', 'feast intoxication mutton pork', 'feast intoxication pork cod', 'feast intoxication cod pork', 'feast intoxication pork cod', 'feast intoxication cod marzipan', 'feast intoxication marzipan cherry', 'feast intoxication cherry pepper', 'succumb abrasion intoxication pepper']
[EVAL][PLAN SUMMARY] EASY       | pfile21.pddl | steps=6 | plan=['feast love flounder wurst', 'overcome sciatica love wurst', 'drink marzipan wurst', 'feast love wurst snickers', 'feast love snickers apple', 'succumb sciatica love apple']
[EVAL][PLAN SUMMARY] EASY       | pfile22.pddl | steps=30 | plan=['feast rest pea lamb', 'overcome hangover understanding ham', 'feast understanding ham popover', 'feast learning shrimp lamb', 'feast satisfaction pepper lamb', 'feast understanding popover bacon', 'feast understanding bacon marzipan', 'feast understanding marzipan lettuce', 'succumb hangover understanding lettuce', 'overcome hangover stimulation lettuce', 'feast stimulation lettuce marzipan', 'feast stimulation marzipan bacon', 'feast stimulation bacon marzipan', 'feast stimulation marzipan bacon', 'feast stimulation bacon marzipan', 'feast stimulation marzipan bacon', 'feast stimulation bacon marzipan', 'feast stimulation marzipan bacon', 'feast stimulation bacon popover', 'drink wurst popover', 'feast stimulation popover chicken', 'feast stimulation chicken cherry', 'succumb hangover stimulation cherry', 'feast achievement beef cherry', 'overcome hangover achievement cherry', 'drink onion cherry', 'feast achievement cherry scallop', 'feast achievement scallop shrimp', 'feast achievement shrimp lamb', 'succumb hangover achievement lamb']
[EVAL][PLAN SUMMARY] EASY       | pfile23.pddl | steps=27 | plan=['feast intoxication onion apple', 'overcome laceration intoxication apple', 'feast intoxication apple pistachio', 'drink okra hotdog', 'feast intoxication pistachio cherry', 'feast intoxication cherry pistachio', 'feast intoxication pistachio scallop', 'feast intoxication scallop pistachio', 'feast intoxication pistachio cherry', 'feast intoxication cherry pistachio', 'feast intoxication pistachio scallop', 'feast intoxication scallop pistachio', 'succumb laceration intoxication pistachio', 'feast understanding cherry pistachio', 'overcome laceration understanding pistachio', 'drink grapefruit pistachio', 'feast understanding pistachio scallop', 'feast understanding scallop ham', 'feast understanding ham scallop', 'feast understanding scallop ham', 'feast understanding ham scallop', 'feast understanding scallop ham', 'feast understanding ham papaya', 'feast understanding papaya lamb', 'feast understanding lamb hotdog', 'feast understanding hotdog chicken', 'succumb laceration understanding chicken']
[EVAL][PLAN SUMMARY] EASY       | pfile24.pddl | steps=20 | plan=['feast curiosity muffin apple', 'feast satiety bacon turkey', 'feast satiety turkey chicken', 'feast satiety chicken cherry', 'overcome anger-12 curiosity apple', 'drink potato cherry', 'feast satiety cherry chicken', 'feast satiety chicken cherry', 'drink potato cherry', 'feast satiety cherry chicken', 'drink melon cherry', 'drink pepper apple', 'feast curiosity apple muffin', 'feast curiosity muffin tofu', 'succumb anger-12 curiosity tofu', 'feast achievement cherry tofu', 'overcome anger-12 achievement tofu', 'drink muffin tofu', 'feast achievement tofu cherry', 'succumb anger-12 achievement cherry']
[EVAL][PLAN SUMMARY] EASY       | pfile25.pddl | steps=4 | plan=['feast expectation tuna wurst', 'overcome depression expectation wurst', 'feast expectation wurst chicken', 'succumb depression expectation chicken']
[EVAL][PLAN SUMMARY] EASY       | pfile26.pddl | steps=13 | plan=['overcome boils entertainment haroset', 'feast entertainment haroset endive', 'feast entertainment endive haroset', 'feast entertainment haroset hamburger', 'feast entertainment hamburger snickers', 'feast entertainment snickers hamburger', 'feast empathy scallop hamburger', 'feast entertainment hamburger scallop', 'feast entertainment scallop rice', 'feast entertainment rice pistachio', 'feast entertainment pistachio turkey', 'feast entertainment turkey papaya', 'succumb boils entertainment papaya']
[EVAL][PLAN SUMMARY] EASY       | pfile27.pddl | steps=7 | plan=['feast love popover scallion', 'overcome boils satisfaction scallion', 'feast satisfaction scallion guava', 'succumb boils satisfaction guava', 'overcome grief love scallion', 'feast love scallion guava', 'succumb grief love guava']
[EVAL][PLAN SUMMARY] EASY       | pfile28.pddl | steps=15 | plan=['feast intoxication wurst lamb', 'overcome grief intoxication lamb', 'feast intoxication lamb broccoli', 'overcome boils intoxication broccoli', 'feast intoxication broccoli lamb', 'succumb boils intoxication lamb', 'succumb grief intoxication lamb', 'drink shrimp wurst', 'feast intoxication lamb wurst', 'feast intoxication wurst muffin', 'overcome anger intoxication muffin', 'feast intoxication muffin wurst', 'drink muffin wurst', 'feast intoxication wurst lamb', 'succumb anger intoxication lamb']

[EVAL] OVERALL success=0.950
spec:  
=== SpawnExploreSpec ===

  [ CORE ]
    domain_type                              : numeric
    pddls                                    : ('../problems/numeric/mprime/domain.pddl', '../problems/numeric/mprime/instances/pfile01.pddl')
    difficulty                               : Easy
    trainer_seed                             : 534933607
    slot_id                                  : 0
    num_slots                                : 20

  [ PLANNER / TEACHER ]
    teacher_planner                          : enhsp
    teacher_timeout_s                        : 1
    use_teacher_envelope                     : False
    enhsp_config                             : hmrp-ha-gbfs
    max_len                                  : 10000

  [ HEURISTICS ]
    ssipp_dg_heuristic                       : None
    fd_heuristic                             : astar-hadd
    ssipp_teacher_heuristic                  : lm-cut
    use_lm_cuts                              : False
    use_numeric_landmarks                    : False
    use_contributions                        : False

  [ MCTS & EXPLORATION ]
    mcts_iterations                          : 70
    mcts_expansion_k                         : 20
    mcts_exploration_weight                  : 0.1
    mcts_progressive_widening                : True
    mcts_pw_min_width                        : 3
    mcts_pw_c                                : 0.6
    mcts_pw_alpha                            : 0.5
    mcts_root_visit_tie_break                : action_id
    mcts_her_strategy                        : False
    sample_k_additional_states               : 0

  [ ESTIMATOR & DECAY ]
    estimator_h_to_v_coeff                   : 1.0
    use_estimator                            : 0.5
    estimator_decay_coeff_start              : 1.0
    estimator_decay_coeff_end                : 0.2
    estimator_decay_epochs                   : 0

  [ ACTION POLICY ]
    action_policy                            : argmax
    action_policy_epsilon                    : 0.0
    action_policy_temperature                : None
    action_policy_decay_rate                 : None
    action_policy_duplicate_penalty          : 0.0

  [ MISC / TRAINING ]
    use_fluents                              : True
    use_comps                                : False
    fixed_instance_pddl                      : False
    original_training_set                    : False
    freeze_train_steps                       : 50
    freeze_batch_size                        : 32

  [ OTHER ]
    use_act_history                          : True
    only_one_good_action                     : False
    heuristic_bootstrapping                  : False
    goal_path_reconstruction                 : None
    ENHSP_plan_bootstrap                     : True
    est_plan_z                               : False
    timeout                                  : 86400
    puct_debug                               : False
    action_debug                             : False
    use_estimator_decay                      : False
    action_policy_goal_chase_distance_threshold : -1
    evaluation_mode                          : True
    evaluation_index                         : 1
    mcts_enforce_remaining_horizon           : False
    mcts_terminal_safe_action_selection      : False
    mcts_context_diagnostics                 : False
    mcts_contextual_nodes                    : False
    mcts_context_witness_limit               : 128

Inference success rate: 0.95, took: 26763.470162153244s
Importing architecture from experiments_numeric.architecture_2.mprime_mcts
Importing problem from experiments_numeric.domain.mprime
Resuming from checkpoint "/home/hersco/bershco-nu-asnets/numeric-asnets/asnets/experiment-results/experiments_numeric.domain.mprime_validation_ipc_scale_v1-experiments_numeric.architecture_2.mprime-2026-08-27T10:28:36.642522/P[domain,pfile01,pfile02,pfile04,pfile05]-S[0.003,50,enhsp-hmrp-ha-gbfs]-MO[]-T[518400]-04915062-3c74d66/snapshots/snapshot_30_0.750"
Using experiment dir "/home/hersco/bershco-nu-asnets/numeric-asnets/asnets/experiment-results/experiments_numeric.domain.mprime_validation_ipc_scale_v1-experiments_numeric.architecture_2.mprime-2026-08-27T10:28:36.642522"






Testing network
Running command line "/home/hersco/bershco-nu-asnets/numeric-asnets/venv-asnets/bin/python3 -u -m asnets.scripts.run_asnets --no-train --minimal-file-saves --resume-from /home/hersco/bershco-nu-asnets/numeric-asnets/asnets/experiment-results/experiments_numeric.domain.mprime_validation_ipc_scale_v1-experiments_numeric.architecture_2.mprime-2026-08-27T10:28:36.642522/P[domain,pfile01,pfile02,pfile04,pfile05]-S[0.003,50,enhsp-hmrp-ha-gbfs]-MO[]-T[518400]-04915062-3c74d66/snapshots/snapshot_30_0.750 -e /home/hersco/bershco-nu-asnets/numeric-asnets/asnets/experiment-results/experiments_numeric.domain.mprime_validation_ipc_scale_v1-experiments_numeric.architecture_2.mprime-2026-08-27T10:28:36.642522 --jpddl-max-heap 4g --eval-with-mcts --eval-scheduling rolling --eval-instance-timeout 21600.0 --eval-completion-file /home/hersco/training_new_domains/2026-09-13/mprime_phase_b_a_stage1_pw70/on/534933607/full/completion/mprime-s1-phase-b-a-on-534933607-e0030-pw70-k3.jsonl --det-eval --no-use-lm-cuts --use-act-history --no-use-teacher-envelope --max-opt-epochs 1000 --teacher-timeout-s 1 --use-fluents --enhsp-config hmrp-ha-gbfs --limit-train-obs-size 1200 --exploration-algorithm mcts --rollouts 2 --min-explored 10 --max-explored 1000 --exploration-learning-ratio 10 --max-replay-size 150000 --action-policy argmax --action-policy-epsilon 0.0 --domain-type numeric --num-layers 2 --hidden-size 15 --l2-reg 0.005 --l1-reg 0.0 --mse 0.5 -R 1 -L 10000 -t 518400 --supervised-lr 0.003 --supervised-bs 50 --supervised-early-stop 20 --save-every 1 --opt-batch-per-epoch 60 --teacher-planner enhsp --sup-objective MCTS_VISIT_DIST -L 10000 --seed 534933607 --mcts-expansion-size 20 --mcts-heuristic hadd-gbfs --mcts-exploration-weight 0.1 --mcts-progressive-widening --mcts-pw-min-width 3 --mcts-pw-c 0.6 --mcts-pw-alpha 0.5 --num-workers 3 --mcts-iterations 70 --use-estimator 0.5 ../problems/numeric/mprime/domain.pddl ../problems/numeric/mprime/instances/pfile01.pddl ../problems/numeric/mprime/instances/pfile02.pddl ../problems/numeric/mprime/instances/pfile04.pddl ../problems/numeric/mprime/instances/pfile05.pddl ../problems/numeric/mprime/instances/pfile09.pddl ../problems/numeric/mprime/instances/pfile13.pddl ../problems/numeric/mprime/instances/pfile14.pddl ../problems/numeric/mprime/instances/pfile15.pddl ../problems/numeric/mprime/instances/pfile16.pddl ../problems/numeric/mprime/instances/pfile18.pddl ../problems/numeric/mprime/instances/pfile19.pddl ../problems/numeric/mprime/instances/pfile20.pddl ../problems/numeric/mprime/instances/pfile21.pddl ../problems/numeric/mprime/instances/pfile22.pddl ../problems/numeric/mprime/instances/pfile23.pddl ../problems/numeric/mprime/instances/pfile24.pddl ../problems/numeric/mprime/instances/pfile25.pddl ../problems/numeric/mprime/instances/pfile26.pddl ../problems/numeric/mprime/instances/pfile27.pddl ../problems/numeric/mprime/instances/pfile28.pddl --validation-pddls-easy ../problems/numeric/mprime/valid_easy/pfile0.pddl ../problems/numeric/mprime/valid_easy/pfile1.pddl ../problems/numeric/mprime/valid_easy/pfile2.pddl ../problems/numeric/mprime/valid_easy/pfile3.pddl ../problems/numeric/mprime/valid_easy/pfile4.pddl ../problems/numeric/mprime/valid_easy/pfile5.pddl ../problems/numeric/mprime/valid_easy/pfile6.pddl ../problems/numeric/mprime/valid_easy/pfile7.pddl ../problems/numeric/mprime/valid_easy/pfile8.pddl ../problems/numeric/mprime/valid_easy/pfile9.pddl --validation-pddls-medium ../problems/numeric/mprime/valid_medium/pfile0.pddl ../problems/numeric/mprime/valid_medium/pfile1.pddl ../problems/numeric/mprime/valid_medium/pfile2.pddl ../problems/numeric/mprime/valid_medium/pfile3.pddl ../problems/numeric/mprime/valid_medium/pfile4.pddl ../problems/numeric/mprime/valid_medium/pfile5.pddl ../problems/numeric/mprime/valid_medium/pfile6.pddl ../problems/numeric/mprime/valid_medium/pfile7.pddl ../problems/numeric/mprime/valid_medium/pfile8.pddl ../problems/numeric/mprime/valid_medium/pfile9.pddl --validation-pddls-hard ../problems/numeric/mprime/valid_hard/pfile0.pddl ../problems/numeric/mprime/valid_hard/pfile1.pddl ../problems/numeric/mprime/valid_hard/pfile2.pddl ../problems/numeric/mprime/valid_hard/pfile3.pddl ../problems/numeric/mprime/valid_hard/pfile4.pddl ../problems/numeric/mprime/valid_hard/pfile5.pddl ../problems/numeric/mprime/valid_hard/pfile6.pddl ../problems/numeric/mprime/valid_hard/pfile7.pddl ../problems/numeric/mprime/valid_hard/pfile8.pddl ../problems/numeric/mprime/valid_hard/pfile9.pddl"
Will write results to /home/hersco/bershco-nu-asnets/numeric-asnets/asnets/experiment-results/experiments_numeric.domain.mprime_validation_ipc_scale_v1-experiments_numeric.architecture_2.mprime-2026-08-27T10:28:36.642522/runs/44782f5b37256e2267ef370505c1fe0a
Force-killing a process
Process exited with code -15: tee /home/hersco/bershco-nu-asnets/numeric-asnets/asnets/experiment-results/experiments_numeric.domain.mprime_validation_ipc_scale_v1-experiments_numeric.architecture_2.mprime-2026-08-27T10:28:36.642522/runs/44782f5b37256e2267ef370505c1fe0a/stdout
Force-killing a process
Process exited with code -15: tee /home/hersco/bershco-nu-asnets/numeric-asnets/asnets/experiment-results/experiments_numeric.domain.mprime_validation_ipc_scale_v1-experiments_numeric.architecture_2.mprime-2026-08-27T10:28:36.642522/runs/44782f5b37256e2267ef370505c1fe0a/stderr
Fin :-)
[VAL] Starting validation guardrail
[VAL] Log       : /home/hersco/training_new_domains/2026-09-13/mprime_phase_b_a_stage1_pw70/on/534933607/full/attempts/21260353_r0.txt
[VAL] Domain    : mprime
[VAL] Validator : /home/hersco/tools/VAL/build/bin/Validate
[VAL] Domain module : /home/hersco/bershco-nu-asnets/numeric-asnets-mprime-pw-9fe4f9e6/asnets/experiments_numeric/domain/mprime.py
[VAL] PDDL dir      : /home/hersco/bershco-nu-asnets/numeric-asnets-mprime-pw-9fe4f9e6/problems/numeric/mprime
[VAL] COMMON_PDDLS  : /home/hersco/bershco-nu-asnets/numeric-asnets-mprime-pw-9fe4f9e6/problems/numeric/mprime/domain.pddl
[VAL] Evaluator successes : 19
[VAL] Evaluator total     : 20
[VAL] Plan records found  : 19
[VAL] Unique instances    : 19
[VAL] OK   pfile01.pddl (1 candidate plan(s))
[VAL] OK   pfile04.pddl (1 candidate plan(s))
[VAL] OK   pfile02.pddl (1 candidate plan(s))
[VAL] OK   pfile09.pddl (1 candidate plan(s))
[VAL] OK   pfile05.pddl (1 candidate plan(s))
[VAL] OK   pfile15.pddl (1 candidate plan(s))
[VAL] OK   pfile16.pddl (1 candidate plan(s))
[VAL] OK   pfile14.pddl (1 candidate plan(s))
[VAL] OK   pfile13.pddl (1 candidate plan(s))
[VAL] OK   pfile20.pddl (1 candidate plan(s))
[VAL] OK   pfile19.pddl (1 candidate plan(s))
[VAL] OK   pfile21.pddl (1 candidate plan(s))
[VAL] OK   pfile23.pddl (1 candidate plan(s))
[VAL] OK   pfile24.pddl (1 candidate plan(s))
[VAL] OK   pfile25.pddl (1 candidate plan(s))
[VAL] OK   pfile26.pddl (1 candidate plan(s))
[VAL] OK   pfile27.pddl (1 candidate plan(s))
[VAL] OK   pfile28.pddl (1 candidate plan(s))
[VAL] OK   pfile22.pddl (1 candidate plan(s))
[VAL] Summary CSV        : /home/hersco/training_new_domains/2026-09-13/mprime_phase_b_a_stage1_pw70/on/534933607/full/validation/21260353_r0.val.csv

[VAL] ===== VALIDATION SUMMARY =====
[VAL] Evaluator successes : 19
[VAL] Printed plan records: 19
[VAL] Printed instances   : 19
[VAL] VAL-valid plans     : 19
[VAL] VAL-invalid plans   : 0
[VAL] =================================
[VAL] Retry-aware partial validation successful: all unique printed successful instances pass VAL
