------------------------------------
Mon 14 Sep 2026 15:40:21 IDT
SLURM_JOBID:		21259755
SLURM_JOB_NODELIST:	ise-cpu256-11
SLURM_SCRATCH_DIR:	/scratch/hersco/21259755
Allocated Resouces:	cpu - 6 / mem - 122880 MB / gpu - 
SLURM_GPU_INDEX:	
Running as hersco from shperbsh account with normal QOS
------------------------------------
[MPRIME S1 PBA PW70] identity=mprime-s1-phase-b-a-on-2082152039-e0005-pw70-k3 vh=on seed=2082152039 epoch=5 smoke=no
[MPRIME S1 PBA PW70] width=20 simulations=70 Kmin=3 c=.6 alpha=.5 puct=.1 estimator=.5 terminal_safe=false
[MPRIME S1 PBA PW70] checkpoint=/home/hersco/bershco-nu-asnets/numeric-asnets/asnets/experiment-results/experiments_numeric.domain.mprime_validation_ipc_scale_v1-experiments_numeric.architecture_2.mprime-2026-08-27T10:43:39.769362/P[domain,pfile01,pfile02,pfile04,pfile05]-S[0.003,50,enhsp-hmrp-ha-gbfs]-MO[]-T[518400]-04915077-faf7d6/snapshots/snapshot_5_0.750 commit=9fe4f9e695ed290cc370dd5c5b877c276578525c
2026-09-14 15:41:56.373737: E tensorflow/compiler/xla/stream_executor/cuda/cuda_dnn.cc:9342] Unable to register cuDNN factory: Attempting to register factory for plugin cuDNN when one has already been registered
2026-09-14 15:41:56.373800: E tensorflow/compiler/xla/stream_executor/cuda/cuda_fft.cc:609] Unable to register cuFFT factory: Attempting to register factory for plugin cuFFT when one has already been registered
2026-09-14 15:41:56.373853: E tensorflow/compiler/xla/stream_executor/cuda/cuda_blas.cc:1518] Unable to register cuBLAS factory: Attempting to register factory for plugin cuBLAS when one has already been registered
2026-09-14 15:41:56.382724: I tensorflow/core/platform/cpu_feature_guard.cc:182] This TensorFlow binary is optimized to use available CPU instructions in performance-critical operations.
To enable the following instructions: AVX2 FMA, in other operations, rebuild TensorFlow with the appropriate compiler flags.
[JPDDL] Maximum heap per worker: 4g
[2026-09-14 15:42:00,148] [INFO] [run_asnets.py:1491] Arguments are: Namespace(problems=None, domain_type=numeric, opt_patience=10, max_opt_epochs=1000, supervised_lr=0.003, lr_steps=[], supervised_bs=50, ssipp_teacher_heuristic='lm-cut', fd_teacher_heuristic='astar-hadd', enhsp_config='hmrp-ha-gbfs', supervised_early_stop=20, save_every=1, seed=2082152039, optimizer_opts={}, resume_from='/home/hersco/bershco-nu-asnets/numeric-asnets/asnets/experiment-results/experiments_numeric.domain.mprime_validation_ipc_scale_v1-experiments_numeric.architecture_2.mprime-2026-08-27T10:43:39.769362/P[domain,pfile01,pfile02,pfile04,pfile05]-S[0.003,50,enhsp-hmrp-ha-gbfs]-MO[]-T[518400]-04915077-faf7d6/snapshots/snapshot_5_0.750', timeout=518400.0, model_opts={}, skip=True, num_layers=2, hidden_size=15, dropout=0.0, sup_objective=<SupervisedObjective.MCTS_VISIT_DIST: 3>, use_teacher_envelope=False, det_eval=True, ssipp_dg_heuristic=None, minimal_file_saves=True, use_lm_cuts=False, use_numeric_landmarks=False, use_contributions=False, use_act_history=True, save_training_set=None, use_saved_training_set=None, rounds_eval=1, limit_turns=10000, expt_dir='/home/hersco/bershco-nu-asnets/numeric-asnets/asnets/experiment-results/experiments_numeric.domain.mprime_validation_ipc_scale_v1-experiments_numeric.architecture_2.mprime-2026-08-27T10:43:39.769362', dK='dk', no_train=True, l1_reg=0.0, l2_reg=0.005, l1_l2_reg=0.0, mse=0.5, policy_anchor_kl_coeff=0.0, policy_anchor_kl_mode='constant', policy_anchor_kl_target=None, teacher_planner='enhsp', opt_batch_per_epoch=60, exploration_algorithm='mcts', eval_with_mcts=True, eval_mcts_enforce_remaining_horizon=False, eval_mcts_terminal_safe_action_selection=False, eval_mcts_root_visit_tie_break='action_id', eval_mcts_context_diagnostics=False, eval_mcts_contextual_nodes=False, eval_mcts_context_witness_limit=128, eval_start_wave=1, eval_scheduling='rolling', skip_instance_numbers=(), eval_instance_timeout=21600.0, eval_completion_file='/home/hersco/training_new_domains/2026-09-13/mprime_phase_b_a_stage1_pw70/on/2082152039/full/completion/mprime-s1-phase-b-a-on-2082152039-e0005-pw70-k3.jsonl', jpddl_max_heap='4g', action_debug=False, puct_debug=False, rollouts=2, min_explored=10, max_explored=1000, exploration_learning_ratio=10.0, max_replay_size=150000, teacher_timeout_s=1, plan_file_name='plan_sas', limit_train_obs_size='1200', use_fluents=True, use_comparisons=False, pddls=['../problems/numeric/mprime/domain.pddl', '../problems/numeric/mprime/instances/pfile01.pddl', '../problems/numeric/mprime/instances/pfile02.pddl', '../problems/numeric/mprime/instances/pfile04.pddl', '../problems/numeric/mprime/instances/pfile05.pddl', '../problems/numeric/mprime/instances/pfile09.pddl', '../problems/numeric/mprime/instances/pfile13.pddl', '../problems/numeric/mprime/instances/pfile14.pddl', '../problems/numeric/mprime/instances/pfile15.pddl', '../problems/numeric/mprime/instances/pfile16.pddl', '../problems/numeric/mprime/instances/pfile18.pddl', '../problems/numeric/mprime/instances/pfile19.pddl', '../problems/numeric/mprime/instances/pfile20.pddl', '../problems/numeric/mprime/instances/pfile21.pddl', '../problems/numeric/mprime/instances/pfile22.pddl', '../problems/numeric/mprime/instances/pfile23.pddl', '../problems/numeric/mprime/instances/pfile24.pddl', '../problems/numeric/mprime/instances/pfile25.pddl', '../problems/numeric/mprime/instances/pfile26.pddl', '../problems/numeric/mprime/instances/pfile27.pddl', '../problems/numeric/mprime/instances/pfile28.pddl'], mcts_rollout_horizon=3, graceful_timeout=86400, mcts_expansion_size=20, no_eval=False, mcts_heuristic='hadd-gbfs', minimization=False, mcts_exploration_weight=0.1, mcts_progressive_widening=True, mcts_pw_min_width=3, mcts_pw_c=0.6, mcts_pw_alpha=0.5, disable_value_head=False, mcts_iterations=70, heuristic_bootstrapping=False, mcts_her_strategy=False, num_workers=3, slurm_job_id=0, worker_logs=False, corrupt_pi=None, corrupt_z=None, fixed_instance=False, original_training_set=False, sample_k_additional_states=0, profile_dir=None, profile_sample_epochs=(0, 5, 25, 100), profile_sample_every=200, freeze_train=False, goal_path_reconstruction=None, action_policy='argmax', action_policy_goal_chase_distance_threshold=None, action_policy_epsilon=0.0, action_policy_temperature=None, action_policy_decay_rate=None, action_policy_duplicate_penalty=0.0, estimator_h_to_v_coeff=1.0, use_estimator_decay=False, use_estimator=0.5, estimator_decay_epochs=None, estimator_decay_coeff_start=1.0, estimator_decay_coeff_end=0.2, validation_pddls_easy=['../problems/numeric/mprime/valid_easy/pfile0.pddl', '../problems/numeric/mprime/valid_easy/pfile1.pddl', '../problems/numeric/mprime/valid_easy/pfile2.pddl', '../problems/numeric/mprime/valid_easy/pfile3.pddl', '../problems/numeric/mprime/valid_easy/pfile4.pddl', '../problems/numeric/mprime/valid_easy/pfile5.pddl', '../problems/numeric/mprime/valid_easy/pfile6.pddl', '../problems/numeric/mprime/valid_easy/pfile7.pddl', '../problems/numeric/mprime/valid_easy/pfile8.pddl', '../problems/numeric/mprime/valid_easy/pfile9.pddl'], validation_pddls_medium=['../problems/numeric/mprime/valid_medium/pfile0.pddl', '../problems/numeric/mprime/valid_medium/pfile1.pddl', '../problems/numeric/mprime/valid_medium/pfile2.pddl', '../problems/numeric/mprime/valid_medium/pfile3.pddl', '../problems/numeric/mprime/valid_medium/pfile4.pddl', '../problems/numeric/mprime/valid_medium/pfile5.pddl', '../problems/numeric/mprime/valid_medium/pfile6.pddl', '../problems/numeric/mprime/valid_medium/pfile7.pddl', '../problems/numeric/mprime/valid_medium/pfile8.pddl', '../problems/numeric/mprime/valid_medium/pfile9.pddl'], validation_pddls_hard=['../problems/numeric/mprime/valid_hard/pfile0.pddl', '../problems/numeric/mprime/valid_hard/pfile1.pddl', '../problems/numeric/mprime/valid_hard/pfile2.pddl', '../problems/numeric/mprime/valid_hard/pfile3.pddl', '../problems/numeric/mprime/valid_hard/pfile4.pddl', '../problems/numeric/mprime/valid_hard/pfile5.pddl', '../problems/numeric/mprime/valid_hard/pfile6.pddl', '../problems/numeric/mprime/valid_hard/pfile7.pddl', '../problems/numeric/mprime/valid_hard/pfile8.pddl', '../problems/numeric/mprime/valid_hard/pfile9.pddl'], validation_on_test_instances=False)
[2036887] Setting C/Python/Numpy/TF seeds to 2082152039
Unique prefix: P[domain,pfile01,pfile02,pfile04,pfile05,pfile09,...]-S[0.003,50,enhsp-hmrp-ha-gbfs]-MO[]-T[518400]-04941296-faf7d6
Snapshot directory: /home/hersco/bershco-nu-asnets/numeric-asnets/asnets/experiment-results/experiments_numeric.domain.mprime_validation_ipc_scale_v1-experiments_numeric.architecture_2.mprime-2026-08-27T10:43:39.769362/P[domain,pfile01,pfile02,pfile04,pfile05,pfile09,...]-S[0.003,50,enhsp-hmrp-ha-gbfs]-MO[]-T[518400]-04941296-faf7d6/snapshots
Training supervised on random instances (SPAWN, NO RPyC)
Instances: ['../problems/numeric/mprime/domain.pddl', '../problems/numeric/mprime/instances/pfile01.pddl', '../problems/numeric/mprime/instances/pfile02.pddl', '../problems/numeric/mprime/instances/pfile04.pddl', '../problems/numeric/mprime/instances/pfile05.pddl', '../problems/numeric/mprime/instances/pfile09.pddl', '../problems/numeric/mprime/instances/pfile13.pddl', '../problems/numeric/mprime/instances/pfile14.pddl', '../problems/numeric/mprime/instances/pfile15.pddl', '../problems/numeric/mprime/instances/pfile16.pddl', '../problems/numeric/mprime/instances/pfile18.pddl', '../problems/numeric/mprime/instances/pfile19.pddl', '../problems/numeric/mprime/instances/pfile20.pddl', '../problems/numeric/mprime/instances/pfile21.pddl', '../problems/numeric/mprime/instances/pfile22.pddl', '../problems/numeric/mprime/instances/pfile23.pddl', '../problems/numeric/mprime/instances/pfile24.pddl', '../problems/numeric/mprime/instances/pfile25.pddl', '../problems/numeric/mprime/instances/pfile26.pddl', '../problems/numeric/mprime/instances/pfile27.pddl', '../problems/numeric/mprime/instances/pfile28.pddl']
Starting to parse mdpsim problem: mprime-x-1
mdpsim:../problems/numeric/mprime/domain.pddl:3: assuming `:typing' requirement
mdpsim:../problems/numeric/mprime/domain.pddl:15: assuming `:fluents' requirement
Finished parsing mdpsim problem: mprime-x-1
[WM] Successfully loaded previous weight manager from /home/hersco/bershco-nu-asnets/numeric-asnets/asnets/experiment-results/experiments_numeric.domain.mprime_validation_ipc_scale_v1-experiments_numeric.architecture_2.mprime-2026-08-27T10:43:39.769362/P[domain,pfile01,pfile02,pfile04,pfile05]-S[0.003,50,enhsp-hmrp-ha-gbfs]-MO[]-T[518400]-04915077-faf7d6/snapshots/snapshot_5_0.750/weights.joblib
[WM LOAD CHECK] mean/std/norm= 0.029459655284881592 0.2371726930141449 2.069760322570801
[WM LOAD VERIFY] W0 saved mean/std/norm=(0.029459655284881592, 0.2371726930141449, 2.069760322570801)
[2026-09-14 15:42:02,816] [INFO] [run_asnets.py:967] Tensorboard summary path: /home/hersco/bershco-nu-asnets/numeric-asnets/asnets/experiment-results/experiments_numeric.domain.mprime_validation_ipc_scale_v1-experiments_numeric.architecture_2.mprime-2026-08-27T10:43:39.769362/P[domain,pfile01,pfile02,pfile04,pfile05,pfile09,...]-S[0.003,50,enhsp-hmrp-ha-gbfs]-MO[]-T[518400]-04941296-faf7d6/tensorboard
[EVAL INSTANCES] stable ordered test-set positions:
[EVAL INSTANCES] 1: ../problems/numeric/mprime/instances/pfile01.pddl
[EVAL INSTANCES] 2: ../problems/numeric/mprime/instances/pfile02.pddl
[EVAL INSTANCES] 3: ../problems/numeric/mprime/instances/pfile04.pddl
[EVAL INSTANCES] 4: ../problems/numeric/mprime/instances/pfile05.pddl
[EVAL INSTANCES] 5: ../problems/numeric/mprime/instances/pfile09.pddl
[EVAL INSTANCES] 6: ../problems/numeric/mprime/instances/pfile13.pddl
[EVAL INSTANCES] 7: ../problems/numeric/mprime/instances/pfile14.pddl
[EVAL INSTANCES] 8: ../problems/numeric/mprime/instances/pfile15.pddl
[EVAL INSTANCES] 9: ../problems/numeric/mprime/instances/pfile16.pddl
[EVAL INSTANCES] 10: ../problems/numeric/mprime/instances/pfile18.pddl
[EVAL INSTANCES] 11: ../problems/numeric/mprime/instances/pfile19.pddl
[EVAL INSTANCES] 12: ../problems/numeric/mprime/instances/pfile20.pddl
[EVAL INSTANCES] 13: ../problems/numeric/mprime/instances/pfile21.pddl
[EVAL INSTANCES] 14: ../problems/numeric/mprime/instances/pfile22.pddl
[EVAL INSTANCES] 15: ../problems/numeric/mprime/instances/pfile23.pddl
[EVAL INSTANCES] 16: ../problems/numeric/mprime/instances/pfile24.pddl
[EVAL INSTANCES] 17: ../problems/numeric/mprime/instances/pfile25.pddl
[EVAL INSTANCES] 18: ../problems/numeric/mprime/instances/pfile26.pddl
[EVAL INSTANCES] 19: ../problems/numeric/mprime/instances/pfile27.pddl
[EVAL INSTANCES] 20: ../problems/numeric/mprime/instances/pfile28.pddl
[EVAL RESUME] starting wave 1; worker_count=3; instance_offset=0; total_instances=20
[EVAL RESUME] selected instance numbers: [1, 2, 3, 4, 5, 6, 7, 8, 9, 10, 11, 12, 13, 14, 15, 16, 17, 18, 19, 20]
[EVAL] worker_fn=run_worker_eval_mcts
[EVAL] worker_fn=run_worker_eval_mcts
2026-09-14 15:42:03.267848: E tensorflow/compiler/xla/stream_executor/cuda/cuda_dnn.cc:9342] Unable to register cuDNN factory: Attempting to register factory for plugin cuDNN when one has already been registered
2026-09-14 15:42:03.267892: E tensorflow/compiler/xla/stream_executor/cuda/cuda_fft.cc:609] Unable to register cuFFT factory: Attempting to register factory for plugin cuFFT when one has already been registered
2026-09-14 15:42:03.267945: E tensorflow/compiler/xla/stream_executor/cuda/cuda_blas.cc:1518] Unable to register cuBLAS factory: Attempting to register factory for plugin cuBLAS when one has already been registered
[EVAL INSTANCE] started number=1 path=../problems/numeric/mprime/instances/pfile01.pddl pid=2037183
[EVAL INSTANCE] started number=2 path=../problems/numeric/mprime/instances/pfile02.pddl pid=2037185
[EVAL INSTANCE] started number=3 path=../problems/numeric/mprime/instances/pfile04.pddl pid=2037187
mdpsim:../problems/numeric/mprime/domain.pddl:3: assuming `:typing' requirement
mdpsim:../problems/numeric/mprime/domain.pddl:15: assuming `:fluents' requirement
mdpsim:mdpsim:../problems/numeric/mprime/domain.pddl:../problems/numeric/mprime/domain.pddl:33: : assuming `:typing' requirementassuming `:typing' requirement

mdpsim:../problems/numeric/mprime/domain.pddl:15mdpsim:: ../problems/numeric/mprime/domain.pddlassuming `:fluents' requirement:
15: assuming `:fluents' requirement
[EVAL|Easy|2037183] Setting C/Python/Numpy/TF seeds to 2082152039
Starting [EVAL|Easy|2037183] on instance [0] ../problems/numeric/mprime/instances/pfile01.pddl
Starting to parse mdpsim problem: mprime-x-1
Finished parsing mdpsim problem: mprime-x-1
[EVAL|Easy|2037183] ACTION POLICY INITIALIZED
[EVAL|Easy|2037183] policy_class = ArgmaxGoalChasePathDuplicatePenaltyPolicy
[EVAL|Easy|2037183] distance_threshold = inf
[EVAL|Easy|2037183] duplicate_penalty = 0.0
[EVAL|Easy|2037183] root_visit_tie_break = action_id
[2026-09-14 15:42:17,852] [INFO] [enhspwrapper.py:84] Created temporary domain file: /tmp/domain_heuristic_kqof7b5i.pddl
[2026-09-14 15:42:17,852] [INFO] [enhspwrapper.py:93] Created temporary instance file: /tmp/instance_heuristic_weao9wtq.pddl
[2026-09-14 15:42:18,162] [INFO] [enhspwrapper.py:51] Starting the heuristic server with config: hmrp-ha-gbfs
[EVAL|Easy|2037187] Setting C/Python/Numpy/TF seeds to 2082152041
Starting [EVAL|Easy|2037187] on instance [2] ../problems/numeric/mprime/instances/pfile04.pddl
Starting to parse mdpsim problem: mprime-x-4
Finished parsing mdpsim problem: mprime-x-4
[EVAL|Easy|2037187] ACTION POLICY INITIALIZED
[EVAL|Easy|2037187] policy_class = ArgmaxGoalChasePathDuplicatePenaltyPolicy
[EVAL|Easy|2037187] distance_threshold = inf
[EVAL|Easy|2037187] duplicate_penalty = 0.0
[EVAL|Easy|2037187] root_visit_tie_break = action_id
[2026-09-14 15:42:22,961] [INFO] [enhspwrapper.py:84] Created temporary domain file: /tmp/domain_heuristic_0z_yhlq3.pddl
[2026-09-14 15:42:22,961] [INFO] [enhspwrapper.py:93] Created temporary instance file: /tmp/instance_heuristic_igmt8bwb.pddl
[MCTS SEARCH SUMMARY] progressive_widening=True iterations_per_search=70 search_calls=5 nodes=511 peak_nodes=511 widening_events=281
[MCTS WIDTH SUMMARY] final_widths=(count=511 min=0 mean=1.31 median=0 p90=3 p95=4 max=10) root_widths=(count=5 min=4 mean=7.60 median=8 p90=10 p95=10 max=10) widen_event_widths=(count=281 min=2 mean=3.62 median=3 p90=5 p95=6 max=10) admitted_policy_ranks=(count=668 min=1 mean=1.87 median=2 p90=3 p95=3 max=3)
[MCTS DISTRIBUTION] final_width_counts=(0=317,2=1,3=143,4=33,5=11,6=1,7=1,8=1,9=1,10=2) node_visit_bins=(0=278,1=33,2=10,3-4=9,5-8=15,9-16=23,17-32=37,33-64=86,65-128=15,129+=5) selection_depth_bins=(0=9,1=8,2=10,3-4=22,5-8=40,9-16=69,17-32=102,33-64=90)
[MCTS WIDTH BY DEPTH] depth=0 count=349 min=3 mean=6.91 median=7 p90=10 p95=10 max=10
[MCTS WIDTH COUNTS BY DEPTH] depth=0 counts=(3=45,4=26,5=30,6=41,7=42,8=53,9=60,10=52)
[MCTS WIDTH BY DEPTH] depth=1 count=340 min=3 mean=6.84 median=7 p90=10 p95=10 max=10
[MCTS WIDTH COUNTS BY DEPTH] depth=1 counts=(3=44,4=27,5=30,6=41,7=41,8=53,9=60,10=44)
[MCTS WIDTH BY DEPTH] depth=2 count=332 min=3 mean=5.63 median=5 p90=8 p95=9 max=9
[MCTS WIDTH COUNTS BY DEPTH] depth=2 counts=(3=66,4=52,5=51,6=41,7=41,8=53,9=28)
[MCTS WIDTH BY DEPTH] depth=3-4 count=629 min=3 mean=4.11 median=3 p90=6 p95=7 max=8
[MCTS WIDTH COUNTS BY DEPTH] depth=3-4 counts=(3=324,4=81,5=108,6=68,7=41,8=7)
[MCTS WIDTH BY DEPTH] depth=5-9 count=1367 min=3 mean=3.09 median=3 p90=3 p95=4 max=5
[MCTS WIDTH COUNTS BY DEPTH] depth=5-9 counts=(3=1254,4=100,5=13)
[MCTS WIDTH BY DEPTH] depth=10-19 count=2070 min=3 mean=3.11 median=3 p90=3 p95=4 max=5
[MCTS WIDTH COUNTS BY DEPTH] depth=10-19 counts=(3=1883,4=156,5=31)
[MCTS WIDTH BY DEPTH] depth=20-49 count=2052 min=0 mean=3.10 median=3 p90=4 p95=4 max=5
[MCTS WIDTH COUNTS BY DEPTH] depth=20-49 counts=(0=25,2=42,3=1724,4=209,5=52)
[MCTS DEPTH SUMMARY] selection_depths=(count=350 min=0 mean=19.95 median=18 p90=38 p95=39 max=40) horizon_cutoffs=(count=0)
[MCTS ACTION SUMMARY] selected_raw_policy_ranks=(count=5 min=1 mean=1.00 median=1 p90=1 p95=1 max=1) known_goal_decisions=0 infeasible_known_goal_decisions=0
[MCTS TIME SUMMARY] selection=0.185690s expansion=8.632799s successor_generation=0.464710s network_inference=8.110391s evaluation=0.635779s backpropagation=0.027259s
[2026-09-14 15:42:23,260] [INFO] [enhspwrapper.py:224] Deleted temp file: /tmp/domain_heuristic_kqof7b5i.pddl
[2026-09-14 15:42:23,260] [INFO] [enhspwrapper.py:224] Deleted temp file: /tmp/instance_heuristic_weao9wtq.pddl
[2026-09-14 15:42:23,260] [WARNING] [enhspwrapper.py:226] Failed to delete temp file /tmp/domain_heuristic_kqof7b5i.pddl: [Errno 2] No such file or directory: '/tmp/domain_heuristic_kqof7b5i.pddl'
[2026-09-14 15:42:23,260] [WARNING] [enhspwrapper.py:226] Failed to delete temp file /tmp/instance_heuristic_weao9wtq.pddl: [Errno 2] No such file or directory: '/tmp/instance_heuristic_weao9wtq.pddl'
[2026-09-14 15:42:23,406] [INFO] [enhspwrapper.py:51] Starting the heuristic server with config: hmrp-ha-gbfs
[EVAL INSTANCE] completed number=1 path=../problems/numeric/mprime/instances/pfile01.pddl status=success elapsed=17.81s success=1.0 steps=5
[EVAL][PLAN] EASY       | pfile01.pddl | steps=5 | plan=['overcome abrasion rest pork', 'feast rest pork lamb', 'feast rest lamb flounder', 'feast rest flounder rice', 'succumb abrasion rest rice']
[EVAL INSTANCE] started number=4 path=../problems/numeric/mprime/instances/pfile05.pddl pid=2037792
mdpsim:../problems/numeric/mprime/domain.pddl:3: assuming `:typing' requirement
mdpsim:../problems/numeric/mprime/domain.pddl:15: assuming `:fluents' requirement
[MCTS SEARCH SUMMARY] progressive_widening=True iterations_per_search=70 search_calls=9 nodes=921 peak_nodes=921 widening_events=496
[MCTS WIDTH SUMMARY] final_widths=(count=921 min=0 mean=1.26 median=0 p90=3 p95=4 max=14) root_widths=(count=9 min=4 mean=9.78 median=10 p90=14 p95=14 max=14) widen_event_widths=(count=496 min=2 mean=3.98 median=3 p90=6 p95=9 max=14) admitted_policy_ranks=(count=1163 min=1 mean=1.86 median=2 p90=3 p95=3 max=3)
[MCTS DISTRIBUTION] final_width_counts=(0=587,2=1,3=267,4=37,5=10,6=7,7=3,8=2,9=1,10=1,11=1,12=1,13=1,14=2) node_visit_bins=(0=485,1=102,2=18,3-4=36,5-8=46,9-16=51,17-32=59,33-64=87,65-128=21,129+=16) selection_depth_bins=(0=13,1=12,2=13,3-4=36,5-8=99,9-16=149,17-32=177,33-64=131)
[MCTS WIDTH BY DEPTH] depth=0 count=629 min=3 mean=9.24 median=10 p90=13 p95=13 max=14
[MCTS WIDTH COUNTS BY DEPTH] depth=0 counts=(3=45,4=26,5=30,6=41,7=42,8=53,9=60,10=67,11=72,12=80,13=86,14=27)
[MCTS WIDTH BY DEPTH] depth=1 count=616 min=3 mean=9.15 median=10 p90=13 p95=13 max=14
[MCTS WIDTH COUNTS BY DEPTH] depth=1 counts=(3=44,4=27,5=30,6=41,7=41,8=53,9=60,10=67,11=72,12=80,13=86,14=15)
[MCTS WIDTH BY DEPTH] depth=2 count=604 min=3 mean=8.27 median=8 p90=12 p95=12 max=13
[MCTS WIDTH COUNTS BY DEPTH] depth=2 counts=(3=46,4=29,5=50,6=60,7=55,8=64,9=60,10=67,11=72,12=80,13=21)
[MCTS WIDTH BY DEPTH] depth=3-4 count=1157 min=3 mean=6.86 median=7 p90=10 p95=11 max=12
[MCTS WIDTH COUNTS BY DEPTH] depth=3-4 counts=(3=147,4=117,5=130,6=180,7=114,8=101,9=120,10=134,11=91,12=23)
[MCTS WIDTH BY DEPTH] depth=5-9 count=2461 min=3 mean=4.17 median=3 p90=7 p95=8 max=10
[MCTS WIDTH COUNTS BY DEPTH] depth=5-9 counts=(3=1267,4=486,5=263,6=161,7=118,8=94,9=60,10=12)
[MCTS WIDTH BY DEPTH] depth=10-19 count=3367 min=3 mean=3.04 median=3 p90=3 p95=3 max=5
[MCTS WIDTH COUNTS BY DEPTH] depth=10-19 counts=(3=3264,4=88,5=15)
[MCTS WIDTH BY DEPTH] depth=20-49 count=3103 min=2 mean=3.34 median=3 p90=5 p95=5 max=7
[MCTS WIDTH COUNTS BY DEPTH] depth=20-49 counts=(2=134,3=2298,4=357,5=166,6=102,7=46)
[MCTS DEPTH SUMMARY] selection_depths=(count=630 min=0 mean=18.48 median=16 p90=37 p95=38 max=39) horizon_cutoffs=(count=0)
[MCTS ACTION SUMMARY] selected_raw_policy_ranks=(count=9 min=1 mean=1.00 median=1 p90=1 p95=1 max=1) known_goal_decisions=0 infeasible_known_goal_decisions=0
[MCTS TIME SUMMARY] selection=0.472687s expansion=18.210603s successor_generation=3.664976s network_inference=14.330559s evaluation=1.903130s backpropagation=0.073370s
[2026-09-14 15:42:38,482] [INFO] [enhspwrapper.py:224] Deleted temp file: /tmp/domain_heuristic_0z_yhlq3.pddl
[2026-09-14 15:42:38,483] [INFO] [enhspwrapper.py:224] Deleted temp file: /tmp/instance_heuristic_igmt8bwb.pddl
[2026-09-14 15:42:38,483] [WARNING] [enhspwrapper.py:226] Failed to delete temp file /tmp/domain_heuristic_0z_yhlq3.pddl: [Errno 2] No such file or directory: '/tmp/domain_heuristic_0z_yhlq3.pddl'
[2026-09-14 15:42:38,483] [WARNING] [enhspwrapper.py:226] Failed to delete temp file /tmp/instance_heuristic_igmt8bwb.pddl: [Errno 2] No such file or directory: '/tmp/instance_heuristic_igmt8bwb.pddl'
[EVAL INSTANCE] completed number=3 path=../problems/numeric/mprime/instances/pfile04.pddl status=success elapsed=33.10s success=1.0 steps=9
[EVAL][PLAN] EASY       | pfile04.pddl | steps=9 | plan=['feast aesthetics shrimp cherry', 'feast aesthetics cherry arugula', 'feast aesthetics arugula wurst', 'drink bacon wurst', 'feast aesthetics wurst grapefruit', 'overcome sciatica aesthetics grapefruit', 'drink scallop grapefruit', 'feast aesthetics grapefruit wurst', 'succumb sciatica aesthetics wurst']
[EVAL INSTANCE] started number=5 path=../problems/numeric/mprime/instances/pfile09.pddl pid=2038079
mdpsim:../problems/numeric/mprime/domain.pddl:3: assuming `:typing' requirement
mdpsim:../problems/numeric/mprime/domain.pddl:15: assuming `:fluents' requirement
[EVAL|Easy|2037185] Setting C/Python/Numpy/TF seeds to 2082152040
Starting [EVAL|Easy|2037185] on instance [1] ../problems/numeric/mprime/instances/pfile02.pddl
Starting to parse mdpsim problem: mprime-x-2
Finished parsing mdpsim problem: mprime-x-2
[EVAL|Easy|2037185] ACTION POLICY INITIALIZED
[EVAL|Easy|2037185] policy_class = ArgmaxGoalChasePathDuplicatePenaltyPolicy
[EVAL|Easy|2037185] distance_threshold = inf
[EVAL|Easy|2037185] duplicate_penalty = 0.0
[EVAL|Easy|2037185] root_visit_tie_break = action_id
[2026-09-14 15:42:41,586] [INFO] [enhspwrapper.py:84] Created temporary domain file: /tmp/domain_heuristic_igrfgx0b.pddl
[2026-09-14 15:42:41,586] [INFO] [enhspwrapper.py:93] Created temporary instance file: /tmp/instance_heuristic_f5_knely.pddl
[2026-09-14 15:42:42,217] [INFO] [enhspwrapper.py:51] Starting the heuristic server with config: hmrp-ha-gbfs
[EVAL|Easy|2037792] Setting C/Python/Numpy/TF seeds to 2082152042
Starting [EVAL|Easy|2037792] on instance [3] ../problems/numeric/mprime/instances/pfile05.pddl
Starting to parse mdpsim problem: mprime-x-5
Finished parsing mdpsim problem: mprime-x-5
[EVAL|Easy|2037792] ACTION POLICY INITIALIZED
[EVAL|Easy|2037792] policy_class = ArgmaxGoalChasePathDuplicatePenaltyPolicy
[EVAL|Easy|2037792] distance_threshold = inf
[EVAL|Easy|2037792] duplicate_penalty = 0.0
[EVAL|Easy|2037792] root_visit_tie_break = action_id
[2026-09-14 15:42:51,534] [INFO] [enhspwrapper.py:84] Created temporary domain file: /tmp/domain_heuristic_u6iszbdz.pddl
[2026-09-14 15:42:51,535] [INFO] [enhspwrapper.py:93] Created temporary instance file: /tmp/instance_heuristic_r7iou_5w.pddl
[2026-09-14 15:42:52,060] [INFO] [enhspwrapper.py:51] Starting the heuristic server with config: hmrp-ha-gbfs
[EVAL|Easy|2038079] Setting C/Python/Numpy/TF seeds to 2082152043
Starting [EVAL|Easy|2038079] on instance [4] ../problems/numeric/mprime/instances/pfile09.pddl
Starting to parse mdpsim problem: mprime-x-9
Finished parsing mdpsim problem: mprime-x-9
[EVAL|Easy|2038079] ACTION POLICY INITIALIZED
[EVAL|Easy|2038079] policy_class = ArgmaxGoalChasePathDuplicatePenaltyPolicy
[EVAL|Easy|2038079] distance_threshold = inf
[EVAL|Easy|2038079] duplicate_penalty = 0.0
[EVAL|Easy|2038079] root_visit_tie_break = action_id
[2026-09-14 15:43:01,310] [INFO] [enhspwrapper.py:84] Created temporary domain file: /tmp/domain_heuristic_h477aw2_.pddl
[2026-09-14 15:43:01,310] [INFO] [enhspwrapper.py:93] Created temporary instance file: /tmp/instance_heuristic_poc0m0g3.pddl
[2026-09-14 15:43:01,807] [INFO] [enhspwrapper.py:51] Starting the heuristic server with config: hmrp-ha-gbfs
[MCTS SEARCH SUMMARY] progressive_widening=True iterations_per_search=70 search_calls=8 nodes=1037 peak_nodes=1037 widening_events=491
[MCTS WIDTH SUMMARY] final_widths=(count=1037 min=0 mean=1.23 median=0 p90=3 p95=3 max=13) root_widths=(count=8 min=4 mean=9.12 median=9 p90=12 p95=12 max=12) widen_event_widths=(count=491 min=3 mean=3.67 median=3 p90=5 p95=8 max=13) admitted_policy_ranks=(count=1273 min=1 mean=1.92 median=2 p90=3 p95=3 max=3)
[MCTS DISTRIBUTION] final_width_counts=(0=646,3=356,4=17,5=9,7=1,8=1,9=1,10=2,11=1,12=2,13=1) node_visit_bins=(0=585,1=66,2=8,3-4=25,5-8=41,9-16=89,17-32=130,33-64=73,65-128=11,129+=9) selection_depth_bins=(0=12,1=12,2=13,3-4=27,5-8=71,9-16=122,17-32=236,33-64=67)
[MCTS WIDTH BY DEPTH] depth=0 count=559 min=3 mean=8.54 median=9 p90=12 p95=12 max=12
[MCTS WIDTH COUNTS BY DEPTH] depth=0 counts=(3=45,4=26,5=30,6=41,7=42,8=53,9=60,10=67,11=129,12=66)
[MCTS WIDTH BY DEPTH] depth=1 count=547 min=3 mean=7.70 median=8 p90=12 p95=13 max=13
[MCTS WIDTH COUNTS BY DEPTH] depth=1 counts=(3=59,4=52,5=59,6=41,7=41,8=53,9=60,10=67,11=46,12=38,13=31)
[MCTS WIDTH BY DEPTH] depth=2 count=533 min=3 mean=7.29 median=8 p90=11 p95=12 max=12
[MCTS WIDTH COUNTS BY DEPTH] depth=2 counts=(3=107,4=27,5=30,6=41,7=41,8=53,9=94,10=67,11=41,12=32)
[MCTS WIDTH BY DEPTH] depth=3-4 count=1026 min=3 mean=6.25 median=6 p90=10 p95=10 max=11
[MCTS WIDTH COUNTS BY DEPTH] depth=3-4 counts=(3=278,4=63,5=93,6=82,7=109,8=148,9=139,10=86,11=28)
[MCTS WIDTH BY DEPTH] depth=5-9 count=2240 min=3 mean=3.68 median=3 p90=6 p95=7 max=9
[MCTS WIDTH COUNTS BY DEPTH] depth=5-9 counts=(3=1625,4=205,5=132,6=128,7=96,8=47,9=7)
[MCTS WIDTH BY DEPTH] depth=10-19 count=3268 min=3 mean=3.03 median=3 p90=3 p95=3 max=4
[MCTS WIDTH COUNTS BY DEPTH] depth=10-19 counts=(3=3174,4=94)
[MCTS WIDTH BY DEPTH] depth=20-49 count=2593 min=3 mean=3.09 median=3 p90=3 p95=4 max=5
[MCTS WIDTH COUNTS BY DEPTH] depth=20-49 counts=(3=2402,4=146,5=45)
[MCTS WIDTH BY DEPTH] depth=50-99 count=3 min=3 mean=3.00 median=3 p90=3 p95=3 max=3
[MCTS WIDTH COUNTS BY DEPTH] depth=50-99 counts=(3=3)
[MCTS DEPTH SUMMARY] selection_depths=(count=560 min=0 mean=18.93 median=18 p90=33 p95=41 max=52) horizon_cutoffs=(count=0)
[MCTS ACTION SUMMARY] selected_raw_policy_ranks=(count=8 min=1 mean=1.00 median=1 p90=1 p95=1 max=1) known_goal_decisions=0 infeasible_known_goal_decisions=0
[MCTS TIME SUMMARY] selection=0.340546s expansion=46.840068s successor_generation=12.942386s network_inference=33.493231s evaluation=5.525003s backpropagation=0.059165s
[2026-09-14 15:43:18,285] [INFO] [enhspwrapper.py:224] Deleted temp file: /tmp/domain_heuristic_igrfgx0b.pddl
[2026-09-14 15:43:18,285] [INFO] [enhspwrapper.py:224] Deleted temp file: /tmp/instance_heuristic_f5_knely.pddl
[2026-09-14 15:43:18,285] [WARNING] [enhspwrapper.py:226] Failed to delete temp file /tmp/domain_heuristic_igrfgx0b.pddl: [Errno 2] No such file or directory: '/tmp/domain_heuristic_igrfgx0b.pddl'
[2026-09-14 15:43:18,285] [WARNING] [enhspwrapper.py:226] Failed to delete temp file /tmp/instance_heuristic_f5_knely.pddl: [Errno 2] No such file or directory: '/tmp/instance_heuristic_f5_knely.pddl'
[EVAL INSTANCE] completed number=2 path=../problems/numeric/mprime/instances/pfile02.pddl status=success elapsed=72.72s success=1.0 steps=8
[EVAL][PLAN] EASY       | pfile02.pddl | steps=8 | plan=['overcome grief-7 entertainment ham', 'feast satiety onion beef', 'feast entertainment ham muffin', 'overcome depression-1 entertainment muffin', 'feast entertainment muffin tuna', 'feast entertainment tuna beef', 'succumb grief-7 entertainment beef', 'succumb depression-1 entertainment beef']
[EVAL INSTANCE] started number=6 path=../problems/numeric/mprime/instances/pfile13.pddl pid=2038854
mdpsim:../problems/numeric/mprime/domain.pddl:3: assuming `:typing' requirement
mdpsim:../problems/numeric/mprime/domain.pddl:15: assuming `:fluents' requirement
[MCTS SEARCH SUMMARY] progressive_widening=True iterations_per_search=70 search_calls=11 nodes=561 peak_nodes=561 widening_events=522
[MCTS WIDTH SUMMARY] final_widths=(count=561 min=0 mean=1.95 median=3 p90=4 p95=5 max=15) root_widths=(count=11 min=4 mean=10.73 median=11 p90=15 p95=15 max=15) widen_event_widths=(count=522 min=3 mean=4.50 median=3 p90=8 p95=10 max=15) admitted_policy_ranks=(count=1094 min=1 mean=1.78 median=2 p90=3 p95=3 max=3)
[MCTS DISTRIBUTION] final_width_counts=(0=275,3=201,4=43,5=15,6=6,7=5,8=5,9=2,10=2,11=1,12=1,13=1,14=1,15=3) node_visit_bins=(0=186,1=90,2=13,3-4=26,5-8=45,9-16=33,17-32=39,33-64=79,65-128=28,129+=22) selection_depth_bins=(0=15,1=13,2=15,3-4=40,5-8=95,9-16=211,17-32=327,33-64=54)
[MCTS WIDTH BY DEPTH] depth=0 count=769 min=3 mean=10.19 median=11 p90=14 p95=15 max=15
[MCTS WIDTH COUNTS BY DEPTH] depth=0 counts=(3=45,4=26,5=30,6=41,7=42,8=53,9=60,10=67,11=72,12=80,13=86,14=100,15=67)
[MCTS WIDTH BY DEPTH] depth=1 count=754 min=3 mean=10.10 median=11 p90=14 p95=15 max=15
[MCTS WIDTH COUNTS BY DEPTH] depth=1 counts=(3=44,4=27,5=30,6=41,7=41,8=53,9=60,10=67,11=72,12=80,13=86,14=104,15=49)
[MCTS WIDTH BY DEPTH] depth=2 count=740 min=3 mean=9.27 median=10 p90=13 p95=14 max=14
[MCTS WIDTH COUNTS BY DEPTH] depth=2 counts=(3=64,4=40,5=30,6=41,7=41,8=53,9=75,10=86,11=72,12=80,13=95,14=63)
[MCTS WIDTH BY DEPTH] depth=3-4 count=1425 min=3 mean=7.84 median=8 p90=12 p95=13 max=13
[MCTS WIDTH COUNTS BY DEPTH] depth=3-4 counts=(3=241,4=92,5=88,6=82,7=102,8=148,9=158,10=134,11=144,12=160,13=76)
[MCTS WIDTH BY DEPTH] depth=5-9 count=3149 min=3 mean=5.18 median=5 p90=9 p95=10 max=12
[MCTS WIDTH COUNTS BY DEPTH] depth=5-9 counts=(3=1225,4=347,5=353,6=328,7=318,8=206,9=166,10=130,11=73,12=3)
[MCTS WIDTH BY DEPTH] depth=10-19 count=4402 min=3 mean=3.80 median=3 p90=6 p95=7 max=9
[MCTS WIDTH COUNTS BY DEPTH] depth=10-19 counts=(3=2642,4=824,5=421,6=289,7=157,8=59,9=10)
[MCTS WIDTH BY DEPTH] depth=20-49 count=2858 min=3 mean=3.14 median=3 p90=3 p95=4 max=7
[MCTS WIDTH COUNTS BY DEPTH] depth=20-49 counts=(3=2579,4=177,5=85,6=10,7=7)
[MCTS WIDTH BY DEPTH] depth=50-99 count=3 min=3 mean=3.00 median=3 p90=3 p95=3 max=3
[MCTS WIDTH COUNTS BY DEPTH] depth=50-99 counts=(3=3)
[MCTS DEPTH SUMMARY] selection_depths=(count=770 min=0 mean=17.68 median=16 p90=30 p95=38 max=51) horizon_cutoffs=(count=0)
[MCTS ACTION SUMMARY] selected_raw_policy_ranks=(count=11 min=1 mean=1.00 median=1 p90=1 p95=1 max=1) known_goal_decisions=0 infeasible_known_goal_decisions=0
[MCTS TIME SUMMARY] selection=0.505781s expansion=36.063372s successor_generation=8.517970s network_inference=27.224410s evaluation=5.309858s backpropagation=0.071115s
[2026-09-14 15:43:22,392] [INFO] [enhspwrapper.py:224] Deleted temp file: /tmp/domain_heuristic_u6iszbdz.pddl
[2026-09-14 15:43:22,392] [INFO] [enhspwrapper.py:224] Deleted temp file: /tmp/instance_heuristic_r7iou_5w.pddl
[2026-09-14 15:43:22,392] [WARNING] [enhspwrapper.py:226] Failed to delete temp file /tmp/domain_heuristic_u6iszbdz.pddl: [Errno 2] No such file or directory: '/tmp/domain_heuristic_u6iszbdz.pddl'
[2026-09-14 15:43:22,392] [WARNING] [enhspwrapper.py:226] Failed to delete temp file /tmp/instance_heuristic_r7iou_5w.pddl: [Errno 2] No such file or directory: '/tmp/instance_heuristic_r7iou_5w.pddl'
[EVAL INSTANCE] completed number=4 path=../problems/numeric/mprime/instances/pfile05.pddl status=success elapsed=59.00s success=1.0 steps=11
[EVAL][PLAN] EASY       | pfile05.pddl | steps=11 | plan=['overcome grief satisfaction broccoli', 'feast satisfaction broccoli chocolate', 'feast satisfaction chocolate shrimp', 'succumb grief satisfaction shrimp', 'drink turkey sweetroll', 'feast lubricity sweetroll scallop', 'overcome loneliness lubricity scallop', 'drink broccoli scallop', 'feast lubricity scallop cherry', 'feast lubricity cherry shrimp', 'succumb loneliness lubricity shrimp']
[EVAL INSTANCE] started number=7 path=../problems/numeric/mprime/instances/pfile14.pddl pid=2038953
mdpsim:../problems/numeric/mprime/domain.pddl:3: assuming `:typing' requirement
mdpsim:../problems/numeric/mprime/domain.pddl:15: assuming `:fluents' requirement
[MCTS SEARCH SUMMARY] progressive_widening=True iterations_per_search=70 search_calls=10 nodes=661 peak_nodes=661 widening_events=539
[MCTS WIDTH SUMMARY] final_widths=(count=661 min=0 mean=1.77 median=0 p90=4 p95=5 max=15) root_widths=(count=10 min=4 mean=10.30 median=10 p90=14 p95=15 max=15) widen_event_widths=(count=539 min=2 mean=4.30 median=3 p90=8 p95=10 max=15) admitted_policy_ranks=(count=1172 min=1 mean=1.81 median=2 p90=3 p95=3 max=3)
[MCTS DISTRIBUTION] final_width_counts=(0=344,2=1,3=239,4=29,5=23,6=7,7=4,8=2,9=4,10=1,11=2,12=1,13=1,14=2,15=1) node_visit_bins=(0=265,1=82,2=11,3-4=25,5-8=44,9-16=63,17-32=71,33-64=45,65-128=34,129+=21) selection_depth_bins=(0=14,1=12,2=13,3-4=33,5-8=97,9-16=171,17-32=246,33-64=114)
[MCTS WIDTH BY DEPTH] depth=0 count=699 min=3 mean=9.72 median=10 p90=14 p95=14 max=15
[MCTS WIDTH COUNTS BY DEPTH] depth=0 counts=(3=45,4=26,5=30,6=41,7=42,8=53,9=60,10=67,11=72,12=80,13=86,14=92,15=5)
[MCTS WIDTH BY DEPTH] depth=1 count=685 min=3 mean=9.64 median=10 p90=14 p95=14 max=14
[MCTS WIDTH COUNTS BY DEPTH] depth=1 counts=(3=44,4=27,5=30,6=41,7=41,8=53,9=60,10=67,11=72,12=80,13=86,14=84)
[MCTS WIDTH BY DEPTH] depth=2 count=673 min=3 mean=9.02 median=10 p90=13 p95=13 max=14
[MCTS WIDTH COUNTS BY DEPTH] depth=2 counts=(3=57,4=27,5=30,6=41,7=41,8=53,9=60,10=122,11=73,12=80,13=86,14=3)
[MCTS WIDTH BY DEPTH] depth=3-4 count=1299 min=3 mean=7.82 median=8 p90=11 p95=12 max=13
[MCTS WIDTH COUNTS BY DEPTH] depth=3-4 counts=(3=181,4=54,5=60,6=82,7=106,8=219,9=212,10=138,11=144,12=93,13=10)
[MCTS WIDTH BY DEPTH] depth=5-9 count=2843 min=3 mean=4.83 median=4 p90=8 p95=9 max=11
[MCTS WIDTH COUNTS BY DEPTH] depth=5-9 counts=(3=1149,4=408,5=338,6=325,7=265,8=164,9=113,10=71,11=10)
[MCTS WIDTH BY DEPTH] depth=10-19 count=3979 min=3 mean=3.66 median=3 p90=5 p95=6 max=9
[MCTS WIDTH COUNTS BY DEPTH] depth=10-19 counts=(3=2742,4=498,5=356,6=211,7=93,8=58,9=21)
[MCTS WIDTH BY DEPTH] depth=20-49 count=3284 min=2 mean=3.40 median=3 p90=5 p95=5 max=8
[MCTS WIDTH COUNTS BY DEPTH] depth=20-49 counts=(2=9,3=2392,4=546,5=260,6=65,7=9,8=3)
[MCTS WIDTH BY DEPTH] depth=50-99 count=10 min=3 mean=3.70 median=3 p90=5 p95=5 max=5
[MCTS WIDTH COUNTS BY DEPTH] depth=50-99 counts=(3=6,4=1,5=3)
[MCTS DEPTH SUMMARY] selection_depths=(count=700 min=0 mean=18.70 median=17 p90=35 p95=38 max=55) horizon_cutoffs=(count=0)
[MCTS ACTION SUMMARY] selected_raw_policy_ranks=(count=10 min=1 mean=1.00 median=1 p90=1 p95=1 max=1) known_goal_decisions=0 infeasible_known_goal_decisions=0
[MCTS TIME SUMMARY] selection=0.482222s expansion=29.697837s successor_generation=7.387185s network_inference=22.010029s evaluation=5.315969s backpropagation=0.073025s
[2026-09-14 15:43:27,349] [INFO] [enhspwrapper.py:224] Deleted temp file: /tmp/domain_heuristic_h477aw2_.pddl
[2026-09-14 15:43:27,349] [INFO] [enhspwrapper.py:224] Deleted temp file: /tmp/instance_heuristic_poc0m0g3.pddl
[2026-09-14 15:43:27,349] [WARNING] [enhspwrapper.py:226] Failed to delete temp file /tmp/domain_heuristic_h477aw2_.pddl: [Errno 2] No such file or directory: '/tmp/domain_heuristic_h477aw2_.pddl'
[2026-09-14 15:43:27,349] [WARNING] [enhspwrapper.py:226] Failed to delete temp file /tmp/instance_heuristic_poc0m0g3.pddl: [Errno 2] No such file or directory: '/tmp/instance_heuristic_poc0m0g3.pddl'
[EVAL INSTANCE] completed number=5 path=../problems/numeric/mprime/instances/pfile09.pddl status=success elapsed=48.64s success=1.0 steps=10
[EVAL][PLAN] EASY       | pfile09.pddl | steps=10 | plan=['overcome jealousy excitement guava', 'overcome sciatica entertainment flounder', 'feast entertainment flounder hamburger', 'succumb sciatica entertainment hamburger', 'feast curiosity hotdog wurst', 'feast excitement guava apple', 'feast excitement apple hotdog', 'drink guava hotdog', 'feast excitement hotdog wurst', 'succumb jealousy excitement wurst']
[EVAL INSTANCE] started number=8 path=../problems/numeric/mprime/instances/pfile15.pddl pid=2039051
mdpsim:../problems/numeric/mprime/domain.pddl:3: assuming `:typing' requirement
mdpsim:../problems/numeric/mprime/domain.pddl:15: assuming `:fluents' requirement
[EVAL|Easy|2039051] Setting C/Python/Numpy/TF seeds to 2082152046
Starting [EVAL|Easy|2039051] on instance [7] ../problems/numeric/mprime/instances/pfile15.pddl
Starting to parse mdpsim problem: mprime-x-15
Finished parsing mdpsim problem: mprime-x-15
[EVAL|Easy|2039051] ACTION POLICY INITIALIZED
[EVAL|Easy|2039051] policy_class = ArgmaxGoalChasePathDuplicatePenaltyPolicy
[EVAL|Easy|2039051] distance_threshold = inf
[EVAL|Easy|2039051] duplicate_penalty = 0.0
[EVAL|Easy|2039051] root_visit_tie_break = action_id
[2026-09-14 15:44:56,744] [INFO] [enhspwrapper.py:84] Created temporary domain file: /tmp/domain_heuristic_4_n91ys2.pddl
[2026-09-14 15:44:56,745] [INFO] [enhspwrapper.py:93] Created temporary instance file: /tmp/instance_heuristic_chdpewr6.pddl
[2026-09-14 15:44:58,700] [INFO] [enhspwrapper.py:51] Starting the heuristic server with config: hmrp-ha-gbfs
[EVAL|Easy|2038854] Setting C/Python/Numpy/TF seeds to 2082152044
Starting [EVAL|Easy|2038854] on instance [5] ../problems/numeric/mprime/instances/pfile13.pddl
Starting to parse mdpsim problem: mprime-x-13
Finished parsing mdpsim problem: mprime-x-13
[EVAL|Easy|2038854] ACTION POLICY INITIALIZED
[EVAL|Easy|2038854] policy_class = ArgmaxGoalChasePathDuplicatePenaltyPolicy
[EVAL|Easy|2038854] distance_threshold = inf
[EVAL|Easy|2038854] duplicate_penalty = 0.0
[EVAL|Easy|2038854] root_visit_tie_break = action_id
[2026-09-14 15:48:31,087] [INFO] [enhspwrapper.py:84] Created temporary domain file: /tmp/domain_heuristic_10i5qt86.pddl
[2026-09-14 15:48:31,087] [INFO] [enhspwrapper.py:93] Created temporary instance file: /tmp/instance_heuristic_9t6xgj7q.pddl
[2026-09-14 15:48:33,985] [INFO] [enhspwrapper.py:51] Starting the heuristic server with config: hmrp-ha-gbfs
[EVAL|Easy|2038953] Setting C/Python/Numpy/TF seeds to 2082152045
Starting [EVAL|Easy|2038953] on instance [6] ../problems/numeric/mprime/instances/pfile14.pddl
Starting to parse mdpsim problem: mprime-x-14
Finished parsing mdpsim problem: mprime-x-14
[EVAL|Easy|2038953] ACTION POLICY INITIALIZED
[EVAL|Easy|2038953] policy_class = ArgmaxGoalChasePathDuplicatePenaltyPolicy
[EVAL|Easy|2038953] distance_threshold = inf
[EVAL|Easy|2038953] duplicate_penalty = 0.0
[EVAL|Easy|2038953] root_visit_tie_break = action_id
[2026-09-14 15:49:32,469] [INFO] [enhspwrapper.py:84] Created temporary domain file: /tmp/domain_heuristic_11bqdbaw.pddl
[2026-09-14 15:49:32,469] [INFO] [enhspwrapper.py:93] Created temporary instance file: /tmp/instance_heuristic_davuh2_w.pddl
[2026-09-14 15:49:36,003] [INFO] [enhspwrapper.py:51] Starting the heuristic server with config: hmrp-ha-gbfs
[MCTS SEARCH SUMMARY] progressive_widening=True iterations_per_search=70 search_calls=27 nodes=4100 peak_nodes=4100 widening_events=1861
[MCTS WIDTH SUMMARY] final_widths=(count=4100 min=0 mean=1.14 median=0 p90=3 p95=3 max=19) root_widths=(count=27 min=4 mean=11.26 median=10 p90=18 p95=18 max=19) widen_event_widths=(count=1861 min=3 mean=4.35 median=3 p90=9 p95=13 max=19) admitted_policy_ranks=(count=4693 min=1 mean=1.91 median=2 p90=3 p95=3 max=3)
[MCTS DISTRIBUTION] final_width_counts=(0=2684,3=1321,4=41,5=15,6=2,7=8,8=4,9=2,10=1,11=1,13=2,14=2,15=1,16=2,17=4,18=7,19=3) node_visit_bins=(0=2364,1=306,2=102,3-4=108,5-8=175,9-16=250,17-32=401,33-64=336,65-128=19,129+=39) selection_depth_bins=(0=36,1=48,2=59,3-4=94,5-8=171,9-16=302,17-32=615,33-64=494,65-128=71)
[MCTS WIDTH BY DEPTH] depth=0 count=1889 min=3 mean=10.64 median=10 p90=17 p95=18 max=19
[MCTS WIDTH COUNTS BY DEPTH] depth=0 counts=(3=45,4=38,5=157,6=312,7=191,8=96,9=85,10=67,11=72,12=80,13=103,14=104,15=106,16=119,17=127,18=135,19=52)
[MCTS WIDTH BY DEPTH] depth=1 count=1840 min=3 mean=9.94 median=10 p90=17 p95=18 max=19
[MCTS WIDTH COUNTS BY DEPTH] depth=1 counts=(3=268,4=194,5=153,6=81,7=82,8=55,9=60,10=67,11=72,12=94,13=100,14=98,15=114,16=105,17=127,18=135,19=35)
[MCTS WIDTH BY DEPTH] depth=2 count=1773 min=3 mean=9.65 median=10 p90=17 p95=18 max=19
[MCTS WIDTH COUNTS BY DEPTH] depth=2 counts=(3=475,4=98,5=82,6=53,7=41,8=53,9=60,10=67,11=72,12=84,13=98,14=93,15=113,16=116,17=117,18=149,19=2)
[MCTS WIDTH BY DEPTH] depth=3-4 count=3385 min=3 mean=9.56 median=10 p90=17 p95=18 max=18
[MCTS WIDTH COUNTS BY DEPTH] depth=3-4 counts=(3=1078,4=92,5=62,6=82,7=84,8=104,9=120,10=134,11=144,12=191,13=173,14=205,15=205,16=237,17=283,18=191)
[MCTS WIDTH BY DEPTH] depth=5-9 count=7713 min=3 mean=9.41 median=10 p90=16 p95=17 max=18
[MCTS WIDTH COUNTS BY DEPTH] depth=5-9 counts=(3=2381,4=153,5=159,6=201,7=236,8=263,9=303,10=344,11=384,12=419,13=475,14=505,15=587,16=630,17=584,18=89)
[MCTS WIDTH BY DEPTH] depth=10-19 count=12502 min=3 mean=6.45 median=4 p90=13 p95=14 max=17
[MCTS WIDTH COUNTS BY DEPTH] depth=10-19 counts=(3=5821,4=608,5=448,6=543,7=528,8=573,9=626,10=674,11=637,12=602,13=525,14=439,15=316,16=150,17=12)
[MCTS WIDTH BY DEPTH] depth=20-49 count=16056 min=3 mean=3.16 median=3 p90=3 p95=4 max=9
[MCTS WIDTH COUNTS BY DEPTH] depth=20-49 counts=(3=14916,4=522,5=218,6=161,7=118,8=86,9=35)
[MCTS WIDTH BY DEPTH] depth=50-99 count=2463 min=3 mean=3.00 median=3 p90=3 p95=3 max=3
[MCTS WIDTH COUNTS BY DEPTH] depth=50-99 counts=(3=2463)
[MCTS DEPTH SUMMARY] selection_depths=(count=1890 min=0 mean=24.95 median=22 p90=50 p95=60 max=90) horizon_cutoffs=(count=0)
[MCTS ACTION SUMMARY] selected_raw_policy_ranks=(count=27 min=1 mean=1.56 median=1 p90=4 p95=4 max=5) known_goal_decisions=0 infeasible_known_goal_decisions=0
[MCTS TIME SUMMARY] selection=2.016095s expansion=805.136468s successor_generation=653.872886s network_inference=146.031159s evaluation=408.411397s backpropagation=0.312788s
[2026-09-14 16:04:32,084] [INFO] [enhspwrapper.py:224] Deleted temp file: /tmp/domain_heuristic_4_n91ys2.pddl
[2026-09-14 16:04:32,084] [INFO] [enhspwrapper.py:224] Deleted temp file: /tmp/instance_heuristic_chdpewr6.pddl
[2026-09-14 16:04:32,085] [WARNING] [enhspwrapper.py:226] Failed to delete temp file /tmp/domain_heuristic_4_n91ys2.pddl: [Errno 2] No such file or directory: '/tmp/domain_heuristic_4_n91ys2.pddl'
[2026-09-14 16:04:32,085] [WARNING] [enhspwrapper.py:226] Failed to delete temp file /tmp/instance_heuristic_chdpewr6.pddl: [Errno 2] No such file or directory: '/tmp/instance_heuristic_chdpewr6.pddl'
[EVAL INSTANCE] completed number=8 path=../problems/numeric/mprime/instances/pfile15.pddl status=success elapsed=1264.74s success=1.0 steps=27
[EVAL][PLAN] EASY       | pfile15.pddl | steps=27 | plan=['overcome jealousy satisfaction pistachio', 'drink cod onion', 'feast understanding cod chicken', 'feast satisfaction pistachio okra', 'feast satisfaction okra pistachio', 'feast satisfaction pistachio okra', 'drink chicken pistachio', 'feast satisfaction okra pistachio', 'drink cod okra', 'feast satisfaction pistachio okra', 'drink ham pistachio', 'feast satisfaction okra cucumber', 'feast curiosity turkey cantelope', 'feast curiosity cantelope chicken', 'drink chicken turkey', 'succumb jealousy satisfaction cucumber', 'overcome jealousy aesthetics cucumber', 'feast empathy onion ham', 'feast expectation lamb chicken', 'drink cod okra', 'feast aesthetics cucumber okra', 'feast aesthetics okra pistachio', 'feast aesthetics pistachio broccoli', 'feast aesthetics broccoli lemon', 'feast aesthetics lemon cod', 'feast aesthetics cod chicken', 'succumb jealousy aesthetics chicken']
[EVAL INSTANCE] started number=9 path=../problems/numeric/mprime/instances/pfile16.pddl pid=2052689
mdpsim:../problems/numeric/mprime/domain.pddl:3: assuming `:typing' requirement
mdpsim:../problems/numeric/mprime/domain.pddl:15: assuming `:fluents' requirement
[EVAL|Easy|2052689] Setting C/Python/Numpy/TF seeds to 2082152047
Starting [EVAL|Easy|2052689] on instance [8] ../problems/numeric/mprime/instances/pfile16.pddl
Starting to parse mdpsim problem: mprime-x-16
Finished parsing mdpsim problem: mprime-x-16
[EVAL|Easy|2052689] ACTION POLICY INITIALIZED
[EVAL|Easy|2052689] policy_class = ArgmaxGoalChasePathDuplicatePenaltyPolicy
[EVAL|Easy|2052689] distance_threshold = inf
[EVAL|Easy|2052689] duplicate_penalty = 0.0
[EVAL|Easy|2052689] root_visit_tie_break = action_id
[2026-09-14 16:05:11,643] [INFO] [enhspwrapper.py:84] Created temporary domain file: /tmp/domain_heuristic_jz2wiokw.pddl
[2026-09-14 16:05:11,644] [INFO] [enhspwrapper.py:93] Created temporary instance file: /tmp/instance_heuristic_y4akje1p.pddl
[2026-09-14 16:05:12,234] [INFO] [enhspwrapper.py:51] Starting the heuristic server with config: hmrp-ha-gbfs
[MCTS SEARCH SUMMARY] progressive_widening=True iterations_per_search=70 search_calls=6 nodes=898 peak_nodes=898 widening_events=411
[MCTS WIDTH SUMMARY] final_widths=(count=898 min=0 mean=1.24 median=0 p90=3 p95=3 max=11) root_widths=(count=6 min=4 mean=8.17 median=8 p90=11 p95=11 max=11) widen_event_widths=(count=411 min=3 mean=3.42 median=3 p90=4 p95=6 max=11) admitted_policy_ranks=(count=1117 min=1 mean=1.95 median=2 p90=3 p95=3 max=3)
[MCTS DISTRIBUTION] final_width_counts=(0=545,3=333,4=10,5=2,6=2,7=1,8=1,9=1,10=1,11=2) node_visit_bins=(0=510,1=36,2=9,3-4=19,5-8=39,9-16=100,17-32=114,33-64=58,65-128=7,129+=6) selection_depth_bins=(0=10,1=9,2=11,3-4=27,5-8=64,9-16=101,17-32=119,33-64=79)
[MCTS WIDTH BY DEPTH] depth=0 count=419 min=3 mean=7.56 median=8 p90=11 p95=11 max=11
[MCTS WIDTH COUNTS BY DEPTH] depth=0 counts=(3=45,4=26,5=30,6=41,7=42,8=53,9=60,10=67,11=55)
[MCTS WIDTH BY DEPTH] depth=1 count=409 min=3 mean=7.49 median=8 p90=11 p95=11 max=11
[MCTS WIDTH COUNTS BY DEPTH] depth=1 counts=(3=44,4=27,5=30,6=41,7=41,8=53,9=60,10=67,11=46)
[MCTS WIDTH BY DEPTH] depth=2 count=398 min=3 mean=6.30 median=6 p90=9 p95=10 max=10
[MCTS WIDTH COUNTS BY DEPTH] depth=2 counts=(3=82,4=27,5=50,6=49,7=41,8=53,9=60,10=36)
[MCTS WIDTH BY DEPTH] depth=3-4 count=756 min=3 mean=4.81 median=4 p90=7 p95=8 max=9
[MCTS WIDTH COUNTS BY DEPTH] depth=3-4 counts=(3=272,4=113,5=113,6=101,7=82,8=54,9=21)
[MCTS WIDTH BY DEPTH] depth=5-9 count=1581 min=3 mean=3.13 median=3 p90=3 p95=4 max=6
[MCTS WIDTH COUNTS BY DEPTH] depth=5-9 counts=(3=1442,4=87,5=35,6=17)
[MCTS WIDTH BY DEPTH] depth=10-19 count=2194 min=3 mean=3.05 median=3 p90=3 p95=3 max=5
[MCTS WIDTH COUNTS BY DEPTH] depth=10-19 counts=(3=2089,4=99,5=6)
[MCTS WIDTH BY DEPTH] depth=20-49 count=2290 min=3 mean=3.00 median=3 p90=3 p95=3 max=3
[MCTS WIDTH COUNTS BY DEPTH] depth=20-49 counts=(3=2290)
[MCTS WIDTH BY DEPTH] depth=50-99 count=154 min=3 mean=3.00 median=3 p90=3 p95=3 max=3
[MCTS WIDTH COUNTS BY DEPTH] depth=50-99 counts=(3=154)
[MCTS DEPTH SUMMARY] selection_depths=(count=420 min=0 mean=19.37 median=15 p90=45 p95=52 max=62) horizon_cutoffs=(count=0)
[MCTS ACTION SUMMARY] selected_raw_policy_ranks=(count=6 min=1 mean=1.00 median=1 p90=1 p95=1 max=1) known_goal_decisions=0 infeasible_known_goal_decisions=0
[MCTS TIME SUMMARY] selection=0.249359s expansion=56.452204s successor_generation=16.336807s network_inference=39.375391s evaluation=4.534060s backpropagation=0.048811s
[2026-09-14 16:05:56,632] [INFO] [enhspwrapper.py:224] Deleted temp file: /tmp/domain_heuristic_jz2wiokw.pddl
[2026-09-14 16:05:56,633] [INFO] [enhspwrapper.py:224] Deleted temp file: /tmp/instance_heuristic_y4akje1p.pddl
[2026-09-14 16:05:56,633] [WARNING] [enhspwrapper.py:226] Failed to delete temp file /tmp/domain_heuristic_jz2wiokw.pddl: [Errno 2] No such file or directory: '/tmp/domain_heuristic_jz2wiokw.pddl'
[2026-09-14 16:05:56,633] [WARNING] [enhspwrapper.py:226] Failed to delete temp file /tmp/instance_heuristic_y4akje1p.pddl: [Errno 2] No such file or directory: '/tmp/instance_heuristic_y4akje1p.pddl'
[EVAL INSTANCE] completed number=9 path=../problems/numeric/mprime/instances/pfile16.pddl status=success elapsed=84.47s success=1.0 steps=6
[EVAL][PLAN] EASY       | pfile16.pddl | steps=6 | plan=['overcome abrasion learning baguette', 'overcome sciatica learning baguette', 'drink chocolate baguette', 'feast learning baguette rice', 'succumb abrasion learning rice', 'succumb sciatica learning rice']
[EVAL INSTANCE] started number=10 path=../problems/numeric/mprime/instances/pfile18.pddl pid=2053685
mdpsim:../problems/numeric/mprime/domain.pddl:3: assuming `:typing' requirement
mdpsim:../problems/numeric/mprime/domain.pddl:15: assuming `:fluents' requirement
[EVAL|Easy|2053685] Setting C/Python/Numpy/TF seeds to 2082152048
Starting [EVAL|Easy|2053685] on instance [9] ../problems/numeric/mprime/instances/pfile18.pddl
Starting to parse mdpsim problem: mprime-x-18
Finished parsing mdpsim problem: mprime-x-18
[EVAL|Easy|2053685] ACTION POLICY INITIALIZED
[EVAL|Easy|2053685] policy_class = ArgmaxGoalChasePathDuplicatePenaltyPolicy
[EVAL|Easy|2053685] distance_threshold = inf
[EVAL|Easy|2053685] duplicate_penalty = 0.0
[EVAL|Easy|2053685] root_visit_tie_break = action_id
[2026-09-14 16:07:07,399] [INFO] [enhspwrapper.py:84] Created temporary domain file: /tmp/domain_heuristic_drroujtq.pddl
[2026-09-14 16:07:07,400] [INFO] [enhspwrapper.py:93] Created temporary instance file: /tmp/instance_heuristic_1aabyhgk.pddl
[2026-09-14 16:07:08,480] [INFO] [enhspwrapper.py:51] Starting the heuristic server with config: hmrp-ha-gbfs
[MCTS SEARCH SUMMARY] progressive_widening=True iterations_per_search=70 search_calls=16 nodes=2946 peak_nodes=2946 widening_events=1120
[MCTS WIDTH SUMMARY] final_widths=(count=2946 min=0 mean=1.05 median=0 p90=3 p95=3 max=13) root_widths=(count=16 min=4 mean=8.12 median=7 p90=12 p95=13 max=13) widen_event_widths=(count=1120 min=3 mean=3.38 median=3 p90=4 p95=6 max=13) admitted_policy_ranks=(count=3092 min=1 mean=1.96 median=2 p90=3 p95=3 max=3)
[MCTS DISTRIBUTION] final_width_counts=(0=1960,3=941,4=19,5=7,6=8,7=2,8=2,9=1,10=1,11=1,12=2,13=2) node_visit_bins=(0=1867,1=93,2=35,3-4=62,5-8=120,9-16=249,17-32=343,33-64=147,65-128=18,129+=12) selection_depth_bins=(0=30,1=31,2=35,3-4=88,5-8=139,9-16=248,17-32=351,33-64=192,65-128=6)
[MCTS WIDTH BY DEPTH] depth=0 count=1119 min=3 mean=7.26 median=6 p90=12 p95=12 max=13
[MCTS WIDTH COUNTS BY DEPTH] depth=0 counts=(3=53,4=143,5=210,6=180,7=80,8=86,9=60,10=67,11=91,12=131,13=18)
[MCTS WIDTH BY DEPTH] depth=1 count=1076 min=3 mean=5.93 median=4 p90=11 p95=13 max=13
[MCTS WIDTH COUNTS BY DEPTH] depth=1 counts=(3=456,4=94,5=59,6=78,7=56,8=47,9=60,10=67,11=72,12=22,13=65)
[MCTS WIDTH BY DEPTH] depth=2 count=1038 min=3 mean=5.59 median=4 p90=11 p95=12 max=12
[MCTS WIDTH COUNTS BY DEPTH] depth=2 counts=(3=488,4=75,5=60,6=75,7=46,8=51,9=56,10=67,11=54,12=66)
[MCTS WIDTH BY DEPTH] depth=3-4 count=1953 min=3 mean=4.88 median=3 p90=9 p95=10 max=11
[MCTS WIDTH COUNTS BY DEPTH] depth=3-4 counts=(3=1084,4=154,5=113,6=85,7=108,8=106,9=118,10=121,11=64)
[MCTS WIDTH BY DEPTH] depth=5-9 count=4189 min=3 mean=3.50 median=3 p90=5 p95=7 max=9
[MCTS WIDTH COUNTS BY DEPTH] depth=5-9 counts=(3=3347,4=307,5=177,6=142,7=97,8=78,9=41)
[MCTS WIDTH BY DEPTH] depth=10-19 count=5959 min=3 mean=3.01 median=3 p90=3 p95=3 max=4
[MCTS WIDTH COUNTS BY DEPTH] depth=10-19 counts=(3=5911,4=48)
[MCTS WIDTH BY DEPTH] depth=20-49 count=5801 min=3 mean=3.00 median=3 p90=3 p95=3 max=4
[MCTS WIDTH COUNTS BY DEPTH] depth=20-49 counts=(3=5779,4=22)
[MCTS WIDTH BY DEPTH] depth=50-99 count=261 min=3 mean=3.00 median=3 p90=3 p95=3 max=3
[MCTS WIDTH COUNTS BY DEPTH] depth=50-99 counts=(3=261)
[MCTS DEPTH SUMMARY] selection_depths=(count=1120 min=0 mean=18.98 median=16 p90=40 p95=47 max=69) horizon_cutoffs=(count=0)
[MCTS ACTION SUMMARY] selected_raw_policy_ranks=(count=16 min=1 mean=1.44 median=1 p90=4 p95=5 max=5) known_goal_decisions=0 infeasible_known_goal_decisions=0
[MCTS TIME SUMMARY] selection=0.764120s expansion=2560.130253s successor_generation=2024.338078s network_inference=515.724173s evaluation=1871.110551s backpropagation=0.162845s
[2026-09-14 17:00:42,032] [INFO] [enhspwrapper.py:224] Deleted temp file: /tmp/domain_heuristic_11bqdbaw.pddl
[2026-09-14 17:00:42,033] [INFO] [enhspwrapper.py:224] Deleted temp file: /tmp/instance_heuristic_davuh2_w.pddl
[2026-09-14 17:00:42,033] [WARNING] [enhspwrapper.py:226] Failed to delete temp file /tmp/domain_heuristic_11bqdbaw.pddl: [Errno 2] No such file or directory: '/tmp/domain_heuristic_11bqdbaw.pddl'
[2026-09-14 17:00:42,033] [WARNING] [enhspwrapper.py:226] Failed to delete temp file /tmp/instance_heuristic_davuh2_w.pddl: [Errno 2] No such file or directory: '/tmp/instance_heuristic_davuh2_w.pddl'
[EVAL INSTANCE] completed number=7 path=../problems/numeric/mprime/instances/pfile14.pddl status=success elapsed=4640.08s success=1.0 steps=16
[EVAL][PLAN] EASY       | pfile14.pddl | steps=16 | plan=['drink hotdog mutton', 'feast triumph pea potato', 'feast love mutton pistachio', 'overcome anxiety-25 love pistachio', 'overcome prostatitis-23 love pistachio', 'feast love pistachio lettuce', 'drink hotdog pistachio', 'feast love lettuce scallop', 'feast love scallop lemon', 'drink baguette mutton', 'feast love lemon scallop', 'feast love scallop scallion', 'feast love scallion shrimp', 'feast love shrimp potato', 'succumb anxiety-25 love potato', 'succumb prostatitis-23 love potato']
[EVAL INSTANCE] started number=11 path=../problems/numeric/mprime/instances/pfile19.pddl pid=2086041
mdpsim:../problems/numeric/mprime/domain.pddl:3: assuming `:typing' requirement
mdpsim:../problems/numeric/mprime/domain.pddl:15: assuming `:fluents' requirement
[EVAL|Easy|2086041] Setting C/Python/Numpy/TF seeds to 2082152049
Starting [EVAL|Easy|2086041] on instance [10] ../problems/numeric/mprime/instances/pfile19.pddl
Starting to parse mdpsim problem: mprime-x-19
Finished parsing mdpsim problem: mprime-x-19
[EVAL|Easy|2086041] ACTION POLICY INITIALIZED
[EVAL|Easy|2086041] policy_class = ArgmaxGoalChasePathDuplicatePenaltyPolicy
[EVAL|Easy|2086041] distance_threshold = inf
[EVAL|Easy|2086041] duplicate_penalty = 0.0
[EVAL|Easy|2086041] root_visit_tie_break = action_id
[2026-09-14 17:02:50,189] [INFO] [enhspwrapper.py:84] Created temporary domain file: /tmp/domain_heuristic_wgyq_dnl.pddl
[2026-09-14 17:02:50,189] [INFO] [enhspwrapper.py:93] Created temporary instance file: /tmp/instance_heuristic_ms0jp7d_.pddl
[2026-09-14 17:02:52,539] [INFO] [enhspwrapper.py:51] Starting the heuristic server with config: hmrp-ha-gbfs
[MCTS SEARCH SUMMARY] progressive_widening=True iterations_per_search=70 search_calls=28 nodes=3236 peak_nodes=3236 widening_events=1756
[MCTS WIDTH SUMMARY] final_widths=(count=3236 min=0 mean=1.33 median=0 p90=3 p95=3 max=20) root_widths=(count=28 min=4 mean=12.39 median=12 p90=20 p95=20 max=20) widen_event_widths=(count=1756 min=3 mean=4.38 median=3 p90=8 p95=12 max=20) admitted_policy_ranks=(count=4318 min=1 mean=1.89 median=2 p90=3 p95=3 max=3)
[MCTS DISTRIBUTION] final_width_counts=(0=1955,3=1164,4=53,5=13,6=13,7=6,8=7,9=2,10=1,11=2,12=3,13=2,14=2,15=2,16=1,17=3,18=1,19=2,20=4) node_visit_bins=(0=1707,1=252,2=32,3-4=104,5-8=191,9-16=369,17-32=354,33-64=157,65-128=27,129+=43) selection_depth_bins=(0=37,1=45,2=39,3-4=88,5-8=186,9-16=458,17-32=694,33-64=413)
[MCTS WIDTH BY DEPTH] depth=0 count=1959 min=3 mean=11.84 median=12 p90=19 p95=20 max=20
[MCTS WIDTH COUNTS BY DEPTH] depth=0 counts=(3=46,4=68,5=155,6=275,7=141,8=41,9=58,10=67,11=72,12=80,13=86,14=97,15=108,16=105,17=156,18=131,19=147,20=126)
[MCTS WIDTH BY DEPTH] depth=1 count=1903 min=3 mean=11.30 median=12 p90=19 p95=20 max=20
[MCTS WIDTH COUNTS BY DEPTH] depth=1 counts=(3=355,4=115,5=98,6=30,7=41,8=51,9=60,10=67,11=72,12=80,13=86,14=104,15=78,16=155,17=127,18=135,19=143,20=106)
[MCTS WIDTH BY DEPTH] depth=2 count=1859 min=3 mean=10.90 median=12 p90=18 p95=19 max=20
[MCTS WIDTH COUNTS BY DEPTH] depth=2 counts=(3=479,4=23,5=41,6=39,7=41,8=53,9=60,10=67,11=72,12=80,13=139,14=81,15=156,16=109,17=123,18=135,19=143,20=18)
[MCTS WIDTH BY DEPTH] depth=3-4 count=3591 min=3 mean=10.35 median=12 p90=17 p95=18 max=19
[MCTS WIDTH COUNTS BY DEPTH] depth=3-4 counts=(3=857,4=137,5=65,6=82,7=84,8=104,9=120,10=134,11=170,12=348,13=240,14=241,15=212,16=238,17=249,18=244,19=66)
[MCTS WIDTH BY DEPTH] depth=5-9 count=8164 min=3 mean=8.49 median=9 p90=15 p95=16 max=18
[MCTS WIDTH COUNTS BY DEPTH] depth=5-9 counts=(3=2446,4=269,5=223,6=287,7=292,8=443,9=524,10=589,11=613,12=480,13=472,14=495,15=476,16=338,17=190,18=27)
[MCTS WIDTH BY DEPTH] depth=10-19 count=12071 min=3 mean=4.87 median=3 p90=10 p95=11 max=14
[MCTS WIDTH COUNTS BY DEPTH] depth=10-19 counts=(3=6898,4=964,5=709,6=656,7=610,8=526,9=441,10=428,11=336,12=259,13=180,14=64)
[MCTS WIDTH BY DEPTH] depth=20-49 count=11615 min=3 mean=3.32 median=3 p90=4 p95=6 max=9
[MCTS WIDTH COUNTS BY DEPTH] depth=20-49 counts=(3=10102,4=482,5=373,6=276,7=216,8=156,9=10)
[MCTS WIDTH BY DEPTH] depth=50-99 count=131 min=3 mean=3.00 median=3 p90=3 p95=3 max=3
[MCTS WIDTH COUNTS BY DEPTH] depth=50-99 counts=(3=131)
[MCTS DEPTH SUMMARY] selection_depths=(count=1960 min=0 mean=20.72 median=19 p90=40 p95=47 max=58) horizon_cutoffs=(count=0)
[MCTS ACTION SUMMARY] selected_raw_policy_ranks=(count=28 min=1 mean=1.21 median=1 p90=2 p95=3 max=4) known_goal_decisions=0 infeasible_known_goal_decisions=0
[MCTS TIME SUMMARY] selection=2.141225s expansion=569.266047s successor_generation=368.601665s network_inference=190.926454s evaluation=315.489429s backpropagation=0.302327s
[2026-09-14 17:16:39,028] [INFO] [enhspwrapper.py:224] Deleted temp file: /tmp/domain_heuristic_wgyq_dnl.pddl
[2026-09-14 17:16:39,028] [INFO] [enhspwrapper.py:224] Deleted temp file: /tmp/instance_heuristic_ms0jp7d_.pddl
[2026-09-14 17:16:39,028] [WARNING] [enhspwrapper.py:226] Failed to delete temp file /tmp/domain_heuristic_wgyq_dnl.pddl: [Errno 2] No such file or directory: '/tmp/domain_heuristic_wgyq_dnl.pddl'
[2026-09-14 17:16:39,029] [WARNING] [enhspwrapper.py:226] Failed to delete temp file /tmp/instance_heuristic_ms0jp7d_.pddl: [Errno 2] No such file or directory: '/tmp/instance_heuristic_ms0jp7d_.pddl'
[EVAL INSTANCE] completed number=11 path=../problems/numeric/mprime/instances/pfile19.pddl status=success elapsed=955.68s success=1.0 steps=28
[EVAL][PLAN] EASY       | pfile19.pddl | steps=28 | plan=['feast lubricity lemon beef', 'overcome abrasion lubricity beef', 'drink ham wonderbread', 'feast love haroset lobster', 'drink lamb haroset', 'drink ham onion', 'feast lubricity beef marzipan', 'feast lubricity marzipan tofu', 'feast lubricity tofu onion', 'feast aesthetics bacon lobster', 'drink lamb bacon', 'feast lubricity onion snickers', 'feast lubricity snickers onion', 'drink flounder onion', 'drink ham snickers', 'feast lubricity onion snickers', 'feast lubricity snickers onion', 'drink lamb onion', 'drink marzipan snickers', 'feast achievement wonderbread bacon', 'feast achievement bacon lobster', 'feast lubricity onion snickers', 'feast lubricity snickers wonderbread', 'drink flounder wonderbread', 'feast lubricity wonderbread bacon', 'drink ham bacon', 'feast lubricity bacon lobster', 'succumb abrasion lubricity lobster']
[EVAL INSTANCE] started number=12 path=../problems/numeric/mprime/instances/pfile20.pddl pid=2095727
mdpsim:../problems/numeric/mprime/domain.pddl:3: assuming `:typing' requirement
mdpsim:../problems/numeric/mprime/domain.pddl:15: assuming `:fluents' requirement
[EVAL|Easy|2095727] Setting C/Python/Numpy/TF seeds to 2082152050
Starting [EVAL|Easy|2095727] on instance [11] ../problems/numeric/mprime/instances/pfile20.pddl
Starting to parse mdpsim problem: mprime-x-20
Finished parsing mdpsim problem: mprime-x-20
[EVAL|Easy|2095727] ACTION POLICY INITIALIZED
[EVAL|Easy|2095727] policy_class = ArgmaxGoalChasePathDuplicatePenaltyPolicy
[EVAL|Easy|2095727] distance_threshold = inf
[EVAL|Easy|2095727] duplicate_penalty = 0.0
[EVAL|Easy|2095727] root_visit_tie_break = action_id
[2026-09-14 17:18:05,854] [INFO] [enhspwrapper.py:84] Created temporary domain file: /tmp/domain_heuristic_6vpw3_77.pddl
[2026-09-14 17:18:05,854] [INFO] [enhspwrapper.py:93] Created temporary instance file: /tmp/instance_heuristic_l2h2ct7v.pddl
[2026-09-14 17:18:07,856] [INFO] [enhspwrapper.py:51] Starting the heuristic server with config: hmrp-ha-gbfs
[MCTS SEARCH SUMMARY] progressive_widening=True iterations_per_search=70 search_calls=27 nodes=3869 peak_nodes=3869 widening_events=1890
[MCTS WIDTH SUMMARY] final_widths=(count=3869 min=0 mean=1.12 median=0 p90=3 p95=3 max=20) root_widths=(count=27 min=4 mean=14.52 median=16 p90=20 p95=20 max=20) widen_event_widths=(count=1890 min=3 mean=5.33 median=3 p90=13 p95=16 max=20) admitted_policy_ranks=(count=4342 min=1 mean=1.85 median=2 p90=3 p95=3 max=3)
[MCTS DISTRIBUTION] final_width_counts=(0=2643,3=1101,4=50,5=26,6=10,7=2,9=1,10=2,11=1,12=2,13=1,14=1,15=2,16=2,17=3,18=1,19=7,20=14) node_visit_bins=(0=2110,1=498,2=143,3-4=122,5-8=165,9-16=224,17-32=278,33-64=247,65-128=42,129+=40) selection_depth_bins=(0=25,1=26,2=40,3-4=65,5-8=118,9-16=236,17-32=632,33-64=635,65-128=113)
[MCTS WIDTH BY DEPTH] depth=0 count=1889 min=3 mean=14.11 median=15 p90=20 p95=20 max=20
[MCTS WIDTH COUNTS BY DEPTH] depth=0 counts=(3=45,4=51,5=64,6=90,7=64,8=37,9=55,10=74,11=78,12=104,13=85,14=76,15=136,16=119,17=127,18=225,19=134,20=325)
[MCTS WIDTH BY DEPTH] depth=1 count=1861 min=3 mean=13.84 median=15 p90=20 p95=20 max=20
[MCTS WIDTH COUNTS BY DEPTH] depth=1 counts=(3=126,4=70,5=65,6=37,7=30,8=57,9=59,10=59,11=69,12=81,13=59,14=138,15=108,16=111,17=127,18=200,19=116,20=349)
[MCTS WIDTH BY DEPTH] depth=2 count=1824 min=3 mean=12.40 median=14 p90=20 p95=20 max=20
[MCTS WIDTH COUNTS BY DEPTH] depth=2 counts=(3=279,4=114,5=30,6=37,7=57,8=85,9=17,10=56,11=56,12=18,13=138,14=92,15=113,16=109,17=133,18=73,19=110,20=307)
[MCTS WIDTH BY DEPTH] depth=3-4 count=3542 min=3 mean=12.46 median=14 p90=20 p95=20 max=20
[MCTS WIDTH COUNTS BY DEPTH] depth=3-4 counts=(3=557,4=177,5=103,6=76,7=92,8=58,9=58,10=86,11=95,12=209,13=172,14=198,15=211,16=238,17=240,18=211,19=321,20=440)
[MCTS WIDTH BY DEPTH] depth=5-9 count=8324 min=3 mean=13.24 median=14 p90=19 p95=19 max=20
[MCTS WIDTH COUNTS BY DEPTH] depth=5-9 counts=(3=710,4=140,5=163,6=220,7=193,8=213,9=394,10=320,11=394,12=493,13=453,14=499,15=556,16=644,17=733,18=810,19=1025,20=364)
[MCTS WIDTH BY DEPTH] depth=10-19 count=14444 min=3 mean=11.09 median=12 p90=17 p95=18 max=19
[MCTS WIDTH COUNTS BY DEPTH] depth=10-19 counts=(3=2068,4=372,5=450,6=387,7=386,8=634,9=668,10=851,11=963,12=970,13=1114,14=1200,15=1304,16=1076,17=985,18=736,19=280)
[MCTS WIDTH BY DEPTH] depth=20-49 count=21219 min=3 mean=4.51 median=3 p90=9 p95=11 max=16
[MCTS WIDTH COUNTS BY DEPTH] depth=20-49 counts=(3=14312,4=1307,5=930,6=710,7=702,8=655,9=662,10=575,11=471,12=409,13=266,14=139,15=7,16=74)
[MCTS WIDTH BY DEPTH] depth=50-99 count=4225 min=3 mean=3.00 median=3 p90=3 p95=3 max=4
[MCTS WIDTH COUNTS BY DEPTH] depth=50-99 counts=(3=4216,4=9)
[MCTS WIDTH BY DEPTH] depth=100-199 count=3 min=3 mean=3.00 median=3 p90=3 p95=3 max=3
[MCTS WIDTH COUNTS BY DEPTH] depth=100-199 counts=(3=3)
[MCTS DEPTH SUMMARY] selection_depths=(count=1890 min=0 mean=29.98 median=28 p90=57 p95=67 max=102) horizon_cutoffs=(count=0)
[MCTS ACTION SUMMARY] selected_raw_policy_ranks=(count=27 min=1 mean=1.26 median=1 p90=2 p95=2 max=4) known_goal_decisions=0 infeasible_known_goal_decisions=0
[MCTS TIME SUMMARY] selection=3.693516s expansion=327.378727s successor_generation=191.155075s network_inference=124.619038s evaluation=157.440368s backpropagation=0.426785s
[2026-09-14 17:25:37,497] [INFO] [enhspwrapper.py:224] Deleted temp file: /tmp/domain_heuristic_6vpw3_77.pddl
[2026-09-14 17:25:37,498] [INFO] [enhspwrapper.py:224] Deleted temp file: /tmp/instance_heuristic_l2h2ct7v.pddl
[2026-09-14 17:25:37,498] [WARNING] [enhspwrapper.py:226] Failed to delete temp file /tmp/domain_heuristic_6vpw3_77.pddl: [Errno 2] No such file or directory: '/tmp/domain_heuristic_6vpw3_77.pddl'
[2026-09-14 17:25:37,498] [WARNING] [enhspwrapper.py:226] Failed to delete temp file /tmp/instance_heuristic_l2h2ct7v.pddl: [Errno 2] No such file or directory: '/tmp/instance_heuristic_l2h2ct7v.pddl'
[EVAL INSTANCE] completed number=12 path=../problems/numeric/mprime/instances/pfile20.pddl status=success elapsed=537.24s success=1.0 steps=27
[EVAL][PLAN] EASY       | pfile20.pddl | steps=27 | plan=['overcome abrasion intoxication wonderbread', 'drink pepper rice', 'drink scallion rice', 'overcome dread triumph yogurt', 'overcome laceration achievement cherry', 'feast achievement cherry pepper', 'succumb laceration achievement pepper', 'succumb abrasion intoxication wonderbread', 'feast love mutton wonderbread', 'overcome abrasion love wonderbread', 'drink potato mutton', 'feast understanding marzipan cherry', 'feast understanding cherry pepper', 'feast love wonderbread mutton', 'feast love mutton pork', 'feast love pork cod', 'drink pepper pork', 'succumb abrasion love cod', 'overcome abrasion curiosity cod', 'feast curiosity cod tuna', 'succumb abrasion curiosity tuna', 'feast love cod tuna', 'overcome abrasion love tuna', 'feast love tuna turkey', 'feast love turkey cherry', 'feast love cherry pepper', 'succumb abrasion love pepper']
[EVAL INSTANCE] started number=13 path=../problems/numeric/mprime/instances/pfile21.pddl pid=2100751
mdpsim:../problems/numeric/mprime/domain.pddl:3: assuming `:typing' requirement
mdpsim:../problems/numeric/mprime/domain.pddl:15: assuming `:fluents' requirement
[EVAL|Easy|2100751] Setting C/Python/Numpy/TF seeds to 2082152051
Starting [EVAL|Easy|2100751] on instance [12] ../problems/numeric/mprime/instances/pfile21.pddl
Starting to parse mdpsim problem: mprime-x-21
Finished parsing mdpsim problem: mprime-x-21
[EVAL|Easy|2100751] ACTION POLICY INITIALIZED
[EVAL|Easy|2100751] policy_class = ArgmaxGoalChasePathDuplicatePenaltyPolicy
[EVAL|Easy|2100751] distance_threshold = inf
[EVAL|Easy|2100751] duplicate_penalty = 0.0
[EVAL|Easy|2100751] root_visit_tie_break = action_id
[2026-09-14 17:28:38,905] [INFO] [enhspwrapper.py:84] Created temporary domain file: /tmp/domain_heuristic_o2xb13iu.pddl
[2026-09-14 17:28:38,905] [INFO] [enhspwrapper.py:93] Created temporary instance file: /tmp/instance_heuristic_u59gitrx.pddl
[2026-09-14 17:28:41,679] [INFO] [enhspwrapper.py:51] Starting the heuristic server with config: hmrp-ha-gbfs
[MCTS SEARCH SUMMARY] progressive_widening=True iterations_per_search=70 search_calls=6 nodes=672 peak_nodes=672 widening_events=361
[MCTS WIDTH SUMMARY] final_widths=(count=672 min=0 mean=1.38 median=0 p90=3 p95=3 max=11) root_widths=(count=6 min=4 mean=8.17 median=8 p90=11 p95=11 max=11) widen_event_widths=(count=361 min=3 mean=3.58 median=3 p90=5 p95=7 max=11) admitted_policy_ranks=(count=929 min=1 mean=1.92 median=2 p90=3 p95=3 max=3)
[MCTS DISTRIBUTION] final_width_counts=(0=388,3=252,4=18,5=6,6=1,7=1,8=1,9=2,10=1,11=2) node_visit_bins=(0=351,1=42,2=9,3-4=31,5-8=49,9-16=77,17-32=52,33-64=44,65-128=10,129+=7) selection_depth_bins=(0=10,1=9,2=10,3-4=28,5-8=77,9-16=106,17-32=150,33-64=30)
[MCTS WIDTH BY DEPTH] depth=0 count=419 min=3 mean=7.56 median=8 p90=11 p95=11 max=11
[MCTS WIDTH COUNTS BY DEPTH] depth=0 counts=(3=45,4=26,5=30,6=41,7=42,8=53,9=60,10=67,11=55)
[MCTS WIDTH BY DEPTH] depth=1 count=409 min=3 mean=7.49 median=8 p90=11 p95=11 max=11
[MCTS WIDTH COUNTS BY DEPTH] depth=1 counts=(3=44,4=27,5=30,6=41,7=41,8=53,9=60,10=67,11=46)
[MCTS WIDTH BY DEPTH] depth=2 count=399 min=3 mean=7.01 median=8 p90=9 p95=10 max=10
[MCTS WIDTH COUNTS BY DEPTH] depth=2 counts=(3=48,4=27,5=30,6=41,7=41,8=83,9=93,10=36)
[MCTS WIDTH BY DEPTH] depth=3-4 count=759 min=3 mean=5.12 median=5 p90=8 p95=8 max=9
[MCTS WIDTH COUNTS BY DEPTH] depth=3-4 counts=(3=235,4=103,5=87,6=119,7=123,8=71,9=21)
[MCTS WIDTH BY DEPTH] depth=5-9 count=1544 min=3 mean=3.29 median=3 p90=4 p95=5 max=6
[MCTS WIDTH COUNTS BY DEPTH] depth=5-9 counts=(3=1220,4=212,5=95,6=17)
[MCTS WIDTH BY DEPTH] depth=10-19 count=2013 min=3 mean=3.10 median=3 p90=3 p95=4 max=6
[MCTS WIDTH COUNTS BY DEPTH] depth=10-19 counts=(3=1858,4=117,5=30,6=8)
[MCTS WIDTH BY DEPTH] depth=20-49 count=1235 min=3 mean=3.00 median=3 p90=3 p95=3 max=4
[MCTS WIDTH COUNTS BY DEPTH] depth=20-49 counts=(3=1230,4=5)
[MCTS DEPTH SUMMARY] selection_depths=(count=420 min=0 mean=15.81 median=14 p90=30 p95=36 max=43) horizon_cutoffs=(count=0)
[MCTS ACTION SUMMARY] selected_raw_policy_ranks=(count=6 min=1 mean=1.00 median=1 p90=1 p95=1 max=1) known_goal_decisions=0 infeasible_known_goal_decisions=0
[MCTS TIME SUMMARY] selection=0.305945s expansion=245.150163s successor_generation=66.120657s network_inference=177.578335s evaluation=32.201462s backpropagation=0.048838s
[2026-09-14 17:32:01,947] [INFO] [enhspwrapper.py:224] Deleted temp file: /tmp/domain_heuristic_o2xb13iu.pddl
[2026-09-14 17:32:01,948] [INFO] [enhspwrapper.py:224] Deleted temp file: /tmp/instance_heuristic_u59gitrx.pddl
[2026-09-14 17:32:01,948] [WARNING] [enhspwrapper.py:226] Failed to delete temp file /tmp/domain_heuristic_o2xb13iu.pddl: [Errno 2] No such file or directory: '/tmp/domain_heuristic_o2xb13iu.pddl'
[2026-09-14 17:32:01,948] [WARNING] [enhspwrapper.py:226] Failed to delete temp file /tmp/instance_heuristic_u59gitrx.pddl: [Errno 2] No such file or directory: '/tmp/instance_heuristic_u59gitrx.pddl'
[EVAL INSTANCE] completed number=13 path=../problems/numeric/mprime/instances/pfile21.pddl status=success elapsed=384.14s success=1.0 steps=6
[EVAL][PLAN] EASY       | pfile21.pddl | steps=6 | plan=['feast love flounder wurst', 'overcome sciatica love wurst', 'drink marzipan wurst', 'feast love wurst snickers', 'feast love snickers apple', 'succumb sciatica love apple']
[EVAL INSTANCE] started number=14 path=../problems/numeric/mprime/instances/pfile22.pddl pid=2104799
mdpsim:../problems/numeric/mprime/domain.pddl:3: assuming `:typing' requirement
mdpsim:../problems/numeric/mprime/domain.pddl:15: assuming `:fluents' requirement
[EVAL|Easy|2104799] Setting C/Python/Numpy/TF seeds to 2082152052
Starting [EVAL|Easy|2104799] on instance [13] ../problems/numeric/mprime/instances/pfile22.pddl
Starting to parse mdpsim problem: mprime-x-22
Finished parsing mdpsim problem: mprime-x-22
[EVAL|Easy|2104799] ACTION POLICY INITIALIZED
[EVAL|Easy|2104799] policy_class = ArgmaxGoalChasePathDuplicatePenaltyPolicy
[EVAL|Easy|2104799] distance_threshold = inf
[EVAL|Easy|2104799] duplicate_penalty = 0.0
[EVAL|Easy|2104799] root_visit_tie_break = action_id
[2026-09-14 17:39:46,529] [INFO] [enhspwrapper.py:84] Created temporary domain file: /tmp/domain_heuristic_uw36frk4.pddl
[2026-09-14 17:39:46,530] [INFO] [enhspwrapper.py:93] Created temporary instance file: /tmp/instance_heuristic_8c4hw8p2.pddl
[2026-09-14 17:39:51,772] [INFO] [enhspwrapper.py:51] Starting the heuristic server with config: hmrp-ha-gbfs
[MCTS SEARCH SUMMARY] progressive_widening=True iterations_per_search=70 search_calls=18 nodes=2979 peak_nodes=2979 widening_events=1260
[MCTS WIDTH SUMMARY] final_widths=(count=2979 min=0 mean=1.07 median=0 p90=3 p95=3 max=19) root_widths=(count=18 min=4 mean=13.39 median=14 p90=19 p95=19 max=19) widen_event_widths=(count=1260 min=3 mean=4.20 median=3 p90=8 p95=12 max=19) admitted_policy_ranks=(count=3192 min=1 mean=1.91 median=2 p90=3 p95=3 max=3)
[MCTS DISTRIBUTION] final_width_counts=(0=2013,3=885,4=44,5=14,6=3,7=2,8=1,9=1,10=2,11=1,12=1,13=1,14=1,15=2,16=2,17=1,18=2,19=3) node_visit_bins=(0=1774,1=239,2=47,3-4=83,5-8=150,9-16=201,17-32=257,33-64=186,65-128=22,129+=20) selection_depth_bins=(0=21,1=17,2=20,3-4=46,5-8=142,9-16=285,17-32=415,33-64=299,65-128=15)
[MCTS WIDTH BY DEPTH] depth=0 count=1259 min=3 mean=12.93 median=14 p90=18 p95=19 max=19
[MCTS WIDTH COUNTS BY DEPTH] depth=0 counts=(3=45,4=26,5=30,6=41,7=42,8=53,9=60,10=67,11=72,12=80,13=86,14=100,15=105,16=119,17=117,18=131,19=85)
[MCTS WIDTH BY DEPTH] depth=1 count=1238 min=3 mean=12.81 median=14 p90=18 p95=18 max=19
[MCTS WIDTH COUNTS BY DEPTH] depth=1 counts=(3=44,4=27,5=30,6=41,7=41,8=53,9=60,10=67,11=72,12=80,13=86,14=104,15=100,16=119,17=127,18=135,19=52)
[MCTS WIDTH BY DEPTH] depth=2 count=1220 min=3 mean=11.89 median=13 p90=17 p95=18 max=18
[MCTS WIDTH COUNTS BY DEPTH] depth=2 counts=(3=86,4=43,5=36,6=44,7=41,8=53,9=60,10=67,11=72,12=80,13=95,14=95,15=110,16=109,17=127,18=102)
[MCTS WIDTH BY DEPTH] depth=3-4 count=2376 min=3 mean=10.66 median=11 p90=16 p95=17 max=18
[MCTS WIDTH COUNTS BY DEPTH] depth=3-4 counts=(3=256,4=119,5=78,6=104,7=122,8=101,9=134,10=140,11=144,12=171,13=182,14=187,15=223,16=231,17=167,18=17)
[MCTS WIDTH BY DEPTH] depth=5-9 count=5369 min=3 mean=7.97 median=8 p90=14 p95=15 max=16
[MCTS WIDTH COUNTS BY DEPTH] depth=5-9 counts=(3=1508,4=343,5=252,6=240,7=230,8=266,9=336,10=339,11=368,12=414,13=419,14=341,15=225,16=88)
[MCTS WIDTH BY DEPTH] depth=10-19 count=7930 min=3 mean=4.21 median=3 p90=8 p95=10 max=12
[MCTS WIDTH COUNTS BY DEPTH] depth=10-19 counts=(3=5353,4=643,5=386,6=295,7=297,8=298,9=240,10=204,11=146,12=68)
[MCTS WIDTH BY DEPTH] depth=20-49 count=9256 min=3 mean=3.01 median=3 p90=3 p95=3 max=4
[MCTS WIDTH COUNTS BY DEPTH] depth=20-49 counts=(3=9152,4=104)
[MCTS WIDTH BY DEPTH] depth=50-99 count=1009 min=3 mean=3.00 median=3 p90=3 p95=3 max=3
[MCTS WIDTH COUNTS BY DEPTH] depth=50-99 counts=(3=1009)
[MCTS DEPTH SUMMARY] selection_depths=(count=1260 min=0 mean=23.30 median=20 p90=49 p95=58 max=69) horizon_cutoffs=(count=0)
[MCTS ACTION SUMMARY] selected_raw_policy_ranks=(count=18 min=1 mean=1.00 median=1 p90=1 p95=1 max=1) known_goal_decisions=0 infeasible_known_goal_decisions=0
[MCTS TIME SUMMARY] selection=1.481166s expansion=1768.357653s successor_generation=1244.189771s network_inference=513.279616s evaluation=504.803889s backpropagation=0.218961s
[2026-09-14 18:14:31,526] [INFO] [enhspwrapper.py:224] Deleted temp file: /tmp/domain_heuristic_uw36frk4.pddl
[2026-09-14 18:14:31,526] [INFO] [enhspwrapper.py:224] Deleted temp file: /tmp/instance_heuristic_8c4hw8p2.pddl
[2026-09-14 18:14:31,527] [WARNING] [enhspwrapper.py:226] Failed to delete temp file /tmp/domain_heuristic_uw36frk4.pddl: [Errno 2] No such file or directory: '/tmp/domain_heuristic_uw36frk4.pddl'
[2026-09-14 18:14:31,527] [WARNING] [enhspwrapper.py:226] Failed to delete temp file /tmp/instance_heuristic_8c4hw8p2.pddl: [Errno 2] No such file or directory: '/tmp/instance_heuristic_8c4hw8p2.pddl'
[EVAL INSTANCE] completed number=14 path=../problems/numeric/mprime/instances/pfile22.pddl status=success elapsed=2550.76s success=1.0 steps=18
[EVAL][PLAN] EASY       | pfile22.pddl | steps=18 | plan=['overcome hangover understanding ham', 'drink marzipan muffin', 'drink wurst guava', 'feast satisfaction pepper lamb', 'feast learning shrimp lamb', 'feast intoxication cantelope lamb', 'feast rest pea lamb', 'feast understanding ham guava', 'drink bacon ham', 'feast understanding guava chicken', 'drink marzipan guava', 'feast understanding chicken cherry', 'drink bacon cherry', 'feast understanding cherry hamburger', 'feast understanding hamburger kale', 'feast understanding kale pepper', 'feast understanding pepper lamb', 'succumb hangover understanding lamb']
[EVAL INSTANCE] started number=15 path=../problems/numeric/mprime/instances/pfile23.pddl pid=2130896
mdpsim:../problems/numeric/mprime/domain.pddl:3: assuming `:typing' requirement
mdpsim:../problems/numeric/mprime/domain.pddl:15: assuming `:fluents' requirement
[EVAL|Easy|2130896] Setting C/Python/Numpy/TF seeds to 2082152053
Starting [EVAL|Easy|2130896] on instance [14] ../problems/numeric/mprime/instances/pfile23.pddl
Starting to parse mdpsim problem: mprime-x-23
Finished parsing mdpsim problem: mprime-x-23
[EVAL|Easy|2130896] ACTION POLICY INITIALIZED
[EVAL|Easy|2130896] policy_class = ArgmaxGoalChasePathDuplicatePenaltyPolicy
[EVAL|Easy|2130896] distance_threshold = inf
[EVAL|Easy|2130896] duplicate_penalty = 0.0
[EVAL|Easy|2130896] root_visit_tie_break = action_id
[2026-09-14 18:16:57,610] [INFO] [enhspwrapper.py:84] Created temporary domain file: /tmp/domain_heuristic_zo22ayv7.pddl
[2026-09-14 18:16:57,611] [INFO] [enhspwrapper.py:93] Created temporary instance file: /tmp/instance_heuristic__ekxgqr6.pddl
[2026-09-14 18:17:00,578] [INFO] [enhspwrapper.py:51] Starting the heuristic server with config: hmrp-ha-gbfs
[MCTS SEARCH SUMMARY] progressive_widening=True iterations_per_search=70 search_calls=22 nodes=3481 peak_nodes=3481 widening_events=1527
[MCTS WIDTH SUMMARY] final_widths=(count=3481 min=0 mean=1.12 median=0 p90=3 p95=3 max=20) root_widths=(count=22 min=4 mean=13.27 median=14 p90=19 p95=20 max=20) widen_event_widths=(count=1527 min=3 mean=4.22 median=3 p90=8 p95=12 max=20) admitted_policy_ranks=(count=3905 min=1 mean=1.91 median=2 p90=3 p95=3 max=3)
[MCTS DISTRIBUTION] final_width_counts=(0=2292,3=1101,4=52,5=6,6=8,7=1,8=1,9=2,10=2,11=1,12=1,13=1,14=1,15=2,16=2,17=1,18=2,19=2,20=3) node_visit_bins=(0=2016,1=278,2=55,3-4=88,5-8=151,9-16=227,17-32=359,33-64=265,65-128=18,129+=24) selection_depth_bins=(0=27,1=25,2=26,3-4=63,5-8=142,9-16=309,17-32=512,33-64=374,65-128=62)
[MCTS WIDTH BY DEPTH] depth=0 count=1539 min=3 mean=12.76 median=14 p90=19 p95=19 max=20
[MCTS WIDTH COUNTS BY DEPTH] depth=0 counts=(3=46,4=62,5=90,6=89,7=41,8=53,9=60,10=67,11=72,12=80,13=86,14=104,15=101,16=119,17=122,18=132,19=147,20=68)
[MCTS WIDTH BY DEPTH] depth=1 count=1507 min=3 mean=12.52 median=14 p90=19 p95=19 max=20
[MCTS WIDTH COUNTS BY DEPTH] depth=1 counts=(3=160,4=46,5=30,6=41,7=41,8=53,9=60,10=67,11=72,12=80,13=87,14=103,15=100,16=119,17=128,18=135,19=143,20=42)
[MCTS WIDTH BY DEPTH] depth=2 count=1480 min=3 mean=11.76 median=13 p90=18 p95=19 max=19
[MCTS WIDTH COUNTS BY DEPTH] depth=2 counts=(3=211,4=37,5=30,6=49,7=41,8=53,9=65,10=73,11=72,12=80,13=97,14=92,15=114,16=105,17=127,18=135,19=99)
[MCTS WIDTH BY DEPTH] depth=3-4 count=2872 min=3 mean=10.66 median=12 p90=17 p95=18 max=19
[MCTS WIDTH COUNTS BY DEPTH] depth=3-4 counts=(3=534,4=94,5=75,6=96,7=92,8=97,9=159,10=143,11=145,12=174,13=178,14=191,15=219,16=236,17=246,18=180,19=13)
[MCTS WIDTH BY DEPTH] depth=5-9 count=6559 min=3 mean=8.29 median=8 p90=15 p95=16 max=17
[MCTS WIDTH COUNTS BY DEPTH] depth=5-9 counts=(3=2069,4=255,5=234,6=245,7=251,8=347,9=347,10=338,11=366,12=413,13=453,14=480,15=395,16=261,17=105)
[MCTS WIDTH BY DEPTH] depth=10-19 count=10162 min=3 mean=4.55 median=3 p90=9 p95=11 max=14
[MCTS WIDTH COUNTS BY DEPTH] depth=10-19 counts=(3=6625,4=658,5=446,6=413,7=405,8=357,9=342,10=319,11=269,12=202,13=113,14=13)
[MCTS WIDTH BY DEPTH] depth=20-49 count=11776 min=3 mean=3.02 median=3 p90=3 p95=3 max=5
[MCTS WIDTH COUNTS BY DEPTH] depth=20-49 counts=(3=11559,4=186,5=31)
[MCTS WIDTH BY DEPTH] depth=50-99 count=1763 min=3 mean=3.00 median=3 p90=3 p95=3 max=3
[MCTS WIDTH COUNTS BY DEPTH] depth=50-99 counts=(3=1763)
[MCTS DEPTH SUMMARY] selection_depths=(count=1540 min=0 mean=24.23 median=22 p90=45 p95=60 max=79) horizon_cutoffs=(count=0)
[MCTS ACTION SUMMARY] selected_raw_policy_ranks=(count=22 min=1 mean=1.18 median=1 p90=1 p95=1 max=5) known_goal_decisions=0 infeasible_known_goal_decisions=0
[MCTS TIME SUMMARY] selection=1.932842s expansion=483.435545s successor_generation=278.633597s network_inference=198.363970s evaluation=217.847525s backpropagation=0.253846s
[2026-09-14 18:27:37,082] [INFO] [enhspwrapper.py:224] Deleted temp file: /tmp/domain_heuristic_zo22ayv7.pddl
[2026-09-14 18:27:37,082] [INFO] [enhspwrapper.py:224] Deleted temp file: /tmp/instance_heuristic__ekxgqr6.pddl
[2026-09-14 18:27:37,083] [WARNING] [enhspwrapper.py:226] Failed to delete temp file /tmp/domain_heuristic_zo22ayv7.pddl: [Errno 2] No such file or directory: '/tmp/domain_heuristic_zo22ayv7.pddl'
[2026-09-14 18:27:37,083] [WARNING] [enhspwrapper.py:226] Failed to delete temp file /tmp/instance_heuristic__ekxgqr6.pddl: [Errno 2] No such file or directory: '/tmp/instance_heuristic__ekxgqr6.pddl'
[EVAL INSTANCE] completed number=15 path=../problems/numeric/mprime/instances/pfile23.pddl status=success elapsed=784.27s success=1.0 steps=22
[EVAL][PLAN] EASY       | pfile23.pddl | steps=22 | plan=['feast intoxication onion apple', 'overcome laceration intoxication apple', 'drink chicken hotdog', 'feast intoxication apple pistachio', 'feast satisfaction lamb hotdog', 'feast satisfaction hotdog chicken', 'drink scallop hotdog', 'drink ham onion', 'feast intoxication pistachio onion', 'feast intoxication onion pistachio', 'feast intoxication pistachio scallop', 'feast intoxication scallop pistachio', 'feast intoxication pistachio scallop', 'feast intoxication scallop pistachio', 'feast intoxication pistachio scallop', 'drink ham pistachio', 'feast intoxication scallop ham', 'feast intoxication ham papaya', 'feast intoxication papaya lamb', 'feast intoxication lamb hotdog', 'feast intoxication hotdog chicken', 'succumb laceration intoxication chicken']
[EVAL INSTANCE] started number=16 path=../problems/numeric/mprime/instances/pfile24.pddl pid=2139322
mdpsim:../problems/numeric/mprime/domain.pddl:3: assuming `:typing' requirement
mdpsim:../problems/numeric/mprime/domain.pddl:15: assuming `:fluents' requirement
[EVAL|Easy|2139322] Setting C/Python/Numpy/TF seeds to 2082152054
Starting [EVAL|Easy|2139322] on instance [15] ../problems/numeric/mprime/instances/pfile24.pddl
Starting to parse mdpsim problem: mprime-x-24
Finished parsing mdpsim problem: mprime-x-24
[EVAL|Easy|2139322] ACTION POLICY INITIALIZED
[EVAL|Easy|2139322] policy_class = ArgmaxGoalChasePathDuplicatePenaltyPolicy
[EVAL|Easy|2139322] distance_threshold = inf
[EVAL|Easy|2139322] duplicate_penalty = 0.0
[EVAL|Easy|2139322] root_visit_tie_break = action_id
[2026-09-14 18:29:30,658] [INFO] [enhspwrapper.py:84] Created temporary domain file: /tmp/domain_heuristic_8ydzsl3f.pddl
[2026-09-14 18:29:30,659] [INFO] [enhspwrapper.py:93] Created temporary instance file: /tmp/instance_heuristic_q6xsf2k2.pddl
[2026-09-14 18:29:32,893] [INFO] [enhspwrapper.py:51] Starting the heuristic server with config: hmrp-ha-gbfs
[MCTS SEARCH SUMMARY] progressive_widening=True iterations_per_search=70 search_calls=10 nodes=1612 peak_nodes=1612 widening_events=700
[MCTS WIDTH SUMMARY] final_widths=(count=1612 min=0 mean=1.10 median=0 p90=3 p95=3 max=15) root_widths=(count=10 min=4 mean=10.30 median=10 p90=14 p95=15 max=15) widen_event_widths=(count=700 min=3 mean=3.75 median=3 p90=5 p95=8 max=15) admitted_policy_ranks=(count=1776 min=1 mean=1.91 median=2 p90=3 p95=3 max=3)
[MCTS DISTRIBUTION] final_width_counts=(0=1074,3=466,4=51,5=9,7=1,8=3,9=1,10=1,11=1,12=1,13=1,14=2,15=1) node_visit_bins=(0=973,1=101,2=20,3-4=41,5-8=60,9-16=112,17-32=128,33-64=148,65-128=17,129+=12) selection_depth_bins=(0=14,1=12,2=12,3-4=33,5-8=78,9-16=172,17-32=215,33-64=139,65-128=25)
[MCTS WIDTH BY DEPTH] depth=0 count=699 min=3 mean=9.72 median=10 p90=14 p95=14 max=15
[MCTS WIDTH COUNTS BY DEPTH] depth=0 counts=(3=45,4=26,5=30,6=41,7=42,8=53,9=60,10=67,11=72,12=80,13=86,14=92,15=5)
[MCTS WIDTH BY DEPTH] depth=1 count=685 min=3 mean=9.64 median=10 p90=14 p95=14 max=14
[MCTS WIDTH COUNTS BY DEPTH] depth=1 counts=(3=44,4=27,5=30,6=41,7=41,8=53,9=60,10=67,11=72,12=80,13=86,14=84)
[MCTS WIDTH BY DEPTH] depth=2 count=673 min=3 mean=8.67 median=9 p90=13 p95=13 max=14
[MCTS WIDTH COUNTS BY DEPTH] depth=2 counts=(3=74,4=33,5=30,6=41,7=52,8=75,9=60,10=67,11=72,12=80,13=86,14=3)
[MCTS WIDTH BY DEPTH] depth=3-4 count=1301 min=3 mean=7.17 median=7 p90=11 p95=12 max=13
[MCTS WIDTH COUNTS BY DEPTH] depth=3-4 counts=(3=292,4=74,5=75,6=96,7=143,8=120,9=120,10=134,11=144,12=93,13=10)
[MCTS WIDTH BY DEPTH] depth=5-9 count=2895 min=3 mean=4.39 median=3 p90=8 p95=9 max=11
[MCTS WIDTH COUNTS BY DEPTH] depth=5-9 counts=(3=1667,4=278,5=218,6=224,7=173,8=141,9=113,10=71,11=10)
[MCTS WIDTH BY DEPTH] depth=10-19 count=4131 min=3 mean=3.12 median=3 p90=4 p95=4 max=5
[MCTS WIDTH COUNTS BY DEPTH] depth=10-19 counts=(3=3706,4=358,5=67)
[MCTS WIDTH BY DEPTH] depth=20-49 count=4766 min=3 mean=3.03 median=3 p90=3 p95=3 max=5
[MCTS WIDTH COUNTS BY DEPTH] depth=20-49 counts=(3=4618,4=134,5=14)
[MCTS WIDTH BY DEPTH] depth=50-99 count=895 min=3 mean=3.00 median=3 p90=3 p95=3 max=3
[MCTS WIDTH COUNTS BY DEPTH] depth=50-99 counts=(3=895)
[MCTS DEPTH SUMMARY] selection_depths=(count=700 min=0 mean=22.69 median=18 p90=49 p95=59 max=87) horizon_cutoffs=(count=0)
[MCTS ACTION SUMMARY] selected_raw_policy_ranks=(count=10 min=1 mean=1.00 median=1 p90=1 p95=1 max=1) known_goal_decisions=0 infeasible_known_goal_decisions=0
[MCTS TIME SUMMARY] selection=0.631750s expansion=212.063138s successor_generation=80.407409s network_inference=128.493850s evaluation=30.805113s backpropagation=0.097465s
[2026-09-14 18:32:43,308] [INFO] [enhspwrapper.py:224] Deleted temp file: /tmp/domain_heuristic_8ydzsl3f.pddl
[2026-09-14 18:32:43,308] [INFO] [enhspwrapper.py:224] Deleted temp file: /tmp/instance_heuristic_q6xsf2k2.pddl
[2026-09-14 18:32:43,308] [WARNING] [enhspwrapper.py:226] Failed to delete temp file /tmp/domain_heuristic_8ydzsl3f.pddl: [Errno 2] No such file or directory: '/tmp/domain_heuristic_8ydzsl3f.pddl'
[2026-09-14 18:32:43,309] [WARNING] [enhspwrapper.py:226] Failed to delete temp file /tmp/instance_heuristic_q6xsf2k2.pddl: [Errno 2] No such file or directory: '/tmp/instance_heuristic_q6xsf2k2.pddl'
[EVAL INSTANCE] completed number=16 path=../problems/numeric/mprime/instances/pfile24.pddl status=success elapsed=305.72s success=1.0 steps=10
[EVAL][PLAN] EASY       | pfile24.pddl | steps=10 | plan=['drink melon cherry', 'drink pepper tofu', 'drink potato apple', 'feast curiosity muffin apple', 'overcome anger-12 curiosity apple', 'feast curiosity apple muffin', 'drink melon apple', 'feast curiosity muffin tofu', 'feast curiosity tofu cherry', 'succumb anger-12 curiosity cherry']
[EVAL INSTANCE] started number=17 path=../problems/numeric/mprime/instances/pfile25.pddl pid=2142528
mdpsim:../problems/numeric/mprime/domain.pddl:3: assuming `:typing' requirement
mdpsim:../problems/numeric/mprime/domain.pddl:15: assuming `:fluents' requirement
[EVAL|Easy|2142528] Setting C/Python/Numpy/TF seeds to 2082152055
Starting [EVAL|Easy|2142528] on instance [16] ../problems/numeric/mprime/instances/pfile25.pddl
Starting to parse mdpsim problem: mprime-x-25
Finished parsing mdpsim problem: mprime-x-25
[EVAL|Easy|2142528] ACTION POLICY INITIALIZED
[EVAL|Easy|2142528] policy_class = ArgmaxGoalChasePathDuplicatePenaltyPolicy
[EVAL|Easy|2142528] distance_threshold = inf
[EVAL|Easy|2142528] duplicate_penalty = 0.0
[EVAL|Easy|2142528] root_visit_tie_break = action_id
[2026-09-14 18:32:59,826] [INFO] [enhspwrapper.py:84] Created temporary domain file: /tmp/domain_heuristic_3zxgmwm_.pddl
[2026-09-14 18:32:59,827] [INFO] [enhspwrapper.py:93] Created temporary instance file: /tmp/instance_heuristic_vxcx77qu.pddl
[2026-09-14 18:33:00,482] [INFO] [enhspwrapper.py:51] Starting the heuristic server with config: hmrp-ha-gbfs
[MCTS SEARCH SUMMARY] progressive_widening=True iterations_per_search=70 search_calls=4 nodes=241 peak_nodes=241 widening_events=149
[MCTS WIDTH SUMMARY] final_widths=(count=241 min=0 mean=1.44 median=0 p90=3 p95=4 max=9) root_widths=(count=4 min=4 mean=7.00 median=7 p90=9 p95=9 max=9) widen_event_widths=(count=149 min=2 mean=3.70 median=3 p90=6 p95=7 max=9) admitted_policy_ranks=(count=347 min=1 mean=1.85 median=2 p90=3 p95=3 max=3)
[MCTS DISTRIBUTION] final_width_counts=(0=140,2=4,3=76,4=11,5=3,6=2,7=2,8=1,9=2) node_visit_bins=(0=117,1=22,2=5,3-4=10,5-8=22,9-16=18,17-32=11,33-64=22,65-128=8,129+=6) selection_depth_bins=(0=8,1=7,2=8,3-4=25,5-8=44,9-16=160,17-32=28)
[MCTS WIDTH BY DEPTH] depth=0 count=279 min=3 mean=6.20 median=6 p90=9 p95=9 max=9
[MCTS WIDTH COUNTS BY DEPTH] depth=0 counts=(3=45,4=26,5=30,6=41,7=42,8=53,9=42)
[MCTS WIDTH BY DEPTH] depth=1 count=271 min=3 mean=6.13 median=6 p90=9 p95=9 max=9
[MCTS WIDTH COUNTS BY DEPTH] depth=1 counts=(3=44,4=27,5=30,6=41,7=41,8=53,9=35)
[MCTS WIDTH BY DEPTH] depth=2 count=263 min=3 mean=5.52 median=6 p90=7 p95=7 max=8
[MCTS WIDTH COUNTS BY DEPTH] depth=2 counts=(3=47,4=27,5=30,6=73,7=73,8=13)
[MCTS WIDTH BY DEPTH] depth=3-4 count=490 min=3 mean=3.95 median=4 p90=6 p95=6 max=6
[MCTS WIDTH COUNTS BY DEPTH] depth=3-4 counts=(3=229,4=113,5=90,6=58)
[MCTS WIDTH BY DEPTH] depth=5-9 count=1002 min=3 mean=3.12 median=3 p90=4 p95=4 max=6
[MCTS WIDTH COUNTS BY DEPTH] depth=5-9 counts=(3=894,4=98,5=6,6=4)
[MCTS WIDTH BY DEPTH] depth=10-19 count=925 min=2 mean=3.13 median=3 p90=4 p95=5 max=6
[MCTS WIDTH COUNTS BY DEPTH] depth=10-19 counts=(2=103,3=670,4=93,5=51,6=8)
[MCTS DEPTH SUMMARY] selection_depths=(count=280 min=0 mean=10.90 median=13 p90=16 p95=17 max=19) horizon_cutoffs=(count=0)
[MCTS ACTION SUMMARY] selected_raw_policy_ranks=(count=4 min=1 mean=1.00 median=1 p90=1 p95=1 max=1) known_goal_decisions=0 infeasible_known_goal_decisions=0
[MCTS TIME SUMMARY] selection=0.128014s expansion=10.155924s successor_generation=0.341780s network_inference=9.751301s evaluation=1.451514s backpropagation=0.017274s
[2026-09-14 18:33:07,166] [INFO] [enhspwrapper.py:224] Deleted temp file: /tmp/domain_heuristic_3zxgmwm_.pddl
[2026-09-14 18:33:07,166] [INFO] [enhspwrapper.py:224] Deleted temp file: /tmp/instance_heuristic_vxcx77qu.pddl
[2026-09-14 18:33:07,166] [WARNING] [enhspwrapper.py:226] Failed to delete temp file /tmp/domain_heuristic_3zxgmwm_.pddl: [Errno 2] No such file or directory: '/tmp/domain_heuristic_3zxgmwm_.pddl'
[2026-09-14 18:33:07,166] [WARNING] [enhspwrapper.py:226] Failed to delete temp file /tmp/instance_heuristic_vxcx77qu.pddl: [Errno 2] No such file or directory: '/tmp/instance_heuristic_vxcx77qu.pddl'
[EVAL INSTANCE] completed number=17 path=../problems/numeric/mprime/instances/pfile25.pddl status=success elapsed=23.31s success=1.0 steps=4
[EVAL][PLAN] EASY       | pfile25.pddl | steps=4 | plan=['feast expectation tuna wurst', 'overcome depression expectation wurst', 'feast expectation wurst chicken', 'succumb depression expectation chicken']
[EVAL INSTANCE] started number=18 path=../problems/numeric/mprime/instances/pfile26.pddl pid=2142960
mdpsim:../problems/numeric/mprime/domain.pddl:3: assuming `:typing' requirement
mdpsim:../problems/numeric/mprime/domain.pddl:15: assuming `:fluents' requirement
[EVAL|Easy|2142960] Setting C/Python/Numpy/TF seeds to 2082152056
Starting [EVAL|Easy|2142960] on instance [17] ../problems/numeric/mprime/instances/pfile26.pddl
Starting to parse mdpsim problem: mprime-x-26
Finished parsing mdpsim problem: mprime-x-26
[EVAL|Easy|2142960] ACTION POLICY INITIALIZED
[EVAL|Easy|2142960] policy_class = ArgmaxGoalChasePathDuplicatePenaltyPolicy
[EVAL|Easy|2142960] distance_threshold = inf
[EVAL|Easy|2142960] duplicate_penalty = 0.0
[EVAL|Easy|2142960] root_visit_tie_break = action_id
[2026-09-14 18:33:39,098] [INFO] [enhspwrapper.py:84] Created temporary domain file: /tmp/domain_heuristic_6ry3_2m3.pddl
[2026-09-14 18:33:39,098] [INFO] [enhspwrapper.py:93] Created temporary instance file: /tmp/instance_heuristic_sjoc3omo.pddl
[2026-09-14 18:33:40,284] [INFO] [enhspwrapper.py:51] Starting the heuristic server with config: hmrp-ha-gbfs
[MCTS SEARCH SUMMARY] progressive_widening=True iterations_per_search=70 search_calls=7 nodes=1092 peak_nodes=1092 widening_events=473
[MCTS WIDTH SUMMARY] final_widths=(count=1092 min=0 mean=1.16 median=0 p90=3 p95=3 max=12) root_widths=(count=7 min=4 mean=8.71 median=9 p90=12 p95=12 max=12) widen_event_widths=(count=473 min=2 mean=3.49 median=3 p90=4 p95=7 max=12) admitted_policy_ranks=(count=1271 min=1 mean=1.94 median=2 p90=3 p95=3 max=3)
[MCTS DISTRIBUTION] final_width_counts=(0=692,2=2,3=372,4=15,5=3,7=2,8=1,9=1,10=1,11=1,12=2) node_visit_bins=(0=646,1=47,2=8,3-4=23,5-8=49,9-16=106,17-32=119,33-64=82,65-128=4,129+=8) selection_depth_bins=(0=11,1=10,2=11,3-4=26,5-8=70,9-16=135,17-32=120,33-64=107)
[MCTS WIDTH BY DEPTH] depth=0 count=489 min=3 mean=8.16 median=9 p90=12 p95=12 max=12
[MCTS WIDTH COUNTS BY DEPTH] depth=0 counts=(3=45,4=26,5=30,6=41,7=42,8=53,9=60,10=67,11=72,12=53)
[MCTS WIDTH BY DEPTH] depth=1 count=478 min=3 mean=8.09 median=9 p90=11 p95=12 max=12
[MCTS WIDTH COUNTS BY DEPTH] depth=1 counts=(3=44,4=27,5=30,6=41,7=41,8=53,9=60,10=67,11=72,12=43)
[MCTS WIDTH BY DEPTH] depth=2 count=467 min=3 mean=7.19 median=7 p90=10 p95=11 max=11
[MCTS WIDTH COUNTS BY DEPTH] depth=2 counts=(3=59,4=27,5=30,6=54,7=80,8=53,9=60,10=67,11=37)
[MCTS WIDTH BY DEPTH] depth=3-4 count=895 min=3 mean=5.32 median=5 p90=9 p95=9 max=10
[MCTS WIDTH COUNTS BY DEPTH] depth=3-4 counts=(3=323,4=86,5=90,6=106,7=87,8=101,9=74,10=28)
[MCTS WIDTH BY DEPTH] depth=5-9 count=1917 min=3 mean=3.35 median=3 p90=4 p95=5 max=7
[MCTS WIDTH COUNTS BY DEPTH] depth=5-9 counts=(3=1548,4=198,5=81,6=54,7=36)
[MCTS WIDTH BY DEPTH] depth=10-19 count=2541 min=3 mean=3.04 median=3 p90=3 p95=3 max=5
[MCTS WIDTH COUNTS BY DEPTH] depth=10-19 counts=(3=2455,4=81,5=5)
[MCTS WIDTH BY DEPTH] depth=20-49 count=2972 min=2 mean=3.00 median=3 p90=3 p95=3 max=3
[MCTS WIDTH COUNTS BY DEPTH] depth=20-49 counts=(2=5,3=2967)
[MCTS WIDTH BY DEPTH] depth=50-99 count=81 min=2 mean=2.85 median=3 p90=3 p95=3 max=3
[MCTS WIDTH COUNTS BY DEPTH] depth=50-99 counts=(2=12,3=69)
[MCTS DEPTH SUMMARY] selection_depths=(count=490 min=0 mean=19.90 median=15 p90=45 p95=50 max=59) horizon_cutoffs=(count=0)
[MCTS ACTION SUMMARY] selected_raw_policy_ranks=(count=7 min=1 mean=1.00 median=1 p90=1 p95=1 max=1) known_goal_decisions=0 infeasible_known_goal_decisions=0
[MCTS TIME SUMMARY] selection=0.338245s expansion=41.768292s successor_generation=10.121298s network_inference=31.295059s evaluation=4.935063s backpropagation=0.051822s
[2026-09-14 18:34:13,421] [INFO] [enhspwrapper.py:224] Deleted temp file: /tmp/domain_heuristic_6ry3_2m3.pddl
[2026-09-14 18:34:13,421] [INFO] [enhspwrapper.py:224] Deleted temp file: /tmp/instance_heuristic_sjoc3omo.pddl
[2026-09-14 18:34:13,421] [WARNING] [enhspwrapper.py:226] Failed to delete temp file /tmp/domain_heuristic_6ry3_2m3.pddl: [Errno 2] No such file or directory: '/tmp/domain_heuristic_6ry3_2m3.pddl'
[2026-09-14 18:34:13,421] [WARNING] [enhspwrapper.py:226] Failed to delete temp file /tmp/instance_heuristic_sjoc3omo.pddl: [Errno 2] No such file or directory: '/tmp/instance_heuristic_sjoc3omo.pddl'
[EVAL INSTANCE] completed number=18 path=../problems/numeric/mprime/instances/pfile26.pddl status=success elapsed=66.40s success=1.0 steps=7
[EVAL][PLAN] EASY       | pfile26.pddl | steps=7 | plan=['overcome boils entertainment haroset', 'drink hamburger marzipan', 'feast entertainment haroset rice', 'feast entertainment rice pistachio', 'feast entertainment pistachio turkey', 'feast entertainment turkey papaya', 'succumb boils entertainment papaya']
[EVAL INSTANCE] started number=19 path=../problems/numeric/mprime/instances/pfile27.pddl pid=2143617
mdpsim:../problems/numeric/mprime/domain.pddl:3: assuming `:typing' requirement
mdpsim:../problems/numeric/mprime/domain.pddl:15: assuming `:fluents' requirement
[EVAL|Easy|2143617] Setting C/Python/Numpy/TF seeds to 2082152057
Starting [EVAL|Easy|2143617] on instance [18] ../problems/numeric/mprime/instances/pfile27.pddl
Starting to parse mdpsim problem: mprime-x-27
Finished parsing mdpsim problem: mprime-x-27
[EVAL|Easy|2143617] ACTION POLICY INITIALIZED
[EVAL|Easy|2143617] policy_class = ArgmaxGoalChasePathDuplicatePenaltyPolicy
[EVAL|Easy|2143617] distance_threshold = inf
[EVAL|Easy|2143617] duplicate_penalty = 0.0
[EVAL|Easy|2143617] root_visit_tie_break = action_id
[2026-09-14 18:34:34,142] [INFO] [enhspwrapper.py:84] Created temporary domain file: /tmp/domain_heuristic__cqc6t7e.pddl
[2026-09-14 18:34:34,142] [INFO] [enhspwrapper.py:93] Created temporary instance file: /tmp/instance_heuristic_azcqntzl.pddl
[2026-09-14 18:34:34,964] [INFO] [enhspwrapper.py:51] Starting the heuristic server with config: hmrp-ha-gbfs
[MCTS SEARCH SUMMARY] progressive_widening=True iterations_per_search=70 search_calls=5 nodes=641 peak_nodes=641 widening_events=342
[MCTS WIDTH SUMMARY] final_widths=(count=641 min=0 mean=1.20 median=0 p90=3 p95=4 max=10) root_widths=(count=5 min=4 mean=7.60 median=8 p90=10 p95=10 max=10) widen_event_widths=(count=342 min=3 mean=4.12 median=3 p90=7 p95=8 max=10) admitted_policy_ranks=(count=768 min=1 mean=1.83 median=2 p90=3 p95=3 max=3)
[MCTS DISTRIBUTION] final_width_counts=(0=428,3=176,4=12,5=5,6=2,7=3,8=6,9=4,10=5) node_visit_bins=(0=325,1=105,2=24,3-4=35,5-8=24,9-16=27,17-32=39,33-64=34,65-128=10,129+=18) selection_depth_bins=(0=9,1=8,2=9,3-4=18,5-8=46,9-16=89,17-32=92,33-64=73,65-128=6)
[MCTS WIDTH BY DEPTH] depth=0 count=349 min=3 mean=6.91 median=7 p90=10 p95=10 max=10
[MCTS WIDTH COUNTS BY DEPTH] depth=0 counts=(3=45,4=26,5=30,6=41,7=42,8=53,9=61,10=51)
[MCTS WIDTH BY DEPTH] depth=1 count=340 min=3 mean=6.78 median=7 p90=9 p95=10 max=10
[MCTS WIDTH COUNTS BY DEPTH] depth=1 counts=(3=44,4=27,5=30,6=41,7=41,8=54,9=81,10=22)
[MCTS WIDTH BY DEPTH] depth=2 count=332 min=3 mean=6.59 median=7 p90=9 p95=9 max=10
[MCTS WIDTH COUNTS BY DEPTH] depth=2 counts=(3=44,4=27,5=30,6=42,7=56,8=59,9=59,10=15)
[MCTS WIDTH BY DEPTH] depth=3-4 count=637 min=3 mean=6.37 median=6 p90=9 p95=10 max=10
[MCTS WIDTH COUNTS BY DEPTH] depth=3-4 counts=(3=96,4=69,5=63,6=98,7=76,8=94,9=103,10=38)
[MCTS WIDTH BY DEPTH] depth=5-9 count=1400 min=3 mean=5.77 median=6 p90=8 p95=9 max=9
[MCTS WIDTH COUNTS BY DEPTH] depth=5-9 counts=(3=305,4=128,5=166,6=206,7=252,8=270,9=73)
[MCTS WIDTH BY DEPTH] depth=10-19 count=1949 min=3 mean=4.46 median=4 p90=7 p95=7 max=8
[MCTS WIDTH COUNTS BY DEPTH] depth=10-19 counts=(3=761,4=362,5=323,6=251,7=180,8=72)
[MCTS WIDTH BY DEPTH] depth=20-49 count=2327 min=3 mean=3.06 median=3 p90=3 p95=4 max=5
[MCTS WIDTH COUNTS BY DEPTH] depth=20-49 counts=(3=2190,4=128,5=9)
[MCTS WIDTH BY DEPTH] depth=50-99 count=347 min=3 mean=3.00 median=3 p90=3 p95=3 max=3
[MCTS WIDTH COUNTS BY DEPTH] depth=50-99 counts=(3=347)
[MCTS DEPTH SUMMARY] selection_depths=(count=350 min=0 mean=21.55 median=16 p90=51 p95=59 max=72) horizon_cutoffs=(count=0)
[MCTS ACTION SUMMARY] selected_raw_policy_ranks=(count=5 min=1 mean=1.00 median=1 p90=1 p95=1 max=1) known_goal_decisions=0 infeasible_known_goal_decisions=0
[MCTS TIME SUMMARY] selection=0.267372s expansion=19.502016s successor_generation=2.983652s network_inference=16.365806s evaluation=4.197548s backpropagation=0.035926s
[2026-09-14 18:34:50,469] [INFO] [enhspwrapper.py:224] Deleted temp file: /tmp/domain_heuristic__cqc6t7e.pddl
[2026-09-14 18:34:50,469] [INFO] [enhspwrapper.py:224] Deleted temp file: /tmp/instance_heuristic_azcqntzl.pddl
[2026-09-14 18:34:50,469] [WARNING] [enhspwrapper.py:226] Failed to delete temp file /tmp/domain_heuristic__cqc6t7e.pddl: [Errno 2] No such file or directory: '/tmp/domain_heuristic__cqc6t7e.pddl'
[2026-09-14 18:34:50,469] [WARNING] [enhspwrapper.py:226] Failed to delete temp file /tmp/instance_heuristic_azcqntzl.pddl: [Errno 2] No such file or directory: '/tmp/instance_heuristic_azcqntzl.pddl'
[EVAL INSTANCE] completed number=19 path=../problems/numeric/mprime/instances/pfile27.pddl status=success elapsed=36.86s success=1.0 steps=5
[EVAL][PLAN] EASY       | pfile27.pddl | steps=5 | plan=['overcome boils satisfaction scallion', 'overcome grief satisfaction scallion', 'feast satisfaction scallion guava', 'succumb boils satisfaction guava', 'succumb grief satisfaction guava']
[EVAL INSTANCE] started number=20 path=../problems/numeric/mprime/instances/pfile28.pddl pid=2143949
mdpsim:../problems/numeric/mprime/domain.pddl:3: assuming `:typing' requirement
mdpsim:../problems/numeric/mprime/domain.pddl:15: assuming `:fluents' requirement
[EVAL|Easy|2143949] Setting C/Python/Numpy/TF seeds to 2082152058
Starting [EVAL|Easy|2143949] on instance [19] ../problems/numeric/mprime/instances/pfile28.pddl
Starting to parse mdpsim problem: mprime-x-28
Finished parsing mdpsim problem: mprime-x-28
[EVAL|Easy|2143949] ACTION POLICY INITIALIZED
[EVAL|Easy|2143949] policy_class = ArgmaxGoalChasePathDuplicatePenaltyPolicy
[EVAL|Easy|2143949] distance_threshold = inf
[EVAL|Easy|2143949] duplicate_penalty = 0.0
[EVAL|Easy|2143949] root_visit_tie_break = action_id
[2026-09-14 18:35:05,075] [INFO] [enhspwrapper.py:84] Created temporary domain file: /tmp/domain_heuristic_s8ermxpw.pddl
[2026-09-14 18:35:05,075] [INFO] [enhspwrapper.py:93] Created temporary instance file: /tmp/instance_heuristic_wxugsjqy.pddl
[2026-09-14 18:35:05,721] [INFO] [enhspwrapper.py:51] Starting the heuristic server with config: hmrp-ha-gbfs
[MCTS SEARCH SUMMARY] progressive_widening=True iterations_per_search=70 search_calls=21 nodes=698 peak_nodes=698 widening_events=820
[MCTS WIDTH SUMMARY] final_widths=(count=698 min=0 mean=1.94 median=0 p90=6 p95=8 max=20) root_widths=(count=21 min=4 mean=14.14 median=15 p90=19 p95=20 max=20) widen_event_widths=(count=820 min=1 mean=6.29 median=5 p90=12 p95=15 max=20) admitted_policy_ranks=(count=1352 min=1 mean=1.59 median=1 p90=3 p95=3 max=3)
[MCTS DISTRIBUTION] final_width_counts=(0=430,1=1,2=2,3=156,4=21,5=16,6=18,7=9,8=12,9=6,10=4,11=3,12=3,13=2,14=2,15=1,16=3,17=2,18=2,19=2,20=3) node_visit_bins=(0=204,1=219,2=17,3-4=37,5-8=24,9-16=25,17-32=36,33-64=40,65-128=38,129+=58) selection_depth_bins=(0=21,1=24,2=27,3-4=58,5-8=119,9-16=277,17-32=823,33-64=121)
[MCTS WIDTH BY DEPTH] depth=0 count=1469 min=3 mean=13.71 median=15 p90=19 p95=20 max=20
[MCTS WIDTH COUNTS BY DEPTH] depth=0 counts=(3=45,4=26,5=30,6=42,7=42,8=53,9=60,10=67,11=72,12=103,13=93,14=96,15=104,16=115,17=127,18=154,19=142,20=98)
[MCTS WIDTH BY DEPTH] depth=1 count=1447 min=3 mean=13.61 median=14 p90=19 p95=19 max=20
[MCTS WIDTH COUNTS BY DEPTH] depth=1 counts=(3=44,4=27,5=30,6=41,7=41,8=53,9=60,10=67,11=82,12=94,13=95,14=92,15=113,16=105,17=134,18=149,19=148,20=72)
[MCTS WIDTH BY DEPTH] depth=2 count=1417 min=3 mean=12.67 median=14 p90=18 p95=19 max=19
[MCTS WIDTH COUNTS BY DEPTH] depth=2 counts=(3=67,4=40,5=69,6=49,7=41,8=53,9=60,10=68,11=71,12=90,13=86,14=92,15=113,16=119,17=146,18=135,19=118)
[MCTS WIDTH BY DEPTH] depth=3-4 count=2748 min=3 mean=11.59 median=13 p90=17 p95=18 max=19
[MCTS WIDTH COUNTS BY DEPTH] depth=3-4 counts=(3=220,4=83,5=138,6=140,7=104,8=109,9=120,10=135,11=163,12=160,13=187,14=208,15=224,16=259,17=246,18=219,19=33)
[MCTS WIDTH BY DEPTH] depth=5-9 count=6368 min=3 mean=9.64 median=10 p90=15 p95=16 max=17
[MCTS WIDTH COUNTS BY DEPTH] depth=5-9 counts=(3=740,4=355,5=346,6=331,7=332,8=464,9=430,10=436,11=446,12=496,13=512,14=526,15=514,16=297,17=143)
[MCTS WIDTH BY DEPTH] depth=10-19 count=10307 min=3 mean=6.46 median=6 p90=11 p95=12 max=15
[MCTS WIDTH COUNTS BY DEPTH] depth=10-19 counts=(3=2193,4=1077,5=1098,6=1271,7=1156,8=1000,9=762,10=669,11=450,12=317,13=206,14=92,15=16)
[MCTS WIDTH BY DEPTH] depth=20-49 count=6506 min=1 mean=4.07 median=3 p90=6 p95=7 max=12
[MCTS WIDTH COUNTS BY DEPTH] depth=20-49 counts=(1=59,2=94,3=3539,4=841,5=638,6=839,7=230,8=112,9=64,10=56,11=33,12=1)
[MCTS DEPTH SUMMARY] selection_depths=(count=1470 min=0 mean=19.77 median=21 p90=32 p95=34 max=40) horizon_cutoffs=(count=0)
[MCTS ACTION SUMMARY] selected_raw_policy_ranks=(count=21 min=1 mean=1.10 median=1 p90=1 p95=2 max=2) known_goal_decisions=0 infeasible_known_goal_decisions=0
[MCTS TIME SUMMARY] selection=1.476557s expansion=14.091126s successor_generation=1.733978s network_inference=12.087523s evaluation=3.096270s backpropagation=0.129214s
[2026-09-14 18:35:19,130] [INFO] [enhspwrapper.py:224] Deleted temp file: /tmp/domain_heuristic_s8ermxpw.pddl
[2026-09-14 18:35:19,130] [INFO] [enhspwrapper.py:224] Deleted temp file: /tmp/instance_heuristic_wxugsjqy.pddl
[2026-09-14 18:35:19,131] [WARNING] [enhspwrapper.py:226] Failed to delete temp file /tmp/domain_heuristic_s8ermxpw.pddl: [Errno 2] No such file or directory: '/tmp/domain_heuristic_s8ermxpw.pddl'
[2026-09-14 18:35:19,131] [WARNING] [enhspwrapper.py:226] Failed to delete temp file /tmp/instance_heuristic_wxugsjqy.pddl: [Errno 2] No such file or directory: '/tmp/instance_heuristic_wxugsjqy.pddl'
[EVAL INSTANCE] completed number=20 path=../problems/numeric/mprime/instances/pfile28.pddl status=success elapsed=28.59s success=1.0 steps=21
[EVAL][PLAN] EASY       | pfile28.pddl | steps=21 | plan=['feast intoxication wurst lamb', 'drink broccoli wurst', 'feast intoxication lamb broccoli', 'overcome boils intoxication broccoli', 'feast intoxication broccoli lamb', 'succumb boils intoxication lamb', 'feast intoxication lamb broccoli', 'feast intoxication broccoli lamb', 'feast intoxication lamb broccoli', 'feast intoxication broccoli lamb', 'feast intoxication lamb broccoli', 'feast intoxication broccoli lamb', 'feast intoxication lamb broccoli', 'feast intoxication broccoli lamb', 'drink shrimp broccoli', 'feast intoxication lamb broccoli', 'feast intoxication broccoli muffin', 'overcome anger intoxication muffin', 'feast intoxication muffin wurst', 'feast intoxication wurst lamb', 'succumb anger intoxication lamb']
[EVAL INSTANCE] timeout number=6 path=../problems/numeric/mprime/instances/pfile13.pddl limit=21600.0s
[EVAL INSTANCE] timeout number=10 path=../problems/numeric/mprime/instances/pfile18.pddl limit=21600.0s

[EVAL FINAL] success=18.0/20=0.900
[EVAL] EASY       | success=0.900 | instances= 20 | avg_len_success=13.33 | avg_len_fail=-2.00

[EVAL] SUCCESSFUL PLAN SUMMARY
[EVAL][PLAN SUMMARY] EASY       | pfile01.pddl | steps=5 | plan=['overcome abrasion rest pork', 'feast rest pork lamb', 'feast rest lamb flounder', 'feast rest flounder rice', 'succumb abrasion rest rice']
[EVAL][PLAN SUMMARY] EASY       | pfile02.pddl | steps=8 | plan=['overcome grief-7 entertainment ham', 'feast satiety onion beef', 'feast entertainment ham muffin', 'overcome depression-1 entertainment muffin', 'feast entertainment muffin tuna', 'feast entertainment tuna beef', 'succumb grief-7 entertainment beef', 'succumb depression-1 entertainment beef']
[EVAL][PLAN SUMMARY] EASY       | pfile04.pddl | steps=9 | plan=['feast aesthetics shrimp cherry', 'feast aesthetics cherry arugula', 'feast aesthetics arugula wurst', 'drink bacon wurst', 'feast aesthetics wurst grapefruit', 'overcome sciatica aesthetics grapefruit', 'drink scallop grapefruit', 'feast aesthetics grapefruit wurst', 'succumb sciatica aesthetics wurst']
[EVAL][PLAN SUMMARY] EASY       | pfile05.pddl | steps=11 | plan=['overcome grief satisfaction broccoli', 'feast satisfaction broccoli chocolate', 'feast satisfaction chocolate shrimp', 'succumb grief satisfaction shrimp', 'drink turkey sweetroll', 'feast lubricity sweetroll scallop', 'overcome loneliness lubricity scallop', 'drink broccoli scallop', 'feast lubricity scallop cherry', 'feast lubricity cherry shrimp', 'succumb loneliness lubricity shrimp']
[EVAL][PLAN SUMMARY] EASY       | pfile09.pddl | steps=10 | plan=['overcome jealousy excitement guava', 'overcome sciatica entertainment flounder', 'feast entertainment flounder hamburger', 'succumb sciatica entertainment hamburger', 'feast curiosity hotdog wurst', 'feast excitement guava apple', 'feast excitement apple hotdog', 'drink guava hotdog', 'feast excitement hotdog wurst', 'succumb jealousy excitement wurst']
[EVAL][PLAN SUMMARY] EASY       | pfile14.pddl | steps=16 | plan=['drink hotdog mutton', 'feast triumph pea potato', 'feast love mutton pistachio', 'overcome anxiety-25 love pistachio', 'overcome prostatitis-23 love pistachio', 'feast love pistachio lettuce', 'drink hotdog pistachio', 'feast love lettuce scallop', 'feast love scallop lemon', 'drink baguette mutton', 'feast love lemon scallop', 'feast love scallop scallion', 'feast love scallion shrimp', 'feast love shrimp potato', 'succumb anxiety-25 love potato', 'succumb prostatitis-23 love potato']
[EVAL][PLAN SUMMARY] EASY       | pfile15.pddl | steps=27 | plan=['overcome jealousy satisfaction pistachio', 'drink cod onion', 'feast understanding cod chicken', 'feast satisfaction pistachio okra', 'feast satisfaction okra pistachio', 'feast satisfaction pistachio okra', 'drink chicken pistachio', 'feast satisfaction okra pistachio', 'drink cod okra', 'feast satisfaction pistachio okra', 'drink ham pistachio', 'feast satisfaction okra cucumber', 'feast curiosity turkey cantelope', 'feast curiosity cantelope chicken', 'drink chicken turkey', 'succumb jealousy satisfaction cucumber', 'overcome jealousy aesthetics cucumber', 'feast empathy onion ham', 'feast expectation lamb chicken', 'drink cod okra', 'feast aesthetics cucumber okra', 'feast aesthetics okra pistachio', 'feast aesthetics pistachio broccoli', 'feast aesthetics broccoli lemon', 'feast aesthetics lemon cod', 'feast aesthetics cod chicken', 'succumb jealousy aesthetics chicken']
[EVAL][PLAN SUMMARY] EASY       | pfile16.pddl | steps=6 | plan=['overcome abrasion learning baguette', 'overcome sciatica learning baguette', 'drink chocolate baguette', 'feast learning baguette rice', 'succumb abrasion learning rice', 'succumb sciatica learning rice']
[EVAL][PLAN SUMMARY] EASY       | pfile19.pddl | steps=28 | plan=['feast lubricity lemon beef', 'overcome abrasion lubricity beef', 'drink ham wonderbread', 'feast love haroset lobster', 'drink lamb haroset', 'drink ham onion', 'feast lubricity beef marzipan', 'feast lubricity marzipan tofu', 'feast lubricity tofu onion', 'feast aesthetics bacon lobster', 'drink lamb bacon', 'feast lubricity onion snickers', 'feast lubricity snickers onion', 'drink flounder onion', 'drink ham snickers', 'feast lubricity onion snickers', 'feast lubricity snickers onion', 'drink lamb onion', 'drink marzipan snickers', 'feast achievement wonderbread bacon', 'feast achievement bacon lobster', 'feast lubricity onion snickers', 'feast lubricity snickers wonderbread', 'drink flounder wonderbread', 'feast lubricity wonderbread bacon', 'drink ham bacon', 'feast lubricity bacon lobster', 'succumb abrasion lubricity lobster']
[EVAL][PLAN SUMMARY] EASY       | pfile20.pddl | steps=27 | plan=['overcome abrasion intoxication wonderbread', 'drink pepper rice', 'drink scallion rice', 'overcome dread triumph yogurt', 'overcome laceration achievement cherry', 'feast achievement cherry pepper', 'succumb laceration achievement pepper', 'succumb abrasion intoxication wonderbread', 'feast love mutton wonderbread', 'overcome abrasion love wonderbread', 'drink potato mutton', 'feast understanding marzipan cherry', 'feast understanding cherry pepper', 'feast love wonderbread mutton', 'feast love mutton pork', 'feast love pork cod', 'drink pepper pork', 'succumb abrasion love cod', 'overcome abrasion curiosity cod', 'feast curiosity cod tuna', 'succumb abrasion curiosity tuna', 'feast love cod tuna', 'overcome abrasion love tuna', 'feast love tuna turkey', 'feast love turkey cherry', 'feast love cherry pepper', 'succumb abrasion love pepper']
[EVAL][PLAN SUMMARY] EASY       | pfile21.pddl | steps=6 | plan=['feast love flounder wurst', 'overcome sciatica love wurst', 'drink marzipan wurst', 'feast love wurst snickers', 'feast love snickers apple', 'succumb sciatica love apple']
[EVAL][PLAN SUMMARY] EASY       | pfile22.pddl | steps=18 | plan=['overcome hangover understanding ham', 'drink marzipan muffin', 'drink wurst guava', 'feast satisfaction pepper lamb', 'feast learning shrimp lamb', 'feast intoxication cantelope lamb', 'feast rest pea lamb', 'feast understanding ham guava', 'drink bacon ham', 'feast understanding guava chicken', 'drink marzipan guava', 'feast understanding chicken cherry', 'drink bacon cherry', 'feast understanding cherry hamburger', 'feast understanding hamburger kale', 'feast understanding kale pepper', 'feast understanding pepper lamb', 'succumb hangover understanding lamb']
[EVAL][PLAN SUMMARY] EASY       | pfile23.pddl | steps=22 | plan=['feast intoxication onion apple', 'overcome laceration intoxication apple', 'drink chicken hotdog', 'feast intoxication apple pistachio', 'feast satisfaction lamb hotdog', 'feast satisfaction hotdog chicken', 'drink scallop hotdog', 'drink ham onion', 'feast intoxication pistachio onion', 'feast intoxication onion pistachio', 'feast intoxication pistachio scallop', 'feast intoxication scallop pistachio', 'feast intoxication pistachio scallop', 'feast intoxication scallop pistachio', 'feast intoxication pistachio scallop', 'drink ham pistachio', 'feast intoxication scallop ham', 'feast intoxication ham papaya', 'feast intoxication papaya lamb', 'feast intoxication lamb hotdog', 'feast intoxication hotdog chicken', 'succumb laceration intoxication chicken']
[EVAL][PLAN SUMMARY] EASY       | pfile24.pddl | steps=10 | plan=['drink melon cherry', 'drink pepper tofu', 'drink potato apple', 'feast curiosity muffin apple', 'overcome anger-12 curiosity apple', 'feast curiosity apple muffin', 'drink melon apple', 'feast curiosity muffin tofu', 'feast curiosity tofu cherry', 'succumb anger-12 curiosity cherry']
[EVAL][PLAN SUMMARY] EASY       | pfile25.pddl | steps=4 | plan=['feast expectation tuna wurst', 'overcome depression expectation wurst', 'feast expectation wurst chicken', 'succumb depression expectation chicken']
[EVAL][PLAN SUMMARY] EASY       | pfile26.pddl | steps=7 | plan=['overcome boils entertainment haroset', 'drink hamburger marzipan', 'feast entertainment haroset rice', 'feast entertainment rice pistachio', 'feast entertainment pistachio turkey', 'feast entertainment turkey papaya', 'succumb boils entertainment papaya']
[EVAL][PLAN SUMMARY] EASY       | pfile27.pddl | steps=5 | plan=['overcome boils satisfaction scallion', 'overcome grief satisfaction scallion', 'feast satisfaction scallion guava', 'succumb boils satisfaction guava', 'succumb grief satisfaction guava']
[EVAL][PLAN SUMMARY] EASY       | pfile28.pddl | steps=21 | plan=['feast intoxication wurst lamb', 'drink broccoli wurst', 'feast intoxication lamb broccoli', 'overcome boils intoxication broccoli', 'feast intoxication broccoli lamb', 'succumb boils intoxication lamb', 'feast intoxication lamb broccoli', 'feast intoxication broccoli lamb', 'feast intoxication lamb broccoli', 'feast intoxication broccoli lamb', 'feast intoxication lamb broccoli', 'feast intoxication broccoli lamb', 'feast intoxication lamb broccoli', 'feast intoxication broccoli lamb', 'drink shrimp broccoli', 'feast intoxication lamb broccoli', 'feast intoxication broccoli muffin', 'overcome anger intoxication muffin', 'feast intoxication muffin wurst', 'feast intoxication wurst lamb', 'succumb anger intoxication lamb']

[EVAL] OVERALL success=0.900
spec:  
=== SpawnExploreSpec ===

  [ CORE ]
    domain_type                              : numeric
    pddls                                    : ('../problems/numeric/mprime/domain.pddl', '../problems/numeric/mprime/instances/pfile01.pddl')
    difficulty                               : Easy
    trainer_seed                             : 2082152039
    slot_id                                  : 0
    num_slots                                : 20

  [ PLANNER / TEACHER ]
    teacher_planner                          : enhsp
    teacher_timeout_s                        : 1
    use_teacher_envelope                     : False
    enhsp_config                             : hmrp-ha-gbfs
    max_len                                  : 10000

  [ HEURISTICS ]
    ssipp_dg_heuristic                       : None
    fd_heuristic                             : astar-hadd
    ssipp_teacher_heuristic                  : lm-cut
    use_lm_cuts                              : False
    use_numeric_landmarks                    : False
    use_contributions                        : False

  [ MCTS & EXPLORATION ]
    mcts_iterations                          : 70
    mcts_expansion_k                         : 20
    mcts_exploration_weight                  : 0.1
    mcts_progressive_widening                : True
    mcts_pw_min_width                        : 3
    mcts_pw_c                                : 0.6
    mcts_pw_alpha                            : 0.5
    mcts_root_visit_tie_break                : action_id
    mcts_her_strategy                        : False
    sample_k_additional_states               : 0

  [ ESTIMATOR & DECAY ]
    estimator_h_to_v_coeff                   : 1.0
    use_estimator                            : 0.5
    estimator_decay_coeff_start              : 1.0
    estimator_decay_coeff_end                : 0.2
    estimator_decay_epochs                   : 0

  [ ACTION POLICY ]
    action_policy                            : argmax
    action_policy_epsilon                    : 0.0
    action_policy_temperature                : None
    action_policy_decay_rate                 : None
    action_policy_duplicate_penalty          : 0.0

  [ MISC / TRAINING ]
    use_fluents                              : True
    use_comps                                : False
    fixed_instance_pddl                      : False
    original_training_set                    : False
    freeze_train_steps                       : 50
    freeze_batch_size                        : 32

  [ OTHER ]
    use_act_history                          : True
    only_one_good_action                     : False
    heuristic_bootstrapping                  : False
    goal_path_reconstruction                 : None
    ENHSP_plan_bootstrap                     : True
    est_plan_z                               : False
    timeout                                  : 86400
    puct_debug                               : False
    action_debug                             : False
    use_estimator_decay                      : False
    action_policy_goal_chase_distance_threshold : -1
    evaluation_mode                          : True
    evaluation_index                         : 1
    mcts_enforce_remaining_horizon           : False
    mcts_terminal_safe_action_selection      : False
    mcts_context_diagnostics                 : False
    mcts_contextual_nodes                    : False
    mcts_context_witness_limit               : 128

Inference success rate: 0.9, took: 23034.74110198021s
Importing architecture from experiments_numeric.architecture_2.mprime_mcts
Importing problem from experiments_numeric.domain.mprime
Resuming from checkpoint "/home/hersco/bershco-nu-asnets/numeric-asnets/asnets/experiment-results/experiments_numeric.domain.mprime_validation_ipc_scale_v1-experiments_numeric.architecture_2.mprime-2026-08-27T10:43:39.769362/P[domain,pfile01,pfile02,pfile04,pfile05]-S[0.003,50,enhsp-hmrp-ha-gbfs]-MO[]-T[518400]-04915077-faf7d6/snapshots/snapshot_5_0.750"
Using experiment dir "/home/hersco/bershco-nu-asnets/numeric-asnets/asnets/experiment-results/experiments_numeric.domain.mprime_validation_ipc_scale_v1-experiments_numeric.architecture_2.mprime-2026-08-27T10:43:39.769362"






Testing network
Running command line "/home/hersco/bershco-nu-asnets/numeric-asnets/venv-asnets/bin/python3 -u -m asnets.scripts.run_asnets --no-train --minimal-file-saves --resume-from /home/hersco/bershco-nu-asnets/numeric-asnets/asnets/experiment-results/experiments_numeric.domain.mprime_validation_ipc_scale_v1-experiments_numeric.architecture_2.mprime-2026-08-27T10:43:39.769362/P[domain,pfile01,pfile02,pfile04,pfile05]-S[0.003,50,enhsp-hmrp-ha-gbfs]-MO[]-T[518400]-04915077-faf7d6/snapshots/snapshot_5_0.750 -e /home/hersco/bershco-nu-asnets/numeric-asnets/asnets/experiment-results/experiments_numeric.domain.mprime_validation_ipc_scale_v1-experiments_numeric.architecture_2.mprime-2026-08-27T10:43:39.769362 --jpddl-max-heap 4g --eval-with-mcts --eval-scheduling rolling --eval-instance-timeout 21600.0 --eval-completion-file /home/hersco/training_new_domains/2026-09-13/mprime_phase_b_a_stage1_pw70/on/2082152039/full/completion/mprime-s1-phase-b-a-on-2082152039-e0005-pw70-k3.jsonl --det-eval --no-use-lm-cuts --use-act-history --no-use-teacher-envelope --max-opt-epochs 1000 --teacher-timeout-s 1 --use-fluents --enhsp-config hmrp-ha-gbfs --limit-train-obs-size 1200 --exploration-algorithm mcts --rollouts 2 --min-explored 10 --max-explored 1000 --exploration-learning-ratio 10 --max-replay-size 150000 --action-policy argmax --action-policy-epsilon 0.0 --domain-type numeric --num-layers 2 --hidden-size 15 --l2-reg 0.005 --l1-reg 0.0 --mse 0.5 -R 1 -L 10000 -t 518400 --supervised-lr 0.003 --supervised-bs 50 --supervised-early-stop 20 --save-every 1 --opt-batch-per-epoch 60 --teacher-planner enhsp --sup-objective MCTS_VISIT_DIST -L 10000 --seed 2082152039 --mcts-expansion-size 20 --mcts-heuristic hadd-gbfs --mcts-exploration-weight 0.1 --mcts-progressive-widening --mcts-pw-min-width 3 --mcts-pw-c 0.6 --mcts-pw-alpha 0.5 --num-workers 3 --mcts-iterations 70 --use-estimator 0.5 ../problems/numeric/mprime/domain.pddl ../problems/numeric/mprime/instances/pfile01.pddl ../problems/numeric/mprime/instances/pfile02.pddl ../problems/numeric/mprime/instances/pfile04.pddl ../problems/numeric/mprime/instances/pfile05.pddl ../problems/numeric/mprime/instances/pfile09.pddl ../problems/numeric/mprime/instances/pfile13.pddl ../problems/numeric/mprime/instances/pfile14.pddl ../problems/numeric/mprime/instances/pfile15.pddl ../problems/numeric/mprime/instances/pfile16.pddl ../problems/numeric/mprime/instances/pfile18.pddl ../problems/numeric/mprime/instances/pfile19.pddl ../problems/numeric/mprime/instances/pfile20.pddl ../problems/numeric/mprime/instances/pfile21.pddl ../problems/numeric/mprime/instances/pfile22.pddl ../problems/numeric/mprime/instances/pfile23.pddl ../problems/numeric/mprime/instances/pfile24.pddl ../problems/numeric/mprime/instances/pfile25.pddl ../problems/numeric/mprime/instances/pfile26.pddl ../problems/numeric/mprime/instances/pfile27.pddl ../problems/numeric/mprime/instances/pfile28.pddl --validation-pddls-easy ../problems/numeric/mprime/valid_easy/pfile0.pddl ../problems/numeric/mprime/valid_easy/pfile1.pddl ../problems/numeric/mprime/valid_easy/pfile2.pddl ../problems/numeric/mprime/valid_easy/pfile3.pddl ../problems/numeric/mprime/valid_easy/pfile4.pddl ../problems/numeric/mprime/valid_easy/pfile5.pddl ../problems/numeric/mprime/valid_easy/pfile6.pddl ../problems/numeric/mprime/valid_easy/pfile7.pddl ../problems/numeric/mprime/valid_easy/pfile8.pddl ../problems/numeric/mprime/valid_easy/pfile9.pddl --validation-pddls-medium ../problems/numeric/mprime/valid_medium/pfile0.pddl ../problems/numeric/mprime/valid_medium/pfile1.pddl ../problems/numeric/mprime/valid_medium/pfile2.pddl ../problems/numeric/mprime/valid_medium/pfile3.pddl ../problems/numeric/mprime/valid_medium/pfile4.pddl ../problems/numeric/mprime/valid_medium/pfile5.pddl ../problems/numeric/mprime/valid_medium/pfile6.pddl ../problems/numeric/mprime/valid_medium/pfile7.pddl ../problems/numeric/mprime/valid_medium/pfile8.pddl ../problems/numeric/mprime/valid_medium/pfile9.pddl --validation-pddls-hard ../problems/numeric/mprime/valid_hard/pfile0.pddl ../problems/numeric/mprime/valid_hard/pfile1.pddl ../problems/numeric/mprime/valid_hard/pfile2.pddl ../problems/numeric/mprime/valid_hard/pfile3.pddl ../problems/numeric/mprime/valid_hard/pfile4.pddl ../problems/numeric/mprime/valid_hard/pfile5.pddl ../problems/numeric/mprime/valid_hard/pfile6.pddl ../problems/numeric/mprime/valid_hard/pfile7.pddl ../problems/numeric/mprime/valid_hard/pfile8.pddl ../problems/numeric/mprime/valid_hard/pfile9.pddl"
Will write results to /home/hersco/bershco-nu-asnets/numeric-asnets/asnets/experiment-results/experiments_numeric.domain.mprime_validation_ipc_scale_v1-experiments_numeric.architecture_2.mprime-2026-08-27T10:43:39.769362/runs/f9b1effae322f9a3db5d0fb2ff99a0d2
Force-killing a process
Process exited with code -15: tee /home/hersco/bershco-nu-asnets/numeric-asnets/asnets/experiment-results/experiments_numeric.domain.mprime_validation_ipc_scale_v1-experiments_numeric.architecture_2.mprime-2026-08-27T10:43:39.769362/runs/f9b1effae322f9a3db5d0fb2ff99a0d2/stdout
Force-killing a process
Process exited with code -15: tee /home/hersco/bershco-nu-asnets/numeric-asnets/asnets/experiment-results/experiments_numeric.domain.mprime_validation_ipc_scale_v1-experiments_numeric.architecture_2.mprime-2026-08-27T10:43:39.769362/runs/f9b1effae322f9a3db5d0fb2ff99a0d2/stderr
Fin :-)
[VAL] Starting validation guardrail
[VAL] Log       : /home/hersco/training_new_domains/2026-09-13/mprime_phase_b_a_stage1_pw70/on/2082152039/full/attempts/21259755_r0.txt
[VAL] Domain    : mprime
[VAL] Validator : /home/hersco/tools/VAL/build/bin/Validate
[VAL] Domain module : /home/hersco/bershco-nu-asnets/numeric-asnets-mprime-pw-9fe4f9e6/asnets/experiments_numeric/domain/mprime.py
[VAL] PDDL dir      : /home/hersco/bershco-nu-asnets/numeric-asnets-mprime-pw-9fe4f9e6/problems/numeric/mprime
[VAL] COMMON_PDDLS  : /home/hersco/bershco-nu-asnets/numeric-asnets-mprime-pw-9fe4f9e6/problems/numeric/mprime/domain.pddl
[VAL] Evaluator successes : 18
[VAL] Evaluator total     : 20
[VAL] Plan records found  : 18
[VAL] Unique instances    : 18
[VAL] OK   pfile01.pddl (1 candidate plan(s))
[VAL] OK   pfile04.pddl (1 candidate plan(s))
[VAL] OK   pfile02.pddl (1 candidate plan(s))
[VAL] OK   pfile05.pddl (1 candidate plan(s))
[VAL] OK   pfile09.pddl (1 candidate plan(s))
[VAL] OK   pfile15.pddl (1 candidate plan(s))
[VAL] OK   pfile16.pddl (1 candidate plan(s))
[VAL] OK   pfile14.pddl (1 candidate plan(s))
[VAL] OK   pfile19.pddl (1 candidate plan(s))
[VAL] OK   pfile20.pddl (1 candidate plan(s))
[VAL] OK   pfile21.pddl (1 candidate plan(s))
[VAL] OK   pfile22.pddl (1 candidate plan(s))
[VAL] OK   pfile23.pddl (1 candidate plan(s))
[VAL] OK   pfile24.pddl (1 candidate plan(s))
[VAL] OK   pfile25.pddl (1 candidate plan(s))
[VAL] OK   pfile26.pddl (1 candidate plan(s))
[VAL] OK   pfile27.pddl (1 candidate plan(s))
[VAL] OK   pfile28.pddl (1 candidate plan(s))
[VAL] Summary CSV        : /home/hersco/training_new_domains/2026-09-13/mprime_phase_b_a_stage1_pw70/on/2082152039/full/validation/21259755_r0.val.csv

[VAL] ===== VALIDATION SUMMARY =====
[VAL] Evaluator successes : 18
[VAL] Printed plan records: 18
[VAL] Printed instances   : 18
[VAL] VAL-valid plans     : 18
[VAL] VAL-invalid plans   : 0
[VAL] =================================
[VAL] Retry-aware partial validation successful: all unique printed successful instances pass VAL
