------------------------------------
Mon 14 Sep 2026 15:31:10 IDT
SLURM_JOBID:		21259752
SLURM_JOB_NODELIST:	ise-cpu256-26
SLURM_SCRATCH_DIR:	/scratch/hersco/21259752
Allocated Resouces:	cpu - 6 / mem - 122880 MB / gpu - 
SLURM_GPU_INDEX:	
Running as hersco from shperbsh account with normal QOS
------------------------------------
[MPRIME S1 PBA PW70] identity=mprime-s1-phase-b-a-off-1239739722-e0007-pw70-k3 vh=off seed=1239739722 epoch=7 smoke=no
[MPRIME S1 PBA PW70] width=20 simulations=70 Kmin=3 c=.6 alpha=.5 puct=.1 estimator=.5 terminal_safe=false
[MPRIME S1 PBA PW70] checkpoint=/home/hersco/bershco-nu-asnets/numeric-asnets/asnets/experiment-results/experiments_numeric.domain.mprime_validation_ipc_scale_v1-experiments_numeric.architecture_2.mprime-2026-08-27T10:22:13.145394/P[domain,pfile01,pfile02,pfile04,pfile05]-S[0.003,50,enhsp-hmrp-ha-gbfs]-MO[]-T[518400]-04915056-7d9a779/snapshots/snapshot_7_0.750 commit=9fe4f9e695ed290cc370dd5c5b877c276578525c
2026-09-14 15:32:16.607443: E tensorflow/compiler/xla/stream_executor/cuda/cuda_dnn.cc:9342] Unable to register cuDNN factory: Attempting to register factory for plugin cuDNN when one has already been registered
2026-09-14 15:32:16.607508: E tensorflow/compiler/xla/stream_executor/cuda/cuda_fft.cc:609] Unable to register cuFFT factory: Attempting to register factory for plugin cuFFT when one has already been registered
2026-09-14 15:32:16.612822: E tensorflow/compiler/xla/stream_executor/cuda/cuda_blas.cc:1518] Unable to register cuBLAS factory: Attempting to register factory for plugin cuBLAS when one has already been registered
2026-09-14 15:32:16.918520: I tensorflow/core/platform/cpu_feature_guard.cc:182] This TensorFlow binary is optimized to use available CPU instructions in performance-critical operations.
To enable the following instructions: AVX2 FMA, in other operations, rebuild TensorFlow with the appropriate compiler flags.
[JPDDL] Maximum heap per worker: 4g
[2026-09-14 15:32:21,647] [INFO] [run_asnets.py:1491] Arguments are: Namespace(problems=None, domain_type=numeric, opt_patience=10, max_opt_epochs=1000, supervised_lr=0.003, lr_steps=[], supervised_bs=50, ssipp_teacher_heuristic='lm-cut', fd_teacher_heuristic='astar-hadd', enhsp_config='hmrp-ha-gbfs', supervised_early_stop=20, save_every=1, seed=1239739722, optimizer_opts={}, resume_from='/home/hersco/bershco-nu-asnets/numeric-asnets/asnets/experiment-results/experiments_numeric.domain.mprime_validation_ipc_scale_v1-experiments_numeric.architecture_2.mprime-2026-08-27T10:22:13.145394/P[domain,pfile01,pfile02,pfile04,pfile05]-S[0.003,50,enhsp-hmrp-ha-gbfs]-MO[]-T[518400]-04915056-7d9a779/snapshots/snapshot_7_0.750', timeout=518400.0, model_opts={}, skip=True, num_layers=2, hidden_size=15, dropout=0.0, sup_objective=<SupervisedObjective.MCTS_VISIT_DIST: 3>, use_teacher_envelope=False, det_eval=True, ssipp_dg_heuristic=None, minimal_file_saves=True, use_lm_cuts=False, use_numeric_landmarks=False, use_contributions=False, use_act_history=True, save_training_set=None, use_saved_training_set=None, rounds_eval=1, limit_turns=10000, expt_dir='/home/hersco/bershco-nu-asnets/numeric-asnets/asnets/experiment-results/experiments_numeric.domain.mprime_validation_ipc_scale_v1-experiments_numeric.architecture_2.mprime-2026-08-27T10:22:13.145394', dK='dk', no_train=True, l1_reg=0.0, l2_reg=0.005, l1_l2_reg=0.0, mse=0.5, policy_anchor_kl_coeff=0.0, policy_anchor_kl_mode='constant', policy_anchor_kl_target=None, teacher_planner='enhsp', opt_batch_per_epoch=60, exploration_algorithm='mcts', eval_with_mcts=True, eval_mcts_enforce_remaining_horizon=False, eval_mcts_terminal_safe_action_selection=False, eval_mcts_root_visit_tie_break='action_id', eval_mcts_context_diagnostics=False, eval_mcts_contextual_nodes=False, eval_mcts_context_witness_limit=128, eval_start_wave=1, eval_scheduling='rolling', skip_instance_numbers=(), eval_instance_timeout=21600.0, eval_completion_file='/home/hersco/training_new_domains/2026-09-13/mprime_phase_b_a_stage1_pw70/off/1239739722/full/completion/mprime-s1-phase-b-a-off-1239739722-e0007-pw70-k3.jsonl', jpddl_max_heap='4g', action_debug=False, puct_debug=False, rollouts=2, min_explored=10, max_explored=1000, exploration_learning_ratio=10.0, max_replay_size=150000, teacher_timeout_s=1, plan_file_name='plan_sas', limit_train_obs_size='1200', use_fluents=True, use_comparisons=False, pddls=['../problems/numeric/mprime/domain.pddl', '../problems/numeric/mprime/instances/pfile01.pddl', '../problems/numeric/mprime/instances/pfile02.pddl', '../problems/numeric/mprime/instances/pfile04.pddl', '../problems/numeric/mprime/instances/pfile05.pddl', '../problems/numeric/mprime/instances/pfile09.pddl', '../problems/numeric/mprime/instances/pfile13.pddl', '../problems/numeric/mprime/instances/pfile14.pddl', '../problems/numeric/mprime/instances/pfile15.pddl', '../problems/numeric/mprime/instances/pfile16.pddl', '../problems/numeric/mprime/instances/pfile18.pddl', '../problems/numeric/mprime/instances/pfile19.pddl', '../problems/numeric/mprime/instances/pfile20.pddl', '../problems/numeric/mprime/instances/pfile21.pddl', '../problems/numeric/mprime/instances/pfile22.pddl', '../problems/numeric/mprime/instances/pfile23.pddl', '../problems/numeric/mprime/instances/pfile24.pddl', '../problems/numeric/mprime/instances/pfile25.pddl', '../problems/numeric/mprime/instances/pfile26.pddl', '../problems/numeric/mprime/instances/pfile27.pddl', '../problems/numeric/mprime/instances/pfile28.pddl'], mcts_rollout_horizon=3, graceful_timeout=86400, mcts_expansion_size=20, no_eval=False, mcts_heuristic='hadd-gbfs', minimization=False, mcts_exploration_weight=0.1, mcts_progressive_widening=True, mcts_pw_min_width=3, mcts_pw_c=0.6, mcts_pw_alpha=0.5, disable_value_head=True, mcts_iterations=70, heuristic_bootstrapping=False, mcts_her_strategy=False, num_workers=3, slurm_job_id=0, worker_logs=False, corrupt_pi=None, corrupt_z=None, fixed_instance=False, original_training_set=False, sample_k_additional_states=0, profile_dir=None, profile_sample_epochs=(0, 5, 25, 100), profile_sample_every=200, freeze_train=False, goal_path_reconstruction=None, action_policy='argmax', action_policy_goal_chase_distance_threshold=None, action_policy_epsilon=0.0, action_policy_temperature=None, action_policy_decay_rate=None, action_policy_duplicate_penalty=0.0, estimator_h_to_v_coeff=1.0, use_estimator_decay=False, use_estimator=0.5, estimator_decay_epochs=None, estimator_decay_coeff_start=1.0, estimator_decay_coeff_end=0.2, validation_pddls_easy=['../problems/numeric/mprime/valid_easy/pfile0.pddl', '../problems/numeric/mprime/valid_easy/pfile1.pddl', '../problems/numeric/mprime/valid_easy/pfile2.pddl', '../problems/numeric/mprime/valid_easy/pfile3.pddl', '../problems/numeric/mprime/valid_easy/pfile4.pddl', '../problems/numeric/mprime/valid_easy/pfile5.pddl', '../problems/numeric/mprime/valid_easy/pfile6.pddl', '../problems/numeric/mprime/valid_easy/pfile7.pddl', '../problems/numeric/mprime/valid_easy/pfile8.pddl', '../problems/numeric/mprime/valid_easy/pfile9.pddl'], validation_pddls_medium=['../problems/numeric/mprime/valid_medium/pfile0.pddl', '../problems/numeric/mprime/valid_medium/pfile1.pddl', '../problems/numeric/mprime/valid_medium/pfile2.pddl', '../problems/numeric/mprime/valid_medium/pfile3.pddl', '../problems/numeric/mprime/valid_medium/pfile4.pddl', '../problems/numeric/mprime/valid_medium/pfile5.pddl', '../problems/numeric/mprime/valid_medium/pfile6.pddl', '../problems/numeric/mprime/valid_medium/pfile7.pddl', '../problems/numeric/mprime/valid_medium/pfile8.pddl', '../problems/numeric/mprime/valid_medium/pfile9.pddl'], validation_pddls_hard=['../problems/numeric/mprime/valid_hard/pfile0.pddl', '../problems/numeric/mprime/valid_hard/pfile1.pddl', '../problems/numeric/mprime/valid_hard/pfile2.pddl', '../problems/numeric/mprime/valid_hard/pfile3.pddl', '../problems/numeric/mprime/valid_hard/pfile4.pddl', '../problems/numeric/mprime/valid_hard/pfile5.pddl', '../problems/numeric/mprime/valid_hard/pfile6.pddl', '../problems/numeric/mprime/valid_hard/pfile7.pddl', '../problems/numeric/mprime/valid_hard/pfile8.pddl', '../problems/numeric/mprime/valid_hard/pfile9.pddl'], validation_on_test_instances=False)
[3476340] Setting C/Python/Numpy/TF seeds to 1239739722
Unique prefix: P[domain,pfile01,pfile02,pfile04,pfile05,pfile09,...]-S[0.003,50,enhsp-hmrp-ha-gbfs]-MO[]-T[518400]-04941286-7d9a779
Snapshot directory: /home/hersco/bershco-nu-asnets/numeric-asnets/asnets/experiment-results/experiments_numeric.domain.mprime_validation_ipc_scale_v1-experiments_numeric.architecture_2.mprime-2026-08-27T10:22:13.145394/P[domain,pfile01,pfile02,pfile04,pfile05,pfile09,...]-S[0.003,50,enhsp-hmrp-ha-gbfs]-MO[]-T[518400]-04941286-7d9a779/snapshots
Training supervised on random instances (SPAWN, NO RPyC)
Instances: ['../problems/numeric/mprime/domain.pddl', '../problems/numeric/mprime/instances/pfile01.pddl', '../problems/numeric/mprime/instances/pfile02.pddl', '../problems/numeric/mprime/instances/pfile04.pddl', '../problems/numeric/mprime/instances/pfile05.pddl', '../problems/numeric/mprime/instances/pfile09.pddl', '../problems/numeric/mprime/instances/pfile13.pddl', '../problems/numeric/mprime/instances/pfile14.pddl', '../problems/numeric/mprime/instances/pfile15.pddl', '../problems/numeric/mprime/instances/pfile16.pddl', '../problems/numeric/mprime/instances/pfile18.pddl', '../problems/numeric/mprime/instances/pfile19.pddl', '../problems/numeric/mprime/instances/pfile20.pddl', '../problems/numeric/mprime/instances/pfile21.pddl', '../problems/numeric/mprime/instances/pfile22.pddl', '../problems/numeric/mprime/instances/pfile23.pddl', '../problems/numeric/mprime/instances/pfile24.pddl', '../problems/numeric/mprime/instances/pfile25.pddl', '../problems/numeric/mprime/instances/pfile26.pddl', '../problems/numeric/mprime/instances/pfile27.pddl', '../problems/numeric/mprime/instances/pfile28.pddl']
Starting to parse mdpsim problem: mprime-x-1
mdpsim:../problems/numeric/mprime/domain.pddl:3: assuming `:typing' requirement
mdpsim:../problems/numeric/mprime/domain.pddl:15: assuming `:fluents' requirement
Finished parsing mdpsim problem: mprime-x-1
[WM] Successfully loaded previous weight manager from /home/hersco/bershco-nu-asnets/numeric-asnets/asnets/experiment-results/experiments_numeric.domain.mprime_validation_ipc_scale_v1-experiments_numeric.architecture_2.mprime-2026-08-27T10:22:13.145394/P[domain,pfile01,pfile02,pfile04,pfile05]-S[0.003,50,enhsp-hmrp-ha-gbfs]-MO[]-T[518400]-04915056-7d9a779/snapshots/snapshot_7_0.750/weights.joblib
[WM LOAD CHECK] mean/std/norm= 0.03339138254523277 0.24003788828849792 2.098806381225586
[WM LOAD VERIFY] W0 saved mean/std/norm=(0.03339138254523277, 0.24003788828849792, 2.098806381225586)
[2026-09-14 15:32:24,009] [INFO] [run_asnets.py:967] Tensorboard summary path: /home/hersco/bershco-nu-asnets/numeric-asnets/asnets/experiment-results/experiments_numeric.domain.mprime_validation_ipc_scale_v1-experiments_numeric.architecture_2.mprime-2026-08-27T10:22:13.145394/P[domain,pfile01,pfile02,pfile04,pfile05,pfile09,...]-S[0.003,50,enhsp-hmrp-ha-gbfs]-MO[]-T[518400]-04941286-7d9a779/tensorboard
[EVAL INSTANCES] stable ordered test-set positions:
[EVAL INSTANCES] 1: ../problems/numeric/mprime/instances/pfile01.pddl
[EVAL INSTANCES] 2: ../problems/numeric/mprime/instances/pfile02.pddl
[EVAL INSTANCES] 3: ../problems/numeric/mprime/instances/pfile04.pddl
[EVAL INSTANCES] 4: ../problems/numeric/mprime/instances/pfile05.pddl
[EVAL INSTANCES] 5: ../problems/numeric/mprime/instances/pfile09.pddl
[EVAL INSTANCES] 6: ../problems/numeric/mprime/instances/pfile13.pddl
[EVAL INSTANCES] 7: ../problems/numeric/mprime/instances/pfile14.pddl
[EVAL INSTANCES] 8: ../problems/numeric/mprime/instances/pfile15.pddl
[EVAL INSTANCES] 9: ../problems/numeric/mprime/instances/pfile16.pddl
[EVAL INSTANCES] 10: ../problems/numeric/mprime/instances/pfile18.pddl
[EVAL INSTANCES] 11: ../problems/numeric/mprime/instances/pfile19.pddl
[EVAL INSTANCES] 12: ../problems/numeric/mprime/instances/pfile20.pddl
[EVAL INSTANCES] 13: ../problems/numeric/mprime/instances/pfile21.pddl
[EVAL INSTANCES] 14: ../problems/numeric/mprime/instances/pfile22.pddl
[EVAL INSTANCES] 15: ../problems/numeric/mprime/instances/pfile23.pddl
[EVAL INSTANCES] 16: ../problems/numeric/mprime/instances/pfile24.pddl
[EVAL INSTANCES] 17: ../problems/numeric/mprime/instances/pfile25.pddl
[EVAL INSTANCES] 18: ../problems/numeric/mprime/instances/pfile26.pddl
[EVAL INSTANCES] 19: ../problems/numeric/mprime/instances/pfile27.pddl
[EVAL INSTANCES] 20: ../problems/numeric/mprime/instances/pfile28.pddl
[EVAL RESUME] starting wave 1; worker_count=3; instance_offset=0; total_instances=20
[EVAL RESUME] selected instance numbers: [1, 2, 3, 4, 5, 6, 7, 8, 9, 10, 11, 12, 13, 14, 15, 16, 17, 18, 19, 20]
[EVAL] worker_fn=run_worker_eval_mcts
[EVAL] worker_fn=run_worker_eval_mcts
2026-09-14 15:32:24.251805: E tensorflow/compiler/xla/stream_executor/cuda/cuda_dnn.cc:9342] Unable to register cuDNN factory: Attempting to register factory for plugin cuDNN when one has already been registered
2026-09-14 15:32:24.251861: E tensorflow/compiler/xla/stream_executor/cuda/cuda_fft.cc:609] Unable to register cuFFT factory: Attempting to register factory for plugin cuFFT when one has already been registered
2026-09-14 15:32:24.251902: E tensorflow/compiler/xla/stream_executor/cuda/cuda_blas.cc:1518] Unable to register cuBLAS factory: Attempting to register factory for plugin cuBLAS when one has already been registered
[EVAL INSTANCE] started number=1 path=../problems/numeric/mprime/instances/pfile01.pddl pid=3476553
[EVAL INSTANCE] started number=2 path=../problems/numeric/mprime/instances/pfile02.pddl pid=3476556
[EVAL INSTANCE] started number=3 path=../problems/numeric/mprime/instances/pfile04.pddl pid=3476558
mdpsim:../problems/numeric/mprime/domain.pddl:3: assuming `:typing' requirement
mdpsim:../problems/numeric/mprime/domain.pddl:15: assuming `:fluents' requirement
mdpsim:../problems/numeric/mprime/domain.pddl:3: assuming `:typing' requirement
mdpsim:../problems/numeric/mprime/domain.pddl:15: assuming `:fluents' requirement
mdpsim:../problems/numeric/mprime/domain.pddl:3: assuming `:typing' requirement
mdpsim:../problems/numeric/mprime/domain.pddl:15: assuming `:fluents' requirement
[EVAL|Easy|3476553] Setting C/Python/Numpy/TF seeds to 1239739722
Starting [EVAL|Easy|3476553] on instance [0] ../problems/numeric/mprime/instances/pfile01.pddl
Starting to parse mdpsim problem: mprime-x-1
Finished parsing mdpsim problem: mprime-x-1
[EVAL|Easy|3476553] ACTION POLICY INITIALIZED
[EVAL|Easy|3476553] policy_class = ArgmaxGoalChasePathDuplicatePenaltyPolicy
[EVAL|Easy|3476553] distance_threshold = inf
[EVAL|Easy|3476553] duplicate_penalty = 0.0
[EVAL|Easy|3476553] root_visit_tie_break = action_id
[2026-09-14 15:32:36,894] [INFO] [enhspwrapper.py:84] Created temporary domain file: /tmp/domain_heuristic_n690ojdh.pddl
[2026-09-14 15:32:36,894] [INFO] [enhspwrapper.py:93] Created temporary instance file: /tmp/instance_heuristic_jdr14fbx.pddl
[2026-09-14 15:32:37,244] [INFO] [enhspwrapper.py:51] Starting the heuristic server with config: hmrp-ha-gbfs
[EVAL|Easy|3476558] Setting C/Python/Numpy/TF seeds to 1239739724
Starting [EVAL|Easy|3476558] on instance [2] ../problems/numeric/mprime/instances/pfile04.pddl
Starting to parse mdpsim problem: mprime-x-4
Finished parsing mdpsim problem: mprime-x-4
[EVAL|Easy|3476558] ACTION POLICY INITIALIZED
[EVAL|Easy|3476558] policy_class = ArgmaxGoalChasePathDuplicatePenaltyPolicy
[EVAL|Easy|3476558] distance_threshold = inf
[EVAL|Easy|3476558] duplicate_penalty = 0.0
[EVAL|Easy|3476558] root_visit_tie_break = action_id
[2026-09-14 15:32:39,964] [INFO] [enhspwrapper.py:84] Created temporary domain file: /tmp/domain_heuristic__wef6xg5.pddl
[2026-09-14 15:32:39,964] [INFO] [enhspwrapper.py:93] Created temporary instance file: /tmp/instance_heuristic_2ef9vrba.pddl
[2026-09-14 15:32:40,320] [INFO] [enhspwrapper.py:51] Starting the heuristic server with config: hmrp-ha-gbfs
[MCTS SEARCH SUMMARY] progressive_widening=True iterations_per_search=70 search_calls=5 nodes=687 peak_nodes=687 widening_events=320
[MCTS WIDTH SUMMARY] final_widths=(count=687 min=0 mean=1.20 median=0 p90=3 p95=4 max=10) root_widths=(count=5 min=4 mean=7.60 median=8 p90=10 p95=10 max=10) widen_event_widths=(count=320 min=2 mean=3.46 median=3 p90=4 p95=6 max=10) admitted_policy_ranks=(count=824 min=1 mean=1.92 median=2 p90=3 p95=3 max=3)
[MCTS DISTRIBUTION] final_width_counts=(0=434,2=2,3=216,4=24,5=4,6=2,7=1,8=1,9=1,10=2) node_visit_bins=(0=392,1=42,2=17,3-4=28,5-8=35,9-16=35,17-32=41,33-64=81,65-128=10,129+=6) selection_depth_bins=(0=9,1=9,2=10,3-4=23,5-8=43,9-16=70,17-32=127,33-64=59)
[MCTS WIDTH BY DEPTH] depth=0 count=349 min=3 mean=6.90 median=7 p90=10 p95=10 max=10
[MCTS WIDTH COUNTS BY DEPTH] depth=0 counts=(3=45,4=26,5=30,6=42,7=42,8=53,9=60,10=51)
[MCTS WIDTH BY DEPTH] depth=1 count=340 min=3 mean=6.83 median=7 p90=10 p95=10 max=10
[MCTS WIDTH COUNTS BY DEPTH] depth=1 counts=(3=44,4=28,5=30,6=41,7=41,8=53,9=60,10=43)
[MCTS WIDTH BY DEPTH] depth=2 count=330 min=3 mean=5.57 median=5 p90=8 p95=9 max=9
[MCTS WIDTH COUNTS BY DEPTH] depth=2 counts=(3=73,4=56,5=39,6=41,7=41,8=53,9=27)
[MCTS WIDTH BY DEPTH] depth=3-4 count=624 min=3 mean=4.25 median=4 p90=6 p95=7 max=8
[MCTS WIDTH COUNTS BY DEPTH] depth=3-4 counts=(3=271,4=110,5=114,6=82,7=41,8=6)
[MCTS WIDTH BY DEPTH] depth=5-9 count=1338 min=3 mean=3.14 median=3 p90=3 p95=4 max=6
[MCTS WIDTH COUNTS BY DEPTH] depth=5-9 counts=(3=1209,4=81,5=34,6=14)
[MCTS WIDTH BY DEPTH] depth=10-19 count=1981 min=3 mean=3.02 median=3 p90=3 p95=3 max=4
[MCTS WIDTH COUNTS BY DEPTH] depth=10-19 counts=(3=1935,4=46)
[MCTS WIDTH BY DEPTH] depth=20-49 count=1833 min=2 mean=3.06 median=3 p90=3 p95=4 max=5
[MCTS WIDTH COUNTS BY DEPTH] depth=20-49 counts=(2=30,3=1677,4=121,5=5)
[MCTS DEPTH SUMMARY] selection_depths=(count=350 min=0 mean=19.14 median=18 p90=42 p95=45 max=47) horizon_cutoffs=(count=0)
[MCTS ACTION SUMMARY] selected_raw_policy_ranks=(count=5 min=1 mean=1.00 median=1 p90=1 p95=1 max=1) known_goal_decisions=0 infeasible_known_goal_decisions=0
[MCTS TIME SUMMARY] selection=0.224866s expansion=9.105709s successor_generation=0.748679s network_inference=8.269514s evaluation=0.925353s backpropagation=0.037613s
[2026-09-14 15:32:44,079] [INFO] [enhspwrapper.py:224] Deleted temp file: /tmp/domain_heuristic_n690ojdh.pddl
[2026-09-14 15:32:44,079] [INFO] [enhspwrapper.py:224] Deleted temp file: /tmp/instance_heuristic_jdr14fbx.pddl
[2026-09-14 15:32:44,079] [WARNING] [enhspwrapper.py:226] Failed to delete temp file /tmp/domain_heuristic_n690ojdh.pddl: [Errno 2] No such file or directory: '/tmp/domain_heuristic_n690ojdh.pddl'
[2026-09-14 15:32:44,079] [WARNING] [enhspwrapper.py:226] Failed to delete temp file /tmp/instance_heuristic_jdr14fbx.pddl: [Errno 2] No such file or directory: '/tmp/instance_heuristic_jdr14fbx.pddl'
[EVAL INSTANCE] completed number=1 path=../problems/numeric/mprime/instances/pfile01.pddl status=success elapsed=17.55s success=1.0 steps=5
[EVAL][PLAN] EASY       | pfile01.pddl | steps=5 | plan=['overcome abrasion rest pork', 'feast rest pork lamb', 'feast rest lamb flounder', 'feast rest flounder rice', 'succumb abrasion rest rice']
[EVAL INSTANCE] started number=4 path=../problems/numeric/mprime/instances/pfile05.pddl pid=3477104
mdpsim:../problems/numeric/mprime/domain.pddl:3: assuming `:typing' requirement
mdpsim:../problems/numeric/mprime/domain.pddl:15: assuming `:fluents' requirement
[MCTS SEARCH SUMMARY] progressive_widening=True iterations_per_search=70 search_calls=9 nodes=1044 peak_nodes=1044 widening_events=504
[MCTS WIDTH SUMMARY] final_widths=(count=1044 min=0 mean=1.15 median=0 p90=3 p95=4 max=14) root_widths=(count=9 min=4 mean=9.78 median=10 p90=14 p95=14 max=14) widen_event_widths=(count=504 min=1 mean=3.94 median=3 p90=7 p95=9 max=14) admitted_policy_ranks=(count=1201 min=1 mean=1.87 median=2 p90=3 p95=3 max=3)
[MCTS DISTRIBUTION] final_width_counts=(0=693,1=2,2=1,3=287,4=32,5=17,7=2,8=2,9=1,10=2,11=1,12=1,13=1,14=2) node_visit_bins=(0=584,1=107,2=31,3-4=30,5-8=37,9-16=56,17-32=61,33-64=102,65-128=24,129+=12) selection_depth_bins=(0=13,1=13,2=14,3-4=35,5-8=80,9-16=144,17-32=218,33-64=113)
[MCTS WIDTH BY DEPTH] depth=0 count=629 min=3 mean=9.21 median=10 p90=13 p95=13 max=14
[MCTS WIDTH COUNTS BY DEPTH] depth=0 counts=(3=45,4=27,5=30,6=42,7=41,8=53,9=60,10=67,11=72,12=84,13=86,14=22)
[MCTS WIDTH BY DEPTH] depth=1 count=615 min=3 mean=9.12 median=10 p90=13 p95=13 max=14
[MCTS WIDTH COUNTS BY DEPTH] depth=1 counts=(3=44,4=27,5=30,6=41,7=41,8=53,9=60,10=67,11=76,12=80,13=86,14=10)
[MCTS WIDTH BY DEPTH] depth=2 count=601 min=3 mean=8.32 median=9 p90=12 p95=12 max=13
[MCTS WIDTH COUNTS BY DEPTH] depth=2 counts=(3=73,4=27,5=30,6=41,7=41,8=53,9=73,10=95,11=72,12=80,13=16)
[MCTS WIDTH BY DEPTH] depth=3-4 count=1152 min=3 mean=6.93 median=7 p90=10 p95=11 max=12
[MCTS WIDTH COUNTS BY DEPTH] depth=3-4 counts=(3=252,4=61,5=60,6=91,7=134,8=151,9=160,10=135,11=90,12=18)
[MCTS WIDTH BY DEPTH] depth=5-9 count=2515 min=3 mean=4.11 median=3 p90=7 p95=8 max=10
[MCTS WIDTH COUNTS BY DEPTH] depth=5-9 counts=(3=1518,4=280,5=208,6=192,7=153,8=94,9=59,10=11)
[MCTS WIDTH BY DEPTH] depth=10-19 count=3594 min=3 mean=3.06 median=3 p90=3 p95=4 max=5
[MCTS WIDTH COUNTS BY DEPTH] depth=10-19 counts=(3=3406,4=159,5=29)
[MCTS WIDTH BY DEPTH] depth=20-49 count=3017 min=1 mean=3.22 median=3 p90=4 p95=5 max=6
[MCTS WIDTH COUNTS BY DEPTH] depth=20-49 counts=(1=23,2=103,3=2305,4=390,5=159,6=37)
[MCTS DEPTH SUMMARY] selection_depths=(count=630 min=0 mean=18.80 median=17 p90=37 p95=38 max=40) horizon_cutoffs=(count=0)
[MCTS ACTION SUMMARY] selected_raw_policy_ranks=(count=9 min=1 mean=1.00 median=1 p90=1 p95=1 max=1) known_goal_decisions=0 infeasible_known_goal_decisions=0
[MCTS TIME SUMMARY] selection=0.355062s expansion=15.190176s successor_generation=2.908480s network_inference=12.112500s evaluation=1.565454s backpropagation=0.055006s
[2026-09-14 15:32:52,084] [INFO] [enhspwrapper.py:224] Deleted temp file: /tmp/domain_heuristic__wef6xg5.pddl
[2026-09-14 15:32:52,084] [INFO] [enhspwrapper.py:224] Deleted temp file: /tmp/instance_heuristic_2ef9vrba.pddl
[2026-09-14 15:32:52,084] [WARNING] [enhspwrapper.py:226] Failed to delete temp file /tmp/domain_heuristic__wef6xg5.pddl: [Errno 2] No such file or directory: '/tmp/domain_heuristic__wef6xg5.pddl'
[2026-09-14 15:32:52,085] [WARNING] [enhspwrapper.py:226] Failed to delete temp file /tmp/instance_heuristic_2ef9vrba.pddl: [Errno 2] No such file or directory: '/tmp/instance_heuristic_2ef9vrba.pddl'
[EVAL INSTANCE] completed number=3 path=../problems/numeric/mprime/instances/pfile04.pddl status=success elapsed=25.57s success=1.0 steps=9
[EVAL][PLAN] EASY       | pfile04.pddl | steps=9 | plan=['feast aesthetics shrimp cherry', 'feast aesthetics cherry arugula', 'feast aesthetics arugula wurst', 'drink bacon wurst', 'feast aesthetics wurst grapefruit', 'overcome sciatica aesthetics grapefruit', 'drink shrimp grapefruit', 'feast aesthetics grapefruit wurst', 'succumb sciatica aesthetics wurst']
[EVAL INSTANCE] started number=5 path=../problems/numeric/mprime/instances/pfile09.pddl pid=3477283
mdpsim:../problems/numeric/mprime/domain.pddl:3: assuming `:typing' requirement
mdpsim:../problems/numeric/mprime/domain.pddl:15: assuming `:fluents' requirement
[EVAL|Easy|3476556] Setting C/Python/Numpy/TF seeds to 1239739723
Starting [EVAL|Easy|3476556] on instance [1] ../problems/numeric/mprime/instances/pfile02.pddl
Starting to parse mdpsim problem: mprime-x-2
Finished parsing mdpsim problem: mprime-x-2
[EVAL|Easy|3476556] ACTION POLICY INITIALIZED
[EVAL|Easy|3476556] policy_class = ArgmaxGoalChasePathDuplicatePenaltyPolicy
[EVAL|Easy|3476556] distance_threshold = inf
[EVAL|Easy|3476556] duplicate_penalty = 0.0
[EVAL|Easy|3476556] root_visit_tie_break = action_id
[2026-09-14 15:32:57,456] [INFO] [enhspwrapper.py:84] Created temporary domain file: /tmp/domain_heuristic_98jsu9gp.pddl
[2026-09-14 15:32:57,456] [INFO] [enhspwrapper.py:93] Created temporary instance file: /tmp/instance_heuristic_0tnqr7k4.pddl
[2026-09-14 15:32:58,017] [INFO] [enhspwrapper.py:51] Starting the heuristic server with config: hmrp-ha-gbfs
[EVAL|Easy|3477104] Setting C/Python/Numpy/TF seeds to 1239739725
Starting [EVAL|Easy|3477104] on instance [3] ../problems/numeric/mprime/instances/pfile05.pddl
Starting to parse mdpsim problem: mprime-x-5
Finished parsing mdpsim problem: mprime-x-5
[EVAL|Easy|3477104] ACTION POLICY INITIALIZED
[EVAL|Easy|3477104] policy_class = ArgmaxGoalChasePathDuplicatePenaltyPolicy
[EVAL|Easy|3477104] distance_threshold = inf
[EVAL|Easy|3477104] duplicate_penalty = 0.0
[EVAL|Easy|3477104] root_visit_tie_break = action_id
[2026-09-14 15:33:11,436] [INFO] [enhspwrapper.py:84] Created temporary domain file: /tmp/domain_heuristic_zn1n3wup.pddl
[2026-09-14 15:33:11,436] [INFO] [enhspwrapper.py:93] Created temporary instance file: /tmp/instance_heuristic_wcgfr1_5.pddl
[2026-09-14 15:33:11,962] [INFO] [enhspwrapper.py:51] Starting the heuristic server with config: hmrp-ha-gbfs
[EVAL|Easy|3477283] Setting C/Python/Numpy/TF seeds to 1239739726
Starting [EVAL|Easy|3477283] on instance [4] ../problems/numeric/mprime/instances/pfile09.pddl
Starting to parse mdpsim problem: mprime-x-9
Finished parsing mdpsim problem: mprime-x-9
[EVAL|Easy|3477283] ACTION POLICY INITIALIZED
[EVAL|Easy|3477283] policy_class = ArgmaxGoalChasePathDuplicatePenaltyPolicy
[EVAL|Easy|3477283] distance_threshold = inf
[EVAL|Easy|3477283] duplicate_penalty = 0.0
[EVAL|Easy|3477283] root_visit_tie_break = action_id
[2026-09-14 15:33:14,385] [INFO] [enhspwrapper.py:84] Created temporary domain file: /tmp/domain_heuristic_ar0z4rsh.pddl
[2026-09-14 15:33:14,386] [INFO] [enhspwrapper.py:93] Created temporary instance file: /tmp/instance_heuristic_xbf9qcsg.pddl
[2026-09-14 15:33:14,988] [INFO] [enhspwrapper.py:51] Starting the heuristic server with config: hmrp-ha-gbfs
[MCTS SEARCH SUMMARY] progressive_widening=True iterations_per_search=70 search_calls=8 nodes=808 peak_nodes=808 widening_events=478
[MCTS WIDTH SUMMARY] final_widths=(count=808 min=0 mean=1.34 median=0 p90=3 p95=4 max=13) root_widths=(count=8 min=4 mean=9.25 median=9 p90=13 p95=13 max=13) widen_event_widths=(count=478 min=3 mean=4.01 median=3 p90=7 p95=8 max=13) admitted_policy_ranks=(count=1084 min=1 mean=1.84 median=2 p90=3 p95=3 max=3)
[MCTS DISTRIBUTION] final_width_counts=(0=505,3=232,4=38,5=10,6=8,7=4,8=3,9=3,10=1,11=1,12=1,13=2) node_visit_bins=(0=405,1=107,2=9,3-4=18,5-8=35,9-16=54,17-32=70,33-64=73,65-128=20,129+=17) selection_depth_bins=(0=12,1=11,2=15,3-4=32,5-8=78,9-16=122,17-32=147,33-64=143)
[MCTS WIDTH BY DEPTH] depth=0 count=559 min=3 mean=8.68 median=9 p90=12 p95=13 max=13
[MCTS WIDTH COUNTS BY DEPTH] depth=0 counts=(3=45,4=26,5=30,6=43,7=42,8=53,9=60,10=68,11=72,12=86,13=34)
[MCTS WIDTH BY DEPTH] depth=1 count=547 min=3 mean=8.59 median=9 p90=12 p95=13 max=13
[MCTS WIDTH COUNTS BY DEPTH] depth=1 counts=(3=44,4=29,5=30,6=41,7=41,8=53,9=61,10=67,11=78,12=74,13=29)
[MCTS WIDTH BY DEPTH] depth=2 count=532 min=3 mean=7.71 median=8 p90=11 p95=12 max=12
[MCTS WIDTH COUNTS BY DEPTH] depth=2 counts=(3=72,4=27,5=30,6=41,7=41,8=87,9=65,10=73,11=66,12=30)
[MCTS WIDTH BY DEPTH] depth=3-4 count=1018 min=3 mean=6.53 median=7 p90=10 p95=10 max=11
[MCTS WIDTH COUNTS BY DEPTH] depth=3-4 counts=(3=174,4=56,5=90,6=154,7=177,8=144,9=120,10=78,11=25)
[MCTS WIDTH BY DEPTH] depth=5-9 count=2214 min=3 mean=4.45 median=4 p90=7 p95=8 max=9
[MCTS WIDTH COUNTS BY DEPTH] depth=5-9 counts=(3=868,4=413,5=388,6=287,7=136,8=112,9=10)
[MCTS WIDTH BY DEPTH] depth=10-19 count=3162 min=3 mean=3.42 median=3 p90=5 p95=6 max=7
[MCTS WIDTH COUNTS BY DEPTH] depth=10-19 counts=(3=2419,4=363,5=214,6=122,7=44)
[MCTS WIDTH BY DEPTH] depth=20-49 count=3508 min=3 mean=3.07 median=3 p90=3 p95=4 max=5
[MCTS WIDTH COUNTS BY DEPTH] depth=20-49 counts=(3=3277,4=215,5=16)
[MCTS DEPTH SUMMARY] selection_depths=(count=560 min=0 mean=20.15 median=17 p90=41 p95=45 max=49) horizon_cutoffs=(count=0)
[MCTS ACTION SUMMARY] selected_raw_policy_ranks=(count=8 min=1 mean=1.00 median=1 p90=1 p95=1 max=1) known_goal_decisions=0 infeasible_known_goal_decisions=0
[MCTS TIME SUMMARY] selection=0.368781s expansion=40.345214s successor_generation=10.520880s network_inference=29.456912s evaluation=8.510847s backpropagation=0.060250s
[2026-09-14 15:33:33,165] [INFO] [enhspwrapper.py:224] Deleted temp file: /tmp/domain_heuristic_98jsu9gp.pddl
[2026-09-14 15:33:33,165] [INFO] [enhspwrapper.py:224] Deleted temp file: /tmp/instance_heuristic_0tnqr7k4.pddl
[2026-09-14 15:33:33,165] [WARNING] [enhspwrapper.py:226] Failed to delete temp file /tmp/domain_heuristic_98jsu9gp.pddl: [Errno 2] No such file or directory: '/tmp/domain_heuristic_98jsu9gp.pddl'
[2026-09-14 15:33:33,165] [WARNING] [enhspwrapper.py:226] Failed to delete temp file /tmp/instance_heuristic_0tnqr7k4.pddl: [Errno 2] No such file or directory: '/tmp/instance_heuristic_0tnqr7k4.pddl'
[EVAL INSTANCE] completed number=2 path=../problems/numeric/mprime/instances/pfile02.pddl status=success elapsed=66.68s success=1.0 steps=8
[EVAL][PLAN] EASY       | pfile02.pddl | steps=8 | plan=['overcome grief-7 entertainment ham', 'feast satiety onion beef', 'feast entertainment ham muffin', 'overcome depression-1 entertainment muffin', 'feast entertainment muffin onion', 'feast entertainment onion beef', 'succumb grief-7 entertainment beef', 'succumb depression-1 entertainment beef']
[EVAL INSTANCE] started number=6 path=../problems/numeric/mprime/instances/pfile13.pddl pid=3477963
mdpsim:../problems/numeric/mprime/domain.pddl:3: assuming `:typing' requirement
mdpsim:../problems/numeric/mprime/domain.pddl:15: assuming `:fluents' requirement
[MCTS SEARCH SUMMARY] progressive_widening=True iterations_per_search=70 search_calls=10 nodes=709 peak_nodes=709 widening_events=492
[MCTS WIDTH SUMMARY] final_widths=(count=709 min=0 mean=1.57 median=0 p90=4 p95=4 max=14) root_widths=(count=10 min=4 mean=10.20 median=10 p90=14 p95=14 max=14) widen_event_widths=(count=492 min=2 mean=4.12 median=3 p90=7 p95=10 max=14) admitted_policy_ranks=(count=1113 min=1 mean=1.84 median=2 p90=3 p95=3 max=3)
[MCTS DISTRIBUTION] final_width_counts=(0=398,2=1,3=235,4=40,5=19,6=4,7=2,8=2,9=1,10=1,11=1,12=1,13=1,14=3) node_visit_bins=(0=299,1=108,2=7,3-4=6,5-8=20,9-16=47,17-32=87,33-64=92,65-128=30,129+=13) selection_depth_bins=(0=13,1=14,2=16,3-4=35,5-8=84,9-16=149,17-32=314,33-64=75)
[MCTS WIDTH BY DEPTH] depth=0 count=699 min=3 mean=9.67 median=10 p90=14 p95=14 max=14
[MCTS WIDTH COUNTS BY DEPTH] depth=0 counts=(3=45,4=27,5=30,6=41,7=41,8=55,9=60,10=68,11=75,12=80,13=87,14=90)
[MCTS WIDTH BY DEPTH] depth=1 count=685 min=3 mean=9.60 median=10 p90=14 p95=14 max=14
[MCTS WIDTH COUNTS BY DEPTH] depth=1 counts=(3=44,4=26,5=30,6=43,7=41,8=53,9=61,10=70,11=72,12=81,13=90,14=74)
[MCTS WIDTH BY DEPTH] depth=2 count=669 min=3 mean=8.73 median=9 p90=13 p95=13 max=13
[MCTS WIDTH COUNTS BY DEPTH] depth=2 counts=(3=52,4=29,5=30,6=53,7=82,8=60,9=63,10=66,11=72,12=80,13=82)
[MCTS WIDTH BY DEPTH] depth=3-4 count=1288 min=3 mean=7.07 median=7 p90=11 p95=12 max=13
[MCTS WIDTH COUNTS BY DEPTH] depth=3-4 counts=(3=229,4=129,5=129,6=117,7=100,8=98,9=119,10=134,11=144,12=86,13=3)
[MCTS WIDTH BY DEPTH] depth=5-9 count=2837 min=3 mean=4.40 median=3 p90=8 p95=9 max=11
[MCTS WIDTH COUNTS BY DEPTH] depth=5-9 counts=(3=1545,4=354,5=253,6=198,7=168,8=141,9=108,10=66,11=4)
[MCTS WIDTH BY DEPTH] depth=10-19 count=4224 min=2 mean=3.18 median=3 p90=4 p95=4 max=6
[MCTS WIDTH COUNTS BY DEPTH] depth=10-19 counts=(2=4,3=3680,4=365,5=140,6=35)
[MCTS WIDTH BY DEPTH] depth=20-49 count=2955 min=2 mean=3.19 median=3 p90=4 p95=4 max=6
[MCTS WIDTH COUNTS BY DEPTH] depth=20-49 counts=(2=23,3=2449,4=371,5=109,6=3)
[MCTS DEPTH SUMMARY] selection_depths=(count=700 min=0 mean=18.53 median=19 p90=33 p95=34 max=41) horizon_cutoffs=(count=0)
[MCTS ACTION SUMMARY] selected_raw_policy_ranks=(count=10 min=1 mean=1.20 median=1 p90=1 p95=3 max=3) known_goal_decisions=0 infeasible_known_goal_decisions=0
[MCTS TIME SUMMARY] selection=0.447506s expansion=31.028334s successor_generation=7.316861s network_inference=23.424131s evaluation=6.276491s backpropagation=0.068356s
[2026-09-14 15:33:42,907] [INFO] [enhspwrapper.py:224] Deleted temp file: /tmp/domain_heuristic_ar0z4rsh.pddl
[2026-09-14 15:33:42,907] [INFO] [enhspwrapper.py:224] Deleted temp file: /tmp/instance_heuristic_xbf9qcsg.pddl
[2026-09-14 15:33:42,907] [WARNING] [enhspwrapper.py:226] Failed to delete temp file /tmp/domain_heuristic_ar0z4rsh.pddl: [Errno 2] No such file or directory: '/tmp/domain_heuristic_ar0z4rsh.pddl'
[2026-09-14 15:33:42,907] [WARNING] [enhspwrapper.py:226] Failed to delete temp file /tmp/instance_heuristic_xbf9qcsg.pddl: [Errno 2] No such file or directory: '/tmp/instance_heuristic_xbf9qcsg.pddl'
[EVAL INSTANCE] completed number=5 path=../problems/numeric/mprime/instances/pfile09.pddl status=success elapsed=50.85s success=1.0 steps=10
[EVAL][PLAN] EASY       | pfile09.pddl | steps=10 | plan=['overcome jealousy excitement guava', 'overcome sciatica entertainment flounder', 'feast entertainment flounder hamburger', 'succumb sciatica entertainment hamburger', 'feast curiosity hotdog wurst', 'feast excitement guava apple', 'feast excitement apple hotdog', 'drink wurst hotdog', 'feast excitement hotdog wurst', 'succumb jealousy excitement wurst']
[EVAL INSTANCE] started number=7 path=../problems/numeric/mprime/instances/pfile14.pddl pid=3478167
mdpsim:../problems/numeric/mprime/domain.pddl:3: assuming `:typing' requirement
mdpsim:../problems/numeric/mprime/domain.pddl:15: assuming `:fluents' requirement
[MCTS SEARCH SUMMARY] progressive_widening=True iterations_per_search=70 search_calls=11 nodes=715 peak_nodes=715 widening_events=573
[MCTS WIDTH SUMMARY] final_widths=(count=715 min=0 mean=1.79 median=0 p90=4 p95=5 max=15) root_widths=(count=11 min=4 mean=10.64 median=11 p90=14 p95=15 max=15) widen_event_widths=(count=573 min=3 mean=4.24 median=3 p90=7 p95=10 max=15) admitted_policy_ranks=(count=1277 min=1 mean=1.83 median=2 p90=3 p95=3 max=3)
[MCTS DISTRIBUTION] final_width_counts=(0=363,3=267,4=45,5=15,6=8,7=5,8=2,9=2,10=1,11=1,12=1,13=1,14=2,15=2) node_visit_bins=(0=248,1=123,2=9,3-4=16,5-8=37,9-16=70,17-32=81,33-64=84,65-128=30,129+=17) selection_depth_bins=(0=14,1=14,2=17,3-4=33,5-8=93,9-16=164,17-32=356,33-64=79)
[MCTS WIDTH BY DEPTH] depth=0 count=769 min=3 mean=10.15 median=11 p90=14 p95=15 max=15
[MCTS WIDTH COUNTS BY DEPTH] depth=0 counts=(3=45,4=26,5=30,6=41,7=42,8=53,9=60,10=72,11=72,12=80,13=88,14=106,15=54)
[MCTS WIDTH BY DEPTH] depth=1 count=755 min=3 mean=10.05 median=11 p90=14 p95=15 max=15
[MCTS WIDTH COUNTS BY DEPTH] depth=1 counts=(3=44,4=27,5=30,6=41,7=41,8=53,9=65,10=67,11=72,12=82,13=95,14=97,15=41)
[MCTS WIDTH BY DEPTH] depth=2 count=737 min=3 mean=9.24 median=9 p90=13 p95=14 max=14
[MCTS WIDTH COUNTS BY DEPTH] depth=2 counts=(3=67,4=27,5=30,6=41,7=41,8=62,9=101,10=67,11=72,12=81,13=96,14=52)
[MCTS WIDTH BY DEPTH] depth=3-4 count=1424 min=3 mean=7.61 median=8 p90=12 p95=12 max=13
[MCTS WIDTH COUNTS BY DEPTH] depth=3-4 counts=(3=287,4=76,5=78,6=109,7=118,8=139,9=120,10=135,11=146,12=157,13=59)
[MCTS WIDTH BY DEPTH] depth=5-9 count=3173 min=3 mean=5.03 median=4 p90=9 p95=10 max=11
[MCTS WIDTH COUNTS BY DEPTH] depth=5-9 counts=(3=1362,4=361,5=291,6=319,7=272,8=217,9=161,10=124,11=66)
[MCTS WIDTH BY DEPTH] depth=10-19 count=4679 min=3 mean=3.51 median=3 p90=5 p95=6 max=7
[MCTS WIDTH COUNTS BY DEPTH] depth=10-19 counts=(3=3341,4=631,5=435,6=193,7=79)
[MCTS WIDTH BY DEPTH] depth=20-49 count=3422 min=3 mean=3.12 median=3 p90=4 p95=4 max=5
[MCTS WIDTH COUNTS BY DEPTH] depth=20-49 counts=(3=3027,4=370,5=25)
[MCTS DEPTH SUMMARY] selection_depths=(count=770 min=0 mean=18.88 median=19 p90=33 p95=35 max=40) horizon_cutoffs=(count=0)
[MCTS ACTION SUMMARY] selected_raw_policy_ranks=(count=11 min=1 mean=1.09 median=1 p90=1 p95=2 max=2) known_goal_decisions=0 infeasible_known_goal_decisions=0
[MCTS TIME SUMMARY] selection=0.535623s expansion=38.392464s successor_generation=10.231783s network_inference=27.785548s evaluation=9.341965s backpropagation=0.080302s
[2026-09-14 15:33:49,328] [INFO] [enhspwrapper.py:224] Deleted temp file: /tmp/domain_heuristic_zn1n3wup.pddl
[2026-09-14 15:33:49,328] [INFO] [enhspwrapper.py:224] Deleted temp file: /tmp/instance_heuristic_wcgfr1_5.pddl
[2026-09-14 15:33:49,329] [WARNING] [enhspwrapper.py:226] Failed to delete temp file /tmp/domain_heuristic_zn1n3wup.pddl: [Errno 2] No such file or directory: '/tmp/domain_heuristic_zn1n3wup.pddl'
[2026-09-14 15:33:49,329] [WARNING] [enhspwrapper.py:226] Failed to delete temp file /tmp/instance_heuristic_wcgfr1_5.pddl: [Errno 2] No such file or directory: '/tmp/instance_heuristic_wcgfr1_5.pddl'
[EVAL INSTANCE] completed number=4 path=../problems/numeric/mprime/instances/pfile05.pddl status=success elapsed=65.42s success=1.0 steps=11
[EVAL][PLAN] EASY       | pfile05.pddl | steps=11 | plan=['overcome grief satisfaction broccoli', 'feast satisfaction broccoli chocolate', 'feast satisfaction chocolate shrimp', 'succumb grief satisfaction shrimp', 'drink shrimp sweetroll', 'feast lubricity sweetroll scallop', 'overcome loneliness lubricity scallop', 'drink turkey scallop', 'feast lubricity scallop cherry', 'feast lubricity cherry shrimp', 'succumb loneliness lubricity shrimp']
[EVAL INSTANCE] started number=8 path=../problems/numeric/mprime/instances/pfile15.pddl pid=3478278
mdpsim:../problems/numeric/mprime/domain.pddl:3: assuming `:typing' requirement
mdpsim:../problems/numeric/mprime/domain.pddl:15: assuming `:fluents' requirement
[EVAL|Easy|3478278] Setting C/Python/Numpy/TF seeds to 1239739729
Starting [EVAL|Easy|3478278] on instance [7] ../problems/numeric/mprime/instances/pfile15.pddl
Starting to parse mdpsim problem: mprime-x-15
Finished parsing mdpsim problem: mprime-x-15
[EVAL|Easy|3478278] ACTION POLICY INITIALIZED
[EVAL|Easy|3478278] policy_class = ArgmaxGoalChasePathDuplicatePenaltyPolicy
[EVAL|Easy|3478278] distance_threshold = inf
[EVAL|Easy|3478278] duplicate_penalty = 0.0
[EVAL|Easy|3478278] root_visit_tie_break = action_id
[2026-09-14 15:35:19,094] [INFO] [enhspwrapper.py:84] Created temporary domain file: /tmp/domain_heuristic_c7y9cfmr.pddl
[2026-09-14 15:35:19,095] [INFO] [enhspwrapper.py:93] Created temporary instance file: /tmp/instance_heuristic_31fj4j06.pddl
[2026-09-14 15:35:20,596] [INFO] [enhspwrapper.py:51] Starting the heuristic server with config: hmrp-ha-gbfs
[MCTS SEARCH SUMMARY] progressive_widening=True iterations_per_search=70 search_calls=7 nodes=744 peak_nodes=744 widening_events=477
[MCTS WIDTH SUMMARY] final_widths=(count=744 min=0 mean=1.51 median=0 p90=3 p95=4 max=12) root_widths=(count=7 min=4 mean=8.71 median=9 p90=12 p95=12 max=12) widen_event_widths=(count=477 min=3 mean=3.82 median=3 p90=6 p95=8 max=12) admitted_policy_ranks=(count=1125 min=1 mean=1.86 median=2 p90=3 p95=3 max=3)
[MCTS DISTRIBUTION] final_width_counts=(0=420,3=259,4=34,5=12,6=5,7=6,8=1,9=3,10=1,11=1,12=2) node_visit_bins=(0=314,1=116,2=30,3-4=51,5-8=39,9-16=57,17-32=45,33-64=52,65-128=26,129+=14) selection_depth_bins=(0=11,1=10,2=15,3-4=39,5-8=76,9-16=114,17-32=130,33-64=93,65-128=2)
[MCTS WIDTH BY DEPTH] depth=0 count=489 min=3 mean=8.04 median=8 p90=11 p95=12 max=12
[MCTS WIDTH COUNTS BY DEPTH] depth=0 counts=(3=45,4=26,5=30,6=48,7=42,8=56,9=59,10=71,11=71,12=41)
[MCTS WIDTH BY DEPTH] depth=1 count=478 min=3 mean=7.88 median=8 p90=11 p95=11 max=12
[MCTS WIDTH COUNTS BY DEPTH] depth=1 counts=(3=44,4=34,5=30,6=44,7=41,8=52,9=64,10=66,11=89,12=14)
[MCTS WIDTH BY DEPTH] depth=2 count=465 min=3 mean=7.33 median=8 p90=10 p95=10 max=11
[MCTS WIDTH COUNTS BY DEPTH] depth=2 counts=(3=50,4=30,5=30,6=40,7=47,8=93,9=84,10=83,11=8)
[MCTS WIDTH BY DEPTH] depth=3-4 count=872 min=3 mean=5.96 median=6 p90=8 p95=9 max=9
[MCTS WIDTH COUNTS BY DEPTH] depth=3-4 counts=(3=120,4=83,5=92,6=225,7=182,8=109,9=61)
[MCTS WIDTH BY DEPTH] depth=5-9 count=1822 min=3 mean=4.09 median=4 p90=6 p95=7 max=9
[MCTS WIDTH COUNTS BY DEPTH] depth=5-9 counts=(3=900,4=317,5=320,6=158,7=88,8=37,9=2)
[MCTS WIDTH BY DEPTH] depth=10-19 count=2531 min=3 mean=3.37 median=3 p90=4 p95=5 max=7
[MCTS WIDTH COUNTS BY DEPTH] depth=10-19 counts=(3=1895,4=421,5=146,6=59,7=10)
[MCTS WIDTH BY DEPTH] depth=20-49 count=2887 min=3 mean=3.14 median=3 p90=4 p95=4 max=6
[MCTS WIDTH COUNTS BY DEPTH] depth=20-49 counts=(3=2566,4=235,5=83,6=3)
[MCTS WIDTH BY DEPTH] depth=50-99 count=144 min=3 mean=3.00 median=3 p90=3 p95=3 max=3
[MCTS WIDTH COUNTS BY DEPTH] depth=50-99 counts=(3=144)
[MCTS DEPTH SUMMARY] selection_depths=(count=490 min=0 mean=19.43 median=15 p90=46 p95=51 max=71) horizon_cutoffs=(count=0)
[MCTS ACTION SUMMARY] selected_raw_policy_ranks=(count=7 min=1 mean=1.43 median=1 p90=2 p95=2 max=2) known_goal_decisions=0 infeasible_known_goal_decisions=0
[MCTS TIME SUMMARY] selection=0.302330s expansion=157.761177s successor_generation=63.337366s network_inference=93.472979s evaluation=71.256211s backpropagation=0.055556s
[2026-09-14 15:38:28,414] [INFO] [enhspwrapper.py:224] Deleted temp file: /tmp/domain_heuristic_c7y9cfmr.pddl
[2026-09-14 15:38:28,414] [INFO] [enhspwrapper.py:224] Deleted temp file: /tmp/instance_heuristic_31fj4j06.pddl
[2026-09-14 15:38:28,414] [WARNING] [enhspwrapper.py:226] Failed to delete temp file /tmp/domain_heuristic_c7y9cfmr.pddl: [Errno 2] No such file or directory: '/tmp/domain_heuristic_c7y9cfmr.pddl'
[2026-09-14 15:38:28,414] [WARNING] [enhspwrapper.py:226] Failed to delete temp file /tmp/instance_heuristic_31fj4j06.pddl: [Errno 2] No such file or directory: '/tmp/instance_heuristic_31fj4j06.pddl'
[EVAL INSTANCE] completed number=8 path=../problems/numeric/mprime/instances/pfile15.pddl status=success elapsed=279.02s success=1.0 steps=7
[EVAL][PLAN] EASY       | pfile15.pddl | steps=7 | plan=['overcome jealousy satisfaction pistachio', 'feast satisfaction pistachio broccoli', 'feast understanding cod chicken', 'feast satisfaction broccoli lemon', 'feast satisfaction lemon cod', 'feast satisfaction cod chicken', 'succumb jealousy satisfaction chicken']
[EVAL INSTANCE] started number=9 path=../problems/numeric/mprime/instances/pfile16.pddl pid=3481759
mdpsim:../problems/numeric/mprime/domain.pddl:3: assuming `:typing' requirement
mdpsim:../problems/numeric/mprime/domain.pddl:15: assuming `:fluents' requirement
[EVAL|Easy|3477963] Setting C/Python/Numpy/TF seeds to 1239739727
Starting [EVAL|Easy|3477963] on instance [5] ../problems/numeric/mprime/instances/pfile13.pddl
Starting to parse mdpsim problem: mprime-x-13
Finished parsing mdpsim problem: mprime-x-13
[EVAL|Easy|3477963] ACTION POLICY INITIALIZED
[EVAL|Easy|3477963] policy_class = ArgmaxGoalChasePathDuplicatePenaltyPolicy
[EVAL|Easy|3477963] distance_threshold = inf
[EVAL|Easy|3477963] duplicate_penalty = 0.0
[EVAL|Easy|3477963] root_visit_tie_break = action_id
[2026-09-14 15:38:40,280] [INFO] [enhspwrapper.py:84] Created temporary domain file: /tmp/domain_heuristic__mcv2_g4.pddl
[2026-09-14 15:38:40,280] [INFO] [enhspwrapper.py:93] Created temporary instance file: /tmp/instance_heuristic_ub0bjax_.pddl
[2026-09-14 15:38:43,298] [INFO] [enhspwrapper.py:51] Starting the heuristic server with config: hmrp-ha-gbfs
[EVAL|Easy|3481759] Setting C/Python/Numpy/TF seeds to 1239739730
Starting [EVAL|Easy|3481759] on instance [8] ../problems/numeric/mprime/instances/pfile16.pddl
Starting to parse mdpsim problem: mprime-x-16
Finished parsing mdpsim problem: mprime-x-16
[EVAL|Easy|3481759] ACTION POLICY INITIALIZED
[EVAL|Easy|3481759] policy_class = ArgmaxGoalChasePathDuplicatePenaltyPolicy
[EVAL|Easy|3481759] distance_threshold = inf
[EVAL|Easy|3481759] duplicate_penalty = 0.0
[EVAL|Easy|3481759] root_visit_tie_break = action_id
[2026-09-14 15:39:02,224] [INFO] [enhspwrapper.py:84] Created temporary domain file: /tmp/domain_heuristic_iap4gf0p.pddl
[2026-09-14 15:39:02,225] [INFO] [enhspwrapper.py:93] Created temporary instance file: /tmp/instance_heuristic_jb25qwiy.pddl
[2026-09-14 15:39:02,852] [INFO] [enhspwrapper.py:51] Starting the heuristic server with config: hmrp-ha-gbfs
[MCTS SEARCH SUMMARY] progressive_widening=True iterations_per_search=70 search_calls=6 nodes=975 peak_nodes=975 widening_events=415
[MCTS WIDTH SUMMARY] final_widths=(count=975 min=0 mean=1.13 median=0 p90=3 p95=3 max=11) root_widths=(count=6 min=4 mean=7.83 median=7 p90=11 p95=11 max=11) widen_event_widths=(count=415 min=2 mean=3.45 median=3 p90=4 p95=6 max=11) admitted_policy_ranks=(count=1106 min=1 mean=1.94 median=2 p90=3 p95=3 max=3)
[MCTS DISTRIBUTION] final_width_counts=(0=629,2=1,3=316,4=18,5=2,6=3,7=1,8=1,9=1,10=1,11=2) node_visit_bins=(0=580,1=54,2=22,3-4=42,5-8=49,9-16=67,17-32=73,33-64=73,65-128=8,129+=7) selection_depth_bins=(0=9,1=11,2=12,3-4=29,5-8=82,9-16=88,17-32=105,33-64=84)
[MCTS WIDTH BY DEPTH] depth=0 count=419 min=3 mean=7.29 median=8 p90=10 p95=11 max=11
[MCTS WIDTH COUNTS BY DEPTH] depth=0 counts=(3=45,4=28,5=41,6=73,7=22,8=31,9=63,10=80,11=36)
[MCTS WIDTH BY DEPTH] depth=1 count=409 min=3 mean=7.30 median=8 p90=10 p95=11 max=11
[MCTS WIDTH COUNTS BY DEPTH] depth=1 counts=(3=49,4=31,5=47,6=18,7=41,8=56,9=73,10=54,11=40)
[MCTS WIDTH BY DEPTH] depth=2 count=397 min=3 mean=6.23 median=7 p90=9 p95=10 max=10
[MCTS WIDTH COUNTS BY DEPTH] depth=2 counts=(3=100,4=24,5=14,6=45,7=82,8=55,9=47,10=30)
[MCTS WIDTH BY DEPTH] depth=3-4 count=749 min=3 mean=4.70 median=4 p90=7 p95=8 max=9
[MCTS WIDTH COUNTS BY DEPTH] depth=3-4 counts=(3=270,4=149,5=84,6=102,7=82,8=47,9=15)
[MCTS WIDTH BY DEPTH] depth=5-9 count=1511 min=3 mean=3.36 median=3 p90=5 p95=5 max=6
[MCTS WIDTH COUNTS BY DEPTH] depth=5-9 counts=(3=1175,4=178,5=106,6=52)
[MCTS WIDTH BY DEPTH] depth=10-19 count=2047 min=3 mean=3.03 median=3 p90=3 p95=3 max=4
[MCTS WIDTH COUNTS BY DEPTH] depth=10-19 counts=(3=1994,4=53)
[MCTS WIDTH BY DEPTH] depth=20-49 count=2308 min=2 mean=3.00 median=3 p90=3 p95=3 max=4
[MCTS WIDTH COUNTS BY DEPTH] depth=20-49 counts=(2=4,3=2302,4=2)
[MCTS WIDTH BY DEPTH] depth=50-99 count=119 min=3 mean=3.00 median=3 p90=3 p95=3 max=3
[MCTS WIDTH COUNTS BY DEPTH] depth=50-99 counts=(3=119)
[MCTS DEPTH SUMMARY] selection_depths=(count=420 min=0 mean=18.77 median=14 p90=42 p95=48 max=63) horizon_cutoffs=(count=0)
[MCTS ACTION SUMMARY] selected_raw_policy_ranks=(count=6 min=1 mean=1.33 median=1 p90=3 p95=3 max=3) known_goal_decisions=0 infeasible_known_goal_decisions=0
[MCTS TIME SUMMARY] selection=0.218609s expansion=47.528311s successor_generation=13.726744s network_inference=33.422550s evaluation=6.656323s backpropagation=0.043360s
[2026-09-14 15:39:41,865] [INFO] [enhspwrapper.py:224] Deleted temp file: /tmp/domain_heuristic_iap4gf0p.pddl
[2026-09-14 15:39:41,865] [INFO] [enhspwrapper.py:224] Deleted temp file: /tmp/instance_heuristic_jb25qwiy.pddl
[2026-09-14 15:39:41,865] [WARNING] [enhspwrapper.py:226] Failed to delete temp file /tmp/domain_heuristic_iap4gf0p.pddl: [Errno 2] No such file or directory: '/tmp/domain_heuristic_iap4gf0p.pddl'
[2026-09-14 15:39:41,865] [WARNING] [enhspwrapper.py:226] Failed to delete temp file /tmp/instance_heuristic_jb25qwiy.pddl: [Errno 2] No such file or directory: '/tmp/instance_heuristic_jb25qwiy.pddl'
[EVAL INSTANCE] completed number=9 path=../problems/numeric/mprime/instances/pfile16.pddl status=success elapsed=73.37s success=1.0 steps=6
[EVAL][PLAN] EASY       | pfile16.pddl | steps=6 | plan=['overcome abrasion learning baguette', 'drink rice baguette', 'overcome sciatica learning baguette', 'feast learning baguette rice', 'succumb abrasion learning rice', 'succumb sciatica learning rice']
[EVAL INSTANCE] started number=10 path=../problems/numeric/mprime/instances/pfile18.pddl pid=3482890
mdpsim:../problems/numeric/mprime/domain.pddl:3: assuming `:typing' requirement
mdpsim:../problems/numeric/mprime/domain.pddl:15: assuming `:fluents' requirement
[EVAL|Easy|3478167] Setting C/Python/Numpy/TF seeds to 1239739728
Starting [EVAL|Easy|3478167] on instance [6] ../problems/numeric/mprime/instances/pfile14.pddl
Starting to parse mdpsim problem: mprime-x-14
Finished parsing mdpsim problem: mprime-x-14
[EVAL|Easy|3478167] ACTION POLICY INITIALIZED
[EVAL|Easy|3478167] policy_class = ArgmaxGoalChasePathDuplicatePenaltyPolicy
[EVAL|Easy|3478167] distance_threshold = inf
[EVAL|Easy|3478167] duplicate_penalty = 0.0
[EVAL|Easy|3478167] root_visit_tie_break = action_id
[2026-09-14 15:40:01,660] [INFO] [enhspwrapper.py:84] Created temporary domain file: /tmp/domain_heuristic_u3rht1zw.pddl
[2026-09-14 15:40:01,660] [INFO] [enhspwrapper.py:93] Created temporary instance file: /tmp/instance_heuristic_wemwho0x.pddl
[2026-09-14 15:40:04,714] [INFO] [enhspwrapper.py:51] Starting the heuristic server with config: hmrp-ha-gbfs
[EVAL|Easy|3482890] Setting C/Python/Numpy/TF seeds to 1239739731
Starting [EVAL|Easy|3482890] on instance [9] ../problems/numeric/mprime/instances/pfile18.pddl
Starting to parse mdpsim problem: mprime-x-18
Finished parsing mdpsim problem: mprime-x-18
[EVAL|Easy|3482890] ACTION POLICY INITIALIZED
[EVAL|Easy|3482890] policy_class = ArgmaxGoalChasePathDuplicatePenaltyPolicy
[EVAL|Easy|3482890] distance_threshold = inf
[EVAL|Easy|3482890] duplicate_penalty = 0.0
[EVAL|Easy|3482890] root_visit_tie_break = action_id
[2026-09-14 15:40:44,110] [INFO] [enhspwrapper.py:84] Created temporary domain file: /tmp/domain_heuristic_qmyygeto.pddl
[2026-09-14 15:40:44,111] [INFO] [enhspwrapper.py:93] Created temporary instance file: /tmp/instance_heuristic_u367h07v.pddl
[2026-09-14 15:40:45,299] [INFO] [enhspwrapper.py:51] Starting the heuristic server with config: hmrp-ha-gbfs
[MCTS SEARCH SUMMARY] progressive_widening=True iterations_per_search=70 search_calls=19 nodes=3066 peak_nodes=3066 widening_events=1322
[MCTS WIDTH SUMMARY] final_widths=(count=3066 min=0 mean=1.19 median=0 p90=3 p95=3 max=14) root_widths=(count=19 min=4 mean=9.26 median=9 p90=14 p95=14 max=14) widen_event_widths=(count=1322 min=3 mean=3.47 median=3 p90=4 p95=7 max=14) admitted_policy_ranks=(count=3642 min=1 mean=1.96 median=2 p90=3 p95=3 max=3)
[MCTS DISTRIBUTION] final_width_counts=(0=1906,3=1121,4=13,5=5,6=1,7=4,8=3,9=5,10=1,11=2,12=1,13=1,14=3) node_visit_bins=(0=1594,1=476,2=153,3-4=172,5-8=140,9-16=182,17-32=196,33-64=123,65-128=9,129+=21) selection_depth_bins=(0=28,1=32,2=36,3-4=103,5-8=393,9-16=375,17-32=219,33-64=144)
[MCTS WIDTH BY DEPTH] depth=0 count=1329 min=3 mean=8.58 median=8 p90=13 p95=14 max=14
[MCTS WIDTH COUNTS BY DEPTH] depth=0 counts=(3=45,4=43,5=86,6=137,7=146,8=241,9=218,10=94,11=74,12=81,13=91,14=73)
[MCTS WIDTH BY DEPTH] depth=1 count=1298 min=3 mean=8.03 median=8 p90=13 p95=13 max=14
[MCTS WIDTH COUNTS BY DEPTH] depth=1 counts=(3=115,4=90,5=76,6=158,7=204,8=142,9=71,10=112,11=99,12=81,13=96,14=54)
[MCTS WIDTH BY DEPTH] depth=2 count=1261 min=3 mean=6.54 median=6 p90=12 p95=12 max=13
[MCTS WIDTH COUNTS BY DEPTH] depth=2 counts=(3=298,4=138,5=139,6=185,7=93,8=55,9=62,10=68,11=73,12=88,13=62)
[MCTS WIDTH BY DEPTH] depth=3-4 count=2365 min=3 mean=5.15 median=3 p90=10 p95=11 max=12
[MCTS WIDTH COUNTS BY DEPTH] depth=3-4 counts=(3=1202,4=247,5=160,6=104,7=95,8=106,9=116,10=136,11=134,12=65)
[MCTS WIDTH BY DEPTH] depth=5-9 count=4276 min=3 mean=3.78 median=3 p90=7 p95=8 max=10
[MCTS WIDTH COUNTS BY DEPTH] depth=5-9 counts=(3=3280,4=195,5=183,6=185,7=155,8=129,9=99,10=50)
[MCTS WIDTH BY DEPTH] depth=10-19 count=4130 min=3 mean=3.03 median=3 p90=3 p95=3 max=5
[MCTS WIDTH COUNTS BY DEPTH] depth=10-19 counts=(3=4032,4=84,5=14)
[MCTS WIDTH BY DEPTH] depth=20-49 count=3912 min=3 mean=3.00 median=3 p90=3 p95=3 max=3
[MCTS WIDTH COUNTS BY DEPTH] depth=20-49 counts=(3=3912)
[MCTS WIDTH BY DEPTH] depth=50-99 count=25 min=3 mean=3.00 median=3 p90=3 p95=3 max=3
[MCTS WIDTH COUNTS BY DEPTH] depth=50-99 counts=(3=25)
[MCTS DEPTH SUMMARY] selection_depths=(count=1330 min=0 mean=13.85 median=9 p90=33 p95=41 max=52) horizon_cutoffs=(count=0)
[MCTS ACTION SUMMARY] selected_raw_policy_ranks=(count=19 min=1 mean=1.53 median=1 p90=3 p95=4 max=4) known_goal_decisions=0 infeasible_known_goal_decisions=0
[MCTS TIME SUMMARY] selection=0.708138s expansion=2216.830019s successor_generation=1793.077551s network_inference=405.538392s evaluation=1604.632950s backpropagation=0.143710s
[2026-09-14 16:40:08,386] [INFO] [enhspwrapper.py:224] Deleted temp file: /tmp/domain_heuristic__mcv2_g4.pddl
[2026-09-14 16:40:08,387] [INFO] [enhspwrapper.py:224] Deleted temp file: /tmp/instance_heuristic_ub0bjax_.pddl
[2026-09-14 16:40:08,387] [WARNING] [enhspwrapper.py:226] Failed to delete temp file /tmp/domain_heuristic__mcv2_g4.pddl: [Errno 2] No such file or directory: '/tmp/domain_heuristic__mcv2_g4.pddl'
[2026-09-14 16:40:08,387] [WARNING] [enhspwrapper.py:226] Failed to delete temp file /tmp/instance_heuristic_ub0bjax_.pddl: [Errno 2] No such file or directory: '/tmp/instance_heuristic_ub0bjax_.pddl'
[EVAL INSTANCE] completed number=6 path=../problems/numeric/mprime/instances/pfile13.pddl status=success elapsed=3995.37s success=1.0 steps=19
[EVAL][PLAN] EASY       | pfile13.pddl | steps=19 | plan=['feast love baguette lemon', 'overcome laceration-20 love lemon', 'overcome prostatitis-18 love lemon', 'feast love lemon baguette', 'feast love baguette lobster', 'succumb prostatitis-18 love lobster', 'succumb laceration-20 love lobster', 'feast aesthetics hamburger papaya', 'feast aesthetics papaya lobster', 'overcome laceration-20 aesthetics lobster', 'feast aesthetics lobster baguette', 'drink lemon baguette', 'feast aesthetics baguette lemon', 'feast aesthetics lemon onion', 'feast aesthetics onion turkey', 'feast aesthetics turkey potato', 'feast aesthetics potato muffin', 'feast aesthetics muffin ham', 'succumb laceration-20 aesthetics ham']
[EVAL INSTANCE] started number=11 path=../problems/numeric/mprime/instances/pfile19.pddl pid=3544531
mdpsim:../problems/numeric/mprime/domain.pddl:3: assuming `:typing' requirement
mdpsim:../problems/numeric/mprime/domain.pddl:15: assuming `:fluents' requirement
[EVAL|Easy|3544531] Setting C/Python/Numpy/TF seeds to 1239739732
Starting [EVAL|Easy|3544531] on instance [10] ../problems/numeric/mprime/instances/pfile19.pddl
Starting to parse mdpsim problem: mprime-x-19
Finished parsing mdpsim problem: mprime-x-19
[EVAL|Easy|3544531] ACTION POLICY INITIALIZED
[EVAL|Easy|3544531] policy_class = ArgmaxGoalChasePathDuplicatePenaltyPolicy
[EVAL|Easy|3544531] distance_threshold = inf
[EVAL|Easy|3544531] duplicate_penalty = 0.0
[EVAL|Easy|3544531] root_visit_tie_break = action_id
[2026-09-14 16:42:14,391] [INFO] [enhspwrapper.py:84] Created temporary domain file: /tmp/domain_heuristic_gyzurw7h.pddl
[2026-09-14 16:42:14,392] [INFO] [enhspwrapper.py:93] Created temporary instance file: /tmp/instance_heuristic_ze534zdh.pddl
[2026-09-14 16:42:17,663] [INFO] [enhspwrapper.py:51] Starting the heuristic server with config: hmrp-ha-gbfs
[MCTS SEARCH SUMMARY] progressive_widening=True iterations_per_search=70 search_calls=8 nodes=1363 peak_nodes=1363 widening_events=555
[MCTS WIDTH SUMMARY] final_widths=(count=1363 min=0 mean=1.11 median=0 p90=3 p95=3 max=12) root_widths=(count=8 min=4 mean=9.00 median=9 p90=12 p95=12 max=12) widen_event_widths=(count=555 min=3 mean=3.53 median=3 p90=5 p95=8 max=12) admitted_policy_ranks=(count=1513 min=1 mean=1.95 median=2 p90=3 p95=3 max=3)
[MCTS DISTRIBUTION] final_width_counts=(0=884,3=465,4=1,6=5,8=1,9=1,10=2,11=1,12=3) node_visit_bins=(0=816,1=89,2=30,3-4=57,5-8=63,9-16=104,17-32=150,33-64=40,65-128=5,129+=9) selection_depth_bins=(0=13,1=15,2=15,3-4=43,5-8=102,9-16=120,17-32=195,33-64=57)
[MCTS WIDTH BY DEPTH] depth=0 count=559 min=3 mean=8.18 median=9 p90=12 p95=12 max=12
[MCTS WIDTH COUNTS BY DEPTH] depth=0 counts=(3=45,4=45,5=30,6=42,7=53,8=61,9=64,10=66,11=76,12=77)
[MCTS WIDTH BY DEPTH] depth=1 count=544 min=3 mean=7.96 median=8 p90=12 p95=12 max=12
[MCTS WIDTH COUNTS BY DEPTH] depth=1 counts=(3=61,4=28,5=32,6=51,7=58,8=52,9=62,10=68,11=73,12=59)
[MCTS WIDTH BY DEPTH] depth=2 count=527 min=3 mean=7.34 median=8 p90=11 p95=11 max=11
[MCTS WIDTH COUNTS BY DEPTH] depth=2 counts=(3=87,4=26,5=45,6=37,7=45,8=56,9=70,10=108,11=53)
[MCTS WIDTH BY DEPTH] depth=3-4 count=996 min=3 mean=6.04 median=6 p90=9 p95=9 max=10
[MCTS WIDTH COUNTS BY DEPTH] depth=3-4 counts=(3=225,4=82,5=128,6=101,7=131,8=152,9=133,10=44)
[MCTS WIDTH BY DEPTH] depth=5-9 count=2005 min=3 mean=3.60 median=3 p90=6 p95=6 max=8
[MCTS WIDTH COUNTS BY DEPTH] depth=5-9 counts=(3=1465,4=168,5=155,6=162,7=41,8=14)
[MCTS WIDTH BY DEPTH] depth=10-19 count=2739 min=3 mean=3.00 median=3 p90=3 p95=3 max=3
[MCTS WIDTH COUNTS BY DEPTH] depth=10-19 counts=(3=2739)
[MCTS WIDTH BY DEPTH] depth=20-49 count=2103 min=3 mean=3.00 median=3 p90=3 p95=3 max=3
[MCTS WIDTH COUNTS BY DEPTH] depth=20-49 counts=(3=2103)
[MCTS WIDTH BY DEPTH] depth=50-99 count=4 min=3 mean=3.00 median=3 p90=3 p95=3 max=3
[MCTS WIDTH COUNTS BY DEPTH] depth=50-99 counts=(3=4)
[MCTS DEPTH SUMMARY] selection_depths=(count=560 min=0 mean=16.78 median=14 p90=33 p95=39 max=50) horizon_cutoffs=(count=0)
[MCTS ACTION SUMMARY] selected_raw_policy_ranks=(count=8 min=1 mean=1.50 median=1 p90=3 p95=3 max=3) known_goal_decisions=0 infeasible_known_goal_decisions=0
[MCTS TIME SUMMARY] selection=0.348482s expansion=208.954465s successor_generation=77.568914s network_inference=127.703348s evaluation=44.607489s backpropagation=0.067743s
[2026-09-14 16:45:34,770] [INFO] [enhspwrapper.py:224] Deleted temp file: /tmp/domain_heuristic_gyzurw7h.pddl
[2026-09-14 16:45:34,771] [INFO] [enhspwrapper.py:224] Deleted temp file: /tmp/instance_heuristic_ze534zdh.pddl
[2026-09-14 16:45:34,771] [WARNING] [enhspwrapper.py:226] Failed to delete temp file /tmp/domain_heuristic_gyzurw7h.pddl: [Errno 2] No such file or directory: '/tmp/domain_heuristic_gyzurw7h.pddl'
[2026-09-14 16:45:34,771] [WARNING] [enhspwrapper.py:226] Failed to delete temp file /tmp/instance_heuristic_ze534zdh.pddl: [Errno 2] No such file or directory: '/tmp/instance_heuristic_ze534zdh.pddl'
[EVAL INSTANCE] completed number=11 path=../problems/numeric/mprime/instances/pfile19.pddl status=success elapsed=325.87s success=1.0 steps=8
[EVAL][PLAN] EASY       | pfile19.pddl | steps=8 | plan=['feast lubricity lemon beef', 'overcome abrasion lubricity beef', 'feast love haroset lobster', 'feast lubricity beef lamb', 'feast lubricity lamb haroset', 'drink lobster haroset', 'feast lubricity haroset lobster', 'succumb abrasion lubricity lobster']
[EVAL INSTANCE] started number=12 path=../problems/numeric/mprime/instances/pfile20.pddl pid=3553848
mdpsim:../problems/numeric/mprime/domain.pddl:3: assuming `:typing' requirement
mdpsim:../problems/numeric/mprime/domain.pddl:15: assuming `:fluents' requirement
[EVAL|Easy|3553848] Setting C/Python/Numpy/TF seeds to 1239739733
Starting [EVAL|Easy|3553848] on instance [11] ../problems/numeric/mprime/instances/pfile20.pddl
Starting to parse mdpsim problem: mprime-x-20
Finished parsing mdpsim problem: mprime-x-20
[EVAL|Easy|3553848] ACTION POLICY INITIALIZED
[EVAL|Easy|3553848] policy_class = ArgmaxGoalChasePathDuplicatePenaltyPolicy
[EVAL|Easy|3553848] distance_threshold = inf
[EVAL|Easy|3553848] duplicate_penalty = 0.0
[EVAL|Easy|3553848] root_visit_tie_break = action_id
[2026-09-14 16:47:00,064] [INFO] [enhspwrapper.py:84] Created temporary domain file: /tmp/domain_heuristic_i3d6lknk.pddl
[2026-09-14 16:47:00,064] [INFO] [enhspwrapper.py:93] Created temporary instance file: /tmp/instance_heuristic_ajkexzu5.pddl
[2026-09-14 16:47:02,499] [INFO] [enhspwrapper.py:51] Starting the heuristic server with config: hmrp-ha-gbfs
[MCTS SEARCH SUMMARY] progressive_widening=True iterations_per_search=70 search_calls=13 nodes=1301 peak_nodes=1301 widening_events=813
[MCTS WIDTH SUMMARY] final_widths=(count=1301 min=0 mean=1.65 median=3 p90=3 p95=3 max=14) root_widths=(count=13 min=4 mean=9.23 median=9 p90=13 p95=14 max=14) widen_event_widths=(count=813 min=3 mean=3.58 median=3 p90=5 p95=7 max=14) admitted_policy_ranks=(count=2147 min=1 mean=1.93 median=2 p90=3 p95=3 max=3)
[MCTS DISTRIBUTION] final_width_counts=(0=634,3=612,4=34,5=4,6=3,7=3,8=2,9=2,10=3,12=1,13=2,14=1) node_visit_bins=(0=492,1=200,2=79,3-4=88,5-8=100,9-16=116,17-32=121,33-64=78,65-128=12,129+=15) selection_depth_bins=(0=22,1=21,2=26,3-4=67,5-8=170,9-16=278,17-32=295,33-64=31)
[MCTS WIDTH BY DEPTH] depth=0 count=909 min=3 mean=8.38 median=8 p90=13 p95=13 max=14
[MCTS WIDTH COUNTS BY DEPTH] depth=0 counts=(3=45,4=52,5=120,6=151,7=44,8=49,9=107,10=61,11=46,12=98,13=91,14=45)
[MCTS WIDTH BY DEPTH] depth=1 count=883 min=3 mean=7.64 median=8 p90=12 p95=13 max=13
[MCTS WIDTH COUNTS BY DEPTH] depth=1 counts=(3=143,4=97,5=60,6=49,7=49,8=91,9=82,10=89,11=88,12=85,13=50)
[MCTS WIDTH BY DEPTH] depth=2 count=858 min=3 mean=6.76 median=7 p90=11 p95=12 max=12
[MCTS WIDTH COUNTS BY DEPTH] depth=2 counts=(3=238,4=47,5=36,6=53,7=106,8=123,9=54,10=78,11=72,12=51)
[MCTS WIDTH BY DEPTH] depth=3-4 count=1610 min=3 mean=5.34 median=4 p90=9 p95=10 max=11
[MCTS WIDTH COUNTS BY DEPTH] depth=3-4 counts=(3=630,4=201,5=128,6=154,7=119,8=90,9=136,10=106,11=46)
[MCTS WIDTH BY DEPTH] depth=5-9 count=3298 min=3 mean=3.84 median=3 p90=7 p95=8 max=9
[MCTS WIDTH COUNTS BY DEPTH] depth=5-9 counts=(3=2268,4=350,5=187,6=152,7=149,8=146,9=46)
[MCTS WIDTH BY DEPTH] depth=10-19 count=3788 min=3 mean=3.03 median=3 p90=3 p95=3 max=4
[MCTS WIDTH COUNTS BY DEPTH] depth=10-19 counts=(3=3671,4=117)
[MCTS WIDTH BY DEPTH] depth=20-49 count=1742 min=3 mean=3.00 median=3 p90=3 p95=3 max=3
[MCTS WIDTH COUNTS BY DEPTH] depth=20-49 counts=(3=1742)
[MCTS WIDTH BY DEPTH] depth=50-99 count=12 min=3 mean=3.00 median=3 p90=3 p95=3 max=3
[MCTS WIDTH COUNTS BY DEPTH] depth=50-99 counts=(3=12)
[MCTS DEPTH SUMMARY] selection_depths=(count=910 min=0 mean=14.13 median=12 p90=28 p95=31 max=54) horizon_cutoffs=(count=0)
[MCTS ACTION SUMMARY] selected_raw_policy_ranks=(count=13 min=1 mean=1.54 median=1 p90=2 p95=3 max=3) known_goal_decisions=0 infeasible_known_goal_decisions=0
[MCTS TIME SUMMARY] selection=0.489183s expansion=154.985020s successor_generation=61.907434s network_inference=91.671188s evaluation=104.388752s backpropagation=0.091973s
[2026-09-14 16:50:42,653] [INFO] [enhspwrapper.py:224] Deleted temp file: /tmp/domain_heuristic_i3d6lknk.pddl
[2026-09-14 16:50:42,654] [INFO] [enhspwrapper.py:224] Deleted temp file: /tmp/instance_heuristic_ajkexzu5.pddl
[2026-09-14 16:50:42,654] [WARNING] [enhspwrapper.py:226] Failed to delete temp file /tmp/domain_heuristic_i3d6lknk.pddl: [Errno 2] No such file or directory: '/tmp/domain_heuristic_i3d6lknk.pddl'
[2026-09-14 16:50:42,654] [WARNING] [enhspwrapper.py:226] Failed to delete temp file /tmp/instance_heuristic_ajkexzu5.pddl: [Errno 2] No such file or directory: '/tmp/instance_heuristic_ajkexzu5.pddl'
[EVAL INSTANCE] completed number=12 path=../problems/numeric/mprime/instances/pfile20.pddl status=success elapsed=307.85s success=1.0 steps=13
[EVAL][PLAN] EASY       | pfile20.pddl | steps=13 | plan=['overcome abrasion intoxication wonderbread', 'overcome dread triumph yogurt', 'overcome laceration achievement cherry', 'feast intoxication wonderbread yogurt', 'feast intoxication yogurt tuna', 'succumb laceration achievement cherry', 'succumb abrasion intoxication tuna', 'feast triumph yogurt tuna', 'overcome abrasion intoxication tuna', 'feast intoxication tuna turkey', 'feast intoxication turkey guava', 'feast intoxication guava pepper', 'succumb abrasion intoxication pepper']
[EVAL INSTANCE] started number=13 path=../problems/numeric/mprime/instances/pfile21.pddl pid=3564213
mdpsim:../problems/numeric/mprime/domain.pddl:3: assuming `:typing' requirement
mdpsim:../problems/numeric/mprime/domain.pddl:15: assuming `:fluents' requirement
[EVAL|Easy|3564213] Setting C/Python/Numpy/TF seeds to 1239739734
Starting [EVAL|Easy|3564213] on instance [12] ../problems/numeric/mprime/instances/pfile21.pddl
Starting to parse mdpsim problem: mprime-x-21
Finished parsing mdpsim problem: mprime-x-21
[EVAL|Easy|3564213] ACTION POLICY INITIALIZED
[EVAL|Easy|3564213] policy_class = ArgmaxGoalChasePathDuplicatePenaltyPolicy
[EVAL|Easy|3564213] distance_threshold = inf
[EVAL|Easy|3564213] duplicate_penalty = 0.0
[EVAL|Easy|3564213] root_visit_tie_break = action_id
[2026-09-14 16:53:48,875] [INFO] [enhspwrapper.py:84] Created temporary domain file: /tmp/domain_heuristic_52k176ve.pddl
[2026-09-14 16:53:48,875] [INFO] [enhspwrapper.py:93] Created temporary instance file: /tmp/instance_heuristic_l3hcdb8r.pddl
[2026-09-14 16:53:50,883] [INFO] [enhspwrapper.py:51] Starting the heuristic server with config: hmrp-ha-gbfs
[MCTS SEARCH SUMMARY] progressive_widening=True iterations_per_search=70 search_calls=6 nodes=573 peak_nodes=573 widening_events=316
[MCTS WIDTH SUMMARY] final_widths=(count=573 min=0 mean=1.45 median=0 p90=3 p95=3 max=11) root_widths=(count=6 min=4 mean=7.83 median=8 p90=11 p95=11 max=11) widen_event_widths=(count=316 min=3 mean=3.54 median=3 p90=5 p95=7 max=11) admitted_policy_ranks=(count=830 min=1 mean=1.93 median=2 p90=3 p95=3 max=3)
[MCTS DISTRIBUTION] final_width_counts=(0=316,3=234,4=13,5=4,8=3,10=1,11=2) node_visit_bins=(0=273,1=43,2=9,3-4=7,5-8=21,9-16=56,17-32=91,33-64=61,65-128=6,129+=6) selection_depth_bins=(0=11,1=12,2=12,3-4=25,5-8=48,9-16=96,17-32=203,33-64=13)
[MCTS WIDTH BY DEPTH] depth=0 count=419 min=3 mean=7.12 median=7 p90=10 p95=10 max=11
[MCTS WIDTH COUNTS BY DEPTH] depth=0 counts=(3=45,4=28,5=30,6=41,7=70,8=76,9=55,10=65,11=9)
[MCTS WIDTH BY DEPTH] depth=1 count=407 min=3 mean=6.98 median=7 p90=10 p95=10 max=10
[MCTS WIDTH COUNTS BY DEPTH] depth=1 counts=(3=45,4=27,5=30,6=43,7=86,8=57,9=60,10=59)
[MCTS WIDTH BY DEPTH] depth=2 count=393 min=3 mean=5.49 median=5 p90=9 p95=9 max=9
[MCTS WIDTH COUNTS BY DEPTH] depth=2 counts=(3=111,4=53,5=46,6=40,7=46,8=53,9=44)
[MCTS WIDTH BY DEPTH] depth=3-4 count=742 min=3 mean=3.99 median=3 p90=6 p95=7 max=8
[MCTS WIDTH COUNTS BY DEPTH] depth=3-4 counts=(3=463,4=69,5=60,6=82,7=44,8=24)
[MCTS WIDTH BY DEPTH] depth=5-9 count=1628 min=3 mean=3.13 median=3 p90=3 p95=4 max=6
[MCTS WIDTH COUNTS BY DEPTH] depth=5-9 counts=(3=1486,4=81,5=45,6=16)
[MCTS WIDTH BY DEPTH] depth=10-19 count=2361 min=3 mean=3.05 median=3 p90=3 p95=3 max=5
[MCTS WIDTH COUNTS BY DEPTH] depth=10-19 counts=(3=2246,4=106,5=9)
[MCTS WIDTH BY DEPTH] depth=20-49 count=1227 min=3 mean=3.05 median=3 p90=3 p95=4 max=4
[MCTS WIDTH COUNTS BY DEPTH] depth=20-49 counts=(3=1164,4=63)
[MCTS DEPTH SUMMARY] selection_depths=(count=420 min=0 mean=16.70 median=17 p90=28 p95=30 max=42) horizon_cutoffs=(count=0)
[MCTS ACTION SUMMARY] selected_raw_policy_ranks=(count=6 min=1 mean=1.17 median=1 p90=2 p95=2 max=2) known_goal_decisions=0 infeasible_known_goal_decisions=0
[MCTS TIME SUMMARY] selection=0.228911s expansion=222.631790s successor_generation=48.973769s network_inference=172.510629s evaluation=50.766711s backpropagation=0.042300s
[2026-09-14 16:57:04,278] [INFO] [enhspwrapper.py:224] Deleted temp file: /tmp/domain_heuristic_52k176ve.pddl
[2026-09-14 16:57:04,279] [INFO] [enhspwrapper.py:224] Deleted temp file: /tmp/instance_heuristic_l3hcdb8r.pddl
[2026-09-14 16:57:04,279] [WARNING] [enhspwrapper.py:226] Failed to delete temp file /tmp/domain_heuristic_52k176ve.pddl: [Errno 2] No such file or directory: '/tmp/domain_heuristic_52k176ve.pddl'
[2026-09-14 16:57:04,279] [WARNING] [enhspwrapper.py:226] Failed to delete temp file /tmp/instance_heuristic_l3hcdb8r.pddl: [Errno 2] No such file or directory: '/tmp/instance_heuristic_l3hcdb8r.pddl'
[EVAL INSTANCE] completed number=13 path=../problems/numeric/mprime/instances/pfile21.pddl status=success elapsed=381.45s success=1.0 steps=6
[EVAL][PLAN] EASY       | pfile21.pddl | steps=6 | plan=['feast love flounder wurst', 'overcome sciatica love wurst', 'drink hamburger wurst', 'feast love wurst snickers', 'feast love snickers apple', 'succumb sciatica love apple']
[EVAL INSTANCE] started number=14 path=../problems/numeric/mprime/instances/pfile22.pddl pid=3576304
mdpsim:../problems/numeric/mprime/domain.pddl:3: assuming `:typing' requirement
mdpsim:../problems/numeric/mprime/domain.pddl:15: assuming `:fluents' requirement
[EVAL|Easy|3576304] Setting C/Python/Numpy/TF seeds to 1239739735
Starting [EVAL|Easy|3576304] on instance [13] ../problems/numeric/mprime/instances/pfile22.pddl
Starting to parse mdpsim problem: mprime-x-22
Finished parsing mdpsim problem: mprime-x-22
[EVAL|Easy|3576304] ACTION POLICY INITIALIZED
[EVAL|Easy|3576304] policy_class = ArgmaxGoalChasePathDuplicatePenaltyPolicy
[EVAL|Easy|3576304] distance_threshold = inf
[EVAL|Easy|3576304] duplicate_penalty = 0.0
[EVAL|Easy|3576304] root_visit_tie_break = action_id
[2026-09-14 17:06:53,332] [INFO] [enhspwrapper.py:84] Created temporary domain file: /tmp/domain_heuristic_jwmc3wn0.pddl
[2026-09-14 17:06:53,332] [INFO] [enhspwrapper.py:93] Created temporary instance file: /tmp/instance_heuristic_15_ct8km.pddl
[2026-09-14 17:06:57,107] [INFO] [enhspwrapper.py:51] Starting the heuristic server with config: hmrp-ha-gbfs
[EVAL INSTANCE] timeout number=7 path=../problems/numeric/mprime/instances/pfile14.pddl limit=21600.0s
[EVAL INSTANCE] started number=15 path=../problems/numeric/mprime/instances/pfile23.pddl pid=4038024
mdpsim:../problems/numeric/mprime/domain.pddl:3: assuming `:typing' requirement
mdpsim:../problems/numeric/mprime/domain.pddl:15: assuming `:fluents' requirement
[EVAL|Easy|4038024] Setting C/Python/Numpy/TF seeds to 1239739736
Starting [EVAL|Easy|4038024] on instance [14] ../problems/numeric/mprime/instances/pfile23.pddl
Starting to parse mdpsim problem: mprime-x-23
Finished parsing mdpsim problem: mprime-x-23
[EVAL|Easy|4038024] ACTION POLICY INITIALIZED
[EVAL|Easy|4038024] policy_class = ArgmaxGoalChasePathDuplicatePenaltyPolicy
[EVAL|Easy|4038024] distance_threshold = inf
[EVAL|Easy|4038024] duplicate_penalty = 0.0
[EVAL|Easy|4038024] root_visit_tie_break = action_id
[2026-09-14 21:34:58,616] [INFO] [enhspwrapper.py:84] Created temporary domain file: /tmp/domain_heuristic_f5z8kfb2.pddl
[2026-09-14 21:34:58,617] [INFO] [enhspwrapper.py:93] Created temporary instance file: /tmp/instance_heuristic_wbkxqxoo.pddl
[2026-09-14 21:34:59,856] [INFO] [enhspwrapper.py:51] Starting the heuristic server with config: hmrp-ha-gbfs
[EVAL INSTANCE] timeout number=10 path=../problems/numeric/mprime/instances/pfile18.pddl limit=21600.0s
[EVAL INSTANCE] started number=16 path=../problems/numeric/mprime/instances/pfile24.pddl pid=4042563
mdpsim:../problems/numeric/mprime/domain.pddl:3: assuming `:typing' requirement
mdpsim:../problems/numeric/mprime/domain.pddl:15: assuming `:fluents' requirement
[MCTS SEARCH SUMMARY] progressive_widening=True iterations_per_search=70 search_calls=17 nodes=2651 peak_nodes=2651 widening_events=1190
[MCTS WIDTH SUMMARY] final_widths=(count=2651 min=0 mean=1.11 median=0 p90=3 p95=3 max=15) root_widths=(count=17 min=4 mean=9.71 median=9 p90=14 p95=15 max=15) widen_event_widths=(count=1190 min=3 mean=3.90 median=3 p90=6 p95=8 max=15) admitted_policy_ranks=(count=2942 min=1 mean=1.89 median=2 p90=3 p95=3 max=3)
[MCTS DISTRIBUTION] final_width_counts=(0=1775,3=796,4=17,5=10,6=18,7=7,8=11,9=5,10=4,11=1,12=2,13=1,14=2,15=2) node_visit_bins=(0=1485,1=335,2=80,3-4=129,5-8=184,9-16=167,17-32=131,33-64=73,65-128=27,129+=40) selection_depth_bins=(0=25,1=24,2=33,3-4=67,5-8=207,9-16=359,17-32=282,33-64=188,65-128=5)
[MCTS WIDTH BY DEPTH] depth=0 count=1189 min=3 mean=9.08 median=9 p90=14 p95=14 max=15
[MCTS WIDTH COUNTS BY DEPTH] depth=0 counts=(3=45,4=59,5=90,6=92,7=105,8=192,9=103,10=88,11=85,12=89,13=86,14=103,15=52)
[MCTS WIDTH BY DEPTH] depth=1 count=1162 min=3 mean=8.79 median=9 p90=14 p95=14 max=15
[MCTS WIDTH COUNTS BY DEPTH] depth=1 counts=(3=63,4=53,5=90,6=168,7=120,8=85,9=90,10=106,11=79,12=80,13=93,14=96,15=39)
[MCTS WIDTH BY DEPTH] depth=2 count=1135 min=3 mean=8.18 median=9 p90=13 p95=13 max=14
[MCTS WIDTH COUNTS BY DEPTH] depth=2 counts=(3=104,4=127,5=98,6=79,7=103,8=54,9=127,10=90,11=127,12=80,13=96,14=50)
[MCTS WIDTH BY DEPTH] depth=3-4 count=2160 min=3 mean=7.10 median=7 p90=11 p95=12 max=13
[MCTS WIDTH COUNTS BY DEPTH] depth=3-4 counts=(3=485,4=99,5=144,6=211,7=210,8=230,9=238,10=186,11=150,12=151,13=56)
[MCTS WIDTH BY DEPTH] depth=5-9 count=4524 min=3 mean=5.17 median=5 p90=8 p95=9 max=11
[MCTS WIDTH COUNTS BY DEPTH] depth=5-9 counts=(3=1615,4=482,5=586,6=578,7=465,8=448,9=176,10=119,11=55)
[MCTS WIDTH BY DEPTH] depth=10-19 count=5517 min=3 mean=3.93 median=3 p90=6 p95=7 max=8
[MCTS WIDTH COUNTS BY DEPTH] depth=10-19 counts=(3=3194,4=808,5=649,6=504,7=311,8=51)
[MCTS WIDTH BY DEPTH] depth=20-49 count=5444 min=3 mean=3.05 median=3 p90=3 p95=3 max=5
[MCTS WIDTH COUNTS BY DEPTH] depth=20-49 counts=(3=5236,4=145,5=63)
[MCTS WIDTH BY DEPTH] depth=50-99 count=374 min=3 mean=3.00 median=3 p90=3 p95=3 max=3
[MCTS WIDTH COUNTS BY DEPTH] depth=50-99 counts=(3=374)
[MCTS DEPTH SUMMARY] selection_depths=(count=1190 min=0 mean=17.81 median=13 p90=40 p95=48 max=66) horizon_cutoffs=(count=0)
[MCTS ACTION SUMMARY] selected_raw_policy_ranks=(count=17 min=1 mean=1.35 median=1 p90=2 p95=2 max=2) known_goal_decisions=0 infeasible_known_goal_decisions=0
[MCTS TIME SUMMARY] selection=0.722472s expansion=235.863407s successor_generation=134.603322s network_inference=98.972935s evaluation=102.799268s backpropagation=0.127718s
[2026-09-14 21:40:04,353] [INFO] [enhspwrapper.py:224] Deleted temp file: /tmp/domain_heuristic_f5z8kfb2.pddl
[2026-09-14 21:40:04,353] [INFO] [enhspwrapper.py:224] Deleted temp file: /tmp/instance_heuristic_wbkxqxoo.pddl
[2026-09-14 21:40:04,353] [WARNING] [enhspwrapper.py:226] Failed to delete temp file /tmp/domain_heuristic_f5z8kfb2.pddl: [Errno 2] No such file or directory: '/tmp/domain_heuristic_f5z8kfb2.pddl'
[2026-09-14 21:40:04,353] [WARNING] [enhspwrapper.py:226] Failed to delete temp file /tmp/instance_heuristic_wbkxqxoo.pddl: [Errno 2] No such file or directory: '/tmp/instance_heuristic_wbkxqxoo.pddl'
[EVAL INSTANCE] completed number=15 path=../problems/numeric/mprime/instances/pfile23.pddl status=success elapsed=381.29s success=1.0 steps=17
[EVAL][PLAN] EASY       | pfile23.pddl | steps=17 | plan=['feast intoxication onion apple', 'overcome laceration intoxication apple', 'feast intoxication apple pistachio', 'succumb laceration intoxication pistachio', 'overcome laceration intoxication pistachio', 'feast intoxication pistachio scallop', 'succumb laceration intoxication scallop', 'feast curiosity grapefruit beef', 'feast curiosity beef chicken', 'overcome laceration intoxication scallop', 'feast intoxication scallop ham', 'feast intoxication ham papaya', 'feast intoxication papaya lamb', 'feast intoxication lamb hotdog', 'drink papaya hotdog', 'feast intoxication hotdog chicken', 'succumb laceration intoxication chicken']
[EVAL INSTANCE] started number=17 path=../problems/numeric/mprime/instances/pfile25.pddl pid=4042895
mdpsim:../problems/numeric/mprime/domain.pddl:3: assuming `:typing' requirement
mdpsim:../problems/numeric/mprime/domain.pddl:15: assuming `:fluents' requirement
[EVAL|Easy|4042895] Setting C/Python/Numpy/TF seeds to 1239739738
Starting [EVAL|Easy|4042895] on instance [16] ../problems/numeric/mprime/instances/pfile25.pddl
Starting to parse mdpsim problem: mprime-x-25
Finished parsing mdpsim problem: mprime-x-25
[EVAL|Easy|4042895] ACTION POLICY INITIALIZED
[EVAL|Easy|4042895] policy_class = ArgmaxGoalChasePathDuplicatePenaltyPolicy
[EVAL|Easy|4042895] distance_threshold = inf
[EVAL|Easy|4042895] duplicate_penalty = 0.0
[EVAL|Easy|4042895] root_visit_tie_break = action_id
[2026-09-14 21:40:13,210] [INFO] [enhspwrapper.py:84] Created temporary domain file: /tmp/domain_heuristic_7lj56ndm.pddl
[2026-09-14 21:40:13,211] [INFO] [enhspwrapper.py:93] Created temporary instance file: /tmp/instance_heuristic_aarcse8r.pddl
[2026-09-14 21:40:13,535] [INFO] [enhspwrapper.py:51] Starting the heuristic server with config: hmrp-ha-gbfs
[MCTS SEARCH SUMMARY] progressive_widening=True iterations_per_search=70 search_calls=4 nodes=204 peak_nodes=204 widening_events=135
[MCTS WIDTH SUMMARY] final_widths=(count=204 min=0 mean=1.42 median=0 p90=4 p95=5 max=9) root_widths=(count=4 min=4 mean=7.00 median=7 p90=9 p95=9 max=9) widen_event_widths=(count=135 min=2 mean=3.85 median=3 p90=6 p95=7 max=9) admitted_policy_ranks=(count=290 min=1 mean=1.80 median=2 p90=3 p95=3 max=3)
[MCTS DISTRIBUTION] final_width_counts=(0=125,2=3,3=49,4=15,5=4,6=4,7=1,8=1,9=2) node_visit_bins=(0=95,1=29,2=6,3-4=10,5-8=3,9-16=4,17-32=16,33-64=24,65-128=11,129+=6) selection_depth_bins=(0=8,1=7,2=8,3-4=21,5-8=41,9-16=116,17-32=79)
[MCTS WIDTH BY DEPTH] depth=0 count=279 min=3 mean=6.20 median=6 p90=9 p95=9 max=9
[MCTS WIDTH COUNTS BY DEPTH] depth=0 counts=(3=45,4=26,5=30,6=41,7=42,8=53,9=42)
[MCTS WIDTH BY DEPTH] depth=1 count=271 min=3 mean=6.13 median=6 p90=9 p95=9 max=9
[MCTS WIDTH COUNTS BY DEPTH] depth=1 counts=(3=44,4=27,5=30,6=41,7=41,8=53,9=35)
[MCTS WIDTH BY DEPTH] depth=2 count=264 min=3 mean=5.18 median=5 p90=7 p95=7 max=8
[MCTS WIDTH COUNTS BY DEPTH] depth=2 counts=(3=44,4=46,5=60,6=60,7=41,8=13)
[MCTS WIDTH BY DEPTH] depth=3-4 count=493 min=3 mean=3.59 median=3 p90=5 p95=6 max=6
[MCTS WIDTH COUNTS BY DEPTH] depth=3-4 counts=(3=305,4=111,5=52,6=25)
[MCTS WIDTH BY DEPTH] depth=5-9 count=1039 min=3 mean=3.41 median=3 p90=5 p95=5 max=6
[MCTS WIDTH COUNTS BY DEPTH] depth=5-9 counts=(3=777,4=141,5=76,6=45)
[MCTS WIDTH BY DEPTH] depth=10-19 count=1162 min=0 mean=3.25 median=3 p90=4 p95=5 max=6
[MCTS WIDTH COUNTS BY DEPTH] depth=10-19 counts=(0=23,2=29,3=835,4=186,5=66,6=23)
[MCTS WIDTH BY DEPTH] depth=20-49 count=46 min=2 mean=2.28 median=2 p90=3 p95=3 max=3
[MCTS WIDTH COUNTS BY DEPTH] depth=20-49 counts=(2=33,3=13)
[MCTS DEPTH SUMMARY] selection_depths=(count=280 min=0 mean=11.98 median=13 p90=20 p95=20 max=23) horizon_cutoffs=(count=0)
[MCTS ACTION SUMMARY] selected_raw_policy_ranks=(count=4 min=1 mean=1.00 median=1 p90=1 p95=1 max=1) known_goal_decisions=0 infeasible_known_goal_decisions=0
[MCTS TIME SUMMARY] selection=0.113318s expansion=6.336452s successor_generation=0.452736s network_inference=5.842773s evaluation=0.718906s backpropagation=0.016268s
[2026-09-14 21:40:17,523] [INFO] [enhspwrapper.py:224] Deleted temp file: /tmp/domain_heuristic_7lj56ndm.pddl
[2026-09-14 21:40:17,523] [INFO] [enhspwrapper.py:224] Deleted temp file: /tmp/instance_heuristic_aarcse8r.pddl
[2026-09-14 21:40:17,523] [WARNING] [enhspwrapper.py:226] Failed to delete temp file /tmp/domain_heuristic_7lj56ndm.pddl: [Errno 2] No such file or directory: '/tmp/domain_heuristic_7lj56ndm.pddl'
[2026-09-14 21:40:17,524] [WARNING] [enhspwrapper.py:226] Failed to delete temp file /tmp/instance_heuristic_aarcse8r.pddl: [Errno 2] No such file or directory: '/tmp/instance_heuristic_aarcse8r.pddl'
[EVAL INSTANCE] completed number=17 path=../problems/numeric/mprime/instances/pfile25.pddl status=success elapsed=13.02s success=1.0 steps=4
[EVAL][PLAN] EASY       | pfile25.pddl | steps=4 | plan=['feast expectation tuna wurst', 'overcome depression expectation wurst', 'feast expectation wurst chicken', 'succumb depression expectation chicken']
[EVAL INSTANCE] started number=18 path=../problems/numeric/mprime/instances/pfile26.pddl pid=4043116
mdpsim:../problems/numeric/mprime/domain.pddl:3: assuming `:typing' requirement
mdpsim:../problems/numeric/mprime/domain.pddl:15: assuming `:fluents' requirement
[EVAL|Easy|4043116] Setting C/Python/Numpy/TF seeds to 1239739739
Starting [EVAL|Easy|4043116] on instance [17] ../problems/numeric/mprime/instances/pfile26.pddl
Starting to parse mdpsim problem: mprime-x-26
Finished parsing mdpsim problem: mprime-x-26
[EVAL|Easy|4043116] ACTION POLICY INITIALIZED
[EVAL|Easy|4043116] policy_class = ArgmaxGoalChasePathDuplicatePenaltyPolicy
[EVAL|Easy|4043116] distance_threshold = inf
[EVAL|Easy|4043116] duplicate_penalty = 0.0
[EVAL|Easy|4043116] root_visit_tie_break = action_id
[2026-09-14 21:40:34,149] [INFO] [enhspwrapper.py:84] Created temporary domain file: /tmp/domain_heuristic__biwpgao.pddl
[2026-09-14 21:40:34,149] [INFO] [enhspwrapper.py:93] Created temporary instance file: /tmp/instance_heuristic_sy94468_.pddl
[2026-09-14 21:40:34,593] [INFO] [enhspwrapper.py:51] Starting the heuristic server with config: hmrp-ha-gbfs
[EVAL|Easy|4042563] Setting C/Python/Numpy/TF seeds to 1239739737
Starting [EVAL|Easy|4042563] on instance [15] ../problems/numeric/mprime/instances/pfile24.pddl
Starting to parse mdpsim problem: mprime-x-24
Finished parsing mdpsim problem: mprime-x-24
[EVAL|Easy|4042563] ACTION POLICY INITIALIZED
[EVAL|Easy|4042563] policy_class = ArgmaxGoalChasePathDuplicatePenaltyPolicy
[EVAL|Easy|4042563] distance_threshold = inf
[EVAL|Easy|4042563] duplicate_penalty = 0.0
[EVAL|Easy|4042563] root_visit_tie_break = action_id
[2026-09-14 21:40:46,878] [INFO] [enhspwrapper.py:84] Created temporary domain file: /tmp/domain_heuristic_4jf2wcw2.pddl
[2026-09-14 21:40:46,879] [INFO] [enhspwrapper.py:93] Created temporary instance file: /tmp/instance_heuristic_926z9oyb.pddl
[2026-09-14 21:40:47,898] [INFO] [enhspwrapper.py:51] Starting the heuristic server with config: hmrp-ha-gbfs
[MCTS SEARCH SUMMARY] progressive_widening=True iterations_per_search=70 search_calls=9 nodes=1251 peak_nodes=1251 widening_events=619
[MCTS WIDTH SUMMARY] final_widths=(count=1251 min=0 mean=1.18 median=0 p90=3 p95=3 max=12) root_widths=(count=9 min=4 mean=9.33 median=10 p90=12 p95=12 max=12) widen_event_widths=(count=619 min=3 mean=3.96 median=3 p90=7 p95=8 max=12) admitted_policy_ranks=(count=1471 min=1 mean=1.87 median=2 p90=3 p95=3 max=3)
[MCTS DISTRIBUTION] final_width_counts=(0=825,3=376,4=6,5=7,6=17,7=5,8=4,9=4,10=2,11=1,12=4) node_visit_bins=(0=656,1=189,2=62,3-4=63,5-8=47,9-16=55,17-32=84,33-64=49,65-128=25,129+=21) selection_depth_bins=(0=15,1=12,2=19,3-4=44,5-8=88,9-16=156,17-32=171,33-64=125)
[MCTS WIDTH BY DEPTH] depth=0 count=629 min=3 mean=8.57 median=9 p90=12 p95=12 max=12
[MCTS WIDTH COUNTS BY DEPTH] depth=0 counts=(3=45,4=26,5=30,6=51,7=46,8=66,9=72,10=100,11=119,12=74)
[MCTS WIDTH BY DEPTH] depth=1 count=614 min=3 mean=8.41 median=9 p90=11 p95=12 max=12
[MCTS WIDTH COUNTS BY DEPTH] depth=1 counts=(3=44,4=37,5=30,6=54,7=59,8=46,9=45,10=108,11=150,12=41)
[MCTS WIDTH BY DEPTH] depth=2 count=599 min=3 mean=7.21 median=8 p90=10 p95=10 max=11
[MCTS WIDTH COUNTS BY DEPTH] depth=2 counts=(3=56,4=57,5=63,6=57,7=37,8=92,9=122,10=91,11=24)
[MCTS WIDTH BY DEPTH] depth=3-4 count=1129 min=3 mean=6.14 median=6 p90=9 p95=9 max=10
[MCTS WIDTH COUNTS BY DEPTH] depth=3-4 counts=(3=174,4=123,5=161,6=148,7=179,8=159,9=154,10=31)
[MCTS WIDTH BY DEPTH] depth=5-9 count=2435 min=3 mean=5.16 median=5 p90=8 p95=8 max=9
[MCTS WIDTH COUNTS BY DEPTH] depth=5-9 counts=(3=651,4=296,5=429,6=445,7=332,8=259,9=23)
[MCTS WIDTH BY DEPTH] depth=10-19 count=3327 min=3 mean=3.75 median=3 p90=5 p95=6 max=7
[MCTS WIDTH COUNTS BY DEPTH] depth=10-19 counts=(3=1952,4=602,5=467,6=256,7=50)
[MCTS WIDTH BY DEPTH] depth=20-49 count=3529 min=3 mean=3.01 median=3 p90=3 p95=3 max=5
[MCTS WIDTH COUNTS BY DEPTH] depth=20-49 counts=(3=3498,4=29,5=2)
[MCTS WIDTH BY DEPTH] depth=50-99 count=139 min=3 mean=3.00 median=3 p90=3 p95=3 max=3
[MCTS WIDTH COUNTS BY DEPTH] depth=50-99 counts=(3=139)
[MCTS DEPTH SUMMARY] selection_depths=(count=630 min=0 mean=19.36 median=15 p90=41 p95=50 max=56) horizon_cutoffs=(count=0)
[MCTS ACTION SUMMARY] selected_raw_policy_ranks=(count=9 min=1 mean=1.56 median=1 p90=3 p95=3 max=3) known_goal_decisions=0 infeasible_known_goal_decisions=0
[MCTS TIME SUMMARY] selection=0.365818s expansion=25.143854s successor_generation=7.560048s network_inference=17.280165s evaluation=7.407419s backpropagation=0.062613s
[2026-09-14 21:41:00,377] [INFO] [enhspwrapper.py:224] Deleted temp file: /tmp/domain_heuristic__biwpgao.pddl
[2026-09-14 21:41:00,377] [INFO] [enhspwrapper.py:224] Deleted temp file: /tmp/instance_heuristic_sy94468_.pddl
[2026-09-14 21:41:00,378] [WARNING] [enhspwrapper.py:226] Failed to delete temp file /tmp/domain_heuristic__biwpgao.pddl: [Errno 2] No such file or directory: '/tmp/domain_heuristic__biwpgao.pddl'
[2026-09-14 21:41:00,378] [WARNING] [enhspwrapper.py:226] Failed to delete temp file /tmp/instance_heuristic_sy94468_.pddl: [Errno 2] No such file or directory: '/tmp/instance_heuristic_sy94468_.pddl'
[EVAL INSTANCE] completed number=18 path=../problems/numeric/mprime/instances/pfile26.pddl status=success elapsed=42.82s success=1.0 steps=9
[EVAL][PLAN] EASY       | pfile26.pddl | steps=9 | plan=['overcome boils entertainment haroset', 'feast entertainment haroset rice', 'feast entertainment rice pistachio', 'succumb boils entertainment pistachio', 'feast empathy scallop rice', 'overcome boils entertainment pistachio', 'feast entertainment pistachio turkey', 'feast entertainment turkey papaya', 'succumb boils entertainment papaya']
[EVAL INSTANCE] started number=19 path=../problems/numeric/mprime/instances/pfile27.pddl pid=4043636
mdpsim:../problems/numeric/mprime/domain.pddl:3: assuming `:typing' requirement
mdpsim:../problems/numeric/mprime/domain.pddl:15: assuming `:fluents' requirement
[EVAL|Easy|4043636] Setting C/Python/Numpy/TF seeds to 1239739740
Starting [EVAL|Easy|4043636] on instance [18] ../problems/numeric/mprime/instances/pfile27.pddl
Starting to parse mdpsim problem: mprime-x-27
Finished parsing mdpsim problem: mprime-x-27
[EVAL|Easy|4043636] ACTION POLICY INITIALIZED
[EVAL|Easy|4043636] policy_class = ArgmaxGoalChasePathDuplicatePenaltyPolicy
[EVAL|Easy|4043636] distance_threshold = inf
[EVAL|Easy|4043636] duplicate_penalty = 0.0
[EVAL|Easy|4043636] root_visit_tie_break = action_id
[2026-09-14 21:41:13,769] [INFO] [enhspwrapper.py:84] Created temporary domain file: /tmp/domain_heuristic_q17mxj7c.pddl
[2026-09-14 21:41:13,769] [INFO] [enhspwrapper.py:93] Created temporary instance file: /tmp/instance_heuristic_173me0vq.pddl
[2026-09-14 21:41:14,127] [INFO] [enhspwrapper.py:51] Starting the heuristic server with config: hmrp-ha-gbfs
[MCTS SEARCH SUMMARY] progressive_widening=True iterations_per_search=70 search_calls=5 nodes=470 peak_nodes=470 widening_events=306
[MCTS WIDTH SUMMARY] final_widths=(count=470 min=0 mean=1.79 median=3 p90=3 p95=3 max=10) root_widths=(count=5 min=4 mean=7.60 median=8 p90=10 p95=10 max=10) widen_event_widths=(count=306 min=3 mean=3.39 median=3 p90=4 p95=6 max=10) admitted_policy_ranks=(count=840 min=1 mean=1.95 median=2 p90=3 p95=3 max=3)
[MCTS DISTRIBUTION] final_width_counts=(0=203,3=257,4=2,5=2,7=2,8=1,9=1,10=2) node_visit_bins=(0=170,1=51,2=28,3-4=30,5-8=38,9-16=60,17-32=65,33-64=19,65-128=3,129+=6) selection_depth_bins=(0=10,1=8,2=12,3-4=29,5-8=57,9-16=117,17-32=114,33-64=3)
[MCTS WIDTH BY DEPTH] depth=0 count=349 min=3 mean=6.74 median=7 p90=9 p95=9 max=10
[MCTS WIDTH COUNTS BY DEPTH] depth=0 counts=(3=45,4=27,5=30,6=41,7=41,8=65,9=92,10=8)
[MCTS WIDTH BY DEPTH] depth=1 count=339 min=3 mean=6.55 median=7 p90=9 p95=9 max=10
[MCTS WIDTH COUNTS BY DEPTH] depth=1 counts=(3=45,4=26,5=30,6=41,7=75,8=54,9=53,10=15)
[MCTS WIDTH BY DEPTH] depth=2 count=329 min=3 mean=5.69 median=6 p90=8 p95=8 max=8
[MCTS WIDTH COUNTS BY DEPTH] depth=2 counts=(3=52,4=28,5=48,6=90,7=64,8=47)
[MCTS WIDTH BY DEPTH] depth=3-4 count=610 min=3 mean=3.81 median=3 p90=6 p95=6 max=7
[MCTS WIDTH COUNTS BY DEPTH] depth=3-4 counts=(3=353,4=110,5=77,6=50,7=20)
[MCTS WIDTH BY DEPTH] depth=5-9 count=1243 min=3 mean=3.06 median=3 p90=3 p95=4 max=5
[MCTS WIDTH COUNTS BY DEPTH] depth=5-9 counts=(3=1180,4=46,5=17)
[MCTS WIDTH BY DEPTH] depth=10-19 count=1435 min=3 mean=3.00 median=3 p90=3 p95=3 max=3
[MCTS WIDTH COUNTS BY DEPTH] depth=10-19 counts=(3=1435)
[MCTS WIDTH BY DEPTH] depth=20-49 count=373 min=3 mean=3.00 median=3 p90=3 p95=3 max=3
[MCTS WIDTH COUNTS BY DEPTH] depth=20-49 counts=(3=373)
[MCTS DEPTH SUMMARY] selection_depths=(count=350 min=0 mean=13.13 median=13 p90=24 p95=28 max=36) horizon_cutoffs=(count=0)
[MCTS ACTION SUMMARY] selected_raw_policy_ranks=(count=5 min=1 mean=1.20 median=1 p90=2 p95=2 max=2) known_goal_decisions=0 infeasible_known_goal_decisions=0
[MCTS TIME SUMMARY] selection=0.142433s expansion=12.328322s successor_generation=1.901739s network_inference=10.341564s evaluation=2.619468s backpropagation=0.023140s
[2026-09-14 21:41:24,271] [INFO] [enhspwrapper.py:224] Deleted temp file: /tmp/domain_heuristic_q17mxj7c.pddl
[2026-09-14 21:41:24,271] [INFO] [enhspwrapper.py:224] Deleted temp file: /tmp/instance_heuristic_173me0vq.pddl
[2026-09-14 21:41:24,271] [WARNING] [enhspwrapper.py:226] Failed to delete temp file /tmp/domain_heuristic_q17mxj7c.pddl: [Errno 2] No such file or directory: '/tmp/domain_heuristic_q17mxj7c.pddl'
[2026-09-14 21:41:24,271] [WARNING] [enhspwrapper.py:226] Failed to delete temp file /tmp/instance_heuristic_173me0vq.pddl: [Errno 2] No such file or directory: '/tmp/instance_heuristic_173me0vq.pddl'
[EVAL INSTANCE] completed number=19 path=../problems/numeric/mprime/instances/pfile27.pddl status=success elapsed=24.04s success=1.0 steps=5
[EVAL][PLAN] EASY       | pfile27.pddl | steps=5 | plan=['overcome grief satisfaction scallion', 'overcome boils satisfaction scallion', 'feast satisfaction scallion guava', 'succumb boils satisfaction guava', 'succumb grief satisfaction guava']
[EVAL INSTANCE] started number=20 path=../problems/numeric/mprime/instances/pfile28.pddl pid=4044045
mdpsim:../problems/numeric/mprime/domain.pddl:3: assuming `:typing' requirement
mdpsim:../problems/numeric/mprime/domain.pddl:15: assuming `:fluents' requirement
[EVAL|Easy|4044045] Setting C/Python/Numpy/TF seeds to 1239739741
Starting [EVAL|Easy|4044045] on instance [19] ../problems/numeric/mprime/instances/pfile28.pddl
Starting to parse mdpsim problem: mprime-x-28
Finished parsing mdpsim problem: mprime-x-28
[EVAL|Easy|4044045] ACTION POLICY INITIALIZED
[EVAL|Easy|4044045] policy_class = ArgmaxGoalChasePathDuplicatePenaltyPolicy
[EVAL|Easy|4044045] distance_threshold = inf
[EVAL|Easy|4044045] duplicate_penalty = 0.0
[EVAL|Easy|4044045] root_visit_tie_break = action_id
[2026-09-14 21:41:34,118] [INFO] [enhspwrapper.py:84] Created temporary domain file: /tmp/domain_heuristic_ar59hjt6.pddl
[2026-09-14 21:41:34,118] [INFO] [enhspwrapper.py:93] Created temporary instance file: /tmp/instance_heuristic_630ggroe.pddl
[2026-09-14 21:41:34,417] [INFO] [enhspwrapper.py:51] Starting the heuristic server with config: hmrp-ha-gbfs
[MCTS SEARCH SUMMARY] progressive_widening=True iterations_per_search=70 search_calls=12 nodes=1525 peak_nodes=1525 widening_events=728
[MCTS WIDTH SUMMARY] final_widths=(count=1525 min=0 mean=1.15 median=0 p90=3 p95=3 max=15) root_widths=(count=12 min=4 mean=10.92 median=11 p90=15 p95=15 max=15) widen_event_widths=(count=728 min=2 mean=4.33 median=3 p90=9 p95=11 max=15) admitted_policy_ranks=(count=1756 min=1 mean=1.88 median=2 p90=3 p95=3 max=3)
[MCTS DISTRIBUTION] final_width_counts=(0=1008,2=6,3=462,4=24,5=3,6=1,7=4,8=1,9=2,10=1,11=1,12=2,13=2,14=4,15=4) node_visit_bins=(0=859,1=163,2=41,3-4=88,5-8=104,9-16=108,17-32=76,33-64=58,65-128=7,129+=21) selection_depth_bins=(0=15,1=19,2=18,3-4=37,5-8=96,9-16=245,17-32=366,33-64=44)
[MCTS WIDTH BY DEPTH] depth=0 count=839 min=3 mean=10.39 median=11 p90=15 p95=15 max=15
[MCTS WIDTH COUNTS BY DEPTH] depth=0 counts=(3=45,4=27,5=30,6=42,7=41,8=53,9=60,10=67,11=97,12=96,13=91,14=102,15=88)
[MCTS WIDTH BY DEPTH] depth=1 count=823 min=3 mean=10.26 median=11 p90=14 p95=15 max=15
[MCTS WIDTH COUNTS BY DEPTH] depth=1 counts=(3=44,4=27,5=30,6=41,7=41,8=53,9=60,10=81,11=97,12=86,13=96,14=106,15=61)
[MCTS WIDTH BY DEPTH] depth=2 count=801 min=3 mean=9.91 median=11 p90=14 p95=15 max=15
[MCTS WIDTH COUNTS BY DEPTH] depth=2 counts=(3=67,4=27,5=30,6=41,7=41,8=53,9=66,10=68,11=89,12=80,13=88,14=104,15=47)
[MCTS WIDTH BY DEPTH] depth=3-4 count=1548 min=3 mean=9.55 median=10 p90=14 p95=14 max=14
[MCTS WIDTH COUNTS BY DEPTH] depth=3-4 counts=(3=146,4=54,5=60,6=88,7=94,8=101,9=120,10=148,11=145,12=173,13=260,14=159)
[MCTS WIDTH BY DEPTH] depth=5-9 count=3471 min=3 mean=7.86 median=8 p90=12 p95=12 max=13
[MCTS WIDTH COUNTS BY DEPTH] depth=5-9 counts=(3=489,4=163,5=203,6=262,7=316,8=408,9=461,10=414,11=348,12=293,13=114)
[MCTS WIDTH BY DEPTH] depth=10-19 count=4649 min=3 mean=3.80 median=3 p90=6 p95=7 max=9
[MCTS WIDTH COUNTS BY DEPTH] depth=10-19 counts=(3=3122,4=517,5=323,6=326,7=234,8=108,9=19)
[MCTS WIDTH BY DEPTH] depth=20-49 count=2886 min=2 mean=2.97 median=3 p90=3 p95=3 max=4
[MCTS WIDTH COUNTS BY DEPTH] depth=20-49 counts=(2=112,3=2755,4=19)
[MCTS DEPTH SUMMARY] selection_depths=(count=840 min=0 mean=17.49 median=16 p90=32 p95=33 max=45) horizon_cutoffs=(count=0)
[MCTS ACTION SUMMARY] selected_raw_policy_ranks=(count=12 min=1 mean=1.42 median=1 p90=3 p95=3 max=3) known_goal_decisions=0 infeasible_known_goal_decisions=0
[MCTS TIME SUMMARY] selection=0.581835s expansion=11.319020s successor_generation=2.059715s network_inference=9.083193s evaluation=1.644104s backpropagation=0.069311s
[2026-09-14 21:41:44,307] [INFO] [enhspwrapper.py:224] Deleted temp file: /tmp/domain_heuristic_ar59hjt6.pddl
[2026-09-14 21:41:44,307] [INFO] [enhspwrapper.py:224] Deleted temp file: /tmp/instance_heuristic_630ggroe.pddl
[2026-09-14 21:41:44,307] [WARNING] [enhspwrapper.py:226] Failed to delete temp file /tmp/domain_heuristic_ar59hjt6.pddl: [Errno 2] No such file or directory: '/tmp/domain_heuristic_ar59hjt6.pddl'
[2026-09-14 21:41:44,307] [WARNING] [enhspwrapper.py:226] Failed to delete temp file /tmp/instance_heuristic_630ggroe.pddl: [Errno 2] No such file or directory: '/tmp/instance_heuristic_630ggroe.pddl'
[EVAL INSTANCE] completed number=20 path=../problems/numeric/mprime/instances/pfile28.pddl status=success elapsed=19.78s success=1.0 steps=12
[EVAL][PLAN] EASY       | pfile28.pddl | steps=12 | plan=['feast intoxication wurst lamb', 'feast intoxication lamb broccoli', 'overcome boils intoxication broccoli', 'feast intoxication broccoli lamb', 'succumb boils intoxication lamb', 'overcome grief intoxication lamb', 'feast intoxication lamb broccoli', 'feast intoxication broccoli muffin', 'overcome anger intoxication muffin', 'feast intoxication muffin broccoli', 'feast intoxication broccoli lamb', 'succumb anger intoxication lamb']
[MCTS SEARCH SUMMARY] progressive_widening=True iterations_per_search=70 search_calls=18 nodes=2613 peak_nodes=2613 widening_events=1259
[MCTS WIDTH SUMMARY] final_widths=(count=2613 min=0 mean=1.27 median=0 p90=3 p95=3 max=14) root_widths=(count=18 min=4 mean=8.83 median=8 p90=13 p95=14 max=14) widen_event_widths=(count=1259 min=3 mean=3.65 median=3 p90=6 p95=8 max=14) admitted_policy_ranks=(count=3319 min=1 mean=1.93 median=2 p90=3 p95=3 max=3)
[MCTS DISTRIBUTION] final_width_counts=(0=1583,3=970,4=17,5=14,6=4,7=3,8=6,9=4,10=3,11=2,12=3,13=2,14=2) node_visit_bins=(0=1341,1=389,2=166,3-4=201,5-8=161,9-16=151,17-32=103,33-64=56,65-128=20,129+=25) selection_depth_bins=(0=31,1=39,2=39,3-4=129,5-8=314,9-16=429,17-32=192,33-64=87)
[MCTS WIDTH BY DEPTH] depth=0 count=1259 min=3 mean=7.89 median=7 p90=12 p95=13 max=14
[MCTS WIDTH COUNTS BY DEPTH] depth=0 counts=(3=60,4=88,5=138,6=218,7=177,8=45,9=151,10=88,11=90,12=96,13=85,14=23)
[MCTS WIDTH BY DEPTH] depth=1 count=1218 min=3 mean=7.61 median=7 p90=12 p95=13 max=14
[MCTS WIDTH COUNTS BY DEPTH] depth=1 counts=(3=131,4=104,5=118,6=78,7=186,8=192,9=65,10=87,11=81,12=79,13=86,14=11)
[MCTS WIDTH BY DEPTH] depth=2 count=1168 min=3 mean=6.59 median=6 p90=12 p95=12 max=13
[MCTS WIDTH COUNTS BY DEPTH] depth=2 counts=(3=439,4=64,5=44,6=74,7=63,8=84,9=96,10=70,11=71,12=113,13=50)
[MCTS WIDTH BY DEPTH] depth=3-4 count=2148 min=3 mean=5.89 median=4 p90=11 p95=11 max=12
[MCTS WIDTH COUNTS BY DEPTH] depth=3-4 counts=(3=965,4=136,5=111,6=98,7=99,8=142,9=135,10=161,11=202,12=99)
[MCTS WIDTH BY DEPTH] depth=5-9 count=4003 min=3 mean=5.00 median=3 p90=9 p95=10 max=11
[MCTS WIDTH COUNTS BY DEPTH] depth=5-9 counts=(3=2004,4=245,5=281,6=284,7=373,8=336,9=261,10=156,11=63)
[MCTS WIDTH BY DEPTH] depth=10-19 count=3562 min=3 mean=3.67 median=3 p90=5 p95=6 max=8
[MCTS WIDTH COUNTS BY DEPTH] depth=10-19 counts=(3=2379,4=492,5=360,6=202,7=89,8=40)
[MCTS WIDTH BY DEPTH] depth=20-49 count=2660 min=3 mean=3.02 median=3 p90=3 p95=3 max=5
[MCTS WIDTH COUNTS BY DEPTH] depth=20-49 counts=(3=2615,4=42,5=3)
[MCTS WIDTH BY DEPTH] depth=50-99 count=187 min=3 mean=3.00 median=3 p90=3 p95=3 max=3
[MCTS WIDTH COUNTS BY DEPTH] depth=50-99 counts=(3=187)
[MCTS DEPTH SUMMARY] selection_depths=(count=1260 min=0 mean=12.68 median=9 p90=27 p95=38 max=64) horizon_cutoffs=(count=0)
[MCTS ACTION SUMMARY] selected_raw_policy_ranks=(count=18 min=1 mean=1.83 median=1 p90=3 p95=4 max=4) known_goal_decisions=0 infeasible_known_goal_decisions=0
[MCTS TIME SUMMARY] selection=0.520481s expansion=240.064582s successor_generation=140.395530s network_inference=97.758730s evaluation=131.194987s backpropagation=0.102780s
[2026-09-14 21:46:30,523] [INFO] [enhspwrapper.py:224] Deleted temp file: /tmp/domain_heuristic_4jf2wcw2.pddl
[2026-09-14 21:46:30,523] [INFO] [enhspwrapper.py:224] Deleted temp file: /tmp/instance_heuristic_926z9oyb.pddl
[2026-09-14 21:46:30,523] [WARNING] [enhspwrapper.py:226] Failed to delete temp file /tmp/domain_heuristic_4jf2wcw2.pddl: [Errno 2] No such file or directory: '/tmp/domain_heuristic_4jf2wcw2.pddl'
[2026-09-14 21:46:30,523] [WARNING] [enhspwrapper.py:226] Failed to delete temp file /tmp/instance_heuristic_926z9oyb.pddl: [Errno 2] No such file or directory: '/tmp/instance_heuristic_926z9oyb.pddl'
[EVAL INSTANCE] completed number=16 path=../problems/numeric/mprime/instances/pfile24.pddl status=success elapsed=407.99s success=1.0 steps=18
[EVAL][PLAN] EASY       | pfile24.pddl | steps=18 | plan=['feast curiosity muffin apple', 'overcome anger-12 curiosity apple', 'overcome sciatica-11 curiosity apple', 'succumb anger-12 curiosity apple', 'feast satiety bacon lettuce', 'overcome anger-12 curiosity apple', 'drink wurst apple', 'feast curiosity apple muffin', 'succumb anger-12 curiosity muffin', 'overcome anger-12 curiosity muffin', 'succumb sciatica-11 curiosity muffin', 'overcome anxiety satiety lettuce', 'feast satiety lettuce cherry', 'succumb anxiety satiety cherry', 'feast curiosity muffin tofu', 'drink muffin tofu', 'feast curiosity tofu cherry', 'succumb anger-12 curiosity cherry']
[EVAL INSTANCE] timeout number=14 path=../problems/numeric/mprime/instances/pfile22.pddl limit=21600.0s

[EVAL FINAL] success=17.0/20=0.850
[EVAL] EASY       | success=0.850 | instances= 20 | avg_len_success=9.82 | avg_len_fail=-2.00

[EVAL] SUCCESSFUL PLAN SUMMARY
[EVAL][PLAN SUMMARY] EASY       | pfile01.pddl | steps=5 | plan=['overcome abrasion rest pork', 'feast rest pork lamb', 'feast rest lamb flounder', 'feast rest flounder rice', 'succumb abrasion rest rice']
[EVAL][PLAN SUMMARY] EASY       | pfile02.pddl | steps=8 | plan=['overcome grief-7 entertainment ham', 'feast satiety onion beef', 'feast entertainment ham muffin', 'overcome depression-1 entertainment muffin', 'feast entertainment muffin onion', 'feast entertainment onion beef', 'succumb grief-7 entertainment beef', 'succumb depression-1 entertainment beef']
[EVAL][PLAN SUMMARY] EASY       | pfile04.pddl | steps=9 | plan=['feast aesthetics shrimp cherry', 'feast aesthetics cherry arugula', 'feast aesthetics arugula wurst', 'drink bacon wurst', 'feast aesthetics wurst grapefruit', 'overcome sciatica aesthetics grapefruit', 'drink shrimp grapefruit', 'feast aesthetics grapefruit wurst', 'succumb sciatica aesthetics wurst']
[EVAL][PLAN SUMMARY] EASY       | pfile05.pddl | steps=11 | plan=['overcome grief satisfaction broccoli', 'feast satisfaction broccoli chocolate', 'feast satisfaction chocolate shrimp', 'succumb grief satisfaction shrimp', 'drink shrimp sweetroll', 'feast lubricity sweetroll scallop', 'overcome loneliness lubricity scallop', 'drink turkey scallop', 'feast lubricity scallop cherry', 'feast lubricity cherry shrimp', 'succumb loneliness lubricity shrimp']
[EVAL][PLAN SUMMARY] EASY       | pfile09.pddl | steps=10 | plan=['overcome jealousy excitement guava', 'overcome sciatica entertainment flounder', 'feast entertainment flounder hamburger', 'succumb sciatica entertainment hamburger', 'feast curiosity hotdog wurst', 'feast excitement guava apple', 'feast excitement apple hotdog', 'drink wurst hotdog', 'feast excitement hotdog wurst', 'succumb jealousy excitement wurst']
[EVAL][PLAN SUMMARY] EASY       | pfile13.pddl | steps=19 | plan=['feast love baguette lemon', 'overcome laceration-20 love lemon', 'overcome prostatitis-18 love lemon', 'feast love lemon baguette', 'feast love baguette lobster', 'succumb prostatitis-18 love lobster', 'succumb laceration-20 love lobster', 'feast aesthetics hamburger papaya', 'feast aesthetics papaya lobster', 'overcome laceration-20 aesthetics lobster', 'feast aesthetics lobster baguette', 'drink lemon baguette', 'feast aesthetics baguette lemon', 'feast aesthetics lemon onion', 'feast aesthetics onion turkey', 'feast aesthetics turkey potato', 'feast aesthetics potato muffin', 'feast aesthetics muffin ham', 'succumb laceration-20 aesthetics ham']
[EVAL][PLAN SUMMARY] EASY       | pfile15.pddl | steps=7 | plan=['overcome jealousy satisfaction pistachio', 'feast satisfaction pistachio broccoli', 'feast understanding cod chicken', 'feast satisfaction broccoli lemon', 'feast satisfaction lemon cod', 'feast satisfaction cod chicken', 'succumb jealousy satisfaction chicken']
[EVAL][PLAN SUMMARY] EASY       | pfile16.pddl | steps=6 | plan=['overcome abrasion learning baguette', 'drink rice baguette', 'overcome sciatica learning baguette', 'feast learning baguette rice', 'succumb abrasion learning rice', 'succumb sciatica learning rice']
[EVAL][PLAN SUMMARY] EASY       | pfile19.pddl | steps=8 | plan=['feast lubricity lemon beef', 'overcome abrasion lubricity beef', 'feast love haroset lobster', 'feast lubricity beef lamb', 'feast lubricity lamb haroset', 'drink lobster haroset', 'feast lubricity haroset lobster', 'succumb abrasion lubricity lobster']
[EVAL][PLAN SUMMARY] EASY       | pfile20.pddl | steps=13 | plan=['overcome abrasion intoxication wonderbread', 'overcome dread triumph yogurt', 'overcome laceration achievement cherry', 'feast intoxication wonderbread yogurt', 'feast intoxication yogurt tuna', 'succumb laceration achievement cherry', 'succumb abrasion intoxication tuna', 'feast triumph yogurt tuna', 'overcome abrasion intoxication tuna', 'feast intoxication tuna turkey', 'feast intoxication turkey guava', 'feast intoxication guava pepper', 'succumb abrasion intoxication pepper']
[EVAL][PLAN SUMMARY] EASY       | pfile21.pddl | steps=6 | plan=['feast love flounder wurst', 'overcome sciatica love wurst', 'drink hamburger wurst', 'feast love wurst snickers', 'feast love snickers apple', 'succumb sciatica love apple']
[EVAL][PLAN SUMMARY] EASY       | pfile23.pddl | steps=17 | plan=['feast intoxication onion apple', 'overcome laceration intoxication apple', 'feast intoxication apple pistachio', 'succumb laceration intoxication pistachio', 'overcome laceration intoxication pistachio', 'feast intoxication pistachio scallop', 'succumb laceration intoxication scallop', 'feast curiosity grapefruit beef', 'feast curiosity beef chicken', 'overcome laceration intoxication scallop', 'feast intoxication scallop ham', 'feast intoxication ham papaya', 'feast intoxication papaya lamb', 'feast intoxication lamb hotdog', 'drink papaya hotdog', 'feast intoxication hotdog chicken', 'succumb laceration intoxication chicken']
[EVAL][PLAN SUMMARY] EASY       | pfile24.pddl | steps=18 | plan=['feast curiosity muffin apple', 'overcome anger-12 curiosity apple', 'overcome sciatica-11 curiosity apple', 'succumb anger-12 curiosity apple', 'feast satiety bacon lettuce', 'overcome anger-12 curiosity apple', 'drink wurst apple', 'feast curiosity apple muffin', 'succumb anger-12 curiosity muffin', 'overcome anger-12 curiosity muffin', 'succumb sciatica-11 curiosity muffin', 'overcome anxiety satiety lettuce', 'feast satiety lettuce cherry', 'succumb anxiety satiety cherry', 'feast curiosity muffin tofu', 'drink muffin tofu', 'feast curiosity tofu cherry', 'succumb anger-12 curiosity cherry']
[EVAL][PLAN SUMMARY] EASY       | pfile25.pddl | steps=4 | plan=['feast expectation tuna wurst', 'overcome depression expectation wurst', 'feast expectation wurst chicken', 'succumb depression expectation chicken']
[EVAL][PLAN SUMMARY] EASY       | pfile26.pddl | steps=9 | plan=['overcome boils entertainment haroset', 'feast entertainment haroset rice', 'feast entertainment rice pistachio', 'succumb boils entertainment pistachio', 'feast empathy scallop rice', 'overcome boils entertainment pistachio', 'feast entertainment pistachio turkey', 'feast entertainment turkey papaya', 'succumb boils entertainment papaya']
[EVAL][PLAN SUMMARY] EASY       | pfile27.pddl | steps=5 | plan=['overcome grief satisfaction scallion', 'overcome boils satisfaction scallion', 'feast satisfaction scallion guava', 'succumb boils satisfaction guava', 'succumb grief satisfaction guava']
[EVAL][PLAN SUMMARY] EASY       | pfile28.pddl | steps=12 | plan=['feast intoxication wurst lamb', 'feast intoxication lamb broccoli', 'overcome boils intoxication broccoli', 'feast intoxication broccoli lamb', 'succumb boils intoxication lamb', 'overcome grief intoxication lamb', 'feast intoxication lamb broccoli', 'feast intoxication broccoli muffin', 'overcome anger intoxication muffin', 'feast intoxication muffin broccoli', 'feast intoxication broccoli lamb', 'succumb anger intoxication lamb']

[EVAL] OVERALL success=0.850
spec:  
=== SpawnExploreSpec ===

  [ CORE ]
    domain_type                              : numeric
    pddls                                    : ('../problems/numeric/mprime/domain.pddl', '../problems/numeric/mprime/instances/pfile01.pddl')
    difficulty                               : Easy
    trainer_seed                             : 1239739722
    slot_id                                  : 0
    num_slots                                : 20

  [ PLANNER / TEACHER ]
    teacher_planner                          : enhsp
    teacher_timeout_s                        : 1
    use_teacher_envelope                     : False
    enhsp_config                             : hmrp-ha-gbfs
    max_len                                  : 10000

  [ HEURISTICS ]
    ssipp_dg_heuristic                       : None
    fd_heuristic                             : astar-hadd
    ssipp_teacher_heuristic                  : lm-cut
    use_lm_cuts                              : False
    use_numeric_landmarks                    : False
    use_contributions                        : False

  [ MCTS & EXPLORATION ]
    mcts_iterations                          : 70
    mcts_expansion_k                         : 20
    mcts_exploration_weight                  : 0.1
    mcts_progressive_widening                : True
    mcts_pw_min_width                        : 3
    mcts_pw_c                                : 0.6
    mcts_pw_alpha                            : 0.5
    mcts_root_visit_tie_break                : action_id
    mcts_her_strategy                        : False
    sample_k_additional_states               : 0

  [ ESTIMATOR & DECAY ]
    estimator_h_to_v_coeff                   : 1.0
    use_estimator                            : 0.5
    estimator_decay_coeff_start              : 1.0
    estimator_decay_coeff_end                : 0.2
    estimator_decay_epochs                   : 0

  [ ACTION POLICY ]
    action_policy                            : argmax
    action_policy_epsilon                    : 0.0
    action_policy_temperature                : None
    action_policy_decay_rate                 : None
    action_policy_duplicate_penalty          : 0.0

  [ MISC / TRAINING ]
    use_fluents                              : True
    use_comps                                : False
    fixed_instance_pddl                      : False
    original_training_set                    : False
    freeze_train_steps                       : 50
    freeze_batch_size                        : 32

  [ OTHER ]
    use_act_history                          : True
    only_one_good_action                     : False
    heuristic_bootstrapping                  : False
    goal_path_reconstruction                 : None
    ENHSP_plan_bootstrap                     : True
    est_plan_z                               : False
    timeout                                  : 86400
    puct_debug                               : False
    action_debug                             : False
    use_estimator_decay                      : False
    action_policy_goal_chase_distance_threshold : -1
    evaluation_mode                          : True
    evaluation_index                         : 1
    mcts_enforce_remaining_horizon           : False
    mcts_terminal_safe_action_selection      : False
    mcts_context_diagnostics                 : False
    mcts_contextual_nodes                    : False
    mcts_context_witness_limit               : 128

Inference success rate: 0.85, took: 26680.998154878616s
Importing architecture from experiments_numeric.architecture_2.mprime_mcts
Importing problem from experiments_numeric.domain.mprime
Resuming from checkpoint "/home/hersco/bershco-nu-asnets/numeric-asnets/asnets/experiment-results/experiments_numeric.domain.mprime_validation_ipc_scale_v1-experiments_numeric.architecture_2.mprime-2026-08-27T10:22:13.145394/P[domain,pfile01,pfile02,pfile04,pfile05]-S[0.003,50,enhsp-hmrp-ha-gbfs]-MO[]-T[518400]-04915056-7d9a779/snapshots/snapshot_7_0.750"
Using experiment dir "/home/hersco/bershco-nu-asnets/numeric-asnets/asnets/experiment-results/experiments_numeric.domain.mprime_validation_ipc_scale_v1-experiments_numeric.architecture_2.mprime-2026-08-27T10:22:13.145394"






Testing network
Running command line "/home/hersco/bershco-nu-asnets/numeric-asnets/venv-asnets/bin/python3 -u -m asnets.scripts.run_asnets --no-train --minimal-file-saves --resume-from /home/hersco/bershco-nu-asnets/numeric-asnets/asnets/experiment-results/experiments_numeric.domain.mprime_validation_ipc_scale_v1-experiments_numeric.architecture_2.mprime-2026-08-27T10:22:13.145394/P[domain,pfile01,pfile02,pfile04,pfile05]-S[0.003,50,enhsp-hmrp-ha-gbfs]-MO[]-T[518400]-04915056-7d9a779/snapshots/snapshot_7_0.750 -e /home/hersco/bershco-nu-asnets/numeric-asnets/asnets/experiment-results/experiments_numeric.domain.mprime_validation_ipc_scale_v1-experiments_numeric.architecture_2.mprime-2026-08-27T10:22:13.145394 --jpddl-max-heap 4g --eval-with-mcts --eval-scheduling rolling --eval-instance-timeout 21600.0 --eval-completion-file /home/hersco/training_new_domains/2026-09-13/mprime_phase_b_a_stage1_pw70/off/1239739722/full/completion/mprime-s1-phase-b-a-off-1239739722-e0007-pw70-k3.jsonl --det-eval --no-use-lm-cuts --use-act-history --no-use-teacher-envelope --max-opt-epochs 1000 --teacher-timeout-s 1 --use-fluents --enhsp-config hmrp-ha-gbfs --limit-train-obs-size 1200 --exploration-algorithm mcts --rollouts 2 --min-explored 10 --max-explored 1000 --exploration-learning-ratio 10 --max-replay-size 150000 --action-policy argmax --action-policy-epsilon 0.0 --domain-type numeric --num-layers 2 --hidden-size 15 --l2-reg 0.005 --l1-reg 0.0 --mse 0.5 -R 1 -L 10000 -t 518400 --supervised-lr 0.003 --supervised-bs 50 --supervised-early-stop 20 --save-every 1 --opt-batch-per-epoch 60 --teacher-planner enhsp --sup-objective MCTS_VISIT_DIST -L 10000 --seed 1239739722 --mcts-expansion-size 20 --mcts-heuristic hadd-gbfs --mcts-exploration-weight 0.1 --mcts-progressive-widening --mcts-pw-min-width 3 --mcts-pw-c 0.6 --mcts-pw-alpha 0.5 --disable-value-head --num-workers 3 --mcts-iterations 70 --use-estimator 0.5 ../problems/numeric/mprime/domain.pddl ../problems/numeric/mprime/instances/pfile01.pddl ../problems/numeric/mprime/instances/pfile02.pddl ../problems/numeric/mprime/instances/pfile04.pddl ../problems/numeric/mprime/instances/pfile05.pddl ../problems/numeric/mprime/instances/pfile09.pddl ../problems/numeric/mprime/instances/pfile13.pddl ../problems/numeric/mprime/instances/pfile14.pddl ../problems/numeric/mprime/instances/pfile15.pddl ../problems/numeric/mprime/instances/pfile16.pddl ../problems/numeric/mprime/instances/pfile18.pddl ../problems/numeric/mprime/instances/pfile19.pddl ../problems/numeric/mprime/instances/pfile20.pddl ../problems/numeric/mprime/instances/pfile21.pddl ../problems/numeric/mprime/instances/pfile22.pddl ../problems/numeric/mprime/instances/pfile23.pddl ../problems/numeric/mprime/instances/pfile24.pddl ../problems/numeric/mprime/instances/pfile25.pddl ../problems/numeric/mprime/instances/pfile26.pddl ../problems/numeric/mprime/instances/pfile27.pddl ../problems/numeric/mprime/instances/pfile28.pddl --validation-pddls-easy ../problems/numeric/mprime/valid_easy/pfile0.pddl ../problems/numeric/mprime/valid_easy/pfile1.pddl ../problems/numeric/mprime/valid_easy/pfile2.pddl ../problems/numeric/mprime/valid_easy/pfile3.pddl ../problems/numeric/mprime/valid_easy/pfile4.pddl ../problems/numeric/mprime/valid_easy/pfile5.pddl ../problems/numeric/mprime/valid_easy/pfile6.pddl ../problems/numeric/mprime/valid_easy/pfile7.pddl ../problems/numeric/mprime/valid_easy/pfile8.pddl ../problems/numeric/mprime/valid_easy/pfile9.pddl --validation-pddls-medium ../problems/numeric/mprime/valid_medium/pfile0.pddl ../problems/numeric/mprime/valid_medium/pfile1.pddl ../problems/numeric/mprime/valid_medium/pfile2.pddl ../problems/numeric/mprime/valid_medium/pfile3.pddl ../problems/numeric/mprime/valid_medium/pfile4.pddl ../problems/numeric/mprime/valid_medium/pfile5.pddl ../problems/numeric/mprime/valid_medium/pfile6.pddl ../problems/numeric/mprime/valid_medium/pfile7.pddl ../problems/numeric/mprime/valid_medium/pfile8.pddl ../problems/numeric/mprime/valid_medium/pfile9.pddl --validation-pddls-hard ../problems/numeric/mprime/valid_hard/pfile0.pddl ../problems/numeric/mprime/valid_hard/pfile1.pddl ../problems/numeric/mprime/valid_hard/pfile2.pddl ../problems/numeric/mprime/valid_hard/pfile3.pddl ../problems/numeric/mprime/valid_hard/pfile4.pddl ../problems/numeric/mprime/valid_hard/pfile5.pddl ../problems/numeric/mprime/valid_hard/pfile6.pddl ../problems/numeric/mprime/valid_hard/pfile7.pddl ../problems/numeric/mprime/valid_hard/pfile8.pddl ../problems/numeric/mprime/valid_hard/pfile9.pddl"
Will write results to /home/hersco/bershco-nu-asnets/numeric-asnets/asnets/experiment-results/experiments_numeric.domain.mprime_validation_ipc_scale_v1-experiments_numeric.architecture_2.mprime-2026-08-27T10:22:13.145394/runs/e8683555103ae097a226598059ddfdf0
Force-killing a process
Process exited with code -15: tee /home/hersco/bershco-nu-asnets/numeric-asnets/asnets/experiment-results/experiments_numeric.domain.mprime_validation_ipc_scale_v1-experiments_numeric.architecture_2.mprime-2026-08-27T10:22:13.145394/runs/e8683555103ae097a226598059ddfdf0/stdout
Force-killing a process
Process exited with code -15: tee /home/hersco/bershco-nu-asnets/numeric-asnets/asnets/experiment-results/experiments_numeric.domain.mprime_validation_ipc_scale_v1-experiments_numeric.architecture_2.mprime-2026-08-27T10:22:13.145394/runs/e8683555103ae097a226598059ddfdf0/stderr
Fin :-)
[VAL] Starting validation guardrail
[VAL] Log       : /home/hersco/training_new_domains/2026-09-13/mprime_phase_b_a_stage1_pw70/off/1239739722/full/attempts/21259752_r0.txt
[VAL] Domain    : mprime
[VAL] Validator : /home/hersco/tools/VAL/build/bin/Validate
[VAL] Domain module : /home/hersco/bershco-nu-asnets/numeric-asnets-mprime-pw-9fe4f9e6/asnets/experiments_numeric/domain/mprime.py
[VAL] PDDL dir      : /home/hersco/bershco-nu-asnets/numeric-asnets-mprime-pw-9fe4f9e6/problems/numeric/mprime
[VAL] COMMON_PDDLS  : /home/hersco/bershco-nu-asnets/numeric-asnets-mprime-pw-9fe4f9e6/problems/numeric/mprime/domain.pddl
[VAL] Evaluator successes : 17
[VAL] Evaluator total     : 20
[VAL] Plan records found  : 17
[VAL] Unique instances    : 17
[VAL] OK   pfile01.pddl (1 candidate plan(s))
[VAL] OK   pfile04.pddl (1 candidate plan(s))
[VAL] OK   pfile02.pddl (1 candidate plan(s))
[VAL] OK   pfile09.pddl (1 candidate plan(s))
[VAL] OK   pfile05.pddl (1 candidate plan(s))
[VAL] OK   pfile15.pddl (1 candidate plan(s))
[VAL] OK   pfile16.pddl (1 candidate plan(s))
[VAL] OK   pfile13.pddl (1 candidate plan(s))
[VAL] OK   pfile19.pddl (1 candidate plan(s))
[VAL] OK   pfile20.pddl (1 candidate plan(s))
[VAL] OK   pfile21.pddl (1 candidate plan(s))
[VAL] OK   pfile23.pddl (1 candidate plan(s))
[VAL] OK   pfile25.pddl (1 candidate plan(s))
[VAL] OK   pfile26.pddl (1 candidate plan(s))
[VAL] OK   pfile27.pddl (1 candidate plan(s))
[VAL] OK   pfile28.pddl (1 candidate plan(s))
[VAL] OK   pfile24.pddl (1 candidate plan(s))
[VAL] Summary CSV        : /home/hersco/training_new_domains/2026-09-13/mprime_phase_b_a_stage1_pw70/off/1239739722/full/validation/21259752_r0.val.csv

[VAL] ===== VALIDATION SUMMARY =====
[VAL] Evaluator successes : 17
[VAL] Printed plan records: 17
[VAL] Printed instances   : 17
[VAL] VAL-valid plans     : 17
[VAL] VAL-invalid plans   : 0
[VAL] =================================
[VAL] Retry-aware partial validation successful: all unique printed successful instances pass VAL
