------------------------------------
Mon 14 Sep 2026 15:55:39 IDT
SLURM_JOBID:		21261165
SLURM_JOB_NODELIST:	cs-cpu-11
SLURM_SCRATCH_DIR:	/scratch/hersco/21261165
Allocated Resouces:	cpu - 6 / mem - 122880 MB / gpu - 
SLURM_GPU_INDEX:	
Running as hersco from shperbsh account with normal QOS
------------------------------------
[MPRIME S1 PBA PW70] identity=mprime-s1-phase-b-a-on-1073581256-e0015-pw70-k3 vh=on seed=1073581256 epoch=15 smoke=no
[MPRIME S1 PBA PW70] width=20 simulations=70 Kmin=3 c=.6 alpha=.5 puct=.1 estimator=.5 terminal_safe=false
[MPRIME S1 PBA PW70] checkpoint=/home/hersco/bershco-nu-asnets/numeric-asnets/asnets/experiment-results/experiments_numeric.domain.mprime_validation_ipc_scale_v1-experiments_numeric.architecture_2.mprime-2026-08-27T10:22:09.631662/P[domain,pfile01,pfile02,pfile04,pfile05]-S[0.003,50,enhsp-hmrp-ha-gbfs]-MO[]-T[518400]-04915056-1247c09/snapshots/snapshot_15_0.750 commit=9fe4f9e695ed290cc370dd5c5b877c276578525c
2026-09-14 15:55:41.237712: I tensorflow/core/util/port.cc:111] oneDNN custom operations are on. You may see slightly different numerical results due to floating-point round-off errors from different computation orders. To turn them off, set the environment variable `TF_ENABLE_ONEDNN_OPTS=0`.
2026-09-14 15:55:41.279901: E tensorflow/compiler/xla/stream_executor/cuda/cuda_dnn.cc:9342] Unable to register cuDNN factory: Attempting to register factory for plugin cuDNN when one has already been registered
2026-09-14 15:55:41.279962: E tensorflow/compiler/xla/stream_executor/cuda/cuda_fft.cc:609] Unable to register cuFFT factory: Attempting to register factory for plugin cuFFT when one has already been registered
2026-09-14 15:55:41.279997: E tensorflow/compiler/xla/stream_executor/cuda/cuda_blas.cc:1518] Unable to register cuBLAS factory: Attempting to register factory for plugin cuBLAS when one has already been registered
2026-09-14 15:55:41.288147: I tensorflow/core/platform/cpu_feature_guard.cc:182] This TensorFlow binary is optimized to use available CPU instructions in performance-critical operations.
To enable the following instructions: AVX2 AVX512F AVX512_VNNI FMA, in other operations, rebuild TensorFlow with the appropriate compiler flags.
[JPDDL] Maximum heap per worker: 4g
[2026-09-14 15:55:45,444] [INFO] [run_asnets.py:1491] Arguments are: Namespace(problems=None, domain_type=numeric, opt_patience=10, max_opt_epochs=1000, supervised_lr=0.003, lr_steps=[], supervised_bs=50, ssipp_teacher_heuristic='lm-cut', fd_teacher_heuristic='astar-hadd', enhsp_config='hmrp-ha-gbfs', supervised_early_stop=20, save_every=1, seed=1073581256, optimizer_opts={}, resume_from='/home/hersco/bershco-nu-asnets/numeric-asnets/asnets/experiment-results/experiments_numeric.domain.mprime_validation_ipc_scale_v1-experiments_numeric.architecture_2.mprime-2026-08-27T10:22:09.631662/P[domain,pfile01,pfile02,pfile04,pfile05]-S[0.003,50,enhsp-hmrp-ha-gbfs]-MO[]-T[518400]-04915056-1247c09/snapshots/snapshot_15_0.750', timeout=518400.0, model_opts={}, skip=True, num_layers=2, hidden_size=15, dropout=0.0, sup_objective=<SupervisedObjective.MCTS_VISIT_DIST: 3>, use_teacher_envelope=False, det_eval=True, ssipp_dg_heuristic=None, minimal_file_saves=True, use_lm_cuts=False, use_numeric_landmarks=False, use_contributions=False, use_act_history=True, save_training_set=None, use_saved_training_set=None, rounds_eval=1, limit_turns=10000, expt_dir='/home/hersco/bershco-nu-asnets/numeric-asnets/asnets/experiment-results/experiments_numeric.domain.mprime_validation_ipc_scale_v1-experiments_numeric.architecture_2.mprime-2026-08-27T10:22:09.631662', dK='dk', no_train=True, l1_reg=0.0, l2_reg=0.005, l1_l2_reg=0.0, mse=0.5, policy_anchor_kl_coeff=0.0, policy_anchor_kl_mode='constant', policy_anchor_kl_target=None, teacher_planner='enhsp', opt_batch_per_epoch=60, exploration_algorithm='mcts', eval_with_mcts=True, eval_mcts_enforce_remaining_horizon=False, eval_mcts_terminal_safe_action_selection=False, eval_mcts_root_visit_tie_break='action_id', eval_mcts_context_diagnostics=False, eval_mcts_contextual_nodes=False, eval_mcts_context_witness_limit=128, eval_start_wave=1, eval_scheduling='rolling', skip_instance_numbers=(), eval_instance_timeout=21600.0, eval_completion_file='/home/hersco/training_new_domains/2026-09-13/mprime_phase_b_a_stage1_pw70/on/1073581256/full/completion/mprime-s1-phase-b-a-on-1073581256-e0015-pw70-k3.jsonl', jpddl_max_heap='4g', action_debug=False, puct_debug=False, rollouts=2, min_explored=10, max_explored=1000, exploration_learning_ratio=10.0, max_replay_size=150000, teacher_timeout_s=1, plan_file_name='plan_sas', limit_train_obs_size='1200', use_fluents=True, use_comparisons=False, pddls=['../problems/numeric/mprime/domain.pddl', '../problems/numeric/mprime/instances/pfile01.pddl', '../problems/numeric/mprime/instances/pfile02.pddl', '../problems/numeric/mprime/instances/pfile04.pddl', '../problems/numeric/mprime/instances/pfile05.pddl', '../problems/numeric/mprime/instances/pfile09.pddl', '../problems/numeric/mprime/instances/pfile13.pddl', '../problems/numeric/mprime/instances/pfile14.pddl', '../problems/numeric/mprime/instances/pfile15.pddl', '../problems/numeric/mprime/instances/pfile16.pddl', '../problems/numeric/mprime/instances/pfile18.pddl', '../problems/numeric/mprime/instances/pfile19.pddl', '../problems/numeric/mprime/instances/pfile20.pddl', '../problems/numeric/mprime/instances/pfile21.pddl', '../problems/numeric/mprime/instances/pfile22.pddl', '../problems/numeric/mprime/instances/pfile23.pddl', '../problems/numeric/mprime/instances/pfile24.pddl', '../problems/numeric/mprime/instances/pfile25.pddl', '../problems/numeric/mprime/instances/pfile26.pddl', '../problems/numeric/mprime/instances/pfile27.pddl', '../problems/numeric/mprime/instances/pfile28.pddl'], mcts_rollout_horizon=3, graceful_timeout=86400, mcts_expansion_size=20, no_eval=False, mcts_heuristic='hadd-gbfs', minimization=False, mcts_exploration_weight=0.1, mcts_progressive_widening=True, mcts_pw_min_width=3, mcts_pw_c=0.6, mcts_pw_alpha=0.5, disable_value_head=False, mcts_iterations=70, heuristic_bootstrapping=False, mcts_her_strategy=False, num_workers=3, slurm_job_id=0, worker_logs=False, corrupt_pi=None, corrupt_z=None, fixed_instance=False, original_training_set=False, sample_k_additional_states=0, profile_dir=None, profile_sample_epochs=(0, 5, 25, 100), profile_sample_every=200, freeze_train=False, goal_path_reconstruction=None, action_policy='argmax', action_policy_goal_chase_distance_threshold=None, action_policy_epsilon=0.0, action_policy_temperature=None, action_policy_decay_rate=None, action_policy_duplicate_penalty=0.0, estimator_h_to_v_coeff=1.0, use_estimator_decay=False, use_estimator=0.5, estimator_decay_epochs=None, estimator_decay_coeff_start=1.0, estimator_decay_coeff_end=0.2, validation_pddls_easy=['../problems/numeric/mprime/valid_easy/pfile0.pddl', '../problems/numeric/mprime/valid_easy/pfile1.pddl', '../problems/numeric/mprime/valid_easy/pfile2.pddl', '../problems/numeric/mprime/valid_easy/pfile3.pddl', '../problems/numeric/mprime/valid_easy/pfile4.pddl', '../problems/numeric/mprime/valid_easy/pfile5.pddl', '../problems/numeric/mprime/valid_easy/pfile6.pddl', '../problems/numeric/mprime/valid_easy/pfile7.pddl', '../problems/numeric/mprime/valid_easy/pfile8.pddl', '../problems/numeric/mprime/valid_easy/pfile9.pddl'], validation_pddls_medium=['../problems/numeric/mprime/valid_medium/pfile0.pddl', '../problems/numeric/mprime/valid_medium/pfile1.pddl', '../problems/numeric/mprime/valid_medium/pfile2.pddl', '../problems/numeric/mprime/valid_medium/pfile3.pddl', '../problems/numeric/mprime/valid_medium/pfile4.pddl', '../problems/numeric/mprime/valid_medium/pfile5.pddl', '../problems/numeric/mprime/valid_medium/pfile6.pddl', '../problems/numeric/mprime/valid_medium/pfile7.pddl', '../problems/numeric/mprime/valid_medium/pfile8.pddl', '../problems/numeric/mprime/valid_medium/pfile9.pddl'], validation_pddls_hard=['../problems/numeric/mprime/valid_hard/pfile0.pddl', '../problems/numeric/mprime/valid_hard/pfile1.pddl', '../problems/numeric/mprime/valid_hard/pfile2.pddl', '../problems/numeric/mprime/valid_hard/pfile3.pddl', '../problems/numeric/mprime/valid_hard/pfile4.pddl', '../problems/numeric/mprime/valid_hard/pfile5.pddl', '../problems/numeric/mprime/valid_hard/pfile6.pddl', '../problems/numeric/mprime/valid_hard/pfile7.pddl', '../problems/numeric/mprime/valid_hard/pfile8.pddl', '../problems/numeric/mprime/valid_hard/pfile9.pddl'], validation_on_test_instances=False)
[2283328] Setting C/Python/Numpy/TF seeds to 1073581256
Unique prefix: P[domain,pfile01,pfile02,pfile04,pfile05,pfile09,...]-S[0.003,50,enhsp-hmrp-ha-gbfs]-MO[]-T[518400]-04941309-1247c09
Snapshot directory: /home/hersco/bershco-nu-asnets/numeric-asnets/asnets/experiment-results/experiments_numeric.domain.mprime_validation_ipc_scale_v1-experiments_numeric.architecture_2.mprime-2026-08-27T10:22:09.631662/P[domain,pfile01,pfile02,pfile04,pfile05,pfile09,...]-S[0.003,50,enhsp-hmrp-ha-gbfs]-MO[]-T[518400]-04941309-1247c09/snapshots
Training supervised on random instances (SPAWN, NO RPyC)
Instances: ['../problems/numeric/mprime/domain.pddl', '../problems/numeric/mprime/instances/pfile01.pddl', '../problems/numeric/mprime/instances/pfile02.pddl', '../problems/numeric/mprime/instances/pfile04.pddl', '../problems/numeric/mprime/instances/pfile05.pddl', '../problems/numeric/mprime/instances/pfile09.pddl', '../problems/numeric/mprime/instances/pfile13.pddl', '../problems/numeric/mprime/instances/pfile14.pddl', '../problems/numeric/mprime/instances/pfile15.pddl', '../problems/numeric/mprime/instances/pfile16.pddl', '../problems/numeric/mprime/instances/pfile18.pddl', '../problems/numeric/mprime/instances/pfile19.pddl', '../problems/numeric/mprime/instances/pfile20.pddl', '../problems/numeric/mprime/instances/pfile21.pddl', '../problems/numeric/mprime/instances/pfile22.pddl', '../problems/numeric/mprime/instances/pfile23.pddl', '../problems/numeric/mprime/instances/pfile24.pddl', '../problems/numeric/mprime/instances/pfile25.pddl', '../problems/numeric/mprime/instances/pfile26.pddl', '../problems/numeric/mprime/instances/pfile27.pddl', '../problems/numeric/mprime/instances/pfile28.pddl']
Starting to parse mdpsim problem: mprime-x-1
mdpsim:../problems/numeric/mprime/domain.pddl:3: assuming `:typing' requirement
mdpsim:../problems/numeric/mprime/domain.pddl:15: assuming `:fluents' requirement
Finished parsing mdpsim problem: mprime-x-1
[WM] Successfully loaded previous weight manager from /home/hersco/bershco-nu-asnets/numeric-asnets/asnets/experiment-results/experiments_numeric.domain.mprime_validation_ipc_scale_v1-experiments_numeric.architecture_2.mprime-2026-08-27T10:22:09.631662/P[domain,pfile01,pfile02,pfile04,pfile05]-S[0.003,50,enhsp-hmrp-ha-gbfs]-MO[]-T[518400]-04915056-1247c09/snapshots/snapshot_15_0.750/weights.joblib
[WM LOAD CHECK] mean/std/norm= 0.022256549447774887 0.15542082488536835 1.3597147464752197
[WM LOAD VERIFY] W0 saved mean/std/norm=(0.022256549447774887, 0.15542082488536835, 1.3597147464752197)
[2026-09-14 15:55:48,695] [INFO] [run_asnets.py:967] Tensorboard summary path: /home/hersco/bershco-nu-asnets/numeric-asnets/asnets/experiment-results/experiments_numeric.domain.mprime_validation_ipc_scale_v1-experiments_numeric.architecture_2.mprime-2026-08-27T10:22:09.631662/P[domain,pfile01,pfile02,pfile04,pfile05,pfile09,...]-S[0.003,50,enhsp-hmrp-ha-gbfs]-MO[]-T[518400]-04941309-1247c09/tensorboard
[EVAL INSTANCES] stable ordered test-set positions:
[EVAL INSTANCES] 1: ../problems/numeric/mprime/instances/pfile01.pddl
[EVAL INSTANCES] 2: ../problems/numeric/mprime/instances/pfile02.pddl
[EVAL INSTANCES] 3: ../problems/numeric/mprime/instances/pfile04.pddl
[EVAL INSTANCES] 4: ../problems/numeric/mprime/instances/pfile05.pddl
[EVAL INSTANCES] 5: ../problems/numeric/mprime/instances/pfile09.pddl
[EVAL INSTANCES] 6: ../problems/numeric/mprime/instances/pfile13.pddl
[EVAL INSTANCES] 7: ../problems/numeric/mprime/instances/pfile14.pddl
[EVAL INSTANCES] 8: ../problems/numeric/mprime/instances/pfile15.pddl
[EVAL INSTANCES] 9: ../problems/numeric/mprime/instances/pfile16.pddl
[EVAL INSTANCES] 10: ../problems/numeric/mprime/instances/pfile18.pddl
[EVAL INSTANCES] 11: ../problems/numeric/mprime/instances/pfile19.pddl
[EVAL INSTANCES] 12: ../problems/numeric/mprime/instances/pfile20.pddl
[EVAL INSTANCES] 13: ../problems/numeric/mprime/instances/pfile21.pddl
[EVAL INSTANCES] 14: ../problems/numeric/mprime/instances/pfile22.pddl
[EVAL INSTANCES] 15: ../problems/numeric/mprime/instances/pfile23.pddl
[EVAL INSTANCES] 16: ../problems/numeric/mprime/instances/pfile24.pddl
[EVAL INSTANCES] 17: ../problems/numeric/mprime/instances/pfile25.pddl
[EVAL INSTANCES] 18: ../problems/numeric/mprime/instances/pfile26.pddl
[EVAL INSTANCES] 19: ../problems/numeric/mprime/instances/pfile27.pddl
[EVAL INSTANCES] 20: ../problems/numeric/mprime/instances/pfile28.pddl
[EVAL RESUME] starting wave 1; worker_count=3; instance_offset=0; total_instances=20
[EVAL RESUME] selected instance numbers: [1, 2, 3, 4, 5, 6, 7, 8, 9, 10, 11, 12, 13, 14, 15, 16, 17, 18, 19, 20]
[EVAL] worker_fn=run_worker_eval_mcts
[EVAL] worker_fn=run_worker_eval_mcts
2026-09-14 15:55:49.125105: E tensorflow/compiler/xla/stream_executor/cuda/cuda_dnn.cc:9342] Unable to register cuDNN factory: Attempting to register factory for plugin cuDNN when one has already been registered
2026-09-14 15:55:49.125186: E tensorflow/compiler/xla/stream_executor/cuda/cuda_fft.cc:609] Unable to register cuFFT factory: Attempting to register factory for plugin cuFFT when one has already been registered
2026-09-14 15:55:49.125224: E tensorflow/compiler/xla/stream_executor/cuda/cuda_blas.cc:1518] Unable to register cuBLAS factory: Attempting to register factory for plugin cuBLAS when one has already been registered
[EVAL INSTANCE] started number=1 path=../problems/numeric/mprime/instances/pfile01.pddl pid=2284262
[EVAL INSTANCE] started number=2 path=../problems/numeric/mprime/instances/pfile02.pddl pid=2284263
[EVAL INSTANCE] started number=3 path=../problems/numeric/mprime/instances/pfile04.pddl pid=2284264
mdpsim:../problems/numeric/mprime/domain.pddl:3: assuming `:typing' requirement
mdpsim:../problems/numeric/mprime/domain.pddl:15: assuming `:fluents' requirement
mdpsim:../problems/numeric/mprime/domain.pddl:3: assuming `:typing' requirement
mdpsim:../problems/numeric/mprime/domain.pddl:15: assuming `:fluents' requirement
mdpsim:../problems/numeric/mprime/domain.pddl:3: assuming `:typing' requirement
mdpsim:../problems/numeric/mprime/domain.pddl:15: assuming `:fluents' requirement
[EVAL|Easy|2284262] Setting C/Python/Numpy/TF seeds to 1073581256
Starting [EVAL|Easy|2284262] on instance [0] ../problems/numeric/mprime/instances/pfile01.pddl
Starting to parse mdpsim problem: mprime-x-1
Finished parsing mdpsim problem: mprime-x-1
[EVAL|Easy|2284262] ACTION POLICY INITIALIZED
[EVAL|Easy|2284262] policy_class = ArgmaxGoalChasePathDuplicatePenaltyPolicy
[EVAL|Easy|2284262] distance_threshold = inf
[EVAL|Easy|2284262] duplicate_penalty = 0.0
[EVAL|Easy|2284262] root_visit_tie_break = action_id
[2026-09-14 15:56:11,343] [INFO] [enhspwrapper.py:84] Created temporary domain file: /tmp/domain_heuristic_pq_lg370.pddl
[2026-09-14 15:56:11,344] [INFO] [enhspwrapper.py:93] Created temporary instance file: /tmp/instance_heuristic_we3oraw3.pddl
[2026-09-14 15:56:11,868] [INFO] [enhspwrapper.py:51] Starting the heuristic server with config: hmrp-ha-gbfs
[EVAL|Easy|2284264] Setting C/Python/Numpy/TF seeds to 1073581258
Starting [EVAL|Easy|2284264] on instance [2] ../problems/numeric/mprime/instances/pfile04.pddl
Starting to parse mdpsim problem: mprime-x-4
Finished parsing mdpsim problem: mprime-x-4
[EVAL|Easy|2284264] ACTION POLICY INITIALIZED
[EVAL|Easy|2284264] policy_class = ArgmaxGoalChasePathDuplicatePenaltyPolicy
[EVAL|Easy|2284264] distance_threshold = inf
[EVAL|Easy|2284264] duplicate_penalty = 0.0
[EVAL|Easy|2284264] root_visit_tie_break = action_id
[2026-09-14 15:56:15,708] [INFO] [enhspwrapper.py:84] Created temporary domain file: /tmp/domain_heuristic_k3z3jimy.pddl
[2026-09-14 15:56:15,709] [INFO] [enhspwrapper.py:93] Created temporary instance file: /tmp/instance_heuristic_nxydr7ny.pddl
[2026-09-14 15:56:16,167] [INFO] [enhspwrapper.py:51] Starting the heuristic server with config: hmrp-ha-gbfs
[MCTS SEARCH SUMMARY] progressive_widening=True iterations_per_search=70 search_calls=5 nodes=636 peak_nodes=636 widening_events=339
[MCTS WIDTH SUMMARY] final_widths=(count=636 min=0 mean=1.37 median=0 p90=3 p95=4 max=10) root_widths=(count=5 min=4 mean=7.60 median=8 p90=10 p95=10 max=10) widen_event_widths=(count=339 min=3 mean=3.50 median=3 p90=5 p95=6 max=10) admitted_policy_ranks=(count=869 min=1 mean=1.91 median=2 p90=3 p95=3 max=3)
[MCTS DISTRIBUTION] final_width_counts=(0=371,3=230,4=20,5=6,6=3,7=2,8=1,9=1,10=2) node_visit_bins=(0=341,1=37,2=13,3-4=32,5-8=44,9-16=43,17-32=55,33-64=52,65-128=12,129+=7) selection_depth_bins=(0=9,1=8,2=8,3-4=19,5-8=46,9-16=101,17-32=108,33-64=51)
[MCTS WIDTH BY DEPTH] depth=0 count=349 min=3 mean=6.91 median=7 p90=10 p95=10 max=10
[MCTS WIDTH COUNTS BY DEPTH] depth=0 counts=(3=45,4=26,5=30,6=41,7=42,8=53,9=60,10=52)
[MCTS WIDTH BY DEPTH] depth=1 count=340 min=3 mean=6.84 median=7 p90=10 p95=10 max=10
[MCTS WIDTH COUNTS BY DEPTH] depth=1 counts=(3=44,4=27,5=30,6=41,7=41,8=53,9=60,10=44)
[MCTS WIDTH BY DEPTH] depth=2 count=331 min=3 mean=5.54 median=6 p90=8 p95=9 max=9
[MCTS WIDTH COUNTS BY DEPTH] depth=2 counts=(3=102,4=28,5=30,6=41,7=49,8=53,9=28)
[MCTS WIDTH BY DEPTH] depth=3-4 count=634 min=3 mean=4.28 median=4 p90=6 p95=7 max=8
[MCTS WIDTH COUNTS BY DEPTH] depth=3-4 counts=(3=315,4=70,5=73,6=118,7=51,8=7)
[MCTS WIDTH BY DEPTH] depth=5-9 count=1382 min=3 mean=3.45 median=3 p90=5 p95=5 max=6
[MCTS WIDTH COUNTS BY DEPTH] depth=5-9 counts=(3=948,4=272,5=136,6=26)
[MCTS WIDTH BY DEPTH] depth=10-19 count=1842 min=3 mean=3.07 median=3 p90=3 p95=4 max=4
[MCTS WIDTH COUNTS BY DEPTH] depth=10-19 counts=(3=1705,4=137)
[MCTS WIDTH BY DEPTH] depth=20-49 count=1524 min=3 mean=3.02 median=3 p90=3 p95=3 max=4
[MCTS WIDTH COUNTS BY DEPTH] depth=20-49 counts=(3=1500,4=24)
[MCTS WIDTH BY DEPTH] depth=50-99 count=78 min=3 mean=3.00 median=3 p90=3 p95=3 max=3
[MCTS WIDTH COUNTS BY DEPTH] depth=50-99 counts=(3=78)
[MCTS DEPTH SUMMARY] selection_depths=(count=350 min=0 mean=18.27 median=15 p90=37 p95=46 max=61) horizon_cutoffs=(count=0)
[MCTS ACTION SUMMARY] selected_raw_policy_ranks=(count=5 min=1 mean=1.00 median=1 p90=1 p95=1 max=1) known_goal_decisions=0 infeasible_known_goal_decisions=0
[MCTS TIME SUMMARY] selection=0.231254s expansion=18.608891s successor_generation=1.070029s network_inference=17.389831s evaluation=1.413332s backpropagation=0.051850s
[2026-09-14 15:56:24,399] [INFO] [enhspwrapper.py:224] Deleted temp file: /tmp/domain_heuristic_pq_lg370.pddl
[2026-09-14 15:56:24,399] [INFO] [enhspwrapper.py:224] Deleted temp file: /tmp/instance_heuristic_we3oraw3.pddl
[2026-09-14 15:56:24,399] [WARNING] [enhspwrapper.py:226] Failed to delete temp file /tmp/domain_heuristic_pq_lg370.pddl: [Errno 2] No such file or directory: '/tmp/domain_heuristic_pq_lg370.pddl'
[2026-09-14 15:56:24,399] [WARNING] [enhspwrapper.py:226] Failed to delete temp file /tmp/instance_heuristic_we3oraw3.pddl: [Errno 2] No such file or directory: '/tmp/instance_heuristic_we3oraw3.pddl'
[EVAL INSTANCE] completed number=1 path=../problems/numeric/mprime/instances/pfile01.pddl status=success elapsed=33.11s success=1.0 steps=5
[EVAL][PLAN] EASY       | pfile01.pddl | steps=5 | plan=['overcome abrasion rest pork', 'feast rest pork lamb', 'feast rest lamb flounder', 'feast rest flounder rice', 'succumb abrasion rest rice']
[EVAL INSTANCE] started number=4 path=../problems/numeric/mprime/instances/pfile05.pddl pid=2287837
mdpsim:../problems/numeric/mprime/domain.pddl:3: assuming `:typing' requirement
mdpsim:../problems/numeric/mprime/domain.pddl:15: assuming `:fluents' requirement
[MCTS SEARCH SUMMARY] progressive_widening=True iterations_per_search=70 search_calls=9 nodes=899 peak_nodes=899 widening_events=521
[MCTS WIDTH SUMMARY] final_widths=(count=899 min=0 mean=1.32 median=0 p90=3 p95=4 max=14) root_widths=(count=9 min=4 mean=9.78 median=10 p90=14 p95=14 max=14) widen_event_widths=(count=521 min=2 mean=4.03 median=3 p90=6 p95=9 max=14) admitted_policy_ranks=(count=1188 min=1 mean=1.84 median=2 p90=3 p95=3 max=3)
[MCTS DISTRIBUTION] final_width_counts=(0=565,2=1,3=261,4=29,5=20,6=11,7=3,8=1,9=2,10=1,11=1,12=1,13=1,14=2) node_visit_bins=(0=472,1=95,2=11,3-4=23,5-8=35,9-16=67,17-32=79,33-64=67,65-128=38,129+=12) selection_depth_bins=(0=13,1=12,2=12,3-4=29,5-8=79,9-16=172,17-32=189,33-64=124)
[MCTS WIDTH BY DEPTH] depth=0 count=629 min=3 mean=9.24 median=10 p90=13 p95=13 max=14
[MCTS WIDTH COUNTS BY DEPTH] depth=0 counts=(3=45,4=26,5=30,6=41,7=42,8=53,9=60,10=67,11=72,12=80,13=86,14=27)
[MCTS WIDTH BY DEPTH] depth=1 count=616 min=3 mean=9.15 median=10 p90=13 p95=13 max=14
[MCTS WIDTH COUNTS BY DEPTH] depth=1 counts=(3=44,4=27,5=30,6=41,7=41,8=53,9=60,10=67,11=72,12=80,13=86,14=15)
[MCTS WIDTH BY DEPTH] depth=2 count=603 min=3 mean=8.00 median=8 p90=12 p95=12 max=13
[MCTS WIDTH COUNTS BY DEPTH] depth=2 counts=(3=89,4=27,5=52,6=41,7=41,8=53,9=60,10=67,11=72,12=80,13=21)
[MCTS WIDTH BY DEPTH] depth=3-4 count=1166 min=3 mean=6.59 median=7 p90=10 p95=11 max=12
[MCTS WIDTH COUNTS BY DEPTH] depth=3-4 counts=(3=292,4=109,5=89,6=82,7=87,8=127,9=132,10=134,11=91,12=23)
[MCTS WIDTH BY DEPTH] depth=5-9 count=2578 min=3 mean=4.28 median=3 p90=7 p95=8 max=10
[MCTS WIDTH COUNTS BY DEPTH] depth=5-9 counts=(3=1360,4=389,5=217,6=247,7=178,8=115,9=60,10=12)
[MCTS WIDTH BY DEPTH] depth=10-19 count=3493 min=3 mean=3.25 median=3 p90=4 p95=5 max=6
[MCTS WIDTH COUNTS BY DEPTH] depth=10-19 counts=(3=2879,4=382,5=193,6=39)
[MCTS WIDTH BY DEPTH] depth=20-49 count=3408 min=2 mean=3.35 median=3 p90=5 p95=5 max=6
[MCTS WIDTH COUNTS BY DEPTH] depth=20-49 counts=(2=8,3=2587,4=453,5=326,6=34)
[MCTS DEPTH SUMMARY] selection_depths=(count=630 min=0 mean=19.36 median=16 p90=37 p95=41 max=48) horizon_cutoffs=(count=0)
[MCTS ACTION SUMMARY] selected_raw_policy_ranks=(count=9 min=1 mean=1.00 median=1 p90=1 p95=1 max=1) known_goal_decisions=0 infeasible_known_goal_decisions=0
[MCTS TIME SUMMARY] selection=0.419642s expansion=23.173520s successor_generation=3.965849s network_inference=18.930221s evaluation=2.112845s backpropagation=0.083201s
[2026-09-14 15:56:33,346] [INFO] [enhspwrapper.py:224] Deleted temp file: /tmp/domain_heuristic_k3z3jimy.pddl
[2026-09-14 15:56:33,347] [INFO] [enhspwrapper.py:224] Deleted temp file: /tmp/instance_heuristic_nxydr7ny.pddl
[2026-09-14 15:56:33,347] [WARNING] [enhspwrapper.py:226] Failed to delete temp file /tmp/domain_heuristic_k3z3jimy.pddl: [Errno 2] No such file or directory: '/tmp/domain_heuristic_k3z3jimy.pddl'
[2026-09-14 15:56:33,347] [WARNING] [enhspwrapper.py:226] Failed to delete temp file /tmp/instance_heuristic_nxydr7ny.pddl: [Errno 2] No such file or directory: '/tmp/instance_heuristic_nxydr7ny.pddl'
[EVAL INSTANCE] completed number=3 path=../problems/numeric/mprime/instances/pfile04.pddl status=success elapsed=41.87s success=1.0 steps=9
[EVAL][PLAN] EASY       | pfile04.pddl | steps=9 | plan=['feast aesthetics shrimp cherry', 'feast aesthetics cherry arugula', 'feast aesthetics arugula wurst', 'drink bacon wurst', 'feast aesthetics wurst grapefruit', 'overcome sciatica aesthetics grapefruit', 'drink muffin grapefruit', 'feast aesthetics grapefruit wurst', 'succumb sciatica aesthetics wurst']
[EVAL INSTANCE] started number=5 path=../problems/numeric/mprime/instances/pfile09.pddl pid=2288604
mdpsim:../problems/numeric/mprime/domain.pddl:3: assuming `:typing' requirement
mdpsim:../problems/numeric/mprime/domain.pddl:15: assuming `:fluents' requirement
[EVAL|Easy|2284263] Setting C/Python/Numpy/TF seeds to 1073581257
Starting [EVAL|Easy|2284263] on instance [1] ../problems/numeric/mprime/instances/pfile02.pddl
Starting to parse mdpsim problem: mprime-x-2
Finished parsing mdpsim problem: mprime-x-2
[EVAL|Easy|2284263] ACTION POLICY INITIALIZED
[EVAL|Easy|2284263] policy_class = ArgmaxGoalChasePathDuplicatePenaltyPolicy
[EVAL|Easy|2284263] distance_threshold = inf
[EVAL|Easy|2284263] duplicate_penalty = 0.0
[EVAL|Easy|2284263] root_visit_tie_break = action_id
[2026-09-14 15:56:36,504] [INFO] [enhspwrapper.py:84] Created temporary domain file: /tmp/domain_heuristic_fdmip7t5.pddl
[2026-09-14 15:56:36,506] [INFO] [enhspwrapper.py:93] Created temporary instance file: /tmp/instance_heuristic_f030b3qz.pddl
[2026-09-14 15:56:37,237] [INFO] [enhspwrapper.py:51] Starting the heuristic server with config: hmrp-ha-gbfs
[EVAL|Easy|2288604] Setting C/Python/Numpy/TF seeds to 1073581260
Starting [EVAL|Easy|2288604] on instance [4] ../problems/numeric/mprime/instances/pfile09.pddl
Starting to parse mdpsim problem: mprime-x-9
Finished parsing mdpsim problem: mprime-x-9
[EVAL|Easy|2288604] ACTION POLICY INITIALIZED
[EVAL|Easy|2288604] policy_class = ArgmaxGoalChasePathDuplicatePenaltyPolicy
[EVAL|Easy|2288604] distance_threshold = inf
[EVAL|Easy|2288604] duplicate_penalty = 0.0
[EVAL|Easy|2288604] root_visit_tie_break = action_id
[2026-09-14 15:57:04,636] [INFO] [enhspwrapper.py:84] Created temporary domain file: /tmp/domain_heuristic_xwrzp_0n.pddl
[2026-09-14 15:57:04,637] [INFO] [enhspwrapper.py:93] Created temporary instance file: /tmp/instance_heuristic_ewvdujqh.pddl
[2026-09-14 15:57:05,274] [INFO] [enhspwrapper.py:51] Starting the heuristic server with config: hmrp-ha-gbfs
[EVAL|Easy|2287837] Setting C/Python/Numpy/TF seeds to 1073581259
Starting [EVAL|Easy|2287837] on instance [3] ../problems/numeric/mprime/instances/pfile05.pddl
Starting to parse mdpsim problem: mprime-x-5
Finished parsing mdpsim problem: mprime-x-5
[EVAL|Easy|2287837] ACTION POLICY INITIALIZED
[EVAL|Easy|2287837] policy_class = ArgmaxGoalChasePathDuplicatePenaltyPolicy
[EVAL|Easy|2287837] distance_threshold = inf
[EVAL|Easy|2287837] duplicate_penalty = 0.0
[EVAL|Easy|2287837] root_visit_tie_break = action_id
[2026-09-14 15:57:09,540] [INFO] [enhspwrapper.py:84] Created temporary domain file: /tmp/domain_heuristic_pdlbdrd5.pddl
[2026-09-14 15:57:09,541] [INFO] [enhspwrapper.py:93] Created temporary instance file: /tmp/instance_heuristic_7nbgisi_.pddl
[2026-09-14 15:57:10,239] [INFO] [enhspwrapper.py:51] Starting the heuristic server with config: hmrp-ha-gbfs
[MCTS SEARCH SUMMARY] progressive_widening=True iterations_per_search=70 search_calls=8 nodes=929 peak_nodes=929 widening_events=501
[MCTS WIDTH SUMMARY] final_widths=(count=929 min=0 mean=1.35 median=0 p90=3 p95=4 max=13) root_widths=(count=8 min=4 mean=8.88 median=9 p90=12 p95=12 max=12) widen_event_widths=(count=501 min=3 mean=3.70 median=3 p90=6 p95=8 max=13) admitted_policy_ranks=(count=1253 min=1 mean=1.90 median=2 p90=3 p95=3 max=3)
[MCTS DISTRIBUTION] final_width_counts=(0=553,3=327,4=24,5=10,6=5,7=1,8=3,9=1,10=2,11=1,12=1,13=1) node_visit_bins=(0=480,1=74,2=9,3-4=15,5-8=36,9-16=71,17-32=127,33-64=86,65-128=21,129+=10) selection_depth_bins=(0=13,1=11,2=14,3-4=32,5-8=75,9-16=114,17-32=171,33-64=130)
[MCTS WIDTH BY DEPTH] depth=0 count=559 min=3 mean=8.29 median=9 p90=11 p95=12 max=12
[MCTS WIDTH COUNTS BY DEPTH] depth=0 counts=(3=45,4=26,5=30,6=41,7=42,8=55,9=113,10=82,11=72,12=53)
[MCTS WIDTH BY DEPTH] depth=1 count=546 min=3 mean=8.12 median=8 p90=12 p95=13 max=13
[MCTS WIDTH COUNTS BY DEPTH] depth=1 counts=(3=44,4=27,5=30,6=41,7=69,8=94,9=60,10=67,11=46,12=38,13=30)
[MCTS WIDTH BY DEPTH] depth=2 count=535 min=3 mean=7.15 median=7 p90=11 p95=12 max=12
[MCTS WIDTH COUNTS BY DEPTH] depth=2 counts=(3=46,4=32,5=78,6=81,7=70,8=64,9=60,10=36,11=36,12=32)
[MCTS WIDTH BY DEPTH] depth=3-4 count=1021 min=3 mean=5.68 median=5 p90=9 p95=10 max=11
[MCTS WIDTH COUNTS BY DEPTH] depth=3-4 counts=(3=273,4=125,5=134,6=126,7=112,8=99,9=66,10=59,11=27)
[MCTS WIDTH BY DEPTH] depth=5-9 count=2191 min=3 mean=3.61 median=3 p90=6 p95=7 max=9
[MCTS WIDTH COUNTS BY DEPTH] depth=5-9 counts=(3=1602,4=257,5=110,6=91,7=77,8=46,9=8)
[MCTS WIDTH BY DEPTH] depth=10-19 count=3229 min=3 mean=3.10 median=3 p90=3 p95=4 max=6
[MCTS WIDTH COUNTS BY DEPTH] depth=10-19 counts=(3=3021,4=113,5=63,6=32)
[MCTS WIDTH BY DEPTH] depth=20-49 count=3670 min=3 mean=3.14 median=3 p90=4 p95=4 max=6
[MCTS WIDTH COUNTS BY DEPTH] depth=20-49 counts=(3=3272,4=307,5=84,6=7)
[MCTS WIDTH BY DEPTH] depth=50-99 count=59 min=3 mean=3.00 median=3 p90=3 p95=3 max=3
[MCTS WIDTH COUNTS BY DEPTH] depth=50-99 counts=(3=59)
[MCTS DEPTH SUMMARY] selection_depths=(count=560 min=0 mean=20.76 median=18 p90=42 p95=48 max=56) horizon_cutoffs=(count=0)
[MCTS ACTION SUMMARY] selected_raw_policy_ranks=(count=8 min=1 mean=1.00 median=1 p90=1 p95=1 max=1) known_goal_decisions=0 infeasible_known_goal_decisions=0
[MCTS TIME SUMMARY] selection=0.419333s expansion=77.887014s successor_generation=23.875873s network_inference=53.432901s evaluation=10.628363s backpropagation=0.086954s
[2026-09-14 15:57:42,881] [INFO] [enhspwrapper.py:224] Deleted temp file: /tmp/domain_heuristic_fdmip7t5.pddl
[2026-09-14 15:57:42,882] [INFO] [enhspwrapper.py:224] Deleted temp file: /tmp/instance_heuristic_f030b3qz.pddl
[2026-09-14 15:57:42,882] [WARNING] [enhspwrapper.py:226] Failed to delete temp file /tmp/domain_heuristic_fdmip7t5.pddl: [Errno 2] No such file or directory: '/tmp/domain_heuristic_fdmip7t5.pddl'
[2026-09-14 15:57:42,882] [WARNING] [enhspwrapper.py:226] Failed to delete temp file /tmp/instance_heuristic_f030b3qz.pddl: [Errno 2] No such file or directory: '/tmp/instance_heuristic_f030b3qz.pddl'
[EVAL INSTANCE] completed number=2 path=../problems/numeric/mprime/instances/pfile02.pddl status=success elapsed=111.55s success=1.0 steps=8
[EVAL][PLAN] EASY       | pfile02.pddl | steps=8 | plan=['feast satiety onion beef', 'overcome grief-7 entertainment ham', 'feast entertainment ham muffin', 'overcome depression-1 entertainment muffin', 'feast entertainment muffin onion', 'feast entertainment onion beef', 'succumb grief-7 entertainment beef', 'succumb depression-1 entertainment beef']
[EVAL INSTANCE] started number=6 path=../problems/numeric/mprime/instances/pfile13.pddl pid=2295730
[MCTS SEARCH SUMMARY] progressive_widening=True iterations_per_search=70 search_calls=11 nodes=782 peak_nodes=782 widening_events=536
[MCTS WIDTH SUMMARY] final_widths=(count=782 min=0 mean=1.67 median=0 p90=3 p95=4 max=13) root_widths=(count=11 min=4 mean=9.91 median=11 p90=12 p95=13 max=13) widen_event_widths=(count=536 min=2 mean=3.94 median=3 p90=7 p95=9 max=13) admitted_policy_ranks=(count=1307 min=1 mean=1.88 median=2 p90=3 p95=3 max=3)
[MCTS DISTRIBUTION] final_width_counts=(0=396,2=1,3=337,4=22,5=8,6=2,7=5,8=2,9=1,10=1,11=1,12=5,13=1) node_visit_bins=(0=305,1=91,2=8,3-4=11,5-8=41,9-16=90,17-32=117,33-64=87,65-128=15,129+=17) selection_depth_bins=(0=15,1=17,2=18,3-4=42,5-8=102,9-16=171,17-32=362,33-64=43)
[MCTS WIDTH BY DEPTH] depth=0 count=769 min=3 mean=9.50 median=11 p90=12 p95=13 max=13
[MCTS WIDTH COUNTS BY DEPTH] depth=0 counts=(3=45,4=28,5=30,6=42,7=41,8=51,9=61,10=68,11=153,12=204,13=46)
[MCTS WIDTH BY DEPTH] depth=1 count=752 min=3 mean=8.76 median=10 p90=12 p95=12 max=12
[MCTS WIDTH COUNTS BY DEPTH] depth=1 counts=(3=45,4=28,5=31,6=76,7=72,8=54,9=60,10=95,11=189,12=102)
[MCTS WIDTH BY DEPTH] depth=2 count=735 min=3 mean=7.33 median=7 p90=11 p95=11 max=11
[MCTS WIDTH COUNTS BY DEPTH] depth=2 counts=(3=89,4=50,5=62,6=79,7=96,8=62,9=88,10=119,11=90)
[MCTS WIDTH BY DEPTH] depth=3-4 count=1409 min=3 mean=5.96 median=6 p90=9 p95=10 max=10
[MCTS WIDTH COUNTS BY DEPTH] depth=3-4 counts=(3=336,4=136,5=151,6=208,7=167,8=147,9=140,10=124)
[MCTS WIDTH BY DEPTH] depth=5-9 count=3060 min=3 mean=4.34 median=3 p90=8 p95=9 max=10
[MCTS WIDTH COUNTS BY DEPTH] depth=5-9 counts=(3=1702,4=360,5=296,6=221,7=165,8=141,9=117,10=58)
[MCTS WIDTH BY DEPTH] depth=10-19 count=4342 min=2 mean=3.08 median=3 p90=3 p95=4 max=6
[MCTS WIDTH COUNTS BY DEPTH] depth=10-19 counts=(2=4,3=4044,4=232,5=59,6=3)
[MCTS WIDTH BY DEPTH] depth=20-49 count=2314 min=2 mean=3.04 median=3 p90=3 p95=3 max=4
[MCTS WIDTH COUNTS BY DEPTH] depth=20-49 counts=(2=1,3=2213,4=100)
[MCTS DEPTH SUMMARY] selection_depths=(count=770 min=0 mean=16.88 median=17 p90=30 p95=33 max=37) horizon_cutoffs=(count=0)
[MCTS ACTION SUMMARY] selected_raw_policy_ranks=(count=11 min=1 mean=1.27 median=1 p90=1 p95=4 max=4) known_goal_decisions=0 infeasible_known_goal_decisions=0
[MCTS TIME SUMMARY] selection=0.437338s expansion=44.569603s successor_generation=11.486674s network_inference=32.693090s evaluation=8.395592s backpropagation=0.081558s
[2026-09-14 15:57:43,514] [INFO] [enhspwrapper.py:224] Deleted temp file: /tmp/domain_heuristic_xwrzp_0n.pddl
[2026-09-14 15:57:43,515] [INFO] [enhspwrapper.py:224] Deleted temp file: /tmp/instance_heuristic_ewvdujqh.pddl
[2026-09-14 15:57:43,516] [WARNING] [enhspwrapper.py:226] Failed to delete temp file /tmp/domain_heuristic_xwrzp_0n.pddl: [Errno 2] No such file or directory: '/tmp/domain_heuristic_xwrzp_0n.pddl'
[2026-09-14 15:57:43,516] [WARNING] [enhspwrapper.py:226] Failed to delete temp file /tmp/instance_heuristic_ewvdujqh.pddl: [Errno 2] No such file or directory: '/tmp/instance_heuristic_ewvdujqh.pddl'
mdpsim:../problems/numeric/mprime/domain.pddl:3: assuming `:typing' requirement
mdpsim:../problems/numeric/mprime/domain.pddl:15: assuming `:fluents' requirement
[EVAL INSTANCE] completed number=5 path=../problems/numeric/mprime/instances/pfile09.pddl status=success elapsed=70.17s success=1.0 steps=11
[EVAL][PLAN] EASY       | pfile09.pddl | steps=11 | plan=['feast curiosity hotdog wurst', 'feast curiosity wurst flounder', 'overcome jealousy excitement guava', 'overcome sciatica curiosity flounder', 'feast curiosity flounder hamburger', 'succumb sciatica curiosity hamburger', 'feast excitement guava apple', 'feast excitement apple hotdog', 'drink guava hotdog', 'feast excitement hotdog wurst', 'succumb jealousy excitement wurst']
[EVAL INSTANCE] started number=7 path=../problems/numeric/mprime/instances/pfile14.pddl pid=2295735
mdpsim:../problems/numeric/mprime/domain.pddl:3: assuming `:typing' requirement
mdpsim:../problems/numeric/mprime/domain.pddl:15: assuming `:fluents' requirement
[MCTS SEARCH SUMMARY] progressive_widening=True iterations_per_search=70 search_calls=14 nodes=520 peak_nodes=520 widening_events=541
[MCTS WIDTH SUMMARY] final_widths=(count=520 min=0 mean=1.99 median=0 p90=4 p95=7 max=17) root_widths=(count=14 min=4 mean=11.93 median=12 p90=16 p95=17 max=17) widen_event_widths=(count=541 min=3 mean=5.38 median=4 p90=10 p95=13 max=17) admitted_policy_ranks=(count=1033 min=1 mean=1.71 median=1 p90=3 p95=3 max=3)
[MCTS DISTRIBUTION] final_width_counts=(0=274,3=183,4=12,5=14,6=7,7=6,8=2,9=7,10=2,11=3,12=1,13=1,14=1,15=3,16=2,17=2) node_visit_bins=(0=138,1=140,2=11,3-4=32,5-8=46,9-16=39,17-32=46,33-64=15,65-128=20,129+=33) selection_depth_bins=(0=17,1=15,2=17,3-4=35,5-8=98,9-16=383,17-32=396,33-64=19)
[MCTS WIDTH BY DEPTH] depth=0 count=979 min=3 mean=11.45 median=12 p90=16 p95=17 max=17
[MCTS WIDTH COUNTS BY DEPTH] depth=0 counts=(3=45,4=26,5=30,6=41,7=42,8=53,9=60,10=67,11=72,12=80,13=86,14=100,15=105,16=119,17=53)
[MCTS WIDTH BY DEPTH] depth=1 count=962 min=3 mean=11.36 median=12 p90=16 p95=16 max=17
[MCTS WIDTH COUNTS BY DEPTH] depth=1 counts=(3=44,4=27,5=30,6=41,7=41,8=53,9=60,10=67,11=72,12=80,13=86,14=104,15=100,16=119,17=38)
[MCTS WIDTH BY DEPTH] depth=2 count=947 min=3 mean=11.13 median=12 p90=15 p95=16 max=16
[MCTS WIDTH COUNTS BY DEPTH] depth=2 counts=(3=44,4=27,5=30,6=41,7=41,8=53,9=60,10=67,11=72,12=80,13=95,14=125,15=148,16=64)
[MCTS WIDTH BY DEPTH] depth=3-4 count=1842 min=3 mean=10.17 median=11 p90=14 p95=15 max=15
[MCTS WIDTH COUNTS BY DEPTH] depth=3-4 counts=(3=92,4=54,5=69,6=119,7=104,8=101,9=149,10=193,11=188,12=182,13=257,14=234,15=100)
[MCTS WIDTH BY DEPTH] depth=5-9 count=4211 min=3 mean=7.13 median=7 p90=11 p95=12 max=14
[MCTS WIDTH COUNTS BY DEPTH] depth=5-9 counts=(3=843,4=320,5=351,6=387,7=363,8=386,9=416,10=415,11=326,12=261,13=119,14=24)
[MCTS WIDTH BY DEPTH] depth=10-19 count=5438 min=3 mean=4.75 median=4 p90=8 p95=9 max=11
[MCTS WIDTH COUNTS BY DEPTH] depth=10-19 counts=(3=2313,4=762,5=618,6=564,7=481,8=402,9=220,10=62,11=16)
[MCTS WIDTH BY DEPTH] depth=20-49 count=1551 min=3 mean=3.53 median=3 p90=5 p95=6 max=8
[MCTS WIDTH COUNTS BY DEPTH] depth=20-49 counts=(3=1158,4=141,5=127,6=88,7=20,8=17)
[MCTS DEPTH SUMMARY] selection_depths=(count=980 min=0 mean=15.51 median=15 p90=25 p95=29 max=36) horizon_cutoffs=(count=0)
[MCTS ACTION SUMMARY] selected_raw_policy_ranks=(count=14 min=1 mean=1.00 median=1 p90=1 p95=1 max=1) known_goal_decisions=0 infeasible_known_goal_decisions=0
[MCTS TIME SUMMARY] selection=0.701106s expansion=52.300588s successor_generation=13.836446s network_inference=37.925798s evaluation=12.892728s backpropagation=0.104774s
[2026-09-14 15:58:00,283] [INFO] [enhspwrapper.py:224] Deleted temp file: /tmp/domain_heuristic_pdlbdrd5.pddl
[2026-09-14 15:58:00,284] [INFO] [enhspwrapper.py:224] Deleted temp file: /tmp/instance_heuristic_7nbgisi_.pddl
[2026-09-14 15:58:00,284] [WARNING] [enhspwrapper.py:226] Failed to delete temp file /tmp/domain_heuristic_pdlbdrd5.pddl: [Errno 2] No such file or directory: '/tmp/domain_heuristic_pdlbdrd5.pddl'
[2026-09-14 15:58:00,284] [WARNING] [enhspwrapper.py:226] Failed to delete temp file /tmp/instance_heuristic_7nbgisi_.pddl: [Errno 2] No such file or directory: '/tmp/instance_heuristic_7nbgisi_.pddl'
[EVAL INSTANCE] completed number=4 path=../problems/numeric/mprime/instances/pfile05.pddl status=success elapsed=95.84s success=1.0 steps=14
[EVAL][PLAN] EASY       | pfile05.pddl | steps=14 | plan=['drink turkey sweetroll', 'feast lubricity sweetroll shrimp', 'overcome grief satisfaction broccoli', 'feast satisfaction broccoli chocolate', 'feast satisfaction chocolate shrimp', 'succumb grief satisfaction shrimp', 'feast lubricity shrimp cherry', 'feast lubricity cherry scallop', 'overcome loneliness lubricity scallop', 'drink broccoli sweetroll', 'drink broccoli scallop', 'feast lubricity scallop sweetroll', 'feast lubricity sweetroll shrimp', 'succumb loneliness lubricity shrimp']
[EVAL INSTANCE] started number=8 path=../problems/numeric/mprime/instances/pfile15.pddl pid=2297781
mdpsim:../problems/numeric/mprime/domain.pddl:3: assuming `:typing' requirement
mdpsim:../problems/numeric/mprime/domain.pddl:15: assuming `:fluents' requirement
[EVAL|Easy|2297781] Setting C/Python/Numpy/TF seeds to 1073581263
Starting [EVAL|Easy|2297781] on instance [7] ../problems/numeric/mprime/instances/pfile15.pddl
Starting to parse mdpsim problem: mprime-x-15
Finished parsing mdpsim problem: mprime-x-15
[EVAL|Easy|2297781] ACTION POLICY INITIALIZED
[EVAL|Easy|2297781] policy_class = ArgmaxGoalChasePathDuplicatePenaltyPolicy
[EVAL|Easy|2297781] distance_threshold = inf
[EVAL|Easy|2297781] duplicate_penalty = 0.0
[EVAL|Easy|2297781] root_visit_tie_break = action_id
[2026-09-14 15:59:54,810] [INFO] [enhspwrapper.py:84] Created temporary domain file: /tmp/domain_heuristic_svwzs274.pddl
[2026-09-14 15:59:54,811] [INFO] [enhspwrapper.py:93] Created temporary instance file: /tmp/instance_heuristic_uw5sp577.pddl
[2026-09-14 15:59:56,471] [INFO] [enhspwrapper.py:51] Starting the heuristic server with config: hmrp-ha-gbfs
[EVAL|Easy|2295730] Setting C/Python/Numpy/TF seeds to 1073581261
Starting [EVAL|Easy|2295730] on instance [5] ../problems/numeric/mprime/instances/pfile13.pddl
Starting to parse mdpsim problem: mprime-x-13
Finished parsing mdpsim problem: mprime-x-13
[EVAL|Easy|2295730] ACTION POLICY INITIALIZED
[EVAL|Easy|2295730] policy_class = ArgmaxGoalChasePathDuplicatePenaltyPolicy
[EVAL|Easy|2295730] distance_threshold = inf
[EVAL|Easy|2295730] duplicate_penalty = 0.0
[EVAL|Easy|2295730] root_visit_tie_break = action_id
[2026-09-14 16:07:54,721] [INFO] [enhspwrapper.py:84] Created temporary domain file: /tmp/domain_heuristic_7ovk_bp6.pddl
[2026-09-14 16:07:54,722] [INFO] [enhspwrapper.py:93] Created temporary instance file: /tmp/instance_heuristic_15pxq_l7.pddl
[2026-09-14 16:07:58,205] [INFO] [enhspwrapper.py:51] Starting the heuristic server with config: hmrp-ha-gbfs
[EVAL|Easy|2295735] Setting C/Python/Numpy/TF seeds to 1073581262
Starting [EVAL|Easy|2295735] on instance [6] ../problems/numeric/mprime/instances/pfile14.pddl
Starting to parse mdpsim problem: mprime-x-14
Finished parsing mdpsim problem: mprime-x-14
[EVAL|Easy|2295735] ACTION POLICY INITIALIZED
[EVAL|Easy|2295735] policy_class = ArgmaxGoalChasePathDuplicatePenaltyPolicy
[EVAL|Easy|2295735] distance_threshold = inf
[EVAL|Easy|2295735] duplicate_penalty = 0.0
[EVAL|Easy|2295735] root_visit_tie_break = action_id
[2026-09-14 16:10:34,153] [INFO] [enhspwrapper.py:84] Created temporary domain file: /tmp/domain_heuristic_8dk86d15.pddl
[2026-09-14 16:10:34,153] [INFO] [enhspwrapper.py:93] Created temporary instance file: /tmp/instance_heuristic_kgwxcwts.pddl
[2026-09-14 16:10:37,881] [INFO] [enhspwrapper.py:51] Starting the heuristic server with config: hmrp-ha-gbfs
[MCTS SEARCH SUMMARY] progressive_widening=True iterations_per_search=70 search_calls=34 nodes=5001 peak_nodes=5001 widening_events=2380
[MCTS WIDTH SUMMARY] final_widths=(count=5001 min=0 mean=1.17 median=0 p90=3 p95=3 max=20) root_widths=(count=34 min=4 mean=15.32 median=17 p90=20 p95=20 max=20) widen_event_widths=(count=2380 min=3 mean=4.59 median=3 p90=10 p95=14 max=20) admitted_policy_ranks=(count=5840 min=1 mean=1.89 median=2 p90=3 p95=3 max=3)
[MCTS DISTRIBUTION] final_width_counts=(0=3271,3=1563,4=84,5=35,6=7,7=8,8=3,9=1,10=1,12=2,13=1,14=2,15=1,16=3,17=1,18=2,19=2,20=14) node_visit_bins=(0=2813,1=460,2=63,3-4=121,5-8=231,9-16=387,17-32=477,33-64=348,65-128=60,129+=41) selection_depth_bins=(0=27,1=30,2=32,3-4=63,5-8=155,9-16=401,17-32=871,33-64=689,65-128=112)
[MCTS WIDTH BY DEPTH] depth=0 count=2379 min=3 mean=14.96 median=17 p90=20 p95=20 max=20
[MCTS WIDTH COUNTS BY DEPTH] depth=0 counts=(3=48,4=50,5=60,6=113,7=123,8=53,9=60,10=52,11=79,12=95,13=86,14=104,15=100,16=119,17=127,18=138,19=148,20=824)
[MCTS WIDTH BY DEPTH] depth=1 count=2345 min=3 mean=14.77 median=17 p90=20 p95=20 max=20
[MCTS WIDTH COUNTS BY DEPTH] depth=1 counts=(3=170,4=25,5=90,6=55,7=41,8=53,9=35,10=91,11=80,12=80,13=90,14=100,15=102,16=117,17=132,18=136,19=143,20=805)
[MCTS WIDTH BY DEPTH] depth=2 count=2311 min=3 mean=14.40 median=16 p90=20 p95=20 max=20
[MCTS WIDTH COUNTS BY DEPTH] depth=2 counts=(3=202,4=77,5=42,6=41,7=48,8=27,9=95,10=65,11=72,12=80,13=97,14=92,15=113,16=137,17=128,18=135,19=144,20=716)
[MCTS WIDTH BY DEPTH] depth=3-4 count=4534 min=3 mean=13.62 median=15 p90=20 p95=20 max=20
[MCTS WIDTH COUNTS BY DEPTH] depth=3-4 counts=(3=540,4=103,5=98,6=98,7=144,8=145,9=117,10=134,11=148,12=174,13=175,14=193,15=246,16=272,17=250,18=271,19=292,20=1134)
[MCTS WIDTH BY DEPTH] depth=5-9 count=10699 min=3 mean=11.66 median=13 p90=20 p95=20 max=20
[MCTS WIDTH COUNTS BY DEPTH] depth=5-9 counts=(3=2102,4=449,5=347,6=282,7=337,8=286,9=296,10=338,11=363,12=416,13=471,14=576,15=601,16=583,17=633,18=686,19=736,20=1197)
[MCTS WIDTH BY DEPTH] depth=10-19 count=17738 min=3 mean=7.78 median=6 p90=15 p95=17 max=19
[MCTS WIDTH COUNTS BY DEPTH] depth=10-19 counts=(3=7029,4=954,5=682,6=636,7=490,8=528,9=616,10=753,11=812,12=917,13=971,14=873,15=808,16=674,17=527,18=343,19=125)
[MCTS WIDTH BY DEPTH] depth=20-49 count=22952 min=3 mean=3.61 median=3 p90=5 p95=8 max=13
[MCTS WIDTH COUNTS BY DEPTH] depth=20-49 counts=(3=19019,4=1276,5=545,6=377,7=373,8=381,9=360,10=271,11=210,12=119,13=21)
[MCTS WIDTH BY DEPTH] depth=50-99 count=3814 min=3 mean=3.00 median=3 p90=3 p95=3 max=3
[MCTS WIDTH COUNTS BY DEPTH] depth=50-99 counts=(3=3814)
[MCTS DEPTH SUMMARY] selection_depths=(count=2380 min=0 mean=27.78 median=25 p90=56 p95=64 max=82) horizon_cutoffs=(count=0)
[MCTS ACTION SUMMARY] selected_raw_policy_ranks=(count=34 min=1 mean=1.12 median=1 p90=1 p95=2 max=4) known_goal_decisions=0 infeasible_known_goal_decisions=0
[MCTS TIME SUMMARY] selection=3.127805s expansion=2281.288531s successor_generation=2093.492416s network_inference=177.417462s evaluation=331.002388s backpropagation=0.522932s
[2026-09-14 16:42:40,597] [INFO] [enhspwrapper.py:224] Deleted temp file: /tmp/domain_heuristic_svwzs274.pddl
[2026-09-14 16:42:40,597] [INFO] [enhspwrapper.py:224] Deleted temp file: /tmp/instance_heuristic_uw5sp577.pddl
[2026-09-14 16:42:40,597] [WARNING] [enhspwrapper.py:226] Failed to delete temp file /tmp/domain_heuristic_svwzs274.pddl: [Errno 2] No such file or directory: '/tmp/domain_heuristic_svwzs274.pddl'
[2026-09-14 16:42:40,597] [WARNING] [enhspwrapper.py:226] Failed to delete temp file /tmp/instance_heuristic_uw5sp577.pddl: [Errno 2] No such file or directory: '/tmp/instance_heuristic_uw5sp577.pddl'
[EVAL INSTANCE] completed number=8 path=../problems/numeric/mprime/instances/pfile15.pddl status=success elapsed=2680.53s success=1.0 steps=34
[EVAL][PLAN] EASY       | pfile15.pddl | steps=34 | plan=['feast learning broccoli pistachio', 'feast lubricity okra pistachio', 'overcome jealousy learning pistachio', 'feast learning pistachio okra', 'feast understanding cod chicken', 'feast learning okra cucumber', 'feast learning cucumber lobster', 'feast learning lobster ham', 'feast lubricity pistachio okra', 'feast empathy onion ham', 'feast learning ham bacon', 'feast learning bacon ham', 'feast learning ham bacon', 'feast learning bacon ham', 'feast learning ham bacon', 'feast learning bacon ham', 'succumb jealousy learning ham', 'feast stimulation lobster ham', 'overcome jealousy empathy ham', 'feast empathy ham lobster', 'feast empathy lobster cucumber', 'feast empathy cucumber lobster', 'feast empathy lobster ham', 'feast empathy ham lobster', 'feast empathy lobster cucumber', 'feast stimulation ham bacon', 'drink bacon cucumber', 'feast empathy cucumber okra', 'feast empathy okra pistachio', 'feast empathy pistachio broccoli', 'feast empathy broccoli lemon', 'feast empathy lemon cod', 'feast empathy cod chicken', 'succumb jealousy empathy chicken']
[EVAL INSTANCE] started number=9 path=../problems/numeric/mprime/instances/pfile16.pddl pid=2593320
mdpsim:../problems/numeric/mprime/domain.pddl:3: assuming `:typing' requirement
mdpsim:../problems/numeric/mprime/domain.pddl:15: assuming `:fluents' requirement
[EVAL|Easy|2593320] Setting C/Python/Numpy/TF seeds to 1073581264
Starting [EVAL|Easy|2593320] on instance [8] ../problems/numeric/mprime/instances/pfile16.pddl
Starting to parse mdpsim problem: mprime-x-16
Finished parsing mdpsim problem: mprime-x-16
[EVAL|Easy|2593320] ACTION POLICY INITIALIZED
[EVAL|Easy|2593320] policy_class = ArgmaxGoalChasePathDuplicatePenaltyPolicy
[EVAL|Easy|2593320] distance_threshold = inf
[EVAL|Easy|2593320] duplicate_penalty = 0.0
[EVAL|Easy|2593320] root_visit_tie_break = action_id
[2026-09-14 16:43:23,037] [INFO] [enhspwrapper.py:84] Created temporary domain file: /tmp/domain_heuristic_u2t7ovtc.pddl
[2026-09-14 16:43:23,038] [INFO] [enhspwrapper.py:93] Created temporary instance file: /tmp/instance_heuristic_fwx5pj6y.pddl
[2026-09-14 16:43:23,770] [INFO] [enhspwrapper.py:51] Starting the heuristic server with config: hmrp-ha-gbfs
[MCTS SEARCH SUMMARY] progressive_widening=True iterations_per_search=70 search_calls=15 nodes=2021 peak_nodes=2021 widening_events=994
[MCTS WIDTH SUMMARY] final_widths=(count=2021 min=0 mean=1.27 median=0 p90=3 p95=3 max=18) root_widths=(count=15 min=4 mean=12.33 median=13 p90=17 p95=18 max=18) widen_event_widths=(count=994 min=3 mean=4.06 median=3 p90=7 p95=11 max=18) admitted_policy_ranks=(count=2564 min=1 mean=1.92 median=2 p90=3 p95=3 max=3)
[MCTS DISTRIBUTION] final_width_counts=(0=1236,3=739,4=20,5=5,6=3,7=2,8=1,9=2,10=2,11=1,12=1,13=1,14=1,15=2,16=2,17=2,18=1) node_visit_bins=(0=1094,1=150,2=20,3-4=41,5-8=94,9-16=149,17-32=288,33-64=157,65-128=9,129+=19) selection_depth_bins=(0=18,1=16,2=22,3-4=42,5-8=99,9-16=251,17-32=321,33-64=281)
[MCTS WIDTH BY DEPTH] depth=0 count=1049 min=3 mean=11.81 median=13 p90=17 p95=17 max=18
[MCTS WIDTH COUNTS BY DEPTH] depth=0 counts=(3=45,4=26,5=30,6=41,7=42,8=53,9=60,10=67,11=72,12=80,13=86,14=108,15=101,16=120,17=112,18=6)
[MCTS WIDTH BY DEPTH] depth=1 count=1031 min=3 mean=11.72 median=13 p90=16 p95=17 max=17
[MCTS WIDTH COUNTS BY DEPTH] depth=1 counts=(3=44,4=27,5=30,6=41,7=41,8=53,9=60,10=67,11=72,12=80,13=91,14=103,15=100,16=120,17=102)
[MCTS WIDTH BY DEPTH] depth=2 count=1010 min=3 mean=10.93 median=12 p90=16 p95=16 max=17
[MCTS WIDTH COUNTS BY DEPTH] depth=2 counts=(3=67,4=27,5=30,6=41,7=41,8=53,9=103,10=70,11=72,12=80,13=97,14=92,15=114,16=105,17=18)
[MCTS WIDTH BY DEPTH] depth=3-4 count=1960 min=3 mean=9.58 median=10 p90=15 p95=15 max=16
[MCTS WIDTH COUNTS BY DEPTH] depth=3-4 counts=(3=245,4=65,5=88,6=112,7=98,8=157,9=153,10=134,11=144,12=171,13=182,14=191,15=179,16=41)
[MCTS WIDTH BY DEPTH] depth=5-9 count=4463 min=3 mean=6.75 median=6 p90=12 p95=13 max=14
[MCTS WIDTH COUNTS BY DEPTH] depth=5-9 counts=(3=1449,4=262,5=295,6=324,7=318,8=298,9=297,10=339,11=325,12=272,13=191,14=93)
[MCTS WIDTH BY DEPTH] depth=10-19 count=6541 min=3 mean=3.46 median=3 p90=5 p95=7 max=10
[MCTS WIDTH COUNTS BY DEPTH] depth=10-19 counts=(3=5465,4=346,5=219,6=153,7=134,8=116,9=81,10=27)
[MCTS WIDTH BY DEPTH] depth=20-49 count=7719 min=3 mean=3.01 median=3 p90=3 p95=3 max=5
[MCTS WIDTH COUNTS BY DEPTH] depth=20-49 counts=(3=7650,4=63,5=6)
[MCTS WIDTH BY DEPTH] depth=50-99 count=462 min=3 mean=3.02 median=3 p90=3 p95=3 max=4
[MCTS WIDTH COUNTS BY DEPTH] depth=50-99 counts=(3=453,4=9)
[MCTS DEPTH SUMMARY] selection_depths=(count=1050 min=0 mean=22.83 median=20 p90=45 p95=53 max=64) horizon_cutoffs=(count=0)
[MCTS ACTION SUMMARY] selected_raw_policy_ranks=(count=15 min=1 mean=1.00 median=1 p90=1 p95=1 max=1) known_goal_decisions=0 infeasible_known_goal_decisions=0
[MCTS TIME SUMMARY] selection=0.791446s expansion=122.353027s successor_generation=62.280747s network_inference=57.885940s evaluation=19.284663s backpropagation=0.158373s
[2026-09-14 16:45:28,325] [INFO] [enhspwrapper.py:224] Deleted temp file: /tmp/domain_heuristic_u2t7ovtc.pddl
[2026-09-14 16:45:28,325] [INFO] [enhspwrapper.py:224] Deleted temp file: /tmp/instance_heuristic_fwx5pj6y.pddl
[2026-09-14 16:45:28,325] [WARNING] [enhspwrapper.py:226] Failed to delete temp file /tmp/domain_heuristic_u2t7ovtc.pddl: [Errno 2] No such file or directory: '/tmp/domain_heuristic_u2t7ovtc.pddl'
[2026-09-14 16:45:28,325] [WARNING] [enhspwrapper.py:226] Failed to delete temp file /tmp/instance_heuristic_fwx5pj6y.pddl: [Errno 2] No such file or directory: '/tmp/instance_heuristic_fwx5pj6y.pddl'
[EVAL INSTANCE] completed number=9 path=../problems/numeric/mprime/instances/pfile16.pddl status=success elapsed=167.36s success=1.0 steps=15
[EVAL][PLAN] EASY       | pfile16.pddl | steps=15 | plan=['feast achievement rice baguette', 'drink wonderbread chicken', 'feast rest chicken bacon', 'feast excitement arugula baguette', 'feast rest bacon rice', 'feast satiety wonderbread arugula', 'feast satiety arugula baguette', 'overcome abrasion satiety baguette', 'drink chocolate baguette', 'feast satiety baguette rice', 'succumb abrasion satiety rice', 'overcome sciatica learning baguette', 'drink chocolate baguette', 'feast learning baguette rice', 'succumb sciatica learning rice']
[EVAL INSTANCE] started number=10 path=../problems/numeric/mprime/instances/pfile18.pddl pid=2610396
mdpsim:../problems/numeric/mprime/domain.pddl:3: assuming `:typing' requirement
mdpsim:../problems/numeric/mprime/domain.pddl:15: assuming `:fluents' requirement
[EVAL|Easy|2610396] Setting C/Python/Numpy/TF seeds to 1073581265
Starting [EVAL|Easy|2610396] on instance [9] ../problems/numeric/mprime/instances/pfile18.pddl
Starting to parse mdpsim problem: mprime-x-18
Finished parsing mdpsim problem: mprime-x-18
[EVAL|Easy|2610396] ACTION POLICY INITIALIZED
[EVAL|Easy|2610396] policy_class = ArgmaxGoalChasePathDuplicatePenaltyPolicy
[EVAL|Easy|2610396] distance_threshold = inf
[EVAL|Easy|2610396] duplicate_penalty = 0.0
[EVAL|Easy|2610396] root_visit_tie_break = action_id
[2026-09-14 16:46:40,379] [INFO] [enhspwrapper.py:84] Created temporary domain file: /tmp/domain_heuristic_gjyvqvjt.pddl
[2026-09-14 16:46:40,379] [INFO] [enhspwrapper.py:93] Created temporary instance file: /tmp/instance_heuristic_asbl5ht6.pddl
[2026-09-14 16:46:41,651] [INFO] [enhspwrapper.py:51] Starting the heuristic server with config: hmrp-ha-gbfs
[MCTS SEARCH SUMMARY] progressive_widening=True iterations_per_search=70 search_calls=23 nodes=3345 peak_nodes=3345 widening_events=1553
[MCTS WIDTH SUMMARY] final_widths=(count=3345 min=0 mean=1.19 median=0 p90=3 p95=3 max=20) root_widths=(count=23 min=4 mean=14.48 median=15 p90=20 p95=20 max=20) widen_event_widths=(count=1553 min=3 mean=4.39 median=3 p90=9 p95=13 max=20) admitted_policy_ranks=(count=3997 min=1 mean=1.92 median=2 p90=3 p95=3 max=3)
[MCTS DISTRIBUTION] final_width_counts=(0=2123,3=1174,4=12,5=5,6=5,7=4,8=1,9=1,10=1,11=1,12=1,13=2,14=1,15=2,16=1,17=2,18=2,19=2,20=5) node_visit_bins=(0=1831,1=307,2=53,3-4=108,5-8=194,9-16=274,17-32=356,33-64=183,65-128=12,129+=27) selection_depth_bins=(0=21,1=27,2=25,3-4=57,5-8=132,9-16=334,17-32=594,33-64=420)
[MCTS WIDTH BY DEPTH] depth=0 count=1609 min=3 mean=13.97 median=15 p90=20 p95=20 max=20
[MCTS WIDTH COUNTS BY DEPTH] depth=0 counts=(3=45,4=46,5=39,6=55,7=47,8=54,9=53,10=67,11=72,12=90,13=87,14=92,15=92,16=145,17=117,18=135,19=143,20=230)
[MCTS WIDTH BY DEPTH] depth=1 count=1587 min=3 mean=13.81 median=15 p90=20 p95=20 max=20
[MCTS WIDTH COUNTS BY DEPTH] depth=1 counts=(3=85,4=28,5=34,6=37,7=46,8=53,9=59,10=66,11=76,12=81,13=86,14=92,15=110,16=132,17=126,18=132,19=148,20=196)
[MCTS WIDTH BY DEPTH] depth=2 count=1560 min=3 mean=13.11 median=14 p90=19 p95=20 max=20
[MCTS WIDTH COUNTS BY DEPTH] depth=2 counts=(3=87,4=25,5=49,6=77,7=60,8=53,9=60,10=67,11=72,12=80,13=86,14=84,15=132,16=117,17=127,18=135,19=143,20=106)
[MCTS WIDTH BY DEPTH] depth=3-4 count=3038 min=3 mean=11.92 median=13 p90=18 p95=19 max=20
[MCTS WIDTH COUNTS BY DEPTH] depth=3-4 counts=(3=273,4=94,5=173,6=134,7=106,8=106,9=120,10=134,11=144,12=130,13=201,14=226,15=226,16=225,17=247,18=271,19=210,20=18)
[MCTS WIDTH BY DEPTH] depth=5-9 count=7003 min=3 mean=9.31 median=10 p90=16 p95=17 max=18
[MCTS WIDTH COUNTS BY DEPTH] depth=5-9 counts=(3=1833,4=307,5=240,6=225,7=223,8=270,9=308,10=350,11=378,12=458,13=454,14=493,15=540,16=465,17=321,18=138)
[MCTS WIDTH BY DEPTH] depth=10-19 count=10964 min=3 mean=5.25 median=3 p90=11 p95=12 max=15
[MCTS WIDTH COUNTS BY DEPTH] depth=10-19 counts=(3=6460,4=477,5=393,6=506,7=495,8=465,9=460,10=447,11=405,12=362,13=272,14=177,15=45)
[MCTS WIDTH BY DEPTH] depth=20-49 count=11297 min=3 mean=3.02 median=3 p90=3 p95=3 max=6
[MCTS WIDTH COUNTS BY DEPTH] depth=20-49 counts=(3=11152,4=75,5=58,6=12)
[MCTS WIDTH BY DEPTH] depth=50-99 count=108 min=3 mean=3.00 median=3 p90=3 p95=3 max=3
[MCTS WIDTH COUNTS BY DEPTH] depth=50-99 counts=(3=108)
[MCTS DEPTH SUMMARY] selection_depths=(count=1610 min=0 mean=22.84 median=22 p90=41 p95=45 max=62) horizon_cutoffs=(count=0)
[MCTS ACTION SUMMARY] selected_raw_policy_ranks=(count=23 min=1 mean=1.26 median=1 p90=1 p95=4 max=4) known_goal_decisions=0 infeasible_known_goal_decisions=0
[MCTS TIME SUMMARY] selection=1.770778s expansion=5879.904231s successor_generation=5252.277196s network_inference=599.971435s evaluation=840.768236s backpropagation=0.333312s
[2026-09-14 17:55:32,012] [INFO] [enhspwrapper.py:224] Deleted temp file: /tmp/domain_heuristic_7ovk_bp6.pddl
[2026-09-14 17:55:32,013] [INFO] [enhspwrapper.py:224] Deleted temp file: /tmp/instance_heuristic_15pxq_l7.pddl
[2026-09-14 17:55:32,030] [WARNING] [enhspwrapper.py:226] Failed to delete temp file /tmp/domain_heuristic_7ovk_bp6.pddl: [Errno 2] No such file or directory: '/tmp/domain_heuristic_7ovk_bp6.pddl'
[2026-09-14 17:55:32,030] [WARNING] [enhspwrapper.py:226] Failed to delete temp file /tmp/instance_heuristic_15pxq_l7.pddl: [Errno 2] No such file or directory: '/tmp/instance_heuristic_15pxq_l7.pddl'
[EVAL INSTANCE] completed number=6 path=../problems/numeric/mprime/instances/pfile13.pddl status=success elapsed=7073.74s success=1.0 steps=23
[EVAL][PLAN] EASY       | pfile13.pddl | steps=23 | plan=['feast love baguette lemon', 'feast aesthetics hamburger papaya', 'overcome laceration-20 love lemon', 'drink flounder ham', 'overcome prostatitis-18 love lemon', 'feast love lemon baguette', 'feast love baguette lobster', 'succumb prostatitis-18 love lobster', 'feast love lobster papaya', 'feast love papaya hamburger', 'feast love hamburger scallion', 'feast love scallion flounder', 'drink muffin scallop', 'feast curiosity ham wurst', 'feast curiosity wurst ham', 'drink lemon ham', 'feast love flounder lemon', 'feast love lemon onion', 'feast love onion turkey', 'feast love turkey potato', 'feast love potato muffin', 'feast love muffin ham', 'succumb laceration-20 love ham']
[EVAL INSTANCE] started number=11 path=../problems/numeric/mprime/instances/pfile19.pddl pid=3140802
mdpsim:../problems/numeric/mprime/domain.pddl:3: assuming `:typing' requirement
mdpsim:../problems/numeric/mprime/domain.pddl:15: assuming `:fluents' requirement
[EVAL|Easy|3140802] Setting C/Python/Numpy/TF seeds to 1073581266
Starting [EVAL|Easy|3140802] on instance [10] ../problems/numeric/mprime/instances/pfile19.pddl
Starting to parse mdpsim problem: mprime-x-19
Finished parsing mdpsim problem: mprime-x-19
[EVAL|Easy|3140802] ACTION POLICY INITIALIZED
[EVAL|Easy|3140802] policy_class = ArgmaxGoalChasePathDuplicatePenaltyPolicy
[EVAL|Easy|3140802] distance_threshold = inf
[EVAL|Easy|3140802] duplicate_penalty = 0.0
[EVAL|Easy|3140802] root_visit_tie_break = action_id
[2026-09-14 17:57:53,219] [INFO] [enhspwrapper.py:84] Created temporary domain file: /tmp/domain_heuristic_q9itwaft.pddl
[2026-09-14 17:57:53,220] [INFO] [enhspwrapper.py:93] Created temporary instance file: /tmp/instance_heuristic_10lwy6r3.pddl
[2026-09-14 17:57:55,217] [INFO] [enhspwrapper.py:51] Starting the heuristic server with config: hmrp-ha-gbfs
[MCTS SEARCH SUMMARY] progressive_widening=True iterations_per_search=70 search_calls=17 nodes=2404 peak_nodes=2404 widening_events=1149
[MCTS WIDTH SUMMARY] final_widths=(count=2404 min=0 mean=1.26 median=0 p90=3 p95=3 max=18) root_widths=(count=17 min=4 mean=12.35 median=13 p90=18 p95=18 max=18) widen_event_widths=(count=1149 min=3 mean=4.02 median=3 p90=7 p95=11 max=18) admitted_policy_ranks=(count=3037 min=1 mean=1.93 median=2 p90=3 p95=3 max=3)
[MCTS DISTRIBUTION] final_width_counts=(0=1460,3=908,4=15,5=2,6=2,8=1,9=1,10=3,11=1,12=1,13=1,14=1,15=1,16=3,17=1,18=3) node_visit_bins=(0=1294,1=178,2=25,3-4=59,5-8=144,9-16=224,17-32=283,33-64=173,65-128=7,129+=17) selection_depth_bins=(0=21,1=21,2=21,3-4=52,5-8=117,9-16=255,17-32=387,33-64=316)
[MCTS WIDTH BY DEPTH] depth=0 count=1189 min=3 mean=11.75 median=13 p90=17 p95=18 max=18
[MCTS WIDTH COUNTS BY DEPTH] depth=0 counts=(3=56,4=62,5=60,6=45,7=41,8=15,9=68,10=90,11=72,12=80,13=86,14=92,15=101,16=133,17=122,18=66)
[MCTS WIDTH BY DEPTH] depth=1 count=1165 min=3 mean=11.62 median=12 p90=17 p95=17 max=18
[MCTS WIDTH COUNTS BY DEPTH] depth=1 counts=(3=115,4=31,5=30,6=23,7=16,8=83,9=66,10=67,11=72,12=80,13=86,14=75,15=132,16=118,17=127,18=44)
[MCTS WIDTH BY DEPTH] depth=2 count=1144 min=3 mean=11.04 median=12 p90=16 p95=17 max=17
[MCTS WIDTH COUNTS BY DEPTH] depth=2 counts=(3=112,4=24,5=4,6=51,7=66,8=54,9=98,10=87,11=72,12=80,13=57,14=134,15=113,16=105,17=87)
[MCTS WIDTH BY DEPTH] depth=3-4 count=2215 min=3 mean=9.56 median=10 p90=15 p95=16 max=17
[MCTS WIDTH COUNTS BY DEPTH] depth=3-4 counts=(3=371,4=107,5=87,6=83,7=108,8=145,9=136,10=134,11=103,12=175,13=221,14=192,15=218,16=132,17=3)
[MCTS WIDTH BY DEPTH] depth=5-9 count=5010 min=3 mean=6.94 median=6 p90=12 p95=13 max=15
[MCTS WIDTH COUNTS BY DEPTH] depth=5-9 counts=(3=1873,4=227,5=180,6=236,7=277,8=311,9=340,10=339,11=409,12=335,13=265,14=171,15=47)
[MCTS WIDTH BY DEPTH] depth=10-19 count=7550 min=3 mean=3.58 median=3 p90=6 p95=8 max=11
[MCTS WIDTH COUNTS BY DEPTH] depth=10-19 counts=(3=6322,4=208,5=220,6=222,7=189,8=159,9=130,10=83,11=17)
[MCTS WIDTH BY DEPTH] depth=20-49 count=8043 min=3 mean=3.00 median=3 p90=3 p95=3 max=3
[MCTS WIDTH COUNTS BY DEPTH] depth=20-49 counts=(3=8043)
[MCTS WIDTH BY DEPTH] depth=50-99 count=16 min=3 mean=3.00 median=3 p90=3 p95=3 max=3
[MCTS WIDTH COUNTS BY DEPTH] depth=50-99 counts=(3=16)
[MCTS DEPTH SUMMARY] selection_depths=(count=1190 min=0 mean=21.92 median=21 p90=40 p95=43 max=53) horizon_cutoffs=(count=0)
[MCTS ACTION SUMMARY] selected_raw_policy_ranks=(count=17 min=1 mean=1.53 median=1 p90=4 p95=4 max=4) known_goal_decisions=0 infeasible_known_goal_decisions=0
[MCTS TIME SUMMARY] selection=1.283905s expansion=496.783387s successor_generation=320.192282s network_inference=168.781268s evaluation=117.235130s backpropagation=0.262946s
[2026-09-14 18:07:03,869] [INFO] [enhspwrapper.py:224] Deleted temp file: /tmp/domain_heuristic_q9itwaft.pddl
[2026-09-14 18:07:03,870] [INFO] [enhspwrapper.py:224] Deleted temp file: /tmp/instance_heuristic_10lwy6r3.pddl
[2026-09-14 18:07:03,872] [WARNING] [enhspwrapper.py:226] Failed to delete temp file /tmp/domain_heuristic_q9itwaft.pddl: [Errno 2] No such file or directory: '/tmp/domain_heuristic_q9itwaft.pddl'
[2026-09-14 18:07:03,872] [WARNING] [enhspwrapper.py:226] Failed to delete temp file /tmp/instance_heuristic_10lwy6r3.pddl: [Errno 2] No such file or directory: '/tmp/instance_heuristic_10lwy6r3.pddl'
[EVAL INSTANCE] completed number=11 path=../problems/numeric/mprime/instances/pfile19.pddl status=success elapsed=687.11s success=1.0 steps=17
[EVAL][PLAN] EASY       | pfile19.pddl | steps=17 | plan=['feast lubricity lemon beef', 'feast stimulation lamb beef', 'feast love haroset lobster', 'feast aesthetics bacon lobster', 'feast love lobster bacon', 'overcome abrasion stimulation beef', 'feast stimulation beef marzipan', 'feast stimulation marzipan tofu', 'feast stimulation tofu marzipan', 'drink lamb bacon', 'feast love bacon lobster', 'feast stimulation marzipan wonderbread', 'drink marzipan wonderbread', 'feast stimulation wonderbread bacon', 'drink lamb bacon', 'feast stimulation bacon lobster', 'succumb abrasion stimulation lobster']
[EVAL INSTANCE] started number=12 path=../problems/numeric/mprime/instances/pfile20.pddl pid=3211374
mdpsim:../problems/numeric/mprime/domain.pddl:3: assuming `:typing' requirement
mdpsim:../problems/numeric/mprime/domain.pddl:15: assuming `:fluents' requirement
[EVAL|Easy|3211374] Setting C/Python/Numpy/TF seeds to 1073581267
Starting [EVAL|Easy|3211374] on instance [11] ../problems/numeric/mprime/instances/pfile20.pddl
Starting to parse mdpsim problem: mprime-x-20
Finished parsing mdpsim problem: mprime-x-20
[EVAL|Easy|3211374] ACTION POLICY INITIALIZED
[EVAL|Easy|3211374] policy_class = ArgmaxGoalChasePathDuplicatePenaltyPolicy
[EVAL|Easy|3211374] distance_threshold = inf
[EVAL|Easy|3211374] duplicate_penalty = 0.0
[EVAL|Easy|3211374] root_visit_tie_break = action_id
[2026-09-14 18:08:44,613] [INFO] [enhspwrapper.py:84] Created temporary domain file: /tmp/domain_heuristic_c32l3k4g.pddl
[2026-09-14 18:08:44,613] [INFO] [enhspwrapper.py:93] Created temporary instance file: /tmp/instance_heuristic_s92f7a7c.pddl
[2026-09-14 18:08:46,325] [INFO] [enhspwrapper.py:51] Starting the heuristic server with config: hmrp-ha-gbfs
[MCTS SEARCH SUMMARY] progressive_widening=True iterations_per_search=70 search_calls=43 nodes=6753 peak_nodes=6753 widening_events=3010
[MCTS WIDTH SUMMARY] final_widths=(count=6753 min=0 mean=1.08 median=0 p90=3 p95=3 max=20) root_widths=(count=43 min=4 mean=17.07 median=20 p90=20 p95=20 max=20) widen_event_widths=(count=3010 min=3 mean=4.85 median=3 p90=11 p95=15 max=20) admitted_policy_ranks=(count=7274 min=1 mean=1.88 median=2 p90=3 p95=3 max=3)
[MCTS DISTRIBUTION] final_width_counts=(0=4621,3=1937,4=88,5=42,6=14,7=7,8=1,9=1,10=1,11=2,12=1,13=2,14=2,15=2,16=1,17=2,18=2,19=3,20=24) node_visit_bins=(0=3925,1=700,2=102,3-4=161,5-8=282,9-16=497,17-32=561,33-64=407,65-128=64,129+=54) selection_depth_bins=(0=23,1=25,2=31,3-4=61,5-8=185,9-16=419,17-32=941,33-64=1113,65-128=212)
[MCTS WIDTH BY DEPTH] depth=0 count=3009 min=3 mean=16.82 median=20 p90=20 p95=20 max=20
[MCTS WIDTH COUNTS BY DEPTH] depth=0 counts=(3=45,4=26,5=30,6=41,7=42,8=62,9=60,10=69,11=87,12=105,13=88,14=92,15=117,16=116,17=154,18=138,19=148,20=1589)
[MCTS WIDTH BY DEPTH] depth=1 count=2983 min=3 mean=16.45 median=20 p90=20 p95=20 max=20
[MCTS WIDTH COUNTS BY DEPTH] depth=1 counts=(3=44,4=27,5=47,6=78,7=66,8=53,9=62,10=82,11=96,12=82,13=86,14=102,15=109,16=123,17=144,18=139,19=144,20=1499)
[MCTS WIDTH BY DEPTH] depth=2 count=2957 min=3 mean=15.96 median=19 p90=20 p95=20 max=20
[MCTS WIDTH COUNTS BY DEPTH] depth=2 counts=(3=117,4=65,5=45,6=60,7=53,8=51,9=60,10=77,11=96,12=80,13=93,14=120,15=105,16=120,17=127,18=136,19=148,20=1404)
[MCTS WIDTH BY DEPTH] depth=3-4 count=5815 min=3 mean=15.65 median=19 p90=20 p95=20 max=20
[MCTS WIDTH COUNTS BY DEPTH] depth=3-4 counts=(3=327,4=112,5=83,6=141,7=117,8=98,9=128,10=156,11=147,12=164,13=231,14=191,15=225,16=241,17=253,18=273,19=287,20=2641)
[MCTS WIDTH BY DEPTH] depth=5-9 count=13801 min=3 mean=14.36 median=17 p90=20 p95=20 max=20
[MCTS WIDTH COUNTS BY DEPTH] depth=5-9 counts=(3=1449,4=396,5=359,6=355,7=245,8=269,9=344,10=359,11=371,12=470,13=491,14=494,15=555,16=597,17=638,18=687,19=742,20=4980)
[MCTS WIDTH BY DEPTH] depth=10-19 count=23749 min=3 mean=11.20 median=12 p90=20 p95=20 max=20
[MCTS WIDTH COUNTS BY DEPTH] depth=10-19 counts=(3=5793,4=1051,5=823,6=551,7=500,8=589,9=655,10=749,11=818,12=876,13=918,14=1035,15=1142,16=1198,17=1291,18=1385,19=1310,20=3065)
[MCTS WIDTH BY DEPTH] depth=20-49 count=37035 min=3 mean=5.11 median=3 p90=12 p95=14 max=18
[MCTS WIDTH COUNTS BY DEPTH] depth=20-49 counts=(3=24610,4=1880,5=1051,6=895,7=890,8=924,9=950,10=942,11=915,12=910,13=855,14=741,15=630,16=470,17=292,18=80)
[MCTS WIDTH BY DEPTH] depth=50-99 count=6748 min=3 mean=3.00 median=3 p90=3 p95=3 max=3
[MCTS WIDTH COUNTS BY DEPTH] depth=50-99 counts=(3=6748)
[MCTS DEPTH SUMMARY] selection_depths=(count=3010 min=0 mean=31.63 median=29 p90=58 p95=69 max=90) horizon_cutoffs=(count=0)
[MCTS ACTION SUMMARY] selected_raw_policy_ranks=(count=43 min=1 mean=1.00 median=1 p90=1 p95=1 max=1) known_goal_decisions=0 infeasible_known_goal_decisions=0
[MCTS TIME SUMMARY] selection=6.836984s expansion=827.010781s successor_generation=640.885437s network_inference=175.115335s evaluation=189.709870s backpropagation=0.945362s
[2026-09-14 18:25:10,729] [INFO] [enhspwrapper.py:224] Deleted temp file: /tmp/domain_heuristic_c32l3k4g.pddl
[2026-09-14 18:25:10,729] [INFO] [enhspwrapper.py:224] Deleted temp file: /tmp/instance_heuristic_s92f7a7c.pddl
[2026-09-14 18:25:10,743] [WARNING] [enhspwrapper.py:226] Failed to delete temp file /tmp/domain_heuristic_c32l3k4g.pddl: [Errno 2] No such file or directory: '/tmp/domain_heuristic_c32l3k4g.pddl'
[2026-09-14 18:25:10,743] [WARNING] [enhspwrapper.py:226] Failed to delete temp file /tmp/instance_heuristic_s92f7a7c.pddl: [Errno 2] No such file or directory: '/tmp/instance_heuristic_s92f7a7c.pddl'
[EVAL INSTANCE] completed number=12 path=../problems/numeric/mprime/instances/pfile20.pddl status=success elapsed=1086.24s success=1.0 steps=43
[EVAL][PLAN] EASY       | pfile20.pddl | steps=43 | plan=['feast love mutton wonderbread', 'overcome abrasion love wonderbread', 'feast love wonderbread yogurt', 'feast love yogurt muffin', 'succumb abrasion love muffin', 'overcome abrasion aesthetics muffin', 'feast aesthetics muffin yogurt', 'feast aesthetics yogurt tuna', 'feast aesthetics tuna yogurt', 'feast aesthetics yogurt tuna', 'feast aesthetics tuna yogurt', 'feast aesthetics yogurt tuna', 'feast aesthetics tuna yogurt', 'succumb abrasion aesthetics yogurt', 'feast love muffin yogurt', 'feast intoxication wonderbread yogurt', 'overcome abrasion triumph yogurt', 'feast triumph yogurt tuna', 'feast triumph tuna yogurt', 'feast triumph yogurt tuna', 'feast triumph tuna yogurt', 'feast triumph yogurt wonderbread', 'feast triumph wonderbread mutton', 'feast triumph mutton wonderbread', 'feast intoxication yogurt wonderbread', 'feast triumph wonderbread mutton', 'drink scallion mutton', 'feast triumph mutton wonderbread', 'feast triumph wonderbread mutton', 'feast empathy pork mutton', 'feast achievement cherry pepper', 'drink scallion mutton', 'feast empathy mutton wonderbread', 'feast empathy wonderbread mutton', 'feast understanding marzipan cherry', 'feast understanding cherry pepper', 'drink pepper mutton', 'feast triumph mutton pork', 'feast triumph pork cod', 'feast triumph cod marzipan', 'feast triumph marzipan cherry', 'feast triumph cherry pepper', 'succumb abrasion triumph pepper']
[EVAL INSTANCE] started number=13 path=../problems/numeric/mprime/instances/pfile21.pddl pid=3314086
mdpsim:../problems/numeric/mprime/domain.pddl:3: assuming `:typing' requirement
mdpsim:../problems/numeric/mprime/domain.pddl:15: assuming `:fluents' requirement
[EVAL|Easy|3314086] Setting C/Python/Numpy/TF seeds to 1073581268
Starting [EVAL|Easy|3314086] on instance [12] ../problems/numeric/mprime/instances/pfile21.pddl
Starting to parse mdpsim problem: mprime-x-21
Finished parsing mdpsim problem: mprime-x-21
[EVAL|Easy|3314086] ACTION POLICY INITIALIZED
[EVAL|Easy|3314086] policy_class = ArgmaxGoalChasePathDuplicatePenaltyPolicy
[EVAL|Easy|3314086] distance_threshold = inf
[EVAL|Easy|3314086] duplicate_penalty = 0.0
[EVAL|Easy|3314086] root_visit_tie_break = action_id
[2026-09-14 18:28:30,144] [INFO] [enhspwrapper.py:84] Created temporary domain file: /tmp/domain_heuristic_n12wu4zd.pddl
[2026-09-14 18:28:30,144] [INFO] [enhspwrapper.py:93] Created temporary instance file: /tmp/instance_heuristic_0c_70dcq.pddl
[2026-09-14 18:28:32,851] [INFO] [enhspwrapper.py:51] Starting the heuristic server with config: hmrp-ha-gbfs
[MCTS SEARCH SUMMARY] progressive_widening=True iterations_per_search=70 search_calls=7 nodes=626 peak_nodes=626 widening_events=388
[MCTS WIDTH SUMMARY] final_widths=(count=626 min=0 mean=1.55 median=0 p90=3 p95=4 max=12) root_widths=(count=7 min=4 mean=8.71 median=9 p90=12 p95=12 max=12) widen_event_widths=(count=388 min=3 mean=3.72 median=3 p90=6 p95=8 max=12) admitted_policy_ranks=(count=968 min=1 mean=1.90 median=2 p90=3 p95=3 max=3)
[MCTS DISTRIBUTION] final_width_counts=(0=336,3=256,4=11,5=10,6=5,7=2,8=1,9=1,10=1,11=1,12=2) node_visit_bins=(0=281,1=63,2=9,3-4=37,5-8=60,9-16=66,17-32=55,33-64=29,65-128=17,129+=9) selection_depth_bins=(0=11,1=10,2=12,3-4=30,5-8=74,9-16=146,17-32=201,33-64=6)
[MCTS WIDTH BY DEPTH] depth=0 count=489 min=3 mean=8.16 median=9 p90=12 p95=12 max=12
[MCTS WIDTH COUNTS BY DEPTH] depth=0 counts=(3=45,4=26,5=30,6=41,7=42,8=53,9=60,10=67,11=72,12=53)
[MCTS WIDTH BY DEPTH] depth=1 count=478 min=3 mean=8.09 median=9 p90=11 p95=12 max=12
[MCTS WIDTH COUNTS BY DEPTH] depth=1 counts=(3=44,4=27,5=30,6=41,7=41,8=53,9=60,10=67,11=72,12=43)
[MCTS WIDTH BY DEPTH] depth=2 count=467 min=3 mean=6.99 median=7 p90=10 p95=11 max=11
[MCTS WIDTH COUNTS BY DEPTH] depth=2 counts=(3=57,4=44,5=60,6=48,7=41,8=53,9=60,10=67,11=37)
[MCTS WIDTH BY DEPTH] depth=3-4 count=887 min=3 mean=5.34 median=5 p90=9 p95=9 max=10
[MCTS WIDTH COUNTS BY DEPTH] depth=3-4 counts=(3=351,4=64,5=60,6=88,7=121,8=101,9=74,10=28)
[MCTS WIDTH BY DEPTH] depth=5-9 count=1887 min=3 mean=3.51 median=3 p90=5 p95=6 max=7
[MCTS WIDTH COUNTS BY DEPTH] depth=5-9 counts=(3=1393,4=200,5=164,6=94,7=36)
[MCTS WIDTH BY DEPTH] depth=10-19 count=2373 min=3 mean=3.27 median=3 p90=4 p95=5 max=6
[MCTS WIDTH COUNTS BY DEPTH] depth=10-19 counts=(3=1952,4=244,5=137,6=40)
[MCTS WIDTH BY DEPTH] depth=20-49 count=758 min=3 mean=3.33 median=3 p90=5 p95=5 max=5
[MCTS WIDTH COUNTS BY DEPTH] depth=20-49 counts=(3=586,4=91,5=81)
[MCTS DEPTH SUMMARY] selection_depths=(count=490 min=0 mean=14.57 median=14 p90=26 p95=27 max=36) horizon_cutoffs=(count=0)
[MCTS ACTION SUMMARY] selected_raw_policy_ranks=(count=7 min=1 mean=1.00 median=1 p90=1 p95=1 max=1) known_goal_decisions=0 infeasible_known_goal_decisions=0
[MCTS TIME SUMMARY] selection=0.329569s expansion=297.277376s successor_generation=100.417689s network_inference=194.254345s evaluation=60.769341s backpropagation=0.072264s
[2026-09-14 18:33:00,682] [INFO] [enhspwrapper.py:224] Deleted temp file: /tmp/domain_heuristic_n12wu4zd.pddl
[2026-09-14 18:33:00,682] [INFO] [enhspwrapper.py:224] Deleted temp file: /tmp/instance_heuristic_0c_70dcq.pddl
[2026-09-14 18:33:00,682] [WARNING] [enhspwrapper.py:226] Failed to delete temp file /tmp/domain_heuristic_n12wu4zd.pddl: [Errno 2] No such file or directory: '/tmp/domain_heuristic_n12wu4zd.pddl'
[2026-09-14 18:33:00,682] [WARNING] [enhspwrapper.py:226] Failed to delete temp file /tmp/instance_heuristic_0c_70dcq.pddl: [Errno 2] No such file or directory: '/tmp/instance_heuristic_0c_70dcq.pddl'
[EVAL INSTANCE] completed number=13 path=../problems/numeric/mprime/instances/pfile21.pddl status=success elapsed=469.84s success=1.0 steps=7
[EVAL][PLAN] EASY       | pfile21.pddl | steps=7 | plan=['feast love flounder wurst', 'feast learning lemon wurst', 'overcome sciatica love wurst', 'drink popover wurst', 'feast love wurst snickers', 'feast love snickers apple', 'succumb sciatica love apple']
[EVAL INSTANCE] started number=14 path=../problems/numeric/mprime/instances/pfile22.pddl pid=3379828
mdpsim:../problems/numeric/mprime/domain.pddl:3: assuming `:typing' requirement
mdpsim:../problems/numeric/mprime/domain.pddl:15: assuming `:fluents' requirement
[EVAL|Easy|3379828] Setting C/Python/Numpy/TF seeds to 1073581269
Starting [EVAL|Easy|3379828] on instance [13] ../problems/numeric/mprime/instances/pfile22.pddl
Starting to parse mdpsim problem: mprime-x-22
Finished parsing mdpsim problem: mprime-x-22
[EVAL|Easy|3379828] ACTION POLICY INITIALIZED
[EVAL|Easy|3379828] policy_class = ArgmaxGoalChasePathDuplicatePenaltyPolicy
[EVAL|Easy|3379828] distance_threshold = inf
[EVAL|Easy|3379828] duplicate_penalty = 0.0
[EVAL|Easy|3379828] root_visit_tie_break = action_id
[2026-09-14 18:43:03,071] [INFO] [enhspwrapper.py:84] Created temporary domain file: /tmp/domain_heuristic_p3qbmbvc.pddl
[2026-09-14 18:43:03,072] [INFO] [enhspwrapper.py:93] Created temporary instance file: /tmp/instance_heuristic_8902st84.pddl
[2026-09-14 18:43:08,976] [INFO] [enhspwrapper.py:51] Starting the heuristic server with config: hmrp-ha-gbfs
[MCTS SEARCH SUMMARY] progressive_widening=True iterations_per_search=70 search_calls=24 nodes=4071 peak_nodes=4071 widening_events=1678
[MCTS WIDTH SUMMARY] final_widths=(count=4071 min=0 mean=1.05 median=0 p90=3 p95=3 max=20) root_widths=(count=24 min=4 mean=15.04 median=16 p90=20 p95=20 max=20) widen_event_widths=(count=1678 min=3 mean=4.44 median=3 p90=9 p95=14 max=20) admitted_policy_ranks=(count=4276 min=1 mean=1.91 median=2 p90=3 p95=3 max=3)
[MCTS DISTRIBUTION] final_width_counts=(0=2772,3=1229,4=28,5=13,6=2,7=3,8=1,9=2,10=1,11=1,12=1,13=1,14=1,15=2,16=2,17=1,18=2,19=2,20=7) node_visit_bins=(0=2437,1=337,2=46,3-4=90,5-8=173,9-16=315,17-32=390,33-64=239,65-128=16,129+=28) selection_depth_bins=(0=23,1=18,2=21,3-4=55,5-8=129,9-16=319,17-32=611,33-64=456,65-128=48)
[MCTS WIDTH BY DEPTH] depth=0 count=1679 min=3 mean=14.66 median=16 p90=20 p95=20 max=20
[MCTS WIDTH COUNTS BY DEPTH] depth=0 counts=(3=45,4=26,5=30,6=41,7=42,8=53,9=60,10=67,11=72,12=80,13=86,14=100,15=105,16=119,17=117,18=131,19=147,20=358)
[MCTS WIDTH BY DEPTH] depth=1 count=1656 min=3 mean=14.57 median=16 p90=20 p95=20 max=20
[MCTS WIDTH COUNTS BY DEPTH] depth=1 counts=(3=44,4=27,5=30,6=41,7=41,8=53,9=60,10=67,11=72,12=80,13=86,14=104,15=100,16=119,17=127,18=135,19=143,20=327)
[MCTS WIDTH BY DEPTH] depth=2 count=1638 min=3 mean=13.85 median=15 p90=20 p95=20 max=20
[MCTS WIDTH COUNTS BY DEPTH] depth=2 counts=(3=60,4=42,5=51,6=41,7=59,8=53,9=60,10=67,11=72,12=80,13=95,14=95,15=110,16=109,17=127,18=135,19=143,20=239)
[MCTS WIDTH BY DEPTH] depth=3-4 count=3202 min=3 mean=12.71 median=14 p90=19 p95=20 max=20
[MCTS WIDTH COUNTS BY DEPTH] depth=3-4 counts=(3=287,4=70,5=103,6=98,7=121,8=101,9=149,10=134,11=144,12=171,13=182,14=187,15=223,16=231,17=247,18=271,19=294,20=189)
[MCTS WIDTH BY DEPTH] depth=5-9 count=7429 min=3 mean=10.12 median=11 p90=17 p95=18 max=19
[MCTS WIDTH COUNTS BY DEPTH] depth=5-9 counts=(3=1691,4=234,5=212,6=293,7=232,8=307,9=316,10=339,11=368,12=414,13=453,14=497,15=535,16=584,17=502,18=331,19=121)
[MCTS WIDTH BY DEPTH] depth=10-19 count=11889 min=3 mean=5.88 median=3 p90=12 p95=13 max=16
[MCTS WIDTH COUNTS BY DEPTH] depth=10-19 counts=(3=6252,4=551,5=491,6=444,7=492,8=529,9=558,10=558,11=524,12=488,13=416,14=324,15=212,16=50)
[MCTS WIDTH BY DEPTH] depth=20-49 count=14252 min=3 mean=3.08 median=3 p90=3 p95=3 max=8
[MCTS WIDTH COUNTS BY DEPTH] depth=20-49 counts=(3=13630,4=327,5=156,6=79,7=50,8=10)
[MCTS WIDTH BY DEPTH] depth=50-99 count=1401 min=3 mean=3.00 median=3 p90=3 p95=3 max=3
[MCTS WIDTH COUNTS BY DEPTH] depth=50-99 counts=(3=1401)
[MCTS DEPTH SUMMARY] selection_depths=(count=1680 min=0 mean=25.46 median=23 p90=46 p95=55 max=76) horizon_cutoffs=(count=0)
[MCTS ACTION SUMMARY] selected_raw_policy_ranks=(count=24 min=1 mean=1.00 median=1 p90=1 p95=1 max=1) known_goal_decisions=0 infeasible_known_goal_decisions=0
[MCTS TIME SUMMARY] selection=2.541996s expansion=6788.577178s successor_generation=6047.070543s network_inference=705.120045s evaluation=878.180412s backpropagation=0.437979s
[2026-09-14 20:46:28,461] [INFO] [enhspwrapper.py:224] Deleted temp file: /tmp/domain_heuristic_p3qbmbvc.pddl
[2026-09-14 20:46:28,462] [INFO] [enhspwrapper.py:224] Deleted temp file: /tmp/instance_heuristic_8902st84.pddl
[2026-09-14 20:46:28,462] [WARNING] [enhspwrapper.py:226] Failed to delete temp file /tmp/domain_heuristic_p3qbmbvc.pddl: [Errno 2] No such file or directory: '/tmp/domain_heuristic_p3qbmbvc.pddl'
[2026-09-14 20:46:28,462] [WARNING] [enhspwrapper.py:226] Failed to delete temp file /tmp/instance_heuristic_8902st84.pddl: [Errno 2] No such file or directory: '/tmp/instance_heuristic_8902st84.pddl'
[EVAL INSTANCE] completed number=14 path=../problems/numeric/mprime/instances/pfile22.pddl status=success elapsed=8010.86s success=1.0 steps=24
[EVAL][PLAN] EASY       | pfile22.pddl | steps=24 | plan=['feast triumph popover ham', 'drink pea guava', 'feast expectation guava ham', 'feast satisfaction pepper lamb', 'overcome hangover understanding ham', 'feast understanding ham guava', 'feast learning shrimp lamb', 'feast rest pea lamb', 'feast achievement beef shrimp', 'feast achievement shrimp lamb', 'drink wurst guava', 'feast intoxication cantelope lamb', 'feast understanding guava chicken', 'feast aesthetics scallop cantelope', 'feast aesthetics cantelope lamb', 'feast excitement kale pepper', 'feast excitement pepper lamb', 'feast understanding chicken cherry', 'drink wurst cherry', 'feast understanding cherry hamburger', 'feast understanding hamburger kale', 'feast understanding kale pepper', 'feast understanding pepper lamb', 'succumb hangover understanding lamb']
[EVAL INSTANCE] started number=15 path=../problems/numeric/mprime/instances/pfile23.pddl pid=177811
mdpsim:../problems/numeric/mprime/domain.pddl:3: assuming `:typing' requirement
mdpsim:../problems/numeric/mprime/domain.pddl:15: assuming `:fluents' requirement
[EVAL|Easy|177811] Setting C/Python/Numpy/TF seeds to 1073581270
Starting [EVAL|Easy|177811] on instance [14] ../problems/numeric/mprime/instances/pfile23.pddl
Starting to parse mdpsim problem: mprime-x-23
Finished parsing mdpsim problem: mprime-x-23
[EVAL|Easy|177811] ACTION POLICY INITIALIZED
[EVAL|Easy|177811] policy_class = ArgmaxGoalChasePathDuplicatePenaltyPolicy
[EVAL|Easy|177811] distance_threshold = inf
[EVAL|Easy|177811] duplicate_penalty = 0.0
[EVAL|Easy|177811] root_visit_tie_break = action_id
[2026-09-14 20:48:28,601] [INFO] [enhspwrapper.py:84] Created temporary domain file: /tmp/domain_heuristic_sdx1hn9i.pddl
[2026-09-14 20:48:28,602] [INFO] [enhspwrapper.py:93] Created temporary instance file: /tmp/instance_heuristic_pr5ms3yq.pddl
[2026-09-14 20:48:30,427] [INFO] [enhspwrapper.py:51] Starting the heuristic server with config: hmrp-ha-gbfs
[MCTS SEARCH SUMMARY] progressive_widening=True iterations_per_search=70 search_calls=13 nodes=2352 peak_nodes=2352 widening_events=910
[MCTS WIDTH SUMMARY] final_widths=(count=2352 min=0 mean=1.03 median=0 p90=3 p95=3 max=16) root_widths=(count=13 min=4 mean=11.08 median=12 p90=15 p95=16 max=16) widen_event_widths=(count=910 min=3 mean=3.79 median=3 p90=6 p95=9 max=16) admitted_policy_ranks=(count=2430 min=1 mean=1.94 median=2 p90=3 p95=3 max=3)
[MCTS DISTRIBUTION] final_width_counts=(0=1592,3=726,4=17,5=1,6=1,7=3,8=1,9=1,10=1,11=1,12=1,13=2,14=1,15=2,16=2) node_visit_bins=(0=1461,1=132,2=25,3-4=54,5-8=101,9-16=169,17-32=230,33-64=161,65-128=4,129+=15) selection_depth_bins=(0=17,1=19,2=16,3-4=43,5-8=102,9-16=227,17-32=247,33-64=238,65-128=1)
[MCTS WIDTH BY DEPTH] depth=0 count=909 min=3 mean=10.42 median=11 p90=15 p95=16 max=16
[MCTS WIDTH COUNTS BY DEPTH] depth=0 counts=(3=66,4=49,5=33,6=37,7=46,8=53,9=54,10=67,11=72,12=89,13=88,14=92,15=113,16=50)
[MCTS WIDTH BY DEPTH] depth=1 count=891 min=3 mean=10.30 median=11 p90=15 p95=15 max=16
[MCTS WIDTH COUNTS BY DEPTH] depth=1 counts=(3=88,4=25,5=33,6=37,7=46,8=53,9=58,10=66,11=76,12=82,13=86,14=95,15=110,16=36)
[MCTS WIDTH BY DEPTH] depth=2 count=871 min=3 mean=9.35 median=10 p90=14 p95=15 max=15
[MCTS WIDTH COUNTS BY DEPTH] depth=2 counts=(3=117,4=41,5=33,6=45,7=50,8=62,9=60,10=67,11=72,12=80,13=86,14=104,15=54)
[MCTS WIDTH BY DEPTH] depth=3-4 count=1686 min=3 mean=7.94 median=8 p90=13 p95=13 max=14
[MCTS WIDTH COUNTS BY DEPTH] depth=3-4 counts=(3=399,4=83,5=80,6=79,7=133,8=108,9=120,10=134,11=144,12=160,13=172,14=74)
[MCTS WIDTH BY DEPTH] depth=5-9 count=3747 min=3 mean=5.34 median=4 p90=10 p95=11 max=13
[MCTS WIDTH COUNTS BY DEPTH] depth=5-9 counts=(3=1821,4=203,5=229,6=313,7=231,8=252,9=239,10=208,11=154,12=91,13=6)
[MCTS WIDTH BY DEPTH] depth=10-19 count=5416 min=3 mean=3.12 median=3 p90=3 p95=4 max=7
[MCTS WIDTH COUNTS BY DEPTH] depth=10-19 counts=(3=5069,4=168,5=96,6=53,7=30)
[MCTS WIDTH BY DEPTH] depth=20-49 count=6426 min=3 mean=3.00 median=3 p90=3 p95=3 max=4
[MCTS WIDTH COUNTS BY DEPTH] depth=20-49 counts=(3=6414,4=12)
[MCTS WIDTH BY DEPTH] depth=50-99 count=258 min=3 mean=3.00 median=3 p90=3 p95=3 max=3
[MCTS WIDTH COUNTS BY DEPTH] depth=50-99 counts=(3=258)
[MCTS DEPTH SUMMARY] selection_depths=(count=910 min=0 mean=22.04 median=18 p90=44 p95=50 max=65) horizon_cutoffs=(count=0)
[MCTS ACTION SUMMARY] selected_raw_policy_ranks=(count=13 min=1 mean=1.23 median=1 p90=1 p95=4 max=4) known_goal_decisions=0 infeasible_known_goal_decisions=0
[MCTS TIME SUMMARY] selection=0.765210s expansion=348.416294s successor_generation=219.796723s network_inference=123.268568s evaluation=65.312264s backpropagation=0.161445s
[2026-09-14 20:54:38,354] [INFO] [enhspwrapper.py:224] Deleted temp file: /tmp/domain_heuristic_sdx1hn9i.pddl
[2026-09-14 20:54:38,354] [INFO] [enhspwrapper.py:224] Deleted temp file: /tmp/instance_heuristic_pr5ms3yq.pddl
[2026-09-14 20:54:38,354] [WARNING] [enhspwrapper.py:226] Failed to delete temp file /tmp/domain_heuristic_sdx1hn9i.pddl: [Errno 2] No such file or directory: '/tmp/domain_heuristic_sdx1hn9i.pddl'
[2026-09-14 20:54:38,354] [WARNING] [enhspwrapper.py:226] Failed to delete temp file /tmp/instance_heuristic_pr5ms3yq.pddl: [Errno 2] No such file or directory: '/tmp/instance_heuristic_pr5ms3yq.pddl'
[EVAL INSTANCE] completed number=15 path=../problems/numeric/mprime/instances/pfile23.pddl status=success elapsed=486.71s success=1.0 steps=13
[EVAL][PLAN] EASY       | pfile23.pddl | steps=13 | plan=['drink pistachio hotdog', 'feast intoxication onion apple', 'overcome laceration intoxication apple', 'feast curiosity grapefruit beef', 'feast curiosity beef chicken', 'drink flounder beef', 'feast intoxication apple onion', 'drink flounder onion', 'feast intoxication onion flounder', 'feast intoxication flounder lamb', 'feast intoxication lamb hotdog', 'feast intoxication hotdog chicken', 'succumb laceration intoxication chicken']
[EVAL INSTANCE] started number=16 path=../problems/numeric/mprime/instances/pfile24.pddl pid=235537
mdpsim:../problems/numeric/mprime/domain.pddl:3: assuming `:typing' requirement
mdpsim:../problems/numeric/mprime/domain.pddl:15: assuming `:fluents' requirement
[EVAL|Easy|235537] Setting C/Python/Numpy/TF seeds to 1073581271
Starting [EVAL|Easy|235537] on instance [15] ../problems/numeric/mprime/instances/pfile24.pddl
Starting to parse mdpsim problem: mprime-x-24
Finished parsing mdpsim problem: mprime-x-24
[EVAL|Easy|235537] ACTION POLICY INITIALIZED
[EVAL|Easy|235537] policy_class = ArgmaxGoalChasePathDuplicatePenaltyPolicy
[EVAL|Easy|235537] distance_threshold = inf
[EVAL|Easy|235537] duplicate_penalty = 0.0
[EVAL|Easy|235537] root_visit_tie_break = action_id
[2026-09-14 20:56:04,156] [INFO] [enhspwrapper.py:84] Created temporary domain file: /tmp/domain_heuristic_h0z05joi.pddl
[2026-09-14 20:56:04,157] [INFO] [enhspwrapper.py:93] Created temporary instance file: /tmp/instance_heuristic_9g7suazr.pddl
[2026-09-14 20:56:05,584] [INFO] [enhspwrapper.py:51] Starting the heuristic server with config: hmrp-ha-gbfs
[MCTS SEARCH SUMMARY] progressive_widening=True iterations_per_search=70 search_calls=43 nodes=6069 peak_nodes=6069 widening_events=2938
[MCTS WIDTH SUMMARY] final_widths=(count=6069 min=0 mean=1.15 median=0 p90=3 p95=3 max=20) root_widths=(count=43 min=4 mean=17.07 median=20 p90=20 p95=20 max=20) widen_event_widths=(count=2938 min=3 mean=5.01 median=3 p90=12 p95=16 max=20) admitted_policy_ranks=(count=6952 min=1 mean=1.87 median=2 p90=3 p95=3 max=3)
[MCTS DISTRIBUTION] final_width_counts=(0=4062,3=1783,4=130,5=26,6=12,7=6,8=5,9=1,10=1,11=1,12=3,13=2,14=1,15=2,16=2,17=1,18=2,19=2,20=27) node_visit_bins=(0=3366,1=699,2=76,3-4=159,5-8=298,9-16=411,17-32=470,33-64=476,65-128=53,129+=61) selection_depth_bins=(0=24,1=18,2=20,3-4=51,5-8=119,9-16=406,17-32=1003,33-64=1169,65-128=200)
[MCTS WIDTH BY DEPTH] depth=0 count=3009 min=3 mean=16.83 median=20 p90=20 p95=20 max=20
[MCTS WIDTH COUNTS BY DEPTH] depth=0 counts=(3=45,4=26,5=30,6=41,7=42,8=53,9=60,10=67,11=72,12=150,13=86,14=100,15=105,16=119,17=117,18=131,19=147,20=1618)
[MCTS WIDTH BY DEPTH] depth=1 count=2985 min=3 mean=16.89 median=20 p90=20 p95=20 max=20
[MCTS WIDTH COUNTS BY DEPTH] depth=1 counts=(3=61,4=27,5=30,6=41,7=41,8=53,9=60,10=67,11=72,12=80,13=86,14=104,15=100,16=119,17=127,18=135,19=143,20=1639)
[MCTS WIDTH BY DEPTH] depth=2 count=2967 min=3 mean=16.85 median=20 p90=20 p95=20 max=20
[MCTS WIDTH COUNTS BY DEPTH] depth=2 counts=(3=52,4=27,5=36,6=45,7=46,8=53,9=60,10=67,11=72,12=80,13=95,14=95,15=110,16=109,17=127,18=135,19=143,20=1615)
[MCTS WIDTH BY DEPTH] depth=3-4 count=5870 min=3 mean=16.33 median=20 p90=20 p95=20 max=20
[MCTS WIDTH COUNTS BY DEPTH] depth=3-4 counts=(3=177,4=90,5=87,6=84,7=113,8=118,9=120,10=134,11=144,12=217,13=182,14=187,15=223,16=231,17=247,18=271,19=294,20=2951)
[MCTS WIDTH BY DEPTH] depth=5-9 count=14162 min=3 mean=14.90 median=18 p90=20 p95=20 max=20
[MCTS WIDTH COUNTS BY DEPTH] depth=5-9 counts=(3=1319,4=328,5=231,6=239,7=357,8=292,9=297,10=339,11=461,12=451,13=453,14=497,15=535,16=584,17=632,18=680,19=738,20=5729)
[MCTS WIDTH BY DEPTH] depth=10-19 count=24807 min=3 mean=11.74 median=13 p90=20 p95=20 max=20
[MCTS WIDTH COUNTS BY DEPTH] depth=10-19 counts=(3=5691,4=892,5=483,6=703,7=593,8=534,9=703,10=811,11=783,12=850,13=920,14=1052,15=1208,16=1288,17=1490,18=1574,19=1543,20=3689)
[MCTS WIDTH BY DEPTH] depth=20-49 count=39209 min=3 mean=5.37 median=3 p90=12 p95=14 max=19
[MCTS WIDTH COUNTS BY DEPTH] depth=20-49 counts=(3=24560,4=2034,5=1394,6=1138,7=1010,8=1091,9=1074,10=1104,11=1096,12=1038,13=995,14=872,15=744,16=582,17=320,18=137,19=20)
[MCTS WIDTH BY DEPTH] depth=50-99 count=7431 min=3 mean=3.03 median=3 p90=3 p95=3 max=5
[MCTS WIDTH COUNTS BY DEPTH] depth=50-99 counts=(3=7251,4=162,5=18)
[MCTS DEPTH SUMMARY] selection_depths=(count=3010 min=0 mean=33.04 median=31 p90=60 p95=68 max=93) horizon_cutoffs=(count=0)
[MCTS ACTION SUMMARY] selected_raw_policy_ranks=(count=43 min=1 mean=1.00 median=1 p90=1 p95=1 max=1) known_goal_decisions=0 infeasible_known_goal_decisions=0
[MCTS TIME SUMMARY] selection=7.138698s expansion=16216.625656s successor_generation=15186.342413s network_inference=960.852617s evaluation=2166.030791s backpropagation=1.015706s
[2026-09-14 21:11:23,921] [INFO] [enhspwrapper.py:224] Deleted temp file: /tmp/domain_heuristic_8dk86d15.pddl
[2026-09-14 21:11:23,922] [INFO] [enhspwrapper.py:224] Deleted temp file: /tmp/instance_heuristic_kgwxcwts.pddl
[2026-09-14 21:11:23,923] [WARNING] [enhspwrapper.py:226] Failed to delete temp file /tmp/domain_heuristic_8dk86d15.pddl: [Errno 2] No such file or directory: '/tmp/domain_heuristic_8dk86d15.pddl'
[2026-09-14 21:11:23,923] [WARNING] [enhspwrapper.py:226] Failed to delete temp file /tmp/instance_heuristic_kgwxcwts.pddl: [Errno 2] No such file or directory: '/tmp/instance_heuristic_kgwxcwts.pddl'
[EVAL INSTANCE] completed number=7 path=../problems/numeric/mprime/instances/pfile14.pddl status=success elapsed=18821.74s success=1.0 steps=43
[EVAL][PLAN] EASY       | pfile14.pddl | steps=43 | plan=['feast triumph pea potato', 'feast curiosity chocolate wurst', 'feast curiosity wurst potato', 'feast curiosity potato pea', 'feast curiosity pea potato', 'feast triumph potato shrimp', 'feast triumph shrimp potato', 'drink pea potato', 'feast achievement potato shrimp', 'feast achievement shrimp potato', 'drink chocolate potato', 'feast learning yogurt shrimp', 'feast learning shrimp potato', 'feast learning potato pea', 'feast learning pea potato', 'drink scallion potato', 'feast curiosity potato shrimp', 'drink lettuce potato', 'drink scallion shrimp', 'feast curiosity shrimp potato', 'feast curiosity potato shrimp', 'drink cucumber shrimp', 'feast curiosity shrimp potato', 'drink hotdog potato', 'feast triumph potato shrimp', 'drink hotdog potato', 'drink hotdog shrimp', 'feast triumph shrimp potato', 'drink hotdog mutton', 'feast love mutton pistachio', 'overcome anxiety-25 love pistachio', 'overcome prostatitis-23 love pistachio', 'feast love pistachio mutton', 'drink lobster pea', 'drink lobster mutton', 'feast love mutton lemon', 'feast love lemon scallop', 'feast love scallop scallion', 'feast love scallion shrimp', 'drink lobster shrimp', 'feast love shrimp potato', 'succumb anxiety-25 love potato', 'succumb prostatitis-23 love potato']
[EVAL INSTANCE] started number=17 path=../problems/numeric/mprime/instances/pfile25.pddl pid=351396
mdpsim:../problems/numeric/mprime/domain.pddl:3: assuming `:typing' requirement
mdpsim:../problems/numeric/mprime/domain.pddl:15: assuming `:fluents' requirement
[EVAL|Easy|351396] Setting C/Python/Numpy/TF seeds to 1073581272
Starting [EVAL|Easy|351396] on instance [16] ../problems/numeric/mprime/instances/pfile25.pddl
Starting to parse mdpsim problem: mprime-x-25
Finished parsing mdpsim problem: mprime-x-25
[EVAL|Easy|351396] ACTION POLICY INITIALIZED
[EVAL|Easy|351396] policy_class = ArgmaxGoalChasePathDuplicatePenaltyPolicy
[EVAL|Easy|351396] distance_threshold = inf
[EVAL|Easy|351396] duplicate_penalty = 0.0
[EVAL|Easy|351396] root_visit_tie_break = action_id
[2026-09-14 21:11:46,102] [INFO] [enhspwrapper.py:84] Created temporary domain file: /tmp/domain_heuristic_3wqeh5vv.pddl
[2026-09-14 21:11:46,104] [INFO] [enhspwrapper.py:93] Created temporary instance file: /tmp/instance_heuristic_u88elwcy.pddl
[2026-09-14 21:11:46,648] [INFO] [enhspwrapper.py:51] Starting the heuristic server with config: hmrp-ha-gbfs
[MCTS SEARCH SUMMARY] progressive_widening=True iterations_per_search=70 search_calls=4 nodes=250 peak_nodes=250 widening_events=174
[MCTS WIDTH SUMMARY] final_widths=(count=250 min=0 mean=1.61 median=0 p90=3 p95=5 max=9) root_widths=(count=4 min=4 mean=7.00 median=7 p90=9 p95=9 max=9) widen_event_widths=(count=174 min=2 mean=3.74 median=3 p90=6 p95=7 max=9) admitted_policy_ranks=(count=402 min=1 mean=1.85 median=2 p90=3 p95=3 max=3)
[MCTS DISTRIBUTION] final_width_counts=(0=134,2=4,3=91,4=4,5=8,6=3,7=3,8=1,9=2) node_visit_bins=(0=116,1=18,2=1,3-4=19,5-8=33,9-16=26,17-32=6,33-64=13,65-128=12,129+=6) selection_depth_bins=(0=8,1=7,2=8,3-4=25,5-8=56,9-16=90,17-32=86)
[MCTS WIDTH BY DEPTH] depth=0 count=279 min=3 mean=6.20 median=6 p90=9 p95=9 max=9
[MCTS WIDTH COUNTS BY DEPTH] depth=0 counts=(3=45,4=26,5=30,6=41,7=42,8=53,9=42)
[MCTS WIDTH BY DEPTH] depth=1 count=271 min=3 mean=6.13 median=6 p90=9 p95=9 max=9
[MCTS WIDTH COUNTS BY DEPTH] depth=1 counts=(3=44,4=27,5=30,6=41,7=41,8=53,9=35)
[MCTS WIDTH BY DEPTH] depth=2 count=263 min=3 mean=5.38 median=6 p90=7 p95=7 max=8
[MCTS WIDTH COUNTS BY DEPTH] depth=2 counts=(3=59,4=27,5=30,6=61,7=73,8=13)
[MCTS WIDTH BY DEPTH] depth=3-4 count=488 min=3 mean=4.27 median=4 p90=6 p95=6 max=7
[MCTS WIDTH COUNTS BY DEPTH] depth=3-4 counts=(3=204,4=69,5=106,6=98,7=11)
[MCTS WIDTH BY DEPTH] depth=5-9 count=965 min=3 mean=3.51 median=3 p90=5 p95=5 max=6
[MCTS WIDTH COUNTS BY DEPTH] depth=5-9 counts=(3=645,4=171,5=122,6=27)
[MCTS WIDTH BY DEPTH] depth=10-19 count=1066 min=2 mean=3.25 median=3 p90=4 p95=5 max=5
[MCTS WIDTH COUNTS BY DEPTH] depth=10-19 counts=(2=38,3=803,4=147,5=78)
[MCTS WIDTH BY DEPTH] depth=20-49 count=24 min=2 mean=2.71 median=3 p90=3 p95=3 max=4
[MCTS WIDTH COUNTS BY DEPTH] depth=20-49 counts=(2=8,3=15,4=1)
[MCTS DEPTH SUMMARY] selection_depths=(count=280 min=0 mean=11.40 median=13 p90=18 p95=19 max=22) horizon_cutoffs=(count=0)
[MCTS ACTION SUMMARY] selected_raw_policy_ranks=(count=4 min=1 mean=1.00 median=1 p90=1 p95=1 max=1) known_goal_decisions=0 infeasible_known_goal_decisions=0
[MCTS TIME SUMMARY] selection=0.149724s expansion=15.363387s successor_generation=0.520929s network_inference=14.740775s evaluation=1.124045s backpropagation=0.027730s
[2026-09-14 21:11:55,814] [INFO] [enhspwrapper.py:224] Deleted temp file: /tmp/domain_heuristic_3wqeh5vv.pddl
[2026-09-14 21:11:55,815] [INFO] [enhspwrapper.py:224] Deleted temp file: /tmp/instance_heuristic_u88elwcy.pddl
[2026-09-14 21:11:55,815] [WARNING] [enhspwrapper.py:226] Failed to delete temp file /tmp/domain_heuristic_3wqeh5vv.pddl: [Errno 2] No such file or directory: '/tmp/domain_heuristic_3wqeh5vv.pddl'
[2026-09-14 21:11:55,815] [WARNING] [enhspwrapper.py:226] Failed to delete temp file /tmp/instance_heuristic_u88elwcy.pddl: [Errno 2] No such file or directory: '/tmp/instance_heuristic_u88elwcy.pddl'
[EVAL INSTANCE] completed number=17 path=../problems/numeric/mprime/instances/pfile25.pddl status=success elapsed=29.55s success=1.0 steps=4
[EVAL][PLAN] EASY       | pfile25.pddl | steps=4 | plan=['feast expectation tuna wurst', 'overcome depression expectation wurst', 'feast expectation wurst chicken', 'succumb depression expectation chicken']
[EVAL INSTANCE] started number=18 path=../problems/numeric/mprime/instances/pfile26.pddl pid=355349
mdpsim:../problems/numeric/mprime/domain.pddl:3: assuming `:typing' requirement
mdpsim:../problems/numeric/mprime/domain.pddl:15: assuming `:fluents' requirement
[EVAL|Easy|355349] Setting C/Python/Numpy/TF seeds to 1073581273
Starting [EVAL|Easy|355349] on instance [17] ../problems/numeric/mprime/instances/pfile26.pddl
Starting to parse mdpsim problem: mprime-x-26
Finished parsing mdpsim problem: mprime-x-26
[EVAL|Easy|355349] ACTION POLICY INITIALIZED
[EVAL|Easy|355349] policy_class = ArgmaxGoalChasePathDuplicatePenaltyPolicy
[EVAL|Easy|355349] distance_threshold = inf
[EVAL|Easy|355349] duplicate_penalty = 0.0
[EVAL|Easy|355349] root_visit_tie_break = action_id
[2026-09-14 21:12:26,951] [INFO] [enhspwrapper.py:84] Created temporary domain file: /tmp/domain_heuristic_ud1qut62.pddl
[2026-09-14 21:12:26,951] [INFO] [enhspwrapper.py:93] Created temporary instance file: /tmp/instance_heuristic_q021sy7k.pddl
[2026-09-14 21:12:27,887] [INFO] [enhspwrapper.py:51] Starting the heuristic server with config: hmrp-ha-gbfs
[MCTS SEARCH SUMMARY] progressive_widening=True iterations_per_search=70 search_calls=6 nodes=950 peak_nodes=950 widening_events=401
[MCTS WIDTH SUMMARY] final_widths=(count=950 min=0 mean=1.14 median=0 p90=3 p95=3 max=10) root_widths=(count=6 min=4 mean=7.33 median=7 p90=10 p95=10 max=10) widen_event_widths=(count=401 min=3 mean=3.38 median=3 p90=4 p95=6 max=10) admitted_policy_ranks=(count=1085 min=1 mean=1.95 median=2 p90=3 p95=3 max=3)
[MCTS DISTRIBUTION] final_width_counts=(0=608,3=319,4=12,5=3,6=1,7=2,8=2,9=1,10=2) node_visit_bins=(0=567,1=42,2=16,3-4=31,5-8=54,9-16=84,17-32=81,33-64=63,65-128=5,129+=7) selection_depth_bins=(0=12,1=10,2=12,3-4=30,5-8=73,9-16=106,17-32=111,33-64=66)
[MCTS WIDTH BY DEPTH] depth=0 count=419 min=3 mean=6.55 median=6 p90=10 p95=10 max=10
[MCTS WIDTH COUNTS BY DEPTH] depth=0 counts=(3=46,4=52,5=60,6=56,7=41,8=53,9=60,10=51)
[MCTS WIDTH BY DEPTH] depth=1 count=405 min=3 mean=6.21 median=6 p90=10 p95=10 max=10
[MCTS WIDTH COUNTS BY DEPTH] depth=1 counts=(3=110,4=27,5=30,6=41,7=41,8=53,9=60,10=43)
[MCTS WIDTH BY DEPTH] depth=2 count=394 min=3 mean=5.56 median=6 p90=8 p95=9 max=9
[MCTS WIDTH COUNTS BY DEPTH] depth=2 counts=(3=117,4=29,5=46,6=41,7=67,8=67,9=27)
[MCTS WIDTH BY DEPTH] depth=3-4 count=744 min=3 mean=4.37 median=4 p90=7 p95=7 max=8
[MCTS WIDTH COUNTS BY DEPTH] depth=3-4 counts=(3=331,4=110,5=87,6=135,7=75,8=6)
[MCTS WIDTH BY DEPTH] depth=5-9 count=1511 min=3 mean=3.11 median=3 p90=3 p95=4 max=5
[MCTS WIDTH COUNTS BY DEPTH] depth=5-9 counts=(3=1377,4=100,5=34)
[MCTS WIDTH BY DEPTH] depth=10-19 count=1956 min=3 mean=3.04 median=3 p90=3 p95=3 max=5
[MCTS WIDTH COUNTS BY DEPTH] depth=10-19 counts=(3=1901,4=31,5=24)
[MCTS WIDTH BY DEPTH] depth=20-49 count=1937 min=3 mean=3.01 median=3 p90=3 p95=3 max=4
[MCTS WIDTH COUNTS BY DEPTH] depth=20-49 counts=(3=1918,4=19)
[MCTS WIDTH BY DEPTH] depth=50-99 count=55 min=3 mean=3.00 median=3 p90=3 p95=3 max=3
[MCTS WIDTH COUNTS BY DEPTH] depth=50-99 counts=(3=55)
[MCTS DEPTH SUMMARY] selection_depths=(count=420 min=0 mean=17.48 median=14 p90=40 p95=49 max=55) horizon_cutoffs=(count=0)
[MCTS ACTION SUMMARY] selected_raw_policy_ranks=(count=6 min=1 mean=1.50 median=1 p90=4 p95=4 max=4) known_goal_decisions=0 infeasible_known_goal_decisions=0
[MCTS TIME SUMMARY] selection=0.226836s expansion=40.290132s successor_generation=10.304543s network_inference=29.692363s evaluation=6.506642s backpropagation=0.054143s
[2026-09-14 21:13:02,826] [INFO] [enhspwrapper.py:224] Deleted temp file: /tmp/domain_heuristic_ud1qut62.pddl
[2026-09-14 21:13:02,826] [INFO] [enhspwrapper.py:224] Deleted temp file: /tmp/instance_heuristic_q021sy7k.pddl
[2026-09-14 21:13:02,827] [WARNING] [enhspwrapper.py:226] Failed to delete temp file /tmp/domain_heuristic_ud1qut62.pddl: [Errno 2] No such file or directory: '/tmp/domain_heuristic_ud1qut62.pddl'
[2026-09-14 21:13:02,827] [WARNING] [enhspwrapper.py:226] Failed to delete temp file /tmp/instance_heuristic_q021sy7k.pddl: [Errno 2] No such file or directory: '/tmp/instance_heuristic_q021sy7k.pddl'
[EVAL INSTANCE] completed number=18 path=../problems/numeric/mprime/instances/pfile26.pddl status=success elapsed=67.14s success=1.0 steps=6
[EVAL][PLAN] EASY       | pfile26.pddl | steps=6 | plan=['overcome boils entertainment haroset', 'feast entertainment haroset marzipan', 'drink haroset marzipan', 'feast entertainment marzipan turkey', 'feast entertainment turkey papaya', 'succumb boils entertainment papaya']
[EVAL INSTANCE] started number=19 path=../problems/numeric/mprime/instances/pfile27.pddl pid=362884
mdpsim:../problems/numeric/mprime/domain.pddl:3: assuming `:typing' requirement
mdpsim:../problems/numeric/mprime/domain.pddl:15: assuming `:fluents' requirement
[EVAL|Easy|362884] Setting C/Python/Numpy/TF seeds to 1073581274
Starting [EVAL|Easy|362884] on instance [18] ../problems/numeric/mprime/instances/pfile27.pddl
Starting to parse mdpsim problem: mprime-x-27
Finished parsing mdpsim problem: mprime-x-27
[EVAL|Easy|362884] ACTION POLICY INITIALIZED
[EVAL|Easy|362884] policy_class = ArgmaxGoalChasePathDuplicatePenaltyPolicy
[EVAL|Easy|362884] distance_threshold = inf
[EVAL|Easy|362884] duplicate_penalty = 0.0
[EVAL|Easy|362884] root_visit_tie_break = action_id
[2026-09-14 21:13:25,514] [INFO] [enhspwrapper.py:84] Created temporary domain file: /tmp/domain_heuristic_q9yu08qg.pddl
[2026-09-14 21:13:25,515] [INFO] [enhspwrapper.py:93] Created temporary instance file: /tmp/instance_heuristic_eav492nt.pddl
[2026-09-14 21:13:26,302] [INFO] [enhspwrapper.py:51] Starting the heuristic server with config: hmrp-ha-gbfs
[MCTS SEARCH SUMMARY] progressive_widening=True iterations_per_search=70 search_calls=7 nodes=1026 peak_nodes=1026 widening_events=479
[MCTS WIDTH SUMMARY] final_widths=(count=1026 min=0 mean=1.26 median=0 p90=3 p95=3 max=12) root_widths=(count=7 min=4 mean=8.71 median=9 p90=12 p95=12 max=12) widen_event_widths=(count=479 min=3 mean=3.51 median=3 p90=5 p95=7 max=12) admitted_policy_ranks=(count=1291 min=1 mean=1.94 median=2 p90=3 p95=3 max=3)
[MCTS DISTRIBUTION] final_width_counts=(0=620,3=383,4=11,5=4,7=1,8=1,9=2,10=1,11=1,12=2) node_visit_bins=(0=564,1=61,2=13,3-4=26,5-8=51,9-16=72,17-32=115,33-64=110,65-128=6,129+=8) selection_depth_bins=(0=11,1=11,2=13,3-4=28,5-8=53,9-16=92,17-32=162,33-64=120)
[MCTS WIDTH BY DEPTH] depth=0 count=489 min=3 mean=8.11 median=9 p90=12 p95=12 max=12
[MCTS WIDTH COUNTS BY DEPTH] depth=0 counts=(3=45,4=26,5=30,6=45,7=42,8=53,9=60,10=67,11=72,12=49)
[MCTS WIDTH BY DEPTH] depth=1 count=478 min=3 mean=8.03 median=8 p90=11 p95=12 max=12
[MCTS WIDTH COUNTS BY DEPTH] depth=1 counts=(3=44,4=28,5=33,6=41,7=41,8=53,9=60,10=67,11=72,12=39)
[MCTS WIDTH BY DEPTH] depth=2 count=465 min=3 mean=6.79 median=7 p90=10 p95=11 max=11
[MCTS WIDTH COUNTS BY DEPTH] depth=2 counts=(3=85,4=52,5=33,6=41,7=41,8=53,9=60,10=67,11=33)
[MCTS WIDTH BY DEPTH] depth=3-4 count=884 min=3 mean=5.50 median=5 p90=9 p95=9 max=10
[MCTS WIDTH COUNTS BY DEPTH] depth=3-4 counts=(3=305,4=96,5=61,6=82,7=90,8=141,9=85,10=24)
[MCTS WIDTH BY DEPTH] depth=5-9 count=1957 min=3 mean=3.51 median=3 p90=5 p95=6 max=8
[MCTS WIDTH COUNTS BY DEPTH] depth=5-9 counts=(3=1496,4=173,5=124,6=87,7=74,8=3)
[MCTS WIDTH BY DEPTH] depth=10-19 count=2989 min=3 mean=3.00 median=3 p90=3 p95=3 max=4
[MCTS WIDTH COUNTS BY DEPTH] depth=10-19 counts=(3=2984,4=5)
[MCTS WIDTH BY DEPTH] depth=20-49 count=3399 min=3 mean=3.01 median=3 p90=3 p95=3 max=4
[MCTS WIDTH COUNTS BY DEPTH] depth=20-49 counts=(3=3370,4=29)
[MCTS WIDTH BY DEPTH] depth=50-99 count=82 min=3 mean=3.00 median=3 p90=3 p95=3 max=3
[MCTS WIDTH COUNTS BY DEPTH] depth=50-99 counts=(3=82)
[MCTS DEPTH SUMMARY] selection_depths=(count=490 min=0 mean=21.75 median=20 p90=43 p95=49 max=61) horizon_cutoffs=(count=0)
[MCTS ACTION SUMMARY] selected_raw_policy_ranks=(count=7 min=1 mean=1.00 median=1 p90=1 p95=1 max=1) known_goal_decisions=0 infeasible_known_goal_decisions=0
[MCTS TIME SUMMARY] selection=0.346594s expansion=30.357981s successor_generation=6.082452s network_inference=24.019737s evaluation=4.480357s backpropagation=0.079757s
[2026-09-14 21:13:50,940] [INFO] [enhspwrapper.py:224] Deleted temp file: /tmp/domain_heuristic_q9yu08qg.pddl
[2026-09-14 21:13:50,940] [INFO] [enhspwrapper.py:224] Deleted temp file: /tmp/instance_heuristic_eav492nt.pddl
[2026-09-14 21:13:50,940] [WARNING] [enhspwrapper.py:226] Failed to delete temp file /tmp/domain_heuristic_q9yu08qg.pddl: [Errno 2] No such file or directory: '/tmp/domain_heuristic_q9yu08qg.pddl'
[2026-09-14 21:13:50,940] [WARNING] [enhspwrapper.py:226] Failed to delete temp file /tmp/instance_heuristic_eav492nt.pddl: [Errno 2] No such file or directory: '/tmp/instance_heuristic_eav492nt.pddl'
[EVAL INSTANCE] completed number=19 path=../problems/numeric/mprime/instances/pfile27.pddl status=success elapsed=48.10s success=1.0 steps=7
[EVAL][PLAN] EASY       | pfile27.pddl | steps=7 | plan=['overcome boils satisfaction scallion', 'feast satisfaction scallion guava', 'succumb boils satisfaction guava', 'feast love popover scallion', 'overcome grief love scallion', 'feast love scallion guava', 'succumb grief love guava']
[EVAL INSTANCE] started number=20 path=../problems/numeric/mprime/instances/pfile28.pddl pid=368859
mdpsim:../problems/numeric/mprime/domain.pddl:3: assuming `:typing' requirement
mdpsim:../problems/numeric/mprime/domain.pddl:15: assuming `:fluents' requirement
[EVAL|Easy|368859] Setting C/Python/Numpy/TF seeds to 1073581275
Starting [EVAL|Easy|368859] on instance [19] ../problems/numeric/mprime/instances/pfile28.pddl
Starting to parse mdpsim problem: mprime-x-28
Finished parsing mdpsim problem: mprime-x-28
[EVAL|Easy|368859] ACTION POLICY INITIALIZED
[EVAL|Easy|368859] policy_class = ArgmaxGoalChasePathDuplicatePenaltyPolicy
[EVAL|Easy|368859] distance_threshold = inf
[EVAL|Easy|368859] duplicate_penalty = 0.0
[EVAL|Easy|368859] root_visit_tie_break = action_id
[2026-09-14 21:14:07,962] [INFO] [enhspwrapper.py:84] Created temporary domain file: /tmp/domain_heuristic_lerec40k.pddl
[2026-09-14 21:14:07,963] [INFO] [enhspwrapper.py:93] Created temporary instance file: /tmp/instance_heuristic_7t59a66f.pddl
[2026-09-14 21:14:08,392] [INFO] [enhspwrapper.py:51] Starting the heuristic server with config: hmrp-ha-gbfs
[MCTS SEARCH SUMMARY] progressive_widening=True iterations_per_search=70 search_calls=12 nodes=1458 peak_nodes=1458 widening_events=763
[MCTS WIDTH SUMMARY] final_widths=(count=1458 min=0 mean=1.34 median=0 p90=3 p95=3 max=15) root_widths=(count=12 min=4 mean=10.33 median=10 p90=15 p95=15 max=15) widen_event_widths=(count=763 min=2 mean=3.90 median=3 p90=7 p95=10 max=15) admitted_policy_ranks=(count=1952 min=1 mean=1.91 median=2 p90=3 p95=3 max=3)
[MCTS DISTRIBUTION] final_width_counts=(0=862,2=3,3=548,4=19,5=8,6=3,7=3,8=1,9=1,10=1,11=1,12=2,13=2,14=1,15=3) node_visit_bins=(0=762,1=111,2=19,3-4=38,5-8=52,9-16=124,17-32=214,33-64=107,65-128=16,129+=15) selection_depth_bins=(0=18,1=16,2=17,3-4=36,5-8=82,9-16=187,17-32=290,33-64=194)
[MCTS WIDTH BY DEPTH] depth=0 count=839 min=3 mean=9.72 median=10 p90=14 p95=15 max=15
[MCTS WIDTH COUNTS BY DEPTH] depth=0 counts=(3=46,4=52,5=60,6=56,7=41,8=53,9=60,10=67,11=72,12=80,13=87,14=102,15=63)
[MCTS WIDTH BY DEPTH] depth=1 count=818 min=3 mean=9.52 median=10 p90=14 p95=15 max=15
[MCTS WIDTH COUNTS BY DEPTH] depth=1 counts=(3=110,4=27,5=30,6=41,7=41,8=53,9=60,10=67,11=72,12=80,13=86,14=104,15=47)
[MCTS WIDTH BY DEPTH] depth=2 count=802 min=3 mean=8.73 median=9 p90=13 p95=14 max=14
[MCTS WIDTH COUNTS BY DEPTH] depth=2 counts=(3=152,4=29,5=30,6=41,7=41,8=53,9=60,10=67,11=72,12=80,13=118,14=59)
[MCTS WIDTH BY DEPTH] depth=3-4 count=1548 min=3 mean=8.11 median=9 p90=12 p95=13 max=13
[MCTS WIDTH COUNTS BY DEPTH] depth=3-4 counts=(3=338,4=54,5=60,6=82,7=93,8=100,9=120,10=134,11=226,12=255,13=86)
[MCTS WIDTH BY DEPTH] depth=5-9 count=3504 min=3 mean=5.32 median=4 p90=10 p95=10 max=12
[MCTS WIDTH COUNTS BY DEPTH] depth=5-9 counts=(3=1671,4=184,5=214,6=258,7=260,8=281,9=271,10=247,11=116,12=2)
[MCTS WIDTH BY DEPTH] depth=10-19 count=5203 min=3 mean=3.23 median=3 p90=4 p95=5 max=8
[MCTS WIDTH COUNTS BY DEPTH] depth=10-19 counts=(3=4581,4=303,5=149,6=111,7=58,8=1)
[MCTS WIDTH BY DEPTH] depth=20-49 count=5037 min=2 mean=3.06 median=3 p90=3 p95=4 max=6
[MCTS WIDTH COUNTS BY DEPTH] depth=20-49 counts=(2=65,3=4683,4=231,5=49,6=9)
[MCTS WIDTH BY DEPTH] depth=50-99 count=38 min=2 mean=2.76 median=3 p90=3 p95=3 max=3
[MCTS WIDTH COUNTS BY DEPTH] depth=50-99 counts=(2=9,3=29)
[MCTS DEPTH SUMMARY] selection_depths=(count=840 min=0 mean=20.89 median=19 p90=38 p95=42 max=58) horizon_cutoffs=(count=0)
[MCTS ACTION SUMMARY] selected_raw_policy_ranks=(count=12 min=1 mean=1.25 median=1 p90=1 p95=4 max=4) known_goal_decisions=0 infeasible_known_goal_decisions=0
[MCTS TIME SUMMARY] selection=0.799769s expansion=22.432549s successor_generation=3.796189s network_inference=18.274099s evaluation=3.099941s backpropagation=0.156493s
[2026-09-14 21:14:28,411] [INFO] [enhspwrapper.py:224] Deleted temp file: /tmp/domain_heuristic_lerec40k.pddl
[2026-09-14 21:14:28,411] [INFO] [enhspwrapper.py:224] Deleted temp file: /tmp/instance_heuristic_7t59a66f.pddl
[2026-09-14 21:14:28,411] [WARNING] [enhspwrapper.py:226] Failed to delete temp file /tmp/domain_heuristic_lerec40k.pddl: [Errno 2] No such file or directory: '/tmp/domain_heuristic_lerec40k.pddl'
[2026-09-14 21:14:28,411] [WARNING] [enhspwrapper.py:226] Failed to delete temp file /tmp/instance_heuristic_7t59a66f.pddl: [Errno 2] No such file or directory: '/tmp/instance_heuristic_7t59a66f.pddl'
[EVAL INSTANCE] completed number=20 path=../problems/numeric/mprime/instances/pfile28.pddl status=success elapsed=37.33s success=1.0 steps=12
[EVAL][PLAN] EASY       | pfile28.pddl | steps=12 | plan=['feast intoxication wurst lamb', 'overcome grief intoxication lamb', 'feast intoxication lamb broccoli', 'overcome boils intoxication broccoli', 'feast intoxication broccoli lamb', 'succumb boils intoxication lamb', 'feast intoxication lamb broccoli', 'feast intoxication broccoli muffin', 'overcome anger intoxication muffin', 'feast intoxication muffin broccoli', 'feast intoxication broccoli lamb', 'succumb anger intoxication lamb']
[MCTS SEARCH SUMMARY] progressive_widening=True iterations_per_search=70 search_calls=62 nodes=6371 peak_nodes=6371 widening_events=3781
[MCTS WIDTH SUMMARY] final_widths=(count=6371 min=0 mean=1.35 median=0 p90=3 p95=4 max=20) root_widths=(count=62 min=4 mean=13.87 median=14 p90=20 p95=20 max=20) widen_event_widths=(count=3781 min=3 mean=4.81 median=3 p90=10 p95=14 max=20) admitted_policy_ranks=(count=8573 min=1 mean=1.84 median=2 p90=3 p95=3 max=3)
[MCTS DISTRIBUTION] final_width_counts=(0=3975,3=2038,4=124,5=85,6=43,7=14,8=25,9=14,10=9,11=4,12=4,13=2,14=1,15=1,16=3,17=1,18=2,19=2,20=24) node_visit_bins=(0=3346,1=624,2=91,3-4=160,5-8=305,9-16=520,17-32=663,33-64=408,65-128=139,129+=115) selection_depth_bins=(0=59,1=82,2=97,3-4=194,5-8=391,9-16=665,17-32=1238,33-64=1596,65-128=18)
[MCTS WIDTH BY DEPTH] depth=0 count=4339 min=3 mean=13.39 median=14 p90=20 p95=20 max=20
[MCTS WIDTH COUNTS BY DEPTH] depth=0 counts=(3=45,4=123,5=221,6=368,7=426,8=334,9=207,10=153,11=82,12=69,13=77,14=88,15=101,16=113,17=128,18=131,19=147,20=1526)
[MCTS WIDTH BY DEPTH] depth=1 count=4246 min=3 mean=12.77 median=15 p90=20 p95=20 max=20
[MCTS WIDTH COUNTS BY DEPTH] depth=1 counts=(3=623,4=146,5=230,6=286,7=188,8=163,9=116,10=58,11=66,12=71,13=82,14=93,15=106,16=107,17=127,18=135,19=141,20=1508)
[MCTS WIDTH BY DEPTH] depth=2 count=4148 min=3 mean=12.33 median=14 p90=20 p95=20 max=20
[MCTS WIDTH COUNTS BY DEPTH] depth=2 counts=(3=905,4=171,5=222,6=178,7=122,8=92,9=44,10=67,11=60,12=75,13=86,14=91,15=108,16=108,17=124,18=135,19=141,20=1419)
[MCTS WIDTH BY DEPTH] depth=3-4 count=7983 min=3 mean=11.92 median=13 p90=20 p95=20 max=20
[MCTS WIDTH COUNTS BY DEPTH] depth=3-4 counts=(3=2226,4=427,5=266,6=154,7=133,8=90,9=114,10=117,11=139,12=162,13=165,14=192,15=212,16=239,17=247,18=266,19=294,20=2540)
[MCTS WIDTH BY DEPTH] depth=5-9 count=18232 min=3 mean=11.29 median=12 p90=20 p95=20 max=20
[MCTS WIDTH COUNTS BY DEPTH] depth=5-9 counts=(3=5962,4=693,5=412,6=328,7=234,8=256,9=348,10=368,11=379,12=425,13=454,14=492,15=542,16=574,17=629,18=687,19=736,20=4713)
[MCTS WIDTH BY DEPTH] depth=10-19 count=30163 min=3 mean=9.49 median=8 p90=19 p95=20 max=20
[MCTS WIDTH COUNTS BY DEPTH] depth=10-19 counts=(3=10645,4=1312,5=1090,6=710,7=664,8=902,9=954,10=958,11=974,12=973,13=999,14=1095,15=1256,16=1241,17=1342,18=1374,19=1220,20=2454)
[MCTS WIDTH BY DEPTH] depth=20-49 count=44170 min=3 mean=5.09 median=3 p90=10 p95=13 max=18
[MCTS WIDTH COUNTS BY DEPTH] depth=20-49 counts=(3=24378,4=3795,5=2871,6=2635,7=2243,8=1847,9=1226,10=1024,11=899,12=825,13=757,14=653,15=505,16=347,17=161,18=4)
[MCTS WIDTH BY DEPTH] depth=50-99 count=3173 min=3 mean=3.13 median=3 p90=4 p95=4 max=8
[MCTS WIDTH COUNTS BY DEPTH] depth=50-99 counts=(3=2850,4=250,5=66,6=5,7=1,8=1)
[MCTS DEPTH SUMMARY] selection_depths=(count=4340 min=0 mean=26.38 median=25 p90=50 p95=56 max=69) horizon_cutoffs=(count=0)
[MCTS ACTION SUMMARY] selected_raw_policy_ranks=(count=62 min=1 mean=1.24 median=1 p90=2 p95=3 max=5) known_goal_decisions=0 infeasible_known_goal_decisions=0
[MCTS TIME SUMMARY] selection=5.995166s expansion=1670.738397s successor_generation=1475.898649s network_inference=185.677745s evaluation=850.440648s backpropagation=0.915865s
[2026-09-14 21:37:33,430] [INFO] [enhspwrapper.py:224] Deleted temp file: /tmp/domain_heuristic_h0z05joi.pddl
[2026-09-14 21:37:33,430] [INFO] [enhspwrapper.py:224] Deleted temp file: /tmp/instance_heuristic_9g7suazr.pddl
[2026-09-14 21:37:33,430] [WARNING] [enhspwrapper.py:226] Failed to delete temp file /tmp/domain_heuristic_h0z05joi.pddl: [Errno 2] No such file or directory: '/tmp/domain_heuristic_h0z05joi.pddl'
[2026-09-14 21:37:33,430] [WARNING] [enhspwrapper.py:226] Failed to delete temp file /tmp/instance_heuristic_9g7suazr.pddl: [Errno 2] No such file or directory: '/tmp/instance_heuristic_9g7suazr.pddl'
[EVAL INSTANCE] completed number=16 path=../problems/numeric/mprime/instances/pfile24.pddl status=success elapsed=2574.85s success=1.0 steps=62
[EVAL][PLAN] EASY       | pfile24.pddl | steps=62 | plan=['feast curiosity muffin apple', 'feast satiety bacon lettuce', 'feast satiety lettuce cherry', 'drink lettuce cherry', 'feast achievement cherry lettuce', 'feast achievement lettuce cherry', 'drink melon cherry', 'feast satiety cherry chicken', 'feast satiety chicken cherry', 'overcome anger-12 curiosity apple', 'drink potato cherry', 'feast satiety cherry chicken', 'feast satiety chicken cherry', 'drink potato apple', 'feast curiosity apple shrimp', 'feast curiosity shrimp orange', 'feast curiosity orange wurst', 'feast curiosity wurst orange', 'feast curiosity orange wurst', 'drink pepper wurst', 'feast curiosity wurst orange', 'drink melon tofu', 'feast curiosity orange shrimp', 'drink muffin shrimp', 'feast curiosity shrimp orange', 'drink melon cherry', 'feast achievement cherry lettuce', 'feast achievement lettuce cherry', 'drink pepper cherry', 'drink melon lettuce', 'drink melon chicken', 'feast satiety cherry chicken', 'feast satiety chicken cherry', 'drink pepper cherry', 'drink melon chicken', 'feast achievement cherry chicken', 'feast achievement chicken cherry', 'drink pepper cherry', 'feast achievement cherry lettuce', 'feast achievement lettuce cherry', 'drink pepper cherry', 'drink pepper lettuce', 'drink potato wurst', 'drink potato chicken', 'drink lettuce orange', 'feast curiosity orange wurst', 'feast curiosity wurst potato', 'feast curiosity potato pepper', 'feast curiosity pepper potato', 'feast curiosity potato pepper', 'feast curiosity pepper potato', 'feast curiosity potato pepper', 'feast curiosity pepper potato', 'drink melon apple', 'drink melon lettuce', 'feast curiosity potato pepper', 'drink turkey pepper', 'feast curiosity pepper melon', 'feast curiosity melon muffin', 'feast curiosity muffin tofu', 'feast curiosity tofu cherry', 'succumb anger-12 curiosity cherry']
[EVAL INSTANCE] timeout number=10 path=../problems/numeric/mprime/instances/pfile18.pddl limit=21600.0s

[EVAL FINAL] success=19.0/20=0.950
[EVAL] EASY       | success=0.950 | instances= 20 | avg_len_success=18.79 | avg_len_fail=-2.00

[EVAL] SUCCESSFUL PLAN SUMMARY
[EVAL][PLAN SUMMARY] EASY       | pfile01.pddl | steps=5 | plan=['overcome abrasion rest pork', 'feast rest pork lamb', 'feast rest lamb flounder', 'feast rest flounder rice', 'succumb abrasion rest rice']
[EVAL][PLAN SUMMARY] EASY       | pfile02.pddl | steps=8 | plan=['feast satiety onion beef', 'overcome grief-7 entertainment ham', 'feast entertainment ham muffin', 'overcome depression-1 entertainment muffin', 'feast entertainment muffin onion', 'feast entertainment onion beef', 'succumb grief-7 entertainment beef', 'succumb depression-1 entertainment beef']
[EVAL][PLAN SUMMARY] EASY       | pfile04.pddl | steps=9 | plan=['feast aesthetics shrimp cherry', 'feast aesthetics cherry arugula', 'feast aesthetics arugula wurst', 'drink bacon wurst', 'feast aesthetics wurst grapefruit', 'overcome sciatica aesthetics grapefruit', 'drink muffin grapefruit', 'feast aesthetics grapefruit wurst', 'succumb sciatica aesthetics wurst']
[EVAL][PLAN SUMMARY] EASY       | pfile05.pddl | steps=14 | plan=['drink turkey sweetroll', 'feast lubricity sweetroll shrimp', 'overcome grief satisfaction broccoli', 'feast satisfaction broccoli chocolate', 'feast satisfaction chocolate shrimp', 'succumb grief satisfaction shrimp', 'feast lubricity shrimp cherry', 'feast lubricity cherry scallop', 'overcome loneliness lubricity scallop', 'drink broccoli sweetroll', 'drink broccoli scallop', 'feast lubricity scallop sweetroll', 'feast lubricity sweetroll shrimp', 'succumb loneliness lubricity shrimp']
[EVAL][PLAN SUMMARY] EASY       | pfile09.pddl | steps=11 | plan=['feast curiosity hotdog wurst', 'feast curiosity wurst flounder', 'overcome jealousy excitement guava', 'overcome sciatica curiosity flounder', 'feast curiosity flounder hamburger', 'succumb sciatica curiosity hamburger', 'feast excitement guava apple', 'feast excitement apple hotdog', 'drink guava hotdog', 'feast excitement hotdog wurst', 'succumb jealousy excitement wurst']
[EVAL][PLAN SUMMARY] EASY       | pfile13.pddl | steps=23 | plan=['feast love baguette lemon', 'feast aesthetics hamburger papaya', 'overcome laceration-20 love lemon', 'drink flounder ham', 'overcome prostatitis-18 love lemon', 'feast love lemon baguette', 'feast love baguette lobster', 'succumb prostatitis-18 love lobster', 'feast love lobster papaya', 'feast love papaya hamburger', 'feast love hamburger scallion', 'feast love scallion flounder', 'drink muffin scallop', 'feast curiosity ham wurst', 'feast curiosity wurst ham', 'drink lemon ham', 'feast love flounder lemon', 'feast love lemon onion', 'feast love onion turkey', 'feast love turkey potato', 'feast love potato muffin', 'feast love muffin ham', 'succumb laceration-20 love ham']
[EVAL][PLAN SUMMARY] EASY       | pfile14.pddl | steps=43 | plan=['feast triumph pea potato', 'feast curiosity chocolate wurst', 'feast curiosity wurst potato', 'feast curiosity potato pea', 'feast curiosity pea potato', 'feast triumph potato shrimp', 'feast triumph shrimp potato', 'drink pea potato', 'feast achievement potato shrimp', 'feast achievement shrimp potato', 'drink chocolate potato', 'feast learning yogurt shrimp', 'feast learning shrimp potato', 'feast learning potato pea', 'feast learning pea potato', 'drink scallion potato', 'feast curiosity potato shrimp', 'drink lettuce potato', 'drink scallion shrimp', 'feast curiosity shrimp potato', 'feast curiosity potato shrimp', 'drink cucumber shrimp', 'feast curiosity shrimp potato', 'drink hotdog potato', 'feast triumph potato shrimp', 'drink hotdog potato', 'drink hotdog shrimp', 'feast triumph shrimp potato', 'drink hotdog mutton', 'feast love mutton pistachio', 'overcome anxiety-25 love pistachio', 'overcome prostatitis-23 love pistachio', 'feast love pistachio mutton', 'drink lobster pea', 'drink lobster mutton', 'feast love mutton lemon', 'feast love lemon scallop', 'feast love scallop scallion', 'feast love scallion shrimp', 'drink lobster shrimp', 'feast love shrimp potato', 'succumb anxiety-25 love potato', 'succumb prostatitis-23 love potato']
[EVAL][PLAN SUMMARY] EASY       | pfile15.pddl | steps=34 | plan=['feast learning broccoli pistachio', 'feast lubricity okra pistachio', 'overcome jealousy learning pistachio', 'feast learning pistachio okra', 'feast understanding cod chicken', 'feast learning okra cucumber', 'feast learning cucumber lobster', 'feast learning lobster ham', 'feast lubricity pistachio okra', 'feast empathy onion ham', 'feast learning ham bacon', 'feast learning bacon ham', 'feast learning ham bacon', 'feast learning bacon ham', 'feast learning ham bacon', 'feast learning bacon ham', 'succumb jealousy learning ham', 'feast stimulation lobster ham', 'overcome jealousy empathy ham', 'feast empathy ham lobster', 'feast empathy lobster cucumber', 'feast empathy cucumber lobster', 'feast empathy lobster ham', 'feast empathy ham lobster', 'feast empathy lobster cucumber', 'feast stimulation ham bacon', 'drink bacon cucumber', 'feast empathy cucumber okra', 'feast empathy okra pistachio', 'feast empathy pistachio broccoli', 'feast empathy broccoli lemon', 'feast empathy lemon cod', 'feast empathy cod chicken', 'succumb jealousy empathy chicken']
[EVAL][PLAN SUMMARY] EASY       | pfile16.pddl | steps=15 | plan=['feast achievement rice baguette', 'drink wonderbread chicken', 'feast rest chicken bacon', 'feast excitement arugula baguette', 'feast rest bacon rice', 'feast satiety wonderbread arugula', 'feast satiety arugula baguette', 'overcome abrasion satiety baguette', 'drink chocolate baguette', 'feast satiety baguette rice', 'succumb abrasion satiety rice', 'overcome sciatica learning baguette', 'drink chocolate baguette', 'feast learning baguette rice', 'succumb sciatica learning rice']
[EVAL][PLAN SUMMARY] EASY       | pfile19.pddl | steps=17 | plan=['feast lubricity lemon beef', 'feast stimulation lamb beef', 'feast love haroset lobster', 'feast aesthetics bacon lobster', 'feast love lobster bacon', 'overcome abrasion stimulation beef', 'feast stimulation beef marzipan', 'feast stimulation marzipan tofu', 'feast stimulation tofu marzipan', 'drink lamb bacon', 'feast love bacon lobster', 'feast stimulation marzipan wonderbread', 'drink marzipan wonderbread', 'feast stimulation wonderbread bacon', 'drink lamb bacon', 'feast stimulation bacon lobster', 'succumb abrasion stimulation lobster']
[EVAL][PLAN SUMMARY] EASY       | pfile20.pddl | steps=43 | plan=['feast love mutton wonderbread', 'overcome abrasion love wonderbread', 'feast love wonderbread yogurt', 'feast love yogurt muffin', 'succumb abrasion love muffin', 'overcome abrasion aesthetics muffin', 'feast aesthetics muffin yogurt', 'feast aesthetics yogurt tuna', 'feast aesthetics tuna yogurt', 'feast aesthetics yogurt tuna', 'feast aesthetics tuna yogurt', 'feast aesthetics yogurt tuna', 'feast aesthetics tuna yogurt', 'succumb abrasion aesthetics yogurt', 'feast love muffin yogurt', 'feast intoxication wonderbread yogurt', 'overcome abrasion triumph yogurt', 'feast triumph yogurt tuna', 'feast triumph tuna yogurt', 'feast triumph yogurt tuna', 'feast triumph tuna yogurt', 'feast triumph yogurt wonderbread', 'feast triumph wonderbread mutton', 'feast triumph mutton wonderbread', 'feast intoxication yogurt wonderbread', 'feast triumph wonderbread mutton', 'drink scallion mutton', 'feast triumph mutton wonderbread', 'feast triumph wonderbread mutton', 'feast empathy pork mutton', 'feast achievement cherry pepper', 'drink scallion mutton', 'feast empathy mutton wonderbread', 'feast empathy wonderbread mutton', 'feast understanding marzipan cherry', 'feast understanding cherry pepper', 'drink pepper mutton', 'feast triumph mutton pork', 'feast triumph pork cod', 'feast triumph cod marzipan', 'feast triumph marzipan cherry', 'feast triumph cherry pepper', 'succumb abrasion triumph pepper']
[EVAL][PLAN SUMMARY] EASY       | pfile21.pddl | steps=7 | plan=['feast love flounder wurst', 'feast learning lemon wurst', 'overcome sciatica love wurst', 'drink popover wurst', 'feast love wurst snickers', 'feast love snickers apple', 'succumb sciatica love apple']
[EVAL][PLAN SUMMARY] EASY       | pfile22.pddl | steps=24 | plan=['feast triumph popover ham', 'drink pea guava', 'feast expectation guava ham', 'feast satisfaction pepper lamb', 'overcome hangover understanding ham', 'feast understanding ham guava', 'feast learning shrimp lamb', 'feast rest pea lamb', 'feast achievement beef shrimp', 'feast achievement shrimp lamb', 'drink wurst guava', 'feast intoxication cantelope lamb', 'feast understanding guava chicken', 'feast aesthetics scallop cantelope', 'feast aesthetics cantelope lamb', 'feast excitement kale pepper', 'feast excitement pepper lamb', 'feast understanding chicken cherry', 'drink wurst cherry', 'feast understanding cherry hamburger', 'feast understanding hamburger kale', 'feast understanding kale pepper', 'feast understanding pepper lamb', 'succumb hangover understanding lamb']
[EVAL][PLAN SUMMARY] EASY       | pfile23.pddl | steps=13 | plan=['drink pistachio hotdog', 'feast intoxication onion apple', 'overcome laceration intoxication apple', 'feast curiosity grapefruit beef', 'feast curiosity beef chicken', 'drink flounder beef', 'feast intoxication apple onion', 'drink flounder onion', 'feast intoxication onion flounder', 'feast intoxication flounder lamb', 'feast intoxication lamb hotdog', 'feast intoxication hotdog chicken', 'succumb laceration intoxication chicken']
[EVAL][PLAN SUMMARY] EASY       | pfile24.pddl | steps=62 | plan=['feast curiosity muffin apple', 'feast satiety bacon lettuce', 'feast satiety lettuce cherry', 'drink lettuce cherry', 'feast achievement cherry lettuce', 'feast achievement lettuce cherry', 'drink melon cherry', 'feast satiety cherry chicken', 'feast satiety chicken cherry', 'overcome anger-12 curiosity apple', 'drink potato cherry', 'feast satiety cherry chicken', 'feast satiety chicken cherry', 'drink potato apple', 'feast curiosity apple shrimp', 'feast curiosity shrimp orange', 'feast curiosity orange wurst', 'feast curiosity wurst orange', 'feast curiosity orange wurst', 'drink pepper wurst', 'feast curiosity wurst orange', 'drink melon tofu', 'feast curiosity orange shrimp', 'drink muffin shrimp', 'feast curiosity shrimp orange', 'drink melon cherry', 'feast achievement cherry lettuce', 'feast achievement lettuce cherry', 'drink pepper cherry', 'drink melon lettuce', 'drink melon chicken', 'feast satiety cherry chicken', 'feast satiety chicken cherry', 'drink pepper cherry', 'drink melon chicken', 'feast achievement cherry chicken', 'feast achievement chicken cherry', 'drink pepper cherry', 'feast achievement cherry lettuce', 'feast achievement lettuce cherry', 'drink pepper cherry', 'drink pepper lettuce', 'drink potato wurst', 'drink potato chicken', 'drink lettuce orange', 'feast curiosity orange wurst', 'feast curiosity wurst potato', 'feast curiosity potato pepper', 'feast curiosity pepper potato', 'feast curiosity potato pepper', 'feast curiosity pepper potato', 'feast curiosity potato pepper', 'feast curiosity pepper potato', 'drink melon apple', 'drink melon lettuce', 'feast curiosity potato pepper', 'drink turkey pepper', 'feast curiosity pepper melon', 'feast curiosity melon muffin', 'feast curiosity muffin tofu', 'feast curiosity tofu cherry', 'succumb anger-12 curiosity cherry']
[EVAL][PLAN SUMMARY] EASY       | pfile25.pddl | steps=4 | plan=['feast expectation tuna wurst', 'overcome depression expectation wurst', 'feast expectation wurst chicken', 'succumb depression expectation chicken']
[EVAL][PLAN SUMMARY] EASY       | pfile26.pddl | steps=6 | plan=['overcome boils entertainment haroset', 'feast entertainment haroset marzipan', 'drink haroset marzipan', 'feast entertainment marzipan turkey', 'feast entertainment turkey papaya', 'succumb boils entertainment papaya']
[EVAL][PLAN SUMMARY] EASY       | pfile27.pddl | steps=7 | plan=['overcome boils satisfaction scallion', 'feast satisfaction scallion guava', 'succumb boils satisfaction guava', 'feast love popover scallion', 'overcome grief love scallion', 'feast love scallion guava', 'succumb grief love guava']
[EVAL][PLAN SUMMARY] EASY       | pfile28.pddl | steps=12 | plan=['feast intoxication wurst lamb', 'overcome grief intoxication lamb', 'feast intoxication lamb broccoli', 'overcome boils intoxication broccoli', 'feast intoxication broccoli lamb', 'succumb boils intoxication lamb', 'feast intoxication lamb broccoli', 'feast intoxication broccoli muffin', 'overcome anger intoxication muffin', 'feast intoxication muffin broccoli', 'feast intoxication broccoli lamb', 'succumb anger intoxication lamb']

[EVAL] OVERALL success=0.950
spec:  
=== SpawnExploreSpec ===

  [ CORE ]
    domain_type                              : numeric
    pddls                                    : ('../problems/numeric/mprime/domain.pddl', '../problems/numeric/mprime/instances/pfile01.pddl')
    difficulty                               : Easy
    trainer_seed                             : 1073581256
    slot_id                                  : 0
    num_slots                                : 20

  [ PLANNER / TEACHER ]
    teacher_planner                          : enhsp
    teacher_timeout_s                        : 1
    use_teacher_envelope                     : False
    enhsp_config                             : hmrp-ha-gbfs
    max_len                                  : 10000

  [ HEURISTICS ]
    ssipp_dg_heuristic                       : None
    fd_heuristic                             : astar-hadd
    ssipp_teacher_heuristic                  : lm-cut
    use_lm_cuts                              : False
    use_numeric_landmarks                    : False
    use_contributions                        : False

  [ MCTS & EXPLORATION ]
    mcts_iterations                          : 70
    mcts_expansion_k                         : 20
    mcts_exploration_weight                  : 0.1
    mcts_progressive_widening                : True
    mcts_pw_min_width                        : 3
    mcts_pw_c                                : 0.6
    mcts_pw_alpha                            : 0.5
    mcts_root_visit_tie_break                : action_id
    mcts_her_strategy                        : False
    sample_k_additional_states               : 0

  [ ESTIMATOR & DECAY ]
    estimator_h_to_v_coeff                   : 1.0
    use_estimator                            : 0.5
    estimator_decay_coeff_start              : 1.0
    estimator_decay_coeff_end                : 0.2
    estimator_decay_epochs                   : 0

  [ ACTION POLICY ]
    action_policy                            : argmax
    action_policy_epsilon                    : 0.0
    action_policy_temperature                : None
    action_policy_decay_rate                 : None
    action_policy_duplicate_penalty          : 0.0

  [ MISC / TRAINING ]
    use_fluents                              : True
    use_comps                                : False
    fixed_instance_pddl                      : False
    original_training_set                    : False
    freeze_train_steps                       : 50
    freeze_batch_size                        : 32

  [ OTHER ]
    use_act_history                          : True
    only_one_good_action                     : False
    heuristic_bootstrapping                  : False
    goal_path_reconstruction                 : None
    ENHSP_plan_bootstrap                     : True
    est_plan_z                               : False
    timeout                                  : 86400
    puct_debug                               : False
    action_debug                             : False
    use_estimator_decay                      : False
    action_policy_goal_chase_distance_threshold : -1
    evaluation_mode                          : True
    evaluation_index                         : 1
    mcts_enforce_remaining_horizon           : False
    mcts_terminal_safe_action_selection      : False
    mcts_context_diagnostics                 : False
    mcts_contextual_nodes                    : False
    mcts_context_witness_limit               : 128

Inference success rate: 0.95, took: 24580.749781847s
Importing architecture from experiments_numeric.architecture_2.mprime_mcts
Importing problem from experiments_numeric.domain.mprime
Resuming from checkpoint "/home/hersco/bershco-nu-asnets/numeric-asnets/asnets/experiment-results/experiments_numeric.domain.mprime_validation_ipc_scale_v1-experiments_numeric.architecture_2.mprime-2026-08-27T10:22:09.631662/P[domain,pfile01,pfile02,pfile04,pfile05]-S[0.003,50,enhsp-hmrp-ha-gbfs]-MO[]-T[518400]-04915056-1247c09/snapshots/snapshot_15_0.750"
Using experiment dir "/home/hersco/bershco-nu-asnets/numeric-asnets/asnets/experiment-results/experiments_numeric.domain.mprime_validation_ipc_scale_v1-experiments_numeric.architecture_2.mprime-2026-08-27T10:22:09.631662"






Testing network
Running command line "/home/hersco/bershco-nu-asnets/numeric-asnets/venv-asnets/bin/python3 -u -m asnets.scripts.run_asnets --no-train --minimal-file-saves --resume-from /home/hersco/bershco-nu-asnets/numeric-asnets/asnets/experiment-results/experiments_numeric.domain.mprime_validation_ipc_scale_v1-experiments_numeric.architecture_2.mprime-2026-08-27T10:22:09.631662/P[domain,pfile01,pfile02,pfile04,pfile05]-S[0.003,50,enhsp-hmrp-ha-gbfs]-MO[]-T[518400]-04915056-1247c09/snapshots/snapshot_15_0.750 -e /home/hersco/bershco-nu-asnets/numeric-asnets/asnets/experiment-results/experiments_numeric.domain.mprime_validation_ipc_scale_v1-experiments_numeric.architecture_2.mprime-2026-08-27T10:22:09.631662 --jpddl-max-heap 4g --eval-with-mcts --eval-scheduling rolling --eval-instance-timeout 21600.0 --eval-completion-file /home/hersco/training_new_domains/2026-09-13/mprime_phase_b_a_stage1_pw70/on/1073581256/full/completion/mprime-s1-phase-b-a-on-1073581256-e0015-pw70-k3.jsonl --det-eval --no-use-lm-cuts --use-act-history --no-use-teacher-envelope --max-opt-epochs 1000 --teacher-timeout-s 1 --use-fluents --enhsp-config hmrp-ha-gbfs --limit-train-obs-size 1200 --exploration-algorithm mcts --rollouts 2 --min-explored 10 --max-explored 1000 --exploration-learning-ratio 10 --max-replay-size 150000 --action-policy argmax --action-policy-epsilon 0.0 --domain-type numeric --num-layers 2 --hidden-size 15 --l2-reg 0.005 --l1-reg 0.0 --mse 0.5 -R 1 -L 10000 -t 518400 --supervised-lr 0.003 --supervised-bs 50 --supervised-early-stop 20 --save-every 1 --opt-batch-per-epoch 60 --teacher-planner enhsp --sup-objective MCTS_VISIT_DIST -L 10000 --seed 1073581256 --mcts-expansion-size 20 --mcts-heuristic hadd-gbfs --mcts-exploration-weight 0.1 --mcts-progressive-widening --mcts-pw-min-width 3 --mcts-pw-c 0.6 --mcts-pw-alpha 0.5 --num-workers 3 --mcts-iterations 70 --use-estimator 0.5 ../problems/numeric/mprime/domain.pddl ../problems/numeric/mprime/instances/pfile01.pddl ../problems/numeric/mprime/instances/pfile02.pddl ../problems/numeric/mprime/instances/pfile04.pddl ../problems/numeric/mprime/instances/pfile05.pddl ../problems/numeric/mprime/instances/pfile09.pddl ../problems/numeric/mprime/instances/pfile13.pddl ../problems/numeric/mprime/instances/pfile14.pddl ../problems/numeric/mprime/instances/pfile15.pddl ../problems/numeric/mprime/instances/pfile16.pddl ../problems/numeric/mprime/instances/pfile18.pddl ../problems/numeric/mprime/instances/pfile19.pddl ../problems/numeric/mprime/instances/pfile20.pddl ../problems/numeric/mprime/instances/pfile21.pddl ../problems/numeric/mprime/instances/pfile22.pddl ../problems/numeric/mprime/instances/pfile23.pddl ../problems/numeric/mprime/instances/pfile24.pddl ../problems/numeric/mprime/instances/pfile25.pddl ../problems/numeric/mprime/instances/pfile26.pddl ../problems/numeric/mprime/instances/pfile27.pddl ../problems/numeric/mprime/instances/pfile28.pddl --validation-pddls-easy ../problems/numeric/mprime/valid_easy/pfile0.pddl ../problems/numeric/mprime/valid_easy/pfile1.pddl ../problems/numeric/mprime/valid_easy/pfile2.pddl ../problems/numeric/mprime/valid_easy/pfile3.pddl ../problems/numeric/mprime/valid_easy/pfile4.pddl ../problems/numeric/mprime/valid_easy/pfile5.pddl ../problems/numeric/mprime/valid_easy/pfile6.pddl ../problems/numeric/mprime/valid_easy/pfile7.pddl ../problems/numeric/mprime/valid_easy/pfile8.pddl ../problems/numeric/mprime/valid_easy/pfile9.pddl --validation-pddls-medium ../problems/numeric/mprime/valid_medium/pfile0.pddl ../problems/numeric/mprime/valid_medium/pfile1.pddl ../problems/numeric/mprime/valid_medium/pfile2.pddl ../problems/numeric/mprime/valid_medium/pfile3.pddl ../problems/numeric/mprime/valid_medium/pfile4.pddl ../problems/numeric/mprime/valid_medium/pfile5.pddl ../problems/numeric/mprime/valid_medium/pfile6.pddl ../problems/numeric/mprime/valid_medium/pfile7.pddl ../problems/numeric/mprime/valid_medium/pfile8.pddl ../problems/numeric/mprime/valid_medium/pfile9.pddl --validation-pddls-hard ../problems/numeric/mprime/valid_hard/pfile0.pddl ../problems/numeric/mprime/valid_hard/pfile1.pddl ../problems/numeric/mprime/valid_hard/pfile2.pddl ../problems/numeric/mprime/valid_hard/pfile3.pddl ../problems/numeric/mprime/valid_hard/pfile4.pddl ../problems/numeric/mprime/valid_hard/pfile5.pddl ../problems/numeric/mprime/valid_hard/pfile6.pddl ../problems/numeric/mprime/valid_hard/pfile7.pddl ../problems/numeric/mprime/valid_hard/pfile8.pddl ../problems/numeric/mprime/valid_hard/pfile9.pddl"
Will write results to /home/hersco/bershco-nu-asnets/numeric-asnets/asnets/experiment-results/experiments_numeric.domain.mprime_validation_ipc_scale_v1-experiments_numeric.architecture_2.mprime-2026-08-27T10:22:09.631662/runs/3bfe3a0f145d815ed29be852259f2372
Force-killing a process
Process exited with code -15: tee /home/hersco/bershco-nu-asnets/numeric-asnets/asnets/experiment-results/experiments_numeric.domain.mprime_validation_ipc_scale_v1-experiments_numeric.architecture_2.mprime-2026-08-27T10:22:09.631662/runs/3bfe3a0f145d815ed29be852259f2372/stdout
Force-killing a process
Process exited with code -15: tee /home/hersco/bershco-nu-asnets/numeric-asnets/asnets/experiment-results/experiments_numeric.domain.mprime_validation_ipc_scale_v1-experiments_numeric.architecture_2.mprime-2026-08-27T10:22:09.631662/runs/3bfe3a0f145d815ed29be852259f2372/stderr
Fin :-)
[VAL] Starting validation guardrail
[VAL] Log       : /home/hersco/training_new_domains/2026-09-13/mprime_phase_b_a_stage1_pw70/on/1073581256/full/attempts/21261165_r0.txt
[VAL] Domain    : mprime
[VAL] Validator : /home/hersco/tools/VAL/build/bin/Validate
[VAL] Domain module : /home/hersco/bershco-nu-asnets/numeric-asnets-mprime-pw-9fe4f9e6/asnets/experiments_numeric/domain/mprime.py
[VAL] PDDL dir      : /home/hersco/bershco-nu-asnets/numeric-asnets-mprime-pw-9fe4f9e6/problems/numeric/mprime
[VAL] COMMON_PDDLS  : /home/hersco/bershco-nu-asnets/numeric-asnets-mprime-pw-9fe4f9e6/problems/numeric/mprime/domain.pddl
[VAL] Evaluator successes : 19
[VAL] Evaluator total     : 20
[VAL] Plan records found  : 19
[VAL] Unique instances    : 19
[VAL] OK   pfile01.pddl (1 candidate plan(s))
[VAL] OK   pfile04.pddl (1 candidate plan(s))
[VAL] OK   pfile02.pddl (1 candidate plan(s))
[VAL] OK   pfile09.pddl (1 candidate plan(s))
[VAL] OK   pfile05.pddl (1 candidate plan(s))
[VAL] OK   pfile15.pddl (1 candidate plan(s))
[VAL] OK   pfile16.pddl (1 candidate plan(s))
[VAL] OK   pfile13.pddl (1 candidate plan(s))
[VAL] OK   pfile19.pddl (1 candidate plan(s))
[VAL] OK   pfile20.pddl (1 candidate plan(s))
[VAL] OK   pfile21.pddl (1 candidate plan(s))
[VAL] OK   pfile22.pddl (1 candidate plan(s))
[VAL] OK   pfile23.pddl (1 candidate plan(s))
[VAL] OK   pfile14.pddl (1 candidate plan(s))
[VAL] OK   pfile25.pddl (1 candidate plan(s))
[VAL] OK   pfile26.pddl (1 candidate plan(s))
[VAL] OK   pfile27.pddl (1 candidate plan(s))
[VAL] OK   pfile28.pddl (1 candidate plan(s))
[VAL] OK   pfile24.pddl (1 candidate plan(s))
[VAL] Summary CSV        : /home/hersco/training_new_domains/2026-09-13/mprime_phase_b_a_stage1_pw70/on/1073581256/full/validation/21261165_r0.val.csv

[VAL] ===== VALIDATION SUMMARY =====
[VAL] Evaluator successes : 19
[VAL] Printed plan records: 19
[VAL] Printed instances   : 19
[VAL] VAL-valid plans     : 19
[VAL] VAL-invalid plans   : 0
[VAL] =================================
[VAL] Retry-aware partial validation successful: all unique printed successful instances pass VAL
