------------------------------------
Mon 14 Sep 2026 15:31:10 IDT
SLURM_JOBID:		21260330
SLURM_JOB_NODELIST:	ise-cpu256-27
SLURM_SCRATCH_DIR:	/scratch/hersco/21260330
Allocated Resouces:	cpu - 6 / mem - 122880 MB / gpu - 
SLURM_GPU_INDEX:	
Running as hersco from shperbsh account with normal QOS
------------------------------------
[MPRIME S1 PBA PW70] identity=mprime-s1-phase-b-a-off-1972442430-e0005-pw70-k3 vh=off seed=1972442430 epoch=5 smoke=no
[MPRIME S1 PBA PW70] width=20 simulations=70 Kmin=3 c=.6 alpha=.5 puct=.1 estimator=.5 terminal_safe=false
[MPRIME S1 PBA PW70] checkpoint=/home/hersco/bershco-nu-asnets/numeric-asnets/asnets/experiment-results/experiments_numeric.domain.mprime_validation_ipc_scale_v1-experiments_numeric.architecture_2.mprime-2026-08-27T10:22:03.307645/P[domain,pfile01,pfile02,pfile04,pfile05]-S[0.003,50,enhsp-hmrp-ha-gbfs]-MO[]-T[518400]-04915056-72aea46/snapshots/snapshot_5_0.750 commit=9fe4f9e695ed290cc370dd5c5b877c276578525c
2026-09-14 15:31:58.328948: E tensorflow/compiler/xla/stream_executor/cuda/cuda_dnn.cc:9342] Unable to register cuDNN factory: Attempting to register factory for plugin cuDNN when one has already been registered
2026-09-14 15:31:58.329000: E tensorflow/compiler/xla/stream_executor/cuda/cuda_fft.cc:609] Unable to register cuFFT factory: Attempting to register factory for plugin cuFFT when one has already been registered
2026-09-14 15:31:58.329050: E tensorflow/compiler/xla/stream_executor/cuda/cuda_blas.cc:1518] Unable to register cuBLAS factory: Attempting to register factory for plugin cuBLAS when one has already been registered
2026-09-14 15:31:58.337482: I tensorflow/core/platform/cpu_feature_guard.cc:182] This TensorFlow binary is optimized to use available CPU instructions in performance-critical operations.
To enable the following instructions: AVX2 FMA, in other operations, rebuild TensorFlow with the appropriate compiler flags.
[JPDDL] Maximum heap per worker: 4g
[2026-09-14 15:32:01,364] [INFO] [run_asnets.py:1491] Arguments are: Namespace(problems=None, domain_type=numeric, opt_patience=10, max_opt_epochs=1000, supervised_lr=0.003, lr_steps=[], supervised_bs=50, ssipp_teacher_heuristic='lm-cut', fd_teacher_heuristic='astar-hadd', enhsp_config='hmrp-ha-gbfs', supervised_early_stop=20, save_every=1, seed=1972442430, optimizer_opts={}, resume_from='/home/hersco/bershco-nu-asnets/numeric-asnets/asnets/experiment-results/experiments_numeric.domain.mprime_validation_ipc_scale_v1-experiments_numeric.architecture_2.mprime-2026-08-27T10:22:03.307645/P[domain,pfile01,pfile02,pfile04,pfile05]-S[0.003,50,enhsp-hmrp-ha-gbfs]-MO[]-T[518400]-04915056-72aea46/snapshots/snapshot_5_0.750', timeout=518400.0, model_opts={}, skip=True, num_layers=2, hidden_size=15, dropout=0.0, sup_objective=<SupervisedObjective.MCTS_VISIT_DIST: 3>, use_teacher_envelope=False, det_eval=True, ssipp_dg_heuristic=None, minimal_file_saves=True, use_lm_cuts=False, use_numeric_landmarks=False, use_contributions=False, use_act_history=True, save_training_set=None, use_saved_training_set=None, rounds_eval=1, limit_turns=10000, expt_dir='/home/hersco/bershco-nu-asnets/numeric-asnets/asnets/experiment-results/experiments_numeric.domain.mprime_validation_ipc_scale_v1-experiments_numeric.architecture_2.mprime-2026-08-27T10:22:03.307645', dK='dk', no_train=True, l1_reg=0.0, l2_reg=0.005, l1_l2_reg=0.0, mse=0.5, policy_anchor_kl_coeff=0.0, policy_anchor_kl_mode='constant', policy_anchor_kl_target=None, teacher_planner='enhsp', opt_batch_per_epoch=60, exploration_algorithm='mcts', eval_with_mcts=True, eval_mcts_enforce_remaining_horizon=False, eval_mcts_terminal_safe_action_selection=False, eval_mcts_root_visit_tie_break='action_id', eval_mcts_context_diagnostics=False, eval_mcts_contextual_nodes=False, eval_mcts_context_witness_limit=128, eval_start_wave=1, eval_scheduling='rolling', skip_instance_numbers=(), eval_instance_timeout=21600.0, eval_completion_file='/home/hersco/training_new_domains/2026-09-13/mprime_phase_b_a_stage1_pw70/off/1972442430/full/completion/mprime-s1-phase-b-a-off-1972442430-e0005-pw70-k3.jsonl', jpddl_max_heap='4g', action_debug=False, puct_debug=False, rollouts=2, min_explored=10, max_explored=1000, exploration_learning_ratio=10.0, max_replay_size=150000, teacher_timeout_s=1, plan_file_name='plan_sas', limit_train_obs_size='1200', use_fluents=True, use_comparisons=False, pddls=['../problems/numeric/mprime/domain.pddl', '../problems/numeric/mprime/instances/pfile01.pddl', '../problems/numeric/mprime/instances/pfile02.pddl', '../problems/numeric/mprime/instances/pfile04.pddl', '../problems/numeric/mprime/instances/pfile05.pddl', '../problems/numeric/mprime/instances/pfile09.pddl', '../problems/numeric/mprime/instances/pfile13.pddl', '../problems/numeric/mprime/instances/pfile14.pddl', '../problems/numeric/mprime/instances/pfile15.pddl', '../problems/numeric/mprime/instances/pfile16.pddl', '../problems/numeric/mprime/instances/pfile18.pddl', '../problems/numeric/mprime/instances/pfile19.pddl', '../problems/numeric/mprime/instances/pfile20.pddl', '../problems/numeric/mprime/instances/pfile21.pddl', '../problems/numeric/mprime/instances/pfile22.pddl', '../problems/numeric/mprime/instances/pfile23.pddl', '../problems/numeric/mprime/instances/pfile24.pddl', '../problems/numeric/mprime/instances/pfile25.pddl', '../problems/numeric/mprime/instances/pfile26.pddl', '../problems/numeric/mprime/instances/pfile27.pddl', '../problems/numeric/mprime/instances/pfile28.pddl'], mcts_rollout_horizon=3, graceful_timeout=86400, mcts_expansion_size=20, no_eval=False, mcts_heuristic='hadd-gbfs', minimization=False, mcts_exploration_weight=0.1, mcts_progressive_widening=True, mcts_pw_min_width=3, mcts_pw_c=0.6, mcts_pw_alpha=0.5, disable_value_head=True, mcts_iterations=70, heuristic_bootstrapping=False, mcts_her_strategy=False, num_workers=3, slurm_job_id=0, worker_logs=False, corrupt_pi=None, corrupt_z=None, fixed_instance=False, original_training_set=False, sample_k_additional_states=0, profile_dir=None, profile_sample_epochs=(0, 5, 25, 100), profile_sample_every=200, freeze_train=False, goal_path_reconstruction=None, action_policy='argmax', action_policy_goal_chase_distance_threshold=None, action_policy_epsilon=0.0, action_policy_temperature=None, action_policy_decay_rate=None, action_policy_duplicate_penalty=0.0, estimator_h_to_v_coeff=1.0, use_estimator_decay=False, use_estimator=0.5, estimator_decay_epochs=None, estimator_decay_coeff_start=1.0, estimator_decay_coeff_end=0.2, validation_pddls_easy=['../problems/numeric/mprime/valid_easy/pfile0.pddl', '../problems/numeric/mprime/valid_easy/pfile1.pddl', '../problems/numeric/mprime/valid_easy/pfile2.pddl', '../problems/numeric/mprime/valid_easy/pfile3.pddl', '../problems/numeric/mprime/valid_easy/pfile4.pddl', '../problems/numeric/mprime/valid_easy/pfile5.pddl', '../problems/numeric/mprime/valid_easy/pfile6.pddl', '../problems/numeric/mprime/valid_easy/pfile7.pddl', '../problems/numeric/mprime/valid_easy/pfile8.pddl', '../problems/numeric/mprime/valid_easy/pfile9.pddl'], validation_pddls_medium=['../problems/numeric/mprime/valid_medium/pfile0.pddl', '../problems/numeric/mprime/valid_medium/pfile1.pddl', '../problems/numeric/mprime/valid_medium/pfile2.pddl', '../problems/numeric/mprime/valid_medium/pfile3.pddl', '../problems/numeric/mprime/valid_medium/pfile4.pddl', '../problems/numeric/mprime/valid_medium/pfile5.pddl', '../problems/numeric/mprime/valid_medium/pfile6.pddl', '../problems/numeric/mprime/valid_medium/pfile7.pddl', '../problems/numeric/mprime/valid_medium/pfile8.pddl', '../problems/numeric/mprime/valid_medium/pfile9.pddl'], validation_pddls_hard=['../problems/numeric/mprime/valid_hard/pfile0.pddl', '../problems/numeric/mprime/valid_hard/pfile1.pddl', '../problems/numeric/mprime/valid_hard/pfile2.pddl', '../problems/numeric/mprime/valid_hard/pfile3.pddl', '../problems/numeric/mprime/valid_hard/pfile4.pddl', '../problems/numeric/mprime/valid_hard/pfile5.pddl', '../problems/numeric/mprime/valid_hard/pfile6.pddl', '../problems/numeric/mprime/valid_hard/pfile7.pddl', '../problems/numeric/mprime/valid_hard/pfile8.pddl', '../problems/numeric/mprime/valid_hard/pfile9.pddl'], validation_on_test_instances=False)
[939667] Setting C/Python/Numpy/TF seeds to 1972442430
Unique prefix: P[domain,pfile01,pfile02,pfile04,pfile05,pfile09,...]-S[0.003,50,enhsp-hmrp-ha-gbfs]-MO[]-T[518400]-04941286-72aea46
Snapshot directory: /home/hersco/bershco-nu-asnets/numeric-asnets/asnets/experiment-results/experiments_numeric.domain.mprime_validation_ipc_scale_v1-experiments_numeric.architecture_2.mprime-2026-08-27T10:22:03.307645/P[domain,pfile01,pfile02,pfile04,pfile05,pfile09,...]-S[0.003,50,enhsp-hmrp-ha-gbfs]-MO[]-T[518400]-04941286-72aea46/snapshots
Training supervised on random instances (SPAWN, NO RPyC)
Instances: ['../problems/numeric/mprime/domain.pddl', '../problems/numeric/mprime/instances/pfile01.pddl', '../problems/numeric/mprime/instances/pfile02.pddl', '../problems/numeric/mprime/instances/pfile04.pddl', '../problems/numeric/mprime/instances/pfile05.pddl', '../problems/numeric/mprime/instances/pfile09.pddl', '../problems/numeric/mprime/instances/pfile13.pddl', '../problems/numeric/mprime/instances/pfile14.pddl', '../problems/numeric/mprime/instances/pfile15.pddl', '../problems/numeric/mprime/instances/pfile16.pddl', '../problems/numeric/mprime/instances/pfile18.pddl', '../problems/numeric/mprime/instances/pfile19.pddl', '../problems/numeric/mprime/instances/pfile20.pddl', '../problems/numeric/mprime/instances/pfile21.pddl', '../problems/numeric/mprime/instances/pfile22.pddl', '../problems/numeric/mprime/instances/pfile23.pddl', '../problems/numeric/mprime/instances/pfile24.pddl', '../problems/numeric/mprime/instances/pfile25.pddl', '../problems/numeric/mprime/instances/pfile26.pddl', '../problems/numeric/mprime/instances/pfile27.pddl', '../problems/numeric/mprime/instances/pfile28.pddl']
Starting to parse mdpsim problem: mprime-x-1
mdpsim:../problems/numeric/mprime/domain.pddl:3: assuming `:typing' requirement
mdpsim:../problems/numeric/mprime/domain.pddl:15: assuming `:fluents' requirement
Finished parsing mdpsim problem: mprime-x-1
[WM] Successfully loaded previous weight manager from /home/hersco/bershco-nu-asnets/numeric-asnets/asnets/experiment-results/experiments_numeric.domain.mprime_validation_ipc_scale_v1-experiments_numeric.architecture_2.mprime-2026-08-27T10:22:03.307645/P[domain,pfile01,pfile02,pfile04,pfile05]-S[0.003,50,enhsp-hmrp-ha-gbfs]-MO[]-T[518400]-04915056-72aea46/snapshots/snapshot_5_0.750/weights.joblib
[WM LOAD CHECK] mean/std/norm= 0.022786499932408333 0.24223798513412476 2.1071033477783203
[WM LOAD VERIFY] W0 saved mean/std/norm=(0.022786499932408333, 0.24223798513412476, 2.1071033477783203)
[2026-09-14 15:32:03,611] [INFO] [run_asnets.py:967] Tensorboard summary path: /home/hersco/bershco-nu-asnets/numeric-asnets/asnets/experiment-results/experiments_numeric.domain.mprime_validation_ipc_scale_v1-experiments_numeric.architecture_2.mprime-2026-08-27T10:22:03.307645/P[domain,pfile01,pfile02,pfile04,pfile05,pfile09,...]-S[0.003,50,enhsp-hmrp-ha-gbfs]-MO[]-T[518400]-04941286-72aea46/tensorboard
[EVAL INSTANCES] stable ordered test-set positions:
[EVAL INSTANCES] 1: ../problems/numeric/mprime/instances/pfile01.pddl
[EVAL INSTANCES] 2: ../problems/numeric/mprime/instances/pfile02.pddl
[EVAL INSTANCES] 3: ../problems/numeric/mprime/instances/pfile04.pddl
[EVAL INSTANCES] 4: ../problems/numeric/mprime/instances/pfile05.pddl
[EVAL INSTANCES] 5: ../problems/numeric/mprime/instances/pfile09.pddl
[EVAL INSTANCES] 6: ../problems/numeric/mprime/instances/pfile13.pddl
[EVAL INSTANCES] 7: ../problems/numeric/mprime/instances/pfile14.pddl
[EVAL INSTANCES] 8: ../problems/numeric/mprime/instances/pfile15.pddl
[EVAL INSTANCES] 9: ../problems/numeric/mprime/instances/pfile16.pddl
[EVAL INSTANCES] 10: ../problems/numeric/mprime/instances/pfile18.pddl
[EVAL INSTANCES] 11: ../problems/numeric/mprime/instances/pfile19.pddl
[EVAL INSTANCES] 12: ../problems/numeric/mprime/instances/pfile20.pddl
[EVAL INSTANCES] 13: ../problems/numeric/mprime/instances/pfile21.pddl
[EVAL INSTANCES] 14: ../problems/numeric/mprime/instances/pfile22.pddl
[EVAL INSTANCES] 15: ../problems/numeric/mprime/instances/pfile23.pddl
[EVAL INSTANCES] 16: ../problems/numeric/mprime/instances/pfile24.pddl
[EVAL INSTANCES] 17: ../problems/numeric/mprime/instances/pfile25.pddl
[EVAL INSTANCES] 18: ../problems/numeric/mprime/instances/pfile26.pddl
[EVAL INSTANCES] 19: ../problems/numeric/mprime/instances/pfile27.pddl
[EVAL INSTANCES] 20: ../problems/numeric/mprime/instances/pfile28.pddl
[EVAL RESUME] starting wave 1; worker_count=3; instance_offset=0; total_instances=20
[EVAL RESUME] selected instance numbers: [1, 2, 3, 4, 5, 6, 7, 8, 9, 10, 11, 12, 13, 14, 15, 16, 17, 18, 19, 20]
[EVAL] worker_fn=run_worker_eval_mcts
[EVAL] worker_fn=run_worker_eval_mcts
2026-09-14 15:32:03.921724: E tensorflow/compiler/xla/stream_executor/cuda/cuda_dnn.cc:9342] Unable to register cuDNN factory: Attempting to register factory for plugin cuDNN when one has already been registered
2026-09-14 15:32:03.921786: E tensorflow/compiler/xla/stream_executor/cuda/cuda_fft.cc:609] Unable to register cuFFT factory: Attempting to register factory for plugin cuFFT when one has already been registered
2026-09-14 15:32:03.921840: E tensorflow/compiler/xla/stream_executor/cuda/cuda_blas.cc:1518] Unable to register cuBLAS factory: Attempting to register factory for plugin cuBLAS when one has already been registered
[EVAL INSTANCE] started number=1 path=../problems/numeric/mprime/instances/pfile01.pddl pid=939819
[EVAL INSTANCE] started number=2 path=../problems/numeric/mprime/instances/pfile02.pddl pid=939820
[EVAL INSTANCE] started number=3 path=../problems/numeric/mprime/instances/pfile04.pddl pid=939821
mdpsim:../problems/numeric/mprime/domain.pddl:3: assuming `:typing' requirement
mdpsim:../problems/numeric/mprime/domain.pddl:15: assuming `:fluents' requirement
mdpsim:../problems/numeric/mprime/domain.pddl:3: assuming `:typing' requirement
mdpsim:../problems/numeric/mprime/domain.pddl:15: assuming `:fluents' requirement
mdpsim:../problems/numeric/mprime/domain.pddl:3: assuming `:typing' requirement
mdpsim:../problems/numeric/mprime/domain.pddl:15: assuming `:fluents' requirement
[EVAL|Easy|939819] Setting C/Python/Numpy/TF seeds to 1972442430
Starting [EVAL|Easy|939819] on instance [0] ../problems/numeric/mprime/instances/pfile01.pddl
Starting to parse mdpsim problem: mprime-x-1
Finished parsing mdpsim problem: mprime-x-1
[EVAL|Easy|939819] ACTION POLICY INITIALIZED
[EVAL|Easy|939819] policy_class = ArgmaxGoalChasePathDuplicatePenaltyPolicy
[EVAL|Easy|939819] distance_threshold = inf
[EVAL|Easy|939819] duplicate_penalty = 0.0
[EVAL|Easy|939819] root_visit_tie_break = action_id
[2026-09-14 15:32:15,958] [INFO] [enhspwrapper.py:84] Created temporary domain file: /tmp/domain_heuristic_sw8qgqlw.pddl
[2026-09-14 15:32:15,958] [INFO] [enhspwrapper.py:93] Created temporary instance file: /tmp/instance_heuristic_zsf6dp8j.pddl
[2026-09-14 15:32:16,306] [INFO] [enhspwrapper.py:51] Starting the heuristic server with config: hmrp-ha-gbfs
[EVAL|Easy|939821] Setting C/Python/Numpy/TF seeds to 1972442432
Starting [EVAL|Easy|939821] on instance [2] ../problems/numeric/mprime/instances/pfile04.pddl
Starting to parse mdpsim problem: mprime-x-4
Finished parsing mdpsim problem: mprime-x-4
[EVAL|Easy|939821] ACTION POLICY INITIALIZED
[EVAL|Easy|939821] policy_class = ArgmaxGoalChasePathDuplicatePenaltyPolicy
[EVAL|Easy|939821] distance_threshold = inf
[EVAL|Easy|939821] duplicate_penalty = 0.0
[EVAL|Easy|939821] root_visit_tie_break = action_id
[2026-09-14 15:32:18,709] [INFO] [enhspwrapper.py:84] Created temporary domain file: /tmp/domain_heuristic_5ny1xcjs.pddl
[2026-09-14 15:32:18,709] [INFO] [enhspwrapper.py:93] Created temporary instance file: /tmp/instance_heuristic_d6fvqvv6.pddl
[2026-09-14 15:32:19,074] [INFO] [enhspwrapper.py:51] Starting the heuristic server with config: hmrp-ha-gbfs
[MCTS SEARCH SUMMARY] progressive_widening=True iterations_per_search=70 search_calls=5 nodes=525 peak_nodes=525 widening_events=293
[MCTS WIDTH SUMMARY] final_widths=(count=525 min=0 mean=1.29 median=0 p90=3 p95=5 max=10) root_widths=(count=5 min=4 mean=7.60 median=8 p90=10 p95=10 max=10) widen_event_widths=(count=293 min=1 mean=3.67 median=3 p90=5 p95=6 max=10) admitted_policy_ranks=(count=679 min=1 mean=1.85 median=2 p90=3 p95=3 max=3)
[MCTS DISTRIBUTION] final_width_counts=(0=330,1=2,3=144,4=22,5=19,6=3,7=1,8=1,9=1,10=2) node_visit_bins=(0=287,1=42,2=9,3-4=9,5-8=21,9-16=25,17-32=45,33-64=55,65-128=27,129+=5) selection_depth_bins=(0=9,1=8,2=11,3-4=18,5-8=44,9-16=72,17-32=108,33-64=80)
[MCTS WIDTH BY DEPTH] depth=0 count=349 min=3 mean=6.91 median=7 p90=10 p95=10 max=10
[MCTS WIDTH COUNTS BY DEPTH] depth=0 counts=(3=45,4=26,5=30,6=41,7=42,8=53,9=60,10=52)
[MCTS WIDTH BY DEPTH] depth=1 count=340 min=3 mean=6.84 median=7 p90=10 p95=10 max=10
[MCTS WIDTH COUNTS BY DEPTH] depth=1 counts=(3=44,4=27,5=30,6=41,7=41,8=53,9=60,10=44)
[MCTS WIDTH BY DEPTH] depth=2 count=331 min=3 mean=5.58 median=5 p90=8 p95=9 max=9
[MCTS WIDTH COUNTS BY DEPTH] depth=2 counts=(3=80,4=43,5=45,6=41,7=41,8=53,9=28)
[MCTS WIDTH BY DEPTH] depth=3-4 count=629 min=3 mean=4.04 median=3 p90=6 p95=7 max=8
[MCTS WIDTH COUNTS BY DEPTH] depth=3-4 counts=(3=330,4=108,5=81,6=62,7=41,8=7)
[MCTS WIDTH BY DEPTH] depth=5-9 count=1382 min=3 mean=3.35 median=3 p90=4 p95=5 max=5
[MCTS WIDTH COUNTS BY DEPTH] depth=5-9 counts=(3=1016,4=243,5=123)
[MCTS WIDTH BY DEPTH] depth=10-19 count=2019 min=3 mean=3.29 median=3 p90=4 p95=5 max=6
[MCTS WIDTH COUNTS BY DEPTH] depth=10-19 counts=(3=1604,4=268,5=131,6=16)
[MCTS WIDTH BY DEPTH] depth=20-49 count=2090 min=1 mean=3.05 median=3 p90=3 p95=4 max=6
[MCTS WIDTH COUNTS BY DEPTH] depth=20-49 counts=(1=56,3=1842,4=174,5=17,6=1)
[MCTS DEPTH SUMMARY] selection_depths=(count=350 min=0 mean=19.96 median=18 p90=40 p95=43 max=47) horizon_cutoffs=(count=0)
[MCTS ACTION SUMMARY] selected_raw_policy_ranks=(count=5 min=1 mean=1.00 median=1 p90=1 p95=1 max=1) known_goal_decisions=0 infeasible_known_goal_decisions=0
[MCTS TIME SUMMARY] selection=0.188344s expansion=7.769558s successor_generation=0.470738s network_inference=7.232887s evaluation=0.672072s backpropagation=0.028291s
[2026-09-14 15:32:21,716] [INFO] [enhspwrapper.py:224] Deleted temp file: /tmp/domain_heuristic_sw8qgqlw.pddl
[2026-09-14 15:32:21,716] [INFO] [enhspwrapper.py:224] Deleted temp file: /tmp/instance_heuristic_zsf6dp8j.pddl
[2026-09-14 15:32:21,716] [WARNING] [enhspwrapper.py:226] Failed to delete temp file /tmp/domain_heuristic_sw8qgqlw.pddl: [Errno 2] No such file or directory: '/tmp/domain_heuristic_sw8qgqlw.pddl'
[2026-09-14 15:32:21,716] [WARNING] [enhspwrapper.py:226] Failed to delete temp file /tmp/instance_heuristic_zsf6dp8j.pddl: [Errno 2] No such file or directory: '/tmp/instance_heuristic_zsf6dp8j.pddl'
[EVAL INSTANCE] completed number=1 path=../problems/numeric/mprime/instances/pfile01.pddl status=success elapsed=15.79s success=1.0 steps=5
[EVAL][PLAN] EASY       | pfile01.pddl | steps=5 | plan=['overcome abrasion rest pork', 'feast rest pork lamb', 'feast rest lamb flounder', 'feast rest flounder rice', 'succumb abrasion rest rice']
[EVAL INSTANCE] started number=4 path=../problems/numeric/mprime/instances/pfile05.pddl pid=940367
mdpsim:../problems/numeric/mprime/domain.pddl:3: assuming `:typing' requirement
mdpsim:../problems/numeric/mprime/domain.pddl:15: assuming `:fluents' requirement
[MCTS SEARCH SUMMARY] progressive_widening=True iterations_per_search=70 search_calls=9 nodes=1128 peak_nodes=1128 widening_events=522
[MCTS WIDTH SUMMARY] final_widths=(count=1128 min=0 mean=1.17 median=0 p90=3 p95=3 max=14) root_widths=(count=9 min=4 mean=9.67 median=10 p90=14 p95=14 max=14) widen_event_widths=(count=522 min=1 mean=3.76 median=3 p90=6 p95=9 max=14) admitted_policy_ranks=(count=1321 min=1 mean=1.91 median=2 p90=3 p95=3 max=3)
[MCTS DISTRIBUTION] final_width_counts=(0=727,1=1,2=1,3=351,4=28,5=10,6=2,8=1,9=1,10=1,11=1,12=1,13=1,14=2) node_visit_bins=(0=635,1=93,2=21,3-4=42,5-8=51,9-16=66,17-32=97,33-64=96,65-128=18,129+=9) selection_depth_bins=(0=12,1=13,2=16,3-4=35,5-8=89,9-16=148,17-32=221,33-64=96)
[MCTS WIDTH BY DEPTH] depth=0 count=629 min=3 mean=9.20 median=10 p90=13 p95=13 max=14
[MCTS WIDTH COUNTS BY DEPTH] depth=0 counts=(3=45,4=28,5=30,6=41,7=41,8=53,9=62,10=67,11=72,12=80,13=86,14=24)
[MCTS WIDTH BY DEPTH] depth=1 count=616 min=3 mean=9.11 median=10 p90=13 p95=13 max=14
[MCTS WIDTH COUNTS BY DEPTH] depth=1 counts=(3=45,4=27,5=30,6=41,7=41,8=55,9=60,10=67,11=72,12=80,13=86,14=12)
[MCTS WIDTH BY DEPTH] depth=2 count=602 min=3 mean=8.01 median=8 p90=12 p95=12 max=13
[MCTS WIDTH COUNTS BY DEPTH] depth=2 counts=(3=71,4=43,5=52,6=45,7=41,8=53,9=60,10=67,11=72,12=80,13=18)
[MCTS WIDTH BY DEPTH] depth=3-4 count=1147 min=3 mean=6.52 median=6 p90=10 p95=11 max=12
[MCTS WIDTH COUNTS BY DEPTH] depth=3-4 counts=(3=224,4=178,5=114,6=82,7=89,8=98,9=120,10=134,11=88,12=20)
[MCTS WIDTH BY DEPTH] depth=5-9 count=2479 min=3 mean=3.94 median=3 p90=7 p95=8 max=10
[MCTS WIDTH COUNTS BY DEPTH] depth=5-9 counts=(3=1619,4=309,5=150,6=125,7=116,8=94,9=57,10=9)
[MCTS WIDTH BY DEPTH] depth=10-19 count=3457 min=3 mean=3.02 median=3 p90=3 p95=3 max=4
[MCTS WIDTH COUNTS BY DEPTH] depth=10-19 counts=(3=3375,4=82)
[MCTS WIDTH BY DEPTH] depth=20-49 count=2869 min=0 mean=3.04 median=3 p90=3 p95=4 max=5
[MCTS WIDTH COUNTS BY DEPTH] depth=20-49 counts=(0=16,1=45,2=1,3=2610,4=146,5=51)
[MCTS DEPTH SUMMARY] selection_depths=(count=630 min=0 mean=18.37 median=17 p90=36 p95=38 max=40) horizon_cutoffs=(count=0)
[MCTS ACTION SUMMARY] selected_raw_policy_ranks=(count=9 min=1 mean=1.00 median=1 p90=1 p95=1 max=1) known_goal_decisions=0 infeasible_known_goal_decisions=0
[MCTS TIME SUMMARY] selection=0.344605s expansion=14.206172s successor_generation=2.534243s network_inference=11.506617s evaluation=1.435398s backpropagation=0.051342s
[2026-09-14 15:32:30,140] [INFO] [enhspwrapper.py:224] Deleted temp file: /tmp/domain_heuristic_5ny1xcjs.pddl
[2026-09-14 15:32:30,140] [INFO] [enhspwrapper.py:224] Deleted temp file: /tmp/instance_heuristic_d6fvqvv6.pddl
[2026-09-14 15:32:30,140] [WARNING] [enhspwrapper.py:226] Failed to delete temp file /tmp/domain_heuristic_5ny1xcjs.pddl: [Errno 2] No such file or directory: '/tmp/domain_heuristic_5ny1xcjs.pddl'
[2026-09-14 15:32:30,140] [WARNING] [enhspwrapper.py:226] Failed to delete temp file /tmp/instance_heuristic_d6fvqvv6.pddl: [Errno 2] No such file or directory: '/tmp/instance_heuristic_d6fvqvv6.pddl'
[EVAL INSTANCE] completed number=3 path=../problems/numeric/mprime/instances/pfile04.pddl status=success elapsed=24.31s success=1.0 steps=9
[EVAL][PLAN] EASY       | pfile04.pddl | steps=9 | plan=['feast aesthetics shrimp cherry', 'feast aesthetics cherry arugula', 'feast aesthetics arugula wurst', 'drink muffin wurst', 'feast aesthetics wurst grapefruit', 'overcome sciatica aesthetics grapefruit', 'drink muffin grapefruit', 'feast aesthetics grapefruit wurst', 'succumb sciatica aesthetics wurst']
[EVAL INSTANCE] started number=5 path=../problems/numeric/mprime/instances/pfile09.pddl pid=940564
mdpsim:../problems/numeric/mprime/domain.pddl:3: assuming `:typing' requirement
mdpsim:../problems/numeric/mprime/domain.pddl:15: assuming `:fluents' requirement
[EVAL|Easy|939820] Setting C/Python/Numpy/TF seeds to 1972442431
Starting [EVAL|Easy|939820] on instance [1] ../problems/numeric/mprime/instances/pfile02.pddl
Starting to parse mdpsim problem: mprime-x-2
Finished parsing mdpsim problem: mprime-x-2
[EVAL|Easy|939820] ACTION POLICY INITIALIZED
[EVAL|Easy|939820] policy_class = ArgmaxGoalChasePathDuplicatePenaltyPolicy
[EVAL|Easy|939820] distance_threshold = inf
[EVAL|Easy|939820] duplicate_penalty = 0.0
[EVAL|Easy|939820] root_visit_tie_break = action_id
[2026-09-14 15:32:35,383] [INFO] [enhspwrapper.py:84] Created temporary domain file: /tmp/domain_heuristic_kl4ulsjf.pddl
[2026-09-14 15:32:35,384] [INFO] [enhspwrapper.py:93] Created temporary instance file: /tmp/instance_heuristic_3q5imhx8.pddl
[2026-09-14 15:32:35,904] [INFO] [enhspwrapper.py:51] Starting the heuristic server with config: hmrp-ha-gbfs
[EVAL|Easy|940367] Setting C/Python/Numpy/TF seeds to 1972442433
Starting [EVAL|Easy|940367] on instance [3] ../problems/numeric/mprime/instances/pfile05.pddl
Starting to parse mdpsim problem: mprime-x-5
Finished parsing mdpsim problem: mprime-x-5
[EVAL|Easy|940367] ACTION POLICY INITIALIZED
[EVAL|Easy|940367] policy_class = ArgmaxGoalChasePathDuplicatePenaltyPolicy
[EVAL|Easy|940367] distance_threshold = inf
[EVAL|Easy|940367] duplicate_penalty = 0.0
[EVAL|Easy|940367] root_visit_tie_break = action_id
[2026-09-14 15:32:47,769] [INFO] [enhspwrapper.py:84] Created temporary domain file: /tmp/domain_heuristic_vh4f1bku.pddl
[2026-09-14 15:32:47,770] [INFO] [enhspwrapper.py:93] Created temporary instance file: /tmp/instance_heuristic_91mof80y.pddl
[2026-09-14 15:32:48,283] [INFO] [enhspwrapper.py:51] Starting the heuristic server with config: hmrp-ha-gbfs
[EVAL|Easy|940564] Setting C/Python/Numpy/TF seeds to 1972442434
Starting [EVAL|Easy|940564] on instance [4] ../problems/numeric/mprime/instances/pfile09.pddl
Starting to parse mdpsim problem: mprime-x-9
Finished parsing mdpsim problem: mprime-x-9
[EVAL|Easy|940564] ACTION POLICY INITIALIZED
[EVAL|Easy|940564] policy_class = ArgmaxGoalChasePathDuplicatePenaltyPolicy
[EVAL|Easy|940564] distance_threshold = inf
[EVAL|Easy|940564] duplicate_penalty = 0.0
[EVAL|Easy|940564] root_visit_tie_break = action_id
[2026-09-14 15:32:52,502] [INFO] [enhspwrapper.py:84] Created temporary domain file: /tmp/domain_heuristic_el5kd2g_.pddl
[2026-09-14 15:32:52,502] [INFO] [enhspwrapper.py:93] Created temporary instance file: /tmp/instance_heuristic_xv7gvo7_.pddl
[2026-09-14 15:32:53,014] [INFO] [enhspwrapper.py:51] Starting the heuristic server with config: hmrp-ha-gbfs
[MCTS SEARCH SUMMARY] progressive_widening=True iterations_per_search=70 search_calls=8 nodes=1005 peak_nodes=1005 widening_events=508
[MCTS WIDTH SUMMARY] final_widths=(count=1005 min=0 mean=1.28 median=0 p90=3 p95=3 max=13) root_widths=(count=8 min=4 mean=9.00 median=9 p90=12 p95=12 max=12) widen_event_widths=(count=508 min=3 mean=3.71 median=3 p90=6 p95=8 max=13) admitted_policy_ranks=(count=1288 min=1 mean=1.91 median=2 p90=3 p95=3 max=3)
[MCTS DISTRIBUTION] final_width_counts=(0=615,3=348,4=18,5=11,6=3,7=1,8=2,9=2,10=1,11=1,12=2,13=1) node_visit_bins=(0=554,1=66,2=9,3-4=48,5-8=73,9-16=104,17-32=61,33-64=64,65-128=15,129+=11) selection_depth_bins=(0=11,1=13,2=13,3-4=32,5-8=87,9-16=140,17-32=179,33-64=85)
[MCTS WIDTH BY DEPTH] depth=0 count=559 min=3 mean=8.58 median=9 p90=12 p95=12 max=12
[MCTS WIDTH COUNTS BY DEPTH] depth=0 counts=(3=45,4=28,5=30,6=39,7=41,8=54,9=60,10=68,11=103,12=91)
[MCTS WIDTH BY DEPTH] depth=1 count=547 min=3 mean=7.61 median=8 p90=12 p95=13 max=13
[MCTS WIDTH COUNTS BY DEPTH] depth=1 counts=(3=85,4=50,5=34,6=42,7=41,8=53,9=61,10=66,11=46,12=38,13=31)
[MCTS WIDTH BY DEPTH] depth=2 count=534 min=3 mean=7.56 median=8 p90=11 p95=12 max=12
[MCTS WIDTH COUNTS BY DEPTH] depth=2 counts=(3=58,4=53,5=48,6=41,7=41,8=54,9=74,10=67,11=66,12=32)
[MCTS WIDTH BY DEPTH] depth=3-4 count=1023 min=3 mean=6.63 median=7 p90=10 p95=10 max=11
[MCTS WIDTH COUNTS BY DEPTH] depth=3-4 counts=(3=185,4=75,5=60,6=113,7=175,8=154,9=147,10=87,11=27)
[MCTS WIDTH BY DEPTH] depth=5-9 count=2170 min=3 mean=3.85 median=3 p90=6 p95=7 max=9
[MCTS WIDTH COUNTS BY DEPTH] depth=5-9 counts=(3=1385,4=244,5=223,6=185,7=79,8=47,9=7)
[MCTS WIDTH BY DEPTH] depth=10-19 count=2908 min=3 mean=3.15 median=3 p90=4 p95=4 max=6
[MCTS WIDTH COUNTS BY DEPTH] depth=10-19 counts=(3=2595,4=205,5=99,6=9)
[MCTS WIDTH BY DEPTH] depth=20-49 count=2116 min=3 mean=3.07 median=3 p90=3 p95=4 max=5
[MCTS WIDTH COUNTS BY DEPTH] depth=20-49 counts=(3=1964,4=146,5=6)
[MCTS DEPTH SUMMARY] selection_depths=(count=560 min=0 mean=17.30 median=15 p90=35 p95=36 max=41) horizon_cutoffs=(count=0)
[MCTS ACTION SUMMARY] selected_raw_policy_ranks=(count=8 min=1 mean=1.12 median=1 p90=2 p95=2 max=2) known_goal_decisions=0 infeasible_known_goal_decisions=0
[MCTS TIME SUMMARY] selection=0.301491s expansion=39.849091s successor_generation=10.465267s network_inference=29.019260s evaluation=4.819240s backpropagation=0.053107s
[2026-09-14 15:33:07,408] [INFO] [enhspwrapper.py:224] Deleted temp file: /tmp/domain_heuristic_kl4ulsjf.pddl
[2026-09-14 15:33:07,408] [INFO] [enhspwrapper.py:224] Deleted temp file: /tmp/instance_heuristic_3q5imhx8.pddl
[2026-09-14 15:33:07,408] [WARNING] [enhspwrapper.py:226] Failed to delete temp file /tmp/domain_heuristic_kl4ulsjf.pddl: [Errno 2] No such file or directory: '/tmp/domain_heuristic_kl4ulsjf.pddl'
[2026-09-14 15:33:07,408] [WARNING] [enhspwrapper.py:226] Failed to delete temp file /tmp/instance_heuristic_3q5imhx8.pddl: [Errno 2] No such file or directory: '/tmp/instance_heuristic_3q5imhx8.pddl'
[EVAL INSTANCE] completed number=2 path=../problems/numeric/mprime/instances/pfile02.pddl status=success elapsed=61.39s success=1.0 steps=8
[EVAL][PLAN] EASY       | pfile02.pddl | steps=8 | plan=['overcome grief-7 entertainment ham', 'feast satiety onion beef', 'feast entertainment ham muffin', 'overcome depression-1 entertainment muffin', 'feast entertainment muffin tuna', 'feast entertainment tuna beef', 'succumb grief-7 entertainment beef', 'succumb depression-1 entertainment beef']
[EVAL INSTANCE] started number=6 path=../problems/numeric/mprime/instances/pfile13.pddl pid=941218
mdpsim:../problems/numeric/mprime/domain.pddl:3: assuming `:typing' requirement
mdpsim:../problems/numeric/mprime/domain.pddl:15: assuming `:fluents' requirement
[MCTS SEARCH SUMMARY] progressive_widening=True iterations_per_search=70 search_calls=10 nodes=810 peak_nodes=810 widening_events=535
[MCTS WIDTH SUMMARY] final_widths=(count=810 min=0 mean=1.57 median=0 p90=3 p95=4 max=14) root_widths=(count=10 min=4 mean=10.10 median=10 p90=14 p95=14 max=14) widen_event_widths=(count=535 min=2 mean=4.03 median=3 p90=7 p95=9 max=14) admitted_policy_ranks=(count=1274 min=1 mean=1.87 median=2 p90=3 p95=3 max=3)
[MCTS DISTRIBUTION] final_width_counts=(0=440,2=1,3=315,4=23,5=8,6=8,7=6,8=1,9=1,10=1,11=1,12=1,13=1,14=3) node_visit_bins=(0=364,1=84,2=15,3-4=18,5-8=53,9-16=116,17-32=91,33-64=34,65-128=18,129+=17) selection_depth_bins=(0=13,1=15,2=17,3-4=43,5-8=90,9-16=215,17-32=284,33-64=23)
[MCTS WIDTH BY DEPTH] depth=0 count=699 min=3 mean=9.53 median=10 p90=14 p95=14 max=14
[MCTS WIDTH COUNTS BY DEPTH] depth=0 counts=(3=45,4=34,5=30,6=45,7=41,8=52,9=68,10=62,11=74,12=81,13=87,14=80)
[MCTS WIDTH BY DEPTH] depth=1 count=684 min=3 mean=9.42 median=10 p90=13 p95=14 max=14
[MCTS WIDTH COUNTS BY DEPTH] depth=1 counts=(3=50,4=31,5=30,6=40,7=46,8=56,9=55,10=69,11=73,12=80,13=97,14=57)
[MCTS WIDTH BY DEPTH] depth=2 count=667 min=3 mean=8.48 median=9 p90=13 p95=13 max=13
[MCTS WIDTH COUNTS BY DEPTH] depth=2 counts=(3=79,4=28,5=30,6=51,7=76,8=47,9=62,10=68,11=72,12=86,13=68)
[MCTS WIDTH BY DEPTH] depth=3-4 count=1271 min=3 mean=6.95 median=7 p90=11 p95=12 max=12
[MCTS WIDTH COUNTS BY DEPTH] depth=3-4 counts=(3=262,4=114,5=87,6=150,7=95,8=102,9=116,10=136,11=138,12=71)
[MCTS WIDTH BY DEPTH] depth=5-9 count=2765 min=3 mean=4.41 median=3 p90=8 p95=9 max=10
[MCTS WIDTH COUNTS BY DEPTH] depth=5-9 counts=(3=1479,4=330,5=264,6=231,7=173,8=133,9=102,10=53)
[MCTS WIDTH BY DEPTH] depth=10-19 count=3687 min=2 mean=3.48 median=3 p90=5 p95=6 max=7
[MCTS WIDTH COUNTS BY DEPTH] depth=10-19 counts=(2=4,3=2764,4=347,5=346,6=177,7=49)
[MCTS WIDTH BY DEPTH] depth=20-49 count=1863 min=3 mean=3.17 median=3 p90=4 p95=4 max=6
[MCTS WIDTH COUNTS BY DEPTH] depth=20-49 counts=(3=1615,4=179,5=62,6=7)
[MCTS DEPTH SUMMARY] selection_depths=(count=700 min=0 mean=16.15 median=16 p90=30 p95=32 max=35) horizon_cutoffs=(count=0)
[MCTS ACTION SUMMARY] selected_raw_policy_ranks=(count=10 min=1 mean=1.10 median=1 p90=1 p95=2 max=2) known_goal_decisions=0 infeasible_known_goal_decisions=0
[MCTS TIME SUMMARY] selection=0.406389s expansion=29.599035s successor_generation=7.191437s network_inference=22.117708s evaluation=4.851513s backpropagation=0.063244s
[2026-09-14 15:33:17,618] [INFO] [enhspwrapper.py:224] Deleted temp file: /tmp/domain_heuristic_el5kd2g_.pddl
[2026-09-14 15:33:17,618] [INFO] [enhspwrapper.py:224] Deleted temp file: /tmp/instance_heuristic_xv7gvo7_.pddl
[2026-09-14 15:33:17,618] [WARNING] [enhspwrapper.py:226] Failed to delete temp file /tmp/domain_heuristic_el5kd2g_.pddl: [Errno 2] No such file or directory: '/tmp/domain_heuristic_el5kd2g_.pddl'
[2026-09-14 15:33:17,618] [WARNING] [enhspwrapper.py:226] Failed to delete temp file /tmp/instance_heuristic_xv7gvo7_.pddl: [Errno 2] No such file or directory: '/tmp/instance_heuristic_xv7gvo7_.pddl'
[EVAL INSTANCE] completed number=5 path=../problems/numeric/mprime/instances/pfile09.pddl status=success elapsed=47.41s success=1.0 steps=10
[EVAL][PLAN] EASY       | pfile09.pddl | steps=10 | plan=['overcome jealousy excitement guava', 'overcome sciatica entertainment flounder', 'feast entertainment flounder hamburger', 'feast curiosity hotdog wurst', 'succumb sciatica entertainment hamburger', 'feast excitement guava apple', 'feast excitement apple hotdog', 'drink wurst hotdog', 'feast excitement hotdog wurst', 'succumb jealousy excitement wurst']
[EVAL INSTANCE] started number=7 path=../problems/numeric/mprime/instances/pfile14.pddl pid=941424
mdpsim:../problems/numeric/mprime/domain.pddl:3: assuming `:typing' requirement
mdpsim:../problems/numeric/mprime/domain.pddl:15: assuming `:fluents' requirement
[MCTS SEARCH SUMMARY] progressive_widening=True iterations_per_search=70 search_calls=11 nodes=724 peak_nodes=724 widening_events=560
[MCTS WIDTH SUMMARY] final_widths=(count=724 min=0 mean=1.75 median=0 p90=4 p95=5 max=15) root_widths=(count=11 min=4 mean=10.55 median=11 p90=14 p95=15 max=15) widen_event_widths=(count=560 min=3 mean=4.22 median=3 p90=7 p95=10 max=15) admitted_policy_ranks=(count=1270 min=1 mean=1.84 median=2 p90=3 p95=3 max=3)
[MCTS DISTRIBUTION] final_width_counts=(0=369,3=280,4=37,5=14,6=9,7=4,8=1,9=2,10=1,11=1,12=1,13=1,14=2,15=2) node_visit_bins=(0=273,1=103,2=15,3-4=24,5-8=69,9-16=64,17-32=62,33-64=67,65-128=28,129+=19) selection_depth_bins=(0=14,1=16,2=19,3-4=45,5-8=101,9-16=172,17-32=393,33-64=10)
[MCTS WIDTH BY DEPTH] depth=0 count=769 min=3 mean=9.99 median=11 p90=14 p95=15 max=15
[MCTS WIDTH COUNTS BY DEPTH] depth=0 counts=(3=45,4=42,5=30,6=38,7=41,8=53,9=60,10=66,11=75,12=80,13=87,14=105,15=47)
[MCTS WIDTH BY DEPTH] depth=1 count=752 min=3 mean=9.88 median=10 p90=14 p95=14 max=15
[MCTS WIDTH COUNTS BY DEPTH] depth=1 counts=(3=58,4=24,5=30,6=41,7=41,8=53,9=59,10=70,11=72,12=79,13=99,14=92,15=34)
[MCTS WIDTH BY DEPTH] depth=2 count=735 min=3 mean=9.07 median=9 p90=13 p95=14 max=14
[MCTS WIDTH COUNTS BY DEPTH] depth=2 counts=(3=57,4=27,5=30,6=67,7=81,8=48,9=63,10=67,11=71,12=88,13=91,14=45)
[MCTS WIDTH BY DEPTH] depth=3-4 count=1408 min=3 mean=7.57 median=7 p90=12 p95=12 max=13
[MCTS WIDTH COUNTS BY DEPTH] depth=3-4 counts=(3=207,4=104,5=150,6=137,7=111,8=100,9=116,10=137,11=152,12=142,13=52)
[MCTS WIDTH BY DEPTH] depth=5-9 count=3060 min=3 mean=5.06 median=4 p90=9 p95=10 max=11
[MCTS WIDTH COUNTS BY DEPTH] depth=5-9 counts=(3=1261,4=355,5=312,6=349,7=209,8=229,9=180,10=113,11=52)
[MCTS WIDTH BY DEPTH] depth=10-19 count=4424 min=3 mean=3.43 median=3 p90=5 p95=5 max=7
[MCTS WIDTH COUNTS BY DEPTH] depth=10-19 counts=(3=3221,4=728,5=305,6=114,7=56)
[MCTS WIDTH BY DEPTH] depth=20-49 count=2387 min=3 mean=3.05 median=3 p90=3 p95=3 max=4
[MCTS WIDTH COUNTS BY DEPTH] depth=20-49 counts=(3=2269,4=118)
[MCTS DEPTH SUMMARY] selection_depths=(count=770 min=0 mean=17.04 median=17 p90=29 p95=30 max=36) horizon_cutoffs=(count=0)
[MCTS ACTION SUMMARY] selected_raw_policy_ranks=(count=11 min=1 mean=1.09 median=1 p90=1 p95=2 max=2) known_goal_decisions=0 infeasible_known_goal_decisions=0
[MCTS TIME SUMMARY] selection=0.486854s expansion=35.383336s successor_generation=8.851122s network_inference=26.182684s evaluation=7.566756s backpropagation=0.071807s
[2026-09-14 15:33:21,048] [INFO] [enhspwrapper.py:224] Deleted temp file: /tmp/domain_heuristic_vh4f1bku.pddl
[2026-09-14 15:33:21,048] [INFO] [enhspwrapper.py:224] Deleted temp file: /tmp/instance_heuristic_91mof80y.pddl
[2026-09-14 15:33:21,048] [WARNING] [enhspwrapper.py:226] Failed to delete temp file /tmp/domain_heuristic_vh4f1bku.pddl: [Errno 2] No such file or directory: '/tmp/domain_heuristic_vh4f1bku.pddl'
[2026-09-14 15:33:21,048] [WARNING] [enhspwrapper.py:226] Failed to delete temp file /tmp/instance_heuristic_91mof80y.pddl: [Errno 2] No such file or directory: '/tmp/instance_heuristic_91mof80y.pddl'
[EVAL INSTANCE] completed number=4 path=../problems/numeric/mprime/instances/pfile05.pddl status=success elapsed=59.46s success=1.0 steps=11
[EVAL][PLAN] EASY       | pfile05.pddl | steps=11 | plan=['drink turkey sweetroll', 'overcome grief satisfaction broccoli', 'feast satisfaction broccoli chocolate', 'feast satisfaction chocolate shrimp', 'succumb grief satisfaction shrimp', 'feast lubricity sweetroll scallop', 'overcome loneliness lubricity scallop', 'drink shrimp scallop', 'feast lubricity scallop cherry', 'feast lubricity cherry shrimp', 'succumb loneliness lubricity shrimp']
[EVAL INSTANCE] started number=8 path=../problems/numeric/mprime/instances/pfile15.pddl pid=941513
mdpsim:../problems/numeric/mprime/domain.pddl:3: assuming `:typing' requirement
mdpsim:../problems/numeric/mprime/domain.pddl:15: assuming `:fluents' requirement
[EVAL|Easy|941513] Setting C/Python/Numpy/TF seeds to 1972442437
Starting [EVAL|Easy|941513] on instance [7] ../problems/numeric/mprime/instances/pfile15.pddl
Starting to parse mdpsim problem: mprime-x-15
Finished parsing mdpsim problem: mprime-x-15
[EVAL|Easy|941513] ACTION POLICY INITIALIZED
[EVAL|Easy|941513] policy_class = ArgmaxGoalChasePathDuplicatePenaltyPolicy
[EVAL|Easy|941513] distance_threshold = inf
[EVAL|Easy|941513] duplicate_penalty = 0.0
[EVAL|Easy|941513] root_visit_tie_break = action_id
[2026-09-14 15:34:47,863] [INFO] [enhspwrapper.py:84] Created temporary domain file: /tmp/domain_heuristic_35u4pcfb.pddl
[2026-09-14 15:34:47,863] [INFO] [enhspwrapper.py:93] Created temporary instance file: /tmp/instance_heuristic_zpx8hhhr.pddl
[2026-09-14 15:34:49,271] [INFO] [enhspwrapper.py:51] Starting the heuristic server with config: hmrp-ha-gbfs
[EVAL|Easy|941218] Setting C/Python/Numpy/TF seeds to 1972442435
Starting [EVAL|Easy|941218] on instance [5] ../problems/numeric/mprime/instances/pfile13.pddl
Starting to parse mdpsim problem: mprime-x-13
Finished parsing mdpsim problem: mprime-x-13
[EVAL|Easy|941218] ACTION POLICY INITIALIZED
[EVAL|Easy|941218] policy_class = ArgmaxGoalChasePathDuplicatePenaltyPolicy
[EVAL|Easy|941218] distance_threshold = inf
[EVAL|Easy|941218] duplicate_penalty = 0.0
[EVAL|Easy|941218] root_visit_tie_break = action_id
[2026-09-14 15:37:39,657] [INFO] [enhspwrapper.py:84] Created temporary domain file: /tmp/domain_heuristic_kspggp1d.pddl
[2026-09-14 15:37:39,658] [INFO] [enhspwrapper.py:93] Created temporary instance file: /tmp/instance_heuristic_1z_bk5ym.pddl
[2026-09-14 15:37:42,262] [INFO] [enhspwrapper.py:51] Starting the heuristic server with config: hmrp-ha-gbfs
[EVAL|Easy|941424] Setting C/Python/Numpy/TF seeds to 1972442436
Starting [EVAL|Easy|941424] on instance [6] ../problems/numeric/mprime/instances/pfile14.pddl
Starting to parse mdpsim problem: mprime-x-14
Finished parsing mdpsim problem: mprime-x-14
[EVAL|Easy|941424] ACTION POLICY INITIALIZED
[EVAL|Easy|941424] policy_class = ArgmaxGoalChasePathDuplicatePenaltyPolicy
[EVAL|Easy|941424] distance_threshold = inf
[EVAL|Easy|941424] duplicate_penalty = 0.0
[EVAL|Easy|941424] root_visit_tie_break = action_id
[2026-09-14 15:38:47,038] [INFO] [enhspwrapper.py:84] Created temporary domain file: /tmp/domain_heuristic_1cjji7ic.pddl
[2026-09-14 15:38:47,039] [INFO] [enhspwrapper.py:93] Created temporary instance file: /tmp/instance_heuristic_rxp4fb2n.pddl
[2026-09-14 15:38:50,608] [INFO] [enhspwrapper.py:51] Starting the heuristic server with config: hmrp-ha-gbfs
[MCTS SEARCH SUMMARY] progressive_widening=True iterations_per_search=70 search_calls=45 nodes=6888 peak_nodes=6888 widening_events=3148
[MCTS WIDTH SUMMARY] final_widths=(count=6888 min=0 mean=1.29 median=0 p90=3 p95=3 max=11) root_widths=(count=45 min=4 mean=6.93 median=7 p90=8 p95=9 max=10) widen_event_widths=(count=3148 min=3 mean=3.23 median=3 p90=3 p95=5 max=11) admitted_policy_ranks=(count=8910 min=1 mean=1.97 median=2 p90=3 p95=3 max=3)
[MCTS DISTRIBUTION] final_width_counts=(0=4007,3=2797,4=27,5=7,6=14,7=14,8=12,9=3,10=6,11=1) node_visit_bins=(0=3097,1=1518,2=519,3-4=486,5-8=426,9-16=386,17-32=297,33-64=100,65-128=18,129+=41) selection_depth_bins=(0=90,1=101,2=170,3-4=513,5-8=1316,9-16=666,17-32=197,33-64=97)
[MCTS WIDTH BY DEPTH] depth=0 count=3149 min=3 mean=6.03 median=6 p90=8 p95=8 max=10
[MCTS WIDTH COUNTS BY DEPTH] depth=0 counts=(3=75,4=289,5=714,6=1001,7=656,8=291,9=111,10=12)
[MCTS WIDTH BY DEPTH] depth=1 count=3020 min=3 mean=4.50 median=4 p90=7 p95=8 max=11
[MCTS WIDTH COUNTS BY DEPTH] depth=1 counts=(3=1424,4=428,5=379,6=267,7=242,8=188,9=28,10=59,11=5)
[MCTS WIDTH BY DEPTH] depth=2 count=2831 min=3 mean=3.76 median=3 p90=6 p95=7 max=10
[MCTS WIDTH COUNTS BY DEPTH] depth=2 counts=(3=1968,4=351,5=202,6=100,7=72,8=54,9=47,10=37)
[MCTS WIDTH BY DEPTH] depth=3-4 count=4885 min=3 mean=3.52 median=3 p90=5 p95=7 max=10
[MCTS WIDTH COUNTS BY DEPTH] depth=3-4 counts=(3=4023,4=352,5=96,6=84,7=87,8=100,9=92,10=51)
[MCTS WIDTH BY DEPTH] depth=5-9 count=6395 min=3 mean=3.58 median=3 p90=6 p95=8 max=10
[MCTS WIDTH COUNTS BY DEPTH] depth=5-9 counts=(3=5311,4=223,5=178,6=166,7=159,8=141,9=197,10=20)
[MCTS WIDTH BY DEPTH] depth=10-19 count=3702 min=3 mean=3.00 median=3 p90=3 p95=3 max=4
[MCTS WIDTH COUNTS BY DEPTH] depth=10-19 counts=(3=3690,4=12)
[MCTS WIDTH BY DEPTH] depth=20-49 count=2804 min=3 mean=3.00 median=3 p90=3 p95=3 max=3
[MCTS WIDTH COUNTS BY DEPTH] depth=20-49 counts=(3=2804)
[MCTS WIDTH BY DEPTH] depth=50-99 count=15 min=3 mean=3.00 median=3 p90=3 p95=3 max=3
[MCTS WIDTH COUNTS BY DEPTH] depth=50-99 counts=(3=15)
[MCTS DEPTH SUMMARY] selection_depths=(count=3150 min=0 mean=8.42 median=6 p90=16 p95=26 max=53) horizon_cutoffs=(count=0)
[MCTS ACTION SUMMARY] selected_raw_policy_ranks=(count=45 min=1 mean=1.40 median=1 p90=3 p95=3 max=6) known_goal_decisions=0 infeasible_known_goal_decisions=0
[MCTS TIME SUMMARY] selection=1.034027s expansion=2188.595319s successor_generation=1966.498522s network_inference=202.079454s evaluation=1576.155934s backpropagation=0.292296s
[2026-09-14 16:36:54,848] [INFO] [enhspwrapper.py:224] Deleted temp file: /tmp/domain_heuristic_35u4pcfb.pddl
[2026-09-14 16:36:54,848] [INFO] [enhspwrapper.py:224] Deleted temp file: /tmp/instance_heuristic_zpx8hhhr.pddl
[2026-09-14 16:36:54,848] [WARNING] [enhspwrapper.py:226] Failed to delete temp file /tmp/domain_heuristic_35u4pcfb.pddl: [Errno 2] No such file or directory: '/tmp/domain_heuristic_35u4pcfb.pddl'
[2026-09-14 16:36:54,848] [WARNING] [enhspwrapper.py:226] Failed to delete temp file /tmp/instance_heuristic_zpx8hhhr.pddl: [Errno 2] No such file or directory: '/tmp/instance_heuristic_zpx8hhhr.pddl'
[EVAL INSTANCE] completed number=8 path=../problems/numeric/mprime/instances/pfile15.pddl status=success elapsed=3813.78s success=1.0 steps=45
[EVAL][PLAN] EASY       | pfile15.pddl | steps=45 | plan=['overcome jealousy satisfaction pistachio', 'feast curiosity turkey cantelope', 'feast empathy onion ham', 'feast satisfaction pistachio okra', 'feast entertainment pepper haroset', 'succumb jealousy satisfaction okra', 'overcome jealousy lubricity okra', 'feast lubricity okra pistachio', 'feast lubricity pistachio broccoli', 'succumb jealousy lubricity broccoli', 'overcome jealousy learning broccoli', 'feast learning broccoli pistachio', 'feast learning pistachio okra', 'feast learning okra pistachio', 'drink okra pistachio', 'feast learning pistachio okra', 'drink broccoli okra', 'feast learning okra cucumber', 'feast learning cucumber okra', 'drink broccoli okra', 'feast learning okra pistachio', 'drink cucumber pistachio', 'feast learning pistachio okra', 'drink pepper okra', 'feast learning okra pistachio', 'drink chicken pistachio', 'drink pistachio okra', 'drink pea pistachio', 'feast learning pistachio okra', 'feast learning okra pistachio', 'drink pea pistachio', 'drink pistachio okra', 'drink pea pistachio', 'drink okra broccoli', 'drink pistachio okra', 'drink pea pistachio', 'feast learning pistachio broccoli', 'feast learning broccoli lemon', 'drink okra pistachio', 'succumb jealousy learning lemon', 'overcome jealousy learning lemon', 'drink pistachio okra', 'feast learning lemon cod', 'feast learning cod chicken', 'succumb jealousy learning chicken']
[EVAL INSTANCE] started number=9 path=../problems/numeric/mprime/instances/pfile16.pddl pid=976153
mdpsim:../problems/numeric/mprime/domain.pddl:3: assuming `:typing' requirement
mdpsim:../problems/numeric/mprime/domain.pddl:15: assuming `:fluents' requirement
[EVAL|Easy|976153] Setting C/Python/Numpy/TF seeds to 1972442438
Starting [EVAL|Easy|976153] on instance [8] ../problems/numeric/mprime/instances/pfile16.pddl
Starting to parse mdpsim problem: mprime-x-16
Finished parsing mdpsim problem: mprime-x-16
[EVAL|Easy|976153] ACTION POLICY INITIALIZED
[EVAL|Easy|976153] policy_class = ArgmaxGoalChasePathDuplicatePenaltyPolicy
[EVAL|Easy|976153] distance_threshold = inf
[EVAL|Easy|976153] duplicate_penalty = 0.0
[EVAL|Easy|976153] root_visit_tie_break = action_id
[2026-09-14 16:37:48,049] [INFO] [enhspwrapper.py:84] Created temporary domain file: /tmp/domain_heuristic_djygkbpm.pddl
[2026-09-14 16:37:48,049] [INFO] [enhspwrapper.py:93] Created temporary instance file: /tmp/instance_heuristic__za760j7.pddl
[2026-09-14 16:37:49,802] [INFO] [enhspwrapper.py:51] Starting the heuristic server with config: hmrp-ha-gbfs
[MCTS SEARCH SUMMARY] progressive_widening=True iterations_per_search=70 search_calls=9 nodes=1425 peak_nodes=1425 widening_events=625
[MCTS WIDTH SUMMARY] final_widths=(count=1425 min=0 mean=1.16 median=0 p90=3 p95=3 max=14) root_widths=(count=9 min=4 mean=9.67 median=10 p90=14 p95=14 max=14) widen_event_widths=(count=625 min=2 mean=3.64 median=3 p90=5 p95=8 max=14) admitted_policy_ranks=(count=1651 min=1 mean=1.93 median=2 p90=3 p95=3 max=3)
[MCTS DISTRIBUTION] final_width_counts=(0=911,2=2,3=476,4=20,5=3,6=3,7=1,8=1,9=2,10=1,11=1,12=1,13=2,14=1) node_visit_bins=(0=820,1=98,2=36,3-4=64,5-8=98,9-16=109,17-32=112,33-64=68,65-128=10,129+=10) selection_depth_bins=(0=12,1=14,2=19,3-4=45,5-8=96,9-16=159,17-32=176,33-64=109)
[MCTS WIDTH BY DEPTH] depth=0 count=629 min=3 mean=8.96 median=9 p90=13 p95=13 max=14
[MCTS WIDTH COUNTS BY DEPTH] depth=0 counts=(3=45,4=39,5=30,6=48,7=41,8=52,9=60,10=69,11=71,12=80,13=86,14=8)
[MCTS WIDTH BY DEPTH] depth=1 count=615 min=3 mean=8.83 median=9 p90=13 p95=13 max=13
[MCTS WIDTH COUNTS BY DEPTH] depth=1 counts=(3=55,4=34,5=30,6=40,7=46,8=48,9=62,10=66,11=72,12=80,13=82)
[MCTS WIDTH BY DEPTH] depth=2 count=597 min=3 mean=8.12 median=8 p90=12 p95=12 max=13
[MCTS WIDTH COUNTS BY DEPTH] depth=2 counts=(3=69,4=26,5=30,6=41,7=53,8=94,9=63,10=67,11=72,12=80,13=2)
[MCTS WIDTH BY DEPTH] depth=3-4 count=1130 min=3 mean=6.60 median=6 p90=10 p95=11 max=12
[MCTS WIDTH COUNTS BY DEPTH] depth=3-4 counts=(3=215,4=73,5=122,6=157,7=140,8=105,9=115,10=127,11=72,12=4)
[MCTS WIDTH BY DEPTH] depth=5-9 count=2372 min=3 mean=3.90 median=3 p90=6 p95=8 max=9
[MCTS WIDTH COUNTS BY DEPTH] depth=5-9 counts=(3=1529,4=315,5=181,6=116,7=102,8=83,9=46)
[MCTS WIDTH BY DEPTH] depth=10-19 count=3160 min=3 mean=3.05 median=3 p90=3 p95=3 max=5
[MCTS WIDTH COUNTS BY DEPTH] depth=10-19 counts=(3=3021,4=118,5=21)
[MCTS WIDTH BY DEPTH] depth=20-49 count=2639 min=2 mean=3.00 median=3 p90=3 p95=3 max=4
[MCTS WIDTH COUNTS BY DEPTH] depth=20-49 counts=(2=4,3=2618,4=17)
[MCTS DEPTH SUMMARY] selection_depths=(count=630 min=0 mean=17.50 median=15 p90=37 p95=39 max=44) horizon_cutoffs=(count=0)
[MCTS ACTION SUMMARY] selected_raw_policy_ranks=(count=9 min=1 mean=1.33 median=1 p90=3 p95=3 max=3) known_goal_decisions=0 infeasible_known_goal_decisions=0
[MCTS TIME SUMMARY] selection=0.399820s expansion=87.225777s successor_generation=30.519611s network_inference=55.887584s evaluation=14.094990s backpropagation=0.080785s
[2026-09-14 16:39:09,149] [INFO] [enhspwrapper.py:224] Deleted temp file: /tmp/domain_heuristic_djygkbpm.pddl
[2026-09-14 16:39:09,150] [INFO] [enhspwrapper.py:224] Deleted temp file: /tmp/instance_heuristic__za760j7.pddl
[2026-09-14 16:39:09,150] [WARNING] [enhspwrapper.py:226] Failed to delete temp file /tmp/domain_heuristic_djygkbpm.pddl: [Errno 2] No such file or directory: '/tmp/domain_heuristic_djygkbpm.pddl'
[2026-09-14 16:39:09,150] [WARNING] [enhspwrapper.py:226] Failed to delete temp file /tmp/instance_heuristic__za760j7.pddl: [Errno 2] No such file or directory: '/tmp/instance_heuristic__za760j7.pddl'
[EVAL INSTANCE] completed number=9 path=../problems/numeric/mprime/instances/pfile16.pddl status=success elapsed=133.73s success=1.0 steps=9
[EVAL][PLAN] EASY       | pfile16.pddl | steps=9 | plan=['overcome abrasion learning baguette', 'drink pepper baguette', 'feast learning baguette rice', 'succumb abrasion learning rice', 'feast achievement rice baguette', 'overcome sciatica achievement baguette', 'drink pepper baguette', 'feast achievement baguette rice', 'succumb sciatica achievement rice']
[EVAL INSTANCE] started number=10 path=../problems/numeric/mprime/instances/pfile18.pddl pid=977705
mdpsim:../problems/numeric/mprime/domain.pddl:3: assuming `:typing' requirement
mdpsim:../problems/numeric/mprime/domain.pddl:15: assuming `:fluents' requirement
[EVAL|Easy|977705] Setting C/Python/Numpy/TF seeds to 1972442439
Starting [EVAL|Easy|977705] on instance [9] ../problems/numeric/mprime/instances/pfile18.pddl
Starting to parse mdpsim problem: mprime-x-18
Finished parsing mdpsim problem: mprime-x-18
[EVAL|Easy|977705] ACTION POLICY INITIALIZED
[EVAL|Easy|977705] policy_class = ArgmaxGoalChasePathDuplicatePenaltyPolicy
[EVAL|Easy|977705] distance_threshold = inf
[EVAL|Easy|977705] duplicate_penalty = 0.0
[EVAL|Easy|977705] root_visit_tie_break = action_id
[2026-09-14 16:40:45,837] [INFO] [enhspwrapper.py:84] Created temporary domain file: /tmp/domain_heuristic_s288nar_.pddl
[2026-09-14 16:40:45,838] [INFO] [enhspwrapper.py:93] Created temporary instance file: /tmp/instance_heuristic_wpgbgszz.pddl
[2026-09-14 16:40:48,557] [INFO] [enhspwrapper.py:51] Starting the heuristic server with config: hmrp-ha-gbfs
[EVAL INSTANCE] timeout number=6 path=../problems/numeric/mprime/instances/pfile13.pddl limit=21600.0s
[EVAL INSTANCE] started number=11 path=../problems/numeric/mprime/instances/pfile19.pddl pid=1209363
mdpsim:../problems/numeric/mprime/domain.pddl:3: assuming `:typing' requirement
mdpsim:../problems/numeric/mprime/domain.pddl:15: assuming `:fluents' requirement
[EVAL INSTANCE] timeout number=7 path=../problems/numeric/mprime/instances/pfile14.pddl limit=21600.0s
[EVAL INSTANCE] started number=12 path=../problems/numeric/mprime/instances/pfile20.pddl pid=1209597
mdpsim:../problems/numeric/mprime/domain.pddl:3: assuming `:typing' requirement
mdpsim:../problems/numeric/mprime/domain.pddl:15: assuming `:fluents' requirement
[EVAL|Easy|1209597] Setting C/Python/Numpy/TF seeds to 1972442441
Starting [EVAL|Easy|1209597] on instance [11] ../problems/numeric/mprime/instances/pfile20.pddl
Starting to parse mdpsim problem: mprime-x-20
Finished parsing mdpsim problem: mprime-x-20
[EVAL|Easy|1209597] ACTION POLICY INITIALIZED
[EVAL|Easy|1209597] policy_class = ArgmaxGoalChasePathDuplicatePenaltyPolicy
[EVAL|Easy|1209597] distance_threshold = inf
[EVAL|Easy|1209597] duplicate_penalty = 0.0
[EVAL|Easy|1209597] root_visit_tie_break = action_id
[2026-09-14 21:33:59,783] [INFO] [enhspwrapper.py:84] Created temporary domain file: /tmp/domain_heuristic_alr719g8.pddl
[2026-09-14 21:33:59,783] [INFO] [enhspwrapper.py:93] Created temporary instance file: /tmp/instance_heuristic__6ezh3d0.pddl
[2026-09-14 21:34:00,676] [INFO] [enhspwrapper.py:51] Starting the heuristic server with config: hmrp-ha-gbfs
[EVAL|Easy|1209363] Setting C/Python/Numpy/TF seeds to 1972442440
Starting [EVAL|Easy|1209363] on instance [10] ../problems/numeric/mprime/instances/pfile19.pddl
Starting to parse mdpsim problem: mprime-x-19
Finished parsing mdpsim problem: mprime-x-19
[EVAL|Easy|1209363] ACTION POLICY INITIALIZED
[EVAL|Easy|1209363] policy_class = ArgmaxGoalChasePathDuplicatePenaltyPolicy
[EVAL|Easy|1209363] distance_threshold = inf
[EVAL|Easy|1209363] duplicate_penalty = 0.0
[EVAL|Easy|1209363] root_visit_tie_break = action_id
[2026-09-14 21:34:14,645] [INFO] [enhspwrapper.py:84] Created temporary domain file: /tmp/domain_heuristic_3it_oluo.pddl
[2026-09-14 21:34:14,646] [INFO] [enhspwrapper.py:93] Created temporary instance file: /tmp/instance_heuristic_vil5vrq0.pddl
[2026-09-14 21:34:15,663] [INFO] [enhspwrapper.py:51] Starting the heuristic server with config: hmrp-ha-gbfs
[MCTS SEARCH SUMMARY] progressive_widening=True iterations_per_search=70 search_calls=10 nodes=1692 peak_nodes=1692 widening_events=698
[MCTS WIDTH SUMMARY] final_widths=(count=1692 min=0 mean=1.13 median=0 p90=3 p95=3 max=14) root_widths=(count=10 min=4 mean=9.30 median=9 p90=13 p95=14 max=14) widen_event_widths=(count=698 min=3 mean=3.52 median=3 p90=4 p95=8 max=14) admitted_policy_ranks=(count=1920 min=1 mean=1.95 median=2 p90=3 p95=3 max=3)
[MCTS DISTRIBUTION] final_width_counts=(0=1081,3=592,4=5,5=3,6=3,8=1,9=1,10=1,11=1,12=1,13=1,14=2) node_visit_bins=(0=970,1=127,2=58,3-4=62,5-8=87,9-16=118,17-32=180,33-64=75,65-128=5,129+=10) selection_depth_bins=(0=14,1=17,2=20,3-4=51,5-8=130,9-16=137,17-32=221,33-64=110)
[MCTS WIDTH BY DEPTH] depth=0 count=699 min=3 mean=8.67 median=9 p90=13 p95=13 max=14
[MCTS WIDTH COUNTS BY DEPTH] depth=0 counts=(3=45,4=46,5=60,6=78,7=41,8=46,9=58,10=73,11=73,12=80,13=86,14=13)
[MCTS WIDTH BY DEPTH] depth=1 count=681 min=3 mean=8.39 median=9 p90=13 p95=13 max=14
[MCTS WIDTH COUNTS BY DEPTH] depth=1 counts=(3=103,4=49,5=30,6=34,7=41,8=51,9=66,10=68,11=72,12=80,13=86,14=1)
[MCTS WIDTH BY DEPTH] depth=2 count=661 min=3 mean=7.42 median=8 p90=12 p95=12 max=13
[MCTS WIDTH COUNTS BY DEPTH] depth=2 counts=(3=151,4=37,5=30,6=56,7=47,8=53,9=61,10=67,11=72,12=80,13=7)
[MCTS WIDTH BY DEPTH] depth=3-4 count=1249 min=3 mean=6.00 median=5 p90=10 p95=11 max=12
[MCTS WIDTH COUNTS BY DEPTH] depth=3-4 counts=(3=441,4=87,5=104,6=90,7=93,8=101,9=115,10=132,11=77,12=9)
[MCTS WIDTH BY DEPTH] depth=5-9 count=2548 min=3 mean=3.76 median=3 p90=6 p95=8 max=9
[MCTS WIDTH COUNTS BY DEPTH] depth=5-9 counts=(3=1895,4=173,5=122,6=114,7=106,8=87,9=51)
[MCTS WIDTH BY DEPTH] depth=10-19 count=3542 min=3 mean=3.00 median=3 p90=3 p95=3 max=3
[MCTS WIDTH COUNTS BY DEPTH] depth=10-19 counts=(3=3542)
[MCTS WIDTH BY DEPTH] depth=20-49 count=2881 min=3 mean=3.00 median=3 p90=3 p95=3 max=3
[MCTS WIDTH COUNTS BY DEPTH] depth=20-49 counts=(3=2881)
[MCTS DEPTH SUMMARY] selection_depths=(count=700 min=0 mean=17.39 median=15 p90=36 p95=39 max=45) horizon_cutoffs=(count=0)
[MCTS ACTION SUMMARY] selected_raw_policy_ranks=(count=10 min=1 mean=1.60 median=1 p90=2 p95=4 max=4) known_goal_decisions=0 infeasible_known_goal_decisions=0
[MCTS TIME SUMMARY] selection=0.390224s expansion=147.907560s successor_generation=63.410984s network_inference=83.188076s evaluation=29.899604s backpropagation=0.081721s
[2026-09-14 21:36:40,203] [INFO] [enhspwrapper.py:224] Deleted temp file: /tmp/domain_heuristic_3it_oluo.pddl
[2026-09-14 21:36:40,203] [INFO] [enhspwrapper.py:224] Deleted temp file: /tmp/instance_heuristic_vil5vrq0.pddl
[2026-09-14 21:36:40,203] [WARNING] [enhspwrapper.py:226] Failed to delete temp file /tmp/domain_heuristic_3it_oluo.pddl: [Errno 2] No such file or directory: '/tmp/domain_heuristic_3it_oluo.pddl'
[2026-09-14 21:36:40,203] [WARNING] [enhspwrapper.py:226] Failed to delete temp file /tmp/instance_heuristic_vil5vrq0.pddl: [Errno 2] No such file or directory: '/tmp/instance_heuristic_vil5vrq0.pddl'
[EVAL INSTANCE] completed number=11 path=../problems/numeric/mprime/instances/pfile19.pddl status=success elapsed=212.61s success=1.0 steps=10
[EVAL][PLAN] EASY       | pfile19.pddl | steps=10 | plan=['feast love haroset lobster', 'feast entertainment lobster bacon', 'feast lubricity lemon beef', 'feast entertainment bacon lobster', 'overcome abrasion lubricity beef', 'feast lubricity beef lamb', 'feast lubricity lamb haroset', 'drink beef haroset', 'feast lubricity haroset lobster', 'succumb abrasion lubricity lobster']
[EVAL INSTANCE] started number=13 path=../problems/numeric/mprime/instances/pfile21.pddl pid=1214477
mdpsim:../problems/numeric/mprime/domain.pddl:3: assuming `:typing' requirement
mdpsim:../problems/numeric/mprime/domain.pddl:15: assuming `:fluents' requirement
[MCTS SEARCH SUMMARY] progressive_widening=True iterations_per_search=70 search_calls=23 nodes=3838 peak_nodes=3838 widening_events=1610
[MCTS WIDTH SUMMARY] final_widths=(count=3838 min=0 mean=1.08 median=0 p90=3 p95=3 max=16) root_widths=(count=23 min=4 mean=10.70 median=12 p90=13 p95=15 max=15) widen_event_widths=(count=1610 min=3 mean=3.97 median=3 p90=7 p95=10 max=16) admitted_policy_ranks=(count=4160 min=1 mean=1.92 median=2 p90=3 p95=3 max=3)
[MCTS DISTRIBUTION] final_width_counts=(0=2563,3=1212,4=16,5=11,6=4,7=1,8=2,9=2,10=5,11=2,12=4,13=9,14=3,15=3,16=1) node_visit_bins=(0=2193,1=434,2=108,3-4=144,5-8=214,9-16=241,17-32=304,33-64=152,65-128=15,129+=33) selection_depth_bins=(0=31,1=34,2=37,3-4=105,5-8=244,9-16=404,17-32=454,33-64=297,65-128=4)
[MCTS WIDTH BY DEPTH] depth=0 count=1609 min=3 mean=10.02 median=11 p90=13 p95=14 max=15
[MCTS WIDTH COUNTS BY DEPTH] depth=0 counts=(3=45,4=64,5=90,6=113,7=43,8=53,9=134,10=130,11=314,12=371,13=112,14=86,15=54)
[MCTS WIDTH BY DEPTH] depth=1 count=1575 min=3 mean=9.66 median=10 p90=14 p95=14 max=15
[MCTS WIDTH COUNTS BY DEPTH] depth=1 counts=(3=129,4=67,5=72,6=59,7=76,8=178,9=100,10=137,11=143,12=191,13=223,14=147,15=53)
[MCTS WIDTH BY DEPTH] depth=2 count=1537 min=3 mean=9.10 median=10 p90=14 p95=14 max=16
[MCTS WIDTH COUNTS BY DEPTH] depth=2 counts=(3=267,4=67,5=18,6=49,7=124,8=95,9=113,10=123,11=153,12=165,13=188,14=107,15=37,16=31)
[MCTS WIDTH BY DEPTH] depth=3-4 count=2913 min=3 mean=7.91 median=8 p90=13 p95=13 max=15
[MCTS WIDTH COUNTS BY DEPTH] depth=3-4 counts=(3=637,4=135,5=193,6=186,7=152,8=191,9=247,10=298,11=264,12=303,13=181,14=76,15=50)
[MCTS WIDTH BY DEPTH] depth=5-9 count=6217 min=3 mean=6.41 median=6 p90=11 p95=11 max=14
[MCTS WIDTH COUNTS BY DEPTH] depth=5-9 counts=(3=2084,4=362,5=415,6=393,7=461,8=539,9=575,10=617,11=490,12=194,13=83,14=4)
[MCTS WIDTH BY DEPTH] depth=10-19 count=8299 min=3 mean=4.08 median=3 p90=7 p95=9 max=10
[MCTS WIDTH COUNTS BY DEPTH] depth=10-19 counts=(3=5635,4=580,5=446,6=434,7=415,8=334,9=293,10=162)
[MCTS WIDTH BY DEPTH] depth=20-49 count=8669 min=3 mean=3.00 median=3 p90=3 p95=3 max=4
[MCTS WIDTH COUNTS BY DEPTH] depth=20-49 counts=(3=8629,4=40)
[MCTS WIDTH BY DEPTH] depth=50-99 count=552 min=3 mean=3.00 median=3 p90=3 p95=3 max=3
[MCTS WIDTH COUNTS BY DEPTH] depth=50-99 counts=(3=552)
[MCTS DEPTH SUMMARY] selection_depths=(count=1610 min=0 mean=19.28 median=15 p90=42 p95=51 max=66) horizon_cutoffs=(count=0)
[MCTS ACTION SUMMARY] selected_raw_policy_ranks=(count=23 min=1 mean=1.43 median=1 p90=2 p95=2 max=3) known_goal_decisions=0 infeasible_known_goal_decisions=0
[MCTS TIME SUMMARY] selection=1.135965s expansion=148.216126s successor_generation=84.110843s network_inference=62.044130s evaluation=57.141273s backpropagation=0.198834s
[2026-09-14 21:37:08,101] [INFO] [enhspwrapper.py:224] Deleted temp file: /tmp/domain_heuristic_alr719g8.pddl
[2026-09-14 21:37:08,101] [INFO] [enhspwrapper.py:224] Deleted temp file: /tmp/instance_heuristic__6ezh3d0.pddl
[2026-09-14 21:37:08,101] [WARNING] [enhspwrapper.py:226] Failed to delete temp file /tmp/domain_heuristic_alr719g8.pddl: [Errno 2] No such file or directory: '/tmp/domain_heuristic_alr719g8.pddl'
[2026-09-14 21:37:08,101] [WARNING] [enhspwrapper.py:226] Failed to delete temp file /tmp/instance_heuristic__6ezh3d0.pddl: [Errno 2] No such file or directory: '/tmp/instance_heuristic__6ezh3d0.pddl'
[EVAL INSTANCE] completed number=12 path=../problems/numeric/mprime/instances/pfile20.pddl status=success elapsed=229.93s success=1.0 steps=23
[EVAL][PLAN] EASY       | pfile20.pddl | steps=23 | plan=['overcome abrasion intoxication wonderbread', 'feast intoxication wonderbread mutton', 'succumb abrasion intoxication mutton', 'overcome abrasion love mutton', 'succumb abrasion love mutton', 'overcome abrasion intoxication mutton', 'feast intoxication mutton pork', 'succumb abrasion intoxication pork', 'overcome abrasion empathy pork', 'feast empathy pork cod', 'succumb abrasion empathy cod', 'overcome abrasion curiosity cod', 'feast curiosity cod tuna', 'succumb abrasion curiosity tuna', 'feast love mutton wonderbread', 'overcome abrasion curiosity tuna', 'feast curiosity tuna turkey', 'succumb abrasion curiosity turkey', 'feast achievement cherry turkey', 'overcome abrasion achievement turkey', 'feast achievement turkey guava', 'feast achievement guava pepper', 'succumb abrasion achievement pepper']
[EVAL INSTANCE] started number=14 path=../problems/numeric/mprime/instances/pfile22.pddl pid=1215132
mdpsim:../problems/numeric/mprime/domain.pddl:3: assuming `:typing' requirement
mdpsim:../problems/numeric/mprime/domain.pddl:15: assuming `:fluents' requirement
[EVAL|Easy|1214477] Setting C/Python/Numpy/TF seeds to 1972442442
Starting [EVAL|Easy|1214477] on instance [12] ../problems/numeric/mprime/instances/pfile21.pddl
Starting to parse mdpsim problem: mprime-x-21
Finished parsing mdpsim problem: mprime-x-21
[EVAL|Easy|1214477] ACTION POLICY INITIALIZED
[EVAL|Easy|1214477] policy_class = ArgmaxGoalChasePathDuplicatePenaltyPolicy
[EVAL|Easy|1214477] distance_threshold = inf
[EVAL|Easy|1214477] duplicate_penalty = 0.0
[EVAL|Easy|1214477] root_visit_tie_break = action_id
[2026-09-14 21:38:16,851] [INFO] [enhspwrapper.py:84] Created temporary domain file: /tmp/domain_heuristic_ff6agugu.pddl
[2026-09-14 21:38:16,851] [INFO] [enhspwrapper.py:93] Created temporary instance file: /tmp/instance_heuristic_bze02igo.pddl
[2026-09-14 21:38:18,066] [INFO] [enhspwrapper.py:51] Starting the heuristic server with config: hmrp-ha-gbfs
[MCTS SEARCH SUMMARY] progressive_widening=True iterations_per_search=70 search_calls=6 nodes=488 peak_nodes=488 widening_events=283
[MCTS WIDTH SUMMARY] final_widths=(count=488 min=0 mean=1.49 median=0 p90=3 p95=3 max=11) root_widths=(count=6 min=4 mean=8.17 median=8 p90=11 p95=11 max=11) widen_event_widths=(count=283 min=3 mean=3.63 median=3 p90=5 p95=7 max=11) admitted_policy_ranks=(count=729 min=1 mean=1.92 median=2 p90=3 p95=3 max=3)
[MCTS DISTRIBUTION] final_width_counts=(0=265,3=203,4=8,5=5,7=2,8=1,9=1,10=1,11=2) node_visit_bins=(0=230,1=41,2=2,3-4=6,5-8=13,9-16=40,17-32=97,33-64=46,65-128=6,129+=7) selection_depth_bins=(0=10,1=10,2=11,3-4=24,5-8=47,9-16=98,17-32=220)
[MCTS WIDTH BY DEPTH] depth=0 count=419 min=3 mean=7.54 median=8 p90=11 p95=11 max=11
[MCTS WIDTH COUNTS BY DEPTH] depth=0 counts=(3=45,4=27,5=30,6=42,7=41,8=53,9=60,10=67,11=54)
[MCTS WIDTH BY DEPTH] depth=1 count=408 min=3 mean=7.48 median=8 p90=11 p95=11 max=11
[MCTS WIDTH COUNTS BY DEPTH] depth=1 counts=(3=44,4=27,5=30,6=41,7=41,8=53,9=60,10=67,11=45)
[MCTS WIDTH BY DEPTH] depth=2 count=398 min=3 mean=6.29 median=6 p90=9 p95=10 max=10
[MCTS WIDTH COUNTS BY DEPTH] depth=2 counts=(3=92,4=27,5=30,6=50,7=51,8=53,9=60,10=35)
[MCTS WIDTH BY DEPTH] depth=3-4 count=758 min=3 mean=4.71 median=4 p90=7 p95=8 max=9
[MCTS WIDTH COUNTS BY DEPTH] depth=3-4 counts=(3=330,4=73,5=90,6=110,7=82,8=53,9=20)
[MCTS WIDTH BY DEPTH] depth=5-9 count=1662 min=3 mean=3.19 median=3 p90=4 p95=4 max=6
[MCTS WIDTH COUNTS BY DEPTH] depth=5-9 counts=(3=1432,4=157,5=57,6=16)
[MCTS WIDTH BY DEPTH] depth=10-19 count=2362 min=3 mean=3.05 median=3 p90=3 p95=3 max=5
[MCTS WIDTH COUNTS BY DEPTH] depth=10-19 counts=(3=2270,4=71,5=21)
[MCTS WIDTH BY DEPTH] depth=20-49 count=784 min=3 mean=3.00 median=3 p90=3 p95=3 max=3
[MCTS WIDTH COUNTS BY DEPTH] depth=20-49 counts=(3=784)
[MCTS DEPTH SUMMARY] selection_depths=(count=420 min=0 mean=15.70 median=17 p90=25 p95=26 max=32) horizon_cutoffs=(count=0)
[MCTS ACTION SUMMARY] selected_raw_policy_ranks=(count=6 min=1 mean=1.00 median=1 p90=1 p95=1 max=1) known_goal_decisions=0 infeasible_known_goal_decisions=0
[MCTS TIME SUMMARY] selection=0.174998s expansion=109.937663s successor_generation=20.245459s network_inference=89.188626s evaluation=17.961984s backpropagation=0.031906s
[2026-09-14 21:39:42,532] [INFO] [enhspwrapper.py:224] Deleted temp file: /tmp/domain_heuristic_ff6agugu.pddl
[2026-09-14 21:39:42,532] [INFO] [enhspwrapper.py:224] Deleted temp file: /tmp/instance_heuristic_bze02igo.pddl
[2026-09-14 21:39:42,532] [WARNING] [enhspwrapper.py:226] Failed to delete temp file /tmp/domain_heuristic_ff6agugu.pddl: [Errno 2] No such file or directory: '/tmp/domain_heuristic_ff6agugu.pddl'
[2026-09-14 21:39:42,532] [WARNING] [enhspwrapper.py:226] Failed to delete temp file /tmp/instance_heuristic_bze02igo.pddl: [Errno 2] No such file or directory: '/tmp/instance_heuristic_bze02igo.pddl'
[EVAL INSTANCE] completed number=13 path=../problems/numeric/mprime/instances/pfile21.pddl status=success elapsed=182.31s success=1.0 steps=6
[EVAL][PLAN] EASY       | pfile21.pddl | steps=6 | plan=['feast love flounder wurst', 'overcome sciatica love wurst', 'drink lemon wurst', 'feast love wurst snickers', 'feast love snickers apple', 'succumb sciatica love apple']
[EVAL INSTANCE] started number=15 path=../problems/numeric/mprime/instances/pfile23.pddl pid=1218009
mdpsim:../problems/numeric/mprime/domain.pddl:3: assuming `:typing' requirement
mdpsim:../problems/numeric/mprime/domain.pddl:15: assuming `:fluents' requirement
[EVAL|Easy|1218009] Setting C/Python/Numpy/TF seeds to 1972442444
Starting [EVAL|Easy|1218009] on instance [14] ../problems/numeric/mprime/instances/pfile23.pddl
Starting to parse mdpsim problem: mprime-x-23
Finished parsing mdpsim problem: mprime-x-23
[EVAL|Easy|1218009] ACTION POLICY INITIALIZED
[EVAL|Easy|1218009] policy_class = ArgmaxGoalChasePathDuplicatePenaltyPolicy
[EVAL|Easy|1218009] distance_threshold = inf
[EVAL|Easy|1218009] duplicate_penalty = 0.0
[EVAL|Easy|1218009] root_visit_tie_break = action_id
[2026-09-14 21:41:06,661] [INFO] [enhspwrapper.py:84] Created temporary domain file: /tmp/domain_heuristic_3q23c9qv.pddl
[2026-09-14 21:41:06,661] [INFO] [enhspwrapper.py:93] Created temporary instance file: /tmp/instance_heuristic_4m88xa5m.pddl
[2026-09-14 21:41:07,909] [INFO] [enhspwrapper.py:51] Starting the heuristic server with config: hmrp-ha-gbfs
[EVAL|Easy|1215132] Setting C/Python/Numpy/TF seeds to 1972442443
Starting [EVAL|Easy|1215132] on instance [13] ../problems/numeric/mprime/instances/pfile22.pddl
Starting to parse mdpsim problem: mprime-x-22
Finished parsing mdpsim problem: mprime-x-22
[EVAL|Easy|1215132] ACTION POLICY INITIALIZED
[EVAL|Easy|1215132] policy_class = ArgmaxGoalChasePathDuplicatePenaltyPolicy
[EVAL|Easy|1215132] distance_threshold = inf
[EVAL|Easy|1215132] duplicate_penalty = 0.0
[EVAL|Easy|1215132] root_visit_tie_break = action_id
[2026-09-14 21:41:22,875] [INFO] [enhspwrapper.py:84] Created temporary domain file: /tmp/domain_heuristic_fv9b836s.pddl
[2026-09-14 21:41:22,875] [INFO] [enhspwrapper.py:93] Created temporary instance file: /tmp/instance_heuristic_k5opig7z.pddl
[2026-09-14 21:41:25,470] [INFO] [enhspwrapper.py:51] Starting the heuristic server with config: hmrp-ha-gbfs
[MCTS SEARCH SUMMARY] progressive_widening=True iterations_per_search=70 search_calls=15 nodes=2524 peak_nodes=2524 widening_events=1050
[MCTS WIDTH SUMMARY] final_widths=(count=2524 min=0 mean=1.16 median=0 p90=3 p95=3 max=13) root_widths=(count=15 min=4 mean=8.33 median=8 p90=13 p95=13 max=13) widen_event_widths=(count=1050 min=3 mean=3.38 median=3 p90=4 p95=6 max=13) admitted_policy_ranks=(count=2934 min=1 mean=1.96 median=2 p90=3 p95=3 max=3)
[MCTS DISTRIBUTION] final_width_counts=(0=1582,3=914,4=10,5=3,6=3,7=3,8=1,9=2,10=1,11=1,12=1,13=3) node_visit_bins=(0=1358,1=322,2=107,3-4=126,5-8=118,9-16=168,17-32=203,33-64=103,65-128=5,129+=14) selection_depth_bins=(0=25,1=29,2=31,3-4=89,5-8=304,9-16=239,17-32=219,33-64=114)
[MCTS WIDTH BY DEPTH] depth=0 count=1049 min=3 mean=7.59 median=7 p90=12 p95=13 max=13
[MCTS WIDTH COUNTS BY DEPTH] depth=0 counts=(3=69,4=75,5=135,6=173,7=144,8=96,9=62,10=66,11=72,12=84,13=73)
[MCTS WIDTH BY DEPTH] depth=1 count=1019 min=3 mean=7.10 median=6 p90=12 p95=13 max=13
[MCTS WIDTH COUNTS BY DEPTH] depth=1 counts=(3=192,4=132,5=83,6=106,7=50,8=72,9=100,10=67,11=75,12=87,13=55)
[MCTS WIDTH BY DEPTH] depth=2 count=979 min=3 mean=5.83 median=4 p90=11 p95=12 max=12
[MCTS WIDTH COUNTS BY DEPTH] depth=2 counts=(3=414,4=83,5=74,6=37,7=61,8=53,9=61,10=67,11=73,12=56)
[MCTS WIDTH BY DEPTH] depth=3-4 count=1818 min=3 mean=4.84 median=3 p90=9 p95=10 max=11
[MCTS WIDTH COUNTS BY DEPTH] depth=3-4 counts=(3=1089,4=78,5=65,6=89,7=110,8=106,9=120,10=110,11=51)
[MCTS WIDTH BY DEPTH] depth=5-9 count=3262 min=3 mean=3.52 median=3 p90=5 p95=7 max=9
[MCTS WIDTH COUNTS BY DEPTH] depth=5-9 counts=(3=2670,4=138,5=135,6=133,7=86,8=69,9=31)
[MCTS WIDTH BY DEPTH] depth=10-19 count=3585 min=3 mean=3.01 median=3 p90=3 p95=3 max=4
[MCTS WIDTH COUNTS BY DEPTH] depth=10-19 counts=(3=3562,4=23)
[MCTS WIDTH BY DEPTH] depth=20-49 count=3381 min=3 mean=3.00 median=3 p90=3 p95=3 max=3
[MCTS WIDTH COUNTS BY DEPTH] depth=20-49 counts=(3=3381)
[MCTS WIDTH BY DEPTH] depth=50-99 count=86 min=3 mean=3.00 median=3 p90=3 p95=3 max=3
[MCTS WIDTH COUNTS BY DEPTH] depth=50-99 counts=(3=86)
[MCTS DEPTH SUMMARY] selection_depths=(count=1050 min=0 mean=14.35 median=9 p90=34 p95=43 max=59) horizon_cutoffs=(count=0)
[MCTS ACTION SUMMARY] selected_raw_policy_ranks=(count=15 min=1 mean=1.33 median=1 p90=2 p95=3 max=3) known_goal_decisions=0 infeasible_known_goal_decisions=0
[MCTS TIME SUMMARY] selection=0.505088s expansion=245.484630s successor_generation=130.504595s network_inference=112.484493s evaluation=137.411889s backpropagation=0.112705s
[2026-09-14 21:46:50,055] [INFO] [enhspwrapper.py:224] Deleted temp file: /tmp/domain_heuristic_3q23c9qv.pddl
[2026-09-14 21:46:50,055] [INFO] [enhspwrapper.py:224] Deleted temp file: /tmp/instance_heuristic_4m88xa5m.pddl
[2026-09-14 21:46:50,056] [WARNING] [enhspwrapper.py:226] Failed to delete temp file /tmp/domain_heuristic_3q23c9qv.pddl: [Errno 2] No such file or directory: '/tmp/domain_heuristic_3q23c9qv.pddl'
[2026-09-14 21:46:50,056] [WARNING] [enhspwrapper.py:226] Failed to delete temp file /tmp/instance_heuristic_4m88xa5m.pddl: [Errno 2] No such file or directory: '/tmp/instance_heuristic_4m88xa5m.pddl'
[EVAL INSTANCE] completed number=15 path=../problems/numeric/mprime/instances/pfile23.pddl status=success elapsed=427.27s success=1.0 steps=15
[EVAL][PLAN] EASY       | pfile23.pddl | steps=15 | plan=['feast intoxication onion apple', 'overcome laceration intoxication apple', 'feast intoxication apple pistachio', 'succumb laceration intoxication pistachio', 'feast understanding cherry pistachio', 'overcome laceration understanding pistachio', 'feast understanding pistachio cherry', 'feast understanding cherry sweetroll', 'drink grapefruit sweetroll', 'feast understanding sweetroll okra', 'feast understanding okra lamb', 'feast understanding lamb hotdog', 'drink cherry hotdog', 'feast understanding hotdog chicken', 'succumb laceration understanding chicken']
[EVAL INSTANCE] started number=16 path=../problems/numeric/mprime/instances/pfile24.pddl pid=1227543
mdpsim:../problems/numeric/mprime/domain.pddl:3: assuming `:typing' requirement
mdpsim:../problems/numeric/mprime/domain.pddl:15: assuming `:fluents' requirement
[EVAL|Easy|1227543] Setting C/Python/Numpy/TF seeds to 1972442445
Starting [EVAL|Easy|1227543] on instance [15] ../problems/numeric/mprime/instances/pfile24.pddl
Starting to parse mdpsim problem: mprime-x-24
Finished parsing mdpsim problem: mprime-x-24
[EVAL|Easy|1227543] ACTION POLICY INITIALIZED
[EVAL|Easy|1227543] policy_class = ArgmaxGoalChasePathDuplicatePenaltyPolicy
[EVAL|Easy|1227543] distance_threshold = inf
[EVAL|Easy|1227543] duplicate_penalty = 0.0
[EVAL|Easy|1227543] root_visit_tie_break = action_id
[2026-09-14 21:48:02,007] [INFO] [enhspwrapper.py:84] Created temporary domain file: /tmp/domain_heuristic_byyipwms.pddl
[2026-09-14 21:48:02,007] [INFO] [enhspwrapper.py:93] Created temporary instance file: /tmp/instance_heuristic_hlbukjjj.pddl
[2026-09-14 21:48:03,012] [INFO] [enhspwrapper.py:51] Starting the heuristic server with config: hmrp-ha-gbfs
[MCTS SEARCH SUMMARY] progressive_widening=True iterations_per_search=70 search_calls=10 nodes=1790 peak_nodes=1790 widening_events=699
[MCTS WIDTH SUMMARY] final_widths=(count=1790 min=0 mean=1.06 median=0 p90=3 p95=3 max=14) root_widths=(count=10 min=4 mean=10.10 median=10 p90=14 p95=14 max=14) widen_event_widths=(count=699 min=3 mean=3.62 median=3 p90=5 p95=8 max=14) admitted_policy_ranks=(count=1895 min=1 mean=1.95 median=2 p90=3 p95=3 max=3)
[MCTS DISTRIBUTION] final_width_counts=(0=1192,3=573,4=12,5=1,6=3,8=1,9=1,10=1,11=1,12=1,13=1,14=3) node_visit_bins=(0=1095,1=101,2=21,3-4=32,5-8=66,9-16=118,17-32=182,33-64=159,65-128=7,129+=9) selection_depth_bins=(0=12,1=15,2=17,3-4=40,5-8=78,9-16=144,17-32=232,33-64=141,65-128=21)
[MCTS WIDTH BY DEPTH] depth=0 count=699 min=3 mean=9.56 median=10 p90=14 p95=14 max=14
[MCTS WIDTH COUNTS BY DEPTH] depth=0 counts=(3=45,4=37,5=30,6=42,7=41,8=50,9=60,10=71,11=72,12=79,13=86,14=86)
[MCTS WIDTH BY DEPTH] depth=1 count=685 min=3 mean=9.48 median=10 p90=13 p95=14 max=14
[MCTS WIDTH COUNTS BY DEPTH] depth=1 counts=(3=53,4=28,5=30,6=38,7=41,8=53,9=64,10=67,11=71,12=80,13=94,14=66)
[MCTS WIDTH BY DEPTH] depth=2 count=669 min=3 mean=8.49 median=9 p90=13 p95=13 max=13
[MCTS WIDTH COUNTS BY DEPTH] depth=2 counts=(3=58,4=32,5=77,6=48,7=46,8=52,9=60,10=66,11=72,12=81,13=77)
[MCTS WIDTH BY DEPTH] depth=3-4 count=1275 min=3 mean=6.81 median=7 p90=11 p95=12 max=12
[MCTS WIDTH COUNTS BY DEPTH] depth=3-4 counts=(3=355,4=105,5=66,6=86,7=91,8=98,9=115,10=135,11=143,12=81)
[MCTS WIDTH BY DEPTH] depth=5-9 count=2814 min=3 mean=4.22 median=3 p90=8 p95=9 max=10
[MCTS WIDTH COUNTS BY DEPTH] depth=5-9 counts=(3=1804,4=203,5=180,6=175,7=150,8=137,9=106,10=59)
[MCTS WIDTH BY DEPTH] depth=10-19 count=4215 min=3 mean=3.00 median=3 p90=3 p95=3 max=4
[MCTS WIDTH COUNTS BY DEPTH] depth=10-19 counts=(3=4201,4=14)
[MCTS WIDTH BY DEPTH] depth=20-49 count=4812 min=3 mean=3.00 median=3 p90=3 p95=3 max=4
[MCTS WIDTH COUNTS BY DEPTH] depth=20-49 counts=(3=4791,4=21)
[MCTS WIDTH BY DEPTH] depth=50-99 count=669 min=3 mean=3.00 median=3 p90=3 p95=3 max=3
[MCTS WIDTH COUNTS BY DEPTH] depth=50-99 counts=(3=669)
[MCTS DEPTH SUMMARY] selection_depths=(count=700 min=0 mean=22.48 median=19 p90=47 p95=56 max=79) horizon_cutoffs=(count=0)
[MCTS ACTION SUMMARY] selected_raw_policy_ranks=(count=10 min=1 mean=1.30 median=1 p90=2 p95=2 max=2) known_goal_decisions=0 infeasible_known_goal_decisions=0
[MCTS TIME SUMMARY] selection=0.468271s expansion=143.783011s successor_generation=60.667154s network_inference=81.778659s evaluation=20.118543s backpropagation=0.095115s
[2026-09-14 21:50:14,815] [INFO] [enhspwrapper.py:224] Deleted temp file: /tmp/domain_heuristic_byyipwms.pddl
[2026-09-14 21:50:14,815] [INFO] [enhspwrapper.py:224] Deleted temp file: /tmp/instance_heuristic_hlbukjjj.pddl
[2026-09-14 21:50:14,815] [WARNING] [enhspwrapper.py:226] Failed to delete temp file /tmp/domain_heuristic_byyipwms.pddl: [Errno 2] No such file or directory: '/tmp/domain_heuristic_byyipwms.pddl'
[2026-09-14 21:50:14,815] [WARNING] [enhspwrapper.py:226] Failed to delete temp file /tmp/instance_heuristic_hlbukjjj.pddl: [Errno 2] No such file or directory: '/tmp/instance_heuristic_hlbukjjj.pddl'
[EVAL INSTANCE] completed number=16 path=../problems/numeric/mprime/instances/pfile24.pddl status=success elapsed=204.84s success=1.0 steps=10
[EVAL][PLAN] EASY       | pfile24.pddl | steps=10 | plan=['feast curiosity muffin apple', 'overcome anger-12 curiosity apple', 'feast satiety bacon lettuce', 'feast satiety lettuce cherry', 'drink wurst apple', 'feast curiosity apple muffin', 'feast curiosity muffin tofu', 'drink muffin tofu', 'feast curiosity tofu cherry', 'succumb anger-12 curiosity cherry']
[EVAL INSTANCE] started number=17 path=../problems/numeric/mprime/instances/pfile25.pddl pid=1231232
mdpsim:../problems/numeric/mprime/domain.pddl:3: assuming `:typing' requirement
mdpsim:../problems/numeric/mprime/domain.pddl:15: assuming `:fluents' requirement
[EVAL|Easy|1231232] Setting C/Python/Numpy/TF seeds to 1972442446
Starting [EVAL|Easy|1231232] on instance [16] ../problems/numeric/mprime/instances/pfile25.pddl
Starting to parse mdpsim problem: mprime-x-25
Finished parsing mdpsim problem: mprime-x-25
[EVAL|Easy|1231232] ACTION POLICY INITIALIZED
[EVAL|Easy|1231232] policy_class = ArgmaxGoalChasePathDuplicatePenaltyPolicy
[EVAL|Easy|1231232] distance_threshold = inf
[EVAL|Easy|1231232] duplicate_penalty = 0.0
[EVAL|Easy|1231232] root_visit_tie_break = action_id
[2026-09-14 21:50:25,234] [INFO] [enhspwrapper.py:84] Created temporary domain file: /tmp/domain_heuristic_6r7ttiag.pddl
[2026-09-14 21:50:25,234] [INFO] [enhspwrapper.py:93] Created temporary instance file: /tmp/instance_heuristic_od28e069.pddl
[2026-09-14 21:50:25,533] [INFO] [enhspwrapper.py:51] Starting the heuristic server with config: hmrp-ha-gbfs
[MCTS SEARCH SUMMARY] progressive_widening=True iterations_per_search=70 search_calls=4 nodes=278 peak_nodes=278 widening_events=143
[MCTS WIDTH SUMMARY] final_widths=(count=278 min=0 mean=1.27 median=0 p90=3 p95=4 max=9) root_widths=(count=4 min=4 mean=7.00 median=7 p90=9 p95=9 max=9) widen_event_widths=(count=143 min=1 mean=3.55 median=3 p90=5 p95=7 max=9) admitted_policy_ranks=(count=354 min=1 mean=1.89 median=2 p90=3 p95=3 max=3)
[MCTS DISTRIBUTION] final_width_counts=(0=170,1=1,2=3,3=88,4=11,6=1,7=1,8=1,9=2) node_visit_bins=(0=152,1=19,2=4,3-4=12,5-8=19,9-16=6,17-32=25,33-64=35,65-128=2,129+=4) selection_depth_bins=(0=8,1=7,2=9,3-4=22,5-8=43,9-16=137,17-32=54)
[MCTS WIDTH BY DEPTH] depth=0 count=279 min=3 mean=6.20 median=6 p90=9 p95=9 max=9
[MCTS WIDTH COUNTS BY DEPTH] depth=0 counts=(3=45,4=26,5=30,6=41,7=42,8=53,9=42)
[MCTS WIDTH BY DEPTH] depth=1 count=271 min=3 mean=6.13 median=6 p90=9 p95=9 max=9
[MCTS WIDTH COUNTS BY DEPTH] depth=1 counts=(3=44,4=27,5=30,6=41,7=41,8=53,9=35)
[MCTS WIDTH BY DEPTH] depth=2 count=263 min=3 mean=5.07 median=5 p90=7 p95=7 max=8
[MCTS WIDTH COUNTS BY DEPTH] depth=2 counts=(3=50,4=51,5=60,6=48,7=41,8=13)
[MCTS WIDTH BY DEPTH] depth=3-4 count=487 min=3 mean=3.40 median=3 p90=5 p95=6 max=6
[MCTS WIDTH COUNTS BY DEPTH] depth=3-4 counts=(3=372,4=60,5=30,6=25)
[MCTS WIDTH BY DEPTH] depth=5-9 count=1012 min=3 mean=3.03 median=3 p90=3 p95=3 max=4
[MCTS WIDTH COUNTS BY DEPTH] depth=5-9 counts=(3=985,4=27)
[MCTS WIDTH BY DEPTH] depth=10-19 count=1003 min=1 mean=2.93 median=3 p90=3 p95=4 max=4
[MCTS WIDTH COUNTS BY DEPTH] depth=10-19 counts=(1=41,2=49,3=856,4=57)
[MCTS WIDTH BY DEPTH] depth=20-49 count=1 min=3 mean=3.00 median=3 p90=3 p95=3 max=3
[MCTS WIDTH COUNTS BY DEPTH] depth=20-49 counts=(3=1)
[MCTS DEPTH SUMMARY] selection_depths=(count=280 min=0 mean=11.23 median=13 p90=18 p95=18 max=21) horizon_cutoffs=(count=0)
[MCTS ACTION SUMMARY] selected_raw_policy_ranks=(count=4 min=1 mean=1.00 median=1 p90=1 p95=1 max=1) known_goal_decisions=0 infeasible_known_goal_decisions=0
[MCTS TIME SUMMARY] selection=0.108601s expansion=8.010814s successor_generation=0.283987s network_inference=7.675379s evaluation=0.662533s backpropagation=0.017461s
[2026-09-14 21:50:30,383] [INFO] [enhspwrapper.py:224] Deleted temp file: /tmp/domain_heuristic_6r7ttiag.pddl
[2026-09-14 21:50:30,383] [INFO] [enhspwrapper.py:224] Deleted temp file: /tmp/instance_heuristic_od28e069.pddl
[2026-09-14 21:50:30,383] [WARNING] [enhspwrapper.py:226] Failed to delete temp file /tmp/domain_heuristic_6r7ttiag.pddl: [Errno 2] No such file or directory: '/tmp/domain_heuristic_6r7ttiag.pddl'
[2026-09-14 21:50:30,383] [WARNING] [enhspwrapper.py:226] Failed to delete temp file /tmp/instance_heuristic_od28e069.pddl: [Errno 2] No such file or directory: '/tmp/instance_heuristic_od28e069.pddl'
[EVAL INSTANCE] completed number=17 path=../problems/numeric/mprime/instances/pfile25.pddl status=success elapsed=15.28s success=1.0 steps=4
[EVAL][PLAN] EASY       | pfile25.pddl | steps=4 | plan=['feast expectation tuna wurst', 'overcome depression expectation wurst', 'feast expectation wurst chicken', 'succumb depression expectation chicken']
[EVAL INSTANCE] started number=18 path=../problems/numeric/mprime/instances/pfile26.pddl pid=1231538
mdpsim:../problems/numeric/mprime/domain.pddl:3: assuming `:typing' requirement
mdpsim:../problems/numeric/mprime/domain.pddl:15: assuming `:fluents' requirement
[EVAL|Easy|1231538] Setting C/Python/Numpy/TF seeds to 1972442447
Starting [EVAL|Easy|1231538] on instance [17] ../problems/numeric/mprime/instances/pfile26.pddl
Starting to parse mdpsim problem: mprime-x-26
Finished parsing mdpsim problem: mprime-x-26
[EVAL|Easy|1231538] ACTION POLICY INITIALIZED
[EVAL|Easy|1231538] policy_class = ArgmaxGoalChasePathDuplicatePenaltyPolicy
[EVAL|Easy|1231538] distance_threshold = inf
[EVAL|Easy|1231538] duplicate_penalty = 0.0
[EVAL|Easy|1231538] root_visit_tie_break = action_id
[2026-09-14 21:50:52,146] [INFO] [enhspwrapper.py:84] Created temporary domain file: /tmp/domain_heuristic__xsokt9i.pddl
[2026-09-14 21:50:52,146] [INFO] [enhspwrapper.py:93] Created temporary instance file: /tmp/instance_heuristic_kdf_urz0.pddl
[2026-09-14 21:50:52,722] [INFO] [enhspwrapper.py:51] Starting the heuristic server with config: hmrp-ha-gbfs
[MCTS SEARCH SUMMARY] progressive_widening=True iterations_per_search=70 search_calls=8 nodes=1242 peak_nodes=1242 widening_events=552
[MCTS WIDTH SUMMARY] final_widths=(count=1242 min=0 mean=1.18 median=0 p90=3 p95=3 max=13) root_widths=(count=8 min=4 mean=9.25 median=9 p90=13 p95=13 max=13) widen_event_widths=(count=552 min=1 mean=3.56 median=3 p90=5 p95=7 max=13) admitted_policy_ranks=(count=1470 min=1 mean=1.94 median=2 p90=3 p95=3 max=3)
[MCTS DISTRIBUTION] final_width_counts=(0=782,1=1,3=427,4=17,5=5,6=2,7=1,8=1,9=1,10=1,11=1,12=1,13=2) node_visit_bins=(0=709,1=79,2=24,3-4=47,5-8=78,9-16=99,17-32=111,33-64=78,65-128=9,129+=8) selection_depth_bins=(0=12,1=11,2=14,3-4=37,5-8=84,9-16=127,17-32=180,33-64=95)
[MCTS WIDTH BY DEPTH] depth=0 count=559 min=3 mean=8.63 median=9 p90=12 p95=13 max=13
[MCTS WIDTH COUNTS BY DEPTH] depth=0 counts=(3=45,4=26,5=30,6=47,7=42,8=55,9=59,10=67,11=72,12=80,13=36)
[MCTS WIDTH BY DEPTH] depth=1 count=547 min=3 mean=8.52 median=9 p90=12 p95=12 max=13
[MCTS WIDTH COUNTS BY DEPTH] depth=1 counts=(3=44,4=33,5=30,6=43,7=41,8=52,9=60,10=67,11=72,12=80,13=25)
[MCTS WIDTH BY DEPTH] depth=2 count=533 min=3 mean=7.35 median=8 p90=11 p95=11 max=12
[MCTS WIDTH COUNTS BY DEPTH] depth=2 counts=(3=78,4=61,5=35,6=40,7=41,8=53,9=60,10=67,11=72,12=26)
[MCTS WIDTH BY DEPTH] depth=3-4 count=1010 min=3 mean=5.77 median=5 p90=9 p95=10 max=11
[MCTS WIDTH COUNTS BY DEPTH] depth=3-4 counts=(3=332,4=115,5=73,6=82,7=93,8=94,9=120,10=80,11=21)
[MCTS WIDTH BY DEPTH] depth=5-9 count=2151 min=3 mean=3.64 median=3 p90=6 p95=7 max=8
[MCTS WIDTH COUNTS BY DEPTH] depth=5-9 counts=(3=1548,4=226,5=156,6=103,7=71,8=47)
[MCTS WIDTH BY DEPTH] depth=10-19 count=2970 min=3 mean=3.02 median=3 p90=3 p95=3 max=4
[MCTS WIDTH COUNTS BY DEPTH] depth=10-19 counts=(3=2913,4=57)
[MCTS WIDTH BY DEPTH] depth=20-49 count=2604 min=1 mean=3.00 median=3 p90=3 p95=3 max=4
[MCTS WIDTH COUNTS BY DEPTH] depth=20-49 counts=(1=3,3=2596,4=5)
[MCTS WIDTH BY DEPTH] depth=50-99 count=1 min=1 mean=1.00 median=1 p90=1 p95=1 max=1
[MCTS WIDTH COUNTS BY DEPTH] depth=50-99 counts=(1=1)
[MCTS DEPTH SUMMARY] selection_depths=(count=560 min=0 mean=18.35 median=16 p90=37 p95=40 max=50) horizon_cutoffs=(count=0)
[MCTS ACTION SUMMARY] selected_raw_policy_ranks=(count=8 min=1 mean=1.25 median=1 p90=3 p95=3 max=3) known_goal_decisions=0 infeasible_known_goal_decisions=0
[MCTS TIME SUMMARY] selection=0.349404s expansion=30.795303s successor_generation=9.288171s network_inference=21.167526s evaluation=3.541837s backpropagation=0.062534s
[2026-09-14 21:51:18,363] [INFO] [enhspwrapper.py:224] Deleted temp file: /tmp/domain_heuristic__xsokt9i.pddl
[2026-09-14 21:51:18,363] [INFO] [enhspwrapper.py:224] Deleted temp file: /tmp/instance_heuristic_kdf_urz0.pddl
[2026-09-14 21:51:18,363] [WARNING] [enhspwrapper.py:226] Failed to delete temp file /tmp/domain_heuristic__xsokt9i.pddl: [Errno 2] No such file or directory: '/tmp/domain_heuristic__xsokt9i.pddl'
[2026-09-14 21:51:18,364] [WARNING] [enhspwrapper.py:226] Failed to delete temp file /tmp/instance_heuristic_kdf_urz0.pddl: [Errno 2] No such file or directory: '/tmp/instance_heuristic_kdf_urz0.pddl'
[EVAL INSTANCE] completed number=18 path=../problems/numeric/mprime/instances/pfile26.pddl status=success elapsed=48.09s success=1.0 steps=8
[EVAL][PLAN] EASY       | pfile26.pddl | steps=8 | plan=['overcome boils entertainment haroset', 'feast entertainment haroset rice', 'feast entertainment rice endive', 'feast entertainment endive rice', 'feast entertainment rice pistachio', 'feast entertainment pistachio turkey', 'feast entertainment turkey papaya', 'succumb boils entertainment papaya']
[EVAL INSTANCE] started number=19 path=../problems/numeric/mprime/instances/pfile27.pddl pid=1232962
mdpsim:../problems/numeric/mprime/domain.pddl:3: assuming `:typing' requirement
mdpsim:../problems/numeric/mprime/domain.pddl:15: assuming `:fluents' requirement
[EVAL|Easy|1232962] Setting C/Python/Numpy/TF seeds to 1972442448
Starting [EVAL|Easy|1232962] on instance [18] ../problems/numeric/mprime/instances/pfile27.pddl
Starting to parse mdpsim problem: mprime-x-27
Finished parsing mdpsim problem: mprime-x-27
[EVAL|Easy|1232962] ACTION POLICY INITIALIZED
[EVAL|Easy|1232962] policy_class = ArgmaxGoalChasePathDuplicatePenaltyPolicy
[EVAL|Easy|1232962] distance_threshold = inf
[EVAL|Easy|1232962] duplicate_penalty = 0.0
[EVAL|Easy|1232962] root_visit_tie_break = action_id
[2026-09-14 21:51:34,429] [INFO] [enhspwrapper.py:84] Created temporary domain file: /tmp/domain_heuristic_5_9bvxgq.pddl
[2026-09-14 21:51:34,429] [INFO] [enhspwrapper.py:93] Created temporary instance file: /tmp/instance_heuristic_jz5j8iws.pddl
[2026-09-14 21:51:34,860] [INFO] [enhspwrapper.py:51] Starting the heuristic server with config: hmrp-ha-gbfs
[MCTS SEARCH SUMMARY] progressive_widening=True iterations_per_search=70 search_calls=5 nodes=717 peak_nodes=717 widening_events=350
[MCTS WIDTH SUMMARY] final_widths=(count=717 min=0 mean=1.29 median=0 p90=3 p95=3 max=10) root_widths=(count=5 min=4 mean=7.40 median=8 p90=10 p95=10 max=10) widen_event_widths=(count=350 min=3 mean=3.40 median=3 p90=4 p95=6 max=10) admitted_policy_ranks=(count=926 min=1 mean=1.93 median=2 p90=3 p95=3 max=3)
[MCTS DISTRIBUTION] final_width_counts=(0=429,3=255,4=24,5=3,6=1,7=1,8=1,9=1,10=2) node_visit_bins=(0=371,1=66,2=18,3-4=32,5-8=43,9-16=58,17-32=68,33-64=47,65-128=8,129+=6) selection_depth_bins=(0=8,1=10,2=11,3-4=29,5-8=54,9-16=89,17-32=91,33-64=58)
[MCTS WIDTH BY DEPTH] depth=0 count=349 min=3 mean=6.82 median=7 p90=10 p95=10 max=10
[MCTS WIDTH COUNTS BY DEPTH] depth=0 counts=(3=45,4=29,5=30,6=44,7=41,8=52,9=68,10=40)
[MCTS WIDTH BY DEPTH] depth=1 count=340 min=3 mean=6.73 median=7 p90=10 p95=10 max=10
[MCTS WIDTH COUNTS BY DEPTH] depth=1 counts=(3=46,4=30,5=30,6=40,7=41,8=61,9=54,10=38)
[MCTS WIDTH BY DEPTH] depth=2 count=328 min=3 mean=5.87 median=6 p90=8 p95=9 max=9
[MCTS WIDTH COUNTS BY DEPTH] depth=2 counts=(3=60,4=26,5=30,6=84,7=59,8=47,9=22)
[MCTS WIDTH BY DEPTH] depth=3-4 count=610 min=3 mean=3.96 median=3 p90=6 p95=7 max=8
[MCTS WIDTH COUNTS BY DEPTH] depth=3-4 counts=(3=339,4=92,5=85,6=52,7=41,8=1)
[MCTS WIDTH BY DEPTH] depth=5-9 count=1263 min=3 mean=3.05 median=3 p90=3 p95=3 max=5
[MCTS WIDTH COUNTS BY DEPTH] depth=5-9 counts=(3=1210,4=43,5=10)
[MCTS WIDTH BY DEPTH] depth=10-19 count=1689 min=3 mean=3.09 median=3 p90=3 p95=4 max=4
[MCTS WIDTH COUNTS BY DEPTH] depth=10-19 counts=(3=1545,4=144)
[MCTS WIDTH BY DEPTH] depth=20-49 count=1697 min=3 mean=3.04 median=3 p90=3 p95=3 max=4
[MCTS WIDTH COUNTS BY DEPTH] depth=20-49 counts=(3=1631,4=66)
[MCTS WIDTH BY DEPTH] depth=50-99 count=6 min=3 mean=3.00 median=3 p90=3 p95=3 max=3
[MCTS WIDTH COUNTS BY DEPTH] depth=50-99 counts=(3=6)
[MCTS DEPTH SUMMARY] selection_depths=(count=350 min=0 mean=17.77 median=14 p90=40 p95=48 max=51) horizon_cutoffs=(count=0)
[MCTS ACTION SUMMARY] selected_raw_policy_ranks=(count=5 min=1 mean=1.40 median=1 p90=2 p95=2 max=2) known_goal_decisions=0 infeasible_known_goal_decisions=0
[MCTS TIME SUMMARY] selection=0.201802s expansion=15.540205s successor_generation=2.528592s network_inference=12.877991s evaluation=2.787184s backpropagation=0.037083s
[2026-09-14 21:51:47,441] [INFO] [enhspwrapper.py:224] Deleted temp file: /tmp/domain_heuristic_5_9bvxgq.pddl
[2026-09-14 21:51:47,441] [INFO] [enhspwrapper.py:224] Deleted temp file: /tmp/instance_heuristic_jz5j8iws.pddl
[2026-09-14 21:51:47,442] [WARNING] [enhspwrapper.py:226] Failed to delete temp file /tmp/domain_heuristic_5_9bvxgq.pddl: [Errno 2] No such file or directory: '/tmp/domain_heuristic_5_9bvxgq.pddl'
[2026-09-14 21:51:47,442] [WARNING] [enhspwrapper.py:226] Failed to delete temp file /tmp/instance_heuristic_jz5j8iws.pddl: [Errno 2] No such file or directory: '/tmp/instance_heuristic_jz5j8iws.pddl'
[EVAL INSTANCE] completed number=19 path=../problems/numeric/mprime/instances/pfile27.pddl status=success elapsed=29.05s success=1.0 steps=5
[EVAL][PLAN] EASY       | pfile27.pddl | steps=5 | plan=['overcome grief satisfaction scallion', 'overcome boils satisfaction scallion', 'feast satisfaction scallion guava', 'succumb boils satisfaction guava', 'succumb grief satisfaction guava']
[EVAL INSTANCE] started number=20 path=../problems/numeric/mprime/instances/pfile28.pddl pid=1233479
mdpsim:../problems/numeric/mprime/domain.pddl:3: assuming `:typing' requirement
mdpsim:../problems/numeric/mprime/domain.pddl:15: assuming `:fluents' requirement
[EVAL|Easy|1233479] Setting C/Python/Numpy/TF seeds to 1972442449
Starting [EVAL|Easy|1233479] on instance [19] ../problems/numeric/mprime/instances/pfile28.pddl
Starting to parse mdpsim problem: mprime-x-28
Finished parsing mdpsim problem: mprime-x-28
[EVAL|Easy|1233479] ACTION POLICY INITIALIZED
[EVAL|Easy|1233479] policy_class = ArgmaxGoalChasePathDuplicatePenaltyPolicy
[EVAL|Easy|1233479] distance_threshold = inf
[EVAL|Easy|1233479] duplicate_penalty = 0.0
[EVAL|Easy|1233479] root_visit_tie_break = action_id
[2026-09-14 21:51:59,304] [INFO] [enhspwrapper.py:84] Created temporary domain file: /tmp/domain_heuristic_0nx6mqft.pddl
[2026-09-14 21:51:59,305] [INFO] [enhspwrapper.py:93] Created temporary instance file: /tmp/instance_heuristic_5bi1iiy8.pddl
[2026-09-14 21:51:59,659] [INFO] [enhspwrapper.py:51] Starting the heuristic server with config: hmrp-ha-gbfs
[MCTS SEARCH SUMMARY] progressive_widening=True iterations_per_search=70 search_calls=7 nodes=792 peak_nodes=792 widening_events=386
[MCTS WIDTH SUMMARY] final_widths=(count=792 min=0 mean=1.22 median=0 p90=3 p95=4 max=12) root_widths=(count=7 min=4 mean=8.57 median=9 p90=12 p95=12 max=12) widen_event_widths=(count=386 min=1 mean=3.63 median=3 p90=5 p95=8 max=12) admitted_policy_ranks=(count=966 min=1 mean=1.90 median=2 p90=3 p95=3 max=3)
[MCTS DISTRIBUTION] final_width_counts=(0=500,1=1,2=2,3=240,4=38,5=3,6=2,8=1,9=1,10=1,11=1,12=2) node_visit_bins=(0=429,1=77,2=20,3-4=26,5-8=38,9-16=27,17-32=60,33-64=99,65-128=10,129+=6) selection_depth_bins=(0=10,1=13,2=16,3-4=40,5-8=74,9-16=97,17-32=175,33-64=65)
[MCTS WIDTH BY DEPTH] depth=0 count=489 min=3 mean=7.83 median=8 p90=11 p95=11 max=12
[MCTS WIDTH COUNTS BY DEPTH] depth=0 counts=(3=45,4=46,5=30,6=40,7=41,8=53,9=60,10=67,11=87,12=20)
[MCTS WIDTH BY DEPTH] depth=1 count=477 min=3 mean=7.61 median=8 p90=11 p95=11 max=12
[MCTS WIDTH COUNTS BY DEPTH] depth=1 counts=(3=68,4=26,5=30,6=41,7=46,8=48,9=60,10=77,11=61,12=20)
[MCTS WIDTH BY DEPTH] depth=2 count=461 min=3 mean=6.41 median=6 p90=10 p95=10 max=11
[MCTS WIDTH COUNTS BY DEPTH] depth=2 counts=(3=98,4=27,5=71,6=45,7=46,8=47,9=56,10=57,11=14)
[MCTS WIDTH BY DEPTH] depth=3-4 count=865 min=3 mean=5.08 median=4 p90=8 p95=9 max=11
[MCTS WIDTH COUNTS BY DEPTH] depth=3-4 counts=(3=324,4=123,5=81,6=81,7=92,8=94,9=59,10=10,11=1)
[MCTS WIDTH BY DEPTH] depth=5-9 count=1790 min=3 mean=3.26 median=3 p90=4 p95=5 max=7
[MCTS WIDTH COUNTS BY DEPTH] depth=5-9 counts=(3=1523,4=150,5=59,6=37,7=21)
[MCTS WIDTH BY DEPTH] depth=10-19 count=2586 min=3 mean=3.02 median=3 p90=3 p95=3 max=5
[MCTS WIDTH COUNTS BY DEPTH] depth=10-19 counts=(3=2535,4=49,5=2)
[MCTS WIDTH BY DEPTH] depth=20-49 count=2105 min=1 mean=3.06 median=3 p90=3 p95=4 max=5
[MCTS WIDTH COUNTS BY DEPTH] depth=20-49 counts=(1=5,2=49,3=1893,4=141,5=17)
[MCTS DEPTH SUMMARY] selection_depths=(count=490 min=0 mean=17.50 median=16 p90=34 p95=36 max=41) horizon_cutoffs=(count=0)
[MCTS ACTION SUMMARY] selected_raw_policy_ranks=(count=7 min=1 mean=1.14 median=1 p90=2 p95=2 max=2) known_goal_decisions=0 infeasible_known_goal_decisions=0
[MCTS TIME SUMMARY] selection=0.237369s expansion=10.661946s successor_generation=1.063556s network_inference=9.491946s evaluation=1.101634s backpropagation=0.039899s
[2026-09-14 21:52:07,302] [INFO] [enhspwrapper.py:224] Deleted temp file: /tmp/domain_heuristic_0nx6mqft.pddl
[2026-09-14 21:52:07,303] [INFO] [enhspwrapper.py:224] Deleted temp file: /tmp/instance_heuristic_5bi1iiy8.pddl
[2026-09-14 21:52:07,303] [WARNING] [enhspwrapper.py:226] Failed to delete temp file /tmp/domain_heuristic_0nx6mqft.pddl: [Errno 2] No such file or directory: '/tmp/domain_heuristic_0nx6mqft.pddl'
[2026-09-14 21:52:07,303] [WARNING] [enhspwrapper.py:226] Failed to delete temp file /tmp/instance_heuristic_5bi1iiy8.pddl: [Errno 2] No such file or directory: '/tmp/instance_heuristic_5bi1iiy8.pddl'
[EVAL INSTANCE] completed number=20 path=../problems/numeric/mprime/instances/pfile28.pddl status=success elapsed=19.79s success=1.0 steps=7
[EVAL][PLAN] EASY       | pfile28.pddl | steps=7 | plan=['feast intoxication wurst muffin', 'overcome anger intoxication muffin', 'feast intoxication muffin broccoli', 'overcome boils intoxication broccoli', 'feast intoxication broccoli lamb', 'succumb boils intoxication lamb', 'succumb anger intoxication lamb']
[MCTS SEARCH SUMMARY] progressive_widening=True iterations_per_search=70 search_calls=11 nodes=1996 peak_nodes=1996 widening_events=770
[MCTS WIDTH SUMMARY] final_widths=(count=1996 min=0 mean=1.04 median=0 p90=3 p95=3 max=15) root_widths=(count=11 min=4 mean=10.09 median=11 p90=14 p95=15 max=15) widen_event_widths=(count=770 min=3 mean=3.63 median=3 p90=5 p95=8 max=15) admitted_policy_ranks=(count=2078 min=1 mean=1.94 median=2 p90=3 p95=3 max=3)
[MCTS DISTRIBUTION] final_width_counts=(0=1342,3=624,4=14,5=3,6=2,7=1,8=1,9=2,11=2,12=1,13=1,14=2,15=1) node_visit_bins=(0=1217,1=141,2=39,3-4=60,5-8=88,9-16=148,17-32=193,33-64=92,65-128=6,129+=12) selection_depth_bins=(0=16,1=15,2=20,3-4=50,5-8=119,9-16=170,17-32=237,33-64=143)
[MCTS WIDTH BY DEPTH] depth=0 count=769 min=3 mean=9.51 median=10 p90=14 p95=14 max=15
[MCTS WIDTH COUNTS BY DEPTH] depth=0 counts=(3=45,4=34,5=34,6=67,7=44,8=66,9=69,10=69,11=71,12=80,13=86,14=92,15=12)
[MCTS WIDTH BY DEPTH] depth=1 count=751 min=3 mean=9.30 median=10 p90=14 p95=14 max=14
[MCTS WIDTH COUNTS BY DEPTH] depth=1 counts=(3=67,4=40,5=31,6=37,7=66,8=54,9=62,10=65,11=72,12=80,13=86,14=91)
[MCTS WIDTH BY DEPTH] depth=2 count=733 min=3 mean=8.37 median=9 p90=13 p95=13 max=14
[MCTS WIDTH COUNTS BY DEPTH] depth=2 counts=(3=94,4=45,5=58,6=42,7=42,8=79,9=58,10=67,11=72,12=80,13=86,14=10)
[MCTS WIDTH BY DEPTH] depth=3-4 count=1388 min=3 mean=6.91 median=7 p90=11 p95=12 max=13
[MCTS WIDTH COUNTS BY DEPTH] depth=3-4 counts=(3=372,4=114,5=78,6=82,7=103,8=124,9=120,10=134,11=144,12=100,13=17)
[MCTS WIDTH BY DEPTH] depth=5-9 count=2945 min=3 mean=4.41 median=3 p90=8 p95=9 max=11
[MCTS WIDTH COUNTS BY DEPTH] depth=5-9 counts=(3=1740,4=251,5=199,6=211,7=184,8=144,9=121,10=78,11=17)
[MCTS WIDTH BY DEPTH] depth=10-19 count=4109 min=3 mean=3.03 median=3 p90=3 p95=3 max=5
[MCTS WIDTH COUNTS BY DEPTH] depth=10-19 counts=(3=4009,4=85,5=15)
[MCTS WIDTH BY DEPTH] depth=20-49 count=4027 min=3 mean=3.00 median=3 p90=3 p95=3 max=3
[MCTS WIDTH COUNTS BY DEPTH] depth=20-49 counts=(3=4027)
[MCTS WIDTH BY DEPTH] depth=50-99 count=57 min=3 mean=3.00 median=3 p90=3 p95=3 max=3
[MCTS WIDTH COUNTS BY DEPTH] depth=50-99 counts=(3=57)
[MCTS DEPTH SUMMARY] selection_depths=(count=770 min=0 mean=19.04 median=16 p90=39 p95=45 max=56) horizon_cutoffs=(count=0)
[MCTS ACTION SUMMARY] selected_raw_policy_ranks=(count=11 min=1 mean=1.45 median=1 p90=2 p95=3 max=3) known_goal_decisions=0 infeasible_known_goal_decisions=0
[MCTS TIME SUMMARY] selection=0.486043s expansion=767.874439s successor_generation=476.180510s network_inference=287.334244s evaluation=203.624109s backpropagation=0.099489s
[2026-09-14 21:55:36,097] [INFO] [enhspwrapper.py:224] Deleted temp file: /tmp/domain_heuristic_fv9b836s.pddl
[2026-09-14 21:55:36,098] [INFO] [enhspwrapper.py:224] Deleted temp file: /tmp/instance_heuristic_k5opig7z.pddl
[2026-09-14 21:55:36,098] [WARNING] [enhspwrapper.py:226] Failed to delete temp file /tmp/domain_heuristic_fv9b836s.pddl: [Errno 2] No such file or directory: '/tmp/domain_heuristic_fv9b836s.pddl'
[2026-09-14 21:55:36,098] [WARNING] [enhspwrapper.py:226] Failed to delete temp file /tmp/instance_heuristic_k5opig7z.pddl: [Errno 2] No such file or directory: '/tmp/instance_heuristic_k5opig7z.pddl'
[EVAL INSTANCE] completed number=14 path=../problems/numeric/mprime/instances/pfile22.pddl status=success elapsed=1108.68s success=1.0 steps=11
[EVAL][PLAN] EASY       | pfile22.pddl | steps=11 | plan=['overcome hangover understanding ham', 'feast understanding ham popover', 'feast understanding popover chicken', 'feast understanding chicken cherry', 'drink lamb cherry', 'feast understanding cherry hamburger', 'drink lamb guava', 'feast understanding hamburger scallop', 'feast understanding scallop cantelope', 'feast understanding cantelope lamb', 'succumb hangover understanding lamb']
[EVAL INSTANCE] timeout number=10 path=../problems/numeric/mprime/instances/pfile18.pddl limit=21600.0s

[EVAL FINAL] success=17.0/20=0.850
[EVAL] EASY       | success=0.850 | instances= 20 | avg_len_success=11.53 | avg_len_fail=-2.00

[EVAL] SUCCESSFUL PLAN SUMMARY
[EVAL][PLAN SUMMARY] EASY       | pfile01.pddl | steps=5 | plan=['overcome abrasion rest pork', 'feast rest pork lamb', 'feast rest lamb flounder', 'feast rest flounder rice', 'succumb abrasion rest rice']
[EVAL][PLAN SUMMARY] EASY       | pfile02.pddl | steps=8 | plan=['overcome grief-7 entertainment ham', 'feast satiety onion beef', 'feast entertainment ham muffin', 'overcome depression-1 entertainment muffin', 'feast entertainment muffin tuna', 'feast entertainment tuna beef', 'succumb grief-7 entertainment beef', 'succumb depression-1 entertainment beef']
[EVAL][PLAN SUMMARY] EASY       | pfile04.pddl | steps=9 | plan=['feast aesthetics shrimp cherry', 'feast aesthetics cherry arugula', 'feast aesthetics arugula wurst', 'drink muffin wurst', 'feast aesthetics wurst grapefruit', 'overcome sciatica aesthetics grapefruit', 'drink muffin grapefruit', 'feast aesthetics grapefruit wurst', 'succumb sciatica aesthetics wurst']
[EVAL][PLAN SUMMARY] EASY       | pfile05.pddl | steps=11 | plan=['drink turkey sweetroll', 'overcome grief satisfaction broccoli', 'feast satisfaction broccoli chocolate', 'feast satisfaction chocolate shrimp', 'succumb grief satisfaction shrimp', 'feast lubricity sweetroll scallop', 'overcome loneliness lubricity scallop', 'drink shrimp scallop', 'feast lubricity scallop cherry', 'feast lubricity cherry shrimp', 'succumb loneliness lubricity shrimp']
[EVAL][PLAN SUMMARY] EASY       | pfile09.pddl | steps=10 | plan=['overcome jealousy excitement guava', 'overcome sciatica entertainment flounder', 'feast entertainment flounder hamburger', 'feast curiosity hotdog wurst', 'succumb sciatica entertainment hamburger', 'feast excitement guava apple', 'feast excitement apple hotdog', 'drink wurst hotdog', 'feast excitement hotdog wurst', 'succumb jealousy excitement wurst']
[EVAL][PLAN SUMMARY] EASY       | pfile15.pddl | steps=45 | plan=['overcome jealousy satisfaction pistachio', 'feast curiosity turkey cantelope', 'feast empathy onion ham', 'feast satisfaction pistachio okra', 'feast entertainment pepper haroset', 'succumb jealousy satisfaction okra', 'overcome jealousy lubricity okra', 'feast lubricity okra pistachio', 'feast lubricity pistachio broccoli', 'succumb jealousy lubricity broccoli', 'overcome jealousy learning broccoli', 'feast learning broccoli pistachio', 'feast learning pistachio okra', 'feast learning okra pistachio', 'drink okra pistachio', 'feast learning pistachio okra', 'drink broccoli okra', 'feast learning okra cucumber', 'feast learning cucumber okra', 'drink broccoli okra', 'feast learning okra pistachio', 'drink cucumber pistachio', 'feast learning pistachio okra', 'drink pepper okra', 'feast learning okra pistachio', 'drink chicken pistachio', 'drink pistachio okra', 'drink pea pistachio', 'feast learning pistachio okra', 'feast learning okra pistachio', 'drink pea pistachio', 'drink pistachio okra', 'drink pea pistachio', 'drink okra broccoli', 'drink pistachio okra', 'drink pea pistachio', 'feast learning pistachio broccoli', 'feast learning broccoli lemon', 'drink okra pistachio', 'succumb jealousy learning lemon', 'overcome jealousy learning lemon', 'drink pistachio okra', 'feast learning lemon cod', 'feast learning cod chicken', 'succumb jealousy learning chicken']
[EVAL][PLAN SUMMARY] EASY       | pfile16.pddl | steps=9 | plan=['overcome abrasion learning baguette', 'drink pepper baguette', 'feast learning baguette rice', 'succumb abrasion learning rice', 'feast achievement rice baguette', 'overcome sciatica achievement baguette', 'drink pepper baguette', 'feast achievement baguette rice', 'succumb sciatica achievement rice']
[EVAL][PLAN SUMMARY] EASY       | pfile19.pddl | steps=10 | plan=['feast love haroset lobster', 'feast entertainment lobster bacon', 'feast lubricity lemon beef', 'feast entertainment bacon lobster', 'overcome abrasion lubricity beef', 'feast lubricity beef lamb', 'feast lubricity lamb haroset', 'drink beef haroset', 'feast lubricity haroset lobster', 'succumb abrasion lubricity lobster']
[EVAL][PLAN SUMMARY] EASY       | pfile20.pddl | steps=23 | plan=['overcome abrasion intoxication wonderbread', 'feast intoxication wonderbread mutton', 'succumb abrasion intoxication mutton', 'overcome abrasion love mutton', 'succumb abrasion love mutton', 'overcome abrasion intoxication mutton', 'feast intoxication mutton pork', 'succumb abrasion intoxication pork', 'overcome abrasion empathy pork', 'feast empathy pork cod', 'succumb abrasion empathy cod', 'overcome abrasion curiosity cod', 'feast curiosity cod tuna', 'succumb abrasion curiosity tuna', 'feast love mutton wonderbread', 'overcome abrasion curiosity tuna', 'feast curiosity tuna turkey', 'succumb abrasion curiosity turkey', 'feast achievement cherry turkey', 'overcome abrasion achievement turkey', 'feast achievement turkey guava', 'feast achievement guava pepper', 'succumb abrasion achievement pepper']
[EVAL][PLAN SUMMARY] EASY       | pfile21.pddl | steps=6 | plan=['feast love flounder wurst', 'overcome sciatica love wurst', 'drink lemon wurst', 'feast love wurst snickers', 'feast love snickers apple', 'succumb sciatica love apple']
[EVAL][PLAN SUMMARY] EASY       | pfile22.pddl | steps=11 | plan=['overcome hangover understanding ham', 'feast understanding ham popover', 'feast understanding popover chicken', 'feast understanding chicken cherry', 'drink lamb cherry', 'feast understanding cherry hamburger', 'drink lamb guava', 'feast understanding hamburger scallop', 'feast understanding scallop cantelope', 'feast understanding cantelope lamb', 'succumb hangover understanding lamb']
[EVAL][PLAN SUMMARY] EASY       | pfile23.pddl | steps=15 | plan=['feast intoxication onion apple', 'overcome laceration intoxication apple', 'feast intoxication apple pistachio', 'succumb laceration intoxication pistachio', 'feast understanding cherry pistachio', 'overcome laceration understanding pistachio', 'feast understanding pistachio cherry', 'feast understanding cherry sweetroll', 'drink grapefruit sweetroll', 'feast understanding sweetroll okra', 'feast understanding okra lamb', 'feast understanding lamb hotdog', 'drink cherry hotdog', 'feast understanding hotdog chicken', 'succumb laceration understanding chicken']
[EVAL][PLAN SUMMARY] EASY       | pfile24.pddl | steps=10 | plan=['feast curiosity muffin apple', 'overcome anger-12 curiosity apple', 'feast satiety bacon lettuce', 'feast satiety lettuce cherry', 'drink wurst apple', 'feast curiosity apple muffin', 'feast curiosity muffin tofu', 'drink muffin tofu', 'feast curiosity tofu cherry', 'succumb anger-12 curiosity cherry']
[EVAL][PLAN SUMMARY] EASY       | pfile25.pddl | steps=4 | plan=['feast expectation tuna wurst', 'overcome depression expectation wurst', 'feast expectation wurst chicken', 'succumb depression expectation chicken']
[EVAL][PLAN SUMMARY] EASY       | pfile26.pddl | steps=8 | plan=['overcome boils entertainment haroset', 'feast entertainment haroset rice', 'feast entertainment rice endive', 'feast entertainment endive rice', 'feast entertainment rice pistachio', 'feast entertainment pistachio turkey', 'feast entertainment turkey papaya', 'succumb boils entertainment papaya']
[EVAL][PLAN SUMMARY] EASY       | pfile27.pddl | steps=5 | plan=['overcome grief satisfaction scallion', 'overcome boils satisfaction scallion', 'feast satisfaction scallion guava', 'succumb boils satisfaction guava', 'succumb grief satisfaction guava']
[EVAL][PLAN SUMMARY] EASY       | pfile28.pddl | steps=7 | plan=['feast intoxication wurst muffin', 'overcome anger intoxication muffin', 'feast intoxication muffin broccoli', 'overcome boils intoxication broccoli', 'feast intoxication broccoli lamb', 'succumb boils intoxication lamb', 'succumb anger intoxication lamb']

[EVAL] OVERALL success=0.850
spec:  
=== SpawnExploreSpec ===

  [ CORE ]
    domain_type                              : numeric
    pddls                                    : ('../problems/numeric/mprime/domain.pddl', '../problems/numeric/mprime/instances/pfile01.pddl')
    difficulty                               : Easy
    trainer_seed                             : 1972442430
    slot_id                                  : 0
    num_slots                                : 20

  [ PLANNER / TEACHER ]
    teacher_planner                          : enhsp
    teacher_timeout_s                        : 1
    use_teacher_envelope                     : False
    enhsp_config                             : hmrp-ha-gbfs
    max_len                                  : 10000

  [ HEURISTICS ]
    ssipp_dg_heuristic                       : None
    fd_heuristic                             : astar-hadd
    ssipp_teacher_heuristic                  : lm-cut
    use_lm_cuts                              : False
    use_numeric_landmarks                    : False
    use_contributions                        : False

  [ MCTS & EXPLORATION ]
    mcts_iterations                          : 70
    mcts_expansion_k                         : 20
    mcts_exploration_weight                  : 0.1
    mcts_progressive_widening                : True
    mcts_pw_min_width                        : 3
    mcts_pw_c                                : 0.6
    mcts_pw_alpha                            : 0.5
    mcts_root_visit_tie_break                : action_id
    mcts_her_strategy                        : False
    sample_k_additional_states               : 0

  [ ESTIMATOR & DECAY ]
    estimator_h_to_v_coeff                   : 1.0
    use_estimator                            : 0.5
    estimator_decay_coeff_start              : 1.0
    estimator_decay_coeff_end                : 0.2
    estimator_decay_epochs                   : 0

  [ ACTION POLICY ]
    action_policy                            : argmax
    action_policy_epsilon                    : 0.0
    action_policy_temperature                : None
    action_policy_decay_rate                 : None
    action_policy_duplicate_penalty          : 0.0

  [ MISC / TRAINING ]
    use_fluents                              : True
    use_comps                                : False
    fixed_instance_pddl                      : False
    original_training_set                    : False
    freeze_train_steps                       : 50
    freeze_batch_size                        : 32

  [ OTHER ]
    use_act_history                          : True
    only_one_good_action                     : False
    heuristic_bootstrapping                  : False
    goal_path_reconstruction                 : None
    ENHSP_plan_bootstrap                     : True
    est_plan_z                               : False
    timeout                                  : 86400
    puct_debug                               : False
    action_debug                             : False
    use_estimator_decay                      : False
    action_policy_goal_chase_distance_threshold : -1
    evaluation_mode                          : True
    evaluation_index                         : 1
    mcts_enforce_remaining_horizon           : False
    mcts_terminal_safe_action_selection      : False
    mcts_context_diagnostics                 : False
    mcts_contextual_nodes                    : False
    mcts_context_witness_limit               : 128

Inference success rate: 0.85, took: 25626.384647130966s
Importing architecture from experiments_numeric.architecture_2.mprime_mcts
Importing problem from experiments_numeric.domain.mprime
Resuming from checkpoint "/home/hersco/bershco-nu-asnets/numeric-asnets/asnets/experiment-results/experiments_numeric.domain.mprime_validation_ipc_scale_v1-experiments_numeric.architecture_2.mprime-2026-08-27T10:22:03.307645/P[domain,pfile01,pfile02,pfile04,pfile05]-S[0.003,50,enhsp-hmrp-ha-gbfs]-MO[]-T[518400]-04915056-72aea46/snapshots/snapshot_5_0.750"
Using experiment dir "/home/hersco/bershco-nu-asnets/numeric-asnets/asnets/experiment-results/experiments_numeric.domain.mprime_validation_ipc_scale_v1-experiments_numeric.architecture_2.mprime-2026-08-27T10:22:03.307645"






Testing network
Running command line "/home/hersco/bershco-nu-asnets/numeric-asnets/venv-asnets/bin/python3 -u -m asnets.scripts.run_asnets --no-train --minimal-file-saves --resume-from /home/hersco/bershco-nu-asnets/numeric-asnets/asnets/experiment-results/experiments_numeric.domain.mprime_validation_ipc_scale_v1-experiments_numeric.architecture_2.mprime-2026-08-27T10:22:03.307645/P[domain,pfile01,pfile02,pfile04,pfile05]-S[0.003,50,enhsp-hmrp-ha-gbfs]-MO[]-T[518400]-04915056-72aea46/snapshots/snapshot_5_0.750 -e /home/hersco/bershco-nu-asnets/numeric-asnets/asnets/experiment-results/experiments_numeric.domain.mprime_validation_ipc_scale_v1-experiments_numeric.architecture_2.mprime-2026-08-27T10:22:03.307645 --jpddl-max-heap 4g --eval-with-mcts --eval-scheduling rolling --eval-instance-timeout 21600.0 --eval-completion-file /home/hersco/training_new_domains/2026-09-13/mprime_phase_b_a_stage1_pw70/off/1972442430/full/completion/mprime-s1-phase-b-a-off-1972442430-e0005-pw70-k3.jsonl --det-eval --no-use-lm-cuts --use-act-history --no-use-teacher-envelope --max-opt-epochs 1000 --teacher-timeout-s 1 --use-fluents --enhsp-config hmrp-ha-gbfs --limit-train-obs-size 1200 --exploration-algorithm mcts --rollouts 2 --min-explored 10 --max-explored 1000 --exploration-learning-ratio 10 --max-replay-size 150000 --action-policy argmax --action-policy-epsilon 0.0 --domain-type numeric --num-layers 2 --hidden-size 15 --l2-reg 0.005 --l1-reg 0.0 --mse 0.5 -R 1 -L 10000 -t 518400 --supervised-lr 0.003 --supervised-bs 50 --supervised-early-stop 20 --save-every 1 --opt-batch-per-epoch 60 --teacher-planner enhsp --sup-objective MCTS_VISIT_DIST -L 10000 --seed 1972442430 --mcts-expansion-size 20 --mcts-heuristic hadd-gbfs --mcts-exploration-weight 0.1 --mcts-progressive-widening --mcts-pw-min-width 3 --mcts-pw-c 0.6 --mcts-pw-alpha 0.5 --disable-value-head --num-workers 3 --mcts-iterations 70 --use-estimator 0.5 ../problems/numeric/mprime/domain.pddl ../problems/numeric/mprime/instances/pfile01.pddl ../problems/numeric/mprime/instances/pfile02.pddl ../problems/numeric/mprime/instances/pfile04.pddl ../problems/numeric/mprime/instances/pfile05.pddl ../problems/numeric/mprime/instances/pfile09.pddl ../problems/numeric/mprime/instances/pfile13.pddl ../problems/numeric/mprime/instances/pfile14.pddl ../problems/numeric/mprime/instances/pfile15.pddl ../problems/numeric/mprime/instances/pfile16.pddl ../problems/numeric/mprime/instances/pfile18.pddl ../problems/numeric/mprime/instances/pfile19.pddl ../problems/numeric/mprime/instances/pfile20.pddl ../problems/numeric/mprime/instances/pfile21.pddl ../problems/numeric/mprime/instances/pfile22.pddl ../problems/numeric/mprime/instances/pfile23.pddl ../problems/numeric/mprime/instances/pfile24.pddl ../problems/numeric/mprime/instances/pfile25.pddl ../problems/numeric/mprime/instances/pfile26.pddl ../problems/numeric/mprime/instances/pfile27.pddl ../problems/numeric/mprime/instances/pfile28.pddl --validation-pddls-easy ../problems/numeric/mprime/valid_easy/pfile0.pddl ../problems/numeric/mprime/valid_easy/pfile1.pddl ../problems/numeric/mprime/valid_easy/pfile2.pddl ../problems/numeric/mprime/valid_easy/pfile3.pddl ../problems/numeric/mprime/valid_easy/pfile4.pddl ../problems/numeric/mprime/valid_easy/pfile5.pddl ../problems/numeric/mprime/valid_easy/pfile6.pddl ../problems/numeric/mprime/valid_easy/pfile7.pddl ../problems/numeric/mprime/valid_easy/pfile8.pddl ../problems/numeric/mprime/valid_easy/pfile9.pddl --validation-pddls-medium ../problems/numeric/mprime/valid_medium/pfile0.pddl ../problems/numeric/mprime/valid_medium/pfile1.pddl ../problems/numeric/mprime/valid_medium/pfile2.pddl ../problems/numeric/mprime/valid_medium/pfile3.pddl ../problems/numeric/mprime/valid_medium/pfile4.pddl ../problems/numeric/mprime/valid_medium/pfile5.pddl ../problems/numeric/mprime/valid_medium/pfile6.pddl ../problems/numeric/mprime/valid_medium/pfile7.pddl ../problems/numeric/mprime/valid_medium/pfile8.pddl ../problems/numeric/mprime/valid_medium/pfile9.pddl --validation-pddls-hard ../problems/numeric/mprime/valid_hard/pfile0.pddl ../problems/numeric/mprime/valid_hard/pfile1.pddl ../problems/numeric/mprime/valid_hard/pfile2.pddl ../problems/numeric/mprime/valid_hard/pfile3.pddl ../problems/numeric/mprime/valid_hard/pfile4.pddl ../problems/numeric/mprime/valid_hard/pfile5.pddl ../problems/numeric/mprime/valid_hard/pfile6.pddl ../problems/numeric/mprime/valid_hard/pfile7.pddl ../problems/numeric/mprime/valid_hard/pfile8.pddl ../problems/numeric/mprime/valid_hard/pfile9.pddl"
Will write results to /home/hersco/bershco-nu-asnets/numeric-asnets/asnets/experiment-results/experiments_numeric.domain.mprime_validation_ipc_scale_v1-experiments_numeric.architecture_2.mprime-2026-08-27T10:22:03.307645/runs/99f1409858acca84fd16f692cb4c4cfe
Force-killing a process
Process exited with code -15: tee /home/hersco/bershco-nu-asnets/numeric-asnets/asnets/experiment-results/experiments_numeric.domain.mprime_validation_ipc_scale_v1-experiments_numeric.architecture_2.mprime-2026-08-27T10:22:03.307645/runs/99f1409858acca84fd16f692cb4c4cfe/stdout
Force-killing a process
Process exited with code -15: tee /home/hersco/bershco-nu-asnets/numeric-asnets/asnets/experiment-results/experiments_numeric.domain.mprime_validation_ipc_scale_v1-experiments_numeric.architecture_2.mprime-2026-08-27T10:22:03.307645/runs/99f1409858acca84fd16f692cb4c4cfe/stderr
Fin :-)
[VAL] Starting validation guardrail
[VAL] Log       : /home/hersco/training_new_domains/2026-09-13/mprime_phase_b_a_stage1_pw70/off/1972442430/full/attempts/21260330_r0.txt
[VAL] Domain    : mprime
[VAL] Validator : /home/hersco/tools/VAL/build/bin/Validate
[VAL] Domain module : /home/hersco/bershco-nu-asnets/numeric-asnets-mprime-pw-9fe4f9e6/asnets/experiments_numeric/domain/mprime.py
[VAL] PDDL dir      : /home/hersco/bershco-nu-asnets/numeric-asnets-mprime-pw-9fe4f9e6/problems/numeric/mprime
[VAL] COMMON_PDDLS  : /home/hersco/bershco-nu-asnets/numeric-asnets-mprime-pw-9fe4f9e6/problems/numeric/mprime/domain.pddl
[VAL] Evaluator successes : 17
[VAL] Evaluator total     : 20
[VAL] Plan records found  : 17
[VAL] Unique instances    : 17
[VAL] OK   pfile01.pddl (1 candidate plan(s))
[VAL] OK   pfile04.pddl (1 candidate plan(s))
[VAL] OK   pfile02.pddl (1 candidate plan(s))
[VAL] OK   pfile09.pddl (1 candidate plan(s))
[VAL] OK   pfile05.pddl (1 candidate plan(s))
[VAL] OK   pfile15.pddl (1 candidate plan(s))
[VAL] OK   pfile16.pddl (1 candidate plan(s))
[VAL] OK   pfile19.pddl (1 candidate plan(s))
[VAL] OK   pfile20.pddl (1 candidate plan(s))
[VAL] OK   pfile21.pddl (1 candidate plan(s))
[VAL] OK   pfile23.pddl (1 candidate plan(s))
[VAL] OK   pfile24.pddl (1 candidate plan(s))
[VAL] OK   pfile25.pddl (1 candidate plan(s))
[VAL] OK   pfile26.pddl (1 candidate plan(s))
[VAL] OK   pfile27.pddl (1 candidate plan(s))
[VAL] OK   pfile28.pddl (1 candidate plan(s))
[VAL] OK   pfile22.pddl (1 candidate plan(s))
[VAL] Summary CSV        : /home/hersco/training_new_domains/2026-09-13/mprime_phase_b_a_stage1_pw70/off/1972442430/full/validation/21260330_r0.val.csv

[VAL] ===== VALIDATION SUMMARY =====
[VAL] Evaluator successes : 17
[VAL] Printed plan records: 17
[VAL] Printed instances   : 17
[VAL] VAL-valid plans     : 17
[VAL] VAL-invalid plans   : 0
[VAL] =================================
[VAL] Retry-aware partial validation successful: all unique printed successful instances pass VAL
