------------------------------------
Mon 14 Sep 2026 18:13:00 IDT
SLURM_JOBID:		21264782
SLURM_JOB_NODELIST:	ise-cpu256-18
SLURM_SCRATCH_DIR:	/scratch/hersco/21264782
Allocated Resouces:	cpu - 6 / mem - 122880 MB / gpu - 
SLURM_GPU_INDEX:	
Running as hersco from shperbsh account with normal QOS
------------------------------------
[MPRIME S1 PBA PW70] identity=mprime-s1-phase-b-a-on-1239739722-e0020-pw70-k3 vh=on seed=1239739722 epoch=20 smoke=no
[MPRIME S1 PBA PW70] width=20 simulations=70 Kmin=3 c=.6 alpha=.5 puct=.1 estimator=.5 terminal_safe=false
[MPRIME S1 PBA PW70] checkpoint=/home/hersco/bershco-nu-asnets/numeric-asnets/asnets/experiment-results/experiments_numeric.domain.mprime_validation_ipc_scale_v1-experiments_numeric.architecture_2.mprime-2026-08-27T10:22:09.631660/P[domain,pfile01,pfile02,pfile04,pfile05]-S[0.003,50,enhsp-hmrp-ha-gbfs]-MO[]-T[518400]-04915056-7d9a779/snapshots/snapshot_20_0.750 commit=9fe4f9e695ed290cc370dd5c5b877c276578525c
2026-09-14 18:14:03.507750: E tensorflow/compiler/xla/stream_executor/cuda/cuda_dnn.cc:9342] Unable to register cuDNN factory: Attempting to register factory for plugin cuDNN when one has already been registered
2026-09-14 18:14:03.507819: E tensorflow/compiler/xla/stream_executor/cuda/cuda_fft.cc:609] Unable to register cuFFT factory: Attempting to register factory for plugin cuFFT when one has already been registered
2026-09-14 18:14:03.507860: E tensorflow/compiler/xla/stream_executor/cuda/cuda_blas.cc:1518] Unable to register cuBLAS factory: Attempting to register factory for plugin cuBLAS when one has already been registered
2026-09-14 18:14:03.516307: I tensorflow/core/platform/cpu_feature_guard.cc:182] This TensorFlow binary is optimized to use available CPU instructions in performance-critical operations.
To enable the following instructions: AVX2 FMA, in other operations, rebuild TensorFlow with the appropriate compiler flags.
[JPDDL] Maximum heap per worker: 4g
[2026-09-14 18:14:07,382] [INFO] [run_asnets.py:1491] Arguments are: Namespace(problems=None, domain_type=numeric, opt_patience=10, max_opt_epochs=1000, supervised_lr=0.003, lr_steps=[], supervised_bs=50, ssipp_teacher_heuristic='lm-cut', fd_teacher_heuristic='astar-hadd', enhsp_config='hmrp-ha-gbfs', supervised_early_stop=20, save_every=1, seed=1239739722, optimizer_opts={}, resume_from='/home/hersco/bershco-nu-asnets/numeric-asnets/asnets/experiment-results/experiments_numeric.domain.mprime_validation_ipc_scale_v1-experiments_numeric.architecture_2.mprime-2026-08-27T10:22:09.631660/P[domain,pfile01,pfile02,pfile04,pfile05]-S[0.003,50,enhsp-hmrp-ha-gbfs]-MO[]-T[518400]-04915056-7d9a779/snapshots/snapshot_20_0.750', timeout=518400.0, model_opts={}, skip=True, num_layers=2, hidden_size=15, dropout=0.0, sup_objective=<SupervisedObjective.MCTS_VISIT_DIST: 3>, use_teacher_envelope=False, det_eval=True, ssipp_dg_heuristic=None, minimal_file_saves=True, use_lm_cuts=False, use_numeric_landmarks=False, use_contributions=False, use_act_history=True, save_training_set=None, use_saved_training_set=None, rounds_eval=1, limit_turns=10000, expt_dir='/home/hersco/bershco-nu-asnets/numeric-asnets/asnets/experiment-results/experiments_numeric.domain.mprime_validation_ipc_scale_v1-experiments_numeric.architecture_2.mprime-2026-08-27T10:22:09.631660', dK='dk', no_train=True, l1_reg=0.0, l2_reg=0.005, l1_l2_reg=0.0, mse=0.5, policy_anchor_kl_coeff=0.0, policy_anchor_kl_mode='constant', policy_anchor_kl_target=None, teacher_planner='enhsp', opt_batch_per_epoch=60, exploration_algorithm='mcts', eval_with_mcts=True, eval_mcts_enforce_remaining_horizon=False, eval_mcts_terminal_safe_action_selection=False, eval_mcts_root_visit_tie_break='action_id', eval_mcts_context_diagnostics=False, eval_mcts_contextual_nodes=False, eval_mcts_context_witness_limit=128, eval_start_wave=1, eval_scheduling='rolling', skip_instance_numbers=(), eval_instance_timeout=21600.0, eval_completion_file='/home/hersco/training_new_domains/2026-09-13/mprime_phase_b_a_stage1_pw70/on/1239739722/full/completion/mprime-s1-phase-b-a-on-1239739722-e0020-pw70-k3.jsonl', jpddl_max_heap='4g', action_debug=False, puct_debug=False, rollouts=2, min_explored=10, max_explored=1000, exploration_learning_ratio=10.0, max_replay_size=150000, teacher_timeout_s=1, plan_file_name='plan_sas', limit_train_obs_size='1200', use_fluents=True, use_comparisons=False, pddls=['../problems/numeric/mprime/domain.pddl', '../problems/numeric/mprime/instances/pfile01.pddl', '../problems/numeric/mprime/instances/pfile02.pddl', '../problems/numeric/mprime/instances/pfile04.pddl', '../problems/numeric/mprime/instances/pfile05.pddl', '../problems/numeric/mprime/instances/pfile09.pddl', '../problems/numeric/mprime/instances/pfile13.pddl', '../problems/numeric/mprime/instances/pfile14.pddl', '../problems/numeric/mprime/instances/pfile15.pddl', '../problems/numeric/mprime/instances/pfile16.pddl', '../problems/numeric/mprime/instances/pfile18.pddl', '../problems/numeric/mprime/instances/pfile19.pddl', '../problems/numeric/mprime/instances/pfile20.pddl', '../problems/numeric/mprime/instances/pfile21.pddl', '../problems/numeric/mprime/instances/pfile22.pddl', '../problems/numeric/mprime/instances/pfile23.pddl', '../problems/numeric/mprime/instances/pfile24.pddl', '../problems/numeric/mprime/instances/pfile25.pddl', '../problems/numeric/mprime/instances/pfile26.pddl', '../problems/numeric/mprime/instances/pfile27.pddl', '../problems/numeric/mprime/instances/pfile28.pddl'], mcts_rollout_horizon=3, graceful_timeout=86400, mcts_expansion_size=20, no_eval=False, mcts_heuristic='hadd-gbfs', minimization=False, mcts_exploration_weight=0.1, mcts_progressive_widening=True, mcts_pw_min_width=3, mcts_pw_c=0.6, mcts_pw_alpha=0.5, disable_value_head=False, mcts_iterations=70, heuristic_bootstrapping=False, mcts_her_strategy=False, num_workers=3, slurm_job_id=0, worker_logs=False, corrupt_pi=None, corrupt_z=None, fixed_instance=False, original_training_set=False, sample_k_additional_states=0, profile_dir=None, profile_sample_epochs=(0, 5, 25, 100), profile_sample_every=200, freeze_train=False, goal_path_reconstruction=None, action_policy='argmax', action_policy_goal_chase_distance_threshold=None, action_policy_epsilon=0.0, action_policy_temperature=None, action_policy_decay_rate=None, action_policy_duplicate_penalty=0.0, estimator_h_to_v_coeff=1.0, use_estimator_decay=False, use_estimator=0.5, estimator_decay_epochs=None, estimator_decay_coeff_start=1.0, estimator_decay_coeff_end=0.2, validation_pddls_easy=['../problems/numeric/mprime/valid_easy/pfile0.pddl', '../problems/numeric/mprime/valid_easy/pfile1.pddl', '../problems/numeric/mprime/valid_easy/pfile2.pddl', '../problems/numeric/mprime/valid_easy/pfile3.pddl', '../problems/numeric/mprime/valid_easy/pfile4.pddl', '../problems/numeric/mprime/valid_easy/pfile5.pddl', '../problems/numeric/mprime/valid_easy/pfile6.pddl', '../problems/numeric/mprime/valid_easy/pfile7.pddl', '../problems/numeric/mprime/valid_easy/pfile8.pddl', '../problems/numeric/mprime/valid_easy/pfile9.pddl'], validation_pddls_medium=['../problems/numeric/mprime/valid_medium/pfile0.pddl', '../problems/numeric/mprime/valid_medium/pfile1.pddl', '../problems/numeric/mprime/valid_medium/pfile2.pddl', '../problems/numeric/mprime/valid_medium/pfile3.pddl', '../problems/numeric/mprime/valid_medium/pfile4.pddl', '../problems/numeric/mprime/valid_medium/pfile5.pddl', '../problems/numeric/mprime/valid_medium/pfile6.pddl', '../problems/numeric/mprime/valid_medium/pfile7.pddl', '../problems/numeric/mprime/valid_medium/pfile8.pddl', '../problems/numeric/mprime/valid_medium/pfile9.pddl'], validation_pddls_hard=['../problems/numeric/mprime/valid_hard/pfile0.pddl', '../problems/numeric/mprime/valid_hard/pfile1.pddl', '../problems/numeric/mprime/valid_hard/pfile2.pddl', '../problems/numeric/mprime/valid_hard/pfile3.pddl', '../problems/numeric/mprime/valid_hard/pfile4.pddl', '../problems/numeric/mprime/valid_hard/pfile5.pddl', '../problems/numeric/mprime/valid_hard/pfile6.pddl', '../problems/numeric/mprime/valid_hard/pfile7.pddl', '../problems/numeric/mprime/valid_hard/pfile8.pddl', '../problems/numeric/mprime/valid_hard/pfile9.pddl'], validation_on_test_instances=False)
[3668357] Setting C/Python/Numpy/TF seeds to 1239739722
Unique prefix: P[domain,pfile01,pfile02,pfile04,pfile05,pfile09,...]-S[0.003,50,enhsp-hmrp-ha-gbfs]-MO[]-T[518400]-04941448-7d9a779
Snapshot directory: /home/hersco/bershco-nu-asnets/numeric-asnets/asnets/experiment-results/experiments_numeric.domain.mprime_validation_ipc_scale_v1-experiments_numeric.architecture_2.mprime-2026-08-27T10:22:09.631660/P[domain,pfile01,pfile02,pfile04,pfile05,pfile09,...]-S[0.003,50,enhsp-hmrp-ha-gbfs]-MO[]-T[518400]-04941448-7d9a779/snapshots
Training supervised on random instances (SPAWN, NO RPyC)
Instances: ['../problems/numeric/mprime/domain.pddl', '../problems/numeric/mprime/instances/pfile01.pddl', '../problems/numeric/mprime/instances/pfile02.pddl', '../problems/numeric/mprime/instances/pfile04.pddl', '../problems/numeric/mprime/instances/pfile05.pddl', '../problems/numeric/mprime/instances/pfile09.pddl', '../problems/numeric/mprime/instances/pfile13.pddl', '../problems/numeric/mprime/instances/pfile14.pddl', '../problems/numeric/mprime/instances/pfile15.pddl', '../problems/numeric/mprime/instances/pfile16.pddl', '../problems/numeric/mprime/instances/pfile18.pddl', '../problems/numeric/mprime/instances/pfile19.pddl', '../problems/numeric/mprime/instances/pfile20.pddl', '../problems/numeric/mprime/instances/pfile21.pddl', '../problems/numeric/mprime/instances/pfile22.pddl', '../problems/numeric/mprime/instances/pfile23.pddl', '../problems/numeric/mprime/instances/pfile24.pddl', '../problems/numeric/mprime/instances/pfile25.pddl', '../problems/numeric/mprime/instances/pfile26.pddl', '../problems/numeric/mprime/instances/pfile27.pddl', '../problems/numeric/mprime/instances/pfile28.pddl']
Starting to parse mdpsim problem: mprime-x-1
mdpsim:../problems/numeric/mprime/domain.pddl:3: assuming `:typing' requirement
mdpsim:../problems/numeric/mprime/domain.pddl:15: assuming `:fluents' requirement
Finished parsing mdpsim problem: mprime-x-1
[WM] Successfully loaded previous weight manager from /home/hersco/bershco-nu-asnets/numeric-asnets/asnets/experiment-results/experiments_numeric.domain.mprime_validation_ipc_scale_v1-experiments_numeric.architecture_2.mprime-2026-08-27T10:22:09.631660/P[domain,pfile01,pfile02,pfile04,pfile05]-S[0.003,50,enhsp-hmrp-ha-gbfs]-MO[]-T[518400]-04915056-7d9a779/snapshots/snapshot_20_0.750/weights.joblib
[WM LOAD CHECK] mean/std/norm= 0.03950294107198715 0.16978824138641357 1.509682059288025
[WM LOAD VERIFY] W0 saved mean/std/norm=(0.03950294107198715, 0.16978824138641357, 1.509682059288025)
[2026-09-14 18:14:10,329] [INFO] [run_asnets.py:967] Tensorboard summary path: /home/hersco/bershco-nu-asnets/numeric-asnets/asnets/experiment-results/experiments_numeric.domain.mprime_validation_ipc_scale_v1-experiments_numeric.architecture_2.mprime-2026-08-27T10:22:09.631660/P[domain,pfile01,pfile02,pfile04,pfile05,pfile09,...]-S[0.003,50,enhsp-hmrp-ha-gbfs]-MO[]-T[518400]-04941448-7d9a779/tensorboard
[EVAL INSTANCES] stable ordered test-set positions:
[EVAL INSTANCES] 1: ../problems/numeric/mprime/instances/pfile01.pddl
[EVAL INSTANCES] 2: ../problems/numeric/mprime/instances/pfile02.pddl
[EVAL INSTANCES] 3: ../problems/numeric/mprime/instances/pfile04.pddl
[EVAL INSTANCES] 4: ../problems/numeric/mprime/instances/pfile05.pddl
[EVAL INSTANCES] 5: ../problems/numeric/mprime/instances/pfile09.pddl
[EVAL INSTANCES] 6: ../problems/numeric/mprime/instances/pfile13.pddl
[EVAL INSTANCES] 7: ../problems/numeric/mprime/instances/pfile14.pddl
[EVAL INSTANCES] 8: ../problems/numeric/mprime/instances/pfile15.pddl
[EVAL INSTANCES] 9: ../problems/numeric/mprime/instances/pfile16.pddl
[EVAL INSTANCES] 10: ../problems/numeric/mprime/instances/pfile18.pddl
[EVAL INSTANCES] 11: ../problems/numeric/mprime/instances/pfile19.pddl
[EVAL INSTANCES] 12: ../problems/numeric/mprime/instances/pfile20.pddl
[EVAL INSTANCES] 13: ../problems/numeric/mprime/instances/pfile21.pddl
[EVAL INSTANCES] 14: ../problems/numeric/mprime/instances/pfile22.pddl
[EVAL INSTANCES] 15: ../problems/numeric/mprime/instances/pfile23.pddl
[EVAL INSTANCES] 16: ../problems/numeric/mprime/instances/pfile24.pddl
[EVAL INSTANCES] 17: ../problems/numeric/mprime/instances/pfile25.pddl
[EVAL INSTANCES] 18: ../problems/numeric/mprime/instances/pfile26.pddl
[EVAL INSTANCES] 19: ../problems/numeric/mprime/instances/pfile27.pddl
[EVAL INSTANCES] 20: ../problems/numeric/mprime/instances/pfile28.pddl
[EVAL RESUME] starting wave 1; worker_count=3; instance_offset=0; total_instances=20
[EVAL RESUME] selected instance numbers: [1, 2, 3, 4, 5, 6, 7, 8, 9, 10, 11, 12, 13, 14, 15, 16, 17, 18, 19, 20]
[EVAL] worker_fn=run_worker_eval_mcts
[EVAL] worker_fn=run_worker_eval_mcts
2026-09-14 18:14:10.604605: E tensorflow/compiler/xla/stream_executor/cuda/cuda_dnn.cc:9342] Unable to register cuDNN factory: Attempting to register factory for plugin cuDNN when one has already been registered
2026-09-14 18:14:10.604696: E tensorflow/compiler/xla/stream_executor/cuda/cuda_fft.cc:609] Unable to register cuFFT factory: Attempting to register factory for plugin cuFFT when one has already been registered
2026-09-14 18:14:10.604740: E tensorflow/compiler/xla/stream_executor/cuda/cuda_blas.cc:1518] Unable to register cuBLAS factory: Attempting to register factory for plugin cuBLAS when one has already been registered
[EVAL INSTANCE] started number=1 path=../problems/numeric/mprime/instances/pfile01.pddl pid=3668447
[EVAL INSTANCE] started number=2 path=../problems/numeric/mprime/instances/pfile02.pddl pid=3668448
[EVAL INSTANCE] started number=3 path=../problems/numeric/mprime/instances/pfile04.pddl pid=3668449
mdpsim:mdpsim:../problems/numeric/mprime/domain.pddl:../problems/numeric/mprime/domain.pddl:33: : assuming `:typing' requirementassuming `:typing' requirement

mdpsim:mdpsim:../problems/numeric/mprime/domain.pddlmdpsim::../problems/numeric/mprime/domain.pddl../problems/numeric/mprime/domain.pddl15::: 15assuming `:fluents' requirement: 
assuming `:fluents' requirement3
: assuming `:typing' requirement
mdpsim:../problems/numeric/mprime/domain.pddl:15: assuming `:fluents' requirement
[EVAL|Easy|3668447] Setting C/Python/Numpy/TF seeds to 1239739722
Starting [EVAL|Easy|3668447] on instance [0] ../problems/numeric/mprime/instances/pfile01.pddl
Starting to parse mdpsim problem: mprime-x-1
Finished parsing mdpsim problem: mprime-x-1
[EVAL|Easy|3668447] ACTION POLICY INITIALIZED
[EVAL|Easy|3668447] policy_class = ArgmaxGoalChasePathDuplicatePenaltyPolicy
[EVAL|Easy|3668447] distance_threshold = inf
[EVAL|Easy|3668447] duplicate_penalty = 0.0
[EVAL|Easy|3668447] root_visit_tie_break = action_id
[2026-09-14 18:14:24,365] [INFO] [enhspwrapper.py:84] Created temporary domain file: /tmp/domain_heuristic_8lff_05v.pddl
[2026-09-14 18:14:24,365] [INFO] [enhspwrapper.py:93] Created temporary instance file: /tmp/instance_heuristic_erkkk2of.pddl
[2026-09-14 18:14:24,795] [INFO] [enhspwrapper.py:51] Starting the heuristic server with config: hmrp-ha-gbfs
[EVAL|Easy|3668449] Setting C/Python/Numpy/TF seeds to 1239739724
Starting [EVAL|Easy|3668449] on instance [2] ../problems/numeric/mprime/instances/pfile04.pddl
Starting to parse mdpsim problem: mprime-x-4
Finished parsing mdpsim problem: mprime-x-4
[EVAL|Easy|3668449] ACTION POLICY INITIALIZED
[EVAL|Easy|3668449] policy_class = ArgmaxGoalChasePathDuplicatePenaltyPolicy
[EVAL|Easy|3668449] distance_threshold = inf
[EVAL|Easy|3668449] duplicate_penalty = 0.0
[EVAL|Easy|3668449] root_visit_tie_break = action_id
[2026-09-14 18:14:27,389] [INFO] [enhspwrapper.py:84] Created temporary domain file: /tmp/domain_heuristic_a8w4mliu.pddl
[2026-09-14 18:14:27,390] [INFO] [enhspwrapper.py:93] Created temporary instance file: /tmp/instance_heuristic_x38ht75g.pddl
[2026-09-14 18:14:27,780] [INFO] [enhspwrapper.py:51] Starting the heuristic server with config: hmrp-ha-gbfs
[MCTS SEARCH SUMMARY] progressive_widening=True iterations_per_search=70 search_calls=5 nodes=519 peak_nodes=519 widening_events=326
[MCTS WIDTH SUMMARY] final_widths=(count=519 min=0 mean=1.56 median=0 p90=3 p95=4 max=10) root_widths=(count=5 min=4 mean=7.60 median=8 p90=10 p95=10 max=10) widen_event_widths=(count=326 min=3 mean=3.55 median=3 p90=5 p95=6 max=10) admitted_policy_ranks=(count=812 min=1 mean=1.90 median=2 p90=3 p95=3 max=3)
[MCTS DISTRIBUTION] final_width_counts=(0=276,3=204,4=17,5=14,6=3,7=1,8=1,9=1,10=2) node_visit_bins=(0=245,1=33,2=12,3-4=15,5-8=35,9-16=44,17-32=74,33-64=34,65-128=21,129+=6) selection_depth_bins=(0=9,1=8,2=10,3-4=25,5-8=50,9-16=82,17-32=94,33-64=72)
[MCTS WIDTH BY DEPTH] depth=0 count=349 min=3 mean=6.91 median=7 p90=10 p95=10 max=10
[MCTS WIDTH COUNTS BY DEPTH] depth=0 counts=(3=45,4=26,5=30,6=41,7=42,8=53,9=60,10=52)
[MCTS WIDTH BY DEPTH] depth=1 count=340 min=3 mean=6.84 median=7 p90=10 p95=10 max=10
[MCTS WIDTH COUNTS BY DEPTH] depth=1 counts=(3=44,4=27,5=30,6=41,7=41,8=53,9=60,10=44)
[MCTS WIDTH BY DEPTH] depth=2 count=331 min=3 mean=5.64 median=5 p90=8 p95=9 max=9
[MCTS WIDTH COUNTS BY DEPTH] depth=2 counts=(3=65,4=52,5=51,6=41,7=41,8=53,9=28)
[MCTS WIDTH BY DEPTH] depth=3-4 count=623 min=3 mean=4.09 median=3 p90=6 p95=7 max=8
[MCTS WIDTH COUNTS BY DEPTH] depth=3-4 counts=(3=315,4=113,5=76,6=71,7=41,8=7)
[MCTS WIDTH BY DEPTH] depth=5-9 count=1317 min=3 mean=3.34 median=3 p90=4 p95=5 max=6
[MCTS WIDTH COUNTS BY DEPTH] depth=5-9 counts=(3=1031,4=158,5=97,6=31)
[MCTS WIDTH BY DEPTH] depth=10-19 count=1811 min=3 mean=3.15 median=3 p90=4 p95=4 max=5
[MCTS WIDTH COUNTS BY DEPTH] depth=10-19 counts=(3=1607,4=143,5=61)
[MCTS WIDTH BY DEPTH] depth=20-49 count=1939 min=3 mean=3.17 median=3 p90=4 p95=4 max=5
[MCTS WIDTH COUNTS BY DEPTH] depth=20-49 counts=(3=1661,4=234,5=44)
[MCTS WIDTH BY DEPTH] depth=50-99 count=63 min=3 mean=3.00 median=3 p90=3 p95=3 max=3
[MCTS WIDTH COUNTS BY DEPTH] depth=50-99 counts=(3=63)
[MCTS DEPTH SUMMARY] selection_depths=(count=350 min=0 mean=19.05 median=15 p90=41 p95=47 max=61) horizon_cutoffs=(count=0)
[MCTS ACTION SUMMARY] selected_raw_policy_ranks=(count=5 min=1 mean=1.00 median=1 p90=1 p95=1 max=1) known_goal_decisions=0 infeasible_known_goal_decisions=0
[MCTS TIME SUMMARY] selection=0.233433s expansion=10.018492s successor_generation=1.017772s network_inference=8.905611s evaluation=1.069706s backpropagation=0.041384s
[2026-09-14 18:14:32,157] [INFO] [enhspwrapper.py:224] Deleted temp file: /tmp/domain_heuristic_8lff_05v.pddl
[2026-09-14 18:14:32,158] [INFO] [enhspwrapper.py:224] Deleted temp file: /tmp/instance_heuristic_erkkk2of.pddl
[2026-09-14 18:14:32,158] [WARNING] [enhspwrapper.py:226] Failed to delete temp file /tmp/domain_heuristic_8lff_05v.pddl: [Errno 2] No such file or directory: '/tmp/domain_heuristic_8lff_05v.pddl'
[2026-09-14 18:14:32,158] [WARNING] [enhspwrapper.py:226] Failed to delete temp file /tmp/instance_heuristic_erkkk2of.pddl: [Errno 2] No such file or directory: '/tmp/instance_heuristic_erkkk2of.pddl'
[EVAL INSTANCE] completed number=1 path=../problems/numeric/mprime/instances/pfile01.pddl status=success elapsed=19.32s success=1.0 steps=5
[EVAL][PLAN] EASY       | pfile01.pddl | steps=5 | plan=['overcome abrasion rest pork', 'feast rest pork lamb', 'feast rest lamb flounder', 'feast rest flounder rice', 'succumb abrasion rest rice']
[EVAL INSTANCE] started number=4 path=../problems/numeric/mprime/instances/pfile05.pddl pid=3668641
mdpsim:../problems/numeric/mprime/domain.pddl:3: assuming `:typing' requirement
mdpsim:../problems/numeric/mprime/domain.pddl:15: assuming `:fluents' requirement
[MCTS SEARCH SUMMARY] progressive_widening=True iterations_per_search=70 search_calls=9 nodes=929 peak_nodes=929 widening_events=507
[MCTS WIDTH SUMMARY] final_widths=(count=929 min=0 mean=1.32 median=0 p90=3 p95=4 max=14) root_widths=(count=9 min=4 mean=9.78 median=10 p90=14 p95=14 max=14) widen_event_widths=(count=507 min=3 mean=3.90 median=3 p90=6 p95=9 max=14) admitted_policy_ranks=(count=1223 min=1 mean=1.88 median=2 p90=3 p95=3 max=3)
[MCTS DISTRIBUTION] final_width_counts=(0=571,3=296,4=37,5=10,6=4,7=2,8=2,9=1,10=1,11=1,12=1,13=1,14=2) node_visit_bins=(0=492,1=81,2=10,3-4=19,5-8=58,9-16=56,17-32=75,33-64=110,65-128=16,129+=12) selection_depth_bins=(0=13,1=12,2=13,3-4=34,5-8=73,9-16=156,17-32=234,33-64=95)
[MCTS WIDTH BY DEPTH] depth=0 count=629 min=3 mean=9.24 median=10 p90=13 p95=13 max=14
[MCTS WIDTH COUNTS BY DEPTH] depth=0 counts=(3=45,4=26,5=30,6=41,7=42,8=53,9=60,10=67,11=72,12=80,13=86,14=27)
[MCTS WIDTH BY DEPTH] depth=1 count=616 min=3 mean=9.15 median=10 p90=13 p95=13 max=14
[MCTS WIDTH COUNTS BY DEPTH] depth=1 counts=(3=44,4=27,5=30,6=41,7=41,8=53,9=60,10=67,11=72,12=80,13=86,14=15)
[MCTS WIDTH BY DEPTH] depth=2 count=603 min=3 mean=8.25 median=8 p90=12 p95=12 max=13
[MCTS WIDTH COUNTS BY DEPTH] depth=2 counts=(3=64,4=38,5=30,6=41,7=41,8=89,9=60,10=67,11=72,12=80,13=21)
[MCTS WIDTH BY DEPTH] depth=3-4 count=1157 min=3 mean=6.62 median=7 p90=10 p95=11 max=12
[MCTS WIDTH COUNTS BY DEPTH] depth=3-4 counts=(3=305,4=64,5=60,6=128,7=128,8=104,9=120,10=134,11=91,12=23)
[MCTS WIDTH BY DEPTH] depth=5-9 count=2554 min=3 mean=4.02 median=3 p90=7 p95=8 max=10
[MCTS WIDTH COUNTS BY DEPTH] depth=5-9 counts=(3=1642,4=220,5=221,6=187,7=118,8=94,9=60,10=12)
[MCTS WIDTH BY DEPTH] depth=10-19 count=3616 min=3 mean=3.09 median=3 p90=3 p95=4 max=5
[MCTS WIDTH COUNTS BY DEPTH] depth=10-19 counts=(3=3324,4=258,5=34)
[MCTS WIDTH BY DEPTH] depth=20-49 count=3057 min=3 mean=3.19 median=3 p90=4 p95=4 max=6
[MCTS WIDTH COUNTS BY DEPTH] depth=20-49 counts=(3=2621,4=299,5=120,6=17)
[MCTS DEPTH SUMMARY] selection_depths=(count=630 min=0 mean=18.98 median=17 p90=37 p95=39 max=44) horizon_cutoffs=(count=0)
[MCTS ACTION SUMMARY] selected_raw_policy_ranks=(count=9 min=1 mean=1.00 median=1 p90=1 p95=1 max=1) known_goal_decisions=0 infeasible_known_goal_decisions=0
[MCTS TIME SUMMARY] selection=0.423905s expansion=17.415473s successor_generation=3.436200s network_inference=13.776589s evaluation=1.680389s backpropagation=0.067227s
[2026-09-14 18:14:41,474] [INFO] [enhspwrapper.py:224] Deleted temp file: /tmp/domain_heuristic_a8w4mliu.pddl
[2026-09-14 18:14:41,474] [INFO] [enhspwrapper.py:224] Deleted temp file: /tmp/instance_heuristic_x38ht75g.pddl
[2026-09-14 18:14:41,475] [WARNING] [enhspwrapper.py:226] Failed to delete temp file /tmp/domain_heuristic_a8w4mliu.pddl: [Errno 2] No such file or directory: '/tmp/domain_heuristic_a8w4mliu.pddl'
[2026-09-14 18:14:41,475] [WARNING] [enhspwrapper.py:226] Failed to delete temp file /tmp/instance_heuristic_x38ht75g.pddl: [Errno 2] No such file or directory: '/tmp/instance_heuristic_x38ht75g.pddl'
[EVAL INSTANCE] completed number=3 path=../problems/numeric/mprime/instances/pfile04.pddl status=success elapsed=28.58s success=1.0 steps=9
[EVAL][PLAN] EASY       | pfile04.pddl | steps=9 | plan=['feast aesthetics shrimp cherry', 'feast aesthetics cherry arugula', 'feast aesthetics arugula wurst', 'drink bacon wurst', 'feast aesthetics wurst grapefruit', 'overcome sciatica aesthetics grapefruit', 'drink muffin grapefruit', 'feast aesthetics grapefruit wurst', 'succumb sciatica aesthetics wurst']
[EVAL INSTANCE] started number=5 path=../problems/numeric/mprime/instances/pfile09.pddl pid=3668717
mdpsim:../problems/numeric/mprime/domain.pddl:3: assuming `:typing' requirement
mdpsim:../problems/numeric/mprime/domain.pddl:15: assuming `:fluents' requirement
[EVAL|Easy|3668448] Setting C/Python/Numpy/TF seeds to 1239739723
Starting [EVAL|Easy|3668448] on instance [1] ../problems/numeric/mprime/instances/pfile02.pddl
Starting to parse mdpsim problem: mprime-x-2
Finished parsing mdpsim problem: mprime-x-2
[EVAL|Easy|3668448] ACTION POLICY INITIALIZED
[EVAL|Easy|3668448] policy_class = ArgmaxGoalChasePathDuplicatePenaltyPolicy
[EVAL|Easy|3668448] distance_threshold = inf
[EVAL|Easy|3668448] duplicate_penalty = 0.0
[EVAL|Easy|3668448] root_visit_tie_break = action_id
[2026-09-14 18:14:45,898] [INFO] [enhspwrapper.py:84] Created temporary domain file: /tmp/domain_heuristic_fwxo95m1.pddl
[2026-09-14 18:14:45,898] [INFO] [enhspwrapper.py:93] Created temporary instance file: /tmp/instance_heuristic_dyieymat.pddl
[2026-09-14 18:14:46,502] [INFO] [enhspwrapper.py:51] Starting the heuristic server with config: hmrp-ha-gbfs
[EVAL|Easy|3668641] Setting C/Python/Numpy/TF seeds to 1239739725
Starting [EVAL|Easy|3668641] on instance [3] ../problems/numeric/mprime/instances/pfile05.pddl
Starting to parse mdpsim problem: mprime-x-5
Finished parsing mdpsim problem: mprime-x-5
[EVAL|Easy|3668641] ACTION POLICY INITIALIZED
[EVAL|Easy|3668641] policy_class = ArgmaxGoalChasePathDuplicatePenaltyPolicy
[EVAL|Easy|3668641] distance_threshold = inf
[EVAL|Easy|3668641] duplicate_penalty = 0.0
[EVAL|Easy|3668641] root_visit_tie_break = action_id
[2026-09-14 18:15:01,434] [INFO] [enhspwrapper.py:84] Created temporary domain file: /tmp/domain_heuristic_4xvdyj_h.pddl
[2026-09-14 18:15:01,434] [INFO] [enhspwrapper.py:93] Created temporary instance file: /tmp/instance_heuristic_12jkv4tf.pddl
[2026-09-14 18:15:02,261] [INFO] [enhspwrapper.py:51] Starting the heuristic server with config: hmrp-ha-gbfs
[EVAL|Easy|3668717] Setting C/Python/Numpy/TF seeds to 1239739726
Starting [EVAL|Easy|3668717] on instance [4] ../problems/numeric/mprime/instances/pfile09.pddl
Starting to parse mdpsim problem: mprime-x-9
Finished parsing mdpsim problem: mprime-x-9
[EVAL|Easy|3668717] ACTION POLICY INITIALIZED
[EVAL|Easy|3668717] policy_class = ArgmaxGoalChasePathDuplicatePenaltyPolicy
[EVAL|Easy|3668717] distance_threshold = inf
[EVAL|Easy|3668717] duplicate_penalty = 0.0
[EVAL|Easy|3668717] root_visit_tie_break = action_id
[2026-09-14 18:15:06,965] [INFO] [enhspwrapper.py:84] Created temporary domain file: /tmp/domain_heuristic_nuph2x17.pddl
[2026-09-14 18:15:06,965] [INFO] [enhspwrapper.py:93] Created temporary instance file: /tmp/instance_heuristic_1fbpv6ki.pddl
[2026-09-14 18:15:07,560] [INFO] [enhspwrapper.py:51] Starting the heuristic server with config: hmrp-ha-gbfs
[MCTS SEARCH SUMMARY] progressive_widening=True iterations_per_search=70 search_calls=8 nodes=896 peak_nodes=896 widening_events=488
[MCTS WIDTH SUMMARY] final_widths=(count=896 min=0 mean=1.32 median=0 p90=3 p95=4 max=13) root_widths=(count=8 min=4 mean=9.25 median=9 p90=13 p95=13 max=13) widen_event_widths=(count=488 min=3 mean=3.83 median=3 p90=6 p95=8 max=13) admitted_policy_ranks=(count=1184 min=1 mean=1.88 median=2 p90=3 p95=3 max=3)
[MCTS DISTRIBUTION] final_width_counts=(0=548,3=300,4=14,5=14,6=10,7=2,8=2,9=1,10=1,11=1,12=1,13=2) node_visit_bins=(0=490,1=63,2=5,3-4=30,5-8=60,9-16=84,17-32=92,33-64=32,65-128=30,129+=10) selection_depth_bins=(0=12,1=12,2=13,3-4=32,5-8=83,9-16=129,17-32=217,33-64=62)
[MCTS WIDTH BY DEPTH] depth=0 count=559 min=3 mean=8.70 median=9 p90=12 p95=13 max=13
[MCTS WIDTH COUNTS BY DEPTH] depth=0 counts=(3=45,4=26,5=30,6=41,7=42,8=53,9=60,10=67,11=72,12=92,13=31)
[MCTS WIDTH BY DEPTH] depth=1 count=546 min=3 mean=8.45 median=9 p90=12 p95=13 max=13
[MCTS WIDTH COUNTS BY DEPTH] depth=1 counts=(3=55,4=27,5=30,6=41,7=41,8=53,9=60,10=67,11=72,12=68,13=32)
[MCTS WIDTH BY DEPTH] depth=2 count=535 min=3 mean=7.85 median=8 p90=11 p95=12 max=12
[MCTS WIDTH COUNTS BY DEPTH] depth=2 counts=(3=44,4=27,5=38,6=47,7=82,8=66,9=60,10=67,11=71,12=33)
[MCTS WIDTH BY DEPTH] depth=3-4 count=1026 min=3 mean=6.26 median=6 p90=10 p95=10 max=11
[MCTS WIDTH COUNTS BY DEPTH] depth=3-4 counts=(3=168,4=119,5=153,6=142,7=108,8=101,9=120,10=87,11=28)
[MCTS WIDTH BY DEPTH] depth=5-9 count=2184 min=3 mean=3.79 median=3 p90=6 p95=7 max=9
[MCTS WIDTH COUNTS BY DEPTH] depth=5-9 counts=(3=1430,4=268,5=202,6=153,7=77,8=47,9=7)
[MCTS WIDTH BY DEPTH] depth=10-19 count=3075 min=3 mean=3.27 median=3 p90=4 p95=5 max=6
[MCTS WIDTH COUNTS BY DEPTH] depth=10-19 counts=(3=2513,4=337,5=187,6=38)
[MCTS WIDTH BY DEPTH] depth=20-49 count=2347 min=3 mean=3.26 median=3 p90=4 p95=5 max=6
[MCTS WIDTH COUNTS BY DEPTH] depth=20-49 counts=(3=1913,4=262,5=159,6=13)
[MCTS DEPTH SUMMARY] selection_depths=(count=560 min=0 mean=17.96 median=16 p90=33 p95=37 max=49) horizon_cutoffs=(count=0)
[MCTS ACTION SUMMARY] selected_raw_policy_ranks=(count=8 min=1 mean=1.00 median=1 p90=1 p95=1 max=1) known_goal_decisions=0 infeasible_known_goal_decisions=0
[MCTS TIME SUMMARY] selection=0.336502s expansion=41.720920s successor_generation=10.526966s network_inference=30.840809s evaluation=5.486911s backpropagation=0.054253s
[2026-09-14 18:15:18,669] [INFO] [enhspwrapper.py:224] Deleted temp file: /tmp/domain_heuristic_fwxo95m1.pddl
[2026-09-14 18:15:18,669] [INFO] [enhspwrapper.py:224] Deleted temp file: /tmp/instance_heuristic_dyieymat.pddl
[2026-09-14 18:15:18,669] [WARNING] [enhspwrapper.py:226] Failed to delete temp file /tmp/domain_heuristic_fwxo95m1.pddl: [Errno 2] No such file or directory: '/tmp/domain_heuristic_fwxo95m1.pddl'
[2026-09-14 18:15:18,669] [WARNING] [enhspwrapper.py:226] Failed to delete temp file /tmp/instance_heuristic_dyieymat.pddl: [Errno 2] No such file or directory: '/tmp/instance_heuristic_dyieymat.pddl'
[EVAL INSTANCE] completed number=2 path=../problems/numeric/mprime/instances/pfile02.pddl status=success elapsed=65.68s success=1.0 steps=8
[EVAL][PLAN] EASY       | pfile02.pddl | steps=8 | plan=['overcome grief-7 entertainment ham', 'feast satiety onion beef', 'feast entertainment ham muffin', 'overcome depression-1 entertainment muffin', 'feast entertainment muffin onion', 'feast entertainment onion beef', 'succumb grief-7 entertainment beef', 'succumb depression-1 entertainment beef']
[EVAL INSTANCE] started number=6 path=../problems/numeric/mprime/instances/pfile13.pddl pid=3669069
mdpsim:../problems/numeric/mprime/domain.pddl:3: assuming `:typing' requirement
mdpsim:../problems/numeric/mprime/domain.pddl:15: assuming `:fluents' requirement
[MCTS SEARCH SUMMARY] progressive_widening=True iterations_per_search=70 search_calls=11 nodes=636 peak_nodes=636 widening_events=562
[MCTS WIDTH SUMMARY] final_widths=(count=636 min=0 mean=1.97 median=3 p90=4 p95=5 max=15) root_widths=(count=11 min=4 mean=10.73 median=11 p90=15 p95=15 max=15) widen_event_widths=(count=562 min=2 mean=4.27 median=3 p90=7 p95=10 max=15) admitted_policy_ranks=(count=1256 min=1 mean=1.83 median=2 p90=3 p95=3 max=3)
[MCTS DISTRIBUTION] final_width_counts=(0=288,2=2,3=275,4=24,5=21,6=9,7=6,8=2,9=1,10=1,11=1,12=1,13=1,14=1,15=3) node_visit_bins=(0=192,1=98,2=3,3-4=6,5-8=33,9-16=68,17-32=113,33-64=70,65-128=34,129+=19) selection_depth_bins=(0=15,1=15,2=15,3-4=36,5-8=88,9-16=163,17-32=351,33-64=87)
[MCTS WIDTH BY DEPTH] depth=0 count=769 min=3 mean=10.17 median=11 p90=14 p95=15 max=15
[MCTS WIDTH COUNTS BY DEPTH] depth=0 counts=(3=45,4=26,5=30,6=41,7=42,8=53,9=60,10=69,11=73,12=80,13=86,14=103,15=61)
[MCTS WIDTH BY DEPTH] depth=1 count=752 min=3 mean=10.07 median=11 p90=14 p95=15 max=15
[MCTS WIDTH COUNTS BY DEPTH] depth=1 counts=(3=45,4=27,5=30,6=41,7=41,8=53,9=60,10=67,11=72,12=80,13=86,14=104,15=46)
[MCTS WIDTH BY DEPTH] depth=2 count=737 min=3 mean=9.00 median=10 p90=13 p95=14 max=14
[MCTS WIDTH COUNTS BY DEPTH] depth=2 counts=(3=81,4=37,5=50,6=41,7=41,8=53,9=60,10=67,11=72,12=80,13=98,14=57)
[MCTS WIDTH BY DEPTH] depth=3-4 count=1425 min=3 mean=7.50 median=8 p90=12 p95=12 max=13
[MCTS WIDTH COUNTS BY DEPTH] depth=3-4 counts=(3=286,4=129,5=104,6=90,7=87,8=101,9=120,10=134,11=144,12=160,13=70)
[MCTS WIDTH BY DEPTH] depth=5-9 count=3178 min=3 mean=5.03 median=4 p90=9 p95=10 max=11
[MCTS WIDTH COUNTS BY DEPTH] depth=5-9 counts=(3=1349,4=348,5=330,6=346,7=253,8=188,9=166,10=128,11=70)
[MCTS WIDTH BY DEPTH] depth=10-19 count=4725 min=2 mean=3.45 median=3 p90=5 p95=6 max=8
[MCTS WIDTH COUNTS BY DEPTH] depth=10-19 counts=(2=3,3=3562,4=552,5=356,6=172,7=74,8=6)
[MCTS WIDTH BY DEPTH] depth=20-49 count=3582 min=2 mean=3.22 median=3 p90=4 p95=5 max=7
[MCTS WIDTH COUNTS BY DEPTH] depth=20-49 counts=(2=6,3=3032,4=327,5=190,6=21,7=6)
[MCTS WIDTH BY DEPTH] depth=50-99 count=13 min=3 mean=3.00 median=3 p90=3 p95=3 max=3
[MCTS WIDTH COUNTS BY DEPTH] depth=50-99 counts=(3=13)
[MCTS DEPTH SUMMARY] selection_depths=(count=770 min=0 mean=19.17 median=19 p90=33 p95=35 max=52) horizon_cutoffs=(count=0)
[MCTS ACTION SUMMARY] selected_raw_policy_ranks=(count=11 min=1 mean=1.00 median=1 p90=1 p95=1 max=1) known_goal_decisions=0 infeasible_known_goal_decisions=0
[MCTS TIME SUMMARY] selection=0.534735s expansion=30.186154s successor_generation=7.142932s network_inference=22.771892s evaluation=6.100819s backpropagation=0.075604s
[2026-09-14 18:15:33,844] [INFO] [enhspwrapper.py:224] Deleted temp file: /tmp/domain_heuristic_nuph2x17.pddl
[2026-09-14 18:15:33,844] [INFO] [enhspwrapper.py:224] Deleted temp file: /tmp/instance_heuristic_1fbpv6ki.pddl
[2026-09-14 18:15:33,844] [WARNING] [enhspwrapper.py:226] Failed to delete temp file /tmp/domain_heuristic_nuph2x17.pddl: [Errno 2] No such file or directory: '/tmp/domain_heuristic_nuph2x17.pddl'
[2026-09-14 18:15:33,845] [WARNING] [enhspwrapper.py:226] Failed to delete temp file /tmp/instance_heuristic_1fbpv6ki.pddl: [Errno 2] No such file or directory: '/tmp/instance_heuristic_1fbpv6ki.pddl'
[EVAL INSTANCE] completed number=5 path=../problems/numeric/mprime/instances/pfile09.pddl status=success elapsed=52.40s success=1.0 steps=11
[EVAL][PLAN] EASY       | pfile09.pddl | steps=11 | plan=['overcome jealousy excitement guava', 'overcome sciatica entertainment flounder', 'feast excitement guava haroset', 'feast curiosity hotdog wurst', 'feast excitement haroset hamburger', 'drink guava hamburger', 'feast excitement hamburger flounder', 'feast excitement flounder wurst', 'succumb jealousy excitement wurst', 'feast entertainment flounder hamburger', 'succumb sciatica entertainment hamburger']
[EVAL INSTANCE] started number=7 path=../problems/numeric/mprime/instances/pfile14.pddl pid=3669166
mdpsim:../problems/numeric/mprime/domain.pddl:3: assuming `:typing' requirement
mdpsim:../problems/numeric/mprime/domain.pddl:15: assuming `:fluents' requirement
[MCTS SEARCH SUMMARY] progressive_widening=True iterations_per_search=70 search_calls=14 nodes=623 peak_nodes=623 widening_events=623
[MCTS WIDTH SUMMARY] final_widths=(count=623 min=0 mean=1.88 median=0 p90=4 p95=7 max=17) root_widths=(count=14 min=4 mean=11.93 median=12 p90=16 p95=17 max=17) widen_event_widths=(count=623 min=3 mean=5.46 median=4 p90=11 p95=13 max=17) admitted_policy_ranks=(count=1173 min=1 mean=1.70 median=1 p90=3 p95=3 max=3)
[MCTS DISTRIBUTION] final_width_counts=(0=348,3=201,4=18,5=12,6=7,7=11,8=1,9=3,10=3,11=6,12=2,13=3,14=1,15=3,16=2,17=2) node_visit_bins=(0=194,1=154,2=10,3-4=32,5-8=58,9-16=54,17-32=27,33-64=33,65-128=22,129+=39) selection_depth_bins=(0=17,1=16,2=17,3-4=36,5-8=93,9-16=231,17-32=453,33-64=117)
[MCTS WIDTH BY DEPTH] depth=0 count=979 min=3 mean=11.44 median=12 p90=16 p95=16 max=17
[MCTS WIDTH COUNTS BY DEPTH] depth=0 counts=(3=45,4=26,5=30,6=41,7=42,8=53,9=60,10=67,11=72,12=80,13=86,14=100,15=107,16=132,17=38)
[MCTS WIDTH BY DEPTH] depth=1 count=962 min=3 mean=11.31 median=12 p90=16 p95=16 max=17
[MCTS WIDTH COUNTS BY DEPTH] depth=1 counts=(3=45,4=27,5=30,6=41,7=41,8=53,9=60,10=67,11=72,12=80,13=86,14=105,15=124,16=108,17=23)
[MCTS WIDTH BY DEPTH] depth=2 count=945 min=3 mean=10.83 median=12 p90=15 p95=15 max=16
[MCTS WIDTH COUNTS BY DEPTH] depth=2 counts=(3=65,4=27,5=30,6=41,7=41,8=53,9=60,10=67,11=72,12=80,13=96,14=121,15=147,16=45)
[MCTS WIDTH BY DEPTH] depth=3-4 count=1836 min=3 mean=10.12 median=11 p90=14 p95=14 max=15
[MCTS WIDTH COUNTS BY DEPTH] depth=3-4 counts=(3=142,4=56,5=82,6=94,7=87,8=101,9=120,10=134,11=155,12=237,13=306,14=240,15=82)
[MCTS WIDTH BY DEPTH] depth=5-9 count=4207 min=3 mean=8.04 median=9 p90=12 p95=12 max=14
[MCTS WIDTH COUNTS BY DEPTH] depth=5-9 counts=(3=618,4=224,5=222,6=253,7=261,8=449,9=544,10=571,11=547,12=356,13=141,14=21)
[MCTS WIDTH BY DEPTH] depth=10-19 count=6239 min=3 mean=5.47 median=5 p90=9 p95=10 max=12
[MCTS WIDTH COUNTS BY DEPTH] depth=10-19 counts=(3=2169,4=698,5=624,6=702,7=615,8=480,9=421,10=306,11=215,12=9)
[MCTS WIDTH BY DEPTH] depth=20-49 count=3606 min=3 mean=3.83 median=3 p90=6 p95=6 max=9
[MCTS WIDTH COUNTS BY DEPTH] depth=20-49 counts=(3=2191,4=508,5=409,6=325,7=160,8=8,9=5)
[MCTS WIDTH BY DEPTH] depth=50-99 count=105 min=3 mean=3.77 median=3 p90=7 p95=7 max=7
[MCTS WIDTH COUNTS BY DEPTH] depth=50-99 counts=(3=74,4=5,5=14,7=12)
[MCTS DEPTH SUMMARY] selection_depths=(count=980 min=0 mean=18.54 median=18 p90=34 p95=38 max=58) horizon_cutoffs=(count=0)
[MCTS ACTION SUMMARY] selected_raw_policy_ranks=(count=14 min=1 mean=1.00 median=1 p90=1 p95=1 max=1) known_goal_decisions=0 infeasible_known_goal_decisions=0
[MCTS TIME SUMMARY] selection=0.759288s expansion=36.212236s successor_generation=8.566979s network_inference=27.292395s evaluation=9.862562s backpropagation=0.087388s
[2026-09-14 18:15:37,576] [INFO] [enhspwrapper.py:224] Deleted temp file: /tmp/domain_heuristic_4xvdyj_h.pddl
[2026-09-14 18:15:37,576] [INFO] [enhspwrapper.py:224] Deleted temp file: /tmp/instance_heuristic_12jkv4tf.pddl
[2026-09-14 18:15:37,576] [WARNING] [enhspwrapper.py:226] Failed to delete temp file /tmp/domain_heuristic_4xvdyj_h.pddl: [Errno 2] No such file or directory: '/tmp/domain_heuristic_4xvdyj_h.pddl'
[2026-09-14 18:15:37,576] [WARNING] [enhspwrapper.py:226] Failed to delete temp file /tmp/instance_heuristic_12jkv4tf.pddl: [Errno 2] No such file or directory: '/tmp/instance_heuristic_12jkv4tf.pddl'
[EVAL INSTANCE] completed number=4 path=../problems/numeric/mprime/instances/pfile05.pddl status=success elapsed=65.20s success=1.0 steps=14
[EVAL][PLAN] EASY       | pfile05.pddl | steps=14 | plan=['overcome grief satisfaction broccoli', 'drink turkey sweetroll', 'feast satisfaction broccoli chocolate', 'feast satisfaction chocolate shrimp', 'succumb grief satisfaction shrimp', 'feast lubricity sweetroll scallop', 'drink broccoli sweetroll', 'feast satisfaction shrimp sweetroll', 'feast satisfaction sweetroll scallop', 'drink broccoli scallop', 'overcome loneliness satisfaction scallop', 'feast satisfaction scallop cherry', 'feast satisfaction cherry shrimp', 'succumb loneliness satisfaction shrimp']
[EVAL INSTANCE] started number=8 path=../problems/numeric/mprime/instances/pfile15.pddl pid=3669215
mdpsim:../problems/numeric/mprime/domain.pddl:3: assuming `:typing' requirement
mdpsim:../problems/numeric/mprime/domain.pddl:15: assuming `:fluents' requirement
[EVAL|Easy|3669215] Setting C/Python/Numpy/TF seeds to 1239739729
Starting [EVAL|Easy|3669215] on instance [7] ../problems/numeric/mprime/instances/pfile15.pddl
Starting to parse mdpsim problem: mprime-x-15
Finished parsing mdpsim problem: mprime-x-15
[EVAL|Easy|3669215] ACTION POLICY INITIALIZED
[EVAL|Easy|3669215] policy_class = ArgmaxGoalChasePathDuplicatePenaltyPolicy
[EVAL|Easy|3669215] distance_threshold = inf
[EVAL|Easy|3669215] duplicate_penalty = 0.0
[EVAL|Easy|3669215] root_visit_tie_break = action_id
[2026-09-14 18:17:07,743] [INFO] [enhspwrapper.py:84] Created temporary domain file: /tmp/domain_heuristic_o8j306jw.pddl
[2026-09-14 18:17:07,744] [INFO] [enhspwrapper.py:93] Created temporary instance file: /tmp/instance_heuristic_pevgs0jx.pddl
[2026-09-14 18:17:09,308] [INFO] [enhspwrapper.py:51] Starting the heuristic server with config: hmrp-ha-gbfs
[EVAL|Easy|3669069] Setting C/Python/Numpy/TF seeds to 1239739727
Starting [EVAL|Easy|3669069] on instance [5] ../problems/numeric/mprime/instances/pfile13.pddl
Starting to parse mdpsim problem: mprime-x-13
Finished parsing mdpsim problem: mprime-x-13
[EVAL|Easy|3669069] ACTION POLICY INITIALIZED
[EVAL|Easy|3669069] policy_class = ArgmaxGoalChasePathDuplicatePenaltyPolicy
[EVAL|Easy|3669069] distance_threshold = inf
[EVAL|Easy|3669069] duplicate_penalty = 0.0
[EVAL|Easy|3669069] root_visit_tie_break = action_id
[2026-09-14 18:20:25,408] [INFO] [enhspwrapper.py:84] Created temporary domain file: /tmp/domain_heuristic_8l03o7ob.pddl
[2026-09-14 18:20:25,409] [INFO] [enhspwrapper.py:93] Created temporary instance file: /tmp/instance_heuristic_yc6ajcff.pddl
[2026-09-14 18:20:28,315] [INFO] [enhspwrapper.py:51] Starting the heuristic server with config: hmrp-ha-gbfs
[EVAL|Easy|3669166] Setting C/Python/Numpy/TF seeds to 1239739728
Starting [EVAL|Easy|3669166] on instance [6] ../problems/numeric/mprime/instances/pfile14.pddl
Starting to parse mdpsim problem: mprime-x-14
Finished parsing mdpsim problem: mprime-x-14
[EVAL|Easy|3669166] ACTION POLICY INITIALIZED
[EVAL|Easy|3669166] policy_class = ArgmaxGoalChasePathDuplicatePenaltyPolicy
[EVAL|Easy|3669166] distance_threshold = inf
[EVAL|Easy|3669166] duplicate_penalty = 0.0
[EVAL|Easy|3669166] root_visit_tie_break = action_id
[2026-09-14 18:22:16,845] [INFO] [enhspwrapper.py:84] Created temporary domain file: /tmp/domain_heuristic_225sa2ok.pddl
[2026-09-14 18:22:16,846] [INFO] [enhspwrapper.py:93] Created temporary instance file: /tmp/instance_heuristic_2ouxkx1y.pddl
[2026-09-14 18:22:19,871] [INFO] [enhspwrapper.py:51] Starting the heuristic server with config: hmrp-ha-gbfs
[MCTS SEARCH SUMMARY] progressive_widening=True iterations_per_search=70 search_calls=23 nodes=3988 peak_nodes=3988 widening_events=1610
[MCTS WIDTH SUMMARY] final_widths=(count=3988 min=0 mean=1.04 median=0 p90=3 p95=3 max=20) root_widths=(count=23 min=4 mean=13.91 median=15 p90=20 p95=20 max=20) widen_event_widths=(count=1610 min=3 mean=4.31 median=3 p90=9 p95=13 max=20) admitted_policy_ranks=(count=4140 min=1 mean=1.92 median=2 p90=3 p95=3 max=3)
[MCTS DISTRIBUTION] final_width_counts=(0=2723,3=1196,4=34,5=7,6=5,7=1,9=1,10=1,12=2,13=3,14=2,15=2,16=1,17=2,18=2,19=2,20=4) node_visit_bins=(0=2420,1=303,2=53,3-4=93,5-8=163,9-16=275,17-32=333,33-64=307,65-128=16,129+=25) selection_depth_bins=(0=26,1=25,2=31,3-4=52,5-8=128,9-16=311,17-32=555,33-64=425,65-128=57)
[MCTS WIDTH BY DEPTH] depth=0 count=1609 min=3 mean=13.40 median=14 p90=20 p95=20 max=20
[MCTS WIDTH COUNTS BY DEPTH] depth=0 counts=(3=58,4=57,5=62,6=71,7=46,8=48,9=61,10=23,11=116,12=84,13=93,14=92,15=113,16=106,17=132,18=135,19=143,20=169)
[MCTS WIDTH BY DEPTH] depth=1 count=1580 min=3 mean=13.24 median=14 p90=19 p95=20 max=20
[MCTS WIDTH COUNTS BY DEPTH] depth=1 counts=(3=129,4=42,5=33,6=37,7=48,8=46,9=16,10=110,11=75,12=87,13=86,14=92,15=113,16=125,17=117,18=132,19=148,20=144)
[MCTS WIDTH BY DEPTH] depth=2 count=1548 min=3 mean=12.85 median=14 p90=19 p95=19 max=20
[MCTS WIDTH COUNTS BY DEPTH] depth=2 counts=(3=141,4=25,5=35,6=37,7=19,8=43,9=97,10=68,11=73,12=80,13=86,14=173,15=102,16=119,17=127,18=135,19=143,20=45)
[MCTS WIDTH BY DEPTH] depth=3-4 count=3017 min=3 mean=11.62 median=13 p90=18 p95=18 max=19
[MCTS WIDTH COUNTS BY DEPTH] depth=3-4 counts=(3=419,4=53,5=74,6=86,7=119,8=123,9=120,10=134,11=144,12=188,13=270,14=207,15=214,16=229,17=248,18=270,19=119)
[MCTS WIDTH BY DEPTH] depth=5-9 count=7005 min=3 mean=9.11 median=10 p90=15 p95=16 max=18
[MCTS WIDTH COUNTS BY DEPTH] depth=5-9 counts=(3=1959,4=208,5=193,6=223,7=216,8=260,9=302,10=432,11=496,12=529,13=493,14=487,15=520,16=392,17=241,18=54)
[MCTS WIDTH BY DEPTH] depth=10-19 count=11103 min=3 mean=5.05 median=3 p90=10 p95=12 max=15
[MCTS WIDTH COUNTS BY DEPTH] depth=10-19 counts=(3=6692,4=541,5=436,6=470,7=485,8=513,9=525,10=429,11=356,12=309,13=221,14=118,15=8)
[MCTS WIDTH BY DEPTH] depth=20-49 count=13584 min=3 mean=3.03 median=3 p90=3 p95=3 max=6
[MCTS WIDTH COUNTS BY DEPTH] depth=20-49 counts=(3=13247,4=230,5=103,6=4)
[MCTS WIDTH BY DEPTH] depth=50-99 count=1779 min=3 mean=3.00 median=3 p90=3 p95=3 max=3
[MCTS WIDTH COUNTS BY DEPTH] depth=50-99 counts=(3=1779)
[MCTS DEPTH SUMMARY] selection_depths=(count=1610 min=0 mean=25.39 median=22 p90=49 p95=60 max=79) horizon_cutoffs=(count=0)
[MCTS ACTION SUMMARY] selected_raw_policy_ranks=(count=23 min=1 mean=1.35 median=1 p90=1 p95=4 max=6) known_goal_decisions=0 infeasible_known_goal_decisions=0
[MCTS TIME SUMMARY] selection=1.690356s expansion=823.092717s successor_generation=687.646206s network_inference=130.736619s evaluation=158.463929s backpropagation=0.290487s
[2026-09-14 18:32:50,583] [INFO] [enhspwrapper.py:224] Deleted temp file: /tmp/domain_heuristic_o8j306jw.pddl
[2026-09-14 18:32:50,583] [INFO] [enhspwrapper.py:224] Deleted temp file: /tmp/instance_heuristic_pevgs0jx.pddl
[2026-09-14 18:32:50,583] [WARNING] [enhspwrapper.py:226] Failed to delete temp file /tmp/domain_heuristic_o8j306jw.pddl: [Errno 2] No such file or directory: '/tmp/domain_heuristic_o8j306jw.pddl'
[2026-09-14 18:32:50,583] [WARNING] [enhspwrapper.py:226] Failed to delete temp file /tmp/instance_heuristic_pevgs0jx.pddl: [Errno 2] No such file or directory: '/tmp/instance_heuristic_pevgs0jx.pddl'
[EVAL INSTANCE] completed number=8 path=../problems/numeric/mprime/instances/pfile15.pddl status=success elapsed=1033.16s success=1.0 steps=23
[EVAL][PLAN] EASY       | pfile15.pddl | steps=23 | plan=['overcome jealousy satisfaction pistachio', 'feast empathy onion ham', 'feast understanding cod chicken', 'feast satisfaction pistachio broccoli', 'feast curiosity turkey cantelope', 'feast curiosity cantelope chicken', 'feast satisfaction broccoli lemon', 'feast satisfaction lemon haroset', 'feast satisfaction haroset lemon', 'feast satisfaction lemon haroset', 'feast satisfaction haroset lemon', 'feast satisfaction lemon haroset', 'feast satisfaction haroset lemon', 'overcome loneliness stimulation lobster', 'feast stimulation lobster cucumber', 'feast stimulation cucumber lobster', 'feast stimulation lobster ham', 'feast empathy ham lobster', 'feast understanding chicken cantelope', 'feast understanding cantelope chicken', 'feast satisfaction lemon cod', 'feast satisfaction cod chicken', 'succumb jealousy satisfaction chicken']
[EVAL INSTANCE] started number=9 path=../problems/numeric/mprime/instances/pfile16.pddl pid=3694308
mdpsim:../problems/numeric/mprime/domain.pddl:3: assuming `:typing' requirement
mdpsim:../problems/numeric/mprime/domain.pddl:15: assuming `:fluents' requirement
[EVAL|Easy|3694308] Setting C/Python/Numpy/TF seeds to 1239739730
Starting [EVAL|Easy|3694308] on instance [8] ../problems/numeric/mprime/instances/pfile16.pddl
Starting to parse mdpsim problem: mprime-x-16
Finished parsing mdpsim problem: mprime-x-16
[EVAL|Easy|3694308] ACTION POLICY INITIALIZED
[EVAL|Easy|3694308] policy_class = ArgmaxGoalChasePathDuplicatePenaltyPolicy
[EVAL|Easy|3694308] distance_threshold = inf
[EVAL|Easy|3694308] duplicate_penalty = 0.0
[EVAL|Easy|3694308] root_visit_tie_break = action_id
[2026-09-14 18:33:25,889] [INFO] [enhspwrapper.py:84] Created temporary domain file: /tmp/domain_heuristic_8kxezxyc.pddl
[2026-09-14 18:33:25,889] [INFO] [enhspwrapper.py:93] Created temporary instance file: /tmp/instance_heuristic_ks0_vvqz.pddl
[2026-09-14 18:33:26,462] [INFO] [enhspwrapper.py:51] Starting the heuristic server with config: hmrp-ha-gbfs
[MCTS SEARCH SUMMARY] progressive_widening=True iterations_per_search=70 search_calls=6 nodes=1069 peak_nodes=1069 widening_events=418
[MCTS WIDTH SUMMARY] final_widths=(count=1069 min=0 mean=1.08 median=0 p90=3 p95=3 max=11) root_widths=(count=6 min=4 mean=8.17 median=8 p90=11 p95=11 max=11) widen_event_widths=(count=418 min=3 mean=3.39 median=3 p90=4 p95=6 max=11) admitted_policy_ranks=(count=1158 min=1 mean=1.96 median=2 p90=3 p95=3 max=3)
[MCTS DISTRIBUTION] final_width_counts=(0=699,3=358,4=3,5=2,6=1,7=1,8=1,9=1,10=1,11=2) node_visit_bins=(0=658,1=43,2=16,3-4=24,5-8=42,9-16=93,17-32=142,33-64=41,65-128=3,129+=7) selection_depth_bins=(0=10,1=9,2=9,3-4=21,5-8=57,9-16=101,17-32=146,33-64=67)
[MCTS WIDTH BY DEPTH] depth=0 count=419 min=3 mean=7.56 median=8 p90=11 p95=11 max=11
[MCTS WIDTH COUNTS BY DEPTH] depth=0 counts=(3=45,4=26,5=30,6=41,7=42,8=53,9=60,10=67,11=55)
[MCTS WIDTH BY DEPTH] depth=1 count=409 min=3 mean=7.49 median=8 p90=11 p95=11 max=11
[MCTS WIDTH COUNTS BY DEPTH] depth=1 counts=(3=44,4=27,5=30,6=41,7=41,8=53,9=60,10=67,11=46)
[MCTS WIDTH BY DEPTH] depth=2 count=399 min=3 mean=6.35 median=6 p90=9 p95=10 max=10
[MCTS WIDTH COUNTS BY DEPTH] depth=2 counts=(3=83,4=27,5=30,6=69,7=41,8=53,9=60,10=36)
[MCTS WIDTH BY DEPTH] depth=3-4 count=766 min=3 mean=4.59 median=4 p90=7 p95=8 max=9
[MCTS WIDTH COUNTS BY DEPTH] depth=3-4 counts=(3=379,4=58,5=82,6=90,7=82,8=54,9=21)
[MCTS WIDTH BY DEPTH] depth=5-9 count=1648 min=3 mean=3.17 median=3 p90=4 p95=4 max=6
[MCTS WIDTH COUNTS BY DEPTH] depth=5-9 counts=(3=1455,4=116,5=60,6=17)
[MCTS WIDTH BY DEPTH] depth=10-19 count=2322 min=3 mean=3.00 median=3 p90=3 p95=3 max=3
[MCTS WIDTH COUNTS BY DEPTH] depth=10-19 counts=(3=2322)
[MCTS WIDTH BY DEPTH] depth=20-49 count=1819 min=3 mean=3.00 median=3 p90=3 p95=3 max=3
[MCTS WIDTH COUNTS BY DEPTH] depth=20-49 counts=(3=1819)
[MCTS DEPTH SUMMARY] selection_depths=(count=420 min=0 mean=18.41 median=17 p90=36 p95=38 max=45) horizon_cutoffs=(count=0)
[MCTS ACTION SUMMARY] selected_raw_policy_ranks=(count=6 min=1 mean=1.00 median=1 p90=1 p95=1 max=1) known_goal_decisions=0 infeasible_known_goal_decisions=0
[MCTS TIME SUMMARY] selection=0.240872s expansion=57.942443s successor_generation=19.736035s network_inference=37.748199s evaluation=4.185385s backpropagation=0.053231s
[2026-09-14 18:34:13,396] [INFO] [enhspwrapper.py:224] Deleted temp file: /tmp/domain_heuristic_8kxezxyc.pddl
[2026-09-14 18:34:13,396] [INFO] [enhspwrapper.py:224] Deleted temp file: /tmp/instance_heuristic_ks0_vvqz.pddl
[2026-09-14 18:34:13,396] [WARNING] [enhspwrapper.py:226] Failed to delete temp file /tmp/domain_heuristic_8kxezxyc.pddl: [Errno 2] No such file or directory: '/tmp/domain_heuristic_8kxezxyc.pddl'
[2026-09-14 18:34:13,396] [WARNING] [enhspwrapper.py:226] Failed to delete temp file /tmp/instance_heuristic_ks0_vvqz.pddl: [Errno 2] No such file or directory: '/tmp/instance_heuristic_ks0_vvqz.pddl'
[EVAL INSTANCE] completed number=9 path=../problems/numeric/mprime/instances/pfile16.pddl status=success elapsed=82.41s success=1.0 steps=6
[EVAL][PLAN] EASY       | pfile16.pddl | steps=6 | plan=['overcome abrasion learning baguette', 'overcome sciatica learning baguette', 'drink wonderbread baguette', 'feast learning baguette rice', 'succumb abrasion learning rice', 'succumb sciatica learning rice']
[EVAL INSTANCE] started number=10 path=../problems/numeric/mprime/instances/pfile18.pddl pid=3695266
mdpsim:../problems/numeric/mprime/domain.pddl:3: assuming `:typing' requirement
mdpsim:../problems/numeric/mprime/domain.pddl:15: assuming `:fluents' requirement
[EVAL|Easy|3695266] Setting C/Python/Numpy/TF seeds to 1239739731
Starting [EVAL|Easy|3695266] on instance [9] ../problems/numeric/mprime/instances/pfile18.pddl
Starting to parse mdpsim problem: mprime-x-18
Finished parsing mdpsim problem: mprime-x-18
[EVAL|Easy|3695266] ACTION POLICY INITIALIZED
[EVAL|Easy|3695266] policy_class = ArgmaxGoalChasePathDuplicatePenaltyPolicy
[EVAL|Easy|3695266] distance_threshold = inf
[EVAL|Easy|3695266] duplicate_penalty = 0.0
[EVAL|Easy|3695266] root_visit_tie_break = action_id
[2026-09-14 18:35:17,015] [INFO] [enhspwrapper.py:84] Created temporary domain file: /tmp/domain_heuristic_uj705ye1.pddl
[2026-09-14 18:35:17,015] [INFO] [enhspwrapper.py:93] Created temporary instance file: /tmp/instance_heuristic_s4tzgb_a.pddl
[2026-09-14 18:35:18,591] [INFO] [enhspwrapper.py:51] Starting the heuristic server with config: hmrp-ha-gbfs
[EVAL INSTANCE] timeout number=6 path=../problems/numeric/mprime/instances/pfile13.pddl limit=21600.0s
[EVAL INSTANCE] started number=11 path=../problems/numeric/mprime/instances/pfile19.pddl pid=3948829
mdpsim:../problems/numeric/mprime/domain.pddl:3: assuming `:typing' requirement
mdpsim:../problems/numeric/mprime/domain.pddl:15: assuming `:fluents' requirement
[EVAL INSTANCE] timeout number=7 path=../problems/numeric/mprime/instances/pfile14.pddl limit=21600.0s
[EVAL INSTANCE] started number=12 path=../problems/numeric/mprime/instances/pfile20.pddl pid=3949108
mdpsim:../problems/numeric/mprime/domain.pddl:3: assuming `:typing' requirement
mdpsim:../problems/numeric/mprime/domain.pddl:15: assuming `:fluents' requirement
[EVAL|Easy|3949108] Setting C/Python/Numpy/TF seeds to 1239739733
Starting [EVAL|Easy|3949108] on instance [11] ../problems/numeric/mprime/instances/pfile20.pddl
Starting to parse mdpsim problem: mprime-x-20
Finished parsing mdpsim problem: mprime-x-20
[EVAL|Easy|3949108] ACTION POLICY INITIALIZED
[EVAL|Easy|3949108] policy_class = ArgmaxGoalChasePathDuplicatePenaltyPolicy
[EVAL|Easy|3949108] distance_threshold = inf
[EVAL|Easy|3949108] duplicate_penalty = 0.0
[EVAL|Easy|3949108] root_visit_tie_break = action_id
[2026-09-15 00:16:16,176] [INFO] [enhspwrapper.py:84] Created temporary domain file: /tmp/domain_heuristic_nmp6wwes.pddl
[2026-09-15 00:16:16,177] [INFO] [enhspwrapper.py:93] Created temporary instance file: /tmp/instance_heuristic_nwiquylu.pddl
[2026-09-15 00:16:17,043] [INFO] [enhspwrapper.py:51] Starting the heuristic server with config: hmrp-ha-gbfs
[EVAL|Easy|3948829] Setting C/Python/Numpy/TF seeds to 1239739732
Starting [EVAL|Easy|3948829] on instance [10] ../problems/numeric/mprime/instances/pfile19.pddl
Starting to parse mdpsim problem: mprime-x-19
Finished parsing mdpsim problem: mprime-x-19
[EVAL|Easy|3948829] ACTION POLICY INITIALIZED
[EVAL|Easy|3948829] policy_class = ArgmaxGoalChasePathDuplicatePenaltyPolicy
[EVAL|Easy|3948829] distance_threshold = inf
[EVAL|Easy|3948829] duplicate_penalty = 0.0
[EVAL|Easy|3948829] root_visit_tie_break = action_id
[2026-09-15 00:16:23,701] [INFO] [enhspwrapper.py:84] Created temporary domain file: /tmp/domain_heuristic_e8v5ksck.pddl
[2026-09-15 00:16:23,701] [INFO] [enhspwrapper.py:93] Created temporary instance file: /tmp/instance_heuristic_f585_cu2.pddl
[2026-09-15 00:16:24,885] [INFO] [enhspwrapper.py:51] Starting the heuristic server with config: hmrp-ha-gbfs
[MCTS SEARCH SUMMARY] progressive_widening=True iterations_per_search=70 search_calls=11 nodes=1543 peak_nodes=1543 widening_events=770
[MCTS WIDTH SUMMARY] final_widths=(count=1543 min=0 mean=1.12 median=0 p90=3 p95=3 max=14) root_widths=(count=11 min=4 mean=9.82 median=10 p90=14 p95=14 max=14) widen_event_widths=(count=770 min=3 mean=4.42 median=3 p90=8 p95=10 max=14) admitted_policy_ranks=(count=1732 min=1 mean=1.83 median=2 p90=3 p95=3 max=3)
[MCTS DISTRIBUTION] final_width_counts=(0=1062,3=405,4=26,5=13,6=8,7=5,8=4,9=4,10=3,11=1,12=3,13=6,14=3) node_visit_bins=(0=826,1=243,2=47,3-4=71,5-8=75,9-16=63,17-32=86,33-64=78,65-128=22,129+=32) selection_depth_bins=(0=16,1=16,2=17,3-4=34,5-8=65,9-16=167,17-32=273,33-64=153,65-128=29)
[MCTS WIDTH BY DEPTH] depth=0 count=769 min=3 mean=9.14 median=10 p90=14 p95=14 max=14
[MCTS WIDTH COUNTS BY DEPTH] depth=0 counts=(3=45,4=37,5=60,6=86,7=42,8=53,9=60,10=67,11=72,12=80,13=89,14=78)
[MCTS WIDTH BY DEPTH] depth=1 count=753 min=3 mean=8.83 median=9 p90=13 p95=13 max=14
[MCTS WIDTH COUNTS BY DEPTH] depth=1 counts=(3=79,4=56,5=43,6=41,7=51,8=50,9=60,10=67,11=72,12=80,13=145,14=9)
[MCTS WIDTH BY DEPTH] depth=2 count=735 min=3 mean=8.60 median=9 p90=12 p95=13 max=13
[MCTS WIDTH COUNTS BY DEPTH] depth=2 counts=(3=91,4=54,5=37,6=41,7=46,8=47,9=60,10=67,11=72,12=158,13=62)
[MCTS WIDTH BY DEPTH] depth=3-4 count=1419 min=3 mean=8.30 median=9 p90=12 p95=12 max=13
[MCTS WIDTH COUNTS BY DEPTH] depth=3-4 counts=(3=190,4=102,5=62,6=82,7=92,8=102,9=115,10=204,11=231,12=182,13=57)
[MCTS WIDTH BY DEPTH] depth=5-9 count=3257 min=3 mean=7.36 median=8 p90=11 p95=12 max=13
[MCTS WIDTH COUNTS BY DEPTH] depth=5-9 counts=(3=565,4=281,5=226,6=237,7=269,8=322,9=369,10=350,11=348,12=277,13=13)
[MCTS WIDTH BY DEPTH] depth=10-19 count=4976 min=3 mean=4.92 median=4 p90=8 p95=9 max=10
[MCTS WIDTH COUNTS BY DEPTH] depth=10-19 counts=(3=2163,4=520,5=460,6=485,7=537,8=436,9=287,10=88)
[MCTS WIDTH BY DEPTH] depth=20-49 count=5452 min=3 mean=3.43 median=3 p90=5 p95=6 max=7
[MCTS WIDTH COUNTS BY DEPTH] depth=20-49 counts=(3=4246,4=482,5=390,6=270,7=64)
[MCTS WIDTH BY DEPTH] depth=50-99 count=958 min=3 mean=3.00 median=3 p90=3 p95=3 max=3
[MCTS WIDTH COUNTS BY DEPTH] depth=50-99 counts=(3=958)
[MCTS DEPTH SUMMARY] selection_depths=(count=770 min=0 mean=23.42 median=20 p90=49 p95=60 max=83) horizon_cutoffs=(count=0)
[MCTS ACTION SUMMARY] selected_raw_policy_ranks=(count=11 min=1 mean=1.36 median=1 p90=1 p95=5 max=5) known_goal_decisions=0 infeasible_known_goal_decisions=0
[MCTS TIME SUMMARY] selection=0.663240s expansion=79.969394s successor_generation=32.962035s network_inference=46.093117s evaluation=41.928961s backpropagation=0.103991s
[2026-09-15 00:18:00,336] [INFO] [enhspwrapper.py:224] Deleted temp file: /tmp/domain_heuristic_nmp6wwes.pddl
[2026-09-15 00:18:00,337] [INFO] [enhspwrapper.py:224] Deleted temp file: /tmp/instance_heuristic_nwiquylu.pddl
[2026-09-15 00:18:00,337] [WARNING] [enhspwrapper.py:226] Failed to delete temp file /tmp/domain_heuristic_nmp6wwes.pddl: [Errno 2] No such file or directory: '/tmp/domain_heuristic_nmp6wwes.pddl'
[2026-09-15 00:18:00,337] [WARNING] [enhspwrapper.py:226] Failed to delete temp file /tmp/instance_heuristic_nwiquylu.pddl: [Errno 2] No such file or directory: '/tmp/instance_heuristic_nwiquylu.pddl'
[EVAL INSTANCE] completed number=12 path=../problems/numeric/mprime/instances/pfile20.pddl status=success elapsed=145.77s success=1.0 steps=11
[EVAL][PLAN] EASY       | pfile20.pddl | steps=11 | plan=['overcome abrasion intoxication wonderbread', 'overcome laceration achievement cherry', 'feast achievement cherry turkey', 'succumb laceration achievement turkey', 'feast intoxication wonderbread mutton', 'feast intoxication mutton pork', 'feast intoxication pork cod', 'feast intoxication cod marzipan', 'feast intoxication marzipan cherry', 'feast intoxication cherry pepper', 'succumb abrasion intoxication pepper']
[EVAL INSTANCE] started number=13 path=../problems/numeric/mprime/instances/pfile21.pddl pid=3950813
mdpsim:../problems/numeric/mprime/domain.pddl:3: assuming `:typing' requirement
mdpsim:../problems/numeric/mprime/domain.pddl:15: assuming `:fluents' requirement
[MCTS SEARCH SUMMARY] progressive_widening=True iterations_per_search=70 search_calls=11 nodes=1782 peak_nodes=1782 widening_events=753
[MCTS WIDTH SUMMARY] final_widths=(count=1782 min=0 mean=1.16 median=0 p90=3 p95=3 max=13) root_widths=(count=11 min=4 mean=8.36 median=7 p90=12 p95=13 max=13) widen_event_widths=(count=753 min=3 mean=3.42 median=3 p90=4 p95=6 max=13) admitted_policy_ranks=(count=2065 min=1 mean=1.95 median=2 p90=3 p95=3 max=3)
[MCTS DISTRIBUTION] final_width_counts=(0=1126,3=622,4=19,5=2,6=3,7=4,9=1,10=1,11=1,12=2,13=1) node_visit_bins=(0=1069,1=64,2=11,3-4=43,5-8=91,9-16=142,17-32=223,33-64=119,65-128=10,129+=10) selection_depth_bins=(0=22,1=20,2=22,3-4=44,5-8=97,9-16=170,17-32=242,33-64=153)
[MCTS WIDTH BY DEPTH] depth=0 count=769 min=3 mean=7.39 median=7 p90=12 p95=12 max=13
[MCTS WIDTH COUNTS BY DEPTH] depth=0 counts=(3=61,4=77,5=97,6=125,7=76,8=48,9=59,10=67,11=72,12=80,13=7)
[MCTS WIDTH BY DEPTH] depth=1 count=741 min=3 mean=6.81 median=6 p90=11 p95=12 max=12
[MCTS WIDTH COUNTS BY DEPTH] depth=1 counts=(3=193,4=66,5=78,6=37,7=46,8=53,9=53,10=67,11=75,12=73)
[MCTS WIDTH BY DEPTH] depth=2 count=720 min=3 mean=5.83 median=4 p90=10 p95=11 max=11
[MCTS WIDTH COUNTS BY DEPTH] depth=2 counts=(3=276,4=84,5=33,6=39,7=46,8=53,9=61,10=67,11=61)
[MCTS WIDTH BY DEPTH] depth=3-4 count=1362 min=3 mean=4.76 median=3 p90=9 p95=9 max=10
[MCTS WIDTH COUNTS BY DEPTH] depth=3-4 counts=(3=737,4=89,5=96,6=93,7=92,8=106,9=98,10=51)
[MCTS WIDTH BY DEPTH] depth=5-9 count=2963 min=3 mean=3.38 median=3 p90=5 p95=6 max=8
[MCTS WIDTH COUNTS BY DEPTH] depth=5-9 counts=(3=2490,4=167,5=93,6=109,7=82,8=22)
[MCTS WIDTH BY DEPTH] depth=10-19 count=4285 min=3 mean=3.04 median=3 p90=3 p95=3 max=5
[MCTS WIDTH COUNTS BY DEPTH] depth=10-19 counts=(3=4148,4=110,5=27)
[MCTS WIDTH BY DEPTH] depth=20-49 count=4180 min=3 mean=3.00 median=3 p90=3 p95=3 max=4
[MCTS WIDTH COUNTS BY DEPTH] depth=20-49 counts=(3=4165,4=15)
[MCTS WIDTH BY DEPTH] depth=50-99 count=74 min=3 mean=3.00 median=3 p90=3 p95=3 max=3
[MCTS WIDTH COUNTS BY DEPTH] depth=50-99 counts=(3=74)
[MCTS DEPTH SUMMARY] selection_depths=(count=770 min=0 mean=19.45 median=17 p90=39 p95=46 max=61) horizon_cutoffs=(count=0)
[MCTS ACTION SUMMARY] selected_raw_policy_ranks=(count=11 min=1 mean=1.55 median=1 p90=1 p95=7 max=7) known_goal_decisions=0 infeasible_known_goal_decisions=0
[MCTS TIME SUMMARY] selection=0.474994s expansion=148.635169s successor_generation=68.926560s network_inference=78.277767s evaluation=65.480445s backpropagation=0.094256s
[2026-09-15 00:19:28,247] [INFO] [enhspwrapper.py:224] Deleted temp file: /tmp/domain_heuristic_e8v5ksck.pddl
[2026-09-15 00:19:28,247] [INFO] [enhspwrapper.py:224] Deleted temp file: /tmp/instance_heuristic_f585_cu2.pddl
[2026-09-15 00:19:28,247] [WARNING] [enhspwrapper.py:226] Failed to delete temp file /tmp/domain_heuristic_e8v5ksck.pddl: [Errno 2] No such file or directory: '/tmp/domain_heuristic_e8v5ksck.pddl'
[2026-09-15 00:19:28,247] [WARNING] [enhspwrapper.py:226] Failed to delete temp file /tmp/instance_heuristic_f585_cu2.pddl: [Errno 2] No such file or directory: '/tmp/instance_heuristic_f585_cu2.pddl'
[EVAL INSTANCE] completed number=11 path=../problems/numeric/mprime/instances/pfile19.pddl status=success elapsed=249.44s success=1.0 steps=11
[EVAL][PLAN] EASY       | pfile19.pddl | steps=11 | plan=['feast love haroset lobster', 'feast lubricity lemon beef', 'overcome abrasion lubricity beef', 'drink lamb wonderbread', 'feast lubricity beef marzipan', 'feast lubricity marzipan tofu', 'feast lubricity tofu marzipan', 'feast lubricity marzipan wonderbread', 'feast lubricity wonderbread bacon', 'feast lubricity bacon lobster', 'succumb abrasion lubricity lobster']
[EVAL INSTANCE] started number=14 path=../problems/numeric/mprime/instances/pfile22.pddl pid=3951649
mdpsim:../problems/numeric/mprime/domain.pddl:3: assuming `:typing' requirement
mdpsim:../problems/numeric/mprime/domain.pddl:15: assuming `:fluents' requirement
[EVAL|Easy|3950813] Setting C/Python/Numpy/TF seeds to 1239739734
Starting [EVAL|Easy|3950813] on instance [12] ../problems/numeric/mprime/instances/pfile21.pddl
Starting to parse mdpsim problem: mprime-x-21
Finished parsing mdpsim problem: mprime-x-21
[EVAL|Easy|3950813] ACTION POLICY INITIALIZED
[EVAL|Easy|3950813] policy_class = ArgmaxGoalChasePathDuplicatePenaltyPolicy
[EVAL|Easy|3950813] distance_threshold = inf
[EVAL|Easy|3950813] duplicate_penalty = 0.0
[EVAL|Easy|3950813] root_visit_tie_break = action_id
[2026-09-15 00:19:38,249] [INFO] [enhspwrapper.py:84] Created temporary domain file: /tmp/domain_heuristic_ax1z97e9.pddl
[2026-09-15 00:19:38,250] [INFO] [enhspwrapper.py:93] Created temporary instance file: /tmp/instance_heuristic_4_n5a70q.pddl
[2026-09-15 00:19:39,362] [INFO] [enhspwrapper.py:51] Starting the heuristic server with config: hmrp-ha-gbfs
[MCTS SEARCH SUMMARY] progressive_widening=True iterations_per_search=70 search_calls=7 nodes=564 peak_nodes=564 widening_events=360
[MCTS WIDTH SUMMARY] final_widths=(count=564 min=0 mean=1.65 median=3 p90=3 p95=3 max=12) root_widths=(count=7 min=4 mean=8.71 median=9 p90=12 p95=12 max=12) widen_event_widths=(count=360 min=3 mean=3.66 median=3 p90=5 p95=8 max=12) admitted_policy_ranks=(count=932 min=1 mean=1.92 median=2 p90=3 p95=3 max=3)
[MCTS DISTRIBUTION] final_width_counts=(0=278,3=260,4=14,5=4,7=2,8=1,9=1,10=1,11=1,12=2) node_visit_bins=(0=231,1=50,2=8,3-4=12,5-8=49,9-16=53,17-32=81,33-64=66,65-128=6,129+=8) selection_depth_bins=(0=11,1=10,2=11,3-4=27,5-8=63,9-16=134,17-32=234)
[MCTS WIDTH BY DEPTH] depth=0 count=489 min=3 mean=8.16 median=9 p90=12 p95=12 max=12
[MCTS WIDTH COUNTS BY DEPTH] depth=0 counts=(3=45,4=26,5=30,6=41,7=42,8=53,9=60,10=67,11=72,12=53)
[MCTS WIDTH BY DEPTH] depth=1 count=478 min=3 mean=8.09 median=9 p90=11 p95=12 max=12
[MCTS WIDTH COUNTS BY DEPTH] depth=1 counts=(3=44,4=27,5=30,6=41,7=41,8=53,9=60,10=67,11=72,12=43)
[MCTS WIDTH BY DEPTH] depth=2 count=467 min=3 mean=7.12 median=7 p90=10 p95=11 max=11
[MCTS WIDTH COUNTS BY DEPTH] depth=2 counts=(3=67,4=27,5=30,6=59,7=67,8=53,9=60,10=67,11=37)
[MCTS WIDTH BY DEPTH] depth=3-4 count=894 min=3 mean=5.32 median=5 p90=9 p95=9 max=10
[MCTS WIDTH COUNTS BY DEPTH] depth=3-4 counts=(3=329,4=70,5=104,6=101,7=87,8=101,9=74,10=28)
[MCTS WIDTH BY DEPTH] depth=5-9 count=1933 min=3 mean=3.33 median=3 p90=4 p95=5 max=7
[MCTS WIDTH COUNTS BY DEPTH] depth=5-9 counts=(3=1606,4=149,5=88,6=54,7=36)
[MCTS WIDTH BY DEPTH] depth=10-19 count=2615 min=3 mean=3.04 median=3 p90=3 p95=3 max=5
[MCTS WIDTH COUNTS BY DEPTH] depth=10-19 counts=(3=2507,4=99,5=9)
[MCTS WIDTH BY DEPTH] depth=20-49 count=1044 min=3 mean=3.00 median=3 p90=3 p95=3 max=4
[MCTS WIDTH COUNTS BY DEPTH] depth=20-49 counts=(3=1041,4=3)
[MCTS DEPTH SUMMARY] selection_depths=(count=490 min=0 mean=15.75 median=16 p90=27 p95=29 max=30) horizon_cutoffs=(count=0)
[MCTS ACTION SUMMARY] selected_raw_policy_ranks=(count=7 min=1 mean=1.00 median=1 p90=1 p95=1 max=1) known_goal_decisions=0 infeasible_known_goal_decisions=0
[MCTS TIME SUMMARY] selection=0.215406s expansion=128.443694s successor_generation=35.144863s network_inference=92.645285s evaluation=27.540548s backpropagation=0.039103s
[2026-09-15 00:21:29,302] [INFO] [enhspwrapper.py:224] Deleted temp file: /tmp/domain_heuristic_ax1z97e9.pddl
[2026-09-15 00:21:29,302] [INFO] [enhspwrapper.py:224] Deleted temp file: /tmp/instance_heuristic_4_n5a70q.pddl
[2026-09-15 00:21:29,302] [WARNING] [enhspwrapper.py:226] Failed to delete temp file /tmp/domain_heuristic_ax1z97e9.pddl: [Errno 2] No such file or directory: '/tmp/domain_heuristic_ax1z97e9.pddl'
[2026-09-15 00:21:29,302] [WARNING] [enhspwrapper.py:226] Failed to delete temp file /tmp/instance_heuristic_4_n5a70q.pddl: [Errno 2] No such file or directory: '/tmp/instance_heuristic_4_n5a70q.pddl'
[EVAL INSTANCE] completed number=13 path=../problems/numeric/mprime/instances/pfile21.pddl status=success elapsed=208.87s success=1.0 steps=7
[EVAL][PLAN] EASY       | pfile21.pddl | steps=7 | plan=['feast love flounder wurst', 'feast learning lemon wurst', 'overcome sciatica love wurst', 'drink popover wurst', 'feast love wurst snickers', 'feast love snickers apple', 'succumb sciatica love apple']
[EVAL INSTANCE] started number=15 path=../problems/numeric/mprime/instances/pfile23.pddl pid=3953146
mdpsim:../problems/numeric/mprime/domain.pddl:3: assuming `:typing' requirement
mdpsim:../problems/numeric/mprime/domain.pddl:15: assuming `:fluents' requirement
[EVAL|Easy|3953146] Setting C/Python/Numpy/TF seeds to 1239739736
Starting [EVAL|Easy|3953146] on instance [14] ../problems/numeric/mprime/instances/pfile23.pddl
Starting to parse mdpsim problem: mprime-x-23
Finished parsing mdpsim problem: mprime-x-23
[EVAL|Easy|3953146] ACTION POLICY INITIALIZED
[EVAL|Easy|3953146] policy_class = ArgmaxGoalChasePathDuplicatePenaltyPolicy
[EVAL|Easy|3953146] distance_threshold = inf
[EVAL|Easy|3953146] duplicate_penalty = 0.0
[EVAL|Easy|3953146] root_visit_tie_break = action_id
[2026-09-15 00:22:48,552] [INFO] [enhspwrapper.py:84] Created temporary domain file: /tmp/domain_heuristic_rqa9ithh.pddl
[2026-09-15 00:22:48,552] [INFO] [enhspwrapper.py:93] Created temporary instance file: /tmp/instance_heuristic_7uqld4qk.pddl
[2026-09-15 00:22:49,792] [INFO] [enhspwrapper.py:51] Starting the heuristic server with config: hmrp-ha-gbfs
[EVAL|Easy|3951649] Setting C/Python/Numpy/TF seeds to 1239739735
Starting [EVAL|Easy|3951649] on instance [13] ../problems/numeric/mprime/instances/pfile22.pddl
Starting to parse mdpsim problem: mprime-x-22
Finished parsing mdpsim problem: mprime-x-22
[EVAL|Easy|3951649] ACTION POLICY INITIALIZED
[EVAL|Easy|3951649] policy_class = ArgmaxGoalChasePathDuplicatePenaltyPolicy
[EVAL|Easy|3951649] distance_threshold = inf
[EVAL|Easy|3951649] duplicate_penalty = 0.0
[EVAL|Easy|3951649] root_visit_tie_break = action_id
[2026-09-15 00:23:28,560] [INFO] [enhspwrapper.py:84] Created temporary domain file: /tmp/domain_heuristic_s3ni4zq8.pddl
[2026-09-15 00:23:28,561] [INFO] [enhspwrapper.py:93] Created temporary instance file: /tmp/instance_heuristic_g_d9lmfa.pddl
[2026-09-15 00:23:30,890] [INFO] [enhspwrapper.py:51] Starting the heuristic server with config: hmrp-ha-gbfs
[MCTS SEARCH SUMMARY] progressive_widening=True iterations_per_search=70 search_calls=16 nodes=2878 peak_nodes=2878 widening_events=1120
[MCTS WIDTH SUMMARY] final_widths=(count=2878 min=0 mean=1.02 median=0 p90=3 p95=3 max=18) root_widths=(count=16 min=4 mean=12.69 median=13 p90=18 p95=18 max=18) widen_event_widths=(count=1120 min=3 mean=4.01 median=3 p90=7 p95=11 max=18) admitted_policy_ranks=(count=2948 min=1 mean=1.93 median=2 p90=3 p95=3 max=3)
[MCTS DISTRIBUTION] final_width_counts=(0=1964,3=871,4=19,5=7,7=2,8=1,9=1,10=1,11=1,12=1,13=1,14=1,15=2,16=2,17=1,18=3) node_visit_bins=(0=1775,1=190,2=32,3-4=57,5-8=114,9-16=211,17-32=297,33-64=175,65-128=10,129+=17) selection_depth_bins=(0=19,1=16,2=21,3-4=48,5-8=102,9-16=241,17-32=367,33-64=300,65-128=6)
[MCTS WIDTH BY DEPTH] depth=0 count=1119 min=3 mean=12.21 median=13 p90=17 p95=18 max=18
[MCTS WIDTH COUNTS BY DEPTH] depth=0 counts=(3=45,4=26,5=30,6=41,7=42,8=53,9=60,10=67,11=72,12=80,13=86,14=100,15=105,16=120,17=118,18=74)
[MCTS WIDTH BY DEPTH] depth=1 count=1100 min=3 mean=12.11 median=13 p90=17 p95=17 max=18
[MCTS WIDTH COUNTS BY DEPTH] depth=1 counts=(3=44,4=27,5=30,6=41,7=41,8=53,9=60,10=67,11=72,12=80,13=86,14=104,15=100,16=120,17=127,18=48)
[MCTS WIDTH BY DEPTH] depth=2 count=1083 min=3 mean=11.18 median=12 p90=16 p95=17 max=17
[MCTS WIDTH COUNTS BY DEPTH] depth=2 counts=(3=77,4=38,5=45,6=41,7=49,8=53,9=60,10=67,11=72,12=80,13=95,14=95,15=112,16=108,17=91)
[MCTS WIDTH BY DEPTH] depth=3-4 count=2092 min=3 mean=9.81 median=11 p90=15 p95=16 max=17
[MCTS WIDTH COUNTS BY DEPTH] depth=3-4 counts=(3=276,4=134,5=87,6=85,7=105,8=101,9=120,10=134,11=144,12=171,13=182,14=188,15=222,16=136,17=7)
[MCTS WIDTH BY DEPTH] depth=5-9 count=4777 min=3 mean=6.98 median=6 p90=13 p95=13 max=15
[MCTS WIDTH COUNTS BY DEPTH] depth=5-9 counts=(3=1743,4=276,5=187,6=236,7=230,8=260,9=297,10=339,11=368,12=342,13=269,14=180,15=50)
[MCTS WIDTH BY DEPTH] depth=10-19 count=7226 min=3 mean=3.59 median=3 p90=6 p95=8 max=11
[MCTS WIDTH COUNTS BY DEPTH] depth=10-19 counts=(3=6015,4=255,5=193,6=185,7=175,8=163,9=134,10=86,11=20)
[MCTS WIDTH BY DEPTH] depth=20-49 count=8306 min=3 mean=3.00 median=3 p90=3 p95=3 max=5
[MCTS WIDTH COUNTS BY DEPTH] depth=20-49 counts=(3=8274,4=27,5=5)
[MCTS WIDTH BY DEPTH] depth=50-99 count=370 min=3 mean=3.00 median=3 p90=3 p95=3 max=3
[MCTS WIDTH COUNTS BY DEPTH] depth=50-99 counts=(3=370)
[MCTS DEPTH SUMMARY] selection_depths=(count=1120 min=0 mean=23.10 median=20 p90=45 p95=50 max=69) horizon_cutoffs=(count=0)
[MCTS ACTION SUMMARY] selected_raw_policy_ranks=(count=16 min=1 mean=1.00 median=1 p90=1 p95=1 max=1) known_goal_decisions=0 infeasible_known_goal_decisions=0
[MCTS TIME SUMMARY] selection=1.004643s expansion=280.369518s successor_generation=174.655100s network_inference=102.584404s evaluation=51.804827s backpropagation=0.164600s
[2026-09-15 00:27:45,850] [INFO] [enhspwrapper.py:224] Deleted temp file: /tmp/domain_heuristic_rqa9ithh.pddl
[2026-09-15 00:27:45,850] [INFO] [enhspwrapper.py:224] Deleted temp file: /tmp/instance_heuristic_7uqld4qk.pddl
[2026-09-15 00:27:45,850] [WARNING] [enhspwrapper.py:226] Failed to delete temp file /tmp/domain_heuristic_rqa9ithh.pddl: [Errno 2] No such file or directory: '/tmp/domain_heuristic_rqa9ithh.pddl'
[2026-09-15 00:27:45,850] [WARNING] [enhspwrapper.py:226] Failed to delete temp file /tmp/instance_heuristic_7uqld4qk.pddl: [Errno 2] No such file or directory: '/tmp/instance_heuristic_7uqld4qk.pddl'
[EVAL INSTANCE] completed number=15 path=../problems/numeric/mprime/instances/pfile23.pddl status=success elapsed=376.92s success=1.0 steps=16
[EVAL][PLAN] EASY       | pfile23.pddl | steps=16 | plan=['feast intoxication onion apple', 'overcome laceration intoxication apple', 'feast intoxication apple pistachio', 'drink wonderbread hotdog', 'feast intoxication pistachio cherry', 'feast intoxication cherry pistachio', 'feast intoxication pistachio cherry', 'feast intoxication cherry pistachio', 'drink wonderbread onion', 'feast intoxication pistachio scallop', 'feast intoxication scallop ham', 'feast intoxication ham papaya', 'feast intoxication papaya lamb', 'feast intoxication lamb hotdog', 'feast intoxication hotdog chicken', 'succumb laceration intoxication chicken']
[EVAL INSTANCE] started number=16 path=../problems/numeric/mprime/instances/pfile24.pddl pid=3957114
mdpsim:../problems/numeric/mprime/domain.pddl:3: assuming `:typing' requirement
mdpsim:../problems/numeric/mprime/domain.pddl:15: assuming `:fluents' requirement
[EVAL|Easy|3957114] Setting C/Python/Numpy/TF seeds to 1239739737
Starting [EVAL|Easy|3957114] on instance [15] ../problems/numeric/mprime/instances/pfile24.pddl
Starting to parse mdpsim problem: mprime-x-24
Finished parsing mdpsim problem: mprime-x-24
[EVAL|Easy|3957114] ACTION POLICY INITIALIZED
[EVAL|Easy|3957114] policy_class = ArgmaxGoalChasePathDuplicatePenaltyPolicy
[EVAL|Easy|3957114] distance_threshold = inf
[EVAL|Easy|3957114] duplicate_penalty = 0.0
[EVAL|Easy|3957114] root_visit_tie_break = action_id
[2026-09-15 00:28:55,745] [INFO] [enhspwrapper.py:84] Created temporary domain file: /tmp/domain_heuristic_ff55wzlj.pddl
[2026-09-15 00:28:55,745] [INFO] [enhspwrapper.py:93] Created temporary instance file: /tmp/instance_heuristic_kt59uht2.pddl
[2026-09-15 00:28:57,323] [INFO] [enhspwrapper.py:51] Starting the heuristic server with config: hmrp-ha-gbfs
[MCTS SEARCH SUMMARY] progressive_widening=True iterations_per_search=70 search_calls=9 nodes=1530 peak_nodes=1530 widening_events=630
[MCTS WIDTH SUMMARY] final_widths=(count=1530 min=0 mean=1.07 median=0 p90=3 p95=3 max=14) root_widths=(count=9 min=4 mean=9.78 median=10 p90=14 p95=14 max=14) widen_event_widths=(count=630 min=3 mean=3.71 median=3 p90=6 p95=8 max=14) admitted_policy_ranks=(count=1642 min=1 mean=1.92 median=2 p90=3 p95=3 max=3)
[MCTS DISTRIBUTION] final_width_counts=(0=1024,3=468,4=18,5=5,6=3,7=2,8=2,9=1,10=2,11=1,12=1,13=1,14=2) node_visit_bins=(0=934,1=90,2=29,3-4=48,5-8=73,9-16=92,17-32=128,33-64=113,65-128=11,129+=12) selection_depth_bins=(0=13,1=12,2=15,3-4=34,5-8=84,9-16=167,17-32=172,33-64=117,65-128=16)
[MCTS WIDTH BY DEPTH] depth=0 count=629 min=3 mean=9.24 median=10 p90=13 p95=13 max=14
[MCTS WIDTH COUNTS BY DEPTH] depth=0 counts=(3=45,4=26,5=30,6=41,7=42,8=53,9=60,10=67,11=72,12=80,13=86,14=27)
[MCTS WIDTH BY DEPTH] depth=1 count=616 min=3 mean=9.15 median=10 p90=13 p95=13 max=14
[MCTS WIDTH COUNTS BY DEPTH] depth=1 counts=(3=44,4=27,5=30,6=41,7=41,8=53,9=60,10=67,11=72,12=80,13=86,14=15)
[MCTS WIDTH BY DEPTH] depth=2 count=602 min=3 mean=8.35 median=9 p90=12 p95=12 max=13
[MCTS WIDTH COUNTS BY DEPTH] depth=2 counts=(3=55,4=31,5=47,6=41,7=41,8=53,9=92,10=69,11=72,12=80,13=21)
[MCTS WIDTH BY DEPTH] depth=3-4 count=1156 min=3 mean=6.99 median=7 p90=10 p95=11 max=12
[MCTS WIDTH COUNTS BY DEPTH] depth=3-4 counts=(3=195,4=100,5=93,6=82,7=128,8=169,9=141,10=134,11=91,12=23)
[MCTS WIDTH BY DEPTH] depth=5-9 count=2505 min=3 mean=4.37 median=3 p90=7 p95=8 max=10
[MCTS WIDTH COUNTS BY DEPTH] depth=5-9 counts=(3=1276,4=296,5=288,6=282,7=196,8=95,9=60,10=12)
[MCTS WIDTH BY DEPTH] depth=10-19 count=3368 min=3 mean=3.04 median=3 p90=3 p95=3 max=5
[MCTS WIDTH COUNTS BY DEPTH] depth=10-19 counts=(3=3236,4=116,5=16)
[MCTS WIDTH BY DEPTH] depth=20-49 count=3954 min=3 mean=3.02 median=3 p90=3 p95=3 max=5
[MCTS WIDTH COUNTS BY DEPTH] depth=20-49 counts=(3=3891,4=55,5=8)
[MCTS WIDTH BY DEPTH] depth=50-99 count=596 min=3 mean=3.00 median=3 p90=3 p95=3 max=3
[MCTS WIDTH COUNTS BY DEPTH] depth=50-99 counts=(3=596)
[MCTS DEPTH SUMMARY] selection_depths=(count=630 min=0 mean=21.11 median=16 p90=48 p95=59 max=75) horizon_cutoffs=(count=0)
[MCTS ACTION SUMMARY] selected_raw_policy_ranks=(count=9 min=1 mean=1.00 median=1 p90=1 p95=1 max=1) known_goal_decisions=0 infeasible_known_goal_decisions=0
[MCTS TIME SUMMARY] selection=0.434237s expansion=132.852981s successor_generation=49.691416s network_inference=81.921812s evaluation=16.851894s backpropagation=0.082429s
[2026-09-15 00:30:53,562] [INFO] [enhspwrapper.py:224] Deleted temp file: /tmp/domain_heuristic_ff55wzlj.pddl
[2026-09-15 00:30:53,562] [INFO] [enhspwrapper.py:224] Deleted temp file: /tmp/instance_heuristic_kt59uht2.pddl
[2026-09-15 00:30:53,562] [WARNING] [enhspwrapper.py:226] Failed to delete temp file /tmp/domain_heuristic_ff55wzlj.pddl: [Errno 2] No such file or directory: '/tmp/domain_heuristic_ff55wzlj.pddl'
[2026-09-15 00:30:53,562] [WARNING] [enhspwrapper.py:226] Failed to delete temp file /tmp/instance_heuristic_kt59uht2.pddl: [Errno 2] No such file or directory: '/tmp/instance_heuristic_kt59uht2.pddl'
[EVAL INSTANCE] completed number=16 path=../problems/numeric/mprime/instances/pfile24.pddl status=success elapsed=187.34s success=1.0 steps=9
[EVAL][PLAN] EASY       | pfile24.pddl | steps=9 | plan=['feast curiosity muffin apple', 'overcome anger-12 curiosity apple', 'drink potato apple', 'feast curiosity apple muffin', 'feast curiosity muffin tofu', 'drink potato cherry', 'drink potato tofu', 'feast curiosity tofu cherry', 'succumb anger-12 curiosity cherry']
[EVAL INSTANCE] started number=17 path=../problems/numeric/mprime/instances/pfile25.pddl pid=3959212
mdpsim:../problems/numeric/mprime/domain.pddl:3: assuming `:typing' requirement
mdpsim:../problems/numeric/mprime/domain.pddl:15: assuming `:fluents' requirement
[EVAL|Easy|3959212] Setting C/Python/Numpy/TF seeds to 1239739738
Starting [EVAL|Easy|3959212] on instance [16] ../problems/numeric/mprime/instances/pfile25.pddl
Starting to parse mdpsim problem: mprime-x-25
Finished parsing mdpsim problem: mprime-x-25
[EVAL|Easy|3959212] ACTION POLICY INITIALIZED
[EVAL|Easy|3959212] policy_class = ArgmaxGoalChasePathDuplicatePenaltyPolicy
[EVAL|Easy|3959212] distance_threshold = inf
[EVAL|Easy|3959212] duplicate_penalty = 0.0
[EVAL|Easy|3959212] root_visit_tie_break = action_id
[2026-09-15 00:31:05,831] [INFO] [enhspwrapper.py:84] Created temporary domain file: /tmp/domain_heuristic__en3wn9i.pddl
[2026-09-15 00:31:05,831] [INFO] [enhspwrapper.py:93] Created temporary instance file: /tmp/instance_heuristic_rie05v9t.pddl
[2026-09-15 00:31:06,119] [INFO] [enhspwrapper.py:51] Starting the heuristic server with config: hmrp-ha-gbfs
[MCTS SEARCH SUMMARY] progressive_widening=True iterations_per_search=70 search_calls=4 nodes=223 peak_nodes=223 widening_events=139
[MCTS WIDTH SUMMARY] final_widths=(count=223 min=0 mean=1.40 median=0 p90=4 p95=4 max=9) root_widths=(count=4 min=4 mean=7.00 median=7 p90=9 p95=9 max=9) widen_event_widths=(count=139 min=2 mean=3.69 median=3 p90=6 p95=7 max=9) admitted_policy_ranks=(count=313 min=1 mean=1.83 median=2 p90=3 p95=3 max=3)
[MCTS DISTRIBUTION] final_width_counts=(0=134,2=4,3=55,4=24,5=1,6=1,7=1,8=1,9=2) node_visit_bins=(0=109,1=24,2=3,3-4=4,5-8=4,9-16=14,17-32=12,33-64=44,65-128=5,129+=4) selection_depth_bins=(0=8,1=7,2=9,3-4=21,5-8=34,9-16=104,17-32=97)
[MCTS WIDTH BY DEPTH] depth=0 count=279 min=3 mean=6.20 median=6 p90=9 p95=9 max=9
[MCTS WIDTH COUNTS BY DEPTH] depth=0 counts=(3=45,4=26,5=30,6=41,7=42,8=53,9=42)
[MCTS WIDTH BY DEPTH] depth=1 count=271 min=3 mean=6.13 median=6 p90=9 p95=9 max=9
[MCTS WIDTH COUNTS BY DEPTH] depth=1 counts=(3=44,4=27,5=30,6=41,7=41,8=53,9=35)
[MCTS WIDTH BY DEPTH] depth=2 count=263 min=3 mean=4.78 median=4 p90=7 p95=7 max=8
[MCTS WIDTH COUNTS BY DEPTH] depth=2 counts=(3=86,4=49,5=33,6=41,7=41,8=13)
[MCTS WIDTH BY DEPTH] depth=3-4 count=489 min=3 mean=3.43 median=3 p90=5 p95=6 max=6
[MCTS WIDTH COUNTS BY DEPTH] depth=3-4 counts=(3=361,4=73,5=30,6=25)
[MCTS WIDTH BY DEPTH] depth=5-9 count=1053 min=3 mean=3.05 median=3 p90=3 p95=4 max=5
[MCTS WIDTH COUNTS BY DEPTH] depth=5-9 counts=(3=999,4=51,5=3)
[MCTS WIDTH BY DEPTH] depth=10-19 count=1287 min=2 mean=3.11 median=3 p90=4 p95=4 max=5
[MCTS WIDTH COUNTS BY DEPTH] depth=10-19 counts=(2=75,3=1021,4=164,5=27)
[MCTS WIDTH BY DEPTH] depth=20-49 count=3 min=2 mean=3.33 median=4 p90=4 p95=4 max=4
[MCTS WIDTH COUNTS BY DEPTH] depth=20-49 counts=(2=1,4=2)
[MCTS DEPTH SUMMARY] selection_depths=(count=280 min=0 mean=12.34 median=15 p90=18 p95=19 max=21) horizon_cutoffs=(count=0)
[MCTS ACTION SUMMARY] selected_raw_policy_ranks=(count=4 min=1 mean=1.00 median=1 p90=1 p95=1 max=1) known_goal_decisions=0 infeasible_known_goal_decisions=0
[MCTS TIME SUMMARY] selection=0.093848s expansion=7.571696s successor_generation=0.372681s network_inference=7.154750s evaluation=0.597734s backpropagation=0.015417s
[2026-09-15 00:31:10,674] [INFO] [enhspwrapper.py:224] Deleted temp file: /tmp/domain_heuristic__en3wn9i.pddl
[2026-09-15 00:31:10,675] [INFO] [enhspwrapper.py:224] Deleted temp file: /tmp/instance_heuristic_rie05v9t.pddl
[2026-09-15 00:31:10,675] [WARNING] [enhspwrapper.py:226] Failed to delete temp file /tmp/domain_heuristic__en3wn9i.pddl: [Errno 2] No such file or directory: '/tmp/domain_heuristic__en3wn9i.pddl'
[2026-09-15 00:31:10,675] [WARNING] [enhspwrapper.py:226] Failed to delete temp file /tmp/instance_heuristic_rie05v9t.pddl: [Errno 2] No such file or directory: '/tmp/instance_heuristic_rie05v9t.pddl'
[EVAL INSTANCE] completed number=17 path=../problems/numeric/mprime/instances/pfile25.pddl status=success elapsed=17.04s success=1.0 steps=4
[EVAL][PLAN] EASY       | pfile25.pddl | steps=4 | plan=['feast expectation tuna wurst', 'overcome depression expectation wurst', 'feast expectation wurst chicken', 'succumb depression expectation chicken']
[EVAL INSTANCE] started number=18 path=../problems/numeric/mprime/instances/pfile26.pddl pid=3959394
mdpsim:../problems/numeric/mprime/domain.pddl:3: assuming `:typing' requirement
mdpsim:../problems/numeric/mprime/domain.pddl:15: assuming `:fluents' requirement
[EVAL|Easy|3959394] Setting C/Python/Numpy/TF seeds to 1239739739
Starting [EVAL|Easy|3959394] on instance [17] ../problems/numeric/mprime/instances/pfile26.pddl
Starting to parse mdpsim problem: mprime-x-26
Finished parsing mdpsim problem: mprime-x-26
[EVAL|Easy|3959394] ACTION POLICY INITIALIZED
[EVAL|Easy|3959394] policy_class = ArgmaxGoalChasePathDuplicatePenaltyPolicy
[EVAL|Easy|3959394] distance_threshold = inf
[EVAL|Easy|3959394] duplicate_penalty = 0.0
[EVAL|Easy|3959394] root_visit_tie_break = action_id
[2026-09-15 00:31:32,645] [INFO] [enhspwrapper.py:84] Created temporary domain file: /tmp/domain_heuristic_66noqigr.pddl
[2026-09-15 00:31:32,645] [INFO] [enhspwrapper.py:93] Created temporary instance file: /tmp/instance_heuristic_ikr0q7sf.pddl
[2026-09-15 00:31:33,132] [INFO] [enhspwrapper.py:51] Starting the heuristic server with config: hmrp-ha-gbfs
[MCTS SEARCH SUMMARY] progressive_widening=True iterations_per_search=70 search_calls=16 nodes=1704 peak_nodes=1704 widening_events=860
[MCTS WIDTH SUMMARY] final_widths=(count=1704 min=0 mean=1.21 median=0 p90=3 p95=3 max=18) root_widths=(count=16 min=4 mean=12.69 median=13 p90=18 p95=18 max=18) widen_event_widths=(count=860 min=2 mean=4.42 median=3 p90=9 p95=12 max=18) admitted_policy_ranks=(count=2056 min=1 mean=1.87 median=2 p90=3 p95=3 max=3)
[MCTS DISTRIBUTION] final_width_counts=(0=1104,2=4,3=526,4=30,5=16,6=4,7=4,8=2,9=1,10=1,11=1,12=1,13=1,14=1,15=2,16=2,17=1,18=3) node_visit_bins=(0=924,1=180,2=21,3-4=38,5-8=69,9-16=124,17-32=134,33-64=166,65-128=25,129+=23) selection_depth_bins=(0=19,1=16,2=19,3-4=41,5-8=109,9-16=255,17-32=469,33-64=192)
[MCTS WIDTH BY DEPTH] depth=0 count=1119 min=3 mean=12.21 median=13 p90=17 p95=18 max=18
[MCTS WIDTH COUNTS BY DEPTH] depth=0 counts=(3=45,4=26,5=30,6=41,7=42,8=53,9=60,10=67,11=72,12=80,13=86,14=100,15=105,16=120,17=118,18=74)
[MCTS WIDTH BY DEPTH] depth=1 count=1100 min=3 mean=12.11 median=13 p90=17 p95=17 max=18
[MCTS WIDTH COUNTS BY DEPTH] depth=1 counts=(3=44,4=27,5=30,6=41,7=41,8=53,9=60,10=67,11=72,12=80,13=86,14=104,15=100,16=120,17=127,18=48)
[MCTS WIDTH BY DEPTH] depth=2 count=1082 min=3 mean=11.18 median=12 p90=16 p95=17 max=17
[MCTS WIDTH COUNTS BY DEPTH] depth=2 counts=(3=86,4=37,5=30,6=41,7=41,8=68,9=60,10=67,11=72,12=80,13=95,14=95,15=111,16=108,17=91)
[MCTS WIDTH BY DEPTH] depth=3-4 count=2109 min=3 mean=9.85 median=10 p90=15 p95=16 max=17
[MCTS WIDTH COUNTS BY DEPTH] depth=3-4 counts=(3=266,4=107,5=81,6=100,7=138,8=113,9=120,10=134,11=144,12=171,13=182,14=187,15=223,16=136,17=7)
[MCTS WIDTH BY DEPTH] depth=5-9 count=4788 min=3 mean=7.10 median=6 p90=13 p95=13 max=15
[MCTS WIDTH COUNTS BY DEPTH] depth=5-9 counts=(3=1578,4=224,5=268,6=340,7=272,8=260,9=297,10=339,11=368,12=342,13=269,14=181,15=50)
[MCTS WIDTH BY DEPTH] depth=10-19 count=7146 min=3 mean=3.67 median=3 p90=6 p95=8 max=11
[MCTS WIDTH COUNTS BY DEPTH] depth=10-19 counts=(3=5521,4=563,5=292,6=192,7=175,8=163,9=134,10=86,11=20)
[MCTS WIDTH BY DEPTH] depth=20-49 count=6229 min=2 mean=3.17 median=3 p90=4 p95=4 max=6
[MCTS WIDTH COUNTS BY DEPTH] depth=20-49 counts=(2=65,3=5353,4=557,5=174,6=80)
[MCTS DEPTH SUMMARY] selection_depths=(count=1120 min=0 mean=20.58 median=20 p90=38 p95=40 max=45) horizon_cutoffs=(count=0)
[MCTS ACTION SUMMARY] selected_raw_policy_ranks=(count=16 min=1 mean=1.00 median=1 p90=1 p95=1 max=1) known_goal_decisions=0 infeasible_known_goal_decisions=0
[MCTS TIME SUMMARY] selection=0.887875s expansion=35.373075s successor_generation=11.977931s network_inference=22.908729s evaluation=5.399520s backpropagation=0.119702s
[2026-09-15 00:32:04,926] [INFO] [enhspwrapper.py:224] Deleted temp file: /tmp/domain_heuristic_66noqigr.pddl
[2026-09-15 00:32:04,926] [INFO] [enhspwrapper.py:224] Deleted temp file: /tmp/instance_heuristic_ikr0q7sf.pddl
[2026-09-15 00:32:04,926] [WARNING] [enhspwrapper.py:226] Failed to delete temp file /tmp/domain_heuristic_66noqigr.pddl: [Errno 2] No such file or directory: '/tmp/domain_heuristic_66noqigr.pddl'
[2026-09-15 00:32:04,926] [WARNING] [enhspwrapper.py:226] Failed to delete temp file /tmp/instance_heuristic_ikr0q7sf.pddl: [Errno 2] No such file or directory: '/tmp/instance_heuristic_ikr0q7sf.pddl'
[EVAL INSTANCE] completed number=18 path=../problems/numeric/mprime/instances/pfile26.pddl status=success elapsed=54.35s success=1.0 steps=16
[EVAL][PLAN] EASY       | pfile26.pddl | steps=16 | plan=['overcome boils entertainment haroset', 'feast entertainment haroset rice', 'feast entertainment rice haroset', 'feast entertainment haroset rice', 'feast entertainment rice haroset', 'feast entertainment haroset rice', 'feast entertainment rice haroset', 'feast entertainment haroset rice', 'feast entertainment rice haroset', 'feast entertainment haroset hamburger', 'feast entertainment hamburger snickers', 'feast entertainment snickers pepper', 'drink hamburger pepper', 'feast entertainment pepper flounder', 'feast entertainment flounder papaya', 'succumb boils entertainment papaya']
[EVAL INSTANCE] started number=19 path=../problems/numeric/mprime/instances/pfile27.pddl pid=3960321
mdpsim:../problems/numeric/mprime/domain.pddl:3: assuming `:typing' requirement
mdpsim:../problems/numeric/mprime/domain.pddl:15: assuming `:fluents' requirement
[EVAL|Easy|3960321] Setting C/Python/Numpy/TF seeds to 1239739740
Starting [EVAL|Easy|3960321] on instance [18] ../problems/numeric/mprime/instances/pfile27.pddl
Starting to parse mdpsim problem: mprime-x-27
Finished parsing mdpsim problem: mprime-x-27
[EVAL|Easy|3960321] ACTION POLICY INITIALIZED
[EVAL|Easy|3960321] policy_class = ArgmaxGoalChasePathDuplicatePenaltyPolicy
[EVAL|Easy|3960321] distance_threshold = inf
[EVAL|Easy|3960321] duplicate_penalty = 0.0
[EVAL|Easy|3960321] root_visit_tie_break = action_id
[2026-09-15 00:32:20,264] [INFO] [enhspwrapper.py:84] Created temporary domain file: /tmp/domain_heuristic_47gtssf7.pddl
[2026-09-15 00:32:20,264] [INFO] [enhspwrapper.py:93] Created temporary instance file: /tmp/instance_heuristic_488eyfhm.pddl
[2026-09-15 00:32:20,680] [INFO] [enhspwrapper.py:51] Starting the heuristic server with config: hmrp-ha-gbfs
[MCTS SEARCH SUMMARY] progressive_widening=True iterations_per_search=70 search_calls=5 nodes=661 peak_nodes=661 widening_events=346
[MCTS WIDTH SUMMARY] final_widths=(count=661 min=0 mean=1.39 median=0 p90=3 p95=3 max=10) root_widths=(count=5 min=4 mean=7.60 median=8 p90=10 p95=10 max=10) widen_event_widths=(count=346 min=3 mean=3.42 median=3 p90=4 p95=6 max=10) admitted_policy_ranks=(count=918 min=1 mean=1.93 median=2 p90=3 p95=3 max=3)
[MCTS DISTRIBUTION] final_width_counts=(0=375,3=259,4=16,5=4,6=1,7=2,8=1,9=1,10=2) node_visit_bins=(0=329,1=60,2=23,3-4=29,5-8=59,9-16=60,17-32=59,33-64=31,65-128=4,129+=7) selection_depth_bins=(0=9,1=8,2=11,3-4=31,5-8=73,9-16=100,17-32=73,33-64=45)
[MCTS WIDTH BY DEPTH] depth=0 count=349 min=3 mean=6.89 median=7 p90=10 p95=10 max=10
[MCTS WIDTH COUNTS BY DEPTH] depth=0 counts=(3=45,4=26,5=30,6=41,7=42,8=57,9=62,10=46)
[MCTS WIDTH BY DEPTH] depth=1 count=340 min=3 mean=6.80 median=7 p90=10 p95=10 max=10
[MCTS WIDTH COUNTS BY DEPTH] depth=1 counts=(3=44,4=27,5=30,6=41,7=45,8=55,9=60,10=38)
[MCTS WIDTH BY DEPTH] depth=2 count=331 min=3 mean=5.60 median=5 p90=8 p95=9 max=9
[MCTS WIDTH COUNTS BY DEPTH] depth=2 counts=(3=61,4=53,5=58,6=43,7=41,8=53,9=22)
[MCTS WIDTH BY DEPTH] depth=3-4 count=613 min=3 mean=4.44 median=4 p90=6 p95=7 max=8
[MCTS WIDTH COUNTS BY DEPTH] depth=3-4 counts=(3=247,4=88,5=97,6=122,7=58,8=1)
[MCTS WIDTH BY DEPTH] depth=5-9 count=1189 min=3 mean=3.17 median=3 p90=4 p95=4 max=6
[MCTS WIDTH COUNTS BY DEPTH] depth=5-9 counts=(3=1036,4=109,5=33,6=11)
[MCTS WIDTH BY DEPTH] depth=10-19 count=1410 min=3 mean=3.05 median=3 p90=3 p95=4 max=4
[MCTS WIDTH COUNTS BY DEPTH] depth=10-19 counts=(3=1339,4=71)
[MCTS WIDTH BY DEPTH] depth=20-49 count=1187 min=3 mean=3.00 median=3 p90=3 p95=3 max=3
[MCTS WIDTH COUNTS BY DEPTH] depth=20-49 counts=(3=1187)
[MCTS WIDTH BY DEPTH] depth=50-99 count=8 min=3 mean=3.00 median=3 p90=3 p95=3 max=3
[MCTS WIDTH COUNTS BY DEPTH] depth=50-99 counts=(3=8)
[MCTS DEPTH SUMMARY] selection_depths=(count=350 min=0 mean=15.32 median=12 p90=36 p95=42 max=53) horizon_cutoffs=(count=0)
[MCTS ACTION SUMMARY] selected_raw_policy_ranks=(count=5 min=1 mean=1.00 median=1 p90=1 p95=1 max=1) known_goal_decisions=0 infeasible_known_goal_decisions=0
[MCTS TIME SUMMARY] selection=0.177224s expansion=15.994098s successor_generation=2.760036s network_inference=13.110408s evaluation=2.838056s backpropagation=0.032831s
[2026-09-15 00:32:33,804] [INFO] [enhspwrapper.py:224] Deleted temp file: /tmp/domain_heuristic_47gtssf7.pddl
[2026-09-15 00:32:33,804] [INFO] [enhspwrapper.py:224] Deleted temp file: /tmp/instance_heuristic_488eyfhm.pddl
[2026-09-15 00:32:33,804] [WARNING] [enhspwrapper.py:226] Failed to delete temp file /tmp/domain_heuristic_47gtssf7.pddl: [Errno 2] No such file or directory: '/tmp/domain_heuristic_47gtssf7.pddl'
[2026-09-15 00:32:33,804] [WARNING] [enhspwrapper.py:226] Failed to delete temp file /tmp/instance_heuristic_488eyfhm.pddl: [Errno 2] No such file or directory: '/tmp/instance_heuristic_488eyfhm.pddl'
[EVAL INSTANCE] completed number=19 path=../problems/numeric/mprime/instances/pfile27.pddl status=success elapsed=28.80s success=1.0 steps=5
[EVAL][PLAN] EASY       | pfile27.pddl | steps=5 | plan=['overcome boils satisfaction scallion', 'overcome grief satisfaction scallion', 'feast satisfaction scallion guava', 'succumb boils satisfaction guava', 'succumb grief satisfaction guava']
[EVAL INSTANCE] started number=20 path=../problems/numeric/mprime/instances/pfile28.pddl pid=3960713
mdpsim:../problems/numeric/mprime/domain.pddl:3: assuming `:typing' requirement
mdpsim:../problems/numeric/mprime/domain.pddl:15: assuming `:fluents' requirement
[EVAL|Easy|3960713] Setting C/Python/Numpy/TF seeds to 1239739741
Starting [EVAL|Easy|3960713] on instance [19] ../problems/numeric/mprime/instances/pfile28.pddl
Starting to parse mdpsim problem: mprime-x-28
Finished parsing mdpsim problem: mprime-x-28
[EVAL|Easy|3960713] ACTION POLICY INITIALIZED
[EVAL|Easy|3960713] policy_class = ArgmaxGoalChasePathDuplicatePenaltyPolicy
[EVAL|Easy|3960713] distance_threshold = inf
[EVAL|Easy|3960713] duplicate_penalty = 0.0
[EVAL|Easy|3960713] root_visit_tie_break = action_id
[2026-09-15 00:32:46,568] [INFO] [enhspwrapper.py:84] Created temporary domain file: /tmp/domain_heuristic_ly2cr15a.pddl
[2026-09-15 00:32:46,568] [INFO] [enhspwrapper.py:93] Created temporary instance file: /tmp/instance_heuristic_tcm5e5yh.pddl
[2026-09-15 00:32:46,876] [INFO] [enhspwrapper.py:51] Starting the heuristic server with config: hmrp-ha-gbfs
[MCTS SEARCH SUMMARY] progressive_widening=True iterations_per_search=70 search_calls=14 nodes=1363 peak_nodes=1363 widening_events=830
[MCTS WIDTH SUMMARY] final_widths=(count=1363 min=0 mean=1.38 median=0 p90=3 p95=4 max=15) root_widths=(count=14 min=4 mean=11.43 median=12 p90=15 p95=15 max=15) widen_event_widths=(count=830 min=1 mean=4.25 median=3 p90=7 p95=10 max=15) admitted_policy_ranks=(count=1876 min=1 mean=1.84 median=2 p90=3 p95=3 max=3)
[MCTS DISTRIBUTION] final_width_counts=(0=837,1=1,2=4,3=420,4=41,5=22,6=12,7=10,8=3,9=1,10=2,11=1,12=1,14=5,15=3) node_visit_bins=(0=704,1=130,2=21,3-4=48,5-8=83,9-16=86,17-32=102,33-64=123,65-128=35,129+=31) selection_depth_bins=(0=17,1=16,2=29,3-4=53,5-8=110,9-16=241,17-32=264,33-64=250)
[MCTS WIDTH BY DEPTH] depth=0 count=979 min=3 mean=10.92 median=12 p90=15 p95=15 max=15
[MCTS WIDTH COUNTS BY DEPTH] depth=0 counts=(3=45,4=26,5=30,6=41,7=42,8=65,9=60,10=67,11=64,12=89,13=140,14=211,15=99)
[MCTS WIDTH BY DEPTH] depth=1 count=962 min=3 mean=10.61 median=12 p90=14 p95=14 max=15
[MCTS WIDTH COUNTS BY DEPTH] depth=1 counts=(3=52,4=28,5=30,6=41,7=53,8=53,9=60,10=59,11=81,12=79,13=226,14=156,15=44)
[MCTS WIDTH BY DEPTH] depth=2 count=936 min=3 mean=9.33 median=10 p90=13 p95=14 max=14
[MCTS WIDTH COUNTS BY DEPTH] depth=2 counts=(3=108,4=27,5=30,6=62,7=52,8=48,9=97,10=98,11=71,12=119,13=169,14=55)
[MCTS WIDTH BY DEPTH] depth=3-4 count=1791 min=3 mean=7.50 median=7 p90=12 p95=12 max=13
[MCTS WIDTH COUNTS BY DEPTH] depth=3-4 counts=(3=301,4=133,5=126,6=181,7=175,8=175,9=131,10=136,11=151,12=217,13=65)
[MCTS WIDTH BY DEPTH] depth=5-9 count=3993 min=3 mean=5.90 median=5 p90=10 p95=11 max=12
[MCTS WIDTH COUNTS BY DEPTH] depth=5-9 counts=(3=1336,4=385,5=377,6=374,7=313,8=267,9=300,10=293,11=243,12=105)
[MCTS WIDTH BY DEPTH] depth=10-19 count=5720 min=3 mean=3.74 median=3 p90=6 p95=6 max=9
[MCTS WIDTH COUNTS BY DEPTH] depth=10-19 counts=(3=3705,4=705,5=680,6=436,7=116,8=60,9=18)
[MCTS WIDTH BY DEPTH] depth=20-49 count=6473 min=1 mean=3.15 median=3 p90=4 p95=4 max=6
[MCTS WIDTH COUNTS BY DEPTH] depth=20-49 counts=(1=37,2=66,3=5585,4=542,5=185,6=58)
[MCTS WIDTH BY DEPTH] depth=50-99 count=71 min=2 mean=2.97 median=3 p90=4 p95=5 max=5
[MCTS WIDTH COUNTS BY DEPTH] depth=50-99 counts=(2=20,3=38,4=8,5=5)
[MCTS DEPTH SUMMARY] selection_depths=(count=980 min=0 mean=20.89 median=17 p90=42 p95=46 max=59) horizon_cutoffs=(count=0)
[MCTS ACTION SUMMARY] selected_raw_policy_ranks=(count=14 min=1 mean=1.21 median=1 p90=2 p95=2 max=2) known_goal_decisions=0 infeasible_known_goal_decisions=0
[MCTS TIME SUMMARY] selection=0.680397s expansion=12.579234s successor_generation=1.997786s network_inference=10.373947s evaluation=1.489584s backpropagation=0.089866s
[2026-09-15 00:32:57,537] [INFO] [enhspwrapper.py:224] Deleted temp file: /tmp/domain_heuristic_ly2cr15a.pddl
[2026-09-15 00:32:57,537] [INFO] [enhspwrapper.py:224] Deleted temp file: /tmp/instance_heuristic_tcm5e5yh.pddl
[2026-09-15 00:32:57,537] [WARNING] [enhspwrapper.py:226] Failed to delete temp file /tmp/domain_heuristic_ly2cr15a.pddl: [Errno 2] No such file or directory: '/tmp/domain_heuristic_ly2cr15a.pddl'
[2026-09-15 00:32:57,537] [WARNING] [enhspwrapper.py:226] Failed to delete temp file /tmp/instance_heuristic_tcm5e5yh.pddl: [Errno 2] No such file or directory: '/tmp/instance_heuristic_tcm5e5yh.pddl'
[EVAL INSTANCE] completed number=20 path=../problems/numeric/mprime/instances/pfile28.pddl status=success elapsed=23.80s success=1.0 steps=14
[EVAL][PLAN] EASY       | pfile28.pddl | steps=14 | plan=['feast intoxication wurst lamb', 'overcome grief intoxication lamb', 'feast intoxication lamb broccoli', 'overcome boils intoxication broccoli', 'feast intoxication broccoli lamb', 'succumb grief intoxication lamb', 'drink muffin wurst', 'succumb boils intoxication lamb', 'feast intoxication lamb wurst', 'feast intoxication wurst muffin', 'overcome anger intoxication muffin', 'feast intoxication muffin broccoli', 'feast intoxication broccoli lamb', 'succumb anger intoxication lamb']
[EVAL INSTANCE] timeout number=10 path=../problems/numeric/mprime/instances/pfile18.pddl limit=21600.0s
[MCTS SEARCH SUMMARY] progressive_widening=True iterations_per_search=70 search_calls=12 nodes=2065 peak_nodes=2065 widening_events=840
[MCTS WIDTH SUMMARY] final_widths=(count=2065 min=0 mean=1.08 median=0 p90=3 p95=3 max=15) root_widths=(count=12 min=4 mean=9.75 median=10 p90=14 p95=15 max=15) widen_event_widths=(count=840 min=3 mean=3.67 median=3 p90=5 p95=8 max=15) admitted_policy_ranks=(count=2228 min=1 mean=1.93 median=2 p90=3 p95=3 max=3)
[MCTS DISTRIBUTION] final_width_counts=(0=1371,3=650,4=22,5=5,6=4,7=3,8=1,10=2,11=1,12=2,13=1,14=1,15=2) node_visit_bins=(0=1276,1=96,2=20,3-4=44,5-8=82,9-16=174,17-32=210,33-64=136,65-128=14,129+=13) selection_depth_bins=(0=17,1=19,2=17,3-4=39,5-8=104,9-16=211,17-32=258,33-64=161,65-128=14)
[MCTS WIDTH BY DEPTH] depth=0 count=839 min=3 mean=9.09 median=10 p90=14 p95=14 max=15
[MCTS WIDTH COUNTS BY DEPTH] depth=0 counts=(3=70,4=69,5=63,6=57,7=46,8=53,9=53,10=67,11=73,12=89,13=86,14=92,15=21)
[MCTS WIDTH BY DEPTH] depth=1 count=819 min=3 mean=8.82 median=9 p90=14 p95=14 max=15
[MCTS WIDTH COUNTS BY DEPTH] depth=1 counts=(3=153,4=30,5=33,6=37,7=46,8=53,9=61,10=66,11=74,12=80,13=86,14=92,15=8)
[MCTS WIDTH BY DEPTH] depth=2 count=798 min=3 mean=7.83 median=8 p90=13 p95=13 max=14
[MCTS WIDTH COUNTS BY DEPTH] depth=2 counts=(3=219,4=25,5=33,6=37,7=46,8=53,9=60,10=68,11=72,12=80,13=86,14=19)
[MCTS WIDTH BY DEPTH] depth=3-4 count=1540 min=3 mean=6.63 median=6 p90=11 p95=12 max=13
[MCTS WIDTH COUNTS BY DEPTH] depth=3-4 counts=(3=537,4=93,5=79,6=79,7=89,8=106,9=120,10=158,11=144,12=109,13=26)
[MCTS WIDTH BY DEPTH] depth=5-9 count=3400 min=3 mean=4.74 median=3 p90=8 p95=9 max=11
[MCTS WIDTH COUNTS BY DEPTH] depth=5-9 counts=(3=1767,4=276,5=242,6=323,7=264,8=202,9=183,10=117,11=26)
[MCTS WIDTH BY DEPTH] depth=10-19 count=4786 min=3 mean=3.13 median=3 p90=3 p95=4 max=6
[MCTS WIDTH COUNTS BY DEPTH] depth=10-19 counts=(3=4331,4=302,5=142,6=11)
[MCTS WIDTH BY DEPTH] depth=20-49 count=5301 min=3 mean=3.00 median=3 p90=3 p95=3 max=4
[MCTS WIDTH COUNTS BY DEPTH] depth=20-49 counts=(3=5284,4=17)
[MCTS WIDTH BY DEPTH] depth=50-99 count=595 min=3 mean=3.00 median=3 p90=3 p95=3 max=3
[MCTS WIDTH COUNTS BY DEPTH] depth=50-99 counts=(3=595)
[MCTS DEPTH SUMMARY] selection_depths=(count=840 min=0 mean=21.35 median=17 p90=46 p95=56 max=70) horizon_cutoffs=(count=0)
[MCTS ACTION SUMMARY] selected_raw_policy_ranks=(count=12 min=1 mean=1.42 median=1 p90=1 p95=6 max=6) known_goal_decisions=0 infeasible_known_goal_decisions=0
[MCTS TIME SUMMARY] selection=0.491999s expansion=809.404304s successor_generation=541.734230s network_inference=263.013170s evaluation=321.580221s backpropagation=0.100771s
[2026-09-15 00:40:35,581] [INFO] [enhspwrapper.py:224] Deleted temp file: /tmp/domain_heuristic_s3ni4zq8.pddl
[2026-09-15 00:40:35,581] [INFO] [enhspwrapper.py:224] Deleted temp file: /tmp/instance_heuristic_g_d9lmfa.pddl
[2026-09-15 00:40:35,581] [WARNING] [enhspwrapper.py:226] Failed to delete temp file /tmp/domain_heuristic_s3ni4zq8.pddl: [Errno 2] No such file or directory: '/tmp/domain_heuristic_s3ni4zq8.pddl'
[2026-09-15 00:40:35,582] [WARNING] [enhspwrapper.py:226] Failed to delete temp file /tmp/instance_heuristic_g_d9lmfa.pddl: [Errno 2] No such file or directory: '/tmp/instance_heuristic_g_d9lmfa.pddl'
[EVAL INSTANCE] completed number=14 path=../problems/numeric/mprime/instances/pfile22.pddl status=success elapsed=1267.64s success=1.0 steps=12
[EVAL][PLAN] EASY       | pfile22.pddl | steps=12 | plan=['overcome hangover understanding ham', 'feast understanding ham guava', 'feast satisfaction pepper lamb', 'feast rest pea lamb', 'drink marzipan guava', 'feast understanding guava chicken', 'feast understanding chicken cherry', 'drink bacon cherry', 'feast understanding cherry scallop', 'feast understanding scallop shrimp', 'feast understanding shrimp lamb', 'succumb hangover understanding lamb']

[EVAL FINAL] success=17.0/20=0.850
[EVAL] EASY       | success=0.850 | instances= 20 | avg_len_success=10.65 | avg_len_fail=-2.00

[EVAL] SUCCESSFUL PLAN SUMMARY
[EVAL][PLAN SUMMARY] EASY       | pfile01.pddl | steps=5 | plan=['overcome abrasion rest pork', 'feast rest pork lamb', 'feast rest lamb flounder', 'feast rest flounder rice', 'succumb abrasion rest rice']
[EVAL][PLAN SUMMARY] EASY       | pfile02.pddl | steps=8 | plan=['overcome grief-7 entertainment ham', 'feast satiety onion beef', 'feast entertainment ham muffin', 'overcome depression-1 entertainment muffin', 'feast entertainment muffin onion', 'feast entertainment onion beef', 'succumb grief-7 entertainment beef', 'succumb depression-1 entertainment beef']
[EVAL][PLAN SUMMARY] EASY       | pfile04.pddl | steps=9 | plan=['feast aesthetics shrimp cherry', 'feast aesthetics cherry arugula', 'feast aesthetics arugula wurst', 'drink bacon wurst', 'feast aesthetics wurst grapefruit', 'overcome sciatica aesthetics grapefruit', 'drink muffin grapefruit', 'feast aesthetics grapefruit wurst', 'succumb sciatica aesthetics wurst']
[EVAL][PLAN SUMMARY] EASY       | pfile05.pddl | steps=14 | plan=['overcome grief satisfaction broccoli', 'drink turkey sweetroll', 'feast satisfaction broccoli chocolate', 'feast satisfaction chocolate shrimp', 'succumb grief satisfaction shrimp', 'feast lubricity sweetroll scallop', 'drink broccoli sweetroll', 'feast satisfaction shrimp sweetroll', 'feast satisfaction sweetroll scallop', 'drink broccoli scallop', 'overcome loneliness satisfaction scallop', 'feast satisfaction scallop cherry', 'feast satisfaction cherry shrimp', 'succumb loneliness satisfaction shrimp']
[EVAL][PLAN SUMMARY] EASY       | pfile09.pddl | steps=11 | plan=['overcome jealousy excitement guava', 'overcome sciatica entertainment flounder', 'feast excitement guava haroset', 'feast curiosity hotdog wurst', 'feast excitement haroset hamburger', 'drink guava hamburger', 'feast excitement hamburger flounder', 'feast excitement flounder wurst', 'succumb jealousy excitement wurst', 'feast entertainment flounder hamburger', 'succumb sciatica entertainment hamburger']
[EVAL][PLAN SUMMARY] EASY       | pfile15.pddl | steps=23 | plan=['overcome jealousy satisfaction pistachio', 'feast empathy onion ham', 'feast understanding cod chicken', 'feast satisfaction pistachio broccoli', 'feast curiosity turkey cantelope', 'feast curiosity cantelope chicken', 'feast satisfaction broccoli lemon', 'feast satisfaction lemon haroset', 'feast satisfaction haroset lemon', 'feast satisfaction lemon haroset', 'feast satisfaction haroset lemon', 'feast satisfaction lemon haroset', 'feast satisfaction haroset lemon', 'overcome loneliness stimulation lobster', 'feast stimulation lobster cucumber', 'feast stimulation cucumber lobster', 'feast stimulation lobster ham', 'feast empathy ham lobster', 'feast understanding chicken cantelope', 'feast understanding cantelope chicken', 'feast satisfaction lemon cod', 'feast satisfaction cod chicken', 'succumb jealousy satisfaction chicken']
[EVAL][PLAN SUMMARY] EASY       | pfile16.pddl | steps=6 | plan=['overcome abrasion learning baguette', 'overcome sciatica learning baguette', 'drink wonderbread baguette', 'feast learning baguette rice', 'succumb abrasion learning rice', 'succumb sciatica learning rice']
[EVAL][PLAN SUMMARY] EASY       | pfile19.pddl | steps=11 | plan=['feast love haroset lobster', 'feast lubricity lemon beef', 'overcome abrasion lubricity beef', 'drink lamb wonderbread', 'feast lubricity beef marzipan', 'feast lubricity marzipan tofu', 'feast lubricity tofu marzipan', 'feast lubricity marzipan wonderbread', 'feast lubricity wonderbread bacon', 'feast lubricity bacon lobster', 'succumb abrasion lubricity lobster']
[EVAL][PLAN SUMMARY] EASY       | pfile20.pddl | steps=11 | plan=['overcome abrasion intoxication wonderbread', 'overcome laceration achievement cherry', 'feast achievement cherry turkey', 'succumb laceration achievement turkey', 'feast intoxication wonderbread mutton', 'feast intoxication mutton pork', 'feast intoxication pork cod', 'feast intoxication cod marzipan', 'feast intoxication marzipan cherry', 'feast intoxication cherry pepper', 'succumb abrasion intoxication pepper']
[EVAL][PLAN SUMMARY] EASY       | pfile21.pddl | steps=7 | plan=['feast love flounder wurst', 'feast learning lemon wurst', 'overcome sciatica love wurst', 'drink popover wurst', 'feast love wurst snickers', 'feast love snickers apple', 'succumb sciatica love apple']
[EVAL][PLAN SUMMARY] EASY       | pfile22.pddl | steps=12 | plan=['overcome hangover understanding ham', 'feast understanding ham guava', 'feast satisfaction pepper lamb', 'feast rest pea lamb', 'drink marzipan guava', 'feast understanding guava chicken', 'feast understanding chicken cherry', 'drink bacon cherry', 'feast understanding cherry scallop', 'feast understanding scallop shrimp', 'feast understanding shrimp lamb', 'succumb hangover understanding lamb']
[EVAL][PLAN SUMMARY] EASY       | pfile23.pddl | steps=16 | plan=['feast intoxication onion apple', 'overcome laceration intoxication apple', 'feast intoxication apple pistachio', 'drink wonderbread hotdog', 'feast intoxication pistachio cherry', 'feast intoxication cherry pistachio', 'feast intoxication pistachio cherry', 'feast intoxication cherry pistachio', 'drink wonderbread onion', 'feast intoxication pistachio scallop', 'feast intoxication scallop ham', 'feast intoxication ham papaya', 'feast intoxication papaya lamb', 'feast intoxication lamb hotdog', 'feast intoxication hotdog chicken', 'succumb laceration intoxication chicken']
[EVAL][PLAN SUMMARY] EASY       | pfile24.pddl | steps=9 | plan=['feast curiosity muffin apple', 'overcome anger-12 curiosity apple', 'drink potato apple', 'feast curiosity apple muffin', 'feast curiosity muffin tofu', 'drink potato cherry', 'drink potato tofu', 'feast curiosity tofu cherry', 'succumb anger-12 curiosity cherry']
[EVAL][PLAN SUMMARY] EASY       | pfile25.pddl | steps=4 | plan=['feast expectation tuna wurst', 'overcome depression expectation wurst', 'feast expectation wurst chicken', 'succumb depression expectation chicken']
[EVAL][PLAN SUMMARY] EASY       | pfile26.pddl | steps=16 | plan=['overcome boils entertainment haroset', 'feast entertainment haroset rice', 'feast entertainment rice haroset', 'feast entertainment haroset rice', 'feast entertainment rice haroset', 'feast entertainment haroset rice', 'feast entertainment rice haroset', 'feast entertainment haroset rice', 'feast entertainment rice haroset', 'feast entertainment haroset hamburger', 'feast entertainment hamburger snickers', 'feast entertainment snickers pepper', 'drink hamburger pepper', 'feast entertainment pepper flounder', 'feast entertainment flounder papaya', 'succumb boils entertainment papaya']
[EVAL][PLAN SUMMARY] EASY       | pfile27.pddl | steps=5 | plan=['overcome boils satisfaction scallion', 'overcome grief satisfaction scallion', 'feast satisfaction scallion guava', 'succumb boils satisfaction guava', 'succumb grief satisfaction guava']
[EVAL][PLAN SUMMARY] EASY       | pfile28.pddl | steps=14 | plan=['feast intoxication wurst lamb', 'overcome grief intoxication lamb', 'feast intoxication lamb broccoli', 'overcome boils intoxication broccoli', 'feast intoxication broccoli lamb', 'succumb grief intoxication lamb', 'drink muffin wurst', 'succumb boils intoxication lamb', 'feast intoxication lamb wurst', 'feast intoxication wurst muffin', 'overcome anger intoxication muffin', 'feast intoxication muffin broccoli', 'feast intoxication broccoli lamb', 'succumb anger intoxication lamb']

[EVAL] OVERALL success=0.850
spec:  
=== SpawnExploreSpec ===

  [ CORE ]
    domain_type                              : numeric
    pddls                                    : ('../problems/numeric/mprime/domain.pddl', '../problems/numeric/mprime/instances/pfile01.pddl')
    difficulty                               : Easy
    trainer_seed                             : 1239739722
    slot_id                                  : 0
    num_slots                                : 20

  [ PLANNER / TEACHER ]
    teacher_planner                          : enhsp
    teacher_timeout_s                        : 1
    use_teacher_envelope                     : False
    enhsp_config                             : hmrp-ha-gbfs
    max_len                                  : 10000

  [ HEURISTICS ]
    ssipp_dg_heuristic                       : None
    fd_heuristic                             : astar-hadd
    ssipp_teacher_heuristic                  : lm-cut
    use_lm_cuts                              : False
    use_numeric_landmarks                    : False
    use_contributions                        : False

  [ MCTS & EXPLORATION ]
    mcts_iterations                          : 70
    mcts_expansion_k                         : 20
    mcts_exploration_weight                  : 0.1
    mcts_progressive_widening                : True
    mcts_pw_min_width                        : 3
    mcts_pw_c                                : 0.6
    mcts_pw_alpha                            : 0.5
    mcts_root_visit_tie_break                : action_id
    mcts_her_strategy                        : False
    sample_k_additional_states               : 0

  [ ESTIMATOR & DECAY ]
    estimator_h_to_v_coeff                   : 1.0
    use_estimator                            : 0.5
    estimator_decay_coeff_start              : 1.0
    estimator_decay_coeff_end                : 0.2
    estimator_decay_epochs                   : 0

  [ ACTION POLICY ]
    action_policy                            : argmax
    action_policy_epsilon                    : 0.0
    action_policy_temperature                : None
    action_policy_decay_rate                 : None
    action_policy_duplicate_penalty          : 0.0

  [ MISC / TRAINING ]
    use_fluents                              : True
    use_comps                                : False
    fixed_instance_pddl                      : False
    original_training_set                    : False
    freeze_train_steps                       : 50
    freeze_batch_size                        : 32

  [ OTHER ]
    use_act_history                          : True
    only_one_good_action                     : False
    heuristic_bootstrapping                  : False
    goal_path_reconstruction                 : None
    ENHSP_plan_bootstrap                     : True
    est_plan_z                               : False
    timeout                                  : 86400
    puct_debug                               : False
    action_debug                             : False
    use_estimator_decay                      : False
    action_policy_goal_chase_distance_threshold : -1
    evaluation_mode                          : True
    evaluation_index                         : 1
    mcts_enforce_remaining_horizon           : False
    mcts_terminal_safe_action_selection      : False
    mcts_context_diagnostics                 : False
    mcts_contextual_nodes                    : False
    mcts_context_witness_limit               : 128

Inference success rate: 0.85, took: 23186.12223482132s
Importing architecture from experiments_numeric.architecture_2.mprime_mcts
Importing problem from experiments_numeric.domain.mprime
Resuming from checkpoint "/home/hersco/bershco-nu-asnets/numeric-asnets/asnets/experiment-results/experiments_numeric.domain.mprime_validation_ipc_scale_v1-experiments_numeric.architecture_2.mprime-2026-08-27T10:22:09.631660/P[domain,pfile01,pfile02,pfile04,pfile05]-S[0.003,50,enhsp-hmrp-ha-gbfs]-MO[]-T[518400]-04915056-7d9a779/snapshots/snapshot_20_0.750"
Using experiment dir "/home/hersco/bershco-nu-asnets/numeric-asnets/asnets/experiment-results/experiments_numeric.domain.mprime_validation_ipc_scale_v1-experiments_numeric.architecture_2.mprime-2026-08-27T10:22:09.631660"






Testing network
Running command line "/home/hersco/bershco-nu-asnets/numeric-asnets/venv-asnets/bin/python3 -u -m asnets.scripts.run_asnets --no-train --minimal-file-saves --resume-from /home/hersco/bershco-nu-asnets/numeric-asnets/asnets/experiment-results/experiments_numeric.domain.mprime_validation_ipc_scale_v1-experiments_numeric.architecture_2.mprime-2026-08-27T10:22:09.631660/P[domain,pfile01,pfile02,pfile04,pfile05]-S[0.003,50,enhsp-hmrp-ha-gbfs]-MO[]-T[518400]-04915056-7d9a779/snapshots/snapshot_20_0.750 -e /home/hersco/bershco-nu-asnets/numeric-asnets/asnets/experiment-results/experiments_numeric.domain.mprime_validation_ipc_scale_v1-experiments_numeric.architecture_2.mprime-2026-08-27T10:22:09.631660 --jpddl-max-heap 4g --eval-with-mcts --eval-scheduling rolling --eval-instance-timeout 21600.0 --eval-completion-file /home/hersco/training_new_domains/2026-09-13/mprime_phase_b_a_stage1_pw70/on/1239739722/full/completion/mprime-s1-phase-b-a-on-1239739722-e0020-pw70-k3.jsonl --det-eval --no-use-lm-cuts --use-act-history --no-use-teacher-envelope --max-opt-epochs 1000 --teacher-timeout-s 1 --use-fluents --enhsp-config hmrp-ha-gbfs --limit-train-obs-size 1200 --exploration-algorithm mcts --rollouts 2 --min-explored 10 --max-explored 1000 --exploration-learning-ratio 10 --max-replay-size 150000 --action-policy argmax --action-policy-epsilon 0.0 --domain-type numeric --num-layers 2 --hidden-size 15 --l2-reg 0.005 --l1-reg 0.0 --mse 0.5 -R 1 -L 10000 -t 518400 --supervised-lr 0.003 --supervised-bs 50 --supervised-early-stop 20 --save-every 1 --opt-batch-per-epoch 60 --teacher-planner enhsp --sup-objective MCTS_VISIT_DIST -L 10000 --seed 1239739722 --mcts-expansion-size 20 --mcts-heuristic hadd-gbfs --mcts-exploration-weight 0.1 --mcts-progressive-widening --mcts-pw-min-width 3 --mcts-pw-c 0.6 --mcts-pw-alpha 0.5 --num-workers 3 --mcts-iterations 70 --use-estimator 0.5 ../problems/numeric/mprime/domain.pddl ../problems/numeric/mprime/instances/pfile01.pddl ../problems/numeric/mprime/instances/pfile02.pddl ../problems/numeric/mprime/instances/pfile04.pddl ../problems/numeric/mprime/instances/pfile05.pddl ../problems/numeric/mprime/instances/pfile09.pddl ../problems/numeric/mprime/instances/pfile13.pddl ../problems/numeric/mprime/instances/pfile14.pddl ../problems/numeric/mprime/instances/pfile15.pddl ../problems/numeric/mprime/instances/pfile16.pddl ../problems/numeric/mprime/instances/pfile18.pddl ../problems/numeric/mprime/instances/pfile19.pddl ../problems/numeric/mprime/instances/pfile20.pddl ../problems/numeric/mprime/instances/pfile21.pddl ../problems/numeric/mprime/instances/pfile22.pddl ../problems/numeric/mprime/instances/pfile23.pddl ../problems/numeric/mprime/instances/pfile24.pddl ../problems/numeric/mprime/instances/pfile25.pddl ../problems/numeric/mprime/instances/pfile26.pddl ../problems/numeric/mprime/instances/pfile27.pddl ../problems/numeric/mprime/instances/pfile28.pddl --validation-pddls-easy ../problems/numeric/mprime/valid_easy/pfile0.pddl ../problems/numeric/mprime/valid_easy/pfile1.pddl ../problems/numeric/mprime/valid_easy/pfile2.pddl ../problems/numeric/mprime/valid_easy/pfile3.pddl ../problems/numeric/mprime/valid_easy/pfile4.pddl ../problems/numeric/mprime/valid_easy/pfile5.pddl ../problems/numeric/mprime/valid_easy/pfile6.pddl ../problems/numeric/mprime/valid_easy/pfile7.pddl ../problems/numeric/mprime/valid_easy/pfile8.pddl ../problems/numeric/mprime/valid_easy/pfile9.pddl --validation-pddls-medium ../problems/numeric/mprime/valid_medium/pfile0.pddl ../problems/numeric/mprime/valid_medium/pfile1.pddl ../problems/numeric/mprime/valid_medium/pfile2.pddl ../problems/numeric/mprime/valid_medium/pfile3.pddl ../problems/numeric/mprime/valid_medium/pfile4.pddl ../problems/numeric/mprime/valid_medium/pfile5.pddl ../problems/numeric/mprime/valid_medium/pfile6.pddl ../problems/numeric/mprime/valid_medium/pfile7.pddl ../problems/numeric/mprime/valid_medium/pfile8.pddl ../problems/numeric/mprime/valid_medium/pfile9.pddl --validation-pddls-hard ../problems/numeric/mprime/valid_hard/pfile0.pddl ../problems/numeric/mprime/valid_hard/pfile1.pddl ../problems/numeric/mprime/valid_hard/pfile2.pddl ../problems/numeric/mprime/valid_hard/pfile3.pddl ../problems/numeric/mprime/valid_hard/pfile4.pddl ../problems/numeric/mprime/valid_hard/pfile5.pddl ../problems/numeric/mprime/valid_hard/pfile6.pddl ../problems/numeric/mprime/valid_hard/pfile7.pddl ../problems/numeric/mprime/valid_hard/pfile8.pddl ../problems/numeric/mprime/valid_hard/pfile9.pddl"
Will write results to /home/hersco/bershco-nu-asnets/numeric-asnets/asnets/experiment-results/experiments_numeric.domain.mprime_validation_ipc_scale_v1-experiments_numeric.architecture_2.mprime-2026-08-27T10:22:09.631660/runs/34e4cfc933bd5ea2563e5de845e5ae53
Force-killing a process
Process exited with code -15: tee /home/hersco/bershco-nu-asnets/numeric-asnets/asnets/experiment-results/experiments_numeric.domain.mprime_validation_ipc_scale_v1-experiments_numeric.architecture_2.mprime-2026-08-27T10:22:09.631660/runs/34e4cfc933bd5ea2563e5de845e5ae53/stdout
Force-killing a process
Process exited with code -15: tee /home/hersco/bershco-nu-asnets/numeric-asnets/asnets/experiment-results/experiments_numeric.domain.mprime_validation_ipc_scale_v1-experiments_numeric.architecture_2.mprime-2026-08-27T10:22:09.631660/runs/34e4cfc933bd5ea2563e5de845e5ae53/stderr
Fin :-)
[VAL] Starting validation guardrail
[VAL] Log       : /home/hersco/training_new_domains/2026-09-13/mprime_phase_b_a_stage1_pw70/on/1239739722/full/attempts/21264782_r0.txt
[VAL] Domain    : mprime
[VAL] Validator : /home/hersco/tools/VAL/build/bin/Validate
[VAL] Domain module : /home/hersco/bershco-nu-asnets/numeric-asnets-mprime-pw-9fe4f9e6/asnets/experiments_numeric/domain/mprime.py
[VAL] PDDL dir      : /home/hersco/bershco-nu-asnets/numeric-asnets-mprime-pw-9fe4f9e6/problems/numeric/mprime
[VAL] COMMON_PDDLS  : /home/hersco/bershco-nu-asnets/numeric-asnets-mprime-pw-9fe4f9e6/problems/numeric/mprime/domain.pddl
[VAL] Evaluator successes : 17
[VAL] Evaluator total     : 20
[VAL] Plan records found  : 17
[VAL] Unique instances    : 17
[VAL] OK   pfile01.pddl (1 candidate plan(s))
[VAL] OK   pfile04.pddl (1 candidate plan(s))
[VAL] OK   pfile02.pddl (1 candidate plan(s))
[VAL] OK   pfile09.pddl (1 candidate plan(s))
[VAL] OK   pfile05.pddl (1 candidate plan(s))
[VAL] OK   pfile15.pddl (1 candidate plan(s))
[VAL] OK   pfile16.pddl (1 candidate plan(s))
[VAL] OK   pfile20.pddl (1 candidate plan(s))
[VAL] OK   pfile19.pddl (1 candidate plan(s))
[VAL] OK   pfile21.pddl (1 candidate plan(s))
[VAL] OK   pfile23.pddl (1 candidate plan(s))
[VAL] OK   pfile24.pddl (1 candidate plan(s))
[VAL] OK   pfile25.pddl (1 candidate plan(s))
[VAL] OK   pfile26.pddl (1 candidate plan(s))
[VAL] OK   pfile27.pddl (1 candidate plan(s))
[VAL] OK   pfile28.pddl (1 candidate plan(s))
[VAL] OK   pfile22.pddl (1 candidate plan(s))
[VAL] Summary CSV        : /home/hersco/training_new_domains/2026-09-13/mprime_phase_b_a_stage1_pw70/on/1239739722/full/validation/21264782_r0.val.csv

[VAL] ===== VALIDATION SUMMARY =====
[VAL] Evaluator successes : 17
[VAL] Printed plan records: 17
[VAL] Printed instances   : 17
[VAL] VAL-valid plans     : 17
[VAL] VAL-invalid plans   : 0
[VAL] =================================
[VAL] Retry-aware partial validation successful: all unique printed successful instances pass VAL
