experiment_id,manifest_id,domain,stage,value_head,seed,arm,iterations,job_id,slurm_state,source_log,instance_number,instance_path,status,elapsed_seconds,success,steps,success_le_1800s,success_le_7200s,success_le_21600s
MCTS-SAFE-CONTEXT,context-full-drone-off-1963100312-physical,drone,,off,1963100312,physical,70,20688117,COMPLETED,/home/hersco/training_new_domains/2026-08-28/mcts_safe_context_full/context-full-drone-off-1963100312-physical_20688117.out,1,../problems/numeric/drone/instances/problem_1_1_2.pddl,success,57.76,True,4,1,1,1
MCTS-SAFE-CONTEXT,context-full-drone-off-1963100312-physical,drone,,off,1963100312,physical,70,20688117,COMPLETED,/home/hersco/training_new_domains/2026-08-28/mcts_safe_context_full/context-full-drone-off-1963100312-physical_20688117.out,2,../problems/numeric/drone/instances/problem_1_1_4.pddl,success,60.07,True,10,1,1,1
MCTS-SAFE-CONTEXT,context-full-drone-off-1963100312-physical,drone,,off,1963100312,physical,70,20688117,COMPLETED,/home/hersco/training_new_domains/2026-08-28/mcts_safe_context_full/context-full-drone-off-1963100312-physical_20688117.out,3,../problems/numeric/drone/instances/problem_1_8_1.pddl,success,66.98,True,35,1,1,1
MCTS-SAFE-CONTEXT,context-full-drone-off-1963100312-physical,drone,,off,1963100312,physical,70,20688117,COMPLETED,/home/hersco/training_new_domains/2026-08-28/mcts_safe_context_full/context-full-drone-off-1963100312-physical_20688117.out,4,../problems/numeric/drone/instances/problem_1_9_3.pddl,unsolved,252.52,False,320,0,0,0
MCTS-SAFE-CONTEXT,context-full-drone-off-1963100312-physical,drone,,off,1963100312,physical,70,20688117,COMPLETED,/home/hersco/training_new_domains/2026-08-28/mcts_safe_context_full/context-full-drone-off-1963100312-physical_20688117.out,5,../problems/numeric/drone/instances/problem_2_5_4.pddl,unsolved,639.84,False,201,0,0,0
MCTS-SAFE-CONTEXT,context-full-drone-off-1963100312-physical,drone,,off,1963100312,physical,70,20688117,COMPLETED,/home/hersco/training_new_domains/2026-08-28/mcts_safe_context_full/context-full-drone-off-1963100312-physical_20688117.out,6,../problems/numeric/drone/instances/problem_2_8_3.pddl,unsolved,1850.73,False,395,0,0,0
MCTS-SAFE-CONTEXT,context-full-drone-off-1963100312-physical,drone,,off,1963100312,physical,70,20688117,COMPLETED,/home/hersco/training_new_domains/2026-08-28/mcts_safe_context_full/context-full-drone-off-1963100312-physical_20688117.out,7,../problems/numeric/drone/instances/problem_2_9_1.pddl,success,113.73,True,56,1,1,1
MCTS-SAFE-CONTEXT,context-full-drone-off-1963100312-physical,drone,,off,1963100312,physical,70,20688117,COMPLETED,/home/hersco/training_new_domains/2026-08-28/mcts_safe_context_full/context-full-drone-off-1963100312-physical_20688117.out,8,../problems/numeric/drone/instances/problem_3_3_4.pddl,unsolved,474.8,False,177,0,0,0
MCTS-SAFE-CONTEXT,context-full-drone-off-1963100312-physical,drone,,off,1963100312,physical,70,20688117,COMPLETED,/home/hersco/training_new_domains/2026-08-28/mcts_safe_context_full/context-full-drone-off-1963100312-physical_20688117.out,9,../problems/numeric/drone/instances/problem_4_2_5.pddl,unsolved,259.87,False,68,0,0,0
MCTS-SAFE-CONTEXT,context-full-drone-off-1963100312-physical,drone,,off,1963100312,physical,70,20688117,COMPLETED,/home/hersco/training_new_domains/2026-08-28/mcts_safe_context_full/context-full-drone-off-1963100312-physical_20688117.out,10,../problems/numeric/drone/instances/problem_4_9_5.pddl,timeout,21600.0,False,-1,0,0,0
MCTS-SAFE-CONTEXT,context-full-drone-off-1963100312-physical,drone,,off,1963100312,physical,70,20688117,COMPLETED,/home/hersco/training_new_domains/2026-08-28/mcts_safe_context_full/context-full-drone-off-1963100312-physical_20688117.out,11,../problems/numeric/drone/instances/problem_5_2_2.pddl,success,159.92,True,72,1,1,1
MCTS-SAFE-CONTEXT,context-full-drone-off-1963100312-physical,drone,,off,1963100312,physical,70,20688117,COMPLETED,/home/hersco/training_new_domains/2026-08-28/mcts_safe_context_full/context-full-drone-off-1963100312-physical_20688117.out,12,../problems/numeric/drone/instances/problem_5_10_1.pddl,unsolved,561.46,False,95,0,0,0
MCTS-SAFE-CONTEXT,context-full-drone-off-1963100312-physical,drone,,off,1963100312,physical,70,20688117,COMPLETED,/home/hersco/training_new_domains/2026-08-28/mcts_safe_context_full/context-full-drone-off-1963100312-physical_20688117.out,13,../problems/numeric/drone/instances/problem_6_8_1.pddl,success,805.76,True,175,1,1,1
MCTS-SAFE-CONTEXT,context-full-drone-off-1963100312-physical,drone,,off,1963100312,physical,70,20688117,COMPLETED,/home/hersco/training_new_domains/2026-08-28/mcts_safe_context_full/context-full-drone-off-1963100312-physical_20688117.out,14,../problems/numeric/drone/instances/problem_7_6_4.pddl,timeout,21600.0,False,-1,0,0,0
MCTS-SAFE-CONTEXT,context-full-drone-off-1963100312-physical,drone,,off,1963100312,physical,70,20688117,COMPLETED,/home/hersco/training_new_domains/2026-08-28/mcts_safe_context_full/context-full-drone-off-1963100312-physical_20688117.out,15,../problems/numeric/drone/instances/problem_8_1_2.pddl,success,131.31,True,45,1,1,1
MCTS-SAFE-CONTEXT,context-full-drone-off-1963100312-physical,drone,,off,1963100312,physical,70,20688117,COMPLETED,/home/hersco/training_new_domains/2026-08-28/mcts_safe_context_full/context-full-drone-off-1963100312-physical_20688117.out,16,../problems/numeric/drone/instances/problem_8_1_4.pddl,success,334.8,True,103,1,1,1
MCTS-SAFE-CONTEXT,context-full-drone-off-1963100312-physical,drone,,off,1963100312,physical,70,20688117,COMPLETED,/home/hersco/training_new_domains/2026-08-28/mcts_safe_context_full/context-full-drone-off-1963100312-physical_20688117.out,17,../problems/numeric/drone/instances/problem_8_1_5.pddl,success,523.1,True,130,1,1,1
MCTS-SAFE-CONTEXT,context-full-drone-off-1963100312-physical,drone,,off,1963100312,physical,70,20688117,COMPLETED,/home/hersco/training_new_domains/2026-08-28/mcts_safe_context_full/context-full-drone-off-1963100312-physical_20688117.out,18,../problems/numeric/drone/instances/problem_8_7_1.pddl,success,1443.24,True,195,1,1,1
MCTS-SAFE-CONTEXT,context-full-drone-off-1963100312-physical,drone,,off,1963100312,physical,70,20688117,COMPLETED,/home/hersco/training_new_domains/2026-08-28/mcts_safe_context_full/context-full-drone-off-1963100312-physical_20688117.out,19,../problems/numeric/drone/instances/problem_9_7_3.pddl,timeout,21600.0,False,-1,0,0,0
MCTS-SAFE-CONTEXT,context-full-drone-off-1963100312-physical,drone,,off,1963100312,physical,70,20688117,COMPLETED,/home/hersco/training_new_domains/2026-08-28/mcts_safe_context_full/context-full-drone-off-1963100312-physical_20688117.out,20,../problems/numeric/drone/instances/problem_10_10_3.pddl,timeout,21600.0,False,-1,0,0,0
MCTS-SAFE-CONTEXT,context-full-drone-off-1963100312-contextual,drone,,off,1963100312,contextual,70,20688118,COMPLETED,/home/hersco/training_new_domains/2026-08-28/mcts_safe_context_full/context-full-drone-off-1963100312-contextual_20688118.out,1,../problems/numeric/drone/instances/problem_1_1_2.pddl,success,53.78,True,4,1,1,1
MCTS-SAFE-CONTEXT,context-full-drone-off-1963100312-contextual,drone,,off,1963100312,contextual,70,20688118,COMPLETED,/home/hersco/training_new_domains/2026-08-28/mcts_safe_context_full/context-full-drone-off-1963100312-contextual_20688118.out,2,../problems/numeric/drone/instances/problem_1_1_4.pddl,success,51.14,True,10,1,1,1
MCTS-SAFE-CONTEXT,context-full-drone-off-1963100312-contextual,drone,,off,1963100312,contextual,70,20688118,COMPLETED,/home/hersco/training_new_domains/2026-08-28/mcts_safe_context_full/context-full-drone-off-1963100312-contextual_20688118.out,3,../problems/numeric/drone/instances/problem_1_8_1.pddl,success,63.25,True,35,1,1,1
MCTS-SAFE-CONTEXT,context-full-drone-off-1963100312-contextual,drone,,off,1963100312,contextual,70,20688118,COMPLETED,/home/hersco/training_new_domains/2026-08-28/mcts_safe_context_full/context-full-drone-off-1963100312-contextual_20688118.out,4,../problems/numeric/drone/instances/problem_1_9_3.pddl,timeout,21600.0,False,-1,0,0,0
MCTS-SAFE-CONTEXT,context-full-drone-off-1963100312-contextual,drone,,off,1963100312,contextual,70,20688118,COMPLETED,/home/hersco/training_new_domains/2026-08-28/mcts_safe_context_full/context-full-drone-off-1963100312-contextual_20688118.out,5,../problems/numeric/drone/instances/problem_2_5_4.pddl,success,725.82,True,292,1,1,1
MCTS-SAFE-CONTEXT,context-full-drone-off-1963100312-contextual,drone,,off,1963100312,contextual,70,20688118,COMPLETED,/home/hersco/training_new_domains/2026-08-28/mcts_safe_context_full/context-full-drone-off-1963100312-contextual_20688118.out,6,../problems/numeric/drone/instances/problem_2_8_3.pddl,timeout,21600.0,False,-1,0,0,0
MCTS-SAFE-CONTEXT,context-full-drone-off-1963100312-contextual,drone,,off,1963100312,contextual,70,20688118,COMPLETED,/home/hersco/training_new_domains/2026-08-28/mcts_safe_context_full/context-full-drone-off-1963100312-contextual_20688118.out,7,../problems/numeric/drone/instances/problem_2_9_1.pddl,success,97.7,True,56,1,1,1
MCTS-SAFE-CONTEXT,context-full-drone-off-1963100312-contextual,drone,,off,1963100312,contextual,70,20688118,COMPLETED,/home/hersco/training_new_domains/2026-08-28/mcts_safe_context_full/context-full-drone-off-1963100312-contextual_20688118.out,8,../problems/numeric/drone/instances/problem_3_3_4.pddl,timeout,21600.0,False,-1,0,0,0
MCTS-SAFE-CONTEXT,context-full-drone-off-1963100312-contextual,drone,,off,1963100312,contextual,70,20688118,COMPLETED,/home/hersco/training_new_domains/2026-08-28/mcts_safe_context_full/context-full-drone-off-1963100312-contextual_20688118.out,9,../problems/numeric/drone/instances/problem_4_2_5.pddl,timeout,21600.0,False,-1,0,0,0
MCTS-SAFE-CONTEXT,context-full-drone-off-1963100312-contextual,drone,,off,1963100312,contextual,70,20688118,COMPLETED,/home/hersco/training_new_domains/2026-08-28/mcts_safe_context_full/context-full-drone-off-1963100312-contextual_20688118.out,10,../problems/numeric/drone/instances/problem_4_9_5.pddl,timeout,21600.0,False,-1,0,0,0
MCTS-SAFE-CONTEXT,context-full-drone-off-1963100312-contextual,drone,,off,1963100312,contextual,70,20688118,COMPLETED,/home/hersco/training_new_domains/2026-08-28/mcts_safe_context_full/context-full-drone-off-1963100312-contextual_20688118.out,11,../problems/numeric/drone/instances/problem_5_2_2.pddl,timeout,21600.0,False,-1,0,0,0
MCTS-SAFE-CONTEXT,context-full-drone-off-1963100312-contextual,drone,,off,1963100312,contextual,70,20688118,COMPLETED,/home/hersco/training_new_domains/2026-08-28/mcts_safe_context_full/context-full-drone-off-1963100312-contextual_20688118.out,12,../problems/numeric/drone/instances/problem_5_10_1.pddl,unsolved,382.02,False,95,0,0,0
MCTS-SAFE-CONTEXT,context-full-drone-off-1963100312-contextual,drone,,off,1963100312,contextual,70,20688118,COMPLETED,/home/hersco/training_new_domains/2026-08-28/mcts_safe_context_full/context-full-drone-off-1963100312-contextual_20688118.out,13,../problems/numeric/drone/instances/problem_6_8_1.pddl,success,604.57,True,175,1,1,1
MCTS-SAFE-CONTEXT,context-full-drone-off-1963100312-contextual,drone,,off,1963100312,contextual,70,20688118,COMPLETED,/home/hersco/training_new_domains/2026-08-28/mcts_safe_context_full/context-full-drone-off-1963100312-contextual_20688118.out,14,../problems/numeric/drone/instances/problem_7_6_4.pddl,timeout,21600.0,False,-1,0,0,0
MCTS-SAFE-CONTEXT,context-full-drone-off-1963100312-contextual,drone,,off,1963100312,contextual,70,20688118,COMPLETED,/home/hersco/training_new_domains/2026-08-28/mcts_safe_context_full/context-full-drone-off-1963100312-contextual_20688118.out,15,../problems/numeric/drone/instances/problem_8_1_2.pddl,success,116.52,True,45,1,1,1
MCTS-SAFE-CONTEXT,context-full-drone-off-1963100312-contextual,drone,,off,1963100312,contextual,70,20688118,COMPLETED,/home/hersco/training_new_domains/2026-08-28/mcts_safe_context_full/context-full-drone-off-1963100312-contextual_20688118.out,16,../problems/numeric/drone/instances/problem_8_1_4.pddl,success,272.02,True,103,1,1,1
MCTS-SAFE-CONTEXT,context-full-drone-off-1963100312-contextual,drone,,off,1963100312,contextual,70,20688118,COMPLETED,/home/hersco/training_new_domains/2026-08-28/mcts_safe_context_full/context-full-drone-off-1963100312-contextual_20688118.out,17,../problems/numeric/drone/instances/problem_8_1_5.pddl,success,439.04,True,130,1,1,1
MCTS-SAFE-CONTEXT,context-full-drone-off-1963100312-contextual,drone,,off,1963100312,contextual,70,20688118,COMPLETED,/home/hersco/training_new_domains/2026-08-28/mcts_safe_context_full/context-full-drone-off-1963100312-contextual_20688118.out,18,../problems/numeric/drone/instances/problem_8_7_1.pddl,success,1277.69,True,195,1,1,1
MCTS-SAFE-CONTEXT,context-full-drone-off-1963100312-contextual,drone,,off,1963100312,contextual,70,20688118,COMPLETED,/home/hersco/training_new_domains/2026-08-28/mcts_safe_context_full/context-full-drone-off-1963100312-contextual_20688118.out,19,../problems/numeric/drone/instances/problem_9_7_3.pddl,timeout,21600.0,False,-1,0,0,0
MCTS-SAFE-CONTEXT,context-full-drone-off-1963100312-contextual,drone,,off,1963100312,contextual,70,20688118,COMPLETED,/home/hersco/training_new_domains/2026-08-28/mcts_safe_context_full/context-full-drone-off-1963100312-contextual_20688118.out,20,../problems/numeric/drone/instances/problem_10_10_3.pddl,timeout,21600.0,False,-1,0,0,0
MCTS-SAFE-CONTEXT,context-full-drone-off-2011206605-physical,drone,,off,2011206605,physical,70,20688119,COMPLETED,/home/hersco/training_new_domains/2026-08-28/mcts_safe_context_full/context-full-drone-off-2011206605-physical_20688119.out,1,../problems/numeric/drone/instances/problem_1_1_2.pddl,success,44.67,True,4,1,1,1
MCTS-SAFE-CONTEXT,context-full-drone-off-2011206605-physical,drone,,off,2011206605,physical,70,20688119,COMPLETED,/home/hersco/training_new_domains/2026-08-28/mcts_safe_context_full/context-full-drone-off-2011206605-physical_20688119.out,2,../problems/numeric/drone/instances/problem_1_1_4.pddl,success,47.91,True,10,1,1,1
MCTS-SAFE-CONTEXT,context-full-drone-off-2011206605-physical,drone,,off,2011206605,physical,70,20688119,COMPLETED,/home/hersco/training_new_domains/2026-08-28/mcts_safe_context_full/context-full-drone-off-2011206605-physical_20688119.out,3,../problems/numeric/drone/instances/problem_1_8_1.pddl,success,52.18,True,25,1,1,1
MCTS-SAFE-CONTEXT,context-full-drone-off-2011206605-physical,drone,,off,2011206605,physical,70,20688119,COMPLETED,/home/hersco/training_new_domains/2026-08-28/mcts_safe_context_full/context-full-drone-off-2011206605-physical_20688119.out,4,../problems/numeric/drone/instances/problem_1_9_3.pddl,unsolved,302.72,False,335,0,0,0
MCTS-SAFE-CONTEXT,context-full-drone-off-2011206605-physical,drone,,off,2011206605,physical,70,20688119,COMPLETED,/home/hersco/training_new_domains/2026-08-28/mcts_safe_context_full/context-full-drone-off-2011206605-physical_20688119.out,5,../problems/numeric/drone/instances/problem_2_5_4.pddl,unsolved,447.99,False,180,0,0,0
MCTS-SAFE-CONTEXT,context-full-drone-off-2011206605-physical,drone,,off,2011206605,physical,70,20688119,COMPLETED,/home/hersco/training_new_domains/2026-08-28/mcts_safe_context_full/context-full-drone-off-2011206605-physical_20688119.out,6,../problems/numeric/drone/instances/problem_2_8_3.pddl,unsolved,1238.51,False,455,0,0,0
MCTS-SAFE-CONTEXT,context-full-drone-off-2011206605-physical,drone,,off,2011206605,physical,70,20688119,COMPLETED,/home/hersco/training_new_domains/2026-08-28/mcts_safe_context_full/context-full-drone-off-2011206605-physical_20688119.out,7,../problems/numeric/drone/instances/problem_2_9_1.pddl,success,111.22,True,73,1,1,1
MCTS-SAFE-CONTEXT,context-full-drone-off-2011206605-physical,drone,,off,2011206605,physical,70,20688119,COMPLETED,/home/hersco/training_new_domains/2026-08-28/mcts_safe_context_full/context-full-drone-off-2011206605-physical_20688119.out,8,../problems/numeric/drone/instances/problem_3_3_4.pddl,unsolved,655.5,False,291,0,0,0
MCTS-SAFE-CONTEXT,context-full-drone-off-2011206605-physical,drone,,off,2011206605,physical,70,20688119,COMPLETED,/home/hersco/training_new_domains/2026-08-28/mcts_safe_context_full/context-full-drone-off-2011206605-physical_20688119.out,9,../problems/numeric/drone/instances/problem_4_2_5.pddl,unsolved,743.39,False,315,0,0,0
MCTS-SAFE-CONTEXT,context-full-drone-off-2011206605-physical,drone,,off,2011206605,physical,70,20688119,COMPLETED,/home/hersco/training_new_domains/2026-08-28/mcts_safe_context_full/context-full-drone-off-2011206605-physical_20688119.out,10,../problems/numeric/drone/instances/problem_4_9_5.pddl,timeout,21600.0,False,-1,0,0,0
MCTS-SAFE-CONTEXT,context-full-drone-off-2011206605-physical,drone,,off,2011206605,physical,70,20688119,COMPLETED,/home/hersco/training_new_domains/2026-08-28/mcts_safe_context_full/context-full-drone-off-2011206605-physical_20688119.out,11,../problems/numeric/drone/instances/problem_5_2_2.pddl,unsolved,277.57,False,128,0,0,0
MCTS-SAFE-CONTEXT,context-full-drone-off-2011206605-physical,drone,,off,2011206605,physical,70,20688119,COMPLETED,/home/hersco/training_new_domains/2026-08-28/mcts_safe_context_full/context-full-drone-off-2011206605-physical_20688119.out,12,../problems/numeric/drone/instances/problem_5_10_1.pddl,success,1054.39,True,233,1,1,1
MCTS-SAFE-CONTEXT,context-full-drone-off-2011206605-physical,drone,,off,2011206605,physical,70,20688119,COMPLETED,/home/hersco/training_new_domains/2026-08-28/mcts_safe_context_full/context-full-drone-off-2011206605-physical_20688119.out,13,../problems/numeric/drone/instances/problem_6_8_1.pddl,success,895.12,True,211,1,1,1
MCTS-SAFE-CONTEXT,context-full-drone-off-2011206605-physical,drone,,off,2011206605,physical,70,20688119,COMPLETED,/home/hersco/training_new_domains/2026-08-28/mcts_safe_context_full/context-full-drone-off-2011206605-physical_20688119.out,14,../problems/numeric/drone/instances/problem_7_6_4.pddl,timeout,21600.0,False,-1,0,0,0
MCTS-SAFE-CONTEXT,context-full-drone-off-2011206605-physical,drone,,off,2011206605,physical,70,20688119,COMPLETED,/home/hersco/training_new_domains/2026-08-28/mcts_safe_context_full/context-full-drone-off-2011206605-physical_20688119.out,15,../problems/numeric/drone/instances/problem_8_1_2.pddl,success,161.39,True,75,1,1,1
MCTS-SAFE-CONTEXT,context-full-drone-off-2011206605-physical,drone,,off,2011206605,physical,70,20688119,COMPLETED,/home/hersco/training_new_domains/2026-08-28/mcts_safe_context_full/context-full-drone-off-2011206605-physical_20688119.out,16,../problems/numeric/drone/instances/problem_8_1_4.pddl,unsolved,144.33,False,27,0,0,0
MCTS-SAFE-CONTEXT,context-full-drone-off-2011206605-physical,drone,,off,2011206605,physical,70,20688119,COMPLETED,/home/hersco/training_new_domains/2026-08-28/mcts_safe_context_full/context-full-drone-off-2011206605-physical_20688119.out,17,../problems/numeric/drone/instances/problem_8_1_5.pddl,unsolved,164.14,False,29,0,0,0
MCTS-SAFE-CONTEXT,context-full-drone-off-2011206605-physical,drone,,off,2011206605,physical,70,20688119,COMPLETED,/home/hersco/training_new_domains/2026-08-28/mcts_safe_context_full/context-full-drone-off-2011206605-physical_20688119.out,18,../problems/numeric/drone/instances/problem_8_7_1.pddl,unsolved,212.17,False,33,0,0,0
MCTS-SAFE-CONTEXT,context-full-drone-off-2011206605-physical,drone,,off,2011206605,physical,70,20688119,COMPLETED,/home/hersco/training_new_domains/2026-08-28/mcts_safe_context_full/context-full-drone-off-2011206605-physical_20688119.out,19,../problems/numeric/drone/instances/problem_9_7_3.pddl,timeout,21600.0,False,-1,0,0,0
MCTS-SAFE-CONTEXT,context-full-drone-off-2011206605-physical,drone,,off,2011206605,physical,70,20688119,COMPLETED,/home/hersco/training_new_domains/2026-08-28/mcts_safe_context_full/context-full-drone-off-2011206605-physical_20688119.out,20,../problems/numeric/drone/instances/problem_10_10_3.pddl,timeout,21600.0,False,-1,0,0,0
MCTS-SAFE-CONTEXT,context-full-drone-off-2011206605-contextual,drone,,off,2011206605,contextual,70,20688120,COMPLETED,/home/hersco/training_new_domains/2026-08-28/mcts_safe_context_full/context-full-drone-off-2011206605-contextual_20688120.out,1,../problems/numeric/drone/instances/problem_1_1_2.pddl,success,40.51,True,4,1,1,1
MCTS-SAFE-CONTEXT,context-full-drone-off-2011206605-contextual,drone,,off,2011206605,contextual,70,20688120,COMPLETED,/home/hersco/training_new_domains/2026-08-28/mcts_safe_context_full/context-full-drone-off-2011206605-contextual_20688120.out,2,../problems/numeric/drone/instances/problem_1_1_4.pddl,success,40.81,True,10,1,1,1
MCTS-SAFE-CONTEXT,context-full-drone-off-2011206605-contextual,drone,,off,2011206605,contextual,70,20688120,COMPLETED,/home/hersco/training_new_domains/2026-08-28/mcts_safe_context_full/context-full-drone-off-2011206605-contextual_20688120.out,3,../problems/numeric/drone/instances/problem_1_8_1.pddl,success,45.81,True,25,1,1,1
MCTS-SAFE-CONTEXT,context-full-drone-off-2011206605-contextual,drone,,off,2011206605,contextual,70,20688120,COMPLETED,/home/hersco/training_new_domains/2026-08-28/mcts_safe_context_full/context-full-drone-off-2011206605-contextual_20688120.out,4,../problems/numeric/drone/instances/problem_1_9_3.pddl,unsolved,5431.55,False,2959,0,0,0
MCTS-SAFE-CONTEXT,context-full-drone-off-2011206605-contextual,drone,,off,2011206605,contextual,70,20688120,COMPLETED,/home/hersco/training_new_domains/2026-08-28/mcts_safe_context_full/context-full-drone-off-2011206605-contextual_20688120.out,5,../problems/numeric/drone/instances/problem_2_5_4.pddl,unsolved,4154.13,False,1447,0,0,0
MCTS-SAFE-CONTEXT,context-full-drone-off-2011206605-contextual,drone,,off,2011206605,contextual,70,20688120,COMPLETED,/home/hersco/training_new_domains/2026-08-28/mcts_safe_context_full/context-full-drone-off-2011206605-contextual_20688120.out,6,../problems/numeric/drone/instances/problem_2_8_3.pddl,unsolved,20585.57,False,3117,0,0,0
MCTS-SAFE-CONTEXT,context-full-drone-off-2011206605-contextual,drone,,off,2011206605,contextual,70,20688120,COMPLETED,/home/hersco/training_new_domains/2026-08-28/mcts_safe_context_full/context-full-drone-off-2011206605-contextual_20688120.out,7,../problems/numeric/drone/instances/problem_2_9_1.pddl,success,114.71,True,70,1,1,1
MCTS-SAFE-CONTEXT,context-full-drone-off-2011206605-contextual,drone,,off,2011206605,contextual,70,20688120,COMPLETED,/home/hersco/training_new_domains/2026-08-28/mcts_safe_context_full/context-full-drone-off-2011206605-contextual_20688120.out,8,../problems/numeric/drone/instances/problem_3_3_4.pddl,unsolved,2366.89,False,1345,0,0,0
MCTS-SAFE-CONTEXT,context-full-drone-off-2011206605-contextual,drone,,off,2011206605,contextual,70,20688120,COMPLETED,/home/hersco/training_new_domains/2026-08-28/mcts_safe_context_full/context-full-drone-off-2011206605-contextual_20688120.out,9,../problems/numeric/drone/instances/problem_4_2_5.pddl,unsolved,533.23,False,454,0,0,0
MCTS-SAFE-CONTEXT,context-full-drone-off-2011206605-contextual,drone,,off,2011206605,contextual,70,20688120,COMPLETED,/home/hersco/training_new_domains/2026-08-28/mcts_safe_context_full/context-full-drone-off-2011206605-contextual_20688120.out,10,../problems/numeric/drone/instances/problem_4_9_5.pddl,timeout,21600.0,False,-1,0,0,0
MCTS-SAFE-CONTEXT,context-full-drone-off-2011206605-contextual,drone,,off,2011206605,contextual,70,20688120,COMPLETED,/home/hersco/training_new_domains/2026-08-28/mcts_safe_context_full/context-full-drone-off-2011206605-contextual_20688120.out,11,../problems/numeric/drone/instances/problem_5_2_2.pddl,unsolved,409.34,False,324,0,0,0
MCTS-SAFE-CONTEXT,context-full-drone-off-2011206605-contextual,drone,,off,2011206605,contextual,70,20688120,COMPLETED,/home/hersco/training_new_domains/2026-08-28/mcts_safe_context_full/context-full-drone-off-2011206605-contextual_20688120.out,12,../problems/numeric/drone/instances/problem_5_10_1.pddl,success,970.76,True,233,1,1,1
MCTS-SAFE-CONTEXT,context-full-drone-off-2011206605-contextual,drone,,off,2011206605,contextual,70,20688120,COMPLETED,/home/hersco/training_new_domains/2026-08-28/mcts_safe_context_full/context-full-drone-off-2011206605-contextual_20688120.out,13,../problems/numeric/drone/instances/problem_6_8_1.pddl,success,811.97,True,211,1,1,1
MCTS-SAFE-CONTEXT,context-full-drone-off-2011206605-contextual,drone,,off,2011206605,contextual,70,20688120,COMPLETED,/home/hersco/training_new_domains/2026-08-28/mcts_safe_context_full/context-full-drone-off-2011206605-contextual_20688120.out,14,../problems/numeric/drone/instances/problem_7_6_4.pddl,timeout,21600.0,False,-1,0,0,0
MCTS-SAFE-CONTEXT,context-full-drone-off-2011206605-contextual,drone,,off,2011206605,contextual,70,20688120,COMPLETED,/home/hersco/training_new_domains/2026-08-28/mcts_safe_context_full/context-full-drone-off-2011206605-contextual_20688120.out,15,../problems/numeric/drone/instances/problem_8_1_2.pddl,success,145.02,True,75,1,1,1
MCTS-SAFE-CONTEXT,context-full-drone-off-2011206605-contextual,drone,,off,2011206605,contextual,70,20688120,COMPLETED,/home/hersco/training_new_domains/2026-08-28/mcts_safe_context_full/context-full-drone-off-2011206605-contextual_20688120.out,16,../problems/numeric/drone/instances/problem_8_1_4.pddl,unsolved,115.98,False,27,0,0,0
MCTS-SAFE-CONTEXT,context-full-drone-off-2011206605-contextual,drone,,off,2011206605,contextual,70,20688120,COMPLETED,/home/hersco/training_new_domains/2026-08-28/mcts_safe_context_full/context-full-drone-off-2011206605-contextual_20688120.out,17,../problems/numeric/drone/instances/problem_8_1_5.pddl,unsolved,123.49,False,29,0,0,0
MCTS-SAFE-CONTEXT,context-full-drone-off-2011206605-contextual,drone,,off,2011206605,contextual,70,20688120,COMPLETED,/home/hersco/training_new_domains/2026-08-28/mcts_safe_context_full/context-full-drone-off-2011206605-contextual_20688120.out,18,../problems/numeric/drone/instances/problem_8_7_1.pddl,unsolved,173.67,False,33,0,0,0
MCTS-SAFE-CONTEXT,context-full-drone-off-2011206605-contextual,drone,,off,2011206605,contextual,70,20688120,COMPLETED,/home/hersco/training_new_domains/2026-08-28/mcts_safe_context_full/context-full-drone-off-2011206605-contextual_20688120.out,19,../problems/numeric/drone/instances/problem_9_7_3.pddl,timeout,21600.0,False,-1,0,0,0
MCTS-SAFE-CONTEXT,context-full-drone-off-2011206605-contextual,drone,,off,2011206605,contextual,70,20688120,COMPLETED,/home/hersco/training_new_domains/2026-08-28/mcts_safe_context_full/context-full-drone-off-2011206605-contextual_20688120.out,20,../problems/numeric/drone/instances/problem_10_10_3.pddl,timeout,21600.0,False,-1,0,0,0
MCTS-SAFE-CONTEXT,context-full-drone-off-1073581256-physical,drone,,off,1073581256,physical,70,20688121,COMPLETED,/home/hersco/training_new_domains/2026-08-28/mcts_safe_context_full/context-full-drone-off-1073581256-physical_20688121.out,1,../problems/numeric/drone/instances/problem_1_1_2.pddl,success,56.76,True,4,1,1,1
MCTS-SAFE-CONTEXT,context-full-drone-off-1073581256-physical,drone,,off,1073581256,physical,70,20688121,COMPLETED,/home/hersco/training_new_domains/2026-08-28/mcts_safe_context_full/context-full-drone-off-1073581256-physical_20688121.out,2,../problems/numeric/drone/instances/problem_1_1_4.pddl,success,59.04,True,10,1,1,1
MCTS-SAFE-CONTEXT,context-full-drone-off-1073581256-physical,drone,,off,1073581256,physical,70,20688121,COMPLETED,/home/hersco/training_new_domains/2026-08-28/mcts_safe_context_full/context-full-drone-off-1073581256-physical_20688121.out,3,../problems/numeric/drone/instances/problem_1_8_1.pddl,success,66.76,True,35,1,1,1
MCTS-SAFE-CONTEXT,context-full-drone-off-1073581256-physical,drone,,off,1073581256,physical,70,20688121,COMPLETED,/home/hersco/training_new_domains/2026-08-28/mcts_safe_context_full/context-full-drone-off-1073581256-physical_20688121.out,4,../problems/numeric/drone/instances/problem_1_9_3.pddl,unsolved,605.18,False,286,0,0,0
MCTS-SAFE-CONTEXT,context-full-drone-off-1073581256-physical,drone,,off,1073581256,physical,70,20688121,COMPLETED,/home/hersco/training_new_domains/2026-08-28/mcts_safe_context_full/context-full-drone-off-1073581256-physical_20688121.out,5,../problems/numeric/drone/instances/problem_2_5_4.pddl,unsolved,611.72,False,175,0,0,0
MCTS-SAFE-CONTEXT,context-full-drone-off-1073581256-physical,drone,,off,1073581256,physical,70,20688121,COMPLETED,/home/hersco/training_new_domains/2026-08-28/mcts_safe_context_full/context-full-drone-off-1073581256-physical_20688121.out,6,../problems/numeric/drone/instances/problem_2_8_3.pddl,unsolved,1875.93,False,371,0,0,0
MCTS-SAFE-CONTEXT,context-full-drone-off-1073581256-physical,drone,,off,1073581256,physical,70,20688121,COMPLETED,/home/hersco/training_new_domains/2026-08-28/mcts_safe_context_full/context-full-drone-off-1073581256-physical_20688121.out,7,../problems/numeric/drone/instances/problem_2_9_1.pddl,success,104.11,True,56,1,1,1
MCTS-SAFE-CONTEXT,context-full-drone-off-1073581256-physical,drone,,off,1073581256,physical,70,20688121,COMPLETED,/home/hersco/training_new_domains/2026-08-28/mcts_safe_context_full/context-full-drone-off-1073581256-physical_20688121.out,8,../problems/numeric/drone/instances/problem_3_3_4.pddl,unsolved,401.93,False,158,0,0,0
MCTS-SAFE-CONTEXT,context-full-drone-off-1073581256-physical,drone,,off,1073581256,physical,70,20688121,COMPLETED,/home/hersco/training_new_domains/2026-08-28/mcts_safe_context_full/context-full-drone-off-1073581256-physical_20688121.out,9,../problems/numeric/drone/instances/problem_4_2_5.pddl,unsolved,371.82,False,133,0,0,0
MCTS-SAFE-CONTEXT,context-full-drone-off-1073581256-physical,drone,,off,1073581256,physical,70,20688121,COMPLETED,/home/hersco/training_new_domains/2026-08-28/mcts_safe_context_full/context-full-drone-off-1073581256-physical_20688121.out,10,../problems/numeric/drone/instances/problem_4_9_5.pddl,timeout,21600.0,False,-1,0,0,0
MCTS-SAFE-CONTEXT,context-full-drone-off-1073581256-physical,drone,,off,1073581256,physical,70,20688121,COMPLETED,/home/hersco/training_new_domains/2026-08-28/mcts_safe_context_full/context-full-drone-off-1073581256-physical_20688121.out,11,../problems/numeric/drone/instances/problem_5_2_2.pddl,success,235.1,True,100,1,1,1
MCTS-SAFE-CONTEXT,context-full-drone-off-1073581256-physical,drone,,off,1073581256,physical,70,20688121,COMPLETED,/home/hersco/training_new_domains/2026-08-28/mcts_safe_context_full/context-full-drone-off-1073581256-physical_20688121.out,12,../problems/numeric/drone/instances/problem_5_10_1.pddl,unsolved,584.16,False,100,0,0,0
MCTS-SAFE-CONTEXT,context-full-drone-off-1073581256-physical,drone,,off,1073581256,physical,70,20688121,COMPLETED,/home/hersco/training_new_domains/2026-08-28/mcts_safe_context_full/context-full-drone-off-1073581256-physical_20688121.out,13,../problems/numeric/drone/instances/problem_6_8_1.pddl,unsolved,764.57,False,124,0,0,0
MCTS-SAFE-CONTEXT,context-full-drone-off-1073581256-physical,drone,,off,1073581256,physical,70,20688121,COMPLETED,/home/hersco/training_new_domains/2026-08-28/mcts_safe_context_full/context-full-drone-off-1073581256-physical_20688121.out,14,../problems/numeric/drone/instances/problem_7_6_4.pddl,timeout,21600.0,False,-1,0,0,0
MCTS-SAFE-CONTEXT,context-full-drone-off-1073581256-physical,drone,,off,1073581256,physical,70,20688121,COMPLETED,/home/hersco/training_new_domains/2026-08-28/mcts_safe_context_full/context-full-drone-off-1073581256-physical_20688121.out,15,../problems/numeric/drone/instances/problem_8_1_2.pddl,success,148.84,True,62,1,1,1
MCTS-SAFE-CONTEXT,context-full-drone-off-1073581256-physical,drone,,off,1073581256,physical,70,20688121,COMPLETED,/home/hersco/training_new_domains/2026-08-28/mcts_safe_context_full/context-full-drone-off-1073581256-physical_20688121.out,16,../problems/numeric/drone/instances/problem_8_1_4.pddl,success,341.78,True,101,1,1,1
MCTS-SAFE-CONTEXT,context-full-drone-off-1073581256-physical,drone,,off,1073581256,physical,70,20688121,COMPLETED,/home/hersco/training_new_domains/2026-08-28/mcts_safe_context_full/context-full-drone-off-1073581256-physical_20688121.out,17,../problems/numeric/drone/instances/problem_8_1_5.pddl,unsolved,423.04,False,86,0,0,0
MCTS-SAFE-CONTEXT,context-full-drone-off-1073581256-physical,drone,,off,1073581256,physical,70,20688121,COMPLETED,/home/hersco/training_new_domains/2026-08-28/mcts_safe_context_full/context-full-drone-off-1073581256-physical_20688121.out,18,../problems/numeric/drone/instances/problem_8_7_1.pddl,unsolved,809.31,False,100,0,0,0
MCTS-SAFE-CONTEXT,context-full-drone-off-1073581256-physical,drone,,off,1073581256,physical,70,20688121,COMPLETED,/home/hersco/training_new_domains/2026-08-28/mcts_safe_context_full/context-full-drone-off-1073581256-physical_20688121.out,19,../problems/numeric/drone/instances/problem_9_7_3.pddl,timeout,21600.0,False,-1,0,0,0
MCTS-SAFE-CONTEXT,context-full-drone-off-1073581256-physical,drone,,off,1073581256,physical,70,20688121,COMPLETED,/home/hersco/training_new_domains/2026-08-28/mcts_safe_context_full/context-full-drone-off-1073581256-physical_20688121.out,20,../problems/numeric/drone/instances/problem_10_10_3.pddl,timeout,21600.0,False,-1,0,0,0
MCTS-SAFE-CONTEXT,context-full-drone-off-1073581256-contextual,drone,,off,1073581256,contextual,70,20688122,COMPLETED,/home/hersco/training_new_domains/2026-08-28/mcts_safe_context_full/context-full-drone-off-1073581256-contextual_20688122.out,1,../problems/numeric/drone/instances/problem_1_1_2.pddl,success,44.46,True,4,1,1,1
MCTS-SAFE-CONTEXT,context-full-drone-off-1073581256-contextual,drone,,off,1073581256,contextual,70,20688122,COMPLETED,/home/hersco/training_new_domains/2026-08-28/mcts_safe_context_full/context-full-drone-off-1073581256-contextual_20688122.out,2,../problems/numeric/drone/instances/problem_1_1_4.pddl,success,44.66,True,10,1,1,1
MCTS-SAFE-CONTEXT,context-full-drone-off-1073581256-contextual,drone,,off,1073581256,contextual,70,20688122,COMPLETED,/home/hersco/training_new_domains/2026-08-28/mcts_safe_context_full/context-full-drone-off-1073581256-contextual_20688122.out,3,../problems/numeric/drone/instances/problem_1_8_1.pddl,success,48.95,True,35,1,1,1
MCTS-SAFE-CONTEXT,context-full-drone-off-1073581256-contextual,drone,,off,1073581256,contextual,70,20688122,COMPLETED,/home/hersco/training_new_domains/2026-08-28/mcts_safe_context_full/context-full-drone-off-1073581256-contextual_20688122.out,4,../problems/numeric/drone/instances/problem_1_9_3.pddl,unsolved,12225.51,False,3398,0,0,0
MCTS-SAFE-CONTEXT,context-full-drone-off-1073581256-contextual,drone,,off,1073581256,contextual,70,20688122,COMPLETED,/home/hersco/training_new_domains/2026-08-28/mcts_safe_context_full/context-full-drone-off-1073581256-contextual_20688122.out,5,../problems/numeric/drone/instances/problem_2_5_4.pddl,timeout,21600.0,False,-1,0,0,0
MCTS-SAFE-CONTEXT,context-full-drone-off-1073581256-contextual,drone,,off,1073581256,contextual,70,20688122,COMPLETED,/home/hersco/training_new_domains/2026-08-28/mcts_safe_context_full/context-full-drone-off-1073581256-contextual_20688122.out,6,../problems/numeric/drone/instances/problem_2_8_3.pddl,unsolved,21436.51,False,3650,0,0,0
MCTS-SAFE-CONTEXT,context-full-drone-off-1073581256-contextual,drone,,off,1073581256,contextual,70,20688122,COMPLETED,/home/hersco/training_new_domains/2026-08-28/mcts_safe_context_full/context-full-drone-off-1073581256-contextual_20688122.out,7,../problems/numeric/drone/instances/problem_2_9_1.pddl,success,77.42,True,56,1,1,1
MCTS-SAFE-CONTEXT,context-full-drone-off-1073581256-contextual,drone,,off,1073581256,contextual,70,20688122,COMPLETED,/home/hersco/training_new_domains/2026-08-28/mcts_safe_context_full/context-full-drone-off-1073581256-contextual_20688122.out,8,../problems/numeric/drone/instances/problem_3_3_4.pddl,timeout,21600.0,False,-1,0,0,0
MCTS-SAFE-CONTEXT,context-full-drone-off-1073581256-contextual,drone,,off,1073581256,contextual,70,20688122,COMPLETED,/home/hersco/training_new_domains/2026-08-28/mcts_safe_context_full/context-full-drone-off-1073581256-contextual_20688122.out,9,../problems/numeric/drone/instances/problem_4_2_5.pddl,timeout,21600.0,False,-1,0,0,0
MCTS-SAFE-CONTEXT,context-full-drone-off-1073581256-contextual,drone,,off,1073581256,contextual,70,20688122,COMPLETED,/home/hersco/training_new_domains/2026-08-28/mcts_safe_context_full/context-full-drone-off-1073581256-contextual_20688122.out,10,../problems/numeric/drone/instances/problem_4_9_5.pddl,timeout,21600.0,False,-1,0,0,0
MCTS-SAFE-CONTEXT,context-full-drone-off-1073581256-contextual,drone,,off,1073581256,contextual,70,20688122,COMPLETED,/home/hersco/training_new_domains/2026-08-28/mcts_safe_context_full/context-full-drone-off-1073581256-contextual_20688122.out,11,../problems/numeric/drone/instances/problem_5_2_2.pddl,unsolved,10491.73,False,3328,0,0,0
MCTS-SAFE-CONTEXT,context-full-drone-off-1073581256-contextual,drone,,off,1073581256,contextual,70,20688122,COMPLETED,/home/hersco/training_new_domains/2026-08-28/mcts_safe_context_full/context-full-drone-off-1073581256-contextual_20688122.out,12,../problems/numeric/drone/instances/problem_5_10_1.pddl,unsolved,421.75,False,100,0,0,0
MCTS-SAFE-CONTEXT,context-full-drone-off-1073581256-contextual,drone,,off,1073581256,contextual,70,20688122,COMPLETED,/home/hersco/training_new_domains/2026-08-28/mcts_safe_context_full/context-full-drone-off-1073581256-contextual_20688122.out,13,../problems/numeric/drone/instances/problem_6_8_1.pddl,unsolved,468.76,False,124,0,0,0
MCTS-SAFE-CONTEXT,context-full-drone-off-1073581256-contextual,drone,,off,1073581256,contextual,70,20688122,COMPLETED,/home/hersco/training_new_domains/2026-08-28/mcts_safe_context_full/context-full-drone-off-1073581256-contextual_20688122.out,14,../problems/numeric/drone/instances/problem_7_6_4.pddl,timeout,21600.0,False,-1,0,0,0
MCTS-SAFE-CONTEXT,context-full-drone-off-1073581256-contextual,drone,,off,1073581256,contextual,70,20688122,COMPLETED,/home/hersco/training_new_domains/2026-08-28/mcts_safe_context_full/context-full-drone-off-1073581256-contextual_20688122.out,15,../problems/numeric/drone/instances/problem_8_1_2.pddl,success,145.55,True,62,1,1,1
MCTS-SAFE-CONTEXT,context-full-drone-off-1073581256-contextual,drone,,off,1073581256,contextual,70,20688122,COMPLETED,/home/hersco/training_new_domains/2026-08-28/mcts_safe_context_full/context-full-drone-off-1073581256-contextual_20688122.out,16,../problems/numeric/drone/instances/problem_8_1_4.pddl,success,241.83,True,101,1,1,1
MCTS-SAFE-CONTEXT,context-full-drone-off-1073581256-contextual,drone,,off,1073581256,contextual,70,20688122,COMPLETED,/home/hersco/training_new_domains/2026-08-28/mcts_safe_context_full/context-full-drone-off-1073581256-contextual_20688122.out,17,../problems/numeric/drone/instances/problem_8_1_5.pddl,unsolved,323.24,False,86,0,0,0
MCTS-SAFE-CONTEXT,context-full-drone-off-1073581256-contextual,drone,,off,1073581256,contextual,70,20688122,COMPLETED,/home/hersco/training_new_domains/2026-08-28/mcts_safe_context_full/context-full-drone-off-1073581256-contextual_20688122.out,18,../problems/numeric/drone/instances/problem_8_7_1.pddl,unsolved,641.48,False,100,0,0,0
MCTS-SAFE-CONTEXT,context-full-drone-off-1073581256-contextual,drone,,off,1073581256,contextual,70,20688122,COMPLETED,/home/hersco/training_new_domains/2026-08-28/mcts_safe_context_full/context-full-drone-off-1073581256-contextual_20688122.out,19,../problems/numeric/drone/instances/problem_9_7_3.pddl,timeout,21600.0,False,-1,0,0,0
MCTS-SAFE-CONTEXT,context-full-drone-off-1073581256-contextual,drone,,off,1073581256,contextual,70,20688122,COMPLETED,/home/hersco/training_new_domains/2026-08-28/mcts_safe_context_full/context-full-drone-off-1073581256-contextual_20688122.out,20,../problems/numeric/drone/instances/problem_10_10_3.pddl,timeout,21600.0,False,-1,0,0,0
MCTS-SAFE-CONTEXT,context-full-drone-off-1239739722-physical,drone,,off,1239739722,physical,70,20688123,COMPLETED,/home/hersco/training_new_domains/2026-08-28/mcts_safe_context_full/context-full-drone-off-1239739722-physical_20688123.out,1,../problems/numeric/drone/instances/problem_1_1_2.pddl,success,50.71,True,4,1,1,1
MCTS-SAFE-CONTEXT,context-full-drone-off-1239739722-physical,drone,,off,1239739722,physical,70,20688123,COMPLETED,/home/hersco/training_new_domains/2026-08-28/mcts_safe_context_full/context-full-drone-off-1239739722-physical_20688123.out,2,../problems/numeric/drone/instances/problem_1_1_4.pddl,success,49.1,True,10,1,1,1
MCTS-SAFE-CONTEXT,context-full-drone-off-1239739722-physical,drone,,off,1239739722,physical,70,20688123,COMPLETED,/home/hersco/training_new_domains/2026-08-28/mcts_safe_context_full/context-full-drone-off-1239739722-physical_20688123.out,3,../problems/numeric/drone/instances/problem_1_8_1.pddl,success,54.46,True,35,1,1,1
MCTS-SAFE-CONTEXT,context-full-drone-off-1239739722-physical,drone,,off,1239739722,physical,70,20688123,COMPLETED,/home/hersco/training_new_domains/2026-08-28/mcts_safe_context_full/context-full-drone-off-1239739722-physical_20688123.out,4,../problems/numeric/drone/instances/problem_1_9_3.pddl,unsolved,145.84,False,156,0,0,0
MCTS-SAFE-CONTEXT,context-full-drone-off-1239739722-physical,drone,,off,1239739722,physical,70,20688123,COMPLETED,/home/hersco/training_new_domains/2026-08-28/mcts_safe_context_full/context-full-drone-off-1239739722-physical_20688123.out,5,../problems/numeric/drone/instances/problem_2_5_4.pddl,unsolved,308.61,False,115,0,0,0
MCTS-SAFE-CONTEXT,context-full-drone-off-1239739722-physical,drone,,off,1239739722,physical,70,20688123,COMPLETED,/home/hersco/training_new_domains/2026-08-28/mcts_safe_context_full/context-full-drone-off-1239739722-physical_20688123.out,6,../problems/numeric/drone/instances/problem_2_8_3.pddl,unsolved,578.26,False,215,0,0,0
MCTS-SAFE-CONTEXT,context-full-drone-off-1239739722-physical,drone,,off,1239739722,physical,70,20688123,COMPLETED,/home/hersco/training_new_domains/2026-08-28/mcts_safe_context_full/context-full-drone-off-1239739722-physical_20688123.out,7,../problems/numeric/drone/instances/problem_2_9_1.pddl,success,93.68,True,68,1,1,1
MCTS-SAFE-CONTEXT,context-full-drone-off-1239739722-physical,drone,,off,1239739722,physical,70,20688123,COMPLETED,/home/hersco/training_new_domains/2026-08-28/mcts_safe_context_full/context-full-drone-off-1239739722-physical_20688123.out,8,../problems/numeric/drone/instances/problem_3_3_4.pddl,unsolved,462.18,False,185,0,0,0
MCTS-SAFE-CONTEXT,context-full-drone-off-1239739722-physical,drone,,off,1239739722,physical,70,20688123,COMPLETED,/home/hersco/training_new_domains/2026-08-28/mcts_safe_context_full/context-full-drone-off-1239739722-physical_20688123.out,9,../problems/numeric/drone/instances/problem_4_2_5.pddl,unsolved,516.55,False,253,0,0,0
MCTS-SAFE-CONTEXT,context-full-drone-off-1239739722-physical,drone,,off,1239739722,physical,70,20688123,COMPLETED,/home/hersco/training_new_domains/2026-08-28/mcts_safe_context_full/context-full-drone-off-1239739722-physical_20688123.out,10,../problems/numeric/drone/instances/problem_4_9_5.pddl,timeout,21600.0,False,-1,0,0,0
MCTS-SAFE-CONTEXT,context-full-drone-off-1239739722-physical,drone,,off,1239739722,physical,70,20688123,COMPLETED,/home/hersco/training_new_domains/2026-08-28/mcts_safe_context_full/context-full-drone-off-1239739722-physical_20688123.out,11,../problems/numeric/drone/instances/problem_5_2_2.pddl,success,134.01,True,67,1,1,1
MCTS-SAFE-CONTEXT,context-full-drone-off-1239739722-physical,drone,,off,1239739722,physical,70,20688123,COMPLETED,/home/hersco/training_new_domains/2026-08-28/mcts_safe_context_full/context-full-drone-off-1239739722-physical_20688123.out,12,../problems/numeric/drone/instances/problem_5_10_1.pddl,success,801.76,True,208,1,1,1
MCTS-SAFE-CONTEXT,context-full-drone-off-1239739722-physical,drone,,off,1239739722,physical,70,20688123,COMPLETED,/home/hersco/training_new_domains/2026-08-28/mcts_safe_context_full/context-full-drone-off-1239739722-physical_20688123.out,13,../problems/numeric/drone/instances/problem_6_8_1.pddl,success,651.99,True,167,1,1,1
MCTS-SAFE-CONTEXT,context-full-drone-off-1239739722-physical,drone,,off,1239739722,physical,70,20688123,COMPLETED,/home/hersco/training_new_domains/2026-08-28/mcts_safe_context_full/context-full-drone-off-1239739722-physical_20688123.out,14,../problems/numeric/drone/instances/problem_7_6_4.pddl,timeout,21600.0,False,-1,0,0,0
MCTS-SAFE-CONTEXT,context-full-drone-off-1239739722-physical,drone,,off,1239739722,physical,70,20688123,COMPLETED,/home/hersco/training_new_domains/2026-08-28/mcts_safe_context_full/context-full-drone-off-1239739722-physical_20688123.out,15,../problems/numeric/drone/instances/problem_8_1_2.pddl,success,140.53,True,62,1,1,1
MCTS-SAFE-CONTEXT,context-full-drone-off-1239739722-physical,drone,,off,1239739722,physical,70,20688123,COMPLETED,/home/hersco/training_new_domains/2026-08-28/mcts_safe_context_full/context-full-drone-off-1239739722-physical_20688123.out,16,../problems/numeric/drone/instances/problem_8_1_4.pddl,unsolved,199.68,False,50,0,0,0
MCTS-SAFE-CONTEXT,context-full-drone-off-1239739722-physical,drone,,off,1239739722,physical,70,20688123,COMPLETED,/home/hersco/training_new_domains/2026-08-28/mcts_safe_context_full/context-full-drone-off-1239739722-physical_20688123.out,17,../problems/numeric/drone/instances/problem_8_1_5.pddl,unsolved,235.56,False,53,0,0,0
MCTS-SAFE-CONTEXT,context-full-drone-off-1239739722-physical,drone,,off,1239739722,physical,70,20688123,COMPLETED,/home/hersco/training_new_domains/2026-08-28/mcts_safe_context_full/context-full-drone-off-1239739722-physical_20688123.out,18,../problems/numeric/drone/instances/problem_8_7_1.pddl,unsolved,987.3,False,184,0,0,0
MCTS-SAFE-CONTEXT,context-full-drone-off-1239739722-physical,drone,,off,1239739722,physical,70,20688123,COMPLETED,/home/hersco/training_new_domains/2026-08-28/mcts_safe_context_full/context-full-drone-off-1239739722-physical_20688123.out,19,../problems/numeric/drone/instances/problem_9_7_3.pddl,timeout,21600.0,False,-1,0,0,0
MCTS-SAFE-CONTEXT,context-full-drone-off-1239739722-physical,drone,,off,1239739722,physical,70,20688123,COMPLETED,/home/hersco/training_new_domains/2026-08-28/mcts_safe_context_full/context-full-drone-off-1239739722-physical_20688123.out,20,../problems/numeric/drone/instances/problem_10_10_3.pddl,timeout,21600.0,False,-1,0,0,0
MCTS-SAFE-CONTEXT,context-full-drone-off-1239739722-contextual,drone,,off,1239739722,contextual,70,20688124,COMPLETED,/home/hersco/training_new_domains/2026-08-28/mcts_safe_context_full/context-full-drone-off-1239739722-contextual_20688124.out,1,../problems/numeric/drone/instances/problem_1_1_2.pddl,success,33.83,True,4,1,1,1
MCTS-SAFE-CONTEXT,context-full-drone-off-1239739722-contextual,drone,,off,1239739722,contextual,70,20688124,COMPLETED,/home/hersco/training_new_domains/2026-08-28/mcts_safe_context_full/context-full-drone-off-1239739722-contextual_20688124.out,2,../problems/numeric/drone/instances/problem_1_1_4.pddl,success,33.87,True,10,1,1,1
MCTS-SAFE-CONTEXT,context-full-drone-off-1239739722-contextual,drone,,off,1239739722,contextual,70,20688124,COMPLETED,/home/hersco/training_new_domains/2026-08-28/mcts_safe_context_full/context-full-drone-off-1239739722-contextual_20688124.out,3,../problems/numeric/drone/instances/problem_1_8_1.pddl,success,37.63,True,35,1,1,1
MCTS-SAFE-CONTEXT,context-full-drone-off-1239739722-contextual,drone,,off,1239739722,contextual,70,20688124,COMPLETED,/home/hersco/training_new_domains/2026-08-28/mcts_safe_context_full/context-full-drone-off-1239739722-contextual_20688124.out,4,../problems/numeric/drone/instances/problem_1_9_3.pddl,unsolved,492.9,False,576,0,0,0
MCTS-SAFE-CONTEXT,context-full-drone-off-1239739722-contextual,drone,,off,1239739722,contextual,70,20688124,COMPLETED,/home/hersco/training_new_domains/2026-08-28/mcts_safe_context_full/context-full-drone-off-1239739722-contextual_20688124.out,5,../problems/numeric/drone/instances/problem_2_5_4.pddl,unsolved,456.88,False,335,0,0,0
MCTS-SAFE-CONTEXT,context-full-drone-off-1239739722-contextual,drone,,off,1239739722,contextual,70,20688124,COMPLETED,/home/hersco/training_new_domains/2026-08-28/mcts_safe_context_full/context-full-drone-off-1239739722-contextual_20688124.out,6,../problems/numeric/drone/instances/problem_2_8_3.pddl,unsolved,423.27,False,272,0,0,0
MCTS-SAFE-CONTEXT,context-full-drone-off-1239739722-contextual,drone,,off,1239739722,contextual,70,20688124,COMPLETED,/home/hersco/training_new_domains/2026-08-28/mcts_safe_context_full/context-full-drone-off-1239739722-contextual_20688124.out,7,../problems/numeric/drone/instances/problem_2_9_1.pddl,success,65.59,True,68,1,1,1
MCTS-SAFE-CONTEXT,context-full-drone-off-1239739722-contextual,drone,,off,1239739722,contextual,70,20688124,COMPLETED,/home/hersco/training_new_domains/2026-08-28/mcts_safe_context_full/context-full-drone-off-1239739722-contextual_20688124.out,8,../problems/numeric/drone/instances/problem_3_3_4.pddl,unsolved,300.81,False,261,0,0,0
MCTS-SAFE-CONTEXT,context-full-drone-off-1239739722-contextual,drone,,off,1239739722,contextual,70,20688124,COMPLETED,/home/hersco/training_new_domains/2026-08-28/mcts_safe_context_full/context-full-drone-off-1239739722-contextual_20688124.out,9,../problems/numeric/drone/instances/problem_4_2_5.pddl,unsolved,261.62,False,161,0,0,0
MCTS-SAFE-CONTEXT,context-full-drone-off-1239739722-contextual,drone,,off,1239739722,contextual,70,20688124,COMPLETED,/home/hersco/training_new_domains/2026-08-28/mcts_safe_context_full/context-full-drone-off-1239739722-contextual_20688124.out,10,../problems/numeric/drone/instances/problem_4_9_5.pddl,unsolved,21337.29,False,307,0,0,0
MCTS-SAFE-CONTEXT,context-full-drone-off-1239739722-contextual,drone,,off,1239739722,contextual,70,20688124,COMPLETED,/home/hersco/training_new_domains/2026-08-28/mcts_safe_context_full/context-full-drone-off-1239739722-contextual_20688124.out,11,../problems/numeric/drone/instances/problem_5_2_2.pddl,success,104.43,True,67,1,1,1
MCTS-SAFE-CONTEXT,context-full-drone-off-1239739722-contextual,drone,,off,1239739722,contextual,70,20688124,COMPLETED,/home/hersco/training_new_domains/2026-08-28/mcts_safe_context_full/context-full-drone-off-1239739722-contextual_20688124.out,12,../problems/numeric/drone/instances/problem_5_10_1.pddl,success,598.93,True,206,1,1,1
MCTS-SAFE-CONTEXT,context-full-drone-off-1239739722-contextual,drone,,off,1239739722,contextual,70,20688124,COMPLETED,/home/hersco/training_new_domains/2026-08-28/mcts_safe_context_full/context-full-drone-off-1239739722-contextual_20688124.out,13,../problems/numeric/drone/instances/problem_6_8_1.pddl,success,471.45,True,167,1,1,1
MCTS-SAFE-CONTEXT,context-full-drone-off-1239739722-contextual,drone,,off,1239739722,contextual,70,20688124,COMPLETED,/home/hersco/training_new_domains/2026-08-28/mcts_safe_context_full/context-full-drone-off-1239739722-contextual_20688124.out,14,../problems/numeric/drone/instances/problem_7_6_4.pddl,timeout,21600.0,False,-1,0,0,0
MCTS-SAFE-CONTEXT,context-full-drone-off-1239739722-contextual,drone,,off,1239739722,contextual,70,20688124,COMPLETED,/home/hersco/training_new_domains/2026-08-28/mcts_safe_context_full/context-full-drone-off-1239739722-contextual_20688124.out,15,../problems/numeric/drone/instances/problem_8_1_2.pddl,success,124.08,True,67,1,1,1
MCTS-SAFE-CONTEXT,context-full-drone-off-1239739722-contextual,drone,,off,1239739722,contextual,70,20688124,COMPLETED,/home/hersco/training_new_domains/2026-08-28/mcts_safe_context_full/context-full-drone-off-1239739722-contextual_20688124.out,16,../problems/numeric/drone/instances/problem_8_1_4.pddl,unsolved,162.01,False,50,0,0,0
MCTS-SAFE-CONTEXT,context-full-drone-off-1239739722-contextual,drone,,off,1239739722,contextual,70,20688124,COMPLETED,/home/hersco/training_new_domains/2026-08-28/mcts_safe_context_full/context-full-drone-off-1239739722-contextual_20688124.out,17,../problems/numeric/drone/instances/problem_8_1_5.pddl,unsolved,186.39,False,53,0,0,0
MCTS-SAFE-CONTEXT,context-full-drone-off-1239739722-contextual,drone,,off,1239739722,contextual,70,20688124,COMPLETED,/home/hersco/training_new_domains/2026-08-28/mcts_safe_context_full/context-full-drone-off-1239739722-contextual_20688124.out,18,../problems/numeric/drone/instances/problem_8_7_1.pddl,unsolved,944.74,False,184,0,0,0
MCTS-SAFE-CONTEXT,context-full-drone-off-1239739722-contextual,drone,,off,1239739722,contextual,70,20688124,COMPLETED,/home/hersco/training_new_domains/2026-08-28/mcts_safe_context_full/context-full-drone-off-1239739722-contextual_20688124.out,19,../problems/numeric/drone/instances/problem_9_7_3.pddl,timeout,21600.0,False,-1,0,0,0
MCTS-SAFE-CONTEXT,context-full-drone-off-1239739722-contextual,drone,,off,1239739722,contextual,70,20688124,COMPLETED,/home/hersco/training_new_domains/2026-08-28/mcts_safe_context_full/context-full-drone-off-1239739722-contextual_20688124.out,20,../problems/numeric/drone/instances/problem_10_10_3.pddl,timeout,21600.0,False,-1,0,0,0
MCTS-SAFE-CONTEXT,context-full-drone-off-1472491096-physical,drone,,off,1472491096,physical,70,20688125,COMPLETED,/home/hersco/training_new_domains/2026-08-28/mcts_safe_context_full/context-full-drone-off-1472491096-physical_20688125.out,1,../problems/numeric/drone/instances/problem_1_1_2.pddl,success,43.06,True,4,1,1,1
MCTS-SAFE-CONTEXT,context-full-drone-off-1472491096-physical,drone,,off,1472491096,physical,70,20688125,COMPLETED,/home/hersco/training_new_domains/2026-08-28/mcts_safe_context_full/context-full-drone-off-1472491096-physical_20688125.out,2,../problems/numeric/drone/instances/problem_1_1_4.pddl,success,43.56,True,10,1,1,1
MCTS-SAFE-CONTEXT,context-full-drone-off-1472491096-physical,drone,,off,1472491096,physical,70,20688125,COMPLETED,/home/hersco/training_new_domains/2026-08-28/mcts_safe_context_full/context-full-drone-off-1472491096-physical_20688125.out,3,../problems/numeric/drone/instances/problem_1_8_1.pddl,success,47.62,True,25,1,1,1
MCTS-SAFE-CONTEXT,context-full-drone-off-1472491096-physical,drone,,off,1472491096,physical,70,20688125,COMPLETED,/home/hersco/training_new_domains/2026-08-28/mcts_safe_context_full/context-full-drone-off-1472491096-physical_20688125.out,4,../problems/numeric/drone/instances/problem_1_9_3.pddl,unsolved,297.41,False,292,0,0,0
MCTS-SAFE-CONTEXT,context-full-drone-off-1472491096-physical,drone,,off,1472491096,physical,70,20688125,COMPLETED,/home/hersco/training_new_domains/2026-08-28/mcts_safe_context_full/context-full-drone-off-1472491096-physical_20688125.out,5,../problems/numeric/drone/instances/problem_2_5_4.pddl,unsolved,308.97,False,135,0,0,0
MCTS-SAFE-CONTEXT,context-full-drone-off-1472491096-physical,drone,,off,1472491096,physical,70,20688125,COMPLETED,/home/hersco/training_new_domains/2026-08-28/mcts_safe_context_full/context-full-drone-off-1472491096-physical_20688125.out,6,../problems/numeric/drone/instances/problem_2_8_3.pddl,unsolved,1454.12,False,395,0,0,0
MCTS-SAFE-CONTEXT,context-full-drone-off-1472491096-physical,drone,,off,1472491096,physical,70,20688125,COMPLETED,/home/hersco/training_new_domains/2026-08-28/mcts_safe_context_full/context-full-drone-off-1472491096-physical_20688125.out,7,../problems/numeric/drone/instances/problem_2_9_1.pddl,success,84.56,True,70,1,1,1
MCTS-SAFE-CONTEXT,context-full-drone-off-1472491096-physical,drone,,off,1472491096,physical,70,20688125,COMPLETED,/home/hersco/training_new_domains/2026-08-28/mcts_safe_context_full/context-full-drone-off-1472491096-physical_20688125.out,8,../problems/numeric/drone/instances/problem_3_3_4.pddl,success,198.07,True,109,1,1,1
MCTS-SAFE-CONTEXT,context-full-drone-off-1472491096-physical,drone,,off,1472491096,physical,70,20688125,COMPLETED,/home/hersco/training_new_domains/2026-08-28/mcts_safe_context_full/context-full-drone-off-1472491096-physical_20688125.out,9,../problems/numeric/drone/instances/problem_4_2_5.pddl,success,320.85,True,145,1,1,1
MCTS-SAFE-CONTEXT,context-full-drone-off-1472491096-physical,drone,,off,1472491096,physical,70,20688125,COMPLETED,/home/hersco/training_new_domains/2026-08-28/mcts_safe_context_full/context-full-drone-off-1472491096-physical_20688125.out,10,../problems/numeric/drone/instances/problem_4_9_5.pddl,timeout,21600.0,False,-1,0,0,0
MCTS-SAFE-CONTEXT,context-full-drone-off-1472491096-physical,drone,,off,1472491096,physical,70,20688125,COMPLETED,/home/hersco/training_new_domains/2026-08-28/mcts_safe_context_full/context-full-drone-off-1472491096-physical_20688125.out,11,../problems/numeric/drone/instances/problem_5_2_2.pddl,success,120.54,True,63,1,1,1
MCTS-SAFE-CONTEXT,context-full-drone-off-1472491096-physical,drone,,off,1472491096,physical,70,20688125,COMPLETED,/home/hersco/training_new_domains/2026-08-28/mcts_safe_context_full/context-full-drone-off-1472491096-physical_20688125.out,12,../problems/numeric/drone/instances/problem_5_10_1.pddl,unsolved,151.38,False,33,0,0,0
MCTS-SAFE-CONTEXT,context-full-drone-off-1472491096-physical,drone,,off,1472491096,physical,70,20688125,COMPLETED,/home/hersco/training_new_domains/2026-08-28/mcts_safe_context_full/context-full-drone-off-1472491096-physical_20688125.out,13,../problems/numeric/drone/instances/problem_6_8_1.pddl,success,508.44,True,167,1,1,1
MCTS-SAFE-CONTEXT,context-full-drone-off-1472491096-physical,drone,,off,1472491096,physical,70,20688125,COMPLETED,/home/hersco/training_new_domains/2026-08-28/mcts_safe_context_full/context-full-drone-off-1472491096-physical_20688125.out,14,../problems/numeric/drone/instances/problem_7_6_4.pddl,timeout,21600.0,False,-1,0,0,0
MCTS-SAFE-CONTEXT,context-full-drone-off-1472491096-physical,drone,,off,1472491096,physical,70,20688125,COMPLETED,/home/hersco/training_new_domains/2026-08-28/mcts_safe_context_full/context-full-drone-off-1472491096-physical_20688125.out,15,../problems/numeric/drone/instances/problem_8_1_2.pddl,success,92.72,True,48,1,1,1
MCTS-SAFE-CONTEXT,context-full-drone-off-1472491096-physical,drone,,off,1472491096,physical,70,20688125,COMPLETED,/home/hersco/training_new_domains/2026-08-28/mcts_safe_context_full/context-full-drone-off-1472491096-physical_20688125.out,16,../problems/numeric/drone/instances/problem_8_1_4.pddl,success,260.92,True,103,1,1,1
MCTS-SAFE-CONTEXT,context-full-drone-off-1472491096-physical,drone,,off,1472491096,physical,70,20688125,COMPLETED,/home/hersco/training_new_domains/2026-08-28/mcts_safe_context_full/context-full-drone-off-1472491096-physical_20688125.out,17,../problems/numeric/drone/instances/problem_8_1_5.pddl,success,402.44,True,136,1,1,1
MCTS-SAFE-CONTEXT,context-full-drone-off-1472491096-physical,drone,,off,1472491096,physical,70,20688125,COMPLETED,/home/hersco/training_new_domains/2026-08-28/mcts_safe_context_full/context-full-drone-off-1472491096-physical_20688125.out,18,../problems/numeric/drone/instances/problem_8_7_1.pddl,success,1021.44,True,225,1,1,1
MCTS-SAFE-CONTEXT,context-full-drone-off-1472491096-physical,drone,,off,1472491096,physical,70,20688125,COMPLETED,/home/hersco/training_new_domains/2026-08-28/mcts_safe_context_full/context-full-drone-off-1472491096-physical_20688125.out,19,../problems/numeric/drone/instances/problem_9_7_3.pddl,timeout,21600.0,False,-1,0,0,0
MCTS-SAFE-CONTEXT,context-full-drone-off-1472491096-physical,drone,,off,1472491096,physical,70,20688125,COMPLETED,/home/hersco/training_new_domains/2026-08-28/mcts_safe_context_full/context-full-drone-off-1472491096-physical_20688125.out,20,../problems/numeric/drone/instances/problem_10_10_3.pddl,timeout,21600.0,False,-1,0,0,0
MCTS-SAFE-CONTEXT,context-full-drone-off-1472491096-contextual,drone,,off,1472491096,contextual,70,20688126,COMPLETED,/home/hersco/training_new_domains/2026-08-28/mcts_safe_context_full/context-full-drone-off-1472491096-contextual_20688126.out,1,../problems/numeric/drone/instances/problem_1_1_2.pddl,success,53.04,True,4,1,1,1
MCTS-SAFE-CONTEXT,context-full-drone-off-1472491096-contextual,drone,,off,1472491096,contextual,70,20688126,COMPLETED,/home/hersco/training_new_domains/2026-08-28/mcts_safe_context_full/context-full-drone-off-1472491096-contextual_20688126.out,2,../problems/numeric/drone/instances/problem_1_1_4.pddl,success,56.21,True,10,1,1,1
MCTS-SAFE-CONTEXT,context-full-drone-off-1472491096-contextual,drone,,off,1472491096,contextual,70,20688126,COMPLETED,/home/hersco/training_new_domains/2026-08-28/mcts_safe_context_full/context-full-drone-off-1472491096-contextual_20688126.out,3,../problems/numeric/drone/instances/problem_1_8_1.pddl,success,43.36,True,25,1,1,1
MCTS-SAFE-CONTEXT,context-full-drone-off-1472491096-contextual,drone,,off,1472491096,contextual,70,20688126,COMPLETED,/home/hersco/training_new_domains/2026-08-28/mcts_safe_context_full/context-full-drone-off-1472491096-contextual_20688126.out,4,../problems/numeric/drone/instances/problem_1_9_3.pddl,unsolved,798.12,False,812,0,0,0
MCTS-SAFE-CONTEXT,context-full-drone-off-1472491096-contextual,drone,,off,1472491096,contextual,70,20688126,COMPLETED,/home/hersco/training_new_domains/2026-08-28/mcts_safe_context_full/context-full-drone-off-1472491096-contextual_20688126.out,5,../problems/numeric/drone/instances/problem_2_5_4.pddl,timeout,21600.0,False,-1,0,0,0
MCTS-SAFE-CONTEXT,context-full-drone-off-1472491096-contextual,drone,,off,1472491096,contextual,70,20688126,COMPLETED,/home/hersco/training_new_domains/2026-08-28/mcts_safe_context_full/context-full-drone-off-1472491096-contextual_20688126.out,6,../problems/numeric/drone/instances/problem_2_8_3.pddl,unsolved,3292.3,False,987,0,0,0
MCTS-SAFE-CONTEXT,context-full-drone-off-1472491096-contextual,drone,,off,1472491096,contextual,70,20688126,COMPLETED,/home/hersco/training_new_domains/2026-08-28/mcts_safe_context_full/context-full-drone-off-1472491096-contextual_20688126.out,7,../problems/numeric/drone/instances/problem_2_9_1.pddl,success,73.9,True,70,1,1,1
MCTS-SAFE-CONTEXT,context-full-drone-off-1472491096-contextual,drone,,off,1472491096,contextual,70,20688126,COMPLETED,/home/hersco/training_new_domains/2026-08-28/mcts_safe_context_full/context-full-drone-off-1472491096-contextual_20688126.out,8,../problems/numeric/drone/instances/problem_3_3_4.pddl,success,170.62,True,109,1,1,1
MCTS-SAFE-CONTEXT,context-full-drone-off-1472491096-contextual,drone,,off,1472491096,contextual,70,20688126,COMPLETED,/home/hersco/training_new_domains/2026-08-28/mcts_safe_context_full/context-full-drone-off-1472491096-contextual_20688126.out,9,../problems/numeric/drone/instances/problem_4_2_5.pddl,timeout,21600.0,False,-1,0,0,0
MCTS-SAFE-CONTEXT,context-full-drone-off-1472491096-contextual,drone,,off,1472491096,contextual,70,20688126,COMPLETED,/home/hersco/training_new_domains/2026-08-28/mcts_safe_context_full/context-full-drone-off-1472491096-contextual_20688126.out,10,../problems/numeric/drone/instances/problem_4_9_5.pddl,timeout,21600.0,False,-1,0,0,0
MCTS-SAFE-CONTEXT,context-full-drone-off-1472491096-contextual,drone,,off,1472491096,contextual,70,20688126,COMPLETED,/home/hersco/training_new_domains/2026-08-28/mcts_safe_context_full/context-full-drone-off-1472491096-contextual_20688126.out,11,../problems/numeric/drone/instances/problem_5_2_2.pddl,success,112.26,True,63,1,1,1
MCTS-SAFE-CONTEXT,context-full-drone-off-1472491096-contextual,drone,,off,1472491096,contextual,70,20688126,COMPLETED,/home/hersco/training_new_domains/2026-08-28/mcts_safe_context_full/context-full-drone-off-1472491096-contextual_20688126.out,12,../problems/numeric/drone/instances/problem_5_10_1.pddl,unsolved,134.81,False,33,0,0,0
MCTS-SAFE-CONTEXT,context-full-drone-off-1472491096-contextual,drone,,off,1472491096,contextual,70,20688126,COMPLETED,/home/hersco/training_new_domains/2026-08-28/mcts_safe_context_full/context-full-drone-off-1472491096-contextual_20688126.out,13,../problems/numeric/drone/instances/problem_6_8_1.pddl,success,423.28,True,167,1,1,1
MCTS-SAFE-CONTEXT,context-full-drone-off-1472491096-contextual,drone,,off,1472491096,contextual,70,20688126,COMPLETED,/home/hersco/training_new_domains/2026-08-28/mcts_safe_context_full/context-full-drone-off-1472491096-contextual_20688126.out,14,../problems/numeric/drone/instances/problem_7_6_4.pddl,timeout,21600.0,False,-1,0,0,0
MCTS-SAFE-CONTEXT,context-full-drone-off-1472491096-contextual,drone,,off,1472491096,contextual,70,20688126,COMPLETED,/home/hersco/training_new_domains/2026-08-28/mcts_safe_context_full/context-full-drone-off-1472491096-contextual_20688126.out,15,../problems/numeric/drone/instances/problem_8_1_2.pddl,success,79.68,True,48,1,1,1
MCTS-SAFE-CONTEXT,context-full-drone-off-1472491096-contextual,drone,,off,1472491096,contextual,70,20688126,COMPLETED,/home/hersco/training_new_domains/2026-08-28/mcts_safe_context_full/context-full-drone-off-1472491096-contextual_20688126.out,16,../problems/numeric/drone/instances/problem_8_1_4.pddl,success,241.62,True,103,1,1,1
MCTS-SAFE-CONTEXT,context-full-drone-off-1472491096-contextual,drone,,off,1472491096,contextual,70,20688126,COMPLETED,/home/hersco/training_new_domains/2026-08-28/mcts_safe_context_full/context-full-drone-off-1472491096-contextual_20688126.out,17,../problems/numeric/drone/instances/problem_8_1_5.pddl,success,304.96,True,136,1,1,1
MCTS-SAFE-CONTEXT,context-full-drone-off-1472491096-contextual,drone,,off,1472491096,contextual,70,20688126,COMPLETED,/home/hersco/training_new_domains/2026-08-28/mcts_safe_context_full/context-full-drone-off-1472491096-contextual_20688126.out,18,../problems/numeric/drone/instances/problem_8_7_1.pddl,success,810.93,True,225,1,1,1
MCTS-SAFE-CONTEXT,context-full-drone-off-1472491096-contextual,drone,,off,1472491096,contextual,70,20688126,COMPLETED,/home/hersco/training_new_domains/2026-08-28/mcts_safe_context_full/context-full-drone-off-1472491096-contextual_20688126.out,19,../problems/numeric/drone/instances/problem_9_7_3.pddl,timeout,21600.0,False,-1,0,0,0
MCTS-SAFE-CONTEXT,context-full-drone-off-1472491096-contextual,drone,,off,1472491096,contextual,70,20688126,COMPLETED,/home/hersco/training_new_domains/2026-08-28/mcts_safe_context_full/context-full-drone-off-1472491096-contextual_20688126.out,20,../problems/numeric/drone/instances/problem_10_10_3.pddl,timeout,21600.0,False,-1,0,0,0
MCTS-SAFE-CONTEXT,context-full-drone-on-1963100312-physical,drone,,on,1963100312,physical,70,20688127,COMPLETED,/home/hersco/training_new_domains/2026-08-28/mcts_safe_context_full/context-full-drone-on-1963100312-physical_20688127.out,1,../problems/numeric/drone/instances/problem_1_1_2.pddl,success,46.21,True,6,1,1,1
MCTS-SAFE-CONTEXT,context-full-drone-on-1963100312-physical,drone,,on,1963100312,physical,70,20688127,COMPLETED,/home/hersco/training_new_domains/2026-08-28/mcts_safe_context_full/context-full-drone-on-1963100312-physical_20688127.out,2,../problems/numeric/drone/instances/problem_1_1_4.pddl,success,45.33,True,11,1,1,1
MCTS-SAFE-CONTEXT,context-full-drone-on-1963100312-physical,drone,,on,1963100312,physical,70,20688127,COMPLETED,/home/hersco/training_new_domains/2026-08-28/mcts_safe_context_full/context-full-drone-on-1963100312-physical_20688127.out,3,../problems/numeric/drone/instances/problem_1_8_1.pddl,success,67.23,True,51,1,1,1
MCTS-SAFE-CONTEXT,context-full-drone-on-1963100312-physical,drone,,on,1963100312,physical,70,20688127,COMPLETED,/home/hersco/training_new_domains/2026-08-28/mcts_safe_context_full/context-full-drone-on-1963100312-physical_20688127.out,4,../problems/numeric/drone/instances/problem_1_9_3.pddl,unsolved,239.66,False,245,0,0,0
MCTS-SAFE-CONTEXT,context-full-drone-on-1963100312-physical,drone,,on,1963100312,physical,70,20688127,COMPLETED,/home/hersco/training_new_domains/2026-08-28/mcts_safe_context_full/context-full-drone-on-1963100312-physical_20688127.out,5,../problems/numeric/drone/instances/problem_2_5_4.pddl,unsolved,275.22,False,386,0,0,0
MCTS-SAFE-CONTEXT,context-full-drone-on-1963100312-physical,drone,,on,1963100312,physical,70,20688127,COMPLETED,/home/hersco/training_new_domains/2026-08-28/mcts_safe_context_full/context-full-drone-on-1963100312-physical_20688127.out,6,../problems/numeric/drone/instances/problem_2_8_3.pddl,unsolved,359.51,False,328,0,0,0
MCTS-SAFE-CONTEXT,context-full-drone-on-1963100312-physical,drone,,on,1963100312,physical,70,20688127,COMPLETED,/home/hersco/training_new_domains/2026-08-28/mcts_safe_context_full/context-full-drone-on-1963100312-physical_20688127.out,7,../problems/numeric/drone/instances/problem_2_9_1.pddl,unsolved,146.14,False,176,0,0,0
MCTS-SAFE-CONTEXT,context-full-drone-on-1963100312-physical,drone,,on,1963100312,physical,70,20688127,COMPLETED,/home/hersco/training_new_domains/2026-08-28/mcts_safe_context_full/context-full-drone-on-1963100312-physical_20688127.out,8,../problems/numeric/drone/instances/problem_3_3_4.pddl,unsolved,250.5,False,376,0,0,0
MCTS-SAFE-CONTEXT,context-full-drone-on-1963100312-physical,drone,,on,1963100312,physical,70,20688127,COMPLETED,/home/hersco/training_new_domains/2026-08-28/mcts_safe_context_full/context-full-drone-on-1963100312-physical_20688127.out,9,../problems/numeric/drone/instances/problem_4_2_5.pddl,unsolved,470.63,False,344,0,0,0
MCTS-SAFE-CONTEXT,context-full-drone-on-1963100312-physical,drone,,on,1963100312,physical,70,20688127,COMPLETED,/home/hersco/training_new_domains/2026-08-28/mcts_safe_context_full/context-full-drone-on-1963100312-physical_20688127.out,10,../problems/numeric/drone/instances/problem_4_9_5.pddl,timeout,21600.0,False,-1,0,0,0
MCTS-SAFE-CONTEXT,context-full-drone-on-1963100312-physical,drone,,on,1963100312,physical,70,20688127,COMPLETED,/home/hersco/training_new_domains/2026-08-28/mcts_safe_context_full/context-full-drone-on-1963100312-physical_20688127.out,11,../problems/numeric/drone/instances/problem_5_2_2.pddl,unsolved,146.35,False,228,0,0,0
MCTS-SAFE-CONTEXT,context-full-drone-on-1963100312-physical,drone,,on,1963100312,physical,70,20688127,COMPLETED,/home/hersco/training_new_domains/2026-08-28/mcts_safe_context_full/context-full-drone-on-1963100312-physical_20688127.out,12,../problems/numeric/drone/instances/problem_5_10_1.pddl,unsolved,608.58,False,204,0,0,0
MCTS-SAFE-CONTEXT,context-full-drone-on-1963100312-physical,drone,,on,1963100312,physical,70,20688127,COMPLETED,/home/hersco/training_new_domains/2026-08-28/mcts_safe_context_full/context-full-drone-on-1963100312-physical_20688127.out,13,../problems/numeric/drone/instances/problem_6_8_1.pddl,unsolved,127.32,False,62,0,0,0
MCTS-SAFE-CONTEXT,context-full-drone-on-1963100312-physical,drone,,on,1963100312,physical,70,20688127,COMPLETED,/home/hersco/training_new_domains/2026-08-28/mcts_safe_context_full/context-full-drone-on-1963100312-physical_20688127.out,14,../problems/numeric/drone/instances/problem_7_6_4.pddl,timeout,21600.0,False,-1,0,0,0
MCTS-SAFE-CONTEXT,context-full-drone-on-1963100312-physical,drone,,on,1963100312,physical,70,20688127,COMPLETED,/home/hersco/training_new_domains/2026-08-28/mcts_safe_context_full/context-full-drone-on-1963100312-physical_20688127.out,15,../problems/numeric/drone/instances/problem_8_1_2.pddl,success,173.15,True,88,1,1,1
MCTS-SAFE-CONTEXT,context-full-drone-on-1963100312-physical,drone,,on,1963100312,physical,70,20688127,COMPLETED,/home/hersco/training_new_domains/2026-08-28/mcts_safe_context_full/context-full-drone-on-1963100312-physical_20688127.out,16,../problems/numeric/drone/instances/problem_8_1_4.pddl,unsolved,210.0,False,55,0,0,0
MCTS-SAFE-CONTEXT,context-full-drone-on-1963100312-physical,drone,,on,1963100312,physical,70,20688127,COMPLETED,/home/hersco/training_new_domains/2026-08-28/mcts_safe_context_full/context-full-drone-on-1963100312-physical_20688127.out,17,../problems/numeric/drone/instances/problem_8_1_5.pddl,unsolved,1068.05,False,500,0,0,0
MCTS-SAFE-CONTEXT,context-full-drone-on-1963100312-physical,drone,,on,1963100312,physical,70,20688127,COMPLETED,/home/hersco/training_new_domains/2026-08-28/mcts_safe_context_full/context-full-drone-on-1963100312-physical_20688127.out,18,../problems/numeric/drone/instances/problem_8_7_1.pddl,unsolved,219.76,False,100,0,0,0
MCTS-SAFE-CONTEXT,context-full-drone-on-1963100312-physical,drone,,on,1963100312,physical,70,20688127,COMPLETED,/home/hersco/training_new_domains/2026-08-28/mcts_safe_context_full/context-full-drone-on-1963100312-physical_20688127.out,19,../problems/numeric/drone/instances/problem_9_7_3.pddl,timeout,21600.0,False,-1,0,0,0
MCTS-SAFE-CONTEXT,context-full-drone-on-1963100312-physical,drone,,on,1963100312,physical,70,20688127,COMPLETED,/home/hersco/training_new_domains/2026-08-28/mcts_safe_context_full/context-full-drone-on-1963100312-physical_20688127.out,20,../problems/numeric/drone/instances/problem_10_10_3.pddl,timeout,21600.0,False,-1,0,0,0
MCTS-SAFE-CONTEXT,context-full-drone-on-1963100312-contextual,drone,,on,1963100312,contextual,70,20688128,COMPLETED,/home/hersco/training_new_domains/2026-08-28/mcts_safe_context_full/context-full-drone-on-1963100312-contextual_20688128.out,1,../problems/numeric/drone/instances/problem_1_1_2.pddl,success,44.3,True,6,1,1,1
MCTS-SAFE-CONTEXT,context-full-drone-on-1963100312-contextual,drone,,on,1963100312,contextual,70,20688128,COMPLETED,/home/hersco/training_new_domains/2026-08-28/mcts_safe_context_full/context-full-drone-on-1963100312-contextual_20688128.out,2,../problems/numeric/drone/instances/problem_1_1_4.pddl,success,44.63,True,11,1,1,1
MCTS-SAFE-CONTEXT,context-full-drone-on-1963100312-contextual,drone,,on,1963100312,contextual,70,20688128,COMPLETED,/home/hersco/training_new_domains/2026-08-28/mcts_safe_context_full/context-full-drone-on-1963100312-contextual_20688128.out,3,../problems/numeric/drone/instances/problem_1_8_1.pddl,success,72.61,True,48,1,1,1
MCTS-SAFE-CONTEXT,context-full-drone-on-1963100312-contextual,drone,,on,1963100312,contextual,70,20688128,COMPLETED,/home/hersco/training_new_domains/2026-08-28/mcts_safe_context_full/context-full-drone-on-1963100312-contextual_20688128.out,4,../problems/numeric/drone/instances/problem_1_9_3.pddl,unsolved,366.6,False,3401,0,0,0
MCTS-SAFE-CONTEXT,context-full-drone-on-1963100312-contextual,drone,,on,1963100312,contextual,70,20688128,COMPLETED,/home/hersco/training_new_domains/2026-08-28/mcts_safe_context_full/context-full-drone-on-1963100312-contextual_20688128.out,5,../problems/numeric/drone/instances/problem_2_5_4.pddl,unsolved,1453.0,False,3905,0,0,0
MCTS-SAFE-CONTEXT,context-full-drone-on-1963100312-contextual,drone,,on,1963100312,contextual,70,20688128,COMPLETED,/home/hersco/training_new_domains/2026-08-28/mcts_safe_context_full/context-full-drone-on-1963100312-contextual_20688128.out,6,../problems/numeric/drone/instances/problem_2_8_3.pddl,unsolved,483.45,False,3392,0,0,0
MCTS-SAFE-CONTEXT,context-full-drone-on-1963100312-contextual,drone,,on,1963100312,contextual,70,20688128,COMPLETED,/home/hersco/training_new_domains/2026-08-28/mcts_safe_context_full/context-full-drone-on-1963100312-contextual_20688128.out,7,../problems/numeric/drone/instances/problem_2_9_1.pddl,unsolved,306.39,False,3405,0,0,0
MCTS-SAFE-CONTEXT,context-full-drone-on-1963100312-contextual,drone,,on,1963100312,contextual,70,20688128,COMPLETED,/home/hersco/training_new_domains/2026-08-28/mcts_safe_context_full/context-full-drone-on-1963100312-contextual_20688128.out,8,../problems/numeric/drone/instances/problem_3_3_4.pddl,unsolved,1451.56,False,3982,0,0,0
MCTS-SAFE-CONTEXT,context-full-drone-on-1963100312-contextual,drone,,on,1963100312,contextual,70,20688128,COMPLETED,/home/hersco/training_new_domains/2026-08-28/mcts_safe_context_full/context-full-drone-on-1963100312-contextual_20688128.out,9,../problems/numeric/drone/instances/problem_4_2_5.pddl,unsolved,2731.42,False,3839,0,0,0
MCTS-SAFE-CONTEXT,context-full-drone-on-1963100312-contextual,drone,,on,1963100312,contextual,70,20688128,COMPLETED,/home/hersco/training_new_domains/2026-08-28/mcts_safe_context_full/context-full-drone-on-1963100312-contextual_20688128.out,10,../problems/numeric/drone/instances/problem_4_9_5.pddl,unsolved,11828.23,False,3399,0,0,0
MCTS-SAFE-CONTEXT,context-full-drone-on-1963100312-contextual,drone,,on,1963100312,contextual,70,20688128,COMPLETED,/home/hersco/training_new_domains/2026-08-28/mcts_safe_context_full/context-full-drone-on-1963100312-contextual_20688128.out,11,../problems/numeric/drone/instances/problem_5_2_2.pddl,unsolved,950.03,False,4026,0,0,0
MCTS-SAFE-CONTEXT,context-full-drone-on-1963100312-contextual,drone,,on,1963100312,contextual,70,20688128,COMPLETED,/home/hersco/training_new_domains/2026-08-28/mcts_safe_context_full/context-full-drone-on-1963100312-contextual_20688128.out,12,../problems/numeric/drone/instances/problem_5_10_1.pddl,unsolved,911.85,False,3384,0,0,0
MCTS-SAFE-CONTEXT,context-full-drone-on-1963100312-contextual,drone,,on,1963100312,contextual,70,20688128,COMPLETED,/home/hersco/training_new_domains/2026-08-28/mcts_safe_context_full/context-full-drone-on-1963100312-contextual_20688128.out,13,../problems/numeric/drone/instances/problem_6_8_1.pddl,unsolved,1099.0,False,3414,0,0,0
MCTS-SAFE-CONTEXT,context-full-drone-on-1963100312-contextual,drone,,on,1963100312,contextual,70,20688128,COMPLETED,/home/hersco/training_new_domains/2026-08-28/mcts_safe_context_full/context-full-drone-on-1963100312-contextual_20688128.out,14,../problems/numeric/drone/instances/problem_7_6_4.pddl,timeout,21600.0,False,-1,0,0,0
MCTS-SAFE-CONTEXT,context-full-drone-on-1963100312-contextual,drone,,on,1963100312,contextual,70,20688128,COMPLETED,/home/hersco/training_new_domains/2026-08-28/mcts_safe_context_full/context-full-drone-on-1963100312-contextual_20688128.out,15,../problems/numeric/drone/instances/problem_8_1_2.pddl,unsolved,17758.61,False,10000,0,0,0
MCTS-SAFE-CONTEXT,context-full-drone-on-1963100312-contextual,drone,,on,1963100312,contextual,70,20688128,COMPLETED,/home/hersco/training_new_domains/2026-08-28/mcts_safe_context_full/context-full-drone-on-1963100312-contextual_20688128.out,16,../problems/numeric/drone/instances/problem_8_1_4.pddl,timeout,21600.0,False,-1,0,0,0
MCTS-SAFE-CONTEXT,context-full-drone-on-1963100312-contextual,drone,,on,1963100312,contextual,70,20688128,COMPLETED,/home/hersco/training_new_domains/2026-08-28/mcts_safe_context_full/context-full-drone-on-1963100312-contextual_20688128.out,17,../problems/numeric/drone/instances/problem_8_1_5.pddl,timeout,21600.0,False,-1,0,0,0
MCTS-SAFE-CONTEXT,context-full-drone-on-1963100312-contextual,drone,,on,1963100312,contextual,70,20688128,COMPLETED,/home/hersco/training_new_domains/2026-08-28/mcts_safe_context_full/context-full-drone-on-1963100312-contextual_20688128.out,18,../problems/numeric/drone/instances/problem_8_7_1.pddl,unsolved,931.35,False,3452,0,0,0
MCTS-SAFE-CONTEXT,context-full-drone-on-1963100312-contextual,drone,,on,1963100312,contextual,70,20688128,COMPLETED,/home/hersco/training_new_domains/2026-08-28/mcts_safe_context_full/context-full-drone-on-1963100312-contextual_20688128.out,19,../problems/numeric/drone/instances/problem_9_7_3.pddl,unsolved,18389.78,False,3484,0,0,0
MCTS-SAFE-CONTEXT,context-full-drone-on-1963100312-contextual,drone,,on,1963100312,contextual,70,20688128,COMPLETED,/home/hersco/training_new_domains/2026-08-28/mcts_safe_context_full/context-full-drone-on-1963100312-contextual_20688128.out,20,../problems/numeric/drone/instances/problem_10_10_3.pddl,timeout,21600.0,False,-1,0,0,0
MCTS-SAFE-CONTEXT,context-full-drone-on-2011206605-physical,drone,,on,2011206605,physical,70,20688129,COMPLETED,/home/hersco/training_new_domains/2026-08-28/mcts_safe_context_full/context-full-drone-on-2011206605-physical_20688129.out,1,../problems/numeric/drone/instances/problem_1_1_2.pddl,success,42.11,True,4,1,1,1
MCTS-SAFE-CONTEXT,context-full-drone-on-2011206605-physical,drone,,on,2011206605,physical,70,20688129,COMPLETED,/home/hersco/training_new_domains/2026-08-28/mcts_safe_context_full/context-full-drone-on-2011206605-physical_20688129.out,2,../problems/numeric/drone/instances/problem_1_1_4.pddl,success,42.52,True,10,1,1,1
MCTS-SAFE-CONTEXT,context-full-drone-on-2011206605-physical,drone,,on,2011206605,physical,70,20688129,COMPLETED,/home/hersco/training_new_domains/2026-08-28/mcts_safe_context_full/context-full-drone-on-2011206605-physical_20688129.out,3,../problems/numeric/drone/instances/problem_1_8_1.pddl,success,47.05,True,25,1,1,1
MCTS-SAFE-CONTEXT,context-full-drone-on-2011206605-physical,drone,,on,2011206605,physical,70,20688129,COMPLETED,/home/hersco/training_new_domains/2026-08-28/mcts_safe_context_full/context-full-drone-on-2011206605-physical_20688129.out,4,../problems/numeric/drone/instances/problem_1_9_3.pddl,unsolved,200.16,False,212,0,0,0
MCTS-SAFE-CONTEXT,context-full-drone-on-2011206605-physical,drone,,on,2011206605,physical,70,20688129,COMPLETED,/home/hersco/training_new_domains/2026-08-28/mcts_safe_context_full/context-full-drone-on-2011206605-physical_20688129.out,5,../problems/numeric/drone/instances/problem_2_5_4.pddl,unsolved,316.34,False,247,0,0,0
MCTS-SAFE-CONTEXT,context-full-drone-on-2011206605-physical,drone,,on,2011206605,physical,70,20688129,COMPLETED,/home/hersco/training_new_domains/2026-08-28/mcts_safe_context_full/context-full-drone-on-2011206605-physical_20688129.out,6,../problems/numeric/drone/instances/problem_2_8_3.pddl,unsolved,566.72,False,288,0,0,0
MCTS-SAFE-CONTEXT,context-full-drone-on-2011206605-physical,drone,,on,2011206605,physical,70,20688129,COMPLETED,/home/hersco/training_new_domains/2026-08-28/mcts_safe_context_full/context-full-drone-on-2011206605-physical_20688129.out,7,../problems/numeric/drone/instances/problem_2_9_1.pddl,success,76.16,True,68,1,1,1
MCTS-SAFE-CONTEXT,context-full-drone-on-2011206605-physical,drone,,on,2011206605,physical,70,20688129,COMPLETED,/home/hersco/training_new_domains/2026-08-28/mcts_safe_context_full/context-full-drone-on-2011206605-physical_20688129.out,8,../problems/numeric/drone/instances/problem_3_3_4.pddl,success,361.13,True,268,1,1,1
MCTS-SAFE-CONTEXT,context-full-drone-on-2011206605-physical,drone,,on,2011206605,physical,70,20688129,COMPLETED,/home/hersco/training_new_domains/2026-08-28/mcts_safe_context_full/context-full-drone-on-2011206605-physical_20688129.out,9,../problems/numeric/drone/instances/problem_4_2_5.pddl,success,252.98,True,138,1,1,1
MCTS-SAFE-CONTEXT,context-full-drone-on-2011206605-physical,drone,,on,2011206605,physical,70,20688129,COMPLETED,/home/hersco/training_new_domains/2026-08-28/mcts_safe_context_full/context-full-drone-on-2011206605-physical_20688129.out,10,../problems/numeric/drone/instances/problem_4_9_5.pddl,timeout,21600.0,False,-1,0,0,0
MCTS-SAFE-CONTEXT,context-full-drone-on-2011206605-physical,drone,,on,2011206605,physical,70,20688129,COMPLETED,/home/hersco/training_new_domains/2026-08-28/mcts_safe_context_full/context-full-drone-on-2011206605-physical_20688129.out,11,../problems/numeric/drone/instances/problem_5_2_2.pddl,success,107.3,True,67,1,1,1
MCTS-SAFE-CONTEXT,context-full-drone-on-2011206605-physical,drone,,on,2011206605,physical,70,20688129,COMPLETED,/home/hersco/training_new_domains/2026-08-28/mcts_safe_context_full/context-full-drone-on-2011206605-physical_20688129.out,12,../problems/numeric/drone/instances/problem_5_10_1.pddl,success,793.46,True,234,1,1,1
MCTS-SAFE-CONTEXT,context-full-drone-on-2011206605-physical,drone,,on,2011206605,physical,70,20688129,COMPLETED,/home/hersco/training_new_domains/2026-08-28/mcts_safe_context_full/context-full-drone-on-2011206605-physical_20688129.out,13,../problems/numeric/drone/instances/problem_6_8_1.pddl,success,997.58,True,307,1,1,1
MCTS-SAFE-CONTEXT,context-full-drone-on-2011206605-physical,drone,,on,2011206605,physical,70,20688129,COMPLETED,/home/hersco/training_new_domains/2026-08-28/mcts_safe_context_full/context-full-drone-on-2011206605-physical_20688129.out,14,../problems/numeric/drone/instances/problem_7_6_4.pddl,timeout,21600.0,False,-1,0,0,0
MCTS-SAFE-CONTEXT,context-full-drone-on-2011206605-physical,drone,,on,2011206605,physical,70,20688129,COMPLETED,/home/hersco/training_new_domains/2026-08-28/mcts_safe_context_full/context-full-drone-on-2011206605-physical_20688129.out,15,../problems/numeric/drone/instances/problem_8_1_2.pddl,success,112.22,True,68,1,1,1
MCTS-SAFE-CONTEXT,context-full-drone-on-2011206605-physical,drone,,on,2011206605,physical,70,20688129,COMPLETED,/home/hersco/training_new_domains/2026-08-28/mcts_safe_context_full/context-full-drone-on-2011206605-physical_20688129.out,16,../problems/numeric/drone/instances/problem_8_1_4.pddl,success,623.73,True,338,1,1,1
MCTS-SAFE-CONTEXT,context-full-drone-on-2011206605-physical,drone,,on,2011206605,physical,70,20688129,COMPLETED,/home/hersco/training_new_domains/2026-08-28/mcts_safe_context_full/context-full-drone-on-2011206605-physical_20688129.out,17,../problems/numeric/drone/instances/problem_8_1_5.pddl,success,1133.26,True,428,1,1,1
MCTS-SAFE-CONTEXT,context-full-drone-on-2011206605-physical,drone,,on,2011206605,physical,70,20688129,COMPLETED,/home/hersco/training_new_domains/2026-08-28/mcts_safe_context_full/context-full-drone-on-2011206605-physical_20688129.out,18,../problems/numeric/drone/instances/problem_8_7_1.pddl,success,2924.16,True,427,0,1,1
MCTS-SAFE-CONTEXT,context-full-drone-on-2011206605-physical,drone,,on,2011206605,physical,70,20688129,COMPLETED,/home/hersco/training_new_domains/2026-08-28/mcts_safe_context_full/context-full-drone-on-2011206605-physical_20688129.out,19,../problems/numeric/drone/instances/problem_9_7_3.pddl,timeout,21600.0,False,-1,0,0,0
MCTS-SAFE-CONTEXT,context-full-drone-on-2011206605-physical,drone,,on,2011206605,physical,70,20688129,COMPLETED,/home/hersco/training_new_domains/2026-08-28/mcts_safe_context_full/context-full-drone-on-2011206605-physical_20688129.out,20,../problems/numeric/drone/instances/problem_10_10_3.pddl,timeout,21600.0,False,-1,0,0,0
MCTS-SAFE-CONTEXT,context-full-drone-on-2011206605-contextual,drone,,on,2011206605,contextual,70,20688130,COMPLETED,/home/hersco/training_new_domains/2026-08-28/mcts_safe_context_full/context-full-drone-on-2011206605-contextual_20688130.out,1,../problems/numeric/drone/instances/problem_1_1_2.pddl,success,46.82,True,4,1,1,1
MCTS-SAFE-CONTEXT,context-full-drone-on-2011206605-contextual,drone,,on,2011206605,contextual,70,20688130,COMPLETED,/home/hersco/training_new_domains/2026-08-28/mcts_safe_context_full/context-full-drone-on-2011206605-contextual_20688130.out,2,../problems/numeric/drone/instances/problem_1_1_4.pddl,success,39.86,True,10,1,1,1
MCTS-SAFE-CONTEXT,context-full-drone-on-2011206605-contextual,drone,,on,2011206605,contextual,70,20688130,COMPLETED,/home/hersco/training_new_domains/2026-08-28/mcts_safe_context_full/context-full-drone-on-2011206605-contextual_20688130.out,3,../problems/numeric/drone/instances/problem_1_8_1.pddl,success,50.88,True,25,1,1,1
MCTS-SAFE-CONTEXT,context-full-drone-on-2011206605-contextual,drone,,on,2011206605,contextual,70,20688130,COMPLETED,/home/hersco/training_new_domains/2026-08-28/mcts_safe_context_full/context-full-drone-on-2011206605-contextual_20688130.out,4,../problems/numeric/drone/instances/problem_1_9_3.pddl,unsolved,1655.03,False,10000,0,0,0
MCTS-SAFE-CONTEXT,context-full-drone-on-2011206605-contextual,drone,,on,2011206605,contextual,70,20688130,COMPLETED,/home/hersco/training_new_domains/2026-08-28/mcts_safe_context_full/context-full-drone-on-2011206605-contextual_20688130.out,5,../problems/numeric/drone/instances/problem_2_5_4.pddl,unsolved,942.46,False,831,0,0,0
MCTS-SAFE-CONTEXT,context-full-drone-on-2011206605-contextual,drone,,on,2011206605,contextual,70,20688130,COMPLETED,/home/hersco/training_new_domains/2026-08-28/mcts_safe_context_full/context-full-drone-on-2011206605-contextual_20688130.out,6,../problems/numeric/drone/instances/problem_2_8_3.pddl,unsolved,1382.93,False,767,0,0,0
MCTS-SAFE-CONTEXT,context-full-drone-on-2011206605-contextual,drone,,on,2011206605,contextual,70,20688130,COMPLETED,/home/hersco/training_new_domains/2026-08-28/mcts_safe_context_full/context-full-drone-on-2011206605-contextual_20688130.out,7,../problems/numeric/drone/instances/problem_2_9_1.pddl,success,81.91,True,68,1,1,1
MCTS-SAFE-CONTEXT,context-full-drone-on-2011206605-contextual,drone,,on,2011206605,contextual,70,20688130,COMPLETED,/home/hersco/training_new_domains/2026-08-28/mcts_safe_context_full/context-full-drone-on-2011206605-contextual_20688130.out,8,../problems/numeric/drone/instances/problem_3_3_4.pddl,unsolved,825.07,False,683,0,0,0
MCTS-SAFE-CONTEXT,context-full-drone-on-2011206605-contextual,drone,,on,2011206605,contextual,70,20688130,COMPLETED,/home/hersco/training_new_domains/2026-08-28/mcts_safe_context_full/context-full-drone-on-2011206605-contextual_20688130.out,9,../problems/numeric/drone/instances/problem_4_2_5.pddl,unsolved,3415.11,False,10000,0,0,0
MCTS-SAFE-CONTEXT,context-full-drone-on-2011206605-contextual,drone,,on,2011206605,contextual,70,20688130,COMPLETED,/home/hersco/training_new_domains/2026-08-28/mcts_safe_context_full/context-full-drone-on-2011206605-contextual_20688130.out,10,../problems/numeric/drone/instances/problem_4_9_5.pddl,timeout,21600.0,False,-1,0,0,0
MCTS-SAFE-CONTEXT,context-full-drone-on-2011206605-contextual,drone,,on,2011206605,contextual,70,20688130,COMPLETED,/home/hersco/training_new_domains/2026-08-28/mcts_safe_context_full/context-full-drone-on-2011206605-contextual_20688130.out,11,../problems/numeric/drone/instances/problem_5_2_2.pddl,unsolved,2253.61,False,10000,0,0,0
MCTS-SAFE-CONTEXT,context-full-drone-on-2011206605-contextual,drone,,on,2011206605,contextual,70,20688130,COMPLETED,/home/hersco/training_new_domains/2026-08-28/mcts_safe_context_full/context-full-drone-on-2011206605-contextual_20688130.out,12,../problems/numeric/drone/instances/problem_5_10_1.pddl,success,935.14,True,248,1,1,1
MCTS-SAFE-CONTEXT,context-full-drone-on-2011206605-contextual,drone,,on,2011206605,contextual,70,20688130,COMPLETED,/home/hersco/training_new_domains/2026-08-28/mcts_safe_context_full/context-full-drone-on-2011206605-contextual_20688130.out,13,../problems/numeric/drone/instances/problem_6_8_1.pddl,success,1180.36,True,321,1,1,1
MCTS-SAFE-CONTEXT,context-full-drone-on-2011206605-contextual,drone,,on,2011206605,contextual,70,20688130,COMPLETED,/home/hersco/training_new_domains/2026-08-28/mcts_safe_context_full/context-full-drone-on-2011206605-contextual_20688130.out,14,../problems/numeric/drone/instances/problem_7_6_4.pddl,timeout,21600.0,False,-1,0,0,0
MCTS-SAFE-CONTEXT,context-full-drone-on-2011206605-contextual,drone,,on,2011206605,contextual,70,20688130,COMPLETED,/home/hersco/training_new_domains/2026-08-28/mcts_safe_context_full/context-full-drone-on-2011206605-contextual_20688130.out,15,../problems/numeric/drone/instances/problem_8_1_2.pddl,success,136.55,True,68,1,1,1
MCTS-SAFE-CONTEXT,context-full-drone-on-2011206605-contextual,drone,,on,2011206605,contextual,70,20688130,COMPLETED,/home/hersco/training_new_domains/2026-08-28/mcts_safe_context_full/context-full-drone-on-2011206605-contextual_20688130.out,16,../problems/numeric/drone/instances/problem_8_1_4.pddl,unsolved,4239.7,False,10000,0,0,0
MCTS-SAFE-CONTEXT,context-full-drone-on-2011206605-contextual,drone,,on,2011206605,contextual,70,20688130,COMPLETED,/home/hersco/training_new_domains/2026-08-28/mcts_safe_context_full/context-full-drone-on-2011206605-contextual_20688130.out,17,../problems/numeric/drone/instances/problem_8_1_5.pddl,unsolved,5617.26,False,10000,0,0,0
MCTS-SAFE-CONTEXT,context-full-drone-on-2011206605-contextual,drone,,on,2011206605,contextual,70,20688130,COMPLETED,/home/hersco/training_new_domains/2026-08-28/mcts_safe_context_full/context-full-drone-on-2011206605-contextual_20688130.out,18,../problems/numeric/drone/instances/problem_8_7_1.pddl,success,1737.1,True,301,1,1,1
MCTS-SAFE-CONTEXT,context-full-drone-on-2011206605-contextual,drone,,on,2011206605,contextual,70,20688130,COMPLETED,/home/hersco/training_new_domains/2026-08-28/mcts_safe_context_full/context-full-drone-on-2011206605-contextual_20688130.out,19,../problems/numeric/drone/instances/problem_9_7_3.pddl,timeout,21600.0,False,-1,0,0,0
MCTS-SAFE-CONTEXT,context-full-drone-on-2011206605-contextual,drone,,on,2011206605,contextual,70,20688130,COMPLETED,/home/hersco/training_new_domains/2026-08-28/mcts_safe_context_full/context-full-drone-on-2011206605-contextual_20688130.out,20,../problems/numeric/drone/instances/problem_10_10_3.pddl,timeout,21600.0,False,-1,0,0,0
MCTS-SAFE-CONTEXT,context-full-drone-on-1073581256-physical,drone,,on,1073581256,physical,70,20688131,COMPLETED,/home/hersco/training_new_domains/2026-08-28/mcts_safe_context_full/context-full-drone-on-1073581256-physical_20688131.out,1,../problems/numeric/drone/instances/problem_1_1_2.pddl,success,43.81,True,4,1,1,1
MCTS-SAFE-CONTEXT,context-full-drone-on-1073581256-physical,drone,,on,1073581256,physical,70,20688131,COMPLETED,/home/hersco/training_new_domains/2026-08-28/mcts_safe_context_full/context-full-drone-on-1073581256-physical_20688131.out,2,../problems/numeric/drone/instances/problem_1_1_4.pddl,success,44.36,True,10,1,1,1
MCTS-SAFE-CONTEXT,context-full-drone-on-1073581256-physical,drone,,on,1073581256,physical,70,20688131,COMPLETED,/home/hersco/training_new_domains/2026-08-28/mcts_safe_context_full/context-full-drone-on-1073581256-physical_20688131.out,3,../problems/numeric/drone/instances/problem_1_8_1.pddl,success,49.4,True,35,1,1,1
MCTS-SAFE-CONTEXT,context-full-drone-on-1073581256-physical,drone,,on,1073581256,physical,70,20688131,COMPLETED,/home/hersco/training_new_domains/2026-08-28/mcts_safe_context_full/context-full-drone-on-1073581256-physical_20688131.out,4,../problems/numeric/drone/instances/problem_1_9_3.pddl,success,208.42,True,143,1,1,1
MCTS-SAFE-CONTEXT,context-full-drone-on-1073581256-physical,drone,,on,1073581256,physical,70,20688131,COMPLETED,/home/hersco/training_new_domains/2026-08-28/mcts_safe_context_full/context-full-drone-on-1073581256-physical_20688131.out,5,../problems/numeric/drone/instances/problem_2_5_4.pddl,success,273.64,True,138,1,1,1
MCTS-SAFE-CONTEXT,context-full-drone-on-1073581256-physical,drone,,on,1073581256,physical,70,20688131,COMPLETED,/home/hersco/training_new_domains/2026-08-28/mcts_safe_context_full/context-full-drone-on-1073581256-physical_20688131.out,6,../problems/numeric/drone/instances/problem_2_8_3.pddl,success,1132.35,True,366,1,1,1
MCTS-SAFE-CONTEXT,context-full-drone-on-1073581256-physical,drone,,on,1073581256,physical,70,20688131,COMPLETED,/home/hersco/training_new_domains/2026-08-28/mcts_safe_context_full/context-full-drone-on-1073581256-physical_20688131.out,7,../problems/numeric/drone/instances/problem_2_9_1.pddl,success,75.19,True,58,1,1,1
MCTS-SAFE-CONTEXT,context-full-drone-on-1073581256-physical,drone,,on,1073581256,physical,70,20688131,COMPLETED,/home/hersco/training_new_domains/2026-08-28/mcts_safe_context_full/context-full-drone-on-1073581256-physical_20688131.out,8,../problems/numeric/drone/instances/problem_3_3_4.pddl,success,243.24,True,168,1,1,1
MCTS-SAFE-CONTEXT,context-full-drone-on-1073581256-physical,drone,,on,1073581256,physical,70,20688131,COMPLETED,/home/hersco/training_new_domains/2026-08-28/mcts_safe_context_full/context-full-drone-on-1073581256-physical_20688131.out,9,../problems/numeric/drone/instances/problem_4_2_5.pddl,success,352.67,True,187,1,1,1
MCTS-SAFE-CONTEXT,context-full-drone-on-1073581256-physical,drone,,on,1073581256,physical,70,20688131,COMPLETED,/home/hersco/training_new_domains/2026-08-28/mcts_safe_context_full/context-full-drone-on-1073581256-physical_20688131.out,10,../problems/numeric/drone/instances/problem_4_9_5.pddl,timeout,21600.0,False,-1,0,0,0
MCTS-SAFE-CONTEXT,context-full-drone-on-1073581256-physical,drone,,on,1073581256,physical,70,20688131,COMPLETED,/home/hersco/training_new_domains/2026-08-28/mcts_safe_context_full/context-full-drone-on-1073581256-physical_20688131.out,11,../problems/numeric/drone/instances/problem_5_2_2.pddl,success,129.54,True,66,1,1,1
MCTS-SAFE-CONTEXT,context-full-drone-on-1073581256-physical,drone,,on,1073581256,physical,70,20688131,COMPLETED,/home/hersco/training_new_domains/2026-08-28/mcts_safe_context_full/context-full-drone-on-1073581256-physical_20688131.out,12,../problems/numeric/drone/instances/problem_5_10_1.pddl,success,813.41,True,189,1,1,1
MCTS-SAFE-CONTEXT,context-full-drone-on-1073581256-physical,drone,,on,1073581256,physical,70,20688131,COMPLETED,/home/hersco/training_new_domains/2026-08-28/mcts_safe_context_full/context-full-drone-on-1073581256-physical_20688131.out,13,../problems/numeric/drone/instances/problem_6_8_1.pddl,success,924.67,True,262,1,1,1
MCTS-SAFE-CONTEXT,context-full-drone-on-1073581256-physical,drone,,on,1073581256,physical,70,20688131,COMPLETED,/home/hersco/training_new_domains/2026-08-28/mcts_safe_context_full/context-full-drone-on-1073581256-physical_20688131.out,14,../problems/numeric/drone/instances/problem_7_6_4.pddl,timeout,21600.0,False,-1,0,0,0
MCTS-SAFE-CONTEXT,context-full-drone-on-1073581256-physical,drone,,on,1073581256,physical,70,20688131,COMPLETED,/home/hersco/training_new_domains/2026-08-28/mcts_safe_context_full/context-full-drone-on-1073581256-physical_20688131.out,15,../problems/numeric/drone/instances/problem_8_1_2.pddl,success,98.69,True,48,1,1,1
MCTS-SAFE-CONTEXT,context-full-drone-on-1073581256-physical,drone,,on,1073581256,physical,70,20688131,COMPLETED,/home/hersco/training_new_domains/2026-08-28/mcts_safe_context_full/context-full-drone-on-1073581256-physical_20688131.out,16,../problems/numeric/drone/instances/problem_8_1_4.pddl,success,229.49,True,97,1,1,1
MCTS-SAFE-CONTEXT,context-full-drone-on-1073581256-physical,drone,,on,1073581256,physical,70,20688131,COMPLETED,/home/hersco/training_new_domains/2026-08-28/mcts_safe_context_full/context-full-drone-on-1073581256-physical_20688131.out,17,../problems/numeric/drone/instances/problem_8_1_5.pddl,success,361.6,True,144,1,1,1
MCTS-SAFE-CONTEXT,context-full-drone-on-1073581256-physical,drone,,on,1073581256,physical,70,20688131,COMPLETED,/home/hersco/training_new_domains/2026-08-28/mcts_safe_context_full/context-full-drone-on-1073581256-physical_20688131.out,18,../problems/numeric/drone/instances/problem_8_7_1.pddl,success,4592.37,True,672,0,1,1
MCTS-SAFE-CONTEXT,context-full-drone-on-1073581256-physical,drone,,on,1073581256,physical,70,20688131,COMPLETED,/home/hersco/training_new_domains/2026-08-28/mcts_safe_context_full/context-full-drone-on-1073581256-physical_20688131.out,19,../problems/numeric/drone/instances/problem_9_7_3.pddl,timeout,21600.0,False,-1,0,0,0
MCTS-SAFE-CONTEXT,context-full-drone-on-1073581256-physical,drone,,on,1073581256,physical,70,20688131,COMPLETED,/home/hersco/training_new_domains/2026-08-28/mcts_safe_context_full/context-full-drone-on-1073581256-physical_20688131.out,20,../problems/numeric/drone/instances/problem_10_10_3.pddl,timeout,21600.0,False,-1,0,0,0
MCTS-SAFE-CONTEXT,context-full-drone-on-1073581256-contextual,drone,,on,1073581256,contextual,70,20688132,COMPLETED,/home/hersco/training_new_domains/2026-08-28/mcts_safe_context_full/context-full-drone-on-1073581256-contextual_20688132.out,1,../problems/numeric/drone/instances/problem_1_1_2.pddl,success,35.93,True,4,1,1,1
MCTS-SAFE-CONTEXT,context-full-drone-on-1073581256-contextual,drone,,on,1073581256,contextual,70,20688132,COMPLETED,/home/hersco/training_new_domains/2026-08-28/mcts_safe_context_full/context-full-drone-on-1073581256-contextual_20688132.out,2,../problems/numeric/drone/instances/problem_1_1_4.pddl,success,36.11,True,10,1,1,1
MCTS-SAFE-CONTEXT,context-full-drone-on-1073581256-contextual,drone,,on,1073581256,contextual,70,20688132,COMPLETED,/home/hersco/training_new_domains/2026-08-28/mcts_safe_context_full/context-full-drone-on-1073581256-contextual_20688132.out,3,../problems/numeric/drone/instances/problem_1_8_1.pddl,success,38.65,True,35,1,1,1
MCTS-SAFE-CONTEXT,context-full-drone-on-1073581256-contextual,drone,,on,1073581256,contextual,70,20688132,COMPLETED,/home/hersco/training_new_domains/2026-08-28/mcts_safe_context_full/context-full-drone-on-1073581256-contextual_20688132.out,4,../problems/numeric/drone/instances/problem_1_9_3.pddl,success,249.71,True,256,1,1,1
MCTS-SAFE-CONTEXT,context-full-drone-on-1073581256-contextual,drone,,on,1073581256,contextual,70,20688132,COMPLETED,/home/hersco/training_new_domains/2026-08-28/mcts_safe_context_full/context-full-drone-on-1073581256-contextual_20688132.out,5,../problems/numeric/drone/instances/problem_2_5_4.pddl,success,217.39,True,142,1,1,1
MCTS-SAFE-CONTEXT,context-full-drone-on-1073581256-contextual,drone,,on,1073581256,contextual,70,20688132,COMPLETED,/home/hersco/training_new_domains/2026-08-28/mcts_safe_context_full/context-full-drone-on-1073581256-contextual_20688132.out,6,../problems/numeric/drone/instances/problem_2_8_3.pddl,success,1981.69,True,643,0,1,1
MCTS-SAFE-CONTEXT,context-full-drone-on-1073581256-contextual,drone,,on,1073581256,contextual,70,20688132,COMPLETED,/home/hersco/training_new_domains/2026-08-28/mcts_safe_context_full/context-full-drone-on-1073581256-contextual_20688132.out,7,../problems/numeric/drone/instances/problem_2_9_1.pddl,success,60.81,True,58,1,1,1
MCTS-SAFE-CONTEXT,context-full-drone-on-1073581256-contextual,drone,,on,1073581256,contextual,70,20688132,COMPLETED,/home/hersco/training_new_domains/2026-08-28/mcts_safe_context_full/context-full-drone-on-1073581256-contextual_20688132.out,8,../problems/numeric/drone/instances/problem_3_3_4.pddl,success,736.7,True,470,1,1,1
MCTS-SAFE-CONTEXT,context-full-drone-on-1073581256-contextual,drone,,on,1073581256,contextual,70,20688132,COMPLETED,/home/hersco/training_new_domains/2026-08-28/mcts_safe_context_full/context-full-drone-on-1073581256-contextual_20688132.out,9,../problems/numeric/drone/instances/problem_4_2_5.pddl,success,1605.4,True,769,1,1,1
MCTS-SAFE-CONTEXT,context-full-drone-on-1073581256-contextual,drone,,on,1073581256,contextual,70,20688132,COMPLETED,/home/hersco/training_new_domains/2026-08-28/mcts_safe_context_full/context-full-drone-on-1073581256-contextual_20688132.out,10,../problems/numeric/drone/instances/problem_4_9_5.pddl,timeout,21600.0,False,-1,0,0,0
MCTS-SAFE-CONTEXT,context-full-drone-on-1073581256-contextual,drone,,on,1073581256,contextual,70,20688132,COMPLETED,/home/hersco/training_new_domains/2026-08-28/mcts_safe_context_full/context-full-drone-on-1073581256-contextual_20688132.out,11,../problems/numeric/drone/instances/problem_5_2_2.pddl,success,149.34,True,106,1,1,1
MCTS-SAFE-CONTEXT,context-full-drone-on-1073581256-contextual,drone,,on,1073581256,contextual,70,20688132,COMPLETED,/home/hersco/training_new_domains/2026-08-28/mcts_safe_context_full/context-full-drone-on-1073581256-contextual_20688132.out,12,../problems/numeric/drone/instances/problem_5_10_1.pddl,success,743.54,True,193,1,1,1
MCTS-SAFE-CONTEXT,context-full-drone-on-1073581256-contextual,drone,,on,1073581256,contextual,70,20688132,COMPLETED,/home/hersco/training_new_domains/2026-08-28/mcts_safe_context_full/context-full-drone-on-1073581256-contextual_20688132.out,13,../problems/numeric/drone/instances/problem_6_8_1.pddl,success,1211.59,True,360,1,1,1
MCTS-SAFE-CONTEXT,context-full-drone-on-1073581256-contextual,drone,,on,1073581256,contextual,70,20688132,COMPLETED,/home/hersco/training_new_domains/2026-08-28/mcts_safe_context_full/context-full-drone-on-1073581256-contextual_20688132.out,14,../problems/numeric/drone/instances/problem_7_6_4.pddl,timeout,21600.0,False,-1,0,0,0
MCTS-SAFE-CONTEXT,context-full-drone-on-1073581256-contextual,drone,,on,1073581256,contextual,70,20688132,COMPLETED,/home/hersco/training_new_domains/2026-08-28/mcts_safe_context_full/context-full-drone-on-1073581256-contextual_20688132.out,15,../problems/numeric/drone/instances/problem_8_1_2.pddl,success,95.76,True,48,1,1,1
MCTS-SAFE-CONTEXT,context-full-drone-on-1073581256-contextual,drone,,on,1073581256,contextual,70,20688132,COMPLETED,/home/hersco/training_new_domains/2026-08-28/mcts_safe_context_full/context-full-drone-on-1073581256-contextual_20688132.out,16,../problems/numeric/drone/instances/problem_8_1_4.pddl,success,257.93,True,116,1,1,1
MCTS-SAFE-CONTEXT,context-full-drone-on-1073581256-contextual,drone,,on,1073581256,contextual,70,20688132,COMPLETED,/home/hersco/training_new_domains/2026-08-28/mcts_safe_context_full/context-full-drone-on-1073581256-contextual_20688132.out,17,../problems/numeric/drone/instances/problem_8_1_5.pddl,success,407.6,True,142,1,1,1
MCTS-SAFE-CONTEXT,context-full-drone-on-1073581256-contextual,drone,,on,1073581256,contextual,70,20688132,COMPLETED,/home/hersco/training_new_domains/2026-08-28/mcts_safe_context_full/context-full-drone-on-1073581256-contextual_20688132.out,18,../problems/numeric/drone/instances/problem_8_7_1.pddl,unsolved,2726.01,False,423,0,0,0
MCTS-SAFE-CONTEXT,context-full-drone-on-1073581256-contextual,drone,,on,1073581256,contextual,70,20688132,COMPLETED,/home/hersco/training_new_domains/2026-08-28/mcts_safe_context_full/context-full-drone-on-1073581256-contextual_20688132.out,19,../problems/numeric/drone/instances/problem_9_7_3.pddl,timeout,21600.0,False,-1,0,0,0
MCTS-SAFE-CONTEXT,context-full-drone-on-1073581256-contextual,drone,,on,1073581256,contextual,70,20688132,COMPLETED,/home/hersco/training_new_domains/2026-08-28/mcts_safe_context_full/context-full-drone-on-1073581256-contextual_20688132.out,20,../problems/numeric/drone/instances/problem_10_10_3.pddl,timeout,21600.0,False,-1,0,0,0
MCTS-SAFE-CONTEXT,context-full-drone-on-1239739722-physical,drone,,on,1239739722,physical,70,20688133,COMPLETED,/home/hersco/training_new_domains/2026-08-28/mcts_safe_context_full/context-full-drone-on-1239739722-physical_20688133.out,1,../problems/numeric/drone/instances/problem_1_1_2.pddl,success,37.48,True,4,1,1,1
MCTS-SAFE-CONTEXT,context-full-drone-on-1239739722-physical,drone,,on,1239739722,physical,70,20688133,COMPLETED,/home/hersco/training_new_domains/2026-08-28/mcts_safe_context_full/context-full-drone-on-1239739722-physical_20688133.out,2,../problems/numeric/drone/instances/problem_1_1_4.pddl,success,39.39,True,10,1,1,1
MCTS-SAFE-CONTEXT,context-full-drone-on-1239739722-physical,drone,,on,1239739722,physical,70,20688133,COMPLETED,/home/hersco/training_new_domains/2026-08-28/mcts_safe_context_full/context-full-drone-on-1239739722-physical_20688133.out,3,../problems/numeric/drone/instances/problem_1_8_1.pddl,success,41.66,True,23,1,1,1
MCTS-SAFE-CONTEXT,context-full-drone-on-1239739722-physical,drone,,on,1239739722,physical,70,20688133,COMPLETED,/home/hersco/training_new_domains/2026-08-28/mcts_safe_context_full/context-full-drone-on-1239739722-physical_20688133.out,4,../problems/numeric/drone/instances/problem_1_9_3.pddl,unsolved,122.3,False,219,0,0,0
MCTS-SAFE-CONTEXT,context-full-drone-on-1239739722-physical,drone,,on,1239739722,physical,70,20688133,COMPLETED,/home/hersco/training_new_domains/2026-08-28/mcts_safe_context_full/context-full-drone-on-1239739722-physical_20688133.out,5,../problems/numeric/drone/instances/problem_2_5_4.pddl,unsolved,268.64,False,191,0,0,0
MCTS-SAFE-CONTEXT,context-full-drone-on-1239739722-physical,drone,,on,1239739722,physical,70,20688133,COMPLETED,/home/hersco/training_new_domains/2026-08-28/mcts_safe_context_full/context-full-drone-on-1239739722-physical_20688133.out,6,../problems/numeric/drone/instances/problem_2_8_3.pddl,unsolved,584.24,False,376,0,0,0
MCTS-SAFE-CONTEXT,context-full-drone-on-1239739722-physical,drone,,on,1239739722,physical,70,20688133,COMPLETED,/home/hersco/training_new_domains/2026-08-28/mcts_safe_context_full/context-full-drone-on-1239739722-physical_20688133.out,7,../problems/numeric/drone/instances/problem_2_9_1.pddl,success,108.2,True,101,1,1,1
MCTS-SAFE-CONTEXT,context-full-drone-on-1239739722-physical,drone,,on,1239739722,physical,70,20688133,COMPLETED,/home/hersco/training_new_domains/2026-08-28/mcts_safe_context_full/context-full-drone-on-1239739722-physical_20688133.out,8,../problems/numeric/drone/instances/problem_3_3_4.pddl,unsolved,305.39,False,230,0,0,0
MCTS-SAFE-CONTEXT,context-full-drone-on-1239739722-physical,drone,,on,1239739722,physical,70,20688133,COMPLETED,/home/hersco/training_new_domains/2026-08-28/mcts_safe_context_full/context-full-drone-on-1239739722-physical_20688133.out,9,../problems/numeric/drone/instances/problem_4_2_5.pddl,success,436.73,True,274,1,1,1
MCTS-SAFE-CONTEXT,context-full-drone-on-1239739722-physical,drone,,on,1239739722,physical,70,20688133,COMPLETED,/home/hersco/training_new_domains/2026-08-28/mcts_safe_context_full/context-full-drone-on-1239739722-physical_20688133.out,10,../problems/numeric/drone/instances/problem_4_9_5.pddl,timeout,21600.0,False,-1,0,0,0
MCTS-SAFE-CONTEXT,context-full-drone-on-1239739722-physical,drone,,on,1239739722,physical,70,20688133,COMPLETED,/home/hersco/training_new_domains/2026-08-28/mcts_safe_context_full/context-full-drone-on-1239739722-physical_20688133.out,11,../problems/numeric/drone/instances/problem_5_2_2.pddl,success,146.89,True,87,1,1,1
MCTS-SAFE-CONTEXT,context-full-drone-on-1239739722-physical,drone,,on,1239739722,physical,70,20688133,COMPLETED,/home/hersco/training_new_domains/2026-08-28/mcts_safe_context_full/context-full-drone-on-1239739722-physical_20688133.out,12,../problems/numeric/drone/instances/problem_5_10_1.pddl,unsolved,132.7,False,33,0,0,0
MCTS-SAFE-CONTEXT,context-full-drone-on-1239739722-physical,drone,,on,1239739722,physical,70,20688133,COMPLETED,/home/hersco/training_new_domains/2026-08-28/mcts_safe_context_full/context-full-drone-on-1239739722-physical_20688133.out,13,../problems/numeric/drone/instances/problem_6_8_1.pddl,unsolved,212.8,False,62,0,0,0
MCTS-SAFE-CONTEXT,context-full-drone-on-1239739722-physical,drone,,on,1239739722,physical,70,20688133,COMPLETED,/home/hersco/training_new_domains/2026-08-28/mcts_safe_context_full/context-full-drone-on-1239739722-physical_20688133.out,14,../problems/numeric/drone/instances/problem_7_6_4.pddl,unsolved,8002.81,False,70,0,0,0
MCTS-SAFE-CONTEXT,context-full-drone-on-1239739722-physical,drone,,on,1239739722,physical,70,20688133,COMPLETED,/home/hersco/training_new_domains/2026-08-28/mcts_safe_context_full/context-full-drone-on-1239739722-physical_20688133.out,15,../problems/numeric/drone/instances/problem_8_1_2.pddl,success,98.47,True,54,1,1,1
MCTS-SAFE-CONTEXT,context-full-drone-on-1239739722-physical,drone,,on,1239739722,physical,70,20688133,COMPLETED,/home/hersco/training_new_domains/2026-08-28/mcts_safe_context_full/context-full-drone-on-1239739722-physical_20688133.out,16,../problems/numeric/drone/instances/problem_8_1_4.pddl,success,359.32,True,188,1,1,1
MCTS-SAFE-CONTEXT,context-full-drone-on-1239739722-physical,drone,,on,1239739722,physical,70,20688133,COMPLETED,/home/hersco/training_new_domains/2026-08-28/mcts_safe_context_full/context-full-drone-on-1239739722-physical_20688133.out,17,../problems/numeric/drone/instances/problem_8_1_5.pddl,unsolved,1046.62,False,378,0,0,0
MCTS-SAFE-CONTEXT,context-full-drone-on-1239739722-physical,drone,,on,1239739722,physical,70,20688133,COMPLETED,/home/hersco/training_new_domains/2026-08-28/mcts_safe_context_full/context-full-drone-on-1239739722-physical_20688133.out,18,../problems/numeric/drone/instances/problem_8_7_1.pddl,unsolved,170.65,False,33,0,0,0
MCTS-SAFE-CONTEXT,context-full-drone-on-1239739722-physical,drone,,on,1239739722,physical,70,20688133,COMPLETED,/home/hersco/training_new_domains/2026-08-28/mcts_safe_context_full/context-full-drone-on-1239739722-physical_20688133.out,19,../problems/numeric/drone/instances/problem_9_7_3.pddl,timeout,21600.0,False,-1,0,0,0
MCTS-SAFE-CONTEXT,context-full-drone-on-1239739722-physical,drone,,on,1239739722,physical,70,20688133,COMPLETED,/home/hersco/training_new_domains/2026-08-28/mcts_safe_context_full/context-full-drone-on-1239739722-physical_20688133.out,20,../problems/numeric/drone/instances/problem_10_10_3.pddl,unsolved,17089.79,False,47,0,0,0
MCTS-SAFE-CONTEXT,context-full-drone-on-1239739722-contextual,drone,,on,1239739722,contextual,70,20688134,COMPLETED,/home/hersco/training_new_domains/2026-08-28/mcts_safe_context_full/context-full-drone-on-1239739722-contextual_20688134.out,1,../problems/numeric/drone/instances/problem_1_1_2.pddl,success,36.73,True,4,1,1,1
MCTS-SAFE-CONTEXT,context-full-drone-on-1239739722-contextual,drone,,on,1239739722,contextual,70,20688134,COMPLETED,/home/hersco/training_new_domains/2026-08-28/mcts_safe_context_full/context-full-drone-on-1239739722-contextual_20688134.out,2,../problems/numeric/drone/instances/problem_1_1_4.pddl,success,37.46,True,10,1,1,1
MCTS-SAFE-CONTEXT,context-full-drone-on-1239739722-contextual,drone,,on,1239739722,contextual,70,20688134,COMPLETED,/home/hersco/training_new_domains/2026-08-28/mcts_safe_context_full/context-full-drone-on-1239739722-contextual_20688134.out,3,../problems/numeric/drone/instances/problem_1_8_1.pddl,success,39.64,True,23,1,1,1
MCTS-SAFE-CONTEXT,context-full-drone-on-1239739722-contextual,drone,,on,1239739722,contextual,70,20688134,COMPLETED,/home/hersco/training_new_domains/2026-08-28/mcts_safe_context_full/context-full-drone-on-1239739722-contextual_20688134.out,4,../problems/numeric/drone/instances/problem_1_9_3.pddl,unsolved,204.75,False,401,0,0,0
MCTS-SAFE-CONTEXT,context-full-drone-on-1239739722-contextual,drone,,on,1239739722,contextual,70,20688134,COMPLETED,/home/hersco/training_new_domains/2026-08-28/mcts_safe_context_full/context-full-drone-on-1239739722-contextual_20688134.out,5,../problems/numeric/drone/instances/problem_2_5_4.pddl,unsolved,410.72,False,448,0,0,0
MCTS-SAFE-CONTEXT,context-full-drone-on-1239739722-contextual,drone,,on,1239739722,contextual,70,20688134,COMPLETED,/home/hersco/training_new_domains/2026-08-28/mcts_safe_context_full/context-full-drone-on-1239739722-contextual_20688134.out,6,../problems/numeric/drone/instances/problem_2_8_3.pddl,unsolved,399.94,False,397,0,0,0
MCTS-SAFE-CONTEXT,context-full-drone-on-1239739722-contextual,drone,,on,1239739722,contextual,70,20688134,COMPLETED,/home/hersco/training_new_domains/2026-08-28/mcts_safe_context_full/context-full-drone-on-1239739722-contextual_20688134.out,7,../problems/numeric/drone/instances/problem_2_9_1.pddl,success,88.4,True,76,1,1,1
MCTS-SAFE-CONTEXT,context-full-drone-on-1239739722-contextual,drone,,on,1239739722,contextual,70,20688134,COMPLETED,/home/hersco/training_new_domains/2026-08-28/mcts_safe_context_full/context-full-drone-on-1239739722-contextual_20688134.out,8,../problems/numeric/drone/instances/problem_3_3_4.pddl,unsolved,497.56,False,460,0,0,0
MCTS-SAFE-CONTEXT,context-full-drone-on-1239739722-contextual,drone,,on,1239739722,contextual,70,20688134,COMPLETED,/home/hersco/training_new_domains/2026-08-28/mcts_safe_context_full/context-full-drone-on-1239739722-contextual_20688134.out,9,../problems/numeric/drone/instances/problem_4_2_5.pddl,unsolved,725.12,False,462,0,0,0
MCTS-SAFE-CONTEXT,context-full-drone-on-1239739722-contextual,drone,,on,1239739722,contextual,70,20688134,COMPLETED,/home/hersco/training_new_domains/2026-08-28/mcts_safe_context_full/context-full-drone-on-1239739722-contextual_20688134.out,10,../problems/numeric/drone/instances/problem_4_9_5.pddl,unsolved,14464.44,False,187,0,0,0
MCTS-SAFE-CONTEXT,context-full-drone-on-1239739722-contextual,drone,,on,1239739722,contextual,70,20688134,COMPLETED,/home/hersco/training_new_domains/2026-08-28/mcts_safe_context_full/context-full-drone-on-1239739722-contextual_20688134.out,11,../problems/numeric/drone/instances/problem_5_2_2.pddl,unsolved,376.22,False,420,0,0,0
MCTS-SAFE-CONTEXT,context-full-drone-on-1239739722-contextual,drone,,on,1239739722,contextual,70,20688134,COMPLETED,/home/hersco/training_new_domains/2026-08-28/mcts_safe_context_full/context-full-drone-on-1239739722-contextual_20688134.out,12,../problems/numeric/drone/instances/problem_5_10_1.pddl,unsolved,127.58,False,33,0,0,0
MCTS-SAFE-CONTEXT,context-full-drone-on-1239739722-contextual,drone,,on,1239739722,contextual,70,20688134,COMPLETED,/home/hersco/training_new_domains/2026-08-28/mcts_safe_context_full/context-full-drone-on-1239739722-contextual_20688134.out,13,../problems/numeric/drone/instances/problem_6_8_1.pddl,unsolved,213.83,False,62,0,0,0
MCTS-SAFE-CONTEXT,context-full-drone-on-1239739722-contextual,drone,,on,1239739722,contextual,70,20688134,COMPLETED,/home/hersco/training_new_domains/2026-08-28/mcts_safe_context_full/context-full-drone-on-1239739722-contextual_20688134.out,14,../problems/numeric/drone/instances/problem_7_6_4.pddl,unsolved,6588.04,False,107,0,0,0
MCTS-SAFE-CONTEXT,context-full-drone-on-1239739722-contextual,drone,,on,1239739722,contextual,70,20688134,COMPLETED,/home/hersco/training_new_domains/2026-08-28/mcts_safe_context_full/context-full-drone-on-1239739722-contextual_20688134.out,15,../problems/numeric/drone/instances/problem_8_1_2.pddl,success,96.96,True,52,1,1,1
MCTS-SAFE-CONTEXT,context-full-drone-on-1239739722-contextual,drone,,on,1239739722,contextual,70,20688134,COMPLETED,/home/hersco/training_new_domains/2026-08-28/mcts_safe_context_full/context-full-drone-on-1239739722-contextual_20688134.out,16,../problems/numeric/drone/instances/problem_8_1_4.pddl,unsolved,437.72,False,242,0,0,0
MCTS-SAFE-CONTEXT,context-full-drone-on-1239739722-contextual,drone,,on,1239739722,contextual,70,20688134,COMPLETED,/home/hersco/training_new_domains/2026-08-28/mcts_safe_context_full/context-full-drone-on-1239739722-contextual_20688134.out,17,../problems/numeric/drone/instances/problem_8_1_5.pddl,unsolved,123.03,False,29,0,0,0
MCTS-SAFE-CONTEXT,context-full-drone-on-1239739722-contextual,drone,,on,1239739722,contextual,70,20688134,COMPLETED,/home/hersco/training_new_domains/2026-08-28/mcts_safe_context_full/context-full-drone-on-1239739722-contextual_20688134.out,18,../problems/numeric/drone/instances/problem_8_7_1.pddl,unsolved,162.87,False,33,0,0,0
MCTS-SAFE-CONTEXT,context-full-drone-on-1239739722-contextual,drone,,on,1239739722,contextual,70,20688134,COMPLETED,/home/hersco/training_new_domains/2026-08-28/mcts_safe_context_full/context-full-drone-on-1239739722-contextual_20688134.out,19,../problems/numeric/drone/instances/problem_9_7_3.pddl,unsolved,6224.96,False,79,0,0,0
MCTS-SAFE-CONTEXT,context-full-drone-on-1239739722-contextual,drone,,on,1239739722,contextual,70,20688134,COMPLETED,/home/hersco/training_new_domains/2026-08-28/mcts_safe_context_full/context-full-drone-on-1239739722-contextual_20688134.out,20,../problems/numeric/drone/instances/problem_10_10_3.pddl,unsolved,8019.05,False,47,0,0,0
MCTS-SAFE-CONTEXT,context-full-drone-on-1472491096-physical,drone,,on,1472491096,physical,70,20688135,COMPLETED,/home/hersco/training_new_domains/2026-08-28/mcts_safe_context_full/context-full-drone-on-1472491096-physical_20688135.out,1,../problems/numeric/drone/instances/problem_1_1_2.pddl,success,51.8,True,4,1,1,1
MCTS-SAFE-CONTEXT,context-full-drone-on-1472491096-physical,drone,,on,1472491096,physical,70,20688135,COMPLETED,/home/hersco/training_new_domains/2026-08-28/mcts_safe_context_full/context-full-drone-on-1472491096-physical_20688135.out,2,../problems/numeric/drone/instances/problem_1_1_4.pddl,success,53.12,True,10,1,1,1
MCTS-SAFE-CONTEXT,context-full-drone-on-1472491096-physical,drone,,on,1472491096,physical,70,20688135,COMPLETED,/home/hersco/training_new_domains/2026-08-28/mcts_safe_context_full/context-full-drone-on-1472491096-physical_20688135.out,3,../problems/numeric/drone/instances/problem_1_8_1.pddl,success,54.54,True,35,1,1,1
MCTS-SAFE-CONTEXT,context-full-drone-on-1472491096-physical,drone,,on,1472491096,physical,70,20688135,COMPLETED,/home/hersco/training_new_domains/2026-08-28/mcts_safe_context_full/context-full-drone-on-1472491096-physical_20688135.out,4,../problems/numeric/drone/instances/problem_1_9_3.pddl,unsolved,233.44,False,244,0,0,0
MCTS-SAFE-CONTEXT,context-full-drone-on-1472491096-physical,drone,,on,1472491096,physical,70,20688135,COMPLETED,/home/hersco/training_new_domains/2026-08-28/mcts_safe_context_full/context-full-drone-on-1472491096-physical_20688135.out,5,../problems/numeric/drone/instances/problem_2_5_4.pddl,success,549.18,True,298,1,1,1
MCTS-SAFE-CONTEXT,context-full-drone-on-1472491096-physical,drone,,on,1472491096,physical,70,20688135,COMPLETED,/home/hersco/training_new_domains/2026-08-28/mcts_safe_context_full/context-full-drone-on-1472491096-physical_20688135.out,6,../problems/numeric/drone/instances/problem_2_8_3.pddl,unsolved,852.76,False,311,0,0,0
MCTS-SAFE-CONTEXT,context-full-drone-on-1472491096-physical,drone,,on,1472491096,physical,70,20688135,COMPLETED,/home/hersco/training_new_domains/2026-08-28/mcts_safe_context_full/context-full-drone-on-1472491096-physical_20688135.out,7,../problems/numeric/drone/instances/problem_2_9_1.pddl,success,98.45,True,68,1,1,1
MCTS-SAFE-CONTEXT,context-full-drone-on-1472491096-physical,drone,,on,1472491096,physical,70,20688135,COMPLETED,/home/hersco/training_new_domains/2026-08-28/mcts_safe_context_full/context-full-drone-on-1472491096-physical_20688135.out,8,../problems/numeric/drone/instances/problem_3_3_4.pddl,success,440.66,True,184,1,1,1
MCTS-SAFE-CONTEXT,context-full-drone-on-1472491096-physical,drone,,on,1472491096,physical,70,20688135,COMPLETED,/home/hersco/training_new_domains/2026-08-28/mcts_safe_context_full/context-full-drone-on-1472491096-physical_20688135.out,9,../problems/numeric/drone/instances/problem_4_2_5.pddl,success,732.33,True,256,1,1,1
MCTS-SAFE-CONTEXT,context-full-drone-on-1472491096-physical,drone,,on,1472491096,physical,70,20688135,COMPLETED,/home/hersco/training_new_domains/2026-08-28/mcts_safe_context_full/context-full-drone-on-1472491096-physical_20688135.out,10,../problems/numeric/drone/instances/problem_4_9_5.pddl,timeout,21600.0,False,-1,0,0,0
MCTS-SAFE-CONTEXT,context-full-drone-on-1472491096-physical,drone,,on,1472491096,physical,70,20688135,COMPLETED,/home/hersco/training_new_domains/2026-08-28/mcts_safe_context_full/context-full-drone-on-1472491096-physical_20688135.out,11,../problems/numeric/drone/instances/problem_5_2_2.pddl,success,139.58,True,79,1,1,1
MCTS-SAFE-CONTEXT,context-full-drone-on-1472491096-physical,drone,,on,1472491096,physical,70,20688135,COMPLETED,/home/hersco/training_new_domains/2026-08-28/mcts_safe_context_full/context-full-drone-on-1472491096-physical_20688135.out,12,../problems/numeric/drone/instances/problem_5_10_1.pddl,success,2418.04,True,449,0,1,1
MCTS-SAFE-CONTEXT,context-full-drone-on-1472491096-physical,drone,,on,1472491096,physical,70,20688135,COMPLETED,/home/hersco/training_new_domains/2026-08-28/mcts_safe_context_full/context-full-drone-on-1472491096-physical_20688135.out,13,../problems/numeric/drone/instances/problem_6_8_1.pddl,success,1706.65,True,358,1,1,1
MCTS-SAFE-CONTEXT,context-full-drone-on-1472491096-physical,drone,,on,1472491096,physical,70,20688135,COMPLETED,/home/hersco/training_new_domains/2026-08-28/mcts_safe_context_full/context-full-drone-on-1472491096-physical_20688135.out,14,../problems/numeric/drone/instances/problem_7_6_4.pddl,timeout,21600.0,False,-1,0,0,0
MCTS-SAFE-CONTEXT,context-full-drone-on-1472491096-physical,drone,,on,1472491096,physical,70,20688135,COMPLETED,/home/hersco/training_new_domains/2026-08-28/mcts_safe_context_full/context-full-drone-on-1472491096-physical_20688135.out,15,../problems/numeric/drone/instances/problem_8_1_2.pddl,success,161.33,True,81,1,1,1
MCTS-SAFE-CONTEXT,context-full-drone-on-1472491096-physical,drone,,on,1472491096,physical,70,20688135,COMPLETED,/home/hersco/training_new_domains/2026-08-28/mcts_safe_context_full/context-full-drone-on-1472491096-physical_20688135.out,16,../problems/numeric/drone/instances/problem_8_1_4.pddl,success,491.61,True,205,1,1,1
MCTS-SAFE-CONTEXT,context-full-drone-on-1472491096-physical,drone,,on,1472491096,physical,70,20688135,COMPLETED,/home/hersco/training_new_domains/2026-08-28/mcts_safe_context_full/context-full-drone-on-1472491096-physical_20688135.out,17,../problems/numeric/drone/instances/problem_8_1_5.pddl,success,985.69,True,307,1,1,1
MCTS-SAFE-CONTEXT,context-full-drone-on-1472491096-physical,drone,,on,1472491096,physical,70,20688135,COMPLETED,/home/hersco/training_new_domains/2026-08-28/mcts_safe_context_full/context-full-drone-on-1472491096-physical_20688135.out,18,../problems/numeric/drone/instances/problem_8_7_1.pddl,unsolved,6156.14,False,808,0,0,0
MCTS-SAFE-CONTEXT,context-full-drone-on-1472491096-physical,drone,,on,1472491096,physical,70,20688135,COMPLETED,/home/hersco/training_new_domains/2026-08-28/mcts_safe_context_full/context-full-drone-on-1472491096-physical_20688135.out,19,../problems/numeric/drone/instances/problem_9_7_3.pddl,timeout,21600.0,False,-1,0,0,0
MCTS-SAFE-CONTEXT,context-full-drone-on-1472491096-physical,drone,,on,1472491096,physical,70,20688135,COMPLETED,/home/hersco/training_new_domains/2026-08-28/mcts_safe_context_full/context-full-drone-on-1472491096-physical_20688135.out,20,../problems/numeric/drone/instances/problem_10_10_3.pddl,timeout,21600.0,False,-1,0,0,0
MCTS-SAFE-CONTEXT,context-full-drone-on-1472491096-contextual,drone,,on,1472491096,contextual,70,20688136,COMPLETED,/home/hersco/training_new_domains/2026-08-28/mcts_safe_context_full/context-full-drone-on-1472491096-contextual_20688136.out,1,../problems/numeric/drone/instances/problem_1_1_2.pddl,success,56.61,True,4,1,1,1
MCTS-SAFE-CONTEXT,context-full-drone-on-1472491096-contextual,drone,,on,1472491096,contextual,70,20688136,COMPLETED,/home/hersco/training_new_domains/2026-08-28/mcts_safe_context_full/context-full-drone-on-1472491096-contextual_20688136.out,2,../problems/numeric/drone/instances/problem_1_1_4.pddl,success,45.71,True,10,1,1,1
MCTS-SAFE-CONTEXT,context-full-drone-on-1472491096-contextual,drone,,on,1472491096,contextual,70,20688136,COMPLETED,/home/hersco/training_new_domains/2026-08-28/mcts_safe_context_full/context-full-drone-on-1472491096-contextual_20688136.out,3,../problems/numeric/drone/instances/problem_1_8_1.pddl,success,58.79,True,35,1,1,1
MCTS-SAFE-CONTEXT,context-full-drone-on-1472491096-contextual,drone,,on,1472491096,contextual,70,20688136,COMPLETED,/home/hersco/training_new_domains/2026-08-28/mcts_safe_context_full/context-full-drone-on-1472491096-contextual_20688136.out,4,../problems/numeric/drone/instances/problem_1_9_3.pddl,unsolved,563.81,False,674,0,0,0
MCTS-SAFE-CONTEXT,context-full-drone-on-1472491096-contextual,drone,,on,1472491096,contextual,70,20688136,COMPLETED,/home/hersco/training_new_domains/2026-08-28/mcts_safe_context_full/context-full-drone-on-1472491096-contextual_20688136.out,5,../problems/numeric/drone/instances/problem_2_5_4.pddl,unsolved,914.36,False,575,0,0,0
MCTS-SAFE-CONTEXT,context-full-drone-on-1472491096-contextual,drone,,on,1472491096,contextual,70,20688136,COMPLETED,/home/hersco/training_new_domains/2026-08-28/mcts_safe_context_full/context-full-drone-on-1472491096-contextual_20688136.out,6,../problems/numeric/drone/instances/problem_2_8_3.pddl,unsolved,1192.22,False,613,0,0,0
MCTS-SAFE-CONTEXT,context-full-drone-on-1472491096-contextual,drone,,on,1472491096,contextual,70,20688136,COMPLETED,/home/hersco/training_new_domains/2026-08-28/mcts_safe_context_full/context-full-drone-on-1472491096-contextual_20688136.out,7,../problems/numeric/drone/instances/problem_2_9_1.pddl,success,73.67,True,68,1,1,1
MCTS-SAFE-CONTEXT,context-full-drone-on-1472491096-contextual,drone,,on,1472491096,contextual,70,20688136,COMPLETED,/home/hersco/training_new_domains/2026-08-28/mcts_safe_context_full/context-full-drone-on-1472491096-contextual_20688136.out,8,../problems/numeric/drone/instances/problem_3_3_4.pddl,success,359.68,True,262,1,1,1
MCTS-SAFE-CONTEXT,context-full-drone-on-1472491096-contextual,drone,,on,1472491096,contextual,70,20688136,COMPLETED,/home/hersco/training_new_domains/2026-08-28/mcts_safe_context_full/context-full-drone-on-1472491096-contextual_20688136.out,9,../problems/numeric/drone/instances/problem_4_2_5.pddl,unsolved,1294.24,False,876,0,0,0
MCTS-SAFE-CONTEXT,context-full-drone-on-1472491096-contextual,drone,,on,1472491096,contextual,70,20688136,COMPLETED,/home/hersco/training_new_domains/2026-08-28/mcts_safe_context_full/context-full-drone-on-1472491096-contextual_20688136.out,10,../problems/numeric/drone/instances/problem_4_9_5.pddl,timeout,21600.0,False,-1,0,0,0
MCTS-SAFE-CONTEXT,context-full-drone-on-1472491096-contextual,drone,,on,1472491096,contextual,70,20688136,COMPLETED,/home/hersco/training_new_domains/2026-08-28/mcts_safe_context_full/context-full-drone-on-1472491096-contextual_20688136.out,11,../problems/numeric/drone/instances/problem_5_2_2.pddl,unsolved,1321.73,False,10000,0,0,0
MCTS-SAFE-CONTEXT,context-full-drone-on-1472491096-contextual,drone,,on,1472491096,contextual,70,20688136,COMPLETED,/home/hersco/training_new_domains/2026-08-28/mcts_safe_context_full/context-full-drone-on-1472491096-contextual_20688136.out,12,../problems/numeric/drone/instances/problem_5_10_1.pddl,unsolved,2084.6,False,627,0,0,0
MCTS-SAFE-CONTEXT,context-full-drone-on-1472491096-contextual,drone,,on,1472491096,contextual,70,20688136,COMPLETED,/home/hersco/training_new_domains/2026-08-28/mcts_safe_context_full/context-full-drone-on-1472491096-contextual_20688136.out,13,../problems/numeric/drone/instances/problem_6_8_1.pddl,unsolved,3244.08,False,10000,0,0,0
MCTS-SAFE-CONTEXT,context-full-drone-on-1472491096-contextual,drone,,on,1472491096,contextual,70,20688136,COMPLETED,/home/hersco/training_new_domains/2026-08-28/mcts_safe_context_full/context-full-drone-on-1472491096-contextual_20688136.out,14,../problems/numeric/drone/instances/problem_7_6_4.pddl,timeout,21600.0,False,-1,0,0,0
MCTS-SAFE-CONTEXT,context-full-drone-on-1472491096-contextual,drone,,on,1472491096,contextual,70,20688136,COMPLETED,/home/hersco/training_new_domains/2026-08-28/mcts_safe_context_full/context-full-drone-on-1472491096-contextual_20688136.out,15,../problems/numeric/drone/instances/problem_8_1_2.pddl,success,115.24,True,56,1,1,1
MCTS-SAFE-CONTEXT,context-full-drone-on-1472491096-contextual,drone,,on,1472491096,contextual,70,20688136,COMPLETED,/home/hersco/training_new_domains/2026-08-28/mcts_safe_context_full/context-full-drone-on-1472491096-contextual_20688136.out,16,../problems/numeric/drone/instances/problem_8_1_4.pddl,unsolved,2857.53,False,10000,0,0,0
MCTS-SAFE-CONTEXT,context-full-drone-on-1472491096-contextual,drone,,on,1472491096,contextual,70,20688136,COMPLETED,/home/hersco/training_new_domains/2026-08-28/mcts_safe_context_full/context-full-drone-on-1472491096-contextual_20688136.out,17,../problems/numeric/drone/instances/problem_8_1_5.pddl,unsolved,3690.97,False,10000,0,0,0
MCTS-SAFE-CONTEXT,context-full-drone-on-1472491096-contextual,drone,,on,1472491096,contextual,70,20688136,COMPLETED,/home/hersco/training_new_domains/2026-08-28/mcts_safe_context_full/context-full-drone-on-1472491096-contextual_20688136.out,18,../problems/numeric/drone/instances/problem_8_7_1.pddl,unsolved,5053.45,False,10000,0,0,0
MCTS-SAFE-CONTEXT,context-full-drone-on-1472491096-contextual,drone,,on,1472491096,contextual,70,20688136,COMPLETED,/home/hersco/training_new_domains/2026-08-28/mcts_safe_context_full/context-full-drone-on-1472491096-contextual_20688136.out,19,../problems/numeric/drone/instances/problem_9_7_3.pddl,timeout,21600.0,False,-1,0,0,0
MCTS-SAFE-CONTEXT,context-full-drone-on-1472491096-contextual,drone,,on,1472491096,contextual,70,20688136,COMPLETED,/home/hersco/training_new_domains/2026-08-28/mcts_safe_context_full/context-full-drone-on-1472491096-contextual_20688136.out,20,../problems/numeric/drone/instances/problem_10_10_3.pddl,timeout,21600.0,False,-1,0,0,0
MCTS-PW-CROSS-DOMAIN,pw-kmin3-block_grouping-off-1963100312-s1,block_grouping,stage1,off,1963100312,pw_kmin3,20,20726010,COMPLETED,/home/hersco/training_new_domains/2026-08-30/mcts_pw_cross_domain/pw-kmin3-block_grouping-off-1963100312-s1_20726010.out,1,../problems/numeric/block-grouping/instances/instance_5_25_6_1.pddl,success,2088.07,True,2133,0,1,1
MCTS-PW-CROSS-DOMAIN,pw-kmin3-block_grouping-off-1963100312-s1,block_grouping,stage1,off,1963100312,pw_kmin3,20,20726010,COMPLETED,/home/hersco/training_new_domains/2026-08-30/mcts_pw_cross_domain/pw-kmin3-block_grouping-off-1963100312-s1_20726010.out,2,../problems/numeric/block-grouping/instances/instance_7_10_2_1.pddl,success,25.33,True,25,1,1,1
MCTS-PW-CROSS-DOMAIN,pw-kmin3-block_grouping-off-1963100312-s1,block_grouping,stage1,off,1963100312,pw_kmin3,20,20726010,COMPLETED,/home/hersco/training_new_domains/2026-08-30/mcts_pw_cross_domain/pw-kmin3-block_grouping-off-1963100312-s1_20726010.out,3,../problems/numeric/block-grouping/instances/instance_11_10_2_3.pddl,success,34.12,True,53,1,1,1
MCTS-PW-CROSS-DOMAIN,pw-kmin3-block_grouping-off-1963100312-s1,block_grouping,stage1,off,1963100312,pw_kmin3,20,20726010,COMPLETED,/home/hersco/training_new_domains/2026-08-30/mcts_pw_cross_domain/pw-kmin3-block_grouping-off-1963100312-s1_20726010.out,4,../problems/numeric/block-grouping/instances/instance_11_30_7_2.pddl,success,402.04,True,175,1,1,1
MCTS-PW-CROSS-DOMAIN,pw-kmin3-block_grouping-off-1963100312-s1,block_grouping,stage1,off,1963100312,pw_kmin3,20,20726010,COMPLETED,/home/hersco/training_new_domains/2026-08-30/mcts_pw_cross_domain/pw-kmin3-block_grouping-off-1963100312-s1_20726010.out,5,../problems/numeric/block-grouping/instances/instance_11_35_8_3.pddl,timeout,21600.0,False,-1,0,0,0
MCTS-PW-CROSS-DOMAIN,pw-kmin3-block_grouping-off-1963100312-s1,block_grouping,stage1,off,1963100312,pw_kmin3,20,20726010,COMPLETED,/home/hersco/training_new_domains/2026-08-30/mcts_pw_cross_domain/pw-kmin3-block_grouping-off-1963100312-s1_20726010.out,6,../problems/numeric/block-grouping/instances/instance_11_40_10_1.pddl,timeout,21600.0,False,-1,0,0,0
MCTS-PW-CROSS-DOMAIN,pw-kmin3-block_grouping-off-1963100312-s1,block_grouping,stage1,off,1963100312,pw_kmin3,20,20726010,COMPLETED,/home/hersco/training_new_domains/2026-08-30/mcts_pw_cross_domain/pw-kmin3-block_grouping-off-1963100312-s1_20726010.out,7,../problems/numeric/block-grouping/instances/instance_15_10_2_3.pddl,success,41.84,True,84,1,1,1
MCTS-PW-CROSS-DOMAIN,pw-kmin3-block_grouping-off-1963100312-s1,block_grouping,stage1,off,1963100312,pw_kmin3,20,20726010,COMPLETED,/home/hersco/training_new_domains/2026-08-30/mcts_pw_cross_domain/pw-kmin3-block_grouping-off-1963100312-s1_20726010.out,8,../problems/numeric/block-grouping/instances/instance_15_25_6_3.pddl,success,311.61,True,201,1,1,1
MCTS-PW-CROSS-DOMAIN,pw-kmin3-block_grouping-off-1963100312-s1,block_grouping,stage1,off,1963100312,pw_kmin3,20,20726010,COMPLETED,/home/hersco/training_new_domains/2026-08-30/mcts_pw_cross_domain/pw-kmin3-block_grouping-off-1963100312-s1_20726010.out,9,../problems/numeric/block-grouping/instances/instance_20_5_2_1.pddl,success,17.78,True,28,1,1,1
MCTS-PW-CROSS-DOMAIN,pw-kmin3-block_grouping-off-1963100312-s1,block_grouping,stage1,off,1963100312,pw_kmin3,20,20726010,COMPLETED,/home/hersco/training_new_domains/2026-08-30/mcts_pw_cross_domain/pw-kmin3-block_grouping-off-1963100312-s1_20726010.out,10,../problems/numeric/block-grouping/instances/instance_20_5_2_2.pddl,success,20.29,True,32,1,1,1
MCTS-PW-CROSS-DOMAIN,pw-kmin3-block_grouping-off-1963100312-s1,block_grouping,stage1,off,1963100312,pw_kmin3,20,20726010,COMPLETED,/home/hersco/training_new_domains/2026-08-30/mcts_pw_cross_domain/pw-kmin3-block_grouping-off-1963100312-s1_20726010.out,11,../problems/numeric/block-grouping/instances/instance_20_10_2_1.pddl,success,60.11,True,146,1,1,1
MCTS-PW-CROSS-DOMAIN,pw-kmin3-block_grouping-off-1963100312-s1,block_grouping,stage1,off,1963100312,pw_kmin3,20,20726010,COMPLETED,/home/hersco/training_new_domains/2026-08-30/mcts_pw_cross_domain/pw-kmin3-block_grouping-off-1963100312-s1_20726010.out,12,../problems/numeric/block-grouping/instances/instance_20_10_2_3.pddl,success,59.87,True,144,1,1,1
MCTS-PW-CROSS-DOMAIN,pw-kmin3-block_grouping-off-1963100312-s1,block_grouping,stage1,off,1963100312,pw_kmin3,20,20726010,COMPLETED,/home/hersco/training_new_domains/2026-08-30/mcts_pw_cross_domain/pw-kmin3-block_grouping-off-1963100312-s1_20726010.out,13,../problems/numeric/block-grouping/instances/instance_20_15_3_2.pddl,success,120.99,True,195,1,1,1
MCTS-PW-CROSS-DOMAIN,pw-kmin3-block_grouping-off-1963100312-s1,block_grouping,stage1,off,1963100312,pw_kmin3,20,20726010,COMPLETED,/home/hersco/training_new_domains/2026-08-30/mcts_pw_cross_domain/pw-kmin3-block_grouping-off-1963100312-s1_20726010.out,14,../problems/numeric/block-grouping/instances/instance_20_30_7_2.pddl,timeout,21600.0,False,-1,0,0,0
MCTS-PW-CROSS-DOMAIN,pw-kmin3-block_grouping-off-1963100312-s1,block_grouping,stage1,off,1963100312,pw_kmin3,20,20726010,COMPLETED,/home/hersco/training_new_domains/2026-08-30/mcts_pw_cross_domain/pw-kmin3-block_grouping-off-1963100312-s1_20726010.out,15,../problems/numeric/block-grouping/instances/instance_20_40_10_2.pddl,success,4299.83,True,590,0,1,1
MCTS-PW-CROSS-DOMAIN,pw-kmin3-block_grouping-off-1963100312-s1,block_grouping,stage1,off,1963100312,pw_kmin3,20,20726010,COMPLETED,/home/hersco/training_new_domains/2026-08-30/mcts_pw_cross_domain/pw-kmin3-block_grouping-off-1963100312-s1_20726010.out,16,../problems/numeric/block-grouping/instances/instance_25_15_3_1.pddl,success,186.12,True,240,1,1,1
MCTS-PW-CROSS-DOMAIN,pw-kmin3-block_grouping-off-1963100312-s1,block_grouping,stage1,off,1963100312,pw_kmin3,20,20726010,COMPLETED,/home/hersco/training_new_domains/2026-08-30/mcts_pw_cross_domain/pw-kmin3-block_grouping-off-1963100312-s1_20726010.out,17,../problems/numeric/block-grouping/instances/instance_25_35_8_1.pddl,success,3415.03,True,572,0,1,1
MCTS-PW-CROSS-DOMAIN,pw-kmin3-block_grouping-off-1963100312-s1,block_grouping,stage1,off,1963100312,pw_kmin3,20,20726010,COMPLETED,/home/hersco/training_new_domains/2026-08-30/mcts_pw_cross_domain/pw-kmin3-block_grouping-off-1963100312-s1_20726010.out,18,../problems/numeric/block-grouping/instances/instance_25_40_10_3.pddl,success,5464.02,True,550,0,1,1
MCTS-PW-CROSS-DOMAIN,pw-kmin3-block_grouping-off-1963100312-s1,block_grouping,stage1,off,1963100312,pw_kmin3,20,20726010,COMPLETED,/home/hersco/training_new_domains/2026-08-30/mcts_pw_cross_domain/pw-kmin3-block_grouping-off-1963100312-s1_20726010.out,19,../problems/numeric/block-grouping/instances/instance_100_20_5_1.pddl,timeout,21600.0,False,-1,0,0,0
MCTS-PW-CROSS-DOMAIN,pw-kmin3-block_grouping-off-1963100312-s1,block_grouping,stage1,off,1963100312,pw_kmin3,20,20726010,COMPLETED,/home/hersco/training_new_domains/2026-08-30/mcts_pw_cross_domain/pw-kmin3-block_grouping-off-1963100312-s1_20726010.out,20,../problems/numeric/block-grouping/instances/instance_100_25_6_2.pddl,timeout,21600.0,False,-1,0,0,0
MCTS-PW-CROSS-DOMAIN,pw-kmin3-block_grouping-off-2011206605-s1,block_grouping,stage1,off,2011206605,pw_kmin3,20,20726011,COMPLETED,/home/hersco/training_new_domains/2026-08-30/mcts_pw_cross_domain/pw-kmin3-block_grouping-off-2011206605-s1_20726011.out,1,../problems/numeric/block-grouping/instances/instance_5_25_6_1.pddl,unsolved,16217.43,False,10000,0,0,0
MCTS-PW-CROSS-DOMAIN,pw-kmin3-block_grouping-off-2011206605-s1,block_grouping,stage1,off,2011206605,pw_kmin3,20,20726011,COMPLETED,/home/hersco/training_new_domains/2026-08-30/mcts_pw_cross_domain/pw-kmin3-block_grouping-off-2011206605-s1_20726011.out,2,../problems/numeric/block-grouping/instances/instance_7_10_2_1.pddl,success,18.3,True,26,1,1,1
MCTS-PW-CROSS-DOMAIN,pw-kmin3-block_grouping-off-2011206605-s1,block_grouping,stage1,off,2011206605,pw_kmin3,20,20726011,COMPLETED,/home/hersco/training_new_domains/2026-08-30/mcts_pw_cross_domain/pw-kmin3-block_grouping-off-2011206605-s1_20726011.out,3,../problems/numeric/block-grouping/instances/instance_11_10_2_3.pddl,success,21.36,True,39,1,1,1
MCTS-PW-CROSS-DOMAIN,pw-kmin3-block_grouping-off-2011206605-s1,block_grouping,stage1,off,2011206605,pw_kmin3,20,20726011,COMPLETED,/home/hersco/training_new_domains/2026-08-30/mcts_pw_cross_domain/pw-kmin3-block_grouping-off-2011206605-s1_20726011.out,4,../problems/numeric/block-grouping/instances/instance_11_30_7_2.pddl,timeout,21600.0,False,-1,0,0,0
MCTS-PW-CROSS-DOMAIN,pw-kmin3-block_grouping-off-2011206605-s1,block_grouping,stage1,off,2011206605,pw_kmin3,20,20726011,COMPLETED,/home/hersco/training_new_domains/2026-08-30/mcts_pw_cross_domain/pw-kmin3-block_grouping-off-2011206605-s1_20726011.out,5,../problems/numeric/block-grouping/instances/instance_11_35_8_3.pddl,success,730.87,True,237,1,1,1
MCTS-PW-CROSS-DOMAIN,pw-kmin3-block_grouping-off-2011206605-s1,block_grouping,stage1,off,2011206605,pw_kmin3,20,20726011,COMPLETED,/home/hersco/training_new_domains/2026-08-30/mcts_pw_cross_domain/pw-kmin3-block_grouping-off-2011206605-s1_20726011.out,6,../problems/numeric/block-grouping/instances/instance_11_40_10_1.pddl,success,1496.46,True,281,1,1,1
MCTS-PW-CROSS-DOMAIN,pw-kmin3-block_grouping-off-2011206605-s1,block_grouping,stage1,off,2011206605,pw_kmin3,20,20726011,COMPLETED,/home/hersco/training_new_domains/2026-08-30/mcts_pw_cross_domain/pw-kmin3-block_grouping-off-2011206605-s1_20726011.out,7,../problems/numeric/block-grouping/instances/instance_15_10_2_3.pddl,success,56.69,True,114,1,1,1
MCTS-PW-CROSS-DOMAIN,pw-kmin3-block_grouping-off-2011206605-s1,block_grouping,stage1,off,2011206605,pw_kmin3,20,20726011,COMPLETED,/home/hersco/training_new_domains/2026-08-30/mcts_pw_cross_domain/pw-kmin3-block_grouping-off-2011206605-s1_20726011.out,8,../problems/numeric/block-grouping/instances/instance_15_25_6_3.pddl,success,385.9,True,239,1,1,1
MCTS-PW-CROSS-DOMAIN,pw-kmin3-block_grouping-off-2011206605-s1,block_grouping,stage1,off,2011206605,pw_kmin3,20,20726011,COMPLETED,/home/hersco/training_new_domains/2026-08-30/mcts_pw_cross_domain/pw-kmin3-block_grouping-off-2011206605-s1_20726011.out,9,../problems/numeric/block-grouping/instances/instance_20_5_2_1.pddl,success,37.34,True,22,1,1,1
MCTS-PW-CROSS-DOMAIN,pw-kmin3-block_grouping-off-2011206605-s1,block_grouping,stage1,off,2011206605,pw_kmin3,20,20726011,COMPLETED,/home/hersco/training_new_domains/2026-08-30/mcts_pw_cross_domain/pw-kmin3-block_grouping-off-2011206605-s1_20726011.out,10,../problems/numeric/block-grouping/instances/instance_20_5_2_2.pddl,success,23.57,True,31,1,1,1
MCTS-PW-CROSS-DOMAIN,pw-kmin3-block_grouping-off-2011206605-s1,block_grouping,stage1,off,2011206605,pw_kmin3,20,20726011,COMPLETED,/home/hersco/training_new_domains/2026-08-30/mcts_pw_cross_domain/pw-kmin3-block_grouping-off-2011206605-s1_20726011.out,11,../problems/numeric/block-grouping/instances/instance_20_10_2_1.pddl,success,58.9,True,130,1,1,1
MCTS-PW-CROSS-DOMAIN,pw-kmin3-block_grouping-off-2011206605-s1,block_grouping,stage1,off,2011206605,pw_kmin3,20,20726011,COMPLETED,/home/hersco/training_new_domains/2026-08-30/mcts_pw_cross_domain/pw-kmin3-block_grouping-off-2011206605-s1_20726011.out,12,../problems/numeric/block-grouping/instances/instance_20_10_2_3.pddl,success,73.66,True,171,1,1,1
MCTS-PW-CROSS-DOMAIN,pw-kmin3-block_grouping-off-2011206605-s1,block_grouping,stage1,off,2011206605,pw_kmin3,20,20726011,COMPLETED,/home/hersco/training_new_domains/2026-08-30/mcts_pw_cross_domain/pw-kmin3-block_grouping-off-2011206605-s1_20726011.out,13,../problems/numeric/block-grouping/instances/instance_20_15_3_2.pddl,success,119.04,True,184,1,1,1
MCTS-PW-CROSS-DOMAIN,pw-kmin3-block_grouping-off-2011206605-s1,block_grouping,stage1,off,2011206605,pw_kmin3,20,20726011,COMPLETED,/home/hersco/training_new_domains/2026-08-30/mcts_pw_cross_domain/pw-kmin3-block_grouping-off-2011206605-s1_20726011.out,14,../problems/numeric/block-grouping/instances/instance_20_30_7_2.pddl,timeout,21600.0,False,-1,0,0,0
MCTS-PW-CROSS-DOMAIN,pw-kmin3-block_grouping-off-2011206605-s1,block_grouping,stage1,off,2011206605,pw_kmin3,20,20726011,COMPLETED,/home/hersco/training_new_domains/2026-08-30/mcts_pw_cross_domain/pw-kmin3-block_grouping-off-2011206605-s1_20726011.out,15,../problems/numeric/block-grouping/instances/instance_20_40_10_2.pddl,success,4214.69,True,500,0,1,1
MCTS-PW-CROSS-DOMAIN,pw-kmin3-block_grouping-off-2011206605-s1,block_grouping,stage1,off,2011206605,pw_kmin3,20,20726011,COMPLETED,/home/hersco/training_new_domains/2026-08-30/mcts_pw_cross_domain/pw-kmin3-block_grouping-off-2011206605-s1_20726011.out,16,../problems/numeric/block-grouping/instances/instance_25_15_3_1.pddl,success,292.68,True,597,1,1,1
MCTS-PW-CROSS-DOMAIN,pw-kmin3-block_grouping-off-2011206605-s1,block_grouping,stage1,off,2011206605,pw_kmin3,20,20726011,COMPLETED,/home/hersco/training_new_domains/2026-08-30/mcts_pw_cross_domain/pw-kmin3-block_grouping-off-2011206605-s1_20726011.out,17,../problems/numeric/block-grouping/instances/instance_25_35_8_1.pddl,success,2978.23,True,541,0,1,1
MCTS-PW-CROSS-DOMAIN,pw-kmin3-block_grouping-off-2011206605-s1,block_grouping,stage1,off,2011206605,pw_kmin3,20,20726011,COMPLETED,/home/hersco/training_new_domains/2026-08-30/mcts_pw_cross_domain/pw-kmin3-block_grouping-off-2011206605-s1_20726011.out,18,../problems/numeric/block-grouping/instances/instance_25_40_10_3.pddl,success,4482.94,True,613,0,1,1
MCTS-PW-CROSS-DOMAIN,pw-kmin3-block_grouping-off-2011206605-s1,block_grouping,stage1,off,2011206605,pw_kmin3,20,20726011,COMPLETED,/home/hersco/training_new_domains/2026-08-30/mcts_pw_cross_domain/pw-kmin3-block_grouping-off-2011206605-s1_20726011.out,19,../problems/numeric/block-grouping/instances/instance_100_20_5_1.pddl,unsolved,16051.12,False,10000,0,0,0
MCTS-PW-CROSS-DOMAIN,pw-kmin3-block_grouping-off-2011206605-s1,block_grouping,stage1,off,2011206605,pw_kmin3,20,20726011,COMPLETED,/home/hersco/training_new_domains/2026-08-30/mcts_pw_cross_domain/pw-kmin3-block_grouping-off-2011206605-s1_20726011.out,20,../problems/numeric/block-grouping/instances/instance_100_25_6_2.pddl,unsolved,17266.18,False,10000,0,0,0
MCTS-PW-CROSS-DOMAIN,pw-kmin3-block_grouping-on-1963100312-s1,block_grouping,stage1,on,1963100312,pw_kmin3,20,20726012,COMPLETED,/home/hersco/training_new_domains/2026-08-30/mcts_pw_cross_domain/pw-kmin3-block_grouping-on-1963100312-s1_20726012.out,1,../problems/numeric/block-grouping/instances/instance_5_25_6_1.pddl,timeout,21600.0,False,-1,0,0,0
MCTS-PW-CROSS-DOMAIN,pw-kmin3-block_grouping-on-1963100312-s1,block_grouping,stage1,on,1963100312,pw_kmin3,20,20726012,COMPLETED,/home/hersco/training_new_domains/2026-08-30/mcts_pw_cross_domain/pw-kmin3-block_grouping-on-1963100312-s1_20726012.out,2,../problems/numeric/block-grouping/instances/instance_7_10_2_1.pddl,success,17.29,True,26,1,1,1
MCTS-PW-CROSS-DOMAIN,pw-kmin3-block_grouping-on-1963100312-s1,block_grouping,stage1,on,1963100312,pw_kmin3,20,20726012,COMPLETED,/home/hersco/training_new_domains/2026-08-30/mcts_pw_cross_domain/pw-kmin3-block_grouping-on-1963100312-s1_20726012.out,3,../problems/numeric/block-grouping/instances/instance_11_10_2_3.pddl,success,20.38,True,39,1,1,1
MCTS-PW-CROSS-DOMAIN,pw-kmin3-block_grouping-on-1963100312-s1,block_grouping,stage1,on,1963100312,pw_kmin3,20,20726012,COMPLETED,/home/hersco/training_new_domains/2026-08-30/mcts_pw_cross_domain/pw-kmin3-block_grouping-on-1963100312-s1_20726012.out,4,../problems/numeric/block-grouping/instances/instance_11_30_7_2.pddl,success,543.78,True,239,1,1,1
MCTS-PW-CROSS-DOMAIN,pw-kmin3-block_grouping-on-1963100312-s1,block_grouping,stage1,on,1963100312,pw_kmin3,20,20726012,COMPLETED,/home/hersco/training_new_domains/2026-08-30/mcts_pw_cross_domain/pw-kmin3-block_grouping-on-1963100312-s1_20726012.out,5,../problems/numeric/block-grouping/instances/instance_11_35_8_3.pddl,success,784.43,True,235,1,1,1
MCTS-PW-CROSS-DOMAIN,pw-kmin3-block_grouping-on-1963100312-s1,block_grouping,stage1,on,1963100312,pw_kmin3,20,20726012,COMPLETED,/home/hersco/training_new_domains/2026-08-30/mcts_pw_cross_domain/pw-kmin3-block_grouping-on-1963100312-s1_20726012.out,6,../problems/numeric/block-grouping/instances/instance_11_40_10_1.pddl,success,1684.78,True,277,1,1,1
MCTS-PW-CROSS-DOMAIN,pw-kmin3-block_grouping-on-1963100312-s1,block_grouping,stage1,on,1963100312,pw_kmin3,20,20726012,COMPLETED,/home/hersco/training_new_domains/2026-08-30/mcts_pw_cross_domain/pw-kmin3-block_grouping-on-1963100312-s1_20726012.out,7,../problems/numeric/block-grouping/instances/instance_15_10_2_3.pddl,success,44.59,True,114,1,1,1
MCTS-PW-CROSS-DOMAIN,pw-kmin3-block_grouping-on-1963100312-s1,block_grouping,stage1,on,1963100312,pw_kmin3,20,20726012,COMPLETED,/home/hersco/training_new_domains/2026-08-30/mcts_pw_cross_domain/pw-kmin3-block_grouping-on-1963100312-s1_20726012.out,8,../problems/numeric/block-grouping/instances/instance_15_25_6_3.pddl,success,341.63,True,239,1,1,1
MCTS-PW-CROSS-DOMAIN,pw-kmin3-block_grouping-on-1963100312-s1,block_grouping,stage1,on,1963100312,pw_kmin3,20,20726012,COMPLETED,/home/hersco/training_new_domains/2026-08-30/mcts_pw_cross_domain/pw-kmin3-block_grouping-on-1963100312-s1_20726012.out,9,../problems/numeric/block-grouping/instances/instance_20_5_2_1.pddl,success,15.02,True,22,1,1,1
MCTS-PW-CROSS-DOMAIN,pw-kmin3-block_grouping-on-1963100312-s1,block_grouping,stage1,on,1963100312,pw_kmin3,20,20726012,COMPLETED,/home/hersco/training_new_domains/2026-08-30/mcts_pw_cross_domain/pw-kmin3-block_grouping-on-1963100312-s1_20726012.out,10,../problems/numeric/block-grouping/instances/instance_20_5_2_2.pddl,success,16.53,True,31,1,1,1
MCTS-PW-CROSS-DOMAIN,pw-kmin3-block_grouping-on-1963100312-s1,block_grouping,stage1,on,1963100312,pw_kmin3,20,20726012,COMPLETED,/home/hersco/training_new_domains/2026-08-30/mcts_pw_cross_domain/pw-kmin3-block_grouping-on-1963100312-s1_20726012.out,11,../problems/numeric/block-grouping/instances/instance_20_10_2_1.pddl,success,48.6,True,128,1,1,1
MCTS-PW-CROSS-DOMAIN,pw-kmin3-block_grouping-on-1963100312-s1,block_grouping,stage1,on,1963100312,pw_kmin3,20,20726012,COMPLETED,/home/hersco/training_new_domains/2026-08-30/mcts_pw_cross_domain/pw-kmin3-block_grouping-on-1963100312-s1_20726012.out,12,../problems/numeric/block-grouping/instances/instance_20_10_2_3.pddl,success,62.62,True,167,1,1,1
MCTS-PW-CROSS-DOMAIN,pw-kmin3-block_grouping-on-1963100312-s1,block_grouping,stage1,on,1963100312,pw_kmin3,20,20726012,COMPLETED,/home/hersco/training_new_domains/2026-08-30/mcts_pw_cross_domain/pw-kmin3-block_grouping-on-1963100312-s1_20726012.out,13,../problems/numeric/block-grouping/instances/instance_20_15_3_2.pddl,success,106.22,True,180,1,1,1
MCTS-PW-CROSS-DOMAIN,pw-kmin3-block_grouping-on-1963100312-s1,block_grouping,stage1,on,1963100312,pw_kmin3,20,20726012,COMPLETED,/home/hersco/training_new_domains/2026-08-30/mcts_pw_cross_domain/pw-kmin3-block_grouping-on-1963100312-s1_20726012.out,14,../problems/numeric/block-grouping/instances/instance_20_30_7_2.pddl,timeout,21600.0,False,-1,0,0,0
MCTS-PW-CROSS-DOMAIN,pw-kmin3-block_grouping-on-1963100312-s1,block_grouping,stage1,on,1963100312,pw_kmin3,20,20726012,COMPLETED,/home/hersco/training_new_domains/2026-08-30/mcts_pw_cross_domain/pw-kmin3-block_grouping-on-1963100312-s1_20726012.out,15,../problems/numeric/block-grouping/instances/instance_20_40_10_2.pddl,success,5362.48,True,496,0,1,1
MCTS-PW-CROSS-DOMAIN,pw-kmin3-block_grouping-on-1963100312-s1,block_grouping,stage1,on,1963100312,pw_kmin3,20,20726012,COMPLETED,/home/hersco/training_new_domains/2026-08-30/mcts_pw_cross_domain/pw-kmin3-block_grouping-on-1963100312-s1_20726012.out,16,../problems/numeric/block-grouping/instances/instance_25_15_3_1.pddl,success,306.48,True,459,1,1,1
MCTS-PW-CROSS-DOMAIN,pw-kmin3-block_grouping-on-1963100312-s1,block_grouping,stage1,on,1963100312,pw_kmin3,20,20726012,COMPLETED,/home/hersco/training_new_domains/2026-08-30/mcts_pw_cross_domain/pw-kmin3-block_grouping-on-1963100312-s1_20726012.out,17,../problems/numeric/block-grouping/instances/instance_25_35_8_1.pddl,success,3732.21,True,541,0,1,1
MCTS-PW-CROSS-DOMAIN,pw-kmin3-block_grouping-on-1963100312-s1,block_grouping,stage1,on,1963100312,pw_kmin3,20,20726012,COMPLETED,/home/hersco/training_new_domains/2026-08-30/mcts_pw_cross_domain/pw-kmin3-block_grouping-on-1963100312-s1_20726012.out,18,../problems/numeric/block-grouping/instances/instance_25_40_10_3.pddl,success,5993.53,True,613,0,1,1
MCTS-PW-CROSS-DOMAIN,pw-kmin3-block_grouping-on-1963100312-s1,block_grouping,stage1,on,1963100312,pw_kmin3,20,20726012,COMPLETED,/home/hersco/training_new_domains/2026-08-30/mcts_pw_cross_domain/pw-kmin3-block_grouping-on-1963100312-s1_20726012.out,19,../problems/numeric/block-grouping/instances/instance_100_20_5_1.pddl,success,4835.28,True,1681,0,1,1
MCTS-PW-CROSS-DOMAIN,pw-kmin3-block_grouping-on-1963100312-s1,block_grouping,stage1,on,1963100312,pw_kmin3,20,20726012,COMPLETED,/home/hersco/training_new_domains/2026-08-30/mcts_pw_cross_domain/pw-kmin3-block_grouping-on-1963100312-s1_20726012.out,20,../problems/numeric/block-grouping/instances/instance_100_25_6_2.pddl,success,8965.31,True,1800,0,0,1
MCTS-PW-CROSS-DOMAIN,pw-kmin3-block_grouping-on-2011206605-s1,block_grouping,stage1,on,2011206605,pw_kmin3,20,20726013,COMPLETED,/home/hersco/training_new_domains/2026-08-30/mcts_pw_cross_domain/pw-kmin3-block_grouping-on-2011206605-s1_20726013.out,1,../problems/numeric/block-grouping/instances/instance_5_25_6_1.pddl,unsolved,15009.37,False,10000,0,0,0
MCTS-PW-CROSS-DOMAIN,pw-kmin3-block_grouping-on-2011206605-s1,block_grouping,stage1,on,2011206605,pw_kmin3,20,20726013,COMPLETED,/home/hersco/training_new_domains/2026-08-30/mcts_pw_cross_domain/pw-kmin3-block_grouping-on-2011206605-s1_20726013.out,2,../problems/numeric/block-grouping/instances/instance_7_10_2_1.pddl,success,15.79,True,26,1,1,1
MCTS-PW-CROSS-DOMAIN,pw-kmin3-block_grouping-on-2011206605-s1,block_grouping,stage1,on,2011206605,pw_kmin3,20,20726013,COMPLETED,/home/hersco/training_new_domains/2026-08-30/mcts_pw_cross_domain/pw-kmin3-block_grouping-on-2011206605-s1_20726013.out,3,../problems/numeric/block-grouping/instances/instance_11_10_2_3.pddl,success,18.55,True,39,1,1,1
MCTS-PW-CROSS-DOMAIN,pw-kmin3-block_grouping-on-2011206605-s1,block_grouping,stage1,on,2011206605,pw_kmin3,20,20726013,COMPLETED,/home/hersco/training_new_domains/2026-08-30/mcts_pw_cross_domain/pw-kmin3-block_grouping-on-2011206605-s1_20726013.out,4,../problems/numeric/block-grouping/instances/instance_11_30_7_2.pddl,success,567.28,True,243,1,1,1
MCTS-PW-CROSS-DOMAIN,pw-kmin3-block_grouping-on-2011206605-s1,block_grouping,stage1,on,2011206605,pw_kmin3,20,20726013,COMPLETED,/home/hersco/training_new_domains/2026-08-30/mcts_pw_cross_domain/pw-kmin3-block_grouping-on-2011206605-s1_20726013.out,5,../problems/numeric/block-grouping/instances/instance_11_35_8_3.pddl,success,877.44,True,235,1,1,1
MCTS-PW-CROSS-DOMAIN,pw-kmin3-block_grouping-on-2011206605-s1,block_grouping,stage1,on,2011206605,pw_kmin3,20,20726013,COMPLETED,/home/hersco/training_new_domains/2026-08-30/mcts_pw_cross_domain/pw-kmin3-block_grouping-on-2011206605-s1_20726013.out,6,../problems/numeric/block-grouping/instances/instance_11_40_10_1.pddl,success,1829.95,True,277,0,1,1
MCTS-PW-CROSS-DOMAIN,pw-kmin3-block_grouping-on-2011206605-s1,block_grouping,stage1,on,2011206605,pw_kmin3,20,20726013,COMPLETED,/home/hersco/training_new_domains/2026-08-30/mcts_pw_cross_domain/pw-kmin3-block_grouping-on-2011206605-s1_20726013.out,7,../problems/numeric/block-grouping/instances/instance_15_10_2_3.pddl,success,43.84,True,114,1,1,1
MCTS-PW-CROSS-DOMAIN,pw-kmin3-block_grouping-on-2011206605-s1,block_grouping,stage1,on,2011206605,pw_kmin3,20,20726013,COMPLETED,/home/hersco/training_new_domains/2026-08-30/mcts_pw_cross_domain/pw-kmin3-block_grouping-on-2011206605-s1_20726013.out,8,../problems/numeric/block-grouping/instances/instance_15_25_6_3.pddl,success,364.03,True,239,1,1,1
MCTS-PW-CROSS-DOMAIN,pw-kmin3-block_grouping-on-2011206605-s1,block_grouping,stage1,on,2011206605,pw_kmin3,20,20726013,COMPLETED,/home/hersco/training_new_domains/2026-08-30/mcts_pw_cross_domain/pw-kmin3-block_grouping-on-2011206605-s1_20726013.out,9,../problems/numeric/block-grouping/instances/instance_20_5_2_1.pddl,success,16.8,True,22,1,1,1
MCTS-PW-CROSS-DOMAIN,pw-kmin3-block_grouping-on-2011206605-s1,block_grouping,stage1,on,2011206605,pw_kmin3,20,20726013,COMPLETED,/home/hersco/training_new_domains/2026-08-30/mcts_pw_cross_domain/pw-kmin3-block_grouping-on-2011206605-s1_20726013.out,10,../problems/numeric/block-grouping/instances/instance_20_5_2_2.pddl,success,18.79,True,31,1,1,1
MCTS-PW-CROSS-DOMAIN,pw-kmin3-block_grouping-on-2011206605-s1,block_grouping,stage1,on,2011206605,pw_kmin3,20,20726013,COMPLETED,/home/hersco/training_new_domains/2026-08-30/mcts_pw_cross_domain/pw-kmin3-block_grouping-on-2011206605-s1_20726013.out,11,../problems/numeric/block-grouping/instances/instance_20_10_2_1.pddl,success,46.35,True,128,1,1,1
MCTS-PW-CROSS-DOMAIN,pw-kmin3-block_grouping-on-2011206605-s1,block_grouping,stage1,on,2011206605,pw_kmin3,20,20726013,COMPLETED,/home/hersco/training_new_domains/2026-08-30/mcts_pw_cross_domain/pw-kmin3-block_grouping-on-2011206605-s1_20726013.out,12,../problems/numeric/block-grouping/instances/instance_20_10_2_3.pddl,success,60.62,True,167,1,1,1
MCTS-PW-CROSS-DOMAIN,pw-kmin3-block_grouping-on-2011206605-s1,block_grouping,stage1,on,2011206605,pw_kmin3,20,20726013,COMPLETED,/home/hersco/training_new_domains/2026-08-30/mcts_pw_cross_domain/pw-kmin3-block_grouping-on-2011206605-s1_20726013.out,13,../problems/numeric/block-grouping/instances/instance_20_15_3_2.pddl,success,102.21,True,180,1,1,1
MCTS-PW-CROSS-DOMAIN,pw-kmin3-block_grouping-on-2011206605-s1,block_grouping,stage1,on,2011206605,pw_kmin3,20,20726013,COMPLETED,/home/hersco/training_new_domains/2026-08-30/mcts_pw_cross_domain/pw-kmin3-block_grouping-on-2011206605-s1_20726013.out,14,../problems/numeric/block-grouping/instances/instance_20_30_7_2.pddl,timeout,21600.0,False,-1,0,0,0
MCTS-PW-CROSS-DOMAIN,pw-kmin3-block_grouping-on-2011206605-s1,block_grouping,stage1,on,2011206605,pw_kmin3,20,20726013,COMPLETED,/home/hersco/training_new_domains/2026-08-30/mcts_pw_cross_domain/pw-kmin3-block_grouping-on-2011206605-s1_20726013.out,15,../problems/numeric/block-grouping/instances/instance_20_40_10_2.pddl,success,4972.72,True,496,0,1,1
MCTS-PW-CROSS-DOMAIN,pw-kmin3-block_grouping-on-2011206605-s1,block_grouping,stage1,on,2011206605,pw_kmin3,20,20726013,COMPLETED,/home/hersco/training_new_domains/2026-08-30/mcts_pw_cross_domain/pw-kmin3-block_grouping-on-2011206605-s1_20726013.out,16,../problems/numeric/block-grouping/instances/instance_25_15_3_1.pddl,success,264.16,True,495,1,1,1
MCTS-PW-CROSS-DOMAIN,pw-kmin3-block_grouping-on-2011206605-s1,block_grouping,stage1,on,2011206605,pw_kmin3,20,20726013,COMPLETED,/home/hersco/training_new_domains/2026-08-30/mcts_pw_cross_domain/pw-kmin3-block_grouping-on-2011206605-s1_20726013.out,17,../problems/numeric/block-grouping/instances/instance_25_35_8_1.pddl,success,3771.77,True,541,0,1,1
MCTS-PW-CROSS-DOMAIN,pw-kmin3-block_grouping-on-2011206605-s1,block_grouping,stage1,on,2011206605,pw_kmin3,20,20726013,COMPLETED,/home/hersco/training_new_domains/2026-08-30/mcts_pw_cross_domain/pw-kmin3-block_grouping-on-2011206605-s1_20726013.out,18,../problems/numeric/block-grouping/instances/instance_25_40_10_3.pddl,success,6296.19,True,613,0,1,1
MCTS-PW-CROSS-DOMAIN,pw-kmin3-block_grouping-on-2011206605-s1,block_grouping,stage1,on,2011206605,pw_kmin3,20,20726013,COMPLETED,/home/hersco/training_new_domains/2026-08-30/mcts_pw_cross_domain/pw-kmin3-block_grouping-on-2011206605-s1_20726013.out,19,../problems/numeric/block-grouping/instances/instance_100_20_5_1.pddl,success,2479.26,True,1451,0,1,1
MCTS-PW-CROSS-DOMAIN,pw-kmin3-block_grouping-on-2011206605-s1,block_grouping,stage1,on,2011206605,pw_kmin3,20,20726013,COMPLETED,/home/hersco/training_new_domains/2026-08-30/mcts_pw_cross_domain/pw-kmin3-block_grouping-on-2011206605-s1_20726013.out,20,../problems/numeric/block-grouping/instances/instance_100_25_6_2.pddl,success,19329.9,True,6444,0,0,1
MCTS-PW-CROSS-DOMAIN,pw-kmin3-counters-off-1963100312-s2,counters,stage2,off,1963100312,pw_kmin3,20,20726015,COMPLETED,/home/hersco/training_new_domains/2026-08-30/mcts_pw_cross_domain/pw-kmin3-counters-off-1963100312-s2_20726015.out,1,../problems/numeric/counters/vanilla/fz_instance_2.pddl,success,6.03,True,1,1,1,1
MCTS-PW-CROSS-DOMAIN,pw-kmin3-counters-off-1963100312-s2,counters,stage2,off,1963100312,pw_kmin3,20,20726015,COMPLETED,/home/hersco/training_new_domains/2026-08-30/mcts_pw_cross_domain/pw-kmin3-counters-off-1963100312-s2_20726015.out,2,../problems/numeric/counters/vanilla/fz_instance_3.pddl,success,7.29,True,3,1,1,1
MCTS-PW-CROSS-DOMAIN,pw-kmin3-counters-off-1963100312-s2,counters,stage2,off,1963100312,pw_kmin3,20,20726015,COMPLETED,/home/hersco/training_new_domains/2026-08-30/mcts_pw_cross_domain/pw-kmin3-counters-off-1963100312-s2_20726015.out,3,../problems/numeric/counters/vanilla/fz_instance_4.pddl,success,7.55,True,6,1,1,1
MCTS-PW-CROSS-DOMAIN,pw-kmin3-counters-off-1963100312-s2,counters,stage2,off,1963100312,pw_kmin3,20,20726015,COMPLETED,/home/hersco/training_new_domains/2026-08-30/mcts_pw_cross_domain/pw-kmin3-counters-off-1963100312-s2_20726015.out,4,../problems/numeric/counters/vanilla/fz_instance_5.pddl,success,10.83,True,10,1,1,1
MCTS-PW-CROSS-DOMAIN,pw-kmin3-counters-off-1963100312-s2,counters,stage2,off,1963100312,pw_kmin3,20,20726015,COMPLETED,/home/hersco/training_new_domains/2026-08-30/mcts_pw_cross_domain/pw-kmin3-counters-off-1963100312-s2_20726015.out,5,../problems/numeric/counters/vanilla/fz_instance_6.pddl,success,9.04,True,15,1,1,1
MCTS-PW-CROSS-DOMAIN,pw-kmin3-counters-off-1963100312-s2,counters,stage2,off,1963100312,pw_kmin3,20,20726015,COMPLETED,/home/hersco/training_new_domains/2026-08-30/mcts_pw_cross_domain/pw-kmin3-counters-off-1963100312-s2_20726015.out,6,../problems/numeric/counters/vanilla/fz_instance_7.pddl,success,11.56,True,21,1,1,1
MCTS-PW-CROSS-DOMAIN,pw-kmin3-counters-off-1963100312-s2,counters,stage2,off,1963100312,pw_kmin3,20,20726015,COMPLETED,/home/hersco/training_new_domains/2026-08-30/mcts_pw_cross_domain/pw-kmin3-counters-off-1963100312-s2_20726015.out,7,../problems/numeric/counters/vanilla/fz_instance_8.pddl,success,12.81,True,28,1,1,1
MCTS-PW-CROSS-DOMAIN,pw-kmin3-counters-off-1963100312-s2,counters,stage2,off,1963100312,pw_kmin3,20,20726015,COMPLETED,/home/hersco/training_new_domains/2026-08-30/mcts_pw_cross_domain/pw-kmin3-counters-off-1963100312-s2_20726015.out,8,../problems/numeric/counters/vanilla/fz_instance_9.pddl,success,14.83,True,36,1,1,1
MCTS-PW-CROSS-DOMAIN,pw-kmin3-counters-off-1963100312-s2,counters,stage2,off,1963100312,pw_kmin3,20,20726015,COMPLETED,/home/hersco/training_new_domains/2026-08-30/mcts_pw_cross_domain/pw-kmin3-counters-off-1963100312-s2_20726015.out,9,../problems/numeric/counters/vanilla/fz_instance_10.pddl,success,14.58,True,47,1,1,1
MCTS-PW-CROSS-DOMAIN,pw-kmin3-counters-off-1963100312-s2,counters,stage2,off,1963100312,pw_kmin3,20,20726015,COMPLETED,/home/hersco/training_new_domains/2026-08-30/mcts_pw_cross_domain/pw-kmin3-counters-off-1963100312-s2_20726015.out,10,../problems/numeric/counters/vanilla/fz_instance_11.pddl,success,16.81,True,55,1,1,1
MCTS-PW-CROSS-DOMAIN,pw-kmin3-counters-off-1963100312-s2,counters,stage2,off,1963100312,pw_kmin3,20,20726015,COMPLETED,/home/hersco/training_new_domains/2026-08-30/mcts_pw_cross_domain/pw-kmin3-counters-off-1963100312-s2_20726015.out,11,../problems/numeric/counters/vanilla/fz_instance_12.pddl,success,19.31,True,96,1,1,1
MCTS-PW-CROSS-DOMAIN,pw-kmin3-counters-off-1963100312-s2,counters,stage2,off,1963100312,pw_kmin3,20,20726015,COMPLETED,/home/hersco/training_new_domains/2026-08-30/mcts_pw_cross_domain/pw-kmin3-counters-off-1963100312-s2_20726015.out,12,../problems/numeric/counters/vanilla/fz_instance_13.pddl,success,24.32,True,114,1,1,1
MCTS-PW-CROSS-DOMAIN,pw-kmin3-counters-off-1963100312-s2,counters,stage2,off,1963100312,pw_kmin3,20,20726015,COMPLETED,/home/hersco/training_new_domains/2026-08-30/mcts_pw_cross_domain/pw-kmin3-counters-off-1963100312-s2_20726015.out,13,../problems/numeric/counters/vanilla/fz_instance_14.pddl,success,21.12,True,91,1,1,1
MCTS-PW-CROSS-DOMAIN,pw-kmin3-counters-off-1963100312-s2,counters,stage2,off,1963100312,pw_kmin3,20,20726015,COMPLETED,/home/hersco/training_new_domains/2026-08-30/mcts_pw_cross_domain/pw-kmin3-counters-off-1963100312-s2_20726015.out,14,../problems/numeric/counters/vanilla/fz_instance_15.pddl,success,22.63,True,105,1,1,1
MCTS-PW-CROSS-DOMAIN,pw-kmin3-counters-off-1963100312-s2,counters,stage2,off,1963100312,pw_kmin3,20,20726015,COMPLETED,/home/hersco/training_new_domains/2026-08-30/mcts_pw_cross_domain/pw-kmin3-counters-off-1963100312-s2_20726015.out,15,../problems/numeric/counters/vanilla/fz_instance_16.pddl,success,31.13,True,174,1,1,1
MCTS-PW-CROSS-DOMAIN,pw-kmin3-counters-off-1963100312-s2,counters,stage2,off,1963100312,pw_kmin3,20,20726015,COMPLETED,/home/hersco/training_new_domains/2026-08-30/mcts_pw_cross_domain/pw-kmin3-counters-off-1963100312-s2_20726015.out,16,../problems/numeric/counters/vanilla/fz_instance_17.pddl,success,31.37,True,196,1,1,1
MCTS-PW-CROSS-DOMAIN,pw-kmin3-counters-off-1963100312-s2,counters,stage2,off,1963100312,pw_kmin3,20,20726015,COMPLETED,/home/hersco/training_new_domains/2026-08-30/mcts_pw_cross_domain/pw-kmin3-counters-off-1963100312-s2_20726015.out,17,../problems/numeric/counters/vanilla/fz_instance_18.pddl,success,35.58,True,203,1,1,1
MCTS-PW-CROSS-DOMAIN,pw-kmin3-counters-off-1963100312-s2,counters,stage2,off,1963100312,pw_kmin3,20,20726015,COMPLETED,/home/hersco/training_new_domains/2026-08-30/mcts_pw_cross_domain/pw-kmin3-counters-off-1963100312-s2_20726015.out,18,../problems/numeric/counters/vanilla/fz_instance_19.pddl,success,38.6,True,243,1,1,1
MCTS-PW-CROSS-DOMAIN,pw-kmin3-counters-off-1963100312-s2,counters,stage2,off,1963100312,pw_kmin3,20,20726015,COMPLETED,/home/hersco/training_new_domains/2026-08-30/mcts_pw_cross_domain/pw-kmin3-counters-off-1963100312-s2_20726015.out,19,../problems/numeric/counters/vanilla/fz_instance_20.pddl,success,41.86,True,250,1,1,1
MCTS-PW-CROSS-DOMAIN,pw-kmin3-counters-off-1963100312-s2,counters,stage2,off,1963100312,pw_kmin3,20,20726015,COMPLETED,/home/hersco/training_new_domains/2026-08-30/mcts_pw_cross_domain/pw-kmin3-counters-off-1963100312-s2_20726015.out,20,../problems/numeric/counters/vanilla/fz_instance_21.pddl,success,44.6,True,275,1,1,1
MCTS-PW-CROSS-DOMAIN,pw-kmin3-counters-off-1963100312-s2,counters,stage2,off,1963100312,pw_kmin3,20,20726015,COMPLETED,/home/hersco/training_new_domains/2026-08-30/mcts_pw_cross_domain/pw-kmin3-counters-off-1963100312-s2_20726015.out,21,../problems/numeric/counters/vanilla/fz_instance_22.pddl,success,50.12,True,301,1,1,1
MCTS-PW-CROSS-DOMAIN,pw-kmin3-counters-off-1963100312-s2,counters,stage2,off,1963100312,pw_kmin3,20,20726015,COMPLETED,/home/hersco/training_new_domains/2026-08-30/mcts_pw_cross_domain/pw-kmin3-counters-off-1963100312-s2_20726015.out,22,../problems/numeric/counters/vanilla/fz_instance_23.pddl,success,56.87,True,328,1,1,1
MCTS-PW-CROSS-DOMAIN,pw-kmin3-counters-off-1963100312-s2,counters,stage2,off,1963100312,pw_kmin3,20,20726015,COMPLETED,/home/hersco/training_new_domains/2026-08-30/mcts_pw_cross_domain/pw-kmin3-counters-off-1963100312-s2_20726015.out,23,../problems/numeric/counters/vanilla/fz_instance_24.pddl,success,56.37,True,356,1,1,1
MCTS-PW-CROSS-DOMAIN,pw-kmin3-counters-off-1963100312-s2,counters,stage2,off,1963100312,pw_kmin3,20,20726015,COMPLETED,/home/hersco/training_new_domains/2026-08-30/mcts_pw_cross_domain/pw-kmin3-counters-off-1963100312-s2_20726015.out,24,../problems/numeric/counters/vanilla/fz_instance_25.pddl,success,76.99,True,426,1,1,1
MCTS-PW-CROSS-DOMAIN,pw-kmin3-counters-off-1963100312-s2,counters,stage2,off,1963100312,pw_kmin3,20,20726015,COMPLETED,/home/hersco/training_new_domains/2026-08-30/mcts_pw_cross_domain/pw-kmin3-counters-off-1963100312-s2_20726015.out,25,../problems/numeric/counters/vanilla/fz_instance_26.pddl,success,101.03,True,565,1,1,1
MCTS-PW-CROSS-DOMAIN,pw-kmin3-counters-off-1963100312-s2,counters,stage2,off,1963100312,pw_kmin3,20,20726015,COMPLETED,/home/hersco/training_new_domains/2026-08-30/mcts_pw_cross_domain/pw-kmin3-counters-off-1963100312-s2_20726015.out,26,../problems/numeric/counters/vanilla/fz_instance_27.pddl,success,132.36,True,624,1,1,1
MCTS-PW-CROSS-DOMAIN,pw-kmin3-counters-off-1963100312-s2,counters,stage2,off,1963100312,pw_kmin3,20,20726015,COMPLETED,/home/hersco/training_new_domains/2026-08-30/mcts_pw_cross_domain/pw-kmin3-counters-off-1963100312-s2_20726015.out,27,../problems/numeric/counters/vanilla/fz_instance_28.pddl,success,145.28,True,723,1,1,1
MCTS-PW-CROSS-DOMAIN,pw-kmin3-counters-off-1963100312-s2,counters,stage2,off,1963100312,pw_kmin3,20,20726015,COMPLETED,/home/hersco/training_new_domains/2026-08-30/mcts_pw_cross_domain/pw-kmin3-counters-off-1963100312-s2_20726015.out,28,../problems/numeric/counters/vanilla/fz_instance_29.pddl,success,162.12,True,790,1,1,1
MCTS-PW-CROSS-DOMAIN,pw-kmin3-counters-off-1963100312-s2,counters,stage2,off,1963100312,pw_kmin3,20,20726015,COMPLETED,/home/hersco/training_new_domains/2026-08-30/mcts_pw_cross_domain/pw-kmin3-counters-off-1963100312-s2_20726015.out,29,../problems/numeric/counters/vanilla/fz_instance_30.pddl,success,211.43,True,835,1,1,1
MCTS-PW-CROSS-DOMAIN,pw-kmin3-counters-off-1963100312-s2,counters,stage2,off,1963100312,pw_kmin3,20,20726015,COMPLETED,/home/hersco/training_new_domains/2026-08-30/mcts_pw_cross_domain/pw-kmin3-counters-off-1963100312-s2_20726015.out,30,../problems/numeric/counters/vanilla/fz_instance_31.pddl,success,226.36,True,881,1,1,1
MCTS-PW-CROSS-DOMAIN,pw-kmin3-counters-off-1963100312-s2,counters,stage2,off,1963100312,pw_kmin3,20,20726015,COMPLETED,/home/hersco/training_new_domains/2026-08-30/mcts_pw_cross_domain/pw-kmin3-counters-off-1963100312-s2_20726015.out,31,../problems/numeric/counters/vanilla/fz_instance_32.pddl,success,280.91,True,955,1,1,1
MCTS-PW-CROSS-DOMAIN,pw-kmin3-counters-off-1963100312-s2,counters,stage2,off,1963100312,pw_kmin3,20,20726015,COMPLETED,/home/hersco/training_new_domains/2026-08-30/mcts_pw_cross_domain/pw-kmin3-counters-off-1963100312-s2_20726015.out,32,../problems/numeric/counters/vanilla/fz_instance_33.pddl,success,334.96,True,1004,1,1,1
MCTS-PW-CROSS-DOMAIN,pw-kmin3-counters-off-1963100312-s2,counters,stage2,off,1963100312,pw_kmin3,20,20726015,COMPLETED,/home/hersco/training_new_domains/2026-08-30/mcts_pw_cross_domain/pw-kmin3-counters-off-1963100312-s2_20726015.out,33,../problems/numeric/counters/vanilla/fz_instance_34.pddl,success,337.67,True,1054,1,1,1
MCTS-PW-CROSS-DOMAIN,pw-kmin3-counters-off-1963100312-s2,counters,stage2,off,1963100312,pw_kmin3,20,20726015,COMPLETED,/home/hersco/training_new_domains/2026-08-30/mcts_pw_cross_domain/pw-kmin3-counters-off-1963100312-s2_20726015.out,34,../problems/numeric/counters/vanilla/fz_instance_35.pddl,success,384.2,True,1105,1,1,1
MCTS-PW-CROSS-DOMAIN,pw-kmin3-counters-off-1963100312-s2,counters,stage2,off,1963100312,pw_kmin3,20,20726015,COMPLETED,/home/hersco/training_new_domains/2026-08-30/mcts_pw_cross_domain/pw-kmin3-counters-off-1963100312-s2_20726015.out,35,../problems/numeric/counters/vanilla/fz_instance_36.pddl,success,384.9,True,1157,1,1,1
MCTS-PW-CROSS-DOMAIN,pw-kmin3-counters-off-1963100312-s2,counters,stage2,off,1963100312,pw_kmin3,20,20726015,COMPLETED,/home/hersco/training_new_domains/2026-08-30/mcts_pw_cross_domain/pw-kmin3-counters-off-1963100312-s2_20726015.out,36,../problems/numeric/counters/vanilla/fz_instance_37.pddl,success,437.58,True,1242,1,1,1
MCTS-PW-CROSS-DOMAIN,pw-kmin3-counters-off-1963100312-s2,counters,stage2,off,1963100312,pw_kmin3,20,20726015,COMPLETED,/home/hersco/training_new_domains/2026-08-30/mcts_pw_cross_domain/pw-kmin3-counters-off-1963100312-s2_20726015.out,37,../problems/numeric/counters/vanilla/fz_instance_38.pddl,success,506.83,True,1297,1,1,1
MCTS-PW-CROSS-DOMAIN,pw-kmin3-counters-off-1963100312-s2,counters,stage2,off,1963100312,pw_kmin3,20,20726015,COMPLETED,/home/hersco/training_new_domains/2026-08-30/mcts_pw_cross_domain/pw-kmin3-counters-off-1963100312-s2_20726015.out,38,../problems/numeric/counters/vanilla/fz_instance_39.pddl,success,491.52,True,1353,1,1,1
MCTS-PW-CROSS-DOMAIN,pw-kmin3-counters-off-1963100312-s2,counters,stage2,off,1963100312,pw_kmin3,20,20726015,COMPLETED,/home/hersco/training_new_domains/2026-08-30/mcts_pw_cross_domain/pw-kmin3-counters-off-1963100312-s2_20726015.out,39,../problems/numeric/counters/vanilla/fz_instance_40.pddl,success,633.13,True,1410,1,1,1
MCTS-PW-CROSS-DOMAIN,pw-kmin3-counters-off-1963100312-s2,counters,stage2,off,1963100312,pw_kmin3,20,20726015,COMPLETED,/home/hersco/training_new_domains/2026-08-30/mcts_pw_cross_domain/pw-kmin3-counters-off-1963100312-s2_20726015.out,40,../problems/numeric/counters/vanilla/fz_instance_41.pddl,success,721.97,True,1468,1,1,1
MCTS-PW-CROSS-DOMAIN,pw-kmin3-counters-off-1963100312-s2,counters,stage2,off,1963100312,pw_kmin3,20,20726015,COMPLETED,/home/hersco/training_new_domains/2026-08-30/mcts_pw_cross_domain/pw-kmin3-counters-off-1963100312-s2_20726015.out,41,../problems/numeric/counters/vanilla/fz_instance_42.pddl,success,634.05,True,1527,1,1,1
MCTS-PW-CROSS-DOMAIN,pw-kmin3-counters-off-1963100312-s2,counters,stage2,off,1963100312,pw_kmin3,20,20726015,COMPLETED,/home/hersco/training_new_domains/2026-08-30/mcts_pw_cross_domain/pw-kmin3-counters-off-1963100312-s2_20726015.out,42,../problems/numeric/counters/vanilla/fz_instance_43.pddl,success,729.43,True,1587,1,1,1
MCTS-PW-CROSS-DOMAIN,pw-kmin3-counters-off-1963100312-s2,counters,stage2,off,1963100312,pw_kmin3,20,20726015,COMPLETED,/home/hersco/training_new_domains/2026-08-30/mcts_pw_cross_domain/pw-kmin3-counters-off-1963100312-s2_20726015.out,43,../problems/numeric/counters/vanilla/fz_instance_44.pddl,success,720.22,True,1648,1,1,1
MCTS-PW-CROSS-DOMAIN,pw-kmin3-counters-off-1963100312-s2,counters,stage2,off,1963100312,pw_kmin3,20,20726015,COMPLETED,/home/hersco/training_new_domains/2026-08-30/mcts_pw_cross_domain/pw-kmin3-counters-off-1963100312-s2_20726015.out,44,../problems/numeric/counters/vanilla/fz_instance_45.pddl,success,822.35,True,1710,1,1,1
MCTS-PW-CROSS-DOMAIN,pw-kmin3-counters-off-1963100312-s2,counters,stage2,off,1963100312,pw_kmin3,20,20726015,COMPLETED,/home/hersco/training_new_domains/2026-08-30/mcts_pw_cross_domain/pw-kmin3-counters-off-1963100312-s2_20726015.out,45,../problems/numeric/counters/vanilla/fz_instance_46.pddl,success,929.68,True,1773,1,1,1
MCTS-PW-CROSS-DOMAIN,pw-kmin3-counters-off-1963100312-s2,counters,stage2,off,1963100312,pw_kmin3,20,20726015,COMPLETED,/home/hersco/training_new_domains/2026-08-30/mcts_pw_cross_domain/pw-kmin3-counters-off-1963100312-s2_20726015.out,46,../problems/numeric/counters/vanilla/fz_instance_47.pddl,success,1028.42,True,1837,1,1,1
MCTS-PW-CROSS-DOMAIN,pw-kmin3-counters-off-1963100312-s2,counters,stage2,off,1963100312,pw_kmin3,20,20726015,COMPLETED,/home/hersco/training_new_domains/2026-08-30/mcts_pw_cross_domain/pw-kmin3-counters-off-1963100312-s2_20726015.out,47,../problems/numeric/counters/vanilla/fz_instance_48.pddl,success,1057.66,True,1902,1,1,1
MCTS-PW-CROSS-DOMAIN,pw-kmin3-counters-off-1963100312-s2,counters,stage2,off,1963100312,pw_kmin3,20,20726015,COMPLETED,/home/hersco/training_new_domains/2026-08-30/mcts_pw_cross_domain/pw-kmin3-counters-off-1963100312-s2_20726015.out,48,../problems/numeric/counters/vanilla/fz_instance_49.pddl,success,1185.38,True,1968,1,1,1
MCTS-PW-CROSS-DOMAIN,pw-kmin3-counters-off-1963100312-s2,counters,stage2,off,1963100312,pw_kmin3,20,20726015,COMPLETED,/home/hersco/training_new_domains/2026-08-30/mcts_pw_cross_domain/pw-kmin3-counters-off-1963100312-s2_20726015.out,49,../problems/numeric/counters/vanilla/fz_instance_50.pddl,success,1485.64,True,2035,1,1,1
MCTS-PW-CROSS-DOMAIN,pw-kmin3-counters-off-1963100312-s2,counters,stage2,off,1963100312,pw_kmin3,20,20726015,COMPLETED,/home/hersco/training_new_domains/2026-08-30/mcts_pw_cross_domain/pw-kmin3-counters-off-1963100312-s2_20726015.out,50,../problems/numeric/counters/vanilla/fz_instance_51.pddl,success,1663.65,True,2103,1,1,1
MCTS-PW-CROSS-DOMAIN,pw-kmin3-counters-off-1963100312-s2,counters,stage2,off,1963100312,pw_kmin3,20,20726015,COMPLETED,/home/hersco/training_new_domains/2026-08-30/mcts_pw_cross_domain/pw-kmin3-counters-off-1963100312-s2_20726015.out,51,../problems/numeric/counters/vanilla/fz_instance_52.pddl,success,1655.22,True,2172,1,1,1
MCTS-PW-CROSS-DOMAIN,pw-kmin3-counters-off-1963100312-s2,counters,stage2,off,1963100312,pw_kmin3,20,20726015,COMPLETED,/home/hersco/training_new_domains/2026-08-30/mcts_pw_cross_domain/pw-kmin3-counters-off-1963100312-s2_20726015.out,52,../problems/numeric/counters/vanilla/fz_instance_53.pddl,success,1702.53,True,2242,1,1,1
MCTS-PW-CROSS-DOMAIN,pw-kmin3-counters-off-1963100312-s2,counters,stage2,off,1963100312,pw_kmin3,20,20726015,COMPLETED,/home/hersco/training_new_domains/2026-08-30/mcts_pw_cross_domain/pw-kmin3-counters-off-1963100312-s2_20726015.out,53,../problems/numeric/counters/vanilla/fz_instance_54.pddl,success,1806.05,True,2313,0,1,1
MCTS-PW-CROSS-DOMAIN,pw-kmin3-counters-off-1963100312-s2,counters,stage2,off,1963100312,pw_kmin3,20,20726015,COMPLETED,/home/hersco/training_new_domains/2026-08-30/mcts_pw_cross_domain/pw-kmin3-counters-off-1963100312-s2_20726015.out,54,../problems/numeric/counters/vanilla/fz_instance_55.pddl,success,2184.12,True,2491,0,1,1
MCTS-PW-CROSS-DOMAIN,pw-kmin3-counters-off-1963100312-s2,counters,stage2,off,1963100312,pw_kmin3,20,20726015,COMPLETED,/home/hersco/training_new_domains/2026-08-30/mcts_pw_cross_domain/pw-kmin3-counters-off-1963100312-s2_20726015.out,55,../problems/numeric/counters/vanilla/fz_instance_56.pddl,success,2219.28,True,2509,0,1,1
MCTS-PW-CROSS-DOMAIN,pw-kmin3-counters-off-1963100312-s2,counters,stage2,off,1963100312,pw_kmin3,20,20726015,COMPLETED,/home/hersco/training_new_domains/2026-08-30/mcts_pw_cross_domain/pw-kmin3-counters-off-1963100312-s2_20726015.out,56,../problems/numeric/counters/vanilla/fz_instance_57.pddl,success,2857.19,True,2656,0,1,1
MCTS-PW-CROSS-DOMAIN,pw-kmin3-counters-off-1963100312-s2,counters,stage2,off,1963100312,pw_kmin3,20,20726015,COMPLETED,/home/hersco/training_new_domains/2026-08-30/mcts_pw_cross_domain/pw-kmin3-counters-off-1963100312-s2_20726015.out,57,../problems/numeric/counters/vanilla/fz_instance_58.pddl,success,3131.05,True,2723,0,1,1
MCTS-PW-CROSS-DOMAIN,pw-kmin3-counters-off-1963100312-s2,counters,stage2,off,1963100312,pw_kmin3,20,20726015,COMPLETED,/home/hersco/training_new_domains/2026-08-30/mcts_pw_cross_domain/pw-kmin3-counters-off-1963100312-s2_20726015.out,58,../problems/numeric/counters/vanilla/fz_instance_59.pddl,success,3193.03,True,2763,0,1,1
MCTS-PW-CROSS-DOMAIN,pw-kmin3-counters-off-1963100312-s2,counters,stage2,off,1963100312,pw_kmin3,20,20726015,COMPLETED,/home/hersco/training_new_domains/2026-08-30/mcts_pw_cross_domain/pw-kmin3-counters-off-1963100312-s2_20726015.out,59,../problems/numeric/counters/vanilla/fz_instance_60.pddl,success,2922.67,True,2882,0,1,1
MCTS-PW-CROSS-DOMAIN,pw-kmin3-counters-on-2011206605-s1,counters,stage1,on,2011206605,pw_kmin3,20,20726020,COMPLETED,/home/hersco/training_new_domains/2026-08-30/mcts_pw_cross_domain/pw-kmin3-counters-on-2011206605-s1_20726020.out,1,../problems/numeric/counters/vanilla/fz_instance_2.pddl,success,6.53,True,1,1,1,1
MCTS-PW-CROSS-DOMAIN,pw-kmin3-counters-on-2011206605-s1,counters,stage1,on,2011206605,pw_kmin3,20,20726020,COMPLETED,/home/hersco/training_new_domains/2026-08-30/mcts_pw_cross_domain/pw-kmin3-counters-on-2011206605-s1_20726020.out,2,../problems/numeric/counters/vanilla/fz_instance_3.pddl,success,8.55,True,3,1,1,1
MCTS-PW-CROSS-DOMAIN,pw-kmin3-counters-on-2011206605-s1,counters,stage1,on,2011206605,pw_kmin3,20,20726020,COMPLETED,/home/hersco/training_new_domains/2026-08-30/mcts_pw_cross_domain/pw-kmin3-counters-on-2011206605-s1_20726020.out,3,../problems/numeric/counters/vanilla/fz_instance_4.pddl,success,8.28,True,6,1,1,1
MCTS-PW-CROSS-DOMAIN,pw-kmin3-counters-on-2011206605-s1,counters,stage1,on,2011206605,pw_kmin3,20,20726020,COMPLETED,/home/hersco/training_new_domains/2026-08-30/mcts_pw_cross_domain/pw-kmin3-counters-on-2011206605-s1_20726020.out,4,../problems/numeric/counters/vanilla/fz_instance_5.pddl,success,8.79,True,10,1,1,1
MCTS-PW-CROSS-DOMAIN,pw-kmin3-counters-on-2011206605-s1,counters,stage1,on,2011206605,pw_kmin3,20,20726020,COMPLETED,/home/hersco/training_new_domains/2026-08-30/mcts_pw_cross_domain/pw-kmin3-counters-on-2011206605-s1_20726020.out,5,../problems/numeric/counters/vanilla/fz_instance_6.pddl,success,10.55,True,15,1,1,1
MCTS-PW-CROSS-DOMAIN,pw-kmin3-counters-on-2011206605-s1,counters,stage1,on,2011206605,pw_kmin3,20,20726020,COMPLETED,/home/hersco/training_new_domains/2026-08-30/mcts_pw_cross_domain/pw-kmin3-counters-on-2011206605-s1_20726020.out,6,../problems/numeric/counters/vanilla/fz_instance_7.pddl,success,12.3,True,21,1,1,1
MCTS-PW-CROSS-DOMAIN,pw-kmin3-counters-on-2011206605-s1,counters,stage1,on,2011206605,pw_kmin3,20,20726020,COMPLETED,/home/hersco/training_new_domains/2026-08-30/mcts_pw_cross_domain/pw-kmin3-counters-on-2011206605-s1_20726020.out,7,../problems/numeric/counters/vanilla/fz_instance_8.pddl,success,13.05,True,28,1,1,1
MCTS-PW-CROSS-DOMAIN,pw-kmin3-counters-on-2011206605-s1,counters,stage1,on,2011206605,pw_kmin3,20,20726020,COMPLETED,/home/hersco/training_new_domains/2026-08-30/mcts_pw_cross_domain/pw-kmin3-counters-on-2011206605-s1_20726020.out,8,../problems/numeric/counters/vanilla/fz_instance_9.pddl,success,15.81,True,46,1,1,1
MCTS-PW-CROSS-DOMAIN,pw-kmin3-counters-on-2011206605-s1,counters,stage1,on,2011206605,pw_kmin3,20,20726020,COMPLETED,/home/hersco/training_new_domains/2026-08-30/mcts_pw_cross_domain/pw-kmin3-counters-on-2011206605-s1_20726020.out,9,../problems/numeric/counters/vanilla/fz_instance_10.pddl,success,17.57,True,69,1,1,1
MCTS-PW-CROSS-DOMAIN,pw-kmin3-counters-on-2011206605-s1,counters,stage1,on,2011206605,pw_kmin3,20,20726020,COMPLETED,/home/hersco/training_new_domains/2026-08-30/mcts_pw_cross_domain/pw-kmin3-counters-on-2011206605-s1_20726020.out,10,../problems/numeric/counters/vanilla/fz_instance_11.pddl,success,51.67,True,487,1,1,1
MCTS-PW-CROSS-DOMAIN,pw-kmin3-counters-on-2011206605-s1,counters,stage1,on,2011206605,pw_kmin3,20,20726020,COMPLETED,/home/hersco/training_new_domains/2026-08-30/mcts_pw_cross_domain/pw-kmin3-counters-on-2011206605-s1_20726020.out,11,../problems/numeric/counters/vanilla/fz_instance_12.pddl,success,276.31,True,3154,1,1,1
MCTS-PW-CROSS-DOMAIN,pw-kmin3-counters-on-2011206605-s1,counters,stage1,on,2011206605,pw_kmin3,20,20726020,COMPLETED,/home/hersco/training_new_domains/2026-08-30/mcts_pw_cross_domain/pw-kmin3-counters-on-2011206605-s1_20726020.out,12,../problems/numeric/counters/vanilla/fz_instance_13.pddl,success,338.9,True,3902,1,1,1
MCTS-PW-CROSS-DOMAIN,pw-kmin3-counters-on-2011206605-s1,counters,stage1,on,2011206605,pw_kmin3,20,20726020,COMPLETED,/home/hersco/training_new_domains/2026-08-30/mcts_pw_cross_domain/pw-kmin3-counters-on-2011206605-s1_20726020.out,13,../problems/numeric/counters/vanilla/fz_instance_14.pddl,success,728.56,True,6999,1,1,1
MCTS-PW-CROSS-DOMAIN,pw-kmin3-counters-on-2011206605-s1,counters,stage1,on,2011206605,pw_kmin3,20,20726020,COMPLETED,/home/hersco/training_new_domains/2026-08-30/mcts_pw_cross_domain/pw-kmin3-counters-on-2011206605-s1_20726020.out,14,../problems/numeric/counters/vanilla/fz_instance_15.pddl,unsolved,1543.55,False,10000,0,0,0
MCTS-PW-CROSS-DOMAIN,pw-kmin3-counters-on-2011206605-s1,counters,stage1,on,2011206605,pw_kmin3,20,20726020,COMPLETED,/home/hersco/training_new_domains/2026-08-30/mcts_pw_cross_domain/pw-kmin3-counters-on-2011206605-s1_20726020.out,15,../problems/numeric/counters/vanilla/fz_instance_16.pddl,unsolved,1653.56,False,10000,0,0,0
MCTS-PW-CROSS-DOMAIN,pw-kmin3-counters-on-2011206605-s1,counters,stage1,on,2011206605,pw_kmin3,20,20726020,COMPLETED,/home/hersco/training_new_domains/2026-08-30/mcts_pw_cross_domain/pw-kmin3-counters-on-2011206605-s1_20726020.out,16,../problems/numeric/counters/vanilla/fz_instance_17.pddl,unsolved,1732.04,False,10000,0,0,0
MCTS-PW-CROSS-DOMAIN,pw-kmin3-counters-on-2011206605-s1,counters,stage1,on,2011206605,pw_kmin3,20,20726020,COMPLETED,/home/hersco/training_new_domains/2026-08-30/mcts_pw_cross_domain/pw-kmin3-counters-on-2011206605-s1_20726020.out,17,../problems/numeric/counters/vanilla/fz_instance_18.pddl,unsolved,1538.86,False,10000,0,0,0
MCTS-PW-CROSS-DOMAIN,pw-kmin3-counters-on-2011206605-s1,counters,stage1,on,2011206605,pw_kmin3,20,20726020,COMPLETED,/home/hersco/training_new_domains/2026-08-30/mcts_pw_cross_domain/pw-kmin3-counters-on-2011206605-s1_20726020.out,18,../problems/numeric/counters/vanilla/fz_instance_19.pddl,unsolved,1580.86,False,10000,0,0,0
MCTS-PW-CROSS-DOMAIN,pw-kmin3-counters-on-2011206605-s1,counters,stage1,on,2011206605,pw_kmin3,20,20726020,COMPLETED,/home/hersco/training_new_domains/2026-08-30/mcts_pw_cross_domain/pw-kmin3-counters-on-2011206605-s1_20726020.out,19,../problems/numeric/counters/vanilla/fz_instance_20.pddl,unsolved,1718.03,False,10000,0,0,0
MCTS-PW-CROSS-DOMAIN,pw-kmin3-counters-on-2011206605-s1,counters,stage1,on,2011206605,pw_kmin3,20,20726020,COMPLETED,/home/hersco/training_new_domains/2026-08-30/mcts_pw_cross_domain/pw-kmin3-counters-on-2011206605-s1_20726020.out,20,../problems/numeric/counters/vanilla/fz_instance_21.pddl,unsolved,1817.9,False,10000,0,0,0
MCTS-PW-CROSS-DOMAIN,pw-kmin3-counters-on-2011206605-s1,counters,stage1,on,2011206605,pw_kmin3,20,20726020,COMPLETED,/home/hersco/training_new_domains/2026-08-30/mcts_pw_cross_domain/pw-kmin3-counters-on-2011206605-s1_20726020.out,21,../problems/numeric/counters/vanilla/fz_instance_22.pddl,unsolved,2117.08,False,10000,0,0,0
MCTS-PW-CROSS-DOMAIN,pw-kmin3-counters-on-2011206605-s1,counters,stage1,on,2011206605,pw_kmin3,20,20726020,COMPLETED,/home/hersco/training_new_domains/2026-08-30/mcts_pw_cross_domain/pw-kmin3-counters-on-2011206605-s1_20726020.out,22,../problems/numeric/counters/vanilla/fz_instance_23.pddl,unsolved,1869.49,False,10000,0,0,0
MCTS-PW-CROSS-DOMAIN,pw-kmin3-counters-on-2011206605-s1,counters,stage1,on,2011206605,pw_kmin3,20,20726020,COMPLETED,/home/hersco/training_new_domains/2026-08-30/mcts_pw_cross_domain/pw-kmin3-counters-on-2011206605-s1_20726020.out,23,../problems/numeric/counters/vanilla/fz_instance_24.pddl,unsolved,2196.21,False,10000,0,0,0
MCTS-PW-CROSS-DOMAIN,pw-kmin3-counters-on-2011206605-s1,counters,stage1,on,2011206605,pw_kmin3,20,20726020,COMPLETED,/home/hersco/training_new_domains/2026-08-30/mcts_pw_cross_domain/pw-kmin3-counters-on-2011206605-s1_20726020.out,24,../problems/numeric/counters/vanilla/fz_instance_25.pddl,unsolved,2279.28,False,10000,0,0,0
MCTS-PW-CROSS-DOMAIN,pw-kmin3-counters-on-2011206605-s1,counters,stage1,on,2011206605,pw_kmin3,20,20726020,COMPLETED,/home/hersco/training_new_domains/2026-08-30/mcts_pw_cross_domain/pw-kmin3-counters-on-2011206605-s1_20726020.out,25,../problems/numeric/counters/vanilla/fz_instance_26.pddl,unsolved,2141.39,False,10000,0,0,0
MCTS-PW-CROSS-DOMAIN,pw-kmin3-counters-on-2011206605-s1,counters,stage1,on,2011206605,pw_kmin3,20,20726020,COMPLETED,/home/hersco/training_new_domains/2026-08-30/mcts_pw_cross_domain/pw-kmin3-counters-on-2011206605-s1_20726020.out,26,../problems/numeric/counters/vanilla/fz_instance_27.pddl,unsolved,2277.4,False,10000,0,0,0
MCTS-PW-CROSS-DOMAIN,pw-kmin3-counters-on-2011206605-s1,counters,stage1,on,2011206605,pw_kmin3,20,20726020,COMPLETED,/home/hersco/training_new_domains/2026-08-30/mcts_pw_cross_domain/pw-kmin3-counters-on-2011206605-s1_20726020.out,27,../problems/numeric/counters/vanilla/fz_instance_28.pddl,unsolved,2315.2,False,10000,0,0,0
MCTS-PW-CROSS-DOMAIN,pw-kmin3-counters-on-2011206605-s1,counters,stage1,on,2011206605,pw_kmin3,20,20726020,COMPLETED,/home/hersco/training_new_domains/2026-08-30/mcts_pw_cross_domain/pw-kmin3-counters-on-2011206605-s1_20726020.out,28,../problems/numeric/counters/vanilla/fz_instance_29.pddl,unsolved,2632.81,False,10000,0,0,0
MCTS-PW-CROSS-DOMAIN,pw-kmin3-counters-on-2011206605-s1,counters,stage1,on,2011206605,pw_kmin3,20,20726020,COMPLETED,/home/hersco/training_new_domains/2026-08-30/mcts_pw_cross_domain/pw-kmin3-counters-on-2011206605-s1_20726020.out,29,../problems/numeric/counters/vanilla/fz_instance_30.pddl,unsolved,2887.66,False,10000,0,0,0
MCTS-PW-CROSS-DOMAIN,pw-kmin3-counters-on-2011206605-s1,counters,stage1,on,2011206605,pw_kmin3,20,20726020,COMPLETED,/home/hersco/training_new_domains/2026-08-30/mcts_pw_cross_domain/pw-kmin3-counters-on-2011206605-s1_20726020.out,30,../problems/numeric/counters/vanilla/fz_instance_31.pddl,unsolved,2758.42,False,10000,0,0,0
MCTS-PW-CROSS-DOMAIN,pw-kmin3-counters-on-2011206605-s1,counters,stage1,on,2011206605,pw_kmin3,20,20726020,COMPLETED,/home/hersco/training_new_domains/2026-08-30/mcts_pw_cross_domain/pw-kmin3-counters-on-2011206605-s1_20726020.out,31,../problems/numeric/counters/vanilla/fz_instance_32.pddl,unsolved,3568.56,False,10000,0,0,0
MCTS-PW-CROSS-DOMAIN,pw-kmin3-counters-on-2011206605-s1,counters,stage1,on,2011206605,pw_kmin3,20,20726020,COMPLETED,/home/hersco/training_new_domains/2026-08-30/mcts_pw_cross_domain/pw-kmin3-counters-on-2011206605-s1_20726020.out,32,../problems/numeric/counters/vanilla/fz_instance_33.pddl,unsolved,3524.1,False,10000,0,0,0
MCTS-PW-CROSS-DOMAIN,pw-kmin3-counters-on-2011206605-s1,counters,stage1,on,2011206605,pw_kmin3,20,20726020,COMPLETED,/home/hersco/training_new_domains/2026-08-30/mcts_pw_cross_domain/pw-kmin3-counters-on-2011206605-s1_20726020.out,33,../problems/numeric/counters/vanilla/fz_instance_34.pddl,unsolved,3432.25,False,10000,0,0,0
MCTS-PW-CROSS-DOMAIN,pw-kmin3-counters-on-2011206605-s1,counters,stage1,on,2011206605,pw_kmin3,20,20726020,COMPLETED,/home/hersco/training_new_domains/2026-08-30/mcts_pw_cross_domain/pw-kmin3-counters-on-2011206605-s1_20726020.out,34,../problems/numeric/counters/vanilla/fz_instance_35.pddl,unsolved,3425.92,False,10000,0,0,0
MCTS-PW-CROSS-DOMAIN,pw-kmin3-counters-on-2011206605-s1,counters,stage1,on,2011206605,pw_kmin3,20,20726020,COMPLETED,/home/hersco/training_new_domains/2026-08-30/mcts_pw_cross_domain/pw-kmin3-counters-on-2011206605-s1_20726020.out,35,../problems/numeric/counters/vanilla/fz_instance_36.pddl,unsolved,3305.39,False,10000,0,0,0
MCTS-PW-CROSS-DOMAIN,pw-kmin3-counters-on-2011206605-s1,counters,stage1,on,2011206605,pw_kmin3,20,20726020,COMPLETED,/home/hersco/training_new_domains/2026-08-30/mcts_pw_cross_domain/pw-kmin3-counters-on-2011206605-s1_20726020.out,36,../problems/numeric/counters/vanilla/fz_instance_37.pddl,unsolved,3116.38,False,10000,0,0,0
MCTS-PW-CROSS-DOMAIN,pw-kmin3-counters-on-2011206605-s1,counters,stage1,on,2011206605,pw_kmin3,20,20726020,COMPLETED,/home/hersco/training_new_domains/2026-08-30/mcts_pw_cross_domain/pw-kmin3-counters-on-2011206605-s1_20726020.out,37,../problems/numeric/counters/vanilla/fz_instance_38.pddl,unsolved,3964.29,False,10000,0,0,0
MCTS-PW-CROSS-DOMAIN,pw-kmin3-counters-on-2011206605-s1,counters,stage1,on,2011206605,pw_kmin3,20,20726020,COMPLETED,/home/hersco/training_new_domains/2026-08-30/mcts_pw_cross_domain/pw-kmin3-counters-on-2011206605-s1_20726020.out,38,../problems/numeric/counters/vanilla/fz_instance_39.pddl,unsolved,3334.08,False,10000,0,0,0
MCTS-PW-CROSS-DOMAIN,pw-kmin3-counters-on-2011206605-s1,counters,stage1,on,2011206605,pw_kmin3,20,20726020,COMPLETED,/home/hersco/training_new_domains/2026-08-30/mcts_pw_cross_domain/pw-kmin3-counters-on-2011206605-s1_20726020.out,39,../problems/numeric/counters/vanilla/fz_instance_40.pddl,unsolved,4666.17,False,10000,0,0,0
MCTS-PW-CROSS-DOMAIN,pw-kmin3-counters-on-2011206605-s1,counters,stage1,on,2011206605,pw_kmin3,20,20726020,COMPLETED,/home/hersco/training_new_domains/2026-08-30/mcts_pw_cross_domain/pw-kmin3-counters-on-2011206605-s1_20726020.out,40,../problems/numeric/counters/vanilla/fz_instance_41.pddl,unsolved,4677.45,False,10000,0,0,0
MCTS-PW-CROSS-DOMAIN,pw-kmin3-counters-on-2011206605-s1,counters,stage1,on,2011206605,pw_kmin3,20,20726020,COMPLETED,/home/hersco/training_new_domains/2026-08-30/mcts_pw_cross_domain/pw-kmin3-counters-on-2011206605-s1_20726020.out,41,../problems/numeric/counters/vanilla/fz_instance_42.pddl,unsolved,3906.84,False,10000,0,0,0
MCTS-PW-CROSS-DOMAIN,pw-kmin3-counters-on-2011206605-s1,counters,stage1,on,2011206605,pw_kmin3,20,20726020,COMPLETED,/home/hersco/training_new_domains/2026-08-30/mcts_pw_cross_domain/pw-kmin3-counters-on-2011206605-s1_20726020.out,42,../problems/numeric/counters/vanilla/fz_instance_43.pddl,unsolved,4634.19,False,10000,0,0,0
MCTS-PW-CROSS-DOMAIN,pw-kmin3-counters-on-2011206605-s1,counters,stage1,on,2011206605,pw_kmin3,20,20726020,COMPLETED,/home/hersco/training_new_domains/2026-08-30/mcts_pw_cross_domain/pw-kmin3-counters-on-2011206605-s1_20726020.out,43,../problems/numeric/counters/vanilla/fz_instance_44.pddl,unsolved,4366.25,False,10000,0,0,0
MCTS-PW-CROSS-DOMAIN,pw-kmin3-counters-on-2011206605-s1,counters,stage1,on,2011206605,pw_kmin3,20,20726020,COMPLETED,/home/hersco/training_new_domains/2026-08-30/mcts_pw_cross_domain/pw-kmin3-counters-on-2011206605-s1_20726020.out,44,../problems/numeric/counters/vanilla/fz_instance_45.pddl,unsolved,4181.82,False,10000,0,0,0
MCTS-PW-CROSS-DOMAIN,pw-kmin3-counters-on-2011206605-s1,counters,stage1,on,2011206605,pw_kmin3,20,20726020,COMPLETED,/home/hersco/training_new_domains/2026-08-30/mcts_pw_cross_domain/pw-kmin3-counters-on-2011206605-s1_20726020.out,45,../problems/numeric/counters/vanilla/fz_instance_46.pddl,unsolved,5336.27,False,10000,0,0,0
MCTS-PW-CROSS-DOMAIN,pw-kmin3-counters-on-2011206605-s1,counters,stage1,on,2011206605,pw_kmin3,20,20726020,COMPLETED,/home/hersco/training_new_domains/2026-08-30/mcts_pw_cross_domain/pw-kmin3-counters-on-2011206605-s1_20726020.out,46,../problems/numeric/counters/vanilla/fz_instance_47.pddl,unsolved,5358.67,False,10000,0,0,0
MCTS-PW-CROSS-DOMAIN,pw-kmin3-counters-on-2011206605-s1,counters,stage1,on,2011206605,pw_kmin3,20,20726020,COMPLETED,/home/hersco/training_new_domains/2026-08-30/mcts_pw_cross_domain/pw-kmin3-counters-on-2011206605-s1_20726020.out,47,../problems/numeric/counters/vanilla/fz_instance_48.pddl,unsolved,5406.2,False,10000,0,0,0
MCTS-PW-CROSS-DOMAIN,pw-kmin3-counters-on-2011206605-s1,counters,stage1,on,2011206605,pw_kmin3,20,20726020,COMPLETED,/home/hersco/training_new_domains/2026-08-30/mcts_pw_cross_domain/pw-kmin3-counters-on-2011206605-s1_20726020.out,48,../problems/numeric/counters/vanilla/fz_instance_49.pddl,unsolved,5661.49,False,10000,0,0,0
MCTS-PW-CROSS-DOMAIN,pw-kmin3-counters-on-2011206605-s1,counters,stage1,on,2011206605,pw_kmin3,20,20726020,COMPLETED,/home/hersco/training_new_domains/2026-08-30/mcts_pw_cross_domain/pw-kmin3-counters-on-2011206605-s1_20726020.out,49,../problems/numeric/counters/vanilla/fz_instance_50.pddl,unsolved,5955.62,False,10000,0,0,0
MCTS-PW-CROSS-DOMAIN,pw-kmin3-counters-on-2011206605-s1,counters,stage1,on,2011206605,pw_kmin3,20,20726020,COMPLETED,/home/hersco/training_new_domains/2026-08-30/mcts_pw_cross_domain/pw-kmin3-counters-on-2011206605-s1_20726020.out,50,../problems/numeric/counters/vanilla/fz_instance_51.pddl,unsolved,6403.38,False,10000,0,0,0
MCTS-PW-CROSS-DOMAIN,pw-kmin3-counters-on-2011206605-s1,counters,stage1,on,2011206605,pw_kmin3,20,20726020,COMPLETED,/home/hersco/training_new_domains/2026-08-30/mcts_pw_cross_domain/pw-kmin3-counters-on-2011206605-s1_20726020.out,51,../problems/numeric/counters/vanilla/fz_instance_52.pddl,unsolved,6131.34,False,10000,0,0,0
MCTS-PW-CROSS-DOMAIN,pw-kmin3-counters-on-2011206605-s1,counters,stage1,on,2011206605,pw_kmin3,20,20726020,COMPLETED,/home/hersco/training_new_domains/2026-08-30/mcts_pw_cross_domain/pw-kmin3-counters-on-2011206605-s1_20726020.out,52,../problems/numeric/counters/vanilla/fz_instance_53.pddl,unsolved,5609.27,False,10000,0,0,0
MCTS-PW-CROSS-DOMAIN,pw-kmin3-counters-on-2011206605-s1,counters,stage1,on,2011206605,pw_kmin3,20,20726020,COMPLETED,/home/hersco/training_new_domains/2026-08-30/mcts_pw_cross_domain/pw-kmin3-counters-on-2011206605-s1_20726020.out,53,../problems/numeric/counters/vanilla/fz_instance_54.pddl,unsolved,6079.22,False,10000,0,0,0
MCTS-PW-CROSS-DOMAIN,pw-kmin3-counters-on-2011206605-s1,counters,stage1,on,2011206605,pw_kmin3,20,20726020,COMPLETED,/home/hersco/training_new_domains/2026-08-30/mcts_pw_cross_domain/pw-kmin3-counters-on-2011206605-s1_20726020.out,54,../problems/numeric/counters/vanilla/fz_instance_55.pddl,unsolved,6690.14,False,10000,0,0,0
MCTS-PW-CROSS-DOMAIN,pw-kmin3-counters-on-2011206605-s1,counters,stage1,on,2011206605,pw_kmin3,20,20726020,COMPLETED,/home/hersco/training_new_domains/2026-08-30/mcts_pw_cross_domain/pw-kmin3-counters-on-2011206605-s1_20726020.out,55,../problems/numeric/counters/vanilla/fz_instance_56.pddl,unsolved,7401.77,False,10000,0,0,0
MCTS-PW-CROSS-DOMAIN,pw-kmin3-counters-on-2011206605-s1,counters,stage1,on,2011206605,pw_kmin3,20,20726020,COMPLETED,/home/hersco/training_new_domains/2026-08-30/mcts_pw_cross_domain/pw-kmin3-counters-on-2011206605-s1_20726020.out,56,../problems/numeric/counters/vanilla/fz_instance_57.pddl,unsolved,8362.7,False,10000,0,0,0
MCTS-PW-CROSS-DOMAIN,pw-kmin3-counters-on-2011206605-s1,counters,stage1,on,2011206605,pw_kmin3,20,20726020,COMPLETED,/home/hersco/training_new_domains/2026-08-30/mcts_pw_cross_domain/pw-kmin3-counters-on-2011206605-s1_20726020.out,57,../problems/numeric/counters/vanilla/fz_instance_58.pddl,unsolved,8149.07,False,10000,0,0,0
MCTS-PW-CROSS-DOMAIN,pw-kmin3-counters-on-2011206605-s1,counters,stage1,on,2011206605,pw_kmin3,20,20726020,COMPLETED,/home/hersco/training_new_domains/2026-08-30/mcts_pw_cross_domain/pw-kmin3-counters-on-2011206605-s1_20726020.out,58,../problems/numeric/counters/vanilla/fz_instance_59.pddl,unsolved,8155.89,False,10000,0,0,0
MCTS-PW-CROSS-DOMAIN,pw-kmin3-counters-on-2011206605-s1,counters,stage1,on,2011206605,pw_kmin3,20,20726020,COMPLETED,/home/hersco/training_new_domains/2026-08-30/mcts_pw_cross_domain/pw-kmin3-counters-on-2011206605-s1_20726020.out,59,../problems/numeric/counters/vanilla/fz_instance_60.pddl,unsolved,7381.91,False,10000,0,0,0
MCTS-PW-CROSS-DOMAIN,pw-kmin3-fo_counters-off-1963100312-s1,fo_counters,stage1,off,1963100312,pw_kmin3,70,20726022,COMPLETED,/home/hersco/training_new_domains/2026-08-30/mcts_pw_cross_domain/pw-kmin3-fo_counters-off-1963100312-s1_20726022.out,1,../problems/numeric/fo-counters/instances/instance_2.pddl,success,18.05,True,9,1,1,1
MCTS-PW-CROSS-DOMAIN,pw-kmin3-fo_counters-off-1963100312-s1,fo_counters,stage1,off,1963100312,pw_kmin3,70,20726022,COMPLETED,/home/hersco/training_new_domains/2026-08-30/mcts_pw_cross_domain/pw-kmin3-fo_counters-off-1963100312-s1_20726022.out,2,../problems/numeric/fo-counters/instances/instance_3.pddl,success,19.56,True,7,1,1,1
MCTS-PW-CROSS-DOMAIN,pw-kmin3-fo_counters-off-1963100312-s1,fo_counters,stage1,off,1963100312,pw_kmin3,70,20726022,COMPLETED,/home/hersco/training_new_domains/2026-08-30/mcts_pw_cross_domain/pw-kmin3-fo_counters-off-1963100312-s1_20726022.out,3,../problems/numeric/fo-counters/instances/instance_4.pddl,success,27.08,True,18,1,1,1
MCTS-PW-CROSS-DOMAIN,pw-kmin3-fo_counters-off-1963100312-s1,fo_counters,stage1,off,1963100312,pw_kmin3,70,20726022,COMPLETED,/home/hersco/training_new_domains/2026-08-30/mcts_pw_cross_domain/pw-kmin3-fo_counters-off-1963100312-s1_20726022.out,4,../problems/numeric/fo-counters/instances/instance_5.pddl,success,29.59,True,27,1,1,1
MCTS-PW-CROSS-DOMAIN,pw-kmin3-fo_counters-off-1963100312-s1,fo_counters,stage1,off,1963100312,pw_kmin3,70,20726022,COMPLETED,/home/hersco/training_new_domains/2026-08-30/mcts_pw_cross_domain/pw-kmin3-fo_counters-off-1963100312-s1_20726022.out,5,../problems/numeric/fo-counters/instances/instance_6.pddl,success,34.42,True,30,1,1,1
MCTS-PW-CROSS-DOMAIN,pw-kmin3-fo_counters-off-1963100312-s1,fo_counters,stage1,off,1963100312,pw_kmin3,70,20726022,COMPLETED,/home/hersco/training_new_domains/2026-08-30/mcts_pw_cross_domain/pw-kmin3-fo_counters-off-1963100312-s1_20726022.out,6,../problems/numeric/fo-counters/instances/instance_7.pddl,success,52.95,True,59,1,1,1
MCTS-PW-CROSS-DOMAIN,pw-kmin3-fo_counters-off-1963100312-s1,fo_counters,stage1,off,1963100312,pw_kmin3,70,20726022,COMPLETED,/home/hersco/training_new_domains/2026-08-30/mcts_pw_cross_domain/pw-kmin3-fo_counters-off-1963100312-s1_20726022.out,7,../problems/numeric/fo-counters/instances/instance_8.pddl,success,76.92,True,97,1,1,1
MCTS-PW-CROSS-DOMAIN,pw-kmin3-fo_counters-off-1963100312-s1,fo_counters,stage1,off,1963100312,pw_kmin3,70,20726022,COMPLETED,/home/hersco/training_new_domains/2026-08-30/mcts_pw_cross_domain/pw-kmin3-fo_counters-off-1963100312-s1_20726022.out,8,../problems/numeric/fo-counters/instances/instance_9.pddl,unsolved,1135.36,False,10000,0,0,0
MCTS-PW-CROSS-DOMAIN,pw-kmin3-fo_counters-off-1963100312-s1,fo_counters,stage1,off,1963100312,pw_kmin3,70,20726022,COMPLETED,/home/hersco/training_new_domains/2026-08-30/mcts_pw_cross_domain/pw-kmin3-fo_counters-off-1963100312-s1_20726022.out,9,../problems/numeric/fo-counters/instances/instance_10.pddl,success,112.46,True,146,1,1,1
MCTS-PW-CROSS-DOMAIN,pw-kmin3-fo_counters-off-1963100312-s1,fo_counters,stage1,off,1963100312,pw_kmin3,70,20726022,COMPLETED,/home/hersco/training_new_domains/2026-08-30/mcts_pw_cross_domain/pw-kmin3-fo_counters-off-1963100312-s1_20726022.out,10,../problems/numeric/fo-counters/instances/instance_11.pddl,success,154.54,True,179,1,1,1
MCTS-PW-CROSS-DOMAIN,pw-kmin3-fo_counters-off-1963100312-s1,fo_counters,stage1,off,1963100312,pw_kmin3,70,20726022,COMPLETED,/home/hersco/training_new_domains/2026-08-30/mcts_pw_cross_domain/pw-kmin3-fo_counters-off-1963100312-s1_20726022.out,11,../problems/numeric/fo-counters/instances/instance_12.pddl,unsolved,3023.28,False,10000,0,0,0
MCTS-PW-CROSS-DOMAIN,pw-kmin3-fo_counters-off-1963100312-s1,fo_counters,stage1,off,1963100312,pw_kmin3,70,20726022,COMPLETED,/home/hersco/training_new_domains/2026-08-30/mcts_pw_cross_domain/pw-kmin3-fo_counters-off-1963100312-s1_20726022.out,12,../problems/numeric/fo-counters/instances/instance_13.pddl,unsolved,3143.13,False,10000,0,0,0
MCTS-PW-CROSS-DOMAIN,pw-kmin3-fo_counters-off-1963100312-s1,fo_counters,stage1,off,1963100312,pw_kmin3,70,20726022,COMPLETED,/home/hersco/training_new_domains/2026-08-30/mcts_pw_cross_domain/pw-kmin3-fo_counters-off-1963100312-s1_20726022.out,13,../problems/numeric/fo-counters/instances/instance_14.pddl,unsolved,3348.0,False,10000,0,0,0
MCTS-PW-CROSS-DOMAIN,pw-kmin3-fo_counters-off-1963100312-s1,fo_counters,stage1,off,1963100312,pw_kmin3,70,20726022,COMPLETED,/home/hersco/training_new_domains/2026-08-30/mcts_pw_cross_domain/pw-kmin3-fo_counters-off-1963100312-s1_20726022.out,14,../problems/numeric/fo-counters/instances/instance_15.pddl,unsolved,5757.4,False,10000,0,0,0
MCTS-PW-CROSS-DOMAIN,pw-kmin3-fo_counters-off-1963100312-s1,fo_counters,stage1,off,1963100312,pw_kmin3,70,20726022,COMPLETED,/home/hersco/training_new_domains/2026-08-30/mcts_pw_cross_domain/pw-kmin3-fo_counters-off-1963100312-s1_20726022.out,15,../problems/numeric/fo-counters/instances/instance_16.pddl,unsolved,8745.11,False,10000,0,0,0
MCTS-PW-CROSS-DOMAIN,pw-kmin3-fo_counters-off-1963100312-s1,fo_counters,stage1,off,1963100312,pw_kmin3,70,20726022,COMPLETED,/home/hersco/training_new_domains/2026-08-30/mcts_pw_cross_domain/pw-kmin3-fo_counters-off-1963100312-s1_20726022.out,16,../problems/numeric/fo-counters/instances/instance_17.pddl,unsolved,6525.35,False,10000,0,0,0
MCTS-PW-CROSS-DOMAIN,pw-kmin3-fo_counters-off-1963100312-s1,fo_counters,stage1,off,1963100312,pw_kmin3,70,20726022,COMPLETED,/home/hersco/training_new_domains/2026-08-30/mcts_pw_cross_domain/pw-kmin3-fo_counters-off-1963100312-s1_20726022.out,17,../problems/numeric/fo-counters/instances/instance_18.pddl,unsolved,7607.56,False,10000,0,0,0
MCTS-PW-CROSS-DOMAIN,pw-kmin3-fo_counters-off-1963100312-s1,fo_counters,stage1,off,1963100312,pw_kmin3,70,20726022,COMPLETED,/home/hersco/training_new_domains/2026-08-30/mcts_pw_cross_domain/pw-kmin3-fo_counters-off-1963100312-s1_20726022.out,18,../problems/numeric/fo-counters/instances/instance_19.pddl,unsolved,7469.39,False,10000,0,0,0
MCTS-PW-CROSS-DOMAIN,pw-kmin3-fo_counters-off-1963100312-s1,fo_counters,stage1,off,1963100312,pw_kmin3,70,20726022,COMPLETED,/home/hersco/training_new_domains/2026-08-30/mcts_pw_cross_domain/pw-kmin3-fo_counters-off-1963100312-s1_20726022.out,19,../problems/numeric/fo-counters/instances/instance_20.pddl,unsolved,9931.23,False,10000,0,0,0
MCTS-PW-CROSS-DOMAIN,pw-kmin3-fo_counters-off-1963100312-s1,fo_counters,stage1,off,1963100312,pw_kmin3,70,20726022,COMPLETED,/home/hersco/training_new_domains/2026-08-30/mcts_pw_cross_domain/pw-kmin3-fo_counters-off-1963100312-s1_20726022.out,20,../problems/numeric/fo-counters/instances/instance_21.pddl,unsolved,7689.35,False,10000,0,0,0
,counters-off-1963100312-stage2-mcts_eval-primary-narrow-w5-i20,counters,stage2,off,1963100312,fixed_narrow_w5,20,20649844,COMPLETED,/home/hersco/training_new_domains/2026-08-27/statistical_replication_stage2_mcts_eval/20649844_Ev_counters_counters_mcts_orig_novh_e.5_c.1_s1963100312_K0_SR10M_src20430416_e0033.txt,1,../problems/numeric/counters/vanilla/fz_instance_2.pddl,success,7.54,True,1,1,1,1
,counters-off-1963100312-stage2-mcts_eval-primary-narrow-w5-i20,counters,stage2,off,1963100312,fixed_narrow_w5,20,20649844,COMPLETED,/home/hersco/training_new_domains/2026-08-27/statistical_replication_stage2_mcts_eval/20649844_Ev_counters_counters_mcts_orig_novh_e.5_c.1_s1963100312_K0_SR10M_src20430416_e0033.txt,2,../problems/numeric/counters/vanilla/fz_instance_3.pddl,success,7.8,True,3,1,1,1
,counters-off-1963100312-stage2-mcts_eval-primary-narrow-w5-i20,counters,stage2,off,1963100312,fixed_narrow_w5,20,20649844,COMPLETED,/home/hersco/training_new_domains/2026-08-27/statistical_replication_stage2_mcts_eval/20649844_Ev_counters_counters_mcts_orig_novh_e.5_c.1_s1963100312_K0_SR10M_src20430416_e0033.txt,3,../problems/numeric/counters/vanilla/fz_instance_4.pddl,success,12.06,True,6,1,1,1
,counters-off-1963100312-stage2-mcts_eval-primary-narrow-w5-i20,counters,stage2,off,1963100312,fixed_narrow_w5,20,20649844,COMPLETED,/home/hersco/training_new_domains/2026-08-27/statistical_replication_stage2_mcts_eval/20649844_Ev_counters_counters_mcts_orig_novh_e.5_c.1_s1963100312_K0_SR10M_src20430416_e0033.txt,4,../problems/numeric/counters/vanilla/fz_instance_5.pddl,success,10.06,True,10,1,1,1
,counters-off-1963100312-stage2-mcts_eval-primary-narrow-w5-i20,counters,stage2,off,1963100312,fixed_narrow_w5,20,20649844,COMPLETED,/home/hersco/training_new_domains/2026-08-27/statistical_replication_stage2_mcts_eval/20649844_Ev_counters_counters_mcts_orig_novh_e.5_c.1_s1963100312_K0_SR10M_src20430416_e0033.txt,5,../problems/numeric/counters/vanilla/fz_instance_6.pddl,success,11.3,True,15,1,1,1
,counters-off-1963100312-stage2-mcts_eval-primary-narrow-w5-i20,counters,stage2,off,1963100312,fixed_narrow_w5,20,20649844,COMPLETED,/home/hersco/training_new_domains/2026-08-27/statistical_replication_stage2_mcts_eval/20649844_Ev_counters_counters_mcts_orig_novh_e.5_c.1_s1963100312_K0_SR10M_src20430416_e0033.txt,6,../problems/numeric/counters/vanilla/fz_instance_7.pddl,success,12.56,True,21,1,1,1
,counters-off-1963100312-stage2-mcts_eval-primary-narrow-w5-i20,counters,stage2,off,1963100312,fixed_narrow_w5,20,20649844,COMPLETED,/home/hersco/training_new_domains/2026-08-27/statistical_replication_stage2_mcts_eval/20649844_Ev_counters_counters_mcts_orig_novh_e.5_c.1_s1963100312_K0_SR10M_src20430416_e0033.txt,7,../problems/numeric/counters/vanilla/fz_instance_8.pddl,success,15.32,True,28,1,1,1
,counters-off-1963100312-stage2-mcts_eval-primary-narrow-w5-i20,counters,stage2,off,1963100312,fixed_narrow_w5,20,20649844,COMPLETED,/home/hersco/training_new_domains/2026-08-27/statistical_replication_stage2_mcts_eval/20649844_Ev_counters_counters_mcts_orig_novh_e.5_c.1_s1963100312_K0_SR10M_src20430416_e0033.txt,8,../problems/numeric/counters/vanilla/fz_instance_9.pddl,success,15.81,True,36,1,1,1
,counters-off-1963100312-stage2-mcts_eval-primary-narrow-w5-i20,counters,stage2,off,1963100312,fixed_narrow_w5,20,20649844,COMPLETED,/home/hersco/training_new_domains/2026-08-27/statistical_replication_stage2_mcts_eval/20649844_Ev_counters_counters_mcts_orig_novh_e.5_c.1_s1963100312_K0_SR10M_src20430416_e0033.txt,9,../problems/numeric/counters/vanilla/fz_instance_10.pddl,success,18.57,True,45,1,1,1
,counters-off-1963100312-stage2-mcts_eval-primary-narrow-w5-i20,counters,stage2,off,1963100312,fixed_narrow_w5,20,20649844,COMPLETED,/home/hersco/training_new_domains/2026-08-27/statistical_replication_stage2_mcts_eval/20649844_Ev_counters_counters_mcts_orig_novh_e.5_c.1_s1963100312_K0_SR10M_src20430416_e0033.txt,10,../problems/numeric/counters/vanilla/fz_instance_11.pddl,success,24.08,True,87,1,1,1
,counters-off-1963100312-stage2-mcts_eval-primary-narrow-w5-i20,counters,stage2,off,1963100312,fixed_narrow_w5,20,20649844,COMPLETED,/home/hersco/training_new_domains/2026-08-27/statistical_replication_stage2_mcts_eval/20649844_Ev_counters_counters_mcts_orig_novh_e.5_c.1_s1963100312_K0_SR10M_src20430416_e0033.txt,11,../problems/numeric/counters/vanilla/fz_instance_12.pddl,success,28.85,True,96,1,1,1
,counters-off-1963100312-stage2-mcts_eval-primary-narrow-w5-i20,counters,stage2,off,1963100312,fixed_narrow_w5,20,20649844,COMPLETED,/home/hersco/training_new_domains/2026-08-27/statistical_replication_stage2_mcts_eval/20649844_Ev_counters_counters_mcts_orig_novh_e.5_c.1_s1963100312_K0_SR10M_src20430416_e0033.txt,12,../problems/numeric/counters/vanilla/fz_instance_13.pddl,success,30.09,True,114,1,1,1
,counters-off-1963100312-stage2-mcts_eval-primary-narrow-w5-i20,counters,stage2,off,1963100312,fixed_narrow_w5,20,20649844,COMPLETED,/home/hersco/training_new_domains/2026-08-27/statistical_replication_stage2_mcts_eval/20649844_Ev_counters_counters_mcts_orig_novh_e.5_c.1_s1963100312_K0_SR10M_src20430416_e0033.txt,13,../problems/numeric/counters/vanilla/fz_instance_14.pddl,success,33.89,True,133,1,1,1
,counters-off-1963100312-stage2-mcts_eval-primary-narrow-w5-i20,counters,stage2,off,1963100312,fixed_narrow_w5,20,20649844,COMPLETED,/home/hersco/training_new_domains/2026-08-27/statistical_replication_stage2_mcts_eval/20649844_Ev_counters_counters_mcts_orig_novh_e.5_c.1_s1963100312_K0_SR10M_src20430416_e0033.txt,14,../problems/numeric/counters/vanilla/fz_instance_15.pddl,success,38.65,True,153,1,1,1
,counters-off-1963100312-stage2-mcts_eval-primary-narrow-w5-i20,counters,stage2,off,1963100312,fixed_narrow_w5,20,20649844,COMPLETED,/home/hersco/training_new_domains/2026-08-27/statistical_replication_stage2_mcts_eval/20649844_Ev_counters_counters_mcts_orig_novh_e.5_c.1_s1963100312_K0_SR10M_src20430416_e0033.txt,15,../problems/numeric/counters/vanilla/fz_instance_16.pddl,success,34.17,True,120,1,1,1
,counters-off-1963100312-stage2-mcts_eval-primary-narrow-w5-i20,counters,stage2,off,1963100312,fixed_narrow_w5,20,20649844,COMPLETED,/home/hersco/training_new_domains/2026-08-27/statistical_replication_stage2_mcts_eval/20649844_Ev_counters_counters_mcts_orig_novh_e.5_c.1_s1963100312_K0_SR10M_src20430416_e0033.txt,16,../problems/numeric/counters/vanilla/fz_instance_17.pddl,success,47.2,True,206,1,1,1
,counters-off-1963100312-stage2-mcts_eval-primary-narrow-w5-i20,counters,stage2,off,1963100312,fixed_narrow_w5,20,20649844,COMPLETED,/home/hersco/training_new_domains/2026-08-27/statistical_replication_stage2_mcts_eval/20649844_Ev_counters_counters_mcts_orig_novh_e.5_c.1_s1963100312_K0_SR10M_src20430416_e0033.txt,17,../problems/numeric/counters/vanilla/fz_instance_18.pddl,success,54.39,True,230,1,1,1
,counters-off-1963100312-stage2-mcts_eval-primary-narrow-w5-i20,counters,stage2,off,1963100312,fixed_narrow_w5,20,20649844,COMPLETED,/home/hersco/training_new_domains/2026-08-27/statistical_replication_stage2_mcts_eval/20649844_Ev_counters_counters_mcts_orig_novh_e.5_c.1_s1963100312_K0_SR10M_src20430416_e0033.txt,18,../problems/numeric/counters/vanilla/fz_instance_19.pddl,success,56.93,True,255,1,1,1
,counters-off-1963100312-stage2-mcts_eval-primary-narrow-w5-i20,counters,stage2,off,1963100312,fixed_narrow_w5,20,20649844,COMPLETED,/home/hersco/training_new_domains/2026-08-27/statistical_replication_stage2_mcts_eval/20649844_Ev_counters_counters_mcts_orig_novh_e.5_c.1_s1963100312_K0_SR10M_src20430416_e0033.txt,19,../problems/numeric/counters/vanilla/fz_instance_20.pddl,success,66.98,True,281,1,1,1
,counters-off-1963100312-stage2-mcts_eval-primary-narrow-w5-i20,counters,stage2,off,1963100312,fixed_narrow_w5,20,20649844,COMPLETED,/home/hersco/training_new_domains/2026-08-27/statistical_replication_stage2_mcts_eval/20649844_Ev_counters_counters_mcts_orig_novh_e.5_c.1_s1963100312_K0_SR10M_src20430416_e0033.txt,20,../problems/numeric/counters/vanilla/fz_instance_21.pddl,success,78.23,True,308,1,1,1
,counters-off-1963100312-stage2-mcts_eval-primary-narrow-w5-i20,counters,stage2,off,1963100312,fixed_narrow_w5,20,20649844,COMPLETED,/home/hersco/training_new_domains/2026-08-27/statistical_replication_stage2_mcts_eval/20649844_Ev_counters_counters_mcts_orig_novh_e.5_c.1_s1963100312_K0_SR10M_src20430416_e0033.txt,21,../problems/numeric/counters/vanilla/fz_instance_22.pddl,success,66.64,True,231,1,1,1
,counters-off-1963100312-stage2-mcts_eval-primary-narrow-w5-i20,counters,stage2,off,1963100312,fixed_narrow_w5,20,20649844,COMPLETED,/home/hersco/training_new_domains/2026-08-27/statistical_replication_stage2_mcts_eval/20649844_Ev_counters_counters_mcts_orig_novh_e.5_c.1_s1963100312_K0_SR10M_src20430416_e0033.txt,22,../problems/numeric/counters/vanilla/fz_instance_23.pddl,success,90.96,True,349,1,1,1
,counters-off-1963100312-stage2-mcts_eval-primary-narrow-w5-i20,counters,stage2,off,1963100312,fixed_narrow_w5,20,20649844,COMPLETED,/home/hersco/training_new_domains/2026-08-27/statistical_replication_stage2_mcts_eval/20649844_Ev_counters_counters_mcts_orig_novh_e.5_c.1_s1963100312_K0_SR10M_src20430416_e0033.txt,23,../problems/numeric/counters/vanilla/fz_instance_24.pddl,success,102.33,True,378,1,1,1
,counters-off-1963100312-stage2-mcts_eval-primary-narrow-w5-i20,counters,stage2,off,1963100312,fixed_narrow_w5,20,20649844,COMPLETED,/home/hersco/training_new_domains/2026-08-27/statistical_replication_stage2_mcts_eval/20649844_Ev_counters_counters_mcts_orig_novh_e.5_c.1_s1963100312_K0_SR10M_src20430416_e0033.txt,24,../problems/numeric/counters/vanilla/fz_instance_25.pddl,success,132.14,True,444,1,1,1
,counters-off-1963100312-stage2-mcts_eval-primary-narrow-w5-i20,counters,stage2,off,1963100312,fixed_narrow_w5,20,20649844,COMPLETED,/home/hersco/training_new_domains/2026-08-27/statistical_replication_stage2_mcts_eval/20649844_Ev_counters_counters_mcts_orig_novh_e.5_c.1_s1963100312_K0_SR10M_src20430416_e0033.txt,25,../problems/numeric/counters/vanilla/fz_instance_26.pddl,success,164.12,True,565,1,1,1
,counters-off-1963100312-stage2-mcts_eval-primary-narrow-w5-i20,counters,stage2,off,1963100312,fixed_narrow_w5,20,20649844,COMPLETED,/home/hersco/training_new_domains/2026-08-27/statistical_replication_stage2_mcts_eval/20649844_Ev_counters_counters_mcts_orig_novh_e.5_c.1_s1963100312_K0_SR10M_src20430416_e0033.txt,26,../problems/numeric/counters/vanilla/fz_instance_27.pddl,success,97.71,True,351,1,1,1
,counters-off-1963100312-stage2-mcts_eval-primary-narrow-w5-i20,counters,stage2,off,1963100312,fixed_narrow_w5,20,20649844,COMPLETED,/home/hersco/training_new_domains/2026-08-27/statistical_replication_stage2_mcts_eval/20649844_Ev_counters_counters_mcts_orig_novh_e.5_c.1_s1963100312_K0_SR10M_src20430416_e0033.txt,27,../problems/numeric/counters/vanilla/fz_instance_28.pddl,success,219.96,True,723,1,1,1
,counters-off-1963100312-stage2-mcts_eval-primary-narrow-w5-i20,counters,stage2,off,1963100312,fixed_narrow_w5,20,20649844,COMPLETED,/home/hersco/training_new_domains/2026-08-27/statistical_replication_stage2_mcts_eval/20649844_Ev_counters_counters_mcts_orig_novh_e.5_c.1_s1963100312_K0_SR10M_src20430416_e0033.txt,28,../problems/numeric/counters/vanilla/fz_instance_29.pddl,success,260.62,True,766,1,1,1
,counters-off-1963100312-stage2-mcts_eval-primary-narrow-w5-i20,counters,stage2,off,1963100312,fixed_narrow_w5,20,20649844,COMPLETED,/home/hersco/training_new_domains/2026-08-27/statistical_replication_stage2_mcts_eval/20649844_Ev_counters_counters_mcts_orig_novh_e.5_c.1_s1963100312_K0_SR10M_src20430416_e0033.txt,29,../problems/numeric/counters/vanilla/fz_instance_30.pddl,success,354.86,True,835,1,1,1
,counters-off-1963100312-stage2-mcts_eval-primary-narrow-w5-i20,counters,stage2,off,1963100312,fixed_narrow_w5,20,20649844,COMPLETED,/home/hersco/training_new_domains/2026-08-27/statistical_replication_stage2_mcts_eval/20649844_Ev_counters_counters_mcts_orig_novh_e.5_c.1_s1963100312_K0_SR10M_src20430416_e0033.txt,30,../problems/numeric/counters/vanilla/fz_instance_31.pddl,success,423.19,True,881,1,1,1
,counters-off-1963100312-stage2-mcts_eval-primary-narrow-w5-i20,counters,stage2,off,1963100312,fixed_narrow_w5,20,20649844,COMPLETED,/home/hersco/training_new_domains/2026-08-27/statistical_replication_stage2_mcts_eval/20649844_Ev_counters_counters_mcts_orig_novh_e.5_c.1_s1963100312_K0_SR10M_src20430416_e0033.txt,31,../problems/numeric/counters/vanilla/fz_instance_32.pddl,success,544.07,True,955,1,1,1
,counters-off-1963100312-stage2-mcts_eval-primary-narrow-w5-i20,counters,stage2,off,1963100312,fixed_narrow_w5,20,20649844,COMPLETED,/home/hersco/training_new_domains/2026-08-27/statistical_replication_stage2_mcts_eval/20649844_Ev_counters_counters_mcts_orig_novh_e.5_c.1_s1963100312_K0_SR10M_src20430416_e0033.txt,32,../problems/numeric/counters/vanilla/fz_instance_33.pddl,success,670.55,True,1004,1,1,1
,counters-off-1963100312-stage2-mcts_eval-primary-narrow-w5-i20,counters,stage2,off,1963100312,fixed_narrow_w5,20,20649844,COMPLETED,/home/hersco/training_new_domains/2026-08-27/statistical_replication_stage2_mcts_eval/20649844_Ev_counters_counters_mcts_orig_novh_e.5_c.1_s1963100312_K0_SR10M_src20430416_e0033.txt,33,../problems/numeric/counters/vanilla/fz_instance_34.pddl,success,722.32,True,1054,1,1,1
,counters-off-1963100312-stage2-mcts_eval-primary-narrow-w5-i20,counters,stage2,off,1963100312,fixed_narrow_w5,20,20649844,COMPLETED,/home/hersco/training_new_domains/2026-08-27/statistical_replication_stage2_mcts_eval/20649844_Ev_counters_counters_mcts_orig_novh_e.5_c.1_s1963100312_K0_SR10M_src20430416_e0033.txt,34,../problems/numeric/counters/vanilla/fz_instance_35.pddl,success,975.42,True,1105,1,1,1
,counters-off-1963100312-stage2-mcts_eval-primary-narrow-w5-i20,counters,stage2,off,1963100312,fixed_narrow_w5,20,20649844,COMPLETED,/home/hersco/training_new_domains/2026-08-27/statistical_replication_stage2_mcts_eval/20649844_Ev_counters_counters_mcts_orig_novh_e.5_c.1_s1963100312_K0_SR10M_src20430416_e0033.txt,35,../problems/numeric/counters/vanilla/fz_instance_36.pddl,success,953.62,True,1157,1,1,1
,counters-off-1963100312-stage2-mcts_eval-primary-narrow-w5-i20,counters,stage2,off,1963100312,fixed_narrow_w5,20,20649844,COMPLETED,/home/hersco/training_new_domains/2026-08-27/statistical_replication_stage2_mcts_eval/20649844_Ev_counters_counters_mcts_orig_novh_e.5_c.1_s1963100312_K0_SR10M_src20430416_e0033.txt,36,../problems/numeric/counters/vanilla/fz_instance_37.pddl,success,1094.44,True,1242,1,1,1
,counters-off-1963100312-stage2-mcts_eval-primary-narrow-w5-i20,counters,stage2,off,1963100312,fixed_narrow_w5,20,20649844,COMPLETED,/home/hersco/training_new_domains/2026-08-27/statistical_replication_stage2_mcts_eval/20649844_Ev_counters_counters_mcts_orig_novh_e.5_c.1_s1963100312_K0_SR10M_src20430416_e0033.txt,37,../problems/numeric/counters/vanilla/fz_instance_38.pddl,success,1220.71,True,1297,1,1,1
,counters-off-1963100312-stage2-mcts_eval-primary-narrow-w5-i20,counters,stage2,off,1963100312,fixed_narrow_w5,20,20649844,COMPLETED,/home/hersco/training_new_domains/2026-08-27/statistical_replication_stage2_mcts_eval/20649844_Ev_counters_counters_mcts_orig_novh_e.5_c.1_s1963100312_K0_SR10M_src20430416_e0033.txt,38,../problems/numeric/counters/vanilla/fz_instance_39.pddl,success,1374.52,True,1353,1,1,1
,counters-off-1963100312-stage2-mcts_eval-primary-narrow-w5-i20,counters,stage2,off,1963100312,fixed_narrow_w5,20,20649844,COMPLETED,/home/hersco/training_new_domains/2026-08-27/statistical_replication_stage2_mcts_eval/20649844_Ev_counters_counters_mcts_orig_novh_e.5_c.1_s1963100312_K0_SR10M_src20430416_e0033.txt,39,../problems/numeric/counters/vanilla/fz_instance_40.pddl,success,1928.66,True,1412,0,1,1
,counters-off-1963100312-stage2-mcts_eval-primary-narrow-w5-i20,counters,stage2,off,1963100312,fixed_narrow_w5,20,20649844,COMPLETED,/home/hersco/training_new_domains/2026-08-27/statistical_replication_stage2_mcts_eval/20649844_Ev_counters_counters_mcts_orig_novh_e.5_c.1_s1963100312_K0_SR10M_src20430416_e0033.txt,40,../problems/numeric/counters/vanilla/fz_instance_41.pddl,success,2488.63,True,1468,0,1,1
,counters-off-1963100312-stage2-mcts_eval-primary-narrow-w5-i20,counters,stage2,off,1963100312,fixed_narrow_w5,20,20649844,COMPLETED,/home/hersco/training_new_domains/2026-08-27/statistical_replication_stage2_mcts_eval/20649844_Ev_counters_counters_mcts_orig_novh_e.5_c.1_s1963100312_K0_SR10M_src20430416_e0033.txt,41,../problems/numeric/counters/vanilla/fz_instance_42.pddl,success,1763.19,True,1527,1,1,1
,counters-off-1963100312-stage2-mcts_eval-primary-narrow-w5-i20,counters,stage2,off,1963100312,fixed_narrow_w5,20,20649844,COMPLETED,/home/hersco/training_new_domains/2026-08-27/statistical_replication_stage2_mcts_eval/20649844_Ev_counters_counters_mcts_orig_novh_e.5_c.1_s1963100312_K0_SR10M_src20430416_e0033.txt,42,../problems/numeric/counters/vanilla/fz_instance_43.pddl,success,1627.0,True,1587,1,1,1
,counters-off-1963100312-stage2-mcts_eval-primary-narrow-w5-i20,counters,stage2,off,1963100312,fixed_narrow_w5,20,20649844,COMPLETED,/home/hersco/training_new_domains/2026-08-27/statistical_replication_stage2_mcts_eval/20649844_Ev_counters_counters_mcts_orig_novh_e.5_c.1_s1963100312_K0_SR10M_src20430416_e0033.txt,43,../problems/numeric/counters/vanilla/fz_instance_44.pddl,success,2389.39,True,1648,0,1,1
,counters-off-1963100312-stage2-mcts_eval-primary-narrow-w5-i20,counters,stage2,off,1963100312,fixed_narrow_w5,20,20649844,COMPLETED,/home/hersco/training_new_domains/2026-08-27/statistical_replication_stage2_mcts_eval/20649844_Ev_counters_counters_mcts_orig_novh_e.5_c.1_s1963100312_K0_SR10M_src20430416_e0033.txt,44,../problems/numeric/counters/vanilla/fz_instance_45.pddl,success,2677.02,True,1710,0,1,1
,counters-off-1963100312-stage2-mcts_eval-primary-narrow-w5-i20,counters,stage2,off,1963100312,fixed_narrow_w5,20,20649844,COMPLETED,/home/hersco/training_new_domains/2026-08-27/statistical_replication_stage2_mcts_eval/20649844_Ev_counters_counters_mcts_orig_novh_e.5_c.1_s1963100312_K0_SR10M_src20430416_e0033.txt,45,../problems/numeric/counters/vanilla/fz_instance_46.pddl,success,3330.87,True,1773,0,1,1
,counters-off-1963100312-stage2-mcts_eval-primary-narrow-w5-i20,counters,stage2,off,1963100312,fixed_narrow_w5,20,20649844,COMPLETED,/home/hersco/training_new_domains/2026-08-27/statistical_replication_stage2_mcts_eval/20649844_Ev_counters_counters_mcts_orig_novh_e.5_c.1_s1963100312_K0_SR10M_src20430416_e0033.txt,46,../problems/numeric/counters/vanilla/fz_instance_47.pddl,success,3668.59,True,1839,0,1,1
,counters-off-1963100312-stage2-mcts_eval-primary-narrow-w5-i20,counters,stage2,off,1963100312,fixed_narrow_w5,20,20649844,COMPLETED,/home/hersco/training_new_domains/2026-08-27/statistical_replication_stage2_mcts_eval/20649844_Ev_counters_counters_mcts_orig_novh_e.5_c.1_s1963100312_K0_SR10M_src20430416_e0033.txt,47,../problems/numeric/counters/vanilla/fz_instance_48.pddl,success,3987.54,True,1902,0,1,1
,counters-off-1963100312-stage2-mcts_eval-primary-narrow-w5-i20,counters,stage2,off,1963100312,fixed_narrow_w5,20,20649844,COMPLETED,/home/hersco/training_new_domains/2026-08-27/statistical_replication_stage2_mcts_eval/20649844_Ev_counters_counters_mcts_orig_novh_e.5_c.1_s1963100312_K0_SR10M_src20430416_e0033.txt,48,../problems/numeric/counters/vanilla/fz_instance_49.pddl,success,4513.48,True,1968,0,1,1
,counters-off-1963100312-stage2-mcts_eval-primary-narrow-w5-i20,counters,stage2,off,1963100312,fixed_narrow_w5,20,20649844,COMPLETED,/home/hersco/training_new_domains/2026-08-27/statistical_replication_stage2_mcts_eval/20649844_Ev_counters_counters_mcts_orig_novh_e.5_c.1_s1963100312_K0_SR10M_src20430416_e0033.txt,49,../problems/numeric/counters/vanilla/fz_instance_50.pddl,success,5586.1,True,2035,0,1,1
,counters-off-1963100312-stage2-mcts_eval-primary-narrow-w5-i20,counters,stage2,off,1963100312,fixed_narrow_w5,20,20649844,COMPLETED,/home/hersco/training_new_domains/2026-08-27/statistical_replication_stage2_mcts_eval/20649844_Ev_counters_counters_mcts_orig_novh_e.5_c.1_s1963100312_K0_SR10M_src20430416_e0033.txt,50,../problems/numeric/counters/vanilla/fz_instance_51.pddl,unsolved,18738.05,False,10000,0,0,0
,counters-off-1963100312-stage2-mcts_eval-primary-narrow-w5-i20,counters,stage2,off,1963100312,fixed_narrow_w5,20,20649844,COMPLETED,/home/hersco/training_new_domains/2026-08-27/statistical_replication_stage2_mcts_eval/20649844_Ev_counters_counters_mcts_orig_novh_e.5_c.1_s1963100312_K0_SR10M_src20430416_e0033.txt,51,../problems/numeric/counters/vanilla/fz_instance_52.pddl,unsolved,8906.58,False,10000,0,0,0
,counters-off-1963100312-stage2-mcts_eval-primary-narrow-w5-i20,counters,stage2,off,1963100312,fixed_narrow_w5,20,20649844,COMPLETED,/home/hersco/training_new_domains/2026-08-27/statistical_replication_stage2_mcts_eval/20649844_Ev_counters_counters_mcts_orig_novh_e.5_c.1_s1963100312_K0_SR10M_src20430416_e0033.txt,52,../problems/numeric/counters/vanilla/fz_instance_53.pddl,unsolved,7130.24,False,10000,0,0,0
,counters-off-1963100312-stage2-mcts_eval-primary-narrow-w5-i20,counters,stage2,off,1963100312,fixed_narrow_w5,20,20649844,COMPLETED,/home/hersco/training_new_domains/2026-08-27/statistical_replication_stage2_mcts_eval/20649844_Ev_counters_counters_mcts_orig_novh_e.5_c.1_s1963100312_K0_SR10M_src20430416_e0033.txt,53,../problems/numeric/counters/vanilla/fz_instance_54.pddl,unsolved,10645.53,False,10000,0,0,0
,counters-off-1963100312-stage2-mcts_eval-primary-narrow-w5-i20,counters,stage2,off,1963100312,fixed_narrow_w5,20,20649844,COMPLETED,/home/hersco/training_new_domains/2026-08-27/statistical_replication_stage2_mcts_eval/20649844_Ev_counters_counters_mcts_orig_novh_e.5_c.1_s1963100312_K0_SR10M_src20430416_e0033.txt,54,../problems/numeric/counters/vanilla/fz_instance_55.pddl,unsolved,16599.18,False,10000,0,0,0
,counters-off-1963100312-stage2-mcts_eval-primary-narrow-w5-i20,counters,stage2,off,1963100312,fixed_narrow_w5,20,20649844,COMPLETED,/home/hersco/training_new_domains/2026-08-27/statistical_replication_stage2_mcts_eval/20649844_Ev_counters_counters_mcts_orig_novh_e.5_c.1_s1963100312_K0_SR10M_src20430416_e0033.txt,55,../problems/numeric/counters/vanilla/fz_instance_56.pddl,unsolved,10174.34,False,10000,0,0,0
,counters-off-1963100312-stage2-mcts_eval-primary-narrow-w5-i20,counters,stage2,off,1963100312,fixed_narrow_w5,20,20649844,COMPLETED,/home/hersco/training_new_domains/2026-08-27/statistical_replication_stage2_mcts_eval/20649844_Ev_counters_counters_mcts_orig_novh_e.5_c.1_s1963100312_K0_SR10M_src20430416_e0033.txt,56,../problems/numeric/counters/vanilla/fz_instance_57.pddl,unsolved,13739.1,False,10000,0,0,0
,counters-off-1963100312-stage2-mcts_eval-primary-narrow-w5-i20,counters,stage2,off,1963100312,fixed_narrow_w5,20,20649844,COMPLETED,/home/hersco/training_new_domains/2026-08-27/statistical_replication_stage2_mcts_eval/20649844_Ev_counters_counters_mcts_orig_novh_e.5_c.1_s1963100312_K0_SR10M_src20430416_e0033.txt,57,../problems/numeric/counters/vanilla/fz_instance_58.pddl,timeout,21600.0,False,-1,0,0,0
,counters-off-1963100312-stage2-mcts_eval-primary-narrow-w5-i20,counters,stage2,off,1963100312,fixed_narrow_w5,20,20649844,COMPLETED,/home/hersco/training_new_domains/2026-08-27/statistical_replication_stage2_mcts_eval/20649844_Ev_counters_counters_mcts_orig_novh_e.5_c.1_s1963100312_K0_SR10M_src20430416_e0033.txt,58,../problems/numeric/counters/vanilla/fz_instance_59.pddl,unsolved,15280.77,False,10000,0,0,0
,counters-off-1963100312-stage2-mcts_eval-primary-narrow-w5-i20,counters,stage2,off,1963100312,fixed_narrow_w5,20,20649844,COMPLETED,/home/hersco/training_new_domains/2026-08-27/statistical_replication_stage2_mcts_eval/20649844_Ev_counters_counters_mcts_orig_novh_e.5_c.1_s1963100312_K0_SR10M_src20430416_e0033.txt,59,../problems/numeric/counters/vanilla/fz_instance_60.pddl,unsolved,17520.02,False,10000,0,0,0
,counters-off-2011206605-stage2-mcts_eval-primary-narrow-w5-i20,counters,stage2,off,2011206605,fixed_narrow_w5,20,20649845,OUT_OF_MEMORY,/home/hersco/training_new_domains/2026-08-27/statistical_replication_stage2_mcts_eval/20649845_Ev_counters_counters_mcts_orig_novh_e.5_c.1_s2011206605_K0_SR10M_src20430417_e0012.txt,1,../problems/numeric/counters/vanilla/fz_instance_2.pddl,success,7.79,True,1,1,1,1
,counters-off-2011206605-stage2-mcts_eval-primary-narrow-w5-i20,counters,stage2,off,2011206605,fixed_narrow_w5,20,20649845,OUT_OF_MEMORY,/home/hersco/training_new_domains/2026-08-27/statistical_replication_stage2_mcts_eval/20649845_Ev_counters_counters_mcts_orig_novh_e.5_c.1_s2011206605_K0_SR10M_src20430417_e0012.txt,2,../problems/numeric/counters/vanilla/fz_instance_3.pddl,success,8.3,True,3,1,1,1
,counters-off-2011206605-stage2-mcts_eval-primary-narrow-w5-i20,counters,stage2,off,2011206605,fixed_narrow_w5,20,20649845,OUT_OF_MEMORY,/home/hersco/training_new_domains/2026-08-27/statistical_replication_stage2_mcts_eval/20649845_Ev_counters_counters_mcts_orig_novh_e.5_c.1_s2011206605_K0_SR10M_src20430417_e0012.txt,3,../problems/numeric/counters/vanilla/fz_instance_4.pddl,success,7.51,True,6,1,1,1
,counters-off-2011206605-stage2-mcts_eval-primary-narrow-w5-i20,counters,stage2,off,2011206605,fixed_narrow_w5,20,20649845,OUT_OF_MEMORY,/home/hersco/training_new_domains/2026-08-27/statistical_replication_stage2_mcts_eval/20649845_Ev_counters_counters_mcts_orig_novh_e.5_c.1_s2011206605_K0_SR10M_src20430417_e0012.txt,4,../problems/numeric/counters/vanilla/fz_instance_5.pddl,success,10.12,True,10,1,1,1
,counters-off-2011206605-stage2-mcts_eval-primary-narrow-w5-i20,counters,stage2,off,2011206605,fixed_narrow_w5,20,20649845,OUT_OF_MEMORY,/home/hersco/training_new_domains/2026-08-27/statistical_replication_stage2_mcts_eval/20649845_Ev_counters_counters_mcts_orig_novh_e.5_c.1_s2011206605_K0_SR10M_src20430417_e0012.txt,5,../problems/numeric/counters/vanilla/fz_instance_6.pddl,success,9.59,True,15,1,1,1
,counters-off-2011206605-stage2-mcts_eval-primary-narrow-w5-i20,counters,stage2,off,2011206605,fixed_narrow_w5,20,20649845,OUT_OF_MEMORY,/home/hersco/training_new_domains/2026-08-27/statistical_replication_stage2_mcts_eval/20649845_Ev_counters_counters_mcts_orig_novh_e.5_c.1_s2011206605_K0_SR10M_src20430417_e0012.txt,6,../problems/numeric/counters/vanilla/fz_instance_7.pddl,success,11.56,True,21,1,1,1
,counters-off-2011206605-stage2-mcts_eval-primary-narrow-w5-i20,counters,stage2,off,2011206605,fixed_narrow_w5,20,20649845,OUT_OF_MEMORY,/home/hersco/training_new_domains/2026-08-27/statistical_replication_stage2_mcts_eval/20649845_Ev_counters_counters_mcts_orig_novh_e.5_c.1_s2011206605_K0_SR10M_src20430417_e0012.txt,7,../problems/numeric/counters/vanilla/fz_instance_8.pddl,success,12.79,True,28,1,1,1
,counters-off-2011206605-stage2-mcts_eval-primary-narrow-w5-i20,counters,stage2,off,2011206605,fixed_narrow_w5,20,20649845,OUT_OF_MEMORY,/home/hersco/training_new_domains/2026-08-27/statistical_replication_stage2_mcts_eval/20649845_Ev_counters_counters_mcts_orig_novh_e.5_c.1_s2011206605_K0_SR10M_src20430417_e0012.txt,8,../problems/numeric/counters/vanilla/fz_instance_9.pddl,success,14.34,True,36,1,1,1
,counters-off-2011206605-stage2-mcts_eval-primary-narrow-w5-i20,counters,stage2,off,2011206605,fixed_narrow_w5,20,20649845,OUT_OF_MEMORY,/home/hersco/training_new_domains/2026-08-27/statistical_replication_stage2_mcts_eval/20649845_Ev_counters_counters_mcts_orig_novh_e.5_c.1_s2011206605_K0_SR10M_src20430417_e0012.txt,9,../problems/numeric/counters/vanilla/fz_instance_10.pddl,success,15.84,True,45,1,1,1
,counters-off-2011206605-stage2-mcts_eval-primary-narrow-w5-i20,counters,stage2,off,2011206605,fixed_narrow_w5,20,20649845,OUT_OF_MEMORY,/home/hersco/training_new_domains/2026-08-27/statistical_replication_stage2_mcts_eval/20649845_Ev_counters_counters_mcts_orig_novh_e.5_c.1_s2011206605_K0_SR10M_src20430417_e0012.txt,10,../problems/numeric/counters/vanilla/fz_instance_11.pddl,success,19.07,True,55,1,1,1
,counters-off-2011206605-stage2-mcts_eval-primary-narrow-w5-i20,counters,stage2,off,2011206605,fixed_narrow_w5,20,20649845,OUT_OF_MEMORY,/home/hersco/training_new_domains/2026-08-27/statistical_replication_stage2_mcts_eval/20649845_Ev_counters_counters_mcts_orig_novh_e.5_c.1_s2011206605_K0_SR10M_src20430417_e0012.txt,11,../problems/numeric/counters/vanilla/fz_instance_12.pddl,success,20.32,True,66,1,1,1
,counters-off-2011206605-stage2-mcts_eval-primary-narrow-w5-i20,counters,stage2,off,2011206605,fixed_narrow_w5,20,20649845,OUT_OF_MEMORY,/home/hersco/training_new_domains/2026-08-27/statistical_replication_stage2_mcts_eval/20649845_Ev_counters_counters_mcts_orig_novh_e.5_c.1_s2011206605_K0_SR10M_src20430417_e0012.txt,12,../problems/numeric/counters/vanilla/fz_instance_13.pddl,success,22.32,True,78,1,1,1
,counters-off-2011206605-stage2-mcts_eval-primary-narrow-w5-i20,counters,stage2,off,2011206605,fixed_narrow_w5,20,20649845,OUT_OF_MEMORY,/home/hersco/training_new_domains/2026-08-27/statistical_replication_stage2_mcts_eval/20649845_Ev_counters_counters_mcts_orig_novh_e.5_c.1_s2011206605_K0_SR10M_src20430417_e0012.txt,13,../problems/numeric/counters/vanilla/fz_instance_14.pddl,success,24.61,True,91,1,1,1
,counters-off-2011206605-stage2-mcts_eval-primary-narrow-w5-i20,counters,stage2,off,2011206605,fixed_narrow_w5,20,20649845,OUT_OF_MEMORY,/home/hersco/training_new_domains/2026-08-27/statistical_replication_stage2_mcts_eval/20649845_Ev_counters_counters_mcts_orig_novh_e.5_c.1_s2011206605_K0_SR10M_src20430417_e0012.txt,14,../problems/numeric/counters/vanilla/fz_instance_15.pddl,success,26.13,True,105,1,1,1
,counters-off-2011206605-stage2-mcts_eval-primary-narrow-w5-i20,counters,stage2,off,2011206605,fixed_narrow_w5,20,20649845,OUT_OF_MEMORY,/home/hersco/training_new_domains/2026-08-27/statistical_replication_stage2_mcts_eval/20649845_Ev_counters_counters_mcts_orig_novh_e.5_c.1_s2011206605_K0_SR10M_src20430417_e0012.txt,15,../problems/numeric/counters/vanilla/fz_instance_16.pddl,success,37.61,True,166,1,1,1
,counters-off-2011206605-stage2-mcts_eval-primary-narrow-w5-i20,counters,stage2,off,2011206605,fixed_narrow_w5,20,20649845,OUT_OF_MEMORY,/home/hersco/training_new_domains/2026-08-27/statistical_replication_stage2_mcts_eval/20649845_Ev_counters_counters_mcts_orig_novh_e.5_c.1_s2011206605_K0_SR10M_src20430417_e0012.txt,16,../problems/numeric/counters/vanilla/fz_instance_17.pddl,success,31.08,True,136,1,1,1
,counters-off-2011206605-stage2-mcts_eval-primary-narrow-w5-i20,counters,stage2,off,2011206605,fixed_narrow_w5,20,20649845,OUT_OF_MEMORY,/home/hersco/training_new_domains/2026-08-27/statistical_replication_stage2_mcts_eval/20649845_Ev_counters_counters_mcts_orig_novh_e.5_c.1_s2011206605_K0_SR10M_src20430417_e0012.txt,17,../problems/numeric/counters/vanilla/fz_instance_18.pddl,success,38.87,True,163,1,1,1
,counters-off-2011206605-stage2-mcts_eval-primary-narrow-w5-i20,counters,stage2,off,2011206605,fixed_narrow_w5,20,20649845,OUT_OF_MEMORY,/home/hersco/training_new_domains/2026-08-27/statistical_replication_stage2_mcts_eval/20649845_Ev_counters_counters_mcts_orig_novh_e.5_c.1_s2011206605_K0_SR10M_src20430417_e0012.txt,18,../problems/numeric/counters/vanilla/fz_instance_19.pddl,success,43.37,True,182,1,1,1
,counters-off-2011206605-stage2-mcts_eval-primary-narrow-w5-i20,counters,stage2,off,2011206605,fixed_narrow_w5,20,20649845,OUT_OF_MEMORY,/home/hersco/training_new_domains/2026-08-27/statistical_replication_stage2_mcts_eval/20649845_Ev_counters_counters_mcts_orig_novh_e.5_c.1_s2011206605_K0_SR10M_src20430417_e0012.txt,19,../problems/numeric/counters/vanilla/fz_instance_20.pddl,success,45.36,True,190,1,1,1
,counters-off-2011206605-stage2-mcts_eval-primary-narrow-w5-i20,counters,stage2,off,2011206605,fixed_narrow_w5,20,20649845,OUT_OF_MEMORY,/home/hersco/training_new_domains/2026-08-27/statistical_replication_stage2_mcts_eval/20649845_Ev_counters_counters_mcts_orig_novh_e.5_c.1_s2011206605_K0_SR10M_src20430417_e0012.txt,20,../problems/numeric/counters/vanilla/fz_instance_21.pddl,success,50.38,True,210,1,1,1
,counters-off-2011206605-stage2-mcts_eval-primary-narrow-w5-i20,counters,stage2,off,2011206605,fixed_narrow_w5,20,20649845,OUT_OF_MEMORY,/home/hersco/training_new_domains/2026-08-27/statistical_replication_stage2_mcts_eval/20649845_Ev_counters_counters_mcts_orig_novh_e.5_c.1_s2011206605_K0_SR10M_src20430417_e0012.txt,21,../problems/numeric/counters/vanilla/fz_instance_22.pddl,success,59.88,True,245,1,1,1
,counters-off-2011206605-stage2-mcts_eval-primary-narrow-w5-i20,counters,stage2,off,2011206605,fixed_narrow_w5,20,20649845,OUT_OF_MEMORY,/home/hersco/training_new_domains/2026-08-27/statistical_replication_stage2_mcts_eval/20649845_Ev_counters_counters_mcts_orig_novh_e.5_c.1_s2011206605_K0_SR10M_src20430417_e0012.txt,22,../problems/numeric/counters/vanilla/fz_instance_23.pddl,success,64.42,True,253,1,1,1
,counters-off-2011206605-stage2-mcts_eval-primary-narrow-w5-i20,counters,stage2,off,2011206605,fixed_narrow_w5,20,20649845,OUT_OF_MEMORY,/home/hersco/training_new_domains/2026-08-27/statistical_replication_stage2_mcts_eval/20649845_Ev_counters_counters_mcts_orig_novh_e.5_c.1_s2011206605_K0_SR10M_src20430417_e0012.txt,23,../problems/numeric/counters/vanilla/fz_instance_24.pddl,success,71.68,True,276,1,1,1
,counters-off-2011206605-stage2-mcts_eval-primary-narrow-w5-i20,counters,stage2,off,2011206605,fixed_narrow_w5,20,20649845,OUT_OF_MEMORY,/home/hersco/training_new_domains/2026-08-27/statistical_replication_stage2_mcts_eval/20649845_Ev_counters_counters_mcts_orig_novh_e.5_c.1_s2011206605_K0_SR10M_src20430417_e0012.txt,24,../problems/numeric/counters/vanilla/fz_instance_25.pddl,success,76.44,True,300,1,1,1
,counters-off-2011206605-stage2-mcts_eval-primary-narrow-w5-i20,counters,stage2,off,2011206605,fixed_narrow_w5,20,20649845,OUT_OF_MEMORY,/home/hersco/training_new_domains/2026-08-27/statistical_replication_stage2_mcts_eval/20649845_Ev_counters_counters_mcts_orig_novh_e.5_c.1_s2011206605_K0_SR10M_src20430417_e0012.txt,25,../problems/numeric/counters/vanilla/fz_instance_26.pddl,success,83.73,True,325,1,1,1
,counters-off-2011206605-stage2-mcts_eval-primary-narrow-w5-i20,counters,stage2,off,2011206605,fixed_narrow_w5,20,20649845,OUT_OF_MEMORY,/home/hersco/training_new_domains/2026-08-27/statistical_replication_stage2_mcts_eval/20649845_Ev_counters_counters_mcts_orig_novh_e.5_c.1_s2011206605_K0_SR10M_src20430417_e0012.txt,26,../problems/numeric/counters/vanilla/fz_instance_27.pddl,success,92.46,True,351,1,1,1
,counters-off-2011206605-stage2-mcts_eval-primary-narrow-w5-i20,counters,stage2,off,2011206605,fixed_narrow_w5,20,20649845,OUT_OF_MEMORY,/home/hersco/training_new_domains/2026-08-27/statistical_replication_stage2_mcts_eval/20649845_Ev_counters_counters_mcts_orig_novh_e.5_c.1_s2011206605_K0_SR10M_src20430417_e0012.txt,27,../problems/numeric/counters/vanilla/fz_instance_28.pddl,success,99.94,True,378,1,1,1
,counters-off-2011206605-stage2-mcts_eval-primary-narrow-w5-i20,counters,stage2,off,2011206605,fixed_narrow_w5,20,20649845,OUT_OF_MEMORY,/home/hersco/training_new_domains/2026-08-27/statistical_replication_stage2_mcts_eval/20649845_Ev_counters_counters_mcts_orig_novh_e.5_c.1_s2011206605_K0_SR10M_src20430417_e0012.txt,28,../problems/numeric/counters/vanilla/fz_instance_29.pddl,success,109.71,True,406,1,1,1
,counters-off-2011206605-stage2-mcts_eval-primary-narrow-w5-i20,counters,stage2,off,2011206605,fixed_narrow_w5,20,20649845,OUT_OF_MEMORY,/home/hersco/training_new_domains/2026-08-27/statistical_replication_stage2_mcts_eval/20649845_Ev_counters_counters_mcts_orig_novh_e.5_c.1_s2011206605_K0_SR10M_src20430417_e0012.txt,29,../problems/numeric/counters/vanilla/fz_instance_30.pddl,success,140.78,True,435,1,1,1
,counters-off-2011206605-stage2-mcts_eval-primary-narrow-w5-i20,counters,stage2,off,2011206605,fixed_narrow_w5,20,20649845,OUT_OF_MEMORY,/home/hersco/training_new_domains/2026-08-27/statistical_replication_stage2_mcts_eval/20649845_Ev_counters_counters_mcts_orig_novh_e.5_c.1_s2011206605_K0_SR10M_src20430417_e0012.txt,30,../problems/numeric/counters/vanilla/fz_instance_31.pddl,success,153.35,True,465,1,1,1
,counters-off-2011206605-stage2-mcts_eval-primary-narrow-w5-i20,counters,stage2,off,2011206605,fixed_narrow_w5,20,20649845,OUT_OF_MEMORY,/home/hersco/training_new_domains/2026-08-27/statistical_replication_stage2_mcts_eval/20649845_Ev_counters_counters_mcts_orig_novh_e.5_c.1_s2011206605_K0_SR10M_src20430417_e0012.txt,31,../problems/numeric/counters/vanilla/fz_instance_32.pddl,success,179.9,True,496,1,1,1
,counters-off-2011206605-stage2-mcts_eval-primary-narrow-w5-i20,counters,stage2,off,2011206605,fixed_narrow_w5,20,20649845,OUT_OF_MEMORY,/home/hersco/training_new_domains/2026-08-27/statistical_replication_stage2_mcts_eval/20649845_Ev_counters_counters_mcts_orig_novh_e.5_c.1_s2011206605_K0_SR10M_src20430417_e0012.txt,32,../problems/numeric/counters/vanilla/fz_instance_33.pddl,success,200.23,True,528,1,1,1
,counters-off-2011206605-stage2-mcts_eval-primary-narrow-w5-i20,counters,stage2,off,2011206605,fixed_narrow_w5,20,20649845,OUT_OF_MEMORY,/home/hersco/training_new_domains/2026-08-27/statistical_replication_stage2_mcts_eval/20649845_Ev_counters_counters_mcts_orig_novh_e.5_c.1_s2011206605_K0_SR10M_src20430417_e0012.txt,33,../problems/numeric/counters/vanilla/fz_instance_34.pddl,success,216.04,True,561,1,1,1
,counters-off-2011206605-stage2-mcts_eval-primary-narrow-w5-i20,counters,stage2,off,2011206605,fixed_narrow_w5,20,20649845,OUT_OF_MEMORY,/home/hersco/training_new_domains/2026-08-27/statistical_replication_stage2_mcts_eval/20649845_Ev_counters_counters_mcts_orig_novh_e.5_c.1_s2011206605_K0_SR10M_src20430417_e0012.txt,34,../problems/numeric/counters/vanilla/fz_instance_35.pddl,success,252.73,True,595,1,1,1
,counters-off-2011206605-stage2-mcts_eval-primary-narrow-w5-i20,counters,stage2,off,2011206605,fixed_narrow_w5,20,20649845,OUT_OF_MEMORY,/home/hersco/training_new_domains/2026-08-27/statistical_replication_stage2_mcts_eval/20649845_Ev_counters_counters_mcts_orig_novh_e.5_c.1_s2011206605_K0_SR10M_src20430417_e0012.txt,35,../problems/numeric/counters/vanilla/fz_instance_36.pddl,success,264.86,True,630,1,1,1
,counters-off-2011206605-stage2-mcts_eval-primary-narrow-w5-i20,counters,stage2,off,2011206605,fixed_narrow_w5,20,20649845,OUT_OF_MEMORY,/home/hersco/training_new_domains/2026-08-27/statistical_replication_stage2_mcts_eval/20649845_Ev_counters_counters_mcts_orig_novh_e.5_c.1_s2011206605_K0_SR10M_src20430417_e0012.txt,36,../problems/numeric/counters/vanilla/fz_instance_37.pddl,success,297.1,True,666,1,1,1
,counters-off-2011206605-stage2-mcts_eval-primary-narrow-w5-i20,counters,stage2,off,2011206605,fixed_narrow_w5,20,20649845,OUT_OF_MEMORY,/home/hersco/training_new_domains/2026-08-27/statistical_replication_stage2_mcts_eval/20649845_Ev_counters_counters_mcts_orig_novh_e.5_c.1_s2011206605_K0_SR10M_src20430417_e0012.txt,37,../problems/numeric/counters/vanilla/fz_instance_38.pddl,success,376.41,True,733,1,1,1
,counters-off-2011206605-stage2-mcts_eval-primary-narrow-w5-i20,counters,stage2,off,2011206605,fixed_narrow_w5,20,20649845,OUT_OF_MEMORY,/home/hersco/training_new_domains/2026-08-27/statistical_replication_stage2_mcts_eval/20649845_Ev_counters_counters_mcts_orig_novh_e.5_c.1_s2011206605_K0_SR10M_src20430417_e0012.txt,38,../problems/numeric/counters/vanilla/fz_instance_39.pddl,success,414.57,True,741,1,1,1
,counters-off-2011206605-stage2-mcts_eval-primary-narrow-w5-i20,counters,stage2,off,2011206605,fixed_narrow_w5,20,20649845,OUT_OF_MEMORY,/home/hersco/training_new_domains/2026-08-27/statistical_replication_stage2_mcts_eval/20649845_Ev_counters_counters_mcts_orig_novh_e.5_c.1_s2011206605_K0_SR10M_src20430417_e0012.txt,39,../problems/numeric/counters/vanilla/fz_instance_40.pddl,success,519.4,True,780,1,1,1
,counters-off-2011206605-stage2-mcts_eval-primary-narrow-w5-i20,counters,stage2,off,2011206605,fixed_narrow_w5,20,20649845,OUT_OF_MEMORY,/home/hersco/training_new_domains/2026-08-27/statistical_replication_stage2_mcts_eval/20649845_Ev_counters_counters_mcts_orig_novh_e.5_c.1_s2011206605_K0_SR10M_src20430417_e0012.txt,40,../problems/numeric/counters/vanilla/fz_instance_41.pddl,success,606.01,True,820,1,1,1
,counters-off-2011206605-stage2-mcts_eval-primary-narrow-w5-i20,counters,stage2,off,2011206605,fixed_narrow_w5,20,20649845,OUT_OF_MEMORY,/home/hersco/training_new_domains/2026-08-27/statistical_replication_stage2_mcts_eval/20649845_Ev_counters_counters_mcts_orig_novh_e.5_c.1_s2011206605_K0_SR10M_src20430417_e0012.txt,41,../problems/numeric/counters/vanilla/fz_instance_42.pddl,unsolved,8990.31,False,10000,0,0,0
,counters-off-2011206605-stage2-mcts_eval-primary-narrow-w5-i20,counters,stage2,off,2011206605,fixed_narrow_w5,20,20649845,OUT_OF_MEMORY,/home/hersco/training_new_domains/2026-08-27/statistical_replication_stage2_mcts_eval/20649845_Ev_counters_counters_mcts_orig_novh_e.5_c.1_s2011206605_K0_SR10M_src20430417_e0012.txt,42,../problems/numeric/counters/vanilla/fz_instance_43.pddl,unsolved,7565.8,False,10000,0,0,0
,counters-off-2011206605-stage2-mcts_eval-primary-narrow-w5-i20,counters,stage2,off,2011206605,fixed_narrow_w5,20,20649845,OUT_OF_MEMORY,/home/hersco/training_new_domains/2026-08-27/statistical_replication_stage2_mcts_eval/20649845_Ev_counters_counters_mcts_orig_novh_e.5_c.1_s2011206605_K0_SR10M_src20430417_e0012.txt,43,../problems/numeric/counters/vanilla/fz_instance_44.pddl,unsolved,9018.88,False,10000,0,0,0
,counters-off-2011206605-stage2-mcts_eval-primary-narrow-w5-i20,counters,stage2,off,2011206605,fixed_narrow_w5,20,20649845,OUT_OF_MEMORY,/home/hersco/training_new_domains/2026-08-27/statistical_replication_stage2_mcts_eval/20649845_Ev_counters_counters_mcts_orig_novh_e.5_c.1_s2011206605_K0_SR10M_src20430417_e0012.txt,44,../problems/numeric/counters/vanilla/fz_instance_45.pddl,timeout,21600.0,False,-1,0,0,0
,counters-off-2011206605-stage2-mcts_eval-primary-narrow-w5-i20,counters,stage2,off,2011206605,fixed_narrow_w5,20,20649845,OUT_OF_MEMORY,/home/hersco/training_new_domains/2026-08-27/statistical_replication_stage2_mcts_eval/20649845_Ev_counters_counters_mcts_orig_novh_e.5_c.1_s2011206605_K0_SR10M_src20430417_e0012.txt,45,../problems/numeric/counters/vanilla/fz_instance_46.pddl,unsolved,13370.87,False,10000,0,0,0
,counters-off-2011206605-stage2-mcts_eval-primary-narrow-w5-i20,counters,stage2,off,2011206605,fixed_narrow_w5,20,20649845,OUT_OF_MEMORY,/home/hersco/training_new_domains/2026-08-27/statistical_replication_stage2_mcts_eval/20649845_Ev_counters_counters_mcts_orig_novh_e.5_c.1_s2011206605_K0_SR10M_src20430417_e0012.txt,46,../problems/numeric/counters/vanilla/fz_instance_47.pddl,unsolved,16385.14,False,10000,0,0,0
,counters-off-2011206605-stage2-mcts_eval-primary-narrow-w5-i20,counters,stage2,off,2011206605,fixed_narrow_w5,20,20649845,OUT_OF_MEMORY,/home/hersco/training_new_domains/2026-08-27/statistical_replication_stage2_mcts_eval/20649845_Ev_counters_counters_mcts_orig_novh_e.5_c.1_s2011206605_K0_SR10M_src20430417_e0012.txt,47,../problems/numeric/counters/vanilla/fz_instance_48.pddl,unsolved,17011.05,False,10000,0,0,0
,counters-off-2011206605-stage2-mcts_eval-primary-narrow-w5-i20,counters,stage2,off,2011206605,fixed_narrow_w5,20,20649845,OUT_OF_MEMORY,/home/hersco/training_new_domains/2026-08-27/statistical_replication_stage2_mcts_eval/20649845_Ev_counters_counters_mcts_orig_novh_e.5_c.1_s2011206605_K0_SR10M_src20430417_e0012.txt,48,../problems/numeric/counters/vanilla/fz_instance_49.pddl,timeout,21600.0,False,-1,0,0,0
,counters-off-2011206605-stage2-mcts_eval-primary-narrow-w5-i20,counters,stage2,off,2011206605,fixed_narrow_w5,20,20649845,OUT_OF_MEMORY,/home/hersco/training_new_domains/2026-08-27/statistical_replication_stage2_mcts_eval/20649845_Ev_counters_counters_mcts_orig_novh_e.5_c.1_s2011206605_K0_SR10M_src20430417_e0012.txt,49,../problems/numeric/counters/vanilla/fz_instance_50.pddl,timeout,21600.0,False,-1,0,0,0
,counters-off-2011206605-stage2-mcts_eval-primary-narrow-w5-i20,counters,stage2,off,2011206605,fixed_narrow_w5,20,20649845,OUT_OF_MEMORY,/home/hersco/training_new_domains/2026-08-27/statistical_replication_stage2_mcts_eval/20649845_Ev_counters_counters_mcts_orig_novh_e.5_c.1_s2011206605_K0_SR10M_src20430417_e0012.txt,50,../problems/numeric/counters/vanilla/fz_instance_51.pddl,timeout,21600.0,False,-1,0,0,0
,counters-off-2011206605-stage2-mcts_eval-primary-narrow-w5-i20,counters,stage2,off,2011206605,fixed_narrow_w5,20,20649845,OUT_OF_MEMORY,/home/hersco/training_new_domains/2026-08-27/statistical_replication_stage2_mcts_eval/20649845_Ev_counters_counters_mcts_orig_novh_e.5_c.1_s2011206605_K0_SR10M_src20430417_e0012.txt,51,../problems/numeric/counters/vanilla/fz_instance_52.pddl,unsolved,21185.37,False,10000,0,0,0
,counters-off-2011206605-stage2-mcts_eval-primary-narrow-w5-i20,counters,stage2,off,2011206605,fixed_narrow_w5,20,20649845,OUT_OF_MEMORY,/home/hersco/training_new_domains/2026-08-27/statistical_replication_stage2_mcts_eval/20649845_Ev_counters_counters_mcts_orig_novh_e.5_c.1_s2011206605_K0_SR10M_src20430417_e0012.txt,52,../problems/numeric/counters/vanilla/fz_instance_53.pddl,timeout,21600.0,False,-1,0,0,0
,counters-off-2011206605-stage2-mcts_eval-primary-narrow-w5-i20,counters,stage2,off,2011206605,fixed_narrow_w5,20,20649845,OUT_OF_MEMORY,/home/hersco/training_new_domains/2026-08-27/statistical_replication_stage2_mcts_eval/20649845_Ev_counters_counters_mcts_orig_novh_e.5_c.1_s2011206605_K0_SR10M_src20430417_e0012.txt,53,../problems/numeric/counters/vanilla/fz_instance_54.pddl,timeout,21600.0,False,-1,0,0,0
,counters-off-2011206605-stage2-mcts_eval-primary-narrow-w5-i20,counters,stage2,off,2011206605,fixed_narrow_w5,20,20649845,OUT_OF_MEMORY,/home/hersco/training_new_domains/2026-08-27/statistical_replication_stage2_mcts_eval/20649845_Ev_counters_counters_mcts_orig_novh_e.5_c.1_s2011206605_K0_SR10M_src20430417_e0012.txt,55,../problems/numeric/counters/vanilla/fz_instance_56.pddl,timeout,21600.0,False,-1,0,0,0
,counters-off-2011206605-stage2-mcts_eval-primary-narrow-w5-i20,counters,stage2,off,2011206605,fixed_narrow_w5,20,20649845,OUT_OF_MEMORY,/home/hersco/training_new_domains/2026-08-27/statistical_replication_stage2_mcts_eval/20649845_Ev_counters_counters_mcts_orig_novh_e.5_c.1_s2011206605_K0_SR10M_src20430417_e0012.txt,56,../problems/numeric/counters/vanilla/fz_instance_57.pddl,timeout,21600.0,False,-1,0,0,0
,counters-off-2011206605-stage2-mcts_eval-primary-narrow-w5-i20,counters,stage2,off,2011206605,fixed_narrow_w5,20,20649845,OUT_OF_MEMORY,/home/hersco/training_new_domains/2026-08-27/statistical_replication_stage2_mcts_eval/20649845_Ev_counters_counters_mcts_orig_novh_e.5_c.1_s2011206605_K0_SR10M_src20430417_e0012.txt,57,../problems/numeric/counters/vanilla/fz_instance_58.pddl,timeout,21600.0,False,-1,0,0,0
,counters-off-2011206605-stage2-mcts_eval-primary-narrow-w5-i20,counters,stage2,off,2011206605,fixed_narrow_w5,20,20649845,OUT_OF_MEMORY,/home/hersco/training_new_domains/2026-08-27/statistical_replication_stage2_mcts_eval/20649845_Ev_counters_counters_mcts_orig_novh_e.5_c.1_s2011206605_K0_SR10M_src20430417_e0012.txt,58,../problems/numeric/counters/vanilla/fz_instance_59.pddl,timeout,21600.0,False,-1,0,0,0
,counters-off-2011206605-stage2-mcts_eval-primary-narrow-w5-i20,counters,stage2,off,2011206605,fixed_narrow_w5,20,20649845,OUT_OF_MEMORY,/home/hersco/training_new_domains/2026-08-27/statistical_replication_stage2_mcts_eval/20649845_Ev_counters_counters_mcts_orig_novh_e.5_c.1_s2011206605_K0_SR10M_src20430417_e0012.txt,59,../problems/numeric/counters/vanilla/fz_instance_60.pddl,timeout,21600.0,False,-1,0,0,0
,counters-off-1073581256-stage2-mcts_eval-primary-narrow-w5-i20,counters,stage2,off,1073581256,fixed_narrow_w5,20,20649846,COMPLETED,/home/hersco/training_new_domains/2026-08-27/statistical_replication_stage2_mcts_eval/20649846_Ev_counters_counters_mcts_orig_novh_e.5_c.1_s1073581256_K0_SR10M_src20430419_e0000.txt,1,../problems/numeric/counters/vanilla/fz_instance_2.pddl,success,7.56,True,1,1,1,1
,counters-off-1073581256-stage2-mcts_eval-primary-narrow-w5-i20,counters,stage2,off,1073581256,fixed_narrow_w5,20,20649846,COMPLETED,/home/hersco/training_new_domains/2026-08-27/statistical_replication_stage2_mcts_eval/20649846_Ev_counters_counters_mcts_orig_novh_e.5_c.1_s1073581256_K0_SR10M_src20430419_e0000.txt,2,../problems/numeric/counters/vanilla/fz_instance_3.pddl,success,11.32,True,3,1,1,1
,counters-off-1073581256-stage2-mcts_eval-primary-narrow-w5-i20,counters,stage2,off,1073581256,fixed_narrow_w5,20,20649846,COMPLETED,/home/hersco/training_new_domains/2026-08-27/statistical_replication_stage2_mcts_eval/20649846_Ev_counters_counters_mcts_orig_novh_e.5_c.1_s1073581256_K0_SR10M_src20430419_e0000.txt,3,../problems/numeric/counters/vanilla/fz_instance_4.pddl,success,10.04,True,6,1,1,1
,counters-off-1073581256-stage2-mcts_eval-primary-narrow-w5-i20,counters,stage2,off,1073581256,fixed_narrow_w5,20,20649846,COMPLETED,/home/hersco/training_new_domains/2026-08-27/statistical_replication_stage2_mcts_eval/20649846_Ev_counters_counters_mcts_orig_novh_e.5_c.1_s1073581256_K0_SR10M_src20430419_e0000.txt,4,../problems/numeric/counters/vanilla/fz_instance_5.pddl,success,10.04,True,10,1,1,1
,counters-off-1073581256-stage2-mcts_eval-primary-narrow-w5-i20,counters,stage2,off,1073581256,fixed_narrow_w5,20,20649846,COMPLETED,/home/hersco/training_new_domains/2026-08-27/statistical_replication_stage2_mcts_eval/20649846_Ev_counters_counters_mcts_orig_novh_e.5_c.1_s1073581256_K0_SR10M_src20430419_e0000.txt,5,../problems/numeric/counters/vanilla/fz_instance_6.pddl,success,11.3,True,15,1,1,1
,counters-off-1073581256-stage2-mcts_eval-primary-narrow-w5-i20,counters,stage2,off,1073581256,fixed_narrow_w5,20,20649846,COMPLETED,/home/hersco/training_new_domains/2026-08-27/statistical_replication_stage2_mcts_eval/20649846_Ev_counters_counters_mcts_orig_novh_e.5_c.1_s1073581256_K0_SR10M_src20430419_e0000.txt,6,../problems/numeric/counters/vanilla/fz_instance_7.pddl,success,12.55,True,21,1,1,1
,counters-off-1073581256-stage2-mcts_eval-primary-narrow-w5-i20,counters,stage2,off,1073581256,fixed_narrow_w5,20,20649846,COMPLETED,/home/hersco/training_new_domains/2026-08-27/statistical_replication_stage2_mcts_eval/20649846_Ev_counters_counters_mcts_orig_novh_e.5_c.1_s1073581256_K0_SR10M_src20430419_e0000.txt,7,../problems/numeric/counters/vanilla/fz_instance_8.pddl,success,13.05,True,28,1,1,1
,counters-off-1073581256-stage2-mcts_eval-primary-narrow-w5-i20,counters,stage2,off,1073581256,fixed_narrow_w5,20,20649846,COMPLETED,/home/hersco/training_new_domains/2026-08-27/statistical_replication_stage2_mcts_eval/20649846_Ev_counters_counters_mcts_orig_novh_e.5_c.1_s1073581256_K0_SR10M_src20430419_e0000.txt,8,../problems/numeric/counters/vanilla/fz_instance_9.pddl,success,14.81,True,36,1,1,1
,counters-off-1073581256-stage2-mcts_eval-primary-narrow-w5-i20,counters,stage2,off,1073581256,fixed_narrow_w5,20,20649846,COMPLETED,/home/hersco/training_new_domains/2026-08-27/statistical_replication_stage2_mcts_eval/20649846_Ev_counters_counters_mcts_orig_novh_e.5_c.1_s1073581256_K0_SR10M_src20430419_e0000.txt,9,../problems/numeric/counters/vanilla/fz_instance_10.pddl,success,17.32,True,49,1,1,1
,counters-off-1073581256-stage2-mcts_eval-primary-narrow-w5-i20,counters,stage2,off,1073581256,fixed_narrow_w5,20,20649846,COMPLETED,/home/hersco/training_new_domains/2026-08-27/statistical_replication_stage2_mcts_eval/20649846_Ev_counters_counters_mcts_orig_novh_e.5_c.1_s1073581256_K0_SR10M_src20430419_e0000.txt,10,../problems/numeric/counters/vanilla/fz_instance_11.pddl,success,18.36,True,57,1,1,1
,counters-off-1073581256-stage2-mcts_eval-primary-narrow-w5-i20,counters,stage2,off,1073581256,fixed_narrow_w5,20,20649846,COMPLETED,/home/hersco/training_new_domains/2026-08-27/statistical_replication_stage2_mcts_eval/20649846_Ev_counters_counters_mcts_orig_novh_e.5_c.1_s1073581256_K0_SR10M_src20430419_e0000.txt,11,../problems/numeric/counters/vanilla/fz_instance_12.pddl,success,20.36,True,68,1,1,1
,counters-off-1073581256-stage2-mcts_eval-primary-narrow-w5-i20,counters,stage2,off,1073581256,fixed_narrow_w5,20,20649846,COMPLETED,/home/hersco/training_new_domains/2026-08-27/statistical_replication_stage2_mcts_eval/20649846_Ev_counters_counters_mcts_orig_novh_e.5_c.1_s1073581256_K0_SR10M_src20430419_e0000.txt,12,../problems/numeric/counters/vanilla/fz_instance_13.pddl,success,22.83,True,78,1,1,1
,counters-off-1073581256-stage2-mcts_eval-primary-narrow-w5-i20,counters,stage2,off,1073581256,fixed_narrow_w5,20,20649846,COMPLETED,/home/hersco/training_new_domains/2026-08-27/statistical_replication_stage2_mcts_eval/20649846_Ev_counters_counters_mcts_orig_novh_e.5_c.1_s1073581256_K0_SR10M_src20430419_e0000.txt,13,../problems/numeric/counters/vanilla/fz_instance_14.pddl,success,24.83,True,93,1,1,1
,counters-off-1073581256-stage2-mcts_eval-primary-narrow-w5-i20,counters,stage2,off,1073581256,fixed_narrow_w5,20,20649846,COMPLETED,/home/hersco/training_new_domains/2026-08-27/statistical_replication_stage2_mcts_eval/20649846_Ev_counters_counters_mcts_orig_novh_e.5_c.1_s1073581256_K0_SR10M_src20430419_e0000.txt,14,../problems/numeric/counters/vanilla/fz_instance_15.pddl,success,29.33,True,105,1,1,1
,counters-off-1073581256-stage2-mcts_eval-primary-narrow-w5-i20,counters,stage2,off,1073581256,fixed_narrow_w5,20,20649846,COMPLETED,/home/hersco/training_new_domains/2026-08-27/statistical_replication_stage2_mcts_eval/20649846_Ev_counters_counters_mcts_orig_novh_e.5_c.1_s1073581256_K0_SR10M_src20430419_e0000.txt,15,../problems/numeric/counters/vanilla/fz_instance_16.pddl,success,30.58,True,120,1,1,1
,counters-off-1073581256-stage2-mcts_eval-primary-narrow-w5-i20,counters,stage2,off,1073581256,fixed_narrow_w5,20,20649846,COMPLETED,/home/hersco/training_new_domains/2026-08-27/statistical_replication_stage2_mcts_eval/20649846_Ev_counters_counters_mcts_orig_novh_e.5_c.1_s1073581256_K0_SR10M_src20430419_e0000.txt,16,../problems/numeric/counters/vanilla/fz_instance_17.pddl,success,35.85,True,136,1,1,1
,counters-off-1073581256-stage2-mcts_eval-primary-narrow-w5-i20,counters,stage2,off,1073581256,fixed_narrow_w5,20,20649846,COMPLETED,/home/hersco/training_new_domains/2026-08-27/statistical_replication_stage2_mcts_eval/20649846_Ev_counters_counters_mcts_orig_novh_e.5_c.1_s1073581256_K0_SR10M_src20430419_e0000.txt,17,../problems/numeric/counters/vanilla/fz_instance_18.pddl,success,37.86,True,153,1,1,1
,counters-off-1073581256-stage2-mcts_eval-primary-narrow-w5-i20,counters,stage2,off,1073581256,fixed_narrow_w5,20,20649846,COMPLETED,/home/hersco/training_new_domains/2026-08-27/statistical_replication_stage2_mcts_eval/20649846_Ev_counters_counters_mcts_orig_novh_e.5_c.1_s1073581256_K0_SR10M_src20430419_e0000.txt,18,../problems/numeric/counters/vanilla/fz_instance_19.pddl,success,47.12,True,171,1,1,1
,counters-off-1073581256-stage2-mcts_eval-primary-narrow-w5-i20,counters,stage2,off,1073581256,fixed_narrow_w5,20,20649846,COMPLETED,/home/hersco/training_new_domains/2026-08-27/statistical_replication_stage2_mcts_eval/20649846_Ev_counters_counters_mcts_orig_novh_e.5_c.1_s1073581256_K0_SR10M_src20430419_e0000.txt,19,../problems/numeric/counters/vanilla/fz_instance_20.pddl,success,50.89,True,190,1,1,1
,counters-off-1073581256-stage2-mcts_eval-primary-narrow-w5-i20,counters,stage2,off,1073581256,fixed_narrow_w5,20,20649846,COMPLETED,/home/hersco/training_new_domains/2026-08-27/statistical_replication_stage2_mcts_eval/20649846_Ev_counters_counters_mcts_orig_novh_e.5_c.1_s1073581256_K0_SR10M_src20430419_e0000.txt,20,../problems/numeric/counters/vanilla/fz_instance_21.pddl,success,55.64,True,210,1,1,1
,counters-off-1073581256-stage2-mcts_eval-primary-narrow-w5-i20,counters,stage2,off,1073581256,fixed_narrow_w5,20,20649846,COMPLETED,/home/hersco/training_new_domains/2026-08-27/statistical_replication_stage2_mcts_eval/20649846_Ev_counters_counters_mcts_orig_novh_e.5_c.1_s1073581256_K0_SR10M_src20430419_e0000.txt,21,../problems/numeric/counters/vanilla/fz_instance_22.pddl,success,68.42,True,233,1,1,1
,counters-off-1073581256-stage2-mcts_eval-primary-narrow-w5-i20,counters,stage2,off,1073581256,fixed_narrow_w5,20,20649846,COMPLETED,/home/hersco/training_new_domains/2026-08-27/statistical_replication_stage2_mcts_eval/20649846_Ev_counters_counters_mcts_orig_novh_e.5_c.1_s1073581256_K0_SR10M_src20430419_e0000.txt,22,../problems/numeric/counters/vanilla/fz_instance_23.pddl,success,69.41,True,253,1,1,1
,counters-off-1073581256-stage2-mcts_eval-primary-narrow-w5-i20,counters,stage2,off,1073581256,fixed_narrow_w5,20,20649846,COMPLETED,/home/hersco/training_new_domains/2026-08-27/statistical_replication_stage2_mcts_eval/20649846_Ev_counters_counters_mcts_orig_novh_e.5_c.1_s1073581256_K0_SR10M_src20430419_e0000.txt,23,../problems/numeric/counters/vanilla/fz_instance_24.pddl,success,78.21,True,276,1,1,1
,counters-off-1073581256-stage2-mcts_eval-primary-narrow-w5-i20,counters,stage2,off,1073581256,fixed_narrow_w5,20,20649846,COMPLETED,/home/hersco/training_new_domains/2026-08-27/statistical_replication_stage2_mcts_eval/20649846_Ev_counters_counters_mcts_orig_novh_e.5_c.1_s1073581256_K0_SR10M_src20430419_e0000.txt,24,../problems/numeric/counters/vanilla/fz_instance_25.pddl,success,84.99,True,300,1,1,1
,counters-off-1073581256-stage2-mcts_eval-primary-narrow-w5-i20,counters,stage2,off,1073581256,fixed_narrow_w5,20,20649846,COMPLETED,/home/hersco/training_new_domains/2026-08-27/statistical_replication_stage2_mcts_eval/20649846_Ev_counters_counters_mcts_orig_novh_e.5_c.1_s1073581256_K0_SR10M_src20430419_e0000.txt,25,../problems/numeric/counters/vanilla/fz_instance_26.pddl,success,89.26,True,329,1,1,1
,counters-off-1073581256-stage2-mcts_eval-primary-narrow-w5-i20,counters,stage2,off,1073581256,fixed_narrow_w5,20,20649846,COMPLETED,/home/hersco/training_new_domains/2026-08-27/statistical_replication_stage2_mcts_eval/20649846_Ev_counters_counters_mcts_orig_novh_e.5_c.1_s1073581256_K0_SR10M_src20430419_e0000.txt,26,../problems/numeric/counters/vanilla/fz_instance_27.pddl,success,96.25,True,353,1,1,1
,counters-off-1073581256-stage2-mcts_eval-primary-narrow-w5-i20,counters,stage2,off,1073581256,fixed_narrow_w5,20,20649846,COMPLETED,/home/hersco/training_new_domains/2026-08-27/statistical_replication_stage2_mcts_eval/20649846_Ev_counters_counters_mcts_orig_novh_e.5_c.1_s1073581256_K0_SR10M_src20430419_e0000.txt,27,../problems/numeric/counters/vanilla/fz_instance_28.pddl,success,112.84,True,378,1,1,1
,counters-off-1073581256-stage2-mcts_eval-primary-narrow-w5-i20,counters,stage2,off,1073581256,fixed_narrow_w5,20,20649846,COMPLETED,/home/hersco/training_new_domains/2026-08-27/statistical_replication_stage2_mcts_eval/20649846_Ev_counters_counters_mcts_orig_novh_e.5_c.1_s1073581256_K0_SR10M_src20430419_e0000.txt,28,../problems/numeric/counters/vanilla/fz_instance_29.pddl,success,119.61,True,408,1,1,1
,counters-off-1073581256-stage2-mcts_eval-primary-narrow-w5-i20,counters,stage2,off,1073581256,fixed_narrow_w5,20,20649846,COMPLETED,/home/hersco/training_new_domains/2026-08-27/statistical_replication_stage2_mcts_eval/20649846_Ev_counters_counters_mcts_orig_novh_e.5_c.1_s1073581256_K0_SR10M_src20430419_e0000.txt,29,../problems/numeric/counters/vanilla/fz_instance_30.pddl,success,146.82,True,435,1,1,1
,counters-off-1073581256-stage2-mcts_eval-primary-narrow-w5-i20,counters,stage2,off,1073581256,fixed_narrow_w5,20,20649846,COMPLETED,/home/hersco/training_new_domains/2026-08-27/statistical_replication_stage2_mcts_eval/20649846_Ev_counters_counters_mcts_orig_novh_e.5_c.1_s1073581256_K0_SR10M_src20430419_e0000.txt,30,../problems/numeric/counters/vanilla/fz_instance_31.pddl,success,147.57,True,465,1,1,1
,counters-off-1073581256-stage2-mcts_eval-primary-narrow-w5-i20,counters,stage2,off,1073581256,fixed_narrow_w5,20,20649846,COMPLETED,/home/hersco/training_new_domains/2026-08-27/statistical_replication_stage2_mcts_eval/20649846_Ev_counters_counters_mcts_orig_novh_e.5_c.1_s1073581256_K0_SR10M_src20430419_e0000.txt,31,../problems/numeric/counters/vanilla/fz_instance_32.pddl,success,181.62,True,496,1,1,1
,counters-off-1073581256-stage2-mcts_eval-primary-narrow-w5-i20,counters,stage2,off,1073581256,fixed_narrow_w5,20,20649846,COMPLETED,/home/hersco/training_new_domains/2026-08-27/statistical_replication_stage2_mcts_eval/20649846_Ev_counters_counters_mcts_orig_novh_e.5_c.1_s1073581256_K0_SR10M_src20430419_e0000.txt,32,../problems/numeric/counters/vanilla/fz_instance_33.pddl,success,194.51,True,528,1,1,1
,counters-off-1073581256-stage2-mcts_eval-primary-narrow-w5-i20,counters,stage2,off,1073581256,fixed_narrow_w5,20,20649846,COMPLETED,/home/hersco/training_new_domains/2026-08-27/statistical_replication_stage2_mcts_eval/20649846_Ev_counters_counters_mcts_orig_novh_e.5_c.1_s1073581256_K0_SR10M_src20430419_e0000.txt,33,../problems/numeric/counters/vanilla/fz_instance_34.pddl,success,201.28,True,561,1,1,1
,counters-off-1073581256-stage2-mcts_eval-primary-narrow-w5-i20,counters,stage2,off,1073581256,fixed_narrow_w5,20,20649846,COMPLETED,/home/hersco/training_new_domains/2026-08-27/statistical_replication_stage2_mcts_eval/20649846_Ev_counters_counters_mcts_orig_novh_e.5_c.1_s1073581256_K0_SR10M_src20430419_e0000.txt,34,../problems/numeric/counters/vanilla/fz_instance_35.pddl,success,228.55,True,595,1,1,1
,counters-off-1073581256-stage2-mcts_eval-primary-narrow-w5-i20,counters,stage2,off,1073581256,fixed_narrow_w5,20,20649846,COMPLETED,/home/hersco/training_new_domains/2026-08-27/statistical_replication_stage2_mcts_eval/20649846_Ev_counters_counters_mcts_orig_novh_e.5_c.1_s1073581256_K0_SR10M_src20430419_e0000.txt,35,../problems/numeric/counters/vanilla/fz_instance_36.pddl,success,251.7,True,630,1,1,1
,counters-off-1073581256-stage2-mcts_eval-primary-narrow-w5-i20,counters,stage2,off,1073581256,fixed_narrow_w5,20,20649846,COMPLETED,/home/hersco/training_new_domains/2026-08-27/statistical_replication_stage2_mcts_eval/20649846_Ev_counters_counters_mcts_orig_novh_e.5_c.1_s1073581256_K0_SR10M_src20430419_e0000.txt,36,../problems/numeric/counters/vanilla/fz_instance_37.pddl,success,298.53,True,666,1,1,1
,counters-off-1073581256-stage2-mcts_eval-primary-narrow-w5-i20,counters,stage2,off,1073581256,fixed_narrow_w5,20,20649846,COMPLETED,/home/hersco/training_new_domains/2026-08-27/statistical_replication_stage2_mcts_eval/20649846_Ev_counters_counters_mcts_orig_novh_e.5_c.1_s1073581256_K0_SR10M_src20430419_e0000.txt,37,../problems/numeric/counters/vanilla/fz_instance_38.pddl,success,365.13,True,703,1,1,1
,counters-off-1073581256-stage2-mcts_eval-primary-narrow-w5-i20,counters,stage2,off,1073581256,fixed_narrow_w5,20,20649846,COMPLETED,/home/hersco/training_new_domains/2026-08-27/statistical_replication_stage2_mcts_eval/20649846_Ev_counters_counters_mcts_orig_novh_e.5_c.1_s1073581256_K0_SR10M_src20430419_e0000.txt,38,../problems/numeric/counters/vanilla/fz_instance_39.pddl,success,419.28,True,741,1,1,1
,counters-off-1073581256-stage2-mcts_eval-primary-narrow-w5-i20,counters,stage2,off,1073581256,fixed_narrow_w5,20,20649846,COMPLETED,/home/hersco/training_new_domains/2026-08-27/statistical_replication_stage2_mcts_eval/20649846_Ev_counters_counters_mcts_orig_novh_e.5_c.1_s1073581256_K0_SR10M_src20430419_e0000.txt,39,../problems/numeric/counters/vanilla/fz_instance_40.pddl,success,534.26,True,780,1,1,1
,counters-off-1073581256-stage2-mcts_eval-primary-narrow-w5-i20,counters,stage2,off,1073581256,fixed_narrow_w5,20,20649846,COMPLETED,/home/hersco/training_new_domains/2026-08-27/statistical_replication_stage2_mcts_eval/20649846_Ev_counters_counters_mcts_orig_novh_e.5_c.1_s1073581256_K0_SR10M_src20430419_e0000.txt,40,../problems/numeric/counters/vanilla/fz_instance_41.pddl,success,619.65,True,820,1,1,1
,counters-off-1073581256-stage2-mcts_eval-primary-narrow-w5-i20,counters,stage2,off,1073581256,fixed_narrow_w5,20,20649846,COMPLETED,/home/hersco/training_new_domains/2026-08-27/statistical_replication_stage2_mcts_eval/20649846_Ev_counters_counters_mcts_orig_novh_e.5_c.1_s1073581256_K0_SR10M_src20430419_e0000.txt,41,../problems/numeric/counters/vanilla/fz_instance_42.pddl,success,534.53,True,861,1,1,1
,counters-off-1073581256-stage2-mcts_eval-primary-narrow-w5-i20,counters,stage2,off,1073581256,fixed_narrow_w5,20,20649846,COMPLETED,/home/hersco/training_new_domains/2026-08-27/statistical_replication_stage2_mcts_eval/20649846_Ev_counters_counters_mcts_orig_novh_e.5_c.1_s1073581256_K0_SR10M_src20430419_e0000.txt,42,../problems/numeric/counters/vanilla/fz_instance_43.pddl,success,506.04,True,903,1,1,1
,counters-off-1073581256-stage2-mcts_eval-primary-narrow-w5-i20,counters,stage2,off,1073581256,fixed_narrow_w5,20,20649846,COMPLETED,/home/hersco/training_new_domains/2026-08-27/statistical_replication_stage2_mcts_eval/20649846_Ev_counters_counters_mcts_orig_novh_e.5_c.1_s1073581256_K0_SR10M_src20430419_e0000.txt,43,../problems/numeric/counters/vanilla/fz_instance_44.pddl,success,617.43,True,946,1,1,1
,counters-off-1073581256-stage2-mcts_eval-primary-narrow-w5-i20,counters,stage2,off,1073581256,fixed_narrow_w5,20,20649846,COMPLETED,/home/hersco/training_new_domains/2026-08-27/statistical_replication_stage2_mcts_eval/20649846_Ev_counters_counters_mcts_orig_novh_e.5_c.1_s1073581256_K0_SR10M_src20430419_e0000.txt,44,../problems/numeric/counters/vanilla/fz_instance_45.pddl,success,683.19,True,990,1,1,1
,counters-off-1073581256-stage2-mcts_eval-primary-narrow-w5-i20,counters,stage2,off,1073581256,fixed_narrow_w5,20,20649846,COMPLETED,/home/hersco/training_new_domains/2026-08-27/statistical_replication_stage2_mcts_eval/20649846_Ev_counters_counters_mcts_orig_novh_e.5_c.1_s1073581256_K0_SR10M_src20430419_e0000.txt,45,../problems/numeric/counters/vanilla/fz_instance_46.pddl,success,801.11,True,1035,1,1,1
,counters-off-1073581256-stage2-mcts_eval-primary-narrow-w5-i20,counters,stage2,off,1073581256,fixed_narrow_w5,20,20649846,COMPLETED,/home/hersco/training_new_domains/2026-08-27/statistical_replication_stage2_mcts_eval/20649846_Ev_counters_counters_mcts_orig_novh_e.5_c.1_s1073581256_K0_SR10M_src20430419_e0000.txt,46,../problems/numeric/counters/vanilla/fz_instance_47.pddl,success,906.75,True,1081,1,1,1
,counters-off-1073581256-stage2-mcts_eval-primary-narrow-w5-i20,counters,stage2,off,1073581256,fixed_narrow_w5,20,20649846,COMPLETED,/home/hersco/training_new_domains/2026-08-27/statistical_replication_stage2_mcts_eval/20649846_Ev_counters_counters_mcts_orig_novh_e.5_c.1_s1073581256_K0_SR10M_src20430419_e0000.txt,47,../problems/numeric/counters/vanilla/fz_instance_48.pddl,success,977.95,True,1128,1,1,1
,counters-off-1073581256-stage2-mcts_eval-primary-narrow-w5-i20,counters,stage2,off,1073581256,fixed_narrow_w5,20,20649846,COMPLETED,/home/hersco/training_new_domains/2026-08-27/statistical_replication_stage2_mcts_eval/20649846_Ev_counters_counters_mcts_orig_novh_e.5_c.1_s1073581256_K0_SR10M_src20430419_e0000.txt,48,../problems/numeric/counters/vanilla/fz_instance_49.pddl,success,1067.36,True,1176,1,1,1
,counters-off-1073581256-stage2-mcts_eval-primary-narrow-w5-i20,counters,stage2,off,1073581256,fixed_narrow_w5,20,20649846,COMPLETED,/home/hersco/training_new_domains/2026-08-27/statistical_replication_stage2_mcts_eval/20649846_Ev_counters_counters_mcts_orig_novh_e.5_c.1_s1073581256_K0_SR10M_src20430419_e0000.txt,49,../problems/numeric/counters/vanilla/fz_instance_50.pddl,success,1335.47,True,1225,1,1,1
,counters-off-1073581256-stage2-mcts_eval-primary-narrow-w5-i20,counters,stage2,off,1073581256,fixed_narrow_w5,20,20649846,COMPLETED,/home/hersco/training_new_domains/2026-08-27/statistical_replication_stage2_mcts_eval/20649846_Ev_counters_counters_mcts_orig_novh_e.5_c.1_s1073581256_K0_SR10M_src20430419_e0000.txt,50,../problems/numeric/counters/vanilla/fz_instance_51.pddl,success,1695.49,True,1275,1,1,1
,counters-off-1073581256-stage2-mcts_eval-primary-narrow-w5-i20,counters,stage2,off,1073581256,fixed_narrow_w5,20,20649846,COMPLETED,/home/hersco/training_new_domains/2026-08-27/statistical_replication_stage2_mcts_eval/20649846_Ev_counters_counters_mcts_orig_novh_e.5_c.1_s1073581256_K0_SR10M_src20430419_e0000.txt,51,../problems/numeric/counters/vanilla/fz_instance_52.pddl,success,1529.52,True,1326,1,1,1
,counters-off-1073581256-stage2-mcts_eval-primary-narrow-w5-i20,counters,stage2,off,1073581256,fixed_narrow_w5,20,20649846,COMPLETED,/home/hersco/training_new_domains/2026-08-27/statistical_replication_stage2_mcts_eval/20649846_Ev_counters_counters_mcts_orig_novh_e.5_c.1_s1073581256_K0_SR10M_src20430419_e0000.txt,52,../problems/numeric/counters/vanilla/fz_instance_53.pddl,unsolved,9419.84,False,10000,0,0,0
,counters-off-1073581256-stage2-mcts_eval-primary-narrow-w5-i20,counters,stage2,off,1073581256,fixed_narrow_w5,20,20649846,COMPLETED,/home/hersco/training_new_domains/2026-08-27/statistical_replication_stage2_mcts_eval/20649846_Ev_counters_counters_mcts_orig_novh_e.5_c.1_s1073581256_K0_SR10M_src20430419_e0000.txt,53,../problems/numeric/counters/vanilla/fz_instance_54.pddl,unsolved,10552.63,False,10000,0,0,0
,counters-off-1073581256-stage2-mcts_eval-primary-narrow-w5-i20,counters,stage2,off,1073581256,fixed_narrow_w5,20,20649846,COMPLETED,/home/hersco/training_new_domains/2026-08-27/statistical_replication_stage2_mcts_eval/20649846_Ev_counters_counters_mcts_orig_novh_e.5_c.1_s1073581256_K0_SR10M_src20430419_e0000.txt,54,../problems/numeric/counters/vanilla/fz_instance_55.pddl,unsolved,12391.85,False,10000,0,0,0
,counters-off-1073581256-stage2-mcts_eval-primary-narrow-w5-i20,counters,stage2,off,1073581256,fixed_narrow_w5,20,20649846,COMPLETED,/home/hersco/training_new_domains/2026-08-27/statistical_replication_stage2_mcts_eval/20649846_Ev_counters_counters_mcts_orig_novh_e.5_c.1_s1073581256_K0_SR10M_src20430419_e0000.txt,55,../problems/numeric/counters/vanilla/fz_instance_56.pddl,unsolved,13059.44,False,10000,0,0,0
,counters-off-1073581256-stage2-mcts_eval-primary-narrow-w5-i20,counters,stage2,off,1073581256,fixed_narrow_w5,20,20649846,COMPLETED,/home/hersco/training_new_domains/2026-08-27/statistical_replication_stage2_mcts_eval/20649846_Ev_counters_counters_mcts_orig_novh_e.5_c.1_s1073581256_K0_SR10M_src20430419_e0000.txt,56,../problems/numeric/counters/vanilla/fz_instance_57.pddl,unsolved,18288.55,False,10000,0,0,0
,counters-off-1073581256-stage2-mcts_eval-primary-narrow-w5-i20,counters,stage2,off,1073581256,fixed_narrow_w5,20,20649846,COMPLETED,/home/hersco/training_new_domains/2026-08-27/statistical_replication_stage2_mcts_eval/20649846_Ev_counters_counters_mcts_orig_novh_e.5_c.1_s1073581256_K0_SR10M_src20430419_e0000.txt,57,../problems/numeric/counters/vanilla/fz_instance_58.pddl,timeout,21600.0,False,-1,0,0,0
,counters-off-1073581256-stage2-mcts_eval-primary-narrow-w5-i20,counters,stage2,off,1073581256,fixed_narrow_w5,20,20649846,COMPLETED,/home/hersco/training_new_domains/2026-08-27/statistical_replication_stage2_mcts_eval/20649846_Ev_counters_counters_mcts_orig_novh_e.5_c.1_s1073581256_K0_SR10M_src20430419_e0000.txt,58,../problems/numeric/counters/vanilla/fz_instance_59.pddl,unsolved,21072.03,False,10000,0,0,0
,counters-off-1073581256-stage2-mcts_eval-primary-narrow-w5-i20,counters,stage2,off,1073581256,fixed_narrow_w5,20,20649846,COMPLETED,/home/hersco/training_new_domains/2026-08-27/statistical_replication_stage2_mcts_eval/20649846_Ev_counters_counters_mcts_orig_novh_e.5_c.1_s1073581256_K0_SR10M_src20430419_e0000.txt,59,../problems/numeric/counters/vanilla/fz_instance_60.pddl,unsolved,20054.09,False,10000,0,0,0
,counters-off-1239739722-stage2-mcts_eval-primary-narrow-w5-i20,counters,stage2,off,1239739722,fixed_narrow_w5,20,20649847,COMPLETED,/home/hersco/training_new_domains/2026-08-27/statistical_replication_stage2_mcts_eval/20649847_Ev_counters_counters_mcts_orig_novh_e.5_c.1_s1239739722_K0_SR10M_src20430420_e0005.txt,1,../problems/numeric/counters/vanilla/fz_instance_2.pddl,success,7.53,True,1,1,1,1
,counters-off-1239739722-stage2-mcts_eval-primary-narrow-w5-i20,counters,stage2,off,1239739722,fixed_narrow_w5,20,20649847,COMPLETED,/home/hersco/training_new_domains/2026-08-27/statistical_replication_stage2_mcts_eval/20649847_Ev_counters_counters_mcts_orig_novh_e.5_c.1_s1239739722_K0_SR10M_src20430420_e0005.txt,2,../problems/numeric/counters/vanilla/fz_instance_3.pddl,success,8.29,True,3,1,1,1
,counters-off-1239739722-stage2-mcts_eval-primary-narrow-w5-i20,counters,stage2,off,1239739722,fixed_narrow_w5,20,20649847,COMPLETED,/home/hersco/training_new_domains/2026-08-27/statistical_replication_stage2_mcts_eval/20649847_Ev_counters_counters_mcts_orig_novh_e.5_c.1_s1239739722_K0_SR10M_src20430420_e0005.txt,3,../problems/numeric/counters/vanilla/fz_instance_4.pddl,success,8.79,True,6,1,1,1
,counters-off-1239739722-stage2-mcts_eval-primary-narrow-w5-i20,counters,stage2,off,1239739722,fixed_narrow_w5,20,20649847,COMPLETED,/home/hersco/training_new_domains/2026-08-27/statistical_replication_stage2_mcts_eval/20649847_Ev_counters_counters_mcts_orig_novh_e.5_c.1_s1239739722_K0_SR10M_src20430420_e0005.txt,4,../problems/numeric/counters/vanilla/fz_instance_5.pddl,success,8.54,True,10,1,1,1
,counters-off-1239739722-stage2-mcts_eval-primary-narrow-w5-i20,counters,stage2,off,1239739722,fixed_narrow_w5,20,20649847,COMPLETED,/home/hersco/training_new_domains/2026-08-27/statistical_replication_stage2_mcts_eval/20649847_Ev_counters_counters_mcts_orig_novh_e.5_c.1_s1239739722_K0_SR10M_src20430420_e0005.txt,5,../problems/numeric/counters/vanilla/fz_instance_6.pddl,success,10.29,True,15,1,1,1
,counters-off-1239739722-stage2-mcts_eval-primary-narrow-w5-i20,counters,stage2,off,1239739722,fixed_narrow_w5,20,20649847,COMPLETED,/home/hersco/training_new_domains/2026-08-27/statistical_replication_stage2_mcts_eval/20649847_Ev_counters_counters_mcts_orig_novh_e.5_c.1_s1239739722_K0_SR10M_src20430420_e0005.txt,6,../problems/numeric/counters/vanilla/fz_instance_7.pddl,success,10.55,True,21,1,1,1
,counters-off-1239739722-stage2-mcts_eval-primary-narrow-w5-i20,counters,stage2,off,1239739722,fixed_narrow_w5,20,20649847,COMPLETED,/home/hersco/training_new_domains/2026-08-27/statistical_replication_stage2_mcts_eval/20649847_Ev_counters_counters_mcts_orig_novh_e.5_c.1_s1239739722_K0_SR10M_src20430420_e0005.txt,7,../problems/numeric/counters/vanilla/fz_instance_8.pddl,success,12.56,True,28,1,1,1
,counters-off-1239739722-stage2-mcts_eval-primary-narrow-w5-i20,counters,stage2,off,1239739722,fixed_narrow_w5,20,20649847,COMPLETED,/home/hersco/training_new_domains/2026-08-27/statistical_replication_stage2_mcts_eval/20649847_Ev_counters_counters_mcts_orig_novh_e.5_c.1_s1239739722_K0_SR10M_src20430420_e0005.txt,8,../problems/numeric/counters/vanilla/fz_instance_9.pddl,success,14.83,True,36,1,1,1
,counters-off-1239739722-stage2-mcts_eval-primary-narrow-w5-i20,counters,stage2,off,1239739722,fixed_narrow_w5,20,20649847,COMPLETED,/home/hersco/training_new_domains/2026-08-27/statistical_replication_stage2_mcts_eval/20649847_Ev_counters_counters_mcts_orig_novh_e.5_c.1_s1239739722_K0_SR10M_src20430420_e0005.txt,9,../problems/numeric/counters/vanilla/fz_instance_10.pddl,success,16.07,True,45,1,1,1
,counters-off-1239739722-stage2-mcts_eval-primary-narrow-w5-i20,counters,stage2,off,1239739722,fixed_narrow_w5,20,20649847,COMPLETED,/home/hersco/training_new_domains/2026-08-27/statistical_replication_stage2_mcts_eval/20649847_Ev_counters_counters_mcts_orig_novh_e.5_c.1_s1239739722_K0_SR10M_src20430420_e0005.txt,10,../problems/numeric/counters/vanilla/fz_instance_11.pddl,success,19.31,True,55,1,1,1
,counters-off-1239739722-stage2-mcts_eval-primary-narrow-w5-i20,counters,stage2,off,1239739722,fixed_narrow_w5,20,20649847,COMPLETED,/home/hersco/training_new_domains/2026-08-27/statistical_replication_stage2_mcts_eval/20649847_Ev_counters_counters_mcts_orig_novh_e.5_c.1_s1239739722_K0_SR10M_src20430420_e0005.txt,11,../problems/numeric/counters/vanilla/fz_instance_12.pddl,success,20.57,True,66,1,1,1
,counters-off-1239739722-stage2-mcts_eval-primary-narrow-w5-i20,counters,stage2,off,1239739722,fixed_narrow_w5,20,20649847,COMPLETED,/home/hersco/training_new_domains/2026-08-27/statistical_replication_stage2_mcts_eval/20649847_Ev_counters_counters_mcts_orig_novh_e.5_c.1_s1239739722_K0_SR10M_src20430420_e0005.txt,12,../problems/numeric/counters/vanilla/fz_instance_13.pddl,success,24.58,True,78,1,1,1
,counters-off-1239739722-stage2-mcts_eval-primary-narrow-w5-i20,counters,stage2,off,1239739722,fixed_narrow_w5,20,20649847,COMPLETED,/home/hersco/training_new_domains/2026-08-27/statistical_replication_stage2_mcts_eval/20649847_Ev_counters_counters_mcts_orig_novh_e.5_c.1_s1239739722_K0_SR10M_src20430420_e0005.txt,13,../problems/numeric/counters/vanilla/fz_instance_14.pddl,success,26.07,True,91,1,1,1
,counters-off-1239739722-stage2-mcts_eval-primary-narrow-w5-i20,counters,stage2,off,1239739722,fixed_narrow_w5,20,20649847,COMPLETED,/home/hersco/training_new_domains/2026-08-27/statistical_replication_stage2_mcts_eval/20649847_Ev_counters_counters_mcts_orig_novh_e.5_c.1_s1239739722_K0_SR10M_src20430420_e0005.txt,14,../problems/numeric/counters/vanilla/fz_instance_15.pddl,success,29.82,True,105,1,1,1
,counters-off-1239739722-stage2-mcts_eval-primary-narrow-w5-i20,counters,stage2,off,1239739722,fixed_narrow_w5,20,20649847,COMPLETED,/home/hersco/training_new_domains/2026-08-27/statistical_replication_stage2_mcts_eval/20649847_Ev_counters_counters_mcts_orig_novh_e.5_c.1_s1239739722_K0_SR10M_src20430420_e0005.txt,15,../problems/numeric/counters/vanilla/fz_instance_16.pddl,success,32.82,True,120,1,1,1
,counters-off-1239739722-stage2-mcts_eval-primary-narrow-w5-i20,counters,stage2,off,1239739722,fixed_narrow_w5,20,20649847,COMPLETED,/home/hersco/training_new_domains/2026-08-27/statistical_replication_stage2_mcts_eval/20649847_Ev_counters_counters_mcts_orig_novh_e.5_c.1_s1239739722_K0_SR10M_src20430420_e0005.txt,16,../problems/numeric/counters/vanilla/fz_instance_17.pddl,success,34.33,True,136,1,1,1
,counters-off-1239739722-stage2-mcts_eval-primary-narrow-w5-i20,counters,stage2,off,1239739722,fixed_narrow_w5,20,20649847,COMPLETED,/home/hersco/training_new_domains/2026-08-27/statistical_replication_stage2_mcts_eval/20649847_Ev_counters_counters_mcts_orig_novh_e.5_c.1_s1239739722_K0_SR10M_src20430420_e0005.txt,17,../problems/numeric/counters/vanilla/fz_instance_18.pddl,success,39.59,True,153,1,1,1
,counters-off-1239739722-stage2-mcts_eval-primary-narrow-w5-i20,counters,stage2,off,1239739722,fixed_narrow_w5,20,20649847,COMPLETED,/home/hersco/training_new_domains/2026-08-27/statistical_replication_stage2_mcts_eval/20649847_Ev_counters_counters_mcts_orig_novh_e.5_c.1_s1239739722_K0_SR10M_src20430420_e0005.txt,18,../problems/numeric/counters/vanilla/fz_instance_19.pddl,success,43.84,True,171,1,1,1
,counters-off-1239739722-stage2-mcts_eval-primary-narrow-w5-i20,counters,stage2,off,1239739722,fixed_narrow_w5,20,20649847,COMPLETED,/home/hersco/training_new_domains/2026-08-27/statistical_replication_stage2_mcts_eval/20649847_Ev_counters_counters_mcts_orig_novh_e.5_c.1_s1239739722_K0_SR10M_src20430420_e0005.txt,19,../problems/numeric/counters/vanilla/fz_instance_20.pddl,success,47.38,True,190,1,1,1
,counters-off-1239739722-stage2-mcts_eval-primary-narrow-w5-i20,counters,stage2,off,1239739722,fixed_narrow_w5,20,20649847,COMPLETED,/home/hersco/training_new_domains/2026-08-27/statistical_replication_stage2_mcts_eval/20649847_Ev_counters_counters_mcts_orig_novh_e.5_c.1_s1239739722_K0_SR10M_src20430420_e0005.txt,20,../problems/numeric/counters/vanilla/fz_instance_21.pddl,success,53.15,True,210,1,1,1
,counters-off-1239739722-stage2-mcts_eval-primary-narrow-w5-i20,counters,stage2,off,1239739722,fixed_narrow_w5,20,20649847,COMPLETED,/home/hersco/training_new_domains/2026-08-27/statistical_replication_stage2_mcts_eval/20649847_Ev_counters_counters_mcts_orig_novh_e.5_c.1_s1239739722_K0_SR10M_src20430420_e0005.txt,21,../problems/numeric/counters/vanilla/fz_instance_22.pddl,success,60.19,True,231,1,1,1
,counters-off-1239739722-stage2-mcts_eval-primary-narrow-w5-i20,counters,stage2,off,1239739722,fixed_narrow_w5,20,20649847,COMPLETED,/home/hersco/training_new_domains/2026-08-27/statistical_replication_stage2_mcts_eval/20649847_Ev_counters_counters_mcts_orig_novh_e.5_c.1_s1239739722_K0_SR10M_src20430420_e0005.txt,22,../problems/numeric/counters/vanilla/fz_instance_23.pddl,success,66.7,True,253,1,1,1
,counters-off-1239739722-stage2-mcts_eval-primary-narrow-w5-i20,counters,stage2,off,1239739722,fixed_narrow_w5,20,20649847,COMPLETED,/home/hersco/training_new_domains/2026-08-27/statistical_replication_stage2_mcts_eval/20649847_Ev_counters_counters_mcts_orig_novh_e.5_c.1_s1239739722_K0_SR10M_src20430420_e0005.txt,23,../problems/numeric/counters/vanilla/fz_instance_24.pddl,unsolved,720.31,False,10000,0,0,0
,counters-off-1239739722-stage2-mcts_eval-primary-narrow-w5-i20,counters,stage2,off,1239739722,fixed_narrow_w5,20,20649847,COMPLETED,/home/hersco/training_new_domains/2026-08-27/statistical_replication_stage2_mcts_eval/20649847_Ev_counters_counters_mcts_orig_novh_e.5_c.1_s1239739722_K0_SR10M_src20430420_e0005.txt,24,../problems/numeric/counters/vanilla/fz_instance_25.pddl,unsolved,1021.91,False,10000,0,0,0
,counters-off-1239739722-stage2-mcts_eval-primary-narrow-w5-i20,counters,stage2,off,1239739722,fixed_narrow_w5,20,20649847,COMPLETED,/home/hersco/training_new_domains/2026-08-27/statistical_replication_stage2_mcts_eval/20649847_Ev_counters_counters_mcts_orig_novh_e.5_c.1_s1239739722_K0_SR10M_src20430420_e0005.txt,25,../problems/numeric/counters/vanilla/fz_instance_26.pddl,unsolved,1020.39,False,10000,0,0,0
,counters-off-1239739722-stage2-mcts_eval-primary-narrow-w5-i20,counters,stage2,off,1239739722,fixed_narrow_w5,20,20649847,COMPLETED,/home/hersco/training_new_domains/2026-08-27/statistical_replication_stage2_mcts_eval/20649847_Ev_counters_counters_mcts_orig_novh_e.5_c.1_s1239739722_K0_SR10M_src20430420_e0005.txt,26,../problems/numeric/counters/vanilla/fz_instance_27.pddl,unsolved,1166.42,False,10000,0,0,0
,counters-off-1239739722-stage2-mcts_eval-primary-narrow-w5-i20,counters,stage2,off,1239739722,fixed_narrow_w5,20,20649847,COMPLETED,/home/hersco/training_new_domains/2026-08-27/statistical_replication_stage2_mcts_eval/20649847_Ev_counters_counters_mcts_orig_novh_e.5_c.1_s1239739722_K0_SR10M_src20430420_e0005.txt,27,../problems/numeric/counters/vanilla/fz_instance_28.pddl,unsolved,1210.87,False,10000,0,0,0
,counters-off-1239739722-stage2-mcts_eval-primary-narrow-w5-i20,counters,stage2,off,1239739722,fixed_narrow_w5,20,20649847,COMPLETED,/home/hersco/training_new_domains/2026-08-27/statistical_replication_stage2_mcts_eval/20649847_Ev_counters_counters_mcts_orig_novh_e.5_c.1_s1239739722_K0_SR10M_src20430420_e0005.txt,28,../problems/numeric/counters/vanilla/fz_instance_29.pddl,unsolved,1085.46,False,10000,0,0,0
,counters-off-1239739722-stage2-mcts_eval-primary-narrow-w5-i20,counters,stage2,off,1239739722,fixed_narrow_w5,20,20649847,COMPLETED,/home/hersco/training_new_domains/2026-08-27/statistical_replication_stage2_mcts_eval/20649847_Ev_counters_counters_mcts_orig_novh_e.5_c.1_s1239739722_K0_SR10M_src20430420_e0005.txt,29,../problems/numeric/counters/vanilla/fz_instance_30.pddl,unsolved,1392.97,False,10000,0,0,0
,counters-off-1239739722-stage2-mcts_eval-primary-narrow-w5-i20,counters,stage2,off,1239739722,fixed_narrow_w5,20,20649847,COMPLETED,/home/hersco/training_new_domains/2026-08-27/statistical_replication_stage2_mcts_eval/20649847_Ev_counters_counters_mcts_orig_novh_e.5_c.1_s1239739722_K0_SR10M_src20430420_e0005.txt,30,../problems/numeric/counters/vanilla/fz_instance_31.pddl,unsolved,1381.02,False,10000,0,0,0
,counters-off-1239739722-stage2-mcts_eval-primary-narrow-w5-i20,counters,stage2,off,1239739722,fixed_narrow_w5,20,20649847,COMPLETED,/home/hersco/training_new_domains/2026-08-27/statistical_replication_stage2_mcts_eval/20649847_Ev_counters_counters_mcts_orig_novh_e.5_c.1_s1239739722_K0_SR10M_src20430420_e0005.txt,31,../problems/numeric/counters/vanilla/fz_instance_32.pddl,unsolved,1977.22,False,10000,0,0,0
,counters-off-1239739722-stage2-mcts_eval-primary-narrow-w5-i20,counters,stage2,off,1239739722,fixed_narrow_w5,20,20649847,COMPLETED,/home/hersco/training_new_domains/2026-08-27/statistical_replication_stage2_mcts_eval/20649847_Ev_counters_counters_mcts_orig_novh_e.5_c.1_s1239739722_K0_SR10M_src20430420_e0005.txt,32,../problems/numeric/counters/vanilla/fz_instance_33.pddl,unsolved,1948.39,False,10000,0,0,0
,counters-off-1239739722-stage2-mcts_eval-primary-narrow-w5-i20,counters,stage2,off,1239739722,fixed_narrow_w5,20,20649847,COMPLETED,/home/hersco/training_new_domains/2026-08-27/statistical_replication_stage2_mcts_eval/20649847_Ev_counters_counters_mcts_orig_novh_e.5_c.1_s1239739722_K0_SR10M_src20430420_e0005.txt,33,../problems/numeric/counters/vanilla/fz_instance_34.pddl,unsolved,1639.0,False,10000,0,0,0
,counters-off-1239739722-stage2-mcts_eval-primary-narrow-w5-i20,counters,stage2,off,1239739722,fixed_narrow_w5,20,20649847,COMPLETED,/home/hersco/training_new_domains/2026-08-27/statistical_replication_stage2_mcts_eval/20649847_Ev_counters_counters_mcts_orig_novh_e.5_c.1_s1239739722_K0_SR10M_src20430420_e0005.txt,34,../problems/numeric/counters/vanilla/fz_instance_35.pddl,unsolved,1667.91,False,10000,0,0,0
,counters-off-1239739722-stage2-mcts_eval-primary-narrow-w5-i20,counters,stage2,off,1239739722,fixed_narrow_w5,20,20649847,COMPLETED,/home/hersco/training_new_domains/2026-08-27/statistical_replication_stage2_mcts_eval/20649847_Ev_counters_counters_mcts_orig_novh_e.5_c.1_s1239739722_K0_SR10M_src20430420_e0005.txt,35,../problems/numeric/counters/vanilla/fz_instance_36.pddl,unsolved,1849.58,False,10000,0,0,0
,counters-off-1239739722-stage2-mcts_eval-primary-narrow-w5-i20,counters,stage2,off,1239739722,fixed_narrow_w5,20,20649847,COMPLETED,/home/hersco/training_new_domains/2026-08-27/statistical_replication_stage2_mcts_eval/20649847_Ev_counters_counters_mcts_orig_novh_e.5_c.1_s1239739722_K0_SR10M_src20430420_e0005.txt,36,../problems/numeric/counters/vanilla/fz_instance_37.pddl,unsolved,2080.41,False,10000,0,0,0
,counters-off-1239739722-stage2-mcts_eval-primary-narrow-w5-i20,counters,stage2,off,1239739722,fixed_narrow_w5,20,20649847,COMPLETED,/home/hersco/training_new_domains/2026-08-27/statistical_replication_stage2_mcts_eval/20649847_Ev_counters_counters_mcts_orig_novh_e.5_c.1_s1239739722_K0_SR10M_src20430420_e0005.txt,37,../problems/numeric/counters/vanilla/fz_instance_38.pddl,unsolved,2934.09,False,10000,0,0,0
,counters-off-1239739722-stage2-mcts_eval-primary-narrow-w5-i20,counters,stage2,off,1239739722,fixed_narrow_w5,20,20649847,COMPLETED,/home/hersco/training_new_domains/2026-08-27/statistical_replication_stage2_mcts_eval/20649847_Ev_counters_counters_mcts_orig_novh_e.5_c.1_s1239739722_K0_SR10M_src20430420_e0005.txt,38,../problems/numeric/counters/vanilla/fz_instance_39.pddl,unsolved,3274.64,False,10000,0,0,0
,counters-off-1239739722-stage2-mcts_eval-primary-narrow-w5-i20,counters,stage2,off,1239739722,fixed_narrow_w5,20,20649847,COMPLETED,/home/hersco/training_new_domains/2026-08-27/statistical_replication_stage2_mcts_eval/20649847_Ev_counters_counters_mcts_orig_novh_e.5_c.1_s1239739722_K0_SR10M_src20430420_e0005.txt,39,../problems/numeric/counters/vanilla/fz_instance_40.pddl,unsolved,3770.35,False,10000,0,0,0
,counters-off-1239739722-stage2-mcts_eval-primary-narrow-w5-i20,counters,stage2,off,1239739722,fixed_narrow_w5,20,20649847,COMPLETED,/home/hersco/training_new_domains/2026-08-27/statistical_replication_stage2_mcts_eval/20649847_Ev_counters_counters_mcts_orig_novh_e.5_c.1_s1239739722_K0_SR10M_src20430420_e0005.txt,40,../problems/numeric/counters/vanilla/fz_instance_41.pddl,unsolved,4260.69,False,10000,0,0,0
,counters-off-1239739722-stage2-mcts_eval-primary-narrow-w5-i20,counters,stage2,off,1239739722,fixed_narrow_w5,20,20649847,COMPLETED,/home/hersco/training_new_domains/2026-08-27/statistical_replication_stage2_mcts_eval/20649847_Ev_counters_counters_mcts_orig_novh_e.5_c.1_s1239739722_K0_SR10M_src20430420_e0005.txt,41,../problems/numeric/counters/vanilla/fz_instance_42.pddl,unsolved,2751.63,False,10000,0,0,0
,counters-off-1239739722-stage2-mcts_eval-primary-narrow-w5-i20,counters,stage2,off,1239739722,fixed_narrow_w5,20,20649847,COMPLETED,/home/hersco/training_new_domains/2026-08-27/statistical_replication_stage2_mcts_eval/20649847_Ev_counters_counters_mcts_orig_novh_e.5_c.1_s1239739722_K0_SR10M_src20430420_e0005.txt,42,../problems/numeric/counters/vanilla/fz_instance_43.pddl,unsolved,2496.34,False,10000,0,0,0
,counters-off-1239739722-stage2-mcts_eval-primary-narrow-w5-i20,counters,stage2,off,1239739722,fixed_narrow_w5,20,20649847,COMPLETED,/home/hersco/training_new_domains/2026-08-27/statistical_replication_stage2_mcts_eval/20649847_Ev_counters_counters_mcts_orig_novh_e.5_c.1_s1239739722_K0_SR10M_src20430420_e0005.txt,43,../problems/numeric/counters/vanilla/fz_instance_44.pddl,unsolved,4089.41,False,10000,0,0,0
,counters-off-1239739722-stage2-mcts_eval-primary-narrow-w5-i20,counters,stage2,off,1239739722,fixed_narrow_w5,20,20649847,COMPLETED,/home/hersco/training_new_domains/2026-08-27/statistical_replication_stage2_mcts_eval/20649847_Ev_counters_counters_mcts_orig_novh_e.5_c.1_s1239739722_K0_SR10M_src20430420_e0005.txt,44,../problems/numeric/counters/vanilla/fz_instance_45.pddl,unsolved,4073.05,False,10000,0,0,0
,counters-off-1239739722-stage2-mcts_eval-primary-narrow-w5-i20,counters,stage2,off,1239739722,fixed_narrow_w5,20,20649847,COMPLETED,/home/hersco/training_new_domains/2026-08-27/statistical_replication_stage2_mcts_eval/20649847_Ev_counters_counters_mcts_orig_novh_e.5_c.1_s1239739722_K0_SR10M_src20430420_e0005.txt,45,../problems/numeric/counters/vanilla/fz_instance_46.pddl,unsolved,5495.86,False,10000,0,0,0
,counters-off-1239739722-stage2-mcts_eval-primary-narrow-w5-i20,counters,stage2,off,1239739722,fixed_narrow_w5,20,20649847,COMPLETED,/home/hersco/training_new_domains/2026-08-27/statistical_replication_stage2_mcts_eval/20649847_Ev_counters_counters_mcts_orig_novh_e.5_c.1_s1239739722_K0_SR10M_src20430420_e0005.txt,46,../problems/numeric/counters/vanilla/fz_instance_47.pddl,unsolved,5761.49,False,10000,0,0,0
,counters-off-1239739722-stage2-mcts_eval-primary-narrow-w5-i20,counters,stage2,off,1239739722,fixed_narrow_w5,20,20649847,COMPLETED,/home/hersco/training_new_domains/2026-08-27/statistical_replication_stage2_mcts_eval/20649847_Ev_counters_counters_mcts_orig_novh_e.5_c.1_s1239739722_K0_SR10M_src20430420_e0005.txt,47,../problems/numeric/counters/vanilla/fz_instance_48.pddl,unsolved,4763.28,False,10000,0,0,0
,counters-off-1239739722-stage2-mcts_eval-primary-narrow-w5-i20,counters,stage2,off,1239739722,fixed_narrow_w5,20,20649847,COMPLETED,/home/hersco/training_new_domains/2026-08-27/statistical_replication_stage2_mcts_eval/20649847_Ev_counters_counters_mcts_orig_novh_e.5_c.1_s1239739722_K0_SR10M_src20430420_e0005.txt,48,../problems/numeric/counters/vanilla/fz_instance_49.pddl,unsolved,6882.95,False,10000,0,0,0
,counters-off-1239739722-stage2-mcts_eval-primary-narrow-w5-i20,counters,stage2,off,1239739722,fixed_narrow_w5,20,20649847,COMPLETED,/home/hersco/training_new_domains/2026-08-27/statistical_replication_stage2_mcts_eval/20649847_Ev_counters_counters_mcts_orig_novh_e.5_c.1_s1239739722_K0_SR10M_src20430420_e0005.txt,49,../problems/numeric/counters/vanilla/fz_instance_50.pddl,unsolved,8570.92,False,10000,0,0,0
,counters-off-1239739722-stage2-mcts_eval-primary-narrow-w5-i20,counters,stage2,off,1239739722,fixed_narrow_w5,20,20649847,COMPLETED,/home/hersco/training_new_domains/2026-08-27/statistical_replication_stage2_mcts_eval/20649847_Ev_counters_counters_mcts_orig_novh_e.5_c.1_s1239739722_K0_SR10M_src20430420_e0005.txt,50,../problems/numeric/counters/vanilla/fz_instance_51.pddl,unsolved,9998.78,False,10000,0,0,0
,counters-off-1239739722-stage2-mcts_eval-primary-narrow-w5-i20,counters,stage2,off,1239739722,fixed_narrow_w5,20,20649847,COMPLETED,/home/hersco/training_new_domains/2026-08-27/statistical_replication_stage2_mcts_eval/20649847_Ev_counters_counters_mcts_orig_novh_e.5_c.1_s1239739722_K0_SR10M_src20430420_e0005.txt,51,../problems/numeric/counters/vanilla/fz_instance_52.pddl,unsolved,12776.23,False,10000,0,0,0
,counters-off-1239739722-stage2-mcts_eval-primary-narrow-w5-i20,counters,stage2,off,1239739722,fixed_narrow_w5,20,20649847,COMPLETED,/home/hersco/training_new_domains/2026-08-27/statistical_replication_stage2_mcts_eval/20649847_Ev_counters_counters_mcts_orig_novh_e.5_c.1_s1239739722_K0_SR10M_src20430420_e0005.txt,52,../problems/numeric/counters/vanilla/fz_instance_53.pddl,unsolved,9192.24,False,10000,0,0,0
,counters-off-1239739722-stage2-mcts_eval-primary-narrow-w5-i20,counters,stage2,off,1239739722,fixed_narrow_w5,20,20649847,COMPLETED,/home/hersco/training_new_domains/2026-08-27/statistical_replication_stage2_mcts_eval/20649847_Ev_counters_counters_mcts_orig_novh_e.5_c.1_s1239739722_K0_SR10M_src20430420_e0005.txt,53,../problems/numeric/counters/vanilla/fz_instance_54.pddl,unsolved,9723.42,False,10000,0,0,0
,counters-off-1239739722-stage2-mcts_eval-primary-narrow-w5-i20,counters,stage2,off,1239739722,fixed_narrow_w5,20,20649847,COMPLETED,/home/hersco/training_new_domains/2026-08-27/statistical_replication_stage2_mcts_eval/20649847_Ev_counters_counters_mcts_orig_novh_e.5_c.1_s1239739722_K0_SR10M_src20430420_e0005.txt,54,../problems/numeric/counters/vanilla/fz_instance_55.pddl,unsolved,13402.82,False,10000,0,0,0
,counters-off-1239739722-stage2-mcts_eval-primary-narrow-w5-i20,counters,stage2,off,1239739722,fixed_narrow_w5,20,20649847,COMPLETED,/home/hersco/training_new_domains/2026-08-27/statistical_replication_stage2_mcts_eval/20649847_Ev_counters_counters_mcts_orig_novh_e.5_c.1_s1239739722_K0_SR10M_src20430420_e0005.txt,55,../problems/numeric/counters/vanilla/fz_instance_56.pddl,unsolved,15137.39,False,10000,0,0,0
,counters-off-1239739722-stage2-mcts_eval-primary-narrow-w5-i20,counters,stage2,off,1239739722,fixed_narrow_w5,20,20649847,COMPLETED,/home/hersco/training_new_domains/2026-08-27/statistical_replication_stage2_mcts_eval/20649847_Ev_counters_counters_mcts_orig_novh_e.5_c.1_s1239739722_K0_SR10M_src20430420_e0005.txt,56,../problems/numeric/counters/vanilla/fz_instance_57.pddl,timeout,21600.0,False,-1,0,0,0
,counters-off-1239739722-stage2-mcts_eval-primary-narrow-w5-i20,counters,stage2,off,1239739722,fixed_narrow_w5,20,20649847,COMPLETED,/home/hersco/training_new_domains/2026-08-27/statistical_replication_stage2_mcts_eval/20649847_Ev_counters_counters_mcts_orig_novh_e.5_c.1_s1239739722_K0_SR10M_src20430420_e0005.txt,57,../problems/numeric/counters/vanilla/fz_instance_58.pddl,timeout,21600.0,False,-1,0,0,0
,counters-off-1239739722-stage2-mcts_eval-primary-narrow-w5-i20,counters,stage2,off,1239739722,fixed_narrow_w5,20,20649847,COMPLETED,/home/hersco/training_new_domains/2026-08-27/statistical_replication_stage2_mcts_eval/20649847_Ev_counters_counters_mcts_orig_novh_e.5_c.1_s1239739722_K0_SR10M_src20430420_e0005.txt,58,../problems/numeric/counters/vanilla/fz_instance_59.pddl,unsolved,18078.81,False,10000,0,0,0
,counters-off-1239739722-stage2-mcts_eval-primary-narrow-w5-i20,counters,stage2,off,1239739722,fixed_narrow_w5,20,20649847,COMPLETED,/home/hersco/training_new_domains/2026-08-27/statistical_replication_stage2_mcts_eval/20649847_Ev_counters_counters_mcts_orig_novh_e.5_c.1_s1239739722_K0_SR10M_src20430420_e0005.txt,59,../problems/numeric/counters/vanilla/fz_instance_60.pddl,unsolved,15448.56,False,10000,0,0,0
,counters-off-534933607-stage2-mcts_eval-primary-narrow-w5-i20,counters,stage2,off,534933607,fixed_narrow_w5,20,20649849,OUT_OF_MEMORY,/home/hersco/training_new_domains/2026-08-27/statistical_replication_stage2_mcts_eval/20649849_Ev_counters_counters_mcts_orig_novh_e.5_c.1_s534933607_K0_SR10M_src20430422_e0008.txt,1,../problems/numeric/counters/vanilla/fz_instance_2.pddl,success,7.79,True,1,1,1,1
,counters-off-534933607-stage2-mcts_eval-primary-narrow-w5-i20,counters,stage2,off,534933607,fixed_narrow_w5,20,20649849,OUT_OF_MEMORY,/home/hersco/training_new_domains/2026-08-27/statistical_replication_stage2_mcts_eval/20649849_Ev_counters_counters_mcts_orig_novh_e.5_c.1_s534933607_K0_SR10M_src20430422_e0008.txt,2,../problems/numeric/counters/vanilla/fz_instance_3.pddl,success,8.8,True,3,1,1,1
,counters-off-534933607-stage2-mcts_eval-primary-narrow-w5-i20,counters,stage2,off,534933607,fixed_narrow_w5,20,20649849,OUT_OF_MEMORY,/home/hersco/training_new_domains/2026-08-27/statistical_replication_stage2_mcts_eval/20649849_Ev_counters_counters_mcts_orig_novh_e.5_c.1_s534933607_K0_SR10M_src20430422_e0008.txt,3,../problems/numeric/counters/vanilla/fz_instance_4.pddl,success,10.83,True,6,1,1,1
,counters-off-534933607-stage2-mcts_eval-primary-narrow-w5-i20,counters,stage2,off,534933607,fixed_narrow_w5,20,20649849,OUT_OF_MEMORY,/home/hersco/training_new_domains/2026-08-27/statistical_replication_stage2_mcts_eval/20649849_Ev_counters_counters_mcts_orig_novh_e.5_c.1_s534933607_K0_SR10M_src20430422_e0008.txt,4,../problems/numeric/counters/vanilla/fz_instance_5.pddl,success,10.08,True,10,1,1,1
,counters-off-534933607-stage2-mcts_eval-primary-narrow-w5-i20,counters,stage2,off,534933607,fixed_narrow_w5,20,20649849,OUT_OF_MEMORY,/home/hersco/training_new_domains/2026-08-27/statistical_replication_stage2_mcts_eval/20649849_Ev_counters_counters_mcts_orig_novh_e.5_c.1_s534933607_K0_SR10M_src20430422_e0008.txt,5,../problems/numeric/counters/vanilla/fz_instance_6.pddl,success,10.07,True,15,1,1,1
,counters-off-534933607-stage2-mcts_eval-primary-narrow-w5-i20,counters,stage2,off,534933607,fixed_narrow_w5,20,20649849,OUT_OF_MEMORY,/home/hersco/training_new_domains/2026-08-27/statistical_replication_stage2_mcts_eval/20649849_Ev_counters_counters_mcts_orig_novh_e.5_c.1_s534933607_K0_SR10M_src20430422_e0008.txt,6,../problems/numeric/counters/vanilla/fz_instance_7.pddl,success,12.83,True,23,1,1,1
,counters-off-534933607-stage2-mcts_eval-primary-narrow-w5-i20,counters,stage2,off,534933607,fixed_narrow_w5,20,20649849,OUT_OF_MEMORY,/home/hersco/training_new_domains/2026-08-27/statistical_replication_stage2_mcts_eval/20649849_Ev_counters_counters_mcts_orig_novh_e.5_c.1_s534933607_K0_SR10M_src20430422_e0008.txt,7,../problems/numeric/counters/vanilla/fz_instance_8.pddl,success,13.81,True,28,1,1,1
,counters-off-534933607-stage2-mcts_eval-primary-narrow-w5-i20,counters,stage2,off,534933607,fixed_narrow_w5,20,20649849,OUT_OF_MEMORY,/home/hersco/training_new_domains/2026-08-27/statistical_replication_stage2_mcts_eval/20649849_Ev_counters_counters_mcts_orig_novh_e.5_c.1_s534933607_K0_SR10M_src20430422_e0008.txt,8,../problems/numeric/counters/vanilla/fz_instance_9.pddl,success,15.31,True,36,1,1,1
,counters-off-534933607-stage2-mcts_eval-primary-narrow-w5-i20,counters,stage2,off,534933607,fixed_narrow_w5,20,20649849,OUT_OF_MEMORY,/home/hersco/training_new_domains/2026-08-27/statistical_replication_stage2_mcts_eval/20649849_Ev_counters_counters_mcts_orig_novh_e.5_c.1_s534933607_K0_SR10M_src20430422_e0008.txt,9,../problems/numeric/counters/vanilla/fz_instance_10.pddl,success,19.57,True,45,1,1,1
,counters-off-534933607-stage2-mcts_eval-primary-narrow-w5-i20,counters,stage2,off,534933607,fixed_narrow_w5,20,20649849,OUT_OF_MEMORY,/home/hersco/training_new_domains/2026-08-27/statistical_replication_stage2_mcts_eval/20649849_Ev_counters_counters_mcts_orig_novh_e.5_c.1_s534933607_K0_SR10M_src20430422_e0008.txt,10,../problems/numeric/counters/vanilla/fz_instance_11.pddl,unsolved,676.02,False,10000,0,0,0
,counters-off-534933607-stage2-mcts_eval-primary-narrow-w5-i20,counters,stage2,off,534933607,fixed_narrow_w5,20,20649849,OUT_OF_MEMORY,/home/hersco/training_new_domains/2026-08-27/statistical_replication_stage2_mcts_eval/20649849_Ev_counters_counters_mcts_orig_novh_e.5_c.1_s534933607_K0_SR10M_src20430422_e0008.txt,11,../problems/numeric/counters/vanilla/fz_instance_12.pddl,unsolved,790.56,False,10000,0,0,0
,counters-off-534933607-stage2-mcts_eval-primary-narrow-w5-i20,counters,stage2,off,534933607,fixed_narrow_w5,20,20649849,OUT_OF_MEMORY,/home/hersco/training_new_domains/2026-08-27/statistical_replication_stage2_mcts_eval/20649849_Ev_counters_counters_mcts_orig_novh_e.5_c.1_s534933607_K0_SR10M_src20430422_e0008.txt,12,../problems/numeric/counters/vanilla/fz_instance_13.pddl,unsolved,738.14,False,10000,0,0,0
,counters-off-534933607-stage2-mcts_eval-primary-narrow-w5-i20,counters,stage2,off,534933607,fixed_narrow_w5,20,20649849,OUT_OF_MEMORY,/home/hersco/training_new_domains/2026-08-27/statistical_replication_stage2_mcts_eval/20649849_Ev_counters_counters_mcts_orig_novh_e.5_c.1_s534933607_K0_SR10M_src20430422_e0008.txt,13,../problems/numeric/counters/vanilla/fz_instance_14.pddl,unsolved,650.26,False,10000,0,0,0
,counters-off-534933607-stage2-mcts_eval-primary-narrow-w5-i20,counters,stage2,off,534933607,fixed_narrow_w5,20,20649849,OUT_OF_MEMORY,/home/hersco/training_new_domains/2026-08-27/statistical_replication_stage2_mcts_eval/20649849_Ev_counters_counters_mcts_orig_novh_e.5_c.1_s534933607_K0_SR10M_src20430422_e0008.txt,14,../problems/numeric/counters/vanilla/fz_instance_15.pddl,unsolved,662.24,False,10000,0,0,0
,counters-off-534933607-stage2-mcts_eval-primary-narrow-w5-i20,counters,stage2,off,534933607,fixed_narrow_w5,20,20649849,OUT_OF_MEMORY,/home/hersco/training_new_domains/2026-08-27/statistical_replication_stage2_mcts_eval/20649849_Ev_counters_counters_mcts_orig_novh_e.5_c.1_s534933607_K0_SR10M_src20430422_e0008.txt,15,../problems/numeric/counters/vanilla/fz_instance_16.pddl,unsolved,749.13,False,10000,0,0,0
,counters-off-534933607-stage2-mcts_eval-primary-narrow-w5-i20,counters,stage2,off,534933607,fixed_narrow_w5,20,20649849,OUT_OF_MEMORY,/home/hersco/training_new_domains/2026-08-27/statistical_replication_stage2_mcts_eval/20649849_Ev_counters_counters_mcts_orig_novh_e.5_c.1_s534933607_K0_SR10M_src20430422_e0008.txt,16,../problems/numeric/counters/vanilla/fz_instance_17.pddl,unsolved,1009.06,False,10000,0,0,0
,counters-off-534933607-stage2-mcts_eval-primary-narrow-w5-i20,counters,stage2,off,534933607,fixed_narrow_w5,20,20649849,OUT_OF_MEMORY,/home/hersco/training_new_domains/2026-08-27/statistical_replication_stage2_mcts_eval/20649849_Ev_counters_counters_mcts_orig_novh_e.5_c.1_s534933607_K0_SR10M_src20430422_e0008.txt,17,../problems/numeric/counters/vanilla/fz_instance_18.pddl,unsolved,1033.19,False,10000,0,0,0
,counters-off-534933607-stage2-mcts_eval-primary-narrow-w5-i20,counters,stage2,off,534933607,fixed_narrow_w5,20,20649849,OUT_OF_MEMORY,/home/hersco/training_new_domains/2026-08-27/statistical_replication_stage2_mcts_eval/20649849_Ev_counters_counters_mcts_orig_novh_e.5_c.1_s534933607_K0_SR10M_src20430422_e0008.txt,18,../problems/numeric/counters/vanilla/fz_instance_19.pddl,unsolved,1219.52,False,10000,0,0,0
,counters-off-534933607-stage2-mcts_eval-primary-narrow-w5-i20,counters,stage2,off,534933607,fixed_narrow_w5,20,20649849,OUT_OF_MEMORY,/home/hersco/training_new_domains/2026-08-27/statistical_replication_stage2_mcts_eval/20649849_Ev_counters_counters_mcts_orig_novh_e.5_c.1_s534933607_K0_SR10M_src20430422_e0008.txt,19,../problems/numeric/counters/vanilla/fz_instance_20.pddl,unsolved,1072.18,False,10000,0,0,0
,counters-off-534933607-stage2-mcts_eval-primary-narrow-w5-i20,counters,stage2,off,534933607,fixed_narrow_w5,20,20649849,OUT_OF_MEMORY,/home/hersco/training_new_domains/2026-08-27/statistical_replication_stage2_mcts_eval/20649849_Ev_counters_counters_mcts_orig_novh_e.5_c.1_s534933607_K0_SR10M_src20430422_e0008.txt,20,../problems/numeric/counters/vanilla/fz_instance_21.pddl,unsolved,1081.08,False,10000,0,0,0
,counters-off-534933607-stage2-mcts_eval-primary-narrow-w5-i20,counters,stage2,off,534933607,fixed_narrow_w5,20,20649849,OUT_OF_MEMORY,/home/hersco/training_new_domains/2026-08-27/statistical_replication_stage2_mcts_eval/20649849_Ev_counters_counters_mcts_orig_novh_e.5_c.1_s534933607_K0_SR10M_src20430422_e0008.txt,21,../problems/numeric/counters/vanilla/fz_instance_22.pddl,unsolved,1227.42,False,10000,0,0,0
,counters-off-534933607-stage2-mcts_eval-primary-narrow-w5-i20,counters,stage2,off,534933607,fixed_narrow_w5,20,20649849,OUT_OF_MEMORY,/home/hersco/training_new_domains/2026-08-27/statistical_replication_stage2_mcts_eval/20649849_Ev_counters_counters_mcts_orig_novh_e.5_c.1_s534933607_K0_SR10M_src20430422_e0008.txt,22,../problems/numeric/counters/vanilla/fz_instance_23.pddl,unsolved,1237.82,False,10000,0,0,0
,counters-off-534933607-stage2-mcts_eval-primary-narrow-w5-i20,counters,stage2,off,534933607,fixed_narrow_w5,20,20649849,OUT_OF_MEMORY,/home/hersco/training_new_domains/2026-08-27/statistical_replication_stage2_mcts_eval/20649849_Ev_counters_counters_mcts_orig_novh_e.5_c.1_s534933607_K0_SR10M_src20430422_e0008.txt,23,../problems/numeric/counters/vanilla/fz_instance_24.pddl,unsolved,1403.07,False,10000,0,0,0
,counters-off-534933607-stage2-mcts_eval-primary-narrow-w5-i20,counters,stage2,off,534933607,fixed_narrow_w5,20,20649849,OUT_OF_MEMORY,/home/hersco/training_new_domains/2026-08-27/statistical_replication_stage2_mcts_eval/20649849_Ev_counters_counters_mcts_orig_novh_e.5_c.1_s534933607_K0_SR10M_src20430422_e0008.txt,24,../problems/numeric/counters/vanilla/fz_instance_25.pddl,unsolved,1725.04,False,10000,0,0,0
,counters-off-534933607-stage2-mcts_eval-primary-narrow-w5-i20,counters,stage2,off,534933607,fixed_narrow_w5,20,20649849,OUT_OF_MEMORY,/home/hersco/training_new_domains/2026-08-27/statistical_replication_stage2_mcts_eval/20649849_Ev_counters_counters_mcts_orig_novh_e.5_c.1_s534933607_K0_SR10M_src20430422_e0008.txt,25,../problems/numeric/counters/vanilla/fz_instance_26.pddl,unsolved,1373.78,False,10000,0,0,0
,counters-off-534933607-stage2-mcts_eval-primary-narrow-w5-i20,counters,stage2,off,534933607,fixed_narrow_w5,20,20649849,OUT_OF_MEMORY,/home/hersco/training_new_domains/2026-08-27/statistical_replication_stage2_mcts_eval/20649849_Ev_counters_counters_mcts_orig_novh_e.5_c.1_s534933607_K0_SR10M_src20430422_e0008.txt,26,../problems/numeric/counters/vanilla/fz_instance_27.pddl,unsolved,1649.57,False,10000,0,0,0
,counters-off-534933607-stage2-mcts_eval-primary-narrow-w5-i20,counters,stage2,off,534933607,fixed_narrow_w5,20,20649849,OUT_OF_MEMORY,/home/hersco/training_new_domains/2026-08-27/statistical_replication_stage2_mcts_eval/20649849_Ev_counters_counters_mcts_orig_novh_e.5_c.1_s534933607_K0_SR10M_src20430422_e0008.txt,27,../problems/numeric/counters/vanilla/fz_instance_28.pddl,unsolved,1802.24,False,10000,0,0,0
,counters-off-534933607-stage2-mcts_eval-primary-narrow-w5-i20,counters,stage2,off,534933607,fixed_narrow_w5,20,20649849,OUT_OF_MEMORY,/home/hersco/training_new_domains/2026-08-27/statistical_replication_stage2_mcts_eval/20649849_Ev_counters_counters_mcts_orig_novh_e.5_c.1_s534933607_K0_SR10M_src20430422_e0008.txt,28,../problems/numeric/counters/vanilla/fz_instance_29.pddl,unsolved,1984.73,False,10000,0,0,0
,counters-off-534933607-stage2-mcts_eval-primary-narrow-w5-i20,counters,stage2,off,534933607,fixed_narrow_w5,20,20649849,OUT_OF_MEMORY,/home/hersco/training_new_domains/2026-08-27/statistical_replication_stage2_mcts_eval/20649849_Ev_counters_counters_mcts_orig_novh_e.5_c.1_s534933607_K0_SR10M_src20430422_e0008.txt,29,../problems/numeric/counters/vanilla/fz_instance_30.pddl,unsolved,2291.27,False,10000,0,0,0
,counters-off-534933607-stage2-mcts_eval-primary-narrow-w5-i20,counters,stage2,off,534933607,fixed_narrow_w5,20,20649849,OUT_OF_MEMORY,/home/hersco/training_new_domains/2026-08-27/statistical_replication_stage2_mcts_eval/20649849_Ev_counters_counters_mcts_orig_novh_e.5_c.1_s534933607_K0_SR10M_src20430422_e0008.txt,30,../problems/numeric/counters/vanilla/fz_instance_31.pddl,unsolved,3402.87,False,10000,0,0,0
,counters-off-534933607-stage2-mcts_eval-primary-narrow-w5-i20,counters,stage2,off,534933607,fixed_narrow_w5,20,20649849,OUT_OF_MEMORY,/home/hersco/training_new_domains/2026-08-27/statistical_replication_stage2_mcts_eval/20649849_Ev_counters_counters_mcts_orig_novh_e.5_c.1_s534933607_K0_SR10M_src20430422_e0008.txt,31,../problems/numeric/counters/vanilla/fz_instance_32.pddl,unsolved,3556.33,False,10000,0,0,0
,counters-off-534933607-stage2-mcts_eval-primary-narrow-w5-i20,counters,stage2,off,534933607,fixed_narrow_w5,20,20649849,OUT_OF_MEMORY,/home/hersco/training_new_domains/2026-08-27/statistical_replication_stage2_mcts_eval/20649849_Ev_counters_counters_mcts_orig_novh_e.5_c.1_s534933607_K0_SR10M_src20430422_e0008.txt,32,../problems/numeric/counters/vanilla/fz_instance_33.pddl,unsolved,3888.25,False,10000,0,0,0
,counters-off-534933607-stage2-mcts_eval-primary-narrow-w5-i20,counters,stage2,off,534933607,fixed_narrow_w5,20,20649849,OUT_OF_MEMORY,/home/hersco/training_new_domains/2026-08-27/statistical_replication_stage2_mcts_eval/20649849_Ev_counters_counters_mcts_orig_novh_e.5_c.1_s534933607_K0_SR10M_src20430422_e0008.txt,33,../problems/numeric/counters/vanilla/fz_instance_34.pddl,unsolved,4068.04,False,10000,0,0,0
,counters-off-534933607-stage2-mcts_eval-primary-narrow-w5-i20,counters,stage2,off,534933607,fixed_narrow_w5,20,20649849,OUT_OF_MEMORY,/home/hersco/training_new_domains/2026-08-27/statistical_replication_stage2_mcts_eval/20649849_Ev_counters_counters_mcts_orig_novh_e.5_c.1_s534933607_K0_SR10M_src20430422_e0008.txt,34,../problems/numeric/counters/vanilla/fz_instance_35.pddl,unsolved,4652.75,False,10000,0,0,0
,counters-off-534933607-stage2-mcts_eval-primary-narrow-w5-i20,counters,stage2,off,534933607,fixed_narrow_w5,20,20649849,OUT_OF_MEMORY,/home/hersco/training_new_domains/2026-08-27/statistical_replication_stage2_mcts_eval/20649849_Ev_counters_counters_mcts_orig_novh_e.5_c.1_s534933607_K0_SR10M_src20430422_e0008.txt,35,../problems/numeric/counters/vanilla/fz_instance_36.pddl,unsolved,4989.52,False,10000,0,0,0
,counters-off-534933607-stage2-mcts_eval-primary-narrow-w5-i20,counters,stage2,off,534933607,fixed_narrow_w5,20,20649849,OUT_OF_MEMORY,/home/hersco/training_new_domains/2026-08-27/statistical_replication_stage2_mcts_eval/20649849_Ev_counters_counters_mcts_orig_novh_e.5_c.1_s534933607_K0_SR10M_src20430422_e0008.txt,36,../problems/numeric/counters/vanilla/fz_instance_37.pddl,unsolved,5248.43,False,10000,0,0,0
,counters-off-534933607-stage2-mcts_eval-primary-narrow-w5-i20,counters,stage2,off,534933607,fixed_narrow_w5,20,20649849,OUT_OF_MEMORY,/home/hersco/training_new_domains/2026-08-27/statistical_replication_stage2_mcts_eval/20649849_Ev_counters_counters_mcts_orig_novh_e.5_c.1_s534933607_K0_SR10M_src20430422_e0008.txt,37,../problems/numeric/counters/vanilla/fz_instance_38.pddl,unsolved,7730.16,False,10000,0,0,0
,counters-off-534933607-stage2-mcts_eval-primary-narrow-w5-i20,counters,stage2,off,534933607,fixed_narrow_w5,20,20649849,OUT_OF_MEMORY,/home/hersco/training_new_domains/2026-08-27/statistical_replication_stage2_mcts_eval/20649849_Ev_counters_counters_mcts_orig_novh_e.5_c.1_s534933607_K0_SR10M_src20430422_e0008.txt,38,../problems/numeric/counters/vanilla/fz_instance_39.pddl,unsolved,8106.45,False,10000,0,0,0
,counters-off-534933607-stage2-mcts_eval-primary-narrow-w5-i20,counters,stage2,off,534933607,fixed_narrow_w5,20,20649849,OUT_OF_MEMORY,/home/hersco/training_new_domains/2026-08-27/statistical_replication_stage2_mcts_eval/20649849_Ev_counters_counters_mcts_orig_novh_e.5_c.1_s534933607_K0_SR10M_src20430422_e0008.txt,39,../problems/numeric/counters/vanilla/fz_instance_40.pddl,unsolved,11216.62,False,10000,0,0,0
,counters-off-534933607-stage2-mcts_eval-primary-narrow-w5-i20,counters,stage2,off,534933607,fixed_narrow_w5,20,20649849,OUT_OF_MEMORY,/home/hersco/training_new_domains/2026-08-27/statistical_replication_stage2_mcts_eval/20649849_Ev_counters_counters_mcts_orig_novh_e.5_c.1_s534933607_K0_SR10M_src20430422_e0008.txt,40,../problems/numeric/counters/vanilla/fz_instance_41.pddl,unsolved,11430.61,False,10000,0,0,0
,counters-off-534933607-stage2-mcts_eval-primary-narrow-w5-i20,counters,stage2,off,534933607,fixed_narrow_w5,20,20649849,OUT_OF_MEMORY,/home/hersco/training_new_domains/2026-08-27/statistical_replication_stage2_mcts_eval/20649849_Ev_counters_counters_mcts_orig_novh_e.5_c.1_s534933607_K0_SR10M_src20430422_e0008.txt,41,../problems/numeric/counters/vanilla/fz_instance_42.pddl,unsolved,7641.38,False,10000,0,0,0
,counters-off-534933607-stage2-mcts_eval-primary-narrow-w5-i20,counters,stage2,off,534933607,fixed_narrow_w5,20,20649849,OUT_OF_MEMORY,/home/hersco/training_new_domains/2026-08-27/statistical_replication_stage2_mcts_eval/20649849_Ev_counters_counters_mcts_orig_novh_e.5_c.1_s534933607_K0_SR10M_src20430422_e0008.txt,42,../problems/numeric/counters/vanilla/fz_instance_43.pddl,unsolved,7281.1,False,10000,0,0,0
,counters-off-534933607-stage2-mcts_eval-primary-narrow-w5-i20,counters,stage2,off,534933607,fixed_narrow_w5,20,20649849,OUT_OF_MEMORY,/home/hersco/training_new_domains/2026-08-27/statistical_replication_stage2_mcts_eval/20649849_Ev_counters_counters_mcts_orig_novh_e.5_c.1_s534933607_K0_SR10M_src20430422_e0008.txt,43,../problems/numeric/counters/vanilla/fz_instance_44.pddl,unsolved,12999.05,False,10000,0,0,0
,counters-off-534933607-stage2-mcts_eval-primary-narrow-w5-i20,counters,stage2,off,534933607,fixed_narrow_w5,20,20649849,OUT_OF_MEMORY,/home/hersco/training_new_domains/2026-08-27/statistical_replication_stage2_mcts_eval/20649849_Ev_counters_counters_mcts_orig_novh_e.5_c.1_s534933607_K0_SR10M_src20430422_e0008.txt,44,../problems/numeric/counters/vanilla/fz_instance_45.pddl,unsolved,14683.12,False,10000,0,0,0
,counters-off-534933607-stage2-mcts_eval-primary-narrow-w5-i20,counters,stage2,off,534933607,fixed_narrow_w5,20,20649849,OUT_OF_MEMORY,/home/hersco/training_new_domains/2026-08-27/statistical_replication_stage2_mcts_eval/20649849_Ev_counters_counters_mcts_orig_novh_e.5_c.1_s534933607_K0_SR10M_src20430422_e0008.txt,45,../problems/numeric/counters/vanilla/fz_instance_46.pddl,unsolved,18983.91,False,10000,0,0,0
,counters-off-534933607-stage2-mcts_eval-primary-narrow-w5-i20,counters,stage2,off,534933607,fixed_narrow_w5,20,20649849,OUT_OF_MEMORY,/home/hersco/training_new_domains/2026-08-27/statistical_replication_stage2_mcts_eval/20649849_Ev_counters_counters_mcts_orig_novh_e.5_c.1_s534933607_K0_SR10M_src20430422_e0008.txt,46,../problems/numeric/counters/vanilla/fz_instance_47.pddl,unsolved,21089.25,False,10000,0,0,0
,counters-off-534933607-stage2-mcts_eval-primary-narrow-w5-i20,counters,stage2,off,534933607,fixed_narrow_w5,20,20649849,OUT_OF_MEMORY,/home/hersco/training_new_domains/2026-08-27/statistical_replication_stage2_mcts_eval/20649849_Ev_counters_counters_mcts_orig_novh_e.5_c.1_s534933607_K0_SR10M_src20430422_e0008.txt,47,../problems/numeric/counters/vanilla/fz_instance_48.pddl,timeout,21600.0,False,-1,0,0,0
,counters-off-534933607-stage2-mcts_eval-primary-narrow-w5-i20,counters,stage2,off,534933607,fixed_narrow_w5,20,20649849,OUT_OF_MEMORY,/home/hersco/training_new_domains/2026-08-27/statistical_replication_stage2_mcts_eval/20649849_Ev_counters_counters_mcts_orig_novh_e.5_c.1_s534933607_K0_SR10M_src20430422_e0008.txt,48,../problems/numeric/counters/vanilla/fz_instance_49.pddl,timeout,21600.0,False,-1,0,0,0
,counters-off-534933607-stage2-mcts_eval-primary-narrow-w5-i20,counters,stage2,off,534933607,fixed_narrow_w5,20,20649849,OUT_OF_MEMORY,/home/hersco/training_new_domains/2026-08-27/statistical_replication_stage2_mcts_eval/20649849_Ev_counters_counters_mcts_orig_novh_e.5_c.1_s534933607_K0_SR10M_src20430422_e0008.txt,49,../problems/numeric/counters/vanilla/fz_instance_50.pddl,timeout,21600.0,False,-1,0,0,0
,counters-off-534933607-stage2-mcts_eval-primary-narrow-w5-i20,counters,stage2,off,534933607,fixed_narrow_w5,20,20649849,OUT_OF_MEMORY,/home/hersco/training_new_domains/2026-08-27/statistical_replication_stage2_mcts_eval/20649849_Ev_counters_counters_mcts_orig_novh_e.5_c.1_s534933607_K0_SR10M_src20430422_e0008.txt,50,../problems/numeric/counters/vanilla/fz_instance_51.pddl,timeout,21600.0,False,-1,0,0,0
,counters-off-2082152039-stage2-mcts_eval-primary-narrow-w5-i20,counters,stage2,off,2082152039,fixed_narrow_w5,20,20649850,COMPLETED,/home/hersco/training_new_domains/2026-08-27/statistical_replication_stage2_mcts_eval/20649850_Ev_counters_counters_mcts_orig_novh_e.5_c.1_s2082152039_K0_SR10M_src20430423_e0000.txt,1,../problems/numeric/counters/vanilla/fz_instance_2.pddl,success,10.32,True,1,1,1,1
,counters-off-2082152039-stage2-mcts_eval-primary-narrow-w5-i20,counters,stage2,off,2082152039,fixed_narrow_w5,20,20649850,COMPLETED,/home/hersco/training_new_domains/2026-08-27/statistical_replication_stage2_mcts_eval/20649850_Ev_counters_counters_mcts_orig_novh_e.5_c.1_s2082152039_K0_SR10M_src20430423_e0000.txt,2,../problems/numeric/counters/vanilla/fz_instance_3.pddl,success,8.78,True,3,1,1,1
,counters-off-2082152039-stage2-mcts_eval-primary-narrow-w5-i20,counters,stage2,off,2082152039,fixed_narrow_w5,20,20649850,COMPLETED,/home/hersco/training_new_domains/2026-08-27/statistical_replication_stage2_mcts_eval/20649850_Ev_counters_counters_mcts_orig_novh_e.5_c.1_s2082152039_K0_SR10M_src20430423_e0000.txt,3,../problems/numeric/counters/vanilla/fz_instance_4.pddl,success,10.28,True,6,1,1,1
,counters-off-2082152039-stage2-mcts_eval-primary-narrow-w5-i20,counters,stage2,off,2082152039,fixed_narrow_w5,20,20649850,COMPLETED,/home/hersco/training_new_domains/2026-08-27/statistical_replication_stage2_mcts_eval/20649850_Ev_counters_counters_mcts_orig_novh_e.5_c.1_s2082152039_K0_SR10M_src20430423_e0000.txt,4,../problems/numeric/counters/vanilla/fz_instance_5.pddl,success,8.32,True,10,1,1,1
,counters-off-2082152039-stage2-mcts_eval-primary-narrow-w5-i20,counters,stage2,off,2082152039,fixed_narrow_w5,20,20649850,COMPLETED,/home/hersco/training_new_domains/2026-08-27/statistical_replication_stage2_mcts_eval/20649850_Ev_counters_counters_mcts_orig_novh_e.5_c.1_s2082152039_K0_SR10M_src20430423_e0000.txt,5,../problems/numeric/counters/vanilla/fz_instance_6.pddl,success,11.09,True,17,1,1,1
,counters-off-2082152039-stage2-mcts_eval-primary-narrow-w5-i20,counters,stage2,off,2082152039,fixed_narrow_w5,20,20649850,COMPLETED,/home/hersco/training_new_domains/2026-08-27/statistical_replication_stage2_mcts_eval/20649850_Ev_counters_counters_mcts_orig_novh_e.5_c.1_s2082152039_K0_SR10M_src20430423_e0000.txt,6,../problems/numeric/counters/vanilla/fz_instance_7.pddl,success,11.82,True,21,1,1,1
,counters-off-2082152039-stage2-mcts_eval-primary-narrow-w5-i20,counters,stage2,off,2082152039,fixed_narrow_w5,20,20649850,COMPLETED,/home/hersco/training_new_domains/2026-08-27/statistical_replication_stage2_mcts_eval/20649850_Ev_counters_counters_mcts_orig_novh_e.5_c.1_s2082152039_K0_SR10M_src20430423_e0000.txt,7,../problems/numeric/counters/vanilla/fz_instance_8.pddl,success,13.31,True,28,1,1,1
,counters-off-2082152039-stage2-mcts_eval-primary-narrow-w5-i20,counters,stage2,off,2082152039,fixed_narrow_w5,20,20649850,COMPLETED,/home/hersco/training_new_domains/2026-08-27/statistical_replication_stage2_mcts_eval/20649850_Ev_counters_counters_mcts_orig_novh_e.5_c.1_s2082152039_K0_SR10M_src20430423_e0000.txt,8,../problems/numeric/counters/vanilla/fz_instance_9.pddl,success,16.06,True,36,1,1,1
,counters-off-2082152039-stage2-mcts_eval-primary-narrow-w5-i20,counters,stage2,off,2082152039,fixed_narrow_w5,20,20649850,COMPLETED,/home/hersco/training_new_domains/2026-08-27/statistical_replication_stage2_mcts_eval/20649850_Ev_counters_counters_mcts_orig_novh_e.5_c.1_s2082152039_K0_SR10M_src20430423_e0000.txt,9,../problems/numeric/counters/vanilla/fz_instance_10.pddl,success,18.56,True,45,1,1,1
,counters-off-2082152039-stage2-mcts_eval-primary-narrow-w5-i20,counters,stage2,off,2082152039,fixed_narrow_w5,20,20649850,COMPLETED,/home/hersco/training_new_domains/2026-08-27/statistical_replication_stage2_mcts_eval/20649850_Ev_counters_counters_mcts_orig_novh_e.5_c.1_s2082152039_K0_SR10M_src20430423_e0000.txt,10,../problems/numeric/counters/vanilla/fz_instance_11.pddl,success,19.82,True,55,1,1,1
,counters-off-2082152039-stage2-mcts_eval-primary-narrow-w5-i20,counters,stage2,off,2082152039,fixed_narrow_w5,20,20649850,COMPLETED,/home/hersco/training_new_domains/2026-08-27/statistical_replication_stage2_mcts_eval/20649850_Ev_counters_counters_mcts_orig_novh_e.5_c.1_s2082152039_K0_SR10M_src20430423_e0000.txt,11,../problems/numeric/counters/vanilla/fz_instance_12.pddl,success,22.83,True,66,1,1,1
,counters-off-2082152039-stage2-mcts_eval-primary-narrow-w5-i20,counters,stage2,off,2082152039,fixed_narrow_w5,20,20649850,COMPLETED,/home/hersco/training_new_domains/2026-08-27/statistical_replication_stage2_mcts_eval/20649850_Ev_counters_counters_mcts_orig_novh_e.5_c.1_s2082152039_K0_SR10M_src20430423_e0000.txt,12,../problems/numeric/counters/vanilla/fz_instance_13.pddl,success,24.37,True,78,1,1,1
,counters-off-2082152039-stage2-mcts_eval-primary-narrow-w5-i20,counters,stage2,off,2082152039,fixed_narrow_w5,20,20649850,COMPLETED,/home/hersco/training_new_domains/2026-08-27/statistical_replication_stage2_mcts_eval/20649850_Ev_counters_counters_mcts_orig_novh_e.5_c.1_s2082152039_K0_SR10M_src20430423_e0000.txt,13,../problems/numeric/counters/vanilla/fz_instance_14.pddl,success,28.37,True,91,1,1,1
,counters-off-2082152039-stage2-mcts_eval-primary-narrow-w5-i20,counters,stage2,off,2082152039,fixed_narrow_w5,20,20649850,COMPLETED,/home/hersco/training_new_domains/2026-08-27/statistical_replication_stage2_mcts_eval/20649850_Ev_counters_counters_mcts_orig_novh_e.5_c.1_s2082152039_K0_SR10M_src20430423_e0000.txt,14,../problems/numeric/counters/vanilla/fz_instance_15.pddl,success,31.84,True,105,1,1,1
,counters-off-2082152039-stage2-mcts_eval-primary-narrow-w5-i20,counters,stage2,off,2082152039,fixed_narrow_w5,20,20649850,COMPLETED,/home/hersco/training_new_domains/2026-08-27/statistical_replication_stage2_mcts_eval/20649850_Ev_counters_counters_mcts_orig_novh_e.5_c.1_s2082152039_K0_SR10M_src20430423_e0000.txt,15,../problems/numeric/counters/vanilla/fz_instance_16.pddl,success,32.84,True,120,1,1,1
,counters-off-2082152039-stage2-mcts_eval-primary-narrow-w5-i20,counters,stage2,off,2082152039,fixed_narrow_w5,20,20649850,COMPLETED,/home/hersco/training_new_domains/2026-08-27/statistical_replication_stage2_mcts_eval/20649850_Ev_counters_counters_mcts_orig_novh_e.5_c.1_s2082152039_K0_SR10M_src20430423_e0000.txt,16,../problems/numeric/counters/vanilla/fz_instance_17.pddl,success,36.59,True,136,1,1,1
,counters-off-2082152039-stage2-mcts_eval-primary-narrow-w5-i20,counters,stage2,off,2082152039,fixed_narrow_w5,20,20649850,COMPLETED,/home/hersco/training_new_domains/2026-08-27/statistical_replication_stage2_mcts_eval/20649850_Ev_counters_counters_mcts_orig_novh_e.5_c.1_s2082152039_K0_SR10M_src20430423_e0000.txt,17,../problems/numeric/counters/vanilla/fz_instance_18.pddl,success,41.6,True,153,1,1,1
,counters-off-2082152039-stage2-mcts_eval-primary-narrow-w5-i20,counters,stage2,off,2082152039,fixed_narrow_w5,20,20649850,COMPLETED,/home/hersco/training_new_domains/2026-08-27/statistical_replication_stage2_mcts_eval/20649850_Ev_counters_counters_mcts_orig_novh_e.5_c.1_s2082152039_K0_SR10M_src20430423_e0000.txt,18,../problems/numeric/counters/vanilla/fz_instance_19.pddl,success,44.85,True,171,1,1,1
,counters-off-2082152039-stage2-mcts_eval-primary-narrow-w5-i20,counters,stage2,off,2082152039,fixed_narrow_w5,20,20649850,COMPLETED,/home/hersco/training_new_domains/2026-08-27/statistical_replication_stage2_mcts_eval/20649850_Ev_counters_counters_mcts_orig_novh_e.5_c.1_s2082152039_K0_SR10M_src20430423_e0000.txt,19,../problems/numeric/counters/vanilla/fz_instance_20.pddl,success,52.92,True,190,1,1,1
,counters-off-2082152039-stage2-mcts_eval-primary-narrow-w5-i20,counters,stage2,off,2082152039,fixed_narrow_w5,20,20649850,COMPLETED,/home/hersco/training_new_domains/2026-08-27/statistical_replication_stage2_mcts_eval/20649850_Ev_counters_counters_mcts_orig_novh_e.5_c.1_s2082152039_K0_SR10M_src20430423_e0000.txt,20,../problems/numeric/counters/vanilla/fz_instance_21.pddl,success,60.18,True,210,1,1,1
,counters-off-2082152039-stage2-mcts_eval-primary-narrow-w5-i20,counters,stage2,off,2082152039,fixed_narrow_w5,20,20649850,COMPLETED,/home/hersco/training_new_domains/2026-08-27/statistical_replication_stage2_mcts_eval/20649850_Ev_counters_counters_mcts_orig_novh_e.5_c.1_s2082152039_K0_SR10M_src20430423_e0000.txt,21,../problems/numeric/counters/vanilla/fz_instance_22.pddl,success,67.64,True,231,1,1,1
,counters-off-2082152039-stage2-mcts_eval-primary-narrow-w5-i20,counters,stage2,off,2082152039,fixed_narrow_w5,20,20649850,COMPLETED,/home/hersco/training_new_domains/2026-08-27/statistical_replication_stage2_mcts_eval/20649850_Ev_counters_counters_mcts_orig_novh_e.5_c.1_s2082152039_K0_SR10M_src20430423_e0000.txt,22,../problems/numeric/counters/vanilla/fz_instance_23.pddl,success,75.9,True,253,1,1,1
,counters-off-2082152039-stage2-mcts_eval-primary-narrow-w5-i20,counters,stage2,off,2082152039,fixed_narrow_w5,20,20649850,COMPLETED,/home/hersco/training_new_domains/2026-08-27/statistical_replication_stage2_mcts_eval/20649850_Ev_counters_counters_mcts_orig_novh_e.5_c.1_s2082152039_K0_SR10M_src20430423_e0000.txt,23,../problems/numeric/counters/vanilla/fz_instance_24.pddl,success,77.66,True,276,1,1,1
,counters-off-2082152039-stage2-mcts_eval-primary-narrow-w5-i20,counters,stage2,off,2082152039,fixed_narrow_w5,20,20649850,COMPLETED,/home/hersco/training_new_domains/2026-08-27/statistical_replication_stage2_mcts_eval/20649850_Ev_counters_counters_mcts_orig_novh_e.5_c.1_s2082152039_K0_SR10M_src20430423_e0000.txt,24,../problems/numeric/counters/vanilla/fz_instance_25.pddl,success,84.42,True,300,1,1,1
,counters-off-2082152039-stage2-mcts_eval-primary-narrow-w5-i20,counters,stage2,off,2082152039,fixed_narrow_w5,20,20649850,COMPLETED,/home/hersco/training_new_domains/2026-08-27/statistical_replication_stage2_mcts_eval/20649850_Ev_counters_counters_mcts_orig_novh_e.5_c.1_s2082152039_K0_SR10M_src20430423_e0000.txt,25,../problems/numeric/counters/vanilla/fz_instance_26.pddl,success,96.71,True,325,1,1,1
,counters-off-2082152039-stage2-mcts_eval-primary-narrow-w5-i20,counters,stage2,off,2082152039,fixed_narrow_w5,20,20649850,COMPLETED,/home/hersco/training_new_domains/2026-08-27/statistical_replication_stage2_mcts_eval/20649850_Ev_counters_counters_mcts_orig_novh_e.5_c.1_s2082152039_K0_SR10M_src20430423_e0000.txt,26,../problems/numeric/counters/vanilla/fz_instance_27.pddl,success,110.3,True,351,1,1,1
,counters-off-2082152039-stage2-mcts_eval-primary-narrow-w5-i20,counters,stage2,off,2082152039,fixed_narrow_w5,20,20649850,COMPLETED,/home/hersco/training_new_domains/2026-08-27/statistical_replication_stage2_mcts_eval/20649850_Ev_counters_counters_mcts_orig_novh_e.5_c.1_s2082152039_K0_SR10M_src20430423_e0000.txt,27,../problems/numeric/counters/vanilla/fz_instance_28.pddl,success,117.3,True,378,1,1,1
,counters-off-2082152039-stage2-mcts_eval-primary-narrow-w5-i20,counters,stage2,off,2082152039,fixed_narrow_w5,20,20649850,COMPLETED,/home/hersco/training_new_domains/2026-08-27/statistical_replication_stage2_mcts_eval/20649850_Ev_counters_counters_mcts_orig_novh_e.5_c.1_s2082152039_K0_SR10M_src20430423_e0000.txt,28,../problems/numeric/counters/vanilla/fz_instance_29.pddl,success,123.76,True,406,1,1,1
,counters-off-2082152039-stage2-mcts_eval-primary-narrow-w5-i20,counters,stage2,off,2082152039,fixed_narrow_w5,20,20649850,COMPLETED,/home/hersco/training_new_domains/2026-08-27/statistical_replication_stage2_mcts_eval/20649850_Ev_counters_counters_mcts_orig_novh_e.5_c.1_s2082152039_K0_SR10M_src20430423_e0000.txt,29,../problems/numeric/counters/vanilla/fz_instance_30.pddl,success,160.09,True,435,1,1,1
,counters-off-2082152039-stage2-mcts_eval-primary-narrow-w5-i20,counters,stage2,off,2082152039,fixed_narrow_w5,20,20649850,COMPLETED,/home/hersco/training_new_domains/2026-08-27/statistical_replication_stage2_mcts_eval/20649850_Ev_counters_counters_mcts_orig_novh_e.5_c.1_s2082152039_K0_SR10M_src20430423_e0000.txt,30,../problems/numeric/counters/vanilla/fz_instance_31.pddl,success,179.89,True,465,1,1,1
,counters-off-2082152039-stage2-mcts_eval-primary-narrow-w5-i20,counters,stage2,off,2082152039,fixed_narrow_w5,20,20649850,COMPLETED,/home/hersco/training_new_domains/2026-08-27/statistical_replication_stage2_mcts_eval/20649850_Ev_counters_counters_mcts_orig_novh_e.5_c.1_s2082152039_K0_SR10M_src20430423_e0000.txt,31,../problems/numeric/counters/vanilla/fz_instance_32.pddl,success,188.86,True,496,1,1,1
,counters-off-2082152039-stage2-mcts_eval-primary-narrow-w5-i20,counters,stage2,off,2082152039,fixed_narrow_w5,20,20649850,COMPLETED,/home/hersco/training_new_domains/2026-08-27/statistical_replication_stage2_mcts_eval/20649850_Ev_counters_counters_mcts_orig_novh_e.5_c.1_s2082152039_K0_SR10M_src20430423_e0000.txt,32,../problems/numeric/counters/vanilla/fz_instance_33.pddl,success,229.83,True,528,1,1,1
,counters-off-2082152039-stage2-mcts_eval-primary-narrow-w5-i20,counters,stage2,off,2082152039,fixed_narrow_w5,20,20649850,COMPLETED,/home/hersco/training_new_domains/2026-08-27/statistical_replication_stage2_mcts_eval/20649850_Ev_counters_counters_mcts_orig_novh_e.5_c.1_s2082152039_K0_SR10M_src20430423_e0000.txt,33,../problems/numeric/counters/vanilla/fz_instance_34.pddl,success,228.11,True,561,1,1,1
,counters-off-2082152039-stage2-mcts_eval-primary-narrow-w5-i20,counters,stage2,off,2082152039,fixed_narrow_w5,20,20649850,COMPLETED,/home/hersco/training_new_domains/2026-08-27/statistical_replication_stage2_mcts_eval/20649850_Ev_counters_counters_mcts_orig_novh_e.5_c.1_s2082152039_K0_SR10M_src20430423_e0000.txt,34,../problems/numeric/counters/vanilla/fz_instance_35.pddl,success,283.93,True,595,1,1,1
,counters-off-2082152039-stage2-mcts_eval-primary-narrow-w5-i20,counters,stage2,off,2082152039,fixed_narrow_w5,20,20649850,COMPLETED,/home/hersco/training_new_domains/2026-08-27/statistical_replication_stage2_mcts_eval/20649850_Ev_counters_counters_mcts_orig_novh_e.5_c.1_s2082152039_K0_SR10M_src20430423_e0000.txt,35,../problems/numeric/counters/vanilla/fz_instance_36.pddl,success,296.94,True,630,1,1,1
,counters-off-2082152039-stage2-mcts_eval-primary-narrow-w5-i20,counters,stage2,off,2082152039,fixed_narrow_w5,20,20649850,COMPLETED,/home/hersco/training_new_domains/2026-08-27/statistical_replication_stage2_mcts_eval/20649850_Ev_counters_counters_mcts_orig_novh_e.5_c.1_s2082152039_K0_SR10M_src20430423_e0000.txt,36,../problems/numeric/counters/vanilla/fz_instance_37.pddl,success,313.74,True,666,1,1,1
,counters-off-2082152039-stage2-mcts_eval-primary-narrow-w5-i20,counters,stage2,off,2082152039,fixed_narrow_w5,20,20649850,COMPLETED,/home/hersco/training_new_domains/2026-08-27/statistical_replication_stage2_mcts_eval/20649850_Ev_counters_counters_mcts_orig_novh_e.5_c.1_s2082152039_K0_SR10M_src20430423_e0000.txt,37,../problems/numeric/counters/vanilla/fz_instance_38.pddl,success,372.71,True,703,1,1,1
,counters-off-2082152039-stage2-mcts_eval-primary-narrow-w5-i20,counters,stage2,off,2082152039,fixed_narrow_w5,20,20649850,COMPLETED,/home/hersco/training_new_domains/2026-08-27/statistical_replication_stage2_mcts_eval/20649850_Ev_counters_counters_mcts_orig_novh_e.5_c.1_s2082152039_K0_SR10M_src20430423_e0000.txt,38,../problems/numeric/counters/vanilla/fz_instance_39.pddl,success,442.08,True,741,1,1,1
,counters-off-2082152039-stage2-mcts_eval-primary-narrow-w5-i20,counters,stage2,off,2082152039,fixed_narrow_w5,20,20649850,COMPLETED,/home/hersco/training_new_domains/2026-08-27/statistical_replication_stage2_mcts_eval/20649850_Ev_counters_counters_mcts_orig_novh_e.5_c.1_s2082152039_K0_SR10M_src20430423_e0000.txt,39,../problems/numeric/counters/vanilla/fz_instance_40.pddl,success,546.07,True,780,1,1,1
,counters-off-2082152039-stage2-mcts_eval-primary-narrow-w5-i20,counters,stage2,off,2082152039,fixed_narrow_w5,20,20649850,COMPLETED,/home/hersco/training_new_domains/2026-08-27/statistical_replication_stage2_mcts_eval/20649850_Ev_counters_counters_mcts_orig_novh_e.5_c.1_s2082152039_K0_SR10M_src20430423_e0000.txt,40,../problems/numeric/counters/vanilla/fz_instance_41.pddl,success,698.94,True,820,1,1,1
,counters-off-2082152039-stage2-mcts_eval-primary-narrow-w5-i20,counters,stage2,off,2082152039,fixed_narrow_w5,20,20649850,COMPLETED,/home/hersco/training_new_domains/2026-08-27/statistical_replication_stage2_mcts_eval/20649850_Ev_counters_counters_mcts_orig_novh_e.5_c.1_s2082152039_K0_SR10M_src20430423_e0000.txt,41,../problems/numeric/counters/vanilla/fz_instance_42.pddl,success,583.35,True,861,1,1,1
,counters-off-2082152039-stage2-mcts_eval-primary-narrow-w5-i20,counters,stage2,off,2082152039,fixed_narrow_w5,20,20649850,COMPLETED,/home/hersco/training_new_domains/2026-08-27/statistical_replication_stage2_mcts_eval/20649850_Ev_counters_counters_mcts_orig_novh_e.5_c.1_s2082152039_K0_SR10M_src20430423_e0000.txt,42,../problems/numeric/counters/vanilla/fz_instance_43.pddl,success,564.41,True,903,1,1,1
,counters-off-2082152039-stage2-mcts_eval-primary-narrow-w5-i20,counters,stage2,off,2082152039,fixed_narrow_w5,20,20649850,COMPLETED,/home/hersco/training_new_domains/2026-08-27/statistical_replication_stage2_mcts_eval/20649850_Ev_counters_counters_mcts_orig_novh_e.5_c.1_s2082152039_K0_SR10M_src20430423_e0000.txt,43,../problems/numeric/counters/vanilla/fz_instance_44.pddl,success,672.08,True,946,1,1,1
,counters-off-2082152039-stage2-mcts_eval-primary-narrow-w5-i20,counters,stage2,off,2082152039,fixed_narrow_w5,20,20649850,COMPLETED,/home/hersco/training_new_domains/2026-08-27/statistical_replication_stage2_mcts_eval/20649850_Ev_counters_counters_mcts_orig_novh_e.5_c.1_s2082152039_K0_SR10M_src20430423_e0000.txt,44,../problems/numeric/counters/vanilla/fz_instance_45.pddl,success,700.71,True,990,1,1,1
,counters-off-2082152039-stage2-mcts_eval-primary-narrow-w5-i20,counters,stage2,off,2082152039,fixed_narrow_w5,20,20649850,COMPLETED,/home/hersco/training_new_domains/2026-08-27/statistical_replication_stage2_mcts_eval/20649850_Ev_counters_counters_mcts_orig_novh_e.5_c.1_s2082152039_K0_SR10M_src20430423_e0000.txt,45,../problems/numeric/counters/vanilla/fz_instance_46.pddl,success,808.81,True,1035,1,1,1
,counters-off-2082152039-stage2-mcts_eval-primary-narrow-w5-i20,counters,stage2,off,2082152039,fixed_narrow_w5,20,20649850,COMPLETED,/home/hersco/training_new_domains/2026-08-27/statistical_replication_stage2_mcts_eval/20649850_Ev_counters_counters_mcts_orig_novh_e.5_c.1_s2082152039_K0_SR10M_src20430423_e0000.txt,46,../problems/numeric/counters/vanilla/fz_instance_47.pddl,success,971.51,True,1081,1,1,1
,counters-off-2082152039-stage2-mcts_eval-primary-narrow-w5-i20,counters,stage2,off,2082152039,fixed_narrow_w5,20,20649850,COMPLETED,/home/hersco/training_new_domains/2026-08-27/statistical_replication_stage2_mcts_eval/20649850_Ev_counters_counters_mcts_orig_novh_e.5_c.1_s2082152039_K0_SR10M_src20430423_e0000.txt,47,../problems/numeric/counters/vanilla/fz_instance_48.pddl,success,1043.54,True,1128,1,1,1
,counters-off-2082152039-stage2-mcts_eval-primary-narrow-w5-i20,counters,stage2,off,2082152039,fixed_narrow_w5,20,20649850,COMPLETED,/home/hersco/training_new_domains/2026-08-27/statistical_replication_stage2_mcts_eval/20649850_Ev_counters_counters_mcts_orig_novh_e.5_c.1_s2082152039_K0_SR10M_src20430423_e0000.txt,48,../problems/numeric/counters/vanilla/fz_instance_49.pddl,success,1167.39,True,1176,1,1,1
,counters-off-2082152039-stage2-mcts_eval-primary-narrow-w5-i20,counters,stage2,off,2082152039,fixed_narrow_w5,20,20649850,COMPLETED,/home/hersco/training_new_domains/2026-08-27/statistical_replication_stage2_mcts_eval/20649850_Ev_counters_counters_mcts_orig_novh_e.5_c.1_s2082152039_K0_SR10M_src20430423_e0000.txt,49,../problems/numeric/counters/vanilla/fz_instance_50.pddl,success,1534.49,True,1225,1,1,1
,counters-off-2082152039-stage2-mcts_eval-primary-narrow-w5-i20,counters,stage2,off,2082152039,fixed_narrow_w5,20,20649850,COMPLETED,/home/hersco/training_new_domains/2026-08-27/statistical_replication_stage2_mcts_eval/20649850_Ev_counters_counters_mcts_orig_novh_e.5_c.1_s2082152039_K0_SR10M_src20430423_e0000.txt,50,../problems/numeric/counters/vanilla/fz_instance_51.pddl,success,1942.08,True,1275,0,1,1
,counters-off-2082152039-stage2-mcts_eval-primary-narrow-w5-i20,counters,stage2,off,2082152039,fixed_narrow_w5,20,20649850,COMPLETED,/home/hersco/training_new_domains/2026-08-27/statistical_replication_stage2_mcts_eval/20649850_Ev_counters_counters_mcts_orig_novh_e.5_c.1_s2082152039_K0_SR10M_src20430423_e0000.txt,51,../problems/numeric/counters/vanilla/fz_instance_52.pddl,success,1717.72,True,1326,1,1,1
,counters-off-2082152039-stage2-mcts_eval-primary-narrow-w5-i20,counters,stage2,off,2082152039,fixed_narrow_w5,20,20649850,COMPLETED,/home/hersco/training_new_domains/2026-08-27/statistical_replication_stage2_mcts_eval/20649850_Ev_counters_counters_mcts_orig_novh_e.5_c.1_s2082152039_K0_SR10M_src20430423_e0000.txt,52,../problems/numeric/counters/vanilla/fz_instance_53.pddl,success,1846.93,True,1378,0,1,1
,counters-off-2082152039-stage2-mcts_eval-primary-narrow-w5-i20,counters,stage2,off,2082152039,fixed_narrow_w5,20,20649850,COMPLETED,/home/hersco/training_new_domains/2026-08-27/statistical_replication_stage2_mcts_eval/20649850_Ev_counters_counters_mcts_orig_novh_e.5_c.1_s2082152039_K0_SR10M_src20430423_e0000.txt,53,../problems/numeric/counters/vanilla/fz_instance_54.pddl,success,2097.76,True,1431,0,1,1
,counters-off-2082152039-stage2-mcts_eval-primary-narrow-w5-i20,counters,stage2,off,2082152039,fixed_narrow_w5,20,20649850,COMPLETED,/home/hersco/training_new_domains/2026-08-27/statistical_replication_stage2_mcts_eval/20649850_Ev_counters_counters_mcts_orig_novh_e.5_c.1_s2082152039_K0_SR10M_src20430423_e0000.txt,54,../problems/numeric/counters/vanilla/fz_instance_55.pddl,success,2261.03,True,1485,0,1,1
,counters-off-2082152039-stage2-mcts_eval-primary-narrow-w5-i20,counters,stage2,off,2082152039,fixed_narrow_w5,20,20649850,COMPLETED,/home/hersco/training_new_domains/2026-08-27/statistical_replication_stage2_mcts_eval/20649850_Ev_counters_counters_mcts_orig_novh_e.5_c.1_s2082152039_K0_SR10M_src20430423_e0000.txt,55,../problems/numeric/counters/vanilla/fz_instance_56.pddl,success,2617.02,True,1540,0,1,1
,counters-off-2082152039-stage2-mcts_eval-primary-narrow-w5-i20,counters,stage2,off,2082152039,fixed_narrow_w5,20,20649850,COMPLETED,/home/hersco/training_new_domains/2026-08-27/statistical_replication_stage2_mcts_eval/20649850_Ev_counters_counters_mcts_orig_novh_e.5_c.1_s2082152039_K0_SR10M_src20430423_e0000.txt,56,../problems/numeric/counters/vanilla/fz_instance_57.pddl,success,3284.39,True,1596,0,1,1
,counters-off-2082152039-stage2-mcts_eval-primary-narrow-w5-i20,counters,stage2,off,2082152039,fixed_narrow_w5,20,20649850,COMPLETED,/home/hersco/training_new_domains/2026-08-27/statistical_replication_stage2_mcts_eval/20649850_Ev_counters_counters_mcts_orig_novh_e.5_c.1_s2082152039_K0_SR10M_src20430423_e0000.txt,57,../problems/numeric/counters/vanilla/fz_instance_58.pddl,success,3638.46,True,1653,0,1,1
,counters-off-2082152039-stage2-mcts_eval-primary-narrow-w5-i20,counters,stage2,off,2082152039,fixed_narrow_w5,20,20649850,COMPLETED,/home/hersco/training_new_domains/2026-08-27/statistical_replication_stage2_mcts_eval/20649850_Ev_counters_counters_mcts_orig_novh_e.5_c.1_s2082152039_K0_SR10M_src20430423_e0000.txt,58,../problems/numeric/counters/vanilla/fz_instance_59.pddl,success,3343.28,True,1711,0,1,1
,counters-off-2082152039-stage2-mcts_eval-primary-narrow-w5-i20,counters,stage2,off,2082152039,fixed_narrow_w5,20,20649850,COMPLETED,/home/hersco/training_new_domains/2026-08-27/statistical_replication_stage2_mcts_eval/20649850_Ev_counters_counters_mcts_orig_novh_e.5_c.1_s2082152039_K0_SR10M_src20430423_e0000.txt,59,../problems/numeric/counters/vanilla/fz_instance_60.pddl,success,3054.61,True,1770,0,1,1
,counters-off-1510771779-stage2-mcts_eval-primary-narrow-w5-i20,counters,stage2,off,1510771779,fixed_narrow_w5,20,20649851,OUT_OF_MEMORY,/home/hersco/training_new_domains/2026-08-27/statistical_replication_stage2_mcts_eval/20649851_Ev_counters_counters_mcts_orig_novh_e.5_c.1_s1510771779_K0_SR10M_src20430424_e0037.txt,1,../problems/numeric/counters/vanilla/fz_instance_2.pddl,success,9.55,True,1,1,1,1
,counters-off-1510771779-stage2-mcts_eval-primary-narrow-w5-i20,counters,stage2,off,1510771779,fixed_narrow_w5,20,20649851,OUT_OF_MEMORY,/home/hersco/training_new_domains/2026-08-27/statistical_replication_stage2_mcts_eval/20649851_Ev_counters_counters_mcts_orig_novh_e.5_c.1_s1510771779_K0_SR10M_src20430424_e0037.txt,2,../problems/numeric/counters/vanilla/fz_instance_3.pddl,success,11.89,True,3,1,1,1
,counters-off-1510771779-stage2-mcts_eval-primary-narrow-w5-i20,counters,stage2,off,1510771779,fixed_narrow_w5,20,20649851,OUT_OF_MEMORY,/home/hersco/training_new_domains/2026-08-27/statistical_replication_stage2_mcts_eval/20649851_Ev_counters_counters_mcts_orig_novh_e.5_c.1_s1510771779_K0_SR10M_src20430424_e0037.txt,3,../problems/numeric/counters/vanilla/fz_instance_4.pddl,success,11.29,True,6,1,1,1
,counters-off-1510771779-stage2-mcts_eval-primary-narrow-w5-i20,counters,stage2,off,1510771779,fixed_narrow_w5,20,20649851,OUT_OF_MEMORY,/home/hersco/training_new_domains/2026-08-27/statistical_replication_stage2_mcts_eval/20649851_Ev_counters_counters_mcts_orig_novh_e.5_c.1_s1510771779_K0_SR10M_src20430424_e0037.txt,4,../problems/numeric/counters/vanilla/fz_instance_5.pddl,success,11.37,True,10,1,1,1
,counters-off-1510771779-stage2-mcts_eval-primary-narrow-w5-i20,counters,stage2,off,1510771779,fixed_narrow_w5,20,20649851,OUT_OF_MEMORY,/home/hersco/training_new_domains/2026-08-27/statistical_replication_stage2_mcts_eval/20649851_Ev_counters_counters_mcts_orig_novh_e.5_c.1_s1510771779_K0_SR10M_src20430424_e0037.txt,5,../problems/numeric/counters/vanilla/fz_instance_6.pddl,success,12.06,True,17,1,1,1
,counters-off-1510771779-stage2-mcts_eval-primary-narrow-w5-i20,counters,stage2,off,1510771779,fixed_narrow_w5,20,20649851,OUT_OF_MEMORY,/home/hersco/training_new_domains/2026-08-27/statistical_replication_stage2_mcts_eval/20649851_Ev_counters_counters_mcts_orig_novh_e.5_c.1_s1510771779_K0_SR10M_src20430424_e0037.txt,6,../problems/numeric/counters/vanilla/fz_instance_7.pddl,success,13.56,True,23,1,1,1
,counters-off-1510771779-stage2-mcts_eval-primary-narrow-w5-i20,counters,stage2,off,1510771779,fixed_narrow_w5,20,20649851,OUT_OF_MEMORY,/home/hersco/training_new_domains/2026-08-27/statistical_replication_stage2_mcts_eval/20649851_Ev_counters_counters_mcts_orig_novh_e.5_c.1_s1510771779_K0_SR10M_src20430424_e0037.txt,7,../problems/numeric/counters/vanilla/fz_instance_8.pddl,success,13.3,True,30,1,1,1
,counters-off-1510771779-stage2-mcts_eval-primary-narrow-w5-i20,counters,stage2,off,1510771779,fixed_narrow_w5,20,20649851,OUT_OF_MEMORY,/home/hersco/training_new_domains/2026-08-27/statistical_replication_stage2_mcts_eval/20649851_Ev_counters_counters_mcts_orig_novh_e.5_c.1_s1510771779_K0_SR10M_src20430424_e0037.txt,8,../problems/numeric/counters/vanilla/fz_instance_9.pddl,success,16.81,True,38,1,1,1
,counters-off-1510771779-stage2-mcts_eval-primary-narrow-w5-i20,counters,stage2,off,1510771779,fixed_narrow_w5,20,20649851,OUT_OF_MEMORY,/home/hersco/training_new_domains/2026-08-27/statistical_replication_stage2_mcts_eval/20649851_Ev_counters_counters_mcts_orig_novh_e.5_c.1_s1510771779_K0_SR10M_src20430424_e0037.txt,9,../problems/numeric/counters/vanilla/fz_instance_10.pddl,success,18.81,True,47,1,1,1
,counters-off-1510771779-stage2-mcts_eval-primary-narrow-w5-i20,counters,stage2,off,1510771779,fixed_narrow_w5,20,20649851,OUT_OF_MEMORY,/home/hersco/training_new_domains/2026-08-27/statistical_replication_stage2_mcts_eval/20649851_Ev_counters_counters_mcts_orig_novh_e.5_c.1_s1510771779_K0_SR10M_src20430424_e0037.txt,10,../problems/numeric/counters/vanilla/fz_instance_11.pddl,success,23.08,True,55,1,1,1
,counters-off-1510771779-stage2-mcts_eval-primary-narrow-w5-i20,counters,stage2,off,1510771779,fixed_narrow_w5,20,20649851,OUT_OF_MEMORY,/home/hersco/training_new_domains/2026-08-27/statistical_replication_stage2_mcts_eval/20649851_Ev_counters_counters_mcts_orig_novh_e.5_c.1_s1510771779_K0_SR10M_src20430424_e0037.txt,11,../problems/numeric/counters/vanilla/fz_instance_12.pddl,success,23.12,True,66,1,1,1
,counters-off-1510771779-stage2-mcts_eval-primary-narrow-w5-i20,counters,stage2,off,1510771779,fixed_narrow_w5,20,20649851,OUT_OF_MEMORY,/home/hersco/training_new_domains/2026-08-27/statistical_replication_stage2_mcts_eval/20649851_Ev_counters_counters_mcts_orig_novh_e.5_c.1_s1510771779_K0_SR10M_src20430424_e0037.txt,12,../problems/numeric/counters/vanilla/fz_instance_13.pddl,success,29.37,True,80,1,1,1
,counters-off-1510771779-stage2-mcts_eval-primary-narrow-w5-i20,counters,stage2,off,1510771779,fixed_narrow_w5,20,20649851,OUT_OF_MEMORY,/home/hersco/training_new_domains/2026-08-27/statistical_replication_stage2_mcts_eval/20649851_Ev_counters_counters_mcts_orig_novh_e.5_c.1_s1510771779_K0_SR10M_src20430424_e0037.txt,13,../problems/numeric/counters/vanilla/fz_instance_14.pddl,success,31.09,True,91,1,1,1
,counters-off-1510771779-stage2-mcts_eval-primary-narrow-w5-i20,counters,stage2,off,1510771779,fixed_narrow_w5,20,20649851,OUT_OF_MEMORY,/home/hersco/training_new_domains/2026-08-27/statistical_replication_stage2_mcts_eval/20649851_Ev_counters_counters_mcts_orig_novh_e.5_c.1_s1510771779_K0_SR10M_src20430424_e0037.txt,14,../problems/numeric/counters/vanilla/fz_instance_15.pddl,success,33.85,True,109,1,1,1
,counters-off-1510771779-stage2-mcts_eval-primary-narrow-w5-i20,counters,stage2,off,1510771779,fixed_narrow_w5,20,20649851,OUT_OF_MEMORY,/home/hersco/training_new_domains/2026-08-27/statistical_replication_stage2_mcts_eval/20649851_Ev_counters_counters_mcts_orig_novh_e.5_c.1_s1510771779_K0_SR10M_src20430424_e0037.txt,15,../problems/numeric/counters/vanilla/fz_instance_16.pddl,success,39.44,True,124,1,1,1
,counters-off-1510771779-stage2-mcts_eval-primary-narrow-w5-i20,counters,stage2,off,1510771779,fixed_narrow_w5,20,20649851,OUT_OF_MEMORY,/home/hersco/training_new_domains/2026-08-27/statistical_replication_stage2_mcts_eval/20649851_Ev_counters_counters_mcts_orig_novh_e.5_c.1_s1510771779_K0_SR10M_src20430424_e0037.txt,16,../problems/numeric/counters/vanilla/fz_instance_17.pddl,success,42.21,True,136,1,1,1
,counters-off-1510771779-stage2-mcts_eval-primary-narrow-w5-i20,counters,stage2,off,1510771779,fixed_narrow_w5,20,20649851,OUT_OF_MEMORY,/home/hersco/training_new_domains/2026-08-27/statistical_replication_stage2_mcts_eval/20649851_Ev_counters_counters_mcts_orig_novh_e.5_c.1_s1510771779_K0_SR10M_src20430424_e0037.txt,17,../problems/numeric/counters/vanilla/fz_instance_18.pddl,success,45.47,True,153,1,1,1
,counters-off-1510771779-stage2-mcts_eval-primary-narrow-w5-i20,counters,stage2,off,1510771779,fixed_narrow_w5,20,20649851,OUT_OF_MEMORY,/home/hersco/training_new_domains/2026-08-27/statistical_replication_stage2_mcts_eval/20649851_Ev_counters_counters_mcts_orig_novh_e.5_c.1_s1510771779_K0_SR10M_src20430424_e0037.txt,18,../problems/numeric/counters/vanilla/fz_instance_19.pddl,success,53.31,True,171,1,1,1
,counters-off-1510771779-stage2-mcts_eval-primary-narrow-w5-i20,counters,stage2,off,1510771779,fixed_narrow_w5,20,20649851,OUT_OF_MEMORY,/home/hersco/training_new_domains/2026-08-27/statistical_replication_stage2_mcts_eval/20649851_Ev_counters_counters_mcts_orig_novh_e.5_c.1_s1510771779_K0_SR10M_src20430424_e0037.txt,19,../problems/numeric/counters/vanilla/fz_instance_20.pddl,success,54.48,True,190,1,1,1
,counters-off-1510771779-stage2-mcts_eval-primary-narrow-w5-i20,counters,stage2,off,1510771779,fixed_narrow_w5,20,20649851,OUT_OF_MEMORY,/home/hersco/training_new_domains/2026-08-27/statistical_replication_stage2_mcts_eval/20649851_Ev_counters_counters_mcts_orig_novh_e.5_c.1_s1510771779_K0_SR10M_src20430424_e0037.txt,20,../problems/numeric/counters/vanilla/fz_instance_21.pddl,success,63.96,True,210,1,1,1
,counters-off-1510771779-stage2-mcts_eval-primary-narrow-w5-i20,counters,stage2,off,1510771779,fixed_narrow_w5,20,20649851,OUT_OF_MEMORY,/home/hersco/training_new_domains/2026-08-27/statistical_replication_stage2_mcts_eval/20649851_Ev_counters_counters_mcts_orig_novh_e.5_c.1_s1510771779_K0_SR10M_src20430424_e0037.txt,21,../problems/numeric/counters/vanilla/fz_instance_22.pddl,success,69.7,True,231,1,1,1
,counters-off-1510771779-stage2-mcts_eval-primary-narrow-w5-i20,counters,stage2,off,1510771779,fixed_narrow_w5,20,20649851,OUT_OF_MEMORY,/home/hersco/training_new_domains/2026-08-27/statistical_replication_stage2_mcts_eval/20649851_Ev_counters_counters_mcts_orig_novh_e.5_c.1_s1510771779_K0_SR10M_src20430424_e0037.txt,22,../problems/numeric/counters/vanilla/fz_instance_23.pddl,success,79.52,True,253,1,1,1
,counters-off-1510771779-stage2-mcts_eval-primary-narrow-w5-i20,counters,stage2,off,1510771779,fixed_narrow_w5,20,20649851,OUT_OF_MEMORY,/home/hersco/training_new_domains/2026-08-27/statistical_replication_stage2_mcts_eval/20649851_Ev_counters_counters_mcts_orig_novh_e.5_c.1_s1510771779_K0_SR10M_src20430424_e0037.txt,23,../problems/numeric/counters/vanilla/fz_instance_24.pddl,success,90.83,True,276,1,1,1
,counters-off-1510771779-stage2-mcts_eval-primary-narrow-w5-i20,counters,stage2,off,1510771779,fixed_narrow_w5,20,20649851,OUT_OF_MEMORY,/home/hersco/training_new_domains/2026-08-27/statistical_replication_stage2_mcts_eval/20649851_Ev_counters_counters_mcts_orig_novh_e.5_c.1_s1510771779_K0_SR10M_src20430424_e0037.txt,24,../problems/numeric/counters/vanilla/fz_instance_25.pddl,success,98.45,True,302,1,1,1
,counters-off-1510771779-stage2-mcts_eval-primary-narrow-w5-i20,counters,stage2,off,1510771779,fixed_narrow_w5,20,20649851,OUT_OF_MEMORY,/home/hersco/training_new_domains/2026-08-27/statistical_replication_stage2_mcts_eval/20649851_Ev_counters_counters_mcts_orig_novh_e.5_c.1_s1510771779_K0_SR10M_src20430424_e0037.txt,25,../problems/numeric/counters/vanilla/fz_instance_26.pddl,success,108.03,True,325,1,1,1
,counters-off-1510771779-stage2-mcts_eval-primary-narrow-w5-i20,counters,stage2,off,1510771779,fixed_narrow_w5,20,20649851,OUT_OF_MEMORY,/home/hersco/training_new_domains/2026-08-27/statistical_replication_stage2_mcts_eval/20649851_Ev_counters_counters_mcts_orig_novh_e.5_c.1_s1510771779_K0_SR10M_src20430424_e0037.txt,26,../problems/numeric/counters/vanilla/fz_instance_27.pddl,success,120.91,True,351,1,1,1
,counters-off-1510771779-stage2-mcts_eval-primary-narrow-w5-i20,counters,stage2,off,1510771779,fixed_narrow_w5,20,20649851,OUT_OF_MEMORY,/home/hersco/training_new_domains/2026-08-27/statistical_replication_stage2_mcts_eval/20649851_Ev_counters_counters_mcts_orig_novh_e.5_c.1_s1510771779_K0_SR10M_src20430424_e0037.txt,27,../problems/numeric/counters/vanilla/fz_instance_28.pddl,success,132.1,True,378,1,1,1
,counters-off-1510771779-stage2-mcts_eval-primary-narrow-w5-i20,counters,stage2,off,1510771779,fixed_narrow_w5,20,20649851,OUT_OF_MEMORY,/home/hersco/training_new_domains/2026-08-27/statistical_replication_stage2_mcts_eval/20649851_Ev_counters_counters_mcts_orig_novh_e.5_c.1_s1510771779_K0_SR10M_src20430424_e0037.txt,28,../problems/numeric/counters/vanilla/fz_instance_29.pddl,success,133.47,True,406,1,1,1
,counters-off-1510771779-stage2-mcts_eval-primary-narrow-w5-i20,counters,stage2,off,1510771779,fixed_narrow_w5,20,20649851,OUT_OF_MEMORY,/home/hersco/training_new_domains/2026-08-27/statistical_replication_stage2_mcts_eval/20649851_Ev_counters_counters_mcts_orig_novh_e.5_c.1_s1510771779_K0_SR10M_src20430424_e0037.txt,29,../problems/numeric/counters/vanilla/fz_instance_30.pddl,success,168.15,True,435,1,1,1
,counters-off-1510771779-stage2-mcts_eval-primary-narrow-w5-i20,counters,stage2,off,1510771779,fixed_narrow_w5,20,20649851,OUT_OF_MEMORY,/home/hersco/training_new_domains/2026-08-27/statistical_replication_stage2_mcts_eval/20649851_Ev_counters_counters_mcts_orig_novh_e.5_c.1_s1510771779_K0_SR10M_src20430424_e0037.txt,30,../problems/numeric/counters/vanilla/fz_instance_31.pddl,success,182.83,True,465,1,1,1
,counters-off-1510771779-stage2-mcts_eval-primary-narrow-w5-i20,counters,stage2,off,1510771779,fixed_narrow_w5,20,20649851,OUT_OF_MEMORY,/home/hersco/training_new_domains/2026-08-27/statistical_replication_stage2_mcts_eval/20649851_Ev_counters_counters_mcts_orig_novh_e.5_c.1_s1510771779_K0_SR10M_src20430424_e0037.txt,31,../problems/numeric/counters/vanilla/fz_instance_32.pddl,success,213.92,True,496,1,1,1
,counters-off-1510771779-stage2-mcts_eval-primary-narrow-w5-i20,counters,stage2,off,1510771779,fixed_narrow_w5,20,20649851,OUT_OF_MEMORY,/home/hersco/training_new_domains/2026-08-27/statistical_replication_stage2_mcts_eval/20649851_Ev_counters_counters_mcts_orig_novh_e.5_c.1_s1510771779_K0_SR10M_src20430424_e0037.txt,32,../problems/numeric/counters/vanilla/fz_instance_33.pddl,success,251.76,True,528,1,1,1
,counters-off-1510771779-stage2-mcts_eval-primary-narrow-w5-i20,counters,stage2,off,1510771779,fixed_narrow_w5,20,20649851,OUT_OF_MEMORY,/home/hersco/training_new_domains/2026-08-27/statistical_replication_stage2_mcts_eval/20649851_Ev_counters_counters_mcts_orig_novh_e.5_c.1_s1510771779_K0_SR10M_src20430424_e0037.txt,33,../problems/numeric/counters/vanilla/fz_instance_34.pddl,success,271.38,True,561,1,1,1
,counters-off-1510771779-stage2-mcts_eval-primary-narrow-w5-i20,counters,stage2,off,1510771779,fixed_narrow_w5,20,20649851,OUT_OF_MEMORY,/home/hersco/training_new_domains/2026-08-27/statistical_replication_stage2_mcts_eval/20649851_Ev_counters_counters_mcts_orig_novh_e.5_c.1_s1510771779_K0_SR10M_src20430424_e0037.txt,34,../problems/numeric/counters/vanilla/fz_instance_35.pddl,success,296.52,True,597,1,1,1
,counters-off-1510771779-stage2-mcts_eval-primary-narrow-w5-i20,counters,stage2,off,1510771779,fixed_narrow_w5,20,20649851,OUT_OF_MEMORY,/home/hersco/training_new_domains/2026-08-27/statistical_replication_stage2_mcts_eval/20649851_Ev_counters_counters_mcts_orig_novh_e.5_c.1_s1510771779_K0_SR10M_src20430424_e0037.txt,35,../problems/numeric/counters/vanilla/fz_instance_36.pddl,success,319.11,True,630,1,1,1
,counters-off-1510771779-stage2-mcts_eval-primary-narrow-w5-i20,counters,stage2,off,1510771779,fixed_narrow_w5,20,20649851,OUT_OF_MEMORY,/home/hersco/training_new_domains/2026-08-27/statistical_replication_stage2_mcts_eval/20649851_Ev_counters_counters_mcts_orig_novh_e.5_c.1_s1510771779_K0_SR10M_src20430424_e0037.txt,36,../problems/numeric/counters/vanilla/fz_instance_37.pddl,success,346.9,True,666,1,1,1
,counters-off-1510771779-stage2-mcts_eval-primary-narrow-w5-i20,counters,stage2,off,1510771779,fixed_narrow_w5,20,20649851,OUT_OF_MEMORY,/home/hersco/training_new_domains/2026-08-27/statistical_replication_stage2_mcts_eval/20649851_Ev_counters_counters_mcts_orig_novh_e.5_c.1_s1510771779_K0_SR10M_src20430424_e0037.txt,37,../problems/numeric/counters/vanilla/fz_instance_38.pddl,success,406.61,True,707,1,1,1
,counters-off-1510771779-stage2-mcts_eval-primary-narrow-w5-i20,counters,stage2,off,1510771779,fixed_narrow_w5,20,20649851,OUT_OF_MEMORY,/home/hersco/training_new_domains/2026-08-27/statistical_replication_stage2_mcts_eval/20649851_Ev_counters_counters_mcts_orig_novh_e.5_c.1_s1510771779_K0_SR10M_src20430424_e0037.txt,38,../problems/numeric/counters/vanilla/fz_instance_39.pddl,success,406.49,True,741,1,1,1
,counters-off-1510771779-stage2-mcts_eval-primary-narrow-w5-i20,counters,stage2,off,1510771779,fixed_narrow_w5,20,20649851,OUT_OF_MEMORY,/home/hersco/training_new_domains/2026-08-27/statistical_replication_stage2_mcts_eval/20649851_Ev_counters_counters_mcts_orig_novh_e.5_c.1_s1510771779_K0_SR10M_src20430424_e0037.txt,39,../problems/numeric/counters/vanilla/fz_instance_40.pddl,success,517.59,True,780,1,1,1
,counters-off-1510771779-stage2-mcts_eval-primary-narrow-w5-i20,counters,stage2,off,1510771779,fixed_narrow_w5,20,20649851,OUT_OF_MEMORY,/home/hersco/training_new_domains/2026-08-27/statistical_replication_stage2_mcts_eval/20649851_Ev_counters_counters_mcts_orig_novh_e.5_c.1_s1510771779_K0_SR10M_src20430424_e0037.txt,40,../problems/numeric/counters/vanilla/fz_instance_41.pddl,success,615.94,True,822,1,1,1
,counters-off-1510771779-stage2-mcts_eval-primary-narrow-w5-i20,counters,stage2,off,1510771779,fixed_narrow_w5,20,20649851,OUT_OF_MEMORY,/home/hersco/training_new_domains/2026-08-27/statistical_replication_stage2_mcts_eval/20649851_Ev_counters_counters_mcts_orig_novh_e.5_c.1_s1510771779_K0_SR10M_src20430424_e0037.txt,41,../problems/numeric/counters/vanilla/fz_instance_42.pddl,success,518.15,True,863,1,1,1
,counters-off-1510771779-stage2-mcts_eval-primary-narrow-w5-i20,counters,stage2,off,1510771779,fixed_narrow_w5,20,20649851,OUT_OF_MEMORY,/home/hersco/training_new_domains/2026-08-27/statistical_replication_stage2_mcts_eval/20649851_Ev_counters_counters_mcts_orig_novh_e.5_c.1_s1510771779_K0_SR10M_src20430424_e0037.txt,42,../problems/numeric/counters/vanilla/fz_instance_43.pddl,success,511.75,True,905,1,1,1
,counters-off-1510771779-stage2-mcts_eval-primary-narrow-w5-i20,counters,stage2,off,1510771779,fixed_narrow_w5,20,20649851,OUT_OF_MEMORY,/home/hersco/training_new_domains/2026-08-27/statistical_replication_stage2_mcts_eval/20649851_Ev_counters_counters_mcts_orig_novh_e.5_c.1_s1510771779_K0_SR10M_src20430424_e0037.txt,43,../problems/numeric/counters/vanilla/fz_instance_44.pddl,success,673.23,True,958,1,1,1
,counters-off-1510771779-stage2-mcts_eval-primary-narrow-w5-i20,counters,stage2,off,1510771779,fixed_narrow_w5,20,20649851,OUT_OF_MEMORY,/home/hersco/training_new_domains/2026-08-27/statistical_replication_stage2_mcts_eval/20649851_Ev_counters_counters_mcts_orig_novh_e.5_c.1_s1510771779_K0_SR10M_src20430424_e0037.txt,44,../problems/numeric/counters/vanilla/fz_instance_45.pddl,success,713.77,True,990,1,1,1
,counters-off-1510771779-stage2-mcts_eval-primary-narrow-w5-i20,counters,stage2,off,1510771779,fixed_narrow_w5,20,20649851,OUT_OF_MEMORY,/home/hersco/training_new_domains/2026-08-27/statistical_replication_stage2_mcts_eval/20649851_Ev_counters_counters_mcts_orig_novh_e.5_c.1_s1510771779_K0_SR10M_src20430424_e0037.txt,45,../problems/numeric/counters/vanilla/fz_instance_46.pddl,success,736.57,True,1035,1,1,1
,counters-off-1510771779-stage2-mcts_eval-primary-narrow-w5-i20,counters,stage2,off,1510771779,fixed_narrow_w5,20,20649851,OUT_OF_MEMORY,/home/hersco/training_new_domains/2026-08-27/statistical_replication_stage2_mcts_eval/20649851_Ev_counters_counters_mcts_orig_novh_e.5_c.1_s1510771779_K0_SR10M_src20430424_e0037.txt,46,../problems/numeric/counters/vanilla/fz_instance_47.pddl,success,814.6,True,1081,1,1,1
,counters-off-1510771779-stage2-mcts_eval-primary-narrow-w5-i20,counters,stage2,off,1510771779,fixed_narrow_w5,20,20649851,OUT_OF_MEMORY,/home/hersco/training_new_domains/2026-08-27/statistical_replication_stage2_mcts_eval/20649851_Ev_counters_counters_mcts_orig_novh_e.5_c.1_s1510771779_K0_SR10M_src20430424_e0037.txt,47,../problems/numeric/counters/vanilla/fz_instance_48.pddl,success,944.83,True,1128,1,1,1
,counters-off-1510771779-stage2-mcts_eval-primary-narrow-w5-i20,counters,stage2,off,1510771779,fixed_narrow_w5,20,20649851,OUT_OF_MEMORY,/home/hersco/training_new_domains/2026-08-27/statistical_replication_stage2_mcts_eval/20649851_Ev_counters_counters_mcts_orig_novh_e.5_c.1_s1510771779_K0_SR10M_src20430424_e0037.txt,48,../problems/numeric/counters/vanilla/fz_instance_49.pddl,success,1100.59,True,1268,1,1,1
,counters-off-1510771779-stage2-mcts_eval-primary-narrow-w5-i20,counters,stage2,off,1510771779,fixed_narrow_w5,20,20649851,OUT_OF_MEMORY,/home/hersco/training_new_domains/2026-08-27/statistical_replication_stage2_mcts_eval/20649851_Ev_counters_counters_mcts_orig_novh_e.5_c.1_s1510771779_K0_SR10M_src20430424_e0037.txt,49,../problems/numeric/counters/vanilla/fz_instance_50.pddl,unsolved,13162.96,False,10000,0,0,0
,counters-off-1510771779-stage2-mcts_eval-primary-narrow-w5-i20,counters,stage2,off,1510771779,fixed_narrow_w5,20,20649851,OUT_OF_MEMORY,/home/hersco/training_new_domains/2026-08-27/statistical_replication_stage2_mcts_eval/20649851_Ev_counters_counters_mcts_orig_novh_e.5_c.1_s1510771779_K0_SR10M_src20430424_e0037.txt,51,../problems/numeric/counters/vanilla/fz_instance_52.pddl,timeout,21600.0,False,-1,0,0,0
,counters-off-1510771779-stage2-mcts_eval-primary-narrow-w5-i20,counters,stage2,off,1510771779,fixed_narrow_w5,20,20649851,OUT_OF_MEMORY,/home/hersco/training_new_domains/2026-08-27/statistical_replication_stage2_mcts_eval/20649851_Ev_counters_counters_mcts_orig_novh_e.5_c.1_s1510771779_K0_SR10M_src20430424_e0037.txt,52,../problems/numeric/counters/vanilla/fz_instance_53.pddl,unsolved,16894.86,False,10000,0,0,0
,counters-off-1510771779-stage2-mcts_eval-primary-narrow-w5-i20,counters,stage2,off,1510771779,fixed_narrow_w5,20,20649851,OUT_OF_MEMORY,/home/hersco/training_new_domains/2026-08-27/statistical_replication_stage2_mcts_eval/20649851_Ev_counters_counters_mcts_orig_novh_e.5_c.1_s1510771779_K0_SR10M_src20430424_e0037.txt,53,../problems/numeric/counters/vanilla/fz_instance_54.pddl,timeout,21600.0,False,-1,0,0,0
,counters-off-1510771779-stage2-mcts_eval-primary-narrow-w5-i20,counters,stage2,off,1510771779,fixed_narrow_w5,20,20649851,OUT_OF_MEMORY,/home/hersco/training_new_domains/2026-08-27/statistical_replication_stage2_mcts_eval/20649851_Ev_counters_counters_mcts_orig_novh_e.5_c.1_s1510771779_K0_SR10M_src20430424_e0037.txt,55,../problems/numeric/counters/vanilla/fz_instance_56.pddl,timeout,21600.0,False,-1,0,0,0
,counters-off-1510771779-stage2-mcts_eval-primary-narrow-w5-i20,counters,stage2,off,1510771779,fixed_narrow_w5,20,20649851,OUT_OF_MEMORY,/home/hersco/training_new_domains/2026-08-27/statistical_replication_stage2_mcts_eval/20649851_Ev_counters_counters_mcts_orig_novh_e.5_c.1_s1510771779_K0_SR10M_src20430424_e0037.txt,56,../problems/numeric/counters/vanilla/fz_instance_57.pddl,timeout,21600.0,False,-1,0,0,0
,counters-off-1510771779-stage2-mcts_eval-primary-narrow-w5-i20,counters,stage2,off,1510771779,fixed_narrow_w5,20,20649851,OUT_OF_MEMORY,/home/hersco/training_new_domains/2026-08-27/statistical_replication_stage2_mcts_eval/20649851_Ev_counters_counters_mcts_orig_novh_e.5_c.1_s1510771779_K0_SR10M_src20430424_e0037.txt,57,../problems/numeric/counters/vanilla/fz_instance_58.pddl,unsolved,13054.86,False,10000,0,0,0
,counters-off-1510771779-stage2-mcts_eval-primary-narrow-w5-i20,counters,stage2,off,1510771779,fixed_narrow_w5,20,20649851,OUT_OF_MEMORY,/home/hersco/training_new_domains/2026-08-27/statistical_replication_stage2_mcts_eval/20649851_Ev_counters_counters_mcts_orig_novh_e.5_c.1_s1510771779_K0_SR10M_src20430424_e0037.txt,58,../problems/numeric/counters/vanilla/fz_instance_59.pddl,timeout,21600.0,False,-1,0,0,0
,counters-off-1510771779-stage2-mcts_eval-primary-narrow-w5-i20,counters,stage2,off,1510771779,fixed_narrow_w5,20,20649851,OUT_OF_MEMORY,/home/hersco/training_new_domains/2026-08-27/statistical_replication_stage2_mcts_eval/20649851_Ev_counters_counters_mcts_orig_novh_e.5_c.1_s1510771779_K0_SR10M_src20430424_e0037.txt,59,../problems/numeric/counters/vanilla/fz_instance_60.pddl,unsolved,8258.99,False,10000,0,0,0
,counters-off-923500475-stage2-mcts_eval-primary-narrow-w5-i20,counters,stage2,off,923500475,fixed_narrow_w5,20,20649852,COMPLETED,/home/hersco/training_new_domains/2026-08-27/statistical_replication_stage2_mcts_eval/20649852_Ev_counters_counters_mcts_orig_novh_e.5_c.1_s923500475_K0_SR10M_src20430425_e0000.txt,1,../problems/numeric/counters/vanilla/fz_instance_2.pddl,success,9.3,True,1,1,1,1
,counters-off-923500475-stage2-mcts_eval-primary-narrow-w5-i20,counters,stage2,off,923500475,fixed_narrow_w5,20,20649852,COMPLETED,/home/hersco/training_new_domains/2026-08-27/statistical_replication_stage2_mcts_eval/20649852_Ev_counters_counters_mcts_orig_novh_e.5_c.1_s923500475_K0_SR10M_src20430425_e0000.txt,2,../problems/numeric/counters/vanilla/fz_instance_3.pddl,success,10.57,True,3,1,1,1
,counters-off-923500475-stage2-mcts_eval-primary-narrow-w5-i20,counters,stage2,off,923500475,fixed_narrow_w5,20,20649852,COMPLETED,/home/hersco/training_new_domains/2026-08-27/statistical_replication_stage2_mcts_eval/20649852_Ev_counters_counters_mcts_orig_novh_e.5_c.1_s923500475_K0_SR10M_src20430425_e0000.txt,3,../problems/numeric/counters/vanilla/fz_instance_4.pddl,success,10.29,True,6,1,1,1
,counters-off-923500475-stage2-mcts_eval-primary-narrow-w5-i20,counters,stage2,off,923500475,fixed_narrow_w5,20,20649852,COMPLETED,/home/hersco/training_new_domains/2026-08-27/statistical_replication_stage2_mcts_eval/20649852_Ev_counters_counters_mcts_orig_novh_e.5_c.1_s923500475_K0_SR10M_src20430425_e0000.txt,4,../problems/numeric/counters/vanilla/fz_instance_5.pddl,success,10.55,True,10,1,1,1
,counters-off-923500475-stage2-mcts_eval-primary-narrow-w5-i20,counters,stage2,off,923500475,fixed_narrow_w5,20,20649852,COMPLETED,/home/hersco/training_new_domains/2026-08-27/statistical_replication_stage2_mcts_eval/20649852_Ev_counters_counters_mcts_orig_novh_e.5_c.1_s923500475_K0_SR10M_src20430425_e0000.txt,5,../problems/numeric/counters/vanilla/fz_instance_6.pddl,success,12.84,True,15,1,1,1
,counters-off-923500475-stage2-mcts_eval-primary-narrow-w5-i20,counters,stage2,off,923500475,fixed_narrow_w5,20,20649852,COMPLETED,/home/hersco/training_new_domains/2026-08-27/statistical_replication_stage2_mcts_eval/20649852_Ev_counters_counters_mcts_orig_novh_e.5_c.1_s923500475_K0_SR10M_src20430425_e0000.txt,6,../problems/numeric/counters/vanilla/fz_instance_7.pddl,success,13.34,True,23,1,1,1
,counters-off-923500475-stage2-mcts_eval-primary-narrow-w5-i20,counters,stage2,off,923500475,fixed_narrow_w5,20,20649852,COMPLETED,/home/hersco/training_new_domains/2026-08-27/statistical_replication_stage2_mcts_eval/20649852_Ev_counters_counters_mcts_orig_novh_e.5_c.1_s923500475_K0_SR10M_src20430425_e0000.txt,7,../problems/numeric/counters/vanilla/fz_instance_8.pddl,success,14.58,True,28,1,1,1
,counters-off-923500475-stage2-mcts_eval-primary-narrow-w5-i20,counters,stage2,off,923500475,fixed_narrow_w5,20,20649852,COMPLETED,/home/hersco/training_new_domains/2026-08-27/statistical_replication_stage2_mcts_eval/20649852_Ev_counters_counters_mcts_orig_novh_e.5_c.1_s923500475_K0_SR10M_src20430425_e0000.txt,8,../problems/numeric/counters/vanilla/fz_instance_9.pddl,success,16.58,True,36,1,1,1
,counters-off-923500475-stage2-mcts_eval-primary-narrow-w5-i20,counters,stage2,off,923500475,fixed_narrow_w5,20,20649852,COMPLETED,/home/hersco/training_new_domains/2026-08-27/statistical_replication_stage2_mcts_eval/20649852_Ev_counters_counters_mcts_orig_novh_e.5_c.1_s923500475_K0_SR10M_src20430425_e0000.txt,9,../problems/numeric/counters/vanilla/fz_instance_10.pddl,success,17.33,True,45,1,1,1
,counters-off-923500475-stage2-mcts_eval-primary-narrow-w5-i20,counters,stage2,off,923500475,fixed_narrow_w5,20,20649852,COMPLETED,/home/hersco/training_new_domains/2026-08-27/statistical_replication_stage2_mcts_eval/20649852_Ev_counters_counters_mcts_orig_novh_e.5_c.1_s923500475_K0_SR10M_src20430425_e0000.txt,10,../problems/numeric/counters/vanilla/fz_instance_11.pddl,success,20.56,True,55,1,1,1
,counters-off-923500475-stage2-mcts_eval-primary-narrow-w5-i20,counters,stage2,off,923500475,fixed_narrow_w5,20,20649852,COMPLETED,/home/hersco/training_new_domains/2026-08-27/statistical_replication_stage2_mcts_eval/20649852_Ev_counters_counters_mcts_orig_novh_e.5_c.1_s923500475_K0_SR10M_src20430425_e0000.txt,11,../problems/numeric/counters/vanilla/fz_instance_12.pddl,success,22.59,True,66,1,1,1
,counters-off-923500475-stage2-mcts_eval-primary-narrow-w5-i20,counters,stage2,off,923500475,fixed_narrow_w5,20,20649852,COMPLETED,/home/hersco/training_new_domains/2026-08-27/statistical_replication_stage2_mcts_eval/20649852_Ev_counters_counters_mcts_orig_novh_e.5_c.1_s923500475_K0_SR10M_src20430425_e0000.txt,12,../problems/numeric/counters/vanilla/fz_instance_13.pddl,success,26.1,True,85,1,1,1
,counters-off-923500475-stage2-mcts_eval-primary-narrow-w5-i20,counters,stage2,off,923500475,fixed_narrow_w5,20,20649852,COMPLETED,/home/hersco/training_new_domains/2026-08-27/statistical_replication_stage2_mcts_eval/20649852_Ev_counters_counters_mcts_orig_novh_e.5_c.1_s923500475_K0_SR10M_src20430425_e0000.txt,13,../problems/numeric/counters/vanilla/fz_instance_14.pddl,success,28.58,True,91,1,1,1
,counters-off-923500475-stage2-mcts_eval-primary-narrow-w5-i20,counters,stage2,off,923500475,fixed_narrow_w5,20,20649852,COMPLETED,/home/hersco/training_new_domains/2026-08-27/statistical_replication_stage2_mcts_eval/20649852_Ev_counters_counters_mcts_orig_novh_e.5_c.1_s923500475_K0_SR10M_src20430425_e0000.txt,14,../problems/numeric/counters/vanilla/fz_instance_15.pddl,success,31.87,True,105,1,1,1
,counters-off-923500475-stage2-mcts_eval-primary-narrow-w5-i20,counters,stage2,off,923500475,fixed_narrow_w5,20,20649852,COMPLETED,/home/hersco/training_new_domains/2026-08-27/statistical_replication_stage2_mcts_eval/20649852_Ev_counters_counters_mcts_orig_novh_e.5_c.1_s923500475_K0_SR10M_src20430425_e0000.txt,15,../problems/numeric/counters/vanilla/fz_instance_16.pddl,success,36.4,True,120,1,1,1
,counters-off-923500475-stage2-mcts_eval-primary-narrow-w5-i20,counters,stage2,off,923500475,fixed_narrow_w5,20,20649852,COMPLETED,/home/hersco/training_new_domains/2026-08-27/statistical_replication_stage2_mcts_eval/20649852_Ev_counters_counters_mcts_orig_novh_e.5_c.1_s923500475_K0_SR10M_src20430425_e0000.txt,16,../problems/numeric/counters/vanilla/fz_instance_17.pddl,success,38.88,True,136,1,1,1
,counters-off-923500475-stage2-mcts_eval-primary-narrow-w5-i20,counters,stage2,off,923500475,fixed_narrow_w5,20,20649852,COMPLETED,/home/hersco/training_new_domains/2026-08-27/statistical_replication_stage2_mcts_eval/20649852_Ev_counters_counters_mcts_orig_novh_e.5_c.1_s923500475_K0_SR10M_src20430425_e0000.txt,17,../problems/numeric/counters/vanilla/fz_instance_18.pddl,success,45.1,True,153,1,1,1
,counters-off-923500475-stage2-mcts_eval-primary-narrow-w5-i20,counters,stage2,off,923500475,fixed_narrow_w5,20,20649852,COMPLETED,/home/hersco/training_new_domains/2026-08-27/statistical_replication_stage2_mcts_eval/20649852_Ev_counters_counters_mcts_orig_novh_e.5_c.1_s923500475_K0_SR10M_src20430425_e0000.txt,18,../problems/numeric/counters/vanilla/fz_instance_19.pddl,success,51.42,True,171,1,1,1
,counters-off-923500475-stage2-mcts_eval-primary-narrow-w5-i20,counters,stage2,off,923500475,fixed_narrow_w5,20,20649852,COMPLETED,/home/hersco/training_new_domains/2026-08-27/statistical_replication_stage2_mcts_eval/20649852_Ev_counters_counters_mcts_orig_novh_e.5_c.1_s923500475_K0_SR10M_src20430425_e0000.txt,19,../problems/numeric/counters/vanilla/fz_instance_20.pddl,success,50.24,True,190,1,1,1
,counters-off-923500475-stage2-mcts_eval-primary-narrow-w5-i20,counters,stage2,off,923500475,fixed_narrow_w5,20,20649852,COMPLETED,/home/hersco/training_new_domains/2026-08-27/statistical_replication_stage2_mcts_eval/20649852_Ev_counters_counters_mcts_orig_novh_e.5_c.1_s923500475_K0_SR10M_src20430425_e0000.txt,20,../problems/numeric/counters/vanilla/fz_instance_21.pddl,success,57.23,True,210,1,1,1
,counters-off-923500475-stage2-mcts_eval-primary-narrow-w5-i20,counters,stage2,off,923500475,fixed_narrow_w5,20,20649852,COMPLETED,/home/hersco/training_new_domains/2026-08-27/statistical_replication_stage2_mcts_eval/20649852_Ev_counters_counters_mcts_orig_novh_e.5_c.1_s923500475_K0_SR10M_src20430425_e0000.txt,21,../problems/numeric/counters/vanilla/fz_instance_22.pddl,success,68.23,True,231,1,1,1
,counters-off-923500475-stage2-mcts_eval-primary-narrow-w5-i20,counters,stage2,off,923500475,fixed_narrow_w5,20,20649852,COMPLETED,/home/hersco/training_new_domains/2026-08-27/statistical_replication_stage2_mcts_eval/20649852_Ev_counters_counters_mcts_orig_novh_e.5_c.1_s923500475_K0_SR10M_src20430425_e0000.txt,22,../problems/numeric/counters/vanilla/fz_instance_23.pddl,success,75.22,True,253,1,1,1
,counters-off-923500475-stage2-mcts_eval-primary-narrow-w5-i20,counters,stage2,off,923500475,fixed_narrow_w5,20,20649852,COMPLETED,/home/hersco/training_new_domains/2026-08-27/statistical_replication_stage2_mcts_eval/20649852_Ev_counters_counters_mcts_orig_novh_e.5_c.1_s923500475_K0_SR10M_src20430425_e0000.txt,23,../problems/numeric/counters/vanilla/fz_instance_24.pddl,success,81.68,True,276,1,1,1
,counters-off-923500475-stage2-mcts_eval-primary-narrow-w5-i20,counters,stage2,off,923500475,fixed_narrow_w5,20,20649852,COMPLETED,/home/hersco/training_new_domains/2026-08-27/statistical_replication_stage2_mcts_eval/20649852_Ev_counters_counters_mcts_orig_novh_e.5_c.1_s923500475_K0_SR10M_src20430425_e0000.txt,24,../problems/numeric/counters/vanilla/fz_instance_25.pddl,success,90.0,True,300,1,1,1
,counters-off-923500475-stage2-mcts_eval-primary-narrow-w5-i20,counters,stage2,off,923500475,fixed_narrow_w5,20,20649852,COMPLETED,/home/hersco/training_new_domains/2026-08-27/statistical_replication_stage2_mcts_eval/20649852_Ev_counters_counters_mcts_orig_novh_e.5_c.1_s923500475_K0_SR10M_src20430425_e0000.txt,25,../problems/numeric/counters/vanilla/fz_instance_26.pddl,success,100.77,True,325,1,1,1
,counters-off-923500475-stage2-mcts_eval-primary-narrow-w5-i20,counters,stage2,off,923500475,fixed_narrow_w5,20,20649852,COMPLETED,/home/hersco/training_new_domains/2026-08-27/statistical_replication_stage2_mcts_eval/20649852_Ev_counters_counters_mcts_orig_novh_e.5_c.1_s923500475_K0_SR10M_src20430425_e0000.txt,26,../problems/numeric/counters/vanilla/fz_instance_27.pddl,success,104.97,True,351,1,1,1
,counters-off-923500475-stage2-mcts_eval-primary-narrow-w5-i20,counters,stage2,off,923500475,fixed_narrow_w5,20,20649852,COMPLETED,/home/hersco/training_new_domains/2026-08-27/statistical_replication_stage2_mcts_eval/20649852_Ev_counters_counters_mcts_orig_novh_e.5_c.1_s923500475_K0_SR10M_src20430425_e0000.txt,27,../problems/numeric/counters/vanilla/fz_instance_28.pddl,success,119.61,True,378,1,1,1
,counters-off-923500475-stage2-mcts_eval-primary-narrow-w5-i20,counters,stage2,off,923500475,fixed_narrow_w5,20,20649852,COMPLETED,/home/hersco/training_new_domains/2026-08-27/statistical_replication_stage2_mcts_eval/20649852_Ev_counters_counters_mcts_orig_novh_e.5_c.1_s923500475_K0_SR10M_src20430425_e0000.txt,28,../problems/numeric/counters/vanilla/fz_instance_29.pddl,success,129.49,True,406,1,1,1
,counters-off-923500475-stage2-mcts_eval-primary-narrow-w5-i20,counters,stage2,off,923500475,fixed_narrow_w5,20,20649852,COMPLETED,/home/hersco/training_new_domains/2026-08-27/statistical_replication_stage2_mcts_eval/20649852_Ev_counters_counters_mcts_orig_novh_e.5_c.1_s923500475_K0_SR10M_src20430425_e0000.txt,29,../problems/numeric/counters/vanilla/fz_instance_30.pddl,success,154.42,True,435,1,1,1
,counters-off-923500475-stage2-mcts_eval-primary-narrow-w5-i20,counters,stage2,off,923500475,fixed_narrow_w5,20,20649852,COMPLETED,/home/hersco/training_new_domains/2026-08-27/statistical_replication_stage2_mcts_eval/20649852_Ev_counters_counters_mcts_orig_novh_e.5_c.1_s923500475_K0_SR10M_src20430425_e0000.txt,30,../problems/numeric/counters/vanilla/fz_instance_31.pddl,success,171.62,True,465,1,1,1
,counters-off-923500475-stage2-mcts_eval-primary-narrow-w5-i20,counters,stage2,off,923500475,fixed_narrow_w5,20,20649852,COMPLETED,/home/hersco/training_new_domains/2026-08-27/statistical_replication_stage2_mcts_eval/20649852_Ev_counters_counters_mcts_orig_novh_e.5_c.1_s923500475_K0_SR10M_src20430425_e0000.txt,31,../problems/numeric/counters/vanilla/fz_instance_32.pddl,success,200.32,True,496,1,1,1
,counters-off-923500475-stage2-mcts_eval-primary-narrow-w5-i20,counters,stage2,off,923500475,fixed_narrow_w5,20,20649852,COMPLETED,/home/hersco/training_new_domains/2026-08-27/statistical_replication_stage2_mcts_eval/20649852_Ev_counters_counters_mcts_orig_novh_e.5_c.1_s923500475_K0_SR10M_src20430425_e0000.txt,32,../problems/numeric/counters/vanilla/fz_instance_33.pddl,success,224.84,True,528,1,1,1
,counters-off-923500475-stage2-mcts_eval-primary-narrow-w5-i20,counters,stage2,off,923500475,fixed_narrow_w5,20,20649852,COMPLETED,/home/hersco/training_new_domains/2026-08-27/statistical_replication_stage2_mcts_eval/20649852_Ev_counters_counters_mcts_orig_novh_e.5_c.1_s923500475_K0_SR10M_src20430425_e0000.txt,33,../problems/numeric/counters/vanilla/fz_instance_34.pddl,success,233.47,True,561,1,1,1
,counters-off-923500475-stage2-mcts_eval-primary-narrow-w5-i20,counters,stage2,off,923500475,fixed_narrow_w5,20,20649852,COMPLETED,/home/hersco/training_new_domains/2026-08-27/statistical_replication_stage2_mcts_eval/20649852_Ev_counters_counters_mcts_orig_novh_e.5_c.1_s923500475_K0_SR10M_src20430425_e0000.txt,34,../problems/numeric/counters/vanilla/fz_instance_35.pddl,timeout,21600.0,False,-1,0,0,0
,counters-off-923500475-stage2-mcts_eval-primary-narrow-w5-i20,counters,stage2,off,923500475,fixed_narrow_w5,20,20649852,COMPLETED,/home/hersco/training_new_domains/2026-08-27/statistical_replication_stage2_mcts_eval/20649852_Ev_counters_counters_mcts_orig_novh_e.5_c.1_s923500475_K0_SR10M_src20430425_e0000.txt,35,../problems/numeric/counters/vanilla/fz_instance_36.pddl,unsolved,16223.23,False,10000,0,0,0
,counters-off-923500475-stage2-mcts_eval-primary-narrow-w5-i20,counters,stage2,off,923500475,fixed_narrow_w5,20,20649852,COMPLETED,/home/hersco/training_new_domains/2026-08-27/statistical_replication_stage2_mcts_eval/20649852_Ev_counters_counters_mcts_orig_novh_e.5_c.1_s923500475_K0_SR10M_src20430425_e0000.txt,36,../problems/numeric/counters/vanilla/fz_instance_37.pddl,timeout,21600.0,False,-1,0,0,0
,counters-off-923500475-stage2-mcts_eval-primary-narrow-w5-i20,counters,stage2,off,923500475,fixed_narrow_w5,20,20649852,COMPLETED,/home/hersco/training_new_domains/2026-08-27/statistical_replication_stage2_mcts_eval/20649852_Ev_counters_counters_mcts_orig_novh_e.5_c.1_s923500475_K0_SR10M_src20430425_e0000.txt,37,../problems/numeric/counters/vanilla/fz_instance_38.pddl,unsolved,4938.66,False,10000,0,0,0
,counters-off-923500475-stage2-mcts_eval-primary-narrow-w5-i20,counters,stage2,off,923500475,fixed_narrow_w5,20,20649852,COMPLETED,/home/hersco/training_new_domains/2026-08-27/statistical_replication_stage2_mcts_eval/20649852_Ev_counters_counters_mcts_orig_novh_e.5_c.1_s923500475_K0_SR10M_src20430425_e0000.txt,38,../problems/numeric/counters/vanilla/fz_instance_39.pddl,unsolved,9833.43,False,10000,0,0,0
,counters-off-923500475-stage2-mcts_eval-primary-narrow-w5-i20,counters,stage2,off,923500475,fixed_narrow_w5,20,20649852,COMPLETED,/home/hersco/training_new_domains/2026-08-27/statistical_replication_stage2_mcts_eval/20649852_Ev_counters_counters_mcts_orig_novh_e.5_c.1_s923500475_K0_SR10M_src20430425_e0000.txt,39,../problems/numeric/counters/vanilla/fz_instance_40.pddl,unsolved,5282.42,False,10000,0,0,0
,counters-off-923500475-stage2-mcts_eval-primary-narrow-w5-i20,counters,stage2,off,923500475,fixed_narrow_w5,20,20649852,COMPLETED,/home/hersco/training_new_domains/2026-08-27/statistical_replication_stage2_mcts_eval/20649852_Ev_counters_counters_mcts_orig_novh_e.5_c.1_s923500475_K0_SR10M_src20430425_e0000.txt,40,../problems/numeric/counters/vanilla/fz_instance_41.pddl,unsolved,4296.41,False,10000,0,0,0
,counters-off-923500475-stage2-mcts_eval-primary-narrow-w5-i20,counters,stage2,off,923500475,fixed_narrow_w5,20,20649852,COMPLETED,/home/hersco/training_new_domains/2026-08-27/statistical_replication_stage2_mcts_eval/20649852_Ev_counters_counters_mcts_orig_novh_e.5_c.1_s923500475_K0_SR10M_src20430425_e0000.txt,41,../problems/numeric/counters/vanilla/fz_instance_42.pddl,unsolved,5019.39,False,10000,0,0,0
,counters-off-923500475-stage2-mcts_eval-primary-narrow-w5-i20,counters,stage2,off,923500475,fixed_narrow_w5,20,20649852,COMPLETED,/home/hersco/training_new_domains/2026-08-27/statistical_replication_stage2_mcts_eval/20649852_Ev_counters_counters_mcts_orig_novh_e.5_c.1_s923500475_K0_SR10M_src20430425_e0000.txt,42,../problems/numeric/counters/vanilla/fz_instance_43.pddl,unsolved,3898.64,False,10000,0,0,0
,counters-off-923500475-stage2-mcts_eval-primary-narrow-w5-i20,counters,stage2,off,923500475,fixed_narrow_w5,20,20649852,COMPLETED,/home/hersco/training_new_domains/2026-08-27/statistical_replication_stage2_mcts_eval/20649852_Ev_counters_counters_mcts_orig_novh_e.5_c.1_s923500475_K0_SR10M_src20430425_e0000.txt,43,../problems/numeric/counters/vanilla/fz_instance_44.pddl,unsolved,6197.83,False,10000,0,0,0
,counters-off-923500475-stage2-mcts_eval-primary-narrow-w5-i20,counters,stage2,off,923500475,fixed_narrow_w5,20,20649852,COMPLETED,/home/hersco/training_new_domains/2026-08-27/statistical_replication_stage2_mcts_eval/20649852_Ev_counters_counters_mcts_orig_novh_e.5_c.1_s923500475_K0_SR10M_src20430425_e0000.txt,44,../problems/numeric/counters/vanilla/fz_instance_45.pddl,unsolved,5310.54,False,10000,0,0,0
,counters-off-923500475-stage2-mcts_eval-primary-narrow-w5-i20,counters,stage2,off,923500475,fixed_narrow_w5,20,20649852,COMPLETED,/home/hersco/training_new_domains/2026-08-27/statistical_replication_stage2_mcts_eval/20649852_Ev_counters_counters_mcts_orig_novh_e.5_c.1_s923500475_K0_SR10M_src20430425_e0000.txt,45,../problems/numeric/counters/vanilla/fz_instance_46.pddl,unsolved,5158.15,False,10000,0,0,0
,counters-off-923500475-stage2-mcts_eval-primary-narrow-w5-i20,counters,stage2,off,923500475,fixed_narrow_w5,20,20649852,COMPLETED,/home/hersco/training_new_domains/2026-08-27/statistical_replication_stage2_mcts_eval/20649852_Ev_counters_counters_mcts_orig_novh_e.5_c.1_s923500475_K0_SR10M_src20430425_e0000.txt,46,../problems/numeric/counters/vanilla/fz_instance_47.pddl,unsolved,9459.15,False,10000,0,0,0
,counters-off-923500475-stage2-mcts_eval-primary-narrow-w5-i20,counters,stage2,off,923500475,fixed_narrow_w5,20,20649852,COMPLETED,/home/hersco/training_new_domains/2026-08-27/statistical_replication_stage2_mcts_eval/20649852_Ev_counters_counters_mcts_orig_novh_e.5_c.1_s923500475_K0_SR10M_src20430425_e0000.txt,47,../problems/numeric/counters/vanilla/fz_instance_48.pddl,timeout,21600.0,False,-1,0,0,0
,counters-off-923500475-stage2-mcts_eval-primary-narrow-w5-i20,counters,stage2,off,923500475,fixed_narrow_w5,20,20649852,COMPLETED,/home/hersco/training_new_domains/2026-08-27/statistical_replication_stage2_mcts_eval/20649852_Ev_counters_counters_mcts_orig_novh_e.5_c.1_s923500475_K0_SR10M_src20430425_e0000.txt,48,../problems/numeric/counters/vanilla/fz_instance_49.pddl,unsolved,9043.32,False,10000,0,0,0
,counters-off-923500475-stage2-mcts_eval-primary-narrow-w5-i20,counters,stage2,off,923500475,fixed_narrow_w5,20,20649852,COMPLETED,/home/hersco/training_new_domains/2026-08-27/statistical_replication_stage2_mcts_eval/20649852_Ev_counters_counters_mcts_orig_novh_e.5_c.1_s923500475_K0_SR10M_src20430425_e0000.txt,49,../problems/numeric/counters/vanilla/fz_instance_50.pddl,unsolved,4877.11,False,10000,0,0,0
,counters-off-923500475-stage2-mcts_eval-primary-narrow-w5-i20,counters,stage2,off,923500475,fixed_narrow_w5,20,20649852,COMPLETED,/home/hersco/training_new_domains/2026-08-27/statistical_replication_stage2_mcts_eval/20649852_Ev_counters_counters_mcts_orig_novh_e.5_c.1_s923500475_K0_SR10M_src20430425_e0000.txt,50,../problems/numeric/counters/vanilla/fz_instance_51.pddl,unsolved,8071.52,False,10000,0,0,0
,counters-off-923500475-stage2-mcts_eval-primary-narrow-w5-i20,counters,stage2,off,923500475,fixed_narrow_w5,20,20649852,COMPLETED,/home/hersco/training_new_domains/2026-08-27/statistical_replication_stage2_mcts_eval/20649852_Ev_counters_counters_mcts_orig_novh_e.5_c.1_s923500475_K0_SR10M_src20430425_e0000.txt,51,../problems/numeric/counters/vanilla/fz_instance_52.pddl,unsolved,5775.21,False,10000,0,0,0
,counters-off-923500475-stage2-mcts_eval-primary-narrow-w5-i20,counters,stage2,off,923500475,fixed_narrow_w5,20,20649852,COMPLETED,/home/hersco/training_new_domains/2026-08-27/statistical_replication_stage2_mcts_eval/20649852_Ev_counters_counters_mcts_orig_novh_e.5_c.1_s923500475_K0_SR10M_src20430425_e0000.txt,52,../problems/numeric/counters/vanilla/fz_instance_53.pddl,unsolved,5361.19,False,10000,0,0,0
,counters-off-923500475-stage2-mcts_eval-primary-narrow-w5-i20,counters,stage2,off,923500475,fixed_narrow_w5,20,20649852,COMPLETED,/home/hersco/training_new_domains/2026-08-27/statistical_replication_stage2_mcts_eval/20649852_Ev_counters_counters_mcts_orig_novh_e.5_c.1_s923500475_K0_SR10M_src20430425_e0000.txt,53,../problems/numeric/counters/vanilla/fz_instance_54.pddl,unsolved,9167.38,False,10000,0,0,0
,counters-off-923500475-stage2-mcts_eval-primary-narrow-w5-i20,counters,stage2,off,923500475,fixed_narrow_w5,20,20649852,COMPLETED,/home/hersco/training_new_domains/2026-08-27/statistical_replication_stage2_mcts_eval/20649852_Ev_counters_counters_mcts_orig_novh_e.5_c.1_s923500475_K0_SR10M_src20430425_e0000.txt,54,../problems/numeric/counters/vanilla/fz_instance_55.pddl,unsolved,6106.98,False,10000,0,0,0
,counters-off-923500475-stage2-mcts_eval-primary-narrow-w5-i20,counters,stage2,off,923500475,fixed_narrow_w5,20,20649852,COMPLETED,/home/hersco/training_new_domains/2026-08-27/statistical_replication_stage2_mcts_eval/20649852_Ev_counters_counters_mcts_orig_novh_e.5_c.1_s923500475_K0_SR10M_src20430425_e0000.txt,55,../problems/numeric/counters/vanilla/fz_instance_56.pddl,unsolved,6230.87,False,10000,0,0,0
,counters-off-923500475-stage2-mcts_eval-primary-narrow-w5-i20,counters,stage2,off,923500475,fixed_narrow_w5,20,20649852,COMPLETED,/home/hersco/training_new_domains/2026-08-27/statistical_replication_stage2_mcts_eval/20649852_Ev_counters_counters_mcts_orig_novh_e.5_c.1_s923500475_K0_SR10M_src20430425_e0000.txt,56,../problems/numeric/counters/vanilla/fz_instance_57.pddl,unsolved,7825.77,False,10000,0,0,0
,counters-off-923500475-stage2-mcts_eval-primary-narrow-w5-i20,counters,stage2,off,923500475,fixed_narrow_w5,20,20649852,COMPLETED,/home/hersco/training_new_domains/2026-08-27/statistical_replication_stage2_mcts_eval/20649852_Ev_counters_counters_mcts_orig_novh_e.5_c.1_s923500475_K0_SR10M_src20430425_e0000.txt,57,../problems/numeric/counters/vanilla/fz_instance_58.pddl,unsolved,9884.08,False,10000,0,0,0
,counters-off-923500475-stage2-mcts_eval-primary-narrow-w5-i20,counters,stage2,off,923500475,fixed_narrow_w5,20,20649852,COMPLETED,/home/hersco/training_new_domains/2026-08-27/statistical_replication_stage2_mcts_eval/20649852_Ev_counters_counters_mcts_orig_novh_e.5_c.1_s923500475_K0_SR10M_src20430425_e0000.txt,58,../problems/numeric/counters/vanilla/fz_instance_59.pddl,unsolved,7775.61,False,10000,0,0,0
,counters-off-923500475-stage2-mcts_eval-primary-narrow-w5-i20,counters,stage2,off,923500475,fixed_narrow_w5,20,20649852,COMPLETED,/home/hersco/training_new_domains/2026-08-27/statistical_replication_stage2_mcts_eval/20649852_Ev_counters_counters_mcts_orig_novh_e.5_c.1_s923500475_K0_SR10M_src20430425_e0000.txt,59,../problems/numeric/counters/vanilla/fz_instance_60.pddl,unsolved,14746.46,False,10000,0,0,0
,counters-off-1972442430-stage2-mcts_eval-primary-narrow-w5-i20,counters,stage2,off,1972442430,fixed_narrow_w5,20,20649853,OUT_OF_MEMORY,/home/hersco/training_new_domains/2026-08-27/statistical_replication_stage2_mcts_eval/20649853_Ev_counters_counters_mcts_orig_novh_e.5_c.1_s1972442430_K0_SR10M_src20430426_e0082.txt,1,../problems/numeric/counters/vanilla/fz_instance_2.pddl,success,8.03,True,1,1,1,1
,counters-off-1972442430-stage2-mcts_eval-primary-narrow-w5-i20,counters,stage2,off,1972442430,fixed_narrow_w5,20,20649853,OUT_OF_MEMORY,/home/hersco/training_new_domains/2026-08-27/statistical_replication_stage2_mcts_eval/20649853_Ev_counters_counters_mcts_orig_novh_e.5_c.1_s1972442430_K0_SR10M_src20430426_e0082.txt,2,../problems/numeric/counters/vanilla/fz_instance_3.pddl,success,8.55,True,3,1,1,1
,counters-off-1972442430-stage2-mcts_eval-primary-narrow-w5-i20,counters,stage2,off,1972442430,fixed_narrow_w5,20,20649853,OUT_OF_MEMORY,/home/hersco/training_new_domains/2026-08-27/statistical_replication_stage2_mcts_eval/20649853_Ev_counters_counters_mcts_orig_novh_e.5_c.1_s1972442430_K0_SR10M_src20430426_e0082.txt,3,../problems/numeric/counters/vanilla/fz_instance_4.pddl,success,8.28,True,6,1,1,1
,counters-off-1972442430-stage2-mcts_eval-primary-narrow-w5-i20,counters,stage2,off,1972442430,fixed_narrow_w5,20,20649853,OUT_OF_MEMORY,/home/hersco/training_new_domains/2026-08-27/statistical_replication_stage2_mcts_eval/20649853_Ev_counters_counters_mcts_orig_novh_e.5_c.1_s1972442430_K0_SR10M_src20430426_e0082.txt,4,../problems/numeric/counters/vanilla/fz_instance_5.pddl,success,8.29,True,10,1,1,1
,counters-off-1972442430-stage2-mcts_eval-primary-narrow-w5-i20,counters,stage2,off,1972442430,fixed_narrow_w5,20,20649853,OUT_OF_MEMORY,/home/hersco/training_new_domains/2026-08-27/statistical_replication_stage2_mcts_eval/20649853_Ev_counters_counters_mcts_orig_novh_e.5_c.1_s1972442430_K0_SR10M_src20430426_e0082.txt,5,../problems/numeric/counters/vanilla/fz_instance_6.pddl,success,10.8,True,15,1,1,1
,counters-off-1972442430-stage2-mcts_eval-primary-narrow-w5-i20,counters,stage2,off,1972442430,fixed_narrow_w5,20,20649853,OUT_OF_MEMORY,/home/hersco/training_new_domains/2026-08-27/statistical_replication_stage2_mcts_eval/20649853_Ev_counters_counters_mcts_orig_novh_e.5_c.1_s1972442430_K0_SR10M_src20430426_e0082.txt,6,../problems/numeric/counters/vanilla/fz_instance_7.pddl,success,11.3,True,21,1,1,1
,counters-off-1972442430-stage2-mcts_eval-primary-narrow-w5-i20,counters,stage2,off,1972442430,fixed_narrow_w5,20,20649853,OUT_OF_MEMORY,/home/hersco/training_new_domains/2026-08-27/statistical_replication_stage2_mcts_eval/20649853_Ev_counters_counters_mcts_orig_novh_e.5_c.1_s1972442430_K0_SR10M_src20430426_e0082.txt,7,../problems/numeric/counters/vanilla/fz_instance_8.pddl,success,13.31,True,28,1,1,1
,counters-off-1972442430-stage2-mcts_eval-primary-narrow-w5-i20,counters,stage2,off,1972442430,fixed_narrow_w5,20,20649853,OUT_OF_MEMORY,/home/hersco/training_new_domains/2026-08-27/statistical_replication_stage2_mcts_eval/20649853_Ev_counters_counters_mcts_orig_novh_e.5_c.1_s1972442430_K0_SR10M_src20430426_e0082.txt,8,../problems/numeric/counters/vanilla/fz_instance_9.pddl,success,16.56,True,36,1,1,1
,counters-off-1972442430-stage2-mcts_eval-primary-narrow-w5-i20,counters,stage2,off,1972442430,fixed_narrow_w5,20,20649853,OUT_OF_MEMORY,/home/hersco/training_new_domains/2026-08-27/statistical_replication_stage2_mcts_eval/20649853_Ev_counters_counters_mcts_orig_novh_e.5_c.1_s1972442430_K0_SR10M_src20430426_e0082.txt,9,../problems/numeric/counters/vanilla/fz_instance_10.pddl,success,16.81,True,45,1,1,1
,counters-off-1972442430-stage2-mcts_eval-primary-narrow-w5-i20,counters,stage2,off,1972442430,fixed_narrow_w5,20,20649853,OUT_OF_MEMORY,/home/hersco/training_new_domains/2026-08-27/statistical_replication_stage2_mcts_eval/20649853_Ev_counters_counters_mcts_orig_novh_e.5_c.1_s1972442430_K0_SR10M_src20430426_e0082.txt,10,../problems/numeric/counters/vanilla/fz_instance_11.pddl,success,20.08,True,55,1,1,1
,counters-off-1972442430-stage2-mcts_eval-primary-narrow-w5-i20,counters,stage2,off,1972442430,fixed_narrow_w5,20,20649853,OUT_OF_MEMORY,/home/hersco/training_new_domains/2026-08-27/statistical_replication_stage2_mcts_eval/20649853_Ev_counters_counters_mcts_orig_novh_e.5_c.1_s1972442430_K0_SR10M_src20430426_e0082.txt,11,../problems/numeric/counters/vanilla/fz_instance_12.pddl,success,22.59,True,66,1,1,1
,counters-off-1972442430-stage2-mcts_eval-primary-narrow-w5-i20,counters,stage2,off,1972442430,fixed_narrow_w5,20,20649853,OUT_OF_MEMORY,/home/hersco/training_new_domains/2026-08-27/statistical_replication_stage2_mcts_eval/20649853_Ev_counters_counters_mcts_orig_novh_e.5_c.1_s1972442430_K0_SR10M_src20430426_e0082.txt,12,../problems/numeric/counters/vanilla/fz_instance_13.pddl,success,26.33,True,78,1,1,1
,counters-off-1972442430-stage2-mcts_eval-primary-narrow-w5-i20,counters,stage2,off,1972442430,fixed_narrow_w5,20,20649853,OUT_OF_MEMORY,/home/hersco/training_new_domains/2026-08-27/statistical_replication_stage2_mcts_eval/20649853_Ev_counters_counters_mcts_orig_novh_e.5_c.1_s1972442430_K0_SR10M_src20430426_e0082.txt,13,../problems/numeric/counters/vanilla/fz_instance_14.pddl,success,27.59,True,91,1,1,1
,counters-off-1972442430-stage2-mcts_eval-primary-narrow-w5-i20,counters,stage2,off,1972442430,fixed_narrow_w5,20,20649853,OUT_OF_MEMORY,/home/hersco/training_new_domains/2026-08-27/statistical_replication_stage2_mcts_eval/20649853_Ev_counters_counters_mcts_orig_novh_e.5_c.1_s1972442430_K0_SR10M_src20430426_e0082.txt,14,../problems/numeric/counters/vanilla/fz_instance_15.pddl,success,31.4,True,105,1,1,1
,counters-off-1972442430-stage2-mcts_eval-primary-narrow-w5-i20,counters,stage2,off,1972442430,fixed_narrow_w5,20,20649853,OUT_OF_MEMORY,/home/hersco/training_new_domains/2026-08-27/statistical_replication_stage2_mcts_eval/20649853_Ev_counters_counters_mcts_orig_novh_e.5_c.1_s1972442430_K0_SR10M_src20430426_e0082.txt,15,../problems/numeric/counters/vanilla/fz_instance_16.pddl,success,33.14,True,120,1,1,1
,counters-off-1972442430-stage2-mcts_eval-primary-narrow-w5-i20,counters,stage2,off,1972442430,fixed_narrow_w5,20,20649853,OUT_OF_MEMORY,/home/hersco/training_new_domains/2026-08-27/statistical_replication_stage2_mcts_eval/20649853_Ev_counters_counters_mcts_orig_novh_e.5_c.1_s1972442430_K0_SR10M_src20430426_e0082.txt,16,../problems/numeric/counters/vanilla/fz_instance_17.pddl,success,39.37,True,136,1,1,1
,counters-off-1972442430-stage2-mcts_eval-primary-narrow-w5-i20,counters,stage2,off,1972442430,fixed_narrow_w5,20,20649853,OUT_OF_MEMORY,/home/hersco/training_new_domains/2026-08-27/statistical_replication_stage2_mcts_eval/20649853_Ev_counters_counters_mcts_orig_novh_e.5_c.1_s1972442430_K0_SR10M_src20430426_e0082.txt,17,../problems/numeric/counters/vanilla/fz_instance_18.pddl,success,41.36,True,153,1,1,1
,counters-off-1972442430-stage2-mcts_eval-primary-narrow-w5-i20,counters,stage2,off,1972442430,fixed_narrow_w5,20,20649853,OUT_OF_MEMORY,/home/hersco/training_new_domains/2026-08-27/statistical_replication_stage2_mcts_eval/20649853_Ev_counters_counters_mcts_orig_novh_e.5_c.1_s1972442430_K0_SR10M_src20430426_e0082.txt,18,../problems/numeric/counters/vanilla/fz_instance_19.pddl,success,49.18,True,171,1,1,1
,counters-off-1972442430-stage2-mcts_eval-primary-narrow-w5-i20,counters,stage2,off,1972442430,fixed_narrow_w5,20,20649853,OUT_OF_MEMORY,/home/hersco/training_new_domains/2026-08-27/statistical_replication_stage2_mcts_eval/20649853_Ev_counters_counters_mcts_orig_novh_e.5_c.1_s1972442430_K0_SR10M_src20430426_e0082.txt,19,../problems/numeric/counters/vanilla/fz_instance_20.pddl,success,51.43,True,190,1,1,1
,counters-off-1972442430-stage2-mcts_eval-primary-narrow-w5-i20,counters,stage2,off,1972442430,fixed_narrow_w5,20,20649853,OUT_OF_MEMORY,/home/hersco/training_new_domains/2026-08-27/statistical_replication_stage2_mcts_eval/20649853_Ev_counters_counters_mcts_orig_novh_e.5_c.1_s1972442430_K0_SR10M_src20430426_e0082.txt,20,../problems/numeric/counters/vanilla/fz_instance_21.pddl,success,58.62,True,210,1,1,1
,counters-off-1972442430-stage2-mcts_eval-primary-narrow-w5-i20,counters,stage2,off,1972442430,fixed_narrow_w5,20,20649853,OUT_OF_MEMORY,/home/hersco/training_new_domains/2026-08-27/statistical_replication_stage2_mcts_eval/20649853_Ev_counters_counters_mcts_orig_novh_e.5_c.1_s1972442430_K0_SR10M_src20430426_e0082.txt,21,../problems/numeric/counters/vanilla/fz_instance_22.pddl,success,63.88,True,231,1,1,1
,counters-off-1972442430-stage2-mcts_eval-primary-narrow-w5-i20,counters,stage2,off,1972442430,fixed_narrow_w5,20,20649853,OUT_OF_MEMORY,/home/hersco/training_new_domains/2026-08-27/statistical_replication_stage2_mcts_eval/20649853_Ev_counters_counters_mcts_orig_novh_e.5_c.1_s1972442430_K0_SR10M_src20430426_e0082.txt,22,../problems/numeric/counters/vanilla/fz_instance_23.pddl,success,75.22,True,253,1,1,1
,counters-off-1972442430-stage2-mcts_eval-primary-narrow-w5-i20,counters,stage2,off,1972442430,fixed_narrow_w5,20,20649853,OUT_OF_MEMORY,/home/hersco/training_new_domains/2026-08-27/statistical_replication_stage2_mcts_eval/20649853_Ev_counters_counters_mcts_orig_novh_e.5_c.1_s1972442430_K0_SR10M_src20430426_e0082.txt,23,../problems/numeric/counters/vanilla/fz_instance_24.pddl,success,81.32,True,276,1,1,1
,counters-off-1972442430-stage2-mcts_eval-primary-narrow-w5-i20,counters,stage2,off,1972442430,fixed_narrow_w5,20,20649853,OUT_OF_MEMORY,/home/hersco/training_new_domains/2026-08-27/statistical_replication_stage2_mcts_eval/20649853_Ev_counters_counters_mcts_orig_novh_e.5_c.1_s1972442430_K0_SR10M_src20430426_e0082.txt,24,../problems/numeric/counters/vanilla/fz_instance_25.pddl,success,90.76,True,300,1,1,1
,counters-off-1972442430-stage2-mcts_eval-primary-narrow-w5-i20,counters,stage2,off,1972442430,fixed_narrow_w5,20,20649853,OUT_OF_MEMORY,/home/hersco/training_new_domains/2026-08-27/statistical_replication_stage2_mcts_eval/20649853_Ev_counters_counters_mcts_orig_novh_e.5_c.1_s1972442430_K0_SR10M_src20430426_e0082.txt,25,../problems/numeric/counters/vanilla/fz_instance_26.pddl,success,97.45,True,325,1,1,1
,counters-off-1972442430-stage2-mcts_eval-primary-narrow-w5-i20,counters,stage2,off,1972442430,fixed_narrow_w5,20,20649853,OUT_OF_MEMORY,/home/hersco/training_new_domains/2026-08-27/statistical_replication_stage2_mcts_eval/20649853_Ev_counters_counters_mcts_orig_novh_e.5_c.1_s1972442430_K0_SR10M_src20430426_e0082.txt,26,../problems/numeric/counters/vanilla/fz_instance_27.pddl,success,101.79,True,351,1,1,1
,counters-off-1972442430-stage2-mcts_eval-primary-narrow-w5-i20,counters,stage2,off,1972442430,fixed_narrow_w5,20,20649853,OUT_OF_MEMORY,/home/hersco/training_new_domains/2026-08-27/statistical_replication_stage2_mcts_eval/20649853_Ev_counters_counters_mcts_orig_novh_e.5_c.1_s1972442430_K0_SR10M_src20430426_e0082.txt,27,../problems/numeric/counters/vanilla/fz_instance_28.pddl,success,115.63,True,378,1,1,1
,counters-off-1972442430-stage2-mcts_eval-primary-narrow-w5-i20,counters,stage2,off,1972442430,fixed_narrow_w5,20,20649853,OUT_OF_MEMORY,/home/hersco/training_new_domains/2026-08-27/statistical_replication_stage2_mcts_eval/20649853_Ev_counters_counters_mcts_orig_novh_e.5_c.1_s1972442430_K0_SR10M_src20430426_e0082.txt,28,../problems/numeric/counters/vanilla/fz_instance_29.pddl,success,129.38,True,406,1,1,1
,counters-off-1972442430-stage2-mcts_eval-primary-narrow-w5-i20,counters,stage2,off,1972442430,fixed_narrow_w5,20,20649853,OUT_OF_MEMORY,/home/hersco/training_new_domains/2026-08-27/statistical_replication_stage2_mcts_eval/20649853_Ev_counters_counters_mcts_orig_novh_e.5_c.1_s1972442430_K0_SR10M_src20430426_e0082.txt,29,../problems/numeric/counters/vanilla/fz_instance_30.pddl,success,154.36,True,435,1,1,1
,counters-off-1972442430-stage2-mcts_eval-primary-narrow-w5-i20,counters,stage2,off,1972442430,fixed_narrow_w5,20,20649853,OUT_OF_MEMORY,/home/hersco/training_new_domains/2026-08-27/statistical_replication_stage2_mcts_eval/20649853_Ev_counters_counters_mcts_orig_novh_e.5_c.1_s1972442430_K0_SR10M_src20430426_e0082.txt,30,../problems/numeric/counters/vanilla/fz_instance_31.pddl,success,172.07,True,465,1,1,1
,counters-off-1972442430-stage2-mcts_eval-primary-narrow-w5-i20,counters,stage2,off,1972442430,fixed_narrow_w5,20,20649853,OUT_OF_MEMORY,/home/hersco/training_new_domains/2026-08-27/statistical_replication_stage2_mcts_eval/20649853_Ev_counters_counters_mcts_orig_novh_e.5_c.1_s1972442430_K0_SR10M_src20430426_e0082.txt,31,../problems/numeric/counters/vanilla/fz_instance_32.pddl,success,203.73,True,496,1,1,1
,counters-off-1972442430-stage2-mcts_eval-primary-narrow-w5-i20,counters,stage2,off,1972442430,fixed_narrow_w5,20,20649853,OUT_OF_MEMORY,/home/hersco/training_new_domains/2026-08-27/statistical_replication_stage2_mcts_eval/20649853_Ev_counters_counters_mcts_orig_novh_e.5_c.1_s1972442430_K0_SR10M_src20430426_e0082.txt,32,../problems/numeric/counters/vanilla/fz_instance_33.pddl,success,228.39,True,528,1,1,1
,counters-off-1972442430-stage2-mcts_eval-primary-narrow-w5-i20,counters,stage2,off,1972442430,fixed_narrow_w5,20,20649853,OUT_OF_MEMORY,/home/hersco/training_new_domains/2026-08-27/statistical_replication_stage2_mcts_eval/20649853_Ev_counters_counters_mcts_orig_novh_e.5_c.1_s1972442430_K0_SR10M_src20430426_e0082.txt,33,../problems/numeric/counters/vanilla/fz_instance_34.pddl,success,247.09,True,561,1,1,1
,counters-off-1972442430-stage2-mcts_eval-primary-narrow-w5-i20,counters,stage2,off,1972442430,fixed_narrow_w5,20,20649853,OUT_OF_MEMORY,/home/hersco/training_new_domains/2026-08-27/statistical_replication_stage2_mcts_eval/20649853_Ev_counters_counters_mcts_orig_novh_e.5_c.1_s1972442430_K0_SR10M_src20430426_e0082.txt,34,../problems/numeric/counters/vanilla/fz_instance_35.pddl,success,293.61,True,595,1,1,1
,counters-off-1972442430-stage2-mcts_eval-primary-narrow-w5-i20,counters,stage2,off,1972442430,fixed_narrow_w5,20,20649853,OUT_OF_MEMORY,/home/hersco/training_new_domains/2026-08-27/statistical_replication_stage2_mcts_eval/20649853_Ev_counters_counters_mcts_orig_novh_e.5_c.1_s1972442430_K0_SR10M_src20430426_e0082.txt,35,../problems/numeric/counters/vanilla/fz_instance_36.pddl,success,292.81,True,630,1,1,1
,counters-off-1972442430-stage2-mcts_eval-primary-narrow-w5-i20,counters,stage2,off,1972442430,fixed_narrow_w5,20,20649853,OUT_OF_MEMORY,/home/hersco/training_new_domains/2026-08-27/statistical_replication_stage2_mcts_eval/20649853_Ev_counters_counters_mcts_orig_novh_e.5_c.1_s1972442430_K0_SR10M_src20430426_e0082.txt,36,../problems/numeric/counters/vanilla/fz_instance_37.pddl,success,322.26,True,666,1,1,1
,counters-off-1972442430-stage2-mcts_eval-primary-narrow-w5-i20,counters,stage2,off,1972442430,fixed_narrow_w5,20,20649853,OUT_OF_MEMORY,/home/hersco/training_new_domains/2026-08-27/statistical_replication_stage2_mcts_eval/20649853_Ev_counters_counters_mcts_orig_novh_e.5_c.1_s1972442430_K0_SR10M_src20430426_e0082.txt,37,../problems/numeric/counters/vanilla/fz_instance_38.pddl,success,402.31,True,703,1,1,1
,counters-off-1972442430-stage2-mcts_eval-primary-narrow-w5-i20,counters,stage2,off,1972442430,fixed_narrow_w5,20,20649853,OUT_OF_MEMORY,/home/hersco/training_new_domains/2026-08-27/statistical_replication_stage2_mcts_eval/20649853_Ev_counters_counters_mcts_orig_novh_e.5_c.1_s1972442430_K0_SR10M_src20430426_e0082.txt,38,../problems/numeric/counters/vanilla/fz_instance_39.pddl,success,458.08,True,741,1,1,1
,counters-off-1972442430-stage2-mcts_eval-primary-narrow-w5-i20,counters,stage2,off,1972442430,fixed_narrow_w5,20,20649853,OUT_OF_MEMORY,/home/hersco/training_new_domains/2026-08-27/statistical_replication_stage2_mcts_eval/20649853_Ev_counters_counters_mcts_orig_novh_e.5_c.1_s1972442430_K0_SR10M_src20430426_e0082.txt,39,../problems/numeric/counters/vanilla/fz_instance_40.pddl,unsolved,9135.08,False,10000,0,0,0
,counters-off-1972442430-stage2-mcts_eval-primary-narrow-w5-i20,counters,stage2,off,1972442430,fixed_narrow_w5,20,20649853,OUT_OF_MEMORY,/home/hersco/training_new_domains/2026-08-27/statistical_replication_stage2_mcts_eval/20649853_Ev_counters_counters_mcts_orig_novh_e.5_c.1_s1972442430_K0_SR10M_src20430426_e0082.txt,40,../problems/numeric/counters/vanilla/fz_instance_41.pddl,timeout,21600.0,False,-1,0,0,0
,counters-off-1972442430-stage2-mcts_eval-primary-narrow-w5-i20,counters,stage2,off,1972442430,fixed_narrow_w5,20,20649853,OUT_OF_MEMORY,/home/hersco/training_new_domains/2026-08-27/statistical_replication_stage2_mcts_eval/20649853_Ev_counters_counters_mcts_orig_novh_e.5_c.1_s1972442430_K0_SR10M_src20430426_e0082.txt,41,../problems/numeric/counters/vanilla/fz_instance_42.pddl,unsolved,8262.01,False,10000,0,0,0
,counters-off-1972442430-stage2-mcts_eval-primary-narrow-w5-i20,counters,stage2,off,1972442430,fixed_narrow_w5,20,20649853,OUT_OF_MEMORY,/home/hersco/training_new_domains/2026-08-27/statistical_replication_stage2_mcts_eval/20649853_Ev_counters_counters_mcts_orig_novh_e.5_c.1_s1972442430_K0_SR10M_src20430426_e0082.txt,42,../problems/numeric/counters/vanilla/fz_instance_43.pddl,unsolved,19599.85,False,10000,0,0,0
,counters-off-1972442430-stage2-mcts_eval-primary-narrow-w5-i20,counters,stage2,off,1972442430,fixed_narrow_w5,20,20649853,OUT_OF_MEMORY,/home/hersco/training_new_domains/2026-08-27/statistical_replication_stage2_mcts_eval/20649853_Ev_counters_counters_mcts_orig_novh_e.5_c.1_s1972442430_K0_SR10M_src20430426_e0082.txt,43,../problems/numeric/counters/vanilla/fz_instance_44.pddl,unsolved,10734.54,False,10000,0,0,0
,counters-off-1972442430-stage2-mcts_eval-primary-narrow-w5-i20,counters,stage2,off,1972442430,fixed_narrow_w5,20,20649853,OUT_OF_MEMORY,/home/hersco/training_new_domains/2026-08-27/statistical_replication_stage2_mcts_eval/20649853_Ev_counters_counters_mcts_orig_novh_e.5_c.1_s1972442430_K0_SR10M_src20430426_e0082.txt,44,../problems/numeric/counters/vanilla/fz_instance_45.pddl,timeout,21600.0,False,-1,0,0,0
,counters-off-1972442430-stage2-mcts_eval-primary-narrow-w5-i20,counters,stage2,off,1972442430,fixed_narrow_w5,20,20649853,OUT_OF_MEMORY,/home/hersco/training_new_domains/2026-08-27/statistical_replication_stage2_mcts_eval/20649853_Ev_counters_counters_mcts_orig_novh_e.5_c.1_s1972442430_K0_SR10M_src20430426_e0082.txt,45,../problems/numeric/counters/vanilla/fz_instance_46.pddl,timeout,21600.0,False,-1,0,0,0
,counters-off-1972442430-stage2-mcts_eval-primary-narrow-w5-i20,counters,stage2,off,1972442430,fixed_narrow_w5,20,20649853,OUT_OF_MEMORY,/home/hersco/training_new_domains/2026-08-27/statistical_replication_stage2_mcts_eval/20649853_Ev_counters_counters_mcts_orig_novh_e.5_c.1_s1972442430_K0_SR10M_src20430426_e0082.txt,46,../problems/numeric/counters/vanilla/fz_instance_47.pddl,unsolved,11058.62,False,10000,0,0,0
,counters-off-1972442430-stage2-mcts_eval-primary-narrow-w5-i20,counters,stage2,off,1972442430,fixed_narrow_w5,20,20649853,OUT_OF_MEMORY,/home/hersco/training_new_domains/2026-08-27/statistical_replication_stage2_mcts_eval/20649853_Ev_counters_counters_mcts_orig_novh_e.5_c.1_s1972442430_K0_SR10M_src20430426_e0082.txt,47,../problems/numeric/counters/vanilla/fz_instance_48.pddl,timeout,21600.0,False,-1,0,0,0
,counters-off-1972442430-stage2-mcts_eval-primary-narrow-w5-i20,counters,stage2,off,1972442430,fixed_narrow_w5,20,20649853,OUT_OF_MEMORY,/home/hersco/training_new_domains/2026-08-27/statistical_replication_stage2_mcts_eval/20649853_Ev_counters_counters_mcts_orig_novh_e.5_c.1_s1972442430_K0_SR10M_src20430426_e0082.txt,48,../problems/numeric/counters/vanilla/fz_instance_49.pddl,timeout,21600.0,False,-1,0,0,0
,counters-off-1972442430-stage2-mcts_eval-primary-narrow-w5-i20,counters,stage2,off,1972442430,fixed_narrow_w5,20,20649853,OUT_OF_MEMORY,/home/hersco/training_new_domains/2026-08-27/statistical_replication_stage2_mcts_eval/20649853_Ev_counters_counters_mcts_orig_novh_e.5_c.1_s1972442430_K0_SR10M_src20430426_e0082.txt,49,../problems/numeric/counters/vanilla/fz_instance_50.pddl,timeout,21600.0,False,-1,0,0,0
,counters-off-1972442430-stage2-mcts_eval-primary-narrow-w5-i20,counters,stage2,off,1972442430,fixed_narrow_w5,20,20649853,OUT_OF_MEMORY,/home/hersco/training_new_domains/2026-08-27/statistical_replication_stage2_mcts_eval/20649853_Ev_counters_counters_mcts_orig_novh_e.5_c.1_s1972442430_K0_SR10M_src20430426_e0082.txt,50,../problems/numeric/counters/vanilla/fz_instance_51.pddl,timeout,21600.0,False,-1,0,0,0
,counters-off-1972442430-stage2-mcts_eval-primary-narrow-w5-i20,counters,stage2,off,1972442430,fixed_narrow_w5,20,20649853,OUT_OF_MEMORY,/home/hersco/training_new_domains/2026-08-27/statistical_replication_stage2_mcts_eval/20649853_Ev_counters_counters_mcts_orig_novh_e.5_c.1_s1972442430_K0_SR10M_src20430426_e0082.txt,51,../problems/numeric/counters/vanilla/fz_instance_52.pddl,timeout,21600.0,False,-1,0,0,0
,counters-off-1972442430-stage2-mcts_eval-primary-narrow-w5-i20,counters,stage2,off,1972442430,fixed_narrow_w5,20,20649853,OUT_OF_MEMORY,/home/hersco/training_new_domains/2026-08-27/statistical_replication_stage2_mcts_eval/20649853_Ev_counters_counters_mcts_orig_novh_e.5_c.1_s1972442430_K0_SR10M_src20430426_e0082.txt,52,../problems/numeric/counters/vanilla/fz_instance_53.pddl,unsolved,19280.64,False,10000,0,0,0
,counters-off-1972442430-stage2-mcts_eval-primary-narrow-w5-i20,counters,stage2,off,1972442430,fixed_narrow_w5,20,20649853,OUT_OF_MEMORY,/home/hersco/training_new_domains/2026-08-27/statistical_replication_stage2_mcts_eval/20649853_Ev_counters_counters_mcts_orig_novh_e.5_c.1_s1972442430_K0_SR10M_src20430426_e0082.txt,53,../problems/numeric/counters/vanilla/fz_instance_54.pddl,timeout,21600.0,False,-1,0,0,0
,counters-off-1972442430-stage2-mcts_eval-primary-narrow-w5-i20,counters,stage2,off,1972442430,fixed_narrow_w5,20,20649853,OUT_OF_MEMORY,/home/hersco/training_new_domains/2026-08-27/statistical_replication_stage2_mcts_eval/20649853_Ev_counters_counters_mcts_orig_novh_e.5_c.1_s1972442430_K0_SR10M_src20430426_e0082.txt,54,../problems/numeric/counters/vanilla/fz_instance_55.pddl,timeout,21600.0,False,-1,0,0,0
,counters-off-1972442430-stage2-mcts_eval-primary-narrow-w5-i20,counters,stage2,off,1972442430,fixed_narrow_w5,20,20649853,OUT_OF_MEMORY,/home/hersco/training_new_domains/2026-08-27/statistical_replication_stage2_mcts_eval/20649853_Ev_counters_counters_mcts_orig_novh_e.5_c.1_s1972442430_K0_SR10M_src20430426_e0082.txt,55,../problems/numeric/counters/vanilla/fz_instance_56.pddl,unsolved,19107.65,False,10000,0,0,0
,counters-off-1972442430-stage2-mcts_eval-primary-narrow-w5-i20,counters,stage2,off,1972442430,fixed_narrow_w5,20,20649853,OUT_OF_MEMORY,/home/hersco/training_new_domains/2026-08-27/statistical_replication_stage2_mcts_eval/20649853_Ev_counters_counters_mcts_orig_novh_e.5_c.1_s1972442430_K0_SR10M_src20430426_e0082.txt,56,../problems/numeric/counters/vanilla/fz_instance_57.pddl,timeout,21600.0,False,-1,0,0,0
,counters-off-1972442430-stage2-mcts_eval-primary-narrow-w5-i20,counters,stage2,off,1972442430,fixed_narrow_w5,20,20649853,OUT_OF_MEMORY,/home/hersco/training_new_domains/2026-08-27/statistical_replication_stage2_mcts_eval/20649853_Ev_counters_counters_mcts_orig_novh_e.5_c.1_s1972442430_K0_SR10M_src20430426_e0082.txt,57,../problems/numeric/counters/vanilla/fz_instance_58.pddl,timeout,21600.0,False,-1,0,0,0
,counters-off-1972442430-stage2-mcts_eval-primary-narrow-w5-i20,counters,stage2,off,1972442430,fixed_narrow_w5,20,20649853,OUT_OF_MEMORY,/home/hersco/training_new_domains/2026-08-27/statistical_replication_stage2_mcts_eval/20649853_Ev_counters_counters_mcts_orig_novh_e.5_c.1_s1972442430_K0_SR10M_src20430426_e0082.txt,58,../problems/numeric/counters/vanilla/fz_instance_59.pddl,timeout,21600.0,False,-1,0,0,0
,counters-off-1972442430-stage2-mcts_eval-primary-narrow-w5-i20,counters,stage2,off,1972442430,fixed_narrow_w5,20,20649853,OUT_OF_MEMORY,/home/hersco/training_new_domains/2026-08-27/statistical_replication_stage2_mcts_eval/20649853_Ev_counters_counters_mcts_orig_novh_e.5_c.1_s1972442430_K0_SR10M_src20430426_e0082.txt,59,../problems/numeric/counters/vanilla/fz_instance_60.pddl,unsolved,20113.94,False,10000,0,0,0
,counters-on-2011206605-stage2-mcts_eval-primary-narrow-w5-i20,counters,stage2,on,2011206605,fixed_narrow_w5,20,20649855,COMPLETED,/home/hersco/training_new_domains/2026-08-27/statistical_replication_stage2_mcts_eval/20649855_Ev_counters_counters_mcts_orig_vh_e.5_c.1_s2011206605_K0_SR10M_src20430428_e0067.txt,1,../problems/numeric/counters/vanilla/fz_instance_2.pddl,success,7.03,True,1,1,1,1
,counters-on-2011206605-stage2-mcts_eval-primary-narrow-w5-i20,counters,stage2,on,2011206605,fixed_narrow_w5,20,20649855,COMPLETED,/home/hersco/training_new_domains/2026-08-27/statistical_replication_stage2_mcts_eval/20649855_Ev_counters_counters_mcts_orig_vh_e.5_c.1_s2011206605_K0_SR10M_src20430428_e0067.txt,2,../problems/numeric/counters/vanilla/fz_instance_3.pddl,success,7.53,True,3,1,1,1
,counters-on-2011206605-stage2-mcts_eval-primary-narrow-w5-i20,counters,stage2,on,2011206605,fixed_narrow_w5,20,20649855,COMPLETED,/home/hersco/training_new_domains/2026-08-27/statistical_replication_stage2_mcts_eval/20649855_Ev_counters_counters_mcts_orig_vh_e.5_c.1_s2011206605_K0_SR10M_src20430428_e0067.txt,3,../problems/numeric/counters/vanilla/fz_instance_4.pddl,success,9.04,True,6,1,1,1
,counters-on-2011206605-stage2-mcts_eval-primary-narrow-w5-i20,counters,stage2,on,2011206605,fixed_narrow_w5,20,20649855,COMPLETED,/home/hersco/training_new_domains/2026-08-27/statistical_replication_stage2_mcts_eval/20649855_Ev_counters_counters_mcts_orig_vh_e.5_c.1_s2011206605_K0_SR10M_src20430428_e0067.txt,4,../problems/numeric/counters/vanilla/fz_instance_5.pddl,success,8.54,True,10,1,1,1
,counters-on-2011206605-stage2-mcts_eval-primary-narrow-w5-i20,counters,stage2,on,2011206605,fixed_narrow_w5,20,20649855,COMPLETED,/home/hersco/training_new_domains/2026-08-27/statistical_replication_stage2_mcts_eval/20649855_Ev_counters_counters_mcts_orig_vh_e.5_c.1_s2011206605_K0_SR10M_src20430428_e0067.txt,5,../problems/numeric/counters/vanilla/fz_instance_6.pddl,success,10.04,True,15,1,1,1
,counters-on-2011206605-stage2-mcts_eval-primary-narrow-w5-i20,counters,stage2,on,2011206605,fixed_narrow_w5,20,20649855,COMPLETED,/home/hersco/training_new_domains/2026-08-27/statistical_replication_stage2_mcts_eval/20649855_Ev_counters_counters_mcts_orig_vh_e.5_c.1_s2011206605_K0_SR10M_src20430428_e0067.txt,6,../problems/numeric/counters/vanilla/fz_instance_7.pddl,success,10.8,True,21,1,1,1
,counters-on-2011206605-stage2-mcts_eval-primary-narrow-w5-i20,counters,stage2,on,2011206605,fixed_narrow_w5,20,20649855,COMPLETED,/home/hersco/training_new_domains/2026-08-27/statistical_replication_stage2_mcts_eval/20649855_Ev_counters_counters_mcts_orig_vh_e.5_c.1_s2011206605_K0_SR10M_src20430428_e0067.txt,7,../problems/numeric/counters/vanilla/fz_instance_8.pddl,success,12.04,True,28,1,1,1
,counters-on-2011206605-stage2-mcts_eval-primary-narrow-w5-i20,counters,stage2,on,2011206605,fixed_narrow_w5,20,20649855,COMPLETED,/home/hersco/training_new_domains/2026-08-27/statistical_replication_stage2_mcts_eval/20649855_Ev_counters_counters_mcts_orig_vh_e.5_c.1_s2011206605_K0_SR10M_src20430428_e0067.txt,8,../problems/numeric/counters/vanilla/fz_instance_9.pddl,success,16.31,True,52,1,1,1
,counters-on-2011206605-stage2-mcts_eval-primary-narrow-w5-i20,counters,stage2,on,2011206605,fixed_narrow_w5,20,20649855,COMPLETED,/home/hersco/training_new_domains/2026-08-27/statistical_replication_stage2_mcts_eval/20649855_Ev_counters_counters_mcts_orig_vh_e.5_c.1_s2011206605_K0_SR10M_src20430428_e0067.txt,9,../problems/numeric/counters/vanilla/fz_instance_10.pddl,success,24.33,True,149,1,1,1
,counters-on-2011206605-stage2-mcts_eval-primary-narrow-w5-i20,counters,stage2,on,2011206605,fixed_narrow_w5,20,20649855,COMPLETED,/home/hersco/training_new_domains/2026-08-27/statistical_replication_stage2_mcts_eval/20649855_Ev_counters_counters_mcts_orig_vh_e.5_c.1_s2011206605_K0_SR10M_src20430428_e0067.txt,10,../problems/numeric/counters/vanilla/fz_instance_11.pddl,success,42.35,True,259,1,1,1
,counters-on-2011206605-stage2-mcts_eval-primary-narrow-w5-i20,counters,stage2,on,2011206605,fixed_narrow_w5,20,20649855,COMPLETED,/home/hersco/training_new_domains/2026-08-27/statistical_replication_stage2_mcts_eval/20649855_Ev_counters_counters_mcts_orig_vh_e.5_c.1_s2011206605_K0_SR10M_src20430428_e0067.txt,11,../problems/numeric/counters/vanilla/fz_instance_12.pddl,success,79.92,True,488,1,1,1
,counters-on-2011206605-stage2-mcts_eval-primary-narrow-w5-i20,counters,stage2,on,2011206605,fixed_narrow_w5,20,20649855,COMPLETED,/home/hersco/training_new_domains/2026-08-27/statistical_replication_stage2_mcts_eval/20649855_Ev_counters_counters_mcts_orig_vh_e.5_c.1_s2011206605_K0_SR10M_src20430428_e0067.txt,12,../problems/numeric/counters/vanilla/fz_instance_13.pddl,success,111.71,True,640,1,1,1
,counters-on-2011206605-stage2-mcts_eval-primary-narrow-w5-i20,counters,stage2,on,2011206605,fixed_narrow_w5,20,20649855,COMPLETED,/home/hersco/training_new_domains/2026-08-27/statistical_replication_stage2_mcts_eval/20649855_Ev_counters_counters_mcts_orig_vh_e.5_c.1_s2011206605_K0_SR10M_src20430428_e0067.txt,13,../problems/numeric/counters/vanilla/fz_instance_14.pddl,success,382.93,True,1871,1,1,1
,counters-on-2011206605-stage2-mcts_eval-primary-narrow-w5-i20,counters,stage2,on,2011206605,fixed_narrow_w5,20,20649855,COMPLETED,/home/hersco/training_new_domains/2026-08-27/statistical_replication_stage2_mcts_eval/20649855_Ev_counters_counters_mcts_orig_vh_e.5_c.1_s2011206605_K0_SR10M_src20430428_e0067.txt,14,../problems/numeric/counters/vanilla/fz_instance_15.pddl,success,335.57,True,1497,1,1,1
,counters-on-2011206605-stage2-mcts_eval-primary-narrow-w5-i20,counters,stage2,on,2011206605,fixed_narrow_w5,20,20649855,COMPLETED,/home/hersco/training_new_domains/2026-08-27/statistical_replication_stage2_mcts_eval/20649855_Ev_counters_counters_mcts_orig_vh_e.5_c.1_s2011206605_K0_SR10M_src20430428_e0067.txt,15,../problems/numeric/counters/vanilla/fz_instance_16.pddl,unsolved,6979.56,False,10000,0,0,0
,counters-on-2011206605-stage2-mcts_eval-primary-narrow-w5-i20,counters,stage2,on,2011206605,fixed_narrow_w5,20,20649855,COMPLETED,/home/hersco/training_new_domains/2026-08-27/statistical_replication_stage2_mcts_eval/20649855_Ev_counters_counters_mcts_orig_vh_e.5_c.1_s2011206605_K0_SR10M_src20430428_e0067.txt,16,../problems/numeric/counters/vanilla/fz_instance_17.pddl,unsolved,2873.02,False,10000,0,0,0
,counters-on-2011206605-stage2-mcts_eval-primary-narrow-w5-i20,counters,stage2,on,2011206605,fixed_narrow_w5,20,20649855,COMPLETED,/home/hersco/training_new_domains/2026-08-27/statistical_replication_stage2_mcts_eval/20649855_Ev_counters_counters_mcts_orig_vh_e.5_c.1_s2011206605_K0_SR10M_src20430428_e0067.txt,17,../problems/numeric/counters/vanilla/fz_instance_18.pddl,unsolved,3454.36,False,10000,0,0,0
,counters-on-2011206605-stage2-mcts_eval-primary-narrow-w5-i20,counters,stage2,on,2011206605,fixed_narrow_w5,20,20649855,COMPLETED,/home/hersco/training_new_domains/2026-08-27/statistical_replication_stage2_mcts_eval/20649855_Ev_counters_counters_mcts_orig_vh_e.5_c.1_s2011206605_K0_SR10M_src20430428_e0067.txt,18,../problems/numeric/counters/vanilla/fz_instance_19.pddl,unsolved,943.44,False,10000,0,0,0
,counters-on-2011206605-stage2-mcts_eval-primary-narrow-w5-i20,counters,stage2,on,2011206605,fixed_narrow_w5,20,20649855,COMPLETED,/home/hersco/training_new_domains/2026-08-27/statistical_replication_stage2_mcts_eval/20649855_Ev_counters_counters_mcts_orig_vh_e.5_c.1_s2011206605_K0_SR10M_src20430428_e0067.txt,19,../problems/numeric/counters/vanilla/fz_instance_20.pddl,unsolved,1729.59,False,10000,0,0,0
,counters-on-2011206605-stage2-mcts_eval-primary-narrow-w5-i20,counters,stage2,on,2011206605,fixed_narrow_w5,20,20649855,COMPLETED,/home/hersco/training_new_domains/2026-08-27/statistical_replication_stage2_mcts_eval/20649855_Ev_counters_counters_mcts_orig_vh_e.5_c.1_s2011206605_K0_SR10M_src20430428_e0067.txt,20,../problems/numeric/counters/vanilla/fz_instance_21.pddl,unsolved,1229.4,False,10000,0,0,0
,counters-on-2011206605-stage2-mcts_eval-primary-narrow-w5-i20,counters,stage2,on,2011206605,fixed_narrow_w5,20,20649855,COMPLETED,/home/hersco/training_new_domains/2026-08-27/statistical_replication_stage2_mcts_eval/20649855_Ev_counters_counters_mcts_orig_vh_e.5_c.1_s2011206605_K0_SR10M_src20430428_e0067.txt,21,../problems/numeric/counters/vanilla/fz_instance_22.pddl,unsolved,1608.53,False,10000,0,0,0
,counters-on-2011206605-stage2-mcts_eval-primary-narrow-w5-i20,counters,stage2,on,2011206605,fixed_narrow_w5,20,20649855,COMPLETED,/home/hersco/training_new_domains/2026-08-27/statistical_replication_stage2_mcts_eval/20649855_Ev_counters_counters_mcts_orig_vh_e.5_c.1_s2011206605_K0_SR10M_src20430428_e0067.txt,22,../problems/numeric/counters/vanilla/fz_instance_23.pddl,unsolved,1338.07,False,10000,0,0,0
,counters-on-2011206605-stage2-mcts_eval-primary-narrow-w5-i20,counters,stage2,on,2011206605,fixed_narrow_w5,20,20649855,COMPLETED,/home/hersco/training_new_domains/2026-08-27/statistical_replication_stage2_mcts_eval/20649855_Ev_counters_counters_mcts_orig_vh_e.5_c.1_s2011206605_K0_SR10M_src20430428_e0067.txt,23,../problems/numeric/counters/vanilla/fz_instance_24.pddl,unsolved,1720.23,False,10000,0,0,0
,counters-on-2011206605-stage2-mcts_eval-primary-narrow-w5-i20,counters,stage2,on,2011206605,fixed_narrow_w5,20,20649855,COMPLETED,/home/hersco/training_new_domains/2026-08-27/statistical_replication_stage2_mcts_eval/20649855_Ev_counters_counters_mcts_orig_vh_e.5_c.1_s2011206605_K0_SR10M_src20430428_e0067.txt,24,../problems/numeric/counters/vanilla/fz_instance_25.pddl,unsolved,1156.49,False,10000,0,0,0
,counters-on-2011206605-stage2-mcts_eval-primary-narrow-w5-i20,counters,stage2,on,2011206605,fixed_narrow_w5,20,20649855,COMPLETED,/home/hersco/training_new_domains/2026-08-27/statistical_replication_stage2_mcts_eval/20649855_Ev_counters_counters_mcts_orig_vh_e.5_c.1_s2011206605_K0_SR10M_src20430428_e0067.txt,25,../problems/numeric/counters/vanilla/fz_instance_26.pddl,unsolved,1920.01,False,10000,0,0,0
,counters-on-2011206605-stage2-mcts_eval-primary-narrow-w5-i20,counters,stage2,on,2011206605,fixed_narrow_w5,20,20649855,COMPLETED,/home/hersco/training_new_domains/2026-08-27/statistical_replication_stage2_mcts_eval/20649855_Ev_counters_counters_mcts_orig_vh_e.5_c.1_s2011206605_K0_SR10M_src20430428_e0067.txt,26,../problems/numeric/counters/vanilla/fz_instance_27.pddl,unsolved,1901.75,False,10000,0,0,0
,counters-on-2011206605-stage2-mcts_eval-primary-narrow-w5-i20,counters,stage2,on,2011206605,fixed_narrow_w5,20,20649855,COMPLETED,/home/hersco/training_new_domains/2026-08-27/statistical_replication_stage2_mcts_eval/20649855_Ev_counters_counters_mcts_orig_vh_e.5_c.1_s2011206605_K0_SR10M_src20430428_e0067.txt,27,../problems/numeric/counters/vanilla/fz_instance_28.pddl,unsolved,2263.85,False,10000,0,0,0
,counters-on-2011206605-stage2-mcts_eval-primary-narrow-w5-i20,counters,stage2,on,2011206605,fixed_narrow_w5,20,20649855,COMPLETED,/home/hersco/training_new_domains/2026-08-27/statistical_replication_stage2_mcts_eval/20649855_Ev_counters_counters_mcts_orig_vh_e.5_c.1_s2011206605_K0_SR10M_src20430428_e0067.txt,28,../problems/numeric/counters/vanilla/fz_instance_29.pddl,unsolved,2262.3,False,10000,0,0,0
,counters-on-2011206605-stage2-mcts_eval-primary-narrow-w5-i20,counters,stage2,on,2011206605,fixed_narrow_w5,20,20649855,COMPLETED,/home/hersco/training_new_domains/2026-08-27/statistical_replication_stage2_mcts_eval/20649855_Ev_counters_counters_mcts_orig_vh_e.5_c.1_s2011206605_K0_SR10M_src20430428_e0067.txt,29,../problems/numeric/counters/vanilla/fz_instance_30.pddl,unsolved,3659.33,False,10000,0,0,0
,counters-on-2011206605-stage2-mcts_eval-primary-narrow-w5-i20,counters,stage2,on,2011206605,fixed_narrow_w5,20,20649855,COMPLETED,/home/hersco/training_new_domains/2026-08-27/statistical_replication_stage2_mcts_eval/20649855_Ev_counters_counters_mcts_orig_vh_e.5_c.1_s2011206605_K0_SR10M_src20430428_e0067.txt,30,../problems/numeric/counters/vanilla/fz_instance_31.pddl,unsolved,1443.72,False,10000,0,0,0
,counters-on-2011206605-stage2-mcts_eval-primary-narrow-w5-i20,counters,stage2,on,2011206605,fixed_narrow_w5,20,20649855,COMPLETED,/home/hersco/training_new_domains/2026-08-27/statistical_replication_stage2_mcts_eval/20649855_Ev_counters_counters_mcts_orig_vh_e.5_c.1_s2011206605_K0_SR10M_src20430428_e0067.txt,31,../problems/numeric/counters/vanilla/fz_instance_32.pddl,unsolved,2806.02,False,10000,0,0,0
,counters-on-2011206605-stage2-mcts_eval-primary-narrow-w5-i20,counters,stage2,on,2011206605,fixed_narrow_w5,20,20649855,COMPLETED,/home/hersco/training_new_domains/2026-08-27/statistical_replication_stage2_mcts_eval/20649855_Ev_counters_counters_mcts_orig_vh_e.5_c.1_s2011206605_K0_SR10M_src20430428_e0067.txt,32,../problems/numeric/counters/vanilla/fz_instance_33.pddl,unsolved,2711.61,False,10000,0,0,0
,counters-on-2011206605-stage2-mcts_eval-primary-narrow-w5-i20,counters,stage2,on,2011206605,fixed_narrow_w5,20,20649855,COMPLETED,/home/hersco/training_new_domains/2026-08-27/statistical_replication_stage2_mcts_eval/20649855_Ev_counters_counters_mcts_orig_vh_e.5_c.1_s2011206605_K0_SR10M_src20430428_e0067.txt,33,../problems/numeric/counters/vanilla/fz_instance_34.pddl,unsolved,2834.33,False,10000,0,0,0
,counters-on-2011206605-stage2-mcts_eval-primary-narrow-w5-i20,counters,stage2,on,2011206605,fixed_narrow_w5,20,20649855,COMPLETED,/home/hersco/training_new_domains/2026-08-27/statistical_replication_stage2_mcts_eval/20649855_Ev_counters_counters_mcts_orig_vh_e.5_c.1_s2011206605_K0_SR10M_src20430428_e0067.txt,34,../problems/numeric/counters/vanilla/fz_instance_35.pddl,unsolved,2679.03,False,10000,0,0,0
,counters-on-2011206605-stage2-mcts_eval-primary-narrow-w5-i20,counters,stage2,on,2011206605,fixed_narrow_w5,20,20649855,COMPLETED,/home/hersco/training_new_domains/2026-08-27/statistical_replication_stage2_mcts_eval/20649855_Ev_counters_counters_mcts_orig_vh_e.5_c.1_s2011206605_K0_SR10M_src20430428_e0067.txt,35,../problems/numeric/counters/vanilla/fz_instance_36.pddl,unsolved,4167.83,False,10000,0,0,0
,counters-on-2011206605-stage2-mcts_eval-primary-narrow-w5-i20,counters,stage2,on,2011206605,fixed_narrow_w5,20,20649855,COMPLETED,/home/hersco/training_new_domains/2026-08-27/statistical_replication_stage2_mcts_eval/20649855_Ev_counters_counters_mcts_orig_vh_e.5_c.1_s2011206605_K0_SR10M_src20430428_e0067.txt,36,../problems/numeric/counters/vanilla/fz_instance_37.pddl,unsolved,3076.97,False,10000,0,0,0
,counters-on-2011206605-stage2-mcts_eval-primary-narrow-w5-i20,counters,stage2,on,2011206605,fixed_narrow_w5,20,20649855,COMPLETED,/home/hersco/training_new_domains/2026-08-27/statistical_replication_stage2_mcts_eval/20649855_Ev_counters_counters_mcts_orig_vh_e.5_c.1_s2011206605_K0_SR10M_src20430428_e0067.txt,37,../problems/numeric/counters/vanilla/fz_instance_38.pddl,unsolved,3749.54,False,10000,0,0,0
,counters-on-2011206605-stage2-mcts_eval-primary-narrow-w5-i20,counters,stage2,on,2011206605,fixed_narrow_w5,20,20649855,COMPLETED,/home/hersco/training_new_domains/2026-08-27/statistical_replication_stage2_mcts_eval/20649855_Ev_counters_counters_mcts_orig_vh_e.5_c.1_s2011206605_K0_SR10M_src20430428_e0067.txt,38,../problems/numeric/counters/vanilla/fz_instance_39.pddl,unsolved,3637.66,False,10000,0,0,0
,counters-on-2011206605-stage2-mcts_eval-primary-narrow-w5-i20,counters,stage2,on,2011206605,fixed_narrow_w5,20,20649855,COMPLETED,/home/hersco/training_new_domains/2026-08-27/statistical_replication_stage2_mcts_eval/20649855_Ev_counters_counters_mcts_orig_vh_e.5_c.1_s2011206605_K0_SR10M_src20430428_e0067.txt,39,../problems/numeric/counters/vanilla/fz_instance_40.pddl,unsolved,4151.93,False,10000,0,0,0
,counters-on-2011206605-stage2-mcts_eval-primary-narrow-w5-i20,counters,stage2,on,2011206605,fixed_narrow_w5,20,20649855,COMPLETED,/home/hersco/training_new_domains/2026-08-27/statistical_replication_stage2_mcts_eval/20649855_Ev_counters_counters_mcts_orig_vh_e.5_c.1_s2011206605_K0_SR10M_src20430428_e0067.txt,40,../problems/numeric/counters/vanilla/fz_instance_41.pddl,unsolved,3999.33,False,10000,0,0,0
,counters-on-2011206605-stage2-mcts_eval-primary-narrow-w5-i20,counters,stage2,on,2011206605,fixed_narrow_w5,20,20649855,COMPLETED,/home/hersco/training_new_domains/2026-08-27/statistical_replication_stage2_mcts_eval/20649855_Ev_counters_counters_mcts_orig_vh_e.5_c.1_s2011206605_K0_SR10M_src20430428_e0067.txt,41,../problems/numeric/counters/vanilla/fz_instance_42.pddl,unsolved,3867.2,False,10000,0,0,0
,counters-on-2011206605-stage2-mcts_eval-primary-narrow-w5-i20,counters,stage2,on,2011206605,fixed_narrow_w5,20,20649855,COMPLETED,/home/hersco/training_new_domains/2026-08-27/statistical_replication_stage2_mcts_eval/20649855_Ev_counters_counters_mcts_orig_vh_e.5_c.1_s2011206605_K0_SR10M_src20430428_e0067.txt,42,../problems/numeric/counters/vanilla/fz_instance_43.pddl,unsolved,3574.92,False,10000,0,0,0
,counters-on-2011206605-stage2-mcts_eval-primary-narrow-w5-i20,counters,stage2,on,2011206605,fixed_narrow_w5,20,20649855,COMPLETED,/home/hersco/training_new_domains/2026-08-27/statistical_replication_stage2_mcts_eval/20649855_Ev_counters_counters_mcts_orig_vh_e.5_c.1_s2011206605_K0_SR10M_src20430428_e0067.txt,43,../problems/numeric/counters/vanilla/fz_instance_44.pddl,unsolved,3206.71,False,10000,0,0,0
,counters-on-2011206605-stage2-mcts_eval-primary-narrow-w5-i20,counters,stage2,on,2011206605,fixed_narrow_w5,20,20649855,COMPLETED,/home/hersco/training_new_domains/2026-08-27/statistical_replication_stage2_mcts_eval/20649855_Ev_counters_counters_mcts_orig_vh_e.5_c.1_s2011206605_K0_SR10M_src20430428_e0067.txt,44,../problems/numeric/counters/vanilla/fz_instance_45.pddl,unsolved,8406.9,False,10000,0,0,0
,counters-on-2011206605-stage2-mcts_eval-primary-narrow-w5-i20,counters,stage2,on,2011206605,fixed_narrow_w5,20,20649855,COMPLETED,/home/hersco/training_new_domains/2026-08-27/statistical_replication_stage2_mcts_eval/20649855_Ev_counters_counters_mcts_orig_vh_e.5_c.1_s2011206605_K0_SR10M_src20430428_e0067.txt,45,../problems/numeric/counters/vanilla/fz_instance_46.pddl,unsolved,3820.49,False,10000,0,0,0
,counters-on-2011206605-stage2-mcts_eval-primary-narrow-w5-i20,counters,stage2,on,2011206605,fixed_narrow_w5,20,20649855,COMPLETED,/home/hersco/training_new_domains/2026-08-27/statistical_replication_stage2_mcts_eval/20649855_Ev_counters_counters_mcts_orig_vh_e.5_c.1_s2011206605_K0_SR10M_src20430428_e0067.txt,46,../problems/numeric/counters/vanilla/fz_instance_47.pddl,unsolved,4041.69,False,10000,0,0,0
,counters-on-2011206605-stage2-mcts_eval-primary-narrow-w5-i20,counters,stage2,on,2011206605,fixed_narrow_w5,20,20649855,COMPLETED,/home/hersco/training_new_domains/2026-08-27/statistical_replication_stage2_mcts_eval/20649855_Ev_counters_counters_mcts_orig_vh_e.5_c.1_s2011206605_K0_SR10M_src20430428_e0067.txt,47,../problems/numeric/counters/vanilla/fz_instance_48.pddl,unsolved,3904.83,False,10000,0,0,0
,counters-on-2011206605-stage2-mcts_eval-primary-narrow-w5-i20,counters,stage2,on,2011206605,fixed_narrow_w5,20,20649855,COMPLETED,/home/hersco/training_new_domains/2026-08-27/statistical_replication_stage2_mcts_eval/20649855_Ev_counters_counters_mcts_orig_vh_e.5_c.1_s2011206605_K0_SR10M_src20430428_e0067.txt,48,../problems/numeric/counters/vanilla/fz_instance_49.pddl,unsolved,5464.8,False,10000,0,0,0
,counters-on-2011206605-stage2-mcts_eval-primary-narrow-w5-i20,counters,stage2,on,2011206605,fixed_narrow_w5,20,20649855,COMPLETED,/home/hersco/training_new_domains/2026-08-27/statistical_replication_stage2_mcts_eval/20649855_Ev_counters_counters_mcts_orig_vh_e.5_c.1_s2011206605_K0_SR10M_src20430428_e0067.txt,49,../problems/numeric/counters/vanilla/fz_instance_50.pddl,unsolved,4445.61,False,10000,0,0,0
,counters-on-2011206605-stage2-mcts_eval-primary-narrow-w5-i20,counters,stage2,on,2011206605,fixed_narrow_w5,20,20649855,COMPLETED,/home/hersco/training_new_domains/2026-08-27/statistical_replication_stage2_mcts_eval/20649855_Ev_counters_counters_mcts_orig_vh_e.5_c.1_s2011206605_K0_SR10M_src20430428_e0067.txt,50,../problems/numeric/counters/vanilla/fz_instance_51.pddl,unsolved,3896.85,False,10000,0,0,0
,counters-on-2011206605-stage2-mcts_eval-primary-narrow-w5-i20,counters,stage2,on,2011206605,fixed_narrow_w5,20,20649855,COMPLETED,/home/hersco/training_new_domains/2026-08-27/statistical_replication_stage2_mcts_eval/20649855_Ev_counters_counters_mcts_orig_vh_e.5_c.1_s2011206605_K0_SR10M_src20430428_e0067.txt,51,../problems/numeric/counters/vanilla/fz_instance_52.pddl,unsolved,4830.55,False,10000,0,0,0
,counters-on-2011206605-stage2-mcts_eval-primary-narrow-w5-i20,counters,stage2,on,2011206605,fixed_narrow_w5,20,20649855,COMPLETED,/home/hersco/training_new_domains/2026-08-27/statistical_replication_stage2_mcts_eval/20649855_Ev_counters_counters_mcts_orig_vh_e.5_c.1_s2011206605_K0_SR10M_src20430428_e0067.txt,52,../problems/numeric/counters/vanilla/fz_instance_53.pddl,unsolved,3959.69,False,10000,0,0,0
,counters-on-2011206605-stage2-mcts_eval-primary-narrow-w5-i20,counters,stage2,on,2011206605,fixed_narrow_w5,20,20649855,COMPLETED,/home/hersco/training_new_domains/2026-08-27/statistical_replication_stage2_mcts_eval/20649855_Ev_counters_counters_mcts_orig_vh_e.5_c.1_s2011206605_K0_SR10M_src20430428_e0067.txt,53,../problems/numeric/counters/vanilla/fz_instance_54.pddl,unsolved,5501.04,False,10000,0,0,0
,counters-on-2011206605-stage2-mcts_eval-primary-narrow-w5-i20,counters,stage2,on,2011206605,fixed_narrow_w5,20,20649855,COMPLETED,/home/hersco/training_new_domains/2026-08-27/statistical_replication_stage2_mcts_eval/20649855_Ev_counters_counters_mcts_orig_vh_e.5_c.1_s2011206605_K0_SR10M_src20430428_e0067.txt,54,../problems/numeric/counters/vanilla/fz_instance_55.pddl,unsolved,4647.13,False,10000,0,0,0
,counters-on-2011206605-stage2-mcts_eval-primary-narrow-w5-i20,counters,stage2,on,2011206605,fixed_narrow_w5,20,20649855,COMPLETED,/home/hersco/training_new_domains/2026-08-27/statistical_replication_stage2_mcts_eval/20649855_Ev_counters_counters_mcts_orig_vh_e.5_c.1_s2011206605_K0_SR10M_src20430428_e0067.txt,55,../problems/numeric/counters/vanilla/fz_instance_56.pddl,unsolved,3662.35,False,10000,0,0,0
,counters-on-2011206605-stage2-mcts_eval-primary-narrow-w5-i20,counters,stage2,on,2011206605,fixed_narrow_w5,20,20649855,COMPLETED,/home/hersco/training_new_domains/2026-08-27/statistical_replication_stage2_mcts_eval/20649855_Ev_counters_counters_mcts_orig_vh_e.5_c.1_s2011206605_K0_SR10M_src20430428_e0067.txt,56,../problems/numeric/counters/vanilla/fz_instance_57.pddl,unsolved,3629.59,False,10000,0,0,0
,counters-on-2011206605-stage2-mcts_eval-primary-narrow-w5-i20,counters,stage2,on,2011206605,fixed_narrow_w5,20,20649855,COMPLETED,/home/hersco/training_new_domains/2026-08-27/statistical_replication_stage2_mcts_eval/20649855_Ev_counters_counters_mcts_orig_vh_e.5_c.1_s2011206605_K0_SR10M_src20430428_e0067.txt,57,../problems/numeric/counters/vanilla/fz_instance_58.pddl,unsolved,4094.78,False,10000,0,0,0
,counters-on-2011206605-stage2-mcts_eval-primary-narrow-w5-i20,counters,stage2,on,2011206605,fixed_narrow_w5,20,20649855,COMPLETED,/home/hersco/training_new_domains/2026-08-27/statistical_replication_stage2_mcts_eval/20649855_Ev_counters_counters_mcts_orig_vh_e.5_c.1_s2011206605_K0_SR10M_src20430428_e0067.txt,58,../problems/numeric/counters/vanilla/fz_instance_59.pddl,unsolved,3908.99,False,10000,0,0,0
,counters-on-2011206605-stage2-mcts_eval-primary-narrow-w5-i20,counters,stage2,on,2011206605,fixed_narrow_w5,20,20649855,COMPLETED,/home/hersco/training_new_domains/2026-08-27/statistical_replication_stage2_mcts_eval/20649855_Ev_counters_counters_mcts_orig_vh_e.5_c.1_s2011206605_K0_SR10M_src20430428_e0067.txt,59,../problems/numeric/counters/vanilla/fz_instance_60.pddl,unsolved,3604.58,False,10000,0,0,0
,counters-on-1073581256-stage2-mcts_eval-primary-narrow-w5-i20,counters,stage2,on,1073581256,fixed_narrow_w5,20,20649856,COMPLETED,/home/hersco/training_new_domains/2026-08-27/statistical_replication_stage2_mcts_eval/20649856_Ev_counters_counters_mcts_orig_vh_e.5_c.1_s1073581256_K0_SR10M_src20430429_e0016.txt,1,../problems/numeric/counters/vanilla/fz_instance_2.pddl,success,7.28,True,1,1,1,1
,counters-on-1073581256-stage2-mcts_eval-primary-narrow-w5-i20,counters,stage2,on,1073581256,fixed_narrow_w5,20,20649856,COMPLETED,/home/hersco/training_new_domains/2026-08-27/statistical_replication_stage2_mcts_eval/20649856_Ev_counters_counters_mcts_orig_vh_e.5_c.1_s1073581256_K0_SR10M_src20430429_e0016.txt,2,../problems/numeric/counters/vanilla/fz_instance_3.pddl,success,8.04,True,3,1,1,1
,counters-on-1073581256-stage2-mcts_eval-primary-narrow-w5-i20,counters,stage2,on,1073581256,fixed_narrow_w5,20,20649856,COMPLETED,/home/hersco/training_new_domains/2026-08-27/statistical_replication_stage2_mcts_eval/20649856_Ev_counters_counters_mcts_orig_vh_e.5_c.1_s1073581256_K0_SR10M_src20430429_e0016.txt,3,../problems/numeric/counters/vanilla/fz_instance_4.pddl,success,8.3,True,6,1,1,1
,counters-on-1073581256-stage2-mcts_eval-primary-narrow-w5-i20,counters,stage2,on,1073581256,fixed_narrow_w5,20,20649856,COMPLETED,/home/hersco/training_new_domains/2026-08-27/statistical_replication_stage2_mcts_eval/20649856_Ev_counters_counters_mcts_orig_vh_e.5_c.1_s1073581256_K0_SR10M_src20430429_e0016.txt,4,../problems/numeric/counters/vanilla/fz_instance_5.pddl,success,11.05,True,10,1,1,1
,counters-on-1073581256-stage2-mcts_eval-primary-narrow-w5-i20,counters,stage2,on,1073581256,fixed_narrow_w5,20,20649856,COMPLETED,/home/hersco/training_new_domains/2026-08-27/statistical_replication_stage2_mcts_eval/20649856_Ev_counters_counters_mcts_orig_vh_e.5_c.1_s1073581256_K0_SR10M_src20430429_e0016.txt,5,../problems/numeric/counters/vanilla/fz_instance_6.pddl,success,11.81,True,23,1,1,1
,counters-on-1073581256-stage2-mcts_eval-primary-narrow-w5-i20,counters,stage2,on,1073581256,fixed_narrow_w5,20,20649856,COMPLETED,/home/hersco/training_new_domains/2026-08-27/statistical_replication_stage2_mcts_eval/20649856_Ev_counters_counters_mcts_orig_vh_e.5_c.1_s1073581256_K0_SR10M_src20430429_e0016.txt,6,../problems/numeric/counters/vanilla/fz_instance_7.pddl,success,11.28,True,21,1,1,1
,counters-on-1073581256-stage2-mcts_eval-primary-narrow-w5-i20,counters,stage2,on,1073581256,fixed_narrow_w5,20,20649856,COMPLETED,/home/hersco/training_new_domains/2026-08-27/statistical_replication_stage2_mcts_eval/20649856_Ev_counters_counters_mcts_orig_vh_e.5_c.1_s1073581256_K0_SR10M_src20430429_e0016.txt,7,../problems/numeric/counters/vanilla/fz_instance_8.pddl,success,21.06,True,88,1,1,1
,counters-on-1073581256-stage2-mcts_eval-primary-narrow-w5-i20,counters,stage2,on,1073581256,fixed_narrow_w5,20,20649856,COMPLETED,/home/hersco/training_new_domains/2026-08-27/statistical_replication_stage2_mcts_eval/20649856_Ev_counters_counters_mcts_orig_vh_e.5_c.1_s1073581256_K0_SR10M_src20430429_e0016.txt,8,../problems/numeric/counters/vanilla/fz_instance_9.pddl,success,31.58,True,180,1,1,1
,counters-on-1073581256-stage2-mcts_eval-primary-narrow-w5-i20,counters,stage2,on,1073581256,fixed_narrow_w5,20,20649856,COMPLETED,/home/hersco/training_new_domains/2026-08-27/statistical_replication_stage2_mcts_eval/20649856_Ev_counters_counters_mcts_orig_vh_e.5_c.1_s1073581256_K0_SR10M_src20430429_e0016.txt,9,../problems/numeric/counters/vanilla/fz_instance_10.pddl,unsolved,446.79,False,10000,0,0,0
,counters-on-1073581256-stage2-mcts_eval-primary-narrow-w5-i20,counters,stage2,on,1073581256,fixed_narrow_w5,20,20649856,COMPLETED,/home/hersco/training_new_domains/2026-08-27/statistical_replication_stage2_mcts_eval/20649856_Ev_counters_counters_mcts_orig_vh_e.5_c.1_s1073581256_K0_SR10M_src20430429_e0016.txt,10,../problems/numeric/counters/vanilla/fz_instance_11.pddl,unsolved,951.06,False,10000,0,0,0
,counters-on-1073581256-stage2-mcts_eval-primary-narrow-w5-i20,counters,stage2,on,1073581256,fixed_narrow_w5,20,20649856,COMPLETED,/home/hersco/training_new_domains/2026-08-27/statistical_replication_stage2_mcts_eval/20649856_Ev_counters_counters_mcts_orig_vh_e.5_c.1_s1073581256_K0_SR10M_src20430429_e0016.txt,11,../problems/numeric/counters/vanilla/fz_instance_12.pddl,unsolved,978.59,False,10000,0,0,0
,counters-on-1073581256-stage2-mcts_eval-primary-narrow-w5-i20,counters,stage2,on,1073581256,fixed_narrow_w5,20,20649856,COMPLETED,/home/hersco/training_new_domains/2026-08-27/statistical_replication_stage2_mcts_eval/20649856_Ev_counters_counters_mcts_orig_vh_e.5_c.1_s1073581256_K0_SR10M_src20430429_e0016.txt,12,../problems/numeric/counters/vanilla/fz_instance_13.pddl,success,45.07,True,204,1,1,1
,counters-on-1073581256-stage2-mcts_eval-primary-narrow-w5-i20,counters,stage2,on,1073581256,fixed_narrow_w5,20,20649856,COMPLETED,/home/hersco/training_new_domains/2026-08-27/statistical_replication_stage2_mcts_eval/20649856_Ev_counters_counters_mcts_orig_vh_e.5_c.1_s1073581256_K0_SR10M_src20430429_e0016.txt,13,../problems/numeric/counters/vanilla/fz_instance_14.pddl,success,52.09,True,231,1,1,1
,counters-on-1073581256-stage2-mcts_eval-primary-narrow-w5-i20,counters,stage2,on,1073581256,fixed_narrow_w5,20,20649856,COMPLETED,/home/hersco/training_new_domains/2026-08-27/statistical_replication_stage2_mcts_eval/20649856_Ev_counters_counters_mcts_orig_vh_e.5_c.1_s1073581256_K0_SR10M_src20430429_e0016.txt,14,../problems/numeric/counters/vanilla/fz_instance_15.pddl,success,66.36,True,259,1,1,1
,counters-on-1073581256-stage2-mcts_eval-primary-narrow-w5-i20,counters,stage2,on,1073581256,fixed_narrow_w5,20,20649856,COMPLETED,/home/hersco/training_new_domains/2026-08-27/statistical_replication_stage2_mcts_eval/20649856_Ev_counters_counters_mcts_orig_vh_e.5_c.1_s1073581256_K0_SR10M_src20430429_e0016.txt,15,../problems/numeric/counters/vanilla/fz_instance_16.pddl,success,73.37,True,288,1,1,1
,counters-on-1073581256-stage2-mcts_eval-primary-narrow-w5-i20,counters,stage2,on,1073581256,fixed_narrow_w5,20,20649856,COMPLETED,/home/hersco/training_new_domains/2026-08-27/statistical_replication_stage2_mcts_eval/20649856_Ev_counters_counters_mcts_orig_vh_e.5_c.1_s1073581256_K0_SR10M_src20430429_e0016.txt,16,../problems/numeric/counters/vanilla/fz_instance_17.pddl,success,83.39,True,318,1,1,1
,counters-on-1073581256-stage2-mcts_eval-primary-narrow-w5-i20,counters,stage2,on,1073581256,fixed_narrow_w5,20,20649856,COMPLETED,/home/hersco/training_new_domains/2026-08-27/statistical_replication_stage2_mcts_eval/20649856_Ev_counters_counters_mcts_orig_vh_e.5_c.1_s1073581256_K0_SR10M_src20430429_e0016.txt,17,../problems/numeric/counters/vanilla/fz_instance_18.pddl,success,97.91,True,349,1,1,1
,counters-on-1073581256-stage2-mcts_eval-primary-narrow-w5-i20,counters,stage2,on,1073581256,fixed_narrow_w5,20,20649856,COMPLETED,/home/hersco/training_new_domains/2026-08-27/statistical_replication_stage2_mcts_eval/20649856_Ev_counters_counters_mcts_orig_vh_e.5_c.1_s1073581256_K0_SR10M_src20430429_e0016.txt,18,../problems/numeric/counters/vanilla/fz_instance_19.pddl,success,127.98,True,381,1,1,1
,counters-on-1073581256-stage2-mcts_eval-primary-narrow-w5-i20,counters,stage2,on,1073581256,fixed_narrow_w5,20,20649856,COMPLETED,/home/hersco/training_new_domains/2026-08-27/statistical_replication_stage2_mcts_eval/20649856_Ev_counters_counters_mcts_orig_vh_e.5_c.1_s1073581256_K0_SR10M_src20430429_e0016.txt,19,../problems/numeric/counters/vanilla/fz_instance_20.pddl,success,141.25,True,414,1,1,1
,counters-on-1073581256-stage2-mcts_eval-primary-narrow-w5-i20,counters,stage2,on,1073581256,fixed_narrow_w5,20,20649856,COMPLETED,/home/hersco/training_new_domains/2026-08-27/statistical_replication_stage2_mcts_eval/20649856_Ev_counters_counters_mcts_orig_vh_e.5_c.1_s1073581256_K0_SR10M_src20430429_e0016.txt,20,../problems/numeric/counters/vanilla/fz_instance_21.pddl,success,172.06,True,448,1,1,1
,counters-on-1073581256-stage2-mcts_eval-primary-narrow-w5-i20,counters,stage2,on,1073581256,fixed_narrow_w5,20,20649856,COMPLETED,/home/hersco/training_new_domains/2026-08-27/statistical_replication_stage2_mcts_eval/20649856_Ev_counters_counters_mcts_orig_vh_e.5_c.1_s1073581256_K0_SR10M_src20430429_e0016.txt,21,../problems/numeric/counters/vanilla/fz_instance_22.pddl,success,195.09,True,483,1,1,1
,counters-on-1073581256-stage2-mcts_eval-primary-narrow-w5-i20,counters,stage2,on,1073581256,fixed_narrow_w5,20,20649856,COMPLETED,/home/hersco/training_new_domains/2026-08-27/statistical_replication_stage2_mcts_eval/20649856_Ev_counters_counters_mcts_orig_vh_e.5_c.1_s1073581256_K0_SR10M_src20430429_e0016.txt,22,../problems/numeric/counters/vanilla/fz_instance_23.pddl,success,249.5,True,519,1,1,1
,counters-on-1073581256-stage2-mcts_eval-primary-narrow-w5-i20,counters,stage2,on,1073581256,fixed_narrow_w5,20,20649856,COMPLETED,/home/hersco/training_new_domains/2026-08-27/statistical_replication_stage2_mcts_eval/20649856_Ev_counters_counters_mcts_orig_vh_e.5_c.1_s1073581256_K0_SR10M_src20430429_e0016.txt,23,../problems/numeric/counters/vanilla/fz_instance_24.pddl,success,281.82,True,556,1,1,1
,counters-on-1073581256-stage2-mcts_eval-primary-narrow-w5-i20,counters,stage2,on,1073581256,fixed_narrow_w5,20,20649856,COMPLETED,/home/hersco/training_new_domains/2026-08-27/statistical_replication_stage2_mcts_eval/20649856_Ev_counters_counters_mcts_orig_vh_e.5_c.1_s1073581256_K0_SR10M_src20430429_e0016.txt,24,../problems/numeric/counters/vanilla/fz_instance_25.pddl,success,301.64,True,594,1,1,1
,counters-on-1073581256-stage2-mcts_eval-primary-narrow-w5-i20,counters,stage2,on,1073581256,fixed_narrow_w5,20,20649856,COMPLETED,/home/hersco/training_new_domains/2026-08-27/statistical_replication_stage2_mcts_eval/20649856_Ev_counters_counters_mcts_orig_vh_e.5_c.1_s1073581256_K0_SR10M_src20430429_e0016.txt,25,../problems/numeric/counters/vanilla/fz_instance_26.pddl,success,343.97,True,633,1,1,1
,counters-on-1073581256-stage2-mcts_eval-primary-narrow-w5-i20,counters,stage2,on,1073581256,fixed_narrow_w5,20,20649856,COMPLETED,/home/hersco/training_new_domains/2026-08-27/statistical_replication_stage2_mcts_eval/20649856_Ev_counters_counters_mcts_orig_vh_e.5_c.1_s1073581256_K0_SR10M_src20430429_e0016.txt,26,../problems/numeric/counters/vanilla/fz_instance_27.pddl,success,395.2,True,673,1,1,1
,counters-on-1073581256-stage2-mcts_eval-primary-narrow-w5-i20,counters,stage2,on,1073581256,fixed_narrow_w5,20,20649856,COMPLETED,/home/hersco/training_new_domains/2026-08-27/statistical_replication_stage2_mcts_eval/20649856_Ev_counters_counters_mcts_orig_vh_e.5_c.1_s1073581256_K0_SR10M_src20430429_e0016.txt,27,../problems/numeric/counters/vanilla/fz_instance_28.pddl,success,448.78,True,714,1,1,1
,counters-on-1073581256-stage2-mcts_eval-primary-narrow-w5-i20,counters,stage2,on,1073581256,fixed_narrow_w5,20,20649856,COMPLETED,/home/hersco/training_new_domains/2026-08-27/statistical_replication_stage2_mcts_eval/20649856_Ev_counters_counters_mcts_orig_vh_e.5_c.1_s1073581256_K0_SR10M_src20430429_e0016.txt,28,../problems/numeric/counters/vanilla/fz_instance_29.pddl,success,507.89,True,756,1,1,1
,counters-on-1073581256-stage2-mcts_eval-primary-narrow-w5-i20,counters,stage2,on,1073581256,fixed_narrow_w5,20,20649856,COMPLETED,/home/hersco/training_new_domains/2026-08-27/statistical_replication_stage2_mcts_eval/20649856_Ev_counters_counters_mcts_orig_vh_e.5_c.1_s1073581256_K0_SR10M_src20430429_e0016.txt,29,../problems/numeric/counters/vanilla/fz_instance_30.pddl,success,516.42,True,799,1,1,1
,counters-on-1073581256-stage2-mcts_eval-primary-narrow-w5-i20,counters,stage2,on,1073581256,fixed_narrow_w5,20,20649856,COMPLETED,/home/hersco/training_new_domains/2026-08-27/statistical_replication_stage2_mcts_eval/20649856_Ev_counters_counters_mcts_orig_vh_e.5_c.1_s1073581256_K0_SR10M_src20430429_e0016.txt,30,../problems/numeric/counters/vanilla/fz_instance_31.pddl,success,515.26,True,843,1,1,1
,counters-on-1073581256-stage2-mcts_eval-primary-narrow-w5-i20,counters,stage2,on,1073581256,fixed_narrow_w5,20,20649856,COMPLETED,/home/hersco/training_new_domains/2026-08-27/statistical_replication_stage2_mcts_eval/20649856_Ev_counters_counters_mcts_orig_vh_e.5_c.1_s1073581256_K0_SR10M_src20430429_e0016.txt,31,../problems/numeric/counters/vanilla/fz_instance_32.pddl,success,608.63,True,888,1,1,1
,counters-on-1073581256-stage2-mcts_eval-primary-narrow-w5-i20,counters,stage2,on,1073581256,fixed_narrow_w5,20,20649856,COMPLETED,/home/hersco/training_new_domains/2026-08-27/statistical_replication_stage2_mcts_eval/20649856_Ev_counters_counters_mcts_orig_vh_e.5_c.1_s1073581256_K0_SR10M_src20430429_e0016.txt,32,../problems/numeric/counters/vanilla/fz_instance_33.pddl,success,611.8,True,934,1,1,1
,counters-on-1073581256-stage2-mcts_eval-primary-narrow-w5-i20,counters,stage2,on,1073581256,fixed_narrow_w5,20,20649856,COMPLETED,/home/hersco/training_new_domains/2026-08-27/statistical_replication_stage2_mcts_eval/20649856_Ev_counters_counters_mcts_orig_vh_e.5_c.1_s1073581256_K0_SR10M_src20430429_e0016.txt,33,../problems/numeric/counters/vanilla/fz_instance_34.pddl,success,845.95,True,981,1,1,1
,counters-on-1073581256-stage2-mcts_eval-primary-narrow-w5-i20,counters,stage2,on,1073581256,fixed_narrow_w5,20,20649856,COMPLETED,/home/hersco/training_new_domains/2026-08-27/statistical_replication_stage2_mcts_eval/20649856_Ev_counters_counters_mcts_orig_vh_e.5_c.1_s1073581256_K0_SR10M_src20430429_e0016.txt,34,../problems/numeric/counters/vanilla/fz_instance_35.pddl,success,900.67,True,1029,1,1,1
,counters-on-1073581256-stage2-mcts_eval-primary-narrow-w5-i20,counters,stage2,on,1073581256,fixed_narrow_w5,20,20649856,COMPLETED,/home/hersco/training_new_domains/2026-08-27/statistical_replication_stage2_mcts_eval/20649856_Ev_counters_counters_mcts_orig_vh_e.5_c.1_s1073581256_K0_SR10M_src20430429_e0016.txt,35,../problems/numeric/counters/vanilla/fz_instance_36.pddl,success,1148.06,True,1078,1,1,1
,counters-on-1073581256-stage2-mcts_eval-primary-narrow-w5-i20,counters,stage2,on,1073581256,fixed_narrow_w5,20,20649856,COMPLETED,/home/hersco/training_new_domains/2026-08-27/statistical_replication_stage2_mcts_eval/20649856_Ev_counters_counters_mcts_orig_vh_e.5_c.1_s1073581256_K0_SR10M_src20430429_e0016.txt,36,../problems/numeric/counters/vanilla/fz_instance_37.pddl,success,1193.07,True,1128,1,1,1
,counters-on-1073581256-stage2-mcts_eval-primary-narrow-w5-i20,counters,stage2,on,1073581256,fixed_narrow_w5,20,20649856,COMPLETED,/home/hersco/training_new_domains/2026-08-27/statistical_replication_stage2_mcts_eval/20649856_Ev_counters_counters_mcts_orig_vh_e.5_c.1_s1073581256_K0_SR10M_src20430429_e0016.txt,37,../problems/numeric/counters/vanilla/fz_instance_38.pddl,success,1612.8,True,1179,1,1,1
,counters-on-1073581256-stage2-mcts_eval-primary-narrow-w5-i20,counters,stage2,on,1073581256,fixed_narrow_w5,20,20649856,COMPLETED,/home/hersco/training_new_domains/2026-08-27/statistical_replication_stage2_mcts_eval/20649856_Ev_counters_counters_mcts_orig_vh_e.5_c.1_s1073581256_K0_SR10M_src20430429_e0016.txt,38,../problems/numeric/counters/vanilla/fz_instance_39.pddl,success,1688.19,True,1231,1,1,1
,counters-on-1073581256-stage2-mcts_eval-primary-narrow-w5-i20,counters,stage2,on,1073581256,fixed_narrow_w5,20,20649856,COMPLETED,/home/hersco/training_new_domains/2026-08-27/statistical_replication_stage2_mcts_eval/20649856_Ev_counters_counters_mcts_orig_vh_e.5_c.1_s1073581256_K0_SR10M_src20430429_e0016.txt,39,../problems/numeric/counters/vanilla/fz_instance_40.pddl,success,1520.69,True,1284,1,1,1
,counters-on-1073581256-stage2-mcts_eval-primary-narrow-w5-i20,counters,stage2,on,1073581256,fixed_narrow_w5,20,20649856,COMPLETED,/home/hersco/training_new_domains/2026-08-27/statistical_replication_stage2_mcts_eval/20649856_Ev_counters_counters_mcts_orig_vh_e.5_c.1_s1073581256_K0_SR10M_src20430429_e0016.txt,40,../problems/numeric/counters/vanilla/fz_instance_41.pddl,success,2140.93,True,1338,0,1,1
,counters-on-1073581256-stage2-mcts_eval-primary-narrow-w5-i20,counters,stage2,on,1073581256,fixed_narrow_w5,20,20649856,COMPLETED,/home/hersco/training_new_domains/2026-08-27/statistical_replication_stage2_mcts_eval/20649856_Ev_counters_counters_mcts_orig_vh_e.5_c.1_s1073581256_K0_SR10M_src20430429_e0016.txt,41,../problems/numeric/counters/vanilla/fz_instance_42.pddl,success,2128.66,True,1393,0,1,1
,counters-on-1073581256-stage2-mcts_eval-primary-narrow-w5-i20,counters,stage2,on,1073581256,fixed_narrow_w5,20,20649856,COMPLETED,/home/hersco/training_new_domains/2026-08-27/statistical_replication_stage2_mcts_eval/20649856_Ev_counters_counters_mcts_orig_vh_e.5_c.1_s1073581256_K0_SR10M_src20430429_e0016.txt,42,../problems/numeric/counters/vanilla/fz_instance_43.pddl,success,1863.2,True,1449,0,1,1
,counters-on-1073581256-stage2-mcts_eval-primary-narrow-w5-i20,counters,stage2,on,1073581256,fixed_narrow_w5,20,20649856,COMPLETED,/home/hersco/training_new_domains/2026-08-27/statistical_replication_stage2_mcts_eval/20649856_Ev_counters_counters_mcts_orig_vh_e.5_c.1_s1073581256_K0_SR10M_src20430429_e0016.txt,43,../problems/numeric/counters/vanilla/fz_instance_44.pddl,success,2252.73,True,1506,0,1,1
,counters-on-1073581256-stage2-mcts_eval-primary-narrow-w5-i20,counters,stage2,on,1073581256,fixed_narrow_w5,20,20649856,COMPLETED,/home/hersco/training_new_domains/2026-08-27/statistical_replication_stage2_mcts_eval/20649856_Ev_counters_counters_mcts_orig_vh_e.5_c.1_s1073581256_K0_SR10M_src20430429_e0016.txt,44,../problems/numeric/counters/vanilla/fz_instance_45.pddl,success,2250.53,True,1564,0,1,1
,counters-on-1073581256-stage2-mcts_eval-primary-narrow-w5-i20,counters,stage2,on,1073581256,fixed_narrow_w5,20,20649856,COMPLETED,/home/hersco/training_new_domains/2026-08-27/statistical_replication_stage2_mcts_eval/20649856_Ev_counters_counters_mcts_orig_vh_e.5_c.1_s1073581256_K0_SR10M_src20430429_e0016.txt,45,../problems/numeric/counters/vanilla/fz_instance_46.pddl,success,2620.64,True,1665,0,1,1
,counters-on-1073581256-stage2-mcts_eval-primary-narrow-w5-i20,counters,stage2,on,1073581256,fixed_narrow_w5,20,20649856,COMPLETED,/home/hersco/training_new_domains/2026-08-27/statistical_replication_stage2_mcts_eval/20649856_Ev_counters_counters_mcts_orig_vh_e.5_c.1_s1073581256_K0_SR10M_src20430429_e0016.txt,46,../problems/numeric/counters/vanilla/fz_instance_47.pddl,success,3518.21,True,1961,0,1,1
,counters-on-1073581256-stage2-mcts_eval-primary-narrow-w5-i20,counters,stage2,on,1073581256,fixed_narrow_w5,20,20649856,COMPLETED,/home/hersco/training_new_domains/2026-08-27/statistical_replication_stage2_mcts_eval/20649856_Ev_counters_counters_mcts_orig_vh_e.5_c.1_s1073581256_K0_SR10M_src20430429_e0016.txt,47,../problems/numeric/counters/vanilla/fz_instance_48.pddl,success,3912.33,True,2073,0,1,1
,counters-on-1073581256-stage2-mcts_eval-primary-narrow-w5-i20,counters,stage2,on,1073581256,fixed_narrow_w5,20,20649856,COMPLETED,/home/hersco/training_new_domains/2026-08-27/statistical_replication_stage2_mcts_eval/20649856_Ev_counters_counters_mcts_orig_vh_e.5_c.1_s1073581256_K0_SR10M_src20430429_e0016.txt,48,../problems/numeric/counters/vanilla/fz_instance_49.pddl,success,4681.09,True,2234,0,1,1
,counters-on-1073581256-stage2-mcts_eval-primary-narrow-w5-i20,counters,stage2,on,1073581256,fixed_narrow_w5,20,20649856,COMPLETED,/home/hersco/training_new_domains/2026-08-27/statistical_replication_stage2_mcts_eval/20649856_Ev_counters_counters_mcts_orig_vh_e.5_c.1_s1073581256_K0_SR10M_src20430429_e0016.txt,49,../problems/numeric/counters/vanilla/fz_instance_50.pddl,success,4346.83,True,2353,0,1,1
,counters-on-1073581256-stage2-mcts_eval-primary-narrow-w5-i20,counters,stage2,on,1073581256,fixed_narrow_w5,20,20649856,COMPLETED,/home/hersco/training_new_domains/2026-08-27/statistical_replication_stage2_mcts_eval/20649856_Ev_counters_counters_mcts_orig_vh_e.5_c.1_s1073581256_K0_SR10M_src20430429_e0016.txt,50,../problems/numeric/counters/vanilla/fz_instance_51.pddl,success,5022.11,True,2523,0,1,1
,counters-on-1073581256-stage2-mcts_eval-primary-narrow-w5-i20,counters,stage2,on,1073581256,fixed_narrow_w5,20,20649856,COMPLETED,/home/hersco/training_new_domains/2026-08-27/statistical_replication_stage2_mcts_eval/20649856_Ev_counters_counters_mcts_orig_vh_e.5_c.1_s1073581256_K0_SR10M_src20430429_e0016.txt,51,../problems/numeric/counters/vanilla/fz_instance_52.pddl,success,5324.1,True,2649,0,1,1
,counters-on-1073581256-stage2-mcts_eval-primary-narrow-w5-i20,counters,stage2,on,1073581256,fixed_narrow_w5,20,20649856,COMPLETED,/home/hersco/training_new_domains/2026-08-27/statistical_replication_stage2_mcts_eval/20649856_Ev_counters_counters_mcts_orig_vh_e.5_c.1_s1073581256_K0_SR10M_src20430429_e0016.txt,52,../problems/numeric/counters/vanilla/fz_instance_53.pddl,success,6202.49,True,2778,0,1,1
,counters-on-1073581256-stage2-mcts_eval-primary-narrow-w5-i20,counters,stage2,on,1073581256,fixed_narrow_w5,20,20649856,COMPLETED,/home/hersco/training_new_domains/2026-08-27/statistical_replication_stage2_mcts_eval/20649856_Ev_counters_counters_mcts_orig_vh_e.5_c.1_s1073581256_K0_SR10M_src20430429_e0016.txt,53,../problems/numeric/counters/vanilla/fz_instance_54.pddl,success,6907.96,True,2910,0,1,1
,counters-on-1073581256-stage2-mcts_eval-primary-narrow-w5-i20,counters,stage2,on,1073581256,fixed_narrow_w5,20,20649856,COMPLETED,/home/hersco/training_new_domains/2026-08-27/statistical_replication_stage2_mcts_eval/20649856_Ev_counters_counters_mcts_orig_vh_e.5_c.1_s1073581256_K0_SR10M_src20430429_e0016.txt,54,../problems/numeric/counters/vanilla/fz_instance_55.pddl,success,7806.39,True,3045,0,0,1
,counters-on-1073581256-stage2-mcts_eval-primary-narrow-w5-i20,counters,stage2,on,1073581256,fixed_narrow_w5,20,20649856,COMPLETED,/home/hersco/training_new_domains/2026-08-27/statistical_replication_stage2_mcts_eval/20649856_Ev_counters_counters_mcts_orig_vh_e.5_c.1_s1073581256_K0_SR10M_src20430429_e0016.txt,55,../problems/numeric/counters/vanilla/fz_instance_56.pddl,success,7828.58,True,3238,0,0,1
,counters-on-1073581256-stage2-mcts_eval-primary-narrow-w5-i20,counters,stage2,on,1073581256,fixed_narrow_w5,20,20649856,COMPLETED,/home/hersco/training_new_domains/2026-08-27/statistical_replication_stage2_mcts_eval/20649856_Ev_counters_counters_mcts_orig_vh_e.5_c.1_s1073581256_K0_SR10M_src20430429_e0016.txt,56,../problems/numeric/counters/vanilla/fz_instance_57.pddl,success,8777.02,True,3336,0,0,1
,counters-on-1073581256-stage2-mcts_eval-primary-narrow-w5-i20,counters,stage2,on,1073581256,fixed_narrow_w5,20,20649856,COMPLETED,/home/hersco/training_new_domains/2026-08-27/statistical_replication_stage2_mcts_eval/20649856_Ev_counters_counters_mcts_orig_vh_e.5_c.1_s1073581256_K0_SR10M_src20430429_e0016.txt,57,../problems/numeric/counters/vanilla/fz_instance_58.pddl,success,9885.7,True,3482,0,0,1
,counters-on-1073581256-stage2-mcts_eval-primary-narrow-w5-i20,counters,stage2,on,1073581256,fixed_narrow_w5,20,20649856,COMPLETED,/home/hersco/training_new_domains/2026-08-27/statistical_replication_stage2_mcts_eval/20649856_Ev_counters_counters_mcts_orig_vh_e.5_c.1_s1073581256_K0_SR10M_src20430429_e0016.txt,58,../problems/numeric/counters/vanilla/fz_instance_59.pddl,success,9639.75,True,3561,0,0,1
,counters-on-1073581256-stage2-mcts_eval-primary-narrow-w5-i20,counters,stage2,on,1073581256,fixed_narrow_w5,20,20649856,COMPLETED,/home/hersco/training_new_domains/2026-08-27/statistical_replication_stage2_mcts_eval/20649856_Ev_counters_counters_mcts_orig_vh_e.5_c.1_s1073581256_K0_SR10M_src20430429_e0016.txt,59,../problems/numeric/counters/vanilla/fz_instance_60.pddl,success,10725.82,True,3793,0,0,1
,counters-on-1239739722-stage2-mcts_eval-primary-narrow-w5-i20,counters,stage2,on,1239739722,fixed_narrow_w5,20,20649857,COMPLETED,/home/hersco/training_new_domains/2026-08-27/statistical_replication_stage2_mcts_eval/20649857_Ev_counters_counters_mcts_orig_vh_e.5_c.1_s1239739722_K0_SR10M_src20430430_e0028.txt,1,../problems/numeric/counters/vanilla/fz_instance_2.pddl,success,8.1,True,1,1,1,1
,counters-on-1239739722-stage2-mcts_eval-primary-narrow-w5-i20,counters,stage2,on,1239739722,fixed_narrow_w5,20,20649857,COMPLETED,/home/hersco/training_new_domains/2026-08-27/statistical_replication_stage2_mcts_eval/20649857_Ev_counters_counters_mcts_orig_vh_e.5_c.1_s1239739722_K0_SR10M_src20430430_e0028.txt,2,../problems/numeric/counters/vanilla/fz_instance_3.pddl,success,7.53,True,3,1,1,1
,counters-on-1239739722-stage2-mcts_eval-primary-narrow-w5-i20,counters,stage2,on,1239739722,fixed_narrow_w5,20,20649857,COMPLETED,/home/hersco/training_new_domains/2026-08-27/statistical_replication_stage2_mcts_eval/20649857_Ev_counters_counters_mcts_orig_vh_e.5_c.1_s1239739722_K0_SR10M_src20430430_e0028.txt,3,../problems/numeric/counters/vanilla/fz_instance_4.pddl,success,8.35,True,6,1,1,1
,counters-on-1239739722-stage2-mcts_eval-primary-narrow-w5-i20,counters,stage2,on,1239739722,fixed_narrow_w5,20,20649857,COMPLETED,/home/hersco/training_new_domains/2026-08-27/statistical_replication_stage2_mcts_eval/20649857_Ev_counters_counters_mcts_orig_vh_e.5_c.1_s1239739722_K0_SR10M_src20430430_e0028.txt,4,../problems/numeric/counters/vanilla/fz_instance_5.pddl,success,9.56,True,10,1,1,1
,counters-on-1239739722-stage2-mcts_eval-primary-narrow-w5-i20,counters,stage2,on,1239739722,fixed_narrow_w5,20,20649857,COMPLETED,/home/hersco/training_new_domains/2026-08-27/statistical_replication_stage2_mcts_eval/20649857_Ev_counters_counters_mcts_orig_vh_e.5_c.1_s1239739722_K0_SR10M_src20430430_e0028.txt,5,../problems/numeric/counters/vanilla/fz_instance_6.pddl,success,10.8,True,15,1,1,1
,counters-on-1239739722-stage2-mcts_eval-primary-narrow-w5-i20,counters,stage2,on,1239739722,fixed_narrow_w5,20,20649857,COMPLETED,/home/hersco/training_new_domains/2026-08-27/statistical_replication_stage2_mcts_eval/20649857_Ev_counters_counters_mcts_orig_vh_e.5_c.1_s1239739722_K0_SR10M_src20430430_e0028.txt,6,../problems/numeric/counters/vanilla/fz_instance_7.pddl,success,12.06,True,21,1,1,1
,counters-on-1239739722-stage2-mcts_eval-primary-narrow-w5-i20,counters,stage2,on,1239739722,fixed_narrow_w5,20,20649857,COMPLETED,/home/hersco/training_new_domains/2026-08-27/statistical_replication_stage2_mcts_eval/20649857_Ev_counters_counters_mcts_orig_vh_e.5_c.1_s1239739722_K0_SR10M_src20430430_e0028.txt,7,../problems/numeric/counters/vanilla/fz_instance_8.pddl,success,12.31,True,28,1,1,1
,counters-on-1239739722-stage2-mcts_eval-primary-narrow-w5-i20,counters,stage2,on,1239739722,fixed_narrow_w5,20,20649857,COMPLETED,/home/hersco/training_new_domains/2026-08-27/statistical_replication_stage2_mcts_eval/20649857_Ev_counters_counters_mcts_orig_vh_e.5_c.1_s1239739722_K0_SR10M_src20430430_e0028.txt,8,../problems/numeric/counters/vanilla/fz_instance_9.pddl,success,15.3,True,36,1,1,1
,counters-on-1239739722-stage2-mcts_eval-primary-narrow-w5-i20,counters,stage2,on,1239739722,fixed_narrow_w5,20,20649857,COMPLETED,/home/hersco/training_new_domains/2026-08-27/statistical_replication_stage2_mcts_eval/20649857_Ev_counters_counters_mcts_orig_vh_e.5_c.1_s1239739722_K0_SR10M_src20430430_e0028.txt,9,../problems/numeric/counters/vanilla/fz_instance_10.pddl,success,16.85,True,45,1,1,1
,counters-on-1239739722-stage2-mcts_eval-primary-narrow-w5-i20,counters,stage2,on,1239739722,fixed_narrow_w5,20,20649857,COMPLETED,/home/hersco/training_new_domains/2026-08-27/statistical_replication_stage2_mcts_eval/20649857_Ev_counters_counters_mcts_orig_vh_e.5_c.1_s1239739722_K0_SR10M_src20430430_e0028.txt,10,../problems/numeric/counters/vanilla/fz_instance_11.pddl,success,20.1,True,55,1,1,1
,counters-on-1239739722-stage2-mcts_eval-primary-narrow-w5-i20,counters,stage2,on,1239739722,fixed_narrow_w5,20,20649857,COMPLETED,/home/hersco/training_new_domains/2026-08-27/statistical_replication_stage2_mcts_eval/20649857_Ev_counters_counters_mcts_orig_vh_e.5_c.1_s1239739722_K0_SR10M_src20430430_e0028.txt,11,../problems/numeric/counters/vanilla/fz_instance_12.pddl,success,21.57,True,66,1,1,1
,counters-on-1239739722-stage2-mcts_eval-primary-narrow-w5-i20,counters,stage2,on,1239739722,fixed_narrow_w5,20,20649857,COMPLETED,/home/hersco/training_new_domains/2026-08-27/statistical_replication_stage2_mcts_eval/20649857_Ev_counters_counters_mcts_orig_vh_e.5_c.1_s1239739722_K0_SR10M_src20430430_e0028.txt,12,../problems/numeric/counters/vanilla/fz_instance_13.pddl,success,23.37,True,96,1,1,1
,counters-on-1239739722-stage2-mcts_eval-primary-narrow-w5-i20,counters,stage2,on,1239739722,fixed_narrow_w5,20,20649857,COMPLETED,/home/hersco/training_new_domains/2026-08-27/statistical_replication_stage2_mcts_eval/20649857_Ev_counters_counters_mcts_orig_vh_e.5_c.1_s1239739722_K0_SR10M_src20430430_e0028.txt,13,../problems/numeric/counters/vanilla/fz_instance_14.pddl,success,33.67,True,141,1,1,1
,counters-on-1239739722-stage2-mcts_eval-primary-narrow-w5-i20,counters,stage2,on,1239739722,fixed_narrow_w5,20,20649857,COMPLETED,/home/hersco/training_new_domains/2026-08-27/statistical_replication_stage2_mcts_eval/20649857_Ev_counters_counters_mcts_orig_vh_e.5_c.1_s1239739722_K0_SR10M_src20430430_e0028.txt,14,../problems/numeric/counters/vanilla/fz_instance_15.pddl,success,94.97,True,511,1,1,1
,counters-on-1239739722-stage2-mcts_eval-primary-narrow-w5-i20,counters,stage2,on,1239739722,fixed_narrow_w5,20,20649857,COMPLETED,/home/hersco/training_new_domains/2026-08-27/statistical_replication_stage2_mcts_eval/20649857_Ev_counters_counters_mcts_orig_vh_e.5_c.1_s1239739722_K0_SR10M_src20430430_e0028.txt,15,../problems/numeric/counters/vanilla/fz_instance_16.pddl,success,170.3,True,854,1,1,1
,counters-on-1239739722-stage2-mcts_eval-primary-narrow-w5-i20,counters,stage2,on,1239739722,fixed_narrow_w5,20,20649857,COMPLETED,/home/hersco/training_new_domains/2026-08-27/statistical_replication_stage2_mcts_eval/20649857_Ev_counters_counters_mcts_orig_vh_e.5_c.1_s1239739722_K0_SR10M_src20430430_e0028.txt,16,../problems/numeric/counters/vanilla/fz_instance_17.pddl,success,328.59,True,1816,1,1,1
,counters-on-1239739722-stage2-mcts_eval-primary-narrow-w5-i20,counters,stage2,on,1239739722,fixed_narrow_w5,20,20649857,COMPLETED,/home/hersco/training_new_domains/2026-08-27/statistical_replication_stage2_mcts_eval/20649857_Ev_counters_counters_mcts_orig_vh_e.5_c.1_s1239739722_K0_SR10M_src20430430_e0028.txt,17,../problems/numeric/counters/vanilla/fz_instance_18.pddl,success,576.02,True,2211,1,1,1
,counters-on-1239739722-stage2-mcts_eval-primary-narrow-w5-i20,counters,stage2,on,1239739722,fixed_narrow_w5,20,20649857,COMPLETED,/home/hersco/training_new_domains/2026-08-27/statistical_replication_stage2_mcts_eval/20649857_Ev_counters_counters_mcts_orig_vh_e.5_c.1_s1239739722_K0_SR10M_src20430430_e0028.txt,18,../problems/numeric/counters/vanilla/fz_instance_19.pddl,success,3744.34,True,7185,0,1,1
,counters-on-1239739722-stage2-mcts_eval-primary-narrow-w5-i20,counters,stage2,on,1239739722,fixed_narrow_w5,20,20649857,COMPLETED,/home/hersco/training_new_domains/2026-08-27/statistical_replication_stage2_mcts_eval/20649857_Ev_counters_counters_mcts_orig_vh_e.5_c.1_s1239739722_K0_SR10M_src20430430_e0028.txt,19,../problems/numeric/counters/vanilla/fz_instance_20.pddl,success,1565.68,True,4730,1,1,1
,counters-on-1239739722-stage2-mcts_eval-primary-narrow-w5-i20,counters,stage2,on,1239739722,fixed_narrow_w5,20,20649857,COMPLETED,/home/hersco/training_new_domains/2026-08-27/statistical_replication_stage2_mcts_eval/20649857_Ev_counters_counters_mcts_orig_vh_e.5_c.1_s1239739722_K0_SR10M_src20430430_e0028.txt,20,../problems/numeric/counters/vanilla/fz_instance_21.pddl,success,6940.88,True,7628,0,1,1
,counters-on-1239739722-stage2-mcts_eval-primary-narrow-w5-i20,counters,stage2,on,1239739722,fixed_narrow_w5,20,20649857,COMPLETED,/home/hersco/training_new_domains/2026-08-27/statistical_replication_stage2_mcts_eval/20649857_Ev_counters_counters_mcts_orig_vh_e.5_c.1_s1239739722_K0_SR10M_src20430430_e0028.txt,21,../problems/numeric/counters/vanilla/fz_instance_22.pddl,success,5880.74,True,7539,0,1,1
,counters-on-1239739722-stage2-mcts_eval-primary-narrow-w5-i20,counters,stage2,on,1239739722,fixed_narrow_w5,20,20649857,COMPLETED,/home/hersco/training_new_domains/2026-08-27/statistical_replication_stage2_mcts_eval/20649857_Ev_counters_counters_mcts_orig_vh_e.5_c.1_s1239739722_K0_SR10M_src20430430_e0028.txt,22,../problems/numeric/counters/vanilla/fz_instance_23.pddl,unsolved,9912.55,False,10000,0,0,0
,counters-on-1239739722-stage2-mcts_eval-primary-narrow-w5-i20,counters,stage2,on,1239739722,fixed_narrow_w5,20,20649857,COMPLETED,/home/hersco/training_new_domains/2026-08-27/statistical_replication_stage2_mcts_eval/20649857_Ev_counters_counters_mcts_orig_vh_e.5_c.1_s1239739722_K0_SR10M_src20430430_e0028.txt,23,../problems/numeric/counters/vanilla/fz_instance_24.pddl,unsolved,8095.64,False,10000,0,0,0
,counters-on-1239739722-stage2-mcts_eval-primary-narrow-w5-i20,counters,stage2,on,1239739722,fixed_narrow_w5,20,20649857,COMPLETED,/home/hersco/training_new_domains/2026-08-27/statistical_replication_stage2_mcts_eval/20649857_Ev_counters_counters_mcts_orig_vh_e.5_c.1_s1239739722_K0_SR10M_src20430430_e0028.txt,24,../problems/numeric/counters/vanilla/fz_instance_25.pddl,unsolved,5140.3,False,10000,0,0,0
,counters-on-1239739722-stage2-mcts_eval-primary-narrow-w5-i20,counters,stage2,on,1239739722,fixed_narrow_w5,20,20649857,COMPLETED,/home/hersco/training_new_domains/2026-08-27/statistical_replication_stage2_mcts_eval/20649857_Ev_counters_counters_mcts_orig_vh_e.5_c.1_s1239739722_K0_SR10M_src20430430_e0028.txt,25,../problems/numeric/counters/vanilla/fz_instance_26.pddl,unsolved,5824.72,False,10000,0,0,0
,counters-on-1239739722-stage2-mcts_eval-primary-narrow-w5-i20,counters,stage2,on,1239739722,fixed_narrow_w5,20,20649857,COMPLETED,/home/hersco/training_new_domains/2026-08-27/statistical_replication_stage2_mcts_eval/20649857_Ev_counters_counters_mcts_orig_vh_e.5_c.1_s1239739722_K0_SR10M_src20430430_e0028.txt,26,../problems/numeric/counters/vanilla/fz_instance_27.pddl,unsolved,5372.25,False,10000,0,0,0
,counters-on-1239739722-stage2-mcts_eval-primary-narrow-w5-i20,counters,stage2,on,1239739722,fixed_narrow_w5,20,20649857,COMPLETED,/home/hersco/training_new_domains/2026-08-27/statistical_replication_stage2_mcts_eval/20649857_Ev_counters_counters_mcts_orig_vh_e.5_c.1_s1239739722_K0_SR10M_src20430430_e0028.txt,27,../problems/numeric/counters/vanilla/fz_instance_28.pddl,unsolved,5045.48,False,10000,0,0,0
,counters-on-1239739722-stage2-mcts_eval-primary-narrow-w5-i20,counters,stage2,on,1239739722,fixed_narrow_w5,20,20649857,COMPLETED,/home/hersco/training_new_domains/2026-08-27/statistical_replication_stage2_mcts_eval/20649857_Ev_counters_counters_mcts_orig_vh_e.5_c.1_s1239739722_K0_SR10M_src20430430_e0028.txt,28,../problems/numeric/counters/vanilla/fz_instance_29.pddl,unsolved,4184.47,False,10000,0,0,0
,counters-on-1239739722-stage2-mcts_eval-primary-narrow-w5-i20,counters,stage2,on,1239739722,fixed_narrow_w5,20,20649857,COMPLETED,/home/hersco/training_new_domains/2026-08-27/statistical_replication_stage2_mcts_eval/20649857_Ev_counters_counters_mcts_orig_vh_e.5_c.1_s1239739722_K0_SR10M_src20430430_e0028.txt,29,../problems/numeric/counters/vanilla/fz_instance_30.pddl,unsolved,2111.48,False,10000,0,0,0
,counters-on-1239739722-stage2-mcts_eval-primary-narrow-w5-i20,counters,stage2,on,1239739722,fixed_narrow_w5,20,20649857,COMPLETED,/home/hersco/training_new_domains/2026-08-27/statistical_replication_stage2_mcts_eval/20649857_Ev_counters_counters_mcts_orig_vh_e.5_c.1_s1239739722_K0_SR10M_src20430430_e0028.txt,30,../problems/numeric/counters/vanilla/fz_instance_31.pddl,unsolved,2159.51,False,10000,0,0,0
,counters-on-1239739722-stage2-mcts_eval-primary-narrow-w5-i20,counters,stage2,on,1239739722,fixed_narrow_w5,20,20649857,COMPLETED,/home/hersco/training_new_domains/2026-08-27/statistical_replication_stage2_mcts_eval/20649857_Ev_counters_counters_mcts_orig_vh_e.5_c.1_s1239739722_K0_SR10M_src20430430_e0028.txt,31,../problems/numeric/counters/vanilla/fz_instance_32.pddl,unsolved,6013.24,False,10000,0,0,0
,counters-on-1239739722-stage2-mcts_eval-primary-narrow-w5-i20,counters,stage2,on,1239739722,fixed_narrow_w5,20,20649857,COMPLETED,/home/hersco/training_new_domains/2026-08-27/statistical_replication_stage2_mcts_eval/20649857_Ev_counters_counters_mcts_orig_vh_e.5_c.1_s1239739722_K0_SR10M_src20430430_e0028.txt,32,../problems/numeric/counters/vanilla/fz_instance_33.pddl,unsolved,6335.72,False,10000,0,0,0
,counters-on-1239739722-stage2-mcts_eval-primary-narrow-w5-i20,counters,stage2,on,1239739722,fixed_narrow_w5,20,20649857,COMPLETED,/home/hersco/training_new_domains/2026-08-27/statistical_replication_stage2_mcts_eval/20649857_Ev_counters_counters_mcts_orig_vh_e.5_c.1_s1239739722_K0_SR10M_src20430430_e0028.txt,33,../problems/numeric/counters/vanilla/fz_instance_34.pddl,unsolved,6343.28,False,10000,0,0,0
,counters-on-1239739722-stage2-mcts_eval-primary-narrow-w5-i20,counters,stage2,on,1239739722,fixed_narrow_w5,20,20649857,COMPLETED,/home/hersco/training_new_domains/2026-08-27/statistical_replication_stage2_mcts_eval/20649857_Ev_counters_counters_mcts_orig_vh_e.5_c.1_s1239739722_K0_SR10M_src20430430_e0028.txt,34,../problems/numeric/counters/vanilla/fz_instance_35.pddl,unsolved,5424.91,False,10000,0,0,0
,counters-on-1239739722-stage2-mcts_eval-primary-narrow-w5-i20,counters,stage2,on,1239739722,fixed_narrow_w5,20,20649857,COMPLETED,/home/hersco/training_new_domains/2026-08-27/statistical_replication_stage2_mcts_eval/20649857_Ev_counters_counters_mcts_orig_vh_e.5_c.1_s1239739722_K0_SR10M_src20430430_e0028.txt,35,../problems/numeric/counters/vanilla/fz_instance_36.pddl,unsolved,5361.06,False,10000,0,0,0
,counters-on-1239739722-stage2-mcts_eval-primary-narrow-w5-i20,counters,stage2,on,1239739722,fixed_narrow_w5,20,20649857,COMPLETED,/home/hersco/training_new_domains/2026-08-27/statistical_replication_stage2_mcts_eval/20649857_Ev_counters_counters_mcts_orig_vh_e.5_c.1_s1239739722_K0_SR10M_src20430430_e0028.txt,36,../problems/numeric/counters/vanilla/fz_instance_37.pddl,unsolved,5075.56,False,10000,0,0,0
,counters-on-1239739722-stage2-mcts_eval-primary-narrow-w5-i20,counters,stage2,on,1239739722,fixed_narrow_w5,20,20649857,COMPLETED,/home/hersco/training_new_domains/2026-08-27/statistical_replication_stage2_mcts_eval/20649857_Ev_counters_counters_mcts_orig_vh_e.5_c.1_s1239739722_K0_SR10M_src20430430_e0028.txt,37,../problems/numeric/counters/vanilla/fz_instance_38.pddl,unsolved,5656.88,False,10000,0,0,0
,counters-on-1239739722-stage2-mcts_eval-primary-narrow-w5-i20,counters,stage2,on,1239739722,fixed_narrow_w5,20,20649857,COMPLETED,/home/hersco/training_new_domains/2026-08-27/statistical_replication_stage2_mcts_eval/20649857_Ev_counters_counters_mcts_orig_vh_e.5_c.1_s1239739722_K0_SR10M_src20430430_e0028.txt,38,../problems/numeric/counters/vanilla/fz_instance_39.pddl,unsolved,5290.15,False,10000,0,0,0
,counters-on-1239739722-stage2-mcts_eval-primary-narrow-w5-i20,counters,stage2,on,1239739722,fixed_narrow_w5,20,20649857,COMPLETED,/home/hersco/training_new_domains/2026-08-27/statistical_replication_stage2_mcts_eval/20649857_Ev_counters_counters_mcts_orig_vh_e.5_c.1_s1239739722_K0_SR10M_src20430430_e0028.txt,39,../problems/numeric/counters/vanilla/fz_instance_40.pddl,unsolved,5302.27,False,10000,0,0,0
,counters-on-1239739722-stage2-mcts_eval-primary-narrow-w5-i20,counters,stage2,on,1239739722,fixed_narrow_w5,20,20649857,COMPLETED,/home/hersco/training_new_domains/2026-08-27/statistical_replication_stage2_mcts_eval/20649857_Ev_counters_counters_mcts_orig_vh_e.5_c.1_s1239739722_K0_SR10M_src20430430_e0028.txt,40,../problems/numeric/counters/vanilla/fz_instance_41.pddl,unsolved,5207.04,False,10000,0,0,0
,counters-on-1239739722-stage2-mcts_eval-primary-narrow-w5-i20,counters,stage2,on,1239739722,fixed_narrow_w5,20,20649857,COMPLETED,/home/hersco/training_new_domains/2026-08-27/statistical_replication_stage2_mcts_eval/20649857_Ev_counters_counters_mcts_orig_vh_e.5_c.1_s1239739722_K0_SR10M_src20430430_e0028.txt,41,../problems/numeric/counters/vanilla/fz_instance_42.pddl,unsolved,6176.71,False,10000,0,0,0
,counters-on-1239739722-stage2-mcts_eval-primary-narrow-w5-i20,counters,stage2,on,1239739722,fixed_narrow_w5,20,20649857,COMPLETED,/home/hersco/training_new_domains/2026-08-27/statistical_replication_stage2_mcts_eval/20649857_Ev_counters_counters_mcts_orig_vh_e.5_c.1_s1239739722_K0_SR10M_src20430430_e0028.txt,42,../problems/numeric/counters/vanilla/fz_instance_43.pddl,unsolved,4778.3,False,10000,0,0,0
,counters-on-1239739722-stage2-mcts_eval-primary-narrow-w5-i20,counters,stage2,on,1239739722,fixed_narrow_w5,20,20649857,COMPLETED,/home/hersco/training_new_domains/2026-08-27/statistical_replication_stage2_mcts_eval/20649857_Ev_counters_counters_mcts_orig_vh_e.5_c.1_s1239739722_K0_SR10M_src20430430_e0028.txt,43,../problems/numeric/counters/vanilla/fz_instance_44.pddl,unsolved,5157.29,False,10000,0,0,0
,counters-on-1239739722-stage2-mcts_eval-primary-narrow-w5-i20,counters,stage2,on,1239739722,fixed_narrow_w5,20,20649857,COMPLETED,/home/hersco/training_new_domains/2026-08-27/statistical_replication_stage2_mcts_eval/20649857_Ev_counters_counters_mcts_orig_vh_e.5_c.1_s1239739722_K0_SR10M_src20430430_e0028.txt,44,../problems/numeric/counters/vanilla/fz_instance_45.pddl,unsolved,4649.44,False,10000,0,0,0
,counters-on-1239739722-stage2-mcts_eval-primary-narrow-w5-i20,counters,stage2,on,1239739722,fixed_narrow_w5,20,20649857,COMPLETED,/home/hersco/training_new_domains/2026-08-27/statistical_replication_stage2_mcts_eval/20649857_Ev_counters_counters_mcts_orig_vh_e.5_c.1_s1239739722_K0_SR10M_src20430430_e0028.txt,45,../problems/numeric/counters/vanilla/fz_instance_46.pddl,unsolved,5211.19,False,10000,0,0,0
,counters-on-1239739722-stage2-mcts_eval-primary-narrow-w5-i20,counters,stage2,on,1239739722,fixed_narrow_w5,20,20649857,COMPLETED,/home/hersco/training_new_domains/2026-08-27/statistical_replication_stage2_mcts_eval/20649857_Ev_counters_counters_mcts_orig_vh_e.5_c.1_s1239739722_K0_SR10M_src20430430_e0028.txt,46,../problems/numeric/counters/vanilla/fz_instance_47.pddl,unsolved,4978.56,False,10000,0,0,0
,counters-on-1239739722-stage2-mcts_eval-primary-narrow-w5-i20,counters,stage2,on,1239739722,fixed_narrow_w5,20,20649857,COMPLETED,/home/hersco/training_new_domains/2026-08-27/statistical_replication_stage2_mcts_eval/20649857_Ev_counters_counters_mcts_orig_vh_e.5_c.1_s1239739722_K0_SR10M_src20430430_e0028.txt,47,../problems/numeric/counters/vanilla/fz_instance_48.pddl,unsolved,6304.33,False,10000,0,0,0
,counters-on-1239739722-stage2-mcts_eval-primary-narrow-w5-i20,counters,stage2,on,1239739722,fixed_narrow_w5,20,20649857,COMPLETED,/home/hersco/training_new_domains/2026-08-27/statistical_replication_stage2_mcts_eval/20649857_Ev_counters_counters_mcts_orig_vh_e.5_c.1_s1239739722_K0_SR10M_src20430430_e0028.txt,48,../problems/numeric/counters/vanilla/fz_instance_49.pddl,unsolved,5141.04,False,10000,0,0,0
,counters-on-1239739722-stage2-mcts_eval-primary-narrow-w5-i20,counters,stage2,on,1239739722,fixed_narrow_w5,20,20649857,COMPLETED,/home/hersco/training_new_domains/2026-08-27/statistical_replication_stage2_mcts_eval/20649857_Ev_counters_counters_mcts_orig_vh_e.5_c.1_s1239739722_K0_SR10M_src20430430_e0028.txt,49,../problems/numeric/counters/vanilla/fz_instance_50.pddl,unsolved,4936.19,False,10000,0,0,0
,counters-on-1239739722-stage2-mcts_eval-primary-narrow-w5-i20,counters,stage2,on,1239739722,fixed_narrow_w5,20,20649857,COMPLETED,/home/hersco/training_new_domains/2026-08-27/statistical_replication_stage2_mcts_eval/20649857_Ev_counters_counters_mcts_orig_vh_e.5_c.1_s1239739722_K0_SR10M_src20430430_e0028.txt,50,../problems/numeric/counters/vanilla/fz_instance_51.pddl,unsolved,5064.66,False,10000,0,0,0
,counters-on-1239739722-stage2-mcts_eval-primary-narrow-w5-i20,counters,stage2,on,1239739722,fixed_narrow_w5,20,20649857,COMPLETED,/home/hersco/training_new_domains/2026-08-27/statistical_replication_stage2_mcts_eval/20649857_Ev_counters_counters_mcts_orig_vh_e.5_c.1_s1239739722_K0_SR10M_src20430430_e0028.txt,51,../problems/numeric/counters/vanilla/fz_instance_52.pddl,unsolved,5429.53,False,10000,0,0,0
,counters-on-1239739722-stage2-mcts_eval-primary-narrow-w5-i20,counters,stage2,on,1239739722,fixed_narrow_w5,20,20649857,COMPLETED,/home/hersco/training_new_domains/2026-08-27/statistical_replication_stage2_mcts_eval/20649857_Ev_counters_counters_mcts_orig_vh_e.5_c.1_s1239739722_K0_SR10M_src20430430_e0028.txt,52,../problems/numeric/counters/vanilla/fz_instance_53.pddl,unsolved,6426.54,False,10000,0,0,0
,counters-on-1239739722-stage2-mcts_eval-primary-narrow-w5-i20,counters,stage2,on,1239739722,fixed_narrow_w5,20,20649857,COMPLETED,/home/hersco/training_new_domains/2026-08-27/statistical_replication_stage2_mcts_eval/20649857_Ev_counters_counters_mcts_orig_vh_e.5_c.1_s1239739722_K0_SR10M_src20430430_e0028.txt,53,../problems/numeric/counters/vanilla/fz_instance_54.pddl,unsolved,5016.75,False,10000,0,0,0
,counters-on-1239739722-stage2-mcts_eval-primary-narrow-w5-i20,counters,stage2,on,1239739722,fixed_narrow_w5,20,20649857,COMPLETED,/home/hersco/training_new_domains/2026-08-27/statistical_replication_stage2_mcts_eval/20649857_Ev_counters_counters_mcts_orig_vh_e.5_c.1_s1239739722_K0_SR10M_src20430430_e0028.txt,54,../problems/numeric/counters/vanilla/fz_instance_55.pddl,unsolved,5592.85,False,10000,0,0,0
,counters-on-1239739722-stage2-mcts_eval-primary-narrow-w5-i20,counters,stage2,on,1239739722,fixed_narrow_w5,20,20649857,COMPLETED,/home/hersco/training_new_domains/2026-08-27/statistical_replication_stage2_mcts_eval/20649857_Ev_counters_counters_mcts_orig_vh_e.5_c.1_s1239739722_K0_SR10M_src20430430_e0028.txt,55,../problems/numeric/counters/vanilla/fz_instance_56.pddl,unsolved,6225.32,False,10000,0,0,0
,counters-on-1239739722-stage2-mcts_eval-primary-narrow-w5-i20,counters,stage2,on,1239739722,fixed_narrow_w5,20,20649857,COMPLETED,/home/hersco/training_new_domains/2026-08-27/statistical_replication_stage2_mcts_eval/20649857_Ev_counters_counters_mcts_orig_vh_e.5_c.1_s1239739722_K0_SR10M_src20430430_e0028.txt,56,../problems/numeric/counters/vanilla/fz_instance_57.pddl,unsolved,5930.58,False,10000,0,0,0
,counters-on-1239739722-stage2-mcts_eval-primary-narrow-w5-i20,counters,stage2,on,1239739722,fixed_narrow_w5,20,20649857,COMPLETED,/home/hersco/training_new_domains/2026-08-27/statistical_replication_stage2_mcts_eval/20649857_Ev_counters_counters_mcts_orig_vh_e.5_c.1_s1239739722_K0_SR10M_src20430430_e0028.txt,57,../problems/numeric/counters/vanilla/fz_instance_58.pddl,unsolved,5656.99,False,10000,0,0,0
,counters-on-1239739722-stage2-mcts_eval-primary-narrow-w5-i20,counters,stage2,on,1239739722,fixed_narrow_w5,20,20649857,COMPLETED,/home/hersco/training_new_domains/2026-08-27/statistical_replication_stage2_mcts_eval/20649857_Ev_counters_counters_mcts_orig_vh_e.5_c.1_s1239739722_K0_SR10M_src20430430_e0028.txt,58,../problems/numeric/counters/vanilla/fz_instance_59.pddl,unsolved,5249.67,False,10000,0,0,0
,counters-on-1239739722-stage2-mcts_eval-primary-narrow-w5-i20,counters,stage2,on,1239739722,fixed_narrow_w5,20,20649857,COMPLETED,/home/hersco/training_new_domains/2026-08-27/statistical_replication_stage2_mcts_eval/20649857_Ev_counters_counters_mcts_orig_vh_e.5_c.1_s1239739722_K0_SR10M_src20430430_e0028.txt,59,../problems/numeric/counters/vanilla/fz_instance_60.pddl,unsolved,4777.2,False,10000,0,0,0
,counters-on-1472491096-stage2-mcts_eval-primary-narrow-w5-i20,counters,stage2,on,1472491096,fixed_narrow_w5,20,20649858,OUT_OF_MEMORY,/home/hersco/training_new_domains/2026-08-27/statistical_replication_stage2_mcts_eval/20649858_Ev_counters_counters_mcts_orig_vh_e.5_c.1_s1472491096_K0_SR10M_src20430431_e0000.txt,1,../problems/numeric/counters/vanilla/fz_instance_2.pddl,success,6.77,True,1,1,1,1
,counters-on-1472491096-stage2-mcts_eval-primary-narrow-w5-i20,counters,stage2,on,1472491096,fixed_narrow_w5,20,20649858,OUT_OF_MEMORY,/home/hersco/training_new_domains/2026-08-27/statistical_replication_stage2_mcts_eval/20649858_Ev_counters_counters_mcts_orig_vh_e.5_c.1_s1472491096_K0_SR10M_src20430431_e0000.txt,2,../problems/numeric/counters/vanilla/fz_instance_3.pddl,success,8.29,True,3,1,1,1
,counters-on-1472491096-stage2-mcts_eval-primary-narrow-w5-i20,counters,stage2,on,1472491096,fixed_narrow_w5,20,20649858,OUT_OF_MEMORY,/home/hersco/training_new_domains/2026-08-27/statistical_replication_stage2_mcts_eval/20649858_Ev_counters_counters_mcts_orig_vh_e.5_c.1_s1472491096_K0_SR10M_src20430431_e0000.txt,3,../problems/numeric/counters/vanilla/fz_instance_4.pddl,success,9.05,True,6,1,1,1
,counters-on-1472491096-stage2-mcts_eval-primary-narrow-w5-i20,counters,stage2,on,1472491096,fixed_narrow_w5,20,20649858,OUT_OF_MEMORY,/home/hersco/training_new_domains/2026-08-27/statistical_replication_stage2_mcts_eval/20649858_Ev_counters_counters_mcts_orig_vh_e.5_c.1_s1472491096_K0_SR10M_src20430431_e0000.txt,4,../problems/numeric/counters/vanilla/fz_instance_5.pddl,success,8.56,True,12,1,1,1
,counters-on-1472491096-stage2-mcts_eval-primary-narrow-w5-i20,counters,stage2,on,1472491096,fixed_narrow_w5,20,20649858,OUT_OF_MEMORY,/home/hersco/training_new_domains/2026-08-27/statistical_replication_stage2_mcts_eval/20649858_Ev_counters_counters_mcts_orig_vh_e.5_c.1_s1472491096_K0_SR10M_src20430431_e0000.txt,5,../problems/numeric/counters/vanilla/fz_instance_6.pddl,success,15.82,True,34,1,1,1
,counters-on-1472491096-stage2-mcts_eval-primary-narrow-w5-i20,counters,stage2,on,1472491096,fixed_narrow_w5,20,20649858,OUT_OF_MEMORY,/home/hersco/training_new_domains/2026-08-27/statistical_replication_stage2_mcts_eval/20649858_Ev_counters_counters_mcts_orig_vh_e.5_c.1_s1472491096_K0_SR10M_src20430431_e0000.txt,6,../problems/numeric/counters/vanilla/fz_instance_7.pddl,success,29.08,True,187,1,1,1
,counters-on-1472491096-stage2-mcts_eval-primary-narrow-w5-i20,counters,stage2,on,1472491096,fixed_narrow_w5,20,20649858,OUT_OF_MEMORY,/home/hersco/training_new_domains/2026-08-27/statistical_replication_stage2_mcts_eval/20649858_Ev_counters_counters_mcts_orig_vh_e.5_c.1_s1472491096_K0_SR10M_src20430431_e0000.txt,7,../problems/numeric/counters/vanilla/fz_instance_8.pddl,success,89.43,True,1484,1,1,1
,counters-on-1472491096-stage2-mcts_eval-primary-narrow-w5-i20,counters,stage2,on,1472491096,fixed_narrow_w5,20,20649858,OUT_OF_MEMORY,/home/hersco/training_new_domains/2026-08-27/statistical_replication_stage2_mcts_eval/20649858_Ev_counters_counters_mcts_orig_vh_e.5_c.1_s1472491096_K0_SR10M_src20430431_e0000.txt,8,../problems/numeric/counters/vanilla/fz_instance_9.pddl,unsolved,379.41,False,10000,0,0,0
,counters-on-1472491096-stage2-mcts_eval-primary-narrow-w5-i20,counters,stage2,on,1472491096,fixed_narrow_w5,20,20649858,OUT_OF_MEMORY,/home/hersco/training_new_domains/2026-08-27/statistical_replication_stage2_mcts_eval/20649858_Ev_counters_counters_mcts_orig_vh_e.5_c.1_s1472491096_K0_SR10M_src20430431_e0000.txt,9,../problems/numeric/counters/vanilla/fz_instance_10.pddl,unsolved,751.05,False,10000,0,0,0
,counters-on-1472491096-stage2-mcts_eval-primary-narrow-w5-i20,counters,stage2,on,1472491096,fixed_narrow_w5,20,20649858,OUT_OF_MEMORY,/home/hersco/training_new_domains/2026-08-27/statistical_replication_stage2_mcts_eval/20649858_Ev_counters_counters_mcts_orig_vh_e.5_c.1_s1472491096_K0_SR10M_src20430431_e0000.txt,10,../problems/numeric/counters/vanilla/fz_instance_11.pddl,unsolved,798.64,False,10000,0,0,0
,counters-on-1472491096-stage2-mcts_eval-primary-narrow-w5-i20,counters,stage2,on,1472491096,fixed_narrow_w5,20,20649858,OUT_OF_MEMORY,/home/hersco/training_new_domains/2026-08-27/statistical_replication_stage2_mcts_eval/20649858_Ev_counters_counters_mcts_orig_vh_e.5_c.1_s1472491096_K0_SR10M_src20430431_e0000.txt,11,../problems/numeric/counters/vanilla/fz_instance_12.pddl,unsolved,724.26,False,10000,0,0,0
,counters-on-1472491096-stage2-mcts_eval-primary-narrow-w5-i20,counters,stage2,on,1472491096,fixed_narrow_w5,20,20649858,OUT_OF_MEMORY,/home/hersco/training_new_domains/2026-08-27/statistical_replication_stage2_mcts_eval/20649858_Ev_counters_counters_mcts_orig_vh_e.5_c.1_s1472491096_K0_SR10M_src20430431_e0000.txt,12,../problems/numeric/counters/vanilla/fz_instance_13.pddl,unsolved,901.09,False,10000,0,0,0
,counters-on-1472491096-stage2-mcts_eval-primary-narrow-w5-i20,counters,stage2,on,1472491096,fixed_narrow_w5,20,20649858,OUT_OF_MEMORY,/home/hersco/training_new_domains/2026-08-27/statistical_replication_stage2_mcts_eval/20649858_Ev_counters_counters_mcts_orig_vh_e.5_c.1_s1472491096_K0_SR10M_src20430431_e0000.txt,13,../problems/numeric/counters/vanilla/fz_instance_14.pddl,unsolved,835.99,False,10000,0,0,0
,counters-on-1472491096-stage2-mcts_eval-primary-narrow-w5-i20,counters,stage2,on,1472491096,fixed_narrow_w5,20,20649858,OUT_OF_MEMORY,/home/hersco/training_new_domains/2026-08-27/statistical_replication_stage2_mcts_eval/20649858_Ev_counters_counters_mcts_orig_vh_e.5_c.1_s1472491096_K0_SR10M_src20430431_e0000.txt,14,../problems/numeric/counters/vanilla/fz_instance_15.pddl,unsolved,797.66,False,10000,0,0,0
,counters-on-1472491096-stage2-mcts_eval-primary-narrow-w5-i20,counters,stage2,on,1472491096,fixed_narrow_w5,20,20649858,OUT_OF_MEMORY,/home/hersco/training_new_domains/2026-08-27/statistical_replication_stage2_mcts_eval/20649858_Ev_counters_counters_mcts_orig_vh_e.5_c.1_s1472491096_K0_SR10M_src20430431_e0000.txt,15,../problems/numeric/counters/vanilla/fz_instance_16.pddl,unsolved,1137.86,False,10000,0,0,0
,counters-on-1472491096-stage2-mcts_eval-primary-narrow-w5-i20,counters,stage2,on,1472491096,fixed_narrow_w5,20,20649858,OUT_OF_MEMORY,/home/hersco/training_new_domains/2026-08-27/statistical_replication_stage2_mcts_eval/20649858_Ev_counters_counters_mcts_orig_vh_e.5_c.1_s1472491096_K0_SR10M_src20430431_e0000.txt,16,../problems/numeric/counters/vanilla/fz_instance_17.pddl,unsolved,936.4,False,10000,0,0,0
,counters-on-1472491096-stage2-mcts_eval-primary-narrow-w5-i20,counters,stage2,on,1472491096,fixed_narrow_w5,20,20649858,OUT_OF_MEMORY,/home/hersco/training_new_domains/2026-08-27/statistical_replication_stage2_mcts_eval/20649858_Ev_counters_counters_mcts_orig_vh_e.5_c.1_s1472491096_K0_SR10M_src20430431_e0000.txt,17,../problems/numeric/counters/vanilla/fz_instance_18.pddl,unsolved,1295.98,False,10000,0,0,0
,counters-on-1472491096-stage2-mcts_eval-primary-narrow-w5-i20,counters,stage2,on,1472491096,fixed_narrow_w5,20,20649858,OUT_OF_MEMORY,/home/hersco/training_new_domains/2026-08-27/statistical_replication_stage2_mcts_eval/20649858_Ev_counters_counters_mcts_orig_vh_e.5_c.1_s1472491096_K0_SR10M_src20430431_e0000.txt,18,../problems/numeric/counters/vanilla/fz_instance_19.pddl,unsolved,996.67,False,10000,0,0,0
,counters-on-1472491096-stage2-mcts_eval-primary-narrow-w5-i20,counters,stage2,on,1472491096,fixed_narrow_w5,20,20649858,OUT_OF_MEMORY,/home/hersco/training_new_domains/2026-08-27/statistical_replication_stage2_mcts_eval/20649858_Ev_counters_counters_mcts_orig_vh_e.5_c.1_s1472491096_K0_SR10M_src20430431_e0000.txt,19,../problems/numeric/counters/vanilla/fz_instance_20.pddl,unsolved,1271.91,False,10000,0,0,0
,counters-on-1472491096-stage2-mcts_eval-primary-narrow-w5-i20,counters,stage2,on,1472491096,fixed_narrow_w5,20,20649858,OUT_OF_MEMORY,/home/hersco/training_new_domains/2026-08-27/statistical_replication_stage2_mcts_eval/20649858_Ev_counters_counters_mcts_orig_vh_e.5_c.1_s1472491096_K0_SR10M_src20430431_e0000.txt,20,../problems/numeric/counters/vanilla/fz_instance_21.pddl,unsolved,1018.42,False,10000,0,0,0
,counters-on-1472491096-stage2-mcts_eval-primary-narrow-w5-i20,counters,stage2,on,1472491096,fixed_narrow_w5,20,20649858,OUT_OF_MEMORY,/home/hersco/training_new_domains/2026-08-27/statistical_replication_stage2_mcts_eval/20649858_Ev_counters_counters_mcts_orig_vh_e.5_c.1_s1472491096_K0_SR10M_src20430431_e0000.txt,21,../problems/numeric/counters/vanilla/fz_instance_22.pddl,unsolved,1178.1,False,10000,0,0,0
,counters-on-1472491096-stage2-mcts_eval-primary-narrow-w5-i20,counters,stage2,on,1472491096,fixed_narrow_w5,20,20649858,OUT_OF_MEMORY,/home/hersco/training_new_domains/2026-08-27/statistical_replication_stage2_mcts_eval/20649858_Ev_counters_counters_mcts_orig_vh_e.5_c.1_s1472491096_K0_SR10M_src20430431_e0000.txt,22,../problems/numeric/counters/vanilla/fz_instance_23.pddl,unsolved,1254.25,False,10000,0,0,0
,counters-on-1472491096-stage2-mcts_eval-primary-narrow-w5-i20,counters,stage2,on,1472491096,fixed_narrow_w5,20,20649858,OUT_OF_MEMORY,/home/hersco/training_new_domains/2026-08-27/statistical_replication_stage2_mcts_eval/20649858_Ev_counters_counters_mcts_orig_vh_e.5_c.1_s1472491096_K0_SR10M_src20430431_e0000.txt,23,../problems/numeric/counters/vanilla/fz_instance_24.pddl,unsolved,1499.36,False,10000,0,0,0
,counters-on-1472491096-stage2-mcts_eval-primary-narrow-w5-i20,counters,stage2,on,1472491096,fixed_narrow_w5,20,20649858,OUT_OF_MEMORY,/home/hersco/training_new_domains/2026-08-27/statistical_replication_stage2_mcts_eval/20649858_Ev_counters_counters_mcts_orig_vh_e.5_c.1_s1472491096_K0_SR10M_src20430431_e0000.txt,24,../problems/numeric/counters/vanilla/fz_instance_25.pddl,unsolved,1314.48,False,10000,0,0,0
,counters-on-1472491096-stage2-mcts_eval-primary-narrow-w5-i20,counters,stage2,on,1472491096,fixed_narrow_w5,20,20649858,OUT_OF_MEMORY,/home/hersco/training_new_domains/2026-08-27/statistical_replication_stage2_mcts_eval/20649858_Ev_counters_counters_mcts_orig_vh_e.5_c.1_s1472491096_K0_SR10M_src20430431_e0000.txt,25,../problems/numeric/counters/vanilla/fz_instance_26.pddl,unsolved,1918.45,False,10000,0,0,0
,counters-on-1472491096-stage2-mcts_eval-primary-narrow-w5-i20,counters,stage2,on,1472491096,fixed_narrow_w5,20,20649858,OUT_OF_MEMORY,/home/hersco/training_new_domains/2026-08-27/statistical_replication_stage2_mcts_eval/20649858_Ev_counters_counters_mcts_orig_vh_e.5_c.1_s1472491096_K0_SR10M_src20430431_e0000.txt,26,../problems/numeric/counters/vanilla/fz_instance_27.pddl,unsolved,2305.45,False,10000,0,0,0
,counters-on-1472491096-stage2-mcts_eval-primary-narrow-w5-i20,counters,stage2,on,1472491096,fixed_narrow_w5,20,20649858,OUT_OF_MEMORY,/home/hersco/training_new_domains/2026-08-27/statistical_replication_stage2_mcts_eval/20649858_Ev_counters_counters_mcts_orig_vh_e.5_c.1_s1472491096_K0_SR10M_src20430431_e0000.txt,27,../problems/numeric/counters/vanilla/fz_instance_28.pddl,unsolved,2919.38,False,10000,0,0,0
,counters-on-1472491096-stage2-mcts_eval-primary-narrow-w5-i20,counters,stage2,on,1472491096,fixed_narrow_w5,20,20649858,OUT_OF_MEMORY,/home/hersco/training_new_domains/2026-08-27/statistical_replication_stage2_mcts_eval/20649858_Ev_counters_counters_mcts_orig_vh_e.5_c.1_s1472491096_K0_SR10M_src20430431_e0000.txt,28,../problems/numeric/counters/vanilla/fz_instance_29.pddl,unsolved,3576.55,False,10000,0,0,0
,counters-on-1472491096-stage2-mcts_eval-primary-narrow-w5-i20,counters,stage2,on,1472491096,fixed_narrow_w5,20,20649858,OUT_OF_MEMORY,/home/hersco/training_new_domains/2026-08-27/statistical_replication_stage2_mcts_eval/20649858_Ev_counters_counters_mcts_orig_vh_e.5_c.1_s1472491096_K0_SR10M_src20430431_e0000.txt,29,../problems/numeric/counters/vanilla/fz_instance_30.pddl,unsolved,4832.82,False,10000,0,0,0
,counters-on-1472491096-stage2-mcts_eval-primary-narrow-w5-i20,counters,stage2,on,1472491096,fixed_narrow_w5,20,20649858,OUT_OF_MEMORY,/home/hersco/training_new_domains/2026-08-27/statistical_replication_stage2_mcts_eval/20649858_Ev_counters_counters_mcts_orig_vh_e.5_c.1_s1472491096_K0_SR10M_src20430431_e0000.txt,30,../problems/numeric/counters/vanilla/fz_instance_31.pddl,unsolved,4745.25,False,10000,0,0,0
,counters-on-1472491096-stage2-mcts_eval-primary-narrow-w5-i20,counters,stage2,on,1472491096,fixed_narrow_w5,20,20649858,OUT_OF_MEMORY,/home/hersco/training_new_domains/2026-08-27/statistical_replication_stage2_mcts_eval/20649858_Ev_counters_counters_mcts_orig_vh_e.5_c.1_s1472491096_K0_SR10M_src20430431_e0000.txt,31,../problems/numeric/counters/vanilla/fz_instance_32.pddl,unsolved,6897.34,False,10000,0,0,0
,counters-on-1472491096-stage2-mcts_eval-primary-narrow-w5-i20,counters,stage2,on,1472491096,fixed_narrow_w5,20,20649858,OUT_OF_MEMORY,/home/hersco/training_new_domains/2026-08-27/statistical_replication_stage2_mcts_eval/20649858_Ev_counters_counters_mcts_orig_vh_e.5_c.1_s1472491096_K0_SR10M_src20430431_e0000.txt,32,../problems/numeric/counters/vanilla/fz_instance_33.pddl,unsolved,7947.5,False,10000,0,0,0
,counters-on-1472491096-stage2-mcts_eval-primary-narrow-w5-i20,counters,stage2,on,1472491096,fixed_narrow_w5,20,20649858,OUT_OF_MEMORY,/home/hersco/training_new_domains/2026-08-27/statistical_replication_stage2_mcts_eval/20649858_Ev_counters_counters_mcts_orig_vh_e.5_c.1_s1472491096_K0_SR10M_src20430431_e0000.txt,33,../problems/numeric/counters/vanilla/fz_instance_34.pddl,unsolved,7249.19,False,10000,0,0,0
,counters-on-1472491096-stage2-mcts_eval-primary-narrow-w5-i20,counters,stage2,on,1472491096,fixed_narrow_w5,20,20649858,OUT_OF_MEMORY,/home/hersco/training_new_domains/2026-08-27/statistical_replication_stage2_mcts_eval/20649858_Ev_counters_counters_mcts_orig_vh_e.5_c.1_s1472491096_K0_SR10M_src20430431_e0000.txt,34,../problems/numeric/counters/vanilla/fz_instance_35.pddl,unsolved,8967.8,False,10000,0,0,0
,counters-on-1472491096-stage2-mcts_eval-primary-narrow-w5-i20,counters,stage2,on,1472491096,fixed_narrow_w5,20,20649858,OUT_OF_MEMORY,/home/hersco/training_new_domains/2026-08-27/statistical_replication_stage2_mcts_eval/20649858_Ev_counters_counters_mcts_orig_vh_e.5_c.1_s1472491096_K0_SR10M_src20430431_e0000.txt,35,../problems/numeric/counters/vanilla/fz_instance_36.pddl,unsolved,10356.61,False,10000,0,0,0
,counters-on-1472491096-stage2-mcts_eval-primary-narrow-w5-i20,counters,stage2,on,1472491096,fixed_narrow_w5,20,20649858,OUT_OF_MEMORY,/home/hersco/training_new_domains/2026-08-27/statistical_replication_stage2_mcts_eval/20649858_Ev_counters_counters_mcts_orig_vh_e.5_c.1_s1472491096_K0_SR10M_src20430431_e0000.txt,36,../problems/numeric/counters/vanilla/fz_instance_37.pddl,unsolved,9944.1,False,10000,0,0,0
,counters-on-1472491096-stage2-mcts_eval-primary-narrow-w5-i20,counters,stage2,on,1472491096,fixed_narrow_w5,20,20649858,OUT_OF_MEMORY,/home/hersco/training_new_domains/2026-08-27/statistical_replication_stage2_mcts_eval/20649858_Ev_counters_counters_mcts_orig_vh_e.5_c.1_s1472491096_K0_SR10M_src20430431_e0000.txt,37,../problems/numeric/counters/vanilla/fz_instance_38.pddl,unsolved,11977.4,False,10000,0,0,0
,counters-on-1472491096-stage2-mcts_eval-primary-narrow-w5-i20,counters,stage2,on,1472491096,fixed_narrow_w5,20,20649858,OUT_OF_MEMORY,/home/hersco/training_new_domains/2026-08-27/statistical_replication_stage2_mcts_eval/20649858_Ev_counters_counters_mcts_orig_vh_e.5_c.1_s1472491096_K0_SR10M_src20430431_e0000.txt,38,../problems/numeric/counters/vanilla/fz_instance_39.pddl,unsolved,13341.03,False,10000,0,0,0
,counters-on-1472491096-stage2-mcts_eval-primary-narrow-w5-i20,counters,stage2,on,1472491096,fixed_narrow_w5,20,20649858,OUT_OF_MEMORY,/home/hersco/training_new_domains/2026-08-27/statistical_replication_stage2_mcts_eval/20649858_Ev_counters_counters_mcts_orig_vh_e.5_c.1_s1472491096_K0_SR10M_src20430431_e0000.txt,39,../problems/numeric/counters/vanilla/fz_instance_40.pddl,unsolved,18010.91,False,10000,0,0,0
,counters-on-1472491096-stage2-mcts_eval-primary-narrow-w5-i20,counters,stage2,on,1472491096,fixed_narrow_w5,20,20649858,OUT_OF_MEMORY,/home/hersco/training_new_domains/2026-08-27/statistical_replication_stage2_mcts_eval/20649858_Ev_counters_counters_mcts_orig_vh_e.5_c.1_s1472491096_K0_SR10M_src20430431_e0000.txt,40,../problems/numeric/counters/vanilla/fz_instance_41.pddl,unsolved,18721.38,False,10000,0,0,0
,counters-on-1472491096-stage2-mcts_eval-primary-narrow-w5-i20,counters,stage2,on,1472491096,fixed_narrow_w5,20,20649858,OUT_OF_MEMORY,/home/hersco/training_new_domains/2026-08-27/statistical_replication_stage2_mcts_eval/20649858_Ev_counters_counters_mcts_orig_vh_e.5_c.1_s1472491096_K0_SR10M_src20430431_e0000.txt,41,../problems/numeric/counters/vanilla/fz_instance_42.pddl,unsolved,11952.43,False,10000,0,0,0
,counters-on-1472491096-stage2-mcts_eval-primary-narrow-w5-i20,counters,stage2,on,1472491096,fixed_narrow_w5,20,20649858,OUT_OF_MEMORY,/home/hersco/training_new_domains/2026-08-27/statistical_replication_stage2_mcts_eval/20649858_Ev_counters_counters_mcts_orig_vh_e.5_c.1_s1472491096_K0_SR10M_src20430431_e0000.txt,42,../problems/numeric/counters/vanilla/fz_instance_43.pddl,unsolved,13381.44,False,10000,0,0,0
,counters-on-1472491096-stage2-mcts_eval-primary-narrow-w5-i20,counters,stage2,on,1472491096,fixed_narrow_w5,20,20649858,OUT_OF_MEMORY,/home/hersco/training_new_domains/2026-08-27/statistical_replication_stage2_mcts_eval/20649858_Ev_counters_counters_mcts_orig_vh_e.5_c.1_s1472491096_K0_SR10M_src20430431_e0000.txt,43,../problems/numeric/counters/vanilla/fz_instance_44.pddl,unsolved,17183.9,False,10000,0,0,0
,counters-on-1472491096-stage2-mcts_eval-primary-narrow-w5-i20,counters,stage2,on,1472491096,fixed_narrow_w5,20,20649858,OUT_OF_MEMORY,/home/hersco/training_new_domains/2026-08-27/statistical_replication_stage2_mcts_eval/20649858_Ev_counters_counters_mcts_orig_vh_e.5_c.1_s1472491096_K0_SR10M_src20430431_e0000.txt,44,../problems/numeric/counters/vanilla/fz_instance_45.pddl,unsolved,21143.36,False,10000,0,0,0
,counters-on-1472491096-stage2-mcts_eval-primary-narrow-w5-i20,counters,stage2,on,1472491096,fixed_narrow_w5,20,20649858,OUT_OF_MEMORY,/home/hersco/training_new_domains/2026-08-27/statistical_replication_stage2_mcts_eval/20649858_Ev_counters_counters_mcts_orig_vh_e.5_c.1_s1472491096_K0_SR10M_src20430431_e0000.txt,45,../problems/numeric/counters/vanilla/fz_instance_46.pddl,timeout,21600.0,False,-1,0,0,0
,counters-on-1472491096-stage2-mcts_eval-primary-narrow-w5-i20,counters,stage2,on,1472491096,fixed_narrow_w5,20,20649858,OUT_OF_MEMORY,/home/hersco/training_new_domains/2026-08-27/statistical_replication_stage2_mcts_eval/20649858_Ev_counters_counters_mcts_orig_vh_e.5_c.1_s1472491096_K0_SR10M_src20430431_e0000.txt,47,../problems/numeric/counters/vanilla/fz_instance_48.pddl,timeout,21600.0,False,-1,0,0,0
,counters-on-1472491096-stage2-mcts_eval-primary-narrow-w5-i20,counters,stage2,on,1472491096,fixed_narrow_w5,20,20649858,OUT_OF_MEMORY,/home/hersco/training_new_domains/2026-08-27/statistical_replication_stage2_mcts_eval/20649858_Ev_counters_counters_mcts_orig_vh_e.5_c.1_s1472491096_K0_SR10M_src20430431_e0000.txt,48,../problems/numeric/counters/vanilla/fz_instance_49.pddl,timeout,21600.0,False,-1,0,0,0
,counters-on-1472491096-stage2-mcts_eval-primary-narrow-w5-i20,counters,stage2,on,1472491096,fixed_narrow_w5,20,20649858,OUT_OF_MEMORY,/home/hersco/training_new_domains/2026-08-27/statistical_replication_stage2_mcts_eval/20649858_Ev_counters_counters_mcts_orig_vh_e.5_c.1_s1472491096_K0_SR10M_src20430431_e0000.txt,49,../problems/numeric/counters/vanilla/fz_instance_50.pddl,timeout,21600.0,False,-1,0,0,0
,counters-on-1472491096-stage2-mcts_eval-primary-narrow-w5-i20,counters,stage2,on,1472491096,fixed_narrow_w5,20,20649858,OUT_OF_MEMORY,/home/hersco/training_new_domains/2026-08-27/statistical_replication_stage2_mcts_eval/20649858_Ev_counters_counters_mcts_orig_vh_e.5_c.1_s1472491096_K0_SR10M_src20430431_e0000.txt,50,../problems/numeric/counters/vanilla/fz_instance_51.pddl,timeout,21600.0,False,-1,0,0,0
,counters-on-1472491096-stage2-mcts_eval-primary-narrow-w5-i20,counters,stage2,on,1472491096,fixed_narrow_w5,20,20649858,OUT_OF_MEMORY,/home/hersco/training_new_domains/2026-08-27/statistical_replication_stage2_mcts_eval/20649858_Ev_counters_counters_mcts_orig_vh_e.5_c.1_s1472491096_K0_SR10M_src20430431_e0000.txt,51,../problems/numeric/counters/vanilla/fz_instance_52.pddl,timeout,21600.0,False,-1,0,0,0
,counters-on-1472491096-stage2-mcts_eval-primary-narrow-w5-i20,counters,stage2,on,1472491096,fixed_narrow_w5,20,20649858,OUT_OF_MEMORY,/home/hersco/training_new_domains/2026-08-27/statistical_replication_stage2_mcts_eval/20649858_Ev_counters_counters_mcts_orig_vh_e.5_c.1_s1472491096_K0_SR10M_src20430431_e0000.txt,52,../problems/numeric/counters/vanilla/fz_instance_53.pddl,timeout,21600.0,False,-1,0,0,0
,counters-on-1472491096-stage2-mcts_eval-primary-narrow-w5-i20,counters,stage2,on,1472491096,fixed_narrow_w5,20,20649858,OUT_OF_MEMORY,/home/hersco/training_new_domains/2026-08-27/statistical_replication_stage2_mcts_eval/20649858_Ev_counters_counters_mcts_orig_vh_e.5_c.1_s1472491096_K0_SR10M_src20430431_e0000.txt,53,../problems/numeric/counters/vanilla/fz_instance_54.pddl,timeout,21600.0,False,-1,0,0,0
,counters-on-1472491096-stage2-mcts_eval-primary-narrow-w5-i20,counters,stage2,on,1472491096,fixed_narrow_w5,20,20649858,OUT_OF_MEMORY,/home/hersco/training_new_domains/2026-08-27/statistical_replication_stage2_mcts_eval/20649858_Ev_counters_counters_mcts_orig_vh_e.5_c.1_s1472491096_K0_SR10M_src20430431_e0000.txt,54,../problems/numeric/counters/vanilla/fz_instance_55.pddl,timeout,21600.0,False,-1,0,0,0
,counters-on-1472491096-stage2-mcts_eval-primary-narrow-w5-i20,counters,stage2,on,1472491096,fixed_narrow_w5,20,20649858,OUT_OF_MEMORY,/home/hersco/training_new_domains/2026-08-27/statistical_replication_stage2_mcts_eval/20649858_Ev_counters_counters_mcts_orig_vh_e.5_c.1_s1472491096_K0_SR10M_src20430431_e0000.txt,55,../problems/numeric/counters/vanilla/fz_instance_56.pddl,timeout,21600.0,False,-1,0,0,0
,counters-on-1472491096-stage2-mcts_eval-primary-narrow-w5-i20,counters,stage2,on,1472491096,fixed_narrow_w5,20,20649858,OUT_OF_MEMORY,/home/hersco/training_new_domains/2026-08-27/statistical_replication_stage2_mcts_eval/20649858_Ev_counters_counters_mcts_orig_vh_e.5_c.1_s1472491096_K0_SR10M_src20430431_e0000.txt,56,../problems/numeric/counters/vanilla/fz_instance_57.pddl,timeout,21600.0,False,-1,0,0,0
,counters-on-1472491096-stage2-mcts_eval-primary-narrow-w5-i20,counters,stage2,on,1472491096,fixed_narrow_w5,20,20649858,OUT_OF_MEMORY,/home/hersco/training_new_domains/2026-08-27/statistical_replication_stage2_mcts_eval/20649858_Ev_counters_counters_mcts_orig_vh_e.5_c.1_s1472491096_K0_SR10M_src20430431_e0000.txt,57,../problems/numeric/counters/vanilla/fz_instance_58.pddl,timeout,21600.0,False,-1,0,0,0
,counters-on-1472491096-stage2-mcts_eval-primary-narrow-w5-i20,counters,stage2,on,1472491096,fixed_narrow_w5,20,20649858,OUT_OF_MEMORY,/home/hersco/training_new_domains/2026-08-27/statistical_replication_stage2_mcts_eval/20649858_Ev_counters_counters_mcts_orig_vh_e.5_c.1_s1472491096_K0_SR10M_src20430431_e0000.txt,58,../problems/numeric/counters/vanilla/fz_instance_59.pddl,timeout,21600.0,False,-1,0,0,0
,counters-on-1472491096-stage2-mcts_eval-primary-narrow-w5-i20,counters,stage2,on,1472491096,fixed_narrow_w5,20,20649858,OUT_OF_MEMORY,/home/hersco/training_new_domains/2026-08-27/statistical_replication_stage2_mcts_eval/20649858_Ev_counters_counters_mcts_orig_vh_e.5_c.1_s1472491096_K0_SR10M_src20430431_e0000.txt,59,../problems/numeric/counters/vanilla/fz_instance_60.pddl,timeout,21600.0,False,-1,0,0,0
,counters-on-534933607-stage2-mcts_eval-primary-narrow-w5-i20,counters,stage2,on,534933607,fixed_narrow_w5,20,20649859,COMPLETED,/home/hersco/training_new_domains/2026-08-27/statistical_replication_stage2_mcts_eval/20649859_Ev_counters_counters_mcts_orig_vh_e.5_c.1_s534933607_K0_SR10M_src20430432_e0002.txt,1,../problems/numeric/counters/vanilla/fz_instance_2.pddl,success,7.03,True,1,1,1,1
,counters-on-534933607-stage2-mcts_eval-primary-narrow-w5-i20,counters,stage2,on,534933607,fixed_narrow_w5,20,20649859,COMPLETED,/home/hersco/training_new_domains/2026-08-27/statistical_replication_stage2_mcts_eval/20649859_Ev_counters_counters_mcts_orig_vh_e.5_c.1_s534933607_K0_SR10M_src20430432_e0002.txt,2,../problems/numeric/counters/vanilla/fz_instance_3.pddl,success,7.53,True,3,1,1,1
,counters-on-534933607-stage2-mcts_eval-primary-narrow-w5-i20,counters,stage2,on,534933607,fixed_narrow_w5,20,20649859,COMPLETED,/home/hersco/training_new_domains/2026-08-27/statistical_replication_stage2_mcts_eval/20649859_Ev_counters_counters_mcts_orig_vh_e.5_c.1_s534933607_K0_SR10M_src20430432_e0002.txt,3,../problems/numeric/counters/vanilla/fz_instance_4.pddl,success,8.79,True,6,1,1,1
,counters-on-534933607-stage2-mcts_eval-primary-narrow-w5-i20,counters,stage2,on,534933607,fixed_narrow_w5,20,20649859,COMPLETED,/home/hersco/training_new_domains/2026-08-27/statistical_replication_stage2_mcts_eval/20649859_Ev_counters_counters_mcts_orig_vh_e.5_c.1_s534933607_K0_SR10M_src20430432_e0002.txt,4,../problems/numeric/counters/vanilla/fz_instance_5.pddl,success,8.29,True,10,1,1,1
,counters-on-534933607-stage2-mcts_eval-primary-narrow-w5-i20,counters,stage2,on,534933607,fixed_narrow_w5,20,20649859,COMPLETED,/home/hersco/training_new_domains/2026-08-27/statistical_replication_stage2_mcts_eval/20649859_Ev_counters_counters_mcts_orig_vh_e.5_c.1_s534933607_K0_SR10M_src20430432_e0002.txt,5,../problems/numeric/counters/vanilla/fz_instance_6.pddl,success,9.29,True,15,1,1,1
,counters-on-534933607-stage2-mcts_eval-primary-narrow-w5-i20,counters,stage2,on,534933607,fixed_narrow_w5,20,20649859,COMPLETED,/home/hersco/training_new_domains/2026-08-27/statistical_replication_stage2_mcts_eval/20649859_Ev_counters_counters_mcts_orig_vh_e.5_c.1_s534933607_K0_SR10M_src20430432_e0002.txt,6,../problems/numeric/counters/vanilla/fz_instance_7.pddl,success,10.8,True,21,1,1,1
,counters-on-534933607-stage2-mcts_eval-primary-narrow-w5-i20,counters,stage2,on,534933607,fixed_narrow_w5,20,20649859,COMPLETED,/home/hersco/training_new_domains/2026-08-27/statistical_replication_stage2_mcts_eval/20649859_Ev_counters_counters_mcts_orig_vh_e.5_c.1_s534933607_K0_SR10M_src20430432_e0002.txt,7,../problems/numeric/counters/vanilla/fz_instance_8.pddl,success,12.55,True,28,1,1,1
,counters-on-534933607-stage2-mcts_eval-primary-narrow-w5-i20,counters,stage2,on,534933607,fixed_narrow_w5,20,20649859,COMPLETED,/home/hersco/training_new_domains/2026-08-27/statistical_replication_stage2_mcts_eval/20649859_Ev_counters_counters_mcts_orig_vh_e.5_c.1_s534933607_K0_SR10M_src20430432_e0002.txt,8,../problems/numeric/counters/vanilla/fz_instance_9.pddl,success,15.55,True,36,1,1,1
,counters-on-534933607-stage2-mcts_eval-primary-narrow-w5-i20,counters,stage2,on,534933607,fixed_narrow_w5,20,20649859,COMPLETED,/home/hersco/training_new_domains/2026-08-27/statistical_replication_stage2_mcts_eval/20649859_Ev_counters_counters_mcts_orig_vh_e.5_c.1_s534933607_K0_SR10M_src20430432_e0002.txt,9,../problems/numeric/counters/vanilla/fz_instance_10.pddl,success,16.8,True,45,1,1,1
,counters-on-534933607-stage2-mcts_eval-primary-narrow-w5-i20,counters,stage2,on,534933607,fixed_narrow_w5,20,20649859,COMPLETED,/home/hersco/training_new_domains/2026-08-27/statistical_replication_stage2_mcts_eval/20649859_Ev_counters_counters_mcts_orig_vh_e.5_c.1_s534933607_K0_SR10M_src20430432_e0002.txt,10,../problems/numeric/counters/vanilla/fz_instance_11.pddl,success,20.31,True,55,1,1,1
,counters-on-534933607-stage2-mcts_eval-primary-narrow-w5-i20,counters,stage2,on,534933607,fixed_narrow_w5,20,20649859,COMPLETED,/home/hersco/training_new_domains/2026-08-27/statistical_replication_stage2_mcts_eval/20649859_Ev_counters_counters_mcts_orig_vh_e.5_c.1_s534933607_K0_SR10M_src20430432_e0002.txt,11,../problems/numeric/counters/vanilla/fz_instance_12.pddl,success,22.57,True,66,1,1,1
,counters-on-534933607-stage2-mcts_eval-primary-narrow-w5-i20,counters,stage2,on,534933607,fixed_narrow_w5,20,20649859,COMPLETED,/home/hersco/training_new_domains/2026-08-27/statistical_replication_stage2_mcts_eval/20649859_Ev_counters_counters_mcts_orig_vh_e.5_c.1_s534933607_K0_SR10M_src20430432_e0002.txt,12,../problems/numeric/counters/vanilla/fz_instance_13.pddl,success,28.07,True,78,1,1,1
,counters-on-534933607-stage2-mcts_eval-primary-narrow-w5-i20,counters,stage2,on,534933607,fixed_narrow_w5,20,20649859,COMPLETED,/home/hersco/training_new_domains/2026-08-27/statistical_replication_stage2_mcts_eval/20649859_Ev_counters_counters_mcts_orig_vh_e.5_c.1_s534933607_K0_SR10M_src20430432_e0002.txt,13,../problems/numeric/counters/vanilla/fz_instance_14.pddl,success,31.32,True,91,1,1,1
,counters-on-534933607-stage2-mcts_eval-primary-narrow-w5-i20,counters,stage2,on,534933607,fixed_narrow_w5,20,20649859,COMPLETED,/home/hersco/training_new_domains/2026-08-27/statistical_replication_stage2_mcts_eval/20649859_Ev_counters_counters_mcts_orig_vh_e.5_c.1_s534933607_K0_SR10M_src20430432_e0002.txt,14,../problems/numeric/counters/vanilla/fz_instance_15.pddl,success,38.09,True,105,1,1,1
,counters-on-534933607-stage2-mcts_eval-primary-narrow-w5-i20,counters,stage2,on,534933607,fixed_narrow_w5,20,20649859,COMPLETED,/home/hersco/training_new_domains/2026-08-27/statistical_replication_stage2_mcts_eval/20649859_Ev_counters_counters_mcts_orig_vh_e.5_c.1_s534933607_K0_SR10M_src20430432_e0002.txt,15,../problems/numeric/counters/vanilla/fz_instance_16.pddl,success,43.12,True,120,1,1,1
,counters-on-534933607-stage2-mcts_eval-primary-narrow-w5-i20,counters,stage2,on,534933607,fixed_narrow_w5,20,20649859,COMPLETED,/home/hersco/training_new_domains/2026-08-27/statistical_replication_stage2_mcts_eval/20649859_Ev_counters_counters_mcts_orig_vh_e.5_c.1_s534933607_K0_SR10M_src20430432_e0002.txt,16,../problems/numeric/counters/vanilla/fz_instance_17.pddl,success,50.63,True,136,1,1,1
,counters-on-534933607-stage2-mcts_eval-primary-narrow-w5-i20,counters,stage2,on,534933607,fixed_narrow_w5,20,20649859,COMPLETED,/home/hersco/training_new_domains/2026-08-27/statistical_replication_stage2_mcts_eval/20649859_Ev_counters_counters_mcts_orig_vh_e.5_c.1_s534933607_K0_SR10M_src20430432_e0002.txt,17,../problems/numeric/counters/vanilla/fz_instance_18.pddl,success,59.62,True,153,1,1,1
,counters-on-534933607-stage2-mcts_eval-primary-narrow-w5-i20,counters,stage2,on,534933607,fixed_narrow_w5,20,20649859,COMPLETED,/home/hersco/training_new_domains/2026-08-27/statistical_replication_stage2_mcts_eval/20649859_Ev_counters_counters_mcts_orig_vh_e.5_c.1_s534933607_K0_SR10M_src20430432_e0002.txt,18,../problems/numeric/counters/vanilla/fz_instance_19.pddl,success,70.14,True,171,1,1,1
,counters-on-534933607-stage2-mcts_eval-primary-narrow-w5-i20,counters,stage2,on,534933607,fixed_narrow_w5,20,20649859,COMPLETED,/home/hersco/training_new_domains/2026-08-27/statistical_replication_stage2_mcts_eval/20649859_Ev_counters_counters_mcts_orig_vh_e.5_c.1_s534933607_K0_SR10M_src20430432_e0002.txt,19,../problems/numeric/counters/vanilla/fz_instance_20.pddl,success,80.14,True,190,1,1,1
,counters-on-534933607-stage2-mcts_eval-primary-narrow-w5-i20,counters,stage2,on,534933607,fixed_narrow_w5,20,20649859,COMPLETED,/home/hersco/training_new_domains/2026-08-27/statistical_replication_stage2_mcts_eval/20649859_Ev_counters_counters_mcts_orig_vh_e.5_c.1_s534933607_K0_SR10M_src20430432_e0002.txt,20,../problems/numeric/counters/vanilla/fz_instance_21.pddl,success,94.16,True,210,1,1,1
,counters-on-534933607-stage2-mcts_eval-primary-narrow-w5-i20,counters,stage2,on,534933607,fixed_narrow_w5,20,20649859,COMPLETED,/home/hersco/training_new_domains/2026-08-27/statistical_replication_stage2_mcts_eval/20649859_Ev_counters_counters_mcts_orig_vh_e.5_c.1_s534933607_K0_SR10M_src20430432_e0002.txt,21,../problems/numeric/counters/vanilla/fz_instance_22.pddl,success,108.98,True,231,1,1,1
,counters-on-534933607-stage2-mcts_eval-primary-narrow-w5-i20,counters,stage2,on,534933607,fixed_narrow_w5,20,20649859,COMPLETED,/home/hersco/training_new_domains/2026-08-27/statistical_replication_stage2_mcts_eval/20649859_Ev_counters_counters_mcts_orig_vh_e.5_c.1_s534933607_K0_SR10M_src20430432_e0002.txt,22,../problems/numeric/counters/vanilla/fz_instance_23.pddl,success,127.01,True,253,1,1,1
,counters-on-534933607-stage2-mcts_eval-primary-narrow-w5-i20,counters,stage2,on,534933607,fixed_narrow_w5,20,20649859,COMPLETED,/home/hersco/training_new_domains/2026-08-27/statistical_replication_stage2_mcts_eval/20649859_Ev_counters_counters_mcts_orig_vh_e.5_c.1_s534933607_K0_SR10M_src20430432_e0002.txt,23,../problems/numeric/counters/vanilla/fz_instance_24.pddl,success,141.49,True,276,1,1,1
,counters-on-534933607-stage2-mcts_eval-primary-narrow-w5-i20,counters,stage2,on,534933607,fixed_narrow_w5,20,20649859,COMPLETED,/home/hersco/training_new_domains/2026-08-27/statistical_replication_stage2_mcts_eval/20649859_Ev_counters_counters_mcts_orig_vh_e.5_c.1_s534933607_K0_SR10M_src20430432_e0002.txt,24,../problems/numeric/counters/vanilla/fz_instance_25.pddl,success,163.3,True,300,1,1,1
,counters-on-534933607-stage2-mcts_eval-primary-narrow-w5-i20,counters,stage2,on,534933607,fixed_narrow_w5,20,20649859,COMPLETED,/home/hersco/training_new_domains/2026-08-27/statistical_replication_stage2_mcts_eval/20649859_Ev_counters_counters_mcts_orig_vh_e.5_c.1_s534933607_K0_SR10M_src20430432_e0002.txt,25,../problems/numeric/counters/vanilla/fz_instance_26.pddl,success,190.09,True,325,1,1,1
,counters-on-534933607-stage2-mcts_eval-primary-narrow-w5-i20,counters,stage2,on,534933607,fixed_narrow_w5,20,20649859,COMPLETED,/home/hersco/training_new_domains/2026-08-27/statistical_replication_stage2_mcts_eval/20649859_Ev_counters_counters_mcts_orig_vh_e.5_c.1_s534933607_K0_SR10M_src20430432_e0002.txt,26,../problems/numeric/counters/vanilla/fz_instance_27.pddl,success,217.88,True,351,1,1,1
,counters-on-534933607-stage2-mcts_eval-primary-narrow-w5-i20,counters,stage2,on,534933607,fixed_narrow_w5,20,20649859,COMPLETED,/home/hersco/training_new_domains/2026-08-27/statistical_replication_stage2_mcts_eval/20649859_Ev_counters_counters_mcts_orig_vh_e.5_c.1_s534933607_K0_SR10M_src20430432_e0002.txt,27,../problems/numeric/counters/vanilla/fz_instance_28.pddl,success,245.89,True,378,1,1,1
,counters-on-534933607-stage2-mcts_eval-primary-narrow-w5-i20,counters,stage2,on,534933607,fixed_narrow_w5,20,20649859,COMPLETED,/home/hersco/training_new_domains/2026-08-27/statistical_replication_stage2_mcts_eval/20649859_Ev_counters_counters_mcts_orig_vh_e.5_c.1_s534933607_K0_SR10M_src20430432_e0002.txt,28,../problems/numeric/counters/vanilla/fz_instance_29.pddl,success,284.71,True,406,1,1,1
,counters-on-534933607-stage2-mcts_eval-primary-narrow-w5-i20,counters,stage2,on,534933607,fixed_narrow_w5,20,20649859,COMPLETED,/home/hersco/training_new_domains/2026-08-27/statistical_replication_stage2_mcts_eval/20649859_Ev_counters_counters_mcts_orig_vh_e.5_c.1_s534933607_K0_SR10M_src20430432_e0002.txt,29,../problems/numeric/counters/vanilla/fz_instance_30.pddl,success,343.05,True,435,1,1,1
,counters-on-534933607-stage2-mcts_eval-primary-narrow-w5-i20,counters,stage2,on,534933607,fixed_narrow_w5,20,20649859,COMPLETED,/home/hersco/training_new_domains/2026-08-27/statistical_replication_stage2_mcts_eval/20649859_Ev_counters_counters_mcts_orig_vh_e.5_c.1_s534933607_K0_SR10M_src20430432_e0002.txt,30,../problems/numeric/counters/vanilla/fz_instance_31.pddl,success,377.13,True,465,1,1,1
,counters-on-534933607-stage2-mcts_eval-primary-narrow-w5-i20,counters,stage2,on,534933607,fixed_narrow_w5,20,20649859,COMPLETED,/home/hersco/training_new_domains/2026-08-27/statistical_replication_stage2_mcts_eval/20649859_Ev_counters_counters_mcts_orig_vh_e.5_c.1_s534933607_K0_SR10M_src20430432_e0002.txt,31,../problems/numeric/counters/vanilla/fz_instance_32.pddl,success,420.7,True,496,1,1,1
,counters-on-534933607-stage2-mcts_eval-primary-narrow-w5-i20,counters,stage2,on,534933607,fixed_narrow_w5,20,20649859,COMPLETED,/home/hersco/training_new_domains/2026-08-27/statistical_replication_stage2_mcts_eval/20649859_Ev_counters_counters_mcts_orig_vh_e.5_c.1_s534933607_K0_SR10M_src20430432_e0002.txt,32,../problems/numeric/counters/vanilla/fz_instance_33.pddl,success,482.16,True,528,1,1,1
,counters-on-534933607-stage2-mcts_eval-primary-narrow-w5-i20,counters,stage2,on,534933607,fixed_narrow_w5,20,20649859,COMPLETED,/home/hersco/training_new_domains/2026-08-27/statistical_replication_stage2_mcts_eval/20649859_Ev_counters_counters_mcts_orig_vh_e.5_c.1_s534933607_K0_SR10M_src20430432_e0002.txt,33,../problems/numeric/counters/vanilla/fz_instance_34.pddl,success,527.99,True,561,1,1,1
,counters-on-534933607-stage2-mcts_eval-primary-narrow-w5-i20,counters,stage2,on,534933607,fixed_narrow_w5,20,20649859,COMPLETED,/home/hersco/training_new_domains/2026-08-27/statistical_replication_stage2_mcts_eval/20649859_Ev_counters_counters_mcts_orig_vh_e.5_c.1_s534933607_K0_SR10M_src20430432_e0002.txt,34,../problems/numeric/counters/vanilla/fz_instance_35.pddl,success,619.77,True,595,1,1,1
,counters-on-534933607-stage2-mcts_eval-primary-narrow-w5-i20,counters,stage2,on,534933607,fixed_narrow_w5,20,20649859,COMPLETED,/home/hersco/training_new_domains/2026-08-27/statistical_replication_stage2_mcts_eval/20649859_Ev_counters_counters_mcts_orig_vh_e.5_c.1_s534933607_K0_SR10M_src20430432_e0002.txt,35,../problems/numeric/counters/vanilla/fz_instance_36.pddl,success,694.65,True,630,1,1,1
,counters-on-534933607-stage2-mcts_eval-primary-narrow-w5-i20,counters,stage2,on,534933607,fixed_narrow_w5,20,20649859,COMPLETED,/home/hersco/training_new_domains/2026-08-27/statistical_replication_stage2_mcts_eval/20649859_Ev_counters_counters_mcts_orig_vh_e.5_c.1_s534933607_K0_SR10M_src20430432_e0002.txt,36,../problems/numeric/counters/vanilla/fz_instance_37.pddl,success,753.07,True,666,1,1,1
,counters-on-534933607-stage2-mcts_eval-primary-narrow-w5-i20,counters,stage2,on,534933607,fixed_narrow_w5,20,20649859,COMPLETED,/home/hersco/training_new_domains/2026-08-27/statistical_replication_stage2_mcts_eval/20649859_Ev_counters_counters_mcts_orig_vh_e.5_c.1_s534933607_K0_SR10M_src20430432_e0002.txt,37,../problems/numeric/counters/vanilla/fz_instance_38.pddl,success,862.77,True,703,1,1,1
,counters-on-534933607-stage2-mcts_eval-primary-narrow-w5-i20,counters,stage2,on,534933607,fixed_narrow_w5,20,20649859,COMPLETED,/home/hersco/training_new_domains/2026-08-27/statistical_replication_stage2_mcts_eval/20649859_Ev_counters_counters_mcts_orig_vh_e.5_c.1_s534933607_K0_SR10M_src20430432_e0002.txt,38,../problems/numeric/counters/vanilla/fz_instance_39.pddl,success,993.4,True,741,1,1,1
,counters-on-534933607-stage2-mcts_eval-primary-narrow-w5-i20,counters,stage2,on,534933607,fixed_narrow_w5,20,20649859,COMPLETED,/home/hersco/training_new_domains/2026-08-27/statistical_replication_stage2_mcts_eval/20649859_Ev_counters_counters_mcts_orig_vh_e.5_c.1_s534933607_K0_SR10M_src20430432_e0002.txt,39,../problems/numeric/counters/vanilla/fz_instance_40.pddl,success,1118.89,True,780,1,1,1
,counters-on-534933607-stage2-mcts_eval-primary-narrow-w5-i20,counters,stage2,on,534933607,fixed_narrow_w5,20,20649859,COMPLETED,/home/hersco/training_new_domains/2026-08-27/statistical_replication_stage2_mcts_eval/20649859_Ev_counters_counters_mcts_orig_vh_e.5_c.1_s534933607_K0_SR10M_src20430432_e0002.txt,40,../problems/numeric/counters/vanilla/fz_instance_41.pddl,success,1283.64,True,820,1,1,1
,counters-on-534933607-stage2-mcts_eval-primary-narrow-w5-i20,counters,stage2,on,534933607,fixed_narrow_w5,20,20649859,COMPLETED,/home/hersco/training_new_domains/2026-08-27/statistical_replication_stage2_mcts_eval/20649859_Ev_counters_counters_mcts_orig_vh_e.5_c.1_s534933607_K0_SR10M_src20430432_e0002.txt,41,../problems/numeric/counters/vanilla/fz_instance_42.pddl,success,1325.86,True,861,1,1,1
,counters-on-534933607-stage2-mcts_eval-primary-narrow-w5-i20,counters,stage2,on,534933607,fixed_narrow_w5,20,20649859,COMPLETED,/home/hersco/training_new_domains/2026-08-27/statistical_replication_stage2_mcts_eval/20649859_Ev_counters_counters_mcts_orig_vh_e.5_c.1_s534933607_K0_SR10M_src20430432_e0002.txt,42,../problems/numeric/counters/vanilla/fz_instance_43.pddl,success,1397.87,True,903,1,1,1
,counters-on-534933607-stage2-mcts_eval-primary-narrow-w5-i20,counters,stage2,on,534933607,fixed_narrow_w5,20,20649859,COMPLETED,/home/hersco/training_new_domains/2026-08-27/statistical_replication_stage2_mcts_eval/20649859_Ev_counters_counters_mcts_orig_vh_e.5_c.1_s534933607_K0_SR10M_src20430432_e0002.txt,43,../problems/numeric/counters/vanilla/fz_instance_44.pddl,success,1550.73,True,946,1,1,1
,counters-on-534933607-stage2-mcts_eval-primary-narrow-w5-i20,counters,stage2,on,534933607,fixed_narrow_w5,20,20649859,COMPLETED,/home/hersco/training_new_domains/2026-08-27/statistical_replication_stage2_mcts_eval/20649859_Ev_counters_counters_mcts_orig_vh_e.5_c.1_s534933607_K0_SR10M_src20430432_e0002.txt,44,../problems/numeric/counters/vanilla/fz_instance_45.pddl,success,1795.56,True,990,1,1,1
,counters-on-534933607-stage2-mcts_eval-primary-narrow-w5-i20,counters,stage2,on,534933607,fixed_narrow_w5,20,20649859,COMPLETED,/home/hersco/training_new_domains/2026-08-27/statistical_replication_stage2_mcts_eval/20649859_Ev_counters_counters_mcts_orig_vh_e.5_c.1_s534933607_K0_SR10M_src20430432_e0002.txt,45,../problems/numeric/counters/vanilla/fz_instance_46.pddl,success,1997.44,True,1035,0,1,1
,counters-on-534933607-stage2-mcts_eval-primary-narrow-w5-i20,counters,stage2,on,534933607,fixed_narrow_w5,20,20649859,COMPLETED,/home/hersco/training_new_domains/2026-08-27/statistical_replication_stage2_mcts_eval/20649859_Ev_counters_counters_mcts_orig_vh_e.5_c.1_s534933607_K0_SR10M_src20430432_e0002.txt,46,../problems/numeric/counters/vanilla/fz_instance_47.pddl,success,2255.18,True,1081,0,1,1
,counters-on-534933607-stage2-mcts_eval-primary-narrow-w5-i20,counters,stage2,on,534933607,fixed_narrow_w5,20,20649859,COMPLETED,/home/hersco/training_new_domains/2026-08-27/statistical_replication_stage2_mcts_eval/20649859_Ev_counters_counters_mcts_orig_vh_e.5_c.1_s534933607_K0_SR10M_src20430432_e0002.txt,47,../problems/numeric/counters/vanilla/fz_instance_48.pddl,success,2572.24,True,1128,0,1,1
,counters-on-534933607-stage2-mcts_eval-primary-narrow-w5-i20,counters,stage2,on,534933607,fixed_narrow_w5,20,20649859,COMPLETED,/home/hersco/training_new_domains/2026-08-27/statistical_replication_stage2_mcts_eval/20649859_Ev_counters_counters_mcts_orig_vh_e.5_c.1_s534933607_K0_SR10M_src20430432_e0002.txt,48,../problems/numeric/counters/vanilla/fz_instance_49.pddl,success,2616.64,True,1176,0,1,1
,counters-on-534933607-stage2-mcts_eval-primary-narrow-w5-i20,counters,stage2,on,534933607,fixed_narrow_w5,20,20649859,COMPLETED,/home/hersco/training_new_domains/2026-08-27/statistical_replication_stage2_mcts_eval/20649859_Ev_counters_counters_mcts_orig_vh_e.5_c.1_s534933607_K0_SR10M_src20430432_e0002.txt,49,../problems/numeric/counters/vanilla/fz_instance_50.pddl,success,2884.31,True,1225,0,1,1
,counters-on-534933607-stage2-mcts_eval-primary-narrow-w5-i20,counters,stage2,on,534933607,fixed_narrow_w5,20,20649859,COMPLETED,/home/hersco/training_new_domains/2026-08-27/statistical_replication_stage2_mcts_eval/20649859_Ev_counters_counters_mcts_orig_vh_e.5_c.1_s534933607_K0_SR10M_src20430432_e0002.txt,50,../problems/numeric/counters/vanilla/fz_instance_51.pddl,success,3182.45,True,1275,0,1,1
,counters-on-534933607-stage2-mcts_eval-primary-narrow-w5-i20,counters,stage2,on,534933607,fixed_narrow_w5,20,20649859,COMPLETED,/home/hersco/training_new_domains/2026-08-27/statistical_replication_stage2_mcts_eval/20649859_Ev_counters_counters_mcts_orig_vh_e.5_c.1_s534933607_K0_SR10M_src20430432_e0002.txt,51,../problems/numeric/counters/vanilla/fz_instance_52.pddl,success,3562.65,True,1326,0,1,1
,counters-on-534933607-stage2-mcts_eval-primary-narrow-w5-i20,counters,stage2,on,534933607,fixed_narrow_w5,20,20649859,COMPLETED,/home/hersco/training_new_domains/2026-08-27/statistical_replication_stage2_mcts_eval/20649859_Ev_counters_counters_mcts_orig_vh_e.5_c.1_s534933607_K0_SR10M_src20430432_e0002.txt,52,../problems/numeric/counters/vanilla/fz_instance_53.pddl,success,4081.9,True,1378,0,1,1
,counters-on-534933607-stage2-mcts_eval-primary-narrow-w5-i20,counters,stage2,on,534933607,fixed_narrow_w5,20,20649859,COMPLETED,/home/hersco/training_new_domains/2026-08-27/statistical_replication_stage2_mcts_eval/20649859_Ev_counters_counters_mcts_orig_vh_e.5_c.1_s534933607_K0_SR10M_src20430432_e0002.txt,53,../problems/numeric/counters/vanilla/fz_instance_54.pddl,success,4785.55,True,1431,0,1,1
,counters-on-534933607-stage2-mcts_eval-primary-narrow-w5-i20,counters,stage2,on,534933607,fixed_narrow_w5,20,20649859,COMPLETED,/home/hersco/training_new_domains/2026-08-27/statistical_replication_stage2_mcts_eval/20649859_Ev_counters_counters_mcts_orig_vh_e.5_c.1_s534933607_K0_SR10M_src20430432_e0002.txt,54,../problems/numeric/counters/vanilla/fz_instance_55.pddl,success,6027.78,True,1485,0,1,1
,counters-on-534933607-stage2-mcts_eval-primary-narrow-w5-i20,counters,stage2,on,534933607,fixed_narrow_w5,20,20649859,COMPLETED,/home/hersco/training_new_domains/2026-08-27/statistical_replication_stage2_mcts_eval/20649859_Ev_counters_counters_mcts_orig_vh_e.5_c.1_s534933607_K0_SR10M_src20430432_e0002.txt,55,../problems/numeric/counters/vanilla/fz_instance_56.pddl,success,5168.23,True,1540,0,1,1
,counters-on-534933607-stage2-mcts_eval-primary-narrow-w5-i20,counters,stage2,on,534933607,fixed_narrow_w5,20,20649859,COMPLETED,/home/hersco/training_new_domains/2026-08-27/statistical_replication_stage2_mcts_eval/20649859_Ev_counters_counters_mcts_orig_vh_e.5_c.1_s534933607_K0_SR10M_src20430432_e0002.txt,56,../problems/numeric/counters/vanilla/fz_instance_57.pddl,success,6674.76,True,1596,0,1,1
,counters-on-534933607-stage2-mcts_eval-primary-narrow-w5-i20,counters,stage2,on,534933607,fixed_narrow_w5,20,20649859,COMPLETED,/home/hersco/training_new_domains/2026-08-27/statistical_replication_stage2_mcts_eval/20649859_Ev_counters_counters_mcts_orig_vh_e.5_c.1_s534933607_K0_SR10M_src20430432_e0002.txt,57,../problems/numeric/counters/vanilla/fz_instance_58.pddl,success,7055.19,True,1653,0,1,1
,counters-on-534933607-stage2-mcts_eval-primary-narrow-w5-i20,counters,stage2,on,534933607,fixed_narrow_w5,20,20649859,COMPLETED,/home/hersco/training_new_domains/2026-08-27/statistical_replication_stage2_mcts_eval/20649859_Ev_counters_counters_mcts_orig_vh_e.5_c.1_s534933607_K0_SR10M_src20430432_e0002.txt,58,../problems/numeric/counters/vanilla/fz_instance_59.pddl,success,7362.61,True,1711,0,0,1
,counters-on-534933607-stage2-mcts_eval-primary-narrow-w5-i20,counters,stage2,on,534933607,fixed_narrow_w5,20,20649859,COMPLETED,/home/hersco/training_new_domains/2026-08-27/statistical_replication_stage2_mcts_eval/20649859_Ev_counters_counters_mcts_orig_vh_e.5_c.1_s534933607_K0_SR10M_src20430432_e0002.txt,59,../problems/numeric/counters/vanilla/fz_instance_60.pddl,success,6182.02,True,1770,0,1,1
,counters-on-2082152039-stage2-mcts_eval-primary-narrow-w5-i20,counters,stage2,on,2082152039,fixed_narrow_w5,20,20649860,COMPLETED,/home/hersco/training_new_domains/2026-08-27/statistical_replication_stage2_mcts_eval/20649860_Ev_counters_counters_mcts_orig_vh_e.5_c.1_s2082152039_K0_SR10M_src20430433_e0004.txt,1,../problems/numeric/counters/vanilla/fz_instance_2.pddl,success,6.78,True,1,1,1,1
,counters-on-2082152039-stage2-mcts_eval-primary-narrow-w5-i20,counters,stage2,on,2082152039,fixed_narrow_w5,20,20649860,COMPLETED,/home/hersco/training_new_domains/2026-08-27/statistical_replication_stage2_mcts_eval/20649860_Ev_counters_counters_mcts_orig_vh_e.5_c.1_s2082152039_K0_SR10M_src20430433_e0004.txt,2,../problems/numeric/counters/vanilla/fz_instance_3.pddl,success,9.04,True,3,1,1,1
,counters-on-2082152039-stage2-mcts_eval-primary-narrow-w5-i20,counters,stage2,on,2082152039,fixed_narrow_w5,20,20649860,COMPLETED,/home/hersco/training_new_domains/2026-08-27/statistical_replication_stage2_mcts_eval/20649860_Ev_counters_counters_mcts_orig_vh_e.5_c.1_s2082152039_K0_SR10M_src20430433_e0004.txt,3,../problems/numeric/counters/vanilla/fz_instance_4.pddl,success,9.79,True,6,1,1,1
,counters-on-2082152039-stage2-mcts_eval-primary-narrow-w5-i20,counters,stage2,on,2082152039,fixed_narrow_w5,20,20649860,COMPLETED,/home/hersco/training_new_domains/2026-08-27/statistical_replication_stage2_mcts_eval/20649860_Ev_counters_counters_mcts_orig_vh_e.5_c.1_s2082152039_K0_SR10M_src20430433_e0004.txt,4,../problems/numeric/counters/vanilla/fz_instance_5.pddl,success,9.54,True,10,1,1,1
,counters-on-2082152039-stage2-mcts_eval-primary-narrow-w5-i20,counters,stage2,on,2082152039,fixed_narrow_w5,20,20649860,COMPLETED,/home/hersco/training_new_domains/2026-08-27/statistical_replication_stage2_mcts_eval/20649860_Ev_counters_counters_mcts_orig_vh_e.5_c.1_s2082152039_K0_SR10M_src20430433_e0004.txt,5,../problems/numeric/counters/vanilla/fz_instance_6.pddl,success,11.82,True,15,1,1,1
,counters-on-2082152039-stage2-mcts_eval-primary-narrow-w5-i20,counters,stage2,on,2082152039,fixed_narrow_w5,20,20649860,COMPLETED,/home/hersco/training_new_domains/2026-08-27/statistical_replication_stage2_mcts_eval/20649860_Ev_counters_counters_mcts_orig_vh_e.5_c.1_s2082152039_K0_SR10M_src20430433_e0004.txt,6,../problems/numeric/counters/vanilla/fz_instance_7.pddl,success,10.79,True,21,1,1,1
,counters-on-2082152039-stage2-mcts_eval-primary-narrow-w5-i20,counters,stage2,on,2082152039,fixed_narrow_w5,20,20649860,COMPLETED,/home/hersco/training_new_domains/2026-08-27/statistical_replication_stage2_mcts_eval/20649860_Ev_counters_counters_mcts_orig_vh_e.5_c.1_s2082152039_K0_SR10M_src20430433_e0004.txt,7,../problems/numeric/counters/vanilla/fz_instance_8.pddl,success,12.8,True,28,1,1,1
,counters-on-2082152039-stage2-mcts_eval-primary-narrow-w5-i20,counters,stage2,on,2082152039,fixed_narrow_w5,20,20649860,COMPLETED,/home/hersco/training_new_domains/2026-08-27/statistical_replication_stage2_mcts_eval/20649860_Ev_counters_counters_mcts_orig_vh_e.5_c.1_s2082152039_K0_SR10M_src20430433_e0004.txt,8,../problems/numeric/counters/vanilla/fz_instance_9.pddl,success,15.06,True,36,1,1,1
,counters-on-2082152039-stage2-mcts_eval-primary-narrow-w5-i20,counters,stage2,on,2082152039,fixed_narrow_w5,20,20649860,COMPLETED,/home/hersco/training_new_domains/2026-08-27/statistical_replication_stage2_mcts_eval/20649860_Ev_counters_counters_mcts_orig_vh_e.5_c.1_s2082152039_K0_SR10M_src20430433_e0004.txt,9,../problems/numeric/counters/vanilla/fz_instance_10.pddl,success,18.06,True,45,1,1,1
,counters-on-2082152039-stage2-mcts_eval-primary-narrow-w5-i20,counters,stage2,on,2082152039,fixed_narrow_w5,20,20649860,COMPLETED,/home/hersco/training_new_domains/2026-08-27/statistical_replication_stage2_mcts_eval/20649860_Ev_counters_counters_mcts_orig_vh_e.5_c.1_s2082152039_K0_SR10M_src20430433_e0004.txt,10,../problems/numeric/counters/vanilla/fz_instance_11.pddl,success,19.83,True,55,1,1,1
,counters-on-2082152039-stage2-mcts_eval-primary-narrow-w5-i20,counters,stage2,on,2082152039,fixed_narrow_w5,20,20649860,COMPLETED,/home/hersco/training_new_domains/2026-08-27/statistical_replication_stage2_mcts_eval/20649860_Ev_counters_counters_mcts_orig_vh_e.5_c.1_s2082152039_K0_SR10M_src20430433_e0004.txt,11,../problems/numeric/counters/vanilla/fz_instance_12.pddl,success,22.09,True,66,1,1,1
,counters-on-2082152039-stage2-mcts_eval-primary-narrow-w5-i20,counters,stage2,on,2082152039,fixed_narrow_w5,20,20649860,COMPLETED,/home/hersco/training_new_domains/2026-08-27/statistical_replication_stage2_mcts_eval/20649860_Ev_counters_counters_mcts_orig_vh_e.5_c.1_s2082152039_K0_SR10M_src20430433_e0004.txt,12,../problems/numeric/counters/vanilla/fz_instance_13.pddl,success,23.83,True,78,1,1,1
,counters-on-2082152039-stage2-mcts_eval-primary-narrow-w5-i20,counters,stage2,on,2082152039,fixed_narrow_w5,20,20649860,COMPLETED,/home/hersco/training_new_domains/2026-08-27/statistical_replication_stage2_mcts_eval/20649860_Ev_counters_counters_mcts_orig_vh_e.5_c.1_s2082152039_K0_SR10M_src20430433_e0004.txt,13,../problems/numeric/counters/vanilla/fz_instance_14.pddl,success,34.89,True,147,1,1,1
,counters-on-2082152039-stage2-mcts_eval-primary-narrow-w5-i20,counters,stage2,on,2082152039,fixed_narrow_w5,20,20649860,COMPLETED,/home/hersco/training_new_domains/2026-08-27/statistical_replication_stage2_mcts_eval/20649860_Ev_counters_counters_mcts_orig_vh_e.5_c.1_s2082152039_K0_SR10M_src20430433_e0004.txt,14,../problems/numeric/counters/vanilla/fz_instance_15.pddl,success,68.18,True,359,1,1,1
,counters-on-2082152039-stage2-mcts_eval-primary-narrow-w5-i20,counters,stage2,on,2082152039,fixed_narrow_w5,20,20649860,COMPLETED,/home/hersco/training_new_domains/2026-08-27/statistical_replication_stage2_mcts_eval/20649860_Ev_counters_counters_mcts_orig_vh_e.5_c.1_s2082152039_K0_SR10M_src20430433_e0004.txt,15,../problems/numeric/counters/vanilla/fz_instance_16.pddl,success,82.17,True,408,1,1,1
,counters-on-2082152039-stage2-mcts_eval-primary-narrow-w5-i20,counters,stage2,on,2082152039,fixed_narrow_w5,20,20649860,COMPLETED,/home/hersco/training_new_domains/2026-08-27/statistical_replication_stage2_mcts_eval/20649860_Ev_counters_counters_mcts_orig_vh_e.5_c.1_s2082152039_K0_SR10M_src20430433_e0004.txt,16,../problems/numeric/counters/vanilla/fz_instance_17.pddl,success,190.86,True,912,1,1,1
,counters-on-2082152039-stage2-mcts_eval-primary-narrow-w5-i20,counters,stage2,on,2082152039,fixed_narrow_w5,20,20649860,COMPLETED,/home/hersco/training_new_domains/2026-08-27/statistical_replication_stage2_mcts_eval/20649860_Ev_counters_counters_mcts_orig_vh_e.5_c.1_s2082152039_K0_SR10M_src20430433_e0004.txt,17,../problems/numeric/counters/vanilla/fz_instance_18.pddl,success,489.19,True,1797,1,1,1
,counters-on-2082152039-stage2-mcts_eval-primary-narrow-w5-i20,counters,stage2,on,2082152039,fixed_narrow_w5,20,20649860,COMPLETED,/home/hersco/training_new_domains/2026-08-27/statistical_replication_stage2_mcts_eval/20649860_Ev_counters_counters_mcts_orig_vh_e.5_c.1_s2082152039_K0_SR10M_src20430433_e0004.txt,18,../problems/numeric/counters/vanilla/fz_instance_19.pddl,success,1290.68,True,3169,1,1,1
,counters-on-2082152039-stage2-mcts_eval-primary-narrow-w5-i20,counters,stage2,on,2082152039,fixed_narrow_w5,20,20649860,COMPLETED,/home/hersco/training_new_domains/2026-08-27/statistical_replication_stage2_mcts_eval/20649860_Ev_counters_counters_mcts_orig_vh_e.5_c.1_s2082152039_K0_SR10M_src20430433_e0004.txt,19,../problems/numeric/counters/vanilla/fz_instance_20.pddl,success,788.15,True,3300,1,1,1
,counters-on-2082152039-stage2-mcts_eval-primary-narrow-w5-i20,counters,stage2,on,2082152039,fixed_narrow_w5,20,20649860,COMPLETED,/home/hersco/training_new_domains/2026-08-27/statistical_replication_stage2_mcts_eval/20649860_Ev_counters_counters_mcts_orig_vh_e.5_c.1_s2082152039_K0_SR10M_src20430433_e0004.txt,20,../problems/numeric/counters/vanilla/fz_instance_21.pddl,unsolved,614.81,False,10000,0,0,0
,counters-on-2082152039-stage2-mcts_eval-primary-narrow-w5-i20,counters,stage2,on,2082152039,fixed_narrow_w5,20,20649860,COMPLETED,/home/hersco/training_new_domains/2026-08-27/statistical_replication_stage2_mcts_eval/20649860_Ev_counters_counters_mcts_orig_vh_e.5_c.1_s2082152039_K0_SR10M_src20430433_e0004.txt,21,../problems/numeric/counters/vanilla/fz_instance_22.pddl,unsolved,722.3,False,10000,0,0,0
,counters-on-2082152039-stage2-mcts_eval-primary-narrow-w5-i20,counters,stage2,on,2082152039,fixed_narrow_w5,20,20649860,COMPLETED,/home/hersco/training_new_domains/2026-08-27/statistical_replication_stage2_mcts_eval/20649860_Ev_counters_counters_mcts_orig_vh_e.5_c.1_s2082152039_K0_SR10M_src20430433_e0004.txt,22,../problems/numeric/counters/vanilla/fz_instance_23.pddl,unsolved,3147.74,False,10000,0,0,0
,counters-on-2082152039-stage2-mcts_eval-primary-narrow-w5-i20,counters,stage2,on,2082152039,fixed_narrow_w5,20,20649860,COMPLETED,/home/hersco/training_new_domains/2026-08-27/statistical_replication_stage2_mcts_eval/20649860_Ev_counters_counters_mcts_orig_vh_e.5_c.1_s2082152039_K0_SR10M_src20430433_e0004.txt,23,../problems/numeric/counters/vanilla/fz_instance_24.pddl,unsolved,8870.62,False,10000,0,0,0
,counters-on-2082152039-stage2-mcts_eval-primary-narrow-w5-i20,counters,stage2,on,2082152039,fixed_narrow_w5,20,20649860,COMPLETED,/home/hersco/training_new_domains/2026-08-27/statistical_replication_stage2_mcts_eval/20649860_Ev_counters_counters_mcts_orig_vh_e.5_c.1_s2082152039_K0_SR10M_src20430433_e0004.txt,24,../problems/numeric/counters/vanilla/fz_instance_25.pddl,unsolved,4049.14,False,10000,0,0,0
,counters-on-2082152039-stage2-mcts_eval-primary-narrow-w5-i20,counters,stage2,on,2082152039,fixed_narrow_w5,20,20649860,COMPLETED,/home/hersco/training_new_domains/2026-08-27/statistical_replication_stage2_mcts_eval/20649860_Ev_counters_counters_mcts_orig_vh_e.5_c.1_s2082152039_K0_SR10M_src20430433_e0004.txt,25,../problems/numeric/counters/vanilla/fz_instance_26.pddl,unsolved,4572.84,False,10000,0,0,0
,counters-on-2082152039-stage2-mcts_eval-primary-narrow-w5-i20,counters,stage2,on,2082152039,fixed_narrow_w5,20,20649860,COMPLETED,/home/hersco/training_new_domains/2026-08-27/statistical_replication_stage2_mcts_eval/20649860_Ev_counters_counters_mcts_orig_vh_e.5_c.1_s2082152039_K0_SR10M_src20430433_e0004.txt,26,../problems/numeric/counters/vanilla/fz_instance_27.pddl,unsolved,6316.0,False,10000,0,0,0
,counters-on-2082152039-stage2-mcts_eval-primary-narrow-w5-i20,counters,stage2,on,2082152039,fixed_narrow_w5,20,20649860,COMPLETED,/home/hersco/training_new_domains/2026-08-27/statistical_replication_stage2_mcts_eval/20649860_Ev_counters_counters_mcts_orig_vh_e.5_c.1_s2082152039_K0_SR10M_src20430433_e0004.txt,27,../problems/numeric/counters/vanilla/fz_instance_28.pddl,unsolved,4086.58,False,10000,0,0,0
,counters-on-2082152039-stage2-mcts_eval-primary-narrow-w5-i20,counters,stage2,on,2082152039,fixed_narrow_w5,20,20649860,COMPLETED,/home/hersco/training_new_domains/2026-08-27/statistical_replication_stage2_mcts_eval/20649860_Ev_counters_counters_mcts_orig_vh_e.5_c.1_s2082152039_K0_SR10M_src20430433_e0004.txt,28,../problems/numeric/counters/vanilla/fz_instance_29.pddl,unsolved,5982.08,False,10000,0,0,0
,counters-on-2082152039-stage2-mcts_eval-primary-narrow-w5-i20,counters,stage2,on,2082152039,fixed_narrow_w5,20,20649860,COMPLETED,/home/hersco/training_new_domains/2026-08-27/statistical_replication_stage2_mcts_eval/20649860_Ev_counters_counters_mcts_orig_vh_e.5_c.1_s2082152039_K0_SR10M_src20430433_e0004.txt,29,../problems/numeric/counters/vanilla/fz_instance_30.pddl,unsolved,6603.11,False,10000,0,0,0
,counters-on-2082152039-stage2-mcts_eval-primary-narrow-w5-i20,counters,stage2,on,2082152039,fixed_narrow_w5,20,20649860,COMPLETED,/home/hersco/training_new_domains/2026-08-27/statistical_replication_stage2_mcts_eval/20649860_Ev_counters_counters_mcts_orig_vh_e.5_c.1_s2082152039_K0_SR10M_src20430433_e0004.txt,30,../problems/numeric/counters/vanilla/fz_instance_31.pddl,unsolved,4656.81,False,10000,0,0,0
,counters-on-2082152039-stage2-mcts_eval-primary-narrow-w5-i20,counters,stage2,on,2082152039,fixed_narrow_w5,20,20649860,COMPLETED,/home/hersco/training_new_domains/2026-08-27/statistical_replication_stage2_mcts_eval/20649860_Ev_counters_counters_mcts_orig_vh_e.5_c.1_s2082152039_K0_SR10M_src20430433_e0004.txt,31,../problems/numeric/counters/vanilla/fz_instance_32.pddl,unsolved,3992.54,False,10000,0,0,0
,counters-on-2082152039-stage2-mcts_eval-primary-narrow-w5-i20,counters,stage2,on,2082152039,fixed_narrow_w5,20,20649860,COMPLETED,/home/hersco/training_new_domains/2026-08-27/statistical_replication_stage2_mcts_eval/20649860_Ev_counters_counters_mcts_orig_vh_e.5_c.1_s2082152039_K0_SR10M_src20430433_e0004.txt,32,../problems/numeric/counters/vanilla/fz_instance_33.pddl,unsolved,6904.34,False,10000,0,0,0
,counters-on-2082152039-stage2-mcts_eval-primary-narrow-w5-i20,counters,stage2,on,2082152039,fixed_narrow_w5,20,20649860,COMPLETED,/home/hersco/training_new_domains/2026-08-27/statistical_replication_stage2_mcts_eval/20649860_Ev_counters_counters_mcts_orig_vh_e.5_c.1_s2082152039_K0_SR10M_src20430433_e0004.txt,33,../problems/numeric/counters/vanilla/fz_instance_34.pddl,unsolved,5991.71,False,10000,0,0,0
,counters-on-2082152039-stage2-mcts_eval-primary-narrow-w5-i20,counters,stage2,on,2082152039,fixed_narrow_w5,20,20649860,COMPLETED,/home/hersco/training_new_domains/2026-08-27/statistical_replication_stage2_mcts_eval/20649860_Ev_counters_counters_mcts_orig_vh_e.5_c.1_s2082152039_K0_SR10M_src20430433_e0004.txt,34,../problems/numeric/counters/vanilla/fz_instance_35.pddl,unsolved,5788.39,False,10000,0,0,0
,counters-on-2082152039-stage2-mcts_eval-primary-narrow-w5-i20,counters,stage2,on,2082152039,fixed_narrow_w5,20,20649860,COMPLETED,/home/hersco/training_new_domains/2026-08-27/statistical_replication_stage2_mcts_eval/20649860_Ev_counters_counters_mcts_orig_vh_e.5_c.1_s2082152039_K0_SR10M_src20430433_e0004.txt,35,../problems/numeric/counters/vanilla/fz_instance_36.pddl,unsolved,6716.82,False,10000,0,0,0
,counters-on-2082152039-stage2-mcts_eval-primary-narrow-w5-i20,counters,stage2,on,2082152039,fixed_narrow_w5,20,20649860,COMPLETED,/home/hersco/training_new_domains/2026-08-27/statistical_replication_stage2_mcts_eval/20649860_Ev_counters_counters_mcts_orig_vh_e.5_c.1_s2082152039_K0_SR10M_src20430433_e0004.txt,36,../problems/numeric/counters/vanilla/fz_instance_37.pddl,unsolved,6462.85,False,10000,0,0,0
,counters-on-2082152039-stage2-mcts_eval-primary-narrow-w5-i20,counters,stage2,on,2082152039,fixed_narrow_w5,20,20649860,COMPLETED,/home/hersco/training_new_domains/2026-08-27/statistical_replication_stage2_mcts_eval/20649860_Ev_counters_counters_mcts_orig_vh_e.5_c.1_s2082152039_K0_SR10M_src20430433_e0004.txt,37,../problems/numeric/counters/vanilla/fz_instance_38.pddl,unsolved,6894.03,False,10000,0,0,0
,counters-on-2082152039-stage2-mcts_eval-primary-narrow-w5-i20,counters,stage2,on,2082152039,fixed_narrow_w5,20,20649860,COMPLETED,/home/hersco/training_new_domains/2026-08-27/statistical_replication_stage2_mcts_eval/20649860_Ev_counters_counters_mcts_orig_vh_e.5_c.1_s2082152039_K0_SR10M_src20430433_e0004.txt,38,../problems/numeric/counters/vanilla/fz_instance_39.pddl,unsolved,7819.78,False,10000,0,0,0
,counters-on-2082152039-stage2-mcts_eval-primary-narrow-w5-i20,counters,stage2,on,2082152039,fixed_narrow_w5,20,20649860,COMPLETED,/home/hersco/training_new_domains/2026-08-27/statistical_replication_stage2_mcts_eval/20649860_Ev_counters_counters_mcts_orig_vh_e.5_c.1_s2082152039_K0_SR10M_src20430433_e0004.txt,39,../problems/numeric/counters/vanilla/fz_instance_40.pddl,unsolved,10687.5,False,10000,0,0,0
,counters-on-2082152039-stage2-mcts_eval-primary-narrow-w5-i20,counters,stage2,on,2082152039,fixed_narrow_w5,20,20649860,COMPLETED,/home/hersco/training_new_domains/2026-08-27/statistical_replication_stage2_mcts_eval/20649860_Ev_counters_counters_mcts_orig_vh_e.5_c.1_s2082152039_K0_SR10M_src20430433_e0004.txt,40,../problems/numeric/counters/vanilla/fz_instance_41.pddl,unsolved,6926.36,False,10000,0,0,0
,counters-on-2082152039-stage2-mcts_eval-primary-narrow-w5-i20,counters,stage2,on,2082152039,fixed_narrow_w5,20,20649860,COMPLETED,/home/hersco/training_new_domains/2026-08-27/statistical_replication_stage2_mcts_eval/20649860_Ev_counters_counters_mcts_orig_vh_e.5_c.1_s2082152039_K0_SR10M_src20430433_e0004.txt,41,../problems/numeric/counters/vanilla/fz_instance_42.pddl,unsolved,7214.63,False,10000,0,0,0
,counters-on-2082152039-stage2-mcts_eval-primary-narrow-w5-i20,counters,stage2,on,2082152039,fixed_narrow_w5,20,20649860,COMPLETED,/home/hersco/training_new_domains/2026-08-27/statistical_replication_stage2_mcts_eval/20649860_Ev_counters_counters_mcts_orig_vh_e.5_c.1_s2082152039_K0_SR10M_src20430433_e0004.txt,42,../problems/numeric/counters/vanilla/fz_instance_43.pddl,unsolved,5211.64,False,10000,0,0,0
,counters-on-2082152039-stage2-mcts_eval-primary-narrow-w5-i20,counters,stage2,on,2082152039,fixed_narrow_w5,20,20649860,COMPLETED,/home/hersco/training_new_domains/2026-08-27/statistical_replication_stage2_mcts_eval/20649860_Ev_counters_counters_mcts_orig_vh_e.5_c.1_s2082152039_K0_SR10M_src20430433_e0004.txt,43,../problems/numeric/counters/vanilla/fz_instance_44.pddl,unsolved,8616.75,False,10000,0,0,0
,counters-on-2082152039-stage2-mcts_eval-primary-narrow-w5-i20,counters,stage2,on,2082152039,fixed_narrow_w5,20,20649860,COMPLETED,/home/hersco/training_new_domains/2026-08-27/statistical_replication_stage2_mcts_eval/20649860_Ev_counters_counters_mcts_orig_vh_e.5_c.1_s2082152039_K0_SR10M_src20430433_e0004.txt,44,../problems/numeric/counters/vanilla/fz_instance_45.pddl,unsolved,9395.59,False,10000,0,0,0
,counters-on-2082152039-stage2-mcts_eval-primary-narrow-w5-i20,counters,stage2,on,2082152039,fixed_narrow_w5,20,20649860,COMPLETED,/home/hersco/training_new_domains/2026-08-27/statistical_replication_stage2_mcts_eval/20649860_Ev_counters_counters_mcts_orig_vh_e.5_c.1_s2082152039_K0_SR10M_src20430433_e0004.txt,45,../problems/numeric/counters/vanilla/fz_instance_46.pddl,unsolved,8438.76,False,10000,0,0,0
,counters-on-2082152039-stage2-mcts_eval-primary-narrow-w5-i20,counters,stage2,on,2082152039,fixed_narrow_w5,20,20649860,COMPLETED,/home/hersco/training_new_domains/2026-08-27/statistical_replication_stage2_mcts_eval/20649860_Ev_counters_counters_mcts_orig_vh_e.5_c.1_s2082152039_K0_SR10M_src20430433_e0004.txt,46,../problems/numeric/counters/vanilla/fz_instance_47.pddl,unsolved,8091.45,False,10000,0,0,0
,counters-on-2082152039-stage2-mcts_eval-primary-narrow-w5-i20,counters,stage2,on,2082152039,fixed_narrow_w5,20,20649860,COMPLETED,/home/hersco/training_new_domains/2026-08-27/statistical_replication_stage2_mcts_eval/20649860_Ev_counters_counters_mcts_orig_vh_e.5_c.1_s2082152039_K0_SR10M_src20430433_e0004.txt,47,../problems/numeric/counters/vanilla/fz_instance_48.pddl,unsolved,8509.57,False,10000,0,0,0
,counters-on-2082152039-stage2-mcts_eval-primary-narrow-w5-i20,counters,stage2,on,2082152039,fixed_narrow_w5,20,20649860,COMPLETED,/home/hersco/training_new_domains/2026-08-27/statistical_replication_stage2_mcts_eval/20649860_Ev_counters_counters_mcts_orig_vh_e.5_c.1_s2082152039_K0_SR10M_src20430433_e0004.txt,48,../problems/numeric/counters/vanilla/fz_instance_49.pddl,unsolved,5276.06,False,10000,0,0,0
,counters-on-2082152039-stage2-mcts_eval-primary-narrow-w5-i20,counters,stage2,on,2082152039,fixed_narrow_w5,20,20649860,COMPLETED,/home/hersco/training_new_domains/2026-08-27/statistical_replication_stage2_mcts_eval/20649860_Ev_counters_counters_mcts_orig_vh_e.5_c.1_s2082152039_K0_SR10M_src20430433_e0004.txt,49,../problems/numeric/counters/vanilla/fz_instance_50.pddl,unsolved,9111.8,False,10000,0,0,0
,counters-on-2082152039-stage2-mcts_eval-primary-narrow-w5-i20,counters,stage2,on,2082152039,fixed_narrow_w5,20,20649860,COMPLETED,/home/hersco/training_new_domains/2026-08-27/statistical_replication_stage2_mcts_eval/20649860_Ev_counters_counters_mcts_orig_vh_e.5_c.1_s2082152039_K0_SR10M_src20430433_e0004.txt,50,../problems/numeric/counters/vanilla/fz_instance_51.pddl,unsolved,8949.79,False,10000,0,0,0
,counters-on-2082152039-stage2-mcts_eval-primary-narrow-w5-i20,counters,stage2,on,2082152039,fixed_narrow_w5,20,20649860,COMPLETED,/home/hersco/training_new_domains/2026-08-27/statistical_replication_stage2_mcts_eval/20649860_Ev_counters_counters_mcts_orig_vh_e.5_c.1_s2082152039_K0_SR10M_src20430433_e0004.txt,51,../problems/numeric/counters/vanilla/fz_instance_52.pddl,unsolved,9656.45,False,10000,0,0,0
,counters-on-2082152039-stage2-mcts_eval-primary-narrow-w5-i20,counters,stage2,on,2082152039,fixed_narrow_w5,20,20649860,COMPLETED,/home/hersco/training_new_domains/2026-08-27/statistical_replication_stage2_mcts_eval/20649860_Ev_counters_counters_mcts_orig_vh_e.5_c.1_s2082152039_K0_SR10M_src20430433_e0004.txt,52,../problems/numeric/counters/vanilla/fz_instance_53.pddl,unsolved,8940.56,False,10000,0,0,0
,counters-on-2082152039-stage2-mcts_eval-primary-narrow-w5-i20,counters,stage2,on,2082152039,fixed_narrow_w5,20,20649860,COMPLETED,/home/hersco/training_new_domains/2026-08-27/statistical_replication_stage2_mcts_eval/20649860_Ev_counters_counters_mcts_orig_vh_e.5_c.1_s2082152039_K0_SR10M_src20430433_e0004.txt,53,../problems/numeric/counters/vanilla/fz_instance_54.pddl,unsolved,9497.16,False,10000,0,0,0
,counters-on-2082152039-stage2-mcts_eval-primary-narrow-w5-i20,counters,stage2,on,2082152039,fixed_narrow_w5,20,20649860,COMPLETED,/home/hersco/training_new_domains/2026-08-27/statistical_replication_stage2_mcts_eval/20649860_Ev_counters_counters_mcts_orig_vh_e.5_c.1_s2082152039_K0_SR10M_src20430433_e0004.txt,54,../problems/numeric/counters/vanilla/fz_instance_55.pddl,unsolved,8738.6,False,10000,0,0,0
,counters-on-2082152039-stage2-mcts_eval-primary-narrow-w5-i20,counters,stage2,on,2082152039,fixed_narrow_w5,20,20649860,COMPLETED,/home/hersco/training_new_domains/2026-08-27/statistical_replication_stage2_mcts_eval/20649860_Ev_counters_counters_mcts_orig_vh_e.5_c.1_s2082152039_K0_SR10M_src20430433_e0004.txt,55,../problems/numeric/counters/vanilla/fz_instance_56.pddl,unsolved,8840.67,False,10000,0,0,0
,counters-on-2082152039-stage2-mcts_eval-primary-narrow-w5-i20,counters,stage2,on,2082152039,fixed_narrow_w5,20,20649860,COMPLETED,/home/hersco/training_new_domains/2026-08-27/statistical_replication_stage2_mcts_eval/20649860_Ev_counters_counters_mcts_orig_vh_e.5_c.1_s2082152039_K0_SR10M_src20430433_e0004.txt,56,../problems/numeric/counters/vanilla/fz_instance_57.pddl,unsolved,6992.88,False,10000,0,0,0
,counters-on-2082152039-stage2-mcts_eval-primary-narrow-w5-i20,counters,stage2,on,2082152039,fixed_narrow_w5,20,20649860,COMPLETED,/home/hersco/training_new_domains/2026-08-27/statistical_replication_stage2_mcts_eval/20649860_Ev_counters_counters_mcts_orig_vh_e.5_c.1_s2082152039_K0_SR10M_src20430433_e0004.txt,57,../problems/numeric/counters/vanilla/fz_instance_58.pddl,unsolved,11442.65,False,10000,0,0,0
,counters-on-2082152039-stage2-mcts_eval-primary-narrow-w5-i20,counters,stage2,on,2082152039,fixed_narrow_w5,20,20649860,COMPLETED,/home/hersco/training_new_domains/2026-08-27/statistical_replication_stage2_mcts_eval/20649860_Ev_counters_counters_mcts_orig_vh_e.5_c.1_s2082152039_K0_SR10M_src20430433_e0004.txt,58,../problems/numeric/counters/vanilla/fz_instance_59.pddl,unsolved,10696.35,False,10000,0,0,0
,counters-on-2082152039-stage2-mcts_eval-primary-narrow-w5-i20,counters,stage2,on,2082152039,fixed_narrow_w5,20,20649860,COMPLETED,/home/hersco/training_new_domains/2026-08-27/statistical_replication_stage2_mcts_eval/20649860_Ev_counters_counters_mcts_orig_vh_e.5_c.1_s2082152039_K0_SR10M_src20430433_e0004.txt,59,../problems/numeric/counters/vanilla/fz_instance_60.pddl,unsolved,9417.28,False,10000,0,0,0
,counters-on-923500475-stage2-mcts_eval-primary-narrow-w5-i20,counters,stage2,on,923500475,fixed_narrow_w5,20,20649862,OUT_OF_MEMORY,/home/hersco/training_new_domains/2026-08-27/statistical_replication_stage2_mcts_eval/20649862_Ev_counters_counters_mcts_orig_vh_e.5_c.1_s923500475_K0_SR10M_src20430435_e0001.txt,1,../problems/numeric/counters/vanilla/fz_instance_2.pddl,success,7.03,True,1,1,1,1
,counters-on-923500475-stage2-mcts_eval-primary-narrow-w5-i20,counters,stage2,on,923500475,fixed_narrow_w5,20,20649862,OUT_OF_MEMORY,/home/hersco/training_new_domains/2026-08-27/statistical_replication_stage2_mcts_eval/20649862_Ev_counters_counters_mcts_orig_vh_e.5_c.1_s923500475_K0_SR10M_src20430435_e0001.txt,2,../problems/numeric/counters/vanilla/fz_instance_3.pddl,success,9.04,True,3,1,1,1
,counters-on-923500475-stage2-mcts_eval-primary-narrow-w5-i20,counters,stage2,on,923500475,fixed_narrow_w5,20,20649862,OUT_OF_MEMORY,/home/hersco/training_new_domains/2026-08-27/statistical_replication_stage2_mcts_eval/20649862_Ev_counters_counters_mcts_orig_vh_e.5_c.1_s923500475_K0_SR10M_src20430435_e0001.txt,3,../problems/numeric/counters/vanilla/fz_instance_4.pddl,success,9.3,True,8,1,1,1
,counters-on-923500475-stage2-mcts_eval-primary-narrow-w5-i20,counters,stage2,on,923500475,fixed_narrow_w5,20,20649862,OUT_OF_MEMORY,/home/hersco/training_new_domains/2026-08-27/statistical_replication_stage2_mcts_eval/20649862_Ev_counters_counters_mcts_orig_vh_e.5_c.1_s923500475_K0_SR10M_src20430435_e0001.txt,4,../problems/numeric/counters/vanilla/fz_instance_5.pddl,success,9.3,True,12,1,1,1
,counters-on-923500475-stage2-mcts_eval-primary-narrow-w5-i20,counters,stage2,on,923500475,fixed_narrow_w5,20,20649862,OUT_OF_MEMORY,/home/hersco/training_new_domains/2026-08-27/statistical_replication_stage2_mcts_eval/20649862_Ev_counters_counters_mcts_orig_vh_e.5_c.1_s923500475_K0_SR10M_src20430435_e0001.txt,5,../problems/numeric/counters/vanilla/fz_instance_6.pddl,success,662.23,True,9507,1,1,1
,counters-on-923500475-stage2-mcts_eval-primary-narrow-w5-i20,counters,stage2,on,923500475,fixed_narrow_w5,20,20649862,OUT_OF_MEMORY,/home/hersco/training_new_domains/2026-08-27/statistical_replication_stage2_mcts_eval/20649862_Ev_counters_counters_mcts_orig_vh_e.5_c.1_s923500475_K0_SR10M_src20430435_e0001.txt,6,../problems/numeric/counters/vanilla/fz_instance_7.pddl,unsolved,522.98,False,10000,0,0,0
,counters-on-923500475-stage2-mcts_eval-primary-narrow-w5-i20,counters,stage2,on,923500475,fixed_narrow_w5,20,20649862,OUT_OF_MEMORY,/home/hersco/training_new_domains/2026-08-27/statistical_replication_stage2_mcts_eval/20649862_Ev_counters_counters_mcts_orig_vh_e.5_c.1_s923500475_K0_SR10M_src20430435_e0001.txt,7,../problems/numeric/counters/vanilla/fz_instance_8.pddl,unsolved,550.27,False,10000,0,0,0
,counters-on-923500475-stage2-mcts_eval-primary-narrow-w5-i20,counters,stage2,on,923500475,fixed_narrow_w5,20,20649862,OUT_OF_MEMORY,/home/hersco/training_new_domains/2026-08-27/statistical_replication_stage2_mcts_eval/20649862_Ev_counters_counters_mcts_orig_vh_e.5_c.1_s923500475_K0_SR10M_src20430435_e0001.txt,8,../problems/numeric/counters/vanilla/fz_instance_9.pddl,unsolved,844.51,False,10000,0,0,0
,counters-on-923500475-stage2-mcts_eval-primary-narrow-w5-i20,counters,stage2,on,923500475,fixed_narrow_w5,20,20649862,OUT_OF_MEMORY,/home/hersco/training_new_domains/2026-08-27/statistical_replication_stage2_mcts_eval/20649862_Ev_counters_counters_mcts_orig_vh_e.5_c.1_s923500475_K0_SR10M_src20430435_e0001.txt,9,../problems/numeric/counters/vanilla/fz_instance_10.pddl,unsolved,905.88,False,10000,0,0,0
,counters-on-923500475-stage2-mcts_eval-primary-narrow-w5-i20,counters,stage2,on,923500475,fixed_narrow_w5,20,20649862,OUT_OF_MEMORY,/home/hersco/training_new_domains/2026-08-27/statistical_replication_stage2_mcts_eval/20649862_Ev_counters_counters_mcts_orig_vh_e.5_c.1_s923500475_K0_SR10M_src20430435_e0001.txt,10,../problems/numeric/counters/vanilla/fz_instance_11.pddl,unsolved,904.16,False,10000,0,0,0
,counters-on-923500475-stage2-mcts_eval-primary-narrow-w5-i20,counters,stage2,on,923500475,fixed_narrow_w5,20,20649862,OUT_OF_MEMORY,/home/hersco/training_new_domains/2026-08-27/statistical_replication_stage2_mcts_eval/20649862_Ev_counters_counters_mcts_orig_vh_e.5_c.1_s923500475_K0_SR10M_src20430435_e0001.txt,11,../problems/numeric/counters/vanilla/fz_instance_12.pddl,unsolved,826.78,False,10000,0,0,0
,counters-on-923500475-stage2-mcts_eval-primary-narrow-w5-i20,counters,stage2,on,923500475,fixed_narrow_w5,20,20649862,OUT_OF_MEMORY,/home/hersco/training_new_domains/2026-08-27/statistical_replication_stage2_mcts_eval/20649862_Ev_counters_counters_mcts_orig_vh_e.5_c.1_s923500475_K0_SR10M_src20430435_e0001.txt,12,../problems/numeric/counters/vanilla/fz_instance_13.pddl,success,170.82,True,894,1,1,1
,counters-on-923500475-stage2-mcts_eval-primary-narrow-w5-i20,counters,stage2,on,923500475,fixed_narrow_w5,20,20649862,OUT_OF_MEMORY,/home/hersco/training_new_domains/2026-08-27/statistical_replication_stage2_mcts_eval/20649862_Ev_counters_counters_mcts_orig_vh_e.5_c.1_s923500475_K0_SR10M_src20430435_e0001.txt,13,../problems/numeric/counters/vanilla/fz_instance_14.pddl,success,141.09,True,608,1,1,1
,counters-on-923500475-stage2-mcts_eval-primary-narrow-w5-i20,counters,stage2,on,923500475,fixed_narrow_w5,20,20649862,OUT_OF_MEMORY,/home/hersco/training_new_domains/2026-08-27/statistical_replication_stage2_mcts_eval/20649862_Ev_counters_counters_mcts_orig_vh_e.5_c.1_s923500475_K0_SR10M_src20430435_e0001.txt,14,../problems/numeric/counters/vanilla/fz_instance_15.pddl,success,137.31,True,585,1,1,1
,counters-on-923500475-stage2-mcts_eval-primary-narrow-w5-i20,counters,stage2,on,923500475,fixed_narrow_w5,20,20649862,OUT_OF_MEMORY,/home/hersco/training_new_domains/2026-08-27/statistical_replication_stage2_mcts_eval/20649862_Ev_counters_counters_mcts_orig_vh_e.5_c.1_s923500475_K0_SR10M_src20430435_e0001.txt,15,../problems/numeric/counters/vanilla/fz_instance_16.pddl,success,147.01,True,621,1,1,1
,counters-on-923500475-stage2-mcts_eval-primary-narrow-w5-i20,counters,stage2,on,923500475,fixed_narrow_w5,20,20649862,OUT_OF_MEMORY,/home/hersco/training_new_domains/2026-08-27/statistical_replication_stage2_mcts_eval/20649862_Ev_counters_counters_mcts_orig_vh_e.5_c.1_s923500475_K0_SR10M_src20430435_e0001.txt,16,../problems/numeric/counters/vanilla/fz_instance_17.pddl,success,179.65,True,714,1,1,1
,counters-on-923500475-stage2-mcts_eval-primary-narrow-w5-i20,counters,stage2,on,923500475,fixed_narrow_w5,20,20649862,OUT_OF_MEMORY,/home/hersco/training_new_domains/2026-08-27/statistical_replication_stage2_mcts_eval/20649862_Ev_counters_counters_mcts_orig_vh_e.5_c.1_s923500475_K0_SR10M_src20430435_e0001.txt,17,../problems/numeric/counters/vanilla/fz_instance_18.pddl,success,213.14,True,795,1,1,1
,counters-on-923500475-stage2-mcts_eval-primary-narrow-w5-i20,counters,stage2,on,923500475,fixed_narrow_w5,20,20649862,OUT_OF_MEMORY,/home/hersco/training_new_domains/2026-08-27/statistical_replication_stage2_mcts_eval/20649862_Ev_counters_counters_mcts_orig_vh_e.5_c.1_s923500475_K0_SR10M_src20430435_e0001.txt,18,../problems/numeric/counters/vanilla/fz_instance_19.pddl,success,256.75,True,791,1,1,1
,counters-on-923500475-stage2-mcts_eval-primary-narrow-w5-i20,counters,stage2,on,923500475,fixed_narrow_w5,20,20649862,OUT_OF_MEMORY,/home/hersco/training_new_domains/2026-08-27/statistical_replication_stage2_mcts_eval/20649862_Ev_counters_counters_mcts_orig_vh_e.5_c.1_s923500475_K0_SR10M_src20430435_e0001.txt,19,../problems/numeric/counters/vanilla/fz_instance_20.pddl,success,270.12,True,827,1,1,1
,counters-on-923500475-stage2-mcts_eval-primary-narrow-w5-i20,counters,stage2,on,923500475,fixed_narrow_w5,20,20649862,OUT_OF_MEMORY,/home/hersco/training_new_domains/2026-08-27/statistical_replication_stage2_mcts_eval/20649862_Ev_counters_counters_mcts_orig_vh_e.5_c.1_s923500475_K0_SR10M_src20430435_e0001.txt,20,../problems/numeric/counters/vanilla/fz_instance_21.pddl,success,313.31,True,910,1,1,1
,counters-on-923500475-stage2-mcts_eval-primary-narrow-w5-i20,counters,stage2,on,923500475,fixed_narrow_w5,20,20649862,OUT_OF_MEMORY,/home/hersco/training_new_domains/2026-08-27/statistical_replication_stage2_mcts_eval/20649862_Ev_counters_counters_mcts_orig_vh_e.5_c.1_s923500475_K0_SR10M_src20430435_e0001.txt,21,../problems/numeric/counters/vanilla/fz_instance_22.pddl,success,346.34,True,941,1,1,1
,counters-on-923500475-stage2-mcts_eval-primary-narrow-w5-i20,counters,stage2,on,923500475,fixed_narrow_w5,20,20649862,OUT_OF_MEMORY,/home/hersco/training_new_domains/2026-08-27/statistical_replication_stage2_mcts_eval/20649862_Ev_counters_counters_mcts_orig_vh_e.5_c.1_s923500475_K0_SR10M_src20430435_e0001.txt,22,../problems/numeric/counters/vanilla/fz_instance_23.pddl,success,467.89,True,988,1,1,1
,counters-on-923500475-stage2-mcts_eval-primary-narrow-w5-i20,counters,stage2,on,923500475,fixed_narrow_w5,20,20649862,OUT_OF_MEMORY,/home/hersco/training_new_domains/2026-08-27/statistical_replication_stage2_mcts_eval/20649862_Ev_counters_counters_mcts_orig_vh_e.5_c.1_s923500475_K0_SR10M_src20430435_e0001.txt,23,../problems/numeric/counters/vanilla/fz_instance_24.pddl,success,502.32,True,1083,1,1,1
,counters-on-923500475-stage2-mcts_eval-primary-narrow-w5-i20,counters,stage2,on,923500475,fixed_narrow_w5,20,20649862,OUT_OF_MEMORY,/home/hersco/training_new_domains/2026-08-27/statistical_replication_stage2_mcts_eval/20649862_Ev_counters_counters_mcts_orig_vh_e.5_c.1_s923500475_K0_SR10M_src20430435_e0001.txt,24,../problems/numeric/counters/vanilla/fz_instance_25.pddl,success,521.8,True,1126,1,1,1
,counters-on-923500475-stage2-mcts_eval-primary-narrow-w5-i20,counters,stage2,on,923500475,fixed_narrow_w5,20,20649862,OUT_OF_MEMORY,/home/hersco/training_new_domains/2026-08-27/statistical_replication_stage2_mcts_eval/20649862_Ev_counters_counters_mcts_orig_vh_e.5_c.1_s923500475_K0_SR10M_src20430435_e0001.txt,25,../problems/numeric/counters/vanilla/fz_instance_26.pddl,success,571.78,True,1192,1,1,1
,counters-on-923500475-stage2-mcts_eval-primary-narrow-w5-i20,counters,stage2,on,923500475,fixed_narrow_w5,20,20649862,OUT_OF_MEMORY,/home/hersco/training_new_domains/2026-08-27/statistical_replication_stage2_mcts_eval/20649862_Ev_counters_counters_mcts_orig_vh_e.5_c.1_s923500475_K0_SR10M_src20430435_e0001.txt,26,../problems/numeric/counters/vanilla/fz_instance_27.pddl,success,800.87,True,1255,1,1,1
,counters-on-923500475-stage2-mcts_eval-primary-narrow-w5-i20,counters,stage2,on,923500475,fixed_narrow_w5,20,20649862,OUT_OF_MEMORY,/home/hersco/training_new_domains/2026-08-27/statistical_replication_stage2_mcts_eval/20649862_Ev_counters_counters_mcts_orig_vh_e.5_c.1_s923500475_K0_SR10M_src20430435_e0001.txt,27,../problems/numeric/counters/vanilla/fz_instance_28.pddl,success,974.16,True,1425,1,1,1
,counters-on-923500475-stage2-mcts_eval-primary-narrow-w5-i20,counters,stage2,on,923500475,fixed_narrow_w5,20,20649862,OUT_OF_MEMORY,/home/hersco/training_new_domains/2026-08-27/statistical_replication_stage2_mcts_eval/20649862_Ev_counters_counters_mcts_orig_vh_e.5_c.1_s923500475_K0_SR10M_src20430435_e0001.txt,28,../problems/numeric/counters/vanilla/fz_instance_29.pddl,success,1010.35,True,1390,1,1,1
,counters-on-923500475-stage2-mcts_eval-primary-narrow-w5-i20,counters,stage2,on,923500475,fixed_narrow_w5,20,20649862,OUT_OF_MEMORY,/home/hersco/training_new_domains/2026-08-27/statistical_replication_stage2_mcts_eval/20649862_Ev_counters_counters_mcts_orig_vh_e.5_c.1_s923500475_K0_SR10M_src20430435_e0001.txt,29,../problems/numeric/counters/vanilla/fz_instance_30.pddl,success,1218.96,True,1454,1,1,1
,counters-on-923500475-stage2-mcts_eval-primary-narrow-w5-i20,counters,stage2,on,923500475,fixed_narrow_w5,20,20649862,OUT_OF_MEMORY,/home/hersco/training_new_domains/2026-08-27/statistical_replication_stage2_mcts_eval/20649862_Ev_counters_counters_mcts_orig_vh_e.5_c.1_s923500475_K0_SR10M_src20430435_e0001.txt,30,../problems/numeric/counters/vanilla/fz_instance_31.pddl,success,1480.44,True,1527,1,1,1
,counters-on-923500475-stage2-mcts_eval-primary-narrow-w5-i20,counters,stage2,on,923500475,fixed_narrow_w5,20,20649862,OUT_OF_MEMORY,/home/hersco/training_new_domains/2026-08-27/statistical_replication_stage2_mcts_eval/20649862_Ev_counters_counters_mcts_orig_vh_e.5_c.1_s923500475_K0_SR10M_src20430435_e0001.txt,31,../problems/numeric/counters/vanilla/fz_instance_32.pddl,success,2123.55,True,1739,0,1,1
,counters-on-923500475-stage2-mcts_eval-primary-narrow-w5-i20,counters,stage2,on,923500475,fixed_narrow_w5,20,20649862,OUT_OF_MEMORY,/home/hersco/training_new_domains/2026-08-27/statistical_replication_stage2_mcts_eval/20649862_Ev_counters_counters_mcts_orig_vh_e.5_c.1_s923500475_K0_SR10M_src20430435_e0001.txt,32,../problems/numeric/counters/vanilla/fz_instance_33.pddl,success,2410.46,True,1837,0,1,1
,counters-on-923500475-stage2-mcts_eval-primary-narrow-w5-i20,counters,stage2,on,923500475,fixed_narrow_w5,20,20649862,OUT_OF_MEMORY,/home/hersco/training_new_domains/2026-08-27/statistical_replication_stage2_mcts_eval/20649862_Ev_counters_counters_mcts_orig_vh_e.5_c.1_s923500475_K0_SR10M_src20430435_e0001.txt,33,../problems/numeric/counters/vanilla/fz_instance_34.pddl,success,2564.03,True,1812,0,1,1
,counters-on-923500475-stage2-mcts_eval-primary-narrow-w5-i20,counters,stage2,on,923500475,fixed_narrow_w5,20,20649862,OUT_OF_MEMORY,/home/hersco/training_new_domains/2026-08-27/statistical_replication_stage2_mcts_eval/20649862_Ev_counters_counters_mcts_orig_vh_e.5_c.1_s923500475_K0_SR10M_src20430435_e0001.txt,34,../problems/numeric/counters/vanilla/fz_instance_35.pddl,unsolved,12546.0,False,10000,0,0,0
,counters-on-923500475-stage2-mcts_eval-primary-narrow-w5-i20,counters,stage2,on,923500475,fixed_narrow_w5,20,20649862,OUT_OF_MEMORY,/home/hersco/training_new_domains/2026-08-27/statistical_replication_stage2_mcts_eval/20649862_Ev_counters_counters_mcts_orig_vh_e.5_c.1_s923500475_K0_SR10M_src20430435_e0001.txt,35,../problems/numeric/counters/vanilla/fz_instance_36.pddl,unsolved,12742.71,False,10000,0,0,0
,counters-on-923500475-stage2-mcts_eval-primary-narrow-w5-i20,counters,stage2,on,923500475,fixed_narrow_w5,20,20649862,OUT_OF_MEMORY,/home/hersco/training_new_domains/2026-08-27/statistical_replication_stage2_mcts_eval/20649862_Ev_counters_counters_mcts_orig_vh_e.5_c.1_s923500475_K0_SR10M_src20430435_e0001.txt,36,../problems/numeric/counters/vanilla/fz_instance_37.pddl,unsolved,12982.46,False,10000,0,0,0
,counters-on-923500475-stage2-mcts_eval-primary-narrow-w5-i20,counters,stage2,on,923500475,fixed_narrow_w5,20,20649862,OUT_OF_MEMORY,/home/hersco/training_new_domains/2026-08-27/statistical_replication_stage2_mcts_eval/20649862_Ev_counters_counters_mcts_orig_vh_e.5_c.1_s923500475_K0_SR10M_src20430435_e0001.txt,37,../problems/numeric/counters/vanilla/fz_instance_38.pddl,unsolved,6411.37,False,10000,0,0,0
,counters-on-923500475-stage2-mcts_eval-primary-narrow-w5-i20,counters,stage2,on,923500475,fixed_narrow_w5,20,20649862,OUT_OF_MEMORY,/home/hersco/training_new_domains/2026-08-27/statistical_replication_stage2_mcts_eval/20649862_Ev_counters_counters_mcts_orig_vh_e.5_c.1_s923500475_K0_SR10M_src20430435_e0001.txt,38,../problems/numeric/counters/vanilla/fz_instance_39.pddl,success,4121.96,True,2081,0,1,1
,counters-on-923500475-stage2-mcts_eval-primary-narrow-w5-i20,counters,stage2,on,923500475,fixed_narrow_w5,20,20649862,OUT_OF_MEMORY,/home/hersco/training_new_domains/2026-08-27/statistical_replication_stage2_mcts_eval/20649862_Ev_counters_counters_mcts_orig_vh_e.5_c.1_s923500475_K0_SR10M_src20430435_e0001.txt,39,../problems/numeric/counters/vanilla/fz_instance_40.pddl,unsolved,11594.28,False,10000,0,0,0
,counters-on-923500475-stage2-mcts_eval-primary-narrow-w5-i20,counters,stage2,on,923500475,fixed_narrow_w5,20,20649862,OUT_OF_MEMORY,/home/hersco/training_new_domains/2026-08-27/statistical_replication_stage2_mcts_eval/20649862_Ev_counters_counters_mcts_orig_vh_e.5_c.1_s923500475_K0_SR10M_src20430435_e0001.txt,40,../problems/numeric/counters/vanilla/fz_instance_41.pddl,unsolved,12675.72,False,10000,0,0,0
,counters-on-923500475-stage2-mcts_eval-primary-narrow-w5-i20,counters,stage2,on,923500475,fixed_narrow_w5,20,20649862,OUT_OF_MEMORY,/home/hersco/training_new_domains/2026-08-27/statistical_replication_stage2_mcts_eval/20649862_Ev_counters_counters_mcts_orig_vh_e.5_c.1_s923500475_K0_SR10M_src20430435_e0001.txt,41,../problems/numeric/counters/vanilla/fz_instance_42.pddl,unsolved,13845.11,False,10000,0,0,0
,counters-on-923500475-stage2-mcts_eval-primary-narrow-w5-i20,counters,stage2,on,923500475,fixed_narrow_w5,20,20649862,OUT_OF_MEMORY,/home/hersco/training_new_domains/2026-08-27/statistical_replication_stage2_mcts_eval/20649862_Ev_counters_counters_mcts_orig_vh_e.5_c.1_s923500475_K0_SR10M_src20430435_e0001.txt,42,../problems/numeric/counters/vanilla/fz_instance_43.pddl,unsolved,5414.49,False,10000,0,0,0
,counters-on-923500475-stage2-mcts_eval-primary-narrow-w5-i20,counters,stage2,on,923500475,fixed_narrow_w5,20,20649862,OUT_OF_MEMORY,/home/hersco/training_new_domains/2026-08-27/statistical_replication_stage2_mcts_eval/20649862_Ev_counters_counters_mcts_orig_vh_e.5_c.1_s923500475_K0_SR10M_src20430435_e0001.txt,43,../problems/numeric/counters/vanilla/fz_instance_44.pddl,unsolved,9582.86,False,10000,0,0,0
,counters-on-923500475-stage2-mcts_eval-primary-narrow-w5-i20,counters,stage2,on,923500475,fixed_narrow_w5,20,20649862,OUT_OF_MEMORY,/home/hersco/training_new_domains/2026-08-27/statistical_replication_stage2_mcts_eval/20649862_Ev_counters_counters_mcts_orig_vh_e.5_c.1_s923500475_K0_SR10M_src20430435_e0001.txt,44,../problems/numeric/counters/vanilla/fz_instance_45.pddl,unsolved,10135.64,False,10000,0,0,0
,counters-on-923500475-stage2-mcts_eval-primary-narrow-w5-i20,counters,stage2,on,923500475,fixed_narrow_w5,20,20649862,OUT_OF_MEMORY,/home/hersco/training_new_domains/2026-08-27/statistical_replication_stage2_mcts_eval/20649862_Ev_counters_counters_mcts_orig_vh_e.5_c.1_s923500475_K0_SR10M_src20430435_e0001.txt,45,../problems/numeric/counters/vanilla/fz_instance_46.pddl,unsolved,11092.02,False,10000,0,0,0
,counters-on-923500475-stage2-mcts_eval-primary-narrow-w5-i20,counters,stage2,on,923500475,fixed_narrow_w5,20,20649862,OUT_OF_MEMORY,/home/hersco/training_new_domains/2026-08-27/statistical_replication_stage2_mcts_eval/20649862_Ev_counters_counters_mcts_orig_vh_e.5_c.1_s923500475_K0_SR10M_src20430435_e0001.txt,46,../problems/numeric/counters/vanilla/fz_instance_47.pddl,timeout,21600.0,False,-1,0,0,0
,counters-on-923500475-stage2-mcts_eval-primary-narrow-w5-i20,counters,stage2,on,923500475,fixed_narrow_w5,20,20649862,OUT_OF_MEMORY,/home/hersco/training_new_domains/2026-08-27/statistical_replication_stage2_mcts_eval/20649862_Ev_counters_counters_mcts_orig_vh_e.5_c.1_s923500475_K0_SR10M_src20430435_e0001.txt,47,../problems/numeric/counters/vanilla/fz_instance_48.pddl,unsolved,12993.54,False,10000,0,0,0
,counters-on-923500475-stage2-mcts_eval-primary-narrow-w5-i20,counters,stage2,on,923500475,fixed_narrow_w5,20,20649862,OUT_OF_MEMORY,/home/hersco/training_new_domains/2026-08-27/statistical_replication_stage2_mcts_eval/20649862_Ev_counters_counters_mcts_orig_vh_e.5_c.1_s923500475_K0_SR10M_src20430435_e0001.txt,48,../problems/numeric/counters/vanilla/fz_instance_49.pddl,unsolved,12100.38,False,10000,0,0,0
,counters-on-923500475-stage2-mcts_eval-primary-narrow-w5-i20,counters,stage2,on,923500475,fixed_narrow_w5,20,20649862,OUT_OF_MEMORY,/home/hersco/training_new_domains/2026-08-27/statistical_replication_stage2_mcts_eval/20649862_Ev_counters_counters_mcts_orig_vh_e.5_c.1_s923500475_K0_SR10M_src20430435_e0001.txt,49,../problems/numeric/counters/vanilla/fz_instance_50.pddl,unsolved,12495.74,False,10000,0,0,0
,counters-on-923500475-stage2-mcts_eval-primary-narrow-w5-i20,counters,stage2,on,923500475,fixed_narrow_w5,20,20649862,OUT_OF_MEMORY,/home/hersco/training_new_domains/2026-08-27/statistical_replication_stage2_mcts_eval/20649862_Ev_counters_counters_mcts_orig_vh_e.5_c.1_s923500475_K0_SR10M_src20430435_e0001.txt,50,../problems/numeric/counters/vanilla/fz_instance_51.pddl,unsolved,21028.74,False,10000,0,0,0
,counters-on-923500475-stage2-mcts_eval-primary-narrow-w5-i20,counters,stage2,on,923500475,fixed_narrow_w5,20,20649862,OUT_OF_MEMORY,/home/hersco/training_new_domains/2026-08-27/statistical_replication_stage2_mcts_eval/20649862_Ev_counters_counters_mcts_orig_vh_e.5_c.1_s923500475_K0_SR10M_src20430435_e0001.txt,51,../problems/numeric/counters/vanilla/fz_instance_52.pddl,unsolved,18821.59,False,10000,0,0,0
,counters-on-923500475-stage2-mcts_eval-primary-narrow-w5-i20,counters,stage2,on,923500475,fixed_narrow_w5,20,20649862,OUT_OF_MEMORY,/home/hersco/training_new_domains/2026-08-27/statistical_replication_stage2_mcts_eval/20649862_Ev_counters_counters_mcts_orig_vh_e.5_c.1_s923500475_K0_SR10M_src20430435_e0001.txt,52,../problems/numeric/counters/vanilla/fz_instance_53.pddl,unsolved,20037.59,False,10000,0,0,0
,counters-on-923500475-stage2-mcts_eval-primary-narrow-w5-i20,counters,stage2,on,923500475,fixed_narrow_w5,20,20649862,OUT_OF_MEMORY,/home/hersco/training_new_domains/2026-08-27/statistical_replication_stage2_mcts_eval/20649862_Ev_counters_counters_mcts_orig_vh_e.5_c.1_s923500475_K0_SR10M_src20430435_e0001.txt,53,../problems/numeric/counters/vanilla/fz_instance_54.pddl,timeout,21600.0,False,-1,0,0,0
,counters-on-923500475-stage2-mcts_eval-primary-narrow-w5-i20,counters,stage2,on,923500475,fixed_narrow_w5,20,20649862,OUT_OF_MEMORY,/home/hersco/training_new_domains/2026-08-27/statistical_replication_stage2_mcts_eval/20649862_Ev_counters_counters_mcts_orig_vh_e.5_c.1_s923500475_K0_SR10M_src20430435_e0001.txt,54,../problems/numeric/counters/vanilla/fz_instance_55.pddl,timeout,21600.0,False,-1,0,0,0
,counters-on-923500475-stage2-mcts_eval-primary-narrow-w5-i20,counters,stage2,on,923500475,fixed_narrow_w5,20,20649862,OUT_OF_MEMORY,/home/hersco/training_new_domains/2026-08-27/statistical_replication_stage2_mcts_eval/20649862_Ev_counters_counters_mcts_orig_vh_e.5_c.1_s923500475_K0_SR10M_src20430435_e0001.txt,55,../problems/numeric/counters/vanilla/fz_instance_56.pddl,timeout,21600.0,False,-1,0,0,0
,counters-on-923500475-stage2-mcts_eval-primary-narrow-w5-i20,counters,stage2,on,923500475,fixed_narrow_w5,20,20649862,OUT_OF_MEMORY,/home/hersco/training_new_domains/2026-08-27/statistical_replication_stage2_mcts_eval/20649862_Ev_counters_counters_mcts_orig_vh_e.5_c.1_s923500475_K0_SR10M_src20430435_e0001.txt,56,../problems/numeric/counters/vanilla/fz_instance_57.pddl,timeout,21600.0,False,-1,0,0,0
,counters-on-923500475-stage2-mcts_eval-primary-narrow-w5-i20,counters,stage2,on,923500475,fixed_narrow_w5,20,20649862,OUT_OF_MEMORY,/home/hersco/training_new_domains/2026-08-27/statistical_replication_stage2_mcts_eval/20649862_Ev_counters_counters_mcts_orig_vh_e.5_c.1_s923500475_K0_SR10M_src20430435_e0001.txt,57,../problems/numeric/counters/vanilla/fz_instance_58.pddl,timeout,21600.0,False,-1,0,0,0
,counters-on-923500475-stage2-mcts_eval-primary-narrow-w5-i20,counters,stage2,on,923500475,fixed_narrow_w5,20,20649862,OUT_OF_MEMORY,/home/hersco/training_new_domains/2026-08-27/statistical_replication_stage2_mcts_eval/20649862_Ev_counters_counters_mcts_orig_vh_e.5_c.1_s923500475_K0_SR10M_src20430435_e0001.txt,58,../problems/numeric/counters/vanilla/fz_instance_59.pddl,timeout,21600.0,False,-1,0,0,0
,counters-on-923500475-stage2-mcts_eval-primary-narrow-w5-i20,counters,stage2,on,923500475,fixed_narrow_w5,20,20649862,OUT_OF_MEMORY,/home/hersco/training_new_domains/2026-08-27/statistical_replication_stage2_mcts_eval/20649862_Ev_counters_counters_mcts_orig_vh_e.5_c.1_s923500475_K0_SR10M_src20430435_e0001.txt,59,../problems/numeric/counters/vanilla/fz_instance_60.pddl,timeout,21600.0,False,-1,0,0,0
,counters-on-1972442430-stage2-mcts_eval-primary-narrow-w5-i20,counters,stage2,on,1972442430,fixed_narrow_w5,20,20649863,OUT_OF_MEMORY,/home/hersco/training_new_domains/2026-08-27/statistical_replication_stage2_mcts_eval/20649863_Ev_counters_counters_mcts_orig_vh_e.5_c.1_s1972442430_K0_SR10M_src20430436_e0030.txt,1,../problems/numeric/counters/vanilla/fz_instance_2.pddl,success,8.28,True,1,1,1,1
,counters-on-1972442430-stage2-mcts_eval-primary-narrow-w5-i20,counters,stage2,on,1972442430,fixed_narrow_w5,20,20649863,OUT_OF_MEMORY,/home/hersco/training_new_domains/2026-08-27/statistical_replication_stage2_mcts_eval/20649863_Ev_counters_counters_mcts_orig_vh_e.5_c.1_s1972442430_K0_SR10M_src20430436_e0030.txt,2,../problems/numeric/counters/vanilla/fz_instance_3.pddl,success,10.06,True,3,1,1,1
,counters-on-1972442430-stage2-mcts_eval-primary-narrow-w5-i20,counters,stage2,on,1972442430,fixed_narrow_w5,20,20649863,OUT_OF_MEMORY,/home/hersco/training_new_domains/2026-08-27/statistical_replication_stage2_mcts_eval/20649863_Ev_counters_counters_mcts_orig_vh_e.5_c.1_s1972442430_K0_SR10M_src20430436_e0030.txt,3,../problems/numeric/counters/vanilla/fz_instance_4.pddl,success,8.79,True,6,1,1,1
,counters-on-1972442430-stage2-mcts_eval-primary-narrow-w5-i20,counters,stage2,on,1972442430,fixed_narrow_w5,20,20649863,OUT_OF_MEMORY,/home/hersco/training_new_domains/2026-08-27/statistical_replication_stage2_mcts_eval/20649863_Ev_counters_counters_mcts_orig_vh_e.5_c.1_s1972442430_K0_SR10M_src20430436_e0030.txt,4,../problems/numeric/counters/vanilla/fz_instance_5.pddl,success,10.6,True,10,1,1,1
,counters-on-1972442430-stage2-mcts_eval-primary-narrow-w5-i20,counters,stage2,on,1972442430,fixed_narrow_w5,20,20649863,OUT_OF_MEMORY,/home/hersco/training_new_domains/2026-08-27/statistical_replication_stage2_mcts_eval/20649863_Ev_counters_counters_mcts_orig_vh_e.5_c.1_s1972442430_K0_SR10M_src20430436_e0030.txt,5,../problems/numeric/counters/vanilla/fz_instance_6.pddl,success,10.1,True,15,1,1,1
,counters-on-1972442430-stage2-mcts_eval-primary-narrow-w5-i20,counters,stage2,on,1972442430,fixed_narrow_w5,20,20649863,OUT_OF_MEMORY,/home/hersco/training_new_domains/2026-08-27/statistical_replication_stage2_mcts_eval/20649863_Ev_counters_counters_mcts_orig_vh_e.5_c.1_s1972442430_K0_SR10M_src20430436_e0030.txt,6,../problems/numeric/counters/vanilla/fz_instance_7.pddl,success,14.59,True,21,1,1,1
,counters-on-1972442430-stage2-mcts_eval-primary-narrow-w5-i20,counters,stage2,on,1972442430,fixed_narrow_w5,20,20649863,OUT_OF_MEMORY,/home/hersco/training_new_domains/2026-08-27/statistical_replication_stage2_mcts_eval/20649863_Ev_counters_counters_mcts_orig_vh_e.5_c.1_s1972442430_K0_SR10M_src20430436_e0030.txt,7,../problems/numeric/counters/vanilla/fz_instance_8.pddl,success,15.84,True,28,1,1,1
,counters-on-1972442430-stage2-mcts_eval-primary-narrow-w5-i20,counters,stage2,on,1972442430,fixed_narrow_w5,20,20649863,OUT_OF_MEMORY,/home/hersco/training_new_domains/2026-08-27/statistical_replication_stage2_mcts_eval/20649863_Ev_counters_counters_mcts_orig_vh_e.5_c.1_s1972442430_K0_SR10M_src20430436_e0030.txt,8,../problems/numeric/counters/vanilla/fz_instance_9.pddl,success,18.07,True,36,1,1,1
,counters-on-1972442430-stage2-mcts_eval-primary-narrow-w5-i20,counters,stage2,on,1972442430,fixed_narrow_w5,20,20649863,OUT_OF_MEMORY,/home/hersco/training_new_domains/2026-08-27/statistical_replication_stage2_mcts_eval/20649863_Ev_counters_counters_mcts_orig_vh_e.5_c.1_s1972442430_K0_SR10M_src20430436_e0030.txt,9,../problems/numeric/counters/vanilla/fz_instance_10.pddl,success,20.57,True,45,1,1,1
,counters-on-1972442430-stage2-mcts_eval-primary-narrow-w5-i20,counters,stage2,on,1972442430,fixed_narrow_w5,20,20649863,OUT_OF_MEMORY,/home/hersco/training_new_domains/2026-08-27/statistical_replication_stage2_mcts_eval/20649863_Ev_counters_counters_mcts_orig_vh_e.5_c.1_s1972442430_K0_SR10M_src20430436_e0030.txt,10,../problems/numeric/counters/vanilla/fz_instance_11.pddl,success,24.84,True,55,1,1,1
,counters-on-1972442430-stage2-mcts_eval-primary-narrow-w5-i20,counters,stage2,on,1972442430,fixed_narrow_w5,20,20649863,OUT_OF_MEMORY,/home/hersco/training_new_domains/2026-08-27/statistical_replication_stage2_mcts_eval/20649863_Ev_counters_counters_mcts_orig_vh_e.5_c.1_s1972442430_K0_SR10M_src20430436_e0030.txt,11,../problems/numeric/counters/vanilla/fz_instance_12.pddl,success,28.6,True,66,1,1,1
,counters-on-1972442430-stage2-mcts_eval-primary-narrow-w5-i20,counters,stage2,on,1972442430,fixed_narrow_w5,20,20649863,OUT_OF_MEMORY,/home/hersco/training_new_domains/2026-08-27/statistical_replication_stage2_mcts_eval/20649863_Ev_counters_counters_mcts_orig_vh_e.5_c.1_s1972442430_K0_SR10M_src20430436_e0030.txt,12,../problems/numeric/counters/vanilla/fz_instance_13.pddl,success,34.35,True,78,1,1,1
,counters-on-1972442430-stage2-mcts_eval-primary-narrow-w5-i20,counters,stage2,on,1972442430,fixed_narrow_w5,20,20649863,OUT_OF_MEMORY,/home/hersco/training_new_domains/2026-08-27/statistical_replication_stage2_mcts_eval/20649863_Ev_counters_counters_mcts_orig_vh_e.5_c.1_s1972442430_K0_SR10M_src20430436_e0030.txt,13,../problems/numeric/counters/vanilla/fz_instance_14.pddl,success,39.85,True,91,1,1,1
,counters-on-1972442430-stage2-mcts_eval-primary-narrow-w5-i20,counters,stage2,on,1972442430,fixed_narrow_w5,20,20649863,OUT_OF_MEMORY,/home/hersco/training_new_domains/2026-08-27/statistical_replication_stage2_mcts_eval/20649863_Ev_counters_counters_mcts_orig_vh_e.5_c.1_s1972442430_K0_SR10M_src20430436_e0030.txt,14,../problems/numeric/counters/vanilla/fz_instance_15.pddl,success,47.36,True,105,1,1,1
,counters-on-1972442430-stage2-mcts_eval-primary-narrow-w5-i20,counters,stage2,on,1972442430,fixed_narrow_w5,20,20649863,OUT_OF_MEMORY,/home/hersco/training_new_domains/2026-08-27/statistical_replication_stage2_mcts_eval/20649863_Ev_counters_counters_mcts_orig_vh_e.5_c.1_s1972442430_K0_SR10M_src20430436_e0030.txt,15,../problems/numeric/counters/vanilla/fz_instance_16.pddl,success,54.88,True,120,1,1,1
,counters-on-1972442430-stage2-mcts_eval-primary-narrow-w5-i20,counters,stage2,on,1972442430,fixed_narrow_w5,20,20649863,OUT_OF_MEMORY,/home/hersco/training_new_domains/2026-08-27/statistical_replication_stage2_mcts_eval/20649863_Ev_counters_counters_mcts_orig_vh_e.5_c.1_s1972442430_K0_SR10M_src20430436_e0030.txt,16,../problems/numeric/counters/vanilla/fz_instance_17.pddl,success,64.15,True,136,1,1,1
,counters-on-1972442430-stage2-mcts_eval-primary-narrow-w5-i20,counters,stage2,on,1972442430,fixed_narrow_w5,20,20649863,OUT_OF_MEMORY,/home/hersco/training_new_domains/2026-08-27/statistical_replication_stage2_mcts_eval/20649863_Ev_counters_counters_mcts_orig_vh_e.5_c.1_s1972442430_K0_SR10M_src20430436_e0030.txt,17,../problems/numeric/counters/vanilla/fz_instance_18.pddl,success,73.42,True,153,1,1,1
,counters-on-1972442430-stage2-mcts_eval-primary-narrow-w5-i20,counters,stage2,on,1972442430,fixed_narrow_w5,20,20649863,OUT_OF_MEMORY,/home/hersco/training_new_domains/2026-08-27/statistical_replication_stage2_mcts_eval/20649863_Ev_counters_counters_mcts_orig_vh_e.5_c.1_s1972442430_K0_SR10M_src20430436_e0030.txt,18,../problems/numeric/counters/vanilla/fz_instance_19.pddl,success,83.44,True,171,1,1,1
,counters-on-1972442430-stage2-mcts_eval-primary-narrow-w5-i20,counters,stage2,on,1972442430,fixed_narrow_w5,20,20649863,OUT_OF_MEMORY,/home/hersco/training_new_domains/2026-08-27/statistical_replication_stage2_mcts_eval/20649863_Ev_counters_counters_mcts_orig_vh_e.5_c.1_s1972442430_K0_SR10M_src20430436_e0030.txt,19,../problems/numeric/counters/vanilla/fz_instance_20.pddl,success,91.69,True,190,1,1,1
,counters-on-1972442430-stage2-mcts_eval-primary-narrow-w5-i20,counters,stage2,on,1972442430,fixed_narrow_w5,20,20649863,OUT_OF_MEMORY,/home/hersco/training_new_domains/2026-08-27/statistical_replication_stage2_mcts_eval/20649863_Ev_counters_counters_mcts_orig_vh_e.5_c.1_s1972442430_K0_SR10M_src20430436_e0030.txt,20,../problems/numeric/counters/vanilla/fz_instance_21.pddl,success,105.71,True,210,1,1,1
,counters-on-1972442430-stage2-mcts_eval-primary-narrow-w5-i20,counters,stage2,on,1972442430,fixed_narrow_w5,20,20649863,OUT_OF_MEMORY,/home/hersco/training_new_domains/2026-08-27/statistical_replication_stage2_mcts_eval/20649863_Ev_counters_counters_mcts_orig_vh_e.5_c.1_s1972442430_K0_SR10M_src20430436_e0030.txt,21,../problems/numeric/counters/vanilla/fz_instance_22.pddl,success,114.78,True,231,1,1,1
,counters-on-1972442430-stage2-mcts_eval-primary-narrow-w5-i20,counters,stage2,on,1972442430,fixed_narrow_w5,20,20649863,OUT_OF_MEMORY,/home/hersco/training_new_domains/2026-08-27/statistical_replication_stage2_mcts_eval/20649863_Ev_counters_counters_mcts_orig_vh_e.5_c.1_s1972442430_K0_SR10M_src20430436_e0030.txt,22,../problems/numeric/counters/vanilla/fz_instance_23.pddl,success,141.08,True,253,1,1,1
,counters-on-1972442430-stage2-mcts_eval-primary-narrow-w5-i20,counters,stage2,on,1972442430,fixed_narrow_w5,20,20649863,OUT_OF_MEMORY,/home/hersco/training_new_domains/2026-08-27/statistical_replication_stage2_mcts_eval/20649863_Ev_counters_counters_mcts_orig_vh_e.5_c.1_s1972442430_K0_SR10M_src20430436_e0030.txt,23,../problems/numeric/counters/vanilla/fz_instance_24.pddl,success,149.79,True,276,1,1,1
,counters-on-1972442430-stage2-mcts_eval-primary-narrow-w5-i20,counters,stage2,on,1972442430,fixed_narrow_w5,20,20649863,OUT_OF_MEMORY,/home/hersco/training_new_domains/2026-08-27/statistical_replication_stage2_mcts_eval/20649863_Ev_counters_counters_mcts_orig_vh_e.5_c.1_s1972442430_K0_SR10M_src20430436_e0030.txt,24,../problems/numeric/counters/vanilla/fz_instance_25.pddl,success,184.09,True,300,1,1,1
,counters-on-1972442430-stage2-mcts_eval-primary-narrow-w5-i20,counters,stage2,on,1972442430,fixed_narrow_w5,20,20649863,OUT_OF_MEMORY,/home/hersco/training_new_domains/2026-08-27/statistical_replication_stage2_mcts_eval/20649863_Ev_counters_counters_mcts_orig_vh_e.5_c.1_s1972442430_K0_SR10M_src20430436_e0030.txt,25,../problems/numeric/counters/vanilla/fz_instance_26.pddl,unsolved,17776.03,False,10000,0,0,0
,counters-on-1972442430-stage2-mcts_eval-primary-narrow-w5-i20,counters,stage2,on,1972442430,fixed_narrow_w5,20,20649863,OUT_OF_MEMORY,/home/hersco/training_new_domains/2026-08-27/statistical_replication_stage2_mcts_eval/20649863_Ev_counters_counters_mcts_orig_vh_e.5_c.1_s1972442430_K0_SR10M_src20430436_e0030.txt,26,../problems/numeric/counters/vanilla/fz_instance_27.pddl,unsolved,18285.74,False,10000,0,0,0
,counters-on-1972442430-stage2-mcts_eval-primary-narrow-w5-i20,counters,stage2,on,1972442430,fixed_narrow_w5,20,20649863,OUT_OF_MEMORY,/home/hersco/training_new_domains/2026-08-27/statistical_replication_stage2_mcts_eval/20649863_Ev_counters_counters_mcts_orig_vh_e.5_c.1_s1972442430_K0_SR10M_src20430436_e0030.txt,27,../problems/numeric/counters/vanilla/fz_instance_28.pddl,timeout,21600.0,False,-1,0,0,0
,counters-on-1972442430-stage2-mcts_eval-primary-narrow-w5-i20,counters,stage2,on,1972442430,fixed_narrow_w5,20,20649863,OUT_OF_MEMORY,/home/hersco/training_new_domains/2026-08-27/statistical_replication_stage2_mcts_eval/20649863_Ev_counters_counters_mcts_orig_vh_e.5_c.1_s1972442430_K0_SR10M_src20430436_e0030.txt,28,../problems/numeric/counters/vanilla/fz_instance_29.pddl,unsolved,19748.13,False,10000,0,0,0
,counters-on-1972442430-stage2-mcts_eval-primary-narrow-w5-i20,counters,stage2,on,1972442430,fixed_narrow_w5,20,20649863,OUT_OF_MEMORY,/home/hersco/training_new_domains/2026-08-27/statistical_replication_stage2_mcts_eval/20649863_Ev_counters_counters_mcts_orig_vh_e.5_c.1_s1972442430_K0_SR10M_src20430436_e0030.txt,29,../problems/numeric/counters/vanilla/fz_instance_30.pddl,unsolved,16144.52,False,10000,0,0,0
,counters-on-1972442430-stage2-mcts_eval-primary-narrow-w5-i20,counters,stage2,on,1972442430,fixed_narrow_w5,20,20649863,OUT_OF_MEMORY,/home/hersco/training_new_domains/2026-08-27/statistical_replication_stage2_mcts_eval/20649863_Ev_counters_counters_mcts_orig_vh_e.5_c.1_s1972442430_K0_SR10M_src20430436_e0030.txt,30,../problems/numeric/counters/vanilla/fz_instance_31.pddl,unsolved,21225.57,False,10000,0,0,0
,counters-on-1972442430-stage2-mcts_eval-primary-narrow-w5-i20,counters,stage2,on,1972442430,fixed_narrow_w5,20,20649863,OUT_OF_MEMORY,/home/hersco/training_new_domains/2026-08-27/statistical_replication_stage2_mcts_eval/20649863_Ev_counters_counters_mcts_orig_vh_e.5_c.1_s1972442430_K0_SR10M_src20430436_e0030.txt,31,../problems/numeric/counters/vanilla/fz_instance_32.pddl,timeout,21600.0,False,-1,0,0,0
,counters-on-1972442430-stage2-mcts_eval-primary-narrow-w5-i20,counters,stage2,on,1972442430,fixed_narrow_w5,20,20649863,OUT_OF_MEMORY,/home/hersco/training_new_domains/2026-08-27/statistical_replication_stage2_mcts_eval/20649863_Ev_counters_counters_mcts_orig_vh_e.5_c.1_s1972442430_K0_SR10M_src20430436_e0030.txt,32,../problems/numeric/counters/vanilla/fz_instance_33.pddl,unsolved,21376.8,False,10000,0,0,0
,counters-on-1972442430-stage2-mcts_eval-primary-narrow-w5-i20,counters,stage2,on,1972442430,fixed_narrow_w5,20,20649863,OUT_OF_MEMORY,/home/hersco/training_new_domains/2026-08-27/statistical_replication_stage2_mcts_eval/20649863_Ev_counters_counters_mcts_orig_vh_e.5_c.1_s1972442430_K0_SR10M_src20430436_e0030.txt,33,../problems/numeric/counters/vanilla/fz_instance_34.pddl,timeout,21600.0,False,-1,0,0,0
,counters-on-1972442430-stage2-mcts_eval-primary-narrow-w5-i20,counters,stage2,on,1972442430,fixed_narrow_w5,20,20649863,OUT_OF_MEMORY,/home/hersco/training_new_domains/2026-08-27/statistical_replication_stage2_mcts_eval/20649863_Ev_counters_counters_mcts_orig_vh_e.5_c.1_s1972442430_K0_SR10M_src20430436_e0030.txt,34,../problems/numeric/counters/vanilla/fz_instance_35.pddl,timeout,21600.0,False,-1,0,0,0
,counters-on-1972442430-stage2-mcts_eval-primary-narrow-w5-i20,counters,stage2,on,1972442430,fixed_narrow_w5,20,20649863,OUT_OF_MEMORY,/home/hersco/training_new_domains/2026-08-27/statistical_replication_stage2_mcts_eval/20649863_Ev_counters_counters_mcts_orig_vh_e.5_c.1_s1972442430_K0_SR10M_src20430436_e0030.txt,36,../problems/numeric/counters/vanilla/fz_instance_37.pddl,timeout,21600.0,False,-1,0,0,0
,counters-on-1972442430-stage2-mcts_eval-primary-narrow-w5-i20,counters,stage2,on,1972442430,fixed_narrow_w5,20,20649863,OUT_OF_MEMORY,/home/hersco/training_new_domains/2026-08-27/statistical_replication_stage2_mcts_eval/20649863_Ev_counters_counters_mcts_orig_vh_e.5_c.1_s1972442430_K0_SR10M_src20430436_e0030.txt,37,../problems/numeric/counters/vanilla/fz_instance_38.pddl,timeout,21600.0,False,-1,0,0,0
,counters-on-1972442430-stage2-mcts_eval-primary-narrow-w5-i20,counters,stage2,on,1972442430,fixed_narrow_w5,20,20649863,OUT_OF_MEMORY,/home/hersco/training_new_domains/2026-08-27/statistical_replication_stage2_mcts_eval/20649863_Ev_counters_counters_mcts_orig_vh_e.5_c.1_s1972442430_K0_SR10M_src20430436_e0030.txt,38,../problems/numeric/counters/vanilla/fz_instance_39.pddl,timeout,21600.0,False,-1,0,0,0
,counters-on-1972442430-stage2-mcts_eval-primary-narrow-w5-i20,counters,stage2,on,1972442430,fixed_narrow_w5,20,20649863,OUT_OF_MEMORY,/home/hersco/training_new_domains/2026-08-27/statistical_replication_stage2_mcts_eval/20649863_Ev_counters_counters_mcts_orig_vh_e.5_c.1_s1972442430_K0_SR10M_src20430436_e0030.txt,39,../problems/numeric/counters/vanilla/fz_instance_40.pddl,timeout,21600.0,False,-1,0,0,0
,counters-on-1972442430-stage2-mcts_eval-primary-narrow-w5-i20,counters,stage2,on,1972442430,fixed_narrow_w5,20,20649863,OUT_OF_MEMORY,/home/hersco/training_new_domains/2026-08-27/statistical_replication_stage2_mcts_eval/20649863_Ev_counters_counters_mcts_orig_vh_e.5_c.1_s1972442430_K0_SR10M_src20430436_e0030.txt,40,../problems/numeric/counters/vanilla/fz_instance_41.pddl,timeout,21600.0,False,-1,0,0,0
,counters-on-1972442430-stage2-mcts_eval-primary-narrow-w5-i20,counters,stage2,on,1972442430,fixed_narrow_w5,20,20649863,OUT_OF_MEMORY,/home/hersco/training_new_domains/2026-08-27/statistical_replication_stage2_mcts_eval/20649863_Ev_counters_counters_mcts_orig_vh_e.5_c.1_s1972442430_K0_SR10M_src20430436_e0030.txt,41,../problems/numeric/counters/vanilla/fz_instance_42.pddl,timeout,21600.0,False,-1,0,0,0
,counters-on-1972442430-stage2-mcts_eval-primary-narrow-w5-i20,counters,stage2,on,1972442430,fixed_narrow_w5,20,20649863,OUT_OF_MEMORY,/home/hersco/training_new_domains/2026-08-27/statistical_replication_stage2_mcts_eval/20649863_Ev_counters_counters_mcts_orig_vh_e.5_c.1_s1972442430_K0_SR10M_src20430436_e0030.txt,42,../problems/numeric/counters/vanilla/fz_instance_43.pddl,timeout,21600.0,False,-1,0,0,0
,counters-on-1972442430-stage2-mcts_eval-primary-narrow-w5-i20,counters,stage2,on,1972442430,fixed_narrow_w5,20,20649863,OUT_OF_MEMORY,/home/hersco/training_new_domains/2026-08-27/statistical_replication_stage2_mcts_eval/20649863_Ev_counters_counters_mcts_orig_vh_e.5_c.1_s1972442430_K0_SR10M_src20430436_e0030.txt,43,../problems/numeric/counters/vanilla/fz_instance_44.pddl,timeout,21600.0,False,-1,0,0,0
,counters-on-1972442430-stage2-mcts_eval-primary-narrow-w5-i20,counters,stage2,on,1972442430,fixed_narrow_w5,20,20649863,OUT_OF_MEMORY,/home/hersco/training_new_domains/2026-08-27/statistical_replication_stage2_mcts_eval/20649863_Ev_counters_counters_mcts_orig_vh_e.5_c.1_s1972442430_K0_SR10M_src20430436_e0030.txt,44,../problems/numeric/counters/vanilla/fz_instance_45.pddl,timeout,21600.0,False,-1,0,0,0
,counters-on-1972442430-stage2-mcts_eval-primary-narrow-w5-i20,counters,stage2,on,1972442430,fixed_narrow_w5,20,20649863,OUT_OF_MEMORY,/home/hersco/training_new_domains/2026-08-27/statistical_replication_stage2_mcts_eval/20649863_Ev_counters_counters_mcts_orig_vh_e.5_c.1_s1972442430_K0_SR10M_src20430436_e0030.txt,45,../problems/numeric/counters/vanilla/fz_instance_46.pddl,timeout,21600.0,False,-1,0,0,0
,counters-on-1972442430-stage2-mcts_eval-primary-narrow-w5-i20,counters,stage2,on,1972442430,fixed_narrow_w5,20,20649863,OUT_OF_MEMORY,/home/hersco/training_new_domains/2026-08-27/statistical_replication_stage2_mcts_eval/20649863_Ev_counters_counters_mcts_orig_vh_e.5_c.1_s1972442430_K0_SR10M_src20430436_e0030.txt,46,../problems/numeric/counters/vanilla/fz_instance_47.pddl,timeout,21600.0,False,-1,0,0,0
,counters-on-1972442430-stage2-mcts_eval-primary-narrow-w5-i20,counters,stage2,on,1972442430,fixed_narrow_w5,20,20649863,OUT_OF_MEMORY,/home/hersco/training_new_domains/2026-08-27/statistical_replication_stage2_mcts_eval/20649863_Ev_counters_counters_mcts_orig_vh_e.5_c.1_s1972442430_K0_SR10M_src20430436_e0030.txt,47,../problems/numeric/counters/vanilla/fz_instance_48.pddl,timeout,21600.0,False,-1,0,0,0
,counters-on-1972442430-stage2-mcts_eval-primary-narrow-w5-i20,counters,stage2,on,1972442430,fixed_narrow_w5,20,20649863,OUT_OF_MEMORY,/home/hersco/training_new_domains/2026-08-27/statistical_replication_stage2_mcts_eval/20649863_Ev_counters_counters_mcts_orig_vh_e.5_c.1_s1972442430_K0_SR10M_src20430436_e0030.txt,48,../problems/numeric/counters/vanilla/fz_instance_49.pddl,timeout,21600.0,False,-1,0,0,0
,counters-on-1972442430-stage2-mcts_eval-primary-narrow-w5-i20,counters,stage2,on,1972442430,fixed_narrow_w5,20,20649863,OUT_OF_MEMORY,/home/hersco/training_new_domains/2026-08-27/statistical_replication_stage2_mcts_eval/20649863_Ev_counters_counters_mcts_orig_vh_e.5_c.1_s1972442430_K0_SR10M_src20430436_e0030.txt,49,../problems/numeric/counters/vanilla/fz_instance_50.pddl,timeout,21600.0,False,-1,0,0,0
,counters-on-1972442430-stage2-mcts_eval-primary-narrow-w5-i20,counters,stage2,on,1972442430,fixed_narrow_w5,20,20649863,OUT_OF_MEMORY,/home/hersco/training_new_domains/2026-08-27/statistical_replication_stage2_mcts_eval/20649863_Ev_counters_counters_mcts_orig_vh_e.5_c.1_s1972442430_K0_SR10M_src20430436_e0030.txt,50,../problems/numeric/counters/vanilla/fz_instance_51.pddl,timeout,21600.0,False,-1,0,0,0
,counters-on-1972442430-stage2-mcts_eval-primary-narrow-w5-i20,counters,stage2,on,1972442430,fixed_narrow_w5,20,20649863,OUT_OF_MEMORY,/home/hersco/training_new_domains/2026-08-27/statistical_replication_stage2_mcts_eval/20649863_Ev_counters_counters_mcts_orig_vh_e.5_c.1_s1972442430_K0_SR10M_src20430436_e0030.txt,51,../problems/numeric/counters/vanilla/fz_instance_52.pddl,timeout,21600.0,False,-1,0,0,0
,counters-on-1972442430-stage2-mcts_eval-primary-narrow-w5-i20,counters,stage2,on,1972442430,fixed_narrow_w5,20,20649863,OUT_OF_MEMORY,/home/hersco/training_new_domains/2026-08-27/statistical_replication_stage2_mcts_eval/20649863_Ev_counters_counters_mcts_orig_vh_e.5_c.1_s1972442430_K0_SR10M_src20430436_e0030.txt,52,../problems/numeric/counters/vanilla/fz_instance_53.pddl,timeout,21600.0,False,-1,0,0,0
,counters-on-1972442430-stage2-mcts_eval-primary-narrow-w5-i20,counters,stage2,on,1972442430,fixed_narrow_w5,20,20649863,OUT_OF_MEMORY,/home/hersco/training_new_domains/2026-08-27/statistical_replication_stage2_mcts_eval/20649863_Ev_counters_counters_mcts_orig_vh_e.5_c.1_s1972442430_K0_SR10M_src20430436_e0030.txt,53,../problems/numeric/counters/vanilla/fz_instance_54.pddl,timeout,21600.0,False,-1,0,0,0
,counters-on-1972442430-stage2-mcts_eval-primary-narrow-w5-i20,counters,stage2,on,1972442430,fixed_narrow_w5,20,20649863,OUT_OF_MEMORY,/home/hersco/training_new_domains/2026-08-27/statistical_replication_stage2_mcts_eval/20649863_Ev_counters_counters_mcts_orig_vh_e.5_c.1_s1972442430_K0_SR10M_src20430436_e0030.txt,54,../problems/numeric/counters/vanilla/fz_instance_55.pddl,timeout,21600.0,False,-1,0,0,0
,counters-on-1972442430-stage2-mcts_eval-primary-narrow-w5-i20,counters,stage2,on,1972442430,fixed_narrow_w5,20,20649863,OUT_OF_MEMORY,/home/hersco/training_new_domains/2026-08-27/statistical_replication_stage2_mcts_eval/20649863_Ev_counters_counters_mcts_orig_vh_e.5_c.1_s1972442430_K0_SR10M_src20430436_e0030.txt,55,../problems/numeric/counters/vanilla/fz_instance_56.pddl,timeout,21600.0,False,-1,0,0,0
,counters-on-1972442430-stage2-mcts_eval-primary-narrow-w5-i20,counters,stage2,on,1972442430,fixed_narrow_w5,20,20649863,OUT_OF_MEMORY,/home/hersco/training_new_domains/2026-08-27/statistical_replication_stage2_mcts_eval/20649863_Ev_counters_counters_mcts_orig_vh_e.5_c.1_s1972442430_K0_SR10M_src20430436_e0030.txt,56,../problems/numeric/counters/vanilla/fz_instance_57.pddl,timeout,21600.0,False,-1,0,0,0
,counters-on-1972442430-stage2-mcts_eval-primary-narrow-w5-i20,counters,stage2,on,1972442430,fixed_narrow_w5,20,20649863,OUT_OF_MEMORY,/home/hersco/training_new_domains/2026-08-27/statistical_replication_stage2_mcts_eval/20649863_Ev_counters_counters_mcts_orig_vh_e.5_c.1_s1972442430_K0_SR10M_src20430436_e0030.txt,57,../problems/numeric/counters/vanilla/fz_instance_58.pddl,timeout,21600.0,False,-1,0,0,0
,counters-on-1972442430-stage2-mcts_eval-primary-narrow-w5-i20,counters,stage2,on,1972442430,fixed_narrow_w5,20,20649863,OUT_OF_MEMORY,/home/hersco/training_new_domains/2026-08-27/statistical_replication_stage2_mcts_eval/20649863_Ev_counters_counters_mcts_orig_vh_e.5_c.1_s1972442430_K0_SR10M_src20430436_e0030.txt,58,../problems/numeric/counters/vanilla/fz_instance_59.pddl,timeout,21600.0,False,-1,0,0,0
,counters-on-1972442430-stage2-mcts_eval-primary-narrow-w5-i20,counters,stage2,on,1972442430,fixed_narrow_w5,20,20649863,OUT_OF_MEMORY,/home/hersco/training_new_domains/2026-08-27/statistical_replication_stage2_mcts_eval/20649863_Ev_counters_counters_mcts_orig_vh_e.5_c.1_s1972442430_K0_SR10M_src20430436_e0030.txt,59,../problems/numeric/counters/vanilla/fz_instance_60.pddl,timeout,21600.0,False,-1,0,0,0
MCTS-PW-CROSS-DOMAIN,fixed-bg-off-1963100312,block_grouping,stage1,off,1963100312,fixed_narrow_w5,20,20594580,COMPLETED,/home/hersco/training_new_domains/2026-08-26/statistical_replication_stage1_mcts_eval/20594580_Ev_block_grouping_block_grouping_mcts_orig_novh_e.5_c.1_s1963100312_K0_SR10M_src20401187_e0044.txt,1,../problems/numeric/block-grouping/instances/instance_5_25_6_1.pddl,unsolved,700.55,False,10000,0,0,0
MCTS-PW-CROSS-DOMAIN,fixed-bg-off-1963100312,block_grouping,stage1,off,1963100312,fixed_narrow_w5,20,20594580,COMPLETED,/home/hersco/training_new_domains/2026-08-26/statistical_replication_stage1_mcts_eval/20594580_Ev_block_grouping_block_grouping_mcts_orig_novh_e.5_c.1_s1963100312_K0_SR10M_src20401187_e0044.txt,2,../problems/numeric/block-grouping/instances/instance_7_10_2_1.pddl,success,18.04,True,24,1,1,1
MCTS-PW-CROSS-DOMAIN,fixed-bg-off-1963100312,block_grouping,stage1,off,1963100312,fixed_narrow_w5,20,20594580,COMPLETED,/home/hersco/training_new_domains/2026-08-26/statistical_replication_stage1_mcts_eval/20594580_Ev_block_grouping_block_grouping_mcts_orig_novh_e.5_c.1_s1963100312_K0_SR10M_src20401187_e0044.txt,3,../problems/numeric/block-grouping/instances/instance_11_10_2_3.pddl,success,28.07,True,51,1,1,1
MCTS-PW-CROSS-DOMAIN,fixed-bg-off-1963100312,block_grouping,stage1,off,1963100312,fixed_narrow_w5,20,20594580,COMPLETED,/home/hersco/training_new_domains/2026-08-26/statistical_replication_stage1_mcts_eval/20594580_Ev_block_grouping_block_grouping_mcts_orig_novh_e.5_c.1_s1963100312_K0_SR10M_src20401187_e0044.txt,4,../problems/numeric/block-grouping/instances/instance_11_30_7_2.pddl,success,529.22,True,175,1,1,1
MCTS-PW-CROSS-DOMAIN,fixed-bg-off-1963100312,block_grouping,stage1,off,1963100312,fixed_narrow_w5,20,20594580,COMPLETED,/home/hersco/training_new_domains/2026-08-26/statistical_replication_stage1_mcts_eval/20594580_Ev_block_grouping_block_grouping_mcts_orig_novh_e.5_c.1_s1963100312_K0_SR10M_src20401187_e0044.txt,5,../problems/numeric/block-grouping/instances/instance_11_35_8_3.pddl,unsolved,4637.59,False,10000,0,0,0
MCTS-PW-CROSS-DOMAIN,fixed-bg-off-1963100312,block_grouping,stage1,off,1963100312,fixed_narrow_w5,20,20594580,COMPLETED,/home/hersco/training_new_domains/2026-08-26/statistical_replication_stage1_mcts_eval/20594580_Ev_block_grouping_block_grouping_mcts_orig_novh_e.5_c.1_s1963100312_K0_SR10M_src20401187_e0044.txt,6,../problems/numeric/block-grouping/instances/instance_11_40_10_1.pddl,unsolved,6416.25,False,10000,0,0,0
MCTS-PW-CROSS-DOMAIN,fixed-bg-off-1963100312,block_grouping,stage1,off,1963100312,fixed_narrow_w5,20,20594580,COMPLETED,/home/hersco/training_new_domains/2026-08-26/statistical_replication_stage1_mcts_eval/20594580_Ev_block_grouping_block_grouping_mcts_orig_novh_e.5_c.1_s1963100312_K0_SR10M_src20401187_e0044.txt,7,../problems/numeric/block-grouping/instances/instance_15_10_2_3.pddl,success,32.82,True,84,1,1,1
MCTS-PW-CROSS-DOMAIN,fixed-bg-off-1963100312,block_grouping,stage1,off,1963100312,fixed_narrow_w5,20,20594580,COMPLETED,/home/hersco/training_new_domains/2026-08-26/statistical_replication_stage1_mcts_eval/20594580_Ev_block_grouping_block_grouping_mcts_orig_novh_e.5_c.1_s1963100312_K0_SR10M_src20401187_e0044.txt,8,../problems/numeric/block-grouping/instances/instance_15_25_6_3.pddl,success,351.93,True,202,1,1,1
MCTS-PW-CROSS-DOMAIN,fixed-bg-off-1963100312,block_grouping,stage1,off,1963100312,fixed_narrow_w5,20,20594580,COMPLETED,/home/hersco/training_new_domains/2026-08-26/statistical_replication_stage1_mcts_eval/20594580_Ev_block_grouping_block_grouping_mcts_orig_novh_e.5_c.1_s1963100312_K0_SR10M_src20401187_e0044.txt,9,../problems/numeric/block-grouping/instances/instance_20_5_2_1.pddl,success,12.02,True,26,1,1,1
MCTS-PW-CROSS-DOMAIN,fixed-bg-off-1963100312,block_grouping,stage1,off,1963100312,fixed_narrow_w5,20,20594580,COMPLETED,/home/hersco/training_new_domains/2026-08-26/statistical_replication_stage1_mcts_eval/20594580_Ev_block_grouping_block_grouping_mcts_orig_novh_e.5_c.1_s1963100312_K0_SR10M_src20401187_e0044.txt,10,../problems/numeric/block-grouping/instances/instance_20_5_2_2.pddl,success,13.78,True,32,1,1,1
MCTS-PW-CROSS-DOMAIN,fixed-bg-off-1963100312,block_grouping,stage1,off,1963100312,fixed_narrow_w5,20,20594580,COMPLETED,/home/hersco/training_new_domains/2026-08-26/statistical_replication_stage1_mcts_eval/20594580_Ev_block_grouping_block_grouping_mcts_orig_novh_e.5_c.1_s1963100312_K0_SR10M_src20401187_e0044.txt,11,../problems/numeric/block-grouping/instances/instance_20_10_2_1.pddl,success,47.58,True,148,1,1,1
MCTS-PW-CROSS-DOMAIN,fixed-bg-off-1963100312,block_grouping,stage1,off,1963100312,fixed_narrow_w5,20,20594580,COMPLETED,/home/hersco/training_new_domains/2026-08-26/statistical_replication_stage1_mcts_eval/20594580_Ev_block_grouping_block_grouping_mcts_orig_novh_e.5_c.1_s1963100312_K0_SR10M_src20401187_e0044.txt,12,../problems/numeric/block-grouping/instances/instance_20_10_2_3.pddl,success,48.83,True,148,1,1,1
MCTS-PW-CROSS-DOMAIN,fixed-bg-off-1963100312,block_grouping,stage1,off,1963100312,fixed_narrow_w5,20,20594580,COMPLETED,/home/hersco/training_new_domains/2026-08-26/statistical_replication_stage1_mcts_eval/20594580_Ev_block_grouping_block_grouping_mcts_orig_novh_e.5_c.1_s1963100312_K0_SR10M_src20401187_e0044.txt,13,../problems/numeric/block-grouping/instances/instance_20_15_3_2.pddl,success,100.46,True,191,1,1,1
MCTS-PW-CROSS-DOMAIN,fixed-bg-off-1963100312,block_grouping,stage1,off,1963100312,fixed_narrow_w5,20,20594580,COMPLETED,/home/hersco/training_new_domains/2026-08-26/statistical_replication_stage1_mcts_eval/20594580_Ev_block_grouping_block_grouping_mcts_orig_novh_e.5_c.1_s1963100312_K0_SR10M_src20401187_e0044.txt,14,../problems/numeric/block-grouping/instances/instance_20_30_7_2.pddl,success,1631.26,True,431,1,1,1
MCTS-PW-CROSS-DOMAIN,fixed-bg-off-1963100312,block_grouping,stage1,off,1963100312,fixed_narrow_w5,20,20594580,COMPLETED,/home/hersco/training_new_domains/2026-08-26/statistical_replication_stage1_mcts_eval/20594580_Ev_block_grouping_block_grouping_mcts_orig_novh_e.5_c.1_s1963100312_K0_SR10M_src20401187_e0044.txt,15,../problems/numeric/block-grouping/instances/instance_20_40_10_2.pddl,success,6676.23,True,592,0,1,1
MCTS-PW-CROSS-DOMAIN,fixed-bg-off-1963100312,block_grouping,stage1,off,1963100312,fixed_narrow_w5,20,20594580,COMPLETED,/home/hersco/training_new_domains/2026-08-26/statistical_replication_stage1_mcts_eval/20594580_Ev_block_grouping_block_grouping_mcts_orig_novh_e.5_c.1_s1963100312_K0_SR10M_src20401187_e0044.txt,16,../problems/numeric/block-grouping/instances/instance_25_15_3_1.pddl,success,158.03,True,236,1,1,1
MCTS-PW-CROSS-DOMAIN,fixed-bg-off-1963100312,block_grouping,stage1,off,1963100312,fixed_narrow_w5,20,20594580,COMPLETED,/home/hersco/training_new_domains/2026-08-26/statistical_replication_stage1_mcts_eval/20594580_Ev_block_grouping_block_grouping_mcts_orig_novh_e.5_c.1_s1963100312_K0_SR10M_src20401187_e0044.txt,17,../problems/numeric/block-grouping/instances/instance_25_35_8_1.pddl,success,6252.41,True,570,0,1,1
MCTS-PW-CROSS-DOMAIN,fixed-bg-off-1963100312,block_grouping,stage1,off,1963100312,fixed_narrow_w5,20,20594580,COMPLETED,/home/hersco/training_new_domains/2026-08-26/statistical_replication_stage1_mcts_eval/20594580_Ev_block_grouping_block_grouping_mcts_orig_novh_e.5_c.1_s1963100312_K0_SR10M_src20401187_e0044.txt,18,../problems/numeric/block-grouping/instances/instance_25_40_10_3.pddl,success,6657.77,True,550,0,1,1
MCTS-PW-CROSS-DOMAIN,fixed-bg-off-1963100312,block_grouping,stage1,off,1963100312,fixed_narrow_w5,20,20594580,COMPLETED,/home/hersco/training_new_domains/2026-08-26/statistical_replication_stage1_mcts_eval/20594580_Ev_block_grouping_block_grouping_mcts_orig_novh_e.5_c.1_s1963100312_K0_SR10M_src20401187_e0044.txt,19,../problems/numeric/block-grouping/instances/instance_100_20_5_1.pddl,unsolved,4817.67,False,10000,0,0,0
MCTS-PW-CROSS-DOMAIN,fixed-bg-off-1963100312,block_grouping,stage1,off,1963100312,fixed_narrow_w5,20,20594580,COMPLETED,/home/hersco/training_new_domains/2026-08-26/statistical_replication_stage1_mcts_eval/20594580_Ev_block_grouping_block_grouping_mcts_orig_novh_e.5_c.1_s1963100312_K0_SR10M_src20401187_e0044.txt,20,../problems/numeric/block-grouping/instances/instance_100_25_6_2.pddl,unsolved,15772.01,False,10000,0,0,0
MCTS-PW-CROSS-DOMAIN,fixed-bg-off-2011206605,block_grouping,stage1,off,2011206605,fixed_narrow_w5,20,20594581,COMPLETED,/home/hersco/training_new_domains/2026-08-26/statistical_replication_stage1_mcts_eval/20594581_Ev_block_grouping_block_grouping_mcts_orig_novh_e.5_c.1_s2011206605_K0_SR10M_src20401188_e0040.txt,1,../problems/numeric/block-grouping/instances/instance_5_25_6_1.pddl,unsolved,757.24,False,10000,0,0,0
MCTS-PW-CROSS-DOMAIN,fixed-bg-off-2011206605,block_grouping,stage1,off,2011206605,fixed_narrow_w5,20,20594581,COMPLETED,/home/hersco/training_new_domains/2026-08-26/statistical_replication_stage1_mcts_eval/20594581_Ev_block_grouping_block_grouping_mcts_orig_novh_e.5_c.1_s2011206605_K0_SR10M_src20401188_e0040.txt,2,../problems/numeric/block-grouping/instances/instance_7_10_2_1.pddl,success,23.81,True,26,1,1,1
MCTS-PW-CROSS-DOMAIN,fixed-bg-off-2011206605,block_grouping,stage1,off,2011206605,fixed_narrow_w5,20,20594581,COMPLETED,/home/hersco/training_new_domains/2026-08-26/statistical_replication_stage1_mcts_eval/20594581_Ev_block_grouping_block_grouping_mcts_orig_novh_e.5_c.1_s2011206605_K0_SR10M_src20401188_e0040.txt,3,../problems/numeric/block-grouping/instances/instance_11_10_2_3.pddl,success,29.07,True,41,1,1,1
MCTS-PW-CROSS-DOMAIN,fixed-bg-off-2011206605,block_grouping,stage1,off,2011206605,fixed_narrow_w5,20,20594581,COMPLETED,/home/hersco/training_new_domains/2026-08-26/statistical_replication_stage1_mcts_eval/20594581_Ev_block_grouping_block_grouping_mcts_orig_novh_e.5_c.1_s2011206605_K0_SR10M_src20401188_e0040.txt,4,../problems/numeric/block-grouping/instances/instance_11_30_7_2.pddl,unsolved,1842.99,False,10000,0,0,0
MCTS-PW-CROSS-DOMAIN,fixed-bg-off-2011206605,block_grouping,stage1,off,2011206605,fixed_narrow_w5,20,20594581,COMPLETED,/home/hersco/training_new_domains/2026-08-26/statistical_replication_stage1_mcts_eval/20594581_Ev_block_grouping_block_grouping_mcts_orig_novh_e.5_c.1_s2011206605_K0_SR10M_src20401188_e0040.txt,5,../problems/numeric/block-grouping/instances/instance_11_35_8_3.pddl,success,1834.17,True,255,0,1,1
MCTS-PW-CROSS-DOMAIN,fixed-bg-off-2011206605,block_grouping,stage1,off,2011206605,fixed_narrow_w5,20,20594581,COMPLETED,/home/hersco/training_new_domains/2026-08-26/statistical_replication_stage1_mcts_eval/20594581_Ev_block_grouping_block_grouping_mcts_orig_novh_e.5_c.1_s2011206605_K0_SR10M_src20401188_e0040.txt,6,../problems/numeric/block-grouping/instances/instance_11_40_10_1.pddl,success,4333.47,True,291,0,1,1
MCTS-PW-CROSS-DOMAIN,fixed-bg-off-2011206605,block_grouping,stage1,off,2011206605,fixed_narrow_w5,20,20594581,COMPLETED,/home/hersco/training_new_domains/2026-08-26/statistical_replication_stage1_mcts_eval/20594581_Ev_block_grouping_block_grouping_mcts_orig_novh_e.5_c.1_s2011206605_K0_SR10M_src20401188_e0040.txt,7,../problems/numeric/block-grouping/instances/instance_15_10_2_3.pddl,success,54.1,True,114,1,1,1
MCTS-PW-CROSS-DOMAIN,fixed-bg-off-2011206605,block_grouping,stage1,off,2011206605,fixed_narrow_w5,20,20594581,COMPLETED,/home/hersco/training_new_domains/2026-08-26/statistical_replication_stage1_mcts_eval/20594581_Ev_block_grouping_block_grouping_mcts_orig_novh_e.5_c.1_s2011206605_K0_SR10M_src20401188_e0040.txt,8,../problems/numeric/block-grouping/instances/instance_15_25_6_3.pddl,success,782.0,True,307,1,1,1
MCTS-PW-CROSS-DOMAIN,fixed-bg-off-2011206605,block_grouping,stage1,off,2011206605,fixed_narrow_w5,20,20594581,COMPLETED,/home/hersco/training_new_domains/2026-08-26/statistical_replication_stage1_mcts_eval/20594581_Ev_block_grouping_block_grouping_mcts_orig_novh_e.5_c.1_s2011206605_K0_SR10M_src20401188_e0040.txt,9,../problems/numeric/block-grouping/instances/instance_20_5_2_1.pddl,success,15.78,True,22,1,1,1
MCTS-PW-CROSS-DOMAIN,fixed-bg-off-2011206605,block_grouping,stage1,off,2011206605,fixed_narrow_w5,20,20594581,COMPLETED,/home/hersco/training_new_domains/2026-08-26/statistical_replication_stage1_mcts_eval/20594581_Ev_block_grouping_block_grouping_mcts_orig_novh_e.5_c.1_s2011206605_K0_SR10M_src20401188_e0040.txt,10,../problems/numeric/block-grouping/instances/instance_20_5_2_2.pddl,success,16.03,True,31,1,1,1
MCTS-PW-CROSS-DOMAIN,fixed-bg-off-2011206605,block_grouping,stage1,off,2011206605,fixed_narrow_w5,20,20594581,COMPLETED,/home/hersco/training_new_domains/2026-08-26/statistical_replication_stage1_mcts_eval/20594581_Ev_block_grouping_block_grouping_mcts_orig_novh_e.5_c.1_s2011206605_K0_SR10M_src20401188_e0040.txt,11,../problems/numeric/block-grouping/instances/instance_20_10_2_1.pddl,success,77.89,True,204,1,1,1
MCTS-PW-CROSS-DOMAIN,fixed-bg-off-2011206605,block_grouping,stage1,off,2011206605,fixed_narrow_w5,20,20594581,COMPLETED,/home/hersco/training_new_domains/2026-08-26/statistical_replication_stage1_mcts_eval/20594581_Ev_block_grouping_block_grouping_mcts_orig_novh_e.5_c.1_s2011206605_K0_SR10M_src20401188_e0040.txt,12,../problems/numeric/block-grouping/instances/instance_20_10_2_3.pddl,success,109.44,True,281,1,1,1
MCTS-PW-CROSS-DOMAIN,fixed-bg-off-2011206605,block_grouping,stage1,off,2011206605,fixed_narrow_w5,20,20594581,COMPLETED,/home/hersco/training_new_domains/2026-08-26/statistical_replication_stage1_mcts_eval/20594581_Ev_block_grouping_block_grouping_mcts_orig_novh_e.5_c.1_s2011206605_K0_SR10M_src20401188_e0040.txt,13,../problems/numeric/block-grouping/instances/instance_20_15_3_2.pddl,success,128.49,True,180,1,1,1
MCTS-PW-CROSS-DOMAIN,fixed-bg-off-2011206605,block_grouping,stage1,off,2011206605,fixed_narrow_w5,20,20594581,COMPLETED,/home/hersco/training_new_domains/2026-08-26/statistical_replication_stage1_mcts_eval/20594581_Ev_block_grouping_block_grouping_mcts_orig_novh_e.5_c.1_s2011206605_K0_SR10M_src20401188_e0040.txt,14,../problems/numeric/block-grouping/instances/instance_20_30_7_2.pddl,unsolved,9285.87,False,10000,0,0,0
MCTS-PW-CROSS-DOMAIN,fixed-bg-off-2011206605,block_grouping,stage1,off,2011206605,fixed_narrow_w5,20,20594581,COMPLETED,/home/hersco/training_new_domains/2026-08-26/statistical_replication_stage1_mcts_eval/20594581_Ev_block_grouping_block_grouping_mcts_orig_novh_e.5_c.1_s2011206605_K0_SR10M_src20401188_e0040.txt,15,../problems/numeric/block-grouping/instances/instance_20_40_10_2.pddl,success,10963.63,True,520,0,0,1
MCTS-PW-CROSS-DOMAIN,fixed-bg-off-2011206605,block_grouping,stage1,off,2011206605,fixed_narrow_w5,20,20594581,COMPLETED,/home/hersco/training_new_domains/2026-08-26/statistical_replication_stage1_mcts_eval/20594581_Ev_block_grouping_block_grouping_mcts_orig_novh_e.5_c.1_s2011206605_K0_SR10M_src20401188_e0040.txt,16,../problems/numeric/block-grouping/instances/instance_25_15_3_1.pddl,success,1131.41,True,1114,1,1,1
MCTS-PW-CROSS-DOMAIN,fixed-bg-off-2011206605,block_grouping,stage1,off,2011206605,fixed_narrow_w5,20,20594581,COMPLETED,/home/hersco/training_new_domains/2026-08-26/statistical_replication_stage1_mcts_eval/20594581_Ev_block_grouping_block_grouping_mcts_orig_novh_e.5_c.1_s2011206605_K0_SR10M_src20401188_e0040.txt,17,../problems/numeric/block-grouping/instances/instance_25_35_8_1.pddl,success,8671.68,True,541,0,0,1
MCTS-PW-CROSS-DOMAIN,fixed-bg-off-2011206605,block_grouping,stage1,off,2011206605,fixed_narrow_w5,20,20594581,COMPLETED,/home/hersco/training_new_domains/2026-08-26/statistical_replication_stage1_mcts_eval/20594581_Ev_block_grouping_block_grouping_mcts_orig_novh_e.5_c.1_s2011206605_K0_SR10M_src20401188_e0040.txt,18,../problems/numeric/block-grouping/instances/instance_25_40_10_3.pddl,success,11278.37,True,613,0,0,1
MCTS-PW-CROSS-DOMAIN,fixed-bg-off-2011206605,block_grouping,stage1,off,2011206605,fixed_narrow_w5,20,20594581,COMPLETED,/home/hersco/training_new_domains/2026-08-26/statistical_replication_stage1_mcts_eval/20594581_Ev_block_grouping_block_grouping_mcts_orig_novh_e.5_c.1_s2011206605_K0_SR10M_src20401188_e0040.txt,19,../problems/numeric/block-grouping/instances/instance_100_20_5_1.pddl,unsolved,9453.93,False,10000,0,0,0
MCTS-PW-CROSS-DOMAIN,fixed-bg-off-2011206605,block_grouping,stage1,off,2011206605,fixed_narrow_w5,20,20594581,COMPLETED,/home/hersco/training_new_domains/2026-08-26/statistical_replication_stage1_mcts_eval/20594581_Ev_block_grouping_block_grouping_mcts_orig_novh_e.5_c.1_s2011206605_K0_SR10M_src20401188_e0040.txt,20,../problems/numeric/block-grouping/instances/instance_100_25_6_2.pddl,unsolved,13297.13,False,10000,0,0,0
MCTS-PW-CROSS-DOMAIN,fixed-bg-on-1963100312,block_grouping,stage1,on,1963100312,fixed_narrow_w5,20,20430030,COMPLETED,/home/hersco/training_new_domains/2026-08-21/statistical_replication_stage1_mcts_eval/20430030_Ev_block_grouping_block_grouping_mcts_orig_vh_e.5_c.1_s1963100312_K0_SR10M_src20401177_e0004.txt,1,../problems/numeric/block-grouping/instances/instance_5_25_6_1.pddl,unsolved,353.18,False,10000,0,0,0
MCTS-PW-CROSS-DOMAIN,fixed-bg-on-1963100312,block_grouping,stage1,on,1963100312,fixed_narrow_w5,20,20430030,COMPLETED,/home/hersco/training_new_domains/2026-08-21/statistical_replication_stage1_mcts_eval/20430030_Ev_block_grouping_block_grouping_mcts_orig_vh_e.5_c.1_s1963100312_K0_SR10M_src20401177_e0004.txt,2,../problems/numeric/block-grouping/instances/instance_7_10_2_1.pddl,success,18.56,True,26,1,1,1
MCTS-PW-CROSS-DOMAIN,fixed-bg-on-1963100312,block_grouping,stage1,on,1963100312,fixed_narrow_w5,20,20430030,COMPLETED,/home/hersco/training_new_domains/2026-08-21/statistical_replication_stage1_mcts_eval/20430030_Ev_block_grouping_block_grouping_mcts_orig_vh_e.5_c.1_s1963100312_K0_SR10M_src20401177_e0004.txt,3,../problems/numeric/block-grouping/instances/instance_11_10_2_3.pddl,success,16.53,True,39,1,1,1
MCTS-PW-CROSS-DOMAIN,fixed-bg-on-1963100312,block_grouping,stage1,on,1963100312,fixed_narrow_w5,20,20430030,COMPLETED,/home/hersco/training_new_domains/2026-08-21/statistical_replication_stage1_mcts_eval/20430030_Ev_block_grouping_block_grouping_mcts_orig_vh_e.5_c.1_s1963100312_K0_SR10M_src20401177_e0004.txt,4,../problems/numeric/block-grouping/instances/instance_11_30_7_2.pddl,success,675.52,True,239,1,1,1
MCTS-PW-CROSS-DOMAIN,fixed-bg-on-1963100312,block_grouping,stage1,on,1963100312,fixed_narrow_w5,20,20430030,COMPLETED,/home/hersco/training_new_domains/2026-08-21/statistical_replication_stage1_mcts_eval/20430030_Ev_block_grouping_block_grouping_mcts_orig_vh_e.5_c.1_s1963100312_K0_SR10M_src20401177_e0004.txt,5,../problems/numeric/block-grouping/instances/instance_11_35_8_3.pddl,success,1046.02,True,235,1,1,1
MCTS-PW-CROSS-DOMAIN,fixed-bg-on-1963100312,block_grouping,stage1,on,1963100312,fixed_narrow_w5,20,20430030,COMPLETED,/home/hersco/training_new_domains/2026-08-21/statistical_replication_stage1_mcts_eval/20430030_Ev_block_grouping_block_grouping_mcts_orig_vh_e.5_c.1_s1963100312_K0_SR10M_src20401177_e0004.txt,6,../problems/numeric/block-grouping/instances/instance_11_40_10_1.pddl,success,2444.6,True,277,0,1,1
MCTS-PW-CROSS-DOMAIN,fixed-bg-on-1963100312,block_grouping,stage1,on,1963100312,fixed_narrow_w5,20,20430030,COMPLETED,/home/hersco/training_new_domains/2026-08-21/statistical_replication_stage1_mcts_eval/20430030_Ev_block_grouping_block_grouping_mcts_orig_vh_e.5_c.1_s1963100312_K0_SR10M_src20401177_e0004.txt,7,../problems/numeric/block-grouping/instances/instance_15_10_2_3.pddl,success,41.57,True,114,1,1,1
MCTS-PW-CROSS-DOMAIN,fixed-bg-on-1963100312,block_grouping,stage1,on,1963100312,fixed_narrow_w5,20,20430030,COMPLETED,/home/hersco/training_new_domains/2026-08-21/statistical_replication_stage1_mcts_eval/20430030_Ev_block_grouping_block_grouping_mcts_orig_vh_e.5_c.1_s1963100312_K0_SR10M_src20401177_e0004.txt,8,../problems/numeric/block-grouping/instances/instance_15_25_6_3.pddl,success,468.47,True,239,1,1,1
MCTS-PW-CROSS-DOMAIN,fixed-bg-on-1963100312,block_grouping,stage1,on,1963100312,fixed_narrow_w5,20,20430030,COMPLETED,/home/hersco/training_new_domains/2026-08-21/statistical_replication_stage1_mcts_eval/20430030_Ev_block_grouping_block_grouping_mcts_orig_vh_e.5_c.1_s1963100312_K0_SR10M_src20401177_e0004.txt,9,../problems/numeric/block-grouping/instances/instance_20_5_2_1.pddl,success,11.27,True,22,1,1,1
MCTS-PW-CROSS-DOMAIN,fixed-bg-on-1963100312,block_grouping,stage1,on,1963100312,fixed_narrow_w5,20,20430030,COMPLETED,/home/hersco/training_new_domains/2026-08-21/statistical_replication_stage1_mcts_eval/20430030_Ev_block_grouping_block_grouping_mcts_orig_vh_e.5_c.1_s1963100312_K0_SR10M_src20401177_e0004.txt,10,../problems/numeric/block-grouping/instances/instance_20_5_2_2.pddl,success,14.02,True,31,1,1,1
MCTS-PW-CROSS-DOMAIN,fixed-bg-on-1963100312,block_grouping,stage1,on,1963100312,fixed_narrow_w5,20,20430030,COMPLETED,/home/hersco/training_new_domains/2026-08-21/statistical_replication_stage1_mcts_eval/20430030_Ev_block_grouping_block_grouping_mcts_orig_vh_e.5_c.1_s1963100312_K0_SR10M_src20401177_e0004.txt,11,../problems/numeric/block-grouping/instances/instance_20_10_2_1.pddl,success,46.08,True,128,1,1,1
MCTS-PW-CROSS-DOMAIN,fixed-bg-on-1963100312,block_grouping,stage1,on,1963100312,fixed_narrow_w5,20,20430030,COMPLETED,/home/hersco/training_new_domains/2026-08-21/statistical_replication_stage1_mcts_eval/20430030_Ev_block_grouping_block_grouping_mcts_orig_vh_e.5_c.1_s1963100312_K0_SR10M_src20401177_e0004.txt,12,../problems/numeric/block-grouping/instances/instance_20_10_2_3.pddl,success,64.11,True,167,1,1,1
MCTS-PW-CROSS-DOMAIN,fixed-bg-on-1963100312,block_grouping,stage1,on,1963100312,fixed_narrow_w5,20,20430030,COMPLETED,/home/hersco/training_new_domains/2026-08-21/statistical_replication_stage1_mcts_eval/20430030_Ev_block_grouping_block_grouping_mcts_orig_vh_e.5_c.1_s1963100312_K0_SR10M_src20401177_e0004.txt,13,../problems/numeric/block-grouping/instances/instance_20_15_3_2.pddl,success,99.51,True,180,1,1,1
MCTS-PW-CROSS-DOMAIN,fixed-bg-on-1963100312,block_grouping,stage1,on,1963100312,fixed_narrow_w5,20,20430030,COMPLETED,/home/hersco/training_new_domains/2026-08-21/statistical_replication_stage1_mcts_eval/20430030_Ev_block_grouping_block_grouping_mcts_orig_vh_e.5_c.1_s1963100312_K0_SR10M_src20401177_e0004.txt,14,../problems/numeric/block-grouping/instances/instance_20_30_7_2.pddl,unsolved,5548.33,False,10000,0,0,0
MCTS-PW-CROSS-DOMAIN,fixed-bg-on-1963100312,block_grouping,stage1,on,1963100312,fixed_narrow_w5,20,20430030,COMPLETED,/home/hersco/training_new_domains/2026-08-21/statistical_replication_stage1_mcts_eval/20430030_Ev_block_grouping_block_grouping_mcts_orig_vh_e.5_c.1_s1963100312_K0_SR10M_src20401177_e0004.txt,15,../problems/numeric/block-grouping/instances/instance_20_40_10_2.pddl,success,7476.74,True,496,0,0,1
MCTS-PW-CROSS-DOMAIN,fixed-bg-on-1963100312,block_grouping,stage1,on,1963100312,fixed_narrow_w5,20,20430030,COMPLETED,/home/hersco/training_new_domains/2026-08-21/statistical_replication_stage1_mcts_eval/20430030_Ev_block_grouping_block_grouping_mcts_orig_vh_e.5_c.1_s1963100312_K0_SR10M_src20401177_e0004.txt,16,../problems/numeric/block-grouping/instances/instance_25_15_3_1.pddl,unsolved,1225.28,False,10000,0,0,0
MCTS-PW-CROSS-DOMAIN,fixed-bg-on-1963100312,block_grouping,stage1,on,1963100312,fixed_narrow_w5,20,20430030,COMPLETED,/home/hersco/training_new_domains/2026-08-21/statistical_replication_stage1_mcts_eval/20430030_Ev_block_grouping_block_grouping_mcts_orig_vh_e.5_c.1_s1963100312_K0_SR10M_src20401177_e0004.txt,17,../problems/numeric/block-grouping/instances/instance_25_35_8_1.pddl,success,4943.9,True,541,0,1,1
MCTS-PW-CROSS-DOMAIN,fixed-bg-on-1963100312,block_grouping,stage1,on,1963100312,fixed_narrow_w5,20,20430030,COMPLETED,/home/hersco/training_new_domains/2026-08-21/statistical_replication_stage1_mcts_eval/20430030_Ev_block_grouping_block_grouping_mcts_orig_vh_e.5_c.1_s1963100312_K0_SR10M_src20401177_e0004.txt,18,../problems/numeric/block-grouping/instances/instance_25_40_10_3.pddl,success,9150.82,True,613,0,0,1
MCTS-PW-CROSS-DOMAIN,fixed-bg-on-1963100312,block_grouping,stage1,on,1963100312,fixed_narrow_w5,20,20430030,COMPLETED,/home/hersco/training_new_domains/2026-08-21/statistical_replication_stage1_mcts_eval/20430030_Ev_block_grouping_block_grouping_mcts_orig_vh_e.5_c.1_s1963100312_K0_SR10M_src20401177_e0004.txt,19,../problems/numeric/block-grouping/instances/instance_100_20_5_1.pddl,success,14931.78,True,1681,0,0,1
MCTS-PW-CROSS-DOMAIN,fixed-bg-on-1963100312,block_grouping,stage1,on,1963100312,fixed_narrow_w5,20,20430030,COMPLETED,/home/hersco/training_new_domains/2026-08-21/statistical_replication_stage1_mcts_eval/20430030_Ev_block_grouping_block_grouping_mcts_orig_vh_e.5_c.1_s1963100312_K0_SR10M_src20401177_e0004.txt,20,../problems/numeric/block-grouping/instances/instance_100_25_6_2.pddl,success,21381.46,True,1796,0,0,1
MCTS-PW-CROSS-DOMAIN,fixed-bg-on-2011206605,block_grouping,stage1,on,2011206605,fixed_narrow_w5,20,20430031,COMPLETED,/home/hersco/training_new_domains/2026-08-21/statistical_replication_stage1_mcts_eval/20430031_Ev_block_grouping_block_grouping_mcts_orig_vh_e.5_c.1_s2011206605_K0_SR10M_src20401178_e0026.txt,1,../problems/numeric/block-grouping/instances/instance_5_25_6_1.pddl,unsolved,629.91,False,10000,0,0,0
MCTS-PW-CROSS-DOMAIN,fixed-bg-on-2011206605,block_grouping,stage1,on,2011206605,fixed_narrow_w5,20,20430031,COMPLETED,/home/hersco/training_new_domains/2026-08-21/statistical_replication_stage1_mcts_eval/20430031_Ev_block_grouping_block_grouping_mcts_orig_vh_e.5_c.1_s2011206605_K0_SR10M_src20401178_e0026.txt,2,../problems/numeric/block-grouping/instances/instance_7_10_2_1.pddl,success,16.79,True,26,1,1,1
MCTS-PW-CROSS-DOMAIN,fixed-bg-on-2011206605,block_grouping,stage1,on,2011206605,fixed_narrow_w5,20,20430031,COMPLETED,/home/hersco/training_new_domains/2026-08-21/statistical_replication_stage1_mcts_eval/20430031_Ev_block_grouping_block_grouping_mcts_orig_vh_e.5_c.1_s2011206605_K0_SR10M_src20401178_e0026.txt,3,../problems/numeric/block-grouping/instances/instance_11_10_2_3.pddl,success,22.06,True,39,1,1,1
MCTS-PW-CROSS-DOMAIN,fixed-bg-on-2011206605,block_grouping,stage1,on,2011206605,fixed_narrow_w5,20,20430031,COMPLETED,/home/hersco/training_new_domains/2026-08-21/statistical_replication_stage1_mcts_eval/20430031_Ev_block_grouping_block_grouping_mcts_orig_vh_e.5_c.1_s2011206605_K0_SR10M_src20401178_e0026.txt,4,../problems/numeric/block-grouping/instances/instance_11_30_7_2.pddl,success,836.53,True,244,1,1,1
MCTS-PW-CROSS-DOMAIN,fixed-bg-on-2011206605,block_grouping,stage1,on,2011206605,fixed_narrow_w5,20,20430031,COMPLETED,/home/hersco/training_new_domains/2026-08-21/statistical_replication_stage1_mcts_eval/20430031_Ev_block_grouping_block_grouping_mcts_orig_vh_e.5_c.1_s2011206605_K0_SR10M_src20401178_e0026.txt,5,../problems/numeric/block-grouping/instances/instance_11_35_8_3.pddl,success,977.78,True,235,1,1,1
MCTS-PW-CROSS-DOMAIN,fixed-bg-on-2011206605,block_grouping,stage1,on,2011206605,fixed_narrow_w5,20,20430031,COMPLETED,/home/hersco/training_new_domains/2026-08-21/statistical_replication_stage1_mcts_eval/20430031_Ev_block_grouping_block_grouping_mcts_orig_vh_e.5_c.1_s2011206605_K0_SR10M_src20401178_e0026.txt,6,../problems/numeric/block-grouping/instances/instance_11_40_10_1.pddl,success,2334.04,True,277,0,1,1
MCTS-PW-CROSS-DOMAIN,fixed-bg-on-2011206605,block_grouping,stage1,on,2011206605,fixed_narrow_w5,20,20430031,COMPLETED,/home/hersco/training_new_domains/2026-08-21/statistical_replication_stage1_mcts_eval/20430031_Ev_block_grouping_block_grouping_mcts_orig_vh_e.5_c.1_s2011206605_K0_SR10M_src20401178_e0026.txt,7,../problems/numeric/block-grouping/instances/instance_15_10_2_3.pddl,success,42.07,True,114,1,1,1
MCTS-PW-CROSS-DOMAIN,fixed-bg-on-2011206605,block_grouping,stage1,on,2011206605,fixed_narrow_w5,20,20430031,COMPLETED,/home/hersco/training_new_domains/2026-08-21/statistical_replication_stage1_mcts_eval/20430031_Ev_block_grouping_block_grouping_mcts_orig_vh_e.5_c.1_s2011206605_K0_SR10M_src20401178_e0026.txt,8,../problems/numeric/block-grouping/instances/instance_15_25_6_3.pddl,success,420.92,True,239,1,1,1
MCTS-PW-CROSS-DOMAIN,fixed-bg-on-2011206605,block_grouping,stage1,on,2011206605,fixed_narrow_w5,20,20430031,COMPLETED,/home/hersco/training_new_domains/2026-08-21/statistical_replication_stage1_mcts_eval/20430031_Ev_block_grouping_block_grouping_mcts_orig_vh_e.5_c.1_s2011206605_K0_SR10M_src20401178_e0026.txt,9,../problems/numeric/block-grouping/instances/instance_20_5_2_1.pddl,success,12.78,True,22,1,1,1
MCTS-PW-CROSS-DOMAIN,fixed-bg-on-2011206605,block_grouping,stage1,on,2011206605,fixed_narrow_w5,20,20430031,COMPLETED,/home/hersco/training_new_domains/2026-08-21/statistical_replication_stage1_mcts_eval/20430031_Ev_block_grouping_block_grouping_mcts_orig_vh_e.5_c.1_s2011206605_K0_SR10M_src20401178_e0026.txt,10,../problems/numeric/block-grouping/instances/instance_20_5_2_2.pddl,success,14.28,True,31,1,1,1
MCTS-PW-CROSS-DOMAIN,fixed-bg-on-2011206605,block_grouping,stage1,on,2011206605,fixed_narrow_w5,20,20430031,COMPLETED,/home/hersco/training_new_domains/2026-08-21/statistical_replication_stage1_mcts_eval/20430031_Ev_block_grouping_block_grouping_mcts_orig_vh_e.5_c.1_s2011206605_K0_SR10M_src20401178_e0026.txt,11,../problems/numeric/block-grouping/instances/instance_20_10_2_1.pddl,success,45.09,True,128,1,1,1
MCTS-PW-CROSS-DOMAIN,fixed-bg-on-2011206605,block_grouping,stage1,on,2011206605,fixed_narrow_w5,20,20430031,COMPLETED,/home/hersco/training_new_domains/2026-08-21/statistical_replication_stage1_mcts_eval/20430031_Ev_block_grouping_block_grouping_mcts_orig_vh_e.5_c.1_s2011206605_K0_SR10M_src20401178_e0026.txt,12,../problems/numeric/block-grouping/instances/instance_20_10_2_3.pddl,success,63.12,True,167,1,1,1
MCTS-PW-CROSS-DOMAIN,fixed-bg-on-2011206605,block_grouping,stage1,on,2011206605,fixed_narrow_w5,20,20430031,COMPLETED,/home/hersco/training_new_domains/2026-08-21/statistical_replication_stage1_mcts_eval/20430031_Ev_block_grouping_block_grouping_mcts_orig_vh_e.5_c.1_s2011206605_K0_SR10M_src20401178_e0026.txt,13,../problems/numeric/block-grouping/instances/instance_20_15_3_2.pddl,success,98.92,True,180,1,1,1
MCTS-PW-CROSS-DOMAIN,fixed-bg-on-2011206605,block_grouping,stage1,on,2011206605,fixed_narrow_w5,20,20430031,COMPLETED,/home/hersco/training_new_domains/2026-08-21/statistical_replication_stage1_mcts_eval/20430031_Ev_block_grouping_block_grouping_mcts_orig_vh_e.5_c.1_s2011206605_K0_SR10M_src20401178_e0026.txt,14,../problems/numeric/block-grouping/instances/instance_20_30_7_2.pddl,unsolved,3721.94,False,10000,0,0,0
MCTS-PW-CROSS-DOMAIN,fixed-bg-on-2011206605,block_grouping,stage1,on,2011206605,fixed_narrow_w5,20,20430031,COMPLETED,/home/hersco/training_new_domains/2026-08-21/statistical_replication_stage1_mcts_eval/20430031_Ev_block_grouping_block_grouping_mcts_orig_vh_e.5_c.1_s2011206605_K0_SR10M_src20401178_e0026.txt,15,../problems/numeric/block-grouping/instances/instance_20_40_10_2.pddl,success,8841.1,True,496,0,0,1
MCTS-PW-CROSS-DOMAIN,fixed-bg-on-2011206605,block_grouping,stage1,on,2011206605,fixed_narrow_w5,20,20430031,COMPLETED,/home/hersco/training_new_domains/2026-08-21/statistical_replication_stage1_mcts_eval/20430031_Ev_block_grouping_block_grouping_mcts_orig_vh_e.5_c.1_s2011206605_K0_SR10M_src20401178_e0026.txt,16,../problems/numeric/block-grouping/instances/instance_25_15_3_1.pddl,success,271.75,True,449,1,1,1
MCTS-PW-CROSS-DOMAIN,fixed-bg-on-2011206605,block_grouping,stage1,on,2011206605,fixed_narrow_w5,20,20430031,COMPLETED,/home/hersco/training_new_domains/2026-08-21/statistical_replication_stage1_mcts_eval/20430031_Ev_block_grouping_block_grouping_mcts_orig_vh_e.5_c.1_s2011206605_K0_SR10M_src20401178_e0026.txt,17,../problems/numeric/block-grouping/instances/instance_25_35_8_1.pddl,success,4269.63,True,541,0,1,1
MCTS-PW-CROSS-DOMAIN,fixed-bg-on-2011206605,block_grouping,stage1,on,2011206605,fixed_narrow_w5,20,20430031,COMPLETED,/home/hersco/training_new_domains/2026-08-21/statistical_replication_stage1_mcts_eval/20430031_Ev_block_grouping_block_grouping_mcts_orig_vh_e.5_c.1_s2011206605_K0_SR10M_src20401178_e0026.txt,18,../problems/numeric/block-grouping/instances/instance_25_40_10_3.pddl,success,8347.08,True,613,0,0,1
MCTS-PW-CROSS-DOMAIN,fixed-bg-on-2011206605,block_grouping,stage1,on,2011206605,fixed_narrow_w5,20,20430031,COMPLETED,/home/hersco/training_new_domains/2026-08-21/statistical_replication_stage1_mcts_eval/20430031_Ev_block_grouping_block_grouping_mcts_orig_vh_e.5_c.1_s2011206605_K0_SR10M_src20401178_e0026.txt,19,../problems/numeric/block-grouping/instances/instance_100_20_5_1.pddl,success,9554.58,True,1397,0,0,1
MCTS-PW-CROSS-DOMAIN,fixed-bg-on-2011206605,block_grouping,stage1,on,2011206605,fixed_narrow_w5,20,20430031,COMPLETED,/home/hersco/training_new_domains/2026-08-21/statistical_replication_stage1_mcts_eval/20430031_Ev_block_grouping_block_grouping_mcts_orig_vh_e.5_c.1_s2011206605_K0_SR10M_src20401178_e0026.txt,20,../problems/numeric/block-grouping/instances/instance_100_25_6_2.pddl,timeout,21600.0,False,-1,0,0,0
MCTS-PW-CROSS-DOMAIN,fixed-counters-s1-on-2011206605-narrow,counters,stage1,on,2011206605,fixed_narrow_w5,20,20620559,COMPLETED,/home/hersco/training_new_domains/2026-08-27/statistical_replication_stage1_mcts_eval/20620559_Ev_counters_counters_mcts_orig_vh_e.5_c.1_s2011206605_K0_SR10M_src20401269_e0009.txt,1,../problems/numeric/counters/vanilla/fz_instance_2.pddl,success,6.78,True,1,1,1,1
MCTS-PW-CROSS-DOMAIN,fixed-counters-s1-on-2011206605-narrow,counters,stage1,on,2011206605,fixed_narrow_w5,20,20620559,COMPLETED,/home/hersco/training_new_domains/2026-08-27/statistical_replication_stage1_mcts_eval/20620559_Ev_counters_counters_mcts_orig_vh_e.5_c.1_s2011206605_K0_SR10M_src20401269_e0009.txt,2,../problems/numeric/counters/vanilla/fz_instance_3.pddl,success,8.29,True,3,1,1,1
MCTS-PW-CROSS-DOMAIN,fixed-counters-s1-on-2011206605-narrow,counters,stage1,on,2011206605,fixed_narrow_w5,20,20620559,COMPLETED,/home/hersco/training_new_domains/2026-08-27/statistical_replication_stage1_mcts_eval/20620559_Ev_counters_counters_mcts_orig_vh_e.5_c.1_s2011206605_K0_SR10M_src20401269_e0009.txt,3,../problems/numeric/counters/vanilla/fz_instance_4.pddl,success,8.79,True,6,1,1,1
MCTS-PW-CROSS-DOMAIN,fixed-counters-s1-on-2011206605-narrow,counters,stage1,on,2011206605,fixed_narrow_w5,20,20620559,COMPLETED,/home/hersco/training_new_domains/2026-08-27/statistical_replication_stage1_mcts_eval/20620559_Ev_counters_counters_mcts_orig_vh_e.5_c.1_s2011206605_K0_SR10M_src20401269_e0009.txt,4,../problems/numeric/counters/vanilla/fz_instance_5.pddl,success,8.55,True,10,1,1,1
MCTS-PW-CROSS-DOMAIN,fixed-counters-s1-on-2011206605-narrow,counters,stage1,on,2011206605,fixed_narrow_w5,20,20620559,COMPLETED,/home/hersco/training_new_domains/2026-08-27/statistical_replication_stage1_mcts_eval/20620559_Ev_counters_counters_mcts_orig_vh_e.5_c.1_s2011206605_K0_SR10M_src20401269_e0009.txt,5,../problems/numeric/counters/vanilla/fz_instance_6.pddl,success,11.07,True,15,1,1,1
MCTS-PW-CROSS-DOMAIN,fixed-counters-s1-on-2011206605-narrow,counters,stage1,on,2011206605,fixed_narrow_w5,20,20620559,COMPLETED,/home/hersco/training_new_domains/2026-08-27/statistical_replication_stage1_mcts_eval/20620559_Ev_counters_counters_mcts_orig_vh_e.5_c.1_s2011206605_K0_SR10M_src20401269_e0009.txt,6,../problems/numeric/counters/vanilla/fz_instance_7.pddl,success,10.54,True,21,1,1,1
MCTS-PW-CROSS-DOMAIN,fixed-counters-s1-on-2011206605-narrow,counters,stage1,on,2011206605,fixed_narrow_w5,20,20620559,COMPLETED,/home/hersco/training_new_domains/2026-08-27/statistical_replication_stage1_mcts_eval/20620559_Ev_counters_counters_mcts_orig_vh_e.5_c.1_s2011206605_K0_SR10M_src20401269_e0009.txt,7,../problems/numeric/counters/vanilla/fz_instance_8.pddl,success,14.06,True,28,1,1,1
MCTS-PW-CROSS-DOMAIN,fixed-counters-s1-on-2011206605-narrow,counters,stage1,on,2011206605,fixed_narrow_w5,20,20620559,COMPLETED,/home/hersco/training_new_domains/2026-08-27/statistical_replication_stage1_mcts_eval/20620559_Ev_counters_counters_mcts_orig_vh_e.5_c.1_s2011206605_K0_SR10M_src20401269_e0009.txt,8,../problems/numeric/counters/vanilla/fz_instance_9.pddl,success,18.81,True,64,1,1,1
MCTS-PW-CROSS-DOMAIN,fixed-counters-s1-on-2011206605-narrow,counters,stage1,on,2011206605,fixed_narrow_w5,20,20620559,COMPLETED,/home/hersco/training_new_domains/2026-08-27/statistical_replication_stage1_mcts_eval/20620559_Ev_counters_counters_mcts_orig_vh_e.5_c.1_s2011206605_K0_SR10M_src20401269_e0009.txt,9,../problems/numeric/counters/vanilla/fz_instance_10.pddl,success,23.6,True,87,1,1,1
MCTS-PW-CROSS-DOMAIN,fixed-counters-s1-on-2011206605-narrow,counters,stage1,on,2011206605,fixed_narrow_w5,20,20620559,COMPLETED,/home/hersco/training_new_domains/2026-08-27/statistical_replication_stage1_mcts_eval/20620559_Ev_counters_counters_mcts_orig_vh_e.5_c.1_s2011206605_K0_SR10M_src20401269_e0009.txt,10,../problems/numeric/counters/vanilla/fz_instance_11.pddl,success,57.91,True,289,1,1,1
MCTS-PW-CROSS-DOMAIN,fixed-counters-s1-on-2011206605-narrow,counters,stage1,on,2011206605,fixed_narrow_w5,20,20620559,COMPLETED,/home/hersco/training_new_domains/2026-08-27/statistical_replication_stage1_mcts_eval/20620559_Ev_counters_counters_mcts_orig_vh_e.5_c.1_s2011206605_K0_SR10M_src20401269_e0009.txt,11,../problems/numeric/counters/vanilla/fz_instance_12.pddl,success,60.12,True,292,1,1,1
MCTS-PW-CROSS-DOMAIN,fixed-counters-s1-on-2011206605-narrow,counters,stage1,on,2011206605,fixed_narrow_w5,20,20620559,COMPLETED,/home/hersco/training_new_domains/2026-08-27/statistical_replication_stage1_mcts_eval/20620559_Ev_counters_counters_mcts_orig_vh_e.5_c.1_s2011206605_K0_SR10M_src20401269_e0009.txt,12,../problems/numeric/counters/vanilla/fz_instance_13.pddl,success,75.15,True,388,1,1,1
MCTS-PW-CROSS-DOMAIN,fixed-counters-s1-on-2011206605-narrow,counters,stage1,on,2011206605,fixed_narrow_w5,20,20620559,COMPLETED,/home/hersco/training_new_domains/2026-08-27/statistical_replication_stage1_mcts_eval/20620559_Ev_counters_counters_mcts_orig_vh_e.5_c.1_s2011206605_K0_SR10M_src20401269_e0009.txt,13,../problems/numeric/counters/vanilla/fz_instance_14.pddl,success,217.17,True,1187,1,1,1
MCTS-PW-CROSS-DOMAIN,fixed-counters-s1-on-2011206605-narrow,counters,stage1,on,2011206605,fixed_narrow_w5,20,20620559,COMPLETED,/home/hersco/training_new_domains/2026-08-27/statistical_replication_stage1_mcts_eval/20620559_Ev_counters_counters_mcts_orig_vh_e.5_c.1_s2011206605_K0_SR10M_src20401269_e0009.txt,14,../problems/numeric/counters/vanilla/fz_instance_15.pddl,success,156.29,True,841,1,1,1
MCTS-PW-CROSS-DOMAIN,fixed-counters-s1-on-2011206605-narrow,counters,stage1,on,2011206605,fixed_narrow_w5,20,20620559,COMPLETED,/home/hersco/training_new_domains/2026-08-27/statistical_replication_stage1_mcts_eval/20620559_Ev_counters_counters_mcts_orig_vh_e.5_c.1_s2011206605_K0_SR10M_src20401269_e0009.txt,15,../problems/numeric/counters/vanilla/fz_instance_16.pddl,unsolved,8678.35,False,10000,0,0,0
MCTS-PW-CROSS-DOMAIN,fixed-counters-s1-on-2011206605-narrow,counters,stage1,on,2011206605,fixed_narrow_w5,20,20620559,COMPLETED,/home/hersco/training_new_domains/2026-08-27/statistical_replication_stage1_mcts_eval/20620559_Ev_counters_counters_mcts_orig_vh_e.5_c.1_s2011206605_K0_SR10M_src20401269_e0009.txt,16,../problems/numeric/counters/vanilla/fz_instance_17.pddl,unsolved,548.69,False,10000,0,0,0
MCTS-PW-CROSS-DOMAIN,fixed-counters-s1-on-2011206605-narrow,counters,stage1,on,2011206605,fixed_narrow_w5,20,20620559,COMPLETED,/home/hersco/training_new_domains/2026-08-27/statistical_replication_stage1_mcts_eval/20620559_Ev_counters_counters_mcts_orig_vh_e.5_c.1_s2011206605_K0_SR10M_src20401269_e0009.txt,17,../problems/numeric/counters/vanilla/fz_instance_18.pddl,unsolved,635.86,False,10000,0,0,0
MCTS-PW-CROSS-DOMAIN,fixed-counters-s1-on-2011206605-narrow,counters,stage1,on,2011206605,fixed_narrow_w5,20,20620559,COMPLETED,/home/hersco/training_new_domains/2026-08-27/statistical_replication_stage1_mcts_eval/20620559_Ev_counters_counters_mcts_orig_vh_e.5_c.1_s2011206605_K0_SR10M_src20401269_e0009.txt,18,../problems/numeric/counters/vanilla/fz_instance_19.pddl,unsolved,3306.67,False,10000,0,0,0
MCTS-PW-CROSS-DOMAIN,fixed-counters-s1-on-2011206605-narrow,counters,stage1,on,2011206605,fixed_narrow_w5,20,20620559,COMPLETED,/home/hersco/training_new_domains/2026-08-27/statistical_replication_stage1_mcts_eval/20620559_Ev_counters_counters_mcts_orig_vh_e.5_c.1_s2011206605_K0_SR10M_src20401269_e0009.txt,19,../problems/numeric/counters/vanilla/fz_instance_20.pddl,unsolved,813.99,False,10000,0,0,0
MCTS-PW-CROSS-DOMAIN,fixed-counters-s1-on-2011206605-narrow,counters,stage1,on,2011206605,fixed_narrow_w5,20,20620559,COMPLETED,/home/hersco/training_new_domains/2026-08-27/statistical_replication_stage1_mcts_eval/20620559_Ev_counters_counters_mcts_orig_vh_e.5_c.1_s2011206605_K0_SR10M_src20401269_e0009.txt,20,../problems/numeric/counters/vanilla/fz_instance_21.pddl,unsolved,1023.0,False,10000,0,0,0
MCTS-PW-CROSS-DOMAIN,fixed-counters-s1-on-2011206605-narrow,counters,stage1,on,2011206605,fixed_narrow_w5,20,20620559,COMPLETED,/home/hersco/training_new_domains/2026-08-27/statistical_replication_stage1_mcts_eval/20620559_Ev_counters_counters_mcts_orig_vh_e.5_c.1_s2011206605_K0_SR10M_src20401269_e0009.txt,21,../problems/numeric/counters/vanilla/fz_instance_22.pddl,unsolved,901.13,False,10000,0,0,0
MCTS-PW-CROSS-DOMAIN,fixed-counters-s1-on-2011206605-narrow,counters,stage1,on,2011206605,fixed_narrow_w5,20,20620559,COMPLETED,/home/hersco/training_new_domains/2026-08-27/statistical_replication_stage1_mcts_eval/20620559_Ev_counters_counters_mcts_orig_vh_e.5_c.1_s2011206605_K0_SR10M_src20401269_e0009.txt,22,../problems/numeric/counters/vanilla/fz_instance_23.pddl,unsolved,1337.59,False,10000,0,0,0
MCTS-PW-CROSS-DOMAIN,fixed-counters-s1-on-2011206605-narrow,counters,stage1,on,2011206605,fixed_narrow_w5,20,20620559,COMPLETED,/home/hersco/training_new_domains/2026-08-27/statistical_replication_stage1_mcts_eval/20620559_Ev_counters_counters_mcts_orig_vh_e.5_c.1_s2011206605_K0_SR10M_src20401269_e0009.txt,23,../problems/numeric/counters/vanilla/fz_instance_24.pddl,unsolved,3386.6,False,10000,0,0,0
MCTS-PW-CROSS-DOMAIN,fixed-counters-s1-on-2011206605-narrow,counters,stage1,on,2011206605,fixed_narrow_w5,20,20620559,COMPLETED,/home/hersco/training_new_domains/2026-08-27/statistical_replication_stage1_mcts_eval/20620559_Ev_counters_counters_mcts_orig_vh_e.5_c.1_s2011206605_K0_SR10M_src20401269_e0009.txt,24,../problems/numeric/counters/vanilla/fz_instance_25.pddl,unsolved,2618.28,False,10000,0,0,0
MCTS-PW-CROSS-DOMAIN,fixed-counters-s1-on-2011206605-narrow,counters,stage1,on,2011206605,fixed_narrow_w5,20,20620559,COMPLETED,/home/hersco/training_new_domains/2026-08-27/statistical_replication_stage1_mcts_eval/20620559_Ev_counters_counters_mcts_orig_vh_e.5_c.1_s2011206605_K0_SR10M_src20401269_e0009.txt,25,../problems/numeric/counters/vanilla/fz_instance_26.pddl,unsolved,2817.46,False,10000,0,0,0
MCTS-PW-CROSS-DOMAIN,fixed-counters-s1-on-2011206605-narrow,counters,stage1,on,2011206605,fixed_narrow_w5,20,20620559,COMPLETED,/home/hersco/training_new_domains/2026-08-27/statistical_replication_stage1_mcts_eval/20620559_Ev_counters_counters_mcts_orig_vh_e.5_c.1_s2011206605_K0_SR10M_src20401269_e0009.txt,26,../problems/numeric/counters/vanilla/fz_instance_27.pddl,unsolved,2136.11,False,10000,0,0,0
MCTS-PW-CROSS-DOMAIN,fixed-counters-s1-on-2011206605-narrow,counters,stage1,on,2011206605,fixed_narrow_w5,20,20620559,COMPLETED,/home/hersco/training_new_domains/2026-08-27/statistical_replication_stage1_mcts_eval/20620559_Ev_counters_counters_mcts_orig_vh_e.5_c.1_s2011206605_K0_SR10M_src20401269_e0009.txt,27,../problems/numeric/counters/vanilla/fz_instance_28.pddl,unsolved,2240.22,False,10000,0,0,0
MCTS-PW-CROSS-DOMAIN,fixed-counters-s1-on-2011206605-narrow,counters,stage1,on,2011206605,fixed_narrow_w5,20,20620559,COMPLETED,/home/hersco/training_new_domains/2026-08-27/statistical_replication_stage1_mcts_eval/20620559_Ev_counters_counters_mcts_orig_vh_e.5_c.1_s2011206605_K0_SR10M_src20401269_e0009.txt,28,../problems/numeric/counters/vanilla/fz_instance_29.pddl,unsolved,1863.82,False,10000,0,0,0
MCTS-PW-CROSS-DOMAIN,fixed-counters-s1-on-2011206605-narrow,counters,stage1,on,2011206605,fixed_narrow_w5,20,20620559,COMPLETED,/home/hersco/training_new_domains/2026-08-27/statistical_replication_stage1_mcts_eval/20620559_Ev_counters_counters_mcts_orig_vh_e.5_c.1_s2011206605_K0_SR10M_src20401269_e0009.txt,29,../problems/numeric/counters/vanilla/fz_instance_30.pddl,unsolved,1920.74,False,10000,0,0,0
MCTS-PW-CROSS-DOMAIN,fixed-counters-s1-on-2011206605-narrow,counters,stage1,on,2011206605,fixed_narrow_w5,20,20620559,COMPLETED,/home/hersco/training_new_domains/2026-08-27/statistical_replication_stage1_mcts_eval/20620559_Ev_counters_counters_mcts_orig_vh_e.5_c.1_s2011206605_K0_SR10M_src20401269_e0009.txt,30,../problems/numeric/counters/vanilla/fz_instance_31.pddl,unsolved,1215.71,False,10000,0,0,0
MCTS-PW-CROSS-DOMAIN,fixed-counters-s1-on-2011206605-narrow,counters,stage1,on,2011206605,fixed_narrow_w5,20,20620559,COMPLETED,/home/hersco/training_new_domains/2026-08-27/statistical_replication_stage1_mcts_eval/20620559_Ev_counters_counters_mcts_orig_vh_e.5_c.1_s2011206605_K0_SR10M_src20401269_e0009.txt,31,../problems/numeric/counters/vanilla/fz_instance_32.pddl,unsolved,4612.1,False,10000,0,0,0
MCTS-PW-CROSS-DOMAIN,fixed-counters-s1-on-2011206605-narrow,counters,stage1,on,2011206605,fixed_narrow_w5,20,20620559,COMPLETED,/home/hersco/training_new_domains/2026-08-27/statistical_replication_stage1_mcts_eval/20620559_Ev_counters_counters_mcts_orig_vh_e.5_c.1_s2011206605_K0_SR10M_src20401269_e0009.txt,32,../problems/numeric/counters/vanilla/fz_instance_33.pddl,unsolved,5107.46,False,10000,0,0,0
MCTS-PW-CROSS-DOMAIN,fixed-counters-s1-on-2011206605-narrow,counters,stage1,on,2011206605,fixed_narrow_w5,20,20620559,COMPLETED,/home/hersco/training_new_domains/2026-08-27/statistical_replication_stage1_mcts_eval/20620559_Ev_counters_counters_mcts_orig_vh_e.5_c.1_s2011206605_K0_SR10M_src20401269_e0009.txt,33,../problems/numeric/counters/vanilla/fz_instance_34.pddl,unsolved,4612.12,False,10000,0,0,0
MCTS-PW-CROSS-DOMAIN,fixed-counters-s1-on-2011206605-narrow,counters,stage1,on,2011206605,fixed_narrow_w5,20,20620559,COMPLETED,/home/hersco/training_new_domains/2026-08-27/statistical_replication_stage1_mcts_eval/20620559_Ev_counters_counters_mcts_orig_vh_e.5_c.1_s2011206605_K0_SR10M_src20401269_e0009.txt,34,../problems/numeric/counters/vanilla/fz_instance_35.pddl,unsolved,7024.13,False,10000,0,0,0
MCTS-PW-CROSS-DOMAIN,fixed-counters-s1-on-2011206605-narrow,counters,stage1,on,2011206605,fixed_narrow_w5,20,20620559,COMPLETED,/home/hersco/training_new_domains/2026-08-27/statistical_replication_stage1_mcts_eval/20620559_Ev_counters_counters_mcts_orig_vh_e.5_c.1_s2011206605_K0_SR10M_src20401269_e0009.txt,35,../problems/numeric/counters/vanilla/fz_instance_36.pddl,unsolved,7235.84,False,10000,0,0,0
MCTS-PW-CROSS-DOMAIN,fixed-counters-s1-on-2011206605-narrow,counters,stage1,on,2011206605,fixed_narrow_w5,20,20620559,COMPLETED,/home/hersco/training_new_domains/2026-08-27/statistical_replication_stage1_mcts_eval/20620559_Ev_counters_counters_mcts_orig_vh_e.5_c.1_s2011206605_K0_SR10M_src20401269_e0009.txt,36,../problems/numeric/counters/vanilla/fz_instance_37.pddl,unsolved,8108.05,False,10000,0,0,0
MCTS-PW-CROSS-DOMAIN,fixed-counters-s1-on-2011206605-narrow,counters,stage1,on,2011206605,fixed_narrow_w5,20,20620559,COMPLETED,/home/hersco/training_new_domains/2026-08-27/statistical_replication_stage1_mcts_eval/20620559_Ev_counters_counters_mcts_orig_vh_e.5_c.1_s2011206605_K0_SR10M_src20401269_e0009.txt,37,../problems/numeric/counters/vanilla/fz_instance_38.pddl,unsolved,6714.21,False,10000,0,0,0
MCTS-PW-CROSS-DOMAIN,fixed-counters-s1-on-2011206605-narrow,counters,stage1,on,2011206605,fixed_narrow_w5,20,20620559,COMPLETED,/home/hersco/training_new_domains/2026-08-27/statistical_replication_stage1_mcts_eval/20620559_Ev_counters_counters_mcts_orig_vh_e.5_c.1_s2011206605_K0_SR10M_src20401269_e0009.txt,38,../problems/numeric/counters/vanilla/fz_instance_39.pddl,unsolved,5877.69,False,10000,0,0,0
MCTS-PW-CROSS-DOMAIN,fixed-counters-s1-on-2011206605-narrow,counters,stage1,on,2011206605,fixed_narrow_w5,20,20620559,COMPLETED,/home/hersco/training_new_domains/2026-08-27/statistical_replication_stage1_mcts_eval/20620559_Ev_counters_counters_mcts_orig_vh_e.5_c.1_s2011206605_K0_SR10M_src20401269_e0009.txt,39,../problems/numeric/counters/vanilla/fz_instance_40.pddl,unsolved,8411.97,False,10000,0,0,0
MCTS-PW-CROSS-DOMAIN,fixed-counters-s1-on-2011206605-narrow,counters,stage1,on,2011206605,fixed_narrow_w5,20,20620559,COMPLETED,/home/hersco/training_new_domains/2026-08-27/statistical_replication_stage1_mcts_eval/20620559_Ev_counters_counters_mcts_orig_vh_e.5_c.1_s2011206605_K0_SR10M_src20401269_e0009.txt,40,../problems/numeric/counters/vanilla/fz_instance_41.pddl,unsolved,808.64,False,10000,0,0,0
MCTS-PW-CROSS-DOMAIN,fixed-counters-s1-on-2011206605-narrow,counters,stage1,on,2011206605,fixed_narrow_w5,20,20620559,COMPLETED,/home/hersco/training_new_domains/2026-08-27/statistical_replication_stage1_mcts_eval/20620559_Ev_counters_counters_mcts_orig_vh_e.5_c.1_s2011206605_K0_SR10M_src20401269_e0009.txt,41,../problems/numeric/counters/vanilla/fz_instance_42.pddl,unsolved,6653.31,False,10000,0,0,0
MCTS-PW-CROSS-DOMAIN,fixed-counters-s1-on-2011206605-narrow,counters,stage1,on,2011206605,fixed_narrow_w5,20,20620559,COMPLETED,/home/hersco/training_new_domains/2026-08-27/statistical_replication_stage1_mcts_eval/20620559_Ev_counters_counters_mcts_orig_vh_e.5_c.1_s2011206605_K0_SR10M_src20401269_e0009.txt,42,../problems/numeric/counters/vanilla/fz_instance_43.pddl,unsolved,9563.18,False,10000,0,0,0
MCTS-PW-CROSS-DOMAIN,fixed-counters-s1-on-2011206605-narrow,counters,stage1,on,2011206605,fixed_narrow_w5,20,20620559,COMPLETED,/home/hersco/training_new_domains/2026-08-27/statistical_replication_stage1_mcts_eval/20620559_Ev_counters_counters_mcts_orig_vh_e.5_c.1_s2011206605_K0_SR10M_src20401269_e0009.txt,43,../problems/numeric/counters/vanilla/fz_instance_44.pddl,unsolved,6703.19,False,10000,0,0,0
MCTS-PW-CROSS-DOMAIN,fixed-counters-s1-on-2011206605-narrow,counters,stage1,on,2011206605,fixed_narrow_w5,20,20620559,COMPLETED,/home/hersco/training_new_domains/2026-08-27/statistical_replication_stage1_mcts_eval/20620559_Ev_counters_counters_mcts_orig_vh_e.5_c.1_s2011206605_K0_SR10M_src20401269_e0009.txt,44,../problems/numeric/counters/vanilla/fz_instance_45.pddl,unsolved,4820.07,False,10000,0,0,0
MCTS-PW-CROSS-DOMAIN,fixed-counters-s1-on-2011206605-narrow,counters,stage1,on,2011206605,fixed_narrow_w5,20,20620559,COMPLETED,/home/hersco/training_new_domains/2026-08-27/statistical_replication_stage1_mcts_eval/20620559_Ev_counters_counters_mcts_orig_vh_e.5_c.1_s2011206605_K0_SR10M_src20401269_e0009.txt,45,../problems/numeric/counters/vanilla/fz_instance_46.pddl,unsolved,3937.96,False,10000,0,0,0
MCTS-PW-CROSS-DOMAIN,fixed-counters-s1-on-2011206605-narrow,counters,stage1,on,2011206605,fixed_narrow_w5,20,20620559,COMPLETED,/home/hersco/training_new_domains/2026-08-27/statistical_replication_stage1_mcts_eval/20620559_Ev_counters_counters_mcts_orig_vh_e.5_c.1_s2011206605_K0_SR10M_src20401269_e0009.txt,46,../problems/numeric/counters/vanilla/fz_instance_47.pddl,unsolved,9383.01,False,10000,0,0,0
MCTS-PW-CROSS-DOMAIN,fixed-counters-s1-on-2011206605-narrow,counters,stage1,on,2011206605,fixed_narrow_w5,20,20620559,COMPLETED,/home/hersco/training_new_domains/2026-08-27/statistical_replication_stage1_mcts_eval/20620559_Ev_counters_counters_mcts_orig_vh_e.5_c.1_s2011206605_K0_SR10M_src20401269_e0009.txt,47,../problems/numeric/counters/vanilla/fz_instance_48.pddl,unsolved,1158.47,False,10000,0,0,0
MCTS-PW-CROSS-DOMAIN,fixed-counters-s1-on-2011206605-narrow,counters,stage1,on,2011206605,fixed_narrow_w5,20,20620559,COMPLETED,/home/hersco/training_new_domains/2026-08-27/statistical_replication_stage1_mcts_eval/20620559_Ev_counters_counters_mcts_orig_vh_e.5_c.1_s2011206605_K0_SR10M_src20401269_e0009.txt,48,../problems/numeric/counters/vanilla/fz_instance_49.pddl,unsolved,10466.42,False,10000,0,0,0
MCTS-PW-CROSS-DOMAIN,fixed-counters-s1-on-2011206605-narrow,counters,stage1,on,2011206605,fixed_narrow_w5,20,20620559,COMPLETED,/home/hersco/training_new_domains/2026-08-27/statistical_replication_stage1_mcts_eval/20620559_Ev_counters_counters_mcts_orig_vh_e.5_c.1_s2011206605_K0_SR10M_src20401269_e0009.txt,49,../problems/numeric/counters/vanilla/fz_instance_50.pddl,unsolved,1562.19,False,10000,0,0,0
MCTS-PW-CROSS-DOMAIN,fixed-counters-s1-on-2011206605-narrow,counters,stage1,on,2011206605,fixed_narrow_w5,20,20620559,COMPLETED,/home/hersco/training_new_domains/2026-08-27/statistical_replication_stage1_mcts_eval/20620559_Ev_counters_counters_mcts_orig_vh_e.5_c.1_s2011206605_K0_SR10M_src20401269_e0009.txt,50,../problems/numeric/counters/vanilla/fz_instance_51.pddl,unsolved,9832.48,False,10000,0,0,0
MCTS-PW-CROSS-DOMAIN,fixed-counters-s1-on-2011206605-narrow,counters,stage1,on,2011206605,fixed_narrow_w5,20,20620559,COMPLETED,/home/hersco/training_new_domains/2026-08-27/statistical_replication_stage1_mcts_eval/20620559_Ev_counters_counters_mcts_orig_vh_e.5_c.1_s2011206605_K0_SR10M_src20401269_e0009.txt,51,../problems/numeric/counters/vanilla/fz_instance_52.pddl,unsolved,4990.37,False,10000,0,0,0
MCTS-PW-CROSS-DOMAIN,fixed-counters-s1-on-2011206605-narrow,counters,stage1,on,2011206605,fixed_narrow_w5,20,20620559,COMPLETED,/home/hersco/training_new_domains/2026-08-27/statistical_replication_stage1_mcts_eval/20620559_Ev_counters_counters_mcts_orig_vh_e.5_c.1_s2011206605_K0_SR10M_src20401269_e0009.txt,52,../problems/numeric/counters/vanilla/fz_instance_53.pddl,unsolved,9247.96,False,10000,0,0,0
MCTS-PW-CROSS-DOMAIN,fixed-counters-s1-on-2011206605-narrow,counters,stage1,on,2011206605,fixed_narrow_w5,20,20620559,COMPLETED,/home/hersco/training_new_domains/2026-08-27/statistical_replication_stage1_mcts_eval/20620559_Ev_counters_counters_mcts_orig_vh_e.5_c.1_s2011206605_K0_SR10M_src20401269_e0009.txt,53,../problems/numeric/counters/vanilla/fz_instance_54.pddl,unsolved,7308.59,False,10000,0,0,0
MCTS-PW-CROSS-DOMAIN,fixed-counters-s1-on-2011206605-narrow,counters,stage1,on,2011206605,fixed_narrow_w5,20,20620559,COMPLETED,/home/hersco/training_new_domains/2026-08-27/statistical_replication_stage1_mcts_eval/20620559_Ev_counters_counters_mcts_orig_vh_e.5_c.1_s2011206605_K0_SR10M_src20401269_e0009.txt,54,../problems/numeric/counters/vanilla/fz_instance_55.pddl,unsolved,6798.14,False,10000,0,0,0
MCTS-PW-CROSS-DOMAIN,fixed-counters-s1-on-2011206605-narrow,counters,stage1,on,2011206605,fixed_narrow_w5,20,20620559,COMPLETED,/home/hersco/training_new_domains/2026-08-27/statistical_replication_stage1_mcts_eval/20620559_Ev_counters_counters_mcts_orig_vh_e.5_c.1_s2011206605_K0_SR10M_src20401269_e0009.txt,55,../problems/numeric/counters/vanilla/fz_instance_56.pddl,unsolved,4907.06,False,10000,0,0,0
MCTS-PW-CROSS-DOMAIN,fixed-counters-s1-on-2011206605-narrow,counters,stage1,on,2011206605,fixed_narrow_w5,20,20620559,COMPLETED,/home/hersco/training_new_domains/2026-08-27/statistical_replication_stage1_mcts_eval/20620559_Ev_counters_counters_mcts_orig_vh_e.5_c.1_s2011206605_K0_SR10M_src20401269_e0009.txt,56,../problems/numeric/counters/vanilla/fz_instance_57.pddl,unsolved,16879.04,False,10000,0,0,0
MCTS-PW-CROSS-DOMAIN,fixed-counters-s1-on-2011206605-narrow,counters,stage1,on,2011206605,fixed_narrow_w5,20,20620559,COMPLETED,/home/hersco/training_new_domains/2026-08-27/statistical_replication_stage1_mcts_eval/20620559_Ev_counters_counters_mcts_orig_vh_e.5_c.1_s2011206605_K0_SR10M_src20401269_e0009.txt,57,../problems/numeric/counters/vanilla/fz_instance_58.pddl,unsolved,5758.38,False,10000,0,0,0
MCTS-PW-CROSS-DOMAIN,fixed-counters-s1-on-2011206605-narrow,counters,stage1,on,2011206605,fixed_narrow_w5,20,20620559,COMPLETED,/home/hersco/training_new_domains/2026-08-27/statistical_replication_stage1_mcts_eval/20620559_Ev_counters_counters_mcts_orig_vh_e.5_c.1_s2011206605_K0_SR10M_src20401269_e0009.txt,58,../problems/numeric/counters/vanilla/fz_instance_59.pddl,unsolved,10158.56,False,10000,0,0,0
MCTS-PW-CROSS-DOMAIN,fixed-counters-s1-on-2011206605-narrow,counters,stage1,on,2011206605,fixed_narrow_w5,20,20620559,COMPLETED,/home/hersco/training_new_domains/2026-08-27/statistical_replication_stage1_mcts_eval/20620559_Ev_counters_counters_mcts_orig_vh_e.5_c.1_s2011206605_K0_SR10M_src20401269_e0009.txt,59,../problems/numeric/counters/vanilla/fz_instance_60.pddl,unsolved,15048.07,False,10000,0,0,0
MCTS-PW-CROSS-DOMAIN,fixed-counters-s1-on-2011206605-normal,counters,stage1,on,2011206605,fixed_normal_w20,70,20430134,TIMEOUT,/home/hersco/training_new_domains/2026-08-21/statistical_replication_stage1_mcts_eval/20430134_Ev_counters_counters_mcts_orig_vh_e.5_c.1_s2011206605_K0_SR10M_src20401269_e0009.txt,1,../problems/numeric/counters/vanilla/fz_instance_2.pddl,success,10.03,True,1,1,1,1
MCTS-PW-CROSS-DOMAIN,fixed-counters-s1-on-2011206605-normal,counters,stage1,on,2011206605,fixed_normal_w20,70,20430134,TIMEOUT,/home/hersco/training_new_domains/2026-08-21/statistical_replication_stage1_mcts_eval/20430134_Ev_counters_counters_mcts_orig_vh_e.5_c.1_s2011206605_K0_SR10M_src20401269_e0009.txt,2,../problems/numeric/counters/vanilla/fz_instance_3.pddl,success,10.29,True,3,1,1,1
MCTS-PW-CROSS-DOMAIN,fixed-counters-s1-on-2011206605-normal,counters,stage1,on,2011206605,fixed_normal_w20,70,20430134,TIMEOUT,/home/hersco/training_new_domains/2026-08-21/statistical_replication_stage1_mcts_eval/20430134_Ev_counters_counters_mcts_orig_vh_e.5_c.1_s2011206605_K0_SR10M_src20401269_e0009.txt,3,../problems/numeric/counters/vanilla/fz_instance_4.pddl,success,14.55,True,6,1,1,1
MCTS-PW-CROSS-DOMAIN,fixed-counters-s1-on-2011206605-normal,counters,stage1,on,2011206605,fixed_normal_w20,70,20430134,TIMEOUT,/home/hersco/training_new_domains/2026-08-21/statistical_replication_stage1_mcts_eval/20430134_Ev_counters_counters_mcts_orig_vh_e.5_c.1_s2011206605_K0_SR10M_src20401269_e0009.txt,4,../problems/numeric/counters/vanilla/fz_instance_5.pddl,success,21.56,True,10,1,1,1
MCTS-PW-CROSS-DOMAIN,fixed-counters-s1-on-2011206605-normal,counters,stage1,on,2011206605,fixed_normal_w20,70,20430134,TIMEOUT,/home/hersco/training_new_domains/2026-08-21/statistical_replication_stage1_mcts_eval/20430134_Ev_counters_counters_mcts_orig_vh_e.5_c.1_s2011206605_K0_SR10M_src20401269_e0009.txt,5,../problems/numeric/counters/vanilla/fz_instance_6.pddl,success,30.58,True,15,1,1,1
MCTS-PW-CROSS-DOMAIN,fixed-counters-s1-on-2011206605-normal,counters,stage1,on,2011206605,fixed_normal_w20,70,20430134,TIMEOUT,/home/hersco/training_new_domains/2026-08-21/statistical_replication_stage1_mcts_eval/20430134_Ev_counters_counters_mcts_orig_vh_e.5_c.1_s2011206605_K0_SR10M_src20401269_e0009.txt,6,../problems/numeric/counters/vanilla/fz_instance_7.pddl,success,42.86,True,21,1,1,1
MCTS-PW-CROSS-DOMAIN,fixed-counters-s1-on-2011206605-normal,counters,stage1,on,2011206605,fixed_normal_w20,70,20430134,TIMEOUT,/home/hersco/training_new_domains/2026-08-21/statistical_replication_stage1_mcts_eval/20430134_Ev_counters_counters_mcts_orig_vh_e.5_c.1_s2011206605_K0_SR10M_src20401269_e0009.txt,7,../problems/numeric/counters/vanilla/fz_instance_8.pddl,success,87.93,True,38,1,1,1
MCTS-PW-CROSS-DOMAIN,fixed-counters-s1-on-2011206605-normal,counters,stage1,on,2011206605,fixed_normal_w20,70,20430134,TIMEOUT,/home/hersco/training_new_domains/2026-08-21/statistical_replication_stage1_mcts_eval/20430134_Ev_counters_counters_mcts_orig_vh_e.5_c.1_s2011206605_K0_SR10M_src20401269_e0009.txt,8,../problems/numeric/counters/vanilla/fz_instance_9.pddl,success,130.99,True,52,1,1,1
MCTS-PW-CROSS-DOMAIN,fixed-counters-s1-on-2011206605-normal,counters,stage1,on,2011206605,fixed_normal_w20,70,20430134,TIMEOUT,/home/hersco/training_new_domains/2026-08-21/statistical_replication_stage1_mcts_eval/20430134_Ev_counters_counters_mcts_orig_vh_e.5_c.1_s2011206605_K0_SR10M_src20401269_e0009.txt,9,../problems/numeric/counters/vanilla/fz_instance_10.pddl,success,161.31,True,62,1,1,1
MCTS-PW-CROSS-DOMAIN,fixed-counters-s1-on-2011206605-normal,counters,stage1,on,2011206605,fixed_normal_w20,70,20430134,TIMEOUT,/home/hersco/training_new_domains/2026-08-21/statistical_replication_stage1_mcts_eval/20430134_Ev_counters_counters_mcts_orig_vh_e.5_c.1_s2011206605_K0_SR10M_src20401269_e0009.txt,10,../problems/numeric/counters/vanilla/fz_instance_11.pddl,success,427.06,True,127,1,1,1
MCTS-PW-CROSS-DOMAIN,fixed-counters-s1-on-2011206605-normal,counters,stage1,on,2011206605,fixed_normal_w20,70,20430134,TIMEOUT,/home/hersco/training_new_domains/2026-08-21/statistical_replication_stage1_mcts_eval/20430134_Ev_counters_counters_mcts_orig_vh_e.5_c.1_s2011206605_K0_SR10M_src20401269_e0009.txt,11,../problems/numeric/counters/vanilla/fz_instance_12.pddl,success,961.42,True,256,1,1,1
MCTS-PW-CROSS-DOMAIN,fixed-counters-s1-on-2011206605-normal,counters,stage1,on,2011206605,fixed_normal_w20,70,20430134,TIMEOUT,/home/hersco/training_new_domains/2026-08-21/statistical_replication_stage1_mcts_eval/20430134_Ev_counters_counters_mcts_orig_vh_e.5_c.1_s2011206605_K0_SR10M_src20401269_e0009.txt,12,../problems/numeric/counters/vanilla/fz_instance_13.pddl,success,5499.58,True,682,0,1,1
MCTS-PW-CROSS-DOMAIN,fixed-counters-s1-on-2011206605-normal,counters,stage1,on,2011206605,fixed_normal_w20,70,20430134,TIMEOUT,/home/hersco/training_new_domains/2026-08-21/statistical_replication_stage1_mcts_eval/20430134_Ev_counters_counters_mcts_orig_vh_e.5_c.1_s2011206605_K0_SR10M_src20401269_e0009.txt,13,../problems/numeric/counters/vanilla/fz_instance_14.pddl,timeout,21600.0,False,-1,0,0,0
MCTS-PW-CROSS-DOMAIN,fixed-counters-s1-on-2011206605-normal,counters,stage1,on,2011206605,fixed_normal_w20,70,20430134,TIMEOUT,/home/hersco/training_new_domains/2026-08-21/statistical_replication_stage1_mcts_eval/20430134_Ev_counters_counters_mcts_orig_vh_e.5_c.1_s2011206605_K0_SR10M_src20401269_e0009.txt,14,../problems/numeric/counters/vanilla/fz_instance_15.pddl,timeout,21600.0,False,-1,0,0,0
MCTS-PW-CROSS-DOMAIN,fixed-counters-s1-on-2011206605-normal,counters,stage1,on,2011206605,fixed_normal_w20,70,20430134,TIMEOUT,/home/hersco/training_new_domains/2026-08-21/statistical_replication_stage1_mcts_eval/20430134_Ev_counters_counters_mcts_orig_vh_e.5_c.1_s2011206605_K0_SR10M_src20401269_e0009.txt,15,../problems/numeric/counters/vanilla/fz_instance_16.pddl,timeout,21600.0,False,-1,0,0,0
MCTS-PW-CROSS-DOMAIN,fixed-counters-s1-on-2011206605-normal,counters,stage1,on,2011206605,fixed_normal_w20,70,20430134,TIMEOUT,/home/hersco/training_new_domains/2026-08-21/statistical_replication_stage1_mcts_eval/20430134_Ev_counters_counters_mcts_orig_vh_e.5_c.1_s2011206605_K0_SR10M_src20401269_e0009.txt,16,../problems/numeric/counters/vanilla/fz_instance_17.pddl,timeout,21600.0,False,-1,0,0,0
MCTS-PW-CROSS-DOMAIN,fixed-counters-s1-on-2011206605-normal,counters,stage1,on,2011206605,fixed_normal_w20,70,20430134,TIMEOUT,/home/hersco/training_new_domains/2026-08-21/statistical_replication_stage1_mcts_eval/20430134_Ev_counters_counters_mcts_orig_vh_e.5_c.1_s2011206605_K0_SR10M_src20401269_e0009.txt,17,../problems/numeric/counters/vanilla/fz_instance_18.pddl,timeout,21600.0,False,-1,0,0,0
MCTS-PW-CROSS-DOMAIN,fixed-counters-s1-on-2011206605-normal,counters,stage1,on,2011206605,fixed_normal_w20,70,20430134,TIMEOUT,/home/hersco/training_new_domains/2026-08-21/statistical_replication_stage1_mcts_eval/20430134_Ev_counters_counters_mcts_orig_vh_e.5_c.1_s2011206605_K0_SR10M_src20401269_e0009.txt,18,../problems/numeric/counters/vanilla/fz_instance_19.pddl,timeout,21600.0,False,-1,0,0,0
MCTS-PW-CROSS-DOMAIN,fixed-counters-s1-on-2011206605-normal,counters,stage1,on,2011206605,fixed_normal_w20,70,20430134,TIMEOUT,/home/hersco/training_new_domains/2026-08-21/statistical_replication_stage1_mcts_eval/20430134_Ev_counters_counters_mcts_orig_vh_e.5_c.1_s2011206605_K0_SR10M_src20401269_e0009.txt,19,../problems/numeric/counters/vanilla/fz_instance_20.pddl,timeout,21600.0,False,-1,0,0,0
MCTS-PW-CROSS-DOMAIN,fixed-counters-s1-on-2011206605-normal,counters,stage1,on,2011206605,fixed_normal_w20,70,20430134,TIMEOUT,/home/hersco/training_new_domains/2026-08-21/statistical_replication_stage1_mcts_eval/20430134_Ev_counters_counters_mcts_orig_vh_e.5_c.1_s2011206605_K0_SR10M_src20401269_e0009.txt,20,../problems/numeric/counters/vanilla/fz_instance_21.pddl,timeout,21600.0,False,-1,0,0,0
MCTS-PW-CROSS-DOMAIN,fixed-counters-s1-on-2011206605-normal,counters,stage1,on,2011206605,fixed_normal_w20,70,20430134,TIMEOUT,/home/hersco/training_new_domains/2026-08-21/statistical_replication_stage1_mcts_eval/20430134_Ev_counters_counters_mcts_orig_vh_e.5_c.1_s2011206605_K0_SR10M_src20401269_e0009.txt,21,../problems/numeric/counters/vanilla/fz_instance_22.pddl,timeout,21600.0,False,-1,0,0,0
MCTS-PW-CROSS-DOMAIN,fixed-counters-s1-on-2011206605-normal,counters,stage1,on,2011206605,fixed_normal_w20,70,20430134,TIMEOUT,/home/hersco/training_new_domains/2026-08-21/statistical_replication_stage1_mcts_eval/20430134_Ev_counters_counters_mcts_orig_vh_e.5_c.1_s2011206605_K0_SR10M_src20401269_e0009.txt,22,../problems/numeric/counters/vanilla/fz_instance_23.pddl,timeout,21600.0,False,-1,0,0,0
MCTS-PW-CROSS-DOMAIN,fixed-counters-s1-on-2011206605-normal,counters,stage1,on,2011206605,fixed_normal_w20,70,20430134,TIMEOUT,/home/hersco/training_new_domains/2026-08-21/statistical_replication_stage1_mcts_eval/20430134_Ev_counters_counters_mcts_orig_vh_e.5_c.1_s2011206605_K0_SR10M_src20401269_e0009.txt,23,../problems/numeric/counters/vanilla/fz_instance_24.pddl,timeout,21600.0,False,-1,0,0,0
MCTS-PW-CROSS-DOMAIN,fixed-counters-s1-on-2011206605-normal,counters,stage1,on,2011206605,fixed_normal_w20,70,20430134,TIMEOUT,/home/hersco/training_new_domains/2026-08-21/statistical_replication_stage1_mcts_eval/20430134_Ev_counters_counters_mcts_orig_vh_e.5_c.1_s2011206605_K0_SR10M_src20401269_e0009.txt,24,../problems/numeric/counters/vanilla/fz_instance_25.pddl,timeout,21600.0,False,-1,0,0,0
MCTS-PW-CROSS-DOMAIN,fixed-counters-s1-on-2011206605-normal,counters,stage1,on,2011206605,fixed_normal_w20,70,20430134,TIMEOUT,/home/hersco/training_new_domains/2026-08-21/statistical_replication_stage1_mcts_eval/20430134_Ev_counters_counters_mcts_orig_vh_e.5_c.1_s2011206605_K0_SR10M_src20401269_e0009.txt,25,../problems/numeric/counters/vanilla/fz_instance_26.pddl,timeout,21600.0,False,-1,0,0,0
MCTS-PW-CROSS-DOMAIN,fixed-counters-s1-on-2011206605-normal,counters,stage1,on,2011206605,fixed_normal_w20,70,20430134,TIMEOUT,/home/hersco/training_new_domains/2026-08-21/statistical_replication_stage1_mcts_eval/20430134_Ev_counters_counters_mcts_orig_vh_e.5_c.1_s2011206605_K0_SR10M_src20401269_e0009.txt,26,../problems/numeric/counters/vanilla/fz_instance_27.pddl,timeout,21600.0,False,-1,0,0,0
MCTS-PW-CROSS-DOMAIN,fixed-counters-s1-on-2011206605-normal,counters,stage1,on,2011206605,fixed_normal_w20,70,20430134,TIMEOUT,/home/hersco/training_new_domains/2026-08-21/statistical_replication_stage1_mcts_eval/20430134_Ev_counters_counters_mcts_orig_vh_e.5_c.1_s2011206605_K0_SR10M_src20401269_e0009.txt,27,../problems/numeric/counters/vanilla/fz_instance_28.pddl,timeout,21600.0,False,-1,0,0,0
MCTS-PW-CROSS-DOMAIN,fixed-counters-s1-on-2011206605-normal,counters,stage1,on,2011206605,fixed_normal_w20,70,20430134,TIMEOUT,/home/hersco/training_new_domains/2026-08-21/statistical_replication_stage1_mcts_eval/20430134_Ev_counters_counters_mcts_orig_vh_e.5_c.1_s2011206605_K0_SR10M_src20401269_e0009.txt,28,../problems/numeric/counters/vanilla/fz_instance_29.pddl,timeout,21600.0,False,-1,0,0,0
MCTS-PW-CROSS-DOMAIN,fixed-counters-s1-on-2011206605-normal,counters,stage1,on,2011206605,fixed_normal_w20,70,20430134,TIMEOUT,/home/hersco/training_new_domains/2026-08-21/statistical_replication_stage1_mcts_eval/20430134_Ev_counters_counters_mcts_orig_vh_e.5_c.1_s2011206605_K0_SR10M_src20401269_e0009.txt,29,../problems/numeric/counters/vanilla/fz_instance_30.pddl,timeout,21600.0,False,-1,0,0,0
MCTS-PW-CROSS-DOMAIN,fixed-counters-s1-on-2011206605-normal,counters,stage1,on,2011206605,fixed_normal_w20,70,20430134,TIMEOUT,/home/hersco/training_new_domains/2026-08-21/statistical_replication_stage1_mcts_eval/20430134_Ev_counters_counters_mcts_orig_vh_e.5_c.1_s2011206605_K0_SR10M_src20401269_e0009.txt,30,../problems/numeric/counters/vanilla/fz_instance_31.pddl,timeout,21600.0,False,-1,0,0,0
MCTS-PW-CROSS-DOMAIN,fixed-counters-s1-on-2011206605-normal,counters,stage1,on,2011206605,fixed_normal_w20,70,20430134,TIMEOUT,/home/hersco/training_new_domains/2026-08-21/statistical_replication_stage1_mcts_eval/20430134_Ev_counters_counters_mcts_orig_vh_e.5_c.1_s2011206605_K0_SR10M_src20401269_e0009.txt,31,../problems/numeric/counters/vanilla/fz_instance_32.pddl,timeout,21600.0,False,-1,0,0,0
MCTS-PW-CROSS-DOMAIN,fixed-counters-s1-on-2011206605-normal,counters,stage1,on,2011206605,fixed_normal_w20,70,20430134,TIMEOUT,/home/hersco/training_new_domains/2026-08-21/statistical_replication_stage1_mcts_eval/20430134_Ev_counters_counters_mcts_orig_vh_e.5_c.1_s2011206605_K0_SR10M_src20401269_e0009.txt,32,../problems/numeric/counters/vanilla/fz_instance_33.pddl,timeout,21600.0,False,-1,0,0,0
MCTS-PW-CROSS-DOMAIN,fixed-counters-s1-on-2011206605-normal,counters,stage1,on,2011206605,fixed_normal_w20,70,20430134,TIMEOUT,/home/hersco/training_new_domains/2026-08-21/statistical_replication_stage1_mcts_eval/20430134_Ev_counters_counters_mcts_orig_vh_e.5_c.1_s2011206605_K0_SR10M_src20401269_e0009.txt,33,../problems/numeric/counters/vanilla/fz_instance_34.pddl,timeout,21600.0,False,-1,0,0,0
MCTS-PW-CROSS-DOMAIN,fixed-counters-s1-on-2011206605-normal,counters,stage1,on,2011206605,fixed_normal_w20,70,20430134,TIMEOUT,/home/hersco/training_new_domains/2026-08-21/statistical_replication_stage1_mcts_eval/20430134_Ev_counters_counters_mcts_orig_vh_e.5_c.1_s2011206605_K0_SR10M_src20401269_e0009.txt,34,../problems/numeric/counters/vanilla/fz_instance_35.pddl,timeout,21600.0,False,-1,0,0,0
MCTS-PW-CROSS-DOMAIN,fixed-counters-s1-on-2011206605-normal,counters,stage1,on,2011206605,fixed_normal_w20,70,20430134,TIMEOUT,/home/hersco/training_new_domains/2026-08-21/statistical_replication_stage1_mcts_eval/20430134_Ev_counters_counters_mcts_orig_vh_e.5_c.1_s2011206605_K0_SR10M_src20401269_e0009.txt,35,../problems/numeric/counters/vanilla/fz_instance_36.pddl,timeout,21600.0,False,-1,0,0,0
MCTS-PW-CROSS-DOMAIN,fixed-counters-s1-on-2011206605-normal,counters,stage1,on,2011206605,fixed_normal_w20,70,20430134,TIMEOUT,/home/hersco/training_new_domains/2026-08-21/statistical_replication_stage1_mcts_eval/20430134_Ev_counters_counters_mcts_orig_vh_e.5_c.1_s2011206605_K0_SR10M_src20401269_e0009.txt,36,../problems/numeric/counters/vanilla/fz_instance_37.pddl,timeout,21600.0,False,-1,0,0,0
MCTS-PW-CROSS-DOMAIN,fixed-counters-s1-on-2011206605-normal,counters,stage1,on,2011206605,fixed_normal_w20,70,20430134,TIMEOUT,/home/hersco/training_new_domains/2026-08-21/statistical_replication_stage1_mcts_eval/20430134_Ev_counters_counters_mcts_orig_vh_e.5_c.1_s2011206605_K0_SR10M_src20401269_e0009.txt,37,../problems/numeric/counters/vanilla/fz_instance_38.pddl,timeout,21600.0,False,-1,0,0,0
MCTS-PW-CROSS-DOMAIN,fixed-counters-s1-on-2011206605-normal,counters,stage1,on,2011206605,fixed_normal_w20,70,20430134,TIMEOUT,/home/hersco/training_new_domains/2026-08-21/statistical_replication_stage1_mcts_eval/20430134_Ev_counters_counters_mcts_orig_vh_e.5_c.1_s2011206605_K0_SR10M_src20401269_e0009.txt,38,../problems/numeric/counters/vanilla/fz_instance_39.pddl,timeout,21600.0,False,-1,0,0,0
MCTS-PW-CROSS-DOMAIN,fixed-counters-s1-on-2011206605-normal,counters,stage1,on,2011206605,fixed_normal_w20,70,20430134,TIMEOUT,/home/hersco/training_new_domains/2026-08-21/statistical_replication_stage1_mcts_eval/20430134_Ev_counters_counters_mcts_orig_vh_e.5_c.1_s2011206605_K0_SR10M_src20401269_e0009.txt,39,../problems/numeric/counters/vanilla/fz_instance_40.pddl,timeout,21600.0,False,-1,0,0,0
MCTS-PW-CROSS-DOMAIN,fixed-counters-s1-on-2011206605-normal,counters,stage1,on,2011206605,fixed_normal_w20,70,20430134,TIMEOUT,/home/hersco/training_new_domains/2026-08-21/statistical_replication_stage1_mcts_eval/20430134_Ev_counters_counters_mcts_orig_vh_e.5_c.1_s2011206605_K0_SR10M_src20401269_e0009.txt,40,../problems/numeric/counters/vanilla/fz_instance_41.pddl,timeout,21600.0,False,-1,0,0,0
MCTS-PW-CROSS-DOMAIN,fixed-counters-s1-on-2011206605-normal,counters,stage1,on,2011206605,fixed_normal_w20,70,20430134,TIMEOUT,/home/hersco/training_new_domains/2026-08-21/statistical_replication_stage1_mcts_eval/20430134_Ev_counters_counters_mcts_orig_vh_e.5_c.1_s2011206605_K0_SR10M_src20401269_e0009.txt,41,../problems/numeric/counters/vanilla/fz_instance_42.pddl,timeout,21600.0,False,-1,0,0,0
MCTS-PW-CROSS-DOMAIN,fixed-counters-s1-on-2011206605-normal,counters,stage1,on,2011206605,fixed_normal_w20,70,20430134,TIMEOUT,/home/hersco/training_new_domains/2026-08-21/statistical_replication_stage1_mcts_eval/20430134_Ev_counters_counters_mcts_orig_vh_e.5_c.1_s2011206605_K0_SR10M_src20401269_e0009.txt,42,../problems/numeric/counters/vanilla/fz_instance_43.pddl,timeout,21600.0,False,-1,0,0,0
MCTS-PW-CROSS-DOMAIN,fixed-fo-counters-s1-off-1963100312-normal,fo_counters,stage1,off,1963100312,fixed_normal_w20,70,20430072,OUT_OF_MEMORY,/home/hersco/training_new_domains/2026-08-21/statistical_replication_stage1_mcts_eval/20430072_Ev_fo_counters_fo_counters_mcts_orig_novh_e.5_c.1_s1963100312_K0_SR10M_src20401228_e0008.txt,1,../problems/numeric/fo-counters/instances/instance_2.pddl,success,24.07,True,9,1,1,1
MCTS-PW-CROSS-DOMAIN,fixed-fo-counters-s1-off-1963100312-normal,fo_counters,stage1,off,1963100312,fixed_normal_w20,70,20430072,OUT_OF_MEMORY,/home/hersco/training_new_domains/2026-08-21/statistical_replication_stage1_mcts_eval/20430072_Ev_fo_counters_fo_counters_mcts_orig_novh_e.5_c.1_s1963100312_K0_SR10M_src20401228_e0008.txt,2,../problems/numeric/fo-counters/instances/instance_3.pddl,success,22.05,True,7,1,1,1
MCTS-PW-CROSS-DOMAIN,fixed-fo-counters-s1-off-1963100312-normal,fo_counters,stage1,off,1963100312,fixed_normal_w20,70,20430072,OUT_OF_MEMORY,/home/hersco/training_new_domains/2026-08-21/statistical_replication_stage1_mcts_eval/20430072_Ev_fo_counters_fo_counters_mcts_orig_novh_e.5_c.1_s1963100312_K0_SR10M_src20401228_e0008.txt,3,../problems/numeric/fo-counters/instances/instance_4.pddl,success,34.09,True,16,1,1,1
MCTS-PW-CROSS-DOMAIN,fixed-fo-counters-s1-off-1963100312-normal,fo_counters,stage1,off,1963100312,fixed_normal_w20,70,20430072,OUT_OF_MEMORY,/home/hersco/training_new_domains/2026-08-21/statistical_replication_stage1_mcts_eval/20430072_Ev_fo_counters_fo_counters_mcts_orig_novh_e.5_c.1_s1963100312_K0_SR10M_src20401228_e0008.txt,4,../problems/numeric/fo-counters/instances/instance_5.pddl,success,87.42,True,44,1,1,1
MCTS-PW-CROSS-DOMAIN,fixed-fo-counters-s1-off-1963100312-normal,fo_counters,stage1,off,1963100312,fixed_normal_w20,70,20430072,OUT_OF_MEMORY,/home/hersco/training_new_domains/2026-08-21/statistical_replication_stage1_mcts_eval/20430072_Ev_fo_counters_fo_counters_mcts_orig_novh_e.5_c.1_s1963100312_K0_SR10M_src20401228_e0008.txt,5,../problems/numeric/fo-counters/instances/instance_6.pddl,success,87.42,True,42,1,1,1
MCTS-PW-CROSS-DOMAIN,fixed-fo-counters-s1-off-1963100312-normal,fo_counters,stage1,off,1963100312,fixed_normal_w20,70,20430072,OUT_OF_MEMORY,/home/hersco/training_new_domains/2026-08-21/statistical_replication_stage1_mcts_eval/20430072_Ev_fo_counters_fo_counters_mcts_orig_novh_e.5_c.1_s1963100312_K0_SR10M_src20401228_e0008.txt,6,../problems/numeric/fo-counters/instances/instance_7.pddl,success,95.01,True,47,1,1,1
MCTS-PW-CROSS-DOMAIN,fixed-fo-counters-s1-off-1963100312-normal,fo_counters,stage1,off,1963100312,fixed_normal_w20,70,20430072,OUT_OF_MEMORY,/home/hersco/training_new_domains/2026-08-21/statistical_replication_stage1_mcts_eval/20430072_Ev_fo_counters_fo_counters_mcts_orig_novh_e.5_c.1_s1963100312_K0_SR10M_src20401228_e0008.txt,7,../problems/numeric/fo-counters/instances/instance_8.pddl,success,219.74,True,93,1,1,1
MCTS-PW-CROSS-DOMAIN,fixed-fo-counters-s1-off-1963100312-normal,fo_counters,stage1,off,1963100312,fixed_normal_w20,70,20430072,OUT_OF_MEMORY,/home/hersco/training_new_domains/2026-08-21/statistical_replication_stage1_mcts_eval/20430072_Ev_fo_counters_fo_counters_mcts_orig_novh_e.5_c.1_s1963100312_K0_SR10M_src20401228_e0008.txt,8,../problems/numeric/fo-counters/instances/instance_9.pddl,success,362.72,True,128,1,1,1
MCTS-PW-CROSS-DOMAIN,fixed-fo-counters-s1-off-1963100312-normal,fo_counters,stage1,off,1963100312,fixed_normal_w20,70,20430072,OUT_OF_MEMORY,/home/hersco/training_new_domains/2026-08-21/statistical_replication_stage1_mcts_eval/20430072_Ev_fo_counters_fo_counters_mcts_orig_novh_e.5_c.1_s1963100312_K0_SR10M_src20401228_e0008.txt,9,../problems/numeric/fo-counters/instances/instance_10.pddl,timeout,21600.0,False,-1,0,0,0
MCTS-PW-CROSS-DOMAIN,fixed-fo-counters-s1-off-1963100312-normal,fo_counters,stage1,off,1963100312,fixed_normal_w20,70,20430072,OUT_OF_MEMORY,/home/hersco/training_new_domains/2026-08-21/statistical_replication_stage1_mcts_eval/20430072_Ev_fo_counters_fo_counters_mcts_orig_novh_e.5_c.1_s1963100312_K0_SR10M_src20401228_e0008.txt,10,../problems/numeric/fo-counters/instances/instance_11.pddl,success,494.58,True,135,1,1,1
MCTS-PW-CROSS-DOMAIN,fixed-fo-counters-s1-off-1963100312-normal,fo_counters,stage1,off,1963100312,fixed_normal_w20,70,20430072,OUT_OF_MEMORY,/home/hersco/training_new_domains/2026-08-21/statistical_replication_stage1_mcts_eval/20430072_Ev_fo_counters_fo_counters_mcts_orig_novh_e.5_c.1_s1963100312_K0_SR10M_src20401228_e0008.txt,11,../problems/numeric/fo-counters/instances/instance_12.pddl,timeout,21600.0,False,-1,0,0,0
MCTS-PW-CROSS-DOMAIN,fixed-fo-counters-s1-off-1963100312-normal,fo_counters,stage1,off,1963100312,fixed_normal_w20,70,20430072,OUT_OF_MEMORY,/home/hersco/training_new_domains/2026-08-21/statistical_replication_stage1_mcts_eval/20430072_Ev_fo_counters_fo_counters_mcts_orig_novh_e.5_c.1_s1963100312_K0_SR10M_src20401228_e0008.txt,12,../problems/numeric/fo-counters/instances/instance_13.pddl,timeout,21600.0,False,-1,0,0,0
MCTS-PW-CROSS-DOMAIN,fixed-fo-counters-s1-off-1963100312-normal,fo_counters,stage1,off,1963100312,fixed_normal_w20,70,20430072,OUT_OF_MEMORY,/home/hersco/training_new_domains/2026-08-21/statistical_replication_stage1_mcts_eval/20430072_Ev_fo_counters_fo_counters_mcts_orig_novh_e.5_c.1_s1963100312_K0_SR10M_src20401228_e0008.txt,13,../problems/numeric/fo-counters/instances/instance_14.pddl,timeout,21600.0,False,-1,0,0,0
MCTS-PW-CROSS-DOMAIN,fixed-fo-counters-s1-off-1963100312-normal,fo_counters,stage1,off,1963100312,fixed_normal_w20,70,20430072,OUT_OF_MEMORY,/home/hersco/training_new_domains/2026-08-21/statistical_replication_stage1_mcts_eval/20430072_Ev_fo_counters_fo_counters_mcts_orig_novh_e.5_c.1_s1963100312_K0_SR10M_src20401228_e0008.txt,14,../problems/numeric/fo-counters/instances/instance_15.pddl,timeout,21600.0,False,-1,0,0,0
MCTS-PW-CROSS-DOMAIN,fixed-fo-counters-s1-off-1963100312-normal,fo_counters,stage1,off,1963100312,fixed_normal_w20,70,20430072,OUT_OF_MEMORY,/home/hersco/training_new_domains/2026-08-21/statistical_replication_stage1_mcts_eval/20430072_Ev_fo_counters_fo_counters_mcts_orig_novh_e.5_c.1_s1963100312_K0_SR10M_src20401228_e0008.txt,15,../problems/numeric/fo-counters/instances/instance_16.pddl,timeout,21600.0,False,-1,0,0,0
MCTS-PW-CROSS-DOMAIN,fixed-fo-counters-s1-off-1963100312-normal,fo_counters,stage1,off,1963100312,fixed_normal_w20,70,20430072,OUT_OF_MEMORY,/home/hersco/training_new_domains/2026-08-21/statistical_replication_stage1_mcts_eval/20430072_Ev_fo_counters_fo_counters_mcts_orig_novh_e.5_c.1_s1963100312_K0_SR10M_src20401228_e0008.txt,16,../problems/numeric/fo-counters/instances/instance_17.pddl,timeout,21600.0,False,-1,0,0,0
MCTS-PW-CROSS-DOMAIN,fixed-fo-counters-s1-off-1963100312-normal,fo_counters,stage1,off,1963100312,fixed_normal_w20,70,20430072,OUT_OF_MEMORY,/home/hersco/training_new_domains/2026-08-21/statistical_replication_stage1_mcts_eval/20430072_Ev_fo_counters_fo_counters_mcts_orig_novh_e.5_c.1_s1963100312_K0_SR10M_src20401228_e0008.txt,17,../problems/numeric/fo-counters/instances/instance_18.pddl,timeout,21600.0,False,-1,0,0,0
MCTS-PW-CROSS-DOMAIN,fixed-fo-counters-s1-off-1963100312-normal,fo_counters,stage1,off,1963100312,fixed_normal_w20,70,20430072,OUT_OF_MEMORY,/home/hersco/training_new_domains/2026-08-21/statistical_replication_stage1_mcts_eval/20430072_Ev_fo_counters_fo_counters_mcts_orig_novh_e.5_c.1_s1963100312_K0_SR10M_src20401228_e0008.txt,18,../problems/numeric/fo-counters/instances/instance_19.pddl,timeout,21600.0,False,-1,0,0,0
MCTS-PW-CROSS-DOMAIN,fixed-fo-counters-s1-off-1963100312-normal,fo_counters,stage1,off,1963100312,fixed_normal_w20,70,20430072,OUT_OF_MEMORY,/home/hersco/training_new_domains/2026-08-21/statistical_replication_stage1_mcts_eval/20430072_Ev_fo_counters_fo_counters_mcts_orig_novh_e.5_c.1_s1963100312_K0_SR10M_src20401228_e0008.txt,19,../problems/numeric/fo-counters/instances/instance_20.pddl,timeout,21600.0,False,-1,0,0,0
