"experiment_id","domain","value_head","stage","endpoint","seed","source_training_job_id","snapshot_epoch","checkpoint","evaluation_job_id","score","total","evaluation_state","evaluation_exit_code","evaluation_elapsed","val_valid","val_invalid","source_training_log","source_evaluation_log","source_validation_log","alternate_valid_job_ids","alternate_valid_log_paths"
"MAIN-TERM","block_grouping","off","stage1","final","534933607","20401192","62","/home/hersco/bershco-nu-asnets/numeric-asnets/asnets/experiment-results/experiments_numeric.domain.block_grouping-experiments_numeric.architecture_2.block_grouping-2026-08-20T18:13:54.922313/P[domain,instance_7_10_2_1,instance_20_5_2_2,inst...]-S[0.003,50,enhsp-hadd-gbfs]-MO[]-T[518400]-04905448-3c74d66/snapshots/snapshot_62_0.333","20489180","17","20","COMPLETED","0:0","00:04:32","17","0","/home/hersco/training_new_domains/2026-08-20/statistical_replication_stage1_10seed/20401192_Tr_block_grouping_block_grouping_orig_novh_c.1_s534933607_STATREP10_STAGE1.txt","/home/hersco/training_new_domains/2026-08-22/statistical_replication_terminal_stage1_policy_eval/20489180_Ev_block_grouping_block_grouping_orig_novh_c.1_s534933607_SR10TCP_src20401192_e0062.txt","/home/hersco/training_new_domains/2026-08-22/statistical_replication_terminal_stage1_policy_eval/20489180_Ev_block_grouping_block_grouping_orig_novh_c.1_s534933607_SR10TCP_src20401192_e0062.txt","",""
"MAIN-TERM","block_grouping","off","stage1","final","923500475","20401195","58","/home/hersco/bershco-nu-asnets/numeric-asnets/asnets/experiment-results/experiments_numeric.domain.block_grouping-experiments_numeric.architecture_2.block_grouping-2026-08-20T18:13:03.058457/P[domain,instance_7_10_2_1,instance_20_5_2_2,inst...]-S[0.003,50,enhsp-hadd-gbfs]-MO[]-T[518400]-04905447-5194f74/snapshots/snapshot_58_0.333","20489181","18","20","COMPLETED","0:0","00:03:11","18","0","/home/hersco/training_new_domains/2026-08-20/statistical_replication_stage1_10seed/20401195_Tr_block_grouping_block_grouping_orig_novh_c.1_s923500475_STATREP10_STAGE1.txt","/home/hersco/training_new_domains/2026-08-22/statistical_replication_terminal_stage1_policy_eval/20489181_Ev_block_grouping_block_grouping_orig_novh_c.1_s923500475_SR10TCP_src20401195_e0058.txt","/home/hersco/training_new_domains/2026-08-22/statistical_replication_terminal_stage1_policy_eval/20489181_Ev_block_grouping_block_grouping_orig_novh_c.1_s923500475_SR10TCP_src20401195_e0058.txt","",""
"MAIN-TERM","block_grouping","off","stage1","final","1073581256","20401189","73","/home/hersco/bershco-nu-asnets/numeric-asnets/asnets/experiment-results/experiments_numeric.domain.block_grouping-experiments_numeric.architecture_2.block_grouping-2026-08-20T18:13:54.920504/P[domain,instance_7_10_2_1,instance_20_5_2_2,inst...]-S[0.003,50,enhsp-hadd-gbfs]-MO[]-T[518400]-04905448-1247c09/snapshots/snapshot_73_0.333","20489182","17","20","COMPLETED","0:0","00:03:12","17","0","/home/hersco/training_new_domains/2026-08-20/statistical_replication_stage1_10seed/20401189_Tr_block_grouping_block_grouping_orig_novh_c.1_s1073581256_STATREP10_STAGE1.txt","/home/hersco/training_new_domains/2026-08-22/statistical_replication_terminal_stage1_policy_eval/20489182_Ev_block_grouping_block_grouping_orig_novh_c.1_s1073581256_SR10TCP_src20401189_e0073.txt","/home/hersco/training_new_domains/2026-08-22/statistical_replication_terminal_stage1_policy_eval/20489182_Ev_block_grouping_block_grouping_orig_novh_c.1_s1073581256_SR10TCP_src20401189_e0073.txt","",""
"MAIN-TERM","block_grouping","off","stage1","final","1239739722","20401190","77","/home/hersco/bershco-nu-asnets/numeric-asnets/asnets/experiment-results/experiments_numeric.domain.block_grouping-experiments_numeric.architecture_2.block_grouping-2026-08-20T18:13:54.920505/P[domain,instance_7_10_2_1,instance_20_5_2_2,inst...]-S[0.003,50,enhsp-hadd-gbfs]-MO[]-T[518400]-04905448-7d9a779/snapshots/snapshot_77_0.333","20489183","18","20","COMPLETED","0:0","00:02:59","18","0","/home/hersco/training_new_domains/2026-08-20/statistical_replication_stage1_10seed/20401190_Tr_block_grouping_block_grouping_orig_novh_c.1_s1239739722_STATREP10_STAGE1.txt","/home/hersco/training_new_domains/2026-08-22/statistical_replication_terminal_stage1_policy_eval/20489183_Ev_block_grouping_block_grouping_orig_novh_c.1_s1239739722_SR10TCP_src20401190_e0077.txt","/home/hersco/training_new_domains/2026-08-22/statistical_replication_terminal_stage1_policy_eval/20489183_Ev_block_grouping_block_grouping_orig_novh_c.1_s1239739722_SR10TCP_src20401190_e0077.txt","",""
"MAIN-TERM","block_grouping","off","stage1","final","1472491096","20401191","80","/home/hersco/bershco-nu-asnets/numeric-asnets/asnets/experiment-results/experiments_numeric.domain.block_grouping-experiments_numeric.architecture_2.block_grouping-2026-08-20T18:13:54.920498/P[domain,instance_7_10_2_1,instance_20_5_2_2,inst...]-S[0.003,50,enhsp-hadd-gbfs]-MO[]-T[518400]-04905448-43e0a7a/snapshots/snapshot_80_0.333","20425151","18","20","COMPLETED","0:0","00:03:33","18","0","/home/hersco/training_new_domains/2026-08-20/statistical_replication_stage1_10seed/20401191_Tr_block_grouping_block_grouping_orig_novh_c.1_s1472491096_STATREP10_STAGE1.txt","/home/hersco/training_new_domains/2026-08-21/statistical_replication_stage1_policy_eval/20425151_Ev_block_grouping_block_grouping_orig_novh_c.1_s1472491096_SR10P_src20401191_e0080.txt","/home/hersco/training_new_domains/2026-08-21/statistical_replication_stage1_policy_eval/20425151_Ev_block_grouping_block_grouping_orig_novh_c.1_s1472491096_SR10P_src20401191_e0080.txt","",""
"MAIN-TERM","block_grouping","off","stage1","final","1510771779","20401194","84","/home/hersco/bershco-nu-asnets/numeric-asnets/asnets/experiment-results/experiments_numeric.domain.block_grouping-experiments_numeric.architecture_2.block_grouping-2026-08-20T18:13:54.920887/P[domain,instance_7_10_2_1,instance_20_5_2_2,inst...]-S[0.003,50,enhsp-hadd-gbfs]-MO[]-T[518400]-04905448-17cc32a/snapshots/snapshot_84_0.333","20489184","16","20","COMPLETED","0:0","00:04:06","16","0","/home/hersco/training_new_domains/2026-08-20/statistical_replication_stage1_10seed/20401194_Tr_block_grouping_block_grouping_orig_novh_c.1_s1510771779_STATREP10_STAGE1.txt","/home/hersco/training_new_domains/2026-08-22/statistical_replication_terminal_stage1_policy_eval/20489184_Ev_block_grouping_block_grouping_orig_novh_c.1_s1510771779_SR10TCP_src20401194_e0084.txt","/home/hersco/training_new_domains/2026-08-22/statistical_replication_terminal_stage1_policy_eval/20489184_Ev_block_grouping_block_grouping_orig_novh_c.1_s1510771779_SR10TCP_src20401194_e0084.txt","",""
"MAIN-TERM","block_grouping","off","stage1","final","1963100312","20401187","94","/home/hersco/bershco-nu-asnets/numeric-asnets/asnets/experiment-results/experiments_numeric.domain.block_grouping-experiments_numeric.architecture_2.block_grouping-2026-08-20T18:13:54.920511/P[domain,instance_7_10_2_1,instance_20_5_2_2,inst...]-S[0.003,50,enhsp-hadd-gbfs]-MO[]-T[518400]-04905448-2fc32f3/snapshots/snapshot_94_0.333","20489185","13","20","COMPLETED","0:0","00:04:18","13","0","/home/hersco/training_new_domains/2026-08-20/statistical_replication_stage1_10seed/20401187_Tr_block_grouping_block_grouping_orig_novh_c.1_s1963100312_STATREP10_STAGE1.txt","/home/hersco/training_new_domains/2026-08-22/statistical_replication_terminal_stage1_policy_eval/20489185_Ev_block_grouping_block_grouping_orig_novh_c.1_s1963100312_SR10TCP_src20401187_e0094.txt","/home/hersco/training_new_domains/2026-08-22/statistical_replication_terminal_stage1_policy_eval/20489185_Ev_block_grouping_block_grouping_orig_novh_c.1_s1963100312_SR10TCP_src20401187_e0094.txt","",""
"MAIN-TERM","block_grouping","off","stage1","final","1972442430","20401196","67","/home/hersco/bershco-nu-asnets/numeric-asnets/asnets/experiment-results/experiments_numeric.domain.block_grouping-experiments_numeric.architecture_2.block_grouping-2026-08-20T18:13:03.074053/P[domain,instance_7_10_2_1,instance_20_5_2_2,inst...]-S[0.003,50,enhsp-hadd-gbfs]-MO[]-T[518400]-04905447-72aea46/snapshots/snapshot_67_0.333","20489186","16","20","COMPLETED","0:0","00:03:39","16","0","/home/hersco/training_new_domains/2026-08-20/statistical_replication_stage1_10seed/20401196_Tr_block_grouping_block_grouping_orig_novh_c.1_s1972442430_STATREP10_STAGE1.txt","/home/hersco/training_new_domains/2026-08-22/statistical_replication_terminal_stage1_policy_eval/20489186_Ev_block_grouping_block_grouping_orig_novh_c.1_s1972442430_SR10TCP_src20401196_e0067.txt","/home/hersco/training_new_domains/2026-08-22/statistical_replication_terminal_stage1_policy_eval/20489186_Ev_block_grouping_block_grouping_orig_novh_c.1_s1972442430_SR10TCP_src20401196_e0067.txt","",""
"MAIN-TERM","block_grouping","off","stage1","final","2011206605","20401188","90","/home/hersco/bershco-nu-asnets/numeric-asnets/asnets/experiment-results/experiments_numeric.domain.block_grouping-experiments_numeric.architecture_2.block_grouping-2026-08-20T18:13:54.920497/P[domain,instance_7_10_2_1,instance_20_5_2_2,inst...]-S[0.003,50,enhsp-hadd-gbfs]-MO[]-T[518400]-04905448-067843/snapshots/snapshot_90_0.500","20424871","17","20","COMPLETED","0:0","00:04:52","17","0","/home/hersco/training_new_domains/2026-08-20/statistical_replication_stage1_10seed/20401188_Tr_block_grouping_block_grouping_orig_novh_c.1_s2011206605_STATREP10_STAGE1.txt","/home/hersco/training_new_domains/2026-08-21/statistical_replication_stage1_policy_eval/20424871_Ev_block_grouping_block_grouping_orig_novh_c.1_s2011206605_SR10P_src20401188_e0090.txt","/home/hersco/training_new_domains/2026-08-21/statistical_replication_stage1_policy_eval/20424871_Ev_block_grouping_block_grouping_orig_novh_c.1_s2011206605_SR10P_src20401188_e0090.txt","",""
"MAIN-TERM","block_grouping","off","stage1","final","2082152039","20401193","68","/home/hersco/bershco-nu-asnets/numeric-asnets/asnets/experiment-results/experiments_numeric.domain.block_grouping-experiments_numeric.architecture_2.block_grouping-2026-08-20T18:13:54.920514/P[domain,instance_7_10_2_1,instance_20_5_2_2,inst...]-S[0.003,50,enhsp-hadd-gbfs]-MO[]-T[518400]-04905448-faf7d6/snapshots/snapshot_68_0.333","20489187","13","20","COMPLETED","0:0","00:05:02","13","0","/home/hersco/training_new_domains/2026-08-20/statistical_replication_stage1_10seed/20401193_Tr_block_grouping_block_grouping_orig_novh_c.1_s2082152039_STATREP10_STAGE1.txt","/home/hersco/training_new_domains/2026-08-22/statistical_replication_terminal_stage1_policy_eval/20489187_Ev_block_grouping_block_grouping_orig_novh_c.1_s2082152039_SR10TCP_src20401193_e0068.txt","/home/hersco/training_new_domains/2026-08-22/statistical_replication_terminal_stage1_policy_eval/20489187_Ev_block_grouping_block_grouping_orig_novh_c.1_s2082152039_SR10TCP_src20401193_e0068.txt","",""
"MAIN-TERM","block_grouping","off","stage2","final","534933607","20489385","99","/home/hersco/bershco-nu-asnets/numeric-asnets/asnets/experiment-results/experiments_numeric.domain.block_grouping-experiments_numeric.architecture_2.block_grouping_mcts-2026-08-22T17:39:05.228957/P[domain,instance_7_10_2_1,instance_20_5_2_2,inst...]-S[0.0003,50,enhsp-hadd-gbfs]-MO[]-T[518400]-04908293-3c74d66/snapshots/snapshot_99_0.6667","20523468","17","20","COMPLETED","0:0","00:03:13","17","0","/home/hersco/training_new_domains/2026-08-22/statistical_replication_terminal_stage2_train/20489385_Re-Tr_block_grouping_block_grouping_mcts_orig_novh_e.5_c.1_s534933607_K0_SR10TCT_src20401192_e0062.txt","/home/hersco/training_new_domains/2026-08-24/statistical_replication_terminal_stage2_policy_eval/20523468_Ev_block_grouping_block_grouping_orig_novh_c.1_s534933607_SR10TCP_src20489385_e0099.txt","/home/hersco/training_new_domains/2026-08-24/statistical_replication_terminal_stage2_policy_eval/20523468_Ev_block_grouping_block_grouping_orig_novh_c.1_s534933607_SR10TCP_src20489385_e0099.txt","",""
"MAIN-TERM","block_grouping","off","stage2","final","923500475","20489386","99","/home/hersco/bershco-nu-asnets/numeric-asnets/asnets/experiment-results/experiments_numeric.domain.block_grouping-experiments_numeric.architecture_2.block_grouping_mcts-2026-08-22T17:40:18.308798/P[domain,instance_7_10_2_1,instance_20_5_2_2,inst...]-S[0.0003,50,enhsp-hadd-gbfs]-MO[]-T[518400]-04908294-5194f74/snapshots/snapshot_99_0.7500","20523546","17","20","COMPLETED","0:0","00:02:08","17","0","/home/hersco/training_new_domains/2026-08-22/statistical_replication_terminal_stage2_train/20489386_Re-Tr_block_grouping_block_grouping_mcts_orig_novh_e.5_c.1_s923500475_K0_SR10TCT_src20401195_e0058.txt","/home/hersco/training_new_domains/2026-08-24/statistical_replication_terminal_stage2_policy_eval/20523546_Ev_block_grouping_block_grouping_orig_novh_c.1_s923500475_SR10TCP_src20489386_e0099.txt","/home/hersco/training_new_domains/2026-08-24/statistical_replication_terminal_stage2_policy_eval/20523546_Ev_block_grouping_block_grouping_orig_novh_c.1_s923500475_SR10TCP_src20489386_e0099.txt","",""
"MAIN-TERM","block_grouping","off","stage2","final","1073581256","20489387","99","/home/hersco/bershco-nu-asnets/numeric-asnets/asnets/experiment-results/experiments_numeric.domain.block_grouping-experiments_numeric.architecture_2.block_grouping_mcts-2026-08-22T17:48:46.987205/P[domain,instance_7_10_2_1,instance_20_5_2_2,inst...]-S[0.0003,50,enhsp-hadd-gbfs]-MO[]-T[518400]-04908302-1247c09/snapshots/snapshot_99_0.7500","20523316","15","20","COMPLETED","0:0","00:03:41","15","0","/home/hersco/training_new_domains/2026-08-22/statistical_replication_terminal_stage2_train/20489387_Re-Tr_block_grouping_block_grouping_mcts_orig_novh_e.5_c.1_s1073581256_K0_SR10TCT_src20401189_e0073.txt","/home/hersco/training_new_domains/2026-08-24/statistical_replication_terminal_stage2_policy_eval/20523316_Ev_block_grouping_block_grouping_orig_novh_c.1_s1073581256_SR10TCP_src20489387_e0099.txt","/home/hersco/training_new_domains/2026-08-24/statistical_replication_terminal_stage2_policy_eval/20523316_Ev_block_grouping_block_grouping_orig_novh_c.1_s1073581256_SR10TCP_src20489387_e0099.txt","",""
"MAIN-TERM","block_grouping","off","stage2","final","1239739722","20489388","99","/home/hersco/bershco-nu-asnets/numeric-asnets/asnets/experiment-results/experiments_numeric.domain.block_grouping-experiments_numeric.architecture_2.block_grouping_mcts-2026-08-22T17:52:53.119246/P[domain,instance_7_10_2_1,instance_20_5_2_2,inst...]-S[0.0003,50,enhsp-hadd-gbfs]-MO[]-T[518400]-04908306-7d9a779/snapshots/snapshot_99_1.0000","20523338","14","20","COMPLETED","0:0","00:04:12","14","0","/home/hersco/training_new_domains/2026-08-22/statistical_replication_terminal_stage2_train/20489388_Re-Tr_block_grouping_block_grouping_mcts_orig_novh_e.5_c.1_s1239739722_K0_SR10TCT_src20401190_e0077.txt","/home/hersco/training_new_domains/2026-08-24/statistical_replication_terminal_stage2_policy_eval/20523338_Ev_block_grouping_block_grouping_orig_novh_c.1_s1239739722_SR10TCP_src20489388_e0099.txt","/home/hersco/training_new_domains/2026-08-24/statistical_replication_terminal_stage2_policy_eval/20523338_Ev_block_grouping_block_grouping_orig_novh_c.1_s1239739722_SR10TCP_src20489388_e0099.txt","",""
"MAIN-TERM","block_grouping","off","stage2","final","1472491096","20489389","99","/home/hersco/bershco-nu-asnets/numeric-asnets/asnets/experiment-results/experiments_numeric.domain.block_grouping-experiments_numeric.architecture_2.block_grouping_mcts-2026-08-22T17:55:07.446036/P[domain,instance_7_10_2_1,instance_20_5_2_2,inst...]-S[0.0003,50,enhsp-hadd-gbfs]-MO[]-T[518400]-04908309-43e0a7a/snapshots/snapshot_99_0.7500","20523359","17","20","COMPLETED","0:0","00:02:25","17","0","/home/hersco/training_new_domains/2026-08-22/statistical_replication_terminal_stage2_train/20489389_Re-Tr_block_grouping_block_grouping_mcts_orig_novh_e.5_c.1_s1472491096_K0_SR10TCT_src20401191_e0080.txt","/home/hersco/training_new_domains/2026-08-24/statistical_replication_terminal_stage2_policy_eval/20523359_Ev_block_grouping_block_grouping_orig_novh_c.1_s1472491096_SR10TCP_src20489389_e0099.txt","/home/hersco/training_new_domains/2026-08-24/statistical_replication_terminal_stage2_policy_eval/20523359_Ev_block_grouping_block_grouping_orig_novh_c.1_s1472491096_SR10TCP_src20489389_e0099.txt","",""
"MAIN-TERM","block_grouping","off","stage2","final","1510771779","20489390","99","/home/hersco/bershco-nu-asnets/numeric-asnets/asnets/experiment-results/experiments_numeric.domain.block_grouping-experiments_numeric.architecture_2.block_grouping_mcts-2026-08-22T17:56:13.596721/P[domain,instance_7_10_2_1,instance_20_5_2_2,inst...]-S[0.0003,50,enhsp-hadd-gbfs]-MO[]-T[518400]-04908310-17cc32a/snapshots/snapshot_99_0.7500","20523380","18","20","COMPLETED","0:0","00:03:17","18","0","/home/hersco/training_new_domains/2026-08-22/statistical_replication_terminal_stage2_train/20489390_Re-Tr_block_grouping_block_grouping_mcts_orig_novh_e.5_c.1_s1510771779_K0_SR10TCT_src20401194_e0084.txt","/home/hersco/training_new_domains/2026-08-24/statistical_replication_terminal_stage2_policy_eval/20523380_Ev_block_grouping_block_grouping_orig_novh_c.1_s1510771779_SR10TCP_src20489390_e0099.txt","/home/hersco/training_new_domains/2026-08-24/statistical_replication_terminal_stage2_policy_eval/20523380_Ev_block_grouping_block_grouping_orig_novh_c.1_s1510771779_SR10TCP_src20489390_e0099.txt","",""
"MAIN-TERM","block_grouping","off","stage2","final","1963100312","20489391","99","/home/hersco/bershco-nu-asnets/numeric-asnets/asnets/experiment-results/experiments_numeric.domain.block_grouping-experiments_numeric.architecture_2.block_grouping_mcts-2026-08-22T17:57:18.441352/P[domain,instance_7_10_2_1,instance_20_5_2_2,inst...]-S[0.0003,50,enhsp-hadd-gbfs]-MO[]-T[518400]-04908311-2fc32f3/snapshots/snapshot_99_1.0000","20523401","15","20","COMPLETED","0:0","00:03:23","15","0","/home/hersco/training_new_domains/2026-08-22/statistical_replication_terminal_stage2_train/20489391_Re-Tr_block_grouping_block_grouping_mcts_orig_novh_e.5_c.1_s1963100312_K0_SR10TCT_src20401187_e0094.txt","/home/hersco/training_new_domains/2026-08-24/statistical_replication_terminal_stage2_policy_eval/20523401_Ev_block_grouping_block_grouping_orig_novh_c.1_s1963100312_SR10TCP_src20489391_e0099.txt","/home/hersco/training_new_domains/2026-08-24/statistical_replication_terminal_stage2_policy_eval/20523401_Ev_block_grouping_block_grouping_orig_novh_c.1_s1963100312_SR10TCP_src20489391_e0099.txt","",""
"MAIN-TERM","block_grouping","off","stage2","final","1972442430","20489392","99","/home/hersco/bershco-nu-asnets/numeric-asnets/asnets/experiment-results/experiments_numeric.domain.block_grouping-experiments_numeric.architecture_2.block_grouping_mcts-2026-08-22T18:02:29.324875/P[domain,instance_7_10_2_1,instance_20_5_2_2,inst...]-S[0.0003,50,enhsp-hadd-gbfs]-MO[]-T[518400]-04908316-72aea46/snapshots/snapshot_99_0.7500","20523426","17","20","COMPLETED","0:0","00:02:38","17","0","/home/hersco/training_new_domains/2026-08-22/statistical_replication_terminal_stage2_train/20489392_Re-Tr_block_grouping_block_grouping_mcts_orig_novh_e.5_c.1_s1972442430_K0_SR10TCT_src20401196_e0067.txt","/home/hersco/training_new_domains/2026-08-24/statistical_replication_terminal_stage2_policy_eval/20523426_Ev_block_grouping_block_grouping_orig_novh_c.1_s1972442430_SR10TCP_src20489392_e0099.txt","/home/hersco/training_new_domains/2026-08-24/statistical_replication_terminal_stage2_policy_eval/20523426_Ev_block_grouping_block_grouping_orig_novh_c.1_s1972442430_SR10TCP_src20489392_e0099.txt","",""
"MAIN-TERM","block_grouping","off","stage2","final","2011206605","20489393","99","/home/hersco/bershco-nu-asnets/numeric-asnets/asnets/experiment-results/experiments_numeric.domain.block_grouping-experiments_numeric.architecture_2.block_grouping_mcts-2026-08-22T18:12:49.687122/P[domain,instance_7_10_2_1,instance_20_5_2_2,inst...]-S[0.0003,50,enhsp-hadd-gbfs]-MO[]-T[518400]-04908327-067843/snapshots/snapshot_99_0.7500","20523567","17","20","COMPLETED","0:0","00:02:00","17","0","/home/hersco/training_new_domains/2026-08-22/statistical_replication_terminal_stage2_train/20489393_Re-Tr_block_grouping_block_grouping_mcts_orig_novh_e.5_c.1_s2011206605_K0_SR10TCT_src20401188_e0090.txt","/home/hersco/training_new_domains/2026-08-24/statistical_replication_terminal_stage2_policy_eval/20523567_Ev_block_grouping_block_grouping_orig_novh_c.1_s2011206605_SR10TCP_src20489393_e0099.txt","/home/hersco/training_new_domains/2026-08-24/statistical_replication_terminal_stage2_policy_eval/20523567_Ev_block_grouping_block_grouping_orig_novh_c.1_s2011206605_SR10TCP_src20489393_e0099.txt","",""
"MAIN-TERM","block_grouping","off","stage2","final","2082152039","20489394","99","/home/hersco/bershco-nu-asnets/numeric-asnets/asnets/experiment-results/experiments_numeric.domain.block_grouping-experiments_numeric.architecture_2.block_grouping_mcts-2026-08-22T19:33:22.246372/P[domain,instance_7_10_2_1,instance_20_5_2_2,inst...]-S[0.0003,50,enhsp-hadd-gbfs]-MO[]-T[518400]-04908407-faf7d6/snapshots/snapshot_99_1.0000","20523447","15","20","COMPLETED","0:0","00:02:31","15","0","/home/hersco/training_new_domains/2026-08-22/statistical_replication_terminal_stage2_train/20489394_Re-Tr_block_grouping_block_grouping_mcts_orig_novh_e.5_c.1_s2082152039_K0_SR10TCT_src20401193_e0068.txt","/home/hersco/training_new_domains/2026-08-24/statistical_replication_terminal_stage2_policy_eval/20523447_Ev_block_grouping_block_grouping_orig_novh_c.1_s2082152039_SR10TCP_src20489394_e0099.txt","/home/hersco/training_new_domains/2026-08-24/statistical_replication_terminal_stage2_policy_eval/20523447_Ev_block_grouping_block_grouping_orig_novh_c.1_s2082152039_SR10TCP_src20489394_e0099.txt","",""
"MAIN-TERM","block_grouping","off","stage2","validation_selected","534933607","20489385","0","\home\hersco\bershco-nu-asnets\numeric-asnets\asnets\experiment-results\experiments_numeric.domain.block_grouping-experiments_numeric.architecture_2.block_grouping_mcts-2026-08-22T17:39:05.228957\P[domain,instance_7_10_2_1,instance_20_5_2_2,inst...]-S[0.0003,50,enhsp-hadd-gbfs]-MO[]-T[518400]-04908293-3c74d66\snapshots/snapshot_0_1.0000","20523448","18","20","COMPLETED","0:0","00:02:44","18","0","/home/hersco/training_new_domains/2026-08-22/statistical_replication_terminal_stage2_train/20489385_Re-Tr_block_grouping_block_grouping_mcts_orig_novh_e.5_c.1_s534933607_K0_SR10TCT_src20401192_e0062.txt","/home/hersco/training_new_domains/2026-08-24/statistical_replication_terminal_stage2_policy_eval/20523448_Ev_block_grouping_block_grouping_orig_novh_c.1_s534933607_SR10TCP_src20489385_e0000.txt","/home/hersco/training_new_domains/2026-08-24/statistical_replication_terminal_stage2_policy_eval/20523448_Ev_block_grouping_block_grouping_orig_novh_c.1_s534933607_SR10TCP_src20489385_e0000.txt","",""
"MAIN-TERM","block_grouping","off","stage2","validation_selected","923500475","20489386","26","\home\hersco\bershco-nu-asnets\numeric-asnets\asnets\experiment-results\experiments_numeric.domain.block_grouping-experiments_numeric.architecture_2.block_grouping_mcts-2026-08-22T17:40:18.308798\P[domain,instance_7_10_2_1,instance_20_5_2_2,inst...]-S[0.0003,50,enhsp-hadd-gbfs]-MO[]-T[518400]-04908294-5194f74\snapshots/snapshot_26_0.7500","20541100","16","20","COMPLETED","0:0","00:02:45","16","0","/home/hersco/training_new_domains/2026-08-22/statistical_replication_terminal_stage2_train/20489386_Re-Tr_block_grouping_block_grouping_mcts_orig_novh_e.5_c.1_s923500475_K0_SR10TCT_src20401195_e0058.txt","/home/hersco/training_new_domains/2026-08-25/statistical_replication_terminal_stage2_policy_eval/20541100_Ev_block_grouping_block_grouping_orig_novh_c.1_s923500475_SR10TCP_src20489386_e0026.txt","/home/hersco/training_new_domains/2026-08-25/statistical_replication_terminal_stage2_policy_eval/20541100_Ev_block_grouping_block_grouping_orig_novh_c.1_s923500475_SR10TCP_src20489386_e0026.txt","",""
"MAIN-TERM","block_grouping","off","stage2","validation_selected","1073581256","20489387","14","\home\hersco\bershco-nu-asnets\numeric-asnets\asnets\experiment-results\experiments_numeric.domain.block_grouping-experiments_numeric.architecture_2.block_grouping_mcts-2026-08-22T17:48:46.987205\P[domain,instance_7_10_2_1,instance_20_5_2_2,inst...]-S[0.0003,50,enhsp-hadd-gbfs]-MO[]-T[518400]-04908302-1247c09\snapshots/snapshot_14_0.7500","20541102","15","20","COMPLETED","0:0","00:03:16","15","0","/home/hersco/training_new_domains/2026-08-22/statistical_replication_terminal_stage2_train/20489387_Re-Tr_block_grouping_block_grouping_mcts_orig_novh_e.5_c.1_s1073581256_K0_SR10TCT_src20401189_e0073.txt","/home/hersco/training_new_domains/2026-08-25/statistical_replication_terminal_stage2_policy_eval/20541102_Ev_block_grouping_block_grouping_orig_novh_c.1_s1073581256_SR10TCP_src20489387_e0014.txt","/home/hersco/training_new_domains/2026-08-25/statistical_replication_terminal_stage2_policy_eval/20541102_Ev_block_grouping_block_grouping_orig_novh_c.1_s1073581256_SR10TCP_src20489387_e0014.txt","",""
"MAIN-TERM","block_grouping","off","stage2","validation_selected","1239739722","20489388","0","\home\hersco\bershco-nu-asnets\numeric-asnets\asnets\experiment-results\experiments_numeric.domain.block_grouping-experiments_numeric.architecture_2.block_grouping_mcts-2026-08-22T17:52:53.119246\P[domain,instance_7_10_2_1,instance_20_5_2_2,inst...]-S[0.0003,50,enhsp-hadd-gbfs]-MO[]-T[518400]-04908306-7d9a779\snapshots/snapshot_0_1.0000","20523317","17","20","COMPLETED","0:0","00:03:24","17","0","/home/hersco/training_new_domains/2026-08-22/statistical_replication_terminal_stage2_train/20489388_Re-Tr_block_grouping_block_grouping_mcts_orig_novh_e.5_c.1_s1239739722_K0_SR10TCT_src20401190_e0077.txt","/home/hersco/training_new_domains/2026-08-24/statistical_replication_terminal_stage2_policy_eval/20523317_Ev_block_grouping_block_grouping_orig_novh_c.1_s1239739722_SR10TCP_src20489388_e0000.txt","/home/hersco/training_new_domains/2026-08-24/statistical_replication_terminal_stage2_policy_eval/20523317_Ev_block_grouping_block_grouping_orig_novh_c.1_s1239739722_SR10TCP_src20489388_e0000.txt","",""
"MAIN-TERM","block_grouping","off","stage2","validation_selected","1472491096","20489389","1","\home\hersco\bershco-nu-asnets\numeric-asnets\asnets\experiment-results\experiments_numeric.domain.block_grouping-experiments_numeric.architecture_2.block_grouping_mcts-2026-08-22T17:55:07.446036\P[domain,instance_7_10_2_1,instance_20_5_2_2,inst...]-S[0.0003,50,enhsp-hadd-gbfs]-MO[]-T[518400]-04908309-43e0a7a\snapshots/snapshot_1_0.7500","20541104","18","20","COMPLETED","0:0","00:02:02","18","0","/home/hersco/training_new_domains/2026-08-22/statistical_replication_terminal_stage2_train/20489389_Re-Tr_block_grouping_block_grouping_mcts_orig_novh_e.5_c.1_s1472491096_K0_SR10TCT_src20401191_e0080.txt","/home/hersco/training_new_domains/2026-08-25/statistical_replication_terminal_stage2_policy_eval/20541104_Ev_block_grouping_block_grouping_orig_novh_c.1_s1472491096_SR10TCP_src20489389_e0001.txt","/home/hersco/training_new_domains/2026-08-25/statistical_replication_terminal_stage2_policy_eval/20541104_Ev_block_grouping_block_grouping_orig_novh_c.1_s1472491096_SR10TCP_src20489389_e0001.txt","",""
"MAIN-TERM","block_grouping","off","stage2","validation_selected","1510771779","20489390","3","\home\hersco\bershco-nu-asnets\numeric-asnets\asnets\experiment-results\experiments_numeric.domain.block_grouping-experiments_numeric.architecture_2.block_grouping_mcts-2026-08-22T17:56:13.596721\P[domain,instance_7_10_2_1,instance_20_5_2_2,inst...]-S[0.0003,50,enhsp-hadd-gbfs]-MO[]-T[518400]-04908310-17cc32a\snapshots/snapshot_3_0.6667","20541106","16","20","COMPLETED","0:0","00:02:26","16","0","/home/hersco/training_new_domains/2026-08-22/statistical_replication_terminal_stage2_train/20489390_Re-Tr_block_grouping_block_grouping_mcts_orig_novh_e.5_c.1_s1510771779_K0_SR10TCT_src20401194_e0084.txt","/home/hersco/training_new_domains/2026-08-25/statistical_replication_terminal_stage2_policy_eval/20541106_Ev_block_grouping_block_grouping_orig_novh_c.1_s1510771779_SR10TCP_src20489390_e0003.txt","/home/hersco/training_new_domains/2026-08-25/statistical_replication_terminal_stage2_policy_eval/20541106_Ev_block_grouping_block_grouping_orig_novh_c.1_s1510771779_SR10TCP_src20489390_e0003.txt","",""
"MAIN-TERM","block_grouping","off","stage2","validation_selected","1963100312","20489391","0","\home\hersco\bershco-nu-asnets\numeric-asnets\asnets\experiment-results\experiments_numeric.domain.block_grouping-experiments_numeric.architecture_2.block_grouping_mcts-2026-08-22T17:57:18.441352\P[domain,instance_7_10_2_1,instance_20_5_2_2,inst...]-S[0.0003,50,enhsp-hadd-gbfs]-MO[]-T[518400]-04908311-2fc32f3\snapshots/snapshot_0_1.0000","20523381","15","20","COMPLETED","0:0","00:03:03","15","0","/home/hersco/training_new_domains/2026-08-22/statistical_replication_terminal_stage2_train/20489391_Re-Tr_block_grouping_block_grouping_mcts_orig_novh_e.5_c.1_s1963100312_K0_SR10TCT_src20401187_e0094.txt","/home/hersco/training_new_domains/2026-08-24/statistical_replication_terminal_stage2_policy_eval/20523381_Ev_block_grouping_block_grouping_orig_novh_c.1_s1963100312_SR10TCP_src20489391_e0000.txt","/home/hersco/training_new_domains/2026-08-24/statistical_replication_terminal_stage2_policy_eval/20523381_Ev_block_grouping_block_grouping_orig_novh_c.1_s1963100312_SR10TCP_src20489391_e0000.txt","",""
"MAIN-TERM","block_grouping","off","stage2","validation_selected","1972442430","20489392","2","\home\hersco\bershco-nu-asnets\numeric-asnets\asnets\experiment-results\experiments_numeric.domain.block_grouping-experiments_numeric.architecture_2.block_grouping_mcts-2026-08-22T18:02:29.324875\P[domain,instance_7_10_2_1,instance_20_5_2_2,inst...]-S[0.0003,50,enhsp-hadd-gbfs]-MO[]-T[518400]-04908316-72aea46\snapshots/snapshot_2_0.6667","20541107","17","20","COMPLETED","0:0","00:02:21","17","0","/home/hersco/training_new_domains/2026-08-22/statistical_replication_terminal_stage2_train/20489392_Re-Tr_block_grouping_block_grouping_mcts_orig_novh_e.5_c.1_s1972442430_K0_SR10TCT_src20401196_e0067.txt","/home/hersco/training_new_domains/2026-08-25/statistical_replication_terminal_stage2_policy_eval/20541107_Ev_block_grouping_block_grouping_orig_novh_c.1_s1972442430_SR10TCP_src20489392_e0002.txt","/home/hersco/training_new_domains/2026-08-25/statistical_replication_terminal_stage2_policy_eval/20541107_Ev_block_grouping_block_grouping_orig_novh_c.1_s1972442430_SR10TCP_src20489392_e0002.txt","",""
"MAIN-TERM","block_grouping","off","stage2","validation_selected","2011206605","20489393","1","\home\hersco\bershco-nu-asnets\numeric-asnets\asnets\experiment-results\experiments_numeric.domain.block_grouping-experiments_numeric.architecture_2.block_grouping_mcts-2026-08-22T18:12:49.687122\P[domain,instance_7_10_2_1,instance_20_5_2_2,inst...]-S[0.0003,50,enhsp-hadd-gbfs]-MO[]-T[518400]-04908327-067843\snapshots/snapshot_1_1.0000","20541109","17","20","COMPLETED","0:0","00:02:06","17","0","/home/hersco/training_new_domains/2026-08-22/statistical_replication_terminal_stage2_train/20489393_Re-Tr_block_grouping_block_grouping_mcts_orig_novh_e.5_c.1_s2011206605_K0_SR10TCT_src20401188_e0090.txt","/home/hersco/training_new_domains/2026-08-25/statistical_replication_terminal_stage2_policy_eval/20541109_Ev_block_grouping_block_grouping_orig_novh_c.1_s2011206605_SR10TCP_src20489393_e0001.txt","/home/hersco/training_new_domains/2026-08-25/statistical_replication_terminal_stage2_policy_eval/20541109_Ev_block_grouping_block_grouping_orig_novh_c.1_s2011206605_SR10TCP_src20489393_e0001.txt","",""
"MAIN-TERM","block_grouping","off","stage2","validation_selected","2082152039","20489394","3","\home\hersco\bershco-nu-asnets\numeric-asnets\asnets\experiment-results\experiments_numeric.domain.block_grouping-experiments_numeric.architecture_2.block_grouping_mcts-2026-08-22T19:33:22.246372\P[domain,instance_7_10_2_1,instance_20_5_2_2,inst...]-S[0.0003,50,enhsp-hadd-gbfs]-MO[]-T[518400]-04908407-faf7d6\snapshots/snapshot_3_1.0000","20541111","14","20","COMPLETED","0:0","00:04:49","14","0","/home/hersco/training_new_domains/2026-08-22/statistical_replication_terminal_stage2_train/20489394_Re-Tr_block_grouping_block_grouping_mcts_orig_novh_e.5_c.1_s2082152039_K0_SR10TCT_src20401193_e0068.txt","/home/hersco/training_new_domains/2026-08-25/statistical_replication_terminal_stage2_policy_eval/20541111_Ev_block_grouping_block_grouping_orig_novh_c.1_s2082152039_SR10TCP_src20489394_e0003.txt","/home/hersco/training_new_domains/2026-08-25/statistical_replication_terminal_stage2_policy_eval/20541111_Ev_block_grouping_block_grouping_orig_novh_c.1_s2082152039_SR10TCP_src20489394_e0003.txt","",""
"MAIN-TERM","block_grouping","on","stage1","final","534933607","20401182","69","/home/hersco/bershco-nu-asnets/numeric-asnets/asnets/experiment-results/experiments_numeric.domain.block_grouping-experiments_numeric.architecture_2.block_grouping-2026-08-20T18:12:57.386134/P[domain,instance_7_10_2_1,instance_20_5_2_2,inst...]-S[0.003,50,enhsp-hadd-gbfs]-MO[]-T[518400]-04905447-3c74d66/snapshots/snapshot_69_0.333","20489188","12","20","COMPLETED","0:0","00:05:52","12","0","/home/hersco/training_new_domains/2026-08-20/statistical_replication_stage1_10seed/20401182_Tr_block_grouping_block_grouping_orig_vh_c.1_s534933607_STATREP10_STAGE1.txt","/home/hersco/training_new_domains/2026-08-22/statistical_replication_terminal_stage1_policy_eval/20489188_Ev_block_grouping_block_grouping_orig_vh_c.1_s534933607_SR10TCP_src20401182_e0069.txt","/home/hersco/training_new_domains/2026-08-22/statistical_replication_terminal_stage1_policy_eval/20489188_Ev_block_grouping_block_grouping_orig_vh_c.1_s534933607_SR10TCP_src20401182_e0069.txt","",""
"MAIN-TERM","block_grouping","on","stage1","final","923500475","20401185","70","/home/hersco/bershco-nu-asnets/numeric-asnets/asnets/experiment-results/experiments_numeric.domain.block_grouping-experiments_numeric.architecture_2.block_grouping-2026-08-20T18:12:57.386131/P[domain,instance_7_10_2_1,instance_20_5_2_2,inst...]-S[0.003,50,enhsp-hadd-gbfs]-MO[]-T[518400]-04905447-5194f74/snapshots/snapshot_70_0.500","20424756","17","20","COMPLETED","0:0","00:05:04","17","0","/home/hersco/training_new_domains/2026-08-20/statistical_replication_stage1_10seed/20401185_Tr_block_grouping_block_grouping_orig_vh_c.1_s923500475_STATREP10_STAGE1.txt","/home/hersco/training_new_domains/2026-08-21/statistical_replication_stage1_policy_eval/20424756_Ev_block_grouping_block_grouping_orig_vh_c.1_s923500475_SR10P_src20401185_e0070.txt","/home/hersco/training_new_domains/2026-08-21/statistical_replication_stage1_policy_eval/20424756_Ev_block_grouping_block_grouping_orig_vh_c.1_s923500475_SR10P_src20401185_e0070.txt","",""
"MAIN-TERM","block_grouping","on","stage1","final","1073581256","20401179","61","/home/hersco/bershco-nu-asnets/numeric-asnets/asnets/experiment-results/experiments_numeric.domain.block_grouping-experiments_numeric.architecture_2.block_grouping-2026-08-20T18:12:57.386153/P[domain,instance_7_10_2_1,instance_20_5_2_2,inst...]-S[0.003,50,enhsp-hadd-gbfs]-MO[]-T[518400]-04905447-1247c09/snapshots/snapshot_61_0.500","20489189","15","20","COMPLETED","0:0","00:09:18","15","0","/home/hersco/training_new_domains/2026-08-20/statistical_replication_stage1_10seed/20401179_Tr_block_grouping_block_grouping_orig_vh_c.1_s1073581256_STATREP10_STAGE1.txt","/home/hersco/training_new_domains/2026-08-22/statistical_replication_terminal_stage1_policy_eval/20489189_Ev_block_grouping_block_grouping_orig_vh_c.1_s1073581256_SR10TCP_src20401179_e0061.txt","/home/hersco/training_new_domains/2026-08-22/statistical_replication_terminal_stage1_policy_eval/20489189_Ev_block_grouping_block_grouping_orig_vh_c.1_s1073581256_SR10TCP_src20401179_e0061.txt","",""
"MAIN-TERM","block_grouping","on","stage1","final","1239739722","20401180","73","/home/hersco/bershco-nu-asnets/numeric-asnets/asnets/experiment-results/experiments_numeric.domain.block_grouping-experiments_numeric.architecture_2.block_grouping-2026-08-20T18:12:57.386153/P[domain,instance_7_10_2_1,instance_20_5_2_2,inst...]-S[0.003,50,enhsp-hadd-gbfs]-MO[]-T[518400]-04905447-7d9a779/snapshots/snapshot_73_0.333","20489190","17","20","COMPLETED","0:0","00:02:27","17","0","/home/hersco/training_new_domains/2026-08-20/statistical_replication_stage1_10seed/20401180_Tr_block_grouping_block_grouping_orig_vh_c.1_s1239739722_STATREP10_STAGE1.txt","/home/hersco/training_new_domains/2026-08-22/statistical_replication_terminal_stage1_policy_eval/20489190_Ev_block_grouping_block_grouping_orig_vh_c.1_s1239739722_SR10TCP_src20401180_e0073.txt","/home/hersco/training_new_domains/2026-08-22/statistical_replication_terminal_stage1_policy_eval/20489190_Ev_block_grouping_block_grouping_orig_vh_c.1_s1239739722_SR10TCP_src20401180_e0073.txt","",""
"MAIN-TERM","block_grouping","on","stage1","final","1472491096","20401181","52","/home/hersco/bershco-nu-asnets/numeric-asnets/asnets/experiment-results/experiments_numeric.domain.block_grouping-experiments_numeric.architecture_2.block_grouping-2026-08-20T18:12:57.386139/P[domain,instance_7_10_2_1,instance_20_5_2_2,inst...]-S[0.003,50,enhsp-hadd-gbfs]-MO[]-T[518400]-04905447-43e0a7a/snapshots/snapshot_52_0.333","20489191","12","20","COMPLETED","0:0","00:06:53","12","0","/home/hersco/training_new_domains/2026-08-20/statistical_replication_stage1_10seed/20401181_Tr_block_grouping_block_grouping_orig_vh_c.1_s1472491096_STATREP10_STAGE1.txt","/home/hersco/training_new_domains/2026-08-22/statistical_replication_terminal_stage1_policy_eval/20489191_Ev_block_grouping_block_grouping_orig_vh_c.1_s1472491096_SR10TCP_src20401181_e0052.txt","/home/hersco/training_new_domains/2026-08-22/statistical_replication_terminal_stage1_policy_eval/20489191_Ev_block_grouping_block_grouping_orig_vh_c.1_s1472491096_SR10TCP_src20401181_e0052.txt","",""
"MAIN-TERM","block_grouping","on","stage1","final","1510771779","20401184","138","/home/hersco/bershco-nu-asnets/numeric-asnets/asnets/experiment-results/experiments_numeric.domain.block_grouping-experiments_numeric.architecture_2.block_grouping-2026-08-20T18:12:57.386149/P[domain,instance_7_10_2_1,instance_20_5_2_2,inst...]-S[0.003,50,enhsp-hadd-gbfs]-MO[]-T[518400]-04905447-17cc32a/snapshots/snapshot_138_0.333","20489192","16","20","COMPLETED","0:0","00:02:34","16","0","/home/hersco/training_new_domains/2026-08-20/statistical_replication_stage1_10seed/20401184_Tr_block_grouping_block_grouping_orig_vh_c.1_s1510771779_STATREP10_STAGE1.txt","/home/hersco/training_new_domains/2026-08-22/statistical_replication_terminal_stage1_policy_eval/20489192_Ev_block_grouping_block_grouping_orig_vh_c.1_s1510771779_SR10TCP_src20401184_e0138.txt","/home/hersco/training_new_domains/2026-08-22/statistical_replication_terminal_stage1_policy_eval/20489192_Ev_block_grouping_block_grouping_orig_vh_c.1_s1510771779_SR10TCP_src20401184_e0138.txt","",""
"MAIN-TERM","block_grouping","on","stage1","final","1963100312","20401177","54","/home/hersco/bershco-nu-asnets/numeric-asnets/asnets/experiment-results/experiments_numeric.domain.block_grouping-experiments_numeric.architecture_2.block_grouping-2026-08-20T18:12:51.374189/P[domain,instance_7_10_2_1,instance_20_5_2_2,inst...]-S[0.003,50,enhsp-hadd-gbfs]-MO[]-T[518400]-04905446-2fc32f3/snapshots/snapshot_54_0.500","20489193","13","20","COMPLETED","0:0","00:04:02","13","0","/home/hersco/training_new_domains/2026-08-20/statistical_replication_stage1_10seed/20401177_Tr_block_grouping_block_grouping_orig_vh_c.1_s1963100312_STATREP10_STAGE1.txt","/home/hersco/training_new_domains/2026-08-22/statistical_replication_terminal_stage1_policy_eval/20489193_Ev_block_grouping_block_grouping_orig_vh_c.1_s1963100312_SR10TCP_src20401177_e0054.txt","/home/hersco/training_new_domains/2026-08-22/statistical_replication_terminal_stage1_policy_eval/20489193_Ev_block_grouping_block_grouping_orig_vh_c.1_s1963100312_SR10TCP_src20401177_e0054.txt","",""
"MAIN-TERM","block_grouping","on","stage1","final","1972442430","20401186","55","/home/hersco/bershco-nu-asnets/numeric-asnets/asnets/experiment-results/experiments_numeric.domain.block_grouping-experiments_numeric.architecture_2.block_grouping-2026-08-20T18:12:50.465805/P[domain,instance_7_10_2_1,instance_20_5_2_2,inst...]-S[0.003,50,enhsp-hadd-gbfs]-MO[]-T[518400]-04905446-72aea46/snapshots/snapshot_55_0.333","20424782","17","20","COMPLETED","0:0","00:04:34","17","0","/home/hersco/training_new_domains/2026-08-20/statistical_replication_stage1_10seed/20401186_Tr_block_grouping_block_grouping_orig_vh_c.1_s1972442430_STATREP10_STAGE1.txt","/home/hersco/training_new_domains/2026-08-21/statistical_replication_stage1_policy_eval/20424782_Ev_block_grouping_block_grouping_orig_vh_c.1_s1972442430_SR10P_src20401186_e0055.txt","/home/hersco/training_new_domains/2026-08-21/statistical_replication_stage1_policy_eval/20424782_Ev_block_grouping_block_grouping_orig_vh_c.1_s1972442430_SR10P_src20401186_e0055.txt","",""
"MAIN-TERM","block_grouping","on","stage1","final","2011206605","20401178","76","/home/hersco/bershco-nu-asnets/numeric-asnets/asnets/experiment-results/experiments_numeric.domain.block_grouping-experiments_numeric.architecture_2.block_grouping-2026-08-20T18:12:19.946299/P[domain,instance_7_10_2_1,instance_20_5_2_2,inst...]-S[0.003,50,enhsp-hadd-gbfs]-MO[]-T[518400]-04905446-067843/snapshots/snapshot_76_0.333","20489194","16","20","COMPLETED","0:0","00:04:18","16","0","/home/hersco/training_new_domains/2026-08-20/statistical_replication_stage1_10seed/20401178_Tr_block_grouping_block_grouping_orig_vh_c.1_s2011206605_STATREP10_STAGE1.txt","/home/hersco/training_new_domains/2026-08-22/statistical_replication_terminal_stage1_policy_eval/20489194_Ev_block_grouping_block_grouping_orig_vh_c.1_s2011206605_SR10TCP_src20401178_e0076.txt","/home/hersco/training_new_domains/2026-08-22/statistical_replication_terminal_stage1_policy_eval/20489194_Ev_block_grouping_block_grouping_orig_vh_c.1_s2011206605_SR10TCP_src20401178_e0076.txt","",""
"MAIN-TERM","block_grouping","on","stage1","final","2082152039","20401183","61","/home/hersco/bershco-nu-asnets/numeric-asnets/asnets/experiment-results/experiments_numeric.domain.block_grouping-experiments_numeric.architecture_2.block_grouping-2026-08-20T18:12:57.386149/P[domain,instance_7_10_2_1,instance_20_5_2_2,inst...]-S[0.003,50,enhsp-hadd-gbfs]-MO[]-T[518400]-04905447-faf7d6/snapshots/snapshot_61_0.333","20489195","15","20","COMPLETED","0:0","00:03:29","15","0","/home/hersco/training_new_domains/2026-08-20/statistical_replication_stage1_10seed/20401183_Tr_block_grouping_block_grouping_orig_vh_c.1_s2082152039_STATREP10_STAGE1.txt","/home/hersco/training_new_domains/2026-08-22/statistical_replication_terminal_stage1_policy_eval/20489195_Ev_block_grouping_block_grouping_orig_vh_c.1_s2082152039_SR10TCP_src20401183_e0061.txt","/home/hersco/training_new_domains/2026-08-22/statistical_replication_terminal_stage1_policy_eval/20489195_Ev_block_grouping_block_grouping_orig_vh_c.1_s2082152039_SR10TCP_src20401183_e0061.txt","",""
"MAIN-TERM","block_grouping","on","stage2","final","534933607","20489395","99","/home/hersco/bershco-nu-asnets/numeric-asnets/asnets/experiment-results/experiments_numeric.domain.block_grouping-experiments_numeric.architecture_2.block_grouping_mcts-2026-08-22T20:26:34.249383/P[domain,instance_7_10_2_1,instance_20_5_2_2,inst...]-S[0.0003,50,enhsp-hadd-gbfs]-MO[]-T[518400]-04908460-3c74d66/snapshots/snapshot_99_1.0000","20523489","14","20","COMPLETED","0:0","00:03:05","14","0","/home/hersco/training_new_domains/2026-08-22/statistical_replication_terminal_stage2_train/20489395_Re-Tr_block_grouping_block_grouping_mcts_orig_vh_e.5_c.1_s534933607_K0_SR10TCT_src20401182_e0069.txt","/home/hersco/training_new_domains/2026-08-24/statistical_replication_terminal_stage2_policy_eval/20523489_Ev_block_grouping_block_grouping_orig_vh_c.1_s534933607_SR10TCP_src20489395_e0099.txt","/home/hersco/training_new_domains/2026-08-24/statistical_replication_terminal_stage2_policy_eval/20523489_Ev_block_grouping_block_grouping_orig_vh_c.1_s534933607_SR10TCP_src20489395_e0099.txt","",""
"MAIN-TERM","block_grouping","on","stage2","final","923500475","20489396","99","/home/hersco/bershco-nu-asnets/numeric-asnets/asnets/experiment-results/experiments_numeric.domain.block_grouping-experiments_numeric.architecture_2.block_grouping_mcts-2026-08-22T20:38:00.501055/P[domain,instance_7_10_2_1,instance_20_5_2_2,inst...]-S[0.0003,50,enhsp-hadd-gbfs]-MO[]-T[518400]-04908472-5194f74/snapshots/snapshot_99_0.5000","20523588","9","20","COMPLETED","0:0","00:04:05","9","0","/home/hersco/training_new_domains/2026-08-22/statistical_replication_terminal_stage2_train/20489396_Re-Tr_block_grouping_block_grouping_mcts_orig_vh_e.5_c.1_s923500475_K0_SR10TCT_src20401185_e0070.txt","/home/hersco/training_new_domains/2026-08-24/statistical_replication_terminal_stage2_policy_eval/20523588_Ev_block_grouping_block_grouping_orig_vh_c.1_s923500475_SR10TCP_src20489396_e0099.txt","/home/hersco/training_new_domains/2026-08-24/statistical_replication_terminal_stage2_policy_eval/20523588_Ev_block_grouping_block_grouping_orig_vh_c.1_s923500475_SR10TCP_src20489396_e0099.txt","",""
"MAIN-TERM","block_grouping","on","stage2","final","1073581256","20489397","99","/home/hersco/bershco-nu-asnets/numeric-asnets/asnets/experiment-results/experiments_numeric.domain.block_grouping-experiments_numeric.architecture_2.block_grouping_mcts-2026-08-22T21:18:43.838778/P[domain,instance_7_10_2_1,instance_20_5_2_2,inst...]-S[0.0003,50,enhsp-hadd-gbfs]-MO[]-T[518400]-04908512-1247c09/snapshots/snapshot_99_1.0000","20523609","14","20","COMPLETED","0:0","00:02:33","14","0","/home/hersco/training_new_domains/2026-08-22/statistical_replication_terminal_stage2_train/20489397_Re-Tr_block_grouping_block_grouping_mcts_orig_vh_e.5_c.1_s1073581256_K0_SR10TCT_src20401179_e0061.txt","/home/hersco/training_new_domains/2026-08-24/statistical_replication_terminal_stage2_policy_eval/20523609_Ev_block_grouping_block_grouping_orig_vh_c.1_s1073581256_SR10TCP_src20489397_e0099.txt","/home/hersco/training_new_domains/2026-08-24/statistical_replication_terminal_stage2_policy_eval/20523609_Ev_block_grouping_block_grouping_orig_vh_c.1_s1073581256_SR10TCP_src20489397_e0099.txt","",""
"MAIN-TERM","block_grouping","on","stage2","final","1239739722","20489398","99","/home/hersco/bershco-nu-asnets/numeric-asnets/asnets/experiment-results/experiments_numeric.domain.block_grouping-experiments_numeric.architecture_2.block_grouping_mcts-2026-08-23T11:53:30.910221/P[domain,instance_7_10_2_1,instance_20_5_2_2,inst...]-S[0.0003,50,enhsp-hadd-gbfs]-MO[]-T[518400]-04909387-7d9a779/snapshots/snapshot_99_0.5000","20541151","11","20","COMPLETED","0:0","00:03:33","11","0","/home/hersco/training_new_domains/2026-08-22/statistical_replication_terminal_stage2_train/20489398_Re-Tr_block_grouping_block_grouping_mcts_orig_vh_e.5_c.1_s1239739722_K0_SR10TCT_src20401180_e0073.txt","/home/hersco/training_new_domains/2026-08-25/statistical_replication_terminal_stage2_policy_eval/20541151_Ev_block_grouping_block_grouping_orig_vh_c.1_s1239739722_SR10TCP_src20489398_e0099.txt","/home/hersco/training_new_domains/2026-08-25/statistical_replication_terminal_stage2_policy_eval/20541151_Ev_block_grouping_block_grouping_orig_vh_c.1_s1239739722_SR10TCP_src20489398_e0099.txt","",""
"MAIN-TERM","block_grouping","on","stage2","final","1472491096","20489399","99","/home/hersco/bershco-nu-asnets/numeric-asnets/asnets/experiment-results/experiments_numeric.domain.block_grouping-experiments_numeric.architecture_2.block_grouping_mcts-2026-08-23T13:13:25.418805/P[domain,instance_7_10_2_1,instance_20_5_2_2,inst...]-S[0.0003,50,enhsp-hadd-gbfs]-MO[]-T[518400]-04909467-43e0a7a/snapshots/snapshot_99_1.0000","20541173","14","20","COMPLETED","0:0","00:03:43","14","0","/home/hersco/training_new_domains/2026-08-22/statistical_replication_terminal_stage2_train/20489399_Re-Tr_block_grouping_block_grouping_mcts_orig_vh_e.5_c.1_s1472491096_K0_SR10TCT_src20401181_e0052.txt","/home/hersco/training_new_domains/2026-08-25/statistical_replication_terminal_stage2_policy_eval/20541173_Ev_block_grouping_block_grouping_orig_vh_c.1_s1472491096_SR10TCP_src20489399_e0099.txt","/home/hersco/training_new_domains/2026-08-25/statistical_replication_terminal_stage2_policy_eval/20541173_Ev_block_grouping_block_grouping_orig_vh_c.1_s1472491096_SR10TCP_src20489399_e0099.txt","",""
"MAIN-TERM","block_grouping","on","stage2","final","1510771779","20489400","99","/home/hersco/bershco-nu-asnets/numeric-asnets/asnets/experiment-results/experiments_numeric.domain.block_grouping-experiments_numeric.architecture_2.block_grouping_mcts-2026-08-23T16:54:02.457447/P[domain,instance_7_10_2_1,instance_20_5_2_2,inst...]-S[0.0003,50,enhsp-hadd-gbfs]-MO[]-T[518400]-04909688-17cc32a/snapshots/snapshot_99_0.6667","20541195","13","20","COMPLETED","0:0","00:03:53","13","0","/home/hersco/training_new_domains/2026-08-22/statistical_replication_terminal_stage2_train/20489400_Re-Tr_block_grouping_block_grouping_mcts_orig_vh_e.5_c.1_s1510771779_K0_SR10TCT_src20401184_e0138.txt","/home/hersco/training_new_domains/2026-08-25/statistical_replication_terminal_stage2_policy_eval/20541195_Ev_block_grouping_block_grouping_orig_vh_c.1_s1510771779_SR10TCP_src20489400_e0099.txt","/home/hersco/training_new_domains/2026-08-25/statistical_replication_terminal_stage2_policy_eval/20541195_Ev_block_grouping_block_grouping_orig_vh_c.1_s1510771779_SR10TCP_src20489400_e0099.txt","",""
"MAIN-TERM","block_grouping","on","stage2","final","1963100312","20489401","99","/home/hersco/bershco-nu-asnets/numeric-asnets/asnets/experiment-results/experiments_numeric.domain.block_grouping-experiments_numeric.architecture_2.block_grouping_mcts-2026-08-23T17:13:24.635452/P[domain,instance_7_10_2_1,instance_20_5_2_2,inst...]-S[0.0003,50,enhsp-hadd-gbfs]-MO[]-T[518400]-04909707-2fc32f3/snapshots/snapshot_99_0.5000","20541217","9","20","COMPLETED","0:0","00:05:01","9","0","/home/hersco/training_new_domains/2026-08-22/statistical_replication_terminal_stage2_train/20489401_Re-Tr_block_grouping_block_grouping_mcts_orig_vh_e.5_c.1_s1963100312_K0_SR10TCT_src20401177_e0054.txt","/home/hersco/training_new_domains/2026-08-25/statistical_replication_terminal_stage2_policy_eval/20541217_Ev_block_grouping_block_grouping_orig_vh_c.1_s1963100312_SR10TCP_src20489401_e0099.txt","/home/hersco/training_new_domains/2026-08-25/statistical_replication_terminal_stage2_policy_eval/20541217_Ev_block_grouping_block_grouping_orig_vh_c.1_s1963100312_SR10TCP_src20489401_e0099.txt","",""
"MAIN-TERM","block_grouping","on","stage2","final","1972442430","20489402","99","/home/hersco/bershco-nu-asnets/numeric-asnets/asnets/experiment-results/experiments_numeric.domain.block_grouping-experiments_numeric.architecture_2.block_grouping_mcts-2026-08-23T17:30:04.569027/P[domain,instance_7_10_2_1,instance_20_5_2_2,inst...]-S[0.0003,50,enhsp-hadd-gbfs]-MO[]-T[518400]-04909724-72aea46/snapshots/snapshot_99_0.5000","20541342","11","20","COMPLETED","0:0","00:03:31","11","0","/home/hersco/training_new_domains/2026-08-22/statistical_replication_terminal_stage2_train/20489402_Re-Tr_block_grouping_block_grouping_mcts_orig_vh_e.5_c.1_s1972442430_K0_SR10TCT_src20401186_e0055.txt","/home/hersco/training_new_domains/2026-08-25/statistical_replication_terminal_stage2_policy_eval/20541342_Ev_block_grouping_block_grouping_orig_vh_c.1_s1972442430_SR10TCP_src20489402_e0099.txt","/home/hersco/training_new_domains/2026-08-25/statistical_replication_terminal_stage2_policy_eval/20541342_Ev_block_grouping_block_grouping_orig_vh_c.1_s1972442430_SR10TCP_src20489402_e0099.txt","",""
"MAIN-TERM","block_grouping","on","stage2","final","2011206605","20489403","99","/home/hersco/bershco-nu-asnets/numeric-asnets/asnets/experiment-results/experiments_numeric.domain.block_grouping-experiments_numeric.architecture_2.block_grouping_mcts-2026-08-23T17:31:57.823911/P[domain,instance_7_10_2_1,instance_20_5_2_2,inst...]-S[0.0003,50,enhsp-hadd-gbfs]-MO[]-T[518400]-04909726-067843/snapshots/snapshot_99_0.5000","20541364","9","20","COMPLETED","0:0","00:03:10","9","0","/home/hersco/training_new_domains/2026-08-22/statistical_replication_terminal_stage2_train/20489403_Re-Tr_block_grouping_block_grouping_mcts_orig_vh_e.5_c.1_s2011206605_K0_SR10TCT_src20401178_e0076.txt","/home/hersco/training_new_domains/2026-08-25/statistical_replication_terminal_stage2_policy_eval/20541364_Ev_block_grouping_block_grouping_orig_vh_c.1_s2011206605_SR10TCP_src20489403_e0099.txt","/home/hersco/training_new_domains/2026-08-25/statistical_replication_terminal_stage2_policy_eval/20541364_Ev_block_grouping_block_grouping_orig_vh_c.1_s2011206605_SR10TCP_src20489403_e0099.txt","",""
"MAIN-TERM","block_grouping","on","stage2","final","2082152039","20489404","99","/home/hersco/bershco-nu-asnets/numeric-asnets/asnets/experiment-results/experiments_numeric.domain.block_grouping-experiments_numeric.architecture_2.block_grouping_mcts-2026-08-23T17:39:31.216759/P[domain,instance_7_10_2_1,instance_20_5_2_2,inst...]-S[0.0003,50,enhsp-hadd-gbfs]-MO[]-T[518400]-04909733-faf7d6/snapshots/snapshot_99_0.5000","20541386","11","20","COMPLETED","0:0","00:03:31","11","0","/home/hersco/training_new_domains/2026-08-22/statistical_replication_terminal_stage2_train/20489404_Re-Tr_block_grouping_block_grouping_mcts_orig_vh_e.5_c.1_s2082152039_K0_SR10TCT_src20401183_e0061.txt","/home/hersco/training_new_domains/2026-08-25/statistical_replication_terminal_stage2_policy_eval/20541386_Ev_block_grouping_block_grouping_orig_vh_c.1_s2082152039_SR10TCP_src20489404_e0099.txt","/home/hersco/training_new_domains/2026-08-25/statistical_replication_terminal_stage2_policy_eval/20541386_Ev_block_grouping_block_grouping_orig_vh_c.1_s2082152039_SR10TCP_src20489404_e0099.txt","",""
"MAIN-TERM","block_grouping","on","stage2","validation_selected","534933607","20489395","10","\home\hersco\bershco-nu-asnets\numeric-asnets\asnets\experiment-results\experiments_numeric.domain.block_grouping-experiments_numeric.architecture_2.block_grouping_mcts-2026-08-22T20:26:34.249383\P[domain,instance_7_10_2_1,instance_20_5_2_2,inst...]-S[0.0003,50,enhsp-hadd-gbfs]-MO[]-T[518400]-04908460-3c74d66\snapshots/snapshot_10_1.0000","20523471","12","20","COMPLETED","0:0","00:04:42","12","0","/home/hersco/training_new_domains/2026-08-22/statistical_replication_terminal_stage2_train/20489395_Re-Tr_block_grouping_block_grouping_mcts_orig_vh_e.5_c.1_s534933607_K0_SR10TCT_src20401182_e0069.txt","/home/hersco/training_new_domains/2026-08-24/statistical_replication_terminal_stage2_policy_eval/20523471_Ev_block_grouping_block_grouping_orig_vh_c.1_s534933607_SR10TCP_src20489395_e0010.txt","/home/hersco/training_new_domains/2026-08-24/statistical_replication_terminal_stage2_policy_eval/20523471_Ev_block_grouping_block_grouping_orig_vh_c.1_s534933607_SR10TCP_src20489395_e0010.txt","",""
"MAIN-TERM","block_grouping","on","stage2","validation_selected","923500475","20489396","2","\home\hersco\bershco-nu-asnets\numeric-asnets\asnets\experiment-results\experiments_numeric.domain.block_grouping-experiments_numeric.architecture_2.block_grouping_mcts-2026-08-22T20:38:00.501055\P[domain,instance_7_10_2_1,instance_20_5_2_2,inst...]-S[0.0003,50,enhsp-hadd-gbfs]-MO[]-T[518400]-04908472-5194f74\snapshots/snapshot_2_0.7500","20541113","10","20","COMPLETED","0:0","00:04:21","10","0","/home/hersco/training_new_domains/2026-08-22/statistical_replication_terminal_stage2_train/20489396_Re-Tr_block_grouping_block_grouping_mcts_orig_vh_e.5_c.1_s923500475_K0_SR10TCT_src20401185_e0070.txt","/home/hersco/training_new_domains/2026-08-25/statistical_replication_terminal_stage2_policy_eval/20541113_Ev_block_grouping_block_grouping_orig_vh_c.1_s923500475_SR10TCP_src20489396_e0002.txt","/home/hersco/training_new_domains/2026-08-25/statistical_replication_terminal_stage2_policy_eval/20541113_Ev_block_grouping_block_grouping_orig_vh_c.1_s923500475_SR10TCP_src20489396_e0002.txt","",""
"MAIN-TERM","block_grouping","on","stage2","validation_selected","1073581256","20489397","6","\home\hersco\bershco-nu-asnets\numeric-asnets\asnets\experiment-results\experiments_numeric.domain.block_grouping-experiments_numeric.architecture_2.block_grouping_mcts-2026-08-22T21:18:43.838778\P[domain,instance_7_10_2_1,instance_20_5_2_2,inst...]-S[0.0003,50,enhsp-hadd-gbfs]-MO[]-T[518400]-04908512-1247c09\snapshots/snapshot_6_1.0000","20541115","12","20","COMPLETED","0:0","00:04:23","12","0","/home/hersco/training_new_domains/2026-08-22/statistical_replication_terminal_stage2_train/20489397_Re-Tr_block_grouping_block_grouping_mcts_orig_vh_e.5_c.1_s1073581256_K0_SR10TCT_src20401179_e0061.txt","/home/hersco/training_new_domains/2026-08-25/statistical_replication_terminal_stage2_policy_eval/20541115_Ev_block_grouping_block_grouping_orig_vh_c.1_s1073581256_SR10TCP_src20489397_e0006.txt","/home/hersco/training_new_domains/2026-08-25/statistical_replication_terminal_stage2_policy_eval/20541115_Ev_block_grouping_block_grouping_orig_vh_c.1_s1073581256_SR10TCP_src20489397_e0006.txt","",""
"MAIN-TERM","block_grouping","on","stage2","validation_selected","1239739722","20489398","13","\home\hersco\bershco-nu-asnets\numeric-asnets\asnets\experiment-results\experiments_numeric.domain.block_grouping-experiments_numeric.architecture_2.block_grouping_mcts-2026-08-23T11:53:30.910221\P[domain,instance_7_10_2_1,instance_20_5_2_2,inst...]-S[0.0003,50,enhsp-hadd-gbfs]-MO[]-T[518400]-04909387-7d9a779\snapshots/snapshot_13_0.7500","20541152","11","20","COMPLETED","0:0","00:03:21","11","0","/home/hersco/training_new_domains/2026-08-22/statistical_replication_terminal_stage2_train/20489398_Re-Tr_block_grouping_block_grouping_mcts_orig_vh_e.5_c.1_s1239739722_K0_SR10TCT_src20401180_e0073.txt","/home/hersco/training_new_domains/2026-08-25/statistical_replication_terminal_stage2_policy_eval/20541152_Ev_block_grouping_block_grouping_orig_vh_c.1_s1239739722_SR10TCP_src20489398_e0013.txt","/home/hersco/training_new_domains/2026-08-25/statistical_replication_terminal_stage2_policy_eval/20541152_Ev_block_grouping_block_grouping_orig_vh_c.1_s1239739722_SR10TCP_src20489398_e0013.txt","",""
"MAIN-TERM","block_grouping","on","stage2","validation_selected","1472491096","20489399","16","\home\hersco\bershco-nu-asnets\numeric-asnets\asnets\experiment-results\experiments_numeric.domain.block_grouping-experiments_numeric.architecture_2.block_grouping_mcts-2026-08-23T13:13:25.418805\P[domain,instance_7_10_2_1,instance_20_5_2_2,inst...]-S[0.0003,50,enhsp-hadd-gbfs]-MO[]-T[518400]-04909467-43e0a7a\snapshots/snapshot_16_1.0000","20541174","12","20","COMPLETED","0:0","00:04:49","12","0","/home/hersco/training_new_domains/2026-08-22/statistical_replication_terminal_stage2_train/20489399_Re-Tr_block_grouping_block_grouping_mcts_orig_vh_e.5_c.1_s1472491096_K0_SR10TCT_src20401181_e0052.txt","/home/hersco/training_new_domains/2026-08-25/statistical_replication_terminal_stage2_policy_eval/20541174_Ev_block_grouping_block_grouping_orig_vh_c.1_s1472491096_SR10TCP_src20489399_e0016.txt","/home/hersco/training_new_domains/2026-08-25/statistical_replication_terminal_stage2_policy_eval/20541174_Ev_block_grouping_block_grouping_orig_vh_c.1_s1472491096_SR10TCP_src20489399_e0016.txt","",""
"MAIN-TERM","block_grouping","on","stage2","validation_selected","1510771779","20489400","2","\home\hersco\bershco-nu-asnets\numeric-asnets\asnets\experiment-results\experiments_numeric.domain.block_grouping-experiments_numeric.architecture_2.block_grouping_mcts-2026-08-23T16:54:02.457447\P[domain,instance_7_10_2_1,instance_20_5_2_2,inst...]-S[0.0003,50,enhsp-hadd-gbfs]-MO[]-T[518400]-04909688-17cc32a\snapshots/snapshot_2_0.7500","20541196","15","20","COMPLETED","0:0","00:02:28","15","0","/home/hersco/training_new_domains/2026-08-22/statistical_replication_terminal_stage2_train/20489400_Re-Tr_block_grouping_block_grouping_mcts_orig_vh_e.5_c.1_s1510771779_K0_SR10TCT_src20401184_e0138.txt","/home/hersco/training_new_domains/2026-08-25/statistical_replication_terminal_stage2_policy_eval/20541196_Ev_block_grouping_block_grouping_orig_vh_c.1_s1510771779_SR10TCP_src20489400_e0002.txt","/home/hersco/training_new_domains/2026-08-25/statistical_replication_terminal_stage2_policy_eval/20541196_Ev_block_grouping_block_grouping_orig_vh_c.1_s1510771779_SR10TCP_src20489400_e0002.txt","",""
"MAIN-TERM","block_grouping","on","stage2","validation_selected","1963100312","20489401","5","\home\hersco\bershco-nu-asnets\numeric-asnets\asnets\experiment-results\experiments_numeric.domain.block_grouping-experiments_numeric.architecture_2.block_grouping_mcts-2026-08-23T17:13:24.635452\P[domain,instance_7_10_2_1,instance_20_5_2_2,inst...]-S[0.0003,50,enhsp-hadd-gbfs]-MO[]-T[518400]-04909707-2fc32f3\snapshots/snapshot_5_0.7500","20541198","11","20","COMPLETED","0:0","00:02:55","11","0","/home/hersco/training_new_domains/2026-08-22/statistical_replication_terminal_stage2_train/20489401_Re-Tr_block_grouping_block_grouping_mcts_orig_vh_e.5_c.1_s1963100312_K0_SR10TCT_src20401177_e0054.txt","/home/hersco/training_new_domains/2026-08-25/statistical_replication_terminal_stage2_policy_eval/20541198_Ev_block_grouping_block_grouping_orig_vh_c.1_s1963100312_SR10TCP_src20489401_e0005.txt","/home/hersco/training_new_domains/2026-08-25/statistical_replication_terminal_stage2_policy_eval/20541198_Ev_block_grouping_block_grouping_orig_vh_c.1_s1963100312_SR10TCP_src20489401_e0005.txt","",""
"MAIN-TERM","block_grouping","on","stage2","validation_selected","1972442430","20489402","54","\home\hersco\bershco-nu-asnets\numeric-asnets\asnets\experiment-results\experiments_numeric.domain.block_grouping-experiments_numeric.architecture_2.block_grouping_mcts-2026-08-23T17:30:04.569027\P[domain,instance_7_10_2_1,instance_20_5_2_2,inst...]-S[0.0003,50,enhsp-hadd-gbfs]-MO[]-T[518400]-04909724-72aea46\snapshots/snapshot_54_0.7500","20541343","11","20","COMPLETED","0:0","00:04:24","11","0","/home/hersco/training_new_domains/2026-08-22/statistical_replication_terminal_stage2_train/20489402_Re-Tr_block_grouping_block_grouping_mcts_orig_vh_e.5_c.1_s1972442430_K0_SR10TCT_src20401186_e0055.txt","/home/hersco/training_new_domains/2026-08-25/statistical_replication_terminal_stage2_policy_eval/20541343_Ev_block_grouping_block_grouping_orig_vh_c.1_s1972442430_SR10TCP_src20489402_e0054.txt","/home/hersco/training_new_domains/2026-08-25/statistical_replication_terminal_stage2_policy_eval/20541343_Ev_block_grouping_block_grouping_orig_vh_c.1_s1972442430_SR10TCP_src20489402_e0054.txt","",""
"MAIN-TERM","block_grouping","on","stage2","validation_selected","2011206605","20489403","6","\home\hersco\bershco-nu-asnets\numeric-asnets\asnets\experiment-results\experiments_numeric.domain.block_grouping-experiments_numeric.architecture_2.block_grouping_mcts-2026-08-23T17:31:57.823911\P[domain,instance_7_10_2_1,instance_20_5_2_2,inst...]-S[0.0003,50,enhsp-hadd-gbfs]-MO[]-T[518400]-04909726-067843\snapshots/snapshot_6_0.7500","20541365","11","20","COMPLETED","0:0","00:03:57","11","0","/home/hersco/training_new_domains/2026-08-22/statistical_replication_terminal_stage2_train/20489403_Re-Tr_block_grouping_block_grouping_mcts_orig_vh_e.5_c.1_s2011206605_K0_SR10TCT_src20401178_e0076.txt","/home/hersco/training_new_domains/2026-08-25/statistical_replication_terminal_stage2_policy_eval/20541365_Ev_block_grouping_block_grouping_orig_vh_c.1_s2011206605_SR10TCP_src20489403_e0006.txt","/home/hersco/training_new_domains/2026-08-25/statistical_replication_terminal_stage2_policy_eval/20541365_Ev_block_grouping_block_grouping_orig_vh_c.1_s2011206605_SR10TCP_src20489403_e0006.txt","",""
"MAIN-TERM","block_grouping","on","stage2","validation_selected","2082152039","20489404","62","\home\hersco\bershco-nu-asnets\numeric-asnets\asnets\experiment-results\experiments_numeric.domain.block_grouping-experiments_numeric.architecture_2.block_grouping_mcts-2026-08-23T17:39:31.216759\P[domain,instance_7_10_2_1,instance_20_5_2_2,inst...]-S[0.0003,50,enhsp-hadd-gbfs]-MO[]-T[518400]-04909733-faf7d6\snapshots/snapshot_62_0.7500","20541387","11","20","COMPLETED","0:0","00:03:45","11","0","/home/hersco/training_new_domains/2026-08-22/statistical_replication_terminal_stage2_train/20489404_Re-Tr_block_grouping_block_grouping_mcts_orig_vh_e.5_c.1_s2082152039_K0_SR10TCT_src20401183_e0061.txt","/home/hersco/training_new_domains/2026-08-25/statistical_replication_terminal_stage2_policy_eval/20541387_Ev_block_grouping_block_grouping_orig_vh_c.1_s2082152039_SR10TCP_src20489404_e0062.txt","/home/hersco/training_new_domains/2026-08-25/statistical_replication_terminal_stage2_policy_eval/20541387_Ev_block_grouping_block_grouping_orig_vh_c.1_s2082152039_SR10TCP_src20489404_e0062.txt","",""
"MAIN-TERM","counters","off","stage1","final","534933607","20401263","93","/home/hersco/bershco-nu-asnets/numeric-asnets/asnets/experiment-results/experiments_numeric.domain.counters-experiments_numeric.architecture_2.counters-2026-08-20T18:13:09.114960/P[domain,fz_instance_4,inv_instance_4,rnd_instanc...]-S[0.003,50,enhsp-hmrmax-astar]-MO[]-T[518400]-04905447-3c74d66/snapshots/snapshot_93_1.000","20489196","4","59","COMPLETED","0:0","00:12:45","4","0","/home/hersco/training_new_domains/2026-08-20/statistical_replication_stage1_10seed/20401263_Tr_counters_counters_orig_novh_c.1_s534933607_STATREP10_STAGE1.txt","/home/hersco/training_new_domains/2026-08-22/statistical_replication_terminal_stage1_policy_eval/20489196_Ev_counters_counters_orig_novh_c.1_s534933607_SR10TCP_src20401263_e0093.txt","/home/hersco/training_new_domains/2026-08-22/statistical_replication_terminal_stage1_policy_eval/20489196_Ev_counters_counters_orig_novh_c.1_s534933607_SR10TCP_src20401263_e0093.txt","",""
"MAIN-TERM","counters","off","stage1","final","923500475","20401266","62","/home/hersco/bershco-nu-asnets/numeric-asnets/asnets/experiment-results/experiments_numeric.domain.counters-experiments_numeric.architecture_2.counters-2026-08-20T18:13:56.094323/P[domain,fz_instance_4,inv_instance_4,rnd_instanc...]-S[0.003,50,enhsp-hmrmax-astar]-MO[]-T[518400]-04905448-5194f74/snapshots/snapshot_62_1.000","20489197","45","59","COMPLETED","0:0","00:05:28","45","0","/home/hersco/training_new_domains/2026-08-20/statistical_replication_stage1_10seed/20401266_Tr_counters_counters_orig_novh_c.1_s923500475_STATREP10_STAGE1.txt","/home/hersco/training_new_domains/2026-08-22/statistical_replication_terminal_stage1_policy_eval/20489197_Ev_counters_counters_orig_novh_c.1_s923500475_SR10TCP_src20401266_e0062.txt","/home/hersco/training_new_domains/2026-08-22/statistical_replication_terminal_stage1_policy_eval/20489197_Ev_counters_counters_orig_novh_c.1_s923500475_SR10TCP_src20401266_e0062.txt","",""
"MAIN-TERM","counters","off","stage1","final","1073581256","20401260","53","/home/hersco/bershco-nu-asnets/numeric-asnets/asnets/experiment-results/experiments_numeric.domain.counters-experiments_numeric.architecture_2.counters-2026-08-20T18:13:09.106124/P[domain,fz_instance_4,inv_instance_4,rnd_instanc...]-S[0.003,50,enhsp-hmrmax-astar]-MO[]-T[518400]-04905447-1247c09/snapshots/snapshot_53_1.000","20489198","59","59","COMPLETED","0:0","00:03:23","59","0","/home/hersco/training_new_domains/2026-08-20/statistical_replication_stage1_10seed/20401260_Tr_counters_counters_orig_novh_c.1_s1073581256_STATREP10_STAGE1.txt","/home/hersco/training_new_domains/2026-08-22/statistical_replication_terminal_stage1_policy_eval/20489198_Ev_counters_counters_orig_novh_c.1_s1073581256_SR10TCP_src20401260_e0053.txt","/home/hersco/training_new_domains/2026-08-22/statistical_replication_terminal_stage1_policy_eval/20489198_Ev_counters_counters_orig_novh_c.1_s1073581256_SR10TCP_src20401260_e0053.txt","",""
"MAIN-TERM","counters","off","stage1","final","1239739722","20401261","55","/home/hersco/bershco-nu-asnets/numeric-asnets/asnets/experiment-results/experiments_numeric.domain.counters-experiments_numeric.architecture_2.counters-2026-08-20T18:13:09.097949/P[domain,fz_instance_4,inv_instance_4,rnd_instanc...]-S[0.003,50,enhsp-hmrmax-astar]-MO[]-T[518400]-04905447-7d9a779/snapshots/snapshot_55_1.000","20428802","17","59","COMPLETED","0:0","00:09:07","17","0","/home/hersco/training_new_domains/2026-08-20/statistical_replication_stage1_10seed/20401261_Tr_counters_counters_orig_novh_c.1_s1239739722_STATREP10_STAGE1.txt","/home/hersco/training_new_domains/2026-08-21/statistical_replication_stage1_policy_eval/20428802_Ev_counters_counters_orig_novh_c.1_s1239739722_SR10P_src20401261_e0055.txt","/home/hersco/training_new_domains/2026-08-21/statistical_replication_stage1_policy_eval/20428802_Ev_counters_counters_orig_novh_c.1_s1239739722_SR10P_src20401261_e0055.txt","",""
"MAIN-TERM","counters","off","stage1","final","1472491096","20401262","70","/home/hersco/bershco-nu-asnets/numeric-asnets/asnets/experiment-results/experiments_numeric.domain.counters-experiments_numeric.architecture_2.counters-2026-08-20T18:13:09.101726/P[domain,fz_instance_4,inv_instance_4,rnd_instanc...]-S[0.003,50,enhsp-hmrmax-astar]-MO[]-T[518400]-04905447-43e0a7a/snapshots/snapshot_70_1.000","20429057","26","59","COMPLETED","0:0","00:08:54","26","0","/home/hersco/training_new_domains/2026-08-20/statistical_replication_stage1_10seed/20401262_Tr_counters_counters_orig_novh_c.1_s1472491096_STATREP10_STAGE1.txt","/home/hersco/training_new_domains/2026-08-21/statistical_replication_stage1_policy_eval/20429057_Ev_counters_counters_orig_novh_c.1_s1472491096_SR10P_src20401262_e0070.txt","/home/hersco/training_new_domains/2026-08-21/statistical_replication_stage1_policy_eval/20429057_Ev_counters_counters_orig_novh_c.1_s1472491096_SR10P_src20401262_e0070.txt","",""
"MAIN-TERM","counters","off","stage1","final","1510771779","20401265","51","/home/hersco/bershco-nu-asnets/numeric-asnets/asnets/experiment-results/experiments_numeric.domain.counters-experiments_numeric.architecture_2.counters-2026-08-20T18:13:56.094320/P[domain,fz_instance_4,inv_instance_4,rnd_instanc...]-S[0.003,50,enhsp-hmrmax-astar]-MO[]-T[518400]-04905448-17cc32a/snapshots/snapshot_51_1.000","20489199","13","59","COMPLETED","0:0","00:08:49","13","0","/home/hersco/training_new_domains/2026-08-20/statistical_replication_stage1_10seed/20401265_Tr_counters_counters_orig_novh_c.1_s1510771779_STATREP10_STAGE1.txt","/home/hersco/training_new_domains/2026-08-22/statistical_replication_terminal_stage1_policy_eval/20489199_Ev_counters_counters_orig_novh_c.1_s1510771779_SR10TCP_src20401265_e0051.txt","/home/hersco/training_new_domains/2026-08-22/statistical_replication_terminal_stage1_policy_eval/20489199_Ev_counters_counters_orig_novh_c.1_s1510771779_SR10TCP_src20401265_e0051.txt","",""
"MAIN-TERM","counters","off","stage1","final","1963100312","20401258","151","/home/hersco/bershco-nu-asnets/numeric-asnets/asnets/experiment-results/experiments_numeric.domain.counters-experiments_numeric.architecture_2.counters-2026-08-20T18:13:09.096138/P[domain,fz_instance_4,inv_instance_4,rnd_instanc...]-S[0.003,50,enhsp-hmrmax-astar]-MO[]-T[518400]-04905447-2fc32f3/snapshots/snapshot_151_1.000","20489200","14","59","COMPLETED","0:0","00:08:31","14","0","/home/hersco/training_new_domains/2026-08-20/statistical_replication_stage1_10seed/20401258_Tr_counters_counters_orig_novh_c.1_s1963100312_STATREP10_STAGE1.txt","/home/hersco/training_new_domains/2026-08-22/statistical_replication_terminal_stage1_policy_eval/20489200_Ev_counters_counters_orig_novh_c.1_s1963100312_SR10TCP_src20401258_e0151.txt","/home/hersco/training_new_domains/2026-08-22/statistical_replication_terminal_stage1_policy_eval/20489200_Ev_counters_counters_orig_novh_c.1_s1963100312_SR10TCP_src20401258_e0151.txt","",""
"MAIN-TERM","counters","off","stage1","final","1972442430","20401267","103","/home/hersco/bershco-nu-asnets/numeric-asnets/asnets/experiment-results/experiments_numeric.domain.counters-experiments_numeric.architecture_2.counters-2026-08-20T18:13:56.094310/P[domain,fz_instance_4,inv_instance_4,rnd_instanc...]-S[0.003,50,enhsp-hmrmax-astar]-MO[]-T[518400]-04905448-72aea46/snapshots/snapshot_103_1.000","20489201","11","59","COMPLETED","0:0","00:08:32","11","0","/home/hersco/training_new_domains/2026-08-20/statistical_replication_stage1_10seed/20401267_Tr_counters_counters_orig_novh_c.1_s1972442430_STATREP10_STAGE1.txt","/home/hersco/training_new_domains/2026-08-22/statistical_replication_terminal_stage1_policy_eval/20489201_Ev_counters_counters_orig_novh_c.1_s1972442430_SR10TCP_src20401267_e0103.txt","/home/hersco/training_new_domains/2026-08-22/statistical_replication_terminal_stage1_policy_eval/20489201_Ev_counters_counters_orig_novh_c.1_s1972442430_SR10TCP_src20401267_e0103.txt","",""
"MAIN-TERM","counters","off","stage1","final","2011206605","20401259","87","/home/hersco/bershco-nu-asnets/numeric-asnets/asnets/experiment-results/experiments_numeric.domain.counters-experiments_numeric.architecture_2.counters-2026-08-20T18:13:09.112993/P[domain,fz_instance_4,inv_instance_4,rnd_instanc...]-S[0.003,50,enhsp-hmrmax-astar]-MO[]-T[518400]-04905447-067843/snapshots/snapshot_87_1.000","20489202","15","59","COMPLETED","0:0","00:07:55","15","0","/home/hersco/training_new_domains/2026-08-20/statistical_replication_stage1_10seed/20401259_Tr_counters_counters_orig_novh_c.1_s2011206605_STATREP10_STAGE1.txt","/home/hersco/training_new_domains/2026-08-22/statistical_replication_terminal_stage1_policy_eval/20489202_Ev_counters_counters_orig_novh_c.1_s2011206605_SR10TCP_src20401259_e0087.txt","/home/hersco/training_new_domains/2026-08-22/statistical_replication_terminal_stage1_policy_eval/20489202_Ev_counters_counters_orig_novh_c.1_s2011206605_SR10TCP_src20401259_e0087.txt","",""
"MAIN-TERM","counters","off","stage1","final","2082152039","20401264","62","/home/hersco/bershco-nu-asnets/numeric-asnets/asnets/experiment-results/experiments_numeric.domain.counters-experiments_numeric.architecture_2.counters-2026-08-20T18:13:09.109794/P[domain,fz_instance_4,inv_instance_4,rnd_instanc...]-S[0.003,50,enhsp-hmrmax-astar]-MO[]-T[518400]-04905447-faf7d6/snapshots/snapshot_62_1.000","20489203","11","59","COMPLETED","0:0","00:11:06","11","0","/home/hersco/training_new_domains/2026-08-20/statistical_replication_stage1_10seed/20401264_Tr_counters_counters_orig_novh_c.1_s2082152039_STATREP10_STAGE1.txt","/home/hersco/training_new_domains/2026-08-22/statistical_replication_terminal_stage1_policy_eval/20489203_Ev_counters_counters_orig_novh_c.1_s2082152039_SR10TCP_src20401264_e0062.txt","/home/hersco/training_new_domains/2026-08-22/statistical_replication_terminal_stage1_policy_eval/20489203_Ev_counters_counters_orig_novh_c.1_s2082152039_SR10TCP_src20401264_e0062.txt","",""
"MAIN-TERM","counters","off","stage2","final","534933607","20489405","99","/home/hersco/bershco-nu-asnets/numeric-asnets/asnets/experiment-results/experiments_numeric.domain.counters-experiments_numeric.architecture_2.counters_mcts-2026-08-23T17:45:23.773693/P[domain,fz_instance_4,inv_instance_4,rnd_instanc...]-S[0.0003,50,enhsp-hmrmax-astar]-MO[]-T[518400]-04909743-3c74d66/snapshots/snapshot_99_1.0000","20523510","5","59","COMPLETED","0:0","00:08:30","5","0","/home/hersco/training_new_domains/2026-08-22/statistical_replication_terminal_stage2_train/20489405_Re-Tr_counters_counters_mcts_orig_novh_e.5_c.1_s534933607_K0_SR10TCT_src20401263_e0093.txt","/home/hersco/training_new_domains/2026-08-24/statistical_replication_terminal_stage2_policy_eval/20523510_Ev_counters_counters_orig_novh_c.1_s534933607_SR10TCP_src20489405_e0099.txt","/home/hersco/training_new_domains/2026-08-24/statistical_replication_terminal_stage2_policy_eval/20523510_Ev_counters_counters_orig_novh_c.1_s534933607_SR10TCP_src20489405_e0099.txt","",""
"MAIN-TERM","counters","off","stage2","final","923500475","20489406","99","/home/hersco/bershco-nu-asnets/numeric-asnets/asnets/experiment-results/experiments_numeric.domain.counters-experiments_numeric.architecture_2.counters_mcts-2026-08-23T18:47:35.763194/P[domain,fz_instance_4,inv_instance_4,rnd_instanc...]-S[0.0003,50,enhsp-hmrmax-astar]-MO[]-T[518400]-04909801-5194f74/snapshots/snapshot_99_1.0000","20523630","59","59","COMPLETED","0:0","00:04:13","59","0","/home/hersco/training_new_domains/2026-08-22/statistical_replication_terminal_stage2_train/20489406_Re-Tr_counters_counters_mcts_orig_novh_e.5_c.1_s923500475_K0_SR10TCT_src20401266_e0062.txt","/home/hersco/training_new_domains/2026-08-24/statistical_replication_terminal_stage2_policy_eval/20523630_Ev_counters_counters_orig_novh_c.1_s923500475_SR10TCP_src20489406_e0099.txt","/home/hersco/training_new_domains/2026-08-24/statistical_replication_terminal_stage2_policy_eval/20523630_Ev_counters_counters_orig_novh_c.1_s923500475_SR10TCP_src20489406_e0099.txt","",""
"MAIN-TERM","counters","off","stage2","final","1073581256","20489407","99","/home/hersco/bershco-nu-asnets/numeric-asnets/asnets/experiment-results/experiments_numeric.domain.counters-experiments_numeric.architecture_2.counters_mcts-2026-08-23T20:02:39.778670/P[domain,fz_instance_4,inv_instance_4,rnd_instanc...]-S[0.0003,50,enhsp-hmrmax-astar]-MO[]-T[518400]-04909877-1247c09/snapshots/snapshot_99_1.0000","20523674","31","59","COMPLETED","0:0","00:06:22","31","0","/home/hersco/training_new_domains/2026-08-22/statistical_replication_terminal_stage2_train/20489407_Re-Tr_counters_counters_mcts_orig_novh_e.5_c.1_s1073581256_K0_SR10TCT_src20401260_e0053.txt","/home/hersco/training_new_domains/2026-08-24/statistical_replication_terminal_stage2_policy_eval/20523674_Ev_counters_counters_orig_novh_c.1_s1073581256_SR10TCP_src20489407_e0099.txt","/home/hersco/training_new_domains/2026-08-24/statistical_replication_terminal_stage2_policy_eval/20523674_Ev_counters_counters_orig_novh_c.1_s1073581256_SR10TCP_src20489407_e0099.txt","",""
"MAIN-TERM","counters","off","stage2","final","1239739722","20489408","99","/home/hersco/bershco-nu-asnets/numeric-asnets/asnets/experiment-results/experiments_numeric.domain.counters-experiments_numeric.architecture_2.counters_mcts-2026-08-23T21:25:37.261441/P[domain,fz_instance_4,inv_instance_4,rnd_instanc...]-S[0.0003,50,enhsp-hmrmax-astar]-MO[]-T[518400]-04909959-7d9a779/snapshots/snapshot_99_1.0000","20523695","45","59","COMPLETED","0:0","00:05:58","45","0","/home/hersco/training_new_domains/2026-08-22/statistical_replication_terminal_stage2_train/20489408_Re-Tr_counters_counters_mcts_orig_novh_e.5_c.1_s1239739722_K0_SR10TCT_src20401261_e0055.txt","/home/hersco/training_new_domains/2026-08-24/statistical_replication_terminal_stage2_policy_eval/20523695_Ev_counters_counters_orig_novh_c.1_s1239739722_SR10TCP_src20489408_e0099.txt","/home/hersco/training_new_domains/2026-08-24/statistical_replication_terminal_stage2_policy_eval/20523695_Ev_counters_counters_orig_novh_c.1_s1239739722_SR10TCP_src20489408_e0099.txt","",""
"MAIN-TERM","counters","off","stage2","final","1472491096","20489409","99","/home/hersco/bershco-nu-asnets/numeric-asnets/asnets/experiment-results/experiments_numeric.domain.counters-experiments_numeric.architecture_2.counters_mcts-2026-08-23T22:43:58.270737/P[domain,fz_instance_4,inv_instance_4,rnd_instanc...]-S[0.0003,50,enhsp-hmrmax-astar]-MO[]-T[518400]-04910038-43e0a7a/snapshots/snapshot_99_1.0000","20523724","18","59","COMPLETED","0:0","00:08:22","18","0","/home/hersco/training_new_domains/2026-08-22/statistical_replication_terminal_stage2_train/20489409_Re-Tr_counters_counters_mcts_orig_novh_e.5_c.1_s1472491096_K0_SR10TCT_src20401262_e0070.txt","/home/hersco/training_new_domains/2026-08-24/statistical_replication_terminal_stage2_policy_eval/20523724_Ev_counters_counters_orig_novh_c.1_s1472491096_SR10TCP_src20489409_e0099.txt","/home/hersco/training_new_domains/2026-08-24/statistical_replication_terminal_stage2_policy_eval/20523724_Ev_counters_counters_orig_novh_c.1_s1472491096_SR10TCP_src20489409_e0099.txt","",""
"MAIN-TERM","counters","off","stage2","final","1510771779","20489410","99","/home/hersco/bershco-nu-asnets/numeric-asnets/asnets/experiment-results/experiments_numeric.domain.counters-experiments_numeric.architecture_2.counters_mcts-2026-08-23T23:04:46.488276/P[domain,fz_instance_4,inv_instance_4,rnd_instanc...]-S[0.0003,50,enhsp-hmrmax-astar]-MO[]-T[518400]-04910058-17cc32a/snapshots/snapshot_99_1.0000","20523745","45","59","COMPLETED","0:0","00:05:15","45","0","/home/hersco/training_new_domains/2026-08-22/statistical_replication_terminal_stage2_train/20489410_Re-Tr_counters_counters_mcts_orig_novh_e.5_c.1_s1510771779_K0_SR10TCT_src20401265_e0051.txt","/home/hersco/training_new_domains/2026-08-24/statistical_replication_terminal_stage2_policy_eval/20523745_Ev_counters_counters_orig_novh_c.1_s1510771779_SR10TCP_src20489410_e0099.txt","/home/hersco/training_new_domains/2026-08-24/statistical_replication_terminal_stage2_policy_eval/20523745_Ev_counters_counters_orig_novh_c.1_s1510771779_SR10TCP_src20489410_e0099.txt","",""
"MAIN-TERM","counters","off","stage2","final","1963100312","20489411","99","/home/hersco/bershco-nu-asnets/numeric-asnets/asnets/experiment-results/experiments_numeric.domain.counters-experiments_numeric.architecture_2.counters_mcts-2026-08-23T23:56:41.632588/P[domain,fz_instance_4,inv_instance_4,rnd_instanc...]-S[0.0003,50,enhsp-hmrmax-astar]-MO[]-T[518400]-04910111-2fc32f3/snapshots/snapshot_99_1.0000","20523832","17","59","COMPLETED","0:0","00:13:23","17","0","/home/hersco/training_new_domains/2026-08-22/statistical_replication_terminal_stage2_train/20489411_Re-Tr_counters_counters_mcts_orig_novh_e.5_c.1_s1963100312_K0_SR10TCT_src20401258_e0151.txt","/home/hersco/training_new_domains/2026-08-24/statistical_replication_terminal_stage2_policy_eval/20523832_Ev_counters_counters_orig_novh_c.1_s1963100312_SR10TCP_src20489411_e0099.txt","/home/hersco/training_new_domains/2026-08-24/statistical_replication_terminal_stage2_policy_eval/20523832_Ev_counters_counters_orig_novh_c.1_s1963100312_SR10TCP_src20489411_e0099.txt","",""
"MAIN-TERM","counters","off","stage2","final","1972442430","20489412","99","/home/hersco/bershco-nu-asnets/numeric-asnets/asnets/experiment-results/experiments_numeric.domain.counters-experiments_numeric.architecture_2.counters_mcts-2026-08-24T00:34:52.028468/P[domain,fz_instance_4,inv_instance_4,rnd_instanc...]-S[0.0003,50,enhsp-hmrmax-astar]-MO[]-T[518400]-04910148-72aea46/snapshots/snapshot_99_1.0000","20523862","26","59","COMPLETED","0:0","00:08:44","26","0","/home/hersco/training_new_domains/2026-08-22/statistical_replication_terminal_stage2_train/20489412_Re-Tr_counters_counters_mcts_orig_novh_e.5_c.1_s1972442430_K0_SR10TCT_src20401267_e0103.txt","/home/hersco/training_new_domains/2026-08-24/statistical_replication_terminal_stage2_policy_eval/20523862_Ev_counters_counters_orig_novh_c.1_s1972442430_SR10TCP_src20489412_e0099.txt","/home/hersco/training_new_domains/2026-08-24/statistical_replication_terminal_stage2_policy_eval/20523862_Ev_counters_counters_orig_novh_c.1_s1972442430_SR10TCP_src20489412_e0099.txt","",""
"MAIN-TERM","counters","off","stage2","final","2011206605","20489413","99","/home/hersco/bershco-nu-asnets/numeric-asnets/asnets/experiment-results/experiments_numeric.domain.counters-experiments_numeric.architecture_2.counters_mcts-2026-08-24T02:07:52.909222/P[domain,fz_instance_4,inv_instance_4,rnd_instanc...]-S[0.0003,50,enhsp-hmrmax-astar]-MO[]-T[518400]-04910241-067843/snapshots/snapshot_99_1.0000","20523890","25","59","COMPLETED","0:0","00:06:18","25","0","/home/hersco/training_new_domains/2026-08-22/statistical_replication_terminal_stage2_train/20489413_Re-Tr_counters_counters_mcts_orig_novh_e.5_c.1_s2011206605_K0_SR10TCT_src20401259_e0087.txt","/home/hersco/training_new_domains/2026-08-24/statistical_replication_terminal_stage2_policy_eval/20523890_Ev_counters_counters_orig_novh_c.1_s2011206605_SR10TCP_src20489413_e0099.txt","/home/hersco/training_new_domains/2026-08-24/statistical_replication_terminal_stage2_policy_eval/20523890_Ev_counters_counters_orig_novh_c.1_s2011206605_SR10TCP_src20489413_e0099.txt","",""
"MAIN-TERM","counters","off","stage2","final","2082152039","20489414","99","/home/hersco/bershco-nu-asnets/numeric-asnets/asnets/experiment-results/experiments_numeric.domain.counters-experiments_numeric.architecture_2.counters_mcts-2026-08-24T02:31:57.155926/P[domain,fz_instance_4,inv_instance_4,rnd_instanc...]-S[0.0003,50,enhsp-hmrmax-astar]-MO[]-T[518400]-04910266-faf7d6/snapshots/snapshot_99_1.0000","20523911","27","59","COMPLETED","0:0","00:09:16","27","0","/home/hersco/training_new_domains/2026-08-22/statistical_replication_terminal_stage2_train/20489414_Re-Tr_counters_counters_mcts_orig_novh_e.5_c.1_s2082152039_K0_SR10TCT_src20401264_e0062.txt","/home/hersco/training_new_domains/2026-08-24/statistical_replication_terminal_stage2_policy_eval/20523911_Ev_counters_counters_orig_novh_c.1_s2082152039_SR10TCP_src20489414_e0099.txt","/home/hersco/training_new_domains/2026-08-24/statistical_replication_terminal_stage2_policy_eval/20523911_Ev_counters_counters_orig_novh_c.1_s2082152039_SR10TCP_src20489414_e0099.txt","",""
"MAIN-TERM","counters","off","stage2","validation_selected","534933607","20489405","36","\home\hersco\bershco-nu-asnets\numeric-asnets\asnets\experiment-results\experiments_numeric.domain.counters-experiments_numeric.architecture_2.counters_mcts-2026-08-23T17:45:23.773693\P[domain,fz_instance_4,inv_instance_4,rnd_instanc...]-S[0.0003,50,enhsp-hmrmax-astar]-MO[]-T[518400]-04909743-3c74d66\snapshots/snapshot_36_1.0000","20541388","6","59","COMPLETED","0:0","00:10:57","6","0","/home/hersco/training_new_domains/2026-08-22/statistical_replication_terminal_stage2_train/20489405_Re-Tr_counters_counters_mcts_orig_novh_e.5_c.1_s534933607_K0_SR10TCT_src20401263_e0093.txt","/home/hersco/training_new_domains/2026-08-25/statistical_replication_terminal_stage2_policy_eval/20541388_Ev_counters_counters_orig_novh_c.1_s534933607_SR10TCP_src20489405_e0036.txt","/home/hersco/training_new_domains/2026-08-25/statistical_replication_terminal_stage2_policy_eval/20541388_Ev_counters_counters_orig_novh_c.1_s534933607_SR10TCP_src20489405_e0036.txt","",""
"MAIN-TERM","counters","off","stage2","validation_selected","923500475","20489406","24","\home\hersco\bershco-nu-asnets\numeric-asnets\asnets\experiment-results\experiments_numeric.domain.counters-experiments_numeric.architecture_2.counters_mcts-2026-08-23T18:47:35.763194\P[domain,fz_instance_4,inv_instance_4,rnd_instanc...]-S[0.0003,50,enhsp-hmrmax-astar]-MO[]-T[518400]-04909801-5194f74\snapshots/snapshot_24_1.0000","20541389","59","59","COMPLETED","0:0","00:02:35","59","0","/home/hersco/training_new_domains/2026-08-22/statistical_replication_terminal_stage2_train/20489406_Re-Tr_counters_counters_mcts_orig_novh_e.5_c.1_s923500475_K0_SR10TCT_src20401266_e0062.txt","/home/hersco/training_new_domains/2026-08-25/statistical_replication_terminal_stage2_policy_eval/20541389_Ev_counters_counters_orig_novh_c.1_s923500475_SR10TCP_src20489406_e0024.txt","/home/hersco/training_new_domains/2026-08-25/statistical_replication_terminal_stage2_policy_eval/20541389_Ev_counters_counters_orig_novh_c.1_s923500475_SR10TCP_src20489406_e0024.txt","",""
"MAIN-TERM","counters","off","stage2","validation_selected","1073581256","20489407","31","\home\hersco\bershco-nu-asnets\numeric-asnets\asnets\experiment-results\experiments_numeric.domain.counters-experiments_numeric.architecture_2.counters_mcts-2026-08-23T20:02:39.778670\P[domain,fz_instance_4,inv_instance_4,rnd_instanc...]-S[0.0003,50,enhsp-hmrmax-astar]-MO[]-T[518400]-04909877-1247c09\snapshots/snapshot_31_1.0000","20541390","38","59","COMPLETED","0:0","00:06:15","38","0","/home/hersco/training_new_domains/2026-08-22/statistical_replication_terminal_stage2_train/20489407_Re-Tr_counters_counters_mcts_orig_novh_e.5_c.1_s1073581256_K0_SR10TCT_src20401260_e0053.txt","/home/hersco/training_new_domains/2026-08-25/statistical_replication_terminal_stage2_policy_eval/20541390_Ev_counters_counters_orig_novh_c.1_s1073581256_SR10TCP_src20489407_e0031.txt","/home/hersco/training_new_domains/2026-08-25/statistical_replication_terminal_stage2_policy_eval/20541390_Ev_counters_counters_orig_novh_c.1_s1073581256_SR10TCP_src20489407_e0031.txt","",""
"MAIN-TERM","counters","off","stage2","validation_selected","1239739722","20489408","18","\home\hersco\bershco-nu-asnets\numeric-asnets\asnets\experiment-results\experiments_numeric.domain.counters-experiments_numeric.architecture_2.counters_mcts-2026-08-23T21:25:37.261441\P[domain,fz_instance_4,inv_instance_4,rnd_instanc...]-S[0.0003,50,enhsp-hmrmax-astar]-MO[]-T[518400]-04909959-7d9a779\snapshots/snapshot_18_1.0000","20541391","36","59","COMPLETED","0:0","00:07:15","36","0","/home/hersco/training_new_domains/2026-08-22/statistical_replication_terminal_stage2_train/20489408_Re-Tr_counters_counters_mcts_orig_novh_e.5_c.1_s1239739722_K0_SR10TCT_src20401261_e0055.txt","/home/hersco/training_new_domains/2026-08-25/statistical_replication_terminal_stage2_policy_eval/20541391_Ev_counters_counters_orig_novh_c.1_s1239739722_SR10TCP_src20489408_e0018.txt","/home/hersco/training_new_domains/2026-08-25/statistical_replication_terminal_stage2_policy_eval/20541391_Ev_counters_counters_orig_novh_c.1_s1239739722_SR10TCP_src20489408_e0018.txt","",""
"MAIN-TERM","counters","off","stage2","validation_selected","1472491096","20489409","2","\home\hersco\bershco-nu-asnets\numeric-asnets\asnets\experiment-results\experiments_numeric.domain.counters-experiments_numeric.architecture_2.counters_mcts-2026-08-23T22:43:58.270737\P[domain,fz_instance_4,inv_instance_4,rnd_instanc...]-S[0.0003,50,enhsp-hmrmax-astar]-MO[]-T[518400]-04910038-43e0a7a\snapshots/snapshot_2_1.0000","20541392","35","59","COMPLETED","0:0","00:05:53","35","0","/home/hersco/training_new_domains/2026-08-22/statistical_replication_terminal_stage2_train/20489409_Re-Tr_counters_counters_mcts_orig_novh_e.5_c.1_s1472491096_K0_SR10TCT_src20401262_e0070.txt","/home/hersco/training_new_domains/2026-08-25/statistical_replication_terminal_stage2_policy_eval/20541392_Ev_counters_counters_orig_novh_c.1_s1472491096_SR10TCP_src20489409_e0002.txt","/home/hersco/training_new_domains/2026-08-25/statistical_replication_terminal_stage2_policy_eval/20541392_Ev_counters_counters_orig_novh_c.1_s1472491096_SR10TCP_src20489409_e0002.txt","",""
"MAIN-TERM","counters","off","stage2","validation_selected","1510771779","20489410","45","\home\hersco\bershco-nu-asnets\numeric-asnets\asnets\experiment-results\experiments_numeric.domain.counters-experiments_numeric.architecture_2.counters_mcts-2026-08-23T23:04:46.488276\P[domain,fz_instance_4,inv_instance_4,rnd_instanc...]-S[0.0003,50,enhsp-hmrmax-astar]-MO[]-T[518400]-04910058-17cc32a\snapshots/snapshot_45_1.0000","20523734","34","59","COMPLETED","0:0","00:07:47","34","0","/home/hersco/training_new_domains/2026-08-22/statistical_replication_terminal_stage2_train/20489410_Re-Tr_counters_counters_mcts_orig_novh_e.5_c.1_s1510771779_K0_SR10TCT_src20401265_e0051.txt","/home/hersco/training_new_domains/2026-08-24/statistical_replication_terminal_stage2_policy_eval/20523734_Ev_counters_counters_orig_novh_c.1_s1510771779_SR10TCP_src20489410_e0045.txt","/home/hersco/training_new_domains/2026-08-24/statistical_replication_terminal_stage2_policy_eval/20523734_Ev_counters_counters_orig_novh_c.1_s1510771779_SR10TCP_src20489410_e0045.txt","",""
"MAIN-TERM","counters","off","stage2","validation_selected","1963100312","20489411","42","\home\hersco\bershco-nu-asnets\numeric-asnets\asnets\experiment-results\experiments_numeric.domain.counters-experiments_numeric.architecture_2.counters_mcts-2026-08-23T23:56:41.632588\P[domain,fz_instance_4,inv_instance_4,rnd_instanc...]-S[0.0003,50,enhsp-hmrmax-astar]-MO[]-T[518400]-04910111-2fc32f3\snapshots/snapshot_42_1.0000","20541393","56","59","COMPLETED","0:0","00:04:08","56","0","/home/hersco/training_new_domains/2026-08-22/statistical_replication_terminal_stage2_train/20489411_Re-Tr_counters_counters_mcts_orig_novh_e.5_c.1_s1963100312_K0_SR10TCT_src20401258_e0151.txt","/home/hersco/training_new_domains/2026-08-25/statistical_replication_terminal_stage2_policy_eval/20541393_Ev_counters_counters_orig_novh_c.1_s1963100312_SR10TCP_src20489411_e0042.txt","/home/hersco/training_new_domains/2026-08-25/statistical_replication_terminal_stage2_policy_eval/20541393_Ev_counters_counters_orig_novh_c.1_s1963100312_SR10TCP_src20489411_e0042.txt","",""
"MAIN-TERM","counters","off","stage2","validation_selected","1972442430","20489412","94","\home\hersco\bershco-nu-asnets\numeric-asnets\asnets\experiment-results\experiments_numeric.domain.counters-experiments_numeric.architecture_2.counters_mcts-2026-08-24T00:34:52.028468\P[domain,fz_instance_4,inv_instance_4,rnd_instanc...]-S[0.0003,50,enhsp-hmrmax-astar]-MO[]-T[518400]-04910148-72aea46\snapshots/snapshot_94_1.0000","20541394","29","59","COMPLETED","0:0","00:07:36","29","0","/home/hersco/training_new_domains/2026-08-22/statistical_replication_terminal_stage2_train/20489412_Re-Tr_counters_counters_mcts_orig_novh_e.5_c.1_s1972442430_K0_SR10TCT_src20401267_e0103.txt","/home/hersco/training_new_domains/2026-08-25/statistical_replication_terminal_stage2_policy_eval/20541394_Ev_counters_counters_orig_novh_c.1_s1972442430_SR10TCP_src20489412_e0094.txt","/home/hersco/training_new_domains/2026-08-25/statistical_replication_terminal_stage2_policy_eval/20541394_Ev_counters_counters_orig_novh_c.1_s1972442430_SR10TCP_src20489412_e0094.txt","",""
"MAIN-TERM","counters","off","stage2","validation_selected","2011206605","20489413","3","\home\hersco\bershco-nu-asnets\numeric-asnets\asnets\experiment-results\experiments_numeric.domain.counters-experiments_numeric.architecture_2.counters_mcts-2026-08-24T02:07:52.909222\P[domain,fz_instance_4,inv_instance_4,rnd_instanc...]-S[0.0003,50,enhsp-hmrmax-astar]-MO[]-T[518400]-04910241-067843\snapshots/snapshot_3_1.0000","20541395","59","59","COMPLETED","0:0","00:03:18","59","0","/home/hersco/training_new_domains/2026-08-22/statistical_replication_terminal_stage2_train/20489413_Re-Tr_counters_counters_mcts_orig_novh_e.5_c.1_s2011206605_K0_SR10TCT_src20401259_e0087.txt","/home/hersco/training_new_domains/2026-08-25/statistical_replication_terminal_stage2_policy_eval/20541395_Ev_counters_counters_orig_novh_c.1_s2011206605_SR10TCP_src20489413_e0003.txt","/home/hersco/training_new_domains/2026-08-25/statistical_replication_terminal_stage2_policy_eval/20541395_Ev_counters_counters_orig_novh_c.1_s2011206605_SR10TCP_src20489413_e0003.txt","",""
"MAIN-TERM","counters","off","stage2","validation_selected","2082152039","20489414","82","\home\hersco\bershco-nu-asnets\numeric-asnets\asnets\experiment-results\experiments_numeric.domain.counters-experiments_numeric.architecture_2.counters_mcts-2026-08-24T02:31:57.155926\P[domain,fz_instance_4,inv_instance_4,rnd_instanc...]-S[0.0003,50,enhsp-hmrmax-astar]-MO[]-T[518400]-04910266-faf7d6\snapshots/snapshot_82_1.0000","20541396","27","59","COMPLETED","0:0","00:07:16","27","0","/home/hersco/training_new_domains/2026-08-22/statistical_replication_terminal_stage2_train/20489414_Re-Tr_counters_counters_mcts_orig_novh_e.5_c.1_s2082152039_K0_SR10TCT_src20401264_e0062.txt","/home/hersco/training_new_domains/2026-08-25/statistical_replication_terminal_stage2_policy_eval/20541396_Ev_counters_counters_orig_novh_c.1_s2082152039_SR10TCP_src20489414_e0082.txt","/home/hersco/training_new_domains/2026-08-25/statistical_replication_terminal_stage2_policy_eval/20541396_Ev_counters_counters_orig_novh_c.1_s2082152039_SR10TCP_src20489414_e0082.txt","",""
"MAIN-TERM","counters","on","stage1","final","534933607","20401273","61","/home/hersco/bershco-nu-asnets/numeric-asnets/asnets/experiment-results/experiments_numeric.domain.counters-experiments_numeric.architecture_2.counters-2026-08-20T18:13:56.094313/P[domain,fz_instance_4,inv_instance_4,rnd_instanc...]-S[0.003,50,enhsp-hadd-gbfs]-MO[]-T[518400]-04905448-3c74d66/snapshots/snapshot_61_1.000","20489204","45","59","COMPLETED","0:0","00:05:04","45","0","/home/hersco/training_new_domains/2026-08-20/statistical_replication_stage1_10seed/20401273_Tr_counters_counters_orig_vh_c.1_s534933607_STATREP10_STAGE1.txt","/home/hersco/training_new_domains/2026-08-22/statistical_replication_terminal_stage1_policy_eval/20489204_Ev_counters_counters_orig_vh_c.1_s534933607_SR10TCP_src20401273_e0061.txt","/home/hersco/training_new_domains/2026-08-22/statistical_replication_terminal_stage1_policy_eval/20489204_Ev_counters_counters_orig_vh_c.1_s534933607_SR10TCP_src20401273_e0061.txt","",""
"MAIN-TERM","counters","on","stage1","final","923500475","20401276","52","/home/hersco/bershco-nu-asnets/numeric-asnets/asnets/experiment-results/experiments_numeric.domain.counters-experiments_numeric.architecture_2.counters-2026-08-20T18:13:56.094313/P[domain,fz_instance_4,inv_instance_4,rnd_instanc...]-S[0.003,50,enhsp-hadd-gbfs]-MO[]-T[518400]-04905448-5194f74/snapshots/snapshot_52_1.000","20489205","16","59","COMPLETED","0:0","00:09:00","16","0","/home/hersco/training_new_domains/2026-08-20/statistical_replication_stage1_10seed/20401276_Tr_counters_counters_orig_vh_c.1_s923500475_STATREP10_STAGE1.txt","/home/hersco/training_new_domains/2026-08-22/statistical_replication_terminal_stage1_policy_eval/20489205_Ev_counters_counters_orig_vh_c.1_s923500475_SR10TCP_src20401276_e0052.txt","/home/hersco/training_new_domains/2026-08-22/statistical_replication_terminal_stage1_policy_eval/20489205_Ev_counters_counters_orig_vh_c.1_s923500475_SR10TCP_src20401276_e0052.txt","",""
"MAIN-TERM","counters","on","stage1","final","1073581256","20401270","92","/home/hersco/bershco-nu-asnets/numeric-asnets/asnets/experiment-results/experiments_numeric.domain.counters-experiments_numeric.architecture_2.counters-2026-08-20T18:13:56.094333/P[domain,fz_instance_4,inv_instance_4,rnd_instanc...]-S[0.003,50,enhsp-hadd-gbfs]-MO[]-T[518400]-04905448-1247c09/snapshots/snapshot_92_1.000","20489206","35","59","COMPLETED","0:0","00:06:11","35","0","/home/hersco/training_new_domains/2026-08-20/statistical_replication_stage1_10seed/20401270_Tr_counters_counters_orig_vh_c.1_s1073581256_STATREP10_STAGE1.txt","/home/hersco/training_new_domains/2026-08-22/statistical_replication_terminal_stage1_policy_eval/20489206_Ev_counters_counters_orig_vh_c.1_s1073581256_SR10TCP_src20401270_e0092.txt","/home/hersco/training_new_domains/2026-08-22/statistical_replication_terminal_stage1_policy_eval/20489206_Ev_counters_counters_orig_vh_c.1_s1073581256_SR10TCP_src20401270_e0092.txt","",""
"MAIN-TERM","counters","on","stage1","final","1239739722","20401271","130","/home/hersco/bershco-nu-asnets/numeric-asnets/asnets/experiment-results/experiments_numeric.domain.counters-experiments_numeric.architecture_2.counters-2026-08-20T18:13:56.094346/P[domain,fz_instance_4,inv_instance_4,rnd_instanc...]-S[0.003,50,enhsp-hadd-gbfs]-MO[]-T[518400]-04905448-7d9a779/snapshots/snapshot_130_1.000","20429545","9","59","COMPLETED","0:0","00:14:57","9","0","/home/hersco/training_new_domains/2026-08-20/statistical_replication_stage1_10seed/20401271_Tr_counters_counters_orig_vh_c.1_s1239739722_STATREP10_STAGE1.txt","/home/hersco/training_new_domains/2026-08-21/statistical_replication_stage1_policy_eval/20429545_Ev_counters_counters_orig_vh_c.1_s1239739722_SR10P_src20401271_e0130.txt","/home/hersco/training_new_domains/2026-08-21/statistical_replication_stage1_policy_eval/20429545_Ev_counters_counters_orig_vh_c.1_s1239739722_SR10P_src20401271_e0130.txt","",""
"MAIN-TERM","counters","on","stage1","final","1472491096","20401272","68","/home/hersco/bershco-nu-asnets/numeric-asnets/asnets/experiment-results/experiments_numeric.domain.counters-experiments_numeric.architecture_2.counters-2026-08-20T18:13:56.094313/P[domain,fz_instance_4,inv_instance_4,rnd_instanc...]-S[0.003,50,enhsp-hadd-gbfs]-MO[]-T[518400]-04905448-43e0a7a/snapshots/snapshot_68_1.000","20489207","21","59","COMPLETED","0:0","00:11:27","21","0","/home/hersco/training_new_domains/2026-08-20/statistical_replication_stage1_10seed/20401272_Tr_counters_counters_orig_vh_c.1_s1472491096_STATREP10_STAGE1.txt","/home/hersco/training_new_domains/2026-08-22/statistical_replication_terminal_stage1_policy_eval/20489207_Ev_counters_counters_orig_vh_c.1_s1472491096_SR10TCP_src20401272_e0068.txt","/home/hersco/training_new_domains/2026-08-22/statistical_replication_terminal_stage1_policy_eval/20489207_Ev_counters_counters_orig_vh_c.1_s1472491096_SR10TCP_src20401272_e0068.txt","",""
"MAIN-TERM","counters","on","stage1","final","1510771779","20401275","91","/home/hersco/bershco-nu-asnets/numeric-asnets/asnets/experiment-results/experiments_numeric.domain.counters-experiments_numeric.architecture_2.counters-2026-08-20T18:13:56.094317/P[domain,fz_instance_4,inv_instance_4,rnd_instanc...]-S[0.003,50,enhsp-hadd-gbfs]-MO[]-T[518400]-04905448-17cc32a/snapshots/snapshot_91_1.000","20489208","11","59","COMPLETED","0:0","00:10:38","11","0","/home/hersco/training_new_domains/2026-08-20/statistical_replication_stage1_10seed/20401275_Tr_counters_counters_orig_vh_c.1_s1510771779_STATREP10_STAGE1.txt","/home/hersco/training_new_domains/2026-08-22/statistical_replication_terminal_stage1_policy_eval/20489208_Ev_counters_counters_orig_vh_c.1_s1510771779_SR10TCP_src20401275_e0091.txt","/home/hersco/training_new_domains/2026-08-22/statistical_replication_terminal_stage1_policy_eval/20489208_Ev_counters_counters_orig_vh_c.1_s1510771779_SR10TCP_src20401275_e0091.txt","",""
"MAIN-TERM","counters","on","stage1","final","1963100312","20401268","254","/home/hersco/bershco-nu-asnets/numeric-asnets/asnets/experiment-results/experiments_numeric.domain.counters-experiments_numeric.architecture_2.counters-2026-08-20T18:13:56.094315/P[domain,fz_instance_4,inv_instance_4,rnd_instanc...]-S[0.003,50,enhsp-hadd-gbfs]-MO[]-T[518400]-04905448-2fc32f3/snapshots/snapshot_254_1.000","20489209","5","59","COMPLETED","0:0","00:08:34","5","0","/home/hersco/training_new_domains/2026-08-20/statistical_replication_stage1_10seed/20401268_Tr_counters_counters_orig_vh_c.1_s1963100312_STATREP10_STAGE1.txt","/home/hersco/training_new_domains/2026-08-22/statistical_replication_terminal_stage1_policy_eval/20489209_Ev_counters_counters_orig_vh_c.1_s1963100312_SR10TCP_src20401268_e0254.txt","/home/hersco/training_new_domains/2026-08-22/statistical_replication_terminal_stage1_policy_eval/20489209_Ev_counters_counters_orig_vh_c.1_s1963100312_SR10TCP_src20401268_e0254.txt","",""
"MAIN-TERM","counters","on","stage1","final","1972442430","20401277","51","/home/hersco/bershco-nu-asnets/numeric-asnets/asnets/experiment-results/experiments_numeric.domain.counters-experiments_numeric.architecture_2.counters-2026-08-20T18:13:56.094318/P[domain,fz_instance_4,inv_instance_4,rnd_instanc...]-S[0.003,50,enhsp-hadd-gbfs]-MO[]-T[518400]-04905448-72aea46/snapshots/snapshot_51_1.000","20489210","11","59","COMPLETED","0:0","00:10:35","11","0","/home/hersco/training_new_domains/2026-08-20/statistical_replication_stage1_10seed/20401277_Tr_counters_counters_orig_vh_c.1_s1972442430_STATREP10_STAGE1.txt","/home/hersco/training_new_domains/2026-08-22/statistical_replication_terminal_stage1_policy_eval/20489210_Ev_counters_counters_orig_vh_c.1_s1972442430_SR10TCP_src20401277_e0051.txt","/home/hersco/training_new_domains/2026-08-22/statistical_replication_terminal_stage1_policy_eval/20489210_Ev_counters_counters_orig_vh_c.1_s1972442430_SR10TCP_src20401277_e0051.txt","",""
"MAIN-TERM","counters","on","stage1","final","2011206605","20401269","59","/home/hersco/bershco-nu-asnets/numeric-asnets/asnets/experiment-results/experiments_numeric.domain.counters-experiments_numeric.architecture_2.counters-2026-08-20T18:13:56.094328/P[domain,fz_instance_4,inv_instance_4,rnd_instanc...]-S[0.003,50,enhsp-hadd-gbfs]-MO[]-T[518400]-04905448-067843/snapshots/snapshot_59_1.000","20489211","9","59","COMPLETED","0:0","00:09:34","9","0","/home/hersco/training_new_domains/2026-08-20/statistical_replication_stage1_10seed/20401269_Tr_counters_counters_orig_vh_c.1_s2011206605_STATREP10_STAGE1.txt","/home/hersco/training_new_domains/2026-08-22/statistical_replication_terminal_stage1_policy_eval/20489211_Ev_counters_counters_orig_vh_c.1_s2011206605_SR10TCP_src20401269_e0059.txt","/home/hersco/training_new_domains/2026-08-22/statistical_replication_terminal_stage1_policy_eval/20489211_Ev_counters_counters_orig_vh_c.1_s2011206605_SR10TCP_src20401269_e0059.txt","",""
"MAIN-TERM","counters","on","stage1","final","2082152039","20401274","147","/home/hersco/bershco-nu-asnets/numeric-asnets/asnets/experiment-results/experiments_numeric.domain.counters-experiments_numeric.architecture_2.counters-2026-08-20T18:13:56.094312/P[domain,fz_instance_4,inv_instance_4,rnd_instanc...]-S[0.003,50,enhsp-hadd-gbfs]-MO[]-T[518400]-04905448-faf7d6/snapshots/snapshot_147_1.000","20489212","10","59","COMPLETED","0:0","00:10:51","10","0","/home/hersco/training_new_domains/2026-08-20/statistical_replication_stage1_10seed/20401274_Tr_counters_counters_orig_vh_c.1_s2082152039_STATREP10_STAGE1.txt","/home/hersco/training_new_domains/2026-08-22/statistical_replication_terminal_stage1_policy_eval/20489212_Ev_counters_counters_orig_vh_c.1_s2082152039_SR10TCP_src20401274_e0147.txt","/home/hersco/training_new_domains/2026-08-22/statistical_replication_terminal_stage1_policy_eval/20489212_Ev_counters_counters_orig_vh_c.1_s2082152039_SR10TCP_src20401274_e0147.txt","",""
"MAIN-TERM","counters","on","stage2","final","534933607","20489415","99","/home/hersco/bershco-nu-asnets/numeric-asnets/asnets/experiment-results/experiments_numeric.domain.counters-experiments_numeric.architecture_2.counters_mcts-2026-08-24T02:46:08.190901/P[domain,fz_instance_4,inv_instance_4,rnd_instanc...]-S[0.0003,50,enhsp-hmrmax-astar]-MO[]-T[518400]-04910280-3c74d66/snapshots/snapshot_99_1.0000","20523940","27","59","COMPLETED","0:0","00:08:17","27","0","/home/hersco/training_new_domains/2026-08-22/statistical_replication_terminal_stage2_train/20489415_Re-Tr_counters_counters_mcts_orig_vh_e.5_c.1_s534933607_K0_SR10TCT_src20401273_e0061.txt","/home/hersco/training_new_domains/2026-08-24/statistical_replication_terminal_stage2_policy_eval/20523940_Ev_counters_counters_orig_vh_c.1_s534933607_SR10TCP_src20489415_e0099.txt","/home/hersco/training_new_domains/2026-08-24/statistical_replication_terminal_stage2_policy_eval/20523940_Ev_counters_counters_orig_vh_c.1_s534933607_SR10TCP_src20489415_e0099.txt","",""
"MAIN-TERM","counters","on","stage2","final","923500475","20489416","99","/home/hersco/bershco-nu-asnets/numeric-asnets/asnets/experiment-results/experiments_numeric.domain.counters-experiments_numeric.architecture_2.counters_mcts-2026-08-24T04:02:24.062046/P[domain,fz_instance_4,inv_instance_4,rnd_instanc...]-S[0.0003,50,enhsp-hmrmax-astar]-MO[]-T[518400]-04910356-5194f74/snapshots/snapshot_99_1.0000","20524045","6","59","COMPLETED","0:0","00:10:26","6","0","/home/hersco/training_new_domains/2026-08-22/statistical_replication_terminal_stage2_train/20489416_Re-Tr_counters_counters_mcts_orig_vh_e.5_c.1_s923500475_K0_SR10TCT_src20401276_e0052.txt","/home/hersco/training_new_domains/2026-08-24/statistical_replication_terminal_stage2_policy_eval/20524045_Ev_counters_counters_orig_vh_c.1_s923500475_SR10TCP_src20489416_e0099.txt","/home/hersco/training_new_domains/2026-08-24/statistical_replication_terminal_stage2_policy_eval/20524045_Ev_counters_counters_orig_vh_c.1_s923500475_SR10TCP_src20489416_e0099.txt","",""
"MAIN-TERM","counters","on","stage2","final","1073581256","20489417","99","/home/hersco/bershco-nu-asnets/numeric-asnets/asnets/experiment-results/experiments_numeric.domain.counters-experiments_numeric.architecture_2.counters_mcts-2026-08-24T04:50:46.969522/P[domain,fz_instance_4,inv_instance_4,rnd_instanc...]-S[0.0003,50,enhsp-hmrmax-astar]-MO[]-T[518400]-04910405-1247c09/snapshots/snapshot_99_1.0000","20524079","3","59","COMPLETED","0:0","00:13:25","3","0","/home/hersco/training_new_domains/2026-08-22/statistical_replication_terminal_stage2_train/20489417_Re-Tr_counters_counters_mcts_orig_vh_e.5_c.1_s1073581256_K0_SR10TCT_src20401270_e0092.txt","/home/hersco/training_new_domains/2026-08-24/statistical_replication_terminal_stage2_policy_eval/20524079_Ev_counters_counters_orig_vh_c.1_s1073581256_SR10TCP_src20489417_e0099.txt","/home/hersco/training_new_domains/2026-08-24/statistical_replication_terminal_stage2_policy_eval/20524079_Ev_counters_counters_orig_vh_c.1_s1073581256_SR10TCP_src20489417_e0099.txt","",""
"MAIN-TERM","counters","on","stage2","final","1239739722","20489418","99","/home/hersco/bershco-nu-asnets/numeric-asnets/asnets/experiment-results/experiments_numeric.domain.counters-experiments_numeric.architecture_2.counters_mcts-2026-08-24T05:21:25.780481/P[domain,fz_instance_4,inv_instance_4,rnd_instanc...]-S[0.0003,50,enhsp-hmrmax-astar]-MO[]-T[518400]-04910435-7d9a779/snapshots/snapshot_99_1.0000","20541418","12","59","COMPLETED","0:0","00:11:20","12","0","/home/hersco/training_new_domains/2026-08-22/statistical_replication_terminal_stage2_train/20489418_Re-Tr_counters_counters_mcts_orig_vh_e.5_c.1_s1239739722_K0_SR10TCT_src20401271_e0130.txt","/home/hersco/training_new_domains/2026-08-25/statistical_replication_terminal_stage2_policy_eval/20541418_Ev_counters_counters_orig_vh_c.1_s1239739722_SR10TCP_src20489418_e0099.txt","/home/hersco/training_new_domains/2026-08-25/statistical_replication_terminal_stage2_policy_eval/20541418_Ev_counters_counters_orig_vh_c.1_s1239739722_SR10TCP_src20489418_e0099.txt","",""
"MAIN-TERM","counters","on","stage2","final","1472491096","20489419","99","/home/hersco/bershco-nu-asnets/numeric-asnets/asnets/experiment-results/experiments_numeric.domain.counters-experiments_numeric.architecture_2.counters_mcts-2026-08-24T05:38:45.073976/P[domain,fz_instance_4,inv_instance_4,rnd_instanc...]-S[0.0003,50,enhsp-hmrmax-astar]-MO[]-T[518400]-04910452-43e0a7a/snapshots/snapshot_99_1.0000","20541548","3","59","COMPLETED","0:0","00:10:45","3","0","/home/hersco/training_new_domains/2026-08-22/statistical_replication_terminal_stage2_train/20489419_Re-Tr_counters_counters_mcts_orig_vh_e.5_c.1_s1472491096_K0_SR10TCT_src20401272_e0068.txt","/home/hersco/training_new_domains/2026-08-25/statistical_replication_terminal_stage2_policy_eval/20541548_Ev_counters_counters_orig_vh_c.1_s1472491096_SR10TCP_src20489419_e0099.txt","/home/hersco/training_new_domains/2026-08-25/statistical_replication_terminal_stage2_policy_eval/20541548_Ev_counters_counters_orig_vh_c.1_s1472491096_SR10TCP_src20489419_e0099.txt","",""
"MAIN-TERM","counters","on","stage2","final","1510771779","20489420","99","/home/hersco/bershco-nu-asnets/numeric-asnets/asnets/experiment-results/experiments_numeric.domain.counters-experiments_numeric.architecture_2.counters_mcts-2026-08-24T06:09:08.703308/P[domain,fz_instance_4,inv_instance_4,rnd_instanc...]-S[0.0003,50,enhsp-hmrmax-astar]-MO[]-T[518400]-04910483-17cc32a/snapshots/snapshot_99_1.0000","20541571","13","59","COMPLETED","0:0","00:13:20","13","0","/home/hersco/training_new_domains/2026-08-22/statistical_replication_terminal_stage2_train/20489420_Re-Tr_counters_counters_mcts_orig_vh_e.5_c.1_s1510771779_K0_SR10TCT_src20401275_e0091.txt","/home/hersco/training_new_domains/2026-08-25/statistical_replication_terminal_stage2_policy_eval/20541571_Ev_counters_counters_orig_vh_c.1_s1510771779_SR10TCP_src20489420_e0099.txt","/home/hersco/training_new_domains/2026-08-25/statistical_replication_terminal_stage2_policy_eval/20541571_Ev_counters_counters_orig_vh_c.1_s1510771779_SR10TCP_src20489420_e0099.txt","",""
"MAIN-TERM","counters","on","stage2","final","1963100312","20489421","99","/home/hersco/bershco-nu-asnets/numeric-asnets/asnets/experiment-results/experiments_numeric.domain.counters-experiments_numeric.architecture_2.counters_mcts-2026-08-24T06:32:04.332904/P[domain,fz_instance_4,inv_instance_4,rnd_instanc...]-S[0.0003,50,enhsp-hmrmax-astar]-MO[]-T[518400]-04910506-2fc32f3/snapshots/snapshot_99_1.0000","20541593","17","59","COMPLETED","0:0","00:12:26","17","0","/home/hersco/training_new_domains/2026-08-22/statistical_replication_terminal_stage2_train/20489421_Re-Tr_counters_counters_mcts_orig_vh_e.5_c.1_s1963100312_K0_SR10TCT_src20401268_e0254.txt","/home/hersco/training_new_domains/2026-08-25/statistical_replication_terminal_stage2_policy_eval/20541593_Ev_counters_counters_orig_vh_c.1_s1963100312_SR10TCP_src20489421_e0099.txt","/home/hersco/training_new_domains/2026-08-25/statistical_replication_terminal_stage2_policy_eval/20541593_Ev_counters_counters_orig_vh_c.1_s1963100312_SR10TCP_src20489421_e0099.txt","",""
"MAIN-TERM","counters","on","stage2","final","1972442430","20489422","99","/home/hersco/bershco-nu-asnets/numeric-asnets/asnets/experiment-results/experiments_numeric.domain.counters-experiments_numeric.architecture_2.counters_mcts-2026-08-24T06:44:46.172258/P[domain,fz_instance_4,inv_instance_4,rnd_instanc...]-S[0.0003,50,enhsp-hmrmax-astar]-MO[]-T[518400]-04910518-72aea46/snapshots/snapshot_99_1.0000","20541614","57","59","COMPLETED","0:0","00:04:48","57","0","/home/hersco/training_new_domains/2026-08-22/statistical_replication_terminal_stage2_train/20489422_Re-Tr_counters_counters_mcts_orig_vh_e.5_c.1_s1972442430_K0_SR10TCT_src20401277_e0051.txt","/home/hersco/training_new_domains/2026-08-25/statistical_replication_terminal_stage2_policy_eval/20541614_Ev_counters_counters_orig_vh_c.1_s1972442430_SR10TCP_src20489422_e0099.txt","/home/hersco/training_new_domains/2026-08-25/statistical_replication_terminal_stage2_policy_eval/20541614_Ev_counters_counters_orig_vh_c.1_s1972442430_SR10TCP_src20489422_e0099.txt","",""
"MAIN-TERM","counters","on","stage2","final","2011206605","20489424","99","/home/hersco/bershco-nu-asnets/numeric-asnets/asnets/experiment-results/experiments_numeric.domain.counters-experiments_numeric.architecture_2.counters_mcts-2026-08-24T08:15:45.874382/P[domain,fz_instance_4,inv_instance_4,rnd_instanc...]-S[0.0003,50,enhsp-hmrmax-astar]-MO[]-T[518400]-04910609-067843/snapshots/snapshot_99_1.0000","20541738","8","59","COMPLETED","0:0","00:08:15","8","0","/home/hersco/training_new_domains/2026-08-22/statistical_replication_terminal_stage2_train/20489424_Re-Tr_counters_counters_mcts_orig_vh_e.5_c.1_s2011206605_K0_SR10TCT_src20401269_e0059.txt","/home/hersco/training_new_domains/2026-08-25/statistical_replication_terminal_stage2_policy_eval/20541738_Ev_counters_counters_orig_vh_c.1_s2011206605_SR10TCP_src20489424_e0099.txt","/home/hersco/training_new_domains/2026-08-25/statistical_replication_terminal_stage2_policy_eval/20541738_Ev_counters_counters_orig_vh_c.1_s2011206605_SR10TCP_src20489424_e0099.txt","",""
"MAIN-TERM","counters","on","stage2","final","2082152039","20489425","99","/home/hersco/bershco-nu-asnets/numeric-asnets/asnets/experiment-results/experiments_numeric.domain.counters-experiments_numeric.architecture_2.counters_mcts-2026-08-24T08:56:17.359969/P[domain,fz_instance_4,inv_instance_4,rnd_instanc...]-S[0.0003,50,enhsp-hmrmax-astar]-MO[]-T[518400]-04910650-faf7d6/snapshots/snapshot_99_1.0000","20541762","11","59","COMPLETED","0:0","00:06:54","11","0","/home/hersco/training_new_domains/2026-08-22/statistical_replication_terminal_stage2_train/20489425_Re-Tr_counters_counters_mcts_orig_vh_e.5_c.1_s2082152039_K0_SR10TCT_src20401274_e0147.txt","/home/hersco/training_new_domains/2026-08-25/statistical_replication_terminal_stage2_policy_eval/20541762_Ev_counters_counters_orig_vh_c.1_s2082152039_SR10TCP_src20489425_e0099.txt","/home/hersco/training_new_domains/2026-08-25/statistical_replication_terminal_stage2_policy_eval/20541762_Ev_counters_counters_orig_vh_c.1_s2082152039_SR10TCP_src20489425_e0099.txt","",""
"MAIN-TERM","counters","on","stage2","validation_selected","534933607","20489415","6","\home\hersco\bershco-nu-asnets\numeric-asnets\asnets\experiment-results\experiments_numeric.domain.counters-experiments_numeric.architecture_2.counters_mcts-2026-08-24T02:46:08.190901\P[domain,fz_instance_4,inv_instance_4,rnd_instanc...]-S[0.0003,50,enhsp-hmrmax-astar]-MO[]-T[518400]-04910280-3c74d66\snapshots/snapshot_6_1.0000","20541397","59","59","COMPLETED","0:0","00:03:29","59","0","/home/hersco/training_new_domains/2026-08-22/statistical_replication_terminal_stage2_train/20489415_Re-Tr_counters_counters_mcts_orig_vh_e.5_c.1_s534933607_K0_SR10TCT_src20401273_e0061.txt","/home/hersco/training_new_domains/2026-08-25/statistical_replication_terminal_stage2_policy_eval/20541397_Ev_counters_counters_orig_vh_c.1_s534933607_SR10TCP_src20489415_e0006.txt","/home/hersco/training_new_domains/2026-08-25/statistical_replication_terminal_stage2_policy_eval/20541397_Ev_counters_counters_orig_vh_c.1_s534933607_SR10TCP_src20489415_e0006.txt","",""
"MAIN-TERM","counters","on","stage2","validation_selected","923500475","20489416","30","\home\hersco\bershco-nu-asnets\numeric-asnets\asnets\experiment-results\experiments_numeric.domain.counters-experiments_numeric.architecture_2.counters_mcts-2026-08-24T04:02:24.062046\P[domain,fz_instance_4,inv_instance_4,rnd_instanc...]-S[0.0003,50,enhsp-hmrmax-astar]-MO[]-T[518400]-04910356-5194f74\snapshots/snapshot_30_1.0000","20523947","8","59","COMPLETED","0:0","00:10:34","8","0","/home/hersco/training_new_domains/2026-08-22/statistical_replication_terminal_stage2_train/20489416_Re-Tr_counters_counters_mcts_orig_vh_e.5_c.1_s923500475_K0_SR10TCT_src20401276_e0052.txt","/home/hersco/training_new_domains/2026-08-24/statistical_replication_terminal_stage2_policy_eval/20523947_Ev_counters_counters_orig_vh_c.1_s923500475_SR10TCP_src20489416_e0030.txt","/home/hersco/training_new_domains/2026-08-24/statistical_replication_terminal_stage2_policy_eval/20523947_Ev_counters_counters_orig_vh_c.1_s923500475_SR10TCP_src20489416_e0030.txt","",""
"MAIN-TERM","counters","on","stage2","validation_selected","1073581256","20489417","70","\home\hersco\bershco-nu-asnets\numeric-asnets\asnets\experiment-results\experiments_numeric.domain.counters-experiments_numeric.architecture_2.counters_mcts-2026-08-24T04:50:46.969522\P[domain,fz_instance_4,inv_instance_4,rnd_instanc...]-S[0.0003,50,enhsp-hmrmax-astar]-MO[]-T[518400]-04910405-1247c09\snapshots/snapshot_70_1.0000","20524060","4","59","COMPLETED","0:0","00:10:35","4","0","/home/hersco/training_new_domains/2026-08-22/statistical_replication_terminal_stage2_train/20489417_Re-Tr_counters_counters_mcts_orig_vh_e.5_c.1_s1073581256_K0_SR10TCT_src20401270_e0092.txt","/home/hersco/training_new_domains/2026-08-24/statistical_replication_terminal_stage2_policy_eval/20524060_Ev_counters_counters_orig_vh_c.1_s1073581256_SR10TCP_src20489417_e0070.txt","/home/hersco/training_new_domains/2026-08-24/statistical_replication_terminal_stage2_policy_eval/20524060_Ev_counters_counters_orig_vh_c.1_s1073581256_SR10TCP_src20489417_e0070.txt","",""
"MAIN-TERM","counters","on","stage2","validation_selected","1239739722","20489418","62","\home\hersco\bershco-nu-asnets\numeric-asnets\asnets\experiment-results\experiments_numeric.domain.counters-experiments_numeric.architecture_2.counters_mcts-2026-08-24T05:21:25.780481\P[domain,fz_instance_4,inv_instance_4,rnd_instanc...]-S[0.0003,50,enhsp-hmrmax-astar]-MO[]-T[518400]-04910435-7d9a779\snapshots/snapshot_62_1.0000","20541419","11","59","COMPLETED","0:0","00:08:21","11","0","/home/hersco/training_new_domains/2026-08-22/statistical_replication_terminal_stage2_train/20489418_Re-Tr_counters_counters_mcts_orig_vh_e.5_c.1_s1239739722_K0_SR10TCT_src20401271_e0130.txt","/home/hersco/training_new_domains/2026-08-25/statistical_replication_terminal_stage2_policy_eval/20541419_Ev_counters_counters_orig_vh_c.1_s1239739722_SR10TCP_src20489418_e0062.txt","/home/hersco/training_new_domains/2026-08-25/statistical_replication_terminal_stage2_policy_eval/20541419_Ev_counters_counters_orig_vh_c.1_s1239739722_SR10TCP_src20489418_e0062.txt","",""
"MAIN-TERM","counters","on","stage2","validation_selected","1472491096","20489419","70","\home\hersco\bershco-nu-asnets\numeric-asnets\asnets\experiment-results\experiments_numeric.domain.counters-experiments_numeric.architecture_2.counters_mcts-2026-08-24T05:38:45.073976\P[domain,fz_instance_4,inv_instance_4,rnd_instanc...]-S[0.0003,50,enhsp-hmrmax-astar]-MO[]-T[518400]-04910452-43e0a7a\snapshots/snapshot_70_1.0000","20541542","3","59","COMPLETED","0:0","00:12:30","3","0","/home/hersco/training_new_domains/2026-08-22/statistical_replication_terminal_stage2_train/20489419_Re-Tr_counters_counters_mcts_orig_vh_e.5_c.1_s1472491096_K0_SR10TCT_src20401272_e0068.txt","/home/hersco/training_new_domains/2026-08-25/statistical_replication_terminal_stage2_policy_eval/20541542_Ev_counters_counters_orig_vh_c.1_s1472491096_SR10TCP_src20489419_e0070.txt","/home/hersco/training_new_domains/2026-08-25/statistical_replication_terminal_stage2_policy_eval/20541542_Ev_counters_counters_orig_vh_c.1_s1472491096_SR10TCP_src20489419_e0070.txt","",""
"MAIN-TERM","counters","on","stage2","validation_selected","1510771779","20489420","1","\home\hersco\bershco-nu-asnets\numeric-asnets\asnets\experiment-results\experiments_numeric.domain.counters-experiments_numeric.architecture_2.counters_mcts-2026-08-24T06:09:08.703308\P[domain,fz_instance_4,inv_instance_4,rnd_instanc...]-S[0.0003,50,enhsp-hmrmax-astar]-MO[]-T[518400]-04910483-17cc32a\snapshots/snapshot_1_1.0000","20541572","24","59","COMPLETED","0:0","00:09:47","24","0","/home/hersco/training_new_domains/2026-08-22/statistical_replication_terminal_stage2_train/20489420_Re-Tr_counters_counters_mcts_orig_vh_e.5_c.1_s1510771779_K0_SR10TCT_src20401275_e0091.txt","/home/hersco/training_new_domains/2026-08-25/statistical_replication_terminal_stage2_policy_eval/20541572_Ev_counters_counters_orig_vh_c.1_s1510771779_SR10TCP_src20489420_e0001.txt","/home/hersco/training_new_domains/2026-08-25/statistical_replication_terminal_stage2_policy_eval/20541572_Ev_counters_counters_orig_vh_c.1_s1510771779_SR10TCP_src20489420_e0001.txt","",""
"MAIN-TERM","counters","on","stage2","validation_selected","1963100312","20489421","0","\home\hersco\bershco-nu-asnets\numeric-asnets\asnets\experiment-results\experiments_numeric.domain.counters-experiments_numeric.architecture_2.counters_mcts-2026-08-24T06:32:04.332904\P[domain,fz_instance_4,inv_instance_4,rnd_instanc...]-S[0.0003,50,enhsp-hmrmax-astar]-MO[]-T[518400]-04910506-2fc32f3\snapshots/snapshot_0_1.0000","20541573","5","59","COMPLETED","0:0","00:08:58","5","0","/home/hersco/training_new_domains/2026-08-22/statistical_replication_terminal_stage2_train/20489421_Re-Tr_counters_counters_mcts_orig_vh_e.5_c.1_s1963100312_K0_SR10TCT_src20401268_e0254.txt","/home/hersco/training_new_domains/2026-08-25/statistical_replication_terminal_stage2_policy_eval/20541573_Ev_counters_counters_orig_vh_c.1_s1963100312_SR10TCP_src20489421_e0000.txt","/home/hersco/training_new_domains/2026-08-25/statistical_replication_terminal_stage2_policy_eval/20541573_Ev_counters_counters_orig_vh_c.1_s1963100312_SR10TCP_src20489421_e0000.txt","",""
"MAIN-TERM","counters","on","stage2","validation_selected","1972442430","20489422","28","\home\hersco\bershco-nu-asnets\numeric-asnets\asnets\experiment-results\experiments_numeric.domain.counters-experiments_numeric.architecture_2.counters_mcts-2026-08-24T06:44:46.172258\P[domain,fz_instance_4,inv_instance_4,rnd_instanc...]-S[0.0003,50,enhsp-hmrmax-astar]-MO[]-T[518400]-04910518-72aea46\snapshots/snapshot_28_1.0000","20541615","31","59","COMPLETED","0:0","00:07:06","31","0","/home/hersco/training_new_domains/2026-08-22/statistical_replication_terminal_stage2_train/20489422_Re-Tr_counters_counters_mcts_orig_vh_e.5_c.1_s1972442430_K0_SR10TCT_src20401277_e0051.txt","/home/hersco/training_new_domains/2026-08-25/statistical_replication_terminal_stage2_policy_eval/20541615_Ev_counters_counters_orig_vh_c.1_s1972442430_SR10TCP_src20489422_e0028.txt","/home/hersco/training_new_domains/2026-08-25/statistical_replication_terminal_stage2_policy_eval/20541615_Ev_counters_counters_orig_vh_c.1_s1972442430_SR10TCP_src20489422_e0028.txt","",""
"MAIN-TERM","counters","on","stage2","validation_selected","2011206605","20489424","29","\home\hersco\bershco-nu-asnets\numeric-asnets\asnets\experiment-results\experiments_numeric.domain.counters-experiments_numeric.architecture_2.counters_mcts-2026-08-24T08:15:45.874382\P[domain,fz_instance_4,inv_instance_4,rnd_instanc...]-S[0.0003,50,enhsp-hmrmax-astar]-MO[]-T[518400]-04910609-067843\snapshots/snapshot_29_1.0000","20541740","8","59","COMPLETED","0:0","00:11:46","8","0","/home/hersco/training_new_domains/2026-08-22/statistical_replication_terminal_stage2_train/20489424_Re-Tr_counters_counters_mcts_orig_vh_e.5_c.1_s2011206605_K0_SR10TCT_src20401269_e0059.txt","/home/hersco/training_new_domains/2026-08-25/statistical_replication_terminal_stage2_policy_eval/20541740_Ev_counters_counters_orig_vh_c.1_s2011206605_SR10TCP_src20489424_e0029.txt","/home/hersco/training_new_domains/2026-08-25/statistical_replication_terminal_stage2_policy_eval/20541740_Ev_counters_counters_orig_vh_c.1_s2011206605_SR10TCP_src20489424_e0029.txt","",""
"MAIN-TERM","counters","on","stage2","validation_selected","2082152039","20489425","2","\home\hersco\bershco-nu-asnets\numeric-asnets\asnets\experiment-results\experiments_numeric.domain.counters-experiments_numeric.architecture_2.counters_mcts-2026-08-24T08:56:17.359969\P[domain,fz_instance_4,inv_instance_4,rnd_instanc...]-S[0.0003,50,enhsp-hmrmax-astar]-MO[]-T[518400]-04910650-faf7d6\snapshots/snapshot_2_1.0000","20541763","15","59","COMPLETED","0:0","00:09:58","15","0","/home/hersco/training_new_domains/2026-08-22/statistical_replication_terminal_stage2_train/20489425_Re-Tr_counters_counters_mcts_orig_vh_e.5_c.1_s2082152039_K0_SR10TCT_src20401274_e0147.txt","/home/hersco/training_new_domains/2026-08-25/statistical_replication_terminal_stage2_policy_eval/20541763_Ev_counters_counters_orig_vh_c.1_s2082152039_SR10TCP_src20489425_e0002.txt","/home/hersco/training_new_domains/2026-08-25/statistical_replication_terminal_stage2_policy_eval/20541763_Ev_counters_counters_orig_vh_c.1_s2082152039_SR10TCP_src20489425_e0002.txt","",""
"MAIN-TERM","drone","off","stage1","final","534933607","20401213","119","/home/hersco/bershco-nu-asnets/numeric-asnets/asnets/experiment-results/experiments_numeric.domain.drone-experiments_numeric.architecture_2.drone-2026-08-20T18:13:20.913938/P[domain,problem_1_1_4,problem_1_8_1,problem_8_1_...]-S[0.003,50,enhsp-hadd-astar]-MO[]-T[518400]-04905447-3c74d66/snapshots/snapshot_119_0.750","20489213","12","20","COMPLETED","0:0","00:03:50","12","0","/home/hersco/training_new_domains/2026-08-20/statistical_replication_stage1_10seed/20401213_Tr_drone_drone_orig_novh_c.1_s534933607_STATREP10_STAGE1.txt","/home/hersco/training_new_domains/2026-08-22/statistical_replication_terminal_stage1_policy_eval/20489213_Ev_drone_drone_orig_novh_c.1_s534933607_SR10TCP_src20401213_e0119.txt","/home/hersco/training_new_domains/2026-08-22/statistical_replication_terminal_stage1_policy_eval/20489213_Ev_drone_drone_orig_novh_c.1_s534933607_SR10TCP_src20401213_e0119.txt","",""
"MAIN-TERM","drone","off","stage1","final","923500475","20401216","51","/home/hersco/bershco-nu-asnets/numeric-asnets/asnets/experiment-results/experiments_numeric.domain.drone-experiments_numeric.architecture_2.drone-2026-08-20T18:13:20.913677/P[domain,problem_1_1_4,problem_1_8_1,problem_8_1_...]-S[0.003,50,enhsp-hadd-astar]-MO[]-T[518400]-04905447-5194f74/snapshots/snapshot_51_0.500","20489214","5","20","COMPLETED","0:0","00:14:27","5","0","/home/hersco/training_new_domains/2026-08-20/statistical_replication_stage1_10seed/20401216_Tr_drone_drone_orig_novh_c.1_s923500475_STATREP10_STAGE1.txt","/home/hersco/training_new_domains/2026-08-22/statistical_replication_terminal_stage1_policy_eval/20489214_Ev_drone_drone_orig_novh_c.1_s923500475_SR10TCP_src20401216_e0051.txt","/home/hersco/training_new_domains/2026-08-22/statistical_replication_terminal_stage1_policy_eval/20489214_Ev_drone_drone_orig_novh_c.1_s923500475_SR10TCP_src20401216_e0051.txt","",""
"MAIN-TERM","drone","off","stage1","final","1073581256","20401209","140","/home/hersco/bershco-nu-asnets/numeric-asnets/asnets/experiment-results/experiments_numeric.domain.drone-experiments_numeric.architecture_2.drone-2026-08-20T18:13:20.913241/P[domain,problem_1_1_4,problem_1_8_1,problem_8_1_...]-S[0.003,50,enhsp-hadd-astar]-MO[]-T[518400]-04905447-1247c09/snapshots/snapshot_140_0.750","20450775","8","20","COMPLETED","0:0","00:07:25","8","0","/home/hersco/training_new_domains/2026-08-20/statistical_replication_stage1_10seed/20401209_Tr_drone_drone_orig_novh_c.1_s1073581256_STATREP10_STAGE1.txt","/home/hersco/training_new_domains/2026-08-21/statistical_replication_stage1_policy_eval/20450775_Ev_drone_drone_orig_novh_c.1_s1073581256_SR10P_src20401209_e0140.txt","/home/hersco/training_new_domains/2026-08-21/statistical_replication_stage1_policy_eval/20450775_Ev_drone_drone_orig_novh_c.1_s1073581256_SR10P_src20401209_e0140.txt","",""
"MAIN-TERM","drone","off","stage1","final","1239739722","20401210","101","/home/hersco/bershco-nu-asnets/numeric-asnets/asnets/experiment-results/experiments_numeric.domain.drone-experiments_numeric.architecture_2.drone-2026-08-20T18:13:20.913253/P[domain,problem_1_1_4,problem_1_8_1,problem_8_1_...]-S[0.003,50,enhsp-hadd-astar]-MO[]-T[518400]-04905447-7d9a779/snapshots/snapshot_101_0.750","20489215","7","20","COMPLETED","0:0","00:03:15","7","0","/home/hersco/training_new_domains/2026-08-20/statistical_replication_stage1_10seed/20401210_Tr_drone_drone_orig_novh_c.1_s1239739722_STATREP10_STAGE1.txt","/home/hersco/training_new_domains/2026-08-22/statistical_replication_terminal_stage1_policy_eval/20489215_Ev_drone_drone_orig_novh_c.1_s1239739722_SR10TCP_src20401210_e0101.txt","/home/hersco/training_new_domains/2026-08-22/statistical_replication_terminal_stage1_policy_eval/20489215_Ev_drone_drone_orig_novh_c.1_s1239739722_SR10TCP_src20401210_e0101.txt","",""
"MAIN-TERM","drone","off","stage1","final","1472491096","20401212","133","/home/hersco/bershco-nu-asnets/numeric-asnets/asnets/experiment-results/experiments_numeric.domain.drone-experiments_numeric.architecture_2.drone-2026-08-20T18:13:20.913424/P[domain,problem_1_1_4,problem_1_8_1,problem_8_1_...]-S[0.003,50,enhsp-hadd-astar]-MO[]-T[518400]-04905447-43e0a7a/snapshots/snapshot_133_0.750","20489216","11","20","COMPLETED","0:0","00:05:50","11","0","/home/hersco/training_new_domains/2026-08-20/statistical_replication_stage1_10seed/20401212_Tr_drone_drone_orig_novh_c.1_s1472491096_STATREP10_STAGE1.txt","/home/hersco/training_new_domains/2026-08-22/statistical_replication_terminal_stage1_policy_eval/20489216_Ev_drone_drone_orig_novh_c.1_s1472491096_SR10TCP_src20401212_e0133.txt","/home/hersco/training_new_domains/2026-08-22/statistical_replication_terminal_stage1_policy_eval/20489216_Ev_drone_drone_orig_novh_c.1_s1472491096_SR10TCP_src20401212_e0133.txt","",""
"MAIN-TERM","drone","off","stage1","final","1510771779","20401215","66","/home/hersco/bershco-nu-asnets/numeric-asnets/asnets/experiment-results/experiments_numeric.domain.drone-experiments_numeric.architecture_2.drone-2026-08-20T18:13:20.913650/P[domain,problem_1_1_4,problem_1_8_1,problem_8_1_...]-S[0.003,50,enhsp-hadd-astar]-MO[]-T[518400]-04905447-17cc32a/snapshots/snapshot_66_0.750","20489217","6","20","COMPLETED","0:0","00:09:32","6","0","/home/hersco/training_new_domains/2026-08-20/statistical_replication_stage1_10seed/20401215_Tr_drone_drone_orig_novh_c.1_s1510771779_STATREP10_STAGE1.txt","/home/hersco/training_new_domains/2026-08-22/statistical_replication_terminal_stage1_policy_eval/20489217_Ev_drone_drone_orig_novh_c.1_s1510771779_SR10TCP_src20401215_e0066.txt","/home/hersco/training_new_domains/2026-08-22/statistical_replication_terminal_stage1_policy_eval/20489217_Ev_drone_drone_orig_novh_c.1_s1510771779_SR10TCP_src20401215_e0066.txt","",""
"MAIN-TERM","drone","off","stage1","final","1963100312","20401207","162","/home/hersco/bershco-nu-asnets/numeric-asnets/asnets/experiment-results/experiments_numeric.domain.drone-experiments_numeric.architecture_2.drone-2026-08-20T18:13:20.913251/P[domain,problem_1_1_4,problem_1_8_1,problem_8_1_...]-S[0.003,50,enhsp-hadd-astar]-MO[]-T[518400]-04905448-2fc32f3/snapshots/snapshot_162_0.625","20489218","3","20","COMPLETED","0:0","00:05:13","3","0","/home/hersco/training_new_domains/2026-08-20/statistical_replication_stage1_10seed/20401207_Tr_drone_drone_orig_novh_c.1_s1963100312_STATREP10_STAGE1.txt","/home/hersco/training_new_domains/2026-08-22/statistical_replication_terminal_stage1_policy_eval/20489218_Ev_drone_drone_orig_novh_c.1_s1963100312_SR10TCP_src20401207_e0162.txt","/home/hersco/training_new_domains/2026-08-22/statistical_replication_terminal_stage1_policy_eval/20489218_Ev_drone_drone_orig_novh_c.1_s1963100312_SR10TCP_src20401207_e0162.txt","",""
"MAIN-TERM","drone","off","stage1","final","1972442430","20401217","117","/home/hersco/bershco-nu-asnets/numeric-asnets/asnets/experiment-results/experiments_numeric.domain.drone-experiments_numeric.architecture_2.drone-2026-08-20T18:13:20.913374/P[domain,problem_1_1_4,problem_1_8_1,problem_8_1_...]-S[0.003,50,enhsp-hadd-astar]-MO[]-T[518400]-04905447-72aea46/snapshots/snapshot_117_0.250","20489219","7","20","COMPLETED","0:0","00:05:14","7","0","/home/hersco/training_new_domains/2026-08-20/statistical_replication_stage1_10seed/20401217_Tr_drone_drone_orig_novh_c.1_s1972442430_STATREP10_STAGE1.txt","/home/hersco/training_new_domains/2026-08-22/statistical_replication_terminal_stage1_policy_eval/20489219_Ev_drone_drone_orig_novh_c.1_s1972442430_SR10TCP_src20401217_e0117.txt","/home/hersco/training_new_domains/2026-08-22/statistical_replication_terminal_stage1_policy_eval/20489219_Ev_drone_drone_orig_novh_c.1_s1972442430_SR10TCP_src20401217_e0117.txt","",""
"MAIN-TERM","drone","off","stage1","final","2011206605","20401208","90","/home/hersco/bershco-nu-asnets/numeric-asnets/asnets/experiment-results/experiments_numeric.domain.drone-experiments_numeric.architecture_2.drone-2026-08-20T18:13:20.913255/P[domain,problem_1_1_4,problem_1_8_1,problem_8_1_...]-S[0.003,50,enhsp-hadd-astar]-MO[]-T[518400]-04905447-067843/snapshots/snapshot_90_0.625","20425796","7","20","COMPLETED","0:0","00:07:59","7","0","/home/hersco/training_new_domains/2026-08-20/statistical_replication_stage1_10seed/20401208_Tr_drone_drone_orig_novh_c.1_s2011206605_STATREP10_STAGE1.txt","/home/hersco/training_new_domains/2026-08-21/statistical_replication_stage1_policy_eval/20425796_Ev_drone_drone_orig_novh_c.1_s2011206605_SR10P_src20401208_e0090.txt","/home/hersco/training_new_domains/2026-08-21/statistical_replication_stage1_policy_eval/20425796_Ev_drone_drone_orig_novh_c.1_s2011206605_SR10P_src20401208_e0090.txt","",""
"MAIN-TERM","drone","off","stage1","final","2082152039","20401214","88","/home/hersco/bershco-nu-asnets/numeric-asnets/asnets/experiment-results/experiments_numeric.domain.drone-experiments_numeric.architecture_2.drone-2026-08-20T18:13:20.913671/P[domain,problem_1_1_4,problem_1_8_1,problem_8_1_...]-S[0.003,50,enhsp-hadd-astar]-MO[]-T[518400]-04905447-faf7d6/snapshots/snapshot_88_0.750","20489220","8","20","COMPLETED","0:0","00:05:32","8","0","/home/hersco/training_new_domains/2026-08-20/statistical_replication_stage1_10seed/20401214_Tr_drone_drone_orig_novh_c.1_s2082152039_STATREP10_STAGE1.txt","/home/hersco/training_new_domains/2026-08-22/statistical_replication_terminal_stage1_policy_eval/20489220_Ev_drone_drone_orig_novh_c.1_s2082152039_SR10TCP_src20401214_e0088.txt","/home/hersco/training_new_domains/2026-08-22/statistical_replication_terminal_stage1_policy_eval/20489220_Ev_drone_drone_orig_novh_c.1_s2082152039_SR10TCP_src20401214_e0088.txt","",""
"MAIN-TERM","drone","off","stage2","final","534933607","20489426","99","/home/hersco/bershco-nu-asnets/numeric-asnets/asnets/experiment-results/experiments_numeric.domain.drone-experiments_numeric.architecture_2.drone_mcts-2026-08-24T09:35:30.755191/P[domain,problem_1_1_4,problem_1_8_1,problem_8_1_...]-S[0.0003,50,enhsp-hadd-astar]-MO[]-T[518400]-04910689-3c74d66/snapshots/snapshot_99_1.0000","20541784","7","20","COMPLETED","0:0","00:03:41","7","0","/home/hersco/training_new_domains/2026-08-22/statistical_replication_terminal_stage2_train/20489426_Re-Tr_drone_drone_mcts_orig_novh_e.5_c.1_s534933607_K0_SR10TCT_src20401213_e0119.txt","/home/hersco/training_new_domains/2026-08-25/statistical_replication_terminal_stage2_policy_eval/20541784_Ev_drone_drone_orig_novh_c.1_s534933607_SR10TCP_src20489426_e0099.txt","/home/hersco/training_new_domains/2026-08-25/statistical_replication_terminal_stage2_policy_eval/20541784_Ev_drone_drone_orig_novh_c.1_s534933607_SR10TCP_src20489426_e0099.txt","",""
"MAIN-TERM","drone","off","stage2","final","923500475","20489427","99","/home/hersco/bershco-nu-asnets/numeric-asnets/asnets/experiment-results/experiments_numeric.domain.drone-experiments_numeric.architecture_2.drone_mcts-2026-08-24T09:42:51.824110/P[domain,problem_1_1_4,problem_1_8_1,problem_8_1_...]-S[0.0003,50,enhsp-hadd-astar]-MO[]-T[518400]-04910697-5194f74/snapshots/snapshot_99_1.0000","20541806","6","20","COMPLETED","0:0","00:10:29","6","0","/home/hersco/training_new_domains/2026-08-22/statistical_replication_terminal_stage2_train/20489427_Re-Tr_drone_drone_mcts_orig_novh_e.5_c.1_s923500475_K0_SR10TCT_src20401216_e0051.txt","/home/hersco/training_new_domains/2026-08-25/statistical_replication_terminal_stage2_policy_eval/20541806_Ev_drone_drone_orig_novh_c.1_s923500475_SR10TCP_src20489427_e0099.txt","/home/hersco/training_new_domains/2026-08-25/statistical_replication_terminal_stage2_policy_eval/20541806_Ev_drone_drone_orig_novh_c.1_s923500475_SR10TCP_src20489427_e0099.txt","",""
"MAIN-TERM","drone","off","stage2","final","1073581256","20489428","99","/home/hersco/bershco-nu-asnets/numeric-asnets/asnets/experiment-results/experiments_numeric.domain.drone-experiments_numeric.architecture_2.drone_mcts-2026-08-24T09:56:44.561013/P[domain,problem_1_1_4,problem_1_8_1,problem_8_1_...]-S[0.0003,50,enhsp-hadd-astar]-MO[]-T[518400]-04910710-1247c09/snapshots/snapshot_99_1.0000","20541828","11","20","COMPLETED","0:0","00:04:39","11","0","/home/hersco/training_new_domains/2026-08-22/statistical_replication_terminal_stage2_train/20489428_Re-Tr_drone_drone_mcts_orig_novh_e.5_c.1_s1073581256_K0_SR10TCT_src20401209_e0140.txt","/home/hersco/training_new_domains/2026-08-25/statistical_replication_terminal_stage2_policy_eval/20541828_Ev_drone_drone_orig_novh_c.1_s1073581256_SR10TCP_src20489428_e0099.txt","/home/hersco/training_new_domains/2026-08-25/statistical_replication_terminal_stage2_policy_eval/20541828_Ev_drone_drone_orig_novh_c.1_s1073581256_SR10TCP_src20489428_e0099.txt","",""
"MAIN-TERM","drone","off","stage2","final","1239739722","20489429","99","/home/hersco/bershco-nu-asnets/numeric-asnets/asnets/experiment-results/experiments_numeric.domain.drone-experiments_numeric.architecture_2.drone_mcts-2026-08-24T10:28:08.274139/P[domain,problem_1_1_4,problem_1_8_1,problem_8_1_...]-S[0.0003,50,enhsp-hadd-astar]-MO[]-T[518400]-04910742-7d9a779/snapshots/snapshot_99_1.0000","20541868","4","20","COMPLETED","0:0","00:04:36","4","0","/home/hersco/training_new_domains/2026-08-22/statistical_replication_terminal_stage2_train/20489429_Re-Tr_drone_drone_mcts_orig_novh_e.5_c.1_s1239739722_K0_SR10TCT_src20401210_e0101.txt","/home/hersco/training_new_domains/2026-08-25/statistical_replication_terminal_stage2_policy_eval/20541868_Ev_drone_drone_orig_novh_c.1_s1239739722_SR10TCP_src20489429_e0099.txt","/home/hersco/training_new_domains/2026-08-25/statistical_replication_terminal_stage2_policy_eval/20541868_Ev_drone_drone_orig_novh_c.1_s1239739722_SR10TCP_src20489429_e0099.txt","",""
"MAIN-TERM","drone","off","stage2","final","1472491096","20489430","99","/home/hersco/bershco-nu-asnets/numeric-asnets/asnets/experiment-results/experiments_numeric.domain.drone-experiments_numeric.architecture_2.drone_mcts-2026-08-24T11:06:03.204488/P[domain,problem_1_1_4,problem_1_8_1,problem_8_1_...]-S[0.0003,50,enhsp-hadd-astar]-MO[]-T[518400]-04910780-43e0a7a/snapshots/snapshot_99_1.0000","20541890","10","20","COMPLETED","0:0","00:06:23","10","0","/home/hersco/training_new_domains/2026-08-22/statistical_replication_terminal_stage2_train/20489430_Re-Tr_drone_drone_mcts_orig_novh_e.5_c.1_s1472491096_K0_SR10TCT_src20401212_e0133.txt","/home/hersco/training_new_domains/2026-08-25/statistical_replication_terminal_stage2_policy_eval/20541890_Ev_drone_drone_orig_novh_c.1_s1472491096_SR10TCP_src20489430_e0099.txt","/home/hersco/training_new_domains/2026-08-25/statistical_replication_terminal_stage2_policy_eval/20541890_Ev_drone_drone_orig_novh_c.1_s1472491096_SR10TCP_src20489430_e0099.txt","",""
"MAIN-TERM","drone","off","stage2","final","1510771779","20489431","99","/home/hersco/bershco-nu-asnets/numeric-asnets/asnets/experiment-results/experiments_numeric.domain.drone-experiments_numeric.architecture_2.drone_mcts-2026-08-24T11:06:03.223147/P[domain,problem_1_1_4,problem_1_8_1,problem_8_1_...]-S[0.0003,50,enhsp-hadd-astar]-MO[]-T[518400]-04910780-17cc32a/snapshots/snapshot_99_1.0000","20541912","6","20","COMPLETED","0:0","00:10:33","6","0","/home/hersco/training_new_domains/2026-08-22/statistical_replication_terminal_stage2_train/20489431_Re-Tr_drone_drone_mcts_orig_novh_e.5_c.1_s1510771779_K0_SR10TCT_src20401215_e0066.txt","/home/hersco/training_new_domains/2026-08-25/statistical_replication_terminal_stage2_policy_eval/20541912_Ev_drone_drone_orig_novh_c.1_s1510771779_SR10TCP_src20489431_e0099.txt","/home/hersco/training_new_domains/2026-08-25/statistical_replication_terminal_stage2_policy_eval/20541912_Ev_drone_drone_orig_novh_c.1_s1510771779_SR10TCP_src20489431_e0099.txt","",""
"MAIN-TERM","drone","off","stage2","final","1963100312","20489432","99","/home/hersco/bershco-nu-asnets/numeric-asnets/asnets/experiment-results/experiments_numeric.domain.drone-experiments_numeric.architecture_2.drone_mcts-2026-08-24T11:45:38.859296/P[domain,problem_1_1_4,problem_1_8_1,problem_8_1_...]-S[0.0003,50,enhsp-hadd-astar]-MO[]-T[518400]-04910819-2fc32f3/snapshots/snapshot_99_1.0000","20541934","5","20","COMPLETED","0:0","00:02:36","5","0","/home/hersco/training_new_domains/2026-08-22/statistical_replication_terminal_stage2_train/20489432_Re-Tr_drone_drone_mcts_orig_novh_e.5_c.1_s1963100312_K0_SR10TCT_src20401207_e0162.txt","/home/hersco/training_new_domains/2026-08-25/statistical_replication_terminal_stage2_policy_eval/20541934_Ev_drone_drone_orig_novh_c.1_s1963100312_SR10TCP_src20489432_e0099.txt","/home/hersco/training_new_domains/2026-08-25/statistical_replication_terminal_stage2_policy_eval/20541934_Ev_drone_drone_orig_novh_c.1_s1963100312_SR10TCP_src20489432_e0099.txt","",""
"MAIN-TERM","drone","off","stage2","final","1972442430","20489433","99","/home/hersco/bershco-nu-asnets/numeric-asnets/asnets/experiment-results/experiments_numeric.domain.drone-experiments_numeric.architecture_2.drone_mcts-2026-08-24T11:45:09.851519/P[domain,problem_1_1_4,problem_1_8_1,problem_8_1_...]-S[0.0003,50,enhsp-hadd-astar]-MO[]-T[518400]-04910819-72aea46/snapshots/snapshot_99_1.0000","20541956","8","20","COMPLETED","0:0","00:03:52","8","0","/home/hersco/training_new_domains/2026-08-22/statistical_replication_terminal_stage2_train/20489433_Re-Tr_drone_drone_mcts_orig_novh_e.5_c.1_s1972442430_K0_SR10TCT_src20401217_e0117.txt","/home/hersco/training_new_domains/2026-08-25/statistical_replication_terminal_stage2_policy_eval/20541956_Ev_drone_drone_orig_novh_c.1_s1972442430_SR10TCP_src20489433_e0099.txt","/home/hersco/training_new_domains/2026-08-25/statistical_replication_terminal_stage2_policy_eval/20541956_Ev_drone_drone_orig_novh_c.1_s1972442430_SR10TCP_src20489433_e0099.txt","",""
"MAIN-TERM","drone","off","stage2","final","2011206605","20489434","99","/home/hersco/bershco-nu-asnets/numeric-asnets/asnets/experiment-results/experiments_numeric.domain.drone-experiments_numeric.architecture_2.drone_mcts-2026-08-24T12:17:28.951260/P[domain,problem_1_1_4,problem_1_8_1,problem_8_1_...]-S[0.0003,50,enhsp-hadd-astar]-MO[]-T[518400]-04910851-067843/snapshots/snapshot_99_1.0000","20541987","8","20","COMPLETED","0:0","00:04:56","8","0","/home/hersco/training_new_domains/2026-08-22/statistical_replication_terminal_stage2_train/20489434_Re-Tr_drone_drone_mcts_orig_novh_e.5_c.1_s2011206605_K0_SR10TCT_src20401208_e0090.txt","/home/hersco/training_new_domains/2026-08-25/statistical_replication_terminal_stage2_policy_eval/20541987_Ev_drone_drone_orig_novh_c.1_s2011206605_SR10TCP_src20489434_e0099.txt","/home/hersco/training_new_domains/2026-08-25/statistical_replication_terminal_stage2_policy_eval/20541987_Ev_drone_drone_orig_novh_c.1_s2011206605_SR10TCP_src20489434_e0099.txt","",""
"MAIN-TERM","drone","off","stage2","final","2082152039","20489435","99","/home/hersco/bershco-nu-asnets/numeric-asnets/asnets/experiment-results/experiments_numeric.domain.drone-experiments_numeric.architecture_2.drone_mcts-2026-08-24T12:34:19.330287/P[domain,problem_1_1_4,problem_1_8_1,problem_8_1_...]-S[0.0003,50,enhsp-hadd-astar]-MO[]-T[518400]-04910868-faf7d6/snapshots/snapshot_99_1.0000","20542009","3","20","COMPLETED","0:0","00:02:27","3","0","/home/hersco/training_new_domains/2026-08-22/statistical_replication_terminal_stage2_train/20489435_Re-Tr_drone_drone_mcts_orig_novh_e.5_c.1_s2082152039_K0_SR10TCT_src20401214_e0088.txt","/home/hersco/training_new_domains/2026-08-25/statistical_replication_terminal_stage2_policy_eval/20542009_Ev_drone_drone_orig_novh_c.1_s2082152039_SR10TCP_src20489435_e0099.txt","/home/hersco/training_new_domains/2026-08-25/statistical_replication_terminal_stage2_policy_eval/20542009_Ev_drone_drone_orig_novh_c.1_s2082152039_SR10TCP_src20489435_e0099.txt","",""
"MAIN-TERM","drone","off","stage2","validation_selected","534933607","20489426","38","\home\hersco\bershco-nu-asnets\numeric-asnets\asnets\experiment-results\experiments_numeric.domain.drone-experiments_numeric.architecture_2.drone_mcts-2026-08-24T09:35:30.755191\P[domain,problem_1_1_4,problem_1_8_1,problem_8_1_...]-S[0.0003,50,enhsp-hadd-astar]-MO[]-T[518400]-04910689-3c74d66\snapshots/snapshot_38_1.0000","20541785","9","20","COMPLETED","0:0","00:03:59","9","0","/home/hersco/training_new_domains/2026-08-22/statistical_replication_terminal_stage2_train/20489426_Re-Tr_drone_drone_mcts_orig_novh_e.5_c.1_s534933607_K0_SR10TCT_src20401213_e0119.txt","/home/hersco/training_new_domains/2026-08-25/statistical_replication_terminal_stage2_policy_eval/20541785_Ev_drone_drone_orig_novh_c.1_s534933607_SR10TCP_src20489426_e0038.txt","/home/hersco/training_new_domains/2026-08-25/statistical_replication_terminal_stage2_policy_eval/20541785_Ev_drone_drone_orig_novh_c.1_s534933607_SR10TCP_src20489426_e0038.txt","",""
"MAIN-TERM","drone","off","stage2","validation_selected","923500475","20489427","64","\home\hersco\bershco-nu-asnets\numeric-asnets\asnets\experiment-results\experiments_numeric.domain.drone-experiments_numeric.architecture_2.drone_mcts-2026-08-24T09:42:51.824110\P[domain,problem_1_1_4,problem_1_8_1,problem_8_1_...]-S[0.0003,50,enhsp-hadd-astar]-MO[]-T[518400]-04910697-5194f74\snapshots/snapshot_64_1.0000","20541807","5","20","COMPLETED","0:0","00:12:30","5","0","/home/hersco/training_new_domains/2026-08-22/statistical_replication_terminal_stage2_train/20489427_Re-Tr_drone_drone_mcts_orig_novh_e.5_c.1_s923500475_K0_SR10TCT_src20401216_e0051.txt","/home/hersco/training_new_domains/2026-08-25/statistical_replication_terminal_stage2_policy_eval/20541807_Ev_drone_drone_orig_novh_c.1_s923500475_SR10TCP_src20489427_e0064.txt","/home/hersco/training_new_domains/2026-08-25/statistical_replication_terminal_stage2_policy_eval/20541807_Ev_drone_drone_orig_novh_c.1_s923500475_SR10TCP_src20489427_e0064.txt","",""
"MAIN-TERM","drone","off","stage2","validation_selected","1073581256","20489428","2","\home\hersco\bershco-nu-asnets\numeric-asnets\asnets\experiment-results\experiments_numeric.domain.drone-experiments_numeric.architecture_2.drone_mcts-2026-08-24T09:56:44.561013\P[domain,problem_1_1_4,problem_1_8_1,problem_8_1_...]-S[0.0003,50,enhsp-hadd-astar]-MO[]-T[518400]-04910710-1247c09\snapshots/snapshot_2_1.0000","20541829","13","20","COMPLETED","0:0","00:12:39","13","0","/home/hersco/training_new_domains/2026-08-22/statistical_replication_terminal_stage2_train/20489428_Re-Tr_drone_drone_mcts_orig_novh_e.5_c.1_s1073581256_K0_SR10TCT_src20401209_e0140.txt","/home/hersco/training_new_domains/2026-08-25/statistical_replication_terminal_stage2_policy_eval/20541829_Ev_drone_drone_orig_novh_c.1_s1073581256_SR10TCP_src20489428_e0002.txt","/home/hersco/training_new_domains/2026-08-25/statistical_replication_terminal_stage2_policy_eval/20541829_Ev_drone_drone_orig_novh_c.1_s1073581256_SR10TCP_src20489428_e0002.txt","",""
"MAIN-TERM","drone","off","stage2","validation_selected","1239739722","20489429","34","\home\hersco\bershco-nu-asnets\numeric-asnets\asnets\experiment-results\experiments_numeric.domain.drone-experiments_numeric.architecture_2.drone_mcts-2026-08-24T10:28:08.274139\P[domain,problem_1_1_4,problem_1_8_1,problem_8_1_...]-S[0.0003,50,enhsp-hadd-astar]-MO[]-T[518400]-04910742-7d9a779\snapshots/snapshot_34_1.0000","20541869","4","20","COMPLETED","0:0","00:03:49","4","0","/home/hersco/training_new_domains/2026-08-22/statistical_replication_terminal_stage2_train/20489429_Re-Tr_drone_drone_mcts_orig_novh_e.5_c.1_s1239739722_K0_SR10TCT_src20401210_e0101.txt","/home/hersco/training_new_domains/2026-08-25/statistical_replication_terminal_stage2_policy_eval/20541869_Ev_drone_drone_orig_novh_c.1_s1239739722_SR10TCP_src20489429_e0034.txt","/home/hersco/training_new_domains/2026-08-25/statistical_replication_terminal_stage2_policy_eval/20541869_Ev_drone_drone_orig_novh_c.1_s1239739722_SR10TCP_src20489429_e0034.txt","",""
"MAIN-TERM","drone","off","stage2","validation_selected","1472491096","20489430","12","\home\hersco\bershco-nu-asnets\numeric-asnets\asnets\experiment-results\experiments_numeric.domain.drone-experiments_numeric.architecture_2.drone_mcts-2026-08-24T11:06:03.204488\P[domain,problem_1_1_4,problem_1_8_1,problem_8_1_...]-S[0.0003,50,enhsp-hadd-astar]-MO[]-T[518400]-04910780-43e0a7a\snapshots/snapshot_12_1.0000","20541891","11","20","COMPLETED","0:0","00:08:18","11","0","/home/hersco/training_new_domains/2026-08-22/statistical_replication_terminal_stage2_train/20489430_Re-Tr_drone_drone_mcts_orig_novh_e.5_c.1_s1472491096_K0_SR10TCT_src20401212_e0133.txt","/home/hersco/training_new_domains/2026-08-25/statistical_replication_terminal_stage2_policy_eval/20541891_Ev_drone_drone_orig_novh_c.1_s1472491096_SR10TCP_src20489430_e0012.txt","/home/hersco/training_new_domains/2026-08-25/statistical_replication_terminal_stage2_policy_eval/20541891_Ev_drone_drone_orig_novh_c.1_s1472491096_SR10TCP_src20489430_e0012.txt","",""
"MAIN-TERM","drone","off","stage2","validation_selected","1510771779","20489431","86","\home\hersco\bershco-nu-asnets\numeric-asnets\asnets\experiment-results\experiments_numeric.domain.drone-experiments_numeric.architecture_2.drone_mcts-2026-08-24T11:06:03.223147\P[domain,problem_1_1_4,problem_1_8_1,problem_8_1_...]-S[0.0003,50,enhsp-hadd-astar]-MO[]-T[518400]-04910780-17cc32a\snapshots/snapshot_86_1.0000","20541913","6","20","COMPLETED","0:0","00:05:40","6","0","/home/hersco/training_new_domains/2026-08-22/statistical_replication_terminal_stage2_train/20489431_Re-Tr_drone_drone_mcts_orig_novh_e.5_c.1_s1510771779_K0_SR10TCT_src20401215_e0066.txt","/home/hersco/training_new_domains/2026-08-25/statistical_replication_terminal_stage2_policy_eval/20541913_Ev_drone_drone_orig_novh_c.1_s1510771779_SR10TCP_src20489431_e0086.txt","/home/hersco/training_new_domains/2026-08-25/statistical_replication_terminal_stage2_policy_eval/20541913_Ev_drone_drone_orig_novh_c.1_s1510771779_SR10TCP_src20489431_e0086.txt","",""
"MAIN-TERM","drone","off","stage2","validation_selected","1963100312","20489432","98","\home\hersco\bershco-nu-asnets\numeric-asnets\asnets\experiment-results\experiments_numeric.domain.drone-experiments_numeric.architecture_2.drone_mcts-2026-08-24T11:45:38.859296\P[domain,problem_1_1_4,problem_1_8_1,problem_8_1_...]-S[0.0003,50,enhsp-hadd-astar]-MO[]-T[518400]-04910819-2fc32f3\snapshots/snapshot_98_1.0000","20541935","6","20","COMPLETED","0:0","00:02:28","6","0","/home/hersco/training_new_domains/2026-08-22/statistical_replication_terminal_stage2_train/20489432_Re-Tr_drone_drone_mcts_orig_novh_e.5_c.1_s1963100312_K0_SR10TCT_src20401207_e0162.txt","/home/hersco/training_new_domains/2026-08-25/statistical_replication_terminal_stage2_policy_eval/20541935_Ev_drone_drone_orig_novh_c.1_s1963100312_SR10TCP_src20489432_e0098.txt","/home/hersco/training_new_domains/2026-08-25/statistical_replication_terminal_stage2_policy_eval/20541935_Ev_drone_drone_orig_novh_c.1_s1963100312_SR10TCP_src20489432_e0098.txt","",""
"MAIN-TERM","drone","off","stage2","validation_selected","1972442430","20489433","3","\home\hersco\bershco-nu-asnets\numeric-asnets\asnets\experiment-results\experiments_numeric.domain.drone-experiments_numeric.architecture_2.drone_mcts-2026-08-24T11:45:09.851519\P[domain,problem_1_1_4,problem_1_8_1,problem_8_1_...]-S[0.0003,50,enhsp-hadd-astar]-MO[]-T[518400]-04910819-72aea46\snapshots/snapshot_3_1.0000","20541957","8","20","COMPLETED","0:0","00:03:15","8","0","/home/hersco/training_new_domains/2026-08-22/statistical_replication_terminal_stage2_train/20489433_Re-Tr_drone_drone_mcts_orig_novh_e.5_c.1_s1972442430_K0_SR10TCT_src20401217_e0117.txt","/home/hersco/training_new_domains/2026-08-25/statistical_replication_terminal_stage2_policy_eval/20541957_Ev_drone_drone_orig_novh_c.1_s1972442430_SR10TCP_src20489433_e0003.txt","/home/hersco/training_new_domains/2026-08-25/statistical_replication_terminal_stage2_policy_eval/20541957_Ev_drone_drone_orig_novh_c.1_s1972442430_SR10TCP_src20489433_e0003.txt","",""
"MAIN-TERM","drone","off","stage2","validation_selected","2011206605","20489434","9","\home\hersco\bershco-nu-asnets\numeric-asnets\asnets\experiment-results\experiments_numeric.domain.drone-experiments_numeric.architecture_2.drone_mcts-2026-08-24T12:17:28.951260\P[domain,problem_1_1_4,problem_1_8_1,problem_8_1_...]-S[0.0003,50,enhsp-hadd-astar]-MO[]-T[518400]-04910851-067843\snapshots/snapshot_9_1.0000","20541988","8","20","COMPLETED","0:0","00:03:42","8","0","/home/hersco/training_new_domains/2026-08-22/statistical_replication_terminal_stage2_train/20489434_Re-Tr_drone_drone_mcts_orig_novh_e.5_c.1_s2011206605_K0_SR10TCT_src20401208_e0090.txt","/home/hersco/training_new_domains/2026-08-25/statistical_replication_terminal_stage2_policy_eval/20541988_Ev_drone_drone_orig_novh_c.1_s2011206605_SR10TCP_src20489434_e0009.txt","/home/hersco/training_new_domains/2026-08-25/statistical_replication_terminal_stage2_policy_eval/20541988_Ev_drone_drone_orig_novh_c.1_s2011206605_SR10TCP_src20489434_e0009.txt","",""
"MAIN-TERM","drone","off","stage2","validation_selected","2082152039","20489435","6","\home\hersco\bershco-nu-asnets\numeric-asnets\asnets\experiment-results\experiments_numeric.domain.drone-experiments_numeric.architecture_2.drone_mcts-2026-08-24T12:34:19.330287\P[domain,problem_1_1_4,problem_1_8_1,problem_8_1_...]-S[0.0003,50,enhsp-hadd-astar]-MO[]-T[518400]-04910868-faf7d6\snapshots/snapshot_6_1.0000","20542010","8","20","COMPLETED","0:0","00:02:24","8","0","/home/hersco/training_new_domains/2026-08-22/statistical_replication_terminal_stage2_train/20489435_Re-Tr_drone_drone_mcts_orig_novh_e.5_c.1_s2082152039_K0_SR10TCT_src20401214_e0088.txt","/home/hersco/training_new_domains/2026-08-25/statistical_replication_terminal_stage2_policy_eval/20542010_Ev_drone_drone_orig_novh_c.1_s2082152039_SR10TCP_src20489435_e0006.txt","/home/hersco/training_new_domains/2026-08-25/statistical_replication_terminal_stage2_policy_eval/20542010_Ev_drone_drone_orig_novh_c.1_s2082152039_SR10TCP_src20489435_e0006.txt","",""
"MAIN-TERM","drone","on","stage1","final","534933607","20401202","189","/home/hersco/bershco-nu-asnets/numeric-asnets/asnets/experiment-results/experiments_numeric.domain.drone-experiments_numeric.architecture_2.drone-2026-08-20T18:13:54.901707/P[domain,problem_1_1_4,problem_1_8_1,problem_8_1_...]-S[0.003,50,enhsp-hadd-astar]-MO[]-T[518400]-04905448-3c74d66/snapshots/snapshot_189_0.750","20489221","9","20","COMPLETED","0:0","00:04:40","9","0","/home/hersco/training_new_domains/2026-08-20/statistical_replication_stage1_10seed/20401202_Tr_drone_drone_orig_vh_c.1_s534933607_STATREP10_STAGE1.txt","/home/hersco/training_new_domains/2026-08-22/statistical_replication_terminal_stage1_policy_eval/20489221_Ev_drone_drone_orig_vh_c.1_s534933607_SR10TCP_src20401202_e0189.txt","/home/hersco/training_new_domains/2026-08-22/statistical_replication_terminal_stage1_policy_eval/20489221_Ev_drone_drone_orig_vh_c.1_s534933607_SR10TCP_src20401202_e0189.txt","",""
"MAIN-TERM","drone","on","stage1","final","923500475","20401205","153","/home/hersco/bershco-nu-asnets/numeric-asnets/asnets/experiment-results/experiments_numeric.domain.drone-experiments_numeric.architecture_2.drone-2026-08-20T18:13:54.901713/P[domain,problem_1_1_4,problem_1_8_1,problem_8_1_...]-S[0.003,50,enhsp-hadd-astar]-MO[]-T[518400]-04905448-5194f74/snapshots/snapshot_153_0.500","20489222","9","20","COMPLETED","0:0","00:04:41","9","0","/home/hersco/training_new_domains/2026-08-20/statistical_replication_stage1_10seed/20401205_Tr_drone_drone_orig_vh_c.1_s923500475_STATREP10_STAGE1.txt","/home/hersco/training_new_domains/2026-08-22/statistical_replication_terminal_stage1_policy_eval/20489222_Ev_drone_drone_orig_vh_c.1_s923500475_SR10TCP_src20401205_e0153.txt","/home/hersco/training_new_domains/2026-08-22/statistical_replication_terminal_stage1_policy_eval/20489222_Ev_drone_drone_orig_vh_c.1_s923500475_SR10TCP_src20401205_e0153.txt","",""
"MAIN-TERM","drone","on","stage1","final","1073581256","20401199","168","/home/hersco/bershco-nu-asnets/numeric-asnets/asnets/experiment-results/experiments_numeric.domain.drone-experiments_numeric.architecture_2.drone-2026-08-20T18:13:54.901712/P[domain,problem_1_1_4,problem_1_8_1,problem_8_1_...]-S[0.003,50,enhsp-hadd-astar]-MO[]-T[518400]-04905448-1247c09/snapshots/snapshot_168_0.625","20489223","10","20","COMPLETED","0:0","00:03:18","10","0","/home/hersco/training_new_domains/2026-08-20/statistical_replication_stage1_10seed/20401199_Tr_drone_drone_orig_vh_c.1_s1073581256_STATREP10_STAGE1.txt","/home/hersco/training_new_domains/2026-08-22/statistical_replication_terminal_stage1_policy_eval/20489223_Ev_drone_drone_orig_vh_c.1_s1073581256_SR10TCP_src20401199_e0168.txt","/home/hersco/training_new_domains/2026-08-22/statistical_replication_terminal_stage1_policy_eval/20489223_Ev_drone_drone_orig_vh_c.1_s1073581256_SR10TCP_src20401199_e0168.txt","",""
"MAIN-TERM","drone","on","stage1","final","1239739722","20401200","73","/home/hersco/bershco-nu-asnets/numeric-asnets/asnets/experiment-results/experiments_numeric.domain.drone-experiments_numeric.architecture_2.drone-2026-08-20T18:13:54.901932/P[domain,problem_1_1_4,problem_1_8_1,problem_8_1_...]-S[0.003,50,enhsp-hadd-astar]-MO[]-T[518400]-04905448-7d9a779/snapshots/snapshot_73_0.500","20489224","3","20","COMPLETED","0:0","00:04:24","3","0","/home/hersco/training_new_domains/2026-08-20/statistical_replication_stage1_10seed/20401200_Tr_drone_drone_orig_vh_c.1_s1239739722_STATREP10_STAGE1.txt","/home/hersco/training_new_domains/2026-08-22/statistical_replication_terminal_stage1_policy_eval/20489224_Ev_drone_drone_orig_vh_c.1_s1239739722_SR10TCP_src20401200_e0073.txt","/home/hersco/training_new_domains/2026-08-22/statistical_replication_terminal_stage1_policy_eval/20489224_Ev_drone_drone_orig_vh_c.1_s1239739722_SR10TCP_src20401200_e0073.txt","",""
"MAIN-TERM","drone","on","stage1","final","1472491096","20401201","71","/home/hersco/bershco-nu-asnets/numeric-asnets/asnets/experiment-results/experiments_numeric.domain.drone-experiments_numeric.architecture_2.drone-2026-08-20T18:13:54.901716/P[domain,problem_1_1_4,problem_1_8_1,problem_8_1_...]-S[0.003,50,enhsp-hadd-astar]-MO[]-T[518400]-04905448-43e0a7a/snapshots/snapshot_71_0.625","20489225","7","20","COMPLETED","0:0","00:03:16","7","0","/home/hersco/training_new_domains/2026-08-20/statistical_replication_stage1_10seed/20401201_Tr_drone_drone_orig_vh_c.1_s1472491096_STATREP10_STAGE1.txt","/home/hersco/training_new_domains/2026-08-22/statistical_replication_terminal_stage1_policy_eval/20489225_Ev_drone_drone_orig_vh_c.1_s1472491096_SR10TCP_src20401201_e0071.txt","/home/hersco/training_new_domains/2026-08-22/statistical_replication_terminal_stage1_policy_eval/20489225_Ev_drone_drone_orig_vh_c.1_s1472491096_SR10TCP_src20401201_e0071.txt","",""
"MAIN-TERM","drone","on","stage1","final","1510771779","20401204","64","/home/hersco/bershco-nu-asnets/numeric-asnets/asnets/experiment-results/experiments_numeric.domain.drone-experiments_numeric.architecture_2.drone-2026-08-20T18:13:54.902077/P[domain,problem_1_1_4,problem_1_8_1,problem_8_1_...]-S[0.003,50,enhsp-hadd-astar]-MO[]-T[518400]-04905448-17cc32a/snapshots/snapshot_64_0.750","20489226","8","20","COMPLETED","0:0","00:07:03","8","0","/home/hersco/training_new_domains/2026-08-20/statistical_replication_stage1_10seed/20401204_Tr_drone_drone_orig_vh_c.1_s1510771779_STATREP10_STAGE1.txt","/home/hersco/training_new_domains/2026-08-22/statistical_replication_terminal_stage1_policy_eval/20489226_Ev_drone_drone_orig_vh_c.1_s1510771779_SR10TCP_src20401204_e0064.txt","/home/hersco/training_new_domains/2026-08-22/statistical_replication_terminal_stage1_policy_eval/20489226_Ev_drone_drone_orig_vh_c.1_s1510771779_SR10TCP_src20401204_e0064.txt","",""
"MAIN-TERM","drone","on","stage1","final","1963100312","20401197","51","/home/hersco/bershco-nu-asnets/numeric-asnets/asnets/experiment-results/experiments_numeric.domain.drone-experiments_numeric.architecture_2.drone-2026-08-20T18:13:03.547361/P[domain,problem_1_1_4,problem_1_8_1,problem_8_1_...]-S[0.003,50,enhsp-hadd-astar]-MO[]-T[518400]-04905447-2fc32f3/snapshots/snapshot_51_0.250","20489227","4","20","COMPLETED","0:0","00:05:12","4","0","/home/hersco/training_new_domains/2026-08-20/statistical_replication_stage1_10seed/20401197_Tr_drone_drone_orig_vh_c.1_s1963100312_STATREP10_STAGE1.txt","/home/hersco/training_new_domains/2026-08-22/statistical_replication_terminal_stage1_policy_eval/20489227_Ev_drone_drone_orig_vh_c.1_s1963100312_SR10TCP_src20401197_e0051.txt","/home/hersco/training_new_domains/2026-08-22/statistical_replication_terminal_stage1_policy_eval/20489227_Ev_drone_drone_orig_vh_c.1_s1963100312_SR10TCP_src20401197_e0051.txt","",""
"MAIN-TERM","drone","on","stage1","final","1972442430","20401206","71","/home/hersco/bershco-nu-asnets/numeric-asnets/asnets/experiment-results/experiments_numeric.domain.drone-experiments_numeric.architecture_2.drone-2026-08-20T18:13:54.903361/P[domain,problem_1_1_4,problem_1_8_1,problem_8_1_...]-S[0.003,50,enhsp-hadd-astar]-MO[]-T[518400]-04905448-72aea46/snapshots/snapshot_71_0.750","20489228","7","20","COMPLETED","0:0","00:04:20","7","0","/home/hersco/training_new_domains/2026-08-20/statistical_replication_stage1_10seed/20401206_Tr_drone_drone_orig_vh_c.1_s1972442430_STATREP10_STAGE1.txt","/home/hersco/training_new_domains/2026-08-22/statistical_replication_terminal_stage1_policy_eval/20489228_Ev_drone_drone_orig_vh_c.1_s1972442430_SR10TCP_src20401206_e0071.txt","/home/hersco/training_new_domains/2026-08-22/statistical_replication_terminal_stage1_policy_eval/20489228_Ev_drone_drone_orig_vh_c.1_s1972442430_SR10TCP_src20401206_e0071.txt","",""
"MAIN-TERM","drone","on","stage1","final","2011206605","20401198","69","/home/hersco/bershco-nu-asnets/numeric-asnets/asnets/experiment-results/experiments_numeric.domain.drone-experiments_numeric.architecture_2.drone-2026-08-20T18:13:03.540334/P[domain,problem_1_1_4,problem_1_8_1,problem_8_1_...]-S[0.003,50,enhsp-hadd-astar]-MO[]-T[518400]-04905447-067843/snapshots/snapshot_69_0.750","20489229","7","20","COMPLETED","0:0","00:03:18","7","0","/home/hersco/training_new_domains/2026-08-20/statistical_replication_stage1_10seed/20401198_Tr_drone_drone_orig_vh_c.1_s2011206605_STATREP10_STAGE1.txt","/home/hersco/training_new_domains/2026-08-22/statistical_replication_terminal_stage1_policy_eval/20489229_Ev_drone_drone_orig_vh_c.1_s2011206605_SR10TCP_src20401198_e0069.txt","/home/hersco/training_new_domains/2026-08-22/statistical_replication_terminal_stage1_policy_eval/20489229_Ev_drone_drone_orig_vh_c.1_s2011206605_SR10TCP_src20401198_e0069.txt","",""
"MAIN-TERM","drone","on","stage1","final","2082152039","20401203","76","/home/hersco/bershco-nu-asnets/numeric-asnets/asnets/experiment-results/experiments_numeric.domain.drone-experiments_numeric.architecture_2.drone-2026-08-20T18:13:54.901736/P[domain,problem_1_1_4,problem_1_8_1,problem_8_1_...]-S[0.003,50,enhsp-hadd-astar]-MO[]-T[518400]-04905448-faf7d6/snapshots/snapshot_76_0.625","20489230","8","20","COMPLETED","0:0","00:03:00","8","0","/home/hersco/training_new_domains/2026-08-20/statistical_replication_stage1_10seed/20401203_Tr_drone_drone_orig_vh_c.1_s2082152039_STATREP10_STAGE1.txt","/home/hersco/training_new_domains/2026-08-22/statistical_replication_terminal_stage1_policy_eval/20489230_Ev_drone_drone_orig_vh_c.1_s2082152039_SR10TCP_src20401203_e0076.txt","/home/hersco/training_new_domains/2026-08-22/statistical_replication_terminal_stage1_policy_eval/20489230_Ev_drone_drone_orig_vh_c.1_s2082152039_SR10TCP_src20401203_e0076.txt","",""
"MAIN-TERM","drone","on","stage2","final","534933607","20489436","99","/home/hersco/bershco-nu-asnets/numeric-asnets/asnets/experiment-results/experiments_numeric.domain.drone-experiments_numeric.architecture_2.drone_mcts-2026-08-24T13:18:47.880166/P[domain,problem_1_1_4,problem_1_8_1,problem_8_1_...]-S[0.0003,50,enhsp-hadd-astar]-MO[]-T[518400]-04910912-3c74d66/snapshots/snapshot_99_1.0000","20542031","9","20","COMPLETED","0:0","00:02:23","9","0","/home/hersco/training_new_domains/2026-08-22/statistical_replication_terminal_stage2_train/20489436_Re-Tr_drone_drone_mcts_orig_vh_e.5_c.1_s534933607_K0_SR10TCT_src20401202_e0189.txt","/home/hersco/training_new_domains/2026-08-25/statistical_replication_terminal_stage2_policy_eval/20542031_Ev_drone_drone_orig_vh_c.1_s534933607_SR10TCP_src20489436_e0099.txt","/home/hersco/training_new_domains/2026-08-25/statistical_replication_terminal_stage2_policy_eval/20542031_Ev_drone_drone_orig_vh_c.1_s534933607_SR10TCP_src20489436_e0099.txt","",""
"MAIN-TERM","drone","on","stage2","final","923500475","20489437","99","/home/hersco/bershco-nu-asnets/numeric-asnets/asnets/experiment-results/experiments_numeric.domain.drone-experiments_numeric.architecture_2.drone_mcts-2026-08-24T13:18:47.880176/P[domain,problem_1_1_4,problem_1_8_1,problem_8_1_...]-S[0.0003,50,enhsp-hadd-astar]-MO[]-T[518400]-04910912-5194f74/snapshots/snapshot_99_1.0000","20542053","7","20","COMPLETED","0:0","00:03:30","7","0","/home/hersco/training_new_domains/2026-08-22/statistical_replication_terminal_stage2_train/20489437_Re-Tr_drone_drone_mcts_orig_vh_e.5_c.1_s923500475_K0_SR10TCT_src20401205_e0153.txt","/home/hersco/training_new_domains/2026-08-25/statistical_replication_terminal_stage2_policy_eval/20542053_Ev_drone_drone_orig_vh_c.1_s923500475_SR10TCP_src20489437_e0099.txt","/home/hersco/training_new_domains/2026-08-25/statistical_replication_terminal_stage2_policy_eval/20542053_Ev_drone_drone_orig_vh_c.1_s923500475_SR10TCP_src20489437_e0099.txt","",""
"MAIN-TERM","drone","on","stage2","final","1073581256","20489438","99","/home/hersco/bershco-nu-asnets/numeric-asnets/asnets/experiment-results/experiments_numeric.domain.drone-experiments_numeric.architecture_2.drone_mcts-2026-08-24T13:27:32.959418/P[domain,problem_1_1_4,problem_1_8_1,problem_8_1_...]-S[0.0003,50,enhsp-hadd-astar]-MO[]-T[518400]-04910921-1247c09/snapshots/snapshot_99_1.0000","20542076","6","20","COMPLETED","0:0","00:02:35","6","0","/home/hersco/training_new_domains/2026-08-22/statistical_replication_terminal_stage2_train/20489438_Re-Tr_drone_drone_mcts_orig_vh_e.5_c.1_s1073581256_K0_SR10TCT_src20401199_e0168.txt","/home/hersco/training_new_domains/2026-08-25/statistical_replication_terminal_stage2_policy_eval/20542076_Ev_drone_drone_orig_vh_c.1_s1073581256_SR10TCP_src20489438_e0099.txt","/home/hersco/training_new_domains/2026-08-25/statistical_replication_terminal_stage2_policy_eval/20542076_Ev_drone_drone_orig_vh_c.1_s1073581256_SR10TCP_src20489438_e0099.txt","",""
"MAIN-TERM","drone","on","stage2","final","1239739722","20489439","99","/home/hersco/bershco-nu-asnets/numeric-asnets/asnets/experiment-results/experiments_numeric.domain.drone-experiments_numeric.architecture_2.drone_mcts-2026-08-24T13:59:42.108044/P[domain,problem_1_1_4,problem_1_8_1,problem_8_1_...]-S[0.0003,50,enhsp-hadd-astar]-MO[]-T[518400]-04910953-7d9a779/snapshots/snapshot_99_1.0000","20542098","3","20","COMPLETED","0:0","00:10:08","3","0","/home/hersco/training_new_domains/2026-08-22/statistical_replication_terminal_stage2_train/20489439_Re-Tr_drone_drone_mcts_orig_vh_e.5_c.1_s1239739722_K0_SR10TCT_src20401200_e0073.txt","/home/hersco/training_new_domains/2026-08-25/statistical_replication_terminal_stage2_policy_eval/20542098_Ev_drone_drone_orig_vh_c.1_s1239739722_SR10TCP_src20489439_e0099.txt","/home/hersco/training_new_domains/2026-08-25/statistical_replication_terminal_stage2_policy_eval/20542098_Ev_drone_drone_orig_vh_c.1_s1239739722_SR10TCP_src20489439_e0099.txt","",""
"MAIN-TERM","drone","on","stage2","final","1472491096","20489440","99","/home/hersco/bershco-nu-asnets/numeric-asnets/asnets/experiment-results/experiments_numeric.domain.drone-experiments_numeric.architecture_2.drone_mcts-2026-08-24T13:59:42.107865/P[domain,problem_1_1_4,problem_1_8_1,problem_8_1_...]-S[0.0003,50,enhsp-hadd-astar]-MO[]-T[518400]-04910953-43e0a7a/snapshots/snapshot_99_1.0000","20542120","6","20","COMPLETED","0:0","00:02:17","6","0","/home/hersco/training_new_domains/2026-08-22/statistical_replication_terminal_stage2_train/20489440_Re-Tr_drone_drone_mcts_orig_vh_e.5_c.1_s1472491096_K0_SR10TCT_src20401201_e0071.txt","/home/hersco/training_new_domains/2026-08-25/statistical_replication_terminal_stage2_policy_eval/20542120_Ev_drone_drone_orig_vh_c.1_s1472491096_SR10TCP_src20489440_e0099.txt","/home/hersco/training_new_domains/2026-08-25/statistical_replication_terminal_stage2_policy_eval/20542120_Ev_drone_drone_orig_vh_c.1_s1472491096_SR10TCP_src20489440_e0099.txt","",""
"MAIN-TERM","drone","on","stage2","final","1510771779","20489441","99","/home/hersco/bershco-nu-asnets/numeric-asnets/asnets/experiment-results/experiments_numeric.domain.drone-experiments_numeric.architecture_2.drone_mcts-2026-08-24T15:09:00.484363/P[domain,problem_1_1_4,problem_1_8_1,problem_8_1_...]-S[0.0003,50,enhsp-hadd-astar]-MO[]-T[518400]-04911023-17cc32a/snapshots/snapshot_99_1.0000","20542142","7","20","COMPLETED","0:0","00:02:26","7","0","/home/hersco/training_new_domains/2026-08-22/statistical_replication_terminal_stage2_train/20489441_Re-Tr_drone_drone_mcts_orig_vh_e.5_c.1_s1510771779_K0_SR10TCT_src20401204_e0064.txt","/home/hersco/training_new_domains/2026-08-25/statistical_replication_terminal_stage2_policy_eval/20542142_Ev_drone_drone_orig_vh_c.1_s1510771779_SR10TCP_src20489441_e0099.txt","/home/hersco/training_new_domains/2026-08-25/statistical_replication_terminal_stage2_policy_eval/20542142_Ev_drone_drone_orig_vh_c.1_s1510771779_SR10TCP_src20489441_e0099.txt","",""
"MAIN-TERM","drone","on","stage2","final","1963100312","20489442","99","/home/hersco/bershco-nu-asnets/numeric-asnets/asnets/experiment-results/experiments_numeric.domain.drone-experiments_numeric.architecture_2.drone_mcts-2026-08-24T15:09:00.483322/P[domain,problem_1_1_4,problem_1_8_1,problem_8_1_...]-S[0.0003,50,enhsp-hadd-astar]-MO[]-T[518400]-04911023-2fc32f3/snapshots/snapshot_99_1.0000","20542164","4","20","COMPLETED","0:0","00:02:44","4","0","/home/hersco/training_new_domains/2026-08-22/statistical_replication_terminal_stage2_train/20489442_Re-Tr_drone_drone_mcts_orig_vh_e.5_c.1_s1963100312_K0_SR10TCT_src20401197_e0051.txt","/home/hersco/training_new_domains/2026-08-25/statistical_replication_terminal_stage2_policy_eval/20542164_Ev_drone_drone_orig_vh_c.1_s1963100312_SR10TCP_src20489442_e0099.txt","/home/hersco/training_new_domains/2026-08-25/statistical_replication_terminal_stage2_policy_eval/20542164_Ev_drone_drone_orig_vh_c.1_s1963100312_SR10TCP_src20489442_e0099.txt","",""
"MAIN-TERM","drone","on","stage2","final","1972442430","20489443","99","/home/hersco/bershco-nu-asnets/numeric-asnets/asnets/experiment-results/experiments_numeric.domain.drone-experiments_numeric.architecture_2.drone_mcts-2026-08-24T15:22:10.648325/P[domain,problem_1_1_4,problem_1_8_1,problem_8_1_...]-S[0.0003,50,enhsp-hadd-astar]-MO[]-T[518400]-04911036-72aea46/snapshots/snapshot_99_1.0000","20542188","4","20","COMPLETED","0:0","00:05:26","4","0","/home/hersco/training_new_domains/2026-08-22/statistical_replication_terminal_stage2_train/20489443_Re-Tr_drone_drone_mcts_orig_vh_e.5_c.1_s1972442430_K0_SR10TCT_src20401206_e0071.txt","/home/hersco/training_new_domains/2026-08-25/statistical_replication_terminal_stage2_policy_eval/20542188_Ev_drone_drone_orig_vh_c.1_s1972442430_SR10TCP_src20489443_e0099.txt","/home/hersco/training_new_domains/2026-08-25/statistical_replication_terminal_stage2_policy_eval/20542188_Ev_drone_drone_orig_vh_c.1_s1972442430_SR10TCP_src20489443_e0099.txt","",""
"MAIN-TERM","drone","on","stage2","final","2011206605","20489444","99","/home/hersco/bershco-nu-asnets/numeric-asnets/asnets/experiment-results/experiments_numeric.domain.drone-experiments_numeric.architecture_2.drone_mcts-2026-08-24T18:11:29.786452/P[domain,problem_1_1_4,problem_1_8_1,problem_8_1_...]-S[0.0003,50,enhsp-hadd-astar]-MO[]-T[518400]-04911205-067843/snapshots/snapshot_99_1.0000","20542210","7","20","COMPLETED","0:0","00:07:48","7","0","/home/hersco/training_new_domains/2026-08-22/statistical_replication_terminal_stage2_train/20489444_Re-Tr_drone_drone_mcts_orig_vh_e.5_c.1_s2011206605_K0_SR10TCT_src20401198_e0069.txt","/home/hersco/training_new_domains/2026-08-25/statistical_replication_terminal_stage2_policy_eval/20542210_Ev_drone_drone_orig_vh_c.1_s2011206605_SR10TCP_src20489444_e0099.txt","/home/hersco/training_new_domains/2026-08-25/statistical_replication_terminal_stage2_policy_eval/20542210_Ev_drone_drone_orig_vh_c.1_s2011206605_SR10TCP_src20489444_e0099.txt","",""
"MAIN-TERM","drone","on","stage2","final","2082152039","20489445","99","/home/hersco/bershco-nu-asnets/numeric-asnets/asnets/experiment-results/experiments_numeric.domain.drone-experiments_numeric.architecture_2.drone_mcts-2026-08-24T18:11:29.786392/P[domain,problem_1_1_4,problem_1_8_1,problem_8_1_...]-S[0.0003,50,enhsp-hadd-astar]-MO[]-T[518400]-04911205-faf7d6/snapshots/snapshot_99_1.0000","20542232","6","20","COMPLETED","0:0","00:04:06","6","0","/home/hersco/training_new_domains/2026-08-22/statistical_replication_terminal_stage2_train/20489445_Re-Tr_drone_drone_mcts_orig_vh_e.5_c.1_s2082152039_K0_SR10TCT_src20401203_e0076.txt","/home/hersco/training_new_domains/2026-08-25/statistical_replication_terminal_stage2_policy_eval/20542232_Ev_drone_drone_orig_vh_c.1_s2082152039_SR10TCP_src20489445_e0099.txt","/home/hersco/training_new_domains/2026-08-25/statistical_replication_terminal_stage2_policy_eval/20542232_Ev_drone_drone_orig_vh_c.1_s2082152039_SR10TCP_src20489445_e0099.txt","",""
"MAIN-TERM","drone","on","stage2","validation_selected","534933607","20489436","14","\home\hersco\bershco-nu-asnets\numeric-asnets\asnets\experiment-results\experiments_numeric.domain.drone-experiments_numeric.architecture_2.drone_mcts-2026-08-24T13:18:47.880166\P[domain,problem_1_1_4,problem_1_8_1,problem_8_1_...]-S[0.0003,50,enhsp-hadd-astar]-MO[]-T[518400]-04910912-3c74d66\snapshots/snapshot_14_1.0000","20542032","10","20","COMPLETED","0:0","00:03:27","10","0","/home/hersco/training_new_domains/2026-08-22/statistical_replication_terminal_stage2_train/20489436_Re-Tr_drone_drone_mcts_orig_vh_e.5_c.1_s534933607_K0_SR10TCT_src20401202_e0189.txt","/home/hersco/training_new_domains/2026-08-25/statistical_replication_terminal_stage2_policy_eval/20542032_Ev_drone_drone_orig_vh_c.1_s534933607_SR10TCP_src20489436_e0014.txt","/home/hersco/training_new_domains/2026-08-25/statistical_replication_terminal_stage2_policy_eval/20542032_Ev_drone_drone_orig_vh_c.1_s534933607_SR10TCP_src20489436_e0014.txt","",""
"MAIN-TERM","drone","on","stage2","validation_selected","923500475","20489437","47","\home\hersco\bershco-nu-asnets\numeric-asnets\asnets\experiment-results\experiments_numeric.domain.drone-experiments_numeric.architecture_2.drone_mcts-2026-08-24T13:18:47.880176\P[domain,problem_1_1_4,problem_1_8_1,problem_8_1_...]-S[0.0003,50,enhsp-hadd-astar]-MO[]-T[518400]-04910912-5194f74\snapshots/snapshot_47_1.0000","20542054","6","20","COMPLETED","0:0","00:03:00","6","0","/home/hersco/training_new_domains/2026-08-22/statistical_replication_terminal_stage2_train/20489437_Re-Tr_drone_drone_mcts_orig_vh_e.5_c.1_s923500475_K0_SR10TCT_src20401205_e0153.txt","/home/hersco/training_new_domains/2026-08-25/statistical_replication_terminal_stage2_policy_eval/20542054_Ev_drone_drone_orig_vh_c.1_s923500475_SR10TCP_src20489437_e0047.txt","/home/hersco/training_new_domains/2026-08-25/statistical_replication_terminal_stage2_policy_eval/20542054_Ev_drone_drone_orig_vh_c.1_s923500475_SR10TCP_src20489437_e0047.txt","",""
"MAIN-TERM","drone","on","stage2","validation_selected","1073581256","20489438","94","\home\hersco\bershco-nu-asnets\numeric-asnets\asnets\experiment-results\experiments_numeric.domain.drone-experiments_numeric.architecture_2.drone_mcts-2026-08-24T13:27:32.959418\P[domain,problem_1_1_4,problem_1_8_1,problem_8_1_...]-S[0.0003,50,enhsp-hadd-astar]-MO[]-T[518400]-04910921-1247c09\snapshots/snapshot_94_1.0000","20542077","7","20","COMPLETED","0:0","00:02:35","7","0","/home/hersco/training_new_domains/2026-08-22/statistical_replication_terminal_stage2_train/20489438_Re-Tr_drone_drone_mcts_orig_vh_e.5_c.1_s1073581256_K0_SR10TCT_src20401199_e0168.txt","/home/hersco/training_new_domains/2026-08-25/statistical_replication_terminal_stage2_policy_eval/20542077_Ev_drone_drone_orig_vh_c.1_s1073581256_SR10TCP_src20489438_e0094.txt","/home/hersco/training_new_domains/2026-08-25/statistical_replication_terminal_stage2_policy_eval/20542077_Ev_drone_drone_orig_vh_c.1_s1073581256_SR10TCP_src20489438_e0094.txt","",""
"MAIN-TERM","drone","on","stage2","validation_selected","1239739722","20489439","81","\home\hersco\bershco-nu-asnets\numeric-asnets\asnets\experiment-results\experiments_numeric.domain.drone-experiments_numeric.architecture_2.drone_mcts-2026-08-24T13:59:42.108044\P[domain,problem_1_1_4,problem_1_8_1,problem_8_1_...]-S[0.0003,50,enhsp-hadd-astar]-MO[]-T[518400]-04910953-7d9a779\snapshots/snapshot_81_1.0000","20542099","3","20","COMPLETED","0:0","00:09:24","3","0","/home/hersco/training_new_domains/2026-08-22/statistical_replication_terminal_stage2_train/20489439_Re-Tr_drone_drone_mcts_orig_vh_e.5_c.1_s1239739722_K0_SR10TCT_src20401200_e0073.txt","/home/hersco/training_new_domains/2026-08-25/statistical_replication_terminal_stage2_policy_eval/20542099_Ev_drone_drone_orig_vh_c.1_s1239739722_SR10TCP_src20489439_e0081.txt","/home/hersco/training_new_domains/2026-08-25/statistical_replication_terminal_stage2_policy_eval/20542099_Ev_drone_drone_orig_vh_c.1_s1239739722_SR10TCP_src20489439_e0081.txt","",""
"MAIN-TERM","drone","on","stage2","validation_selected","1472491096","20489440","1","\home\hersco\bershco-nu-asnets\numeric-asnets\asnets\experiment-results\experiments_numeric.domain.drone-experiments_numeric.architecture_2.drone_mcts-2026-08-24T13:59:42.107865\P[domain,problem_1_1_4,problem_1_8_1,problem_8_1_...]-S[0.0003,50,enhsp-hadd-astar]-MO[]-T[518400]-04910953-43e0a7a\snapshots/snapshot_1_1.0000","20542121","7","20","COMPLETED","0:0","00:03:15","7","0","/home/hersco/training_new_domains/2026-08-22/statistical_replication_terminal_stage2_train/20489440_Re-Tr_drone_drone_mcts_orig_vh_e.5_c.1_s1472491096_K0_SR10TCT_src20401201_e0071.txt","/home/hersco/training_new_domains/2026-08-25/statistical_replication_terminal_stage2_policy_eval/20542121_Ev_drone_drone_orig_vh_c.1_s1472491096_SR10TCP_src20489440_e0001.txt","/home/hersco/training_new_domains/2026-08-25/statistical_replication_terminal_stage2_policy_eval/20542121_Ev_drone_drone_orig_vh_c.1_s1472491096_SR10TCP_src20489440_e0001.txt","",""
"MAIN-TERM","drone","on","stage2","validation_selected","1510771779","20489441","31","\home\hersco\bershco-nu-asnets\numeric-asnets\asnets\experiment-results\experiments_numeric.domain.drone-experiments_numeric.architecture_2.drone_mcts-2026-08-24T15:09:00.484363\P[domain,problem_1_1_4,problem_1_8_1,problem_8_1_...]-S[0.0003,50,enhsp-hadd-astar]-MO[]-T[518400]-04911023-17cc32a\snapshots/snapshot_31_1.0000","20542143","7","20","COMPLETED","0:0","00:04:01","7","0","/home/hersco/training_new_domains/2026-08-22/statistical_replication_terminal_stage2_train/20489441_Re-Tr_drone_drone_mcts_orig_vh_e.5_c.1_s1510771779_K0_SR10TCT_src20401204_e0064.txt","/home/hersco/training_new_domains/2026-08-25/statistical_replication_terminal_stage2_policy_eval/20542143_Ev_drone_drone_orig_vh_c.1_s1510771779_SR10TCP_src20489441_e0031.txt","/home/hersco/training_new_domains/2026-08-25/statistical_replication_terminal_stage2_policy_eval/20542143_Ev_drone_drone_orig_vh_c.1_s1510771779_SR10TCP_src20489441_e0031.txt","",""
"MAIN-TERM","drone","on","stage2","validation_selected","1963100312","20489442","0","\home\hersco\bershco-nu-asnets\numeric-asnets\asnets\experiment-results\experiments_numeric.domain.drone-experiments_numeric.architecture_2.drone_mcts-2026-08-24T15:09:00.483322\P[domain,problem_1_1_4,problem_1_8_1,problem_8_1_...]-S[0.0003,50,enhsp-hadd-astar]-MO[]-T[518400]-04911023-2fc32f3\snapshots/snapshot_0_1.0000","20542144","4","20","COMPLETED","0:0","00:06:14","4","0","/home/hersco/training_new_domains/2026-08-22/statistical_replication_terminal_stage2_train/20489442_Re-Tr_drone_drone_mcts_orig_vh_e.5_c.1_s1963100312_K0_SR10TCT_src20401197_e0051.txt","/home/hersco/training_new_domains/2026-08-25/statistical_replication_terminal_stage2_policy_eval/20542144_Ev_drone_drone_orig_vh_c.1_s1963100312_SR10TCP_src20489442_e0000.txt","/home/hersco/training_new_domains/2026-08-25/statistical_replication_terminal_stage2_policy_eval/20542144_Ev_drone_drone_orig_vh_c.1_s1963100312_SR10TCP_src20489442_e0000.txt","",""
"MAIN-TERM","drone","on","stage2","validation_selected","1972442430","20489443","54","\home\hersco\bershco-nu-asnets\numeric-asnets\asnets\experiment-results\experiments_numeric.domain.drone-experiments_numeric.architecture_2.drone_mcts-2026-08-24T15:22:10.648325\P[domain,problem_1_1_4,problem_1_8_1,problem_8_1_...]-S[0.0003,50,enhsp-hadd-astar]-MO[]-T[518400]-04911036-72aea46\snapshots/snapshot_54_1.0000","20542189","5","20","COMPLETED","0:0","00:03:20","5","0","/home/hersco/training_new_domains/2026-08-22/statistical_replication_terminal_stage2_train/20489443_Re-Tr_drone_drone_mcts_orig_vh_e.5_c.1_s1972442430_K0_SR10TCT_src20401206_e0071.txt","/home/hersco/training_new_domains/2026-08-25/statistical_replication_terminal_stage2_policy_eval/20542189_Ev_drone_drone_orig_vh_c.1_s1972442430_SR10TCP_src20489443_e0054.txt","/home/hersco/training_new_domains/2026-08-25/statistical_replication_terminal_stage2_policy_eval/20542189_Ev_drone_drone_orig_vh_c.1_s1972442430_SR10TCP_src20489443_e0054.txt","",""
"MAIN-TERM","drone","on","stage2","validation_selected","2011206605","20489444","92","\home\hersco\bershco-nu-asnets\numeric-asnets\asnets\experiment-results\experiments_numeric.domain.drone-experiments_numeric.architecture_2.drone_mcts-2026-08-24T18:11:29.786452\P[domain,problem_1_1_4,problem_1_8_1,problem_8_1_...]-S[0.0003,50,enhsp-hadd-astar]-MO[]-T[518400]-04911205-067843\snapshots/snapshot_92_1.0000","20542211","7","20","COMPLETED","0:0","00:08:58","7","0","/home/hersco/training_new_domains/2026-08-22/statistical_replication_terminal_stage2_train/20489444_Re-Tr_drone_drone_mcts_orig_vh_e.5_c.1_s2011206605_K0_SR10TCT_src20401198_e0069.txt","/home/hersco/training_new_domains/2026-08-25/statistical_replication_terminal_stage2_policy_eval/20542211_Ev_drone_drone_orig_vh_c.1_s2011206605_SR10TCP_src20489444_e0092.txt","/home/hersco/training_new_domains/2026-08-25/statistical_replication_terminal_stage2_policy_eval/20542211_Ev_drone_drone_orig_vh_c.1_s2011206605_SR10TCP_src20489444_e0092.txt","",""
"MAIN-TERM","drone","on","stage2","validation_selected","2082152039","20489445","2","\home\hersco\bershco-nu-asnets\numeric-asnets\asnets\experiment-results\experiments_numeric.domain.drone-experiments_numeric.architecture_2.drone_mcts-2026-08-24T18:11:29.786392\P[domain,problem_1_1_4,problem_1_8_1,problem_8_1_...]-S[0.0003,50,enhsp-hadd-astar]-MO[]-T[518400]-04911205-faf7d6\snapshots/snapshot_2_1.0000","20542233","9","20","COMPLETED","0:0","00:06:56","9","0","/home/hersco/training_new_domains/2026-08-22/statistical_replication_terminal_stage2_train/20489445_Re-Tr_drone_drone_mcts_orig_vh_e.5_c.1_s2082152039_K0_SR10TCT_src20401203_e0076.txt","/home/hersco/training_new_domains/2026-08-25/statistical_replication_terminal_stage2_policy_eval/20542233_Ev_drone_drone_orig_vh_c.1_s2082152039_SR10TCP_src20489445_e0002.txt","/home/hersco/training_new_domains/2026-08-25/statistical_replication_terminal_stage2_policy_eval/20542233_Ev_drone_drone_orig_vh_c.1_s2082152039_SR10TCP_src20489445_e0002.txt","",""
"MAIN-TERM","fo_counters","off","stage1","final","534933607","20401233","107","/home/hersco/bershco-nu-asnets/numeric-asnets/asnets/experiment-results/experiments_numeric.domain.fo_counters-experiments_numeric.architecture_2.fo_counters-2026-08-20T18:13:54.946490/P[domain,instance_2,instance_3,instance_4]-S[0.003,50,enhsp-hmrmax-astar]-MO[]-T[518400]-04905448-3c74d66/snapshots/snapshot_107_1.000","20489231","4","20","COMPLETED","0:0","00:03:52","4","0","/home/hersco/training_new_domains/2026-08-20/statistical_replication_stage1_10seed/20401233_Tr_fo_counters_fo_counters_orig_novh_c.1_s534933607_STATREP10_STAGE1.txt","/home/hersco/training_new_domains/2026-08-22/statistical_replication_terminal_stage1_policy_eval/20489231_Ev_fo_counters_fo_counters_orig_novh_c.1_s534933607_SR10TCP_src20401233_e0107.txt","/home/hersco/training_new_domains/2026-08-22/statistical_replication_terminal_stage1_policy_eval/20489231_Ev_fo_counters_fo_counters_orig_novh_c.1_s534933607_SR10TCP_src20401233_e0107.txt","",""
"MAIN-TERM","fo_counters","off","stage1","final","923500475","20401236","64","/home/hersco/bershco-nu-asnets/numeric-asnets/asnets/experiment-results/experiments_numeric.domain.fo_counters-experiments_numeric.architecture_2.fo_counters-2026-08-20T18:13:54.947205/P[domain,instance_2,instance_3,instance_4]-S[0.003,50,enhsp-hmrmax-astar]-MO[]-T[518400]-04905448-5194f74/snapshots/snapshot_64_1.000","20489233","4","20","COMPLETED","0:0","00:04:18","4","0","/home/hersco/training_new_domains/2026-08-20/statistical_replication_stage1_10seed/20401236_Tr_fo_counters_fo_counters_orig_novh_c.1_s923500475_STATREP10_STAGE1.txt","/home/hersco/training_new_domains/2026-08-22/statistical_replication_terminal_stage1_policy_eval/20489233_Ev_fo_counters_fo_counters_orig_novh_c.1_s923500475_SR10TCP_src20401236_e0064.txt","/home/hersco/training_new_domains/2026-08-22/statistical_replication_terminal_stage1_policy_eval/20489233_Ev_fo_counters_fo_counters_orig_novh_c.1_s923500475_SR10TCP_src20401236_e0064.txt","",""
"MAIN-TERM","fo_counters","off","stage1","final","1073581256","20401230","72","/home/hersco/bershco-nu-asnets/numeric-asnets/asnets/experiment-results/experiments_numeric.domain.fo_counters-experiments_numeric.architecture_2.fo_counters-2026-08-20T18:13:55.750965/P[domain,instance_2,instance_3,instance_4]-S[0.003,50,enhsp-hmrmax-astar]-MO[]-T[518400]-04905448-1247c09/snapshots/snapshot_72_1.000","20489234","3","20","COMPLETED","0:0","00:04:35","3","0","/home/hersco/training_new_domains/2026-08-20/statistical_replication_stage1_10seed/20401230_Tr_fo_counters_fo_counters_orig_novh_c.1_s1073581256_STATREP10_STAGE1.txt","/home/hersco/training_new_domains/2026-08-22/statistical_replication_terminal_stage1_policy_eval/20489234_Ev_fo_counters_fo_counters_orig_novh_c.1_s1073581256_SR10TCP_src20401230_e0072.txt","/home/hersco/training_new_domains/2026-08-22/statistical_replication_terminal_stage1_policy_eval/20489234_Ev_fo_counters_fo_counters_orig_novh_c.1_s1073581256_SR10TCP_src20401230_e0072.txt","",""
"MAIN-TERM","fo_counters","off","stage1","final","1239739722","20401231","81","/home/hersco/bershco-nu-asnets/numeric-asnets/asnets/experiment-results/experiments_numeric.domain.fo_counters-experiments_numeric.architecture_2.fo_counters-2026-08-20T18:13:55.750807/P[domain,instance_2,instance_3,instance_4]-S[0.003,50,enhsp-hmrmax-astar]-MO[]-T[518400]-04905448-7d9a779/snapshots/snapshot_81_1.000","20489235","5","20","COMPLETED","0:0","00:04:08","5","0","/home/hersco/training_new_domains/2026-08-20/statistical_replication_stage1_10seed/20401231_Tr_fo_counters_fo_counters_orig_novh_c.1_s1239739722_STATREP10_STAGE1.txt","/home/hersco/training_new_domains/2026-08-22/statistical_replication_terminal_stage1_policy_eval/20489235_Ev_fo_counters_fo_counters_orig_novh_c.1_s1239739722_SR10TCP_src20401231_e0081.txt","/home/hersco/training_new_domains/2026-08-22/statistical_replication_terminal_stage1_policy_eval/20489235_Ev_fo_counters_fo_counters_orig_novh_c.1_s1239739722_SR10TCP_src20401231_e0081.txt","",""
"MAIN-TERM","fo_counters","off","stage1","final","1472491096","20401232","66","/home/hersco/bershco-nu-asnets/numeric-asnets/asnets/experiment-results/experiments_numeric.domain.fo_counters-experiments_numeric.architecture_2.fo_counters-2026-08-20T18:13:54.948649/P[domain,instance_2,instance_3,instance_4]-S[0.003,50,enhsp-hmrmax-astar]-MO[]-T[518400]-04905448-43e0a7a/snapshots/snapshot_66_1.000","20489236","4","20","COMPLETED","0:0","00:05:25","4","0","/home/hersco/training_new_domains/2026-08-20/statistical_replication_stage1_10seed/20401232_Tr_fo_counters_fo_counters_orig_novh_c.1_s1472491096_STATREP10_STAGE1.txt","/home/hersco/training_new_domains/2026-08-22/statistical_replication_terminal_stage1_policy_eval/20489236_Ev_fo_counters_fo_counters_orig_novh_c.1_s1472491096_SR10TCP_src20401232_e0066.txt","/home/hersco/training_new_domains/2026-08-22/statistical_replication_terminal_stage1_policy_eval/20489236_Ev_fo_counters_fo_counters_orig_novh_c.1_s1472491096_SR10TCP_src20401232_e0066.txt","",""
"MAIN-TERM","fo_counters","off","stage1","final","1510771779","20401235","116","/home/hersco/bershco-nu-asnets/numeric-asnets/asnets/experiment-results/experiments_numeric.domain.fo_counters-experiments_numeric.architecture_2.fo_counters-2026-08-20T18:13:54.947874/P[domain,instance_2,instance_3,instance_4]-S[0.003,50,enhsp-hmrmax-astar]-MO[]-T[518400]-04905448-17cc32a/snapshots/snapshot_116_1.000","20489237","4","20","COMPLETED","0:0","00:06:08","4","0","/home/hersco/training_new_domains/2026-08-20/statistical_replication_stage1_10seed/20401235_Tr_fo_counters_fo_counters_orig_novh_c.1_s1510771779_STATREP10_STAGE1.txt","/home/hersco/training_new_domains/2026-08-22/statistical_replication_terminal_stage1_policy_eval/20489237_Ev_fo_counters_fo_counters_orig_novh_c.1_s1510771779_SR10TCP_src20401235_e0116.txt","/home/hersco/training_new_domains/2026-08-22/statistical_replication_terminal_stage1_policy_eval/20489237_Ev_fo_counters_fo_counters_orig_novh_c.1_s1510771779_SR10TCP_src20401235_e0116.txt","",""
"MAIN-TERM","fo_counters","off","stage1","final","1963100312","20401228","58","/home/hersco/bershco-nu-asnets/numeric-asnets/asnets/experiment-results/experiments_numeric.domain.fo_counters-experiments_numeric.architecture_2.fo_counters-2026-08-20T18:13:55.750809/P[domain,instance_2,instance_3,instance_4]-S[0.003,50,enhsp-hmrmax-astar]-MO[]-T[518400]-04905448-2fc32f3/snapshots/snapshot_58_1.000","20489238","4","20","COMPLETED","0:0","00:04:59","4","0","/home/hersco/training_new_domains/2026-08-20/statistical_replication_stage1_10seed/20401228_Tr_fo_counters_fo_counters_orig_novh_c.1_s1963100312_STATREP10_STAGE1.txt","/home/hersco/training_new_domains/2026-08-22/statistical_replication_terminal_stage1_policy_eval/20489238_Ev_fo_counters_fo_counters_orig_novh_c.1_s1963100312_SR10TCP_src20401228_e0058.txt","/home/hersco/training_new_domains/2026-08-22/statistical_replication_terminal_stage1_policy_eval/20489238_Ev_fo_counters_fo_counters_orig_novh_c.1_s1963100312_SR10TCP_src20401228_e0058.txt","",""
"MAIN-TERM","fo_counters","off","stage1","final","1972442430","20401237","78","/home/hersco/bershco-nu-asnets/numeric-asnets/asnets/experiment-results/experiments_numeric.domain.fo_counters-experiments_numeric.architecture_2.fo_counters-2026-08-20T18:13:54.927253/P[domain,instance_2,instance_3,instance_4]-S[0.003,50,enhsp-hmrmax-astar]-MO[]-T[518400]-04905448-72aea46/snapshots/snapshot_78_1.000","20489239","2","20","COMPLETED","0:0","00:04:40","2","0","/home/hersco/training_new_domains/2026-08-20/statistical_replication_stage1_10seed/20401237_Tr_fo_counters_fo_counters_orig_novh_c.1_s1972442430_STATREP10_STAGE1.txt","/home/hersco/training_new_domains/2026-08-22/statistical_replication_terminal_stage1_policy_eval/20489239_Ev_fo_counters_fo_counters_orig_novh_c.1_s1972442430_SR10TCP_src20401237_e0078.txt","/home/hersco/training_new_domains/2026-08-22/statistical_replication_terminal_stage1_policy_eval/20489239_Ev_fo_counters_fo_counters_orig_novh_c.1_s1972442430_SR10TCP_src20401237_e0078.txt","",""
"MAIN-TERM","fo_counters","off","stage1","final","2011206605","20401229","96","/home/hersco/bershco-nu-asnets/numeric-asnets/asnets/experiment-results/experiments_numeric.domain.fo_counters-experiments_numeric.architecture_2.fo_counters-2026-08-20T18:13:55.750806/P[domain,instance_2,instance_3,instance_4]-S[0.003,50,enhsp-hmrmax-astar]-MO[]-T[518400]-04905448-067843/snapshots/snapshot_96_1.000","20489240","3","20","COMPLETED","0:0","00:05:23","3","0","/home/hersco/training_new_domains/2026-08-20/statistical_replication_stage1_10seed/20401229_Tr_fo_counters_fo_counters_orig_novh_c.1_s2011206605_STATREP10_STAGE1.txt","/home/hersco/training_new_domains/2026-08-22/statistical_replication_terminal_stage1_policy_eval/20489240_Ev_fo_counters_fo_counters_orig_novh_c.1_s2011206605_SR10TCP_src20401229_e0096.txt","/home/hersco/training_new_domains/2026-08-22/statistical_replication_terminal_stage1_policy_eval/20489240_Ev_fo_counters_fo_counters_orig_novh_c.1_s2011206605_SR10TCP_src20401229_e0096.txt","",""
"MAIN-TERM","fo_counters","off","stage1","final","2082152039","20401234","119","/home/hersco/bershco-nu-asnets/numeric-asnets/asnets/experiment-results/experiments_numeric.domain.fo_counters-experiments_numeric.architecture_2.fo_counters-2026-08-20T18:13:54.948024/P[domain,instance_2,instance_3,instance_4]-S[0.003,50,enhsp-hmrmax-astar]-MO[]-T[518400]-04905448-faf7d6/snapshots/snapshot_119_1.000","20489241","3","20","COMPLETED","0:0","00:04:28","3","0","/home/hersco/training_new_domains/2026-08-20/statistical_replication_stage1_10seed/20401234_Tr_fo_counters_fo_counters_orig_novh_c.1_s2082152039_STATREP10_STAGE1.txt","/home/hersco/training_new_domains/2026-08-22/statistical_replication_terminal_stage1_policy_eval/20489241_Ev_fo_counters_fo_counters_orig_novh_c.1_s2082152039_SR10TCP_src20401234_e0119.txt","/home/hersco/training_new_domains/2026-08-22/statistical_replication_terminal_stage1_policy_eval/20489241_Ev_fo_counters_fo_counters_orig_novh_c.1_s2082152039_SR10TCP_src20401234_e0119.txt","",""
"MAIN-TERM","fo_counters","off","stage2","final","534933607","20489446","99","/home/hersco/bershco-nu-asnets/numeric-asnets/asnets/experiment-results/experiments_numeric.domain.fo_counters-experiments_numeric.architecture_2.fo_counters_mcts-2026-08-24T18:13:37.808335/P[domain,instance_2,instance_3,instance_4]-S[0.0003,50,enhsp-hmrmax-astar]-MO[]-T[518400]-04911207-3c74d66/snapshots/snapshot_99_1.0000","20542254","4","20","COMPLETED","0:0","00:04:37","4","0","/home/hersco/training_new_domains/2026-08-22/statistical_replication_terminal_stage2_train/20489446_Re-Tr_fo_counters_fo_counters_mcts_orig_novh_e.5_c.1_s534933607_K0_SR10TCT_src20401233_e0107.txt","/home/hersco/training_new_domains/2026-08-25/statistical_replication_terminal_stage2_policy_eval/20542254_Ev_fo_counters_fo_counters_orig_novh_c.1_s534933607_SR10TCP_src20489446_e0099.txt","/home/hersco/training_new_domains/2026-08-25/statistical_replication_terminal_stage2_policy_eval/20542254_Ev_fo_counters_fo_counters_orig_novh_c.1_s534933607_SR10TCP_src20489446_e0099.txt","",""
"MAIN-TERM","fo_counters","off","stage2","final","923500475","20489447","99","/home/hersco/bershco-nu-asnets/numeric-asnets/asnets/experiment-results/experiments_numeric.domain.fo_counters-experiments_numeric.architecture_2.fo_counters_mcts-2026-08-24T18:13:39.637075/P[domain,instance_2,instance_3,instance_4]-S[0.0003,50,enhsp-hmrmax-astar]-MO[]-T[518400]-04911207-5194f74/snapshots/snapshot_99_1.0000","20542291","3","20","COMPLETED","0:0","00:05:36","3","0","/home/hersco/training_new_domains/2026-08-22/statistical_replication_terminal_stage2_train/20489447_Re-Tr_fo_counters_fo_counters_mcts_orig_novh_e.5_c.1_s923500475_K0_SR10TCT_src20401236_e0064.txt","/home/hersco/training_new_domains/2026-08-25/statistical_replication_terminal_stage2_policy_eval/20542291_Ev_fo_counters_fo_counters_orig_novh_c.1_s923500475_SR10TCP_src20489447_e0099.txt","/home/hersco/training_new_domains/2026-08-25/statistical_replication_terminal_stage2_policy_eval/20542291_Ev_fo_counters_fo_counters_orig_novh_c.1_s923500475_SR10TCP_src20489447_e0099.txt","",""
"MAIN-TERM","fo_counters","off","stage2","final","1073581256","20489448","99","/home/hersco/bershco-nu-asnets/numeric-asnets/asnets/experiment-results/experiments_numeric.domain.fo_counters-experiments_numeric.architecture_2.fo_counters_mcts-2026-08-24T18:19:29.003895/P[domain,instance_2,instance_3,instance_4]-S[0.0003,50,enhsp-hmrmax-astar]-MO[]-T[518400]-04911213-1247c09/snapshots/snapshot_99_1.0000","20542403","3","20","COMPLETED","0:0","00:05:08","3","0","/home/hersco/training_new_domains/2026-08-22/statistical_replication_terminal_stage2_train/20489448_Re-Tr_fo_counters_fo_counters_mcts_orig_novh_e.5_c.1_s1073581256_K0_SR10TCT_src20401230_e0072.txt","/home/hersco/training_new_domains/2026-08-25/statistical_replication_terminal_stage2_policy_eval/20542403_Ev_fo_counters_fo_counters_orig_novh_c.1_s1073581256_SR10TCP_src20489448_e0099.txt","/home/hersco/training_new_domains/2026-08-25/statistical_replication_terminal_stage2_policy_eval/20542403_Ev_fo_counters_fo_counters_orig_novh_c.1_s1073581256_SR10TCP_src20489448_e0099.txt","",""
"MAIN-TERM","fo_counters","off","stage2","final","1239739722","20489449","99","/home/hersco/bershco-nu-asnets/numeric-asnets/asnets/experiment-results/experiments_numeric.domain.fo_counters-experiments_numeric.architecture_2.fo_counters_mcts-2026-08-24T18:19:29.003770/P[domain,instance_2,instance_3,instance_4]-S[0.0003,50,enhsp-hmrmax-astar]-MO[]-T[518400]-04911213-7d9a779/snapshots/snapshot_99_1.0000","20542588","5","20","COMPLETED","0:0","00:03:57","5","0","/home/hersco/training_new_domains/2026-08-22/statistical_replication_terminal_stage2_train/20489449_Re-Tr_fo_counters_fo_counters_mcts_orig_novh_e.5_c.1_s1239739722_K0_SR10TCT_src20401231_e0081.txt","/home/hersco/training_new_domains/2026-08-25/statistical_replication_terminal_stage2_policy_eval/20542588_Ev_fo_counters_fo_counters_orig_novh_c.1_s1239739722_SR10TCP_src20489449_e0099.txt","/home/hersco/training_new_domains/2026-08-25/statistical_replication_terminal_stage2_policy_eval/20542588_Ev_fo_counters_fo_counters_orig_novh_c.1_s1239739722_SR10TCP_src20489449_e0099.txt","",""
"MAIN-TERM","fo_counters","off","stage2","final","1472491096","20489450","99","/home/hersco/bershco-nu-asnets/numeric-asnets/asnets/experiment-results/experiments_numeric.domain.fo_counters-experiments_numeric.architecture_2.fo_counters_mcts-2026-08-24T18:21:00.216419/P[domain,instance_2,instance_3,instance_4]-S[0.0003,50,enhsp-hmrmax-astar]-MO[]-T[518400]-04911215-43e0a7a/snapshots/snapshot_99_1.0000","20542666","3","20","COMPLETED","0:0","00:05:43","3","0","/home/hersco/training_new_domains/2026-08-22/statistical_replication_terminal_stage2_train/20489450_Re-Tr_fo_counters_fo_counters_mcts_orig_novh_e.5_c.1_s1472491096_K0_SR10TCT_src20401232_e0066.txt","/home/hersco/training_new_domains/2026-08-25/statistical_replication_terminal_stage2_policy_eval/20542666_Ev_fo_counters_fo_counters_orig_novh_c.1_s1472491096_SR10TCP_src20489450_e0099.txt","/home/hersco/training_new_domains/2026-08-25/statistical_replication_terminal_stage2_policy_eval/20542666_Ev_fo_counters_fo_counters_orig_novh_c.1_s1472491096_SR10TCP_src20489450_e0099.txt","",""
"MAIN-TERM","fo_counters","off","stage2","final","1510771779","20489451","99","/home/hersco/bershco-nu-asnets/numeric-asnets/asnets/experiment-results/experiments_numeric.domain.fo_counters-experiments_numeric.architecture_2.fo_counters_mcts-2026-08-24T19:25:25.394047/P[domain,instance_2,instance_3,instance_4]-S[0.0003,50,enhsp-hmrmax-astar]-MO[]-T[518400]-04911279-17cc32a/snapshots/snapshot_99_1.0000","20542734","2","20","COMPLETED","0:0","00:05:23","2","0","/home/hersco/training_new_domains/2026-08-22/statistical_replication_terminal_stage2_train/20489451_Re-Tr_fo_counters_fo_counters_mcts_orig_novh_e.5_c.1_s1510771779_K0_SR10TCT_src20401235_e0116.txt","/home/hersco/training_new_domains/2026-08-25/statistical_replication_terminal_stage2_policy_eval/20542734_Ev_fo_counters_fo_counters_orig_novh_c.1_s1510771779_SR10TCP_src20489451_e0099.txt","/home/hersco/training_new_domains/2026-08-25/statistical_replication_terminal_stage2_policy_eval/20542734_Ev_fo_counters_fo_counters_orig_novh_c.1_s1510771779_SR10TCP_src20489451_e0099.txt","",""
"MAIN-TERM","fo_counters","off","stage2","final","1963100312","20489452","99","/home/hersco/bershco-nu-asnets/numeric-asnets/asnets/experiment-results/experiments_numeric.domain.fo_counters-experiments_numeric.architecture_2.fo_counters_mcts-2026-08-24T19:25:02.963146/P[domain,instance_2,instance_3,instance_4]-S[0.0003,50,enhsp-hmrmax-astar]-MO[]-T[518400]-04911279-2fc32f3/snapshots/snapshot_99_1.0000","20542810","2","20","COMPLETED","0:0","00:05:18","2","0","/home/hersco/training_new_domains/2026-08-22/statistical_replication_terminal_stage2_train/20489452_Re-Tr_fo_counters_fo_counters_mcts_orig_novh_e.5_c.1_s1963100312_K0_SR10TCT_src20401228_e0058.txt","/home/hersco/training_new_domains/2026-08-25/statistical_replication_terminal_stage2_policy_eval/20542810_Ev_fo_counters_fo_counters_orig_novh_c.1_s1963100312_SR10TCP_src20489452_e0099.txt","/home/hersco/training_new_domains/2026-08-25/statistical_replication_terminal_stage2_policy_eval/20542810_Ev_fo_counters_fo_counters_orig_novh_c.1_s1963100312_SR10TCP_src20489452_e0099.txt","",""
"MAIN-TERM","fo_counters","off","stage2","final","1972442430","20489453","99","/home/hersco/bershco-nu-asnets/numeric-asnets/asnets/experiment-results/experiments_numeric.domain.fo_counters-experiments_numeric.architecture_2.fo_counters_mcts-2026-08-24T19:34:49.375163/P[domain,instance_2,instance_3,instance_4]-S[0.0003,50,enhsp-hmrmax-astar]-MO[]-T[518400]-04911289-72aea46/snapshots/snapshot_99_1.0000","20542910","2","20","COMPLETED","0:0","00:04:48","2","0","/home/hersco/training_new_domains/2026-08-22/statistical_replication_terminal_stage2_train/20489453_Re-Tr_fo_counters_fo_counters_mcts_orig_novh_e.5_c.1_s1972442430_K0_SR10TCT_src20401237_e0078.txt","/home/hersco/training_new_domains/2026-08-25/statistical_replication_terminal_stage2_policy_eval/20542910_Ev_fo_counters_fo_counters_orig_novh_c.1_s1972442430_SR10TCP_src20489453_e0099.txt","/home/hersco/training_new_domains/2026-08-25/statistical_replication_terminal_stage2_policy_eval/20542910_Ev_fo_counters_fo_counters_orig_novh_c.1_s1972442430_SR10TCP_src20489453_e0099.txt","",""
"MAIN-TERM","fo_counters","off","stage2","final","2011206605","20489454","99","/home/hersco/bershco-nu-asnets/numeric-asnets/asnets/experiment-results/experiments_numeric.domain.fo_counters-experiments_numeric.architecture_2.fo_counters_mcts-2026-08-24T19:35:38.595918/P[domain,instance_2,instance_3,instance_4]-S[0.0003,50,enhsp-hmrmax-astar]-MO[]-T[518400]-04911289-067843/snapshots/snapshot_99_1.0000","20542981","3","20","COMPLETED","0:0","00:05:43","3","0","/home/hersco/training_new_domains/2026-08-22/statistical_replication_terminal_stage2_train/20489454_Re-Tr_fo_counters_fo_counters_mcts_orig_novh_e.5_c.1_s2011206605_K0_SR10TCT_src20401229_e0096.txt","/home/hersco/training_new_domains/2026-08-25/statistical_replication_terminal_stage2_policy_eval/20542981_Ev_fo_counters_fo_counters_orig_novh_c.1_s2011206605_SR10TCP_src20489454_e0099.txt","/home/hersco/training_new_domains/2026-08-25/statistical_replication_terminal_stage2_policy_eval/20542981_Ev_fo_counters_fo_counters_orig_novh_c.1_s2011206605_SR10TCP_src20489454_e0099.txt","",""
"MAIN-TERM","fo_counters","off","stage2","final","2082152039","20489455","99","/home/hersco/bershco-nu-asnets/numeric-asnets/asnets/experiment-results/experiments_numeric.domain.fo_counters-experiments_numeric.architecture_2.fo_counters_mcts-2026-08-24T19:35:01.767879/P[domain,instance_2,instance_3,instance_4]-S[0.0003,50,enhsp-hmrmax-astar]-MO[]-T[518400]-04911289-faf7d6/snapshots/snapshot_99_1.0000","20543028","3","20","COMPLETED","0:0","00:04:12","3","0","/home/hersco/training_new_domains/2026-08-22/statistical_replication_terminal_stage2_train/20489455_Re-Tr_fo_counters_fo_counters_mcts_orig_novh_e.5_c.1_s2082152039_K0_SR10TCT_src20401234_e0119.txt","/home/hersco/training_new_domains/2026-08-25/statistical_replication_terminal_stage2_policy_eval/20543028_Ev_fo_counters_fo_counters_orig_novh_c.1_s2082152039_SR10TCP_src20489455_e0099.txt","/home/hersco/training_new_domains/2026-08-25/statistical_replication_terminal_stage2_policy_eval/20543028_Ev_fo_counters_fo_counters_orig_novh_c.1_s2082152039_SR10TCP_src20489455_e0099.txt","",""
"MAIN-TERM","fo_counters","off","stage2","validation_selected","534933607","20489446","15","\home\hersco\bershco-nu-asnets\numeric-asnets\asnets\experiment-results\experiments_numeric.domain.fo_counters-experiments_numeric.architecture_2.fo_counters_mcts-2026-08-24T18:13:37.808335\P[domain,instance_2,instance_3,instance_4]-S[0.0003,50,enhsp-hmrmax-astar]-MO[]-T[518400]-04911207-3c74d66\snapshots/snapshot_15_1.0000","20542237","3","20","COMPLETED","0:0","00:04:21","3","0","/home/hersco/training_new_domains/2026-08-22/statistical_replication_terminal_stage2_train/20489446_Re-Tr_fo_counters_fo_counters_mcts_orig_novh_e.5_c.1_s534933607_K0_SR10TCT_src20401233_e0107.txt","/home/hersco/training_new_domains/2026-08-25/statistical_replication_terminal_stage2_policy_eval/20542237_Ev_fo_counters_fo_counters_orig_novh_c.1_s534933607_SR10TCP_src20489446_e0015.txt","/home/hersco/training_new_domains/2026-08-25/statistical_replication_terminal_stage2_policy_eval/20542237_Ev_fo_counters_fo_counters_orig_novh_c.1_s534933607_SR10TCP_src20489446_e0015.txt","",""
"MAIN-TERM","fo_counters","off","stage2","validation_selected","923500475","20489447","74","\home\hersco\bershco-nu-asnets\numeric-asnets\asnets\experiment-results\experiments_numeric.domain.fo_counters-experiments_numeric.architecture_2.fo_counters_mcts-2026-08-24T18:13:39.637075\P[domain,instance_2,instance_3,instance_4]-S[0.0003,50,enhsp-hmrmax-astar]-MO[]-T[518400]-04911207-5194f74\snapshots/snapshot_74_1.0000","20542292","3","20","COMPLETED","0:0","00:05:31","3","0","/home/hersco/training_new_domains/2026-08-22/statistical_replication_terminal_stage2_train/20489447_Re-Tr_fo_counters_fo_counters_mcts_orig_novh_e.5_c.1_s923500475_K0_SR10TCT_src20401236_e0064.txt","/home/hersco/training_new_domains/2026-08-25/statistical_replication_terminal_stage2_policy_eval/20542292_Ev_fo_counters_fo_counters_orig_novh_c.1_s923500475_SR10TCP_src20489447_e0074.txt","/home/hersco/training_new_domains/2026-08-25/statistical_replication_terminal_stage2_policy_eval/20542292_Ev_fo_counters_fo_counters_orig_novh_c.1_s923500475_SR10TCP_src20489447_e0074.txt","",""
"MAIN-TERM","fo_counters","off","stage2","validation_selected","1073581256","20489448","9","\home\hersco\bershco-nu-asnets\numeric-asnets\asnets\experiment-results\experiments_numeric.domain.fo_counters-experiments_numeric.architecture_2.fo_counters_mcts-2026-08-24T18:19:29.003895\P[domain,instance_2,instance_3,instance_4]-S[0.0003,50,enhsp-hmrmax-astar]-MO[]-T[518400]-04911213-1247c09\snapshots/snapshot_9_1.0000","20542404","3","20","COMPLETED","0:0","00:04:59","3","0","/home/hersco/training_new_domains/2026-08-22/statistical_replication_terminal_stage2_train/20489448_Re-Tr_fo_counters_fo_counters_mcts_orig_novh_e.5_c.1_s1073581256_K0_SR10TCT_src20401230_e0072.txt","/home/hersco/training_new_domains/2026-08-25/statistical_replication_terminal_stage2_policy_eval/20542404_Ev_fo_counters_fo_counters_orig_novh_c.1_s1073581256_SR10TCP_src20489448_e0009.txt","/home/hersco/training_new_domains/2026-08-25/statistical_replication_terminal_stage2_policy_eval/20542404_Ev_fo_counters_fo_counters_orig_novh_c.1_s1073581256_SR10TCP_src20489448_e0009.txt","",""
"MAIN-TERM","fo_counters","off","stage2","validation_selected","1239739722","20489449","97","\home\hersco\bershco-nu-asnets\numeric-asnets\asnets\experiment-results\experiments_numeric.domain.fo_counters-experiments_numeric.architecture_2.fo_counters_mcts-2026-08-24T18:19:29.003770\P[domain,instance_2,instance_3,instance_4]-S[0.0003,50,enhsp-hmrmax-astar]-MO[]-T[518400]-04911213-7d9a779\snapshots/snapshot_97_1.0000","20542589","4","20","COMPLETED","0:0","00:05:18","4","0","/home/hersco/training_new_domains/2026-08-22/statistical_replication_terminal_stage2_train/20489449_Re-Tr_fo_counters_fo_counters_mcts_orig_novh_e.5_c.1_s1239739722_K0_SR10TCT_src20401231_e0081.txt","/home/hersco/training_new_domains/2026-08-25/statistical_replication_terminal_stage2_policy_eval/20542589_Ev_fo_counters_fo_counters_orig_novh_c.1_s1239739722_SR10TCP_src20489449_e0097.txt","/home/hersco/training_new_domains/2026-08-25/statistical_replication_terminal_stage2_policy_eval/20542589_Ev_fo_counters_fo_counters_orig_novh_c.1_s1239739722_SR10TCP_src20489449_e0097.txt","",""
"MAIN-TERM","fo_counters","off","stage2","validation_selected","1472491096","20489450","98","\home\hersco\bershco-nu-asnets\numeric-asnets\asnets\experiment-results\experiments_numeric.domain.fo_counters-experiments_numeric.architecture_2.fo_counters_mcts-2026-08-24T18:21:00.216419\P[domain,instance_2,instance_3,instance_4]-S[0.0003,50,enhsp-hmrmax-astar]-MO[]-T[518400]-04911215-43e0a7a\snapshots/snapshot_98_1.0000","20542667","4","20","COMPLETED","0:0","00:04:52","4","0","/home/hersco/training_new_domains/2026-08-22/statistical_replication_terminal_stage2_train/20489450_Re-Tr_fo_counters_fo_counters_mcts_orig_novh_e.5_c.1_s1472491096_K0_SR10TCT_src20401232_e0066.txt","/home/hersco/training_new_domains/2026-08-25/statistical_replication_terminal_stage2_policy_eval/20542667_Ev_fo_counters_fo_counters_orig_novh_c.1_s1472491096_SR10TCP_src20489450_e0098.txt","/home/hersco/training_new_domains/2026-08-25/statistical_replication_terminal_stage2_policy_eval/20542667_Ev_fo_counters_fo_counters_orig_novh_c.1_s1472491096_SR10TCP_src20489450_e0098.txt","",""
"MAIN-TERM","fo_counters","off","stage2","validation_selected","1510771779","20489451","9","\home\hersco\bershco-nu-asnets\numeric-asnets\asnets\experiment-results\experiments_numeric.domain.fo_counters-experiments_numeric.architecture_2.fo_counters_mcts-2026-08-24T19:25:25.394047\P[domain,instance_2,instance_3,instance_4]-S[0.0003,50,enhsp-hmrmax-astar]-MO[]-T[518400]-04911279-17cc32a\snapshots/snapshot_9_1.0000","20542735","2","20","COMPLETED","0:0","00:06:41","2","0","/home/hersco/training_new_domains/2026-08-22/statistical_replication_terminal_stage2_train/20489451_Re-Tr_fo_counters_fo_counters_mcts_orig_novh_e.5_c.1_s1510771779_K0_SR10TCT_src20401235_e0116.txt","/home/hersco/training_new_domains/2026-08-25/statistical_replication_terminal_stage2_policy_eval/20542735_Ev_fo_counters_fo_counters_orig_novh_c.1_s1510771779_SR10TCP_src20489451_e0009.txt","/home/hersco/training_new_domains/2026-08-25/statistical_replication_terminal_stage2_policy_eval/20542735_Ev_fo_counters_fo_counters_orig_novh_c.1_s1510771779_SR10TCP_src20489451_e0009.txt","",""
"MAIN-TERM","fo_counters","off","stage2","validation_selected","1963100312","20489452","35","\home\hersco\bershco-nu-asnets\numeric-asnets\asnets\experiment-results\experiments_numeric.domain.fo_counters-experiments_numeric.architecture_2.fo_counters_mcts-2026-08-24T19:25:02.963146\P[domain,instance_2,instance_3,instance_4]-S[0.0003,50,enhsp-hmrmax-astar]-MO[]-T[518400]-04911279-2fc32f3\snapshots/snapshot_35_1.0000","20542758","2","20","COMPLETED","0:0","00:05:53","2","0","/home/hersco/training_new_domains/2026-08-22/statistical_replication_terminal_stage2_train/20489452_Re-Tr_fo_counters_fo_counters_mcts_orig_novh_e.5_c.1_s1963100312_K0_SR10TCT_src20401228_e0058.txt","/home/hersco/training_new_domains/2026-08-25/statistical_replication_terminal_stage2_policy_eval/20542758_Ev_fo_counters_fo_counters_orig_novh_c.1_s1963100312_SR10TCP_src20489452_e0035.txt","/home/hersco/training_new_domains/2026-08-25/statistical_replication_terminal_stage2_policy_eval/20542758_Ev_fo_counters_fo_counters_orig_novh_c.1_s1963100312_SR10TCP_src20489452_e0035.txt","",""
"MAIN-TERM","fo_counters","off","stage2","validation_selected","1972442430","20489453","61","\home\hersco\bershco-nu-asnets\numeric-asnets\asnets\experiment-results\experiments_numeric.domain.fo_counters-experiments_numeric.architecture_2.fo_counters_mcts-2026-08-24T19:34:49.375163\P[domain,instance_2,instance_3,instance_4]-S[0.0003,50,enhsp-hmrmax-astar]-MO[]-T[518400]-04911289-72aea46\snapshots/snapshot_61_1.0000","20542923","3","20","COMPLETED","0:0","00:04:34","3","0","/home/hersco/training_new_domains/2026-08-22/statistical_replication_terminal_stage2_train/20489453_Re-Tr_fo_counters_fo_counters_mcts_orig_novh_e.5_c.1_s1972442430_K0_SR10TCT_src20401237_e0078.txt","/home/hersco/training_new_domains/2026-08-25/statistical_replication_terminal_stage2_policy_eval/20542923_Ev_fo_counters_fo_counters_orig_novh_c.1_s1972442430_SR10TCP_src20489453_e0061.txt","/home/hersco/training_new_domains/2026-08-25/statistical_replication_terminal_stage2_policy_eval/20542923_Ev_fo_counters_fo_counters_orig_novh_c.1_s1972442430_SR10TCP_src20489453_e0061.txt","",""
"MAIN-TERM","fo_counters","off","stage2","validation_selected","2011206605","20489454","0","\home\hersco\bershco-nu-asnets\numeric-asnets\asnets\experiment-results\experiments_numeric.domain.fo_counters-experiments_numeric.architecture_2.fo_counters_mcts-2026-08-24T19:35:38.595918\P[domain,instance_2,instance_3,instance_4]-S[0.0003,50,enhsp-hmrmax-astar]-MO[]-T[518400]-04911289-067843\snapshots/snapshot_0_1.0000","20542936","2","20","COMPLETED","0:0","00:06:03","2","0","/home/hersco/training_new_domains/2026-08-22/statistical_replication_terminal_stage2_train/20489454_Re-Tr_fo_counters_fo_counters_mcts_orig_novh_e.5_c.1_s2011206605_K0_SR10TCT_src20401229_e0096.txt","/home/hersco/training_new_domains/2026-08-25/statistical_replication_terminal_stage2_policy_eval/20542936_Ev_fo_counters_fo_counters_orig_novh_c.1_s2011206605_SR10TCP_src20489454_e0000.txt","/home/hersco/training_new_domains/2026-08-25/statistical_replication_terminal_stage2_policy_eval/20542936_Ev_fo_counters_fo_counters_orig_novh_c.1_s2011206605_SR10TCP_src20489454_e0000.txt","",""
"MAIN-TERM","fo_counters","off","stage2","validation_selected","2082152039","20489455","53","\home\hersco\bershco-nu-asnets\numeric-asnets\asnets\experiment-results\experiments_numeric.domain.fo_counters-experiments_numeric.architecture_2.fo_counters_mcts-2026-08-24T19:35:01.767879\P[domain,instance_2,instance_3,instance_4]-S[0.0003,50,enhsp-hmrmax-astar]-MO[]-T[518400]-04911289-faf7d6\snapshots/snapshot_53_1.0000","20543029","2","20","COMPLETED","0:0","00:07:13","2","0","/home/hersco/training_new_domains/2026-08-22/statistical_replication_terminal_stage2_train/20489455_Re-Tr_fo_counters_fo_counters_mcts_orig_novh_e.5_c.1_s2082152039_K0_SR10TCT_src20401234_e0119.txt","/home/hersco/training_new_domains/2026-08-25/statistical_replication_terminal_stage2_policy_eval/20543029_Ev_fo_counters_fo_counters_orig_novh_c.1_s2082152039_SR10TCP_src20489455_e0053.txt","/home/hersco/training_new_domains/2026-08-25/statistical_replication_terminal_stage2_policy_eval/20543029_Ev_fo_counters_fo_counters_orig_novh_c.1_s2082152039_SR10TCP_src20489455_e0053.txt","",""
"MAIN-TERM","fo_counters","on","stage1","final","534933607","20401223","108","/home/hersco/bershco-nu-asnets/numeric-asnets/asnets/experiment-results/experiments_numeric.domain.fo_counters-experiments_numeric.architecture_2.fo_counters-2026-08-20T18:13:09.104829/P[domain,instance_2,instance_3,instance_4]-S[0.003,50,enhsp-hmrmax-astar]-MO[]-T[518400]-04905447-3c74d66/snapshots/snapshot_108_0.667","20489242","2","20","COMPLETED","0:0","00:05:13","2","0","/home/hersco/training_new_domains/2026-08-20/statistical_replication_stage1_10seed/20401223_Tr_fo_counters_fo_counters_orig_vh_c.1_s534933607_STATREP10_STAGE1.txt","/home/hersco/training_new_domains/2026-08-22/statistical_replication_terminal_stage1_policy_eval/20489242_Ev_fo_counters_fo_counters_orig_vh_c.1_s534933607_SR10TCP_src20401223_e0108.txt","/home/hersco/training_new_domains/2026-08-22/statistical_replication_terminal_stage1_policy_eval/20489242_Ev_fo_counters_fo_counters_orig_vh_c.1_s534933607_SR10TCP_src20401223_e0108.txt","",""
"MAIN-TERM","fo_counters","on","stage1","final","923500475","20401226","84","/home/hersco/bershco-nu-asnets/numeric-asnets/asnets/experiment-results/experiments_numeric.domain.fo_counters-experiments_numeric.architecture_2.fo_counters-2026-08-20T18:14:12.779593/P[domain,instance_2,instance_3,instance_4]-S[0.003,50,enhsp-hmrmax-astar]-MO[]-T[518400]-04905449-5194f74/snapshots/snapshot_84_1.000","20489243","1","20","COMPLETED","0:0","00:05:45","1","0","/home/hersco/training_new_domains/2026-08-20/statistical_replication_stage1_10seed/20401226_Tr_fo_counters_fo_counters_orig_vh_c.1_s923500475_STATREP10_STAGE1.txt","/home/hersco/training_new_domains/2026-08-22/statistical_replication_terminal_stage1_policy_eval/20489243_Ev_fo_counters_fo_counters_orig_vh_c.1_s923500475_SR10TCP_src20401226_e0084.txt","/home/hersco/training_new_domains/2026-08-22/statistical_replication_terminal_stage1_policy_eval/20489243_Ev_fo_counters_fo_counters_orig_vh_c.1_s923500475_SR10TCP_src20401226_e0084.txt","",""
"MAIN-TERM","fo_counters","on","stage1","final","1073581256","20401220","156","/home/hersco/bershco-nu-asnets/numeric-asnets/asnets/experiment-results/experiments_numeric.domain.fo_counters-experiments_numeric.architecture_2.fo_counters-2026-08-20T18:13:09.105162/P[domain,instance_2,instance_3,instance_4]-S[0.003,50,enhsp-hmrmax-astar]-MO[]-T[518400]-04905447-1247c09/snapshots/snapshot_156_1.000","20489244","3","20","COMPLETED","0:0","00:04:26","3","0","/home/hersco/training_new_domains/2026-08-20/statistical_replication_stage1_10seed/20401220_Tr_fo_counters_fo_counters_orig_vh_c.1_s1073581256_STATREP10_STAGE1.txt","/home/hersco/training_new_domains/2026-08-22/statistical_replication_terminal_stage1_policy_eval/20489244_Ev_fo_counters_fo_counters_orig_vh_c.1_s1073581256_SR10TCP_src20401220_e0156.txt","/home/hersco/training_new_domains/2026-08-22/statistical_replication_terminal_stage1_policy_eval/20489244_Ev_fo_counters_fo_counters_orig_vh_c.1_s1073581256_SR10TCP_src20401220_e0156.txt","",""
"MAIN-TERM","fo_counters","on","stage1","final","1239739722","20401221","142","/home/hersco/bershco-nu-asnets/numeric-asnets/asnets/experiment-results/experiments_numeric.domain.fo_counters-experiments_numeric.architecture_2.fo_counters-2026-08-20T18:13:09.109452/P[domain,instance_2,instance_3,instance_4]-S[0.003,50,enhsp-hmrmax-astar]-MO[]-T[518400]-04905447-7d9a779/snapshots/snapshot_142_1.000","20489245","3","20","COMPLETED","0:0","00:04:39","3","0","/home/hersco/training_new_domains/2026-08-20/statistical_replication_stage1_10seed/20401221_Tr_fo_counters_fo_counters_orig_vh_c.1_s1239739722_STATREP10_STAGE1.txt","/home/hersco/training_new_domains/2026-08-22/statistical_replication_terminal_stage1_policy_eval/20489245_Ev_fo_counters_fo_counters_orig_vh_c.1_s1239739722_SR10TCP_src20401221_e0142.txt","/home/hersco/training_new_domains/2026-08-22/statistical_replication_terminal_stage1_policy_eval/20489245_Ev_fo_counters_fo_counters_orig_vh_c.1_s1239739722_SR10TCP_src20401221_e0142.txt","",""
"MAIN-TERM","fo_counters","on","stage1","final","1472491096","20401222","116","/home/hersco/bershco-nu-asnets/numeric-asnets/asnets/experiment-results/experiments_numeric.domain.fo_counters-experiments_numeric.architecture_2.fo_counters-2026-08-20T18:13:09.124518/P[domain,instance_2,instance_3,instance_4]-S[0.003,50,enhsp-hmrmax-astar]-MO[]-T[518400]-04905447-43e0a7a/snapshots/snapshot_116_1.000","20489246","4","20","COMPLETED","0:0","00:04:22","4","0","/home/hersco/training_new_domains/2026-08-20/statistical_replication_stage1_10seed/20401222_Tr_fo_counters_fo_counters_orig_vh_c.1_s1472491096_STATREP10_STAGE1.txt","/home/hersco/training_new_domains/2026-08-22/statistical_replication_terminal_stage1_policy_eval/20489246_Ev_fo_counters_fo_counters_orig_vh_c.1_s1472491096_SR10TCP_src20401222_e0116.txt","/home/hersco/training_new_domains/2026-08-22/statistical_replication_terminal_stage1_policy_eval/20489246_Ev_fo_counters_fo_counters_orig_vh_c.1_s1472491096_SR10TCP_src20401222_e0116.txt","",""
"MAIN-TERM","fo_counters","on","stage1","final","1510771779","20401225","118","/home/hersco/bershco-nu-asnets/numeric-asnets/asnets/experiment-results/experiments_numeric.domain.fo_counters-experiments_numeric.architecture_2.fo_counters-2026-08-20T18:13:55.750806/P[domain,instance_2,instance_3,instance_4]-S[0.003,50,enhsp-hmrmax-astar]-MO[]-T[518400]-04905448-17cc32a/snapshots/snapshot_118_1.000","20489252","4","20","COMPLETED","0:0","00:05:44","4","0","/home/hersco/training_new_domains/2026-08-20/statistical_replication_stage1_10seed/20401225_Tr_fo_counters_fo_counters_orig_vh_c.1_s1510771779_STATREP10_STAGE1.txt","/home/hersco/training_new_domains/2026-08-22/statistical_replication_terminal_stage1_policy_eval/20489252_Ev_fo_counters_fo_counters_orig_vh_c.1_s1510771779_SR10TCP_src20401225_e0118.txt","/home/hersco/training_new_domains/2026-08-22/statistical_replication_terminal_stage1_policy_eval/20489252_Ev_fo_counters_fo_counters_orig_vh_c.1_s1510771779_SR10TCP_src20401225_e0118.txt","",""
"MAIN-TERM","fo_counters","on","stage1","final","1963100312","20401218","61","/home/hersco/bershco-nu-asnets/numeric-asnets/asnets/experiment-results/experiments_numeric.domain.fo_counters-experiments_numeric.architecture_2.fo_counters-2026-08-20T18:13:09.116765/P[domain,instance_2,instance_3,instance_4]-S[0.003,50,enhsp-hmrmax-astar]-MO[]-T[518400]-04905447-2fc32f3/snapshots/snapshot_61_1.000","20489253","4","20","COMPLETED","0:0","00:04:24","4","0","/home/hersco/training_new_domains/2026-08-20/statistical_replication_stage1_10seed/20401218_Tr_fo_counters_fo_counters_orig_vh_c.1_s1963100312_STATREP10_STAGE1.txt","/home/hersco/training_new_domains/2026-08-22/statistical_replication_terminal_stage1_policy_eval/20489253_Ev_fo_counters_fo_counters_orig_vh_c.1_s1963100312_SR10TCP_src20401218_e0061.txt","/home/hersco/training_new_domains/2026-08-22/statistical_replication_terminal_stage1_policy_eval/20489253_Ev_fo_counters_fo_counters_orig_vh_c.1_s1963100312_SR10TCP_src20401218_e0061.txt","",""
"MAIN-TERM","fo_counters","on","stage1","final","1972442430","20401227","92","/home/hersco/bershco-nu-asnets/numeric-asnets/asnets/experiment-results/experiments_numeric.domain.fo_counters-experiments_numeric.architecture_2.fo_counters-2026-08-20T18:13:55.750805/P[domain,instance_2,instance_3,instance_4]-S[0.003,50,enhsp-hmrmax-astar]-MO[]-T[518400]-04905448-72aea46/snapshots/snapshot_92_1.000","20489254","4","20","COMPLETED","0:0","00:04:29","4","0","/home/hersco/training_new_domains/2026-08-20/statistical_replication_stage1_10seed/20401227_Tr_fo_counters_fo_counters_orig_vh_c.1_s1972442430_STATREP10_STAGE1.txt","/home/hersco/training_new_domains/2026-08-22/statistical_replication_terminal_stage1_policy_eval/20489254_Ev_fo_counters_fo_counters_orig_vh_c.1_s1972442430_SR10TCP_src20401227_e0092.txt","/home/hersco/training_new_domains/2026-08-22/statistical_replication_terminal_stage1_policy_eval/20489254_Ev_fo_counters_fo_counters_orig_vh_c.1_s1972442430_SR10TCP_src20401227_e0092.txt","",""
"MAIN-TERM","fo_counters","on","stage1","final","2011206605","20401219","101","/home/hersco/bershco-nu-asnets/numeric-asnets/asnets/experiment-results/experiments_numeric.domain.fo_counters-experiments_numeric.architecture_2.fo_counters-2026-08-20T18:13:09.114894/P[domain,instance_2,instance_3,instance_4]-S[0.003,50,enhsp-hmrmax-astar]-MO[]-T[518400]-04905447-067843/snapshots/snapshot_101_1.000","20489255","3","20","COMPLETED","0:0","00:05:46","3","0","/home/hersco/training_new_domains/2026-08-20/statistical_replication_stage1_10seed/20401219_Tr_fo_counters_fo_counters_orig_vh_c.1_s2011206605_STATREP10_STAGE1.txt","/home/hersco/training_new_domains/2026-08-22/statistical_replication_terminal_stage1_policy_eval/20489255_Ev_fo_counters_fo_counters_orig_vh_c.1_s2011206605_SR10TCP_src20401219_e0101.txt","/home/hersco/training_new_domains/2026-08-22/statistical_replication_terminal_stage1_policy_eval/20489255_Ev_fo_counters_fo_counters_orig_vh_c.1_s2011206605_SR10TCP_src20401219_e0101.txt","",""
"MAIN-TERM","fo_counters","on","stage1","final","2082152039","20401224","73","/home/hersco/bershco-nu-asnets/numeric-asnets/asnets/experiment-results/experiments_numeric.domain.fo_counters-experiments_numeric.architecture_2.fo_counters-2026-08-20T18:13:09.112717/P[domain,instance_2,instance_3,instance_4]-S[0.003,50,enhsp-hmrmax-astar]-MO[]-T[518400]-04905447-faf7d6/snapshots/snapshot_73_1.000","20489256","5","20","COMPLETED","0:0","00:05:37","5","0","/home/hersco/training_new_domains/2026-08-20/statistical_replication_stage1_10seed/20401224_Tr_fo_counters_fo_counters_orig_vh_c.1_s2082152039_STATREP10_STAGE1.txt","/home/hersco/training_new_domains/2026-08-22/statistical_replication_terminal_stage1_policy_eval/20489256_Ev_fo_counters_fo_counters_orig_vh_c.1_s2082152039_SR10TCP_src20401224_e0073.txt","/home/hersco/training_new_domains/2026-08-22/statistical_replication_terminal_stage1_policy_eval/20489256_Ev_fo_counters_fo_counters_orig_vh_c.1_s2082152039_SR10TCP_src20401224_e0073.txt","",""
"MAIN-TERM","fo_counters","on","stage2","final","534933607","20489456","99","/home/hersco/bershco-nu-asnets/numeric-asnets/asnets/experiment-results/experiments_numeric.domain.fo_counters-experiments_numeric.architecture_2.fo_counters_mcts-2026-08-24T19:41:32.669146/P[domain,instance_2,instance_3,instance_4]-S[0.0003,50,enhsp-hmrmax-astar]-MO[]-T[518400]-04911295-3c74d66/snapshots/snapshot_99_1.0000","20543080","3","20","COMPLETED","0:0","00:06:41","3","0","/home/hersco/training_new_domains/2026-08-22/statistical_replication_terminal_stage2_train/20489456_Re-Tr_fo_counters_fo_counters_mcts_orig_vh_e.5_c.1_s534933607_K0_SR10TCT_src20401223_e0108.txt","/home/hersco/training_new_domains/2026-08-25/statistical_replication_terminal_stage2_policy_eval/20543080_Ev_fo_counters_fo_counters_orig_vh_c.1_s534933607_SR10TCP_src20489456_e0099.txt","/home/hersco/training_new_domains/2026-08-25/statistical_replication_terminal_stage2_policy_eval/20543080_Ev_fo_counters_fo_counters_orig_vh_c.1_s534933607_SR10TCP_src20489456_e0099.txt","",""
"MAIN-TERM","fo_counters","on","stage2","final","923500475","20489457","99","/home/hersco/bershco-nu-asnets/numeric-asnets/asnets/experiment-results/experiments_numeric.domain.fo_counters-experiments_numeric.architecture_2.fo_counters_mcts-2026-08-24T20:02:02.798697/P[domain,instance_2,instance_3,instance_4]-S[0.0003,50,enhsp-hmrmax-astar]-MO[]-T[518400]-04911316-5194f74/snapshots/snapshot_99_0.6667","20543131","4","20","COMPLETED","0:0","00:04:26","4","0","/home/hersco/training_new_domains/2026-08-22/statistical_replication_terminal_stage2_train/20489457_Re-Tr_fo_counters_fo_counters_mcts_orig_vh_e.5_c.1_s923500475_K0_SR10TCT_src20401226_e0084.txt","/home/hersco/training_new_domains/2026-08-25/statistical_replication_terminal_stage2_policy_eval/20543131_Ev_fo_counters_fo_counters_orig_vh_c.1_s923500475_SR10TCP_src20489457_e0099.txt","/home/hersco/training_new_domains/2026-08-25/statistical_replication_terminal_stage2_policy_eval/20543131_Ev_fo_counters_fo_counters_orig_vh_c.1_s923500475_SR10TCP_src20489457_e0099.txt","",""
"MAIN-TERM","fo_counters","on","stage2","final","1073581256","20489458","99","/home/hersco/bershco-nu-asnets/numeric-asnets/asnets/experiment-results/experiments_numeric.domain.fo_counters-experiments_numeric.architecture_2.fo_counters_mcts-2026-08-24T20:02:58.834506/P[domain,instance_2,instance_3,instance_4]-S[0.0003,50,enhsp-hmrmax-astar]-MO[]-T[518400]-04911317-1247c09/snapshots/snapshot_99_1.0000","20543172","3","20","COMPLETED","0:0","00:05:22","3","0","/home/hersco/training_new_domains/2026-08-22/statistical_replication_terminal_stage2_train/20489458_Re-Tr_fo_counters_fo_counters_mcts_orig_vh_e.5_c.1_s1073581256_K0_SR10TCT_src20401220_e0156.txt","/home/hersco/training_new_domains/2026-08-25/statistical_replication_terminal_stage2_policy_eval/20543172_Ev_fo_counters_fo_counters_orig_vh_c.1_s1073581256_SR10TCP_src20489458_e0099.txt","/home/hersco/training_new_domains/2026-08-25/statistical_replication_terminal_stage2_policy_eval/20543172_Ev_fo_counters_fo_counters_orig_vh_c.1_s1073581256_SR10TCP_src20489458_e0099.txt","",""
"MAIN-TERM","fo_counters","on","stage2","final","1239739722","20489459","99","/home/hersco/bershco-nu-asnets/numeric-asnets/asnets/experiment-results/experiments_numeric.domain.fo_counters-experiments_numeric.architecture_2.fo_counters_mcts-2026-08-24T20:02:58.834506/P[domain,instance_2,instance_3,instance_4]-S[0.0003,50,enhsp-hmrmax-astar]-MO[]-T[518400]-04911317-7d9a779/snapshots/snapshot_99_1.0000","20543281","4","20","COMPLETED","0:0","00:05:22","4","0","/home/hersco/training_new_domains/2026-08-22/statistical_replication_terminal_stage2_train/20489459_Re-Tr_fo_counters_fo_counters_mcts_orig_vh_e.5_c.1_s1239739722_K0_SR10TCT_src20401221_e0142.txt","/home/hersco/training_new_domains/2026-08-25/statistical_replication_terminal_stage2_policy_eval/20543281_Ev_fo_counters_fo_counters_orig_vh_c.1_s1239739722_SR10TCP_src20489459_e0099.txt","/home/hersco/training_new_domains/2026-08-25/statistical_replication_terminal_stage2_policy_eval/20543281_Ev_fo_counters_fo_counters_orig_vh_c.1_s1239739722_SR10TCP_src20489459_e0099.txt","",""
"MAIN-TERM","fo_counters","on","stage2","final","1472491096","20489461","99","/home/hersco/bershco-nu-asnets/numeric-asnets/asnets/experiment-results/experiments_numeric.domain.fo_counters-experiments_numeric.architecture_2.fo_counters_mcts-2026-08-24T20:12:00.893482/P[domain,instance_2,instance_3,instance_4]-S[0.0003,50,enhsp-hmrmax-astar]-MO[]-T[518400]-04911326-43e0a7a/snapshots/snapshot_99_1.0000","20543315","3","20","COMPLETED","0:0","00:05:55","3","0","/home/hersco/training_new_domains/2026-08-22/statistical_replication_terminal_stage2_train/20489461_Re-Tr_fo_counters_fo_counters_mcts_orig_vh_e.5_c.1_s1472491096_K0_SR10TCT_src20401222_e0116.txt","/home/hersco/training_new_domains/2026-08-25/statistical_replication_terminal_stage2_policy_eval/20543315_Ev_fo_counters_fo_counters_orig_vh_c.1_s1472491096_SR10TCP_src20489461_e0099.txt","/home/hersco/training_new_domains/2026-08-25/statistical_replication_terminal_stage2_policy_eval/20543315_Ev_fo_counters_fo_counters_orig_vh_c.1_s1472491096_SR10TCP_src20489461_e0099.txt","",""
"MAIN-TERM","fo_counters","on","stage2","final","1510771779","20489462","99","/home/hersco/bershco-nu-asnets/numeric-asnets/asnets/experiment-results/experiments_numeric.domain.fo_counters-experiments_numeric.architecture_2.fo_counters_mcts-2026-08-24T20:12:00.893537/P[domain,instance_2,instance_3,instance_4]-S[0.0003,50,enhsp-hmrmax-astar]-MO[]-T[518400]-04911326-17cc32a/snapshots/snapshot_99_1.0000","20543346","3","20","COMPLETED","0:0","00:04:12","3","0","/home/hersco/training_new_domains/2026-08-22/statistical_replication_terminal_stage2_train/20489462_Re-Tr_fo_counters_fo_counters_mcts_orig_vh_e.5_c.1_s1510771779_K0_SR10TCT_src20401225_e0118.txt","/home/hersco/training_new_domains/2026-08-25/statistical_replication_terminal_stage2_policy_eval/20543346_Ev_fo_counters_fo_counters_orig_vh_c.1_s1510771779_SR10TCP_src20489462_e0099.txt","/home/hersco/training_new_domains/2026-08-25/statistical_replication_terminal_stage2_policy_eval/20543346_Ev_fo_counters_fo_counters_orig_vh_c.1_s1510771779_SR10TCP_src20489462_e0099.txt","",""
"MAIN-TERM","fo_counters","on","stage2","final","1963100312","20489463","99","/home/hersco/bershco-nu-asnets/numeric-asnets/asnets/experiment-results/experiments_numeric.domain.fo_counters-experiments_numeric.architecture_2.fo_counters_mcts-2026-08-24T20:23:41.663907/P[domain,instance_2,instance_3,instance_4]-S[0.0003,50,enhsp-hmrmax-astar]-MO[]-T[518400]-04911337-2fc32f3/snapshots/snapshot_99_1.0000","20543389","5","20","COMPLETED","0:0","00:05:37","5","0","/home/hersco/training_new_domains/2026-08-22/statistical_replication_terminal_stage2_train/20489463_Re-Tr_fo_counters_fo_counters_mcts_orig_vh_e.5_c.1_s1963100312_K0_SR10TCT_src20401218_e0061.txt","/home/hersco/training_new_domains/2026-08-25/statistical_replication_terminal_stage2_policy_eval/20543389_Ev_fo_counters_fo_counters_orig_vh_c.1_s1963100312_SR10TCP_src20489463_e0099.txt","/home/hersco/training_new_domains/2026-08-25/statistical_replication_terminal_stage2_policy_eval/20543389_Ev_fo_counters_fo_counters_orig_vh_c.1_s1963100312_SR10TCP_src20489463_e0099.txt","",""
"MAIN-TERM","fo_counters","on","stage2","final","1972442430","20489464","99","/home/hersco/bershco-nu-asnets/numeric-asnets/asnets/experiment-results/experiments_numeric.domain.fo_counters-experiments_numeric.architecture_2.fo_counters_mcts-2026-08-24T20:23:41.664103/P[domain,instance_2,instance_3,instance_4]-S[0.0003,50,enhsp-hmrmax-astar]-MO[]-T[518400]-04911337-72aea46/snapshots/snapshot_99_1.0000","20543429","3","20","COMPLETED","0:0","00:06:09","3","0","/home/hersco/training_new_domains/2026-08-22/statistical_replication_terminal_stage2_train/20489464_Re-Tr_fo_counters_fo_counters_mcts_orig_vh_e.5_c.1_s1972442430_K0_SR10TCT_src20401227_e0092.txt","/home/hersco/training_new_domains/2026-08-25/statistical_replication_terminal_stage2_policy_eval/20543429_Ev_fo_counters_fo_counters_orig_vh_c.1_s1972442430_SR10TCP_src20489464_e0099.txt","/home/hersco/training_new_domains/2026-08-25/statistical_replication_terminal_stage2_policy_eval/20543429_Ev_fo_counters_fo_counters_orig_vh_c.1_s1972442430_SR10TCP_src20489464_e0099.txt","",""
"MAIN-TERM","fo_counters","on","stage2","final","2011206605","20489465","99","/home/hersco/bershco-nu-asnets/numeric-asnets/asnets/experiment-results/experiments_numeric.domain.fo_counters-experiments_numeric.architecture_2.fo_counters_mcts-2026-08-24T20:43:37.581434/P[domain,instance_2,instance_3,instance_4]-S[0.0003,50,enhsp-hmrmax-astar]-MO[]-T[518400]-04911357-067843/snapshots/snapshot_99_1.0000","20543473","4","20","COMPLETED","0:0","00:04:40","4","0","/home/hersco/training_new_domains/2026-08-22/statistical_replication_terminal_stage2_train/20489465_Re-Tr_fo_counters_fo_counters_mcts_orig_vh_e.5_c.1_s2011206605_K0_SR10TCT_src20401219_e0101.txt","/home/hersco/training_new_domains/2026-08-25/statistical_replication_terminal_stage2_policy_eval/20543473_Ev_fo_counters_fo_counters_orig_vh_c.1_s2011206605_SR10TCP_src20489465_e0099.txt","/home/hersco/training_new_domains/2026-08-25/statistical_replication_terminal_stage2_policy_eval/20543473_Ev_fo_counters_fo_counters_orig_vh_c.1_s2011206605_SR10TCP_src20489465_e0099.txt","",""
"MAIN-TERM","fo_counters","on","stage2","final","2082152039","20489466","99","/home/hersco/bershco-nu-asnets/numeric-asnets/asnets/experiment-results/experiments_numeric.domain.fo_counters-experiments_numeric.architecture_2.fo_counters_mcts-2026-08-24T20:43:27.997153/P[domain,instance_2,instance_3,instance_4]-S[0.0003,50,enhsp-hmrmax-astar]-MO[]-T[518400]-04911357-faf7d6/snapshots/snapshot_99_1.0000","20543510","4","20","COMPLETED","0:0","00:04:58","4","0","/home/hersco/training_new_domains/2026-08-22/statistical_replication_terminal_stage2_train/20489466_Re-Tr_fo_counters_fo_counters_mcts_orig_vh_e.5_c.1_s2082152039_K0_SR10TCT_src20401224_e0073.txt","/home/hersco/training_new_domains/2026-08-25/statistical_replication_terminal_stage2_policy_eval/20543510_Ev_fo_counters_fo_counters_orig_vh_c.1_s2082152039_SR10TCP_src20489466_e0099.txt","/home/hersco/training_new_domains/2026-08-25/statistical_replication_terminal_stage2_policy_eval/20543510_Ev_fo_counters_fo_counters_orig_vh_c.1_s2082152039_SR10TCP_src20489466_e0099.txt","",""
"MAIN-TERM","fo_counters","on","stage2","validation_selected","534933607","20489456","44","\home\hersco\bershco-nu-asnets\numeric-asnets\asnets\experiment-results\experiments_numeric.domain.fo_counters-experiments_numeric.architecture_2.fo_counters_mcts-2026-08-24T19:41:32.669146\P[domain,instance_2,instance_3,instance_4]-S[0.0003,50,enhsp-hmrmax-astar]-MO[]-T[518400]-04911295-3c74d66\snapshots/snapshot_44_1.0000","20543081","3","20","COMPLETED","0:0","00:05:51","3","0","/home/hersco/training_new_domains/2026-08-22/statistical_replication_terminal_stage2_train/20489456_Re-Tr_fo_counters_fo_counters_mcts_orig_vh_e.5_c.1_s534933607_K0_SR10TCT_src20401223_e0108.txt","/home/hersco/training_new_domains/2026-08-25/statistical_replication_terminal_stage2_policy_eval/20543081_Ev_fo_counters_fo_counters_orig_vh_c.1_s534933607_SR10TCP_src20489456_e0044.txt","/home/hersco/training_new_domains/2026-08-25/statistical_replication_terminal_stage2_policy_eval/20543081_Ev_fo_counters_fo_counters_orig_vh_c.1_s534933607_SR10TCP_src20489456_e0044.txt","",""
"MAIN-TERM","fo_counters","on","stage2","validation_selected","923500475","20489457","30","\home\hersco\bershco-nu-asnets\numeric-asnets\asnets\experiment-results\experiments_numeric.domain.fo_counters-experiments_numeric.architecture_2.fo_counters_mcts-2026-08-24T20:02:02.798697\P[domain,instance_2,instance_3,instance_4]-S[0.0003,50,enhsp-hmrmax-astar]-MO[]-T[518400]-04911316-5194f74\snapshots/snapshot_30_1.0000","20543095","3","20","COMPLETED","0:0","00:04:10","3","0","/home/hersco/training_new_domains/2026-08-22/statistical_replication_terminal_stage2_train/20489457_Re-Tr_fo_counters_fo_counters_mcts_orig_vh_e.5_c.1_s923500475_K0_SR10TCT_src20401226_e0084.txt","/home/hersco/training_new_domains/2026-08-25/statistical_replication_terminal_stage2_policy_eval/20543095_Ev_fo_counters_fo_counters_orig_vh_c.1_s923500475_SR10TCP_src20489457_e0030.txt","/home/hersco/training_new_domains/2026-08-25/statistical_replication_terminal_stage2_policy_eval/20543095_Ev_fo_counters_fo_counters_orig_vh_c.1_s923500475_SR10TCP_src20489457_e0030.txt","",""
"MAIN-TERM","fo_counters","on","stage2","validation_selected","1073581256","20489458","77","\home\hersco\bershco-nu-asnets\numeric-asnets\asnets\experiment-results\experiments_numeric.domain.fo_counters-experiments_numeric.architecture_2.fo_counters_mcts-2026-08-24T20:02:58.834506\P[domain,instance_2,instance_3,instance_4]-S[0.0003,50,enhsp-hmrmax-astar]-MO[]-T[518400]-04911317-1247c09\snapshots/snapshot_77_1.0000","20543178","5","20","COMPLETED","0:0","00:05:21","5","0","/home/hersco/training_new_domains/2026-08-22/statistical_replication_terminal_stage2_train/20489458_Re-Tr_fo_counters_fo_counters_mcts_orig_vh_e.5_c.1_s1073581256_K0_SR10TCT_src20401220_e0156.txt","/home/hersco/training_new_domains/2026-08-25/statistical_replication_terminal_stage2_policy_eval/20543178_Ev_fo_counters_fo_counters_orig_vh_c.1_s1073581256_SR10TCP_src20489458_e0077.txt","/home/hersco/training_new_domains/2026-08-25/statistical_replication_terminal_stage2_policy_eval/20543178_Ev_fo_counters_fo_counters_orig_vh_c.1_s1073581256_SR10TCP_src20489458_e0077.txt","",""
"MAIN-TERM","fo_counters","on","stage2","validation_selected","1239739722","20489459","66","\home\hersco\bershco-nu-asnets\numeric-asnets\asnets\experiment-results\experiments_numeric.domain.fo_counters-experiments_numeric.architecture_2.fo_counters_mcts-2026-08-24T20:02:58.834506\P[domain,instance_2,instance_3,instance_4]-S[0.0003,50,enhsp-hmrmax-astar]-MO[]-T[518400]-04911317-7d9a779\snapshots/snapshot_66_1.0000","20543282","4","20","COMPLETED","0:0","00:05:51","4","0","/home/hersco/training_new_domains/2026-08-22/statistical_replication_terminal_stage2_train/20489459_Re-Tr_fo_counters_fo_counters_mcts_orig_vh_e.5_c.1_s1239739722_K0_SR10TCT_src20401221_e0142.txt","/home/hersco/training_new_domains/2026-08-25/statistical_replication_terminal_stage2_policy_eval/20543282_Ev_fo_counters_fo_counters_orig_vh_c.1_s1239739722_SR10TCP_src20489459_e0066.txt","/home/hersco/training_new_domains/2026-08-25/statistical_replication_terminal_stage2_policy_eval/20543282_Ev_fo_counters_fo_counters_orig_vh_c.1_s1239739722_SR10TCP_src20489459_e0066.txt","",""
"MAIN-TERM","fo_counters","on","stage2","validation_selected","1472491096","20489461","3","\home\hersco\bershco-nu-asnets\numeric-asnets\asnets\experiment-results\experiments_numeric.domain.fo_counters-experiments_numeric.architecture_2.fo_counters_mcts-2026-08-24T20:12:00.893482\P[domain,instance_2,instance_3,instance_4]-S[0.0003,50,enhsp-hmrmax-astar]-MO[]-T[518400]-04911326-43e0a7a\snapshots/snapshot_3_1.0000","20543316","3","20","COMPLETED","0:0","00:05:43","3","0","/home/hersco/training_new_domains/2026-08-22/statistical_replication_terminal_stage2_train/20489461_Re-Tr_fo_counters_fo_counters_mcts_orig_vh_e.5_c.1_s1472491096_K0_SR10TCT_src20401222_e0116.txt","/home/hersco/training_new_domains/2026-08-25/statistical_replication_terminal_stage2_policy_eval/20543316_Ev_fo_counters_fo_counters_orig_vh_c.1_s1472491096_SR10TCP_src20489461_e0003.txt","/home/hersco/training_new_domains/2026-08-25/statistical_replication_terminal_stage2_policy_eval/20543316_Ev_fo_counters_fo_counters_orig_vh_c.1_s1472491096_SR10TCP_src20489461_e0003.txt","",""
"MAIN-TERM","fo_counters","on","stage2","validation_selected","1510771779","20489462","32","\home\hersco\bershco-nu-asnets\numeric-asnets\asnets\experiment-results\experiments_numeric.domain.fo_counters-experiments_numeric.architecture_2.fo_counters_mcts-2026-08-24T20:12:00.893537\P[domain,instance_2,instance_3,instance_4]-S[0.0003,50,enhsp-hmrmax-astar]-MO[]-T[518400]-04911326-17cc32a\snapshots/snapshot_32_1.0000","20543348","4","20","COMPLETED","0:0","00:04:11","4","0","/home/hersco/training_new_domains/2026-08-22/statistical_replication_terminal_stage2_train/20489462_Re-Tr_fo_counters_fo_counters_mcts_orig_vh_e.5_c.1_s1510771779_K0_SR10TCT_src20401225_e0118.txt","/home/hersco/training_new_domains/2026-08-25/statistical_replication_terminal_stage2_policy_eval/20543348_Ev_fo_counters_fo_counters_orig_vh_c.1_s1510771779_SR10TCP_src20489462_e0032.txt","/home/hersco/training_new_domains/2026-08-25/statistical_replication_terminal_stage2_policy_eval/20543348_Ev_fo_counters_fo_counters_orig_vh_c.1_s1510771779_SR10TCP_src20489462_e0032.txt","",""
"MAIN-TERM","fo_counters","on","stage2","validation_selected","1963100312","20489463","69","\home\hersco\bershco-nu-asnets\numeric-asnets\asnets\experiment-results\experiments_numeric.domain.fo_counters-experiments_numeric.architecture_2.fo_counters_mcts-2026-08-24T20:23:41.663907\P[domain,instance_2,instance_3,instance_4]-S[0.0003,50,enhsp-hmrmax-astar]-MO[]-T[518400]-04911337-2fc32f3\snapshots/snapshot_69_1.0000","20543390","4","20","COMPLETED","0:0","00:05:19","4","0","/home/hersco/training_new_domains/2026-08-22/statistical_replication_terminal_stage2_train/20489463_Re-Tr_fo_counters_fo_counters_mcts_orig_vh_e.5_c.1_s1963100312_K0_SR10TCT_src20401218_e0061.txt","/home/hersco/training_new_domains/2026-08-25/statistical_replication_terminal_stage2_policy_eval/20543390_Ev_fo_counters_fo_counters_orig_vh_c.1_s1963100312_SR10TCP_src20489463_e0069.txt","/home/hersco/training_new_domains/2026-08-25/statistical_replication_terminal_stage2_policy_eval/20543390_Ev_fo_counters_fo_counters_orig_vh_c.1_s1963100312_SR10TCP_src20489463_e0069.txt","",""
"MAIN-TERM","fo_counters","on","stage2","validation_selected","1972442430","20489464","5","\home\hersco\bershco-nu-asnets\numeric-asnets\asnets\experiment-results\experiments_numeric.domain.fo_counters-experiments_numeric.architecture_2.fo_counters_mcts-2026-08-24T20:23:41.664103\P[domain,instance_2,instance_3,instance_4]-S[0.0003,50,enhsp-hmrmax-astar]-MO[]-T[518400]-04911337-72aea46\snapshots/snapshot_5_1.0000","20543392","3","20","COMPLETED","0:0","00:04:27","3","0","/home/hersco/training_new_domains/2026-08-22/statistical_replication_terminal_stage2_train/20489464_Re-Tr_fo_counters_fo_counters_mcts_orig_vh_e.5_c.1_s1972442430_K0_SR10TCT_src20401227_e0092.txt","/home/hersco/training_new_domains/2026-08-25/statistical_replication_terminal_stage2_policy_eval/20543392_Ev_fo_counters_fo_counters_orig_vh_c.1_s1972442430_SR10TCP_src20489464_e0005.txt","/home/hersco/training_new_domains/2026-08-25/statistical_replication_terminal_stage2_policy_eval/20543392_Ev_fo_counters_fo_counters_orig_vh_c.1_s1972442430_SR10TCP_src20489464_e0005.txt","",""
"MAIN-TERM","fo_counters","on","stage2","validation_selected","2011206605","20489465","3","\home\hersco\bershco-nu-asnets\numeric-asnets\asnets\experiment-results\experiments_numeric.domain.fo_counters-experiments_numeric.architecture_2.fo_counters_mcts-2026-08-24T20:43:37.581434\P[domain,instance_2,instance_3,instance_4]-S[0.0003,50,enhsp-hmrmax-astar]-MO[]-T[518400]-04911357-067843\snapshots/snapshot_3_1.0000","20543474","5","20","COMPLETED","0:0","00:04:31","5","0","/home/hersco/training_new_domains/2026-08-22/statistical_replication_terminal_stage2_train/20489465_Re-Tr_fo_counters_fo_counters_mcts_orig_vh_e.5_c.1_s2011206605_K0_SR10TCT_src20401219_e0101.txt","/home/hersco/training_new_domains/2026-08-25/statistical_replication_terminal_stage2_policy_eval/20543474_Ev_fo_counters_fo_counters_orig_vh_c.1_s2011206605_SR10TCP_src20489465_e0003.txt","/home/hersco/training_new_domains/2026-08-25/statistical_replication_terminal_stage2_policy_eval/20543474_Ev_fo_counters_fo_counters_orig_vh_c.1_s2011206605_SR10TCP_src20489465_e0003.txt","",""
"MAIN-TERM","fo_counters","on","stage2","validation_selected","2082152039","20489466","15","\home\hersco\bershco-nu-asnets\numeric-asnets\asnets\experiment-results\experiments_numeric.domain.fo_counters-experiments_numeric.architecture_2.fo_counters_mcts-2026-08-24T20:43:27.997153\P[domain,instance_2,instance_3,instance_4]-S[0.0003,50,enhsp-hmrmax-astar]-MO[]-T[518400]-04911357-faf7d6\snapshots/snapshot_15_1.0000","20543483","4","20","COMPLETED","0:0","00:06:05","4","0","/home/hersco/training_new_domains/2026-08-22/statistical_replication_terminal_stage2_train/20489466_Re-Tr_fo_counters_fo_counters_mcts_orig_vh_e.5_c.1_s2082152039_K0_SR10TCT_src20401224_e0073.txt","/home/hersco/training_new_domains/2026-08-25/statistical_replication_terminal_stage2_policy_eval/20543483_Ev_fo_counters_fo_counters_orig_vh_c.1_s2082152039_SR10TCP_src20489466_e0015.txt","/home/hersco/training_new_domains/2026-08-25/statistical_replication_terminal_stage2_policy_eval/20543483_Ev_fo_counters_fo_counters_orig_vh_c.1_s2082152039_SR10TCP_src20489466_e0015.txt","",""
"MAIN-TERM","rover","off","stage1","final","534933607","20401253","174","/home/hersco/bershco-nu-asnets/numeric-asnets/asnets/experiment-results/experiments_numeric.domain.rover-experiments_numeric.architecture_2.rover-2026-08-20T18:13:53.790626/P[domain,pfile1,pfile2,pfile3,pfile4]-S[0.003,50,enhsp-hmrp-ha-gbfs]-MO[]-T[518400]-04905447-3c74d66/snapshots/snapshot_174_0.750","20489257","4","20","COMPLETED","0:0","00:15:41","4","0","/home/hersco/training_new_domains/2026-08-20/statistical_replication_stage1_10seed/20401253_Tr_rover_rover_orig_novh_c.1_s534933607_STATREP10_STAGE1.txt","/home/hersco/training_new_domains/2026-08-22/statistical_replication_terminal_stage1_policy_eval/20489257_Ev_rover_rover_orig_novh_c.1_s534933607_SR10TCP_src20401253_e0174.txt","/home/hersco/training_new_domains/2026-08-22/statistical_replication_terminal_stage1_policy_eval/20489257_Ev_rover_rover_orig_novh_c.1_s534933607_SR10TCP_src20401253_e0174.txt","",""
"MAIN-TERM","rover","off","stage1","final","923500475","20401256","70","/home/hersco/bershco-nu-asnets/numeric-asnets/asnets/experiment-results/experiments_numeric.domain.rover-experiments_numeric.architecture_2.rover-2026-08-20T18:13:08.633313/P[domain,pfile1,pfile2,pfile3,pfile4]-S[0.003,50,enhsp-hmrp-ha-gbfs]-MO[]-T[518400]-04905447-5194f74/snapshots/snapshot_70_0.750","20428675","4","20","COMPLETED","0:0","00:18:59","4","0","/home/hersco/training_new_domains/2026-08-20/statistical_replication_stage1_10seed/20401256_Tr_rover_rover_orig_novh_c.1_s923500475_STATREP10_STAGE1.txt","/home/hersco/training_new_domains/2026-08-21/statistical_replication_stage1_policy_eval/20428675_Ev_rover_rover_orig_novh_c.1_s923500475_SR10P_src20401256_e0070.txt","/home/hersco/training_new_domains/2026-08-21/statistical_replication_stage1_policy_eval/20428675_Ev_rover_rover_orig_novh_c.1_s923500475_SR10P_src20401256_e0070.txt","",""
"MAIN-TERM","rover","off","stage1","final","1073581256","20401250","90","/home/hersco/bershco-nu-asnets/numeric-asnets/asnets/experiment-results/experiments_numeric.domain.rover-experiments_numeric.architecture_2.rover-2026-08-20T18:13:53.487394/P[domain,pfile1,pfile2,pfile3,pfile4]-S[0.003,50,enhsp-hmrp-ha-gbfs]-MO[]-T[518400]-04905447-1247c09/snapshots/snapshot_90_0.750","20428133","4","20","COMPLETED","0:0","00:16:13","4","0","/home/hersco/training_new_domains/2026-08-20/statistical_replication_stage1_10seed/20401250_Tr_rover_rover_orig_novh_c.1_s1073581256_STATREP10_STAGE1.txt","/home/hersco/training_new_domains/2026-08-21/statistical_replication_stage1_policy_eval/20428133_Ev_rover_rover_orig_novh_c.1_s1073581256_SR10P_src20401250_e0090.txt","/home/hersco/training_new_domains/2026-08-21/statistical_replication_stage1_policy_eval/20428133_Ev_rover_rover_orig_novh_c.1_s1073581256_SR10P_src20401250_e0090.txt","",""
"MAIN-TERM","rover","off","stage1","final","1239739722","20401251","103","/home/hersco/bershco-nu-asnets/numeric-asnets/asnets/experiment-results/experiments_numeric.domain.rover-experiments_numeric.architecture_2.rover-2026-08-20T18:13:53.790681/P[domain,pfile1,pfile2,pfile3,pfile4]-S[0.003,50,enhsp-hmrp-ha-gbfs]-MO[]-T[518400]-04905447-7d9a779/snapshots/snapshot_103_0.625","20489258","3","20","COMPLETED","0:0","00:13:04","3","0","/home/hersco/training_new_domains/2026-08-20/statistical_replication_stage1_10seed/20401251_Tr_rover_rover_orig_novh_c.1_s1239739722_STATREP10_STAGE1.txt","/home/hersco/training_new_domains/2026-08-22/statistical_replication_terminal_stage1_policy_eval/20489258_Ev_rover_rover_orig_novh_c.1_s1239739722_SR10TCP_src20401251_e0103.txt","/home/hersco/training_new_domains/2026-08-22/statistical_replication_terminal_stage1_policy_eval/20489258_Ev_rover_rover_orig_novh_c.1_s1239739722_SR10TCP_src20401251_e0103.txt","",""
"MAIN-TERM","rover","off","stage1","final","1472491096","20401252","114","/home/hersco/bershco-nu-asnets/numeric-asnets/asnets/experiment-results/experiments_numeric.domain.rover-experiments_numeric.architecture_2.rover-2026-08-20T18:13:53.487389/P[domain,pfile1,pfile2,pfile3,pfile4]-S[0.003,50,enhsp-hmrp-ha-gbfs]-MO[]-T[518400]-04905447-43e0a7a/snapshots/snapshot_114_0.750","20489259","4","20","COMPLETED","0:0","00:04:33","4","0","/home/hersco/training_new_domains/2026-08-20/statistical_replication_stage1_10seed/20401252_Tr_rover_rover_orig_novh_c.1_s1472491096_STATREP10_STAGE1.txt","/home/hersco/training_new_domains/2026-08-22/statistical_replication_terminal_stage1_policy_eval/20489259_Ev_rover_rover_orig_novh_c.1_s1472491096_SR10TCP_src20401252_e0114.txt","/home/hersco/training_new_domains/2026-08-22/statistical_replication_terminal_stage1_policy_eval/20489259_Ev_rover_rover_orig_novh_c.1_s1472491096_SR10TCP_src20401252_e0114.txt","",""
"MAIN-TERM","rover","off","stage1","final","1510771779","20401255","98","/home/hersco/bershco-nu-asnets/numeric-asnets/asnets/experiment-results/experiments_numeric.domain.rover-experiments_numeric.architecture_2.rover-2026-08-20T18:13:08.633224/P[domain,pfile1,pfile2,pfile3,pfile4]-S[0.003,50,enhsp-hmrp-ha-gbfs]-MO[]-T[518400]-04905447-17cc32a/snapshots/snapshot_98_0.625","20489260","4","20","COMPLETED","0:0","00:25:56","4","0","/home/hersco/training_new_domains/2026-08-20/statistical_replication_stage1_10seed/20401255_Tr_rover_rover_orig_novh_c.1_s1510771779_STATREP10_STAGE1.txt","/home/hersco/training_new_domains/2026-08-22/statistical_replication_terminal_stage1_policy_eval/20489260_Ev_rover_rover_orig_novh_c.1_s1510771779_SR10TCP_src20401255_e0098.txt","/home/hersco/training_new_domains/2026-08-22/statistical_replication_terminal_stage1_policy_eval/20489260_Ev_rover_rover_orig_novh_c.1_s1510771779_SR10TCP_src20401255_e0098.txt","",""
"MAIN-TERM","rover","off","stage1","final","1963100312","20401248","75","/home/hersco/bershco-nu-asnets/numeric-asnets/asnets/experiment-results/experiments_numeric.domain.rover-experiments_numeric.architecture_2.rover-2026-08-20T18:13:01.854128/P[domain,pfile1,pfile2,pfile3,pfile4]-S[0.003,50,enhsp-hmrp-ha-gbfs]-MO[]-T[518400]-04905447-2fc32f3/snapshots/snapshot_75_0.625","20428047","4","20","COMPLETED","0:0","00:24:39","4","0","/home/hersco/training_new_domains/2026-08-20/statistical_replication_stage1_10seed/20401248_Tr_rover_rover_orig_novh_c.1_s1963100312_STATREP10_STAGE1.txt","/home/hersco/training_new_domains/2026-08-21/statistical_replication_stage1_policy_eval/20428047_Ev_rover_rover_orig_novh_c.1_s1963100312_SR10P_src20401248_e0075.txt","/home/hersco/training_new_domains/2026-08-21/statistical_replication_stage1_policy_eval/20428047_Ev_rover_rover_orig_novh_c.1_s1963100312_SR10P_src20401248_e0075.txt","",""
"MAIN-TERM","rover","off","stage1","final","1972442430","20401257","285","/home/hersco/bershco-nu-asnets/numeric-asnets/asnets/experiment-results/experiments_numeric.domain.rover-experiments_numeric.architecture_2.rover-2026-08-20T18:13:08.633180/P[domain,pfile1,pfile2,pfile3,pfile4]-S[0.003,50,enhsp-hmrp-ha-gbfs]-MO[]-T[518400]-04905447-72aea46/snapshots/snapshot_285_0.750","20450965","4","20","COMPLETED","0:0","00:14:30","4","0","/home/hersco/training_new_domains/2026-08-20/statistical_replication_stage1_10seed/20401257_Tr_rover_rover_orig_novh_c.1_s1972442430_STATREP10_STAGE1.txt","/home/hersco/training_new_domains/2026-08-21/statistical_replication_stage1_policy_eval/20450965_Ev_rover_rover_orig_novh_c.1_s1972442430_SR10P_src20401257_e0285.txt","/home/hersco/training_new_domains/2026-08-21/statistical_replication_stage1_policy_eval/20450965_Ev_rover_rover_orig_novh_c.1_s1972442430_SR10P_src20401257_e0285.txt","",""
"MAIN-TERM","rover","off","stage1","final","2011206605","20401249","94","/home/hersco/bershco-nu-asnets/numeric-asnets/asnets/experiment-results/experiments_numeric.domain.rover-experiments_numeric.architecture_2.rover-2026-08-20T18:13:01.854160/P[domain,pfile1,pfile2,pfile3,pfile4]-S[0.003,50,enhsp-hmrp-ha-gbfs]-MO[]-T[518400]-04905447-067843/snapshots/snapshot_94_0.625","20489261","5","20","COMPLETED","0:0","00:17:58","5","0","/home/hersco/training_new_domains/2026-08-20/statistical_replication_stage1_10seed/20401249_Tr_rover_rover_orig_novh_c.1_s2011206605_STATREP10_STAGE1.txt","/home/hersco/training_new_domains/2026-08-22/statistical_replication_terminal_stage1_policy_eval/20489261_Ev_rover_rover_orig_novh_c.1_s2011206605_SR10TCP_src20401249_e0094.txt","/home/hersco/training_new_domains/2026-08-22/statistical_replication_terminal_stage1_policy_eval/20489261_Ev_rover_rover_orig_novh_c.1_s2011206605_SR10TCP_src20401249_e0094.txt","",""
"MAIN-TERM","rover","off","stage1","final","2082152039","20401254","71","/home/hersco/bershco-nu-asnets/numeric-asnets/asnets/experiment-results/experiments_numeric.domain.rover-experiments_numeric.architecture_2.rover-2026-08-20T18:13:08.633221/P[domain,pfile1,pfile2,pfile3,pfile4]-S[0.003,50,enhsp-hmrp-ha-gbfs]-MO[]-T[518400]-04905447-faf7d6/snapshots/snapshot_71_0.625","20489262","2","20","COMPLETED","0:0","00:35:39","2","0","/home/hersco/training_new_domains/2026-08-20/statistical_replication_stage1_10seed/20401254_Tr_rover_rover_orig_novh_c.1_s2082152039_STATREP10_STAGE1.txt","/home/hersco/training_new_domains/2026-08-22/statistical_replication_terminal_stage1_policy_eval/20489262_Ev_rover_rover_orig_novh_c.1_s2082152039_SR10TCP_src20401254_e0071.txt","/home/hersco/training_new_domains/2026-08-22/statistical_replication_terminal_stage1_policy_eval/20489262_Ev_rover_rover_orig_novh_c.1_s2082152039_SR10TCP_src20401254_e0071.txt","",""
"MAIN-TERM","rover","off","stage2","final","534933607","20489467","99","/home/hersco/bershco-nu-asnets/numeric-asnets/asnets/experiment-results/experiments_numeric.domain.rover-experiments_numeric.architecture_2.rover_mcts-2026-08-24T20:53:44.033810/P[domain,pfile1,pfile2,pfile3,pfile4]-S[0.0003,50,enhsp-hmrp-ha-gbfs]-MO[]-T[518400]-04911368-3c74d66/snapshots/snapshot_99_1.0000","20545857","4","20","COMPLETED","0:0","00:25:03","4","0","/home/hersco/training_new_domains/2026-08-22/statistical_replication_terminal_stage2_train/20489467_Re-Tr_rover_rover_mcts_orig_novh_e.5_c.1_s534933607_K0_SR10TCT_src20401253_e0174.txt","/home/hersco/training_new_domains/2026-08-25/statistical_replication_terminal_stage2_policy_eval/20545857_Ev_rover_rover_orig_novh_c.1_s534933607_SR10TCP_src20489467_e0099.txt","/home/hersco/training_new_domains/2026-08-25/statistical_replication_terminal_stage2_policy_eval/20545857_Ev_rover_rover_orig_novh_c.1_s534933607_SR10TCP_src20489467_e0099.txt","",""
"MAIN-TERM","rover","off","stage2","final","923500475","20489468","99","/home/hersco/bershco-nu-asnets/numeric-asnets/asnets/experiment-results/experiments_numeric.domain.rover-experiments_numeric.architecture_2.rover_mcts-2026-08-24T20:55:44.574194/P[domain,pfile1,pfile2,pfile3,pfile4]-S[0.0003,50,enhsp-hmrp-ha-gbfs]-MO[]-T[518400]-04911369-5194f74/snapshots/snapshot_99_1.0000","20543636","3","20","COMPLETED","0:0","00:26:33","3","0","/home/hersco/training_new_domains/2026-08-22/statistical_replication_terminal_stage2_train/20489468_Re-Tr_rover_rover_mcts_orig_novh_e.5_c.1_s923500475_K0_SR10TCT_src20401256_e0070.txt","/home/hersco/training_new_domains/2026-08-25/statistical_replication_terminal_stage2_policy_eval/20543636_Ev_rover_rover_orig_novh_c.1_s923500475_SR10TCP_src20489468_e0099.txt","/home/hersco/training_new_domains/2026-08-25/statistical_replication_terminal_stage2_policy_eval/20543636_Ev_rover_rover_orig_novh_c.1_s923500475_SR10TCP_src20489468_e0099.txt","",""
"MAIN-TERM","rover","off","stage2","final","1073581256","20489469","99","/home/hersco/bershco-nu-asnets/numeric-asnets/asnets/experiment-results/experiments_numeric.domain.rover-experiments_numeric.architecture_2.rover_mcts-2026-08-24T20:57:21.875086/P[domain,pfile1,pfile2,pfile3,pfile4]-S[0.0003,50,enhsp-hmrp-ha-gbfs]-MO[]-T[518400]-04911371-1247c09/snapshots/snapshot_99_1.0000","20545878","4","20","COMPLETED","0:0","00:28:03","4","0","/home/hersco/training_new_domains/2026-08-22/statistical_replication_terminal_stage2_train/20489469_Re-Tr_rover_rover_mcts_orig_novh_e.5_c.1_s1073581256_K0_SR10TCT_src20401250_e0090.txt","/home/hersco/training_new_domains/2026-08-25/statistical_replication_terminal_stage2_policy_eval/20545878_Ev_rover_rover_orig_novh_c.1_s1073581256_SR10TCP_src20489469_e0099.txt","/home/hersco/training_new_domains/2026-08-25/statistical_replication_terminal_stage2_policy_eval/20545878_Ev_rover_rover_orig_novh_c.1_s1073581256_SR10TCP_src20489469_e0099.txt","",""
"MAIN-TERM","rover","off","stage2","final","1239739722","20489470","99","/home/hersco/bershco-nu-asnets/numeric-asnets/asnets/experiment-results/experiments_numeric.domain.rover-experiments_numeric.architecture_2.rover_mcts-2026-08-24T20:57:21.864309/P[domain,pfile1,pfile2,pfile3,pfile4]-S[0.0003,50,enhsp-hmrp-ha-gbfs]-MO[]-T[518400]-04911371-7d9a779/snapshots/snapshot_99_1.0000","20545900","4","20","COMPLETED","0:0","00:33:40","4","0","/home/hersco/training_new_domains/2026-08-22/statistical_replication_terminal_stage2_train/20489470_Re-Tr_rover_rover_mcts_orig_novh_e.5_c.1_s1239739722_K0_SR10TCT_src20401251_e0103.txt","/home/hersco/training_new_domains/2026-08-25/statistical_replication_terminal_stage2_policy_eval/20545900_Ev_rover_rover_orig_novh_c.1_s1239739722_SR10TCP_src20489470_e0099.txt","/home/hersco/training_new_domains/2026-08-25/statistical_replication_terminal_stage2_policy_eval/20545900_Ev_rover_rover_orig_novh_c.1_s1239739722_SR10TCP_src20489470_e0099.txt","",""
"MAIN-TERM","rover","off","stage2","final","1472491096","20489471","99","/home/hersco/bershco-nu-asnets/numeric-asnets/asnets/experiment-results/experiments_numeric.domain.rover-experiments_numeric.architecture_2.rover_mcts-2026-08-24T21:15:27.100646/P[domain,pfile1,pfile2,pfile3,pfile4]-S[0.0003,50,enhsp-hmrp-ha-gbfs]-MO[]-T[518400]-04911389-43e0a7a/snapshots/snapshot_99_1.0000","20545921","4","20","COMPLETED","0:0","00:25:23","4","0","/home/hersco/training_new_domains/2026-08-22/statistical_replication_terminal_stage2_train/20489471_Re-Tr_rover_rover_mcts_orig_novh_e.5_c.1_s1472491096_K0_SR10TCT_src20401252_e0114.txt","/home/hersco/training_new_domains/2026-08-25/statistical_replication_terminal_stage2_policy_eval/20545921_Ev_rover_rover_orig_novh_c.1_s1472491096_SR10TCP_src20489471_e0099.txt","/home/hersco/training_new_domains/2026-08-25/statistical_replication_terminal_stage2_policy_eval/20545921_Ev_rover_rover_orig_novh_c.1_s1472491096_SR10TCP_src20489471_e0099.txt","",""
"MAIN-TERM","rover","off","stage2","final","1510771779","20489472","99","/home/hersco/bershco-nu-asnets/numeric-asnets/asnets/experiment-results/experiments_numeric.domain.rover-experiments_numeric.architecture_2.rover_mcts-2026-08-24T21:35:11.236366/P[domain,pfile1,pfile2,pfile3,pfile4]-S[0.0003,50,enhsp-hmrp-ha-gbfs]-MO[]-T[518400]-04911409-17cc32a/snapshots/snapshot_99_1.0000","20545984","4","20","COMPLETED","0:0","00:26:23","4","0","/home/hersco/training_new_domains/2026-08-22/statistical_replication_terminal_stage2_train/20489472_Re-Tr_rover_rover_mcts_orig_novh_e.5_c.1_s1510771779_K0_SR10TCT_src20401255_e0098.txt","/home/hersco/training_new_domains/2026-08-25/statistical_replication_terminal_stage2_policy_eval/20545984_Ev_rover_rover_orig_novh_c.1_s1510771779_SR10TCP_src20489472_e0099.txt","/home/hersco/training_new_domains/2026-08-25/statistical_replication_terminal_stage2_policy_eval/20545984_Ev_rover_rover_orig_novh_c.1_s1510771779_SR10TCP_src20489472_e0099.txt","",""
"MAIN-TERM","rover","off","stage2","final","1963100312","20489473","99","/home/hersco/bershco-nu-asnets/numeric-asnets/asnets/experiment-results/experiments_numeric.domain.rover-experiments_numeric.architecture_2.rover_mcts-2026-08-24T21:36:24.252301/P[domain,pfile1,pfile2,pfile3,pfile4]-S[0.0003,50,enhsp-hmrp-ha-gbfs]-MO[]-T[518400]-04911410-2fc32f3/snapshots/snapshot_99_1.0000","20546028","4","20","COMPLETED","0:0","00:19:55","4","0","/home/hersco/training_new_domains/2026-08-22/statistical_replication_terminal_stage2_train/20489473_Re-Tr_rover_rover_mcts_orig_novh_e.5_c.1_s1963100312_K0_SR10TCT_src20401248_e0075.txt","/home/hersco/training_new_domains/2026-08-25/statistical_replication_terminal_stage2_policy_eval/20546028_Ev_rover_rover_orig_novh_c.1_s1963100312_SR10TCP_src20489473_e0099.txt","/home/hersco/training_new_domains/2026-08-25/statistical_replication_terminal_stage2_policy_eval/20546028_Ev_rover_rover_orig_novh_c.1_s1963100312_SR10TCP_src20489473_e0099.txt","",""
"MAIN-TERM","rover","off","stage2","final","1972442430","20489474","99","/home/hersco/bershco-nu-asnets/numeric-asnets/asnets/experiment-results/experiments_numeric.domain.rover-experiments_numeric.architecture_2.rover_mcts-2026-08-24T21:35:33.836809/P[domain,pfile1,pfile2,pfile3,pfile4]-S[0.0003,50,enhsp-hmrp-ha-gbfs]-MO[]-T[518400]-04911409-72aea46/snapshots/snapshot_99_1.0000","20546076","4","20","COMPLETED","0:0","00:19:20","4","0","/home/hersco/training_new_domains/2026-08-22/statistical_replication_terminal_stage2_train/20489474_Re-Tr_rover_rover_mcts_orig_novh_e.5_c.1_s1972442430_K0_SR10TCT_src20401257_e0285.txt","/home/hersco/training_new_domains/2026-08-25/statistical_replication_terminal_stage2_policy_eval/20546076_Ev_rover_rover_orig_novh_c.1_s1972442430_SR10TCP_src20489474_e0099.txt","/home/hersco/training_new_domains/2026-08-25/statistical_replication_terminal_stage2_policy_eval/20546076_Ev_rover_rover_orig_novh_c.1_s1972442430_SR10TCP_src20489474_e0099.txt","",""
"MAIN-TERM","rover","off","stage2","final","2011206605","20489475","99","/home/hersco/bershco-nu-asnets/numeric-asnets/asnets/experiment-results/experiments_numeric.domain.rover-experiments_numeric.architecture_2.rover_mcts-2026-08-24T21:40:20.975251/P[domain,pfile1,pfile2,pfile3,pfile4]-S[0.0003,50,enhsp-hmrp-ha-gbfs]-MO[]-T[518400]-04911414-067843/snapshots/snapshot_99_1.0000","20546109","4","20","COMPLETED","0:0","00:19:22","4","0","/home/hersco/training_new_domains/2026-08-22/statistical_replication_terminal_stage2_train/20489475_Re-Tr_rover_rover_mcts_orig_novh_e.5_c.1_s2011206605_K0_SR10TCT_src20401249_e0094.txt","/home/hersco/training_new_domains/2026-08-25/statistical_replication_terminal_stage2_policy_eval/20546109_Ev_rover_rover_orig_novh_c.1_s2011206605_SR10TCP_src20489475_e0099.txt","/home/hersco/training_new_domains/2026-08-25/statistical_replication_terminal_stage2_policy_eval/20546109_Ev_rover_rover_orig_novh_c.1_s2011206605_SR10TCP_src20489475_e0099.txt","",""
"MAIN-TERM","rover","off","stage2","final","2082152039","20489476","99","/home/hersco/bershco-nu-asnets/numeric-asnets/asnets/experiment-results/experiments_numeric.domain.rover-experiments_numeric.architecture_2.rover_mcts-2026-08-24T21:47:09.059368/P[domain,pfile1,pfile2,pfile3,pfile4]-S[0.0003,50,enhsp-hmrp-ha-gbfs]-MO[]-T[518400]-04911421-faf7d6/snapshots/snapshot_99_1.0000","20546131","4","20","COMPLETED","0:0","00:24:47","4","0","/home/hersco/training_new_domains/2026-08-22/statistical_replication_terminal_stage2_train/20489476_Re-Tr_rover_rover_mcts_orig_novh_e.5_c.1_s2082152039_K0_SR10TCT_src20401254_e0071.txt","/home/hersco/training_new_domains/2026-08-25/statistical_replication_terminal_stage2_policy_eval/20546131_Ev_rover_rover_orig_novh_c.1_s2082152039_SR10TCP_src20489476_e0099.txt","/home/hersco/training_new_domains/2026-08-25/statistical_replication_terminal_stage2_policy_eval/20546131_Ev_rover_rover_orig_novh_c.1_s2082152039_SR10TCP_src20489476_e0099.txt","",""
"MAIN-TERM","rover","off","stage2","validation_selected","534933607","20489467","0","\home\hersco\bershco-nu-asnets\numeric-asnets\asnets\experiment-results\experiments_numeric.domain.rover-experiments_numeric.architecture_2.rover_mcts-2026-08-24T20:53:44.033810\P[domain,pfile1,pfile2,pfile3,pfile4]-S[0.0003,50,enhsp-hmrp-ha-gbfs]-MO[]-T[518400]-04911368-3c74d66\snapshots/snapshot_0_1.0000","20545837","4","20","COMPLETED","0:0","00:25:55","4","0","/home/hersco/training_new_domains/2026-08-22/statistical_replication_terminal_stage2_train/20489467_Re-Tr_rover_rover_mcts_orig_novh_e.5_c.1_s534933607_K0_SR10TCT_src20401253_e0174.txt","/home/hersco/training_new_domains/2026-08-25/statistical_replication_terminal_stage2_policy_eval/20545837_Ev_rover_rover_orig_novh_c.1_s534933607_SR10TCP_src20489467_e0000.txt","/home/hersco/training_new_domains/2026-08-25/statistical_replication_terminal_stage2_policy_eval/20545837_Ev_rover_rover_orig_novh_c.1_s534933607_SR10TCP_src20489467_e0000.txt","",""
"MAIN-TERM","rover","off","stage2","validation_selected","923500475","20489468","0","\home\hersco\bershco-nu-asnets\numeric-asnets\asnets\experiment-results\experiments_numeric.domain.rover-experiments_numeric.architecture_2.rover_mcts-2026-08-24T20:55:44.574194\P[domain,pfile1,pfile2,pfile3,pfile4]-S[0.0003,50,enhsp-hmrp-ha-gbfs]-MO[]-T[518400]-04911369-5194f74\snapshots/snapshot_0_1.0000","20543615","4","20","COMPLETED","0:0","00:30:02","4","0","/home/hersco/training_new_domains/2026-08-22/statistical_replication_terminal_stage2_train/20489468_Re-Tr_rover_rover_mcts_orig_novh_e.5_c.1_s923500475_K0_SR10TCT_src20401256_e0070.txt","/home/hersco/training_new_domains/2026-08-25/statistical_replication_terminal_stage2_policy_eval/20543615_Ev_rover_rover_orig_novh_c.1_s923500475_SR10TCP_src20489468_e0000.txt","/home/hersco/training_new_domains/2026-08-25/statistical_replication_terminal_stage2_policy_eval/20543615_Ev_rover_rover_orig_novh_c.1_s923500475_SR10TCP_src20489468_e0000.txt","",""
"MAIN-TERM","rover","off","stage2","validation_selected","1073581256","20489469","1","\home\hersco\bershco-nu-asnets\numeric-asnets\asnets\experiment-results\experiments_numeric.domain.rover-experiments_numeric.architecture_2.rover_mcts-2026-08-24T20:57:21.875086\P[domain,pfile1,pfile2,pfile3,pfile4]-S[0.0003,50,enhsp-hmrp-ha-gbfs]-MO[]-T[518400]-04911371-1247c09\snapshots/snapshot_1_1.0000","20545879","4","20","COMPLETED","0:0","00:28:02","4","0","/home/hersco/training_new_domains/2026-08-22/statistical_replication_terminal_stage2_train/20489469_Re-Tr_rover_rover_mcts_orig_novh_e.5_c.1_s1073581256_K0_SR10TCT_src20401250_e0090.txt","/home/hersco/training_new_domains/2026-08-25/statistical_replication_terminal_stage2_policy_eval/20545879_Ev_rover_rover_orig_novh_c.1_s1073581256_SR10TCP_src20489469_e0001.txt","/home/hersco/training_new_domains/2026-08-25/statistical_replication_terminal_stage2_policy_eval/20545879_Ev_rover_rover_orig_novh_c.1_s1073581256_SR10TCP_src20489469_e0001.txt","",""
"MAIN-TERM","rover","off","stage2","validation_selected","1239739722","20489470","0","\home\hersco\bershco-nu-asnets\numeric-asnets\asnets\experiment-results\experiments_numeric.domain.rover-experiments_numeric.architecture_2.rover_mcts-2026-08-24T20:57:21.864309\P[domain,pfile1,pfile2,pfile3,pfile4]-S[0.0003,50,enhsp-hmrp-ha-gbfs]-MO[]-T[518400]-04911371-7d9a779\snapshots/snapshot_0_1.0000","20545880","3","20","COMPLETED","0:0","00:27:55","3","0","/home/hersco/training_new_domains/2026-08-22/statistical_replication_terminal_stage2_train/20489470_Re-Tr_rover_rover_mcts_orig_novh_e.5_c.1_s1239739722_K0_SR10TCT_src20401251_e0103.txt","/home/hersco/training_new_domains/2026-08-25/statistical_replication_terminal_stage2_policy_eval/20545880_Ev_rover_rover_orig_novh_c.1_s1239739722_SR10TCP_src20489470_e0000.txt","/home/hersco/training_new_domains/2026-08-25/statistical_replication_terminal_stage2_policy_eval/20545880_Ev_rover_rover_orig_novh_c.1_s1239739722_SR10TCP_src20489470_e0000.txt","",""
"MAIN-TERM","rover","off","stage2","validation_selected","1472491096","20489471","1","\home\hersco\bershco-nu-asnets\numeric-asnets\asnets\experiment-results\experiments_numeric.domain.rover-experiments_numeric.architecture_2.rover_mcts-2026-08-24T21:15:27.100646\P[domain,pfile1,pfile2,pfile3,pfile4]-S[0.0003,50,enhsp-hmrp-ha-gbfs]-MO[]-T[518400]-04911389-43e0a7a\snapshots/snapshot_1_1.0000","20545922","4","20","COMPLETED","0:0","00:05:13","4","0","/home/hersco/training_new_domains/2026-08-22/statistical_replication_terminal_stage2_train/20489471_Re-Tr_rover_rover_mcts_orig_novh_e.5_c.1_s1472491096_K0_SR10TCT_src20401252_e0114.txt","/home/hersco/training_new_domains/2026-08-25/statistical_replication_terminal_stage2_policy_eval/20545922_Ev_rover_rover_orig_novh_c.1_s1472491096_SR10TCP_src20489471_e0001.txt","/home/hersco/training_new_domains/2026-08-25/statistical_replication_terminal_stage2_policy_eval/20545922_Ev_rover_rover_orig_novh_c.1_s1472491096_SR10TCP_src20489471_e0001.txt","",""
"MAIN-TERM","rover","off","stage2","validation_selected","1510771779","20489472","0","\home\hersco\bershco-nu-asnets\numeric-asnets\asnets\experiment-results\experiments_numeric.domain.rover-experiments_numeric.architecture_2.rover_mcts-2026-08-24T21:35:11.236366\P[domain,pfile1,pfile2,pfile3,pfile4]-S[0.0003,50,enhsp-hmrp-ha-gbfs]-MO[]-T[518400]-04911409-17cc32a\snapshots/snapshot_0_1.0000","20545923","4","20","COMPLETED","0:0","00:22:59","4","0","/home/hersco/training_new_domains/2026-08-22/statistical_replication_terminal_stage2_train/20489472_Re-Tr_rover_rover_mcts_orig_novh_e.5_c.1_s1510771779_K0_SR10TCT_src20401255_e0098.txt","/home/hersco/training_new_domains/2026-08-25/statistical_replication_terminal_stage2_policy_eval/20545923_Ev_rover_rover_orig_novh_c.1_s1510771779_SR10TCP_src20489472_e0000.txt","/home/hersco/training_new_domains/2026-08-25/statistical_replication_terminal_stage2_policy_eval/20545923_Ev_rover_rover_orig_novh_c.1_s1510771779_SR10TCP_src20489472_e0000.txt","",""
"MAIN-TERM","rover","off","stage2","validation_selected","1963100312","20489473","9","\home\hersco\bershco-nu-asnets\numeric-asnets\asnets\experiment-results\experiments_numeric.domain.rover-experiments_numeric.architecture_2.rover_mcts-2026-08-24T21:36:24.252301\P[domain,pfile1,pfile2,pfile3,pfile4]-S[0.0003,50,enhsp-hmrp-ha-gbfs]-MO[]-T[518400]-04911410-2fc32f3\snapshots/snapshot_9_1.0000","20546030","4","20","COMPLETED","0:0","00:06:14","4","0","/home/hersco/training_new_domains/2026-08-22/statistical_replication_terminal_stage2_train/20489473_Re-Tr_rover_rover_mcts_orig_novh_e.5_c.1_s1963100312_K0_SR10TCT_src20401248_e0075.txt","/home/hersco/training_new_domains/2026-08-25/statistical_replication_terminal_stage2_policy_eval/20546030_Ev_rover_rover_orig_novh_c.1_s1963100312_SR10TCP_src20489473_e0009.txt","/home/hersco/training_new_domains/2026-08-25/statistical_replication_terminal_stage2_policy_eval/20546030_Ev_rover_rover_orig_novh_c.1_s1963100312_SR10TCP_src20489473_e0009.txt","",""
"MAIN-TERM","rover","off","stage2","validation_selected","1972442430","20489474","0","\home\hersco\bershco-nu-asnets\numeric-asnets\asnets\experiment-results\experiments_numeric.domain.rover-experiments_numeric.architecture_2.rover_mcts-2026-08-24T21:35:33.836809\P[domain,pfile1,pfile2,pfile3,pfile4]-S[0.0003,50,enhsp-hmrp-ha-gbfs]-MO[]-T[518400]-04911409-72aea46\snapshots/snapshot_0_1.0000","20546033","4","20","COMPLETED","0:0","00:27:25","4","0","/home/hersco/training_new_domains/2026-08-22/statistical_replication_terminal_stage2_train/20489474_Re-Tr_rover_rover_mcts_orig_novh_e.5_c.1_s1972442430_K0_SR10TCT_src20401257_e0285.txt","/home/hersco/training_new_domains/2026-08-25/statistical_replication_terminal_stage2_policy_eval/20546033_Ev_rover_rover_orig_novh_c.1_s1972442430_SR10TCP_src20489474_e0000.txt","/home/hersco/training_new_domains/2026-08-25/statistical_replication_terminal_stage2_policy_eval/20546033_Ev_rover_rover_orig_novh_c.1_s1972442430_SR10TCP_src20489474_e0000.txt","",""
"MAIN-TERM","rover","off","stage2","validation_selected","2011206605","20489475","1","\home\hersco\bershco-nu-asnets\numeric-asnets\asnets\experiment-results\experiments_numeric.domain.rover-experiments_numeric.architecture_2.rover_mcts-2026-08-24T21:40:20.975251\P[domain,pfile1,pfile2,pfile3,pfile4]-S[0.0003,50,enhsp-hmrp-ha-gbfs]-MO[]-T[518400]-04911414-067843\snapshots/snapshot_1_1.0000","20546110","4","20","COMPLETED","0:0","00:13:04","4","0","/home/hersco/training_new_domains/2026-08-22/statistical_replication_terminal_stage2_train/20489475_Re-Tr_rover_rover_mcts_orig_novh_e.5_c.1_s2011206605_K0_SR10TCT_src20401249_e0094.txt","/home/hersco/training_new_domains/2026-08-25/statistical_replication_terminal_stage2_policy_eval/20546110_Ev_rover_rover_orig_novh_c.1_s2011206605_SR10TCP_src20489475_e0001.txt","/home/hersco/training_new_domains/2026-08-25/statistical_replication_terminal_stage2_policy_eval/20546110_Ev_rover_rover_orig_novh_c.1_s2011206605_SR10TCP_src20489475_e0001.txt","",""
"MAIN-TERM","rover","off","stage2","validation_selected","2082152039","20489476","0","\home\hersco\bershco-nu-asnets\numeric-asnets\asnets\experiment-results\experiments_numeric.domain.rover-experiments_numeric.architecture_2.rover_mcts-2026-08-24T21:47:09.059368\P[domain,pfile1,pfile2,pfile3,pfile4]-S[0.0003,50,enhsp-hmrp-ha-gbfs]-MO[]-T[518400]-04911421-faf7d6\snapshots/snapshot_0_1.0000","20546111","3","20","COMPLETED","0:0","00:24:59","3","0","/home/hersco/training_new_domains/2026-08-22/statistical_replication_terminal_stage2_train/20489476_Re-Tr_rover_rover_mcts_orig_novh_e.5_c.1_s2082152039_K0_SR10TCT_src20401254_e0071.txt","/home/hersco/training_new_domains/2026-08-25/statistical_replication_terminal_stage2_policy_eval/20546111_Ev_rover_rover_orig_novh_c.1_s2082152039_SR10TCP_src20489476_e0000.txt","/home/hersco/training_new_domains/2026-08-25/statistical_replication_terminal_stage2_policy_eval/20546111_Ev_rover_rover_orig_novh_c.1_s2082152039_SR10TCP_src20489476_e0000.txt","",""
"MAIN-TERM","rover","on","stage1","final","534933607","20401243","67","/home/hersco/bershco-nu-asnets/numeric-asnets/asnets/experiment-results/experiments_numeric.domain.rover-experiments_numeric.architecture_2.rover-2026-08-20T18:12:54.279702/P[domain,pfile1,pfile2,pfile3,pfile4]-S[0.003,50,enhsp-hmrp-ha-gbfs]-MO[]-T[518400]-04905447-3c74d66/snapshots/snapshot_67_0.500","20489263","4","20","COMPLETED","0:0","00:19:05","4","0","/home/hersco/training_new_domains/2026-08-20/statistical_replication_stage1_10seed/20401243_Tr_rover_rover_orig_vh_c.1_s534933607_STATREP10_STAGE1.txt","/home/hersco/training_new_domains/2026-08-22/statistical_replication_terminal_stage1_policy_eval/20489263_Ev_rover_rover_orig_vh_c.1_s534933607_SR10TCP_src20401243_e0067.txt","/home/hersco/training_new_domains/2026-08-22/statistical_replication_terminal_stage1_policy_eval/20489263_Ev_rover_rover_orig_vh_c.1_s534933607_SR10TCP_src20401243_e0067.txt","",""
"MAIN-TERM","rover","on","stage1","final","923500475","20401246","54","/home/hersco/bershco-nu-asnets/numeric-asnets/asnets/experiment-results/experiments_numeric.domain.rover-experiments_numeric.architecture_2.rover-2026-08-20T18:13:01.854047/P[domain,pfile1,pfile2,pfile3,pfile4]-S[0.003,50,enhsp-hmrp-ha-gbfs]-MO[]-T[518400]-04905447-5194f74/snapshots/snapshot_54_0.750","20489264","4","20","COMPLETED","0:0","00:15:57","4","0","/home/hersco/training_new_domains/2026-08-20/statistical_replication_stage1_10seed/20401246_Tr_rover_rover_orig_vh_c.1_s923500475_STATREP10_STAGE1.txt","/home/hersco/training_new_domains/2026-08-22/statistical_replication_terminal_stage1_policy_eval/20489264_Ev_rover_rover_orig_vh_c.1_s923500475_SR10TCP_src20401246_e0054.txt","/home/hersco/training_new_domains/2026-08-22/statistical_replication_terminal_stage1_policy_eval/20489264_Ev_rover_rover_orig_vh_c.1_s923500475_SR10TCP_src20401246_e0054.txt","",""
"MAIN-TERM","rover","on","stage1","final","1073581256","20401240","193","/home/hersco/bershco-nu-asnets/numeric-asnets/asnets/experiment-results/experiments_numeric.domain.rover-experiments_numeric.architecture_2.rover-2026-08-20T18:13:54.950216/P[domain,pfile1,pfile2,pfile3,pfile4]-S[0.003,50,enhsp-hmrp-ha-gbfs]-MO[]-T[518400]-04905448-1247c09/snapshots/snapshot_193_0.625","20489265","4","20","COMPLETED","0:0","00:17:47","4","0","/home/hersco/training_new_domains/2026-08-20/statistical_replication_stage1_10seed/20401240_Tr_rover_rover_orig_vh_c.1_s1073581256_STATREP10_STAGE1.txt","/home/hersco/training_new_domains/2026-08-22/statistical_replication_terminal_stage1_policy_eval/20489265_Ev_rover_rover_orig_vh_c.1_s1073581256_SR10TCP_src20401240_e0193.txt","/home/hersco/training_new_domains/2026-08-22/statistical_replication_terminal_stage1_policy_eval/20489265_Ev_rover_rover_orig_vh_c.1_s1073581256_SR10TCP_src20401240_e0193.txt","",""
"MAIN-TERM","rover","on","stage1","final","1239739722","20401241","162","/home/hersco/bershco-nu-asnets/numeric-asnets/asnets/experiment-results/experiments_numeric.domain.rover-experiments_numeric.architecture_2.rover-2026-08-20T18:13:54.950169/P[domain,pfile1,pfile2,pfile3,pfile4]-S[0.003,50,enhsp-hmrp-ha-gbfs]-MO[]-T[518400]-04905448-7d9a779/snapshots/snapshot_162_0.750","20489266","5","20","COMPLETED","0:0","00:23:15","5","0","/home/hersco/training_new_domains/2026-08-20/statistical_replication_stage1_10seed/20401241_Tr_rover_rover_orig_vh_c.1_s1239739722_STATREP10_STAGE1.txt","/home/hersco/training_new_domains/2026-08-22/statistical_replication_terminal_stage1_policy_eval/20489266_Ev_rover_rover_orig_vh_c.1_s1239739722_SR10TCP_src20401241_e0162.txt","/home/hersco/training_new_domains/2026-08-22/statistical_replication_terminal_stage1_policy_eval/20489266_Ev_rover_rover_orig_vh_c.1_s1239739722_SR10TCP_src20401241_e0162.txt","",""
"MAIN-TERM","rover","on","stage1","final","1472491096","20401242","165","/home/hersco/bershco-nu-asnets/numeric-asnets/asnets/experiment-results/experiments_numeric.domain.rover-experiments_numeric.architecture_2.rover-2026-08-20T18:12:54.279631/P[domain,pfile1,pfile2,pfile3,pfile4]-S[0.003,50,enhsp-hmrp-ha-gbfs]-MO[]-T[518400]-04905447-43e0a7a/snapshots/snapshot_165_0.750","20427763","4","20","COMPLETED","0:0","00:06:50","4","0","/home/hersco/training_new_domains/2026-08-20/statistical_replication_stage1_10seed/20401242_Tr_rover_rover_orig_vh_c.1_s1472491096_STATREP10_STAGE1.txt","/home/hersco/training_new_domains/2026-08-21/statistical_replication_stage1_policy_eval/20427763_Ev_rover_rover_orig_vh_c.1_s1472491096_SR10P_src20401242_e0165.txt","/home/hersco/training_new_domains/2026-08-21/statistical_replication_stage1_policy_eval/20427763_Ev_rover_rover_orig_vh_c.1_s1472491096_SR10P_src20401242_e0165.txt","",""
"MAIN-TERM","rover","on","stage1","final","1510771779","20401245","140","/home/hersco/bershco-nu-asnets/numeric-asnets/asnets/experiment-results/experiments_numeric.domain.rover-experiments_numeric.architecture_2.rover-2026-08-20T18:12:54.279636/P[domain,pfile1,pfile2,pfile3,pfile4]-S[0.003,50,enhsp-hmrp-ha-gbfs]-MO[]-T[518400]-04905447-17cc32a/snapshots/snapshot_140_0.750","20427863","4","20","COMPLETED","0:0","00:17:29","4","0","/home/hersco/training_new_domains/2026-08-20/statistical_replication_stage1_10seed/20401245_Tr_rover_rover_orig_vh_c.1_s1510771779_STATREP10_STAGE1.txt","/home/hersco/training_new_domains/2026-08-21/statistical_replication_stage1_policy_eval/20427863_Ev_rover_rover_orig_vh_c.1_s1510771779_SR10P_src20401245_e0140.txt","/home/hersco/training_new_domains/2026-08-21/statistical_replication_stage1_policy_eval/20427863_Ev_rover_rover_orig_vh_c.1_s1510771779_SR10P_src20401245_e0140.txt","",""
"MAIN-TERM","rover","on","stage1","final","1963100312","20401238","120","/home/hersco/bershco-nu-asnets/numeric-asnets/asnets/experiment-results/experiments_numeric.domain.rover-experiments_numeric.architecture_2.rover-2026-08-20T18:13:54.950033/P[domain,pfile1,pfile2,pfile3,pfile4]-S[0.003,50,enhsp-hmrp-ha-gbfs]-MO[]-T[518400]-04905448-2fc32f3/snapshots/snapshot_120_0.625","20427214","4","20","COMPLETED","0:0","00:16:32","4","0","/home/hersco/training_new_domains/2026-08-20/statistical_replication_stage1_10seed/20401238_Tr_rover_rover_orig_vh_c.1_s1963100312_STATREP10_STAGE1.txt","/home/hersco/training_new_domains/2026-08-21/statistical_replication_stage1_policy_eval/20427214_Ev_rover_rover_orig_vh_c.1_s1963100312_SR10P_src20401238_e0120.txt","/home/hersco/training_new_domains/2026-08-21/statistical_replication_stage1_policy_eval/20427214_Ev_rover_rover_orig_vh_c.1_s1963100312_SR10P_src20401238_e0120.txt","",""
"MAIN-TERM","rover","on","stage1","final","1972442430","20401247","121","/home/hersco/bershco-nu-asnets/numeric-asnets/asnets/experiment-results/experiments_numeric.domain.rover-experiments_numeric.architecture_2.rover-2026-08-20T18:13:01.854070/P[domain,pfile1,pfile2,pfile3,pfile4]-S[0.003,50,enhsp-hmrp-ha-gbfs]-MO[]-T[518400]-04905447-72aea46/snapshots/snapshot_121_0.750","20489267","4","20","COMPLETED","0:0","00:04:13","4","0","/home/hersco/training_new_domains/2026-08-20/statistical_replication_stage1_10seed/20401247_Tr_rover_rover_orig_vh_c.1_s1972442430_STATREP10_STAGE1.txt","/home/hersco/training_new_domains/2026-08-22/statistical_replication_terminal_stage1_policy_eval/20489267_Ev_rover_rover_orig_vh_c.1_s1972442430_SR10TCP_src20401247_e0121.txt","/home/hersco/training_new_domains/2026-08-22/statistical_replication_terminal_stage1_policy_eval/20489267_Ev_rover_rover_orig_vh_c.1_s1972442430_SR10TCP_src20401247_e0121.txt","",""
"MAIN-TERM","rover","on","stage1","final","2011206605","20401239","145","/home/hersco/bershco-nu-asnets/numeric-asnets/asnets/experiment-results/experiments_numeric.domain.rover-experiments_numeric.architecture_2.rover-2026-08-20T18:13:54.949965/P[domain,pfile1,pfile2,pfile3,pfile4]-S[0.003,50,enhsp-hmrp-ha-gbfs]-MO[]-T[518400]-04905448-067843/snapshots/snapshot_145_0.750","20427455","4","20","COMPLETED","0:0","00:23:19","4","0","/home/hersco/training_new_domains/2026-08-20/statistical_replication_stage1_10seed/20401239_Tr_rover_rover_orig_vh_c.1_s2011206605_STATREP10_STAGE1.txt","/home/hersco/training_new_domains/2026-08-21/statistical_replication_stage1_policy_eval/20427455_Ev_rover_rover_orig_vh_c.1_s2011206605_SR10P_src20401239_e0145.txt","/home/hersco/training_new_domains/2026-08-21/statistical_replication_stage1_policy_eval/20427455_Ev_rover_rover_orig_vh_c.1_s2011206605_SR10P_src20401239_e0145.txt","",""
"MAIN-TERM","rover","on","stage1","final","2082152039","20401244","127","/home/hersco/bershco-nu-asnets/numeric-asnets/asnets/experiment-results/experiments_numeric.domain.rover-experiments_numeric.architecture_2.rover-2026-08-20T18:12:54.279723/P[domain,pfile1,pfile2,pfile3,pfile4]-S[0.003,50,enhsp-hmrp-ha-gbfs]-MO[]-T[518400]-04905447-faf7d6/snapshots/snapshot_127_0.500","20489268","4","20","COMPLETED","0:0","00:23:03","4","0","/home/hersco/training_new_domains/2026-08-20/statistical_replication_stage1_10seed/20401244_Tr_rover_rover_orig_vh_c.1_s2082152039_STATREP10_STAGE1.txt","/home/hersco/training_new_domains/2026-08-22/statistical_replication_terminal_stage1_policy_eval/20489268_Ev_rover_rover_orig_vh_c.1_s2082152039_SR10TCP_src20401244_e0127.txt","/home/hersco/training_new_domains/2026-08-22/statistical_replication_terminal_stage1_policy_eval/20489268_Ev_rover_rover_orig_vh_c.1_s2082152039_SR10TCP_src20401244_e0127.txt","",""
"MAIN-TERM","rover","on","stage2","final","534933607","20489477","99","/home/hersco/bershco-nu-asnets/numeric-asnets/asnets/experiment-results/experiments_numeric.domain.rover-experiments_numeric.architecture_2.rover_mcts-2026-08-24T21:51:05.660944/P[domain,pfile1,pfile2,pfile3,pfile4]-S[0.0003,50,enhsp-hmrp-ha-gbfs]-MO[]-T[518400]-04911425-3c74d66/snapshots/snapshot_99_1.0000","20543540","4","20","COMPLETED","0:0","00:22:13","4","0","/home/hersco/training_new_domains/2026-08-22/statistical_replication_terminal_stage2_train/20489477_Re-Tr_rover_rover_mcts_orig_vh_e.5_c.1_s534933607_K0_SR10TCT_src20401243_e0067.txt","/home/hersco/training_new_domains/2026-08-25/statistical_replication_terminal_stage2_policy_eval/20543540_Ev_rover_rover_orig_vh_c.1_s534933607_SR10TCP_src20489477_e0099.txt","/home/hersco/training_new_domains/2026-08-25/statistical_replication_terminal_stage2_policy_eval/20543540_Ev_rover_rover_orig_vh_c.1_s534933607_SR10TCP_src20489477_e0099.txt","",""
"MAIN-TERM","rover","on","stage2","final","923500475","20489478","99","/home/hersco/bershco-nu-asnets/numeric-asnets/asnets/experiment-results/experiments_numeric.domain.rover-experiments_numeric.architecture_2.rover_mcts-2026-08-24T21:55:08.325035/P[domain,pfile1,pfile2,pfile3,pfile4]-S[0.0003,50,enhsp-hmrp-ha-gbfs]-MO[]-T[518400]-04911429-5194f74/snapshots/snapshot_99_1.0000","20546214","4","20","COMPLETED","0:0","00:21:06","4","0","/home/hersco/training_new_domains/2026-08-22/statistical_replication_terminal_stage2_train/20489478_Re-Tr_rover_rover_mcts_orig_vh_e.5_c.1_s923500475_K0_SR10TCT_src20401246_e0054.txt","/home/hersco/training_new_domains/2026-08-25/statistical_replication_terminal_stage2_policy_eval/20546214_Ev_rover_rover_orig_vh_c.1_s923500475_SR10TCP_src20489478_e0099.txt","/home/hersco/training_new_domains/2026-08-25/statistical_replication_terminal_stage2_policy_eval/20546214_Ev_rover_rover_orig_vh_c.1_s923500475_SR10TCP_src20489478_e0099.txt","",""
"MAIN-TERM","rover","on","stage2","final","1073581256","20489479","99","/home/hersco/bershco-nu-asnets/numeric-asnets/asnets/experiment-results/experiments_numeric.domain.rover-experiments_numeric.architecture_2.rover_mcts-2026-08-24T21:54:35.626556/P[domain,pfile1,pfile2,pfile3,pfile4]-S[0.0003,50,enhsp-hmrp-ha-gbfs]-MO[]-T[518400]-04911428-1247c09/snapshots/snapshot_99_1.0000","20543563","4","20","COMPLETED","0:0","00:07:10","4","0","/home/hersco/training_new_domains/2026-08-22/statistical_replication_terminal_stage2_train/20489479_Re-Tr_rover_rover_mcts_orig_vh_e.5_c.1_s1073581256_K0_SR10TCT_src20401240_e0193.txt","/home/hersco/training_new_domains/2026-08-25/statistical_replication_terminal_stage2_policy_eval/20543563_Ev_rover_rover_orig_vh_c.1_s1073581256_SR10TCP_src20489479_e0099.txt","/home/hersco/training_new_domains/2026-08-25/statistical_replication_terminal_stage2_policy_eval/20543563_Ev_rover_rover_orig_vh_c.1_s1073581256_SR10TCP_src20489479_e0099.txt","",""
"MAIN-TERM","rover","on","stage2","final","1239739722","20489480","99","/home/hersco/bershco-nu-asnets/numeric-asnets/asnets/experiment-results/experiments_numeric.domain.rover-experiments_numeric.architecture_2.rover_mcts-2026-08-24T22:14:51.462532/P[domain,pfile1,pfile2,pfile3,pfile4]-S[0.0003,50,enhsp-hmrp-ha-gbfs]-MO[]-T[518400]-04911449-7d9a779/snapshots/snapshot_99_1.0000","20543661","4","20","COMPLETED","0:0","00:11:22","4","0","/home/hersco/training_new_domains/2026-08-22/statistical_replication_terminal_stage2_train/20489480_Re-Tr_rover_rover_mcts_orig_vh_e.5_c.1_s1239739722_K0_SR10TCT_src20401241_e0162.txt","/home/hersco/training_new_domains/2026-08-25/statistical_replication_terminal_stage2_policy_eval/20543661_Ev_rover_rover_orig_vh_c.1_s1239739722_SR10TCP_src20489480_e0099.txt","/home/hersco/training_new_domains/2026-08-25/statistical_replication_terminal_stage2_policy_eval/20543661_Ev_rover_rover_orig_vh_c.1_s1239739722_SR10TCP_src20489480_e0099.txt","",""
"MAIN-TERM","rover","on","stage2","final","1472491096","20489481","99","/home/hersco/bershco-nu-asnets/numeric-asnets/asnets/experiment-results/experiments_numeric.domain.rover-experiments_numeric.architecture_2.rover_mcts-2026-08-24T22:13:15.454863/P[domain,pfile1,pfile2,pfile3,pfile4]-S[0.0003,50,enhsp-hmrp-ha-gbfs]-MO[]-T[518400]-04911447-43e0a7a/snapshots/snapshot_99_1.0000","20543718","4","20","COMPLETED","0:0","00:28:00","4","0","/home/hersco/training_new_domains/2026-08-22/statistical_replication_terminal_stage2_train/20489481_Re-Tr_rover_rover_mcts_orig_vh_e.5_c.1_s1472491096_K0_SR10TCT_src20401242_e0165.txt","/home/hersco/training_new_domains/2026-08-25/statistical_replication_terminal_stage2_policy_eval/20543718_Ev_rover_rover_orig_vh_c.1_s1472491096_SR10TCP_src20489481_e0099.txt","/home/hersco/training_new_domains/2026-08-25/statistical_replication_terminal_stage2_policy_eval/20543718_Ev_rover_rover_orig_vh_c.1_s1472491096_SR10TCP_src20489481_e0099.txt","",""
"MAIN-TERM","rover","on","stage2","final","1510771779","20489482","99","/home/hersco/bershco-nu-asnets/numeric-asnets/asnets/experiment-results/experiments_numeric.domain.rover-experiments_numeric.architecture_2.rover_mcts-2026-08-24T22:16:09.524740/P[domain,pfile1,pfile2,pfile3,pfile4]-S[0.0003,50,enhsp-hmrp-ha-gbfs]-MO[]-T[518400]-04911450-17cc32a/snapshots/snapshot_99_1.0000","20546262","4","20","COMPLETED","0:0","00:23:26","4","0","/home/hersco/training_new_domains/2026-08-22/statistical_replication_terminal_stage2_train/20489482_Re-Tr_rover_rover_mcts_orig_vh_e.5_c.1_s1510771779_K0_SR10TCT_src20401245_e0140.txt","/home/hersco/training_new_domains/2026-08-25/statistical_replication_terminal_stage2_policy_eval/20546262_Ev_rover_rover_orig_vh_c.1_s1510771779_SR10TCP_src20489482_e0099.txt","/home/hersco/training_new_domains/2026-08-25/statistical_replication_terminal_stage2_policy_eval/20546262_Ev_rover_rover_orig_vh_c.1_s1510771779_SR10TCP_src20489482_e0099.txt","",""
"MAIN-TERM","rover","on","stage2","final","1963100312","20489483","99","/home/hersco/bershco-nu-asnets/numeric-asnets/asnets/experiment-results/experiments_numeric.domain.rover-experiments_numeric.architecture_2.rover_mcts-2026-08-24T22:18:15.048098/P[domain,pfile1,pfile2,pfile3,pfile4]-S[0.0003,50,enhsp-hmrp-ha-gbfs]-MO[]-T[518400]-04911452-2fc32f3/snapshots/snapshot_99_1.0000","20546297","4","20","COMPLETED","0:0","00:07:04","4","0","/home/hersco/training_new_domains/2026-08-22/statistical_replication_terminal_stage2_train/20489483_Re-Tr_rover_rover_mcts_orig_vh_e.5_c.1_s1963100312_K0_SR10TCT_src20401238_e0120.txt","/home/hersco/training_new_domains/2026-08-25/statistical_replication_terminal_stage2_policy_eval/20546297_Ev_rover_rover_orig_vh_c.1_s1963100312_SR10TCP_src20489483_e0099.txt","/home/hersco/training_new_domains/2026-08-25/statistical_replication_terminal_stage2_policy_eval/20546297_Ev_rover_rover_orig_vh_c.1_s1963100312_SR10TCP_src20489483_e0099.txt","",""
"MAIN-TERM","rover","on","stage2","final","1972442430","20489484","99","/home/hersco/bershco-nu-asnets/numeric-asnets/asnets/experiment-results/experiments_numeric.domain.rover-experiments_numeric.architecture_2.rover_mcts-2026-08-24T22:21:17.802400/P[domain,pfile1,pfile2,pfile3,pfile4]-S[0.0003,50,enhsp-hmrp-ha-gbfs]-MO[]-T[518400]-04911455-72aea46/snapshots/snapshot_99_1.0000","20546319","4","20","COMPLETED","0:0","00:12:19","4","0","/home/hersco/training_new_domains/2026-08-22/statistical_replication_terminal_stage2_train/20489484_Re-Tr_rover_rover_mcts_orig_vh_e.5_c.1_s1972442430_K0_SR10TCT_src20401247_e0121.txt","/home/hersco/training_new_domains/2026-08-25/statistical_replication_terminal_stage2_policy_eval/20546319_Ev_rover_rover_orig_vh_c.1_s1972442430_SR10TCP_src20489484_e0099.txt","/home/hersco/training_new_domains/2026-08-25/statistical_replication_terminal_stage2_policy_eval/20546319_Ev_rover_rover_orig_vh_c.1_s1972442430_SR10TCP_src20489484_e0099.txt","",""
"MAIN-TERM","rover","on","stage2","final","2011206605","20489485","99","/home/hersco/bershco-nu-asnets/numeric-asnets/asnets/experiment-results/experiments_numeric.domain.rover-experiments_numeric.architecture_2.rover_mcts-2026-08-24T22:22:19.487375/P[domain,pfile1,pfile2,pfile3,pfile4]-S[0.0003,50,enhsp-hmrp-ha-gbfs]-MO[]-T[518400]-04911456-067843/snapshots/snapshot_99_1.0000","20543611","4","20","COMPLETED","0:0","00:22:07","4","0","/home/hersco/training_new_domains/2026-08-22/statistical_replication_terminal_stage2_train/20489485_Re-Tr_rover_rover_mcts_orig_vh_e.5_c.1_s2011206605_K0_SR10TCT_src20401239_e0145.txt","/home/hersco/training_new_domains/2026-08-25/statistical_replication_terminal_stage2_policy_eval/20543611_Ev_rover_rover_orig_vh_c.1_s2011206605_SR10TCP_src20489485_e0099.txt","/home/hersco/training_new_domains/2026-08-25/statistical_replication_terminal_stage2_policy_eval/20543611_Ev_rover_rover_orig_vh_c.1_s2011206605_SR10TCP_src20489485_e0099.txt","",""
"MAIN-TERM","rover","on","stage2","final","2082152039","20489486","99","/home/hersco/bershco-nu-asnets/numeric-asnets/asnets/experiment-results/experiments_numeric.domain.rover-experiments_numeric.architecture_2.rover_mcts-2026-08-24T22:31:40.361059/P[domain,pfile1,pfile2,pfile3,pfile4]-S[0.0003,50,enhsp-hmrp-ha-gbfs]-MO[]-T[518400]-04911465-faf7d6/snapshots/snapshot_99_1.0000","20546347","4","20","COMPLETED","0:0","00:29:25","4","0","/home/hersco/training_new_domains/2026-08-22/statistical_replication_terminal_stage2_train/20489486_Re-Tr_rover_rover_mcts_orig_vh_e.5_c.1_s2082152039_K0_SR10TCT_src20401244_e0127.txt","/home/hersco/training_new_domains/2026-08-25/statistical_replication_terminal_stage2_policy_eval/20546347_Ev_rover_rover_orig_vh_c.1_s2082152039_SR10TCP_src20489486_e0099.txt","/home/hersco/training_new_domains/2026-08-25/statistical_replication_terminal_stage2_policy_eval/20546347_Ev_rover_rover_orig_vh_c.1_s2082152039_SR10TCP_src20489486_e0099.txt","",""
"MAIN-TERM","rover","on","stage2","validation_selected","534933607","20489477","0","\home\hersco\bershco-nu-asnets\numeric-asnets\asnets\experiment-results\experiments_numeric.domain.rover-experiments_numeric.architecture_2.rover_mcts-2026-08-24T21:51:05.660944\P[domain,pfile1,pfile2,pfile3,pfile4]-S[0.0003,50,enhsp-hmrp-ha-gbfs]-MO[]-T[518400]-04911425-3c74d66\snapshots/snapshot_0_1.0000","20543511","4","20","COMPLETED","0:0","00:21:48","4","0","/home/hersco/training_new_domains/2026-08-22/statistical_replication_terminal_stage2_train/20489477_Re-Tr_rover_rover_mcts_orig_vh_e.5_c.1_s534933607_K0_SR10TCT_src20401243_e0067.txt","/home/hersco/training_new_domains/2026-08-25/statistical_replication_terminal_stage2_policy_eval/20543511_Ev_rover_rover_orig_vh_c.1_s534933607_SR10TCP_src20489477_e0000.txt","/home/hersco/training_new_domains/2026-08-25/statistical_replication_terminal_stage2_policy_eval/20543511_Ev_rover_rover_orig_vh_c.1_s534933607_SR10TCP_src20489477_e0000.txt","",""
"MAIN-TERM","rover","on","stage2","validation_selected","923500475","20489478","4","\home\hersco\bershco-nu-asnets\numeric-asnets\asnets\experiment-results\experiments_numeric.domain.rover-experiments_numeric.architecture_2.rover_mcts-2026-08-24T21:55:08.325035\P[domain,pfile1,pfile2,pfile3,pfile4]-S[0.0003,50,enhsp-hmrp-ha-gbfs]-MO[]-T[518400]-04911429-5194f74\snapshots/snapshot_4_1.0000","20546216","4","20","COMPLETED","0:0","00:19:27","4","0","/home/hersco/training_new_domains/2026-08-22/statistical_replication_terminal_stage2_train/20489478_Re-Tr_rover_rover_mcts_orig_vh_e.5_c.1_s923500475_K0_SR10TCT_src20401246_e0054.txt","/home/hersco/training_new_domains/2026-08-25/statistical_replication_terminal_stage2_policy_eval/20546216_Ev_rover_rover_orig_vh_c.1_s923500475_SR10TCP_src20489478_e0004.txt","/home/hersco/training_new_domains/2026-08-25/statistical_replication_terminal_stage2_policy_eval/20546216_Ev_rover_rover_orig_vh_c.1_s923500475_SR10TCP_src20489478_e0004.txt","",""
"MAIN-TERM","rover","on","stage2","validation_selected","1073581256","20489479","26","\home\hersco\bershco-nu-asnets\numeric-asnets\asnets\experiment-results\experiments_numeric.domain.rover-experiments_numeric.architecture_2.rover_mcts-2026-08-24T21:54:35.626556\P[domain,pfile1,pfile2,pfile3,pfile4]-S[0.0003,50,enhsp-hmrp-ha-gbfs]-MO[]-T[518400]-04911428-1247c09\snapshots/snapshot_26_1.0000","20543565","4","20","COMPLETED","0:0","00:05:22","4","0","/home/hersco/training_new_domains/2026-08-22/statistical_replication_terminal_stage2_train/20489479_Re-Tr_rover_rover_mcts_orig_vh_e.5_c.1_s1073581256_K0_SR10TCT_src20401240_e0193.txt","/home/hersco/training_new_domains/2026-08-25/statistical_replication_terminal_stage2_policy_eval/20543565_Ev_rover_rover_orig_vh_c.1_s1073581256_SR10TCP_src20489479_e0026.txt","/home/hersco/training_new_domains/2026-08-25/statistical_replication_terminal_stage2_policy_eval/20543565_Ev_rover_rover_orig_vh_c.1_s1073581256_SR10TCP_src20489479_e0026.txt","",""
"MAIN-TERM","rover","on","stage2","validation_selected","1239739722","20489480","24","\home\hersco\bershco-nu-asnets\numeric-asnets\asnets\experiment-results\experiments_numeric.domain.rover-experiments_numeric.architecture_2.rover_mcts-2026-08-24T22:14:51.462532\P[domain,pfile1,pfile2,pfile3,pfile4]-S[0.0003,50,enhsp-hmrp-ha-gbfs]-MO[]-T[518400]-04911449-7d9a779\snapshots/snapshot_24_1.0000","20543662","4","20","COMPLETED","0:0","00:24:57","4","0","/home/hersco/training_new_domains/2026-08-22/statistical_replication_terminal_stage2_train/20489480_Re-Tr_rover_rover_mcts_orig_vh_e.5_c.1_s1239739722_K0_SR10TCT_src20401241_e0162.txt","/home/hersco/training_new_domains/2026-08-25/statistical_replication_terminal_stage2_policy_eval/20543662_Ev_rover_rover_orig_vh_c.1_s1239739722_SR10TCP_src20489480_e0024.txt","/home/hersco/training_new_domains/2026-08-25/statistical_replication_terminal_stage2_policy_eval/20543662_Ev_rover_rover_orig_vh_c.1_s1239739722_SR10TCP_src20489480_e0024.txt","",""
"MAIN-TERM","rover","on","stage2","validation_selected","1472491096","20489481","2","\home\hersco\bershco-nu-asnets\numeric-asnets\asnets\experiment-results\experiments_numeric.domain.rover-experiments_numeric.architecture_2.rover_mcts-2026-08-24T22:13:15.454863\P[domain,pfile1,pfile2,pfile3,pfile4]-S[0.0003,50,enhsp-hmrp-ha-gbfs]-MO[]-T[518400]-04911447-43e0a7a\snapshots/snapshot_2_1.0000","20543719","4","20","COMPLETED","0:0","00:26:07","4","0","/home/hersco/training_new_domains/2026-08-22/statistical_replication_terminal_stage2_train/20489481_Re-Tr_rover_rover_mcts_orig_vh_e.5_c.1_s1472491096_K0_SR10TCT_src20401242_e0165.txt","/home/hersco/training_new_domains/2026-08-25/statistical_replication_terminal_stage2_policy_eval/20543719_Ev_rover_rover_orig_vh_c.1_s1472491096_SR10TCP_src20489481_e0002.txt","/home/hersco/training_new_domains/2026-08-25/statistical_replication_terminal_stage2_policy_eval/20543719_Ev_rover_rover_orig_vh_c.1_s1472491096_SR10TCP_src20489481_e0002.txt","",""
"MAIN-TERM","rover","on","stage2","validation_selected","1510771779","20489482","2","\home\hersco\bershco-nu-asnets\numeric-asnets\asnets\experiment-results\experiments_numeric.domain.rover-experiments_numeric.architecture_2.rover_mcts-2026-08-24T22:16:09.524740\P[domain,pfile1,pfile2,pfile3,pfile4]-S[0.0003,50,enhsp-hmrp-ha-gbfs]-MO[]-T[518400]-04911450-17cc32a\snapshots/snapshot_2_1.0000","20546264","4","20","COMPLETED","0:0","00:21:18","4","0","/home/hersco/training_new_domains/2026-08-22/statistical_replication_terminal_stage2_train/20489482_Re-Tr_rover_rover_mcts_orig_vh_e.5_c.1_s1510771779_K0_SR10TCT_src20401245_e0140.txt","/home/hersco/training_new_domains/2026-08-25/statistical_replication_terminal_stage2_policy_eval/20546264_Ev_rover_rover_orig_vh_c.1_s1510771779_SR10TCP_src20489482_e0002.txt","/home/hersco/training_new_domains/2026-08-25/statistical_replication_terminal_stage2_policy_eval/20546264_Ev_rover_rover_orig_vh_c.1_s1510771779_SR10TCP_src20489482_e0002.txt","",""
"MAIN-TERM","rover","on","stage2","validation_selected","1963100312","20489483","92","\home\hersco\bershco-nu-asnets\numeric-asnets\asnets\experiment-results\experiments_numeric.domain.rover-experiments_numeric.architecture_2.rover_mcts-2026-08-24T22:18:15.048098\P[domain,pfile1,pfile2,pfile3,pfile4]-S[0.0003,50,enhsp-hmrp-ha-gbfs]-MO[]-T[518400]-04911452-2fc32f3\snapshots/snapshot_92_1.0000","20546298","4","20","COMPLETED","0:0","00:09:29","4","0","/home/hersco/training_new_domains/2026-08-22/statistical_replication_terminal_stage2_train/20489483_Re-Tr_rover_rover_mcts_orig_vh_e.5_c.1_s1963100312_K0_SR10TCT_src20401238_e0120.txt","/home/hersco/training_new_domains/2026-08-25/statistical_replication_terminal_stage2_policy_eval/20546298_Ev_rover_rover_orig_vh_c.1_s1963100312_SR10TCP_src20489483_e0092.txt","/home/hersco/training_new_domains/2026-08-25/statistical_replication_terminal_stage2_policy_eval/20546298_Ev_rover_rover_orig_vh_c.1_s1963100312_SR10TCP_src20489483_e0092.txt","",""
"MAIN-TERM","rover","on","stage2","validation_selected","1972442430","20489484","3","\home\hersco\bershco-nu-asnets\numeric-asnets\asnets\experiment-results\experiments_numeric.domain.rover-experiments_numeric.architecture_2.rover_mcts-2026-08-24T22:21:17.802400\P[domain,pfile1,pfile2,pfile3,pfile4]-S[0.0003,50,enhsp-hmrp-ha-gbfs]-MO[]-T[518400]-04911455-72aea46\snapshots/snapshot_3_1.0000","20546320","4","20","COMPLETED","0:0","00:05:52","4","0","/home/hersco/training_new_domains/2026-08-22/statistical_replication_terminal_stage2_train/20489484_Re-Tr_rover_rover_mcts_orig_vh_e.5_c.1_s1972442430_K0_SR10TCT_src20401247_e0121.txt","/home/hersco/training_new_domains/2026-08-25/statistical_replication_terminal_stage2_policy_eval/20546320_Ev_rover_rover_orig_vh_c.1_s1972442430_SR10TCP_src20489484_e0003.txt","/home/hersco/training_new_domains/2026-08-25/statistical_replication_terminal_stage2_policy_eval/20546320_Ev_rover_rover_orig_vh_c.1_s1972442430_SR10TCP_src20489484_e0003.txt","",""
"MAIN-TERM","rover","on","stage2","validation_selected","2011206605","20489485","0","\home\hersco\bershco-nu-asnets\numeric-asnets\asnets\experiment-results\experiments_numeric.domain.rover-experiments_numeric.architecture_2.rover_mcts-2026-08-24T22:22:19.487375\P[domain,pfile1,pfile2,pfile3,pfile4]-S[0.0003,50,enhsp-hmrp-ha-gbfs]-MO[]-T[518400]-04911456-067843\snapshots/snapshot_0_1.0000","20543566","4","20","COMPLETED","0:0","00:14:02","4","0","/home/hersco/training_new_domains/2026-08-22/statistical_replication_terminal_stage2_train/20489485_Re-Tr_rover_rover_mcts_orig_vh_e.5_c.1_s2011206605_K0_SR10TCT_src20401239_e0145.txt","/home/hersco/training_new_domains/2026-08-25/statistical_replication_terminal_stage2_policy_eval/20543566_Ev_rover_rover_orig_vh_c.1_s2011206605_SR10TCP_src20489485_e0000.txt","/home/hersco/training_new_domains/2026-08-25/statistical_replication_terminal_stage2_policy_eval/20543566_Ev_rover_rover_orig_vh_c.1_s2011206605_SR10TCP_src20489485_e0000.txt","",""
"MAIN-TERM","rover","on","stage2","validation_selected","2082152039","20489486","7","\home\hersco\bershco-nu-asnets\numeric-asnets\asnets\experiment-results\experiments_numeric.domain.rover-experiments_numeric.architecture_2.rover_mcts-2026-08-24T22:31:40.361059\P[domain,pfile1,pfile2,pfile3,pfile4]-S[0.0003,50,enhsp-hmrp-ha-gbfs]-MO[]-T[518400]-04911465-faf7d6\snapshots/snapshot_7_1.0000","20546348","4","20","COMPLETED","0:0","00:22:27","4","0","/home/hersco/training_new_domains/2026-08-22/statistical_replication_terminal_stage2_train/20489486_Re-Tr_rover_rover_mcts_orig_vh_e.5_c.1_s2082152039_K0_SR10TCT_src20401244_e0127.txt","/home/hersco/training_new_domains/2026-08-25/statistical_replication_terminal_stage2_policy_eval/20546348_Ev_rover_rover_orig_vh_c.1_s2082152039_SR10TCP_src20489486_e0007.txt","/home/hersco/training_new_domains/2026-08-25/statistical_replication_terminal_stage2_policy_eval/20546348_Ev_rover_rover_orig_vh_c.1_s2082152039_SR10TCP_src20489486_e0007.txt","",""
"MAIN-VAL","block_grouping","off","stage1","validation_selected","534933607","20401192","12","/home/hersco/bershco-nu-asnets/numeric-asnets/asnets/experiment-results/experiments_numeric.domain.block_grouping-experiments_numeric.architecture_2.block_grouping-2026-08-20T18:13:54.922313/P[domain,instance_7_10_2_1,instance_20_5_2_2,inst...]-S[0.003,50,enhsp-hadd-gbfs]-MO[]-T[518400]-04905448-3c74d66/snapshots/snapshot_12_0.333","20425164","17","20","COMPLETED","0:0","00:04:06","17","0","/home/hersco/training_new_domains/2026-08-20/statistical_replication_stage1_10seed/20401192_Tr_block_grouping_block_grouping_orig_novh_c.1_s534933607_STATREP10_STAGE1.txt","/home/hersco/training_new_domains/2026-08-21/statistical_replication_stage1_policy_eval/20425164_Ev_block_grouping_block_grouping_orig_novh_c.1_s534933607_SR10P_src20401192_e0012.txt","/home/hersco/training_new_domains/2026-08-21/statistical_replication_stage1_policy_eval/20425164_Ev_block_grouping_block_grouping_orig_novh_c.1_s534933607_SR10P_src20401192_e0012.txt","",""
"MAIN-VAL","block_grouping","off","stage1","validation_selected","923500475","20401195","8","/home/hersco/bershco-nu-asnets/numeric-asnets/asnets/experiment-results/experiments_numeric.domain.block_grouping-experiments_numeric.architecture_2.block_grouping-2026-08-20T18:13:03.058457/P[domain,instance_7_10_2_1,instance_20_5_2_2,inst...]-S[0.003,50,enhsp-hadd-gbfs]-MO[]-T[518400]-04905447-5194f74/snapshots/snapshot_8_0.333","20425208","16","20","COMPLETED","0:0","00:04:05","16","0","/home/hersco/training_new_domains/2026-08-20/statistical_replication_stage1_10seed/20401195_Tr_block_grouping_block_grouping_orig_novh_c.1_s923500475_STATREP10_STAGE1.txt","/home/hersco/training_new_domains/2026-08-21/statistical_replication_stage1_policy_eval/20425208_Ev_block_grouping_block_grouping_orig_novh_c.1_s923500475_SR10P_src20401195_e0008.txt","/home/hersco/training_new_domains/2026-08-21/statistical_replication_stage1_policy_eval/20425208_Ev_block_grouping_block_grouping_orig_novh_c.1_s923500475_SR10P_src20401195_e0008.txt","",""
"MAIN-VAL","block_grouping","off","stage1","validation_selected","1073581256","20401189","23","/home/hersco/bershco-nu-asnets/numeric-asnets/asnets/experiment-results/experiments_numeric.domain.block_grouping-experiments_numeric.architecture_2.block_grouping-2026-08-20T18:13:54.920504/P[domain,instance_7_10_2_1,instance_20_5_2_2,inst...]-S[0.003,50,enhsp-hadd-gbfs]-MO[]-T[518400]-04905448-1247c09/snapshots/snapshot_23_0.333","20424895","15","20","COMPLETED","0:0","00:03:11","15","0","/home/hersco/training_new_domains/2026-08-20/statistical_replication_stage1_10seed/20401189_Tr_block_grouping_block_grouping_orig_novh_c.1_s1073581256_STATREP10_STAGE1.txt","/home/hersco/training_new_domains/2026-08-21/statistical_replication_stage1_policy_eval/20424895_Ev_block_grouping_block_grouping_orig_novh_c.1_s1073581256_SR10P_src20401189_e0023.txt","/home/hersco/training_new_domains/2026-08-21/statistical_replication_stage1_policy_eval/20424895_Ev_block_grouping_block_grouping_orig_novh_c.1_s1073581256_SR10P_src20401189_e0023.txt","",""
"MAIN-VAL","block_grouping","off","stage1","validation_selected","1239739722","20401190","27","/home/hersco/bershco-nu-asnets/numeric-asnets/asnets/experiment-results/experiments_numeric.domain.block_grouping-experiments_numeric.architecture_2.block_grouping-2026-08-20T18:13:54.920505/P[domain,instance_7_10_2_1,instance_20_5_2_2,inst...]-S[0.003,50,enhsp-hadd-gbfs]-MO[]-T[518400]-04905448-7d9a779/snapshots/snapshot_27_0.333","20425135","17","20","COMPLETED","0:0","00:03:56","17","0","/home/hersco/training_new_domains/2026-08-20/statistical_replication_stage1_10seed/20401190_Tr_block_grouping_block_grouping_orig_novh_c.1_s1239739722_STATREP10_STAGE1.txt","/home/hersco/training_new_domains/2026-08-21/statistical_replication_stage1_policy_eval/20425135_Ev_block_grouping_block_grouping_orig_novh_c.1_s1239739722_SR10P_src20401190_e0027.txt","/home/hersco/training_new_domains/2026-08-21/statistical_replication_stage1_policy_eval/20425135_Ev_block_grouping_block_grouping_orig_novh_c.1_s1239739722_SR10P_src20401190_e0027.txt","",""
"MAIN-VAL","block_grouping","off","stage1","validation_selected","1472491096","20401191","30","/home/hersco/bershco-nu-asnets/numeric-asnets/asnets/experiment-results/experiments_numeric.domain.block_grouping-experiments_numeric.architecture_2.block_grouping-2026-08-20T18:13:54.920498/P[domain,instance_7_10_2_1,instance_20_5_2_2,inst...]-S[0.003,50,enhsp-hadd-gbfs]-MO[]-T[518400]-04905448-43e0a7a/snapshots/snapshot_30_0.500","20425141","15","20","COMPLETED","0:0","00:02:52","15","0","/home/hersco/training_new_domains/2026-08-20/statistical_replication_stage1_10seed/20401191_Tr_block_grouping_block_grouping_orig_novh_c.1_s1472491096_STATREP10_STAGE1.txt","/home/hersco/training_new_domains/2026-08-21/statistical_replication_stage1_policy_eval/20425141_Ev_block_grouping_block_grouping_orig_novh_c.1_s1472491096_SR10P_src20401191_e0030.txt","/home/hersco/training_new_domains/2026-08-21/statistical_replication_stage1_policy_eval/20425141_Ev_block_grouping_block_grouping_orig_novh_c.1_s1472491096_SR10P_src20401191_e0030.txt","",""
"MAIN-VAL","block_grouping","off","stage1","validation_selected","1510771779","20401194","34","/home/hersco/bershco-nu-asnets/numeric-asnets/asnets/experiment-results/experiments_numeric.domain.block_grouping-experiments_numeric.architecture_2.block_grouping-2026-08-20T18:13:54.920887/P[domain,instance_7_10_2_1,instance_20_5_2_2,inst...]-S[0.003,50,enhsp-hadd-gbfs]-MO[]-T[518400]-04905448-17cc32a/snapshots/snapshot_34_0.333","20425196","18","20","COMPLETED","0:0","00:02:59","18","0","/home/hersco/training_new_domains/2026-08-20/statistical_replication_stage1_10seed/20401194_Tr_block_grouping_block_grouping_orig_novh_c.1_s1510771779_STATREP10_STAGE1.txt","/home/hersco/training_new_domains/2026-08-21/statistical_replication_stage1_policy_eval/20425196_Ev_block_grouping_block_grouping_orig_novh_c.1_s1510771779_SR10P_src20401194_e0034.txt","/home/hersco/training_new_domains/2026-08-21/statistical_replication_stage1_policy_eval/20425196_Ev_block_grouping_block_grouping_orig_novh_c.1_s1510771779_SR10P_src20401194_e0034.txt","",""
"MAIN-VAL","block_grouping","off","stage1","validation_selected","1963100312","20401187","44","/home/hersco/bershco-nu-asnets/numeric-asnets/asnets/experiment-results/experiments_numeric.domain.block_grouping-experiments_numeric.architecture_2.block_grouping-2026-08-20T18:13:54.920511/P[domain,instance_7_10_2_1,instance_20_5_2_2,inst...]-S[0.003,50,enhsp-hadd-gbfs]-MO[]-T[518400]-04905448-2fc32f3/snapshots/snapshot_44_0.333","20424828","18","20","COMPLETED","0:0","00:05:16","18","0","/home/hersco/training_new_domains/2026-08-20/statistical_replication_stage1_10seed/20401187_Tr_block_grouping_block_grouping_orig_novh_c.1_s1963100312_STATREP10_STAGE1.txt","/home/hersco/training_new_domains/2026-08-21/statistical_replication_stage1_policy_eval/20424828_Ev_block_grouping_block_grouping_orig_novh_c.1_s1963100312_SR10P_src20401187_e0044.txt","/home/hersco/training_new_domains/2026-08-21/statistical_replication_stage1_policy_eval/20424828_Ev_block_grouping_block_grouping_orig_novh_c.1_s1963100312_SR10P_src20401187_e0044.txt","",""
"MAIN-VAL","block_grouping","off","stage1","validation_selected","1972442430","20401196","17","/home/hersco/bershco-nu-asnets/numeric-asnets/asnets/experiment-results/experiments_numeric.domain.block_grouping-experiments_numeric.architecture_2.block_grouping-2026-08-20T18:13:03.074053/P[domain,instance_7_10_2_1,instance_20_5_2_2,inst...]-S[0.003,50,enhsp-hadd-gbfs]-MO[]-T[518400]-04905447-72aea46/snapshots/snapshot_17_0.500","20425222","17","20","COMPLETED","0:0","00:01:59","17","0","/home/hersco/training_new_domains/2026-08-20/statistical_replication_stage1_10seed/20401196_Tr_block_grouping_block_grouping_orig_novh_c.1_s1972442430_STATREP10_STAGE1.txt","/home/hersco/training_new_domains/2026-08-21/statistical_replication_stage1_policy_eval/20425222_Ev_block_grouping_block_grouping_orig_novh_c.1_s1972442430_SR10P_src20401196_e0017.txt","/home/hersco/training_new_domains/2026-08-21/statistical_replication_stage1_policy_eval/20425222_Ev_block_grouping_block_grouping_orig_novh_c.1_s1972442430_SR10P_src20401196_e0017.txt","",""
"MAIN-VAL","block_grouping","off","stage1","validation_selected","2011206605","20401188","40","/home/hersco/bershco-nu-asnets/numeric-asnets/asnets/experiment-results/experiments_numeric.domain.block_grouping-experiments_numeric.architecture_2.block_grouping-2026-08-20T18:13:54.920497/P[domain,instance_7_10_2_1,instance_20_5_2_2,inst...]-S[0.003,50,enhsp-hadd-gbfs]-MO[]-T[518400]-04905448-067843/snapshots/snapshot_40_0.250","20424847","15","20","COMPLETED","0:0","00:05:33","15","0","/home/hersco/training_new_domains/2026-08-20/statistical_replication_stage1_10seed/20401188_Tr_block_grouping_block_grouping_orig_novh_c.1_s2011206605_STATREP10_STAGE1.txt","/home/hersco/training_new_domains/2026-08-21/statistical_replication_stage1_policy_eval/20424847_Ev_block_grouping_block_grouping_orig_novh_c.1_s2011206605_SR10P_src20401188_e0040.txt","/home/hersco/training_new_domains/2026-08-21/statistical_replication_stage1_policy_eval/20424847_Ev_block_grouping_block_grouping_orig_novh_c.1_s2011206605_SR10P_src20401188_e0040.txt","",""
"MAIN-VAL","block_grouping","off","stage1","validation_selected","2082152039","20401193","18","/home/hersco/bershco-nu-asnets/numeric-asnets/asnets/experiment-results/experiments_numeric.domain.block_grouping-experiments_numeric.architecture_2.block_grouping-2026-08-20T18:13:54.920514/P[domain,instance_7_10_2_1,instance_20_5_2_2,inst...]-S[0.003,50,enhsp-hadd-gbfs]-MO[]-T[518400]-04905448-faf7d6/snapshots/snapshot_18_0.333","20425179","15","20","COMPLETED","0:0","00:03:09","15","0","/home/hersco/training_new_domains/2026-08-20/statistical_replication_stage1_10seed/20401193_Tr_block_grouping_block_grouping_orig_novh_c.1_s2082152039_STATREP10_STAGE1.txt","/home/hersco/training_new_domains/2026-08-21/statistical_replication_stage1_policy_eval/20425179_Ev_block_grouping_block_grouping_orig_novh_c.1_s2082152039_SR10P_src20401193_e0018.txt","/home/hersco/training_new_domains/2026-08-21/statistical_replication_stage1_policy_eval/20425179_Ev_block_grouping_block_grouping_orig_novh_c.1_s2082152039_SR10P_src20401193_e0018.txt","",""
"MAIN-VAL","block_grouping","off","stage2","final","534933607","20430360","99","/home/hersco/bershco-nu-asnets/numeric-asnets/asnets/experiment-results/experiments_numeric.domain.block_grouping-experiments_numeric.architecture_2.block_grouping_mcts-2026-08-21T11:16:20.393420/P[domain,instance_7_10_2_1,instance_20_5_2_2,inst...]-S[0.0003,50,enhsp-hadd-gbfs]-MO[]-T[518400]-04906470-3c74d66/snapshots/snapshot_99_0.7500","20488027","17","20","COMPLETED","0:0","00:02:53","17","0","/home/hersco/training_new_domains/2026-08-21/statistical_replication_stage2_training/20430360_Re-Tr_block_grouping_block_grouping_mcts_orig_novh_e.5_c.1_s534933607_K0_SR10T_src20401192_e0012.txt","/home/hersco/training_new_domains/2026-08-22/statistical_replication_stage2_policy_eval/20488027_Ev_block_grouping_block_grouping_orig_novh_c.1_s534933607_SR10P_src20430360_e0099.txt","/home/hersco/training_new_domains/2026-08-22/statistical_replication_stage2_policy_eval/20488027_Ev_block_grouping_block_grouping_orig_novh_c.1_s534933607_SR10P_src20430360_e0099.txt","",""
"MAIN-VAL","block_grouping","off","stage2","final","923500475","20430363","99","/home/hersco/bershco-nu-asnets/numeric-asnets/asnets/experiment-results/experiments_numeric.domain.block_grouping-experiments_numeric.architecture_2.block_grouping_mcts-2026-08-21T11:16:51.624998/P[domain,instance_7_10_2_1,instance_20_5_2_2,inst...]-S[0.0003,50,enhsp-hadd-gbfs]-MO[]-T[518400]-04906470-5194f74/snapshots/snapshot_99_1.0000","20488095","13","20","COMPLETED","0:0","00:03:04","13","0","/home/hersco/training_new_domains/2026-08-21/statistical_replication_stage2_training/20430363_Re-Tr_block_grouping_block_grouping_mcts_orig_novh_e.5_c.1_s923500475_K0_SR10T_src20401195_e0008.txt","/home/hersco/training_new_domains/2026-08-22/statistical_replication_stage2_policy_eval/20488095_Ev_block_grouping_block_grouping_orig_novh_c.1_s923500475_SR10P_src20430363_e0099.txt","/home/hersco/training_new_domains/2026-08-22/statistical_replication_stage2_policy_eval/20488095_Ev_block_grouping_block_grouping_orig_novh_c.1_s923500475_SR10P_src20430363_e0099.txt","",""
"MAIN-VAL","block_grouping","off","stage2","final","1073581256","20430357","99","/home/hersco/bershco-nu-asnets/numeric-asnets/asnets/experiment-results/experiments_numeric.domain.block_grouping-experiments_numeric.architecture_2.block_grouping_mcts-2026-08-21T11:15:39.145192/P[domain,instance_7_10_2_1,instance_20_5_2_2,inst...]-S[0.0003,50,enhsp-hadd-gbfs]-MO[]-T[518400]-04906469-1247c09/snapshots/snapshot_99_0.7500","20487961","17","20","COMPLETED","0:0","00:02:52","17","0","/home/hersco/training_new_domains/2026-08-21/statistical_replication_stage2_training/20430357_Re-Tr_block_grouping_block_grouping_mcts_orig_novh_e.5_c.1_s1073581256_K0_SR10T_src20401189_e0023.txt","/home/hersco/training_new_domains/2026-08-22/statistical_replication_stage2_policy_eval/20487961_Ev_block_grouping_block_grouping_orig_novh_c.1_s1073581256_SR10P_src20430357_e0099.txt","/home/hersco/training_new_domains/2026-08-22/statistical_replication_stage2_policy_eval/20487961_Ev_block_grouping_block_grouping_orig_novh_c.1_s1073581256_SR10P_src20430357_e0099.txt","",""
"MAIN-VAL","block_grouping","off","stage2","final","1239739722","20430358","99","/home/hersco/bershco-nu-asnets/numeric-asnets/asnets/experiment-results/experiments_numeric.domain.block_grouping-experiments_numeric.architecture_2.block_grouping_mcts-2026-08-21T11:15:10.605678/P[domain,instance_7_10_2_1,instance_20_5_2_2,inst...]-S[0.0003,50,enhsp-hadd-gbfs]-MO[]-T[518400]-04906469-7d9a779/snapshots/snapshot_99_0.7500","20487983","17","20","COMPLETED","0:0","00:04:18","17","0","/home/hersco/training_new_domains/2026-08-21/statistical_replication_stage2_training/20430358_Re-Tr_block_grouping_block_grouping_mcts_orig_novh_e.5_c.1_s1239739722_K0_SR10T_src20401190_e0027.txt","/home/hersco/training_new_domains/2026-08-22/statistical_replication_stage2_policy_eval/20487983_Ev_block_grouping_block_grouping_orig_novh_c.1_s1239739722_SR10P_src20430358_e0099.txt","/home/hersco/training_new_domains/2026-08-22/statistical_replication_stage2_policy_eval/20487983_Ev_block_grouping_block_grouping_orig_novh_c.1_s1239739722_SR10P_src20430358_e0099.txt","",""
"MAIN-VAL","block_grouping","off","stage2","final","1472491096","20430359","99","/home/hersco/bershco-nu-asnets/numeric-asnets/asnets/experiment-results/experiments_numeric.domain.block_grouping-experiments_numeric.architecture_2.block_grouping_mcts-2026-08-21T11:15:20.661801/P[domain,instance_7_10_2_1,instance_20_5_2_2,inst...]-S[0.0003,50,enhsp-hadd-gbfs]-MO[]-T[518400]-04906469-43e0a7a/snapshots/snapshot_99_0.7500","20488005","17","20","COMPLETED","0:0","00:02:59","17","0","/home/hersco/training_new_domains/2026-08-21/statistical_replication_stage2_training/20430359_Re-Tr_block_grouping_block_grouping_mcts_orig_novh_e.5_c.1_s1472491096_K0_SR10T_src20401191_e0030.txt","/home/hersco/training_new_domains/2026-08-22/statistical_replication_stage2_policy_eval/20488005_Ev_block_grouping_block_grouping_orig_novh_c.1_s1472491096_SR10P_src20430359_e0099.txt","/home/hersco/training_new_domains/2026-08-22/statistical_replication_stage2_policy_eval/20488005_Ev_block_grouping_block_grouping_orig_novh_c.1_s1472491096_SR10P_src20430359_e0099.txt","",""
"MAIN-VAL","block_grouping","off","stage2","final","1510771779","20430362","99","/home/hersco/bershco-nu-asnets/numeric-asnets/asnets/experiment-results/experiments_numeric.domain.block_grouping-experiments_numeric.architecture_2.block_grouping_mcts-2026-08-21T11:16:10.438407/P[domain,instance_7_10_2_1,instance_20_5_2_2,inst...]-S[0.0003,50,enhsp-hadd-gbfs]-MO[]-T[518400]-04906470-17cc32a/snapshots/snapshot_99_0.7500","20488073","17","20","COMPLETED","0:0","00:02:10","17","0","/home/hersco/training_new_domains/2026-08-21/statistical_replication_stage2_training/20430362_Re-Tr_block_grouping_block_grouping_mcts_orig_novh_e.5_c.1_s1510771779_K0_SR10T_src20401194_e0034.txt","/home/hersco/training_new_domains/2026-08-22/statistical_replication_stage2_policy_eval/20488073_Ev_block_grouping_block_grouping_orig_novh_c.1_s1510771779_SR10P_src20430362_e0099.txt","/home/hersco/training_new_domains/2026-08-22/statistical_replication_stage2_policy_eval/20488073_Ev_block_grouping_block_grouping_orig_novh_c.1_s1510771779_SR10P_src20430362_e0099.txt","",""
"MAIN-VAL","block_grouping","off","stage2","final","1963100312","20430354","99","/home/hersco/bershco-nu-asnets/numeric-asnets/asnets/experiment-results/experiments_numeric.domain.block_grouping-experiments_numeric.architecture_2.block_grouping_mcts-2026-08-21T11:14:49.897250/P[domain,instance_7_10_2_1,instance_20_5_2_2,inst...]-S[0.0003,50,enhsp-hadd-gbfs]-MO[]-T[518400]-04906469-2fc32f3/snapshots/snapshot_99_1.0000","20487904","13","20","COMPLETED","0:0","00:02:47","13","0","/home/hersco/training_new_domains/2026-08-21/statistical_replication_stage2_training/20430354_Re-Tr_block_grouping_block_grouping_mcts_orig_novh_e.5_c.1_s1963100312_K0_SR10T_src20401187_e0044.txt","/home/hersco/training_new_domains/2026-08-22/statistical_replication_stage2_policy_eval/20487904_Ev_block_grouping_block_grouping_orig_novh_c.1_s1963100312_SR10P_src20430354_e0099.txt","/home/hersco/training_new_domains/2026-08-22/statistical_replication_stage2_policy_eval/20487904_Ev_block_grouping_block_grouping_orig_novh_c.1_s1963100312_SR10P_src20430354_e0099.txt","",""
"MAIN-VAL","block_grouping","off","stage2","final","1972442430","20430364","99","/home/hersco/bershco-nu-asnets/numeric-asnets/asnets/experiment-results/experiments_numeric.domain.block_grouping-experiments_numeric.architecture_2.block_grouping_mcts-2026-08-21T11:16:19.857418/P[domain,instance_7_10_2_1,instance_20_5_2_2,inst...]-S[0.0003,50,enhsp-hadd-gbfs]-MO[]-T[518400]-04906470-72aea46/snapshots/snapshot_99_0.7500","20489062","18","20","COMPLETED","0:0","00:02:51","18","0","/home/hersco/training_new_domains/2026-08-21/statistical_replication_stage2_training/20430364_Re-Tr_block_grouping_block_grouping_mcts_orig_novh_e.5_c.1_s1972442430_K0_SR10T_src20401196_e0017.txt","/home/hersco/training_new_domains/2026-08-22/statistical_replication_stage2_policy_eval/20489062_Ev_block_grouping_block_grouping_orig_novh_c.1_s1972442430_SR10P_src20430364_e0099.txt","/home/hersco/training_new_domains/2026-08-22/statistical_replication_stage2_policy_eval/20489062_Ev_block_grouping_block_grouping_orig_novh_c.1_s1972442430_SR10P_src20430364_e0099.txt","",""
"MAIN-VAL","block_grouping","off","stage2","final","2011206605","20430355","99","/home/hersco/bershco-nu-asnets/numeric-asnets/asnets/experiment-results/experiments_numeric.domain.block_grouping-experiments_numeric.architecture_2.block_grouping_mcts-2026-08-21T11:14:53.975709/P[domain,instance_7_10_2_1,instance_20_5_2_2,inst...]-S[0.0003,50,enhsp-hadd-gbfs]-MO[]-T[518400]-04906468-067843/snapshots/snapshot_99_0.7500","20487925","17","20","COMPLETED","0:0","00:02:35","17","0","/home/hersco/training_new_domains/2026-08-21/statistical_replication_stage2_training/20430355_Re-Tr_block_grouping_block_grouping_mcts_orig_novh_e.5_c.1_s2011206605_K0_SR10T_src20401188_e0040.txt","/home/hersco/training_new_domains/2026-08-22/statistical_replication_stage2_policy_eval/20487925_Ev_block_grouping_block_grouping_orig_novh_c.1_s2011206605_SR10P_src20430355_e0099.txt","/home/hersco/training_new_domains/2026-08-22/statistical_replication_stage2_policy_eval/20487925_Ev_block_grouping_block_grouping_orig_novh_c.1_s2011206605_SR10P_src20430355_e0099.txt","",""
"MAIN-VAL","block_grouping","off","stage2","final","2082152039","20430361","99","/home/hersco/bershco-nu-asnets/numeric-asnets/asnets/experiment-results/experiments_numeric.domain.block_grouping-experiments_numeric.architecture_2.block_grouping_mcts-2026-08-21T11:17:10.769878/P[domain,instance_7_10_2_1,instance_20_5_2_2,inst...]-S[0.0003,50,enhsp-hadd-gbfs]-MO[]-T[518400]-04906471-faf7d6/snapshots/snapshot_99_0.7500","20488048","16","20","COMPLETED","0:0","00:02:25","16","0","/home/hersco/training_new_domains/2026-08-21/statistical_replication_stage2_training/20430361_Re-Tr_block_grouping_block_grouping_mcts_orig_novh_e.5_c.1_s2082152039_K0_SR10T_src20401193_e0018.txt","/home/hersco/training_new_domains/2026-08-22/statistical_replication_stage2_policy_eval/20488048_Ev_block_grouping_block_grouping_orig_novh_c.1_s2082152039_SR10P_src20430361_e0099.txt","/home/hersco/training_new_domains/2026-08-22/statistical_replication_stage2_policy_eval/20488048_Ev_block_grouping_block_grouping_orig_novh_c.1_s2082152039_SR10P_src20430361_e0099.txt","",""
"MAIN-VAL","block_grouping","off","stage2","validation_selected","534933607","20430360","10","/home/hersco/bershco-nu-asnets/numeric-asnets/asnets/experiment-results/experiments_numeric.domain.block_grouping-experiments_numeric.architecture_2.block_grouping_mcts-2026-08-21T11:16:20.393420/P[domain,instance_7_10_2_1,instance_20_5_2_2,inst...]-S[0.0003,50,enhsp-hadd-gbfs]-MO[]-T[518400]-04906470-3c74d66/snapshots/snapshot_10_0.7500","20488009","17","20","COMPLETED","0:0","00:02:24","17","0","/home/hersco/training_new_domains/2026-08-21/statistical_replication_stage2_training/20430360_Re-Tr_block_grouping_block_grouping_mcts_orig_novh_e.5_c.1_s534933607_K0_SR10T_src20401192_e0012.txt","/home/hersco/training_new_domains/2026-08-22/statistical_replication_stage2_policy_eval/20488009_Ev_block_grouping_block_grouping_orig_novh_c.1_s534933607_SR10P_src20430360_e0010.txt","/home/hersco/training_new_domains/2026-08-22/statistical_replication_stage2_policy_eval/20488009_Ev_block_grouping_block_grouping_orig_novh_c.1_s534933607_SR10P_src20430360_e0010.txt","20575475","/home/hersco/training_new_domains/2026-08-26/statistical_replication_stage2_policy_eval/20575475_Ev_block_grouping_block_grouping_orig_novh_c.1_s534933607_SR10P_src20430360_e0010.txt"
"MAIN-VAL","block_grouping","off","stage2","validation_selected","923500475","20430363","2","/home/hersco/bershco-nu-asnets/numeric-asnets/asnets/experiment-results/experiments_numeric.domain.block_grouping-experiments_numeric.architecture_2.block_grouping_mcts-2026-08-21T11:16:51.624998/P[domain,instance_7_10_2_1,instance_20_5_2_2,inst...]-S[0.0003,50,enhsp-hadd-gbfs]-MO[]-T[518400]-04906470-5194f74/snapshots/snapshot_2_1.0000","20488096","15","20","COMPLETED","0:0","00:04:24","15","0","/home/hersco/training_new_domains/2026-08-21/statistical_replication_stage2_training/20430363_Re-Tr_block_grouping_block_grouping_mcts_orig_novh_e.5_c.1_s923500475_K0_SR10T_src20401195_e0008.txt","/home/hersco/training_new_domains/2026-08-22/statistical_replication_stage2_policy_eval/20488096_Ev_block_grouping_block_grouping_orig_novh_c.1_s923500475_SR10P_src20430363_e0002.txt","/home/hersco/training_new_domains/2026-08-22/statistical_replication_stage2_policy_eval/20488096_Ev_block_grouping_block_grouping_orig_novh_c.1_s923500475_SR10P_src20430363_e0002.txt","",""
"MAIN-VAL","block_grouping","off","stage2","validation_selected","1073581256","20430357","7","/home/hersco/bershco-nu-asnets/numeric-asnets/asnets/experiment-results/experiments_numeric.domain.block_grouping-experiments_numeric.architecture_2.block_grouping_mcts-2026-08-21T11:15:39.145192/P[domain,instance_7_10_2_1,instance_20_5_2_2,inst...]-S[0.0003,50,enhsp-hadd-gbfs]-MO[]-T[518400]-04906469-1247c09/snapshots/snapshot_7_0.7500","20487962","17","20","COMPLETED","0:0","00:03:14","17","0","/home/hersco/training_new_domains/2026-08-21/statistical_replication_stage2_training/20430357_Re-Tr_block_grouping_block_grouping_mcts_orig_novh_e.5_c.1_s1073581256_K0_SR10T_src20401189_e0023.txt","/home/hersco/training_new_domains/2026-08-22/statistical_replication_stage2_policy_eval/20487962_Ev_block_grouping_block_grouping_orig_novh_c.1_s1073581256_SR10P_src20430357_e0007.txt","/home/hersco/training_new_domains/2026-08-22/statistical_replication_stage2_policy_eval/20487962_Ev_block_grouping_block_grouping_orig_novh_c.1_s1073581256_SR10P_src20430357_e0007.txt","",""
"MAIN-VAL","block_grouping","off","stage2","validation_selected","1239739722","20430358","4","/home/hersco/bershco-nu-asnets/numeric-asnets/asnets/experiment-results/experiments_numeric.domain.block_grouping-experiments_numeric.architecture_2.block_grouping_mcts-2026-08-21T11:15:10.605678/P[domain,instance_7_10_2_1,instance_20_5_2_2,inst...]-S[0.0003,50,enhsp-hadd-gbfs]-MO[]-T[518400]-04906469-7d9a779/snapshots/snapshot_4_1.0000","20487984","17","20","COMPLETED","0:0","00:02:47","17","0","/home/hersco/training_new_domains/2026-08-21/statistical_replication_stage2_training/20430358_Re-Tr_block_grouping_block_grouping_mcts_orig_novh_e.5_c.1_s1239739722_K0_SR10T_src20401190_e0027.txt","/home/hersco/training_new_domains/2026-08-22/statistical_replication_stage2_policy_eval/20487984_Ev_block_grouping_block_grouping_orig_novh_c.1_s1239739722_SR10P_src20430358_e0004.txt","/home/hersco/training_new_domains/2026-08-22/statistical_replication_stage2_policy_eval/20487984_Ev_block_grouping_block_grouping_orig_novh_c.1_s1239739722_SR10P_src20430358_e0004.txt","",""
"MAIN-VAL","block_grouping","off","stage2","validation_selected","1472491096","20430359","2","/home/hersco/bershco-nu-asnets/numeric-asnets/asnets/experiment-results/experiments_numeric.domain.block_grouping-experiments_numeric.architecture_2.block_grouping_mcts-2026-08-21T11:15:20.661801/P[domain,instance_7_10_2_1,instance_20_5_2_2,inst...]-S[0.0003,50,enhsp-hadd-gbfs]-MO[]-T[518400]-04906469-43e0a7a/snapshots/snapshot_2_0.6667","20488006","15","20","COMPLETED","0:0","00:03:56","15","0","/home/hersco/training_new_domains/2026-08-21/statistical_replication_stage2_training/20430359_Re-Tr_block_grouping_block_grouping_mcts_orig_novh_e.5_c.1_s1472491096_K0_SR10T_src20401191_e0030.txt","/home/hersco/training_new_domains/2026-08-22/statistical_replication_stage2_policy_eval/20488006_Ev_block_grouping_block_grouping_orig_novh_c.1_s1472491096_SR10P_src20430359_e0002.txt","/home/hersco/training_new_domains/2026-08-22/statistical_replication_stage2_policy_eval/20488006_Ev_block_grouping_block_grouping_orig_novh_c.1_s1472491096_SR10P_src20430359_e0002.txt","",""
"MAIN-VAL","block_grouping","off","stage2","validation_selected","1510771779","20430362","8","/home/hersco/bershco-nu-asnets/numeric-asnets/asnets/experiment-results/experiments_numeric.domain.block_grouping-experiments_numeric.architecture_2.block_grouping_mcts-2026-08-21T11:16:10.438407/P[domain,instance_7_10_2_1,instance_20_5_2_2,inst...]-S[0.0003,50,enhsp-hadd-gbfs]-MO[]-T[518400]-04906470-17cc32a/snapshots/snapshot_8_1.0000","20488074","17","20","COMPLETED","0:0","00:02:14","17","0","/home/hersco/training_new_domains/2026-08-21/statistical_replication_stage2_training/20430362_Re-Tr_block_grouping_block_grouping_mcts_orig_novh_e.5_c.1_s1510771779_K0_SR10T_src20401194_e0034.txt","/home/hersco/training_new_domains/2026-08-22/statistical_replication_stage2_policy_eval/20488074_Ev_block_grouping_block_grouping_orig_novh_c.1_s1510771779_SR10P_src20430362_e0008.txt","/home/hersco/training_new_domains/2026-08-22/statistical_replication_stage2_policy_eval/20488074_Ev_block_grouping_block_grouping_orig_novh_c.1_s1510771779_SR10P_src20430362_e0008.txt","",""
"MAIN-VAL","block_grouping","off","stage2","validation_selected","1963100312","20430354","0","/home/hersco/bershco-nu-asnets/numeric-asnets/asnets/experiment-results/experiments_numeric.domain.block_grouping-experiments_numeric.architecture_2.block_grouping_mcts-2026-08-21T11:14:49.897250/P[domain,instance_7_10_2_1,instance_20_5_2_2,inst...]-S[0.0003,50,enhsp-hadd-gbfs]-MO[]-T[518400]-04906469-2fc32f3/snapshots/snapshot_0_1.0000","20487884","15","20","COMPLETED","0:0","00:03:11","15","0","/home/hersco/training_new_domains/2026-08-21/statistical_replication_stage2_training/20430354_Re-Tr_block_grouping_block_grouping_mcts_orig_novh_e.5_c.1_s1963100312_K0_SR10T_src20401187_e0044.txt","/home/hersco/training_new_domains/2026-08-22/statistical_replication_stage2_policy_eval/20487884_Ev_block_grouping_block_grouping_orig_novh_c.1_s1963100312_SR10P_src20430354_e0000.txt","/home/hersco/training_new_domains/2026-08-22/statistical_replication_stage2_policy_eval/20487884_Ev_block_grouping_block_grouping_orig_novh_c.1_s1963100312_SR10P_src20430354_e0000.txt","20575473","/home/hersco/training_new_domains/2026-08-26/statistical_replication_stage2_policy_eval/20575473_Ev_block_grouping_block_grouping_orig_novh_c.1_s1963100312_SR10P_src20430354_e0000.txt"
"MAIN-VAL","block_grouping","off","stage2","validation_selected","1972442430","20430364","2","/home/hersco/bershco-nu-asnets/numeric-asnets/asnets/experiment-results/experiments_numeric.domain.block_grouping-experiments_numeric.architecture_2.block_grouping_mcts-2026-08-21T11:16:19.857418/P[domain,instance_7_10_2_1,instance_20_5_2_2,inst...]-S[0.0003,50,enhsp-hadd-gbfs]-MO[]-T[518400]-04906470-72aea46/snapshots/snapshot_2_0.6667","20489063","17","20","COMPLETED","0:0","00:02:17","17","0","/home/hersco/training_new_domains/2026-08-21/statistical_replication_stage2_training/20430364_Re-Tr_block_grouping_block_grouping_mcts_orig_novh_e.5_c.1_s1972442430_K0_SR10T_src20401196_e0017.txt","/home/hersco/training_new_domains/2026-08-22/statistical_replication_stage2_policy_eval/20489063_Ev_block_grouping_block_grouping_orig_novh_c.1_s1972442430_SR10P_src20430364_e0002.txt","/home/hersco/training_new_domains/2026-08-22/statistical_replication_stage2_policy_eval/20489063_Ev_block_grouping_block_grouping_orig_novh_c.1_s1972442430_SR10P_src20430364_e0002.txt","",""
"MAIN-VAL","block_grouping","off","stage2","validation_selected","2011206605","20430355","0","/home/hersco/bershco-nu-asnets/numeric-asnets/asnets/experiment-results/experiments_numeric.domain.block_grouping-experiments_numeric.architecture_2.block_grouping_mcts-2026-08-21T11:14:53.975709/P[domain,instance_7_10_2_1,instance_20_5_2_2,inst...]-S[0.0003,50,enhsp-hadd-gbfs]-MO[]-T[518400]-04906468-067843/snapshots/snapshot_0_1.0000","20487905","15","20","COMPLETED","0:0","00:03:46","15","0","/home/hersco/training_new_domains/2026-08-21/statistical_replication_stage2_training/20430355_Re-Tr_block_grouping_block_grouping_mcts_orig_novh_e.5_c.1_s2011206605_K0_SR10T_src20401188_e0040.txt","/home/hersco/training_new_domains/2026-08-22/statistical_replication_stage2_policy_eval/20487905_Ev_block_grouping_block_grouping_orig_novh_c.1_s2011206605_SR10P_src20430355_e0000.txt","/home/hersco/training_new_domains/2026-08-22/statistical_replication_stage2_policy_eval/20487905_Ev_block_grouping_block_grouping_orig_novh_c.1_s2011206605_SR10P_src20430355_e0000.txt","20575474","/home/hersco/training_new_domains/2026-08-26/statistical_replication_stage2_policy_eval/20575474_Ev_block_grouping_block_grouping_orig_novh_c.1_s2011206605_SR10P_src20430355_e0000.txt"
"MAIN-VAL","block_grouping","off","stage2","validation_selected","2082152039","20430361","2","/home/hersco/bershco-nu-asnets/numeric-asnets/asnets/experiment-results/experiments_numeric.domain.block_grouping-experiments_numeric.architecture_2.block_grouping_mcts-2026-08-21T11:17:10.769878/P[domain,instance_7_10_2_1,instance_20_5_2_2,inst...]-S[0.0003,50,enhsp-hadd-gbfs]-MO[]-T[518400]-04906471-faf7d6/snapshots/snapshot_2_0.6667","20488049","15","20","COMPLETED","0:0","00:03:35","15","0","/home/hersco/training_new_domains/2026-08-21/statistical_replication_stage2_training/20430361_Re-Tr_block_grouping_block_grouping_mcts_orig_novh_e.5_c.1_s2082152039_K0_SR10T_src20401193_e0018.txt","/home/hersco/training_new_domains/2026-08-22/statistical_replication_stage2_policy_eval/20488049_Ev_block_grouping_block_grouping_orig_novh_c.1_s2082152039_SR10P_src20430361_e0002.txt","/home/hersco/training_new_domains/2026-08-22/statistical_replication_stage2_policy_eval/20488049_Ev_block_grouping_block_grouping_orig_novh_c.1_s2082152039_SR10P_src20430361_e0002.txt","",""
"MAIN-VAL","block_grouping","on","stage1","validation_selected","534933607","20401182","19","/home/hersco/bershco-nu-asnets/numeric-asnets/asnets/experiment-results/experiments_numeric.domain.block_grouping-experiments_numeric.architecture_2.block_grouping-2026-08-20T18:12:57.386134/P[domain,instance_7_10_2_1,instance_20_5_2_2,inst...]-S[0.003,50,enhsp-hadd-gbfs]-MO[]-T[518400]-04905447-3c74d66/snapshots/snapshot_19_0.333","20424573","17","20","COMPLETED","0:0","00:03:38","17","0","/home/hersco/training_new_domains/2026-08-20/statistical_replication_stage1_10seed/20401182_Tr_block_grouping_block_grouping_orig_vh_c.1_s534933607_STATREP10_STAGE1.txt","/home/hersco/training_new_domains/2026-08-21/statistical_replication_stage1_policy_eval/20424573_Ev_block_grouping_block_grouping_orig_vh_c.1_s534933607_SR10P_src20401182_e0019.txt","/home/hersco/training_new_domains/2026-08-21/statistical_replication_stage1_policy_eval/20424573_Ev_block_grouping_block_grouping_orig_vh_c.1_s534933607_SR10P_src20401182_e0019.txt","",""
"MAIN-VAL","block_grouping","on","stage1","validation_selected","923500475","20401185","20","/home/hersco/bershco-nu-asnets/numeric-asnets/asnets/experiment-results/experiments_numeric.domain.block_grouping-experiments_numeric.architecture_2.block_grouping-2026-08-20T18:12:57.386131/P[domain,instance_7_10_2_1,instance_20_5_2_2,inst...]-S[0.003,50,enhsp-hadd-gbfs]-MO[]-T[518400]-04905447-5194f74/snapshots/snapshot_20_0.333","20424731","17","20","COMPLETED","0:0","00:04:29","17","0","/home/hersco/training_new_domains/2026-08-20/statistical_replication_stage1_10seed/20401185_Tr_block_grouping_block_grouping_orig_vh_c.1_s923500475_STATREP10_STAGE1.txt","/home/hersco/training_new_domains/2026-08-21/statistical_replication_stage1_policy_eval/20424731_Ev_block_grouping_block_grouping_orig_vh_c.1_s923500475_SR10P_src20401185_e0020.txt","/home/hersco/training_new_domains/2026-08-21/statistical_replication_stage1_policy_eval/20424731_Ev_block_grouping_block_grouping_orig_vh_c.1_s923500475_SR10P_src20401185_e0020.txt","",""
"MAIN-VAL","block_grouping","on","stage1","validation_selected","1073581256","20401179","11","/home/hersco/bershco-nu-asnets/numeric-asnets/asnets/experiment-results/experiments_numeric.domain.block_grouping-experiments_numeric.architecture_2.block_grouping-2026-08-20T18:12:57.386153/P[domain,instance_7_10_2_1,instance_20_5_2_2,inst...]-S[0.003,50,enhsp-hadd-gbfs]-MO[]-T[518400]-04905447-1247c09/snapshots/snapshot_11_0.333","20424533","14","20","COMPLETED","0:0","00:05:43","14","0","/home/hersco/training_new_domains/2026-08-20/statistical_replication_stage1_10seed/20401179_Tr_block_grouping_block_grouping_orig_vh_c.1_s1073581256_STATREP10_STAGE1.txt","/home/hersco/training_new_domains/2026-08-21/statistical_replication_stage1_policy_eval/20424533_Ev_block_grouping_block_grouping_orig_vh_c.1_s1073581256_SR10P_src20401179_e0011.txt","/home/hersco/training_new_domains/2026-08-21/statistical_replication_stage1_policy_eval/20424533_Ev_block_grouping_block_grouping_orig_vh_c.1_s1073581256_SR10P_src20401179_e0011.txt","",""
"MAIN-VAL","block_grouping","on","stage1","validation_selected","1239739722","20401180","23","/home/hersco/bershco-nu-asnets/numeric-asnets/asnets/experiment-results/experiments_numeric.domain.block_grouping-experiments_numeric.architecture_2.block_grouping-2026-08-20T18:12:57.386153/P[domain,instance_7_10_2_1,instance_20_5_2_2,inst...]-S[0.003,50,enhsp-hadd-gbfs]-MO[]-T[518400]-04905447-7d9a779/snapshots/snapshot_23_0.333","20424548","13","20","COMPLETED","0:0","00:05:11","13","0","/home/hersco/training_new_domains/2026-08-20/statistical_replication_stage1_10seed/20401180_Tr_block_grouping_block_grouping_orig_vh_c.1_s1239739722_STATREP10_STAGE1.txt","/home/hersco/training_new_domains/2026-08-21/statistical_replication_stage1_policy_eval/20424548_Ev_block_grouping_block_grouping_orig_vh_c.1_s1239739722_SR10P_src20401180_e0023.txt","/home/hersco/training_new_domains/2026-08-21/statistical_replication_stage1_policy_eval/20424548_Ev_block_grouping_block_grouping_orig_vh_c.1_s1239739722_SR10P_src20401180_e0023.txt","",""
"MAIN-VAL","block_grouping","on","stage1","validation_selected","1472491096","20401181","2","/home/hersco/bershco-nu-asnets/numeric-asnets/asnets/experiment-results/experiments_numeric.domain.block_grouping-experiments_numeric.architecture_2.block_grouping-2026-08-20T18:12:57.386139/P[domain,instance_7_10_2_1,instance_20_5_2_2,inst...]-S[0.003,50,enhsp-hadd-gbfs]-MO[]-T[518400]-04905447-43e0a7a/snapshots/snapshot_2_0.500","20424559","17","20","COMPLETED","0:0","00:05:13","17","0","/home/hersco/training_new_domains/2026-08-20/statistical_replication_stage1_10seed/20401181_Tr_block_grouping_block_grouping_orig_vh_c.1_s1472491096_STATREP10_STAGE1.txt","/home/hersco/training_new_domains/2026-08-21/statistical_replication_stage1_policy_eval/20424559_Ev_block_grouping_block_grouping_orig_vh_c.1_s1472491096_SR10P_src20401181_e0002.txt","/home/hersco/training_new_domains/2026-08-21/statistical_replication_stage1_policy_eval/20424559_Ev_block_grouping_block_grouping_orig_vh_c.1_s1472491096_SR10P_src20401181_e0002.txt","",""
"MAIN-VAL","block_grouping","on","stage1","validation_selected","1510771779","20401184","88","/home/hersco/bershco-nu-asnets/numeric-asnets/asnets/experiment-results/experiments_numeric.domain.block_grouping-experiments_numeric.architecture_2.block_grouping-2026-08-20T18:12:57.386149/P[domain,instance_7_10_2_1,instance_20_5_2_2,inst...]-S[0.003,50,enhsp-hadd-gbfs]-MO[]-T[518400]-04905447-17cc32a/snapshots/snapshot_88_0.333","20424722","17","20","COMPLETED","0:0","00:05:59","17","0","/home/hersco/training_new_domains/2026-08-20/statistical_replication_stage1_10seed/20401184_Tr_block_grouping_block_grouping_orig_vh_c.1_s1510771779_STATREP10_STAGE1.txt","/home/hersco/training_new_domains/2026-08-21/statistical_replication_stage1_policy_eval/20424722_Ev_block_grouping_block_grouping_orig_vh_c.1_s1510771779_SR10P_src20401184_e0088.txt","/home/hersco/training_new_domains/2026-08-21/statistical_replication_stage1_policy_eval/20424722_Ev_block_grouping_block_grouping_orig_vh_c.1_s1510771779_SR10P_src20401184_e0088.txt","",""
"MAIN-VAL","block_grouping","on","stage1","validation_selected","1963100312","20401177","4","/home/hersco/bershco-nu-asnets/numeric-asnets/asnets/experiment-results/experiments_numeric.domain.block_grouping-experiments_numeric.architecture_2.block_grouping-2026-08-20T18:12:51.374189/P[domain,instance_7_10_2_1,instance_20_5_2_2,inst...]-S[0.003,50,enhsp-hadd-gbfs]-MO[]-T[518400]-04905446-2fc32f3/snapshots/snapshot_4_0.333","20424464","17","20","COMPLETED","0:0","00:04:58","17","0","/home/hersco/training_new_domains/2026-08-20/statistical_replication_stage1_10seed/20401177_Tr_block_grouping_block_grouping_orig_vh_c.1_s1963100312_STATREP10_STAGE1.txt","/home/hersco/training_new_domains/2026-08-21/statistical_replication_stage1_policy_eval/20424464_Ev_block_grouping_block_grouping_orig_vh_c.1_s1963100312_SR10P_src20401177_e0004.txt","/home/hersco/training_new_domains/2026-08-21/statistical_replication_stage1_policy_eval/20424464_Ev_block_grouping_block_grouping_orig_vh_c.1_s1963100312_SR10P_src20401177_e0004.txt","",""
"MAIN-VAL","block_grouping","on","stage1","validation_selected","1972442430","20401186","5","/home/hersco/bershco-nu-asnets/numeric-asnets/asnets/experiment-results/experiments_numeric.domain.block_grouping-experiments_numeric.architecture_2.block_grouping-2026-08-20T18:12:50.465805/P[domain,instance_7_10_2_1,instance_20_5_2_2,inst...]-S[0.003,50,enhsp-hadd-gbfs]-MO[]-T[518400]-04905446-72aea46/snapshots/snapshot_5_0.167","20424758","15","20","COMPLETED","0:0","00:04:49","15","0","/home/hersco/training_new_domains/2026-08-20/statistical_replication_stage1_10seed/20401186_Tr_block_grouping_block_grouping_orig_vh_c.1_s1972442430_STATREP10_STAGE1.txt","/home/hersco/training_new_domains/2026-08-21/statistical_replication_stage1_policy_eval/20424758_Ev_block_grouping_block_grouping_orig_vh_c.1_s1972442430_SR10P_src20401186_e0005.txt","/home/hersco/training_new_domains/2026-08-21/statistical_replication_stage1_policy_eval/20424758_Ev_block_grouping_block_grouping_orig_vh_c.1_s1972442430_SR10P_src20401186_e0005.txt","",""
"MAIN-VAL","block_grouping","on","stage1","validation_selected","2011206605","20401178","26","/home/hersco/bershco-nu-asnets/numeric-asnets/asnets/experiment-results/experiments_numeric.domain.block_grouping-experiments_numeric.architecture_2.block_grouping-2026-08-20T18:12:19.946299/P[domain,instance_7_10_2_1,instance_20_5_2_2,inst...]-S[0.003,50,enhsp-hadd-gbfs]-MO[]-T[518400]-04905446-067843/snapshots/snapshot_26_0.333","20424502","17","20","COMPLETED","0:0","00:04:34","17","0","/home/hersco/training_new_domains/2026-08-20/statistical_replication_stage1_10seed/20401178_Tr_block_grouping_block_grouping_orig_vh_c.1_s2011206605_STATREP10_STAGE1.txt","/home/hersco/training_new_domains/2026-08-21/statistical_replication_stage1_policy_eval/20424502_Ev_block_grouping_block_grouping_orig_vh_c.1_s2011206605_SR10P_src20401178_e0026.txt","/home/hersco/training_new_domains/2026-08-21/statistical_replication_stage1_policy_eval/20424502_Ev_block_grouping_block_grouping_orig_vh_c.1_s2011206605_SR10P_src20401178_e0026.txt","",""
"MAIN-VAL","block_grouping","on","stage1","validation_selected","2082152039","20401183","11","/home/hersco/bershco-nu-asnets/numeric-asnets/asnets/experiment-results/experiments_numeric.domain.block_grouping-experiments_numeric.architecture_2.block_grouping-2026-08-20T18:12:57.386149/P[domain,instance_7_10_2_1,instance_20_5_2_2,inst...]-S[0.003,50,enhsp-hadd-gbfs]-MO[]-T[518400]-04905447-faf7d6/snapshots/snapshot_11_0.333","20424586","15","20","COMPLETED","0:0","00:05:33","15","0","/home/hersco/training_new_domains/2026-08-20/statistical_replication_stage1_10seed/20401183_Tr_block_grouping_block_grouping_orig_vh_c.1_s2082152039_STATREP10_STAGE1.txt","/home/hersco/training_new_domains/2026-08-21/statistical_replication_stage1_policy_eval/20424586_Ev_block_grouping_block_grouping_orig_vh_c.1_s2082152039_SR10P_src20401183_e0011.txt","/home/hersco/training_new_domains/2026-08-21/statistical_replication_stage1_policy_eval/20424586_Ev_block_grouping_block_grouping_orig_vh_c.1_s2082152039_SR10P_src20401183_e0011.txt","",""
"MAIN-VAL","block_grouping","on","stage2","final","534933607","20430349","99","/home/hersco/bershco-nu-asnets/numeric-asnets/asnets/experiment-results/experiments_numeric.domain.block_grouping-experiments_numeric.architecture_2.block_grouping_mcts-2026-08-21T11:13:49.463980/P[domain,instance_7_10_2_1,instance_20_5_2_2,inst...]-S[0.0003,50,enhsp-hadd-gbfs]-MO[]-T[518400]-04906467-3c74d66/snapshots/snapshot_99_0.5000","20523058","11","20","COMPLETED","0:0","00:04:39","11","0","/home/hersco/training_new_domains/2026-08-21/statistical_replication_stage2_training/20430349_Re-Tr_block_grouping_block_grouping_mcts_orig_vh_e.5_c.1_s534933607_K0_SR10T_src20401182_e0019.txt","/home/hersco/training_new_domains/2026-08-24/statistical_replication_stage2_policy_eval/20523058_Ev_block_grouping_block_grouping_orig_vh_c.1_s534933607_SR10P_src20430349_e0099.txt","/home/hersco/training_new_domains/2026-08-24/statistical_replication_stage2_policy_eval/20523058_Ev_block_grouping_block_grouping_orig_vh_c.1_s534933607_SR10P_src20430349_e0099.txt","",""
"MAIN-VAL","block_grouping","on","stage2","final","923500475","20430352","99","/home/hersco/bershco-nu-asnets/numeric-asnets/asnets/experiment-results/experiments_numeric.domain.block_grouping-experiments_numeric.architecture_2.block_grouping_mcts-2026-08-21T11:14:25.122281/P[domain,instance_7_10_2_1,instance_20_5_2_2,inst...]-S[0.0003,50,enhsp-hadd-gbfs]-MO[]-T[518400]-04906468-5194f74/snapshots/snapshot_99_0.5000","20523153","11","20","COMPLETED","0:0","00:06:04","11","0","/home/hersco/training_new_domains/2026-08-21/statistical_replication_stage2_training/20430352_Re-Tr_block_grouping_block_grouping_mcts_orig_vh_e.5_c.1_s923500475_K0_SR10T_src20401185_e0020.txt","/home/hersco/training_new_domains/2026-08-24/statistical_replication_stage2_policy_eval/20523153_Ev_block_grouping_block_grouping_orig_vh_c.1_s923500475_SR10P_src20430352_e0099.txt","/home/hersco/training_new_domains/2026-08-24/statistical_replication_stage2_policy_eval/20523153_Ev_block_grouping_block_grouping_orig_vh_c.1_s923500475_SR10P_src20430352_e0099.txt","",""
"MAIN-VAL","block_grouping","on","stage2","final","1073581256","20430346","99","/home/hersco/bershco-nu-asnets/numeric-asnets/asnets/experiment-results/experiments_numeric.domain.block_grouping-experiments_numeric.architecture_2.block_grouping_mcts-2026-08-21T11:13:06.002115/P[domain,instance_7_10_2_1,instance_20_5_2_2,inst...]-S[0.0003,50,enhsp-hadd-gbfs]-MO[]-T[518400]-04906467-1247c09/snapshots/snapshot_99_1.0000","20487860","16","20","COMPLETED","0:0","00:04:49","16","0","/home/hersco/training_new_domains/2026-08-21/statistical_replication_stage2_training/20430346_Re-Tr_block_grouping_block_grouping_mcts_orig_vh_e.5_c.1_s1073581256_K0_SR10T_src20401179_e0011.txt","/home/hersco/training_new_domains/2026-08-22/statistical_replication_stage2_policy_eval/20487860_Ev_block_grouping_block_grouping_orig_vh_c.1_s1073581256_SR10P_src20430346_e0099.txt","/home/hersco/training_new_domains/2026-08-22/statistical_replication_stage2_policy_eval/20487860_Ev_block_grouping_block_grouping_orig_vh_c.1_s1073581256_SR10P_src20430346_e0099.txt","",""
"MAIN-VAL","block_grouping","on","stage2","final","1239739722","20430347","99","/home/hersco/bershco-nu-asnets/numeric-asnets/asnets/experiment-results/experiments_numeric.domain.block_grouping-experiments_numeric.architecture_2.block_grouping_mcts-2026-08-21T11:13:07.016179/P[domain,instance_7_10_2_1,instance_20_5_2_2,inst...]-S[0.0003,50,enhsp-hadd-gbfs]-MO[]-T[518400]-04906467-7d9a779/snapshots/snapshot_99_1.0000","20523027","14","20","COMPLETED","0:0","00:04:51","14","0","/home/hersco/training_new_domains/2026-08-21/statistical_replication_stage2_training/20430347_Re-Tr_block_grouping_block_grouping_mcts_orig_vh_e.5_c.1_s1239739722_K0_SR10T_src20401180_e0023.txt","/home/hersco/training_new_domains/2026-08-24/statistical_replication_stage2_policy_eval/20523027_Ev_block_grouping_block_grouping_orig_vh_c.1_s1239739722_SR10P_src20430347_e0099.txt","/home/hersco/training_new_domains/2026-08-24/statistical_replication_stage2_policy_eval/20523027_Ev_block_grouping_block_grouping_orig_vh_c.1_s1239739722_SR10P_src20430347_e0099.txt","",""
"MAIN-VAL","block_grouping","on","stage2","final","1472491096","20430348","99","/home/hersco/bershco-nu-asnets/numeric-asnets/asnets/experiment-results/experiments_numeric.domain.block_grouping-experiments_numeric.architecture_2.block_grouping_mcts-2026-08-21T11:13:20.046693/P[domain,instance_7_10_2_1,instance_20_5_2_2,inst...]-S[0.0003,50,enhsp-hadd-gbfs]-MO[]-T[518400]-04906467-43e0a7a/snapshots/snapshot_99_0.6667","20487882","16","20","COMPLETED","0:0","00:04:39","16","0","/home/hersco/training_new_domains/2026-08-21/statistical_replication_stage2_training/20430348_Re-Tr_block_grouping_block_grouping_mcts_orig_vh_e.5_c.1_s1472491096_K0_SR10T_src20401181_e0002.txt","/home/hersco/training_new_domains/2026-08-22/statistical_replication_stage2_policy_eval/20487882_Ev_block_grouping_block_grouping_orig_vh_c.1_s1472491096_SR10P_src20430348_e0099.txt","/home/hersco/training_new_domains/2026-08-22/statistical_replication_stage2_policy_eval/20487882_Ev_block_grouping_block_grouping_orig_vh_c.1_s1472491096_SR10P_src20430348_e0099.txt","",""
"MAIN-VAL","block_grouping","on","stage2","final","1510771779","20430351","99","/home/hersco/bershco-nu-asnets/numeric-asnets/asnets/experiment-results/experiments_numeric.domain.block_grouping-experiments_numeric.architecture_2.block_grouping_mcts-2026-08-21T11:14:21.169500/P[domain,instance_7_10_2_1,instance_20_5_2_2,inst...]-S[0.0003,50,enhsp-hadd-gbfs]-MO[]-T[518400]-04906468-17cc32a/snapshots/snapshot_99_0.7500","20523131","15","20","COMPLETED","0:0","00:04:47","15","0","/home/hersco/training_new_domains/2026-08-21/statistical_replication_stage2_training/20430351_Re-Tr_block_grouping_block_grouping_mcts_orig_vh_e.5_c.1_s1510771779_K0_SR10T_src20401184_e0088.txt","/home/hersco/training_new_domains/2026-08-24/statistical_replication_stage2_policy_eval/20523131_Ev_block_grouping_block_grouping_orig_vh_c.1_s1510771779_SR10P_src20430351_e0099.txt","/home/hersco/training_new_domains/2026-08-24/statistical_replication_stage2_policy_eval/20523131_Ev_block_grouping_block_grouping_orig_vh_c.1_s1510771779_SR10P_src20430351_e0099.txt","",""
"MAIN-VAL","block_grouping","on","stage2","final","1963100312","20430344","99","/home/hersco/bershco-nu-asnets/numeric-asnets/asnets/experiment-results/experiments_numeric.domain.block_grouping-experiments_numeric.architecture_2.block_grouping_mcts-2026-08-21T11:13:14.916206/P[domain,instance_7_10_2_1,instance_20_5_2_2,inst...]-S[0.0003,50,enhsp-hadd-gbfs]-MO[]-T[518400]-04906467-2fc32f3/snapshots/snapshot_99_0.5000","20522956","9","20","COMPLETED","0:0","00:04:37","9","0","/home/hersco/training_new_domains/2026-08-21/statistical_replication_stage2_training/20430344_Re-Tr_block_grouping_block_grouping_mcts_orig_vh_e.5_c.1_s1963100312_K0_SR10T_src20401177_e0004.txt","/home/hersco/training_new_domains/2026-08-24/statistical_replication_stage2_policy_eval/20522956_Ev_block_grouping_block_grouping_orig_vh_c.1_s1963100312_SR10P_src20430344_e0099.txt","/home/hersco/training_new_domains/2026-08-24/statistical_replication_stage2_policy_eval/20522956_Ev_block_grouping_block_grouping_orig_vh_c.1_s1963100312_SR10P_src20430344_e0099.txt","",""
"MAIN-VAL","block_grouping","on","stage2","final","1972442430","20430353","99","/home/hersco/bershco-nu-asnets/numeric-asnets/asnets/experiment-results/experiments_numeric.domain.block_grouping-experiments_numeric.architecture_2.block_grouping_mcts-2026-08-21T11:15:04.406148/P[domain,instance_7_10_2_1,instance_20_5_2_2,inst...]-S[0.0003,50,enhsp-hadd-gbfs]-MO[]-T[518400]-04906469-72aea46/snapshots/snapshot_99_0.5000","20523175","13","20","COMPLETED","0:0","00:05:32","13","0","/home/hersco/training_new_domains/2026-08-21/statistical_replication_stage2_training/20430353_Re-Tr_block_grouping_block_grouping_mcts_orig_vh_e.5_c.1_s1972442430_K0_SR10T_src20401186_e0005.txt","/home/hersco/training_new_domains/2026-08-24/statistical_replication_stage2_policy_eval/20523175_Ev_block_grouping_block_grouping_orig_vh_c.1_s1972442430_SR10P_src20430353_e0099.txt","/home/hersco/training_new_domains/2026-08-24/statistical_replication_stage2_policy_eval/20523175_Ev_block_grouping_block_grouping_orig_vh_c.1_s1972442430_SR10P_src20430353_e0099.txt","",""
"MAIN-VAL","block_grouping","on","stage2","final","2011206605","20430345","99","/home/hersco/bershco-nu-asnets/numeric-asnets/asnets/experiment-results/experiments_numeric.domain.block_grouping-experiments_numeric.architecture_2.block_grouping_mcts-2026-08-21T11:12:49.882422/P[domain,instance_7_10_2_1,instance_20_5_2_2,inst...]-S[0.0003,50,enhsp-hadd-gbfs]-MO[]-T[518400]-04906466-067843/snapshots/snapshot_99_0.5000","20522991","11","20","COMPLETED","0:0","00:05:04","11","0","/home/hersco/training_new_domains/2026-08-21/statistical_replication_stage2_training/20430345_Re-Tr_block_grouping_block_grouping_mcts_orig_vh_e.5_c.1_s2011206605_K0_SR10T_src20401178_e0026.txt","/home/hersco/training_new_domains/2026-08-24/statistical_replication_stage2_policy_eval/20522991_Ev_block_grouping_block_grouping_orig_vh_c.1_s2011206605_SR10P_src20430345_e0099.txt","/home/hersco/training_new_domains/2026-08-24/statistical_replication_stage2_policy_eval/20522991_Ev_block_grouping_block_grouping_orig_vh_c.1_s2011206605_SR10P_src20430345_e0099.txt","",""
"MAIN-VAL","block_grouping","on","stage2","final","2082152039","20430350","99","/home/hersco/bershco-nu-asnets/numeric-asnets/asnets/experiment-results/experiments_numeric.domain.block_grouping-experiments_numeric.architecture_2.block_grouping_mcts-2026-08-21T11:14:08.627863/P[domain,instance_7_10_2_1,instance_20_5_2_2,inst...]-S[0.0003,50,enhsp-hadd-gbfs]-MO[]-T[518400]-04906468-faf7d6/snapshots/snapshot_99_0.5000","20523109","12","20","COMPLETED","0:0","00:05:21","12","0","/home/hersco/training_new_domains/2026-08-21/statistical_replication_stage2_training/20430350_Re-Tr_block_grouping_block_grouping_mcts_orig_vh_e.5_c.1_s2082152039_K0_SR10T_src20401183_e0011.txt","/home/hersco/training_new_domains/2026-08-24/statistical_replication_stage2_policy_eval/20523109_Ev_block_grouping_block_grouping_orig_vh_c.1_s2082152039_SR10P_src20430350_e0099.txt","/home/hersco/training_new_domains/2026-08-24/statistical_replication_stage2_policy_eval/20523109_Ev_block_grouping_block_grouping_orig_vh_c.1_s2082152039_SR10P_src20430350_e0099.txt","",""
"MAIN-VAL","block_grouping","on","stage2","validation_selected","534933607","20430349","55","/home/hersco/bershco-nu-asnets/numeric-asnets/asnets/experiment-results/experiments_numeric.domain.block_grouping-experiments_numeric.architecture_2.block_grouping_mcts-2026-08-21T11:13:49.463980/P[domain,instance_7_10_2_1,instance_20_5_2_2,inst...]-S[0.0003,50,enhsp-hadd-gbfs]-MO[]-T[518400]-04906467-3c74d66/snapshots/snapshot_55_0.5000","20523045","11","20","COMPLETED","0:0","00:03:51","11","0","/home/hersco/training_new_domains/2026-08-21/statistical_replication_stage2_training/20430349_Re-Tr_block_grouping_block_grouping_mcts_orig_vh_e.5_c.1_s534933607_K0_SR10T_src20401182_e0019.txt","/home/hersco/training_new_domains/2026-08-24/statistical_replication_stage2_policy_eval/20523045_Ev_block_grouping_block_grouping_orig_vh_c.1_s534933607_SR10P_src20430349_e0055.txt","/home/hersco/training_new_domains/2026-08-24/statistical_replication_stage2_policy_eval/20523045_Ev_block_grouping_block_grouping_orig_vh_c.1_s534933607_SR10P_src20430349_e0055.txt","20575493","/home/hersco/training_new_domains/2026-08-26/statistical_replication_stage2_policy_eval/20575493_Ev_block_grouping_block_grouping_orig_vh_c.1_s534933607_SR10P_src20430349_e0055.txt"
"MAIN-VAL","block_grouping","on","stage2","validation_selected","923500475","20430352","38","/home/hersco/bershco-nu-asnets/numeric-asnets/asnets/experiment-results/experiments_numeric.domain.block_grouping-experiments_numeric.architecture_2.block_grouping_mcts-2026-08-21T11:14:25.122281/P[domain,instance_7_10_2_1,instance_20_5_2_2,inst...]-S[0.0003,50,enhsp-hadd-gbfs]-MO[]-T[518400]-04906468-5194f74/snapshots/snapshot_38_0.7500","20523154","11","20","COMPLETED","0:0","00:06:09","11","0","/home/hersco/training_new_domains/2026-08-21/statistical_replication_stage2_training/20430352_Re-Tr_block_grouping_block_grouping_mcts_orig_vh_e.5_c.1_s923500475_K0_SR10T_src20401185_e0020.txt","/home/hersco/training_new_domains/2026-08-24/statistical_replication_stage2_policy_eval/20523154_Ev_block_grouping_block_grouping_orig_vh_c.1_s923500475_SR10P_src20430352_e0038.txt","/home/hersco/training_new_domains/2026-08-24/statistical_replication_stage2_policy_eval/20523154_Ev_block_grouping_block_grouping_orig_vh_c.1_s923500475_SR10P_src20430352_e0038.txt","",""
"MAIN-VAL","block_grouping","on","stage2","validation_selected","1073581256","20430346","19","/home/hersco/bershco-nu-asnets/numeric-asnets/asnets/experiment-results/experiments_numeric.domain.block_grouping-experiments_numeric.architecture_2.block_grouping_mcts-2026-08-21T11:13:06.002115/P[domain,instance_7_10_2_1,instance_20_5_2_2,inst...]-S[0.0003,50,enhsp-hadd-gbfs]-MO[]-T[518400]-04906467-1247c09/snapshots/snapshot_19_1.0000","20487861","13","20","COMPLETED","0:0","00:07:48","13","0","/home/hersco/training_new_domains/2026-08-21/statistical_replication_stage2_training/20430346_Re-Tr_block_grouping_block_grouping_mcts_orig_vh_e.5_c.1_s1073581256_K0_SR10T_src20401179_e0011.txt","/home/hersco/training_new_domains/2026-08-22/statistical_replication_stage2_policy_eval/20487861_Ev_block_grouping_block_grouping_orig_vh_c.1_s1073581256_SR10P_src20430346_e0019.txt","/home/hersco/training_new_domains/2026-08-22/statistical_replication_stage2_policy_eval/20487861_Ev_block_grouping_block_grouping_orig_vh_c.1_s1073581256_SR10P_src20430346_e0019.txt","",""
"MAIN-VAL","block_grouping","on","stage2","validation_selected","1239739722","20430347","0","/home/hersco/bershco-nu-asnets/numeric-asnets/asnets/experiment-results/experiments_numeric.domain.block_grouping-experiments_numeric.architecture_2.block_grouping_mcts-2026-08-21T11:13:07.016179/P[domain,instance_7_10_2_1,instance_20_5_2_2,inst...]-S[0.0003,50,enhsp-hadd-gbfs]-MO[]-T[518400]-04906467-7d9a779/snapshots/snapshot_0_1.0000","20522994","16","20","COMPLETED","0:0","00:05:17","16","0","/home/hersco/training_new_domains/2026-08-21/statistical_replication_stage2_training/20430347_Re-Tr_block_grouping_block_grouping_mcts_orig_vh_e.5_c.1_s1239739722_K0_SR10T_src20401180_e0023.txt","/home/hersco/training_new_domains/2026-08-24/statistical_replication_stage2_policy_eval/20522994_Ev_block_grouping_block_grouping_orig_vh_c.1_s1239739722_SR10P_src20430347_e0000.txt","/home/hersco/training_new_domains/2026-08-24/statistical_replication_stage2_policy_eval/20522994_Ev_block_grouping_block_grouping_orig_vh_c.1_s1239739722_SR10P_src20430347_e0000.txt","20575492","/home/hersco/training_new_domains/2026-08-26/statistical_replication_stage2_policy_eval/20575492_Ev_block_grouping_block_grouping_orig_vh_c.1_s1239739722_SR10P_src20430347_e0000.txt"
"MAIN-VAL","block_grouping","on","stage2","validation_selected","1472491096","20430348","69","/home/hersco/bershco-nu-asnets/numeric-asnets/asnets/experiment-results/experiments_numeric.domain.block_grouping-experiments_numeric.architecture_2.block_grouping_mcts-2026-08-21T11:13:20.046693/P[domain,instance_7_10_2_1,instance_20_5_2_2,inst...]-S[0.0003,50,enhsp-hadd-gbfs]-MO[]-T[518400]-04906467-43e0a7a/snapshots/snapshot_69_0.6667","20487883","16","20","COMPLETED","0:0","00:03:47","16","0","/home/hersco/training_new_domains/2026-08-21/statistical_replication_stage2_training/20430348_Re-Tr_block_grouping_block_grouping_mcts_orig_vh_e.5_c.1_s1472491096_K0_SR10T_src20401181_e0002.txt","/home/hersco/training_new_domains/2026-08-22/statistical_replication_stage2_policy_eval/20487883_Ev_block_grouping_block_grouping_orig_vh_c.1_s1472491096_SR10P_src20430348_e0069.txt","/home/hersco/training_new_domains/2026-08-22/statistical_replication_stage2_policy_eval/20487883_Ev_block_grouping_block_grouping_orig_vh_c.1_s1472491096_SR10P_src20430348_e0069.txt","",""
"MAIN-VAL","block_grouping","on","stage2","validation_selected","1510771779","20430351","41","/home/hersco/bershco-nu-asnets/numeric-asnets/asnets/experiment-results/experiments_numeric.domain.block_grouping-experiments_numeric.architecture_2.block_grouping_mcts-2026-08-21T11:14:21.169500/P[domain,instance_7_10_2_1,instance_20_5_2_2,inst...]-S[0.0003,50,enhsp-hadd-gbfs]-MO[]-T[518400]-04906468-17cc32a/snapshots/snapshot_41_0.5000","20523132","14","20","COMPLETED","0:0","00:04:20","14","0","/home/hersco/training_new_domains/2026-08-21/statistical_replication_stage2_training/20430351_Re-Tr_block_grouping_block_grouping_mcts_orig_vh_e.5_c.1_s1510771779_K0_SR10T_src20401184_e0088.txt","/home/hersco/training_new_domains/2026-08-24/statistical_replication_stage2_policy_eval/20523132_Ev_block_grouping_block_grouping_orig_vh_c.1_s1510771779_SR10P_src20430351_e0041.txt","/home/hersco/training_new_domains/2026-08-24/statistical_replication_stage2_policy_eval/20523132_Ev_block_grouping_block_grouping_orig_vh_c.1_s1510771779_SR10P_src20430351_e0041.txt","",""
"MAIN-VAL","block_grouping","on","stage2","validation_selected","1963100312","20430344","23","/home/hersco/bershco-nu-asnets/numeric-asnets/asnets/experiment-results/experiments_numeric.domain.block_grouping-experiments_numeric.architecture_2.block_grouping_mcts-2026-08-21T11:13:14.916206/P[domain,instance_7_10_2_1,instance_20_5_2_2,inst...]-S[0.0003,50,enhsp-hadd-gbfs]-MO[]-T[518400]-04906467-2fc32f3/snapshots/snapshot_23_0.5000","20522958","11","20","COMPLETED","0:0","00:07:21","11","0","/home/hersco/training_new_domains/2026-08-21/statistical_replication_stage2_training/20430344_Re-Tr_block_grouping_block_grouping_mcts_orig_vh_e.5_c.1_s1963100312_K0_SR10T_src20401177_e0004.txt","/home/hersco/training_new_domains/2026-08-24/statistical_replication_stage2_policy_eval/20522958_Ev_block_grouping_block_grouping_orig_vh_c.1_s1963100312_SR10P_src20430344_e0023.txt","/home/hersco/training_new_domains/2026-08-24/statistical_replication_stage2_policy_eval/20522958_Ev_block_grouping_block_grouping_orig_vh_c.1_s1963100312_SR10P_src20430344_e0023.txt","",""
"MAIN-VAL","block_grouping","on","stage2","validation_selected","1972442430","20430353","9","/home/hersco/bershco-nu-asnets/numeric-asnets/asnets/experiment-results/experiments_numeric.domain.block_grouping-experiments_numeric.architecture_2.block_grouping_mcts-2026-08-21T11:15:04.406148/P[domain,instance_7_10_2_1,instance_20_5_2_2,inst...]-S[0.0003,50,enhsp-hadd-gbfs]-MO[]-T[518400]-04906469-72aea46/snapshots/snapshot_9_0.7500","20523176","12","20","COMPLETED","0:0","00:03:58","12","0","/home/hersco/training_new_domains/2026-08-21/statistical_replication_stage2_training/20430353_Re-Tr_block_grouping_block_grouping_mcts_orig_vh_e.5_c.1_s1972442430_K0_SR10T_src20401186_e0005.txt","/home/hersco/training_new_domains/2026-08-24/statistical_replication_stage2_policy_eval/20523176_Ev_block_grouping_block_grouping_orig_vh_c.1_s1972442430_SR10P_src20430353_e0009.txt","/home/hersco/training_new_domains/2026-08-24/statistical_replication_stage2_policy_eval/20523176_Ev_block_grouping_block_grouping_orig_vh_c.1_s1972442430_SR10P_src20430353_e0009.txt","",""
"MAIN-VAL","block_grouping","on","stage2","validation_selected","2011206605","20430345","8","/home/hersco/bershco-nu-asnets/numeric-asnets/asnets/experiment-results/experiments_numeric.domain.block_grouping-experiments_numeric.architecture_2.block_grouping_mcts-2026-08-21T11:12:49.882422/P[domain,instance_7_10_2_1,instance_20_5_2_2,inst...]-S[0.0003,50,enhsp-hadd-gbfs]-MO[]-T[518400]-04906466-067843/snapshots/snapshot_8_1.0000","20522993","12","20","COMPLETED","0:0","00:03:44","12","0","/home/hersco/training_new_domains/2026-08-21/statistical_replication_stage2_training/20430345_Re-Tr_block_grouping_block_grouping_mcts_orig_vh_e.5_c.1_s2011206605_K0_SR10T_src20401178_e0026.txt","/home/hersco/training_new_domains/2026-08-24/statistical_replication_stage2_policy_eval/20522993_Ev_block_grouping_block_grouping_orig_vh_c.1_s2011206605_SR10P_src20430345_e0008.txt","/home/hersco/training_new_domains/2026-08-24/statistical_replication_stage2_policy_eval/20522993_Ev_block_grouping_block_grouping_orig_vh_c.1_s2011206605_SR10P_src20430345_e0008.txt","",""
"MAIN-VAL","block_grouping","on","stage2","validation_selected","2082152039","20430350","34","/home/hersco/bershco-nu-asnets/numeric-asnets/asnets/experiment-results/experiments_numeric.domain.block_grouping-experiments_numeric.architecture_2.block_grouping_mcts-2026-08-21T11:14:08.627863/P[domain,instance_7_10_2_1,instance_20_5_2_2,inst...]-S[0.0003,50,enhsp-hadd-gbfs]-MO[]-T[518400]-04906468-faf7d6/snapshots/snapshot_34_0.7500","20523110","12","20","COMPLETED","0:0","00:05:47","12","0","/home/hersco/training_new_domains/2026-08-21/statistical_replication_stage2_training/20430350_Re-Tr_block_grouping_block_grouping_mcts_orig_vh_e.5_c.1_s2082152039_K0_SR10T_src20401183_e0011.txt","/home/hersco/training_new_domains/2026-08-24/statistical_replication_stage2_policy_eval/20523110_Ev_block_grouping_block_grouping_orig_vh_c.1_s2082152039_SR10P_src20430350_e0034.txt","/home/hersco/training_new_domains/2026-08-24/statistical_replication_stage2_policy_eval/20523110_Ev_block_grouping_block_grouping_orig_vh_c.1_s2082152039_SR10P_src20430350_e0034.txt","",""
"MAIN-VAL","counters","off","stage1","validation_selected","534933607","20401263","43","/home/hersco/bershco-nu-asnets/numeric-asnets/asnets/experiment-results/experiments_numeric.domain.counters-experiments_numeric.architecture_2.counters-2026-08-20T18:13:09.114960/P[domain,fz_instance_4,inv_instance_4,rnd_instanc...]-S[0.003,50,enhsp-hmrmax-astar]-MO[]-T[518400]-04905447-3c74d66/snapshots/snapshot_43_1.000","20429101","59","59","COMPLETED","0:0","00:05:23","59","0","/home/hersco/training_new_domains/2026-08-20/statistical_replication_stage1_10seed/20401263_Tr_counters_counters_orig_novh_c.1_s534933607_STATREP10_STAGE1.txt","/home/hersco/training_new_domains/2026-08-21/statistical_replication_stage1_policy_eval/20429101_Ev_counters_counters_orig_novh_c.1_s534933607_SR10P_src20401263_e0043.txt","/home/hersco/training_new_domains/2026-08-21/statistical_replication_stage1_policy_eval/20429101_Ev_counters_counters_orig_novh_c.1_s534933607_SR10P_src20401263_e0043.txt","",""
"MAIN-VAL","counters","off","stage1","validation_selected","923500475","20401266","12","/home/hersco/bershco-nu-asnets/numeric-asnets/asnets/experiment-results/experiments_numeric.domain.counters-experiments_numeric.architecture_2.counters-2026-08-20T18:13:56.094323/P[domain,fz_instance_4,inv_instance_4,rnd_instanc...]-S[0.003,50,enhsp-hmrmax-astar]-MO[]-T[518400]-04905448-5194f74/snapshots/snapshot_12_1.000","20429173","59","59","COMPLETED","0:0","00:05:12","59","0","/home/hersco/training_new_domains/2026-08-20/statistical_replication_stage1_10seed/20401266_Tr_counters_counters_orig_novh_c.1_s923500475_STATREP10_STAGE1.txt","/home/hersco/training_new_domains/2026-08-21/statistical_replication_stage1_policy_eval/20429173_Ev_counters_counters_orig_novh_c.1_s923500475_SR10P_src20401266_e0012.txt","/home/hersco/training_new_domains/2026-08-21/statistical_replication_stage1_policy_eval/20429173_Ev_counters_counters_orig_novh_c.1_s923500475_SR10P_src20401266_e0012.txt","",""
"MAIN-VAL","counters","off","stage1","validation_selected","1073581256","20401260","3","/home/hersco/bershco-nu-asnets/numeric-asnets/asnets/experiment-results/experiments_numeric.domain.counters-experiments_numeric.architecture_2.counters-2026-08-20T18:13:09.106124/P[domain,fz_instance_4,inv_instance_4,rnd_instanc...]-S[0.003,50,enhsp-hmrmax-astar]-MO[]-T[518400]-04905447-1247c09/snapshots/snapshot_3_1.000","20428778","59","59","COMPLETED","0:0","00:03:05","59","0","/home/hersco/training_new_domains/2026-08-20/statistical_replication_stage1_10seed/20401260_Tr_counters_counters_orig_novh_c.1_s1073581256_STATREP10_STAGE1.txt","/home/hersco/training_new_domains/2026-08-21/statistical_replication_stage1_policy_eval/20428778_Ev_counters_counters_orig_novh_c.1_s1073581256_SR10P_src20401260_e0003.txt","/home/hersco/training_new_domains/2026-08-21/statistical_replication_stage1_policy_eval/20428778_Ev_counters_counters_orig_novh_c.1_s1073581256_SR10P_src20401260_e0003.txt","",""
"MAIN-VAL","counters","off","stage1","validation_selected","1239739722","20401261","5","/home/hersco/bershco-nu-asnets/numeric-asnets/asnets/experiment-results/experiments_numeric.domain.counters-experiments_numeric.architecture_2.counters-2026-08-20T18:13:09.097949/P[domain,fz_instance_4,inv_instance_4,rnd_instanc...]-S[0.003,50,enhsp-hmrmax-astar]-MO[]-T[518400]-04905447-7d9a779/snapshots/snapshot_5_1.000","20428780","17","59","COMPLETED","0:0","00:08:42","17","0","/home/hersco/training_new_domains/2026-08-20/statistical_replication_stage1_10seed/20401261_Tr_counters_counters_orig_novh_c.1_s1239739722_STATREP10_STAGE1.txt","/home/hersco/training_new_domains/2026-08-21/statistical_replication_stage1_policy_eval/20428780_Ev_counters_counters_orig_novh_c.1_s1239739722_SR10P_src20401261_e0005.txt","/home/hersco/training_new_domains/2026-08-21/statistical_replication_stage1_policy_eval/20428780_Ev_counters_counters_orig_novh_c.1_s1239739722_SR10P_src20401261_e0005.txt","",""
"MAIN-VAL","counters","off","stage1","validation_selected","1472491096","20401262","20","/home/hersco/bershco-nu-asnets/numeric-asnets/asnets/experiment-results/experiments_numeric.domain.counters-experiments_numeric.architecture_2.counters-2026-08-20T18:13:09.101726/P[domain,fz_instance_4,inv_instance_4,rnd_instanc...]-S[0.003,50,enhsp-hmrmax-astar]-MO[]-T[518400]-04905447-43e0a7a/snapshots/snapshot_20_1.000","20428811","38","59","COMPLETED","0:0","00:07:08","38","0","/home/hersco/training_new_domains/2026-08-20/statistical_replication_stage1_10seed/20401262_Tr_counters_counters_orig_novh_c.1_s1472491096_STATREP10_STAGE1.txt","/home/hersco/training_new_domains/2026-08-21/statistical_replication_stage1_policy_eval/20428811_Ev_counters_counters_orig_novh_c.1_s1472491096_SR10P_src20401262_e0020.txt","/home/hersco/training_new_domains/2026-08-21/statistical_replication_stage1_policy_eval/20428811_Ev_counters_counters_orig_novh_c.1_s1472491096_SR10P_src20401262_e0020.txt","",""
"MAIN-VAL","counters","off","stage1","validation_selected","1510771779","20401265","1","/home/hersco/bershco-nu-asnets/numeric-asnets/asnets/experiment-results/experiments_numeric.domain.counters-experiments_numeric.architecture_2.counters-2026-08-20T18:13:56.094320/P[domain,fz_instance_4,inv_instance_4,rnd_instanc...]-S[0.003,50,enhsp-hmrmax-astar]-MO[]-T[518400]-04905448-17cc32a/snapshots/snapshot_1_0.000","20429156","10","59","COMPLETED","0:0","00:09:51","10","0","/home/hersco/training_new_domains/2026-08-20/statistical_replication_stage1_10seed/20401265_Tr_counters_counters_orig_novh_c.1_s1510771779_STATREP10_STAGE1.txt","/home/hersco/training_new_domains/2026-08-21/statistical_replication_stage1_policy_eval/20429156_Ev_counters_counters_orig_novh_c.1_s1510771779_SR10P_src20401265_e0001.txt","/home/hersco/training_new_domains/2026-08-21/statistical_replication_stage1_policy_eval/20429156_Ev_counters_counters_orig_novh_c.1_s1510771779_SR10P_src20401265_e0001.txt","",""
"MAIN-VAL","counters","off","stage1","validation_selected","1963100312","20401258","101","/home/hersco/bershco-nu-asnets/numeric-asnets/asnets/experiment-results/experiments_numeric.domain.counters-experiments_numeric.architecture_2.counters-2026-08-20T18:13:09.096138/P[domain,fz_instance_4,inv_instance_4,rnd_instanc...]-S[0.003,50,enhsp-hmrmax-astar]-MO[]-T[518400]-04905447-2fc32f3/snapshots/snapshot_101_1.000","20428710","17","59","COMPLETED","0:0","00:09:09","17","0","/home/hersco/training_new_domains/2026-08-20/statistical_replication_stage1_10seed/20401258_Tr_counters_counters_orig_novh_c.1_s1963100312_STATREP10_STAGE1.txt","/home/hersco/training_new_domains/2026-08-21/statistical_replication_stage1_policy_eval/20428710_Ev_counters_counters_orig_novh_c.1_s1963100312_SR10P_src20401258_e0101.txt","/home/hersco/training_new_domains/2026-08-21/statistical_replication_stage1_policy_eval/20428710_Ev_counters_counters_orig_novh_c.1_s1963100312_SR10P_src20401258_e0101.txt","",""
"MAIN-VAL","counters","off","stage1","validation_selected","1972442430","20401267","53","/home/hersco/bershco-nu-asnets/numeric-asnets/asnets/experiment-results/experiments_numeric.domain.counters-experiments_numeric.architecture_2.counters-2026-08-20T18:13:56.094310/P[domain,fz_instance_4,inv_instance_4,rnd_instanc...]-S[0.003,50,enhsp-hmrmax-astar]-MO[]-T[518400]-04905448-72aea46/snapshots/snapshot_53_1.000","20429194","12","59","COMPLETED","0:0","00:12:04","12","0","/home/hersco/training_new_domains/2026-08-20/statistical_replication_stage1_10seed/20401267_Tr_counters_counters_orig_novh_c.1_s1972442430_STATREP10_STAGE1.txt","/home/hersco/training_new_domains/2026-08-21/statistical_replication_stage1_policy_eval/20429194_Ev_counters_counters_orig_novh_c.1_s1972442430_SR10P_src20401267_e0053.txt","/home/hersco/training_new_domains/2026-08-21/statistical_replication_stage1_policy_eval/20429194_Ev_counters_counters_orig_novh_c.1_s1972442430_SR10P_src20401267_e0053.txt","",""
"MAIN-VAL","counters","off","stage1","validation_selected","2011206605","20401259","37","/home/hersco/bershco-nu-asnets/numeric-asnets/asnets/experiment-results/experiments_numeric.domain.counters-experiments_numeric.architecture_2.counters-2026-08-20T18:13:09.112993/P[domain,fz_instance_4,inv_instance_4,rnd_instanc...]-S[0.003,50,enhsp-hmrmax-astar]-MO[]-T[518400]-04905447-067843/snapshots/snapshot_37_1.000","20428752","19","59","COMPLETED","0:0","00:09:20","19","0","/home/hersco/training_new_domains/2026-08-20/statistical_replication_stage1_10seed/20401259_Tr_counters_counters_orig_novh_c.1_s2011206605_STATREP10_STAGE1.txt","/home/hersco/training_new_domains/2026-08-21/statistical_replication_stage1_policy_eval/20428752_Ev_counters_counters_orig_novh_c.1_s2011206605_SR10P_src20401259_e0037.txt","/home/hersco/training_new_domains/2026-08-21/statistical_replication_stage1_policy_eval/20428752_Ev_counters_counters_orig_novh_c.1_s2011206605_SR10P_src20401259_e0037.txt","",""
"MAIN-VAL","counters","off","stage1","validation_selected","2082152039","20401264","12","/home/hersco/bershco-nu-asnets/numeric-asnets/asnets/experiment-results/experiments_numeric.domain.counters-experiments_numeric.architecture_2.counters-2026-08-20T18:13:09.109794/P[domain,fz_instance_4,inv_instance_4,rnd_instanc...]-S[0.003,50,enhsp-hmrmax-astar]-MO[]-T[518400]-04905447-faf7d6/snapshots/snapshot_12_1.000","20429130","35","59","COMPLETED","0:0","00:08:00","35","0","/home/hersco/training_new_domains/2026-08-20/statistical_replication_stage1_10seed/20401264_Tr_counters_counters_orig_novh_c.1_s2082152039_STATREP10_STAGE1.txt","/home/hersco/training_new_domains/2026-08-21/statistical_replication_stage1_policy_eval/20429130_Ev_counters_counters_orig_novh_c.1_s2082152039_SR10P_src20401264_e0012.txt","/home/hersco/training_new_domains/2026-08-21/statistical_replication_stage1_policy_eval/20429130_Ev_counters_counters_orig_novh_c.1_s2082152039_SR10P_src20401264_e0012.txt","",""
"MAIN-VAL","counters","off","stage2","final","534933607","20430422","99","/home/hersco/bershco-nu-asnets/numeric-asnets/asnets/experiment-results/experiments_numeric.domain.counters-experiments_numeric.architecture_2.counters_mcts-2026-08-21T18:14:27.409234/P[domain,fz_instance_4,inv_instance_4,rnd_instanc...]-S[0.0003,50,enhsp-hmrmax-astar]-MO[]-T[518400]-04906888-3c74d66/snapshots/snapshot_99_1.0000","20465164","7","59","COMPLETED","0:0","00:11:32","7","0","/home/hersco/training_new_domains/2026-08-21/statistical_replication_stage2_training/20430422_Re-Tr_counters_counters_mcts_orig_novh_e.5_c.1_s534933607_K0_SR10T_src20401263_e0043.txt","/home/hersco/training_new_domains/2026-08-21/statistical_replication_stage2_policy_eval/20465164_Ev_counters_counters_orig_novh_c.1_s534933607_SR10P_src20430422_e0099.txt","/home/hersco/training_new_domains/2026-08-21/statistical_replication_stage2_policy_eval/20465164_Ev_counters_counters_orig_novh_c.1_s534933607_SR10P_src20430422_e0099.txt","",""
"MAIN-VAL","counters","off","stage2","final","923500475","20430425","99","/home/hersco/bershco-nu-asnets/numeric-asnets/asnets/experiment-results/experiments_numeric.domain.counters-experiments_numeric.architecture_2.counters_mcts-2026-08-21T19:14:32.662371/P[domain,fz_instance_4,inv_instance_4,rnd_instanc...]-S[0.0003,50,enhsp-hmrmax-astar]-MO[]-T[518400]-04906948-5194f74/snapshots/snapshot_99_1.0000","20465229","6","59","COMPLETED","0:0","00:10:48","6","0","/home/hersco/training_new_domains/2026-08-21/statistical_replication_stage2_training/20430425_Re-Tr_counters_counters_mcts_orig_novh_e.5_c.1_s923500475_K0_SR10T_src20401266_e0012.txt","/home/hersco/training_new_domains/2026-08-21/statistical_replication_stage2_policy_eval/20465229_Ev_counters_counters_orig_novh_c.1_s923500475_SR10P_src20430425_e0099.txt","/home/hersco/training_new_domains/2026-08-21/statistical_replication_stage2_policy_eval/20465229_Ev_counters_counters_orig_novh_c.1_s923500475_SR10P_src20430425_e0099.txt","",""
"MAIN-VAL","counters","off","stage2","final","1073581256","20430419","99","/home/hersco/bershco-nu-asnets/numeric-asnets/asnets/experiment-results/experiments_numeric.domain.counters-experiments_numeric.architecture_2.counters_mcts-2026-08-21T16:26:23.850750/P[domain,fz_instance_4,inv_instance_4,rnd_instanc...]-S[0.0003,50,enhsp-hmrmax-astar]-MO[]-T[518400]-04906780-1247c09/snapshots/snapshot_99_1.0000","20451667","22","59","COMPLETED","0:0","00:08:19","22","0","/home/hersco/training_new_domains/2026-08-21/statistical_replication_stage2_training/20430419_Re-Tr_counters_counters_mcts_orig_novh_e.5_c.1_s1073581256_K0_SR10T_src20401260_e0003.txt","/home/hersco/training_new_domains/2026-08-21/statistical_replication_stage2_policy_eval/20451667_Ev_counters_counters_orig_novh_c.1_s1073581256_SR10P_src20430419_e0099.txt","/home/hersco/training_new_domains/2026-08-21/statistical_replication_stage2_policy_eval/20451667_Ev_counters_counters_orig_novh_c.1_s1073581256_SR10P_src20430419_e0099.txt","",""
"MAIN-VAL","counters","off","stage2","final","1239739722","20430420","99","/home/hersco/bershco-nu-asnets/numeric-asnets/asnets/experiment-results/experiments_numeric.domain.counters-experiments_numeric.architecture_2.counters_mcts-2026-08-21T16:48:25.701958/P[domain,fz_instance_4,inv_instance_4,rnd_instanc...]-S[0.0003,50,enhsp-hmrmax-astar]-MO[]-T[518400]-04906802-7d9a779/snapshots/snapshot_99_1.0000","20465073","59","59","COMPLETED","0:0","00:03:42","59","0","/home/hersco/training_new_domains/2026-08-21/statistical_replication_stage2_training/20430420_Re-Tr_counters_counters_mcts_orig_novh_e.5_c.1_s1239739722_K0_SR10T_src20401261_e0005.txt","/home/hersco/training_new_domains/2026-08-21/statistical_replication_stage2_policy_eval/20465073_Ev_counters_counters_orig_novh_c.1_s1239739722_SR10P_src20430420_e0099.txt","/home/hersco/training_new_domains/2026-08-21/statistical_replication_stage2_policy_eval/20465073_Ev_counters_counters_orig_novh_c.1_s1239739722_SR10P_src20430420_e0099.txt","",""
"MAIN-VAL","counters","off","stage2","final","1472491096","20430421","99","/home/hersco/bershco-nu-asnets/numeric-asnets/asnets/experiment-results/experiments_numeric.domain.counters-experiments_numeric.architecture_2.counters_mcts-2026-08-21T17:24:58.883939/P[domain,fz_instance_4,inv_instance_4,rnd_instanc...]-S[0.0003,50,enhsp-hmrmax-astar]-MO[]-T[518400]-04906839-43e0a7a/snapshots/snapshot_99_1.0000","20465094","15","59","COMPLETED","0:0","00:12:02","15","0","/home/hersco/training_new_domains/2026-08-21/statistical_replication_stage2_training/20430421_Re-Tr_counters_counters_mcts_orig_novh_e.5_c.1_s1472491096_K0_SR10T_src20401262_e0020.txt","/home/hersco/training_new_domains/2026-08-21/statistical_replication_stage2_policy_eval/20465094_Ev_counters_counters_orig_novh_c.1_s1472491096_SR10P_src20430421_e0099.txt","/home/hersco/training_new_domains/2026-08-21/statistical_replication_stage2_policy_eval/20465094_Ev_counters_counters_orig_novh_c.1_s1472491096_SR10P_src20430421_e0099.txt","",""
"MAIN-VAL","counters","off","stage2","final","1510771779","20430424","99","/home/hersco/bershco-nu-asnets/numeric-asnets/asnets/experiment-results/experiments_numeric.domain.counters-experiments_numeric.architecture_2.counters_mcts-2026-08-21T18:44:32.816535/P[domain,fz_instance_4,inv_instance_4,rnd_instanc...]-S[0.0003,50,enhsp-hmrmax-astar]-MO[]-T[518400]-04906918-17cc32a/snapshots/snapshot_99_1.0000","20465207","54","59","COMPLETED","0:0","00:04:46","54","0","/home/hersco/training_new_domains/2026-08-21/statistical_replication_stage2_training/20430424_Re-Tr_counters_counters_mcts_orig_novh_e.5_c.1_s1510771779_K0_SR10T_src20401265_e0001.txt","/home/hersco/training_new_domains/2026-08-21/statistical_replication_stage2_policy_eval/20465207_Ev_counters_counters_orig_novh_c.1_s1510771779_SR10P_src20430424_e0099.txt","/home/hersco/training_new_domains/2026-08-21/statistical_replication_stage2_policy_eval/20465207_Ev_counters_counters_orig_novh_c.1_s1510771779_SR10P_src20430424_e0099.txt","",""
"MAIN-VAL","counters","off","stage2","final","1963100312","20430416","99","/home/hersco/bershco-nu-asnets/numeric-asnets/asnets/experiment-results/experiments_numeric.domain.counters-experiments_numeric.architecture_2.counters_mcts-2026-08-21T15:48:52.673352/P[domain,fz_instance_4,inv_instance_4,rnd_instanc...]-S[0.0003,50,enhsp-hmrmax-astar]-MO[]-T[518400]-04906742-2fc32f3/snapshots/snapshot_99_1.0000","20451600","11","59","COMPLETED","0:0","00:09:39","11","0","/home/hersco/training_new_domains/2026-08-21/statistical_replication_stage2_training/20430416_Re-Tr_counters_counters_mcts_orig_novh_e.5_c.1_s1963100312_K0_SR10T_src20401258_e0101.txt","/home/hersco/training_new_domains/2026-08-21/statistical_replication_stage2_policy_eval/20451600_Ev_counters_counters_orig_novh_c.1_s1963100312_SR10P_src20430416_e0099.txt","/home/hersco/training_new_domains/2026-08-21/statistical_replication_stage2_policy_eval/20451600_Ev_counters_counters_orig_novh_c.1_s1963100312_SR10P_src20430416_e0099.txt","",""
"MAIN-VAL","counters","off","stage2","final","1972442430","20430426","99","/home/hersco/bershco-nu-asnets/numeric-asnets/asnets/experiment-results/experiments_numeric.domain.counters-experiments_numeric.architecture_2.counters_mcts-2026-08-21T19:15:56.129719/P[domain,fz_instance_4,inv_instance_4,rnd_instanc...]-S[0.0003,50,enhsp-hmrmax-astar]-MO[]-T[518400]-04906950-72aea46/snapshots/snapshot_99_1.0000","20465250","40","59","COMPLETED","0:0","00:06:57","40","0","/home/hersco/training_new_domains/2026-08-21/statistical_replication_stage2_training/20430426_Re-Tr_counters_counters_mcts_orig_novh_e.5_c.1_s1972442430_K0_SR10T_src20401267_e0053.txt","/home/hersco/training_new_domains/2026-08-21/statistical_replication_stage2_policy_eval/20465250_Ev_counters_counters_orig_novh_c.1_s1972442430_SR10P_src20430426_e0099.txt","/home/hersco/training_new_domains/2026-08-21/statistical_replication_stage2_policy_eval/20465250_Ev_counters_counters_orig_novh_c.1_s1972442430_SR10P_src20430426_e0099.txt","",""
"MAIN-VAL","counters","off","stage2","final","2011206605","20430417","99","/home/hersco/bershco-nu-asnets/numeric-asnets/asnets/experiment-results/experiments_numeric.domain.counters-experiments_numeric.architecture_2.counters_mcts-2026-08-21T16:09:49.771406/P[domain,fz_instance_4,inv_instance_4,rnd_instanc...]-S[0.0003,50,enhsp-hmrmax-astar]-MO[]-T[518400]-04906763-067843/snapshots/snapshot_99_1.0000","20465051","32","59","COMPLETED","0:0","00:09:26","32","0","/home/hersco/training_new_domains/2026-08-21/statistical_replication_stage2_training/20430417_Re-Tr_counters_counters_mcts_orig_novh_e.5_c.1_s2011206605_K0_SR10T_src20401259_e0037.txt","/home/hersco/training_new_domains/2026-08-21/statistical_replication_stage2_policy_eval/20465051_Ev_counters_counters_orig_novh_c.1_s2011206605_SR10P_src20430417_e0099.txt","/home/hersco/training_new_domains/2026-08-21/statistical_replication_stage2_policy_eval/20465051_Ev_counters_counters_orig_novh_c.1_s2011206605_SR10P_src20430417_e0099.txt","",""
"MAIN-VAL","counters","off","stage2","final","2082152039","20430423","99","/home/hersco/bershco-nu-asnets/numeric-asnets/asnets/experiment-results/experiments_numeric.domain.counters-experiments_numeric.architecture_2.counters_mcts-2026-08-21T18:41:44.811870/P[domain,fz_instance_4,inv_instance_4,rnd_instanc...]-S[0.0003,50,enhsp-hmrmax-astar]-MO[]-T[518400]-04906915-faf7d6/snapshots/snapshot_99_1.0000","20465186","44","59","COMPLETED","0:0","00:06:12","44","0","/home/hersco/training_new_domains/2026-08-21/statistical_replication_stage2_training/20430423_Re-Tr_counters_counters_mcts_orig_novh_e.5_c.1_s2082152039_K0_SR10T_src20401264_e0012.txt","/home/hersco/training_new_domains/2026-08-21/statistical_replication_stage2_policy_eval/20465186_Ev_counters_counters_orig_novh_c.1_s2082152039_SR10P_src20430423_e0099.txt","/home/hersco/training_new_domains/2026-08-21/statistical_replication_stage2_policy_eval/20465186_Ev_counters_counters_orig_novh_c.1_s2082152039_SR10P_src20430423_e0099.txt","",""
"MAIN-VAL","counters","off","stage2","validation_selected","534933607","20430422","8","/home/hersco/bershco-nu-asnets/numeric-asnets/asnets/experiment-results/experiments_numeric.domain.counters-experiments_numeric.architecture_2.counters_mcts-2026-08-21T18:14:27.409234/P[domain,fz_instance_4,inv_instance_4,rnd_instanc...]-S[0.0003,50,enhsp-hmrmax-astar]-MO[]-T[518400]-04906888-3c74d66/snapshots/snapshot_8_1.0000","20465165","6","59","COMPLETED","0:0","00:10:03","6","0","/home/hersco/training_new_domains/2026-08-21/statistical_replication_stage2_training/20430422_Re-Tr_counters_counters_mcts_orig_novh_e.5_c.1_s534933607_K0_SR10T_src20401263_e0043.txt","/home/hersco/training_new_domains/2026-08-21/statistical_replication_stage2_policy_eval/20465165_Ev_counters_counters_orig_novh_c.1_s534933607_SR10P_src20430422_e0008.txt","/home/hersco/training_new_domains/2026-08-21/statistical_replication_stage2_policy_eval/20465165_Ev_counters_counters_orig_novh_c.1_s534933607_SR10P_src20430422_e0008.txt","",""
"MAIN-VAL","counters","off","stage2","validation_selected","923500475","20430425","0","/home/hersco/bershco-nu-asnets/numeric-asnets/asnets/experiment-results/experiments_numeric.domain.counters-experiments_numeric.architecture_2.counters_mcts-2026-08-21T19:14:32.662371/P[domain,fz_instance_4,inv_instance_4,rnd_instanc...]-S[0.0003,50,enhsp-hmrmax-astar]-MO[]-T[518400]-04906948-5194f74/snapshots/snapshot_0_1.0000","20465209","32","59","COMPLETED","0:0","00:06:57","32","0","/home/hersco/training_new_domains/2026-08-21/statistical_replication_stage2_training/20430425_Re-Tr_counters_counters_mcts_orig_novh_e.5_c.1_s923500475_K0_SR10T_src20401266_e0012.txt","/home/hersco/training_new_domains/2026-08-21/statistical_replication_stage2_policy_eval/20465209_Ev_counters_counters_orig_novh_c.1_s923500475_SR10P_src20430425_e0000.txt","/home/hersco/training_new_domains/2026-08-21/statistical_replication_stage2_policy_eval/20465209_Ev_counters_counters_orig_novh_c.1_s923500475_SR10P_src20430425_e0000.txt","20575469","/home/hersco/training_new_domains/2026-08-26/statistical_replication_stage2_policy_eval/20575469_Ev_counters_counters_orig_novh_c.1_s923500475_SR10P_src20430425_e0000.txt"
"MAIN-VAL","counters","off","stage2","validation_selected","1073581256","20430419","0","/home/hersco/bershco-nu-asnets/numeric-asnets/asnets/experiment-results/experiments_numeric.domain.counters-experiments_numeric.architecture_2.counters_mcts-2026-08-21T16:26:23.850750/P[domain,fz_instance_4,inv_instance_4,rnd_instanc...]-S[0.0003,50,enhsp-hmrmax-astar]-MO[]-T[518400]-04906780-1247c09/snapshots/snapshot_0_1.0000","20451602","53","59","COMPLETED","0:0","00:04:18","53","0","/home/hersco/training_new_domains/2026-08-21/statistical_replication_stage2_training/20430419_Re-Tr_counters_counters_mcts_orig_novh_e.5_c.1_s1073581256_K0_SR10T_src20401260_e0003.txt","/home/hersco/training_new_domains/2026-08-21/statistical_replication_stage2_policy_eval/20451602_Ev_counters_counters_orig_novh_c.1_s1073581256_SR10P_src20430419_e0000.txt","/home/hersco/training_new_domains/2026-08-21/statistical_replication_stage2_policy_eval/20451602_Ev_counters_counters_orig_novh_c.1_s1073581256_SR10P_src20430419_e0000.txt","20575460","/home/hersco/training_new_domains/2026-08-26/statistical_replication_stage2_policy_eval/20575460_Ev_counters_counters_orig_novh_c.1_s1073581256_SR10P_src20430419_e0000.txt"
"MAIN-VAL","counters","off","stage2","validation_selected","1239739722","20430420","5","/home/hersco/bershco-nu-asnets/numeric-asnets/asnets/experiment-results/experiments_numeric.domain.counters-experiments_numeric.architecture_2.counters_mcts-2026-08-21T16:48:25.701958/P[domain,fz_instance_4,inv_instance_4,rnd_instanc...]-S[0.0003,50,enhsp-hmrmax-astar]-MO[]-T[518400]-04906802-7d9a779/snapshots/snapshot_5_1.0000","20465054","21","59","COMPLETED","0:0","00:11:01","21","0","/home/hersco/training_new_domains/2026-08-21/statistical_replication_stage2_training/20430420_Re-Tr_counters_counters_mcts_orig_novh_e.5_c.1_s1239739722_K0_SR10T_src20401261_e0005.txt","/home/hersco/training_new_domains/2026-08-21/statistical_replication_stage2_policy_eval/20465054_Ev_counters_counters_orig_novh_c.1_s1239739722_SR10P_src20430420_e0005.txt","/home/hersco/training_new_domains/2026-08-21/statistical_replication_stage2_policy_eval/20465054_Ev_counters_counters_orig_novh_c.1_s1239739722_SR10P_src20430420_e0005.txt","20575466","/home/hersco/training_new_domains/2026-08-26/statistical_replication_stage2_policy_eval/20575466_Ev_counters_counters_orig_novh_c.1_s1239739722_SR10P_src20430420_e0005.txt"
"MAIN-VAL","counters","off","stage2","validation_selected","1472491096","20430421","5","/home/hersco/bershco-nu-asnets/numeric-asnets/asnets/experiment-results/experiments_numeric.domain.counters-experiments_numeric.architecture_2.counters_mcts-2026-08-21T17:24:58.883939/P[domain,fz_instance_4,inv_instance_4,rnd_instanc...]-S[0.0003,50,enhsp-hmrmax-astar]-MO[]-T[518400]-04906839-43e0a7a/snapshots/snapshot_5_1.0000","20465075","18","59","COMPLETED","0:0","00:08:10","18","0","/home/hersco/training_new_domains/2026-08-21/statistical_replication_stage2_training/20430421_Re-Tr_counters_counters_mcts_orig_novh_e.5_c.1_s1472491096_K0_SR10T_src20401262_e0020.txt","/home/hersco/training_new_domains/2026-08-21/statistical_replication_stage2_policy_eval/20465075_Ev_counters_counters_orig_novh_c.1_s1472491096_SR10P_src20430421_e0005.txt","/home/hersco/training_new_domains/2026-08-21/statistical_replication_stage2_policy_eval/20465075_Ev_counters_counters_orig_novh_c.1_s1472491096_SR10P_src20430421_e0005.txt","20575467","/home/hersco/training_new_domains/2026-08-26/statistical_replication_stage2_policy_eval/20575467_Ev_counters_counters_orig_novh_c.1_s1472491096_SR10P_src20430421_e0005.txt"
"MAIN-VAL","counters","off","stage2","validation_selected","1510771779","20430424","37","/home/hersco/bershco-nu-asnets/numeric-asnets/asnets/experiment-results/experiments_numeric.domain.counters-experiments_numeric.architecture_2.counters_mcts-2026-08-21T18:44:32.816535/P[domain,fz_instance_4,inv_instance_4,rnd_instanc...]-S[0.0003,50,enhsp-hmrmax-astar]-MO[]-T[518400]-04906918-17cc32a/snapshots/snapshot_37_1.0000","20465208","45","59","COMPLETED","0:0","00:05:17","45","0","/home/hersco/training_new_domains/2026-08-21/statistical_replication_stage2_training/20430424_Re-Tr_counters_counters_mcts_orig_novh_e.5_c.1_s1510771779_K0_SR10T_src20401265_e0001.txt","/home/hersco/training_new_domains/2026-08-21/statistical_replication_stage2_policy_eval/20465208_Ev_counters_counters_orig_novh_c.1_s1510771779_SR10P_src20430424_e0037.txt","/home/hersco/training_new_domains/2026-08-21/statistical_replication_stage2_policy_eval/20465208_Ev_counters_counters_orig_novh_c.1_s1510771779_SR10P_src20430424_e0037.txt","",""
"MAIN-VAL","counters","off","stage2","validation_selected","1963100312","20430416","33","/home/hersco/bershco-nu-asnets/numeric-asnets/asnets/experiment-results/experiments_numeric.domain.counters-experiments_numeric.architecture_2.counters_mcts-2026-08-21T15:48:52.673352/P[domain,fz_instance_4,inv_instance_4,rnd_instanc...]-S[0.0003,50,enhsp-hmrmax-astar]-MO[]-T[518400]-04906742-2fc32f3/snapshots/snapshot_33_1.0000","20451601","59","59","COMPLETED","0:0","00:03:10","59","0","/home/hersco/training_new_domains/2026-08-21/statistical_replication_stage2_training/20430416_Re-Tr_counters_counters_mcts_orig_novh_e.5_c.1_s1963100312_K0_SR10T_src20401258_e0101.txt","/home/hersco/training_new_domains/2026-08-21/statistical_replication_stage2_policy_eval/20451601_Ev_counters_counters_orig_novh_c.1_s1963100312_SR10P_src20430416_e0033.txt","/home/hersco/training_new_domains/2026-08-21/statistical_replication_stage2_policy_eval/20451601_Ev_counters_counters_orig_novh_c.1_s1963100312_SR10P_src20430416_e0033.txt","",""
"MAIN-VAL","counters","off","stage2","validation_selected","1972442430","20430426","82","/home/hersco/bershco-nu-asnets/numeric-asnets/asnets/experiment-results/experiments_numeric.domain.counters-experiments_numeric.architecture_2.counters_mcts-2026-08-21T19:15:56.129719/P[domain,fz_instance_4,inv_instance_4,rnd_instanc...]-S[0.0003,50,enhsp-hmrmax-astar]-MO[]-T[518400]-04906950-72aea46/snapshots/snapshot_82_1.0000","20465251","37","59","COMPLETED","0:0","00:08:20","37","0","/home/hersco/training_new_domains/2026-08-21/statistical_replication_stage2_training/20430426_Re-Tr_counters_counters_mcts_orig_novh_e.5_c.1_s1972442430_K0_SR10T_src20401267_e0053.txt","/home/hersco/training_new_domains/2026-08-21/statistical_replication_stage2_policy_eval/20465251_Ev_counters_counters_orig_novh_c.1_s1972442430_SR10P_src20430426_e0082.txt","/home/hersco/training_new_domains/2026-08-21/statistical_replication_stage2_policy_eval/20465251_Ev_counters_counters_orig_novh_c.1_s1972442430_SR10P_src20430426_e0082.txt","",""
"MAIN-VAL","counters","off","stage2","validation_selected","2011206605","20430417","12","/home/hersco/bershco-nu-asnets/numeric-asnets/asnets/experiment-results/experiments_numeric.domain.counters-experiments_numeric.architecture_2.counters_mcts-2026-08-21T16:09:49.771406/P[domain,fz_instance_4,inv_instance_4,rnd_instanc...]-S[0.0003,50,enhsp-hmrmax-astar]-MO[]-T[518400]-04906763-067843/snapshots/snapshot_12_1.0000","20465052","39","59","COMPLETED","0:0","00:07:48","39","0","/home/hersco/training_new_domains/2026-08-21/statistical_replication_stage2_training/20430417_Re-Tr_counters_counters_mcts_orig_novh_e.5_c.1_s2011206605_K0_SR10T_src20401259_e0037.txt","/home/hersco/training_new_domains/2026-08-21/statistical_replication_stage2_policy_eval/20465052_Ev_counters_counters_orig_novh_c.1_s2011206605_SR10P_src20430417_e0012.txt","/home/hersco/training_new_domains/2026-08-21/statistical_replication_stage2_policy_eval/20465052_Ev_counters_counters_orig_novh_c.1_s2011206605_SR10P_src20430417_e0012.txt","",""
"MAIN-VAL","counters","off","stage2","validation_selected","2082152039","20430423","0","/home/hersco/bershco-nu-asnets/numeric-asnets/asnets/experiment-results/experiments_numeric.domain.counters-experiments_numeric.architecture_2.counters_mcts-2026-08-21T18:41:44.811870/P[domain,fz_instance_4,inv_instance_4,rnd_instanc...]-S[0.0003,50,enhsp-hmrmax-astar]-MO[]-T[518400]-04906915-faf7d6/snapshots/snapshot_0_1.0000","20465166","59","59","COMPLETED","0:0","00:03:40","59","0","/home/hersco/training_new_domains/2026-08-21/statistical_replication_stage2_training/20430423_Re-Tr_counters_counters_mcts_orig_novh_e.5_c.1_s2082152039_K0_SR10T_src20401264_e0012.txt","/home/hersco/training_new_domains/2026-08-21/statistical_replication_stage2_policy_eval/20465166_Ev_counters_counters_orig_novh_c.1_s2082152039_SR10P_src20430423_e0000.txt","/home/hersco/training_new_domains/2026-08-21/statistical_replication_stage2_policy_eval/20465166_Ev_counters_counters_orig_novh_c.1_s2082152039_SR10P_src20430423_e0000.txt","20575468","/home/hersco/training_new_domains/2026-08-26/statistical_replication_stage2_policy_eval/20575468_Ev_counters_counters_orig_novh_c.1_s2082152039_SR10P_src20430423_e0000.txt"
"MAIN-VAL","counters","on","stage1","validation_selected","534933607","20401273","11","/home/hersco/bershco-nu-asnets/numeric-asnets/asnets/experiment-results/experiments_numeric.domain.counters-experiments_numeric.architecture_2.counters-2026-08-20T18:13:56.094313/P[domain,fz_instance_4,inv_instance_4,rnd_instanc...]-S[0.003,50,enhsp-hadd-gbfs]-MO[]-T[518400]-04905448-3c74d66/snapshots/snapshot_11_1.000","20429771","59","59","COMPLETED","0:0","00:02:28","59","0","/home/hersco/training_new_domains/2026-08-20/statistical_replication_stage1_10seed/20401273_Tr_counters_counters_orig_vh_c.1_s534933607_STATREP10_STAGE1.txt","/home/hersco/training_new_domains/2026-08-21/statistical_replication_stage1_policy_eval/20429771_Ev_counters_counters_orig_vh_c.1_s534933607_SR10P_src20401273_e0011.txt","/home/hersco/training_new_domains/2026-08-21/statistical_replication_stage1_policy_eval/20429771_Ev_counters_counters_orig_vh_c.1_s534933607_SR10P_src20401273_e0011.txt","",""
"MAIN-VAL","counters","on","stage1","validation_selected","923500475","20401276","2","/home/hersco/bershco-nu-asnets/numeric-asnets/asnets/experiment-results/experiments_numeric.domain.counters-experiments_numeric.architecture_2.counters-2026-08-20T18:13:56.094313/P[domain,fz_instance_4,inv_instance_4,rnd_instanc...]-S[0.003,50,enhsp-hadd-gbfs]-MO[]-T[518400]-04905448-5194f74/snapshots/snapshot_2_1.000","20429883","3","59","COMPLETED","0:0","00:10:34","3","0","/home/hersco/training_new_domains/2026-08-20/statistical_replication_stage1_10seed/20401276_Tr_counters_counters_orig_vh_c.1_s923500475_STATREP10_STAGE1.txt","/home/hersco/training_new_domains/2026-08-21/statistical_replication_stage1_policy_eval/20429883_Ev_counters_counters_orig_vh_c.1_s923500475_SR10P_src20401276_e0002.txt","/home/hersco/training_new_domains/2026-08-21/statistical_replication_stage1_policy_eval/20429883_Ev_counters_counters_orig_vh_c.1_s923500475_SR10P_src20401276_e0002.txt","",""
"MAIN-VAL","counters","on","stage1","validation_selected","1073581256","20401270","42","/home/hersco/bershco-nu-asnets/numeric-asnets/asnets/experiment-results/experiments_numeric.domain.counters-experiments_numeric.architecture_2.counters-2026-08-20T18:13:56.094333/P[domain,fz_instance_4,inv_instance_4,rnd_instanc...]-S[0.003,50,enhsp-hadd-gbfs]-MO[]-T[518400]-04905448-1247c09/snapshots/snapshot_42_1.000","20429518","59","59","COMPLETED","0:0","00:04:22","59","0","/home/hersco/training_new_domains/2026-08-20/statistical_replication_stage1_10seed/20401270_Tr_counters_counters_orig_vh_c.1_s1073581256_STATREP10_STAGE1.txt","/home/hersco/training_new_domains/2026-08-21/statistical_replication_stage1_policy_eval/20429518_Ev_counters_counters_orig_vh_c.1_s1073581256_SR10P_src20401270_e0042.txt","/home/hersco/training_new_domains/2026-08-21/statistical_replication_stage1_policy_eval/20429518_Ev_counters_counters_orig_vh_c.1_s1073581256_SR10P_src20401270_e0042.txt","",""
"MAIN-VAL","counters","on","stage1","validation_selected","1239739722","20401271","80","/home/hersco/bershco-nu-asnets/numeric-asnets/asnets/experiment-results/experiments_numeric.domain.counters-experiments_numeric.architecture_2.counters-2026-08-20T18:13:56.094346/P[domain,fz_instance_4,inv_instance_4,rnd_instanc...]-S[0.003,50,enhsp-hadd-gbfs]-MO[]-T[518400]-04905448-7d9a779/snapshots/snapshot_80_1.000","20429535","8","59","COMPLETED","0:0","00:10:00","8","0","/home/hersco/training_new_domains/2026-08-20/statistical_replication_stage1_10seed/20401271_Tr_counters_counters_orig_vh_c.1_s1239739722_STATREP10_STAGE1.txt","/home/hersco/training_new_domains/2026-08-21/statistical_replication_stage1_policy_eval/20429535_Ev_counters_counters_orig_vh_c.1_s1239739722_SR10P_src20401271_e0080.txt","/home/hersco/training_new_domains/2026-08-21/statistical_replication_stage1_policy_eval/20429535_Ev_counters_counters_orig_vh_c.1_s1239739722_SR10P_src20401271_e0080.txt","",""
"MAIN-VAL","counters","on","stage1","validation_selected","1472491096","20401272","18","/home/hersco/bershco-nu-asnets/numeric-asnets/asnets/experiment-results/experiments_numeric.domain.counters-experiments_numeric.architecture_2.counters-2026-08-20T18:13:56.094313/P[domain,fz_instance_4,inv_instance_4,rnd_instanc...]-S[0.003,50,enhsp-hadd-gbfs]-MO[]-T[518400]-04905448-43e0a7a/snapshots/snapshot_18_1.000","20429559","20","59","COMPLETED","0:0","00:08:47","20","0","/home/hersco/training_new_domains/2026-08-20/statistical_replication_stage1_10seed/20401272_Tr_counters_counters_orig_vh_c.1_s1472491096_STATREP10_STAGE1.txt","/home/hersco/training_new_domains/2026-08-21/statistical_replication_stage1_policy_eval/20429559_Ev_counters_counters_orig_vh_c.1_s1472491096_SR10P_src20401272_e0018.txt","/home/hersco/training_new_domains/2026-08-21/statistical_replication_stage1_policy_eval/20429559_Ev_counters_counters_orig_vh_c.1_s1472491096_SR10P_src20401272_e0018.txt","",""
"MAIN-VAL","counters","on","stage1","validation_selected","1510771779","20401275","41","/home/hersco/bershco-nu-asnets/numeric-asnets/asnets/experiment-results/experiments_numeric.domain.counters-experiments_numeric.architecture_2.counters-2026-08-20T18:13:56.094317/P[domain,fz_instance_4,inv_instance_4,rnd_instanc...]-S[0.003,50,enhsp-hadd-gbfs]-MO[]-T[518400]-04905448-17cc32a/snapshots/snapshot_41_1.000","20429872","3","59","COMPLETED","0:0","00:09:01","3","0","/home/hersco/training_new_domains/2026-08-20/statistical_replication_stage1_10seed/20401275_Tr_counters_counters_orig_vh_c.1_s1510771779_STATREP10_STAGE1.txt","/home/hersco/training_new_domains/2026-08-21/statistical_replication_stage1_policy_eval/20429872_Ev_counters_counters_orig_vh_c.1_s1510771779_SR10P_src20401275_e0041.txt","/home/hersco/training_new_domains/2026-08-21/statistical_replication_stage1_policy_eval/20429872_Ev_counters_counters_orig_vh_c.1_s1510771779_SR10P_src20401275_e0041.txt","",""
"MAIN-VAL","counters","on","stage1","validation_selected","1963100312","20401268","204","/home/hersco/bershco-nu-asnets/numeric-asnets/asnets/experiment-results/experiments_numeric.domain.counters-experiments_numeric.architecture_2.counters-2026-08-20T18:13:56.094315/P[domain,fz_instance_4,inv_instance_4,rnd_instanc...]-S[0.003,50,enhsp-hadd-gbfs]-MO[]-T[518400]-04905448-2fc32f3/snapshots/snapshot_204_1.000","20429486","3","59","COMPLETED","0:0","00:10:30","3","0","/home/hersco/training_new_domains/2026-08-20/statistical_replication_stage1_10seed/20401268_Tr_counters_counters_orig_vh_c.1_s1963100312_STATREP10_STAGE1.txt","/home/hersco/training_new_domains/2026-08-21/statistical_replication_stage1_policy_eval/20429486_Ev_counters_counters_orig_vh_c.1_s1963100312_SR10P_src20401268_e0204.txt","/home/hersco/training_new_domains/2026-08-21/statistical_replication_stage1_policy_eval/20429486_Ev_counters_counters_orig_vh_c.1_s1963100312_SR10P_src20401268_e0204.txt","",""
"MAIN-VAL","counters","on","stage1","validation_selected","1972442430","20401277","1","/home/hersco/bershco-nu-asnets/numeric-asnets/asnets/experiment-results/experiments_numeric.domain.counters-experiments_numeric.architecture_2.counters-2026-08-20T18:13:56.094318/P[domain,fz_instance_4,inv_instance_4,rnd_instanc...]-S[0.003,50,enhsp-hadd-gbfs]-MO[]-T[518400]-04905448-72aea46/snapshots/snapshot_1_0.000","20429894","15","59","COMPLETED","0:0","00:07:51","15","0","/home/hersco/training_new_domains/2026-08-20/statistical_replication_stage1_10seed/20401277_Tr_counters_counters_orig_vh_c.1_s1972442430_STATREP10_STAGE1.txt","/home/hersco/training_new_domains/2026-08-21/statistical_replication_stage1_policy_eval/20429894_Ev_counters_counters_orig_vh_c.1_s1972442430_SR10P_src20401277_e0001.txt","/home/hersco/training_new_domains/2026-08-21/statistical_replication_stage1_policy_eval/20429894_Ev_counters_counters_orig_vh_c.1_s1972442430_SR10P_src20401277_e0001.txt","",""
"MAIN-VAL","counters","on","stage1","validation_selected","2011206605","20401269","9","/home/hersco/bershco-nu-asnets/numeric-asnets/asnets/experiment-results/experiments_numeric.domain.counters-experiments_numeric.architecture_2.counters-2026-08-20T18:13:56.094328/P[domain,fz_instance_4,inv_instance_4,rnd_instanc...]-S[0.003,50,enhsp-hadd-gbfs]-MO[]-T[518400]-04905448-067843/snapshots/snapshot_9_1.000","20429498","7","59","COMPLETED","0:0","00:10:23","7","0","/home/hersco/training_new_domains/2026-08-20/statistical_replication_stage1_10seed/20401269_Tr_counters_counters_orig_vh_c.1_s2011206605_STATREP10_STAGE1.txt","/home/hersco/training_new_domains/2026-08-21/statistical_replication_stage1_policy_eval/20429498_Ev_counters_counters_orig_vh_c.1_s2011206605_SR10P_src20401269_e0009.txt","/home/hersco/training_new_domains/2026-08-21/statistical_replication_stage1_policy_eval/20429498_Ev_counters_counters_orig_vh_c.1_s2011206605_SR10P_src20401269_e0009.txt","",""
"MAIN-VAL","counters","on","stage1","validation_selected","2082152039","20401274","97","/home/hersco/bershco-nu-asnets/numeric-asnets/asnets/experiment-results/experiments_numeric.domain.counters-experiments_numeric.architecture_2.counters-2026-08-20T18:13:56.094312/P[domain,fz_instance_4,inv_instance_4,rnd_instanc...]-S[0.003,50,enhsp-hadd-gbfs]-MO[]-T[518400]-04905448-faf7d6/snapshots/snapshot_97_1.000","20429840","9","59","COMPLETED","0:0","00:09:44","9","0","/home/hersco/training_new_domains/2026-08-20/statistical_replication_stage1_10seed/20401274_Tr_counters_counters_orig_vh_c.1_s2082152039_STATREP10_STAGE1.txt","/home/hersco/training_new_domains/2026-08-21/statistical_replication_stage1_policy_eval/20429840_Ev_counters_counters_orig_vh_c.1_s2082152039_SR10P_src20401274_e0097.txt","/home/hersco/training_new_domains/2026-08-21/statistical_replication_stage1_policy_eval/20429840_Ev_counters_counters_orig_vh_c.1_s2082152039_SR10P_src20401274_e0097.txt","",""
"MAIN-VAL","counters","on","stage2","final","534933607","20430432","99","/home/hersco/bershco-nu-asnets/numeric-asnets/asnets/experiment-results/experiments_numeric.domain.counters-experiments_numeric.architecture_2.counters_mcts-2026-08-21T20:13:50.917490/P[domain,fz_instance_4,inv_instance_4,rnd_instanc...]-S[0.0003,50,enhsp-hmrmax-astar]-MO[]-T[518400]-04907007-3c74d66/snapshots/snapshot_99_1.0000","20465469","17","59","COMPLETED","0:0","00:09:10","17","0","/home/hersco/training_new_domains/2026-08-21/statistical_replication_stage2_training/20430432_Re-Tr_counters_counters_mcts_orig_vh_e.5_c.1_s534933607_K0_SR10T_src20401273_e0011.txt","/home/hersco/training_new_domains/2026-08-21/statistical_replication_stage2_policy_eval/20465469_Ev_counters_counters_orig_vh_c.1_s534933607_SR10P_src20430432_e0099.txt","/home/hersco/training_new_domains/2026-08-21/statistical_replication_stage2_policy_eval/20465469_Ev_counters_counters_orig_vh_c.1_s534933607_SR10P_src20430432_e0099.txt","",""
"MAIN-VAL","counters","on","stage2","final","923500475","20430435","99","/home/hersco/bershco-nu-asnets/numeric-asnets/asnets/experiment-results/experiments_numeric.domain.counters-experiments_numeric.architecture_2.counters_mcts-2026-08-21T20:45:11.520793/P[domain,fz_instance_4,inv_instance_4,rnd_instanc...]-S[0.0003,50,enhsp-hmrmax-astar]-MO[]-T[518400]-04907039-5194f74/snapshots/snapshot_99_1.0000","20465538","3","59","COMPLETED","0:0","00:11:40","3","0","/home/hersco/training_new_domains/2026-08-21/statistical_replication_stage2_training/20430435_Re-Tr_counters_counters_mcts_orig_vh_e.5_c.1_s923500475_K0_SR10T_src20401276_e0002.txt","/home/hersco/training_new_domains/2026-08-21/statistical_replication_stage2_policy_eval/20465538_Ev_counters_counters_orig_vh_c.1_s923500475_SR10P_src20430435_e0099.txt","/home/hersco/training_new_domains/2026-08-21/statistical_replication_stage2_policy_eval/20465538_Ev_counters_counters_orig_vh_c.1_s923500475_SR10P_src20430435_e0099.txt","",""
"MAIN-VAL","counters","on","stage2","final","1073581256","20430429","99","/home/hersco/bershco-nu-asnets/numeric-asnets/asnets/experiment-results/experiments_numeric.domain.counters-experiments_numeric.architecture_2.counters_mcts-2026-08-21T19:28:41.795056/P[domain,fz_instance_4,inv_instance_4,rnd_instanc...]-S[0.0003,50,enhsp-hmrmax-astar]-MO[]-T[518400]-04906962-1247c09/snapshots/snapshot_99_1.0000","20465372","15","59","COMPLETED","0:0","00:10:23","15","0","/home/hersco/training_new_domains/2026-08-21/statistical_replication_stage2_training/20430429_Re-Tr_counters_counters_mcts_orig_vh_e.5_c.1_s1073581256_K0_SR10T_src20401270_e0042.txt","/home/hersco/training_new_domains/2026-08-21/statistical_replication_stage2_policy_eval/20465372_Ev_counters_counters_orig_vh_c.1_s1073581256_SR10P_src20430429_e0099.txt","/home/hersco/training_new_domains/2026-08-21/statistical_replication_stage2_policy_eval/20465372_Ev_counters_counters_orig_vh_c.1_s1073581256_SR10P_src20430429_e0099.txt","",""
"MAIN-VAL","counters","on","stage2","final","1239739722","20430430","99","/home/hersco/bershco-nu-asnets/numeric-asnets/asnets/experiment-results/experiments_numeric.domain.counters-experiments_numeric.architecture_2.counters_mcts-2026-08-21T19:35:13.614810/P[domain,fz_instance_4,inv_instance_4,rnd_instanc...]-S[0.0003,50,enhsp-hmrmax-astar]-MO[]-T[518400]-04906969-7d9a779/snapshots/snapshot_99_1.0000","20465396","10","59","COMPLETED","0:0","00:09:28","10","0","/home/hersco/training_new_domains/2026-08-21/statistical_replication_stage2_training/20430430_Re-Tr_counters_counters_mcts_orig_vh_e.5_c.1_s1239739722_K0_SR10T_src20401271_e0080.txt","/home/hersco/training_new_domains/2026-08-21/statistical_replication_stage2_policy_eval/20465396_Ev_counters_counters_orig_vh_c.1_s1239739722_SR10P_src20430430_e0099.txt","/home/hersco/training_new_domains/2026-08-21/statistical_replication_stage2_policy_eval/20465396_Ev_counters_counters_orig_vh_c.1_s1239739722_SR10P_src20430430_e0099.txt","",""
"MAIN-VAL","counters","on","stage2","final","1472491096","20430431","99","/home/hersco/bershco-nu-asnets/numeric-asnets/asnets/experiment-results/experiments_numeric.domain.counters-experiments_numeric.architecture_2.counters_mcts-2026-08-21T19:39:01.191695/P[domain,fz_instance_4,inv_instance_4,rnd_instanc...]-S[0.0003,50,enhsp-hmrmax-astar]-MO[]-T[518400]-04906973-43e0a7a/snapshots/snapshot_99_1.0000","20465446","3","59","COMPLETED","0:0","00:10:42","3","0","/home/hersco/training_new_domains/2026-08-21/statistical_replication_stage2_training/20430431_Re-Tr_counters_counters_mcts_orig_vh_e.5_c.1_s1472491096_K0_SR10T_src20401272_e0018.txt","/home/hersco/training_new_domains/2026-08-21/statistical_replication_stage2_policy_eval/20465446_Ev_counters_counters_orig_vh_c.1_s1472491096_SR10P_src20430431_e0099.txt","/home/hersco/training_new_domains/2026-08-21/statistical_replication_stage2_policy_eval/20465446_Ev_counters_counters_orig_vh_c.1_s1472491096_SR10P_src20430431_e0099.txt","",""
"MAIN-VAL","counters","on","stage2","final","1510771779","20430434","99","/home/hersco/bershco-nu-asnets/numeric-asnets/asnets/experiment-results/experiments_numeric.domain.counters-experiments_numeric.architecture_2.counters_mcts-2026-08-21T20:33:01.810821/P[domain,fz_instance_4,inv_instance_4,rnd_instanc...]-S[0.0003,50,enhsp-hmrmax-astar]-MO[]-T[518400]-04907027-17cc32a/snapshots/snapshot_99_1.0000","20465516","10","59","COMPLETED","0:0","00:10:02","10","0","/home/hersco/training_new_domains/2026-08-21/statistical_replication_stage2_training/20430434_Re-Tr_counters_counters_mcts_orig_vh_e.5_c.1_s1510771779_K0_SR10T_src20401275_e0041.txt","/home/hersco/training_new_domains/2026-08-21/statistical_replication_stage2_policy_eval/20465516_Ev_counters_counters_orig_vh_c.1_s1510771779_SR10P_src20430434_e0099.txt","/home/hersco/training_new_domains/2026-08-21/statistical_replication_stage2_policy_eval/20465516_Ev_counters_counters_orig_vh_c.1_s1510771779_SR10P_src20430434_e0099.txt","",""
"MAIN-VAL","counters","on","stage2","final","1963100312","20430427","99","/home/hersco/bershco-nu-asnets/numeric-asnets/asnets/experiment-results/experiments_numeric.domain.counters-experiments_numeric.architecture_2.counters_mcts-2026-08-21T19:20:09.987511/P[domain,fz_instance_4,inv_instance_4,rnd_instanc...]-S[0.0003,50,enhsp-hmrmax-astar]-MO[]-T[518400]-04906954-2fc32f3/snapshots/snapshot_99_1.0000","20465324","16","59","COMPLETED","0:0","00:09:53","16","0","/home/hersco/training_new_domains/2026-08-21/statistical_replication_stage2_training/20430427_Re-Tr_counters_counters_mcts_orig_vh_e.5_c.1_s1963100312_K0_SR10T_src20401268_e0204.txt","/home/hersco/training_new_domains/2026-08-21/statistical_replication_stage2_policy_eval/20465324_Ev_counters_counters_orig_vh_c.1_s1963100312_SR10P_src20430427_e0099.txt","/home/hersco/training_new_domains/2026-08-21/statistical_replication_stage2_policy_eval/20465324_Ev_counters_counters_orig_vh_c.1_s1963100312_SR10P_src20430427_e0099.txt","",""
"MAIN-VAL","counters","on","stage2","final","1972442430","20430436","99","/home/hersco/bershco-nu-asnets/numeric-asnets/asnets/experiment-results/experiments_numeric.domain.counters-experiments_numeric.architecture_2.counters_mcts-2026-08-21T20:58:34.672634/P[domain,fz_instance_4,inv_instance_4,rnd_instanc...]-S[0.0003,50,enhsp-hmrmax-astar]-MO[]-T[518400]-04907052-72aea46/snapshots/snapshot_99_1.0000","20488500","24","59","COMPLETED","0:0","00:11:01","24","0","/home/hersco/training_new_domains/2026-08-21/statistical_replication_stage2_training/20430436_Re-Tr_counters_counters_mcts_orig_vh_e.5_c.1_s1972442430_K0_SR10T_src20401277_e0001.txt","/home/hersco/training_new_domains/2026-08-22/statistical_replication_stage2_policy_eval/20488500_Ev_counters_counters_orig_vh_c.1_s1972442430_SR10P_src20430436_e0099.txt","/home/hersco/training_new_domains/2026-08-22/statistical_replication_stage2_policy_eval/20488500_Ev_counters_counters_orig_vh_c.1_s1972442430_SR10P_src20430436_e0099.txt","",""
"MAIN-VAL","counters","on","stage2","final","2011206605","20430428","99","/home/hersco/bershco-nu-asnets/numeric-asnets/asnets/experiment-results/experiments_numeric.domain.counters-experiments_numeric.architecture_2.counters_mcts-2026-08-21T19:21:50.199840/P[domain,fz_instance_4,inv_instance_4,rnd_instanc...]-S[0.0003,50,enhsp-hmrmax-astar]-MO[]-T[518400]-04906955-067843/snapshots/snapshot_99_1.0000","20465348","8","59","COMPLETED","0:0","00:10:28","8","0","/home/hersco/training_new_domains/2026-08-21/statistical_replication_stage2_training/20430428_Re-Tr_counters_counters_mcts_orig_vh_e.5_c.1_s2011206605_K0_SR10T_src20401269_e0009.txt","/home/hersco/training_new_domains/2026-08-21/statistical_replication_stage2_policy_eval/20465348_Ev_counters_counters_orig_vh_c.1_s2011206605_SR10P_src20430428_e0099.txt","/home/hersco/training_new_domains/2026-08-21/statistical_replication_stage2_policy_eval/20465348_Ev_counters_counters_orig_vh_c.1_s2011206605_SR10P_src20430428_e0099.txt","",""
"MAIN-VAL","counters","on","stage2","final","2082152039","20430433","99","/home/hersco/bershco-nu-asnets/numeric-asnets/asnets/experiment-results/experiments_numeric.domain.counters-experiments_numeric.architecture_2.counters_mcts-2026-08-21T20:21:50.772166/P[domain,fz_instance_4,inv_instance_4,rnd_instanc...]-S[0.0003,50,enhsp-hmrmax-astar]-MO[]-T[518400]-04907015-faf7d6/snapshots/snapshot_99_1.0000","20465492","10","59","COMPLETED","0:0","00:10:10","10","0","/home/hersco/training_new_domains/2026-08-21/statistical_replication_stage2_training/20430433_Re-Tr_counters_counters_mcts_orig_vh_e.5_c.1_s2082152039_K0_SR10T_src20401274_e0097.txt","/home/hersco/training_new_domains/2026-08-21/statistical_replication_stage2_policy_eval/20465492_Ev_counters_counters_orig_vh_c.1_s2082152039_SR10P_src20430433_e0099.txt","/home/hersco/training_new_domains/2026-08-21/statistical_replication_stage2_policy_eval/20465492_Ev_counters_counters_orig_vh_c.1_s2082152039_SR10P_src20430433_e0099.txt","",""
"MAIN-VAL","counters","on","stage2","validation_selected","534933607","20430432","2","/home/hersco/bershco-nu-asnets/numeric-asnets/asnets/experiment-results/experiments_numeric.domain.counters-experiments_numeric.architecture_2.counters_mcts-2026-08-21T20:13:50.917490/P[domain,fz_instance_4,inv_instance_4,rnd_instanc...]-S[0.0003,50,enhsp-hmrmax-astar]-MO[]-T[518400]-04907007-3c74d66/snapshots/snapshot_2_1.0000","20465470","59","59","COMPLETED","0:0","00:03:20","59","0","/home/hersco/training_new_domains/2026-08-21/statistical_replication_stage2_training/20430432_Re-Tr_counters_counters_mcts_orig_vh_e.5_c.1_s534933607_K0_SR10T_src20401273_e0011.txt","/home/hersco/training_new_domains/2026-08-21/statistical_replication_stage2_policy_eval/20465470_Ev_counters_counters_orig_vh_c.1_s534933607_SR10P_src20430432_e0002.txt","/home/hersco/training_new_domains/2026-08-21/statistical_replication_stage2_policy_eval/20465470_Ev_counters_counters_orig_vh_c.1_s534933607_SR10P_src20430432_e0002.txt","",""
"MAIN-VAL","counters","on","stage2","validation_selected","923500475","20430435","1","/home/hersco/bershco-nu-asnets/numeric-asnets/asnets/experiment-results/experiments_numeric.domain.counters-experiments_numeric.architecture_2.counters_mcts-2026-08-21T20:45:11.520793/P[domain,fz_instance_4,inv_instance_4,rnd_instanc...]-S[0.0003,50,enhsp-hmrmax-astar]-MO[]-T[518400]-04907039-5194f74/snapshots/snapshot_1_1.0000","20465539","38","59","COMPLETED","0:0","00:07:33","38","0","/home/hersco/training_new_domains/2026-08-21/statistical_replication_stage2_training/20430435_Re-Tr_counters_counters_mcts_orig_vh_e.5_c.1_s923500475_K0_SR10T_src20401276_e0002.txt","/home/hersco/training_new_domains/2026-08-21/statistical_replication_stage2_policy_eval/20465539_Ev_counters_counters_orig_vh_c.1_s923500475_SR10P_src20430435_e0001.txt","/home/hersco/training_new_domains/2026-08-21/statistical_replication_stage2_policy_eval/20465539_Ev_counters_counters_orig_vh_c.1_s923500475_SR10P_src20430435_e0001.txt","",""
"MAIN-VAL","counters","on","stage2","validation_selected","1073581256","20430429","16","/home/hersco/bershco-nu-asnets/numeric-asnets/asnets/experiment-results/experiments_numeric.domain.counters-experiments_numeric.architecture_2.counters_mcts-2026-08-21T19:28:41.795056/P[domain,fz_instance_4,inv_instance_4,rnd_instanc...]-S[0.0003,50,enhsp-hmrmax-astar]-MO[]-T[518400]-04906962-1247c09/snapshots/snapshot_16_1.0000","20465374","55","59","COMPLETED","0:0","00:04:24","55","0","/home/hersco/training_new_domains/2026-08-21/statistical_replication_stage2_training/20430429_Re-Tr_counters_counters_mcts_orig_vh_e.5_c.1_s1073581256_K0_SR10T_src20401270_e0042.txt","/home/hersco/training_new_domains/2026-08-21/statistical_replication_stage2_policy_eval/20465374_Ev_counters_counters_orig_vh_c.1_s1073581256_SR10P_src20430429_e0016.txt","/home/hersco/training_new_domains/2026-08-21/statistical_replication_stage2_policy_eval/20465374_Ev_counters_counters_orig_vh_c.1_s1073581256_SR10P_src20430429_e0016.txt","",""
"MAIN-VAL","counters","on","stage2","validation_selected","1239739722","20430430","28","/home/hersco/bershco-nu-asnets/numeric-asnets/asnets/experiment-results/experiments_numeric.domain.counters-experiments_numeric.architecture_2.counters_mcts-2026-08-21T19:35:13.614810/P[domain,fz_instance_4,inv_instance_4,rnd_instanc...]-S[0.0003,50,enhsp-hmrmax-astar]-MO[]-T[518400]-04906969-7d9a779/snapshots/snapshot_28_1.0000","20465397","14","59","COMPLETED","0:0","00:13:51","14","0","/home/hersco/training_new_domains/2026-08-21/statistical_replication_stage2_training/20430430_Re-Tr_counters_counters_mcts_orig_vh_e.5_c.1_s1239739722_K0_SR10T_src20401271_e0080.txt","/home/hersco/training_new_domains/2026-08-21/statistical_replication_stage2_policy_eval/20465397_Ev_counters_counters_orig_vh_c.1_s1239739722_SR10P_src20430430_e0028.txt","/home/hersco/training_new_domains/2026-08-21/statistical_replication_stage2_policy_eval/20465397_Ev_counters_counters_orig_vh_c.1_s1239739722_SR10P_src20430430_e0028.txt","",""
"MAIN-VAL","counters","on","stage2","validation_selected","1472491096","20430431","0","/home/hersco/bershco-nu-asnets/numeric-asnets/asnets/experiment-results/experiments_numeric.domain.counters-experiments_numeric.architecture_2.counters_mcts-2026-08-21T19:39:01.191695/P[domain,fz_instance_4,inv_instance_4,rnd_instanc...]-S[0.0003,50,enhsp-hmrmax-astar]-MO[]-T[518400]-04906973-43e0a7a/snapshots/snapshot_0_1.0000","20465398","3","59","COMPLETED","0:0","00:15:00","3","0","/home/hersco/training_new_domains/2026-08-21/statistical_replication_stage2_training/20430431_Re-Tr_counters_counters_mcts_orig_vh_e.5_c.1_s1472491096_K0_SR10T_src20401272_e0018.txt","/home/hersco/training_new_domains/2026-08-21/statistical_replication_stage2_policy_eval/20465398_Ev_counters_counters_orig_vh_c.1_s1472491096_SR10P_src20430431_e0000.txt","/home/hersco/training_new_domains/2026-08-21/statistical_replication_stage2_policy_eval/20465398_Ev_counters_counters_orig_vh_c.1_s1472491096_SR10P_src20430431_e0000.txt","20575471","/home/hersco/training_new_domains/2026-08-26/statistical_replication_stage2_policy_eval/20575471_Ev_counters_counters_orig_vh_c.1_s1472491096_SR10P_src20430431_e0000.txt"
"MAIN-VAL","counters","on","stage2","validation_selected","1510771779","20430434","0","/home/hersco/bershco-nu-asnets/numeric-asnets/asnets/experiment-results/experiments_numeric.domain.counters-experiments_numeric.architecture_2.counters_mcts-2026-08-21T20:33:01.810821/P[domain,fz_instance_4,inv_instance_4,rnd_instanc...]-S[0.0003,50,enhsp-hmrmax-astar]-MO[]-T[518400]-04907027-17cc32a/snapshots/snapshot_0_1.0000","20465494","4","59","COMPLETED","0:0","00:12:07","4","0","/home/hersco/training_new_domains/2026-08-21/statistical_replication_stage2_training/20430434_Re-Tr_counters_counters_mcts_orig_vh_e.5_c.1_s1510771779_K0_SR10T_src20401275_e0041.txt","/home/hersco/training_new_domains/2026-08-21/statistical_replication_stage2_policy_eval/20465494_Ev_counters_counters_orig_vh_c.1_s1510771779_SR10P_src20430434_e0000.txt","/home/hersco/training_new_domains/2026-08-21/statistical_replication_stage2_policy_eval/20465494_Ev_counters_counters_orig_vh_c.1_s1510771779_SR10P_src20430434_e0000.txt","20575472","/home/hersco/training_new_domains/2026-08-26/statistical_replication_stage2_policy_eval/20575472_Ev_counters_counters_orig_vh_c.1_s1510771779_SR10P_src20430434_e0000.txt"
"MAIN-VAL","counters","on","stage2","validation_selected","1963100312","20430427","0","/home/hersco/bershco-nu-asnets/numeric-asnets/asnets/experiment-results/experiments_numeric.domain.counters-experiments_numeric.architecture_2.counters_mcts-2026-08-21T19:20:09.987511/P[domain,fz_instance_4,inv_instance_4,rnd_instanc...]-S[0.0003,50,enhsp-hmrmax-astar]-MO[]-T[518400]-04906954-2fc32f3/snapshots/snapshot_0_1.0000","20465252","3","59","COMPLETED","0:0","00:11:41","3","0","/home/hersco/training_new_domains/2026-08-21/statistical_replication_stage2_training/20430427_Re-Tr_counters_counters_mcts_orig_vh_e.5_c.1_s1963100312_K0_SR10T_src20401268_e0204.txt","/home/hersco/training_new_domains/2026-08-21/statistical_replication_stage2_policy_eval/20465252_Ev_counters_counters_orig_vh_c.1_s1963100312_SR10P_src20430427_e0000.txt","/home/hersco/training_new_domains/2026-08-21/statistical_replication_stage2_policy_eval/20465252_Ev_counters_counters_orig_vh_c.1_s1963100312_SR10P_src20430427_e0000.txt","20575470","/home/hersco/training_new_domains/2026-08-26/statistical_replication_stage2_policy_eval/20575470_Ev_counters_counters_orig_vh_c.1_s1963100312_SR10P_src20430427_e0000.txt"
"MAIN-VAL","counters","on","stage2","validation_selected","1972442430","20430436","30","/home/hersco/bershco-nu-asnets/numeric-asnets/asnets/experiment-results/experiments_numeric.domain.counters-experiments_numeric.architecture_2.counters_mcts-2026-08-21T20:58:34.672634/P[domain,fz_instance_4,inv_instance_4,rnd_instanc...]-S[0.0003,50,enhsp-hmrmax-astar]-MO[]-T[518400]-04907052-72aea46/snapshots/snapshot_30_1.0000","20488484","23","59","COMPLETED","0:0","00:10:03","23","0","/home/hersco/training_new_domains/2026-08-21/statistical_replication_stage2_training/20430436_Re-Tr_counters_counters_mcts_orig_vh_e.5_c.1_s1972442430_K0_SR10T_src20401277_e0001.txt","/home/hersco/training_new_domains/2026-08-22/statistical_replication_stage2_policy_eval/20488484_Ev_counters_counters_orig_vh_c.1_s1972442430_SR10P_src20430436_e0030.txt","/home/hersco/training_new_domains/2026-08-22/statistical_replication_stage2_policy_eval/20488484_Ev_counters_counters_orig_vh_c.1_s1972442430_SR10P_src20430436_e0030.txt","20575489","/home/hersco/training_new_domains/2026-08-26/statistical_replication_stage2_policy_eval/20575489_Ev_counters_counters_orig_vh_c.1_s1972442430_SR10P_src20430436_e0030.txt"
"MAIN-VAL","counters","on","stage2","validation_selected","2011206605","20430428","67","/home/hersco/bershco-nu-asnets/numeric-asnets/asnets/experiment-results/experiments_numeric.domain.counters-experiments_numeric.architecture_2.counters_mcts-2026-08-21T19:21:50.199840/P[domain,fz_instance_4,inv_instance_4,rnd_instanc...]-S[0.0003,50,enhsp-hmrmax-astar]-MO[]-T[518400]-04906955-067843/snapshots/snapshot_67_1.0000","20465349","7","59","COMPLETED","0:0","00:12:16","7","0","/home/hersco/training_new_domains/2026-08-21/statistical_replication_stage2_training/20430428_Re-Tr_counters_counters_mcts_orig_vh_e.5_c.1_s2011206605_K0_SR10T_src20401269_e0009.txt","/home/hersco/training_new_domains/2026-08-21/statistical_replication_stage2_policy_eval/20465349_Ev_counters_counters_orig_vh_c.1_s2011206605_SR10P_src20430428_e0067.txt","/home/hersco/training_new_domains/2026-08-21/statistical_replication_stage2_policy_eval/20465349_Ev_counters_counters_orig_vh_c.1_s2011206605_SR10P_src20430428_e0067.txt","",""
"MAIN-VAL","counters","on","stage2","validation_selected","2082152039","20430433","4","/home/hersco/bershco-nu-asnets/numeric-asnets/asnets/experiment-results/experiments_numeric.domain.counters-experiments_numeric.architecture_2.counters_mcts-2026-08-21T20:21:50.772166/P[domain,fz_instance_4,inv_instance_4,rnd_instanc...]-S[0.0003,50,enhsp-hmrmax-astar]-MO[]-T[518400]-04907015-faf7d6/snapshots/snapshot_4_1.0000","20465493","12","59","COMPLETED","0:0","00:11:03","12","0","/home/hersco/training_new_domains/2026-08-21/statistical_replication_stage2_training/20430433_Re-Tr_counters_counters_mcts_orig_vh_e.5_c.1_s2082152039_K0_SR10T_src20401274_e0097.txt","/home/hersco/training_new_domains/2026-08-21/statistical_replication_stage2_policy_eval/20465493_Ev_counters_counters_orig_vh_c.1_s2082152039_SR10P_src20430433_e0004.txt","/home/hersco/training_new_domains/2026-08-21/statistical_replication_stage2_policy_eval/20465493_Ev_counters_counters_orig_vh_c.1_s2082152039_SR10P_src20430433_e0004.txt","",""
"MAIN-VAL","drone","off","stage1","validation_selected","534933607","20401213","69","/home/hersco/bershco-nu-asnets/numeric-asnets/asnets/experiment-results/experiments_numeric.domain.drone-experiments_numeric.architecture_2.drone-2026-08-20T18:13:20.913938/P[domain,problem_1_1_4,problem_1_8_1,problem_8_1_...]-S[0.003,50,enhsp-hadd-astar]-MO[]-T[518400]-04905447-3c74d66/snapshots/snapshot_69_0.500","20450836","11","20","COMPLETED","0:0","00:03:04","11","0","/home/hersco/training_new_domains/2026-08-20/statistical_replication_stage1_10seed/20401213_Tr_drone_drone_orig_novh_c.1_s534933607_STATREP10_STAGE1.txt","/home/hersco/training_new_domains/2026-08-21/statistical_replication_stage1_policy_eval/20450836_Ev_drone_drone_orig_novh_c.1_s534933607_SR10P_src20401213_e0069.txt","/home/hersco/training_new_domains/2026-08-21/statistical_replication_stage1_policy_eval/20450836_Ev_drone_drone_orig_novh_c.1_s534933607_SR10P_src20401213_e0069.txt","",""
"MAIN-VAL","drone","off","stage1","validation_selected","923500475","20401216","1","/home/hersco/bershco-nu-asnets/numeric-asnets/asnets/experiment-results/experiments_numeric.domain.drone-experiments_numeric.architecture_2.drone-2026-08-20T18:13:20.913677/P[domain,problem_1_1_4,problem_1_8_1,problem_8_1_...]-S[0.003,50,enhsp-hadd-astar]-MO[]-T[518400]-04905447-5194f74/snapshots/snapshot_1_0.000","20425862","2","20","COMPLETED","0:0","00:05:14","2","0","/home/hersco/training_new_domains/2026-08-20/statistical_replication_stage1_10seed/20401216_Tr_drone_drone_orig_novh_c.1_s923500475_STATREP10_STAGE1.txt","/home/hersco/training_new_domains/2026-08-21/statistical_replication_stage1_policy_eval/20425862_Ev_drone_drone_orig_novh_c.1_s923500475_SR10P_src20401216_e0001.txt","/home/hersco/training_new_domains/2026-08-21/statistical_replication_stage1_policy_eval/20425862_Ev_drone_drone_orig_novh_c.1_s923500475_SR10P_src20401216_e0001.txt","",""
"MAIN-VAL","drone","off","stage1","validation_selected","1073581256","20401209","90","/home/hersco/bershco-nu-asnets/numeric-asnets/asnets/experiment-results/experiments_numeric.domain.drone-experiments_numeric.architecture_2.drone-2026-08-20T18:13:20.913241/P[domain,problem_1_1_4,problem_1_8_1,problem_8_1_...]-S[0.003,50,enhsp-hadd-astar]-MO[]-T[518400]-04905447-1247c09/snapshots/snapshot_90_0.625","20450765","5","20","COMPLETED","0:0","00:07:48","5","0","/home/hersco/training_new_domains/2026-08-20/statistical_replication_stage1_10seed/20401209_Tr_drone_drone_orig_novh_c.1_s1073581256_STATREP10_STAGE1.txt","/home/hersco/training_new_domains/2026-08-21/statistical_replication_stage1_policy_eval/20450765_Ev_drone_drone_orig_novh_c.1_s1073581256_SR10P_src20401209_e0090.txt","/home/hersco/training_new_domains/2026-08-21/statistical_replication_stage1_policy_eval/20450765_Ev_drone_drone_orig_novh_c.1_s1073581256_SR10P_src20401209_e0090.txt","",""
"MAIN-VAL","drone","off","stage1","validation_selected","1239739722","20401210","51","/home/hersco/bershco-nu-asnets/numeric-asnets/asnets/experiment-results/experiments_numeric.domain.drone-experiments_numeric.architecture_2.drone-2026-08-20T18:13:20.913253/P[domain,problem_1_1_4,problem_1_8_1,problem_8_1_...]-S[0.003,50,enhsp-hadd-astar]-MO[]-T[518400]-04905447-7d9a779/snapshots/snapshot_51_0.625","20425819","5","20","COMPLETED","0:0","00:03:17","5","0","/home/hersco/training_new_domains/2026-08-20/statistical_replication_stage1_10seed/20401210_Tr_drone_drone_orig_novh_c.1_s1239739722_STATREP10_STAGE1.txt","/home/hersco/training_new_domains/2026-08-21/statistical_replication_stage1_policy_eval/20425819_Ev_drone_drone_orig_novh_c.1_s1239739722_SR10P_src20401210_e0051.txt","/home/hersco/training_new_domains/2026-08-21/statistical_replication_stage1_policy_eval/20425819_Ev_drone_drone_orig_novh_c.1_s1239739722_SR10P_src20401210_e0051.txt","",""
"MAIN-VAL","drone","off","stage1","validation_selected","1472491096","20401212","92","/home/hersco/bershco-nu-asnets/numeric-asnets/asnets/experiment-results/experiments_numeric.domain.drone-experiments_numeric.architecture_2.drone-2026-08-20T18:13:20.913424/P[domain,problem_1_1_4,problem_1_8_1,problem_8_1_...]-S[0.003,50,enhsp-hadd-astar]-MO[]-T[518400]-04905447-43e0a7a/snapshots/snapshot_92_0.750","20450812","10","20","COMPLETED","0:0","00:04:48","10","0","/home/hersco/training_new_domains/2026-08-20/statistical_replication_stage1_10seed/20401212_Tr_drone_drone_orig_novh_c.1_s1472491096_STATREP10_STAGE1.txt","/home/hersco/training_new_domains/2026-08-21/statistical_replication_stage1_policy_eval/20450812_Ev_drone_drone_orig_novh_c.1_s1472491096_SR10P_src20401212_e0092.txt","/home/hersco/training_new_domains/2026-08-21/statistical_replication_stage1_policy_eval/20450812_Ev_drone_drone_orig_novh_c.1_s1472491096_SR10P_src20401212_e0092.txt","",""
"MAIN-VAL","drone","off","stage1","validation_selected","1510771779","20401215","16","/home/hersco/bershco-nu-asnets/numeric-asnets/asnets/experiment-results/experiments_numeric.domain.drone-experiments_numeric.architecture_2.drone-2026-08-20T18:13:20.913650/P[domain,problem_1_1_4,problem_1_8_1,problem_8_1_...]-S[0.003,50,enhsp-hadd-astar]-MO[]-T[518400]-04905447-17cc32a/snapshots/snapshot_16_0.250","20425851","3","20","COMPLETED","0:0","00:02:46","3","0","/home/hersco/training_new_domains/2026-08-20/statistical_replication_stage1_10seed/20401215_Tr_drone_drone_orig_novh_c.1_s1510771779_STATREP10_STAGE1.txt","/home/hersco/training_new_domains/2026-08-21/statistical_replication_stage1_policy_eval/20425851_Ev_drone_drone_orig_novh_c.1_s1510771779_SR10P_src20401215_e0016.txt","/home/hersco/training_new_domains/2026-08-21/statistical_replication_stage1_policy_eval/20425851_Ev_drone_drone_orig_novh_c.1_s1510771779_SR10P_src20401215_e0016.txt","",""
"MAIN-VAL","drone","off","stage1","validation_selected","1963100312","20401207","157","/home/hersco/bershco-nu-asnets/numeric-asnets/asnets/experiment-results/experiments_numeric.domain.drone-experiments_numeric.architecture_2.drone-2026-08-20T18:13:20.913251/P[domain,problem_1_1_4,problem_1_8_1,problem_8_1_...]-S[0.003,50,enhsp-hadd-astar]-MO[]-T[518400]-04905448-2fc32f3/snapshots/snapshot_157_0.375","20450747","11","20","COMPLETED","0:0","00:09:47","11","0","/home/hersco/training_new_domains/2026-08-20/statistical_replication_stage1_10seed/20401207_Tr_drone_drone_orig_novh_c.1_s1963100312_STATREP10_STAGE1.txt","/home/hersco/training_new_domains/2026-08-21/statistical_replication_stage1_policy_eval/20450747_Ev_drone_drone_orig_novh_c.1_s1963100312_SR10P_src20401207_e0157.txt","/home/hersco/training_new_domains/2026-08-21/statistical_replication_stage1_policy_eval/20450747_Ev_drone_drone_orig_novh_c.1_s1963100312_SR10P_src20401207_e0157.txt","",""
"MAIN-VAL","drone","off","stage1","validation_selected","1972442430","20401217","67","/home/hersco/bershco-nu-asnets/numeric-asnets/asnets/experiment-results/experiments_numeric.domain.drone-experiments_numeric.architecture_2.drone-2026-08-20T18:13:20.913374/P[domain,problem_1_1_4,problem_1_8_1,problem_8_1_...]-S[0.003,50,enhsp-hadd-astar]-MO[]-T[518400]-04905447-72aea46/snapshots/snapshot_67_0.500","20450904","3","20","COMPLETED","0:0","00:06:57","3","0","/home/hersco/training_new_domains/2026-08-20/statistical_replication_stage1_10seed/20401217_Tr_drone_drone_orig_novh_c.1_s1972442430_STATREP10_STAGE1.txt","/home/hersco/training_new_domains/2026-08-21/statistical_replication_stage1_policy_eval/20450904_Ev_drone_drone_orig_novh_c.1_s1972442430_SR10P_src20401217_e0067.txt","/home/hersco/training_new_domains/2026-08-21/statistical_replication_stage1_policy_eval/20450904_Ev_drone_drone_orig_novh_c.1_s1972442430_SR10P_src20401217_e0067.txt","",""
"MAIN-VAL","drone","off","stage1","validation_selected","2011206605","20401208","40","/home/hersco/bershco-nu-asnets/numeric-asnets/asnets/experiment-results/experiments_numeric.domain.drone-experiments_numeric.architecture_2.drone-2026-08-20T18:13:20.913255/P[domain,problem_1_1_4,problem_1_8_1,problem_8_1_...]-S[0.003,50,enhsp-hadd-astar]-MO[]-T[518400]-04905447-067843/snapshots/snapshot_40_0.375","20425786","5","20","COMPLETED","0:0","00:05:22","5","0","/home/hersco/training_new_domains/2026-08-20/statistical_replication_stage1_10seed/20401208_Tr_drone_drone_orig_novh_c.1_s2011206605_STATREP10_STAGE1.txt","/home/hersco/training_new_domains/2026-08-21/statistical_replication_stage1_policy_eval/20425786_Ev_drone_drone_orig_novh_c.1_s2011206605_SR10P_src20401208_e0040.txt","/home/hersco/training_new_domains/2026-08-21/statistical_replication_stage1_policy_eval/20425786_Ev_drone_drone_orig_novh_c.1_s2011206605_SR10P_src20401208_e0040.txt","",""
"MAIN-VAL","drone","off","stage1","validation_selected","2082152039","20401214","38","/home/hersco/bershco-nu-asnets/numeric-asnets/asnets/experiment-results/experiments_numeric.domain.drone-experiments_numeric.architecture_2.drone-2026-08-20T18:13:20.913671/P[domain,problem_1_1_4,problem_1_8_1,problem_8_1_...]-S[0.003,50,enhsp-hadd-astar]-MO[]-T[518400]-04905447-faf7d6/snapshots/snapshot_38_0.750","20425837","4","20","COMPLETED","0:0","00:03:27","4","0","/home/hersco/training_new_domains/2026-08-20/statistical_replication_stage1_10seed/20401214_Tr_drone_drone_orig_novh_c.1_s2082152039_STATREP10_STAGE1.txt","/home/hersco/training_new_domains/2026-08-21/statistical_replication_stage1_policy_eval/20425837_Ev_drone_drone_orig_novh_c.1_s2082152039_SR10P_src20401214_e0038.txt","/home/hersco/training_new_domains/2026-08-21/statistical_replication_stage1_policy_eval/20425837_Ev_drone_drone_orig_novh_c.1_s2082152039_SR10P_src20401214_e0038.txt","",""
"MAIN-VAL","drone","off","stage2","final","534933607","20451802","99","/home/hersco/bershco-nu-asnets/numeric-asnets/asnets/experiment-results/experiments_numeric.domain.drone-experiments_numeric.architecture_2.drone_mcts-2026-08-22T00:13:09.238008/P[domain,problem_1_1_4,problem_1_8_1,problem_8_1_...]-S[0.0003,50,enhsp-hadd-astar]-MO[]-T[518400]-04907247-3c74d66/snapshots/snapshot_99_1.0000","20489105","9","20","COMPLETED","0:0","00:02:54","9","0","/home/hersco/training_new_domains/2026-08-21/statistical_replication_stage2_training/20451802_Re-Tr_drone_drone_mcts_orig_novh_e.5_c.1_s534933607_K0_SR10T_src20401213_e0069.txt","/home/hersco/training_new_domains/2026-08-22/statistical_replication_stage2_policy_eval/20489105_Ev_drone_drone_orig_novh_c.1_s534933607_SR10P_src20451802_e0099.txt","/home/hersco/training_new_domains/2026-08-22/statistical_replication_stage2_policy_eval/20489105_Ev_drone_drone_orig_novh_c.1_s534933607_SR10P_src20451802_e0099.txt","",""
"MAIN-VAL","drone","off","stage2","final","923500475","20430376","99","/home/hersco/bershco-nu-asnets/numeric-asnets/asnets/experiment-results/experiments_numeric.domain.drone-experiments_numeric.architecture_2.drone_mcts-2026-08-21T11:19:10.725918/P[domain,problem_1_1_4,problem_1_8_1,problem_8_1_...]-S[0.0003,50,enhsp-hadd-astar]-MO[]-T[518400]-04906473-5194f74/snapshots/snapshot_99_0.3333","20464887","3","20","COMPLETED","0:0","00:09:35","3","0","/home/hersco/training_new_domains/2026-08-21/statistical_replication_stage2_training/20430376_Re-Tr_drone_drone_mcts_orig_novh_e.5_c.1_s923500475_K0_SR10T_src20401216_e0001.txt","/home/hersco/training_new_domains/2026-08-21/statistical_replication_stage2_policy_eval/20464887_Ev_drone_drone_orig_novh_c.1_s923500475_SR10P_src20430376_e0099.txt","/home/hersco/training_new_domains/2026-08-21/statistical_replication_stage2_policy_eval/20464887_Ev_drone_drone_orig_novh_c.1_s923500475_SR10P_src20430376_e0099.txt","",""
"MAIN-VAL","drone","off","stage2","final","1073581256","20451800","99","/home/hersco/bershco-nu-asnets/numeric-asnets/asnets/experiment-results/experiments_numeric.domain.drone-experiments_numeric.architecture_2.drone_mcts-2026-08-22T00:11:19.381068/P[domain,problem_1_1_4,problem_1_8_1,problem_8_1_...]-S[0.0003,50,enhsp-hadd-astar]-MO[]-T[518400]-04907245-1247c09/snapshots/snapshot_99_1.0000","20523245","10","20","COMPLETED","0:0","00:03:40","10","0","/home/hersco/training_new_domains/2026-08-21/statistical_replication_stage2_training/20451800_Re-Tr_drone_drone_mcts_orig_novh_e.5_c.1_s1073581256_K0_SR10T_src20401209_e0090.txt","/home/hersco/training_new_domains/2026-08-24/statistical_replication_stage2_policy_eval/20523245_Ev_drone_drone_orig_novh_c.1_s1073581256_SR10P_src20451800_e0099.txt","/home/hersco/training_new_domains/2026-08-24/statistical_replication_stage2_policy_eval/20523245_Ev_drone_drone_orig_novh_c.1_s1073581256_SR10P_src20451800_e0099.txt","",""
"MAIN-VAL","drone","off","stage2","final","1239739722","20430373","99","/home/hersco/bershco-nu-asnets/numeric-asnets/asnets/experiment-results/experiments_numeric.domain.drone-experiments_numeric.architecture_2.drone_mcts-2026-08-21T11:18:40.830117/P[domain,problem_1_1_4,problem_1_8_1,problem_8_1_...]-S[0.0003,50,enhsp-hadd-astar]-MO[]-T[518400]-04906472-7d9a779/snapshots/snapshot_99_0.6667","20464791","5","20","COMPLETED","0:0","00:03:37","5","0","/home/hersco/training_new_domains/2026-08-21/statistical_replication_stage2_training/20430373_Re-Tr_drone_drone_mcts_orig_novh_e.5_c.1_s1239739722_K0_SR10T_src20401210_e0051.txt","/home/hersco/training_new_domains/2026-08-21/statistical_replication_stage2_policy_eval/20464791_Ev_drone_drone_orig_novh_c.1_s1239739722_SR10P_src20430373_e0099.txt","/home/hersco/training_new_domains/2026-08-21/statistical_replication_stage2_policy_eval/20464791_Ev_drone_drone_orig_novh_c.1_s1239739722_SR10P_src20430373_e0099.txt","",""
"MAIN-VAL","drone","off","stage2","final","1472491096","20451801","99","/home/hersco/bershco-nu-asnets/numeric-asnets/asnets/experiment-results/experiments_numeric.domain.drone-experiments_numeric.architecture_2.drone_mcts-2026-08-22T00:12:48.809434/P[domain,problem_1_1_4,problem_1_8_1,problem_8_1_...]-S[0.0003,50,enhsp-hadd-astar]-MO[]-T[518400]-04907246-43e0a7a/snapshots/snapshot_99_1.0000","20523268","8","20","COMPLETED","0:0","00:03:32","8","0","/home/hersco/training_new_domains/2026-08-21/statistical_replication_stage2_training/20451801_Re-Tr_drone_drone_mcts_orig_novh_e.5_c.1_s1472491096_K0_SR10T_src20401212_e0092.txt","/home/hersco/training_new_domains/2026-08-24/statistical_replication_stage2_policy_eval/20523268_Ev_drone_drone_orig_novh_c.1_s1472491096_SR10P_src20451801_e0099.txt","/home/hersco/training_new_domains/2026-08-24/statistical_replication_stage2_policy_eval/20523268_Ev_drone_drone_orig_novh_c.1_s1472491096_SR10P_src20451801_e0099.txt","",""
"MAIN-VAL","drone","off","stage2","final","1510771779","20430375","99","/home/hersco/bershco-nu-asnets/numeric-asnets/asnets/experiment-results/experiments_numeric.domain.drone-experiments_numeric.architecture_2.drone_mcts-2026-08-21T11:18:20.177334/P[domain,problem_1_1_4,problem_1_8_1,problem_8_1_...]-S[0.0003,50,enhsp-hadd-astar]-MO[]-T[518400]-04906472-17cc32a/snapshots/snapshot_99_0.6667","20464864","6","20","COMPLETED","0:0","00:03:57","6","0","/home/hersco/training_new_domains/2026-08-21/statistical_replication_stage2_training/20430375_Re-Tr_drone_drone_mcts_orig_novh_e.5_c.1_s1510771779_K0_SR10T_src20401215_e0016.txt","/home/hersco/training_new_domains/2026-08-21/statistical_replication_stage2_policy_eval/20464864_Ev_drone_drone_orig_novh_c.1_s1510771779_SR10P_src20430375_e0099.txt","/home/hersco/training_new_domains/2026-08-21/statistical_replication_stage2_policy_eval/20464864_Ev_drone_drone_orig_novh_c.1_s1510771779_SR10P_src20430375_e0099.txt","",""
"MAIN-VAL","drone","off","stage2","final","1963100312","20451799","99","/home/hersco/bershco-nu-asnets/numeric-asnets/asnets/experiment-results/experiments_numeric.domain.drone-experiments_numeric.architecture_2.drone_mcts-2026-08-22T00:12:18.958336/P[domain,problem_1_1_4,problem_1_8_1,problem_8_1_...]-S[0.0003,50,enhsp-hadd-astar]-MO[]-T[518400]-04907246-2fc32f3/snapshots/snapshot_99_1.0000","20523224","6","20","COMPLETED","0:0","00:03:27","6","0","/home/hersco/training_new_domains/2026-08-21/statistical_replication_stage2_training/20451799_Re-Tr_drone_drone_mcts_orig_novh_e.5_c.1_s1963100312_K0_SR10T_src20401207_e0157.txt","/home/hersco/training_new_domains/2026-08-24/statistical_replication_stage2_policy_eval/20523224_Ev_drone_drone_orig_novh_c.1_s1963100312_SR10P_src20451799_e0099.txt","/home/hersco/training_new_domains/2026-08-24/statistical_replication_stage2_policy_eval/20523224_Ev_drone_drone_orig_novh_c.1_s1963100312_SR10P_src20451799_e0099.txt","",""
"MAIN-VAL","drone","off","stage2","final","1972442430","20451803","99","/home/hersco/bershco-nu-asnets/numeric-asnets/asnets/experiment-results/experiments_numeric.domain.drone-experiments_numeric.architecture_2.drone_mcts-2026-08-22T00:13:08.159049/P[domain,problem_1_1_4,problem_1_8_1,problem_8_1_...]-S[0.0003,50,enhsp-hadd-astar]-MO[]-T[518400]-04907247-72aea46/snapshots/snapshot_99_1.0000","20489128","6","20","COMPLETED","0:0","00:03:18","6","0","/home/hersco/training_new_domains/2026-08-21/statistical_replication_stage2_training/20451803_Re-Tr_drone_drone_mcts_orig_novh_e.5_c.1_s1972442430_K0_SR10T_src20401217_e0067.txt","/home/hersco/training_new_domains/2026-08-22/statistical_replication_stage2_policy_eval/20489128_Ev_drone_drone_orig_novh_c.1_s1972442430_SR10P_src20451803_e0099.txt","/home/hersco/training_new_domains/2026-08-22/statistical_replication_stage2_policy_eval/20489128_Ev_drone_drone_orig_novh_c.1_s1972442430_SR10P_src20451803_e0099.txt","",""
"MAIN-VAL","drone","off","stage2","final","2011206605","20430372","99","/home/hersco/bershco-nu-asnets/numeric-asnets/asnets/experiment-results/experiments_numeric.domain.drone-experiments_numeric.architecture_2.drone_mcts-2026-08-21T11:18:00.825424/P[domain,problem_1_1_4,problem_1_8_1,problem_8_1_...]-S[0.0003,50,enhsp-hadd-astar]-MO[]-T[518400]-04906472-067843/snapshots/snapshot_99_0.6667","20464767","5","20","COMPLETED","0:0","00:02:37","5","0","/home/hersco/training_new_domains/2026-08-21/statistical_replication_stage2_training/20430372_Re-Tr_drone_drone_mcts_orig_novh_e.5_c.1_s2011206605_K0_SR10T_src20401208_e0040.txt","/home/hersco/training_new_domains/2026-08-21/statistical_replication_stage2_policy_eval/20464767_Ev_drone_drone_orig_novh_c.1_s2011206605_SR10P_src20430372_e0099.txt","/home/hersco/training_new_domains/2026-08-21/statistical_replication_stage2_policy_eval/20464767_Ev_drone_drone_orig_novh_c.1_s2011206605_SR10P_src20430372_e0099.txt","",""
"MAIN-VAL","drone","off","stage2","final","2082152039","20430374","99","/home/hersco/bershco-nu-asnets/numeric-asnets/asnets/experiment-results/experiments_numeric.domain.drone-experiments_numeric.architecture_2.drone_mcts-2026-08-21T11:18:15.102993/P[domain,problem_1_1_4,problem_1_8_1,problem_8_1_...]-S[0.0003,50,enhsp-hadd-astar]-MO[]-T[518400]-04906472-faf7d6/snapshots/snapshot_99_1.0000","20464814","7","20","COMPLETED","0:0","00:08:00","7","0","/home/hersco/training_new_domains/2026-08-21/statistical_replication_stage2_training/20430374_Re-Tr_drone_drone_mcts_orig_novh_e.5_c.1_s2082152039_K0_SR10T_src20401214_e0038.txt","/home/hersco/training_new_domains/2026-08-21/statistical_replication_stage2_policy_eval/20464814_Ev_drone_drone_orig_novh_c.1_s2082152039_SR10P_src20430374_e0099.txt","/home/hersco/training_new_domains/2026-08-21/statistical_replication_stage2_policy_eval/20464814_Ev_drone_drone_orig_novh_c.1_s2082152039_SR10P_src20430374_e0099.txt","",""
"MAIN-VAL","drone","off","stage2","validation_selected","534933607","20451802","63","/home/hersco/bershco-nu-asnets/numeric-asnets/asnets/experiment-results/experiments_numeric.domain.drone-experiments_numeric.architecture_2.drone_mcts-2026-08-22T00:13:09.238008/P[domain,problem_1_1_4,problem_1_8_1,problem_8_1_...]-S[0.0003,50,enhsp-hadd-astar]-MO[]-T[518400]-04907247-3c74d66/snapshots/snapshot_63_1.0000","20489106","8","20","COMPLETED","0:0","00:03:41","8","0","/home/hersco/training_new_domains/2026-08-21/statistical_replication_stage2_training/20451802_Re-Tr_drone_drone_mcts_orig_novh_e.5_c.1_s534933607_K0_SR10T_src20401213_e0069.txt","/home/hersco/training_new_domains/2026-08-22/statistical_replication_stage2_policy_eval/20489106_Ev_drone_drone_orig_novh_c.1_s534933607_SR10P_src20451802_e0063.txt","/home/hersco/training_new_domains/2026-08-22/statistical_replication_stage2_policy_eval/20489106_Ev_drone_drone_orig_novh_c.1_s534933607_SR10P_src20451802_e0063.txt","",""
"MAIN-VAL","drone","off","stage2","validation_selected","923500475","20430376","16","/home/hersco/bershco-nu-asnets/numeric-asnets/asnets/experiment-results/experiments_numeric.domain.drone-experiments_numeric.architecture_2.drone_mcts-2026-08-21T11:19:10.725918/P[domain,problem_1_1_4,problem_1_8_1,problem_8_1_...]-S[0.0003,50,enhsp-hadd-astar]-MO[]-T[518400]-04906473-5194f74/snapshots/snapshot_16_0.6667","20464888","3","20","COMPLETED","0:0","00:02:54","3","0","/home/hersco/training_new_domains/2026-08-21/statistical_replication_stage2_training/20430376_Re-Tr_drone_drone_mcts_orig_novh_e.5_c.1_s923500475_K0_SR10T_src20401216_e0001.txt","/home/hersco/training_new_domains/2026-08-21/statistical_replication_stage2_policy_eval/20464888_Ev_drone_drone_orig_novh_c.1_s923500475_SR10P_src20430376_e0016.txt","/home/hersco/training_new_domains/2026-08-21/statistical_replication_stage2_policy_eval/20464888_Ev_drone_drone_orig_novh_c.1_s923500475_SR10P_src20430376_e0016.txt","",""
"MAIN-VAL","drone","off","stage2","validation_selected","1073581256","20451800","14","/home/hersco/bershco-nu-asnets/numeric-asnets/asnets/experiment-results/experiments_numeric.domain.drone-experiments_numeric.architecture_2.drone_mcts-2026-08-22T00:11:19.381068/P[domain,problem_1_1_4,problem_1_8_1,problem_8_1_...]-S[0.0003,50,enhsp-hadd-astar]-MO[]-T[518400]-04907245-1247c09/snapshots/snapshot_14_1.0000","20523246","12","20","COMPLETED","0:0","00:05:20","12","0","/home/hersco/training_new_domains/2026-08-21/statistical_replication_stage2_training/20451800_Re-Tr_drone_drone_mcts_orig_novh_e.5_c.1_s1073581256_K0_SR10T_src20401209_e0090.txt","/home/hersco/training_new_domains/2026-08-24/statistical_replication_stage2_policy_eval/20523246_Ev_drone_drone_orig_novh_c.1_s1073581256_SR10P_src20451800_e0014.txt","/home/hersco/training_new_domains/2026-08-24/statistical_replication_stage2_policy_eval/20523246_Ev_drone_drone_orig_novh_c.1_s1073581256_SR10P_src20451800_e0014.txt","",""
"MAIN-VAL","drone","off","stage2","validation_selected","1239739722","20430373","56","/home/hersco/bershco-nu-asnets/numeric-asnets/asnets/experiment-results/experiments_numeric.domain.drone-experiments_numeric.architecture_2.drone_mcts-2026-08-21T11:18:40.830117/P[domain,problem_1_1_4,problem_1_8_1,problem_8_1_...]-S[0.0003,50,enhsp-hadd-astar]-MO[]-T[518400]-04906472-7d9a779/snapshots/snapshot_56_1.0000","20464792","4","20","COMPLETED","0:0","00:03:34","4","0","/home/hersco/training_new_domains/2026-08-21/statistical_replication_stage2_training/20430373_Re-Tr_drone_drone_mcts_orig_novh_e.5_c.1_s1239739722_K0_SR10T_src20401210_e0051.txt","/home/hersco/training_new_domains/2026-08-21/statistical_replication_stage2_policy_eval/20464792_Ev_drone_drone_orig_novh_c.1_s1239739722_SR10P_src20430373_e0056.txt","/home/hersco/training_new_domains/2026-08-21/statistical_replication_stage2_policy_eval/20464792_Ev_drone_drone_orig_novh_c.1_s1239739722_SR10P_src20430373_e0056.txt","",""
"MAIN-VAL","drone","off","stage2","validation_selected","1472491096","20451801","14","/home/hersco/bershco-nu-asnets/numeric-asnets/asnets/experiment-results/experiments_numeric.domain.drone-experiments_numeric.architecture_2.drone_mcts-2026-08-22T00:12:48.809434/P[domain,problem_1_1_4,problem_1_8_1,problem_8_1_...]-S[0.0003,50,enhsp-hadd-astar]-MO[]-T[518400]-04907246-43e0a7a/snapshots/snapshot_14_1.0000","20523269","12","20","COMPLETED","0:0","00:10:48","12","0","/home/hersco/training_new_domains/2026-08-21/statistical_replication_stage2_training/20451801_Re-Tr_drone_drone_mcts_orig_novh_e.5_c.1_s1472491096_K0_SR10T_src20401212_e0092.txt","/home/hersco/training_new_domains/2026-08-24/statistical_replication_stage2_policy_eval/20523269_Ev_drone_drone_orig_novh_c.1_s1472491096_SR10P_src20451801_e0014.txt","/home/hersco/training_new_domains/2026-08-24/statistical_replication_stage2_policy_eval/20523269_Ev_drone_drone_orig_novh_c.1_s1472491096_SR10P_src20451801_e0014.txt","",""
"MAIN-VAL","drone","off","stage2","validation_selected","1510771779","20430375","0","/home/hersco/bershco-nu-asnets/numeric-asnets/asnets/experiment-results/experiments_numeric.domain.drone-experiments_numeric.architecture_2.drone_mcts-2026-08-21T11:18:20.177334/P[domain,problem_1_1_4,problem_1_8_1,problem_8_1_...]-S[0.0003,50,enhsp-hadd-astar]-MO[]-T[518400]-04906472-17cc32a/snapshots/snapshot_0_1.0000","20464816","3","20","COMPLETED","0:0","00:04:30","3","0","/home/hersco/training_new_domains/2026-08-21/statistical_replication_stage2_training/20430375_Re-Tr_drone_drone_mcts_orig_novh_e.5_c.1_s1510771779_K0_SR10T_src20401215_e0016.txt","/home/hersco/training_new_domains/2026-08-21/statistical_replication_stage2_policy_eval/20464816_Ev_drone_drone_orig_novh_c.1_s1510771779_SR10P_src20430375_e0000.txt","/home/hersco/training_new_domains/2026-08-21/statistical_replication_stage2_policy_eval/20464816_Ev_drone_drone_orig_novh_c.1_s1510771779_SR10P_src20430375_e0000.txt","20575464","/home/hersco/training_new_domains/2026-08-26/statistical_replication_stage2_policy_eval/20575464_Ev_drone_drone_orig_novh_c.1_s1510771779_SR10P_src20430375_e0000.txt"
"MAIN-VAL","drone","off","stage2","validation_selected","1963100312","20451799","10","/home/hersco/bershco-nu-asnets/numeric-asnets/asnets/experiment-results/experiments_numeric.domain.drone-experiments_numeric.architecture_2.drone_mcts-2026-08-22T00:12:18.958336/P[domain,problem_1_1_4,problem_1_8_1,problem_8_1_...]-S[0.0003,50,enhsp-hadd-astar]-MO[]-T[518400]-04907246-2fc32f3/snapshots/snapshot_10_1.0000","20523202","9","20","COMPLETED","0:0","00:05:42","9","0","/home/hersco/training_new_domains/2026-08-21/statistical_replication_stage2_training/20451799_Re-Tr_drone_drone_mcts_orig_novh_e.5_c.1_s1963100312_K0_SR10T_src20401207_e0157.txt","/home/hersco/training_new_domains/2026-08-24/statistical_replication_stage2_policy_eval/20523202_Ev_drone_drone_orig_novh_c.1_s1963100312_SR10P_src20451799_e0010.txt","/home/hersco/training_new_domains/2026-08-24/statistical_replication_stage2_policy_eval/20523202_Ev_drone_drone_orig_novh_c.1_s1963100312_SR10P_src20451799_e0010.txt","20575494","/home/hersco/training_new_domains/2026-08-26/statistical_replication_stage2_policy_eval/20575494_Ev_drone_drone_orig_novh_c.1_s1963100312_SR10P_src20451799_e0010.txt"
"MAIN-VAL","drone","off","stage2","validation_selected","1972442430","20451803","92","/home/hersco/bershco-nu-asnets/numeric-asnets/asnets/experiment-results/experiments_numeric.domain.drone-experiments_numeric.architecture_2.drone_mcts-2026-08-22T00:13:08.159049/P[domain,problem_1_1_4,problem_1_8_1,problem_8_1_...]-S[0.0003,50,enhsp-hadd-astar]-MO[]-T[518400]-04907247-72aea46/snapshots/snapshot_92_1.0000","20489129","6","20","COMPLETED","0:0","00:02:40","6","0","/home/hersco/training_new_domains/2026-08-21/statistical_replication_stage2_training/20451803_Re-Tr_drone_drone_mcts_orig_novh_e.5_c.1_s1972442430_K0_SR10T_src20401217_e0067.txt","/home/hersco/training_new_domains/2026-08-22/statistical_replication_stage2_policy_eval/20489129_Ev_drone_drone_orig_novh_c.1_s1972442430_SR10P_src20451803_e0092.txt","/home/hersco/training_new_domains/2026-08-22/statistical_replication_stage2_policy_eval/20489129_Ev_drone_drone_orig_novh_c.1_s1972442430_SR10P_src20451803_e0092.txt","",""
"MAIN-VAL","drone","off","stage2","validation_selected","2011206605","20430372","1","/home/hersco/bershco-nu-asnets/numeric-asnets/asnets/experiment-results/experiments_numeric.domain.drone-experiments_numeric.architecture_2.drone_mcts-2026-08-21T11:18:00.825424/P[domain,problem_1_1_4,problem_1_8_1,problem_8_1_...]-S[0.0003,50,enhsp-hadd-astar]-MO[]-T[518400]-04906472-067843/snapshots/snapshot_1_1.0000","20464768","4","20","COMPLETED","0:0","00:04:43","4","0","/home/hersco/training_new_domains/2026-08-21/statistical_replication_stage2_training/20430372_Re-Tr_drone_drone_mcts_orig_novh_e.5_c.1_s2011206605_K0_SR10T_src20401208_e0040.txt","/home/hersco/training_new_domains/2026-08-21/statistical_replication_stage2_policy_eval/20464768_Ev_drone_drone_orig_novh_c.1_s2011206605_SR10P_src20430372_e0001.txt","/home/hersco/training_new_domains/2026-08-21/statistical_replication_stage2_policy_eval/20464768_Ev_drone_drone_orig_novh_c.1_s2011206605_SR10P_src20430372_e0001.txt","",""
"MAIN-VAL","drone","off","stage2","validation_selected","2082152039","20430374","1","/home/hersco/bershco-nu-asnets/numeric-asnets/asnets/experiment-results/experiments_numeric.domain.drone-experiments_numeric.architecture_2.drone_mcts-2026-08-21T11:18:15.102993/P[domain,problem_1_1_4,problem_1_8_1,problem_8_1_...]-S[0.0003,50,enhsp-hadd-astar]-MO[]-T[518400]-04906472-faf7d6/snapshots/snapshot_1_1.0000","20464815","6","20","COMPLETED","0:0","00:05:06","6","0","/home/hersco/training_new_domains/2026-08-21/statistical_replication_stage2_training/20430374_Re-Tr_drone_drone_mcts_orig_novh_e.5_c.1_s2082152039_K0_SR10T_src20401214_e0038.txt","/home/hersco/training_new_domains/2026-08-21/statistical_replication_stage2_policy_eval/20464815_Ev_drone_drone_orig_novh_c.1_s2082152039_SR10P_src20430374_e0001.txt","/home/hersco/training_new_domains/2026-08-21/statistical_replication_stage2_policy_eval/20464815_Ev_drone_drone_orig_novh_c.1_s2082152039_SR10P_src20430374_e0001.txt","",""
"MAIN-VAL","drone","on","stage1","validation_selected","534933607","20401202","161","/home/hersco/bershco-nu-asnets/numeric-asnets/asnets/experiment-results/experiments_numeric.domain.drone-experiments_numeric.architecture_2.drone-2026-08-20T18:13:54.901707/P[domain,problem_1_1_4,problem_1_8_1,problem_8_1_...]-S[0.003,50,enhsp-hadd-astar]-MO[]-T[518400]-04905448-3c74d66/snapshots/snapshot_161_0.500","20450651","11","20","COMPLETED","0:0","00:03:25","11","0","/home/hersco/training_new_domains/2026-08-20/statistical_replication_stage1_10seed/20401202_Tr_drone_drone_orig_vh_c.1_s534933607_STATREP10_STAGE1.txt","/home/hersco/training_new_domains/2026-08-21/statistical_replication_stage1_policy_eval/20450651_Ev_drone_drone_orig_vh_c.1_s534933607_SR10P_src20401202_e0161.txt","/home/hersco/training_new_domains/2026-08-21/statistical_replication_stage1_policy_eval/20450651_Ev_drone_drone_orig_vh_c.1_s534933607_SR10P_src20401202_e0161.txt","",""
"MAIN-VAL","drone","on","stage1","validation_selected","923500475","20401205","103","/home/hersco/bershco-nu-asnets/numeric-asnets/asnets/experiment-results/experiments_numeric.domain.drone-experiments_numeric.architecture_2.drone-2026-08-20T18:13:54.901713/P[domain,problem_1_1_4,problem_1_8_1,problem_8_1_...]-S[0.003,50,enhsp-hadd-astar]-MO[]-T[518400]-04905448-5194f74/snapshots/snapshot_103_0.625","20450683","4","20","COMPLETED","0:0","00:02:58","4","0","/home/hersco/training_new_domains/2026-08-20/statistical_replication_stage1_10seed/20401205_Tr_drone_drone_orig_vh_c.1_s923500475_STATREP10_STAGE1.txt","/home/hersco/training_new_domains/2026-08-21/statistical_replication_stage1_policy_eval/20450683_Ev_drone_drone_orig_vh_c.1_s923500475_SR10P_src20401205_e0103.txt","/home/hersco/training_new_domains/2026-08-21/statistical_replication_stage1_policy_eval/20450683_Ev_drone_drone_orig_vh_c.1_s923500475_SR10P_src20401205_e0103.txt","",""
"MAIN-VAL","drone","on","stage1","validation_selected","1073581256","20401199","118","/home/hersco/bershco-nu-asnets/numeric-asnets/asnets/experiment-results/experiments_numeric.domain.drone-experiments_numeric.architecture_2.drone-2026-08-20T18:13:54.901712/P[domain,problem_1_1_4,problem_1_8_1,problem_8_1_...]-S[0.003,50,enhsp-hadd-astar]-MO[]-T[518400]-04905448-1247c09/snapshots/snapshot_118_0.750","20431837","7","20","COMPLETED","0:0","00:03:47","7","0","/home/hersco/training_new_domains/2026-08-20/statistical_replication_stage1_10seed/20401199_Tr_drone_drone_orig_vh_c.1_s1073581256_STATREP10_STAGE1.txt","/home/hersco/training_new_domains/2026-08-21/statistical_replication_stage1_policy_eval/20431837_Ev_drone_drone_orig_vh_c.1_s1073581256_SR10P_src20401199_e0118.txt","/home/hersco/training_new_domains/2026-08-21/statistical_replication_stage1_policy_eval/20431837_Ev_drone_drone_orig_vh_c.1_s1073581256_SR10P_src20401199_e0118.txt","",""
"MAIN-VAL","drone","on","stage1","validation_selected","1239739722","20401200","23","/home/hersco/bershco-nu-asnets/numeric-asnets/asnets/experiment-results/experiments_numeric.domain.drone-experiments_numeric.architecture_2.drone-2026-08-20T18:13:54.901932/P[domain,problem_1_1_4,problem_1_8_1,problem_8_1_...]-S[0.003,50,enhsp-hadd-astar]-MO[]-T[518400]-04905448-7d9a779/snapshots/snapshot_23_0.375","20425441","3","20","COMPLETED","0:0","00:02:27","3","0","/home/hersco/training_new_domains/2026-08-20/statistical_replication_stage1_10seed/20401200_Tr_drone_drone_orig_vh_c.1_s1239739722_STATREP10_STAGE1.txt","/home/hersco/training_new_domains/2026-08-21/statistical_replication_stage1_policy_eval/20425441_Ev_drone_drone_orig_vh_c.1_s1239739722_SR10P_src20401200_e0023.txt","/home/hersco/training_new_domains/2026-08-21/statistical_replication_stage1_policy_eval/20425441_Ev_drone_drone_orig_vh_c.1_s1239739722_SR10P_src20401200_e0023.txt","",""
"MAIN-VAL","drone","on","stage1","validation_selected","1472491096","20401201","21","/home/hersco/bershco-nu-asnets/numeric-asnets/asnets/experiment-results/experiments_numeric.domain.drone-experiments_numeric.architecture_2.drone-2026-08-20T18:13:54.901716/P[domain,problem_1_1_4,problem_1_8_1,problem_8_1_...]-S[0.003,50,enhsp-hadd-astar]-MO[]-T[518400]-04905448-43e0a7a/snapshots/snapshot_21_0.500","20425477","4","20","COMPLETED","0:0","00:03:09","4","0","/home/hersco/training_new_domains/2026-08-20/statistical_replication_stage1_10seed/20401201_Tr_drone_drone_orig_vh_c.1_s1472491096_STATREP10_STAGE1.txt","/home/hersco/training_new_domains/2026-08-21/statistical_replication_stage1_policy_eval/20425477_Ev_drone_drone_orig_vh_c.1_s1472491096_SR10P_src20401201_e0021.txt","/home/hersco/training_new_domains/2026-08-21/statistical_replication_stage1_policy_eval/20425477_Ev_drone_drone_orig_vh_c.1_s1472491096_SR10P_src20401201_e0021.txt","",""
"MAIN-VAL","drone","on","stage1","validation_selected","1510771779","20401204","14","/home/hersco/bershco-nu-asnets/numeric-asnets/asnets/experiment-results/experiments_numeric.domain.drone-experiments_numeric.architecture_2.drone-2026-08-20T18:13:54.902077/P[domain,problem_1_1_4,problem_1_8_1,problem_8_1_...]-S[0.003,50,enhsp-hadd-astar]-MO[]-T[518400]-04905448-17cc32a/snapshots/snapshot_14_0.625","20425545","5","20","COMPLETED","0:0","00:02:55","5","0","/home/hersco/training_new_domains/2026-08-20/statistical_replication_stage1_10seed/20401204_Tr_drone_drone_orig_vh_c.1_s1510771779_STATREP10_STAGE1.txt","/home/hersco/training_new_domains/2026-08-21/statistical_replication_stage1_policy_eval/20425545_Ev_drone_drone_orig_vh_c.1_s1510771779_SR10P_src20401204_e0014.txt","/home/hersco/training_new_domains/2026-08-21/statistical_replication_stage1_policy_eval/20425545_Ev_drone_drone_orig_vh_c.1_s1510771779_SR10P_src20401204_e0014.txt","",""
"MAIN-VAL","drone","on","stage1","validation_selected","1963100312","20401197","1","/home/hersco/bershco-nu-asnets/numeric-asnets/asnets/experiment-results/experiments_numeric.domain.drone-experiments_numeric.architecture_2.drone-2026-08-20T18:13:03.547361/P[domain,problem_1_1_4,problem_1_8_1,problem_8_1_...]-S[0.003,50,enhsp-hadd-astar]-MO[]-T[518400]-04905447-2fc32f3/snapshots/snapshot_1_0.000","20425373","2","20","COMPLETED","0:0","00:02:58","2","0","/home/hersco/training_new_domains/2026-08-20/statistical_replication_stage1_10seed/20401197_Tr_drone_drone_orig_vh_c.1_s1963100312_STATREP10_STAGE1.txt","/home/hersco/training_new_domains/2026-08-21/statistical_replication_stage1_policy_eval/20425373_Ev_drone_drone_orig_vh_c.1_s1963100312_SR10P_src20401197_e0001.txt","/home/hersco/training_new_domains/2026-08-21/statistical_replication_stage1_policy_eval/20425373_Ev_drone_drone_orig_vh_c.1_s1963100312_SR10P_src20401197_e0001.txt","",""
"MAIN-VAL","drone","on","stage1","validation_selected","1972442430","20401206","21","/home/hersco/bershco-nu-asnets/numeric-asnets/asnets/experiment-results/experiments_numeric.domain.drone-experiments_numeric.architecture_2.drone-2026-08-20T18:13:54.903361/P[domain,problem_1_1_4,problem_1_8_1,problem_8_1_...]-S[0.003,50,enhsp-hadd-astar]-MO[]-T[518400]-04905448-72aea46/snapshots/snapshot_21_0.625","20425563","4","20","COMPLETED","0:0","00:02:50","4","0","/home/hersco/training_new_domains/2026-08-20/statistical_replication_stage1_10seed/20401206_Tr_drone_drone_orig_vh_c.1_s1972442430_STATREP10_STAGE1.txt","/home/hersco/training_new_domains/2026-08-21/statistical_replication_stage1_policy_eval/20425563_Ev_drone_drone_orig_vh_c.1_s1972442430_SR10P_src20401206_e0021.txt","/home/hersco/training_new_domains/2026-08-21/statistical_replication_stage1_policy_eval/20425563_Ev_drone_drone_orig_vh_c.1_s1972442430_SR10P_src20401206_e0021.txt","",""
"MAIN-VAL","drone","on","stage1","validation_selected","2011206605","20401198","19","/home/hersco/bershco-nu-asnets/numeric-asnets/asnets/experiment-results/experiments_numeric.domain.drone-experiments_numeric.architecture_2.drone-2026-08-20T18:13:03.540334/P[domain,problem_1_1_4,problem_1_8_1,problem_8_1_...]-S[0.003,50,enhsp-hadd-astar]-MO[]-T[518400]-04905447-067843/snapshots/snapshot_19_0.500","20425406","6","20","COMPLETED","0:0","00:03:15","6","0","/home/hersco/training_new_domains/2026-08-20/statistical_replication_stage1_10seed/20401198_Tr_drone_drone_orig_vh_c.1_s2011206605_STATREP10_STAGE1.txt","/home/hersco/training_new_domains/2026-08-21/statistical_replication_stage1_policy_eval/20425406_Ev_drone_drone_orig_vh_c.1_s2011206605_SR10P_src20401198_e0019.txt","/home/hersco/training_new_domains/2026-08-21/statistical_replication_stage1_policy_eval/20425406_Ev_drone_drone_orig_vh_c.1_s2011206605_SR10P_src20401198_e0019.txt","",""
"MAIN-VAL","drone","on","stage1","validation_selected","2082152039","20401203","26","/home/hersco/bershco-nu-asnets/numeric-asnets/asnets/experiment-results/experiments_numeric.domain.drone-experiments_numeric.architecture_2.drone-2026-08-20T18:13:54.901736/P[domain,problem_1_1_4,problem_1_8_1,problem_8_1_...]-S[0.003,50,enhsp-hadd-astar]-MO[]-T[518400]-04905448-faf7d6/snapshots/snapshot_26_0.500","20425515","5","20","COMPLETED","0:0","00:02:44","5","0","/home/hersco/training_new_domains/2026-08-20/statistical_replication_stage1_10seed/20401203_Tr_drone_drone_orig_vh_c.1_s2082152039_STATREP10_STAGE1.txt","/home/hersco/training_new_domains/2026-08-21/statistical_replication_stage1_policy_eval/20425515_Ev_drone_drone_orig_vh_c.1_s2082152039_SR10P_src20401203_e0026.txt","/home/hersco/training_new_domains/2026-08-21/statistical_replication_stage1_policy_eval/20425515_Ev_drone_drone_orig_vh_c.1_s2082152039_SR10P_src20401203_e0026.txt","",""
"MAIN-VAL","drone","on","stage2","final","534933607","20451797","99","/home/hersco/bershco-nu-asnets/numeric-asnets/asnets/experiment-results/experiments_numeric.domain.drone-experiments_numeric.architecture_2.drone_mcts-2026-08-22T00:09:39.026625/P[domain,problem_1_1_4,problem_1_8_1,problem_8_1_...]-S[0.0003,50,enhsp-hadd-astar]-MO[]-T[518400]-04907243-3c74d66/snapshots/snapshot_99_1.0000","20523197","9","20","COMPLETED","0:0","00:07:13","9","0","/home/hersco/training_new_domains/2026-08-21/statistical_replication_stage2_training/20451797_Re-Tr_drone_drone_mcts_orig_vh_e.5_c.1_s534933607_K0_SR10T_src20401202_e0161.txt","/home/hersco/training_new_domains/2026-08-24/statistical_replication_stage2_policy_eval/20523197_Ev_drone_drone_orig_vh_c.1_s534933607_SR10P_src20451797_e0099.txt","/home/hersco/training_new_domains/2026-08-24/statistical_replication_stage2_policy_eval/20523197_Ev_drone_drone_orig_vh_c.1_s534933607_SR10P_src20451797_e0099.txt","",""
"MAIN-VAL","drone","on","stage2","final","923500475","20451798","99","/home/hersco/bershco-nu-asnets/numeric-asnets/asnets/experiment-results/experiments_numeric.domain.drone-experiments_numeric.architecture_2.drone_mcts-2026-08-22T00:11:35.222555/P[domain,problem_1_1_4,problem_1_8_1,problem_8_1_...]-S[0.0003,50,enhsp-hadd-astar]-MO[]-T[518400]-04907245-5194f74/snapshots/snapshot_99_1.0000","20488529","7","20","COMPLETED","0:0","00:02:18","7","0","/home/hersco/training_new_domains/2026-08-21/statistical_replication_stage2_training/20451798_Re-Tr_drone_drone_mcts_orig_vh_e.5_c.1_s923500475_K0_SR10T_src20401205_e0103.txt","/home/hersco/training_new_domains/2026-08-22/statistical_replication_stage2_policy_eval/20488529_Ev_drone_drone_orig_vh_c.1_s923500475_SR10P_src20451798_e0099.txt","/home/hersco/training_new_domains/2026-08-22/statistical_replication_stage2_policy_eval/20488529_Ev_drone_drone_orig_vh_c.1_s923500475_SR10P_src20451798_e0099.txt","",""
"MAIN-VAL","drone","on","stage2","final","1073581256","20431946","99","/home/hersco/bershco-nu-asnets/numeric-asnets/asnets/experiment-results/experiments_numeric.domain.drone-experiments_numeric.architecture_2.drone_mcts-2026-08-21T21:29:25.389314/P[domain,problem_1_1_4,problem_1_8_1,problem_8_1_...]-S[0.0003,50,enhsp-hadd-astar]-MO[]-T[518400]-04907083-1247c09/snapshots/snapshot_99_1.0000","20489084","8","20","COMPLETED","0:0","00:03:49","8","0","/home/hersco/training_new_domains/2026-08-21/statistical_replication_stage2_training/20431946_Re-Tr_drone_drone_mcts_orig_vh_e.5_c.1_s1073581256_K0_SR10T_src20401199_e0118.txt","/home/hersco/training_new_domains/2026-08-22/statistical_replication_stage2_policy_eval/20489084_Ev_drone_drone_orig_vh_c.1_s1073581256_SR10P_src20431946_e0099.txt","/home/hersco/training_new_domains/2026-08-22/statistical_replication_stage2_policy_eval/20489084_Ev_drone_drone_orig_vh_c.1_s1073581256_SR10P_src20431946_e0099.txt","",""
"MAIN-VAL","drone","on","stage2","final","1239739722","20430367","99","/home/hersco/bershco-nu-asnets/numeric-asnets/asnets/experiment-results/experiments_numeric.domain.drone-experiments_numeric.architecture_2.drone_mcts-2026-08-21T11:17:59.701738/P[domain,problem_1_1_4,problem_1_8_1,problem_8_1_...]-S[0.0003,50,enhsp-hadd-astar]-MO[]-T[518400]-04906472-7d9a779/snapshots/snapshot_99_1.0000","20464615","3","20","COMPLETED","0:0","00:03:11","3","0","/home/hersco/training_new_domains/2026-08-21/statistical_replication_stage2_training/20430367_Re-Tr_drone_drone_mcts_orig_vh_e.5_c.1_s1239739722_K0_SR10T_src20401200_e0023.txt","/home/hersco/training_new_domains/2026-08-21/statistical_replication_stage2_policy_eval/20464615_Ev_drone_drone_orig_vh_c.1_s1239739722_SR10P_src20430367_e0099.txt","/home/hersco/training_new_domains/2026-08-21/statistical_replication_stage2_policy_eval/20464615_Ev_drone_drone_orig_vh_c.1_s1239739722_SR10P_src20430367_e0099.txt","",""
"MAIN-VAL","drone","on","stage2","final","1472491096","20430368","99","/home/hersco/bershco-nu-asnets/numeric-asnets/asnets/experiment-results/experiments_numeric.domain.drone-experiments_numeric.architecture_2.drone_mcts-2026-08-21T11:17:27.303578/P[domain,problem_1_1_4,problem_1_8_1,problem_8_1_...]-S[0.0003,50,enhsp-hadd-astar]-MO[]-T[518400]-04906471-43e0a7a/snapshots/snapshot_99_1.0000","20464637","3","20","COMPLETED","0:0","00:04:32","3","0","/home/hersco/training_new_domains/2026-08-21/statistical_replication_stage2_training/20430368_Re-Tr_drone_drone_mcts_orig_vh_e.5_c.1_s1472491096_K0_SR10T_src20401201_e0021.txt","/home/hersco/training_new_domains/2026-08-21/statistical_replication_stage2_policy_eval/20464637_Ev_drone_drone_orig_vh_c.1_s1472491096_SR10P_src20430368_e0099.txt","/home/hersco/training_new_domains/2026-08-21/statistical_replication_stage2_policy_eval/20464637_Ev_drone_drone_orig_vh_c.1_s1472491096_SR10P_src20430368_e0099.txt","",""
"MAIN-VAL","drone","on","stage2","final","1510771779","20430370","99","/home/hersco/bershco-nu-asnets/numeric-asnets/asnets/experiment-results/experiments_numeric.domain.drone-experiments_numeric.architecture_2.drone_mcts-2026-08-21T11:17:49.064742/P[domain,problem_1_1_4,problem_1_8_1,problem_8_1_...]-S[0.0003,50,enhsp-hadd-astar]-MO[]-T[518400]-04906471-17cc32a/snapshots/snapshot_99_1.0000","20464719","4","20","COMPLETED","0:0","00:02:39","4","0","/home/hersco/training_new_domains/2026-08-21/statistical_replication_stage2_training/20430370_Re-Tr_drone_drone_mcts_orig_vh_e.5_c.1_s1510771779_K0_SR10T_src20401204_e0014.txt","/home/hersco/training_new_domains/2026-08-21/statistical_replication_stage2_policy_eval/20464719_Ev_drone_drone_orig_vh_c.1_s1510771779_SR10P_src20430370_e0099.txt","/home/hersco/training_new_domains/2026-08-21/statistical_replication_stage2_policy_eval/20464719_Ev_drone_drone_orig_vh_c.1_s1510771779_SR10P_src20430370_e0099.txt","",""
"MAIN-VAL","drone","on","stage2","final","1963100312","20430365","99","/home/hersco/bershco-nu-asnets/numeric-asnets/asnets/experiment-results/experiments_numeric.domain.drone-experiments_numeric.architecture_2.drone_mcts-2026-08-21T11:17:10.114535/P[domain,problem_1_1_4,problem_1_8_1,problem_8_1_...]-S[0.0003,50,enhsp-hadd-astar]-MO[]-T[518400]-04906471-2fc32f3/snapshots/snapshot_99_0.3333","20488119","3","20","COMPLETED","0:0","00:11:36","3","0","/home/hersco/training_new_domains/2026-08-21/statistical_replication_stage2_training/20430365_Re-Tr_drone_drone_mcts_orig_vh_e.5_c.1_s1963100312_K0_SR10T_src20401197_e0001.txt","/home/hersco/training_new_domains/2026-08-22/statistical_replication_stage2_policy_eval/20488119_Ev_drone_drone_orig_vh_c.1_s1963100312_SR10P_src20430365_e0099.txt","/home/hersco/training_new_domains/2026-08-22/statistical_replication_stage2_policy_eval/20488119_Ev_drone_drone_orig_vh_c.1_s1963100312_SR10P_src20430365_e0099.txt","",""
"MAIN-VAL","drone","on","stage2","final","1972442430","20430371","99","/home/hersco/bershco-nu-asnets/numeric-asnets/asnets/experiment-results/experiments_numeric.domain.drone-experiments_numeric.architecture_2.drone_mcts-2026-08-21T11:18:11.489615/P[domain,problem_1_1_4,problem_1_8_1,problem_8_1_...]-S[0.0003,50,enhsp-hadd-astar]-MO[]-T[518400]-04906472-72aea46/snapshots/snapshot_99_0.6667","20464743","3","20","COMPLETED","0:0","00:04:06","3","0","/home/hersco/training_new_domains/2026-08-21/statistical_replication_stage2_training/20430371_Re-Tr_drone_drone_mcts_orig_vh_e.5_c.1_s1972442430_K0_SR10T_src20401206_e0021.txt","/home/hersco/training_new_domains/2026-08-21/statistical_replication_stage2_policy_eval/20464743_Ev_drone_drone_orig_vh_c.1_s1972442430_SR10P_src20430371_e0099.txt","/home/hersco/training_new_domains/2026-08-21/statistical_replication_stage2_policy_eval/20464743_Ev_drone_drone_orig_vh_c.1_s1972442430_SR10P_src20430371_e0099.txt","",""
"MAIN-VAL","drone","on","stage2","final","2011206605","20430366","99","/home/hersco/bershco-nu-asnets/numeric-asnets/asnets/experiment-results/experiments_numeric.domain.drone-experiments_numeric.architecture_2.drone_mcts-2026-08-21T11:17:19.404486/P[domain,problem_1_1_4,problem_1_8_1,problem_8_1_...]-S[0.0003,50,enhsp-hadd-astar]-MO[]-T[518400]-04906471-067843/snapshots/snapshot_99_1.0000","20464594","4","20","COMPLETED","0:0","00:02:42","4","0","/home/hersco/training_new_domains/2026-08-21/statistical_replication_stage2_training/20430366_Re-Tr_drone_drone_mcts_orig_vh_e.5_c.1_s2011206605_K0_SR10T_src20401198_e0019.txt","/home/hersco/training_new_domains/2026-08-21/statistical_replication_stage2_policy_eval/20464594_Ev_drone_drone_orig_vh_c.1_s2011206605_SR10P_src20430366_e0099.txt","/home/hersco/training_new_domains/2026-08-21/statistical_replication_stage2_policy_eval/20464594_Ev_drone_drone_orig_vh_c.1_s2011206605_SR10P_src20430366_e0099.txt","",""
"MAIN-VAL","drone","on","stage2","final","2082152039","20430369","99","/home/hersco/bershco-nu-asnets/numeric-asnets/asnets/experiment-results/experiments_numeric.domain.drone-experiments_numeric.architecture_2.drone_mcts-2026-08-21T11:17:44.283901/P[domain,problem_1_1_4,problem_1_8_1,problem_8_1_...]-S[0.0003,50,enhsp-hadd-astar]-MO[]-T[518400]-04906471-faf7d6/snapshots/snapshot_99_1.0000","20464658","3","20","COMPLETED","0:0","00:10:43","3","0","/home/hersco/training_new_domains/2026-08-21/statistical_replication_stage2_training/20430369_Re-Tr_drone_drone_mcts_orig_vh_e.5_c.1_s2082152039_K0_SR10T_src20401203_e0026.txt","/home/hersco/training_new_domains/2026-08-21/statistical_replication_stage2_policy_eval/20464658_Ev_drone_drone_orig_vh_c.1_s2082152039_SR10P_src20430369_e0099.txt","/home/hersco/training_new_domains/2026-08-21/statistical_replication_stage2_policy_eval/20464658_Ev_drone_drone_orig_vh_c.1_s2082152039_SR10P_src20430369_e0099.txt","",""
"MAIN-VAL","drone","on","stage2","validation_selected","534933607","20451797","86","/home/hersco/bershco-nu-asnets/numeric-asnets/asnets/experiment-results/experiments_numeric.domain.drone-experiments_numeric.architecture_2.drone_mcts-2026-08-22T00:09:39.026625/P[domain,problem_1_1_4,problem_1_8_1,problem_8_1_...]-S[0.0003,50,enhsp-hadd-astar]-MO[]-T[518400]-04907243-3c74d66/snapshots/snapshot_86_1.0000","20523199","12","20","COMPLETED","0:0","00:08:20","12","0","/home/hersco/training_new_domains/2026-08-21/statistical_replication_stage2_training/20451797_Re-Tr_drone_drone_mcts_orig_vh_e.5_c.1_s534933607_K0_SR10T_src20401202_e0161.txt","/home/hersco/training_new_domains/2026-08-24/statistical_replication_stage2_policy_eval/20523199_Ev_drone_drone_orig_vh_c.1_s534933607_SR10P_src20451797_e0086.txt","/home/hersco/training_new_domains/2026-08-24/statistical_replication_stage2_policy_eval/20523199_Ev_drone_drone_orig_vh_c.1_s534933607_SR10P_src20451797_e0086.txt","",""
"MAIN-VAL","drone","on","stage2","validation_selected","923500475","20451798","30","/home/hersco/bershco-nu-asnets/numeric-asnets/asnets/experiment-results/experiments_numeric.domain.drone-experiments_numeric.architecture_2.drone_mcts-2026-08-22T00:11:35.222555/P[domain,problem_1_1_4,problem_1_8_1,problem_8_1_...]-S[0.0003,50,enhsp-hadd-astar]-MO[]-T[518400]-04907245-5194f74/snapshots/snapshot_30_1.0000","20488514","6","20","COMPLETED","0:0","00:03:40","6","0","/home/hersco/training_new_domains/2026-08-21/statistical_replication_stage2_training/20451798_Re-Tr_drone_drone_mcts_orig_vh_e.5_c.1_s923500475_K0_SR10T_src20401205_e0103.txt","/home/hersco/training_new_domains/2026-08-22/statistical_replication_stage2_policy_eval/20488514_Ev_drone_drone_orig_vh_c.1_s923500475_SR10P_src20451798_e0030.txt","/home/hersco/training_new_domains/2026-08-22/statistical_replication_stage2_policy_eval/20488514_Ev_drone_drone_orig_vh_c.1_s923500475_SR10P_src20451798_e0030.txt","20575490","/home/hersco/training_new_domains/2026-08-26/statistical_replication_stage2_policy_eval/20575490_Ev_drone_drone_orig_vh_c.1_s923500475_SR10P_src20451798_e0030.txt"
"MAIN-VAL","drone","on","stage2","validation_selected","1073581256","20431946","35","/home/hersco/bershco-nu-asnets/numeric-asnets/asnets/experiment-results/experiments_numeric.domain.drone-experiments_numeric.architecture_2.drone_mcts-2026-08-21T21:29:25.389314/P[domain,problem_1_1_4,problem_1_8_1,problem_8_1_...]-S[0.0003,50,enhsp-hadd-astar]-MO[]-T[518400]-04907083-1247c09/snapshots/snapshot_35_1.0000","20489071","10","20","COMPLETED","0:0","00:03:03","10","0","/home/hersco/training_new_domains/2026-08-21/statistical_replication_stage2_training/20431946_Re-Tr_drone_drone_mcts_orig_vh_e.5_c.1_s1073581256_K0_SR10T_src20401199_e0118.txt","/home/hersco/training_new_domains/2026-08-22/statistical_replication_stage2_policy_eval/20489071_Ev_drone_drone_orig_vh_c.1_s1073581256_SR10P_src20431946_e0035.txt","/home/hersco/training_new_domains/2026-08-22/statistical_replication_stage2_policy_eval/20489071_Ev_drone_drone_orig_vh_c.1_s1073581256_SR10P_src20431946_e0035.txt","20575491","/home/hersco/training_new_domains/2026-08-26/statistical_replication_stage2_policy_eval/20575491_Ev_drone_drone_orig_vh_c.1_s1073581256_SR10P_src20431946_e0035.txt"
"MAIN-VAL","drone","on","stage2","validation_selected","1239739722","20430367","36","/home/hersco/bershco-nu-asnets/numeric-asnets/asnets/experiment-results/experiments_numeric.domain.drone-experiments_numeric.architecture_2.drone_mcts-2026-08-21T11:17:59.701738/P[domain,problem_1_1_4,problem_1_8_1,problem_8_1_...]-S[0.0003,50,enhsp-hadd-astar]-MO[]-T[518400]-04906472-7d9a779/snapshots/snapshot_36_1.0000","20464616","3","20","COMPLETED","0:0","00:03:04","3","0","/home/hersco/training_new_domains/2026-08-21/statistical_replication_stage2_training/20430367_Re-Tr_drone_drone_mcts_orig_vh_e.5_c.1_s1239739722_K0_SR10T_src20401200_e0023.txt","/home/hersco/training_new_domains/2026-08-21/statistical_replication_stage2_policy_eval/20464616_Ev_drone_drone_orig_vh_c.1_s1239739722_SR10P_src20430367_e0036.txt","/home/hersco/training_new_domains/2026-08-21/statistical_replication_stage2_policy_eval/20464616_Ev_drone_drone_orig_vh_c.1_s1239739722_SR10P_src20430367_e0036.txt","",""
"MAIN-VAL","drone","on","stage2","validation_selected","1472491096","20430368","0","/home/hersco/bershco-nu-asnets/numeric-asnets/asnets/experiment-results/experiments_numeric.domain.drone-experiments_numeric.architecture_2.drone_mcts-2026-08-21T11:17:27.303578/P[domain,problem_1_1_4,problem_1_8_1,problem_8_1_...]-S[0.0003,50,enhsp-hadd-astar]-MO[]-T[518400]-04906471-43e0a7a/snapshots/snapshot_0_1.0000","20464617","3","20","COMPLETED","0:0","00:04:26","3","0","/home/hersco/training_new_domains/2026-08-21/statistical_replication_stage2_training/20430368_Re-Tr_drone_drone_mcts_orig_vh_e.5_c.1_s1472491096_K0_SR10T_src20401201_e0021.txt","/home/hersco/training_new_domains/2026-08-21/statistical_replication_stage2_policy_eval/20464617_Ev_drone_drone_orig_vh_c.1_s1472491096_SR10P_src20430368_e0000.txt","/home/hersco/training_new_domains/2026-08-21/statistical_replication_stage2_policy_eval/20464617_Ev_drone_drone_orig_vh_c.1_s1472491096_SR10P_src20430368_e0000.txt","20575463","/home/hersco/training_new_domains/2026-08-26/statistical_replication_stage2_policy_eval/20575463_Ev_drone_drone_orig_vh_c.1_s1472491096_SR10P_src20430368_e0000.txt"
"MAIN-VAL","drone","on","stage2","validation_selected","1510771779","20430370","76","/home/hersco/bershco-nu-asnets/numeric-asnets/asnets/experiment-results/experiments_numeric.domain.drone-experiments_numeric.architecture_2.drone_mcts-2026-08-21T11:17:49.064742/P[domain,problem_1_1_4,problem_1_8_1,problem_8_1_...]-S[0.0003,50,enhsp-hadd-astar]-MO[]-T[518400]-04906471-17cc32a/snapshots/snapshot_76_1.0000","20464720","4","20","COMPLETED","0:0","00:03:29","4","0","/home/hersco/training_new_domains/2026-08-21/statistical_replication_stage2_training/20430370_Re-Tr_drone_drone_mcts_orig_vh_e.5_c.1_s1510771779_K0_SR10T_src20401204_e0014.txt","/home/hersco/training_new_domains/2026-08-21/statistical_replication_stage2_policy_eval/20464720_Ev_drone_drone_orig_vh_c.1_s1510771779_SR10P_src20430370_e0076.txt","/home/hersco/training_new_domains/2026-08-21/statistical_replication_stage2_policy_eval/20464720_Ev_drone_drone_orig_vh_c.1_s1510771779_SR10P_src20430370_e0076.txt","",""
"MAIN-VAL","drone","on","stage2","validation_selected","1963100312","20430365","21","/home/hersco/bershco-nu-asnets/numeric-asnets/asnets/experiment-results/experiments_numeric.domain.drone-experiments_numeric.architecture_2.drone_mcts-2026-08-21T11:17:10.114535/P[domain,problem_1_1_4,problem_1_8_1,problem_8_1_...]-S[0.0003,50,enhsp-hadd-astar]-MO[]-T[518400]-04906471-2fc32f3/snapshots/snapshot_21_0.6667","20488120","2","20","COMPLETED","0:0","00:12:07","2","0","/home/hersco/training_new_domains/2026-08-21/statistical_replication_stage2_training/20430365_Re-Tr_drone_drone_mcts_orig_vh_e.5_c.1_s1963100312_K0_SR10T_src20401197_e0001.txt","/home/hersco/training_new_domains/2026-08-22/statistical_replication_stage2_policy_eval/20488120_Ev_drone_drone_orig_vh_c.1_s1963100312_SR10P_src20430365_e0021.txt","/home/hersco/training_new_domains/2026-08-22/statistical_replication_stage2_policy_eval/20488120_Ev_drone_drone_orig_vh_c.1_s1963100312_SR10P_src20430365_e0021.txt","",""
"MAIN-VAL","drone","on","stage2","validation_selected","1972442430","20430371","94","/home/hersco/bershco-nu-asnets/numeric-asnets/asnets/experiment-results/experiments_numeric.domain.drone-experiments_numeric.architecture_2.drone_mcts-2026-08-21T11:18:11.489615/P[domain,problem_1_1_4,problem_1_8_1,problem_8_1_...]-S[0.0003,50,enhsp-hadd-astar]-MO[]-T[518400]-04906472-72aea46/snapshots/snapshot_94_1.0000","20464744","3","20","COMPLETED","0:0","00:04:02","3","0","/home/hersco/training_new_domains/2026-08-21/statistical_replication_stage2_training/20430371_Re-Tr_drone_drone_mcts_orig_vh_e.5_c.1_s1972442430_K0_SR10T_src20401206_e0021.txt","/home/hersco/training_new_domains/2026-08-21/statistical_replication_stage2_policy_eval/20464744_Ev_drone_drone_orig_vh_c.1_s1972442430_SR10P_src20430371_e0094.txt","/home/hersco/training_new_domains/2026-08-21/statistical_replication_stage2_policy_eval/20464744_Ev_drone_drone_orig_vh_c.1_s1972442430_SR10P_src20430371_e0094.txt","",""
"MAIN-VAL","drone","on","stage2","validation_selected","2011206605","20430366","0","/home/hersco/bershco-nu-asnets/numeric-asnets/asnets/experiment-results/experiments_numeric.domain.drone-experiments_numeric.architecture_2.drone_mcts-2026-08-21T11:17:19.404486/P[domain,problem_1_1_4,problem_1_8_1,problem_8_1_...]-S[0.0003,50,enhsp-hadd-astar]-MO[]-T[518400]-04906471-067843/snapshots/snapshot_0_1.0000","20464574","3","20","COMPLETED","0:0","00:03:52","3","0","/home/hersco/training_new_domains/2026-08-21/statistical_replication_stage2_training/20430366_Re-Tr_drone_drone_mcts_orig_vh_e.5_c.1_s2011206605_K0_SR10T_src20401198_e0019.txt","/home/hersco/training_new_domains/2026-08-21/statistical_replication_stage2_policy_eval/20464574_Ev_drone_drone_orig_vh_c.1_s2011206605_SR10P_src20430366_e0000.txt","/home/hersco/training_new_domains/2026-08-21/statistical_replication_stage2_policy_eval/20464574_Ev_drone_drone_orig_vh_c.1_s2011206605_SR10P_src20430366_e0000.txt","20575461","/home/hersco/training_new_domains/2026-08-26/statistical_replication_stage2_policy_eval/20575461_Ev_drone_drone_orig_vh_c.1_s2011206605_SR10P_src20430366_e0000.txt"
"MAIN-VAL","drone","on","stage2","validation_selected","2082152039","20430369","88","/home/hersco/bershco-nu-asnets/numeric-asnets/asnets/experiment-results/experiments_numeric.domain.drone-experiments_numeric.architecture_2.drone_mcts-2026-08-21T11:17:44.283901/P[domain,problem_1_1_4,problem_1_8_1,problem_8_1_...]-S[0.0003,50,enhsp-hadd-astar]-MO[]-T[518400]-04906471-faf7d6/snapshots/snapshot_88_1.0000","20464659","4","20","COMPLETED","0:0","00:12:52","4","0","/home/hersco/training_new_domains/2026-08-21/statistical_replication_stage2_training/20430369_Re-Tr_drone_drone_mcts_orig_vh_e.5_c.1_s2082152039_K0_SR10T_src20401203_e0026.txt","/home/hersco/training_new_domains/2026-08-21/statistical_replication_stage2_policy_eval/20464659_Ev_drone_drone_orig_vh_c.1_s2082152039_SR10P_src20430369_e0088.txt","/home/hersco/training_new_domains/2026-08-21/statistical_replication_stage2_policy_eval/20464659_Ev_drone_drone_orig_vh_c.1_s2082152039_SR10P_src20430369_e0088.txt","",""
"MAIN-VAL","fo_counters","off","stage1","validation_selected","534933607","20401233","57","/home/hersco/bershco-nu-asnets/numeric-asnets/asnets/experiment-results/experiments_numeric.domain.fo_counters-experiments_numeric.architecture_2.fo_counters-2026-08-20T18:13:54.946490/P[domain,instance_2,instance_3,instance_4]-S[0.003,50,enhsp-hmrmax-astar]-MO[]-T[518400]-04905448-3c74d66/snapshots/snapshot_57_1.000","20426934","4","20","COMPLETED","0:0","00:05:08","4","0","/home/hersco/training_new_domains/2026-08-20/statistical_replication_stage1_10seed/20401233_Tr_fo_counters_fo_counters_orig_novh_c.1_s534933607_STATREP10_STAGE1.txt","/home/hersco/training_new_domains/2026-08-21/statistical_replication_stage1_policy_eval/20426934_Ev_fo_counters_fo_counters_orig_novh_c.1_s534933607_SR10P_src20401233_e0057.txt","/home/hersco/training_new_domains/2026-08-21/statistical_replication_stage1_policy_eval/20426934_Ev_fo_counters_fo_counters_orig_novh_c.1_s534933607_SR10P_src20401233_e0057.txt","",""
"MAIN-VAL","fo_counters","off","stage1","validation_selected","923500475","20401236","14","/home/hersco/bershco-nu-asnets/numeric-asnets/asnets/experiment-results/experiments_numeric.domain.fo_counters-experiments_numeric.architecture_2.fo_counters-2026-08-20T18:13:54.947205/P[domain,instance_2,instance_3,instance_4]-S[0.003,50,enhsp-hmrmax-astar]-MO[]-T[518400]-04905448-5194f74/snapshots/snapshot_14_1.000","20427164","4","20","COMPLETED","0:0","00:05:04","4","0","/home/hersco/training_new_domains/2026-08-20/statistical_replication_stage1_10seed/20401236_Tr_fo_counters_fo_counters_orig_novh_c.1_s923500475_STATREP10_STAGE1.txt","/home/hersco/training_new_domains/2026-08-21/statistical_replication_stage1_policy_eval/20427164_Ev_fo_counters_fo_counters_orig_novh_c.1_s923500475_SR10P_src20401236_e0014.txt","/home/hersco/training_new_domains/2026-08-21/statistical_replication_stage1_policy_eval/20427164_Ev_fo_counters_fo_counters_orig_novh_c.1_s923500475_SR10P_src20401236_e0014.txt","",""
"MAIN-VAL","fo_counters","off","stage1","validation_selected","1073581256","20401230","22","/home/hersco/bershco-nu-asnets/numeric-asnets/asnets/experiment-results/experiments_numeric.domain.fo_counters-experiments_numeric.architecture_2.fo_counters-2026-08-20T18:13:55.750965/P[domain,instance_2,instance_3,instance_4]-S[0.003,50,enhsp-hmrmax-astar]-MO[]-T[518400]-04905448-1247c09/snapshots/snapshot_22_1.000","20426859","3","20","COMPLETED","0:0","00:04:10","3","0","/home/hersco/training_new_domains/2026-08-20/statistical_replication_stage1_10seed/20401230_Tr_fo_counters_fo_counters_orig_novh_c.1_s1073581256_STATREP10_STAGE1.txt","/home/hersco/training_new_domains/2026-08-21/statistical_replication_stage1_policy_eval/20426859_Ev_fo_counters_fo_counters_orig_novh_c.1_s1073581256_SR10P_src20401230_e0022.txt","/home/hersco/training_new_domains/2026-08-21/statistical_replication_stage1_policy_eval/20426859_Ev_fo_counters_fo_counters_orig_novh_c.1_s1073581256_SR10P_src20401230_e0022.txt","",""
"MAIN-VAL","fo_counters","off","stage1","validation_selected","1239739722","20401231","31","/home/hersco/bershco-nu-asnets/numeric-asnets/asnets/experiment-results/experiments_numeric.domain.fo_counters-experiments_numeric.architecture_2.fo_counters-2026-08-20T18:13:55.750807/P[domain,instance_2,instance_3,instance_4]-S[0.003,50,enhsp-hmrmax-astar]-MO[]-T[518400]-04905448-7d9a779/snapshots/snapshot_31_1.000","20426898","6","20","COMPLETED","0:0","00:04:57","6","0","/home/hersco/training_new_domains/2026-08-20/statistical_replication_stage1_10seed/20401231_Tr_fo_counters_fo_counters_orig_novh_c.1_s1239739722_STATREP10_STAGE1.txt","/home/hersco/training_new_domains/2026-08-21/statistical_replication_stage1_policy_eval/20426898_Ev_fo_counters_fo_counters_orig_novh_c.1_s1239739722_SR10P_src20401231_e0031.txt","/home/hersco/training_new_domains/2026-08-21/statistical_replication_stage1_policy_eval/20426898_Ev_fo_counters_fo_counters_orig_novh_c.1_s1239739722_SR10P_src20401231_e0031.txt","",""
"MAIN-VAL","fo_counters","off","stage1","validation_selected","1472491096","20401232","16","/home/hersco/bershco-nu-asnets/numeric-asnets/asnets/experiment-results/experiments_numeric.domain.fo_counters-experiments_numeric.architecture_2.fo_counters-2026-08-20T18:13:54.948649/P[domain,instance_2,instance_3,instance_4]-S[0.003,50,enhsp-hmrmax-astar]-MO[]-T[518400]-04905448-43e0a7a/snapshots/snapshot_16_1.000","20426912","4","20","COMPLETED","0:0","00:04:50","4","0","/home/hersco/training_new_domains/2026-08-20/statistical_replication_stage1_10seed/20401232_Tr_fo_counters_fo_counters_orig_novh_c.1_s1472491096_STATREP10_STAGE1.txt","/home/hersco/training_new_domains/2026-08-21/statistical_replication_stage1_policy_eval/20426912_Ev_fo_counters_fo_counters_orig_novh_c.1_s1472491096_SR10P_src20401232_e0016.txt","/home/hersco/training_new_domains/2026-08-21/statistical_replication_stage1_policy_eval/20426912_Ev_fo_counters_fo_counters_orig_novh_c.1_s1472491096_SR10P_src20401232_e0016.txt","",""
"MAIN-VAL","fo_counters","off","stage1","validation_selected","1510771779","20401235","66","/home/hersco/bershco-nu-asnets/numeric-asnets/asnets/experiment-results/experiments_numeric.domain.fo_counters-experiments_numeric.architecture_2.fo_counters-2026-08-20T18:13:54.947874/P[domain,instance_2,instance_3,instance_4]-S[0.003,50,enhsp-hmrmax-astar]-MO[]-T[518400]-04905448-17cc32a/snapshots/snapshot_66_1.000","20427151","5","20","COMPLETED","0:0","00:04:33","5","0","/home/hersco/training_new_domains/2026-08-20/statistical_replication_stage1_10seed/20401235_Tr_fo_counters_fo_counters_orig_novh_c.1_s1510771779_STATREP10_STAGE1.txt","/home/hersco/training_new_domains/2026-08-21/statistical_replication_stage1_policy_eval/20427151_Ev_fo_counters_fo_counters_orig_novh_c.1_s1510771779_SR10P_src20401235_e0066.txt","/home/hersco/training_new_domains/2026-08-21/statistical_replication_stage1_policy_eval/20427151_Ev_fo_counters_fo_counters_orig_novh_c.1_s1510771779_SR10P_src20401235_e0066.txt","",""
"MAIN-VAL","fo_counters","off","stage1","validation_selected","1963100312","20401228","8","/home/hersco/bershco-nu-asnets/numeric-asnets/asnets/experiment-results/experiments_numeric.domain.fo_counters-experiments_numeric.architecture_2.fo_counters-2026-08-20T18:13:55.750809/P[domain,instance_2,instance_3,instance_4]-S[0.003,50,enhsp-hmrmax-astar]-MO[]-T[518400]-04905448-2fc32f3/snapshots/snapshot_8_1.000","20426778","3","20","COMPLETED","0:0","00:03:28","3","0","/home/hersco/training_new_domains/2026-08-20/statistical_replication_stage1_10seed/20401228_Tr_fo_counters_fo_counters_orig_novh_c.1_s1963100312_STATREP10_STAGE1.txt","/home/hersco/training_new_domains/2026-08-21/statistical_replication_stage1_policy_eval/20426778_Ev_fo_counters_fo_counters_orig_novh_c.1_s1963100312_SR10P_src20401228_e0008.txt","/home/hersco/training_new_domains/2026-08-21/statistical_replication_stage1_policy_eval/20426778_Ev_fo_counters_fo_counters_orig_novh_c.1_s1963100312_SR10P_src20401228_e0008.txt","",""
"MAIN-VAL","fo_counters","off","stage1","validation_selected","1972442430","20401237","28","/home/hersco/bershco-nu-asnets/numeric-asnets/asnets/experiment-results/experiments_numeric.domain.fo_counters-experiments_numeric.architecture_2.fo_counters-2026-08-20T18:13:54.927253/P[domain,instance_2,instance_3,instance_4]-S[0.003,50,enhsp-hmrmax-astar]-MO[]-T[518400]-04905448-72aea46/snapshots/snapshot_28_1.000","20427180","4","20","COMPLETED","0:0","00:04:58","4","0","/home/hersco/training_new_domains/2026-08-20/statistical_replication_stage1_10seed/20401237_Tr_fo_counters_fo_counters_orig_novh_c.1_s1972442430_STATREP10_STAGE1.txt","/home/hersco/training_new_domains/2026-08-21/statistical_replication_stage1_policy_eval/20427180_Ev_fo_counters_fo_counters_orig_novh_c.1_s1972442430_SR10P_src20401237_e0028.txt","/home/hersco/training_new_domains/2026-08-21/statistical_replication_stage1_policy_eval/20427180_Ev_fo_counters_fo_counters_orig_novh_c.1_s1972442430_SR10P_src20401237_e0028.txt","",""
"MAIN-VAL","fo_counters","off","stage1","validation_selected","2011206605","20401229","46","/home/hersco/bershco-nu-asnets/numeric-asnets/asnets/experiment-results/experiments_numeric.domain.fo_counters-experiments_numeric.architecture_2.fo_counters-2026-08-20T18:13:55.750806/P[domain,instance_2,instance_3,instance_4]-S[0.003,50,enhsp-hmrmax-astar]-MO[]-T[518400]-04905448-067843/snapshots/snapshot_46_1.000","20426824","4","20","COMPLETED","0:0","00:04:44","4","0","/home/hersco/training_new_domains/2026-08-20/statistical_replication_stage1_10seed/20401229_Tr_fo_counters_fo_counters_orig_novh_c.1_s2011206605_STATREP10_STAGE1.txt","/home/hersco/training_new_domains/2026-08-21/statistical_replication_stage1_policy_eval/20426824_Ev_fo_counters_fo_counters_orig_novh_c.1_s2011206605_SR10P_src20401229_e0046.txt","/home/hersco/training_new_domains/2026-08-21/statistical_replication_stage1_policy_eval/20426824_Ev_fo_counters_fo_counters_orig_novh_c.1_s2011206605_SR10P_src20401229_e0046.txt","",""
"MAIN-VAL","fo_counters","off","stage1","validation_selected","2082152039","20401234","69","/home/hersco/bershco-nu-asnets/numeric-asnets/asnets/experiment-results/experiments_numeric.domain.fo_counters-experiments_numeric.architecture_2.fo_counters-2026-08-20T18:13:54.948024/P[domain,instance_2,instance_3,instance_4]-S[0.003,50,enhsp-hmrmax-astar]-MO[]-T[518400]-04905448-faf7d6/snapshots/snapshot_69_1.000","20427127","5","20","COMPLETED","0:0","00:04:53","5","0","/home/hersco/training_new_domains/2026-08-20/statistical_replication_stage1_10seed/20401234_Tr_fo_counters_fo_counters_orig_novh_c.1_s2082152039_STATREP10_STAGE1.txt","/home/hersco/training_new_domains/2026-08-21/statistical_replication_stage1_policy_eval/20427127_Ev_fo_counters_fo_counters_orig_novh_c.1_s2082152039_SR10P_src20401234_e0069.txt","/home/hersco/training_new_domains/2026-08-21/statistical_replication_stage1_policy_eval/20427127_Ev_fo_counters_fo_counters_orig_novh_c.1_s2082152039_SR10P_src20401234_e0069.txt","",""
"MAIN-VAL","fo_counters","off","stage2","final","534933607","20430392","99","/home/hersco/bershco-nu-asnets/numeric-asnets/asnets/experiment-results/experiments_numeric.domain.fo_counters-experiments_numeric.architecture_2.fo_counters_mcts-2026-08-21T11:21:32.850722/P[domain,instance_2,instance_3,instance_4]-S[0.0003,50,enhsp-hmrmax-astar]-MO[]-T[518400]-04906475-3c74d66/snapshots/snapshot_99_1.0000","20451441","2","20","COMPLETED","0:0","00:04:58","2","0","/home/hersco/training_new_domains/2026-08-21/statistical_replication_stage2_training/20430392_Re-Tr_fo_counters_fo_counters_mcts_orig_novh_e.5_c.1_s534933607_K0_SR10T_src20401233_e0057.txt","/home/hersco/training_new_domains/2026-08-21/statistical_replication_stage2_policy_eval/20451441_Ev_fo_counters_fo_counters_orig_novh_c.1_s534933607_SR10P_src20430392_e0099.txt","/home/hersco/training_new_domains/2026-08-21/statistical_replication_stage2_policy_eval/20451441_Ev_fo_counters_fo_counters_orig_novh_c.1_s534933607_SR10P_src20430392_e0099.txt","",""
"MAIN-VAL","fo_counters","off","stage2","final","923500475","20430395","99","/home/hersco/bershco-nu-asnets/numeric-asnets/asnets/experiment-results/experiments_numeric.domain.fo_counters-experiments_numeric.architecture_2.fo_counters_mcts-2026-08-21T11:22:20.597757/P[domain,instance_2,instance_3,instance_4]-S[0.0003,50,enhsp-hmrmax-astar]-MO[]-T[518400]-04906476-5194f74/snapshots/snapshot_99_1.0000","20451557","1","20","COMPLETED","0:0","00:06:28","1","0","/home/hersco/training_new_domains/2026-08-21/statistical_replication_stage2_training/20430395_Re-Tr_fo_counters_fo_counters_mcts_orig_novh_e.5_c.1_s923500475_K0_SR10T_src20401236_e0014.txt","/home/hersco/training_new_domains/2026-08-21/statistical_replication_stage2_policy_eval/20451557_Ev_fo_counters_fo_counters_orig_novh_c.1_s923500475_SR10P_src20430395_e0099.txt","/home/hersco/training_new_domains/2026-08-21/statistical_replication_stage2_policy_eval/20451557_Ev_fo_counters_fo_counters_orig_novh_c.1_s923500475_SR10P_src20430395_e0099.txt","",""
"MAIN-VAL","fo_counters","off","stage2","final","1073581256","20430389","99","/home/hersco/bershco-nu-asnets/numeric-asnets/asnets/experiment-results/experiments_numeric.domain.fo_counters-experiments_numeric.architecture_2.fo_counters_mcts-2026-08-21T11:21:30.242995/P[domain,instance_2,instance_3,instance_4]-S[0.0003,50,enhsp-hmrmax-astar]-MO[]-T[518400]-04906475-1247c09/snapshots/snapshot_99_1.0000","20451363","2","20","COMPLETED","0:0","00:04:17","2","0","/home/hersco/training_new_domains/2026-08-21/statistical_replication_stage2_training/20430389_Re-Tr_fo_counters_fo_counters_mcts_orig_novh_e.5_c.1_s1073581256_K0_SR10T_src20401230_e0022.txt","/home/hersco/training_new_domains/2026-08-21/statistical_replication_stage2_policy_eval/20451363_Ev_fo_counters_fo_counters_orig_novh_c.1_s1073581256_SR10P_src20430389_e0099.txt","/home/hersco/training_new_domains/2026-08-21/statistical_replication_stage2_policy_eval/20451363_Ev_fo_counters_fo_counters_orig_novh_c.1_s1073581256_SR10P_src20430389_e0099.txt","",""
"MAIN-VAL","fo_counters","off","stage2","final","1239739722","20430390","99","/home/hersco/bershco-nu-asnets/numeric-asnets/asnets/experiment-results/experiments_numeric.domain.fo_counters-experiments_numeric.architecture_2.fo_counters_mcts-2026-08-21T11:21:18.201401/P[domain,instance_2,instance_3,instance_4]-S[0.0003,50,enhsp-hmrmax-astar]-MO[]-T[518400]-04906475-7d9a779/snapshots/snapshot_99_1.0000","20451387","3","20","COMPLETED","0:0","00:04:16","3","0","/home/hersco/training_new_domains/2026-08-21/statistical_replication_stage2_training/20430390_Re-Tr_fo_counters_fo_counters_mcts_orig_novh_e.5_c.1_s1239739722_K0_SR10T_src20401231_e0031.txt","/home/hersco/training_new_domains/2026-08-21/statistical_replication_stage2_policy_eval/20451387_Ev_fo_counters_fo_counters_orig_novh_c.1_s1239739722_SR10P_src20430390_e0099.txt","/home/hersco/training_new_domains/2026-08-21/statistical_replication_stage2_policy_eval/20451387_Ev_fo_counters_fo_counters_orig_novh_c.1_s1239739722_SR10P_src20430390_e0099.txt","",""
"MAIN-VAL","fo_counters","off","stage2","final","1472491096","20430391","99","/home/hersco/bershco-nu-asnets/numeric-asnets/asnets/experiment-results/experiments_numeric.domain.fo_counters-experiments_numeric.architecture_2.fo_counters_mcts-2026-08-21T11:21:21.530986/P[domain,instance_2,instance_3,instance_4]-S[0.0003,50,enhsp-hmrmax-astar]-MO[]-T[518400]-04906475-43e0a7a/snapshots/snapshot_99_1.0000","20451409","3","20","COMPLETED","0:0","00:04:04","3","0","/home/hersco/training_new_domains/2026-08-21/statistical_replication_stage2_training/20430391_Re-Tr_fo_counters_fo_counters_mcts_orig_novh_e.5_c.1_s1472491096_K0_SR10T_src20401232_e0016.txt","/home/hersco/training_new_domains/2026-08-21/statistical_replication_stage2_policy_eval/20451409_Ev_fo_counters_fo_counters_orig_novh_c.1_s1472491096_SR10P_src20430391_e0099.txt","/home/hersco/training_new_domains/2026-08-21/statistical_replication_stage2_policy_eval/20451409_Ev_fo_counters_fo_counters_orig_novh_c.1_s1472491096_SR10P_src20430391_e0099.txt","",""
"MAIN-VAL","fo_counters","off","stage2","final","1510771779","20430394","99","/home/hersco/bershco-nu-asnets/numeric-asnets/asnets/experiment-results/experiments_numeric.domain.fo_counters-experiments_numeric.architecture_2.fo_counters_mcts-2026-08-21T11:21:49.557937/P[domain,instance_2,instance_3,instance_4]-S[0.0003,50,enhsp-hmrmax-astar]-MO[]-T[518400]-04906475-17cc32a/snapshots/snapshot_99_1.0000","20451529","2","20","COMPLETED","0:0","00:04:23","2","0","/home/hersco/training_new_domains/2026-08-21/statistical_replication_stage2_training/20430394_Re-Tr_fo_counters_fo_counters_mcts_orig_novh_e.5_c.1_s1510771779_K0_SR10T_src20401235_e0066.txt","/home/hersco/training_new_domains/2026-08-21/statistical_replication_stage2_policy_eval/20451529_Ev_fo_counters_fo_counters_orig_novh_c.1_s1510771779_SR10P_src20430394_e0099.txt","/home/hersco/training_new_domains/2026-08-21/statistical_replication_stage2_policy_eval/20451529_Ev_fo_counters_fo_counters_orig_novh_c.1_s1510771779_SR10P_src20430394_e0099.txt","",""
"MAIN-VAL","fo_counters","off","stage2","final","1963100312","20430387","99","/home/hersco/bershco-nu-asnets/numeric-asnets/asnets/experiment-results/experiments_numeric.domain.fo_counters-experiments_numeric.architecture_2.fo_counters_mcts-2026-08-21T11:20:47.173340/P[domain,instance_2,instance_3,instance_4]-S[0.0003,50,enhsp-hmrmax-astar]-MO[]-T[518400]-04906474-2fc32f3/snapshots/snapshot_99_1.0000","20451277","2","20","COMPLETED","0:0","00:04:13","2","0","/home/hersco/training_new_domains/2026-08-21/statistical_replication_stage2_training/20430387_Re-Tr_fo_counters_fo_counters_mcts_orig_novh_e.5_c.1_s1963100312_K0_SR10T_src20401228_e0008.txt","/home/hersco/training_new_domains/2026-08-21/statistical_replication_stage2_policy_eval/20451277_Ev_fo_counters_fo_counters_orig_novh_c.1_s1963100312_SR10P_src20430387_e0099.txt","/home/hersco/training_new_domains/2026-08-21/statistical_replication_stage2_policy_eval/20451277_Ev_fo_counters_fo_counters_orig_novh_c.1_s1963100312_SR10P_src20430387_e0099.txt","",""
"MAIN-VAL","fo_counters","off","stage2","final","1972442430","20430396","99","/home/hersco/bershco-nu-asnets/numeric-asnets/asnets/experiment-results/experiments_numeric.domain.fo_counters-experiments_numeric.architecture_2.fo_counters_mcts-2026-08-21T11:23:15.346116/P[domain,instance_2,instance_3,instance_4]-S[0.0003,50,enhsp-hmrmax-astar]-MO[]-T[518400]-04906477-72aea46/snapshots/snapshot_99_1.0000","20451579","2","20","COMPLETED","0:0","00:05:04","2","0","/home/hersco/training_new_domains/2026-08-21/statistical_replication_stage2_training/20430396_Re-Tr_fo_counters_fo_counters_mcts_orig_novh_e.5_c.1_s1972442430_K0_SR10T_src20401237_e0028.txt","/home/hersco/training_new_domains/2026-08-21/statistical_replication_stage2_policy_eval/20451579_Ev_fo_counters_fo_counters_orig_novh_c.1_s1972442430_SR10P_src20430396_e0099.txt","/home/hersco/training_new_domains/2026-08-21/statistical_replication_stage2_policy_eval/20451579_Ev_fo_counters_fo_counters_orig_novh_c.1_s1972442430_SR10P_src20430396_e0099.txt","",""
"MAIN-VAL","fo_counters","off","stage2","final","2011206605","20430388","99","/home/hersco/bershco-nu-asnets/numeric-asnets/asnets/experiment-results/experiments_numeric.domain.fo_counters-experiments_numeric.architecture_2.fo_counters_mcts-2026-08-21T11:21:17.101346/P[domain,instance_2,instance_3,instance_4]-S[0.0003,50,enhsp-hmrmax-astar]-MO[]-T[518400]-04906475-067843/snapshots/snapshot_99_1.0000","20451301","4","20","COMPLETED","0:0","00:03:59","4","0","/home/hersco/training_new_domains/2026-08-21/statistical_replication_stage2_training/20430388_Re-Tr_fo_counters_fo_counters_mcts_orig_novh_e.5_c.1_s2011206605_K0_SR10T_src20401229_e0046.txt","/home/hersco/training_new_domains/2026-08-21/statistical_replication_stage2_policy_eval/20451301_Ev_fo_counters_fo_counters_orig_novh_c.1_s2011206605_SR10P_src20430388_e0099.txt","/home/hersco/training_new_domains/2026-08-21/statistical_replication_stage2_policy_eval/20451301_Ev_fo_counters_fo_counters_orig_novh_c.1_s2011206605_SR10P_src20430388_e0099.txt","",""
"MAIN-VAL","fo_counters","off","stage2","final","2082152039","20430393","99","/home/hersco/bershco-nu-asnets/numeric-asnets/asnets/experiment-results/experiments_numeric.domain.fo_counters-experiments_numeric.architecture_2.fo_counters_mcts-2026-08-21T11:21:49.188976/P[domain,instance_2,instance_3,instance_4]-S[0.0003,50,enhsp-hmrmax-astar]-MO[]-T[518400]-04906475-faf7d6/snapshots/snapshot_99_1.0000","20451507","3","20","COMPLETED","0:0","00:06:10","3","0","/home/hersco/training_new_domains/2026-08-21/statistical_replication_stage2_training/20430393_Re-Tr_fo_counters_fo_counters_mcts_orig_novh_e.5_c.1_s2082152039_K0_SR10T_src20401234_e0069.txt","/home/hersco/training_new_domains/2026-08-21/statistical_replication_stage2_policy_eval/20451507_Ev_fo_counters_fo_counters_orig_novh_c.1_s2082152039_SR10P_src20430393_e0099.txt","/home/hersco/training_new_domains/2026-08-21/statistical_replication_stage2_policy_eval/20451507_Ev_fo_counters_fo_counters_orig_novh_c.1_s2082152039_SR10P_src20430393_e0099.txt","",""
"MAIN-VAL","fo_counters","off","stage2","validation_selected","534933607","20430392","17","/home/hersco/bershco-nu-asnets/numeric-asnets/asnets/experiment-results/experiments_numeric.domain.fo_counters-experiments_numeric.architecture_2.fo_counters_mcts-2026-08-21T11:21:32.850722/P[domain,instance_2,instance_3,instance_4]-S[0.0003,50,enhsp-hmrmax-astar]-MO[]-T[518400]-04906475-3c74d66/snapshots/snapshot_17_1.0000","20451442","4","20","COMPLETED","0:0","00:04:44","4","0","/home/hersco/training_new_domains/2026-08-21/statistical_replication_stage2_training/20430392_Re-Tr_fo_counters_fo_counters_mcts_orig_novh_e.5_c.1_s534933607_K0_SR10T_src20401233_e0057.txt","/home/hersco/training_new_domains/2026-08-21/statistical_replication_stage2_policy_eval/20451442_Ev_fo_counters_fo_counters_orig_novh_c.1_s534933607_SR10P_src20430392_e0017.txt","/home/hersco/training_new_domains/2026-08-21/statistical_replication_stage2_policy_eval/20451442_Ev_fo_counters_fo_counters_orig_novh_c.1_s534933607_SR10P_src20430392_e0017.txt","",""
"MAIN-VAL","fo_counters","off","stage2","validation_selected","923500475","20430395","9","/home/hersco/bershco-nu-asnets/numeric-asnets/asnets/experiment-results/experiments_numeric.domain.fo_counters-experiments_numeric.architecture_2.fo_counters_mcts-2026-08-21T11:22:20.597757/P[domain,instance_2,instance_3,instance_4]-S[0.0003,50,enhsp-hmrmax-astar]-MO[]-T[518400]-04906476-5194f74/snapshots/snapshot_9_1.0000","20451558","1","20","COMPLETED","0:0","00:04:51","1","0","/home/hersco/training_new_domains/2026-08-21/statistical_replication_stage2_training/20430395_Re-Tr_fo_counters_fo_counters_mcts_orig_novh_e.5_c.1_s923500475_K0_SR10T_src20401236_e0014.txt","/home/hersco/training_new_domains/2026-08-21/statistical_replication_stage2_policy_eval/20451558_Ev_fo_counters_fo_counters_orig_novh_c.1_s923500475_SR10P_src20430395_e0009.txt","/home/hersco/training_new_domains/2026-08-21/statistical_replication_stage2_policy_eval/20451558_Ev_fo_counters_fo_counters_orig_novh_c.1_s923500475_SR10P_src20430395_e0009.txt","",""
"MAIN-VAL","fo_counters","off","stage2","validation_selected","1073581256","20430389","12","/home/hersco/bershco-nu-asnets/numeric-asnets/asnets/experiment-results/experiments_numeric.domain.fo_counters-experiments_numeric.architecture_2.fo_counters_mcts-2026-08-21T11:21:30.242995/P[domain,instance_2,instance_3,instance_4]-S[0.0003,50,enhsp-hmrmax-astar]-MO[]-T[518400]-04906475-1247c09/snapshots/snapshot_12_1.0000","20451364","2","20","COMPLETED","0:0","00:04:10","2","0","/home/hersco/training_new_domains/2026-08-21/statistical_replication_stage2_training/20430389_Re-Tr_fo_counters_fo_counters_mcts_orig_novh_e.5_c.1_s1073581256_K0_SR10T_src20401230_e0022.txt","/home/hersco/training_new_domains/2026-08-21/statistical_replication_stage2_policy_eval/20451364_Ev_fo_counters_fo_counters_orig_novh_c.1_s1073581256_SR10P_src20430389_e0012.txt","/home/hersco/training_new_domains/2026-08-21/statistical_replication_stage2_policy_eval/20451364_Ev_fo_counters_fo_counters_orig_novh_c.1_s1073581256_SR10P_src20430389_e0012.txt","",""
"MAIN-VAL","fo_counters","off","stage2","validation_selected","1239739722","20430390","70","/home/hersco/bershco-nu-asnets/numeric-asnets/asnets/experiment-results/experiments_numeric.domain.fo_counters-experiments_numeric.architecture_2.fo_counters_mcts-2026-08-21T11:21:18.201401/P[domain,instance_2,instance_3,instance_4]-S[0.0003,50,enhsp-hmrmax-astar]-MO[]-T[518400]-04906475-7d9a779/snapshots/snapshot_70_1.0000","20451380","3","20","COMPLETED","0:0","00:04:36","3","0","/home/hersco/training_new_domains/2026-08-21/statistical_replication_stage2_training/20430390_Re-Tr_fo_counters_fo_counters_mcts_orig_novh_e.5_c.1_s1239739722_K0_SR10T_src20401231_e0031.txt","/home/hersco/training_new_domains/2026-08-21/statistical_replication_stage2_policy_eval/20451380_Ev_fo_counters_fo_counters_orig_novh_c.1_s1239739722_SR10P_src20430390_e0070.txt","/home/hersco/training_new_domains/2026-08-21/statistical_replication_stage2_policy_eval/20451380_Ev_fo_counters_fo_counters_orig_novh_c.1_s1239739722_SR10P_src20430390_e0070.txt","20575458","/home/hersco/training_new_domains/2026-08-26/statistical_replication_stage2_policy_eval/20575458_Ev_fo_counters_fo_counters_orig_novh_c.1_s1239739722_SR10P_src20430390_e0070.txt"
"MAIN-VAL","fo_counters","off","stage2","validation_selected","1472491096","20430391","52","/home/hersco/bershco-nu-asnets/numeric-asnets/asnets/experiment-results/experiments_numeric.domain.fo_counters-experiments_numeric.architecture_2.fo_counters_mcts-2026-08-21T11:21:21.530986/P[domain,instance_2,instance_3,instance_4]-S[0.0003,50,enhsp-hmrmax-astar]-MO[]-T[518400]-04906475-43e0a7a/snapshots/snapshot_52_1.0000","20451410","4","20","COMPLETED","0:0","00:03:57","4","0","/home/hersco/training_new_domains/2026-08-21/statistical_replication_stage2_training/20430391_Re-Tr_fo_counters_fo_counters_mcts_orig_novh_e.5_c.1_s1472491096_K0_SR10T_src20401232_e0016.txt","/home/hersco/training_new_domains/2026-08-21/statistical_replication_stage2_policy_eval/20451410_Ev_fo_counters_fo_counters_orig_novh_c.1_s1472491096_SR10P_src20430391_e0052.txt","/home/hersco/training_new_domains/2026-08-21/statistical_replication_stage2_policy_eval/20451410_Ev_fo_counters_fo_counters_orig_novh_c.1_s1472491096_SR10P_src20430391_e0052.txt","",""
"MAIN-VAL","fo_counters","off","stage2","validation_selected","1510771779","20430394","6","/home/hersco/bershco-nu-asnets/numeric-asnets/asnets/experiment-results/experiments_numeric.domain.fo_counters-experiments_numeric.architecture_2.fo_counters_mcts-2026-08-21T11:21:49.557937/P[domain,instance_2,instance_3,instance_4]-S[0.0003,50,enhsp-hmrmax-astar]-MO[]-T[518400]-04906475-17cc32a/snapshots/snapshot_6_1.0000","20451530","2","20","COMPLETED","0:0","00:04:52","2","0","/home/hersco/training_new_domains/2026-08-21/statistical_replication_stage2_training/20430394_Re-Tr_fo_counters_fo_counters_mcts_orig_novh_e.5_c.1_s1510771779_K0_SR10T_src20401235_e0066.txt","/home/hersco/training_new_domains/2026-08-21/statistical_replication_stage2_policy_eval/20451530_Ev_fo_counters_fo_counters_orig_novh_c.1_s1510771779_SR10P_src20430394_e0006.txt","/home/hersco/training_new_domains/2026-08-21/statistical_replication_stage2_policy_eval/20451530_Ev_fo_counters_fo_counters_orig_novh_c.1_s1510771779_SR10P_src20430394_e0006.txt","",""
"MAIN-VAL","fo_counters","off","stage2","validation_selected","1963100312","20430387","27","/home/hersco/bershco-nu-asnets/numeric-asnets/asnets/experiment-results/experiments_numeric.domain.fo_counters-experiments_numeric.architecture_2.fo_counters_mcts-2026-08-21T11:20:47.173340/P[domain,instance_2,instance_3,instance_4]-S[0.0003,50,enhsp-hmrmax-astar]-MO[]-T[518400]-04906474-2fc32f3/snapshots/snapshot_27_1.0000","20451278","3","20","COMPLETED","0:0","00:04:07","3","0","/home/hersco/training_new_domains/2026-08-21/statistical_replication_stage2_training/20430387_Re-Tr_fo_counters_fo_counters_mcts_orig_novh_e.5_c.1_s1963100312_K0_SR10T_src20401228_e0008.txt","/home/hersco/training_new_domains/2026-08-21/statistical_replication_stage2_policy_eval/20451278_Ev_fo_counters_fo_counters_orig_novh_c.1_s1963100312_SR10P_src20430387_e0027.txt","/home/hersco/training_new_domains/2026-08-21/statistical_replication_stage2_policy_eval/20451278_Ev_fo_counters_fo_counters_orig_novh_c.1_s1963100312_SR10P_src20430387_e0027.txt","",""
"MAIN-VAL","fo_counters","off","stage2","validation_selected","1972442430","20430396","15","/home/hersco/bershco-nu-asnets/numeric-asnets/asnets/experiment-results/experiments_numeric.domain.fo_counters-experiments_numeric.architecture_2.fo_counters_mcts-2026-08-21T11:23:15.346116/P[domain,instance_2,instance_3,instance_4]-S[0.0003,50,enhsp-hmrmax-astar]-MO[]-T[518400]-04906477-72aea46/snapshots/snapshot_15_1.0000","20451562","2","20","COMPLETED","0:0","00:06:01","2","0","/home/hersco/training_new_domains/2026-08-21/statistical_replication_stage2_training/20430396_Re-Tr_fo_counters_fo_counters_mcts_orig_novh_e.5_c.1_s1972442430_K0_SR10T_src20401237_e0028.txt","/home/hersco/training_new_domains/2026-08-21/statistical_replication_stage2_policy_eval/20451562_Ev_fo_counters_fo_counters_orig_novh_c.1_s1972442430_SR10P_src20430396_e0015.txt","/home/hersco/training_new_domains/2026-08-21/statistical_replication_stage2_policy_eval/20451562_Ev_fo_counters_fo_counters_orig_novh_c.1_s1972442430_SR10P_src20430396_e0015.txt","20575459","/home/hersco/training_new_domains/2026-08-26/statistical_replication_stage2_policy_eval/20575459_Ev_fo_counters_fo_counters_orig_novh_c.1_s1972442430_SR10P_src20430396_e0015.txt"
"MAIN-VAL","fo_counters","off","stage2","validation_selected","2011206605","20430388","14","/home/hersco/bershco-nu-asnets/numeric-asnets/asnets/experiment-results/experiments_numeric.domain.fo_counters-experiments_numeric.architecture_2.fo_counters_mcts-2026-08-21T11:21:17.101346/P[domain,instance_2,instance_3,instance_4]-S[0.0003,50,enhsp-hmrmax-astar]-MO[]-T[518400]-04906475-067843/snapshots/snapshot_14_1.0000","20451342","5","20","COMPLETED","0:0","00:04:11","5","0","/home/hersco/training_new_domains/2026-08-21/statistical_replication_stage2_training/20430388_Re-Tr_fo_counters_fo_counters_mcts_orig_novh_e.5_c.1_s2011206605_K0_SR10T_src20401229_e0046.txt","/home/hersco/training_new_domains/2026-08-21/statistical_replication_stage2_policy_eval/20451342_Ev_fo_counters_fo_counters_orig_novh_c.1_s2011206605_SR10P_src20430388_e0014.txt","/home/hersco/training_new_domains/2026-08-21/statistical_replication_stage2_policy_eval/20451342_Ev_fo_counters_fo_counters_orig_novh_c.1_s2011206605_SR10P_src20430388_e0014.txt","",""
"MAIN-VAL","fo_counters","off","stage2","validation_selected","2082152039","20430393","17","/home/hersco/bershco-nu-asnets/numeric-asnets/asnets/experiment-results/experiments_numeric.domain.fo_counters-experiments_numeric.architecture_2.fo_counters_mcts-2026-08-21T11:21:49.188976/P[domain,instance_2,instance_3,instance_4]-S[0.0003,50,enhsp-hmrmax-astar]-MO[]-T[518400]-04906475-faf7d6/snapshots/snapshot_17_1.0000","20451508","3","20","COMPLETED","0:0","00:05:38","3","0","/home/hersco/training_new_domains/2026-08-21/statistical_replication_stage2_training/20430393_Re-Tr_fo_counters_fo_counters_mcts_orig_novh_e.5_c.1_s2082152039_K0_SR10T_src20401234_e0069.txt","/home/hersco/training_new_domains/2026-08-21/statistical_replication_stage2_policy_eval/20451508_Ev_fo_counters_fo_counters_orig_novh_c.1_s2082152039_SR10P_src20430393_e0017.txt","/home/hersco/training_new_domains/2026-08-21/statistical_replication_stage2_policy_eval/20451508_Ev_fo_counters_fo_counters_orig_novh_c.1_s2082152039_SR10P_src20430393_e0017.txt","",""
"MAIN-VAL","fo_counters","on","stage1","validation_selected","534933607","20401223","58","/home/hersco/bershco-nu-asnets/numeric-asnets/asnets/experiment-results/experiments_numeric.domain.fo_counters-experiments_numeric.architecture_2.fo_counters-2026-08-20T18:13:09.104829/P[domain,instance_2,instance_3,instance_4]-S[0.003,50,enhsp-hmrmax-astar]-MO[]-T[518400]-04905447-3c74d66/snapshots/snapshot_58_1.000","20426397","2","20","COMPLETED","0:0","00:04:48","2","0","/home/hersco/training_new_domains/2026-08-20/statistical_replication_stage1_10seed/20401223_Tr_fo_counters_fo_counters_orig_vh_c.1_s534933607_STATREP10_STAGE1.txt","/home/hersco/training_new_domains/2026-08-21/statistical_replication_stage1_policy_eval/20426397_Ev_fo_counters_fo_counters_orig_vh_c.1_s534933607_SR10P_src20401223_e0058.txt","/home/hersco/training_new_domains/2026-08-21/statistical_replication_stage1_policy_eval/20426397_Ev_fo_counters_fo_counters_orig_vh_c.1_s534933607_SR10P_src20401223_e0058.txt","",""
"MAIN-VAL","fo_counters","on","stage1","validation_selected","923500475","20401226","34","/home/hersco/bershco-nu-asnets/numeric-asnets/asnets/experiment-results/experiments_numeric.domain.fo_counters-experiments_numeric.architecture_2.fo_counters-2026-08-20T18:14:12.779593/P[domain,instance_2,instance_3,instance_4]-S[0.003,50,enhsp-hmrmax-astar]-MO[]-T[518400]-04905449-5194f74/snapshots/snapshot_34_1.000","20426477","3","20","COMPLETED","0:0","00:05:30","3","0","/home/hersco/training_new_domains/2026-08-20/statistical_replication_stage1_10seed/20401226_Tr_fo_counters_fo_counters_orig_vh_c.1_s923500475_STATREP10_STAGE1.txt","/home/hersco/training_new_domains/2026-08-21/statistical_replication_stage1_policy_eval/20426477_Ev_fo_counters_fo_counters_orig_vh_c.1_s923500475_SR10P_src20401226_e0034.txt","/home/hersco/training_new_domains/2026-08-21/statistical_replication_stage1_policy_eval/20426477_Ev_fo_counters_fo_counters_orig_vh_c.1_s923500475_SR10P_src20401226_e0034.txt","",""
"MAIN-VAL","fo_counters","on","stage1","validation_selected","1073581256","20401220","106","/home/hersco/bershco-nu-asnets/numeric-asnets/asnets/experiment-results/experiments_numeric.domain.fo_counters-experiments_numeric.architecture_2.fo_counters-2026-08-20T18:13:09.105162/P[domain,instance_2,instance_3,instance_4]-S[0.003,50,enhsp-hmrmax-astar]-MO[]-T[518400]-04905447-1247c09/snapshots/snapshot_106_1.000","20426139","4","20","COMPLETED","0:0","00:04:14","4","0","/home/hersco/training_new_domains/2026-08-20/statistical_replication_stage1_10seed/20401220_Tr_fo_counters_fo_counters_orig_vh_c.1_s1073581256_STATREP10_STAGE1.txt","/home/hersco/training_new_domains/2026-08-21/statistical_replication_stage1_policy_eval/20426139_Ev_fo_counters_fo_counters_orig_vh_c.1_s1073581256_SR10P_src20401220_e0106.txt","/home/hersco/training_new_domains/2026-08-21/statistical_replication_stage1_policy_eval/20426139_Ev_fo_counters_fo_counters_orig_vh_c.1_s1073581256_SR10P_src20401220_e0106.txt","",""
"MAIN-VAL","fo_counters","on","stage1","validation_selected","1239739722","20401221","92","/home/hersco/bershco-nu-asnets/numeric-asnets/asnets/experiment-results/experiments_numeric.domain.fo_counters-experiments_numeric.architecture_2.fo_counters-2026-08-20T18:13:09.109452/P[domain,instance_2,instance_3,instance_4]-S[0.003,50,enhsp-hmrmax-astar]-MO[]-T[518400]-04905447-7d9a779/snapshots/snapshot_92_1.000","20426204","5","20","COMPLETED","0:0","00:04:59","5","0","/home/hersco/training_new_domains/2026-08-20/statistical_replication_stage1_10seed/20401221_Tr_fo_counters_fo_counters_orig_vh_c.1_s1239739722_STATREP10_STAGE1.txt","/home/hersco/training_new_domains/2026-08-21/statistical_replication_stage1_policy_eval/20426204_Ev_fo_counters_fo_counters_orig_vh_c.1_s1239739722_SR10P_src20401221_e0092.txt","/home/hersco/training_new_domains/2026-08-21/statistical_replication_stage1_policy_eval/20426204_Ev_fo_counters_fo_counters_orig_vh_c.1_s1239739722_SR10P_src20401221_e0092.txt","",""
"MAIN-VAL","fo_counters","on","stage1","validation_selected","1472491096","20401222","66","/home/hersco/bershco-nu-asnets/numeric-asnets/asnets/experiment-results/experiments_numeric.domain.fo_counters-experiments_numeric.architecture_2.fo_counters-2026-08-20T18:13:09.124518/P[domain,instance_2,instance_3,instance_4]-S[0.003,50,enhsp-hmrmax-astar]-MO[]-T[518400]-04905447-43e0a7a/snapshots/snapshot_66_0.667","20426245","3","20","COMPLETED","0:0","00:03:57","3","0","/home/hersco/training_new_domains/2026-08-20/statistical_replication_stage1_10seed/20401222_Tr_fo_counters_fo_counters_orig_vh_c.1_s1472491096_STATREP10_STAGE1.txt","/home/hersco/training_new_domains/2026-08-21/statistical_replication_stage1_policy_eval/20426245_Ev_fo_counters_fo_counters_orig_vh_c.1_s1472491096_SR10P_src20401222_e0066.txt","/home/hersco/training_new_domains/2026-08-21/statistical_replication_stage1_policy_eval/20426245_Ev_fo_counters_fo_counters_orig_vh_c.1_s1472491096_SR10P_src20401222_e0066.txt","",""
"MAIN-VAL","fo_counters","on","stage1","validation_selected","1510771779","20401225","68","/home/hersco/bershco-nu-asnets/numeric-asnets/asnets/experiment-results/experiments_numeric.domain.fo_counters-experiments_numeric.architecture_2.fo_counters-2026-08-20T18:13:55.750806/P[domain,instance_2,instance_3,instance_4]-S[0.003,50,enhsp-hmrmax-astar]-MO[]-T[518400]-04905448-17cc32a/snapshots/snapshot_68_1.000","20426437","6","20","COMPLETED","0:0","00:04:52","6","0","/home/hersco/training_new_domains/2026-08-20/statistical_replication_stage1_10seed/20401225_Tr_fo_counters_fo_counters_orig_vh_c.1_s1510771779_STATREP10_STAGE1.txt","/home/hersco/training_new_domains/2026-08-21/statistical_replication_stage1_policy_eval/20426437_Ev_fo_counters_fo_counters_orig_vh_c.1_s1510771779_SR10P_src20401225_e0068.txt","/home/hersco/training_new_domains/2026-08-21/statistical_replication_stage1_policy_eval/20426437_Ev_fo_counters_fo_counters_orig_vh_c.1_s1510771779_SR10P_src20401225_e0068.txt","",""
"MAIN-VAL","fo_counters","on","stage1","validation_selected","1963100312","20401218","11","/home/hersco/bershco-nu-asnets/numeric-asnets/asnets/experiment-results/experiments_numeric.domain.fo_counters-experiments_numeric.architecture_2.fo_counters-2026-08-20T18:13:09.116765/P[domain,instance_2,instance_3,instance_4]-S[0.003,50,enhsp-hmrmax-astar]-MO[]-T[518400]-04905447-2fc32f3/snapshots/snapshot_11_1.000","20425875","4","20","COMPLETED","0:0","00:04:34","4","0","/home/hersco/training_new_domains/2026-08-20/statistical_replication_stage1_10seed/20401218_Tr_fo_counters_fo_counters_orig_vh_c.1_s1963100312_STATREP10_STAGE1.txt","/home/hersco/training_new_domains/2026-08-21/statistical_replication_stage1_policy_eval/20425875_Ev_fo_counters_fo_counters_orig_vh_c.1_s1963100312_SR10P_src20401218_e0011.txt","/home/hersco/training_new_domains/2026-08-21/statistical_replication_stage1_policy_eval/20425875_Ev_fo_counters_fo_counters_orig_vh_c.1_s1963100312_SR10P_src20401218_e0011.txt","",""
"MAIN-VAL","fo_counters","on","stage1","validation_selected","1972442430","20401227","42","/home/hersco/bershco-nu-asnets/numeric-asnets/asnets/experiment-results/experiments_numeric.domain.fo_counters-experiments_numeric.architecture_2.fo_counters-2026-08-20T18:13:55.750805/P[domain,instance_2,instance_3,instance_4]-S[0.003,50,enhsp-hmrmax-astar]-MO[]-T[518400]-04905448-72aea46/snapshots/snapshot_42_1.000","20426519","5","20","COMPLETED","0:0","00:03:55","5","0","/home/hersco/training_new_domains/2026-08-20/statistical_replication_stage1_10seed/20401227_Tr_fo_counters_fo_counters_orig_vh_c.1_s1972442430_STATREP10_STAGE1.txt","/home/hersco/training_new_domains/2026-08-21/statistical_replication_stage1_policy_eval/20426519_Ev_fo_counters_fo_counters_orig_vh_c.1_s1972442430_SR10P_src20401227_e0042.txt","/home/hersco/training_new_domains/2026-08-21/statistical_replication_stage1_policy_eval/20426519_Ev_fo_counters_fo_counters_orig_vh_c.1_s1972442430_SR10P_src20401227_e0042.txt","",""
"MAIN-VAL","fo_counters","on","stage1","validation_selected","2011206605","20401219","51","/home/hersco/bershco-nu-asnets/numeric-asnets/asnets/experiment-results/experiments_numeric.domain.fo_counters-experiments_numeric.architecture_2.fo_counters-2026-08-20T18:13:09.114894/P[domain,instance_2,instance_3,instance_4]-S[0.003,50,enhsp-hmrmax-astar]-MO[]-T[518400]-04905447-067843/snapshots/snapshot_51_1.000","20426065","3","20","COMPLETED","0:0","00:03:59","3","0","/home/hersco/training_new_domains/2026-08-20/statistical_replication_stage1_10seed/20401219_Tr_fo_counters_fo_counters_orig_vh_c.1_s2011206605_STATREP10_STAGE1.txt","/home/hersco/training_new_domains/2026-08-21/statistical_replication_stage1_policy_eval/20426065_Ev_fo_counters_fo_counters_orig_vh_c.1_s2011206605_SR10P_src20401219_e0051.txt","/home/hersco/training_new_domains/2026-08-21/statistical_replication_stage1_policy_eval/20426065_Ev_fo_counters_fo_counters_orig_vh_c.1_s2011206605_SR10P_src20401219_e0051.txt","",""
"MAIN-VAL","fo_counters","on","stage1","validation_selected","2082152039","20401224","23","/home/hersco/bershco-nu-asnets/numeric-asnets/asnets/experiment-results/experiments_numeric.domain.fo_counters-experiments_numeric.architecture_2.fo_counters-2026-08-20T18:13:09.112717/P[domain,instance_2,instance_3,instance_4]-S[0.003,50,enhsp-hmrmax-astar]-MO[]-T[518400]-04905447-faf7d6/snapshots/snapshot_23_1.000","20426412","2","20","COMPLETED","0:0","00:05:00","2","0","/home/hersco/training_new_domains/2026-08-20/statistical_replication_stage1_10seed/20401224_Tr_fo_counters_fo_counters_orig_vh_c.1_s2082152039_STATREP10_STAGE1.txt","/home/hersco/training_new_domains/2026-08-21/statistical_replication_stage1_policy_eval/20426412_Ev_fo_counters_fo_counters_orig_vh_c.1_s2082152039_SR10P_src20401224_e0023.txt","/home/hersco/training_new_domains/2026-08-21/statistical_replication_stage1_policy_eval/20426412_Ev_fo_counters_fo_counters_orig_vh_c.1_s2082152039_SR10P_src20401224_e0023.txt","",""
"MAIN-VAL","fo_counters","on","stage2","final","534933607","20430382","99","/home/hersco/bershco-nu-asnets/numeric-asnets/asnets/experiment-results/experiments_numeric.domain.fo_counters-experiments_numeric.architecture_2.fo_counters_mcts-2026-08-21T11:19:51.422668/P[domain,instance_2,instance_3,instance_4]-S[0.0003,50,enhsp-hmrmax-astar]-MO[]-T[518400]-04906473-3c74d66/snapshots/snapshot_99_0.5000","20451121","3","20","COMPLETED","0:0","00:05:02","3","0","/home/hersco/training_new_domains/2026-08-21/statistical_replication_stage2_training/20430382_Re-Tr_fo_counters_fo_counters_mcts_orig_vh_e.5_c.1_s534933607_K0_SR10T_src20401223_e0058.txt","/home/hersco/training_new_domains/2026-08-21/statistical_replication_stage2_policy_eval/20451121_Ev_fo_counters_fo_counters_orig_vh_c.1_s534933607_SR10P_src20430382_e0099.txt","/home/hersco/training_new_domains/2026-08-21/statistical_replication_stage2_policy_eval/20451121_Ev_fo_counters_fo_counters_orig_vh_c.1_s534933607_SR10P_src20430382_e0099.txt","",""
"MAIN-VAL","fo_counters","on","stage2","final","923500475","20430385","99","/home/hersco/bershco-nu-asnets/numeric-asnets/asnets/experiment-results/experiments_numeric.domain.fo_counters-experiments_numeric.architecture_2.fo_counters_mcts-2026-08-21T11:20:21.468908/P[domain,instance_2,instance_3,instance_4]-S[0.0003,50,enhsp-hmrmax-astar]-MO[]-T[518400]-04906474-5194f74/snapshots/snapshot_99_1.0000","20451233","2","20","COMPLETED","0:0","00:06:18","2","0","/home/hersco/training_new_domains/2026-08-21/statistical_replication_stage2_training/20430385_Re-Tr_fo_counters_fo_counters_mcts_orig_vh_e.5_c.1_s923500475_K0_SR10T_src20401226_e0034.txt","/home/hersco/training_new_domains/2026-08-21/statistical_replication_stage2_policy_eval/20451233_Ev_fo_counters_fo_counters_orig_vh_c.1_s923500475_SR10P_src20430385_e0099.txt","/home/hersco/training_new_domains/2026-08-21/statistical_replication_stage2_policy_eval/20451233_Ev_fo_counters_fo_counters_orig_vh_c.1_s923500475_SR10P_src20430385_e0099.txt","",""
"MAIN-VAL","fo_counters","on","stage2","final","1073581256","20430379","99","/home/hersco/bershco-nu-asnets/numeric-asnets/asnets/experiment-results/experiments_numeric.domain.fo_counters-experiments_numeric.architecture_2.fo_counters_mcts-2026-08-21T11:19:37.560220/P[domain,instance_2,instance_3,instance_4]-S[0.0003,50,enhsp-hmrmax-astar]-MO[]-T[518400]-04906473-1247c09/snapshots/snapshot_99_1.0000","20451046","4","20","COMPLETED","0:0","00:04:39","4","0","/home/hersco/training_new_domains/2026-08-21/statistical_replication_stage2_training/20430379_Re-Tr_fo_counters_fo_counters_mcts_orig_vh_e.5_c.1_s1073581256_K0_SR10T_src20401220_e0106.txt","/home/hersco/training_new_domains/2026-08-21/statistical_replication_stage2_policy_eval/20451046_Ev_fo_counters_fo_counters_orig_vh_c.1_s1073581256_SR10P_src20430379_e0099.txt","/home/hersco/training_new_domains/2026-08-21/statistical_replication_stage2_policy_eval/20451046_Ev_fo_counters_fo_counters_orig_vh_c.1_s1073581256_SR10P_src20430379_e0099.txt","",""
"MAIN-VAL","fo_counters","on","stage2","final","1239739722","20430380","99","/home/hersco/bershco-nu-asnets/numeric-asnets/asnets/experiment-results/experiments_numeric.domain.fo_counters-experiments_numeric.architecture_2.fo_counters_mcts-2026-08-21T11:19:20.163335/P[domain,instance_2,instance_3,instance_4]-S[0.0003,50,enhsp-hmrmax-astar]-MO[]-T[518400]-04906473-7d9a779/snapshots/snapshot_99_1.0000","20451068","4","20","COMPLETED","0:0","00:03:57","4","0","/home/hersco/training_new_domains/2026-08-21/statistical_replication_stage2_training/20430380_Re-Tr_fo_counters_fo_counters_mcts_orig_vh_e.5_c.1_s1239739722_K0_SR10T_src20401221_e0092.txt","/home/hersco/training_new_domains/2026-08-21/statistical_replication_stage2_policy_eval/20451068_Ev_fo_counters_fo_counters_orig_vh_c.1_s1239739722_SR10P_src20430380_e0099.txt","/home/hersco/training_new_domains/2026-08-21/statistical_replication_stage2_policy_eval/20451068_Ev_fo_counters_fo_counters_orig_vh_c.1_s1239739722_SR10P_src20430380_e0099.txt","",""
"MAIN-VAL","fo_counters","on","stage2","final","1472491096","20430381","99","/home/hersco/bershco-nu-asnets/numeric-asnets/asnets/experiment-results/experiments_numeric.domain.fo_counters-experiments_numeric.architecture_2.fo_counters_mcts-2026-08-21T11:19:31.748382/P[domain,instance_2,instance_3,instance_4]-S[0.0003,50,enhsp-hmrmax-astar]-MO[]-T[518400]-04906473-43e0a7a/snapshots/snapshot_99_1.0000","20451090","3","20","COMPLETED","0:0","00:05:39","3","0","/home/hersco/training_new_domains/2026-08-21/statistical_replication_stage2_training/20430381_Re-Tr_fo_counters_fo_counters_mcts_orig_vh_e.5_c.1_s1472491096_K0_SR10T_src20401222_e0066.txt","/home/hersco/training_new_domains/2026-08-21/statistical_replication_stage2_policy_eval/20451090_Ev_fo_counters_fo_counters_orig_vh_c.1_s1472491096_SR10P_src20430381_e0099.txt","/home/hersco/training_new_domains/2026-08-21/statistical_replication_stage2_policy_eval/20451090_Ev_fo_counters_fo_counters_orig_vh_c.1_s1472491096_SR10P_src20430381_e0099.txt","",""
"MAIN-VAL","fo_counters","on","stage2","final","1510771779","20430384","99","/home/hersco/bershco-nu-asnets/numeric-asnets/asnets/experiment-results/experiments_numeric.domain.fo_counters-experiments_numeric.architecture_2.fo_counters_mcts-2026-08-21T11:20:17.657920/P[domain,instance_2,instance_3,instance_4]-S[0.0003,50,enhsp-hmrmax-astar]-MO[]-T[518400]-04906474-17cc32a/snapshots/snapshot_99_1.0000","20451212","3","20","COMPLETED","0:0","00:04:10","3","0","/home/hersco/training_new_domains/2026-08-21/statistical_replication_stage2_training/20430384_Re-Tr_fo_counters_fo_counters_mcts_orig_vh_e.5_c.1_s1510771779_K0_SR10T_src20401225_e0068.txt","/home/hersco/training_new_domains/2026-08-21/statistical_replication_stage2_policy_eval/20451212_Ev_fo_counters_fo_counters_orig_vh_c.1_s1510771779_SR10P_src20430384_e0099.txt","/home/hersco/training_new_domains/2026-08-21/statistical_replication_stage2_policy_eval/20451212_Ev_fo_counters_fo_counters_orig_vh_c.1_s1510771779_SR10P_src20430384_e0099.txt","",""
"MAIN-VAL","fo_counters","on","stage2","final","1963100312","20430377","99","/home/hersco/bershco-nu-asnets/numeric-asnets/asnets/experiment-results/experiments_numeric.domain.fo_counters-experiments_numeric.architecture_2.fo_counters_mcts-2026-08-21T11:18:51.461045/P[domain,instance_2,instance_3,instance_4]-S[0.0003,50,enhsp-hmrmax-astar]-MO[]-T[518400]-04906472-2fc32f3/snapshots/snapshot_99_1.0000","20450988","4","20","COMPLETED","0:0","00:04:15","4","0","/home/hersco/training_new_domains/2026-08-21/statistical_replication_stage2_training/20430377_Re-Tr_fo_counters_fo_counters_mcts_orig_vh_e.5_c.1_s1963100312_K0_SR10T_src20401218_e0011.txt","/home/hersco/training_new_domains/2026-08-21/statistical_replication_stage2_policy_eval/20450988_Ev_fo_counters_fo_counters_orig_vh_c.1_s1963100312_SR10P_src20430377_e0099.txt","/home/hersco/training_new_domains/2026-08-21/statistical_replication_stage2_policy_eval/20450988_Ev_fo_counters_fo_counters_orig_vh_c.1_s1963100312_SR10P_src20430377_e0099.txt","",""
"MAIN-VAL","fo_counters","on","stage2","final","1972442430","20430386","99","/home/hersco/bershco-nu-asnets/numeric-asnets/asnets/experiment-results/experiments_numeric.domain.fo_counters-experiments_numeric.architecture_2.fo_counters_mcts-2026-08-21T11:20:21.625518/P[domain,instance_2,instance_3,instance_4]-S[0.0003,50,enhsp-hmrmax-astar]-MO[]-T[518400]-04906474-72aea46/snapshots/snapshot_99_1.0000","20451255","4","20","COMPLETED","0:0","00:04:24","4","0","/home/hersco/training_new_domains/2026-08-21/statistical_replication_stage2_training/20430386_Re-Tr_fo_counters_fo_counters_mcts_orig_vh_e.5_c.1_s1972442430_K0_SR10T_src20401227_e0042.txt","/home/hersco/training_new_domains/2026-08-21/statistical_replication_stage2_policy_eval/20451255_Ev_fo_counters_fo_counters_orig_vh_c.1_s1972442430_SR10P_src20430386_e0099.txt","/home/hersco/training_new_domains/2026-08-21/statistical_replication_stage2_policy_eval/20451255_Ev_fo_counters_fo_counters_orig_vh_c.1_s1972442430_SR10P_src20430386_e0099.txt","",""
"MAIN-VAL","fo_counters","on","stage2","final","2011206605","20430378","99","/home/hersco/bershco-nu-asnets/numeric-asnets/asnets/experiment-results/experiments_numeric.domain.fo_counters-experiments_numeric.architecture_2.fo_counters_mcts-2026-08-21T11:18:51.470839/P[domain,instance_2,instance_3,instance_4]-S[0.0003,50,enhsp-hmrmax-astar]-MO[]-T[518400]-04906472-067843/snapshots/snapshot_99_1.0000","20464911","3","20","COMPLETED","0:0","00:04:16","3","0","/home/hersco/training_new_domains/2026-08-21/statistical_replication_stage2_training/20430378_Re-Tr_fo_counters_fo_counters_mcts_orig_vh_e.5_c.1_s2011206605_K0_SR10T_src20401219_e0051.txt","/home/hersco/training_new_domains/2026-08-21/statistical_replication_stage2_policy_eval/20464911_Ev_fo_counters_fo_counters_orig_vh_c.1_s2011206605_SR10P_src20430378_e0099.txt","/home/hersco/training_new_domains/2026-08-21/statistical_replication_stage2_policy_eval/20464911_Ev_fo_counters_fo_counters_orig_vh_c.1_s2011206605_SR10P_src20430378_e0099.txt","",""
"MAIN-VAL","fo_counters","on","stage2","final","2082152039","20430383","99","/home/hersco/bershco-nu-asnets/numeric-asnets/asnets/experiment-results/experiments_numeric.domain.fo_counters-experiments_numeric.architecture_2.fo_counters_mcts-2026-08-21T11:20:18.862415/P[domain,instance_2,instance_3,instance_4]-S[0.0003,50,enhsp-hmrmax-astar]-MO[]-T[518400]-04906474-faf7d6/snapshots/snapshot_99_0.5000","20451143","1","20","COMPLETED","0:0","00:04:49","1","0","/home/hersco/training_new_domains/2026-08-21/statistical_replication_stage2_training/20430383_Re-Tr_fo_counters_fo_counters_mcts_orig_vh_e.5_c.1_s2082152039_K0_SR10T_src20401224_e0023.txt","/home/hersco/training_new_domains/2026-08-21/statistical_replication_stage2_policy_eval/20451143_Ev_fo_counters_fo_counters_orig_vh_c.1_s2082152039_SR10P_src20430383_e0099.txt","/home/hersco/training_new_domains/2026-08-21/statistical_replication_stage2_policy_eval/20451143_Ev_fo_counters_fo_counters_orig_vh_c.1_s2082152039_SR10P_src20430383_e0099.txt","",""
"MAIN-VAL","fo_counters","on","stage2","validation_selected","534933607","20430382","21","/home/hersco/bershco-nu-asnets/numeric-asnets/asnets/experiment-results/experiments_numeric.domain.fo_counters-experiments_numeric.architecture_2.fo_counters_mcts-2026-08-21T11:19:51.422668/P[domain,instance_2,instance_3,instance_4]-S[0.0003,50,enhsp-hmrmax-astar]-MO[]-T[518400]-04906473-3c74d66/snapshots/snapshot_21_1.0000","20451122","2","20","COMPLETED","0:0","00:04:00","2","0","/home/hersco/training_new_domains/2026-08-21/statistical_replication_stage2_training/20430382_Re-Tr_fo_counters_fo_counters_mcts_orig_vh_e.5_c.1_s534933607_K0_SR10T_src20401223_e0058.txt","/home/hersco/training_new_domains/2026-08-21/statistical_replication_stage2_policy_eval/20451122_Ev_fo_counters_fo_counters_orig_vh_c.1_s534933607_SR10P_src20430382_e0021.txt","/home/hersco/training_new_domains/2026-08-21/statistical_replication_stage2_policy_eval/20451122_Ev_fo_counters_fo_counters_orig_vh_c.1_s534933607_SR10P_src20430382_e0021.txt","",""
"MAIN-VAL","fo_counters","on","stage2","validation_selected","923500475","20430385","43","/home/hersco/bershco-nu-asnets/numeric-asnets/asnets/experiment-results/experiments_numeric.domain.fo_counters-experiments_numeric.architecture_2.fo_counters_mcts-2026-08-21T11:20:21.468908/P[domain,instance_2,instance_3,instance_4]-S[0.0003,50,enhsp-hmrmax-astar]-MO[]-T[518400]-04906474-5194f74/snapshots/snapshot_43_1.0000","20451234","1","20","COMPLETED","0:0","00:05:06","1","0","/home/hersco/training_new_domains/2026-08-21/statistical_replication_stage2_training/20430385_Re-Tr_fo_counters_fo_counters_mcts_orig_vh_e.5_c.1_s923500475_K0_SR10T_src20401226_e0034.txt","/home/hersco/training_new_domains/2026-08-21/statistical_replication_stage2_policy_eval/20451234_Ev_fo_counters_fo_counters_orig_vh_c.1_s923500475_SR10P_src20430385_e0043.txt","/home/hersco/training_new_domains/2026-08-21/statistical_replication_stage2_policy_eval/20451234_Ev_fo_counters_fo_counters_orig_vh_c.1_s923500475_SR10P_src20430385_e0043.txt","",""
"MAIN-VAL","fo_counters","on","stage2","validation_selected","1073581256","20430379","39","/home/hersco/bershco-nu-asnets/numeric-asnets/asnets/experiment-results/experiments_numeric.domain.fo_counters-experiments_numeric.architecture_2.fo_counters_mcts-2026-08-21T11:19:37.560220/P[domain,instance_2,instance_3,instance_4]-S[0.0003,50,enhsp-hmrmax-astar]-MO[]-T[518400]-04906473-1247c09/snapshots/snapshot_39_1.0000","20451047","4","20","COMPLETED","0:0","00:03:23","4","0","/home/hersco/training_new_domains/2026-08-21/statistical_replication_stage2_training/20430379_Re-Tr_fo_counters_fo_counters_mcts_orig_vh_e.5_c.1_s1073581256_K0_SR10T_src20401220_e0106.txt","/home/hersco/training_new_domains/2026-08-21/statistical_replication_stage2_policy_eval/20451047_Ev_fo_counters_fo_counters_orig_vh_c.1_s1073581256_SR10P_src20430379_e0039.txt","/home/hersco/training_new_domains/2026-08-21/statistical_replication_stage2_policy_eval/20451047_Ev_fo_counters_fo_counters_orig_vh_c.1_s1073581256_SR10P_src20430379_e0039.txt","",""
"MAIN-VAL","fo_counters","on","stage2","validation_selected","1239739722","20430380","8","/home/hersco/bershco-nu-asnets/numeric-asnets/asnets/experiment-results/experiments_numeric.domain.fo_counters-experiments_numeric.architecture_2.fo_counters_mcts-2026-08-21T11:19:20.163335/P[domain,instance_2,instance_3,instance_4]-S[0.0003,50,enhsp-hmrmax-astar]-MO[]-T[518400]-04906473-7d9a779/snapshots/snapshot_8_1.0000","20451069","3","20","COMPLETED","0:0","00:04:24","3","0","/home/hersco/training_new_domains/2026-08-21/statistical_replication_stage2_training/20430380_Re-Tr_fo_counters_fo_counters_mcts_orig_vh_e.5_c.1_s1239739722_K0_SR10T_src20401221_e0092.txt","/home/hersco/training_new_domains/2026-08-21/statistical_replication_stage2_policy_eval/20451069_Ev_fo_counters_fo_counters_orig_vh_c.1_s1239739722_SR10P_src20430380_e0008.txt","/home/hersco/training_new_domains/2026-08-21/statistical_replication_stage2_policy_eval/20451069_Ev_fo_counters_fo_counters_orig_vh_c.1_s1239739722_SR10P_src20430380_e0008.txt","",""
"MAIN-VAL","fo_counters","on","stage2","validation_selected","1472491096","20430381","90","/home/hersco/bershco-nu-asnets/numeric-asnets/asnets/experiment-results/experiments_numeric.domain.fo_counters-experiments_numeric.architecture_2.fo_counters_mcts-2026-08-21T11:19:31.748382/P[domain,instance_2,instance_3,instance_4]-S[0.0003,50,enhsp-hmrmax-astar]-MO[]-T[518400]-04906473-43e0a7a/snapshots/snapshot_90_1.0000","20451088","3","20","COMPLETED","0:0","00:05:04","3","0","/home/hersco/training_new_domains/2026-08-21/statistical_replication_stage2_training/20430381_Re-Tr_fo_counters_fo_counters_mcts_orig_vh_e.5_c.1_s1472491096_K0_SR10T_src20401222_e0066.txt","/home/hersco/training_new_domains/2026-08-21/statistical_replication_stage2_policy_eval/20451088_Ev_fo_counters_fo_counters_orig_vh_c.1_s1472491096_SR10P_src20430381_e0090.txt","/home/hersco/training_new_domains/2026-08-21/statistical_replication_stage2_policy_eval/20451088_Ev_fo_counters_fo_counters_orig_vh_c.1_s1472491096_SR10P_src20430381_e0090.txt","20575456","/home/hersco/training_new_domains/2026-08-26/statistical_replication_stage2_policy_eval/20575456_Ev_fo_counters_fo_counters_orig_vh_c.1_s1472491096_SR10P_src20430381_e0090.txt"
"MAIN-VAL","fo_counters","on","stage2","validation_selected","1510771779","20430384","95","/home/hersco/bershco-nu-asnets/numeric-asnets/asnets/experiment-results/experiments_numeric.domain.fo_counters-experiments_numeric.architecture_2.fo_counters_mcts-2026-08-21T11:20:17.657920/P[domain,instance_2,instance_3,instance_4]-S[0.0003,50,enhsp-hmrmax-astar]-MO[]-T[518400]-04906474-17cc32a/snapshots/snapshot_95_1.0000","20451211","4","20","COMPLETED","0:0","00:05:09","4","0","/home/hersco/training_new_domains/2026-08-21/statistical_replication_stage2_training/20430384_Re-Tr_fo_counters_fo_counters_mcts_orig_vh_e.5_c.1_s1510771779_K0_SR10T_src20401225_e0068.txt","/home/hersco/training_new_domains/2026-08-21/statistical_replication_stage2_policy_eval/20451211_Ev_fo_counters_fo_counters_orig_vh_c.1_s1510771779_SR10P_src20430384_e0095.txt","/home/hersco/training_new_domains/2026-08-21/statistical_replication_stage2_policy_eval/20451211_Ev_fo_counters_fo_counters_orig_vh_c.1_s1510771779_SR10P_src20430384_e0095.txt","20575457","/home/hersco/training_new_domains/2026-08-26/statistical_replication_stage2_policy_eval/20575457_Ev_fo_counters_fo_counters_orig_vh_c.1_s1510771779_SR10P_src20430384_e0095.txt"
"MAIN-VAL","fo_counters","on","stage2","validation_selected","1963100312","20430377","55","/home/hersco/bershco-nu-asnets/numeric-asnets/asnets/experiment-results/experiments_numeric.domain.fo_counters-experiments_numeric.architecture_2.fo_counters_mcts-2026-08-21T11:18:51.461045/P[domain,instance_2,instance_3,instance_4]-S[0.0003,50,enhsp-hmrmax-astar]-MO[]-T[518400]-04906472-2fc32f3/snapshots/snapshot_55_1.0000","20450978","2","20","COMPLETED","0:0","00:04:51","2","0","/home/hersco/training_new_domains/2026-08-21/statistical_replication_stage2_training/20430377_Re-Tr_fo_counters_fo_counters_mcts_orig_vh_e.5_c.1_s1963100312_K0_SR10T_src20401218_e0011.txt","/home/hersco/training_new_domains/2026-08-21/statistical_replication_stage2_policy_eval/20450978_Ev_fo_counters_fo_counters_orig_vh_c.1_s1963100312_SR10P_src20430377_e0055.txt","/home/hersco/training_new_domains/2026-08-21/statistical_replication_stage2_policy_eval/20450978_Ev_fo_counters_fo_counters_orig_vh_c.1_s1963100312_SR10P_src20430377_e0055.txt","20575455","/home/hersco/training_new_domains/2026-08-26/statistical_replication_stage2_policy_eval/20575455_Ev_fo_counters_fo_counters_orig_vh_c.1_s1963100312_SR10P_src20430377_e0055.txt"
"MAIN-VAL","fo_counters","on","stage2","validation_selected","1972442430","20430386","29","/home/hersco/bershco-nu-asnets/numeric-asnets/asnets/experiment-results/experiments_numeric.domain.fo_counters-experiments_numeric.architecture_2.fo_counters_mcts-2026-08-21T11:20:21.625518/P[domain,instance_2,instance_3,instance_4]-S[0.0003,50,enhsp-hmrmax-astar]-MO[]-T[518400]-04906474-72aea46/snapshots/snapshot_29_1.0000","20451256","6","20","COMPLETED","0:0","00:04:04","6","0","/home/hersco/training_new_domains/2026-08-21/statistical_replication_stage2_training/20430386_Re-Tr_fo_counters_fo_counters_mcts_orig_vh_e.5_c.1_s1972442430_K0_SR10T_src20401227_e0042.txt","/home/hersco/training_new_domains/2026-08-21/statistical_replication_stage2_policy_eval/20451256_Ev_fo_counters_fo_counters_orig_vh_c.1_s1972442430_SR10P_src20430386_e0029.txt","/home/hersco/training_new_domains/2026-08-21/statistical_replication_stage2_policy_eval/20451256_Ev_fo_counters_fo_counters_orig_vh_c.1_s1972442430_SR10P_src20430386_e0029.txt","",""
"MAIN-VAL","fo_counters","on","stage2","validation_selected","2011206605","20430378","46","/home/hersco/bershco-nu-asnets/numeric-asnets/asnets/experiment-results/experiments_numeric.domain.fo_counters-experiments_numeric.architecture_2.fo_counters_mcts-2026-08-21T11:18:51.470839/P[domain,instance_2,instance_3,instance_4]-S[0.0003,50,enhsp-hmrmax-astar]-MO[]-T[518400]-04906472-067843/snapshots/snapshot_46_1.0000","20464912","4","20","COMPLETED","0:0","00:05:58","4","0","/home/hersco/training_new_domains/2026-08-21/statistical_replication_stage2_training/20430378_Re-Tr_fo_counters_fo_counters_mcts_orig_vh_e.5_c.1_s2011206605_K0_SR10T_src20401219_e0051.txt","/home/hersco/training_new_domains/2026-08-21/statistical_replication_stage2_policy_eval/20464912_Ev_fo_counters_fo_counters_orig_vh_c.1_s2011206605_SR10P_src20430378_e0046.txt","/home/hersco/training_new_domains/2026-08-21/statistical_replication_stage2_policy_eval/20464912_Ev_fo_counters_fo_counters_orig_vh_c.1_s2011206605_SR10P_src20430378_e0046.txt","",""
"MAIN-VAL","fo_counters","on","stage2","validation_selected","2082152039","20430383","73","/home/hersco/bershco-nu-asnets/numeric-asnets/asnets/experiment-results/experiments_numeric.domain.fo_counters-experiments_numeric.architecture_2.fo_counters_mcts-2026-08-21T11:20:18.862415/P[domain,instance_2,instance_3,instance_4]-S[0.0003,50,enhsp-hmrmax-astar]-MO[]-T[518400]-04906474-faf7d6/snapshots/snapshot_73_1.0000","20451144","2","20","COMPLETED","0:0","00:03:47","2","0","/home/hersco/training_new_domains/2026-08-21/statistical_replication_stage2_training/20430383_Re-Tr_fo_counters_fo_counters_mcts_orig_vh_e.5_c.1_s2082152039_K0_SR10T_src20401224_e0023.txt","/home/hersco/training_new_domains/2026-08-21/statistical_replication_stage2_policy_eval/20451144_Ev_fo_counters_fo_counters_orig_vh_c.1_s2082152039_SR10P_src20430383_e0073.txt","/home/hersco/training_new_domains/2026-08-21/statistical_replication_stage2_policy_eval/20451144_Ev_fo_counters_fo_counters_orig_vh_c.1_s2082152039_SR10P_src20430383_e0073.txt","",""
"MAIN-VAL","rover","off","stage1","validation_selected","534933607","20401253","124","/home/hersco/bershco-nu-asnets/numeric-asnets/asnets/experiment-results/experiments_numeric.domain.rover-experiments_numeric.architecture_2.rover-2026-08-20T18:13:53.790626/P[domain,pfile1,pfile2,pfile3,pfile4]-S[0.003,50,enhsp-hmrp-ha-gbfs]-MO[]-T[518400]-04905447-3c74d66/snapshots/snapshot_124_0.625","20428485","4","20","COMPLETED","0:0","00:23:59","4","0","/home/hersco/training_new_domains/2026-08-20/statistical_replication_stage1_10seed/20401253_Tr_rover_rover_orig_novh_c.1_s534933607_STATREP10_STAGE1.txt","/home/hersco/training_new_domains/2026-08-21/statistical_replication_stage1_policy_eval/20428485_Ev_rover_rover_orig_novh_c.1_s534933607_SR10P_src20401253_e0124.txt","/home/hersco/training_new_domains/2026-08-21/statistical_replication_stage1_policy_eval/20428485_Ev_rover_rover_orig_novh_c.1_s534933607_SR10P_src20401253_e0124.txt","",""
"MAIN-VAL","rover","off","stage1","validation_selected","923500475","20401256","20","/home/hersco/bershco-nu-asnets/numeric-asnets/asnets/experiment-results/experiments_numeric.domain.rover-experiments_numeric.architecture_2.rover-2026-08-20T18:13:08.633313/P[domain,pfile1,pfile2,pfile3,pfile4]-S[0.003,50,enhsp-hmrp-ha-gbfs]-MO[]-T[518400]-04905447-5194f74/snapshots/snapshot_20_0.125","20428665","4","20","COMPLETED","0:0","00:06:20","4","0","/home/hersco/training_new_domains/2026-08-20/statistical_replication_stage1_10seed/20401256_Tr_rover_rover_orig_novh_c.1_s923500475_STATREP10_STAGE1.txt","/home/hersco/training_new_domains/2026-08-21/statistical_replication_stage1_policy_eval/20428665_Ev_rover_rover_orig_novh_c.1_s923500475_SR10P_src20401256_e0020.txt","/home/hersco/training_new_domains/2026-08-21/statistical_replication_stage1_policy_eval/20428665_Ev_rover_rover_orig_novh_c.1_s923500475_SR10P_src20401256_e0020.txt","",""
"MAIN-VAL","rover","off","stage1","validation_selected","1073581256","20401250","40","/home/hersco/bershco-nu-asnets/numeric-asnets/asnets/experiment-results/experiments_numeric.domain.rover-experiments_numeric.architecture_2.rover-2026-08-20T18:13:53.487394/P[domain,pfile1,pfile2,pfile3,pfile4]-S[0.003,50,enhsp-hmrp-ha-gbfs]-MO[]-T[518400]-04905447-1247c09/snapshots/snapshot_40_0.625","20428109","4","20","COMPLETED","0:0","00:04:27","4","0","/home/hersco/training_new_domains/2026-08-20/statistical_replication_stage1_10seed/20401250_Tr_rover_rover_orig_novh_c.1_s1073581256_STATREP10_STAGE1.txt","/home/hersco/training_new_domains/2026-08-21/statistical_replication_stage1_policy_eval/20428109_Ev_rover_rover_orig_novh_c.1_s1073581256_SR10P_src20401250_e0040.txt","/home/hersco/training_new_domains/2026-08-21/statistical_replication_stage1_policy_eval/20428109_Ev_rover_rover_orig_novh_c.1_s1073581256_SR10P_src20401250_e0040.txt","",""
"MAIN-VAL","rover","off","stage1","validation_selected","1239739722","20401251","53","/home/hersco/bershco-nu-asnets/numeric-asnets/asnets/experiment-results/experiments_numeric.domain.rover-experiments_numeric.architecture_2.rover-2026-08-20T18:13:53.790681/P[domain,pfile1,pfile2,pfile3,pfile4]-S[0.003,50,enhsp-hmrp-ha-gbfs]-MO[]-T[518400]-04905447-7d9a779/snapshots/snapshot_53_0.625","20428373","4","20","COMPLETED","0:0","00:07:02","4","0","/home/hersco/training_new_domains/2026-08-20/statistical_replication_stage1_10seed/20401251_Tr_rover_rover_orig_novh_c.1_s1239739722_STATREP10_STAGE1.txt","/home/hersco/training_new_domains/2026-08-21/statistical_replication_stage1_policy_eval/20428373_Ev_rover_rover_orig_novh_c.1_s1239739722_SR10P_src20401251_e0053.txt","/home/hersco/training_new_domains/2026-08-21/statistical_replication_stage1_policy_eval/20428373_Ev_rover_rover_orig_novh_c.1_s1239739722_SR10P_src20401251_e0053.txt","",""
"MAIN-VAL","rover","off","stage1","validation_selected","1472491096","20401252","64","/home/hersco/bershco-nu-asnets/numeric-asnets/asnets/experiment-results/experiments_numeric.domain.rover-experiments_numeric.architecture_2.rover-2026-08-20T18:13:53.487389/P[domain,pfile1,pfile2,pfile3,pfile4]-S[0.003,50,enhsp-hmrp-ha-gbfs]-MO[]-T[518400]-04905447-43e0a7a/snapshots/snapshot_64_0.750","20428427","4","20","COMPLETED","0:0","00:16:49","4","0","/home/hersco/training_new_domains/2026-08-20/statistical_replication_stage1_10seed/20401252_Tr_rover_rover_orig_novh_c.1_s1472491096_STATREP10_STAGE1.txt","/home/hersco/training_new_domains/2026-08-21/statistical_replication_stage1_policy_eval/20428427_Ev_rover_rover_orig_novh_c.1_s1472491096_SR10P_src20401252_e0064.txt","/home/hersco/training_new_domains/2026-08-21/statistical_replication_stage1_policy_eval/20428427_Ev_rover_rover_orig_novh_c.1_s1472491096_SR10P_src20401252_e0064.txt","",""
"MAIN-VAL","rover","off","stage1","validation_selected","1510771779","20401255","48","/home/hersco/bershco-nu-asnets/numeric-asnets/asnets/experiment-results/experiments_numeric.domain.rover-experiments_numeric.architecture_2.rover-2026-08-20T18:13:08.633224/P[domain,pfile1,pfile2,pfile3,pfile4]-S[0.003,50,enhsp-hmrp-ha-gbfs]-MO[]-T[518400]-04905447-17cc32a/snapshots/snapshot_48_0.750","20428661","4","20","COMPLETED","0:0","00:12:45","4","0","/home/hersco/training_new_domains/2026-08-20/statistical_replication_stage1_10seed/20401255_Tr_rover_rover_orig_novh_c.1_s1510771779_STATREP10_STAGE1.txt","/home/hersco/training_new_domains/2026-08-21/statistical_replication_stage1_policy_eval/20428661_Ev_rover_rover_orig_novh_c.1_s1510771779_SR10P_src20401255_e0048.txt","/home/hersco/training_new_domains/2026-08-21/statistical_replication_stage1_policy_eval/20428661_Ev_rover_rover_orig_novh_c.1_s1510771779_SR10P_src20401255_e0048.txt","",""
"MAIN-VAL","rover","off","stage1","validation_selected","1963100312","20401248","25","/home/hersco/bershco-nu-asnets/numeric-asnets/asnets/experiment-results/experiments_numeric.domain.rover-experiments_numeric.architecture_2.rover-2026-08-20T18:13:01.854128/P[domain,pfile1,pfile2,pfile3,pfile4]-S[0.003,50,enhsp-hmrp-ha-gbfs]-MO[]-T[518400]-04905447-2fc32f3/snapshots/snapshot_25_0.375","20428037","4","20","COMPLETED","0:0","00:05:41","4","0","/home/hersco/training_new_domains/2026-08-20/statistical_replication_stage1_10seed/20401248_Tr_rover_rover_orig_novh_c.1_s1963100312_STATREP10_STAGE1.txt","/home/hersco/training_new_domains/2026-08-21/statistical_replication_stage1_policy_eval/20428037_Ev_rover_rover_orig_novh_c.1_s1963100312_SR10P_src20401248_e0025.txt","/home/hersco/training_new_domains/2026-08-21/statistical_replication_stage1_policy_eval/20428037_Ev_rover_rover_orig_novh_c.1_s1963100312_SR10P_src20401248_e0025.txt","",""
"MAIN-VAL","rover","off","stage1","validation_selected","1972442430","20401257","235","/home/hersco/bershco-nu-asnets/numeric-asnets/asnets/experiment-results/experiments_numeric.domain.rover-experiments_numeric.architecture_2.rover-2026-08-20T18:13:08.633180/P[domain,pfile1,pfile2,pfile3,pfile4]-S[0.003,50,enhsp-hmrp-ha-gbfs]-MO[]-T[518400]-04905447-72aea46/snapshots/snapshot_235_0.500","20450954","4","20","COMPLETED","0:0","00:11:14","4","0","/home/hersco/training_new_domains/2026-08-20/statistical_replication_stage1_10seed/20401257_Tr_rover_rover_orig_novh_c.1_s1972442430_STATREP10_STAGE1.txt","/home/hersco/training_new_domains/2026-08-21/statistical_replication_stage1_policy_eval/20450954_Ev_rover_rover_orig_novh_c.1_s1972442430_SR10P_src20401257_e0235.txt","/home/hersco/training_new_domains/2026-08-21/statistical_replication_stage1_policy_eval/20450954_Ev_rover_rover_orig_novh_c.1_s1972442430_SR10P_src20401257_e0235.txt","",""
"MAIN-VAL","rover","off","stage1","validation_selected","2011206605","20401249","44","/home/hersco/bershco-nu-asnets/numeric-asnets/asnets/experiment-results/experiments_numeric.domain.rover-experiments_numeric.architecture_2.rover-2026-08-20T18:13:01.854160/P[domain,pfile1,pfile2,pfile3,pfile4]-S[0.003,50,enhsp-hmrp-ha-gbfs]-MO[]-T[518400]-04905447-067843/snapshots/snapshot_44_0.625","20428091","4","20","COMPLETED","0:0","00:06:48","4","0","/home/hersco/training_new_domains/2026-08-20/statistical_replication_stage1_10seed/20401249_Tr_rover_rover_orig_novh_c.1_s2011206605_STATREP10_STAGE1.txt","/home/hersco/training_new_domains/2026-08-21/statistical_replication_stage1_policy_eval/20428091_Ev_rover_rover_orig_novh_c.1_s2011206605_SR10P_src20401249_e0044.txt","/home/hersco/training_new_domains/2026-08-21/statistical_replication_stage1_policy_eval/20428091_Ev_rover_rover_orig_novh_c.1_s2011206605_SR10P_src20401249_e0044.txt","",""
"MAIN-VAL","rover","off","stage1","validation_selected","2082152039","20401254","21","/home/hersco/bershco-nu-asnets/numeric-asnets/asnets/experiment-results/experiments_numeric.domain.rover-experiments_numeric.architecture_2.rover-2026-08-20T18:13:08.633221/P[domain,pfile1,pfile2,pfile3,pfile4]-S[0.003,50,enhsp-hmrp-ha-gbfs]-MO[]-T[518400]-04905447-faf7d6/snapshots/snapshot_21_0.250","20428500","4","20","COMPLETED","0:0","00:20:19","4","0","/home/hersco/training_new_domains/2026-08-20/statistical_replication_stage1_10seed/20401254_Tr_rover_rover_orig_novh_c.1_s2082152039_STATREP10_STAGE1.txt","/home/hersco/training_new_domains/2026-08-21/statistical_replication_stage1_policy_eval/20428500_Ev_rover_rover_orig_novh_c.1_s2082152039_SR10P_src20401254_e0021.txt","/home/hersco/training_new_domains/2026-08-21/statistical_replication_stage1_policy_eval/20428500_Ev_rover_rover_orig_novh_c.1_s2082152039_SR10P_src20401254_e0021.txt","",""
"MAIN-VAL","rover","off","stage2","final","534933607","20430412","99","/home/hersco/bershco-nu-asnets/numeric-asnets/asnets/experiment-results/experiments_numeric.domain.rover-experiments_numeric.architecture_2.rover_mcts-2026-08-21T15:13:30.326752/P[domain,pfile1,pfile2,pfile3,pfile4]-S[0.0003,50,enhsp-hmrp-ha-gbfs]-MO[]-T[518400]-04906707-3c74d66/snapshots/snapshot_99_1.0000","20488410","4","20","COMPLETED","0:0","00:35:55","4","0","/home/hersco/training_new_domains/2026-08-21/statistical_replication_stage2_training/20430412_Re-Tr_rover_rover_mcts_orig_novh_e.5_c.1_s534933607_K0_SR10T_src20401253_e0124.txt","/home/hersco/training_new_domains/2026-08-22/statistical_replication_stage2_policy_eval/20488410_Ev_rover_rover_orig_novh_c.1_s534933607_SR10P_src20430412_e0099.txt","/home/hersco/training_new_domains/2026-08-22/statistical_replication_stage2_policy_eval/20488410_Ev_rover_rover_orig_novh_c.1_s534933607_SR10P_src20430412_e0099.txt","",""
"MAIN-VAL","rover","off","stage2","final","923500475","20430415","99","/home/hersco/bershco-nu-asnets/numeric-asnets/asnets/experiment-results/experiments_numeric.domain.rover-experiments_numeric.architecture_2.rover_mcts-2026-08-21T15:38:01.451716/P[domain,pfile1,pfile2,pfile3,pfile4]-S[0.0003,50,enhsp-hmrp-ha-gbfs]-MO[]-T[518400]-04906732-5194f74/snapshots/snapshot_99_1.0000","20488476","4","20","COMPLETED","0:0","00:10:16","4","0","/home/hersco/training_new_domains/2026-08-21/statistical_replication_stage2_training/20430415_Re-Tr_rover_rover_mcts_orig_novh_e.5_c.1_s923500475_K0_SR10T_src20401256_e0020.txt","/home/hersco/training_new_domains/2026-08-22/statistical_replication_stage2_policy_eval/20488476_Ev_rover_rover_orig_novh_c.1_s923500475_SR10P_src20430415_e0099.txt","/home/hersco/training_new_domains/2026-08-22/statistical_replication_stage2_policy_eval/20488476_Ev_rover_rover_orig_novh_c.1_s923500475_SR10P_src20430415_e0099.txt","",""
"MAIN-VAL","rover","off","stage2","final","1073581256","20430409","99","/home/hersco/bershco-nu-asnets/numeric-asnets/asnets/experiment-results/experiments_numeric.domain.rover-experiments_numeric.architecture_2.rover_mcts-2026-08-21T14:49:15.528450/P[domain,pfile1,pfile2,pfile3,pfile4]-S[0.0003,50,enhsp-hmrp-ha-gbfs]-MO[]-T[518400]-04906683-1247c09/snapshots/snapshot_99_1.0000","20488343","4","20","COMPLETED","0:0","00:27:43","4","0","/home/hersco/training_new_domains/2026-08-21/statistical_replication_stage2_training/20430409_Re-Tr_rover_rover_mcts_orig_novh_e.5_c.1_s1073581256_K0_SR10T_src20401250_e0040.txt","/home/hersco/training_new_domains/2026-08-22/statistical_replication_stage2_policy_eval/20488343_Ev_rover_rover_orig_novh_c.1_s1073581256_SR10P_src20430409_e0099.txt","/home/hersco/training_new_domains/2026-08-22/statistical_replication_stage2_policy_eval/20488343_Ev_rover_rover_orig_novh_c.1_s1073581256_SR10P_src20430409_e0099.txt","",""
"MAIN-VAL","rover","off","stage2","final","1239739722","20430410","99","/home/hersco/bershco-nu-asnets/numeric-asnets/asnets/experiment-results/experiments_numeric.domain.rover-experiments_numeric.architecture_2.rover_mcts-2026-08-21T14:58:32.900625/P[domain,pfile1,pfile2,pfile3,pfile4]-S[0.0003,50,enhsp-hmrp-ha-gbfs]-MO[]-T[518400]-04906692-7d9a779/snapshots/snapshot_99_1.0000","20488364","4","20","COMPLETED","0:0","00:33:52","4","0","/home/hersco/training_new_domains/2026-08-21/statistical_replication_stage2_training/20430410_Re-Tr_rover_rover_mcts_orig_novh_e.5_c.1_s1239739722_K0_SR10T_src20401251_e0053.txt","/home/hersco/training_new_domains/2026-08-22/statistical_replication_stage2_policy_eval/20488364_Ev_rover_rover_orig_novh_c.1_s1239739722_SR10P_src20430410_e0099.txt","/home/hersco/training_new_domains/2026-08-22/statistical_replication_stage2_policy_eval/20488364_Ev_rover_rover_orig_novh_c.1_s1239739722_SR10P_src20430410_e0099.txt","",""
"MAIN-VAL","rover","off","stage2","final","1472491096","20430411","99","/home/hersco/bershco-nu-asnets/numeric-asnets/asnets/experiment-results/experiments_numeric.domain.rover-experiments_numeric.architecture_2.rover_mcts-2026-08-21T15:12:10.549026/P[domain,pfile1,pfile2,pfile3,pfile4]-S[0.0003,50,enhsp-hmrp-ha-gbfs]-MO[]-T[518400]-04906706-43e0a7a/snapshots/snapshot_99_1.0000","20488385","4","20","COMPLETED","0:0","00:23:09","4","0","/home/hersco/training_new_domains/2026-08-21/statistical_replication_stage2_training/20430411_Re-Tr_rover_rover_mcts_orig_novh_e.5_c.1_s1472491096_K0_SR10T_src20401252_e0064.txt","/home/hersco/training_new_domains/2026-08-22/statistical_replication_stage2_policy_eval/20488385_Ev_rover_rover_orig_novh_c.1_s1472491096_SR10P_src20430411_e0099.txt","/home/hersco/training_new_domains/2026-08-22/statistical_replication_stage2_policy_eval/20488385_Ev_rover_rover_orig_novh_c.1_s1472491096_SR10P_src20430411_e0099.txt","",""
"MAIN-VAL","rover","off","stage2","final","1510771779","20430414","99","/home/hersco/bershco-nu-asnets/numeric-asnets/asnets/experiment-results/experiments_numeric.domain.rover-experiments_numeric.architecture_2.rover_mcts-2026-08-21T15:33:19.839667/P[domain,pfile1,pfile2,pfile3,pfile4]-S[0.0003,50,enhsp-hmrp-ha-gbfs]-MO[]-T[518400]-04906727-17cc32a/snapshots/snapshot_99_1.0000","20488453","4","20","COMPLETED","0:0","00:23:58","4","0","/home/hersco/training_new_domains/2026-08-21/statistical_replication_stage2_training/20430414_Re-Tr_rover_rover_mcts_orig_novh_e.5_c.1_s1510771779_K0_SR10T_src20401255_e0048.txt","/home/hersco/training_new_domains/2026-08-22/statistical_replication_stage2_policy_eval/20488453_Ev_rover_rover_orig_novh_c.1_s1510771779_SR10P_src20430414_e0099.txt","/home/hersco/training_new_domains/2026-08-22/statistical_replication_stage2_policy_eval/20488453_Ev_rover_rover_orig_novh_c.1_s1510771779_SR10P_src20430414_e0099.txt","",""
"MAIN-VAL","rover","off","stage2","final","1963100312","20430407","99","/home/hersco/bershco-nu-asnets/numeric-asnets/asnets/experiment-results/experiments_numeric.domain.rover-experiments_numeric.architecture_2.rover_mcts-2026-08-21T14:48:51.779906/P[domain,pfile1,pfile2,pfile3,pfile4]-S[0.0003,50,enhsp-hmrp-ha-gbfs]-MO[]-T[518400]-04906682-2fc32f3/snapshots/snapshot_99_1.0000","20488300","4","20","COMPLETED","0:0","00:16:46","4","0","/home/hersco/training_new_domains/2026-08-21/statistical_replication_stage2_training/20430407_Re-Tr_rover_rover_mcts_orig_novh_e.5_c.1_s1963100312_K0_SR10T_src20401248_e0025.txt","/home/hersco/training_new_domains/2026-08-22/statistical_replication_stage2_policy_eval/20488300_Ev_rover_rover_orig_novh_c.1_s1963100312_SR10P_src20430407_e0099.txt","/home/hersco/training_new_domains/2026-08-22/statistical_replication_stage2_policy_eval/20488300_Ev_rover_rover_orig_novh_c.1_s1963100312_SR10P_src20430407_e0099.txt","",""
"MAIN-VAL","rover","off","stage2","final","1972442430","20451804","99","/home/hersco/bershco-nu-asnets/numeric-asnets/asnets/experiment-results/experiments_numeric.domain.rover-experiments_numeric.architecture_2.rover_mcts-2026-08-22T00:13:45.867950/P[domain,pfile1,pfile2,pfile3,pfile4]-S[0.0003,50,enhsp-hmrp-ha-gbfs]-MO[]-T[518400]-04907247-72aea46/snapshots/snapshot_99_1.0000","20523290","4","20","COMPLETED","0:0","00:30:20","4","0","/home/hersco/training_new_domains/2026-08-21/statistical_replication_stage2_training/20451804_Re-Tr_rover_rover_mcts_orig_novh_e.5_c.1_s1972442430_K0_SR10T_src20401257_e0235.txt","/home/hersco/training_new_domains/2026-08-24/statistical_replication_stage2_policy_eval/20523290_Ev_rover_rover_orig_novh_c.1_s1972442430_SR10P_src20451804_e0099.txt","/home/hersco/training_new_domains/2026-08-24/statistical_replication_stage2_policy_eval/20523290_Ev_rover_rover_orig_novh_c.1_s1972442430_SR10P_src20451804_e0099.txt","",""
"MAIN-VAL","rover","off","stage2","final","2011206605","20430408","99","/home/hersco/bershco-nu-asnets/numeric-asnets/asnets/experiment-results/experiments_numeric.domain.rover-experiments_numeric.architecture_2.rover_mcts-2026-08-21T14:49:13.084741/P[domain,pfile1,pfile2,pfile3,pfile4]-S[0.0003,50,enhsp-hmrp-ha-gbfs]-MO[]-T[518400]-04906683-067843/snapshots/snapshot_99_1.0000","20488322","4","20","COMPLETED","0:0","00:21:18","4","0","/home/hersco/training_new_domains/2026-08-21/statistical_replication_stage2_training/20430408_Re-Tr_rover_rover_mcts_orig_novh_e.5_c.1_s2011206605_K0_SR10T_src20401249_e0044.txt","/home/hersco/training_new_domains/2026-08-22/statistical_replication_stage2_policy_eval/20488322_Ev_rover_rover_orig_novh_c.1_s2011206605_SR10P_src20430408_e0099.txt","/home/hersco/training_new_domains/2026-08-22/statistical_replication_stage2_policy_eval/20488322_Ev_rover_rover_orig_novh_c.1_s2011206605_SR10P_src20430408_e0099.txt","",""
"MAIN-VAL","rover","off","stage2","final","2082152039","20430413","99","/home/hersco/bershco-nu-asnets/numeric-asnets/asnets/experiment-results/experiments_numeric.domain.rover-experiments_numeric.architecture_2.rover_mcts-2026-08-21T15:33:08.611548/P[domain,pfile1,pfile2,pfile3,pfile4]-S[0.0003,50,enhsp-hmrp-ha-gbfs]-MO[]-T[518400]-04906727-faf7d6/snapshots/snapshot_99_1.0000","20488431","4","20","COMPLETED","0:0","00:22:59","4","0","/home/hersco/training_new_domains/2026-08-21/statistical_replication_stage2_training/20430413_Re-Tr_rover_rover_mcts_orig_novh_e.5_c.1_s2082152039_K0_SR10T_src20401254_e0021.txt","/home/hersco/training_new_domains/2026-08-22/statistical_replication_stage2_policy_eval/20488431_Ev_rover_rover_orig_novh_c.1_s2082152039_SR10P_src20430413_e0099.txt","/home/hersco/training_new_domains/2026-08-22/statistical_replication_stage2_policy_eval/20488431_Ev_rover_rover_orig_novh_c.1_s2082152039_SR10P_src20430413_e0099.txt","",""
"MAIN-VAL","rover","off","stage2","validation_selected","534933607","20430412","0","/home/hersco/bershco-nu-asnets/numeric-asnets/asnets/experiment-results/experiments_numeric.domain.rover-experiments_numeric.architecture_2.rover_mcts-2026-08-21T15:13:30.326752/P[domain,pfile1,pfile2,pfile3,pfile4]-S[0.0003,50,enhsp-hmrp-ha-gbfs]-MO[]-T[518400]-04906707-3c74d66/snapshots/snapshot_0_1.0000","20488387","4","20","COMPLETED","0:0","00:29:12","4","0","/home/hersco/training_new_domains/2026-08-21/statistical_replication_stage2_training/20430412_Re-Tr_rover_rover_mcts_orig_novh_e.5_c.1_s534933607_K0_SR10T_src20401253_e0124.txt","/home/hersco/training_new_domains/2026-08-22/statistical_replication_stage2_policy_eval/20488387_Ev_rover_rover_orig_novh_c.1_s534933607_SR10P_src20430412_e0000.txt","/home/hersco/training_new_domains/2026-08-22/statistical_replication_stage2_policy_eval/20488387_Ev_rover_rover_orig_novh_c.1_s534933607_SR10P_src20430412_e0000.txt","20575486","/home/hersco/training_new_domains/2026-08-26/statistical_replication_stage2_policy_eval/20575486_Ev_rover_rover_orig_novh_c.1_s534933607_SR10P_src20430412_e0000.txt"
"MAIN-VAL","rover","off","stage2","validation_selected","923500475","20430415","0","/home/hersco/bershco-nu-asnets/numeric-asnets/asnets/experiment-results/experiments_numeric.domain.rover-experiments_numeric.architecture_2.rover_mcts-2026-08-21T15:38:01.451716/P[domain,pfile1,pfile2,pfile3,pfile4]-S[0.0003,50,enhsp-hmrp-ha-gbfs]-MO[]-T[518400]-04906732-5194f74/snapshots/snapshot_0_1.0000","20488455","4","20","COMPLETED","0:0","00:14:34","4","0","/home/hersco/training_new_domains/2026-08-21/statistical_replication_stage2_training/20430415_Re-Tr_rover_rover_mcts_orig_novh_e.5_c.1_s923500475_K0_SR10T_src20401256_e0020.txt","/home/hersco/training_new_domains/2026-08-22/statistical_replication_stage2_policy_eval/20488455_Ev_rover_rover_orig_novh_c.1_s923500475_SR10P_src20430415_e0000.txt","/home/hersco/training_new_domains/2026-08-22/statistical_replication_stage2_policy_eval/20488455_Ev_rover_rover_orig_novh_c.1_s923500475_SR10P_src20430415_e0000.txt","20575488","/home/hersco/training_new_domains/2026-08-26/statistical_replication_stage2_policy_eval/20575488_Ev_rover_rover_orig_novh_c.1_s923500475_SR10P_src20430415_e0000.txt"
"MAIN-VAL","rover","off","stage2","validation_selected","1073581256","20430409","0","/home/hersco/bershco-nu-asnets/numeric-asnets/asnets/experiment-results/experiments_numeric.domain.rover-experiments_numeric.architecture_2.rover_mcts-2026-08-21T14:49:15.528450/P[domain,pfile1,pfile2,pfile3,pfile4]-S[0.0003,50,enhsp-hmrp-ha-gbfs]-MO[]-T[518400]-04906683-1247c09/snapshots/snapshot_0_1.0000","20488323","4","20","COMPLETED","0:0","00:13:39","4","0","/home/hersco/training_new_domains/2026-08-21/statistical_replication_stage2_training/20430409_Re-Tr_rover_rover_mcts_orig_novh_e.5_c.1_s1073581256_K0_SR10T_src20401250_e0040.txt","/home/hersco/training_new_domains/2026-08-22/statistical_replication_stage2_policy_eval/20488323_Ev_rover_rover_orig_novh_c.1_s1073581256_SR10P_src20430409_e0000.txt","/home/hersco/training_new_domains/2026-08-22/statistical_replication_stage2_policy_eval/20488323_Ev_rover_rover_orig_novh_c.1_s1073581256_SR10P_src20430409_e0000.txt","20575484","/home/hersco/training_new_domains/2026-08-26/statistical_replication_stage2_policy_eval/20575484_Ev_rover_rover_orig_novh_c.1_s1073581256_SR10P_src20430409_e0000.txt"
"MAIN-VAL","rover","off","stage2","validation_selected","1239739722","20430410","0","/home/hersco/bershco-nu-asnets/numeric-asnets/asnets/experiment-results/experiments_numeric.domain.rover-experiments_numeric.architecture_2.rover_mcts-2026-08-21T14:58:32.900625/P[domain,pfile1,pfile2,pfile3,pfile4]-S[0.0003,50,enhsp-hmrp-ha-gbfs]-MO[]-T[518400]-04906692-7d9a779/snapshots/snapshot_0_1.0000","20488344","4","20","COMPLETED","0:0","00:16:53","4","0","/home/hersco/training_new_domains/2026-08-21/statistical_replication_stage2_training/20430410_Re-Tr_rover_rover_mcts_orig_novh_e.5_c.1_s1239739722_K0_SR10T_src20401251_e0053.txt","/home/hersco/training_new_domains/2026-08-22/statistical_replication_stage2_policy_eval/20488344_Ev_rover_rover_orig_novh_c.1_s1239739722_SR10P_src20430410_e0000.txt","/home/hersco/training_new_domains/2026-08-22/statistical_replication_stage2_policy_eval/20488344_Ev_rover_rover_orig_novh_c.1_s1239739722_SR10P_src20430410_e0000.txt","20575485","/home/hersco/training_new_domains/2026-08-26/statistical_replication_stage2_policy_eval/20575485_Ev_rover_rover_orig_novh_c.1_s1239739722_SR10P_src20430410_e0000.txt"
"MAIN-VAL","rover","off","stage2","validation_selected","1472491096","20430411","1","/home/hersco/bershco-nu-asnets/numeric-asnets/asnets/experiment-results/experiments_numeric.domain.rover-experiments_numeric.architecture_2.rover_mcts-2026-08-21T15:12:10.549026/P[domain,pfile1,pfile2,pfile3,pfile4]-S[0.0003,50,enhsp-hmrp-ha-gbfs]-MO[]-T[518400]-04906706-43e0a7a/snapshots/snapshot_1_1.0000","20488386","4","20","COMPLETED","0:0","00:05:01","4","0","/home/hersco/training_new_domains/2026-08-21/statistical_replication_stage2_training/20430411_Re-Tr_rover_rover_mcts_orig_novh_e.5_c.1_s1472491096_K0_SR10T_src20401252_e0064.txt","/home/hersco/training_new_domains/2026-08-22/statistical_replication_stage2_policy_eval/20488386_Ev_rover_rover_orig_novh_c.1_s1472491096_SR10P_src20430411_e0001.txt","/home/hersco/training_new_domains/2026-08-22/statistical_replication_stage2_policy_eval/20488386_Ev_rover_rover_orig_novh_c.1_s1472491096_SR10P_src20430411_e0001.txt","",""
"MAIN-VAL","rover","off","stage2","validation_selected","1510771779","20430414","3","/home/hersco/bershco-nu-asnets/numeric-asnets/asnets/experiment-results/experiments_numeric.domain.rover-experiments_numeric.architecture_2.rover_mcts-2026-08-21T15:33:19.839667/P[domain,pfile1,pfile2,pfile3,pfile4]-S[0.0003,50,enhsp-hmrp-ha-gbfs]-MO[]-T[518400]-04906727-17cc32a/snapshots/snapshot_3_1.0000","20488454","4","20","COMPLETED","0:0","00:07:45","4","0","/home/hersco/training_new_domains/2026-08-21/statistical_replication_stage2_training/20430414_Re-Tr_rover_rover_mcts_orig_novh_e.5_c.1_s1510771779_K0_SR10T_src20401255_e0048.txt","/home/hersco/training_new_domains/2026-08-22/statistical_replication_stage2_policy_eval/20488454_Ev_rover_rover_orig_novh_c.1_s1510771779_SR10P_src20430414_e0003.txt","/home/hersco/training_new_domains/2026-08-22/statistical_replication_stage2_policy_eval/20488454_Ev_rover_rover_orig_novh_c.1_s1510771779_SR10P_src20430414_e0003.txt","",""
"MAIN-VAL","rover","off","stage2","validation_selected","1963100312","20430407","4","/home/hersco/bershco-nu-asnets/numeric-asnets/asnets/experiment-results/experiments_numeric.domain.rover-experiments_numeric.architecture_2.rover_mcts-2026-08-21T14:48:51.779906/P[domain,pfile1,pfile2,pfile3,pfile4]-S[0.0003,50,enhsp-hmrp-ha-gbfs]-MO[]-T[518400]-04906682-2fc32f3/snapshots/snapshot_4_1.0000","20488301","4","20","COMPLETED","0:0","00:26:17","4","0","/home/hersco/training_new_domains/2026-08-21/statistical_replication_stage2_training/20430407_Re-Tr_rover_rover_mcts_orig_novh_e.5_c.1_s1963100312_K0_SR10T_src20401248_e0025.txt","/home/hersco/training_new_domains/2026-08-22/statistical_replication_stage2_policy_eval/20488301_Ev_rover_rover_orig_novh_c.1_s1963100312_SR10P_src20430407_e0004.txt","/home/hersco/training_new_domains/2026-08-22/statistical_replication_stage2_policy_eval/20488301_Ev_rover_rover_orig_novh_c.1_s1963100312_SR10P_src20430407_e0004.txt","",""
"MAIN-VAL","rover","off","stage2","validation_selected","1972442430","20451804","0","/home/hersco/bershco-nu-asnets/numeric-asnets/asnets/experiment-results/experiments_numeric.domain.rover-experiments_numeric.architecture_2.rover_mcts-2026-08-22T00:13:45.867950/P[domain,pfile1,pfile2,pfile3,pfile4]-S[0.0003,50,enhsp-hmrp-ha-gbfs]-MO[]-T[518400]-04907247-72aea46/snapshots/snapshot_0_1.0000","20523270","4","20","COMPLETED","0:0","00:33:00","4","0","/home/hersco/training_new_domains/2026-08-21/statistical_replication_stage2_training/20451804_Re-Tr_rover_rover_mcts_orig_novh_e.5_c.1_s1972442430_K0_SR10T_src20401257_e0235.txt","/home/hersco/training_new_domains/2026-08-24/statistical_replication_stage2_policy_eval/20523270_Ev_rover_rover_orig_novh_c.1_s1972442430_SR10P_src20451804_e0000.txt","/home/hersco/training_new_domains/2026-08-24/statistical_replication_stage2_policy_eval/20523270_Ev_rover_rover_orig_novh_c.1_s1972442430_SR10P_src20451804_e0000.txt","20575496","/home/hersco/training_new_domains/2026-08-26/statistical_replication_stage2_policy_eval/20575496_Ev_rover_rover_orig_novh_c.1_s1972442430_SR10P_src20451804_e0000.txt"
"MAIN-VAL","rover","off","stage2","validation_selected","2011206605","20430408","0","/home/hersco/bershco-nu-asnets/numeric-asnets/asnets/experiment-results/experiments_numeric.domain.rover-experiments_numeric.architecture_2.rover_mcts-2026-08-21T14:49:13.084741/P[domain,pfile1,pfile2,pfile3,pfile4]-S[0.0003,50,enhsp-hmrp-ha-gbfs]-MO[]-T[518400]-04906683-067843/snapshots/snapshot_0_1.0000","20488302","4","20","COMPLETED","0:0","00:07:36","4","0","/home/hersco/training_new_domains/2026-08-21/statistical_replication_stage2_training/20430408_Re-Tr_rover_rover_mcts_orig_novh_e.5_c.1_s2011206605_K0_SR10T_src20401249_e0044.txt","/home/hersco/training_new_domains/2026-08-22/statistical_replication_stage2_policy_eval/20488302_Ev_rover_rover_orig_novh_c.1_s2011206605_SR10P_src20430408_e0000.txt","/home/hersco/training_new_domains/2026-08-22/statistical_replication_stage2_policy_eval/20488302_Ev_rover_rover_orig_novh_c.1_s2011206605_SR10P_src20430408_e0000.txt","20575483","/home/hersco/training_new_domains/2026-08-26/statistical_replication_stage2_policy_eval/20575483_Ev_rover_rover_orig_novh_c.1_s2011206605_SR10P_src20430408_e0000.txt"
"MAIN-VAL","rover","off","stage2","validation_selected","2082152039","20430413","0","/home/hersco/bershco-nu-asnets/numeric-asnets/asnets/experiment-results/experiments_numeric.domain.rover-experiments_numeric.architecture_2.rover_mcts-2026-08-21T15:33:08.611548/P[domain,pfile1,pfile2,pfile3,pfile4]-S[0.0003,50,enhsp-hmrp-ha-gbfs]-MO[]-T[518400]-04906727-faf7d6/snapshots/snapshot_0_1.0000","20488411","4","20","COMPLETED","0:0","00:11:05","4","0","/home/hersco/training_new_domains/2026-08-21/statistical_replication_stage2_training/20430413_Re-Tr_rover_rover_mcts_orig_novh_e.5_c.1_s2082152039_K0_SR10T_src20401254_e0021.txt","/home/hersco/training_new_domains/2026-08-22/statistical_replication_stage2_policy_eval/20488411_Ev_rover_rover_orig_novh_c.1_s2082152039_SR10P_src20430413_e0000.txt","/home/hersco/training_new_domains/2026-08-22/statistical_replication_stage2_policy_eval/20488411_Ev_rover_rover_orig_novh_c.1_s2082152039_SR10P_src20430413_e0000.txt","20575487","/home/hersco/training_new_domains/2026-08-26/statistical_replication_stage2_policy_eval/20575487_Ev_rover_rover_orig_novh_c.1_s2082152039_SR10P_src20430413_e0000.txt"
"MAIN-VAL","rover","on","stage1","validation_selected","534933607","20401243","17","/home/hersco/bershco-nu-asnets/numeric-asnets/asnets/experiment-results/experiments_numeric.domain.rover-experiments_numeric.architecture_2.rover-2026-08-20T18:12:54.279702/P[domain,pfile1,pfile2,pfile3,pfile4]-S[0.003,50,enhsp-hmrp-ha-gbfs]-MO[]-T[518400]-04905447-3c74d66/snapshots/snapshot_17_0.375","20427795","4","20","COMPLETED","0:0","00:21:47","4","0","/home/hersco/training_new_domains/2026-08-20/statistical_replication_stage1_10seed/20401243_Tr_rover_rover_orig_vh_c.1_s534933607_STATREP10_STAGE1.txt","/home/hersco/training_new_domains/2026-08-21/statistical_replication_stage1_policy_eval/20427795_Ev_rover_rover_orig_vh_c.1_s534933607_SR10P_src20401243_e0017.txt","/home/hersco/training_new_domains/2026-08-21/statistical_replication_stage1_policy_eval/20427795_Ev_rover_rover_orig_vh_c.1_s534933607_SR10P_src20401243_e0017.txt","",""
"MAIN-VAL","rover","on","stage1","validation_selected","923500475","20401246","4","/home/hersco/bershco-nu-asnets/numeric-asnets/asnets/experiment-results/experiments_numeric.domain.rover-experiments_numeric.architecture_2.rover-2026-08-20T18:13:01.854047/P[domain,pfile1,pfile2,pfile3,pfile4]-S[0.003,50,enhsp-hmrp-ha-gbfs]-MO[]-T[518400]-04905447-5194f74/snapshots/snapshot_4_0.375","20428007","2","20","COMPLETED","0:0","00:07:16","2","0","/home/hersco/training_new_domains/2026-08-20/statistical_replication_stage1_10seed/20401246_Tr_rover_rover_orig_vh_c.1_s923500475_STATREP10_STAGE1.txt","/home/hersco/training_new_domains/2026-08-21/statistical_replication_stage1_policy_eval/20428007_Ev_rover_rover_orig_vh_c.1_s923500475_SR10P_src20401246_e0004.txt","/home/hersco/training_new_domains/2026-08-21/statistical_replication_stage1_policy_eval/20428007_Ev_rover_rover_orig_vh_c.1_s923500475_SR10P_src20401246_e0004.txt","",""
"MAIN-VAL","rover","on","stage1","validation_selected","1073581256","20401240","143","/home/hersco/bershco-nu-asnets/numeric-asnets/asnets/experiment-results/experiments_numeric.domain.rover-experiments_numeric.architecture_2.rover-2026-08-20T18:13:54.950216/P[domain,pfile1,pfile2,pfile3,pfile4]-S[0.003,50,enhsp-hmrp-ha-gbfs]-MO[]-T[518400]-04905448-1247c09/snapshots/snapshot_143_0.625","20427494","4","20","COMPLETED","0:0","00:06:59","4","0","/home/hersco/training_new_domains/2026-08-20/statistical_replication_stage1_10seed/20401240_Tr_rover_rover_orig_vh_c.1_s1073581256_STATREP10_STAGE1.txt","/home/hersco/training_new_domains/2026-08-21/statistical_replication_stage1_policy_eval/20427494_Ev_rover_rover_orig_vh_c.1_s1073581256_SR10P_src20401240_e0143.txt","/home/hersco/training_new_domains/2026-08-21/statistical_replication_stage1_policy_eval/20427494_Ev_rover_rover_orig_vh_c.1_s1073581256_SR10P_src20401240_e0143.txt","",""
"MAIN-VAL","rover","on","stage1","validation_selected","1239739722","20401241","112","/home/hersco/bershco-nu-asnets/numeric-asnets/asnets/experiment-results/experiments_numeric.domain.rover-experiments_numeric.architecture_2.rover-2026-08-20T18:13:54.950169/P[domain,pfile1,pfile2,pfile3,pfile4]-S[0.003,50,enhsp-hmrp-ha-gbfs]-MO[]-T[518400]-04905448-7d9a779/snapshots/snapshot_112_0.625","20427527","4","20","COMPLETED","0:0","00:18:25","4","0","/home/hersco/training_new_domains/2026-08-20/statistical_replication_stage1_10seed/20401241_Tr_rover_rover_orig_vh_c.1_s1239739722_STATREP10_STAGE1.txt","/home/hersco/training_new_domains/2026-08-21/statistical_replication_stage1_policy_eval/20427527_Ev_rover_rover_orig_vh_c.1_s1239739722_SR10P_src20401241_e0112.txt","/home/hersco/training_new_domains/2026-08-21/statistical_replication_stage1_policy_eval/20427527_Ev_rover_rover_orig_vh_c.1_s1239739722_SR10P_src20401241_e0112.txt","",""
"MAIN-VAL","rover","on","stage1","validation_selected","1472491096","20401242","115","/home/hersco/bershco-nu-asnets/numeric-asnets/asnets/experiment-results/experiments_numeric.domain.rover-experiments_numeric.architecture_2.rover-2026-08-20T18:12:54.279631/P[domain,pfile1,pfile2,pfile3,pfile4]-S[0.003,50,enhsp-hmrp-ha-gbfs]-MO[]-T[518400]-04905447-43e0a7a/snapshots/snapshot_115_0.750","20427740","4","20","COMPLETED","0:0","00:07:06","4","0","/home/hersco/training_new_domains/2026-08-20/statistical_replication_stage1_10seed/20401242_Tr_rover_rover_orig_vh_c.1_s1472491096_STATREP10_STAGE1.txt","/home/hersco/training_new_domains/2026-08-21/statistical_replication_stage1_policy_eval/20427740_Ev_rover_rover_orig_vh_c.1_s1472491096_SR10P_src20401242_e0115.txt","/home/hersco/training_new_domains/2026-08-21/statistical_replication_stage1_policy_eval/20427740_Ev_rover_rover_orig_vh_c.1_s1472491096_SR10P_src20401242_e0115.txt","",""
"MAIN-VAL","rover","on","stage1","validation_selected","1510771779","20401245","90","/home/hersco/bershco-nu-asnets/numeric-asnets/asnets/experiment-results/experiments_numeric.domain.rover-experiments_numeric.architecture_2.rover-2026-08-20T18:12:54.279636/P[domain,pfile1,pfile2,pfile3,pfile4]-S[0.003,50,enhsp-hmrp-ha-gbfs]-MO[]-T[518400]-04905447-17cc32a/snapshots/snapshot_90_0.750","20427853","4","20","COMPLETED","0:0","00:17:09","4","0","/home/hersco/training_new_domains/2026-08-20/statistical_replication_stage1_10seed/20401245_Tr_rover_rover_orig_vh_c.1_s1510771779_STATREP10_STAGE1.txt","/home/hersco/training_new_domains/2026-08-21/statistical_replication_stage1_policy_eval/20427853_Ev_rover_rover_orig_vh_c.1_s1510771779_SR10P_src20401245_e0090.txt","/home/hersco/training_new_domains/2026-08-21/statistical_replication_stage1_policy_eval/20427853_Ev_rover_rover_orig_vh_c.1_s1510771779_SR10P_src20401245_e0090.txt","",""
"MAIN-VAL","rover","on","stage1","validation_selected","1963100312","20401238","70","/home/hersco/bershco-nu-asnets/numeric-asnets/asnets/experiment-results/experiments_numeric.domain.rover-experiments_numeric.architecture_2.rover-2026-08-20T18:13:54.950033/P[domain,pfile1,pfile2,pfile3,pfile4]-S[0.003,50,enhsp-hmrp-ha-gbfs]-MO[]-T[518400]-04905448-2fc32f3/snapshots/snapshot_70_0.625","20427194","4","20","COMPLETED","0:0","00:22:10","4","0","/home/hersco/training_new_domains/2026-08-20/statistical_replication_stage1_10seed/20401238_Tr_rover_rover_orig_vh_c.1_s1963100312_STATREP10_STAGE1.txt","/home/hersco/training_new_domains/2026-08-21/statistical_replication_stage1_policy_eval/20427194_Ev_rover_rover_orig_vh_c.1_s1963100312_SR10P_src20401238_e0070.txt","/home/hersco/training_new_domains/2026-08-21/statistical_replication_stage1_policy_eval/20427194_Ev_rover_rover_orig_vh_c.1_s1963100312_SR10P_src20401238_e0070.txt","",""
"MAIN-VAL","rover","on","stage1","validation_selected","1972442430","20401247","71","/home/hersco/bershco-nu-asnets/numeric-asnets/asnets/experiment-results/experiments_numeric.domain.rover-experiments_numeric.architecture_2.rover-2026-08-20T18:13:01.854070/P[domain,pfile1,pfile2,pfile3,pfile4]-S[0.003,50,enhsp-hmrp-ha-gbfs]-MO[]-T[518400]-04905447-72aea46/snapshots/snapshot_71_0.750","20428032","4","20","COMPLETED","0:0","00:04:44","4","0","/home/hersco/training_new_domains/2026-08-20/statistical_replication_stage1_10seed/20401247_Tr_rover_rover_orig_vh_c.1_s1972442430_STATREP10_STAGE1.txt","/home/hersco/training_new_domains/2026-08-21/statistical_replication_stage1_policy_eval/20428032_Ev_rover_rover_orig_vh_c.1_s1972442430_SR10P_src20401247_e0071.txt","/home/hersco/training_new_domains/2026-08-21/statistical_replication_stage1_policy_eval/20428032_Ev_rover_rover_orig_vh_c.1_s1972442430_SR10P_src20401247_e0071.txt","",""
"MAIN-VAL","rover","on","stage1","validation_selected","2011206605","20401239","95","/home/hersco/bershco-nu-asnets/numeric-asnets/asnets/experiment-results/experiments_numeric.domain.rover-experiments_numeric.architecture_2.rover-2026-08-20T18:13:54.949965/P[domain,pfile1,pfile2,pfile3,pfile4]-S[0.003,50,enhsp-hmrp-ha-gbfs]-MO[]-T[518400]-04905448-067843/snapshots/snapshot_95_0.750","20427445","4","20","COMPLETED","0:0","00:14:42","4","0","/home/hersco/training_new_domains/2026-08-20/statistical_replication_stage1_10seed/20401239_Tr_rover_rover_orig_vh_c.1_s2011206605_STATREP10_STAGE1.txt","/home/hersco/training_new_domains/2026-08-21/statistical_replication_stage1_policy_eval/20427445_Ev_rover_rover_orig_vh_c.1_s2011206605_SR10P_src20401239_e0095.txt","/home/hersco/training_new_domains/2026-08-21/statistical_replication_stage1_policy_eval/20427445_Ev_rover_rover_orig_vh_c.1_s2011206605_SR10P_src20401239_e0095.txt","",""
"MAIN-VAL","rover","on","stage1","validation_selected","2082152039","20401244","77","/home/hersco/bershco-nu-asnets/numeric-asnets/asnets/experiment-results/experiments_numeric.domain.rover-experiments_numeric.architecture_2.rover-2026-08-20T18:12:54.279723/P[domain,pfile1,pfile2,pfile3,pfile4]-S[0.003,50,enhsp-hmrp-ha-gbfs]-MO[]-T[518400]-04905447-faf7d6/snapshots/snapshot_77_0.750","20427835","4","20","COMPLETED","0:0","00:18:54","4","0","/home/hersco/training_new_domains/2026-08-20/statistical_replication_stage1_10seed/20401244_Tr_rover_rover_orig_vh_c.1_s2082152039_STATREP10_STAGE1.txt","/home/hersco/training_new_domains/2026-08-21/statistical_replication_stage1_policy_eval/20427835_Ev_rover_rover_orig_vh_c.1_s2082152039_SR10P_src20401244_e0077.txt","/home/hersco/training_new_domains/2026-08-21/statistical_replication_stage1_policy_eval/20427835_Ev_rover_rover_orig_vh_c.1_s2082152039_SR10P_src20401244_e0077.txt","",""
"MAIN-VAL","rover","on","stage2","final","534933607","20430402","99","/home/hersco/bershco-nu-asnets/numeric-asnets/asnets/experiment-results/experiments_numeric.domain.rover-experiments_numeric.architecture_2.rover_mcts-2026-08-21T14:00:47.241508/P[domain,pfile1,pfile2,pfile3,pfile4]-S[0.0003,50,enhsp-hmrp-ha-gbfs]-MO[]-T[518400]-04906634-3c74d66/snapshots/snapshot_99_1.0000","20488195","3","20","COMPLETED","0:0","00:23:34","3","0","/home/hersco/training_new_domains/2026-08-21/statistical_replication_stage2_training/20430402_Re-Tr_rover_rover_mcts_orig_vh_e.5_c.1_s534933607_K0_SR10T_src20401243_e0017.txt","/home/hersco/training_new_domains/2026-08-22/statistical_replication_stage2_policy_eval/20488195_Ev_rover_rover_orig_vh_c.1_s534933607_SR10P_src20430402_e0099.txt","/home/hersco/training_new_domains/2026-08-22/statistical_replication_stage2_policy_eval/20488195_Ev_rover_rover_orig_vh_c.1_s534933607_SR10P_src20430402_e0099.txt","",""
"MAIN-VAL","rover","on","stage2","final","923500475","20430405","7","/home/hersco/bershco-nu-asnets/numeric-asnets/asnets/experiment-results/experiments_numeric.domain.rover-experiments_numeric.architecture_2.rover_mcts-2026-08-21T14:33:23.499926/P[domain,pfile1,pfile2,pfile3,pfile4]-S[0.0003,50,enhsp-hmrp-ha-gbfs]-MO[]-T[518400]-04906667-5194f74/snapshots/snapshot_7_0.5000","20594485","1","20","COMPLETED","0:0","00:06:13","1","0","/home/hersco/training_new_domains/2026-08-21/statistical_replication_stage2_training/20430405_Re-Tr_rover_rover_mcts_orig_vh_e.5_c.1_s923500475_K0_SR10T_src20401246_e0004.txt","/home/hersco/training_new_domains/2026-08-26/statistical_replication_stage2_policy_eval/20594485_Ev_rover_rover_orig_vh_c.1_s923500475_SR10P_src20430405_e0007.txt","/home/hersco/training_new_domains/2026-08-26/statistical_replication_stage2_policy_eval/20594485_Ev_rover_rover_orig_vh_c.1_s923500475_SR10P_src20430405_e0007.txt","",""
"MAIN-VAL","rover","on","stage2","final","1073581256","20430399","99","/home/hersco/bershco-nu-asnets/numeric-asnets/asnets/experiment-results/experiments_numeric.domain.rover-experiments_numeric.architecture_2.rover_mcts-2026-08-21T11:23:52.306255/P[domain,pfile1,pfile2,pfile3,pfile4]-S[0.0003,50,enhsp-hmrp-ha-gbfs]-MO[]-T[518400]-04906478-1247c09/snapshots/snapshot_99_1.0000","20488143","4","20","COMPLETED","0:0","00:06:19","4","0","/home/hersco/training_new_domains/2026-08-21/statistical_replication_stage2_training/20430399_Re-Tr_rover_rover_mcts_orig_vh_e.5_c.1_s1073581256_K0_SR10T_src20401240_e0143.txt","/home/hersco/training_new_domains/2026-08-22/statistical_replication_stage2_policy_eval/20488143_Ev_rover_rover_orig_vh_c.1_s1073581256_SR10P_src20430399_e0099.txt","/home/hersco/training_new_domains/2026-08-22/statistical_replication_stage2_policy_eval/20488143_Ev_rover_rover_orig_vh_c.1_s1073581256_SR10P_src20430399_e0099.txt","",""
"MAIN-VAL","rover","on","stage2","final","1239739722","20430400","99","/home/hersco/bershco-nu-asnets/numeric-asnets/asnets/experiment-results/experiments_numeric.domain.rover-experiments_numeric.architecture_2.rover_mcts-2026-08-21T12:22:40.564034/P[domain,pfile1,pfile2,pfile3,pfile4]-S[0.0003,50,enhsp-hmrp-ha-gbfs]-MO[]-T[518400]-04906536-7d9a779/snapshots/snapshot_99_1.0000","20465030","4","20","COMPLETED","0:0","00:09:01","4","0","/home/hersco/training_new_domains/2026-08-21/statistical_replication_stage2_training/20430400_Re-Tr_rover_rover_mcts_orig_vh_e.5_c.1_s1239739722_K0_SR10T_src20401241_e0112.txt","/home/hersco/training_new_domains/2026-08-21/statistical_replication_stage2_policy_eval/20465030_Ev_rover_rover_orig_vh_c.1_s1239739722_SR10P_src20430400_e0099.txt","/home/hersco/training_new_domains/2026-08-21/statistical_replication_stage2_policy_eval/20465030_Ev_rover_rover_orig_vh_c.1_s1239739722_SR10P_src20430400_e0099.txt","",""
"MAIN-VAL","rover","on","stage2","final","1472491096","20430401","99","/home/hersco/bershco-nu-asnets/numeric-asnets/asnets/experiment-results/experiments_numeric.domain.rover-experiments_numeric.architecture_2.rover_mcts-2026-08-21T12:28:13.863433/P[domain,pfile1,pfile2,pfile3,pfile4]-S[0.0003,50,enhsp-hmrp-ha-gbfs]-MO[]-T[518400]-04906542-43e0a7a/snapshots/snapshot_99_1.0000","20488174","4","20","COMPLETED","0:0","00:24:49","4","0","/home/hersco/training_new_domains/2026-08-21/statistical_replication_stage2_training/20430401_Re-Tr_rover_rover_mcts_orig_vh_e.5_c.1_s1472491096_K0_SR10T_src20401242_e0115.txt","/home/hersco/training_new_domains/2026-08-22/statistical_replication_stage2_policy_eval/20488174_Ev_rover_rover_orig_vh_c.1_s1472491096_SR10P_src20430401_e0099.txt","/home/hersco/training_new_domains/2026-08-22/statistical_replication_stage2_policy_eval/20488174_Ev_rover_rover_orig_vh_c.1_s1472491096_SR10P_src20430401_e0099.txt","",""
"MAIN-VAL","rover","on","stage2","final","1510771779","20430404","99","/home/hersco/bershco-nu-asnets/numeric-asnets/asnets/experiment-results/experiments_numeric.domain.rover-experiments_numeric.architecture_2.rover_mcts-2026-08-21T14:29:37.523061/P[domain,pfile1,pfile2,pfile3,pfile4]-S[0.0003,50,enhsp-hmrp-ha-gbfs]-MO[]-T[518400]-04906663-17cc32a/snapshots/snapshot_99_1.0000","20488237","4","20","COMPLETED","0:0","00:22:23","4","0","/home/hersco/training_new_domains/2026-08-21/statistical_replication_stage2_training/20430404_Re-Tr_rover_rover_mcts_orig_vh_e.5_c.1_s1510771779_K0_SR10T_src20401245_e0090.txt","/home/hersco/training_new_domains/2026-08-22/statistical_replication_stage2_policy_eval/20488237_Ev_rover_rover_orig_vh_c.1_s1510771779_SR10P_src20430404_e0099.txt","/home/hersco/training_new_domains/2026-08-22/statistical_replication_stage2_policy_eval/20488237_Ev_rover_rover_orig_vh_c.1_s1510771779_SR10P_src20430404_e0099.txt","",""
"MAIN-VAL","rover","on","stage2","final","1963100312","20430397","99","/home/hersco/bershco-nu-asnets/numeric-asnets/asnets/experiment-results/experiments_numeric.domain.rover-experiments_numeric.architecture_2.rover_mcts-2026-08-21T11:23:21.496311/P[domain,pfile1,pfile2,pfile3,pfile4]-S[0.0003,50,enhsp-hmrp-ha-gbfs]-MO[]-T[518400]-04906477-2fc32f3/snapshots/snapshot_99_1.0000","20464934","4","20","COMPLETED","0:0","00:23:44","4","0","/home/hersco/training_new_domains/2026-08-21/statistical_replication_stage2_training/20430397_Re-Tr_rover_rover_mcts_orig_vh_e.5_c.1_s1963100312_K0_SR10T_src20401238_e0070.txt","/home/hersco/training_new_domains/2026-08-21/statistical_replication_stage2_policy_eval/20464934_Ev_rover_rover_orig_vh_c.1_s1963100312_SR10P_src20430397_e0099.txt","/home/hersco/training_new_domains/2026-08-21/statistical_replication_stage2_policy_eval/20464934_Ev_rover_rover_orig_vh_c.1_s1963100312_SR10P_src20430397_e0099.txt","",""
"MAIN-VAL","rover","on","stage2","final","1972442430","20430406","99","/home/hersco/bershco-nu-asnets/numeric-asnets/asnets/experiment-results/experiments_numeric.domain.rover-experiments_numeric.architecture_2.rover_mcts-2026-08-21T14:36:54.487831/P[domain,pfile1,pfile2,pfile3,pfile4]-S[0.0003,50,enhsp-hmrp-ha-gbfs]-MO[]-T[518400]-04906670-72aea46/snapshots/snapshot_99_1.0000","20488259","4","20","COMPLETED","0:0","00:10:00","4","0","/home/hersco/training_new_domains/2026-08-21/statistical_replication_stage2_training/20430406_Re-Tr_rover_rover_mcts_orig_vh_e.5_c.1_s1972442430_K0_SR10T_src20401247_e0071.txt","/home/hersco/training_new_domains/2026-08-22/statistical_replication_stage2_policy_eval/20488259_Ev_rover_rover_orig_vh_c.1_s1972442430_SR10P_src20430406_e0099.txt","/home/hersco/training_new_domains/2026-08-22/statistical_replication_stage2_policy_eval/20488259_Ev_rover_rover_orig_vh_c.1_s1972442430_SR10P_src20430406_e0099.txt","",""
"MAIN-VAL","rover","on","stage2","final","2011206605","20430398","99","/home/hersco/bershco-nu-asnets/numeric-asnets/asnets/experiment-results/experiments_numeric.domain.rover-experiments_numeric.architecture_2.rover_mcts-2026-08-21T11:23:12.805311/P[domain,pfile1,pfile2,pfile3,pfile4]-S[0.0003,50,enhsp-hmrp-ha-gbfs]-MO[]-T[518400]-04906477-067843/snapshots/snapshot_99_1.0000","20465008","4","20","COMPLETED","0:0","00:06:10","4","0","/home/hersco/training_new_domains/2026-08-21/statistical_replication_stage2_training/20430398_Re-Tr_rover_rover_mcts_orig_vh_e.5_c.1_s2011206605_K0_SR10T_src20401239_e0095.txt","/home/hersco/training_new_domains/2026-08-21/statistical_replication_stage2_policy_eval/20465008_Ev_rover_rover_orig_vh_c.1_s2011206605_SR10P_src20430398_e0099.txt","/home/hersco/training_new_domains/2026-08-21/statistical_replication_stage2_policy_eval/20465008_Ev_rover_rover_orig_vh_c.1_s2011206605_SR10P_src20430398_e0099.txt","",""
"MAIN-VAL","rover","on","stage2","final","2082152039","20430403","99","/home/hersco/bershco-nu-asnets/numeric-asnets/asnets/experiment-results/experiments_numeric.domain.rover-experiments_numeric.architecture_2.rover_mcts-2026-08-21T14:20:58.163438/P[domain,pfile1,pfile2,pfile3,pfile4]-S[0.0003,50,enhsp-hmrp-ha-gbfs]-MO[]-T[518400]-04906655-faf7d6/snapshots/snapshot_99_1.0000","20488216","4","20","COMPLETED","0:0","00:39:35","4","0","/home/hersco/training_new_domains/2026-08-21/statistical_replication_stage2_training/20430403_Re-Tr_rover_rover_mcts_orig_vh_e.5_c.1_s2082152039_K0_SR10T_src20401244_e0077.txt","/home/hersco/training_new_domains/2026-08-22/statistical_replication_stage2_policy_eval/20488216_Ev_rover_rover_orig_vh_c.1_s2082152039_SR10P_src20430403_e0099.txt","/home/hersco/training_new_domains/2026-08-22/statistical_replication_stage2_policy_eval/20488216_Ev_rover_rover_orig_vh_c.1_s2082152039_SR10P_src20430403_e0099.txt","",""
"MAIN-VAL","rover","on","stage2","validation_selected","534933607","20430402","25","/home/hersco/bershco-nu-asnets/numeric-asnets/asnets/experiment-results/experiments_numeric.domain.rover-experiments_numeric.architecture_2.rover_mcts-2026-08-21T14:00:47.241508/P[domain,pfile1,pfile2,pfile3,pfile4]-S[0.0003,50,enhsp-hmrp-ha-gbfs]-MO[]-T[518400]-04906634-3c74d66/snapshots/snapshot_25_1.0000","20488180","4","20","COMPLETED","0:0","00:23:27","4","0","/home/hersco/training_new_domains/2026-08-21/statistical_replication_stage2_training/20430402_Re-Tr_rover_rover_mcts_orig_vh_e.5_c.1_s534933607_K0_SR10T_src20401243_e0017.txt","/home/hersco/training_new_domains/2026-08-22/statistical_replication_stage2_policy_eval/20488180_Ev_rover_rover_orig_vh_c.1_s534933607_SR10P_src20430402_e0025.txt","/home/hersco/training_new_domains/2026-08-22/statistical_replication_stage2_policy_eval/20488180_Ev_rover_rover_orig_vh_c.1_s534933607_SR10P_src20430402_e0025.txt","20575478","/home/hersco/training_new_domains/2026-08-26/statistical_replication_stage2_policy_eval/20575478_Ev_rover_rover_orig_vh_c.1_s534933607_SR10P_src20430402_e0025.txt"
"MAIN-VAL","rover","on","stage2","validation_selected","923500475","20430405","2","/home/hersco/bershco-nu-asnets/numeric-asnets/asnets/experiment-results/experiments_numeric.domain.rover-experiments_numeric.architecture_2.rover_mcts-2026-08-21T14:33:23.499926/P[domain,pfile1,pfile2,pfile3,pfile4]-S[0.0003,50,enhsp-hmrp-ha-gbfs]-MO[]-T[518400]-04906667-5194f74/snapshots/snapshot_2_0.0000","20594483","1","20","COMPLETED","0:0","00:06:10","1","0","/home/hersco/training_new_domains/2026-08-21/statistical_replication_stage2_training/20430405_Re-Tr_rover_rover_mcts_orig_vh_e.5_c.1_s923500475_K0_SR10T_src20401246_e0004.txt","/home/hersco/training_new_domains/2026-08-26/statistical_replication_stage2_policy_eval/20594483_Ev_rover_rover_orig_vh_c.1_s923500475_SR10P_src20430405_e0002.txt","/home/hersco/training_new_domains/2026-08-26/statistical_replication_stage2_policy_eval/20594483_Ev_rover_rover_orig_vh_c.1_s923500475_SR10P_src20430405_e0002.txt","",""
"MAIN-VAL","rover","on","stage2","validation_selected","1073581256","20430399","0","/home/hersco/bershco-nu-asnets/numeric-asnets/asnets/experiment-results/experiments_numeric.domain.rover-experiments_numeric.architecture_2.rover_mcts-2026-08-21T11:23:52.306255/P[domain,pfile1,pfile2,pfile3,pfile4]-S[0.0003,50,enhsp-hmrp-ha-gbfs]-MO[]-T[518400]-04906478-1247c09/snapshots/snapshot_0_1.0000","20488121","4","20","COMPLETED","0:0","00:05:42","4","0","/home/hersco/training_new_domains/2026-08-21/statistical_replication_stage2_training/20430399_Re-Tr_rover_rover_mcts_orig_vh_e.5_c.1_s1073581256_K0_SR10T_src20401240_e0143.txt","/home/hersco/training_new_domains/2026-08-22/statistical_replication_stage2_policy_eval/20488121_Ev_rover_rover_orig_vh_c.1_s1073581256_SR10P_src20430399_e0000.txt","/home/hersco/training_new_domains/2026-08-22/statistical_replication_stage2_policy_eval/20488121_Ev_rover_rover_orig_vh_c.1_s1073581256_SR10P_src20430399_e0000.txt","20575476","/home/hersco/training_new_domains/2026-08-26/statistical_replication_stage2_policy_eval/20575476_Ev_rover_rover_orig_vh_c.1_s1073581256_SR10P_src20430399_e0000.txt"
"MAIN-VAL","rover","on","stage2","validation_selected","1239739722","20430400","0","/home/hersco/bershco-nu-asnets/numeric-asnets/asnets/experiment-results/experiments_numeric.domain.rover-experiments_numeric.architecture_2.rover_mcts-2026-08-21T12:22:40.564034/P[domain,pfile1,pfile2,pfile3,pfile4]-S[0.0003,50,enhsp-hmrp-ha-gbfs]-MO[]-T[518400]-04906536-7d9a779/snapshots/snapshot_0_1.0000","20465010","4","20","COMPLETED","0:0","00:11:27","4","0","/home/hersco/training_new_domains/2026-08-21/statistical_replication_stage2_training/20430400_Re-Tr_rover_rover_mcts_orig_vh_e.5_c.1_s1239739722_K0_SR10T_src20401241_e0112.txt","/home/hersco/training_new_domains/2026-08-21/statistical_replication_stage2_policy_eval/20465010_Ev_rover_rover_orig_vh_c.1_s1239739722_SR10P_src20430400_e0000.txt","/home/hersco/training_new_domains/2026-08-21/statistical_replication_stage2_policy_eval/20465010_Ev_rover_rover_orig_vh_c.1_s1239739722_SR10P_src20430400_e0000.txt","20575465","/home/hersco/training_new_domains/2026-08-26/statistical_replication_stage2_policy_eval/20575465_Ev_rover_rover_orig_vh_c.1_s1239739722_SR10P_src20430400_e0000.txt"
"MAIN-VAL","rover","on","stage2","validation_selected","1472491096","20430401","0","/home/hersco/bershco-nu-asnets/numeric-asnets/asnets/experiment-results/experiments_numeric.domain.rover-experiments_numeric.architecture_2.rover_mcts-2026-08-21T12:28:13.863433/P[domain,pfile1,pfile2,pfile3,pfile4]-S[0.0003,50,enhsp-hmrp-ha-gbfs]-MO[]-T[518400]-04906542-43e0a7a/snapshots/snapshot_0_1.0000","20488144","4","20","COMPLETED","0:0","00:25:18","4","0","/home/hersco/training_new_domains/2026-08-21/statistical_replication_stage2_training/20430401_Re-Tr_rover_rover_mcts_orig_vh_e.5_c.1_s1472491096_K0_SR10T_src20401242_e0115.txt","/home/hersco/training_new_domains/2026-08-22/statistical_replication_stage2_policy_eval/20488144_Ev_rover_rover_orig_vh_c.1_s1472491096_SR10P_src20430401_e0000.txt","/home/hersco/training_new_domains/2026-08-22/statistical_replication_stage2_policy_eval/20488144_Ev_rover_rover_orig_vh_c.1_s1472491096_SR10P_src20430401_e0000.txt","20575477","/home/hersco/training_new_domains/2026-08-26/statistical_replication_stage2_policy_eval/20575477_Ev_rover_rover_orig_vh_c.1_s1472491096_SR10P_src20430401_e0000.txt"
"MAIN-VAL","rover","on","stage2","validation_selected","1510771779","20430404","0","/home/hersco/bershco-nu-asnets/numeric-asnets/asnets/experiment-results/experiments_numeric.domain.rover-experiments_numeric.architecture_2.rover_mcts-2026-08-21T14:29:37.523061/P[domain,pfile1,pfile2,pfile3,pfile4]-S[0.0003,50,enhsp-hmrp-ha-gbfs]-MO[]-T[518400]-04906663-17cc32a/snapshots/snapshot_0_1.0000","20488217","4","20","COMPLETED","0:0","00:16:35","4","0","/home/hersco/training_new_domains/2026-08-21/statistical_replication_stage2_training/20430404_Re-Tr_rover_rover_mcts_orig_vh_e.5_c.1_s1510771779_K0_SR10T_src20401245_e0090.txt","/home/hersco/training_new_domains/2026-08-22/statistical_replication_stage2_policy_eval/20488217_Ev_rover_rover_orig_vh_c.1_s1510771779_SR10P_src20430404_e0000.txt","/home/hersco/training_new_domains/2026-08-22/statistical_replication_stage2_policy_eval/20488217_Ev_rover_rover_orig_vh_c.1_s1510771779_SR10P_src20430404_e0000.txt","20575481","/home/hersco/training_new_domains/2026-08-26/statistical_replication_stage2_policy_eval/20575481_Ev_rover_rover_orig_vh_c.1_s1510771779_SR10P_src20430404_e0000.txt"
"MAIN-VAL","rover","on","stage2","validation_selected","1963100312","20430397","1","/home/hersco/bershco-nu-asnets/numeric-asnets/asnets/experiment-results/experiments_numeric.domain.rover-experiments_numeric.architecture_2.rover_mcts-2026-08-21T11:23:21.496311/P[domain,pfile1,pfile2,pfile3,pfile4]-S[0.0003,50,enhsp-hmrp-ha-gbfs]-MO[]-T[518400]-04906477-2fc32f3/snapshots/snapshot_1_1.0000","20464936","4","20","COMPLETED","0:0","00:28:03","4","0","/home/hersco/training_new_domains/2026-08-21/statistical_replication_stage2_training/20430397_Re-Tr_rover_rover_mcts_orig_vh_e.5_c.1_s1963100312_K0_SR10T_src20401238_e0070.txt","/home/hersco/training_new_domains/2026-08-21/statistical_replication_stage2_policy_eval/20464936_Ev_rover_rover_orig_vh_c.1_s1963100312_SR10P_src20430397_e0001.txt","/home/hersco/training_new_domains/2026-08-21/statistical_replication_stage2_policy_eval/20464936_Ev_rover_rover_orig_vh_c.1_s1963100312_SR10P_src20430397_e0001.txt","",""
"MAIN-VAL","rover","on","stage2","validation_selected","1972442430","20430406","0","/home/hersco/bershco-nu-asnets/numeric-asnets/asnets/experiment-results/experiments_numeric.domain.rover-experiments_numeric.architecture_2.rover_mcts-2026-08-21T14:36:54.487831/P[domain,pfile1,pfile2,pfile3,pfile4]-S[0.0003,50,enhsp-hmrp-ha-gbfs]-MO[]-T[518400]-04906670-72aea46/snapshots/snapshot_0_1.0000","20488238","5","20","COMPLETED","0:0","00:07:34","5","0","/home/hersco/training_new_domains/2026-08-21/statistical_replication_stage2_training/20430406_Re-Tr_rover_rover_mcts_orig_vh_e.5_c.1_s1972442430_K0_SR10T_src20401247_e0071.txt","/home/hersco/training_new_domains/2026-08-22/statistical_replication_stage2_policy_eval/20488238_Ev_rover_rover_orig_vh_c.1_s1972442430_SR10P_src20430406_e0000.txt","/home/hersco/training_new_domains/2026-08-22/statistical_replication_stage2_policy_eval/20488238_Ev_rover_rover_orig_vh_c.1_s1972442430_SR10P_src20430406_e0000.txt","20575482","/home/hersco/training_new_domains/2026-08-26/statistical_replication_stage2_policy_eval/20575482_Ev_rover_rover_orig_vh_c.1_s1972442430_SR10P_src20430406_e0000.txt"
"MAIN-VAL","rover","on","stage2","validation_selected","2011206605","20430398","31","/home/hersco/bershco-nu-asnets/numeric-asnets/asnets/experiment-results/experiments_numeric.domain.rover-experiments_numeric.architecture_2.rover_mcts-2026-08-21T11:23:12.805311/P[domain,pfile1,pfile2,pfile3,pfile4]-S[0.0003,50,enhsp-hmrp-ha-gbfs]-MO[]-T[518400]-04906477-067843/snapshots/snapshot_31_1.0000","20465009","5","20","COMPLETED","0:0","00:06:08","5","0","/home/hersco/training_new_domains/2026-08-21/statistical_replication_stage2_training/20430398_Re-Tr_rover_rover_mcts_orig_vh_e.5_c.1_s2011206605_K0_SR10T_src20401239_e0095.txt","/home/hersco/training_new_domains/2026-08-21/statistical_replication_stage2_policy_eval/20465009_Ev_rover_rover_orig_vh_c.1_s2011206605_SR10P_src20430398_e0031.txt","/home/hersco/training_new_domains/2026-08-21/statistical_replication_stage2_policy_eval/20465009_Ev_rover_rover_orig_vh_c.1_s2011206605_SR10P_src20430398_e0031.txt","",""
"MAIN-VAL","rover","on","stage2","validation_selected","2082152039","20430403","0","/home/hersco/bershco-nu-asnets/numeric-asnets/asnets/experiment-results/experiments_numeric.domain.rover-experiments_numeric.architecture_2.rover_mcts-2026-08-21T14:20:58.163438/P[domain,pfile1,pfile2,pfile3,pfile4]-S[0.0003,50,enhsp-hmrp-ha-gbfs]-MO[]-T[518400]-04906655-faf7d6/snapshots/snapshot_0_1.0000","20488196","4","20","COMPLETED","0:0","00:24:39","4","0","/home/hersco/training_new_domains/2026-08-21/statistical_replication_stage2_training/20430403_Re-Tr_rover_rover_mcts_orig_vh_e.5_c.1_s2082152039_K0_SR10T_src20401244_e0077.txt","/home/hersco/training_new_domains/2026-08-22/statistical_replication_stage2_policy_eval/20488196_Ev_rover_rover_orig_vh_c.1_s2082152039_SR10P_src20430403_e0000.txt","/home/hersco/training_new_domains/2026-08-22/statistical_replication_stage2_policy_eval/20488196_Ev_rover_rover_orig_vh_c.1_s2082152039_SR10P_src20430403_e0000.txt","20575480","/home/hersco/training_new_domains/2026-08-26/statistical_replication_stage2_policy_eval/20575480_Ev_rover_rover_orig_vh_c.1_s2082152039_SR10P_src20430403_e0000.txt"
"PRESERVE-4","delivery","off","stage1","final","534933607","20522935","53","/home/hersco/bershco-nu-asnets/numeric-asnets/asnets/experiment-results/experiments_numeric.domain.delivery-experiments_numeric.architecture_2.delivery-2026-08-25T00:22:31.723148/P[domain,prob01,prob02,prob03,prob04]-S[0.003,50,enhsp-hadd-astar]-MO[]-T[518400]-04911576-3c74d66/snapshots/snapshot_53_0.750","20544473","19","20","COMPLETED","0:0","00:17:16","19","0","/home/hersco/training_new_domains/2026-08-24/completed_domains_stage1_10seed/20522935_Tr_delivery_delivery_orig_novh_c.1_s534933607__CD4S1.txt","/home/hersco/training_new_domains/2026-08-25/completed_domains_stage1_policy_eval/20544473_Ev_delivery_delivery_orig_novh_c.1_s534933607_CD4P_src20522935_e0053.txt","/home/hersco/training_new_domains/2026-08-25/completed_domains_stage1_policy_eval/20544473_Ev_delivery_delivery_orig_novh_c.1_s534933607_CD4P_src20522935_e0053.txt","",""
"PRESERVE-4","delivery","off","stage1","final","923500475","20522942","55","/home/hersco/bershco-nu-asnets/numeric-asnets/asnets/experiment-results/experiments_numeric.domain.delivery-experiments_numeric.architecture_2.delivery-2026-08-25T00:30:30.692412/P[domain,prob01,prob02,prob03,prob04]-S[0.003,50,enhsp-hadd-astar]-MO[]-T[518400]-04911584-5194f74/snapshots/snapshot_55_0.750","20541044","19","20","COMPLETED","0:0","00:12:49","19","0","/home/hersco/training_new_domains/2026-08-24/completed_domains_stage1_10seed/20522942_Tr_delivery_delivery_orig_novh_c.1_s923500475__CD4S1.txt","/home/hersco/training_new_domains/2026-08-25/completed_domains_stage1_policy_eval/20541044_Ev_delivery_delivery_orig_novh_c.1_s923500475_CD4P_src20522942_e0055.txt","/home/hersco/training_new_domains/2026-08-25/completed_domains_stage1_policy_eval/20541044_Ev_delivery_delivery_orig_novh_c.1_s923500475_CD4P_src20522942_e0055.txt","",""
"PRESERVE-4","delivery","off","stage1","final","1073581256","20522926","97","/home/hersco/bershco-nu-asnets/numeric-asnets/asnets/experiment-results/experiments_numeric.domain.delivery-experiments_numeric.architecture_2.delivery-2026-08-24T23:46:21.540438/P[domain,prob01,prob02,prob03,prob04]-S[0.003,50,enhsp-hadd-astar]-MO[]-T[518400]-04911540-1247c09/snapshots/snapshot_97_0.750","20559360","18","20","COMPLETED","0:0","00:09:07","18","0","/home/hersco/training_new_domains/2026-08-24/completed_domains_stage1_10seed/20522926_Tr_delivery_delivery_orig_novh_c.1_s1073581256__CD4S1.txt","/home/hersco/training_new_domains/2026-08-25/completed_domains_stage1_policy_eval/20559360_Ev_delivery_delivery_orig_novh_c.1_s1073581256_CD4P_src20522926_e0097.txt","/home/hersco/training_new_domains/2026-08-25/completed_domains_stage1_policy_eval/20559360_Ev_delivery_delivery_orig_novh_c.1_s1073581256_CD4P_src20522926_e0097.txt","",""
"PRESERVE-4","delivery","off","stage1","final","1239739722","20522929","64","/home/hersco/bershco-nu-asnets/numeric-asnets/asnets/experiment-results/experiments_numeric.domain.delivery-experiments_numeric.architecture_2.delivery-2026-08-25T00:00:50.587504/P[domain,prob01,prob02,prob03,prob04]-S[0.003,50,enhsp-hadd-astar]-MO[]-T[518400]-04911555-7d9a779/snapshots/snapshot_64_0.750","20553510","15","20","COMPLETED","0:0","00:10:18","15","0","/home/hersco/training_new_domains/2026-08-24/completed_domains_stage1_10seed/20522929_Tr_delivery_delivery_orig_novh_c.1_s1239739722__CD4S1.txt","/home/hersco/training_new_domains/2026-08-25/completed_domains_stage1_policy_eval/20553510_Ev_delivery_delivery_orig_novh_c.1_s1239739722_CD4P_src20522929_e0064.txt","/home/hersco/training_new_domains/2026-08-25/completed_domains_stage1_policy_eval/20553510_Ev_delivery_delivery_orig_novh_c.1_s1239739722_CD4P_src20522929_e0064.txt","",""
"PRESERVE-4","delivery","off","stage1","final","1472491096","20522932","63","/home/hersco/bershco-nu-asnets/numeric-asnets/asnets/experiment-results/experiments_numeric.domain.delivery-experiments_numeric.architecture_2.delivery-2026-08-25T00:14:32.372361/P[domain,prob01,prob02,prob03,prob04]-S[0.003,50,enhsp-hadd-astar]-MO[]-T[518400]-04911568-43e0a7a/snapshots/snapshot_63_0.750","20553525","9","20","COMPLETED","0:0","00:21:33","9","0","/home/hersco/training_new_domains/2026-08-24/completed_domains_stage1_10seed/20522932_Tr_delivery_delivery_orig_novh_c.1_s1472491096__CD4S1.txt","/home/hersco/training_new_domains/2026-08-25/completed_domains_stage1_policy_eval/20553525_Ev_delivery_delivery_orig_novh_c.1_s1472491096_CD4P_src20522932_e0063.txt","/home/hersco/training_new_domains/2026-08-25/completed_domains_stage1_policy_eval/20553525_Ev_delivery_delivery_orig_novh_c.1_s1472491096_CD4P_src20522932_e0063.txt","",""
"PRESERVE-4","delivery","off","stage1","final","1510771779","20522939","57","/home/hersco/bershco-nu-asnets/numeric-asnets/asnets/experiment-results/experiments_numeric.domain.delivery-experiments_numeric.architecture_2.delivery-2026-08-25T00:28:51.102737/P[domain,prob01,prob02,prob03,prob04]-S[0.003,50,enhsp-hadd-astar]-MO[]-T[518400]-04911582-17cc32a/snapshots/snapshot_57_0.750","20546044","16","20","COMPLETED","0:0","00:19:14","16","0","/home/hersco/training_new_domains/2026-08-24/completed_domains_stage1_10seed/20522939_Tr_delivery_delivery_orig_novh_c.1_s1510771779__CD4S1.txt","/home/hersco/training_new_domains/2026-08-25/completed_domains_stage1_policy_eval/20546044_Ev_delivery_delivery_orig_novh_c.1_s1510771779_CD4P_src20522939_e0057.txt","/home/hersco/training_new_domains/2026-08-25/completed_domains_stage1_policy_eval/20546044_Ev_delivery_delivery_orig_novh_c.1_s1510771779_CD4P_src20522939_e0057.txt","",""
"PRESERVE-4","delivery","off","stage1","final","1963100312","20522923","68","/home/hersco/bershco-nu-asnets/numeric-asnets/asnets/experiment-results/experiments_numeric.domain.delivery-experiments_numeric.architecture_2.delivery-2026-08-24T23:21:11.682972/P[domain,prob01,prob02,prob03,prob04]-S[0.003,50,enhsp-hadd-astar]-MO[]-T[518400]-04911515-2fc32f3/snapshots/snapshot_68_0.750","20546019","9","20","COMPLETED","0:0","00:22:52","9","0","/home/hersco/training_new_domains/2026-08-24/completed_domains_stage1_10seed/20522923_Tr_delivery_delivery_orig_novh_c.1_s1963100312__CD4S1.txt","/home/hersco/training_new_domains/2026-08-25/completed_domains_stage1_policy_eval/20546019_Ev_delivery_delivery_orig_novh_c.1_s1963100312_CD4P_src20522923_e0068.txt","/home/hersco/training_new_domains/2026-08-25/completed_domains_stage1_policy_eval/20546019_Ev_delivery_delivery_orig_novh_c.1_s1963100312_CD4P_src20522923_e0068.txt","",""
"PRESERVE-4","delivery","off","stage1","final","1972442430","20522945","52","/home/hersco/bershco-nu-asnets/numeric-asnets/asnets/experiment-results/experiments_numeric.domain.delivery-experiments_numeric.architecture_2.delivery-2026-08-25T00:30:30.692405/P[domain,prob01,prob02,prob03,prob04]-S[0.003,50,enhsp-hadd-astar]-MO[]-T[518400]-04911584-72aea46/snapshots/snapshot_52_0.750","20541055","9","20","COMPLETED","0:0","00:27:47","9","0","/home/hersco/training_new_domains/2026-08-24/completed_domains_stage1_10seed/20522945_Tr_delivery_delivery_orig_novh_c.1_s1972442430__CD4S1.txt","/home/hersco/training_new_domains/2026-08-25/completed_domains_stage1_policy_eval/20541055_Ev_delivery_delivery_orig_novh_c.1_s1972442430_CD4P_src20522945_e0052.txt","/home/hersco/training_new_domains/2026-08-25/completed_domains_stage1_policy_eval/20541055_Ev_delivery_delivery_orig_novh_c.1_s1972442430_CD4P_src20522945_e0052.txt","",""
"PRESERVE-4","delivery","off","stage1","final","2011206605","20522924","52","/home/hersco/bershco-nu-asnets/numeric-asnets/asnets/experiment-results/experiments_numeric.domain.delivery-experiments_numeric.architecture_2.delivery-2026-08-24T23:39:21.083487/P[domain,prob01,prob02,prob03,prob04]-S[0.003,50,enhsp-hadd-astar]-MO[]-T[518400]-04911533-067843/snapshots/snapshot_52_0.750","20544461","16","20","COMPLETED","0:0","00:16:48","16","0","/home/hersco/training_new_domains/2026-08-24/completed_domains_stage1_10seed/20522924_Tr_delivery_delivery_orig_novh_c.1_s2011206605__CD4S1.txt","/home/hersco/training_new_domains/2026-08-25/completed_domains_stage1_policy_eval/20544461_Ev_delivery_delivery_orig_novh_c.1_s2011206605_CD4P_src20522924_e0052.txt","/home/hersco/training_new_domains/2026-08-25/completed_domains_stage1_policy_eval/20544461_Ev_delivery_delivery_orig_novh_c.1_s2011206605_CD4P_src20522924_e0052.txt","",""
"PRESERVE-4","delivery","off","stage1","final","2082152039","20522937","60","/home/hersco/bershco-nu-asnets/numeric-asnets/asnets/experiment-results/experiments_numeric.domain.delivery-experiments_numeric.architecture_2.delivery-2026-08-25T00:28:22.773562/P[domain,prob01,prob02,prob03,prob04]-S[0.003,50,enhsp-hadd-astar]-MO[]-T[518400]-04911582-faf7d6/snapshots/snapshot_60_0.750","20541033","11","20","COMPLETED","0:0","00:18:19","11","0","/home/hersco/training_new_domains/2026-08-24/completed_domains_stage1_10seed/20522937_Tr_delivery_delivery_orig_novh_c.1_s2082152039__CD4S1.txt","/home/hersco/training_new_domains/2026-08-25/completed_domains_stage1_policy_eval/20541033_Ev_delivery_delivery_orig_novh_c.1_s2082152039_CD4P_src20522937_e0060.txt","/home/hersco/training_new_domains/2026-08-25/completed_domains_stage1_policy_eval/20541033_Ev_delivery_delivery_orig_novh_c.1_s2082152039_CD4P_src20522937_e0060.txt","",""
"PRESERVE-4","delivery","off","stage1","validation_selected","534933607","20522935","3","/home/hersco/bershco-nu-asnets/numeric-asnets/asnets/experiment-results/experiments_numeric.domain.delivery-experiments_numeric.architecture_2.delivery-2026-08-25T00:22:31.723148/P[domain,prob01,prob02,prob03,prob04]-S[0.003,50,enhsp-hadd-astar]-MO[]-T[518400]-04911576-3c74d66/snapshots/snapshot_3_0.750","20544474","20","20","COMPLETED","0:0","00:04:25","20","0","/home/hersco/training_new_domains/2026-08-24/completed_domains_stage1_10seed/20522935_Tr_delivery_delivery_orig_novh_c.1_s534933607__CD4S1.txt","/home/hersco/training_new_domains/2026-08-25/completed_domains_stage1_policy_eval/20544474_Ev_delivery_delivery_orig_novh_c.1_s534933607_CD4P_src20522935_e0003.txt","/home/hersco/training_new_domains/2026-08-25/completed_domains_stage1_policy_eval/20544474_Ev_delivery_delivery_orig_novh_c.1_s534933607_CD4P_src20522935_e0003.txt","",""
"PRESERVE-4","delivery","off","stage1","validation_selected","923500475","20522942","5","/home/hersco/bershco-nu-asnets/numeric-asnets/asnets/experiment-results/experiments_numeric.domain.delivery-experiments_numeric.architecture_2.delivery-2026-08-25T00:30:30.692412/P[domain,prob01,prob02,prob03,prob04]-S[0.003,50,enhsp-hadd-astar]-MO[]-T[518400]-04911584-5194f74/snapshots/snapshot_5_0.750","20541034","20","20","COMPLETED","0:0","00:03:46","20","0","/home/hersco/training_new_domains/2026-08-24/completed_domains_stage1_10seed/20522942_Tr_delivery_delivery_orig_novh_c.1_s923500475__CD4S1.txt","/home/hersco/training_new_domains/2026-08-25/completed_domains_stage1_policy_eval/20541034_Ev_delivery_delivery_orig_novh_c.1_s923500475_CD4P_src20522942_e0005.txt","/home/hersco/training_new_domains/2026-08-25/completed_domains_stage1_policy_eval/20541034_Ev_delivery_delivery_orig_novh_c.1_s923500475_CD4P_src20522942_e0005.txt","",""
"PRESERVE-4","delivery","off","stage1","validation_selected","1073581256","20522926","83","/home/hersco/bershco-nu-asnets/numeric-asnets/asnets/experiment-results/experiments_numeric.domain.delivery-experiments_numeric.architecture_2.delivery-2026-08-24T23:46:21.540438/P[domain,prob01,prob02,prob03,prob04]-S[0.003,50,enhsp-hadd-astar]-MO[]-T[518400]-04911540-1247c09/snapshots/snapshot_83_0.750","20559361","18","20","COMPLETED","0:0","00:09:54","18","0","/home/hersco/training_new_domains/2026-08-24/completed_domains_stage1_10seed/20522926_Tr_delivery_delivery_orig_novh_c.1_s1073581256__CD4S1.txt","/home/hersco/training_new_domains/2026-08-25/completed_domains_stage1_policy_eval/20559361_Ev_delivery_delivery_orig_novh_c.1_s1073581256_CD4P_src20522926_e0083.txt","/home/hersco/training_new_domains/2026-08-25/completed_domains_stage1_policy_eval/20559361_Ev_delivery_delivery_orig_novh_c.1_s1073581256_CD4P_src20522926_e0083.txt","",""
"PRESERVE-4","delivery","off","stage1","validation_selected","1239739722","20522929","14","/home/hersco/bershco-nu-asnets/numeric-asnets/asnets/experiment-results/experiments_numeric.domain.delivery-experiments_numeric.architecture_2.delivery-2026-08-25T00:00:50.587504/P[domain,prob01,prob02,prob03,prob04]-S[0.003,50,enhsp-hadd-astar]-MO[]-T[518400]-04911555-7d9a779/snapshots/snapshot_14_0.750","20553511","20","20","COMPLETED","0:0","00:06:01","20","0","/home/hersco/training_new_domains/2026-08-24/completed_domains_stage1_10seed/20522929_Tr_delivery_delivery_orig_novh_c.1_s1239739722__CD4S1.txt","/home/hersco/training_new_domains/2026-08-25/completed_domains_stage1_policy_eval/20553511_Ev_delivery_delivery_orig_novh_c.1_s1239739722_CD4P_src20522929_e0014.txt","/home/hersco/training_new_domains/2026-08-25/completed_domains_stage1_policy_eval/20553511_Ev_delivery_delivery_orig_novh_c.1_s1239739722_CD4P_src20522929_e0014.txt","",""
"PRESERVE-4","delivery","off","stage1","validation_selected","1472491096","20522932","13","/home/hersco/bershco-nu-asnets/numeric-asnets/asnets/experiment-results/experiments_numeric.domain.delivery-experiments_numeric.architecture_2.delivery-2026-08-25T00:14:32.372361/P[domain,prob01,prob02,prob03,prob04]-S[0.003,50,enhsp-hadd-astar]-MO[]-T[518400]-04911568-43e0a7a/snapshots/snapshot_13_0.750","20553526","20","20","COMPLETED","0:0","00:05:23","20","0","/home/hersco/training_new_domains/2026-08-24/completed_domains_stage1_10seed/20522932_Tr_delivery_delivery_orig_novh_c.1_s1472491096__CD4S1.txt","/home/hersco/training_new_domains/2026-08-25/completed_domains_stage1_policy_eval/20553526_Ev_delivery_delivery_orig_novh_c.1_s1472491096_CD4P_src20522932_e0013.txt","/home/hersco/training_new_domains/2026-08-25/completed_domains_stage1_policy_eval/20553526_Ev_delivery_delivery_orig_novh_c.1_s1472491096_CD4P_src20522932_e0013.txt","",""
"PRESERVE-4","delivery","off","stage1","validation_selected","1510771779","20522939","7","/home/hersco/bershco-nu-asnets/numeric-asnets/asnets/experiment-results/experiments_numeric.domain.delivery-experiments_numeric.architecture_2.delivery-2026-08-25T00:28:51.102737/P[domain,prob01,prob02,prob03,prob04]-S[0.003,50,enhsp-hadd-astar]-MO[]-T[518400]-04911582-17cc32a/snapshots/snapshot_7_0.750","20546045","20","20","COMPLETED","0:0","00:03:54","20","0","/home/hersco/training_new_domains/2026-08-24/completed_domains_stage1_10seed/20522939_Tr_delivery_delivery_orig_novh_c.1_s1510771779__CD4S1.txt","/home/hersco/training_new_domains/2026-08-25/completed_domains_stage1_policy_eval/20546045_Ev_delivery_delivery_orig_novh_c.1_s1510771779_CD4P_src20522939_e0007.txt","/home/hersco/training_new_domains/2026-08-25/completed_domains_stage1_policy_eval/20546045_Ev_delivery_delivery_orig_novh_c.1_s1510771779_CD4P_src20522939_e0007.txt","",""
"PRESERVE-4","delivery","off","stage1","validation_selected","1963100312","20522923","18","/home/hersco/bershco-nu-asnets/numeric-asnets/asnets/experiment-results/experiments_numeric.domain.delivery-experiments_numeric.architecture_2.delivery-2026-08-24T23:21:11.682972/P[domain,prob01,prob02,prob03,prob04]-S[0.003,50,enhsp-hadd-astar]-MO[]-T[518400]-04911515-2fc32f3/snapshots/snapshot_18_0.750","20546021","20","20","COMPLETED","0:0","00:04:16","20","0","/home/hersco/training_new_domains/2026-08-24/completed_domains_stage1_10seed/20522923_Tr_delivery_delivery_orig_novh_c.1_s1963100312__CD4S1.txt","/home/hersco/training_new_domains/2026-08-25/completed_domains_stage1_policy_eval/20546021_Ev_delivery_delivery_orig_novh_c.1_s1963100312_CD4P_src20522923_e0018.txt","/home/hersco/training_new_domains/2026-08-25/completed_domains_stage1_policy_eval/20546021_Ev_delivery_delivery_orig_novh_c.1_s1963100312_CD4P_src20522923_e0018.txt","",""
"PRESERVE-4","delivery","off","stage1","validation_selected","1972442430","20522945","2","/home/hersco/bershco-nu-asnets/numeric-asnets/asnets/experiment-results/experiments_numeric.domain.delivery-experiments_numeric.architecture_2.delivery-2026-08-25T00:30:30.692405/P[domain,prob01,prob02,prob03,prob04]-S[0.003,50,enhsp-hadd-astar]-MO[]-T[518400]-04911584-72aea46/snapshots/snapshot_2_0.375","20541056","20","20","COMPLETED","0:0","00:04:22","20","0","/home/hersco/training_new_domains/2026-08-24/completed_domains_stage1_10seed/20522945_Tr_delivery_delivery_orig_novh_c.1_s1972442430__CD4S1.txt","/home/hersco/training_new_domains/2026-08-25/completed_domains_stage1_policy_eval/20541056_Ev_delivery_delivery_orig_novh_c.1_s1972442430_CD4P_src20522945_e0002.txt","/home/hersco/training_new_domains/2026-08-25/completed_domains_stage1_policy_eval/20541056_Ev_delivery_delivery_orig_novh_c.1_s1972442430_CD4P_src20522945_e0002.txt","",""
"PRESERVE-4","delivery","off","stage1","validation_selected","2011206605","20522924","2","/home/hersco/bershco-nu-asnets/numeric-asnets/asnets/experiment-results/experiments_numeric.domain.delivery-experiments_numeric.architecture_2.delivery-2026-08-24T23:39:21.083487/P[domain,prob01,prob02,prob03,prob04]-S[0.003,50,enhsp-hadd-astar]-MO[]-T[518400]-04911533-067843/snapshots/snapshot_2_0.625","20544462","20","20","COMPLETED","0:0","00:05:13","20","0","/home/hersco/training_new_domains/2026-08-24/completed_domains_stage1_10seed/20522924_Tr_delivery_delivery_orig_novh_c.1_s2011206605__CD4S1.txt","/home/hersco/training_new_domains/2026-08-25/completed_domains_stage1_policy_eval/20544462_Ev_delivery_delivery_orig_novh_c.1_s2011206605_CD4P_src20522924_e0002.txt","/home/hersco/training_new_domains/2026-08-25/completed_domains_stage1_policy_eval/20544462_Ev_delivery_delivery_orig_novh_c.1_s2011206605_CD4P_src20522924_e0002.txt","",""
"PRESERVE-4","delivery","off","stage1","validation_selected","2082152039","20522937","10","/home/hersco/bershco-nu-asnets/numeric-asnets/asnets/experiment-results/experiments_numeric.domain.delivery-experiments_numeric.architecture_2.delivery-2026-08-25T00:28:22.773562/P[domain,prob01,prob02,prob03,prob04]-S[0.003,50,enhsp-hadd-astar]-MO[]-T[518400]-04911582-faf7d6/snapshots/snapshot_10_0.750","20541023","20","20","COMPLETED","0:0","00:04:14","20","0","/home/hersco/training_new_domains/2026-08-24/completed_domains_stage1_10seed/20522937_Tr_delivery_delivery_orig_novh_c.1_s2082152039__CD4S1.txt","/home/hersco/training_new_domains/2026-08-25/completed_domains_stage1_policy_eval/20541023_Ev_delivery_delivery_orig_novh_c.1_s2082152039_CD4P_src20522937_e0010.txt","/home/hersco/training_new_domains/2026-08-25/completed_domains_stage1_policy_eval/20541023_Ev_delivery_delivery_orig_novh_c.1_s2082152039_CD4P_src20522937_e0010.txt","",""
"PRESERVE-4","delivery","on","stage1","final","534933607","20522918","86","/home/hersco/bershco-nu-asnets/numeric-asnets/asnets/experiment-results/experiments_numeric.domain.delivery-experiments_numeric.architecture_2.delivery-2026-08-24T23:01:37.491566/P[domain,prob01,prob02,prob03,prob04]-S[0.003,50,enhsp-hadd-astar]-MO[]-T[518400]-04911495-3c74d66/snapshots/snapshot_86_0.750","20553496","18","20","COMPLETED","0:0","00:13:27","18","0","/home/hersco/training_new_domains/2026-08-24/completed_domains_stage1_10seed/20522918_Tr_delivery_delivery_orig_vh_c.1_s534933607__CD4S1.txt","/home/hersco/training_new_domains/2026-08-25/completed_domains_stage1_policy_eval/20553496_Ev_delivery_delivery_orig_vh_c.1_s534933607_CD4P_src20522918_e0086.txt","/home/hersco/training_new_domains/2026-08-25/completed_domains_stage1_policy_eval/20553496_Ev_delivery_delivery_orig_vh_c.1_s534933607_CD4P_src20522918_e0086.txt","",""
"PRESERVE-4","delivery","on","stage1","final","923500475","20522921","79","/home/hersco/bershco-nu-asnets/numeric-asnets/asnets/experiment-results/experiments_numeric.domain.delivery-experiments_numeric.architecture_2.delivery-2026-08-24T23:08:56.831101/P[domain,prob01,prob02,prob03,prob04]-S[0.003,50,enhsp-hadd-astar]-MO[]-T[518400]-04911503-5194f74/snapshots/snapshot_79_0.750","20545991","17","20","COMPLETED","0:0","00:18:08","17","0","/home/hersco/training_new_domains/2026-08-24/completed_domains_stage1_10seed/20522921_Tr_delivery_delivery_orig_vh_c.1_s923500475__CD4S1.txt","/home/hersco/training_new_domains/2026-08-25/completed_domains_stage1_policy_eval/20545991_Ev_delivery_delivery_orig_vh_c.1_s923500475_CD4P_src20522921_e0079.txt","/home/hersco/training_new_domains/2026-08-25/completed_domains_stage1_policy_eval/20545991_Ev_delivery_delivery_orig_vh_c.1_s923500475_CD4P_src20522921_e0079.txt","",""
"PRESERVE-4","delivery","on","stage1","final","1073581256","20522915","55","/home/hersco/bershco-nu-asnets/numeric-asnets/asnets/experiment-results/experiments_numeric.domain.delivery-experiments_numeric.architecture_2.delivery-2026-08-24T22:45:51.971797/P[domain,prob01,prob02,prob03,prob04]-S[0.003,50,enhsp-hadd-astar]-MO[]-T[518400]-04911479-1247c09/snapshots/snapshot_55_0.750","20544413","17","20","COMPLETED","0:0","00:09:15","17","0","/home/hersco/training_new_domains/2026-08-24/completed_domains_stage1_10seed/20522915_Tr_delivery_delivery_orig_vh_c.1_s1073581256__CD4S1.txt","/home/hersco/training_new_domains/2026-08-25/completed_domains_stage1_policy_eval/20544413_Ev_delivery_delivery_orig_vh_c.1_s1073581256_CD4P_src20522915_e0055.txt","/home/hersco/training_new_domains/2026-08-25/completed_domains_stage1_policy_eval/20544413_Ev_delivery_delivery_orig_vh_c.1_s1073581256_CD4P_src20522915_e0055.txt","",""
"PRESERVE-4","delivery","on","stage1","final","1239739722","20522916","58","/home/hersco/bershco-nu-asnets/numeric-asnets/asnets/experiment-results/experiments_numeric.domain.delivery-experiments_numeric.architecture_2.delivery-2026-08-24T22:56:34.413780/P[domain,prob01,prob02,prob03,prob04]-S[0.003,50,enhsp-hadd-astar]-MO[]-T[518400]-04911490-7d9a779/snapshots/snapshot_58_0.750","20545964","12","20","COMPLETED","0:0","00:24:22","12","0","/home/hersco/training_new_domains/2026-08-24/completed_domains_stage1_10seed/20522916_Tr_delivery_delivery_orig_vh_c.1_s1239739722__CD4S1.txt","/home/hersco/training_new_domains/2026-08-25/completed_domains_stage1_policy_eval/20545964_Ev_delivery_delivery_orig_vh_c.1_s1239739722_CD4P_src20522916_e0058.txt","/home/hersco/training_new_domains/2026-08-25/completed_domains_stage1_policy_eval/20545964_Ev_delivery_delivery_orig_vh_c.1_s1239739722_CD4P_src20522916_e0058.txt","",""
"PRESERVE-4","delivery","on","stage1","final","1472491096","20522917","99","/home/hersco/bershco-nu-asnets/numeric-asnets/asnets/experiment-results/experiments_numeric.domain.delivery-experiments_numeric.architecture_2.delivery-2026-08-24T23:01:37.491561/P[domain,prob01,prob02,prob03,prob04]-S[0.003,50,enhsp-hadd-astar]-MO[]-T[518400]-04911495-43e0a7a/snapshots/snapshot_99_0.750","20559340","20","20","COMPLETED","0:0","00:07:51","20","0","/home/hersco/training_new_domains/2026-08-24/completed_domains_stage1_10seed/20522917_Tr_delivery_delivery_orig_vh_c.1_s1472491096__CD4S1.txt","/home/hersco/training_new_domains/2026-08-25/completed_domains_stage1_policy_eval/20559340_Ev_delivery_delivery_orig_vh_c.1_s1472491096_CD4P_src20522917_e0099.txt","/home/hersco/training_new_domains/2026-08-25/completed_domains_stage1_policy_eval/20559340_Ev_delivery_delivery_orig_vh_c.1_s1472491096_CD4P_src20522917_e0099.txt","",""
"PRESERVE-4","delivery","on","stage1","final","1510771779","20522920","58","/home/hersco/bershco-nu-asnets/numeric-asnets/asnets/experiment-results/experiments_numeric.domain.delivery-experiments_numeric.architecture_2.delivery-2026-08-24T23:06:10.817050/P[domain,prob01,prob02,prob03,prob04]-S[0.003,50,enhsp-hadd-astar]-MO[]-T[518400]-04911500-17cc32a/snapshots/snapshot_58_0.750","20544436","17","20","COMPLETED","0:0","00:16:28","17","0","/home/hersco/training_new_domains/2026-08-24/completed_domains_stage1_10seed/20522920_Tr_delivery_delivery_orig_vh_c.1_s1510771779__CD4S1.txt","/home/hersco/training_new_domains/2026-08-25/completed_domains_stage1_policy_eval/20544436_Ev_delivery_delivery_orig_vh_c.1_s1510771779_CD4P_src20522920_e0058.txt","/home/hersco/training_new_domains/2026-08-25/completed_domains_stage1_policy_eval/20544436_Ev_delivery_delivery_orig_vh_c.1_s1510771779_CD4P_src20522920_e0058.txt","",""
"PRESERVE-4","delivery","on","stage1","final","1963100312","20522913","52","/home/hersco/bershco-nu-asnets/numeric-asnets/asnets/experiment-results/experiments_numeric.domain.delivery-experiments_numeric.architecture_2.delivery-2026-08-24T22:39:50.266801/P[domain,prob01,prob02,prob03,prob04]-S[0.003,50,enhsp-hadd-astar]-MO[]-T[518400]-04911473-2fc32f3/snapshots/snapshot_52_0.750","20544401","18","20","COMPLETED","0:0","00:08:54","18","0","/home/hersco/training_new_domains/2026-08-24/completed_domains_stage1_10seed/20522913_Tr_delivery_delivery_orig_vh_c.1_s1963100312__CD4S1.txt","/home/hersco/training_new_domains/2026-08-25/completed_domains_stage1_policy_eval/20544401_Ev_delivery_delivery_orig_vh_c.1_s1963100312_CD4P_src20522913_e0052.txt","/home/hersco/training_new_domains/2026-08-25/completed_domains_stage1_policy_eval/20544401_Ev_delivery_delivery_orig_vh_c.1_s1963100312_CD4P_src20522913_e0052.txt","",""
"PRESERVE-4","delivery","on","stage1","final","1972442430","20522922","59","/home/hersco/bershco-nu-asnets/numeric-asnets/asnets/experiment-results/experiments_numeric.domain.delivery-experiments_numeric.architecture_2.delivery-2026-08-24T23:10:17.272473/P[domain,prob01,prob02,prob03,prob04]-S[0.003,50,enhsp-hadd-astar]-MO[]-T[518400]-04911504-72aea46/snapshots/snapshot_59_0.750","20544449","20","20","COMPLETED","0:0","00:03:55","20","0","/home/hersco/training_new_domains/2026-08-24/completed_domains_stage1_10seed/20522922_Tr_delivery_delivery_orig_vh_c.1_s1972442430__CD4S1.txt","/home/hersco/training_new_domains/2026-08-25/completed_domains_stage1_policy_eval/20544449_Ev_delivery_delivery_orig_vh_c.1_s1972442430_CD4P_src20522922_e0059.txt","/home/hersco/training_new_domains/2026-08-25/completed_domains_stage1_policy_eval/20544449_Ev_delivery_delivery_orig_vh_c.1_s1972442430_CD4P_src20522922_e0059.txt","",""
"PRESERVE-4","delivery","on","stage1","final","2011206605","20522914","70","/home/hersco/bershco-nu-asnets/numeric-asnets/asnets/experiment-results/experiments_numeric.domain.delivery-experiments_numeric.architecture_2.delivery-2026-08-24T22:44:21.692359/P[domain,prob01,prob02,prob03,prob04]-S[0.003,50,enhsp-hadd-astar]-MO[]-T[518400]-04911478-067843/snapshots/snapshot_70_0.750","20545952","19","20","COMPLETED","0:0","00:27:10","19","0","/home/hersco/training_new_domains/2026-08-24/completed_domains_stage1_10seed/20522914_Tr_delivery_delivery_orig_vh_c.1_s2011206605__CD4S1.txt","/home/hersco/training_new_domains/2026-08-25/completed_domains_stage1_policy_eval/20545952_Ev_delivery_delivery_orig_vh_c.1_s2011206605_CD4P_src20522914_e0070.txt","/home/hersco/training_new_domains/2026-08-25/completed_domains_stage1_policy_eval/20545952_Ev_delivery_delivery_orig_vh_c.1_s2011206605_CD4P_src20522914_e0070.txt","",""
"PRESERVE-4","delivery","on","stage1","final","2082152039","20522919","55","/home/hersco/bershco-nu-asnets/numeric-asnets/asnets/experiment-results/experiments_numeric.domain.delivery-experiments_numeric.architecture_2.delivery-2026-08-24T23:03:24.162624/P[domain,prob01,prob02,prob03,prob04]-S[0.003,50,enhsp-hadd-astar]-MO[]-T[518400]-04911497-faf7d6/snapshots/snapshot_55_0.750","20544424","9","20","COMPLETED","0:0","00:28:45","9","0","/home/hersco/training_new_domains/2026-08-24/completed_domains_stage1_10seed/20522919_Tr_delivery_delivery_orig_vh_c.1_s2082152039__CD4S1.txt","/home/hersco/training_new_domains/2026-08-25/completed_domains_stage1_policy_eval/20544424_Ev_delivery_delivery_orig_vh_c.1_s2082152039_CD4P_src20522919_e0055.txt","/home/hersco/training_new_domains/2026-08-25/completed_domains_stage1_policy_eval/20544424_Ev_delivery_delivery_orig_vh_c.1_s2082152039_CD4P_src20522919_e0055.txt","",""
"PRESERVE-4","delivery","on","stage1","validation_selected","534933607","20522918","36","/home/hersco/bershco-nu-asnets/numeric-asnets/asnets/experiment-results/experiments_numeric.domain.delivery-experiments_numeric.architecture_2.delivery-2026-08-24T23:01:37.491566/P[domain,prob01,prob02,prob03,prob04]-S[0.003,50,enhsp-hadd-astar]-MO[]-T[518400]-04911495-3c74d66/snapshots/snapshot_36_0.750","20553497","20","20","COMPLETED","0:0","00:06:58","20","0","/home/hersco/training_new_domains/2026-08-24/completed_domains_stage1_10seed/20522918_Tr_delivery_delivery_orig_vh_c.1_s534933607__CD4S1.txt","/home/hersco/training_new_domains/2026-08-25/completed_domains_stage1_policy_eval/20553497_Ev_delivery_delivery_orig_vh_c.1_s534933607_CD4P_src20522918_e0036.txt","/home/hersco/training_new_domains/2026-08-25/completed_domains_stage1_policy_eval/20553497_Ev_delivery_delivery_orig_vh_c.1_s534933607_CD4P_src20522918_e0036.txt","",""
"PRESERVE-4","delivery","on","stage1","validation_selected","923500475","20522921","29","/home/hersco/bershco-nu-asnets/numeric-asnets/asnets/experiment-results/experiments_numeric.domain.delivery-experiments_numeric.architecture_2.delivery-2026-08-24T23:08:56.831101/P[domain,prob01,prob02,prob03,prob04]-S[0.003,50,enhsp-hadd-astar]-MO[]-T[518400]-04911503-5194f74/snapshots/snapshot_29_0.750","20545993","17","20","COMPLETED","0:0","00:17:29","17","0","/home/hersco/training_new_domains/2026-08-24/completed_domains_stage1_10seed/20522921_Tr_delivery_delivery_orig_vh_c.1_s923500475__CD4S1.txt","/home/hersco/training_new_domains/2026-08-25/completed_domains_stage1_policy_eval/20545993_Ev_delivery_delivery_orig_vh_c.1_s923500475_CD4P_src20522921_e0029.txt","/home/hersco/training_new_domains/2026-08-25/completed_domains_stage1_policy_eval/20545993_Ev_delivery_delivery_orig_vh_c.1_s923500475_CD4P_src20522921_e0029.txt","",""
"PRESERVE-4","delivery","on","stage1","validation_selected","1073581256","20522915","5","/home/hersco/bershco-nu-asnets/numeric-asnets/asnets/experiment-results/experiments_numeric.domain.delivery-experiments_numeric.architecture_2.delivery-2026-08-24T22:45:51.971797/P[domain,prob01,prob02,prob03,prob04]-S[0.003,50,enhsp-hadd-astar]-MO[]-T[518400]-04911479-1247c09/snapshots/snapshot_5_0.750","20544403","20","20","COMPLETED","0:0","00:05:03","20","0","/home/hersco/training_new_domains/2026-08-24/completed_domains_stage1_10seed/20522915_Tr_delivery_delivery_orig_vh_c.1_s1073581256__CD4S1.txt","/home/hersco/training_new_domains/2026-08-25/completed_domains_stage1_policy_eval/20544403_Ev_delivery_delivery_orig_vh_c.1_s1073581256_CD4P_src20522915_e0005.txt","/home/hersco/training_new_domains/2026-08-25/completed_domains_stage1_policy_eval/20544403_Ev_delivery_delivery_orig_vh_c.1_s1073581256_CD4P_src20522915_e0005.txt","",""
"PRESERVE-4","delivery","on","stage1","validation_selected","1239739722","20522916","8","/home/hersco/bershco-nu-asnets/numeric-asnets/asnets/experiment-results/experiments_numeric.domain.delivery-experiments_numeric.architecture_2.delivery-2026-08-24T22:56:34.413780/P[domain,prob01,prob02,prob03,prob04]-S[0.003,50,enhsp-hadd-astar]-MO[]-T[518400]-04911490-7d9a779/snapshots/snapshot_8_0.750","20545965","17","20","COMPLETED","0:0","00:19:09","17","0","/home/hersco/training_new_domains/2026-08-24/completed_domains_stage1_10seed/20522916_Tr_delivery_delivery_orig_vh_c.1_s1239739722__CD4S1.txt","/home/hersco/training_new_domains/2026-08-25/completed_domains_stage1_policy_eval/20545965_Ev_delivery_delivery_orig_vh_c.1_s1239739722_CD4P_src20522916_e0008.txt","/home/hersco/training_new_domains/2026-08-25/completed_domains_stage1_policy_eval/20545965_Ev_delivery_delivery_orig_vh_c.1_s1239739722_CD4P_src20522916_e0008.txt","",""
"PRESERVE-4","delivery","on","stage1","validation_selected","1472491096","20522917","65","/home/hersco/bershco-nu-asnets/numeric-asnets/asnets/experiment-results/experiments_numeric.domain.delivery-experiments_numeric.architecture_2.delivery-2026-08-24T23:01:37.491561/P[domain,prob01,prob02,prob03,prob04]-S[0.003,50,enhsp-hadd-astar]-MO[]-T[518400]-04911495-43e0a7a/snapshots/snapshot_65_0.750","20559333","20","20","COMPLETED","0:0","00:05:02","20","0","/home/hersco/training_new_domains/2026-08-24/completed_domains_stage1_10seed/20522917_Tr_delivery_delivery_orig_vh_c.1_s1472491096__CD4S1.txt","/home/hersco/training_new_domains/2026-08-25/completed_domains_stage1_policy_eval/20559333_Ev_delivery_delivery_orig_vh_c.1_s1472491096_CD4P_src20522917_e0065.txt","/home/hersco/training_new_domains/2026-08-25/completed_domains_stage1_policy_eval/20559333_Ev_delivery_delivery_orig_vh_c.1_s1472491096_CD4P_src20522917_e0065.txt","",""
"PRESERVE-4","delivery","on","stage1","validation_selected","1510771779","20522920","8","/home/hersco/bershco-nu-asnets/numeric-asnets/asnets/experiment-results/experiments_numeric.domain.delivery-experiments_numeric.architecture_2.delivery-2026-08-24T23:06:10.817050/P[domain,prob01,prob02,prob03,prob04]-S[0.003,50,enhsp-hadd-astar]-MO[]-T[518400]-04911500-17cc32a/snapshots/snapshot_8_0.750","20544437","20","20","COMPLETED","0:0","00:03:50","20","0","/home/hersco/training_new_domains/2026-08-24/completed_domains_stage1_10seed/20522920_Tr_delivery_delivery_orig_vh_c.1_s1510771779__CD4S1.txt","/home/hersco/training_new_domains/2026-08-25/completed_domains_stage1_policy_eval/20544437_Ev_delivery_delivery_orig_vh_c.1_s1510771779_CD4P_src20522920_e0008.txt","/home/hersco/training_new_domains/2026-08-25/completed_domains_stage1_policy_eval/20544437_Ev_delivery_delivery_orig_vh_c.1_s1510771779_CD4P_src20522920_e0008.txt","",""
"PRESERVE-4","delivery","on","stage1","validation_selected","1963100312","20522913","2","/home/hersco/bershco-nu-asnets/numeric-asnets/asnets/experiment-results/experiments_numeric.domain.delivery-experiments_numeric.architecture_2.delivery-2026-08-24T22:39:50.266801/P[domain,prob01,prob02,prob03,prob04]-S[0.003,50,enhsp-hadd-astar]-MO[]-T[518400]-04911473-2fc32f3/snapshots/snapshot_2_0.750","20544402","19","20","COMPLETED","0:0","00:09:00","19","0","/home/hersco/training_new_domains/2026-08-24/completed_domains_stage1_10seed/20522913_Tr_delivery_delivery_orig_vh_c.1_s1963100312__CD4S1.txt","/home/hersco/training_new_domains/2026-08-25/completed_domains_stage1_policy_eval/20544402_Ev_delivery_delivery_orig_vh_c.1_s1963100312_CD4P_src20522913_e0002.txt","/home/hersco/training_new_domains/2026-08-25/completed_domains_stage1_policy_eval/20544402_Ev_delivery_delivery_orig_vh_c.1_s1963100312_CD4P_src20522913_e0002.txt","",""
"PRESERVE-4","delivery","on","stage1","validation_selected","1972442430","20522922","9","/home/hersco/bershco-nu-asnets/numeric-asnets/asnets/experiment-results/experiments_numeric.domain.delivery-experiments_numeric.architecture_2.delivery-2026-08-24T23:10:17.272473/P[domain,prob01,prob02,prob03,prob04]-S[0.003,50,enhsp-hadd-astar]-MO[]-T[518400]-04911504-72aea46/snapshots/snapshot_9_0.750","20544450","19","20","COMPLETED","0:0","00:11:45","19","0","/home/hersco/training_new_domains/2026-08-24/completed_domains_stage1_10seed/20522922_Tr_delivery_delivery_orig_vh_c.1_s1972442430__CD4S1.txt","/home/hersco/training_new_domains/2026-08-25/completed_domains_stage1_policy_eval/20544450_Ev_delivery_delivery_orig_vh_c.1_s1972442430_CD4P_src20522922_e0009.txt","/home/hersco/training_new_domains/2026-08-25/completed_domains_stage1_policy_eval/20544450_Ev_delivery_delivery_orig_vh_c.1_s1972442430_CD4P_src20522922_e0009.txt","",""
"PRESERVE-4","delivery","on","stage1","validation_selected","2011206605","20522914","20","/home/hersco/bershco-nu-asnets/numeric-asnets/asnets/experiment-results/experiments_numeric.domain.delivery-experiments_numeric.architecture_2.delivery-2026-08-24T22:44:21.692359/P[domain,prob01,prob02,prob03,prob04]-S[0.003,50,enhsp-hadd-astar]-MO[]-T[518400]-04911478-067843/snapshots/snapshot_20_0.750","20545942","20","20","COMPLETED","0:0","00:04:03","20","0","/home/hersco/training_new_domains/2026-08-24/completed_domains_stage1_10seed/20522914_Tr_delivery_delivery_orig_vh_c.1_s2011206605__CD4S1.txt","/home/hersco/training_new_domains/2026-08-25/completed_domains_stage1_policy_eval/20545942_Ev_delivery_delivery_orig_vh_c.1_s2011206605_CD4P_src20522914_e0020.txt","/home/hersco/training_new_domains/2026-08-25/completed_domains_stage1_policy_eval/20545942_Ev_delivery_delivery_orig_vh_c.1_s2011206605_CD4P_src20522914_e0020.txt","",""
"PRESERVE-4","delivery","on","stage1","validation_selected","2082152039","20522919","5","/home/hersco/bershco-nu-asnets/numeric-asnets/asnets/experiment-results/experiments_numeric.domain.delivery-experiments_numeric.architecture_2.delivery-2026-08-24T23:03:24.162624/P[domain,prob01,prob02,prob03,prob04]-S[0.003,50,enhsp-hadd-astar]-MO[]-T[518400]-04911497-faf7d6/snapshots/snapshot_5_0.750","20544414","20","20","COMPLETED","0:0","00:05:17","20","0","/home/hersco/training_new_domains/2026-08-24/completed_domains_stage1_10seed/20522919_Tr_delivery_delivery_orig_vh_c.1_s2082152039__CD4S1.txt","/home/hersco/training_new_domains/2026-08-25/completed_domains_stage1_policy_eval/20544414_Ev_delivery_delivery_orig_vh_c.1_s2082152039_CD4P_src20522919_e0005.txt","/home/hersco/training_new_domains/2026-08-25/completed_domains_stage1_policy_eval/20544414_Ev_delivery_delivery_orig_vh_c.1_s2082152039_CD4P_src20522919_e0005.txt","",""
"PRESERVE-4","mprime","off","stage1","final","534933607","20522992","51","/home/hersco/bershco-nu-asnets/numeric-asnets/asnets/experiment-results/experiments_numeric.domain.mprime-experiments_numeric.architecture_2.mprime-2026-08-25T02:09:27.313878/P[domain,pfile01,pfile02,pfile04,pfile05]-S[0.003,50,enhsp-hmrp-ha-gbfs]-MO[]-T[518400]-04911683-3c74d66/snapshots/snapshot_51_0.750","20541458","14","20","COMPLETED","0:0","00:55:11","14","0","/home/hersco/training_new_domains/2026-08-24/completed_domains_stage1_10seed/20522992_Tr_mprime_mprime_orig_novh_c.1_s534933607__CD4S1.txt","/home/hersco/training_new_domains/2026-08-25/completed_domains_stage1_policy_eval/20541458_Ev_mprime_mprime_orig_novh_c.1_s534933607_CD4P_src20522992_e0051.txt","/home/hersco/training_new_domains/2026-08-25/completed_domains_stage1_policy_eval/20541458_Ev_mprime_mprime_orig_novh_c.1_s534933607_CD4P_src20522992_e0051.txt","",""
"PRESERVE-4","mprime","off","stage1","final","923500475","20523000","51","/home/hersco/bershco-nu-asnets/numeric-asnets/asnets/experiment-results/experiments_numeric.domain.mprime-experiments_numeric.architecture_2.mprime-2026-08-25T04:00:10.684264/P[domain,pfile01,pfile02,pfile04,pfile05]-S[0.003,50,enhsp-hmrp-ha-gbfs]-MO[]-T[518400]-04911794-5194f74/snapshots/snapshot_51_0.750","20541495","17","20","COMPLETED","0:0","00:19:12","17","0","/home/hersco/training_new_domains/2026-08-24/completed_domains_stage1_10seed/20523000_Tr_mprime_mprime_orig_novh_c.1_s923500475__CD4S1.txt","/home/hersco/training_new_domains/2026-08-25/completed_domains_stage1_policy_eval/20541495_Ev_mprime_mprime_orig_novh_c.1_s923500475_CD4P_src20523000_e0051.txt","/home/hersco/training_new_domains/2026-08-25/completed_domains_stage1_policy_eval/20541495_Ev_mprime_mprime_orig_novh_c.1_s923500475_CD4P_src20523000_e0051.txt","",""
"PRESERVE-4","mprime","off","stage1","final","1073581256","20522983","51","/home/hersco/bershco-nu-asnets/numeric-asnets/asnets/experiment-results/experiments_numeric.domain.mprime-experiments_numeric.architecture_2.mprime-2026-08-25T01:57:36.951970/P[domain,pfile01,pfile02,pfile04,pfile05]-S[0.003,50,enhsp-hmrp-ha-gbfs]-MO[]-T[518400]-04911671-1247c09/snapshots/snapshot_51_0.750","20541320","17","20","COMPLETED","0:0","00:29:54","17","0","/home/hersco/training_new_domains/2026-08-24/completed_domains_stage1_10seed/20522983_Tr_mprime_mprime_orig_novh_c.1_s1073581256__CD4S1.txt","/home/hersco/training_new_domains/2026-08-25/completed_domains_stage1_policy_eval/20541320_Ev_mprime_mprime_orig_novh_c.1_s1073581256_CD4P_src20522983_e0051.txt","/home/hersco/training_new_domains/2026-08-25/completed_domains_stage1_policy_eval/20541320_Ev_mprime_mprime_orig_novh_c.1_s1073581256_CD4P_src20522983_e0051.txt","",""
"PRESERVE-4","mprime","off","stage1","final","1239739722","20522986","51","/home/hersco/bershco-nu-asnets/numeric-asnets/asnets/experiment-results/experiments_numeric.domain.mprime-experiments_numeric.architecture_2.mprime-2026-08-25T02:08:52.752175/P[domain,pfile01,pfile02,pfile04,pfile05]-S[0.003,50,enhsp-hmrp-ha-gbfs]-MO[]-T[518400]-04911683-7d9a779/snapshots/snapshot_51_0.750","20541434","15","20","COMPLETED","0:0","01:01:39","15","0","/home/hersco/training_new_domains/2026-08-24/completed_domains_stage1_10seed/20522986_Tr_mprime_mprime_orig_novh_c.1_s1239739722__CD4S1.txt","/home/hersco/training_new_domains/2026-08-25/completed_domains_stage1_policy_eval/20541434_Ev_mprime_mprime_orig_novh_c.1_s1239739722_CD4P_src20522986_e0051.txt","/home/hersco/training_new_domains/2026-08-25/completed_domains_stage1_policy_eval/20541434_Ev_mprime_mprime_orig_novh_c.1_s1239739722_CD4P_src20522986_e0051.txt","",""
"PRESERVE-4","mprime","off","stage1","final","1472491096","20522990","51","/home/hersco/bershco-nu-asnets/numeric-asnets/asnets/experiment-results/experiments_numeric.domain.mprime-experiments_numeric.architecture_2.mprime-2026-08-25T02:09:27.313789/P[domain,pfile01,pfile02,pfile04,pfile05]-S[0.003,50,enhsp-hmrp-ha-gbfs]-MO[]-T[518400]-04911683-43e0a7a/snapshots/snapshot_51_0.750","20541446","14","20","COMPLETED","0:0","00:49:31","14","0","/home/hersco/training_new_domains/2026-08-24/completed_domains_stage1_10seed/20522990_Tr_mprime_mprime_orig_novh_c.1_s1472491096__CD4S1.txt","/home/hersco/training_new_domains/2026-08-25/completed_domains_stage1_policy_eval/20541446_Ev_mprime_mprime_orig_novh_c.1_s1472491096_CD4P_src20522990_e0051.txt","/home/hersco/training_new_domains/2026-08-25/completed_domains_stage1_policy_eval/20541446_Ev_mprime_mprime_orig_novh_c.1_s1472491096_CD4P_src20522990_e0051.txt","",""
"PRESERVE-4","mprime","off","stage1","final","1510771779","20522997","51","/home/hersco/bershco-nu-asnets/numeric-asnets/asnets/experiment-results/experiments_numeric.domain.mprime-experiments_numeric.architecture_2.mprime-2026-08-25T03:15:49.238935/P[domain,pfile01,pfile02,pfile04,pfile05]-S[0.003,50,enhsp-hmrp-ha-gbfs]-MO[]-T[518400]-04911749-17cc32a/snapshots/snapshot_51_0.750","20541483","17","20","COMPLETED","0:0","01:12:23","17","0","/home/hersco/training_new_domains/2026-08-24/completed_domains_stage1_10seed/20522997_Tr_mprime_mprime_orig_novh_c.1_s1510771779__CD4S1.txt","/home/hersco/training_new_domains/2026-08-25/completed_domains_stage1_policy_eval/20541483_Ev_mprime_mprime_orig_novh_c.1_s1510771779_CD4P_src20522997_e0051.txt","/home/hersco/training_new_domains/2026-08-25/completed_domains_stage1_policy_eval/20541483_Ev_mprime_mprime_orig_novh_c.1_s1510771779_CD4P_src20522997_e0051.txt","",""
"PRESERVE-4","mprime","off","stage1","final","1963100312","20522977","51","/home/hersco/bershco-nu-asnets/numeric-asnets/asnets/experiment-results/experiments_numeric.domain.mprime-experiments_numeric.architecture_2.mprime-2026-08-25T01:51:34.050896/P[domain,pfile01,pfile02,pfile04,pfile05]-S[0.003,50,enhsp-hmrp-ha-gbfs]-MO[]-T[518400]-04911665-2fc32f3/snapshots/snapshot_51_0.750","20541291","17","20","COMPLETED","0:0","01:08:06","17","0","/home/hersco/training_new_domains/2026-08-24/completed_domains_stage1_10seed/20522977_Tr_mprime_mprime_orig_novh_c.1_s1963100312__CD4S1.txt","/home/hersco/training_new_domains/2026-08-25/completed_domains_stage1_policy_eval/20541291_Ev_mprime_mprime_orig_novh_c.1_s1963100312_CD4P_src20522977_e0051.txt","/home/hersco/training_new_domains/2026-08-25/completed_domains_stage1_policy_eval/20541291_Ev_mprime_mprime_orig_novh_c.1_s1963100312_CD4P_src20522977_e0051.txt","",""
"PRESERVE-4","mprime","off","stage1","final","1972442430","20523003","51","/home/hersco/bershco-nu-asnets/numeric-asnets/asnets/experiment-results/experiments_numeric.domain.mprime-experiments_numeric.architecture_2.mprime-2026-08-25T04:10:40.221156/P[domain,pfile01,pfile02,pfile04,pfile05]-S[0.003,50,enhsp-hmrp-ha-gbfs]-MO[]-T[518400]-04911804-72aea46/snapshots/snapshot_51_0.750","20541507","16","20","COMPLETED","0:0","01:16:37","16","0","/home/hersco/training_new_domains/2026-08-24/completed_domains_stage1_10seed/20523003_Tr_mprime_mprime_orig_novh_c.1_s1972442430__CD4S1.txt","/home/hersco/training_new_domains/2026-08-25/completed_domains_stage1_policy_eval/20541507_Ev_mprime_mprime_orig_novh_c.1_s1972442430_CD4P_src20523003_e0051.txt","/home/hersco/training_new_domains/2026-08-25/completed_domains_stage1_policy_eval/20541507_Ev_mprime_mprime_orig_novh_c.1_s1972442430_CD4P_src20523003_e0051.txt","",""
"PRESERVE-4","mprime","off","stage1","final","2011206605","20522980","51","/home/hersco/bershco-nu-asnets/numeric-asnets/asnets/experiment-results/experiments_numeric.domain.mprime-experiments_numeric.architecture_2.mprime-2026-08-25T01:51:34.050911/P[domain,pfile01,pfile02,pfile04,pfile05]-S[0.003,50,enhsp-hmrp-ha-gbfs]-MO[]-T[518400]-04911665-067843/snapshots/snapshot_51_0.750","20541303","15","20","COMPLETED","0:0","00:40:05","15","0","/home/hersco/training_new_domains/2026-08-24/completed_domains_stage1_10seed/20522980_Tr_mprime_mprime_orig_novh_c.1_s2011206605__CD4S1.txt","/home/hersco/training_new_domains/2026-08-25/completed_domains_stage1_policy_eval/20541303_Ev_mprime_mprime_orig_novh_c.1_s2011206605_CD4P_src20522980_e0051.txt","/home/hersco/training_new_domains/2026-08-25/completed_domains_stage1_policy_eval/20541303_Ev_mprime_mprime_orig_novh_c.1_s2011206605_CD4P_src20522980_e0051.txt","",""
"PRESERVE-4","mprime","off","stage1","final","2082152039","20522995","51","/home/hersco/bershco-nu-asnets/numeric-asnets/asnets/experiment-results/experiments_numeric.domain.mprime-experiments_numeric.architecture_2.mprime-2026-08-25T02:22:38.193207/P[domain,pfile01,pfile02,pfile04,pfile05]-S[0.003,50,enhsp-hmrp-ha-gbfs]-MO[]-T[518400]-04911696-faf7d6/snapshots/snapshot_51_0.750","20541471","11","20","COMPLETED","0:0","01:07:05","11","0","/home/hersco/training_new_domains/2026-08-24/completed_domains_stage1_10seed/20522995_Tr_mprime_mprime_orig_novh_c.1_s2082152039__CD4S1.txt","/home/hersco/training_new_domains/2026-08-25/completed_domains_stage1_policy_eval/20541471_Ev_mprime_mprime_orig_novh_c.1_s2082152039_CD4P_src20522995_e0051.txt","/home/hersco/training_new_domains/2026-08-25/completed_domains_stage1_policy_eval/20541471_Ev_mprime_mprime_orig_novh_c.1_s2082152039_CD4P_src20522995_e0051.txt","",""
"PRESERVE-4","mprime","off","stage1","validation_selected","534933607","20522992","1","/home/hersco/bershco-nu-asnets/numeric-asnets/asnets/experiment-results/experiments_numeric.domain.mprime-experiments_numeric.architecture_2.mprime-2026-08-25T02:09:27.313878/P[domain,pfile01,pfile02,pfile04,pfile05]-S[0.003,50,enhsp-hmrp-ha-gbfs]-MO[]-T[518400]-04911683-3c74d66/snapshots/snapshot_1_0.000","20541459","3","20","COMPLETED","0:0","01:04:33","3","0","/home/hersco/training_new_domains/2026-08-24/completed_domains_stage1_10seed/20522992_Tr_mprime_mprime_orig_novh_c.1_s534933607__CD4S1.txt","/home/hersco/training_new_domains/2026-08-25/completed_domains_stage1_policy_eval/20541459_Ev_mprime_mprime_orig_novh_c.1_s534933607_CD4P_src20522992_e0001.txt","/home/hersco/training_new_domains/2026-08-25/completed_domains_stage1_policy_eval/20541459_Ev_mprime_mprime_orig_novh_c.1_s534933607_CD4P_src20522992_e0001.txt","",""
"PRESERVE-4","mprime","off","stage1","validation_selected","923500475","20523000","1","/home/hersco/bershco-nu-asnets/numeric-asnets/asnets/experiment-results/experiments_numeric.domain.mprime-experiments_numeric.architecture_2.mprime-2026-08-25T04:00:10.684264/P[domain,pfile01,pfile02,pfile04,pfile05]-S[0.003,50,enhsp-hmrp-ha-gbfs]-MO[]-T[518400]-04911794-5194f74/snapshots/snapshot_1_0.333","20541496","5","20","COMPLETED","0:0","01:09:56","5","0","/home/hersco/training_new_domains/2026-08-24/completed_domains_stage1_10seed/20523000_Tr_mprime_mprime_orig_novh_c.1_s923500475__CD4S1.txt","/home/hersco/training_new_domains/2026-08-25/completed_domains_stage1_policy_eval/20541496_Ev_mprime_mprime_orig_novh_c.1_s923500475_CD4P_src20523000_e0001.txt","/home/hersco/training_new_domains/2026-08-25/completed_domains_stage1_policy_eval/20541496_Ev_mprime_mprime_orig_novh_c.1_s923500475_CD4P_src20523000_e0001.txt","",""
"PRESERVE-4","mprime","off","stage1","validation_selected","1073581256","20522983","1","/home/hersco/bershco-nu-asnets/numeric-asnets/asnets/experiment-results/experiments_numeric.domain.mprime-experiments_numeric.architecture_2.mprime-2026-08-25T01:57:36.951970/P[domain,pfile01,pfile02,pfile04,pfile05]-S[0.003,50,enhsp-hmrp-ha-gbfs]-MO[]-T[518400]-04911671-1247c09/snapshots/snapshot_1_0.333","20541322","2","20","COMPLETED","0:0","00:55:57","2","0","/home/hersco/training_new_domains/2026-08-24/completed_domains_stage1_10seed/20522983_Tr_mprime_mprime_orig_novh_c.1_s1073581256__CD4S1.txt","/home/hersco/training_new_domains/2026-08-25/completed_domains_stage1_policy_eval/20541322_Ev_mprime_mprime_orig_novh_c.1_s1073581256_CD4P_src20522983_e0001.txt","/home/hersco/training_new_domains/2026-08-25/completed_domains_stage1_policy_eval/20541322_Ev_mprime_mprime_orig_novh_c.1_s1073581256_CD4P_src20522983_e0001.txt","",""
"PRESERVE-4","mprime","off","stage1","validation_selected","1239739722","20522986","1","/home/hersco/bershco-nu-asnets/numeric-asnets/asnets/experiment-results/experiments_numeric.domain.mprime-experiments_numeric.architecture_2.mprime-2026-08-25T02:08:52.752175/P[domain,pfile01,pfile02,pfile04,pfile05]-S[0.003,50,enhsp-hmrp-ha-gbfs]-MO[]-T[518400]-04911683-7d9a779/snapshots/snapshot_1_0.000","20541435","14","20","COMPLETED","0:0","01:00:14","14","0","/home/hersco/training_new_domains/2026-08-24/completed_domains_stage1_10seed/20522986_Tr_mprime_mprime_orig_novh_c.1_s1239739722__CD4S1.txt","/home/hersco/training_new_domains/2026-08-25/completed_domains_stage1_policy_eval/20541435_Ev_mprime_mprime_orig_novh_c.1_s1239739722_CD4P_src20522986_e0001.txt","/home/hersco/training_new_domains/2026-08-25/completed_domains_stage1_policy_eval/20541435_Ev_mprime_mprime_orig_novh_c.1_s1239739722_CD4P_src20522986_e0001.txt","",""
"PRESERVE-4","mprime","off","stage1","validation_selected","1472491096","20522990","1","/home/hersco/bershco-nu-asnets/numeric-asnets/asnets/experiment-results/experiments_numeric.domain.mprime-experiments_numeric.architecture_2.mprime-2026-08-25T02:09:27.313789/P[domain,pfile01,pfile02,pfile04,pfile05]-S[0.003,50,enhsp-hmrp-ha-gbfs]-MO[]-T[518400]-04911683-43e0a7a/snapshots/snapshot_1_0.000","20541447","1","20","COMPLETED","0:0","01:25:22","1","0","/home/hersco/training_new_domains/2026-08-24/completed_domains_stage1_10seed/20522990_Tr_mprime_mprime_orig_novh_c.1_s1472491096__CD4S1.txt","/home/hersco/training_new_domains/2026-08-25/completed_domains_stage1_policy_eval/20541447_Ev_mprime_mprime_orig_novh_c.1_s1472491096_CD4P_src20522990_e0001.txt","/home/hersco/training_new_domains/2026-08-25/completed_domains_stage1_policy_eval/20541447_Ev_mprime_mprime_orig_novh_c.1_s1472491096_CD4P_src20522990_e0001.txt","",""
"PRESERVE-4","mprime","off","stage1","validation_selected","1510771779","20522997","1","/home/hersco/bershco-nu-asnets/numeric-asnets/asnets/experiment-results/experiments_numeric.domain.mprime-experiments_numeric.architecture_2.mprime-2026-08-25T03:15:49.238935/P[domain,pfile01,pfile02,pfile04,pfile05]-S[0.003,50,enhsp-hmrp-ha-gbfs]-MO[]-T[518400]-04911749-17cc32a/snapshots/snapshot_1_0.000","20541484","5","20","COMPLETED","0:0","01:20:23","5","0","/home/hersco/training_new_domains/2026-08-24/completed_domains_stage1_10seed/20522997_Tr_mprime_mprime_orig_novh_c.1_s1510771779__CD4S1.txt","/home/hersco/training_new_domains/2026-08-25/completed_domains_stage1_policy_eval/20541484_Ev_mprime_mprime_orig_novh_c.1_s1510771779_CD4P_src20522997_e0001.txt","/home/hersco/training_new_domains/2026-08-25/completed_domains_stage1_policy_eval/20541484_Ev_mprime_mprime_orig_novh_c.1_s1510771779_CD4P_src20522997_e0001.txt","",""
"PRESERVE-4","mprime","off","stage1","validation_selected","1963100312","20522977","1","/home/hersco/bershco-nu-asnets/numeric-asnets/asnets/experiment-results/experiments_numeric.domain.mprime-experiments_numeric.architecture_2.mprime-2026-08-25T01:51:34.050896/P[domain,pfile01,pfile02,pfile04,pfile05]-S[0.003,50,enhsp-hmrp-ha-gbfs]-MO[]-T[518400]-04911665-2fc32f3/snapshots/snapshot_1_0.000","20541292","1","20","COMPLETED","0:0","01:29:23","1","0","/home/hersco/training_new_domains/2026-08-24/completed_domains_stage1_10seed/20522977_Tr_mprime_mprime_orig_novh_c.1_s1963100312__CD4S1.txt","/home/hersco/training_new_domains/2026-08-25/completed_domains_stage1_policy_eval/20541292_Ev_mprime_mprime_orig_novh_c.1_s1963100312_CD4P_src20522977_e0001.txt","/home/hersco/training_new_domains/2026-08-25/completed_domains_stage1_policy_eval/20541292_Ev_mprime_mprime_orig_novh_c.1_s1963100312_CD4P_src20522977_e0001.txt","",""
"PRESERVE-4","mprime","off","stage1","validation_selected","1972442430","20523003","1","/home/hersco/bershco-nu-asnets/numeric-asnets/asnets/experiment-results/experiments_numeric.domain.mprime-experiments_numeric.architecture_2.mprime-2026-08-25T04:10:40.221156/P[domain,pfile01,pfile02,pfile04,pfile05]-S[0.003,50,enhsp-hmrp-ha-gbfs]-MO[]-T[518400]-04911804-72aea46/snapshots/snapshot_1_0.000","20541508","12","20","COMPLETED","0:0","00:52:25","12","0","/home/hersco/training_new_domains/2026-08-24/completed_domains_stage1_10seed/20523003_Tr_mprime_mprime_orig_novh_c.1_s1972442430__CD4S1.txt","/home/hersco/training_new_domains/2026-08-25/completed_domains_stage1_policy_eval/20541508_Ev_mprime_mprime_orig_novh_c.1_s1972442430_CD4P_src20523003_e0001.txt","/home/hersco/training_new_domains/2026-08-25/completed_domains_stage1_policy_eval/20541508_Ev_mprime_mprime_orig_novh_c.1_s1972442430_CD4P_src20523003_e0001.txt","",""
"PRESERVE-4","mprime","off","stage1","validation_selected","2011206605","20522980","1","/home/hersco/bershco-nu-asnets/numeric-asnets/asnets/experiment-results/experiments_numeric.domain.mprime-experiments_numeric.architecture_2.mprime-2026-08-25T01:51:34.050911/P[domain,pfile01,pfile02,pfile04,pfile05]-S[0.003,50,enhsp-hmrp-ha-gbfs]-MO[]-T[518400]-04911665-067843/snapshots/snapshot_1_0.000","20541304","10","20","COMPLETED","0:0","01:33:32","10","0","/home/hersco/training_new_domains/2026-08-24/completed_domains_stage1_10seed/20522980_Tr_mprime_mprime_orig_novh_c.1_s2011206605__CD4S1.txt","/home/hersco/training_new_domains/2026-08-25/completed_domains_stage1_policy_eval/20541304_Ev_mprime_mprime_orig_novh_c.1_s2011206605_CD4P_src20522980_e0001.txt","/home/hersco/training_new_domains/2026-08-25/completed_domains_stage1_policy_eval/20541304_Ev_mprime_mprime_orig_novh_c.1_s2011206605_CD4P_src20522980_e0001.txt","",""
"PRESERVE-4","mprime","off","stage1","validation_selected","2082152039","20522995","1","/home/hersco/bershco-nu-asnets/numeric-asnets/asnets/experiment-results/experiments_numeric.domain.mprime-experiments_numeric.architecture_2.mprime-2026-08-25T02:22:38.193207/P[domain,pfile01,pfile02,pfile04,pfile05]-S[0.003,50,enhsp-hmrp-ha-gbfs]-MO[]-T[518400]-04911696-faf7d6/snapshots/snapshot_1_0.000","20541472","4","20","COMPLETED","0:0","01:12:28","4","0","/home/hersco/training_new_domains/2026-08-24/completed_domains_stage1_10seed/20522995_Tr_mprime_mprime_orig_novh_c.1_s2082152039__CD4S1.txt","/home/hersco/training_new_domains/2026-08-25/completed_domains_stage1_policy_eval/20541472_Ev_mprime_mprime_orig_novh_c.1_s2082152039_CD4P_src20522995_e0001.txt","/home/hersco/training_new_domains/2026-08-25/completed_domains_stage1_policy_eval/20541472_Ev_mprime_mprime_orig_novh_c.1_s2082152039_CD4P_src20522995_e0001.txt","",""
"PRESERVE-4","mprime","on","stage1","final","534933607","20522963","51","/home/hersco/bershco-nu-asnets/numeric-asnets/asnets/experiment-results/experiments_numeric.domain.mprime-experiments_numeric.architecture_2.mprime-2026-08-25T01:04:24.900913/P[domain,pfile01,pfile02,pfile04,pfile05]-S[0.003,50,enhsp-hmrp-ha-gbfs]-MO[]-T[518400]-04911618-3c74d66/snapshots/snapshot_51_0.750","20541231","15","20","COMPLETED","0:0","01:10:43","15","0","/home/hersco/training_new_domains/2026-08-24/completed_domains_stage1_10seed/20522963_Tr_mprime_mprime_orig_vh_c.1_s534933607__CD4S1.txt","/home/hersco/training_new_domains/2026-08-25/completed_domains_stage1_policy_eval/20541231_Ev_mprime_mprime_orig_vh_c.1_s534933607_CD4P_src20522963_e0051.txt","/home/hersco/training_new_domains/2026-08-25/completed_domains_stage1_policy_eval/20541231_Ev_mprime_mprime_orig_vh_c.1_s534933607_CD4P_src20522963_e0051.txt","",""
"PRESERVE-4","mprime","on","stage1","final","923500475","20522971","51","/home/hersco/bershco-nu-asnets/numeric-asnets/asnets/experiment-results/experiments_numeric.domain.mprime-experiments_numeric.architecture_2.mprime-2026-08-25T01:48:11.037921/P[domain,pfile01,pfile02,pfile04,pfile05]-S[0.003,50,enhsp-hmrp-ha-gbfs]-MO[]-T[518400]-04911662-5194f74/snapshots/snapshot_51_0.750","20541267","13","20","COMPLETED","0:0","01:09:55","13","0","/home/hersco/training_new_domains/2026-08-24/completed_domains_stage1_10seed/20522971_Tr_mprime_mprime_orig_vh_c.1_s923500475__CD4S1.txt","/home/hersco/training_new_domains/2026-08-25/completed_domains_stage1_policy_eval/20541267_Ev_mprime_mprime_orig_vh_c.1_s923500475_CD4P_src20522971_e0051.txt","/home/hersco/training_new_domains/2026-08-25/completed_domains_stage1_policy_eval/20541267_Ev_mprime_mprime_orig_vh_c.1_s923500475_CD4P_src20522971_e0051.txt","",""
"PRESERVE-4","mprime","on","stage1","final","1073581256","20522954","51","/home/hersco/bershco-nu-asnets/numeric-asnets/asnets/experiment-results/experiments_numeric.domain.mprime-experiments_numeric.architecture_2.mprime-2026-08-25T00:55:12.186430/P[domain,pfile01,pfile02,pfile04,pfile05]-S[0.003,50,enhsp-hmrp-ha-gbfs]-MO[]-T[518400]-04911609-1247c09/snapshots/snapshot_51_0.750","20541091","16","20","COMPLETED","0:0","01:05:47","16","0","/home/hersco/training_new_domains/2026-08-24/completed_domains_stage1_10seed/20522954_Tr_mprime_mprime_orig_vh_c.1_s1073581256__CD4S1.txt","/home/hersco/training_new_domains/2026-08-25/completed_domains_stage1_policy_eval/20541091_Ev_mprime_mprime_orig_vh_c.1_s1073581256_CD4P_src20522954_e0051.txt","/home/hersco/training_new_domains/2026-08-25/completed_domains_stage1_policy_eval/20541091_Ev_mprime_mprime_orig_vh_c.1_s1073581256_CD4P_src20522954_e0051.txt","",""
"PRESERVE-4","mprime","on","stage1","final","1239739722","20522957","51","/home/hersco/bershco-nu-asnets/numeric-asnets/asnets/experiment-results/experiments_numeric.domain.mprime-experiments_numeric.architecture_2.mprime-2026-08-25T00:58:59.256928/P[domain,pfile01,pfile02,pfile04,pfile05]-S[0.003,50,enhsp-hmrp-ha-gbfs]-MO[]-T[518400]-04911613-7d9a779/snapshots/snapshot_51_0.750","20541108","15","20","COMPLETED","0:0","00:44:11","15","0","/home/hersco/training_new_domains/2026-08-24/completed_domains_stage1_10seed/20522957_Tr_mprime_mprime_orig_vh_c.1_s1239739722__CD4S1.txt","/home/hersco/training_new_domains/2026-08-25/completed_domains_stage1_policy_eval/20541108_Ev_mprime_mprime_orig_vh_c.1_s1239739722_CD4P_src20522957_e0051.txt","/home/hersco/training_new_domains/2026-08-25/completed_domains_stage1_policy_eval/20541108_Ev_mprime_mprime_orig_vh_c.1_s1239739722_CD4P_src20522957_e0051.txt","",""
"PRESERVE-4","mprime","on","stage1","final","1472491096","20522960","51","/home/hersco/bershco-nu-asnets/numeric-asnets/asnets/experiment-results/experiments_numeric.domain.mprime-experiments_numeric.architecture_2.mprime-2026-08-25T01:03:25.723593/P[domain,pfile01,pfile02,pfile04,pfile05]-S[0.003,50,enhsp-hmrp-ha-gbfs]-MO[]-T[518400]-04911617-43e0a7a/snapshots/snapshot_51_0.750","20541132","15","20","COMPLETED","0:0","00:36:30","15","0","/home/hersco/training_new_domains/2026-08-24/completed_domains_stage1_10seed/20522960_Tr_mprime_mprime_orig_vh_c.1_s1472491096__CD4S1.txt","/home/hersco/training_new_domains/2026-08-25/completed_domains_stage1_policy_eval/20541132_Ev_mprime_mprime_orig_vh_c.1_s1472491096_CD4P_src20522960_e0051.txt","/home/hersco/training_new_domains/2026-08-25/completed_domains_stage1_policy_eval/20541132_Ev_mprime_mprime_orig_vh_c.1_s1472491096_CD4P_src20522960_e0051.txt","",""
"PRESERVE-4","mprime","on","stage1","final","1510771779","20522968","51","/home/hersco/bershco-nu-asnets/numeric-asnets/asnets/experiment-results/experiments_numeric.domain.mprime-experiments_numeric.architecture_2.mprime-2026-08-25T01:25:18.161136/P[domain,pfile01,pfile02,pfile04,pfile05]-S[0.003,50,enhsp-hmrp-ha-gbfs]-MO[]-T[518400]-04911639-17cc32a/snapshots/snapshot_51_0.750","20541255","10","20","COMPLETED","0:0","00:38:50","10","0","/home/hersco/training_new_domains/2026-08-24/completed_domains_stage1_10seed/20522968_Tr_mprime_mprime_orig_vh_c.1_s1510771779__CD4S1.txt","/home/hersco/training_new_domains/2026-08-25/completed_domains_stage1_policy_eval/20541255_Ev_mprime_mprime_orig_vh_c.1_s1510771779_CD4P_src20522968_e0051.txt","/home/hersco/training_new_domains/2026-08-25/completed_domains_stage1_policy_eval/20541255_Ev_mprime_mprime_orig_vh_c.1_s1510771779_CD4P_src20522968_e0051.txt","",""
"PRESERVE-4","mprime","on","stage1","final","1963100312","20522948","51","/home/hersco/bershco-nu-asnets/numeric-asnets/asnets/experiment-results/experiments_numeric.domain.mprime-experiments_numeric.architecture_2.mprime-2026-08-25T00:33:53.125273/P[domain,pfile01,pfile02,pfile04,pfile05]-S[0.003,50,enhsp-hmrp-ha-gbfs]-MO[]-T[518400]-04911588-2fc32f3/snapshots/snapshot_51_0.750","20541067","13","20","COMPLETED","0:0","00:49:03","13","0","/home/hersco/training_new_domains/2026-08-24/completed_domains_stage1_10seed/20522948_Tr_mprime_mprime_orig_vh_c.1_s1963100312__CD4S1.txt","/home/hersco/training_new_domains/2026-08-25/completed_domains_stage1_policy_eval/20541067_Ev_mprime_mprime_orig_vh_c.1_s1963100312_CD4P_src20522948_e0051.txt","/home/hersco/training_new_domains/2026-08-25/completed_domains_stage1_policy_eval/20541067_Ev_mprime_mprime_orig_vh_c.1_s1963100312_CD4P_src20522948_e0051.txt","",""
"PRESERVE-4","mprime","on","stage1","final","1972442430","20522974","51","/home/hersco/bershco-nu-asnets/numeric-asnets/asnets/experiment-results/experiments_numeric.domain.mprime-experiments_numeric.architecture_2.mprime-2026-08-25T01:47:19.019521/P[domain,pfile01,pfile02,pfile04,pfile05]-S[0.003,50,enhsp-hmrp-ha-gbfs]-MO[]-T[518400]-04911661-72aea46/snapshots/snapshot_51_0.750","20541279","13","20","COMPLETED","0:0","01:12:13","13","0","/home/hersco/training_new_domains/2026-08-24/completed_domains_stage1_10seed/20522974_Tr_mprime_mprime_orig_vh_c.1_s1972442430__CD4S1.txt","/home/hersco/training_new_domains/2026-08-25/completed_domains_stage1_policy_eval/20541279_Ev_mprime_mprime_orig_vh_c.1_s1972442430_CD4P_src20522974_e0051.txt","/home/hersco/training_new_domains/2026-08-25/completed_domains_stage1_policy_eval/20541279_Ev_mprime_mprime_orig_vh_c.1_s1972442430_CD4P_src20522974_e0051.txt","",""
"PRESERVE-4","mprime","on","stage1","final","2011206605","20522951","51","/home/hersco/bershco-nu-asnets/numeric-asnets/asnets/experiment-results/experiments_numeric.domain.mprime-experiments_numeric.architecture_2.mprime-2026-08-25T00:48:41.248236/P[domain,pfile01,pfile02,pfile04,pfile05]-S[0.003,50,enhsp-hmrp-ha-gbfs]-MO[]-T[518400]-04911602-067843/snapshots/snapshot_51_0.750","20541079","16","20","COMPLETED","0:0","00:42:25","16","0","/home/hersco/training_new_domains/2026-08-24/completed_domains_stage1_10seed/20522951_Tr_mprime_mprime_orig_vh_c.1_s2011206605__CD4S1.txt","/home/hersco/training_new_domains/2026-08-25/completed_domains_stage1_policy_eval/20541079_Ev_mprime_mprime_orig_vh_c.1_s2011206605_CD4P_src20522951_e0051.txt","/home/hersco/training_new_domains/2026-08-25/completed_domains_stage1_policy_eval/20541079_Ev_mprime_mprime_orig_vh_c.1_s2011206605_CD4P_src20522951_e0051.txt","",""
"PRESERVE-4","mprime","on","stage1","final","2082152039","20522965","51","/home/hersco/bershco-nu-asnets/numeric-asnets/asnets/experiment-results/experiments_numeric.domain.mprime-experiments_numeric.architecture_2.mprime-2026-08-25T01:18:18.020201/P[domain,pfile01,pfile02,pfile04,pfile05]-S[0.003,50,enhsp-hmrp-ha-gbfs]-MO[]-T[518400]-04911632-faf7d6/snapshots/snapshot_51_0.750","20541243","15","20","COMPLETED","0:0","00:38:35","15","0","/home/hersco/training_new_domains/2026-08-24/completed_domains_stage1_10seed/20522965_Tr_mprime_mprime_orig_vh_c.1_s2082152039__CD4S1.txt","/home/hersco/training_new_domains/2026-08-25/completed_domains_stage1_policy_eval/20541243_Ev_mprime_mprime_orig_vh_c.1_s2082152039_CD4P_src20522965_e0051.txt","/home/hersco/training_new_domains/2026-08-25/completed_domains_stage1_policy_eval/20541243_Ev_mprime_mprime_orig_vh_c.1_s2082152039_CD4P_src20522965_e0051.txt","",""
"PRESERVE-4","mprime","on","stage1","validation_selected","534933607","20522963","1","/home/hersco/bershco-nu-asnets/numeric-asnets/asnets/experiment-results/experiments_numeric.domain.mprime-experiments_numeric.architecture_2.mprime-2026-08-25T01:04:24.900913/P[domain,pfile01,pfile02,pfile04,pfile05]-S[0.003,50,enhsp-hmrp-ha-gbfs]-MO[]-T[518400]-04911618-3c74d66/snapshots/snapshot_1_0.000","20541232","6","20","COMPLETED","0:0","01:13:33","6","0","/home/hersco/training_new_domains/2026-08-24/completed_domains_stage1_10seed/20522963_Tr_mprime_mprime_orig_vh_c.1_s534933607__CD4S1.txt","/home/hersco/training_new_domains/2026-08-25/completed_domains_stage1_policy_eval/20541232_Ev_mprime_mprime_orig_vh_c.1_s534933607_CD4P_src20522963_e0001.txt","/home/hersco/training_new_domains/2026-08-25/completed_domains_stage1_policy_eval/20541232_Ev_mprime_mprime_orig_vh_c.1_s534933607_CD4P_src20522963_e0001.txt","",""
"PRESERVE-4","mprime","on","stage1","validation_selected","923500475","20522971","1","/home/hersco/bershco-nu-asnets/numeric-asnets/asnets/experiment-results/experiments_numeric.domain.mprime-experiments_numeric.architecture_2.mprime-2026-08-25T01:48:11.037921/P[domain,pfile01,pfile02,pfile04,pfile05]-S[0.003,50,enhsp-hmrp-ha-gbfs]-MO[]-T[518400]-04911662-5194f74/snapshots/snapshot_1_0.000","20541268","3","20","COMPLETED","0:0","00:50:49","3","0","/home/hersco/training_new_domains/2026-08-24/completed_domains_stage1_10seed/20522971_Tr_mprime_mprime_orig_vh_c.1_s923500475__CD4S1.txt","/home/hersco/training_new_domains/2026-08-25/completed_domains_stage1_policy_eval/20541268_Ev_mprime_mprime_orig_vh_c.1_s923500475_CD4P_src20522971_e0001.txt","/home/hersco/training_new_domains/2026-08-25/completed_domains_stage1_policy_eval/20541268_Ev_mprime_mprime_orig_vh_c.1_s923500475_CD4P_src20522971_e0001.txt","",""
"PRESERVE-4","mprime","on","stage1","validation_selected","1073581256","20522954","1","/home/hersco/bershco-nu-asnets/numeric-asnets/asnets/experiment-results/experiments_numeric.domain.mprime-experiments_numeric.architecture_2.mprime-2026-08-25T00:55:12.186430/P[domain,pfile01,pfile02,pfile04,pfile05]-S[0.003,50,enhsp-hmrp-ha-gbfs]-MO[]-T[518400]-04911609-1247c09/snapshots/snapshot_1_0.000","20541092","3","20","COMPLETED","0:0","01:26:07","3","0","/home/hersco/training_new_domains/2026-08-24/completed_domains_stage1_10seed/20522954_Tr_mprime_mprime_orig_vh_c.1_s1073581256__CD4S1.txt","/home/hersco/training_new_domains/2026-08-25/completed_domains_stage1_policy_eval/20541092_Ev_mprime_mprime_orig_vh_c.1_s1073581256_CD4P_src20522954_e0001.txt","/home/hersco/training_new_domains/2026-08-25/completed_domains_stage1_policy_eval/20541092_Ev_mprime_mprime_orig_vh_c.1_s1073581256_CD4P_src20522954_e0001.txt","",""
"PRESERVE-4","mprime","on","stage1","validation_selected","1239739722","20522957","1","/home/hersco/bershco-nu-asnets/numeric-asnets/asnets/experiment-results/experiments_numeric.domain.mprime-experiments_numeric.architecture_2.mprime-2026-08-25T00:58:59.256928/P[domain,pfile01,pfile02,pfile04,pfile05]-S[0.003,50,enhsp-hmrp-ha-gbfs]-MO[]-T[518400]-04911613-7d9a779/snapshots/snapshot_1_0.333","20541110","13","20","COMPLETED","0:0","01:09:03","13","0","/home/hersco/training_new_domains/2026-08-24/completed_domains_stage1_10seed/20522957_Tr_mprime_mprime_orig_vh_c.1_s1239739722__CD4S1.txt","/home/hersco/training_new_domains/2026-08-25/completed_domains_stage1_policy_eval/20541110_Ev_mprime_mprime_orig_vh_c.1_s1239739722_CD4P_src20522957_e0001.txt","/home/hersco/training_new_domains/2026-08-25/completed_domains_stage1_policy_eval/20541110_Ev_mprime_mprime_orig_vh_c.1_s1239739722_CD4P_src20522957_e0001.txt","",""
"PRESERVE-4","mprime","on","stage1","validation_selected","1472491096","20522960","1","/home/hersco/bershco-nu-asnets/numeric-asnets/asnets/experiment-results/experiments_numeric.domain.mprime-experiments_numeric.architecture_2.mprime-2026-08-25T01:03:25.723593/P[domain,pfile01,pfile02,pfile04,pfile05]-S[0.003,50,enhsp-hmrp-ha-gbfs]-MO[]-T[518400]-04911617-43e0a7a/snapshots/snapshot_1_0.000","20541133","1","20","COMPLETED","0:0","01:18:31","1","0","/home/hersco/training_new_domains/2026-08-24/completed_domains_stage1_10seed/20522960_Tr_mprime_mprime_orig_vh_c.1_s1472491096__CD4S1.txt","/home/hersco/training_new_domains/2026-08-25/completed_domains_stage1_policy_eval/20541133_Ev_mprime_mprime_orig_vh_c.1_s1472491096_CD4P_src20522960_e0001.txt","/home/hersco/training_new_domains/2026-08-25/completed_domains_stage1_policy_eval/20541133_Ev_mprime_mprime_orig_vh_c.1_s1472491096_CD4P_src20522960_e0001.txt","",""
"PRESERVE-4","mprime","on","stage1","validation_selected","1510771779","20522968","1","/home/hersco/bershco-nu-asnets/numeric-asnets/asnets/experiment-results/experiments_numeric.domain.mprime-experiments_numeric.architecture_2.mprime-2026-08-25T01:25:18.161136/P[domain,pfile01,pfile02,pfile04,pfile05]-S[0.003,50,enhsp-hmrp-ha-gbfs]-MO[]-T[518400]-04911639-17cc32a/snapshots/snapshot_1_0.000","20541256","6","20","COMPLETED","0:0","00:58:49","6","0","/home/hersco/training_new_domains/2026-08-24/completed_domains_stage1_10seed/20522968_Tr_mprime_mprime_orig_vh_c.1_s1510771779__CD4S1.txt","/home/hersco/training_new_domains/2026-08-25/completed_domains_stage1_policy_eval/20541256_Ev_mprime_mprime_orig_vh_c.1_s1510771779_CD4P_src20522968_e0001.txt","/home/hersco/training_new_domains/2026-08-25/completed_domains_stage1_policy_eval/20541256_Ev_mprime_mprime_orig_vh_c.1_s1510771779_CD4P_src20522968_e0001.txt","",""
"PRESERVE-4","mprime","on","stage1","validation_selected","1963100312","20522948","1","/home/hersco/bershco-nu-asnets/numeric-asnets/asnets/experiment-results/experiments_numeric.domain.mprime-experiments_numeric.architecture_2.mprime-2026-08-25T00:33:53.125273/P[domain,pfile01,pfile02,pfile04,pfile05]-S[0.003,50,enhsp-hmrp-ha-gbfs]-MO[]-T[518400]-04911588-2fc32f3/snapshots/snapshot_1_0.000","20541068","3","20","COMPLETED","0:0","01:05:01","3","0","/home/hersco/training_new_domains/2026-08-24/completed_domains_stage1_10seed/20522948_Tr_mprime_mprime_orig_vh_c.1_s1963100312__CD4S1.txt","/home/hersco/training_new_domains/2026-08-25/completed_domains_stage1_policy_eval/20541068_Ev_mprime_mprime_orig_vh_c.1_s1963100312_CD4P_src20522948_e0001.txt","/home/hersco/training_new_domains/2026-08-25/completed_domains_stage1_policy_eval/20541068_Ev_mprime_mprime_orig_vh_c.1_s1963100312_CD4P_src20522948_e0001.txt","",""
"PRESERVE-4","mprime","on","stage1","validation_selected","1972442430","20522974","1","/home/hersco/bershco-nu-asnets/numeric-asnets/asnets/experiment-results/experiments_numeric.domain.mprime-experiments_numeric.architecture_2.mprime-2026-08-25T01:47:19.019521/P[domain,pfile01,pfile02,pfile04,pfile05]-S[0.003,50,enhsp-hmrp-ha-gbfs]-MO[]-T[518400]-04911661-72aea46/snapshots/snapshot_1_0.000","20541280","3","20","COMPLETED","0:0","01:20:45","3","0","/home/hersco/training_new_domains/2026-08-24/completed_domains_stage1_10seed/20522974_Tr_mprime_mprime_orig_vh_c.1_s1972442430__CD4S1.txt","/home/hersco/training_new_domains/2026-08-25/completed_domains_stage1_policy_eval/20541280_Ev_mprime_mprime_orig_vh_c.1_s1972442430_CD4P_src20522974_e0001.txt","/home/hersco/training_new_domains/2026-08-25/completed_domains_stage1_policy_eval/20541280_Ev_mprime_mprime_orig_vh_c.1_s1972442430_CD4P_src20522974_e0001.txt","",""
"PRESERVE-4","mprime","on","stage1","validation_selected","2011206605","20522951","1","/home/hersco/bershco-nu-asnets/numeric-asnets/asnets/experiment-results/experiments_numeric.domain.mprime-experiments_numeric.architecture_2.mprime-2026-08-25T00:48:41.248236/P[domain,pfile01,pfile02,pfile04,pfile05]-S[0.003,50,enhsp-hmrp-ha-gbfs]-MO[]-T[518400]-04911602-067843/snapshots/snapshot_1_0.000","20541080","5","20","COMPLETED","0:0","00:59:52","5","0","/home/hersco/training_new_domains/2026-08-24/completed_domains_stage1_10seed/20522951_Tr_mprime_mprime_orig_vh_c.1_s2011206605__CD4S1.txt","/home/hersco/training_new_domains/2026-08-25/completed_domains_stage1_policy_eval/20541080_Ev_mprime_mprime_orig_vh_c.1_s2011206605_CD4P_src20522951_e0001.txt","/home/hersco/training_new_domains/2026-08-25/completed_domains_stage1_policy_eval/20541080_Ev_mprime_mprime_orig_vh_c.1_s2011206605_CD4P_src20522951_e0001.txt","",""
"PRESERVE-4","mprime","on","stage1","validation_selected","2082152039","20522965","1","/home/hersco/bershco-nu-asnets/numeric-asnets/asnets/experiment-results/experiments_numeric.domain.mprime-experiments_numeric.architecture_2.mprime-2026-08-25T01:18:18.020201/P[domain,pfile01,pfile02,pfile04,pfile05]-S[0.003,50,enhsp-hmrp-ha-gbfs]-MO[]-T[518400]-04911632-faf7d6/snapshots/snapshot_1_0.000","20541244","4","20","COMPLETED","0:0","00:54:53","4","0","/home/hersco/training_new_domains/2026-08-24/completed_domains_stage1_10seed/20522965_Tr_mprime_mprime_orig_vh_c.1_s2082152039__CD4S1.txt","/home/hersco/training_new_domains/2026-08-25/completed_domains_stage1_policy_eval/20541244_Ev_mprime_mprime_orig_vh_c.1_s2082152039_CD4P_src20522965_e0001.txt","/home/hersco/training_new_domains/2026-08-25/completed_domains_stage1_policy_eval/20541244_Ev_mprime_mprime_orig_vh_c.1_s2082152039_CD4P_src20522965_e0001.txt","",""
"PRESERVE-4","tpp","off","stage1","final","534933607","20523050","62","/home/hersco/bershco-nu-asnets/numeric-asnets/asnets/experiment-results/experiments_numeric.domain.tpp-experiments_numeric.architecture_2.tpp-2026-08-25T06:18:01.542289/P[domain,pfile1,pfile2,pfile4]-S[0.003,50,enhsp-hadd-gbfs]-MO[]-T[518400]-04911932-3c74d66/snapshots/snapshot_62_1.000","20544539","5","20","COMPLETED","0:0","00:45:11","5","0","/home/hersco/training_new_domains/2026-08-24/completed_domains_stage1_10seed/20523050_Tr_tpp_tpp_orig_novh_c.1_s534933607__CD4S1.txt","/home/hersco/training_new_domains/2026-08-25/completed_domains_stage1_policy_eval/20544539_Ev_tpp_tpp_orig_novh_c.1_s534933607_CD4P_src20523050_e0062.txt","/home/hersco/training_new_domains/2026-08-25/completed_domains_stage1_policy_eval/20544539_Ev_tpp_tpp_orig_novh_c.1_s534933607_CD4P_src20523050_e0062.txt","",""
"PRESERVE-4","tpp","off","stage1","final","923500475","20523059","72","/home/hersco/bershco-nu-asnets/numeric-asnets/asnets/experiment-results/experiments_numeric.domain.tpp-experiments_numeric.architecture_2.tpp-2026-08-25T06:51:49.243266/P[domain,pfile1,pfile2,pfile4]-S[0.003,50,enhsp-hadd-gbfs]-MO[]-T[518400]-04911966-5194f74/snapshots/snapshot_72_1.000","20546073","20","20","COMPLETED","0:0","00:07:40","20","0","/home/hersco/training_new_domains/2026-08-24/completed_domains_stage1_10seed/20523059_Tr_tpp_tpp_orig_novh_c.1_s923500475__CD4S1.txt","/home/hersco/training_new_domains/2026-08-25/completed_domains_stage1_policy_eval/20546073_Ev_tpp_tpp_orig_novh_c.1_s923500475_CD4P_src20523059_e0072.txt","/home/hersco/training_new_domains/2026-08-25/completed_domains_stage1_policy_eval/20546073_Ev_tpp_tpp_orig_novh_c.1_s923500475_CD4P_src20523059_e0072.txt","",""
"PRESERVE-4","tpp","off","stage1","final","1073581256","20523041","51","/home/hersco/bershco-nu-asnets/numeric-asnets/asnets/experiment-results/experiments_numeric.domain.tpp-experiments_numeric.architecture_2.tpp-2026-08-25T05:56:19.498678/P[domain,pfile1,pfile2,pfile4]-S[0.003,50,enhsp-hadd-gbfs]-MO[]-T[518400]-04911910-1247c09/snapshots/snapshot_51_1.000","20541844","20","20","COMPLETED","0:0","00:06:30","20","0","/home/hersco/training_new_domains/2026-08-24/completed_domains_stage1_10seed/20523041_Tr_tpp_tpp_orig_novh_c.1_s1073581256__CD4S1.txt","/home/hersco/training_new_domains/2026-08-25/completed_domains_stage1_policy_eval/20541844_Ev_tpp_tpp_orig_novh_c.1_s1073581256_CD4P_src20523041_e0051.txt","/home/hersco/training_new_domains/2026-08-25/completed_domains_stage1_policy_eval/20541844_Ev_tpp_tpp_orig_novh_c.1_s1073581256_CD4P_src20523041_e0051.txt","",""
"PRESERVE-4","tpp","off","stage1","final","1239739722","20523044","51","/home/hersco/bershco-nu-asnets/numeric-asnets/asnets/experiment-results/experiments_numeric.domain.tpp-experiments_numeric.architecture_2.tpp-2026-08-25T06:00:18.492230/P[domain,pfile1,pfile2,pfile4]-S[0.003,50,enhsp-hadd-gbfs]-MO[]-T[518400]-04911914-7d9a779/snapshots/snapshot_51_1.000","20544525","6","20","COMPLETED","0:0","00:39:51","6","0","/home/hersco/training_new_domains/2026-08-24/completed_domains_stage1_10seed/20523044_Tr_tpp_tpp_orig_novh_c.1_s1239739722__CD4S1.txt","/home/hersco/training_new_domains/2026-08-25/completed_domains_stage1_policy_eval/20544525_Ev_tpp_tpp_orig_novh_c.1_s1239739722_CD4P_src20523044_e0051.txt","/home/hersco/training_new_domains/2026-08-25/completed_domains_stage1_policy_eval/20544525_Ev_tpp_tpp_orig_novh_c.1_s1239739722_CD4P_src20523044_e0051.txt","",""
"PRESERVE-4","tpp","off","stage1","final","1472491096","20523047","51","/home/hersco/bershco-nu-asnets/numeric-asnets/asnets/experiment-results/experiments_numeric.domain.tpp-experiments_numeric.architecture_2.tpp-2026-08-25T06:10:05.633138/P[domain,pfile1,pfile2,pfile4]-S[0.003,50,enhsp-hadd-gbfs]-MO[]-T[518400]-04911924-43e0a7a/snapshots/snapshot_51_1.000","20541856","20","20","COMPLETED","0:0","00:07:21","20","0","/home/hersco/training_new_domains/2026-08-24/completed_domains_stage1_10seed/20523047_Tr_tpp_tpp_orig_novh_c.1_s1472491096__CD4S1.txt","/home/hersco/training_new_domains/2026-08-25/completed_domains_stage1_policy_eval/20541856_Ev_tpp_tpp_orig_novh_c.1_s1472491096_CD4P_src20523047_e0051.txt","/home/hersco/training_new_domains/2026-08-25/completed_domains_stage1_policy_eval/20541856_Ev_tpp_tpp_orig_novh_c.1_s1472491096_CD4P_src20523047_e0051.txt","",""
"PRESERVE-4","tpp","off","stage1","final","1510771779","20523056","51","/home/hersco/bershco-nu-asnets/numeric-asnets/asnets/experiment-results/experiments_numeric.domain.tpp-experiments_numeric.architecture_2.tpp-2026-08-25T06:37:26.818356/P[domain,pfile1,pfile2,pfile4]-S[0.003,50,enhsp-hadd-gbfs]-MO[]-T[518400]-04911951-17cc32a/snapshots/snapshot_51_1.000","20544562","20","20","COMPLETED","0:0","00:06:05","20","0","/home/hersco/training_new_domains/2026-08-24/completed_domains_stage1_10seed/20523056_Tr_tpp_tpp_orig_novh_c.1_s1510771779__CD4S1.txt","/home/hersco/training_new_domains/2026-08-25/completed_domains_stage1_policy_eval/20544562_Ev_tpp_tpp_orig_novh_c.1_s1510771779_CD4P_src20523056_e0051.txt","/home/hersco/training_new_domains/2026-08-25/completed_domains_stage1_policy_eval/20544562_Ev_tpp_tpp_orig_novh_c.1_s1510771779_CD4P_src20523056_e0051.txt","",""
"PRESERVE-4","tpp","off","stage1","final","1963100312","20523035","53","/home/hersco/bershco-nu-asnets/numeric-asnets/asnets/experiment-results/experiments_numeric.domain.tpp-experiments_numeric.architecture_2.tpp-2026-08-25T05:52:19.740677/P[domain,pfile1,pfile2,pfile4]-S[0.003,50,enhsp-hadd-gbfs]-MO[]-T[518400]-04911906-2fc32f3/snapshots/snapshot_53_1.000","20544513","20","20","COMPLETED","0:0","00:07:01","20","0","/home/hersco/training_new_domains/2026-08-24/completed_domains_stage1_10seed/20523035_Tr_tpp_tpp_orig_novh_c.1_s1963100312__CD4S1.txt","/home/hersco/training_new_domains/2026-08-25/completed_domains_stage1_policy_eval/20544513_Ev_tpp_tpp_orig_novh_c.1_s1963100312_CD4P_src20523035_e0053.txt","/home/hersco/training_new_domains/2026-08-25/completed_domains_stage1_policy_eval/20544513_Ev_tpp_tpp_orig_novh_c.1_s1963100312_CD4P_src20523035_e0053.txt","",""
"PRESERVE-4","tpp","off","stage1","final","1972442430","20523062","65","/home/hersco/bershco-nu-asnets/numeric-asnets/asnets/experiment-results/experiments_numeric.domain.tpp-experiments_numeric.architecture_2.tpp-2026-08-25T06:58:34.413651/P[domain,pfile1,pfile2,pfile4]-S[0.003,50,enhsp-hadd-gbfs]-MO[]-T[518400]-04911972-72aea46/snapshots/snapshot_65_1.000","20544576","20","20","COMPLETED","0:0","00:06:55","20","0","/home/hersco/training_new_domains/2026-08-24/completed_domains_stage1_10seed/20523062_Tr_tpp_tpp_orig_novh_c.1_s1972442430__CD4S1.txt","/home/hersco/training_new_domains/2026-08-25/completed_domains_stage1_policy_eval/20544576_Ev_tpp_tpp_orig_novh_c.1_s1972442430_CD4P_src20523062_e0065.txt","/home/hersco/training_new_domains/2026-08-25/completed_domains_stage1_policy_eval/20544576_Ev_tpp_tpp_orig_novh_c.1_s1972442430_CD4P_src20523062_e0065.txt","",""
"PRESERVE-4","tpp","off","stage1","final","2011206605","20523038","51","/home/hersco/bershco-nu-asnets/numeric-asnets/asnets/experiment-results/experiments_numeric.domain.tpp-experiments_numeric.architecture_2.tpp-2026-08-25T05:54:32.232440/P[domain,pfile1,pfile2,pfile4]-S[0.003,50,enhsp-hadd-gbfs]-MO[]-T[518400]-04911908-067843/snapshots/snapshot_51_1.000","20542684","20","20","COMPLETED","0:0","00:06:46","20","0","/home/hersco/training_new_domains/2026-08-24/completed_domains_stage1_10seed/20523038_Tr_tpp_tpp_orig_novh_c.1_s2011206605__CD4S1.txt","/home/hersco/training_new_domains/2026-08-25/completed_domains_stage1_policy_eval/20542684_Ev_tpp_tpp_orig_novh_c.1_s2011206605_CD4P_src20523038_e0051.txt","/home/hersco/training_new_domains/2026-08-25/completed_domains_stage1_policy_eval/20542684_Ev_tpp_tpp_orig_novh_c.1_s2011206605_CD4P_src20523038_e0051.txt","",""
"PRESERVE-4","tpp","off","stage1","final","2082152039","20523053","55","/home/hersco/bershco-nu-asnets/numeric-asnets/asnets/experiment-results/experiments_numeric.domain.tpp-experiments_numeric.architecture_2.tpp-2026-08-25T06:23:43.293616/P[domain,pfile1,pfile2,pfile4]-S[0.003,50,enhsp-hadd-gbfs]-MO[]-T[518400]-04911937-faf7d6/snapshots/snapshot_55_1.000","20544551","20","20","COMPLETED","0:0","00:06:39","20","0","/home/hersco/training_new_domains/2026-08-24/completed_domains_stage1_10seed/20523053_Tr_tpp_tpp_orig_novh_c.1_s2082152039__CD4S1.txt","/home/hersco/training_new_domains/2026-08-25/completed_domains_stage1_policy_eval/20544551_Ev_tpp_tpp_orig_novh_c.1_s2082152039_CD4P_src20523053_e0055.txt","/home/hersco/training_new_domains/2026-08-25/completed_domains_stage1_policy_eval/20544551_Ev_tpp_tpp_orig_novh_c.1_s2082152039_CD4P_src20523053_e0055.txt","",""
"PRESERVE-4","tpp","off","stage1","validation_selected","534933607","20523050","12","/home/hersco/bershco-nu-asnets/numeric-asnets/asnets/experiment-results/experiments_numeric.domain.tpp-experiments_numeric.architecture_2.tpp-2026-08-25T06:18:01.542289/P[domain,pfile1,pfile2,pfile4]-S[0.003,50,enhsp-hadd-gbfs]-MO[]-T[518400]-04911932-3c74d66/snapshots/snapshot_12_1.000","20544540","20","20","COMPLETED","0:0","00:07:13","20","0","/home/hersco/training_new_domains/2026-08-24/completed_domains_stage1_10seed/20523050_Tr_tpp_tpp_orig_novh_c.1_s534933607__CD4S1.txt","/home/hersco/training_new_domains/2026-08-25/completed_domains_stage1_policy_eval/20544540_Ev_tpp_tpp_orig_novh_c.1_s534933607_CD4P_src20523050_e0012.txt","/home/hersco/training_new_domains/2026-08-25/completed_domains_stage1_policy_eval/20544540_Ev_tpp_tpp_orig_novh_c.1_s534933607_CD4P_src20523050_e0012.txt","",""
"PRESERVE-4","tpp","off","stage1","validation_selected","923500475","20523059","22","/home/hersco/bershco-nu-asnets/numeric-asnets/asnets/experiment-results/experiments_numeric.domain.tpp-experiments_numeric.architecture_2.tpp-2026-08-25T06:51:49.243266/P[domain,pfile1,pfile2,pfile4]-S[0.003,50,enhsp-hadd-gbfs]-MO[]-T[518400]-04911966-5194f74/snapshots/snapshot_22_1.000","20546075","20","20","COMPLETED","0:0","00:06:39","20","0","/home/hersco/training_new_domains/2026-08-24/completed_domains_stage1_10seed/20523059_Tr_tpp_tpp_orig_novh_c.1_s923500475__CD4S1.txt","/home/hersco/training_new_domains/2026-08-25/completed_domains_stage1_policy_eval/20546075_Ev_tpp_tpp_orig_novh_c.1_s923500475_CD4P_src20523059_e0022.txt","/home/hersco/training_new_domains/2026-08-25/completed_domains_stage1_policy_eval/20546075_Ev_tpp_tpp_orig_novh_c.1_s923500475_CD4P_src20523059_e0022.txt","",""
"PRESERVE-4","tpp","off","stage1","validation_selected","1073581256","20523041","1","/home/hersco/bershco-nu-asnets/numeric-asnets/asnets/experiment-results/experiments_numeric.domain.tpp-experiments_numeric.architecture_2.tpp-2026-08-25T05:56:19.498678/P[domain,pfile1,pfile2,pfile4]-S[0.003,50,enhsp-hadd-gbfs]-MO[]-T[518400]-04911910-1247c09/snapshots/snapshot_1_0.000","20541845","20","20","COMPLETED","0:0","00:06:19","20","0","/home/hersco/training_new_domains/2026-08-24/completed_domains_stage1_10seed/20523041_Tr_tpp_tpp_orig_novh_c.1_s1073581256__CD4S1.txt","/home/hersco/training_new_domains/2026-08-25/completed_domains_stage1_policy_eval/20541845_Ev_tpp_tpp_orig_novh_c.1_s1073581256_CD4P_src20523041_e0001.txt","/home/hersco/training_new_domains/2026-08-25/completed_domains_stage1_policy_eval/20541845_Ev_tpp_tpp_orig_novh_c.1_s1073581256_CD4P_src20523041_e0001.txt","",""
"PRESERVE-4","tpp","off","stage1","validation_selected","1239739722","20523044","1","/home/hersco/bershco-nu-asnets/numeric-asnets/asnets/experiment-results/experiments_numeric.domain.tpp-experiments_numeric.architecture_2.tpp-2026-08-25T06:00:18.492230/P[domain,pfile1,pfile2,pfile4]-S[0.003,50,enhsp-hadd-gbfs]-MO[]-T[518400]-04911914-7d9a779/snapshots/snapshot_1_0.667","20544526","20","20","COMPLETED","0:0","00:06:23","20","0","/home/hersco/training_new_domains/2026-08-24/completed_domains_stage1_10seed/20523044_Tr_tpp_tpp_orig_novh_c.1_s1239739722__CD4S1.txt","/home/hersco/training_new_domains/2026-08-25/completed_domains_stage1_policy_eval/20544526_Ev_tpp_tpp_orig_novh_c.1_s1239739722_CD4P_src20523044_e0001.txt","/home/hersco/training_new_domains/2026-08-25/completed_domains_stage1_policy_eval/20544526_Ev_tpp_tpp_orig_novh_c.1_s1239739722_CD4P_src20523044_e0001.txt","",""
"PRESERVE-4","tpp","off","stage1","validation_selected","1472491096","20523047","1","/home/hersco/bershco-nu-asnets/numeric-asnets/asnets/experiment-results/experiments_numeric.domain.tpp-experiments_numeric.architecture_2.tpp-2026-08-25T06:10:05.633138/P[domain,pfile1,pfile2,pfile4]-S[0.003,50,enhsp-hadd-gbfs]-MO[]-T[518400]-04911924-43e0a7a/snapshots/snapshot_1_0.333","20541857","20","20","COMPLETED","0:0","00:05:48","20","0","/home/hersco/training_new_domains/2026-08-24/completed_domains_stage1_10seed/20523047_Tr_tpp_tpp_orig_novh_c.1_s1472491096__CD4S1.txt","/home/hersco/training_new_domains/2026-08-25/completed_domains_stage1_policy_eval/20541857_Ev_tpp_tpp_orig_novh_c.1_s1472491096_CD4P_src20523047_e0001.txt","/home/hersco/training_new_domains/2026-08-25/completed_domains_stage1_policy_eval/20541857_Ev_tpp_tpp_orig_novh_c.1_s1472491096_CD4P_src20523047_e0001.txt","",""
"PRESERVE-4","tpp","off","stage1","validation_selected","1510771779","20523056","1","/home/hersco/bershco-nu-asnets/numeric-asnets/asnets/experiment-results/experiments_numeric.domain.tpp-experiments_numeric.architecture_2.tpp-2026-08-25T06:37:26.818356/P[domain,pfile1,pfile2,pfile4]-S[0.003,50,enhsp-hadd-gbfs]-MO[]-T[518400]-04911951-17cc32a/snapshots/snapshot_1_0.333","20544563","20","20","COMPLETED","0:0","00:06:49","20","0","/home/hersco/training_new_domains/2026-08-24/completed_domains_stage1_10seed/20523056_Tr_tpp_tpp_orig_novh_c.1_s1510771779__CD4S1.txt","/home/hersco/training_new_domains/2026-08-25/completed_domains_stage1_policy_eval/20544563_Ev_tpp_tpp_orig_novh_c.1_s1510771779_CD4P_src20523056_e0001.txt","/home/hersco/training_new_domains/2026-08-25/completed_domains_stage1_policy_eval/20544563_Ev_tpp_tpp_orig_novh_c.1_s1510771779_CD4P_src20523056_e0001.txt","",""
"PRESERVE-4","tpp","off","stage1","validation_selected","1963100312","20523035","3","/home/hersco/bershco-nu-asnets/numeric-asnets/asnets/experiment-results/experiments_numeric.domain.tpp-experiments_numeric.architecture_2.tpp-2026-08-25T05:52:19.740677/P[domain,pfile1,pfile2,pfile4]-S[0.003,50,enhsp-hadd-gbfs]-MO[]-T[518400]-04911906-2fc32f3/snapshots/snapshot_3_1.000","20544514","20","20","COMPLETED","0:0","00:05:33","20","0","/home/hersco/training_new_domains/2026-08-24/completed_domains_stage1_10seed/20523035_Tr_tpp_tpp_orig_novh_c.1_s1963100312__CD4S1.txt","/home/hersco/training_new_domains/2026-08-25/completed_domains_stage1_policy_eval/20544514_Ev_tpp_tpp_orig_novh_c.1_s1963100312_CD4P_src20523035_e0003.txt","/home/hersco/training_new_domains/2026-08-25/completed_domains_stage1_policy_eval/20544514_Ev_tpp_tpp_orig_novh_c.1_s1963100312_CD4P_src20523035_e0003.txt","",""
"PRESERVE-4","tpp","off","stage1","validation_selected","1972442430","20523062","15","/home/hersco/bershco-nu-asnets/numeric-asnets/asnets/experiment-results/experiments_numeric.domain.tpp-experiments_numeric.architecture_2.tpp-2026-08-25T06:58:34.413651/P[domain,pfile1,pfile2,pfile4]-S[0.003,50,enhsp-hadd-gbfs]-MO[]-T[518400]-04911972-72aea46/snapshots/snapshot_15_1.000","20544566","20","20","COMPLETED","0:0","00:06:43","20","0","/home/hersco/training_new_domains/2026-08-24/completed_domains_stage1_10seed/20523062_Tr_tpp_tpp_orig_novh_c.1_s1972442430__CD4S1.txt","/home/hersco/training_new_domains/2026-08-25/completed_domains_stage1_policy_eval/20544566_Ev_tpp_tpp_orig_novh_c.1_s1972442430_CD4P_src20523062_e0015.txt","/home/hersco/training_new_domains/2026-08-25/completed_domains_stage1_policy_eval/20544566_Ev_tpp_tpp_orig_novh_c.1_s1972442430_CD4P_src20523062_e0015.txt","",""
"PRESERVE-4","tpp","off","stage1","validation_selected","2011206605","20523038","1","/home/hersco/bershco-nu-asnets/numeric-asnets/asnets/experiment-results/experiments_numeric.domain.tpp-experiments_numeric.architecture_2.tpp-2026-08-25T05:54:32.232440/P[domain,pfile1,pfile2,pfile4]-S[0.003,50,enhsp-hadd-gbfs]-MO[]-T[518400]-04911908-067843/snapshots/snapshot_1_0.333","20542685","20","20","COMPLETED","0:0","00:08:12","20","0","/home/hersco/training_new_domains/2026-08-24/completed_domains_stage1_10seed/20523038_Tr_tpp_tpp_orig_novh_c.1_s2011206605__CD4S1.txt","/home/hersco/training_new_domains/2026-08-25/completed_domains_stage1_policy_eval/20542685_Ev_tpp_tpp_orig_novh_c.1_s2011206605_CD4P_src20523038_e0001.txt","/home/hersco/training_new_domains/2026-08-25/completed_domains_stage1_policy_eval/20542685_Ev_tpp_tpp_orig_novh_c.1_s2011206605_CD4P_src20523038_e0001.txt","",""
"PRESERVE-4","tpp","off","stage1","validation_selected","2082152039","20523053","5","/home/hersco/bershco-nu-asnets/numeric-asnets/asnets/experiment-results/experiments_numeric.domain.tpp-experiments_numeric.architecture_2.tpp-2026-08-25T06:23:43.293616/P[domain,pfile1,pfile2,pfile4]-S[0.003,50,enhsp-hadd-gbfs]-MO[]-T[518400]-04911937-faf7d6/snapshots/snapshot_5_0.667","20544541","20","20","COMPLETED","0:0","00:07:52","20","0","/home/hersco/training_new_domains/2026-08-24/completed_domains_stage1_10seed/20523053_Tr_tpp_tpp_orig_novh_c.1_s2082152039__CD4S1.txt","/home/hersco/training_new_domains/2026-08-25/completed_domains_stage1_policy_eval/20544541_Ev_tpp_tpp_orig_novh_c.1_s2082152039_CD4P_src20523053_e0005.txt","/home/hersco/training_new_domains/2026-08-25/completed_domains_stage1_policy_eval/20544541_Ev_tpp_tpp_orig_novh_c.1_s2082152039_CD4P_src20523053_e0005.txt","",""
"PRESERVE-4","tpp","on","stage1","final","534933607","20523020","53","/home/hersco/bershco-nu-asnets/numeric-asnets/asnets/experiment-results/experiments_numeric.domain.tpp-experiments_numeric.architecture_2.tpp-2026-08-25T04:48:37.457295/P[domain,pfile1,pfile2,pfile4]-S[0.003,50,enhsp-hadd-gbfs]-MO[]-T[518400]-04911842-3c74d66/snapshots/snapshot_53_1.000","20541678","20","20","COMPLETED","0:0","00:07:54","20","0","/home/hersco/training_new_domains/2026-08-24/completed_domains_stage1_10seed/20523020_Tr_tpp_tpp_orig_vh_c.1_s534933607__CD4S1.txt","/home/hersco/training_new_domains/2026-08-25/completed_domains_stage1_policy_eval/20541678_Ev_tpp_tpp_orig_vh_c.1_s534933607_CD4P_src20523020_e0053.txt","/home/hersco/training_new_domains/2026-08-25/completed_domains_stage1_policy_eval/20541678_Ev_tpp_tpp_orig_vh_c.1_s534933607_CD4P_src20523020_e0053.txt","",""
"PRESERVE-4","tpp","on","stage1","final","923500475","20523029","51","/home/hersco/bershco-nu-asnets/numeric-asnets/asnets/experiment-results/experiments_numeric.domain.tpp-experiments_numeric.architecture_2.tpp-2026-08-25T05:06:25.960956/P[domain,pfile1,pfile2,pfile4]-S[0.003,50,enhsp-hadd-gbfs]-MO[]-T[518400]-04911860-5194f74/snapshots/snapshot_51_1.000","20541717","20","20","COMPLETED","0:0","00:06:26","20","0","/home/hersco/training_new_domains/2026-08-24/completed_domains_stage1_10seed/20523029_Tr_tpp_tpp_orig_vh_c.1_s923500475__CD4S1.txt","/home/hersco/training_new_domains/2026-08-25/completed_domains_stage1_policy_eval/20541717_Ev_tpp_tpp_orig_vh_c.1_s923500475_CD4P_src20523029_e0051.txt","/home/hersco/training_new_domains/2026-08-25/completed_domains_stage1_policy_eval/20541717_Ev_tpp_tpp_orig_vh_c.1_s923500475_CD4P_src20523029_e0051.txt","",""
"PRESERVE-4","tpp","on","stage1","final","1073581256","20523010","90","/home/hersco/bershco-nu-asnets/numeric-asnets/asnets/experiment-results/experiments_numeric.domain.tpp-experiments_numeric.architecture_2.tpp-2026-08-25T04:43:42.416701/P[domain,pfile1,pfile2,pfile4]-S[0.003,50,enhsp-hadd-gbfs]-MO[]-T[518400]-04911837-1247c09/snapshots/snapshot_90_1.000","20544502","20","20","COMPLETED","0:0","00:06:15","20","0","/home/hersco/training_new_domains/2026-08-24/completed_domains_stage1_10seed/20523010_Tr_tpp_tpp_orig_vh_c.1_s1073581256__CD4S1.txt","/home/hersco/training_new_domains/2026-08-25/completed_domains_stage1_policy_eval/20544502_Ev_tpp_tpp_orig_vh_c.1_s1073581256_CD4P_src20523010_e0090.txt","/home/hersco/training_new_domains/2026-08-25/completed_domains_stage1_policy_eval/20544502_Ev_tpp_tpp_orig_vh_c.1_s1073581256_CD4P_src20523010_e0090.txt","",""
"PRESERVE-4","tpp","on","stage1","final","1239739722","20523013","67","/home/hersco/bershco-nu-asnets/numeric-asnets/asnets/experiment-results/experiments_numeric.domain.tpp-experiments_numeric.architecture_2.tpp-2026-08-25T04:45:38.484370/P[domain,pfile1,pfile2,pfile4]-S[0.003,50,enhsp-hadd-gbfs]-MO[]-T[518400]-04911839-7d9a779/snapshots/snapshot_67_1.000","20541654","20","20","COMPLETED","0:0","00:06:45","20","0","/home/hersco/training_new_domains/2026-08-24/completed_domains_stage1_10seed/20523013_Tr_tpp_tpp_orig_vh_c.1_s1239739722__CD4S1.txt","/home/hersco/training_new_domains/2026-08-25/completed_domains_stage1_policy_eval/20541654_Ev_tpp_tpp_orig_vh_c.1_s1239739722_CD4P_src20523013_e0067.txt","/home/hersco/training_new_domains/2026-08-25/completed_domains_stage1_policy_eval/20541654_Ev_tpp_tpp_orig_vh_c.1_s1239739722_CD4P_src20523013_e0067.txt","",""
"PRESERVE-4","tpp","on","stage1","final","1472491096","20523017","52","/home/hersco/bershco-nu-asnets/numeric-asnets/asnets/experiment-results/experiments_numeric.domain.tpp-experiments_numeric.architecture_2.tpp-2026-08-25T04:45:04.741685/P[domain,pfile1,pfile2,pfile4]-S[0.003,50,enhsp-hadd-gbfs]-MO[]-T[518400]-04911839-43e0a7a/snapshots/snapshot_52_1.000","20541666","20","20","COMPLETED","0:0","00:07:26","20","0","/home/hersco/training_new_domains/2026-08-24/completed_domains_stage1_10seed/20523017_Tr_tpp_tpp_orig_vh_c.1_s1472491096__CD4S1.txt","/home/hersco/training_new_domains/2026-08-25/completed_domains_stage1_policy_eval/20541666_Ev_tpp_tpp_orig_vh_c.1_s1472491096_CD4P_src20523017_e0052.txt","/home/hersco/training_new_domains/2026-08-25/completed_domains_stage1_policy_eval/20541666_Ev_tpp_tpp_orig_vh_c.1_s1472491096_CD4P_src20523017_e0052.txt","",""
"PRESERVE-4","tpp","on","stage1","final","1510771779","20523026","62","/home/hersco/bershco-nu-asnets/numeric-asnets/asnets/experiment-results/experiments_numeric.domain.tpp-experiments_numeric.architecture_2.tpp-2026-08-25T04:54:58.757497/P[domain,pfile1,pfile2,pfile4]-S[0.003,50,enhsp-hadd-gbfs]-MO[]-T[518400]-04911849-17cc32a/snapshots/snapshot_62_1.000","20541705","14","20","COMPLETED","0:0","00:31:26","14","0","/home/hersco/training_new_domains/2026-08-24/completed_domains_stage1_10seed/20523026_Tr_tpp_tpp_orig_vh_c.1_s1510771779__CD4S1.txt","/home/hersco/training_new_domains/2026-08-25/completed_domains_stage1_policy_eval/20541705_Ev_tpp_tpp_orig_vh_c.1_s1510771779_CD4P_src20523026_e0062.txt","/home/hersco/training_new_domains/2026-08-25/completed_domains_stage1_policy_eval/20541705_Ev_tpp_tpp_orig_vh_c.1_s1510771779_CD4P_src20523026_e0062.txt","",""
"PRESERVE-4","tpp","on","stage1","final","1963100312","20523005","62","/home/hersco/bershco-nu-asnets/numeric-asnets/asnets/experiment-results/experiments_numeric.domain.tpp-experiments_numeric.architecture_2.tpp-2026-08-25T04:18:00.936166/P[domain,pfile1,pfile2,pfile4]-S[0.003,50,enhsp-hadd-gbfs]-MO[]-T[518400]-04911812-2fc32f3/snapshots/snapshot_62_1.000","20541521","20","20","COMPLETED","0:0","00:07:32","20","0","/home/hersco/training_new_domains/2026-08-24/completed_domains_stage1_10seed/20523005_Tr_tpp_tpp_orig_vh_c.1_s1963100312__CD4S1.txt","/home/hersco/training_new_domains/2026-08-25/completed_domains_stage1_policy_eval/20541521_Ev_tpp_tpp_orig_vh_c.1_s1963100312_CD4P_src20523005_e0062.txt","/home/hersco/training_new_domains/2026-08-25/completed_domains_stage1_policy_eval/20541521_Ev_tpp_tpp_orig_vh_c.1_s1963100312_CD4P_src20523005_e0062.txt","",""
"PRESERVE-4","tpp","on","stage1","final","1972442430","20523032","58","/home/hersco/bershco-nu-asnets/numeric-asnets/asnets/experiment-results/experiments_numeric.domain.tpp-experiments_numeric.architecture_2.tpp-2026-08-25T05:11:34.514537/P[domain,pfile1,pfile2,pfile4]-S[0.003,50,enhsp-hadd-gbfs]-MO[]-T[518400]-04911865-72aea46/snapshots/snapshot_58_1.000","20541730","20","20","COMPLETED","0:0","00:06:27","20","0","/home/hersco/training_new_domains/2026-08-24/completed_domains_stage1_10seed/20523032_Tr_tpp_tpp_orig_vh_c.1_s1972442430__CD4S1.txt","/home/hersco/training_new_domains/2026-08-25/completed_domains_stage1_policy_eval/20541730_Ev_tpp_tpp_orig_vh_c.1_s1972442430_CD4P_src20523032_e0058.txt","/home/hersco/training_new_domains/2026-08-25/completed_domains_stage1_policy_eval/20541730_Ev_tpp_tpp_orig_vh_c.1_s1972442430_CD4P_src20523032_e0058.txt","",""
"PRESERVE-4","tpp","on","stage1","final","2011206605","20523008","51","/home/hersco/bershco-nu-asnets/numeric-asnets/asnets/experiment-results/experiments_numeric.domain.tpp-experiments_numeric.architecture_2.tpp-2026-08-25T04:32:31.342171/P[domain,pfile1,pfile2,pfile4]-S[0.003,50,enhsp-hadd-gbfs]-MO[]-T[518400]-04911826-067843/snapshots/snapshot_51_1.000","20541541","20","20","COMPLETED","0:0","00:12:28","20","0","/home/hersco/training_new_domains/2026-08-24/completed_domains_stage1_10seed/20523008_Tr_tpp_tpp_orig_vh_c.1_s2011206605__CD4S1.txt","/home/hersco/training_new_domains/2026-08-25/completed_domains_stage1_policy_eval/20541541_Ev_tpp_tpp_orig_vh_c.1_s2011206605_CD4P_src20523008_e0051.txt","/home/hersco/training_new_domains/2026-08-25/completed_domains_stage1_policy_eval/20541541_Ev_tpp_tpp_orig_vh_c.1_s2011206605_CD4P_src20523008_e0051.txt","",""
"PRESERVE-4","tpp","on","stage1","final","2082152039","20523023","59","/home/hersco/bershco-nu-asnets/numeric-asnets/asnets/experiment-results/experiments_numeric.domain.tpp-experiments_numeric.architecture_2.tpp-2026-08-25T04:52:43.460075/P[domain,pfile1,pfile2,pfile4]-S[0.003,50,enhsp-hadd-gbfs]-MO[]-T[518400]-04911846-faf7d6/snapshots/snapshot_59_1.000","20541691","15","20","COMPLETED","0:0","00:31:51","15","0","/home/hersco/training_new_domains/2026-08-24/completed_domains_stage1_10seed/20523023_Tr_tpp_tpp_orig_vh_c.1_s2082152039__CD4S1.txt","/home/hersco/training_new_domains/2026-08-25/completed_domains_stage1_policy_eval/20541691_Ev_tpp_tpp_orig_vh_c.1_s2082152039_CD4P_src20523023_e0059.txt","/home/hersco/training_new_domains/2026-08-25/completed_domains_stage1_policy_eval/20541691_Ev_tpp_tpp_orig_vh_c.1_s2082152039_CD4P_src20523023_e0059.txt","",""
"PRESERVE-4","tpp","on","stage1","validation_selected","534933607","20523020","3","/home/hersco/bershco-nu-asnets/numeric-asnets/asnets/experiment-results/experiments_numeric.domain.tpp-experiments_numeric.architecture_2.tpp-2026-08-25T04:48:37.457295/P[domain,pfile1,pfile2,pfile4]-S[0.003,50,enhsp-hadd-gbfs]-MO[]-T[518400]-04911842-3c74d66/snapshots/snapshot_3_1.000","20541679","20","20","COMPLETED","0:0","00:07:40","20","0","/home/hersco/training_new_domains/2026-08-24/completed_domains_stage1_10seed/20523020_Tr_tpp_tpp_orig_vh_c.1_s534933607__CD4S1.txt","/home/hersco/training_new_domains/2026-08-25/completed_domains_stage1_policy_eval/20541679_Ev_tpp_tpp_orig_vh_c.1_s534933607_CD4P_src20523020_e0003.txt","/home/hersco/training_new_domains/2026-08-25/completed_domains_stage1_policy_eval/20541679_Ev_tpp_tpp_orig_vh_c.1_s534933607_CD4P_src20523020_e0003.txt","",""
"PRESERVE-4","tpp","on","stage1","validation_selected","923500475","20523029","1","/home/hersco/bershco-nu-asnets/numeric-asnets/asnets/experiment-results/experiments_numeric.domain.tpp-experiments_numeric.architecture_2.tpp-2026-08-25T05:06:25.960956/P[domain,pfile1,pfile2,pfile4]-S[0.003,50,enhsp-hadd-gbfs]-MO[]-T[518400]-04911860-5194f74/snapshots/snapshot_1_0.333","20541718","20","20","COMPLETED","0:0","00:06:09","20","0","/home/hersco/training_new_domains/2026-08-24/completed_domains_stage1_10seed/20523029_Tr_tpp_tpp_orig_vh_c.1_s923500475__CD4S1.txt","/home/hersco/training_new_domains/2026-08-25/completed_domains_stage1_policy_eval/20541718_Ev_tpp_tpp_orig_vh_c.1_s923500475_CD4P_src20523029_e0001.txt","/home/hersco/training_new_domains/2026-08-25/completed_domains_stage1_policy_eval/20541718_Ev_tpp_tpp_orig_vh_c.1_s923500475_CD4P_src20523029_e0001.txt","",""
"PRESERVE-4","tpp","on","stage1","validation_selected","1073581256","20523010","40","/home/hersco/bershco-nu-asnets/numeric-asnets/asnets/experiment-results/experiments_numeric.domain.tpp-experiments_numeric.architecture_2.tpp-2026-08-25T04:43:42.416701/P[domain,pfile1,pfile2,pfile4]-S[0.003,50,enhsp-hadd-gbfs]-MO[]-T[518400]-04911837-1247c09/snapshots/snapshot_40_1.000","20544482","20","20","COMPLETED","0:0","00:06:29","20","0","/home/hersco/training_new_domains/2026-08-24/completed_domains_stage1_10seed/20523010_Tr_tpp_tpp_orig_vh_c.1_s1073581256__CD4S1.txt","/home/hersco/training_new_domains/2026-08-25/completed_domains_stage1_policy_eval/20544482_Ev_tpp_tpp_orig_vh_c.1_s1073581256_CD4P_src20523010_e0040.txt","/home/hersco/training_new_domains/2026-08-25/completed_domains_stage1_policy_eval/20544482_Ev_tpp_tpp_orig_vh_c.1_s1073581256_CD4P_src20523010_e0040.txt","",""
"PRESERVE-4","tpp","on","stage1","validation_selected","1239739722","20523013","17","/home/hersco/bershco-nu-asnets/numeric-asnets/asnets/experiment-results/experiments_numeric.domain.tpp-experiments_numeric.architecture_2.tpp-2026-08-25T04:45:38.484370/P[domain,pfile1,pfile2,pfile4]-S[0.003,50,enhsp-hadd-gbfs]-MO[]-T[518400]-04911839-7d9a779/snapshots/snapshot_17_1.000","20541655","20","20","COMPLETED","0:0","00:06:43","20","0","/home/hersco/training_new_domains/2026-08-24/completed_domains_stage1_10seed/20523013_Tr_tpp_tpp_orig_vh_c.1_s1239739722__CD4S1.txt","/home/hersco/training_new_domains/2026-08-25/completed_domains_stage1_policy_eval/20541655_Ev_tpp_tpp_orig_vh_c.1_s1239739722_CD4P_src20523013_e0017.txt","/home/hersco/training_new_domains/2026-08-25/completed_domains_stage1_policy_eval/20541655_Ev_tpp_tpp_orig_vh_c.1_s1239739722_CD4P_src20523013_e0017.txt","",""
"PRESERVE-4","tpp","on","stage1","validation_selected","1472491096","20523017","2","/home/hersco/bershco-nu-asnets/numeric-asnets/asnets/experiment-results/experiments_numeric.domain.tpp-experiments_numeric.architecture_2.tpp-2026-08-25T04:45:04.741685/P[domain,pfile1,pfile2,pfile4]-S[0.003,50,enhsp-hadd-gbfs]-MO[]-T[518400]-04911839-43e0a7a/snapshots/snapshot_2_0.667","20541667","20","20","COMPLETED","0:0","00:07:07","20","0","/home/hersco/training_new_domains/2026-08-24/completed_domains_stage1_10seed/20523017_Tr_tpp_tpp_orig_vh_c.1_s1472491096__CD4S1.txt","/home/hersco/training_new_domains/2026-08-25/completed_domains_stage1_policy_eval/20541667_Ev_tpp_tpp_orig_vh_c.1_s1472491096_CD4P_src20523017_e0002.txt","/home/hersco/training_new_domains/2026-08-25/completed_domains_stage1_policy_eval/20541667_Ev_tpp_tpp_orig_vh_c.1_s1472491096_CD4P_src20523017_e0002.txt","",""
"PRESERVE-4","tpp","on","stage1","validation_selected","1510771779","20523026","12","/home/hersco/bershco-nu-asnets/numeric-asnets/asnets/experiment-results/experiments_numeric.domain.tpp-experiments_numeric.architecture_2.tpp-2026-08-25T04:54:58.757497/P[domain,pfile1,pfile2,pfile4]-S[0.003,50,enhsp-hadd-gbfs]-MO[]-T[518400]-04911849-17cc32a/snapshots/snapshot_12_1.000","20541706","20","20","COMPLETED","0:0","00:07:11","20","0","/home/hersco/training_new_domains/2026-08-24/completed_domains_stage1_10seed/20523026_Tr_tpp_tpp_orig_vh_c.1_s1510771779__CD4S1.txt","/home/hersco/training_new_domains/2026-08-25/completed_domains_stage1_policy_eval/20541706_Ev_tpp_tpp_orig_vh_c.1_s1510771779_CD4P_src20523026_e0012.txt","/home/hersco/training_new_domains/2026-08-25/completed_domains_stage1_policy_eval/20541706_Ev_tpp_tpp_orig_vh_c.1_s1510771779_CD4P_src20523026_e0012.txt","",""
"PRESERVE-4","tpp","on","stage1","validation_selected","1963100312","20523005","12","/home/hersco/bershco-nu-asnets/numeric-asnets/asnets/experiment-results/experiments_numeric.domain.tpp-experiments_numeric.architecture_2.tpp-2026-08-25T04:18:00.936166/P[domain,pfile1,pfile2,pfile4]-S[0.003,50,enhsp-hadd-gbfs]-MO[]-T[518400]-04911812-2fc32f3/snapshots/snapshot_12_0.667","20541522","20","20","COMPLETED","0:0","00:08:07","20","0","/home/hersco/training_new_domains/2026-08-24/completed_domains_stage1_10seed/20523005_Tr_tpp_tpp_orig_vh_c.1_s1963100312__CD4S1.txt","/home/hersco/training_new_domains/2026-08-25/completed_domains_stage1_policy_eval/20541522_Ev_tpp_tpp_orig_vh_c.1_s1963100312_CD4P_src20523005_e0012.txt","/home/hersco/training_new_domains/2026-08-25/completed_domains_stage1_policy_eval/20541522_Ev_tpp_tpp_orig_vh_c.1_s1963100312_CD4P_src20523005_e0012.txt","",""
"PRESERVE-4","tpp","on","stage1","validation_selected","1972442430","20523032","8","/home/hersco/bershco-nu-asnets/numeric-asnets/asnets/experiment-results/experiments_numeric.domain.tpp-experiments_numeric.architecture_2.tpp-2026-08-25T05:11:34.514537/P[domain,pfile1,pfile2,pfile4]-S[0.003,50,enhsp-hadd-gbfs]-MO[]-T[518400]-04911865-72aea46/snapshots/snapshot_8_1.000","20541731","20","20","COMPLETED","0:0","00:06:11","20","0","/home/hersco/training_new_domains/2026-08-24/completed_domains_stage1_10seed/20523032_Tr_tpp_tpp_orig_vh_c.1_s1972442430__CD4S1.txt","/home/hersco/training_new_domains/2026-08-25/completed_domains_stage1_policy_eval/20541731_Ev_tpp_tpp_orig_vh_c.1_s1972442430_CD4P_src20523032_e0008.txt","/home/hersco/training_new_domains/2026-08-25/completed_domains_stage1_policy_eval/20541731_Ev_tpp_tpp_orig_vh_c.1_s1972442430_CD4P_src20523032_e0008.txt","",""
"PRESERVE-4","tpp","on","stage1","validation_selected","2011206605","20523008","1","/home/hersco/bershco-nu-asnets/numeric-asnets/asnets/experiment-results/experiments_numeric.domain.tpp-experiments_numeric.architecture_2.tpp-2026-08-25T04:32:31.342171/P[domain,pfile1,pfile2,pfile4]-S[0.003,50,enhsp-hadd-gbfs]-MO[]-T[518400]-04911826-067843/snapshots/snapshot_1_0.000","20541640","20","20","COMPLETED","0:0","00:05:48","20","0","/home/hersco/training_new_domains/2026-08-24/completed_domains_stage1_10seed/20523008_Tr_tpp_tpp_orig_vh_c.1_s2011206605__CD4S1.txt","/home/hersco/training_new_domains/2026-08-25/completed_domains_stage1_policy_eval/20541640_Ev_tpp_tpp_orig_vh_c.1_s2011206605_CD4P_src20523008_e0001.txt","/home/hersco/training_new_domains/2026-08-25/completed_domains_stage1_policy_eval/20541640_Ev_tpp_tpp_orig_vh_c.1_s2011206605_CD4P_src20523008_e0001.txt","",""
"PRESERVE-4","tpp","on","stage1","validation_selected","2082152039","20523023","9","/home/hersco/bershco-nu-asnets/numeric-asnets/asnets/experiment-results/experiments_numeric.domain.tpp-experiments_numeric.architecture_2.tpp-2026-08-25T04:52:43.460075/P[domain,pfile1,pfile2,pfile4]-S[0.003,50,enhsp-hadd-gbfs]-MO[]-T[518400]-04911846-faf7d6/snapshots/snapshot_9_0.667","20541692","20","20","COMPLETED","0:0","00:06:53","20","0","/home/hersco/training_new_domains/2026-08-24/completed_domains_stage1_10seed/20523023_Tr_tpp_tpp_orig_vh_c.1_s2082152039__CD4S1.txt","/home/hersco/training_new_domains/2026-08-25/completed_domains_stage1_policy_eval/20541692_Ev_tpp_tpp_orig_vh_c.1_s2082152039_CD4P_src20523023_e0009.txt","/home/hersco/training_new_domains/2026-08-25/completed_domains_stage1_policy_eval/20541692_Ev_tpp_tpp_orig_vh_c.1_s2082152039_CD4P_src20523023_e0009.txt","",""
"PRESERVE-4","zenotravel","off","stage1","final","534933607","20523092","58","/home/hersco/bershco-nu-asnets/numeric-asnets/asnets/experiment-results/experiments_numeric.domain.zenotravel-experiments_numeric.architecture_2.zenotravel-2026-08-25T10:01:19.601151/P[domain,pfile1,pfile2,pfile3,pfile4,pfile5,pfile6]-S[0.003,50,enhsp-hadd-gbfs]-MO[]-T[518400]-04912155-3c74d66/snapshots/snapshot_58_0.500","20546268","20","20","COMPLETED","0:0","00:11:29","20","0","/home/hersco/training_new_domains/2026-08-24/completed_domains_stage1_10seed/20523092_Tr_zenotravel_zenotravel_orig_novh_c.1_s534933607__CD4S1.txt","/home/hersco/training_new_domains/2026-08-25/completed_domains_stage1_policy_eval/20546268_Ev_zenotravel_zenotravel_orig_novh_c.1_s534933607_CD4P_src20523092_e0058.txt","/home/hersco/training_new_domains/2026-08-25/completed_domains_stage1_policy_eval/20546268_Ev_zenotravel_zenotravel_orig_novh_c.1_s534933607_CD4P_src20523092_e0058.txt","",""
"PRESERVE-4","zenotravel","off","stage1","final","923500475","20523095","82","/home/hersco/bershco-nu-asnets/numeric-asnets/asnets/experiment-results/experiments_numeric.domain.zenotravel-experiments_numeric.architecture_2.zenotravel-2026-08-25T10:11:59.572840/P[domain,pfile1,pfile2,pfile3,pfile4,pfile5,pfile6]-S[0.003,50,enhsp-hadd-gbfs]-MO[]-T[518400]-04912166-5194f74/snapshots/snapshot_82_0.500","20553673","20","20","COMPLETED","0:0","00:10:49","20","0","/home/hersco/training_new_domains/2026-08-24/completed_domains_stage1_10seed/20523095_Tr_zenotravel_zenotravel_orig_novh_c.1_s923500475__CD4S1.txt","/home/hersco/training_new_domains/2026-08-25/completed_domains_stage1_policy_eval/20553673_Ev_zenotravel_zenotravel_orig_novh_c.1_s923500475_CD4P_src20523095_e0082.txt","/home/hersco/training_new_domains/2026-08-25/completed_domains_stage1_policy_eval/20553673_Ev_zenotravel_zenotravel_orig_novh_c.1_s923500475_CD4P_src20523095_e0082.txt","",""
"PRESERVE-4","zenotravel","off","stage1","final","1073581256","20523089","164","/home/hersco/bershco-nu-asnets/numeric-asnets/asnets/experiment-results/experiments_numeric.domain.zenotravel-experiments_numeric.architecture_2.zenotravel-2026-08-25T09:48:56.884403/P[domain,pfile1,pfile2,pfile3,pfile4,pfile5,pfile6]-S[0.003,50,enhsp-hadd-gbfs]-MO[]-T[518400]-04912143-1247c09/snapshots/snapshot_164_0.500","20559394","20","20","COMPLETED","0:0","00:10:36","20","0","/home/hersco/training_new_domains/2026-08-24/completed_domains_stage1_10seed/20523089_Tr_zenotravel_zenotravel_orig_novh_c.1_s1073581256__CD4S1.txt","/home/hersco/training_new_domains/2026-08-25/completed_domains_stage1_policy_eval/20559394_Ev_zenotravel_zenotravel_orig_novh_c.1_s1073581256_CD4P_src20523089_e0164.txt","/home/hersco/training_new_domains/2026-08-25/completed_domains_stage1_policy_eval/20559394_Ev_zenotravel_zenotravel_orig_novh_c.1_s1073581256_CD4P_src20523089_e0164.txt","",""
"PRESERVE-4","zenotravel","off","stage1","final","1239739722","20523090","84","/home/hersco/bershco-nu-asnets/numeric-asnets/asnets/experiment-results/experiments_numeric.domain.zenotravel-experiments_numeric.architecture_2.zenotravel-2026-08-25T09:48:56.884404/P[domain,pfile1,pfile2,pfile3,pfile4,pfile5,pfile6]-S[0.003,50,enhsp-hadd-gbfs]-MO[]-T[518400]-04912143-7d9a779/snapshots/snapshot_84_0.500","20546224","20","20","COMPLETED","0:0","00:14:57","20","0","/home/hersco/training_new_domains/2026-08-24/completed_domains_stage1_10seed/20523090_Tr_zenotravel_zenotravel_orig_novh_c.1_s1239739722__CD4S1.txt","/home/hersco/training_new_domains/2026-08-25/completed_domains_stage1_policy_eval/20546224_Ev_zenotravel_zenotravel_orig_novh_c.1_s1239739722_CD4P_src20523090_e0084.txt","/home/hersco/training_new_domains/2026-08-25/completed_domains_stage1_policy_eval/20546224_Ev_zenotravel_zenotravel_orig_novh_c.1_s1239739722_CD4P_src20523090_e0084.txt","",""
"PRESERVE-4","zenotravel","off","stage1","final","1472491096","20523091","55","/home/hersco/bershco-nu-asnets/numeric-asnets/asnets/experiment-results/experiments_numeric.domain.zenotravel-experiments_numeric.architecture_2.zenotravel-2026-08-25T09:51:14.154764/P[domain,pfile1,pfile2,pfile3,pfile4,pfile5,pfile6]-S[0.003,50,enhsp-hadd-gbfs]-MO[]-T[518400]-04912145-43e0a7a/snapshots/snapshot_55_0.500","20546246","20","20","COMPLETED","0:0","00:14:31","20","0","/home/hersco/training_new_domains/2026-08-24/completed_domains_stage1_10seed/20523091_Tr_zenotravel_zenotravel_orig_novh_c.1_s1472491096__CD4S1.txt","/home/hersco/training_new_domains/2026-08-25/completed_domains_stage1_policy_eval/20546246_Ev_zenotravel_zenotravel_orig_novh_c.1_s1472491096_CD4P_src20523091_e0055.txt","/home/hersco/training_new_domains/2026-08-25/completed_domains_stage1_policy_eval/20546246_Ev_zenotravel_zenotravel_orig_novh_c.1_s1472491096_CD4P_src20523091_e0055.txt","",""
"PRESERVE-4","zenotravel","off","stage1","final","1510771779","20523094","92","/home/hersco/bershco-nu-asnets/numeric-asnets/asnets/experiment-results/experiments_numeric.domain.zenotravel-experiments_numeric.architecture_2.zenotravel-2026-08-25T10:09:56.848744/P[domain,pfile1,pfile2,pfile3,pfile4,pfile5,pfile6]-S[0.003,50,enhsp-hadd-gbfs]-MO[]-T[518400]-04912164-17cc32a/snapshots/snapshot_92_0.500","20553653","20","20","COMPLETED","0:0","00:11:44","20","0","/home/hersco/training_new_domains/2026-08-24/completed_domains_stage1_10seed/20523094_Tr_zenotravel_zenotravel_orig_novh_c.1_s1510771779__CD4S1.txt","/home/hersco/training_new_domains/2026-08-25/completed_domains_stage1_policy_eval/20553653_Ev_zenotravel_zenotravel_orig_novh_c.1_s1510771779_CD4P_src20523094_e0092.txt","/home/hersco/training_new_domains/2026-08-25/completed_domains_stage1_policy_eval/20553653_Ev_zenotravel_zenotravel_orig_novh_c.1_s1510771779_CD4P_src20523094_e0092.txt","",""
"PRESERVE-4","zenotravel","off","stage1","final","1963100312","20523086","58","/home/hersco/bershco-nu-asnets/numeric-asnets/asnets/experiment-results/experiments_numeric.domain.zenotravel-experiments_numeric.architecture_2.zenotravel-2026-08-25T09:26:54.514271/P[domain,pfile1,pfile2,pfile3,pfile4,pfile5,pfile6]-S[0.003,50,enhsp-hadd-gbfs]-MO[]-T[518400]-04912120-2fc32f3/snapshots/snapshot_58_0.500","20545017","20","20","COMPLETED","0:0","00:11:33","20","0","/home/hersco/training_new_domains/2026-08-24/completed_domains_stage1_10seed/20523086_Tr_zenotravel_zenotravel_orig_novh_c.1_s1963100312__CD4S1.txt","/home/hersco/training_new_domains/2026-08-25/completed_domains_stage1_policy_eval/20545017_Ev_zenotravel_zenotravel_orig_novh_c.1_s1963100312_CD4P_src20523086_e0058.txt","/home/hersco/training_new_domains/2026-08-25/completed_domains_stage1_policy_eval/20545017_Ev_zenotravel_zenotravel_orig_novh_c.1_s1963100312_CD4P_src20523086_e0058.txt","",""
"PRESERVE-4","zenotravel","off","stage1","final","1972442430","20523096","93","/home/hersco/bershco-nu-asnets/numeric-asnets/asnets/experiment-results/experiments_numeric.domain.zenotravel-experiments_numeric.architecture_2.zenotravel-2026-08-25T10:13:38.207105/P[domain,pfile1,pfile2,pfile3,pfile4,pfile5,pfile6]-S[0.003,50,enhsp-hadd-gbfs]-MO[]-T[518400]-04912167-72aea46/snapshots/snapshot_93_0.500","20553694","20","20","COMPLETED","0:0","00:10:02","20","0","/home/hersco/training_new_domains/2026-08-24/completed_domains_stage1_10seed/20523096_Tr_zenotravel_zenotravel_orig_novh_c.1_s1972442430__CD4S1.txt","/home/hersco/training_new_domains/2026-08-25/completed_domains_stage1_policy_eval/20553694_Ev_zenotravel_zenotravel_orig_novh_c.1_s1972442430_CD4P_src20523096_e0093.txt","/home/hersco/training_new_domains/2026-08-25/completed_domains_stage1_policy_eval/20553694_Ev_zenotravel_zenotravel_orig_novh_c.1_s1972442430_CD4P_src20523096_e0093.txt","",""
"PRESERVE-4","zenotravel","off","stage1","final","2011206605","20523088","60","/home/hersco/bershco-nu-asnets/numeric-asnets/asnets/experiment-results/experiments_numeric.domain.zenotravel-experiments_numeric.architecture_2.zenotravel-2026-08-25T09:42:52.195316/P[domain,pfile1,pfile2,pfile3,pfile4,pfile5,pfile6]-S[0.003,50,enhsp-hadd-gbfs]-MO[]-T[518400]-04912136-067843/snapshots/snapshot_60_0.500","20546192","20","20","COMPLETED","0:0","00:13:00","20","0","/home/hersco/training_new_domains/2026-08-24/completed_domains_stage1_10seed/20523088_Tr_zenotravel_zenotravel_orig_novh_c.1_s2011206605__CD4S1.txt","/home/hersco/training_new_domains/2026-08-25/completed_domains_stage1_policy_eval/20546192_Ev_zenotravel_zenotravel_orig_novh_c.1_s2011206605_CD4P_src20523088_e0060.txt","/home/hersco/training_new_domains/2026-08-25/completed_domains_stage1_policy_eval/20546192_Ev_zenotravel_zenotravel_orig_novh_c.1_s2011206605_CD4P_src20523088_e0060.txt","",""
"PRESERVE-4","zenotravel","off","stage1","final","2082152039","20523093","57","/home/hersco/bershco-nu-asnets/numeric-asnets/asnets/experiment-results/experiments_numeric.domain.zenotravel-experiments_numeric.architecture_2.zenotravel-2026-08-25T10:03:50.744304/P[domain,pfile1,pfile2,pfile3,pfile4,pfile5,pfile6]-S[0.003,50,enhsp-hadd-gbfs]-MO[]-T[518400]-04912157-faf7d6/snapshots/snapshot_57_0.500","20546344","20","20","COMPLETED","0:0","00:08:45","20","0","/home/hersco/training_new_domains/2026-08-24/completed_domains_stage1_10seed/20523093_Tr_zenotravel_zenotravel_orig_novh_c.1_s2082152039__CD4S1.txt","/home/hersco/training_new_domains/2026-08-25/completed_domains_stage1_policy_eval/20546344_Ev_zenotravel_zenotravel_orig_novh_c.1_s2082152039_CD4P_src20523093_e0057.txt","/home/hersco/training_new_domains/2026-08-25/completed_domains_stage1_policy_eval/20546344_Ev_zenotravel_zenotravel_orig_novh_c.1_s2082152039_CD4P_src20523093_e0057.txt","",""
"PRESERVE-4","zenotravel","off","stage1","validation_selected","534933607","20523092","8","/home/hersco/bershco-nu-asnets/numeric-asnets/asnets/experiment-results/experiments_numeric.domain.zenotravel-experiments_numeric.architecture_2.zenotravel-2026-08-25T10:01:19.601151/P[domain,pfile1,pfile2,pfile3,pfile4,pfile5,pfile6]-S[0.003,50,enhsp-hadd-gbfs]-MO[]-T[518400]-04912155-3c74d66/snapshots/snapshot_8_0.500","20546270","20","20","COMPLETED","0:0","00:09:31","20","0","/home/hersco/training_new_domains/2026-08-24/completed_domains_stage1_10seed/20523092_Tr_zenotravel_zenotravel_orig_novh_c.1_s534933607__CD4S1.txt","/home/hersco/training_new_domains/2026-08-25/completed_domains_stage1_policy_eval/20546270_Ev_zenotravel_zenotravel_orig_novh_c.1_s534933607_CD4P_src20523092_e0008.txt","/home/hersco/training_new_domains/2026-08-25/completed_domains_stage1_policy_eval/20546270_Ev_zenotravel_zenotravel_orig_novh_c.1_s534933607_CD4P_src20523092_e0008.txt","",""
"PRESERVE-4","zenotravel","off","stage1","validation_selected","923500475","20523095","32","/home/hersco/bershco-nu-asnets/numeric-asnets/asnets/experiment-results/experiments_numeric.domain.zenotravel-experiments_numeric.architecture_2.zenotravel-2026-08-25T10:11:59.572840/P[domain,pfile1,pfile2,pfile3,pfile4,pfile5,pfile6]-S[0.003,50,enhsp-hadd-gbfs]-MO[]-T[518400]-04912166-5194f74/snapshots/snapshot_32_0.500","20553674","20","20","COMPLETED","0:0","00:10:43","20","0","/home/hersco/training_new_domains/2026-08-24/completed_domains_stage1_10seed/20523095_Tr_zenotravel_zenotravel_orig_novh_c.1_s923500475__CD4S1.txt","/home/hersco/training_new_domains/2026-08-25/completed_domains_stage1_policy_eval/20553674_Ev_zenotravel_zenotravel_orig_novh_c.1_s923500475_CD4P_src20523095_e0032.txt","/home/hersco/training_new_domains/2026-08-25/completed_domains_stage1_policy_eval/20553674_Ev_zenotravel_zenotravel_orig_novh_c.1_s923500475_CD4P_src20523095_e0032.txt","",""
"PRESERVE-4","zenotravel","off","stage1","validation_selected","1073581256","20523089","114","/home/hersco/bershco-nu-asnets/numeric-asnets/asnets/experiment-results/experiments_numeric.domain.zenotravel-experiments_numeric.architecture_2.zenotravel-2026-08-25T09:48:56.884403/P[domain,pfile1,pfile2,pfile3,pfile4,pfile5,pfile6]-S[0.003,50,enhsp-hadd-gbfs]-MO[]-T[518400]-04912143-1247c09/snapshots/snapshot_114_0.500","20559395","20","20","COMPLETED","0:0","00:18:44","20","0","/home/hersco/training_new_domains/2026-08-24/completed_domains_stage1_10seed/20523089_Tr_zenotravel_zenotravel_orig_novh_c.1_s1073581256__CD4S1.txt","/home/hersco/training_new_domains/2026-08-25/completed_domains_stage1_policy_eval/20559395_Ev_zenotravel_zenotravel_orig_novh_c.1_s1073581256_CD4P_src20523089_e0114.txt","/home/hersco/training_new_domains/2026-08-25/completed_domains_stage1_policy_eval/20559395_Ev_zenotravel_zenotravel_orig_novh_c.1_s1073581256_CD4P_src20523089_e0114.txt","",""
"PRESERVE-4","zenotravel","off","stage1","validation_selected","1239739722","20523090","34","/home/hersco/bershco-nu-asnets/numeric-asnets/asnets/experiment-results/experiments_numeric.domain.zenotravel-experiments_numeric.architecture_2.zenotravel-2026-08-25T09:48:56.884404/P[domain,pfile1,pfile2,pfile3,pfile4,pfile5,pfile6]-S[0.003,50,enhsp-hadd-gbfs]-MO[]-T[518400]-04912143-7d9a779/snapshots/snapshot_34_0.500","20546226","20","20","COMPLETED","0:0","00:09:51","20","0","/home/hersco/training_new_domains/2026-08-24/completed_domains_stage1_10seed/20523090_Tr_zenotravel_zenotravel_orig_novh_c.1_s1239739722__CD4S1.txt","/home/hersco/training_new_domains/2026-08-25/completed_domains_stage1_policy_eval/20546226_Ev_zenotravel_zenotravel_orig_novh_c.1_s1239739722_CD4P_src20523090_e0034.txt","/home/hersco/training_new_domains/2026-08-25/completed_domains_stage1_policy_eval/20546226_Ev_zenotravel_zenotravel_orig_novh_c.1_s1239739722_CD4P_src20523090_e0034.txt","",""
"PRESERVE-4","zenotravel","off","stage1","validation_selected","1472491096","20523091","5","/home/hersco/bershco-nu-asnets/numeric-asnets/asnets/experiment-results/experiments_numeric.domain.zenotravel-experiments_numeric.architecture_2.zenotravel-2026-08-25T09:51:14.154764/P[domain,pfile1,pfile2,pfile3,pfile4,pfile5,pfile6]-S[0.003,50,enhsp-hadd-gbfs]-MO[]-T[518400]-04912145-43e0a7a/snapshots/snapshot_5_0.500","20546228","20","20","COMPLETED","0:0","00:17:19","20","0","/home/hersco/training_new_domains/2026-08-24/completed_domains_stage1_10seed/20523091_Tr_zenotravel_zenotravel_orig_novh_c.1_s1472491096__CD4S1.txt","/home/hersco/training_new_domains/2026-08-25/completed_domains_stage1_policy_eval/20546228_Ev_zenotravel_zenotravel_orig_novh_c.1_s1472491096_CD4P_src20523091_e0005.txt","/home/hersco/training_new_domains/2026-08-25/completed_domains_stage1_policy_eval/20546228_Ev_zenotravel_zenotravel_orig_novh_c.1_s1472491096_CD4P_src20523091_e0005.txt","",""
"PRESERVE-4","zenotravel","off","stage1","validation_selected","1510771779","20523094","42","/home/hersco/bershco-nu-asnets/numeric-asnets/asnets/experiment-results/experiments_numeric.domain.zenotravel-experiments_numeric.architecture_2.zenotravel-2026-08-25T10:09:56.848744/P[domain,pfile1,pfile2,pfile3,pfile4,pfile5,pfile6]-S[0.003,50,enhsp-hadd-gbfs]-MO[]-T[518400]-04912164-17cc32a/snapshots/snapshot_42_0.500","20553654","20","20","COMPLETED","0:0","00:16:17","20","0","/home/hersco/training_new_domains/2026-08-24/completed_domains_stage1_10seed/20523094_Tr_zenotravel_zenotravel_orig_novh_c.1_s1510771779__CD4S1.txt","/home/hersco/training_new_domains/2026-08-25/completed_domains_stage1_policy_eval/20553654_Ev_zenotravel_zenotravel_orig_novh_c.1_s1510771779_CD4P_src20523094_e0042.txt","/home/hersco/training_new_domains/2026-08-25/completed_domains_stage1_policy_eval/20553654_Ev_zenotravel_zenotravel_orig_novh_c.1_s1510771779_CD4P_src20523094_e0042.txt","",""
"PRESERVE-4","zenotravel","off","stage1","validation_selected","1963100312","20523086","8","/home/hersco/bershco-nu-asnets/numeric-asnets/asnets/experiment-results/experiments_numeric.domain.zenotravel-experiments_numeric.architecture_2.zenotravel-2026-08-25T09:26:54.514271/P[domain,pfile1,pfile2,pfile3,pfile4,pfile5,pfile6]-S[0.003,50,enhsp-hadd-gbfs]-MO[]-T[518400]-04912120-2fc32f3/snapshots/snapshot_8_0.500","20545018","20","20","COMPLETED","0:0","00:16:17","20","0","/home/hersco/training_new_domains/2026-08-24/completed_domains_stage1_10seed/20523086_Tr_zenotravel_zenotravel_orig_novh_c.1_s1963100312__CD4S1.txt","/home/hersco/training_new_domains/2026-08-25/completed_domains_stage1_policy_eval/20545018_Ev_zenotravel_zenotravel_orig_novh_c.1_s1963100312_CD4P_src20523086_e0008.txt","/home/hersco/training_new_domains/2026-08-25/completed_domains_stage1_policy_eval/20545018_Ev_zenotravel_zenotravel_orig_novh_c.1_s1963100312_CD4P_src20523086_e0008.txt","",""
"PRESERVE-4","zenotravel","off","stage1","validation_selected","1972442430","20523096","43","/home/hersco/bershco-nu-asnets/numeric-asnets/asnets/experiment-results/experiments_numeric.domain.zenotravel-experiments_numeric.architecture_2.zenotravel-2026-08-25T10:13:38.207105/P[domain,pfile1,pfile2,pfile3,pfile4,pfile5,pfile6]-S[0.003,50,enhsp-hadd-gbfs]-MO[]-T[518400]-04912167-72aea46/snapshots/snapshot_43_0.500","20553695","20","20","COMPLETED","0:0","00:08:56","20","0","/home/hersco/training_new_domains/2026-08-24/completed_domains_stage1_10seed/20523096_Tr_zenotravel_zenotravel_orig_novh_c.1_s1972442430__CD4S1.txt","/home/hersco/training_new_domains/2026-08-25/completed_domains_stage1_policy_eval/20553695_Ev_zenotravel_zenotravel_orig_novh_c.1_s1972442430_CD4P_src20523096_e0043.txt","/home/hersco/training_new_domains/2026-08-25/completed_domains_stage1_policy_eval/20553695_Ev_zenotravel_zenotravel_orig_novh_c.1_s1972442430_CD4P_src20523096_e0043.txt","",""
"PRESERVE-4","zenotravel","off","stage1","validation_selected","2011206605","20523088","10","/home/hersco/bershco-nu-asnets/numeric-asnets/asnets/experiment-results/experiments_numeric.domain.zenotravel-experiments_numeric.architecture_2.zenotravel-2026-08-25T09:42:52.195316/P[domain,pfile1,pfile2,pfile3,pfile4,pfile5,pfile6]-S[0.003,50,enhsp-hadd-gbfs]-MO[]-T[518400]-04912136-067843/snapshots/snapshot_10_0.500","20546179","20","20","COMPLETED","0:0","00:08:59","20","0","/home/hersco/training_new_domains/2026-08-24/completed_domains_stage1_10seed/20523088_Tr_zenotravel_zenotravel_orig_novh_c.1_s2011206605__CD4S1.txt","/home/hersco/training_new_domains/2026-08-25/completed_domains_stage1_policy_eval/20546179_Ev_zenotravel_zenotravel_orig_novh_c.1_s2011206605_CD4P_src20523088_e0010.txt","/home/hersco/training_new_domains/2026-08-25/completed_domains_stage1_policy_eval/20546179_Ev_zenotravel_zenotravel_orig_novh_c.1_s2011206605_CD4P_src20523088_e0010.txt","",""
"PRESERVE-4","zenotravel","off","stage1","validation_selected","2082152039","20523093","7","/home/hersco/bershco-nu-asnets/numeric-asnets/asnets/experiment-results/experiments_numeric.domain.zenotravel-experiments_numeric.architecture_2.zenotravel-2026-08-25T10:03:50.744304/P[domain,pfile1,pfile2,pfile3,pfile4,pfile5,pfile6]-S[0.003,50,enhsp-hadd-gbfs]-MO[]-T[518400]-04912157-faf7d6/snapshots/snapshot_7_0.500","20546345","20","20","COMPLETED","0:0","00:10:01","20","0","/home/hersco/training_new_domains/2026-08-24/completed_domains_stage1_10seed/20523093_Tr_zenotravel_zenotravel_orig_novh_c.1_s2082152039__CD4S1.txt","/home/hersco/training_new_domains/2026-08-25/completed_domains_stage1_policy_eval/20546345_Ev_zenotravel_zenotravel_orig_novh_c.1_s2082152039_CD4P_src20523093_e0007.txt","/home/hersco/training_new_domains/2026-08-25/completed_domains_stage1_policy_eval/20546345_Ev_zenotravel_zenotravel_orig_novh_c.1_s2082152039_CD4P_src20523093_e0007.txt","",""
"PRESERVE-4","zenotravel","on","stage1","final","534933607","20523080","54","/home/hersco/bershco-nu-asnets/numeric-asnets/asnets/experiment-results/experiments_numeric.domain.zenotravel-experiments_numeric.architecture_2.zenotravel-2026-08-25T08:13:48.892928/P[domain,pfile1,pfile2,pfile3,pfile4,pfile5,pfile6]-S[0.003,50,enhsp-hadd-gbfs]-MO[]-T[518400]-04912047-3c74d66/snapshots/snapshot_54_0.500","20544807","20","20","COMPLETED","0:0","00:10:42","20","0","/home/hersco/training_new_domains/2026-08-24/completed_domains_stage1_10seed/20523080_Tr_zenotravel_zenotravel_orig_vh_c.1_s534933607__CD4S1.txt","/home/hersco/training_new_domains/2026-08-25/completed_domains_stage1_policy_eval/20544807_Ev_zenotravel_zenotravel_orig_vh_c.1_s534933607_CD4P_src20523080_e0054.txt","/home/hersco/training_new_domains/2026-08-25/completed_domains_stage1_policy_eval/20544807_Ev_zenotravel_zenotravel_orig_vh_c.1_s534933607_CD4P_src20523080_e0054.txt","",""
"PRESERVE-4","zenotravel","on","stage1","final","923500475","20523084","57","/home/hersco/bershco-nu-asnets/numeric-asnets/asnets/experiment-results/experiments_numeric.domain.zenotravel-experiments_numeric.architecture_2.zenotravel-2026-08-25T09:23:08.132742/P[domain,pfile1,pfile2,pfile3,pfile4,pfile5,pfile6]-S[0.003,50,enhsp-hadd-gbfs]-MO[]-T[518400]-04912117-5194f74/snapshots/snapshot_57_0.500","20546163","20","20","COMPLETED","0:0","00:17:19","20","0","/home/hersco/training_new_domains/2026-08-24/completed_domains_stage1_10seed/20523084_Tr_zenotravel_zenotravel_orig_vh_c.1_s923500475__CD4S1.txt","/home/hersco/training_new_domains/2026-08-25/completed_domains_stage1_policy_eval/20546163_Ev_zenotravel_zenotravel_orig_vh_c.1_s923500475_CD4P_src20523084_e0057.txt","/home/hersco/training_new_domains/2026-08-25/completed_domains_stage1_policy_eval/20546163_Ev_zenotravel_zenotravel_orig_vh_c.1_s923500475_CD4P_src20523084_e0057.txt","",""
"PRESERVE-4","zenotravel","on","stage1","final","1073581256","20523072","91","/home/hersco/bershco-nu-asnets/numeric-asnets/asnets/experiment-results/experiments_numeric.domain.zenotravel-experiments_numeric.architecture_2.zenotravel-2026-08-25T07:30:31.749127/P[domain,pfile1,pfile2,pfile3,pfile4,pfile5,pfile6]-S[0.003,50,enhsp-hadd-gbfs]-MO[]-T[518400]-04912004-1247c09/snapshots/snapshot_91_0.500","20553546","20","20","COMPLETED","0:0","00:10:01","20","0","/home/hersco/training_new_domains/2026-08-24/completed_domains_stage1_10seed/20523072_Tr_zenotravel_zenotravel_orig_vh_c.1_s1073581256__CD4S1.txt","/home/hersco/training_new_domains/2026-08-25/completed_domains_stage1_policy_eval/20553546_Ev_zenotravel_zenotravel_orig_vh_c.1_s1073581256_CD4P_src20523072_e0091.txt","/home/hersco/training_new_domains/2026-08-25/completed_domains_stage1_policy_eval/20553546_Ev_zenotravel_zenotravel_orig_vh_c.1_s1073581256_CD4P_src20523072_e0091.txt","",""
"PRESERVE-4","zenotravel","on","stage1","final","1239739722","20523074","57","/home/hersco/bershco-nu-asnets/numeric-asnets/asnets/experiment-results/experiments_numeric.domain.zenotravel-experiments_numeric.architecture_2.zenotravel-2026-08-25T07:44:03.276017/P[domain,pfile1,pfile2,pfile3,pfile4,pfile5,pfile6]-S[0.003,50,enhsp-hadd-gbfs]-MO[]-T[518400]-04912018-7d9a779/snapshots/snapshot_57_0.500","20546098","20","20","COMPLETED","0:0","00:15:17","20","0","/home/hersco/training_new_domains/2026-08-24/completed_domains_stage1_10seed/20523074_Tr_zenotravel_zenotravel_orig_vh_c.1_s1239739722__CD4S1.txt","/home/hersco/training_new_domains/2026-08-25/completed_domains_stage1_policy_eval/20546098_Ev_zenotravel_zenotravel_orig_vh_c.1_s1239739722_CD4P_src20523074_e0057.txt","/home/hersco/training_new_domains/2026-08-25/completed_domains_stage1_policy_eval/20546098_Ev_zenotravel_zenotravel_orig_vh_c.1_s1239739722_CD4P_src20523074_e0057.txt","",""
"PRESERVE-4","zenotravel","on","stage1","final","1472491096","20523077","110","/home/hersco/bershco-nu-asnets/numeric-asnets/asnets/experiment-results/experiments_numeric.domain.zenotravel-experiments_numeric.architecture_2.zenotravel-2026-08-25T08:08:17.748467/P[domain,pfile1,pfile2,pfile3,pfile4,pfile5,pfile6]-S[0.003,50,enhsp-hadd-gbfs]-MO[]-T[518400]-04912042-43e0a7a/snapshots/snapshot_110_0.500","20553570","20","20","COMPLETED","0:0","00:10:57","20","0","/home/hersco/training_new_domains/2026-08-24/completed_domains_stage1_10seed/20523077_Tr_zenotravel_zenotravel_orig_vh_c.1_s1472491096__CD4S1.txt","/home/hersco/training_new_domains/2026-08-25/completed_domains_stage1_policy_eval/20553570_Ev_zenotravel_zenotravel_orig_vh_c.1_s1472491096_CD4P_src20523077_e0110.txt","/home/hersco/training_new_domains/2026-08-25/completed_domains_stage1_policy_eval/20553570_Ev_zenotravel_zenotravel_orig_vh_c.1_s1472491096_CD4P_src20523077_e0110.txt","",""
"PRESERVE-4","zenotravel","on","stage1","final","1510771779","20523083","55","/home/hersco/bershco-nu-asnets/numeric-asnets/asnets/experiment-results/experiments_numeric.domain.zenotravel-experiments_numeric.architecture_2.zenotravel-2026-08-25T09:20:20.149184/P[domain,pfile1,pfile2,pfile3,pfile4,pfile5,pfile6]-S[0.003,50,enhsp-hadd-gbfs]-MO[]-T[518400]-04912114-17cc32a/snapshots/snapshot_55_0.500","20546151","19","20","COMPLETED","0:0","00:52:25","19","0","/home/hersco/training_new_domains/2026-08-24/completed_domains_stage1_10seed/20523083_Tr_zenotravel_zenotravel_orig_vh_c.1_s1510771779__CD4S1.txt","/home/hersco/training_new_domains/2026-08-25/completed_domains_stage1_policy_eval/20546151_Ev_zenotravel_zenotravel_orig_vh_c.1_s1510771779_CD4P_src20523083_e0055.txt","/home/hersco/training_new_domains/2026-08-25/completed_domains_stage1_policy_eval/20546151_Ev_zenotravel_zenotravel_orig_vh_c.1_s1510771779_CD4P_src20523083_e0055.txt","",""
"PRESERVE-4","zenotravel","on","stage1","final","1963100312","20523066","54","/home/hersco/bershco-nu-asnets/numeric-asnets/asnets/experiment-results/experiments_numeric.domain.zenotravel-experiments_numeric.architecture_2.zenotravel-2026-08-25T07:18:54.934962/P[domain,pfile1,pfile2,pfile3,pfile4,pfile5,pfile6]-S[0.003,50,enhsp-hadd-gbfs]-MO[]-T[518400]-04911993-2fc32f3/snapshots/snapshot_54_0.500","20544587","20","20","COMPLETED","0:0","00:12:27","20","0","/home/hersco/training_new_domains/2026-08-24/completed_domains_stage1_10seed/20523066_Tr_zenotravel_zenotravel_orig_vh_c.1_s1963100312__CD4S1.txt","/home/hersco/training_new_domains/2026-08-25/completed_domains_stage1_policy_eval/20544587_Ev_zenotravel_zenotravel_orig_vh_c.1_s1963100312_CD4P_src20523066_e0054.txt","/home/hersco/training_new_domains/2026-08-25/completed_domains_stage1_policy_eval/20544587_Ev_zenotravel_zenotravel_orig_vh_c.1_s1963100312_CD4P_src20523066_e0054.txt","",""
"PRESERVE-4","zenotravel","on","stage1","final","1972442430","20523085","57","/home/hersco/bershco-nu-asnets/numeric-asnets/asnets/experiment-results/experiments_numeric.domain.zenotravel-experiments_numeric.architecture_2.zenotravel-2026-08-25T09:22:51.141989/P[domain,pfile1,pfile2,pfile3,pfile4,pfile5,pfile6]-S[0.003,50,enhsp-hadd-gbfs]-MO[]-T[518400]-04912116-72aea46/snapshots/snapshot_57_0.500","20546176","20","20","COMPLETED","0:0","00:15:05","20","0","/home/hersco/training_new_domains/2026-08-24/completed_domains_stage1_10seed/20523085_Tr_zenotravel_zenotravel_orig_vh_c.1_s1972442430__CD4S1.txt","/home/hersco/training_new_domains/2026-08-25/completed_domains_stage1_policy_eval/20546176_Ev_zenotravel_zenotravel_orig_vh_c.1_s1972442430_CD4P_src20523085_e0057.txt","/home/hersco/training_new_domains/2026-08-25/completed_domains_stage1_policy_eval/20546176_Ev_zenotravel_zenotravel_orig_vh_c.1_s1972442430_CD4P_src20523085_e0057.txt","",""
"PRESERVE-4","zenotravel","on","stage1","final","2011206605","20523069","59","/home/hersco/bershco-nu-asnets/numeric-asnets/asnets/experiment-results/experiments_numeric.domain.zenotravel-experiments_numeric.architecture_2.zenotravel-2026-08-25T07:25:17.150315/P[domain,pfile1,pfile2,pfile3,pfile4,pfile5,pfile6]-S[0.003,50,enhsp-hadd-gbfs]-MO[]-T[518400]-04911999-067843/snapshots/snapshot_59_0.500","20544763","19","20","COMPLETED","0:0","00:56:23","19","0","/home/hersco/training_new_domains/2026-08-24/completed_domains_stage1_10seed/20523069_Tr_zenotravel_zenotravel_orig_vh_c.1_s2011206605__CD4S1.txt","/home/hersco/training_new_domains/2026-08-25/completed_domains_stage1_policy_eval/20544763_Ev_zenotravel_zenotravel_orig_vh_c.1_s2011206605_CD4P_src20523069_e0059.txt","/home/hersco/training_new_domains/2026-08-25/completed_domains_stage1_policy_eval/20544763_Ev_zenotravel_zenotravel_orig_vh_c.1_s2011206605_CD4P_src20523069_e0059.txt","",""
"PRESERVE-4","zenotravel","on","stage1","final","2082152039","20523082","72","/home/hersco/bershco-nu-asnets/numeric-asnets/asnets/experiment-results/experiments_numeric.domain.zenotravel-experiments_numeric.architecture_2.zenotravel-2026-08-25T09:02:29.989382/P[domain,pfile1,pfile2,pfile3,pfile4,pfile5,pfile6]-S[0.003,50,enhsp-hadd-gbfs]-MO[]-T[518400]-04912096-faf7d6/snapshots/snapshot_72_0.500","20553632","20","20","COMPLETED","0:0","00:11:54","20","0","/home/hersco/training_new_domains/2026-08-24/completed_domains_stage1_10seed/20523082_Tr_zenotravel_zenotravel_orig_vh_c.1_s2082152039__CD4S1.txt","/home/hersco/training_new_domains/2026-08-25/completed_domains_stage1_policy_eval/20553632_Ev_zenotravel_zenotravel_orig_vh_c.1_s2082152039_CD4P_src20523082_e0072.txt","/home/hersco/training_new_domains/2026-08-25/completed_domains_stage1_policy_eval/20553632_Ev_zenotravel_zenotravel_orig_vh_c.1_s2082152039_CD4P_src20523082_e0072.txt","",""
"PRESERVE-4","zenotravel","on","stage1","validation_selected","534933607","20523080","4","/home/hersco/bershco-nu-asnets/numeric-asnets/asnets/experiment-results/experiments_numeric.domain.zenotravel-experiments_numeric.architecture_2.zenotravel-2026-08-25T08:13:48.892928/P[domain,pfile1,pfile2,pfile3,pfile4,pfile5,pfile6]-S[0.003,50,enhsp-hadd-gbfs]-MO[]-T[518400]-04912047-3c74d66/snapshots/snapshot_4_0.500","20544808","20","20","COMPLETED","0:0","00:10:32","20","0","/home/hersco/training_new_domains/2026-08-24/completed_domains_stage1_10seed/20523080_Tr_zenotravel_zenotravel_orig_vh_c.1_s534933607__CD4S1.txt","/home/hersco/training_new_domains/2026-08-25/completed_domains_stage1_policy_eval/20544808_Ev_zenotravel_zenotravel_orig_vh_c.1_s534933607_CD4P_src20523080_e0004.txt","/home/hersco/training_new_domains/2026-08-25/completed_domains_stage1_policy_eval/20544808_Ev_zenotravel_zenotravel_orig_vh_c.1_s534933607_CD4P_src20523080_e0004.txt","",""
"PRESERVE-4","zenotravel","on","stage1","validation_selected","923500475","20523084","7","/home/hersco/bershco-nu-asnets/numeric-asnets/asnets/experiment-results/experiments_numeric.domain.zenotravel-experiments_numeric.architecture_2.zenotravel-2026-08-25T09:23:08.132742/P[domain,pfile1,pfile2,pfile3,pfile4,pfile5,pfile6]-S[0.003,50,enhsp-hadd-gbfs]-MO[]-T[518400]-04912117-5194f74/snapshots/snapshot_7_0.500","20546164","20","20","COMPLETED","0:0","00:12:07","20","0","/home/hersco/training_new_domains/2026-08-24/completed_domains_stage1_10seed/20523084_Tr_zenotravel_zenotravel_orig_vh_c.1_s923500475__CD4S1.txt","/home/hersco/training_new_domains/2026-08-25/completed_domains_stage1_policy_eval/20546164_Ev_zenotravel_zenotravel_orig_vh_c.1_s923500475_CD4P_src20523084_e0007.txt","/home/hersco/training_new_domains/2026-08-25/completed_domains_stage1_policy_eval/20546164_Ev_zenotravel_zenotravel_orig_vh_c.1_s923500475_CD4P_src20523084_e0007.txt","",""
"PRESERVE-4","zenotravel","on","stage1","validation_selected","1073581256","20523072","41","/home/hersco/bershco-nu-asnets/numeric-asnets/asnets/experiment-results/experiments_numeric.domain.zenotravel-experiments_numeric.architecture_2.zenotravel-2026-08-25T07:30:31.749127/P[domain,pfile1,pfile2,pfile3,pfile4,pfile5,pfile6]-S[0.003,50,enhsp-hadd-gbfs]-MO[]-T[518400]-04912004-1247c09/snapshots/snapshot_41_0.500","20553547","20","20","COMPLETED","0:0","00:09:13","20","0","/home/hersco/training_new_domains/2026-08-24/completed_domains_stage1_10seed/20523072_Tr_zenotravel_zenotravel_orig_vh_c.1_s1073581256__CD4S1.txt","/home/hersco/training_new_domains/2026-08-25/completed_domains_stage1_policy_eval/20553547_Ev_zenotravel_zenotravel_orig_vh_c.1_s1073581256_CD4P_src20523072_e0041.txt","/home/hersco/training_new_domains/2026-08-25/completed_domains_stage1_policy_eval/20553547_Ev_zenotravel_zenotravel_orig_vh_c.1_s1073581256_CD4P_src20523072_e0041.txt","",""
"PRESERVE-4","zenotravel","on","stage1","validation_selected","1239739722","20523074","7","/home/hersco/bershco-nu-asnets/numeric-asnets/asnets/experiment-results/experiments_numeric.domain.zenotravel-experiments_numeric.architecture_2.zenotravel-2026-08-25T07:44:03.276017/P[domain,pfile1,pfile2,pfile3,pfile4,pfile5,pfile6]-S[0.003,50,enhsp-hadd-gbfs]-MO[]-T[518400]-04912018-7d9a779/snapshots/snapshot_7_0.500","20546140","20","20","COMPLETED","0:0","00:09:09","20","0","/home/hersco/training_new_domains/2026-08-24/completed_domains_stage1_10seed/20523074_Tr_zenotravel_zenotravel_orig_vh_c.1_s1239739722__CD4S1.txt","/home/hersco/training_new_domains/2026-08-25/completed_domains_stage1_policy_eval/20546140_Ev_zenotravel_zenotravel_orig_vh_c.1_s1239739722_CD4P_src20523074_e0007.txt","/home/hersco/training_new_domains/2026-08-25/completed_domains_stage1_policy_eval/20546140_Ev_zenotravel_zenotravel_orig_vh_c.1_s1239739722_CD4P_src20523074_e0007.txt","",""
"PRESERVE-4","zenotravel","on","stage1","validation_selected","1472491096","20523077","60","/home/hersco/bershco-nu-asnets/numeric-asnets/asnets/experiment-results/experiments_numeric.domain.zenotravel-experiments_numeric.architecture_2.zenotravel-2026-08-25T08:08:17.748467/P[domain,pfile1,pfile2,pfile3,pfile4,pfile5,pfile6]-S[0.003,50,enhsp-hadd-gbfs]-MO[]-T[518400]-04912042-43e0a7a/snapshots/snapshot_60_0.500","20553560","20","20","COMPLETED","0:0","00:10:26","20","0","/home/hersco/training_new_domains/2026-08-24/completed_domains_stage1_10seed/20523077_Tr_zenotravel_zenotravel_orig_vh_c.1_s1472491096__CD4S1.txt","/home/hersco/training_new_domains/2026-08-25/completed_domains_stage1_policy_eval/20553560_Ev_zenotravel_zenotravel_orig_vh_c.1_s1472491096_CD4P_src20523077_e0060.txt","/home/hersco/training_new_domains/2026-08-25/completed_domains_stage1_policy_eval/20553560_Ev_zenotravel_zenotravel_orig_vh_c.1_s1472491096_CD4P_src20523077_e0060.txt","",""
"PRESERVE-4","zenotravel","on","stage1","validation_selected","1510771779","20523083","5","/home/hersco/bershco-nu-asnets/numeric-asnets/asnets/experiment-results/experiments_numeric.domain.zenotravel-experiments_numeric.architecture_2.zenotravel-2026-08-25T09:20:20.149184/P[domain,pfile1,pfile2,pfile3,pfile4,pfile5,pfile6]-S[0.003,50,enhsp-hadd-gbfs]-MO[]-T[518400]-04912114-17cc32a/snapshots/snapshot_5_0.500","20546141","20","20","COMPLETED","0:0","00:11:14","20","0","/home/hersco/training_new_domains/2026-08-24/completed_domains_stage1_10seed/20523083_Tr_zenotravel_zenotravel_orig_vh_c.1_s1510771779__CD4S1.txt","/home/hersco/training_new_domains/2026-08-25/completed_domains_stage1_policy_eval/20546141_Ev_zenotravel_zenotravel_orig_vh_c.1_s1510771779_CD4P_src20523083_e0005.txt","/home/hersco/training_new_domains/2026-08-25/completed_domains_stage1_policy_eval/20546141_Ev_zenotravel_zenotravel_orig_vh_c.1_s1510771779_CD4P_src20523083_e0005.txt","",""
"PRESERVE-4","zenotravel","on","stage1","validation_selected","1963100312","20523066","4","/home/hersco/bershco-nu-asnets/numeric-asnets/asnets/experiment-results/experiments_numeric.domain.zenotravel-experiments_numeric.architecture_2.zenotravel-2026-08-25T07:18:54.934962/P[domain,pfile1,pfile2,pfile3,pfile4,pfile5,pfile6]-S[0.003,50,enhsp-hadd-gbfs]-MO[]-T[518400]-04911993-2fc32f3/snapshots/snapshot_4_0.500","20544588","20","20","COMPLETED","0:0","00:10:27","20","0","/home/hersco/training_new_domains/2026-08-24/completed_domains_stage1_10seed/20523066_Tr_zenotravel_zenotravel_orig_vh_c.1_s1963100312__CD4S1.txt","/home/hersco/training_new_domains/2026-08-25/completed_domains_stage1_policy_eval/20544588_Ev_zenotravel_zenotravel_orig_vh_c.1_s1963100312_CD4P_src20523066_e0004.txt","/home/hersco/training_new_domains/2026-08-25/completed_domains_stage1_policy_eval/20544588_Ev_zenotravel_zenotravel_orig_vh_c.1_s1963100312_CD4P_src20523066_e0004.txt","",""
"PRESERVE-4","zenotravel","on","stage1","validation_selected","1972442430","20523085","7","/home/hersco/bershco-nu-asnets/numeric-asnets/asnets/experiment-results/experiments_numeric.domain.zenotravel-experiments_numeric.architecture_2.zenotravel-2026-08-25T09:22:51.141989/P[domain,pfile1,pfile2,pfile3,pfile4,pfile5,pfile6]-S[0.003,50,enhsp-hadd-gbfs]-MO[]-T[518400]-04912116-72aea46/snapshots/snapshot_7_0.500","20546177","20","20","COMPLETED","0:0","00:12:35","20","0","/home/hersco/training_new_domains/2026-08-24/completed_domains_stage1_10seed/20523085_Tr_zenotravel_zenotravel_orig_vh_c.1_s1972442430__CD4S1.txt","/home/hersco/training_new_domains/2026-08-25/completed_domains_stage1_policy_eval/20546177_Ev_zenotravel_zenotravel_orig_vh_c.1_s1972442430_CD4P_src20523085_e0007.txt","/home/hersco/training_new_domains/2026-08-25/completed_domains_stage1_policy_eval/20546177_Ev_zenotravel_zenotravel_orig_vh_c.1_s1972442430_CD4P_src20523085_e0007.txt","",""
"PRESERVE-4","zenotravel","on","stage1","validation_selected","2011206605","20523069","9","/home/hersco/bershco-nu-asnets/numeric-asnets/asnets/experiment-results/experiments_numeric.domain.zenotravel-experiments_numeric.architecture_2.zenotravel-2026-08-25T07:25:17.150315/P[domain,pfile1,pfile2,pfile3,pfile4,pfile5,pfile6]-S[0.003,50,enhsp-hadd-gbfs]-MO[]-T[518400]-04911999-067843/snapshots/snapshot_9_0.500","20544767","20","20","COMPLETED","0:0","00:11:06","20","0","/home/hersco/training_new_domains/2026-08-24/completed_domains_stage1_10seed/20523069_Tr_zenotravel_zenotravel_orig_vh_c.1_s2011206605__CD4S1.txt","/home/hersco/training_new_domains/2026-08-25/completed_domains_stage1_policy_eval/20544767_Ev_zenotravel_zenotravel_orig_vh_c.1_s2011206605_CD4P_src20523069_e0009.txt","/home/hersco/training_new_domains/2026-08-25/completed_domains_stage1_policy_eval/20544767_Ev_zenotravel_zenotravel_orig_vh_c.1_s2011206605_CD4P_src20523069_e0009.txt","",""
"PRESERVE-4","zenotravel","on","stage1","validation_selected","2082152039","20523082","22","/home/hersco/bershco-nu-asnets/numeric-asnets/asnets/experiment-results/experiments_numeric.domain.zenotravel-experiments_numeric.architecture_2.zenotravel-2026-08-25T09:02:29.989382/P[domain,pfile1,pfile2,pfile3,pfile4,pfile5,pfile6]-S[0.003,50,enhsp-hadd-gbfs]-MO[]-T[518400]-04912096-faf7d6/snapshots/snapshot_22_0.500","20553633","20","20","COMPLETED","0:0","00:10:20","20","0","/home/hersco/training_new_domains/2026-08-24/completed_domains_stage1_10seed/20523082_Tr_zenotravel_zenotravel_orig_vh_c.1_s2082152039__CD4S1.txt","/home/hersco/training_new_domains/2026-08-25/completed_domains_stage1_policy_eval/20553633_Ev_zenotravel_zenotravel_orig_vh_c.1_s2082152039_CD4P_src20523082_e0022.txt","/home/hersco/training_new_domains/2026-08-25/completed_domains_stage1_policy_eval/20553633_Ev_zenotravel_zenotravel_orig_vh_c.1_s2082152039_CD4P_src20523082_e0022.txt","",""
