csv_path,rows,classification,result_like,provenance_fields,populated_provenance_rows,provenance_status,parse_state,sha256
experiment_tracking/additional_results_20260906.csv,7,historical_or_supporting,1,job_id;job_name;logged_timeouts;log_path;completion_record_path,7,inline_or_pointer_present,ok,3dd2cb0f4f1f20378dd91aedf868b912e250f3e59df6ac49091e37947aea7f8c
experiment_tracking/advisor_audit_20260830/cluster_workload.csv,21,historical_or_supporting,0,jobs,21,inline_or_pointer_present,ok,8e00461f9da1f3e657c7d0e60b7273a1ddde1c598e8bf05b722ac672ba5fafe6
experiment_tracking/advisor_audit_20260830/experiment_status.csv,62,historical_or_supporting,0,running_jobs;ordinary_pending_jobs;held_jobs,62,inline_or_pointer_present,ok,1c3924c0c7275f08c23bd801816ae4331321e30eda4bf6bf709f5ce2725d2f6a
experiment_tracking/advisor_audit_20260830/improvement_priorities.csv,29,historical_or_supporting,0,,0,not_a_result_table,ok,2de0297957cc243421a9a5b3a9786d4a4b5815d1d0110dcaae8f01249741c883
experiment_tracking/advisor_audit_20260830/rq_results.csv,30,historical_or_supporting,1,,0,legacy_gap_not_primary,ok,48586bb9be7ba054c04a9e3c3575e5bc50370435cdbcd6df749a8904b7b5672e
experiment_tracking/advisor_audit_20260830/story_holes.csv,20,historical_or_supporting,0,,0,not_a_result_table,ok,0666dd90c1c5a4bfd2c1545951c1b98c5dba909b4dd8a49b1ea867a64a4ad2c7
experiment_tracking/advisor_figures/mainstream_stage1_stage2_forest_data.csv,20,historical_or_supporting,1,source_results_file,20,inline_or_pointer_present,ok,6326f65b92b8ddecb4d8b56a7ea907feaeb4be4ab724bbf2314ea81c7808b21c
experiment_tracking/advisor_figures/pw_kmin3_30min_sensitivity.csv,9,historical_or_supporting,1,mean_whole_job_runtime_seconds,9,inline_or_pointer_present,ok,b97bf46fa96fa707eb4c69db12963e9293399577603bd8fceaea5b5ceac85bb0
experiment_tracking/advisor_figures/pw_kmin3_over_30m_instances.csv,2,historical_or_supporting,1,job_id;source_log,2,inline_or_pointer_present,ok,a176846c248531a0f27d0750c0de4dd19ca440cb611e81886c3415f8e8cc8e1d
experiment_tracking/advisor_followup_20260910/counters_policy_mcts_failure_global.csv,20,current_canonical,1,mcts_job_id;policy_job_id;policy_log;mcts_completion_ledger,20,inline_or_pointer_present,ok,1c8ac22a7b4814a78038c9fb23af27cfca4e9dafbdea4159410d3077cea76dc0
experiment_tracking/advisor_followup_20260910/counters_tie_break_3way_manifest.csv,6,current_canonical,0,checkpoint_source;job_id;output_log,6,inline_or_pointer_present,ok,aeee3865e5db9564ecbefe164544176ac71a836333c61187f9933e1bcd1335d8
experiment_tracking/advisor_followup_20260910/counters_tie_break_counterfactual_latest.csv,2894,current_canonical,0,source_log,2894,inline_or_pointer_present,ok,e347724108ce81b2356de576c3f1838dc464404b717a6404a8c38d013d88bc7f
experiment_tracking/advisor_followup_20260910/counters_tie_break_counterfactual_latest_summary.csv,6,current_canonical,0,source_log,6,inline_or_pointer_present,ok,e344e7c61ee22d4a0566ff41e7f9018c70b5078f2e67095b05dd4b0bde6082b3
experiment_tracking/advisor_followup_20260910/counters_visit_audit_latest_milestones.csv,18,current_canonical,1,source_log,18,inline_or_pointer_present,ok,e55acbf7dfc25242496540dcf90f868e46d9883aefd22ad6bffccbb7f74ccdbc
experiment_tracking/advisor_followup_20260910/counters_visit_audit_latest_steps.csv,52616,current_canonical,0,source_log,52616,inline_or_pointer_present,ok,9bb596f60b656d62b688ff541e9489038f6a2a1ce8c35ba3c38915b8563ed2d0
experiment_tracking/advisor_followup_20260910/counters_visit_audit_manifest.csv,2,current_canonical,0,policy_checkpoint_source;reference_policy_log;reference_mcts_evidence;submitted_job_id;submitted_output_log,2,inline_or_pointer_present,ok,9f614c7b4c91ff2a21bdf36849ad07e6b48eb9d1b9ff81b6432aea89410c0a10
experiment_tracking/advisor_followup_20260910/fo_stage2_validation_exact_recovery_20260912.csv,1,current_canonical,1,source_job_id;source_score_before_recovery;recovery_job_id;remote_log,1,inline_or_pointer_present,ok,7851ff48a1dcd4ac8f620d65502d423e9750251debb10cab46487ced1965f22b
experiment_tracking/advisor_followup_20260910/fo_stage2_validation_partial_recovery_manifest.csv,3,current_canonical,0,source_job_id;checkpoint;source_completion;failed_signature_job_id;submitted_job_id;submitted_output_log,3,inline_or_pointer_present,ok,837d0849809bc1fb65397e8ca0a8ec4ade59bdf7319456ca59f7afa0d903e69b
experiment_tracking/advisor_followup_20260910/fo_stage2_validation_recovery_progress_latest.csv,3,current_canonical,1,recovery_job_id;source_job_id;source_log,3,inline_or_pointer_present,ok,98998e8360ebbfaf03a625b45adaaec7f6f8ae5a7596d647e0c3ddb49e1440bb
experiment_tracking/advisor_followup_20260910/fo_stage2_validation_vh_off_exact_seed_results_20260913.csv,10,current_canonical,1,source_training_job_id;source_policy_job_id;source_policy_log;source_mcts_logs;source_completion_ledgers;evidence_status,10,inline_or_pointer_present,ok,e3fed4df7be5d7b7253ab6a9f73747a51e437fc99bce0c07f5e65b2479b3587a
experiment_tracking/advisor_followup_20260910/fo_stage2_validation_vh_on_exact_seed_results_20260912.csv,10,current_canonical,0,source_job_id;recovery_job_id;source_evaluation_log;source_completion_ledger;evidence_status,10,inline_or_pointer_present,ok,6e7a3c450032e3f7b5cba7e93cd7a20503d279a974996896b2536b504ff2a81d
experiment_tracking/advisor_followup_20260910/generator_comparison.csv,6,current_canonical,1,source,6,inline_or_pointer_present,ok,306c8d07ea0272bb582eb97ded2d58059dfa31e3351eadc298f6cc85b34e5a20
experiment_tracking/advisor_followup_20260910/generator_distribution_instances.csv,140,current_canonical,0,path,140,inline_or_pointer_present,ok,410c5db821f0656c7e4a34b55e08df84313c8dc9ff51eb699f843561cfef9406
experiment_tracking/advisor_followup_20260910/generator_distribution_summary.csv,33,current_canonical,1,row_level_provenance,33,inline_or_pointer_present,ok,81517bc18680f7ff2e957e9e9b817599da2a858be90656272eeb56c3973f3c0c
experiment_tracking/advisor_followup_20260910/live_result_progress_20260913_2345.csv,7,current_canonical,1,job_ids;source,7,inline_or_pointer_present,ok,0803eb203df098d4c19054abad6caf796c95d9c0b264896b4ac6c9e4c07ab94f
experiment_tracking/advisor_followup_20260910/live_result_progress_20260914_0021.csv,9,current_canonical,1,job_ids;source,9,inline_or_pointer_present,ok,c8c8622f03f7bba8131424b9cb1cb07368276cb7e450f53581375a2487c9c10d
experiment_tracking/advisor_followup_20260910/live_workload_20260913.csv,6,current_canonical,0,job_id;source,6,inline_or_pointer_present,ok,bb2bf22094524bb77ea0d42f56e2c8de3082ba2af13ae944c33d5857c43006b7
experiment_tracking/advisor_followup_20260910/live_workload_targeted_20260914_1224.csv,5,current_canonical,0,job_id;provenance,5,inline_or_pointer_present,ok,65a10d0ec7781830917d42aa4497c87c57b1f6ba6df345f878342dd2d8b2880b
experiment_tracking/advisor_followup_20260910/live_workload_targeted_20260914_1248.csv,4,current_canonical,0,job_id;provenance,4,inline_or_pointer_present,ok,9b7aaee6ad8244348f1730d20849b6a19e13875e2260460a4e18d3d2b8f6a29e
experiment_tracking/advisor_followup_20260910/live_workload_targeted_20260914_1542.csv,5,current_canonical,0,job_id;provenance,5,inline_or_pointer_present,ok,2812518f35dae0246812f480755fa914bec0e6aa8a444f22ff8c472ae6dd990b
experiment_tracking/advisor_followup_20260910/live_workload_targeted_20260914_2345.csv,5,current_canonical,0,job_ids;evidence_based_estimate;provenance,5,inline_or_pointer_present,ok,4e39f73738f4059f194401f9bdab8c5043e9d745b76e1b94dab98d23f1d52aef
experiment_tracking/advisor_followup_20260910/live_workload_targeted_20260915_0009.csv,5,current_canonical,0,job_ids;evidence_based_estimate;provenance,5,inline_or_pointer_present,ok,6bec2847a4c75eece4e12a77ae6fa8a4c57003894d7eb3616679e7ea8faabe0f
experiment_tracking/advisor_followup_20260910/live_workload_targeted_20260915_1420.csv,6,current_canonical,0,job_ids,6,inline_or_pointer_present,ok,4d09e5804aa08e31f96a1321ff1e681a42b6b6b364bf59e418e61c0d952125e2
experiment_tracking/advisor_followup_20260910/live_workload_targeted_20260915_1439.csv,5,current_canonical,0,job_ids,5,inline_or_pointer_present,ok,498e9fb42290be9e7d90b8229c426403101da6f74704a49a3d57769be7a5c5ed
experiment_tracking/advisor_followup_20260910/live_workload_targeted_20260915_1857.csv,6,current_canonical,0,job_ids,6,inline_or_pointer_present,ok,9e5ee1a726443df376446c7d040a854597a1b627f7c3677f53a509bafc190ccf
experiment_tracking/advisor_followup_20260910/live_workload_targeted_20260916_0040.csv,7,current_canonical,0,job_id;job_name;array_job_id;scheduler_source,7,inline_or_pointer_present,ok,9c494362caca16e912161a47d0b923f25de8fdf96aa42dd1644115fb1a31bdb4
experiment_tracking/advisor_followup_20260910/mprime_pw70_live_lower_bounds_20260914_2321.csv,2,current_canonical,1,per_seed_ledger;manifest;submission_provenance,2,inline_or_pointer_present,ok,d2b57664c09d3bea16733dae7256c265fbec14ff062d30c7335305a6219d15d6
experiment_tracking/advisor_followup_20260910/paper_to_thesis_change_inventory.csv,17,current_canonical,1,effect_or_evidence;code_or_result_source,17,inline_or_pointer_present,ok,8f38507f01add78f832303f2268a58f031768de1c590053fb02abc19a150d5f0
experiment_tracking/advisor_followup_20260910/proposed_job_plan.csv,6,current_canonical,1,job_type;slurm_jobs;cpus_per_job;ram_gib_per_job;walltime_per_job,6,inline_or_pointer_present,ok,e977849763464f06423b0ea3e424502370772bef77e009c1f9e939a47c8c2116
experiment_tracking/advisor_followup_20260910/reproducibility_publication_manifest.csv,26,current_canonical,0,authoritative_source;contains_direct_job_or_log_provenance;target_repository_path,26,inline_or_pointer_present,ok,7fa2fe944f537384c001a113240962abc9336cbeb1fee5849b57fedec31dde83
experiment_tracking/advisor_followup_20260910/rq2_pw70_branch_latest.csv,9,current_canonical,1,seed_level_provenance,9,inline_or_pointer_present,ok,28f73cfe3022fb8ca6512191c1d57bb82d21a5a558515dc47a73e377a661c976
experiment_tracking/advisor_followup_20260910/rq2_raw_means_validation_led.csv,11,current_canonical,1,evidence_status;seed_level_source;job_log_columns,11,inline_or_pointer_present,ok,94b613970b455897668335a641df2961b3258243ee00b1b7ab52fe9e0f4d8d58
experiment_tracking/advisor_followup_20260910/rq3_raw_means_validation_led.csv,5,current_canonical,1,seed_level_source;job_log_columns,5,inline_or_pointer_present,ok,2363c29085d1d9fe16d10bac2b97a03216d708ac4e360048e8fac1ac6b39d8b4
experiment_tracking/advisor_followup_20260910/rq4_pw70_branch_latest.csv,27,current_canonical,1,seed_level_provenance,27,inline_or_pointer_present,ok,ecb5d0578fc41d7c5fb5cbcdb6f5196cdece1aec6b28ac04400e2148343e4457
experiment_tracking/advisor_followup_20260910/rq4_raw_means_validation_led.csv,22,current_canonical,1,evidence_status;seed_level_source;job_log_columns,22,inline_or_pointer_present,ok,87dd3178d8d871f1e73f1fced84835197dd6b79a2eb54ef3c3f3d01a8a8b4f4d
experiment_tracking/advisor_followup_20260910/rq_primary_validation_led.csv,147,current_canonical,1,evidence_status;row_level_provenance,147,inline_or_pointer_present,ok,8d8e1f0314ed4b56d235ab5e05fc9f4dde4b7f180b199d6ef1df79bf0f61cd9e
experiment_tracking/advisor_followup_20260910/terminal_led_archive_index.csv,20,current_canonical,0,evidence_type;source,20,inline_or_pointer_present,ok,5d2db04485feb84444c6cff147615fff1e7a0a13b4fa6ff59ef84774d576f05a
experiment_tracking/advisor_followup_20260910/yarin_external_results_latest.csv,12,current_canonical,1,source_policy_job_id;source_test_score;external_array_job_id;source_test_log;external_log,12,inline_or_pointer_present,ok,3a4d1fd27c1ca59519946b344d603fe9556b6e846bb88889344486114fc464a8
experiment_tracking/advisor_followup_20260910/yarin_external_screen_manifest.csv,12,current_canonical,0,source_training_job_id;source_policy_job_id;source_checkpoint;source_result_row,12,inline_or_pointer_present,ok,c95932a65511fd5962e796db57365c34d1df31a79cf38d8e30f034cf6060ccb3
experiment_tracking/advisor_meeting_20260910/after_review/01_domain_scorecard_by_vh.csv,18,historical_or_supporting,0,row_level_provenance,18,inline_or_pointer_present,ok,8cdb7037eaeb7ea774f6cc0bfa4b03564f18dc71576ac4fd4e8a9c3d22f22be9
experiment_tracking/advisor_meeting_20260910/artifact_index.csv,9,historical_or_supporting,0,job_log_provenance,9,inline_or_pointer_present,ok,af7eef0e55e3e3124d971d405787cd4b028efc4343b6d2a609dbfc73e97247f8
experiment_tracking/advisor_meeting_20260910/before_review/01_domain_scorecard.csv,9,historical_or_supporting,0,row_level_provenance,9,inline_or_pointer_present,ok,4044439998791db1323697fbfa1a14a3475ceccd731de3ee1661b9ad14572b06
experiment_tracking/advisor_meeting_20260910/before_review/02_two_stage_learning_dynamics.csv,708,historical_or_supporting,1,,0,legacy_gap_not_primary,ok,28615a52b6a6fc30eafc8aea1a21f841865ccec4a29b5189a3866758dbb71a3f
experiment_tracking/advisor_meeting_20260910/before_review/03_mcts_cutoff_forest.csv,81,historical_or_supporting,1,row_level_provenance,81,inline_or_pointer_present,ok,8307ad125ffae43703e413e829cbbb608508043f54e75f0156f5de248a1416d2
experiment_tracking/advisor_meeting_20260910/before_review/04_preserve3_validation_seed_robustness.csv,60,historical_or_supporting,0,stage1_evaluation_log;stage1_training_log;stage2_evaluation_log;stage2_training_job_id;evidence_note,60,inline_or_pointer_present,ok,3814da36e74d5dce9382fd810599754f70f5dc2d3d44cd41c003af3bddf068aa
experiment_tracking/advisor_meeting_20260910/before_review/05_mprime_validation_problem.csv,6,historical_or_supporting,1,fraction_checkpoints_tied_at_validation_max;source,6,inline_or_pointer_present,ok,5d0e1d0560a82e12138950535632c2d4c916b07d89126ec45f59d39a3cedae4e
experiment_tracking/anchor_kl_control_live_progress_20260909.csv,2,historical_or_supporting,1,job_id;source_training_log,2,inline_or_pointer_present,ok,cb6ba8dd644d7ea03dc4af048a48bf5626e324e5d517ab9197b5f247f2ce167a
experiment_tracking/anchor_kl_control_manifest.csv,12,historical_or_supporting,0,manifest_id;source_role;source_evidence,12,inline_or_pointer_present,ok,0f82da46e76e3dd7127fc943fb28f063d41706ab6fe95af4b53732e939eaf193
experiment_tracking/anchor_kl_control_progress_latest.csv,200,current_canonical,1,job_id;constant_job_id;path,200,inline_or_pointer_present,ok,83a421ac4fed4aa6e6951459d0a4e976479d8e93b236f8f9b9d73283be997d7f
experiment_tracking/anchor_kl_control_summary_latest.csv,2,current_canonical,0,job_id;source_log,2,inline_or_pointer_present,ok,08ed19e9bbe19fccd626af2665e5ff8ee75f9413566478d4ad92e6fff5b5fc24
experiment_tracking/anchor_kl_control_tpp_screen_20260908.csv,2,historical_or_supporting,0,manifest_id;existing_constant_job_id;source_training_job_id;source_epoch;source_checkpoint;slurm_job_id;output_log,2,inline_or_pointer_present,ok,fb21252cdc4e0075819b9ac3457cb69d75ea99abc4e38e509a4924b7c46d0448
experiment_tracking/anchor_kl_epoch0_policy_eval_20260909.csv,7,historical_or_supporting,0,training_job_id;checkpoint;evaluation_job_id;source_training_log;evaluation_log,7,inline_or_pointer_present,ok,ff7b882102bae9a014ec43d2c7a0bee84a0b2e39e6caaef3e8fef9bc86266a1f
experiment_tracking/anchor_kl_epoch0_policy_results_latest.csv,2,current_canonical,1,training_job_id;evaluation_job_id;source_training_log;source_evaluation_log,2,inline_or_pointer_present,ok,22ca7ae81e7078569c325c58376643be0598917b1c21f4262ecfe5a224843a5b
experiment_tracking/approved_recovery_actions_20260901.csv,5,historical_or_supporting,0,resources,5,inline_or_pointer_present,ok,acb778045c0ebbf52526c3b450b171823f5b173d5ae8fb8afd6f0da1e1dafa51
experiment_tracking/best_configuration_by_domain_20260907.csv,9,historical_or_supporting,0,row_level_provenance,9,inline_or_pointer_present,ok,f2f1d4419056650e3c6f13b5871e9064aa24837baf695e943958673245ba8f77
experiment_tracking/best_configuration_by_domain_latest.csv,9,current_canonical,0,row_level_provenance,9,inline_or_pointer_present,ok,3e0d89e75d780653d0a66b2007cfe1ff3efb0021ce04cdd9cd2eb6792d72a80e
experiment_tracking/bg_validation_mcts_provenance_20260905.csv,20,historical_or_supporting,1,job_id;job_name;logged_timeouts;log_path;completion_record_path,20,inline_or_pointer_present,ok,da90cdbf1cf01a3fbaae65b6fd8db4a3e448656682cc447ac1262c32032b58c8
experiment_tracking/block_grouping_pw70_tie_trace_20260914/first_divergence_q_u_20260915.csv,4,historical_or_supporting,0,dominant_evidence;remote_trace_log,4,inline_or_pointer_present,ok,e4cd000941496de5d2b4903c02bc11ccacafcd172823b6e2f2019154b47c5e46
experiment_tracking/block_grouping_pw70_tie_trace_20260914/manifest.csv,4,historical_or_supporting,0,checkpoint;source_training_job_id;source_policy_job_id;source_policy_log;source_pw_job_id;source_pw_log,4,inline_or_pointer_present,ok,72c818b4f84b050ba46e7449d0964e77a79b49cbfd7d8cc0f03fffd740690b30
experiment_tracking/block_grouping_pw70_tie_trace_20260914/results_20260915.csv,4,historical_or_supporting,0,scientific_job_id;remote_trace_log;source_policy_log;source_historical_pw_log,4,inline_or_pointer_present,ok,23677bfe3101ab9c0b23a6bc6d9eda5b3ef3e33fdc6040c2662c5174d91ec3a6
experiment_tracking/block_grouping_tie_break_screen_20260913/manifest.csv,2,historical_or_supporting,0,checkpoint;source_training_job_id;source_policy_job_id;source_policy_log;source_mcts_job_id;source_mcts_log,2,inline_or_pointer_present,ok,21850633734a2295bb2253bd310a405f87296baac5ae3cf35d18571ccdad2360
experiment_tracking/block_grouping_tie_break_screen_20260913/policy_alignment_20260914.csv,2,historical_or_supporting,0,source_policy_log,2,inline_or_pointer_present,ok,a12bd290ea8c323fc2049e2f6613f613ba60f1c7eea1c7db167262aa577fa745
experiment_tracking/block_grouping_tie_break_screen_20260913/trace_audit_summary_20260914.csv,4,historical_or_supporting,0,action_id_log;policy_log,4,inline_or_pointer_present,ok,30275d9e516ec8fb0c7cb21ad6c31d5f71b13f9c6193213c3d2310ff7e8c76ce
experiment_tracking/cluster_refresh_attempt_latest.csv,1,current_canonical,0,,0,not_a_result_table,ok,1e51e62d156ea2d9f8c7cc770387317e55c31d255146fed7e4a177cbc13e21c8
experiment_tracking/cluster_refresh_attempts_20260831.csv,3,historical_or_supporting,0,,0,not_a_result_table,ok,fba16d14f172733e3a8b1ee1dcce0727211a7eae657ee5d923b8a95951587ffb
experiment_tracking/cluster_workload_20260901_1602.csv,16,historical_or_supporting,0,jobs,16,inline_or_pointer_present,ok,9dfb4517e2d6e866a475b22850194d4a9fd34adaf027745bc8c76d2aa4c6a46c
experiment_tracking/cluster_workload_20260901_1945.csv,13,historical_or_supporting,0,jobs,13,inline_or_pointer_present,ok,aeff1303dd21e57d7e0eb6f20e296bbf0c6999f400181990dc02bb9761c716fb
experiment_tracking/cluster_workload_20260901_2304.csv,14,historical_or_supporting,0,jobs,14,inline_or_pointer_present,ok,9954dd8d4e07e081f4e5873c8cbb2f3eb96c83a0e663fe8ddfac77f0df4beaf6
experiment_tracking/cluster_workload_20260902_0050.csv,13,historical_or_supporting,0,jobs,13,inline_or_pointer_present,ok,4b44486e1456948c922ca4b5f1133fb511a859611b8337a3e25884da6a658c2b
experiment_tracking/cluster_workload_20260906.csv,44,historical_or_supporting,0,job_id;job_name;log_path,44,inline_or_pointer_present,ok,c1fb1cf6305d825bfb5950870924c4f60dfc73ca93dd201edbdffe255a1c941f
experiment_tracking/cluster_workload_20260907.csv,18,historical_or_supporting,0,job_id;job_name;log_path,18,inline_or_pointer_present,ok,552727d6d06368ee87ad293da8fc0b599f8ddf2deeb6402e352c553374540b58
experiment_tracking/cluster_workload_latest.csv,7,current_canonical,0,job_id;job_name;array_job_id;scheduler_source,7,inline_or_pointer_present,ok,9c494362caca16e912161a47d0b923f25de8fdf96aa42dd1644115fb1a31bdb4
experiment_tracking/cluster_workload_summary_20260905_1314.csv,10,historical_or_supporting,0,jobs;scheduler_source,10,inline_or_pointer_present,ok,405e3faf044aacb49c2a0514f9a07be53705e48730952fbf0286e888f51b059e
experiment_tracking/cluster_workload_summary_latest.csv,7,current_canonical,0,jobs;scheduler_source,7,inline_or_pointer_present,ok,6e2fe5c85211b2e6c7aa8e7d691fb5100aab8b6f3f2be7aab047b46a76fce9ed
experiment_tracking/counters_seed_divergence_audit_20260914/aggregate_causes.csv,5,historical_or_supporting,0,,0,not_a_result_table,ok,d479c33cd7357cbc2e9848cb002ac919b2d370009ba6108f20017745c606a209
experiment_tracking/counters_seed_divergence_audit_20260914/aggregate_pair_mechanisms.csv,8,historical_or_supporting,0,,0,not_a_result_table,ok,d46c4724a9b447521e9d1758e893479edec7066a601ef3b3fb135da63bd2683f
experiment_tracking/counters_seed_divergence_audit_20260914/per_instance_divergence.csv,58,historical_or_supporting,1,policy_log;search_completion_log;search_text_log,58,inline_or_pointer_present,ok,4a84a05ae780519928af8d59f34d017947c1cdf890b5d794f58af987926c00eb
experiment_tracking/counters_seed_divergence_audit_20260914/per_instance_pair_join.csv,94,historical_or_supporting,1,policy_log;action_id_completion_log;policy_prior_completion_log,94,inline_or_pointer_present,ok,e3cfe086e6a02d372c5d446c2fabc3aa5f83752309b3d3ad03641abfd4113429
experiment_tracking/counters_seed_divergence_audit_20260914/raw_file_checksums.csv,10,historical_or_supporting,0,,0,not_a_result_table,ok,fd83195d97c39cc3cb90fab1af264daa634abaac000cacc9db72230fdcc6d7af
experiment_tracking/counters_terminal_stage2_narrow_seed_results_latest.csv,20,current_canonical,1,mcts_job_id;source_training_job;source_policy_job;source_policy_log;source_mcts_log,20,inline_or_pointer_present,ok,ddee173364372059c7138cfcf77805b59cb42e9159869b770e23fb30c3b063cc
experiment_tracking/counters_terminal_stage2_narrow_statistics_latest.csv,2,current_canonical,1,row_level_provenance,2,inline_or_pointer_present,ok,f08ef203d6da33af8a6f0665f03631d8025e08fda1b2893505806f491b917774
experiment_tracking/counters_tie_break_3way_20260911/compact_results/21185509_0_off_action_id_milestones.csv,9,historical_or_supporting,1,source_log,9,inline_or_pointer_present,ok,41c5444d59eea16e6e4ab3a51806bf4835144d6e80335d4f7317a4908f115d61
experiment_tracking/counters_tie_break_3way_20260911/compact_results/21185509_1_on_action_id_milestones.csv,9,historical_or_supporting,1,source_log,9,inline_or_pointer_present,ok,3a87c370c0b2e018e9aa1f183e449682d3d1ca0d4b8d252fbe730f63248b2319
experiment_tracking/counters_tie_break_3way_20260911/compact_results/21185509_2_off_q_milestones.csv,9,historical_or_supporting,1,source_log,9,inline_or_pointer_present,ok,2c2d1df1714720fd68532f0165ad52a31765d3def2091847c6d081c54e8aa128
experiment_tracking/counters_tie_break_3way_20260911/compact_results/21185509_3_on_q_milestones.csv,9,historical_or_supporting,1,source_log,9,inline_or_pointer_present,ok,3e1577f502619da6c9139ae571cb49f94076d539d7ac1cbf41e5357b6b81ef21
experiment_tracking/counters_tie_break_3way_20260911/compact_results/21185509_4_off_policy.val.csv,3,historical_or_supporting,0,,0,not_a_result_table,ok,0ad64358d5d2a6bdb9cb0b82319cf4af4962b78a01b3b32fa21ff17f3a7b1cce
experiment_tracking/counters_tie_break_3way_20260911/compact_results/21185509_4_off_policy_milestones.csv,9,historical_or_supporting,1,source_log,9,inline_or_pointer_present,ok,c3726711556e68207cbec7f98294269d7b1b628a0bc8dba60aa190226640a0d9
experiment_tracking/counters_tie_break_3way_20260911/compact_results/21185509_5_on_policy_milestones.csv,9,historical_or_supporting,1,source_log,9,inline_or_pointer_present,ok,4936a970acb3c287c821ef97efdbb95d516702cfc14111fc83a2a81e2699e8c0
experiment_tracking/counters_tie_break_3way_20260911/results_latest.csv,6,current_canonical,1,slurm_job_raw;remote_log,6,inline_or_pointer_present,ok,1aee97f2626a834f44a662218eb5db0d39da58a2d16879aedd86c95af5475b4b
experiment_tracking/counters_tie_break_strict_stage1_20260913/full_trace_submission_20260915.csv,3,historical_or_supporting,0,controller_job_id;source_strict_array;source_recovery_array;remote_controller_log;remote_manifest;remote_source_summary,3,inline_or_pointer_present,ok,5b469727b43f286cb16e71b2883f1bccee497bddd131ec1d651ae23c9e633ada
experiment_tracking/counters_tie_break_strict_stage1_20260913/manifest.csv,20,historical_or_supporting,1,source_training_job_id;source_policy_job_id;checkpoint;source_training_log;source_policy_log;job_walltime,20,inline_or_pointer_present,ok,c9c088cbcbe12f2f452d6d50865c144eee2a0ddd4e0adee8520fd0d4148e5617
experiment_tracking/counters_tie_break_strict_stage1_20260913/progress_20260914_1502.csv,10,historical_or_supporting,1,checkpoint_provenance;policy_log_provenance;action_id_completion_provenance;policy_prior_completion_provenance,10,inline_or_pointer_present,ok,03312cb5ec764339966e8ce40bf2c7016ec9353b443b57064c50e3533e2edfdf
experiment_tracking/dependency_controllers_20260831.csv,7,historical_or_supporting,0,job_id,7,inline_or_pointer_present,ok,70492296dc544dd53317a174822ea166122526d601e315f28340424a46b0a40b
experiment_tracking/dependency_controllers_latest.csv,5,current_canonical,0,job_id;source_scheduler;source_controller_log,5,inline_or_pointer_present,ok,613af8aa92ff98d1606024c4bd0891d5e2b4a7c1f7a6f87d49c5c28001d54c77
experiment_tracking/documentation_redundancy_audit_latest.csv,7,current_canonical,0,paths,7,inline_or_pointer_present,ok,42ba3405e91f65f1c437ce2c42f984c1707ebf6ce9ad4f3f5c816a9d4fa0b2d4
experiment_tracking/domain_test_order_20260907.csv,4,historical_or_supporting,0,logical_basis,4,inline_or_pointer_present,ok,d0f3b542a8199b7538ae9e40e4c9762a3f33fe0264cab077def4d155b74ac078
experiment_tracking/drone_endpoint_mcts_paired_results.csv,24,historical_or_supporting,1,policy_log;mcts_log,24,inline_or_pointer_present,ok,e8630beef4507e7f02990ca348e008694144a4ed43a4991699c6cf07e9847d98
experiment_tracking/drone_endpoint_mcts_results.csv,27,historical_or_supporting,1,job_id;job_name;source_training_job_id;source_evaluation_log;source_training_log,27,inline_or_pointer_present,ok,5449d2ee77100733aa6b233be3a51ab0224712e14eb743fdb3f5f034cd9c3733
experiment_tracking/drone_endpoint_mcts_summary.csv,4,historical_or_supporting,1,,0,legacy_gap_not_primary,ok,28e5384a19b2ca7e0cad3237f6f2f47fa5035b48450772d1b880788b90accfdd
experiment_tracking/drone_mcts_release_20260828.csv,27,historical_or_supporting,0,job_id,27,inline_or_pointer_present,ok,21160b37701d8923cf20e066743f1bee100e158c222b34ed444771483ff40bf7
experiment_tracking/dynamic_experiment_jobs_latest.csv,76,current_canonical,1,job_id;job_name;source_evaluation_log;source_completion_ledgers;current_live_state_source,76,inline_or_pointer_present,ok,eaaf1b98f4fec5cdc3aa4a75ea257d1c897a58e75332589f92d456d725f89f26
experiment_tracking/evaluation_coverage_plan.csv,14,historical_or_supporting,0,,0,not_a_result_table,ok,c50c9406ec1ca7c294d978d7c795985806e6fca26e5f4b6b739a16a9efbddac1
experiment_tracking/experiment_catalog_latest.csv,55,current_canonical,0,manifest_path;live_jobs,55,inline_or_pointer_present,ok,e18edb50fcdd5f21f05a46494931547f5b09d4e9e49f06f0568a388f44947338
experiment_tracking/experiment_id_aliases.csv,3,historical_or_supporting,0,,0,not_a_result_table,ok,cc06ff4aad588e77b445a0df4dd7ba2e2afd9d90f2afc62c9da1733a3ae2407e
experiment_tracking/experiment_registry.csv,55,historical_or_supporting,0,manifest_path,42,partial_or_empty_provenance,ok,49bdfa93d9f25f01760b33552f51a832a398d45d19517b96aaf16d3cb7500720
experiment_tracking/experiment_results.csv,860,historical_or_supporting,1,source_training_job_id;checkpoint;job_id;unprocessed_after_job_end;source_training_log;source_evaluation_log;source_validation_log;alternate_valid_job_ids;alternate_valid_log_paths,860,inline_or_pointer_present,ok,aaa4440d5ab52c6cee87d7d25855409b1746c297e8236a1ac82556c7159aa864
experiment_tracking/experiment_statistics.csv,114,historical_or_supporting,1,source_results_file,114,inline_or_pointer_present,ok,323bfeac5dd8dd32d1b99e88d0542332626050ad497e67e719cba7aded5aedf3
experiment_tracking/experiments.csv,55,historical_or_supporting,0,manifest_path,42,partial_or_empty_provenance,ok,49bdfa93d9f25f01760b33552f51a832a398d45d19517b96aaf16d3cb7500720
experiment_tracking/fo_job20559567_dedup_val_summary_20260905.csv,4,historical_or_supporting,0,,0,not_a_result_table,ok,3152c25ff487607834a10e4fb8216017149b8d1e1e248a972c2cc3389f265942
experiment_tracking/fo_terminal_mcts_provenance_20260905.csv,20,historical_or_supporting,1,job_id;job_name;logged_timeouts;log_path;completion_record_path,20,inline_or_pointer_present,ok,aa2a54254efc35e083d8d350f82dd94e931a38e4ce79642ad317c0378628a87c
experiment_tracking/fo_terminal_stage2_mcts_reconciliation_20260903.csv,79,historical_or_supporting,1,job_id;job_name;source_training_job_id;source_evaluation_log;source_training_log,79,inline_or_pointer_present,ok,759224050424d6579a07a98b5981ad07c2c7109b70cacadf318fd9f96eb63cb4
experiment_tracking/fo_terminal_stage2_mcts_terminal_results_20260903.csv,7,historical_or_supporting,1,job_id;source_training_job_id;source_checkpoint;source_training_log;source_policy_log;source_mcts_log,7,inline_or_pointer_present,ok,97422d86eebe1af0b029cec37569fd157b7ec46f0e6797481c048d84ad60258c
experiment_tracking/fo_terminal_stage2_mcts_terminal_summary_20260903.csv,2,historical_or_supporting,1,,0,legacy_gap_not_primary,ok,d1c2d8cc37475b02bb939d26499411f5131c3fadf9c4470adf42bbcfd96b84a5
experiment_tracking/four_domain_preservation/delivery_anchor_evidence.csv,28,historical_or_supporting,0,manifest_id;original_job_id;final_job_id;original_log;final_log,28,inline_or_pointer_present,ok,35671ae5818f584a1b1e2c7d938dd1c7eb1703e5a32acea32af78f9ebb044c17
experiment_tracking/four_domain_preservation/delivery_stage2_policy_ready.csv,346,historical_or_supporting,0,manifest_id;source_checkpoint_ref;source_training_job_id;training_log,346,inline_or_pointer_present,ok,fa860abdb0e15f4255daa1ad496743d99af06fbd80281527b849d940cde929d0
experiment_tracking/four_domain_preservation/delivery_stage2_policy_reconciliation_20260831.csv,346,historical_or_supporting,1,manifest_id;slurm_job_id;source_training_job_id;source_log,346,inline_or_pointer_present,ok,adbcb877a07652f929e2dfd8833d28a6d7103b39207cbcbf059fb471115bd4e7
experiment_tracking/four_domain_preservation/stable_domain_stage2_seed_pairs_20260902.csv,60,historical_or_supporting,0,stage1_evaluation_log;stage1_training_log;stage2_evaluation_log;stage2_training_job_id;evidence_note,60,inline_or_pointer_present,ok,3814da36e74d5dce9382fd810599754f70f5dc2d3d44cd41c003af3bddf068aa
experiment_tracking/four_domain_preservation/stable_domain_stage2_statistics_20260902.csv,6,historical_or_supporting,1,seed_ledger,6,inline_or_pointer_present,ok,aad3a78ca115e321bdbf789c53fc760165aacfe95a91c3d790e507592a146942
experiment_tracking/four_domain_preservation/stable_domain_stage2_summary_20260901.csv,6,historical_or_supporting,0,,0,not_a_result_table,ok,040cbbf507db711cb8212df0c0afbd5e2417a04dc7c48e2f041e0504aff45b94
experiment_tracking/four_domain_preservation/stable_domain_stage2_summary_20260902.csv,6,historical_or_supporting,0,heldout_evidence;tuning_evaluation_logs;training_provenance,6,inline_or_pointer_present,ok,a971da508d98ed6cced9b8b8fbf8460baff5ee8308be1cb6d67b161a4d832c15
experiment_tracking/four_domain_preservation/terminal_stage2_live_progress_20260831.csv,17,historical_or_supporting,0,job_id;source_log,17,inline_or_pointer_present,ok,bfbdf65558387f3477ec1eb1345256afdc5a10f111008fab209252ee8767055c
experiment_tracking/four_domain_preservation/terminal_stage2_manifest.csv,60,historical_or_supporting,0,manifest_id;source_training_job_id;source_epoch;source_checkpoint,60,inline_or_pointer_present,ok,35cb0fc450d940d8b240f60db781134ecf7aaf34b735937c0183bf1b3f67ec95
experiment_tracking/four_domain_preservation/terminal_stage2_tpp_off_continuation_overrides.csv,1,historical_or_supporting,0,manifest_id;training_logs,1,inline_or_pointer_present,ok,00d1c60fb6c4858db0abac09575cc84f507455bd61b6c41be72b0769bc46b4b1
experiment_tracking/four_domain_preservation/terminal_stage2_tpp_off_curve_node_retries_20260904.csv,37,historical_or_supporting,0,manifest_id;source_checkpoint_ref;source_training_job_id;training_log,37,inline_or_pointer_present,ok,0089e0a5483f6f0ceb270ef9ac59f1a5ae11e89bbb5b6108f96cf5d7c6c5ce20
experiment_tracking/four_domain_preservation/terminal_stage2_tpp_off_policy_ready_20260903.csv,213,historical_or_supporting,0,manifest_id;source_checkpoint_ref;source_training_job_id;training_log,213,inline_or_pointer_present,ok,348be1ac6a2dbfea4916f423c31ac7594e46e34fb1fc7e3dd19816a29faf4185
experiment_tracking/four_domain_preservation/terminal_stage2_tpp_off_policy_retry2_20260904.csv,2,historical_or_supporting,0,manifest_id;source_checkpoint_ref;source_training_job_id;training_log,2,inline_or_pointer_present,ok,53872584ee246ac0399960e2d0f633ab7b64ee43bdb6a88bc4fb003a7f285de1
experiment_tracking/four_domain_preservation/terminal_stage2_tpp_off_policy_retry_20260903.csv,2,historical_or_supporting,0,manifest_id;source_checkpoint_ref;source_training_job_id;training_log,2,inline_or_pointer_present,ok,43858349534fc4b52a7ad49de15499c469fccdf87651ddafedd7246d1e7995a4
experiment_tracking/four_domain_preservation/terminal_stage2_tpp_on_policy_node_retries_20260904.csv,43,historical_or_supporting,0,manifest_id;source_checkpoint_ref;source_training_job_id;training_log,43,inline_or_pointer_present,ok,5ebaabdc9da6a866f2196e86c23342919755fa2dfe4ddca6e3f549a45a337c62
experiment_tracking/four_domain_preservation/terminal_stage2_tpp_on_policy_node_retry2_20260904.csv,4,historical_or_supporting,0,manifest_id;source_checkpoint_ref;source_training_job_id;training_log,4,inline_or_pointer_present,ok,cb5d85ebdcbe6164feefa99094c6ff8b8c70d070f137d283149b1338f0e9d107
experiment_tracking/four_domain_preservation/terminal_stage2_tpp_on_policy_node_retry3_20260904.csv,3,historical_or_supporting,0,manifest_id;source_checkpoint_ref;source_training_job_id;training_log,3,inline_or_pointer_present,ok,7ddb4f75718e3d9c732eb2d7d9365d34a92f049b68b07c5ce4c3d22073235793
experiment_tracking/four_domain_preservation/terminal_stage2_tpp_on_terminal_override_20260904.csv,1,historical_or_supporting,0,manifest_id;training_logs,1,inline_or_pointer_present,ok,9c7f6397fdc91018820a15b2a8af19075a00a8560e0a99d2878b63cfbc3c6728
experiment_tracking/four_domain_preservation/tpp_anchor_evidence.csv,28,historical_or_supporting,0,manifest_id;original_job_id;final_job_id;original_log;final_log,28,inline_or_pointer_present,ok,b21b1b5ebbcdc247e01a0e06b5fc5e0d67cf614839fabde52642469ef0f3d00e
experiment_tracking/four_domain_preservation/tpp_live_progress_20260831.csv,3,historical_or_supporting,0,job_id;source_log,3,inline_or_pointer_present,ok,c041ae3cd9a6e05f61be761ab055d00938c7eeff37f09b8e048b660ddf831a41
experiment_tracking/four_domain_preservation/tpp_off_continuation_provenance_20260903.csv,1,historical_or_supporting,0,original_job_id;continuation_job_id;validation_selected_checkpoint;final_checkpoint;original_training_log;continuation_training_log;provenance_status,1,inline_or_pointer_present,ok,536d73a736c1f88d6f217b167ffc5c6d959182d30ca1681fd617f7b4ce248004
experiment_tracking/four_domain_preservation/tpp_stage2_policy_ready.csv,284,historical_or_supporting,0,manifest_id;source_checkpoint_ref;source_training_job_id;training_log,284,inline_or_pointer_present,ok,854c7914ef31a1bb65fd8132edbd51007aa06af0dec5851e8c33212fd394990b
experiment_tracking/four_domain_preservation/tpp_stage2_policy_reconciliation_20260831.csv,284,historical_or_supporting,1,manifest_id;slurm_job_id;source_training_job_id;source_log,284,inline_or_pointer_present,ok,dc18a504ebe04f4d0edfe1c3ec91b4e33ad7a6dfbb6cc31a5919e5ab73d0ab7f
experiment_tracking/four_domain_preservation/tpp_stage2_vh_off_training_accounting_20260902.csv,8,historical_or_supporting,0,job_id;source_training_log,8,inline_or_pointer_present,ok,c6bf0f868919a3472c62211c39df4fb52db7487df86c033fc29244d4a4a8b97e
experiment_tracking/four_domain_preservation/tpp_stage2_vh_off_training_comparison_20260902.csv,8,historical_or_supporting,1,job_id;epochs_logged;source_training_log,8,inline_or_pointer_present,ok,9f696377abf24a8017ad37aa8147d7c7c32b36f7bb79ab62be06a73d3b2fcbf0
experiment_tracking/four_domain_preservation/zenotravel_anchor_evidence.csv,28,historical_or_supporting,0,manifest_id;original_job_id;final_job_id;original_log;final_log,28,inline_or_pointer_present,ok,765aa68a42edba9b59a49e58aeb611ef7cbfe54b0db13b88798476ea0f8ce7b8
experiment_tracking/four_domain_preservation/zenotravel_stage2_comparisons.csv,4,historical_or_supporting,1,stage2_source_endpoint,4,inline_or_pointer_present,ok,f439b748779e421de1762e9a5cc3c4945a4dcc42a766398b74ae574d40c0e84b
experiment_tracking/four_domain_preservation/zenotravel_stage2_global_selected_policy_results.csv,2,historical_or_supporting,1,job_id;job_name;source_training_job_id;source_evaluation_log;source_training_log,2,inline_or_pointer_present,ok,54db874a5e5cccdd37d51a9286fe2716be44e900e6bcc75252d1dfa42c7d76f3
experiment_tracking/four_domain_preservation/zenotravel_stage2_missing_policy_results.csv,72,historical_or_supporting,1,job_id;job_name;source_training_job_id;source_evaluation_log;source_training_log,72,inline_or_pointer_present,ok,1726f5f24c06e7c7da3dbea07b9bec8068a2c1e069961d3f9b49b0f37102eaff
experiment_tracking/four_domain_preservation/zenotravel_stage2_policy_results.csv,410,historical_or_supporting,1,job_id;job_name;source_training_job_id;source_evaluation_log;source_training_log,410,inline_or_pointer_present,ok,31840029d52c3a26354bacb2dda8c95ac66b151d2d1f10f8a8bbcf083db7fb64
experiment_tracking/held_experiment_priority_20260831.csv,11,historical_or_supporting,0,,0,not_a_result_table,ok,f8c3911d09bfbddc7a1c19faf146a23a0080722973fbcf3c8906459a1dadf23b
experiment_tracking/held_experiment_priority_20260903.csv,10,historical_or_supporting,0,,0,not_a_result_table,ok,956e6b5522bc492a387e0dbfaa042336f1f9dbf6184784c294a4fc0e6ece7c98
experiment_tracking/job_refresh_20260906.csv,51,historical_or_supporting,1,job_id;job_name;logged_timeouts;log_path;completion_record_path,51,inline_or_pointer_present,ok,7bd0df0534ae6949e382b39315a6d8b17692c06ba02e562c43b2acc646b6e1c8
experiment_tracking/large_log_compaction_20260827.csv,17,historical_or_supporting,0,source_path;source_sha256;source_bytes;source_mtime_epoch;source_mtime_iso;job_id;configuration_evidence_found;outcome_evidence_found;compact_path;active_job,17,inline_or_pointer_present,ok,d8e94127dfc1bbd1163b5d7237d42b5e0d2bd916092140d11dd99453c1b08a4f
experiment_tracking/learning_curves/advisor_v2_20260909/a_all_domain_endpoint_evidence.csv,36,historical_or_supporting,1,source_seed_or_statistics_ledger,36,inline_or_pointer_present,ok,4c8a219020f650590fdc9965d86ae650110640f2a7809912618a169f923e3ed0
experiment_tracking/learning_curves/advisor_v2_20260909/c_preserve3_seed_robustness.csv,120,historical_or_supporting,0,stage1_log;stage2_log,120,inline_or_pointer_present,ok,8b474c3a94f5e299c391f0531899f79d48cc300243bd6825024039c0bd063752
experiment_tracking/learning_curves/advisor_v2_20260909/d_mprime_validation_selection_cost.csv,6,historical_or_supporting,1,source,6,inline_or_pointer_present,ok,c5aa3d59ec9dddb6a3f77ecf66f1250e56f78badece7a4b18e66b89dce121c32
experiment_tracking/learning_curves/candidates_20260909/candidate_a_all_domain_outcome_map.csv,36,historical_or_supporting,1,source,36,inline_or_pointer_present,ok,acb36dc866e857baa05b70bc9c5331ad4dc65988f9645c94a81ca44ef7c2764a
experiment_tracking/learning_curves/candidates_20260909/candidate_c_preserve3_seed_changes.csv,120,historical_or_supporting,0,stage1_log;stage2_log,120,inline_or_pointer_present,ok,8b474c3a94f5e299c391f0531899f79d48cc300243bd6825024039c0bd063752
experiment_tracking/learning_curves/candidates_20260909/candidate_d_mprime_validation_diagnostic.csv,60,historical_or_supporting,1,source,60,inline_or_pointer_present,ok,92a4239af788260a7e8aadf6fcfa0504509a08d63a7bf7881c8c82c49fa7e6ce
experiment_tracking/learning_curves/latest/learning_curve_provenance.csv,10,historical_or_supporting,0,source_rows;stage2_training_job_ids;source_training_logs;source_evaluation_logs,10,inline_or_pointer_present,ok,bb3f1fd7d0e7d6eb8c12f75deb8e41f5d93031b167e30cb0796325e63eebeadf
experiment_tracking/learning_curves/latest/rq1_rq3_five_domain_learning_curve_aggregates.csv,210,historical_or_supporting,1,,0,legacy_gap_not_primary,ok,289a27229b562f9fee0c16bcd7d893774ced05e26a1e4394f6790816d110895c
experiment_tracking/learning_curves/latest/rq1_rq3_policy_curve_source.csv,4231,historical_or_supporting,1,evaluation_job_id;stage2_training_job_id;source_training_log;evaluation_log,4231,inline_or_pointer_present,ok,2eb617fa523a3e39df1f43ed2a8f05ac03436fc725a9fa96d23d2cbcc56c45fb
experiment_tracking/learning_curves/stage1_policy_curve_rows_20260909.csv,1980,historical_or_supporting,1,evaluation_job_id;source_training_job_id;source_evaluation_log,1980,inline_or_pointer_present,ok,ffaf83898cdc7fb5c25829c74d4d07f0663c1765c652705c822a2e3dbf003ec4
experiment_tracking/live_experiment_status.csv,238,historical_or_supporting,0,current_result_or_evidence,213,partial_or_empty_provenance,ok,7a8e5517349d1a9f07f3cc318fd4e0b449fdf6d0027fbf474cc4d44483c3e2a3
experiment_tracking/live_experiment_status_20260905_1314.csv,9,historical_or_supporting,0,live_jobs;pending_jobs;held_jobs;current_evidence;provenance,9,inline_or_pointer_present,ok,dbb109b2410df9001079726f3a6a5dcf3a66f05e61ea2ed5b570bd41f39b772b
experiment_tracking/live_experiment_status_latest.csv,4,current_canonical,0,jobs;job_ids;row_level_provenance,4,inline_or_pointer_present,ok,64826971b60f7f3b61b6d224d947b417a7946d2b914b66347b91665cc9ebe925
experiment_tracking/live_jobs.csv,187,historical_or_supporting,0,job_id;job_name,187,inline_or_pointer_present,ok,3cf662bf662d72a4583a76decb295ca396ad7363e8753674e0f8a1d487f0c668
experiment_tracking/live_mcts_job_provenance_20260905_1314.csv,51,historical_or_supporting,1,job_id;job_name;logged_timeouts;log_path;completion_record_path,51,inline_or_pointer_present,ok,b974cd5d2d6381915827cb61639670579fe46556ce9fd520d2f45c5c73ae1a94
experiment_tracking/live_mcts_progress_latest.csv,26,current_canonical,1,job_id;job_name;source_evaluation_log;source_completion_ledger,26,inline_or_pointer_present,ok,58c2699cd8c4414e118c867fccbd988d6626d7c26bc1243560eb12f98043e8e4
experiment_tracking/live_pipeline_snapshot.csv,121,historical_or_supporting,0,jobs,121,inline_or_pointer_present,ok,41cb293a23dac0513809de61045524b78b08dab856d617176dbce6906e966719
experiment_tracking/live_snapshot_20260831_2013.csv,21,historical_or_supporting,0,jobs,21,inline_or_pointer_present,ok,20c2150de027cde33a2939104d930dd4340e3c0a6e8972881548a41ae4fe6f28
experiment_tracking/live_snapshot_20260901_0826.csv,19,historical_or_supporting,0,jobs,19,inline_or_pointer_present,ok,9368557a90c3c4a877a20c871367a1444aadfb1b86c4bbd57c4f41be93dfaca4
experiment_tracking/live_snapshot_20260901_0849.csv,5,historical_or_supporting,0,jobs,5,inline_or_pointer_present,ok,6a04fccf5d3167c6552c9375ec4de8badd69cde9548d079cf13e9f8fcd85b91c
experiment_tracking/live_snapshot_20260901_0852.csv,19,historical_or_supporting,0,jobs,19,inline_or_pointer_present,ok,2297c88fe05b7b536fa465a5ae6d0f555254cc1cc37d4d9e193f4b4f21c2e74d
experiment_tracking/live_snapshot_20260901_1022.csv,16,historical_or_supporting,0,jobs;evidence,16,inline_or_pointer_present,ok,68fefe89f78ac325ca1d5e3180834c47514983b48e48248002037d677b8da508
experiment_tracking/live_snapshot_20260901_1037.csv,15,historical_or_supporting,0,jobs;evidence,15,inline_or_pointer_present,ok,309f6c60b86976f3671b543ff2829ed75317d13a2c255b20484caf916d1c83ba
experiment_tracking/live_training_progress_latest.csv,0,current_canonical,1,job_id;job_name;last_valid_checkpoint;source_training_log,0,inline_or_pointer_present,ok,160633486bd2c0a49ebbd4d91580631251eabec229a2de2a2215b59aa1e65ec8
experiment_tracking/long_drone_endpoint_results.csv,6,historical_or_supporting,1,source_training_job;checkpoint_role;policy_job_id;policy_log;mcts_job_id;mcts_log,6,inline_or_pointer_present,ok,8b7b95f5cc67a61d27af41c2946e96f4ff4099d043b4dfb2b2ede5045bc27ec0
experiment_tracking/main_val_stage2_drone_mcts_gap.csv,20,historical_or_supporting,1,source_training_job_id;source_policy_job_id;mcts_job_id;source_record,20,inline_or_pointer_present,ok,999678f644f42a440afecd111e8c059549fb2ee01d7057193f1edfe50c0e850c
experiment_tracking/main_val_stage2_drone_mcts_manifest.csv,16,historical_or_supporting,0,manifest_id;source_checkpoint_ref;checkpoint_selection;source_training_job_id,16,inline_or_pointer_present,ok,b9071f256085cfcbd7516935636710414aedcebb416cdfa949472ab3433b3810
experiment_tracking/main_val_stage2_drone_mcts_summary_20260901.csv,2,historical_or_supporting,1,,0,legacy_gap_not_primary,ok,e7714e5db3f3c0257baff792d5455f7cf33c838843e8c117a16209c238bceac8
experiment_tracking/main_val_stage2_drone_mcts_terminal_20260831.csv,15,historical_or_supporting,1,mcts_job_id;source_log,15,inline_or_pointer_present,ok,df387cb9944375c78b6af5eb90942c89feb4d9dcd3d46f454328f18c123f37cc
experiment_tracking/mcts_counters_width_sensitivity/empty_policy_manifest.csv,0,historical_or_supporting,0,manifest_id;source_checkpoint_ref;checkpoint_selection;source_training_job_id,0,inline_or_pointer_present,ok,84d23663bb7d3361b8ef71466100eb4fdeeb860d4fe4efe6061602666a594aa5
experiment_tracking/mcts_counters_width_sensitivity/main_term_stage2_narrow_held_manifest.csv,20,historical_or_supporting,0,manifest_id;source_checkpoint_ref;checkpoint_selection;source_training_job_id,20,inline_or_pointer_present,ok,1d2681405097e322ba976e79e0a4ee6e6230d5161828f1c05b29bf7983d9f526
experiment_tracking/mcts_counters_width_sensitivity/manifest.csv,20,historical_or_supporting,0,manifest_id;source_checkpoint_ref;checkpoint_selection;source_training_job_id,20,inline_or_pointer_present,ok,b1699624ebdc234edd3513934e647da60559558f4d3357636a0451235fc9a6ef
experiment_tracking/mcts_counters_width_sensitivity/posthoc_partial_val_results.csv,11,historical_or_supporting,0,source_job;source_state;val_job;source_log;val_log,11,inline_or_pointer_present,ok,0def16766df2070bf61fe8e35513083e35d5a36bc534dc886f982ef8af47ca72
experiment_tracking/mcts_counters_width_sensitivity/stage1_narrow_regression_audit_20260902.csv,3,historical_or_supporting,1,narrow_job;completion_ledger,3,inline_or_pointer_present,ok,4aa26c3b8ab969b24b2079ec5fbe4008e2bed871bc7b612f290108dd207dd72d
experiment_tracking/mcts_counters_width_sensitivity/stage1_narrow_terminal_results.csv,20,historical_or_supporting,1,job_id;source_training_job_id;checkpoint_epoch;source_evaluation_log,20,inline_or_pointer_present,ok,6e73dac5fc1d844133f97b9fa70c2a821eced453b8f98f61cf5b9894fd93fb8d
experiment_tracking/mcts_counters_width_sensitivity/stage2_narrow_live_reconciliation_20260831.csv,20,historical_or_supporting,1,manifest_id;slurm_job_id;source_training_job_id;source_log,20,inline_or_pointer_present,ok,d94cbc8a85601e752f480d8692ec7a05dfd7be363a55137ace51d3ed4932c1b1
experiment_tracking/mcts_counters_width_sensitivity/stage2_narrow_matched_10seed.csv,20,historical_or_supporting,0,job_id;source_log,20,inline_or_pointer_present,ok,621c6d949ace9d6b5e2ada0cd8cf4cb77d6d82c3904787ce83d7d90bd626678c
experiment_tracking/mcts_counters_width_sensitivity/stage2_narrow_pair_audit.csv,354,historical_or_supporting,1,policy_job;mcts_job;policy_job_state;mcts_job_state;policy_log;mcts_log,354,inline_or_pointer_present,ok,bcee503890c59c255e102da5260f0d99931df408d695df3a15b5d3dfb847bf8d
experiment_tracking/mcts_counters_width_sensitivity/stage2_narrow_release.csv,20,historical_or_supporting,0,job_id;manifest_id,20,inline_or_pointer_present,ok,bd00a5a3ca6128ba6768133b6b644d5534c63a687036aa57a13bf536b617cd22
experiment_tracking/mcts_counters_width_sensitivity/stage2_narrow_summary_10seed.csv,6,historical_or_supporting,1,,0,legacy_gap_not_primary,ok,8a457f43b12840e22bede42eb4606afbb4921347e1317c01c47d988ac237604b
experiment_tracking/mcts_counters_width_sensitivity/stage2_narrow_terminal3_cutoffs.csv,3,historical_or_supporting,1,manifest_id;job_id;source_log,3,inline_or_pointer_present,ok,0bea46b8016f9ab6884aa9ca117749a101c7399463c3363a80c6790a353d4bf9
experiment_tracking/mcts_counters_width_sensitivity/stage2_narrow_terminal3_input.csv,3,historical_or_supporting,1,manifest_id;slurm_job_id;source_training_job_id;source_log,3,inline_or_pointer_present,ok,bb3d780a5a060dac1d5ea01aca8b4132b3f3126b7fa7c2ed3ccc63372e0809e2
experiment_tracking/mcts_counters_width_sensitivity/stage2_narrow_terminal3_instances.csv,166,historical_or_supporting,1,manifest_id;job_id;source_log;instance_path,166,inline_or_pointer_present,ok,33505e8f7d61a7d3b0e06ae5195ee885cc0966af40610a9f65c94b42af04bb2b
experiment_tracking/mcts_counters_width_sensitivity/stage2_narrow_terminal_results.csv,14,historical_or_supporting,1,job_id;source_training_job_id;checkpoint_epoch;source_evaluation_log,14,inline_or_pointer_present,ok,5b6b3c6b2b835b0968c832fc8707ae4bb1dfa3ef9a1b46d357673590da39fb11
experiment_tracking/mcts_counters_width_sensitivity/stage2_policy_only_failure_summary.csv,3,historical_or_supporting,0,source,3,inline_or_pointer_present,ok,9fcc06af0fa731d2f59d11e21b74acfed725b2e91b5da16761466274731261c7
experiment_tracking/mcts_counters_width_sensitivity/stage2_policy_only_trajectory_audit.csv,12,historical_or_supporting,0,policy_actions_logged;mcts_actions_logged;policy_log,12,inline_or_pointer_present,ok,8a0bc9a1cfed10afe26d118185f60ba56575ed192a97f1c2f83b0d5a19385692
experiment_tracking/mcts_determinism_audit/checksum_summary.csv,4,historical_or_supporting,0,,0,not_a_result_table,ok,1b7db9acb49eba6aa2c1c2e60823e54223ac25429893d102329e2584a47db7a9
experiment_tracking/mcts_determinism_audit/followup_candidates.csv,3,historical_or_supporting,1,arm_a_job;arm_b_job,3,inline_or_pointer_present,ok,597e86c7daf2c4091260dadbb10b3b14b17acec1d68369e33f9ba4d0b58177e2
experiment_tracking/mcts_determinism_audit/followup_results.csv,6,historical_or_supporting,1,job_id;source_log,6,inline_or_pointer_present,ok,3c844a67bb6179d3609921f07eb381b6f117c04032495d8d9629db08a3b6ca17
experiment_tracking/mcts_determinism_audit/manifest.csv,6,historical_or_supporting,0,checkpoint_epoch;job_id;dependency_job_id,6,inline_or_pointer_present,ok,81fecaca96bbe0a49b7d64c1cd71e41f2fbf1cf232b9a2809429c5bc3634eaca
experiment_tracking/mcts_determinism_audit/results.csv,6,historical_or_supporting,1,job_id;source_log,6,inline_or_pointer_present,ok,9a5438a2561699be52fa914a15bf6c325a94c7a666aee5b74eef7d774a5f93c7
experiment_tracking/mcts_horizon_binding/counters_manifest.csv,8,historical_or_supporting,0,manifest_id;source_training_job_id;source_checkpoint,8,inline_or_pointer_present,ok,1b729d3c871abaa1367710b44966a5c26203bbba7242a9c21898f48d1411637a
experiment_tracking/mcts_horizon_binding/horizon_completion_records_20260902.csv,138,historical_or_supporting,0,job_id;instance_path;source_evaluation_log;source_completion_ledger,138,inline_or_pointer_present,ok,58157c660a33d75378c5f755571e95b72720d49cc8cb94f16a7c7544047105ea
experiment_tracking/mcts_horizon_binding/horizon_counters_results_20260904.csv,8,historical_or_supporting,1,manifest_id;slurm_job_id;source_training_job_id;source_log,8,inline_or_pointer_present,ok,8bd6dbf380969f67d45c29cc095f884ad30bf3a14bdc0e457e94dcd9407b6c73
experiment_tracking/mcts_horizon_binding/live_counters_lower_bounds_20260901_1022.csv,8,historical_or_supporting,1,job_id;source_log,8,inline_or_pointer_present,ok,60b35bdbd4d542dca75d95592d181926ea96d504b47c410e41db4512cc61746d
experiment_tracking/mcts_horizon_binding/live_counters_lower_bounds_20260901_2304.csv,8,historical_or_supporting,1,job_id,8,inline_or_pointer_present,ok,08fa63d3361e8cdcb84db5f6be9127b1d4c67a8258636b199dbd11bc7a93f077
experiment_tracking/mcts_horizon_binding/manifest.csv,20,historical_or_supporting,0,job_id;source_log,0,partial_or_empty_provenance,ok,1ce923d8b996fe02b29c0cd6790e248dcf17463922c14f06e411f6d5d7540cc2
experiment_tracking/mcts_horizon_binding/results.csv,20,historical_or_supporting,1,job_id;source_evaluation_log;source_validation_log,20,inline_or_pointer_present,ok,4b37f5027d6952335b3d5b73ba0c23567da88887b4b201f986727a57b3116f3a
experiment_tracking/mcts_horizon_pilot/difference_audit.csv,2,historical_or_supporting,1,,0,legacy_gap_not_primary,ok,5a980b7cadcf996f805f543067ddb27b8a6684308dfc62074c4ea69cd55a9571
experiment_tracking/mcts_horizon_pilot/posthoc_val_20666467.csv,10,historical_or_supporting,1,evaluation_job_id;evaluation_log;validation_log,10,inline_or_pointer_present,ok,26c5017330c9743accd19c90d44c958b6fe56a3a5713eaec89b46e117cf427bf
experiment_tracking/mcts_horizon_pilot/posthoc_validation_job.csv,1,historical_or_supporting,0,job_id,1,inline_or_pointer_present,ok,3e70af8d31356a1ba7f62f12a4dce3eb37eb2cb4fd6c4c04e793e3db0c356883
experiment_tracking/mcts_horizon_pilot/results.csv,10,historical_or_supporting,1,job_id;baseline_job_id;evaluation_log;validation_log,10,inline_or_pointer_present,ok,73ab23f05605a51bb3337ac2c39b84dab391cad2bd8ef79d2b91a164604f1464
experiment_tracking/mcts_interruption_audit_inventory_20260907.csv,163,historical_or_supporting,0,job_id;source_log;source_ledgers,163,inline_or_pointer_present,ok,df1313851b22d1865261381b608ebe8c0c6af749f1814d59bca9f6640043da90
experiment_tracking/mcts_interruption_opportunity_instances_20260907.csv,31,historical_or_supporting,0,job_id;instance_path;source_log;completion_ledger;source_result_ledger,31,inline_or_pointer_present,ok,0463c4db40105c756b8c4fdbdf4278b4d17ba29d83c2aa6dd49f34e4063c5732
experiment_tracking/mcts_interruption_opportunity_jobs_20260907.csv,23,historical_or_supporting,1,job_id;missing_instance_paths;source_log;completion_ledger;completion_ledger_exists;source_log_exists;source_result_ledger,23,inline_or_pointer_present,ok,0a69fde8b31219940033d6708422a20f569b2c8eddabdeca50c9093f3b54ffc7
experiment_tracking/mcts_interruption_opportunity_summary_20260907.csv,5,historical_or_supporting,0,interrupted_jobs_with_missing_instances,5,inline_or_pointer_present,ok,874b5a9f01d1d6bb27c88e8fe09ff578a0e44001b7b5efe83bda038633d550cd
experiment_tracking/mcts_paired_seed_results.csv,100,historical_or_supporting,1,unprocessed_after_job_end;policy_log;mcts_log,100,inline_or_pointer_present,ok,b2876470e03955d1e774cdf59f68aa23d61b65249ee90d1f2aa10c1f9e947ff6
experiment_tracking/mcts_progressive_widening_cross_domain/comparative_summary_20260901_1022.csv,10,historical_or_supporting,1,,0,legacy_gap_not_primary,ok,28c58212b37639e3eb136f60cae6ab79929a98bf57512e52774b765b069ed6f6
experiment_tracking/mcts_progressive_widening_cross_domain/comparative_summary_20260901_2304.csv,10,historical_or_supporting,1,,0,legacy_gap_not_primary,ok,5b34ddba3a9c67de4d77086a829731ad01d6bd69b9651583b40d2eb1deaf9e6a
experiment_tracking/mcts_progressive_widening_cross_domain/counters_divergence_cutoffs_20260904.csv,6,historical_or_supporting,1,manifest_id;job_id;source_log,6,inline_or_pointer_present,ok,2c92e3339109d363bf1b644db284a625893e2b7df69516c920e3838a83c91a5c
experiment_tracking/mcts_progressive_widening_cross_domain/counters_divergence_instances_20260904.csv,251,historical_or_supporting,1,manifest_id;job_id;source_log;instance_path,251,inline_or_pointer_present,ok,fe6018a7b732717c3484c5cc778f1503827490c3c41b6c2083ea242bad388dd0
experiment_tracking/mcts_progressive_widening_cross_domain/counters_divergence_results_20260904.csv,6,historical_or_supporting,1,manifest_id;slurm_job_id;source_training_job_id;source_log,6,inline_or_pointer_present,ok,1846623efdacb10b1696926a6c8effc88a2be520636bfafacc880f7f4a2732a8
experiment_tracking/mcts_progressive_widening_cross_domain/counters_divergence_status_20260907.csv,3,historical_or_supporting,0,pw20_log;pw70_job_id;pw70_log,3,inline_or_pointer_present,ok,614bcef57912e7074d11d9e1fd62b272ada21e4b474a302c085bfcf0bdc1022e
experiment_tracking/mcts_progressive_widening_cross_domain/counters_pw70_five_seed_20260906.csv,10,historical_or_supporting,0,job_id;log,10,inline_or_pointer_present,ok,1309f3257683ed836e24b0455fae0730e30bad718aed8e037683fdcb94929dc2
experiment_tracking/mcts_progressive_widening_cross_domain/counters_stage1_divergence_recovery_manifest.csv,6,historical_or_supporting,1,manifest_id;source_checkpoint;source_training_job_id;source_training_log;source_policy_log;source_narrow_log,6,inline_or_pointer_present,ok,93c27a56a239c27e0258e0c8fb3c5ba28cb79c029da31c61b89641cebd3ca7c6
experiment_tracking/mcts_progressive_widening_cross_domain/fo_off_2082152039_recovery_attempt_audit_20260909.csv,2,historical_or_supporting,0,attempt_job_id;source_script;source_log,2,inline_or_pointer_present,ok,18b1dba52c09b98dfe3f2fb4ca8d3491ab5cbd0f351a4a6a98547a892dd4ed0b
experiment_tracking/mcts_progressive_widening_cross_domain/fo_off_2082152039_single_instance_recovery_20260909.csv,1,historical_or_supporting,0,source_job_id;source_checkpoint;recovery_job_id;output_log;source_result_ledger,1,inline_or_pointer_present,ok,5ecaf999f71e1aa541fd8fa8a577c28f39af8e8cf4a0f28b5d0ea174b14d4596
experiment_tracking/mcts_progressive_widening_cross_domain/live_cutoff_lower_bounds_20260831.csv,20,historical_or_supporting,1,manifest_id;job_id;source_log,20,inline_or_pointer_present,ok,12fa5d352bbf9f0b04096d4fb4d31d8ad2157b3f47e6ab1ebab153aa7ded0efc
experiment_tracking/mcts_progressive_widening_cross_domain/live_instances_20260831.csv,582,historical_or_supporting,1,manifest_id;job_id;source_log;instance_path,582,inline_or_pointer_present,ok,6a0746aa3da0578d4f941dcd96f7c2ebb5be756b425c6ed68575bdf7df84528c
experiment_tracking/mcts_progressive_widening_cross_domain/live_reconciliation_20260831.csv,20,historical_or_supporting,1,manifest_id;slurm_job_id;source_training_job_id;source_log,20,inline_or_pointer_present,ok,5dfe90ef23c9a672753406261414da3c0ac3b9161575f21219cf9a2952a7dec2
experiment_tracking/mcts_progressive_widening_cross_domain/matched_fixed_block_grouping.csv,4,historical_or_supporting,1,manifest_id;slurm_job_id;source_log,4,inline_or_pointer_present,ok,90dd6d4f16c245a4ddd7e040f75adbd04aaf86e75c1a9a1e03c989a0185ff9f6
experiment_tracking/mcts_progressive_widening_cross_domain/matched_fixed_terminal_comparators.csv,3,historical_or_supporting,1,manifest_id;slurm_job_id;source_log,3,inline_or_pointer_present,ok,a28dcbf7c350a8a9def4ba6ee97ab7e9df97d88ae57c604bb3fadcdd5c5ab33e
experiment_tracking/mcts_progressive_widening_cross_domain/mixed_pw20_pw70_comparison_20260906.csv,10,historical_or_supporting,1,,0,legacy_gap_not_primary,ok,7778d47b67c698a3458ebd0a75bc131f9b70961b5fae72248159269724da73bf
experiment_tracking/mcts_progressive_widening_cross_domain/pilot_manifest.csv,20,historical_or_supporting,1,manifest_id;source_checkpoint;source_training_job_id,20,inline_or_pointer_present,ok,29a1e2b3c6f8a638f4e2f92b74657d8217eac99e90d9b36e30696401ffb6a9d3
experiment_tracking/mcts_progressive_widening_cross_domain/pw20_block_grouping_diagnostics.csv,5,historical_or_supporting,1,source_log,5,inline_or_pointer_present,ok,763a8267b63f0e7d8997c97c728c88b0c9c87ec5973e4eeaa92881dc9c860f18
experiment_tracking/mcts_progressive_widening_cross_domain/pw70_confirmation_summary_20260906.csv,6,historical_or_supporting,1,row_level_provenance,6,inline_or_pointer_present,ok,21ba43e59001f2c82a119a83d88ed46c1c52e309d4a3e49a0003785c0f21a4f3
experiment_tracking/mcts_progressive_widening_cross_domain/pw70_confirmatory_cutoffs_20260904.csv,18,historical_or_supporting,1,manifest_id;job_id;source_log,18,inline_or_pointer_present,ok,7a870c94138ebd77bf3949827cb996c4a487eb68f1c87a8b55bb9e34ab60c09d
experiment_tracking/mcts_progressive_widening_cross_domain/pw70_confirmatory_expansion_manifest.csv,18,historical_or_supporting,1,manifest_id;source_checkpoint;source_training_job_id,18,inline_or_pointer_present,ok,70bad40dad3557e3a788730586dbe5611631dce73a4678a73b3869b886b136bc
experiment_tracking/mcts_progressive_widening_cross_domain/pw70_confirmatory_instances_20260904.csv,538,historical_or_supporting,1,manifest_id;job_id;source_log;instance_path,538,inline_or_pointer_present,ok,c76e4ee787699bc475087d30bd74eb41a4c0299145b9a14659f779ff43cde2ec
experiment_tracking/mcts_progressive_widening_cross_domain/pw70_confirmatory_results_20260904.csv,18,historical_or_supporting,1,manifest_id;slurm_job_id;source_training_job_id;source_log,18,inline_or_pointer_present,ok,d171c256a219a38a71fca8d47f4571bcdad640ee7330ae698bdc944707c3cb47
experiment_tracking/mcts_progressive_widening_cross_domain/pw70_confirmatory_seed_results_20260904.csv,20,historical_or_supporting,1,source_pw_log;source_fixed_log,20,inline_or_pointer_present,ok,dff73df04698d5115e6724d19c9fa0f9898ed5d3eefa1e6234460f80fdc0c40f
experiment_tracking/mcts_progressive_widening_cross_domain/pw70_confirmatory_statistics_20260904.csv,4,historical_or_supporting,1,,0,legacy_gap_not_primary,ok,adfef19a3c88f2d9d20d620f824c5cd9ec16249b0136baefda22591dd63400c6
experiment_tracking/mcts_progressive_widening_cross_domain/pw70_confirmatory_terminal_20260903.csv,3,historical_or_supporting,1,job_id;source_training_job_id;source_checkpoint;source_evaluation_log;source_manifest,3,inline_or_pointer_present,ok,ee3e9b2ac46617d163c81892c0c0d0b6bf9182c3333c4a2d42bde78db2809a29
experiment_tracking/mcts_progressive_widening_cross_domain/pw70_followup_cutoffs_20260904.csv,12,historical_or_supporting,1,manifest_id;job_id;source_log,12,inline_or_pointer_present,ok,1448de4a6871c27d1ad9ff1c56ad6cba56f16a6bdc4964b3d078203a04be2bb8
experiment_tracking/mcts_progressive_widening_cross_domain/pw70_followup_cutoffs_20260906.csv,12,historical_or_supporting,1,manifest_id;job_id;source_log,12,inline_or_pointer_present,ok,1448de4a6871c27d1ad9ff1c56ad6cba56f16a6bdc4964b3d078203a04be2bb8
experiment_tracking/mcts_progressive_widening_cross_domain/pw70_followup_instances_20260904.csv,476,historical_or_supporting,1,manifest_id;job_id;source_log;instance_path,476,inline_or_pointer_present,ok,aad99cea2ff8197f6ec340187096d3392f30046961bab0d7098e4d97e63c1f72
experiment_tracking/mcts_progressive_widening_cross_domain/pw70_followup_manifest.csv,12,historical_or_supporting,1,manifest_id;source_checkpoint;source_training_job_id,12,inline_or_pointer_present,ok,8ccaa49a2d4f3894f441673332c1638ea6988a5e8f18fd3d54ecd9b52b25710e
experiment_tracking/mcts_progressive_widening_cross_domain/pw70_followup_reconciliation_20260902.csv,12,historical_or_supporting,1,manifest_id;slurm_job_id;source_training_job_id;source_log,12,inline_or_pointer_present,ok,c278bc1228ceb77761843f729bb1d13cd63b3badf2a0372696fb18b99465c91d
experiment_tracking/mcts_progressive_widening_cross_domain/pw70_followup_results_20260904.csv,12,historical_or_supporting,1,manifest_id;slurm_job_id;source_training_job_id;source_log,12,inline_or_pointer_present,ok,5092f90a3af94b45fceeaa6af2525f2b6569bea4da04f689a66fd81ffc86c734
experiment_tracking/mcts_progressive_widening_cross_domain/pw70_live_summary_20260905.csv,10,historical_or_supporting,1,row_level_provenance,10,inline_or_pointer_present,ok,3332274660f8a0f60b2108c072028e2e7be10651e49fb4b71f61b943a92d1d23
experiment_tracking/mcts_progressive_widening_cross_domain/pw70_live_summary_20260907.csv,10,historical_or_supporting,1,row_level_provenance,10,inline_or_pointer_present,ok,1267d5fcac3f05fa39be8ea90da29793d2df7bd062ef27ce78fce4318f85f566
experiment_tracking/mcts_progressive_widening_cross_domain/pw70_live_summary_latest.csv,10,current_canonical,1,row_level_provenance,10,inline_or_pointer_present,ok,24f24cb2ced06c94141fd50e9ca4d7c66affd4c4e7bd5e516c91bfe7486eba67
experiment_tracking/mcts_progressive_widening_cross_domain/pw70_ten_seed_expansion_20260906.csv,20,historical_or_supporting,1,manifest_id;source_checkpoint;source_training_job_id,20,inline_or_pointer_present,ok,cda8b9258a4cabcde1b45c41adbf06f20da09412fea933a5b5f8be0b9fb68aea
experiment_tracking/mcts_progressive_widening_cross_domain/pw70_ten_seed_interim_20260907.csv,4,historical_or_supporting,1,row_level_provenance,4,inline_or_pointer_present,ok,0824ea87c4549cdbfab5c504ffcfc0aad4dadfe096e376bdbd742bf8f0b78bb9
experiment_tracking/mcts_progressive_widening_cross_domain/pw70_ten_seed_jobs_20260907.csv,20,historical_or_supporting,1,job_id;logged_timeouts;source_log;source_checkpoint_manifest,20,inline_or_pointer_present,ok,2b4328dc80cd343b62bbd2969fc5a97225732a4e8d26ef1deafcb3352079019f
experiment_tracking/mcts_progressive_widening_cross_domain/pw70_ten_seed_results_latest.csv,40,current_canonical,1,evidence_status;job_state;pw_job_id;source_policy_log;source_fixed_log;source_pw_log,40,inline_or_pointer_present,ok,5a7316da1dc223d5c5a23d2c0a74f0c6dc6494f7b27c7dd516d705cdc4282902
experiment_tracking/mcts_progressive_widening_cross_domain/pw70_ten_seed_statistics_latest.csv,4,current_canonical,1,row_level_provenance,4,inline_or_pointer_present,ok,a337ebd01259678dba0538ccd41557f8d05c44ce6024f7b517f6690f58c603f8
experiment_tracking/mcts_progressive_widening_cross_domain/results.csv,2,historical_or_supporting,1,manifest_id;policy_job;fixed_job;pw_job;source_pw_log,2,inline_or_pointer_present,ok,216f6a49aa7d90154374f7eaf1dd92bba465c001a6b7d831ea1724052db7ffd9
experiment_tracking/mcts_progressive_widening_cross_domain/terminal_additions_20260831.csv,3,historical_or_supporting,1,manifest_id;slurm_job_id;source_log,3,inline_or_pointer_present,ok,ec2832619ea5039c2304068d0993d38cde223c332281604e11bd766da5fe1b91
experiment_tracking/mcts_progressive_widening_cross_domain/terminal_results_20260901.csv,20,historical_or_supporting,1,manifest_id;fixed_job;pw_job;source_pw_log,20,inline_or_pointer_present,ok,e20ad2f3d0476abb45ae74479d1ab8020d1889b3a5eacdd810c7432125667350
experiment_tracking/mcts_progressive_widening_pilot/results.csv,19,historical_or_supporting,1,job_id;fixed_top20_job_id;source_log,19,inline_or_pointer_present,ok,008984c327c9c96c074880545886c4ceb896ccd9e53dd86b65fe8ef6b857d603
experiment_tracking/mcts_progressive_widening_pilot/summary.csv,3,historical_or_supporting,1,,0,legacy_gap_not_primary,ok,4cc634f643546e45859777540ce327a7991f55ae0dccd6522aa30ac1c8925e57
experiment_tracking/mcts_progressive_widening_sensitivity/kmin3_extension_manifest.csv,8,historical_or_supporting,1,manifest_id;source_checkpoint;source_training_job_id;histogram_logging,8,inline_or_pointer_present,ok,dce9ca1e19777c76c4abc82056328c5b9b98e6b2123e829cc7a86032d180e68c
experiment_tracking/mcts_progressive_widening_sensitivity/kmin3_runtime_jobs.csv,24,historical_or_supporting,1,job_id;source_checkpoint;source_log,24,inline_or_pointer_present,ok,e873b9dc3444fd13a90094c8e1df48e63037ac7d6ff2fa20ff28fa37b7359d41
experiment_tracking/mcts_progressive_widening_sensitivity/kmin3_runtime_summary.csv,3,historical_or_supporting,1,jobs;mean_job_runtime_seconds,3,inline_or_pointer_present,ok,839bbefe97aac6527797a26d4d617e6571a918c82f49a47f95631efdef01a1cc
experiment_tracking/mcts_progressive_widening_sensitivity/kmin3_success_runtime_instances.csv,160,historical_or_supporting,1,job_id;source_log,160,inline_or_pointer_present,ok,23a9b6dc1fd5f6cf2dc25ffb63eacd09bd86e5cd90db9a7aaf07b18e63424fea
experiment_tracking/mcts_progressive_widening_sensitivity/manifest.csv,16,historical_or_supporting,0,manifest_id;source_checkpoint;source_training_job_id;histogram_logging,16,inline_or_pointer_present,ok,96dc9bc9f97440427952573c02772e78a601bd157b05b96ac99f44fc3ff4105a
experiment_tracking/mcts_progressive_widening_sensitivity/results.csv,17,historical_or_supporting,1,job_id;source_evaluation_log;source_validation_log,17,inline_or_pointer_present,ok,b0d9cbd5c7815382b9084d1a951e8396bc68cda627657f6b28dddeff2ea85e71
experiment_tracking/mcts_puct_balance_feasibility_20260915.csv,6,historical_or_supporting,0,evidence_scope;evidence;source,6,inline_or_pointer_present,ok,0be18f0caedeacab38efb3c95bdf7b295ba2f1f4920fcc97f96965ce882f2b1c
experiment_tracking/mcts_runtime_cutoff_instances_20260831.csv,1807,historical_or_supporting,1,manifest_id;job_id;source_log;instance_path,1807,inline_or_pointer_present,ok,f4cb2b97e665aa8baa433b2da6a552f2afb10793e90dd5d393884edd4c84959e
experiment_tracking/mcts_runtime_cutoff_jobs_20260831.csv,51,historical_or_supporting,1,manifest_id;job_id;source_log,51,inline_or_pointer_present,ok,104a7a6eac0bdb5de555393c29d453ce31f60657a6bd3451a0d88c8ef2be5a76
experiment_tracking/mcts_safe_context/context_revisit_summary.csv,10,historical_or_supporting,0,source_results,10,inline_or_pointer_present,ok,48e3fca4de74a85076a2285000f9bb95c369f213a20e5e4555329a54663489e7
experiment_tracking/mcts_safe_context/corrected_diagnostic_instance_results.csv,12,historical_or_supporting,0,job_id;source_evaluation_log,12,inline_or_pointer_present,ok,d939c08f66d203bd836d9d696925f45d5657dcc2e2c2c87c48d76872e3deba49
experiment_tracking/mcts_safe_context/diagnostic_results.csv,4,historical_or_supporting,1,training_job;checkpoint_epoch;slurm_job;stdout_log;evaluation_log,4,inline_or_pointer_present,ok,c4e72966a2f984ce012c855e95ef8811522d3d513f659b277dacca6362bca3d6
experiment_tracking/mcts_safe_context/full_manifest.csv,20,historical_or_supporting,0,job_id;source_log,0,partial_or_empty_provenance,ok,58322d6e6665c8f6823d37095d54bd77a660c4204e8a3b9a46b38471f75f879f
experiment_tracking/mcts_safe_context/instrumentation_manifest.csv,4,historical_or_supporting,0,job_id;source_log,0,partial_or_empty_provenance,ok,329f9ff10bd223c110c6dca4ca0d525e038942c466388a60fa770eeb3ac037bf
experiment_tracking/mcts_safe_context/live_progress_snapshot.csv,20,historical_or_supporting,1,job_id,20,inline_or_pointer_present,ok,774e08c61c50e962cee7a9069b622e922b8610ee3e274aa0797e9b387dde9c04
experiment_tracking/mcts_safe_context/live_reconciliation_20260831.csv,20,historical_or_supporting,1,manifest_id;slurm_job_id;source_training_job_id;source_log,20,inline_or_pointer_present,ok,678d3f9d5848d350d56a1ca25485254dd15e8e11917d7724cdf0e5938574d592
experiment_tracking/mcts_safe_drone/manifest.csv,3,historical_or_supporting,1,source_training_job;checkpoint;checkpoint_epoch;baseline_mcts_log;job_id;previous_cancelled_job_id,3,inline_or_pointer_present,ok,360f5d32711075878babe212c2bf9d876e1e74e1ee18b764f0db3dc1c6c5c8fa
experiment_tracking/mcts_safe_drone/targeted_results_20260828.csv,4,historical_or_supporting,0,job_id;source_log,4,inline_or_pointer_present,ok,63a96dbd69ff1febbf8c1ec85ed8053c17d4c21967f200f5328ebe302c7b17ff
experiment_tracking/mprime_anchor_phase_b_a_20260912/anchor_evidence_final.csv,14,historical_or_supporting,1,remote_evidence,14,inline_or_pointer_present,ok,19fbf9da7eece47885b860cfffa7f47b1561578382a1ccf250607cd93c6057c4
experiment_tracking/mprime_anchor_phase_b_a_20260912/manifest.csv,28,historical_or_supporting,0,manifest_id;training_job_id;source_training_log;expected_checkpoint_count;validation_manifest_sha256;source_provenance,28,inline_or_pointer_present,ok,cde01c054102d005d6202dd3b529f7d47ceeeabf39cc1e40375943dd43ca4cd6
experiment_tracking/mprime_anchor_phase_b_a_20260912/proposed_anchor_freeze_final.csv,2,historical_or_supporting,1,remote_evidence,2,inline_or_pointer_present,ok,02ed9509e9210ca96956c5a8de133224ae80ba470b61b6d702f2aa84d857db20
experiment_tracking/mprime_final_stage2_validation_20260915/live_policy_progress_20260915_1857.csv,1,historical_or_supporting,0,ready_checkpoint_rows;submitted_unique_jobs;terminal_policy_jobs;active_policy_jobs;controller_job_id;active_job_resource;remote_ready_manifest;remote_submission_ledger;remote_controller_log;local_frozen_manifest_snapshot,1,inline_or_pointer_present,ok,63dfa1c7a990bc4a2eefee59aab949dda3b9bf81f9ced6df6b9ced8e5bd34178
experiment_tracking/mprime_final_stage2_validation_20260915/live_policy_ready_20260915_1810.csv,278,historical_or_supporting,0,manifest_id;source_checkpoint_ref;source_checkpoint_sha256;source_training_job_id;training_log,278,inline_or_pointer_present,ok,8c95997a4cefc686b4007a6ef232ef4c4f0c9bedf2b72586eb6bf8e71607a1dd
experiment_tracking/mprime_final_stage2_validation_20260915/live_policy_ready_20260916_0000.csv,401,historical_or_supporting,0,manifest_id;source_checkpoint_ref;source_checkpoint_sha256;source_training_job_id;training_log,401,inline_or_pointer_present,ok,557fd8bc323a45473b4405165313217aaecc71e2464ad37d493260b8a638d51d
experiment_tracking/mprime_final_stage2_validation_20260915/live_policy_ready_20260916_0032.csv,407,historical_or_supporting,0,manifest_id;source_checkpoint_ref;source_checkpoint_sha256;source_training_job_id;training_log,407,inline_or_pointer_present,ok,3854dc971a60a77c12556a2aab663dc051c168b048527db332c778f3d6a2a065
experiment_tracking/mprime_final_stage2_validation_20260915/manifest.csv,20,historical_or_supporting,0,source_training_job_id;source_epoch;source_checkpoint;source_training_log;selector_source,20,inline_or_pointer_present,ok,cbcc3cec1cb51c4f53d619154f5efacc3a43d06ec6bfe33e3ad9a62c95470ddf
experiment_tracking/mprime_phase_b_a_stage1_mcts_20260913/manifest_off.csv,10,historical_or_supporting,1,manifest_id;checkpoint_selection;source_training_job_id;source_training_log;source_policy_job_id;source_policy_log;checkpoint;selector_source;checkpoint_score_source;checkpoint_score_sha256,10,inline_or_pointer_present,ok,24fed8329ec6e526645ec561a612ee0913a51fff56d78ccc909aaf88bab099f5
experiment_tracking/mprime_phase_b_a_stage1_mcts_20260913/manifest_on.csv,10,historical_or_supporting,1,manifest_id;checkpoint_selection;source_training_job_id;source_training_log;source_policy_job_id;source_policy_log;checkpoint;selector_source;checkpoint_score_source;checkpoint_score_sha256,10,inline_or_pointer_present,ok,04602da719262b29c977632175e4e0d206fbde3d143e78fc7ddc7164770163ab
experiment_tracking/mprime_phase_b_a_stage1_mcts_20260913/recovery_manifest_20260914.csv,15,historical_or_supporting,0,manifest_index;source_job_id;source_attempt_log,15,inline_or_pointer_present,ok,a184a352e64af6f4d785a3cf8e69d820d3c19fa5034126b00350c42096ca076a
experiment_tracking/mprime_phase_b_a_stage1_mcts_20260913/results_20260914/mprime_rq_extension.csv,12,historical_or_supporting,1,evidence_status;row_level_provenance,12,inline_or_pointer_present,ok,9a43ada70a70e00c99912448856a49b77376d1e83f08601d5dc79eb94e376cf5
experiment_tracking/mprime_phase_b_a_stage1_mcts_20260913/results_20260914/per_instance_results.csv,400,historical_or_supporting,1,source_job_id;source_attempt_log;source_completion_record;source_training_job_id;source_policy_job_id;checkpoint,400,inline_or_pointer_present,ok,f148cd52f0e7dfb51ec3a94280ce1f051cfc8c3f89e57f001b634b05244bb5db
experiment_tracking/mprime_phase_b_a_stage1_mcts_20260913/results_20260914/per_seed_results.csv,20,historical_or_supporting,1,source_training_job_id;source_policy_job_id;source_training_log;source_policy_log;checkpoint,20,inline_or_pointer_present,ok,bec44b3051709c0b4b6aa4aacd15cde8247c93b2f37f21516b94feb5c5b1a02a
experiment_tracking/mprime_phase_b_a_stage1_pw70_20260913/manifest.csv,4,historical_or_supporting,1,manifest_id;checkpoint_selection;source_training_job_id;source_training_log;source_policy_job_id;source_policy_log;checkpoint;source_fixed_manifest;source_fixed_manifest_sha256;selector_source;checkpoint_score_source;checkpoint_score_sha256,4,inline_or_pointer_present,ok,fbfae4752e19534cf12b40a579fef2ea72b8a8a543fa53480a5bc21909f33a20
experiment_tracking/mprime_phase_b_a_stage1_pw70_20260913/manifest_confirmation_part1.csv,4,historical_or_supporting,1,manifest_id;checkpoint_selection;source_training_job_id;source_training_log;source_policy_job_id;source_policy_log;checkpoint;source_fixed_manifest;source_fixed_manifest_sha256;selector_source;checkpoint_score_source;checkpoint_score_sha256,4,inline_or_pointer_present,ok,94ed3ebf2d5e15c4c5c742f3a9bc936b56c4130deda9b782ad5568344c816c45
experiment_tracking/mprime_phase_b_a_stage1_pw70_20260913/manifest_confirmation_part2.csv,4,historical_or_supporting,1,manifest_id;checkpoint_selection;source_training_job_id;source_training_log;source_policy_job_id;source_policy_log;checkpoint;source_fixed_manifest;source_fixed_manifest_sha256;selector_source;checkpoint_score_source;checkpoint_score_sha256,4,inline_or_pointer_present,ok,0e4119c6cee1544cf047e3e82685b49b160c55b9a3094027d7ce1f9df5bed0e0
experiment_tracking/mprime_phase_b_a_stage1_pw70_20260913/manifest_confirmation_part3.csv,4,historical_or_supporting,1,manifest_id;checkpoint_selection;source_training_job_id;source_training_log;source_policy_job_id;source_policy_log;checkpoint;source_fixed_manifest;source_fixed_manifest_sha256;selector_source;checkpoint_score_source;checkpoint_score_sha256,4,inline_or_pointer_present,ok,05695f7f74171e9c9fbe8e00c71498dade444d17dc7270e511205aa04a0a1ea5
experiment_tracking/mprime_phase_b_a_stage1_pw70_20260913/manifest_confirmation_part4.csv,4,historical_or_supporting,1,manifest_id;checkpoint_selection;source_training_job_id;source_training_log;source_policy_job_id;source_policy_log;checkpoint;source_fixed_manifest;source_fixed_manifest_sha256;selector_source;checkpoint_score_source;checkpoint_score_sha256,4,inline_or_pointer_present,ok,b74d7f74f7984123986e1af2e3b3eb30d36511435a9ce70ad5cc40671d8772d7
experiment_tracking/mprime_phase_b_a_stage1_pw70_20260913/manifest_confirmation_remaining.csv,16,historical_or_supporting,1,manifest_id;checkpoint_selection;source_training_job_id;source_training_log;source_policy_job_id;source_policy_log;checkpoint;source_fixed_manifest;source_fixed_manifest_sha256;selector_source;checkpoint_score_source;checkpoint_score_sha256,16,inline_or_pointer_present,ok,2e93648af4745f0f59d3efc888b1cf2c461cb28ec36237cd64180e78d5611bd5
experiment_tracking/mprime_phase_b_a_stage1_pw70_20260913/results_20260914.csv,4,historical_or_supporting,1,job_id;stdout_log,4,inline_or_pointer_present,ok,fcca7b1f64cd2b12abf3f854236734cff6e148256404c117d3aa947df80cb735
experiment_tracking/mprime_phase_b_a_stage1_pw70_20260913/results_final_20260915.csv,20,historical_or_supporting,1,job_id;local_stdout_log;remote_stdout_log;local_completion_ledger;remote_completion_ledger;fixed_seed_source,20,inline_or_pointer_present,ok,6c9559dfe8b0cb63947df10807737f2cbc1512d5d9287bf7e7d71c6ebea90aac
experiment_tracking/mprime_phase_b_live_count_20260909.csv,1,historical_or_supporting,0,total_checkpoint_replicates;tail_array_job;source_root,1,inline_or_pointer_present,ok,ca5536d7b9c1aa6827e0e47276a1e5dbe14a9f549eb9bb0fccd6771b1412da6d
experiment_tracking/mprime_validation_ipc_scale_v1/anchor_policy_ready.csv,378,historical_or_supporting,0,manifest_id;source_checkpoint_ref;source_training_job_id;training_log,378,inline_or_pointer_present,ok,4905c670eb93d5ee56b3c4f5f0dd1e17072dabc7532e274aa6496e6c7fe5f39d
experiment_tracking/mprime_validation_ipc_scale_v1/anchor_rescore_status_20260901_1022.csv,4,historical_or_supporting,0,last_failed_jobs,4,inline_or_pointer_present,ok,68afd4b591a7d2229eabec871aa8da05e4c717238e3e9a73ab4b04176b0baad1
experiment_tracking/mprime_validation_ipc_scale_v1/anchor_selection_corrected_frozen_20260901.csv,14,historical_or_supporting,1,,0,legacy_gap_not_primary,ok,054654061d8fb5816d7ff4ae385c853b322cacd1612b6acec6dd2d3db017044f
experiment_tracking/mprime_validation_ipc_scale_v1/anchor_selection_frozen.csv,28,historical_or_supporting,0,manifest_id;job_id;source_log,28,inline_or_pointer_present,ok,fba7ba5ddd39c742373f00474f034dc77572bb1d60386da64109fa1b23aff163
experiment_tracking/mprime_validation_ipc_scale_v1/anchor_selection_invalid.csv,28,historical_or_supporting,0,manifest_id;job_id;source_log,28,inline_or_pointer_present,ok,fba7ba5ddd39c742373f00474f034dc77572bb1d60386da64109fa1b23aff163
experiment_tracking/mprime_validation_ipc_scale_v1/anchor_tuning_manifest.csv,28,historical_or_supporting,0,manifest_id;source_training_job_id;source_checkpoint,28,inline_or_pointer_present,ok,c7c033dc8e60da98551b1cbc36f6dc779df61840daab93d78433f6d360d2d5d6
experiment_tracking/mprime_validation_ipc_scale_v1/corrected_endpoint_results.csv,40,historical_or_supporting,1,training_job;evaluation_job;evaluation_log,40,inline_or_pointer_present,ok,d165ab2df64687f5564f057690f3ab8e68f5a9ac3c04ebd01c0caa173844e93d
experiment_tracking/mprime_validation_ipc_scale_v1/corrected_learning_curve_aggregate.csv,33,historical_or_supporting,1,,0,legacy_gap_not_primary,ok,aa36f32e232f41923cd82d1fe9317dbec560b270881f1e4ba0efcf839bb4c940
experiment_tracking/mprime_validation_ipc_scale_v1/mprime_mcts_table_gap_20260904.csv,8,historical_or_supporting,1,policy_checkpoint_scores_available;mcts_jobs_complete;mcts_jobs_required;policy_provenance,8,inline_or_pointer_present,ok,0fff5684cfe030f68063980d56806039920f7c1933af31d01a2a1e1a973ee275
experiment_tracking/mprime_validation_ipc_scale_v1/phase_b_readiness_20260904.csv,9,historical_or_supporting,0,evidence;provenance,9,inline_or_pointer_present,ok,a3ca38cf2d6050a71e9435389c3525c35b3c328c4f300c65a5e54580da32c5ec
experiment_tracking/mprime_validation_ipc_scale_v1/stage1_corrected_validation_manifest.csv,20,historical_or_supporting,0,manifest_id,20,inline_or_pointer_present,ok,d8771550865ec8fc23e69c527ad0a868e6b86ef86377b8ebf6ebdb789e1d0647
experiment_tracking/mprime_validation_ipc_scale_v1/terminal_led_stage2_policy_ready.csv,420,historical_or_supporting,0,manifest_id;source_checkpoint_ref;source_training_job_id;training_log,420,inline_or_pointer_present,ok,931432b7f94bad2fe719d0af9c5be53dbf188286028ba80b83f8c68256854b98
experiment_tracking/mprime_validation_ipc_scale_v1/terminal_led_stage2_selected_results_20260902.csv,20,historical_or_supporting,1,stage2_training_job;stage2_training_log;stage2_evaluation_job;stage2_evaluation_log,20,inline_or_pointer_present,ok,254e1b704b4ab616352794d77deaf043be331c923e8fc8959cb11a703c5d1b6e
experiment_tracking/mprime_validation_ipc_scale_v1/terminal_led_stage2_selected_statistics_20260902.csv,2,historical_or_supporting,1,seed_ledger,2,inline_or_pointer_present,ok,cfec861ead1ebc27cfacb762b204b0ea5a68ed12eacf3cb2317f64a9c2d4db2f
experiment_tracking/mprime_validation_ipc_scale_v1/terminal_stage2_planned_manifest.csv,20,historical_or_supporting,0,manifest_id;source_stage1_training_job;source_checkpoint_ref;source_epoch;source_training_log,20,inline_or_pointer_present,ok,fb048a990d80b641c416174b00ca957f0e4720e5f1213a50b73856a163c90660
experiment_tracking/mprime_validation_ipc_scale_v1/validation_adequacy_phase_a_stage1_seeds_20260903.csv,20,historical_or_supporting,1,checkpoints;source_checkpoint_audit,20,inline_or_pointer_present,ok,fa85a63bc11dd86ad70aaad3ce08a27e25a35b563ebac5890f49e13fbf2a28c7
experiment_tracking/mprime_validation_ipc_scale_v1/validation_adequacy_phase_a_stage1_summary_20260903.csv,2,historical_or_supporting,1,checkpoints;seed_ledger,2,inline_or_pointer_present,ok,57c74088e4c8fad2b5b59968494851ae95504bd521b2c00c7551dbb3b08bbb5b
experiment_tracking/mprime_validation_ipc_scale_v1/validation_adequacy_phase_a_stage2_checkpoints_20260903.csv,840,historical_or_supporting,1,training_job_id;checkpoint;training_log;policy_job_id;policy_log,840,inline_or_pointer_present,ok,58db6062554120b595cd3b8c4d61698e914789360cdb018409b478998545842f
experiment_tracking/mprime_validation_ipc_scale_v1/validation_adequacy_phase_a_stage2_missing_20260903.csv,0,historical_or_supporting,0,training_job_id;checkpoint;training_log,0,inline_or_pointer_present,ok,f6113ed156af935f5f658c57f9dccf37e0df0504b2e776d8b1bb3264d7d6a35f
experiment_tracking/mprime_validation_ipc_scale_v1/validation_adequacy_phase_a_stage2_seeds_20260903.csv,40,historical_or_supporting,1,checkpoints;checkpoint_ledger,40,inline_or_pointer_present,ok,7e51dfff0b9b3813395a84985838c30839c2a24aacf6003168da755f924736a0
experiment_tracking/mprime_validation_ipc_scale_v1/validation_adequacy_phase_a_stage2_summary_20260903.csv,4,historical_or_supporting,1,checkpoints;seed_ledger,4,inline_or_pointer_present,ok,e401ba291a408c661f6f38f0608b8a9b7c8fe5c96655a6b47dbdc16d3ccb31b4
experiment_tracking/mprime_validation_ipc_scale_v1/validation_led_stage2_policy_ready_off.csv,210,historical_or_supporting,0,manifest_id;source_checkpoint_ref;source_training_job_id;training_log,210,inline_or_pointer_present,ok,477a97d3abaefd3acb4d12b64755f880cf0250b4dad4ee81e6d0530695762f75
experiment_tracking/mprime_validation_ipc_scale_v1/validation_led_stage2_policy_ready_on.csv,210,historical_or_supporting,0,manifest_id;source_checkpoint_ref;source_training_job_id;training_log,210,inline_or_pointer_present,ok,24360e3aac6868eab566f831749af5280867d80759bf0968d9792085b5a9edb2
experiment_tracking/mprime_validation_ipc_scale_v1/validation_led_stage2_selected_partial_20260902.csv,6,historical_or_supporting,1,stage2_training_job;stage2_training_log;stage2_evaluation_job;stage2_evaluation_log,6,inline_or_pointer_present,ok,c2ca220c531dcc9e3a90a03556c24ba256c0f124fc54f127336c47182618415f
experiment_tracking/mprime_validation_ipc_scale_v1/validation_led_stage2_selected_results_20260903.csv,20,historical_or_supporting,1,stage1_evaluation_log;stage2_training_job;stage2_training_log;stage2_evaluation_job;stage2_evaluation_log,20,inline_or_pointer_present,ok,b33a7e7460a562f91aa13fbedc663f24a22029dfcc454748ad1925b85d7d5993
experiment_tracking/mprime_validation_ipc_scale_v1/validation_led_stage2_selected_statistics_20260903.csv,2,historical_or_supporting,1,seed_ledger,2,inline_or_pointer_present,ok,59e3dc8e6ee31e7a778ceea2a60c3dc70d53ec02edd9ea24eaabf16be17dae1b
experiment_tracking/mprime_validation_ipc_scale_v1/validation_test_agreement_summary.csv,22,historical_or_supporting,1,,0,legacy_gap_not_primary,ok,cb3f61354d362dbb7815ea9f84fadb9f19455fc49b30d0f793d82265ea1f499f
experiment_tracking/mprime_validation_ipc_scale_v1/validation_test_checkpoint_audit.csv,290,historical_or_supporting,1,manifest_id;training_job;checkpoint;training_log;evaluation_job;evaluation_log,290,inline_or_pointer_present,ok,57558afd3e6af360911ab9f952e13a6e391dec8847c7242bd141816c60f6781e
experiment_tracking/mprime_validation_phase_b_20260906/candidates.csv,240,historical_or_supporting,0,,0,not_a_result_table,ok,f054ab57b40351ca057271817b29005b4e0cd4384323a6871d5b258a50caf5f1
experiment_tracking/mprime_validation_phase_b_20260906/checkpoints.csv,1130,historical_or_supporting,0,checkpoint;training_job;training_log;policy_job;policy_log,1130,inline_or_pointer_present,ok,a78b56da1512eb1cb3187f3186749a78cfb7ab85b93f244c7dff99d0d58dc0ad
experiment_tracking/mprime_validation_phase_b_20260906/frozen_validation_manifest.csv,60,historical_or_supporting,0,val_log;job_id,60,inline_or_pointer_present,ok,3ab7f0ee1ed8b0bb2f799eaf8b7b917c1be713b99b8e331b98b1bd0cb0942bd9
experiment_tracking/mprime_validation_phase_b_20260906/phase_b_cell_selector_comparison_latest.csv,18,current_canonical,1,seed_level_source;job_log_columns,18,inline_or_pointer_present,ok,3c284aabe0432fd6c0002142ddfeb130e868d36749a2c5f9f0a6b6c51af3828f
experiment_tracking/mprime_validation_phase_b_20260906/phase_b_cell_summary_latest.csv,6,current_canonical,1,row_level_provenance,6,inline_or_pointer_present,ok,a11b474d6606377f7829d9b8df3bfe8b655e08dd587e373571b914eb42ef5384
experiment_tracking/mprime_validation_phase_b_20260906/phase_b_checkpoint_scores_latest.csv,1130,current_canonical,1,checkpoint;training_job;training_log;policy_job;policy_log,1130,inline_or_pointer_present,ok,2b055d958a68420079066a2e0ccffe0d91b522552aaadfdc4f925687e89e38dc
experiment_tracking/mprime_validation_phase_b_20260906/phase_b_lineage_selector_comparison_latest.csv,180,current_canonical,1,training_log,180,inline_or_pointer_present,ok,140e60edb050337504a384001f0018919cf9ba54cb99e49e6d0b1a2637cc0aec
experiment_tracking/mprime_validation_phase_b_20260906/phase_b_lineage_summary_latest.csv,60,current_canonical,1,checkpoints_expected;checkpoints_complete_both_replicates;training_log,60,inline_or_pointer_present,ok,ac6a6d2f326731db0f3b24dec64dc7b30269d5dc882c1a5fc41e50e606d2b0b9
experiment_tracking/mprime_validation_phase_b_20260906/planner_task_0.csv,10,historical_or_supporting,0,val_log;job_id,10,inline_or_pointer_present,ok,b645e5d8e7369749084e94e25db85f17fa05a97f1f919166e285cd649c15b61a
experiment_tracking/mprime_validation_phase_b_20260906/planner_task_1.csv,15,historical_or_supporting,0,val_log;job_id,15,inline_or_pointer_present,ok,31e085ae114e292064124a40fd639e4ead6b4ff4b73350dc94d76c1b1de1ee35
experiment_tracking/mprime_validation_phase_b_20260906/planner_task_2.csv,20,historical_or_supporting,0,val_log;job_id,20,inline_or_pointer_present,ok,7144c979163bd732c9fd3e24c29474dec7b4bd90a6b71aeb9fac3083a0288d3c
experiment_tracking/mprime_validation_phase_b_20260906/planner_task_3.csv,10,historical_or_supporting,0,val_log;job_id,10,inline_or_pointer_present,ok,472e5ce8067da75d2c2d8862be735865d5375bb5b805020c4a0ff73f3d525c68
experiment_tracking/mprime_validation_phase_b_20260906/planner_task_4.csv,13,historical_or_supporting,0,val_log;job_id,13,inline_or_pointer_present,ok,d04c4a42acde1c9e0bf544a9f82e2e02917b8e077053511bb9142a11232105b0
experiment_tracking/mprime_validation_phase_b_20260906/planner_task_5.csv,18,historical_or_supporting,0,val_log;job_id,18,inline_or_pointer_present,ok,9424c3a895235d8593127bd60a36eed7aa65e351928e660ba534be11225845e2
experiment_tracking/mprime_validation_phase_b_20260906/val_20838267.csv,29,historical_or_supporting,0,,0,not_a_result_table,ok,7968625fdf4c12fa206c364e515f16c6980ceee2fdd51d73713c6f3431cd7eb5
experiment_tracking/mprime_validation_phase_b_20260906/val_20863187.csv,21,historical_or_supporting,0,,0,not_a_result_table,ok,9b8ac3b6da0089d6cc8683362a959822dec571510cdf41cc66b45f750306b12f
experiment_tracking/mprime_validation_phase_b_20260906/val_20974363.csv,0,historical_or_supporting,0,,0,not_a_result_table,ok,533f9893dd4473fcf31873e8c21c3cd2f7eb8d2ef22b50779893a1286f483065
experiment_tracking/mprime_validation_phase_b_progress_latest.csv,1,current_canonical,0,checkpoint_replicates_total;logs_created;active_job_ids;source_scheduler_csv;source_log_glob,1,inline_or_pointer_present,ok,445ba346abd3b3a24177a073f639ae7a0ead16c7e654ade736987ebf85419771
experiment_tracking/mprime_validation_phase_b_status_20260907.csv,8,historical_or_supporting,1,job_id;source_path,8,inline_or_pointer_present,ok,5de0ebeae6001738b82e88f08b597bd5283ea5395c01a5a810cecca32dc3d68a
experiment_tracking/mprime_validation_phase_c_20260911/candidates.csv,120,historical_or_supporting,0,,0,not_a_result_table,ok,1fafa90350ccd82ed66624d044315df1003cbb6c39451c4887b15fd7f20e94c8
experiment_tracking/mprime_validation_phase_c_20260911/checkpoint_candidates.csv,347,historical_or_supporting,1,checkpoint;training_job;training_log;policy_job;policy_log,347,inline_or_pointer_present,ok,64ba92340d157aaf39ec3e970415c6796a761f83633f616c3d143bc284cf35a1
experiment_tracking/mprime_validation_phase_c_20260911/mprime_final_validator_policy_paired_seed_results_latest.csv,20,current_canonical,1,stage1_policy_job;stage1_policy_log;stage2_policy_job;stage2_policy_log,20,inline_or_pointer_present,ok,342f01a7b517b7a5d7711096601c7e9b1654931fa7decf9838477433c8486074
experiment_tracking/mprime_validation_phase_c_20260911/phase_c_cell_summary_latest.csv,4,current_canonical,1,row_level_provenance,4,inline_or_pointer_present,ok,b1c59669691f44a12e8533d58e924a82f564450a3b7d13d21b79bb845fd0ae2b
experiment_tracking/mprime_validation_phase_c_20260911/phase_c_checkpoint_scores_latest.csv,347,current_canonical,1,checkpoint;training_job;training_log;policy_job;policy_log;phase_c_array_job,347,inline_or_pointer_present,ok,b20e7cd60a538c7b972b960be56acec767573b5040e4ecb11b7f5591bfb51b56
experiment_tracking/mprime_validation_phase_c_20260911/phase_c_lineage_summary_latest.csv,40,current_canonical,1,candidate_checkpoints;training_job;training_log;selected_policy_job;selected_policy_log,40,inline_or_pointer_present,ok,baf3d0574061a7e529edc747fb211d91349fee4a0804c4db2434370b49a0b1c3
experiment_tracking/mprime_validation_phase_c_20260911/phase_c_policy_paired_seed_results_latest.csv,20,current_canonical,1,stage1_policy_job;stage1_policy_log;stage2_policy_job;stage2_policy_log,20,inline_or_pointer_present,ok,8e9544d743a3f98fac46e0be0bee578c094b18f7bcb0ca4bf057370a53036907
experiment_tracking/mprime_validation_phase_c_20260911/phase_c_selected_checkpoints_latest.csv,40,current_canonical,1,candidate_checkpoints;training_job;training_log;selected_policy_job;selected_policy_log,40,inline_or_pointer_present,ok,baf3d0574061a7e529edc747fb211d91349fee4a0804c4db2434370b49a0b1c3
experiment_tracking/mprime_validation_phase_c_20260911/validator_decision_latest.csv,2,current_canonical,1,row_level_provenance,2,inline_or_pointer_present,ok,06ef63d3123dc8a35d38b8df0beaeab5a7492134683faf13217549380f732ddd
experiment_tracking/policy_endpoint_results.csv,760,historical_or_supporting,1,source_training_job_id;checkpoint;evaluation_job_id;source_training_log;source_evaluation_log;source_validation_log;alternate_valid_job_ids;alternate_valid_log_paths,760,inline_or_pointer_present,ok,af124a2da4584efa46963e3068e9d0e6dc5ab01338a91b0d406527d7cc1d6bc9
experiment_tracking/policy_paired_seed_results.csv,200,historical_or_supporting,1,before_training_job;before_evaluation_job;before_log;after_training_job;after_evaluation_job;after_log,200,inline_or_pointer_present,ok,76706abb065b9e1b7c55228d13eacdbefff4abb32cbd61810ba4fa8ab923e396
experiment_tracking/post_outage_impact_20260901.csv,7,historical_or_supporting,0,job_ids,7,inline_or_pointer_present,ok,86ea8aa15c154943e96a526528792fd08002f72f98e848f2cfab0c38722d1bb7
experiment_tracking/post_outage_recovery_20260901.csv,11,historical_or_supporting,0,source_job_id;recovery_job_id;source_or_output,11,inline_or_pointer_present,ok,ebcb7ce6f700c930949778efb91c82f7181f620ebf7587a08a32bd8a76a70dd2
experiment_tracking/pre_outage_job_inventory_20260901_1037.csv,162,historical_or_supporting,0,job_id;manifest_id;evidence_source,162,inline_or_pointer_present,ok,26b8bd5fe0fd35189ca49a56d47b150f196d719ab435a8b8a9e03003a9a33371
experiment_tracking/preserve3_outage_continuation_decisions_20260901.csv,5,historical_or_supporting,0,original_job;replacement_job,5,inline_or_pointer_present,ok,7e95dd0eab759f3d915b0c453322036c9f217e6d98a4fc16925bfa0ea894accc
experiment_tracking/preserve3_terminal_led/delivery_policy_retry_manifest_20260903.csv,12,historical_or_supporting,0,manifest_id;source_checkpoint_ref;source_training_job_id;training_log,12,inline_or_pointer_present,ok,55ab6b5afa97e60b8c37a71dbb000335629bca126ce95f4ca024a76ab50a8d31
experiment_tracking/preserve3_terminal_led/delivery_policy_retry_results_20260904.csv,12,historical_or_supporting,1,manifest_id;slurm_job_id;source_training_job_id;source_log,12,inline_or_pointer_present,ok,e7522428f2db92deaf7db5039940eb6c91ae401def8f4d25422a8f0512b1f7b6
experiment_tracking/preserve3_terminal_led/policy_ready_delivery_off.csv,196,historical_or_supporting,0,manifest_id;source_checkpoint_ref;source_training_job_id;training_log,196,inline_or_pointer_present,ok,8253b65509cf4b4ce82ed366f60def184e7b5e079533a76627d29d9fda9fc63b
experiment_tracking/preserve3_terminal_led/policy_ready_delivery_on.csv,186,historical_or_supporting,0,manifest_id;source_checkpoint_ref;source_training_job_id;training_log,186,inline_or_pointer_present,ok,eb5447b3cd1002cfbe4e1c857a9d13fde6352a6e3f86170f88786e6f759a6c96
experiment_tracking/preserve3_terminal_led/policy_ready_zenotravel_off.csv,214,historical_or_supporting,0,manifest_id;source_checkpoint_ref;source_training_job_id;training_log,214,inline_or_pointer_present,ok,65962fc306b4fe4e4dc2d7f5efc6cecebf430361af6c1b7b26d9bb07978b6c61
experiment_tracking/preserve3_terminal_led/policy_ready_zenotravel_on.csv,218,historical_or_supporting,0,manifest_id;source_checkpoint_ref;source_training_job_id;training_log,218,inline_or_pointer_present,ok,f25d8d65c362acfbb6e63b60e982150a3759fe01c813c49467ffff393ab75f75
experiment_tracking/preserve3_terminal_led/policy_submissions_delivery_off.csv,196,historical_or_supporting,0,manifest_id	task_type	domain	value_head	seed	source_training_job_id	snapshot_epoch	slurm_job_id	submitted_at	source_checkpoint,196,inline_or_pointer_present,ok,e1309d399e96a270ba02e2383f2c9931732977ffcb40ef5505bf5e7dbb7dfcbb
experiment_tracking/preserve3_terminal_led/policy_submissions_delivery_on.csv,186,historical_or_supporting,0,manifest_id	task_type	domain	value_head	seed	source_training_job_id	snapshot_epoch	slurm_job_id	submitted_at	source_checkpoint,186,inline_or_pointer_present,ok,81fe08ce40762e0425b1bc55ce5d3c8bac0ef77d9371c8ab5560a19c2a4bb223
experiment_tracking/preserve3_terminal_led/preserve3_terminal_delivery_off_results.csv,196,historical_or_supporting,1,manifest_id;slurm_job_id;source_training_job_id;source_log,196,inline_or_pointer_present,ok,81eaf8ae923bb730f3bd8a2090017aa2073fa900bcafef33250617e22e725fda
experiment_tracking/preserve3_terminal_led/preserve3_terminal_delivery_on_results.csv,186,historical_or_supporting,1,manifest_id;slurm_job_id;source_training_job_id;source_log,186,inline_or_pointer_present,ok,454befbb0183e13e028c53b56f8375401abc82cad58fc4bca935d60bd88d4d4d
experiment_tracking/preserve3_terminal_led/preserve3_terminal_zenotravel_off_results.csv,214,historical_or_supporting,1,manifest_id;slurm_job_id;source_training_job_id;source_log,214,inline_or_pointer_present,ok,47b4367a28da1b5627b0ba1ad80b4f8e08896992aabe1f0ea68e9c19e8d7a309
experiment_tracking/preserve3_terminal_led/preserve3_terminal_zenotravel_on_results.csv,218,historical_or_supporting,1,manifest_id;slurm_job_id;source_training_job_id;source_log,218,inline_or_pointer_present,ok,54aa8446f5d9bd8c8aab5ab5be046a88f32529318dfcf1ee8bfc9cbdea2e24d9
experiment_tracking/preserve3_terminal_led/terminal_led_selected_seed_results_20260903.csv,60,historical_or_supporting,1,stage1_checkpoint;stage2_checkpoint;stage1_training_log;stage1_evaluation_log;stage2_training_job_id;stage2_evaluation_job_id;stage2_evaluation_log,60,inline_or_pointer_present,ok,9b9848caba60ed8dcc1f03bf9f7b6476a86cc445a671233bcf038fefc27111dc
experiment_tracking/preserve3_terminal_led/terminal_led_selected_summary_20260903.csv,6,historical_or_supporting,1,,0,legacy_gap_not_primary,ok,e3875205cc2ed11df60fd5e38a25f5f4c944398dd6705230cda34212ced00bab
experiment_tracking/preserve3_terminal_led/terminal_stage2_tpp_off_policy_results_20260904.csv,213,historical_or_supporting,1,manifest_id;slurm_job_id;source_training_job_id;source_log,213,inline_or_pointer_present,ok,f48f9e5e59f8b0f9bde555414c91e1e24c7c15c3424687a4b136892e54c4ef14
experiment_tracking/preserve3_terminal_led/terminal_stage2_tpp_off_policy_retry2_results_20260904.csv,2,historical_or_supporting,1,manifest_id;slurm_job_id;source_training_job_id;source_log,2,inline_or_pointer_present,ok,8e2a64584fc7c1c84a0fb46443adefafdb16286d35e11b8355a28c576cb0144a
experiment_tracking/preserve3_terminal_led/terminal_stage2_tpp_off_policy_retry_results_20260904.csv,2,historical_or_supporting,1,manifest_id;slurm_job_id;source_training_job_id;source_log,2,inline_or_pointer_present,ok,112398d6678c3c5c67bd2388fa56c63a9b928731cfd884d78ea60dfd8ecfa303
experiment_tracking/preserve3_terminal_led/tpp_off_curve_node_retry_results_20260904.csv,37,historical_or_supporting,1,manifest_id;slurm_job_id;source_training_job_id;source_log,37,inline_or_pointer_present,ok,583b15d02c9507d55deab8dd6570e7d5827952a92303b693c2b8ac429e30a074
experiment_tracking/preserve3_terminal_led/tpp_off_policy_retry2_results_latest_20260904.csv,2,current_canonical,1,manifest_id;slurm_job_id;source_training_job_id;source_log,2,inline_or_pointer_present,ok,2c4dc3fca88643ab675da56d5203c006a0d63fe0b91523eb1d4bfc845cc3bb73
experiment_tracking/preserve3_terminal_led/tpp_on_policy_node_retry2_results_20260904.csv,4,historical_or_supporting,1,manifest_id;slurm_job_id;source_training_job_id;source_log,4,inline_or_pointer_present,ok,55cb7ab33f6c3def53b7561d85096ece39e3c60338a1da990e3ea50cb6f70fc2
experiment_tracking/preserve3_terminal_led/tpp_on_policy_node_retry3_results_20260904.csv,3,historical_or_supporting,1,manifest_id;slurm_job_id;source_training_job_id;source_log,3,inline_or_pointer_present,ok,9d6a71e306415be58f6cf486e427598d3676d33f22f43671aa0ea8ddbc12db2c
experiment_tracking/preserve3_terminal_led/tpp_on_policy_node_retry_results_20260904.csv,43,historical_or_supporting,1,manifest_id;slurm_job_id;source_training_job_id;source_log,43,inline_or_pointer_present,ok,53b674259746f945d12a63f0fec79dd7ab23d9b6f8b5e296b99b5e9c10b6c95b
experiment_tracking/preserve3_terminal_led/tpp_on_policy_ready_20260904.csv,214,historical_or_supporting,0,manifest_id;source_checkpoint_ref;source_training_job_id;training_log,214,inline_or_pointer_present,ok,548ab925c9da9eed9c05f9b7f51b03d0b3e1911b0ee71ce5d779f1520628e9c6
experiment_tracking/preserve3_terminal_led/tpp_on_policy_results_latest_20260904.csv,214,current_canonical,1,manifest_id;slurm_job_id;source_training_job_id;source_log,214,inline_or_pointer_present,ok,150ad56e37221c482e65712bf0383047142ebf35e1c6ac066dd70ba88404b03d
experiment_tracking/preserve3_terminal_led/tpp_on_policy_results_partial_20260904.csv,214,historical_or_supporting,1,manifest_id;slurm_job_id;source_training_job_id;source_log,214,inline_or_pointer_present,ok,a9966c773aa29829440f31f85be52049a99cc806a1cdc933ca2af7728c18d1cf
experiment_tracking/pw_fixed_five_seed_cutoff_audit_20260906.csv,20,historical_or_supporting,1,job_id;job_name;logged_timeouts;log_path;completion_record_path,20,inline_or_pointer_present,ok,62234ca5aa6ed4e265d59b532425a93ce41b19e407d5d476e436539b654ea774
experiment_tracking/quota_recovery_20260826/anchor_policy_all_terminal_continuations_20260827.csv,238,historical_or_supporting,0,manifest_id;source_checkpoint_ref;checkpoint_selection;source_training_job_id,238,inline_or_pointer_present,ok,89ec8b592743a14f52a62711b622ce8754c206b62a2d2982895890b98bb0f549
experiment_tracking/quota_recovery_20260826/anchor_policy_completed_continuations_20260827.csv,18,historical_or_supporting,0,manifest_id;source_checkpoint_ref;checkpoint_selection;source_training_job_id,18,inline_or_pointer_present,ok,1d165e620ca226381176c2c1beccc735e273bb9495c8b8435e39abb86da2aa38
experiment_tracking/registry_reference_audit_latest.csv,132,current_canonical,0,,0,not_a_result_table,ok,ce2d105a0130d8b337d0758ad2fd98dc50c419574825935083275a24a9ae6f5b
experiment_tracking/result_csv_provenance_index_latest.csv,465,current_canonical,0,csv_path;provenance_fields;populated_provenance_rows;provenance_status,465,inline_or_pointer_present,ok,213e5a289cca3694711e9f977931743c818d5dc3b8bb84767a6f8ad1a5466d20
experiment_tracking/result_provenance_audit_20260902.csv,184,historical_or_supporting,1,direct_provenance_columns;provenance_status,184,inline_or_pointer_present,ok,cb929530a80353e5a4191c7340c242122ba9c513e38068a6f4573370b97db25d
experiment_tracking/result_provenance_audit_latest.csv,184,current_canonical,1,direct_provenance_columns;provenance_status,184,inline_or_pointer_present,ok,cb929530a80353e5a4191c7340c242122ba9c513e38068a6f4573370b97db25d
experiment_tracking/result_provenance_index_20260902.csv,84,historical_or_supporting,0,row_level_log_columns_or_companion;provenance_status,84,inline_or_pointer_present,ok,b86ac210a6aa1635b793f771c161d0593adbe3b303df01a281a06701e88e8310
experiment_tracking/result_provenance_index_latest.csv,80,current_canonical,0,row_level_log_columns_or_companion;provenance_status,80,inline_or_pointer_present,ok,9a3bd65bc606bdce6239e68c11cece1477b1ea24d8bcf72376d18e567db91b79
experiment_tracking/rover_interrupted_mcts_recovery_followup_manifest_20260908.csv,1,historical_or_supporting,0,source_job_id;checkpoint;checkpoint_b64;source_log;source_completion_ledger;source_invocation_count,1,inline_or_pointer_present,ok,7ef6141e2db4ac1e2178ec8c5c0d26424a6ff163f359c8de94f3e23066c91ead
experiment_tracking/rover_interrupted_mcts_recovery_followup_submission_20260908.csv,2,historical_or_supporting,0,array_job_id;manifest,2,inline_or_pointer_present,ok,54acde6fd8f84c6365c43d3218777423b2656dc26516c460b94806cc9c0fd187
experiment_tracking/rover_interrupted_mcts_recovery_manifest_20260908.csv,21,historical_or_supporting,0,source_job_id;checkpoint;checkpoint_b64;source_log;source_completion_ledger;source_invocation_count,21,inline_or_pointer_present,ok,f9504650f2be5fee037ea770a83c1334366f99caa7ab59228bfabe624ce83406
experiment_tracking/rover_interrupted_mcts_recovery_submission_20260908.csv,1,historical_or_supporting,0,array_job_id;manifest_csv;manifest_tsv;source_audit,1,inline_or_pointer_present,ok,5d60fb5a0b81e5beae29ed0aca24504d77e8b6ca18f33fde1fa3aabd8d022bbf
experiment_tracking/rover_mcts_terminal_additions_20260831.csv,1,historical_or_supporting,1,job_id;source_log,1,inline_or_pointer_present,ok,722e80b23124419c9f238866fa398ea11bbc62453149142e6780ef5e0940718b
experiment_tracking/rover_stage2_terminal_mcts_20260901.csv,20,historical_or_supporting,1,mcts_job_id;source_log,20,inline_or_pointer_present,ok,a074532362e89d4dcd5269cee2b373a30cb9cd94b34cf0f228cf4d793c7b4080
experiment_tracking/rover_validation_seed_results_20260906.csv,20,historical_or_supporting,1,job_id;policy_log;training_log;checkpoint;mcts_log,20,inline_or_pointer_present,ok,8031a91fb2fa145eb17b2438fcada139e9e0dbb02facc491ee2381606ad44c5d
experiment_tracking/rq3_value_head_on_stage2_direct_latest.csv,10,current_canonical,1,source_results_file,10,inline_or_pointer_present,ok,aa7d41100f6d8b585ad055204b91767589509396c4d48adf2ab40991d67bb7f1
experiment_tracking/rq_results_latest.csv,4,current_canonical,0,row_level_provenance,4,inline_or_pointer_present,ok,cef6336726d734876e66a79fbe814cd76b567b04bdfd5ef0726526e32f50f5cd
experiment_tracking/snapshot_provenance_index_20260905.csv,10,historical_or_supporting,0,,0,not_a_result_table,ok,70209d1ccd0200cb297d43799e8942f406db50f29a46694085f291670500ce45
experiment_tracking/snapshot_provenance_index_20260906.csv,12,historical_or_supporting,0,,0,not_a_result_table,ok,ed8aed209d5f728fe02574c011d9232975c01965cf5fe49757cdadcac387157a
experiment_tracking/snapshot_provenance_index_20260907.csv,13,historical_or_supporting,0,row_level_source,13,inline_or_pointer_present,ok,fbfd2135d86aae83c0edbe10ab3b23fe5f46abc097dfa541456f8db5eee3d031
experiment_tracking/snapshot_provenance_index_latest.csv,28,current_canonical,0,row_level_source,28,inline_or_pointer_present,ok,756a9a1d42a9504a13288c8a6fa25f556c563a0bfc745b185e1d01888c95f134
experiment_tracking/stage1_mcts_results.csv,100,historical_or_supporting,1,mcts_job_id;unprocessed_after_job_end;source_evaluation_log;completion_manifest_local;posthoc_val_audit_job,100,inline_or_pointer_present,ok,31ad288917d8d2a30a7ccd7e0d99e33f72c63ea12b9c89764190841937d6050b
experiment_tracking/stage1_policy_mcts_all_cutoff_statistics_latest.csv,10,current_canonical,1,row_level_provenance,10,inline_or_pointer_present,ok,bba45d4ca16bdd9a1b9ba9ceed8bd0fd3f856fe58ddf7a07f16d232d05396360
experiment_tracking/stage1_policy_mcts_cutoff_summary.csv,10,historical_or_supporting,1,source,10,inline_or_pointer_present,ok,12bd45fd89004605a703a5196e6623b3e039c091ad592cd1d4e5d5c6323f1ee1
experiment_tracking/stage1_policy_mcts_preferred_search_summary_20260902.csv,10,historical_or_supporting,1,,0,legacy_gap_not_primary,ok,faa0a6ae151403619567c9bf8322d3b13903ff097b049136bed0fa453e01c4ec
experiment_tracking/stage1_policy_mcts_seed_cutoffs_latest.csv,100,current_canonical,1,mcts_job_id;source_policy_log;source_mcts_log;source_completion_ledger,100,inline_or_pointer_present,ok,0685f3849bea3f0c2fcf9e7b313f9d8352509b6bbb12d97c617fb211e25e9cc6
experiment_tracking/stage2_epoch0_seed_audit_20260902.csv,133,historical_or_supporting,1,stage1_training_job_id;stage2_training_job_id;epoch0_evaluation_job_id;source_stage1_training_log;source_stage1_evaluation_log;source_stage2_training_log;source_epoch0_evaluation_log,133,inline_or_pointer_present,ok,a035448da732d2538d5e03b496a80df32463cd7b3c95533e557cb0029ad58181
experiment_tracking/stage2_epoch0_summary_20260902.csv,17,historical_or_supporting,1,source_seed_ledger,17,inline_or_pointer_present,ok,abcd61001fe5a533047447f68cecd75983834306ef73dc91615c7163a33c98a0
experiment_tracking/stage2_mcts_branch_completion_approved_20260903.csv,18,historical_or_supporting,0,manifest_id;source_checkpoint_ref;checkpoint_selection;source_training_job_id,18,inline_or_pointer_present,ok,ce96415bdfc4d8381c48d78674c78094d135ddf8c9319b0bffa7b2855d4d6828
experiment_tracking/stage2_mcts_branch_completion_current_results_20260904.csv,62,historical_or_supporting,1,job_id;job_name;source_training_job_id;source_evaluation_log;source_training_log,62,inline_or_pointer_present,ok,45437b25214c4739d50f1a6657afa39f1e34ce2af270b54ea0d31622a52f2057
experiment_tracking/stage2_mcts_branch_completion_fo_node_retry2_20260904.csv,3,historical_or_supporting,0,manifest_id;source_checkpoint_ref;checkpoint_selection;source_training_job_id,3,inline_or_pointer_present,ok,7dd053e2218067deeb0e9c33ec8baa0d34ee2fa87413004d261fce05ead5c003
experiment_tracking/stage2_mcts_branch_completion_fo_node_retry3_20260904.csv,2,historical_or_supporting,0,manifest_id;source_checkpoint_ref;checkpoint_selection;source_training_job_id,2,inline_or_pointer_present,ok,27429f51bdf18534c7158b8bb80434357522d24fff3ce7a74c374e338ea23a16
experiment_tracking/stage2_mcts_branch_completion_node_retry2_20260904.csv,1,historical_or_supporting,0,manifest_id;source_checkpoint_ref;checkpoint_selection;source_training_job_id,1,inline_or_pointer_present,ok,a36669cc85fef50ee349764c39536ec66797db03167607e8d93a1ae2db50b945
experiment_tracking/stage2_mcts_branch_completion_node_retry_20260904.csv,9,historical_or_supporting,0,manifest_id;source_checkpoint_ref;checkpoint_selection;source_training_job_id,9,inline_or_pointer_present,ok,ad066d14a75a022884335d87162d8c68391130e21428fc1525ff04c9a21596b0
experiment_tracking/stage2_mcts_branch_completion_node_retry_results_20260904.csv,9,historical_or_supporting,1,manifest_id;slurm_job_id;source_training_job_id;source_log,9,inline_or_pointer_present,ok,ecb59892a514d67f9af4336d10121a6cad03ec2e28a579554161d8af75f8d9d6
experiment_tracking/stage2_mcts_branch_completion_original_results_20260904.csv,18,historical_or_supporting,1,manifest_id;slurm_job_id;source_training_job_id;source_log,18,inline_or_pointer_present,ok,8f2a32a2ac3a4ef80d78a7383ad5ee5319c64bc0fa80ebfbe65ca79d1a2232bb
experiment_tracking/stage2_mcts_branch_coverage_20260902.csv,20,historical_or_supporting,0,job_ids_or_scope;provenance_audit,20,inline_or_pointer_present,ok,c12992527115fa8ee0539b104b8e3e96f50c55c3f283fecb1b4e71d3c00f0432
experiment_tracking/stage2_mcts_branch_coverage_20260904.csv,10,historical_or_supporting,0,row_level_provenance,10,inline_or_pointer_present,ok,8d635e7d0a9b90acacb6dbc32fc58793c46cb20eb39d46b3337c09d502919ba8
experiment_tracking/stage2_mcts_branch_coverage_20260905.csv,10,historical_or_supporting,0,row_level_provenance,10,inline_or_pointer_present,ok,8f183779bad18d0dfd6fbe73d8fb1e1dff300bed8551ca648b37cc85f2991300
experiment_tracking/stage2_mcts_branch_coverage_20260906.csv,10,historical_or_supporting,0,row_level_provenance,10,inline_or_pointer_present,ok,30ca2014c002ef829cbeac6413027ba84c1261d848ecd3b0fe03a708461259ac
experiment_tracking/stage2_mcts_branch_coverage_20260907.csv,10,historical_or_supporting,0,row_level_provenance,10,inline_or_pointer_present,ok,6e4c357bc65554860e8e3a2eba0b78bf26b8cf7cc13d0f0b3d25c47f1ffbb74e
experiment_tracking/stage2_mcts_branch_coverage_latest.csv,10,current_canonical,0,row_level_provenance,10,inline_or_pointer_present,ok,4989c415032578924652f5b7b166c136de4636a33016ce097db26110e795bc15
experiment_tracking/stage2_mcts_counters_terminal_completion_ready_20260904.csv,20,historical_or_supporting,0,manifest_id;source_checkpoint_ref;checkpoint_selection;source_training_job_id,20,inline_or_pointer_present,ok,345439203b6f6a1ede45fcba0a00834a7db52bad45d182c6d850d0dc5d3111b1
experiment_tracking/stage2_mcts_counters_terminal_node_retry_20260905.csv,9,historical_or_supporting,0,manifest_id;source_checkpoint_ref;checkpoint_selection;source_training_job_id,9,inline_or_pointer_present,ok,960ef6ba58b212aee269f838f3be12dfb573902cf224a99381d1a86136520ff0
experiment_tracking/stage2_mcts_gap_decisions_20260902.csv,9,historical_or_supporting,1,comparable_whole_job_median_hours;provenance,9,inline_or_pointer_present,ok,f65f5dcc07f2db4b77949027ff409cd7c1282a41f13fbfb7c43e2a858204727c
experiment_tracking/stage2_mcts_historical_log_audit_20260902.csv,200,historical_or_supporting,1,source_training_job_id;policy_log;candidate_mcts_log_count;candidate_mcts_logs,200,inline_or_pointer_present,ok,acdccaa925aa176e0aa8b4fd77809fe055e77fb02bb7397376c04df5a5eac19c
experiment_tracking/stage2_mcts_rover_completion_approved_20260904.csv,19,historical_or_supporting,0,manifest_id;source_checkpoint_ref;checkpoint_selection;source_training_job_id,19,inline_or_pointer_present,ok,2db7d7a97d79e171d07d15ef5399f40630861a307288dcd414adc000e880adfb
experiment_tracking/stage2_mcts_rover_late_node_retries_20260904.csv,3,historical_or_supporting,0,manifest_id;source_checkpoint_ref;checkpoint_selection;source_training_job_id,3,inline_or_pointer_present,ok,befa7b5db4f5d364bfa3b0d7d1a6994f9d5f2fc7be71c206b01aaa4e49def30c
experiment_tracking/stage2_mcts_rover_node_retries_20260904.csv,10,historical_or_supporting,0,manifest_id;source_checkpoint_ref;checkpoint_selection;source_training_job_id,10,inline_or_pointer_present,ok,4016653562bff959e8e1368a847b5ba7477d128eac8b7461cbf7c58cc3cd93ce
experiment_tracking/stage2_mcts_rover_node_retry2_20260904.csv,7,historical_or_supporting,0,manifest_id;source_checkpoint_ref;checkpoint_selection;source_training_job_id,7,inline_or_pointer_present,ok,c82e3048039a129de2b978cce06b7730b8de1fb59192be3cc34455ebd31478ca
experiment_tracking/stage2_policy_controllers_20260831.csv,8,historical_or_supporting,0,controller_job_id;resources,8,inline_or_pointer_present,ok,de5a6a32a4589eaa4dba63d36f7b002fc26bad0d18125a3f07ec183188a7e2de
experiment_tracking/stage2_policy_mcts_all_cutoff_statistics_latest.csv,18,current_canonical,1,row_level_provenance,18,inline_or_pointer_present,ok,8b5947b8e5737d5a5f9739c2e6eada3fa061fdf2bff9e08a4d8e861cf39d5e0c
experiment_tracking/stage2_policy_mcts_comparison_20260901.csv,10,historical_or_supporting,1,,0,legacy_gap_not_primary,ok,db40d00c77ec101d98d54c44b2976e1f6c3a5438de4ec95bb2b22165ea682fad
experiment_tracking/stage2_policy_mcts_comparison_by_branch_20260902.csv,12,historical_or_supporting,1,,0,legacy_gap_not_primary,ok,fc44cfc4eb9301251ef39a97e81723fd84c4364d028f7d06523393d44eac676a
experiment_tracking/stage2_policy_mcts_comparison_by_branch_20260905.csv,20,historical_or_supporting,1,row_level_provenance,20,inline_or_pointer_present,ok,33217fbc8096cdb5eefcd69c2c89f901b03ab75816ee32889fe91369ae412129
experiment_tracking/stage2_policy_mcts_comparison_by_branch_20260906.csv,20,historical_or_supporting,1,row_level_provenance,20,inline_or_pointer_present,ok,ed8d6c0e3f08e145d2d1c5d78f30674bce1ef751a40a18701d3d52509624a6bb
experiment_tracking/stage2_policy_mcts_comparison_by_branch_20260907.csv,20,historical_or_supporting,1,row_level_provenance,20,inline_or_pointer_present,ok,a8e98801d1c88770caf92c2da16cdd4fb04c899806817529e133a3f378a36117
experiment_tracking/stage2_policy_mcts_comparison_by_branch_latest.csv,20,current_canonical,1,row_level_provenance,20,inline_or_pointer_present,ok,a325994b644ecbf7140d3e3321b08840d1d09f7132ba222ff8dcbc87401f5cc8
experiment_tracking/stage2_policy_mcts_seed_cutoffs_latest.csv,180,current_canonical,1,evidence_status;mcts_job_id;source_policy_log;source_mcts_log;source_completion_ledger,180,inline_or_pointer_present,ok,07b132943f1de3f939097ba8bc8b3591ad0bc34b35663c63358a6920b7dd029e
experiment_tracking/tpp_catastrophic_mcts/manifest_20260907.csv,4,historical_or_supporting,1,manifest_id;source_training_job_id;source_checkpoint;training_log;policy_log,4,inline_or_pointer_present,ok,cc84d1f5de4bad85ebf3e08ce1b0592e1a94e261f95fc0ee9a1b388b576cf890
experiment_tracking/tpp_catastrophic_mcts/submissions_20260907.csv,4,historical_or_supporting,0,job_id;checkpoint;training_job;training_log;policy_job;policy_log;evaluation_log,4,inline_or_pointer_present,ok,4db5998483e7645ca98a48422610829b1163488a2818112c1a28af6a8c620115
experiment_tracking/tpp_first_update_phase_a_20260914/manifest.csv,2,historical_or_supporting,1,stage1_training_job;stage1_checkpoint;original_stage2_job;training_log;endpoint_path_file,2,inline_or_pointer_present,ok,91b6b64147a16dd5584c8068d05605fc72a341bd4d41e3735bd8bcb552bb154c
experiment_tracking/tpp_first_update_phase_a_20260914/phase_a_interim_results_20260914.csv,2,historical_or_supporting,1,training_job;probe_job;endpoint_job;remote_endpoint_log,2,inline_or_pointer_present,ok,b0ea4b74f25f013ba08ae5dd860f6b6eb65b1e5df6d594e6ba595be60b57fdf7
experiment_tracking/tpp_first_update_phase_b_crossover_20260914/frozen_schedule_checksums.csv,120,historical_or_supporting,0,path,120,inline_or_pointer_present,ok,c0ec8cc33f2579d3a048030f81467c1db6f186c2e3dcf4f9e4fd3e6e7ff33e32
experiment_tracking/tpp_first_update_phase_b_crossover_20260914/manifest.csv,2,historical_or_supporting,1,start_stage1_checkpoint;frozen_checksum_manifest;training_log;endpoint_path_file,2,inline_or_pointer_present,ok,ad4043c9a929e8528204659a66f45f37b228c00064e1c6ea0dd64a743039ffb5
experiment_tracking/tpp_first_update_phase_b_crossover_20260914/results_final_20260915.csv,4,historical_or_supporting,1,training_job_id;endpoint_job_id;training_log;endpoint_log,4,inline_or_pointer_present,ok,6e9c77108c7a598eac3d3ade354375ac2587964fee1fe4f51458c63a8d64e2b8
experiment_tracking/tpp_first_update_phase_c_exact_rng_20260916/manifest.csv,2,historical_or_supporting,0,start_stage1_checkpoint;frozen_checksum_manifest;training_log;endpoint_log,2,inline_or_pointer_present,ok,6ba9dabd3563ccf1e50aa741d2bde3ffb914a30e3ff1507137f8eb5fc00e82aa
experiment_tracking/tpp_first_update_phase_c_exact_rng_20260916/planned_jobs.csv,3,historical_or_supporting,0,,0,not_a_result_table,ok,ff6788c99c2a1767ff0678d9dceccfa4511ff1b4e0b70f3cbb51d0caf4d5e01c
experiment_tracking/tpp_first_update_phase_c_prevention_20260915/manifest.csv,2,historical_or_supporting,1,start_stage1_checkpoint;frozen_checksum_manifest;training_log;endpoint_path_file,2,inline_or_pointer_present,ok,f3843b7fd68bbc47b9c659a5f7a99f620bf9fbaf7453a38732d9c635b3c8ef0c
experiment_tracking/tpp_first_update_phase_c_prevention_20260915/results_final_20260915.csv,2,historical_or_supporting,1,training_audit_path;endpoint_log_path,2,inline_or_pointer_present,ok,8ecb57755a904a53229d4ef654f962ffd46dd89f68cdb435a28e6bd238e87f1a
experiment_tracking/tpp_first_update_phase_c_prevention_20260915/submissions_attempt_history.csv,6,historical_or_supporting,0,smoke_job;training_job;endpoint_job;ledger,6,inline_or_pointer_present,ok,2f1ecf636497a8f43a1e7d7e4fc73ed47a58c3c8a1ed80a47c8d42e1912aded7
experiment_tracking/tpp_stage2_vh_off_regression_audit_20260902.csv,1,historical_or_supporting,1,stage1_eval_job;stage2_training_job;stage2_eval_job;stage1_eval_log;stage2_training_log;stage2_eval_log,1,inline_or_pointer_present,ok,30324be89fa8411cb5db9f9f442df879e9d9497802352f34f3268c8df9687c73
