branch,domain,value_head,seed,stage1_endpoint,stage1_epoch,stage1_score,stage2_epoch,stage2_epoch0_score,change_after_first_update,total,stage1_training_job_id,stage2_training_job_id,epoch0_evaluation_job_id,source_stage1_training_log,source_stage1_evaluation_log,source_stage2_training_log,source_epoch0_evaluation_log
MAIN-TERM,block_grouping,off,534933607,final,62,17,0,18,1,20,20401192,20489385,20523448,/home/hersco/training_new_domains/2026-08-20/statistical_replication_stage1_10seed/20401192_Tr_block_grouping_block_grouping_orig_novh_c.1_s534933607_STATREP10_STAGE1.txt,/home/hersco/training_new_domains/2026-08-22/statistical_replication_terminal_stage1_policy_eval/20489180_Ev_block_grouping_block_grouping_orig_novh_c.1_s534933607_SR10TCP_src20401192_e0062.txt,/home/hersco/training_new_domains/2026-08-22/statistical_replication_terminal_stage2_train/20489385_Re-Tr_block_grouping_block_grouping_mcts_orig_novh_e.5_c.1_s534933607_K0_SR10TCT_src20401192_e0062.txt,/home/hersco/training_new_domains/2026-08-24/statistical_replication_terminal_stage2_policy_eval/20523448_Ev_block_grouping_block_grouping_orig_novh_c.1_s534933607_SR10TCP_src20489385_e0000.txt
MAIN-TERM,block_grouping,off,923500475,final,58,18,0,18,0,20,20401195,20489386,20523511,/home/hersco/training_new_domains/2026-08-20/statistical_replication_stage1_10seed/20401195_Tr_block_grouping_block_grouping_orig_novh_c.1_s923500475_STATREP10_STAGE1.txt,/home/hersco/training_new_domains/2026-08-22/statistical_replication_terminal_stage1_policy_eval/20489181_Ev_block_grouping_block_grouping_orig_novh_c.1_s923500475_SR10TCP_src20401195_e0058.txt,/home/hersco/training_new_domains/2026-08-22/statistical_replication_terminal_stage2_train/20489386_Re-Tr_block_grouping_block_grouping_mcts_orig_novh_e.5_c.1_s923500475_K0_SR10TCT_src20401195_e0058.txt,/home/hersco/training_new_domains/2026-08-24/statistical_replication_terminal_stage2_policy_eval/20523511_Ev_block_grouping_block_grouping_orig_novh_c.1_s923500475_SR10TCP_src20489386_e0000.txt
MAIN-TERM,block_grouping,off,1073581256,final,73,17,0,13,-4,20,20401189,20489387,20523291,/home/hersco/training_new_domains/2026-08-20/statistical_replication_stage1_10seed/20401189_Tr_block_grouping_block_grouping_orig_novh_c.1_s1073581256_STATREP10_STAGE1.txt,/home/hersco/training_new_domains/2026-08-22/statistical_replication_terminal_stage1_policy_eval/20489182_Ev_block_grouping_block_grouping_orig_novh_c.1_s1073581256_SR10TCP_src20401189_e0073.txt,/home/hersco/training_new_domains/2026-08-22/statistical_replication_terminal_stage2_train/20489387_Re-Tr_block_grouping_block_grouping_mcts_orig_novh_e.5_c.1_s1073581256_K0_SR10TCT_src20401189_e0073.txt,/home/hersco/training_new_domains/2026-08-24/statistical_replication_terminal_stage2_policy_eval/20523291_Ev_block_grouping_block_grouping_orig_novh_c.1_s1073581256_SR10TCP_src20489387_e0000.txt
MAIN-TERM,block_grouping,off,1239739722,final,77,18,0,17,-1,20,20401190,20489388,20523317,/home/hersco/training_new_domains/2026-08-20/statistical_replication_stage1_10seed/20401190_Tr_block_grouping_block_grouping_orig_novh_c.1_s1239739722_STATREP10_STAGE1.txt,/home/hersco/training_new_domains/2026-08-22/statistical_replication_terminal_stage1_policy_eval/20489183_Ev_block_grouping_block_grouping_orig_novh_c.1_s1239739722_SR10TCP_src20401190_e0077.txt,/home/hersco/training_new_domains/2026-08-22/statistical_replication_terminal_stage2_train/20489388_Re-Tr_block_grouping_block_grouping_mcts_orig_novh_e.5_c.1_s1239739722_K0_SR10TCT_src20401190_e0077.txt,/home/hersco/training_new_domains/2026-08-24/statistical_replication_terminal_stage2_policy_eval/20523317_Ev_block_grouping_block_grouping_orig_novh_c.1_s1239739722_SR10TCP_src20489388_e0000.txt
MAIN-TERM,block_grouping,off,1472491096,final,80,18,0,13,-5,20,20401191,20489389,20523339,/home/hersco/training_new_domains/2026-08-20/statistical_replication_stage1_10seed/20401191_Tr_block_grouping_block_grouping_orig_novh_c.1_s1472491096_STATREP10_STAGE1.txt,/home/hersco/training_new_domains/2026-08-21/statistical_replication_stage1_policy_eval/20425151_Ev_block_grouping_block_grouping_orig_novh_c.1_s1472491096_SR10P_src20401191_e0080.txt,/home/hersco/training_new_domains/2026-08-22/statistical_replication_terminal_stage2_train/20489389_Re-Tr_block_grouping_block_grouping_mcts_orig_novh_e.5_c.1_s1472491096_K0_SR10TCT_src20401191_e0080.txt,/home/hersco/training_new_domains/2026-08-24/statistical_replication_terminal_stage2_policy_eval/20523339_Ev_block_grouping_block_grouping_orig_novh_c.1_s1472491096_SR10TCP_src20489389_e0000.txt
MAIN-TERM,block_grouping,off,1510771779,final,84,16,0,19,3,20,20401194,20489390,20523360,/home/hersco/training_new_domains/2026-08-20/statistical_replication_stage1_10seed/20401194_Tr_block_grouping_block_grouping_orig_novh_c.1_s1510771779_STATREP10_STAGE1.txt,/home/hersco/training_new_domains/2026-08-22/statistical_replication_terminal_stage1_policy_eval/20489184_Ev_block_grouping_block_grouping_orig_novh_c.1_s1510771779_SR10TCP_src20401194_e0084.txt,/home/hersco/training_new_domains/2026-08-22/statistical_replication_terminal_stage2_train/20489390_Re-Tr_block_grouping_block_grouping_mcts_orig_novh_e.5_c.1_s1510771779_K0_SR10TCT_src20401194_e0084.txt,/home/hersco/training_new_domains/2026-08-24/statistical_replication_terminal_stage2_policy_eval/20523360_Ev_block_grouping_block_grouping_orig_novh_c.1_s1510771779_SR10TCP_src20489390_e0000.txt
MAIN-TERM,block_grouping,off,1963100312,final,94,13,0,15,2,20,20401187,20489391,20523381,/home/hersco/training_new_domains/2026-08-20/statistical_replication_stage1_10seed/20401187_Tr_block_grouping_block_grouping_orig_novh_c.1_s1963100312_STATREP10_STAGE1.txt,/home/hersco/training_new_domains/2026-08-22/statistical_replication_terminal_stage1_policy_eval/20489185_Ev_block_grouping_block_grouping_orig_novh_c.1_s1963100312_SR10TCP_src20401187_e0094.txt,/home/hersco/training_new_domains/2026-08-22/statistical_replication_terminal_stage2_train/20489391_Re-Tr_block_grouping_block_grouping_mcts_orig_novh_e.5_c.1_s1963100312_K0_SR10TCT_src20401187_e0094.txt,/home/hersco/training_new_domains/2026-08-24/statistical_replication_terminal_stage2_policy_eval/20523381_Ev_block_grouping_block_grouping_orig_novh_c.1_s1963100312_SR10TCP_src20489391_e0000.txt
MAIN-TERM,block_grouping,off,1972442430,final,67,16,0,16,0,20,20401196,20489392,20523402,/home/hersco/training_new_domains/2026-08-20/statistical_replication_stage1_10seed/20401196_Tr_block_grouping_block_grouping_orig_novh_c.1_s1972442430_STATREP10_STAGE1.txt,/home/hersco/training_new_domains/2026-08-22/statistical_replication_terminal_stage1_policy_eval/20489186_Ev_block_grouping_block_grouping_orig_novh_c.1_s1972442430_SR10TCP_src20401196_e0067.txt,/home/hersco/training_new_domains/2026-08-22/statistical_replication_terminal_stage2_train/20489392_Re-Tr_block_grouping_block_grouping_mcts_orig_novh_e.5_c.1_s1972442430_K0_SR10TCT_src20401196_e0067.txt,/home/hersco/training_new_domains/2026-08-24/statistical_replication_terminal_stage2_policy_eval/20523402_Ev_block_grouping_block_grouping_orig_novh_c.1_s1972442430_SR10TCP_src20489392_e0000.txt
MAIN-TERM,block_grouping,off,2011206605,final,90,17,0,16,-1,20,20401188,20489393,20523547,/home/hersco/training_new_domains/2026-08-20/statistical_replication_stage1_10seed/20401188_Tr_block_grouping_block_grouping_orig_novh_c.1_s2011206605_STATREP10_STAGE1.txt,/home/hersco/training_new_domains/2026-08-21/statistical_replication_stage1_policy_eval/20424871_Ev_block_grouping_block_grouping_orig_novh_c.1_s2011206605_SR10P_src20401188_e0090.txt,/home/hersco/training_new_domains/2026-08-22/statistical_replication_terminal_stage2_train/20489393_Re-Tr_block_grouping_block_grouping_mcts_orig_novh_e.5_c.1_s2011206605_K0_SR10TCT_src20401188_e0090.txt,/home/hersco/training_new_domains/2026-08-24/statistical_replication_terminal_stage2_policy_eval/20523547_Ev_block_grouping_block_grouping_orig_novh_c.1_s2011206605_SR10TCP_src20489393_e0000.txt
MAIN-TERM,block_grouping,off,2082152039,final,68,13,0,12,-1,20,20401193,20489394,20523427,/home/hersco/training_new_domains/2026-08-20/statistical_replication_stage1_10seed/20401193_Tr_block_grouping_block_grouping_orig_novh_c.1_s2082152039_STATREP10_STAGE1.txt,/home/hersco/training_new_domains/2026-08-22/statistical_replication_terminal_stage1_policy_eval/20489187_Ev_block_grouping_block_grouping_orig_novh_c.1_s2082152039_SR10TCP_src20401193_e0068.txt,/home/hersco/training_new_domains/2026-08-22/statistical_replication_terminal_stage2_train/20489394_Re-Tr_block_grouping_block_grouping_mcts_orig_novh_e.5_c.1_s2082152039_K0_SR10TCT_src20401193_e0068.txt,/home/hersco/training_new_domains/2026-08-24/statistical_replication_terminal_stage2_policy_eval/20523427_Ev_block_grouping_block_grouping_orig_novh_c.1_s2082152039_SR10TCP_src20489394_e0000.txt
MAIN-TERM,block_grouping,on,534933607,final,69,12,0,10,-2,20,20401182,20489395,20523469,/home/hersco/training_new_domains/2026-08-20/statistical_replication_stage1_10seed/20401182_Tr_block_grouping_block_grouping_orig_vh_c.1_s534933607_STATREP10_STAGE1.txt,/home/hersco/training_new_domains/2026-08-22/statistical_replication_terminal_stage1_policy_eval/20489188_Ev_block_grouping_block_grouping_orig_vh_c.1_s534933607_SR10TCP_src20401182_e0069.txt,/home/hersco/training_new_domains/2026-08-22/statistical_replication_terminal_stage2_train/20489395_Re-Tr_block_grouping_block_grouping_mcts_orig_vh_e.5_c.1_s534933607_K0_SR10TCT_src20401182_e0069.txt,/home/hersco/training_new_domains/2026-08-24/statistical_replication_terminal_stage2_policy_eval/20523469_Ev_block_grouping_block_grouping_orig_vh_c.1_s534933607_SR10TCP_src20489395_e0000.txt
MAIN-TERM,block_grouping,on,923500475,final,70,17,0,9,-8,20,20401185,20489396,20523568,/home/hersco/training_new_domains/2026-08-20/statistical_replication_stage1_10seed/20401185_Tr_block_grouping_block_grouping_orig_vh_c.1_s923500475_STATREP10_STAGE1.txt,/home/hersco/training_new_domains/2026-08-21/statistical_replication_stage1_policy_eval/20424756_Ev_block_grouping_block_grouping_orig_vh_c.1_s923500475_SR10P_src20401185_e0070.txt,/home/hersco/training_new_domains/2026-08-22/statistical_replication_terminal_stage2_train/20489396_Re-Tr_block_grouping_block_grouping_mcts_orig_vh_e.5_c.1_s923500475_K0_SR10TCT_src20401185_e0070.txt,/home/hersco/training_new_domains/2026-08-24/statistical_replication_terminal_stage2_policy_eval/20523568_Ev_block_grouping_block_grouping_orig_vh_c.1_s923500475_SR10TCP_src20489396_e0000.txt
MAIN-TERM,block_grouping,on,1073581256,final,61,15,0,10,-5,20,20401179,20489397,20523589,/home/hersco/training_new_domains/2026-08-20/statistical_replication_stage1_10seed/20401179_Tr_block_grouping_block_grouping_orig_vh_c.1_s1073581256_STATREP10_STAGE1.txt,/home/hersco/training_new_domains/2026-08-22/statistical_replication_terminal_stage1_policy_eval/20489189_Ev_block_grouping_block_grouping_orig_vh_c.1_s1073581256_SR10TCP_src20401179_e0061.txt,/home/hersco/training_new_domains/2026-08-22/statistical_replication_terminal_stage2_train/20489397_Re-Tr_block_grouping_block_grouping_mcts_orig_vh_e.5_c.1_s1073581256_K0_SR10TCT_src20401179_e0061.txt,/home/hersco/training_new_domains/2026-08-24/statistical_replication_terminal_stage2_policy_eval/20523589_Ev_block_grouping_block_grouping_orig_vh_c.1_s1073581256_SR10TCP_src20489397_e0000.txt
MAIN-TERM,block_grouping,on,1239739722,final,73,17,0,9,-8,20,20401180,20489398,20541117,/home/hersco/training_new_domains/2026-08-20/statistical_replication_stage1_10seed/20401180_Tr_block_grouping_block_grouping_orig_vh_c.1_s1239739722_STATREP10_STAGE1.txt,/home/hersco/training_new_domains/2026-08-22/statistical_replication_terminal_stage1_policy_eval/20489190_Ev_block_grouping_block_grouping_orig_vh_c.1_s1239739722_SR10TCP_src20401180_e0073.txt,/home/hersco/training_new_domains/2026-08-22/statistical_replication_terminal_stage2_train/20489398_Re-Tr_block_grouping_block_grouping_mcts_orig_vh_e.5_c.1_s1239739722_K0_SR10TCT_src20401180_e0073.txt,/home/hersco/training_new_domains/2026-08-25/statistical_replication_terminal_stage2_policy_eval/20541117_Ev_block_grouping_block_grouping_orig_vh_c.1_s1239739722_SR10TCP_src20489398_e0000.txt
MAIN-TERM,block_grouping,on,1472491096,final,52,12,0,13,1,20,20401181,20489399,20541153,/home/hersco/training_new_domains/2026-08-20/statistical_replication_stage1_10seed/20401181_Tr_block_grouping_block_grouping_orig_vh_c.1_s1472491096_STATREP10_STAGE1.txt,/home/hersco/training_new_domains/2026-08-22/statistical_replication_terminal_stage1_policy_eval/20489191_Ev_block_grouping_block_grouping_orig_vh_c.1_s1472491096_SR10TCP_src20401181_e0052.txt,/home/hersco/training_new_domains/2026-08-22/statistical_replication_terminal_stage2_train/20489399_Re-Tr_block_grouping_block_grouping_mcts_orig_vh_e.5_c.1_s1472491096_K0_SR10TCT_src20401181_e0052.txt,/home/hersco/training_new_domains/2026-08-25/statistical_replication_terminal_stage2_policy_eval/20541153_Ev_block_grouping_block_grouping_orig_vh_c.1_s1472491096_SR10TCP_src20489399_e0000.txt
MAIN-TERM,block_grouping,on,1510771779,final,138,16,0,11,-5,20,20401184,20489400,20541175,/home/hersco/training_new_domains/2026-08-20/statistical_replication_stage1_10seed/20401184_Tr_block_grouping_block_grouping_orig_vh_c.1_s1510771779_STATREP10_STAGE1.txt,/home/hersco/training_new_domains/2026-08-22/statistical_replication_terminal_stage1_policy_eval/20489192_Ev_block_grouping_block_grouping_orig_vh_c.1_s1510771779_SR10TCP_src20401184_e0138.txt,/home/hersco/training_new_domains/2026-08-22/statistical_replication_terminal_stage2_train/20489400_Re-Tr_block_grouping_block_grouping_mcts_orig_vh_e.5_c.1_s1510771779_K0_SR10TCT_src20401184_e0138.txt,/home/hersco/training_new_domains/2026-08-25/statistical_replication_terminal_stage2_policy_eval/20541175_Ev_block_grouping_block_grouping_orig_vh_c.1_s1510771779_SR10TCP_src20489400_e0000.txt
MAIN-TERM,block_grouping,on,1963100312,final,54,13,0,12,-1,20,20401177,20489401,20541197,/home/hersco/training_new_domains/2026-08-20/statistical_replication_stage1_10seed/20401177_Tr_block_grouping_block_grouping_orig_vh_c.1_s1963100312_STATREP10_STAGE1.txt,/home/hersco/training_new_domains/2026-08-22/statistical_replication_terminal_stage1_policy_eval/20489193_Ev_block_grouping_block_grouping_orig_vh_c.1_s1963100312_SR10TCP_src20401177_e0054.txt,/home/hersco/training_new_domains/2026-08-22/statistical_replication_terminal_stage2_train/20489401_Re-Tr_block_grouping_block_grouping_mcts_orig_vh_e.5_c.1_s1963100312_K0_SR10TCT_src20401177_e0054.txt,/home/hersco/training_new_domains/2026-08-25/statistical_replication_terminal_stage2_policy_eval/20541197_Ev_block_grouping_block_grouping_orig_vh_c.1_s1963100312_SR10TCP_src20489401_e0000.txt
MAIN-TERM,block_grouping,on,1972442430,final,55,17,0,10,-7,20,20401186,20489402,20541218,/home/hersco/training_new_domains/2026-08-20/statistical_replication_stage1_10seed/20401186_Tr_block_grouping_block_grouping_orig_vh_c.1_s1972442430_STATREP10_STAGE1.txt,/home/hersco/training_new_domains/2026-08-21/statistical_replication_stage1_policy_eval/20424782_Ev_block_grouping_block_grouping_orig_vh_c.1_s1972442430_SR10P_src20401186_e0055.txt,/home/hersco/training_new_domains/2026-08-22/statistical_replication_terminal_stage2_train/20489402_Re-Tr_block_grouping_block_grouping_mcts_orig_vh_e.5_c.1_s1972442430_K0_SR10TCT_src20401186_e0055.txt,/home/hersco/training_new_domains/2026-08-25/statistical_replication_terminal_stage2_policy_eval/20541218_Ev_block_grouping_block_grouping_orig_vh_c.1_s1972442430_SR10TCP_src20489402_e0000.txt
MAIN-TERM,block_grouping,on,2011206605,final,76,16,0,9,-7,20,20401178,20489403,20541344,/home/hersco/training_new_domains/2026-08-20/statistical_replication_stage1_10seed/20401178_Tr_block_grouping_block_grouping_orig_vh_c.1_s2011206605_STATREP10_STAGE1.txt,/home/hersco/training_new_domains/2026-08-22/statistical_replication_terminal_stage1_policy_eval/20489194_Ev_block_grouping_block_grouping_orig_vh_c.1_s2011206605_SR10TCP_src20401178_e0076.txt,/home/hersco/training_new_domains/2026-08-22/statistical_replication_terminal_stage2_train/20489403_Re-Tr_block_grouping_block_grouping_mcts_orig_vh_e.5_c.1_s2011206605_K0_SR10TCT_src20401178_e0076.txt,/home/hersco/training_new_domains/2026-08-25/statistical_replication_terminal_stage2_policy_eval/20541344_Ev_block_grouping_block_grouping_orig_vh_c.1_s2011206605_SR10TCP_src20489403_e0000.txt
MAIN-TERM,block_grouping,on,2082152039,final,61,15,0,10,-5,20,20401183,20489404,20541366,/home/hersco/training_new_domains/2026-08-20/statistical_replication_stage1_10seed/20401183_Tr_block_grouping_block_grouping_orig_vh_c.1_s2082152039_STATREP10_STAGE1.txt,/home/hersco/training_new_domains/2026-08-22/statistical_replication_terminal_stage1_policy_eval/20489195_Ev_block_grouping_block_grouping_orig_vh_c.1_s2082152039_SR10TCP_src20401183_e0061.txt,/home/hersco/training_new_domains/2026-08-22/statistical_replication_terminal_stage2_train/20489404_Re-Tr_block_grouping_block_grouping_mcts_orig_vh_e.5_c.1_s2082152039_K0_SR10TCT_src20401183_e0061.txt,/home/hersco/training_new_domains/2026-08-25/statistical_replication_terminal_stage2_policy_eval/20541366_Ev_block_grouping_block_grouping_orig_vh_c.1_s2082152039_SR10TCP_src20489404_e0000.txt
MAIN-TERM,counters,off,534933607,final,93,4,0,4,0,59,20401263,20489405,20523490,/home/hersco/training_new_domains/2026-08-20/statistical_replication_stage1_10seed/20401263_Tr_counters_counters_orig_novh_c.1_s534933607_STATREP10_STAGE1.txt,/home/hersco/training_new_domains/2026-08-22/statistical_replication_terminal_stage1_policy_eval/20489196_Ev_counters_counters_orig_novh_c.1_s534933607_SR10TCP_src20401263_e0093.txt,/home/hersco/training_new_domains/2026-08-22/statistical_replication_terminal_stage2_train/20489405_Re-Tr_counters_counters_mcts_orig_novh_e.5_c.1_s534933607_K0_SR10TCT_src20401263_e0093.txt,/home/hersco/training_new_domains/2026-08-24/statistical_replication_terminal_stage2_policy_eval/20523490_Ev_counters_counters_orig_novh_c.1_s534933607_SR10TCP_src20489405_e0000.txt
MAIN-TERM,counters,off,923500475,final,62,45,0,47,2,59,20401266,20489406,20523610,/home/hersco/training_new_domains/2026-08-20/statistical_replication_stage1_10seed/20401266_Tr_counters_counters_orig_novh_c.1_s923500475_STATREP10_STAGE1.txt,/home/hersco/training_new_domains/2026-08-22/statistical_replication_terminal_stage1_policy_eval/20489197_Ev_counters_counters_orig_novh_c.1_s923500475_SR10TCP_src20401266_e0062.txt,/home/hersco/training_new_domains/2026-08-22/statistical_replication_terminal_stage2_train/20489406_Re-Tr_counters_counters_mcts_orig_novh_e.5_c.1_s923500475_K0_SR10TCT_src20401266_e0062.txt,/home/hersco/training_new_domains/2026-08-24/statistical_replication_terminal_stage2_policy_eval/20523610_Ev_counters_counters_orig_novh_c.1_s923500475_SR10TCP_src20489406_e0000.txt
MAIN-TERM,counters,off,1073581256,final,53,59,0,26,-33,59,20401260,20489407,20523631,/home/hersco/training_new_domains/2026-08-20/statistical_replication_stage1_10seed/20401260_Tr_counters_counters_orig_novh_c.1_s1073581256_STATREP10_STAGE1.txt,/home/hersco/training_new_domains/2026-08-22/statistical_replication_terminal_stage1_policy_eval/20489198_Ev_counters_counters_orig_novh_c.1_s1073581256_SR10TCP_src20401260_e0053.txt,/home/hersco/training_new_domains/2026-08-22/statistical_replication_terminal_stage2_train/20489407_Re-Tr_counters_counters_mcts_orig_novh_e.5_c.1_s1073581256_K0_SR10TCT_src20401260_e0053.txt,/home/hersco/training_new_domains/2026-08-24/statistical_replication_terminal_stage2_policy_eval/20523631_Ev_counters_counters_orig_novh_c.1_s1073581256_SR10TCP_src20489407_e0000.txt
MAIN-TERM,counters,off,1239739722,final,55,17,0,23,6,59,20401261,20489408,20523675,/home/hersco/training_new_domains/2026-08-20/statistical_replication_stage1_10seed/20401261_Tr_counters_counters_orig_novh_c.1_s1239739722_STATREP10_STAGE1.txt,/home/hersco/training_new_domains/2026-08-21/statistical_replication_stage1_policy_eval/20428802_Ev_counters_counters_orig_novh_c.1_s1239739722_SR10P_src20401261_e0055.txt,/home/hersco/training_new_domains/2026-08-22/statistical_replication_terminal_stage2_train/20489408_Re-Tr_counters_counters_mcts_orig_novh_e.5_c.1_s1239739722_K0_SR10TCT_src20401261_e0055.txt,/home/hersco/training_new_domains/2026-08-24/statistical_replication_terminal_stage2_policy_eval/20523675_Ev_counters_counters_orig_novh_c.1_s1239739722_SR10TCP_src20489408_e0000.txt
MAIN-TERM,counters,off,1472491096,final,70,26,0,19,-7,59,20401262,20489409,20523696,/home/hersco/training_new_domains/2026-08-20/statistical_replication_stage1_10seed/20401262_Tr_counters_counters_orig_novh_c.1_s1472491096_STATREP10_STAGE1.txt,/home/hersco/training_new_domains/2026-08-21/statistical_replication_stage1_policy_eval/20429057_Ev_counters_counters_orig_novh_c.1_s1472491096_SR10P_src20401262_e0070.txt,/home/hersco/training_new_domains/2026-08-22/statistical_replication_terminal_stage2_train/20489409_Re-Tr_counters_counters_mcts_orig_novh_e.5_c.1_s1472491096_K0_SR10TCT_src20401262_e0070.txt,/home/hersco/training_new_domains/2026-08-24/statistical_replication_terminal_stage2_policy_eval/20523696_Ev_counters_counters_orig_novh_c.1_s1472491096_SR10TCP_src20489409_e0000.txt
MAIN-TERM,counters,off,1510771779,final,51,13,0,18,5,59,20401265,20489410,20523725,/home/hersco/training_new_domains/2026-08-20/statistical_replication_stage1_10seed/20401265_Tr_counters_counters_orig_novh_c.1_s1510771779_STATREP10_STAGE1.txt,/home/hersco/training_new_domains/2026-08-22/statistical_replication_terminal_stage1_policy_eval/20489199_Ev_counters_counters_orig_novh_c.1_s1510771779_SR10TCP_src20401265_e0051.txt,/home/hersco/training_new_domains/2026-08-22/statistical_replication_terminal_stage2_train/20489410_Re-Tr_counters_counters_mcts_orig_novh_e.5_c.1_s1510771779_K0_SR10TCT_src20401265_e0051.txt,/home/hersco/training_new_domains/2026-08-24/statistical_replication_terminal_stage2_policy_eval/20523725_Ev_counters_counters_orig_novh_c.1_s1510771779_SR10TCP_src20489410_e0000.txt
MAIN-TERM,counters,off,1963100312,final,151,14,0,4,-10,59,20401258,20489411,20523746,/home/hersco/training_new_domains/2026-08-20/statistical_replication_stage1_10seed/20401258_Tr_counters_counters_orig_novh_c.1_s1963100312_STATREP10_STAGE1.txt,/home/hersco/training_new_domains/2026-08-22/statistical_replication_terminal_stage1_policy_eval/20489200_Ev_counters_counters_orig_novh_c.1_s1963100312_SR10TCP_src20401258_e0151.txt,/home/hersco/training_new_domains/2026-08-22/statistical_replication_terminal_stage2_train/20489411_Re-Tr_counters_counters_mcts_orig_novh_e.5_c.1_s1963100312_K0_SR10TCT_src20401258_e0151.txt,/home/hersco/training_new_domains/2026-08-24/statistical_replication_terminal_stage2_policy_eval/20523746_Ev_counters_counters_orig_novh_c.1_s1963100312_SR10TCP_src20489411_e0000.txt
MAIN-TERM,counters,off,1972442430,final,103,11,0,18,7,59,20401267,20489412,20523833,/home/hersco/training_new_domains/2026-08-20/statistical_replication_stage1_10seed/20401267_Tr_counters_counters_orig_novh_c.1_s1972442430_STATREP10_STAGE1.txt,/home/hersco/training_new_domains/2026-08-22/statistical_replication_terminal_stage1_policy_eval/20489201_Ev_counters_counters_orig_novh_c.1_s1972442430_SR10TCP_src20401267_e0103.txt,/home/hersco/training_new_domains/2026-08-22/statistical_replication_terminal_stage2_train/20489412_Re-Tr_counters_counters_mcts_orig_novh_e.5_c.1_s1972442430_K0_SR10TCT_src20401267_e0103.txt,/home/hersco/training_new_domains/2026-08-24/statistical_replication_terminal_stage2_policy_eval/20523833_Ev_counters_counters_orig_novh_c.1_s1972442430_SR10TCP_src20489412_e0000.txt
MAIN-TERM,counters,off,2011206605,final,87,15,0,46,31,59,20401259,20489413,20523863,/home/hersco/training_new_domains/2026-08-20/statistical_replication_stage1_10seed/20401259_Tr_counters_counters_orig_novh_c.1_s2011206605_STATREP10_STAGE1.txt,/home/hersco/training_new_domains/2026-08-22/statistical_replication_terminal_stage1_policy_eval/20489202_Ev_counters_counters_orig_novh_c.1_s2011206605_SR10TCP_src20401259_e0087.txt,/home/hersco/training_new_domains/2026-08-22/statistical_replication_terminal_stage2_train/20489413_Re-Tr_counters_counters_mcts_orig_novh_e.5_c.1_s2011206605_K0_SR10TCT_src20401259_e0087.txt,/home/hersco/training_new_domains/2026-08-24/statistical_replication_terminal_stage2_policy_eval/20523863_Ev_counters_counters_orig_novh_c.1_s2011206605_SR10TCP_src20489413_e0000.txt
MAIN-TERM,counters,off,2082152039,final,62,11,0,19,8,59,20401264,20489414,20523891,/home/hersco/training_new_domains/2026-08-20/statistical_replication_stage1_10seed/20401264_Tr_counters_counters_orig_novh_c.1_s2082152039_STATREP10_STAGE1.txt,/home/hersco/training_new_domains/2026-08-22/statistical_replication_terminal_stage1_policy_eval/20489203_Ev_counters_counters_orig_novh_c.1_s2082152039_SR10TCP_src20401264_e0062.txt,/home/hersco/training_new_domains/2026-08-22/statistical_replication_terminal_stage2_train/20489414_Re-Tr_counters_counters_mcts_orig_novh_e.5_c.1_s2082152039_K0_SR10TCT_src20401264_e0062.txt,/home/hersco/training_new_domains/2026-08-24/statistical_replication_terminal_stage2_policy_eval/20523891_Ev_counters_counters_orig_novh_c.1_s2082152039_SR10TCP_src20489414_e0000.txt
MAIN-TERM,counters,on,534933607,final,61,45,0,22,-23,59,20401273,20489415,20523912,/home/hersco/training_new_domains/2026-08-20/statistical_replication_stage1_10seed/20401273_Tr_counters_counters_orig_vh_c.1_s534933607_STATREP10_STAGE1.txt,/home/hersco/training_new_domains/2026-08-22/statistical_replication_terminal_stage1_policy_eval/20489204_Ev_counters_counters_orig_vh_c.1_s534933607_SR10TCP_src20401273_e0061.txt,/home/hersco/training_new_domains/2026-08-22/statistical_replication_terminal_stage2_train/20489415_Re-Tr_counters_counters_mcts_orig_vh_e.5_c.1_s534933607_K0_SR10TCT_src20401273_e0061.txt,/home/hersco/training_new_domains/2026-08-24/statistical_replication_terminal_stage2_policy_eval/20523912_Ev_counters_counters_orig_vh_c.1_s534933607_SR10TCP_src20489415_e0000.txt
MAIN-TERM,counters,on,923500475,final,52,16,0,5,-11,59,20401276,20489416,20523941,/home/hersco/training_new_domains/2026-08-20/statistical_replication_stage1_10seed/20401276_Tr_counters_counters_orig_vh_c.1_s923500475_STATREP10_STAGE1.txt,/home/hersco/training_new_domains/2026-08-22/statistical_replication_terminal_stage1_policy_eval/20489205_Ev_counters_counters_orig_vh_c.1_s923500475_SR10TCP_src20401276_e0052.txt,/home/hersco/training_new_domains/2026-08-22/statistical_replication_terminal_stage2_train/20489416_Re-Tr_counters_counters_mcts_orig_vh_e.5_c.1_s923500475_K0_SR10TCT_src20401276_e0052.txt,/home/hersco/training_new_domains/2026-08-24/statistical_replication_terminal_stage2_policy_eval/20523941_Ev_counters_counters_orig_vh_c.1_s923500475_SR10TCP_src20489416_e0000.txt
MAIN-TERM,counters,on,1073581256,final,92,35,0,3,-32,59,20401270,20489417,20524046,/home/hersco/training_new_domains/2026-08-20/statistical_replication_stage1_10seed/20401270_Tr_counters_counters_orig_vh_c.1_s1073581256_STATREP10_STAGE1.txt,/home/hersco/training_new_domains/2026-08-22/statistical_replication_terminal_stage1_policy_eval/20489206_Ev_counters_counters_orig_vh_c.1_s1073581256_SR10TCP_src20401270_e0092.txt,/home/hersco/training_new_domains/2026-08-22/statistical_replication_terminal_stage2_train/20489417_Re-Tr_counters_counters_mcts_orig_vh_e.5_c.1_s1073581256_K0_SR10TCT_src20401270_e0092.txt,/home/hersco/training_new_domains/2026-08-24/statistical_replication_terminal_stage2_policy_eval/20524046_Ev_counters_counters_orig_vh_c.1_s1073581256_SR10TCP_src20489417_e0000.txt
MAIN-TERM,counters,on,1239739722,final,130,9,0,4,-5,59,20401271,20489418,20541398,/home/hersco/training_new_domains/2026-08-20/statistical_replication_stage1_10seed/20401271_Tr_counters_counters_orig_vh_c.1_s1239739722_STATREP10_STAGE1.txt,/home/hersco/training_new_domains/2026-08-21/statistical_replication_stage1_policy_eval/20429545_Ev_counters_counters_orig_vh_c.1_s1239739722_SR10P_src20401271_e0130.txt,/home/hersco/training_new_domains/2026-08-22/statistical_replication_terminal_stage2_train/20489418_Re-Tr_counters_counters_mcts_orig_vh_e.5_c.1_s1239739722_K0_SR10TCT_src20401271_e0130.txt,/home/hersco/training_new_domains/2026-08-25/statistical_replication_terminal_stage2_policy_eval/20541398_Ev_counters_counters_orig_vh_c.1_s1239739722_SR10TCP_src20489418_e0000.txt
MAIN-TERM,counters,on,1472491096,final,68,21,0,3,-18,59,20401272,20489419,20541420,/home/hersco/training_new_domains/2026-08-20/statistical_replication_stage1_10seed/20401272_Tr_counters_counters_orig_vh_c.1_s1472491096_STATREP10_STAGE1.txt,/home/hersco/training_new_domains/2026-08-22/statistical_replication_terminal_stage1_policy_eval/20489207_Ev_counters_counters_orig_vh_c.1_s1472491096_SR10TCP_src20401272_e0068.txt,/home/hersco/training_new_domains/2026-08-22/statistical_replication_terminal_stage2_train/20489419_Re-Tr_counters_counters_mcts_orig_vh_e.5_c.1_s1472491096_K0_SR10TCT_src20401272_e0068.txt,/home/hersco/training_new_domains/2026-08-25/statistical_replication_terminal_stage2_policy_eval/20541420_Ev_counters_counters_orig_vh_c.1_s1472491096_SR10TCP_src20489419_e0000.txt
MAIN-TERM,counters,on,1510771779,final,91,11,0,19,8,59,20401275,20489420,20541549,/home/hersco/training_new_domains/2026-08-20/statistical_replication_stage1_10seed/20401275_Tr_counters_counters_orig_vh_c.1_s1510771779_STATREP10_STAGE1.txt,/home/hersco/training_new_domains/2026-08-22/statistical_replication_terminal_stage1_policy_eval/20489208_Ev_counters_counters_orig_vh_c.1_s1510771779_SR10TCP_src20401275_e0091.txt,/home/hersco/training_new_domains/2026-08-22/statistical_replication_terminal_stage2_train/20489420_Re-Tr_counters_counters_mcts_orig_vh_e.5_c.1_s1510771779_K0_SR10TCT_src20401275_e0091.txt,/home/hersco/training_new_domains/2026-08-25/statistical_replication_terminal_stage2_policy_eval/20541549_Ev_counters_counters_orig_vh_c.1_s1510771779_SR10TCP_src20489420_e0000.txt
MAIN-TERM,counters,on,1963100312,final,254,5,0,5,0,59,20401268,20489421,20541573,/home/hersco/training_new_domains/2026-08-20/statistical_replication_stage1_10seed/20401268_Tr_counters_counters_orig_vh_c.1_s1963100312_STATREP10_STAGE1.txt,/home/hersco/training_new_domains/2026-08-22/statistical_replication_terminal_stage1_policy_eval/20489209_Ev_counters_counters_orig_vh_c.1_s1963100312_SR10TCP_src20401268_e0254.txt,/home/hersco/training_new_domains/2026-08-22/statistical_replication_terminal_stage2_train/20489421_Re-Tr_counters_counters_mcts_orig_vh_e.5_c.1_s1963100312_K0_SR10TCT_src20401268_e0254.txt,/home/hersco/training_new_domains/2026-08-25/statistical_replication_terminal_stage2_policy_eval/20541573_Ev_counters_counters_orig_vh_c.1_s1963100312_SR10TCP_src20489421_e0000.txt
MAIN-TERM,counters,on,1972442430,final,51,11,0,14,3,59,20401277,20489422,20541594,/home/hersco/training_new_domains/2026-08-20/statistical_replication_stage1_10seed/20401277_Tr_counters_counters_orig_vh_c.1_s1972442430_STATREP10_STAGE1.txt,/home/hersco/training_new_domains/2026-08-22/statistical_replication_terminal_stage1_policy_eval/20489210_Ev_counters_counters_orig_vh_c.1_s1972442430_SR10TCP_src20401277_e0051.txt,/home/hersco/training_new_domains/2026-08-22/statistical_replication_terminal_stage2_train/20489422_Re-Tr_counters_counters_mcts_orig_vh_e.5_c.1_s1972442430_K0_SR10TCT_src20401277_e0051.txt,/home/hersco/training_new_domains/2026-08-25/statistical_replication_terminal_stage2_policy_eval/20541594_Ev_counters_counters_orig_vh_c.1_s1972442430_SR10TCP_src20489422_e0000.txt
MAIN-TERM,counters,on,2011206605,final,59,9,0,10,1,59,20401269,20489424,20541616,/home/hersco/training_new_domains/2026-08-20/statistical_replication_stage1_10seed/20401269_Tr_counters_counters_orig_vh_c.1_s2011206605_STATREP10_STAGE1.txt,/home/hersco/training_new_domains/2026-08-22/statistical_replication_terminal_stage1_policy_eval/20489211_Ev_counters_counters_orig_vh_c.1_s2011206605_SR10TCP_src20401269_e0059.txt,/home/hersco/training_new_domains/2026-08-22/statistical_replication_terminal_stage2_train/20489424_Re-Tr_counters_counters_mcts_orig_vh_e.5_c.1_s2011206605_K0_SR10TCT_src20401269_e0059.txt,/home/hersco/training_new_domains/2026-08-25/statistical_replication_terminal_stage2_policy_eval/20541616_Ev_counters_counters_orig_vh_c.1_s2011206605_SR10TCP_src20489424_e0000.txt
MAIN-TERM,counters,on,2082152039,final,147,10,0,18,8,59,20401274,20489425,20541742,/home/hersco/training_new_domains/2026-08-20/statistical_replication_stage1_10seed/20401274_Tr_counters_counters_orig_vh_c.1_s2082152039_STATREP10_STAGE1.txt,/home/hersco/training_new_domains/2026-08-22/statistical_replication_terminal_stage1_policy_eval/20489212_Ev_counters_counters_orig_vh_c.1_s2082152039_SR10TCP_src20401274_e0147.txt,/home/hersco/training_new_domains/2026-08-22/statistical_replication_terminal_stage2_train/20489425_Re-Tr_counters_counters_mcts_orig_vh_e.5_c.1_s2082152039_K0_SR10TCT_src20401274_e0147.txt,/home/hersco/training_new_domains/2026-08-25/statistical_replication_terminal_stage2_policy_eval/20541742_Ev_counters_counters_orig_vh_c.1_s2082152039_SR10TCP_src20489425_e0000.txt
MAIN-TERM,drone,off,534933607,final,119,12,0,5,-7,20,20401213,20489426,20541764,/home/hersco/training_new_domains/2026-08-20/statistical_replication_stage1_10seed/20401213_Tr_drone_drone_orig_novh_c.1_s534933607_STATREP10_STAGE1.txt,/home/hersco/training_new_domains/2026-08-22/statistical_replication_terminal_stage1_policy_eval/20489213_Ev_drone_drone_orig_novh_c.1_s534933607_SR10TCP_src20401213_e0119.txt,/home/hersco/training_new_domains/2026-08-22/statistical_replication_terminal_stage2_train/20489426_Re-Tr_drone_drone_mcts_orig_novh_e.5_c.1_s534933607_K0_SR10TCT_src20401213_e0119.txt,/home/hersco/training_new_domains/2026-08-25/statistical_replication_terminal_stage2_policy_eval/20541764_Ev_drone_drone_orig_novh_c.1_s534933607_SR10TCP_src20489426_e0000.txt
MAIN-TERM,drone,off,923500475,final,51,5,0,3,-2,20,20401216,20489427,20541786,/home/hersco/training_new_domains/2026-08-20/statistical_replication_stage1_10seed/20401216_Tr_drone_drone_orig_novh_c.1_s923500475_STATREP10_STAGE1.txt,/home/hersco/training_new_domains/2026-08-22/statistical_replication_terminal_stage1_policy_eval/20489214_Ev_drone_drone_orig_novh_c.1_s923500475_SR10TCP_src20401216_e0051.txt,/home/hersco/training_new_domains/2026-08-22/statistical_replication_terminal_stage2_train/20489427_Re-Tr_drone_drone_mcts_orig_novh_e.5_c.1_s923500475_K0_SR10TCT_src20401216_e0051.txt,/home/hersco/training_new_domains/2026-08-25/statistical_replication_terminal_stage2_policy_eval/20541786_Ev_drone_drone_orig_novh_c.1_s923500475_SR10TCP_src20489427_e0000.txt
MAIN-TERM,drone,off,1073581256,final,140,8,0,10,2,20,20401209,20489428,20541808,/home/hersco/training_new_domains/2026-08-20/statistical_replication_stage1_10seed/20401209_Tr_drone_drone_orig_novh_c.1_s1073581256_STATREP10_STAGE1.txt,/home/hersco/training_new_domains/2026-08-21/statistical_replication_stage1_policy_eval/20450775_Ev_drone_drone_orig_novh_c.1_s1073581256_SR10P_src20401209_e0140.txt,/home/hersco/training_new_domains/2026-08-22/statistical_replication_terminal_stage2_train/20489428_Re-Tr_drone_drone_mcts_orig_novh_e.5_c.1_s1073581256_K0_SR10TCT_src20401209_e0140.txt,/home/hersco/training_new_domains/2026-08-25/statistical_replication_terminal_stage2_policy_eval/20541808_Ev_drone_drone_orig_novh_c.1_s1073581256_SR10TCP_src20489428_e0000.txt
MAIN-TERM,drone,off,1239739722,final,101,7,0,3,-4,20,20401210,20489429,20541830,/home/hersco/training_new_domains/2026-08-20/statistical_replication_stage1_10seed/20401210_Tr_drone_drone_orig_novh_c.1_s1239739722_STATREP10_STAGE1.txt,/home/hersco/training_new_domains/2026-08-22/statistical_replication_terminal_stage1_policy_eval/20489215_Ev_drone_drone_orig_novh_c.1_s1239739722_SR10TCP_src20401210_e0101.txt,/home/hersco/training_new_domains/2026-08-22/statistical_replication_terminal_stage2_train/20489429_Re-Tr_drone_drone_mcts_orig_novh_e.5_c.1_s1239739722_K0_SR10TCT_src20401210_e0101.txt,/home/hersco/training_new_domains/2026-08-25/statistical_replication_terminal_stage2_policy_eval/20541830_Ev_drone_drone_orig_novh_c.1_s1239739722_SR10TCP_src20489429_e0000.txt
MAIN-TERM,drone,off,1472491096,final,133,11,0,8,-3,20,20401212,20489430,20541870,/home/hersco/training_new_domains/2026-08-20/statistical_replication_stage1_10seed/20401212_Tr_drone_drone_orig_novh_c.1_s1472491096_STATREP10_STAGE1.txt,/home/hersco/training_new_domains/2026-08-22/statistical_replication_terminal_stage1_policy_eval/20489216_Ev_drone_drone_orig_novh_c.1_s1472491096_SR10TCP_src20401212_e0133.txt,/home/hersco/training_new_domains/2026-08-22/statistical_replication_terminal_stage2_train/20489430_Re-Tr_drone_drone_mcts_orig_novh_e.5_c.1_s1472491096_K0_SR10TCT_src20401212_e0133.txt,/home/hersco/training_new_domains/2026-08-25/statistical_replication_terminal_stage2_policy_eval/20541870_Ev_drone_drone_orig_novh_c.1_s1472491096_SR10TCP_src20489430_e0000.txt
MAIN-TERM,drone,off,1510771779,final,66,6,0,7,1,20,20401215,20489431,20541892,/home/hersco/training_new_domains/2026-08-20/statistical_replication_stage1_10seed/20401215_Tr_drone_drone_orig_novh_c.1_s1510771779_STATREP10_STAGE1.txt,/home/hersco/training_new_domains/2026-08-22/statistical_replication_terminal_stage1_policy_eval/20489217_Ev_drone_drone_orig_novh_c.1_s1510771779_SR10TCP_src20401215_e0066.txt,/home/hersco/training_new_domains/2026-08-22/statistical_replication_terminal_stage2_train/20489431_Re-Tr_drone_drone_mcts_orig_novh_e.5_c.1_s1510771779_K0_SR10TCT_src20401215_e0066.txt,/home/hersco/training_new_domains/2026-08-25/statistical_replication_terminal_stage2_policy_eval/20541892_Ev_drone_drone_orig_novh_c.1_s1510771779_SR10TCP_src20489431_e0000.txt
MAIN-TERM,drone,off,1963100312,final,162,3,0,5,2,20,20401207,20489432,20541914,/home/hersco/training_new_domains/2026-08-20/statistical_replication_stage1_10seed/20401207_Tr_drone_drone_orig_novh_c.1_s1963100312_STATREP10_STAGE1.txt,/home/hersco/training_new_domains/2026-08-22/statistical_replication_terminal_stage1_policy_eval/20489218_Ev_drone_drone_orig_novh_c.1_s1963100312_SR10TCP_src20401207_e0162.txt,/home/hersco/training_new_domains/2026-08-22/statistical_replication_terminal_stage2_train/20489432_Re-Tr_drone_drone_mcts_orig_novh_e.5_c.1_s1963100312_K0_SR10TCT_src20401207_e0162.txt,/home/hersco/training_new_domains/2026-08-25/statistical_replication_terminal_stage2_policy_eval/20541914_Ev_drone_drone_orig_novh_c.1_s1963100312_SR10TCP_src20489432_e0000.txt
MAIN-TERM,drone,off,1972442430,final,117,7,0,8,1,20,20401217,20489433,20541936,/home/hersco/training_new_domains/2026-08-20/statistical_replication_stage1_10seed/20401217_Tr_drone_drone_orig_novh_c.1_s1972442430_STATREP10_STAGE1.txt,/home/hersco/training_new_domains/2026-08-22/statistical_replication_terminal_stage1_policy_eval/20489219_Ev_drone_drone_orig_novh_c.1_s1972442430_SR10TCP_src20401217_e0117.txt,/home/hersco/training_new_domains/2026-08-22/statistical_replication_terminal_stage2_train/20489433_Re-Tr_drone_drone_mcts_orig_novh_e.5_c.1_s1972442430_K0_SR10TCT_src20401217_e0117.txt,/home/hersco/training_new_domains/2026-08-25/statistical_replication_terminal_stage2_policy_eval/20541936_Ev_drone_drone_orig_novh_c.1_s1972442430_SR10TCP_src20489433_e0000.txt
MAIN-TERM,drone,off,2011206605,final,90,7,0,7,0,20,20401208,20489434,20541967,/home/hersco/training_new_domains/2026-08-20/statistical_replication_stage1_10seed/20401208_Tr_drone_drone_orig_novh_c.1_s2011206605_STATREP10_STAGE1.txt,/home/hersco/training_new_domains/2026-08-21/statistical_replication_stage1_policy_eval/20425796_Ev_drone_drone_orig_novh_c.1_s2011206605_SR10P_src20401208_e0090.txt,/home/hersco/training_new_domains/2026-08-22/statistical_replication_terminal_stage2_train/20489434_Re-Tr_drone_drone_mcts_orig_novh_e.5_c.1_s2011206605_K0_SR10TCT_src20401208_e0090.txt,/home/hersco/training_new_domains/2026-08-25/statistical_replication_terminal_stage2_policy_eval/20541967_Ev_drone_drone_orig_novh_c.1_s2011206605_SR10TCP_src20489434_e0000.txt
MAIN-TERM,drone,off,2082152039,final,88,8,0,7,-1,20,20401214,20489435,20541989,/home/hersco/training_new_domains/2026-08-20/statistical_replication_stage1_10seed/20401214_Tr_drone_drone_orig_novh_c.1_s2082152039_STATREP10_STAGE1.txt,/home/hersco/training_new_domains/2026-08-22/statistical_replication_terminal_stage1_policy_eval/20489220_Ev_drone_drone_orig_novh_c.1_s2082152039_SR10TCP_src20401214_e0088.txt,/home/hersco/training_new_domains/2026-08-22/statistical_replication_terminal_stage2_train/20489435_Re-Tr_drone_drone_mcts_orig_novh_e.5_c.1_s2082152039_K0_SR10TCT_src20401214_e0088.txt,/home/hersco/training_new_domains/2026-08-25/statistical_replication_terminal_stage2_policy_eval/20541989_Ev_drone_drone_orig_novh_c.1_s2082152039_SR10TCP_src20489435_e0000.txt
MAIN-TERM,drone,on,534933607,final,189,9,0,9,0,20,20401202,20489436,20542011,/home/hersco/training_new_domains/2026-08-20/statistical_replication_stage1_10seed/20401202_Tr_drone_drone_orig_vh_c.1_s534933607_STATREP10_STAGE1.txt,/home/hersco/training_new_domains/2026-08-22/statistical_replication_terminal_stage1_policy_eval/20489221_Ev_drone_drone_orig_vh_c.1_s534933607_SR10TCP_src20401202_e0189.txt,/home/hersco/training_new_domains/2026-08-22/statistical_replication_terminal_stage2_train/20489436_Re-Tr_drone_drone_mcts_orig_vh_e.5_c.1_s534933607_K0_SR10TCT_src20401202_e0189.txt,/home/hersco/training_new_domains/2026-08-25/statistical_replication_terminal_stage2_policy_eval/20542011_Ev_drone_drone_orig_vh_c.1_s534933607_SR10TCP_src20489436_e0000.txt
MAIN-TERM,drone,on,923500475,final,153,9,0,7,-2,20,20401205,20489437,20542033,/home/hersco/training_new_domains/2026-08-20/statistical_replication_stage1_10seed/20401205_Tr_drone_drone_orig_vh_c.1_s923500475_STATREP10_STAGE1.txt,/home/hersco/training_new_domains/2026-08-22/statistical_replication_terminal_stage1_policy_eval/20489222_Ev_drone_drone_orig_vh_c.1_s923500475_SR10TCP_src20401205_e0153.txt,/home/hersco/training_new_domains/2026-08-22/statistical_replication_terminal_stage2_train/20489437_Re-Tr_drone_drone_mcts_orig_vh_e.5_c.1_s923500475_K0_SR10TCT_src20401205_e0153.txt,/home/hersco/training_new_domains/2026-08-25/statistical_replication_terminal_stage2_policy_eval/20542033_Ev_drone_drone_orig_vh_c.1_s923500475_SR10TCP_src20489437_e0000.txt
MAIN-TERM,drone,on,1073581256,final,168,10,0,7,-3,20,20401199,20489438,20542055,/home/hersco/training_new_domains/2026-08-20/statistical_replication_stage1_10seed/20401199_Tr_drone_drone_orig_vh_c.1_s1073581256_STATREP10_STAGE1.txt,/home/hersco/training_new_domains/2026-08-22/statistical_replication_terminal_stage1_policy_eval/20489223_Ev_drone_drone_orig_vh_c.1_s1073581256_SR10TCP_src20401199_e0168.txt,/home/hersco/training_new_domains/2026-08-22/statistical_replication_terminal_stage2_train/20489438_Re-Tr_drone_drone_mcts_orig_vh_e.5_c.1_s1073581256_K0_SR10TCT_src20401199_e0168.txt,/home/hersco/training_new_domains/2026-08-25/statistical_replication_terminal_stage2_policy_eval/20542055_Ev_drone_drone_orig_vh_c.1_s1073581256_SR10TCP_src20489438_e0000.txt
MAIN-TERM,drone,on,1239739722,final,73,3,0,3,0,20,20401200,20489439,20542078,/home/hersco/training_new_domains/2026-08-20/statistical_replication_stage1_10seed/20401200_Tr_drone_drone_orig_vh_c.1_s1239739722_STATREP10_STAGE1.txt,/home/hersco/training_new_domains/2026-08-22/statistical_replication_terminal_stage1_policy_eval/20489224_Ev_drone_drone_orig_vh_c.1_s1239739722_SR10TCP_src20401200_e0073.txt,/home/hersco/training_new_domains/2026-08-22/statistical_replication_terminal_stage2_train/20489439_Re-Tr_drone_drone_mcts_orig_vh_e.5_c.1_s1239739722_K0_SR10TCT_src20401200_e0073.txt,/home/hersco/training_new_domains/2026-08-25/statistical_replication_terminal_stage2_policy_eval/20542078_Ev_drone_drone_orig_vh_c.1_s1239739722_SR10TCP_src20489439_e0000.txt
MAIN-TERM,drone,on,1472491096,final,71,7,0,7,0,20,20401201,20489440,20542100,/home/hersco/training_new_domains/2026-08-20/statistical_replication_stage1_10seed/20401201_Tr_drone_drone_orig_vh_c.1_s1472491096_STATREP10_STAGE1.txt,/home/hersco/training_new_domains/2026-08-22/statistical_replication_terminal_stage1_policy_eval/20489225_Ev_drone_drone_orig_vh_c.1_s1472491096_SR10TCP_src20401201_e0071.txt,/home/hersco/training_new_domains/2026-08-22/statistical_replication_terminal_stage2_train/20489440_Re-Tr_drone_drone_mcts_orig_vh_e.5_c.1_s1472491096_K0_SR10TCT_src20401201_e0071.txt,/home/hersco/training_new_domains/2026-08-25/statistical_replication_terminal_stage2_policy_eval/20542100_Ev_drone_drone_orig_vh_c.1_s1472491096_SR10TCP_src20489440_e0000.txt
MAIN-TERM,drone,on,1510771779,final,64,8,0,7,-1,20,20401204,20489441,20542122,/home/hersco/training_new_domains/2026-08-20/statistical_replication_stage1_10seed/20401204_Tr_drone_drone_orig_vh_c.1_s1510771779_STATREP10_STAGE1.txt,/home/hersco/training_new_domains/2026-08-22/statistical_replication_terminal_stage1_policy_eval/20489226_Ev_drone_drone_orig_vh_c.1_s1510771779_SR10TCP_src20401204_e0064.txt,/home/hersco/training_new_domains/2026-08-22/statistical_replication_terminal_stage2_train/20489441_Re-Tr_drone_drone_mcts_orig_vh_e.5_c.1_s1510771779_K0_SR10TCT_src20401204_e0064.txt,/home/hersco/training_new_domains/2026-08-25/statistical_replication_terminal_stage2_policy_eval/20542122_Ev_drone_drone_orig_vh_c.1_s1510771779_SR10TCP_src20489441_e0000.txt
MAIN-TERM,drone,on,1963100312,final,51,4,0,4,0,20,20401197,20489442,20542144,/home/hersco/training_new_domains/2026-08-20/statistical_replication_stage1_10seed/20401197_Tr_drone_drone_orig_vh_c.1_s1963100312_STATREP10_STAGE1.txt,/home/hersco/training_new_domains/2026-08-22/statistical_replication_terminal_stage1_policy_eval/20489227_Ev_drone_drone_orig_vh_c.1_s1963100312_SR10TCP_src20401197_e0051.txt,/home/hersco/training_new_domains/2026-08-22/statistical_replication_terminal_stage2_train/20489442_Re-Tr_drone_drone_mcts_orig_vh_e.5_c.1_s1963100312_K0_SR10TCT_src20401197_e0051.txt,/home/hersco/training_new_domains/2026-08-25/statistical_replication_terminal_stage2_policy_eval/20542144_Ev_drone_drone_orig_vh_c.1_s1963100312_SR10TCP_src20489442_e0000.txt
MAIN-TERM,drone,on,1972442430,final,71,7,0,5,-2,20,20401206,20489443,20542165,/home/hersco/training_new_domains/2026-08-20/statistical_replication_stage1_10seed/20401206_Tr_drone_drone_orig_vh_c.1_s1972442430_STATREP10_STAGE1.txt,/home/hersco/training_new_domains/2026-08-22/statistical_replication_terminal_stage1_policy_eval/20489228_Ev_drone_drone_orig_vh_c.1_s1972442430_SR10TCP_src20401206_e0071.txt,/home/hersco/training_new_domains/2026-08-22/statistical_replication_terminal_stage2_train/20489443_Re-Tr_drone_drone_mcts_orig_vh_e.5_c.1_s1972442430_K0_SR10TCT_src20401206_e0071.txt,/home/hersco/training_new_domains/2026-08-25/statistical_replication_terminal_stage2_policy_eval/20542165_Ev_drone_drone_orig_vh_c.1_s1972442430_SR10TCP_src20489443_e0000.txt
MAIN-TERM,drone,on,2011206605,final,69,7,0,5,-2,20,20401198,20489444,20542190,/home/hersco/training_new_domains/2026-08-20/statistical_replication_stage1_10seed/20401198_Tr_drone_drone_orig_vh_c.1_s2011206605_STATREP10_STAGE1.txt,/home/hersco/training_new_domains/2026-08-22/statistical_replication_terminal_stage1_policy_eval/20489229_Ev_drone_drone_orig_vh_c.1_s2011206605_SR10TCP_src20401198_e0069.txt,/home/hersco/training_new_domains/2026-08-22/statistical_replication_terminal_stage2_train/20489444_Re-Tr_drone_drone_mcts_orig_vh_e.5_c.1_s2011206605_K0_SR10TCT_src20401198_e0069.txt,/home/hersco/training_new_domains/2026-08-25/statistical_replication_terminal_stage2_policy_eval/20542190_Ev_drone_drone_orig_vh_c.1_s2011206605_SR10TCP_src20489444_e0000.txt
MAIN-TERM,drone,on,2082152039,final,76,8,0,6,-2,20,20401203,20489445,20542212,/home/hersco/training_new_domains/2026-08-20/statistical_replication_stage1_10seed/20401203_Tr_drone_drone_orig_vh_c.1_s2082152039_STATREP10_STAGE1.txt,/home/hersco/training_new_domains/2026-08-22/statistical_replication_terminal_stage1_policy_eval/20489230_Ev_drone_drone_orig_vh_c.1_s2082152039_SR10TCP_src20401203_e0076.txt,/home/hersco/training_new_domains/2026-08-22/statistical_replication_terminal_stage2_train/20489445_Re-Tr_drone_drone_mcts_orig_vh_e.5_c.1_s2082152039_K0_SR10TCT_src20401203_e0076.txt,/home/hersco/training_new_domains/2026-08-25/statistical_replication_terminal_stage2_policy_eval/20542212_Ev_drone_drone_orig_vh_c.1_s2082152039_SR10TCP_src20489445_e0000.txt
MAIN-TERM,fo_counters,off,534933607,final,107,4,0,5,1,20,20401233,20489446,20542234,/home/hersco/training_new_domains/2026-08-20/statistical_replication_stage1_10seed/20401233_Tr_fo_counters_fo_counters_orig_novh_c.1_s534933607_STATREP10_STAGE1.txt,/home/hersco/training_new_domains/2026-08-22/statistical_replication_terminal_stage1_policy_eval/20489231_Ev_fo_counters_fo_counters_orig_novh_c.1_s534933607_SR10TCP_src20401233_e0107.txt,/home/hersco/training_new_domains/2026-08-22/statistical_replication_terminal_stage2_train/20489446_Re-Tr_fo_counters_fo_counters_mcts_orig_novh_e.5_c.1_s534933607_K0_SR10TCT_src20401233_e0107.txt,/home/hersco/training_new_domains/2026-08-25/statistical_replication_terminal_stage2_policy_eval/20542234_Ev_fo_counters_fo_counters_orig_novh_c.1_s534933607_SR10TCP_src20489446_e0000.txt
MAIN-TERM,fo_counters,off,923500475,final,64,4,0,0,-4,20,20401236,20489447,20542255,/home/hersco/training_new_domains/2026-08-20/statistical_replication_stage1_10seed/20401236_Tr_fo_counters_fo_counters_orig_novh_c.1_s923500475_STATREP10_STAGE1.txt,/home/hersco/training_new_domains/2026-08-22/statistical_replication_terminal_stage1_policy_eval/20489233_Ev_fo_counters_fo_counters_orig_novh_c.1_s923500475_SR10TCP_src20401236_e0064.txt,/home/hersco/training_new_domains/2026-08-22/statistical_replication_terminal_stage2_train/20489447_Re-Tr_fo_counters_fo_counters_mcts_orig_novh_e.5_c.1_s923500475_K0_SR10TCT_src20401236_e0064.txt,/home/hersco/training_new_domains/2026-08-25/statistical_replication_terminal_stage2_policy_eval/20542255_Ev_fo_counters_fo_counters_orig_novh_c.1_s923500475_SR10TCP_src20489447_e0000.txt
MAIN-TERM,fo_counters,off,1073581256,final,72,3,0,3,0,20,20401230,20489448,20542293,/home/hersco/training_new_domains/2026-08-20/statistical_replication_stage1_10seed/20401230_Tr_fo_counters_fo_counters_orig_novh_c.1_s1073581256_STATREP10_STAGE1.txt,/home/hersco/training_new_domains/2026-08-22/statistical_replication_terminal_stage1_policy_eval/20489234_Ev_fo_counters_fo_counters_orig_novh_c.1_s1073581256_SR10TCP_src20401230_e0072.txt,/home/hersco/training_new_domains/2026-08-22/statistical_replication_terminal_stage2_train/20489448_Re-Tr_fo_counters_fo_counters_mcts_orig_novh_e.5_c.1_s1073581256_K0_SR10TCT_src20401230_e0072.txt,/home/hersco/training_new_domains/2026-08-25/statistical_replication_terminal_stage2_policy_eval/20542293_Ev_fo_counters_fo_counters_orig_novh_c.1_s1073581256_SR10TCP_src20489448_e0000.txt
MAIN-TERM,fo_counters,off,1239739722,final,81,5,0,2,-3,20,20401231,20489449,20542405,/home/hersco/training_new_domains/2026-08-20/statistical_replication_stage1_10seed/20401231_Tr_fo_counters_fo_counters_orig_novh_c.1_s1239739722_STATREP10_STAGE1.txt,/home/hersco/training_new_domains/2026-08-22/statistical_replication_terminal_stage1_policy_eval/20489235_Ev_fo_counters_fo_counters_orig_novh_c.1_s1239739722_SR10TCP_src20401231_e0081.txt,/home/hersco/training_new_domains/2026-08-22/statistical_replication_terminal_stage2_train/20489449_Re-Tr_fo_counters_fo_counters_mcts_orig_novh_e.5_c.1_s1239739722_K0_SR10TCT_src20401231_e0081.txt,/home/hersco/training_new_domains/2026-08-25/statistical_replication_terminal_stage2_policy_eval/20542405_Ev_fo_counters_fo_counters_orig_novh_c.1_s1239739722_SR10TCP_src20489449_e0000.txt
MAIN-TERM,fo_counters,off,1472491096,final,66,4,0,3,-1,20,20401232,20489450,20542590,/home/hersco/training_new_domains/2026-08-20/statistical_replication_stage1_10seed/20401232_Tr_fo_counters_fo_counters_orig_novh_c.1_s1472491096_STATREP10_STAGE1.txt,/home/hersco/training_new_domains/2026-08-22/statistical_replication_terminal_stage1_policy_eval/20489236_Ev_fo_counters_fo_counters_orig_novh_c.1_s1472491096_SR10TCP_src20401232_e0066.txt,/home/hersco/training_new_domains/2026-08-22/statistical_replication_terminal_stage2_train/20489450_Re-Tr_fo_counters_fo_counters_mcts_orig_novh_e.5_c.1_s1472491096_K0_SR10TCT_src20401232_e0066.txt,/home/hersco/training_new_domains/2026-08-25/statistical_replication_terminal_stage2_policy_eval/20542590_Ev_fo_counters_fo_counters_orig_novh_c.1_s1472491096_SR10TCP_src20489450_e0000.txt
MAIN-TERM,fo_counters,off,1510771779,final,116,4,0,2,-2,20,20401235,20489451,20542668,/home/hersco/training_new_domains/2026-08-20/statistical_replication_stage1_10seed/20401235_Tr_fo_counters_fo_counters_orig_novh_c.1_s1510771779_STATREP10_STAGE1.txt,/home/hersco/training_new_domains/2026-08-22/statistical_replication_terminal_stage1_policy_eval/20489237_Ev_fo_counters_fo_counters_orig_novh_c.1_s1510771779_SR10TCP_src20401235_e0116.txt,/home/hersco/training_new_domains/2026-08-22/statistical_replication_terminal_stage2_train/20489451_Re-Tr_fo_counters_fo_counters_mcts_orig_novh_e.5_c.1_s1510771779_K0_SR10TCT_src20401235_e0116.txt,/home/hersco/training_new_domains/2026-08-25/statistical_replication_terminal_stage2_policy_eval/20542668_Ev_fo_counters_fo_counters_orig_novh_c.1_s1510771779_SR10TCP_src20489451_e0000.txt
MAIN-TERM,fo_counters,off,1963100312,final,58,4,0,2,-2,20,20401228,20489452,20542736,/home/hersco/training_new_domains/2026-08-20/statistical_replication_stage1_10seed/20401228_Tr_fo_counters_fo_counters_orig_novh_c.1_s1963100312_STATREP10_STAGE1.txt,/home/hersco/training_new_domains/2026-08-22/statistical_replication_terminal_stage1_policy_eval/20489238_Ev_fo_counters_fo_counters_orig_novh_c.1_s1963100312_SR10TCP_src20401228_e0058.txt,/home/hersco/training_new_domains/2026-08-22/statistical_replication_terminal_stage2_train/20489452_Re-Tr_fo_counters_fo_counters_mcts_orig_novh_e.5_c.1_s1963100312_K0_SR10TCT_src20401228_e0058.txt,/home/hersco/training_new_domains/2026-08-25/statistical_replication_terminal_stage2_policy_eval/20542736_Ev_fo_counters_fo_counters_orig_novh_c.1_s1963100312_SR10TCP_src20489452_e0000.txt
MAIN-TERM,fo_counters,off,1972442430,final,78,2,0,2,0,20,20401237,20489453,20542811,/home/hersco/training_new_domains/2026-08-20/statistical_replication_stage1_10seed/20401237_Tr_fo_counters_fo_counters_orig_novh_c.1_s1972442430_STATREP10_STAGE1.txt,/home/hersco/training_new_domains/2026-08-22/statistical_replication_terminal_stage1_policy_eval/20489239_Ev_fo_counters_fo_counters_orig_novh_c.1_s1972442430_SR10TCP_src20401237_e0078.txt,/home/hersco/training_new_domains/2026-08-22/statistical_replication_terminal_stage2_train/20489453_Re-Tr_fo_counters_fo_counters_mcts_orig_novh_e.5_c.1_s1972442430_K0_SR10TCT_src20401237_e0078.txt,/home/hersco/training_new_domains/2026-08-25/statistical_replication_terminal_stage2_policy_eval/20542811_Ev_fo_counters_fo_counters_orig_novh_c.1_s1972442430_SR10TCP_src20489453_e0000.txt
MAIN-TERM,fo_counters,off,2011206605,final,96,3,0,2,-1,20,20401229,20489454,20542936,/home/hersco/training_new_domains/2026-08-20/statistical_replication_stage1_10seed/20401229_Tr_fo_counters_fo_counters_orig_novh_c.1_s2011206605_STATREP10_STAGE1.txt,/home/hersco/training_new_domains/2026-08-22/statistical_replication_terminal_stage1_policy_eval/20489240_Ev_fo_counters_fo_counters_orig_novh_c.1_s2011206605_SR10TCP_src20401229_e0096.txt,/home/hersco/training_new_domains/2026-08-22/statistical_replication_terminal_stage2_train/20489454_Re-Tr_fo_counters_fo_counters_mcts_orig_novh_e.5_c.1_s2011206605_K0_SR10TCT_src20401229_e0096.txt,/home/hersco/training_new_domains/2026-08-25/statistical_replication_terminal_stage2_policy_eval/20542936_Ev_fo_counters_fo_counters_orig_novh_c.1_s2011206605_SR10TCP_src20489454_e0000.txt
MAIN-TERM,fo_counters,off,2082152039,final,119,3,0,3,0,20,20401234,20489455,20542982,/home/hersco/training_new_domains/2026-08-20/statistical_replication_stage1_10seed/20401234_Tr_fo_counters_fo_counters_orig_novh_c.1_s2082152039_STATREP10_STAGE1.txt,/home/hersco/training_new_domains/2026-08-22/statistical_replication_terminal_stage1_policy_eval/20489241_Ev_fo_counters_fo_counters_orig_novh_c.1_s2082152039_SR10TCP_src20401234_e0119.txt,/home/hersco/training_new_domains/2026-08-22/statistical_replication_terminal_stage2_train/20489455_Re-Tr_fo_counters_fo_counters_mcts_orig_novh_e.5_c.1_s2082152039_K0_SR10TCT_src20401234_e0119.txt,/home/hersco/training_new_domains/2026-08-25/statistical_replication_terminal_stage2_policy_eval/20542982_Ev_fo_counters_fo_counters_orig_novh_c.1_s2082152039_SR10TCP_src20489455_e0000.txt
MAIN-TERM,fo_counters,on,534933607,final,108,2,0,1,-1,20,20401223,20489456,20543030,/home/hersco/training_new_domains/2026-08-20/statistical_replication_stage1_10seed/20401223_Tr_fo_counters_fo_counters_orig_vh_c.1_s534933607_STATREP10_STAGE1.txt,/home/hersco/training_new_domains/2026-08-22/statistical_replication_terminal_stage1_policy_eval/20489242_Ev_fo_counters_fo_counters_orig_vh_c.1_s534933607_SR10TCP_src20401223_e0108.txt,/home/hersco/training_new_domains/2026-08-22/statistical_replication_terminal_stage2_train/20489456_Re-Tr_fo_counters_fo_counters_mcts_orig_vh_e.5_c.1_s534933607_K0_SR10TCT_src20401223_e0108.txt,/home/hersco/training_new_domains/2026-08-25/statistical_replication_terminal_stage2_policy_eval/20543030_Ev_fo_counters_fo_counters_orig_vh_c.1_s534933607_SR10TCP_src20489456_e0000.txt
MAIN-TERM,fo_counters,on,923500475,final,84,1,0,3,2,20,20401226,20489457,20543082,/home/hersco/training_new_domains/2026-08-20/statistical_replication_stage1_10seed/20401226_Tr_fo_counters_fo_counters_orig_vh_c.1_s923500475_STATREP10_STAGE1.txt,/home/hersco/training_new_domains/2026-08-22/statistical_replication_terminal_stage1_policy_eval/20489243_Ev_fo_counters_fo_counters_orig_vh_c.1_s923500475_SR10TCP_src20401226_e0084.txt,/home/hersco/training_new_domains/2026-08-22/statistical_replication_terminal_stage2_train/20489457_Re-Tr_fo_counters_fo_counters_mcts_orig_vh_e.5_c.1_s923500475_K0_SR10TCT_src20401226_e0084.txt,/home/hersco/training_new_domains/2026-08-25/statistical_replication_terminal_stage2_policy_eval/20543082_Ev_fo_counters_fo_counters_orig_vh_c.1_s923500475_SR10TCP_src20489457_e0000.txt
MAIN-TERM,fo_counters,on,1073581256,final,156,3,0,4,1,20,20401220,20489458,20543132,/home/hersco/training_new_domains/2026-08-20/statistical_replication_stage1_10seed/20401220_Tr_fo_counters_fo_counters_orig_vh_c.1_s1073581256_STATREP10_STAGE1.txt,/home/hersco/training_new_domains/2026-08-22/statistical_replication_terminal_stage1_policy_eval/20489244_Ev_fo_counters_fo_counters_orig_vh_c.1_s1073581256_SR10TCP_src20401220_e0156.txt,/home/hersco/training_new_domains/2026-08-22/statistical_replication_terminal_stage2_train/20489458_Re-Tr_fo_counters_fo_counters_mcts_orig_vh_e.5_c.1_s1073581256_K0_SR10TCT_src20401220_e0156.txt,/home/hersco/training_new_domains/2026-08-25/statistical_replication_terminal_stage2_policy_eval/20543132_Ev_fo_counters_fo_counters_orig_vh_c.1_s1073581256_SR10TCP_src20489458_e0000.txt
MAIN-TERM,fo_counters,on,1239739722,final,142,3,0,5,2,20,20401221,20489459,20543179,/home/hersco/training_new_domains/2026-08-20/statistical_replication_stage1_10seed/20401221_Tr_fo_counters_fo_counters_orig_vh_c.1_s1239739722_STATREP10_STAGE1.txt,/home/hersco/training_new_domains/2026-08-22/statistical_replication_terminal_stage1_policy_eval/20489245_Ev_fo_counters_fo_counters_orig_vh_c.1_s1239739722_SR10TCP_src20401221_e0142.txt,/home/hersco/training_new_domains/2026-08-22/statistical_replication_terminal_stage2_train/20489459_Re-Tr_fo_counters_fo_counters_mcts_orig_vh_e.5_c.1_s1239739722_K0_SR10TCT_src20401221_e0142.txt,/home/hersco/training_new_domains/2026-08-25/statistical_replication_terminal_stage2_policy_eval/20543179_Ev_fo_counters_fo_counters_orig_vh_c.1_s1239739722_SR10TCP_src20489459_e0000.txt
MAIN-TERM,fo_counters,on,1472491096,final,116,4,0,2,-2,20,20401222,20489461,20543283,/home/hersco/training_new_domains/2026-08-20/statistical_replication_stage1_10seed/20401222_Tr_fo_counters_fo_counters_orig_vh_c.1_s1472491096_STATREP10_STAGE1.txt,/home/hersco/training_new_domains/2026-08-22/statistical_replication_terminal_stage1_policy_eval/20489246_Ev_fo_counters_fo_counters_orig_vh_c.1_s1472491096_SR10TCP_src20401222_e0116.txt,/home/hersco/training_new_domains/2026-08-22/statistical_replication_terminal_stage2_train/20489461_Re-Tr_fo_counters_fo_counters_mcts_orig_vh_e.5_c.1_s1472491096_K0_SR10TCT_src20401222_e0116.txt,/home/hersco/training_new_domains/2026-08-25/statistical_replication_terminal_stage2_policy_eval/20543283_Ev_fo_counters_fo_counters_orig_vh_c.1_s1472491096_SR10TCP_src20489461_e0000.txt
MAIN-TERM,fo_counters,on,1510771779,final,118,4,0,3,-1,20,20401225,20489462,20543317,/home/hersco/training_new_domains/2026-08-20/statistical_replication_stage1_10seed/20401225_Tr_fo_counters_fo_counters_orig_vh_c.1_s1510771779_STATREP10_STAGE1.txt,/home/hersco/training_new_domains/2026-08-22/statistical_replication_terminal_stage1_policy_eval/20489252_Ev_fo_counters_fo_counters_orig_vh_c.1_s1510771779_SR10TCP_src20401225_e0118.txt,/home/hersco/training_new_domains/2026-08-22/statistical_replication_terminal_stage2_train/20489462_Re-Tr_fo_counters_fo_counters_mcts_orig_vh_e.5_c.1_s1510771779_K0_SR10TCT_src20401225_e0118.txt,/home/hersco/training_new_domains/2026-08-25/statistical_replication_terminal_stage2_policy_eval/20543317_Ev_fo_counters_fo_counters_orig_vh_c.1_s1510771779_SR10TCP_src20489462_e0000.txt
MAIN-TERM,fo_counters,on,1963100312,final,61,4,0,3,-1,20,20401218,20489463,20543350,/home/hersco/training_new_domains/2026-08-20/statistical_replication_stage1_10seed/20401218_Tr_fo_counters_fo_counters_orig_vh_c.1_s1963100312_STATREP10_STAGE1.txt,/home/hersco/training_new_domains/2026-08-22/statistical_replication_terminal_stage1_policy_eval/20489253_Ev_fo_counters_fo_counters_orig_vh_c.1_s1963100312_SR10TCP_src20401218_e0061.txt,/home/hersco/training_new_domains/2026-08-22/statistical_replication_terminal_stage2_train/20489463_Re-Tr_fo_counters_fo_counters_mcts_orig_vh_e.5_c.1_s1963100312_K0_SR10TCT_src20401218_e0061.txt,/home/hersco/training_new_domains/2026-08-25/statistical_replication_terminal_stage2_policy_eval/20543350_Ev_fo_counters_fo_counters_orig_vh_c.1_s1963100312_SR10TCP_src20489463_e0000.txt
MAIN-TERM,fo_counters,on,1972442430,final,92,4,0,4,0,20,20401227,20489464,20543391,/home/hersco/training_new_domains/2026-08-20/statistical_replication_stage1_10seed/20401227_Tr_fo_counters_fo_counters_orig_vh_c.1_s1972442430_STATREP10_STAGE1.txt,/home/hersco/training_new_domains/2026-08-22/statistical_replication_terminal_stage1_policy_eval/20489254_Ev_fo_counters_fo_counters_orig_vh_c.1_s1972442430_SR10TCP_src20401227_e0092.txt,/home/hersco/training_new_domains/2026-08-22/statistical_replication_terminal_stage2_train/20489464_Re-Tr_fo_counters_fo_counters_mcts_orig_vh_e.5_c.1_s1972442430_K0_SR10TCT_src20401227_e0092.txt,/home/hersco/training_new_domains/2026-08-25/statistical_replication_terminal_stage2_policy_eval/20543391_Ev_fo_counters_fo_counters_orig_vh_c.1_s1972442430_SR10TCP_src20489464_e0000.txt
MAIN-TERM,fo_counters,on,2011206605,final,101,3,0,4,1,20,20401219,20489465,20543430,/home/hersco/training_new_domains/2026-08-20/statistical_replication_stage1_10seed/20401219_Tr_fo_counters_fo_counters_orig_vh_c.1_s2011206605_STATREP10_STAGE1.txt,/home/hersco/training_new_domains/2026-08-22/statistical_replication_terminal_stage1_policy_eval/20489255_Ev_fo_counters_fo_counters_orig_vh_c.1_s2011206605_SR10TCP_src20401219_e0101.txt,/home/hersco/training_new_domains/2026-08-22/statistical_replication_terminal_stage2_train/20489465_Re-Tr_fo_counters_fo_counters_mcts_orig_vh_e.5_c.1_s2011206605_K0_SR10TCT_src20401219_e0101.txt,/home/hersco/training_new_domains/2026-08-25/statistical_replication_terminal_stage2_policy_eval/20543430_Ev_fo_counters_fo_counters_orig_vh_c.1_s2011206605_SR10TCP_src20489465_e0000.txt
MAIN-TERM,fo_counters,on,2082152039,final,73,5,0,4,-1,20,20401224,20489466,20543480,/home/hersco/training_new_domains/2026-08-20/statistical_replication_stage1_10seed/20401224_Tr_fo_counters_fo_counters_orig_vh_c.1_s2082152039_STATREP10_STAGE1.txt,/home/hersco/training_new_domains/2026-08-22/statistical_replication_terminal_stage1_policy_eval/20489256_Ev_fo_counters_fo_counters_orig_vh_c.1_s2082152039_SR10TCP_src20401224_e0073.txt,/home/hersco/training_new_domains/2026-08-22/statistical_replication_terminal_stage2_train/20489466_Re-Tr_fo_counters_fo_counters_mcts_orig_vh_e.5_c.1_s2082152039_K0_SR10TCT_src20401224_e0073.txt,/home/hersco/training_new_domains/2026-08-25/statistical_replication_terminal_stage2_policy_eval/20543480_Ev_fo_counters_fo_counters_orig_vh_c.1_s2082152039_SR10TCP_src20489466_e0000.txt
MAIN-TERM,rover,off,534933607,final,174,4,0,4,0,20,20401253,20489467,20545837,/home/hersco/training_new_domains/2026-08-20/statistical_replication_stage1_10seed/20401253_Tr_rover_rover_orig_novh_c.1_s534933607_STATREP10_STAGE1.txt,/home/hersco/training_new_domains/2026-08-22/statistical_replication_terminal_stage1_policy_eval/20489257_Ev_rover_rover_orig_novh_c.1_s534933607_SR10TCP_src20401253_e0174.txt,/home/hersco/training_new_domains/2026-08-22/statistical_replication_terminal_stage2_train/20489467_Re-Tr_rover_rover_mcts_orig_novh_e.5_c.1_s534933607_K0_SR10TCT_src20401253_e0174.txt,/home/hersco/training_new_domains/2026-08-25/statistical_replication_terminal_stage2_policy_eval/20545837_Ev_rover_rover_orig_novh_c.1_s534933607_SR10TCP_src20489467_e0000.txt
MAIN-TERM,rover,off,923500475,final,70,4,0,4,0,20,20401256,20489468,20543615,/home/hersco/training_new_domains/2026-08-20/statistical_replication_stage1_10seed/20401256_Tr_rover_rover_orig_novh_c.1_s923500475_STATREP10_STAGE1.txt,/home/hersco/training_new_domains/2026-08-21/statistical_replication_stage1_policy_eval/20428675_Ev_rover_rover_orig_novh_c.1_s923500475_SR10P_src20401256_e0070.txt,/home/hersco/training_new_domains/2026-08-22/statistical_replication_terminal_stage2_train/20489468_Re-Tr_rover_rover_mcts_orig_novh_e.5_c.1_s923500475_K0_SR10TCT_src20401256_e0070.txt,/home/hersco/training_new_domains/2026-08-25/statistical_replication_terminal_stage2_policy_eval/20543615_Ev_rover_rover_orig_novh_c.1_s923500475_SR10TCP_src20489468_e0000.txt
MAIN-TERM,rover,off,1073581256,final,90,4,0,4,0,20,20401250,20489469,20545858,/home/hersco/training_new_domains/2026-08-20/statistical_replication_stage1_10seed/20401250_Tr_rover_rover_orig_novh_c.1_s1073581256_STATREP10_STAGE1.txt,/home/hersco/training_new_domains/2026-08-21/statistical_replication_stage1_policy_eval/20428133_Ev_rover_rover_orig_novh_c.1_s1073581256_SR10P_src20401250_e0090.txt,/home/hersco/training_new_domains/2026-08-22/statistical_replication_terminal_stage2_train/20489469_Re-Tr_rover_rover_mcts_orig_novh_e.5_c.1_s1073581256_K0_SR10TCT_src20401250_e0090.txt,/home/hersco/training_new_domains/2026-08-25/statistical_replication_terminal_stage2_policy_eval/20545858_Ev_rover_rover_orig_novh_c.1_s1073581256_SR10TCP_src20489469_e0000.txt
MAIN-TERM,rover,off,1239739722,final,103,3,0,3,0,20,20401251,20489470,20545880,/home/hersco/training_new_domains/2026-08-20/statistical_replication_stage1_10seed/20401251_Tr_rover_rover_orig_novh_c.1_s1239739722_STATREP10_STAGE1.txt,/home/hersco/training_new_domains/2026-08-22/statistical_replication_terminal_stage1_policy_eval/20489258_Ev_rover_rover_orig_novh_c.1_s1239739722_SR10TCP_src20401251_e0103.txt,/home/hersco/training_new_domains/2026-08-22/statistical_replication_terminal_stage2_train/20489470_Re-Tr_rover_rover_mcts_orig_novh_e.5_c.1_s1239739722_K0_SR10TCT_src20401251_e0103.txt,/home/hersco/training_new_domains/2026-08-25/statistical_replication_terminal_stage2_policy_eval/20545880_Ev_rover_rover_orig_novh_c.1_s1239739722_SR10TCP_src20489470_e0000.txt
MAIN-TERM,rover,off,1472491096,final,114,4,0,3,-1,20,20401252,20489471,20545901,/home/hersco/training_new_domains/2026-08-20/statistical_replication_stage1_10seed/20401252_Tr_rover_rover_orig_novh_c.1_s1472491096_STATREP10_STAGE1.txt,/home/hersco/training_new_domains/2026-08-22/statistical_replication_terminal_stage1_policy_eval/20489259_Ev_rover_rover_orig_novh_c.1_s1472491096_SR10TCP_src20401252_e0114.txt,/home/hersco/training_new_domains/2026-08-22/statistical_replication_terminal_stage2_train/20489471_Re-Tr_rover_rover_mcts_orig_novh_e.5_c.1_s1472491096_K0_SR10TCT_src20401252_e0114.txt,/home/hersco/training_new_domains/2026-08-25/statistical_replication_terminal_stage2_policy_eval/20545901_Ev_rover_rover_orig_novh_c.1_s1472491096_SR10TCP_src20489471_e0000.txt
MAIN-TERM,rover,off,1510771779,final,98,4,0,4,0,20,20401255,20489472,20545923,/home/hersco/training_new_domains/2026-08-20/statistical_replication_stage1_10seed/20401255_Tr_rover_rover_orig_novh_c.1_s1510771779_STATREP10_STAGE1.txt,/home/hersco/training_new_domains/2026-08-22/statistical_replication_terminal_stage1_policy_eval/20489260_Ev_rover_rover_orig_novh_c.1_s1510771779_SR10TCP_src20401255_e0098.txt,/home/hersco/training_new_domains/2026-08-22/statistical_replication_terminal_stage2_train/20489472_Re-Tr_rover_rover_mcts_orig_novh_e.5_c.1_s1510771779_K0_SR10TCT_src20401255_e0098.txt,/home/hersco/training_new_domains/2026-08-25/statistical_replication_terminal_stage2_policy_eval/20545923_Ev_rover_rover_orig_novh_c.1_s1510771779_SR10TCP_src20489472_e0000.txt
MAIN-TERM,rover,off,1963100312,final,75,4,0,4,0,20,20401248,20489473,20545986,/home/hersco/training_new_domains/2026-08-20/statistical_replication_stage1_10seed/20401248_Tr_rover_rover_orig_novh_c.1_s1963100312_STATREP10_STAGE1.txt,/home/hersco/training_new_domains/2026-08-21/statistical_replication_stage1_policy_eval/20428047_Ev_rover_rover_orig_novh_c.1_s1963100312_SR10P_src20401248_e0075.txt,/home/hersco/training_new_domains/2026-08-22/statistical_replication_terminal_stage2_train/20489473_Re-Tr_rover_rover_mcts_orig_novh_e.5_c.1_s1963100312_K0_SR10TCT_src20401248_e0075.txt,/home/hersco/training_new_domains/2026-08-25/statistical_replication_terminal_stage2_policy_eval/20545986_Ev_rover_rover_orig_novh_c.1_s1963100312_SR10TCP_src20489473_e0000.txt
MAIN-TERM,rover,off,1972442430,final,285,4,0,4,0,20,20401257,20489474,20546033,/home/hersco/training_new_domains/2026-08-20/statistical_replication_stage1_10seed/20401257_Tr_rover_rover_orig_novh_c.1_s1972442430_STATREP10_STAGE1.txt,/home/hersco/training_new_domains/2026-08-21/statistical_replication_stage1_policy_eval/20450965_Ev_rover_rover_orig_novh_c.1_s1972442430_SR10P_src20401257_e0285.txt,/home/hersco/training_new_domains/2026-08-22/statistical_replication_terminal_stage2_train/20489474_Re-Tr_rover_rover_mcts_orig_novh_e.5_c.1_s1972442430_K0_SR10TCT_src20401257_e0285.txt,/home/hersco/training_new_domains/2026-08-25/statistical_replication_terminal_stage2_policy_eval/20546033_Ev_rover_rover_orig_novh_c.1_s1972442430_SR10TCP_src20489474_e0000.txt
MAIN-TERM,rover,off,2011206605,final,94,5,0,4,-1,20,20401249,20489475,20546078,/home/hersco/training_new_domains/2026-08-20/statistical_replication_stage1_10seed/20401249_Tr_rover_rover_orig_novh_c.1_s2011206605_STATREP10_STAGE1.txt,/home/hersco/training_new_domains/2026-08-22/statistical_replication_terminal_stage1_policy_eval/20489261_Ev_rover_rover_orig_novh_c.1_s2011206605_SR10TCP_src20401249_e0094.txt,/home/hersco/training_new_domains/2026-08-22/statistical_replication_terminal_stage2_train/20489475_Re-Tr_rover_rover_mcts_orig_novh_e.5_c.1_s2011206605_K0_SR10TCT_src20401249_e0094.txt,/home/hersco/training_new_domains/2026-08-25/statistical_replication_terminal_stage2_policy_eval/20546078_Ev_rover_rover_orig_novh_c.1_s2011206605_SR10TCP_src20489475_e0000.txt
MAIN-TERM,rover,off,2082152039,final,71,2,0,3,1,20,20401254,20489476,20546111,/home/hersco/training_new_domains/2026-08-20/statistical_replication_stage1_10seed/20401254_Tr_rover_rover_orig_novh_c.1_s2082152039_STATREP10_STAGE1.txt,/home/hersco/training_new_domains/2026-08-22/statistical_replication_terminal_stage1_policy_eval/20489262_Ev_rover_rover_orig_novh_c.1_s2082152039_SR10TCP_src20401254_e0071.txt,/home/hersco/training_new_domains/2026-08-22/statistical_replication_terminal_stage2_train/20489476_Re-Tr_rover_rover_mcts_orig_novh_e.5_c.1_s2082152039_K0_SR10TCT_src20401254_e0071.txt,/home/hersco/training_new_domains/2026-08-25/statistical_replication_terminal_stage2_policy_eval/20546111_Ev_rover_rover_orig_novh_c.1_s2082152039_SR10TCP_src20489476_e0000.txt
MAIN-TERM,rover,on,534933607,final,67,4,0,4,0,20,20401243,20489477,20543511,/home/hersco/training_new_domains/2026-08-20/statistical_replication_stage1_10seed/20401243_Tr_rover_rover_orig_vh_c.1_s534933607_STATREP10_STAGE1.txt,/home/hersco/training_new_domains/2026-08-22/statistical_replication_terminal_stage1_policy_eval/20489263_Ev_rover_rover_orig_vh_c.1_s534933607_SR10TCP_src20401243_e0067.txt,/home/hersco/training_new_domains/2026-08-22/statistical_replication_terminal_stage2_train/20489477_Re-Tr_rover_rover_mcts_orig_vh_e.5_c.1_s534933607_K0_SR10TCT_src20401243_e0067.txt,/home/hersco/training_new_domains/2026-08-25/statistical_replication_terminal_stage2_policy_eval/20543511_Ev_rover_rover_orig_vh_c.1_s534933607_SR10TCP_src20489477_e0000.txt
MAIN-TERM,rover,on,923500475,final,54,4,0,4,0,20,20401246,20489478,20546132,/home/hersco/training_new_domains/2026-08-20/statistical_replication_stage1_10seed/20401246_Tr_rover_rover_orig_vh_c.1_s923500475_STATREP10_STAGE1.txt,/home/hersco/training_new_domains/2026-08-22/statistical_replication_terminal_stage1_policy_eval/20489264_Ev_rover_rover_orig_vh_c.1_s923500475_SR10TCP_src20401246_e0054.txt,/home/hersco/training_new_domains/2026-08-22/statistical_replication_terminal_stage2_train/20489478_Re-Tr_rover_rover_mcts_orig_vh_e.5_c.1_s923500475_K0_SR10TCT_src20401246_e0054.txt,/home/hersco/training_new_domains/2026-08-25/statistical_replication_terminal_stage2_policy_eval/20546132_Ev_rover_rover_orig_vh_c.1_s923500475_SR10TCP_src20489478_e0000.txt
MAIN-TERM,rover,on,1073581256,final,193,4,0,4,0,20,20401240,20489479,20543541,/home/hersco/training_new_domains/2026-08-20/statistical_replication_stage1_10seed/20401240_Tr_rover_rover_orig_vh_c.1_s1073581256_STATREP10_STAGE1.txt,/home/hersco/training_new_domains/2026-08-22/statistical_replication_terminal_stage1_policy_eval/20489265_Ev_rover_rover_orig_vh_c.1_s1073581256_SR10TCP_src20401240_e0193.txt,/home/hersco/training_new_domains/2026-08-22/statistical_replication_terminal_stage2_train/20489479_Re-Tr_rover_rover_mcts_orig_vh_e.5_c.1_s1073581256_K0_SR10TCT_src20401240_e0193.txt,/home/hersco/training_new_domains/2026-08-25/statistical_replication_terminal_stage2_policy_eval/20543541_Ev_rover_rover_orig_vh_c.1_s1073581256_SR10TCP_src20489479_e0000.txt
MAIN-TERM,rover,on,1239739722,final,162,5,0,4,-1,20,20401241,20489480,20543637,/home/hersco/training_new_domains/2026-08-20/statistical_replication_stage1_10seed/20401241_Tr_rover_rover_orig_vh_c.1_s1239739722_STATREP10_STAGE1.txt,/home/hersco/training_new_domains/2026-08-22/statistical_replication_terminal_stage1_policy_eval/20489266_Ev_rover_rover_orig_vh_c.1_s1239739722_SR10TCP_src20401241_e0162.txt,/home/hersco/training_new_domains/2026-08-22/statistical_replication_terminal_stage2_train/20489480_Re-Tr_rover_rover_mcts_orig_vh_e.5_c.1_s1239739722_K0_SR10TCT_src20401241_e0162.txt,/home/hersco/training_new_domains/2026-08-25/statistical_replication_terminal_stage2_policy_eval/20543637_Ev_rover_rover_orig_vh_c.1_s1239739722_SR10TCP_src20489480_e0000.txt
MAIN-TERM,rover,on,1472491096,final,165,4,0,4,0,20,20401242,20489481,20543663,/home/hersco/training_new_domains/2026-08-20/statistical_replication_stage1_10seed/20401242_Tr_rover_rover_orig_vh_c.1_s1472491096_STATREP10_STAGE1.txt,/home/hersco/training_new_domains/2026-08-21/statistical_replication_stage1_policy_eval/20427763_Ev_rover_rover_orig_vh_c.1_s1472491096_SR10P_src20401242_e0165.txt,/home/hersco/training_new_domains/2026-08-22/statistical_replication_terminal_stage2_train/20489481_Re-Tr_rover_rover_mcts_orig_vh_e.5_c.1_s1472491096_K0_SR10TCT_src20401242_e0165.txt,/home/hersco/training_new_domains/2026-08-25/statistical_replication_terminal_stage2_policy_eval/20543663_Ev_rover_rover_orig_vh_c.1_s1472491096_SR10TCP_src20489481_e0000.txt
MAIN-TERM,rover,on,1510771779,final,140,4,0,4,0,20,20401245,20489482,20546219,/home/hersco/training_new_domains/2026-08-20/statistical_replication_stage1_10seed/20401245_Tr_rover_rover_orig_vh_c.1_s1510771779_STATREP10_STAGE1.txt,/home/hersco/training_new_domains/2026-08-21/statistical_replication_stage1_policy_eval/20427863_Ev_rover_rover_orig_vh_c.1_s1510771779_SR10P_src20401245_e0140.txt,/home/hersco/training_new_domains/2026-08-22/statistical_replication_terminal_stage2_train/20489482_Re-Tr_rover_rover_mcts_orig_vh_e.5_c.1_s1510771779_K0_SR10TCT_src20401245_e0140.txt,/home/hersco/training_new_domains/2026-08-25/statistical_replication_terminal_stage2_policy_eval/20546219_Ev_rover_rover_orig_vh_c.1_s1510771779_SR10TCP_src20489482_e0000.txt
MAIN-TERM,rover,on,1963100312,final,120,4,0,4,0,20,20401238,20489483,20546267,/home/hersco/training_new_domains/2026-08-20/statistical_replication_stage1_10seed/20401238_Tr_rover_rover_orig_vh_c.1_s1963100312_STATREP10_STAGE1.txt,/home/hersco/training_new_domains/2026-08-21/statistical_replication_stage1_policy_eval/20427214_Ev_rover_rover_orig_vh_c.1_s1963100312_SR10P_src20401238_e0120.txt,/home/hersco/training_new_domains/2026-08-22/statistical_replication_terminal_stage2_train/20489483_Re-Tr_rover_rover_mcts_orig_vh_e.5_c.1_s1963100312_K0_SR10TCT_src20401238_e0120.txt,/home/hersco/training_new_domains/2026-08-25/statistical_replication_terminal_stage2_policy_eval/20546267_Ev_rover_rover_orig_vh_c.1_s1963100312_SR10TCP_src20489483_e0000.txt
MAIN-TERM,rover,on,1972442430,final,121,4,0,4,0,20,20401247,20489484,20546299,/home/hersco/training_new_domains/2026-08-20/statistical_replication_stage1_10seed/20401247_Tr_rover_rover_orig_vh_c.1_s1972442430_STATREP10_STAGE1.txt,/home/hersco/training_new_domains/2026-08-22/statistical_replication_terminal_stage1_policy_eval/20489267_Ev_rover_rover_orig_vh_c.1_s1972442430_SR10TCP_src20401247_e0121.txt,/home/hersco/training_new_domains/2026-08-22/statistical_replication_terminal_stage2_train/20489484_Re-Tr_rover_rover_mcts_orig_vh_e.5_c.1_s1972442430_K0_SR10TCT_src20401247_e0121.txt,/home/hersco/training_new_domains/2026-08-25/statistical_replication_terminal_stage2_policy_eval/20546299_Ev_rover_rover_orig_vh_c.1_s1972442430_SR10TCP_src20489484_e0000.txt
MAIN-TERM,rover,on,2011206605,final,145,4,0,4,0,20,20401239,20489485,20543566,/home/hersco/training_new_domains/2026-08-20/statistical_replication_stage1_10seed/20401239_Tr_rover_rover_orig_vh_c.1_s2011206605_STATREP10_STAGE1.txt,/home/hersco/training_new_domains/2026-08-21/statistical_replication_stage1_policy_eval/20427455_Ev_rover_rover_orig_vh_c.1_s2011206605_SR10P_src20401239_e0145.txt,/home/hersco/training_new_domains/2026-08-22/statistical_replication_terminal_stage2_train/20489485_Re-Tr_rover_rover_mcts_orig_vh_e.5_c.1_s2011206605_K0_SR10TCT_src20401239_e0145.txt,/home/hersco/training_new_domains/2026-08-25/statistical_replication_terminal_stage2_policy_eval/20543566_Ev_rover_rover_orig_vh_c.1_s2011206605_SR10TCP_src20489485_e0000.txt
MAIN-TERM,rover,on,2082152039,final,127,4,0,4,0,20,20401244,20489486,20546321,/home/hersco/training_new_domains/2026-08-20/statistical_replication_stage1_10seed/20401244_Tr_rover_rover_orig_vh_c.1_s2082152039_STATREP10_STAGE1.txt,/home/hersco/training_new_domains/2026-08-22/statistical_replication_terminal_stage1_policy_eval/20489268_Ev_rover_rover_orig_vh_c.1_s2082152039_SR10TCP_src20401244_e0127.txt,/home/hersco/training_new_domains/2026-08-22/statistical_replication_terminal_stage2_train/20489486_Re-Tr_rover_rover_mcts_orig_vh_e.5_c.1_s2082152039_K0_SR10TCT_src20401244_e0127.txt,/home/hersco/training_new_domains/2026-08-25/statistical_replication_terminal_stage2_policy_eval/20546321_Ev_rover_rover_orig_vh_c.1_s2082152039_SR10TCP_src20489486_e0000.txt
MAIN-VAL,block_grouping,off,534933607,validation_selected,12,16,0,15,-1,20,20401192,20430360,20488007,,/home/hersco/training_new_domains/2026-08-26/statistical_replication_stage1_mcts_eval/20594585_Ev_block_grouping_block_grouping_mcts_orig_novh_e.5_c.1_s534933607_K0_SR10M_src20401192_e0012.txt,/home/hersco/training_new_domains/2026-08-21/statistical_replication_stage2_training/20430360_Re-Tr_block_grouping_block_grouping_mcts_orig_novh_e.5_c.1_s534933607_K0_SR10T_src20401192_e0012.txt,/home/hersco/training_new_domains/2026-08-22/statistical_replication_stage2_policy_eval/20488007_Ev_block_grouping_block_grouping_orig_novh_c.1_s534933607_SR10P_src20430360_e0000.txt
MAIN-VAL,block_grouping,off,923500475,validation_selected,8,14,0,15,1,20,20401195,20430363,20488075,,/home/hersco/training_new_domains/2026-08-26/statistical_replication_stage1_mcts_eval/20594589_Ev_block_grouping_block_grouping_mcts_orig_novh_e.5_c.1_s923500475_K0_SR10M_src20401195_e0008.txt,/home/hersco/training_new_domains/2026-08-21/statistical_replication_stage2_training/20430363_Re-Tr_block_grouping_block_grouping_mcts_orig_novh_e.5_c.1_s923500475_K0_SR10T_src20401195_e0008.txt,/home/hersco/training_new_domains/2026-08-22/statistical_replication_stage2_policy_eval/20488075_Ev_block_grouping_block_grouping_orig_novh_c.1_s923500475_SR10P_src20430363_e0000.txt
MAIN-VAL,block_grouping,off,1073581256,validation_selected,23,15,0,15,0,20,20401189,20430357,20487926,,/home/hersco/training_new_domains/2026-08-26/statistical_replication_stage1_mcts_eval/20594582_Ev_block_grouping_block_grouping_mcts_orig_novh_e.5_c.1_s1073581256_K0_SR10M_src20401189_e0023.txt,/home/hersco/training_new_domains/2026-08-21/statistical_replication_stage2_training/20430357_Re-Tr_block_grouping_block_grouping_mcts_orig_novh_e.5_c.1_s1073581256_K0_SR10T_src20401189_e0023.txt,/home/hersco/training_new_domains/2026-08-22/statistical_replication_stage2_policy_eval/20487926_Ev_block_grouping_block_grouping_orig_novh_c.1_s1073581256_SR10P_src20430357_e0000.txt
MAIN-VAL,block_grouping,off,1239739722,validation_selected,27,15,0,18,3,20,20401190,20430358,20487963,,/home/hersco/training_new_domains/2026-08-26/statistical_replication_stage1_mcts_eval/20594583_Ev_block_grouping_block_grouping_mcts_orig_novh_e.5_c.1_s1239739722_K0_SR10M_src20401190_e0027.txt,/home/hersco/training_new_domains/2026-08-21/statistical_replication_stage2_training/20430358_Re-Tr_block_grouping_block_grouping_mcts_orig_novh_e.5_c.1_s1239739722_K0_SR10T_src20401190_e0027.txt,/home/hersco/training_new_domains/2026-08-22/statistical_replication_stage2_policy_eval/20487963_Ev_block_grouping_block_grouping_orig_novh_c.1_s1239739722_SR10P_src20430358_e0000.txt
MAIN-VAL,block_grouping,off,1472491096,validation_selected,30,16,0,15,-1,20,20401191,20430359,20487985,,/home/hersco/training_new_domains/2026-08-26/statistical_replication_stage1_mcts_eval/20594584_Ev_block_grouping_block_grouping_mcts_orig_novh_e.5_c.1_s1472491096_K0_SR10M_src20401191_e0030.txt,/home/hersco/training_new_domains/2026-08-21/statistical_replication_stage2_training/20430359_Re-Tr_block_grouping_block_grouping_mcts_orig_novh_e.5_c.1_s1472491096_K0_SR10T_src20401191_e0030.txt,/home/hersco/training_new_domains/2026-08-22/statistical_replication_stage2_policy_eval/20487985_Ev_block_grouping_block_grouping_orig_novh_c.1_s1472491096_SR10P_src20430359_e0000.txt
MAIN-VAL,block_grouping,off,1510771779,validation_selected,34,16,0,17,1,20,20401194,20430362,20488050,,/home/hersco/training_new_domains/2026-08-26/statistical_replication_stage1_mcts_eval/20594588_Ev_block_grouping_block_grouping_mcts_orig_novh_e.5_c.1_s1510771779_K0_SR10M_src20401194_e0034.txt,/home/hersco/training_new_domains/2026-08-21/statistical_replication_stage2_training/20430362_Re-Tr_block_grouping_block_grouping_mcts_orig_novh_e.5_c.1_s1510771779_K0_SR10T_src20401194_e0034.txt,/home/hersco/training_new_domains/2026-08-22/statistical_replication_stage2_policy_eval/20488050_Ev_block_grouping_block_grouping_orig_novh_c.1_s1510771779_SR10P_src20430362_e0000.txt
MAIN-VAL,block_grouping,off,1963100312,validation_selected,44,15,0,15,0,20,20401187,20430354,20487884,,/home/hersco/training_new_domains/2026-08-26/statistical_replication_stage1_mcts_eval/20594580_Ev_block_grouping_block_grouping_mcts_orig_novh_e.5_c.1_s1963100312_K0_SR10M_src20401187_e0044.txt,/home/hersco/training_new_domains/2026-08-21/statistical_replication_stage2_training/20430354_Re-Tr_block_grouping_block_grouping_mcts_orig_novh_e.5_c.1_s1963100312_K0_SR10T_src20401187_e0044.txt,/home/hersco/training_new_domains/2026-08-22/statistical_replication_stage2_policy_eval/20487884_Ev_block_grouping_block_grouping_orig_novh_c.1_s1963100312_SR10P_src20430354_e0000.txt
MAIN-VAL,block_grouping,off,1972442430,validation_selected,17,16,0,17,1,20,20401196,20430364,20489042,,/home/hersco/training_new_domains/2026-08-26/statistical_replication_stage1_mcts_eval/20594590_Ev_block_grouping_block_grouping_mcts_orig_novh_e.5_c.1_s1972442430_K0_SR10M_src20401196_e0017.txt,/home/hersco/training_new_domains/2026-08-21/statistical_replication_stage2_training/20430364_Re-Tr_block_grouping_block_grouping_mcts_orig_novh_e.5_c.1_s1972442430_K0_SR10T_src20401196_e0017.txt,/home/hersco/training_new_domains/2026-08-22/statistical_replication_stage2_policy_eval/20489042_Ev_block_grouping_block_grouping_orig_novh_c.1_s1972442430_SR10P_src20430364_e0000.txt
MAIN-VAL,block_grouping,off,2011206605,validation_selected,40,15,0,15,0,20,20401188,20430355,20487905,,/home/hersco/training_new_domains/2026-08-26/statistical_replication_stage1_mcts_eval/20594581_Ev_block_grouping_block_grouping_mcts_orig_novh_e.5_c.1_s2011206605_K0_SR10M_src20401188_e0040.txt,/home/hersco/training_new_domains/2026-08-21/statistical_replication_stage2_training/20430355_Re-Tr_block_grouping_block_grouping_mcts_orig_novh_e.5_c.1_s2011206605_K0_SR10T_src20401188_e0040.txt,/home/hersco/training_new_domains/2026-08-22/statistical_replication_stage2_policy_eval/20487905_Ev_block_grouping_block_grouping_orig_novh_c.1_s2011206605_SR10P_src20430355_e0000.txt
MAIN-VAL,block_grouping,off,2082152039,validation_selected,18,16,0,13,-3,20,20401193,20430361,20488028,,/home/hersco/training_new_domains/2026-08-26/statistical_replication_stage1_mcts_eval/20594587_Ev_block_grouping_block_grouping_mcts_orig_novh_e.5_c.1_s2082152039_K0_SR10M_src20401193_e0018.txt,/home/hersco/training_new_domains/2026-08-21/statistical_replication_stage2_training/20430361_Re-Tr_block_grouping_block_grouping_mcts_orig_novh_e.5_c.1_s2082152039_K0_SR10T_src20401193_e0018.txt,/home/hersco/training_new_domains/2026-08-22/statistical_replication_stage2_policy_eval/20488028_Ev_block_grouping_block_grouping_orig_novh_c.1_s2082152039_SR10P_src20430361_e0000.txt
MAIN-VAL,block_grouping,on,1073581256,validation_selected,11,15,0,14,-1,20,20401179,20430346,20487840,,/home/hersco/training_new_domains/2026-08-21/statistical_replication_stage1_mcts_eval/20430032_Ev_block_grouping_block_grouping_mcts_orig_vh_e.5_c.1_s1073581256_K0_SR10M_src20401179_e0011.txt,/home/hersco/training_new_domains/2026-08-21/statistical_replication_stage2_training/20430346_Re-Tr_block_grouping_block_grouping_mcts_orig_vh_e.5_c.1_s1073581256_K0_SR10T_src20401179_e0011.txt,/home/hersco/training_new_domains/2026-08-22/statistical_replication_stage2_policy_eval/20487840_Ev_block_grouping_block_grouping_orig_vh_c.1_s1073581256_SR10P_src20430346_e0000.txt
MAIN-VAL,block_grouping,on,1472491096,validation_selected,2,17,0,12,-5,20,20401181,20430348,20487862,,/home/hersco/training_new_domains/2026-08-21/statistical_replication_stage1_mcts_eval/20430034_Ev_block_grouping_block_grouping_mcts_orig_vh_e.5_c.1_s1472491096_K0_SR10M_src20401181_e0002.txt,/home/hersco/training_new_domains/2026-08-21/statistical_replication_stage2_training/20430348_Re-Tr_block_grouping_block_grouping_mcts_orig_vh_e.5_c.1_s1472491096_K0_SR10T_src20401181_e0002.txt,/home/hersco/training_new_domains/2026-08-22/statistical_replication_stage2_policy_eval/20487862_Ev_block_grouping_block_grouping_orig_vh_c.1_s1472491096_SR10P_src20430348_e0000.txt
MAIN-VAL,counters,on,1972442430,validation_selected,1,16,0,18,2,59,20401277,20430436,20488477,,/home/hersco/training_new_domains/2026-08-21/statistical_replication_stage1_mcts_eval/20430154_Ev_counters_counters_mcts_orig_vh_e.5_c.1_s1972442430_K0_SR10M_src20401277_e0001.txt,/home/hersco/training_new_domains/2026-08-21/statistical_replication_stage2_training/20430436_Re-Tr_counters_counters_mcts_orig_vh_e.5_c.1_s1972442430_K0_SR10T_src20401277_e0001.txt,/home/hersco/training_new_domains/2026-08-22/statistical_replication_stage2_policy_eval/20488477_Ev_counters_counters_orig_vh_c.1_s1972442430_SR10P_src20430436_e0000.txt
MAIN-VAL,drone,off,534933607,validation_selected,69,10,0,6,-4,20,20401213,20451802,20489085,,/home/hersco/training_new_domains/2026-08-21/statistical_replication_stage1_mcts_eval/20451725_Ev_drone_drone_mcts_orig_novh_e.5_c.1_s534933607_K0_SR10M_src20401213_e0069.txt,/home/hersco/training_new_domains/2026-08-21/statistical_replication_stage2_training/20451802_Re-Tr_drone_drone_mcts_orig_novh_e.5_c.1_s534933607_K0_SR10T_src20401213_e0069.txt,/home/hersco/training_new_domains/2026-08-22/statistical_replication_stage2_policy_eval/20489085_Ev_drone_drone_orig_novh_c.1_s534933607_SR10P_src20451802_e0000.txt
MAIN-VAL,drone,off,1972442430,validation_selected,67,4,0,5,1,20,20401217,20451803,20489107,,/home/hersco/training_new_domains/2026-08-21/statistical_replication_stage1_mcts_eval/20451726_Ev_drone_drone_mcts_orig_novh_e.5_c.1_s1972442430_K0_SR10M_src20401217_e0067.txt,/home/hersco/training_new_domains/2026-08-21/statistical_replication_stage2_training/20451803_Re-Tr_drone_drone_mcts_orig_novh_e.5_c.1_s1972442430_K0_SR10T_src20401217_e0067.txt,/home/hersco/training_new_domains/2026-08-22/statistical_replication_stage2_policy_eval/20489107_Ev_drone_drone_orig_novh_c.1_s1972442430_SR10P_src20451803_e0000.txt
MAIN-VAL,drone,on,923500475,validation_selected,103,11,0,6,-5,20,20401205,20451798,20488508,,/home/hersco/training_new_domains/2026-08-21/statistical_replication_stage1_mcts_eval/20451721_Ev_drone_drone_mcts_orig_vh_e.5_c.1_s923500475_K0_SR10M_src20401205_e0103.txt,/home/hersco/training_new_domains/2026-08-21/statistical_replication_stage2_training/20451798_Re-Tr_drone_drone_mcts_orig_vh_e.5_c.1_s923500475_K0_SR10T_src20401205_e0103.txt,/home/hersco/training_new_domains/2026-08-22/statistical_replication_stage2_policy_eval/20488508_Ev_drone_drone_orig_vh_c.1_s923500475_SR10P_src20451798_e0000.txt
MAIN-VAL,drone,on,1073581256,validation_selected,118,16,0,6,-10,20,20401199,20431946,20489064,,/home/hersco/training_new_domains/2026-08-21/statistical_replication_stage1_mcts_eval/20431945_Ev_drone_drone_mcts_orig_vh_e.5_c.1_s1073581256_K0_SR10M_src20401199_e0118.txt,/home/hersco/training_new_domains/2026-08-21/statistical_replication_stage2_training/20431946_Re-Tr_drone_drone_mcts_orig_vh_e.5_c.1_s1073581256_K0_SR10T_src20401199_e0118.txt,/home/hersco/training_new_domains/2026-08-22/statistical_replication_stage2_policy_eval/20489064_Ev_drone_drone_orig_vh_c.1_s1073581256_SR10P_src20431946_e0000.txt
MAIN-VAL,drone,on,1963100312,validation_selected,1,3,0,1,-2,20,20401197,20430365,20488098,,/home/hersco/training_new_domains/2026-08-21/statistical_replication_stage1_mcts_eval/20430050_Ev_drone_drone_mcts_orig_vh_e.5_c.1_s1963100312_K0_SR10M_src20401197_e0001.txt,/home/hersco/training_new_domains/2026-08-21/statistical_replication_stage2_training/20430365_Re-Tr_drone_drone_mcts_orig_vh_e.5_c.1_s1963100312_K0_SR10T_src20401197_e0001.txt,/home/hersco/training_new_domains/2026-08-22/statistical_replication_stage2_policy_eval/20488098_Ev_drone_drone_orig_vh_c.1_s1963100312_SR10P_src20430365_e0000.txt
MAIN-VAL,rover,off,534933607,validation_selected,124,4,0,4,0,20,20401253,20430412,20488387,,/home/hersco/training_new_domains/2026-08-21/statistical_replication_stage1_mcts_eval/20430102_Ev_rover_rover_mcts_orig_novh_e.5_c.1_s534933607_K0_SR10M_src20401253_e0124.txt,/home/hersco/training_new_domains/2026-08-21/statistical_replication_stage2_training/20430412_Re-Tr_rover_rover_mcts_orig_novh_e.5_c.1_s534933607_K0_SR10T_src20401253_e0124.txt,/home/hersco/training_new_domains/2026-08-22/statistical_replication_stage2_policy_eval/20488387_Ev_rover_rover_orig_novh_c.1_s534933607_SR10P_src20430412_e0000.txt
MAIN-VAL,rover,off,923500475,validation_selected,20,5,0,4,-1,20,20401256,20430415,20488455,,/home/hersco/training_new_domains/2026-08-21/statistical_replication_stage1_mcts_eval/20430107_Ev_rover_rover_mcts_orig_novh_e.5_c.1_s923500475_K0_SR10M_src20401256_e0020.txt,/home/hersco/training_new_domains/2026-08-21/statistical_replication_stage2_training/20430415_Re-Tr_rover_rover_mcts_orig_novh_e.5_c.1_s923500475_K0_SR10T_src20401256_e0020.txt,/home/hersco/training_new_domains/2026-08-22/statistical_replication_stage2_policy_eval/20488455_Ev_rover_rover_orig_novh_c.1_s923500475_SR10P_src20430415_e0000.txt
MAIN-VAL,rover,off,1073581256,validation_selected,40,6,0,4,-2,20,20401250,20430409,20488323,,/home/hersco/training_new_domains/2026-08-21/statistical_replication_stage1_mcts_eval/20430099_Ev_rover_rover_mcts_orig_novh_e.5_c.1_s1073581256_K0_SR10M_src20401250_e0040.txt,/home/hersco/training_new_domains/2026-08-21/statistical_replication_stage2_training/20430409_Re-Tr_rover_rover_mcts_orig_novh_e.5_c.1_s1073581256_K0_SR10T_src20401250_e0040.txt,/home/hersco/training_new_domains/2026-08-22/statistical_replication_stage2_policy_eval/20488323_Ev_rover_rover_orig_novh_c.1_s1073581256_SR10P_src20430409_e0000.txt
MAIN-VAL,rover,off,1239739722,validation_selected,53,4,0,4,0,20,20401251,20430410,20488344,,/home/hersco/training_new_domains/2026-08-21/statistical_replication_stage1_mcts_eval/20430100_Ev_rover_rover_mcts_orig_novh_e.5_c.1_s1239739722_K0_SR10M_src20401251_e0053.txt,/home/hersco/training_new_domains/2026-08-21/statistical_replication_stage2_training/20430410_Re-Tr_rover_rover_mcts_orig_novh_e.5_c.1_s1239739722_K0_SR10T_src20401251_e0053.txt,/home/hersco/training_new_domains/2026-08-22/statistical_replication_stage2_policy_eval/20488344_Ev_rover_rover_orig_novh_c.1_s1239739722_SR10P_src20430410_e0000.txt
MAIN-VAL,rover,off,1472491096,validation_selected,64,5,0,4,-1,20,20401252,20430411,20488365,,/home/hersco/training_new_domains/2026-08-21/statistical_replication_stage1_mcts_eval/20430101_Ev_rover_rover_mcts_orig_novh_e.5_c.1_s1472491096_K0_SR10M_src20401252_e0064.txt,/home/hersco/training_new_domains/2026-08-21/statistical_replication_stage2_training/20430411_Re-Tr_rover_rover_mcts_orig_novh_e.5_c.1_s1472491096_K0_SR10T_src20401252_e0064.txt,/home/hersco/training_new_domains/2026-08-22/statistical_replication_stage2_policy_eval/20488365_Ev_rover_rover_orig_novh_c.1_s1472491096_SR10P_src20430411_e0000.txt
MAIN-VAL,rover,off,1510771779,validation_selected,48,6,0,4,-2,20,20401255,20430414,20488432,,/home/hersco/training_new_domains/2026-08-21/statistical_replication_stage1_mcts_eval/20430104_Ev_rover_rover_mcts_orig_novh_e.5_c.1_s1510771779_K0_SR10M_src20401255_e0048.txt,/home/hersco/training_new_domains/2026-08-21/statistical_replication_stage2_training/20430414_Re-Tr_rover_rover_mcts_orig_novh_e.5_c.1_s1510771779_K0_SR10T_src20401255_e0048.txt,/home/hersco/training_new_domains/2026-08-22/statistical_replication_stage2_policy_eval/20488432_Ev_rover_rover_orig_novh_c.1_s1510771779_SR10P_src20430414_e0000.txt
MAIN-VAL,rover,off,1963100312,validation_selected,25,5,0,4,-1,20,20401248,20430407,20488260,,/home/hersco/training_new_domains/2026-08-21/statistical_replication_stage1_mcts_eval/20430097_Ev_rover_rover_mcts_orig_novh_e.5_c.1_s1963100312_K0_SR10M_src20401248_e0025.txt,/home/hersco/training_new_domains/2026-08-21/statistical_replication_stage2_training/20430407_Re-Tr_rover_rover_mcts_orig_novh_e.5_c.1_s1963100312_K0_SR10T_src20401248_e0025.txt,/home/hersco/training_new_domains/2026-08-22/statistical_replication_stage2_policy_eval/20488260_Ev_rover_rover_orig_novh_c.1_s1963100312_SR10P_src20430407_e0000.txt
MAIN-VAL,rover,off,2011206605,validation_selected,44,4,0,4,0,20,20401249,20430408,20488302,,/home/hersco/training_new_domains/2026-08-21/statistical_replication_stage1_mcts_eval/20430098_Ev_rover_rover_mcts_orig_novh_e.5_c.1_s2011206605_K0_SR10M_src20401249_e0044.txt,/home/hersco/training_new_domains/2026-08-21/statistical_replication_stage2_training/20430408_Re-Tr_rover_rover_mcts_orig_novh_e.5_c.1_s2011206605_K0_SR10T_src20401249_e0044.txt,/home/hersco/training_new_domains/2026-08-22/statistical_replication_stage2_policy_eval/20488302_Ev_rover_rover_orig_novh_c.1_s2011206605_SR10P_src20430408_e0000.txt
MAIN-VAL,rover,off,2082152039,validation_selected,21,4,0,4,0,20,20401254,20430413,20488411,,/home/hersco/training_new_domains/2026-08-21/statistical_replication_stage1_mcts_eval/20430103_Ev_rover_rover_mcts_orig_novh_e.5_c.1_s2082152039_K0_SR10M_src20401254_e0021.txt,/home/hersco/training_new_domains/2026-08-21/statistical_replication_stage2_training/20430413_Re-Tr_rover_rover_mcts_orig_novh_e.5_c.1_s2082152039_K0_SR10T_src20401254_e0021.txt,/home/hersco/training_new_domains/2026-08-22/statistical_replication_stage2_policy_eval/20488411_Ev_rover_rover_orig_novh_c.1_s2082152039_SR10P_src20430413_e0000.txt
MAIN-VAL,rover,on,534933607,validation_selected,17,4,0,3,-1,20,20401243,20430402,20488175,,/home/hersco/training_new_domains/2026-08-21/statistical_replication_stage1_mcts_eval/20430092_Ev_rover_rover_mcts_orig_vh_e.5_c.1_s534933607_K0_SR10M_src20401243_e0017.txt,/home/hersco/training_new_domains/2026-08-21/statistical_replication_stage2_training/20430402_Re-Tr_rover_rover_mcts_orig_vh_e.5_c.1_s534933607_K0_SR10T_src20401243_e0017.txt,/home/hersco/training_new_domains/2026-08-22/statistical_replication_stage2_policy_eval/20488175_Ev_rover_rover_orig_vh_c.1_s534933607_SR10P_src20430402_e0000.txt
MAIN-VAL,rover,on,1073581256,validation_selected,143,6,0,4,-2,20,20401240,20430399,20488121,,/home/hersco/training_new_domains/2026-08-21/statistical_replication_stage1_mcts_eval/20430089_Ev_rover_rover_mcts_orig_vh_e.5_c.1_s1073581256_K0_SR10M_src20401240_e0143.txt,/home/hersco/training_new_domains/2026-08-21/statistical_replication_stage2_training/20430399_Re-Tr_rover_rover_mcts_orig_vh_e.5_c.1_s1073581256_K0_SR10T_src20401240_e0143.txt,/home/hersco/training_new_domains/2026-08-22/statistical_replication_stage2_policy_eval/20488121_Ev_rover_rover_orig_vh_c.1_s1073581256_SR10P_src20430399_e0000.txt
MAIN-VAL,rover,on,1472491096,validation_selected,115,4,0,4,0,20,20401242,20430401,20488144,,/home/hersco/training_new_domains/2026-08-21/statistical_replication_stage1_mcts_eval/20430091_Ev_rover_rover_mcts_orig_vh_e.5_c.1_s1472491096_K0_SR10M_src20401242_e0115.txt,/home/hersco/training_new_domains/2026-08-21/statistical_replication_stage2_training/20430401_Re-Tr_rover_rover_mcts_orig_vh_e.5_c.1_s1472491096_K0_SR10T_src20401242_e0115.txt,/home/hersco/training_new_domains/2026-08-22/statistical_replication_stage2_policy_eval/20488144_Ev_rover_rover_orig_vh_c.1_s1472491096_SR10P_src20430401_e0000.txt
MAIN-VAL,rover,on,1510771779,validation_selected,90,4,0,4,0,20,20401245,20430404,20488217,,/home/hersco/training_new_domains/2026-08-21/statistical_replication_stage1_mcts_eval/20430094_Ev_rover_rover_mcts_orig_vh_e.5_c.1_s1510771779_K0_SR10M_src20401245_e0090.txt,/home/hersco/training_new_domains/2026-08-21/statistical_replication_stage2_training/20430404_Re-Tr_rover_rover_mcts_orig_vh_e.5_c.1_s1510771779_K0_SR10T_src20401245_e0090.txt,/home/hersco/training_new_domains/2026-08-22/statistical_replication_stage2_policy_eval/20488217_Ev_rover_rover_orig_vh_c.1_s1510771779_SR10P_src20430404_e0000.txt
MAIN-VAL,rover,on,1972442430,validation_selected,71,4,0,5,1,20,20401247,20430406,20488238,,/home/hersco/training_new_domains/2026-08-21/statistical_replication_stage1_mcts_eval/20430096_Ev_rover_rover_mcts_orig_vh_e.5_c.1_s1972442430_K0_SR10M_src20401247_e0071.txt,/home/hersco/training_new_domains/2026-08-21/statistical_replication_stage2_training/20430406_Re-Tr_rover_rover_mcts_orig_vh_e.5_c.1_s1972442430_K0_SR10T_src20401247_e0071.txt,/home/hersco/training_new_domains/2026-08-22/statistical_replication_stage2_policy_eval/20488238_Ev_rover_rover_orig_vh_c.1_s1972442430_SR10P_src20430406_e0000.txt
MAIN-VAL,rover,on,2082152039,validation_selected,77,4,0,4,0,20,20401244,20430403,20488196,,/home/hersco/training_new_domains/2026-08-21/statistical_replication_stage1_mcts_eval/20430093_Ev_rover_rover_mcts_orig_vh_e.5_c.1_s2082152039_K0_SR10M_src20401244_e0077.txt,/home/hersco/training_new_domains/2026-08-21/statistical_replication_stage2_training/20430403_Re-Tr_rover_rover_mcts_orig_vh_e.5_c.1_s2082152039_K0_SR10T_src20401244_e0077.txt,/home/hersco/training_new_domains/2026-08-22/statistical_replication_stage2_policy_eval/20488196_Ev_rover_rover_orig_vh_c.1_s2082152039_SR10P_src20430403_e0000.txt
