experiment_id,stage2_branch,domain,value_head,seed,search,policy_score,mcts_30m,mcts_2h,mcts_6h,classified_instances,evidence_status,mcts_job_id,source_policy_log,source_mcts_log,source_completion_ledger
MAIN-TERM,terminal_led,block_grouping,off,534933607,narrow5/20,18.0,11,15,18,20,complete_declared_budget,20559496,/home/hersco/training_new_domains/2026-08-24/statistical_replication_terminal_stage2_policy_eval/20523448_Ev_block_grouping_block_grouping_orig_novh_c.1_s534933607_SR10TCP_src20489385_e0000.txt,/home/hersco/training_new_domains/2026-08-25/statistical_replication_terminal_stage2_mcts_eval/20559496_Ev_block_grouping_block_grouping_mcts_orig_novh_e.5_c.1_s534933607_K0_SR10TCM_src20489385_e0000.txt,/home/hersco/training_new_domains/2026-08-25/statistical_replication_terminal_stage2_mcts_eval/.resume_state/20559496.eval_completed.jsonl
MAIN-TERM,terminal_led,block_grouping,off,923500475,narrow5/20,16.0,11,13,14,16,complete_declared_budget,20559497,/home/hersco/training_new_domains/2026-08-25/statistical_replication_terminal_stage2_policy_eval/20541100_Ev_block_grouping_block_grouping_orig_novh_c.1_s923500475_SR10TCP_src20489386_e0026.txt,/home/hersco/training_new_domains/2026-08-25/statistical_replication_terminal_stage2_mcts_eval/20559497_Ev_block_grouping_block_grouping_mcts_orig_novh_e.5_c.1_s923500475_K0_SR10TCM_src20489386_e0026.txt,/home/hersco/training_new_domains/2026-08-25/statistical_replication_terminal_stage2_mcts_eval/.resume_state/20559497.eval_completed.jsonl
MAIN-TERM,terminal_led,block_grouping,off,1073581256,narrow5/20,15.0,12,13,13,14,complete_declared_budget,20559498,/home/hersco/training_new_domains/2026-08-25/statistical_replication_terminal_stage2_policy_eval/20541102_Ev_block_grouping_block_grouping_orig_novh_c.1_s1073581256_SR10TCP_src20489387_e0014.txt,/home/hersco/training_new_domains/2026-08-25/statistical_replication_terminal_stage2_mcts_eval/20559498_Ev_block_grouping_block_grouping_mcts_orig_novh_e.5_c.1_s1073581256_K0_SR10TCM_src20489387_e0014.txt,/home/hersco/training_new_domains/2026-08-25/statistical_replication_terminal_stage2_mcts_eval/.resume_state/20559498.eval_completed.jsonl
MAIN-TERM,terminal_led,block_grouping,off,1239739722,narrow5/20,17.0,11,12,12,15,complete_declared_budget,20559499,/home/hersco/training_new_domains/2026-08-24/statistical_replication_terminal_stage2_policy_eval/20523317_Ev_block_grouping_block_grouping_orig_novh_c.1_s1239739722_SR10TCP_src20489388_e0000.txt,/home/hersco/training_new_domains/2026-08-25/statistical_replication_terminal_stage2_mcts_eval/20559499_Ev_block_grouping_block_grouping_mcts_orig_novh_e.5_c.1_s1239739722_K0_SR10TCM_src20489388_e0000.txt,/home/hersco/training_new_domains/2026-08-25/statistical_replication_terminal_stage2_mcts_eval/.resume_state/20559499.eval_completed.jsonl
MAIN-TERM,terminal_led,block_grouping,off,1472491096,narrow5/20,18.0,12,16,18,20,complete_declared_budget,20559500,/home/hersco/training_new_domains/2026-08-25/statistical_replication_terminal_stage2_policy_eval/20541104_Ev_block_grouping_block_grouping_orig_novh_c.1_s1472491096_SR10TCP_src20489389_e0001.txt,/home/hersco/training_new_domains/2026-08-25/statistical_replication_terminal_stage2_mcts_eval/20559500_Ev_block_grouping_block_grouping_mcts_orig_novh_e.5_c.1_s1472491096_K0_SR10TCM_src20489389_e0001.txt,/home/hersco/training_new_domains/2026-08-25/statistical_replication_terminal_stage2_mcts_eval/.resume_state/20559500.eval_completed.jsonl
MAIN-TERM,terminal_led,block_grouping,off,1510771779,narrow5/20,16.0,11,14,16,19,complete_declared_budget,20559501,/home/hersco/training_new_domains/2026-08-25/statistical_replication_terminal_stage2_policy_eval/20541106_Ev_block_grouping_block_grouping_orig_novh_c.1_s1510771779_SR10TCP_src20489390_e0003.txt,/home/hersco/training_new_domains/2026-08-25/statistical_replication_terminal_stage2_mcts_eval/20559501_Ev_block_grouping_block_grouping_mcts_orig_novh_e.5_c.1_s1510771779_K0_SR10TCM_src20489390_e0003.txt,/home/hersco/training_new_domains/2026-08-25/statistical_replication_terminal_stage2_mcts_eval/.resume_state/20559501.eval_completed.jsonl
MAIN-TERM,terminal_led,block_grouping,off,1963100312,narrow5/20,15.0,10,12,12,18,complete_declared_budget,20559502,/home/hersco/training_new_domains/2026-08-24/statistical_replication_terminal_stage2_policy_eval/20523381_Ev_block_grouping_block_grouping_orig_novh_c.1_s1963100312_SR10TCP_src20489391_e0000.txt,/home/hersco/training_new_domains/2026-08-25/statistical_replication_terminal_stage2_mcts_eval/20559502_Ev_block_grouping_block_grouping_mcts_orig_novh_e.5_c.1_s1963100312_K0_SR10TCM_src20489391_e0000.txt,/home/hersco/training_new_domains/2026-08-25/statistical_replication_terminal_stage2_mcts_eval/.resume_state/20559502.eval_completed.jsonl
MAIN-TERM,terminal_led,block_grouping,off,1972442430,narrow5/20,17.0,11,12,13,16,complete_declared_budget,20559503,/home/hersco/training_new_domains/2026-08-25/statistical_replication_terminal_stage2_policy_eval/20541107_Ev_block_grouping_block_grouping_orig_novh_c.1_s1972442430_SR10TCP_src20489392_e0002.txt,/home/hersco/training_new_domains/2026-08-25/statistical_replication_terminal_stage2_mcts_eval/20559503_Ev_block_grouping_block_grouping_mcts_orig_novh_e.5_c.1_s1972442430_K0_SR10TCM_src20489392_e0002.txt,/home/hersco/training_new_domains/2026-08-25/statistical_replication_terminal_stage2_mcts_eval/.resume_state/20559503.eval_completed.jsonl
MAIN-TERM,terminal_led,block_grouping,off,2011206605,narrow5/20,17.0,11,13,18,20,complete_declared_budget,20559505,/home/hersco/training_new_domains/2026-08-25/statistical_replication_terminal_stage2_policy_eval/20541109_Ev_block_grouping_block_grouping_orig_novh_c.1_s2011206605_SR10TCP_src20489393_e0001.txt,/home/hersco/training_new_domains/2026-08-25/statistical_replication_terminal_stage2_mcts_eval/20559505_Ev_block_grouping_block_grouping_mcts_orig_novh_e.5_c.1_s2011206605_K0_SR10TCM_src20489393_e0001.txt,/home/hersco/training_new_domains/2026-08-25/statistical_replication_terminal_stage2_mcts_eval/.resume_state/20559505.eval_completed.jsonl
MAIN-TERM,terminal_led,block_grouping,off,2082152039,narrow5/20,14.0,11,11,11,15,complete_declared_budget,20559506,/home/hersco/training_new_domains/2026-08-25/statistical_replication_terminal_stage2_policy_eval/20541111_Ev_block_grouping_block_grouping_orig_novh_c.1_s2082152039_SR10TCP_src20489394_e0003.txt,/home/hersco/training_new_domains/2026-08-25/statistical_replication_terminal_stage2_mcts_eval/20559506_Ev_block_grouping_block_grouping_mcts_orig_novh_e.5_c.1_s2082152039_K0_SR10TCM_src20489394_e0003.txt,/home/hersco/training_new_domains/2026-08-25/statistical_replication_terminal_stage2_mcts_eval/.resume_state/20559506.eval_completed.jsonl
MAIN-TERM,terminal_led,block_grouping,on,534933607,narrow5/20,12.0,11,12,12,18,complete_declared_budget,20559507,/home/hersco/training_new_domains/2026-08-24/statistical_replication_terminal_stage2_policy_eval/20523471_Ev_block_grouping_block_grouping_orig_vh_c.1_s534933607_SR10TCP_src20489395_e0010.txt,/home/hersco/training_new_domains/2026-08-25/statistical_replication_terminal_stage2_mcts_eval/20559507_Ev_block_grouping_block_grouping_mcts_orig_vh_e.5_c.1_s534933607_K0_SR10TCM_src20489395_e0010.txt,/home/hersco/training_new_domains/2026-08-25/statistical_replication_terminal_stage2_mcts_eval/.resume_state/20559507.eval_completed.jsonl
MAIN-TERM,terminal_led,block_grouping,on,923500475,narrow5/20,10.0,8,8,9,16,complete_declared_budget,20559508,/home/hersco/training_new_domains/2026-08-25/statistical_replication_terminal_stage2_policy_eval/20541113_Ev_block_grouping_block_grouping_orig_vh_c.1_s923500475_SR10TCP_src20489396_e0002.txt,/home/hersco/training_new_domains/2026-08-25/statistical_replication_terminal_stage2_mcts_eval/20559508_Ev_block_grouping_block_grouping_mcts_orig_vh_e.5_c.1_s923500475_K0_SR10TCM_src20489396_e0002.txt,/home/hersco/training_new_domains/2026-08-25/statistical_replication_terminal_stage2_mcts_eval/.resume_state/20559508.eval_completed.jsonl
MAIN-TERM,terminal_led,block_grouping,on,1073581256,narrow5/20,12.0,11,12,12,18,complete_declared_budget,20559509,/home/hersco/training_new_domains/2026-08-25/statistical_replication_terminal_stage2_policy_eval/20541115_Ev_block_grouping_block_grouping_orig_vh_c.1_s1073581256_SR10TCP_src20489397_e0006.txt,/home/hersco/training_new_domains/2026-08-25/statistical_replication_terminal_stage2_mcts_eval/20559509_Ev_block_grouping_block_grouping_mcts_orig_vh_e.5_c.1_s1073581256_K0_SR10TCM_src20489397_e0006.txt,/home/hersco/training_new_domains/2026-08-25/statistical_replication_terminal_stage2_mcts_eval/.resume_state/20559509.eval_completed.jsonl
MAIN-TERM,terminal_led,block_grouping,on,1239739722,narrow5/20,11.0,8,8,11,18,complete_declared_budget,20559510,/home/hersco/training_new_domains/2026-08-25/statistical_replication_terminal_stage2_policy_eval/20541152_Ev_block_grouping_block_grouping_orig_vh_c.1_s1239739722_SR10TCP_src20489398_e0013.txt,/home/hersco/training_new_domains/2026-08-25/statistical_replication_terminal_stage2_mcts_eval/20559510_Ev_block_grouping_block_grouping_mcts_orig_vh_e.5_c.1_s1239739722_K0_SR10TCM_src20489398_e0013.txt,/home/hersco/training_new_domains/2026-08-25/statistical_replication_terminal_stage2_mcts_eval/.resume_state/20559510.eval_completed.jsonl
MAIN-TERM,terminal_led,block_grouping,on,1472491096,narrow5/20,12.0,11,11,11,15,complete_declared_budget,20559511,/home/hersco/training_new_domains/2026-08-25/statistical_replication_terminal_stage2_policy_eval/20541174_Ev_block_grouping_block_grouping_orig_vh_c.1_s1472491096_SR10TCP_src20489399_e0016.txt,/home/hersco/training_new_domains/2026-08-25/statistical_replication_terminal_stage2_mcts_eval/20559511_Ev_block_grouping_block_grouping_mcts_orig_vh_e.5_c.1_s1472491096_K0_SR10TCM_src20489399_e0016.txt,/home/hersco/training_new_domains/2026-08-25/statistical_replication_terminal_stage2_mcts_eval/.resume_state/20559511.eval_completed.jsonl
MAIN-TERM,terminal_led,block_grouping,on,1510771779,narrow5/20,15.0,11,12,12,14,complete_declared_budget,20559512,/home/hersco/training_new_domains/2026-08-25/statistical_replication_terminal_stage2_policy_eval/20541196_Ev_block_grouping_block_grouping_orig_vh_c.1_s1510771779_SR10TCP_src20489400_e0002.txt,/home/hersco/training_new_domains/2026-08-25/statistical_replication_terminal_stage2_mcts_eval/20559512_Ev_block_grouping_block_grouping_mcts_orig_vh_e.5_c.1_s1510771779_K0_SR10TCM_src20489400_e0002.txt,/home/hersco/training_new_domains/2026-08-25/statistical_replication_terminal_stage2_mcts_eval/.resume_state/20559512.eval_completed.jsonl
MAIN-TERM,terminal_led,block_grouping,on,1963100312,narrow5/20,11.0,8,8,8,11,complete_declared_budget,20559513,/home/hersco/training_new_domains/2026-08-25/statistical_replication_terminal_stage2_policy_eval/20541198_Ev_block_grouping_block_grouping_orig_vh_c.1_s1963100312_SR10TCP_src20489401_e0005.txt,/home/hersco/training_new_domains/2026-08-25/statistical_replication_terminal_stage2_mcts_eval/20559513_Ev_block_grouping_block_grouping_mcts_orig_vh_e.5_c.1_s1963100312_K0_SR10TCM_src20489401_e0005.txt,/home/hersco/training_new_domains/2026-08-25/statistical_replication_terminal_stage2_mcts_eval/.resume_state/20559513.eval_completed.jsonl
MAIN-TERM,terminal_led,block_grouping,on,1972442430,narrow5/20,11.0,8,8,8,12,complete_declared_budget,20559514,/home/hersco/training_new_domains/2026-08-25/statistical_replication_terminal_stage2_policy_eval/20541343_Ev_block_grouping_block_grouping_orig_vh_c.1_s1972442430_SR10TCP_src20489402_e0054.txt,/home/hersco/training_new_domains/2026-08-25/statistical_replication_terminal_stage2_mcts_eval/20559514_Ev_block_grouping_block_grouping_mcts_orig_vh_e.5_c.1_s1972442430_K0_SR10TCM_src20489402_e0054.txt,/home/hersco/training_new_domains/2026-08-25/statistical_replication_terminal_stage2_mcts_eval/.resume_state/20559514.eval_completed.jsonl
MAIN-TERM,terminal_led,block_grouping,on,2011206605,narrow5/20,11.0,8,8,11,18,complete_declared_budget,20559515,/home/hersco/training_new_domains/2026-08-25/statistical_replication_terminal_stage2_policy_eval/20541365_Ev_block_grouping_block_grouping_orig_vh_c.1_s2011206605_SR10TCP_src20489403_e0006.txt,/home/hersco/training_new_domains/2026-08-25/statistical_replication_terminal_stage2_mcts_eval/20559515_Ev_block_grouping_block_grouping_mcts_orig_vh_e.5_c.1_s2011206605_K0_SR10TCM_src20489403_e0006.txt,/home/hersco/training_new_domains/2026-08-25/statistical_replication_terminal_stage2_mcts_eval/.resume_state/20559515.eval_completed.jsonl
MAIN-TERM,terminal_led,block_grouping,on,2082152039,narrow5/20,11.0,8,8,11,18,complete_declared_budget,20891018,/home/hersco/training_new_domains/2026-08-25/statistical_replication_terminal_stage2_policy_eval/20541387_Ev_block_grouping_block_grouping_orig_vh_c.1_s2082152039_SR10TCP_src20489404_e0062.txt,/home/hersco/training_new_domains/2026-09-03/statistical_replication_stage2_mcts_eval/20891018_Ev_block_grouping_block_grouping_mcts_orig_vh_e.5_c.1_s2082152039_K0_SR10M_src20489404_e0062.txt,/home/hersco/training_new_domains/2026-09-03/statistical_replication_stage2_mcts_eval/.resume_state/20891018.eval_completed.jsonl
MAIN-TERM,terminal_led,counters,off,534933607,narrow5/20,6.0,8,8,8,59,complete_declared_budget,20974346,/home/hersco/training_new_domains/2026-08-25/statistical_replication_terminal_stage2_policy_eval/20541388_Ev_counters_counters_orig_novh_c.1_s534933607_SR10TCP_src20489405_e0036.txt,/home/hersco/training_new_domains/2026-09-05/statistical_replication_stage2_mcts_eval/20974346_Ev_counters_counters_mcts_orig_novh_e.5_c.1_s534933607_K0_SR10M_src20489405_e0036.txt,
MAIN-TERM,terminal_led,counters,off,923500475,narrow5/20,59.0,49,59,59,59,complete_declared_budget,20974537,/home/hersco/training_new_domains/2026-08-25/statistical_replication_terminal_stage2_policy_eval/20541389_Ev_counters_counters_orig_novh_c.1_s923500475_SR10TCP_src20489406_e0024.txt,/home/hersco/training_new_domains/2026-09-05/statistical_replication_stage2_mcts_eval/20974537_Ev_counters_counters_mcts_orig_novh_e.5_c.1_s923500475_K0_SR10M_src20489406_e0024.txt,
MAIN-TERM,terminal_led,counters,off,1073581256,narrow5/20,38.0,36,36,36,57,complete_declared_budget,20974538,/home/hersco/training_new_domains/2026-08-25/statistical_replication_terminal_stage2_policy_eval/20541390_Ev_counters_counters_orig_novh_c.1_s1073581256_SR10TCP_src20489407_e0031.txt,/home/hersco/training_new_domains/2026-09-05/statistical_replication_stage2_mcts_eval/20974538_Ev_counters_counters_mcts_orig_novh_e.5_c.1_s1073581256_K0_SR10M_src20489407_e0031.txt,
MAIN-TERM,terminal_led,counters,off,1239739722,narrow5/20,36.0,37,37,37,59,complete_declared_budget,20974539,/home/hersco/training_new_domains/2026-08-25/statistical_replication_terminal_stage2_policy_eval/20541391_Ev_counters_counters_orig_novh_c.1_s1239739722_SR10TCP_src20489408_e0018.txt,/home/hersco/training_new_domains/2026-09-05/statistical_replication_stage2_mcts_eval/20974539_Ev_counters_counters_mcts_orig_novh_e.5_c.1_s1239739722_K0_SR10M_src20489408_e0018.txt,
MAIN-TERM,terminal_led,counters,off,1472491096,narrow5/20,35.0,35,35,35,56,complete_declared_budget,20974540,/home/hersco/training_new_domains/2026-08-25/statistical_replication_terminal_stage2_policy_eval/20541392_Ev_counters_counters_orig_novh_c.1_s1472491096_SR10TCP_src20489409_e0002.txt,/home/hersco/training_new_domains/2026-09-05/statistical_replication_stage2_mcts_eval/20974540_Ev_counters_counters_mcts_orig_novh_e.5_c.1_s1472491096_K0_SR10M_src20489409_e0002.txt,
MAIN-TERM,terminal_led,counters,off,1510771779,narrow5/20,34.0,34,34,34,58,complete_declared_budget,20974542,/home/hersco/training_new_domains/2026-08-24/statistical_replication_terminal_stage2_policy_eval/20523734_Ev_counters_counters_orig_novh_c.1_s1510771779_SR10TCP_src20489410_e0045.txt,/home/hersco/training_new_domains/2026-09-05/statistical_replication_stage2_mcts_eval/20974542_Ev_counters_counters_mcts_orig_novh_e.5_c.1_s1510771779_K0_SR10M_src20489410_e0045.txt,
MAIN-TERM,terminal_led,counters,off,1963100312,narrow5/20,56.0,39,51,57,59,complete_declared_budget,20974353,/home/hersco/training_new_domains/2026-08-25/statistical_replication_terminal_stage2_policy_eval/20541393_Ev_counters_counters_orig_novh_c.1_s1963100312_SR10TCP_src20489411_e0042.txt,/home/hersco/training_new_domains/2026-09-05/statistical_replication_stage2_mcts_eval/20974353_Ev_counters_counters_mcts_orig_novh_e.5_c.1_s1963100312_K0_SR10M_src20489411_e0042.txt,
MAIN-TERM,terminal_led,counters,off,1972442430,narrow5/20,29.0,30,30,30,58,complete_declared_budget,20974354,/home/hersco/training_new_domains/2026-08-25/statistical_replication_terminal_stage2_policy_eval/20541394_Ev_counters_counters_orig_novh_c.1_s1972442430_SR10TCP_src20489412_e0094.txt,/home/hersco/training_new_domains/2026-09-05/statistical_replication_stage2_mcts_eval/20974354_Ev_counters_counters_mcts_orig_novh_e.5_c.1_s1972442430_K0_SR10M_src20489412_e0094.txt,
MAIN-TERM,terminal_led,counters,off,2011206605,narrow5/20,59.0,52,59,59,59,complete_declared_budget,20974543,/home/hersco/training_new_domains/2026-08-25/statistical_replication_terminal_stage2_policy_eval/20541395_Ev_counters_counters_orig_novh_c.1_s2011206605_SR10TCP_src20489413_e0003.txt,/home/hersco/training_new_domains/2026-09-05/statistical_replication_stage2_mcts_eval/20974543_Ev_counters_counters_mcts_orig_novh_e.5_c.1_s2011206605_K0_SR10M_src20489413_e0003.txt,
MAIN-TERM,terminal_led,counters,off,2082152039,narrow5/20,27.0,29,29,29,59,complete_declared_budget,20974544,/home/hersco/training_new_domains/2026-08-25/statistical_replication_terminal_stage2_policy_eval/20541396_Ev_counters_counters_orig_novh_c.1_s2082152039_SR10TCP_src20489414_e0082.txt,/home/hersco/training_new_domains/2026-09-05/statistical_replication_stage2_mcts_eval/20974544_Ev_counters_counters_mcts_orig_novh_e.5_c.1_s2082152039_K0_SR10M_src20489414_e0082.txt,
MAIN-TERM,terminal_led,counters,on,534933607,narrow5/20,59.0,39,55,59,59,complete_declared_budget,20974545,/home/hersco/training_new_domains/2026-08-25/statistical_replication_terminal_stage2_policy_eval/20541397_Ev_counters_counters_orig_vh_c.1_s534933607_SR10TCP_src20489415_e0006.txt,/home/hersco/training_new_domains/2026-09-05/statistical_replication_stage2_mcts_eval/20974545_Ev_counters_counters_mcts_orig_vh_e.5_c.1_s534933607_K0_SR10M_src20489415_e0006.txt,
MAIN-TERM,terminal_led,counters,on,923500475,narrow5/20,8.0,6,6,6,45,complete_declared_budget,20974546,/home/hersco/training_new_domains/2026-08-24/statistical_replication_terminal_stage2_policy_eval/20523947_Ev_counters_counters_orig_vh_c.1_s923500475_SR10TCP_src20489416_e0030.txt,/home/hersco/training_new_domains/2026-09-05/statistical_replication_stage2_mcts_eval/20974546_Ev_counters_counters_mcts_orig_vh_e.5_c.1_s923500475_K0_SR10M_src20489416_e0030.txt,
MAIN-TERM,terminal_led,counters,on,1073581256,narrow5/20,4.0,7,7,7,59,complete_declared_budget,20974359,/home/hersco/training_new_domains/2026-08-24/statistical_replication_terminal_stage2_policy_eval/20524060_Ev_counters_counters_orig_vh_c.1_s1073581256_SR10TCP_src20489417_e0070.txt,/home/hersco/training_new_domains/2026-09-05/statistical_replication_stage2_mcts_eval/20974359_Ev_counters_counters_mcts_orig_vh_e.5_c.1_s1073581256_K0_SR10M_src20489417_e0070.txt,
MAIN-TERM,terminal_led,counters,on,1239739722,narrow5/20,11.0,18,19,19,59,complete_declared_budget,20974360,/home/hersco/training_new_domains/2026-08-25/statistical_replication_terminal_stage2_policy_eval/20541419_Ev_counters_counters_orig_vh_c.1_s1239739722_SR10TCP_src20489418_e0062.txt,/home/hersco/training_new_domains/2026-09-05/statistical_replication_stage2_mcts_eval/20974360_Ev_counters_counters_mcts_orig_vh_e.5_c.1_s1239739722_K0_SR10M_src20489418_e0062.txt,
MAIN-TERM,terminal_led,counters,on,1472491096,narrow5/20,3.0,8,8,8,58,complete_declared_budget,20974361,/home/hersco/training_new_domains/2026-08-25/statistical_replication_terminal_stage2_policy_eval/20541542_Ev_counters_counters_orig_vh_c.1_s1472491096_SR10TCP_src20489419_e0070.txt,/home/hersco/training_new_domains/2026-09-05/statistical_replication_stage2_mcts_eval/20974361_Ev_counters_counters_mcts_orig_vh_e.5_c.1_s1472491096_K0_SR10M_src20489419_e0070.txt,
MAIN-TERM,terminal_led,counters,on,1510771779,narrow5/20,24.0,31,31,31,59,complete_declared_budget,20974362,/home/hersco/training_new_domains/2026-08-25/statistical_replication_terminal_stage2_policy_eval/20541572_Ev_counters_counters_orig_vh_c.1_s1510771779_SR10TCP_src20489420_e0001.txt,/home/hersco/training_new_domains/2026-09-05/statistical_replication_stage2_mcts_eval/20974362_Ev_counters_counters_mcts_orig_vh_e.5_c.1_s1510771779_K0_SR10M_src20489420_e0001.txt,
MAIN-TERM,terminal_led,counters,on,1963100312,narrow5/20,5.0,19,22,22,24,complete_declared_budget,20974363,/home/hersco/training_new_domains/2026-08-25/statistical_replication_terminal_stage2_policy_eval/20541573_Ev_counters_counters_orig_vh_c.1_s1963100312_SR10TCP_src20489421_e0000.txt,/home/hersco/training_new_domains/2026-09-05/statistical_replication_stage2_mcts_eval/20974363_Ev_counters_counters_mcts_orig_vh_e.5_c.1_s1963100312_K0_SR10M_src20489421_e0000.txt,
MAIN-TERM,terminal_led,counters,on,1972442430,narrow5/20,31.0,34,35,35,59,complete_declared_budget,20974364,/home/hersco/training_new_domains/2026-08-25/statistical_replication_terminal_stage2_policy_eval/20541615_Ev_counters_counters_orig_vh_c.1_s1972442430_SR10TCP_src20489422_e0028.txt,/home/hersco/training_new_domains/2026-09-05/statistical_replication_stage2_mcts_eval/20974364_Ev_counters_counters_mcts_orig_vh_e.5_c.1_s1972442430_K0_SR10M_src20489422_e0028.txt,
MAIN-TERM,terminal_led,counters,on,2011206605,narrow5/20,8.0,17,17,17,59,complete_declared_budget,20974365,/home/hersco/training_new_domains/2026-08-25/statistical_replication_terminal_stage2_policy_eval/20541740_Ev_counters_counters_orig_vh_c.1_s2011206605_SR10TCP_src20489424_e0029.txt,/home/hersco/training_new_domains/2026-09-05/statistical_replication_stage2_mcts_eval/20974365_Ev_counters_counters_mcts_orig_vh_e.5_c.1_s2011206605_K0_SR10M_src20489424_e0029.txt,
MAIN-TERM,terminal_led,counters,on,2082152039,narrow5/20,15.0,20,20,20,59,complete_declared_budget,20974366,/home/hersco/training_new_domains/2026-08-25/statistical_replication_terminal_stage2_policy_eval/20541763_Ev_counters_counters_orig_vh_c.1_s2082152039_SR10TCP_src20489425_e0002.txt,/home/hersco/training_new_domains/2026-09-05/statistical_replication_stage2_mcts_eval/20974366_Ev_counters_counters_mcts_orig_vh_e.5_c.1_s2082152039_K0_SR10M_src20489425_e0002.txt,
MAIN-TERM,terminal_led,drone,off,534933607,normal20/70,9.0,10,10,10,18,complete_declared_budget,20559540,/home/hersco/training_new_domains/2026-08-25/statistical_replication_terminal_stage2_policy_eval/20541785_Ev_drone_drone_orig_novh_c.1_s534933607_SR10TCP_src20489426_e0038.txt,/home/hersco/training_new_domains/2026-08-25/statistical_replication_terminal_stage2_mcts_eval/20559540_Ev_drone_drone_mcts_orig_novh_e.5_c.1_s534933607_K0_SR10TCM_src20489426_e0038.txt,/home/hersco/training_new_domains/2026-08-25/statistical_replication_terminal_stage2_mcts_eval/.resume_state/20559540.eval_completed.jsonl
MAIN-TERM,terminal_led,drone,off,923500475,normal20/70,5.0,8,9,9,16,complete_declared_budget,20559541,/home/hersco/training_new_domains/2026-08-25/statistical_replication_terminal_stage2_policy_eval/20541807_Ev_drone_drone_orig_novh_c.1_s923500475_SR10TCP_src20489427_e0064.txt,/home/hersco/training_new_domains/2026-08-25/statistical_replication_terminal_stage2_mcts_eval/20559541_Ev_drone_drone_mcts_orig_novh_e.5_c.1_s923500475_K0_SR10TCM_src20489427_e0064.txt,/home/hersco/training_new_domains/2026-08-25/statistical_replication_terminal_stage2_mcts_eval/.resume_state/20559541.eval_completed.jsonl
MAIN-TERM,terminal_led,drone,off,1073581256,normal20/70,13.0,11,11,11,16,complete_declared_budget,20559542,/home/hersco/training_new_domains/2026-08-25/statistical_replication_terminal_stage2_policy_eval/20541829_Ev_drone_drone_orig_novh_c.1_s1073581256_SR10TCP_src20489428_e0002.txt,/home/hersco/training_new_domains/2026-08-25/statistical_replication_terminal_stage2_mcts_eval/20559542_Ev_drone_drone_mcts_orig_novh_e.5_c.1_s1073581256_K0_SR10TCM_src20489428_e0002.txt,/home/hersco/training_new_domains/2026-08-25/statistical_replication_terminal_stage2_mcts_eval/.resume_state/20559542.eval_completed.jsonl
MAIN-TERM,terminal_led,drone,off,1239739722,normal20/70,4.0,9,9,9,16,complete_declared_budget,20559543,/home/hersco/training_new_domains/2026-08-25/statistical_replication_terminal_stage2_policy_eval/20541869_Ev_drone_drone_orig_novh_c.1_s1239739722_SR10TCP_src20489429_e0034.txt,/home/hersco/training_new_domains/2026-08-25/statistical_replication_terminal_stage2_mcts_eval/20559543_Ev_drone_drone_mcts_orig_novh_e.5_c.1_s1239739722_K0_SR10TCM_src20489429_e0034.txt,/home/hersco/training_new_domains/2026-08-25/statistical_replication_terminal_stage2_mcts_eval/.resume_state/20559543.eval_completed.jsonl
MAIN-TERM,terminal_led,drone,off,1472491096,normal20/70,11.0,12,12,12,16,complete_declared_budget,20559544,/home/hersco/training_new_domains/2026-08-25/statistical_replication_terminal_stage2_policy_eval/20541891_Ev_drone_drone_orig_novh_c.1_s1472491096_SR10TCP_src20489430_e0012.txt,/home/hersco/training_new_domains/2026-08-25/statistical_replication_terminal_stage2_mcts_eval/20559544_Ev_drone_drone_mcts_orig_novh_e.5_c.1_s1472491096_K0_SR10TCM_src20489430_e0012.txt,/home/hersco/training_new_domains/2026-08-25/statistical_replication_terminal_stage2_mcts_eval/.resume_state/20559544.eval_completed.jsonl
MAIN-TERM,terminal_led,drone,off,1510771779,normal20/70,6.0,10,10,10,16,complete_declared_budget,20559546,/home/hersco/training_new_domains/2026-08-25/statistical_replication_terminal_stage2_policy_eval/20541913_Ev_drone_drone_orig_novh_c.1_s1510771779_SR10TCP_src20489431_e0086.txt,/home/hersco/training_new_domains/2026-08-25/statistical_replication_terminal_stage2_mcts_eval/20559546_Ev_drone_drone_mcts_orig_novh_e.5_c.1_s1510771779_K0_SR10TCM_src20489431_e0086.txt,/home/hersco/training_new_domains/2026-08-25/statistical_replication_terminal_stage2_mcts_eval/.resume_state/20559546.eval_completed.jsonl
MAIN-TERM,terminal_led,drone,off,1963100312,normal20/70,6.0,8,8,8,18,complete_declared_budget,20559547,/home/hersco/training_new_domains/2026-08-25/statistical_replication_terminal_stage2_policy_eval/20541935_Ev_drone_drone_orig_novh_c.1_s1963100312_SR10TCP_src20489432_e0098.txt,/home/hersco/training_new_domains/2026-08-25/statistical_replication_terminal_stage2_mcts_eval/20559547_Ev_drone_drone_mcts_orig_novh_e.5_c.1_s1963100312_K0_SR10TCM_src20489432_e0098.txt,/home/hersco/training_new_domains/2026-08-25/statistical_replication_terminal_stage2_mcts_eval/.resume_state/20559547.eval_completed.jsonl
MAIN-TERM,terminal_led,drone,off,1972442430,normal20/70,8.0,11,11,11,17,complete_declared_budget,20559548,/home/hersco/training_new_domains/2026-08-25/statistical_replication_terminal_stage2_policy_eval/20541957_Ev_drone_drone_orig_novh_c.1_s1972442430_SR10TCP_src20489433_e0003.txt,/home/hersco/training_new_domains/2026-08-25/statistical_replication_terminal_stage2_mcts_eval/20559548_Ev_drone_drone_mcts_orig_novh_e.5_c.1_s1972442430_K0_SR10TCM_src20489433_e0003.txt,/home/hersco/training_new_domains/2026-08-25/statistical_replication_terminal_stage2_mcts_eval/.resume_state/20559548.eval_completed.jsonl
MAIN-TERM,terminal_led,drone,off,2011206605,normal20/70,8.0,9,9,10,18,complete_declared_budget,20559549,/home/hersco/training_new_domains/2026-08-25/statistical_replication_terminal_stage2_policy_eval/20541988_Ev_drone_drone_orig_novh_c.1_s2011206605_SR10TCP_src20489434_e0009.txt,/home/hersco/training_new_domains/2026-08-25/statistical_replication_terminal_stage2_mcts_eval/20559549_Ev_drone_drone_mcts_orig_novh_e.5_c.1_s2011206605_K0_SR10TCM_src20489434_e0009.txt,/home/hersco/training_new_domains/2026-08-25/statistical_replication_terminal_stage2_mcts_eval/.resume_state/20559549.eval_completed.jsonl
MAIN-TERM,terminal_led,drone,off,2082152039,normal20/70,8.0,9,9,9,17,complete_declared_budget,20559550,/home/hersco/training_new_domains/2026-08-25/statistical_replication_terminal_stage2_policy_eval/20542010_Ev_drone_drone_orig_novh_c.1_s2082152039_SR10TCP_src20489435_e0006.txt,/home/hersco/training_new_domains/2026-08-25/statistical_replication_terminal_stage2_mcts_eval/20559550_Ev_drone_drone_mcts_orig_novh_e.5_c.1_s2082152039_K0_SR10TCM_src20489435_e0006.txt,/home/hersco/training_new_domains/2026-08-25/statistical_replication_terminal_stage2_mcts_eval/.resume_state/20559550.eval_completed.jsonl
MAIN-TERM,terminal_led,drone,on,534933607,normal20/70,10.0,16,16,16,16,complete_declared_budget,20559551,/home/hersco/training_new_domains/2026-08-25/statistical_replication_terminal_stage2_policy_eval/20542032_Ev_drone_drone_orig_vh_c.1_s534933607_SR10TCP_src20489436_e0014.txt,/home/hersco/training_new_domains/2026-08-25/statistical_replication_terminal_stage2_mcts_eval/20559551_Ev_drone_drone_mcts_orig_vh_e.5_c.1_s534933607_K0_SR10TCM_src20489436_e0014.txt,/home/hersco/training_new_domains/2026-08-25/statistical_replication_terminal_stage2_mcts_eval/.resume_state/20559551.eval_completed.jsonl
MAIN-TERM,terminal_led,drone,on,923500475,normal20/70,6.0,15,15,15,16,complete_declared_budget,20559552,/home/hersco/training_new_domains/2026-08-25/statistical_replication_terminal_stage2_policy_eval/20542054_Ev_drone_drone_orig_vh_c.1_s923500475_SR10TCP_src20489437_e0047.txt,/home/hersco/training_new_domains/2026-08-25/statistical_replication_terminal_stage2_mcts_eval/20559552_Ev_drone_drone_mcts_orig_vh_e.5_c.1_s923500475_K0_SR10TCM_src20489437_e0047.txt,/home/hersco/training_new_domains/2026-08-25/statistical_replication_terminal_stage2_mcts_eval/.resume_state/20559552.eval_completed.jsonl
MAIN-TERM,terminal_led,drone,on,1073581256,normal20/70,7.0,14,14,14,16,complete_declared_budget,20559553,/home/hersco/training_new_domains/2026-08-25/statistical_replication_terminal_stage2_policy_eval/20542077_Ev_drone_drone_orig_vh_c.1_s1073581256_SR10TCP_src20489438_e0094.txt,/home/hersco/training_new_domains/2026-08-25/statistical_replication_terminal_stage2_mcts_eval/20559553_Ev_drone_drone_mcts_orig_vh_e.5_c.1_s1073581256_K0_SR10TCM_src20489438_e0094.txt,/home/hersco/training_new_domains/2026-08-25/statistical_replication_terminal_stage2_mcts_eval/.resume_state/20559553.eval_completed.jsonl
MAIN-TERM,terminal_led,drone,on,1239739722,normal20/70,3.0,11,11,11,16,complete_declared_budget,20559554,/home/hersco/training_new_domains/2026-08-25/statistical_replication_terminal_stage2_policy_eval/20542099_Ev_drone_drone_orig_vh_c.1_s1239739722_SR10TCP_src20489439_e0081.txt,/home/hersco/training_new_domains/2026-08-25/statistical_replication_terminal_stage2_mcts_eval/20559554_Ev_drone_drone_mcts_orig_vh_e.5_c.1_s1239739722_K0_SR10TCM_src20489439_e0081.txt,/home/hersco/training_new_domains/2026-08-25/statistical_replication_terminal_stage2_mcts_eval/.resume_state/20559554.eval_completed.jsonl
MAIN-TERM,terminal_led,drone,on,1472491096,normal20/70,7.0,12,12,12,17,complete_declared_budget,20559555,/home/hersco/training_new_domains/2026-08-25/statistical_replication_terminal_stage2_policy_eval/20542121_Ev_drone_drone_orig_vh_c.1_s1472491096_SR10TCP_src20489440_e0001.txt,/home/hersco/training_new_domains/2026-08-25/statistical_replication_terminal_stage2_mcts_eval/20559555_Ev_drone_drone_mcts_orig_vh_e.5_c.1_s1472491096_K0_SR10TCM_src20489440_e0001.txt,/home/hersco/training_new_domains/2026-08-25/statistical_replication_terminal_stage2_mcts_eval/.resume_state/20559555.eval_completed.jsonl
MAIN-TERM,terminal_led,drone,on,1510771779,normal20/70,7.0,11,11,11,16,complete_declared_budget,20559557,/home/hersco/training_new_domains/2026-08-25/statistical_replication_terminal_stage2_policy_eval/20542143_Ev_drone_drone_orig_vh_c.1_s1510771779_SR10TCP_src20489441_e0031.txt,/home/hersco/training_new_domains/2026-08-25/statistical_replication_terminal_stage2_mcts_eval/20559557_Ev_drone_drone_mcts_orig_vh_e.5_c.1_s1510771779_K0_SR10TCM_src20489441_e0031.txt,/home/hersco/training_new_domains/2026-08-25/statistical_replication_terminal_stage2_mcts_eval/.resume_state/20559557.eval_completed.jsonl
MAIN-TERM,terminal_led,drone,on,1963100312,normal20/70,4.0,11,11,11,16,complete_declared_budget,20559558,/home/hersco/training_new_domains/2026-08-25/statistical_replication_terminal_stage2_policy_eval/20542144_Ev_drone_drone_orig_vh_c.1_s1963100312_SR10TCP_src20489442_e0000.txt,/home/hersco/training_new_domains/2026-08-25/statistical_replication_terminal_stage2_mcts_eval/20559558_Ev_drone_drone_mcts_orig_vh_e.5_c.1_s1963100312_K0_SR10TCM_src20489442_e0000.txt,/home/hersco/training_new_domains/2026-08-25/statistical_replication_terminal_stage2_mcts_eval/.resume_state/20559558.eval_completed.jsonl
MAIN-TERM,terminal_led,drone,on,1972442430,normal20/70,5.0,12,13,13,17,complete_declared_budget,20559559,/home/hersco/training_new_domains/2026-08-25/statistical_replication_terminal_stage2_policy_eval/20542189_Ev_drone_drone_orig_vh_c.1_s1972442430_SR10TCP_src20489443_e0054.txt,/home/hersco/training_new_domains/2026-08-25/statistical_replication_terminal_stage2_mcts_eval/20559559_Ev_drone_drone_mcts_orig_vh_e.5_c.1_s1972442430_K0_SR10TCM_src20489443_e0054.txt,/home/hersco/training_new_domains/2026-08-25/statistical_replication_terminal_stage2_mcts_eval/.resume_state/20559559.eval_completed.jsonl
MAIN-TERM,terminal_led,drone,on,2011206605,normal20/70,7.0,13,14,14,16,complete_declared_budget,20559560,/home/hersco/training_new_domains/2026-08-25/statistical_replication_terminal_stage2_policy_eval/20542211_Ev_drone_drone_orig_vh_c.1_s2011206605_SR10TCP_src20489444_e0092.txt,/home/hersco/training_new_domains/2026-08-25/statistical_replication_terminal_stage2_mcts_eval/20559560_Ev_drone_drone_mcts_orig_vh_e.5_c.1_s2011206605_K0_SR10TCM_src20489444_e0092.txt,/home/hersco/training_new_domains/2026-08-25/statistical_replication_terminal_stage2_mcts_eval/.resume_state/20559560.eval_completed.jsonl
MAIN-TERM,terminal_led,drone,on,2082152039,normal20/70,9.0,14,14,14,17,complete_declared_budget,20559561,/home/hersco/training_new_domains/2026-08-25/statistical_replication_terminal_stage2_policy_eval/20542233_Ev_drone_drone_orig_vh_c.1_s2082152039_SR10TCP_src20489445_e0002.txt,/home/hersco/training_new_domains/2026-08-25/statistical_replication_terminal_stage2_mcts_eval/20559561_Ev_drone_drone_mcts_orig_vh_e.5_c.1_s2082152039_K0_SR10TCM_src20489445_e0002.txt,/home/hersco/training_new_domains/2026-08-25/statistical_replication_terminal_stage2_mcts_eval/.resume_state/20559561.eval_completed.jsonl
MAIN-TERM,terminal_led,fo_counters,off,534933607,normal20/70,3.0,7,7,7,7,complete_declared_budget,20559562,/home/hersco/training_new_domains/2026-08-25/statistical_replication_terminal_stage2_policy_eval/20542237_Ev_fo_counters_fo_counters_orig_novh_c.1_s534933607_SR10TCP_src20489446_e0015.txt,/home/hersco/training_new_domains/2026-08-25/statistical_replication_terminal_stage2_mcts_eval/20559562_Ev_fo_counters_fo_counters_mcts_orig_novh_e.5_c.1_s534933607_K0_SR10TCM_src20489446_e0015.txt,/home/hersco/training_new_domains/2026-08-25/statistical_replication_terminal_stage2_mcts_eval/.resume_state/20559562.eval_completed.jsonl
MAIN-TERM,terminal_led,fo_counters,off,923500475,normal20/70,3.0,5,5,5,5,complete_declared_budget,20559563,/home/hersco/training_new_domains/2026-08-25/statistical_replication_terminal_stage2_policy_eval/20542292_Ev_fo_counters_fo_counters_orig_novh_c.1_s923500475_SR10TCP_src20489447_e0074.txt,/home/hersco/training_new_domains/2026-08-25/statistical_replication_terminal_stage2_mcts_eval/20559563_Ev_fo_counters_fo_counters_mcts_orig_novh_e.5_c.1_s923500475_K0_SR10TCM_src20489447_e0074.txt,/home/hersco/training_new_domains/2026-08-25/statistical_replication_terminal_stage2_mcts_eval/.resume_state/20559563.eval_completed.jsonl
MAIN-TERM,terminal_led,fo_counters,off,1073581256,normal20/70,3.0,5,5,5,5,complete_declared_budget,20559564,/home/hersco/training_new_domains/2026-08-25/statistical_replication_terminal_stage2_policy_eval/20542404_Ev_fo_counters_fo_counters_orig_novh_c.1_s1073581256_SR10TCP_src20489448_e0009.txt,/home/hersco/training_new_domains/2026-08-25/statistical_replication_terminal_stage2_mcts_eval/20559564_Ev_fo_counters_fo_counters_mcts_orig_novh_e.5_c.1_s1073581256_K0_SR10TCM_src20489448_e0009.txt,/home/hersco/training_new_domains/2026-08-25/statistical_replication_terminal_stage2_mcts_eval/.resume_state/20559564.eval_completed.jsonl
MAIN-TERM,terminal_led,fo_counters,off,1239739722,normal20/70,4.0,8,8,8,8,complete_declared_budget,20559565,/home/hersco/training_new_domains/2026-08-25/statistical_replication_terminal_stage2_policy_eval/20542589_Ev_fo_counters_fo_counters_orig_novh_c.1_s1239739722_SR10TCP_src20489449_e0097.txt,/home/hersco/training_new_domains/2026-08-25/statistical_replication_terminal_stage2_mcts_eval/20559565_Ev_fo_counters_fo_counters_mcts_orig_novh_e.5_c.1_s1239739722_K0_SR10TCM_src20489449_e0097.txt,/home/hersco/training_new_domains/2026-08-25/statistical_replication_terminal_stage2_mcts_eval/.resume_state/20559565.eval_completed.jsonl
MAIN-TERM,terminal_led,fo_counters,off,1472491096,normal20/70,4.0,5,5,5,5,complete_declared_budget,20559566,/home/hersco/training_new_domains/2026-08-25/statistical_replication_terminal_stage2_policy_eval/20542667_Ev_fo_counters_fo_counters_orig_novh_c.1_s1472491096_SR10TCP_src20489450_e0098.txt,/home/hersco/training_new_domains/2026-08-25/statistical_replication_terminal_stage2_mcts_eval/20559566_Ev_fo_counters_fo_counters_mcts_orig_novh_e.5_c.1_s1472491096_K0_SR10TCM_src20489450_e0098.txt,/home/hersco/training_new_domains/2026-08-25/statistical_replication_terminal_stage2_mcts_eval/.resume_state/20559566.eval_completed.jsonl
MAIN-TERM,terminal_led,fo_counters,off,1510771779,normal20/70,2.0,4,4,4,4,complete_declared_budget,20559567,/home/hersco/training_new_domains/2026-08-25/statistical_replication_terminal_stage2_policy_eval/20542735_Ev_fo_counters_fo_counters_orig_novh_c.1_s1510771779_SR10TCP_src20489451_e0009.txt,/home/hersco/training_new_domains/2026-08-25/statistical_replication_terminal_stage2_mcts_eval/20559567_Ev_fo_counters_fo_counters_mcts_orig_novh_e.5_c.1_s1510771779_K0_SR10TCM_src20489451_e0009.txt,/home/hersco/training_new_domains/2026-08-25/statistical_replication_terminal_stage2_mcts_eval/.resume_state/20559567.eval_completed.jsonl
MAIN-TERM,terminal_led,fo_counters,off,1963100312,normal20/70,2.0,4,4,4,4,complete_declared_budget,20559569,/home/hersco/training_new_domains/2026-08-25/statistical_replication_terminal_stage2_policy_eval/20542758_Ev_fo_counters_fo_counters_orig_novh_c.1_s1963100312_SR10TCP_src20489452_e0035.txt,/home/hersco/training_new_domains/2026-08-25/statistical_replication_terminal_stage2_mcts_eval/20559569_Ev_fo_counters_fo_counters_mcts_orig_novh_e.5_c.1_s1963100312_K0_SR10TCM_src20489452_e0035.txt,/home/hersco/training_new_domains/2026-08-25/statistical_replication_terminal_stage2_mcts_eval/.resume_state/20559569.eval_completed.jsonl
MAIN-TERM,terminal_led,fo_counters,off,1972442430,normal20/70,3.0,5,5,5,5,complete_declared_budget,20559570,/home/hersco/training_new_domains/2026-08-25/statistical_replication_terminal_stage2_policy_eval/20542923_Ev_fo_counters_fo_counters_orig_novh_c.1_s1972442430_SR10TCP_src20489453_e0061.txt,/home/hersco/training_new_domains/2026-08-25/statistical_replication_terminal_stage2_mcts_eval/20559570_Ev_fo_counters_fo_counters_mcts_orig_novh_e.5_c.1_s1972442430_K0_SR10TCM_src20489453_e0061.txt,/home/hersco/training_new_domains/2026-08-25/statistical_replication_terminal_stage2_mcts_eval/.resume_state/20559570.eval_completed.jsonl
MAIN-TERM,terminal_led,fo_counters,off,2011206605,normal20/70,2.0,6,6,6,6,complete_declared_budget,20559571,/home/hersco/training_new_domains/2026-08-25/statistical_replication_terminal_stage2_policy_eval/20542936_Ev_fo_counters_fo_counters_orig_novh_c.1_s2011206605_SR10TCP_src20489454_e0000.txt,/home/hersco/training_new_domains/2026-08-25/statistical_replication_terminal_stage2_mcts_eval/20559571_Ev_fo_counters_fo_counters_mcts_orig_novh_e.5_c.1_s2011206605_K0_SR10TCM_src20489454_e0000.txt,/home/hersco/training_new_domains/2026-08-25/statistical_replication_terminal_stage2_mcts_eval/.resume_state/20559571.eval_completed.jsonl
MAIN-TERM,terminal_led,fo_counters,off,2082152039,normal20/70,2.0,4,4,4,4,complete_declared_budget,20559572,/home/hersco/training_new_domains/2026-08-25/statistical_replication_terminal_stage2_policy_eval/20543029_Ev_fo_counters_fo_counters_orig_novh_c.1_s2082152039_SR10TCP_src20489455_e0053.txt,/home/hersco/training_new_domains/2026-08-25/statistical_replication_terminal_stage2_mcts_eval/20559572_Ev_fo_counters_fo_counters_mcts_orig_novh_e.5_c.1_s2082152039_K0_SR10TCM_src20489455_e0053.txt,/home/hersco/training_new_domains/2026-08-25/statistical_replication_terminal_stage2_mcts_eval/.resume_state/20559572.eval_completed.jsonl
MAIN-TERM,terminal_led,fo_counters,on,534933607,normal20/70,3.0,3,3,3,3,complete_declared_budget,20559573,/home/hersco/training_new_domains/2026-08-25/statistical_replication_terminal_stage2_policy_eval/20543081_Ev_fo_counters_fo_counters_orig_vh_c.1_s534933607_SR10TCP_src20489456_e0044.txt,/home/hersco/training_new_domains/2026-08-25/statistical_replication_terminal_stage2_mcts_eval/20559573_Ev_fo_counters_fo_counters_mcts_orig_vh_e.5_c.1_s534933607_K0_SR10TCM_src20489456_e0044.txt,/home/hersco/training_new_domains/2026-08-25/statistical_replication_terminal_stage2_mcts_eval/.resume_state/20559573.eval_completed.jsonl
MAIN-TERM,terminal_led,fo_counters,on,923500475,normal20/70,3.0,5,5,5,5,complete_declared_budget,20559574,/home/hersco/training_new_domains/2026-08-25/statistical_replication_terminal_stage2_policy_eval/20543095_Ev_fo_counters_fo_counters_orig_vh_c.1_s923500475_SR10TCP_src20489457_e0030.txt,/home/hersco/training_new_domains/2026-08-25/statistical_replication_terminal_stage2_mcts_eval/20559574_Ev_fo_counters_fo_counters_mcts_orig_vh_e.5_c.1_s923500475_K0_SR10TCM_src20489457_e0030.txt,/home/hersco/training_new_domains/2026-08-25/statistical_replication_terminal_stage2_mcts_eval/.resume_state/20559574.eval_completed.jsonl
MAIN-TERM,terminal_led,fo_counters,on,1073581256,normal20/70,5.0,5,5,5,5,complete_declared_budget,20559575,/home/hersco/training_new_domains/2026-08-25/statistical_replication_terminal_stage2_policy_eval/20543178_Ev_fo_counters_fo_counters_orig_vh_c.1_s1073581256_SR10TCP_src20489458_e0077.txt,/home/hersco/training_new_domains/2026-08-25/statistical_replication_terminal_stage2_mcts_eval/20559575_Ev_fo_counters_fo_counters_mcts_orig_vh_e.5_c.1_s1073581256_K0_SR10TCM_src20489458_e0077.txt,/home/hersco/training_new_domains/2026-08-25/statistical_replication_terminal_stage2_mcts_eval/.resume_state/20559575.eval_completed.jsonl
MAIN-TERM,terminal_led,fo_counters,on,1239739722,normal20/70,4.0,5,5,5,5,complete_declared_budget,20559576,/home/hersco/training_new_domains/2026-08-25/statistical_replication_terminal_stage2_policy_eval/20543282_Ev_fo_counters_fo_counters_orig_vh_c.1_s1239739722_SR10TCP_src20489459_e0066.txt,/home/hersco/training_new_domains/2026-08-25/statistical_replication_terminal_stage2_mcts_eval/20559576_Ev_fo_counters_fo_counters_mcts_orig_vh_e.5_c.1_s1239739722_K0_SR10TCM_src20489459_e0066.txt,/home/hersco/training_new_domains/2026-08-25/statistical_replication_terminal_stage2_mcts_eval/.resume_state/20559576.eval_completed.jsonl
MAIN-TERM,terminal_led,fo_counters,on,1472491096,normal20/70,3.0,4,4,4,4,complete_declared_budget,20559577,/home/hersco/training_new_domains/2026-08-25/statistical_replication_terminal_stage2_policy_eval/20543316_Ev_fo_counters_fo_counters_orig_vh_c.1_s1472491096_SR10TCP_src20489461_e0003.txt,/home/hersco/training_new_domains/2026-08-25/statistical_replication_terminal_stage2_mcts_eval/20559577_Ev_fo_counters_fo_counters_mcts_orig_vh_e.5_c.1_s1472491096_K0_SR10TCM_src20489461_e0003.txt,/home/hersco/training_new_domains/2026-08-25/statistical_replication_terminal_stage2_mcts_eval/.resume_state/20559577.eval_completed.jsonl
MAIN-TERM,terminal_led,fo_counters,on,1510771779,normal20/70,4.0,3,3,3,3,complete_declared_budget,20559578,/home/hersco/training_new_domains/2026-08-25/statistical_replication_terminal_stage2_policy_eval/20543348_Ev_fo_counters_fo_counters_orig_vh_c.1_s1510771779_SR10TCP_src20489462_e0032.txt,/home/hersco/training_new_domains/2026-08-25/statistical_replication_terminal_stage2_mcts_eval/20559578_Ev_fo_counters_fo_counters_mcts_orig_vh_e.5_c.1_s1510771779_K0_SR10TCM_src20489462_e0032.txt,/home/hersco/training_new_domains/2026-08-25/statistical_replication_terminal_stage2_mcts_eval/.resume_state/20559578.eval_completed.jsonl
MAIN-TERM,terminal_led,fo_counters,on,1963100312,normal20/70,4.0,4,4,4,4,complete_declared_budget,20559579,/home/hersco/training_new_domains/2026-08-25/statistical_replication_terminal_stage2_policy_eval/20543390_Ev_fo_counters_fo_counters_orig_vh_c.1_s1963100312_SR10TCP_src20489463_e0069.txt,/home/hersco/training_new_domains/2026-08-25/statistical_replication_terminal_stage2_mcts_eval/20559579_Ev_fo_counters_fo_counters_mcts_orig_vh_e.5_c.1_s1963100312_K0_SR10TCM_src20489463_e0069.txt,/home/hersco/training_new_domains/2026-08-25/statistical_replication_terminal_stage2_mcts_eval/.resume_state/20559579.eval_completed.jsonl
MAIN-TERM,terminal_led,fo_counters,on,1972442430,normal20/70,3.0,5,5,5,5,complete_declared_budget,20559580,/home/hersco/training_new_domains/2026-08-25/statistical_replication_terminal_stage2_policy_eval/20543392_Ev_fo_counters_fo_counters_orig_vh_c.1_s1972442430_SR10TCP_src20489464_e0005.txt,/home/hersco/training_new_domains/2026-08-25/statistical_replication_terminal_stage2_mcts_eval/20559580_Ev_fo_counters_fo_counters_mcts_orig_vh_e.5_c.1_s1972442430_K0_SR10TCM_src20489464_e0005.txt,/home/hersco/training_new_domains/2026-08-25/statistical_replication_terminal_stage2_mcts_eval/.resume_state/20559580.eval_completed.jsonl
MAIN-TERM,terminal_led,fo_counters,on,2011206605,normal20/70,5.0,5,5,5,5,complete_declared_budget,20559581,/home/hersco/training_new_domains/2026-08-25/statistical_replication_terminal_stage2_policy_eval/20543474_Ev_fo_counters_fo_counters_orig_vh_c.1_s2011206605_SR10TCP_src20489465_e0003.txt,/home/hersco/training_new_domains/2026-08-25/statistical_replication_terminal_stage2_mcts_eval/20559581_Ev_fo_counters_fo_counters_mcts_orig_vh_e.5_c.1_s2011206605_K0_SR10TCM_src20489465_e0003.txt,/home/hersco/training_new_domains/2026-08-25/statistical_replication_terminal_stage2_mcts_eval/.resume_state/20559581.eval_completed.jsonl
MAIN-TERM,terminal_led,fo_counters,on,2082152039,normal20/70,4.0,5,5,5,5,complete_declared_budget,20559582,/home/hersco/training_new_domains/2026-08-25/statistical_replication_terminal_stage2_policy_eval/20543483_Ev_fo_counters_fo_counters_orig_vh_c.1_s2082152039_SR10TCP_src20489466_e0015.txt,/home/hersco/training_new_domains/2026-08-25/statistical_replication_terminal_stage2_mcts_eval/20559582_Ev_fo_counters_fo_counters_mcts_orig_vh_e.5_c.1_s2082152039_K0_SR10TCM_src20489466_e0015.txt,/home/hersco/training_new_domains/2026-08-25/statistical_replication_terminal_stage2_mcts_eval/.resume_state/20559582.eval_completed.jsonl
MAIN-TERM,terminal_led,rover,off,534933607,normal20/70,4.0,4,4,4,5,complete_declared_budget,20559590,/home/hersco/training_new_domains/2026-08-25/statistical_replication_terminal_stage2_policy_eval/20545837_Ev_rover_rover_orig_novh_c.1_s534933607_SR10TCP_src20489467_e0000.txt,/home/hersco/training_new_domains/2026-08-25/statistical_replication_terminal_stage2_mcts_eval/20559590_Ev_rover_rover_mcts_orig_novh_e.5_c.1_s534933607_K0_SR10TCM_src20489467_e0000.txt,/home/hersco/training_new_domains/2026-08-25/statistical_replication_terminal_stage2_mcts_eval/.resume_state/20559590.eval_completed.jsonl
MAIN-TERM,terminal_led,rover,off,923500475,normal20/70,4.0,4,4,4,6,complete_declared_budget,20559587,/home/hersco/training_new_domains/2026-08-25/statistical_replication_terminal_stage2_policy_eval/20543615_Ev_rover_rover_orig_novh_c.1_s923500475_SR10TCP_src20489468_e0000.txt,/home/hersco/training_new_domains/2026-08-25/statistical_replication_terminal_stage2_mcts_eval/20559587_Ev_rover_rover_mcts_orig_novh_e.5_c.1_s923500475_K0_SR10TCM_src20489468_e0000.txt,/home/hersco/training_new_domains/2026-08-25/statistical_replication_terminal_stage2_mcts_eval/.resume_state/20559587.eval_completed.jsonl
MAIN-TERM,terminal_led,rover,off,1073581256,normal20/70,4.0,5,5,5,6,complete_declared_budget,20559636,/home/hersco/training_new_domains/2026-08-25/statistical_replication_terminal_stage2_policy_eval/20545879_Ev_rover_rover_orig_novh_c.1_s1073581256_SR10TCP_src20489469_e0001.txt,/home/hersco/training_new_domains/2026-08-25/statistical_replication_terminal_stage2_mcts_eval/20559636_Ev_rover_rover_mcts_orig_novh_e.5_c.1_s1073581256_K0_SR10TCM_src20489469_e0001.txt,/home/hersco/training_new_domains/2026-08-25/statistical_replication_terminal_stage2_mcts_eval/.resume_state/20559636.eval_completed.jsonl
MAIN-TERM,terminal_led,rover,off,1239739722,normal20/70,3.0,4,4,4,5,complete_declared_budget,20559637,/home/hersco/training_new_domains/2026-08-25/statistical_replication_terminal_stage2_policy_eval/20545880_Ev_rover_rover_orig_novh_c.1_s1239739722_SR10TCP_src20489470_e0000.txt,/home/hersco/training_new_domains/2026-08-25/statistical_replication_terminal_stage2_mcts_eval/20559637_Ev_rover_rover_mcts_orig_novh_e.5_c.1_s1239739722_K0_SR10TCM_src20489470_e0000.txt,/home/hersco/training_new_domains/2026-08-25/statistical_replication_terminal_stage2_mcts_eval/.resume_state/20559637.eval_completed.jsonl
MAIN-TERM,terminal_led,rover,off,1472491096,normal20/70,4.0,5,5,5,7,complete_declared_budget,20559638,/home/hersco/training_new_domains/2026-08-25/statistical_replication_terminal_stage2_policy_eval/20545922_Ev_rover_rover_orig_novh_c.1_s1472491096_SR10TCP_src20489471_e0001.txt,/home/hersco/training_new_domains/2026-08-25/statistical_replication_terminal_stage2_mcts_eval/20559638_Ev_rover_rover_mcts_orig_novh_e.5_c.1_s1472491096_K0_SR10TCM_src20489471_e0001.txt,/home/hersco/training_new_domains/2026-08-25/statistical_replication_terminal_stage2_mcts_eval/.resume_state/20559638.eval_completed.jsonl
MAIN-TERM,terminal_led,rover,off,1510771779,normal20/70,4.0,4,4,4,4,complete_declared_budget,20559639,/home/hersco/training_new_domains/2026-08-25/statistical_replication_terminal_stage2_policy_eval/20545923_Ev_rover_rover_orig_novh_c.1_s1510771779_SR10TCP_src20489472_e0000.txt,/home/hersco/training_new_domains/2026-08-25/statistical_replication_terminal_stage2_mcts_eval/20559639_Ev_rover_rover_mcts_orig_novh_e.5_c.1_s1510771779_K0_SR10TCM_src20489472_e0000.txt,/home/hersco/training_new_domains/2026-08-25/statistical_replication_terminal_stage2_mcts_eval/.resume_state/20559639.eval_completed.jsonl
MAIN-TERM,terminal_led,rover,off,1963100312,normal20/70,4.0,4,4,4,6,complete_declared_budget,20559640,/home/hersco/training_new_domains/2026-08-25/statistical_replication_terminal_stage2_policy_eval/20546030_Ev_rover_rover_orig_novh_c.1_s1963100312_SR10TCP_src20489473_e0009.txt,/home/hersco/training_new_domains/2026-08-25/statistical_replication_terminal_stage2_mcts_eval/20559640_Ev_rover_rover_mcts_orig_novh_e.5_c.1_s1963100312_K0_SR10TCM_src20489473_e0009.txt,/home/hersco/training_new_domains/2026-08-25/statistical_replication_terminal_stage2_mcts_eval/.resume_state/20559640.eval_completed.jsonl
MAIN-TERM,terminal_led,rover,off,1972442430,normal20/70,4.0,4,4,4,5,complete_declared_budget,20559641,/home/hersco/training_new_domains/2026-08-25/statistical_replication_terminal_stage2_policy_eval/20546033_Ev_rover_rover_orig_novh_c.1_s1972442430_SR10TCP_src20489474_e0000.txt,/home/hersco/training_new_domains/2026-08-25/statistical_replication_terminal_stage2_mcts_eval/20559641_Ev_rover_rover_mcts_orig_novh_e.5_c.1_s1972442430_K0_SR10TCM_src20489474_e0000.txt,/home/hersco/training_new_domains/2026-08-25/statistical_replication_terminal_stage2_mcts_eval/.resume_state/20559641.eval_completed.jsonl
MAIN-TERM,terminal_led,rover,off,2011206605,normal20/70,4.0,4,4,4,5,complete_declared_budget,20559642,/home/hersco/training_new_domains/2026-08-25/statistical_replication_terminal_stage2_policy_eval/20546110_Ev_rover_rover_orig_novh_c.1_s2011206605_SR10TCP_src20489475_e0001.txt,/home/hersco/training_new_domains/2026-08-25/statistical_replication_terminal_stage2_mcts_eval/20559642_Ev_rover_rover_mcts_orig_novh_e.5_c.1_s2011206605_K0_SR10TCM_src20489475_e0001.txt,/home/hersco/training_new_domains/2026-08-25/statistical_replication_terminal_stage2_mcts_eval/.resume_state/20559642.eval_completed.jsonl
MAIN-TERM,terminal_led,rover,off,2082152039,normal20/70,3.0,4,4,4,4,complete_declared_budget,20559643,/home/hersco/training_new_domains/2026-08-25/statistical_replication_terminal_stage2_policy_eval/20546111_Ev_rover_rover_orig_novh_c.1_s2082152039_SR10TCP_src20489476_e0000.txt,/home/hersco/training_new_domains/2026-08-25/statistical_replication_terminal_stage2_mcts_eval/20559643_Ev_rover_rover_mcts_orig_novh_e.5_c.1_s2082152039_K0_SR10TCM_src20489476_e0000.txt,/home/hersco/training_new_domains/2026-08-25/statistical_replication_terminal_stage2_mcts_eval/.resume_state/20559643.eval_completed.jsonl
MAIN-TERM,terminal_led,rover,on,534933607,normal20/70,4.0,5,5,5,5,complete_declared_budget,20559583,/home/hersco/training_new_domains/2026-08-25/statistical_replication_terminal_stage2_policy_eval/20543511_Ev_rover_rover_orig_vh_c.1_s534933607_SR10TCP_src20489477_e0000.txt,/home/hersco/training_new_domains/2026-08-25/statistical_replication_terminal_stage2_mcts_eval/20559583_Ev_rover_rover_mcts_orig_vh_e.5_c.1_s534933607_K0_SR10TCM_src20489477_e0000.txt,/home/hersco/training_new_domains/2026-08-25/statistical_replication_terminal_stage2_mcts_eval/.resume_state/20559583.eval_completed.jsonl
MAIN-TERM,terminal_led,rover,on,923500475,normal20/70,4.0,4,4,4,4,complete_declared_budget,20559644,/home/hersco/training_new_domains/2026-08-25/statistical_replication_terminal_stage2_policy_eval/20546216_Ev_rover_rover_orig_vh_c.1_s923500475_SR10TCP_src20489478_e0004.txt,/home/hersco/training_new_domains/2026-08-25/statistical_replication_terminal_stage2_mcts_eval/20559644_Ev_rover_rover_mcts_orig_vh_e.5_c.1_s923500475_K0_SR10TCM_src20489478_e0004.txt,/home/hersco/training_new_domains/2026-08-25/statistical_replication_terminal_stage2_mcts_eval/.resume_state/20559644.eval_completed.jsonl
MAIN-TERM,terminal_led,rover,on,1073581256,normal20/70,4.0,4,4,4,5,complete_declared_budget,20559585,/home/hersco/training_new_domains/2026-08-25/statistical_replication_terminal_stage2_policy_eval/20543565_Ev_rover_rover_orig_vh_c.1_s1073581256_SR10TCP_src20489479_e0026.txt,/home/hersco/training_new_domains/2026-08-25/statistical_replication_terminal_stage2_mcts_eval/20559585_Ev_rover_rover_mcts_orig_vh_e.5_c.1_s1073581256_K0_SR10TCM_src20489479_e0026.txt,/home/hersco/training_new_domains/2026-08-25/statistical_replication_terminal_stage2_mcts_eval/.resume_state/20559585.eval_completed.jsonl
MAIN-TERM,terminal_led,rover,on,1239739722,normal20/70,4.0,4,4,4,4,complete_declared_budget,20559588,/home/hersco/training_new_domains/2026-08-25/statistical_replication_terminal_stage2_policy_eval/20543662_Ev_rover_rover_orig_vh_c.1_s1239739722_SR10TCP_src20489480_e0024.txt,/home/hersco/training_new_domains/2026-08-25/statistical_replication_terminal_stage2_mcts_eval/20559588_Ev_rover_rover_mcts_orig_vh_e.5_c.1_s1239739722_K0_SR10TCM_src20489480_e0024.txt,/home/hersco/training_new_domains/2026-08-25/statistical_replication_terminal_stage2_mcts_eval/.resume_state/20559588.eval_completed.jsonl
MAIN-TERM,terminal_led,rover,on,1472491096,normal20/70,4.0,5,5,5,5,complete_declared_budget,20559589,/home/hersco/training_new_domains/2026-08-25/statistical_replication_terminal_stage2_policy_eval/20543719_Ev_rover_rover_orig_vh_c.1_s1472491096_SR10TCP_src20489481_e0002.txt,/home/hersco/training_new_domains/2026-08-25/statistical_replication_terminal_stage2_mcts_eval/20559589_Ev_rover_rover_mcts_orig_vh_e.5_c.1_s1472491096_K0_SR10TCM_src20489481_e0002.txt,/home/hersco/training_new_domains/2026-08-25/statistical_replication_terminal_stage2_mcts_eval/.resume_state/20559589.eval_completed.jsonl
MAIN-TERM,terminal_led,rover,on,1510771779,normal20/70,4.0,5,5,5,5,complete_declared_budget,20559646,/home/hersco/training_new_domains/2026-08-25/statistical_replication_terminal_stage2_policy_eval/20546264_Ev_rover_rover_orig_vh_c.1_s1510771779_SR10TCP_src20489482_e0002.txt,/home/hersco/training_new_domains/2026-08-25/statistical_replication_terminal_stage2_mcts_eval/20559646_Ev_rover_rover_mcts_orig_vh_e.5_c.1_s1510771779_K0_SR10TCM_src20489482_e0002.txt,/home/hersco/training_new_domains/2026-08-25/statistical_replication_terminal_stage2_mcts_eval/.resume_state/20559646.eval_completed.jsonl
MAIN-TERM,terminal_led,rover,on,1963100312,normal20/70,4.0,5,5,5,6,complete_declared_budget,20559647,/home/hersco/training_new_domains/2026-08-25/statistical_replication_terminal_stage2_policy_eval/20546298_Ev_rover_rover_orig_vh_c.1_s1963100312_SR10TCP_src20489483_e0092.txt,/home/hersco/training_new_domains/2026-08-25/statistical_replication_terminal_stage2_mcts_eval/20559647_Ev_rover_rover_mcts_orig_vh_e.5_c.1_s1963100312_K0_SR10TCM_src20489483_e0092.txt,/home/hersco/training_new_domains/2026-08-25/statistical_replication_terminal_stage2_mcts_eval/.resume_state/20559647.eval_completed.jsonl
MAIN-TERM,terminal_led,rover,on,1972442430,normal20/70,4.0,4,4,4,5,complete_declared_budget,20559648,/home/hersco/training_new_domains/2026-08-25/statistical_replication_terminal_stage2_policy_eval/20546320_Ev_rover_rover_orig_vh_c.1_s1972442430_SR10TCP_src20489484_e0003.txt,/home/hersco/training_new_domains/2026-08-25/statistical_replication_terminal_stage2_mcts_eval/20559648_Ev_rover_rover_mcts_orig_vh_e.5_c.1_s1972442430_K0_SR10TCM_src20489484_e0003.txt,/home/hersco/training_new_domains/2026-08-25/statistical_replication_terminal_stage2_mcts_eval/.resume_state/20559648.eval_completed.jsonl
MAIN-TERM,terminal_led,rover,on,2011206605,normal20/70,4.0,5,5,5,5,complete_declared_budget,20559586,/home/hersco/training_new_domains/2026-08-25/statistical_replication_terminal_stage2_policy_eval/20543566_Ev_rover_rover_orig_vh_c.1_s2011206605_SR10TCP_src20489485_e0000.txt,/home/hersco/training_new_domains/2026-08-25/statistical_replication_terminal_stage2_mcts_eval/20559586_Ev_rover_rover_mcts_orig_vh_e.5_c.1_s2011206605_K0_SR10TCM_src20489485_e0000.txt,/home/hersco/training_new_domains/2026-08-25/statistical_replication_terminal_stage2_mcts_eval/.resume_state/20559586.eval_completed.jsonl
MAIN-TERM,terminal_led,rover,on,2082152039,normal20/70,4.0,4,4,4,4,complete_declared_budget,20559649,/home/hersco/training_new_domains/2026-08-25/statistical_replication_terminal_stage2_policy_eval/20546348_Ev_rover_rover_orig_vh_c.1_s2082152039_SR10TCP_src20489486_e0007.txt,/home/hersco/training_new_domains/2026-08-25/statistical_replication_terminal_stage2_mcts_eval/20559649_Ev_rover_rover_mcts_orig_vh_e.5_c.1_s2082152039_K0_SR10TCM_src20489486_e0007.txt,/home/hersco/training_new_domains/2026-08-25/statistical_replication_terminal_stage2_mcts_eval/.resume_state/20559649.eval_completed.jsonl
MAIN-VAL,validation_led,block_grouping,off,534933607,narrow5/20,17.0,13,16,16,19,complete_declared_budget,20891020,/home/hersco/training_new_domains/2026-08-22/statistical_replication_stage2_policy_eval/20488009_Ev_block_grouping_block_grouping_orig_novh_c.1_s534933607_SR10P_src20430360_e0010.txt,/home/hersco/training_new_domains/2026-09-03/statistical_replication_stage2_mcts_eval/20891020_Ev_block_grouping_block_grouping_mcts_orig_novh_e.5_c.1_s534933607_K0_SR10M_src20430360_e0010.txt,/home/hersco/training_new_domains/2026-09-03/statistical_replication_stage2_mcts_eval/.resume_state/20891020.eval_completed.jsonl
MAIN-VAL,validation_led,block_grouping,off,923500475,narrow5/20,15.0,11,15,15,20,complete_declared_budget,20891021,/home/hersco/training_new_domains/2026-08-22/statistical_replication_stage2_policy_eval/20488096_Ev_block_grouping_block_grouping_orig_novh_c.1_s923500475_SR10P_src20430363_e0002.txt,/home/hersco/training_new_domains/2026-09-03/statistical_replication_stage2_mcts_eval/20891021_Ev_block_grouping_block_grouping_mcts_orig_novh_e.5_c.1_s923500475_K0_SR10M_src20430363_e0002.txt,/home/hersco/training_new_domains/2026-09-03/statistical_replication_stage2_mcts_eval/.resume_state/20891021.eval_completed.jsonl
MAIN-VAL,validation_led,block_grouping,off,1073581256,narrow5/20,17.0,11,15,17,20,complete_declared_budget,20891022,/home/hersco/training_new_domains/2026-08-22/statistical_replication_stage2_policy_eval/20487962_Ev_block_grouping_block_grouping_orig_novh_c.1_s1073581256_SR10P_src20430357_e0007.txt,/home/hersco/training_new_domains/2026-09-03/statistical_replication_stage2_mcts_eval/20891022_Ev_block_grouping_block_grouping_mcts_orig_novh_e.5_c.1_s1073581256_K0_SR10M_src20430357_e0007.txt,/home/hersco/training_new_domains/2026-09-03/statistical_replication_stage2_mcts_eval/.resume_state/20891022.eval_completed.jsonl
MAIN-VAL,validation_led,block_grouping,off,1239739722,narrow5/20,17.0,14,17,17,19,complete_declared_budget,20891023,/home/hersco/training_new_domains/2026-08-22/statistical_replication_stage2_policy_eval/20487984_Ev_block_grouping_block_grouping_orig_novh_c.1_s1239739722_SR10P_src20430358_e0004.txt,/home/hersco/training_new_domains/2026-09-03/statistical_replication_stage2_mcts_eval/20891023_Ev_block_grouping_block_grouping_mcts_orig_novh_e.5_c.1_s1239739722_K0_SR10M_src20430358_e0004.txt,/home/hersco/training_new_domains/2026-09-03/statistical_replication_stage2_mcts_eval/.resume_state/20891023.eval_completed.jsonl
MAIN-VAL,validation_led,block_grouping,off,1472491096,narrow5/20,15.0,11,16,16,19,complete_declared_budget,20891024,/home/hersco/training_new_domains/2026-08-22/statistical_replication_stage2_policy_eval/20488006_Ev_block_grouping_block_grouping_orig_novh_c.1_s1472491096_SR10P_src20430359_e0002.txt,/home/hersco/training_new_domains/2026-09-03/statistical_replication_stage2_mcts_eval/20891024_Ev_block_grouping_block_grouping_mcts_orig_novh_e.5_c.1_s1472491096_K0_SR10M_src20430359_e0002.txt,/home/hersco/training_new_domains/2026-09-03/statistical_replication_stage2_mcts_eval/.resume_state/20891024.eval_completed.jsonl
MAIN-VAL,validation_led,block_grouping,off,1510771779,narrow5/20,17.0,12,17,17,20,complete_declared_budget,20891025,/home/hersco/training_new_domains/2026-08-22/statistical_replication_stage2_policy_eval/20488074_Ev_block_grouping_block_grouping_orig_novh_c.1_s1510771779_SR10P_src20430362_e0008.txt,/home/hersco/training_new_domains/2026-09-03/statistical_replication_stage2_mcts_eval/20891025_Ev_block_grouping_block_grouping_mcts_orig_novh_e.5_c.1_s1510771779_K0_SR10M_src20430362_e0008.txt,/home/hersco/training_new_domains/2026-09-03/statistical_replication_stage2_mcts_eval/.resume_state/20891025.eval_completed.jsonl
MAIN-VAL,validation_led,block_grouping,off,1963100312,narrow5/20,15.0,11,15,15,20,complete_declared_budget,20891026,/home/hersco/training_new_domains/2026-08-22/statistical_replication_stage2_policy_eval/20487884_Ev_block_grouping_block_grouping_orig_novh_c.1_s1963100312_SR10P_src20430354_e0000.txt,/home/hersco/training_new_domains/2026-09-03/statistical_replication_stage2_mcts_eval/20891026_Ev_block_grouping_block_grouping_mcts_orig_novh_e.5_c.1_s1963100312_K0_SR10M_src20430354_e0000.txt,/home/hersco/training_new_domains/2026-09-03/statistical_replication_stage2_mcts_eval/.resume_state/20891026.eval_completed.jsonl
MAIN-VAL,validation_led,block_grouping,off,1972442430,narrow5/20,17.0,11,14,15,20,complete_declared_budget,20891027,/home/hersco/training_new_domains/2026-08-22/statistical_replication_stage2_policy_eval/20489063_Ev_block_grouping_block_grouping_orig_novh_c.1_s1972442430_SR10P_src20430364_e0002.txt,/home/hersco/training_new_domains/2026-09-03/statistical_replication_stage2_mcts_eval/20891027_Ev_block_grouping_block_grouping_mcts_orig_novh_e.5_c.1_s1972442430_K0_SR10M_src20430364_e0002.txt,/home/hersco/training_new_domains/2026-09-03/statistical_replication_stage2_mcts_eval/.resume_state/20891027.eval_completed.jsonl
MAIN-VAL,validation_led,block_grouping,off,2011206605,narrow5/20,15.0,9,12,14,20,complete_declared_budget,20943868,/home/hersco/training_new_domains/2026-08-22/statistical_replication_stage2_policy_eval/20487905_Ev_block_grouping_block_grouping_orig_novh_c.1_s2011206605_SR10P_src20430355_e0000.txt,/home/hersco/training_new_domains/2026-09-04/statistical_replication_stage2_mcts_eval/20943868_Ev_block_grouping_block_grouping_mcts_orig_novh_e.5_c.1_s2011206605_K0_SR10M_src20430355_e0000.txt,/home/hersco/training_new_domains/2026-09-04/statistical_replication_stage2_mcts_eval/.resume_state/20943868.eval_completed.jsonl
MAIN-VAL,validation_led,block_grouping,off,2082152039,narrow5/20,15.0,11,13,15,19,complete_declared_budget,20943871,/home/hersco/training_new_domains/2026-08-22/statistical_replication_stage2_policy_eval/20488049_Ev_block_grouping_block_grouping_orig_novh_c.1_s2082152039_SR10P_src20430361_e0002.txt,/home/hersco/training_new_domains/2026-09-04/statistical_replication_stage2_mcts_eval/20943871_Ev_block_grouping_block_grouping_mcts_orig_novh_e.5_c.1_s2082152039_K0_SR10M_src20430361_e0002.txt,/home/hersco/training_new_domains/2026-09-04/statistical_replication_stage2_mcts_eval/.resume_state/20943871.eval_completed.jsonl
MAIN-VAL,validation_led,block_grouping,on,534933607,narrow5/20,11.0,10,10,13,18,complete_declared_budget,20559485,/home/hersco/training_new_domains/2026-08-24/statistical_replication_stage2_policy_eval/20523045_Ev_block_grouping_block_grouping_orig_vh_c.1_s534933607_SR10P_src20430349_e0055.txt,/home/hersco/training_new_domains/2026-08-25/statistical_replication_stage2_mcts_eval/20559485_Ev_block_grouping_block_grouping_mcts_orig_vh_e.5_c.1_s534933607_K0_SR10M_src20430349_e0055.txt,/home/hersco/training_new_domains/2026-08-25/statistical_replication_stage2_mcts_eval/.resume_state/20559485.eval_completed.jsonl
MAIN-VAL,validation_led,block_grouping,on,923500475,narrow5/20,11.0,8,8,11,19,complete_declared_budget,20559488,/home/hersco/training_new_domains/2026-08-24/statistical_replication_stage2_policy_eval/20523154_Ev_block_grouping_block_grouping_orig_vh_c.1_s923500475_SR10P_src20430352_e0038.txt,/home/hersco/training_new_domains/2026-08-25/statistical_replication_stage2_mcts_eval/20559488_Ev_block_grouping_block_grouping_mcts_orig_vh_e.5_c.1_s923500475_K0_SR10M_src20430352_e0038.txt,/home/hersco/training_new_domains/2026-08-25/statistical_replication_stage2_mcts_eval/.resume_state/20559488.eval_completed.jsonl
MAIN-VAL,validation_led,block_grouping,on,1073581256,narrow5/20,13.0,11,14,14,18,complete_declared_budget,20944335,/home/hersco/training_new_domains/2026-08-22/statistical_replication_stage2_policy_eval/20487861_Ev_block_grouping_block_grouping_orig_vh_c.1_s1073581256_SR10P_src20430346_e0019.txt,/home/hersco/training_new_domains/2026-09-04/statistical_replication_stage2_mcts_eval/20944335_Ev_block_grouping_block_grouping_mcts_orig_vh_e.5_c.1_s1073581256_K0_SR10M_src20430346_e0019.txt,/home/hersco/training_new_domains/2026-09-04/statistical_replication_stage2_mcts_eval/.resume_state/20944335.eval_completed.jsonl
MAIN-VAL,validation_led,block_grouping,on,1239739722,narrow5/20,16.0,12,12,14,18,complete_declared_budget,20559484,/home/hersco/training_new_domains/2026-08-24/statistical_replication_stage2_policy_eval/20522994_Ev_block_grouping_block_grouping_orig_vh_c.1_s1239739722_SR10P_src20430347_e0000.txt,/home/hersco/training_new_domains/2026-08-25/statistical_replication_stage2_mcts_eval/20559484_Ev_block_grouping_block_grouping_mcts_orig_vh_e.5_c.1_s1239739722_K0_SR10M_src20430347_e0000.txt,/home/hersco/training_new_domains/2026-08-25/statistical_replication_stage2_mcts_eval/.resume_state/20559484.eval_completed.jsonl
MAIN-VAL,validation_led,block_grouping,on,1472491096,narrow5/20,16.0,12,13,16,19,complete_declared_budget,20943875,/home/hersco/training_new_domains/2026-08-22/statistical_replication_stage2_policy_eval/20487883_Ev_block_grouping_block_grouping_orig_vh_c.1_s1472491096_SR10P_src20430348_e0069.txt,/home/hersco/training_new_domains/2026-09-04/statistical_replication_stage2_mcts_eval/20943875_Ev_block_grouping_block_grouping_mcts_orig_vh_e.5_c.1_s1472491096_K0_SR10M_src20430348_e0069.txt,/home/hersco/training_new_domains/2026-09-04/statistical_replication_stage2_mcts_eval/.resume_state/20943875.eval_completed.jsonl
MAIN-VAL,validation_led,block_grouping,on,1510771779,narrow5/20,14.0,12,13,14,20,complete_declared_budget,20559487,/home/hersco/training_new_domains/2026-08-24/statistical_replication_stage2_policy_eval/20523132_Ev_block_grouping_block_grouping_orig_vh_c.1_s1510771779_SR10P_src20430351_e0041.txt,/home/hersco/training_new_domains/2026-08-25/statistical_replication_stage2_mcts_eval/20559487_Ev_block_grouping_block_grouping_mcts_orig_vh_e.5_c.1_s1510771779_K0_SR10M_src20430351_e0041.txt,/home/hersco/training_new_domains/2026-08-25/statistical_replication_stage2_mcts_eval/.resume_state/20559487.eval_completed.jsonl
MAIN-VAL,validation_led,block_grouping,on,1963100312,narrow5/20,11.0,8,8,11,18,complete_declared_budget,20559482,/home/hersco/training_new_domains/2026-08-24/statistical_replication_stage2_policy_eval/20522958_Ev_block_grouping_block_grouping_orig_vh_c.1_s1963100312_SR10P_src20430344_e0023.txt,/home/hersco/training_new_domains/2026-08-25/statistical_replication_stage2_mcts_eval/20559482_Ev_block_grouping_block_grouping_mcts_orig_vh_e.5_c.1_s1963100312_K0_SR10M_src20430344_e0023.txt,/home/hersco/training_new_domains/2026-08-25/statistical_replication_stage2_mcts_eval/.resume_state/20559482.eval_completed.jsonl
MAIN-VAL,validation_led,block_grouping,on,1972442430,narrow5/20,12.0,9,9,10,17,complete_declared_budget,20559489,/home/hersco/training_new_domains/2026-08-24/statistical_replication_stage2_policy_eval/20523176_Ev_block_grouping_block_grouping_orig_vh_c.1_s1972442430_SR10P_src20430353_e0009.txt,/home/hersco/training_new_domains/2026-08-25/statistical_replication_stage2_mcts_eval/20559489_Ev_block_grouping_block_grouping_mcts_orig_vh_e.5_c.1_s1972442430_K0_SR10M_src20430353_e0009.txt,/home/hersco/training_new_domains/2026-08-25/statistical_replication_stage2_mcts_eval/.resume_state/20559489.eval_completed.jsonl
MAIN-VAL,validation_led,block_grouping,on,2011206605,narrow5/20,12.0,9,9,11,17,complete_declared_budget,20559483,/home/hersco/training_new_domains/2026-08-24/statistical_replication_stage2_policy_eval/20522993_Ev_block_grouping_block_grouping_orig_vh_c.1_s2011206605_SR10P_src20430345_e0008.txt,/home/hersco/training_new_domains/2026-08-25/statistical_replication_stage2_mcts_eval/20559483_Ev_block_grouping_block_grouping_mcts_orig_vh_e.5_c.1_s2011206605_K0_SR10M_src20430345_e0008.txt,/home/hersco/training_new_domains/2026-08-25/statistical_replication_stage2_mcts_eval/.resume_state/20559483.eval_completed.jsonl
MAIN-VAL,validation_led,block_grouping,on,2082152039,narrow5/20,12.0,10,10,12,18,complete_declared_budget,20559486,/home/hersco/training_new_domains/2026-08-24/statistical_replication_stage2_policy_eval/20523110_Ev_block_grouping_block_grouping_orig_vh_c.1_s2082152039_SR10P_src20430350_e0034.txt,/home/hersco/training_new_domains/2026-08-25/statistical_replication_stage2_mcts_eval/20559486_Ev_block_grouping_block_grouping_mcts_orig_vh_e.5_c.1_s2082152039_K0_SR10M_src20430350_e0034.txt,/home/hersco/training_new_domains/2026-08-25/statistical_replication_stage2_mcts_eval/.resume_state/20559486.eval_completed.jsonl
MAIN-VAL,validation_led,counters,off,534933607,narrow5/20,6.0,9,9,9,50,complete_declared_budget,20649849,/home/hersco/training_new_domains/2026-08-21/statistical_replication_stage2_policy_eval/20465165_Ev_counters_counters_orig_novh_c.1_s534933607_SR10P_src20430422_e0008.txt,/home/hersco/training_new_domains/2026-08-27/statistical_replication_stage2_mcts_eval/20649849_Ev_counters_counters_mcts_orig_novh_e.5_c.1_s534933607_K0_SR10M_src20430422_e0008.txt,
MAIN-VAL,validation_led,counters,off,923500475,narrow5/20,32.0,33,33,33,59,complete_declared_budget,20649852,/home/hersco/training_new_domains/2026-08-21/statistical_replication_stage2_policy_eval/20465209_Ev_counters_counters_orig_novh_c.1_s923500475_SR10P_src20430425_e0000.txt,/home/hersco/training_new_domains/2026-08-27/statistical_replication_stage2_mcts_eval/20649852_Ev_counters_counters_mcts_orig_novh_e.5_c.1_s923500475_K0_SR10M_src20430425_e0000.txt,
MAIN-VAL,validation_led,counters,off,1073581256,narrow5/20,53.0,51,51,51,59,complete_declared_budget,20649846,/home/hersco/training_new_domains/2026-08-21/statistical_replication_stage2_policy_eval/20451602_Ev_counters_counters_orig_novh_c.1_s1073581256_SR10P_src20430419_e0000.txt,/home/hersco/training_new_domains/2026-08-27/statistical_replication_stage2_mcts_eval/20649846_Ev_counters_counters_mcts_orig_novh_e.5_c.1_s1073581256_K0_SR10M_src20430419_e0000.txt,
MAIN-VAL,validation_led,counters,off,1239739722,narrow5/20,21.0,22,22,22,59,complete_declared_budget,20649847,/home/hersco/training_new_domains/2026-08-21/statistical_replication_stage2_policy_eval/20465054_Ev_counters_counters_orig_novh_c.1_s1239739722_SR10P_src20430420_e0005.txt,/home/hersco/training_new_domains/2026-08-27/statistical_replication_stage2_mcts_eval/20649847_Ev_counters_counters_mcts_orig_novh_e.5_c.1_s1239739722_K0_SR10M_src20430420_e0005.txt,
MAIN-VAL,validation_led,counters,off,1472491096,narrow5/20,18.0,18,18,18,53,complete_declared_budget,20649848,/home/hersco/training_new_domains/2026-08-21/statistical_replication_stage2_policy_eval/20465075_Ev_counters_counters_orig_novh_c.1_s1472491096_SR10P_src20430421_e0005.txt,/home/hersco/training_new_domains/2026-08-27/statistical_replication_stage2_mcts_eval/20649848_Ev_counters_counters_mcts_orig_novh_e.5_c.1_s1472491096_K0_SR10M_src20430421_e0005.txt,
MAIN-VAL,validation_led,counters,off,1510771779,narrow5/20,45.0,48,48,48,57,complete_declared_budget,20649851,/home/hersco/training_new_domains/2026-08-21/statistical_replication_stage2_policy_eval/20465208_Ev_counters_counters_orig_novh_c.1_s1510771779_SR10P_src20430424_e0037.txt,/home/hersco/training_new_domains/2026-08-27/statistical_replication_stage2_mcts_eval/20649851_Ev_counters_counters_mcts_orig_novh_e.5_c.1_s1510771779_K0_SR10M_src20430424_e0037.txt,
MAIN-VAL,validation_led,counters,off,1963100312,narrow5/20,59.0,40,49,49,59,complete_declared_budget,20649844,/home/hersco/training_new_domains/2026-08-21/statistical_replication_stage2_policy_eval/20451601_Ev_counters_counters_orig_novh_c.1_s1963100312_SR10P_src20430416_e0033.txt,/home/hersco/training_new_domains/2026-08-27/statistical_replication_stage2_mcts_eval/20649844_Ev_counters_counters_mcts_orig_novh_e.5_c.1_s1963100312_K0_SR10M_src20430416_e0033.txt,
MAIN-VAL,validation_led,counters,off,1972442430,narrow5/20,37.0,38,38,38,59,complete_declared_budget,20649853,/home/hersco/training_new_domains/2026-08-21/statistical_replication_stage2_policy_eval/20465251_Ev_counters_counters_orig_novh_c.1_s1972442430_SR10P_src20430426_e0082.txt,/home/hersco/training_new_domains/2026-08-27/statistical_replication_stage2_mcts_eval/20649853_Ev_counters_counters_mcts_orig_novh_e.5_c.1_s1972442430_K0_SR10M_src20430426_e0082.txt,
MAIN-VAL,validation_led,counters,off,2011206605,narrow5/20,39.0,40,40,40,58,complete_declared_budget,20649845,/home/hersco/training_new_domains/2026-08-21/statistical_replication_stage2_policy_eval/20465052_Ev_counters_counters_orig_novh_c.1_s2011206605_SR10P_src20430417_e0012.txt,/home/hersco/training_new_domains/2026-08-27/statistical_replication_stage2_mcts_eval/20649845_Ev_counters_counters_mcts_orig_novh_e.5_c.1_s2011206605_K0_SR10M_src20430417_e0012.txt,
MAIN-VAL,validation_led,counters,off,2082152039,narrow5/20,59.0,50,59,59,59,complete_declared_budget,20649850,/home/hersco/training_new_domains/2026-08-21/statistical_replication_stage2_policy_eval/20465166_Ev_counters_counters_orig_novh_c.1_s2082152039_SR10P_src20430423_e0000.txt,/home/hersco/training_new_domains/2026-08-27/statistical_replication_stage2_mcts_eval/20649850_Ev_counters_counters_mcts_orig_novh_e.5_c.1_s2082152039_K0_SR10M_src20430423_e0000.txt,
MAIN-VAL,validation_led,counters,on,534933607,narrow5/20,59.0,44,58,59,59,complete_declared_budget,20649859,/home/hersco/training_new_domains/2026-08-21/statistical_replication_stage2_policy_eval/20465470_Ev_counters_counters_orig_vh_c.1_s534933607_SR10P_src20430432_e0002.txt,/home/hersco/training_new_domains/2026-08-27/statistical_replication_stage2_mcts_eval/20649859_Ev_counters_counters_mcts_orig_vh_e.5_c.1_s534933607_K0_SR10M_src20430432_e0002.txt,
MAIN-VAL,validation_led,counters,on,923500475,narrow5/20,38.0,24,28,28,59,complete_declared_budget,20649862,/home/hersco/training_new_domains/2026-08-21/statistical_replication_stage2_policy_eval/20465539_Ev_counters_counters_orig_vh_c.1_s923500475_SR10P_src20430435_e0001.txt,/home/hersco/training_new_domains/2026-08-27/statistical_replication_stage2_mcts_eval/20649862_Ev_counters_counters_mcts_orig_vh_e.5_c.1_s923500475_K0_SR10M_src20430435_e0001.txt,
MAIN-VAL,validation_led,counters,on,1073581256,narrow5/20,55.0,36,50,56,59,complete_declared_budget,20649856,/home/hersco/training_new_domains/2026-08-21/statistical_replication_stage2_policy_eval/20465374_Ev_counters_counters_orig_vh_c.1_s1073581256_SR10P_src20430429_e0016.txt,/home/hersco/training_new_domains/2026-08-27/statistical_replication_stage2_mcts_eval/20649856_Ev_counters_counters_mcts_orig_vh_e.5_c.1_s1073581256_K0_SR10M_src20430429_e0016.txt,
MAIN-VAL,validation_led,counters,on,1239739722,narrow5/20,14.0,18,21,21,59,complete_declared_budget,20649857,/home/hersco/training_new_domains/2026-08-21/statistical_replication_stage2_policy_eval/20465397_Ev_counters_counters_orig_vh_c.1_s1239739722_SR10P_src20430430_e0028.txt,/home/hersco/training_new_domains/2026-08-27/statistical_replication_stage2_mcts_eval/20649857_Ev_counters_counters_mcts_orig_vh_e.5_c.1_s1239739722_K0_SR10M_src20430430_e0028.txt,
MAIN-VAL,validation_led,counters,on,1472491096,narrow5/20,3.0,7,7,7,58,complete_declared_budget,20649858,/home/hersco/training_new_domains/2026-08-21/statistical_replication_stage2_policy_eval/20465398_Ev_counters_counters_orig_vh_c.1_s1472491096_SR10P_src20430431_e0000.txt,/home/hersco/training_new_domains/2026-08-27/statistical_replication_stage2_mcts_eval/20649858_Ev_counters_counters_mcts_orig_vh_e.5_c.1_s1472491096_K0_SR10M_src20430431_e0000.txt,
MAIN-VAL,validation_led,counters,on,1510771779,narrow5/20,4.0,21,22,22,57,complete_declared_budget,20649861,/home/hersco/training_new_domains/2026-08-21/statistical_replication_stage2_policy_eval/20465494_Ev_counters_counters_orig_vh_c.1_s1510771779_SR10P_src20430434_e0000.txt,/home/hersco/training_new_domains/2026-08-27/statistical_replication_stage2_mcts_eval/20649861_Ev_counters_counters_mcts_orig_vh_e.5_c.1_s1510771779_K0_SR10M_src20430434_e0000.txt,
MAIN-VAL,validation_led,counters,on,1963100312,narrow5/20,3.0,19,21,21,56,complete_declared_budget,20649854,/home/hersco/training_new_domains/2026-08-21/statistical_replication_stage2_policy_eval/20465252_Ev_counters_counters_orig_vh_c.1_s1963100312_SR10P_src20430427_e0000.txt,/home/hersco/training_new_domains/2026-08-27/statistical_replication_stage2_mcts_eval/20649854_Ev_counters_counters_mcts_orig_vh_e.5_c.1_s1963100312_K0_SR10M_src20430427_e0000.txt,
MAIN-VAL,validation_led,counters,on,1972442430,narrow5/20,23.0,24,24,24,58,complete_declared_budget,20649863,/home/hersco/training_new_domains/2026-08-22/statistical_replication_stage2_policy_eval/20488484_Ev_counters_counters_orig_vh_c.1_s1972442430_SR10P_src20430436_e0030.txt,/home/hersco/training_new_domains/2026-08-27/statistical_replication_stage2_mcts_eval/20649863_Ev_counters_counters_mcts_orig_vh_e.5_c.1_s1972442430_K0_SR10M_src20430436_e0030.txt,
MAIN-VAL,validation_led,counters,on,2011206605,narrow5/20,7.0,14,14,14,59,complete_declared_budget,20649855,/home/hersco/training_new_domains/2026-08-21/statistical_replication_stage2_policy_eval/20465349_Ev_counters_counters_orig_vh_c.1_s2011206605_SR10P_src20430428_e0067.txt,/home/hersco/training_new_domains/2026-08-27/statistical_replication_stage2_mcts_eval/20649855_Ev_counters_counters_mcts_orig_vh_e.5_c.1_s2011206605_K0_SR10M_src20430428_e0067.txt,
MAIN-VAL,validation_led,counters,on,2082152039,narrow5/20,12.0,19,19,19,59,complete_declared_budget,20649860,/home/hersco/training_new_domains/2026-08-21/statistical_replication_stage2_policy_eval/20465493_Ev_counters_counters_orig_vh_c.1_s2082152039_SR10P_src20430433_e0004.txt,/home/hersco/training_new_domains/2026-08-27/statistical_replication_stage2_mcts_eval/20649860_Ev_counters_counters_mcts_orig_vh_e.5_c.1_s2082152039_K0_SR10M_src20430433_e0004.txt,
MAIN-VAL,validation_led,drone,off,534933607,normal20/70,8.0,10,11,11,18,complete_declared_budget,20726030,/home/hersco/training_new_domains/2026-08-22/statistical_replication_stage2_policy_eval/20489106_Ev_drone_drone_orig_novh_c.1_s534933607_SR10P_src20451802_e0063.txt,/home/hersco/training_new_domains/2026-08-30/statistical_replication_stage2_mcts_eval/20726030_Ev_drone_drone_mcts_orig_novh_e.5_c.1_s534933607_K0_SR10M_src20451802_e0063.txt,/home/hersco/training_new_domains/2026-08-30/statistical_replication_stage2_mcts_eval/.resume_state/20726030.eval_completed.jsonl
MAIN-VAL,validation_led,drone,off,923500475,normal20/70,3.0,3,3,3,18,complete_declared_budget,20726031,/home/hersco/training_new_domains/2026-08-21/statistical_replication_stage2_policy_eval/20464888_Ev_drone_drone_orig_novh_c.1_s923500475_SR10P_src20430376_e0016.txt,/home/hersco/training_new_domains/2026-08-30/statistical_replication_stage2_mcts_eval/20726031_Ev_drone_drone_mcts_orig_novh_e.5_c.1_s923500475_K0_SR10M_src20430376_e0016.txt,/home/hersco/training_new_domains/2026-08-30/statistical_replication_stage2_mcts_eval/.resume_state/20726031.eval_completed.jsonl
MAIN-VAL,validation_led,drone,off,1073581256,normal20/70,12.0,8,8,8,16,complete_declared_budget,20559493,/home/hersco/training_new_domains/2026-08-24/statistical_replication_stage2_policy_eval/20523246_Ev_drone_drone_orig_novh_c.1_s1073581256_SR10P_src20451800_e0014.txt,/home/hersco/training_new_domains/2026-08-25/statistical_replication_stage2_mcts_eval/20559493_Ev_drone_drone_mcts_orig_novh_e.5_c.1_s1073581256_K0_SR10M_src20451800_e0014.txt,/home/hersco/training_new_domains/2026-08-25/statistical_replication_stage2_mcts_eval/.resume_state/20559493.eval_completed.jsonl
MAIN-VAL,validation_led,drone,off,1239739722,normal20/70,4.0,6,6,6,16,complete_declared_budget,20726032,/home/hersco/training_new_domains/2026-08-21/statistical_replication_stage2_policy_eval/20464792_Ev_drone_drone_orig_novh_c.1_s1239739722_SR10P_src20430373_e0056.txt,/home/hersco/training_new_domains/2026-08-30/statistical_replication_stage2_mcts_eval/20726032_Ev_drone_drone_mcts_orig_novh_e.5_c.1_s1239739722_K0_SR10M_src20430373_e0056.txt,/home/hersco/training_new_domains/2026-08-30/statistical_replication_stage2_mcts_eval/.resume_state/20726032.eval_completed.jsonl
MAIN-VAL,validation_led,drone,off,1472491096,normal20/70,12.0,12,13,13,17,complete_declared_budget,20559494,/home/hersco/training_new_domains/2026-08-24/statistical_replication_stage2_policy_eval/20523269_Ev_drone_drone_orig_novh_c.1_s1472491096_SR10P_src20451801_e0014.txt,/home/hersco/training_new_domains/2026-08-25/statistical_replication_stage2_mcts_eval/20559494_Ev_drone_drone_mcts_orig_novh_e.5_c.1_s1472491096_K0_SR10M_src20451801_e0014.txt,/home/hersco/training_new_domains/2026-08-25/statistical_replication_stage2_mcts_eval/.resume_state/20559494.eval_completed.jsonl
MAIN-VAL,validation_led,drone,off,1510771779,normal20/70,3.0,5,5,5,16,complete_declared_budget,20726033,/home/hersco/training_new_domains/2026-08-21/statistical_replication_stage2_policy_eval/20464816_Ev_drone_drone_orig_novh_c.1_s1510771779_SR10P_src20430375_e0000.txt,/home/hersco/training_new_domains/2026-08-30/statistical_replication_stage2_mcts_eval/20726033_Ev_drone_drone_mcts_orig_novh_e.5_c.1_s1510771779_K0_SR10M_src20430375_e0000.txt,/home/hersco/training_new_domains/2026-08-30/statistical_replication_stage2_mcts_eval/.resume_state/20726033.eval_completed.jsonl
MAIN-VAL,validation_led,drone,off,1963100312,normal20/70,9.0,9,9,9,17,complete_declared_budget,20559492,/home/hersco/training_new_domains/2026-08-24/statistical_replication_stage2_policy_eval/20523202_Ev_drone_drone_orig_novh_c.1_s1963100312_SR10P_src20451799_e0010.txt,/home/hersco/training_new_domains/2026-08-25/statistical_replication_stage2_mcts_eval/20559492_Ev_drone_drone_mcts_orig_novh_e.5_c.1_s1963100312_K0_SR10M_src20451799_e0010.txt,/home/hersco/training_new_domains/2026-08-25/statistical_replication_stage2_mcts_eval/.resume_state/20559492.eval_completed.jsonl
MAIN-VAL,validation_led,drone,off,1972442430,normal20/70,6.0,8,8,8,17,complete_declared_budget,20726034,/home/hersco/training_new_domains/2026-08-22/statistical_replication_stage2_policy_eval/20489129_Ev_drone_drone_orig_novh_c.1_s1972442430_SR10P_src20451803_e0092.txt,/home/hersco/training_new_domains/2026-08-30/statistical_replication_stage2_mcts_eval/20726034_Ev_drone_drone_mcts_orig_novh_e.5_c.1_s1972442430_K0_SR10M_src20451803_e0092.txt,/home/hersco/training_new_domains/2026-08-30/statistical_replication_stage2_mcts_eval/.resume_state/20726034.eval_completed.jsonl
MAIN-VAL,validation_led,drone,off,2011206605,normal20/70,4.0,6,6,6,17,complete_declared_budget,20726035,/home/hersco/training_new_domains/2026-08-21/statistical_replication_stage2_policy_eval/20464768_Ev_drone_drone_orig_novh_c.1_s2011206605_SR10P_src20430372_e0001.txt,/home/hersco/training_new_domains/2026-08-30/statistical_replication_stage2_mcts_eval/20726035_Ev_drone_drone_mcts_orig_novh_e.5_c.1_s2011206605_K0_SR10M_src20430372_e0001.txt,/home/hersco/training_new_domains/2026-08-30/statistical_replication_stage2_mcts_eval/.resume_state/20726035.eval_completed.jsonl
MAIN-VAL,validation_led,drone,off,2082152039,normal20/70,6.0,8,8,8,18,complete_declared_budget,20726036,/home/hersco/training_new_domains/2026-08-21/statistical_replication_stage2_policy_eval/20464815_Ev_drone_drone_orig_novh_c.1_s2082152039_SR10P_src20430374_e0001.txt,/home/hersco/training_new_domains/2026-08-30/statistical_replication_stage2_mcts_eval/20726036_Ev_drone_drone_mcts_orig_novh_e.5_c.1_s2082152039_K0_SR10M_src20430374_e0001.txt,/home/hersco/training_new_domains/2026-08-30/statistical_replication_stage2_mcts_eval/.resume_state/20726036.eval_completed.jsonl
MAIN-VAL,validation_led,drone,on,534933607,normal20/70,12.0,16,16,16,16,complete_declared_budget,20559490,/home/hersco/training_new_domains/2026-08-24/statistical_replication_stage2_policy_eval/20523199_Ev_drone_drone_orig_vh_c.1_s534933607_SR10P_src20451797_e0086.txt,/home/hersco/training_new_domains/2026-08-25/statistical_replication_stage2_mcts_eval/20559490_Ev_drone_drone_mcts_orig_vh_e.5_c.1_s534933607_K0_SR10M_src20451797_e0086.txt,/home/hersco/training_new_domains/2026-08-25/statistical_replication_stage2_mcts_eval/.resume_state/20559490.eval_completed.jsonl
MAIN-VAL,validation_led,drone,on,923500475,normal20/70,6.0,14,14,14,19,complete_declared_budget,20726037,/home/hersco/training_new_domains/2026-08-22/statistical_replication_stage2_policy_eval/20488514_Ev_drone_drone_orig_vh_c.1_s923500475_SR10P_src20451798_e0030.txt,/home/hersco/training_new_domains/2026-08-30/statistical_replication_stage2_mcts_eval/20726037_Ev_drone_drone_mcts_orig_vh_e.5_c.1_s923500475_K0_SR10M_src20451798_e0030.txt,/home/hersco/training_new_domains/2026-08-30/statistical_replication_stage2_mcts_eval/.resume_state/20726037.eval_completed.jsonl
MAIN-VAL,validation_led,drone,on,1073581256,normal20/70,10.0,14,14,14,16,complete_declared_budget,20726038,/home/hersco/training_new_domains/2026-08-22/statistical_replication_stage2_policy_eval/20489071_Ev_drone_drone_orig_vh_c.1_s1073581256_SR10P_src20431946_e0035.txt,/home/hersco/training_new_domains/2026-08-30/statistical_replication_stage2_mcts_eval/20726038_Ev_drone_drone_mcts_orig_vh_e.5_c.1_s1073581256_K0_SR10M_src20431946_e0035.txt,/home/hersco/training_new_domains/2026-08-30/statistical_replication_stage2_mcts_eval/.resume_state/20726038.eval_completed.jsonl
MAIN-VAL,validation_led,drone,on,1239739722,normal20/70,3.0,9,9,9,17,complete_declared_budget,20726039,/home/hersco/training_new_domains/2026-08-21/statistical_replication_stage2_policy_eval/20464616_Ev_drone_drone_orig_vh_c.1_s1239739722_SR10P_src20430367_e0036.txt,/home/hersco/training_new_domains/2026-08-30/statistical_replication_stage2_mcts_eval/20726039_Ev_drone_drone_mcts_orig_vh_e.5_c.1_s1239739722_K0_SR10M_src20430367_e0036.txt,/home/hersco/training_new_domains/2026-08-30/statistical_replication_stage2_mcts_eval/.resume_state/20726039.eval_completed.jsonl
MAIN-VAL,validation_led,drone,on,1472491096,normal20/70,3.0,10,10,10,16,complete_declared_budget,20726040,/home/hersco/training_new_domains/2026-08-21/statistical_replication_stage2_policy_eval/20464617_Ev_drone_drone_orig_vh_c.1_s1472491096_SR10P_src20430368_e0000.txt,/home/hersco/training_new_domains/2026-08-30/statistical_replication_stage2_mcts_eval/20726040_Ev_drone_drone_mcts_orig_vh_e.5_c.1_s1472491096_K0_SR10M_src20430368_e0000.txt,/home/hersco/training_new_domains/2026-08-30/statistical_replication_stage2_mcts_eval/.resume_state/20726040.eval_completed.jsonl
MAIN-VAL,validation_led,drone,on,1510771779,normal20/70,4.0,9,9,9,16,complete_declared_budget,20726041,/home/hersco/training_new_domains/2026-08-21/statistical_replication_stage2_policy_eval/20464720_Ev_drone_drone_orig_vh_c.1_s1510771779_SR10P_src20430370_e0076.txt,/home/hersco/training_new_domains/2026-08-30/statistical_replication_stage2_mcts_eval/20726041_Ev_drone_drone_mcts_orig_vh_e.5_c.1_s1510771779_K0_SR10M_src20430370_e0076.txt,/home/hersco/training_new_domains/2026-08-30/statistical_replication_stage2_mcts_eval/.resume_state/20726041.eval_completed.jsonl
MAIN-VAL,validation_led,drone,on,1963100312,normal20/70,2.0,4,4,4,17,complete_declared_budget,20726042,/home/hersco/training_new_domains/2026-08-22/statistical_replication_stage2_policy_eval/20488120_Ev_drone_drone_orig_vh_c.1_s1963100312_SR10P_src20430365_e0021.txt,/home/hersco/training_new_domains/2026-08-30/statistical_replication_stage2_mcts_eval/20726042_Ev_drone_drone_mcts_orig_vh_e.5_c.1_s1963100312_K0_SR10M_src20430365_e0021.txt,/home/hersco/training_new_domains/2026-08-30/statistical_replication_stage2_mcts_eval/.resume_state/20726042.eval_completed.jsonl
MAIN-VAL,validation_led,drone,on,1972442430,normal20/70,3.0,12,13,13,18,complete_declared_budget,20726043,/home/hersco/training_new_domains/2026-08-21/statistical_replication_stage2_policy_eval/20464744_Ev_drone_drone_orig_vh_c.1_s1972442430_SR10P_src20430371_e0094.txt,/home/hersco/training_new_domains/2026-08-30/statistical_replication_stage2_mcts_eval/20726043_Ev_drone_drone_mcts_orig_vh_e.5_c.1_s1972442430_K0_SR10M_src20430371_e0094.txt,/home/hersco/training_new_domains/2026-08-30/statistical_replication_stage2_mcts_eval/.resume_state/20726043.eval_completed.jsonl
MAIN-VAL,validation_led,drone,on,2011206605,normal20/70,3.0,8,9,9,16,complete_declared_budget,20726044,/home/hersco/training_new_domains/2026-08-21/statistical_replication_stage2_policy_eval/20464574_Ev_drone_drone_orig_vh_c.1_s2011206605_SR10P_src20430366_e0000.txt,/home/hersco/training_new_domains/2026-08-30/statistical_replication_stage2_mcts_eval/20726044_Ev_drone_drone_mcts_orig_vh_e.5_c.1_s2011206605_K0_SR10M_src20430366_e0000.txt,/home/hersco/training_new_domains/2026-08-30/statistical_replication_stage2_mcts_eval/.resume_state/20726044.eval_completed.jsonl
MAIN-VAL,validation_led,drone,on,2082152039,normal20/70,4.0,13,14,14,16,complete_declared_budget,20726045,/home/hersco/training_new_domains/2026-08-21/statistical_replication_stage2_policy_eval/20464659_Ev_drone_drone_orig_vh_c.1_s2082152039_SR10P_src20430369_e0088.txt,/home/hersco/training_new_domains/2026-08-30/statistical_replication_stage2_mcts_eval/20726045_Ev_drone_drone_mcts_orig_vh_e.5_c.1_s2082152039_K0_SR10M_src20430369_e0088.txt,/home/hersco/training_new_domains/2026-08-30/statistical_replication_stage2_mcts_eval/.resume_state/20726045.eval_completed.jsonl
MAIN-VAL,validation_led,rover,off,534933607,normal20/70,4.0,4,4,4,,complete_declared_budget,20945820,/home/hersco/training_new_domains/2026-08-22/statistical_replication_stage2_policy_eval/20488387_Ev_rover_rover_orig_novh_c.1_s534933607_SR10P_src20430412_e0000.txt,/home/hersco/training_new_domains/2026-09-04/statistical_replication_stage2_mcts_eval/20945820_Ev_rover_rover_mcts_orig_novh_e.5_c.1_s534933607_K0_SR10M_src20430412_e0000.txt,/home/hersco/training_new_domains/2026-09-04/statistical_replication_stage2_mcts_eval/.resume_state/20945820.eval_completed.jsonl
MAIN-VAL,validation_led,rover,off,923500475,normal20/70,4.0,5,5,5,,complete_declared_budget,20944964,/home/hersco/training_new_domains/2026-08-22/statistical_replication_stage2_policy_eval/20488455_Ev_rover_rover_orig_novh_c.1_s923500475_SR10P_src20430415_e0000.txt,/home/hersco/training_new_domains/2026-09-04/statistical_replication_stage2_mcts_eval/20944964_Ev_rover_rover_mcts_orig_novh_e.5_c.1_s923500475_K0_SR10M_src20430415_e0000.txt,/home/hersco/training_new_domains/2026-09-04/statistical_replication_stage2_mcts_eval/.resume_state/20944964.eval_completed.jsonl
MAIN-VAL,validation_led,rover,off,1073581256,normal20/70,4.0,5,5,5,,complete_declared_budget,20943988,/home/hersco/training_new_domains/2026-08-22/statistical_replication_stage2_policy_eval/20488323_Ev_rover_rover_orig_novh_c.1_s1073581256_SR10P_src20430409_e0000.txt,/home/hersco/training_new_domains/2026-09-04/statistical_replication_stage2_mcts_eval/20943988_Ev_rover_rover_mcts_orig_novh_e.5_c.1_s1073581256_K0_SR10M_src20430409_e0000.txt,/home/hersco/training_new_domains/2026-09-04/statistical_replication_stage2_mcts_eval/.resume_state/20943988.eval_completed.jsonl
MAIN-VAL,validation_led,rover,off,1239739722,normal20/70,4.0,4,4,4,,complete_declared_budget,20945821,/home/hersco/training_new_domains/2026-08-22/statistical_replication_stage2_policy_eval/20488344_Ev_rover_rover_orig_novh_c.1_s1239739722_SR10P_src20430410_e0000.txt,/home/hersco/training_new_domains/2026-09-04/statistical_replication_stage2_mcts_eval/20945821_Ev_rover_rover_mcts_orig_novh_e.5_c.1_s1239739722_K0_SR10M_src20430410_e0000.txt,/home/hersco/training_new_domains/2026-09-04/statistical_replication_stage2_mcts_eval/.resume_state/20945821.eval_completed.jsonl
MAIN-VAL,validation_led,rover,off,1472491096,normal20/70,4.0,5,5,5,,complete_declared_budget,20945822,/home/hersco/training_new_domains/2026-08-22/statistical_replication_stage2_policy_eval/20488386_Ev_rover_rover_orig_novh_c.1_s1472491096_SR10P_src20430411_e0001.txt,/home/hersco/training_new_domains/2026-09-04/statistical_replication_stage2_mcts_eval/20945822_Ev_rover_rover_mcts_orig_novh_e.5_c.1_s1472491096_K0_SR10M_src20430411_e0001.txt,/home/hersco/training_new_domains/2026-09-04/statistical_replication_stage2_mcts_eval/.resume_state/20945822.eval_completed.jsonl
MAIN-VAL,validation_led,rover,off,1510771779,normal20/70,4.0,6,6,6,,complete_declared_budget,20945823,/home/hersco/training_new_domains/2026-08-22/statistical_replication_stage2_policy_eval/20488454_Ev_rover_rover_orig_novh_c.1_s1510771779_SR10P_src20430414_e0003.txt,/home/hersco/training_new_domains/2026-09-04/statistical_replication_stage2_mcts_eval/20945823_Ev_rover_rover_mcts_orig_novh_e.5_c.1_s1510771779_K0_SR10M_src20430414_e0003.txt,/home/hersco/training_new_domains/2026-09-04/statistical_replication_stage2_mcts_eval/.resume_state/20945823.eval_completed.jsonl
MAIN-VAL,validation_led,rover,off,1963100312,normal20/70,4.0,4,4,4,,complete_declared_budget,20945824,/home/hersco/training_new_domains/2026-08-22/statistical_replication_stage2_policy_eval/20488301_Ev_rover_rover_orig_novh_c.1_s1963100312_SR10P_src20430407_e0004.txt,/home/hersco/training_new_domains/2026-09-04/statistical_replication_stage2_mcts_eval/20945824_Ev_rover_rover_mcts_orig_novh_e.5_c.1_s1963100312_K0_SR10M_src20430407_e0004.txt,/home/hersco/training_new_domains/2026-09-04/statistical_replication_stage2_mcts_eval/.resume_state/20945824.eval_completed.jsonl
MAIN-VAL,validation_led,rover,off,1972442430,normal20/70,4.0,4,4,4,,complete_declared_budget,20559495,/home/hersco/training_new_domains/2026-08-24/statistical_replication_stage2_policy_eval/20523270_Ev_rover_rover_orig_novh_c.1_s1972442430_SR10P_src20451804_e0000.txt,/home/hersco/training_new_domains/2026-08-25/statistical_replication_stage2_mcts_eval/20559495_Ev_rover_rover_mcts_orig_novh_e.5_c.1_s1972442430_K0_SR10M_src20451804_e0000.txt,/home/hersco/training_new_domains/2026-08-25/statistical_replication_stage2_mcts_eval/.resume_state/20559495.eval_completed.jsonl
MAIN-VAL,validation_led,rover,off,2011206605,normal20/70,4.0,4,4,4,,complete_declared_budget,20945826,/home/hersco/training_new_domains/2026-08-22/statistical_replication_stage2_policy_eval/20488302_Ev_rover_rover_orig_novh_c.1_s2011206605_SR10P_src20430408_e0000.txt,/home/hersco/training_new_domains/2026-09-04/statistical_replication_stage2_mcts_eval/20945826_Ev_rover_rover_mcts_orig_novh_e.5_c.1_s2011206605_K0_SR10M_src20430408_e0000.txt,/home/hersco/training_new_domains/2026-09-04/statistical_replication_stage2_mcts_eval/.resume_state/20945826.eval_completed.jsonl
MAIN-VAL,validation_led,rover,off,2082152039,normal20/70,4.0,4,4,4,,complete_declared_budget,20943994,/home/hersco/training_new_domains/2026-08-22/statistical_replication_stage2_policy_eval/20488411_Ev_rover_rover_orig_novh_c.1_s2082152039_SR10P_src20430413_e0000.txt,/home/hersco/training_new_domains/2026-09-04/statistical_replication_stage2_mcts_eval/20943994_Ev_rover_rover_mcts_orig_novh_e.5_c.1_s2082152039_K0_SR10M_src20430413_e0000.txt,/home/hersco/training_new_domains/2026-09-04/statistical_replication_stage2_mcts_eval/.resume_state/20943994.eval_completed.jsonl
MAIN-VAL,validation_led,rover,on,534933607,normal20/70,4.0,4,4,4,,complete_declared_budget,20943995,/home/hersco/training_new_domains/2026-08-22/statistical_replication_stage2_policy_eval/20488180_Ev_rover_rover_orig_vh_c.1_s534933607_SR10P_src20430402_e0025.txt,/home/hersco/training_new_domains/2026-09-04/statistical_replication_stage2_mcts_eval/20943995_Ev_rover_rover_mcts_orig_vh_e.5_c.1_s534933607_K0_SR10M_src20430402_e0025.txt,/home/hersco/training_new_domains/2026-09-04/statistical_replication_stage2_mcts_eval/.resume_state/20943995.eval_completed.jsonl
MAIN-VAL,validation_led,rover,on,923500475,normal20/70,1.0,3,3,3,,complete_declared_budget,20945827,/home/hersco/training_new_domains/2026-08-26/statistical_replication_stage2_policy_eval/20594483_Ev_rover_rover_orig_vh_c.1_s923500475_SR10P_src20430405_e0002.txt,/home/hersco/training_new_domains/2026-09-04/statistical_replication_stage2_mcts_eval/20945827_Ev_rover_rover_mcts_orig_vh_e.5_c.1_s923500475_K0_SR10M_src20430405_e0002.txt,/home/hersco/training_new_domains/2026-09-04/statistical_replication_stage2_mcts_eval/.resume_state/20945827.eval_completed.jsonl
MAIN-VAL,validation_led,rover,on,1073581256,normal20/70,4.0,4,5,5,,complete_declared_budget,20944971,/home/hersco/training_new_domains/2026-08-22/statistical_replication_stage2_policy_eval/20488121_Ev_rover_rover_orig_vh_c.1_s1073581256_SR10P_src20430399_e0000.txt,/home/hersco/training_new_domains/2026-09-04/statistical_replication_stage2_mcts_eval/20944971_Ev_rover_rover_mcts_orig_vh_e.5_c.1_s1073581256_K0_SR10M_src20430399_e0000.txt,/home/hersco/training_new_domains/2026-09-04/statistical_replication_stage2_mcts_eval/.resume_state/20944971.eval_completed.jsonl
MAIN-VAL,validation_led,rover,on,1239739722,normal20/70,4.0,4,4,4,,complete_declared_budget,20944972,/home/hersco/training_new_domains/2026-08-21/statistical_replication_stage2_policy_eval/20465010_Ev_rover_rover_orig_vh_c.1_s1239739722_SR10P_src20430400_e0000.txt,/home/hersco/training_new_domains/2026-09-04/statistical_replication_stage2_mcts_eval/20944972_Ev_rover_rover_mcts_orig_vh_e.5_c.1_s1239739722_K0_SR10M_src20430400_e0000.txt,/home/hersco/training_new_domains/2026-09-04/statistical_replication_stage2_mcts_eval/.resume_state/20944972.eval_completed.jsonl
MAIN-VAL,validation_led,rover,on,1472491096,normal20/70,4.0,6,6,6,,complete_declared_budget,20943999,/home/hersco/training_new_domains/2026-08-22/statistical_replication_stage2_policy_eval/20488144_Ev_rover_rover_orig_vh_c.1_s1472491096_SR10P_src20430401_e0000.txt,/home/hersco/training_new_domains/2026-09-04/statistical_replication_stage2_mcts_eval/20943999_Ev_rover_rover_mcts_orig_vh_e.5_c.1_s1472491096_K0_SR10M_src20430401_e0000.txt,/home/hersco/training_new_domains/2026-09-04/statistical_replication_stage2_mcts_eval/.resume_state/20943999.eval_completed.jsonl
MAIN-VAL,validation_led,rover,on,1510771779,normal20/70,4.0,5,5,5,,complete_declared_budget,20946113,/home/hersco/training_new_domains/2026-08-22/statistical_replication_stage2_policy_eval/20488217_Ev_rover_rover_orig_vh_c.1_s1510771779_SR10P_src20430404_e0000.txt,/home/hersco/training_new_domains/2026-09-04/statistical_replication_stage2_mcts_eval/20946113_Ev_rover_rover_mcts_orig_vh_e.5_c.1_s1510771779_K0_SR10M_src20430404_e0000.txt,/home/hersco/training_new_domains/2026-09-04/statistical_replication_stage2_mcts_eval/.resume_state/20946113.eval_completed.jsonl
MAIN-VAL,validation_led,rover,on,1963100312,normal20/70,4.0,5,5,5,,complete_declared_budget,20944001,/home/hersco/training_new_domains/2026-08-21/statistical_replication_stage2_policy_eval/20464936_Ev_rover_rover_orig_vh_c.1_s1963100312_SR10P_src20430397_e0001.txt,/home/hersco/training_new_domains/2026-09-04/statistical_replication_stage2_mcts_eval/20944001_Ev_rover_rover_mcts_orig_vh_e.5_c.1_s1963100312_K0_SR10M_src20430397_e0001.txt,/home/hersco/training_new_domains/2026-09-04/statistical_replication_stage2_mcts_eval/.resume_state/20944001.eval_completed.jsonl
MAIN-VAL,validation_led,rover,on,1972442430,normal20/70,5.0,5,5,5,,complete_declared_budget,20946114,/home/hersco/training_new_domains/2026-08-22/statistical_replication_stage2_policy_eval/20488238_Ev_rover_rover_orig_vh_c.1_s1972442430_SR10P_src20430406_e0000.txt,/home/hersco/training_new_domains/2026-09-04/statistical_replication_stage2_mcts_eval/20946114_Ev_rover_rover_mcts_orig_vh_e.5_c.1_s1972442430_K0_SR10M_src20430406_e0000.txt,/home/hersco/training_new_domains/2026-09-04/statistical_replication_stage2_mcts_eval/.resume_state/20946114.eval_completed.jsonl
MAIN-VAL,validation_led,rover,on,2011206605,normal20/70,5.0,4,4,4,,complete_declared_budget,20946115,/home/hersco/training_new_domains/2026-08-21/statistical_replication_stage2_policy_eval/20465009_Ev_rover_rover_orig_vh_c.1_s2011206605_SR10P_src20430398_e0031.txt,/home/hersco/training_new_domains/2026-09-04/statistical_replication_stage2_mcts_eval/20946115_Ev_rover_rover_mcts_orig_vh_e.5_c.1_s2011206605_K0_SR10M_src20430398_e0031.txt,/home/hersco/training_new_domains/2026-09-04/statistical_replication_stage2_mcts_eval/.resume_state/20946115.eval_completed.jsonl
MAIN-VAL,validation_led,rover,on,2082152039,normal20/70,4.0,4,4,4,,complete_declared_budget,20944004,/home/hersco/training_new_domains/2026-08-22/statistical_replication_stage2_policy_eval/20488196_Ev_rover_rover_orig_vh_c.1_s2082152039_SR10P_src20430403_e0000.txt,/home/hersco/training_new_domains/2026-09-04/statistical_replication_stage2_mcts_eval/20944004_Ev_rover_rover_mcts_orig_vh_e.5_c.1_s2082152039_K0_SR10M_src20430403_e0000.txt,/home/hersco/training_new_domains/2026-09-04/statistical_replication_stage2_mcts_eval/.resume_state/20944004.eval_completed.jsonl
