array_index,manifest_id,lineage_task,value_head,seed,snapshot_epoch,source_checkpoint_ref,source_checkpoint_sha256,source_training_job_id,validation_module,validation_manifest_sha256,validation_module_sha256,ready_manifest_sha256,code_commit
0,mprime-final-s2-off-534933607-phase-b-a-rescore,0,off,534933607,40,"/home/hersco/bershco-nu-asnets/numeric-asnets/asnets/experiment-results/experiments_numeric.domain.mprime-experiments_numeric.architecture_2.mprime_mcts-2026-09-15T10:25:49.004947/P[domain,pfile01,pfile02,pfile04,pfile05]-S[0.0003,50,enhsp-hmrp-ha-gbfs]-MO[]-T[518400]-04942420-3c74d66/snapshots/snapshot_40_1.0000",79c3904451955d2cea44c81823394dc0e90800e41f35cc6b7f2ae407ffd24804,21303717,mprime_phase_b_20260906_0,3ab7f0ee1ed8b0bb2f799eaf8b7b917c1be713b99b8e331b98b1bd0cb0942bd9,e032085fa2c1b0a25d6ae0235a642974e87d5e1c3894f4dd20fc68bdc63879d9,5fa02096ba6250802d804ec3d7bf6acd61eca930bd8baffd441f4b73bce92142,ef274cd23605de815800656c97b360ee7ff584b8
1,mprime-final-s2-off-534933607-phase-b-a-rescore,0,off,534933607,45,"/home/hersco/bershco-nu-asnets/numeric-asnets/asnets/experiment-results/experiments_numeric.domain.mprime-experiments_numeric.architecture_2.mprime_mcts-2026-09-15T10:25:49.004947/P[domain,pfile01,pfile02,pfile04,pfile05]-S[0.0003,50,enhsp-hmrp-ha-gbfs]-MO[]-T[518400]-04942420-3c74d66/snapshots/snapshot_45_1.0000",64551ae21e4d78ca71c3973bfe4af6ae8704c032aeea90f2bc05a24802cd3a87,21303717,mprime_phase_b_20260906_0,3ab7f0ee1ed8b0bb2f799eaf8b7b917c1be713b99b8e331b98b1bd0cb0942bd9,e032085fa2c1b0a25d6ae0235a642974e87d5e1c3894f4dd20fc68bdc63879d9,5fa02096ba6250802d804ec3d7bf6acd61eca930bd8baffd441f4b73bce92142,ef274cd23605de815800656c97b360ee7ff584b8
2,mprime-final-s2-off-534933607-phase-b-a-rescore,0,off,534933607,50,"/home/hersco/bershco-nu-asnets/numeric-asnets/asnets/experiment-results/experiments_numeric.domain.mprime-experiments_numeric.architecture_2.mprime_mcts-2026-09-15T10:25:49.004947/P[domain,pfile01,pfile02,pfile04,pfile05]-S[0.0003,50,enhsp-hmrp-ha-gbfs]-MO[]-T[518400]-04942420-3c74d66/snapshots/snapshot_50_1.0000",a950873b12edd3450b584b4f2de795834e3ab5b9f2dcd8c19a63c289bf1bb966,21303717,mprime_phase_b_20260906_0,3ab7f0ee1ed8b0bb2f799eaf8b7b917c1be713b99b8e331b98b1bd0cb0942bd9,e032085fa2c1b0a25d6ae0235a642974e87d5e1c3894f4dd20fc68bdc63879d9,5fa02096ba6250802d804ec3d7bf6acd61eca930bd8baffd441f4b73bce92142,ef274cd23605de815800656c97b360ee7ff584b8
3,mprime-final-s2-off-534933607-phase-b-a-rescore,0,off,534933607,55,"/home/hersco/bershco-nu-asnets/numeric-asnets/asnets/experiment-results/experiments_numeric.domain.mprime-experiments_numeric.architecture_2.mprime_mcts-2026-09-15T10:25:49.004947/P[domain,pfile01,pfile02,pfile04,pfile05]-S[0.0003,50,enhsp-hmrp-ha-gbfs]-MO[]-T[518400]-04942420-3c74d66/snapshots/snapshot_55_1.0000",0731a7e9809f6e1731c32ddc66815fec1bf5be92a43a24044c0b583d51eb4908,21303717,mprime_phase_b_20260906_0,3ab7f0ee1ed8b0bb2f799eaf8b7b917c1be713b99b8e331b98b1bd0cb0942bd9,e032085fa2c1b0a25d6ae0235a642974e87d5e1c3894f4dd20fc68bdc63879d9,5fa02096ba6250802d804ec3d7bf6acd61eca930bd8baffd441f4b73bce92142,ef274cd23605de815800656c97b360ee7ff584b8
4,mprime-final-s2-off-534933607-phase-b-a-rescore,0,off,534933607,60,"/home/hersco/bershco-nu-asnets/numeric-asnets/asnets/experiment-results/experiments_numeric.domain.mprime-experiments_numeric.architecture_2.mprime_mcts-2026-09-15T10:25:49.004947/P[domain,pfile01,pfile02,pfile04,pfile05]-S[0.0003,50,enhsp-hmrp-ha-gbfs]-MO[]-T[518400]-04942420-3c74d66/snapshots/snapshot_60_1.0000",0e30b96a3343cd6d27f3f062d106bd33e15f19f1384cd4b7f375f88baea30ccd,21303717,mprime_phase_b_20260906_0,3ab7f0ee1ed8b0bb2f799eaf8b7b917c1be713b99b8e331b98b1bd0cb0942bd9,e032085fa2c1b0a25d6ae0235a642974e87d5e1c3894f4dd20fc68bdc63879d9,5fa02096ba6250802d804ec3d7bf6acd61eca930bd8baffd441f4b73bce92142,ef274cd23605de815800656c97b360ee7ff584b8
5,mprime-final-s2-off-534933607-phase-b-a-rescore,0,off,534933607,65,"/home/hersco/bershco-nu-asnets/numeric-asnets/asnets/experiment-results/experiments_numeric.domain.mprime-experiments_numeric.architecture_2.mprime_mcts-2026-09-15T10:25:49.004947/P[domain,pfile01,pfile02,pfile04,pfile05]-S[0.0003,50,enhsp-hmrp-ha-gbfs]-MO[]-T[518400]-04942420-3c74d66/snapshots/snapshot_65_1.0000",1d03012239d0941be9429eb61087b9bcf77a2e00101e248267ba81d1419e4ef8,21303717,mprime_phase_b_20260906_0,3ab7f0ee1ed8b0bb2f799eaf8b7b917c1be713b99b8e331b98b1bd0cb0942bd9,e032085fa2c1b0a25d6ae0235a642974e87d5e1c3894f4dd20fc68bdc63879d9,5fa02096ba6250802d804ec3d7bf6acd61eca930bd8baffd441f4b73bce92142,ef274cd23605de815800656c97b360ee7ff584b8
6,mprime-final-s2-off-534933607-phase-b-a-rescore,0,off,534933607,70,"/home/hersco/bershco-nu-asnets/numeric-asnets/asnets/experiment-results/experiments_numeric.domain.mprime-experiments_numeric.architecture_2.mprime_mcts-2026-09-15T10:25:49.004947/P[domain,pfile01,pfile02,pfile04,pfile05]-S[0.0003,50,enhsp-hmrp-ha-gbfs]-MO[]-T[518400]-04942420-3c74d66/snapshots/snapshot_70_1.0000",65fde1fee381ecd6b7e51b8385feb67e522c08405f88d20e13ba5bc074c4a981,21303717,mprime_phase_b_20260906_0,3ab7f0ee1ed8b0bb2f799eaf8b7b917c1be713b99b8e331b98b1bd0cb0942bd9,e032085fa2c1b0a25d6ae0235a642974e87d5e1c3894f4dd20fc68bdc63879d9,5fa02096ba6250802d804ec3d7bf6acd61eca930bd8baffd441f4b73bce92142,ef274cd23605de815800656c97b360ee7ff584b8
7,mprime-final-s2-off-534933607-phase-b-a-rescore,0,off,534933607,75,"/home/hersco/bershco-nu-asnets/numeric-asnets/asnets/experiment-results/experiments_numeric.domain.mprime-experiments_numeric.architecture_2.mprime_mcts-2026-09-15T10:25:49.004947/P[domain,pfile01,pfile02,pfile04,pfile05]-S[0.0003,50,enhsp-hmrp-ha-gbfs]-MO[]-T[518400]-04942420-3c74d66/snapshots/snapshot_75_1.0000",3f2ed64831783f215f0cde24eb0289ca567a09786068870a4118ad6c71a584f3,21303717,mprime_phase_b_20260906_0,3ab7f0ee1ed8b0bb2f799eaf8b7b917c1be713b99b8e331b98b1bd0cb0942bd9,e032085fa2c1b0a25d6ae0235a642974e87d5e1c3894f4dd20fc68bdc63879d9,5fa02096ba6250802d804ec3d7bf6acd61eca930bd8baffd441f4b73bce92142,ef274cd23605de815800656c97b360ee7ff584b8
8,mprime-final-s2-off-534933607-phase-b-a-rescore,0,off,534933607,80,"/home/hersco/bershco-nu-asnets/numeric-asnets/asnets/experiment-results/experiments_numeric.domain.mprime-experiments_numeric.architecture_2.mprime_mcts-2026-09-15T10:25:49.004947/P[domain,pfile01,pfile02,pfile04,pfile05]-S[0.0003,50,enhsp-hmrp-ha-gbfs]-MO[]-T[518400]-04942420-3c74d66/snapshots/snapshot_80_1.0000",e406d0a69bbef3565b8f662d56fb646031e9cf28402a70c4ef71355ef912e49a,21303717,mprime_phase_b_20260906_0,3ab7f0ee1ed8b0bb2f799eaf8b7b917c1be713b99b8e331b98b1bd0cb0942bd9,e032085fa2c1b0a25d6ae0235a642974e87d5e1c3894f4dd20fc68bdc63879d9,5fa02096ba6250802d804ec3d7bf6acd61eca930bd8baffd441f4b73bce92142,ef274cd23605de815800656c97b360ee7ff584b8
9,mprime-final-s2-off-534933607-phase-b-a-rescore,0,off,534933607,85,"/home/hersco/bershco-nu-asnets/numeric-asnets/asnets/experiment-results/experiments_numeric.domain.mprime-experiments_numeric.architecture_2.mprime_mcts-2026-09-15T10:25:49.004947/P[domain,pfile01,pfile02,pfile04,pfile05]-S[0.0003,50,enhsp-hmrp-ha-gbfs]-MO[]-T[518400]-04942420-3c74d66/snapshots/snapshot_85_1.0000",b0f3b285114fec0375e54f075d232475d4452eadd1a9e4ffc8eeaeb2dc5d25d1,21303717,mprime_phase_b_20260906_0,3ab7f0ee1ed8b0bb2f799eaf8b7b917c1be713b99b8e331b98b1bd0cb0942bd9,e032085fa2c1b0a25d6ae0235a642974e87d5e1c3894f4dd20fc68bdc63879d9,5fa02096ba6250802d804ec3d7bf6acd61eca930bd8baffd441f4b73bce92142,ef274cd23605de815800656c97b360ee7ff584b8
10,mprime-final-s2-off-534933607-phase-b-a-rescore,0,off,534933607,90,"/home/hersco/bershco-nu-asnets/numeric-asnets/asnets/experiment-results/experiments_numeric.domain.mprime-experiments_numeric.architecture_2.mprime_mcts-2026-09-15T10:25:49.004947/P[domain,pfile01,pfile02,pfile04,pfile05]-S[0.0003,50,enhsp-hmrp-ha-gbfs]-MO[]-T[518400]-04942420-3c74d66/snapshots/snapshot_90_1.0000",2264c495d09de468714bbc02e1fe2e26bf2354fcbbe1ee207515c5a04b69334e,21303717,mprime_phase_b_20260906_0,3ab7f0ee1ed8b0bb2f799eaf8b7b917c1be713b99b8e331b98b1bd0cb0942bd9,e032085fa2c1b0a25d6ae0235a642974e87d5e1c3894f4dd20fc68bdc63879d9,5fa02096ba6250802d804ec3d7bf6acd61eca930bd8baffd441f4b73bce92142,ef274cd23605de815800656c97b360ee7ff584b8
11,mprime-final-s2-off-534933607-phase-b-a-rescore,0,off,534933607,95,"/home/hersco/bershco-nu-asnets/numeric-asnets/asnets/experiment-results/experiments_numeric.domain.mprime-experiments_numeric.architecture_2.mprime_mcts-2026-09-15T10:25:49.004947/P[domain,pfile01,pfile02,pfile04,pfile05]-S[0.0003,50,enhsp-hmrp-ha-gbfs]-MO[]-T[518400]-04942420-3c74d66/snapshots/snapshot_95_1.0000",fbd10d7011f52b73dab523a3d14b4857cbf16d0ef48e94fcb1e2dc92bb0aee12,21303717,mprime_phase_b_20260906_0,3ab7f0ee1ed8b0bb2f799eaf8b7b917c1be713b99b8e331b98b1bd0cb0942bd9,e032085fa2c1b0a25d6ae0235a642974e87d5e1c3894f4dd20fc68bdc63879d9,5fa02096ba6250802d804ec3d7bf6acd61eca930bd8baffd441f4b73bce92142,ef274cd23605de815800656c97b360ee7ff584b8
12,mprime-final-s2-off-534933607-phase-b-a-rescore,0,off,534933607,99,"/home/hersco/bershco-nu-asnets/numeric-asnets/asnets/experiment-results/experiments_numeric.domain.mprime-experiments_numeric.architecture_2.mprime_mcts-2026-09-15T10:25:49.004947/P[domain,pfile01,pfile02,pfile04,pfile05]-S[0.0003,50,enhsp-hmrp-ha-gbfs]-MO[]-T[518400]-04942420-3c74d66/snapshots/snapshot_99_1.0000",ea396d600c258a273ce466d010510117e8fe25947d15290fe2a9494d938f2140,21303717,mprime_phase_b_20260906_0,3ab7f0ee1ed8b0bb2f799eaf8b7b917c1be713b99b8e331b98b1bd0cb0942bd9,e032085fa2c1b0a25d6ae0235a642974e87d5e1c3894f4dd20fc68bdc63879d9,5fa02096ba6250802d804ec3d7bf6acd61eca930bd8baffd441f4b73bce92142,ef274cd23605de815800656c97b360ee7ff584b8
13,mprime-final-s2-off-923500475-phase-b-a-rescore,1,off,923500475,20,"/home/hersco/bershco-nu-asnets/numeric-asnets/asnets/experiment-results/experiments_numeric.domain.mprime-experiments_numeric.architecture_2.mprime_mcts-2026-09-15T10:25:43.353247/P[domain,pfile01,pfile02,pfile04,pfile05]-S[0.0003,50,enhsp-hmrp-ha-gbfs]-MO[]-T[518400]-04942419-5194f74/snapshots/snapshot_20_1.0000",3bf5bf3da7591068de127dfcef921825060a8d3ae6456dd3b1bba31409b02f7a,21303718,mprime_phase_b_20260906_0,3ab7f0ee1ed8b0bb2f799eaf8b7b917c1be713b99b8e331b98b1bd0cb0942bd9,e032085fa2c1b0a25d6ae0235a642974e87d5e1c3894f4dd20fc68bdc63879d9,5fa02096ba6250802d804ec3d7bf6acd61eca930bd8baffd441f4b73bce92142,ef274cd23605de815800656c97b360ee7ff584b8
14,mprime-final-s2-off-923500475-phase-b-a-rescore,1,off,923500475,25,"/home/hersco/bershco-nu-asnets/numeric-asnets/asnets/experiment-results/experiments_numeric.domain.mprime-experiments_numeric.architecture_2.mprime_mcts-2026-09-15T10:25:43.353247/P[domain,pfile01,pfile02,pfile04,pfile05]-S[0.0003,50,enhsp-hmrp-ha-gbfs]-MO[]-T[518400]-04942419-5194f74/snapshots/snapshot_25_1.0000",736bea82bc99456b85da722a9c173b0cc434c86b10db8d55cebf6cf1adef87ab,21303718,mprime_phase_b_20260906_0,3ab7f0ee1ed8b0bb2f799eaf8b7b917c1be713b99b8e331b98b1bd0cb0942bd9,e032085fa2c1b0a25d6ae0235a642974e87d5e1c3894f4dd20fc68bdc63879d9,5fa02096ba6250802d804ec3d7bf6acd61eca930bd8baffd441f4b73bce92142,ef274cd23605de815800656c97b360ee7ff584b8
15,mprime-final-s2-off-923500475-phase-b-a-rescore,1,off,923500475,30,"/home/hersco/bershco-nu-asnets/numeric-asnets/asnets/experiment-results/experiments_numeric.domain.mprime-experiments_numeric.architecture_2.mprime_mcts-2026-09-15T10:25:43.353247/P[domain,pfile01,pfile02,pfile04,pfile05]-S[0.0003,50,enhsp-hmrp-ha-gbfs]-MO[]-T[518400]-04942419-5194f74/snapshots/snapshot_30_1.0000",b11d1bf819cdaf0756299fb378d1ea266b4ac8ff454dab3dbb07b5cea776a178,21303718,mprime_phase_b_20260906_0,3ab7f0ee1ed8b0bb2f799eaf8b7b917c1be713b99b8e331b98b1bd0cb0942bd9,e032085fa2c1b0a25d6ae0235a642974e87d5e1c3894f4dd20fc68bdc63879d9,5fa02096ba6250802d804ec3d7bf6acd61eca930bd8baffd441f4b73bce92142,ef274cd23605de815800656c97b360ee7ff584b8
16,mprime-final-s2-off-923500475-phase-b-a-rescore,1,off,923500475,35,"/home/hersco/bershco-nu-asnets/numeric-asnets/asnets/experiment-results/experiments_numeric.domain.mprime-experiments_numeric.architecture_2.mprime_mcts-2026-09-15T10:25:43.353247/P[domain,pfile01,pfile02,pfile04,pfile05]-S[0.0003,50,enhsp-hmrp-ha-gbfs]-MO[]-T[518400]-04942419-5194f74/snapshots/snapshot_35_1.0000",5e48d5b54f5e6b8124ab4b0bf7aee2016a57999c743a36f20e0e03b88a72620e,21303718,mprime_phase_b_20260906_0,3ab7f0ee1ed8b0bb2f799eaf8b7b917c1be713b99b8e331b98b1bd0cb0942bd9,e032085fa2c1b0a25d6ae0235a642974e87d5e1c3894f4dd20fc68bdc63879d9,5fa02096ba6250802d804ec3d7bf6acd61eca930bd8baffd441f4b73bce92142,ef274cd23605de815800656c97b360ee7ff584b8
17,mprime-final-s2-off-923500475-phase-b-a-rescore,1,off,923500475,40,"/home/hersco/bershco-nu-asnets/numeric-asnets/asnets/experiment-results/experiments_numeric.domain.mprime-experiments_numeric.architecture_2.mprime_mcts-2026-09-15T10:25:43.353247/P[domain,pfile01,pfile02,pfile04,pfile05]-S[0.0003,50,enhsp-hmrp-ha-gbfs]-MO[]-T[518400]-04942419-5194f74/snapshots/snapshot_40_1.0000",87f31df19b273bca200def0e57625ad3e82623b4d313573134960f323b80409c,21303718,mprime_phase_b_20260906_0,3ab7f0ee1ed8b0bb2f799eaf8b7b917c1be713b99b8e331b98b1bd0cb0942bd9,e032085fa2c1b0a25d6ae0235a642974e87d5e1c3894f4dd20fc68bdc63879d9,5fa02096ba6250802d804ec3d7bf6acd61eca930bd8baffd441f4b73bce92142,ef274cd23605de815800656c97b360ee7ff584b8
18,mprime-final-s2-off-923500475-phase-b-a-rescore,1,off,923500475,45,"/home/hersco/bershco-nu-asnets/numeric-asnets/asnets/experiment-results/experiments_numeric.domain.mprime-experiments_numeric.architecture_2.mprime_mcts-2026-09-15T10:25:43.353247/P[domain,pfile01,pfile02,pfile04,pfile05]-S[0.0003,50,enhsp-hmrp-ha-gbfs]-MO[]-T[518400]-04942419-5194f74/snapshots/snapshot_45_1.0000",a1d784342b599ae7271913a7c325ad47f16a2f8dc4a95bfa568fc997641a0c0f,21303718,mprime_phase_b_20260906_0,3ab7f0ee1ed8b0bb2f799eaf8b7b917c1be713b99b8e331b98b1bd0cb0942bd9,e032085fa2c1b0a25d6ae0235a642974e87d5e1c3894f4dd20fc68bdc63879d9,5fa02096ba6250802d804ec3d7bf6acd61eca930bd8baffd441f4b73bce92142,ef274cd23605de815800656c97b360ee7ff584b8
19,mprime-final-s2-off-923500475-phase-b-a-rescore,1,off,923500475,50,"/home/hersco/bershco-nu-asnets/numeric-asnets/asnets/experiment-results/experiments_numeric.domain.mprime-experiments_numeric.architecture_2.mprime_mcts-2026-09-15T10:25:43.353247/P[domain,pfile01,pfile02,pfile04,pfile05]-S[0.0003,50,enhsp-hmrp-ha-gbfs]-MO[]-T[518400]-04942419-5194f74/snapshots/snapshot_50_1.0000",174d294d692b2650a21b393a7540dff8f691f7d06f0a68bc4c0c14bde02aa60f,21303718,mprime_phase_b_20260906_0,3ab7f0ee1ed8b0bb2f799eaf8b7b917c1be713b99b8e331b98b1bd0cb0942bd9,e032085fa2c1b0a25d6ae0235a642974e87d5e1c3894f4dd20fc68bdc63879d9,5fa02096ba6250802d804ec3d7bf6acd61eca930bd8baffd441f4b73bce92142,ef274cd23605de815800656c97b360ee7ff584b8
20,mprime-final-s2-off-923500475-phase-b-a-rescore,1,off,923500475,55,"/home/hersco/bershco-nu-asnets/numeric-asnets/asnets/experiment-results/experiments_numeric.domain.mprime-experiments_numeric.architecture_2.mprime_mcts-2026-09-15T10:25:43.353247/P[domain,pfile01,pfile02,pfile04,pfile05]-S[0.0003,50,enhsp-hmrp-ha-gbfs]-MO[]-T[518400]-04942419-5194f74/snapshots/snapshot_55_1.0000",9a124e986dff9dd80f35088e6f2640f5336e910b09c6240258cd12e2823c5082,21303718,mprime_phase_b_20260906_0,3ab7f0ee1ed8b0bb2f799eaf8b7b917c1be713b99b8e331b98b1bd0cb0942bd9,e032085fa2c1b0a25d6ae0235a642974e87d5e1c3894f4dd20fc68bdc63879d9,5fa02096ba6250802d804ec3d7bf6acd61eca930bd8baffd441f4b73bce92142,ef274cd23605de815800656c97b360ee7ff584b8
21,mprime-final-s2-off-923500475-phase-b-a-rescore,1,off,923500475,60,"/home/hersco/bershco-nu-asnets/numeric-asnets/asnets/experiment-results/experiments_numeric.domain.mprime-experiments_numeric.architecture_2.mprime_mcts-2026-09-15T10:25:43.353247/P[domain,pfile01,pfile02,pfile04,pfile05]-S[0.0003,50,enhsp-hmrp-ha-gbfs]-MO[]-T[518400]-04942419-5194f74/snapshots/snapshot_60_1.0000",b7707f9802bb1bb4a8e4e8986f8a22a3da8eb6eb09fb45f879bf2d300848d47d,21303718,mprime_phase_b_20260906_0,3ab7f0ee1ed8b0bb2f799eaf8b7b917c1be713b99b8e331b98b1bd0cb0942bd9,e032085fa2c1b0a25d6ae0235a642974e87d5e1c3894f4dd20fc68bdc63879d9,5fa02096ba6250802d804ec3d7bf6acd61eca930bd8baffd441f4b73bce92142,ef274cd23605de815800656c97b360ee7ff584b8
22,mprime-final-s2-off-923500475-phase-b-a-rescore,1,off,923500475,65,"/home/hersco/bershco-nu-asnets/numeric-asnets/asnets/experiment-results/experiments_numeric.domain.mprime-experiments_numeric.architecture_2.mprime_mcts-2026-09-15T10:25:43.353247/P[domain,pfile01,pfile02,pfile04,pfile05]-S[0.0003,50,enhsp-hmrp-ha-gbfs]-MO[]-T[518400]-04942419-5194f74/snapshots/snapshot_65_1.0000",0b26eaa63df6b27d94fb3781a6c2efe643fb9988fe0bff43750ed078ae586477,21303718,mprime_phase_b_20260906_0,3ab7f0ee1ed8b0bb2f799eaf8b7b917c1be713b99b8e331b98b1bd0cb0942bd9,e032085fa2c1b0a25d6ae0235a642974e87d5e1c3894f4dd20fc68bdc63879d9,5fa02096ba6250802d804ec3d7bf6acd61eca930bd8baffd441f4b73bce92142,ef274cd23605de815800656c97b360ee7ff584b8
23,mprime-final-s2-off-923500475-phase-b-a-rescore,1,off,923500475,70,"/home/hersco/bershco-nu-asnets/numeric-asnets/asnets/experiment-results/experiments_numeric.domain.mprime-experiments_numeric.architecture_2.mprime_mcts-2026-09-15T10:25:43.353247/P[domain,pfile01,pfile02,pfile04,pfile05]-S[0.0003,50,enhsp-hmrp-ha-gbfs]-MO[]-T[518400]-04942419-5194f74/snapshots/snapshot_70_1.0000",4bf5ef63adc3b6bdf7c35bcf4d1de726383dd57e150a889e8d600573d363927a,21303718,mprime_phase_b_20260906_0,3ab7f0ee1ed8b0bb2f799eaf8b7b917c1be713b99b8e331b98b1bd0cb0942bd9,e032085fa2c1b0a25d6ae0235a642974e87d5e1c3894f4dd20fc68bdc63879d9,5fa02096ba6250802d804ec3d7bf6acd61eca930bd8baffd441f4b73bce92142,ef274cd23605de815800656c97b360ee7ff584b8
24,mprime-final-s2-off-923500475-phase-b-a-rescore,1,off,923500475,75,"/home/hersco/bershco-nu-asnets/numeric-asnets/asnets/experiment-results/experiments_numeric.domain.mprime-experiments_numeric.architecture_2.mprime_mcts-2026-09-15T10:25:43.353247/P[domain,pfile01,pfile02,pfile04,pfile05]-S[0.0003,50,enhsp-hmrp-ha-gbfs]-MO[]-T[518400]-04942419-5194f74/snapshots/snapshot_75_1.0000",ceee83838a3d844d75807356789ec7106014120fac7abd9849287302fa3b3698,21303718,mprime_phase_b_20260906_0,3ab7f0ee1ed8b0bb2f799eaf8b7b917c1be713b99b8e331b98b1bd0cb0942bd9,e032085fa2c1b0a25d6ae0235a642974e87d5e1c3894f4dd20fc68bdc63879d9,5fa02096ba6250802d804ec3d7bf6acd61eca930bd8baffd441f4b73bce92142,ef274cd23605de815800656c97b360ee7ff584b8
25,mprime-final-s2-off-923500475-phase-b-a-rescore,1,off,923500475,80,"/home/hersco/bershco-nu-asnets/numeric-asnets/asnets/experiment-results/experiments_numeric.domain.mprime-experiments_numeric.architecture_2.mprime_mcts-2026-09-15T10:25:43.353247/P[domain,pfile01,pfile02,pfile04,pfile05]-S[0.0003,50,enhsp-hmrp-ha-gbfs]-MO[]-T[518400]-04942419-5194f74/snapshots/snapshot_80_1.0000",d60193048207711db25e3864bae04ebb1ed346d1b2fe2af1bb44cd220ccac714,21303718,mprime_phase_b_20260906_0,3ab7f0ee1ed8b0bb2f799eaf8b7b917c1be713b99b8e331b98b1bd0cb0942bd9,e032085fa2c1b0a25d6ae0235a642974e87d5e1c3894f4dd20fc68bdc63879d9,5fa02096ba6250802d804ec3d7bf6acd61eca930bd8baffd441f4b73bce92142,ef274cd23605de815800656c97b360ee7ff584b8
26,mprime-final-s2-off-923500475-phase-b-a-rescore,1,off,923500475,85,"/home/hersco/bershco-nu-asnets/numeric-asnets/asnets/experiment-results/experiments_numeric.domain.mprime-experiments_numeric.architecture_2.mprime_mcts-2026-09-15T10:25:43.353247/P[domain,pfile01,pfile02,pfile04,pfile05]-S[0.0003,50,enhsp-hmrp-ha-gbfs]-MO[]-T[518400]-04942419-5194f74/snapshots/snapshot_85_1.0000",0b0b66c39c34857e2e216086448c912bf1f29e9861b75dc5a3eae75e93c4f7f2,21303718,mprime_phase_b_20260906_0,3ab7f0ee1ed8b0bb2f799eaf8b7b917c1be713b99b8e331b98b1bd0cb0942bd9,e032085fa2c1b0a25d6ae0235a642974e87d5e1c3894f4dd20fc68bdc63879d9,5fa02096ba6250802d804ec3d7bf6acd61eca930bd8baffd441f4b73bce92142,ef274cd23605de815800656c97b360ee7ff584b8
27,mprime-final-s2-off-923500475-phase-b-a-rescore,1,off,923500475,90,"/home/hersco/bershco-nu-asnets/numeric-asnets/asnets/experiment-results/experiments_numeric.domain.mprime-experiments_numeric.architecture_2.mprime_mcts-2026-09-15T10:25:43.353247/P[domain,pfile01,pfile02,pfile04,pfile05]-S[0.0003,50,enhsp-hmrp-ha-gbfs]-MO[]-T[518400]-04942419-5194f74/snapshots/snapshot_90_1.0000",4fda0fcb3980ef261a2df98499423faa0a612691d700320ac88fe70fc6a59ac2,21303718,mprime_phase_b_20260906_0,3ab7f0ee1ed8b0bb2f799eaf8b7b917c1be713b99b8e331b98b1bd0cb0942bd9,e032085fa2c1b0a25d6ae0235a642974e87d5e1c3894f4dd20fc68bdc63879d9,5fa02096ba6250802d804ec3d7bf6acd61eca930bd8baffd441f4b73bce92142,ef274cd23605de815800656c97b360ee7ff584b8
28,mprime-final-s2-off-923500475-phase-b-a-rescore,1,off,923500475,95,"/home/hersco/bershco-nu-asnets/numeric-asnets/asnets/experiment-results/experiments_numeric.domain.mprime-experiments_numeric.architecture_2.mprime_mcts-2026-09-15T10:25:43.353247/P[domain,pfile01,pfile02,pfile04,pfile05]-S[0.0003,50,enhsp-hmrp-ha-gbfs]-MO[]-T[518400]-04942419-5194f74/snapshots/snapshot_95_1.0000",d984d460a1133bec7c85535e8bbfee8e57392d240a75f3be386b6358b2a8d337,21303718,mprime_phase_b_20260906_0,3ab7f0ee1ed8b0bb2f799eaf8b7b917c1be713b99b8e331b98b1bd0cb0942bd9,e032085fa2c1b0a25d6ae0235a642974e87d5e1c3894f4dd20fc68bdc63879d9,5fa02096ba6250802d804ec3d7bf6acd61eca930bd8baffd441f4b73bce92142,ef274cd23605de815800656c97b360ee7ff584b8
29,mprime-final-s2-off-923500475-phase-b-a-rescore,1,off,923500475,99,"/home/hersco/bershco-nu-asnets/numeric-asnets/asnets/experiment-results/experiments_numeric.domain.mprime-experiments_numeric.architecture_2.mprime_mcts-2026-09-15T10:25:43.353247/P[domain,pfile01,pfile02,pfile04,pfile05]-S[0.0003,50,enhsp-hmrp-ha-gbfs]-MO[]-T[518400]-04942419-5194f74/snapshots/snapshot_99_1.0000",64a99ec5ade34cb54405bd379088d449f88b9cdc037e6a8239fba650d5bfb659,21303718,mprime_phase_b_20260906_0,3ab7f0ee1ed8b0bb2f799eaf8b7b917c1be713b99b8e331b98b1bd0cb0942bd9,e032085fa2c1b0a25d6ae0235a642974e87d5e1c3894f4dd20fc68bdc63879d9,5fa02096ba6250802d804ec3d7bf6acd61eca930bd8baffd441f4b73bce92142,ef274cd23605de815800656c97b360ee7ff584b8
30,mprime-final-s2-off-1073581256-phase-b-a-rescore,2,off,1073581256,25,"/home/hersco/bershco-nu-asnets/numeric-asnets/asnets/experiment-results/experiments_numeric.domain.mprime-experiments_numeric.architecture_2.mprime_mcts-2026-09-15T10:25:28.157558/P[domain,pfile01,pfile02,pfile04,pfile05]-S[0.0003,50,enhsp-hmrp-ha-gbfs]-MO[]-T[518400]-04942419-1247c09/snapshots/snapshot_25_1.0000",902b49d127daf6990fd4f9f17a70e8f413620a84334ab45c45e1113d9a568568,21303719,mprime_phase_b_20260906_0,3ab7f0ee1ed8b0bb2f799eaf8b7b917c1be713b99b8e331b98b1bd0cb0942bd9,e032085fa2c1b0a25d6ae0235a642974e87d5e1c3894f4dd20fc68bdc63879d9,5fa02096ba6250802d804ec3d7bf6acd61eca930bd8baffd441f4b73bce92142,ef274cd23605de815800656c97b360ee7ff584b8
31,mprime-final-s2-off-1073581256-phase-b-a-rescore,2,off,1073581256,30,"/home/hersco/bershco-nu-asnets/numeric-asnets/asnets/experiment-results/experiments_numeric.domain.mprime-experiments_numeric.architecture_2.mprime_mcts-2026-09-15T10:25:28.157558/P[domain,pfile01,pfile02,pfile04,pfile05]-S[0.0003,50,enhsp-hmrp-ha-gbfs]-MO[]-T[518400]-04942419-1247c09/snapshots/snapshot_30_1.0000",e6c1fb808d124a9dafb7dac12820d753d3e4fac5cf59188438f2f6ed7eeb5415,21303719,mprime_phase_b_20260906_0,3ab7f0ee1ed8b0bb2f799eaf8b7b917c1be713b99b8e331b98b1bd0cb0942bd9,e032085fa2c1b0a25d6ae0235a642974e87d5e1c3894f4dd20fc68bdc63879d9,5fa02096ba6250802d804ec3d7bf6acd61eca930bd8baffd441f4b73bce92142,ef274cd23605de815800656c97b360ee7ff584b8
32,mprime-final-s2-off-1073581256-phase-b-a-rescore,2,off,1073581256,35,"/home/hersco/bershco-nu-asnets/numeric-asnets/asnets/experiment-results/experiments_numeric.domain.mprime-experiments_numeric.architecture_2.mprime_mcts-2026-09-15T10:25:28.157558/P[domain,pfile01,pfile02,pfile04,pfile05]-S[0.0003,50,enhsp-hmrp-ha-gbfs]-MO[]-T[518400]-04942419-1247c09/snapshots/snapshot_35_1.0000",d09e6415cb8535b5a7c7fca1701e7ab9e387077351a760235fa6e9959fbf95c8,21303719,mprime_phase_b_20260906_0,3ab7f0ee1ed8b0bb2f799eaf8b7b917c1be713b99b8e331b98b1bd0cb0942bd9,e032085fa2c1b0a25d6ae0235a642974e87d5e1c3894f4dd20fc68bdc63879d9,5fa02096ba6250802d804ec3d7bf6acd61eca930bd8baffd441f4b73bce92142,ef274cd23605de815800656c97b360ee7ff584b8
33,mprime-final-s2-off-1073581256-phase-b-a-rescore,2,off,1073581256,40,"/home/hersco/bershco-nu-asnets/numeric-asnets/asnets/experiment-results/experiments_numeric.domain.mprime-experiments_numeric.architecture_2.mprime_mcts-2026-09-15T10:25:28.157558/P[domain,pfile01,pfile02,pfile04,pfile05]-S[0.0003,50,enhsp-hmrp-ha-gbfs]-MO[]-T[518400]-04942419-1247c09/snapshots/snapshot_40_1.0000",84752435ecfa7d2c929f6fd3aee28e459a8abccc50002e9b92c2e23a3f38c05d,21303719,mprime_phase_b_20260906_0,3ab7f0ee1ed8b0bb2f799eaf8b7b917c1be713b99b8e331b98b1bd0cb0942bd9,e032085fa2c1b0a25d6ae0235a642974e87d5e1c3894f4dd20fc68bdc63879d9,5fa02096ba6250802d804ec3d7bf6acd61eca930bd8baffd441f4b73bce92142,ef274cd23605de815800656c97b360ee7ff584b8
34,mprime-final-s2-off-1073581256-phase-b-a-rescore,2,off,1073581256,45,"/home/hersco/bershco-nu-asnets/numeric-asnets/asnets/experiment-results/experiments_numeric.domain.mprime-experiments_numeric.architecture_2.mprime_mcts-2026-09-15T10:25:28.157558/P[domain,pfile01,pfile02,pfile04,pfile05]-S[0.0003,50,enhsp-hmrp-ha-gbfs]-MO[]-T[518400]-04942419-1247c09/snapshots/snapshot_45_1.0000",d3d30f76e47e4706af05446c5dc135084a05d89208ed82519cc7e64232249680,21303719,mprime_phase_b_20260906_0,3ab7f0ee1ed8b0bb2f799eaf8b7b917c1be713b99b8e331b98b1bd0cb0942bd9,e032085fa2c1b0a25d6ae0235a642974e87d5e1c3894f4dd20fc68bdc63879d9,5fa02096ba6250802d804ec3d7bf6acd61eca930bd8baffd441f4b73bce92142,ef274cd23605de815800656c97b360ee7ff584b8
35,mprime-final-s2-off-1073581256-phase-b-a-rescore,2,off,1073581256,50,"/home/hersco/bershco-nu-asnets/numeric-asnets/asnets/experiment-results/experiments_numeric.domain.mprime-experiments_numeric.architecture_2.mprime_mcts-2026-09-15T10:25:28.157558/P[domain,pfile01,pfile02,pfile04,pfile05]-S[0.0003,50,enhsp-hmrp-ha-gbfs]-MO[]-T[518400]-04942419-1247c09/snapshots/snapshot_50_1.0000",13205e50380a1fbac80bce9f3ee9570742f450dddcc7238212cd6c8bdbc36eb9,21303719,mprime_phase_b_20260906_0,3ab7f0ee1ed8b0bb2f799eaf8b7b917c1be713b99b8e331b98b1bd0cb0942bd9,e032085fa2c1b0a25d6ae0235a642974e87d5e1c3894f4dd20fc68bdc63879d9,5fa02096ba6250802d804ec3d7bf6acd61eca930bd8baffd441f4b73bce92142,ef274cd23605de815800656c97b360ee7ff584b8
36,mprime-final-s2-off-1073581256-phase-b-a-rescore,2,off,1073581256,55,"/home/hersco/bershco-nu-asnets/numeric-asnets/asnets/experiment-results/experiments_numeric.domain.mprime-experiments_numeric.architecture_2.mprime_mcts-2026-09-15T10:25:28.157558/P[domain,pfile01,pfile02,pfile04,pfile05]-S[0.0003,50,enhsp-hmrp-ha-gbfs]-MO[]-T[518400]-04942419-1247c09/snapshots/snapshot_55_1.0000",c9bae78805d0572a0b764aeb9c4734d377191fe6c5989fabf7363acbef5f27c6,21303719,mprime_phase_b_20260906_0,3ab7f0ee1ed8b0bb2f799eaf8b7b917c1be713b99b8e331b98b1bd0cb0942bd9,e032085fa2c1b0a25d6ae0235a642974e87d5e1c3894f4dd20fc68bdc63879d9,5fa02096ba6250802d804ec3d7bf6acd61eca930bd8baffd441f4b73bce92142,ef274cd23605de815800656c97b360ee7ff584b8
37,mprime-final-s2-off-1073581256-phase-b-a-rescore,2,off,1073581256,60,"/home/hersco/bershco-nu-asnets/numeric-asnets/asnets/experiment-results/experiments_numeric.domain.mprime-experiments_numeric.architecture_2.mprime_mcts-2026-09-15T10:25:28.157558/P[domain,pfile01,pfile02,pfile04,pfile05]-S[0.0003,50,enhsp-hmrp-ha-gbfs]-MO[]-T[518400]-04942419-1247c09/snapshots/snapshot_60_1.0000",8db142efe08ac8972b2fe8f8153561fea351031524600f05d7038e146c19ca30,21303719,mprime_phase_b_20260906_0,3ab7f0ee1ed8b0bb2f799eaf8b7b917c1be713b99b8e331b98b1bd0cb0942bd9,e032085fa2c1b0a25d6ae0235a642974e87d5e1c3894f4dd20fc68bdc63879d9,5fa02096ba6250802d804ec3d7bf6acd61eca930bd8baffd441f4b73bce92142,ef274cd23605de815800656c97b360ee7ff584b8
38,mprime-final-s2-off-1073581256-phase-b-a-rescore,2,off,1073581256,65,"/home/hersco/bershco-nu-asnets/numeric-asnets/asnets/experiment-results/experiments_numeric.domain.mprime-experiments_numeric.architecture_2.mprime_mcts-2026-09-15T10:25:28.157558/P[domain,pfile01,pfile02,pfile04,pfile05]-S[0.0003,50,enhsp-hmrp-ha-gbfs]-MO[]-T[518400]-04942419-1247c09/snapshots/snapshot_65_1.0000",118b688e6eec550bf7455b222b97a54e005a52596d0bfadcf4907b472136dc43,21303719,mprime_phase_b_20260906_0,3ab7f0ee1ed8b0bb2f799eaf8b7b917c1be713b99b8e331b98b1bd0cb0942bd9,e032085fa2c1b0a25d6ae0235a642974e87d5e1c3894f4dd20fc68bdc63879d9,5fa02096ba6250802d804ec3d7bf6acd61eca930bd8baffd441f4b73bce92142,ef274cd23605de815800656c97b360ee7ff584b8
39,mprime-final-s2-off-1073581256-phase-b-a-rescore,2,off,1073581256,70,"/home/hersco/bershco-nu-asnets/numeric-asnets/asnets/experiment-results/experiments_numeric.domain.mprime-experiments_numeric.architecture_2.mprime_mcts-2026-09-15T10:25:28.157558/P[domain,pfile01,pfile02,pfile04,pfile05]-S[0.0003,50,enhsp-hmrp-ha-gbfs]-MO[]-T[518400]-04942419-1247c09/snapshots/snapshot_70_1.0000",abc99b9a167aa174b449c14d851319d5dee4677066d19541d54918c4dea0e67f,21303719,mprime_phase_b_20260906_0,3ab7f0ee1ed8b0bb2f799eaf8b7b917c1be713b99b8e331b98b1bd0cb0942bd9,e032085fa2c1b0a25d6ae0235a642974e87d5e1c3894f4dd20fc68bdc63879d9,5fa02096ba6250802d804ec3d7bf6acd61eca930bd8baffd441f4b73bce92142,ef274cd23605de815800656c97b360ee7ff584b8
40,mprime-final-s2-off-1073581256-phase-b-a-rescore,2,off,1073581256,75,"/home/hersco/bershco-nu-asnets/numeric-asnets/asnets/experiment-results/experiments_numeric.domain.mprime-experiments_numeric.architecture_2.mprime_mcts-2026-09-15T10:25:28.157558/P[domain,pfile01,pfile02,pfile04,pfile05]-S[0.0003,50,enhsp-hmrp-ha-gbfs]-MO[]-T[518400]-04942419-1247c09/snapshots/snapshot_75_1.0000",a455fa9c61b8b6a435a471b37dca0e42a8a04ac4eecd931eacce41d67ce5ad85,21303719,mprime_phase_b_20260906_0,3ab7f0ee1ed8b0bb2f799eaf8b7b917c1be713b99b8e331b98b1bd0cb0942bd9,e032085fa2c1b0a25d6ae0235a642974e87d5e1c3894f4dd20fc68bdc63879d9,5fa02096ba6250802d804ec3d7bf6acd61eca930bd8baffd441f4b73bce92142,ef274cd23605de815800656c97b360ee7ff584b8
41,mprime-final-s2-off-1073581256-phase-b-a-rescore,2,off,1073581256,80,"/home/hersco/bershco-nu-asnets/numeric-asnets/asnets/experiment-results/experiments_numeric.domain.mprime-experiments_numeric.architecture_2.mprime_mcts-2026-09-15T10:25:28.157558/P[domain,pfile01,pfile02,pfile04,pfile05]-S[0.0003,50,enhsp-hmrp-ha-gbfs]-MO[]-T[518400]-04942419-1247c09/snapshots/snapshot_80_1.0000",b8efaf39a182b86d18503678cd0c90e57e4050ee40905af37c6b8c017d2360ae,21303719,mprime_phase_b_20260906_0,3ab7f0ee1ed8b0bb2f799eaf8b7b917c1be713b99b8e331b98b1bd0cb0942bd9,e032085fa2c1b0a25d6ae0235a642974e87d5e1c3894f4dd20fc68bdc63879d9,5fa02096ba6250802d804ec3d7bf6acd61eca930bd8baffd441f4b73bce92142,ef274cd23605de815800656c97b360ee7ff584b8
42,mprime-final-s2-off-1073581256-phase-b-a-rescore,2,off,1073581256,85,"/home/hersco/bershco-nu-asnets/numeric-asnets/asnets/experiment-results/experiments_numeric.domain.mprime-experiments_numeric.architecture_2.mprime_mcts-2026-09-15T10:25:28.157558/P[domain,pfile01,pfile02,pfile04,pfile05]-S[0.0003,50,enhsp-hmrp-ha-gbfs]-MO[]-T[518400]-04942419-1247c09/snapshots/snapshot_85_1.0000",e767fef58957c9e90c5cc3c87503b415b4006e2fc1e271d06863dc904955b499,21303719,mprime_phase_b_20260906_0,3ab7f0ee1ed8b0bb2f799eaf8b7b917c1be713b99b8e331b98b1bd0cb0942bd9,e032085fa2c1b0a25d6ae0235a642974e87d5e1c3894f4dd20fc68bdc63879d9,5fa02096ba6250802d804ec3d7bf6acd61eca930bd8baffd441f4b73bce92142,ef274cd23605de815800656c97b360ee7ff584b8
43,mprime-final-s2-off-1073581256-phase-b-a-rescore,2,off,1073581256,90,"/home/hersco/bershco-nu-asnets/numeric-asnets/asnets/experiment-results/experiments_numeric.domain.mprime-experiments_numeric.architecture_2.mprime_mcts-2026-09-15T10:25:28.157558/P[domain,pfile01,pfile02,pfile04,pfile05]-S[0.0003,50,enhsp-hmrp-ha-gbfs]-MO[]-T[518400]-04942419-1247c09/snapshots/snapshot_90_1.0000",3be9ce190609c4e3145c67111c29194f20278a130484afe9e7de294801c1c16e,21303719,mprime_phase_b_20260906_0,3ab7f0ee1ed8b0bb2f799eaf8b7b917c1be713b99b8e331b98b1bd0cb0942bd9,e032085fa2c1b0a25d6ae0235a642974e87d5e1c3894f4dd20fc68bdc63879d9,5fa02096ba6250802d804ec3d7bf6acd61eca930bd8baffd441f4b73bce92142,ef274cd23605de815800656c97b360ee7ff584b8
44,mprime-final-s2-off-1073581256-phase-b-a-rescore,2,off,1073581256,95,"/home/hersco/bershco-nu-asnets/numeric-asnets/asnets/experiment-results/experiments_numeric.domain.mprime-experiments_numeric.architecture_2.mprime_mcts-2026-09-15T10:25:28.157558/P[domain,pfile01,pfile02,pfile04,pfile05]-S[0.0003,50,enhsp-hmrp-ha-gbfs]-MO[]-T[518400]-04942419-1247c09/snapshots/snapshot_95_1.0000",a174015e0f842512699c83548e948549382120d203b18bf442060e69ae87d937,21303719,mprime_phase_b_20260906_0,3ab7f0ee1ed8b0bb2f799eaf8b7b917c1be713b99b8e331b98b1bd0cb0942bd9,e032085fa2c1b0a25d6ae0235a642974e87d5e1c3894f4dd20fc68bdc63879d9,5fa02096ba6250802d804ec3d7bf6acd61eca930bd8baffd441f4b73bce92142,ef274cd23605de815800656c97b360ee7ff584b8
45,mprime-final-s2-off-1073581256-phase-b-a-rescore,2,off,1073581256,99,"/home/hersco/bershco-nu-asnets/numeric-asnets/asnets/experiment-results/experiments_numeric.domain.mprime-experiments_numeric.architecture_2.mprime_mcts-2026-09-15T10:25:28.157558/P[domain,pfile01,pfile02,pfile04,pfile05]-S[0.0003,50,enhsp-hmrp-ha-gbfs]-MO[]-T[518400]-04942419-1247c09/snapshots/snapshot_99_1.0000",eb6398ab0ec0a1c8f89689d228d774eaa420900e451b238b8d22864656aaff56,21303719,mprime_phase_b_20260906_0,3ab7f0ee1ed8b0bb2f799eaf8b7b917c1be713b99b8e331b98b1bd0cb0942bd9,e032085fa2c1b0a25d6ae0235a642974e87d5e1c3894f4dd20fc68bdc63879d9,5fa02096ba6250802d804ec3d7bf6acd61eca930bd8baffd441f4b73bce92142,ef274cd23605de815800656c97b360ee7ff584b8
46,mprime-final-s2-off-1239739722-phase-b-a-rescore,3,off,1239739722,20,"/home/hersco/bershco-nu-asnets/numeric-asnets/asnets/experiment-results/experiments_numeric.domain.mprime-experiments_numeric.architecture_2.mprime_mcts-2026-09-15T11:15:37.141056/P[domain,pfile01,pfile02,pfile04,pfile05]-S[0.0003,50,enhsp-hmrp-ha-gbfs]-MO[]-T[518400]-04942469-7d9a779/snapshots/snapshot_20_1.0000",9dbe116b781e39e105be1eadae742ed60b0c0bd850bfce0f0463165fb418ff2e,21303720,mprime_phase_b_20260906_0,3ab7f0ee1ed8b0bb2f799eaf8b7b917c1be713b99b8e331b98b1bd0cb0942bd9,e032085fa2c1b0a25d6ae0235a642974e87d5e1c3894f4dd20fc68bdc63879d9,5fa02096ba6250802d804ec3d7bf6acd61eca930bd8baffd441f4b73bce92142,ef274cd23605de815800656c97b360ee7ff584b8
47,mprime-final-s2-off-1239739722-phase-b-a-rescore,3,off,1239739722,25,"/home/hersco/bershco-nu-asnets/numeric-asnets/asnets/experiment-results/experiments_numeric.domain.mprime-experiments_numeric.architecture_2.mprime_mcts-2026-09-15T11:15:37.141056/P[domain,pfile01,pfile02,pfile04,pfile05]-S[0.0003,50,enhsp-hmrp-ha-gbfs]-MO[]-T[518400]-04942469-7d9a779/snapshots/snapshot_25_1.0000",7b4ecd3a32bfc86c1b07d9cd1f7b4e1cdca0c43d5b55f6020273e603b9a68dde,21303720,mprime_phase_b_20260906_0,3ab7f0ee1ed8b0bb2f799eaf8b7b917c1be713b99b8e331b98b1bd0cb0942bd9,e032085fa2c1b0a25d6ae0235a642974e87d5e1c3894f4dd20fc68bdc63879d9,5fa02096ba6250802d804ec3d7bf6acd61eca930bd8baffd441f4b73bce92142,ef274cd23605de815800656c97b360ee7ff584b8
48,mprime-final-s2-off-1239739722-phase-b-a-rescore,3,off,1239739722,30,"/home/hersco/bershco-nu-asnets/numeric-asnets/asnets/experiment-results/experiments_numeric.domain.mprime-experiments_numeric.architecture_2.mprime_mcts-2026-09-15T11:15:37.141056/P[domain,pfile01,pfile02,pfile04,pfile05]-S[0.0003,50,enhsp-hmrp-ha-gbfs]-MO[]-T[518400]-04942469-7d9a779/snapshots/snapshot_30_1.0000",644b5cecdcc384346bd60cef9036eb92280552f529fdd80d39cc43b451927478,21303720,mprime_phase_b_20260906_0,3ab7f0ee1ed8b0bb2f799eaf8b7b917c1be713b99b8e331b98b1bd0cb0942bd9,e032085fa2c1b0a25d6ae0235a642974e87d5e1c3894f4dd20fc68bdc63879d9,5fa02096ba6250802d804ec3d7bf6acd61eca930bd8baffd441f4b73bce92142,ef274cd23605de815800656c97b360ee7ff584b8
49,mprime-final-s2-off-1239739722-phase-b-a-rescore,3,off,1239739722,35,"/home/hersco/bershco-nu-asnets/numeric-asnets/asnets/experiment-results/experiments_numeric.domain.mprime-experiments_numeric.architecture_2.mprime_mcts-2026-09-15T11:15:37.141056/P[domain,pfile01,pfile02,pfile04,pfile05]-S[0.0003,50,enhsp-hmrp-ha-gbfs]-MO[]-T[518400]-04942469-7d9a779/snapshots/snapshot_35_1.0000",3ddd5444a8453df910949de3a5f60a7c969942a2393a9d58d4430a6b450981e7,21303720,mprime_phase_b_20260906_0,3ab7f0ee1ed8b0bb2f799eaf8b7b917c1be713b99b8e331b98b1bd0cb0942bd9,e032085fa2c1b0a25d6ae0235a642974e87d5e1c3894f4dd20fc68bdc63879d9,5fa02096ba6250802d804ec3d7bf6acd61eca930bd8baffd441f4b73bce92142,ef274cd23605de815800656c97b360ee7ff584b8
50,mprime-final-s2-off-1239739722-phase-b-a-rescore,3,off,1239739722,40,"/home/hersco/bershco-nu-asnets/numeric-asnets/asnets/experiment-results/experiments_numeric.domain.mprime-experiments_numeric.architecture_2.mprime_mcts-2026-09-15T11:15:37.141056/P[domain,pfile01,pfile02,pfile04,pfile05]-S[0.0003,50,enhsp-hmrp-ha-gbfs]-MO[]-T[518400]-04942469-7d9a779/snapshots/snapshot_40_1.0000",b2f85f157a6cea0f1a04a3f20bf1d9c4936ff16697f75e977df183a84c407cb9,21303720,mprime_phase_b_20260906_0,3ab7f0ee1ed8b0bb2f799eaf8b7b917c1be713b99b8e331b98b1bd0cb0942bd9,e032085fa2c1b0a25d6ae0235a642974e87d5e1c3894f4dd20fc68bdc63879d9,5fa02096ba6250802d804ec3d7bf6acd61eca930bd8baffd441f4b73bce92142,ef274cd23605de815800656c97b360ee7ff584b8
51,mprime-final-s2-off-1239739722-phase-b-a-rescore,3,off,1239739722,45,"/home/hersco/bershco-nu-asnets/numeric-asnets/asnets/experiment-results/experiments_numeric.domain.mprime-experiments_numeric.architecture_2.mprime_mcts-2026-09-15T11:15:37.141056/P[domain,pfile01,pfile02,pfile04,pfile05]-S[0.0003,50,enhsp-hmrp-ha-gbfs]-MO[]-T[518400]-04942469-7d9a779/snapshots/snapshot_45_1.0000",3435e708c0f1dd37c1d8fb481cae0cd2e3b28d59702eedb7b1d17e100e928c9f,21303720,mprime_phase_b_20260906_0,3ab7f0ee1ed8b0bb2f799eaf8b7b917c1be713b99b8e331b98b1bd0cb0942bd9,e032085fa2c1b0a25d6ae0235a642974e87d5e1c3894f4dd20fc68bdc63879d9,5fa02096ba6250802d804ec3d7bf6acd61eca930bd8baffd441f4b73bce92142,ef274cd23605de815800656c97b360ee7ff584b8
52,mprime-final-s2-off-1239739722-phase-b-a-rescore,3,off,1239739722,50,"/home/hersco/bershco-nu-asnets/numeric-asnets/asnets/experiment-results/experiments_numeric.domain.mprime-experiments_numeric.architecture_2.mprime_mcts-2026-09-15T11:15:37.141056/P[domain,pfile01,pfile02,pfile04,pfile05]-S[0.0003,50,enhsp-hmrp-ha-gbfs]-MO[]-T[518400]-04942469-7d9a779/snapshots/snapshot_50_1.0000",8af061a8541ff411cb9e9ff716c808eee37166625f12c6af918011d8aeebe2ee,21303720,mprime_phase_b_20260906_0,3ab7f0ee1ed8b0bb2f799eaf8b7b917c1be713b99b8e331b98b1bd0cb0942bd9,e032085fa2c1b0a25d6ae0235a642974e87d5e1c3894f4dd20fc68bdc63879d9,5fa02096ba6250802d804ec3d7bf6acd61eca930bd8baffd441f4b73bce92142,ef274cd23605de815800656c97b360ee7ff584b8
53,mprime-final-s2-off-1239739722-phase-b-a-rescore,3,off,1239739722,55,"/home/hersco/bershco-nu-asnets/numeric-asnets/asnets/experiment-results/experiments_numeric.domain.mprime-experiments_numeric.architecture_2.mprime_mcts-2026-09-15T11:15:37.141056/P[domain,pfile01,pfile02,pfile04,pfile05]-S[0.0003,50,enhsp-hmrp-ha-gbfs]-MO[]-T[518400]-04942469-7d9a779/snapshots/snapshot_55_1.0000",4496ff1528daaa8756efb9059889b6fc05513012f64c25652a16bb5be23b7b30,21303720,mprime_phase_b_20260906_0,3ab7f0ee1ed8b0bb2f799eaf8b7b917c1be713b99b8e331b98b1bd0cb0942bd9,e032085fa2c1b0a25d6ae0235a642974e87d5e1c3894f4dd20fc68bdc63879d9,5fa02096ba6250802d804ec3d7bf6acd61eca930bd8baffd441f4b73bce92142,ef274cd23605de815800656c97b360ee7ff584b8
54,mprime-final-s2-off-1239739722-phase-b-a-rescore,3,off,1239739722,60,"/home/hersco/bershco-nu-asnets/numeric-asnets/asnets/experiment-results/experiments_numeric.domain.mprime-experiments_numeric.architecture_2.mprime_mcts-2026-09-15T11:15:37.141056/P[domain,pfile01,pfile02,pfile04,pfile05]-S[0.0003,50,enhsp-hmrp-ha-gbfs]-MO[]-T[518400]-04942469-7d9a779/snapshots/snapshot_60_1.0000",37683f1c6167f8968ad14ac12baf348f0c834efaaacee312c757455aa1f4efbb,21303720,mprime_phase_b_20260906_0,3ab7f0ee1ed8b0bb2f799eaf8b7b917c1be713b99b8e331b98b1bd0cb0942bd9,e032085fa2c1b0a25d6ae0235a642974e87d5e1c3894f4dd20fc68bdc63879d9,5fa02096ba6250802d804ec3d7bf6acd61eca930bd8baffd441f4b73bce92142,ef274cd23605de815800656c97b360ee7ff584b8
55,mprime-final-s2-off-1239739722-phase-b-a-rescore,3,off,1239739722,65,"/home/hersco/bershco-nu-asnets/numeric-asnets/asnets/experiment-results/experiments_numeric.domain.mprime-experiments_numeric.architecture_2.mprime_mcts-2026-09-15T11:15:37.141056/P[domain,pfile01,pfile02,pfile04,pfile05]-S[0.0003,50,enhsp-hmrp-ha-gbfs]-MO[]-T[518400]-04942469-7d9a779/snapshots/snapshot_65_1.0000",5f55a841a5d2019b5969bdd9c9063407a3051eace4657631bf554cb5048eb580,21303720,mprime_phase_b_20260906_0,3ab7f0ee1ed8b0bb2f799eaf8b7b917c1be713b99b8e331b98b1bd0cb0942bd9,e032085fa2c1b0a25d6ae0235a642974e87d5e1c3894f4dd20fc68bdc63879d9,5fa02096ba6250802d804ec3d7bf6acd61eca930bd8baffd441f4b73bce92142,ef274cd23605de815800656c97b360ee7ff584b8
56,mprime-final-s2-off-1239739722-phase-b-a-rescore,3,off,1239739722,70,"/home/hersco/bershco-nu-asnets/numeric-asnets/asnets/experiment-results/experiments_numeric.domain.mprime-experiments_numeric.architecture_2.mprime_mcts-2026-09-15T11:15:37.141056/P[domain,pfile01,pfile02,pfile04,pfile05]-S[0.0003,50,enhsp-hmrp-ha-gbfs]-MO[]-T[518400]-04942469-7d9a779/snapshots/snapshot_70_1.0000",56f58bbeda4f602012385683b6448e88665ddf3cd8690640ac83eae256d95e74,21303720,mprime_phase_b_20260906_0,3ab7f0ee1ed8b0bb2f799eaf8b7b917c1be713b99b8e331b98b1bd0cb0942bd9,e032085fa2c1b0a25d6ae0235a642974e87d5e1c3894f4dd20fc68bdc63879d9,5fa02096ba6250802d804ec3d7bf6acd61eca930bd8baffd441f4b73bce92142,ef274cd23605de815800656c97b360ee7ff584b8
57,mprime-final-s2-off-1239739722-phase-b-a-rescore,3,off,1239739722,75,"/home/hersco/bershco-nu-asnets/numeric-asnets/asnets/experiment-results/experiments_numeric.domain.mprime-experiments_numeric.architecture_2.mprime_mcts-2026-09-15T11:15:37.141056/P[domain,pfile01,pfile02,pfile04,pfile05]-S[0.0003,50,enhsp-hmrp-ha-gbfs]-MO[]-T[518400]-04942469-7d9a779/snapshots/snapshot_75_1.0000",225c25f84a0280ac5532f544eb22c0b8798b6212f65858cf37e1603d8545ad63,21303720,mprime_phase_b_20260906_0,3ab7f0ee1ed8b0bb2f799eaf8b7b917c1be713b99b8e331b98b1bd0cb0942bd9,e032085fa2c1b0a25d6ae0235a642974e87d5e1c3894f4dd20fc68bdc63879d9,5fa02096ba6250802d804ec3d7bf6acd61eca930bd8baffd441f4b73bce92142,ef274cd23605de815800656c97b360ee7ff584b8
58,mprime-final-s2-off-1239739722-phase-b-a-rescore,3,off,1239739722,80,"/home/hersco/bershco-nu-asnets/numeric-asnets/asnets/experiment-results/experiments_numeric.domain.mprime-experiments_numeric.architecture_2.mprime_mcts-2026-09-15T11:15:37.141056/P[domain,pfile01,pfile02,pfile04,pfile05]-S[0.0003,50,enhsp-hmrp-ha-gbfs]-MO[]-T[518400]-04942469-7d9a779/snapshots/snapshot_80_1.0000",54939a7e43f4cfd70fa8b4dd01c3cbd2e76d7b970921507196949a92eacec5ad,21303720,mprime_phase_b_20260906_0,3ab7f0ee1ed8b0bb2f799eaf8b7b917c1be713b99b8e331b98b1bd0cb0942bd9,e032085fa2c1b0a25d6ae0235a642974e87d5e1c3894f4dd20fc68bdc63879d9,5fa02096ba6250802d804ec3d7bf6acd61eca930bd8baffd441f4b73bce92142,ef274cd23605de815800656c97b360ee7ff584b8
59,mprime-final-s2-off-1239739722-phase-b-a-rescore,3,off,1239739722,85,"/home/hersco/bershco-nu-asnets/numeric-asnets/asnets/experiment-results/experiments_numeric.domain.mprime-experiments_numeric.architecture_2.mprime_mcts-2026-09-15T11:15:37.141056/P[domain,pfile01,pfile02,pfile04,pfile05]-S[0.0003,50,enhsp-hmrp-ha-gbfs]-MO[]-T[518400]-04942469-7d9a779/snapshots/snapshot_85_1.0000",0d4d9fc289dc9aa7a25e8f6dc1c46b32b1d9e760900a48dbeaff3aac9bedf1ae,21303720,mprime_phase_b_20260906_0,3ab7f0ee1ed8b0bb2f799eaf8b7b917c1be713b99b8e331b98b1bd0cb0942bd9,e032085fa2c1b0a25d6ae0235a642974e87d5e1c3894f4dd20fc68bdc63879d9,5fa02096ba6250802d804ec3d7bf6acd61eca930bd8baffd441f4b73bce92142,ef274cd23605de815800656c97b360ee7ff584b8
60,mprime-final-s2-off-1239739722-phase-b-a-rescore,3,off,1239739722,90,"/home/hersco/bershco-nu-asnets/numeric-asnets/asnets/experiment-results/experiments_numeric.domain.mprime-experiments_numeric.architecture_2.mprime_mcts-2026-09-15T11:15:37.141056/P[domain,pfile01,pfile02,pfile04,pfile05]-S[0.0003,50,enhsp-hmrp-ha-gbfs]-MO[]-T[518400]-04942469-7d9a779/snapshots/snapshot_90_1.0000",eebaf751e3d815fbed7aa05922f5c608641c2226c2b2bae85e9edb77014e9c68,21303720,mprime_phase_b_20260906_0,3ab7f0ee1ed8b0bb2f799eaf8b7b917c1be713b99b8e331b98b1bd0cb0942bd9,e032085fa2c1b0a25d6ae0235a642974e87d5e1c3894f4dd20fc68bdc63879d9,5fa02096ba6250802d804ec3d7bf6acd61eca930bd8baffd441f4b73bce92142,ef274cd23605de815800656c97b360ee7ff584b8
61,mprime-final-s2-off-1239739722-phase-b-a-rescore,3,off,1239739722,95,"/home/hersco/bershco-nu-asnets/numeric-asnets/asnets/experiment-results/experiments_numeric.domain.mprime-experiments_numeric.architecture_2.mprime_mcts-2026-09-15T11:15:37.141056/P[domain,pfile01,pfile02,pfile04,pfile05]-S[0.0003,50,enhsp-hmrp-ha-gbfs]-MO[]-T[518400]-04942469-7d9a779/snapshots/snapshot_95_1.0000",7eda43d9e0a22e5e7c13b8fc302da3beb5e2ad3c21c6658319db7a01256ec0bb,21303720,mprime_phase_b_20260906_0,3ab7f0ee1ed8b0bb2f799eaf8b7b917c1be713b99b8e331b98b1bd0cb0942bd9,e032085fa2c1b0a25d6ae0235a642974e87d5e1c3894f4dd20fc68bdc63879d9,5fa02096ba6250802d804ec3d7bf6acd61eca930bd8baffd441f4b73bce92142,ef274cd23605de815800656c97b360ee7ff584b8
62,mprime-final-s2-off-1239739722-phase-b-a-rescore,3,off,1239739722,99,"/home/hersco/bershco-nu-asnets/numeric-asnets/asnets/experiment-results/experiments_numeric.domain.mprime-experiments_numeric.architecture_2.mprime_mcts-2026-09-15T11:15:37.141056/P[domain,pfile01,pfile02,pfile04,pfile05]-S[0.0003,50,enhsp-hmrp-ha-gbfs]-MO[]-T[518400]-04942469-7d9a779/snapshots/snapshot_99_1.0000",081a929f9bd01938134cb3c4d63f8fc562146e8908811fb5c2c516ecb57c6946,21303720,mprime_phase_b_20260906_0,3ab7f0ee1ed8b0bb2f799eaf8b7b917c1be713b99b8e331b98b1bd0cb0942bd9,e032085fa2c1b0a25d6ae0235a642974e87d5e1c3894f4dd20fc68bdc63879d9,5fa02096ba6250802d804ec3d7bf6acd61eca930bd8baffd441f4b73bce92142,ef274cd23605de815800656c97b360ee7ff584b8
63,mprime-final-s2-off-1472491096-phase-b-a-rescore,4,off,1472491096,40,"/home/hersco/bershco-nu-asnets/numeric-asnets/asnets/experiment-results/experiments_numeric.domain.mprime-experiments_numeric.architecture_2.mprime_mcts-2026-09-15T11:15:37.141049/P[domain,pfile01,pfile02,pfile04,pfile05]-S[0.0003,50,enhsp-hmrp-ha-gbfs]-MO[]-T[518400]-04942469-43e0a7a/snapshots/snapshot_40_1.0000",96e231228ebf2fe3991d25825edf05997cce293ee96612ea943e6711649ea387,21303721,mprime_phase_b_20260906_0,3ab7f0ee1ed8b0bb2f799eaf8b7b917c1be713b99b8e331b98b1bd0cb0942bd9,e032085fa2c1b0a25d6ae0235a642974e87d5e1c3894f4dd20fc68bdc63879d9,5fa02096ba6250802d804ec3d7bf6acd61eca930bd8baffd441f4b73bce92142,ef274cd23605de815800656c97b360ee7ff584b8
64,mprime-final-s2-off-1472491096-phase-b-a-rescore,4,off,1472491096,45,"/home/hersco/bershco-nu-asnets/numeric-asnets/asnets/experiment-results/experiments_numeric.domain.mprime-experiments_numeric.architecture_2.mprime_mcts-2026-09-15T11:15:37.141049/P[domain,pfile01,pfile02,pfile04,pfile05]-S[0.0003,50,enhsp-hmrp-ha-gbfs]-MO[]-T[518400]-04942469-43e0a7a/snapshots/snapshot_45_1.0000",b9e55e1bddfda8fa09f7bb40ed96fd03748bfd37364944e480a6bf240b6d3b33,21303721,mprime_phase_b_20260906_0,3ab7f0ee1ed8b0bb2f799eaf8b7b917c1be713b99b8e331b98b1bd0cb0942bd9,e032085fa2c1b0a25d6ae0235a642974e87d5e1c3894f4dd20fc68bdc63879d9,5fa02096ba6250802d804ec3d7bf6acd61eca930bd8baffd441f4b73bce92142,ef274cd23605de815800656c97b360ee7ff584b8
65,mprime-final-s2-off-1472491096-phase-b-a-rescore,4,off,1472491096,50,"/home/hersco/bershco-nu-asnets/numeric-asnets/asnets/experiment-results/experiments_numeric.domain.mprime-experiments_numeric.architecture_2.mprime_mcts-2026-09-15T11:15:37.141049/P[domain,pfile01,pfile02,pfile04,pfile05]-S[0.0003,50,enhsp-hmrp-ha-gbfs]-MO[]-T[518400]-04942469-43e0a7a/snapshots/snapshot_50_1.0000",de77271dd2ea74dc2937b2da257912fcb47bfa2534764cd679d0b7177048bd55,21303721,mprime_phase_b_20260906_0,3ab7f0ee1ed8b0bb2f799eaf8b7b917c1be713b99b8e331b98b1bd0cb0942bd9,e032085fa2c1b0a25d6ae0235a642974e87d5e1c3894f4dd20fc68bdc63879d9,5fa02096ba6250802d804ec3d7bf6acd61eca930bd8baffd441f4b73bce92142,ef274cd23605de815800656c97b360ee7ff584b8
66,mprime-final-s2-off-1472491096-phase-b-a-rescore,4,off,1472491096,55,"/home/hersco/bershco-nu-asnets/numeric-asnets/asnets/experiment-results/experiments_numeric.domain.mprime-experiments_numeric.architecture_2.mprime_mcts-2026-09-15T11:15:37.141049/P[domain,pfile01,pfile02,pfile04,pfile05]-S[0.0003,50,enhsp-hmrp-ha-gbfs]-MO[]-T[518400]-04942469-43e0a7a/snapshots/snapshot_55_1.0000",871c4a0955555cb0f9c0ff606f38b0c17f972ae9c3cb5819dcac65287c52ce44,21303721,mprime_phase_b_20260906_0,3ab7f0ee1ed8b0bb2f799eaf8b7b917c1be713b99b8e331b98b1bd0cb0942bd9,e032085fa2c1b0a25d6ae0235a642974e87d5e1c3894f4dd20fc68bdc63879d9,5fa02096ba6250802d804ec3d7bf6acd61eca930bd8baffd441f4b73bce92142,ef274cd23605de815800656c97b360ee7ff584b8
67,mprime-final-s2-off-1472491096-phase-b-a-rescore,4,off,1472491096,60,"/home/hersco/bershco-nu-asnets/numeric-asnets/asnets/experiment-results/experiments_numeric.domain.mprime-experiments_numeric.architecture_2.mprime_mcts-2026-09-15T11:15:37.141049/P[domain,pfile01,pfile02,pfile04,pfile05]-S[0.0003,50,enhsp-hmrp-ha-gbfs]-MO[]-T[518400]-04942469-43e0a7a/snapshots/snapshot_60_1.0000",fd7965a0519a0303366d1eb4fa26f6016b9212095c729b56a74c02cbfe7bbe84,21303721,mprime_phase_b_20260906_0,3ab7f0ee1ed8b0bb2f799eaf8b7b917c1be713b99b8e331b98b1bd0cb0942bd9,e032085fa2c1b0a25d6ae0235a642974e87d5e1c3894f4dd20fc68bdc63879d9,5fa02096ba6250802d804ec3d7bf6acd61eca930bd8baffd441f4b73bce92142,ef274cd23605de815800656c97b360ee7ff584b8
68,mprime-final-s2-off-1472491096-phase-b-a-rescore,4,off,1472491096,65,"/home/hersco/bershco-nu-asnets/numeric-asnets/asnets/experiment-results/experiments_numeric.domain.mprime-experiments_numeric.architecture_2.mprime_mcts-2026-09-15T11:15:37.141049/P[domain,pfile01,pfile02,pfile04,pfile05]-S[0.0003,50,enhsp-hmrp-ha-gbfs]-MO[]-T[518400]-04942469-43e0a7a/snapshots/snapshot_65_1.0000",ec623526e361fd392da42da7dade377ba5a7ba680f9fb43bb74544e29fb6d471,21303721,mprime_phase_b_20260906_0,3ab7f0ee1ed8b0bb2f799eaf8b7b917c1be713b99b8e331b98b1bd0cb0942bd9,e032085fa2c1b0a25d6ae0235a642974e87d5e1c3894f4dd20fc68bdc63879d9,5fa02096ba6250802d804ec3d7bf6acd61eca930bd8baffd441f4b73bce92142,ef274cd23605de815800656c97b360ee7ff584b8
69,mprime-final-s2-off-1472491096-phase-b-a-rescore,4,off,1472491096,70,"/home/hersco/bershco-nu-asnets/numeric-asnets/asnets/experiment-results/experiments_numeric.domain.mprime-experiments_numeric.architecture_2.mprime_mcts-2026-09-15T11:15:37.141049/P[domain,pfile01,pfile02,pfile04,pfile05]-S[0.0003,50,enhsp-hmrp-ha-gbfs]-MO[]-T[518400]-04942469-43e0a7a/snapshots/snapshot_70_1.0000",080c65e733d008d89e8a0a4b3d97cd061adcad03110c7eb77e65f0534aa4b927,21303721,mprime_phase_b_20260906_0,3ab7f0ee1ed8b0bb2f799eaf8b7b917c1be713b99b8e331b98b1bd0cb0942bd9,e032085fa2c1b0a25d6ae0235a642974e87d5e1c3894f4dd20fc68bdc63879d9,5fa02096ba6250802d804ec3d7bf6acd61eca930bd8baffd441f4b73bce92142,ef274cd23605de815800656c97b360ee7ff584b8
70,mprime-final-s2-off-1472491096-phase-b-a-rescore,4,off,1472491096,75,"/home/hersco/bershco-nu-asnets/numeric-asnets/asnets/experiment-results/experiments_numeric.domain.mprime-experiments_numeric.architecture_2.mprime_mcts-2026-09-15T11:15:37.141049/P[domain,pfile01,pfile02,pfile04,pfile05]-S[0.0003,50,enhsp-hmrp-ha-gbfs]-MO[]-T[518400]-04942469-43e0a7a/snapshots/snapshot_75_1.0000",1466dc707285b7632ba53b30a65a66774e3f4c2a60f7a789e11a792bae683f57,21303721,mprime_phase_b_20260906_0,3ab7f0ee1ed8b0bb2f799eaf8b7b917c1be713b99b8e331b98b1bd0cb0942bd9,e032085fa2c1b0a25d6ae0235a642974e87d5e1c3894f4dd20fc68bdc63879d9,5fa02096ba6250802d804ec3d7bf6acd61eca930bd8baffd441f4b73bce92142,ef274cd23605de815800656c97b360ee7ff584b8
71,mprime-final-s2-off-1472491096-phase-b-a-rescore,4,off,1472491096,80,"/home/hersco/bershco-nu-asnets/numeric-asnets/asnets/experiment-results/experiments_numeric.domain.mprime-experiments_numeric.architecture_2.mprime_mcts-2026-09-15T11:15:37.141049/P[domain,pfile01,pfile02,pfile04,pfile05]-S[0.0003,50,enhsp-hmrp-ha-gbfs]-MO[]-T[518400]-04942469-43e0a7a/snapshots/snapshot_80_1.0000",0cd8e88ff4687a5f969dfac649f42e8aa3be10755d194b67f04bd6c3f207ead9,21303721,mprime_phase_b_20260906_0,3ab7f0ee1ed8b0bb2f799eaf8b7b917c1be713b99b8e331b98b1bd0cb0942bd9,e032085fa2c1b0a25d6ae0235a642974e87d5e1c3894f4dd20fc68bdc63879d9,5fa02096ba6250802d804ec3d7bf6acd61eca930bd8baffd441f4b73bce92142,ef274cd23605de815800656c97b360ee7ff584b8
72,mprime-final-s2-off-1472491096-phase-b-a-rescore,4,off,1472491096,85,"/home/hersco/bershco-nu-asnets/numeric-asnets/asnets/experiment-results/experiments_numeric.domain.mprime-experiments_numeric.architecture_2.mprime_mcts-2026-09-15T11:15:37.141049/P[domain,pfile01,pfile02,pfile04,pfile05]-S[0.0003,50,enhsp-hmrp-ha-gbfs]-MO[]-T[518400]-04942469-43e0a7a/snapshots/snapshot_85_1.0000",eb301ccaafa38b6695e591bea57640f622cb6289a4f526a51034dbdea8b0695a,21303721,mprime_phase_b_20260906_0,3ab7f0ee1ed8b0bb2f799eaf8b7b917c1be713b99b8e331b98b1bd0cb0942bd9,e032085fa2c1b0a25d6ae0235a642974e87d5e1c3894f4dd20fc68bdc63879d9,5fa02096ba6250802d804ec3d7bf6acd61eca930bd8baffd441f4b73bce92142,ef274cd23605de815800656c97b360ee7ff584b8
73,mprime-final-s2-off-1472491096-phase-b-a-rescore,4,off,1472491096,90,"/home/hersco/bershco-nu-asnets/numeric-asnets/asnets/experiment-results/experiments_numeric.domain.mprime-experiments_numeric.architecture_2.mprime_mcts-2026-09-15T11:15:37.141049/P[domain,pfile01,pfile02,pfile04,pfile05]-S[0.0003,50,enhsp-hmrp-ha-gbfs]-MO[]-T[518400]-04942469-43e0a7a/snapshots/snapshot_90_1.0000",54ff157510a6a831e5fdc4120f094919ab4531b60b141c786e738732f0c2de6c,21303721,mprime_phase_b_20260906_0,3ab7f0ee1ed8b0bb2f799eaf8b7b917c1be713b99b8e331b98b1bd0cb0942bd9,e032085fa2c1b0a25d6ae0235a642974e87d5e1c3894f4dd20fc68bdc63879d9,5fa02096ba6250802d804ec3d7bf6acd61eca930bd8baffd441f4b73bce92142,ef274cd23605de815800656c97b360ee7ff584b8
74,mprime-final-s2-off-1472491096-phase-b-a-rescore,4,off,1472491096,95,"/home/hersco/bershco-nu-asnets/numeric-asnets/asnets/experiment-results/experiments_numeric.domain.mprime-experiments_numeric.architecture_2.mprime_mcts-2026-09-15T11:15:37.141049/P[domain,pfile01,pfile02,pfile04,pfile05]-S[0.0003,50,enhsp-hmrp-ha-gbfs]-MO[]-T[518400]-04942469-43e0a7a/snapshots/snapshot_95_1.0000",2722eda443d4546442a02cca7f5190a2a0451062ca79e8e36dd88b8df483f3c0,21303721,mprime_phase_b_20260906_0,3ab7f0ee1ed8b0bb2f799eaf8b7b917c1be713b99b8e331b98b1bd0cb0942bd9,e032085fa2c1b0a25d6ae0235a642974e87d5e1c3894f4dd20fc68bdc63879d9,5fa02096ba6250802d804ec3d7bf6acd61eca930bd8baffd441f4b73bce92142,ef274cd23605de815800656c97b360ee7ff584b8
75,mprime-final-s2-off-1472491096-phase-b-a-rescore,4,off,1472491096,99,"/home/hersco/bershco-nu-asnets/numeric-asnets/asnets/experiment-results/experiments_numeric.domain.mprime-experiments_numeric.architecture_2.mprime_mcts-2026-09-15T11:15:37.141049/P[domain,pfile01,pfile02,pfile04,pfile05]-S[0.0003,50,enhsp-hmrp-ha-gbfs]-MO[]-T[518400]-04942469-43e0a7a/snapshots/snapshot_99_1.0000",5647740a3f3d030be5a7609859e0c4f78b2fd23afede1ab53917ea5b68bb4a35,21303721,mprime_phase_b_20260906_0,3ab7f0ee1ed8b0bb2f799eaf8b7b917c1be713b99b8e331b98b1bd0cb0942bd9,e032085fa2c1b0a25d6ae0235a642974e87d5e1c3894f4dd20fc68bdc63879d9,5fa02096ba6250802d804ec3d7bf6acd61eca930bd8baffd441f4b73bce92142,ef274cd23605de815800656c97b360ee7ff584b8
76,mprime-final-s2-off-1510771779-phase-b-a-rescore,5,off,1510771779,40,"/home/hersco/bershco-nu-asnets/numeric-asnets/asnets/experiment-results/experiments_numeric.domain.mprime-experiments_numeric.architecture_2.mprime_mcts-2026-09-15T10:26:19.777699/P[domain,pfile01,pfile02,pfile04,pfile05]-S[0.0003,50,enhsp-hmrp-ha-gbfs]-MO[]-T[518400]-04942420-17cc32a/snapshots/snapshot_40_1.0000",6378884406eeb01855fa4479777662b4d9574d4dabfc8dcd3e4fb9adb57296e9,21303722,mprime_phase_b_20260906_0,3ab7f0ee1ed8b0bb2f799eaf8b7b917c1be713b99b8e331b98b1bd0cb0942bd9,e032085fa2c1b0a25d6ae0235a642974e87d5e1c3894f4dd20fc68bdc63879d9,5fa02096ba6250802d804ec3d7bf6acd61eca930bd8baffd441f4b73bce92142,ef274cd23605de815800656c97b360ee7ff584b8
77,mprime-final-s2-off-1510771779-phase-b-a-rescore,5,off,1510771779,45,"/home/hersco/bershco-nu-asnets/numeric-asnets/asnets/experiment-results/experiments_numeric.domain.mprime-experiments_numeric.architecture_2.mprime_mcts-2026-09-15T10:26:19.777699/P[domain,pfile01,pfile02,pfile04,pfile05]-S[0.0003,50,enhsp-hmrp-ha-gbfs]-MO[]-T[518400]-04942420-17cc32a/snapshots/snapshot_45_1.0000",113321339f7306ed5f186c2da0460631fd3385c09a76ee1082e81fbad254d979,21303722,mprime_phase_b_20260906_0,3ab7f0ee1ed8b0bb2f799eaf8b7b917c1be713b99b8e331b98b1bd0cb0942bd9,e032085fa2c1b0a25d6ae0235a642974e87d5e1c3894f4dd20fc68bdc63879d9,5fa02096ba6250802d804ec3d7bf6acd61eca930bd8baffd441f4b73bce92142,ef274cd23605de815800656c97b360ee7ff584b8
78,mprime-final-s2-off-1510771779-phase-b-a-rescore,5,off,1510771779,50,"/home/hersco/bershco-nu-asnets/numeric-asnets/asnets/experiment-results/experiments_numeric.domain.mprime-experiments_numeric.architecture_2.mprime_mcts-2026-09-15T10:26:19.777699/P[domain,pfile01,pfile02,pfile04,pfile05]-S[0.0003,50,enhsp-hmrp-ha-gbfs]-MO[]-T[518400]-04942420-17cc32a/snapshots/snapshot_50_1.0000",cfa727e2886b70d446f94979639c615a15ecf72215785354cbf14eb659637b91,21303722,mprime_phase_b_20260906_0,3ab7f0ee1ed8b0bb2f799eaf8b7b917c1be713b99b8e331b98b1bd0cb0942bd9,e032085fa2c1b0a25d6ae0235a642974e87d5e1c3894f4dd20fc68bdc63879d9,5fa02096ba6250802d804ec3d7bf6acd61eca930bd8baffd441f4b73bce92142,ef274cd23605de815800656c97b360ee7ff584b8
79,mprime-final-s2-off-1510771779-phase-b-a-rescore,5,off,1510771779,55,"/home/hersco/bershco-nu-asnets/numeric-asnets/asnets/experiment-results/experiments_numeric.domain.mprime-experiments_numeric.architecture_2.mprime_mcts-2026-09-15T10:26:19.777699/P[domain,pfile01,pfile02,pfile04,pfile05]-S[0.0003,50,enhsp-hmrp-ha-gbfs]-MO[]-T[518400]-04942420-17cc32a/snapshots/snapshot_55_1.0000",e18e7b85ed3f24d65b738a5f13ad591561f834f2a3db314b9d460001df6ad6e0,21303722,mprime_phase_b_20260906_0,3ab7f0ee1ed8b0bb2f799eaf8b7b917c1be713b99b8e331b98b1bd0cb0942bd9,e032085fa2c1b0a25d6ae0235a642974e87d5e1c3894f4dd20fc68bdc63879d9,5fa02096ba6250802d804ec3d7bf6acd61eca930bd8baffd441f4b73bce92142,ef274cd23605de815800656c97b360ee7ff584b8
80,mprime-final-s2-off-1510771779-phase-b-a-rescore,5,off,1510771779,60,"/home/hersco/bershco-nu-asnets/numeric-asnets/asnets/experiment-results/experiments_numeric.domain.mprime-experiments_numeric.architecture_2.mprime_mcts-2026-09-15T10:26:19.777699/P[domain,pfile01,pfile02,pfile04,pfile05]-S[0.0003,50,enhsp-hmrp-ha-gbfs]-MO[]-T[518400]-04942420-17cc32a/snapshots/snapshot_60_1.0000",4c85c04c7d43b8f506440bf002c7f14b79ee4f8c2913a25ccfab38b113d51309,21303722,mprime_phase_b_20260906_0,3ab7f0ee1ed8b0bb2f799eaf8b7b917c1be713b99b8e331b98b1bd0cb0942bd9,e032085fa2c1b0a25d6ae0235a642974e87d5e1c3894f4dd20fc68bdc63879d9,5fa02096ba6250802d804ec3d7bf6acd61eca930bd8baffd441f4b73bce92142,ef274cd23605de815800656c97b360ee7ff584b8
81,mprime-final-s2-off-1510771779-phase-b-a-rescore,5,off,1510771779,65,"/home/hersco/bershco-nu-asnets/numeric-asnets/asnets/experiment-results/experiments_numeric.domain.mprime-experiments_numeric.architecture_2.mprime_mcts-2026-09-15T10:26:19.777699/P[domain,pfile01,pfile02,pfile04,pfile05]-S[0.0003,50,enhsp-hmrp-ha-gbfs]-MO[]-T[518400]-04942420-17cc32a/snapshots/snapshot_65_1.0000",61fd408a8606ec92e7c9fad35b624f89339b969294d054291cd82f171ae0b9b7,21303722,mprime_phase_b_20260906_0,3ab7f0ee1ed8b0bb2f799eaf8b7b917c1be713b99b8e331b98b1bd0cb0942bd9,e032085fa2c1b0a25d6ae0235a642974e87d5e1c3894f4dd20fc68bdc63879d9,5fa02096ba6250802d804ec3d7bf6acd61eca930bd8baffd441f4b73bce92142,ef274cd23605de815800656c97b360ee7ff584b8
82,mprime-final-s2-off-1510771779-phase-b-a-rescore,5,off,1510771779,70,"/home/hersco/bershco-nu-asnets/numeric-asnets/asnets/experiment-results/experiments_numeric.domain.mprime-experiments_numeric.architecture_2.mprime_mcts-2026-09-15T10:26:19.777699/P[domain,pfile01,pfile02,pfile04,pfile05]-S[0.0003,50,enhsp-hmrp-ha-gbfs]-MO[]-T[518400]-04942420-17cc32a/snapshots/snapshot_70_1.0000",81ef8b3b2a5831ddf3d9c8bddaed3e37826a54ecfe9d085845d5a3e211cf190f,21303722,mprime_phase_b_20260906_0,3ab7f0ee1ed8b0bb2f799eaf8b7b917c1be713b99b8e331b98b1bd0cb0942bd9,e032085fa2c1b0a25d6ae0235a642974e87d5e1c3894f4dd20fc68bdc63879d9,5fa02096ba6250802d804ec3d7bf6acd61eca930bd8baffd441f4b73bce92142,ef274cd23605de815800656c97b360ee7ff584b8
83,mprime-final-s2-off-1510771779-phase-b-a-rescore,5,off,1510771779,75,"/home/hersco/bershco-nu-asnets/numeric-asnets/asnets/experiment-results/experiments_numeric.domain.mprime-experiments_numeric.architecture_2.mprime_mcts-2026-09-15T10:26:19.777699/P[domain,pfile01,pfile02,pfile04,pfile05]-S[0.0003,50,enhsp-hmrp-ha-gbfs]-MO[]-T[518400]-04942420-17cc32a/snapshots/snapshot_75_1.0000",bc0579ca40b4346905b15cdedd89dbe80b6476b8640a20bd729872ff954df79d,21303722,mprime_phase_b_20260906_0,3ab7f0ee1ed8b0bb2f799eaf8b7b917c1be713b99b8e331b98b1bd0cb0942bd9,e032085fa2c1b0a25d6ae0235a642974e87d5e1c3894f4dd20fc68bdc63879d9,5fa02096ba6250802d804ec3d7bf6acd61eca930bd8baffd441f4b73bce92142,ef274cd23605de815800656c97b360ee7ff584b8
84,mprime-final-s2-off-1510771779-phase-b-a-rescore,5,off,1510771779,80,"/home/hersco/bershco-nu-asnets/numeric-asnets/asnets/experiment-results/experiments_numeric.domain.mprime-experiments_numeric.architecture_2.mprime_mcts-2026-09-15T10:26:19.777699/P[domain,pfile01,pfile02,pfile04,pfile05]-S[0.0003,50,enhsp-hmrp-ha-gbfs]-MO[]-T[518400]-04942420-17cc32a/snapshots/snapshot_80_1.0000",394f970492aeac96b644ae2a865fe5fcb66e52974983ddbbd290b329b38e3752,21303722,mprime_phase_b_20260906_0,3ab7f0ee1ed8b0bb2f799eaf8b7b917c1be713b99b8e331b98b1bd0cb0942bd9,e032085fa2c1b0a25d6ae0235a642974e87d5e1c3894f4dd20fc68bdc63879d9,5fa02096ba6250802d804ec3d7bf6acd61eca930bd8baffd441f4b73bce92142,ef274cd23605de815800656c97b360ee7ff584b8
85,mprime-final-s2-off-1510771779-phase-b-a-rescore,5,off,1510771779,85,"/home/hersco/bershco-nu-asnets/numeric-asnets/asnets/experiment-results/experiments_numeric.domain.mprime-experiments_numeric.architecture_2.mprime_mcts-2026-09-15T10:26:19.777699/P[domain,pfile01,pfile02,pfile04,pfile05]-S[0.0003,50,enhsp-hmrp-ha-gbfs]-MO[]-T[518400]-04942420-17cc32a/snapshots/snapshot_85_1.0000",63c2afd6577ad0c6c44d6bf299d72d538931057b0026deb0ba73b034ee7330e8,21303722,mprime_phase_b_20260906_0,3ab7f0ee1ed8b0bb2f799eaf8b7b917c1be713b99b8e331b98b1bd0cb0942bd9,e032085fa2c1b0a25d6ae0235a642974e87d5e1c3894f4dd20fc68bdc63879d9,5fa02096ba6250802d804ec3d7bf6acd61eca930bd8baffd441f4b73bce92142,ef274cd23605de815800656c97b360ee7ff584b8
86,mprime-final-s2-off-1510771779-phase-b-a-rescore,5,off,1510771779,90,"/home/hersco/bershco-nu-asnets/numeric-asnets/asnets/experiment-results/experiments_numeric.domain.mprime-experiments_numeric.architecture_2.mprime_mcts-2026-09-15T10:26:19.777699/P[domain,pfile01,pfile02,pfile04,pfile05]-S[0.0003,50,enhsp-hmrp-ha-gbfs]-MO[]-T[518400]-04942420-17cc32a/snapshots/snapshot_90_1.0000",d83460146d8b2b3365cdee80f8a72740c15bafc7a88dde3e83a24d7236bb934a,21303722,mprime_phase_b_20260906_0,3ab7f0ee1ed8b0bb2f799eaf8b7b917c1be713b99b8e331b98b1bd0cb0942bd9,e032085fa2c1b0a25d6ae0235a642974e87d5e1c3894f4dd20fc68bdc63879d9,5fa02096ba6250802d804ec3d7bf6acd61eca930bd8baffd441f4b73bce92142,ef274cd23605de815800656c97b360ee7ff584b8
87,mprime-final-s2-off-1510771779-phase-b-a-rescore,5,off,1510771779,95,"/home/hersco/bershco-nu-asnets/numeric-asnets/asnets/experiment-results/experiments_numeric.domain.mprime-experiments_numeric.architecture_2.mprime_mcts-2026-09-15T10:26:19.777699/P[domain,pfile01,pfile02,pfile04,pfile05]-S[0.0003,50,enhsp-hmrp-ha-gbfs]-MO[]-T[518400]-04942420-17cc32a/snapshots/snapshot_95_1.0000",45e8bfe7321711c84fca57f94060fdd0fb70ec464432f329c8f1aac7acecf201,21303722,mprime_phase_b_20260906_0,3ab7f0ee1ed8b0bb2f799eaf8b7b917c1be713b99b8e331b98b1bd0cb0942bd9,e032085fa2c1b0a25d6ae0235a642974e87d5e1c3894f4dd20fc68bdc63879d9,5fa02096ba6250802d804ec3d7bf6acd61eca930bd8baffd441f4b73bce92142,ef274cd23605de815800656c97b360ee7ff584b8
88,mprime-final-s2-off-1510771779-phase-b-a-rescore,5,off,1510771779,99,"/home/hersco/bershco-nu-asnets/numeric-asnets/asnets/experiment-results/experiments_numeric.domain.mprime-experiments_numeric.architecture_2.mprime_mcts-2026-09-15T10:26:19.777699/P[domain,pfile01,pfile02,pfile04,pfile05]-S[0.0003,50,enhsp-hmrp-ha-gbfs]-MO[]-T[518400]-04942420-17cc32a/snapshots/snapshot_99_1.0000",5f4f242d8840bfbb036d886003648ba22efcdb81313d02f7c73454165f7d5ed6,21303722,mprime_phase_b_20260906_0,3ab7f0ee1ed8b0bb2f799eaf8b7b917c1be713b99b8e331b98b1bd0cb0942bd9,e032085fa2c1b0a25d6ae0235a642974e87d5e1c3894f4dd20fc68bdc63879d9,5fa02096ba6250802d804ec3d7bf6acd61eca930bd8baffd441f4b73bce92142,ef274cd23605de815800656c97b360ee7ff584b8
89,mprime-final-s2-off-1963100312-phase-b-a-rescore,6,off,1963100312,70,"/home/hersco/bershco-nu-asnets/numeric-asnets/asnets/experiment-results/experiments_numeric.domain.mprime-experiments_numeric.architecture_2.mprime_mcts-2026-09-15T10:26:19.777698/P[domain,pfile01,pfile02,pfile04,pfile05]-S[0.0003,50,enhsp-hmrp-ha-gbfs]-MO[]-T[518400]-04942420-2fc32f3/snapshots/snapshot_70_1.0000",02dfd49c610235c0d3ed5594696ab8349f98e820301180879c507d8e5af3dc7f,21303723,mprime_phase_b_20260906_0,3ab7f0ee1ed8b0bb2f799eaf8b7b917c1be713b99b8e331b98b1bd0cb0942bd9,e032085fa2c1b0a25d6ae0235a642974e87d5e1c3894f4dd20fc68bdc63879d9,5fa02096ba6250802d804ec3d7bf6acd61eca930bd8baffd441f4b73bce92142,ef274cd23605de815800656c97b360ee7ff584b8
90,mprime-final-s2-off-1963100312-phase-b-a-rescore,6,off,1963100312,75,"/home/hersco/bershco-nu-asnets/numeric-asnets/asnets/experiment-results/experiments_numeric.domain.mprime-experiments_numeric.architecture_2.mprime_mcts-2026-09-15T10:26:19.777698/P[domain,pfile01,pfile02,pfile04,pfile05]-S[0.0003,50,enhsp-hmrp-ha-gbfs]-MO[]-T[518400]-04942420-2fc32f3/snapshots/snapshot_75_1.0000",864af9436aeca7aee0bc5244a89ddb4ea81e103232c145ae8127eaf3ab54d8bc,21303723,mprime_phase_b_20260906_0,3ab7f0ee1ed8b0bb2f799eaf8b7b917c1be713b99b8e331b98b1bd0cb0942bd9,e032085fa2c1b0a25d6ae0235a642974e87d5e1c3894f4dd20fc68bdc63879d9,5fa02096ba6250802d804ec3d7bf6acd61eca930bd8baffd441f4b73bce92142,ef274cd23605de815800656c97b360ee7ff584b8
91,mprime-final-s2-off-1963100312-phase-b-a-rescore,6,off,1963100312,80,"/home/hersco/bershco-nu-asnets/numeric-asnets/asnets/experiment-results/experiments_numeric.domain.mprime-experiments_numeric.architecture_2.mprime_mcts-2026-09-15T10:26:19.777698/P[domain,pfile01,pfile02,pfile04,pfile05]-S[0.0003,50,enhsp-hmrp-ha-gbfs]-MO[]-T[518400]-04942420-2fc32f3/snapshots/snapshot_80_1.0000",7701b691d9fb225d336300a89665a4e6bcbc9d547664c63b45ecf8b68e2349eb,21303723,mprime_phase_b_20260906_0,3ab7f0ee1ed8b0bb2f799eaf8b7b917c1be713b99b8e331b98b1bd0cb0942bd9,e032085fa2c1b0a25d6ae0235a642974e87d5e1c3894f4dd20fc68bdc63879d9,5fa02096ba6250802d804ec3d7bf6acd61eca930bd8baffd441f4b73bce92142,ef274cd23605de815800656c97b360ee7ff584b8
92,mprime-final-s2-off-1963100312-phase-b-a-rescore,6,off,1963100312,85,"/home/hersco/bershco-nu-asnets/numeric-asnets/asnets/experiment-results/experiments_numeric.domain.mprime-experiments_numeric.architecture_2.mprime_mcts-2026-09-15T10:26:19.777698/P[domain,pfile01,pfile02,pfile04,pfile05]-S[0.0003,50,enhsp-hmrp-ha-gbfs]-MO[]-T[518400]-04942420-2fc32f3/snapshots/snapshot_85_1.0000",ffec0f51993a4a9f0fccf57c18642a286b8437cc7e63c7d01d826aaafd060de3,21303723,mprime_phase_b_20260906_0,3ab7f0ee1ed8b0bb2f799eaf8b7b917c1be713b99b8e331b98b1bd0cb0942bd9,e032085fa2c1b0a25d6ae0235a642974e87d5e1c3894f4dd20fc68bdc63879d9,5fa02096ba6250802d804ec3d7bf6acd61eca930bd8baffd441f4b73bce92142,ef274cd23605de815800656c97b360ee7ff584b8
93,mprime-final-s2-off-1963100312-phase-b-a-rescore,6,off,1963100312,90,"/home/hersco/bershco-nu-asnets/numeric-asnets/asnets/experiment-results/experiments_numeric.domain.mprime-experiments_numeric.architecture_2.mprime_mcts-2026-09-15T10:26:19.777698/P[domain,pfile01,pfile02,pfile04,pfile05]-S[0.0003,50,enhsp-hmrp-ha-gbfs]-MO[]-T[518400]-04942420-2fc32f3/snapshots/snapshot_90_1.0000",ea9f66ec175d5d7d44bd84de60bd33b777f4bd909456431324942cb8fd351523,21303723,mprime_phase_b_20260906_0,3ab7f0ee1ed8b0bb2f799eaf8b7b917c1be713b99b8e331b98b1bd0cb0942bd9,e032085fa2c1b0a25d6ae0235a642974e87d5e1c3894f4dd20fc68bdc63879d9,5fa02096ba6250802d804ec3d7bf6acd61eca930bd8baffd441f4b73bce92142,ef274cd23605de815800656c97b360ee7ff584b8
94,mprime-final-s2-off-1963100312-phase-b-a-rescore,6,off,1963100312,95,"/home/hersco/bershco-nu-asnets/numeric-asnets/asnets/experiment-results/experiments_numeric.domain.mprime-experiments_numeric.architecture_2.mprime_mcts-2026-09-15T10:26:19.777698/P[domain,pfile01,pfile02,pfile04,pfile05]-S[0.0003,50,enhsp-hmrp-ha-gbfs]-MO[]-T[518400]-04942420-2fc32f3/snapshots/snapshot_95_1.0000",526e8a30f416ed04c32a4344257861bf3edb2e1ee43d28c3fdb82dcc6845b8bb,21303723,mprime_phase_b_20260906_0,3ab7f0ee1ed8b0bb2f799eaf8b7b917c1be713b99b8e331b98b1bd0cb0942bd9,e032085fa2c1b0a25d6ae0235a642974e87d5e1c3894f4dd20fc68bdc63879d9,5fa02096ba6250802d804ec3d7bf6acd61eca930bd8baffd441f4b73bce92142,ef274cd23605de815800656c97b360ee7ff584b8
95,mprime-final-s2-off-1963100312-phase-b-a-rescore,6,off,1963100312,99,"/home/hersco/bershco-nu-asnets/numeric-asnets/asnets/experiment-results/experiments_numeric.domain.mprime-experiments_numeric.architecture_2.mprime_mcts-2026-09-15T10:26:19.777698/P[domain,pfile01,pfile02,pfile04,pfile05]-S[0.0003,50,enhsp-hmrp-ha-gbfs]-MO[]-T[518400]-04942420-2fc32f3/snapshots/snapshot_99_1.0000",bb5b2636f02b1be72105e760e98b4b4ce3de6cac6cd478747f4fb65ffbc5fc0d,21303723,mprime_phase_b_20260906_0,3ab7f0ee1ed8b0bb2f799eaf8b7b917c1be713b99b8e331b98b1bd0cb0942bd9,e032085fa2c1b0a25d6ae0235a642974e87d5e1c3894f4dd20fc68bdc63879d9,5fa02096ba6250802d804ec3d7bf6acd61eca930bd8baffd441f4b73bce92142,ef274cd23605de815800656c97b360ee7ff584b8
96,mprime-final-s2-off-1972442430-phase-b-a-rescore,7,off,1972442430,30,"/home/hersco/bershco-nu-asnets/numeric-asnets/asnets/experiment-results/experiments_numeric.domain.mprime-experiments_numeric.architecture_2.mprime_mcts-2026-09-15T10:26:19.777695/P[domain,pfile01,pfile02,pfile04,pfile05]-S[0.0003,50,enhsp-hmrp-ha-gbfs]-MO[]-T[518400]-04942420-72aea46/snapshots/snapshot_30_1.0000",d7cfff886e744323dc1aae5e82479b81953f29fe08dbf022619f3cfa363cdd23,21303724,mprime_phase_b_20260906_0,3ab7f0ee1ed8b0bb2f799eaf8b7b917c1be713b99b8e331b98b1bd0cb0942bd9,e032085fa2c1b0a25d6ae0235a642974e87d5e1c3894f4dd20fc68bdc63879d9,5fa02096ba6250802d804ec3d7bf6acd61eca930bd8baffd441f4b73bce92142,ef274cd23605de815800656c97b360ee7ff584b8
97,mprime-final-s2-off-1972442430-phase-b-a-rescore,7,off,1972442430,35,"/home/hersco/bershco-nu-asnets/numeric-asnets/asnets/experiment-results/experiments_numeric.domain.mprime-experiments_numeric.architecture_2.mprime_mcts-2026-09-15T10:26:19.777695/P[domain,pfile01,pfile02,pfile04,pfile05]-S[0.0003,50,enhsp-hmrp-ha-gbfs]-MO[]-T[518400]-04942420-72aea46/snapshots/snapshot_35_1.0000",9576d25535a1d6b9419fd72a648c6fe93e0abce3610411fcc49af899844e5588,21303724,mprime_phase_b_20260906_0,3ab7f0ee1ed8b0bb2f799eaf8b7b917c1be713b99b8e331b98b1bd0cb0942bd9,e032085fa2c1b0a25d6ae0235a642974e87d5e1c3894f4dd20fc68bdc63879d9,5fa02096ba6250802d804ec3d7bf6acd61eca930bd8baffd441f4b73bce92142,ef274cd23605de815800656c97b360ee7ff584b8
98,mprime-final-s2-off-1972442430-phase-b-a-rescore,7,off,1972442430,40,"/home/hersco/bershco-nu-asnets/numeric-asnets/asnets/experiment-results/experiments_numeric.domain.mprime-experiments_numeric.architecture_2.mprime_mcts-2026-09-15T10:26:19.777695/P[domain,pfile01,pfile02,pfile04,pfile05]-S[0.0003,50,enhsp-hmrp-ha-gbfs]-MO[]-T[518400]-04942420-72aea46/snapshots/snapshot_40_1.0000",52705100cfd9537c2314b641998f362e88a3a273f4584db78fc8507d5db9dc77,21303724,mprime_phase_b_20260906_0,3ab7f0ee1ed8b0bb2f799eaf8b7b917c1be713b99b8e331b98b1bd0cb0942bd9,e032085fa2c1b0a25d6ae0235a642974e87d5e1c3894f4dd20fc68bdc63879d9,5fa02096ba6250802d804ec3d7bf6acd61eca930bd8baffd441f4b73bce92142,ef274cd23605de815800656c97b360ee7ff584b8
99,mprime-final-s2-off-1972442430-phase-b-a-rescore,7,off,1972442430,45,"/home/hersco/bershco-nu-asnets/numeric-asnets/asnets/experiment-results/experiments_numeric.domain.mprime-experiments_numeric.architecture_2.mprime_mcts-2026-09-15T10:26:19.777695/P[domain,pfile01,pfile02,pfile04,pfile05]-S[0.0003,50,enhsp-hmrp-ha-gbfs]-MO[]-T[518400]-04942420-72aea46/snapshots/snapshot_45_1.0000",ef0f3112be738e16fd71c5f9372ef7039cc65814a25559a60e89c002c0d09db8,21303724,mprime_phase_b_20260906_0,3ab7f0ee1ed8b0bb2f799eaf8b7b917c1be713b99b8e331b98b1bd0cb0942bd9,e032085fa2c1b0a25d6ae0235a642974e87d5e1c3894f4dd20fc68bdc63879d9,5fa02096ba6250802d804ec3d7bf6acd61eca930bd8baffd441f4b73bce92142,ef274cd23605de815800656c97b360ee7ff584b8
100,mprime-final-s2-off-1972442430-phase-b-a-rescore,7,off,1972442430,50,"/home/hersco/bershco-nu-asnets/numeric-asnets/asnets/experiment-results/experiments_numeric.domain.mprime-experiments_numeric.architecture_2.mprime_mcts-2026-09-15T10:26:19.777695/P[domain,pfile01,pfile02,pfile04,pfile05]-S[0.0003,50,enhsp-hmrp-ha-gbfs]-MO[]-T[518400]-04942420-72aea46/snapshots/snapshot_50_1.0000",0aec754787f549326db160dbf821c350294471fedd5b2d65fd11a02983b62c57,21303724,mprime_phase_b_20260906_0,3ab7f0ee1ed8b0bb2f799eaf8b7b917c1be713b99b8e331b98b1bd0cb0942bd9,e032085fa2c1b0a25d6ae0235a642974e87d5e1c3894f4dd20fc68bdc63879d9,5fa02096ba6250802d804ec3d7bf6acd61eca930bd8baffd441f4b73bce92142,ef274cd23605de815800656c97b360ee7ff584b8
101,mprime-final-s2-off-1972442430-phase-b-a-rescore,7,off,1972442430,55,"/home/hersco/bershco-nu-asnets/numeric-asnets/asnets/experiment-results/experiments_numeric.domain.mprime-experiments_numeric.architecture_2.mprime_mcts-2026-09-15T10:26:19.777695/P[domain,pfile01,pfile02,pfile04,pfile05]-S[0.0003,50,enhsp-hmrp-ha-gbfs]-MO[]-T[518400]-04942420-72aea46/snapshots/snapshot_55_1.0000",2c2af1466f6deb3e0153bad07f33ff39bb1f1e4ff2ee6d05cf2203e2969eb1fc,21303724,mprime_phase_b_20260906_0,3ab7f0ee1ed8b0bb2f799eaf8b7b917c1be713b99b8e331b98b1bd0cb0942bd9,e032085fa2c1b0a25d6ae0235a642974e87d5e1c3894f4dd20fc68bdc63879d9,5fa02096ba6250802d804ec3d7bf6acd61eca930bd8baffd441f4b73bce92142,ef274cd23605de815800656c97b360ee7ff584b8
102,mprime-final-s2-off-1972442430-phase-b-a-rescore,7,off,1972442430,60,"/home/hersco/bershco-nu-asnets/numeric-asnets/asnets/experiment-results/experiments_numeric.domain.mprime-experiments_numeric.architecture_2.mprime_mcts-2026-09-15T10:26:19.777695/P[domain,pfile01,pfile02,pfile04,pfile05]-S[0.0003,50,enhsp-hmrp-ha-gbfs]-MO[]-T[518400]-04942420-72aea46/snapshots/snapshot_60_1.0000",9ded3b0ca11f7abe80d3d7680a35dd85f096004dd04693336257ae184193739e,21303724,mprime_phase_b_20260906_0,3ab7f0ee1ed8b0bb2f799eaf8b7b917c1be713b99b8e331b98b1bd0cb0942bd9,e032085fa2c1b0a25d6ae0235a642974e87d5e1c3894f4dd20fc68bdc63879d9,5fa02096ba6250802d804ec3d7bf6acd61eca930bd8baffd441f4b73bce92142,ef274cd23605de815800656c97b360ee7ff584b8
103,mprime-final-s2-off-1972442430-phase-b-a-rescore,7,off,1972442430,65,"/home/hersco/bershco-nu-asnets/numeric-asnets/asnets/experiment-results/experiments_numeric.domain.mprime-experiments_numeric.architecture_2.mprime_mcts-2026-09-15T10:26:19.777695/P[domain,pfile01,pfile02,pfile04,pfile05]-S[0.0003,50,enhsp-hmrp-ha-gbfs]-MO[]-T[518400]-04942420-72aea46/snapshots/snapshot_65_1.0000",b7ac144a96e5344f727754dd1de6463121148c6607be44e06794ffb3e2add968,21303724,mprime_phase_b_20260906_0,3ab7f0ee1ed8b0bb2f799eaf8b7b917c1be713b99b8e331b98b1bd0cb0942bd9,e032085fa2c1b0a25d6ae0235a642974e87d5e1c3894f4dd20fc68bdc63879d9,5fa02096ba6250802d804ec3d7bf6acd61eca930bd8baffd441f4b73bce92142,ef274cd23605de815800656c97b360ee7ff584b8
104,mprime-final-s2-off-1972442430-phase-b-a-rescore,7,off,1972442430,70,"/home/hersco/bershco-nu-asnets/numeric-asnets/asnets/experiment-results/experiments_numeric.domain.mprime-experiments_numeric.architecture_2.mprime_mcts-2026-09-15T10:26:19.777695/P[domain,pfile01,pfile02,pfile04,pfile05]-S[0.0003,50,enhsp-hmrp-ha-gbfs]-MO[]-T[518400]-04942420-72aea46/snapshots/snapshot_70_1.0000",e31f7ed3d66ff9c38cc7607299ce0fe0efe9806a256f42be499c5725f9a2f2b6,21303724,mprime_phase_b_20260906_0,3ab7f0ee1ed8b0bb2f799eaf8b7b917c1be713b99b8e331b98b1bd0cb0942bd9,e032085fa2c1b0a25d6ae0235a642974e87d5e1c3894f4dd20fc68bdc63879d9,5fa02096ba6250802d804ec3d7bf6acd61eca930bd8baffd441f4b73bce92142,ef274cd23605de815800656c97b360ee7ff584b8
105,mprime-final-s2-off-1972442430-phase-b-a-rescore,7,off,1972442430,75,"/home/hersco/bershco-nu-asnets/numeric-asnets/asnets/experiment-results/experiments_numeric.domain.mprime-experiments_numeric.architecture_2.mprime_mcts-2026-09-15T10:26:19.777695/P[domain,pfile01,pfile02,pfile04,pfile05]-S[0.0003,50,enhsp-hmrp-ha-gbfs]-MO[]-T[518400]-04942420-72aea46/snapshots/snapshot_75_1.0000",614e88f2e994d752e3858b009e97e81dec2bb9f7162ca88544e8eca910642cef,21303724,mprime_phase_b_20260906_0,3ab7f0ee1ed8b0bb2f799eaf8b7b917c1be713b99b8e331b98b1bd0cb0942bd9,e032085fa2c1b0a25d6ae0235a642974e87d5e1c3894f4dd20fc68bdc63879d9,5fa02096ba6250802d804ec3d7bf6acd61eca930bd8baffd441f4b73bce92142,ef274cd23605de815800656c97b360ee7ff584b8
106,mprime-final-s2-off-1972442430-phase-b-a-rescore,7,off,1972442430,80,"/home/hersco/bershco-nu-asnets/numeric-asnets/asnets/experiment-results/experiments_numeric.domain.mprime-experiments_numeric.architecture_2.mprime_mcts-2026-09-15T10:26:19.777695/P[domain,pfile01,pfile02,pfile04,pfile05]-S[0.0003,50,enhsp-hmrp-ha-gbfs]-MO[]-T[518400]-04942420-72aea46/snapshots/snapshot_80_1.0000",bffd91c29cc3bea4daa0637419cba34c8e8737c50a4fbbd73359835075818cb0,21303724,mprime_phase_b_20260906_0,3ab7f0ee1ed8b0bb2f799eaf8b7b917c1be713b99b8e331b98b1bd0cb0942bd9,e032085fa2c1b0a25d6ae0235a642974e87d5e1c3894f4dd20fc68bdc63879d9,5fa02096ba6250802d804ec3d7bf6acd61eca930bd8baffd441f4b73bce92142,ef274cd23605de815800656c97b360ee7ff584b8
107,mprime-final-s2-off-1972442430-phase-b-a-rescore,7,off,1972442430,85,"/home/hersco/bershco-nu-asnets/numeric-asnets/asnets/experiment-results/experiments_numeric.domain.mprime-experiments_numeric.architecture_2.mprime_mcts-2026-09-15T10:26:19.777695/P[domain,pfile01,pfile02,pfile04,pfile05]-S[0.0003,50,enhsp-hmrp-ha-gbfs]-MO[]-T[518400]-04942420-72aea46/snapshots/snapshot_85_1.0000",28b03ca45718906f9bf1ee38dbcf0680e51f39599727c04059bf78478a32fac3,21303724,mprime_phase_b_20260906_0,3ab7f0ee1ed8b0bb2f799eaf8b7b917c1be713b99b8e331b98b1bd0cb0942bd9,e032085fa2c1b0a25d6ae0235a642974e87d5e1c3894f4dd20fc68bdc63879d9,5fa02096ba6250802d804ec3d7bf6acd61eca930bd8baffd441f4b73bce92142,ef274cd23605de815800656c97b360ee7ff584b8
108,mprime-final-s2-off-1972442430-phase-b-a-rescore,7,off,1972442430,90,"/home/hersco/bershco-nu-asnets/numeric-asnets/asnets/experiment-results/experiments_numeric.domain.mprime-experiments_numeric.architecture_2.mprime_mcts-2026-09-15T10:26:19.777695/P[domain,pfile01,pfile02,pfile04,pfile05]-S[0.0003,50,enhsp-hmrp-ha-gbfs]-MO[]-T[518400]-04942420-72aea46/snapshots/snapshot_90_1.0000",0201dbe35d6b8b444fb535afb61050ee63e29169f282960cc06897be3db9cd3c,21303724,mprime_phase_b_20260906_0,3ab7f0ee1ed8b0bb2f799eaf8b7b917c1be713b99b8e331b98b1bd0cb0942bd9,e032085fa2c1b0a25d6ae0235a642974e87d5e1c3894f4dd20fc68bdc63879d9,5fa02096ba6250802d804ec3d7bf6acd61eca930bd8baffd441f4b73bce92142,ef274cd23605de815800656c97b360ee7ff584b8
109,mprime-final-s2-off-1972442430-phase-b-a-rescore,7,off,1972442430,95,"/home/hersco/bershco-nu-asnets/numeric-asnets/asnets/experiment-results/experiments_numeric.domain.mprime-experiments_numeric.architecture_2.mprime_mcts-2026-09-15T10:26:19.777695/P[domain,pfile01,pfile02,pfile04,pfile05]-S[0.0003,50,enhsp-hmrp-ha-gbfs]-MO[]-T[518400]-04942420-72aea46/snapshots/snapshot_95_1.0000",71f786e9546c9da270a04587ee92a53c6d92d3ef0925311a5f0cbf3c4674f7f4,21303724,mprime_phase_b_20260906_0,3ab7f0ee1ed8b0bb2f799eaf8b7b917c1be713b99b8e331b98b1bd0cb0942bd9,e032085fa2c1b0a25d6ae0235a642974e87d5e1c3894f4dd20fc68bdc63879d9,5fa02096ba6250802d804ec3d7bf6acd61eca930bd8baffd441f4b73bce92142,ef274cd23605de815800656c97b360ee7ff584b8
110,mprime-final-s2-off-1972442430-phase-b-a-rescore,7,off,1972442430,99,"/home/hersco/bershco-nu-asnets/numeric-asnets/asnets/experiment-results/experiments_numeric.domain.mprime-experiments_numeric.architecture_2.mprime_mcts-2026-09-15T10:26:19.777695/P[domain,pfile01,pfile02,pfile04,pfile05]-S[0.0003,50,enhsp-hmrp-ha-gbfs]-MO[]-T[518400]-04942420-72aea46/snapshots/snapshot_99_1.0000",544e7f686bb0a97f25eb8e0aa20677bd468cd2431e458365340d3a0cb04019c7,21303724,mprime_phase_b_20260906_0,3ab7f0ee1ed8b0bb2f799eaf8b7b917c1be713b99b8e331b98b1bd0cb0942bd9,e032085fa2c1b0a25d6ae0235a642974e87d5e1c3894f4dd20fc68bdc63879d9,5fa02096ba6250802d804ec3d7bf6acd61eca930bd8baffd441f4b73bce92142,ef274cd23605de815800656c97b360ee7ff584b8
111,mprime-final-s2-off-2011206605-phase-b-a-rescore,8,off,2011206605,45,"/home/hersco/bershco-nu-asnets/numeric-asnets/asnets/experiment-results/experiments_numeric.domain.mprime-experiments_numeric.architecture_2.mprime_mcts-2026-09-15T10:26:14.615192/P[domain,pfile01,pfile02,pfile04,pfile05]-S[0.0003,50,enhsp-hmrp-ha-gbfs]-MO[]-T[518400]-04942420-067843/snapshots/snapshot_45_1.0000",529987cec9bf4ed0f4b2b6a7b675c6f4be8b07305da57cba9d400208843d3f0d,21303725,mprime_phase_b_20260906_0,3ab7f0ee1ed8b0bb2f799eaf8b7b917c1be713b99b8e331b98b1bd0cb0942bd9,e032085fa2c1b0a25d6ae0235a642974e87d5e1c3894f4dd20fc68bdc63879d9,5fa02096ba6250802d804ec3d7bf6acd61eca930bd8baffd441f4b73bce92142,ef274cd23605de815800656c97b360ee7ff584b8
112,mprime-final-s2-off-2011206605-phase-b-a-rescore,8,off,2011206605,50,"/home/hersco/bershco-nu-asnets/numeric-asnets/asnets/experiment-results/experiments_numeric.domain.mprime-experiments_numeric.architecture_2.mprime_mcts-2026-09-15T10:26:14.615192/P[domain,pfile01,pfile02,pfile04,pfile05]-S[0.0003,50,enhsp-hmrp-ha-gbfs]-MO[]-T[518400]-04942420-067843/snapshots/snapshot_50_1.0000",3f9d94c6b45981ec280a5d33892590278f9764a9c44e531ebc1e51328c08fd3e,21303725,mprime_phase_b_20260906_0,3ab7f0ee1ed8b0bb2f799eaf8b7b917c1be713b99b8e331b98b1bd0cb0942bd9,e032085fa2c1b0a25d6ae0235a642974e87d5e1c3894f4dd20fc68bdc63879d9,5fa02096ba6250802d804ec3d7bf6acd61eca930bd8baffd441f4b73bce92142,ef274cd23605de815800656c97b360ee7ff584b8
113,mprime-final-s2-off-2011206605-phase-b-a-rescore,8,off,2011206605,55,"/home/hersco/bershco-nu-asnets/numeric-asnets/asnets/experiment-results/experiments_numeric.domain.mprime-experiments_numeric.architecture_2.mprime_mcts-2026-09-15T10:26:14.615192/P[domain,pfile01,pfile02,pfile04,pfile05]-S[0.0003,50,enhsp-hmrp-ha-gbfs]-MO[]-T[518400]-04942420-067843/snapshots/snapshot_55_1.0000",9640fb7be6454b6ed8f47db0a6dd5eadce894031a372e9a309fa4f4abe005f6c,21303725,mprime_phase_b_20260906_0,3ab7f0ee1ed8b0bb2f799eaf8b7b917c1be713b99b8e331b98b1bd0cb0942bd9,e032085fa2c1b0a25d6ae0235a642974e87d5e1c3894f4dd20fc68bdc63879d9,5fa02096ba6250802d804ec3d7bf6acd61eca930bd8baffd441f4b73bce92142,ef274cd23605de815800656c97b360ee7ff584b8
114,mprime-final-s2-off-2011206605-phase-b-a-rescore,8,off,2011206605,60,"/home/hersco/bershco-nu-asnets/numeric-asnets/asnets/experiment-results/experiments_numeric.domain.mprime-experiments_numeric.architecture_2.mprime_mcts-2026-09-15T10:26:14.615192/P[domain,pfile01,pfile02,pfile04,pfile05]-S[0.0003,50,enhsp-hmrp-ha-gbfs]-MO[]-T[518400]-04942420-067843/snapshots/snapshot_60_1.0000",1858478ba75e9da83933da8375adb1ddc507f3228d54d8813b964f7e0892d358,21303725,mprime_phase_b_20260906_0,3ab7f0ee1ed8b0bb2f799eaf8b7b917c1be713b99b8e331b98b1bd0cb0942bd9,e032085fa2c1b0a25d6ae0235a642974e87d5e1c3894f4dd20fc68bdc63879d9,5fa02096ba6250802d804ec3d7bf6acd61eca930bd8baffd441f4b73bce92142,ef274cd23605de815800656c97b360ee7ff584b8
115,mprime-final-s2-off-2011206605-phase-b-a-rescore,8,off,2011206605,65,"/home/hersco/bershco-nu-asnets/numeric-asnets/asnets/experiment-results/experiments_numeric.domain.mprime-experiments_numeric.architecture_2.mprime_mcts-2026-09-15T10:26:14.615192/P[domain,pfile01,pfile02,pfile04,pfile05]-S[0.0003,50,enhsp-hmrp-ha-gbfs]-MO[]-T[518400]-04942420-067843/snapshots/snapshot_65_1.0000",ee9d1753634a081dbca2dc3519811b28a5147142fd4e715d812779c66f3bf643,21303725,mprime_phase_b_20260906_0,3ab7f0ee1ed8b0bb2f799eaf8b7b917c1be713b99b8e331b98b1bd0cb0942bd9,e032085fa2c1b0a25d6ae0235a642974e87d5e1c3894f4dd20fc68bdc63879d9,5fa02096ba6250802d804ec3d7bf6acd61eca930bd8baffd441f4b73bce92142,ef274cd23605de815800656c97b360ee7ff584b8
116,mprime-final-s2-off-2011206605-phase-b-a-rescore,8,off,2011206605,70,"/home/hersco/bershco-nu-asnets/numeric-asnets/asnets/experiment-results/experiments_numeric.domain.mprime-experiments_numeric.architecture_2.mprime_mcts-2026-09-15T10:26:14.615192/P[domain,pfile01,pfile02,pfile04,pfile05]-S[0.0003,50,enhsp-hmrp-ha-gbfs]-MO[]-T[518400]-04942420-067843/snapshots/snapshot_70_1.0000",9d748d1fb15a9495126685306bc6562ea2f0373a3b33497c36bd851dd36c419e,21303725,mprime_phase_b_20260906_0,3ab7f0ee1ed8b0bb2f799eaf8b7b917c1be713b99b8e331b98b1bd0cb0942bd9,e032085fa2c1b0a25d6ae0235a642974e87d5e1c3894f4dd20fc68bdc63879d9,5fa02096ba6250802d804ec3d7bf6acd61eca930bd8baffd441f4b73bce92142,ef274cd23605de815800656c97b360ee7ff584b8
117,mprime-final-s2-off-2011206605-phase-b-a-rescore,8,off,2011206605,75,"/home/hersco/bershco-nu-asnets/numeric-asnets/asnets/experiment-results/experiments_numeric.domain.mprime-experiments_numeric.architecture_2.mprime_mcts-2026-09-15T10:26:14.615192/P[domain,pfile01,pfile02,pfile04,pfile05]-S[0.0003,50,enhsp-hmrp-ha-gbfs]-MO[]-T[518400]-04942420-067843/snapshots/snapshot_75_1.0000",d1edb0b21de7003524c6f1ad7fc92fc297385fc06411e01a289d5f936b39037e,21303725,mprime_phase_b_20260906_0,3ab7f0ee1ed8b0bb2f799eaf8b7b917c1be713b99b8e331b98b1bd0cb0942bd9,e032085fa2c1b0a25d6ae0235a642974e87d5e1c3894f4dd20fc68bdc63879d9,5fa02096ba6250802d804ec3d7bf6acd61eca930bd8baffd441f4b73bce92142,ef274cd23605de815800656c97b360ee7ff584b8
118,mprime-final-s2-off-2011206605-phase-b-a-rescore,8,off,2011206605,80,"/home/hersco/bershco-nu-asnets/numeric-asnets/asnets/experiment-results/experiments_numeric.domain.mprime-experiments_numeric.architecture_2.mprime_mcts-2026-09-15T10:26:14.615192/P[domain,pfile01,pfile02,pfile04,pfile05]-S[0.0003,50,enhsp-hmrp-ha-gbfs]-MO[]-T[518400]-04942420-067843/snapshots/snapshot_80_1.0000",6de40596bad3d0c8e180b55712747209490119df2879fcffb78f3a57cc8c418b,21303725,mprime_phase_b_20260906_0,3ab7f0ee1ed8b0bb2f799eaf8b7b917c1be713b99b8e331b98b1bd0cb0942bd9,e032085fa2c1b0a25d6ae0235a642974e87d5e1c3894f4dd20fc68bdc63879d9,5fa02096ba6250802d804ec3d7bf6acd61eca930bd8baffd441f4b73bce92142,ef274cd23605de815800656c97b360ee7ff584b8
119,mprime-final-s2-off-2011206605-phase-b-a-rescore,8,off,2011206605,85,"/home/hersco/bershco-nu-asnets/numeric-asnets/asnets/experiment-results/experiments_numeric.domain.mprime-experiments_numeric.architecture_2.mprime_mcts-2026-09-15T10:26:14.615192/P[domain,pfile01,pfile02,pfile04,pfile05]-S[0.0003,50,enhsp-hmrp-ha-gbfs]-MO[]-T[518400]-04942420-067843/snapshots/snapshot_85_1.0000",9ce4ef54de018d92e35781d7a5faddb3e782b977fc893daa10a4bd19eff9269b,21303725,mprime_phase_b_20260906_0,3ab7f0ee1ed8b0bb2f799eaf8b7b917c1be713b99b8e331b98b1bd0cb0942bd9,e032085fa2c1b0a25d6ae0235a642974e87d5e1c3894f4dd20fc68bdc63879d9,5fa02096ba6250802d804ec3d7bf6acd61eca930bd8baffd441f4b73bce92142,ef274cd23605de815800656c97b360ee7ff584b8
120,mprime-final-s2-off-2011206605-phase-b-a-rescore,8,off,2011206605,90,"/home/hersco/bershco-nu-asnets/numeric-asnets/asnets/experiment-results/experiments_numeric.domain.mprime-experiments_numeric.architecture_2.mprime_mcts-2026-09-15T10:26:14.615192/P[domain,pfile01,pfile02,pfile04,pfile05]-S[0.0003,50,enhsp-hmrp-ha-gbfs]-MO[]-T[518400]-04942420-067843/snapshots/snapshot_90_1.0000",9a5586b5fe057159087ceaf53b376158723c17af066e4c560bd34f44702ccca9,21303725,mprime_phase_b_20260906_0,3ab7f0ee1ed8b0bb2f799eaf8b7b917c1be713b99b8e331b98b1bd0cb0942bd9,e032085fa2c1b0a25d6ae0235a642974e87d5e1c3894f4dd20fc68bdc63879d9,5fa02096ba6250802d804ec3d7bf6acd61eca930bd8baffd441f4b73bce92142,ef274cd23605de815800656c97b360ee7ff584b8
121,mprime-final-s2-off-2011206605-phase-b-a-rescore,8,off,2011206605,95,"/home/hersco/bershco-nu-asnets/numeric-asnets/asnets/experiment-results/experiments_numeric.domain.mprime-experiments_numeric.architecture_2.mprime_mcts-2026-09-15T10:26:14.615192/P[domain,pfile01,pfile02,pfile04,pfile05]-S[0.0003,50,enhsp-hmrp-ha-gbfs]-MO[]-T[518400]-04942420-067843/snapshots/snapshot_95_1.0000",c92898e8bf647f1c361e019b6a71801c0d3974f11b329981b5703776265fde09,21303725,mprime_phase_b_20260906_0,3ab7f0ee1ed8b0bb2f799eaf8b7b917c1be713b99b8e331b98b1bd0cb0942bd9,e032085fa2c1b0a25d6ae0235a642974e87d5e1c3894f4dd20fc68bdc63879d9,5fa02096ba6250802d804ec3d7bf6acd61eca930bd8baffd441f4b73bce92142,ef274cd23605de815800656c97b360ee7ff584b8
122,mprime-final-s2-off-2011206605-phase-b-a-rescore,8,off,2011206605,99,"/home/hersco/bershco-nu-asnets/numeric-asnets/asnets/experiment-results/experiments_numeric.domain.mprime-experiments_numeric.architecture_2.mprime_mcts-2026-09-15T10:26:14.615192/P[domain,pfile01,pfile02,pfile04,pfile05]-S[0.0003,50,enhsp-hmrp-ha-gbfs]-MO[]-T[518400]-04942420-067843/snapshots/snapshot_99_1.0000",45a158ed0517f3630da1dba164408e26169df1fe321e28906be85131300412cf,21303725,mprime_phase_b_20260906_0,3ab7f0ee1ed8b0bb2f799eaf8b7b917c1be713b99b8e331b98b1bd0cb0942bd9,e032085fa2c1b0a25d6ae0235a642974e87d5e1c3894f4dd20fc68bdc63879d9,5fa02096ba6250802d804ec3d7bf6acd61eca930bd8baffd441f4b73bce92142,ef274cd23605de815800656c97b360ee7ff584b8
123,mprime-final-s2-off-2082152039-phase-b-a-rescore,9,off,2082152039,45,"/home/hersco/bershco-nu-asnets/numeric-asnets/asnets/experiment-results/experiments_numeric.domain.mprime-experiments_numeric.architecture_2.mprime_mcts-2026-09-15T10:26:14.615190/P[domain,pfile01,pfile02,pfile04,pfile05]-S[0.0003,50,enhsp-hmrp-ha-gbfs]-MO[]-T[518400]-04942420-faf7d6/snapshots/snapshot_45_1.0000",b74dac0f11b6e56d6bd2666fee1420cee09811237790f5e8678189fe36130355,21303726,mprime_phase_b_20260906_0,3ab7f0ee1ed8b0bb2f799eaf8b7b917c1be713b99b8e331b98b1bd0cb0942bd9,e032085fa2c1b0a25d6ae0235a642974e87d5e1c3894f4dd20fc68bdc63879d9,5fa02096ba6250802d804ec3d7bf6acd61eca930bd8baffd441f4b73bce92142,ef274cd23605de815800656c97b360ee7ff584b8
124,mprime-final-s2-off-2082152039-phase-b-a-rescore,9,off,2082152039,50,"/home/hersco/bershco-nu-asnets/numeric-asnets/asnets/experiment-results/experiments_numeric.domain.mprime-experiments_numeric.architecture_2.mprime_mcts-2026-09-15T10:26:14.615190/P[domain,pfile01,pfile02,pfile04,pfile05]-S[0.0003,50,enhsp-hmrp-ha-gbfs]-MO[]-T[518400]-04942420-faf7d6/snapshots/snapshot_50_1.0000",36a747b63cf9976d95de0c5ef2846b1aa90d5e803af59ffc092f59e940eb207c,21303726,mprime_phase_b_20260906_0,3ab7f0ee1ed8b0bb2f799eaf8b7b917c1be713b99b8e331b98b1bd0cb0942bd9,e032085fa2c1b0a25d6ae0235a642974e87d5e1c3894f4dd20fc68bdc63879d9,5fa02096ba6250802d804ec3d7bf6acd61eca930bd8baffd441f4b73bce92142,ef274cd23605de815800656c97b360ee7ff584b8
125,mprime-final-s2-off-2082152039-phase-b-a-rescore,9,off,2082152039,55,"/home/hersco/bershco-nu-asnets/numeric-asnets/asnets/experiment-results/experiments_numeric.domain.mprime-experiments_numeric.architecture_2.mprime_mcts-2026-09-15T10:26:14.615190/P[domain,pfile01,pfile02,pfile04,pfile05]-S[0.0003,50,enhsp-hmrp-ha-gbfs]-MO[]-T[518400]-04942420-faf7d6/snapshots/snapshot_55_1.0000",6e180ae72c0e1f94062cbb459b0cc1246b11a52a1e4c0c6315113feb3a9493e5,21303726,mprime_phase_b_20260906_0,3ab7f0ee1ed8b0bb2f799eaf8b7b917c1be713b99b8e331b98b1bd0cb0942bd9,e032085fa2c1b0a25d6ae0235a642974e87d5e1c3894f4dd20fc68bdc63879d9,5fa02096ba6250802d804ec3d7bf6acd61eca930bd8baffd441f4b73bce92142,ef274cd23605de815800656c97b360ee7ff584b8
126,mprime-final-s2-off-2082152039-phase-b-a-rescore,9,off,2082152039,60,"/home/hersco/bershco-nu-asnets/numeric-asnets/asnets/experiment-results/experiments_numeric.domain.mprime-experiments_numeric.architecture_2.mprime_mcts-2026-09-15T10:26:14.615190/P[domain,pfile01,pfile02,pfile04,pfile05]-S[0.0003,50,enhsp-hmrp-ha-gbfs]-MO[]-T[518400]-04942420-faf7d6/snapshots/snapshot_60_1.0000",ae0a43439c21b6ecc0e662c910e7acb037fbef1aff50aa067459714bb839d90a,21303726,mprime_phase_b_20260906_0,3ab7f0ee1ed8b0bb2f799eaf8b7b917c1be713b99b8e331b98b1bd0cb0942bd9,e032085fa2c1b0a25d6ae0235a642974e87d5e1c3894f4dd20fc68bdc63879d9,5fa02096ba6250802d804ec3d7bf6acd61eca930bd8baffd441f4b73bce92142,ef274cd23605de815800656c97b360ee7ff584b8
127,mprime-final-s2-off-2082152039-phase-b-a-rescore,9,off,2082152039,65,"/home/hersco/bershco-nu-asnets/numeric-asnets/asnets/experiment-results/experiments_numeric.domain.mprime-experiments_numeric.architecture_2.mprime_mcts-2026-09-15T10:26:14.615190/P[domain,pfile01,pfile02,pfile04,pfile05]-S[0.0003,50,enhsp-hmrp-ha-gbfs]-MO[]-T[518400]-04942420-faf7d6/snapshots/snapshot_65_1.0000",8a929a3f2fe0f301bdc11eef1d79605539fed63e92afb4b8b73a91a7c3c7f3ad,21303726,mprime_phase_b_20260906_0,3ab7f0ee1ed8b0bb2f799eaf8b7b917c1be713b99b8e331b98b1bd0cb0942bd9,e032085fa2c1b0a25d6ae0235a642974e87d5e1c3894f4dd20fc68bdc63879d9,5fa02096ba6250802d804ec3d7bf6acd61eca930bd8baffd441f4b73bce92142,ef274cd23605de815800656c97b360ee7ff584b8
128,mprime-final-s2-off-2082152039-phase-b-a-rescore,9,off,2082152039,70,"/home/hersco/bershco-nu-asnets/numeric-asnets/asnets/experiment-results/experiments_numeric.domain.mprime-experiments_numeric.architecture_2.mprime_mcts-2026-09-15T10:26:14.615190/P[domain,pfile01,pfile02,pfile04,pfile05]-S[0.0003,50,enhsp-hmrp-ha-gbfs]-MO[]-T[518400]-04942420-faf7d6/snapshots/snapshot_70_1.0000",6715f74ff71cb0b10854883786cec74326a6f8ee540824f89b202e4b3ef435cc,21303726,mprime_phase_b_20260906_0,3ab7f0ee1ed8b0bb2f799eaf8b7b917c1be713b99b8e331b98b1bd0cb0942bd9,e032085fa2c1b0a25d6ae0235a642974e87d5e1c3894f4dd20fc68bdc63879d9,5fa02096ba6250802d804ec3d7bf6acd61eca930bd8baffd441f4b73bce92142,ef274cd23605de815800656c97b360ee7ff584b8
129,mprime-final-s2-off-2082152039-phase-b-a-rescore,9,off,2082152039,75,"/home/hersco/bershco-nu-asnets/numeric-asnets/asnets/experiment-results/experiments_numeric.domain.mprime-experiments_numeric.architecture_2.mprime_mcts-2026-09-15T10:26:14.615190/P[domain,pfile01,pfile02,pfile04,pfile05]-S[0.0003,50,enhsp-hmrp-ha-gbfs]-MO[]-T[518400]-04942420-faf7d6/snapshots/snapshot_75_1.0000",6ebf5d3aa4a9c9f2da76742e38f46d61e4dbab60d781b3a613a375ba0ad95d87,21303726,mprime_phase_b_20260906_0,3ab7f0ee1ed8b0bb2f799eaf8b7b917c1be713b99b8e331b98b1bd0cb0942bd9,e032085fa2c1b0a25d6ae0235a642974e87d5e1c3894f4dd20fc68bdc63879d9,5fa02096ba6250802d804ec3d7bf6acd61eca930bd8baffd441f4b73bce92142,ef274cd23605de815800656c97b360ee7ff584b8
130,mprime-final-s2-off-2082152039-phase-b-a-rescore,9,off,2082152039,80,"/home/hersco/bershco-nu-asnets/numeric-asnets/asnets/experiment-results/experiments_numeric.domain.mprime-experiments_numeric.architecture_2.mprime_mcts-2026-09-15T10:26:14.615190/P[domain,pfile01,pfile02,pfile04,pfile05]-S[0.0003,50,enhsp-hmrp-ha-gbfs]-MO[]-T[518400]-04942420-faf7d6/snapshots/snapshot_80_1.0000",f61be353ffab195b4c4d5c0a0b738fc6d98f48c532bf00233f22d5b9779d6ddd,21303726,mprime_phase_b_20260906_0,3ab7f0ee1ed8b0bb2f799eaf8b7b917c1be713b99b8e331b98b1bd0cb0942bd9,e032085fa2c1b0a25d6ae0235a642974e87d5e1c3894f4dd20fc68bdc63879d9,5fa02096ba6250802d804ec3d7bf6acd61eca930bd8baffd441f4b73bce92142,ef274cd23605de815800656c97b360ee7ff584b8
131,mprime-final-s2-off-2082152039-phase-b-a-rescore,9,off,2082152039,85,"/home/hersco/bershco-nu-asnets/numeric-asnets/asnets/experiment-results/experiments_numeric.domain.mprime-experiments_numeric.architecture_2.mprime_mcts-2026-09-15T10:26:14.615190/P[domain,pfile01,pfile02,pfile04,pfile05]-S[0.0003,50,enhsp-hmrp-ha-gbfs]-MO[]-T[518400]-04942420-faf7d6/snapshots/snapshot_85_1.0000",87ecddd9321bdb080e7e8774b11aa23aeecf696f246992f9f7b30a8a1762718b,21303726,mprime_phase_b_20260906_0,3ab7f0ee1ed8b0bb2f799eaf8b7b917c1be713b99b8e331b98b1bd0cb0942bd9,e032085fa2c1b0a25d6ae0235a642974e87d5e1c3894f4dd20fc68bdc63879d9,5fa02096ba6250802d804ec3d7bf6acd61eca930bd8baffd441f4b73bce92142,ef274cd23605de815800656c97b360ee7ff584b8
132,mprime-final-s2-off-2082152039-phase-b-a-rescore,9,off,2082152039,90,"/home/hersco/bershco-nu-asnets/numeric-asnets/asnets/experiment-results/experiments_numeric.domain.mprime-experiments_numeric.architecture_2.mprime_mcts-2026-09-15T10:26:14.615190/P[domain,pfile01,pfile02,pfile04,pfile05]-S[0.0003,50,enhsp-hmrp-ha-gbfs]-MO[]-T[518400]-04942420-faf7d6/snapshots/snapshot_90_1.0000",1fcfeb29440d27b021ef26217b5d8ccbf71657c656a7568035cac2b66b117b40,21303726,mprime_phase_b_20260906_0,3ab7f0ee1ed8b0bb2f799eaf8b7b917c1be713b99b8e331b98b1bd0cb0942bd9,e032085fa2c1b0a25d6ae0235a642974e87d5e1c3894f4dd20fc68bdc63879d9,5fa02096ba6250802d804ec3d7bf6acd61eca930bd8baffd441f4b73bce92142,ef274cd23605de815800656c97b360ee7ff584b8
133,mprime-final-s2-off-2082152039-phase-b-a-rescore,9,off,2082152039,95,"/home/hersco/bershco-nu-asnets/numeric-asnets/asnets/experiment-results/experiments_numeric.domain.mprime-experiments_numeric.architecture_2.mprime_mcts-2026-09-15T10:26:14.615190/P[domain,pfile01,pfile02,pfile04,pfile05]-S[0.0003,50,enhsp-hmrp-ha-gbfs]-MO[]-T[518400]-04942420-faf7d6/snapshots/snapshot_95_1.0000",1e82f9ed7e460750d8ec23a0d480fee62e914128462d02f978d736e5009c9a7b,21303726,mprime_phase_b_20260906_0,3ab7f0ee1ed8b0bb2f799eaf8b7b917c1be713b99b8e331b98b1bd0cb0942bd9,e032085fa2c1b0a25d6ae0235a642974e87d5e1c3894f4dd20fc68bdc63879d9,5fa02096ba6250802d804ec3d7bf6acd61eca930bd8baffd441f4b73bce92142,ef274cd23605de815800656c97b360ee7ff584b8
134,mprime-final-s2-off-2082152039-phase-b-a-rescore,9,off,2082152039,99,"/home/hersco/bershco-nu-asnets/numeric-asnets/asnets/experiment-results/experiments_numeric.domain.mprime-experiments_numeric.architecture_2.mprime_mcts-2026-09-15T10:26:14.615190/P[domain,pfile01,pfile02,pfile04,pfile05]-S[0.0003,50,enhsp-hmrp-ha-gbfs]-MO[]-T[518400]-04942420-faf7d6/snapshots/snapshot_99_1.0000",b47e8cea457c7a8f5c3bd4ed95a6c8c2b70c0e55524250f93798a957a0ed1623,21303726,mprime_phase_b_20260906_0,3ab7f0ee1ed8b0bb2f799eaf8b7b917c1be713b99b8e331b98b1bd0cb0942bd9,e032085fa2c1b0a25d6ae0235a642974e87d5e1c3894f4dd20fc68bdc63879d9,5fa02096ba6250802d804ec3d7bf6acd61eca930bd8baffd441f4b73bce92142,ef274cd23605de815800656c97b360ee7ff584b8
135,mprime-final-s2-on-534933607-phase-b-a-rescore,10,on,534933607,20,"/home/hersco/bershco-nu-asnets/numeric-asnets/asnets/experiment-results/experiments_numeric.domain.mprime-experiments_numeric.architecture_2.mprime_mcts-2026-09-15T10:26:14.615193/P[domain,pfile01,pfile02,pfile04,pfile05]-S[0.0003,50,enhsp-hmrp-ha-gbfs]-MO[]-T[518400]-04942420-3c74d66/snapshots/snapshot_20_1.0000",59369c7fd13ceca38914543441c367b44d6488c812b4d81c1c0dec9f44eccc53,21303727,mprime_phase_b_20260906_0,3ab7f0ee1ed8b0bb2f799eaf8b7b917c1be713b99b8e331b98b1bd0cb0942bd9,e032085fa2c1b0a25d6ae0235a642974e87d5e1c3894f4dd20fc68bdc63879d9,5fa02096ba6250802d804ec3d7bf6acd61eca930bd8baffd441f4b73bce92142,ef274cd23605de815800656c97b360ee7ff584b8
136,mprime-final-s2-on-534933607-phase-b-a-rescore,10,on,534933607,25,"/home/hersco/bershco-nu-asnets/numeric-asnets/asnets/experiment-results/experiments_numeric.domain.mprime-experiments_numeric.architecture_2.mprime_mcts-2026-09-15T10:26:14.615193/P[domain,pfile01,pfile02,pfile04,pfile05]-S[0.0003,50,enhsp-hmrp-ha-gbfs]-MO[]-T[518400]-04942420-3c74d66/snapshots/snapshot_25_1.0000",d24db8e1afaa00bad14733150a27fec75faf80dc8d87af8e536485bf88f571fe,21303727,mprime_phase_b_20260906_0,3ab7f0ee1ed8b0bb2f799eaf8b7b917c1be713b99b8e331b98b1bd0cb0942bd9,e032085fa2c1b0a25d6ae0235a642974e87d5e1c3894f4dd20fc68bdc63879d9,5fa02096ba6250802d804ec3d7bf6acd61eca930bd8baffd441f4b73bce92142,ef274cd23605de815800656c97b360ee7ff584b8
137,mprime-final-s2-on-534933607-phase-b-a-rescore,10,on,534933607,30,"/home/hersco/bershco-nu-asnets/numeric-asnets/asnets/experiment-results/experiments_numeric.domain.mprime-experiments_numeric.architecture_2.mprime_mcts-2026-09-15T10:26:14.615193/P[domain,pfile01,pfile02,pfile04,pfile05]-S[0.0003,50,enhsp-hmrp-ha-gbfs]-MO[]-T[518400]-04942420-3c74d66/snapshots/snapshot_30_1.0000",1f6b699f112efaf0095fa8e37990d4e86da3188021efe117632c3d7e5c2a2b23,21303727,mprime_phase_b_20260906_0,3ab7f0ee1ed8b0bb2f799eaf8b7b917c1be713b99b8e331b98b1bd0cb0942bd9,e032085fa2c1b0a25d6ae0235a642974e87d5e1c3894f4dd20fc68bdc63879d9,5fa02096ba6250802d804ec3d7bf6acd61eca930bd8baffd441f4b73bce92142,ef274cd23605de815800656c97b360ee7ff584b8
138,mprime-final-s2-on-534933607-phase-b-a-rescore,10,on,534933607,35,"/home/hersco/bershco-nu-asnets/numeric-asnets/asnets/experiment-results/experiments_numeric.domain.mprime-experiments_numeric.architecture_2.mprime_mcts-2026-09-15T10:26:14.615193/P[domain,pfile01,pfile02,pfile04,pfile05]-S[0.0003,50,enhsp-hmrp-ha-gbfs]-MO[]-T[518400]-04942420-3c74d66/snapshots/snapshot_35_1.0000",19986eef150241539c461f9c27073e89dc3b4a1cd3eee2e3d29aa602ec948781,21303727,mprime_phase_b_20260906_0,3ab7f0ee1ed8b0bb2f799eaf8b7b917c1be713b99b8e331b98b1bd0cb0942bd9,e032085fa2c1b0a25d6ae0235a642974e87d5e1c3894f4dd20fc68bdc63879d9,5fa02096ba6250802d804ec3d7bf6acd61eca930bd8baffd441f4b73bce92142,ef274cd23605de815800656c97b360ee7ff584b8
139,mprime-final-s2-on-534933607-phase-b-a-rescore,10,on,534933607,40,"/home/hersco/bershco-nu-asnets/numeric-asnets/asnets/experiment-results/experiments_numeric.domain.mprime-experiments_numeric.architecture_2.mprime_mcts-2026-09-15T10:26:14.615193/P[domain,pfile01,pfile02,pfile04,pfile05]-S[0.0003,50,enhsp-hmrp-ha-gbfs]-MO[]-T[518400]-04942420-3c74d66/snapshots/snapshot_40_1.0000",035f30519477ee4771ee91296e68129ea0c2c4dc32ff7d65e7af853cfbbe3607,21303727,mprime_phase_b_20260906_0,3ab7f0ee1ed8b0bb2f799eaf8b7b917c1be713b99b8e331b98b1bd0cb0942bd9,e032085fa2c1b0a25d6ae0235a642974e87d5e1c3894f4dd20fc68bdc63879d9,5fa02096ba6250802d804ec3d7bf6acd61eca930bd8baffd441f4b73bce92142,ef274cd23605de815800656c97b360ee7ff584b8
140,mprime-final-s2-on-534933607-phase-b-a-rescore,10,on,534933607,45,"/home/hersco/bershco-nu-asnets/numeric-asnets/asnets/experiment-results/experiments_numeric.domain.mprime-experiments_numeric.architecture_2.mprime_mcts-2026-09-15T10:26:14.615193/P[domain,pfile01,pfile02,pfile04,pfile05]-S[0.0003,50,enhsp-hmrp-ha-gbfs]-MO[]-T[518400]-04942420-3c74d66/snapshots/snapshot_45_1.0000",7d5b44237b58e862a9be1b69dc927241be78a3817959d63a19e87722071b3d44,21303727,mprime_phase_b_20260906_0,3ab7f0ee1ed8b0bb2f799eaf8b7b917c1be713b99b8e331b98b1bd0cb0942bd9,e032085fa2c1b0a25d6ae0235a642974e87d5e1c3894f4dd20fc68bdc63879d9,5fa02096ba6250802d804ec3d7bf6acd61eca930bd8baffd441f4b73bce92142,ef274cd23605de815800656c97b360ee7ff584b8
141,mprime-final-s2-on-534933607-phase-b-a-rescore,10,on,534933607,50,"/home/hersco/bershco-nu-asnets/numeric-asnets/asnets/experiment-results/experiments_numeric.domain.mprime-experiments_numeric.architecture_2.mprime_mcts-2026-09-15T10:26:14.615193/P[domain,pfile01,pfile02,pfile04,pfile05]-S[0.0003,50,enhsp-hmrp-ha-gbfs]-MO[]-T[518400]-04942420-3c74d66/snapshots/snapshot_50_1.0000",732feccefdf67689ed7799386d17230cd09b90d246ee586de9f37a95cc67116f,21303727,mprime_phase_b_20260906_0,3ab7f0ee1ed8b0bb2f799eaf8b7b917c1be713b99b8e331b98b1bd0cb0942bd9,e032085fa2c1b0a25d6ae0235a642974e87d5e1c3894f4dd20fc68bdc63879d9,5fa02096ba6250802d804ec3d7bf6acd61eca930bd8baffd441f4b73bce92142,ef274cd23605de815800656c97b360ee7ff584b8
142,mprime-final-s2-on-534933607-phase-b-a-rescore,10,on,534933607,55,"/home/hersco/bershco-nu-asnets/numeric-asnets/asnets/experiment-results/experiments_numeric.domain.mprime-experiments_numeric.architecture_2.mprime_mcts-2026-09-15T10:26:14.615193/P[domain,pfile01,pfile02,pfile04,pfile05]-S[0.0003,50,enhsp-hmrp-ha-gbfs]-MO[]-T[518400]-04942420-3c74d66/snapshots/snapshot_55_1.0000",b79fab2eb903871f89bcc7a503921df330a1cf684072ed0b24052aa038dec875,21303727,mprime_phase_b_20260906_0,3ab7f0ee1ed8b0bb2f799eaf8b7b917c1be713b99b8e331b98b1bd0cb0942bd9,e032085fa2c1b0a25d6ae0235a642974e87d5e1c3894f4dd20fc68bdc63879d9,5fa02096ba6250802d804ec3d7bf6acd61eca930bd8baffd441f4b73bce92142,ef274cd23605de815800656c97b360ee7ff584b8
143,mprime-final-s2-on-534933607-phase-b-a-rescore,10,on,534933607,60,"/home/hersco/bershco-nu-asnets/numeric-asnets/asnets/experiment-results/experiments_numeric.domain.mprime-experiments_numeric.architecture_2.mprime_mcts-2026-09-15T10:26:14.615193/P[domain,pfile01,pfile02,pfile04,pfile05]-S[0.0003,50,enhsp-hmrp-ha-gbfs]-MO[]-T[518400]-04942420-3c74d66/snapshots/snapshot_60_1.0000",acd83819acc7009aa36ab94678613733d52c021f02f38fcc42acdaf4c41ab233,21303727,mprime_phase_b_20260906_0,3ab7f0ee1ed8b0bb2f799eaf8b7b917c1be713b99b8e331b98b1bd0cb0942bd9,e032085fa2c1b0a25d6ae0235a642974e87d5e1c3894f4dd20fc68bdc63879d9,5fa02096ba6250802d804ec3d7bf6acd61eca930bd8baffd441f4b73bce92142,ef274cd23605de815800656c97b360ee7ff584b8
144,mprime-final-s2-on-534933607-phase-b-a-rescore,10,on,534933607,65,"/home/hersco/bershco-nu-asnets/numeric-asnets/asnets/experiment-results/experiments_numeric.domain.mprime-experiments_numeric.architecture_2.mprime_mcts-2026-09-15T10:26:14.615193/P[domain,pfile01,pfile02,pfile04,pfile05]-S[0.0003,50,enhsp-hmrp-ha-gbfs]-MO[]-T[518400]-04942420-3c74d66/snapshots/snapshot_65_1.0000",b726fa255d732a6681f36addd45395f50adf3113bd6ad2f7e7ccf87c1cb3687d,21303727,mprime_phase_b_20260906_0,3ab7f0ee1ed8b0bb2f799eaf8b7b917c1be713b99b8e331b98b1bd0cb0942bd9,e032085fa2c1b0a25d6ae0235a642974e87d5e1c3894f4dd20fc68bdc63879d9,5fa02096ba6250802d804ec3d7bf6acd61eca930bd8baffd441f4b73bce92142,ef274cd23605de815800656c97b360ee7ff584b8
145,mprime-final-s2-on-534933607-phase-b-a-rescore,10,on,534933607,70,"/home/hersco/bershco-nu-asnets/numeric-asnets/asnets/experiment-results/experiments_numeric.domain.mprime-experiments_numeric.architecture_2.mprime_mcts-2026-09-15T10:26:14.615193/P[domain,pfile01,pfile02,pfile04,pfile05]-S[0.0003,50,enhsp-hmrp-ha-gbfs]-MO[]-T[518400]-04942420-3c74d66/snapshots/snapshot_70_1.0000",6ff0c6360e5afffde37c183aaf838ebf55a51ca3e29441e91a23b488a466d9ba,21303727,mprime_phase_b_20260906_0,3ab7f0ee1ed8b0bb2f799eaf8b7b917c1be713b99b8e331b98b1bd0cb0942bd9,e032085fa2c1b0a25d6ae0235a642974e87d5e1c3894f4dd20fc68bdc63879d9,5fa02096ba6250802d804ec3d7bf6acd61eca930bd8baffd441f4b73bce92142,ef274cd23605de815800656c97b360ee7ff584b8
146,mprime-final-s2-on-534933607-phase-b-a-rescore,10,on,534933607,75,"/home/hersco/bershco-nu-asnets/numeric-asnets/asnets/experiment-results/experiments_numeric.domain.mprime-experiments_numeric.architecture_2.mprime_mcts-2026-09-15T10:26:14.615193/P[domain,pfile01,pfile02,pfile04,pfile05]-S[0.0003,50,enhsp-hmrp-ha-gbfs]-MO[]-T[518400]-04942420-3c74d66/snapshots/snapshot_75_1.0000",e94ce627730ab5998222e295d3c9dd39e2033145b706183bcf22ad2e71c10571,21303727,mprime_phase_b_20260906_0,3ab7f0ee1ed8b0bb2f799eaf8b7b917c1be713b99b8e331b98b1bd0cb0942bd9,e032085fa2c1b0a25d6ae0235a642974e87d5e1c3894f4dd20fc68bdc63879d9,5fa02096ba6250802d804ec3d7bf6acd61eca930bd8baffd441f4b73bce92142,ef274cd23605de815800656c97b360ee7ff584b8
147,mprime-final-s2-on-534933607-phase-b-a-rescore,10,on,534933607,80,"/home/hersco/bershco-nu-asnets/numeric-asnets/asnets/experiment-results/experiments_numeric.domain.mprime-experiments_numeric.architecture_2.mprime_mcts-2026-09-15T10:26:14.615193/P[domain,pfile01,pfile02,pfile04,pfile05]-S[0.0003,50,enhsp-hmrp-ha-gbfs]-MO[]-T[518400]-04942420-3c74d66/snapshots/snapshot_80_1.0000",555675455408a883213080a9505f526943f91f7328e0b343fd329bc721e9643b,21303727,mprime_phase_b_20260906_0,3ab7f0ee1ed8b0bb2f799eaf8b7b917c1be713b99b8e331b98b1bd0cb0942bd9,e032085fa2c1b0a25d6ae0235a642974e87d5e1c3894f4dd20fc68bdc63879d9,5fa02096ba6250802d804ec3d7bf6acd61eca930bd8baffd441f4b73bce92142,ef274cd23605de815800656c97b360ee7ff584b8
148,mprime-final-s2-on-534933607-phase-b-a-rescore,10,on,534933607,85,"/home/hersco/bershco-nu-asnets/numeric-asnets/asnets/experiment-results/experiments_numeric.domain.mprime-experiments_numeric.architecture_2.mprime_mcts-2026-09-15T10:26:14.615193/P[domain,pfile01,pfile02,pfile04,pfile05]-S[0.0003,50,enhsp-hmrp-ha-gbfs]-MO[]-T[518400]-04942420-3c74d66/snapshots/snapshot_85_1.0000",a2623d05262366995e939a62507968832ad7b350f6f141fda8e4924f6011bdac,21303727,mprime_phase_b_20260906_0,3ab7f0ee1ed8b0bb2f799eaf8b7b917c1be713b99b8e331b98b1bd0cb0942bd9,e032085fa2c1b0a25d6ae0235a642974e87d5e1c3894f4dd20fc68bdc63879d9,5fa02096ba6250802d804ec3d7bf6acd61eca930bd8baffd441f4b73bce92142,ef274cd23605de815800656c97b360ee7ff584b8
149,mprime-final-s2-on-534933607-phase-b-a-rescore,10,on,534933607,90,"/home/hersco/bershco-nu-asnets/numeric-asnets/asnets/experiment-results/experiments_numeric.domain.mprime-experiments_numeric.architecture_2.mprime_mcts-2026-09-15T10:26:14.615193/P[domain,pfile01,pfile02,pfile04,pfile05]-S[0.0003,50,enhsp-hmrp-ha-gbfs]-MO[]-T[518400]-04942420-3c74d66/snapshots/snapshot_90_1.0000",5bc896d482b245c3a59e5b25e51aa0a488c182cdf3bad7de2f165f948d5f16f9,21303727,mprime_phase_b_20260906_0,3ab7f0ee1ed8b0bb2f799eaf8b7b917c1be713b99b8e331b98b1bd0cb0942bd9,e032085fa2c1b0a25d6ae0235a642974e87d5e1c3894f4dd20fc68bdc63879d9,5fa02096ba6250802d804ec3d7bf6acd61eca930bd8baffd441f4b73bce92142,ef274cd23605de815800656c97b360ee7ff584b8
150,mprime-final-s2-on-534933607-phase-b-a-rescore,10,on,534933607,95,"/home/hersco/bershco-nu-asnets/numeric-asnets/asnets/experiment-results/experiments_numeric.domain.mprime-experiments_numeric.architecture_2.mprime_mcts-2026-09-15T10:26:14.615193/P[domain,pfile01,pfile02,pfile04,pfile05]-S[0.0003,50,enhsp-hmrp-ha-gbfs]-MO[]-T[518400]-04942420-3c74d66/snapshots/snapshot_95_1.0000",c0afdbdaf9732e3f27fb3fb32049e820b9bad391c4d7b2828592b209bc7b671d,21303727,mprime_phase_b_20260906_0,3ab7f0ee1ed8b0bb2f799eaf8b7b917c1be713b99b8e331b98b1bd0cb0942bd9,e032085fa2c1b0a25d6ae0235a642974e87d5e1c3894f4dd20fc68bdc63879d9,5fa02096ba6250802d804ec3d7bf6acd61eca930bd8baffd441f4b73bce92142,ef274cd23605de815800656c97b360ee7ff584b8
151,mprime-final-s2-on-534933607-phase-b-a-rescore,10,on,534933607,99,"/home/hersco/bershco-nu-asnets/numeric-asnets/asnets/experiment-results/experiments_numeric.domain.mprime-experiments_numeric.architecture_2.mprime_mcts-2026-09-15T10:26:14.615193/P[domain,pfile01,pfile02,pfile04,pfile05]-S[0.0003,50,enhsp-hmrp-ha-gbfs]-MO[]-T[518400]-04942420-3c74d66/snapshots/snapshot_99_1.0000",f09edcf812315d54e0473a49430331ce9f44565b2cb1249a9a20ddea616490b6,21303727,mprime_phase_b_20260906_0,3ab7f0ee1ed8b0bb2f799eaf8b7b917c1be713b99b8e331b98b1bd0cb0942bd9,e032085fa2c1b0a25d6ae0235a642974e87d5e1c3894f4dd20fc68bdc63879d9,5fa02096ba6250802d804ec3d7bf6acd61eca930bd8baffd441f4b73bce92142,ef274cd23605de815800656c97b360ee7ff584b8
152,mprime-final-s2-on-923500475-phase-b-a-rescore,11,on,923500475,20,"/home/hersco/bershco-nu-asnets/numeric-asnets/asnets/experiment-results/experiments_numeric.domain.mprime-experiments_numeric.architecture_2.mprime_mcts-2026-09-15T10:26:14.615194/P[domain,pfile01,pfile02,pfile04,pfile05]-S[0.0003,50,enhsp-hmrp-ha-gbfs]-MO[]-T[518400]-04942420-5194f74/snapshots/snapshot_20_1.0000",3afbda98e06fd387f205545d4b3f66133674ecc0ac35edfa328f24454136ddc2,21303728,mprime_phase_b_20260906_0,3ab7f0ee1ed8b0bb2f799eaf8b7b917c1be713b99b8e331b98b1bd0cb0942bd9,e032085fa2c1b0a25d6ae0235a642974e87d5e1c3894f4dd20fc68bdc63879d9,5fa02096ba6250802d804ec3d7bf6acd61eca930bd8baffd441f4b73bce92142,ef274cd23605de815800656c97b360ee7ff584b8
153,mprime-final-s2-on-923500475-phase-b-a-rescore,11,on,923500475,25,"/home/hersco/bershco-nu-asnets/numeric-asnets/asnets/experiment-results/experiments_numeric.domain.mprime-experiments_numeric.architecture_2.mprime_mcts-2026-09-15T10:26:14.615194/P[domain,pfile01,pfile02,pfile04,pfile05]-S[0.0003,50,enhsp-hmrp-ha-gbfs]-MO[]-T[518400]-04942420-5194f74/snapshots/snapshot_25_1.0000",78af0881bee4bca141b4c5f2e6b8c4af722a0ddcd125716a02997bffdffa6061,21303728,mprime_phase_b_20260906_0,3ab7f0ee1ed8b0bb2f799eaf8b7b917c1be713b99b8e331b98b1bd0cb0942bd9,e032085fa2c1b0a25d6ae0235a642974e87d5e1c3894f4dd20fc68bdc63879d9,5fa02096ba6250802d804ec3d7bf6acd61eca930bd8baffd441f4b73bce92142,ef274cd23605de815800656c97b360ee7ff584b8
154,mprime-final-s2-on-923500475-phase-b-a-rescore,11,on,923500475,30,"/home/hersco/bershco-nu-asnets/numeric-asnets/asnets/experiment-results/experiments_numeric.domain.mprime-experiments_numeric.architecture_2.mprime_mcts-2026-09-15T10:26:14.615194/P[domain,pfile01,pfile02,pfile04,pfile05]-S[0.0003,50,enhsp-hmrp-ha-gbfs]-MO[]-T[518400]-04942420-5194f74/snapshots/snapshot_30_1.0000",2cd1be4d8b9d04e78843d8055407ba0eeefa0e96e3c270382cdf96c88d66ebd9,21303728,mprime_phase_b_20260906_0,3ab7f0ee1ed8b0bb2f799eaf8b7b917c1be713b99b8e331b98b1bd0cb0942bd9,e032085fa2c1b0a25d6ae0235a642974e87d5e1c3894f4dd20fc68bdc63879d9,5fa02096ba6250802d804ec3d7bf6acd61eca930bd8baffd441f4b73bce92142,ef274cd23605de815800656c97b360ee7ff584b8
155,mprime-final-s2-on-923500475-phase-b-a-rescore,11,on,923500475,35,"/home/hersco/bershco-nu-asnets/numeric-asnets/asnets/experiment-results/experiments_numeric.domain.mprime-experiments_numeric.architecture_2.mprime_mcts-2026-09-15T10:26:14.615194/P[domain,pfile01,pfile02,pfile04,pfile05]-S[0.0003,50,enhsp-hmrp-ha-gbfs]-MO[]-T[518400]-04942420-5194f74/snapshots/snapshot_35_1.0000",1e88791829e75e7107d27aaf5fb3833dab2a670fd16b3df9fd7782cae907db6a,21303728,mprime_phase_b_20260906_0,3ab7f0ee1ed8b0bb2f799eaf8b7b917c1be713b99b8e331b98b1bd0cb0942bd9,e032085fa2c1b0a25d6ae0235a642974e87d5e1c3894f4dd20fc68bdc63879d9,5fa02096ba6250802d804ec3d7bf6acd61eca930bd8baffd441f4b73bce92142,ef274cd23605de815800656c97b360ee7ff584b8
156,mprime-final-s2-on-923500475-phase-b-a-rescore,11,on,923500475,40,"/home/hersco/bershco-nu-asnets/numeric-asnets/asnets/experiment-results/experiments_numeric.domain.mprime-experiments_numeric.architecture_2.mprime_mcts-2026-09-15T10:26:14.615194/P[domain,pfile01,pfile02,pfile04,pfile05]-S[0.0003,50,enhsp-hmrp-ha-gbfs]-MO[]-T[518400]-04942420-5194f74/snapshots/snapshot_40_1.0000",752ebee8620e3a775f718421fbeac9e74073bd3f7a96487fd4e35aa701312ef4,21303728,mprime_phase_b_20260906_0,3ab7f0ee1ed8b0bb2f799eaf8b7b917c1be713b99b8e331b98b1bd0cb0942bd9,e032085fa2c1b0a25d6ae0235a642974e87d5e1c3894f4dd20fc68bdc63879d9,5fa02096ba6250802d804ec3d7bf6acd61eca930bd8baffd441f4b73bce92142,ef274cd23605de815800656c97b360ee7ff584b8
157,mprime-final-s2-on-923500475-phase-b-a-rescore,11,on,923500475,45,"/home/hersco/bershco-nu-asnets/numeric-asnets/asnets/experiment-results/experiments_numeric.domain.mprime-experiments_numeric.architecture_2.mprime_mcts-2026-09-15T10:26:14.615194/P[domain,pfile01,pfile02,pfile04,pfile05]-S[0.0003,50,enhsp-hmrp-ha-gbfs]-MO[]-T[518400]-04942420-5194f74/snapshots/snapshot_45_1.0000",eefc428ce31c0c5724f0c96c16870eb424b47c451266c78b3caaa499a4eab1dd,21303728,mprime_phase_b_20260906_0,3ab7f0ee1ed8b0bb2f799eaf8b7b917c1be713b99b8e331b98b1bd0cb0942bd9,e032085fa2c1b0a25d6ae0235a642974e87d5e1c3894f4dd20fc68bdc63879d9,5fa02096ba6250802d804ec3d7bf6acd61eca930bd8baffd441f4b73bce92142,ef274cd23605de815800656c97b360ee7ff584b8
158,mprime-final-s2-on-923500475-phase-b-a-rescore,11,on,923500475,50,"/home/hersco/bershco-nu-asnets/numeric-asnets/asnets/experiment-results/experiments_numeric.domain.mprime-experiments_numeric.architecture_2.mprime_mcts-2026-09-15T10:26:14.615194/P[domain,pfile01,pfile02,pfile04,pfile05]-S[0.0003,50,enhsp-hmrp-ha-gbfs]-MO[]-T[518400]-04942420-5194f74/snapshots/snapshot_50_1.0000",e0df65df87b9a092f94c5c72841e4f15fc79f913ce35c6148a386a27521433fd,21303728,mprime_phase_b_20260906_0,3ab7f0ee1ed8b0bb2f799eaf8b7b917c1be713b99b8e331b98b1bd0cb0942bd9,e032085fa2c1b0a25d6ae0235a642974e87d5e1c3894f4dd20fc68bdc63879d9,5fa02096ba6250802d804ec3d7bf6acd61eca930bd8baffd441f4b73bce92142,ef274cd23605de815800656c97b360ee7ff584b8
159,mprime-final-s2-on-923500475-phase-b-a-rescore,11,on,923500475,55,"/home/hersco/bershco-nu-asnets/numeric-asnets/asnets/experiment-results/experiments_numeric.domain.mprime-experiments_numeric.architecture_2.mprime_mcts-2026-09-15T10:26:14.615194/P[domain,pfile01,pfile02,pfile04,pfile05]-S[0.0003,50,enhsp-hmrp-ha-gbfs]-MO[]-T[518400]-04942420-5194f74/snapshots/snapshot_55_1.0000",802094ca8139d236c0fffe264c671e09e217b779907ee925c242ccc7c53e8f34,21303728,mprime_phase_b_20260906_0,3ab7f0ee1ed8b0bb2f799eaf8b7b917c1be713b99b8e331b98b1bd0cb0942bd9,e032085fa2c1b0a25d6ae0235a642974e87d5e1c3894f4dd20fc68bdc63879d9,5fa02096ba6250802d804ec3d7bf6acd61eca930bd8baffd441f4b73bce92142,ef274cd23605de815800656c97b360ee7ff584b8
160,mprime-final-s2-on-923500475-phase-b-a-rescore,11,on,923500475,60,"/home/hersco/bershco-nu-asnets/numeric-asnets/asnets/experiment-results/experiments_numeric.domain.mprime-experiments_numeric.architecture_2.mprime_mcts-2026-09-15T10:26:14.615194/P[domain,pfile01,pfile02,pfile04,pfile05]-S[0.0003,50,enhsp-hmrp-ha-gbfs]-MO[]-T[518400]-04942420-5194f74/snapshots/snapshot_60_1.0000",fe36ef0f19fc2108e1d076e0d78ec06a1e6b8c02cc0ef6d8b61fd6bb576ed76d,21303728,mprime_phase_b_20260906_0,3ab7f0ee1ed8b0bb2f799eaf8b7b917c1be713b99b8e331b98b1bd0cb0942bd9,e032085fa2c1b0a25d6ae0235a642974e87d5e1c3894f4dd20fc68bdc63879d9,5fa02096ba6250802d804ec3d7bf6acd61eca930bd8baffd441f4b73bce92142,ef274cd23605de815800656c97b360ee7ff584b8
161,mprime-final-s2-on-923500475-phase-b-a-rescore,11,on,923500475,65,"/home/hersco/bershco-nu-asnets/numeric-asnets/asnets/experiment-results/experiments_numeric.domain.mprime-experiments_numeric.architecture_2.mprime_mcts-2026-09-15T10:26:14.615194/P[domain,pfile01,pfile02,pfile04,pfile05]-S[0.0003,50,enhsp-hmrp-ha-gbfs]-MO[]-T[518400]-04942420-5194f74/snapshots/snapshot_65_1.0000",8f23ffedb3a9cf348206b850604007ec9fd65cd0cacc5f1e53e7e386da98195b,21303728,mprime_phase_b_20260906_0,3ab7f0ee1ed8b0bb2f799eaf8b7b917c1be713b99b8e331b98b1bd0cb0942bd9,e032085fa2c1b0a25d6ae0235a642974e87d5e1c3894f4dd20fc68bdc63879d9,5fa02096ba6250802d804ec3d7bf6acd61eca930bd8baffd441f4b73bce92142,ef274cd23605de815800656c97b360ee7ff584b8
162,mprime-final-s2-on-923500475-phase-b-a-rescore,11,on,923500475,70,"/home/hersco/bershco-nu-asnets/numeric-asnets/asnets/experiment-results/experiments_numeric.domain.mprime-experiments_numeric.architecture_2.mprime_mcts-2026-09-15T10:26:14.615194/P[domain,pfile01,pfile02,pfile04,pfile05]-S[0.0003,50,enhsp-hmrp-ha-gbfs]-MO[]-T[518400]-04942420-5194f74/snapshots/snapshot_70_1.0000",3fa61a845042adbff5e35b28cdefd738bcae4dd9138c204b3d0e26271d906ff3,21303728,mprime_phase_b_20260906_0,3ab7f0ee1ed8b0bb2f799eaf8b7b917c1be713b99b8e331b98b1bd0cb0942bd9,e032085fa2c1b0a25d6ae0235a642974e87d5e1c3894f4dd20fc68bdc63879d9,5fa02096ba6250802d804ec3d7bf6acd61eca930bd8baffd441f4b73bce92142,ef274cd23605de815800656c97b360ee7ff584b8
163,mprime-final-s2-on-923500475-phase-b-a-rescore,11,on,923500475,75,"/home/hersco/bershco-nu-asnets/numeric-asnets/asnets/experiment-results/experiments_numeric.domain.mprime-experiments_numeric.architecture_2.mprime_mcts-2026-09-15T10:26:14.615194/P[domain,pfile01,pfile02,pfile04,pfile05]-S[0.0003,50,enhsp-hmrp-ha-gbfs]-MO[]-T[518400]-04942420-5194f74/snapshots/snapshot_75_1.0000",3371665fe81f9443a87aa714dd0f937ae54f94f540e99da1fce5f3b162169455,21303728,mprime_phase_b_20260906_0,3ab7f0ee1ed8b0bb2f799eaf8b7b917c1be713b99b8e331b98b1bd0cb0942bd9,e032085fa2c1b0a25d6ae0235a642974e87d5e1c3894f4dd20fc68bdc63879d9,5fa02096ba6250802d804ec3d7bf6acd61eca930bd8baffd441f4b73bce92142,ef274cd23605de815800656c97b360ee7ff584b8
164,mprime-final-s2-on-923500475-phase-b-a-rescore,11,on,923500475,80,"/home/hersco/bershco-nu-asnets/numeric-asnets/asnets/experiment-results/experiments_numeric.domain.mprime-experiments_numeric.architecture_2.mprime_mcts-2026-09-15T10:26:14.615194/P[domain,pfile01,pfile02,pfile04,pfile05]-S[0.0003,50,enhsp-hmrp-ha-gbfs]-MO[]-T[518400]-04942420-5194f74/snapshots/snapshot_80_1.0000",cc339c1e6595a36d68fe9388544294b02991e49c505ea7bd076c5b8552a71cee,21303728,mprime_phase_b_20260906_0,3ab7f0ee1ed8b0bb2f799eaf8b7b917c1be713b99b8e331b98b1bd0cb0942bd9,e032085fa2c1b0a25d6ae0235a642974e87d5e1c3894f4dd20fc68bdc63879d9,5fa02096ba6250802d804ec3d7bf6acd61eca930bd8baffd441f4b73bce92142,ef274cd23605de815800656c97b360ee7ff584b8
165,mprime-final-s2-on-923500475-phase-b-a-rescore,11,on,923500475,85,"/home/hersco/bershco-nu-asnets/numeric-asnets/asnets/experiment-results/experiments_numeric.domain.mprime-experiments_numeric.architecture_2.mprime_mcts-2026-09-15T10:26:14.615194/P[domain,pfile01,pfile02,pfile04,pfile05]-S[0.0003,50,enhsp-hmrp-ha-gbfs]-MO[]-T[518400]-04942420-5194f74/snapshots/snapshot_85_1.0000",80242e283c153879308e698958eadc8e6f4c1399707ffd04ae4f54bcaac080a4,21303728,mprime_phase_b_20260906_0,3ab7f0ee1ed8b0bb2f799eaf8b7b917c1be713b99b8e331b98b1bd0cb0942bd9,e032085fa2c1b0a25d6ae0235a642974e87d5e1c3894f4dd20fc68bdc63879d9,5fa02096ba6250802d804ec3d7bf6acd61eca930bd8baffd441f4b73bce92142,ef274cd23605de815800656c97b360ee7ff584b8
166,mprime-final-s2-on-923500475-phase-b-a-rescore,11,on,923500475,90,"/home/hersco/bershco-nu-asnets/numeric-asnets/asnets/experiment-results/experiments_numeric.domain.mprime-experiments_numeric.architecture_2.mprime_mcts-2026-09-15T10:26:14.615194/P[domain,pfile01,pfile02,pfile04,pfile05]-S[0.0003,50,enhsp-hmrp-ha-gbfs]-MO[]-T[518400]-04942420-5194f74/snapshots/snapshot_90_1.0000",f97964d9f09595d4dc22cd3b84cfca81af7dcd0b0dae8ca031d0bc946fd30c96,21303728,mprime_phase_b_20260906_0,3ab7f0ee1ed8b0bb2f799eaf8b7b917c1be713b99b8e331b98b1bd0cb0942bd9,e032085fa2c1b0a25d6ae0235a642974e87d5e1c3894f4dd20fc68bdc63879d9,5fa02096ba6250802d804ec3d7bf6acd61eca930bd8baffd441f4b73bce92142,ef274cd23605de815800656c97b360ee7ff584b8
167,mprime-final-s2-on-923500475-phase-b-a-rescore,11,on,923500475,95,"/home/hersco/bershco-nu-asnets/numeric-asnets/asnets/experiment-results/experiments_numeric.domain.mprime-experiments_numeric.architecture_2.mprime_mcts-2026-09-15T10:26:14.615194/P[domain,pfile01,pfile02,pfile04,pfile05]-S[0.0003,50,enhsp-hmrp-ha-gbfs]-MO[]-T[518400]-04942420-5194f74/snapshots/snapshot_95_1.0000",7c1058c827bfe558af03c614c517ec10d46ca5de19c0b71942ef43df08994391,21303728,mprime_phase_b_20260906_0,3ab7f0ee1ed8b0bb2f799eaf8b7b917c1be713b99b8e331b98b1bd0cb0942bd9,e032085fa2c1b0a25d6ae0235a642974e87d5e1c3894f4dd20fc68bdc63879d9,5fa02096ba6250802d804ec3d7bf6acd61eca930bd8baffd441f4b73bce92142,ef274cd23605de815800656c97b360ee7ff584b8
168,mprime-final-s2-on-923500475-phase-b-a-rescore,11,on,923500475,99,"/home/hersco/bershco-nu-asnets/numeric-asnets/asnets/experiment-results/experiments_numeric.domain.mprime-experiments_numeric.architecture_2.mprime_mcts-2026-09-15T10:26:14.615194/P[domain,pfile01,pfile02,pfile04,pfile05]-S[0.0003,50,enhsp-hmrp-ha-gbfs]-MO[]-T[518400]-04942420-5194f74/snapshots/snapshot_99_1.0000",3a95c88745e3b0c77a3573707c63239ebb397b5bf3185e14a46aa85aab7d6f17,21303728,mprime_phase_b_20260906_0,3ab7f0ee1ed8b0bb2f799eaf8b7b917c1be713b99b8e331b98b1bd0cb0942bd9,e032085fa2c1b0a25d6ae0235a642974e87d5e1c3894f4dd20fc68bdc63879d9,5fa02096ba6250802d804ec3d7bf6acd61eca930bd8baffd441f4b73bce92142,ef274cd23605de815800656c97b360ee7ff584b8
169,mprime-final-s2-on-1073581256-phase-b-a-rescore,12,on,1073581256,45,"/home/hersco/bershco-nu-asnets/numeric-asnets/asnets/experiment-results/experiments_numeric.domain.mprime-experiments_numeric.architecture_2.mprime_mcts-2026-09-15T10:26:04.576573/P[domain,pfile01,pfile02,pfile04,pfile05]-S[0.0003,50,enhsp-hmrp-ha-gbfs]-MO[]-T[518400]-04942420-1247c09/snapshots/snapshot_45_1.0000",2b1edd727801a0ab3e318aff21f77e7c3a35cc096e74fb850432bf0af2760794,21303729,mprime_phase_b_20260906_0,3ab7f0ee1ed8b0bb2f799eaf8b7b917c1be713b99b8e331b98b1bd0cb0942bd9,e032085fa2c1b0a25d6ae0235a642974e87d5e1c3894f4dd20fc68bdc63879d9,5fa02096ba6250802d804ec3d7bf6acd61eca930bd8baffd441f4b73bce92142,ef274cd23605de815800656c97b360ee7ff584b8
170,mprime-final-s2-on-1073581256-phase-b-a-rescore,12,on,1073581256,50,"/home/hersco/bershco-nu-asnets/numeric-asnets/asnets/experiment-results/experiments_numeric.domain.mprime-experiments_numeric.architecture_2.mprime_mcts-2026-09-15T10:26:04.576573/P[domain,pfile01,pfile02,pfile04,pfile05]-S[0.0003,50,enhsp-hmrp-ha-gbfs]-MO[]-T[518400]-04942420-1247c09/snapshots/snapshot_50_1.0000",20acbdf89dd64a01d53672704de9138a02130cd89ef8d09137a49cd1b9589f43,21303729,mprime_phase_b_20260906_0,3ab7f0ee1ed8b0bb2f799eaf8b7b917c1be713b99b8e331b98b1bd0cb0942bd9,e032085fa2c1b0a25d6ae0235a642974e87d5e1c3894f4dd20fc68bdc63879d9,5fa02096ba6250802d804ec3d7bf6acd61eca930bd8baffd441f4b73bce92142,ef274cd23605de815800656c97b360ee7ff584b8
171,mprime-final-s2-on-1073581256-phase-b-a-rescore,12,on,1073581256,55,"/home/hersco/bershco-nu-asnets/numeric-asnets/asnets/experiment-results/experiments_numeric.domain.mprime-experiments_numeric.architecture_2.mprime_mcts-2026-09-15T10:26:04.576573/P[domain,pfile01,pfile02,pfile04,pfile05]-S[0.0003,50,enhsp-hmrp-ha-gbfs]-MO[]-T[518400]-04942420-1247c09/snapshots/snapshot_55_1.0000",f96fb578a4cdfa1581266f1bb348703cc162361889ba9f8822012e492f8eea66,21303729,mprime_phase_b_20260906_0,3ab7f0ee1ed8b0bb2f799eaf8b7b917c1be713b99b8e331b98b1bd0cb0942bd9,e032085fa2c1b0a25d6ae0235a642974e87d5e1c3894f4dd20fc68bdc63879d9,5fa02096ba6250802d804ec3d7bf6acd61eca930bd8baffd441f4b73bce92142,ef274cd23605de815800656c97b360ee7ff584b8
172,mprime-final-s2-on-1073581256-phase-b-a-rescore,12,on,1073581256,60,"/home/hersco/bershco-nu-asnets/numeric-asnets/asnets/experiment-results/experiments_numeric.domain.mprime-experiments_numeric.architecture_2.mprime_mcts-2026-09-15T10:26:04.576573/P[domain,pfile01,pfile02,pfile04,pfile05]-S[0.0003,50,enhsp-hmrp-ha-gbfs]-MO[]-T[518400]-04942420-1247c09/snapshots/snapshot_60_1.0000",3cd2b51d8a98fff7e5bdb35565f1680d34fb3958075ba833e7c747850818fc50,21303729,mprime_phase_b_20260906_0,3ab7f0ee1ed8b0bb2f799eaf8b7b917c1be713b99b8e331b98b1bd0cb0942bd9,e032085fa2c1b0a25d6ae0235a642974e87d5e1c3894f4dd20fc68bdc63879d9,5fa02096ba6250802d804ec3d7bf6acd61eca930bd8baffd441f4b73bce92142,ef274cd23605de815800656c97b360ee7ff584b8
173,mprime-final-s2-on-1073581256-phase-b-a-rescore,12,on,1073581256,65,"/home/hersco/bershco-nu-asnets/numeric-asnets/asnets/experiment-results/experiments_numeric.domain.mprime-experiments_numeric.architecture_2.mprime_mcts-2026-09-15T10:26:04.576573/P[domain,pfile01,pfile02,pfile04,pfile05]-S[0.0003,50,enhsp-hmrp-ha-gbfs]-MO[]-T[518400]-04942420-1247c09/snapshots/snapshot_65_1.0000",64e4ccf6a2c6bfbcbe38f5681b3614072d3a9d1667fe90a1765e92c84e0d6c77,21303729,mprime_phase_b_20260906_0,3ab7f0ee1ed8b0bb2f799eaf8b7b917c1be713b99b8e331b98b1bd0cb0942bd9,e032085fa2c1b0a25d6ae0235a642974e87d5e1c3894f4dd20fc68bdc63879d9,5fa02096ba6250802d804ec3d7bf6acd61eca930bd8baffd441f4b73bce92142,ef274cd23605de815800656c97b360ee7ff584b8
174,mprime-final-s2-on-1073581256-phase-b-a-rescore,12,on,1073581256,70,"/home/hersco/bershco-nu-asnets/numeric-asnets/asnets/experiment-results/experiments_numeric.domain.mprime-experiments_numeric.architecture_2.mprime_mcts-2026-09-15T10:26:04.576573/P[domain,pfile01,pfile02,pfile04,pfile05]-S[0.0003,50,enhsp-hmrp-ha-gbfs]-MO[]-T[518400]-04942420-1247c09/snapshots/snapshot_70_1.0000",d19979d5b7850452c2b8bb2a7042d71cd53e58b1e573f1b84aeb2c9a1d9ed4e9,21303729,mprime_phase_b_20260906_0,3ab7f0ee1ed8b0bb2f799eaf8b7b917c1be713b99b8e331b98b1bd0cb0942bd9,e032085fa2c1b0a25d6ae0235a642974e87d5e1c3894f4dd20fc68bdc63879d9,5fa02096ba6250802d804ec3d7bf6acd61eca930bd8baffd441f4b73bce92142,ef274cd23605de815800656c97b360ee7ff584b8
175,mprime-final-s2-on-1073581256-phase-b-a-rescore,12,on,1073581256,75,"/home/hersco/bershco-nu-asnets/numeric-asnets/asnets/experiment-results/experiments_numeric.domain.mprime-experiments_numeric.architecture_2.mprime_mcts-2026-09-15T10:26:04.576573/P[domain,pfile01,pfile02,pfile04,pfile05]-S[0.0003,50,enhsp-hmrp-ha-gbfs]-MO[]-T[518400]-04942420-1247c09/snapshots/snapshot_75_1.0000",dfde8c83b6192d82eb9ef37f2ddfd697546c375fd155ff189bd96979f285f1f8,21303729,mprime_phase_b_20260906_0,3ab7f0ee1ed8b0bb2f799eaf8b7b917c1be713b99b8e331b98b1bd0cb0942bd9,e032085fa2c1b0a25d6ae0235a642974e87d5e1c3894f4dd20fc68bdc63879d9,5fa02096ba6250802d804ec3d7bf6acd61eca930bd8baffd441f4b73bce92142,ef274cd23605de815800656c97b360ee7ff584b8
176,mprime-final-s2-on-1073581256-phase-b-a-rescore,12,on,1073581256,80,"/home/hersco/bershco-nu-asnets/numeric-asnets/asnets/experiment-results/experiments_numeric.domain.mprime-experiments_numeric.architecture_2.mprime_mcts-2026-09-15T10:26:04.576573/P[domain,pfile01,pfile02,pfile04,pfile05]-S[0.0003,50,enhsp-hmrp-ha-gbfs]-MO[]-T[518400]-04942420-1247c09/snapshots/snapshot_80_1.0000",81a01f0491e0e00402d3f95173339c439e205287ef633a1a12d6125a5e689981,21303729,mprime_phase_b_20260906_0,3ab7f0ee1ed8b0bb2f799eaf8b7b917c1be713b99b8e331b98b1bd0cb0942bd9,e032085fa2c1b0a25d6ae0235a642974e87d5e1c3894f4dd20fc68bdc63879d9,5fa02096ba6250802d804ec3d7bf6acd61eca930bd8baffd441f4b73bce92142,ef274cd23605de815800656c97b360ee7ff584b8
177,mprime-final-s2-on-1073581256-phase-b-a-rescore,12,on,1073581256,85,"/home/hersco/bershco-nu-asnets/numeric-asnets/asnets/experiment-results/experiments_numeric.domain.mprime-experiments_numeric.architecture_2.mprime_mcts-2026-09-15T10:26:04.576573/P[domain,pfile01,pfile02,pfile04,pfile05]-S[0.0003,50,enhsp-hmrp-ha-gbfs]-MO[]-T[518400]-04942420-1247c09/snapshots/snapshot_85_1.0000",7fdb63691b5d4db7e3652cd0cbf3be6fc3735de922cb3e043f9bcf6c84480371,21303729,mprime_phase_b_20260906_0,3ab7f0ee1ed8b0bb2f799eaf8b7b917c1be713b99b8e331b98b1bd0cb0942bd9,e032085fa2c1b0a25d6ae0235a642974e87d5e1c3894f4dd20fc68bdc63879d9,5fa02096ba6250802d804ec3d7bf6acd61eca930bd8baffd441f4b73bce92142,ef274cd23605de815800656c97b360ee7ff584b8
178,mprime-final-s2-on-1073581256-phase-b-a-rescore,12,on,1073581256,90,"/home/hersco/bershco-nu-asnets/numeric-asnets/asnets/experiment-results/experiments_numeric.domain.mprime-experiments_numeric.architecture_2.mprime_mcts-2026-09-15T10:26:04.576573/P[domain,pfile01,pfile02,pfile04,pfile05]-S[0.0003,50,enhsp-hmrp-ha-gbfs]-MO[]-T[518400]-04942420-1247c09/snapshots/snapshot_90_1.0000",e1b60b356c38409998dc4ce944f6adf1a01fc355b5c75b5fa82bb6daea675b5a,21303729,mprime_phase_b_20260906_0,3ab7f0ee1ed8b0bb2f799eaf8b7b917c1be713b99b8e331b98b1bd0cb0942bd9,e032085fa2c1b0a25d6ae0235a642974e87d5e1c3894f4dd20fc68bdc63879d9,5fa02096ba6250802d804ec3d7bf6acd61eca930bd8baffd441f4b73bce92142,ef274cd23605de815800656c97b360ee7ff584b8
179,mprime-final-s2-on-1073581256-phase-b-a-rescore,12,on,1073581256,95,"/home/hersco/bershco-nu-asnets/numeric-asnets/asnets/experiment-results/experiments_numeric.domain.mprime-experiments_numeric.architecture_2.mprime_mcts-2026-09-15T10:26:04.576573/P[domain,pfile01,pfile02,pfile04,pfile05]-S[0.0003,50,enhsp-hmrp-ha-gbfs]-MO[]-T[518400]-04942420-1247c09/snapshots/snapshot_95_1.0000",d546644a0d5ddceed141651487f53c815b9d13607ae654452461a0c315ec3ad1,21303729,mprime_phase_b_20260906_0,3ab7f0ee1ed8b0bb2f799eaf8b7b917c1be713b99b8e331b98b1bd0cb0942bd9,e032085fa2c1b0a25d6ae0235a642974e87d5e1c3894f4dd20fc68bdc63879d9,5fa02096ba6250802d804ec3d7bf6acd61eca930bd8baffd441f4b73bce92142,ef274cd23605de815800656c97b360ee7ff584b8
180,mprime-final-s2-on-1073581256-phase-b-a-rescore,12,on,1073581256,99,"/home/hersco/bershco-nu-asnets/numeric-asnets/asnets/experiment-results/experiments_numeric.domain.mprime-experiments_numeric.architecture_2.mprime_mcts-2026-09-15T10:26:04.576573/P[domain,pfile01,pfile02,pfile04,pfile05]-S[0.0003,50,enhsp-hmrp-ha-gbfs]-MO[]-T[518400]-04942420-1247c09/snapshots/snapshot_99_1.0000",785950f1ca41ab70249c98c2671764fc1d3cde2e507d4a50e75fd5d7d6e67244,21303729,mprime_phase_b_20260906_0,3ab7f0ee1ed8b0bb2f799eaf8b7b917c1be713b99b8e331b98b1bd0cb0942bd9,e032085fa2c1b0a25d6ae0235a642974e87d5e1c3894f4dd20fc68bdc63879d9,5fa02096ba6250802d804ec3d7bf6acd61eca930bd8baffd441f4b73bce92142,ef274cd23605de815800656c97b360ee7ff584b8
181,mprime-final-s2-on-1472491096-phase-b-a-rescore,14,on,1472491096,50,"/home/hersco/bershco-nu-asnets/numeric-asnets/asnets/experiment-results/experiments_numeric.domain.mprime-experiments_numeric.architecture_2.mprime_mcts-2026-09-15T10:26:04.576578/P[domain,pfile01,pfile02,pfile04,pfile05]-S[0.0003,50,enhsp-hmrp-ha-gbfs]-MO[]-T[518400]-04942420-43e0a7a/snapshots/snapshot_50_1.0000",9c0022ed3a4683c028646522a9aa56a0f6dfb2bf785ce6d038f49e378b51dfac,21303731,mprime_phase_b_20260906_0,3ab7f0ee1ed8b0bb2f799eaf8b7b917c1be713b99b8e331b98b1bd0cb0942bd9,e032085fa2c1b0a25d6ae0235a642974e87d5e1c3894f4dd20fc68bdc63879d9,5fa02096ba6250802d804ec3d7bf6acd61eca930bd8baffd441f4b73bce92142,ef274cd23605de815800656c97b360ee7ff584b8
182,mprime-final-s2-on-1472491096-phase-b-a-rescore,14,on,1472491096,55,"/home/hersco/bershco-nu-asnets/numeric-asnets/asnets/experiment-results/experiments_numeric.domain.mprime-experiments_numeric.architecture_2.mprime_mcts-2026-09-15T10:26:04.576578/P[domain,pfile01,pfile02,pfile04,pfile05]-S[0.0003,50,enhsp-hmrp-ha-gbfs]-MO[]-T[518400]-04942420-43e0a7a/snapshots/snapshot_55_1.0000",f997bcfc2ed651a1f0a949d0325022d31a461fdd6287c972d625ee23a02de1e9,21303731,mprime_phase_b_20260906_0,3ab7f0ee1ed8b0bb2f799eaf8b7b917c1be713b99b8e331b98b1bd0cb0942bd9,e032085fa2c1b0a25d6ae0235a642974e87d5e1c3894f4dd20fc68bdc63879d9,5fa02096ba6250802d804ec3d7bf6acd61eca930bd8baffd441f4b73bce92142,ef274cd23605de815800656c97b360ee7ff584b8
183,mprime-final-s2-on-1472491096-phase-b-a-rescore,14,on,1472491096,60,"/home/hersco/bershco-nu-asnets/numeric-asnets/asnets/experiment-results/experiments_numeric.domain.mprime-experiments_numeric.architecture_2.mprime_mcts-2026-09-15T10:26:04.576578/P[domain,pfile01,pfile02,pfile04,pfile05]-S[0.0003,50,enhsp-hmrp-ha-gbfs]-MO[]-T[518400]-04942420-43e0a7a/snapshots/snapshot_60_1.0000",32c927fecaa8884a0eab25233a63ecc58d84622cfdcca0d11ef4882e7fc2fc62,21303731,mprime_phase_b_20260906_0,3ab7f0ee1ed8b0bb2f799eaf8b7b917c1be713b99b8e331b98b1bd0cb0942bd9,e032085fa2c1b0a25d6ae0235a642974e87d5e1c3894f4dd20fc68bdc63879d9,5fa02096ba6250802d804ec3d7bf6acd61eca930bd8baffd441f4b73bce92142,ef274cd23605de815800656c97b360ee7ff584b8
184,mprime-final-s2-on-1472491096-phase-b-a-rescore,14,on,1472491096,65,"/home/hersco/bershco-nu-asnets/numeric-asnets/asnets/experiment-results/experiments_numeric.domain.mprime-experiments_numeric.architecture_2.mprime_mcts-2026-09-15T10:26:04.576578/P[domain,pfile01,pfile02,pfile04,pfile05]-S[0.0003,50,enhsp-hmrp-ha-gbfs]-MO[]-T[518400]-04942420-43e0a7a/snapshots/snapshot_65_1.0000",8496ddebb8044553666db203a3d718b01626d21f8d0ac2891e5a0b9308593c36,21303731,mprime_phase_b_20260906_0,3ab7f0ee1ed8b0bb2f799eaf8b7b917c1be713b99b8e331b98b1bd0cb0942bd9,e032085fa2c1b0a25d6ae0235a642974e87d5e1c3894f4dd20fc68bdc63879d9,5fa02096ba6250802d804ec3d7bf6acd61eca930bd8baffd441f4b73bce92142,ef274cd23605de815800656c97b360ee7ff584b8
185,mprime-final-s2-on-1472491096-phase-b-a-rescore,14,on,1472491096,70,"/home/hersco/bershco-nu-asnets/numeric-asnets/asnets/experiment-results/experiments_numeric.domain.mprime-experiments_numeric.architecture_2.mprime_mcts-2026-09-15T10:26:04.576578/P[domain,pfile01,pfile02,pfile04,pfile05]-S[0.0003,50,enhsp-hmrp-ha-gbfs]-MO[]-T[518400]-04942420-43e0a7a/snapshots/snapshot_70_1.0000",abee536a86a439bacb4cd94a7a72609e5413cdc0f52697d4ca212ed92d684a5d,21303731,mprime_phase_b_20260906_0,3ab7f0ee1ed8b0bb2f799eaf8b7b917c1be713b99b8e331b98b1bd0cb0942bd9,e032085fa2c1b0a25d6ae0235a642974e87d5e1c3894f4dd20fc68bdc63879d9,5fa02096ba6250802d804ec3d7bf6acd61eca930bd8baffd441f4b73bce92142,ef274cd23605de815800656c97b360ee7ff584b8
186,mprime-final-s2-on-1472491096-phase-b-a-rescore,14,on,1472491096,75,"/home/hersco/bershco-nu-asnets/numeric-asnets/asnets/experiment-results/experiments_numeric.domain.mprime-experiments_numeric.architecture_2.mprime_mcts-2026-09-15T10:26:04.576578/P[domain,pfile01,pfile02,pfile04,pfile05]-S[0.0003,50,enhsp-hmrp-ha-gbfs]-MO[]-T[518400]-04942420-43e0a7a/snapshots/snapshot_75_1.0000",5ec268ad522d8f3dee0cbb11cb1a7099acc16b04c778882d34a19de845a79ae9,21303731,mprime_phase_b_20260906_0,3ab7f0ee1ed8b0bb2f799eaf8b7b917c1be713b99b8e331b98b1bd0cb0942bd9,e032085fa2c1b0a25d6ae0235a642974e87d5e1c3894f4dd20fc68bdc63879d9,5fa02096ba6250802d804ec3d7bf6acd61eca930bd8baffd441f4b73bce92142,ef274cd23605de815800656c97b360ee7ff584b8
187,mprime-final-s2-on-1472491096-phase-b-a-rescore,14,on,1472491096,80,"/home/hersco/bershco-nu-asnets/numeric-asnets/asnets/experiment-results/experiments_numeric.domain.mprime-experiments_numeric.architecture_2.mprime_mcts-2026-09-15T10:26:04.576578/P[domain,pfile01,pfile02,pfile04,pfile05]-S[0.0003,50,enhsp-hmrp-ha-gbfs]-MO[]-T[518400]-04942420-43e0a7a/snapshots/snapshot_80_1.0000",420c1b32a74ed1913bdb112c400172e5b49b08faae8984b116ba311e0fdd4b3f,21303731,mprime_phase_b_20260906_0,3ab7f0ee1ed8b0bb2f799eaf8b7b917c1be713b99b8e331b98b1bd0cb0942bd9,e032085fa2c1b0a25d6ae0235a642974e87d5e1c3894f4dd20fc68bdc63879d9,5fa02096ba6250802d804ec3d7bf6acd61eca930bd8baffd441f4b73bce92142,ef274cd23605de815800656c97b360ee7ff584b8
188,mprime-final-s2-on-1472491096-phase-b-a-rescore,14,on,1472491096,85,"/home/hersco/bershco-nu-asnets/numeric-asnets/asnets/experiment-results/experiments_numeric.domain.mprime-experiments_numeric.architecture_2.mprime_mcts-2026-09-15T10:26:04.576578/P[domain,pfile01,pfile02,pfile04,pfile05]-S[0.0003,50,enhsp-hmrp-ha-gbfs]-MO[]-T[518400]-04942420-43e0a7a/snapshots/snapshot_85_1.0000",87ef7bfbc9d315fc30b8c89b943095f94e411032c53d807d1bdd47c2daac3a10,21303731,mprime_phase_b_20260906_0,3ab7f0ee1ed8b0bb2f799eaf8b7b917c1be713b99b8e331b98b1bd0cb0942bd9,e032085fa2c1b0a25d6ae0235a642974e87d5e1c3894f4dd20fc68bdc63879d9,5fa02096ba6250802d804ec3d7bf6acd61eca930bd8baffd441f4b73bce92142,ef274cd23605de815800656c97b360ee7ff584b8
189,mprime-final-s2-on-1472491096-phase-b-a-rescore,14,on,1472491096,90,"/home/hersco/bershco-nu-asnets/numeric-asnets/asnets/experiment-results/experiments_numeric.domain.mprime-experiments_numeric.architecture_2.mprime_mcts-2026-09-15T10:26:04.576578/P[domain,pfile01,pfile02,pfile04,pfile05]-S[0.0003,50,enhsp-hmrp-ha-gbfs]-MO[]-T[518400]-04942420-43e0a7a/snapshots/snapshot_90_1.0000",cb61d145ce897fc9f5c5694c6a6d03ac2a32f81e125137f8d8cc7a0dd5418907,21303731,mprime_phase_b_20260906_0,3ab7f0ee1ed8b0bb2f799eaf8b7b917c1be713b99b8e331b98b1bd0cb0942bd9,e032085fa2c1b0a25d6ae0235a642974e87d5e1c3894f4dd20fc68bdc63879d9,5fa02096ba6250802d804ec3d7bf6acd61eca930bd8baffd441f4b73bce92142,ef274cd23605de815800656c97b360ee7ff584b8
190,mprime-final-s2-on-1472491096-phase-b-a-rescore,14,on,1472491096,95,"/home/hersco/bershco-nu-asnets/numeric-asnets/asnets/experiment-results/experiments_numeric.domain.mprime-experiments_numeric.architecture_2.mprime_mcts-2026-09-15T10:26:04.576578/P[domain,pfile01,pfile02,pfile04,pfile05]-S[0.0003,50,enhsp-hmrp-ha-gbfs]-MO[]-T[518400]-04942420-43e0a7a/snapshots/snapshot_95_1.0000",f4070af842330e8002125ca86c4898e14ebb3a9bdf8bd7d79cb4bbe79ef7b52a,21303731,mprime_phase_b_20260906_0,3ab7f0ee1ed8b0bb2f799eaf8b7b917c1be713b99b8e331b98b1bd0cb0942bd9,e032085fa2c1b0a25d6ae0235a642974e87d5e1c3894f4dd20fc68bdc63879d9,5fa02096ba6250802d804ec3d7bf6acd61eca930bd8baffd441f4b73bce92142,ef274cd23605de815800656c97b360ee7ff584b8
191,mprime-final-s2-on-1472491096-phase-b-a-rescore,14,on,1472491096,99,"/home/hersco/bershco-nu-asnets/numeric-asnets/asnets/experiment-results/experiments_numeric.domain.mprime-experiments_numeric.architecture_2.mprime_mcts-2026-09-15T10:26:04.576578/P[domain,pfile01,pfile02,pfile04,pfile05]-S[0.0003,50,enhsp-hmrp-ha-gbfs]-MO[]-T[518400]-04942420-43e0a7a/snapshots/snapshot_99_1.0000",c2afd5049e9f948a994751e1c5130a641960dcc2702e2ebb7c8512a1f7d495ea,21303731,mprime_phase_b_20260906_0,3ab7f0ee1ed8b0bb2f799eaf8b7b917c1be713b99b8e331b98b1bd0cb0942bd9,e032085fa2c1b0a25d6ae0235a642974e87d5e1c3894f4dd20fc68bdc63879d9,5fa02096ba6250802d804ec3d7bf6acd61eca930bd8baffd441f4b73bce92142,ef274cd23605de815800656c97b360ee7ff584b8
192,mprime-final-s2-on-1510771779-phase-b-a-rescore,15,on,1510771779,40,"/home/hersco/bershco-nu-asnets/numeric-asnets/asnets/experiment-results/experiments_numeric.domain.mprime-experiments_numeric.architecture_2.mprime_mcts-2026-09-15T10:25:34.125892/P[domain,pfile01,pfile02,pfile04,pfile05]-S[0.0003,50,enhsp-hmrp-ha-gbfs]-MO[]-T[518400]-04942419-17cc32a/snapshots/snapshot_40_1.0000",0531ef6c79e20039ef03b38bc77d736399fa5e462d7ed1cc4d4b324522033c15,21303732,mprime_phase_b_20260906_0,3ab7f0ee1ed8b0bb2f799eaf8b7b917c1be713b99b8e331b98b1bd0cb0942bd9,e032085fa2c1b0a25d6ae0235a642974e87d5e1c3894f4dd20fc68bdc63879d9,5fa02096ba6250802d804ec3d7bf6acd61eca930bd8baffd441f4b73bce92142,ef274cd23605de815800656c97b360ee7ff584b8
193,mprime-final-s2-on-1510771779-phase-b-a-rescore,15,on,1510771779,45,"/home/hersco/bershco-nu-asnets/numeric-asnets/asnets/experiment-results/experiments_numeric.domain.mprime-experiments_numeric.architecture_2.mprime_mcts-2026-09-15T10:25:34.125892/P[domain,pfile01,pfile02,pfile04,pfile05]-S[0.0003,50,enhsp-hmrp-ha-gbfs]-MO[]-T[518400]-04942419-17cc32a/snapshots/snapshot_45_1.0000",67d467fa49cd5bf65f1a1e601ae66b534323736b107ecf3f6d9c78bf5b55882f,21303732,mprime_phase_b_20260906_0,3ab7f0ee1ed8b0bb2f799eaf8b7b917c1be713b99b8e331b98b1bd0cb0942bd9,e032085fa2c1b0a25d6ae0235a642974e87d5e1c3894f4dd20fc68bdc63879d9,5fa02096ba6250802d804ec3d7bf6acd61eca930bd8baffd441f4b73bce92142,ef274cd23605de815800656c97b360ee7ff584b8
194,mprime-final-s2-on-1510771779-phase-b-a-rescore,15,on,1510771779,50,"/home/hersco/bershco-nu-asnets/numeric-asnets/asnets/experiment-results/experiments_numeric.domain.mprime-experiments_numeric.architecture_2.mprime_mcts-2026-09-15T10:25:34.125892/P[domain,pfile01,pfile02,pfile04,pfile05]-S[0.0003,50,enhsp-hmrp-ha-gbfs]-MO[]-T[518400]-04942419-17cc32a/snapshots/snapshot_50_1.0000",03bb32f941b42791e6b1d04aa90df0a0498807b05d29600f6fecc49aae0efa83,21303732,mprime_phase_b_20260906_0,3ab7f0ee1ed8b0bb2f799eaf8b7b917c1be713b99b8e331b98b1bd0cb0942bd9,e032085fa2c1b0a25d6ae0235a642974e87d5e1c3894f4dd20fc68bdc63879d9,5fa02096ba6250802d804ec3d7bf6acd61eca930bd8baffd441f4b73bce92142,ef274cd23605de815800656c97b360ee7ff584b8
195,mprime-final-s2-on-1510771779-phase-b-a-rescore,15,on,1510771779,55,"/home/hersco/bershco-nu-asnets/numeric-asnets/asnets/experiment-results/experiments_numeric.domain.mprime-experiments_numeric.architecture_2.mprime_mcts-2026-09-15T10:25:34.125892/P[domain,pfile01,pfile02,pfile04,pfile05]-S[0.0003,50,enhsp-hmrp-ha-gbfs]-MO[]-T[518400]-04942419-17cc32a/snapshots/snapshot_55_1.0000",5fa5940d08f5f49bd1b0c8ab5ae0704d168f6f0849fb7705187e5b11685ff1e5,21303732,mprime_phase_b_20260906_0,3ab7f0ee1ed8b0bb2f799eaf8b7b917c1be713b99b8e331b98b1bd0cb0942bd9,e032085fa2c1b0a25d6ae0235a642974e87d5e1c3894f4dd20fc68bdc63879d9,5fa02096ba6250802d804ec3d7bf6acd61eca930bd8baffd441f4b73bce92142,ef274cd23605de815800656c97b360ee7ff584b8
196,mprime-final-s2-on-1510771779-phase-b-a-rescore,15,on,1510771779,60,"/home/hersco/bershco-nu-asnets/numeric-asnets/asnets/experiment-results/experiments_numeric.domain.mprime-experiments_numeric.architecture_2.mprime_mcts-2026-09-15T10:25:34.125892/P[domain,pfile01,pfile02,pfile04,pfile05]-S[0.0003,50,enhsp-hmrp-ha-gbfs]-MO[]-T[518400]-04942419-17cc32a/snapshots/snapshot_60_1.0000",a322a3edea01f982a47ac418e14faa9acd42fd22ac71f3ab6482d4cace4d5d77,21303732,mprime_phase_b_20260906_0,3ab7f0ee1ed8b0bb2f799eaf8b7b917c1be713b99b8e331b98b1bd0cb0942bd9,e032085fa2c1b0a25d6ae0235a642974e87d5e1c3894f4dd20fc68bdc63879d9,5fa02096ba6250802d804ec3d7bf6acd61eca930bd8baffd441f4b73bce92142,ef274cd23605de815800656c97b360ee7ff584b8
197,mprime-final-s2-on-1510771779-phase-b-a-rescore,15,on,1510771779,65,"/home/hersco/bershco-nu-asnets/numeric-asnets/asnets/experiment-results/experiments_numeric.domain.mprime-experiments_numeric.architecture_2.mprime_mcts-2026-09-15T10:25:34.125892/P[domain,pfile01,pfile02,pfile04,pfile05]-S[0.0003,50,enhsp-hmrp-ha-gbfs]-MO[]-T[518400]-04942419-17cc32a/snapshots/snapshot_65_1.0000",cf103e4db7005dcf04b034f2ac9d26a17177d9975fcf518e2dd346d3998ad13a,21303732,mprime_phase_b_20260906_0,3ab7f0ee1ed8b0bb2f799eaf8b7b917c1be713b99b8e331b98b1bd0cb0942bd9,e032085fa2c1b0a25d6ae0235a642974e87d5e1c3894f4dd20fc68bdc63879d9,5fa02096ba6250802d804ec3d7bf6acd61eca930bd8baffd441f4b73bce92142,ef274cd23605de815800656c97b360ee7ff584b8
198,mprime-final-s2-on-1510771779-phase-b-a-rescore,15,on,1510771779,70,"/home/hersco/bershco-nu-asnets/numeric-asnets/asnets/experiment-results/experiments_numeric.domain.mprime-experiments_numeric.architecture_2.mprime_mcts-2026-09-15T10:25:34.125892/P[domain,pfile01,pfile02,pfile04,pfile05]-S[0.0003,50,enhsp-hmrp-ha-gbfs]-MO[]-T[518400]-04942419-17cc32a/snapshots/snapshot_70_1.0000",65531d6fa5cd287e7a013b3cde89f0a056851d5998c07fb0b62ba08a952d9c66,21303732,mprime_phase_b_20260906_0,3ab7f0ee1ed8b0bb2f799eaf8b7b917c1be713b99b8e331b98b1bd0cb0942bd9,e032085fa2c1b0a25d6ae0235a642974e87d5e1c3894f4dd20fc68bdc63879d9,5fa02096ba6250802d804ec3d7bf6acd61eca930bd8baffd441f4b73bce92142,ef274cd23605de815800656c97b360ee7ff584b8
199,mprime-final-s2-on-1510771779-phase-b-a-rescore,15,on,1510771779,75,"/home/hersco/bershco-nu-asnets/numeric-asnets/asnets/experiment-results/experiments_numeric.domain.mprime-experiments_numeric.architecture_2.mprime_mcts-2026-09-15T10:25:34.125892/P[domain,pfile01,pfile02,pfile04,pfile05]-S[0.0003,50,enhsp-hmrp-ha-gbfs]-MO[]-T[518400]-04942419-17cc32a/snapshots/snapshot_75_1.0000",23cf1a868ecc8e8c8383b262a2e6330a68a9d7ccd22eb32e37ffff1137ecfc9f,21303732,mprime_phase_b_20260906_0,3ab7f0ee1ed8b0bb2f799eaf8b7b917c1be713b99b8e331b98b1bd0cb0942bd9,e032085fa2c1b0a25d6ae0235a642974e87d5e1c3894f4dd20fc68bdc63879d9,5fa02096ba6250802d804ec3d7bf6acd61eca930bd8baffd441f4b73bce92142,ef274cd23605de815800656c97b360ee7ff584b8
200,mprime-final-s2-on-1510771779-phase-b-a-rescore,15,on,1510771779,80,"/home/hersco/bershco-nu-asnets/numeric-asnets/asnets/experiment-results/experiments_numeric.domain.mprime-experiments_numeric.architecture_2.mprime_mcts-2026-09-15T10:25:34.125892/P[domain,pfile01,pfile02,pfile04,pfile05]-S[0.0003,50,enhsp-hmrp-ha-gbfs]-MO[]-T[518400]-04942419-17cc32a/snapshots/snapshot_80_1.0000",6a11bda0324dcb4aa063d28fd4d972e486920835f01e120e6dc586c520bca077,21303732,mprime_phase_b_20260906_0,3ab7f0ee1ed8b0bb2f799eaf8b7b917c1be713b99b8e331b98b1bd0cb0942bd9,e032085fa2c1b0a25d6ae0235a642974e87d5e1c3894f4dd20fc68bdc63879d9,5fa02096ba6250802d804ec3d7bf6acd61eca930bd8baffd441f4b73bce92142,ef274cd23605de815800656c97b360ee7ff584b8
201,mprime-final-s2-on-1510771779-phase-b-a-rescore,15,on,1510771779,85,"/home/hersco/bershco-nu-asnets/numeric-asnets/asnets/experiment-results/experiments_numeric.domain.mprime-experiments_numeric.architecture_2.mprime_mcts-2026-09-15T10:25:34.125892/P[domain,pfile01,pfile02,pfile04,pfile05]-S[0.0003,50,enhsp-hmrp-ha-gbfs]-MO[]-T[518400]-04942419-17cc32a/snapshots/snapshot_85_1.0000",a85671f9f520fece98ddeb1f886cd193c0e33f39ab81de277a0af0324efcf43a,21303732,mprime_phase_b_20260906_0,3ab7f0ee1ed8b0bb2f799eaf8b7b917c1be713b99b8e331b98b1bd0cb0942bd9,e032085fa2c1b0a25d6ae0235a642974e87d5e1c3894f4dd20fc68bdc63879d9,5fa02096ba6250802d804ec3d7bf6acd61eca930bd8baffd441f4b73bce92142,ef274cd23605de815800656c97b360ee7ff584b8
202,mprime-final-s2-on-1510771779-phase-b-a-rescore,15,on,1510771779,90,"/home/hersco/bershco-nu-asnets/numeric-asnets/asnets/experiment-results/experiments_numeric.domain.mprime-experiments_numeric.architecture_2.mprime_mcts-2026-09-15T10:25:34.125892/P[domain,pfile01,pfile02,pfile04,pfile05]-S[0.0003,50,enhsp-hmrp-ha-gbfs]-MO[]-T[518400]-04942419-17cc32a/snapshots/snapshot_90_1.0000",92abe3c6dc99a9376758e9f236fdef972422f002af18d851e352f7036430e355,21303732,mprime_phase_b_20260906_0,3ab7f0ee1ed8b0bb2f799eaf8b7b917c1be713b99b8e331b98b1bd0cb0942bd9,e032085fa2c1b0a25d6ae0235a642974e87d5e1c3894f4dd20fc68bdc63879d9,5fa02096ba6250802d804ec3d7bf6acd61eca930bd8baffd441f4b73bce92142,ef274cd23605de815800656c97b360ee7ff584b8
203,mprime-final-s2-on-1510771779-phase-b-a-rescore,15,on,1510771779,95,"/home/hersco/bershco-nu-asnets/numeric-asnets/asnets/experiment-results/experiments_numeric.domain.mprime-experiments_numeric.architecture_2.mprime_mcts-2026-09-15T10:25:34.125892/P[domain,pfile01,pfile02,pfile04,pfile05]-S[0.0003,50,enhsp-hmrp-ha-gbfs]-MO[]-T[518400]-04942419-17cc32a/snapshots/snapshot_95_1.0000",a46a97c14871d0161203ee9eb7501ffe6b7b44d266623ef5b23364840196aa97,21303732,mprime_phase_b_20260906_0,3ab7f0ee1ed8b0bb2f799eaf8b7b917c1be713b99b8e331b98b1bd0cb0942bd9,e032085fa2c1b0a25d6ae0235a642974e87d5e1c3894f4dd20fc68bdc63879d9,5fa02096ba6250802d804ec3d7bf6acd61eca930bd8baffd441f4b73bce92142,ef274cd23605de815800656c97b360ee7ff584b8
204,mprime-final-s2-on-1510771779-phase-b-a-rescore,15,on,1510771779,99,"/home/hersco/bershco-nu-asnets/numeric-asnets/asnets/experiment-results/experiments_numeric.domain.mprime-experiments_numeric.architecture_2.mprime_mcts-2026-09-15T10:25:34.125892/P[domain,pfile01,pfile02,pfile04,pfile05]-S[0.0003,50,enhsp-hmrp-ha-gbfs]-MO[]-T[518400]-04942419-17cc32a/snapshots/snapshot_99_1.0000",5d4662d96e89097d6e3e2b092f7630916372d0255e5057d04677c07be3023733,21303732,mprime_phase_b_20260906_0,3ab7f0ee1ed8b0bb2f799eaf8b7b917c1be713b99b8e331b98b1bd0cb0942bd9,e032085fa2c1b0a25d6ae0235a642974e87d5e1c3894f4dd20fc68bdc63879d9,5fa02096ba6250802d804ec3d7bf6acd61eca930bd8baffd441f4b73bce92142,ef274cd23605de815800656c97b360ee7ff584b8
205,mprime-final-s2-on-1963100312-phase-b-a-rescore,16,on,1963100312,50,"/home/hersco/bershco-nu-asnets/numeric-asnets/asnets/experiment-results/experiments_numeric.domain.mprime-experiments_numeric.architecture_2.mprime_mcts-2026-09-15T10:25:34.125886/P[domain,pfile01,pfile02,pfile04,pfile05]-S[0.0003,50,enhsp-hmrp-ha-gbfs]-MO[]-T[518400]-04942419-2fc32f3/snapshots/snapshot_50_1.0000",a6e84382480eb09199314dd5537ffe5cd3609ac524772d6b9fc97a570c21325b,21303733,mprime_phase_b_20260906_0,3ab7f0ee1ed8b0bb2f799eaf8b7b917c1be713b99b8e331b98b1bd0cb0942bd9,e032085fa2c1b0a25d6ae0235a642974e87d5e1c3894f4dd20fc68bdc63879d9,5fa02096ba6250802d804ec3d7bf6acd61eca930bd8baffd441f4b73bce92142,ef274cd23605de815800656c97b360ee7ff584b8
206,mprime-final-s2-on-1963100312-phase-b-a-rescore,16,on,1963100312,55,"/home/hersco/bershco-nu-asnets/numeric-asnets/asnets/experiment-results/experiments_numeric.domain.mprime-experiments_numeric.architecture_2.mprime_mcts-2026-09-15T10:25:34.125886/P[domain,pfile01,pfile02,pfile04,pfile05]-S[0.0003,50,enhsp-hmrp-ha-gbfs]-MO[]-T[518400]-04942419-2fc32f3/snapshots/snapshot_55_1.0000",43eba3958f30d17e7b34af2f8759f8fbe8272cea15ae12377a6a012271228261,21303733,mprime_phase_b_20260906_0,3ab7f0ee1ed8b0bb2f799eaf8b7b917c1be713b99b8e331b98b1bd0cb0942bd9,e032085fa2c1b0a25d6ae0235a642974e87d5e1c3894f4dd20fc68bdc63879d9,5fa02096ba6250802d804ec3d7bf6acd61eca930bd8baffd441f4b73bce92142,ef274cd23605de815800656c97b360ee7ff584b8
207,mprime-final-s2-on-1963100312-phase-b-a-rescore,16,on,1963100312,60,"/home/hersco/bershco-nu-asnets/numeric-asnets/asnets/experiment-results/experiments_numeric.domain.mprime-experiments_numeric.architecture_2.mprime_mcts-2026-09-15T10:25:34.125886/P[domain,pfile01,pfile02,pfile04,pfile05]-S[0.0003,50,enhsp-hmrp-ha-gbfs]-MO[]-T[518400]-04942419-2fc32f3/snapshots/snapshot_60_1.0000",a070e5ab22a4cd03877a2236a32d04738a7cd67bbf9c243e65d90cb84b8b0a69,21303733,mprime_phase_b_20260906_0,3ab7f0ee1ed8b0bb2f799eaf8b7b917c1be713b99b8e331b98b1bd0cb0942bd9,e032085fa2c1b0a25d6ae0235a642974e87d5e1c3894f4dd20fc68bdc63879d9,5fa02096ba6250802d804ec3d7bf6acd61eca930bd8baffd441f4b73bce92142,ef274cd23605de815800656c97b360ee7ff584b8
208,mprime-final-s2-on-1963100312-phase-b-a-rescore,16,on,1963100312,65,"/home/hersco/bershco-nu-asnets/numeric-asnets/asnets/experiment-results/experiments_numeric.domain.mprime-experiments_numeric.architecture_2.mprime_mcts-2026-09-15T10:25:34.125886/P[domain,pfile01,pfile02,pfile04,pfile05]-S[0.0003,50,enhsp-hmrp-ha-gbfs]-MO[]-T[518400]-04942419-2fc32f3/snapshots/snapshot_65_1.0000",7bb9d6180ab7455c2f2bbd83f1ee97d14345d3f25c639c92e1902995935544a8,21303733,mprime_phase_b_20260906_0,3ab7f0ee1ed8b0bb2f799eaf8b7b917c1be713b99b8e331b98b1bd0cb0942bd9,e032085fa2c1b0a25d6ae0235a642974e87d5e1c3894f4dd20fc68bdc63879d9,5fa02096ba6250802d804ec3d7bf6acd61eca930bd8baffd441f4b73bce92142,ef274cd23605de815800656c97b360ee7ff584b8
209,mprime-final-s2-on-1963100312-phase-b-a-rescore,16,on,1963100312,70,"/home/hersco/bershco-nu-asnets/numeric-asnets/asnets/experiment-results/experiments_numeric.domain.mprime-experiments_numeric.architecture_2.mprime_mcts-2026-09-15T10:25:34.125886/P[domain,pfile01,pfile02,pfile04,pfile05]-S[0.0003,50,enhsp-hmrp-ha-gbfs]-MO[]-T[518400]-04942419-2fc32f3/snapshots/snapshot_70_1.0000",348a31a8cbf7675c27fff24e5ece20b4ffce35d40b22f51db31518615dde057b,21303733,mprime_phase_b_20260906_0,3ab7f0ee1ed8b0bb2f799eaf8b7b917c1be713b99b8e331b98b1bd0cb0942bd9,e032085fa2c1b0a25d6ae0235a642974e87d5e1c3894f4dd20fc68bdc63879d9,5fa02096ba6250802d804ec3d7bf6acd61eca930bd8baffd441f4b73bce92142,ef274cd23605de815800656c97b360ee7ff584b8
210,mprime-final-s2-on-1963100312-phase-b-a-rescore,16,on,1963100312,75,"/home/hersco/bershco-nu-asnets/numeric-asnets/asnets/experiment-results/experiments_numeric.domain.mprime-experiments_numeric.architecture_2.mprime_mcts-2026-09-15T10:25:34.125886/P[domain,pfile01,pfile02,pfile04,pfile05]-S[0.0003,50,enhsp-hmrp-ha-gbfs]-MO[]-T[518400]-04942419-2fc32f3/snapshots/snapshot_75_1.0000",676d5b5416c10fd6ea8a8b207f7bd4797a4a30fb57c8a2f484a3f3363cadb9e8,21303733,mprime_phase_b_20260906_0,3ab7f0ee1ed8b0bb2f799eaf8b7b917c1be713b99b8e331b98b1bd0cb0942bd9,e032085fa2c1b0a25d6ae0235a642974e87d5e1c3894f4dd20fc68bdc63879d9,5fa02096ba6250802d804ec3d7bf6acd61eca930bd8baffd441f4b73bce92142,ef274cd23605de815800656c97b360ee7ff584b8
211,mprime-final-s2-on-1963100312-phase-b-a-rescore,16,on,1963100312,80,"/home/hersco/bershco-nu-asnets/numeric-asnets/asnets/experiment-results/experiments_numeric.domain.mprime-experiments_numeric.architecture_2.mprime_mcts-2026-09-15T10:25:34.125886/P[domain,pfile01,pfile02,pfile04,pfile05]-S[0.0003,50,enhsp-hmrp-ha-gbfs]-MO[]-T[518400]-04942419-2fc32f3/snapshots/snapshot_80_1.0000",1783aebfdf8681d30790b14d62043e34ef11867421e1e2373d9423e8cb0911a6,21303733,mprime_phase_b_20260906_0,3ab7f0ee1ed8b0bb2f799eaf8b7b917c1be713b99b8e331b98b1bd0cb0942bd9,e032085fa2c1b0a25d6ae0235a642974e87d5e1c3894f4dd20fc68bdc63879d9,5fa02096ba6250802d804ec3d7bf6acd61eca930bd8baffd441f4b73bce92142,ef274cd23605de815800656c97b360ee7ff584b8
212,mprime-final-s2-on-1963100312-phase-b-a-rescore,16,on,1963100312,85,"/home/hersco/bershco-nu-asnets/numeric-asnets/asnets/experiment-results/experiments_numeric.domain.mprime-experiments_numeric.architecture_2.mprime_mcts-2026-09-15T10:25:34.125886/P[domain,pfile01,pfile02,pfile04,pfile05]-S[0.0003,50,enhsp-hmrp-ha-gbfs]-MO[]-T[518400]-04942419-2fc32f3/snapshots/snapshot_85_1.0000",01078555da65655ce5a681711cfd72882045d33f6e13663951d0e867c88ccb30,21303733,mprime_phase_b_20260906_0,3ab7f0ee1ed8b0bb2f799eaf8b7b917c1be713b99b8e331b98b1bd0cb0942bd9,e032085fa2c1b0a25d6ae0235a642974e87d5e1c3894f4dd20fc68bdc63879d9,5fa02096ba6250802d804ec3d7bf6acd61eca930bd8baffd441f4b73bce92142,ef274cd23605de815800656c97b360ee7ff584b8
213,mprime-final-s2-on-1963100312-phase-b-a-rescore,16,on,1963100312,90,"/home/hersco/bershco-nu-asnets/numeric-asnets/asnets/experiment-results/experiments_numeric.domain.mprime-experiments_numeric.architecture_2.mprime_mcts-2026-09-15T10:25:34.125886/P[domain,pfile01,pfile02,pfile04,pfile05]-S[0.0003,50,enhsp-hmrp-ha-gbfs]-MO[]-T[518400]-04942419-2fc32f3/snapshots/snapshot_90_1.0000",8f209e3dff021077d87df09705b8a0d330e6870a0f25ab2e5408ab536af8adfc,21303733,mprime_phase_b_20260906_0,3ab7f0ee1ed8b0bb2f799eaf8b7b917c1be713b99b8e331b98b1bd0cb0942bd9,e032085fa2c1b0a25d6ae0235a642974e87d5e1c3894f4dd20fc68bdc63879d9,5fa02096ba6250802d804ec3d7bf6acd61eca930bd8baffd441f4b73bce92142,ef274cd23605de815800656c97b360ee7ff584b8
214,mprime-final-s2-on-1963100312-phase-b-a-rescore,16,on,1963100312,95,"/home/hersco/bershco-nu-asnets/numeric-asnets/asnets/experiment-results/experiments_numeric.domain.mprime-experiments_numeric.architecture_2.mprime_mcts-2026-09-15T10:25:34.125886/P[domain,pfile01,pfile02,pfile04,pfile05]-S[0.0003,50,enhsp-hmrp-ha-gbfs]-MO[]-T[518400]-04942419-2fc32f3/snapshots/snapshot_95_1.0000",4cf19b238e9640052934882cab7a2df54b3fa2bb2e76e98bde7e5ef66515e424,21303733,mprime_phase_b_20260906_0,3ab7f0ee1ed8b0bb2f799eaf8b7b917c1be713b99b8e331b98b1bd0cb0942bd9,e032085fa2c1b0a25d6ae0235a642974e87d5e1c3894f4dd20fc68bdc63879d9,5fa02096ba6250802d804ec3d7bf6acd61eca930bd8baffd441f4b73bce92142,ef274cd23605de815800656c97b360ee7ff584b8
215,mprime-final-s2-on-1963100312-phase-b-a-rescore,16,on,1963100312,99,"/home/hersco/bershco-nu-asnets/numeric-asnets/asnets/experiment-results/experiments_numeric.domain.mprime-experiments_numeric.architecture_2.mprime_mcts-2026-09-15T10:25:34.125886/P[domain,pfile01,pfile02,pfile04,pfile05]-S[0.0003,50,enhsp-hmrp-ha-gbfs]-MO[]-T[518400]-04942419-2fc32f3/snapshots/snapshot_99_1.0000",af13b2832a770e884e5248f88e05ba0a11a7bdd01d8b05c16628c20ee50e42a1,21303733,mprime_phase_b_20260906_0,3ab7f0ee1ed8b0bb2f799eaf8b7b917c1be713b99b8e331b98b1bd0cb0942bd9,e032085fa2c1b0a25d6ae0235a642974e87d5e1c3894f4dd20fc68bdc63879d9,5fa02096ba6250802d804ec3d7bf6acd61eca930bd8baffd441f4b73bce92142,ef274cd23605de815800656c97b360ee7ff584b8
216,mprime-final-s2-on-1972442430-phase-b-a-rescore,17,on,1972442430,45,"/home/hersco/bershco-nu-asnets/numeric-asnets/asnets/experiment-results/experiments_numeric.domain.mprime-experiments_numeric.architecture_2.mprime_mcts-2026-09-15T10:25:34.125892/P[domain,pfile01,pfile02,pfile04,pfile05]-S[0.0003,50,enhsp-hmrp-ha-gbfs]-MO[]-T[518400]-04942419-72aea46/snapshots/snapshot_45_1.0000",ac9d9f81f373708f80c57ee4edb5914ee2f6455841bf69541ca8f5dbdd843b03,21303734,mprime_phase_b_20260906_0,3ab7f0ee1ed8b0bb2f799eaf8b7b917c1be713b99b8e331b98b1bd0cb0942bd9,e032085fa2c1b0a25d6ae0235a642974e87d5e1c3894f4dd20fc68bdc63879d9,5fa02096ba6250802d804ec3d7bf6acd61eca930bd8baffd441f4b73bce92142,ef274cd23605de815800656c97b360ee7ff584b8
217,mprime-final-s2-on-1972442430-phase-b-a-rescore,17,on,1972442430,50,"/home/hersco/bershco-nu-asnets/numeric-asnets/asnets/experiment-results/experiments_numeric.domain.mprime-experiments_numeric.architecture_2.mprime_mcts-2026-09-15T10:25:34.125892/P[domain,pfile01,pfile02,pfile04,pfile05]-S[0.0003,50,enhsp-hmrp-ha-gbfs]-MO[]-T[518400]-04942419-72aea46/snapshots/snapshot_50_1.0000",a6d2f17e319a56c1f5ab6bdafbb3d24bbd360301c25513378697d183fd5cba0c,21303734,mprime_phase_b_20260906_0,3ab7f0ee1ed8b0bb2f799eaf8b7b917c1be713b99b8e331b98b1bd0cb0942bd9,e032085fa2c1b0a25d6ae0235a642974e87d5e1c3894f4dd20fc68bdc63879d9,5fa02096ba6250802d804ec3d7bf6acd61eca930bd8baffd441f4b73bce92142,ef274cd23605de815800656c97b360ee7ff584b8
218,mprime-final-s2-on-1972442430-phase-b-a-rescore,17,on,1972442430,55,"/home/hersco/bershco-nu-asnets/numeric-asnets/asnets/experiment-results/experiments_numeric.domain.mprime-experiments_numeric.architecture_2.mprime_mcts-2026-09-15T10:25:34.125892/P[domain,pfile01,pfile02,pfile04,pfile05]-S[0.0003,50,enhsp-hmrp-ha-gbfs]-MO[]-T[518400]-04942419-72aea46/snapshots/snapshot_55_1.0000",bc3f0cc8f452013549da99add1e7056b98e145fb4ac60801f4c69bc869c118a8,21303734,mprime_phase_b_20260906_0,3ab7f0ee1ed8b0bb2f799eaf8b7b917c1be713b99b8e331b98b1bd0cb0942bd9,e032085fa2c1b0a25d6ae0235a642974e87d5e1c3894f4dd20fc68bdc63879d9,5fa02096ba6250802d804ec3d7bf6acd61eca930bd8baffd441f4b73bce92142,ef274cd23605de815800656c97b360ee7ff584b8
219,mprime-final-s2-on-1972442430-phase-b-a-rescore,17,on,1972442430,60,"/home/hersco/bershco-nu-asnets/numeric-asnets/asnets/experiment-results/experiments_numeric.domain.mprime-experiments_numeric.architecture_2.mprime_mcts-2026-09-15T10:25:34.125892/P[domain,pfile01,pfile02,pfile04,pfile05]-S[0.0003,50,enhsp-hmrp-ha-gbfs]-MO[]-T[518400]-04942419-72aea46/snapshots/snapshot_60_1.0000",0f7e9aa353d3951fbc02a3db72285cca5131cb14eb657c4330d1f391dd8317d2,21303734,mprime_phase_b_20260906_0,3ab7f0ee1ed8b0bb2f799eaf8b7b917c1be713b99b8e331b98b1bd0cb0942bd9,e032085fa2c1b0a25d6ae0235a642974e87d5e1c3894f4dd20fc68bdc63879d9,5fa02096ba6250802d804ec3d7bf6acd61eca930bd8baffd441f4b73bce92142,ef274cd23605de815800656c97b360ee7ff584b8
220,mprime-final-s2-on-1972442430-phase-b-a-rescore,17,on,1972442430,65,"/home/hersco/bershco-nu-asnets/numeric-asnets/asnets/experiment-results/experiments_numeric.domain.mprime-experiments_numeric.architecture_2.mprime_mcts-2026-09-15T10:25:34.125892/P[domain,pfile01,pfile02,pfile04,pfile05]-S[0.0003,50,enhsp-hmrp-ha-gbfs]-MO[]-T[518400]-04942419-72aea46/snapshots/snapshot_65_1.0000",3b74461775f0794303cb5f981f03573f6096d4b0e25c85ceddacc022abeea535,21303734,mprime_phase_b_20260906_0,3ab7f0ee1ed8b0bb2f799eaf8b7b917c1be713b99b8e331b98b1bd0cb0942bd9,e032085fa2c1b0a25d6ae0235a642974e87d5e1c3894f4dd20fc68bdc63879d9,5fa02096ba6250802d804ec3d7bf6acd61eca930bd8baffd441f4b73bce92142,ef274cd23605de815800656c97b360ee7ff584b8
221,mprime-final-s2-on-1972442430-phase-b-a-rescore,17,on,1972442430,70,"/home/hersco/bershco-nu-asnets/numeric-asnets/asnets/experiment-results/experiments_numeric.domain.mprime-experiments_numeric.architecture_2.mprime_mcts-2026-09-15T10:25:34.125892/P[domain,pfile01,pfile02,pfile04,pfile05]-S[0.0003,50,enhsp-hmrp-ha-gbfs]-MO[]-T[518400]-04942419-72aea46/snapshots/snapshot_70_1.0000",6393275e1fbe280fe3fb717d5dc5b2d8a9e623c42a691f0a7ef7b018de4a9997,21303734,mprime_phase_b_20260906_0,3ab7f0ee1ed8b0bb2f799eaf8b7b917c1be713b99b8e331b98b1bd0cb0942bd9,e032085fa2c1b0a25d6ae0235a642974e87d5e1c3894f4dd20fc68bdc63879d9,5fa02096ba6250802d804ec3d7bf6acd61eca930bd8baffd441f4b73bce92142,ef274cd23605de815800656c97b360ee7ff584b8
222,mprime-final-s2-on-1972442430-phase-b-a-rescore,17,on,1972442430,75,"/home/hersco/bershco-nu-asnets/numeric-asnets/asnets/experiment-results/experiments_numeric.domain.mprime-experiments_numeric.architecture_2.mprime_mcts-2026-09-15T10:25:34.125892/P[domain,pfile01,pfile02,pfile04,pfile05]-S[0.0003,50,enhsp-hmrp-ha-gbfs]-MO[]-T[518400]-04942419-72aea46/snapshots/snapshot_75_1.0000",98afbe7f729e98595aa9668d3d85f77ce614e2817ca85c882a6151eca741c99f,21303734,mprime_phase_b_20260906_0,3ab7f0ee1ed8b0bb2f799eaf8b7b917c1be713b99b8e331b98b1bd0cb0942bd9,e032085fa2c1b0a25d6ae0235a642974e87d5e1c3894f4dd20fc68bdc63879d9,5fa02096ba6250802d804ec3d7bf6acd61eca930bd8baffd441f4b73bce92142,ef274cd23605de815800656c97b360ee7ff584b8
223,mprime-final-s2-on-1972442430-phase-b-a-rescore,17,on,1972442430,80,"/home/hersco/bershco-nu-asnets/numeric-asnets/asnets/experiment-results/experiments_numeric.domain.mprime-experiments_numeric.architecture_2.mprime_mcts-2026-09-15T10:25:34.125892/P[domain,pfile01,pfile02,pfile04,pfile05]-S[0.0003,50,enhsp-hmrp-ha-gbfs]-MO[]-T[518400]-04942419-72aea46/snapshots/snapshot_80_1.0000",082cc11472d85613b6eed6209ee0d95abea9c26a8a9231a6dad884ac627d30be,21303734,mprime_phase_b_20260906_0,3ab7f0ee1ed8b0bb2f799eaf8b7b917c1be713b99b8e331b98b1bd0cb0942bd9,e032085fa2c1b0a25d6ae0235a642974e87d5e1c3894f4dd20fc68bdc63879d9,5fa02096ba6250802d804ec3d7bf6acd61eca930bd8baffd441f4b73bce92142,ef274cd23605de815800656c97b360ee7ff584b8
224,mprime-final-s2-on-1972442430-phase-b-a-rescore,17,on,1972442430,85,"/home/hersco/bershco-nu-asnets/numeric-asnets/asnets/experiment-results/experiments_numeric.domain.mprime-experiments_numeric.architecture_2.mprime_mcts-2026-09-15T10:25:34.125892/P[domain,pfile01,pfile02,pfile04,pfile05]-S[0.0003,50,enhsp-hmrp-ha-gbfs]-MO[]-T[518400]-04942419-72aea46/snapshots/snapshot_85_1.0000",9d159f5ac173d69498e56fea58f969a70c7dd2b8f27dae24e5309567f267cc0f,21303734,mprime_phase_b_20260906_0,3ab7f0ee1ed8b0bb2f799eaf8b7b917c1be713b99b8e331b98b1bd0cb0942bd9,e032085fa2c1b0a25d6ae0235a642974e87d5e1c3894f4dd20fc68bdc63879d9,5fa02096ba6250802d804ec3d7bf6acd61eca930bd8baffd441f4b73bce92142,ef274cd23605de815800656c97b360ee7ff584b8
225,mprime-final-s2-on-1972442430-phase-b-a-rescore,17,on,1972442430,90,"/home/hersco/bershco-nu-asnets/numeric-asnets/asnets/experiment-results/experiments_numeric.domain.mprime-experiments_numeric.architecture_2.mprime_mcts-2026-09-15T10:25:34.125892/P[domain,pfile01,pfile02,pfile04,pfile05]-S[0.0003,50,enhsp-hmrp-ha-gbfs]-MO[]-T[518400]-04942419-72aea46/snapshots/snapshot_90_1.0000",6e7c8d564beb46ecfb5bc2c5af21f12cad8277d3616cee655322cf6742d126c5,21303734,mprime_phase_b_20260906_0,3ab7f0ee1ed8b0bb2f799eaf8b7b917c1be713b99b8e331b98b1bd0cb0942bd9,e032085fa2c1b0a25d6ae0235a642974e87d5e1c3894f4dd20fc68bdc63879d9,5fa02096ba6250802d804ec3d7bf6acd61eca930bd8baffd441f4b73bce92142,ef274cd23605de815800656c97b360ee7ff584b8
226,mprime-final-s2-on-1972442430-phase-b-a-rescore,17,on,1972442430,95,"/home/hersco/bershco-nu-asnets/numeric-asnets/asnets/experiment-results/experiments_numeric.domain.mprime-experiments_numeric.architecture_2.mprime_mcts-2026-09-15T10:25:34.125892/P[domain,pfile01,pfile02,pfile04,pfile05]-S[0.0003,50,enhsp-hmrp-ha-gbfs]-MO[]-T[518400]-04942419-72aea46/snapshots/snapshot_95_1.0000",5c575329e406ac7d87340bb2b4ea2ab8671981ec2bd5b6219f284d5a1fa5abba,21303734,mprime_phase_b_20260906_0,3ab7f0ee1ed8b0bb2f799eaf8b7b917c1be713b99b8e331b98b1bd0cb0942bd9,e032085fa2c1b0a25d6ae0235a642974e87d5e1c3894f4dd20fc68bdc63879d9,5fa02096ba6250802d804ec3d7bf6acd61eca930bd8baffd441f4b73bce92142,ef274cd23605de815800656c97b360ee7ff584b8
227,mprime-final-s2-on-1972442430-phase-b-a-rescore,17,on,1972442430,99,"/home/hersco/bershco-nu-asnets/numeric-asnets/asnets/experiment-results/experiments_numeric.domain.mprime-experiments_numeric.architecture_2.mprime_mcts-2026-09-15T10:25:34.125892/P[domain,pfile01,pfile02,pfile04,pfile05]-S[0.0003,50,enhsp-hmrp-ha-gbfs]-MO[]-T[518400]-04942419-72aea46/snapshots/snapshot_99_1.0000",9a9bf53d4ad4eebf24612a747141c74f393e4147efc7b21d10f4032a759bebf3,21303734,mprime_phase_b_20260906_0,3ab7f0ee1ed8b0bb2f799eaf8b7b917c1be713b99b8e331b98b1bd0cb0942bd9,e032085fa2c1b0a25d6ae0235a642974e87d5e1c3894f4dd20fc68bdc63879d9,5fa02096ba6250802d804ec3d7bf6acd61eca930bd8baffd441f4b73bce92142,ef274cd23605de815800656c97b360ee7ff584b8
228,mprime-final-s2-on-2011206605-phase-b-a-rescore,18,on,2011206605,55,"/home/hersco/bershco-nu-asnets/numeric-asnets/asnets/experiment-results/experiments_numeric.domain.mprime-experiments_numeric.architecture_2.mprime_mcts-2026-09-15T10:25:34.125889/P[domain,pfile01,pfile02,pfile04,pfile05]-S[0.0003,50,enhsp-hmrp-ha-gbfs]-MO[]-T[518400]-04942419-067843/snapshots/snapshot_55_1.0000",4d6406b8c5561b275e2ccdbaba975abe5ad041d51d19c1b580140e1bd66fbaf8,21303735,mprime_phase_b_20260906_0,3ab7f0ee1ed8b0bb2f799eaf8b7b917c1be713b99b8e331b98b1bd0cb0942bd9,e032085fa2c1b0a25d6ae0235a642974e87d5e1c3894f4dd20fc68bdc63879d9,5fa02096ba6250802d804ec3d7bf6acd61eca930bd8baffd441f4b73bce92142,ef274cd23605de815800656c97b360ee7ff584b8
229,mprime-final-s2-on-2011206605-phase-b-a-rescore,18,on,2011206605,60,"/home/hersco/bershco-nu-asnets/numeric-asnets/asnets/experiment-results/experiments_numeric.domain.mprime-experiments_numeric.architecture_2.mprime_mcts-2026-09-15T10:25:34.125889/P[domain,pfile01,pfile02,pfile04,pfile05]-S[0.0003,50,enhsp-hmrp-ha-gbfs]-MO[]-T[518400]-04942419-067843/snapshots/snapshot_60_1.0000",e2951d9a0d60602dee80b45e0a24aa6ad14bc5117f24e4ced9df6ace7e7c6fe0,21303735,mprime_phase_b_20260906_0,3ab7f0ee1ed8b0bb2f799eaf8b7b917c1be713b99b8e331b98b1bd0cb0942bd9,e032085fa2c1b0a25d6ae0235a642974e87d5e1c3894f4dd20fc68bdc63879d9,5fa02096ba6250802d804ec3d7bf6acd61eca930bd8baffd441f4b73bce92142,ef274cd23605de815800656c97b360ee7ff584b8
230,mprime-final-s2-on-2011206605-phase-b-a-rescore,18,on,2011206605,65,"/home/hersco/bershco-nu-asnets/numeric-asnets/asnets/experiment-results/experiments_numeric.domain.mprime-experiments_numeric.architecture_2.mprime_mcts-2026-09-15T10:25:34.125889/P[domain,pfile01,pfile02,pfile04,pfile05]-S[0.0003,50,enhsp-hmrp-ha-gbfs]-MO[]-T[518400]-04942419-067843/snapshots/snapshot_65_1.0000",21ac83d2335358dcbfe20065e58f0fc9290aabe9bcb18887838c5be675d552e6,21303735,mprime_phase_b_20260906_0,3ab7f0ee1ed8b0bb2f799eaf8b7b917c1be713b99b8e331b98b1bd0cb0942bd9,e032085fa2c1b0a25d6ae0235a642974e87d5e1c3894f4dd20fc68bdc63879d9,5fa02096ba6250802d804ec3d7bf6acd61eca930bd8baffd441f4b73bce92142,ef274cd23605de815800656c97b360ee7ff584b8
231,mprime-final-s2-on-2011206605-phase-b-a-rescore,18,on,2011206605,70,"/home/hersco/bershco-nu-asnets/numeric-asnets/asnets/experiment-results/experiments_numeric.domain.mprime-experiments_numeric.architecture_2.mprime_mcts-2026-09-15T10:25:34.125889/P[domain,pfile01,pfile02,pfile04,pfile05]-S[0.0003,50,enhsp-hmrp-ha-gbfs]-MO[]-T[518400]-04942419-067843/snapshots/snapshot_70_1.0000",b154f5fa316b538242ef30a733a5c7c0cff68670628089b5a4a6e689a503f878,21303735,mprime_phase_b_20260906_0,3ab7f0ee1ed8b0bb2f799eaf8b7b917c1be713b99b8e331b98b1bd0cb0942bd9,e032085fa2c1b0a25d6ae0235a642974e87d5e1c3894f4dd20fc68bdc63879d9,5fa02096ba6250802d804ec3d7bf6acd61eca930bd8baffd441f4b73bce92142,ef274cd23605de815800656c97b360ee7ff584b8
232,mprime-final-s2-on-2011206605-phase-b-a-rescore,18,on,2011206605,75,"/home/hersco/bershco-nu-asnets/numeric-asnets/asnets/experiment-results/experiments_numeric.domain.mprime-experiments_numeric.architecture_2.mprime_mcts-2026-09-15T10:25:34.125889/P[domain,pfile01,pfile02,pfile04,pfile05]-S[0.0003,50,enhsp-hmrp-ha-gbfs]-MO[]-T[518400]-04942419-067843/snapshots/snapshot_75_1.0000",20769fb091c5bd5ca063a1cff67a2ee131c8b9a8891f48bb8cb2e4e12b1ebbf3,21303735,mprime_phase_b_20260906_0,3ab7f0ee1ed8b0bb2f799eaf8b7b917c1be713b99b8e331b98b1bd0cb0942bd9,e032085fa2c1b0a25d6ae0235a642974e87d5e1c3894f4dd20fc68bdc63879d9,5fa02096ba6250802d804ec3d7bf6acd61eca930bd8baffd441f4b73bce92142,ef274cd23605de815800656c97b360ee7ff584b8
233,mprime-final-s2-on-2011206605-phase-b-a-rescore,18,on,2011206605,80,"/home/hersco/bershco-nu-asnets/numeric-asnets/asnets/experiment-results/experiments_numeric.domain.mprime-experiments_numeric.architecture_2.mprime_mcts-2026-09-15T10:25:34.125889/P[domain,pfile01,pfile02,pfile04,pfile05]-S[0.0003,50,enhsp-hmrp-ha-gbfs]-MO[]-T[518400]-04942419-067843/snapshots/snapshot_80_1.0000",20b9bc1860682b0af2b7ac493e35ed727a0c96d5cdef7687885e1a523a52a2a7,21303735,mprime_phase_b_20260906_0,3ab7f0ee1ed8b0bb2f799eaf8b7b917c1be713b99b8e331b98b1bd0cb0942bd9,e032085fa2c1b0a25d6ae0235a642974e87d5e1c3894f4dd20fc68bdc63879d9,5fa02096ba6250802d804ec3d7bf6acd61eca930bd8baffd441f4b73bce92142,ef274cd23605de815800656c97b360ee7ff584b8
234,mprime-final-s2-on-2011206605-phase-b-a-rescore,18,on,2011206605,85,"/home/hersco/bershco-nu-asnets/numeric-asnets/asnets/experiment-results/experiments_numeric.domain.mprime-experiments_numeric.architecture_2.mprime_mcts-2026-09-15T10:25:34.125889/P[domain,pfile01,pfile02,pfile04,pfile05]-S[0.0003,50,enhsp-hmrp-ha-gbfs]-MO[]-T[518400]-04942419-067843/snapshots/snapshot_85_1.0000",5bca2ede3fde1719e518cb46760411d6bce20d4fec94ab3e3230ac832613ea16,21303735,mprime_phase_b_20260906_0,3ab7f0ee1ed8b0bb2f799eaf8b7b917c1be713b99b8e331b98b1bd0cb0942bd9,e032085fa2c1b0a25d6ae0235a642974e87d5e1c3894f4dd20fc68bdc63879d9,5fa02096ba6250802d804ec3d7bf6acd61eca930bd8baffd441f4b73bce92142,ef274cd23605de815800656c97b360ee7ff584b8
235,mprime-final-s2-on-2011206605-phase-b-a-rescore,18,on,2011206605,90,"/home/hersco/bershco-nu-asnets/numeric-asnets/asnets/experiment-results/experiments_numeric.domain.mprime-experiments_numeric.architecture_2.mprime_mcts-2026-09-15T10:25:34.125889/P[domain,pfile01,pfile02,pfile04,pfile05]-S[0.0003,50,enhsp-hmrp-ha-gbfs]-MO[]-T[518400]-04942419-067843/snapshots/snapshot_90_1.0000",ac1882a00643ad9c279dc6df103e3c10fdac2777e21270faade7a2d81bda7661,21303735,mprime_phase_b_20260906_0,3ab7f0ee1ed8b0bb2f799eaf8b7b917c1be713b99b8e331b98b1bd0cb0942bd9,e032085fa2c1b0a25d6ae0235a642974e87d5e1c3894f4dd20fc68bdc63879d9,5fa02096ba6250802d804ec3d7bf6acd61eca930bd8baffd441f4b73bce92142,ef274cd23605de815800656c97b360ee7ff584b8
236,mprime-final-s2-on-2011206605-phase-b-a-rescore,18,on,2011206605,95,"/home/hersco/bershco-nu-asnets/numeric-asnets/asnets/experiment-results/experiments_numeric.domain.mprime-experiments_numeric.architecture_2.mprime_mcts-2026-09-15T10:25:34.125889/P[domain,pfile01,pfile02,pfile04,pfile05]-S[0.0003,50,enhsp-hmrp-ha-gbfs]-MO[]-T[518400]-04942419-067843/snapshots/snapshot_95_1.0000",ce3b6eae47079f04d6920fc7eb9ea816ce1ddceaf3331e84b768c32d8a3a5623,21303735,mprime_phase_b_20260906_0,3ab7f0ee1ed8b0bb2f799eaf8b7b917c1be713b99b8e331b98b1bd0cb0942bd9,e032085fa2c1b0a25d6ae0235a642974e87d5e1c3894f4dd20fc68bdc63879d9,5fa02096ba6250802d804ec3d7bf6acd61eca930bd8baffd441f4b73bce92142,ef274cd23605de815800656c97b360ee7ff584b8
237,mprime-final-s2-on-2011206605-phase-b-a-rescore,18,on,2011206605,99,"/home/hersco/bershco-nu-asnets/numeric-asnets/asnets/experiment-results/experiments_numeric.domain.mprime-experiments_numeric.architecture_2.mprime_mcts-2026-09-15T10:25:34.125889/P[domain,pfile01,pfile02,pfile04,pfile05]-S[0.0003,50,enhsp-hmrp-ha-gbfs]-MO[]-T[518400]-04942419-067843/snapshots/snapshot_99_1.0000",e0be8275f7dad1149955f25451600b8aa72e5abb04fa118f55c96032c88e98fa,21303735,mprime_phase_b_20260906_0,3ab7f0ee1ed8b0bb2f799eaf8b7b917c1be713b99b8e331b98b1bd0cb0942bd9,e032085fa2c1b0a25d6ae0235a642974e87d5e1c3894f4dd20fc68bdc63879d9,5fa02096ba6250802d804ec3d7bf6acd61eca930bd8baffd441f4b73bce92142,ef274cd23605de815800656c97b360ee7ff584b8
238,mprime-final-s2-on-2082152039-phase-b-a-rescore,19,on,2082152039,65,"/home/hersco/bershco-nu-asnets/numeric-asnets/asnets/experiment-results/experiments_numeric.domain.mprime-experiments_numeric.architecture_2.mprime_mcts-2026-09-15T10:25:34.125887/P[domain,pfile01,pfile02,pfile04,pfile05]-S[0.0003,50,enhsp-hmrp-ha-gbfs]-MO[]-T[518400]-04942419-faf7d6/snapshots/snapshot_65_1.0000",132947eb582722471059c18ca99873b9403924bfa0aa40da9ec1cb6a1b62938b,21303736,mprime_phase_b_20260906_0,3ab7f0ee1ed8b0bb2f799eaf8b7b917c1be713b99b8e331b98b1bd0cb0942bd9,e032085fa2c1b0a25d6ae0235a642974e87d5e1c3894f4dd20fc68bdc63879d9,5fa02096ba6250802d804ec3d7bf6acd61eca930bd8baffd441f4b73bce92142,ef274cd23605de815800656c97b360ee7ff584b8
239,mprime-final-s2-on-2082152039-phase-b-a-rescore,19,on,2082152039,70,"/home/hersco/bershco-nu-asnets/numeric-asnets/asnets/experiment-results/experiments_numeric.domain.mprime-experiments_numeric.architecture_2.mprime_mcts-2026-09-15T10:25:34.125887/P[domain,pfile01,pfile02,pfile04,pfile05]-S[0.0003,50,enhsp-hmrp-ha-gbfs]-MO[]-T[518400]-04942419-faf7d6/snapshots/snapshot_70_1.0000",4d9bd8160471e25daf2ecbc8b910092e9f417c8bea67bd1871795780962e221b,21303736,mprime_phase_b_20260906_0,3ab7f0ee1ed8b0bb2f799eaf8b7b917c1be713b99b8e331b98b1bd0cb0942bd9,e032085fa2c1b0a25d6ae0235a642974e87d5e1c3894f4dd20fc68bdc63879d9,5fa02096ba6250802d804ec3d7bf6acd61eca930bd8baffd441f4b73bce92142,ef274cd23605de815800656c97b360ee7ff584b8
240,mprime-final-s2-on-2082152039-phase-b-a-rescore,19,on,2082152039,75,"/home/hersco/bershco-nu-asnets/numeric-asnets/asnets/experiment-results/experiments_numeric.domain.mprime-experiments_numeric.architecture_2.mprime_mcts-2026-09-15T10:25:34.125887/P[domain,pfile01,pfile02,pfile04,pfile05]-S[0.0003,50,enhsp-hmrp-ha-gbfs]-MO[]-T[518400]-04942419-faf7d6/snapshots/snapshot_75_1.0000",e7024254b3749d71e3c710680eaea223471305dd13105a49a049b1cdbf144ae2,21303736,mprime_phase_b_20260906_0,3ab7f0ee1ed8b0bb2f799eaf8b7b917c1be713b99b8e331b98b1bd0cb0942bd9,e032085fa2c1b0a25d6ae0235a642974e87d5e1c3894f4dd20fc68bdc63879d9,5fa02096ba6250802d804ec3d7bf6acd61eca930bd8baffd441f4b73bce92142,ef274cd23605de815800656c97b360ee7ff584b8
241,mprime-final-s2-on-2082152039-phase-b-a-rescore,19,on,2082152039,80,"/home/hersco/bershco-nu-asnets/numeric-asnets/asnets/experiment-results/experiments_numeric.domain.mprime-experiments_numeric.architecture_2.mprime_mcts-2026-09-15T10:25:34.125887/P[domain,pfile01,pfile02,pfile04,pfile05]-S[0.0003,50,enhsp-hmrp-ha-gbfs]-MO[]-T[518400]-04942419-faf7d6/snapshots/snapshot_80_1.0000",4a75b2e3ce1192dbd1d027a0a61bc80a3a8713e7ae6ab2c0393b9f64248cf25e,21303736,mprime_phase_b_20260906_0,3ab7f0ee1ed8b0bb2f799eaf8b7b917c1be713b99b8e331b98b1bd0cb0942bd9,e032085fa2c1b0a25d6ae0235a642974e87d5e1c3894f4dd20fc68bdc63879d9,5fa02096ba6250802d804ec3d7bf6acd61eca930bd8baffd441f4b73bce92142,ef274cd23605de815800656c97b360ee7ff584b8
242,mprime-final-s2-on-2082152039-phase-b-a-rescore,19,on,2082152039,85,"/home/hersco/bershco-nu-asnets/numeric-asnets/asnets/experiment-results/experiments_numeric.domain.mprime-experiments_numeric.architecture_2.mprime_mcts-2026-09-15T10:25:34.125887/P[domain,pfile01,pfile02,pfile04,pfile05]-S[0.0003,50,enhsp-hmrp-ha-gbfs]-MO[]-T[518400]-04942419-faf7d6/snapshots/snapshot_85_1.0000",75ffabd264a64f2eb947684062d52ac72dd8ae22ed8004c13a27cb679a0afb7f,21303736,mprime_phase_b_20260906_0,3ab7f0ee1ed8b0bb2f799eaf8b7b917c1be713b99b8e331b98b1bd0cb0942bd9,e032085fa2c1b0a25d6ae0235a642974e87d5e1c3894f4dd20fc68bdc63879d9,5fa02096ba6250802d804ec3d7bf6acd61eca930bd8baffd441f4b73bce92142,ef274cd23605de815800656c97b360ee7ff584b8
243,mprime-final-s2-on-2082152039-phase-b-a-rescore,19,on,2082152039,90,"/home/hersco/bershco-nu-asnets/numeric-asnets/asnets/experiment-results/experiments_numeric.domain.mprime-experiments_numeric.architecture_2.mprime_mcts-2026-09-15T10:25:34.125887/P[domain,pfile01,pfile02,pfile04,pfile05]-S[0.0003,50,enhsp-hmrp-ha-gbfs]-MO[]-T[518400]-04942419-faf7d6/snapshots/snapshot_90_1.0000",9e75805e6e304f1ea59ca09917aff422cd37ff34b70a51e1ebd7ec09d71ed653,21303736,mprime_phase_b_20260906_0,3ab7f0ee1ed8b0bb2f799eaf8b7b917c1be713b99b8e331b98b1bd0cb0942bd9,e032085fa2c1b0a25d6ae0235a642974e87d5e1c3894f4dd20fc68bdc63879d9,5fa02096ba6250802d804ec3d7bf6acd61eca930bd8baffd441f4b73bce92142,ef274cd23605de815800656c97b360ee7ff584b8
244,mprime-final-s2-on-2082152039-phase-b-a-rescore,19,on,2082152039,95,"/home/hersco/bershco-nu-asnets/numeric-asnets/asnets/experiment-results/experiments_numeric.domain.mprime-experiments_numeric.architecture_2.mprime_mcts-2026-09-15T10:25:34.125887/P[domain,pfile01,pfile02,pfile04,pfile05]-S[0.0003,50,enhsp-hmrp-ha-gbfs]-MO[]-T[518400]-04942419-faf7d6/snapshots/snapshot_95_1.0000",f54b1a0d8471ad532c98bce7ddf996ff3804642213243f5ff7fe82ffd3b620d4,21303736,mprime_phase_b_20260906_0,3ab7f0ee1ed8b0bb2f799eaf8b7b917c1be713b99b8e331b98b1bd0cb0942bd9,e032085fa2c1b0a25d6ae0235a642974e87d5e1c3894f4dd20fc68bdc63879d9,5fa02096ba6250802d804ec3d7bf6acd61eca930bd8baffd441f4b73bce92142,ef274cd23605de815800656c97b360ee7ff584b8
245,mprime-final-s2-on-2082152039-phase-b-a-rescore,19,on,2082152039,99,"/home/hersco/bershco-nu-asnets/numeric-asnets/asnets/experiment-results/experiments_numeric.domain.mprime-experiments_numeric.architecture_2.mprime_mcts-2026-09-15T10:25:34.125887/P[domain,pfile01,pfile02,pfile04,pfile05]-S[0.0003,50,enhsp-hmrp-ha-gbfs]-MO[]-T[518400]-04942419-faf7d6/snapshots/snapshot_99_1.0000",9a7dd2c0360bcc28dd44930506b2153a0f9bf8e95a12c382a6f9f3d3550b2564,21303736,mprime_phase_b_20260906_0,3ab7f0ee1ed8b0bb2f799eaf8b7b917c1be713b99b8e331b98b1bd0cb0942bd9,e032085fa2c1b0a25d6ae0235a642974e87d5e1c3894f4dd20fc68bdc63879d9,5fa02096ba6250802d804ec3d7bf6acd61eca930bd8baffd441f4b73bce92142,ef274cd23605de815800656c97b360ee7ff584b8
