manifest_id,task_type,domain,value_head,seed,stage,status,teacher,source_checkpoint_ref,source_training_job_id,snapshot_epoch,analysis_roles,training_state,training_log
preserve3-term-delivery-on-534933607-a30-policy-e0000,policy_eval,delivery,on,534933607,stage2,ready,hadd-astar,"/home/hersco/bershco-nu-asnets/numeric-asnets/asnets/experiment-results/experiments_numeric.domain.delivery-experiments_numeric.architecture_2.delivery_mcts-2026-08-31T00:46:28.312440/P[domain,prob01,prob02,prob03,prob04]-S[0.0003,50,enhsp-hadd-astar]-MO[]-T[518400]-04920240-3c74d66/snapshots/snapshot_0_1.0000",20755730,0,preserve3_term_delivery_on_learning_curve,COMPLETED,/home/hersco/training_new_domains/2026-08-31/preserve3_terminal_delivery_stage2/20755730_Re-Tr_delivery_delivery_mcts_orig_vh_e.5_c.1_s534933607_K0_P3TERMS2A30_src20522918.txt
preserve3-term-delivery-on-534933607-a30-policy-e0005,policy_eval,delivery,on,534933607,stage2,ready,hadd-astar,"/home/hersco/bershco-nu-asnets/numeric-asnets/asnets/experiment-results/experiments_numeric.domain.delivery-experiments_numeric.architecture_2.delivery_mcts-2026-08-31T00:46:28.312440/P[domain,prob01,prob02,prob03,prob04]-S[0.0003,50,enhsp-hadd-astar]-MO[]-T[518400]-04920240-3c74d66/snapshots/snapshot_5_1.0000",20755730,5,preserve3_term_delivery_on_learning_curve,COMPLETED,/home/hersco/training_new_domains/2026-08-31/preserve3_terminal_delivery_stage2/20755730_Re-Tr_delivery_delivery_mcts_orig_vh_e.5_c.1_s534933607_K0_P3TERMS2A30_src20522918.txt
preserve3-term-delivery-on-534933607-a30-policy-e0010,policy_eval,delivery,on,534933607,stage2,ready,hadd-astar,"/home/hersco/bershco-nu-asnets/numeric-asnets/asnets/experiment-results/experiments_numeric.domain.delivery-experiments_numeric.architecture_2.delivery_mcts-2026-08-31T00:46:28.312440/P[domain,prob01,prob02,prob03,prob04]-S[0.0003,50,enhsp-hadd-astar]-MO[]-T[518400]-04920240-3c74d66/snapshots/snapshot_10_1.0000",20755730,10,preserve3_term_delivery_on_learning_curve,COMPLETED,/home/hersco/training_new_domains/2026-08-31/preserve3_terminal_delivery_stage2/20755730_Re-Tr_delivery_delivery_mcts_orig_vh_e.5_c.1_s534933607_K0_P3TERMS2A30_src20522918.txt
preserve3-term-delivery-on-534933607-a30-policy-e0015,policy_eval,delivery,on,534933607,stage2,ready,hadd-astar,"/home/hersco/bershco-nu-asnets/numeric-asnets/asnets/experiment-results/experiments_numeric.domain.delivery-experiments_numeric.architecture_2.delivery_mcts-2026-08-31T00:46:28.312440/P[domain,prob01,prob02,prob03,prob04]-S[0.0003,50,enhsp-hadd-astar]-MO[]-T[518400]-04920240-3c74d66/snapshots/snapshot_15_1.0000",20755730,15,preserve3_term_delivery_on_learning_curve,COMPLETED,/home/hersco/training_new_domains/2026-08-31/preserve3_terminal_delivery_stage2/20755730_Re-Tr_delivery_delivery_mcts_orig_vh_e.5_c.1_s534933607_K0_P3TERMS2A30_src20522918.txt
preserve3-term-delivery-on-534933607-a30-policy-e0020,policy_eval,delivery,on,534933607,stage2,ready,hadd-astar,"/home/hersco/bershco-nu-asnets/numeric-asnets/asnets/experiment-results/experiments_numeric.domain.delivery-experiments_numeric.architecture_2.delivery_mcts-2026-08-31T00:46:28.312440/P[domain,prob01,prob02,prob03,prob04]-S[0.0003,50,enhsp-hadd-astar]-MO[]-T[518400]-04920240-3c74d66/snapshots/snapshot_20_1.0000",20755730,20,preserve3_term_delivery_on_learning_curve,COMPLETED,/home/hersco/training_new_domains/2026-08-31/preserve3_terminal_delivery_stage2/20755730_Re-Tr_delivery_delivery_mcts_orig_vh_e.5_c.1_s534933607_K0_P3TERMS2A30_src20522918.txt
preserve3-term-delivery-on-534933607-a30-policy-e0025,policy_eval,delivery,on,534933607,stage2,ready,hadd-astar,"/home/hersco/bershco-nu-asnets/numeric-asnets/asnets/experiment-results/experiments_numeric.domain.delivery-experiments_numeric.architecture_2.delivery_mcts-2026-08-31T00:46:28.312440/P[domain,prob01,prob02,prob03,prob04]-S[0.0003,50,enhsp-hadd-astar]-MO[]-T[518400]-04920240-3c74d66/snapshots/snapshot_25_1.0000",20755730,25,preserve3_term_delivery_on_learning_curve,COMPLETED,/home/hersco/training_new_domains/2026-08-31/preserve3_terminal_delivery_stage2/20755730_Re-Tr_delivery_delivery_mcts_orig_vh_e.5_c.1_s534933607_K0_P3TERMS2A30_src20522918.txt
preserve3-term-delivery-on-534933607-a30-policy-e0030,policy_eval,delivery,on,534933607,stage2,ready,hadd-astar,"/home/hersco/bershco-nu-asnets/numeric-asnets/asnets/experiment-results/experiments_numeric.domain.delivery-experiments_numeric.architecture_2.delivery_mcts-2026-08-31T00:46:28.312440/P[domain,prob01,prob02,prob03,prob04]-S[0.0003,50,enhsp-hadd-astar]-MO[]-T[518400]-04920240-3c74d66/snapshots/snapshot_30_1.0000",20755730,30,preserve3_term_delivery_on_learning_curve,COMPLETED,/home/hersco/training_new_domains/2026-08-31/preserve3_terminal_delivery_stage2/20755730_Re-Tr_delivery_delivery_mcts_orig_vh_e.5_c.1_s534933607_K0_P3TERMS2A30_src20522918.txt
preserve3-term-delivery-on-534933607-a30-policy-e0035,policy_eval,delivery,on,534933607,stage2,ready,hadd-astar,"/home/hersco/bershco-nu-asnets/numeric-asnets/asnets/experiment-results/experiments_numeric.domain.delivery-experiments_numeric.architecture_2.delivery_mcts-2026-08-31T00:46:28.312440/P[domain,prob01,prob02,prob03,prob04]-S[0.0003,50,enhsp-hadd-astar]-MO[]-T[518400]-04920240-3c74d66/snapshots/snapshot_35_1.0000",20755730,35,preserve3_term_delivery_on_learning_curve,COMPLETED,/home/hersco/training_new_domains/2026-08-31/preserve3_terminal_delivery_stage2/20755730_Re-Tr_delivery_delivery_mcts_orig_vh_e.5_c.1_s534933607_K0_P3TERMS2A30_src20522918.txt
preserve3-term-delivery-on-534933607-a30-policy-e0040,policy_eval,delivery,on,534933607,stage2,ready,hadd-astar,"/home/hersco/bershco-nu-asnets/numeric-asnets/asnets/experiment-results/experiments_numeric.domain.delivery-experiments_numeric.architecture_2.delivery_mcts-2026-08-31T00:46:28.312440/P[domain,prob01,prob02,prob03,prob04]-S[0.0003,50,enhsp-hadd-astar]-MO[]-T[518400]-04920240-3c74d66/snapshots/snapshot_40_1.0000",20755730,40,preserve3_term_delivery_on_learning_curve,COMPLETED,/home/hersco/training_new_domains/2026-08-31/preserve3_terminal_delivery_stage2/20755730_Re-Tr_delivery_delivery_mcts_orig_vh_e.5_c.1_s534933607_K0_P3TERMS2A30_src20522918.txt
preserve3-term-delivery-on-534933607-a30-policy-e0045,policy_eval,delivery,on,534933607,stage2,ready,hadd-astar,"/home/hersco/bershco-nu-asnets/numeric-asnets/asnets/experiment-results/experiments_numeric.domain.delivery-experiments_numeric.architecture_2.delivery_mcts-2026-08-31T00:46:28.312440/P[domain,prob01,prob02,prob03,prob04]-S[0.0003,50,enhsp-hadd-astar]-MO[]-T[518400]-04920240-3c74d66/snapshots/snapshot_45_1.0000",20755730,45,preserve3_term_delivery_on_learning_curve,COMPLETED,/home/hersco/training_new_domains/2026-08-31/preserve3_terminal_delivery_stage2/20755730_Re-Tr_delivery_delivery_mcts_orig_vh_e.5_c.1_s534933607_K0_P3TERMS2A30_src20522918.txt
preserve3-term-delivery-on-534933607-a30-policy-e0050,policy_eval,delivery,on,534933607,stage2,ready,hadd-astar,"/home/hersco/bershco-nu-asnets/numeric-asnets/asnets/experiment-results/experiments_numeric.domain.delivery-experiments_numeric.architecture_2.delivery_mcts-2026-08-31T00:46:28.312440/P[domain,prob01,prob02,prob03,prob04]-S[0.0003,50,enhsp-hadd-astar]-MO[]-T[518400]-04920240-3c74d66/snapshots/snapshot_50_1.0000",20755730,50,preserve3_term_delivery_on_learning_curve,COMPLETED,/home/hersco/training_new_domains/2026-08-31/preserve3_terminal_delivery_stage2/20755730_Re-Tr_delivery_delivery_mcts_orig_vh_e.5_c.1_s534933607_K0_P3TERMS2A30_src20522918.txt
preserve3-term-delivery-on-534933607-a30-policy-e0055,policy_eval,delivery,on,534933607,stage2,ready,hadd-astar,"/home/hersco/bershco-nu-asnets/numeric-asnets/asnets/experiment-results/experiments_numeric.domain.delivery-experiments_numeric.architecture_2.delivery_mcts-2026-08-31T00:46:28.312440/P[domain,prob01,prob02,prob03,prob04]-S[0.0003,50,enhsp-hadd-astar]-MO[]-T[518400]-04920240-3c74d66/snapshots/snapshot_55_1.0000",20755730,55,preserve3_term_delivery_on_learning_curve,COMPLETED,/home/hersco/training_new_domains/2026-08-31/preserve3_terminal_delivery_stage2/20755730_Re-Tr_delivery_delivery_mcts_orig_vh_e.5_c.1_s534933607_K0_P3TERMS2A30_src20522918.txt
preserve3-term-delivery-on-534933607-a30-policy-e0060,policy_eval,delivery,on,534933607,stage2,ready,hadd-astar,"/home/hersco/bershco-nu-asnets/numeric-asnets/asnets/experiment-results/experiments_numeric.domain.delivery-experiments_numeric.architecture_2.delivery_mcts-2026-08-31T00:46:28.312440/P[domain,prob01,prob02,prob03,prob04]-S[0.0003,50,enhsp-hadd-astar]-MO[]-T[518400]-04920240-3c74d66/snapshots/snapshot_60_1.0000",20755730,60,preserve3_term_delivery_on_learning_curve,COMPLETED,/home/hersco/training_new_domains/2026-08-31/preserve3_terminal_delivery_stage2/20755730_Re-Tr_delivery_delivery_mcts_orig_vh_e.5_c.1_s534933607_K0_P3TERMS2A30_src20522918.txt
preserve3-term-delivery-on-534933607-a30-policy-e0065,policy_eval,delivery,on,534933607,stage2,ready,hadd-astar,"/home/hersco/bershco-nu-asnets/numeric-asnets/asnets/experiment-results/experiments_numeric.domain.delivery-experiments_numeric.architecture_2.delivery_mcts-2026-08-31T00:46:28.312440/P[domain,prob01,prob02,prob03,prob04]-S[0.0003,50,enhsp-hadd-astar]-MO[]-T[518400]-04920240-3c74d66/snapshots/snapshot_65_1.0000",20755730,65,preserve3_term_delivery_on_learning_curve,COMPLETED,/home/hersco/training_new_domains/2026-08-31/preserve3_terminal_delivery_stage2/20755730_Re-Tr_delivery_delivery_mcts_orig_vh_e.5_c.1_s534933607_K0_P3TERMS2A30_src20522918.txt
preserve3-term-delivery-on-534933607-a30-policy-e0070,policy_eval,delivery,on,534933607,stage2,ready,hadd-astar,"/home/hersco/bershco-nu-asnets/numeric-asnets/asnets/experiment-results/experiments_numeric.domain.delivery-experiments_numeric.architecture_2.delivery_mcts-2026-08-31T00:46:28.312440/P[domain,prob01,prob02,prob03,prob04]-S[0.0003,50,enhsp-hadd-astar]-MO[]-T[518400]-04920240-3c74d66/snapshots/snapshot_70_1.0000",20755730,70,preserve3_term_delivery_on_learning_curve,COMPLETED,/home/hersco/training_new_domains/2026-08-31/preserve3_terminal_delivery_stage2/20755730_Re-Tr_delivery_delivery_mcts_orig_vh_e.5_c.1_s534933607_K0_P3TERMS2A30_src20522918.txt
preserve3-term-delivery-on-534933607-a30-policy-e0075,policy_eval,delivery,on,534933607,stage2,ready,hadd-astar,"/home/hersco/bershco-nu-asnets/numeric-asnets/asnets/experiment-results/experiments_numeric.domain.delivery-experiments_numeric.architecture_2.delivery_mcts-2026-08-31T00:46:28.312440/P[domain,prob01,prob02,prob03,prob04]-S[0.0003,50,enhsp-hadd-astar]-MO[]-T[518400]-04920240-3c74d66/snapshots/snapshot_75_1.0000",20755730,75,preserve3_term_delivery_on_learning_curve;preserve3_term_delivery_on_validation_selected_policy,COMPLETED,/home/hersco/training_new_domains/2026-08-31/preserve3_terminal_delivery_stage2/20755730_Re-Tr_delivery_delivery_mcts_orig_vh_e.5_c.1_s534933607_K0_P3TERMS2A30_src20522918.txt
preserve3-term-delivery-on-534933607-a30-policy-e0080,policy_eval,delivery,on,534933607,stage2,ready,hadd-astar,"/home/hersco/bershco-nu-asnets/numeric-asnets/asnets/experiment-results/experiments_numeric.domain.delivery-experiments_numeric.architecture_2.delivery_mcts-2026-08-31T00:46:28.312440/P[domain,prob01,prob02,prob03,prob04]-S[0.0003,50,enhsp-hadd-astar]-MO[]-T[518400]-04920240-3c74d66/snapshots/snapshot_80_1.0000",20755730,80,preserve3_term_delivery_on_learning_curve,COMPLETED,/home/hersco/training_new_domains/2026-08-31/preserve3_terminal_delivery_stage2/20755730_Re-Tr_delivery_delivery_mcts_orig_vh_e.5_c.1_s534933607_K0_P3TERMS2A30_src20522918.txt
preserve3-term-delivery-on-534933607-a30-policy-e0085,policy_eval,delivery,on,534933607,stage2,ready,hadd-astar,"/home/hersco/bershco-nu-asnets/numeric-asnets/asnets/experiment-results/experiments_numeric.domain.delivery-experiments_numeric.architecture_2.delivery_mcts-2026-08-31T00:46:28.312440/P[domain,prob01,prob02,prob03,prob04]-S[0.0003,50,enhsp-hadd-astar]-MO[]-T[518400]-04920240-3c74d66/snapshots/snapshot_85_1.0000",20755730,85,preserve3_term_delivery_on_learning_curve,COMPLETED,/home/hersco/training_new_domains/2026-08-31/preserve3_terminal_delivery_stage2/20755730_Re-Tr_delivery_delivery_mcts_orig_vh_e.5_c.1_s534933607_K0_P3TERMS2A30_src20522918.txt
preserve3-term-delivery-on-534933607-a30-policy-e0090,policy_eval,delivery,on,534933607,stage2,ready,hadd-astar,"/home/hersco/bershco-nu-asnets/numeric-asnets/asnets/experiment-results/experiments_numeric.domain.delivery-experiments_numeric.architecture_2.delivery_mcts-2026-08-31T00:46:28.312440/P[domain,prob01,prob02,prob03,prob04]-S[0.0003,50,enhsp-hadd-astar]-MO[]-T[518400]-04920240-3c74d66/snapshots/snapshot_90_1.0000",20755730,90,preserve3_term_delivery_on_learning_curve,COMPLETED,/home/hersco/training_new_domains/2026-08-31/preserve3_terminal_delivery_stage2/20755730_Re-Tr_delivery_delivery_mcts_orig_vh_e.5_c.1_s534933607_K0_P3TERMS2A30_src20522918.txt
preserve3-term-delivery-on-534933607-a30-policy-e0095,policy_eval,delivery,on,534933607,stage2,ready,hadd-astar,"/home/hersco/bershco-nu-asnets/numeric-asnets/asnets/experiment-results/experiments_numeric.domain.delivery-experiments_numeric.architecture_2.delivery_mcts-2026-08-31T00:46:28.312440/P[domain,prob01,prob02,prob03,prob04]-S[0.0003,50,enhsp-hadd-astar]-MO[]-T[518400]-04920240-3c74d66/snapshots/snapshot_95_1.0000",20755730,95,preserve3_term_delivery_on_learning_curve,COMPLETED,/home/hersco/training_new_domains/2026-08-31/preserve3_terminal_delivery_stage2/20755730_Re-Tr_delivery_delivery_mcts_orig_vh_e.5_c.1_s534933607_K0_P3TERMS2A30_src20522918.txt
preserve3-term-delivery-on-534933607-a30-policy-e0099,policy_eval,delivery,on,534933607,stage2,ready,hadd-astar,"/home/hersco/bershco-nu-asnets/numeric-asnets/asnets/experiment-results/experiments_numeric.domain.delivery-experiments_numeric.architecture_2.delivery_mcts-2026-08-31T00:46:28.312440/P[domain,prob01,prob02,prob03,prob04]-S[0.0003,50,enhsp-hadd-astar]-MO[]-T[518400]-04920240-3c74d66/snapshots/snapshot_99_1.0000",20755730,99,preserve3_term_delivery_on_learning_curve;preserve3_term_delivery_on_final_policy,COMPLETED,/home/hersco/training_new_domains/2026-08-31/preserve3_terminal_delivery_stage2/20755730_Re-Tr_delivery_delivery_mcts_orig_vh_e.5_c.1_s534933607_K0_P3TERMS2A30_src20522918.txt
preserve3-term-delivery-on-923500475-a30-policy-e0000,policy_eval,delivery,on,923500475,stage2,ready,hadd-astar,"/home/hersco/bershco-nu-asnets/numeric-asnets/asnets/experiment-results/experiments_numeric.domain.delivery-experiments_numeric.architecture_2.delivery_mcts-2026-08-31T00:48:44.142983/P[domain,prob01,prob02,prob03,prob04]-S[0.0003,50,enhsp-hadd-astar]-MO[]-T[518400]-04920243-5194f74/snapshots/snapshot_0_1.0000",20755731,0,preserve3_term_delivery_on_learning_curve,COMPLETED,/home/hersco/training_new_domains/2026-08-31/preserve3_terminal_delivery_stage2/20755731_Re-Tr_delivery_delivery_mcts_orig_vh_e.5_c.1_s923500475_K0_P3TERMS2A30_src20522921.txt
preserve3-term-delivery-on-923500475-a30-policy-e0005,policy_eval,delivery,on,923500475,stage2,ready,hadd-astar,"/home/hersco/bershco-nu-asnets/numeric-asnets/asnets/experiment-results/experiments_numeric.domain.delivery-experiments_numeric.architecture_2.delivery_mcts-2026-08-31T00:48:44.142983/P[domain,prob01,prob02,prob03,prob04]-S[0.0003,50,enhsp-hadd-astar]-MO[]-T[518400]-04920243-5194f74/snapshots/snapshot_5_1.0000",20755731,5,preserve3_term_delivery_on_learning_curve,COMPLETED,/home/hersco/training_new_domains/2026-08-31/preserve3_terminal_delivery_stage2/20755731_Re-Tr_delivery_delivery_mcts_orig_vh_e.5_c.1_s923500475_K0_P3TERMS2A30_src20522921.txt
preserve3-term-delivery-on-923500475-a30-policy-e0010,policy_eval,delivery,on,923500475,stage2,ready,hadd-astar,"/home/hersco/bershco-nu-asnets/numeric-asnets/asnets/experiment-results/experiments_numeric.domain.delivery-experiments_numeric.architecture_2.delivery_mcts-2026-08-31T00:48:44.142983/P[domain,prob01,prob02,prob03,prob04]-S[0.0003,50,enhsp-hadd-astar]-MO[]-T[518400]-04920243-5194f74/snapshots/snapshot_10_1.0000",20755731,10,preserve3_term_delivery_on_learning_curve,COMPLETED,/home/hersco/training_new_domains/2026-08-31/preserve3_terminal_delivery_stage2/20755731_Re-Tr_delivery_delivery_mcts_orig_vh_e.5_c.1_s923500475_K0_P3TERMS2A30_src20522921.txt
preserve3-term-delivery-on-923500475-a30-policy-e0015,policy_eval,delivery,on,923500475,stage2,ready,hadd-astar,"/home/hersco/bershco-nu-asnets/numeric-asnets/asnets/experiment-results/experiments_numeric.domain.delivery-experiments_numeric.architecture_2.delivery_mcts-2026-08-31T00:48:44.142983/P[domain,prob01,prob02,prob03,prob04]-S[0.0003,50,enhsp-hadd-astar]-MO[]-T[518400]-04920243-5194f74/snapshots/snapshot_15_1.0000",20755731,15,preserve3_term_delivery_on_learning_curve,COMPLETED,/home/hersco/training_new_domains/2026-08-31/preserve3_terminal_delivery_stage2/20755731_Re-Tr_delivery_delivery_mcts_orig_vh_e.5_c.1_s923500475_K0_P3TERMS2A30_src20522921.txt
preserve3-term-delivery-on-923500475-a30-policy-e0016,policy_eval,delivery,on,923500475,stage2,ready,hadd-astar,"/home/hersco/bershco-nu-asnets/numeric-asnets/asnets/experiment-results/experiments_numeric.domain.delivery-experiments_numeric.architecture_2.delivery_mcts-2026-08-31T00:48:44.142983/P[domain,prob01,prob02,prob03,prob04]-S[0.0003,50,enhsp-hadd-astar]-MO[]-T[518400]-04920243-5194f74/snapshots/snapshot_16_1.0000",20755731,16,preserve3_term_delivery_on_learning_curve;preserve3_term_delivery_on_validation_selected_policy,COMPLETED,/home/hersco/training_new_domains/2026-08-31/preserve3_terminal_delivery_stage2/20755731_Re-Tr_delivery_delivery_mcts_orig_vh_e.5_c.1_s923500475_K0_P3TERMS2A30_src20522921.txt
preserve3-term-delivery-on-923500475-a30-policy-e0020,policy_eval,delivery,on,923500475,stage2,ready,hadd-astar,"/home/hersco/bershco-nu-asnets/numeric-asnets/asnets/experiment-results/experiments_numeric.domain.delivery-experiments_numeric.architecture_2.delivery_mcts-2026-08-31T00:48:44.142983/P[domain,prob01,prob02,prob03,prob04]-S[0.0003,50,enhsp-hadd-astar]-MO[]-T[518400]-04920243-5194f74/snapshots/snapshot_20_1.0000",20755731,20,preserve3_term_delivery_on_learning_curve,COMPLETED,/home/hersco/training_new_domains/2026-08-31/preserve3_terminal_delivery_stage2/20755731_Re-Tr_delivery_delivery_mcts_orig_vh_e.5_c.1_s923500475_K0_P3TERMS2A30_src20522921.txt
preserve3-term-delivery-on-923500475-a30-policy-e0025,policy_eval,delivery,on,923500475,stage2,ready,hadd-astar,"/home/hersco/bershco-nu-asnets/numeric-asnets/asnets/experiment-results/experiments_numeric.domain.delivery-experiments_numeric.architecture_2.delivery_mcts-2026-08-31T00:48:44.142983/P[domain,prob01,prob02,prob03,prob04]-S[0.0003,50,enhsp-hadd-astar]-MO[]-T[518400]-04920243-5194f74/snapshots/snapshot_25_1.0000",20755731,25,preserve3_term_delivery_on_learning_curve,COMPLETED,/home/hersco/training_new_domains/2026-08-31/preserve3_terminal_delivery_stage2/20755731_Re-Tr_delivery_delivery_mcts_orig_vh_e.5_c.1_s923500475_K0_P3TERMS2A30_src20522921.txt
preserve3-term-delivery-on-923500475-a30-policy-e0030,policy_eval,delivery,on,923500475,stage2,ready,hadd-astar,"/home/hersco/bershco-nu-asnets/numeric-asnets/asnets/experiment-results/experiments_numeric.domain.delivery-experiments_numeric.architecture_2.delivery_mcts-2026-08-31T00:48:44.142983/P[domain,prob01,prob02,prob03,prob04]-S[0.0003,50,enhsp-hadd-astar]-MO[]-T[518400]-04920243-5194f74/snapshots/snapshot_30_1.0000",20755731,30,preserve3_term_delivery_on_learning_curve,COMPLETED,/home/hersco/training_new_domains/2026-08-31/preserve3_terminal_delivery_stage2/20755731_Re-Tr_delivery_delivery_mcts_orig_vh_e.5_c.1_s923500475_K0_P3TERMS2A30_src20522921.txt
preserve3-term-delivery-on-923500475-a30-policy-e0035,policy_eval,delivery,on,923500475,stage2,ready,hadd-astar,"/home/hersco/bershco-nu-asnets/numeric-asnets/asnets/experiment-results/experiments_numeric.domain.delivery-experiments_numeric.architecture_2.delivery_mcts-2026-08-31T00:48:44.142983/P[domain,prob01,prob02,prob03,prob04]-S[0.0003,50,enhsp-hadd-astar]-MO[]-T[518400]-04920243-5194f74/snapshots/snapshot_35_1.0000",20755731,35,preserve3_term_delivery_on_learning_curve,COMPLETED,/home/hersco/training_new_domains/2026-08-31/preserve3_terminal_delivery_stage2/20755731_Re-Tr_delivery_delivery_mcts_orig_vh_e.5_c.1_s923500475_K0_P3TERMS2A30_src20522921.txt
preserve3-term-delivery-on-923500475-a30-policy-e0040,policy_eval,delivery,on,923500475,stage2,ready,hadd-astar,"/home/hersco/bershco-nu-asnets/numeric-asnets/asnets/experiment-results/experiments_numeric.domain.delivery-experiments_numeric.architecture_2.delivery_mcts-2026-08-31T00:48:44.142983/P[domain,prob01,prob02,prob03,prob04]-S[0.0003,50,enhsp-hadd-astar]-MO[]-T[518400]-04920243-5194f74/snapshots/snapshot_40_1.0000",20755731,40,preserve3_term_delivery_on_learning_curve,COMPLETED,/home/hersco/training_new_domains/2026-08-31/preserve3_terminal_delivery_stage2/20755731_Re-Tr_delivery_delivery_mcts_orig_vh_e.5_c.1_s923500475_K0_P3TERMS2A30_src20522921.txt
preserve3-term-delivery-on-923500475-a30-policy-e0045,policy_eval,delivery,on,923500475,stage2,ready,hadd-astar,"/home/hersco/bershco-nu-asnets/numeric-asnets/asnets/experiment-results/experiments_numeric.domain.delivery-experiments_numeric.architecture_2.delivery_mcts-2026-08-31T00:48:44.142983/P[domain,prob01,prob02,prob03,prob04]-S[0.0003,50,enhsp-hadd-astar]-MO[]-T[518400]-04920243-5194f74/snapshots/snapshot_45_1.0000",20755731,45,preserve3_term_delivery_on_learning_curve,COMPLETED,/home/hersco/training_new_domains/2026-08-31/preserve3_terminal_delivery_stage2/20755731_Re-Tr_delivery_delivery_mcts_orig_vh_e.5_c.1_s923500475_K0_P3TERMS2A30_src20522921.txt
preserve3-term-delivery-on-923500475-a30-policy-e0050,policy_eval,delivery,on,923500475,stage2,ready,hadd-astar,"/home/hersco/bershco-nu-asnets/numeric-asnets/asnets/experiment-results/experiments_numeric.domain.delivery-experiments_numeric.architecture_2.delivery_mcts-2026-08-31T00:48:44.142983/P[domain,prob01,prob02,prob03,prob04]-S[0.0003,50,enhsp-hadd-astar]-MO[]-T[518400]-04920243-5194f74/snapshots/snapshot_50_1.0000",20755731,50,preserve3_term_delivery_on_learning_curve,COMPLETED,/home/hersco/training_new_domains/2026-08-31/preserve3_terminal_delivery_stage2/20755731_Re-Tr_delivery_delivery_mcts_orig_vh_e.5_c.1_s923500475_K0_P3TERMS2A30_src20522921.txt
preserve3-term-delivery-on-923500475-a30-policy-e0055,policy_eval,delivery,on,923500475,stage2,ready,hadd-astar,"/home/hersco/bershco-nu-asnets/numeric-asnets/asnets/experiment-results/experiments_numeric.domain.delivery-experiments_numeric.architecture_2.delivery_mcts-2026-08-31T00:48:44.142983/P[domain,prob01,prob02,prob03,prob04]-S[0.0003,50,enhsp-hadd-astar]-MO[]-T[518400]-04920243-5194f74/snapshots/snapshot_55_1.0000",20755731,55,preserve3_term_delivery_on_learning_curve,COMPLETED,/home/hersco/training_new_domains/2026-08-31/preserve3_terminal_delivery_stage2/20755731_Re-Tr_delivery_delivery_mcts_orig_vh_e.5_c.1_s923500475_K0_P3TERMS2A30_src20522921.txt
preserve3-term-delivery-on-923500475-a30-policy-e0060,policy_eval,delivery,on,923500475,stage2,ready,hadd-astar,"/home/hersco/bershco-nu-asnets/numeric-asnets/asnets/experiment-results/experiments_numeric.domain.delivery-experiments_numeric.architecture_2.delivery_mcts-2026-08-31T00:48:44.142983/P[domain,prob01,prob02,prob03,prob04]-S[0.0003,50,enhsp-hadd-astar]-MO[]-T[518400]-04920243-5194f74/snapshots/snapshot_60_1.0000",20755731,60,preserve3_term_delivery_on_learning_curve,COMPLETED,/home/hersco/training_new_domains/2026-08-31/preserve3_terminal_delivery_stage2/20755731_Re-Tr_delivery_delivery_mcts_orig_vh_e.5_c.1_s923500475_K0_P3TERMS2A30_src20522921.txt
preserve3-term-delivery-on-923500475-a30-policy-e0065,policy_eval,delivery,on,923500475,stage2,ready,hadd-astar,"/home/hersco/bershco-nu-asnets/numeric-asnets/asnets/experiment-results/experiments_numeric.domain.delivery-experiments_numeric.architecture_2.delivery_mcts-2026-08-31T00:48:44.142983/P[domain,prob01,prob02,prob03,prob04]-S[0.0003,50,enhsp-hadd-astar]-MO[]-T[518400]-04920243-5194f74/snapshots/snapshot_65_1.0000",20755731,65,preserve3_term_delivery_on_learning_curve,COMPLETED,/home/hersco/training_new_domains/2026-08-31/preserve3_terminal_delivery_stage2/20755731_Re-Tr_delivery_delivery_mcts_orig_vh_e.5_c.1_s923500475_K0_P3TERMS2A30_src20522921.txt
preserve3-term-delivery-on-923500475-a30-policy-e0070,policy_eval,delivery,on,923500475,stage2,ready,hadd-astar,"/home/hersco/bershco-nu-asnets/numeric-asnets/asnets/experiment-results/experiments_numeric.domain.delivery-experiments_numeric.architecture_2.delivery_mcts-2026-08-31T00:48:44.142983/P[domain,prob01,prob02,prob03,prob04]-S[0.0003,50,enhsp-hadd-astar]-MO[]-T[518400]-04920243-5194f74/snapshots/snapshot_70_1.0000",20755731,70,preserve3_term_delivery_on_learning_curve,COMPLETED,/home/hersco/training_new_domains/2026-08-31/preserve3_terminal_delivery_stage2/20755731_Re-Tr_delivery_delivery_mcts_orig_vh_e.5_c.1_s923500475_K0_P3TERMS2A30_src20522921.txt
preserve3-term-delivery-on-923500475-a30-policy-e0075,policy_eval,delivery,on,923500475,stage2,ready,hadd-astar,"/home/hersco/bershco-nu-asnets/numeric-asnets/asnets/experiment-results/experiments_numeric.domain.delivery-experiments_numeric.architecture_2.delivery_mcts-2026-08-31T00:48:44.142983/P[domain,prob01,prob02,prob03,prob04]-S[0.0003,50,enhsp-hadd-astar]-MO[]-T[518400]-04920243-5194f74/snapshots/snapshot_75_1.0000",20755731,75,preserve3_term_delivery_on_learning_curve,COMPLETED,/home/hersco/training_new_domains/2026-08-31/preserve3_terminal_delivery_stage2/20755731_Re-Tr_delivery_delivery_mcts_orig_vh_e.5_c.1_s923500475_K0_P3TERMS2A30_src20522921.txt
preserve3-term-delivery-on-923500475-a30-policy-e0080,policy_eval,delivery,on,923500475,stage2,ready,hadd-astar,"/home/hersco/bershco-nu-asnets/numeric-asnets/asnets/experiment-results/experiments_numeric.domain.delivery-experiments_numeric.architecture_2.delivery_mcts-2026-08-31T00:48:44.142983/P[domain,prob01,prob02,prob03,prob04]-S[0.0003,50,enhsp-hadd-astar]-MO[]-T[518400]-04920243-5194f74/snapshots/snapshot_80_1.0000",20755731,80,preserve3_term_delivery_on_learning_curve,COMPLETED,/home/hersco/training_new_domains/2026-08-31/preserve3_terminal_delivery_stage2/20755731_Re-Tr_delivery_delivery_mcts_orig_vh_e.5_c.1_s923500475_K0_P3TERMS2A30_src20522921.txt
preserve3-term-delivery-on-923500475-a30-policy-e0085,policy_eval,delivery,on,923500475,stage2,ready,hadd-astar,"/home/hersco/bershco-nu-asnets/numeric-asnets/asnets/experiment-results/experiments_numeric.domain.delivery-experiments_numeric.architecture_2.delivery_mcts-2026-08-31T00:48:44.142983/P[domain,prob01,prob02,prob03,prob04]-S[0.0003,50,enhsp-hadd-astar]-MO[]-T[518400]-04920243-5194f74/snapshots/snapshot_85_1.0000",20755731,85,preserve3_term_delivery_on_learning_curve,COMPLETED,/home/hersco/training_new_domains/2026-08-31/preserve3_terminal_delivery_stage2/20755731_Re-Tr_delivery_delivery_mcts_orig_vh_e.5_c.1_s923500475_K0_P3TERMS2A30_src20522921.txt
preserve3-term-delivery-on-923500475-a30-policy-e0090,policy_eval,delivery,on,923500475,stage2,ready,hadd-astar,"/home/hersco/bershco-nu-asnets/numeric-asnets/asnets/experiment-results/experiments_numeric.domain.delivery-experiments_numeric.architecture_2.delivery_mcts-2026-08-31T00:48:44.142983/P[domain,prob01,prob02,prob03,prob04]-S[0.0003,50,enhsp-hadd-astar]-MO[]-T[518400]-04920243-5194f74/snapshots/snapshot_90_1.0000",20755731,90,preserve3_term_delivery_on_learning_curve,COMPLETED,/home/hersco/training_new_domains/2026-08-31/preserve3_terminal_delivery_stage2/20755731_Re-Tr_delivery_delivery_mcts_orig_vh_e.5_c.1_s923500475_K0_P3TERMS2A30_src20522921.txt
preserve3-term-delivery-on-923500475-a30-policy-e0095,policy_eval,delivery,on,923500475,stage2,ready,hadd-astar,"/home/hersco/bershco-nu-asnets/numeric-asnets/asnets/experiment-results/experiments_numeric.domain.delivery-experiments_numeric.architecture_2.delivery_mcts-2026-08-31T00:48:44.142983/P[domain,prob01,prob02,prob03,prob04]-S[0.0003,50,enhsp-hadd-astar]-MO[]-T[518400]-04920243-5194f74/snapshots/snapshot_95_1.0000",20755731,95,preserve3_term_delivery_on_learning_curve,COMPLETED,/home/hersco/training_new_domains/2026-08-31/preserve3_terminal_delivery_stage2/20755731_Re-Tr_delivery_delivery_mcts_orig_vh_e.5_c.1_s923500475_K0_P3TERMS2A30_src20522921.txt
preserve3-term-delivery-on-923500475-a30-policy-e0099,policy_eval,delivery,on,923500475,stage2,ready,hadd-astar,"/home/hersco/bershco-nu-asnets/numeric-asnets/asnets/experiment-results/experiments_numeric.domain.delivery-experiments_numeric.architecture_2.delivery_mcts-2026-08-31T00:48:44.142983/P[domain,prob01,prob02,prob03,prob04]-S[0.0003,50,enhsp-hadd-astar]-MO[]-T[518400]-04920243-5194f74/snapshots/snapshot_99_1.0000",20755731,99,preserve3_term_delivery_on_learning_curve;preserve3_term_delivery_on_final_policy,COMPLETED,/home/hersco/training_new_domains/2026-08-31/preserve3_terminal_delivery_stage2/20755731_Re-Tr_delivery_delivery_mcts_orig_vh_e.5_c.1_s923500475_K0_P3TERMS2A30_src20522921.txt
preserve3-term-delivery-on-1073581256-a30-policy-e0000,policy_eval,delivery,on,1073581256,stage2,ready,hadd-astar,"/home/hersco/bershco-nu-asnets/numeric-asnets/asnets/experiment-results/experiments_numeric.domain.delivery-experiments_numeric.architecture_2.delivery_mcts-2026-08-31T00:48:59.731438/P[domain,prob01,prob02,prob03,prob04]-S[0.0003,50,enhsp-hadd-astar]-MO[]-T[518400]-04920243-1247c09/snapshots/snapshot_0_1.0000",20755732,0,preserve3_term_delivery_on_learning_curve,COMPLETED,/home/hersco/training_new_domains/2026-08-31/preserve3_terminal_delivery_stage2/20755732_Re-Tr_delivery_delivery_mcts_orig_vh_e.5_c.1_s1073581256_K0_P3TERMS2A30_src20522915.txt
preserve3-term-delivery-on-1073581256-a30-policy-e0005,policy_eval,delivery,on,1073581256,stage2,ready,hadd-astar,"/home/hersco/bershco-nu-asnets/numeric-asnets/asnets/experiment-results/experiments_numeric.domain.delivery-experiments_numeric.architecture_2.delivery_mcts-2026-08-31T00:48:59.731438/P[domain,prob01,prob02,prob03,prob04]-S[0.0003,50,enhsp-hadd-astar]-MO[]-T[518400]-04920243-1247c09/snapshots/snapshot_5_1.0000",20755732,5,preserve3_term_delivery_on_learning_curve,COMPLETED,/home/hersco/training_new_domains/2026-08-31/preserve3_terminal_delivery_stage2/20755732_Re-Tr_delivery_delivery_mcts_orig_vh_e.5_c.1_s1073581256_K0_P3TERMS2A30_src20522915.txt
preserve3-term-delivery-on-1073581256-a30-policy-e0010,policy_eval,delivery,on,1073581256,stage2,ready,hadd-astar,"/home/hersco/bershco-nu-asnets/numeric-asnets/asnets/experiment-results/experiments_numeric.domain.delivery-experiments_numeric.architecture_2.delivery_mcts-2026-08-31T00:48:59.731438/P[domain,prob01,prob02,prob03,prob04]-S[0.0003,50,enhsp-hadd-astar]-MO[]-T[518400]-04920243-1247c09/snapshots/snapshot_10_1.0000",20755732,10,preserve3_term_delivery_on_learning_curve,COMPLETED,/home/hersco/training_new_domains/2026-08-31/preserve3_terminal_delivery_stage2/20755732_Re-Tr_delivery_delivery_mcts_orig_vh_e.5_c.1_s1073581256_K0_P3TERMS2A30_src20522915.txt
preserve3-term-delivery-on-1073581256-a30-policy-e0015,policy_eval,delivery,on,1073581256,stage2,ready,hadd-astar,"/home/hersco/bershco-nu-asnets/numeric-asnets/asnets/experiment-results/experiments_numeric.domain.delivery-experiments_numeric.architecture_2.delivery_mcts-2026-08-31T00:48:59.731438/P[domain,prob01,prob02,prob03,prob04]-S[0.0003,50,enhsp-hadd-astar]-MO[]-T[518400]-04920243-1247c09/snapshots/snapshot_15_1.0000",20755732,15,preserve3_term_delivery_on_learning_curve,COMPLETED,/home/hersco/training_new_domains/2026-08-31/preserve3_terminal_delivery_stage2/20755732_Re-Tr_delivery_delivery_mcts_orig_vh_e.5_c.1_s1073581256_K0_P3TERMS2A30_src20522915.txt
preserve3-term-delivery-on-1073581256-a30-policy-e0020,policy_eval,delivery,on,1073581256,stage2,ready,hadd-astar,"/home/hersco/bershco-nu-asnets/numeric-asnets/asnets/experiment-results/experiments_numeric.domain.delivery-experiments_numeric.architecture_2.delivery_mcts-2026-08-31T00:48:59.731438/P[domain,prob01,prob02,prob03,prob04]-S[0.0003,50,enhsp-hadd-astar]-MO[]-T[518400]-04920243-1247c09/snapshots/snapshot_20_1.0000",20755732,20,preserve3_term_delivery_on_learning_curve,COMPLETED,/home/hersco/training_new_domains/2026-08-31/preserve3_terminal_delivery_stage2/20755732_Re-Tr_delivery_delivery_mcts_orig_vh_e.5_c.1_s1073581256_K0_P3TERMS2A30_src20522915.txt
preserve3-term-delivery-on-1073581256-a30-policy-e0025,policy_eval,delivery,on,1073581256,stage2,ready,hadd-astar,"/home/hersco/bershco-nu-asnets/numeric-asnets/asnets/experiment-results/experiments_numeric.domain.delivery-experiments_numeric.architecture_2.delivery_mcts-2026-08-31T00:48:59.731438/P[domain,prob01,prob02,prob03,prob04]-S[0.0003,50,enhsp-hadd-astar]-MO[]-T[518400]-04920243-1247c09/snapshots/snapshot_25_1.0000",20755732,25,preserve3_term_delivery_on_learning_curve,COMPLETED,/home/hersco/training_new_domains/2026-08-31/preserve3_terminal_delivery_stage2/20755732_Re-Tr_delivery_delivery_mcts_orig_vh_e.5_c.1_s1073581256_K0_P3TERMS2A30_src20522915.txt
preserve3-term-delivery-on-1073581256-a30-policy-e0027,policy_eval,delivery,on,1073581256,stage2,ready,hadd-astar,"/home/hersco/bershco-nu-asnets/numeric-asnets/asnets/experiment-results/experiments_numeric.domain.delivery-experiments_numeric.architecture_2.delivery_mcts-2026-08-31T00:48:59.731438/P[domain,prob01,prob02,prob03,prob04]-S[0.0003,50,enhsp-hadd-astar]-MO[]-T[518400]-04920243-1247c09/snapshots/snapshot_27_1.0000",20755732,27,preserve3_term_delivery_on_learning_curve;preserve3_term_delivery_on_validation_selected_policy,COMPLETED,/home/hersco/training_new_domains/2026-08-31/preserve3_terminal_delivery_stage2/20755732_Re-Tr_delivery_delivery_mcts_orig_vh_e.5_c.1_s1073581256_K0_P3TERMS2A30_src20522915.txt
preserve3-term-delivery-on-1073581256-a30-policy-e0030,policy_eval,delivery,on,1073581256,stage2,ready,hadd-astar,"/home/hersco/bershco-nu-asnets/numeric-asnets/asnets/experiment-results/experiments_numeric.domain.delivery-experiments_numeric.architecture_2.delivery_mcts-2026-08-31T00:48:59.731438/P[domain,prob01,prob02,prob03,prob04]-S[0.0003,50,enhsp-hadd-astar]-MO[]-T[518400]-04920243-1247c09/snapshots/snapshot_30_1.0000",20755732,30,preserve3_term_delivery_on_learning_curve,COMPLETED,/home/hersco/training_new_domains/2026-08-31/preserve3_terminal_delivery_stage2/20755732_Re-Tr_delivery_delivery_mcts_orig_vh_e.5_c.1_s1073581256_K0_P3TERMS2A30_src20522915.txt
preserve3-term-delivery-on-1073581256-a30-policy-e0035,policy_eval,delivery,on,1073581256,stage2,ready,hadd-astar,"/home/hersco/bershco-nu-asnets/numeric-asnets/asnets/experiment-results/experiments_numeric.domain.delivery-experiments_numeric.architecture_2.delivery_mcts-2026-08-31T00:48:59.731438/P[domain,prob01,prob02,prob03,prob04]-S[0.0003,50,enhsp-hadd-astar]-MO[]-T[518400]-04920243-1247c09/snapshots/snapshot_35_1.0000",20755732,35,preserve3_term_delivery_on_learning_curve,COMPLETED,/home/hersco/training_new_domains/2026-08-31/preserve3_terminal_delivery_stage2/20755732_Re-Tr_delivery_delivery_mcts_orig_vh_e.5_c.1_s1073581256_K0_P3TERMS2A30_src20522915.txt
preserve3-term-delivery-on-1073581256-a30-policy-e0040,policy_eval,delivery,on,1073581256,stage2,ready,hadd-astar,"/home/hersco/bershco-nu-asnets/numeric-asnets/asnets/experiment-results/experiments_numeric.domain.delivery-experiments_numeric.architecture_2.delivery_mcts-2026-08-31T00:48:59.731438/P[domain,prob01,prob02,prob03,prob04]-S[0.0003,50,enhsp-hadd-astar]-MO[]-T[518400]-04920243-1247c09/snapshots/snapshot_40_1.0000",20755732,40,preserve3_term_delivery_on_learning_curve,COMPLETED,/home/hersco/training_new_domains/2026-08-31/preserve3_terminal_delivery_stage2/20755732_Re-Tr_delivery_delivery_mcts_orig_vh_e.5_c.1_s1073581256_K0_P3TERMS2A30_src20522915.txt
preserve3-term-delivery-on-1073581256-a30-policy-e0045,policy_eval,delivery,on,1073581256,stage2,ready,hadd-astar,"/home/hersco/bershco-nu-asnets/numeric-asnets/asnets/experiment-results/experiments_numeric.domain.delivery-experiments_numeric.architecture_2.delivery_mcts-2026-08-31T00:48:59.731438/P[domain,prob01,prob02,prob03,prob04]-S[0.0003,50,enhsp-hadd-astar]-MO[]-T[518400]-04920243-1247c09/snapshots/snapshot_45_1.0000",20755732,45,preserve3_term_delivery_on_learning_curve,COMPLETED,/home/hersco/training_new_domains/2026-08-31/preserve3_terminal_delivery_stage2/20755732_Re-Tr_delivery_delivery_mcts_orig_vh_e.5_c.1_s1073581256_K0_P3TERMS2A30_src20522915.txt
preserve3-term-delivery-on-1073581256-a30-policy-e0050,policy_eval,delivery,on,1073581256,stage2,ready,hadd-astar,"/home/hersco/bershco-nu-asnets/numeric-asnets/asnets/experiment-results/experiments_numeric.domain.delivery-experiments_numeric.architecture_2.delivery_mcts-2026-08-31T00:48:59.731438/P[domain,prob01,prob02,prob03,prob04]-S[0.0003,50,enhsp-hadd-astar]-MO[]-T[518400]-04920243-1247c09/snapshots/snapshot_50_1.0000",20755732,50,preserve3_term_delivery_on_learning_curve,COMPLETED,/home/hersco/training_new_domains/2026-08-31/preserve3_terminal_delivery_stage2/20755732_Re-Tr_delivery_delivery_mcts_orig_vh_e.5_c.1_s1073581256_K0_P3TERMS2A30_src20522915.txt
preserve3-term-delivery-on-1073581256-a30-policy-e0055,policy_eval,delivery,on,1073581256,stage2,ready,hadd-astar,"/home/hersco/bershco-nu-asnets/numeric-asnets/asnets/experiment-results/experiments_numeric.domain.delivery-experiments_numeric.architecture_2.delivery_mcts-2026-08-31T00:48:59.731438/P[domain,prob01,prob02,prob03,prob04]-S[0.0003,50,enhsp-hadd-astar]-MO[]-T[518400]-04920243-1247c09/snapshots/snapshot_55_1.0000",20755732,55,preserve3_term_delivery_on_learning_curve,COMPLETED,/home/hersco/training_new_domains/2026-08-31/preserve3_terminal_delivery_stage2/20755732_Re-Tr_delivery_delivery_mcts_orig_vh_e.5_c.1_s1073581256_K0_P3TERMS2A30_src20522915.txt
preserve3-term-delivery-on-1073581256-a30-policy-e0060,policy_eval,delivery,on,1073581256,stage2,ready,hadd-astar,"/home/hersco/bershco-nu-asnets/numeric-asnets/asnets/experiment-results/experiments_numeric.domain.delivery-experiments_numeric.architecture_2.delivery_mcts-2026-08-31T00:48:59.731438/P[domain,prob01,prob02,prob03,prob04]-S[0.0003,50,enhsp-hadd-astar]-MO[]-T[518400]-04920243-1247c09/snapshots/snapshot_60_1.0000",20755732,60,preserve3_term_delivery_on_learning_curve,COMPLETED,/home/hersco/training_new_domains/2026-08-31/preserve3_terminal_delivery_stage2/20755732_Re-Tr_delivery_delivery_mcts_orig_vh_e.5_c.1_s1073581256_K0_P3TERMS2A30_src20522915.txt
preserve3-term-delivery-on-1073581256-a30-policy-e0065,policy_eval,delivery,on,1073581256,stage2,ready,hadd-astar,"/home/hersco/bershco-nu-asnets/numeric-asnets/asnets/experiment-results/experiments_numeric.domain.delivery-experiments_numeric.architecture_2.delivery_mcts-2026-08-31T00:48:59.731438/P[domain,prob01,prob02,prob03,prob04]-S[0.0003,50,enhsp-hadd-astar]-MO[]-T[518400]-04920243-1247c09/snapshots/snapshot_65_1.0000",20755732,65,preserve3_term_delivery_on_learning_curve,COMPLETED,/home/hersco/training_new_domains/2026-08-31/preserve3_terminal_delivery_stage2/20755732_Re-Tr_delivery_delivery_mcts_orig_vh_e.5_c.1_s1073581256_K0_P3TERMS2A30_src20522915.txt
preserve3-term-delivery-on-1073581256-a30-policy-e0070,policy_eval,delivery,on,1073581256,stage2,ready,hadd-astar,"/home/hersco/bershco-nu-asnets/numeric-asnets/asnets/experiment-results/experiments_numeric.domain.delivery-experiments_numeric.architecture_2.delivery_mcts-2026-08-31T00:48:59.731438/P[domain,prob01,prob02,prob03,prob04]-S[0.0003,50,enhsp-hadd-astar]-MO[]-T[518400]-04920243-1247c09/snapshots/snapshot_70_1.0000",20755732,70,preserve3_term_delivery_on_learning_curve,COMPLETED,/home/hersco/training_new_domains/2026-08-31/preserve3_terminal_delivery_stage2/20755732_Re-Tr_delivery_delivery_mcts_orig_vh_e.5_c.1_s1073581256_K0_P3TERMS2A30_src20522915.txt
preserve3-term-delivery-on-1073581256-a30-policy-e0075,policy_eval,delivery,on,1073581256,stage2,ready,hadd-astar,"/home/hersco/bershco-nu-asnets/numeric-asnets/asnets/experiment-results/experiments_numeric.domain.delivery-experiments_numeric.architecture_2.delivery_mcts-2026-08-31T00:48:59.731438/P[domain,prob01,prob02,prob03,prob04]-S[0.0003,50,enhsp-hadd-astar]-MO[]-T[518400]-04920243-1247c09/snapshots/snapshot_75_1.0000",20755732,75,preserve3_term_delivery_on_learning_curve,COMPLETED,/home/hersco/training_new_domains/2026-08-31/preserve3_terminal_delivery_stage2/20755732_Re-Tr_delivery_delivery_mcts_orig_vh_e.5_c.1_s1073581256_K0_P3TERMS2A30_src20522915.txt
preserve3-term-delivery-on-1073581256-a30-policy-e0080,policy_eval,delivery,on,1073581256,stage2,ready,hadd-astar,"/home/hersco/bershco-nu-asnets/numeric-asnets/asnets/experiment-results/experiments_numeric.domain.delivery-experiments_numeric.architecture_2.delivery_mcts-2026-08-31T00:48:59.731438/P[domain,prob01,prob02,prob03,prob04]-S[0.0003,50,enhsp-hadd-astar]-MO[]-T[518400]-04920243-1247c09/snapshots/snapshot_80_1.0000",20755732,80,preserve3_term_delivery_on_learning_curve,COMPLETED,/home/hersco/training_new_domains/2026-08-31/preserve3_terminal_delivery_stage2/20755732_Re-Tr_delivery_delivery_mcts_orig_vh_e.5_c.1_s1073581256_K0_P3TERMS2A30_src20522915.txt
preserve3-term-delivery-on-1073581256-a30-policy-e0085,policy_eval,delivery,on,1073581256,stage2,ready,hadd-astar,"/home/hersco/bershco-nu-asnets/numeric-asnets/asnets/experiment-results/experiments_numeric.domain.delivery-experiments_numeric.architecture_2.delivery_mcts-2026-08-31T00:48:59.731438/P[domain,prob01,prob02,prob03,prob04]-S[0.0003,50,enhsp-hadd-astar]-MO[]-T[518400]-04920243-1247c09/snapshots/snapshot_85_1.0000",20755732,85,preserve3_term_delivery_on_learning_curve,COMPLETED,/home/hersco/training_new_domains/2026-08-31/preserve3_terminal_delivery_stage2/20755732_Re-Tr_delivery_delivery_mcts_orig_vh_e.5_c.1_s1073581256_K0_P3TERMS2A30_src20522915.txt
preserve3-term-delivery-on-1073581256-a30-policy-e0090,policy_eval,delivery,on,1073581256,stage2,ready,hadd-astar,"/home/hersco/bershco-nu-asnets/numeric-asnets/asnets/experiment-results/experiments_numeric.domain.delivery-experiments_numeric.architecture_2.delivery_mcts-2026-08-31T00:48:59.731438/P[domain,prob01,prob02,prob03,prob04]-S[0.0003,50,enhsp-hadd-astar]-MO[]-T[518400]-04920243-1247c09/snapshots/snapshot_90_1.0000",20755732,90,preserve3_term_delivery_on_learning_curve,COMPLETED,/home/hersco/training_new_domains/2026-08-31/preserve3_terminal_delivery_stage2/20755732_Re-Tr_delivery_delivery_mcts_orig_vh_e.5_c.1_s1073581256_K0_P3TERMS2A30_src20522915.txt
preserve3-term-delivery-on-1073581256-a30-policy-e0095,policy_eval,delivery,on,1073581256,stage2,ready,hadd-astar,"/home/hersco/bershco-nu-asnets/numeric-asnets/asnets/experiment-results/experiments_numeric.domain.delivery-experiments_numeric.architecture_2.delivery_mcts-2026-08-31T00:48:59.731438/P[domain,prob01,prob02,prob03,prob04]-S[0.0003,50,enhsp-hadd-astar]-MO[]-T[518400]-04920243-1247c09/snapshots/snapshot_95_1.0000",20755732,95,preserve3_term_delivery_on_learning_curve,COMPLETED,/home/hersco/training_new_domains/2026-08-31/preserve3_terminal_delivery_stage2/20755732_Re-Tr_delivery_delivery_mcts_orig_vh_e.5_c.1_s1073581256_K0_P3TERMS2A30_src20522915.txt
preserve3-term-delivery-on-1073581256-a30-policy-e0099,policy_eval,delivery,on,1073581256,stage2,ready,hadd-astar,"/home/hersco/bershco-nu-asnets/numeric-asnets/asnets/experiment-results/experiments_numeric.domain.delivery-experiments_numeric.architecture_2.delivery_mcts-2026-08-31T00:48:59.731438/P[domain,prob01,prob02,prob03,prob04]-S[0.0003,50,enhsp-hadd-astar]-MO[]-T[518400]-04920243-1247c09/snapshots/snapshot_99_1.0000",20755732,99,preserve3_term_delivery_on_learning_curve;preserve3_term_delivery_on_final_policy,COMPLETED,/home/hersco/training_new_domains/2026-08-31/preserve3_terminal_delivery_stage2/20755732_Re-Tr_delivery_delivery_mcts_orig_vh_e.5_c.1_s1073581256_K0_P3TERMS2A30_src20522915.txt
preserve3-term-delivery-on-1239739722-a30-policy-e0000,policy_eval,delivery,on,1239739722,stage2,ready,hadd-astar,"/home/hersco/bershco-nu-asnets/numeric-asnets/asnets/experiment-results/experiments_numeric.domain.delivery-experiments_numeric.architecture_2.delivery_mcts-2026-08-31T00:52:26.049968/P[domain,prob01,prob02,prob03,prob04]-S[0.0003,50,enhsp-hadd-astar]-MO[]-T[518400]-04920246-7d9a779/snapshots/snapshot_0_1.0000",20755734,0,preserve3_term_delivery_on_learning_curve,COMPLETED,/home/hersco/training_new_domains/2026-08-31/preserve3_terminal_delivery_stage2/20755734_Re-Tr_delivery_delivery_mcts_orig_vh_e.5_c.1_s1239739722_K0_P3TERMS2A30_src20522916.txt
preserve3-term-delivery-on-1239739722-a30-policy-e0003,policy_eval,delivery,on,1239739722,stage2,ready,hadd-astar,"/home/hersco/bershco-nu-asnets/numeric-asnets/asnets/experiment-results/experiments_numeric.domain.delivery-experiments_numeric.architecture_2.delivery_mcts-2026-08-31T00:52:26.049968/P[domain,prob01,prob02,prob03,prob04]-S[0.0003,50,enhsp-hadd-astar]-MO[]-T[518400]-04920246-7d9a779/snapshots/snapshot_3_1.0000",20755734,3,preserve3_term_delivery_on_learning_curve;preserve3_term_delivery_on_validation_selected_policy,COMPLETED,/home/hersco/training_new_domains/2026-08-31/preserve3_terminal_delivery_stage2/20755734_Re-Tr_delivery_delivery_mcts_orig_vh_e.5_c.1_s1239739722_K0_P3TERMS2A30_src20522916.txt
preserve3-term-delivery-on-1239739722-a30-policy-e0005,policy_eval,delivery,on,1239739722,stage2,ready,hadd-astar,"/home/hersco/bershco-nu-asnets/numeric-asnets/asnets/experiment-results/experiments_numeric.domain.delivery-experiments_numeric.architecture_2.delivery_mcts-2026-08-31T00:52:26.049968/P[domain,prob01,prob02,prob03,prob04]-S[0.0003,50,enhsp-hadd-astar]-MO[]-T[518400]-04920246-7d9a779/snapshots/snapshot_5_1.0000",20755734,5,preserve3_term_delivery_on_learning_curve,COMPLETED,/home/hersco/training_new_domains/2026-08-31/preserve3_terminal_delivery_stage2/20755734_Re-Tr_delivery_delivery_mcts_orig_vh_e.5_c.1_s1239739722_K0_P3TERMS2A30_src20522916.txt
preserve3-term-delivery-on-1239739722-a30-policy-e0010,policy_eval,delivery,on,1239739722,stage2,ready,hadd-astar,"/home/hersco/bershco-nu-asnets/numeric-asnets/asnets/experiment-results/experiments_numeric.domain.delivery-experiments_numeric.architecture_2.delivery_mcts-2026-08-31T00:52:26.049968/P[domain,prob01,prob02,prob03,prob04]-S[0.0003,50,enhsp-hadd-astar]-MO[]-T[518400]-04920246-7d9a779/snapshots/snapshot_10_1.0000",20755734,10,preserve3_term_delivery_on_learning_curve,COMPLETED,/home/hersco/training_new_domains/2026-08-31/preserve3_terminal_delivery_stage2/20755734_Re-Tr_delivery_delivery_mcts_orig_vh_e.5_c.1_s1239739722_K0_P3TERMS2A30_src20522916.txt
preserve3-term-delivery-on-1239739722-a30-policy-e0015,policy_eval,delivery,on,1239739722,stage2,ready,hadd-astar,"/home/hersco/bershco-nu-asnets/numeric-asnets/asnets/experiment-results/experiments_numeric.domain.delivery-experiments_numeric.architecture_2.delivery_mcts-2026-08-31T00:52:26.049968/P[domain,prob01,prob02,prob03,prob04]-S[0.0003,50,enhsp-hadd-astar]-MO[]-T[518400]-04920246-7d9a779/snapshots/snapshot_15_1.0000",20755734,15,preserve3_term_delivery_on_learning_curve,COMPLETED,/home/hersco/training_new_domains/2026-08-31/preserve3_terminal_delivery_stage2/20755734_Re-Tr_delivery_delivery_mcts_orig_vh_e.5_c.1_s1239739722_K0_P3TERMS2A30_src20522916.txt
preserve3-term-delivery-on-1239739722-a30-policy-e0020,policy_eval,delivery,on,1239739722,stage2,ready,hadd-astar,"/home/hersco/bershco-nu-asnets/numeric-asnets/asnets/experiment-results/experiments_numeric.domain.delivery-experiments_numeric.architecture_2.delivery_mcts-2026-08-31T00:52:26.049968/P[domain,prob01,prob02,prob03,prob04]-S[0.0003,50,enhsp-hadd-astar]-MO[]-T[518400]-04920246-7d9a779/snapshots/snapshot_20_1.0000",20755734,20,preserve3_term_delivery_on_learning_curve,COMPLETED,/home/hersco/training_new_domains/2026-08-31/preserve3_terminal_delivery_stage2/20755734_Re-Tr_delivery_delivery_mcts_orig_vh_e.5_c.1_s1239739722_K0_P3TERMS2A30_src20522916.txt
preserve3-term-delivery-on-1239739722-a30-policy-e0025,policy_eval,delivery,on,1239739722,stage2,ready,hadd-astar,"/home/hersco/bershco-nu-asnets/numeric-asnets/asnets/experiment-results/experiments_numeric.domain.delivery-experiments_numeric.architecture_2.delivery_mcts-2026-08-31T00:52:26.049968/P[domain,prob01,prob02,prob03,prob04]-S[0.0003,50,enhsp-hadd-astar]-MO[]-T[518400]-04920246-7d9a779/snapshots/snapshot_25_1.0000",20755734,25,preserve3_term_delivery_on_learning_curve,COMPLETED,/home/hersco/training_new_domains/2026-08-31/preserve3_terminal_delivery_stage2/20755734_Re-Tr_delivery_delivery_mcts_orig_vh_e.5_c.1_s1239739722_K0_P3TERMS2A30_src20522916.txt
preserve3-term-delivery-on-1239739722-a30-policy-e0030,policy_eval,delivery,on,1239739722,stage2,ready,hadd-astar,"/home/hersco/bershco-nu-asnets/numeric-asnets/asnets/experiment-results/experiments_numeric.domain.delivery-experiments_numeric.architecture_2.delivery_mcts-2026-08-31T00:52:26.049968/P[domain,prob01,prob02,prob03,prob04]-S[0.0003,50,enhsp-hadd-astar]-MO[]-T[518400]-04920246-7d9a779/snapshots/snapshot_30_1.0000",20755734,30,preserve3_term_delivery_on_learning_curve,COMPLETED,/home/hersco/training_new_domains/2026-08-31/preserve3_terminal_delivery_stage2/20755734_Re-Tr_delivery_delivery_mcts_orig_vh_e.5_c.1_s1239739722_K0_P3TERMS2A30_src20522916.txt
preserve3-term-delivery-on-1239739722-a30-policy-e0035,policy_eval,delivery,on,1239739722,stage2,ready,hadd-astar,"/home/hersco/bershco-nu-asnets/numeric-asnets/asnets/experiment-results/experiments_numeric.domain.delivery-experiments_numeric.architecture_2.delivery_mcts-2026-08-31T00:52:26.049968/P[domain,prob01,prob02,prob03,prob04]-S[0.0003,50,enhsp-hadd-astar]-MO[]-T[518400]-04920246-7d9a779/snapshots/snapshot_35_1.0000",20755734,35,preserve3_term_delivery_on_learning_curve,COMPLETED,/home/hersco/training_new_domains/2026-08-31/preserve3_terminal_delivery_stage2/20755734_Re-Tr_delivery_delivery_mcts_orig_vh_e.5_c.1_s1239739722_K0_P3TERMS2A30_src20522916.txt
preserve3-term-delivery-on-1239739722-a30-policy-e0040,policy_eval,delivery,on,1239739722,stage2,ready,hadd-astar,"/home/hersco/bershco-nu-asnets/numeric-asnets/asnets/experiment-results/experiments_numeric.domain.delivery-experiments_numeric.architecture_2.delivery_mcts-2026-08-31T00:52:26.049968/P[domain,prob01,prob02,prob03,prob04]-S[0.0003,50,enhsp-hadd-astar]-MO[]-T[518400]-04920246-7d9a779/snapshots/snapshot_40_1.0000",20755734,40,preserve3_term_delivery_on_learning_curve,COMPLETED,/home/hersco/training_new_domains/2026-08-31/preserve3_terminal_delivery_stage2/20755734_Re-Tr_delivery_delivery_mcts_orig_vh_e.5_c.1_s1239739722_K0_P3TERMS2A30_src20522916.txt
preserve3-term-delivery-on-1239739722-a30-policy-e0045,policy_eval,delivery,on,1239739722,stage2,ready,hadd-astar,"/home/hersco/bershco-nu-asnets/numeric-asnets/asnets/experiment-results/experiments_numeric.domain.delivery-experiments_numeric.architecture_2.delivery_mcts-2026-08-31T00:52:26.049968/P[domain,prob01,prob02,prob03,prob04]-S[0.0003,50,enhsp-hadd-astar]-MO[]-T[518400]-04920246-7d9a779/snapshots/snapshot_45_1.0000",20755734,45,preserve3_term_delivery_on_learning_curve,COMPLETED,/home/hersco/training_new_domains/2026-08-31/preserve3_terminal_delivery_stage2/20755734_Re-Tr_delivery_delivery_mcts_orig_vh_e.5_c.1_s1239739722_K0_P3TERMS2A30_src20522916.txt
preserve3-term-delivery-on-1239739722-a30-policy-e0050,policy_eval,delivery,on,1239739722,stage2,ready,hadd-astar,"/home/hersco/bershco-nu-asnets/numeric-asnets/asnets/experiment-results/experiments_numeric.domain.delivery-experiments_numeric.architecture_2.delivery_mcts-2026-08-31T00:52:26.049968/P[domain,prob01,prob02,prob03,prob04]-S[0.0003,50,enhsp-hadd-astar]-MO[]-T[518400]-04920246-7d9a779/snapshots/snapshot_50_1.0000",20755734,50,preserve3_term_delivery_on_learning_curve,COMPLETED,/home/hersco/training_new_domains/2026-08-31/preserve3_terminal_delivery_stage2/20755734_Re-Tr_delivery_delivery_mcts_orig_vh_e.5_c.1_s1239739722_K0_P3TERMS2A30_src20522916.txt
preserve3-term-delivery-on-1239739722-a30-policy-e0055,policy_eval,delivery,on,1239739722,stage2,ready,hadd-astar,"/home/hersco/bershco-nu-asnets/numeric-asnets/asnets/experiment-results/experiments_numeric.domain.delivery-experiments_numeric.architecture_2.delivery_mcts-2026-08-31T00:52:26.049968/P[domain,prob01,prob02,prob03,prob04]-S[0.0003,50,enhsp-hadd-astar]-MO[]-T[518400]-04920246-7d9a779/snapshots/snapshot_55_1.0000",20755734,55,preserve3_term_delivery_on_learning_curve,COMPLETED,/home/hersco/training_new_domains/2026-08-31/preserve3_terminal_delivery_stage2/20755734_Re-Tr_delivery_delivery_mcts_orig_vh_e.5_c.1_s1239739722_K0_P3TERMS2A30_src20522916.txt
preserve3-term-delivery-on-1239739722-a30-policy-e0060,policy_eval,delivery,on,1239739722,stage2,ready,hadd-astar,"/home/hersco/bershco-nu-asnets/numeric-asnets/asnets/experiment-results/experiments_numeric.domain.delivery-experiments_numeric.architecture_2.delivery_mcts-2026-08-31T00:52:26.049968/P[domain,prob01,prob02,prob03,prob04]-S[0.0003,50,enhsp-hadd-astar]-MO[]-T[518400]-04920246-7d9a779/snapshots/snapshot_60_1.0000",20755734,60,preserve3_term_delivery_on_learning_curve,COMPLETED,/home/hersco/training_new_domains/2026-08-31/preserve3_terminal_delivery_stage2/20755734_Re-Tr_delivery_delivery_mcts_orig_vh_e.5_c.1_s1239739722_K0_P3TERMS2A30_src20522916.txt
preserve3-term-delivery-on-1239739722-a30-policy-e0065,policy_eval,delivery,on,1239739722,stage2,ready,hadd-astar,"/home/hersco/bershco-nu-asnets/numeric-asnets/asnets/experiment-results/experiments_numeric.domain.delivery-experiments_numeric.architecture_2.delivery_mcts-2026-08-31T00:52:26.049968/P[domain,prob01,prob02,prob03,prob04]-S[0.0003,50,enhsp-hadd-astar]-MO[]-T[518400]-04920246-7d9a779/snapshots/snapshot_65_1.0000",20755734,65,preserve3_term_delivery_on_learning_curve,COMPLETED,/home/hersco/training_new_domains/2026-08-31/preserve3_terminal_delivery_stage2/20755734_Re-Tr_delivery_delivery_mcts_orig_vh_e.5_c.1_s1239739722_K0_P3TERMS2A30_src20522916.txt
preserve3-term-delivery-on-1239739722-a30-policy-e0070,policy_eval,delivery,on,1239739722,stage2,ready,hadd-astar,"/home/hersco/bershco-nu-asnets/numeric-asnets/asnets/experiment-results/experiments_numeric.domain.delivery-experiments_numeric.architecture_2.delivery_mcts-2026-08-31T00:52:26.049968/P[domain,prob01,prob02,prob03,prob04]-S[0.0003,50,enhsp-hadd-astar]-MO[]-T[518400]-04920246-7d9a779/snapshots/snapshot_70_1.0000",20755734,70,preserve3_term_delivery_on_learning_curve,COMPLETED,/home/hersco/training_new_domains/2026-08-31/preserve3_terminal_delivery_stage2/20755734_Re-Tr_delivery_delivery_mcts_orig_vh_e.5_c.1_s1239739722_K0_P3TERMS2A30_src20522916.txt
preserve3-term-delivery-on-1239739722-a30-policy-e0075,policy_eval,delivery,on,1239739722,stage2,ready,hadd-astar,"/home/hersco/bershco-nu-asnets/numeric-asnets/asnets/experiment-results/experiments_numeric.domain.delivery-experiments_numeric.architecture_2.delivery_mcts-2026-08-31T00:52:26.049968/P[domain,prob01,prob02,prob03,prob04]-S[0.0003,50,enhsp-hadd-astar]-MO[]-T[518400]-04920246-7d9a779/snapshots/snapshot_75_1.0000",20755734,75,preserve3_term_delivery_on_learning_curve,COMPLETED,/home/hersco/training_new_domains/2026-08-31/preserve3_terminal_delivery_stage2/20755734_Re-Tr_delivery_delivery_mcts_orig_vh_e.5_c.1_s1239739722_K0_P3TERMS2A30_src20522916.txt
preserve3-term-delivery-on-1239739722-a30-policy-e0080,policy_eval,delivery,on,1239739722,stage2,ready,hadd-astar,"/home/hersco/bershco-nu-asnets/numeric-asnets/asnets/experiment-results/experiments_numeric.domain.delivery-experiments_numeric.architecture_2.delivery_mcts-2026-08-31T00:52:26.049968/P[domain,prob01,prob02,prob03,prob04]-S[0.0003,50,enhsp-hadd-astar]-MO[]-T[518400]-04920246-7d9a779/snapshots/snapshot_80_1.0000",20755734,80,preserve3_term_delivery_on_learning_curve,COMPLETED,/home/hersco/training_new_domains/2026-08-31/preserve3_terminal_delivery_stage2/20755734_Re-Tr_delivery_delivery_mcts_orig_vh_e.5_c.1_s1239739722_K0_P3TERMS2A30_src20522916.txt
preserve3-term-delivery-on-1239739722-a30-policy-e0085,policy_eval,delivery,on,1239739722,stage2,ready,hadd-astar,"/home/hersco/bershco-nu-asnets/numeric-asnets/asnets/experiment-results/experiments_numeric.domain.delivery-experiments_numeric.architecture_2.delivery_mcts-2026-08-31T00:52:26.049968/P[domain,prob01,prob02,prob03,prob04]-S[0.0003,50,enhsp-hadd-astar]-MO[]-T[518400]-04920246-7d9a779/snapshots/snapshot_85_1.0000",20755734,85,preserve3_term_delivery_on_learning_curve,COMPLETED,/home/hersco/training_new_domains/2026-08-31/preserve3_terminal_delivery_stage2/20755734_Re-Tr_delivery_delivery_mcts_orig_vh_e.5_c.1_s1239739722_K0_P3TERMS2A30_src20522916.txt
preserve3-term-delivery-on-1239739722-a30-policy-e0090,policy_eval,delivery,on,1239739722,stage2,ready,hadd-astar,"/home/hersco/bershco-nu-asnets/numeric-asnets/asnets/experiment-results/experiments_numeric.domain.delivery-experiments_numeric.architecture_2.delivery_mcts-2026-08-31T00:52:26.049968/P[domain,prob01,prob02,prob03,prob04]-S[0.0003,50,enhsp-hadd-astar]-MO[]-T[518400]-04920246-7d9a779/snapshots/snapshot_90_1.0000",20755734,90,preserve3_term_delivery_on_learning_curve,COMPLETED,/home/hersco/training_new_domains/2026-08-31/preserve3_terminal_delivery_stage2/20755734_Re-Tr_delivery_delivery_mcts_orig_vh_e.5_c.1_s1239739722_K0_P3TERMS2A30_src20522916.txt
preserve3-term-delivery-on-1239739722-a30-policy-e0095,policy_eval,delivery,on,1239739722,stage2,ready,hadd-astar,"/home/hersco/bershco-nu-asnets/numeric-asnets/asnets/experiment-results/experiments_numeric.domain.delivery-experiments_numeric.architecture_2.delivery_mcts-2026-08-31T00:52:26.049968/P[domain,prob01,prob02,prob03,prob04]-S[0.0003,50,enhsp-hadd-astar]-MO[]-T[518400]-04920246-7d9a779/snapshots/snapshot_95_1.0000",20755734,95,preserve3_term_delivery_on_learning_curve,COMPLETED,/home/hersco/training_new_domains/2026-08-31/preserve3_terminal_delivery_stage2/20755734_Re-Tr_delivery_delivery_mcts_orig_vh_e.5_c.1_s1239739722_K0_P3TERMS2A30_src20522916.txt
preserve3-term-delivery-on-1239739722-a30-policy-e0099,policy_eval,delivery,on,1239739722,stage2,ready,hadd-astar,"/home/hersco/bershco-nu-asnets/numeric-asnets/asnets/experiment-results/experiments_numeric.domain.delivery-experiments_numeric.architecture_2.delivery_mcts-2026-08-31T00:52:26.049968/P[domain,prob01,prob02,prob03,prob04]-S[0.0003,50,enhsp-hadd-astar]-MO[]-T[518400]-04920246-7d9a779/snapshots/snapshot_99_1.0000",20755734,99,preserve3_term_delivery_on_learning_curve;preserve3_term_delivery_on_final_policy,COMPLETED,/home/hersco/training_new_domains/2026-08-31/preserve3_terminal_delivery_stage2/20755734_Re-Tr_delivery_delivery_mcts_orig_vh_e.5_c.1_s1239739722_K0_P3TERMS2A30_src20522916.txt
preserve3-term-delivery-on-1472491096-a30-policy-e0000,policy_eval,delivery,on,1472491096,stage2,ready,hadd-astar,"/home/hersco/bershco-nu-asnets/numeric-asnets/asnets/experiment-results/experiments_numeric.domain.delivery-experiments_numeric.architecture_2.delivery_mcts-2026-08-31T00:53:45.167138/P[domain,prob01,prob02,prob03,prob04]-S[0.0003,50,enhsp-hadd-astar]-MO[]-T[518400]-04920247-43e0a7a/snapshots/snapshot_0_1.0000",20755735,0,preserve3_term_delivery_on_learning_curve,COMPLETED,/home/hersco/training_new_domains/2026-08-31/preserve3_terminal_delivery_stage2/20755735_Re-Tr_delivery_delivery_mcts_orig_vh_e.5_c.1_s1472491096_K0_P3TERMS2A30_src20522917.txt
preserve3-term-delivery-on-1472491096-a30-policy-e0005,policy_eval,delivery,on,1472491096,stage2,ready,hadd-astar,"/home/hersco/bershco-nu-asnets/numeric-asnets/asnets/experiment-results/experiments_numeric.domain.delivery-experiments_numeric.architecture_2.delivery_mcts-2026-08-31T00:53:45.167138/P[domain,prob01,prob02,prob03,prob04]-S[0.0003,50,enhsp-hadd-astar]-MO[]-T[518400]-04920247-43e0a7a/snapshots/snapshot_5_1.0000",20755735,5,preserve3_term_delivery_on_learning_curve,COMPLETED,/home/hersco/training_new_domains/2026-08-31/preserve3_terminal_delivery_stage2/20755735_Re-Tr_delivery_delivery_mcts_orig_vh_e.5_c.1_s1472491096_K0_P3TERMS2A30_src20522917.txt
preserve3-term-delivery-on-1472491096-a30-policy-e0006,policy_eval,delivery,on,1472491096,stage2,ready,hadd-astar,"/home/hersco/bershco-nu-asnets/numeric-asnets/asnets/experiment-results/experiments_numeric.domain.delivery-experiments_numeric.architecture_2.delivery_mcts-2026-08-31T00:53:45.167138/P[domain,prob01,prob02,prob03,prob04]-S[0.0003,50,enhsp-hadd-astar]-MO[]-T[518400]-04920247-43e0a7a/snapshots/snapshot_6_1.0000",20755735,6,preserve3_term_delivery_on_learning_curve;preserve3_term_delivery_on_validation_selected_policy,COMPLETED,/home/hersco/training_new_domains/2026-08-31/preserve3_terminal_delivery_stage2/20755735_Re-Tr_delivery_delivery_mcts_orig_vh_e.5_c.1_s1472491096_K0_P3TERMS2A30_src20522917.txt
preserve3-term-delivery-on-1472491096-a30-policy-e0010,policy_eval,delivery,on,1472491096,stage2,ready,hadd-astar,"/home/hersco/bershco-nu-asnets/numeric-asnets/asnets/experiment-results/experiments_numeric.domain.delivery-experiments_numeric.architecture_2.delivery_mcts-2026-08-31T00:53:45.167138/P[domain,prob01,prob02,prob03,prob04]-S[0.0003,50,enhsp-hadd-astar]-MO[]-T[518400]-04920247-43e0a7a/snapshots/snapshot_10_1.0000",20755735,10,preserve3_term_delivery_on_learning_curve,COMPLETED,/home/hersco/training_new_domains/2026-08-31/preserve3_terminal_delivery_stage2/20755735_Re-Tr_delivery_delivery_mcts_orig_vh_e.5_c.1_s1472491096_K0_P3TERMS2A30_src20522917.txt
preserve3-term-delivery-on-1472491096-a30-policy-e0015,policy_eval,delivery,on,1472491096,stage2,ready,hadd-astar,"/home/hersco/bershco-nu-asnets/numeric-asnets/asnets/experiment-results/experiments_numeric.domain.delivery-experiments_numeric.architecture_2.delivery_mcts-2026-08-31T00:53:45.167138/P[domain,prob01,prob02,prob03,prob04]-S[0.0003,50,enhsp-hadd-astar]-MO[]-T[518400]-04920247-43e0a7a/snapshots/snapshot_15_1.0000",20755735,15,preserve3_term_delivery_on_learning_curve,COMPLETED,/home/hersco/training_new_domains/2026-08-31/preserve3_terminal_delivery_stage2/20755735_Re-Tr_delivery_delivery_mcts_orig_vh_e.5_c.1_s1472491096_K0_P3TERMS2A30_src20522917.txt
preserve3-term-delivery-on-1472491096-a30-policy-e0020,policy_eval,delivery,on,1472491096,stage2,ready,hadd-astar,"/home/hersco/bershco-nu-asnets/numeric-asnets/asnets/experiment-results/experiments_numeric.domain.delivery-experiments_numeric.architecture_2.delivery_mcts-2026-08-31T00:53:45.167138/P[domain,prob01,prob02,prob03,prob04]-S[0.0003,50,enhsp-hadd-astar]-MO[]-T[518400]-04920247-43e0a7a/snapshots/snapshot_20_1.0000",20755735,20,preserve3_term_delivery_on_learning_curve,COMPLETED,/home/hersco/training_new_domains/2026-08-31/preserve3_terminal_delivery_stage2/20755735_Re-Tr_delivery_delivery_mcts_orig_vh_e.5_c.1_s1472491096_K0_P3TERMS2A30_src20522917.txt
preserve3-term-delivery-on-1472491096-a30-policy-e0025,policy_eval,delivery,on,1472491096,stage2,ready,hadd-astar,"/home/hersco/bershco-nu-asnets/numeric-asnets/asnets/experiment-results/experiments_numeric.domain.delivery-experiments_numeric.architecture_2.delivery_mcts-2026-08-31T00:53:45.167138/P[domain,prob01,prob02,prob03,prob04]-S[0.0003,50,enhsp-hadd-astar]-MO[]-T[518400]-04920247-43e0a7a/snapshots/snapshot_25_1.0000",20755735,25,preserve3_term_delivery_on_learning_curve,COMPLETED,/home/hersco/training_new_domains/2026-08-31/preserve3_terminal_delivery_stage2/20755735_Re-Tr_delivery_delivery_mcts_orig_vh_e.5_c.1_s1472491096_K0_P3TERMS2A30_src20522917.txt
preserve3-term-delivery-on-1472491096-a30-policy-e0030,policy_eval,delivery,on,1472491096,stage2,ready,hadd-astar,"/home/hersco/bershco-nu-asnets/numeric-asnets/asnets/experiment-results/experiments_numeric.domain.delivery-experiments_numeric.architecture_2.delivery_mcts-2026-08-31T00:53:45.167138/P[domain,prob01,prob02,prob03,prob04]-S[0.0003,50,enhsp-hadd-astar]-MO[]-T[518400]-04920247-43e0a7a/snapshots/snapshot_30_1.0000",20755735,30,preserve3_term_delivery_on_learning_curve,COMPLETED,/home/hersco/training_new_domains/2026-08-31/preserve3_terminal_delivery_stage2/20755735_Re-Tr_delivery_delivery_mcts_orig_vh_e.5_c.1_s1472491096_K0_P3TERMS2A30_src20522917.txt
preserve3-term-delivery-on-1472491096-a30-policy-e0035,policy_eval,delivery,on,1472491096,stage2,ready,hadd-astar,"/home/hersco/bershco-nu-asnets/numeric-asnets/asnets/experiment-results/experiments_numeric.domain.delivery-experiments_numeric.architecture_2.delivery_mcts-2026-08-31T00:53:45.167138/P[domain,prob01,prob02,prob03,prob04]-S[0.0003,50,enhsp-hadd-astar]-MO[]-T[518400]-04920247-43e0a7a/snapshots/snapshot_35_1.0000",20755735,35,preserve3_term_delivery_on_learning_curve,COMPLETED,/home/hersco/training_new_domains/2026-08-31/preserve3_terminal_delivery_stage2/20755735_Re-Tr_delivery_delivery_mcts_orig_vh_e.5_c.1_s1472491096_K0_P3TERMS2A30_src20522917.txt
preserve3-term-delivery-on-1472491096-a30-policy-e0040,policy_eval,delivery,on,1472491096,stage2,ready,hadd-astar,"/home/hersco/bershco-nu-asnets/numeric-asnets/asnets/experiment-results/experiments_numeric.domain.delivery-experiments_numeric.architecture_2.delivery_mcts-2026-08-31T00:53:45.167138/P[domain,prob01,prob02,prob03,prob04]-S[0.0003,50,enhsp-hadd-astar]-MO[]-T[518400]-04920247-43e0a7a/snapshots/snapshot_40_1.0000",20755735,40,preserve3_term_delivery_on_learning_curve,COMPLETED,/home/hersco/training_new_domains/2026-08-31/preserve3_terminal_delivery_stage2/20755735_Re-Tr_delivery_delivery_mcts_orig_vh_e.5_c.1_s1472491096_K0_P3TERMS2A30_src20522917.txt
preserve3-term-delivery-on-1472491096-a30-policy-e0045,policy_eval,delivery,on,1472491096,stage2,ready,hadd-astar,"/home/hersco/bershco-nu-asnets/numeric-asnets/asnets/experiment-results/experiments_numeric.domain.delivery-experiments_numeric.architecture_2.delivery_mcts-2026-08-31T00:53:45.167138/P[domain,prob01,prob02,prob03,prob04]-S[0.0003,50,enhsp-hadd-astar]-MO[]-T[518400]-04920247-43e0a7a/snapshots/snapshot_45_1.0000",20755735,45,preserve3_term_delivery_on_learning_curve,COMPLETED,/home/hersco/training_new_domains/2026-08-31/preserve3_terminal_delivery_stage2/20755735_Re-Tr_delivery_delivery_mcts_orig_vh_e.5_c.1_s1472491096_K0_P3TERMS2A30_src20522917.txt
preserve3-term-delivery-on-1472491096-a30-policy-e0050,policy_eval,delivery,on,1472491096,stage2,ready,hadd-astar,"/home/hersco/bershco-nu-asnets/numeric-asnets/asnets/experiment-results/experiments_numeric.domain.delivery-experiments_numeric.architecture_2.delivery_mcts-2026-08-31T00:53:45.167138/P[domain,prob01,prob02,prob03,prob04]-S[0.0003,50,enhsp-hadd-astar]-MO[]-T[518400]-04920247-43e0a7a/snapshots/snapshot_50_1.0000",20755735,50,preserve3_term_delivery_on_learning_curve,COMPLETED,/home/hersco/training_new_domains/2026-08-31/preserve3_terminal_delivery_stage2/20755735_Re-Tr_delivery_delivery_mcts_orig_vh_e.5_c.1_s1472491096_K0_P3TERMS2A30_src20522917.txt
preserve3-term-delivery-on-1472491096-a30-policy-e0055,policy_eval,delivery,on,1472491096,stage2,ready,hadd-astar,"/home/hersco/bershco-nu-asnets/numeric-asnets/asnets/experiment-results/experiments_numeric.domain.delivery-experiments_numeric.architecture_2.delivery_mcts-2026-08-31T00:53:45.167138/P[domain,prob01,prob02,prob03,prob04]-S[0.0003,50,enhsp-hadd-astar]-MO[]-T[518400]-04920247-43e0a7a/snapshots/snapshot_55_1.0000",20755735,55,preserve3_term_delivery_on_learning_curve,COMPLETED,/home/hersco/training_new_domains/2026-08-31/preserve3_terminal_delivery_stage2/20755735_Re-Tr_delivery_delivery_mcts_orig_vh_e.5_c.1_s1472491096_K0_P3TERMS2A30_src20522917.txt
preserve3-term-delivery-on-1472491096-a30-policy-e0060,policy_eval,delivery,on,1472491096,stage2,ready,hadd-astar,"/home/hersco/bershco-nu-asnets/numeric-asnets/asnets/experiment-results/experiments_numeric.domain.delivery-experiments_numeric.architecture_2.delivery_mcts-2026-08-31T00:53:45.167138/P[domain,prob01,prob02,prob03,prob04]-S[0.0003,50,enhsp-hadd-astar]-MO[]-T[518400]-04920247-43e0a7a/snapshots/snapshot_60_1.0000",20755735,60,preserve3_term_delivery_on_learning_curve,COMPLETED,/home/hersco/training_new_domains/2026-08-31/preserve3_terminal_delivery_stage2/20755735_Re-Tr_delivery_delivery_mcts_orig_vh_e.5_c.1_s1472491096_K0_P3TERMS2A30_src20522917.txt
preserve3-term-delivery-on-1472491096-a30-policy-e0065,policy_eval,delivery,on,1472491096,stage2,ready,hadd-astar,"/home/hersco/bershco-nu-asnets/numeric-asnets/asnets/experiment-results/experiments_numeric.domain.delivery-experiments_numeric.architecture_2.delivery_mcts-2026-08-31T00:53:45.167138/P[domain,prob01,prob02,prob03,prob04]-S[0.0003,50,enhsp-hadd-astar]-MO[]-T[518400]-04920247-43e0a7a/snapshots/snapshot_65_1.0000",20755735,65,preserve3_term_delivery_on_learning_curve,COMPLETED,/home/hersco/training_new_domains/2026-08-31/preserve3_terminal_delivery_stage2/20755735_Re-Tr_delivery_delivery_mcts_orig_vh_e.5_c.1_s1472491096_K0_P3TERMS2A30_src20522917.txt
preserve3-term-delivery-on-1472491096-a30-policy-e0070,policy_eval,delivery,on,1472491096,stage2,ready,hadd-astar,"/home/hersco/bershco-nu-asnets/numeric-asnets/asnets/experiment-results/experiments_numeric.domain.delivery-experiments_numeric.architecture_2.delivery_mcts-2026-08-31T00:53:45.167138/P[domain,prob01,prob02,prob03,prob04]-S[0.0003,50,enhsp-hadd-astar]-MO[]-T[518400]-04920247-43e0a7a/snapshots/snapshot_70_1.0000",20755735,70,preserve3_term_delivery_on_learning_curve,COMPLETED,/home/hersco/training_new_domains/2026-08-31/preserve3_terminal_delivery_stage2/20755735_Re-Tr_delivery_delivery_mcts_orig_vh_e.5_c.1_s1472491096_K0_P3TERMS2A30_src20522917.txt
preserve3-term-delivery-on-1472491096-a30-policy-e0075,policy_eval,delivery,on,1472491096,stage2,ready,hadd-astar,"/home/hersco/bershco-nu-asnets/numeric-asnets/asnets/experiment-results/experiments_numeric.domain.delivery-experiments_numeric.architecture_2.delivery_mcts-2026-08-31T00:53:45.167138/P[domain,prob01,prob02,prob03,prob04]-S[0.0003,50,enhsp-hadd-astar]-MO[]-T[518400]-04920247-43e0a7a/snapshots/snapshot_75_1.0000",20755735,75,preserve3_term_delivery_on_learning_curve,COMPLETED,/home/hersco/training_new_domains/2026-08-31/preserve3_terminal_delivery_stage2/20755735_Re-Tr_delivery_delivery_mcts_orig_vh_e.5_c.1_s1472491096_K0_P3TERMS2A30_src20522917.txt
preserve3-term-delivery-on-1472491096-a30-policy-e0080,policy_eval,delivery,on,1472491096,stage2,ready,hadd-astar,"/home/hersco/bershco-nu-asnets/numeric-asnets/asnets/experiment-results/experiments_numeric.domain.delivery-experiments_numeric.architecture_2.delivery_mcts-2026-08-31T00:53:45.167138/P[domain,prob01,prob02,prob03,prob04]-S[0.0003,50,enhsp-hadd-astar]-MO[]-T[518400]-04920247-43e0a7a/snapshots/snapshot_80_1.0000",20755735,80,preserve3_term_delivery_on_learning_curve,COMPLETED,/home/hersco/training_new_domains/2026-08-31/preserve3_terminal_delivery_stage2/20755735_Re-Tr_delivery_delivery_mcts_orig_vh_e.5_c.1_s1472491096_K0_P3TERMS2A30_src20522917.txt
preserve3-term-delivery-on-1472491096-a30-policy-e0085,policy_eval,delivery,on,1472491096,stage2,ready,hadd-astar,"/home/hersco/bershco-nu-asnets/numeric-asnets/asnets/experiment-results/experiments_numeric.domain.delivery-experiments_numeric.architecture_2.delivery_mcts-2026-08-31T00:53:45.167138/P[domain,prob01,prob02,prob03,prob04]-S[0.0003,50,enhsp-hadd-astar]-MO[]-T[518400]-04920247-43e0a7a/snapshots/snapshot_85_1.0000",20755735,85,preserve3_term_delivery_on_learning_curve,COMPLETED,/home/hersco/training_new_domains/2026-08-31/preserve3_terminal_delivery_stage2/20755735_Re-Tr_delivery_delivery_mcts_orig_vh_e.5_c.1_s1472491096_K0_P3TERMS2A30_src20522917.txt
preserve3-term-delivery-on-1472491096-a30-policy-e0090,policy_eval,delivery,on,1472491096,stage2,ready,hadd-astar,"/home/hersco/bershco-nu-asnets/numeric-asnets/asnets/experiment-results/experiments_numeric.domain.delivery-experiments_numeric.architecture_2.delivery_mcts-2026-08-31T00:53:45.167138/P[domain,prob01,prob02,prob03,prob04]-S[0.0003,50,enhsp-hadd-astar]-MO[]-T[518400]-04920247-43e0a7a/snapshots/snapshot_90_1.0000",20755735,90,preserve3_term_delivery_on_learning_curve,COMPLETED,/home/hersco/training_new_domains/2026-08-31/preserve3_terminal_delivery_stage2/20755735_Re-Tr_delivery_delivery_mcts_orig_vh_e.5_c.1_s1472491096_K0_P3TERMS2A30_src20522917.txt
preserve3-term-delivery-on-1472491096-a30-policy-e0099,policy_eval,delivery,on,1472491096,stage2,ready,hadd-astar,"/home/hersco/bershco-nu-asnets/numeric-asnets/asnets/experiment-results/experiments_numeric.domain.delivery-experiments_numeric.architecture_2.delivery_mcts-2026-08-31T00:53:45.167138/P[domain,prob01,prob02,prob03,prob04]-S[0.0003,50,enhsp-hadd-astar]-MO[]-T[518400]-04920247-43e0a7a/snapshots/snapshot_99_1.0000",20755735,99,preserve3_term_delivery_on_learning_curve;preserve3_term_delivery_on_final_policy,COMPLETED,/home/hersco/training_new_domains/2026-08-31/preserve3_terminal_delivery_stage2/20755735_Re-Tr_delivery_delivery_mcts_orig_vh_e.5_c.1_s1472491096_K0_P3TERMS2A30_src20522917.txt
preserve3-term-delivery-on-1510771779-a30-policy-e0000,policy_eval,delivery,on,1510771779,stage2,ready,hadd-astar,"/home/hersco/bershco-nu-asnets/numeric-asnets/asnets/experiment-results/experiments_numeric.domain.delivery-experiments_numeric.architecture_2.delivery_mcts-2026-08-31T00:54:45.044671/P[domain,prob01,prob02,prob03,prob04]-S[0.0003,50,enhsp-hadd-astar]-MO[]-T[518400]-04920248-17cc32a/snapshots/snapshot_0_1.0000",20755736,0,preserve3_term_delivery_on_learning_curve,COMPLETED,/home/hersco/training_new_domains/2026-08-31/preserve3_terminal_delivery_stage2/20755736_Re-Tr_delivery_delivery_mcts_orig_vh_e.5_c.1_s1510771779_K0_P3TERMS2A30_src20522920.txt
preserve3-term-delivery-on-1510771779-a30-policy-e0005,policy_eval,delivery,on,1510771779,stage2,ready,hadd-astar,"/home/hersco/bershco-nu-asnets/numeric-asnets/asnets/experiment-results/experiments_numeric.domain.delivery-experiments_numeric.architecture_2.delivery_mcts-2026-08-31T00:54:45.044671/P[domain,prob01,prob02,prob03,prob04]-S[0.0003,50,enhsp-hadd-astar]-MO[]-T[518400]-04920248-17cc32a/snapshots/snapshot_5_1.0000",20755736,5,preserve3_term_delivery_on_learning_curve,COMPLETED,/home/hersco/training_new_domains/2026-08-31/preserve3_terminal_delivery_stage2/20755736_Re-Tr_delivery_delivery_mcts_orig_vh_e.5_c.1_s1510771779_K0_P3TERMS2A30_src20522920.txt
preserve3-term-delivery-on-1510771779-a30-policy-e0010,policy_eval,delivery,on,1510771779,stage2,ready,hadd-astar,"/home/hersco/bershco-nu-asnets/numeric-asnets/asnets/experiment-results/experiments_numeric.domain.delivery-experiments_numeric.architecture_2.delivery_mcts-2026-08-31T00:54:45.044671/P[domain,prob01,prob02,prob03,prob04]-S[0.0003,50,enhsp-hadd-astar]-MO[]-T[518400]-04920248-17cc32a/snapshots/snapshot_10_1.0000",20755736,10,preserve3_term_delivery_on_learning_curve,COMPLETED,/home/hersco/training_new_domains/2026-08-31/preserve3_terminal_delivery_stage2/20755736_Re-Tr_delivery_delivery_mcts_orig_vh_e.5_c.1_s1510771779_K0_P3TERMS2A30_src20522920.txt
preserve3-term-delivery-on-1510771779-a30-policy-e0011,policy_eval,delivery,on,1510771779,stage2,ready,hadd-astar,"/home/hersco/bershco-nu-asnets/numeric-asnets/asnets/experiment-results/experiments_numeric.domain.delivery-experiments_numeric.architecture_2.delivery_mcts-2026-08-31T00:54:45.044671/P[domain,prob01,prob02,prob03,prob04]-S[0.0003,50,enhsp-hadd-astar]-MO[]-T[518400]-04920248-17cc32a/snapshots/snapshot_11_1.0000",20755736,11,preserve3_term_delivery_on_learning_curve;preserve3_term_delivery_on_validation_selected_policy,COMPLETED,/home/hersco/training_new_domains/2026-08-31/preserve3_terminal_delivery_stage2/20755736_Re-Tr_delivery_delivery_mcts_orig_vh_e.5_c.1_s1510771779_K0_P3TERMS2A30_src20522920.txt
preserve3-term-delivery-on-1510771779-a30-policy-e0015,policy_eval,delivery,on,1510771779,stage2,ready,hadd-astar,"/home/hersco/bershco-nu-asnets/numeric-asnets/asnets/experiment-results/experiments_numeric.domain.delivery-experiments_numeric.architecture_2.delivery_mcts-2026-08-31T00:54:45.044671/P[domain,prob01,prob02,prob03,prob04]-S[0.0003,50,enhsp-hadd-astar]-MO[]-T[518400]-04920248-17cc32a/snapshots/snapshot_15_1.0000",20755736,15,preserve3_term_delivery_on_learning_curve,COMPLETED,/home/hersco/training_new_domains/2026-08-31/preserve3_terminal_delivery_stage2/20755736_Re-Tr_delivery_delivery_mcts_orig_vh_e.5_c.1_s1510771779_K0_P3TERMS2A30_src20522920.txt
preserve3-term-delivery-on-1510771779-a30-policy-e0020,policy_eval,delivery,on,1510771779,stage2,ready,hadd-astar,"/home/hersco/bershco-nu-asnets/numeric-asnets/asnets/experiment-results/experiments_numeric.domain.delivery-experiments_numeric.architecture_2.delivery_mcts-2026-08-31T00:54:45.044671/P[domain,prob01,prob02,prob03,prob04]-S[0.0003,50,enhsp-hadd-astar]-MO[]-T[518400]-04920248-17cc32a/snapshots/snapshot_20_1.0000",20755736,20,preserve3_term_delivery_on_learning_curve,COMPLETED,/home/hersco/training_new_domains/2026-08-31/preserve3_terminal_delivery_stage2/20755736_Re-Tr_delivery_delivery_mcts_orig_vh_e.5_c.1_s1510771779_K0_P3TERMS2A30_src20522920.txt
preserve3-term-delivery-on-1510771779-a30-policy-e0025,policy_eval,delivery,on,1510771779,stage2,ready,hadd-astar,"/home/hersco/bershco-nu-asnets/numeric-asnets/asnets/experiment-results/experiments_numeric.domain.delivery-experiments_numeric.architecture_2.delivery_mcts-2026-08-31T00:54:45.044671/P[domain,prob01,prob02,prob03,prob04]-S[0.0003,50,enhsp-hadd-astar]-MO[]-T[518400]-04920248-17cc32a/snapshots/snapshot_25_1.0000",20755736,25,preserve3_term_delivery_on_learning_curve,COMPLETED,/home/hersco/training_new_domains/2026-08-31/preserve3_terminal_delivery_stage2/20755736_Re-Tr_delivery_delivery_mcts_orig_vh_e.5_c.1_s1510771779_K0_P3TERMS2A30_src20522920.txt
preserve3-term-delivery-on-1510771779-a30-policy-e0030,policy_eval,delivery,on,1510771779,stage2,ready,hadd-astar,"/home/hersco/bershco-nu-asnets/numeric-asnets/asnets/experiment-results/experiments_numeric.domain.delivery-experiments_numeric.architecture_2.delivery_mcts-2026-08-31T00:54:45.044671/P[domain,prob01,prob02,prob03,prob04]-S[0.0003,50,enhsp-hadd-astar]-MO[]-T[518400]-04920248-17cc32a/snapshots/snapshot_30_1.0000",20755736,30,preserve3_term_delivery_on_learning_curve,COMPLETED,/home/hersco/training_new_domains/2026-08-31/preserve3_terminal_delivery_stage2/20755736_Re-Tr_delivery_delivery_mcts_orig_vh_e.5_c.1_s1510771779_K0_P3TERMS2A30_src20522920.txt
preserve3-term-delivery-on-1510771779-a30-policy-e0035,policy_eval,delivery,on,1510771779,stage2,ready,hadd-astar,"/home/hersco/bershco-nu-asnets/numeric-asnets/asnets/experiment-results/experiments_numeric.domain.delivery-experiments_numeric.architecture_2.delivery_mcts-2026-08-31T00:54:45.044671/P[domain,prob01,prob02,prob03,prob04]-S[0.0003,50,enhsp-hadd-astar]-MO[]-T[518400]-04920248-17cc32a/snapshots/snapshot_35_1.0000",20755736,35,preserve3_term_delivery_on_learning_curve,COMPLETED,/home/hersco/training_new_domains/2026-08-31/preserve3_terminal_delivery_stage2/20755736_Re-Tr_delivery_delivery_mcts_orig_vh_e.5_c.1_s1510771779_K0_P3TERMS2A30_src20522920.txt
preserve3-term-delivery-on-1510771779-a30-policy-e0040,policy_eval,delivery,on,1510771779,stage2,ready,hadd-astar,"/home/hersco/bershco-nu-asnets/numeric-asnets/asnets/experiment-results/experiments_numeric.domain.delivery-experiments_numeric.architecture_2.delivery_mcts-2026-08-31T00:54:45.044671/P[domain,prob01,prob02,prob03,prob04]-S[0.0003,50,enhsp-hadd-astar]-MO[]-T[518400]-04920248-17cc32a/snapshots/snapshot_40_1.0000",20755736,40,preserve3_term_delivery_on_learning_curve,COMPLETED,/home/hersco/training_new_domains/2026-08-31/preserve3_terminal_delivery_stage2/20755736_Re-Tr_delivery_delivery_mcts_orig_vh_e.5_c.1_s1510771779_K0_P3TERMS2A30_src20522920.txt
preserve3-term-delivery-on-1510771779-a30-policy-e0045,policy_eval,delivery,on,1510771779,stage2,ready,hadd-astar,"/home/hersco/bershco-nu-asnets/numeric-asnets/asnets/experiment-results/experiments_numeric.domain.delivery-experiments_numeric.architecture_2.delivery_mcts-2026-08-31T00:54:45.044671/P[domain,prob01,prob02,prob03,prob04]-S[0.0003,50,enhsp-hadd-astar]-MO[]-T[518400]-04920248-17cc32a/snapshots/snapshot_45_1.0000",20755736,45,preserve3_term_delivery_on_learning_curve,COMPLETED,/home/hersco/training_new_domains/2026-08-31/preserve3_terminal_delivery_stage2/20755736_Re-Tr_delivery_delivery_mcts_orig_vh_e.5_c.1_s1510771779_K0_P3TERMS2A30_src20522920.txt
preserve3-term-delivery-on-1510771779-a30-policy-e0050,policy_eval,delivery,on,1510771779,stage2,ready,hadd-astar,"/home/hersco/bershco-nu-asnets/numeric-asnets/asnets/experiment-results/experiments_numeric.domain.delivery-experiments_numeric.architecture_2.delivery_mcts-2026-08-31T00:54:45.044671/P[domain,prob01,prob02,prob03,prob04]-S[0.0003,50,enhsp-hadd-astar]-MO[]-T[518400]-04920248-17cc32a/snapshots/snapshot_50_1.0000",20755736,50,preserve3_term_delivery_on_learning_curve,COMPLETED,/home/hersco/training_new_domains/2026-08-31/preserve3_terminal_delivery_stage2/20755736_Re-Tr_delivery_delivery_mcts_orig_vh_e.5_c.1_s1510771779_K0_P3TERMS2A30_src20522920.txt
preserve3-term-delivery-on-1510771779-a30-policy-e0055,policy_eval,delivery,on,1510771779,stage2,ready,hadd-astar,"/home/hersco/bershco-nu-asnets/numeric-asnets/asnets/experiment-results/experiments_numeric.domain.delivery-experiments_numeric.architecture_2.delivery_mcts-2026-08-31T00:54:45.044671/P[domain,prob01,prob02,prob03,prob04]-S[0.0003,50,enhsp-hadd-astar]-MO[]-T[518400]-04920248-17cc32a/snapshots/snapshot_55_1.0000",20755736,55,preserve3_term_delivery_on_learning_curve,COMPLETED,/home/hersco/training_new_domains/2026-08-31/preserve3_terminal_delivery_stage2/20755736_Re-Tr_delivery_delivery_mcts_orig_vh_e.5_c.1_s1510771779_K0_P3TERMS2A30_src20522920.txt
preserve3-term-delivery-on-1510771779-a30-policy-e0060,policy_eval,delivery,on,1510771779,stage2,ready,hadd-astar,"/home/hersco/bershco-nu-asnets/numeric-asnets/asnets/experiment-results/experiments_numeric.domain.delivery-experiments_numeric.architecture_2.delivery_mcts-2026-08-31T00:54:45.044671/P[domain,prob01,prob02,prob03,prob04]-S[0.0003,50,enhsp-hadd-astar]-MO[]-T[518400]-04920248-17cc32a/snapshots/snapshot_60_1.0000",20755736,60,preserve3_term_delivery_on_learning_curve,COMPLETED,/home/hersco/training_new_domains/2026-08-31/preserve3_terminal_delivery_stage2/20755736_Re-Tr_delivery_delivery_mcts_orig_vh_e.5_c.1_s1510771779_K0_P3TERMS2A30_src20522920.txt
preserve3-term-delivery-on-1510771779-a30-policy-e0065,policy_eval,delivery,on,1510771779,stage2,ready,hadd-astar,"/home/hersco/bershco-nu-asnets/numeric-asnets/asnets/experiment-results/experiments_numeric.domain.delivery-experiments_numeric.architecture_2.delivery_mcts-2026-08-31T00:54:45.044671/P[domain,prob01,prob02,prob03,prob04]-S[0.0003,50,enhsp-hadd-astar]-MO[]-T[518400]-04920248-17cc32a/snapshots/snapshot_65_1.0000",20755736,65,preserve3_term_delivery_on_learning_curve,COMPLETED,/home/hersco/training_new_domains/2026-08-31/preserve3_terminal_delivery_stage2/20755736_Re-Tr_delivery_delivery_mcts_orig_vh_e.5_c.1_s1510771779_K0_P3TERMS2A30_src20522920.txt
preserve3-term-delivery-on-1510771779-a30-policy-e0070,policy_eval,delivery,on,1510771779,stage2,ready,hadd-astar,"/home/hersco/bershco-nu-asnets/numeric-asnets/asnets/experiment-results/experiments_numeric.domain.delivery-experiments_numeric.architecture_2.delivery_mcts-2026-08-31T00:54:45.044671/P[domain,prob01,prob02,prob03,prob04]-S[0.0003,50,enhsp-hadd-astar]-MO[]-T[518400]-04920248-17cc32a/snapshots/snapshot_70_1.0000",20755736,70,preserve3_term_delivery_on_learning_curve,COMPLETED,/home/hersco/training_new_domains/2026-08-31/preserve3_terminal_delivery_stage2/20755736_Re-Tr_delivery_delivery_mcts_orig_vh_e.5_c.1_s1510771779_K0_P3TERMS2A30_src20522920.txt
preserve3-term-delivery-on-1510771779-a30-policy-e0075,policy_eval,delivery,on,1510771779,stage2,ready,hadd-astar,"/home/hersco/bershco-nu-asnets/numeric-asnets/asnets/experiment-results/experiments_numeric.domain.delivery-experiments_numeric.architecture_2.delivery_mcts-2026-08-31T00:54:45.044671/P[domain,prob01,prob02,prob03,prob04]-S[0.0003,50,enhsp-hadd-astar]-MO[]-T[518400]-04920248-17cc32a/snapshots/snapshot_75_1.0000",20755736,75,preserve3_term_delivery_on_learning_curve,COMPLETED,/home/hersco/training_new_domains/2026-08-31/preserve3_terminal_delivery_stage2/20755736_Re-Tr_delivery_delivery_mcts_orig_vh_e.5_c.1_s1510771779_K0_P3TERMS2A30_src20522920.txt
preserve3-term-delivery-on-1510771779-a30-policy-e0080,policy_eval,delivery,on,1510771779,stage2,ready,hadd-astar,"/home/hersco/bershco-nu-asnets/numeric-asnets/asnets/experiment-results/experiments_numeric.domain.delivery-experiments_numeric.architecture_2.delivery_mcts-2026-08-31T00:54:45.044671/P[domain,prob01,prob02,prob03,prob04]-S[0.0003,50,enhsp-hadd-astar]-MO[]-T[518400]-04920248-17cc32a/snapshots/snapshot_80_1.0000",20755736,80,preserve3_term_delivery_on_learning_curve,COMPLETED,/home/hersco/training_new_domains/2026-08-31/preserve3_terminal_delivery_stage2/20755736_Re-Tr_delivery_delivery_mcts_orig_vh_e.5_c.1_s1510771779_K0_P3TERMS2A30_src20522920.txt
preserve3-term-delivery-on-1510771779-a30-policy-e0085,policy_eval,delivery,on,1510771779,stage2,ready,hadd-astar,"/home/hersco/bershco-nu-asnets/numeric-asnets/asnets/experiment-results/experiments_numeric.domain.delivery-experiments_numeric.architecture_2.delivery_mcts-2026-08-31T00:54:45.044671/P[domain,prob01,prob02,prob03,prob04]-S[0.0003,50,enhsp-hadd-astar]-MO[]-T[518400]-04920248-17cc32a/snapshots/snapshot_85_1.0000",20755736,85,preserve3_term_delivery_on_learning_curve,COMPLETED,/home/hersco/training_new_domains/2026-08-31/preserve3_terminal_delivery_stage2/20755736_Re-Tr_delivery_delivery_mcts_orig_vh_e.5_c.1_s1510771779_K0_P3TERMS2A30_src20522920.txt
preserve3-term-delivery-on-1510771779-a30-policy-e0090,policy_eval,delivery,on,1510771779,stage2,ready,hadd-astar,"/home/hersco/bershco-nu-asnets/numeric-asnets/asnets/experiment-results/experiments_numeric.domain.delivery-experiments_numeric.architecture_2.delivery_mcts-2026-08-31T00:54:45.044671/P[domain,prob01,prob02,prob03,prob04]-S[0.0003,50,enhsp-hadd-astar]-MO[]-T[518400]-04920248-17cc32a/snapshots/snapshot_90_1.0000",20755736,90,preserve3_term_delivery_on_learning_curve,COMPLETED,/home/hersco/training_new_domains/2026-08-31/preserve3_terminal_delivery_stage2/20755736_Re-Tr_delivery_delivery_mcts_orig_vh_e.5_c.1_s1510771779_K0_P3TERMS2A30_src20522920.txt
preserve3-term-delivery-on-1510771779-a30-policy-e0095,policy_eval,delivery,on,1510771779,stage2,ready,hadd-astar,"/home/hersco/bershco-nu-asnets/numeric-asnets/asnets/experiment-results/experiments_numeric.domain.delivery-experiments_numeric.architecture_2.delivery_mcts-2026-08-31T00:54:45.044671/P[domain,prob01,prob02,prob03,prob04]-S[0.0003,50,enhsp-hadd-astar]-MO[]-T[518400]-04920248-17cc32a/snapshots/snapshot_95_1.0000",20755736,95,preserve3_term_delivery_on_learning_curve,COMPLETED,/home/hersco/training_new_domains/2026-08-31/preserve3_terminal_delivery_stage2/20755736_Re-Tr_delivery_delivery_mcts_orig_vh_e.5_c.1_s1510771779_K0_P3TERMS2A30_src20522920.txt
preserve3-term-delivery-on-1510771779-a30-policy-e0099,policy_eval,delivery,on,1510771779,stage2,ready,hadd-astar,"/home/hersco/bershco-nu-asnets/numeric-asnets/asnets/experiment-results/experiments_numeric.domain.delivery-experiments_numeric.architecture_2.delivery_mcts-2026-08-31T00:54:45.044671/P[domain,prob01,prob02,prob03,prob04]-S[0.0003,50,enhsp-hadd-astar]-MO[]-T[518400]-04920248-17cc32a/snapshots/snapshot_99_1.0000",20755736,99,preserve3_term_delivery_on_learning_curve;preserve3_term_delivery_on_final_policy,COMPLETED,/home/hersco/training_new_domains/2026-08-31/preserve3_terminal_delivery_stage2/20755736_Re-Tr_delivery_delivery_mcts_orig_vh_e.5_c.1_s1510771779_K0_P3TERMS2A30_src20522920.txt
preserve3-term-delivery-on-1963100312-a30-policy-e0000,policy_eval,delivery,on,1963100312,stage2,ready,hadd-astar,"/home/hersco/bershco-nu-asnets/numeric-asnets/asnets/experiment-results/experiments_numeric.domain.delivery-experiments_numeric.architecture_2.delivery_mcts-2026-09-01T22:43:52.827211/P[domain,prob01,prob02,prob03,prob04]-S[0.0003,50,enhsp-hadd-astar]-MO[]-T[518400]-04922997-2fc32f3/snapshots/snapshot_0_1.0000",20834983,0,preserve3_term_delivery_on_learning_curve,COMPLETED,/home/hersco/training_new_domains/2026-09-01/preserve3_terminal_delivery_stage2/20834983_P3TERM_DEL_ON_196_CONT76R2.txt
preserve3-term-delivery-on-1963100312-a30-policy-e0005,policy_eval,delivery,on,1963100312,stage2,ready,hadd-astar,"/home/hersco/bershco-nu-asnets/numeric-asnets/asnets/experiment-results/experiments_numeric.domain.delivery-experiments_numeric.architecture_2.delivery_mcts-2026-09-01T22:43:52.827211/P[domain,prob01,prob02,prob03,prob04]-S[0.0003,50,enhsp-hadd-astar]-MO[]-T[518400]-04922997-2fc32f3/snapshots/snapshot_5_1.0000",20834983,5,preserve3_term_delivery_on_learning_curve,COMPLETED,/home/hersco/training_new_domains/2026-09-01/preserve3_terminal_delivery_stage2/20834983_P3TERM_DEL_ON_196_CONT76R2.txt
preserve3-term-delivery-on-1963100312-a30-policy-e0010,policy_eval,delivery,on,1963100312,stage2,ready,hadd-astar,"/home/hersco/bershco-nu-asnets/numeric-asnets/asnets/experiment-results/experiments_numeric.domain.delivery-experiments_numeric.architecture_2.delivery_mcts-2026-09-01T22:43:52.827211/P[domain,prob01,prob02,prob03,prob04]-S[0.0003,50,enhsp-hadd-astar]-MO[]-T[518400]-04922997-2fc32f3/snapshots/snapshot_10_1.0000",20834983,10,preserve3_term_delivery_on_learning_curve,COMPLETED,/home/hersco/training_new_domains/2026-09-01/preserve3_terminal_delivery_stage2/20834983_P3TERM_DEL_ON_196_CONT76R2.txt
preserve3-term-delivery-on-1963100312-a30-policy-e0015,policy_eval,delivery,on,1963100312,stage2,ready,hadd-astar,"/home/hersco/bershco-nu-asnets/numeric-asnets/asnets/experiment-results/experiments_numeric.domain.delivery-experiments_numeric.architecture_2.delivery_mcts-2026-09-01T22:43:52.827211/P[domain,prob01,prob02,prob03,prob04]-S[0.0003,50,enhsp-hadd-astar]-MO[]-T[518400]-04922997-2fc32f3/snapshots/snapshot_15_1.0000",20834983,15,preserve3_term_delivery_on_learning_curve,COMPLETED,/home/hersco/training_new_domains/2026-09-01/preserve3_terminal_delivery_stage2/20834983_P3TERM_DEL_ON_196_CONT76R2.txt
preserve3-term-delivery-on-1963100312-a30-policy-e0020,policy_eval,delivery,on,1963100312,stage2,ready,hadd-astar,"/home/hersco/bershco-nu-asnets/numeric-asnets/asnets/experiment-results/experiments_numeric.domain.delivery-experiments_numeric.architecture_2.delivery_mcts-2026-09-01T22:43:52.827211/P[domain,prob01,prob02,prob03,prob04]-S[0.0003,50,enhsp-hadd-astar]-MO[]-T[518400]-04922997-2fc32f3/snapshots/snapshot_20_1.0000",20834983,20,preserve3_term_delivery_on_learning_curve,COMPLETED,/home/hersco/training_new_domains/2026-09-01/preserve3_terminal_delivery_stage2/20834983_P3TERM_DEL_ON_196_CONT76R2.txt
preserve3-term-delivery-on-1963100312-a30-policy-e0022,policy_eval,delivery,on,1963100312,stage2,ready,hadd-astar,"/home/hersco/bershco-nu-asnets/numeric-asnets/asnets/experiment-results/experiments_numeric.domain.delivery-experiments_numeric.architecture_2.delivery_mcts-2026-09-01T22:43:52.827211/P[domain,prob01,prob02,prob03,prob04]-S[0.0003,50,enhsp-hadd-astar]-MO[]-T[518400]-04922997-2fc32f3/snapshots/snapshot_22_1.0000",20834983,22,preserve3_term_delivery_on_learning_curve;preserve3_term_delivery_on_validation_selected_policy,COMPLETED,/home/hersco/training_new_domains/2026-09-01/preserve3_terminal_delivery_stage2/20834983_P3TERM_DEL_ON_196_CONT76R2.txt
preserve3-term-delivery-on-1963100312-a30-policy-e0023,policy_eval,delivery,on,1963100312,stage2,ready,hadd-astar,"/home/hersco/bershco-nu-asnets/numeric-asnets/asnets/experiment-results/experiments_numeric.domain.delivery-experiments_numeric.architecture_2.delivery_mcts-2026-09-01T22:43:52.827211/P[domain,prob01,prob02,prob03,prob04]-S[0.0003,50,enhsp-hadd-astar]-MO[]-T[518400]-04922997-2fc32f3/snapshots/snapshot_23_1.0000",20834983,23,preserve3_term_delivery_on_learning_curve;preserve3_term_delivery_on_final_policy,COMPLETED,/home/hersco/training_new_domains/2026-09-01/preserve3_terminal_delivery_stage2/20834983_P3TERM_DEL_ON_196_CONT76R2.txt
preserve3-term-delivery-on-1972442430-a30-policy-e0000,policy_eval,delivery,on,1972442430,stage2,ready,hadd-astar,"/home/hersco/bershco-nu-asnets/numeric-asnets/asnets/experiment-results/experiments_numeric.domain.delivery-experiments_numeric.architecture_2.delivery_mcts-2026-08-31T04:49:48.363026/P[domain,prob01,prob02,prob03,prob04]-S[0.0003,50,enhsp-hadd-astar]-MO[]-T[518400]-04920484-72aea46/snapshots/snapshot_0_1.0000",20755738,0,preserve3_term_delivery_on_learning_curve,COMPLETED,/home/hersco/training_new_domains/2026-08-31/preserve3_terminal_delivery_stage2/20755738_Re-Tr_delivery_delivery_mcts_orig_vh_e.5_c.1_s1972442430_K0_P3TERMS2A30_src20522922.txt
preserve3-term-delivery-on-1972442430-a30-policy-e0005,policy_eval,delivery,on,1972442430,stage2,ready,hadd-astar,"/home/hersco/bershco-nu-asnets/numeric-asnets/asnets/experiment-results/experiments_numeric.domain.delivery-experiments_numeric.architecture_2.delivery_mcts-2026-08-31T04:49:48.363026/P[domain,prob01,prob02,prob03,prob04]-S[0.0003,50,enhsp-hadd-astar]-MO[]-T[518400]-04920484-72aea46/snapshots/snapshot_5_1.0000",20755738,5,preserve3_term_delivery_on_learning_curve,COMPLETED,/home/hersco/training_new_domains/2026-08-31/preserve3_terminal_delivery_stage2/20755738_Re-Tr_delivery_delivery_mcts_orig_vh_e.5_c.1_s1972442430_K0_P3TERMS2A30_src20522922.txt
preserve3-term-delivery-on-1972442430-a30-policy-e0010,policy_eval,delivery,on,1972442430,stage2,ready,hadd-astar,"/home/hersco/bershco-nu-asnets/numeric-asnets/asnets/experiment-results/experiments_numeric.domain.delivery-experiments_numeric.architecture_2.delivery_mcts-2026-08-31T04:49:48.363026/P[domain,prob01,prob02,prob03,prob04]-S[0.0003,50,enhsp-hadd-astar]-MO[]-T[518400]-04920484-72aea46/snapshots/snapshot_10_1.0000",20755738,10,preserve3_term_delivery_on_learning_curve,COMPLETED,/home/hersco/training_new_domains/2026-08-31/preserve3_terminal_delivery_stage2/20755738_Re-Tr_delivery_delivery_mcts_orig_vh_e.5_c.1_s1972442430_K0_P3TERMS2A30_src20522922.txt
preserve3-term-delivery-on-1972442430-a30-policy-e0015,policy_eval,delivery,on,1972442430,stage2,ready,hadd-astar,"/home/hersco/bershco-nu-asnets/numeric-asnets/asnets/experiment-results/experiments_numeric.domain.delivery-experiments_numeric.architecture_2.delivery_mcts-2026-08-31T04:49:48.363026/P[domain,prob01,prob02,prob03,prob04]-S[0.0003,50,enhsp-hadd-astar]-MO[]-T[518400]-04920484-72aea46/snapshots/snapshot_15_1.0000",20755738,15,preserve3_term_delivery_on_learning_curve,COMPLETED,/home/hersco/training_new_domains/2026-08-31/preserve3_terminal_delivery_stage2/20755738_Re-Tr_delivery_delivery_mcts_orig_vh_e.5_c.1_s1972442430_K0_P3TERMS2A30_src20522922.txt
preserve3-term-delivery-on-1972442430-a30-policy-e0020,policy_eval,delivery,on,1972442430,stage2,ready,hadd-astar,"/home/hersco/bershco-nu-asnets/numeric-asnets/asnets/experiment-results/experiments_numeric.domain.delivery-experiments_numeric.architecture_2.delivery_mcts-2026-08-31T04:49:48.363026/P[domain,prob01,prob02,prob03,prob04]-S[0.0003,50,enhsp-hadd-astar]-MO[]-T[518400]-04920484-72aea46/snapshots/snapshot_20_1.0000",20755738,20,preserve3_term_delivery_on_learning_curve,COMPLETED,/home/hersco/training_new_domains/2026-08-31/preserve3_terminal_delivery_stage2/20755738_Re-Tr_delivery_delivery_mcts_orig_vh_e.5_c.1_s1972442430_K0_P3TERMS2A30_src20522922.txt
preserve3-term-delivery-on-1972442430-a30-policy-e0025,policy_eval,delivery,on,1972442430,stage2,ready,hadd-astar,"/home/hersco/bershco-nu-asnets/numeric-asnets/asnets/experiment-results/experiments_numeric.domain.delivery-experiments_numeric.architecture_2.delivery_mcts-2026-08-31T04:49:48.363026/P[domain,prob01,prob02,prob03,prob04]-S[0.0003,50,enhsp-hadd-astar]-MO[]-T[518400]-04920484-72aea46/snapshots/snapshot_25_1.0000",20755738,25,preserve3_term_delivery_on_learning_curve,COMPLETED,/home/hersco/training_new_domains/2026-08-31/preserve3_terminal_delivery_stage2/20755738_Re-Tr_delivery_delivery_mcts_orig_vh_e.5_c.1_s1972442430_K0_P3TERMS2A30_src20522922.txt
preserve3-term-delivery-on-1972442430-a30-policy-e0030,policy_eval,delivery,on,1972442430,stage2,ready,hadd-astar,"/home/hersco/bershco-nu-asnets/numeric-asnets/asnets/experiment-results/experiments_numeric.domain.delivery-experiments_numeric.architecture_2.delivery_mcts-2026-08-31T04:49:48.363026/P[domain,prob01,prob02,prob03,prob04]-S[0.0003,50,enhsp-hadd-astar]-MO[]-T[518400]-04920484-72aea46/snapshots/snapshot_30_1.0000",20755738,30,preserve3_term_delivery_on_learning_curve,COMPLETED,/home/hersco/training_new_domains/2026-08-31/preserve3_terminal_delivery_stage2/20755738_Re-Tr_delivery_delivery_mcts_orig_vh_e.5_c.1_s1972442430_K0_P3TERMS2A30_src20522922.txt
preserve3-term-delivery-on-1972442430-a30-policy-e0035,policy_eval,delivery,on,1972442430,stage2,ready,hadd-astar,"/home/hersco/bershco-nu-asnets/numeric-asnets/asnets/experiment-results/experiments_numeric.domain.delivery-experiments_numeric.architecture_2.delivery_mcts-2026-08-31T04:49:48.363026/P[domain,prob01,prob02,prob03,prob04]-S[0.0003,50,enhsp-hadd-astar]-MO[]-T[518400]-04920484-72aea46/snapshots/snapshot_35_1.0000",20755738,35,preserve3_term_delivery_on_learning_curve,COMPLETED,/home/hersco/training_new_domains/2026-08-31/preserve3_terminal_delivery_stage2/20755738_Re-Tr_delivery_delivery_mcts_orig_vh_e.5_c.1_s1972442430_K0_P3TERMS2A30_src20522922.txt
preserve3-term-delivery-on-1972442430-a30-policy-e0040,policy_eval,delivery,on,1972442430,stage2,ready,hadd-astar,"/home/hersco/bershco-nu-asnets/numeric-asnets/asnets/experiment-results/experiments_numeric.domain.delivery-experiments_numeric.architecture_2.delivery_mcts-2026-08-31T04:49:48.363026/P[domain,prob01,prob02,prob03,prob04]-S[0.0003,50,enhsp-hadd-astar]-MO[]-T[518400]-04920484-72aea46/snapshots/snapshot_40_1.0000",20755738,40,preserve3_term_delivery_on_learning_curve,COMPLETED,/home/hersco/training_new_domains/2026-08-31/preserve3_terminal_delivery_stage2/20755738_Re-Tr_delivery_delivery_mcts_orig_vh_e.5_c.1_s1972442430_K0_P3TERMS2A30_src20522922.txt
preserve3-term-delivery-on-1972442430-a30-policy-e0041,policy_eval,delivery,on,1972442430,stage2,ready,hadd-astar,"/home/hersco/bershco-nu-asnets/numeric-asnets/asnets/experiment-results/experiments_numeric.domain.delivery-experiments_numeric.architecture_2.delivery_mcts-2026-08-31T04:49:48.363026/P[domain,prob01,prob02,prob03,prob04]-S[0.0003,50,enhsp-hadd-astar]-MO[]-T[518400]-04920484-72aea46/snapshots/snapshot_41_1.0000",20755738,41,preserve3_term_delivery_on_learning_curve;preserve3_term_delivery_on_validation_selected_policy,COMPLETED,/home/hersco/training_new_domains/2026-08-31/preserve3_terminal_delivery_stage2/20755738_Re-Tr_delivery_delivery_mcts_orig_vh_e.5_c.1_s1972442430_K0_P3TERMS2A30_src20522922.txt
preserve3-term-delivery-on-1972442430-a30-policy-e0045,policy_eval,delivery,on,1972442430,stage2,ready,hadd-astar,"/home/hersco/bershco-nu-asnets/numeric-asnets/asnets/experiment-results/experiments_numeric.domain.delivery-experiments_numeric.architecture_2.delivery_mcts-2026-08-31T04:49:48.363026/P[domain,prob01,prob02,prob03,prob04]-S[0.0003,50,enhsp-hadd-astar]-MO[]-T[518400]-04920484-72aea46/snapshots/snapshot_45_1.0000",20755738,45,preserve3_term_delivery_on_learning_curve,COMPLETED,/home/hersco/training_new_domains/2026-08-31/preserve3_terminal_delivery_stage2/20755738_Re-Tr_delivery_delivery_mcts_orig_vh_e.5_c.1_s1972442430_K0_P3TERMS2A30_src20522922.txt
preserve3-term-delivery-on-1972442430-a30-policy-e0050,policy_eval,delivery,on,1972442430,stage2,ready,hadd-astar,"/home/hersco/bershco-nu-asnets/numeric-asnets/asnets/experiment-results/experiments_numeric.domain.delivery-experiments_numeric.architecture_2.delivery_mcts-2026-08-31T04:49:48.363026/P[domain,prob01,prob02,prob03,prob04]-S[0.0003,50,enhsp-hadd-astar]-MO[]-T[518400]-04920484-72aea46/snapshots/snapshot_50_1.0000",20755738,50,preserve3_term_delivery_on_learning_curve,COMPLETED,/home/hersco/training_new_domains/2026-08-31/preserve3_terminal_delivery_stage2/20755738_Re-Tr_delivery_delivery_mcts_orig_vh_e.5_c.1_s1972442430_K0_P3TERMS2A30_src20522922.txt
preserve3-term-delivery-on-1972442430-a30-policy-e0055,policy_eval,delivery,on,1972442430,stage2,ready,hadd-astar,"/home/hersco/bershco-nu-asnets/numeric-asnets/asnets/experiment-results/experiments_numeric.domain.delivery-experiments_numeric.architecture_2.delivery_mcts-2026-08-31T04:49:48.363026/P[domain,prob01,prob02,prob03,prob04]-S[0.0003,50,enhsp-hadd-astar]-MO[]-T[518400]-04920484-72aea46/snapshots/snapshot_55_1.0000",20755738,55,preserve3_term_delivery_on_learning_curve,COMPLETED,/home/hersco/training_new_domains/2026-08-31/preserve3_terminal_delivery_stage2/20755738_Re-Tr_delivery_delivery_mcts_orig_vh_e.5_c.1_s1972442430_K0_P3TERMS2A30_src20522922.txt
preserve3-term-delivery-on-1972442430-a30-policy-e0060,policy_eval,delivery,on,1972442430,stage2,ready,hadd-astar,"/home/hersco/bershco-nu-asnets/numeric-asnets/asnets/experiment-results/experiments_numeric.domain.delivery-experiments_numeric.architecture_2.delivery_mcts-2026-08-31T04:49:48.363026/P[domain,prob01,prob02,prob03,prob04]-S[0.0003,50,enhsp-hadd-astar]-MO[]-T[518400]-04920484-72aea46/snapshots/snapshot_60_1.0000",20755738,60,preserve3_term_delivery_on_learning_curve,COMPLETED,/home/hersco/training_new_domains/2026-08-31/preserve3_terminal_delivery_stage2/20755738_Re-Tr_delivery_delivery_mcts_orig_vh_e.5_c.1_s1972442430_K0_P3TERMS2A30_src20522922.txt
preserve3-term-delivery-on-1972442430-a30-policy-e0065,policy_eval,delivery,on,1972442430,stage2,ready,hadd-astar,"/home/hersco/bershco-nu-asnets/numeric-asnets/asnets/experiment-results/experiments_numeric.domain.delivery-experiments_numeric.architecture_2.delivery_mcts-2026-08-31T04:49:48.363026/P[domain,prob01,prob02,prob03,prob04]-S[0.0003,50,enhsp-hadd-astar]-MO[]-T[518400]-04920484-72aea46/snapshots/snapshot_65_1.0000",20755738,65,preserve3_term_delivery_on_learning_curve,COMPLETED,/home/hersco/training_new_domains/2026-08-31/preserve3_terminal_delivery_stage2/20755738_Re-Tr_delivery_delivery_mcts_orig_vh_e.5_c.1_s1972442430_K0_P3TERMS2A30_src20522922.txt
preserve3-term-delivery-on-1972442430-a30-policy-e0070,policy_eval,delivery,on,1972442430,stage2,ready,hadd-astar,"/home/hersco/bershco-nu-asnets/numeric-asnets/asnets/experiment-results/experiments_numeric.domain.delivery-experiments_numeric.architecture_2.delivery_mcts-2026-08-31T04:49:48.363026/P[domain,prob01,prob02,prob03,prob04]-S[0.0003,50,enhsp-hadd-astar]-MO[]-T[518400]-04920484-72aea46/snapshots/snapshot_70_1.0000",20755738,70,preserve3_term_delivery_on_learning_curve,COMPLETED,/home/hersco/training_new_domains/2026-08-31/preserve3_terminal_delivery_stage2/20755738_Re-Tr_delivery_delivery_mcts_orig_vh_e.5_c.1_s1972442430_K0_P3TERMS2A30_src20522922.txt
preserve3-term-delivery-on-1972442430-a30-policy-e0075,policy_eval,delivery,on,1972442430,stage2,ready,hadd-astar,"/home/hersco/bershco-nu-asnets/numeric-asnets/asnets/experiment-results/experiments_numeric.domain.delivery-experiments_numeric.architecture_2.delivery_mcts-2026-08-31T04:49:48.363026/P[domain,prob01,prob02,prob03,prob04]-S[0.0003,50,enhsp-hadd-astar]-MO[]-T[518400]-04920484-72aea46/snapshots/snapshot_75_1.0000",20755738,75,preserve3_term_delivery_on_learning_curve,COMPLETED,/home/hersco/training_new_domains/2026-08-31/preserve3_terminal_delivery_stage2/20755738_Re-Tr_delivery_delivery_mcts_orig_vh_e.5_c.1_s1972442430_K0_P3TERMS2A30_src20522922.txt
preserve3-term-delivery-on-1972442430-a30-policy-e0080,policy_eval,delivery,on,1972442430,stage2,ready,hadd-astar,"/home/hersco/bershco-nu-asnets/numeric-asnets/asnets/experiment-results/experiments_numeric.domain.delivery-experiments_numeric.architecture_2.delivery_mcts-2026-08-31T04:49:48.363026/P[domain,prob01,prob02,prob03,prob04]-S[0.0003,50,enhsp-hadd-astar]-MO[]-T[518400]-04920484-72aea46/snapshots/snapshot_80_1.0000",20755738,80,preserve3_term_delivery_on_learning_curve,COMPLETED,/home/hersco/training_new_domains/2026-08-31/preserve3_terminal_delivery_stage2/20755738_Re-Tr_delivery_delivery_mcts_orig_vh_e.5_c.1_s1972442430_K0_P3TERMS2A30_src20522922.txt
preserve3-term-delivery-on-1972442430-a30-policy-e0085,policy_eval,delivery,on,1972442430,stage2,ready,hadd-astar,"/home/hersco/bershco-nu-asnets/numeric-asnets/asnets/experiment-results/experiments_numeric.domain.delivery-experiments_numeric.architecture_2.delivery_mcts-2026-08-31T04:49:48.363026/P[domain,prob01,prob02,prob03,prob04]-S[0.0003,50,enhsp-hadd-astar]-MO[]-T[518400]-04920484-72aea46/snapshots/snapshot_85_1.0000",20755738,85,preserve3_term_delivery_on_learning_curve,COMPLETED,/home/hersco/training_new_domains/2026-08-31/preserve3_terminal_delivery_stage2/20755738_Re-Tr_delivery_delivery_mcts_orig_vh_e.5_c.1_s1972442430_K0_P3TERMS2A30_src20522922.txt
preserve3-term-delivery-on-1972442430-a30-policy-e0090,policy_eval,delivery,on,1972442430,stage2,ready,hadd-astar,"/home/hersco/bershco-nu-asnets/numeric-asnets/asnets/experiment-results/experiments_numeric.domain.delivery-experiments_numeric.architecture_2.delivery_mcts-2026-08-31T04:49:48.363026/P[domain,prob01,prob02,prob03,prob04]-S[0.0003,50,enhsp-hadd-astar]-MO[]-T[518400]-04920484-72aea46/snapshots/snapshot_90_1.0000",20755738,90,preserve3_term_delivery_on_learning_curve,COMPLETED,/home/hersco/training_new_domains/2026-08-31/preserve3_terminal_delivery_stage2/20755738_Re-Tr_delivery_delivery_mcts_orig_vh_e.5_c.1_s1972442430_K0_P3TERMS2A30_src20522922.txt
preserve3-term-delivery-on-1972442430-a30-policy-e0095,policy_eval,delivery,on,1972442430,stage2,ready,hadd-astar,"/home/hersco/bershco-nu-asnets/numeric-asnets/asnets/experiment-results/experiments_numeric.domain.delivery-experiments_numeric.architecture_2.delivery_mcts-2026-08-31T04:49:48.363026/P[domain,prob01,prob02,prob03,prob04]-S[0.0003,50,enhsp-hadd-astar]-MO[]-T[518400]-04920484-72aea46/snapshots/snapshot_95_1.0000",20755738,95,preserve3_term_delivery_on_learning_curve,COMPLETED,/home/hersco/training_new_domains/2026-08-31/preserve3_terminal_delivery_stage2/20755738_Re-Tr_delivery_delivery_mcts_orig_vh_e.5_c.1_s1972442430_K0_P3TERMS2A30_src20522922.txt
preserve3-term-delivery-on-1972442430-a30-policy-e0099,policy_eval,delivery,on,1972442430,stage2,ready,hadd-astar,"/home/hersco/bershco-nu-asnets/numeric-asnets/asnets/experiment-results/experiments_numeric.domain.delivery-experiments_numeric.architecture_2.delivery_mcts-2026-08-31T04:49:48.363026/P[domain,prob01,prob02,prob03,prob04]-S[0.0003,50,enhsp-hadd-astar]-MO[]-T[518400]-04920484-72aea46/snapshots/snapshot_99_1.0000",20755738,99,preserve3_term_delivery_on_learning_curve;preserve3_term_delivery_on_final_policy,COMPLETED,/home/hersco/training_new_domains/2026-08-31/preserve3_terminal_delivery_stage2/20755738_Re-Tr_delivery_delivery_mcts_orig_vh_e.5_c.1_s1972442430_K0_P3TERMS2A30_src20522922.txt
preserve3-term-delivery-on-2011206605-a30-policy-e0000,policy_eval,delivery,on,2011206605,stage2,ready,hadd-astar,"/home/hersco/bershco-nu-asnets/numeric-asnets/asnets/experiment-results/experiments_numeric.domain.delivery-experiments_numeric.architecture_2.delivery_mcts-2026-09-02T02:02:57.097683/P[domain,prob01,prob02,prob03,prob04]-S[0.0003,50,enhsp-hadd-astar]-MO[]-T[518400]-04923197-067843/snapshots/snapshot_0_1.0000",20834984,0,preserve3_term_delivery_on_learning_curve,COMPLETED,/home/hersco/training_new_domains/2026-09-01/preserve3_terminal_delivery_stage2/20834984_P3TERM_DEL_ON_201_CONT84R2.txt
preserve3-term-delivery-on-2011206605-a30-policy-e0002,policy_eval,delivery,on,2011206605,stage2,ready,hadd-astar,"/home/hersco/bershco-nu-asnets/numeric-asnets/asnets/experiment-results/experiments_numeric.domain.delivery-experiments_numeric.architecture_2.delivery_mcts-2026-09-02T02:02:57.097683/P[domain,prob01,prob02,prob03,prob04]-S[0.0003,50,enhsp-hadd-astar]-MO[]-T[518400]-04923197-067843/snapshots/snapshot_2_1.0000",20834984,2,preserve3_term_delivery_on_learning_curve;preserve3_term_delivery_on_validation_selected_policy,COMPLETED,/home/hersco/training_new_domains/2026-09-01/preserve3_terminal_delivery_stage2/20834984_P3TERM_DEL_ON_201_CONT84R2.txt
preserve3-term-delivery-on-2011206605-a30-policy-e0005,policy_eval,delivery,on,2011206605,stage2,ready,hadd-astar,"/home/hersco/bershco-nu-asnets/numeric-asnets/asnets/experiment-results/experiments_numeric.domain.delivery-experiments_numeric.architecture_2.delivery_mcts-2026-09-02T02:02:57.097683/P[domain,prob01,prob02,prob03,prob04]-S[0.0003,50,enhsp-hadd-astar]-MO[]-T[518400]-04923197-067843/snapshots/snapshot_5_1.0000",20834984,5,preserve3_term_delivery_on_learning_curve,COMPLETED,/home/hersco/training_new_domains/2026-09-01/preserve3_terminal_delivery_stage2/20834984_P3TERM_DEL_ON_201_CONT84R2.txt
preserve3-term-delivery-on-2011206605-a30-policy-e0010,policy_eval,delivery,on,2011206605,stage2,ready,hadd-astar,"/home/hersco/bershco-nu-asnets/numeric-asnets/asnets/experiment-results/experiments_numeric.domain.delivery-experiments_numeric.architecture_2.delivery_mcts-2026-09-02T02:02:57.097683/P[domain,prob01,prob02,prob03,prob04]-S[0.0003,50,enhsp-hadd-astar]-MO[]-T[518400]-04923197-067843/snapshots/snapshot_10_1.0000",20834984,10,preserve3_term_delivery_on_learning_curve,COMPLETED,/home/hersco/training_new_domains/2026-09-01/preserve3_terminal_delivery_stage2/20834984_P3TERM_DEL_ON_201_CONT84R2.txt
preserve3-term-delivery-on-2011206605-a30-policy-e0015,policy_eval,delivery,on,2011206605,stage2,ready,hadd-astar,"/home/hersco/bershco-nu-asnets/numeric-asnets/asnets/experiment-results/experiments_numeric.domain.delivery-experiments_numeric.architecture_2.delivery_mcts-2026-09-02T02:02:57.097683/P[domain,prob01,prob02,prob03,prob04]-S[0.0003,50,enhsp-hadd-astar]-MO[]-T[518400]-04923197-067843/snapshots/snapshot_15_1.0000",20834984,15,preserve3_term_delivery_on_learning_curve;preserve3_term_delivery_on_final_policy,COMPLETED,/home/hersco/training_new_domains/2026-09-01/preserve3_terminal_delivery_stage2/20834984_P3TERM_DEL_ON_201_CONT84R2.txt
preserve3-term-delivery-on-2082152039-a30-policy-e0000,policy_eval,delivery,on,2082152039,stage2,ready,hadd-astar,"/home/hersco/bershco-nu-asnets/numeric-asnets/asnets/experiment-results/experiments_numeric.domain.delivery-experiments_numeric.architecture_2.delivery_mcts-2026-08-31T17:31:36.257688/P[domain,prob01,prob02,prob03,prob04]-S[0.0003,50,enhsp-hadd-astar]-MO[]-T[518400]-04921245-faf7d6/snapshots/snapshot_0_1.0000",20755740,0,preserve3_term_delivery_on_learning_curve,COMPLETED,/home/hersco/training_new_domains/2026-08-31/preserve3_terminal_delivery_stage2/20755740_Re-Tr_delivery_delivery_mcts_orig_vh_e.5_c.1_s2082152039_K0_P3TERMS2A30_src20522919.txt
preserve3-term-delivery-on-2082152039-a30-policy-e0005,policy_eval,delivery,on,2082152039,stage2,ready,hadd-astar,"/home/hersco/bershco-nu-asnets/numeric-asnets/asnets/experiment-results/experiments_numeric.domain.delivery-experiments_numeric.architecture_2.delivery_mcts-2026-08-31T17:31:36.257688/P[domain,prob01,prob02,prob03,prob04]-S[0.0003,50,enhsp-hadd-astar]-MO[]-T[518400]-04921245-faf7d6/snapshots/snapshot_5_1.0000",20755740,5,preserve3_term_delivery_on_learning_curve,COMPLETED,/home/hersco/training_new_domains/2026-08-31/preserve3_terminal_delivery_stage2/20755740_Re-Tr_delivery_delivery_mcts_orig_vh_e.5_c.1_s2082152039_K0_P3TERMS2A30_src20522919.txt
preserve3-term-delivery-on-2082152039-a30-policy-e0010,policy_eval,delivery,on,2082152039,stage2,ready,hadd-astar,"/home/hersco/bershco-nu-asnets/numeric-asnets/asnets/experiment-results/experiments_numeric.domain.delivery-experiments_numeric.architecture_2.delivery_mcts-2026-08-31T17:31:36.257688/P[domain,prob01,prob02,prob03,prob04]-S[0.0003,50,enhsp-hadd-astar]-MO[]-T[518400]-04921245-faf7d6/snapshots/snapshot_10_1.0000",20755740,10,preserve3_term_delivery_on_learning_curve,COMPLETED,/home/hersco/training_new_domains/2026-08-31/preserve3_terminal_delivery_stage2/20755740_Re-Tr_delivery_delivery_mcts_orig_vh_e.5_c.1_s2082152039_K0_P3TERMS2A30_src20522919.txt
preserve3-term-delivery-on-2082152039-a30-policy-e0015,policy_eval,delivery,on,2082152039,stage2,ready,hadd-astar,"/home/hersco/bershco-nu-asnets/numeric-asnets/asnets/experiment-results/experiments_numeric.domain.delivery-experiments_numeric.architecture_2.delivery_mcts-2026-08-31T17:31:36.257688/P[domain,prob01,prob02,prob03,prob04]-S[0.0003,50,enhsp-hadd-astar]-MO[]-T[518400]-04921245-faf7d6/snapshots/snapshot_15_1.0000",20755740,15,preserve3_term_delivery_on_learning_curve,COMPLETED,/home/hersco/training_new_domains/2026-08-31/preserve3_terminal_delivery_stage2/20755740_Re-Tr_delivery_delivery_mcts_orig_vh_e.5_c.1_s2082152039_K0_P3TERMS2A30_src20522919.txt
preserve3-term-delivery-on-2082152039-a30-policy-e0020,policy_eval,delivery,on,2082152039,stage2,ready,hadd-astar,"/home/hersco/bershco-nu-asnets/numeric-asnets/asnets/experiment-results/experiments_numeric.domain.delivery-experiments_numeric.architecture_2.delivery_mcts-2026-08-31T17:31:36.257688/P[domain,prob01,prob02,prob03,prob04]-S[0.0003,50,enhsp-hadd-astar]-MO[]-T[518400]-04921245-faf7d6/snapshots/snapshot_20_1.0000",20755740,20,preserve3_term_delivery_on_learning_curve,COMPLETED,/home/hersco/training_new_domains/2026-08-31/preserve3_terminal_delivery_stage2/20755740_Re-Tr_delivery_delivery_mcts_orig_vh_e.5_c.1_s2082152039_K0_P3TERMS2A30_src20522919.txt
preserve3-term-delivery-on-2082152039-a30-policy-e0025,policy_eval,delivery,on,2082152039,stage2,ready,hadd-astar,"/home/hersco/bershco-nu-asnets/numeric-asnets/asnets/experiment-results/experiments_numeric.domain.delivery-experiments_numeric.architecture_2.delivery_mcts-2026-08-31T17:31:36.257688/P[domain,prob01,prob02,prob03,prob04]-S[0.0003,50,enhsp-hadd-astar]-MO[]-T[518400]-04921245-faf7d6/snapshots/snapshot_25_1.0000",20755740,25,preserve3_term_delivery_on_learning_curve,COMPLETED,/home/hersco/training_new_domains/2026-08-31/preserve3_terminal_delivery_stage2/20755740_Re-Tr_delivery_delivery_mcts_orig_vh_e.5_c.1_s2082152039_K0_P3TERMS2A30_src20522919.txt
preserve3-term-delivery-on-2082152039-a30-policy-e0030,policy_eval,delivery,on,2082152039,stage2,ready,hadd-astar,"/home/hersco/bershco-nu-asnets/numeric-asnets/asnets/experiment-results/experiments_numeric.domain.delivery-experiments_numeric.architecture_2.delivery_mcts-2026-08-31T17:31:36.257688/P[domain,prob01,prob02,prob03,prob04]-S[0.0003,50,enhsp-hadd-astar]-MO[]-T[518400]-04921245-faf7d6/snapshots/snapshot_30_1.0000",20755740,30,preserve3_term_delivery_on_learning_curve,COMPLETED,/home/hersco/training_new_domains/2026-08-31/preserve3_terminal_delivery_stage2/20755740_Re-Tr_delivery_delivery_mcts_orig_vh_e.5_c.1_s2082152039_K0_P3TERMS2A30_src20522919.txt
preserve3-term-delivery-on-2082152039-a30-policy-e0035,policy_eval,delivery,on,2082152039,stage2,ready,hadd-astar,"/home/hersco/bershco-nu-asnets/numeric-asnets/asnets/experiment-results/experiments_numeric.domain.delivery-experiments_numeric.architecture_2.delivery_mcts-2026-08-31T17:31:36.257688/P[domain,prob01,prob02,prob03,prob04]-S[0.0003,50,enhsp-hadd-astar]-MO[]-T[518400]-04921245-faf7d6/snapshots/snapshot_35_1.0000",20755740,35,preserve3_term_delivery_on_learning_curve,COMPLETED,/home/hersco/training_new_domains/2026-08-31/preserve3_terminal_delivery_stage2/20755740_Re-Tr_delivery_delivery_mcts_orig_vh_e.5_c.1_s2082152039_K0_P3TERMS2A30_src20522919.txt
preserve3-term-delivery-on-2082152039-a30-policy-e0040,policy_eval,delivery,on,2082152039,stage2,ready,hadd-astar,"/home/hersco/bershco-nu-asnets/numeric-asnets/asnets/experiment-results/experiments_numeric.domain.delivery-experiments_numeric.architecture_2.delivery_mcts-2026-08-31T17:31:36.257688/P[domain,prob01,prob02,prob03,prob04]-S[0.0003,50,enhsp-hadd-astar]-MO[]-T[518400]-04921245-faf7d6/snapshots/snapshot_40_1.0000",20755740,40,preserve3_term_delivery_on_learning_curve,COMPLETED,/home/hersco/training_new_domains/2026-08-31/preserve3_terminal_delivery_stage2/20755740_Re-Tr_delivery_delivery_mcts_orig_vh_e.5_c.1_s2082152039_K0_P3TERMS2A30_src20522919.txt
preserve3-term-delivery-on-2082152039-a30-policy-e0045,policy_eval,delivery,on,2082152039,stage2,ready,hadd-astar,"/home/hersco/bershco-nu-asnets/numeric-asnets/asnets/experiment-results/experiments_numeric.domain.delivery-experiments_numeric.architecture_2.delivery_mcts-2026-08-31T17:31:36.257688/P[domain,prob01,prob02,prob03,prob04]-S[0.0003,50,enhsp-hadd-astar]-MO[]-T[518400]-04921245-faf7d6/snapshots/snapshot_45_1.0000",20755740,45,preserve3_term_delivery_on_learning_curve,COMPLETED,/home/hersco/training_new_domains/2026-08-31/preserve3_terminal_delivery_stage2/20755740_Re-Tr_delivery_delivery_mcts_orig_vh_e.5_c.1_s2082152039_K0_P3TERMS2A30_src20522919.txt
preserve3-term-delivery-on-2082152039-a30-policy-e0050,policy_eval,delivery,on,2082152039,stage2,ready,hadd-astar,"/home/hersco/bershco-nu-asnets/numeric-asnets/asnets/experiment-results/experiments_numeric.domain.delivery-experiments_numeric.architecture_2.delivery_mcts-2026-08-31T17:31:36.257688/P[domain,prob01,prob02,prob03,prob04]-S[0.0003,50,enhsp-hadd-astar]-MO[]-T[518400]-04921245-faf7d6/snapshots/snapshot_50_1.0000",20755740,50,preserve3_term_delivery_on_learning_curve,COMPLETED,/home/hersco/training_new_domains/2026-08-31/preserve3_terminal_delivery_stage2/20755740_Re-Tr_delivery_delivery_mcts_orig_vh_e.5_c.1_s2082152039_K0_P3TERMS2A30_src20522919.txt
preserve3-term-delivery-on-2082152039-a30-policy-e0055,policy_eval,delivery,on,2082152039,stage2,ready,hadd-astar,"/home/hersco/bershco-nu-asnets/numeric-asnets/asnets/experiment-results/experiments_numeric.domain.delivery-experiments_numeric.architecture_2.delivery_mcts-2026-08-31T17:31:36.257688/P[domain,prob01,prob02,prob03,prob04]-S[0.0003,50,enhsp-hadd-astar]-MO[]-T[518400]-04921245-faf7d6/snapshots/snapshot_55_1.0000",20755740,55,preserve3_term_delivery_on_learning_curve,COMPLETED,/home/hersco/training_new_domains/2026-08-31/preserve3_terminal_delivery_stage2/20755740_Re-Tr_delivery_delivery_mcts_orig_vh_e.5_c.1_s2082152039_K0_P3TERMS2A30_src20522919.txt
preserve3-term-delivery-on-2082152039-a30-policy-e0060,policy_eval,delivery,on,2082152039,stage2,ready,hadd-astar,"/home/hersco/bershco-nu-asnets/numeric-asnets/asnets/experiment-results/experiments_numeric.domain.delivery-experiments_numeric.architecture_2.delivery_mcts-2026-08-31T17:31:36.257688/P[domain,prob01,prob02,prob03,prob04]-S[0.0003,50,enhsp-hadd-astar]-MO[]-T[518400]-04921245-faf7d6/snapshots/snapshot_60_1.0000",20755740,60,preserve3_term_delivery_on_learning_curve,COMPLETED,/home/hersco/training_new_domains/2026-08-31/preserve3_terminal_delivery_stage2/20755740_Re-Tr_delivery_delivery_mcts_orig_vh_e.5_c.1_s2082152039_K0_P3TERMS2A30_src20522919.txt
preserve3-term-delivery-on-2082152039-a30-policy-e0065,policy_eval,delivery,on,2082152039,stage2,ready,hadd-astar,"/home/hersco/bershco-nu-asnets/numeric-asnets/asnets/experiment-results/experiments_numeric.domain.delivery-experiments_numeric.architecture_2.delivery_mcts-2026-08-31T17:31:36.257688/P[domain,prob01,prob02,prob03,prob04]-S[0.0003,50,enhsp-hadd-astar]-MO[]-T[518400]-04921245-faf7d6/snapshots/snapshot_65_1.0000",20755740,65,preserve3_term_delivery_on_learning_curve,COMPLETED,/home/hersco/training_new_domains/2026-08-31/preserve3_terminal_delivery_stage2/20755740_Re-Tr_delivery_delivery_mcts_orig_vh_e.5_c.1_s2082152039_K0_P3TERMS2A30_src20522919.txt
preserve3-term-delivery-on-2082152039-a30-policy-e0070,policy_eval,delivery,on,2082152039,stage2,ready,hadd-astar,"/home/hersco/bershco-nu-asnets/numeric-asnets/asnets/experiment-results/experiments_numeric.domain.delivery-experiments_numeric.architecture_2.delivery_mcts-2026-08-31T17:31:36.257688/P[domain,prob01,prob02,prob03,prob04]-S[0.0003,50,enhsp-hadd-astar]-MO[]-T[518400]-04921245-faf7d6/snapshots/snapshot_70_1.0000",20755740,70,preserve3_term_delivery_on_learning_curve,COMPLETED,/home/hersco/training_new_domains/2026-08-31/preserve3_terminal_delivery_stage2/20755740_Re-Tr_delivery_delivery_mcts_orig_vh_e.5_c.1_s2082152039_K0_P3TERMS2A30_src20522919.txt
preserve3-term-delivery-on-2082152039-a30-policy-e0075,policy_eval,delivery,on,2082152039,stage2,ready,hadd-astar,"/home/hersco/bershco-nu-asnets/numeric-asnets/asnets/experiment-results/experiments_numeric.domain.delivery-experiments_numeric.architecture_2.delivery_mcts-2026-08-31T17:31:36.257688/P[domain,prob01,prob02,prob03,prob04]-S[0.0003,50,enhsp-hadd-astar]-MO[]-T[518400]-04921245-faf7d6/snapshots/snapshot_75_1.0000",20755740,75,preserve3_term_delivery_on_learning_curve,COMPLETED,/home/hersco/training_new_domains/2026-08-31/preserve3_terminal_delivery_stage2/20755740_Re-Tr_delivery_delivery_mcts_orig_vh_e.5_c.1_s2082152039_K0_P3TERMS2A30_src20522919.txt
preserve3-term-delivery-on-2082152039-a30-policy-e0080,policy_eval,delivery,on,2082152039,stage2,ready,hadd-astar,"/home/hersco/bershco-nu-asnets/numeric-asnets/asnets/experiment-results/experiments_numeric.domain.delivery-experiments_numeric.architecture_2.delivery_mcts-2026-08-31T17:31:36.257688/P[domain,prob01,prob02,prob03,prob04]-S[0.0003,50,enhsp-hadd-astar]-MO[]-T[518400]-04921245-faf7d6/snapshots/snapshot_80_1.0000",20755740,80,preserve3_term_delivery_on_learning_curve,COMPLETED,/home/hersco/training_new_domains/2026-08-31/preserve3_terminal_delivery_stage2/20755740_Re-Tr_delivery_delivery_mcts_orig_vh_e.5_c.1_s2082152039_K0_P3TERMS2A30_src20522919.txt
preserve3-term-delivery-on-2082152039-a30-policy-e0082,policy_eval,delivery,on,2082152039,stage2,ready,hadd-astar,"/home/hersco/bershco-nu-asnets/numeric-asnets/asnets/experiment-results/experiments_numeric.domain.delivery-experiments_numeric.architecture_2.delivery_mcts-2026-08-31T17:31:36.257688/P[domain,prob01,prob02,prob03,prob04]-S[0.0003,50,enhsp-hadd-astar]-MO[]-T[518400]-04921245-faf7d6/snapshots/snapshot_82_1.0000",20755740,82,preserve3_term_delivery_on_learning_curve;preserve3_term_delivery_on_validation_selected_policy,COMPLETED,/home/hersco/training_new_domains/2026-08-31/preserve3_terminal_delivery_stage2/20755740_Re-Tr_delivery_delivery_mcts_orig_vh_e.5_c.1_s2082152039_K0_P3TERMS2A30_src20522919.txt
preserve3-term-delivery-on-2082152039-a30-policy-e0085,policy_eval,delivery,on,2082152039,stage2,ready,hadd-astar,"/home/hersco/bershco-nu-asnets/numeric-asnets/asnets/experiment-results/experiments_numeric.domain.delivery-experiments_numeric.architecture_2.delivery_mcts-2026-08-31T17:31:36.257688/P[domain,prob01,prob02,prob03,prob04]-S[0.0003,50,enhsp-hadd-astar]-MO[]-T[518400]-04921245-faf7d6/snapshots/snapshot_85_1.0000",20755740,85,preserve3_term_delivery_on_learning_curve,COMPLETED,/home/hersco/training_new_domains/2026-08-31/preserve3_terminal_delivery_stage2/20755740_Re-Tr_delivery_delivery_mcts_orig_vh_e.5_c.1_s2082152039_K0_P3TERMS2A30_src20522919.txt
preserve3-term-delivery-on-2082152039-a30-policy-e0090,policy_eval,delivery,on,2082152039,stage2,ready,hadd-astar,"/home/hersco/bershco-nu-asnets/numeric-asnets/asnets/experiment-results/experiments_numeric.domain.delivery-experiments_numeric.architecture_2.delivery_mcts-2026-08-31T17:31:36.257688/P[domain,prob01,prob02,prob03,prob04]-S[0.0003,50,enhsp-hadd-astar]-MO[]-T[518400]-04921245-faf7d6/snapshots/snapshot_90_1.0000",20755740,90,preserve3_term_delivery_on_learning_curve,COMPLETED,/home/hersco/training_new_domains/2026-08-31/preserve3_terminal_delivery_stage2/20755740_Re-Tr_delivery_delivery_mcts_orig_vh_e.5_c.1_s2082152039_K0_P3TERMS2A30_src20522919.txt
preserve3-term-delivery-on-2082152039-a30-policy-e0095,policy_eval,delivery,on,2082152039,stage2,ready,hadd-astar,"/home/hersco/bershco-nu-asnets/numeric-asnets/asnets/experiment-results/experiments_numeric.domain.delivery-experiments_numeric.architecture_2.delivery_mcts-2026-08-31T17:31:36.257688/P[domain,prob01,prob02,prob03,prob04]-S[0.0003,50,enhsp-hadd-astar]-MO[]-T[518400]-04921245-faf7d6/snapshots/snapshot_95_1.0000",20755740,95,preserve3_term_delivery_on_learning_curve,COMPLETED,/home/hersco/training_new_domains/2026-08-31/preserve3_terminal_delivery_stage2/20755740_Re-Tr_delivery_delivery_mcts_orig_vh_e.5_c.1_s2082152039_K0_P3TERMS2A30_src20522919.txt
preserve3-term-delivery-on-2082152039-a30-policy-e0099,policy_eval,delivery,on,2082152039,stage2,ready,hadd-astar,"/home/hersco/bershco-nu-asnets/numeric-asnets/asnets/experiment-results/experiments_numeric.domain.delivery-experiments_numeric.architecture_2.delivery_mcts-2026-08-31T17:31:36.257688/P[domain,prob01,prob02,prob03,prob04]-S[0.0003,50,enhsp-hadd-astar]-MO[]-T[518400]-04921245-faf7d6/snapshots/snapshot_99_1.0000",20755740,99,preserve3_term_delivery_on_learning_curve;preserve3_term_delivery_on_final_policy,COMPLETED,/home/hersco/training_new_domains/2026-08-31/preserve3_terminal_delivery_stage2/20755740_Re-Tr_delivery_delivery_mcts_orig_vh_e.5_c.1_s2082152039_K0_P3TERMS2A30_src20522919.txt
