manifest_id,task_type,domain,value_head,seed,stage,status,teacher,source_checkpoint_ref,source_training_job_id,snapshot_epoch,analysis_roles,training_state,training_log
preserve3-term-zenotravel-off-534933607-a30-policy-e0000,policy_eval,zenotravel,off,534933607,stage2,ready,hadd-gbfs,"/home/hersco/bershco-nu-asnets/numeric-asnets/asnets/experiment-results/experiments_numeric.domain.zenotravel-experiments_numeric.architecture_2.zenotravel_mcts-2026-08-31T21:29:45.466438/P[domain,pfile1,pfile2,pfile3,pfile4,pfile5,pfile6]-S[0.0003,50,enhsp-hadd-gbfs]-MO[]-T[518400]-04921483-3c74d66/snapshots/snapshot_0_1.0000",20755764,0,preserve3_term_zenotravel_off_learning_curve,COMPLETED,/home/hersco/training_new_domains/2026-08-31/preserve3_terminal_zenotravel_stage2/20755764_Re-Tr_zenotravel_zenotravel_mcts_orig_novh_e.5_c.1_s534933607_K0_P3TERMS2A30_src20523092.txt
preserve3-term-zenotravel-off-534933607-a30-policy-e0005,policy_eval,zenotravel,off,534933607,stage2,ready,hadd-gbfs,"/home/hersco/bershco-nu-asnets/numeric-asnets/asnets/experiment-results/experiments_numeric.domain.zenotravel-experiments_numeric.architecture_2.zenotravel_mcts-2026-08-31T21:29:45.466438/P[domain,pfile1,pfile2,pfile3,pfile4,pfile5,pfile6]-S[0.0003,50,enhsp-hadd-gbfs]-MO[]-T[518400]-04921483-3c74d66/snapshots/snapshot_5_1.0000",20755764,5,preserve3_term_zenotravel_off_learning_curve,COMPLETED,/home/hersco/training_new_domains/2026-08-31/preserve3_terminal_zenotravel_stage2/20755764_Re-Tr_zenotravel_zenotravel_mcts_orig_novh_e.5_c.1_s534933607_K0_P3TERMS2A30_src20523092.txt
preserve3-term-zenotravel-off-534933607-a30-policy-e0010,policy_eval,zenotravel,off,534933607,stage2,ready,hadd-gbfs,"/home/hersco/bershco-nu-asnets/numeric-asnets/asnets/experiment-results/experiments_numeric.domain.zenotravel-experiments_numeric.architecture_2.zenotravel_mcts-2026-08-31T21:29:45.466438/P[domain,pfile1,pfile2,pfile3,pfile4,pfile5,pfile6]-S[0.0003,50,enhsp-hadd-gbfs]-MO[]-T[518400]-04921483-3c74d66/snapshots/snapshot_10_1.0000",20755764,10,preserve3_term_zenotravel_off_learning_curve,COMPLETED,/home/hersco/training_new_domains/2026-08-31/preserve3_terminal_zenotravel_stage2/20755764_Re-Tr_zenotravel_zenotravel_mcts_orig_novh_e.5_c.1_s534933607_K0_P3TERMS2A30_src20523092.txt
preserve3-term-zenotravel-off-534933607-a30-policy-e0015,policy_eval,zenotravel,off,534933607,stage2,ready,hadd-gbfs,"/home/hersco/bershco-nu-asnets/numeric-asnets/asnets/experiment-results/experiments_numeric.domain.zenotravel-experiments_numeric.architecture_2.zenotravel_mcts-2026-08-31T21:29:45.466438/P[domain,pfile1,pfile2,pfile3,pfile4,pfile5,pfile6]-S[0.0003,50,enhsp-hadd-gbfs]-MO[]-T[518400]-04921483-3c74d66/snapshots/snapshot_15_1.0000",20755764,15,preserve3_term_zenotravel_off_learning_curve,COMPLETED,/home/hersco/training_new_domains/2026-08-31/preserve3_terminal_zenotravel_stage2/20755764_Re-Tr_zenotravel_zenotravel_mcts_orig_novh_e.5_c.1_s534933607_K0_P3TERMS2A30_src20523092.txt
preserve3-term-zenotravel-off-534933607-a30-policy-e0020,policy_eval,zenotravel,off,534933607,stage2,ready,hadd-gbfs,"/home/hersco/bershco-nu-asnets/numeric-asnets/asnets/experiment-results/experiments_numeric.domain.zenotravel-experiments_numeric.architecture_2.zenotravel_mcts-2026-08-31T21:29:45.466438/P[domain,pfile1,pfile2,pfile3,pfile4,pfile5,pfile6]-S[0.0003,50,enhsp-hadd-gbfs]-MO[]-T[518400]-04921483-3c74d66/snapshots/snapshot_20_1.0000",20755764,20,preserve3_term_zenotravel_off_learning_curve,COMPLETED,/home/hersco/training_new_domains/2026-08-31/preserve3_terminal_zenotravel_stage2/20755764_Re-Tr_zenotravel_zenotravel_mcts_orig_novh_e.5_c.1_s534933607_K0_P3TERMS2A30_src20523092.txt
preserve3-term-zenotravel-off-534933607-a30-policy-e0025,policy_eval,zenotravel,off,534933607,stage2,ready,hadd-gbfs,"/home/hersco/bershco-nu-asnets/numeric-asnets/asnets/experiment-results/experiments_numeric.domain.zenotravel-experiments_numeric.architecture_2.zenotravel_mcts-2026-08-31T21:29:45.466438/P[domain,pfile1,pfile2,pfile3,pfile4,pfile5,pfile6]-S[0.0003,50,enhsp-hadd-gbfs]-MO[]-T[518400]-04921483-3c74d66/snapshots/snapshot_25_1.0000",20755764,25,preserve3_term_zenotravel_off_learning_curve,COMPLETED,/home/hersco/training_new_domains/2026-08-31/preserve3_terminal_zenotravel_stage2/20755764_Re-Tr_zenotravel_zenotravel_mcts_orig_novh_e.5_c.1_s534933607_K0_P3TERMS2A30_src20523092.txt
preserve3-term-zenotravel-off-534933607-a30-policy-e0030,policy_eval,zenotravel,off,534933607,stage2,ready,hadd-gbfs,"/home/hersco/bershco-nu-asnets/numeric-asnets/asnets/experiment-results/experiments_numeric.domain.zenotravel-experiments_numeric.architecture_2.zenotravel_mcts-2026-08-31T21:29:45.466438/P[domain,pfile1,pfile2,pfile3,pfile4,pfile5,pfile6]-S[0.0003,50,enhsp-hadd-gbfs]-MO[]-T[518400]-04921483-3c74d66/snapshots/snapshot_30_1.0000",20755764,30,preserve3_term_zenotravel_off_learning_curve,COMPLETED,/home/hersco/training_new_domains/2026-08-31/preserve3_terminal_zenotravel_stage2/20755764_Re-Tr_zenotravel_zenotravel_mcts_orig_novh_e.5_c.1_s534933607_K0_P3TERMS2A30_src20523092.txt
preserve3-term-zenotravel-off-534933607-a30-policy-e0035,policy_eval,zenotravel,off,534933607,stage2,ready,hadd-gbfs,"/home/hersco/bershco-nu-asnets/numeric-asnets/asnets/experiment-results/experiments_numeric.domain.zenotravel-experiments_numeric.architecture_2.zenotravel_mcts-2026-08-31T21:29:45.466438/P[domain,pfile1,pfile2,pfile3,pfile4,pfile5,pfile6]-S[0.0003,50,enhsp-hadd-gbfs]-MO[]-T[518400]-04921483-3c74d66/snapshots/snapshot_35_1.0000",20755764,35,preserve3_term_zenotravel_off_learning_curve,COMPLETED,/home/hersco/training_new_domains/2026-08-31/preserve3_terminal_zenotravel_stage2/20755764_Re-Tr_zenotravel_zenotravel_mcts_orig_novh_e.5_c.1_s534933607_K0_P3TERMS2A30_src20523092.txt
preserve3-term-zenotravel-off-534933607-a30-policy-e0040,policy_eval,zenotravel,off,534933607,stage2,ready,hadd-gbfs,"/home/hersco/bershco-nu-asnets/numeric-asnets/asnets/experiment-results/experiments_numeric.domain.zenotravel-experiments_numeric.architecture_2.zenotravel_mcts-2026-08-31T21:29:45.466438/P[domain,pfile1,pfile2,pfile3,pfile4,pfile5,pfile6]-S[0.0003,50,enhsp-hadd-gbfs]-MO[]-T[518400]-04921483-3c74d66/snapshots/snapshot_40_1.0000",20755764,40,preserve3_term_zenotravel_off_learning_curve,COMPLETED,/home/hersco/training_new_domains/2026-08-31/preserve3_terminal_zenotravel_stage2/20755764_Re-Tr_zenotravel_zenotravel_mcts_orig_novh_e.5_c.1_s534933607_K0_P3TERMS2A30_src20523092.txt
preserve3-term-zenotravel-off-534933607-a30-policy-e0045,policy_eval,zenotravel,off,534933607,stage2,ready,hadd-gbfs,"/home/hersco/bershco-nu-asnets/numeric-asnets/asnets/experiment-results/experiments_numeric.domain.zenotravel-experiments_numeric.architecture_2.zenotravel_mcts-2026-08-31T21:29:45.466438/P[domain,pfile1,pfile2,pfile3,pfile4,pfile5,pfile6]-S[0.0003,50,enhsp-hadd-gbfs]-MO[]-T[518400]-04921483-3c74d66/snapshots/snapshot_45_1.0000",20755764,45,preserve3_term_zenotravel_off_learning_curve,COMPLETED,/home/hersco/training_new_domains/2026-08-31/preserve3_terminal_zenotravel_stage2/20755764_Re-Tr_zenotravel_zenotravel_mcts_orig_novh_e.5_c.1_s534933607_K0_P3TERMS2A30_src20523092.txt
preserve3-term-zenotravel-off-534933607-a30-policy-e0047,policy_eval,zenotravel,off,534933607,stage2,ready,hadd-gbfs,"/home/hersco/bershco-nu-asnets/numeric-asnets/asnets/experiment-results/experiments_numeric.domain.zenotravel-experiments_numeric.architecture_2.zenotravel_mcts-2026-08-31T21:29:45.466438/P[domain,pfile1,pfile2,pfile3,pfile4,pfile5,pfile6]-S[0.0003,50,enhsp-hadd-gbfs]-MO[]-T[518400]-04921483-3c74d66/snapshots/snapshot_47_1.0000",20755764,47,preserve3_term_zenotravel_off_learning_curve;preserve3_term_zenotravel_off_validation_selected_policy,COMPLETED,/home/hersco/training_new_domains/2026-08-31/preserve3_terminal_zenotravel_stage2/20755764_Re-Tr_zenotravel_zenotravel_mcts_orig_novh_e.5_c.1_s534933607_K0_P3TERMS2A30_src20523092.txt
preserve3-term-zenotravel-off-534933607-a30-policy-e0050,policy_eval,zenotravel,off,534933607,stage2,ready,hadd-gbfs,"/home/hersco/bershco-nu-asnets/numeric-asnets/asnets/experiment-results/experiments_numeric.domain.zenotravel-experiments_numeric.architecture_2.zenotravel_mcts-2026-08-31T21:29:45.466438/P[domain,pfile1,pfile2,pfile3,pfile4,pfile5,pfile6]-S[0.0003,50,enhsp-hadd-gbfs]-MO[]-T[518400]-04921483-3c74d66/snapshots/snapshot_50_1.0000",20755764,50,preserve3_term_zenotravel_off_learning_curve,COMPLETED,/home/hersco/training_new_domains/2026-08-31/preserve3_terminal_zenotravel_stage2/20755764_Re-Tr_zenotravel_zenotravel_mcts_orig_novh_e.5_c.1_s534933607_K0_P3TERMS2A30_src20523092.txt
preserve3-term-zenotravel-off-534933607-a30-policy-e0055,policy_eval,zenotravel,off,534933607,stage2,ready,hadd-gbfs,"/home/hersco/bershco-nu-asnets/numeric-asnets/asnets/experiment-results/experiments_numeric.domain.zenotravel-experiments_numeric.architecture_2.zenotravel_mcts-2026-08-31T21:29:45.466438/P[domain,pfile1,pfile2,pfile3,pfile4,pfile5,pfile6]-S[0.0003,50,enhsp-hadd-gbfs]-MO[]-T[518400]-04921483-3c74d66/snapshots/snapshot_55_1.0000",20755764,55,preserve3_term_zenotravel_off_learning_curve,COMPLETED,/home/hersco/training_new_domains/2026-08-31/preserve3_terminal_zenotravel_stage2/20755764_Re-Tr_zenotravel_zenotravel_mcts_orig_novh_e.5_c.1_s534933607_K0_P3TERMS2A30_src20523092.txt
preserve3-term-zenotravel-off-534933607-a30-policy-e0060,policy_eval,zenotravel,off,534933607,stage2,ready,hadd-gbfs,"/home/hersco/bershco-nu-asnets/numeric-asnets/asnets/experiment-results/experiments_numeric.domain.zenotravel-experiments_numeric.architecture_2.zenotravel_mcts-2026-08-31T21:29:45.466438/P[domain,pfile1,pfile2,pfile3,pfile4,pfile5,pfile6]-S[0.0003,50,enhsp-hadd-gbfs]-MO[]-T[518400]-04921483-3c74d66/snapshots/snapshot_60_1.0000",20755764,60,preserve3_term_zenotravel_off_learning_curve,COMPLETED,/home/hersco/training_new_domains/2026-08-31/preserve3_terminal_zenotravel_stage2/20755764_Re-Tr_zenotravel_zenotravel_mcts_orig_novh_e.5_c.1_s534933607_K0_P3TERMS2A30_src20523092.txt
preserve3-term-zenotravel-off-534933607-a30-policy-e0065,policy_eval,zenotravel,off,534933607,stage2,ready,hadd-gbfs,"/home/hersco/bershco-nu-asnets/numeric-asnets/asnets/experiment-results/experiments_numeric.domain.zenotravel-experiments_numeric.architecture_2.zenotravel_mcts-2026-08-31T21:29:45.466438/P[domain,pfile1,pfile2,pfile3,pfile4,pfile5,pfile6]-S[0.0003,50,enhsp-hadd-gbfs]-MO[]-T[518400]-04921483-3c74d66/snapshots/snapshot_65_1.0000",20755764,65,preserve3_term_zenotravel_off_learning_curve,COMPLETED,/home/hersco/training_new_domains/2026-08-31/preserve3_terminal_zenotravel_stage2/20755764_Re-Tr_zenotravel_zenotravel_mcts_orig_novh_e.5_c.1_s534933607_K0_P3TERMS2A30_src20523092.txt
preserve3-term-zenotravel-off-534933607-a30-policy-e0070,policy_eval,zenotravel,off,534933607,stage2,ready,hadd-gbfs,"/home/hersco/bershco-nu-asnets/numeric-asnets/asnets/experiment-results/experiments_numeric.domain.zenotravel-experiments_numeric.architecture_2.zenotravel_mcts-2026-08-31T21:29:45.466438/P[domain,pfile1,pfile2,pfile3,pfile4,pfile5,pfile6]-S[0.0003,50,enhsp-hadd-gbfs]-MO[]-T[518400]-04921483-3c74d66/snapshots/snapshot_70_1.0000",20755764,70,preserve3_term_zenotravel_off_learning_curve,COMPLETED,/home/hersco/training_new_domains/2026-08-31/preserve3_terminal_zenotravel_stage2/20755764_Re-Tr_zenotravel_zenotravel_mcts_orig_novh_e.5_c.1_s534933607_K0_P3TERMS2A30_src20523092.txt
preserve3-term-zenotravel-off-534933607-a30-policy-e0075,policy_eval,zenotravel,off,534933607,stage2,ready,hadd-gbfs,"/home/hersco/bershco-nu-asnets/numeric-asnets/asnets/experiment-results/experiments_numeric.domain.zenotravel-experiments_numeric.architecture_2.zenotravel_mcts-2026-08-31T21:29:45.466438/P[domain,pfile1,pfile2,pfile3,pfile4,pfile5,pfile6]-S[0.0003,50,enhsp-hadd-gbfs]-MO[]-T[518400]-04921483-3c74d66/snapshots/snapshot_75_1.0000",20755764,75,preserve3_term_zenotravel_off_learning_curve,COMPLETED,/home/hersco/training_new_domains/2026-08-31/preserve3_terminal_zenotravel_stage2/20755764_Re-Tr_zenotravel_zenotravel_mcts_orig_novh_e.5_c.1_s534933607_K0_P3TERMS2A30_src20523092.txt
preserve3-term-zenotravel-off-534933607-a30-policy-e0080,policy_eval,zenotravel,off,534933607,stage2,ready,hadd-gbfs,"/home/hersco/bershco-nu-asnets/numeric-asnets/asnets/experiment-results/experiments_numeric.domain.zenotravel-experiments_numeric.architecture_2.zenotravel_mcts-2026-08-31T21:29:45.466438/P[domain,pfile1,pfile2,pfile3,pfile4,pfile5,pfile6]-S[0.0003,50,enhsp-hadd-gbfs]-MO[]-T[518400]-04921483-3c74d66/snapshots/snapshot_80_1.0000",20755764,80,preserve3_term_zenotravel_off_learning_curve,COMPLETED,/home/hersco/training_new_domains/2026-08-31/preserve3_terminal_zenotravel_stage2/20755764_Re-Tr_zenotravel_zenotravel_mcts_orig_novh_e.5_c.1_s534933607_K0_P3TERMS2A30_src20523092.txt
preserve3-term-zenotravel-off-534933607-a30-policy-e0085,policy_eval,zenotravel,off,534933607,stage2,ready,hadd-gbfs,"/home/hersco/bershco-nu-asnets/numeric-asnets/asnets/experiment-results/experiments_numeric.domain.zenotravel-experiments_numeric.architecture_2.zenotravel_mcts-2026-08-31T21:29:45.466438/P[domain,pfile1,pfile2,pfile3,pfile4,pfile5,pfile6]-S[0.0003,50,enhsp-hadd-gbfs]-MO[]-T[518400]-04921483-3c74d66/snapshots/snapshot_85_1.0000",20755764,85,preserve3_term_zenotravel_off_learning_curve,COMPLETED,/home/hersco/training_new_domains/2026-08-31/preserve3_terminal_zenotravel_stage2/20755764_Re-Tr_zenotravel_zenotravel_mcts_orig_novh_e.5_c.1_s534933607_K0_P3TERMS2A30_src20523092.txt
preserve3-term-zenotravel-off-534933607-a30-policy-e0090,policy_eval,zenotravel,off,534933607,stage2,ready,hadd-gbfs,"/home/hersco/bershco-nu-asnets/numeric-asnets/asnets/experiment-results/experiments_numeric.domain.zenotravel-experiments_numeric.architecture_2.zenotravel_mcts-2026-08-31T21:29:45.466438/P[domain,pfile1,pfile2,pfile3,pfile4,pfile5,pfile6]-S[0.0003,50,enhsp-hadd-gbfs]-MO[]-T[518400]-04921483-3c74d66/snapshots/snapshot_90_1.0000",20755764,90,preserve3_term_zenotravel_off_learning_curve,COMPLETED,/home/hersco/training_new_domains/2026-08-31/preserve3_terminal_zenotravel_stage2/20755764_Re-Tr_zenotravel_zenotravel_mcts_orig_novh_e.5_c.1_s534933607_K0_P3TERMS2A30_src20523092.txt
preserve3-term-zenotravel-off-534933607-a30-policy-e0095,policy_eval,zenotravel,off,534933607,stage2,ready,hadd-gbfs,"/home/hersco/bershco-nu-asnets/numeric-asnets/asnets/experiment-results/experiments_numeric.domain.zenotravel-experiments_numeric.architecture_2.zenotravel_mcts-2026-08-31T21:29:45.466438/P[domain,pfile1,pfile2,pfile3,pfile4,pfile5,pfile6]-S[0.0003,50,enhsp-hadd-gbfs]-MO[]-T[518400]-04921483-3c74d66/snapshots/snapshot_95_1.0000",20755764,95,preserve3_term_zenotravel_off_learning_curve,COMPLETED,/home/hersco/training_new_domains/2026-08-31/preserve3_terminal_zenotravel_stage2/20755764_Re-Tr_zenotravel_zenotravel_mcts_orig_novh_e.5_c.1_s534933607_K0_P3TERMS2A30_src20523092.txt
preserve3-term-zenotravel-off-534933607-a30-policy-e0099,policy_eval,zenotravel,off,534933607,stage2,ready,hadd-gbfs,"/home/hersco/bershco-nu-asnets/numeric-asnets/asnets/experiment-results/experiments_numeric.domain.zenotravel-experiments_numeric.architecture_2.zenotravel_mcts-2026-08-31T21:29:45.466438/P[domain,pfile1,pfile2,pfile3,pfile4,pfile5,pfile6]-S[0.0003,50,enhsp-hadd-gbfs]-MO[]-T[518400]-04921483-3c74d66/snapshots/snapshot_99_1.0000",20755764,99,preserve3_term_zenotravel_off_learning_curve;preserve3_term_zenotravel_off_final_policy,COMPLETED,/home/hersco/training_new_domains/2026-08-31/preserve3_terminal_zenotravel_stage2/20755764_Re-Tr_zenotravel_zenotravel_mcts_orig_novh_e.5_c.1_s534933607_K0_P3TERMS2A30_src20523092.txt
preserve3-term-zenotravel-off-923500475-a30-policy-e0000,policy_eval,zenotravel,off,923500475,stage2,ready,hadd-gbfs,"/home/hersco/bershco-nu-asnets/numeric-asnets/asnets/experiment-results/experiments_numeric.domain.zenotravel-experiments_numeric.architecture_2.zenotravel_mcts-2026-08-31T21:29:45.466306/P[domain,pfile1,pfile2,pfile3,pfile4,pfile5,pfile6]-S[0.0003,50,enhsp-hadd-gbfs]-MO[]-T[518400]-04921483-5194f74/snapshots/snapshot_0_1.0000",20755765,0,preserve3_term_zenotravel_off_learning_curve,COMPLETED,/home/hersco/training_new_domains/2026-08-31/preserve3_terminal_zenotravel_stage2/20755765_Re-Tr_zenotravel_zenotravel_mcts_orig_novh_e.5_c.1_s923500475_K0_P3TERMS2A30_src20523095.txt
preserve3-term-zenotravel-off-923500475-a30-policy-e0005,policy_eval,zenotravel,off,923500475,stage2,ready,hadd-gbfs,"/home/hersco/bershco-nu-asnets/numeric-asnets/asnets/experiment-results/experiments_numeric.domain.zenotravel-experiments_numeric.architecture_2.zenotravel_mcts-2026-08-31T21:29:45.466306/P[domain,pfile1,pfile2,pfile3,pfile4,pfile5,pfile6]-S[0.0003,50,enhsp-hadd-gbfs]-MO[]-T[518400]-04921483-5194f74/snapshots/snapshot_5_1.0000",20755765,5,preserve3_term_zenotravel_off_learning_curve,COMPLETED,/home/hersco/training_new_domains/2026-08-31/preserve3_terminal_zenotravel_stage2/20755765_Re-Tr_zenotravel_zenotravel_mcts_orig_novh_e.5_c.1_s923500475_K0_P3TERMS2A30_src20523095.txt
preserve3-term-zenotravel-off-923500475-a30-policy-e0010,policy_eval,zenotravel,off,923500475,stage2,ready,hadd-gbfs,"/home/hersco/bershco-nu-asnets/numeric-asnets/asnets/experiment-results/experiments_numeric.domain.zenotravel-experiments_numeric.architecture_2.zenotravel_mcts-2026-08-31T21:29:45.466306/P[domain,pfile1,pfile2,pfile3,pfile4,pfile5,pfile6]-S[0.0003,50,enhsp-hadd-gbfs]-MO[]-T[518400]-04921483-5194f74/snapshots/snapshot_10_1.0000",20755765,10,preserve3_term_zenotravel_off_learning_curve,COMPLETED,/home/hersco/training_new_domains/2026-08-31/preserve3_terminal_zenotravel_stage2/20755765_Re-Tr_zenotravel_zenotravel_mcts_orig_novh_e.5_c.1_s923500475_K0_P3TERMS2A30_src20523095.txt
preserve3-term-zenotravel-off-923500475-a30-policy-e0015,policy_eval,zenotravel,off,923500475,stage2,ready,hadd-gbfs,"/home/hersco/bershco-nu-asnets/numeric-asnets/asnets/experiment-results/experiments_numeric.domain.zenotravel-experiments_numeric.architecture_2.zenotravel_mcts-2026-08-31T21:29:45.466306/P[domain,pfile1,pfile2,pfile3,pfile4,pfile5,pfile6]-S[0.0003,50,enhsp-hadd-gbfs]-MO[]-T[518400]-04921483-5194f74/snapshots/snapshot_15_1.0000",20755765,15,preserve3_term_zenotravel_off_learning_curve,COMPLETED,/home/hersco/training_new_domains/2026-08-31/preserve3_terminal_zenotravel_stage2/20755765_Re-Tr_zenotravel_zenotravel_mcts_orig_novh_e.5_c.1_s923500475_K0_P3TERMS2A30_src20523095.txt
preserve3-term-zenotravel-off-923500475-a30-policy-e0020,policy_eval,zenotravel,off,923500475,stage2,ready,hadd-gbfs,"/home/hersco/bershco-nu-asnets/numeric-asnets/asnets/experiment-results/experiments_numeric.domain.zenotravel-experiments_numeric.architecture_2.zenotravel_mcts-2026-08-31T21:29:45.466306/P[domain,pfile1,pfile2,pfile3,pfile4,pfile5,pfile6]-S[0.0003,50,enhsp-hadd-gbfs]-MO[]-T[518400]-04921483-5194f74/snapshots/snapshot_20_1.0000",20755765,20,preserve3_term_zenotravel_off_learning_curve,COMPLETED,/home/hersco/training_new_domains/2026-08-31/preserve3_terminal_zenotravel_stage2/20755765_Re-Tr_zenotravel_zenotravel_mcts_orig_novh_e.5_c.1_s923500475_K0_P3TERMS2A30_src20523095.txt
preserve3-term-zenotravel-off-923500475-a30-policy-e0025,policy_eval,zenotravel,off,923500475,stage2,ready,hadd-gbfs,"/home/hersco/bershco-nu-asnets/numeric-asnets/asnets/experiment-results/experiments_numeric.domain.zenotravel-experiments_numeric.architecture_2.zenotravel_mcts-2026-08-31T21:29:45.466306/P[domain,pfile1,pfile2,pfile3,pfile4,pfile5,pfile6]-S[0.0003,50,enhsp-hadd-gbfs]-MO[]-T[518400]-04921483-5194f74/snapshots/snapshot_25_1.0000",20755765,25,preserve3_term_zenotravel_off_learning_curve,COMPLETED,/home/hersco/training_new_domains/2026-08-31/preserve3_terminal_zenotravel_stage2/20755765_Re-Tr_zenotravel_zenotravel_mcts_orig_novh_e.5_c.1_s923500475_K0_P3TERMS2A30_src20523095.txt
preserve3-term-zenotravel-off-923500475-a30-policy-e0030,policy_eval,zenotravel,off,923500475,stage2,ready,hadd-gbfs,"/home/hersco/bershco-nu-asnets/numeric-asnets/asnets/experiment-results/experiments_numeric.domain.zenotravel-experiments_numeric.architecture_2.zenotravel_mcts-2026-08-31T21:29:45.466306/P[domain,pfile1,pfile2,pfile3,pfile4,pfile5,pfile6]-S[0.0003,50,enhsp-hadd-gbfs]-MO[]-T[518400]-04921483-5194f74/snapshots/snapshot_30_1.0000",20755765,30,preserve3_term_zenotravel_off_learning_curve,COMPLETED,/home/hersco/training_new_domains/2026-08-31/preserve3_terminal_zenotravel_stage2/20755765_Re-Tr_zenotravel_zenotravel_mcts_orig_novh_e.5_c.1_s923500475_K0_P3TERMS2A30_src20523095.txt
preserve3-term-zenotravel-off-923500475-a30-policy-e0035,policy_eval,zenotravel,off,923500475,stage2,ready,hadd-gbfs,"/home/hersco/bershco-nu-asnets/numeric-asnets/asnets/experiment-results/experiments_numeric.domain.zenotravel-experiments_numeric.architecture_2.zenotravel_mcts-2026-08-31T21:29:45.466306/P[domain,pfile1,pfile2,pfile3,pfile4,pfile5,pfile6]-S[0.0003,50,enhsp-hadd-gbfs]-MO[]-T[518400]-04921483-5194f74/snapshots/snapshot_35_1.0000",20755765,35,preserve3_term_zenotravel_off_learning_curve,COMPLETED,/home/hersco/training_new_domains/2026-08-31/preserve3_terminal_zenotravel_stage2/20755765_Re-Tr_zenotravel_zenotravel_mcts_orig_novh_e.5_c.1_s923500475_K0_P3TERMS2A30_src20523095.txt
preserve3-term-zenotravel-off-923500475-a30-policy-e0040,policy_eval,zenotravel,off,923500475,stage2,ready,hadd-gbfs,"/home/hersco/bershco-nu-asnets/numeric-asnets/asnets/experiment-results/experiments_numeric.domain.zenotravel-experiments_numeric.architecture_2.zenotravel_mcts-2026-08-31T21:29:45.466306/P[domain,pfile1,pfile2,pfile3,pfile4,pfile5,pfile6]-S[0.0003,50,enhsp-hadd-gbfs]-MO[]-T[518400]-04921483-5194f74/snapshots/snapshot_40_1.0000",20755765,40,preserve3_term_zenotravel_off_learning_curve,COMPLETED,/home/hersco/training_new_domains/2026-08-31/preserve3_terminal_zenotravel_stage2/20755765_Re-Tr_zenotravel_zenotravel_mcts_orig_novh_e.5_c.1_s923500475_K0_P3TERMS2A30_src20523095.txt
preserve3-term-zenotravel-off-923500475-a30-policy-e0045,policy_eval,zenotravel,off,923500475,stage2,ready,hadd-gbfs,"/home/hersco/bershco-nu-asnets/numeric-asnets/asnets/experiment-results/experiments_numeric.domain.zenotravel-experiments_numeric.architecture_2.zenotravel_mcts-2026-08-31T21:29:45.466306/P[domain,pfile1,pfile2,pfile3,pfile4,pfile5,pfile6]-S[0.0003,50,enhsp-hadd-gbfs]-MO[]-T[518400]-04921483-5194f74/snapshots/snapshot_45_1.0000",20755765,45,preserve3_term_zenotravel_off_learning_curve,COMPLETED,/home/hersco/training_new_domains/2026-08-31/preserve3_terminal_zenotravel_stage2/20755765_Re-Tr_zenotravel_zenotravel_mcts_orig_novh_e.5_c.1_s923500475_K0_P3TERMS2A30_src20523095.txt
preserve3-term-zenotravel-off-923500475-a30-policy-e0050,policy_eval,zenotravel,off,923500475,stage2,ready,hadd-gbfs,"/home/hersco/bershco-nu-asnets/numeric-asnets/asnets/experiment-results/experiments_numeric.domain.zenotravel-experiments_numeric.architecture_2.zenotravel_mcts-2026-08-31T21:29:45.466306/P[domain,pfile1,pfile2,pfile3,pfile4,pfile5,pfile6]-S[0.0003,50,enhsp-hadd-gbfs]-MO[]-T[518400]-04921483-5194f74/snapshots/snapshot_50_1.0000",20755765,50,preserve3_term_zenotravel_off_learning_curve,COMPLETED,/home/hersco/training_new_domains/2026-08-31/preserve3_terminal_zenotravel_stage2/20755765_Re-Tr_zenotravel_zenotravel_mcts_orig_novh_e.5_c.1_s923500475_K0_P3TERMS2A30_src20523095.txt
preserve3-term-zenotravel-off-923500475-a30-policy-e0055,policy_eval,zenotravel,off,923500475,stage2,ready,hadd-gbfs,"/home/hersco/bershco-nu-asnets/numeric-asnets/asnets/experiment-results/experiments_numeric.domain.zenotravel-experiments_numeric.architecture_2.zenotravel_mcts-2026-08-31T21:29:45.466306/P[domain,pfile1,pfile2,pfile3,pfile4,pfile5,pfile6]-S[0.0003,50,enhsp-hadd-gbfs]-MO[]-T[518400]-04921483-5194f74/snapshots/snapshot_55_1.0000",20755765,55,preserve3_term_zenotravel_off_learning_curve,COMPLETED,/home/hersco/training_new_domains/2026-08-31/preserve3_terminal_zenotravel_stage2/20755765_Re-Tr_zenotravel_zenotravel_mcts_orig_novh_e.5_c.1_s923500475_K0_P3TERMS2A30_src20523095.txt
preserve3-term-zenotravel-off-923500475-a30-policy-e0060,policy_eval,zenotravel,off,923500475,stage2,ready,hadd-gbfs,"/home/hersco/bershco-nu-asnets/numeric-asnets/asnets/experiment-results/experiments_numeric.domain.zenotravel-experiments_numeric.architecture_2.zenotravel_mcts-2026-08-31T21:29:45.466306/P[domain,pfile1,pfile2,pfile3,pfile4,pfile5,pfile6]-S[0.0003,50,enhsp-hadd-gbfs]-MO[]-T[518400]-04921483-5194f74/snapshots/snapshot_60_1.0000",20755765,60,preserve3_term_zenotravel_off_learning_curve,COMPLETED,/home/hersco/training_new_domains/2026-08-31/preserve3_terminal_zenotravel_stage2/20755765_Re-Tr_zenotravel_zenotravel_mcts_orig_novh_e.5_c.1_s923500475_K0_P3TERMS2A30_src20523095.txt
preserve3-term-zenotravel-off-923500475-a30-policy-e0063,policy_eval,zenotravel,off,923500475,stage2,ready,hadd-gbfs,"/home/hersco/bershco-nu-asnets/numeric-asnets/asnets/experiment-results/experiments_numeric.domain.zenotravel-experiments_numeric.architecture_2.zenotravel_mcts-2026-08-31T21:29:45.466306/P[domain,pfile1,pfile2,pfile3,pfile4,pfile5,pfile6]-S[0.0003,50,enhsp-hadd-gbfs]-MO[]-T[518400]-04921483-5194f74/snapshots/snapshot_63_1.0000",20755765,63,preserve3_term_zenotravel_off_learning_curve;preserve3_term_zenotravel_off_validation_selected_policy,COMPLETED,/home/hersco/training_new_domains/2026-08-31/preserve3_terminal_zenotravel_stage2/20755765_Re-Tr_zenotravel_zenotravel_mcts_orig_novh_e.5_c.1_s923500475_K0_P3TERMS2A30_src20523095.txt
preserve3-term-zenotravel-off-923500475-a30-policy-e0065,policy_eval,zenotravel,off,923500475,stage2,ready,hadd-gbfs,"/home/hersco/bershco-nu-asnets/numeric-asnets/asnets/experiment-results/experiments_numeric.domain.zenotravel-experiments_numeric.architecture_2.zenotravel_mcts-2026-08-31T21:29:45.466306/P[domain,pfile1,pfile2,pfile3,pfile4,pfile5,pfile6]-S[0.0003,50,enhsp-hadd-gbfs]-MO[]-T[518400]-04921483-5194f74/snapshots/snapshot_65_1.0000",20755765,65,preserve3_term_zenotravel_off_learning_curve,COMPLETED,/home/hersco/training_new_domains/2026-08-31/preserve3_terminal_zenotravel_stage2/20755765_Re-Tr_zenotravel_zenotravel_mcts_orig_novh_e.5_c.1_s923500475_K0_P3TERMS2A30_src20523095.txt
preserve3-term-zenotravel-off-923500475-a30-policy-e0070,policy_eval,zenotravel,off,923500475,stage2,ready,hadd-gbfs,"/home/hersco/bershco-nu-asnets/numeric-asnets/asnets/experiment-results/experiments_numeric.domain.zenotravel-experiments_numeric.architecture_2.zenotravel_mcts-2026-08-31T21:29:45.466306/P[domain,pfile1,pfile2,pfile3,pfile4,pfile5,pfile6]-S[0.0003,50,enhsp-hadd-gbfs]-MO[]-T[518400]-04921483-5194f74/snapshots/snapshot_70_1.0000",20755765,70,preserve3_term_zenotravel_off_learning_curve,COMPLETED,/home/hersco/training_new_domains/2026-08-31/preserve3_terminal_zenotravel_stage2/20755765_Re-Tr_zenotravel_zenotravel_mcts_orig_novh_e.5_c.1_s923500475_K0_P3TERMS2A30_src20523095.txt
preserve3-term-zenotravel-off-923500475-a30-policy-e0075,policy_eval,zenotravel,off,923500475,stage2,ready,hadd-gbfs,"/home/hersco/bershco-nu-asnets/numeric-asnets/asnets/experiment-results/experiments_numeric.domain.zenotravel-experiments_numeric.architecture_2.zenotravel_mcts-2026-08-31T21:29:45.466306/P[domain,pfile1,pfile2,pfile3,pfile4,pfile5,pfile6]-S[0.0003,50,enhsp-hadd-gbfs]-MO[]-T[518400]-04921483-5194f74/snapshots/snapshot_75_1.0000",20755765,75,preserve3_term_zenotravel_off_learning_curve,COMPLETED,/home/hersco/training_new_domains/2026-08-31/preserve3_terminal_zenotravel_stage2/20755765_Re-Tr_zenotravel_zenotravel_mcts_orig_novh_e.5_c.1_s923500475_K0_P3TERMS2A30_src20523095.txt
preserve3-term-zenotravel-off-923500475-a30-policy-e0080,policy_eval,zenotravel,off,923500475,stage2,ready,hadd-gbfs,"/home/hersco/bershco-nu-asnets/numeric-asnets/asnets/experiment-results/experiments_numeric.domain.zenotravel-experiments_numeric.architecture_2.zenotravel_mcts-2026-08-31T21:29:45.466306/P[domain,pfile1,pfile2,pfile3,pfile4,pfile5,pfile6]-S[0.0003,50,enhsp-hadd-gbfs]-MO[]-T[518400]-04921483-5194f74/snapshots/snapshot_80_1.0000",20755765,80,preserve3_term_zenotravel_off_learning_curve,COMPLETED,/home/hersco/training_new_domains/2026-08-31/preserve3_terminal_zenotravel_stage2/20755765_Re-Tr_zenotravel_zenotravel_mcts_orig_novh_e.5_c.1_s923500475_K0_P3TERMS2A30_src20523095.txt
preserve3-term-zenotravel-off-923500475-a30-policy-e0085,policy_eval,zenotravel,off,923500475,stage2,ready,hadd-gbfs,"/home/hersco/bershco-nu-asnets/numeric-asnets/asnets/experiment-results/experiments_numeric.domain.zenotravel-experiments_numeric.architecture_2.zenotravel_mcts-2026-08-31T21:29:45.466306/P[domain,pfile1,pfile2,pfile3,pfile4,pfile5,pfile6]-S[0.0003,50,enhsp-hadd-gbfs]-MO[]-T[518400]-04921483-5194f74/snapshots/snapshot_85_1.0000",20755765,85,preserve3_term_zenotravel_off_learning_curve,COMPLETED,/home/hersco/training_new_domains/2026-08-31/preserve3_terminal_zenotravel_stage2/20755765_Re-Tr_zenotravel_zenotravel_mcts_orig_novh_e.5_c.1_s923500475_K0_P3TERMS2A30_src20523095.txt
preserve3-term-zenotravel-off-923500475-a30-policy-e0090,policy_eval,zenotravel,off,923500475,stage2,ready,hadd-gbfs,"/home/hersco/bershco-nu-asnets/numeric-asnets/asnets/experiment-results/experiments_numeric.domain.zenotravel-experiments_numeric.architecture_2.zenotravel_mcts-2026-08-31T21:29:45.466306/P[domain,pfile1,pfile2,pfile3,pfile4,pfile5,pfile6]-S[0.0003,50,enhsp-hadd-gbfs]-MO[]-T[518400]-04921483-5194f74/snapshots/snapshot_90_1.0000",20755765,90,preserve3_term_zenotravel_off_learning_curve,COMPLETED,/home/hersco/training_new_domains/2026-08-31/preserve3_terminal_zenotravel_stage2/20755765_Re-Tr_zenotravel_zenotravel_mcts_orig_novh_e.5_c.1_s923500475_K0_P3TERMS2A30_src20523095.txt
preserve3-term-zenotravel-off-923500475-a30-policy-e0095,policy_eval,zenotravel,off,923500475,stage2,ready,hadd-gbfs,"/home/hersco/bershco-nu-asnets/numeric-asnets/asnets/experiment-results/experiments_numeric.domain.zenotravel-experiments_numeric.architecture_2.zenotravel_mcts-2026-08-31T21:29:45.466306/P[domain,pfile1,pfile2,pfile3,pfile4,pfile5,pfile6]-S[0.0003,50,enhsp-hadd-gbfs]-MO[]-T[518400]-04921483-5194f74/snapshots/snapshot_95_1.0000",20755765,95,preserve3_term_zenotravel_off_learning_curve,COMPLETED,/home/hersco/training_new_domains/2026-08-31/preserve3_terminal_zenotravel_stage2/20755765_Re-Tr_zenotravel_zenotravel_mcts_orig_novh_e.5_c.1_s923500475_K0_P3TERMS2A30_src20523095.txt
preserve3-term-zenotravel-off-923500475-a30-policy-e0099,policy_eval,zenotravel,off,923500475,stage2,ready,hadd-gbfs,"/home/hersco/bershco-nu-asnets/numeric-asnets/asnets/experiment-results/experiments_numeric.domain.zenotravel-experiments_numeric.architecture_2.zenotravel_mcts-2026-08-31T21:29:45.466306/P[domain,pfile1,pfile2,pfile3,pfile4,pfile5,pfile6]-S[0.0003,50,enhsp-hadd-gbfs]-MO[]-T[518400]-04921483-5194f74/snapshots/snapshot_99_1.0000",20755765,99,preserve3_term_zenotravel_off_learning_curve;preserve3_term_zenotravel_off_final_policy,COMPLETED,/home/hersco/training_new_domains/2026-08-31/preserve3_terminal_zenotravel_stage2/20755765_Re-Tr_zenotravel_zenotravel_mcts_orig_novh_e.5_c.1_s923500475_K0_P3TERMS2A30_src20523095.txt
preserve3-term-zenotravel-off-1073581256-a30-policy-e0000,policy_eval,zenotravel,off,1073581256,stage2,ready,hadd-gbfs,"/home/hersco/bershco-nu-asnets/numeric-asnets/asnets/experiment-results/experiments_numeric.domain.zenotravel-experiments_numeric.architecture_2.zenotravel_mcts-2026-08-31T21:34:33.003251/P[domain,pfile1,pfile2,pfile3,pfile4,pfile5,pfile6]-S[0.0003,50,enhsp-hadd-gbfs]-MO[]-T[518400]-04921488-1247c09/snapshots/snapshot_0_1.0000",20755766,0,preserve3_term_zenotravel_off_learning_curve;preserve3_term_zenotravel_off_validation_selected_policy,COMPLETED,/home/hersco/training_new_domains/2026-08-31/preserve3_terminal_zenotravel_stage2/20755766_Re-Tr_zenotravel_zenotravel_mcts_orig_novh_e.5_c.1_s1073581256_K0_P3TERMS2A30_src20523089.txt
preserve3-term-zenotravel-off-1073581256-a30-policy-e0005,policy_eval,zenotravel,off,1073581256,stage2,ready,hadd-gbfs,"/home/hersco/bershco-nu-asnets/numeric-asnets/asnets/experiment-results/experiments_numeric.domain.zenotravel-experiments_numeric.architecture_2.zenotravel_mcts-2026-08-31T21:34:33.003251/P[domain,pfile1,pfile2,pfile3,pfile4,pfile5,pfile6]-S[0.0003,50,enhsp-hadd-gbfs]-MO[]-T[518400]-04921488-1247c09/snapshots/snapshot_5_1.0000",20755766,5,preserve3_term_zenotravel_off_learning_curve,COMPLETED,/home/hersco/training_new_domains/2026-08-31/preserve3_terminal_zenotravel_stage2/20755766_Re-Tr_zenotravel_zenotravel_mcts_orig_novh_e.5_c.1_s1073581256_K0_P3TERMS2A30_src20523089.txt
preserve3-term-zenotravel-off-1073581256-a30-policy-e0010,policy_eval,zenotravel,off,1073581256,stage2,ready,hadd-gbfs,"/home/hersco/bershco-nu-asnets/numeric-asnets/asnets/experiment-results/experiments_numeric.domain.zenotravel-experiments_numeric.architecture_2.zenotravel_mcts-2026-08-31T21:34:33.003251/P[domain,pfile1,pfile2,pfile3,pfile4,pfile5,pfile6]-S[0.0003,50,enhsp-hadd-gbfs]-MO[]-T[518400]-04921488-1247c09/snapshots/snapshot_10_1.0000",20755766,10,preserve3_term_zenotravel_off_learning_curve,COMPLETED,/home/hersco/training_new_domains/2026-08-31/preserve3_terminal_zenotravel_stage2/20755766_Re-Tr_zenotravel_zenotravel_mcts_orig_novh_e.5_c.1_s1073581256_K0_P3TERMS2A30_src20523089.txt
preserve3-term-zenotravel-off-1073581256-a30-policy-e0015,policy_eval,zenotravel,off,1073581256,stage2,ready,hadd-gbfs,"/home/hersco/bershco-nu-asnets/numeric-asnets/asnets/experiment-results/experiments_numeric.domain.zenotravel-experiments_numeric.architecture_2.zenotravel_mcts-2026-08-31T21:34:33.003251/P[domain,pfile1,pfile2,pfile3,pfile4,pfile5,pfile6]-S[0.0003,50,enhsp-hadd-gbfs]-MO[]-T[518400]-04921488-1247c09/snapshots/snapshot_15_1.0000",20755766,15,preserve3_term_zenotravel_off_learning_curve,COMPLETED,/home/hersco/training_new_domains/2026-08-31/preserve3_terminal_zenotravel_stage2/20755766_Re-Tr_zenotravel_zenotravel_mcts_orig_novh_e.5_c.1_s1073581256_K0_P3TERMS2A30_src20523089.txt
preserve3-term-zenotravel-off-1073581256-a30-policy-e0020,policy_eval,zenotravel,off,1073581256,stage2,ready,hadd-gbfs,"/home/hersco/bershco-nu-asnets/numeric-asnets/asnets/experiment-results/experiments_numeric.domain.zenotravel-experiments_numeric.architecture_2.zenotravel_mcts-2026-08-31T21:34:33.003251/P[domain,pfile1,pfile2,pfile3,pfile4,pfile5,pfile6]-S[0.0003,50,enhsp-hadd-gbfs]-MO[]-T[518400]-04921488-1247c09/snapshots/snapshot_20_1.0000",20755766,20,preserve3_term_zenotravel_off_learning_curve,COMPLETED,/home/hersco/training_new_domains/2026-08-31/preserve3_terminal_zenotravel_stage2/20755766_Re-Tr_zenotravel_zenotravel_mcts_orig_novh_e.5_c.1_s1073581256_K0_P3TERMS2A30_src20523089.txt
preserve3-term-zenotravel-off-1073581256-a30-policy-e0025,policy_eval,zenotravel,off,1073581256,stage2,ready,hadd-gbfs,"/home/hersco/bershco-nu-asnets/numeric-asnets/asnets/experiment-results/experiments_numeric.domain.zenotravel-experiments_numeric.architecture_2.zenotravel_mcts-2026-08-31T21:34:33.003251/P[domain,pfile1,pfile2,pfile3,pfile4,pfile5,pfile6]-S[0.0003,50,enhsp-hadd-gbfs]-MO[]-T[518400]-04921488-1247c09/snapshots/snapshot_25_1.0000",20755766,25,preserve3_term_zenotravel_off_learning_curve,COMPLETED,/home/hersco/training_new_domains/2026-08-31/preserve3_terminal_zenotravel_stage2/20755766_Re-Tr_zenotravel_zenotravel_mcts_orig_novh_e.5_c.1_s1073581256_K0_P3TERMS2A30_src20523089.txt
preserve3-term-zenotravel-off-1073581256-a30-policy-e0030,policy_eval,zenotravel,off,1073581256,stage2,ready,hadd-gbfs,"/home/hersco/bershco-nu-asnets/numeric-asnets/asnets/experiment-results/experiments_numeric.domain.zenotravel-experiments_numeric.architecture_2.zenotravel_mcts-2026-08-31T21:34:33.003251/P[domain,pfile1,pfile2,pfile3,pfile4,pfile5,pfile6]-S[0.0003,50,enhsp-hadd-gbfs]-MO[]-T[518400]-04921488-1247c09/snapshots/snapshot_30_1.0000",20755766,30,preserve3_term_zenotravel_off_learning_curve,COMPLETED,/home/hersco/training_new_domains/2026-08-31/preserve3_terminal_zenotravel_stage2/20755766_Re-Tr_zenotravel_zenotravel_mcts_orig_novh_e.5_c.1_s1073581256_K0_P3TERMS2A30_src20523089.txt
preserve3-term-zenotravel-off-1073581256-a30-policy-e0035,policy_eval,zenotravel,off,1073581256,stage2,ready,hadd-gbfs,"/home/hersco/bershco-nu-asnets/numeric-asnets/asnets/experiment-results/experiments_numeric.domain.zenotravel-experiments_numeric.architecture_2.zenotravel_mcts-2026-08-31T21:34:33.003251/P[domain,pfile1,pfile2,pfile3,pfile4,pfile5,pfile6]-S[0.0003,50,enhsp-hadd-gbfs]-MO[]-T[518400]-04921488-1247c09/snapshots/snapshot_35_1.0000",20755766,35,preserve3_term_zenotravel_off_learning_curve,COMPLETED,/home/hersco/training_new_domains/2026-08-31/preserve3_terminal_zenotravel_stage2/20755766_Re-Tr_zenotravel_zenotravel_mcts_orig_novh_e.5_c.1_s1073581256_K0_P3TERMS2A30_src20523089.txt
preserve3-term-zenotravel-off-1073581256-a30-policy-e0040,policy_eval,zenotravel,off,1073581256,stage2,ready,hadd-gbfs,"/home/hersco/bershco-nu-asnets/numeric-asnets/asnets/experiment-results/experiments_numeric.domain.zenotravel-experiments_numeric.architecture_2.zenotravel_mcts-2026-08-31T21:34:33.003251/P[domain,pfile1,pfile2,pfile3,pfile4,pfile5,pfile6]-S[0.0003,50,enhsp-hadd-gbfs]-MO[]-T[518400]-04921488-1247c09/snapshots/snapshot_40_1.0000",20755766,40,preserve3_term_zenotravel_off_learning_curve,COMPLETED,/home/hersco/training_new_domains/2026-08-31/preserve3_terminal_zenotravel_stage2/20755766_Re-Tr_zenotravel_zenotravel_mcts_orig_novh_e.5_c.1_s1073581256_K0_P3TERMS2A30_src20523089.txt
preserve3-term-zenotravel-off-1073581256-a30-policy-e0045,policy_eval,zenotravel,off,1073581256,stage2,ready,hadd-gbfs,"/home/hersco/bershco-nu-asnets/numeric-asnets/asnets/experiment-results/experiments_numeric.domain.zenotravel-experiments_numeric.architecture_2.zenotravel_mcts-2026-08-31T21:34:33.003251/P[domain,pfile1,pfile2,pfile3,pfile4,pfile5,pfile6]-S[0.0003,50,enhsp-hadd-gbfs]-MO[]-T[518400]-04921488-1247c09/snapshots/snapshot_45_1.0000",20755766,45,preserve3_term_zenotravel_off_learning_curve,COMPLETED,/home/hersco/training_new_domains/2026-08-31/preserve3_terminal_zenotravel_stage2/20755766_Re-Tr_zenotravel_zenotravel_mcts_orig_novh_e.5_c.1_s1073581256_K0_P3TERMS2A30_src20523089.txt
preserve3-term-zenotravel-off-1073581256-a30-policy-e0050,policy_eval,zenotravel,off,1073581256,stage2,ready,hadd-gbfs,"/home/hersco/bershco-nu-asnets/numeric-asnets/asnets/experiment-results/experiments_numeric.domain.zenotravel-experiments_numeric.architecture_2.zenotravel_mcts-2026-08-31T21:34:33.003251/P[domain,pfile1,pfile2,pfile3,pfile4,pfile5,pfile6]-S[0.0003,50,enhsp-hadd-gbfs]-MO[]-T[518400]-04921488-1247c09/snapshots/snapshot_50_1.0000",20755766,50,preserve3_term_zenotravel_off_learning_curve,COMPLETED,/home/hersco/training_new_domains/2026-08-31/preserve3_terminal_zenotravel_stage2/20755766_Re-Tr_zenotravel_zenotravel_mcts_orig_novh_e.5_c.1_s1073581256_K0_P3TERMS2A30_src20523089.txt
preserve3-term-zenotravel-off-1073581256-a30-policy-e0055,policy_eval,zenotravel,off,1073581256,stage2,ready,hadd-gbfs,"/home/hersco/bershco-nu-asnets/numeric-asnets/asnets/experiment-results/experiments_numeric.domain.zenotravel-experiments_numeric.architecture_2.zenotravel_mcts-2026-08-31T21:34:33.003251/P[domain,pfile1,pfile2,pfile3,pfile4,pfile5,pfile6]-S[0.0003,50,enhsp-hadd-gbfs]-MO[]-T[518400]-04921488-1247c09/snapshots/snapshot_55_1.0000",20755766,55,preserve3_term_zenotravel_off_learning_curve,COMPLETED,/home/hersco/training_new_domains/2026-08-31/preserve3_terminal_zenotravel_stage2/20755766_Re-Tr_zenotravel_zenotravel_mcts_orig_novh_e.5_c.1_s1073581256_K0_P3TERMS2A30_src20523089.txt
preserve3-term-zenotravel-off-1073581256-a30-policy-e0060,policy_eval,zenotravel,off,1073581256,stage2,ready,hadd-gbfs,"/home/hersco/bershco-nu-asnets/numeric-asnets/asnets/experiment-results/experiments_numeric.domain.zenotravel-experiments_numeric.architecture_2.zenotravel_mcts-2026-08-31T21:34:33.003251/P[domain,pfile1,pfile2,pfile3,pfile4,pfile5,pfile6]-S[0.0003,50,enhsp-hadd-gbfs]-MO[]-T[518400]-04921488-1247c09/snapshots/snapshot_60_1.0000",20755766,60,preserve3_term_zenotravel_off_learning_curve,COMPLETED,/home/hersco/training_new_domains/2026-08-31/preserve3_terminal_zenotravel_stage2/20755766_Re-Tr_zenotravel_zenotravel_mcts_orig_novh_e.5_c.1_s1073581256_K0_P3TERMS2A30_src20523089.txt
preserve3-term-zenotravel-off-1073581256-a30-policy-e0065,policy_eval,zenotravel,off,1073581256,stage2,ready,hadd-gbfs,"/home/hersco/bershco-nu-asnets/numeric-asnets/asnets/experiment-results/experiments_numeric.domain.zenotravel-experiments_numeric.architecture_2.zenotravel_mcts-2026-08-31T21:34:33.003251/P[domain,pfile1,pfile2,pfile3,pfile4,pfile5,pfile6]-S[0.0003,50,enhsp-hadd-gbfs]-MO[]-T[518400]-04921488-1247c09/snapshots/snapshot_65_1.0000",20755766,65,preserve3_term_zenotravel_off_learning_curve,COMPLETED,/home/hersco/training_new_domains/2026-08-31/preserve3_terminal_zenotravel_stage2/20755766_Re-Tr_zenotravel_zenotravel_mcts_orig_novh_e.5_c.1_s1073581256_K0_P3TERMS2A30_src20523089.txt
preserve3-term-zenotravel-off-1073581256-a30-policy-e0070,policy_eval,zenotravel,off,1073581256,stage2,ready,hadd-gbfs,"/home/hersco/bershco-nu-asnets/numeric-asnets/asnets/experiment-results/experiments_numeric.domain.zenotravel-experiments_numeric.architecture_2.zenotravel_mcts-2026-08-31T21:34:33.003251/P[domain,pfile1,pfile2,pfile3,pfile4,pfile5,pfile6]-S[0.0003,50,enhsp-hadd-gbfs]-MO[]-T[518400]-04921488-1247c09/snapshots/snapshot_70_1.0000",20755766,70,preserve3_term_zenotravel_off_learning_curve,COMPLETED,/home/hersco/training_new_domains/2026-08-31/preserve3_terminal_zenotravel_stage2/20755766_Re-Tr_zenotravel_zenotravel_mcts_orig_novh_e.5_c.1_s1073581256_K0_P3TERMS2A30_src20523089.txt
preserve3-term-zenotravel-off-1073581256-a30-policy-e0075,policy_eval,zenotravel,off,1073581256,stage2,ready,hadd-gbfs,"/home/hersco/bershco-nu-asnets/numeric-asnets/asnets/experiment-results/experiments_numeric.domain.zenotravel-experiments_numeric.architecture_2.zenotravel_mcts-2026-08-31T21:34:33.003251/P[domain,pfile1,pfile2,pfile3,pfile4,pfile5,pfile6]-S[0.0003,50,enhsp-hadd-gbfs]-MO[]-T[518400]-04921488-1247c09/snapshots/snapshot_75_1.0000",20755766,75,preserve3_term_zenotravel_off_learning_curve,COMPLETED,/home/hersco/training_new_domains/2026-08-31/preserve3_terminal_zenotravel_stage2/20755766_Re-Tr_zenotravel_zenotravel_mcts_orig_novh_e.5_c.1_s1073581256_K0_P3TERMS2A30_src20523089.txt
preserve3-term-zenotravel-off-1073581256-a30-policy-e0080,policy_eval,zenotravel,off,1073581256,stage2,ready,hadd-gbfs,"/home/hersco/bershco-nu-asnets/numeric-asnets/asnets/experiment-results/experiments_numeric.domain.zenotravel-experiments_numeric.architecture_2.zenotravel_mcts-2026-08-31T21:34:33.003251/P[domain,pfile1,pfile2,pfile3,pfile4,pfile5,pfile6]-S[0.0003,50,enhsp-hadd-gbfs]-MO[]-T[518400]-04921488-1247c09/snapshots/snapshot_80_1.0000",20755766,80,preserve3_term_zenotravel_off_learning_curve,COMPLETED,/home/hersco/training_new_domains/2026-08-31/preserve3_terminal_zenotravel_stage2/20755766_Re-Tr_zenotravel_zenotravel_mcts_orig_novh_e.5_c.1_s1073581256_K0_P3TERMS2A30_src20523089.txt
preserve3-term-zenotravel-off-1073581256-a30-policy-e0085,policy_eval,zenotravel,off,1073581256,stage2,ready,hadd-gbfs,"/home/hersco/bershco-nu-asnets/numeric-asnets/asnets/experiment-results/experiments_numeric.domain.zenotravel-experiments_numeric.architecture_2.zenotravel_mcts-2026-08-31T21:34:33.003251/P[domain,pfile1,pfile2,pfile3,pfile4,pfile5,pfile6]-S[0.0003,50,enhsp-hadd-gbfs]-MO[]-T[518400]-04921488-1247c09/snapshots/snapshot_85_1.0000",20755766,85,preserve3_term_zenotravel_off_learning_curve,COMPLETED,/home/hersco/training_new_domains/2026-08-31/preserve3_terminal_zenotravel_stage2/20755766_Re-Tr_zenotravel_zenotravel_mcts_orig_novh_e.5_c.1_s1073581256_K0_P3TERMS2A30_src20523089.txt
preserve3-term-zenotravel-off-1073581256-a30-policy-e0090,policy_eval,zenotravel,off,1073581256,stage2,ready,hadd-gbfs,"/home/hersco/bershco-nu-asnets/numeric-asnets/asnets/experiment-results/experiments_numeric.domain.zenotravel-experiments_numeric.architecture_2.zenotravel_mcts-2026-08-31T21:34:33.003251/P[domain,pfile1,pfile2,pfile3,pfile4,pfile5,pfile6]-S[0.0003,50,enhsp-hadd-gbfs]-MO[]-T[518400]-04921488-1247c09/snapshots/snapshot_90_1.0000",20755766,90,preserve3_term_zenotravel_off_learning_curve,COMPLETED,/home/hersco/training_new_domains/2026-08-31/preserve3_terminal_zenotravel_stage2/20755766_Re-Tr_zenotravel_zenotravel_mcts_orig_novh_e.5_c.1_s1073581256_K0_P3TERMS2A30_src20523089.txt
preserve3-term-zenotravel-off-1073581256-a30-policy-e0095,policy_eval,zenotravel,off,1073581256,stage2,ready,hadd-gbfs,"/home/hersco/bershco-nu-asnets/numeric-asnets/asnets/experiment-results/experiments_numeric.domain.zenotravel-experiments_numeric.architecture_2.zenotravel_mcts-2026-08-31T21:34:33.003251/P[domain,pfile1,pfile2,pfile3,pfile4,pfile5,pfile6]-S[0.0003,50,enhsp-hadd-gbfs]-MO[]-T[518400]-04921488-1247c09/snapshots/snapshot_95_1.0000",20755766,95,preserve3_term_zenotravel_off_learning_curve,COMPLETED,/home/hersco/training_new_domains/2026-08-31/preserve3_terminal_zenotravel_stage2/20755766_Re-Tr_zenotravel_zenotravel_mcts_orig_novh_e.5_c.1_s1073581256_K0_P3TERMS2A30_src20523089.txt
preserve3-term-zenotravel-off-1073581256-a30-policy-e0099,policy_eval,zenotravel,off,1073581256,stage2,ready,hadd-gbfs,"/home/hersco/bershco-nu-asnets/numeric-asnets/asnets/experiment-results/experiments_numeric.domain.zenotravel-experiments_numeric.architecture_2.zenotravel_mcts-2026-08-31T21:34:33.003251/P[domain,pfile1,pfile2,pfile3,pfile4,pfile5,pfile6]-S[0.0003,50,enhsp-hadd-gbfs]-MO[]-T[518400]-04921488-1247c09/snapshots/snapshot_99_1.0000",20755766,99,preserve3_term_zenotravel_off_learning_curve;preserve3_term_zenotravel_off_final_policy,COMPLETED,/home/hersco/training_new_domains/2026-08-31/preserve3_terminal_zenotravel_stage2/20755766_Re-Tr_zenotravel_zenotravel_mcts_orig_novh_e.5_c.1_s1073581256_K0_P3TERMS2A30_src20523089.txt
preserve3-term-zenotravel-off-1239739722-a30-policy-e0000,policy_eval,zenotravel,off,1239739722,stage2,ready,hadd-gbfs,"/home/hersco/bershco-nu-asnets/numeric-asnets/asnets/experiment-results/experiments_numeric.domain.zenotravel-experiments_numeric.architecture_2.zenotravel_mcts-2026-08-31T21:35:36.626343/P[domain,pfile1,pfile2,pfile3,pfile4,pfile5,pfile6]-S[0.0003,50,enhsp-hadd-gbfs]-MO[]-T[518400]-04921489-7d9a779/snapshots/snapshot_0_1.0000",20755768,0,preserve3_term_zenotravel_off_learning_curve;preserve3_term_zenotravel_off_validation_selected_policy,COMPLETED,/home/hersco/training_new_domains/2026-08-31/preserve3_terminal_zenotravel_stage2/20755768_Re-Tr_zenotravel_zenotravel_mcts_orig_novh_e.5_c.1_s1239739722_K0_P3TERMS2A30_src20523090.txt
preserve3-term-zenotravel-off-1239739722-a30-policy-e0005,policy_eval,zenotravel,off,1239739722,stage2,ready,hadd-gbfs,"/home/hersco/bershco-nu-asnets/numeric-asnets/asnets/experiment-results/experiments_numeric.domain.zenotravel-experiments_numeric.architecture_2.zenotravel_mcts-2026-08-31T21:35:36.626343/P[domain,pfile1,pfile2,pfile3,pfile4,pfile5,pfile6]-S[0.0003,50,enhsp-hadd-gbfs]-MO[]-T[518400]-04921489-7d9a779/snapshots/snapshot_5_1.0000",20755768,5,preserve3_term_zenotravel_off_learning_curve,COMPLETED,/home/hersco/training_new_domains/2026-08-31/preserve3_terminal_zenotravel_stage2/20755768_Re-Tr_zenotravel_zenotravel_mcts_orig_novh_e.5_c.1_s1239739722_K0_P3TERMS2A30_src20523090.txt
preserve3-term-zenotravel-off-1239739722-a30-policy-e0010,policy_eval,zenotravel,off,1239739722,stage2,ready,hadd-gbfs,"/home/hersco/bershco-nu-asnets/numeric-asnets/asnets/experiment-results/experiments_numeric.domain.zenotravel-experiments_numeric.architecture_2.zenotravel_mcts-2026-08-31T21:35:36.626343/P[domain,pfile1,pfile2,pfile3,pfile4,pfile5,pfile6]-S[0.0003,50,enhsp-hadd-gbfs]-MO[]-T[518400]-04921489-7d9a779/snapshots/snapshot_10_1.0000",20755768,10,preserve3_term_zenotravel_off_learning_curve,COMPLETED,/home/hersco/training_new_domains/2026-08-31/preserve3_terminal_zenotravel_stage2/20755768_Re-Tr_zenotravel_zenotravel_mcts_orig_novh_e.5_c.1_s1239739722_K0_P3TERMS2A30_src20523090.txt
preserve3-term-zenotravel-off-1239739722-a30-policy-e0015,policy_eval,zenotravel,off,1239739722,stage2,ready,hadd-gbfs,"/home/hersco/bershco-nu-asnets/numeric-asnets/asnets/experiment-results/experiments_numeric.domain.zenotravel-experiments_numeric.architecture_2.zenotravel_mcts-2026-08-31T21:35:36.626343/P[domain,pfile1,pfile2,pfile3,pfile4,pfile5,pfile6]-S[0.0003,50,enhsp-hadd-gbfs]-MO[]-T[518400]-04921489-7d9a779/snapshots/snapshot_15_1.0000",20755768,15,preserve3_term_zenotravel_off_learning_curve,COMPLETED,/home/hersco/training_new_domains/2026-08-31/preserve3_terminal_zenotravel_stage2/20755768_Re-Tr_zenotravel_zenotravel_mcts_orig_novh_e.5_c.1_s1239739722_K0_P3TERMS2A30_src20523090.txt
preserve3-term-zenotravel-off-1239739722-a30-policy-e0020,policy_eval,zenotravel,off,1239739722,stage2,ready,hadd-gbfs,"/home/hersco/bershco-nu-asnets/numeric-asnets/asnets/experiment-results/experiments_numeric.domain.zenotravel-experiments_numeric.architecture_2.zenotravel_mcts-2026-08-31T21:35:36.626343/P[domain,pfile1,pfile2,pfile3,pfile4,pfile5,pfile6]-S[0.0003,50,enhsp-hadd-gbfs]-MO[]-T[518400]-04921489-7d9a779/snapshots/snapshot_20_1.0000",20755768,20,preserve3_term_zenotravel_off_learning_curve,COMPLETED,/home/hersco/training_new_domains/2026-08-31/preserve3_terminal_zenotravel_stage2/20755768_Re-Tr_zenotravel_zenotravel_mcts_orig_novh_e.5_c.1_s1239739722_K0_P3TERMS2A30_src20523090.txt
preserve3-term-zenotravel-off-1239739722-a30-policy-e0025,policy_eval,zenotravel,off,1239739722,stage2,ready,hadd-gbfs,"/home/hersco/bershco-nu-asnets/numeric-asnets/asnets/experiment-results/experiments_numeric.domain.zenotravel-experiments_numeric.architecture_2.zenotravel_mcts-2026-08-31T21:35:36.626343/P[domain,pfile1,pfile2,pfile3,pfile4,pfile5,pfile6]-S[0.0003,50,enhsp-hadd-gbfs]-MO[]-T[518400]-04921489-7d9a779/snapshots/snapshot_25_1.0000",20755768,25,preserve3_term_zenotravel_off_learning_curve,COMPLETED,/home/hersco/training_new_domains/2026-08-31/preserve3_terminal_zenotravel_stage2/20755768_Re-Tr_zenotravel_zenotravel_mcts_orig_novh_e.5_c.1_s1239739722_K0_P3TERMS2A30_src20523090.txt
preserve3-term-zenotravel-off-1239739722-a30-policy-e0030,policy_eval,zenotravel,off,1239739722,stage2,ready,hadd-gbfs,"/home/hersco/bershco-nu-asnets/numeric-asnets/asnets/experiment-results/experiments_numeric.domain.zenotravel-experiments_numeric.architecture_2.zenotravel_mcts-2026-08-31T21:35:36.626343/P[domain,pfile1,pfile2,pfile3,pfile4,pfile5,pfile6]-S[0.0003,50,enhsp-hadd-gbfs]-MO[]-T[518400]-04921489-7d9a779/snapshots/snapshot_30_1.0000",20755768,30,preserve3_term_zenotravel_off_learning_curve,COMPLETED,/home/hersco/training_new_domains/2026-08-31/preserve3_terminal_zenotravel_stage2/20755768_Re-Tr_zenotravel_zenotravel_mcts_orig_novh_e.5_c.1_s1239739722_K0_P3TERMS2A30_src20523090.txt
preserve3-term-zenotravel-off-1239739722-a30-policy-e0035,policy_eval,zenotravel,off,1239739722,stage2,ready,hadd-gbfs,"/home/hersco/bershco-nu-asnets/numeric-asnets/asnets/experiment-results/experiments_numeric.domain.zenotravel-experiments_numeric.architecture_2.zenotravel_mcts-2026-08-31T21:35:36.626343/P[domain,pfile1,pfile2,pfile3,pfile4,pfile5,pfile6]-S[0.0003,50,enhsp-hadd-gbfs]-MO[]-T[518400]-04921489-7d9a779/snapshots/snapshot_35_1.0000",20755768,35,preserve3_term_zenotravel_off_learning_curve,COMPLETED,/home/hersco/training_new_domains/2026-08-31/preserve3_terminal_zenotravel_stage2/20755768_Re-Tr_zenotravel_zenotravel_mcts_orig_novh_e.5_c.1_s1239739722_K0_P3TERMS2A30_src20523090.txt
preserve3-term-zenotravel-off-1239739722-a30-policy-e0040,policy_eval,zenotravel,off,1239739722,stage2,ready,hadd-gbfs,"/home/hersco/bershco-nu-asnets/numeric-asnets/asnets/experiment-results/experiments_numeric.domain.zenotravel-experiments_numeric.architecture_2.zenotravel_mcts-2026-08-31T21:35:36.626343/P[domain,pfile1,pfile2,pfile3,pfile4,pfile5,pfile6]-S[0.0003,50,enhsp-hadd-gbfs]-MO[]-T[518400]-04921489-7d9a779/snapshots/snapshot_40_1.0000",20755768,40,preserve3_term_zenotravel_off_learning_curve,COMPLETED,/home/hersco/training_new_domains/2026-08-31/preserve3_terminal_zenotravel_stage2/20755768_Re-Tr_zenotravel_zenotravel_mcts_orig_novh_e.5_c.1_s1239739722_K0_P3TERMS2A30_src20523090.txt
preserve3-term-zenotravel-off-1239739722-a30-policy-e0045,policy_eval,zenotravel,off,1239739722,stage2,ready,hadd-gbfs,"/home/hersco/bershco-nu-asnets/numeric-asnets/asnets/experiment-results/experiments_numeric.domain.zenotravel-experiments_numeric.architecture_2.zenotravel_mcts-2026-08-31T21:35:36.626343/P[domain,pfile1,pfile2,pfile3,pfile4,pfile5,pfile6]-S[0.0003,50,enhsp-hadd-gbfs]-MO[]-T[518400]-04921489-7d9a779/snapshots/snapshot_45_1.0000",20755768,45,preserve3_term_zenotravel_off_learning_curve,COMPLETED,/home/hersco/training_new_domains/2026-08-31/preserve3_terminal_zenotravel_stage2/20755768_Re-Tr_zenotravel_zenotravel_mcts_orig_novh_e.5_c.1_s1239739722_K0_P3TERMS2A30_src20523090.txt
preserve3-term-zenotravel-off-1239739722-a30-policy-e0050,policy_eval,zenotravel,off,1239739722,stage2,ready,hadd-gbfs,"/home/hersco/bershco-nu-asnets/numeric-asnets/asnets/experiment-results/experiments_numeric.domain.zenotravel-experiments_numeric.architecture_2.zenotravel_mcts-2026-08-31T21:35:36.626343/P[domain,pfile1,pfile2,pfile3,pfile4,pfile5,pfile6]-S[0.0003,50,enhsp-hadd-gbfs]-MO[]-T[518400]-04921489-7d9a779/snapshots/snapshot_50_1.0000",20755768,50,preserve3_term_zenotravel_off_learning_curve,COMPLETED,/home/hersco/training_new_domains/2026-08-31/preserve3_terminal_zenotravel_stage2/20755768_Re-Tr_zenotravel_zenotravel_mcts_orig_novh_e.5_c.1_s1239739722_K0_P3TERMS2A30_src20523090.txt
preserve3-term-zenotravel-off-1239739722-a30-policy-e0055,policy_eval,zenotravel,off,1239739722,stage2,ready,hadd-gbfs,"/home/hersco/bershco-nu-asnets/numeric-asnets/asnets/experiment-results/experiments_numeric.domain.zenotravel-experiments_numeric.architecture_2.zenotravel_mcts-2026-08-31T21:35:36.626343/P[domain,pfile1,pfile2,pfile3,pfile4,pfile5,pfile6]-S[0.0003,50,enhsp-hadd-gbfs]-MO[]-T[518400]-04921489-7d9a779/snapshots/snapshot_55_1.0000",20755768,55,preserve3_term_zenotravel_off_learning_curve,COMPLETED,/home/hersco/training_new_domains/2026-08-31/preserve3_terminal_zenotravel_stage2/20755768_Re-Tr_zenotravel_zenotravel_mcts_orig_novh_e.5_c.1_s1239739722_K0_P3TERMS2A30_src20523090.txt
preserve3-term-zenotravel-off-1239739722-a30-policy-e0060,policy_eval,zenotravel,off,1239739722,stage2,ready,hadd-gbfs,"/home/hersco/bershco-nu-asnets/numeric-asnets/asnets/experiment-results/experiments_numeric.domain.zenotravel-experiments_numeric.architecture_2.zenotravel_mcts-2026-08-31T21:35:36.626343/P[domain,pfile1,pfile2,pfile3,pfile4,pfile5,pfile6]-S[0.0003,50,enhsp-hadd-gbfs]-MO[]-T[518400]-04921489-7d9a779/snapshots/snapshot_60_1.0000",20755768,60,preserve3_term_zenotravel_off_learning_curve,COMPLETED,/home/hersco/training_new_domains/2026-08-31/preserve3_terminal_zenotravel_stage2/20755768_Re-Tr_zenotravel_zenotravel_mcts_orig_novh_e.5_c.1_s1239739722_K0_P3TERMS2A30_src20523090.txt
preserve3-term-zenotravel-off-1239739722-a30-policy-e0065,policy_eval,zenotravel,off,1239739722,stage2,ready,hadd-gbfs,"/home/hersco/bershco-nu-asnets/numeric-asnets/asnets/experiment-results/experiments_numeric.domain.zenotravel-experiments_numeric.architecture_2.zenotravel_mcts-2026-08-31T21:35:36.626343/P[domain,pfile1,pfile2,pfile3,pfile4,pfile5,pfile6]-S[0.0003,50,enhsp-hadd-gbfs]-MO[]-T[518400]-04921489-7d9a779/snapshots/snapshot_65_1.0000",20755768,65,preserve3_term_zenotravel_off_learning_curve,COMPLETED,/home/hersco/training_new_domains/2026-08-31/preserve3_terminal_zenotravel_stage2/20755768_Re-Tr_zenotravel_zenotravel_mcts_orig_novh_e.5_c.1_s1239739722_K0_P3TERMS2A30_src20523090.txt
preserve3-term-zenotravel-off-1239739722-a30-policy-e0070,policy_eval,zenotravel,off,1239739722,stage2,ready,hadd-gbfs,"/home/hersco/bershco-nu-asnets/numeric-asnets/asnets/experiment-results/experiments_numeric.domain.zenotravel-experiments_numeric.architecture_2.zenotravel_mcts-2026-08-31T21:35:36.626343/P[domain,pfile1,pfile2,pfile3,pfile4,pfile5,pfile6]-S[0.0003,50,enhsp-hadd-gbfs]-MO[]-T[518400]-04921489-7d9a779/snapshots/snapshot_70_1.0000",20755768,70,preserve3_term_zenotravel_off_learning_curve,COMPLETED,/home/hersco/training_new_domains/2026-08-31/preserve3_terminal_zenotravel_stage2/20755768_Re-Tr_zenotravel_zenotravel_mcts_orig_novh_e.5_c.1_s1239739722_K0_P3TERMS2A30_src20523090.txt
preserve3-term-zenotravel-off-1239739722-a30-policy-e0075,policy_eval,zenotravel,off,1239739722,stage2,ready,hadd-gbfs,"/home/hersco/bershco-nu-asnets/numeric-asnets/asnets/experiment-results/experiments_numeric.domain.zenotravel-experiments_numeric.architecture_2.zenotravel_mcts-2026-08-31T21:35:36.626343/P[domain,pfile1,pfile2,pfile3,pfile4,pfile5,pfile6]-S[0.0003,50,enhsp-hadd-gbfs]-MO[]-T[518400]-04921489-7d9a779/snapshots/snapshot_75_1.0000",20755768,75,preserve3_term_zenotravel_off_learning_curve,COMPLETED,/home/hersco/training_new_domains/2026-08-31/preserve3_terminal_zenotravel_stage2/20755768_Re-Tr_zenotravel_zenotravel_mcts_orig_novh_e.5_c.1_s1239739722_K0_P3TERMS2A30_src20523090.txt
preserve3-term-zenotravel-off-1239739722-a30-policy-e0080,policy_eval,zenotravel,off,1239739722,stage2,ready,hadd-gbfs,"/home/hersco/bershco-nu-asnets/numeric-asnets/asnets/experiment-results/experiments_numeric.domain.zenotravel-experiments_numeric.architecture_2.zenotravel_mcts-2026-08-31T21:35:36.626343/P[domain,pfile1,pfile2,pfile3,pfile4,pfile5,pfile6]-S[0.0003,50,enhsp-hadd-gbfs]-MO[]-T[518400]-04921489-7d9a779/snapshots/snapshot_80_1.0000",20755768,80,preserve3_term_zenotravel_off_learning_curve,COMPLETED,/home/hersco/training_new_domains/2026-08-31/preserve3_terminal_zenotravel_stage2/20755768_Re-Tr_zenotravel_zenotravel_mcts_orig_novh_e.5_c.1_s1239739722_K0_P3TERMS2A30_src20523090.txt
preserve3-term-zenotravel-off-1239739722-a30-policy-e0085,policy_eval,zenotravel,off,1239739722,stage2,ready,hadd-gbfs,"/home/hersco/bershco-nu-asnets/numeric-asnets/asnets/experiment-results/experiments_numeric.domain.zenotravel-experiments_numeric.architecture_2.zenotravel_mcts-2026-08-31T21:35:36.626343/P[domain,pfile1,pfile2,pfile3,pfile4,pfile5,pfile6]-S[0.0003,50,enhsp-hadd-gbfs]-MO[]-T[518400]-04921489-7d9a779/snapshots/snapshot_85_1.0000",20755768,85,preserve3_term_zenotravel_off_learning_curve,COMPLETED,/home/hersco/training_new_domains/2026-08-31/preserve3_terminal_zenotravel_stage2/20755768_Re-Tr_zenotravel_zenotravel_mcts_orig_novh_e.5_c.1_s1239739722_K0_P3TERMS2A30_src20523090.txt
preserve3-term-zenotravel-off-1239739722-a30-policy-e0090,policy_eval,zenotravel,off,1239739722,stage2,ready,hadd-gbfs,"/home/hersco/bershco-nu-asnets/numeric-asnets/asnets/experiment-results/experiments_numeric.domain.zenotravel-experiments_numeric.architecture_2.zenotravel_mcts-2026-08-31T21:35:36.626343/P[domain,pfile1,pfile2,pfile3,pfile4,pfile5,pfile6]-S[0.0003,50,enhsp-hadd-gbfs]-MO[]-T[518400]-04921489-7d9a779/snapshots/snapshot_90_1.0000",20755768,90,preserve3_term_zenotravel_off_learning_curve,COMPLETED,/home/hersco/training_new_domains/2026-08-31/preserve3_terminal_zenotravel_stage2/20755768_Re-Tr_zenotravel_zenotravel_mcts_orig_novh_e.5_c.1_s1239739722_K0_P3TERMS2A30_src20523090.txt
preserve3-term-zenotravel-off-1239739722-a30-policy-e0095,policy_eval,zenotravel,off,1239739722,stage2,ready,hadd-gbfs,"/home/hersco/bershco-nu-asnets/numeric-asnets/asnets/experiment-results/experiments_numeric.domain.zenotravel-experiments_numeric.architecture_2.zenotravel_mcts-2026-08-31T21:35:36.626343/P[domain,pfile1,pfile2,pfile3,pfile4,pfile5,pfile6]-S[0.0003,50,enhsp-hadd-gbfs]-MO[]-T[518400]-04921489-7d9a779/snapshots/snapshot_95_1.0000",20755768,95,preserve3_term_zenotravel_off_learning_curve,COMPLETED,/home/hersco/training_new_domains/2026-08-31/preserve3_terminal_zenotravel_stage2/20755768_Re-Tr_zenotravel_zenotravel_mcts_orig_novh_e.5_c.1_s1239739722_K0_P3TERMS2A30_src20523090.txt
preserve3-term-zenotravel-off-1239739722-a30-policy-e0099,policy_eval,zenotravel,off,1239739722,stage2,ready,hadd-gbfs,"/home/hersco/bershco-nu-asnets/numeric-asnets/asnets/experiment-results/experiments_numeric.domain.zenotravel-experiments_numeric.architecture_2.zenotravel_mcts-2026-08-31T21:35:36.626343/P[domain,pfile1,pfile2,pfile3,pfile4,pfile5,pfile6]-S[0.0003,50,enhsp-hadd-gbfs]-MO[]-T[518400]-04921489-7d9a779/snapshots/snapshot_99_1.0000",20755768,99,preserve3_term_zenotravel_off_learning_curve;preserve3_term_zenotravel_off_final_policy,COMPLETED,/home/hersco/training_new_domains/2026-08-31/preserve3_terminal_zenotravel_stage2/20755768_Re-Tr_zenotravel_zenotravel_mcts_orig_novh_e.5_c.1_s1239739722_K0_P3TERMS2A30_src20523090.txt
preserve3-term-zenotravel-off-1472491096-a30-policy-e0000,policy_eval,zenotravel,off,1472491096,stage2,ready,hadd-gbfs,"/home/hersco/bershco-nu-asnets/numeric-asnets/asnets/experiment-results/experiments_numeric.domain.zenotravel-experiments_numeric.architecture_2.zenotravel_mcts-2026-08-31T21:35:49.298853/P[domain,pfile1,pfile2,pfile3,pfile4,pfile5,pfile6]-S[0.0003,50,enhsp-hadd-gbfs]-MO[]-T[518400]-04921489-43e0a7a/snapshots/snapshot_0_1.0000",20755769,0,preserve3_term_zenotravel_off_learning_curve,COMPLETED,/home/hersco/training_new_domains/2026-08-31/preserve3_terminal_zenotravel_stage2/20755769_Re-Tr_zenotravel_zenotravel_mcts_orig_novh_e.5_c.1_s1472491096_K0_P3TERMS2A30_src20523091.txt
preserve3-term-zenotravel-off-1472491096-a30-policy-e0005,policy_eval,zenotravel,off,1472491096,stage2,ready,hadd-gbfs,"/home/hersco/bershco-nu-asnets/numeric-asnets/asnets/experiment-results/experiments_numeric.domain.zenotravel-experiments_numeric.architecture_2.zenotravel_mcts-2026-08-31T21:35:49.298853/P[domain,pfile1,pfile2,pfile3,pfile4,pfile5,pfile6]-S[0.0003,50,enhsp-hadd-gbfs]-MO[]-T[518400]-04921489-43e0a7a/snapshots/snapshot_5_1.0000",20755769,5,preserve3_term_zenotravel_off_learning_curve,COMPLETED,/home/hersco/training_new_domains/2026-08-31/preserve3_terminal_zenotravel_stage2/20755769_Re-Tr_zenotravel_zenotravel_mcts_orig_novh_e.5_c.1_s1472491096_K0_P3TERMS2A30_src20523091.txt
preserve3-term-zenotravel-off-1472491096-a30-policy-e0010,policy_eval,zenotravel,off,1472491096,stage2,ready,hadd-gbfs,"/home/hersco/bershco-nu-asnets/numeric-asnets/asnets/experiment-results/experiments_numeric.domain.zenotravel-experiments_numeric.architecture_2.zenotravel_mcts-2026-08-31T21:35:49.298853/P[domain,pfile1,pfile2,pfile3,pfile4,pfile5,pfile6]-S[0.0003,50,enhsp-hadd-gbfs]-MO[]-T[518400]-04921489-43e0a7a/snapshots/snapshot_10_1.0000",20755769,10,preserve3_term_zenotravel_off_learning_curve,COMPLETED,/home/hersco/training_new_domains/2026-08-31/preserve3_terminal_zenotravel_stage2/20755769_Re-Tr_zenotravel_zenotravel_mcts_orig_novh_e.5_c.1_s1472491096_K0_P3TERMS2A30_src20523091.txt
preserve3-term-zenotravel-off-1472491096-a30-policy-e0015,policy_eval,zenotravel,off,1472491096,stage2,ready,hadd-gbfs,"/home/hersco/bershco-nu-asnets/numeric-asnets/asnets/experiment-results/experiments_numeric.domain.zenotravel-experiments_numeric.architecture_2.zenotravel_mcts-2026-08-31T21:35:49.298853/P[domain,pfile1,pfile2,pfile3,pfile4,pfile5,pfile6]-S[0.0003,50,enhsp-hadd-gbfs]-MO[]-T[518400]-04921489-43e0a7a/snapshots/snapshot_15_1.0000",20755769,15,preserve3_term_zenotravel_off_learning_curve,COMPLETED,/home/hersco/training_new_domains/2026-08-31/preserve3_terminal_zenotravel_stage2/20755769_Re-Tr_zenotravel_zenotravel_mcts_orig_novh_e.5_c.1_s1472491096_K0_P3TERMS2A30_src20523091.txt
preserve3-term-zenotravel-off-1472491096-a30-policy-e0020,policy_eval,zenotravel,off,1472491096,stage2,ready,hadd-gbfs,"/home/hersco/bershco-nu-asnets/numeric-asnets/asnets/experiment-results/experiments_numeric.domain.zenotravel-experiments_numeric.architecture_2.zenotravel_mcts-2026-08-31T21:35:49.298853/P[domain,pfile1,pfile2,pfile3,pfile4,pfile5,pfile6]-S[0.0003,50,enhsp-hadd-gbfs]-MO[]-T[518400]-04921489-43e0a7a/snapshots/snapshot_20_1.0000",20755769,20,preserve3_term_zenotravel_off_learning_curve,COMPLETED,/home/hersco/training_new_domains/2026-08-31/preserve3_terminal_zenotravel_stage2/20755769_Re-Tr_zenotravel_zenotravel_mcts_orig_novh_e.5_c.1_s1472491096_K0_P3TERMS2A30_src20523091.txt
preserve3-term-zenotravel-off-1472491096-a30-policy-e0025,policy_eval,zenotravel,off,1472491096,stage2,ready,hadd-gbfs,"/home/hersco/bershco-nu-asnets/numeric-asnets/asnets/experiment-results/experiments_numeric.domain.zenotravel-experiments_numeric.architecture_2.zenotravel_mcts-2026-08-31T21:35:49.298853/P[domain,pfile1,pfile2,pfile3,pfile4,pfile5,pfile6]-S[0.0003,50,enhsp-hadd-gbfs]-MO[]-T[518400]-04921489-43e0a7a/snapshots/snapshot_25_1.0000",20755769,25,preserve3_term_zenotravel_off_learning_curve,COMPLETED,/home/hersco/training_new_domains/2026-08-31/preserve3_terminal_zenotravel_stage2/20755769_Re-Tr_zenotravel_zenotravel_mcts_orig_novh_e.5_c.1_s1472491096_K0_P3TERMS2A30_src20523091.txt
preserve3-term-zenotravel-off-1472491096-a30-policy-e0030,policy_eval,zenotravel,off,1472491096,stage2,ready,hadd-gbfs,"/home/hersco/bershco-nu-asnets/numeric-asnets/asnets/experiment-results/experiments_numeric.domain.zenotravel-experiments_numeric.architecture_2.zenotravel_mcts-2026-08-31T21:35:49.298853/P[domain,pfile1,pfile2,pfile3,pfile4,pfile5,pfile6]-S[0.0003,50,enhsp-hadd-gbfs]-MO[]-T[518400]-04921489-43e0a7a/snapshots/snapshot_30_1.0000",20755769,30,preserve3_term_zenotravel_off_learning_curve,COMPLETED,/home/hersco/training_new_domains/2026-08-31/preserve3_terminal_zenotravel_stage2/20755769_Re-Tr_zenotravel_zenotravel_mcts_orig_novh_e.5_c.1_s1472491096_K0_P3TERMS2A30_src20523091.txt
preserve3-term-zenotravel-off-1472491096-a30-policy-e0035,policy_eval,zenotravel,off,1472491096,stage2,ready,hadd-gbfs,"/home/hersco/bershco-nu-asnets/numeric-asnets/asnets/experiment-results/experiments_numeric.domain.zenotravel-experiments_numeric.architecture_2.zenotravel_mcts-2026-08-31T21:35:49.298853/P[domain,pfile1,pfile2,pfile3,pfile4,pfile5,pfile6]-S[0.0003,50,enhsp-hadd-gbfs]-MO[]-T[518400]-04921489-43e0a7a/snapshots/snapshot_35_1.0000",20755769,35,preserve3_term_zenotravel_off_learning_curve,COMPLETED,/home/hersco/training_new_domains/2026-08-31/preserve3_terminal_zenotravel_stage2/20755769_Re-Tr_zenotravel_zenotravel_mcts_orig_novh_e.5_c.1_s1472491096_K0_P3TERMS2A30_src20523091.txt
preserve3-term-zenotravel-off-1472491096-a30-policy-e0040,policy_eval,zenotravel,off,1472491096,stage2,ready,hadd-gbfs,"/home/hersco/bershco-nu-asnets/numeric-asnets/asnets/experiment-results/experiments_numeric.domain.zenotravel-experiments_numeric.architecture_2.zenotravel_mcts-2026-08-31T21:35:49.298853/P[domain,pfile1,pfile2,pfile3,pfile4,pfile5,pfile6]-S[0.0003,50,enhsp-hadd-gbfs]-MO[]-T[518400]-04921489-43e0a7a/snapshots/snapshot_40_1.0000",20755769,40,preserve3_term_zenotravel_off_learning_curve,COMPLETED,/home/hersco/training_new_domains/2026-08-31/preserve3_terminal_zenotravel_stage2/20755769_Re-Tr_zenotravel_zenotravel_mcts_orig_novh_e.5_c.1_s1472491096_K0_P3TERMS2A30_src20523091.txt
preserve3-term-zenotravel-off-1472491096-a30-policy-e0045,policy_eval,zenotravel,off,1472491096,stage2,ready,hadd-gbfs,"/home/hersco/bershco-nu-asnets/numeric-asnets/asnets/experiment-results/experiments_numeric.domain.zenotravel-experiments_numeric.architecture_2.zenotravel_mcts-2026-08-31T21:35:49.298853/P[domain,pfile1,pfile2,pfile3,pfile4,pfile5,pfile6]-S[0.0003,50,enhsp-hadd-gbfs]-MO[]-T[518400]-04921489-43e0a7a/snapshots/snapshot_45_1.0000",20755769,45,preserve3_term_zenotravel_off_learning_curve,COMPLETED,/home/hersco/training_new_domains/2026-08-31/preserve3_terminal_zenotravel_stage2/20755769_Re-Tr_zenotravel_zenotravel_mcts_orig_novh_e.5_c.1_s1472491096_K0_P3TERMS2A30_src20523091.txt
preserve3-term-zenotravel-off-1472491096-a30-policy-e0050,policy_eval,zenotravel,off,1472491096,stage2,ready,hadd-gbfs,"/home/hersco/bershco-nu-asnets/numeric-asnets/asnets/experiment-results/experiments_numeric.domain.zenotravel-experiments_numeric.architecture_2.zenotravel_mcts-2026-08-31T21:35:49.298853/P[domain,pfile1,pfile2,pfile3,pfile4,pfile5,pfile6]-S[0.0003,50,enhsp-hadd-gbfs]-MO[]-T[518400]-04921489-43e0a7a/snapshots/snapshot_50_1.0000",20755769,50,preserve3_term_zenotravel_off_learning_curve,COMPLETED,/home/hersco/training_new_domains/2026-08-31/preserve3_terminal_zenotravel_stage2/20755769_Re-Tr_zenotravel_zenotravel_mcts_orig_novh_e.5_c.1_s1472491096_K0_P3TERMS2A30_src20523091.txt
preserve3-term-zenotravel-off-1472491096-a30-policy-e0055,policy_eval,zenotravel,off,1472491096,stage2,ready,hadd-gbfs,"/home/hersco/bershco-nu-asnets/numeric-asnets/asnets/experiment-results/experiments_numeric.domain.zenotravel-experiments_numeric.architecture_2.zenotravel_mcts-2026-08-31T21:35:49.298853/P[domain,pfile1,pfile2,pfile3,pfile4,pfile5,pfile6]-S[0.0003,50,enhsp-hadd-gbfs]-MO[]-T[518400]-04921489-43e0a7a/snapshots/snapshot_55_1.0000",20755769,55,preserve3_term_zenotravel_off_learning_curve,COMPLETED,/home/hersco/training_new_domains/2026-08-31/preserve3_terminal_zenotravel_stage2/20755769_Re-Tr_zenotravel_zenotravel_mcts_orig_novh_e.5_c.1_s1472491096_K0_P3TERMS2A30_src20523091.txt
preserve3-term-zenotravel-off-1472491096-a30-policy-e0060,policy_eval,zenotravel,off,1472491096,stage2,ready,hadd-gbfs,"/home/hersco/bershco-nu-asnets/numeric-asnets/asnets/experiment-results/experiments_numeric.domain.zenotravel-experiments_numeric.architecture_2.zenotravel_mcts-2026-08-31T21:35:49.298853/P[domain,pfile1,pfile2,pfile3,pfile4,pfile5,pfile6]-S[0.0003,50,enhsp-hadd-gbfs]-MO[]-T[518400]-04921489-43e0a7a/snapshots/snapshot_60_1.0000",20755769,60,preserve3_term_zenotravel_off_learning_curve,COMPLETED,/home/hersco/training_new_domains/2026-08-31/preserve3_terminal_zenotravel_stage2/20755769_Re-Tr_zenotravel_zenotravel_mcts_orig_novh_e.5_c.1_s1472491096_K0_P3TERMS2A30_src20523091.txt
preserve3-term-zenotravel-off-1472491096-a30-policy-e0061,policy_eval,zenotravel,off,1472491096,stage2,ready,hadd-gbfs,"/home/hersco/bershco-nu-asnets/numeric-asnets/asnets/experiment-results/experiments_numeric.domain.zenotravel-experiments_numeric.architecture_2.zenotravel_mcts-2026-08-31T21:35:49.298853/P[domain,pfile1,pfile2,pfile3,pfile4,pfile5,pfile6]-S[0.0003,50,enhsp-hadd-gbfs]-MO[]-T[518400]-04921489-43e0a7a/snapshots/snapshot_61_1.0000",20755769,61,preserve3_term_zenotravel_off_learning_curve;preserve3_term_zenotravel_off_validation_selected_policy,COMPLETED,/home/hersco/training_new_domains/2026-08-31/preserve3_terminal_zenotravel_stage2/20755769_Re-Tr_zenotravel_zenotravel_mcts_orig_novh_e.5_c.1_s1472491096_K0_P3TERMS2A30_src20523091.txt
preserve3-term-zenotravel-off-1472491096-a30-policy-e0065,policy_eval,zenotravel,off,1472491096,stage2,ready,hadd-gbfs,"/home/hersco/bershco-nu-asnets/numeric-asnets/asnets/experiment-results/experiments_numeric.domain.zenotravel-experiments_numeric.architecture_2.zenotravel_mcts-2026-08-31T21:35:49.298853/P[domain,pfile1,pfile2,pfile3,pfile4,pfile5,pfile6]-S[0.0003,50,enhsp-hadd-gbfs]-MO[]-T[518400]-04921489-43e0a7a/snapshots/snapshot_65_1.0000",20755769,65,preserve3_term_zenotravel_off_learning_curve,COMPLETED,/home/hersco/training_new_domains/2026-08-31/preserve3_terminal_zenotravel_stage2/20755769_Re-Tr_zenotravel_zenotravel_mcts_orig_novh_e.5_c.1_s1472491096_K0_P3TERMS2A30_src20523091.txt
preserve3-term-zenotravel-off-1472491096-a30-policy-e0070,policy_eval,zenotravel,off,1472491096,stage2,ready,hadd-gbfs,"/home/hersco/bershco-nu-asnets/numeric-asnets/asnets/experiment-results/experiments_numeric.domain.zenotravel-experiments_numeric.architecture_2.zenotravel_mcts-2026-08-31T21:35:49.298853/P[domain,pfile1,pfile2,pfile3,pfile4,pfile5,pfile6]-S[0.0003,50,enhsp-hadd-gbfs]-MO[]-T[518400]-04921489-43e0a7a/snapshots/snapshot_70_1.0000",20755769,70,preserve3_term_zenotravel_off_learning_curve,COMPLETED,/home/hersco/training_new_domains/2026-08-31/preserve3_terminal_zenotravel_stage2/20755769_Re-Tr_zenotravel_zenotravel_mcts_orig_novh_e.5_c.1_s1472491096_K0_P3TERMS2A30_src20523091.txt
preserve3-term-zenotravel-off-1472491096-a30-policy-e0075,policy_eval,zenotravel,off,1472491096,stage2,ready,hadd-gbfs,"/home/hersco/bershco-nu-asnets/numeric-asnets/asnets/experiment-results/experiments_numeric.domain.zenotravel-experiments_numeric.architecture_2.zenotravel_mcts-2026-08-31T21:35:49.298853/P[domain,pfile1,pfile2,pfile3,pfile4,pfile5,pfile6]-S[0.0003,50,enhsp-hadd-gbfs]-MO[]-T[518400]-04921489-43e0a7a/snapshots/snapshot_75_1.0000",20755769,75,preserve3_term_zenotravel_off_learning_curve,COMPLETED,/home/hersco/training_new_domains/2026-08-31/preserve3_terminal_zenotravel_stage2/20755769_Re-Tr_zenotravel_zenotravel_mcts_orig_novh_e.5_c.1_s1472491096_K0_P3TERMS2A30_src20523091.txt
preserve3-term-zenotravel-off-1472491096-a30-policy-e0080,policy_eval,zenotravel,off,1472491096,stage2,ready,hadd-gbfs,"/home/hersco/bershco-nu-asnets/numeric-asnets/asnets/experiment-results/experiments_numeric.domain.zenotravel-experiments_numeric.architecture_2.zenotravel_mcts-2026-08-31T21:35:49.298853/P[domain,pfile1,pfile2,pfile3,pfile4,pfile5,pfile6]-S[0.0003,50,enhsp-hadd-gbfs]-MO[]-T[518400]-04921489-43e0a7a/snapshots/snapshot_80_1.0000",20755769,80,preserve3_term_zenotravel_off_learning_curve,COMPLETED,/home/hersco/training_new_domains/2026-08-31/preserve3_terminal_zenotravel_stage2/20755769_Re-Tr_zenotravel_zenotravel_mcts_orig_novh_e.5_c.1_s1472491096_K0_P3TERMS2A30_src20523091.txt
preserve3-term-zenotravel-off-1472491096-a30-policy-e0085,policy_eval,zenotravel,off,1472491096,stage2,ready,hadd-gbfs,"/home/hersco/bershco-nu-asnets/numeric-asnets/asnets/experiment-results/experiments_numeric.domain.zenotravel-experiments_numeric.architecture_2.zenotravel_mcts-2026-08-31T21:35:49.298853/P[domain,pfile1,pfile2,pfile3,pfile4,pfile5,pfile6]-S[0.0003,50,enhsp-hadd-gbfs]-MO[]-T[518400]-04921489-43e0a7a/snapshots/snapshot_85_1.0000",20755769,85,preserve3_term_zenotravel_off_learning_curve,COMPLETED,/home/hersco/training_new_domains/2026-08-31/preserve3_terminal_zenotravel_stage2/20755769_Re-Tr_zenotravel_zenotravel_mcts_orig_novh_e.5_c.1_s1472491096_K0_P3TERMS2A30_src20523091.txt
preserve3-term-zenotravel-off-1472491096-a30-policy-e0090,policy_eval,zenotravel,off,1472491096,stage2,ready,hadd-gbfs,"/home/hersco/bershco-nu-asnets/numeric-asnets/asnets/experiment-results/experiments_numeric.domain.zenotravel-experiments_numeric.architecture_2.zenotravel_mcts-2026-08-31T21:35:49.298853/P[domain,pfile1,pfile2,pfile3,pfile4,pfile5,pfile6]-S[0.0003,50,enhsp-hadd-gbfs]-MO[]-T[518400]-04921489-43e0a7a/snapshots/snapshot_90_1.0000",20755769,90,preserve3_term_zenotravel_off_learning_curve,COMPLETED,/home/hersco/training_new_domains/2026-08-31/preserve3_terminal_zenotravel_stage2/20755769_Re-Tr_zenotravel_zenotravel_mcts_orig_novh_e.5_c.1_s1472491096_K0_P3TERMS2A30_src20523091.txt
preserve3-term-zenotravel-off-1472491096-a30-policy-e0095,policy_eval,zenotravel,off,1472491096,stage2,ready,hadd-gbfs,"/home/hersco/bershco-nu-asnets/numeric-asnets/asnets/experiment-results/experiments_numeric.domain.zenotravel-experiments_numeric.architecture_2.zenotravel_mcts-2026-08-31T21:35:49.298853/P[domain,pfile1,pfile2,pfile3,pfile4,pfile5,pfile6]-S[0.0003,50,enhsp-hadd-gbfs]-MO[]-T[518400]-04921489-43e0a7a/snapshots/snapshot_95_1.0000",20755769,95,preserve3_term_zenotravel_off_learning_curve,COMPLETED,/home/hersco/training_new_domains/2026-08-31/preserve3_terminal_zenotravel_stage2/20755769_Re-Tr_zenotravel_zenotravel_mcts_orig_novh_e.5_c.1_s1472491096_K0_P3TERMS2A30_src20523091.txt
preserve3-term-zenotravel-off-1472491096-a30-policy-e0099,policy_eval,zenotravel,off,1472491096,stage2,ready,hadd-gbfs,"/home/hersco/bershco-nu-asnets/numeric-asnets/asnets/experiment-results/experiments_numeric.domain.zenotravel-experiments_numeric.architecture_2.zenotravel_mcts-2026-08-31T21:35:49.298853/P[domain,pfile1,pfile2,pfile3,pfile4,pfile5,pfile6]-S[0.0003,50,enhsp-hadd-gbfs]-MO[]-T[518400]-04921489-43e0a7a/snapshots/snapshot_99_1.0000",20755769,99,preserve3_term_zenotravel_off_learning_curve;preserve3_term_zenotravel_off_final_policy,COMPLETED,/home/hersco/training_new_domains/2026-08-31/preserve3_terminal_zenotravel_stage2/20755769_Re-Tr_zenotravel_zenotravel_mcts_orig_novh_e.5_c.1_s1472491096_K0_P3TERMS2A30_src20523091.txt
preserve3-term-zenotravel-off-1510771779-a30-policy-e0000,policy_eval,zenotravel,off,1510771779,stage2,ready,hadd-gbfs,"/home/hersco/bershco-nu-asnets/numeric-asnets/asnets/experiment-results/experiments_numeric.domain.zenotravel-experiments_numeric.architecture_2.zenotravel_mcts-2026-08-31T22:04:11.361679/P[domain,pfile1,pfile2,pfile3,pfile4,pfile5,pfile6]-S[0.0003,50,enhsp-hadd-gbfs]-MO[]-T[518400]-04921518-17cc32a/snapshots/snapshot_0_1.0000",20755770,0,preserve3_term_zenotravel_off_learning_curve,COMPLETED,/home/hersco/training_new_domains/2026-08-31/preserve3_terminal_zenotravel_stage2/20755770_Re-Tr_zenotravel_zenotravel_mcts_orig_novh_e.5_c.1_s1510771779_K0_P3TERMS2A30_src20523094.txt
preserve3-term-zenotravel-off-1510771779-a30-policy-e0005,policy_eval,zenotravel,off,1510771779,stage2,ready,hadd-gbfs,"/home/hersco/bershco-nu-asnets/numeric-asnets/asnets/experiment-results/experiments_numeric.domain.zenotravel-experiments_numeric.architecture_2.zenotravel_mcts-2026-08-31T22:04:11.361679/P[domain,pfile1,pfile2,pfile3,pfile4,pfile5,pfile6]-S[0.0003,50,enhsp-hadd-gbfs]-MO[]-T[518400]-04921518-17cc32a/snapshots/snapshot_5_1.0000",20755770,5,preserve3_term_zenotravel_off_learning_curve,COMPLETED,/home/hersco/training_new_domains/2026-08-31/preserve3_terminal_zenotravel_stage2/20755770_Re-Tr_zenotravel_zenotravel_mcts_orig_novh_e.5_c.1_s1510771779_K0_P3TERMS2A30_src20523094.txt
preserve3-term-zenotravel-off-1510771779-a30-policy-e0010,policy_eval,zenotravel,off,1510771779,stage2,ready,hadd-gbfs,"/home/hersco/bershco-nu-asnets/numeric-asnets/asnets/experiment-results/experiments_numeric.domain.zenotravel-experiments_numeric.architecture_2.zenotravel_mcts-2026-08-31T22:04:11.361679/P[domain,pfile1,pfile2,pfile3,pfile4,pfile5,pfile6]-S[0.0003,50,enhsp-hadd-gbfs]-MO[]-T[518400]-04921518-17cc32a/snapshots/snapshot_10_1.0000",20755770,10,preserve3_term_zenotravel_off_learning_curve,COMPLETED,/home/hersco/training_new_domains/2026-08-31/preserve3_terminal_zenotravel_stage2/20755770_Re-Tr_zenotravel_zenotravel_mcts_orig_novh_e.5_c.1_s1510771779_K0_P3TERMS2A30_src20523094.txt
preserve3-term-zenotravel-off-1510771779-a30-policy-e0015,policy_eval,zenotravel,off,1510771779,stage2,ready,hadd-gbfs,"/home/hersco/bershco-nu-asnets/numeric-asnets/asnets/experiment-results/experiments_numeric.domain.zenotravel-experiments_numeric.architecture_2.zenotravel_mcts-2026-08-31T22:04:11.361679/P[domain,pfile1,pfile2,pfile3,pfile4,pfile5,pfile6]-S[0.0003,50,enhsp-hadd-gbfs]-MO[]-T[518400]-04921518-17cc32a/snapshots/snapshot_15_1.0000",20755770,15,preserve3_term_zenotravel_off_learning_curve,COMPLETED,/home/hersco/training_new_domains/2026-08-31/preserve3_terminal_zenotravel_stage2/20755770_Re-Tr_zenotravel_zenotravel_mcts_orig_novh_e.5_c.1_s1510771779_K0_P3TERMS2A30_src20523094.txt
preserve3-term-zenotravel-off-1510771779-a30-policy-e0020,policy_eval,zenotravel,off,1510771779,stage2,ready,hadd-gbfs,"/home/hersco/bershco-nu-asnets/numeric-asnets/asnets/experiment-results/experiments_numeric.domain.zenotravel-experiments_numeric.architecture_2.zenotravel_mcts-2026-08-31T22:04:11.361679/P[domain,pfile1,pfile2,pfile3,pfile4,pfile5,pfile6]-S[0.0003,50,enhsp-hadd-gbfs]-MO[]-T[518400]-04921518-17cc32a/snapshots/snapshot_20_1.0000",20755770,20,preserve3_term_zenotravel_off_learning_curve,COMPLETED,/home/hersco/training_new_domains/2026-08-31/preserve3_terminal_zenotravel_stage2/20755770_Re-Tr_zenotravel_zenotravel_mcts_orig_novh_e.5_c.1_s1510771779_K0_P3TERMS2A30_src20523094.txt
preserve3-term-zenotravel-off-1510771779-a30-policy-e0025,policy_eval,zenotravel,off,1510771779,stage2,ready,hadd-gbfs,"/home/hersco/bershco-nu-asnets/numeric-asnets/asnets/experiment-results/experiments_numeric.domain.zenotravel-experiments_numeric.architecture_2.zenotravel_mcts-2026-08-31T22:04:11.361679/P[domain,pfile1,pfile2,pfile3,pfile4,pfile5,pfile6]-S[0.0003,50,enhsp-hadd-gbfs]-MO[]-T[518400]-04921518-17cc32a/snapshots/snapshot_25_1.0000",20755770,25,preserve3_term_zenotravel_off_learning_curve,COMPLETED,/home/hersco/training_new_domains/2026-08-31/preserve3_terminal_zenotravel_stage2/20755770_Re-Tr_zenotravel_zenotravel_mcts_orig_novh_e.5_c.1_s1510771779_K0_P3TERMS2A30_src20523094.txt
preserve3-term-zenotravel-off-1510771779-a30-policy-e0030,policy_eval,zenotravel,off,1510771779,stage2,ready,hadd-gbfs,"/home/hersco/bershco-nu-asnets/numeric-asnets/asnets/experiment-results/experiments_numeric.domain.zenotravel-experiments_numeric.architecture_2.zenotravel_mcts-2026-08-31T22:04:11.361679/P[domain,pfile1,pfile2,pfile3,pfile4,pfile5,pfile6]-S[0.0003,50,enhsp-hadd-gbfs]-MO[]-T[518400]-04921518-17cc32a/snapshots/snapshot_30_1.0000",20755770,30,preserve3_term_zenotravel_off_learning_curve,COMPLETED,/home/hersco/training_new_domains/2026-08-31/preserve3_terminal_zenotravel_stage2/20755770_Re-Tr_zenotravel_zenotravel_mcts_orig_novh_e.5_c.1_s1510771779_K0_P3TERMS2A30_src20523094.txt
preserve3-term-zenotravel-off-1510771779-a30-policy-e0035,policy_eval,zenotravel,off,1510771779,stage2,ready,hadd-gbfs,"/home/hersco/bershco-nu-asnets/numeric-asnets/asnets/experiment-results/experiments_numeric.domain.zenotravel-experiments_numeric.architecture_2.zenotravel_mcts-2026-08-31T22:04:11.361679/P[domain,pfile1,pfile2,pfile3,pfile4,pfile5,pfile6]-S[0.0003,50,enhsp-hadd-gbfs]-MO[]-T[518400]-04921518-17cc32a/snapshots/snapshot_35_1.0000",20755770,35,preserve3_term_zenotravel_off_learning_curve,COMPLETED,/home/hersco/training_new_domains/2026-08-31/preserve3_terminal_zenotravel_stage2/20755770_Re-Tr_zenotravel_zenotravel_mcts_orig_novh_e.5_c.1_s1510771779_K0_P3TERMS2A30_src20523094.txt
preserve3-term-zenotravel-off-1510771779-a30-policy-e0037,policy_eval,zenotravel,off,1510771779,stage2,ready,hadd-gbfs,"/home/hersco/bershco-nu-asnets/numeric-asnets/asnets/experiment-results/experiments_numeric.domain.zenotravel-experiments_numeric.architecture_2.zenotravel_mcts-2026-08-31T22:04:11.361679/P[domain,pfile1,pfile2,pfile3,pfile4,pfile5,pfile6]-S[0.0003,50,enhsp-hadd-gbfs]-MO[]-T[518400]-04921518-17cc32a/snapshots/snapshot_37_1.0000",20755770,37,preserve3_term_zenotravel_off_learning_curve;preserve3_term_zenotravel_off_validation_selected_policy,COMPLETED,/home/hersco/training_new_domains/2026-08-31/preserve3_terminal_zenotravel_stage2/20755770_Re-Tr_zenotravel_zenotravel_mcts_orig_novh_e.5_c.1_s1510771779_K0_P3TERMS2A30_src20523094.txt
preserve3-term-zenotravel-off-1510771779-a30-policy-e0040,policy_eval,zenotravel,off,1510771779,stage2,ready,hadd-gbfs,"/home/hersco/bershco-nu-asnets/numeric-asnets/asnets/experiment-results/experiments_numeric.domain.zenotravel-experiments_numeric.architecture_2.zenotravel_mcts-2026-08-31T22:04:11.361679/P[domain,pfile1,pfile2,pfile3,pfile4,pfile5,pfile6]-S[0.0003,50,enhsp-hadd-gbfs]-MO[]-T[518400]-04921518-17cc32a/snapshots/snapshot_40_1.0000",20755770,40,preserve3_term_zenotravel_off_learning_curve,COMPLETED,/home/hersco/training_new_domains/2026-08-31/preserve3_terminal_zenotravel_stage2/20755770_Re-Tr_zenotravel_zenotravel_mcts_orig_novh_e.5_c.1_s1510771779_K0_P3TERMS2A30_src20523094.txt
preserve3-term-zenotravel-off-1510771779-a30-policy-e0045,policy_eval,zenotravel,off,1510771779,stage2,ready,hadd-gbfs,"/home/hersco/bershco-nu-asnets/numeric-asnets/asnets/experiment-results/experiments_numeric.domain.zenotravel-experiments_numeric.architecture_2.zenotravel_mcts-2026-08-31T22:04:11.361679/P[domain,pfile1,pfile2,pfile3,pfile4,pfile5,pfile6]-S[0.0003,50,enhsp-hadd-gbfs]-MO[]-T[518400]-04921518-17cc32a/snapshots/snapshot_45_1.0000",20755770,45,preserve3_term_zenotravel_off_learning_curve,COMPLETED,/home/hersco/training_new_domains/2026-08-31/preserve3_terminal_zenotravel_stage2/20755770_Re-Tr_zenotravel_zenotravel_mcts_orig_novh_e.5_c.1_s1510771779_K0_P3TERMS2A30_src20523094.txt
preserve3-term-zenotravel-off-1510771779-a30-policy-e0050,policy_eval,zenotravel,off,1510771779,stage2,ready,hadd-gbfs,"/home/hersco/bershco-nu-asnets/numeric-asnets/asnets/experiment-results/experiments_numeric.domain.zenotravel-experiments_numeric.architecture_2.zenotravel_mcts-2026-08-31T22:04:11.361679/P[domain,pfile1,pfile2,pfile3,pfile4,pfile5,pfile6]-S[0.0003,50,enhsp-hadd-gbfs]-MO[]-T[518400]-04921518-17cc32a/snapshots/snapshot_50_1.0000",20755770,50,preserve3_term_zenotravel_off_learning_curve,COMPLETED,/home/hersco/training_new_domains/2026-08-31/preserve3_terminal_zenotravel_stage2/20755770_Re-Tr_zenotravel_zenotravel_mcts_orig_novh_e.5_c.1_s1510771779_K0_P3TERMS2A30_src20523094.txt
preserve3-term-zenotravel-off-1510771779-a30-policy-e0055,policy_eval,zenotravel,off,1510771779,stage2,ready,hadd-gbfs,"/home/hersco/bershco-nu-asnets/numeric-asnets/asnets/experiment-results/experiments_numeric.domain.zenotravel-experiments_numeric.architecture_2.zenotravel_mcts-2026-08-31T22:04:11.361679/P[domain,pfile1,pfile2,pfile3,pfile4,pfile5,pfile6]-S[0.0003,50,enhsp-hadd-gbfs]-MO[]-T[518400]-04921518-17cc32a/snapshots/snapshot_55_1.0000",20755770,55,preserve3_term_zenotravel_off_learning_curve,COMPLETED,/home/hersco/training_new_domains/2026-08-31/preserve3_terminal_zenotravel_stage2/20755770_Re-Tr_zenotravel_zenotravel_mcts_orig_novh_e.5_c.1_s1510771779_K0_P3TERMS2A30_src20523094.txt
preserve3-term-zenotravel-off-1510771779-a30-policy-e0060,policy_eval,zenotravel,off,1510771779,stage2,ready,hadd-gbfs,"/home/hersco/bershco-nu-asnets/numeric-asnets/asnets/experiment-results/experiments_numeric.domain.zenotravel-experiments_numeric.architecture_2.zenotravel_mcts-2026-08-31T22:04:11.361679/P[domain,pfile1,pfile2,pfile3,pfile4,pfile5,pfile6]-S[0.0003,50,enhsp-hadd-gbfs]-MO[]-T[518400]-04921518-17cc32a/snapshots/snapshot_60_1.0000",20755770,60,preserve3_term_zenotravel_off_learning_curve,COMPLETED,/home/hersco/training_new_domains/2026-08-31/preserve3_terminal_zenotravel_stage2/20755770_Re-Tr_zenotravel_zenotravel_mcts_orig_novh_e.5_c.1_s1510771779_K0_P3TERMS2A30_src20523094.txt
preserve3-term-zenotravel-off-1510771779-a30-policy-e0065,policy_eval,zenotravel,off,1510771779,stage2,ready,hadd-gbfs,"/home/hersco/bershco-nu-asnets/numeric-asnets/asnets/experiment-results/experiments_numeric.domain.zenotravel-experiments_numeric.architecture_2.zenotravel_mcts-2026-08-31T22:04:11.361679/P[domain,pfile1,pfile2,pfile3,pfile4,pfile5,pfile6]-S[0.0003,50,enhsp-hadd-gbfs]-MO[]-T[518400]-04921518-17cc32a/snapshots/snapshot_65_1.0000",20755770,65,preserve3_term_zenotravel_off_learning_curve,COMPLETED,/home/hersco/training_new_domains/2026-08-31/preserve3_terminal_zenotravel_stage2/20755770_Re-Tr_zenotravel_zenotravel_mcts_orig_novh_e.5_c.1_s1510771779_K0_P3TERMS2A30_src20523094.txt
preserve3-term-zenotravel-off-1510771779-a30-policy-e0070,policy_eval,zenotravel,off,1510771779,stage2,ready,hadd-gbfs,"/home/hersco/bershco-nu-asnets/numeric-asnets/asnets/experiment-results/experiments_numeric.domain.zenotravel-experiments_numeric.architecture_2.zenotravel_mcts-2026-08-31T22:04:11.361679/P[domain,pfile1,pfile2,pfile3,pfile4,pfile5,pfile6]-S[0.0003,50,enhsp-hadd-gbfs]-MO[]-T[518400]-04921518-17cc32a/snapshots/snapshot_70_1.0000",20755770,70,preserve3_term_zenotravel_off_learning_curve,COMPLETED,/home/hersco/training_new_domains/2026-08-31/preserve3_terminal_zenotravel_stage2/20755770_Re-Tr_zenotravel_zenotravel_mcts_orig_novh_e.5_c.1_s1510771779_K0_P3TERMS2A30_src20523094.txt
preserve3-term-zenotravel-off-1510771779-a30-policy-e0075,policy_eval,zenotravel,off,1510771779,stage2,ready,hadd-gbfs,"/home/hersco/bershco-nu-asnets/numeric-asnets/asnets/experiment-results/experiments_numeric.domain.zenotravel-experiments_numeric.architecture_2.zenotravel_mcts-2026-08-31T22:04:11.361679/P[domain,pfile1,pfile2,pfile3,pfile4,pfile5,pfile6]-S[0.0003,50,enhsp-hadd-gbfs]-MO[]-T[518400]-04921518-17cc32a/snapshots/snapshot_75_1.0000",20755770,75,preserve3_term_zenotravel_off_learning_curve,COMPLETED,/home/hersco/training_new_domains/2026-08-31/preserve3_terminal_zenotravel_stage2/20755770_Re-Tr_zenotravel_zenotravel_mcts_orig_novh_e.5_c.1_s1510771779_K0_P3TERMS2A30_src20523094.txt
preserve3-term-zenotravel-off-1510771779-a30-policy-e0080,policy_eval,zenotravel,off,1510771779,stage2,ready,hadd-gbfs,"/home/hersco/bershco-nu-asnets/numeric-asnets/asnets/experiment-results/experiments_numeric.domain.zenotravel-experiments_numeric.architecture_2.zenotravel_mcts-2026-08-31T22:04:11.361679/P[domain,pfile1,pfile2,pfile3,pfile4,pfile5,pfile6]-S[0.0003,50,enhsp-hadd-gbfs]-MO[]-T[518400]-04921518-17cc32a/snapshots/snapshot_80_1.0000",20755770,80,preserve3_term_zenotravel_off_learning_curve,COMPLETED,/home/hersco/training_new_domains/2026-08-31/preserve3_terminal_zenotravel_stage2/20755770_Re-Tr_zenotravel_zenotravel_mcts_orig_novh_e.5_c.1_s1510771779_K0_P3TERMS2A30_src20523094.txt
preserve3-term-zenotravel-off-1510771779-a30-policy-e0085,policy_eval,zenotravel,off,1510771779,stage2,ready,hadd-gbfs,"/home/hersco/bershco-nu-asnets/numeric-asnets/asnets/experiment-results/experiments_numeric.domain.zenotravel-experiments_numeric.architecture_2.zenotravel_mcts-2026-08-31T22:04:11.361679/P[domain,pfile1,pfile2,pfile3,pfile4,pfile5,pfile6]-S[0.0003,50,enhsp-hadd-gbfs]-MO[]-T[518400]-04921518-17cc32a/snapshots/snapshot_85_1.0000",20755770,85,preserve3_term_zenotravel_off_learning_curve,COMPLETED,/home/hersco/training_new_domains/2026-08-31/preserve3_terminal_zenotravel_stage2/20755770_Re-Tr_zenotravel_zenotravel_mcts_orig_novh_e.5_c.1_s1510771779_K0_P3TERMS2A30_src20523094.txt
preserve3-term-zenotravel-off-1510771779-a30-policy-e0090,policy_eval,zenotravel,off,1510771779,stage2,ready,hadd-gbfs,"/home/hersco/bershco-nu-asnets/numeric-asnets/asnets/experiment-results/experiments_numeric.domain.zenotravel-experiments_numeric.architecture_2.zenotravel_mcts-2026-08-31T22:04:11.361679/P[domain,pfile1,pfile2,pfile3,pfile4,pfile5,pfile6]-S[0.0003,50,enhsp-hadd-gbfs]-MO[]-T[518400]-04921518-17cc32a/snapshots/snapshot_90_1.0000",20755770,90,preserve3_term_zenotravel_off_learning_curve,COMPLETED,/home/hersco/training_new_domains/2026-08-31/preserve3_terminal_zenotravel_stage2/20755770_Re-Tr_zenotravel_zenotravel_mcts_orig_novh_e.5_c.1_s1510771779_K0_P3TERMS2A30_src20523094.txt
preserve3-term-zenotravel-off-1510771779-a30-policy-e0095,policy_eval,zenotravel,off,1510771779,stage2,ready,hadd-gbfs,"/home/hersco/bershco-nu-asnets/numeric-asnets/asnets/experiment-results/experiments_numeric.domain.zenotravel-experiments_numeric.architecture_2.zenotravel_mcts-2026-08-31T22:04:11.361679/P[domain,pfile1,pfile2,pfile3,pfile4,pfile5,pfile6]-S[0.0003,50,enhsp-hadd-gbfs]-MO[]-T[518400]-04921518-17cc32a/snapshots/snapshot_95_1.0000",20755770,95,preserve3_term_zenotravel_off_learning_curve,COMPLETED,/home/hersco/training_new_domains/2026-08-31/preserve3_terminal_zenotravel_stage2/20755770_Re-Tr_zenotravel_zenotravel_mcts_orig_novh_e.5_c.1_s1510771779_K0_P3TERMS2A30_src20523094.txt
preserve3-term-zenotravel-off-1510771779-a30-policy-e0099,policy_eval,zenotravel,off,1510771779,stage2,ready,hadd-gbfs,"/home/hersco/bershco-nu-asnets/numeric-asnets/asnets/experiment-results/experiments_numeric.domain.zenotravel-experiments_numeric.architecture_2.zenotravel_mcts-2026-08-31T22:04:11.361679/P[domain,pfile1,pfile2,pfile3,pfile4,pfile5,pfile6]-S[0.0003,50,enhsp-hadd-gbfs]-MO[]-T[518400]-04921518-17cc32a/snapshots/snapshot_99_1.0000",20755770,99,preserve3_term_zenotravel_off_learning_curve;preserve3_term_zenotravel_off_final_policy,COMPLETED,/home/hersco/training_new_domains/2026-08-31/preserve3_terminal_zenotravel_stage2/20755770_Re-Tr_zenotravel_zenotravel_mcts_orig_novh_e.5_c.1_s1510771779_K0_P3TERMS2A30_src20523094.txt
preserve3-term-zenotravel-off-1963100312-a30-policy-e0000,policy_eval,zenotravel,off,1963100312,stage2,ready,hadd-gbfs,"/home/hersco/bershco-nu-asnets/numeric-asnets/asnets/experiment-results/experiments_numeric.domain.zenotravel-experiments_numeric.architecture_2.zenotravel_mcts-2026-08-31T22:04:48.938545/P[domain,pfile1,pfile2,pfile3,pfile4,pfile5,pfile6]-S[0.0003,50,enhsp-hadd-gbfs]-MO[]-T[518400]-04921518-2fc32f3/snapshots/snapshot_0_1.0000",20755771,0,preserve3_term_zenotravel_off_learning_curve,COMPLETED,/home/hersco/training_new_domains/2026-08-31/preserve3_terminal_zenotravel_stage2/20755771_Re-Tr_zenotravel_zenotravel_mcts_orig_novh_e.5_c.1_s1963100312_K0_P3TERMS2A30_src20523086.txt
preserve3-term-zenotravel-off-1963100312-a30-policy-e0005,policy_eval,zenotravel,off,1963100312,stage2,ready,hadd-gbfs,"/home/hersco/bershco-nu-asnets/numeric-asnets/asnets/experiment-results/experiments_numeric.domain.zenotravel-experiments_numeric.architecture_2.zenotravel_mcts-2026-08-31T22:04:48.938545/P[domain,pfile1,pfile2,pfile3,pfile4,pfile5,pfile6]-S[0.0003,50,enhsp-hadd-gbfs]-MO[]-T[518400]-04921518-2fc32f3/snapshots/snapshot_5_1.0000",20755771,5,preserve3_term_zenotravel_off_learning_curve,COMPLETED,/home/hersco/training_new_domains/2026-08-31/preserve3_terminal_zenotravel_stage2/20755771_Re-Tr_zenotravel_zenotravel_mcts_orig_novh_e.5_c.1_s1963100312_K0_P3TERMS2A30_src20523086.txt
preserve3-term-zenotravel-off-1963100312-a30-policy-e0010,policy_eval,zenotravel,off,1963100312,stage2,ready,hadd-gbfs,"/home/hersco/bershco-nu-asnets/numeric-asnets/asnets/experiment-results/experiments_numeric.domain.zenotravel-experiments_numeric.architecture_2.zenotravel_mcts-2026-08-31T22:04:48.938545/P[domain,pfile1,pfile2,pfile3,pfile4,pfile5,pfile6]-S[0.0003,50,enhsp-hadd-gbfs]-MO[]-T[518400]-04921518-2fc32f3/snapshots/snapshot_10_1.0000",20755771,10,preserve3_term_zenotravel_off_learning_curve,COMPLETED,/home/hersco/training_new_domains/2026-08-31/preserve3_terminal_zenotravel_stage2/20755771_Re-Tr_zenotravel_zenotravel_mcts_orig_novh_e.5_c.1_s1963100312_K0_P3TERMS2A30_src20523086.txt
preserve3-term-zenotravel-off-1963100312-a30-policy-e0015,policy_eval,zenotravel,off,1963100312,stage2,ready,hadd-gbfs,"/home/hersco/bershco-nu-asnets/numeric-asnets/asnets/experiment-results/experiments_numeric.domain.zenotravel-experiments_numeric.architecture_2.zenotravel_mcts-2026-08-31T22:04:48.938545/P[domain,pfile1,pfile2,pfile3,pfile4,pfile5,pfile6]-S[0.0003,50,enhsp-hadd-gbfs]-MO[]-T[518400]-04921518-2fc32f3/snapshots/snapshot_15_1.0000",20755771,15,preserve3_term_zenotravel_off_learning_curve,COMPLETED,/home/hersco/training_new_domains/2026-08-31/preserve3_terminal_zenotravel_stage2/20755771_Re-Tr_zenotravel_zenotravel_mcts_orig_novh_e.5_c.1_s1963100312_K0_P3TERMS2A30_src20523086.txt
preserve3-term-zenotravel-off-1963100312-a30-policy-e0020,policy_eval,zenotravel,off,1963100312,stage2,ready,hadd-gbfs,"/home/hersco/bershco-nu-asnets/numeric-asnets/asnets/experiment-results/experiments_numeric.domain.zenotravel-experiments_numeric.architecture_2.zenotravel_mcts-2026-08-31T22:04:48.938545/P[domain,pfile1,pfile2,pfile3,pfile4,pfile5,pfile6]-S[0.0003,50,enhsp-hadd-gbfs]-MO[]-T[518400]-04921518-2fc32f3/snapshots/snapshot_20_1.0000",20755771,20,preserve3_term_zenotravel_off_learning_curve,COMPLETED,/home/hersco/training_new_domains/2026-08-31/preserve3_terminal_zenotravel_stage2/20755771_Re-Tr_zenotravel_zenotravel_mcts_orig_novh_e.5_c.1_s1963100312_K0_P3TERMS2A30_src20523086.txt
preserve3-term-zenotravel-off-1963100312-a30-policy-e0025,policy_eval,zenotravel,off,1963100312,stage2,ready,hadd-gbfs,"/home/hersco/bershco-nu-asnets/numeric-asnets/asnets/experiment-results/experiments_numeric.domain.zenotravel-experiments_numeric.architecture_2.zenotravel_mcts-2026-08-31T22:04:48.938545/P[domain,pfile1,pfile2,pfile3,pfile4,pfile5,pfile6]-S[0.0003,50,enhsp-hadd-gbfs]-MO[]-T[518400]-04921518-2fc32f3/snapshots/snapshot_25_1.0000",20755771,25,preserve3_term_zenotravel_off_learning_curve,COMPLETED,/home/hersco/training_new_domains/2026-08-31/preserve3_terminal_zenotravel_stage2/20755771_Re-Tr_zenotravel_zenotravel_mcts_orig_novh_e.5_c.1_s1963100312_K0_P3TERMS2A30_src20523086.txt
preserve3-term-zenotravel-off-1963100312-a30-policy-e0030,policy_eval,zenotravel,off,1963100312,stage2,ready,hadd-gbfs,"/home/hersco/bershco-nu-asnets/numeric-asnets/asnets/experiment-results/experiments_numeric.domain.zenotravel-experiments_numeric.architecture_2.zenotravel_mcts-2026-08-31T22:04:48.938545/P[domain,pfile1,pfile2,pfile3,pfile4,pfile5,pfile6]-S[0.0003,50,enhsp-hadd-gbfs]-MO[]-T[518400]-04921518-2fc32f3/snapshots/snapshot_30_1.0000",20755771,30,preserve3_term_zenotravel_off_learning_curve,COMPLETED,/home/hersco/training_new_domains/2026-08-31/preserve3_terminal_zenotravel_stage2/20755771_Re-Tr_zenotravel_zenotravel_mcts_orig_novh_e.5_c.1_s1963100312_K0_P3TERMS2A30_src20523086.txt
preserve3-term-zenotravel-off-1963100312-a30-policy-e0035,policy_eval,zenotravel,off,1963100312,stage2,ready,hadd-gbfs,"/home/hersco/bershco-nu-asnets/numeric-asnets/asnets/experiment-results/experiments_numeric.domain.zenotravel-experiments_numeric.architecture_2.zenotravel_mcts-2026-08-31T22:04:48.938545/P[domain,pfile1,pfile2,pfile3,pfile4,pfile5,pfile6]-S[0.0003,50,enhsp-hadd-gbfs]-MO[]-T[518400]-04921518-2fc32f3/snapshots/snapshot_35_1.0000",20755771,35,preserve3_term_zenotravel_off_learning_curve,COMPLETED,/home/hersco/training_new_domains/2026-08-31/preserve3_terminal_zenotravel_stage2/20755771_Re-Tr_zenotravel_zenotravel_mcts_orig_novh_e.5_c.1_s1963100312_K0_P3TERMS2A30_src20523086.txt
preserve3-term-zenotravel-off-1963100312-a30-policy-e0040,policy_eval,zenotravel,off,1963100312,stage2,ready,hadd-gbfs,"/home/hersco/bershco-nu-asnets/numeric-asnets/asnets/experiment-results/experiments_numeric.domain.zenotravel-experiments_numeric.architecture_2.zenotravel_mcts-2026-08-31T22:04:48.938545/P[domain,pfile1,pfile2,pfile3,pfile4,pfile5,pfile6]-S[0.0003,50,enhsp-hadd-gbfs]-MO[]-T[518400]-04921518-2fc32f3/snapshots/snapshot_40_1.0000",20755771,40,preserve3_term_zenotravel_off_learning_curve,COMPLETED,/home/hersco/training_new_domains/2026-08-31/preserve3_terminal_zenotravel_stage2/20755771_Re-Tr_zenotravel_zenotravel_mcts_orig_novh_e.5_c.1_s1963100312_K0_P3TERMS2A30_src20523086.txt
preserve3-term-zenotravel-off-1963100312-a30-policy-e0045,policy_eval,zenotravel,off,1963100312,stage2,ready,hadd-gbfs,"/home/hersco/bershco-nu-asnets/numeric-asnets/asnets/experiment-results/experiments_numeric.domain.zenotravel-experiments_numeric.architecture_2.zenotravel_mcts-2026-08-31T22:04:48.938545/P[domain,pfile1,pfile2,pfile3,pfile4,pfile5,pfile6]-S[0.0003,50,enhsp-hadd-gbfs]-MO[]-T[518400]-04921518-2fc32f3/snapshots/snapshot_45_1.0000",20755771,45,preserve3_term_zenotravel_off_learning_curve,COMPLETED,/home/hersco/training_new_domains/2026-08-31/preserve3_terminal_zenotravel_stage2/20755771_Re-Tr_zenotravel_zenotravel_mcts_orig_novh_e.5_c.1_s1963100312_K0_P3TERMS2A30_src20523086.txt
preserve3-term-zenotravel-off-1963100312-a30-policy-e0050,policy_eval,zenotravel,off,1963100312,stage2,ready,hadd-gbfs,"/home/hersco/bershco-nu-asnets/numeric-asnets/asnets/experiment-results/experiments_numeric.domain.zenotravel-experiments_numeric.architecture_2.zenotravel_mcts-2026-08-31T22:04:48.938545/P[domain,pfile1,pfile2,pfile3,pfile4,pfile5,pfile6]-S[0.0003,50,enhsp-hadd-gbfs]-MO[]-T[518400]-04921518-2fc32f3/snapshots/snapshot_50_1.0000",20755771,50,preserve3_term_zenotravel_off_learning_curve,COMPLETED,/home/hersco/training_new_domains/2026-08-31/preserve3_terminal_zenotravel_stage2/20755771_Re-Tr_zenotravel_zenotravel_mcts_orig_novh_e.5_c.1_s1963100312_K0_P3TERMS2A30_src20523086.txt
preserve3-term-zenotravel-off-1963100312-a30-policy-e0055,policy_eval,zenotravel,off,1963100312,stage2,ready,hadd-gbfs,"/home/hersco/bershco-nu-asnets/numeric-asnets/asnets/experiment-results/experiments_numeric.domain.zenotravel-experiments_numeric.architecture_2.zenotravel_mcts-2026-08-31T22:04:48.938545/P[domain,pfile1,pfile2,pfile3,pfile4,pfile5,pfile6]-S[0.0003,50,enhsp-hadd-gbfs]-MO[]-T[518400]-04921518-2fc32f3/snapshots/snapshot_55_1.0000",20755771,55,preserve3_term_zenotravel_off_learning_curve,COMPLETED,/home/hersco/training_new_domains/2026-08-31/preserve3_terminal_zenotravel_stage2/20755771_Re-Tr_zenotravel_zenotravel_mcts_orig_novh_e.5_c.1_s1963100312_K0_P3TERMS2A30_src20523086.txt
preserve3-term-zenotravel-off-1963100312-a30-policy-e0060,policy_eval,zenotravel,off,1963100312,stage2,ready,hadd-gbfs,"/home/hersco/bershco-nu-asnets/numeric-asnets/asnets/experiment-results/experiments_numeric.domain.zenotravel-experiments_numeric.architecture_2.zenotravel_mcts-2026-08-31T22:04:48.938545/P[domain,pfile1,pfile2,pfile3,pfile4,pfile5,pfile6]-S[0.0003,50,enhsp-hadd-gbfs]-MO[]-T[518400]-04921518-2fc32f3/snapshots/snapshot_60_1.0000",20755771,60,preserve3_term_zenotravel_off_learning_curve,COMPLETED,/home/hersco/training_new_domains/2026-08-31/preserve3_terminal_zenotravel_stage2/20755771_Re-Tr_zenotravel_zenotravel_mcts_orig_novh_e.5_c.1_s1963100312_K0_P3TERMS2A30_src20523086.txt
preserve3-term-zenotravel-off-1963100312-a30-policy-e0065,policy_eval,zenotravel,off,1963100312,stage2,ready,hadd-gbfs,"/home/hersco/bershco-nu-asnets/numeric-asnets/asnets/experiment-results/experiments_numeric.domain.zenotravel-experiments_numeric.architecture_2.zenotravel_mcts-2026-08-31T22:04:48.938545/P[domain,pfile1,pfile2,pfile3,pfile4,pfile5,pfile6]-S[0.0003,50,enhsp-hadd-gbfs]-MO[]-T[518400]-04921518-2fc32f3/snapshots/snapshot_65_1.0000",20755771,65,preserve3_term_zenotravel_off_learning_curve,COMPLETED,/home/hersco/training_new_domains/2026-08-31/preserve3_terminal_zenotravel_stage2/20755771_Re-Tr_zenotravel_zenotravel_mcts_orig_novh_e.5_c.1_s1963100312_K0_P3TERMS2A30_src20523086.txt
preserve3-term-zenotravel-off-1963100312-a30-policy-e0070,policy_eval,zenotravel,off,1963100312,stage2,ready,hadd-gbfs,"/home/hersco/bershco-nu-asnets/numeric-asnets/asnets/experiment-results/experiments_numeric.domain.zenotravel-experiments_numeric.architecture_2.zenotravel_mcts-2026-08-31T22:04:48.938545/P[domain,pfile1,pfile2,pfile3,pfile4,pfile5,pfile6]-S[0.0003,50,enhsp-hadd-gbfs]-MO[]-T[518400]-04921518-2fc32f3/snapshots/snapshot_70_1.0000",20755771,70,preserve3_term_zenotravel_off_learning_curve,COMPLETED,/home/hersco/training_new_domains/2026-08-31/preserve3_terminal_zenotravel_stage2/20755771_Re-Tr_zenotravel_zenotravel_mcts_orig_novh_e.5_c.1_s1963100312_K0_P3TERMS2A30_src20523086.txt
preserve3-term-zenotravel-off-1963100312-a30-policy-e0075,policy_eval,zenotravel,off,1963100312,stage2,ready,hadd-gbfs,"/home/hersco/bershco-nu-asnets/numeric-asnets/asnets/experiment-results/experiments_numeric.domain.zenotravel-experiments_numeric.architecture_2.zenotravel_mcts-2026-08-31T22:04:48.938545/P[domain,pfile1,pfile2,pfile3,pfile4,pfile5,pfile6]-S[0.0003,50,enhsp-hadd-gbfs]-MO[]-T[518400]-04921518-2fc32f3/snapshots/snapshot_75_1.0000",20755771,75,preserve3_term_zenotravel_off_learning_curve,COMPLETED,/home/hersco/training_new_domains/2026-08-31/preserve3_terminal_zenotravel_stage2/20755771_Re-Tr_zenotravel_zenotravel_mcts_orig_novh_e.5_c.1_s1963100312_K0_P3TERMS2A30_src20523086.txt
preserve3-term-zenotravel-off-1963100312-a30-policy-e0080,policy_eval,zenotravel,off,1963100312,stage2,ready,hadd-gbfs,"/home/hersco/bershco-nu-asnets/numeric-asnets/asnets/experiment-results/experiments_numeric.domain.zenotravel-experiments_numeric.architecture_2.zenotravel_mcts-2026-08-31T22:04:48.938545/P[domain,pfile1,pfile2,pfile3,pfile4,pfile5,pfile6]-S[0.0003,50,enhsp-hadd-gbfs]-MO[]-T[518400]-04921518-2fc32f3/snapshots/snapshot_80_1.0000",20755771,80,preserve3_term_zenotravel_off_learning_curve,COMPLETED,/home/hersco/training_new_domains/2026-08-31/preserve3_terminal_zenotravel_stage2/20755771_Re-Tr_zenotravel_zenotravel_mcts_orig_novh_e.5_c.1_s1963100312_K0_P3TERMS2A30_src20523086.txt
preserve3-term-zenotravel-off-1963100312-a30-policy-e0085,policy_eval,zenotravel,off,1963100312,stage2,ready,hadd-gbfs,"/home/hersco/bershco-nu-asnets/numeric-asnets/asnets/experiment-results/experiments_numeric.domain.zenotravel-experiments_numeric.architecture_2.zenotravel_mcts-2026-08-31T22:04:48.938545/P[domain,pfile1,pfile2,pfile3,pfile4,pfile5,pfile6]-S[0.0003,50,enhsp-hadd-gbfs]-MO[]-T[518400]-04921518-2fc32f3/snapshots/snapshot_85_1.0000",20755771,85,preserve3_term_zenotravel_off_learning_curve;preserve3_term_zenotravel_off_validation_selected_policy,COMPLETED,/home/hersco/training_new_domains/2026-08-31/preserve3_terminal_zenotravel_stage2/20755771_Re-Tr_zenotravel_zenotravel_mcts_orig_novh_e.5_c.1_s1963100312_K0_P3TERMS2A30_src20523086.txt
preserve3-term-zenotravel-off-1963100312-a30-policy-e0090,policy_eval,zenotravel,off,1963100312,stage2,ready,hadd-gbfs,"/home/hersco/bershco-nu-asnets/numeric-asnets/asnets/experiment-results/experiments_numeric.domain.zenotravel-experiments_numeric.architecture_2.zenotravel_mcts-2026-08-31T22:04:48.938545/P[domain,pfile1,pfile2,pfile3,pfile4,pfile5,pfile6]-S[0.0003,50,enhsp-hadd-gbfs]-MO[]-T[518400]-04921518-2fc32f3/snapshots/snapshot_90_1.0000",20755771,90,preserve3_term_zenotravel_off_learning_curve,COMPLETED,/home/hersco/training_new_domains/2026-08-31/preserve3_terminal_zenotravel_stage2/20755771_Re-Tr_zenotravel_zenotravel_mcts_orig_novh_e.5_c.1_s1963100312_K0_P3TERMS2A30_src20523086.txt
preserve3-term-zenotravel-off-1963100312-a30-policy-e0095,policy_eval,zenotravel,off,1963100312,stage2,ready,hadd-gbfs,"/home/hersco/bershco-nu-asnets/numeric-asnets/asnets/experiment-results/experiments_numeric.domain.zenotravel-experiments_numeric.architecture_2.zenotravel_mcts-2026-08-31T22:04:48.938545/P[domain,pfile1,pfile2,pfile3,pfile4,pfile5,pfile6]-S[0.0003,50,enhsp-hadd-gbfs]-MO[]-T[518400]-04921518-2fc32f3/snapshots/snapshot_95_1.0000",20755771,95,preserve3_term_zenotravel_off_learning_curve,COMPLETED,/home/hersco/training_new_domains/2026-08-31/preserve3_terminal_zenotravel_stage2/20755771_Re-Tr_zenotravel_zenotravel_mcts_orig_novh_e.5_c.1_s1963100312_K0_P3TERMS2A30_src20523086.txt
preserve3-term-zenotravel-off-1963100312-a30-policy-e0099,policy_eval,zenotravel,off,1963100312,stage2,ready,hadd-gbfs,"/home/hersco/bershco-nu-asnets/numeric-asnets/asnets/experiment-results/experiments_numeric.domain.zenotravel-experiments_numeric.architecture_2.zenotravel_mcts-2026-08-31T22:04:48.938545/P[domain,pfile1,pfile2,pfile3,pfile4,pfile5,pfile6]-S[0.0003,50,enhsp-hadd-gbfs]-MO[]-T[518400]-04921518-2fc32f3/snapshots/snapshot_99_1.0000",20755771,99,preserve3_term_zenotravel_off_learning_curve;preserve3_term_zenotravel_off_final_policy,COMPLETED,/home/hersco/training_new_domains/2026-08-31/preserve3_terminal_zenotravel_stage2/20755771_Re-Tr_zenotravel_zenotravel_mcts_orig_novh_e.5_c.1_s1963100312_K0_P3TERMS2A30_src20523086.txt
preserve3-term-zenotravel-off-1972442430-a30-policy-e0000,policy_eval,zenotravel,off,1972442430,stage2,ready,hadd-gbfs,"/home/hersco/bershco-nu-asnets/numeric-asnets/asnets/experiment-results/experiments_numeric.domain.zenotravel-experiments_numeric.architecture_2.zenotravel_mcts-2026-08-31T22:11:54.906645/P[domain,pfile1,pfile2,pfile3,pfile4,pfile5,pfile6]-S[0.0003,50,enhsp-hadd-gbfs]-MO[]-T[518400]-04921526-72aea46/snapshots/snapshot_0_1.0000",20755772,0,preserve3_term_zenotravel_off_learning_curve,COMPLETED,/home/hersco/training_new_domains/2026-08-31/preserve3_terminal_zenotravel_stage2/20755772_Re-Tr_zenotravel_zenotravel_mcts_orig_novh_e.5_c.1_s1972442430_K0_P3TERMS2A30_src20523096.txt
preserve3-term-zenotravel-off-1972442430-a30-policy-e0005,policy_eval,zenotravel,off,1972442430,stage2,ready,hadd-gbfs,"/home/hersco/bershco-nu-asnets/numeric-asnets/asnets/experiment-results/experiments_numeric.domain.zenotravel-experiments_numeric.architecture_2.zenotravel_mcts-2026-08-31T22:11:54.906645/P[domain,pfile1,pfile2,pfile3,pfile4,pfile5,pfile6]-S[0.0003,50,enhsp-hadd-gbfs]-MO[]-T[518400]-04921526-72aea46/snapshots/snapshot_5_1.0000",20755772,5,preserve3_term_zenotravel_off_learning_curve,COMPLETED,/home/hersco/training_new_domains/2026-08-31/preserve3_terminal_zenotravel_stage2/20755772_Re-Tr_zenotravel_zenotravel_mcts_orig_novh_e.5_c.1_s1972442430_K0_P3TERMS2A30_src20523096.txt
preserve3-term-zenotravel-off-1972442430-a30-policy-e0010,policy_eval,zenotravel,off,1972442430,stage2,ready,hadd-gbfs,"/home/hersco/bershco-nu-asnets/numeric-asnets/asnets/experiment-results/experiments_numeric.domain.zenotravel-experiments_numeric.architecture_2.zenotravel_mcts-2026-08-31T22:11:54.906645/P[domain,pfile1,pfile2,pfile3,pfile4,pfile5,pfile6]-S[0.0003,50,enhsp-hadd-gbfs]-MO[]-T[518400]-04921526-72aea46/snapshots/snapshot_10_1.0000",20755772,10,preserve3_term_zenotravel_off_learning_curve;preserve3_term_zenotravel_off_validation_selected_policy,COMPLETED,/home/hersco/training_new_domains/2026-08-31/preserve3_terminal_zenotravel_stage2/20755772_Re-Tr_zenotravel_zenotravel_mcts_orig_novh_e.5_c.1_s1972442430_K0_P3TERMS2A30_src20523096.txt
preserve3-term-zenotravel-off-1972442430-a30-policy-e0015,policy_eval,zenotravel,off,1972442430,stage2,ready,hadd-gbfs,"/home/hersco/bershco-nu-asnets/numeric-asnets/asnets/experiment-results/experiments_numeric.domain.zenotravel-experiments_numeric.architecture_2.zenotravel_mcts-2026-08-31T22:11:54.906645/P[domain,pfile1,pfile2,pfile3,pfile4,pfile5,pfile6]-S[0.0003,50,enhsp-hadd-gbfs]-MO[]-T[518400]-04921526-72aea46/snapshots/snapshot_15_1.0000",20755772,15,preserve3_term_zenotravel_off_learning_curve,COMPLETED,/home/hersco/training_new_domains/2026-08-31/preserve3_terminal_zenotravel_stage2/20755772_Re-Tr_zenotravel_zenotravel_mcts_orig_novh_e.5_c.1_s1972442430_K0_P3TERMS2A30_src20523096.txt
preserve3-term-zenotravel-off-1972442430-a30-policy-e0020,policy_eval,zenotravel,off,1972442430,stage2,ready,hadd-gbfs,"/home/hersco/bershco-nu-asnets/numeric-asnets/asnets/experiment-results/experiments_numeric.domain.zenotravel-experiments_numeric.architecture_2.zenotravel_mcts-2026-08-31T22:11:54.906645/P[domain,pfile1,pfile2,pfile3,pfile4,pfile5,pfile6]-S[0.0003,50,enhsp-hadd-gbfs]-MO[]-T[518400]-04921526-72aea46/snapshots/snapshot_20_1.0000",20755772,20,preserve3_term_zenotravel_off_learning_curve,COMPLETED,/home/hersco/training_new_domains/2026-08-31/preserve3_terminal_zenotravel_stage2/20755772_Re-Tr_zenotravel_zenotravel_mcts_orig_novh_e.5_c.1_s1972442430_K0_P3TERMS2A30_src20523096.txt
preserve3-term-zenotravel-off-1972442430-a30-policy-e0025,policy_eval,zenotravel,off,1972442430,stage2,ready,hadd-gbfs,"/home/hersco/bershco-nu-asnets/numeric-asnets/asnets/experiment-results/experiments_numeric.domain.zenotravel-experiments_numeric.architecture_2.zenotravel_mcts-2026-08-31T22:11:54.906645/P[domain,pfile1,pfile2,pfile3,pfile4,pfile5,pfile6]-S[0.0003,50,enhsp-hadd-gbfs]-MO[]-T[518400]-04921526-72aea46/snapshots/snapshot_25_1.0000",20755772,25,preserve3_term_zenotravel_off_learning_curve,COMPLETED,/home/hersco/training_new_domains/2026-08-31/preserve3_terminal_zenotravel_stage2/20755772_Re-Tr_zenotravel_zenotravel_mcts_orig_novh_e.5_c.1_s1972442430_K0_P3TERMS2A30_src20523096.txt
preserve3-term-zenotravel-off-1972442430-a30-policy-e0030,policy_eval,zenotravel,off,1972442430,stage2,ready,hadd-gbfs,"/home/hersco/bershco-nu-asnets/numeric-asnets/asnets/experiment-results/experiments_numeric.domain.zenotravel-experiments_numeric.architecture_2.zenotravel_mcts-2026-08-31T22:11:54.906645/P[domain,pfile1,pfile2,pfile3,pfile4,pfile5,pfile6]-S[0.0003,50,enhsp-hadd-gbfs]-MO[]-T[518400]-04921526-72aea46/snapshots/snapshot_30_1.0000",20755772,30,preserve3_term_zenotravel_off_learning_curve,COMPLETED,/home/hersco/training_new_domains/2026-08-31/preserve3_terminal_zenotravel_stage2/20755772_Re-Tr_zenotravel_zenotravel_mcts_orig_novh_e.5_c.1_s1972442430_K0_P3TERMS2A30_src20523096.txt
preserve3-term-zenotravel-off-1972442430-a30-policy-e0035,policy_eval,zenotravel,off,1972442430,stage2,ready,hadd-gbfs,"/home/hersco/bershco-nu-asnets/numeric-asnets/asnets/experiment-results/experiments_numeric.domain.zenotravel-experiments_numeric.architecture_2.zenotravel_mcts-2026-08-31T22:11:54.906645/P[domain,pfile1,pfile2,pfile3,pfile4,pfile5,pfile6]-S[0.0003,50,enhsp-hadd-gbfs]-MO[]-T[518400]-04921526-72aea46/snapshots/snapshot_35_1.0000",20755772,35,preserve3_term_zenotravel_off_learning_curve,COMPLETED,/home/hersco/training_new_domains/2026-08-31/preserve3_terminal_zenotravel_stage2/20755772_Re-Tr_zenotravel_zenotravel_mcts_orig_novh_e.5_c.1_s1972442430_K0_P3TERMS2A30_src20523096.txt
preserve3-term-zenotravel-off-1972442430-a30-policy-e0040,policy_eval,zenotravel,off,1972442430,stage2,ready,hadd-gbfs,"/home/hersco/bershco-nu-asnets/numeric-asnets/asnets/experiment-results/experiments_numeric.domain.zenotravel-experiments_numeric.architecture_2.zenotravel_mcts-2026-08-31T22:11:54.906645/P[domain,pfile1,pfile2,pfile3,pfile4,pfile5,pfile6]-S[0.0003,50,enhsp-hadd-gbfs]-MO[]-T[518400]-04921526-72aea46/snapshots/snapshot_40_1.0000",20755772,40,preserve3_term_zenotravel_off_learning_curve,COMPLETED,/home/hersco/training_new_domains/2026-08-31/preserve3_terminal_zenotravel_stage2/20755772_Re-Tr_zenotravel_zenotravel_mcts_orig_novh_e.5_c.1_s1972442430_K0_P3TERMS2A30_src20523096.txt
preserve3-term-zenotravel-off-1972442430-a30-policy-e0045,policy_eval,zenotravel,off,1972442430,stage2,ready,hadd-gbfs,"/home/hersco/bershco-nu-asnets/numeric-asnets/asnets/experiment-results/experiments_numeric.domain.zenotravel-experiments_numeric.architecture_2.zenotravel_mcts-2026-08-31T22:11:54.906645/P[domain,pfile1,pfile2,pfile3,pfile4,pfile5,pfile6]-S[0.0003,50,enhsp-hadd-gbfs]-MO[]-T[518400]-04921526-72aea46/snapshots/snapshot_45_1.0000",20755772,45,preserve3_term_zenotravel_off_learning_curve,COMPLETED,/home/hersco/training_new_domains/2026-08-31/preserve3_terminal_zenotravel_stage2/20755772_Re-Tr_zenotravel_zenotravel_mcts_orig_novh_e.5_c.1_s1972442430_K0_P3TERMS2A30_src20523096.txt
preserve3-term-zenotravel-off-1972442430-a30-policy-e0050,policy_eval,zenotravel,off,1972442430,stage2,ready,hadd-gbfs,"/home/hersco/bershco-nu-asnets/numeric-asnets/asnets/experiment-results/experiments_numeric.domain.zenotravel-experiments_numeric.architecture_2.zenotravel_mcts-2026-08-31T22:11:54.906645/P[domain,pfile1,pfile2,pfile3,pfile4,pfile5,pfile6]-S[0.0003,50,enhsp-hadd-gbfs]-MO[]-T[518400]-04921526-72aea46/snapshots/snapshot_50_1.0000",20755772,50,preserve3_term_zenotravel_off_learning_curve,COMPLETED,/home/hersco/training_new_domains/2026-08-31/preserve3_terminal_zenotravel_stage2/20755772_Re-Tr_zenotravel_zenotravel_mcts_orig_novh_e.5_c.1_s1972442430_K0_P3TERMS2A30_src20523096.txt
preserve3-term-zenotravel-off-1972442430-a30-policy-e0055,policy_eval,zenotravel,off,1972442430,stage2,ready,hadd-gbfs,"/home/hersco/bershco-nu-asnets/numeric-asnets/asnets/experiment-results/experiments_numeric.domain.zenotravel-experiments_numeric.architecture_2.zenotravel_mcts-2026-08-31T22:11:54.906645/P[domain,pfile1,pfile2,pfile3,pfile4,pfile5,pfile6]-S[0.0003,50,enhsp-hadd-gbfs]-MO[]-T[518400]-04921526-72aea46/snapshots/snapshot_55_1.0000",20755772,55,preserve3_term_zenotravel_off_learning_curve,COMPLETED,/home/hersco/training_new_domains/2026-08-31/preserve3_terminal_zenotravel_stage2/20755772_Re-Tr_zenotravel_zenotravel_mcts_orig_novh_e.5_c.1_s1972442430_K0_P3TERMS2A30_src20523096.txt
preserve3-term-zenotravel-off-1972442430-a30-policy-e0060,policy_eval,zenotravel,off,1972442430,stage2,ready,hadd-gbfs,"/home/hersco/bershco-nu-asnets/numeric-asnets/asnets/experiment-results/experiments_numeric.domain.zenotravel-experiments_numeric.architecture_2.zenotravel_mcts-2026-08-31T22:11:54.906645/P[domain,pfile1,pfile2,pfile3,pfile4,pfile5,pfile6]-S[0.0003,50,enhsp-hadd-gbfs]-MO[]-T[518400]-04921526-72aea46/snapshots/snapshot_60_1.0000",20755772,60,preserve3_term_zenotravel_off_learning_curve,COMPLETED,/home/hersco/training_new_domains/2026-08-31/preserve3_terminal_zenotravel_stage2/20755772_Re-Tr_zenotravel_zenotravel_mcts_orig_novh_e.5_c.1_s1972442430_K0_P3TERMS2A30_src20523096.txt
preserve3-term-zenotravel-off-1972442430-a30-policy-e0065,policy_eval,zenotravel,off,1972442430,stage2,ready,hadd-gbfs,"/home/hersco/bershco-nu-asnets/numeric-asnets/asnets/experiment-results/experiments_numeric.domain.zenotravel-experiments_numeric.architecture_2.zenotravel_mcts-2026-08-31T22:11:54.906645/P[domain,pfile1,pfile2,pfile3,pfile4,pfile5,pfile6]-S[0.0003,50,enhsp-hadd-gbfs]-MO[]-T[518400]-04921526-72aea46/snapshots/snapshot_65_1.0000",20755772,65,preserve3_term_zenotravel_off_learning_curve,COMPLETED,/home/hersco/training_new_domains/2026-08-31/preserve3_terminal_zenotravel_stage2/20755772_Re-Tr_zenotravel_zenotravel_mcts_orig_novh_e.5_c.1_s1972442430_K0_P3TERMS2A30_src20523096.txt
preserve3-term-zenotravel-off-1972442430-a30-policy-e0070,policy_eval,zenotravel,off,1972442430,stage2,ready,hadd-gbfs,"/home/hersco/bershco-nu-asnets/numeric-asnets/asnets/experiment-results/experiments_numeric.domain.zenotravel-experiments_numeric.architecture_2.zenotravel_mcts-2026-08-31T22:11:54.906645/P[domain,pfile1,pfile2,pfile3,pfile4,pfile5,pfile6]-S[0.0003,50,enhsp-hadd-gbfs]-MO[]-T[518400]-04921526-72aea46/snapshots/snapshot_70_1.0000",20755772,70,preserve3_term_zenotravel_off_learning_curve,COMPLETED,/home/hersco/training_new_domains/2026-08-31/preserve3_terminal_zenotravel_stage2/20755772_Re-Tr_zenotravel_zenotravel_mcts_orig_novh_e.5_c.1_s1972442430_K0_P3TERMS2A30_src20523096.txt
preserve3-term-zenotravel-off-1972442430-a30-policy-e0075,policy_eval,zenotravel,off,1972442430,stage2,ready,hadd-gbfs,"/home/hersco/bershco-nu-asnets/numeric-asnets/asnets/experiment-results/experiments_numeric.domain.zenotravel-experiments_numeric.architecture_2.zenotravel_mcts-2026-08-31T22:11:54.906645/P[domain,pfile1,pfile2,pfile3,pfile4,pfile5,pfile6]-S[0.0003,50,enhsp-hadd-gbfs]-MO[]-T[518400]-04921526-72aea46/snapshots/snapshot_75_1.0000",20755772,75,preserve3_term_zenotravel_off_learning_curve,COMPLETED,/home/hersco/training_new_domains/2026-08-31/preserve3_terminal_zenotravel_stage2/20755772_Re-Tr_zenotravel_zenotravel_mcts_orig_novh_e.5_c.1_s1972442430_K0_P3TERMS2A30_src20523096.txt
preserve3-term-zenotravel-off-1972442430-a30-policy-e0080,policy_eval,zenotravel,off,1972442430,stage2,ready,hadd-gbfs,"/home/hersco/bershco-nu-asnets/numeric-asnets/asnets/experiment-results/experiments_numeric.domain.zenotravel-experiments_numeric.architecture_2.zenotravel_mcts-2026-08-31T22:11:54.906645/P[domain,pfile1,pfile2,pfile3,pfile4,pfile5,pfile6]-S[0.0003,50,enhsp-hadd-gbfs]-MO[]-T[518400]-04921526-72aea46/snapshots/snapshot_80_1.0000",20755772,80,preserve3_term_zenotravel_off_learning_curve,COMPLETED,/home/hersco/training_new_domains/2026-08-31/preserve3_terminal_zenotravel_stage2/20755772_Re-Tr_zenotravel_zenotravel_mcts_orig_novh_e.5_c.1_s1972442430_K0_P3TERMS2A30_src20523096.txt
preserve3-term-zenotravel-off-1972442430-a30-policy-e0085,policy_eval,zenotravel,off,1972442430,stage2,ready,hadd-gbfs,"/home/hersco/bershco-nu-asnets/numeric-asnets/asnets/experiment-results/experiments_numeric.domain.zenotravel-experiments_numeric.architecture_2.zenotravel_mcts-2026-08-31T22:11:54.906645/P[domain,pfile1,pfile2,pfile3,pfile4,pfile5,pfile6]-S[0.0003,50,enhsp-hadd-gbfs]-MO[]-T[518400]-04921526-72aea46/snapshots/snapshot_85_1.0000",20755772,85,preserve3_term_zenotravel_off_learning_curve,COMPLETED,/home/hersco/training_new_domains/2026-08-31/preserve3_terminal_zenotravel_stage2/20755772_Re-Tr_zenotravel_zenotravel_mcts_orig_novh_e.5_c.1_s1972442430_K0_P3TERMS2A30_src20523096.txt
preserve3-term-zenotravel-off-1972442430-a30-policy-e0090,policy_eval,zenotravel,off,1972442430,stage2,ready,hadd-gbfs,"/home/hersco/bershco-nu-asnets/numeric-asnets/asnets/experiment-results/experiments_numeric.domain.zenotravel-experiments_numeric.architecture_2.zenotravel_mcts-2026-08-31T22:11:54.906645/P[domain,pfile1,pfile2,pfile3,pfile4,pfile5,pfile6]-S[0.0003,50,enhsp-hadd-gbfs]-MO[]-T[518400]-04921526-72aea46/snapshots/snapshot_90_1.0000",20755772,90,preserve3_term_zenotravel_off_learning_curve,COMPLETED,/home/hersco/training_new_domains/2026-08-31/preserve3_terminal_zenotravel_stage2/20755772_Re-Tr_zenotravel_zenotravel_mcts_orig_novh_e.5_c.1_s1972442430_K0_P3TERMS2A30_src20523096.txt
preserve3-term-zenotravel-off-1972442430-a30-policy-e0095,policy_eval,zenotravel,off,1972442430,stage2,ready,hadd-gbfs,"/home/hersco/bershco-nu-asnets/numeric-asnets/asnets/experiment-results/experiments_numeric.domain.zenotravel-experiments_numeric.architecture_2.zenotravel_mcts-2026-08-31T22:11:54.906645/P[domain,pfile1,pfile2,pfile3,pfile4,pfile5,pfile6]-S[0.0003,50,enhsp-hadd-gbfs]-MO[]-T[518400]-04921526-72aea46/snapshots/snapshot_95_1.0000",20755772,95,preserve3_term_zenotravel_off_learning_curve,COMPLETED,/home/hersco/training_new_domains/2026-08-31/preserve3_terminal_zenotravel_stage2/20755772_Re-Tr_zenotravel_zenotravel_mcts_orig_novh_e.5_c.1_s1972442430_K0_P3TERMS2A30_src20523096.txt
preserve3-term-zenotravel-off-1972442430-a30-policy-e0099,policy_eval,zenotravel,off,1972442430,stage2,ready,hadd-gbfs,"/home/hersco/bershco-nu-asnets/numeric-asnets/asnets/experiment-results/experiments_numeric.domain.zenotravel-experiments_numeric.architecture_2.zenotravel_mcts-2026-08-31T22:11:54.906645/P[domain,pfile1,pfile2,pfile3,pfile4,pfile5,pfile6]-S[0.0003,50,enhsp-hadd-gbfs]-MO[]-T[518400]-04921526-72aea46/snapshots/snapshot_99_1.0000",20755772,99,preserve3_term_zenotravel_off_learning_curve;preserve3_term_zenotravel_off_final_policy,COMPLETED,/home/hersco/training_new_domains/2026-08-31/preserve3_terminal_zenotravel_stage2/20755772_Re-Tr_zenotravel_zenotravel_mcts_orig_novh_e.5_c.1_s1972442430_K0_P3TERMS2A30_src20523096.txt
preserve3-term-zenotravel-off-2011206605-a30-policy-e0000,policy_eval,zenotravel,off,2011206605,stage2,ready,hadd-gbfs,"/home/hersco/bershco-nu-asnets/numeric-asnets/asnets/experiment-results/experiments_numeric.domain.zenotravel-experiments_numeric.architecture_2.zenotravel_mcts-2026-08-31T22:11:54.906742/P[domain,pfile1,pfile2,pfile3,pfile4,pfile5,pfile6]-S[0.0003,50,enhsp-hadd-gbfs]-MO[]-T[518400]-04921526-067843/snapshots/snapshot_0_1.0000",20755773,0,preserve3_term_zenotravel_off_learning_curve,COMPLETED,/home/hersco/training_new_domains/2026-08-31/preserve3_terminal_zenotravel_stage2/20755773_Re-Tr_zenotravel_zenotravel_mcts_orig_novh_e.5_c.1_s2011206605_K0_P3TERMS2A30_src20523088.txt
preserve3-term-zenotravel-off-2011206605-a30-policy-e0005,policy_eval,zenotravel,off,2011206605,stage2,ready,hadd-gbfs,"/home/hersco/bershco-nu-asnets/numeric-asnets/asnets/experiment-results/experiments_numeric.domain.zenotravel-experiments_numeric.architecture_2.zenotravel_mcts-2026-08-31T22:11:54.906742/P[domain,pfile1,pfile2,pfile3,pfile4,pfile5,pfile6]-S[0.0003,50,enhsp-hadd-gbfs]-MO[]-T[518400]-04921526-067843/snapshots/snapshot_5_1.0000",20755773,5,preserve3_term_zenotravel_off_learning_curve,COMPLETED,/home/hersco/training_new_domains/2026-08-31/preserve3_terminal_zenotravel_stage2/20755773_Re-Tr_zenotravel_zenotravel_mcts_orig_novh_e.5_c.1_s2011206605_K0_P3TERMS2A30_src20523088.txt
preserve3-term-zenotravel-off-2011206605-a30-policy-e0010,policy_eval,zenotravel,off,2011206605,stage2,ready,hadd-gbfs,"/home/hersco/bershco-nu-asnets/numeric-asnets/asnets/experiment-results/experiments_numeric.domain.zenotravel-experiments_numeric.architecture_2.zenotravel_mcts-2026-08-31T22:11:54.906742/P[domain,pfile1,pfile2,pfile3,pfile4,pfile5,pfile6]-S[0.0003,50,enhsp-hadd-gbfs]-MO[]-T[518400]-04921526-067843/snapshots/snapshot_10_1.0000",20755773,10,preserve3_term_zenotravel_off_learning_curve,COMPLETED,/home/hersco/training_new_domains/2026-08-31/preserve3_terminal_zenotravel_stage2/20755773_Re-Tr_zenotravel_zenotravel_mcts_orig_novh_e.5_c.1_s2011206605_K0_P3TERMS2A30_src20523088.txt
preserve3-term-zenotravel-off-2011206605-a30-policy-e0015,policy_eval,zenotravel,off,2011206605,stage2,ready,hadd-gbfs,"/home/hersco/bershco-nu-asnets/numeric-asnets/asnets/experiment-results/experiments_numeric.domain.zenotravel-experiments_numeric.architecture_2.zenotravel_mcts-2026-08-31T22:11:54.906742/P[domain,pfile1,pfile2,pfile3,pfile4,pfile5,pfile6]-S[0.0003,50,enhsp-hadd-gbfs]-MO[]-T[518400]-04921526-067843/snapshots/snapshot_15_1.0000",20755773,15,preserve3_term_zenotravel_off_learning_curve,COMPLETED,/home/hersco/training_new_domains/2026-08-31/preserve3_terminal_zenotravel_stage2/20755773_Re-Tr_zenotravel_zenotravel_mcts_orig_novh_e.5_c.1_s2011206605_K0_P3TERMS2A30_src20523088.txt
preserve3-term-zenotravel-off-2011206605-a30-policy-e0020,policy_eval,zenotravel,off,2011206605,stage2,ready,hadd-gbfs,"/home/hersco/bershco-nu-asnets/numeric-asnets/asnets/experiment-results/experiments_numeric.domain.zenotravel-experiments_numeric.architecture_2.zenotravel_mcts-2026-08-31T22:11:54.906742/P[domain,pfile1,pfile2,pfile3,pfile4,pfile5,pfile6]-S[0.0003,50,enhsp-hadd-gbfs]-MO[]-T[518400]-04921526-067843/snapshots/snapshot_20_1.0000",20755773,20,preserve3_term_zenotravel_off_learning_curve,COMPLETED,/home/hersco/training_new_domains/2026-08-31/preserve3_terminal_zenotravel_stage2/20755773_Re-Tr_zenotravel_zenotravel_mcts_orig_novh_e.5_c.1_s2011206605_K0_P3TERMS2A30_src20523088.txt
preserve3-term-zenotravel-off-2011206605-a30-policy-e0025,policy_eval,zenotravel,off,2011206605,stage2,ready,hadd-gbfs,"/home/hersco/bershco-nu-asnets/numeric-asnets/asnets/experiment-results/experiments_numeric.domain.zenotravel-experiments_numeric.architecture_2.zenotravel_mcts-2026-08-31T22:11:54.906742/P[domain,pfile1,pfile2,pfile3,pfile4,pfile5,pfile6]-S[0.0003,50,enhsp-hadd-gbfs]-MO[]-T[518400]-04921526-067843/snapshots/snapshot_25_1.0000",20755773,25,preserve3_term_zenotravel_off_learning_curve,COMPLETED,/home/hersco/training_new_domains/2026-08-31/preserve3_terminal_zenotravel_stage2/20755773_Re-Tr_zenotravel_zenotravel_mcts_orig_novh_e.5_c.1_s2011206605_K0_P3TERMS2A30_src20523088.txt
preserve3-term-zenotravel-off-2011206605-a30-policy-e0030,policy_eval,zenotravel,off,2011206605,stage2,ready,hadd-gbfs,"/home/hersco/bershco-nu-asnets/numeric-asnets/asnets/experiment-results/experiments_numeric.domain.zenotravel-experiments_numeric.architecture_2.zenotravel_mcts-2026-08-31T22:11:54.906742/P[domain,pfile1,pfile2,pfile3,pfile4,pfile5,pfile6]-S[0.0003,50,enhsp-hadd-gbfs]-MO[]-T[518400]-04921526-067843/snapshots/snapshot_30_1.0000",20755773,30,preserve3_term_zenotravel_off_learning_curve,COMPLETED,/home/hersco/training_new_domains/2026-08-31/preserve3_terminal_zenotravel_stage2/20755773_Re-Tr_zenotravel_zenotravel_mcts_orig_novh_e.5_c.1_s2011206605_K0_P3TERMS2A30_src20523088.txt
preserve3-term-zenotravel-off-2011206605-a30-policy-e0035,policy_eval,zenotravel,off,2011206605,stage2,ready,hadd-gbfs,"/home/hersco/bershco-nu-asnets/numeric-asnets/asnets/experiment-results/experiments_numeric.domain.zenotravel-experiments_numeric.architecture_2.zenotravel_mcts-2026-08-31T22:11:54.906742/P[domain,pfile1,pfile2,pfile3,pfile4,pfile5,pfile6]-S[0.0003,50,enhsp-hadd-gbfs]-MO[]-T[518400]-04921526-067843/snapshots/snapshot_35_1.0000",20755773,35,preserve3_term_zenotravel_off_learning_curve,COMPLETED,/home/hersco/training_new_domains/2026-08-31/preserve3_terminal_zenotravel_stage2/20755773_Re-Tr_zenotravel_zenotravel_mcts_orig_novh_e.5_c.1_s2011206605_K0_P3TERMS2A30_src20523088.txt
preserve3-term-zenotravel-off-2011206605-a30-policy-e0040,policy_eval,zenotravel,off,2011206605,stage2,ready,hadd-gbfs,"/home/hersco/bershco-nu-asnets/numeric-asnets/asnets/experiment-results/experiments_numeric.domain.zenotravel-experiments_numeric.architecture_2.zenotravel_mcts-2026-08-31T22:11:54.906742/P[domain,pfile1,pfile2,pfile3,pfile4,pfile5,pfile6]-S[0.0003,50,enhsp-hadd-gbfs]-MO[]-T[518400]-04921526-067843/snapshots/snapshot_40_1.0000",20755773,40,preserve3_term_zenotravel_off_learning_curve,COMPLETED,/home/hersco/training_new_domains/2026-08-31/preserve3_terminal_zenotravel_stage2/20755773_Re-Tr_zenotravel_zenotravel_mcts_orig_novh_e.5_c.1_s2011206605_K0_P3TERMS2A30_src20523088.txt
preserve3-term-zenotravel-off-2011206605-a30-policy-e0045,policy_eval,zenotravel,off,2011206605,stage2,ready,hadd-gbfs,"/home/hersco/bershco-nu-asnets/numeric-asnets/asnets/experiment-results/experiments_numeric.domain.zenotravel-experiments_numeric.architecture_2.zenotravel_mcts-2026-08-31T22:11:54.906742/P[domain,pfile1,pfile2,pfile3,pfile4,pfile5,pfile6]-S[0.0003,50,enhsp-hadd-gbfs]-MO[]-T[518400]-04921526-067843/snapshots/snapshot_45_1.0000",20755773,45,preserve3_term_zenotravel_off_learning_curve,COMPLETED,/home/hersco/training_new_domains/2026-08-31/preserve3_terminal_zenotravel_stage2/20755773_Re-Tr_zenotravel_zenotravel_mcts_orig_novh_e.5_c.1_s2011206605_K0_P3TERMS2A30_src20523088.txt
preserve3-term-zenotravel-off-2011206605-a30-policy-e0050,policy_eval,zenotravel,off,2011206605,stage2,ready,hadd-gbfs,"/home/hersco/bershco-nu-asnets/numeric-asnets/asnets/experiment-results/experiments_numeric.domain.zenotravel-experiments_numeric.architecture_2.zenotravel_mcts-2026-08-31T22:11:54.906742/P[domain,pfile1,pfile2,pfile3,pfile4,pfile5,pfile6]-S[0.0003,50,enhsp-hadd-gbfs]-MO[]-T[518400]-04921526-067843/snapshots/snapshot_50_1.0000",20755773,50,preserve3_term_zenotravel_off_learning_curve;preserve3_term_zenotravel_off_validation_selected_policy,COMPLETED,/home/hersco/training_new_domains/2026-08-31/preserve3_terminal_zenotravel_stage2/20755773_Re-Tr_zenotravel_zenotravel_mcts_orig_novh_e.5_c.1_s2011206605_K0_P3TERMS2A30_src20523088.txt
preserve3-term-zenotravel-off-2011206605-a30-policy-e0055,policy_eval,zenotravel,off,2011206605,stage2,ready,hadd-gbfs,"/home/hersco/bershco-nu-asnets/numeric-asnets/asnets/experiment-results/experiments_numeric.domain.zenotravel-experiments_numeric.architecture_2.zenotravel_mcts-2026-08-31T22:11:54.906742/P[domain,pfile1,pfile2,pfile3,pfile4,pfile5,pfile6]-S[0.0003,50,enhsp-hadd-gbfs]-MO[]-T[518400]-04921526-067843/snapshots/snapshot_55_1.0000",20755773,55,preserve3_term_zenotravel_off_learning_curve,COMPLETED,/home/hersco/training_new_domains/2026-08-31/preserve3_terminal_zenotravel_stage2/20755773_Re-Tr_zenotravel_zenotravel_mcts_orig_novh_e.5_c.1_s2011206605_K0_P3TERMS2A30_src20523088.txt
preserve3-term-zenotravel-off-2011206605-a30-policy-e0060,policy_eval,zenotravel,off,2011206605,stage2,ready,hadd-gbfs,"/home/hersco/bershco-nu-asnets/numeric-asnets/asnets/experiment-results/experiments_numeric.domain.zenotravel-experiments_numeric.architecture_2.zenotravel_mcts-2026-08-31T22:11:54.906742/P[domain,pfile1,pfile2,pfile3,pfile4,pfile5,pfile6]-S[0.0003,50,enhsp-hadd-gbfs]-MO[]-T[518400]-04921526-067843/snapshots/snapshot_60_1.0000",20755773,60,preserve3_term_zenotravel_off_learning_curve,COMPLETED,/home/hersco/training_new_domains/2026-08-31/preserve3_terminal_zenotravel_stage2/20755773_Re-Tr_zenotravel_zenotravel_mcts_orig_novh_e.5_c.1_s2011206605_K0_P3TERMS2A30_src20523088.txt
preserve3-term-zenotravel-off-2011206605-a30-policy-e0065,policy_eval,zenotravel,off,2011206605,stage2,ready,hadd-gbfs,"/home/hersco/bershco-nu-asnets/numeric-asnets/asnets/experiment-results/experiments_numeric.domain.zenotravel-experiments_numeric.architecture_2.zenotravel_mcts-2026-08-31T22:11:54.906742/P[domain,pfile1,pfile2,pfile3,pfile4,pfile5,pfile6]-S[0.0003,50,enhsp-hadd-gbfs]-MO[]-T[518400]-04921526-067843/snapshots/snapshot_65_1.0000",20755773,65,preserve3_term_zenotravel_off_learning_curve,COMPLETED,/home/hersco/training_new_domains/2026-08-31/preserve3_terminal_zenotravel_stage2/20755773_Re-Tr_zenotravel_zenotravel_mcts_orig_novh_e.5_c.1_s2011206605_K0_P3TERMS2A30_src20523088.txt
preserve3-term-zenotravel-off-2011206605-a30-policy-e0070,policy_eval,zenotravel,off,2011206605,stage2,ready,hadd-gbfs,"/home/hersco/bershco-nu-asnets/numeric-asnets/asnets/experiment-results/experiments_numeric.domain.zenotravel-experiments_numeric.architecture_2.zenotravel_mcts-2026-08-31T22:11:54.906742/P[domain,pfile1,pfile2,pfile3,pfile4,pfile5,pfile6]-S[0.0003,50,enhsp-hadd-gbfs]-MO[]-T[518400]-04921526-067843/snapshots/snapshot_70_1.0000",20755773,70,preserve3_term_zenotravel_off_learning_curve,COMPLETED,/home/hersco/training_new_domains/2026-08-31/preserve3_terminal_zenotravel_stage2/20755773_Re-Tr_zenotravel_zenotravel_mcts_orig_novh_e.5_c.1_s2011206605_K0_P3TERMS2A30_src20523088.txt
preserve3-term-zenotravel-off-2011206605-a30-policy-e0075,policy_eval,zenotravel,off,2011206605,stage2,ready,hadd-gbfs,"/home/hersco/bershco-nu-asnets/numeric-asnets/asnets/experiment-results/experiments_numeric.domain.zenotravel-experiments_numeric.architecture_2.zenotravel_mcts-2026-08-31T22:11:54.906742/P[domain,pfile1,pfile2,pfile3,pfile4,pfile5,pfile6]-S[0.0003,50,enhsp-hadd-gbfs]-MO[]-T[518400]-04921526-067843/snapshots/snapshot_75_1.0000",20755773,75,preserve3_term_zenotravel_off_learning_curve,COMPLETED,/home/hersco/training_new_domains/2026-08-31/preserve3_terminal_zenotravel_stage2/20755773_Re-Tr_zenotravel_zenotravel_mcts_orig_novh_e.5_c.1_s2011206605_K0_P3TERMS2A30_src20523088.txt
preserve3-term-zenotravel-off-2011206605-a30-policy-e0080,policy_eval,zenotravel,off,2011206605,stage2,ready,hadd-gbfs,"/home/hersco/bershco-nu-asnets/numeric-asnets/asnets/experiment-results/experiments_numeric.domain.zenotravel-experiments_numeric.architecture_2.zenotravel_mcts-2026-08-31T22:11:54.906742/P[domain,pfile1,pfile2,pfile3,pfile4,pfile5,pfile6]-S[0.0003,50,enhsp-hadd-gbfs]-MO[]-T[518400]-04921526-067843/snapshots/snapshot_80_1.0000",20755773,80,preserve3_term_zenotravel_off_learning_curve,COMPLETED,/home/hersco/training_new_domains/2026-08-31/preserve3_terminal_zenotravel_stage2/20755773_Re-Tr_zenotravel_zenotravel_mcts_orig_novh_e.5_c.1_s2011206605_K0_P3TERMS2A30_src20523088.txt
preserve3-term-zenotravel-off-2011206605-a30-policy-e0085,policy_eval,zenotravel,off,2011206605,stage2,ready,hadd-gbfs,"/home/hersco/bershco-nu-asnets/numeric-asnets/asnets/experiment-results/experiments_numeric.domain.zenotravel-experiments_numeric.architecture_2.zenotravel_mcts-2026-08-31T22:11:54.906742/P[domain,pfile1,pfile2,pfile3,pfile4,pfile5,pfile6]-S[0.0003,50,enhsp-hadd-gbfs]-MO[]-T[518400]-04921526-067843/snapshots/snapshot_85_1.0000",20755773,85,preserve3_term_zenotravel_off_learning_curve,COMPLETED,/home/hersco/training_new_domains/2026-08-31/preserve3_terminal_zenotravel_stage2/20755773_Re-Tr_zenotravel_zenotravel_mcts_orig_novh_e.5_c.1_s2011206605_K0_P3TERMS2A30_src20523088.txt
preserve3-term-zenotravel-off-2011206605-a30-policy-e0090,policy_eval,zenotravel,off,2011206605,stage2,ready,hadd-gbfs,"/home/hersco/bershco-nu-asnets/numeric-asnets/asnets/experiment-results/experiments_numeric.domain.zenotravel-experiments_numeric.architecture_2.zenotravel_mcts-2026-08-31T22:11:54.906742/P[domain,pfile1,pfile2,pfile3,pfile4,pfile5,pfile6]-S[0.0003,50,enhsp-hadd-gbfs]-MO[]-T[518400]-04921526-067843/snapshots/snapshot_90_1.0000",20755773,90,preserve3_term_zenotravel_off_learning_curve,COMPLETED,/home/hersco/training_new_domains/2026-08-31/preserve3_terminal_zenotravel_stage2/20755773_Re-Tr_zenotravel_zenotravel_mcts_orig_novh_e.5_c.1_s2011206605_K0_P3TERMS2A30_src20523088.txt
preserve3-term-zenotravel-off-2011206605-a30-policy-e0095,policy_eval,zenotravel,off,2011206605,stage2,ready,hadd-gbfs,"/home/hersco/bershco-nu-asnets/numeric-asnets/asnets/experiment-results/experiments_numeric.domain.zenotravel-experiments_numeric.architecture_2.zenotravel_mcts-2026-08-31T22:11:54.906742/P[domain,pfile1,pfile2,pfile3,pfile4,pfile5,pfile6]-S[0.0003,50,enhsp-hadd-gbfs]-MO[]-T[518400]-04921526-067843/snapshots/snapshot_95_1.0000",20755773,95,preserve3_term_zenotravel_off_learning_curve,COMPLETED,/home/hersco/training_new_domains/2026-08-31/preserve3_terminal_zenotravel_stage2/20755773_Re-Tr_zenotravel_zenotravel_mcts_orig_novh_e.5_c.1_s2011206605_K0_P3TERMS2A30_src20523088.txt
preserve3-term-zenotravel-off-2011206605-a30-policy-e0099,policy_eval,zenotravel,off,2011206605,stage2,ready,hadd-gbfs,"/home/hersco/bershco-nu-asnets/numeric-asnets/asnets/experiment-results/experiments_numeric.domain.zenotravel-experiments_numeric.architecture_2.zenotravel_mcts-2026-08-31T22:11:54.906742/P[domain,pfile1,pfile2,pfile3,pfile4,pfile5,pfile6]-S[0.0003,50,enhsp-hadd-gbfs]-MO[]-T[518400]-04921526-067843/snapshots/snapshot_99_1.0000",20755773,99,preserve3_term_zenotravel_off_learning_curve;preserve3_term_zenotravel_off_final_policy,COMPLETED,/home/hersco/training_new_domains/2026-08-31/preserve3_terminal_zenotravel_stage2/20755773_Re-Tr_zenotravel_zenotravel_mcts_orig_novh_e.5_c.1_s2011206605_K0_P3TERMS2A30_src20523088.txt
preserve3-term-zenotravel-off-2082152039-a30-policy-e0000,policy_eval,zenotravel,off,2082152039,stage2,ready,hadd-gbfs,"/home/hersco/bershco-nu-asnets/numeric-asnets/asnets/experiment-results/experiments_numeric.domain.zenotravel-experiments_numeric.architecture_2.zenotravel_mcts-2026-08-31T22:24:50.538299/P[domain,pfile1,pfile2,pfile3,pfile4,pfile5,pfile6]-S[0.0003,50,enhsp-hadd-gbfs]-MO[]-T[518400]-04921538-faf7d6/snapshots/snapshot_0_1.0000",20755776,0,preserve3_term_zenotravel_off_learning_curve;preserve3_term_zenotravel_off_validation_selected_policy,COMPLETED,/home/hersco/training_new_domains/2026-08-31/preserve3_terminal_zenotravel_stage2/20755776_Re-Tr_zenotravel_zenotravel_mcts_orig_novh_e.5_c.1_s2082152039_K0_P3TERMS2A30_src20523093.txt
preserve3-term-zenotravel-off-2082152039-a30-policy-e0005,policy_eval,zenotravel,off,2082152039,stage2,ready,hadd-gbfs,"/home/hersco/bershco-nu-asnets/numeric-asnets/asnets/experiment-results/experiments_numeric.domain.zenotravel-experiments_numeric.architecture_2.zenotravel_mcts-2026-08-31T22:24:50.538299/P[domain,pfile1,pfile2,pfile3,pfile4,pfile5,pfile6]-S[0.0003,50,enhsp-hadd-gbfs]-MO[]-T[518400]-04921538-faf7d6/snapshots/snapshot_5_1.0000",20755776,5,preserve3_term_zenotravel_off_learning_curve,COMPLETED,/home/hersco/training_new_domains/2026-08-31/preserve3_terminal_zenotravel_stage2/20755776_Re-Tr_zenotravel_zenotravel_mcts_orig_novh_e.5_c.1_s2082152039_K0_P3TERMS2A30_src20523093.txt
preserve3-term-zenotravel-off-2082152039-a30-policy-e0010,policy_eval,zenotravel,off,2082152039,stage2,ready,hadd-gbfs,"/home/hersco/bershco-nu-asnets/numeric-asnets/asnets/experiment-results/experiments_numeric.domain.zenotravel-experiments_numeric.architecture_2.zenotravel_mcts-2026-08-31T22:24:50.538299/P[domain,pfile1,pfile2,pfile3,pfile4,pfile5,pfile6]-S[0.0003,50,enhsp-hadd-gbfs]-MO[]-T[518400]-04921538-faf7d6/snapshots/snapshot_10_1.0000",20755776,10,preserve3_term_zenotravel_off_learning_curve,COMPLETED,/home/hersco/training_new_domains/2026-08-31/preserve3_terminal_zenotravel_stage2/20755776_Re-Tr_zenotravel_zenotravel_mcts_orig_novh_e.5_c.1_s2082152039_K0_P3TERMS2A30_src20523093.txt
preserve3-term-zenotravel-off-2082152039-a30-policy-e0015,policy_eval,zenotravel,off,2082152039,stage2,ready,hadd-gbfs,"/home/hersco/bershco-nu-asnets/numeric-asnets/asnets/experiment-results/experiments_numeric.domain.zenotravel-experiments_numeric.architecture_2.zenotravel_mcts-2026-08-31T22:24:50.538299/P[domain,pfile1,pfile2,pfile3,pfile4,pfile5,pfile6]-S[0.0003,50,enhsp-hadd-gbfs]-MO[]-T[518400]-04921538-faf7d6/snapshots/snapshot_15_1.0000",20755776,15,preserve3_term_zenotravel_off_learning_curve,COMPLETED,/home/hersco/training_new_domains/2026-08-31/preserve3_terminal_zenotravel_stage2/20755776_Re-Tr_zenotravel_zenotravel_mcts_orig_novh_e.5_c.1_s2082152039_K0_P3TERMS2A30_src20523093.txt
preserve3-term-zenotravel-off-2082152039-a30-policy-e0020,policy_eval,zenotravel,off,2082152039,stage2,ready,hadd-gbfs,"/home/hersco/bershco-nu-asnets/numeric-asnets/asnets/experiment-results/experiments_numeric.domain.zenotravel-experiments_numeric.architecture_2.zenotravel_mcts-2026-08-31T22:24:50.538299/P[domain,pfile1,pfile2,pfile3,pfile4,pfile5,pfile6]-S[0.0003,50,enhsp-hadd-gbfs]-MO[]-T[518400]-04921538-faf7d6/snapshots/snapshot_20_1.0000",20755776,20,preserve3_term_zenotravel_off_learning_curve,COMPLETED,/home/hersco/training_new_domains/2026-08-31/preserve3_terminal_zenotravel_stage2/20755776_Re-Tr_zenotravel_zenotravel_mcts_orig_novh_e.5_c.1_s2082152039_K0_P3TERMS2A30_src20523093.txt
preserve3-term-zenotravel-off-2082152039-a30-policy-e0025,policy_eval,zenotravel,off,2082152039,stage2,ready,hadd-gbfs,"/home/hersco/bershco-nu-asnets/numeric-asnets/asnets/experiment-results/experiments_numeric.domain.zenotravel-experiments_numeric.architecture_2.zenotravel_mcts-2026-08-31T22:24:50.538299/P[domain,pfile1,pfile2,pfile3,pfile4,pfile5,pfile6]-S[0.0003,50,enhsp-hadd-gbfs]-MO[]-T[518400]-04921538-faf7d6/snapshots/snapshot_25_1.0000",20755776,25,preserve3_term_zenotravel_off_learning_curve,COMPLETED,/home/hersco/training_new_domains/2026-08-31/preserve3_terminal_zenotravel_stage2/20755776_Re-Tr_zenotravel_zenotravel_mcts_orig_novh_e.5_c.1_s2082152039_K0_P3TERMS2A30_src20523093.txt
preserve3-term-zenotravel-off-2082152039-a30-policy-e0030,policy_eval,zenotravel,off,2082152039,stage2,ready,hadd-gbfs,"/home/hersco/bershco-nu-asnets/numeric-asnets/asnets/experiment-results/experiments_numeric.domain.zenotravel-experiments_numeric.architecture_2.zenotravel_mcts-2026-08-31T22:24:50.538299/P[domain,pfile1,pfile2,pfile3,pfile4,pfile5,pfile6]-S[0.0003,50,enhsp-hadd-gbfs]-MO[]-T[518400]-04921538-faf7d6/snapshots/snapshot_30_1.0000",20755776,30,preserve3_term_zenotravel_off_learning_curve,COMPLETED,/home/hersco/training_new_domains/2026-08-31/preserve3_terminal_zenotravel_stage2/20755776_Re-Tr_zenotravel_zenotravel_mcts_orig_novh_e.5_c.1_s2082152039_K0_P3TERMS2A30_src20523093.txt
preserve3-term-zenotravel-off-2082152039-a30-policy-e0035,policy_eval,zenotravel,off,2082152039,stage2,ready,hadd-gbfs,"/home/hersco/bershco-nu-asnets/numeric-asnets/asnets/experiment-results/experiments_numeric.domain.zenotravel-experiments_numeric.architecture_2.zenotravel_mcts-2026-08-31T22:24:50.538299/P[domain,pfile1,pfile2,pfile3,pfile4,pfile5,pfile6]-S[0.0003,50,enhsp-hadd-gbfs]-MO[]-T[518400]-04921538-faf7d6/snapshots/snapshot_35_1.0000",20755776,35,preserve3_term_zenotravel_off_learning_curve,COMPLETED,/home/hersco/training_new_domains/2026-08-31/preserve3_terminal_zenotravel_stage2/20755776_Re-Tr_zenotravel_zenotravel_mcts_orig_novh_e.5_c.1_s2082152039_K0_P3TERMS2A30_src20523093.txt
preserve3-term-zenotravel-off-2082152039-a30-policy-e0040,policy_eval,zenotravel,off,2082152039,stage2,ready,hadd-gbfs,"/home/hersco/bershco-nu-asnets/numeric-asnets/asnets/experiment-results/experiments_numeric.domain.zenotravel-experiments_numeric.architecture_2.zenotravel_mcts-2026-08-31T22:24:50.538299/P[domain,pfile1,pfile2,pfile3,pfile4,pfile5,pfile6]-S[0.0003,50,enhsp-hadd-gbfs]-MO[]-T[518400]-04921538-faf7d6/snapshots/snapshot_40_1.0000",20755776,40,preserve3_term_zenotravel_off_learning_curve,COMPLETED,/home/hersco/training_new_domains/2026-08-31/preserve3_terminal_zenotravel_stage2/20755776_Re-Tr_zenotravel_zenotravel_mcts_orig_novh_e.5_c.1_s2082152039_K0_P3TERMS2A30_src20523093.txt
preserve3-term-zenotravel-off-2082152039-a30-policy-e0045,policy_eval,zenotravel,off,2082152039,stage2,ready,hadd-gbfs,"/home/hersco/bershco-nu-asnets/numeric-asnets/asnets/experiment-results/experiments_numeric.domain.zenotravel-experiments_numeric.architecture_2.zenotravel_mcts-2026-08-31T22:24:50.538299/P[domain,pfile1,pfile2,pfile3,pfile4,pfile5,pfile6]-S[0.0003,50,enhsp-hadd-gbfs]-MO[]-T[518400]-04921538-faf7d6/snapshots/snapshot_45_1.0000",20755776,45,preserve3_term_zenotravel_off_learning_curve,COMPLETED,/home/hersco/training_new_domains/2026-08-31/preserve3_terminal_zenotravel_stage2/20755776_Re-Tr_zenotravel_zenotravel_mcts_orig_novh_e.5_c.1_s2082152039_K0_P3TERMS2A30_src20523093.txt
preserve3-term-zenotravel-off-2082152039-a30-policy-e0050,policy_eval,zenotravel,off,2082152039,stage2,ready,hadd-gbfs,"/home/hersco/bershco-nu-asnets/numeric-asnets/asnets/experiment-results/experiments_numeric.domain.zenotravel-experiments_numeric.architecture_2.zenotravel_mcts-2026-08-31T22:24:50.538299/P[domain,pfile1,pfile2,pfile3,pfile4,pfile5,pfile6]-S[0.0003,50,enhsp-hadd-gbfs]-MO[]-T[518400]-04921538-faf7d6/snapshots/snapshot_50_1.0000",20755776,50,preserve3_term_zenotravel_off_learning_curve,COMPLETED,/home/hersco/training_new_domains/2026-08-31/preserve3_terminal_zenotravel_stage2/20755776_Re-Tr_zenotravel_zenotravel_mcts_orig_novh_e.5_c.1_s2082152039_K0_P3TERMS2A30_src20523093.txt
preserve3-term-zenotravel-off-2082152039-a30-policy-e0055,policy_eval,zenotravel,off,2082152039,stage2,ready,hadd-gbfs,"/home/hersco/bershco-nu-asnets/numeric-asnets/asnets/experiment-results/experiments_numeric.domain.zenotravel-experiments_numeric.architecture_2.zenotravel_mcts-2026-08-31T22:24:50.538299/P[domain,pfile1,pfile2,pfile3,pfile4,pfile5,pfile6]-S[0.0003,50,enhsp-hadd-gbfs]-MO[]-T[518400]-04921538-faf7d6/snapshots/snapshot_55_1.0000",20755776,55,preserve3_term_zenotravel_off_learning_curve,COMPLETED,/home/hersco/training_new_domains/2026-08-31/preserve3_terminal_zenotravel_stage2/20755776_Re-Tr_zenotravel_zenotravel_mcts_orig_novh_e.5_c.1_s2082152039_K0_P3TERMS2A30_src20523093.txt
preserve3-term-zenotravel-off-2082152039-a30-policy-e0060,policy_eval,zenotravel,off,2082152039,stage2,ready,hadd-gbfs,"/home/hersco/bershco-nu-asnets/numeric-asnets/asnets/experiment-results/experiments_numeric.domain.zenotravel-experiments_numeric.architecture_2.zenotravel_mcts-2026-08-31T22:24:50.538299/P[domain,pfile1,pfile2,pfile3,pfile4,pfile5,pfile6]-S[0.0003,50,enhsp-hadd-gbfs]-MO[]-T[518400]-04921538-faf7d6/snapshots/snapshot_60_1.0000",20755776,60,preserve3_term_zenotravel_off_learning_curve,COMPLETED,/home/hersco/training_new_domains/2026-08-31/preserve3_terminal_zenotravel_stage2/20755776_Re-Tr_zenotravel_zenotravel_mcts_orig_novh_e.5_c.1_s2082152039_K0_P3TERMS2A30_src20523093.txt
preserve3-term-zenotravel-off-2082152039-a30-policy-e0065,policy_eval,zenotravel,off,2082152039,stage2,ready,hadd-gbfs,"/home/hersco/bershco-nu-asnets/numeric-asnets/asnets/experiment-results/experiments_numeric.domain.zenotravel-experiments_numeric.architecture_2.zenotravel_mcts-2026-08-31T22:24:50.538299/P[domain,pfile1,pfile2,pfile3,pfile4,pfile5,pfile6]-S[0.0003,50,enhsp-hadd-gbfs]-MO[]-T[518400]-04921538-faf7d6/snapshots/snapshot_65_1.0000",20755776,65,preserve3_term_zenotravel_off_learning_curve,COMPLETED,/home/hersco/training_new_domains/2026-08-31/preserve3_terminal_zenotravel_stage2/20755776_Re-Tr_zenotravel_zenotravel_mcts_orig_novh_e.5_c.1_s2082152039_K0_P3TERMS2A30_src20523093.txt
preserve3-term-zenotravel-off-2082152039-a30-policy-e0070,policy_eval,zenotravel,off,2082152039,stage2,ready,hadd-gbfs,"/home/hersco/bershco-nu-asnets/numeric-asnets/asnets/experiment-results/experiments_numeric.domain.zenotravel-experiments_numeric.architecture_2.zenotravel_mcts-2026-08-31T22:24:50.538299/P[domain,pfile1,pfile2,pfile3,pfile4,pfile5,pfile6]-S[0.0003,50,enhsp-hadd-gbfs]-MO[]-T[518400]-04921538-faf7d6/snapshots/snapshot_70_1.0000",20755776,70,preserve3_term_zenotravel_off_learning_curve,COMPLETED,/home/hersco/training_new_domains/2026-08-31/preserve3_terminal_zenotravel_stage2/20755776_Re-Tr_zenotravel_zenotravel_mcts_orig_novh_e.5_c.1_s2082152039_K0_P3TERMS2A30_src20523093.txt
preserve3-term-zenotravel-off-2082152039-a30-policy-e0075,policy_eval,zenotravel,off,2082152039,stage2,ready,hadd-gbfs,"/home/hersco/bershco-nu-asnets/numeric-asnets/asnets/experiment-results/experiments_numeric.domain.zenotravel-experiments_numeric.architecture_2.zenotravel_mcts-2026-08-31T22:24:50.538299/P[domain,pfile1,pfile2,pfile3,pfile4,pfile5,pfile6]-S[0.0003,50,enhsp-hadd-gbfs]-MO[]-T[518400]-04921538-faf7d6/snapshots/snapshot_75_1.0000",20755776,75,preserve3_term_zenotravel_off_learning_curve,COMPLETED,/home/hersco/training_new_domains/2026-08-31/preserve3_terminal_zenotravel_stage2/20755776_Re-Tr_zenotravel_zenotravel_mcts_orig_novh_e.5_c.1_s2082152039_K0_P3TERMS2A30_src20523093.txt
preserve3-term-zenotravel-off-2082152039-a30-policy-e0080,policy_eval,zenotravel,off,2082152039,stage2,ready,hadd-gbfs,"/home/hersco/bershco-nu-asnets/numeric-asnets/asnets/experiment-results/experiments_numeric.domain.zenotravel-experiments_numeric.architecture_2.zenotravel_mcts-2026-08-31T22:24:50.538299/P[domain,pfile1,pfile2,pfile3,pfile4,pfile5,pfile6]-S[0.0003,50,enhsp-hadd-gbfs]-MO[]-T[518400]-04921538-faf7d6/snapshots/snapshot_80_1.0000",20755776,80,preserve3_term_zenotravel_off_learning_curve,COMPLETED,/home/hersco/training_new_domains/2026-08-31/preserve3_terminal_zenotravel_stage2/20755776_Re-Tr_zenotravel_zenotravel_mcts_orig_novh_e.5_c.1_s2082152039_K0_P3TERMS2A30_src20523093.txt
preserve3-term-zenotravel-off-2082152039-a30-policy-e0085,policy_eval,zenotravel,off,2082152039,stage2,ready,hadd-gbfs,"/home/hersco/bershco-nu-asnets/numeric-asnets/asnets/experiment-results/experiments_numeric.domain.zenotravel-experiments_numeric.architecture_2.zenotravel_mcts-2026-08-31T22:24:50.538299/P[domain,pfile1,pfile2,pfile3,pfile4,pfile5,pfile6]-S[0.0003,50,enhsp-hadd-gbfs]-MO[]-T[518400]-04921538-faf7d6/snapshots/snapshot_85_1.0000",20755776,85,preserve3_term_zenotravel_off_learning_curve,COMPLETED,/home/hersco/training_new_domains/2026-08-31/preserve3_terminal_zenotravel_stage2/20755776_Re-Tr_zenotravel_zenotravel_mcts_orig_novh_e.5_c.1_s2082152039_K0_P3TERMS2A30_src20523093.txt
preserve3-term-zenotravel-off-2082152039-a30-policy-e0090,policy_eval,zenotravel,off,2082152039,stage2,ready,hadd-gbfs,"/home/hersco/bershco-nu-asnets/numeric-asnets/asnets/experiment-results/experiments_numeric.domain.zenotravel-experiments_numeric.architecture_2.zenotravel_mcts-2026-08-31T22:24:50.538299/P[domain,pfile1,pfile2,pfile3,pfile4,pfile5,pfile6]-S[0.0003,50,enhsp-hadd-gbfs]-MO[]-T[518400]-04921538-faf7d6/snapshots/snapshot_90_1.0000",20755776,90,preserve3_term_zenotravel_off_learning_curve,COMPLETED,/home/hersco/training_new_domains/2026-08-31/preserve3_terminal_zenotravel_stage2/20755776_Re-Tr_zenotravel_zenotravel_mcts_orig_novh_e.5_c.1_s2082152039_K0_P3TERMS2A30_src20523093.txt
preserve3-term-zenotravel-off-2082152039-a30-policy-e0095,policy_eval,zenotravel,off,2082152039,stage2,ready,hadd-gbfs,"/home/hersco/bershco-nu-asnets/numeric-asnets/asnets/experiment-results/experiments_numeric.domain.zenotravel-experiments_numeric.architecture_2.zenotravel_mcts-2026-08-31T22:24:50.538299/P[domain,pfile1,pfile2,pfile3,pfile4,pfile5,pfile6]-S[0.0003,50,enhsp-hadd-gbfs]-MO[]-T[518400]-04921538-faf7d6/snapshots/snapshot_95_1.0000",20755776,95,preserve3_term_zenotravel_off_learning_curve,COMPLETED,/home/hersco/training_new_domains/2026-08-31/preserve3_terminal_zenotravel_stage2/20755776_Re-Tr_zenotravel_zenotravel_mcts_orig_novh_e.5_c.1_s2082152039_K0_P3TERMS2A30_src20523093.txt
preserve3-term-zenotravel-off-2082152039-a30-policy-e0099,policy_eval,zenotravel,off,2082152039,stage2,ready,hadd-gbfs,"/home/hersco/bershco-nu-asnets/numeric-asnets/asnets/experiment-results/experiments_numeric.domain.zenotravel-experiments_numeric.architecture_2.zenotravel_mcts-2026-08-31T22:24:50.538299/P[domain,pfile1,pfile2,pfile3,pfile4,pfile5,pfile6]-S[0.0003,50,enhsp-hadd-gbfs]-MO[]-T[518400]-04921538-faf7d6/snapshots/snapshot_99_1.0000",20755776,99,preserve3_term_zenotravel_off_learning_curve;preserve3_term_zenotravel_off_final_policy,COMPLETED,/home/hersco/training_new_domains/2026-08-31/preserve3_terminal_zenotravel_stage2/20755776_Re-Tr_zenotravel_zenotravel_mcts_orig_novh_e.5_c.1_s2082152039_K0_P3TERMS2A30_src20523093.txt
