manifest_id,task_type,domain,value_head,seed,stage,status,teacher,source_checkpoint_ref,source_training_job_id,snapshot_epoch,analysis_roles,training_state,training_log
preserve3-term-zenotravel-on-534933607-a0p3-policy-e0000,policy_eval,zenotravel,on,534933607,stage2,ready,hadd-gbfs,"/home/hersco/bershco-nu-asnets/numeric-asnets/asnets/experiment-results/experiments_numeric.domain.zenotravel-experiments_numeric.architecture_2.zenotravel_mcts-2026-08-31T22:24:50.537511/P[domain,pfile1,pfile2,pfile3,pfile4,pfile5,pfile6]-S[0.0003,50,enhsp-hadd-gbfs]-MO[]-T[518400]-04921538-3c74d66/snapshots/snapshot_0_1.0000",20755777,0,preserve3_term_zenotravel_on_learning_curve,COMPLETED,/home/hersco/training_new_domains/2026-08-31/preserve3_terminal_zenotravel_stage2/20755777_Re-Tr_zenotravel_zenotravel_mcts_orig_vh_e.5_c.1_s534933607_K0_P3TERMS2A0p3_src20523080.txt
preserve3-term-zenotravel-on-534933607-a0p3-policy-e0005,policy_eval,zenotravel,on,534933607,stage2,ready,hadd-gbfs,"/home/hersco/bershco-nu-asnets/numeric-asnets/asnets/experiment-results/experiments_numeric.domain.zenotravel-experiments_numeric.architecture_2.zenotravel_mcts-2026-08-31T22:24:50.537511/P[domain,pfile1,pfile2,pfile3,pfile4,pfile5,pfile6]-S[0.0003,50,enhsp-hadd-gbfs]-MO[]-T[518400]-04921538-3c74d66/snapshots/snapshot_5_1.0000",20755777,5,preserve3_term_zenotravel_on_learning_curve,COMPLETED,/home/hersco/training_new_domains/2026-08-31/preserve3_terminal_zenotravel_stage2/20755777_Re-Tr_zenotravel_zenotravel_mcts_orig_vh_e.5_c.1_s534933607_K0_P3TERMS2A0p3_src20523080.txt
preserve3-term-zenotravel-on-534933607-a0p3-policy-e0010,policy_eval,zenotravel,on,534933607,stage2,ready,hadd-gbfs,"/home/hersco/bershco-nu-asnets/numeric-asnets/asnets/experiment-results/experiments_numeric.domain.zenotravel-experiments_numeric.architecture_2.zenotravel_mcts-2026-08-31T22:24:50.537511/P[domain,pfile1,pfile2,pfile3,pfile4,pfile5,pfile6]-S[0.0003,50,enhsp-hadd-gbfs]-MO[]-T[518400]-04921538-3c74d66/snapshots/snapshot_10_1.0000",20755777,10,preserve3_term_zenotravel_on_learning_curve,COMPLETED,/home/hersco/training_new_domains/2026-08-31/preserve3_terminal_zenotravel_stage2/20755777_Re-Tr_zenotravel_zenotravel_mcts_orig_vh_e.5_c.1_s534933607_K0_P3TERMS2A0p3_src20523080.txt
preserve3-term-zenotravel-on-534933607-a0p3-policy-e0015,policy_eval,zenotravel,on,534933607,stage2,ready,hadd-gbfs,"/home/hersco/bershco-nu-asnets/numeric-asnets/asnets/experiment-results/experiments_numeric.domain.zenotravel-experiments_numeric.architecture_2.zenotravel_mcts-2026-08-31T22:24:50.537511/P[domain,pfile1,pfile2,pfile3,pfile4,pfile5,pfile6]-S[0.0003,50,enhsp-hadd-gbfs]-MO[]-T[518400]-04921538-3c74d66/snapshots/snapshot_15_1.0000",20755777,15,preserve3_term_zenotravel_on_learning_curve,COMPLETED,/home/hersco/training_new_domains/2026-08-31/preserve3_terminal_zenotravel_stage2/20755777_Re-Tr_zenotravel_zenotravel_mcts_orig_vh_e.5_c.1_s534933607_K0_P3TERMS2A0p3_src20523080.txt
preserve3-term-zenotravel-on-534933607-a0p3-policy-e0020,policy_eval,zenotravel,on,534933607,stage2,ready,hadd-gbfs,"/home/hersco/bershco-nu-asnets/numeric-asnets/asnets/experiment-results/experiments_numeric.domain.zenotravel-experiments_numeric.architecture_2.zenotravel_mcts-2026-08-31T22:24:50.537511/P[domain,pfile1,pfile2,pfile3,pfile4,pfile5,pfile6]-S[0.0003,50,enhsp-hadd-gbfs]-MO[]-T[518400]-04921538-3c74d66/snapshots/snapshot_20_1.0000",20755777,20,preserve3_term_zenotravel_on_learning_curve,COMPLETED,/home/hersco/training_new_domains/2026-08-31/preserve3_terminal_zenotravel_stage2/20755777_Re-Tr_zenotravel_zenotravel_mcts_orig_vh_e.5_c.1_s534933607_K0_P3TERMS2A0p3_src20523080.txt
preserve3-term-zenotravel-on-534933607-a0p3-policy-e0025,policy_eval,zenotravel,on,534933607,stage2,ready,hadd-gbfs,"/home/hersco/bershco-nu-asnets/numeric-asnets/asnets/experiment-results/experiments_numeric.domain.zenotravel-experiments_numeric.architecture_2.zenotravel_mcts-2026-08-31T22:24:50.537511/P[domain,pfile1,pfile2,pfile3,pfile4,pfile5,pfile6]-S[0.0003,50,enhsp-hadd-gbfs]-MO[]-T[518400]-04921538-3c74d66/snapshots/snapshot_25_1.0000",20755777,25,preserve3_term_zenotravel_on_learning_curve,COMPLETED,/home/hersco/training_new_domains/2026-08-31/preserve3_terminal_zenotravel_stage2/20755777_Re-Tr_zenotravel_zenotravel_mcts_orig_vh_e.5_c.1_s534933607_K0_P3TERMS2A0p3_src20523080.txt
preserve3-term-zenotravel-on-534933607-a0p3-policy-e0030,policy_eval,zenotravel,on,534933607,stage2,ready,hadd-gbfs,"/home/hersco/bershco-nu-asnets/numeric-asnets/asnets/experiment-results/experiments_numeric.domain.zenotravel-experiments_numeric.architecture_2.zenotravel_mcts-2026-08-31T22:24:50.537511/P[domain,pfile1,pfile2,pfile3,pfile4,pfile5,pfile6]-S[0.0003,50,enhsp-hadd-gbfs]-MO[]-T[518400]-04921538-3c74d66/snapshots/snapshot_30_1.0000",20755777,30,preserve3_term_zenotravel_on_learning_curve,COMPLETED,/home/hersco/training_new_domains/2026-08-31/preserve3_terminal_zenotravel_stage2/20755777_Re-Tr_zenotravel_zenotravel_mcts_orig_vh_e.5_c.1_s534933607_K0_P3TERMS2A0p3_src20523080.txt
preserve3-term-zenotravel-on-534933607-a0p3-policy-e0035,policy_eval,zenotravel,on,534933607,stage2,ready,hadd-gbfs,"/home/hersco/bershco-nu-asnets/numeric-asnets/asnets/experiment-results/experiments_numeric.domain.zenotravel-experiments_numeric.architecture_2.zenotravel_mcts-2026-08-31T22:24:50.537511/P[domain,pfile1,pfile2,pfile3,pfile4,pfile5,pfile6]-S[0.0003,50,enhsp-hadd-gbfs]-MO[]-T[518400]-04921538-3c74d66/snapshots/snapshot_35_1.0000",20755777,35,preserve3_term_zenotravel_on_learning_curve,COMPLETED,/home/hersco/training_new_domains/2026-08-31/preserve3_terminal_zenotravel_stage2/20755777_Re-Tr_zenotravel_zenotravel_mcts_orig_vh_e.5_c.1_s534933607_K0_P3TERMS2A0p3_src20523080.txt
preserve3-term-zenotravel-on-534933607-a0p3-policy-e0040,policy_eval,zenotravel,on,534933607,stage2,ready,hadd-gbfs,"/home/hersco/bershco-nu-asnets/numeric-asnets/asnets/experiment-results/experiments_numeric.domain.zenotravel-experiments_numeric.architecture_2.zenotravel_mcts-2026-08-31T22:24:50.537511/P[domain,pfile1,pfile2,pfile3,pfile4,pfile5,pfile6]-S[0.0003,50,enhsp-hadd-gbfs]-MO[]-T[518400]-04921538-3c74d66/snapshots/snapshot_40_1.0000",20755777,40,preserve3_term_zenotravel_on_learning_curve,COMPLETED,/home/hersco/training_new_domains/2026-08-31/preserve3_terminal_zenotravel_stage2/20755777_Re-Tr_zenotravel_zenotravel_mcts_orig_vh_e.5_c.1_s534933607_K0_P3TERMS2A0p3_src20523080.txt
preserve3-term-zenotravel-on-534933607-a0p3-policy-e0045,policy_eval,zenotravel,on,534933607,stage2,ready,hadd-gbfs,"/home/hersco/bershco-nu-asnets/numeric-asnets/asnets/experiment-results/experiments_numeric.domain.zenotravel-experiments_numeric.architecture_2.zenotravel_mcts-2026-08-31T22:24:50.537511/P[domain,pfile1,pfile2,pfile3,pfile4,pfile5,pfile6]-S[0.0003,50,enhsp-hadd-gbfs]-MO[]-T[518400]-04921538-3c74d66/snapshots/snapshot_45_1.0000",20755777,45,preserve3_term_zenotravel_on_learning_curve,COMPLETED,/home/hersco/training_new_domains/2026-08-31/preserve3_terminal_zenotravel_stage2/20755777_Re-Tr_zenotravel_zenotravel_mcts_orig_vh_e.5_c.1_s534933607_K0_P3TERMS2A0p3_src20523080.txt
preserve3-term-zenotravel-on-534933607-a0p3-policy-e0050,policy_eval,zenotravel,on,534933607,stage2,ready,hadd-gbfs,"/home/hersco/bershco-nu-asnets/numeric-asnets/asnets/experiment-results/experiments_numeric.domain.zenotravel-experiments_numeric.architecture_2.zenotravel_mcts-2026-08-31T22:24:50.537511/P[domain,pfile1,pfile2,pfile3,pfile4,pfile5,pfile6]-S[0.0003,50,enhsp-hadd-gbfs]-MO[]-T[518400]-04921538-3c74d66/snapshots/snapshot_50_1.0000",20755777,50,preserve3_term_zenotravel_on_learning_curve,COMPLETED,/home/hersco/training_new_domains/2026-08-31/preserve3_terminal_zenotravel_stage2/20755777_Re-Tr_zenotravel_zenotravel_mcts_orig_vh_e.5_c.1_s534933607_K0_P3TERMS2A0p3_src20523080.txt
preserve3-term-zenotravel-on-534933607-a0p3-policy-e0055,policy_eval,zenotravel,on,534933607,stage2,ready,hadd-gbfs,"/home/hersco/bershco-nu-asnets/numeric-asnets/asnets/experiment-results/experiments_numeric.domain.zenotravel-experiments_numeric.architecture_2.zenotravel_mcts-2026-08-31T22:24:50.537511/P[domain,pfile1,pfile2,pfile3,pfile4,pfile5,pfile6]-S[0.0003,50,enhsp-hadd-gbfs]-MO[]-T[518400]-04921538-3c74d66/snapshots/snapshot_55_1.0000",20755777,55,preserve3_term_zenotravel_on_learning_curve,COMPLETED,/home/hersco/training_new_domains/2026-08-31/preserve3_terminal_zenotravel_stage2/20755777_Re-Tr_zenotravel_zenotravel_mcts_orig_vh_e.5_c.1_s534933607_K0_P3TERMS2A0p3_src20523080.txt
preserve3-term-zenotravel-on-534933607-a0p3-policy-e0060,policy_eval,zenotravel,on,534933607,stage2,ready,hadd-gbfs,"/home/hersco/bershco-nu-asnets/numeric-asnets/asnets/experiment-results/experiments_numeric.domain.zenotravel-experiments_numeric.architecture_2.zenotravel_mcts-2026-08-31T22:24:50.537511/P[domain,pfile1,pfile2,pfile3,pfile4,pfile5,pfile6]-S[0.0003,50,enhsp-hadd-gbfs]-MO[]-T[518400]-04921538-3c74d66/snapshots/snapshot_60_1.0000",20755777,60,preserve3_term_zenotravel_on_learning_curve,COMPLETED,/home/hersco/training_new_domains/2026-08-31/preserve3_terminal_zenotravel_stage2/20755777_Re-Tr_zenotravel_zenotravel_mcts_orig_vh_e.5_c.1_s534933607_K0_P3TERMS2A0p3_src20523080.txt
preserve3-term-zenotravel-on-534933607-a0p3-policy-e0065,policy_eval,zenotravel,on,534933607,stage2,ready,hadd-gbfs,"/home/hersco/bershco-nu-asnets/numeric-asnets/asnets/experiment-results/experiments_numeric.domain.zenotravel-experiments_numeric.architecture_2.zenotravel_mcts-2026-08-31T22:24:50.537511/P[domain,pfile1,pfile2,pfile3,pfile4,pfile5,pfile6]-S[0.0003,50,enhsp-hadd-gbfs]-MO[]-T[518400]-04921538-3c74d66/snapshots/snapshot_65_1.0000",20755777,65,preserve3_term_zenotravel_on_learning_curve,COMPLETED,/home/hersco/training_new_domains/2026-08-31/preserve3_terminal_zenotravel_stage2/20755777_Re-Tr_zenotravel_zenotravel_mcts_orig_vh_e.5_c.1_s534933607_K0_P3TERMS2A0p3_src20523080.txt
preserve3-term-zenotravel-on-534933607-a0p3-policy-e0070,policy_eval,zenotravel,on,534933607,stage2,ready,hadd-gbfs,"/home/hersco/bershco-nu-asnets/numeric-asnets/asnets/experiment-results/experiments_numeric.domain.zenotravel-experiments_numeric.architecture_2.zenotravel_mcts-2026-08-31T22:24:50.537511/P[domain,pfile1,pfile2,pfile3,pfile4,pfile5,pfile6]-S[0.0003,50,enhsp-hadd-gbfs]-MO[]-T[518400]-04921538-3c74d66/snapshots/snapshot_70_1.0000",20755777,70,preserve3_term_zenotravel_on_learning_curve,COMPLETED,/home/hersco/training_new_domains/2026-08-31/preserve3_terminal_zenotravel_stage2/20755777_Re-Tr_zenotravel_zenotravel_mcts_orig_vh_e.5_c.1_s534933607_K0_P3TERMS2A0p3_src20523080.txt
preserve3-term-zenotravel-on-534933607-a0p3-policy-e0075,policy_eval,zenotravel,on,534933607,stage2,ready,hadd-gbfs,"/home/hersco/bershco-nu-asnets/numeric-asnets/asnets/experiment-results/experiments_numeric.domain.zenotravel-experiments_numeric.architecture_2.zenotravel_mcts-2026-08-31T22:24:50.537511/P[domain,pfile1,pfile2,pfile3,pfile4,pfile5,pfile6]-S[0.0003,50,enhsp-hadd-gbfs]-MO[]-T[518400]-04921538-3c74d66/snapshots/snapshot_75_1.0000",20755777,75,preserve3_term_zenotravel_on_learning_curve,COMPLETED,/home/hersco/training_new_domains/2026-08-31/preserve3_terminal_zenotravel_stage2/20755777_Re-Tr_zenotravel_zenotravel_mcts_orig_vh_e.5_c.1_s534933607_K0_P3TERMS2A0p3_src20523080.txt
preserve3-term-zenotravel-on-534933607-a0p3-policy-e0080,policy_eval,zenotravel,on,534933607,stage2,ready,hadd-gbfs,"/home/hersco/bershco-nu-asnets/numeric-asnets/asnets/experiment-results/experiments_numeric.domain.zenotravel-experiments_numeric.architecture_2.zenotravel_mcts-2026-08-31T22:24:50.537511/P[domain,pfile1,pfile2,pfile3,pfile4,pfile5,pfile6]-S[0.0003,50,enhsp-hadd-gbfs]-MO[]-T[518400]-04921538-3c74d66/snapshots/snapshot_80_1.0000",20755777,80,preserve3_term_zenotravel_on_learning_curve,COMPLETED,/home/hersco/training_new_domains/2026-08-31/preserve3_terminal_zenotravel_stage2/20755777_Re-Tr_zenotravel_zenotravel_mcts_orig_vh_e.5_c.1_s534933607_K0_P3TERMS2A0p3_src20523080.txt
preserve3-term-zenotravel-on-534933607-a0p3-policy-e0085,policy_eval,zenotravel,on,534933607,stage2,ready,hadd-gbfs,"/home/hersco/bershco-nu-asnets/numeric-asnets/asnets/experiment-results/experiments_numeric.domain.zenotravel-experiments_numeric.architecture_2.zenotravel_mcts-2026-08-31T22:24:50.537511/P[domain,pfile1,pfile2,pfile3,pfile4,pfile5,pfile6]-S[0.0003,50,enhsp-hadd-gbfs]-MO[]-T[518400]-04921538-3c74d66/snapshots/snapshot_85_1.0000",20755777,85,preserve3_term_zenotravel_on_learning_curve,COMPLETED,/home/hersco/training_new_domains/2026-08-31/preserve3_terminal_zenotravel_stage2/20755777_Re-Tr_zenotravel_zenotravel_mcts_orig_vh_e.5_c.1_s534933607_K0_P3TERMS2A0p3_src20523080.txt
preserve3-term-zenotravel-on-534933607-a0p3-policy-e0090,policy_eval,zenotravel,on,534933607,stage2,ready,hadd-gbfs,"/home/hersco/bershco-nu-asnets/numeric-asnets/asnets/experiment-results/experiments_numeric.domain.zenotravel-experiments_numeric.architecture_2.zenotravel_mcts-2026-08-31T22:24:50.537511/P[domain,pfile1,pfile2,pfile3,pfile4,pfile5,pfile6]-S[0.0003,50,enhsp-hadd-gbfs]-MO[]-T[518400]-04921538-3c74d66/snapshots/snapshot_90_1.0000",20755777,90,preserve3_term_zenotravel_on_learning_curve,COMPLETED,/home/hersco/training_new_domains/2026-08-31/preserve3_terminal_zenotravel_stage2/20755777_Re-Tr_zenotravel_zenotravel_mcts_orig_vh_e.5_c.1_s534933607_K0_P3TERMS2A0p3_src20523080.txt
preserve3-term-zenotravel-on-534933607-a0p3-policy-e0095,policy_eval,zenotravel,on,534933607,stage2,ready,hadd-gbfs,"/home/hersco/bershco-nu-asnets/numeric-asnets/asnets/experiment-results/experiments_numeric.domain.zenotravel-experiments_numeric.architecture_2.zenotravel_mcts-2026-08-31T22:24:50.537511/P[domain,pfile1,pfile2,pfile3,pfile4,pfile5,pfile6]-S[0.0003,50,enhsp-hadd-gbfs]-MO[]-T[518400]-04921538-3c74d66/snapshots/snapshot_95_1.0000",20755777,95,preserve3_term_zenotravel_on_learning_curve,COMPLETED,/home/hersco/training_new_domains/2026-08-31/preserve3_terminal_zenotravel_stage2/20755777_Re-Tr_zenotravel_zenotravel_mcts_orig_vh_e.5_c.1_s534933607_K0_P3TERMS2A0p3_src20523080.txt
preserve3-term-zenotravel-on-534933607-a0p3-policy-e0097,policy_eval,zenotravel,on,534933607,stage2,ready,hadd-gbfs,"/home/hersco/bershco-nu-asnets/numeric-asnets/asnets/experiment-results/experiments_numeric.domain.zenotravel-experiments_numeric.architecture_2.zenotravel_mcts-2026-08-31T22:24:50.537511/P[domain,pfile1,pfile2,pfile3,pfile4,pfile5,pfile6]-S[0.0003,50,enhsp-hadd-gbfs]-MO[]-T[518400]-04921538-3c74d66/snapshots/snapshot_97_1.0000",20755777,97,preserve3_term_zenotravel_on_learning_curve;preserve3_term_zenotravel_on_validation_selected_policy,COMPLETED,/home/hersco/training_new_domains/2026-08-31/preserve3_terminal_zenotravel_stage2/20755777_Re-Tr_zenotravel_zenotravel_mcts_orig_vh_e.5_c.1_s534933607_K0_P3TERMS2A0p3_src20523080.txt
preserve3-term-zenotravel-on-534933607-a0p3-policy-e0099,policy_eval,zenotravel,on,534933607,stage2,ready,hadd-gbfs,"/home/hersco/bershco-nu-asnets/numeric-asnets/asnets/experiment-results/experiments_numeric.domain.zenotravel-experiments_numeric.architecture_2.zenotravel_mcts-2026-08-31T22:24:50.537511/P[domain,pfile1,pfile2,pfile3,pfile4,pfile5,pfile6]-S[0.0003,50,enhsp-hadd-gbfs]-MO[]-T[518400]-04921538-3c74d66/snapshots/snapshot_99_1.0000",20755777,99,preserve3_term_zenotravel_on_learning_curve;preserve3_term_zenotravel_on_final_policy,COMPLETED,/home/hersco/training_new_domains/2026-08-31/preserve3_terminal_zenotravel_stage2/20755777_Re-Tr_zenotravel_zenotravel_mcts_orig_vh_e.5_c.1_s534933607_K0_P3TERMS2A0p3_src20523080.txt
preserve3-term-zenotravel-on-923500475-a0p3-policy-e0000,policy_eval,zenotravel,on,923500475,stage2,ready,hadd-gbfs,"/home/hersco/bershco-nu-asnets/numeric-asnets/asnets/experiment-results/experiments_numeric.domain.zenotravel-experiments_numeric.architecture_2.zenotravel_mcts-2026-08-31T22:54:11.019866/P[domain,pfile1,pfile2,pfile3,pfile4,pfile5,pfile6]-S[0.0003,50,enhsp-hadd-gbfs]-MO[]-T[518400]-04921568-5194f74/snapshots/snapshot_0_1.0000",20755778,0,preserve3_term_zenotravel_on_learning_curve;preserve3_term_zenotravel_on_validation_selected_policy,COMPLETED,/home/hersco/training_new_domains/2026-08-31/preserve3_terminal_zenotravel_stage2/20755778_Re-Tr_zenotravel_zenotravel_mcts_orig_vh_e.5_c.1_s923500475_K0_P3TERMS2A0p3_src20523084.txt
preserve3-term-zenotravel-on-923500475-a0p3-policy-e0005,policy_eval,zenotravel,on,923500475,stage2,ready,hadd-gbfs,"/home/hersco/bershco-nu-asnets/numeric-asnets/asnets/experiment-results/experiments_numeric.domain.zenotravel-experiments_numeric.architecture_2.zenotravel_mcts-2026-08-31T22:54:11.019866/P[domain,pfile1,pfile2,pfile3,pfile4,pfile5,pfile6]-S[0.0003,50,enhsp-hadd-gbfs]-MO[]-T[518400]-04921568-5194f74/snapshots/snapshot_5_1.0000",20755778,5,preserve3_term_zenotravel_on_learning_curve,COMPLETED,/home/hersco/training_new_domains/2026-08-31/preserve3_terminal_zenotravel_stage2/20755778_Re-Tr_zenotravel_zenotravel_mcts_orig_vh_e.5_c.1_s923500475_K0_P3TERMS2A0p3_src20523084.txt
preserve3-term-zenotravel-on-923500475-a0p3-policy-e0010,policy_eval,zenotravel,on,923500475,stage2,ready,hadd-gbfs,"/home/hersco/bershco-nu-asnets/numeric-asnets/asnets/experiment-results/experiments_numeric.domain.zenotravel-experiments_numeric.architecture_2.zenotravel_mcts-2026-08-31T22:54:11.019866/P[domain,pfile1,pfile2,pfile3,pfile4,pfile5,pfile6]-S[0.0003,50,enhsp-hadd-gbfs]-MO[]-T[518400]-04921568-5194f74/snapshots/snapshot_10_1.0000",20755778,10,preserve3_term_zenotravel_on_learning_curve,COMPLETED,/home/hersco/training_new_domains/2026-08-31/preserve3_terminal_zenotravel_stage2/20755778_Re-Tr_zenotravel_zenotravel_mcts_orig_vh_e.5_c.1_s923500475_K0_P3TERMS2A0p3_src20523084.txt
preserve3-term-zenotravel-on-923500475-a0p3-policy-e0015,policy_eval,zenotravel,on,923500475,stage2,ready,hadd-gbfs,"/home/hersco/bershco-nu-asnets/numeric-asnets/asnets/experiment-results/experiments_numeric.domain.zenotravel-experiments_numeric.architecture_2.zenotravel_mcts-2026-08-31T22:54:11.019866/P[domain,pfile1,pfile2,pfile3,pfile4,pfile5,pfile6]-S[0.0003,50,enhsp-hadd-gbfs]-MO[]-T[518400]-04921568-5194f74/snapshots/snapshot_15_1.0000",20755778,15,preserve3_term_zenotravel_on_learning_curve,COMPLETED,/home/hersco/training_new_domains/2026-08-31/preserve3_terminal_zenotravel_stage2/20755778_Re-Tr_zenotravel_zenotravel_mcts_orig_vh_e.5_c.1_s923500475_K0_P3TERMS2A0p3_src20523084.txt
preserve3-term-zenotravel-on-923500475-a0p3-policy-e0020,policy_eval,zenotravel,on,923500475,stage2,ready,hadd-gbfs,"/home/hersco/bershco-nu-asnets/numeric-asnets/asnets/experiment-results/experiments_numeric.domain.zenotravel-experiments_numeric.architecture_2.zenotravel_mcts-2026-08-31T22:54:11.019866/P[domain,pfile1,pfile2,pfile3,pfile4,pfile5,pfile6]-S[0.0003,50,enhsp-hadd-gbfs]-MO[]-T[518400]-04921568-5194f74/snapshots/snapshot_20_1.0000",20755778,20,preserve3_term_zenotravel_on_learning_curve,COMPLETED,/home/hersco/training_new_domains/2026-08-31/preserve3_terminal_zenotravel_stage2/20755778_Re-Tr_zenotravel_zenotravel_mcts_orig_vh_e.5_c.1_s923500475_K0_P3TERMS2A0p3_src20523084.txt
preserve3-term-zenotravel-on-923500475-a0p3-policy-e0025,policy_eval,zenotravel,on,923500475,stage2,ready,hadd-gbfs,"/home/hersco/bershco-nu-asnets/numeric-asnets/asnets/experiment-results/experiments_numeric.domain.zenotravel-experiments_numeric.architecture_2.zenotravel_mcts-2026-08-31T22:54:11.019866/P[domain,pfile1,pfile2,pfile3,pfile4,pfile5,pfile6]-S[0.0003,50,enhsp-hadd-gbfs]-MO[]-T[518400]-04921568-5194f74/snapshots/snapshot_25_1.0000",20755778,25,preserve3_term_zenotravel_on_learning_curve,COMPLETED,/home/hersco/training_new_domains/2026-08-31/preserve3_terminal_zenotravel_stage2/20755778_Re-Tr_zenotravel_zenotravel_mcts_orig_vh_e.5_c.1_s923500475_K0_P3TERMS2A0p3_src20523084.txt
preserve3-term-zenotravel-on-923500475-a0p3-policy-e0030,policy_eval,zenotravel,on,923500475,stage2,ready,hadd-gbfs,"/home/hersco/bershco-nu-asnets/numeric-asnets/asnets/experiment-results/experiments_numeric.domain.zenotravel-experiments_numeric.architecture_2.zenotravel_mcts-2026-08-31T22:54:11.019866/P[domain,pfile1,pfile2,pfile3,pfile4,pfile5,pfile6]-S[0.0003,50,enhsp-hadd-gbfs]-MO[]-T[518400]-04921568-5194f74/snapshots/snapshot_30_1.0000",20755778,30,preserve3_term_zenotravel_on_learning_curve,COMPLETED,/home/hersco/training_new_domains/2026-08-31/preserve3_terminal_zenotravel_stage2/20755778_Re-Tr_zenotravel_zenotravel_mcts_orig_vh_e.5_c.1_s923500475_K0_P3TERMS2A0p3_src20523084.txt
preserve3-term-zenotravel-on-923500475-a0p3-policy-e0035,policy_eval,zenotravel,on,923500475,stage2,ready,hadd-gbfs,"/home/hersco/bershco-nu-asnets/numeric-asnets/asnets/experiment-results/experiments_numeric.domain.zenotravel-experiments_numeric.architecture_2.zenotravel_mcts-2026-08-31T22:54:11.019866/P[domain,pfile1,pfile2,pfile3,pfile4,pfile5,pfile6]-S[0.0003,50,enhsp-hadd-gbfs]-MO[]-T[518400]-04921568-5194f74/snapshots/snapshot_35_1.0000",20755778,35,preserve3_term_zenotravel_on_learning_curve,COMPLETED,/home/hersco/training_new_domains/2026-08-31/preserve3_terminal_zenotravel_stage2/20755778_Re-Tr_zenotravel_zenotravel_mcts_orig_vh_e.5_c.1_s923500475_K0_P3TERMS2A0p3_src20523084.txt
preserve3-term-zenotravel-on-923500475-a0p3-policy-e0040,policy_eval,zenotravel,on,923500475,stage2,ready,hadd-gbfs,"/home/hersco/bershco-nu-asnets/numeric-asnets/asnets/experiment-results/experiments_numeric.domain.zenotravel-experiments_numeric.architecture_2.zenotravel_mcts-2026-08-31T22:54:11.019866/P[domain,pfile1,pfile2,pfile3,pfile4,pfile5,pfile6]-S[0.0003,50,enhsp-hadd-gbfs]-MO[]-T[518400]-04921568-5194f74/snapshots/snapshot_40_1.0000",20755778,40,preserve3_term_zenotravel_on_learning_curve,COMPLETED,/home/hersco/training_new_domains/2026-08-31/preserve3_terminal_zenotravel_stage2/20755778_Re-Tr_zenotravel_zenotravel_mcts_orig_vh_e.5_c.1_s923500475_K0_P3TERMS2A0p3_src20523084.txt
preserve3-term-zenotravel-on-923500475-a0p3-policy-e0045,policy_eval,zenotravel,on,923500475,stage2,ready,hadd-gbfs,"/home/hersco/bershco-nu-asnets/numeric-asnets/asnets/experiment-results/experiments_numeric.domain.zenotravel-experiments_numeric.architecture_2.zenotravel_mcts-2026-08-31T22:54:11.019866/P[domain,pfile1,pfile2,pfile3,pfile4,pfile5,pfile6]-S[0.0003,50,enhsp-hadd-gbfs]-MO[]-T[518400]-04921568-5194f74/snapshots/snapshot_45_1.0000",20755778,45,preserve3_term_zenotravel_on_learning_curve,COMPLETED,/home/hersco/training_new_domains/2026-08-31/preserve3_terminal_zenotravel_stage2/20755778_Re-Tr_zenotravel_zenotravel_mcts_orig_vh_e.5_c.1_s923500475_K0_P3TERMS2A0p3_src20523084.txt
preserve3-term-zenotravel-on-923500475-a0p3-policy-e0050,policy_eval,zenotravel,on,923500475,stage2,ready,hadd-gbfs,"/home/hersco/bershco-nu-asnets/numeric-asnets/asnets/experiment-results/experiments_numeric.domain.zenotravel-experiments_numeric.architecture_2.zenotravel_mcts-2026-08-31T22:54:11.019866/P[domain,pfile1,pfile2,pfile3,pfile4,pfile5,pfile6]-S[0.0003,50,enhsp-hadd-gbfs]-MO[]-T[518400]-04921568-5194f74/snapshots/snapshot_50_1.0000",20755778,50,preserve3_term_zenotravel_on_learning_curve,COMPLETED,/home/hersco/training_new_domains/2026-08-31/preserve3_terminal_zenotravel_stage2/20755778_Re-Tr_zenotravel_zenotravel_mcts_orig_vh_e.5_c.1_s923500475_K0_P3TERMS2A0p3_src20523084.txt
preserve3-term-zenotravel-on-923500475-a0p3-policy-e0055,policy_eval,zenotravel,on,923500475,stage2,ready,hadd-gbfs,"/home/hersco/bershco-nu-asnets/numeric-asnets/asnets/experiment-results/experiments_numeric.domain.zenotravel-experiments_numeric.architecture_2.zenotravel_mcts-2026-08-31T22:54:11.019866/P[domain,pfile1,pfile2,pfile3,pfile4,pfile5,pfile6]-S[0.0003,50,enhsp-hadd-gbfs]-MO[]-T[518400]-04921568-5194f74/snapshots/snapshot_55_1.0000",20755778,55,preserve3_term_zenotravel_on_learning_curve,COMPLETED,/home/hersco/training_new_domains/2026-08-31/preserve3_terminal_zenotravel_stage2/20755778_Re-Tr_zenotravel_zenotravel_mcts_orig_vh_e.5_c.1_s923500475_K0_P3TERMS2A0p3_src20523084.txt
preserve3-term-zenotravel-on-923500475-a0p3-policy-e0060,policy_eval,zenotravel,on,923500475,stage2,ready,hadd-gbfs,"/home/hersco/bershco-nu-asnets/numeric-asnets/asnets/experiment-results/experiments_numeric.domain.zenotravel-experiments_numeric.architecture_2.zenotravel_mcts-2026-08-31T22:54:11.019866/P[domain,pfile1,pfile2,pfile3,pfile4,pfile5,pfile6]-S[0.0003,50,enhsp-hadd-gbfs]-MO[]-T[518400]-04921568-5194f74/snapshots/snapshot_60_1.0000",20755778,60,preserve3_term_zenotravel_on_learning_curve,COMPLETED,/home/hersco/training_new_domains/2026-08-31/preserve3_terminal_zenotravel_stage2/20755778_Re-Tr_zenotravel_zenotravel_mcts_orig_vh_e.5_c.1_s923500475_K0_P3TERMS2A0p3_src20523084.txt
preserve3-term-zenotravel-on-923500475-a0p3-policy-e0065,policy_eval,zenotravel,on,923500475,stage2,ready,hadd-gbfs,"/home/hersco/bershco-nu-asnets/numeric-asnets/asnets/experiment-results/experiments_numeric.domain.zenotravel-experiments_numeric.architecture_2.zenotravel_mcts-2026-08-31T22:54:11.019866/P[domain,pfile1,pfile2,pfile3,pfile4,pfile5,pfile6]-S[0.0003,50,enhsp-hadd-gbfs]-MO[]-T[518400]-04921568-5194f74/snapshots/snapshot_65_1.0000",20755778,65,preserve3_term_zenotravel_on_learning_curve,COMPLETED,/home/hersco/training_new_domains/2026-08-31/preserve3_terminal_zenotravel_stage2/20755778_Re-Tr_zenotravel_zenotravel_mcts_orig_vh_e.5_c.1_s923500475_K0_P3TERMS2A0p3_src20523084.txt
preserve3-term-zenotravel-on-923500475-a0p3-policy-e0070,policy_eval,zenotravel,on,923500475,stage2,ready,hadd-gbfs,"/home/hersco/bershco-nu-asnets/numeric-asnets/asnets/experiment-results/experiments_numeric.domain.zenotravel-experiments_numeric.architecture_2.zenotravel_mcts-2026-08-31T22:54:11.019866/P[domain,pfile1,pfile2,pfile3,pfile4,pfile5,pfile6]-S[0.0003,50,enhsp-hadd-gbfs]-MO[]-T[518400]-04921568-5194f74/snapshots/snapshot_70_1.0000",20755778,70,preserve3_term_zenotravel_on_learning_curve,COMPLETED,/home/hersco/training_new_domains/2026-08-31/preserve3_terminal_zenotravel_stage2/20755778_Re-Tr_zenotravel_zenotravel_mcts_orig_vh_e.5_c.1_s923500475_K0_P3TERMS2A0p3_src20523084.txt
preserve3-term-zenotravel-on-923500475-a0p3-policy-e0075,policy_eval,zenotravel,on,923500475,stage2,ready,hadd-gbfs,"/home/hersco/bershco-nu-asnets/numeric-asnets/asnets/experiment-results/experiments_numeric.domain.zenotravel-experiments_numeric.architecture_2.zenotravel_mcts-2026-08-31T22:54:11.019866/P[domain,pfile1,pfile2,pfile3,pfile4,pfile5,pfile6]-S[0.0003,50,enhsp-hadd-gbfs]-MO[]-T[518400]-04921568-5194f74/snapshots/snapshot_75_1.0000",20755778,75,preserve3_term_zenotravel_on_learning_curve,COMPLETED,/home/hersco/training_new_domains/2026-08-31/preserve3_terminal_zenotravel_stage2/20755778_Re-Tr_zenotravel_zenotravel_mcts_orig_vh_e.5_c.1_s923500475_K0_P3TERMS2A0p3_src20523084.txt
preserve3-term-zenotravel-on-923500475-a0p3-policy-e0080,policy_eval,zenotravel,on,923500475,stage2,ready,hadd-gbfs,"/home/hersco/bershco-nu-asnets/numeric-asnets/asnets/experiment-results/experiments_numeric.domain.zenotravel-experiments_numeric.architecture_2.zenotravel_mcts-2026-08-31T22:54:11.019866/P[domain,pfile1,pfile2,pfile3,pfile4,pfile5,pfile6]-S[0.0003,50,enhsp-hadd-gbfs]-MO[]-T[518400]-04921568-5194f74/snapshots/snapshot_80_1.0000",20755778,80,preserve3_term_zenotravel_on_learning_curve,COMPLETED,/home/hersco/training_new_domains/2026-08-31/preserve3_terminal_zenotravel_stage2/20755778_Re-Tr_zenotravel_zenotravel_mcts_orig_vh_e.5_c.1_s923500475_K0_P3TERMS2A0p3_src20523084.txt
preserve3-term-zenotravel-on-923500475-a0p3-policy-e0085,policy_eval,zenotravel,on,923500475,stage2,ready,hadd-gbfs,"/home/hersco/bershco-nu-asnets/numeric-asnets/asnets/experiment-results/experiments_numeric.domain.zenotravel-experiments_numeric.architecture_2.zenotravel_mcts-2026-08-31T22:54:11.019866/P[domain,pfile1,pfile2,pfile3,pfile4,pfile5,pfile6]-S[0.0003,50,enhsp-hadd-gbfs]-MO[]-T[518400]-04921568-5194f74/snapshots/snapshot_85_1.0000",20755778,85,preserve3_term_zenotravel_on_learning_curve,COMPLETED,/home/hersco/training_new_domains/2026-08-31/preserve3_terminal_zenotravel_stage2/20755778_Re-Tr_zenotravel_zenotravel_mcts_orig_vh_e.5_c.1_s923500475_K0_P3TERMS2A0p3_src20523084.txt
preserve3-term-zenotravel-on-923500475-a0p3-policy-e0090,policy_eval,zenotravel,on,923500475,stage2,ready,hadd-gbfs,"/home/hersco/bershco-nu-asnets/numeric-asnets/asnets/experiment-results/experiments_numeric.domain.zenotravel-experiments_numeric.architecture_2.zenotravel_mcts-2026-08-31T22:54:11.019866/P[domain,pfile1,pfile2,pfile3,pfile4,pfile5,pfile6]-S[0.0003,50,enhsp-hadd-gbfs]-MO[]-T[518400]-04921568-5194f74/snapshots/snapshot_90_1.0000",20755778,90,preserve3_term_zenotravel_on_learning_curve,COMPLETED,/home/hersco/training_new_domains/2026-08-31/preserve3_terminal_zenotravel_stage2/20755778_Re-Tr_zenotravel_zenotravel_mcts_orig_vh_e.5_c.1_s923500475_K0_P3TERMS2A0p3_src20523084.txt
preserve3-term-zenotravel-on-923500475-a0p3-policy-e0095,policy_eval,zenotravel,on,923500475,stage2,ready,hadd-gbfs,"/home/hersco/bershco-nu-asnets/numeric-asnets/asnets/experiment-results/experiments_numeric.domain.zenotravel-experiments_numeric.architecture_2.zenotravel_mcts-2026-08-31T22:54:11.019866/P[domain,pfile1,pfile2,pfile3,pfile4,pfile5,pfile6]-S[0.0003,50,enhsp-hadd-gbfs]-MO[]-T[518400]-04921568-5194f74/snapshots/snapshot_95_1.0000",20755778,95,preserve3_term_zenotravel_on_learning_curve,COMPLETED,/home/hersco/training_new_domains/2026-08-31/preserve3_terminal_zenotravel_stage2/20755778_Re-Tr_zenotravel_zenotravel_mcts_orig_vh_e.5_c.1_s923500475_K0_P3TERMS2A0p3_src20523084.txt
preserve3-term-zenotravel-on-923500475-a0p3-policy-e0099,policy_eval,zenotravel,on,923500475,stage2,ready,hadd-gbfs,"/home/hersco/bershco-nu-asnets/numeric-asnets/asnets/experiment-results/experiments_numeric.domain.zenotravel-experiments_numeric.architecture_2.zenotravel_mcts-2026-08-31T22:54:11.019866/P[domain,pfile1,pfile2,pfile3,pfile4,pfile5,pfile6]-S[0.0003,50,enhsp-hadd-gbfs]-MO[]-T[518400]-04921568-5194f74/snapshots/snapshot_99_1.0000",20755778,99,preserve3_term_zenotravel_on_learning_curve;preserve3_term_zenotravel_on_final_policy,COMPLETED,/home/hersco/training_new_domains/2026-08-31/preserve3_terminal_zenotravel_stage2/20755778_Re-Tr_zenotravel_zenotravel_mcts_orig_vh_e.5_c.1_s923500475_K0_P3TERMS2A0p3_src20523084.txt
preserve3-term-zenotravel-on-1073581256-a0p3-policy-e0000,policy_eval,zenotravel,on,1073581256,stage2,ready,hadd-gbfs,"/home/hersco/bershco-nu-asnets/numeric-asnets/asnets/experiment-results/experiments_numeric.domain.zenotravel-experiments_numeric.architecture_2.zenotravel_mcts-2026-08-31T22:53:39.564812/P[domain,pfile1,pfile2,pfile3,pfile4,pfile5,pfile6]-S[0.0003,50,enhsp-hadd-gbfs]-MO[]-T[518400]-04921567-1247c09/snapshots/snapshot_0_1.0000",20755779,0,preserve3_term_zenotravel_on_learning_curve,COMPLETED,/home/hersco/training_new_domains/2026-08-31/preserve3_terminal_zenotravel_stage2/20755779_Re-Tr_zenotravel_zenotravel_mcts_orig_vh_e.5_c.1_s1073581256_K0_P3TERMS2A0p3_src20523072.txt
preserve3-term-zenotravel-on-1073581256-a0p3-policy-e0005,policy_eval,zenotravel,on,1073581256,stage2,ready,hadd-gbfs,"/home/hersco/bershco-nu-asnets/numeric-asnets/asnets/experiment-results/experiments_numeric.domain.zenotravel-experiments_numeric.architecture_2.zenotravel_mcts-2026-08-31T22:53:39.564812/P[domain,pfile1,pfile2,pfile3,pfile4,pfile5,pfile6]-S[0.0003,50,enhsp-hadd-gbfs]-MO[]-T[518400]-04921567-1247c09/snapshots/snapshot_5_1.0000",20755779,5,preserve3_term_zenotravel_on_learning_curve,COMPLETED,/home/hersco/training_new_domains/2026-08-31/preserve3_terminal_zenotravel_stage2/20755779_Re-Tr_zenotravel_zenotravel_mcts_orig_vh_e.5_c.1_s1073581256_K0_P3TERMS2A0p3_src20523072.txt
preserve3-term-zenotravel-on-1073581256-a0p3-policy-e0009,policy_eval,zenotravel,on,1073581256,stage2,ready,hadd-gbfs,"/home/hersco/bershco-nu-asnets/numeric-asnets/asnets/experiment-results/experiments_numeric.domain.zenotravel-experiments_numeric.architecture_2.zenotravel_mcts-2026-08-31T22:53:39.564812/P[domain,pfile1,pfile2,pfile3,pfile4,pfile5,pfile6]-S[0.0003,50,enhsp-hadd-gbfs]-MO[]-T[518400]-04921567-1247c09/snapshots/snapshot_9_1.0000",20755779,9,preserve3_term_zenotravel_on_learning_curve;preserve3_term_zenotravel_on_validation_selected_policy,COMPLETED,/home/hersco/training_new_domains/2026-08-31/preserve3_terminal_zenotravel_stage2/20755779_Re-Tr_zenotravel_zenotravel_mcts_orig_vh_e.5_c.1_s1073581256_K0_P3TERMS2A0p3_src20523072.txt
preserve3-term-zenotravel-on-1073581256-a0p3-policy-e0010,policy_eval,zenotravel,on,1073581256,stage2,ready,hadd-gbfs,"/home/hersco/bershco-nu-asnets/numeric-asnets/asnets/experiment-results/experiments_numeric.domain.zenotravel-experiments_numeric.architecture_2.zenotravel_mcts-2026-08-31T22:53:39.564812/P[domain,pfile1,pfile2,pfile3,pfile4,pfile5,pfile6]-S[0.0003,50,enhsp-hadd-gbfs]-MO[]-T[518400]-04921567-1247c09/snapshots/snapshot_10_1.0000",20755779,10,preserve3_term_zenotravel_on_learning_curve,COMPLETED,/home/hersco/training_new_domains/2026-08-31/preserve3_terminal_zenotravel_stage2/20755779_Re-Tr_zenotravel_zenotravel_mcts_orig_vh_e.5_c.1_s1073581256_K0_P3TERMS2A0p3_src20523072.txt
preserve3-term-zenotravel-on-1073581256-a0p3-policy-e0015,policy_eval,zenotravel,on,1073581256,stage2,ready,hadd-gbfs,"/home/hersco/bershco-nu-asnets/numeric-asnets/asnets/experiment-results/experiments_numeric.domain.zenotravel-experiments_numeric.architecture_2.zenotravel_mcts-2026-08-31T22:53:39.564812/P[domain,pfile1,pfile2,pfile3,pfile4,pfile5,pfile6]-S[0.0003,50,enhsp-hadd-gbfs]-MO[]-T[518400]-04921567-1247c09/snapshots/snapshot_15_1.0000",20755779,15,preserve3_term_zenotravel_on_learning_curve,COMPLETED,/home/hersco/training_new_domains/2026-08-31/preserve3_terminal_zenotravel_stage2/20755779_Re-Tr_zenotravel_zenotravel_mcts_orig_vh_e.5_c.1_s1073581256_K0_P3TERMS2A0p3_src20523072.txt
preserve3-term-zenotravel-on-1073581256-a0p3-policy-e0020,policy_eval,zenotravel,on,1073581256,stage2,ready,hadd-gbfs,"/home/hersco/bershco-nu-asnets/numeric-asnets/asnets/experiment-results/experiments_numeric.domain.zenotravel-experiments_numeric.architecture_2.zenotravel_mcts-2026-08-31T22:53:39.564812/P[domain,pfile1,pfile2,pfile3,pfile4,pfile5,pfile6]-S[0.0003,50,enhsp-hadd-gbfs]-MO[]-T[518400]-04921567-1247c09/snapshots/snapshot_20_1.0000",20755779,20,preserve3_term_zenotravel_on_learning_curve,COMPLETED,/home/hersco/training_new_domains/2026-08-31/preserve3_terminal_zenotravel_stage2/20755779_Re-Tr_zenotravel_zenotravel_mcts_orig_vh_e.5_c.1_s1073581256_K0_P3TERMS2A0p3_src20523072.txt
preserve3-term-zenotravel-on-1073581256-a0p3-policy-e0025,policy_eval,zenotravel,on,1073581256,stage2,ready,hadd-gbfs,"/home/hersco/bershco-nu-asnets/numeric-asnets/asnets/experiment-results/experiments_numeric.domain.zenotravel-experiments_numeric.architecture_2.zenotravel_mcts-2026-08-31T22:53:39.564812/P[domain,pfile1,pfile2,pfile3,pfile4,pfile5,pfile6]-S[0.0003,50,enhsp-hadd-gbfs]-MO[]-T[518400]-04921567-1247c09/snapshots/snapshot_25_1.0000",20755779,25,preserve3_term_zenotravel_on_learning_curve,COMPLETED,/home/hersco/training_new_domains/2026-08-31/preserve3_terminal_zenotravel_stage2/20755779_Re-Tr_zenotravel_zenotravel_mcts_orig_vh_e.5_c.1_s1073581256_K0_P3TERMS2A0p3_src20523072.txt
preserve3-term-zenotravel-on-1073581256-a0p3-policy-e0030,policy_eval,zenotravel,on,1073581256,stage2,ready,hadd-gbfs,"/home/hersco/bershco-nu-asnets/numeric-asnets/asnets/experiment-results/experiments_numeric.domain.zenotravel-experiments_numeric.architecture_2.zenotravel_mcts-2026-08-31T22:53:39.564812/P[domain,pfile1,pfile2,pfile3,pfile4,pfile5,pfile6]-S[0.0003,50,enhsp-hadd-gbfs]-MO[]-T[518400]-04921567-1247c09/snapshots/snapshot_30_1.0000",20755779,30,preserve3_term_zenotravel_on_learning_curve,COMPLETED,/home/hersco/training_new_domains/2026-08-31/preserve3_terminal_zenotravel_stage2/20755779_Re-Tr_zenotravel_zenotravel_mcts_orig_vh_e.5_c.1_s1073581256_K0_P3TERMS2A0p3_src20523072.txt
preserve3-term-zenotravel-on-1073581256-a0p3-policy-e0035,policy_eval,zenotravel,on,1073581256,stage2,ready,hadd-gbfs,"/home/hersco/bershco-nu-asnets/numeric-asnets/asnets/experiment-results/experiments_numeric.domain.zenotravel-experiments_numeric.architecture_2.zenotravel_mcts-2026-08-31T22:53:39.564812/P[domain,pfile1,pfile2,pfile3,pfile4,pfile5,pfile6]-S[0.0003,50,enhsp-hadd-gbfs]-MO[]-T[518400]-04921567-1247c09/snapshots/snapshot_35_1.0000",20755779,35,preserve3_term_zenotravel_on_learning_curve,COMPLETED,/home/hersco/training_new_domains/2026-08-31/preserve3_terminal_zenotravel_stage2/20755779_Re-Tr_zenotravel_zenotravel_mcts_orig_vh_e.5_c.1_s1073581256_K0_P3TERMS2A0p3_src20523072.txt
preserve3-term-zenotravel-on-1073581256-a0p3-policy-e0040,policy_eval,zenotravel,on,1073581256,stage2,ready,hadd-gbfs,"/home/hersco/bershco-nu-asnets/numeric-asnets/asnets/experiment-results/experiments_numeric.domain.zenotravel-experiments_numeric.architecture_2.zenotravel_mcts-2026-08-31T22:53:39.564812/P[domain,pfile1,pfile2,pfile3,pfile4,pfile5,pfile6]-S[0.0003,50,enhsp-hadd-gbfs]-MO[]-T[518400]-04921567-1247c09/snapshots/snapshot_40_1.0000",20755779,40,preserve3_term_zenotravel_on_learning_curve,COMPLETED,/home/hersco/training_new_domains/2026-08-31/preserve3_terminal_zenotravel_stage2/20755779_Re-Tr_zenotravel_zenotravel_mcts_orig_vh_e.5_c.1_s1073581256_K0_P3TERMS2A0p3_src20523072.txt
preserve3-term-zenotravel-on-1073581256-a0p3-policy-e0045,policy_eval,zenotravel,on,1073581256,stage2,ready,hadd-gbfs,"/home/hersco/bershco-nu-asnets/numeric-asnets/asnets/experiment-results/experiments_numeric.domain.zenotravel-experiments_numeric.architecture_2.zenotravel_mcts-2026-08-31T22:53:39.564812/P[domain,pfile1,pfile2,pfile3,pfile4,pfile5,pfile6]-S[0.0003,50,enhsp-hadd-gbfs]-MO[]-T[518400]-04921567-1247c09/snapshots/snapshot_45_1.0000",20755779,45,preserve3_term_zenotravel_on_learning_curve,COMPLETED,/home/hersco/training_new_domains/2026-08-31/preserve3_terminal_zenotravel_stage2/20755779_Re-Tr_zenotravel_zenotravel_mcts_orig_vh_e.5_c.1_s1073581256_K0_P3TERMS2A0p3_src20523072.txt
preserve3-term-zenotravel-on-1073581256-a0p3-policy-e0050,policy_eval,zenotravel,on,1073581256,stage2,ready,hadd-gbfs,"/home/hersco/bershco-nu-asnets/numeric-asnets/asnets/experiment-results/experiments_numeric.domain.zenotravel-experiments_numeric.architecture_2.zenotravel_mcts-2026-08-31T22:53:39.564812/P[domain,pfile1,pfile2,pfile3,pfile4,pfile5,pfile6]-S[0.0003,50,enhsp-hadd-gbfs]-MO[]-T[518400]-04921567-1247c09/snapshots/snapshot_50_1.0000",20755779,50,preserve3_term_zenotravel_on_learning_curve,COMPLETED,/home/hersco/training_new_domains/2026-08-31/preserve3_terminal_zenotravel_stage2/20755779_Re-Tr_zenotravel_zenotravel_mcts_orig_vh_e.5_c.1_s1073581256_K0_P3TERMS2A0p3_src20523072.txt
preserve3-term-zenotravel-on-1073581256-a0p3-policy-e0055,policy_eval,zenotravel,on,1073581256,stage2,ready,hadd-gbfs,"/home/hersco/bershco-nu-asnets/numeric-asnets/asnets/experiment-results/experiments_numeric.domain.zenotravel-experiments_numeric.architecture_2.zenotravel_mcts-2026-08-31T22:53:39.564812/P[domain,pfile1,pfile2,pfile3,pfile4,pfile5,pfile6]-S[0.0003,50,enhsp-hadd-gbfs]-MO[]-T[518400]-04921567-1247c09/snapshots/snapshot_55_1.0000",20755779,55,preserve3_term_zenotravel_on_learning_curve,COMPLETED,/home/hersco/training_new_domains/2026-08-31/preserve3_terminal_zenotravel_stage2/20755779_Re-Tr_zenotravel_zenotravel_mcts_orig_vh_e.5_c.1_s1073581256_K0_P3TERMS2A0p3_src20523072.txt
preserve3-term-zenotravel-on-1073581256-a0p3-policy-e0060,policy_eval,zenotravel,on,1073581256,stage2,ready,hadd-gbfs,"/home/hersco/bershco-nu-asnets/numeric-asnets/asnets/experiment-results/experiments_numeric.domain.zenotravel-experiments_numeric.architecture_2.zenotravel_mcts-2026-08-31T22:53:39.564812/P[domain,pfile1,pfile2,pfile3,pfile4,pfile5,pfile6]-S[0.0003,50,enhsp-hadd-gbfs]-MO[]-T[518400]-04921567-1247c09/snapshots/snapshot_60_1.0000",20755779,60,preserve3_term_zenotravel_on_learning_curve,COMPLETED,/home/hersco/training_new_domains/2026-08-31/preserve3_terminal_zenotravel_stage2/20755779_Re-Tr_zenotravel_zenotravel_mcts_orig_vh_e.5_c.1_s1073581256_K0_P3TERMS2A0p3_src20523072.txt
preserve3-term-zenotravel-on-1073581256-a0p3-policy-e0065,policy_eval,zenotravel,on,1073581256,stage2,ready,hadd-gbfs,"/home/hersco/bershco-nu-asnets/numeric-asnets/asnets/experiment-results/experiments_numeric.domain.zenotravel-experiments_numeric.architecture_2.zenotravel_mcts-2026-08-31T22:53:39.564812/P[domain,pfile1,pfile2,pfile3,pfile4,pfile5,pfile6]-S[0.0003,50,enhsp-hadd-gbfs]-MO[]-T[518400]-04921567-1247c09/snapshots/snapshot_65_1.0000",20755779,65,preserve3_term_zenotravel_on_learning_curve,COMPLETED,/home/hersco/training_new_domains/2026-08-31/preserve3_terminal_zenotravel_stage2/20755779_Re-Tr_zenotravel_zenotravel_mcts_orig_vh_e.5_c.1_s1073581256_K0_P3TERMS2A0p3_src20523072.txt
preserve3-term-zenotravel-on-1073581256-a0p3-policy-e0070,policy_eval,zenotravel,on,1073581256,stage2,ready,hadd-gbfs,"/home/hersco/bershco-nu-asnets/numeric-asnets/asnets/experiment-results/experiments_numeric.domain.zenotravel-experiments_numeric.architecture_2.zenotravel_mcts-2026-08-31T22:53:39.564812/P[domain,pfile1,pfile2,pfile3,pfile4,pfile5,pfile6]-S[0.0003,50,enhsp-hadd-gbfs]-MO[]-T[518400]-04921567-1247c09/snapshots/snapshot_70_1.0000",20755779,70,preserve3_term_zenotravel_on_learning_curve,COMPLETED,/home/hersco/training_new_domains/2026-08-31/preserve3_terminal_zenotravel_stage2/20755779_Re-Tr_zenotravel_zenotravel_mcts_orig_vh_e.5_c.1_s1073581256_K0_P3TERMS2A0p3_src20523072.txt
preserve3-term-zenotravel-on-1073581256-a0p3-policy-e0075,policy_eval,zenotravel,on,1073581256,stage2,ready,hadd-gbfs,"/home/hersco/bershco-nu-asnets/numeric-asnets/asnets/experiment-results/experiments_numeric.domain.zenotravel-experiments_numeric.architecture_2.zenotravel_mcts-2026-08-31T22:53:39.564812/P[domain,pfile1,pfile2,pfile3,pfile4,pfile5,pfile6]-S[0.0003,50,enhsp-hadd-gbfs]-MO[]-T[518400]-04921567-1247c09/snapshots/snapshot_75_1.0000",20755779,75,preserve3_term_zenotravel_on_learning_curve,COMPLETED,/home/hersco/training_new_domains/2026-08-31/preserve3_terminal_zenotravel_stage2/20755779_Re-Tr_zenotravel_zenotravel_mcts_orig_vh_e.5_c.1_s1073581256_K0_P3TERMS2A0p3_src20523072.txt
preserve3-term-zenotravel-on-1073581256-a0p3-policy-e0080,policy_eval,zenotravel,on,1073581256,stage2,ready,hadd-gbfs,"/home/hersco/bershco-nu-asnets/numeric-asnets/asnets/experiment-results/experiments_numeric.domain.zenotravel-experiments_numeric.architecture_2.zenotravel_mcts-2026-08-31T22:53:39.564812/P[domain,pfile1,pfile2,pfile3,pfile4,pfile5,pfile6]-S[0.0003,50,enhsp-hadd-gbfs]-MO[]-T[518400]-04921567-1247c09/snapshots/snapshot_80_1.0000",20755779,80,preserve3_term_zenotravel_on_learning_curve,COMPLETED,/home/hersco/training_new_domains/2026-08-31/preserve3_terminal_zenotravel_stage2/20755779_Re-Tr_zenotravel_zenotravel_mcts_orig_vh_e.5_c.1_s1073581256_K0_P3TERMS2A0p3_src20523072.txt
preserve3-term-zenotravel-on-1073581256-a0p3-policy-e0085,policy_eval,zenotravel,on,1073581256,stage2,ready,hadd-gbfs,"/home/hersco/bershco-nu-asnets/numeric-asnets/asnets/experiment-results/experiments_numeric.domain.zenotravel-experiments_numeric.architecture_2.zenotravel_mcts-2026-08-31T22:53:39.564812/P[domain,pfile1,pfile2,pfile3,pfile4,pfile5,pfile6]-S[0.0003,50,enhsp-hadd-gbfs]-MO[]-T[518400]-04921567-1247c09/snapshots/snapshot_85_1.0000",20755779,85,preserve3_term_zenotravel_on_learning_curve,COMPLETED,/home/hersco/training_new_domains/2026-08-31/preserve3_terminal_zenotravel_stage2/20755779_Re-Tr_zenotravel_zenotravel_mcts_orig_vh_e.5_c.1_s1073581256_K0_P3TERMS2A0p3_src20523072.txt
preserve3-term-zenotravel-on-1073581256-a0p3-policy-e0090,policy_eval,zenotravel,on,1073581256,stage2,ready,hadd-gbfs,"/home/hersco/bershco-nu-asnets/numeric-asnets/asnets/experiment-results/experiments_numeric.domain.zenotravel-experiments_numeric.architecture_2.zenotravel_mcts-2026-08-31T22:53:39.564812/P[domain,pfile1,pfile2,pfile3,pfile4,pfile5,pfile6]-S[0.0003,50,enhsp-hadd-gbfs]-MO[]-T[518400]-04921567-1247c09/snapshots/snapshot_90_1.0000",20755779,90,preserve3_term_zenotravel_on_learning_curve,COMPLETED,/home/hersco/training_new_domains/2026-08-31/preserve3_terminal_zenotravel_stage2/20755779_Re-Tr_zenotravel_zenotravel_mcts_orig_vh_e.5_c.1_s1073581256_K0_P3TERMS2A0p3_src20523072.txt
preserve3-term-zenotravel-on-1073581256-a0p3-policy-e0095,policy_eval,zenotravel,on,1073581256,stage2,ready,hadd-gbfs,"/home/hersco/bershco-nu-asnets/numeric-asnets/asnets/experiment-results/experiments_numeric.domain.zenotravel-experiments_numeric.architecture_2.zenotravel_mcts-2026-08-31T22:53:39.564812/P[domain,pfile1,pfile2,pfile3,pfile4,pfile5,pfile6]-S[0.0003,50,enhsp-hadd-gbfs]-MO[]-T[518400]-04921567-1247c09/snapshots/snapshot_95_1.0000",20755779,95,preserve3_term_zenotravel_on_learning_curve,COMPLETED,/home/hersco/training_new_domains/2026-08-31/preserve3_terminal_zenotravel_stage2/20755779_Re-Tr_zenotravel_zenotravel_mcts_orig_vh_e.5_c.1_s1073581256_K0_P3TERMS2A0p3_src20523072.txt
preserve3-term-zenotravel-on-1073581256-a0p3-policy-e0099,policy_eval,zenotravel,on,1073581256,stage2,ready,hadd-gbfs,"/home/hersco/bershco-nu-asnets/numeric-asnets/asnets/experiment-results/experiments_numeric.domain.zenotravel-experiments_numeric.architecture_2.zenotravel_mcts-2026-08-31T22:53:39.564812/P[domain,pfile1,pfile2,pfile3,pfile4,pfile5,pfile6]-S[0.0003,50,enhsp-hadd-gbfs]-MO[]-T[518400]-04921567-1247c09/snapshots/snapshot_99_1.0000",20755779,99,preserve3_term_zenotravel_on_learning_curve;preserve3_term_zenotravel_on_final_policy,COMPLETED,/home/hersco/training_new_domains/2026-08-31/preserve3_terminal_zenotravel_stage2/20755779_Re-Tr_zenotravel_zenotravel_mcts_orig_vh_e.5_c.1_s1073581256_K0_P3TERMS2A0p3_src20523072.txt
preserve3-term-zenotravel-on-1239739722-a0p3-policy-e0000,policy_eval,zenotravel,on,1239739722,stage2,ready,hadd-gbfs,"/home/hersco/bershco-nu-asnets/numeric-asnets/asnets/experiment-results/experiments_numeric.domain.zenotravel-experiments_numeric.architecture_2.zenotravel_mcts-2026-08-31T23:05:04.749474/P[domain,pfile1,pfile2,pfile3,pfile4,pfile5,pfile6]-S[0.0003,50,enhsp-hadd-gbfs]-MO[]-T[518400]-04921579-7d9a779/snapshots/snapshot_0_1.0000",20755780,0,preserve3_term_zenotravel_on_learning_curve,COMPLETED,/home/hersco/training_new_domains/2026-08-31/preserve3_terminal_zenotravel_stage2/20755780_Re-Tr_zenotravel_zenotravel_mcts_orig_vh_e.5_c.1_s1239739722_K0_P3TERMS2A0p3_src20523074.txt
preserve3-term-zenotravel-on-1239739722-a0p3-policy-e0005,policy_eval,zenotravel,on,1239739722,stage2,ready,hadd-gbfs,"/home/hersco/bershco-nu-asnets/numeric-asnets/asnets/experiment-results/experiments_numeric.domain.zenotravel-experiments_numeric.architecture_2.zenotravel_mcts-2026-08-31T23:05:04.749474/P[domain,pfile1,pfile2,pfile3,pfile4,pfile5,pfile6]-S[0.0003,50,enhsp-hadd-gbfs]-MO[]-T[518400]-04921579-7d9a779/snapshots/snapshot_5_1.0000",20755780,5,preserve3_term_zenotravel_on_learning_curve,COMPLETED,/home/hersco/training_new_domains/2026-08-31/preserve3_terminal_zenotravel_stage2/20755780_Re-Tr_zenotravel_zenotravel_mcts_orig_vh_e.5_c.1_s1239739722_K0_P3TERMS2A0p3_src20523074.txt
preserve3-term-zenotravel-on-1239739722-a0p3-policy-e0010,policy_eval,zenotravel,on,1239739722,stage2,ready,hadd-gbfs,"/home/hersco/bershco-nu-asnets/numeric-asnets/asnets/experiment-results/experiments_numeric.domain.zenotravel-experiments_numeric.architecture_2.zenotravel_mcts-2026-08-31T23:05:04.749474/P[domain,pfile1,pfile2,pfile3,pfile4,pfile5,pfile6]-S[0.0003,50,enhsp-hadd-gbfs]-MO[]-T[518400]-04921579-7d9a779/snapshots/snapshot_10_1.0000",20755780,10,preserve3_term_zenotravel_on_learning_curve,COMPLETED,/home/hersco/training_new_domains/2026-08-31/preserve3_terminal_zenotravel_stage2/20755780_Re-Tr_zenotravel_zenotravel_mcts_orig_vh_e.5_c.1_s1239739722_K0_P3TERMS2A0p3_src20523074.txt
preserve3-term-zenotravel-on-1239739722-a0p3-policy-e0015,policy_eval,zenotravel,on,1239739722,stage2,ready,hadd-gbfs,"/home/hersco/bershco-nu-asnets/numeric-asnets/asnets/experiment-results/experiments_numeric.domain.zenotravel-experiments_numeric.architecture_2.zenotravel_mcts-2026-08-31T23:05:04.749474/P[domain,pfile1,pfile2,pfile3,pfile4,pfile5,pfile6]-S[0.0003,50,enhsp-hadd-gbfs]-MO[]-T[518400]-04921579-7d9a779/snapshots/snapshot_15_1.0000",20755780,15,preserve3_term_zenotravel_on_learning_curve,COMPLETED,/home/hersco/training_new_domains/2026-08-31/preserve3_terminal_zenotravel_stage2/20755780_Re-Tr_zenotravel_zenotravel_mcts_orig_vh_e.5_c.1_s1239739722_K0_P3TERMS2A0p3_src20523074.txt
preserve3-term-zenotravel-on-1239739722-a0p3-policy-e0017,policy_eval,zenotravel,on,1239739722,stage2,ready,hadd-gbfs,"/home/hersco/bershco-nu-asnets/numeric-asnets/asnets/experiment-results/experiments_numeric.domain.zenotravel-experiments_numeric.architecture_2.zenotravel_mcts-2026-08-31T23:05:04.749474/P[domain,pfile1,pfile2,pfile3,pfile4,pfile5,pfile6]-S[0.0003,50,enhsp-hadd-gbfs]-MO[]-T[518400]-04921579-7d9a779/snapshots/snapshot_17_1.0000",20755780,17,preserve3_term_zenotravel_on_learning_curve;preserve3_term_zenotravel_on_validation_selected_policy,COMPLETED,/home/hersco/training_new_domains/2026-08-31/preserve3_terminal_zenotravel_stage2/20755780_Re-Tr_zenotravel_zenotravel_mcts_orig_vh_e.5_c.1_s1239739722_K0_P3TERMS2A0p3_src20523074.txt
preserve3-term-zenotravel-on-1239739722-a0p3-policy-e0020,policy_eval,zenotravel,on,1239739722,stage2,ready,hadd-gbfs,"/home/hersco/bershco-nu-asnets/numeric-asnets/asnets/experiment-results/experiments_numeric.domain.zenotravel-experiments_numeric.architecture_2.zenotravel_mcts-2026-08-31T23:05:04.749474/P[domain,pfile1,pfile2,pfile3,pfile4,pfile5,pfile6]-S[0.0003,50,enhsp-hadd-gbfs]-MO[]-T[518400]-04921579-7d9a779/snapshots/snapshot_20_1.0000",20755780,20,preserve3_term_zenotravel_on_learning_curve,COMPLETED,/home/hersco/training_new_domains/2026-08-31/preserve3_terminal_zenotravel_stage2/20755780_Re-Tr_zenotravel_zenotravel_mcts_orig_vh_e.5_c.1_s1239739722_K0_P3TERMS2A0p3_src20523074.txt
preserve3-term-zenotravel-on-1239739722-a0p3-policy-e0025,policy_eval,zenotravel,on,1239739722,stage2,ready,hadd-gbfs,"/home/hersco/bershco-nu-asnets/numeric-asnets/asnets/experiment-results/experiments_numeric.domain.zenotravel-experiments_numeric.architecture_2.zenotravel_mcts-2026-08-31T23:05:04.749474/P[domain,pfile1,pfile2,pfile3,pfile4,pfile5,pfile6]-S[0.0003,50,enhsp-hadd-gbfs]-MO[]-T[518400]-04921579-7d9a779/snapshots/snapshot_25_1.0000",20755780,25,preserve3_term_zenotravel_on_learning_curve,COMPLETED,/home/hersco/training_new_domains/2026-08-31/preserve3_terminal_zenotravel_stage2/20755780_Re-Tr_zenotravel_zenotravel_mcts_orig_vh_e.5_c.1_s1239739722_K0_P3TERMS2A0p3_src20523074.txt
preserve3-term-zenotravel-on-1239739722-a0p3-policy-e0030,policy_eval,zenotravel,on,1239739722,stage2,ready,hadd-gbfs,"/home/hersco/bershco-nu-asnets/numeric-asnets/asnets/experiment-results/experiments_numeric.domain.zenotravel-experiments_numeric.architecture_2.zenotravel_mcts-2026-08-31T23:05:04.749474/P[domain,pfile1,pfile2,pfile3,pfile4,pfile5,pfile6]-S[0.0003,50,enhsp-hadd-gbfs]-MO[]-T[518400]-04921579-7d9a779/snapshots/snapshot_30_1.0000",20755780,30,preserve3_term_zenotravel_on_learning_curve,COMPLETED,/home/hersco/training_new_domains/2026-08-31/preserve3_terminal_zenotravel_stage2/20755780_Re-Tr_zenotravel_zenotravel_mcts_orig_vh_e.5_c.1_s1239739722_K0_P3TERMS2A0p3_src20523074.txt
preserve3-term-zenotravel-on-1239739722-a0p3-policy-e0035,policy_eval,zenotravel,on,1239739722,stage2,ready,hadd-gbfs,"/home/hersco/bershco-nu-asnets/numeric-asnets/asnets/experiment-results/experiments_numeric.domain.zenotravel-experiments_numeric.architecture_2.zenotravel_mcts-2026-08-31T23:05:04.749474/P[domain,pfile1,pfile2,pfile3,pfile4,pfile5,pfile6]-S[0.0003,50,enhsp-hadd-gbfs]-MO[]-T[518400]-04921579-7d9a779/snapshots/snapshot_35_1.0000",20755780,35,preserve3_term_zenotravel_on_learning_curve,COMPLETED,/home/hersco/training_new_domains/2026-08-31/preserve3_terminal_zenotravel_stage2/20755780_Re-Tr_zenotravel_zenotravel_mcts_orig_vh_e.5_c.1_s1239739722_K0_P3TERMS2A0p3_src20523074.txt
preserve3-term-zenotravel-on-1239739722-a0p3-policy-e0040,policy_eval,zenotravel,on,1239739722,stage2,ready,hadd-gbfs,"/home/hersco/bershco-nu-asnets/numeric-asnets/asnets/experiment-results/experiments_numeric.domain.zenotravel-experiments_numeric.architecture_2.zenotravel_mcts-2026-08-31T23:05:04.749474/P[domain,pfile1,pfile2,pfile3,pfile4,pfile5,pfile6]-S[0.0003,50,enhsp-hadd-gbfs]-MO[]-T[518400]-04921579-7d9a779/snapshots/snapshot_40_1.0000",20755780,40,preserve3_term_zenotravel_on_learning_curve,COMPLETED,/home/hersco/training_new_domains/2026-08-31/preserve3_terminal_zenotravel_stage2/20755780_Re-Tr_zenotravel_zenotravel_mcts_orig_vh_e.5_c.1_s1239739722_K0_P3TERMS2A0p3_src20523074.txt
preserve3-term-zenotravel-on-1239739722-a0p3-policy-e0045,policy_eval,zenotravel,on,1239739722,stage2,ready,hadd-gbfs,"/home/hersco/bershco-nu-asnets/numeric-asnets/asnets/experiment-results/experiments_numeric.domain.zenotravel-experiments_numeric.architecture_2.zenotravel_mcts-2026-08-31T23:05:04.749474/P[domain,pfile1,pfile2,pfile3,pfile4,pfile5,pfile6]-S[0.0003,50,enhsp-hadd-gbfs]-MO[]-T[518400]-04921579-7d9a779/snapshots/snapshot_45_1.0000",20755780,45,preserve3_term_zenotravel_on_learning_curve,COMPLETED,/home/hersco/training_new_domains/2026-08-31/preserve3_terminal_zenotravel_stage2/20755780_Re-Tr_zenotravel_zenotravel_mcts_orig_vh_e.5_c.1_s1239739722_K0_P3TERMS2A0p3_src20523074.txt
preserve3-term-zenotravel-on-1239739722-a0p3-policy-e0050,policy_eval,zenotravel,on,1239739722,stage2,ready,hadd-gbfs,"/home/hersco/bershco-nu-asnets/numeric-asnets/asnets/experiment-results/experiments_numeric.domain.zenotravel-experiments_numeric.architecture_2.zenotravel_mcts-2026-08-31T23:05:04.749474/P[domain,pfile1,pfile2,pfile3,pfile4,pfile5,pfile6]-S[0.0003,50,enhsp-hadd-gbfs]-MO[]-T[518400]-04921579-7d9a779/snapshots/snapshot_50_1.0000",20755780,50,preserve3_term_zenotravel_on_learning_curve,COMPLETED,/home/hersco/training_new_domains/2026-08-31/preserve3_terminal_zenotravel_stage2/20755780_Re-Tr_zenotravel_zenotravel_mcts_orig_vh_e.5_c.1_s1239739722_K0_P3TERMS2A0p3_src20523074.txt
preserve3-term-zenotravel-on-1239739722-a0p3-policy-e0055,policy_eval,zenotravel,on,1239739722,stage2,ready,hadd-gbfs,"/home/hersco/bershco-nu-asnets/numeric-asnets/asnets/experiment-results/experiments_numeric.domain.zenotravel-experiments_numeric.architecture_2.zenotravel_mcts-2026-08-31T23:05:04.749474/P[domain,pfile1,pfile2,pfile3,pfile4,pfile5,pfile6]-S[0.0003,50,enhsp-hadd-gbfs]-MO[]-T[518400]-04921579-7d9a779/snapshots/snapshot_55_1.0000",20755780,55,preserve3_term_zenotravel_on_learning_curve,COMPLETED,/home/hersco/training_new_domains/2026-08-31/preserve3_terminal_zenotravel_stage2/20755780_Re-Tr_zenotravel_zenotravel_mcts_orig_vh_e.5_c.1_s1239739722_K0_P3TERMS2A0p3_src20523074.txt
preserve3-term-zenotravel-on-1239739722-a0p3-policy-e0060,policy_eval,zenotravel,on,1239739722,stage2,ready,hadd-gbfs,"/home/hersco/bershco-nu-asnets/numeric-asnets/asnets/experiment-results/experiments_numeric.domain.zenotravel-experiments_numeric.architecture_2.zenotravel_mcts-2026-08-31T23:05:04.749474/P[domain,pfile1,pfile2,pfile3,pfile4,pfile5,pfile6]-S[0.0003,50,enhsp-hadd-gbfs]-MO[]-T[518400]-04921579-7d9a779/snapshots/snapshot_60_1.0000",20755780,60,preserve3_term_zenotravel_on_learning_curve,COMPLETED,/home/hersco/training_new_domains/2026-08-31/preserve3_terminal_zenotravel_stage2/20755780_Re-Tr_zenotravel_zenotravel_mcts_orig_vh_e.5_c.1_s1239739722_K0_P3TERMS2A0p3_src20523074.txt
preserve3-term-zenotravel-on-1239739722-a0p3-policy-e0065,policy_eval,zenotravel,on,1239739722,stage2,ready,hadd-gbfs,"/home/hersco/bershco-nu-asnets/numeric-asnets/asnets/experiment-results/experiments_numeric.domain.zenotravel-experiments_numeric.architecture_2.zenotravel_mcts-2026-08-31T23:05:04.749474/P[domain,pfile1,pfile2,pfile3,pfile4,pfile5,pfile6]-S[0.0003,50,enhsp-hadd-gbfs]-MO[]-T[518400]-04921579-7d9a779/snapshots/snapshot_65_1.0000",20755780,65,preserve3_term_zenotravel_on_learning_curve,COMPLETED,/home/hersco/training_new_domains/2026-08-31/preserve3_terminal_zenotravel_stage2/20755780_Re-Tr_zenotravel_zenotravel_mcts_orig_vh_e.5_c.1_s1239739722_K0_P3TERMS2A0p3_src20523074.txt
preserve3-term-zenotravel-on-1239739722-a0p3-policy-e0070,policy_eval,zenotravel,on,1239739722,stage2,ready,hadd-gbfs,"/home/hersco/bershco-nu-asnets/numeric-asnets/asnets/experiment-results/experiments_numeric.domain.zenotravel-experiments_numeric.architecture_2.zenotravel_mcts-2026-08-31T23:05:04.749474/P[domain,pfile1,pfile2,pfile3,pfile4,pfile5,pfile6]-S[0.0003,50,enhsp-hadd-gbfs]-MO[]-T[518400]-04921579-7d9a779/snapshots/snapshot_70_1.0000",20755780,70,preserve3_term_zenotravel_on_learning_curve,COMPLETED,/home/hersco/training_new_domains/2026-08-31/preserve3_terminal_zenotravel_stage2/20755780_Re-Tr_zenotravel_zenotravel_mcts_orig_vh_e.5_c.1_s1239739722_K0_P3TERMS2A0p3_src20523074.txt
preserve3-term-zenotravel-on-1239739722-a0p3-policy-e0075,policy_eval,zenotravel,on,1239739722,stage2,ready,hadd-gbfs,"/home/hersco/bershco-nu-asnets/numeric-asnets/asnets/experiment-results/experiments_numeric.domain.zenotravel-experiments_numeric.architecture_2.zenotravel_mcts-2026-08-31T23:05:04.749474/P[domain,pfile1,pfile2,pfile3,pfile4,pfile5,pfile6]-S[0.0003,50,enhsp-hadd-gbfs]-MO[]-T[518400]-04921579-7d9a779/snapshots/snapshot_75_1.0000",20755780,75,preserve3_term_zenotravel_on_learning_curve,COMPLETED,/home/hersco/training_new_domains/2026-08-31/preserve3_terminal_zenotravel_stage2/20755780_Re-Tr_zenotravel_zenotravel_mcts_orig_vh_e.5_c.1_s1239739722_K0_P3TERMS2A0p3_src20523074.txt
preserve3-term-zenotravel-on-1239739722-a0p3-policy-e0080,policy_eval,zenotravel,on,1239739722,stage2,ready,hadd-gbfs,"/home/hersco/bershco-nu-asnets/numeric-asnets/asnets/experiment-results/experiments_numeric.domain.zenotravel-experiments_numeric.architecture_2.zenotravel_mcts-2026-08-31T23:05:04.749474/P[domain,pfile1,pfile2,pfile3,pfile4,pfile5,pfile6]-S[0.0003,50,enhsp-hadd-gbfs]-MO[]-T[518400]-04921579-7d9a779/snapshots/snapshot_80_1.0000",20755780,80,preserve3_term_zenotravel_on_learning_curve,COMPLETED,/home/hersco/training_new_domains/2026-08-31/preserve3_terminal_zenotravel_stage2/20755780_Re-Tr_zenotravel_zenotravel_mcts_orig_vh_e.5_c.1_s1239739722_K0_P3TERMS2A0p3_src20523074.txt
preserve3-term-zenotravel-on-1239739722-a0p3-policy-e0085,policy_eval,zenotravel,on,1239739722,stage2,ready,hadd-gbfs,"/home/hersco/bershco-nu-asnets/numeric-asnets/asnets/experiment-results/experiments_numeric.domain.zenotravel-experiments_numeric.architecture_2.zenotravel_mcts-2026-08-31T23:05:04.749474/P[domain,pfile1,pfile2,pfile3,pfile4,pfile5,pfile6]-S[0.0003,50,enhsp-hadd-gbfs]-MO[]-T[518400]-04921579-7d9a779/snapshots/snapshot_85_1.0000",20755780,85,preserve3_term_zenotravel_on_learning_curve,COMPLETED,/home/hersco/training_new_domains/2026-08-31/preserve3_terminal_zenotravel_stage2/20755780_Re-Tr_zenotravel_zenotravel_mcts_orig_vh_e.5_c.1_s1239739722_K0_P3TERMS2A0p3_src20523074.txt
preserve3-term-zenotravel-on-1239739722-a0p3-policy-e0090,policy_eval,zenotravel,on,1239739722,stage2,ready,hadd-gbfs,"/home/hersco/bershco-nu-asnets/numeric-asnets/asnets/experiment-results/experiments_numeric.domain.zenotravel-experiments_numeric.architecture_2.zenotravel_mcts-2026-08-31T23:05:04.749474/P[domain,pfile1,pfile2,pfile3,pfile4,pfile5,pfile6]-S[0.0003,50,enhsp-hadd-gbfs]-MO[]-T[518400]-04921579-7d9a779/snapshots/snapshot_90_1.0000",20755780,90,preserve3_term_zenotravel_on_learning_curve,COMPLETED,/home/hersco/training_new_domains/2026-08-31/preserve3_terminal_zenotravel_stage2/20755780_Re-Tr_zenotravel_zenotravel_mcts_orig_vh_e.5_c.1_s1239739722_K0_P3TERMS2A0p3_src20523074.txt
preserve3-term-zenotravel-on-1239739722-a0p3-policy-e0095,policy_eval,zenotravel,on,1239739722,stage2,ready,hadd-gbfs,"/home/hersco/bershco-nu-asnets/numeric-asnets/asnets/experiment-results/experiments_numeric.domain.zenotravel-experiments_numeric.architecture_2.zenotravel_mcts-2026-08-31T23:05:04.749474/P[domain,pfile1,pfile2,pfile3,pfile4,pfile5,pfile6]-S[0.0003,50,enhsp-hadd-gbfs]-MO[]-T[518400]-04921579-7d9a779/snapshots/snapshot_95_1.0000",20755780,95,preserve3_term_zenotravel_on_learning_curve,COMPLETED,/home/hersco/training_new_domains/2026-08-31/preserve3_terminal_zenotravel_stage2/20755780_Re-Tr_zenotravel_zenotravel_mcts_orig_vh_e.5_c.1_s1239739722_K0_P3TERMS2A0p3_src20523074.txt
preserve3-term-zenotravel-on-1239739722-a0p3-policy-e0099,policy_eval,zenotravel,on,1239739722,stage2,ready,hadd-gbfs,"/home/hersco/bershco-nu-asnets/numeric-asnets/asnets/experiment-results/experiments_numeric.domain.zenotravel-experiments_numeric.architecture_2.zenotravel_mcts-2026-08-31T23:05:04.749474/P[domain,pfile1,pfile2,pfile3,pfile4,pfile5,pfile6]-S[0.0003,50,enhsp-hadd-gbfs]-MO[]-T[518400]-04921579-7d9a779/snapshots/snapshot_99_1.0000",20755780,99,preserve3_term_zenotravel_on_learning_curve;preserve3_term_zenotravel_on_final_policy,COMPLETED,/home/hersco/training_new_domains/2026-08-31/preserve3_terminal_zenotravel_stage2/20755780_Re-Tr_zenotravel_zenotravel_mcts_orig_vh_e.5_c.1_s1239739722_K0_P3TERMS2A0p3_src20523074.txt
preserve3-term-zenotravel-on-1472491096-a0p3-policy-e0000,policy_eval,zenotravel,on,1472491096,stage2,ready,hadd-gbfs,"/home/hersco/bershco-nu-asnets/numeric-asnets/asnets/experiment-results/experiments_numeric.domain.zenotravel-experiments_numeric.architecture_2.zenotravel_mcts-2026-08-31T23:04:47.569740/P[domain,pfile1,pfile2,pfile3,pfile4,pfile5,pfile6]-S[0.0003,50,enhsp-hadd-gbfs]-MO[]-T[518400]-04921578-43e0a7a/snapshots/snapshot_0_1.0000",20755781,0,preserve3_term_zenotravel_on_learning_curve,COMPLETED,/home/hersco/training_new_domains/2026-08-31/preserve3_terminal_zenotravel_stage2/20755781_Re-Tr_zenotravel_zenotravel_mcts_orig_vh_e.5_c.1_s1472491096_K0_P3TERMS2A0p3_src20523077.txt
preserve3-term-zenotravel-on-1472491096-a0p3-policy-e0005,policy_eval,zenotravel,on,1472491096,stage2,ready,hadd-gbfs,"/home/hersco/bershco-nu-asnets/numeric-asnets/asnets/experiment-results/experiments_numeric.domain.zenotravel-experiments_numeric.architecture_2.zenotravel_mcts-2026-08-31T23:04:47.569740/P[domain,pfile1,pfile2,pfile3,pfile4,pfile5,pfile6]-S[0.0003,50,enhsp-hadd-gbfs]-MO[]-T[518400]-04921578-43e0a7a/snapshots/snapshot_5_1.0000",20755781,5,preserve3_term_zenotravel_on_learning_curve,COMPLETED,/home/hersco/training_new_domains/2026-08-31/preserve3_terminal_zenotravel_stage2/20755781_Re-Tr_zenotravel_zenotravel_mcts_orig_vh_e.5_c.1_s1472491096_K0_P3TERMS2A0p3_src20523077.txt
preserve3-term-zenotravel-on-1472491096-a0p3-policy-e0007,policy_eval,zenotravel,on,1472491096,stage2,ready,hadd-gbfs,"/home/hersco/bershco-nu-asnets/numeric-asnets/asnets/experiment-results/experiments_numeric.domain.zenotravel-experiments_numeric.architecture_2.zenotravel_mcts-2026-08-31T23:04:47.569740/P[domain,pfile1,pfile2,pfile3,pfile4,pfile5,pfile6]-S[0.0003,50,enhsp-hadd-gbfs]-MO[]-T[518400]-04921578-43e0a7a/snapshots/snapshot_7_1.0000",20755781,7,preserve3_term_zenotravel_on_learning_curve;preserve3_term_zenotravel_on_validation_selected_policy,COMPLETED,/home/hersco/training_new_domains/2026-08-31/preserve3_terminal_zenotravel_stage2/20755781_Re-Tr_zenotravel_zenotravel_mcts_orig_vh_e.5_c.1_s1472491096_K0_P3TERMS2A0p3_src20523077.txt
preserve3-term-zenotravel-on-1472491096-a0p3-policy-e0010,policy_eval,zenotravel,on,1472491096,stage2,ready,hadd-gbfs,"/home/hersco/bershco-nu-asnets/numeric-asnets/asnets/experiment-results/experiments_numeric.domain.zenotravel-experiments_numeric.architecture_2.zenotravel_mcts-2026-08-31T23:04:47.569740/P[domain,pfile1,pfile2,pfile3,pfile4,pfile5,pfile6]-S[0.0003,50,enhsp-hadd-gbfs]-MO[]-T[518400]-04921578-43e0a7a/snapshots/snapshot_10_1.0000",20755781,10,preserve3_term_zenotravel_on_learning_curve,COMPLETED,/home/hersco/training_new_domains/2026-08-31/preserve3_terminal_zenotravel_stage2/20755781_Re-Tr_zenotravel_zenotravel_mcts_orig_vh_e.5_c.1_s1472491096_K0_P3TERMS2A0p3_src20523077.txt
preserve3-term-zenotravel-on-1472491096-a0p3-policy-e0015,policy_eval,zenotravel,on,1472491096,stage2,ready,hadd-gbfs,"/home/hersco/bershco-nu-asnets/numeric-asnets/asnets/experiment-results/experiments_numeric.domain.zenotravel-experiments_numeric.architecture_2.zenotravel_mcts-2026-08-31T23:04:47.569740/P[domain,pfile1,pfile2,pfile3,pfile4,pfile5,pfile6]-S[0.0003,50,enhsp-hadd-gbfs]-MO[]-T[518400]-04921578-43e0a7a/snapshots/snapshot_15_1.0000",20755781,15,preserve3_term_zenotravel_on_learning_curve,COMPLETED,/home/hersco/training_new_domains/2026-08-31/preserve3_terminal_zenotravel_stage2/20755781_Re-Tr_zenotravel_zenotravel_mcts_orig_vh_e.5_c.1_s1472491096_K0_P3TERMS2A0p3_src20523077.txt
preserve3-term-zenotravel-on-1472491096-a0p3-policy-e0020,policy_eval,zenotravel,on,1472491096,stage2,ready,hadd-gbfs,"/home/hersco/bershco-nu-asnets/numeric-asnets/asnets/experiment-results/experiments_numeric.domain.zenotravel-experiments_numeric.architecture_2.zenotravel_mcts-2026-08-31T23:04:47.569740/P[domain,pfile1,pfile2,pfile3,pfile4,pfile5,pfile6]-S[0.0003,50,enhsp-hadd-gbfs]-MO[]-T[518400]-04921578-43e0a7a/snapshots/snapshot_20_1.0000",20755781,20,preserve3_term_zenotravel_on_learning_curve,COMPLETED,/home/hersco/training_new_domains/2026-08-31/preserve3_terminal_zenotravel_stage2/20755781_Re-Tr_zenotravel_zenotravel_mcts_orig_vh_e.5_c.1_s1472491096_K0_P3TERMS2A0p3_src20523077.txt
preserve3-term-zenotravel-on-1472491096-a0p3-policy-e0025,policy_eval,zenotravel,on,1472491096,stage2,ready,hadd-gbfs,"/home/hersco/bershco-nu-asnets/numeric-asnets/asnets/experiment-results/experiments_numeric.domain.zenotravel-experiments_numeric.architecture_2.zenotravel_mcts-2026-08-31T23:04:47.569740/P[domain,pfile1,pfile2,pfile3,pfile4,pfile5,pfile6]-S[0.0003,50,enhsp-hadd-gbfs]-MO[]-T[518400]-04921578-43e0a7a/snapshots/snapshot_25_1.0000",20755781,25,preserve3_term_zenotravel_on_learning_curve,COMPLETED,/home/hersco/training_new_domains/2026-08-31/preserve3_terminal_zenotravel_stage2/20755781_Re-Tr_zenotravel_zenotravel_mcts_orig_vh_e.5_c.1_s1472491096_K0_P3TERMS2A0p3_src20523077.txt
preserve3-term-zenotravel-on-1472491096-a0p3-policy-e0030,policy_eval,zenotravel,on,1472491096,stage2,ready,hadd-gbfs,"/home/hersco/bershco-nu-asnets/numeric-asnets/asnets/experiment-results/experiments_numeric.domain.zenotravel-experiments_numeric.architecture_2.zenotravel_mcts-2026-08-31T23:04:47.569740/P[domain,pfile1,pfile2,pfile3,pfile4,pfile5,pfile6]-S[0.0003,50,enhsp-hadd-gbfs]-MO[]-T[518400]-04921578-43e0a7a/snapshots/snapshot_30_1.0000",20755781,30,preserve3_term_zenotravel_on_learning_curve,COMPLETED,/home/hersco/training_new_domains/2026-08-31/preserve3_terminal_zenotravel_stage2/20755781_Re-Tr_zenotravel_zenotravel_mcts_orig_vh_e.5_c.1_s1472491096_K0_P3TERMS2A0p3_src20523077.txt
preserve3-term-zenotravel-on-1472491096-a0p3-policy-e0035,policy_eval,zenotravel,on,1472491096,stage2,ready,hadd-gbfs,"/home/hersco/bershco-nu-asnets/numeric-asnets/asnets/experiment-results/experiments_numeric.domain.zenotravel-experiments_numeric.architecture_2.zenotravel_mcts-2026-08-31T23:04:47.569740/P[domain,pfile1,pfile2,pfile3,pfile4,pfile5,pfile6]-S[0.0003,50,enhsp-hadd-gbfs]-MO[]-T[518400]-04921578-43e0a7a/snapshots/snapshot_35_1.0000",20755781,35,preserve3_term_zenotravel_on_learning_curve,COMPLETED,/home/hersco/training_new_domains/2026-08-31/preserve3_terminal_zenotravel_stage2/20755781_Re-Tr_zenotravel_zenotravel_mcts_orig_vh_e.5_c.1_s1472491096_K0_P3TERMS2A0p3_src20523077.txt
preserve3-term-zenotravel-on-1472491096-a0p3-policy-e0040,policy_eval,zenotravel,on,1472491096,stage2,ready,hadd-gbfs,"/home/hersco/bershco-nu-asnets/numeric-asnets/asnets/experiment-results/experiments_numeric.domain.zenotravel-experiments_numeric.architecture_2.zenotravel_mcts-2026-08-31T23:04:47.569740/P[domain,pfile1,pfile2,pfile3,pfile4,pfile5,pfile6]-S[0.0003,50,enhsp-hadd-gbfs]-MO[]-T[518400]-04921578-43e0a7a/snapshots/snapshot_40_1.0000",20755781,40,preserve3_term_zenotravel_on_learning_curve,COMPLETED,/home/hersco/training_new_domains/2026-08-31/preserve3_terminal_zenotravel_stage2/20755781_Re-Tr_zenotravel_zenotravel_mcts_orig_vh_e.5_c.1_s1472491096_K0_P3TERMS2A0p3_src20523077.txt
preserve3-term-zenotravel-on-1472491096-a0p3-policy-e0045,policy_eval,zenotravel,on,1472491096,stage2,ready,hadd-gbfs,"/home/hersco/bershco-nu-asnets/numeric-asnets/asnets/experiment-results/experiments_numeric.domain.zenotravel-experiments_numeric.architecture_2.zenotravel_mcts-2026-08-31T23:04:47.569740/P[domain,pfile1,pfile2,pfile3,pfile4,pfile5,pfile6]-S[0.0003,50,enhsp-hadd-gbfs]-MO[]-T[518400]-04921578-43e0a7a/snapshots/snapshot_45_1.0000",20755781,45,preserve3_term_zenotravel_on_learning_curve,COMPLETED,/home/hersco/training_new_domains/2026-08-31/preserve3_terminal_zenotravel_stage2/20755781_Re-Tr_zenotravel_zenotravel_mcts_orig_vh_e.5_c.1_s1472491096_K0_P3TERMS2A0p3_src20523077.txt
preserve3-term-zenotravel-on-1472491096-a0p3-policy-e0050,policy_eval,zenotravel,on,1472491096,stage2,ready,hadd-gbfs,"/home/hersco/bershco-nu-asnets/numeric-asnets/asnets/experiment-results/experiments_numeric.domain.zenotravel-experiments_numeric.architecture_2.zenotravel_mcts-2026-08-31T23:04:47.569740/P[domain,pfile1,pfile2,pfile3,pfile4,pfile5,pfile6]-S[0.0003,50,enhsp-hadd-gbfs]-MO[]-T[518400]-04921578-43e0a7a/snapshots/snapshot_50_1.0000",20755781,50,preserve3_term_zenotravel_on_learning_curve,COMPLETED,/home/hersco/training_new_domains/2026-08-31/preserve3_terminal_zenotravel_stage2/20755781_Re-Tr_zenotravel_zenotravel_mcts_orig_vh_e.5_c.1_s1472491096_K0_P3TERMS2A0p3_src20523077.txt
preserve3-term-zenotravel-on-1472491096-a0p3-policy-e0055,policy_eval,zenotravel,on,1472491096,stage2,ready,hadd-gbfs,"/home/hersco/bershco-nu-asnets/numeric-asnets/asnets/experiment-results/experiments_numeric.domain.zenotravel-experiments_numeric.architecture_2.zenotravel_mcts-2026-08-31T23:04:47.569740/P[domain,pfile1,pfile2,pfile3,pfile4,pfile5,pfile6]-S[0.0003,50,enhsp-hadd-gbfs]-MO[]-T[518400]-04921578-43e0a7a/snapshots/snapshot_55_1.0000",20755781,55,preserve3_term_zenotravel_on_learning_curve,COMPLETED,/home/hersco/training_new_domains/2026-08-31/preserve3_terminal_zenotravel_stage2/20755781_Re-Tr_zenotravel_zenotravel_mcts_orig_vh_e.5_c.1_s1472491096_K0_P3TERMS2A0p3_src20523077.txt
preserve3-term-zenotravel-on-1472491096-a0p3-policy-e0060,policy_eval,zenotravel,on,1472491096,stage2,ready,hadd-gbfs,"/home/hersco/bershco-nu-asnets/numeric-asnets/asnets/experiment-results/experiments_numeric.domain.zenotravel-experiments_numeric.architecture_2.zenotravel_mcts-2026-08-31T23:04:47.569740/P[domain,pfile1,pfile2,pfile3,pfile4,pfile5,pfile6]-S[0.0003,50,enhsp-hadd-gbfs]-MO[]-T[518400]-04921578-43e0a7a/snapshots/snapshot_60_1.0000",20755781,60,preserve3_term_zenotravel_on_learning_curve,COMPLETED,/home/hersco/training_new_domains/2026-08-31/preserve3_terminal_zenotravel_stage2/20755781_Re-Tr_zenotravel_zenotravel_mcts_orig_vh_e.5_c.1_s1472491096_K0_P3TERMS2A0p3_src20523077.txt
preserve3-term-zenotravel-on-1472491096-a0p3-policy-e0065,policy_eval,zenotravel,on,1472491096,stage2,ready,hadd-gbfs,"/home/hersco/bershco-nu-asnets/numeric-asnets/asnets/experiment-results/experiments_numeric.domain.zenotravel-experiments_numeric.architecture_2.zenotravel_mcts-2026-08-31T23:04:47.569740/P[domain,pfile1,pfile2,pfile3,pfile4,pfile5,pfile6]-S[0.0003,50,enhsp-hadd-gbfs]-MO[]-T[518400]-04921578-43e0a7a/snapshots/snapshot_65_1.0000",20755781,65,preserve3_term_zenotravel_on_learning_curve,COMPLETED,/home/hersco/training_new_domains/2026-08-31/preserve3_terminal_zenotravel_stage2/20755781_Re-Tr_zenotravel_zenotravel_mcts_orig_vh_e.5_c.1_s1472491096_K0_P3TERMS2A0p3_src20523077.txt
preserve3-term-zenotravel-on-1472491096-a0p3-policy-e0070,policy_eval,zenotravel,on,1472491096,stage2,ready,hadd-gbfs,"/home/hersco/bershco-nu-asnets/numeric-asnets/asnets/experiment-results/experiments_numeric.domain.zenotravel-experiments_numeric.architecture_2.zenotravel_mcts-2026-08-31T23:04:47.569740/P[domain,pfile1,pfile2,pfile3,pfile4,pfile5,pfile6]-S[0.0003,50,enhsp-hadd-gbfs]-MO[]-T[518400]-04921578-43e0a7a/snapshots/snapshot_70_1.0000",20755781,70,preserve3_term_zenotravel_on_learning_curve,COMPLETED,/home/hersco/training_new_domains/2026-08-31/preserve3_terminal_zenotravel_stage2/20755781_Re-Tr_zenotravel_zenotravel_mcts_orig_vh_e.5_c.1_s1472491096_K0_P3TERMS2A0p3_src20523077.txt
preserve3-term-zenotravel-on-1472491096-a0p3-policy-e0075,policy_eval,zenotravel,on,1472491096,stage2,ready,hadd-gbfs,"/home/hersco/bershco-nu-asnets/numeric-asnets/asnets/experiment-results/experiments_numeric.domain.zenotravel-experiments_numeric.architecture_2.zenotravel_mcts-2026-08-31T23:04:47.569740/P[domain,pfile1,pfile2,pfile3,pfile4,pfile5,pfile6]-S[0.0003,50,enhsp-hadd-gbfs]-MO[]-T[518400]-04921578-43e0a7a/snapshots/snapshot_75_1.0000",20755781,75,preserve3_term_zenotravel_on_learning_curve,COMPLETED,/home/hersco/training_new_domains/2026-08-31/preserve3_terminal_zenotravel_stage2/20755781_Re-Tr_zenotravel_zenotravel_mcts_orig_vh_e.5_c.1_s1472491096_K0_P3TERMS2A0p3_src20523077.txt
preserve3-term-zenotravel-on-1472491096-a0p3-policy-e0080,policy_eval,zenotravel,on,1472491096,stage2,ready,hadd-gbfs,"/home/hersco/bershco-nu-asnets/numeric-asnets/asnets/experiment-results/experiments_numeric.domain.zenotravel-experiments_numeric.architecture_2.zenotravel_mcts-2026-08-31T23:04:47.569740/P[domain,pfile1,pfile2,pfile3,pfile4,pfile5,pfile6]-S[0.0003,50,enhsp-hadd-gbfs]-MO[]-T[518400]-04921578-43e0a7a/snapshots/snapshot_80_1.0000",20755781,80,preserve3_term_zenotravel_on_learning_curve,COMPLETED,/home/hersco/training_new_domains/2026-08-31/preserve3_terminal_zenotravel_stage2/20755781_Re-Tr_zenotravel_zenotravel_mcts_orig_vh_e.5_c.1_s1472491096_K0_P3TERMS2A0p3_src20523077.txt
preserve3-term-zenotravel-on-1472491096-a0p3-policy-e0085,policy_eval,zenotravel,on,1472491096,stage2,ready,hadd-gbfs,"/home/hersco/bershco-nu-asnets/numeric-asnets/asnets/experiment-results/experiments_numeric.domain.zenotravel-experiments_numeric.architecture_2.zenotravel_mcts-2026-08-31T23:04:47.569740/P[domain,pfile1,pfile2,pfile3,pfile4,pfile5,pfile6]-S[0.0003,50,enhsp-hadd-gbfs]-MO[]-T[518400]-04921578-43e0a7a/snapshots/snapshot_85_1.0000",20755781,85,preserve3_term_zenotravel_on_learning_curve,COMPLETED,/home/hersco/training_new_domains/2026-08-31/preserve3_terminal_zenotravel_stage2/20755781_Re-Tr_zenotravel_zenotravel_mcts_orig_vh_e.5_c.1_s1472491096_K0_P3TERMS2A0p3_src20523077.txt
preserve3-term-zenotravel-on-1472491096-a0p3-policy-e0090,policy_eval,zenotravel,on,1472491096,stage2,ready,hadd-gbfs,"/home/hersco/bershco-nu-asnets/numeric-asnets/asnets/experiment-results/experiments_numeric.domain.zenotravel-experiments_numeric.architecture_2.zenotravel_mcts-2026-08-31T23:04:47.569740/P[domain,pfile1,pfile2,pfile3,pfile4,pfile5,pfile6]-S[0.0003,50,enhsp-hadd-gbfs]-MO[]-T[518400]-04921578-43e0a7a/snapshots/snapshot_90_1.0000",20755781,90,preserve3_term_zenotravel_on_learning_curve,COMPLETED,/home/hersco/training_new_domains/2026-08-31/preserve3_terminal_zenotravel_stage2/20755781_Re-Tr_zenotravel_zenotravel_mcts_orig_vh_e.5_c.1_s1472491096_K0_P3TERMS2A0p3_src20523077.txt
preserve3-term-zenotravel-on-1472491096-a0p3-policy-e0095,policy_eval,zenotravel,on,1472491096,stage2,ready,hadd-gbfs,"/home/hersco/bershco-nu-asnets/numeric-asnets/asnets/experiment-results/experiments_numeric.domain.zenotravel-experiments_numeric.architecture_2.zenotravel_mcts-2026-08-31T23:04:47.569740/P[domain,pfile1,pfile2,pfile3,pfile4,pfile5,pfile6]-S[0.0003,50,enhsp-hadd-gbfs]-MO[]-T[518400]-04921578-43e0a7a/snapshots/snapshot_95_1.0000",20755781,95,preserve3_term_zenotravel_on_learning_curve,COMPLETED,/home/hersco/training_new_domains/2026-08-31/preserve3_terminal_zenotravel_stage2/20755781_Re-Tr_zenotravel_zenotravel_mcts_orig_vh_e.5_c.1_s1472491096_K0_P3TERMS2A0p3_src20523077.txt
preserve3-term-zenotravel-on-1472491096-a0p3-policy-e0099,policy_eval,zenotravel,on,1472491096,stage2,ready,hadd-gbfs,"/home/hersco/bershco-nu-asnets/numeric-asnets/asnets/experiment-results/experiments_numeric.domain.zenotravel-experiments_numeric.architecture_2.zenotravel_mcts-2026-08-31T23:04:47.569740/P[domain,pfile1,pfile2,pfile3,pfile4,pfile5,pfile6]-S[0.0003,50,enhsp-hadd-gbfs]-MO[]-T[518400]-04921578-43e0a7a/snapshots/snapshot_99_1.0000",20755781,99,preserve3_term_zenotravel_on_learning_curve;preserve3_term_zenotravel_on_final_policy,COMPLETED,/home/hersco/training_new_domains/2026-08-31/preserve3_terminal_zenotravel_stage2/20755781_Re-Tr_zenotravel_zenotravel_mcts_orig_vh_e.5_c.1_s1472491096_K0_P3TERMS2A0p3_src20523077.txt
preserve3-term-zenotravel-on-1510771779-a0p3-policy-e0000,policy_eval,zenotravel,on,1510771779,stage2,ready,hadd-gbfs,"/home/hersco/bershco-nu-asnets/numeric-asnets/asnets/experiment-results/experiments_numeric.domain.zenotravel-experiments_numeric.architecture_2.zenotravel_mcts-2026-08-31T23:17:27.795293/P[domain,pfile1,pfile2,pfile3,pfile4,pfile5,pfile6]-S[0.0003,50,enhsp-hadd-gbfs]-MO[]-T[518400]-04921591-17cc32a/snapshots/snapshot_0_1.0000",20755782,0,preserve3_term_zenotravel_on_learning_curve,COMPLETED,/home/hersco/training_new_domains/2026-08-31/preserve3_terminal_zenotravel_stage2/20755782_Re-Tr_zenotravel_zenotravel_mcts_orig_vh_e.5_c.1_s1510771779_K0_P3TERMS2A0p3_src20523083.txt
preserve3-term-zenotravel-on-1510771779-a0p3-policy-e0002,policy_eval,zenotravel,on,1510771779,stage2,ready,hadd-gbfs,"/home/hersco/bershco-nu-asnets/numeric-asnets/asnets/experiment-results/experiments_numeric.domain.zenotravel-experiments_numeric.architecture_2.zenotravel_mcts-2026-08-31T23:17:27.795293/P[domain,pfile1,pfile2,pfile3,pfile4,pfile5,pfile6]-S[0.0003,50,enhsp-hadd-gbfs]-MO[]-T[518400]-04921591-17cc32a/snapshots/snapshot_2_1.0000",20755782,2,preserve3_term_zenotravel_on_learning_curve;preserve3_term_zenotravel_on_validation_selected_policy,COMPLETED,/home/hersco/training_new_domains/2026-08-31/preserve3_terminal_zenotravel_stage2/20755782_Re-Tr_zenotravel_zenotravel_mcts_orig_vh_e.5_c.1_s1510771779_K0_P3TERMS2A0p3_src20523083.txt
preserve3-term-zenotravel-on-1510771779-a0p3-policy-e0005,policy_eval,zenotravel,on,1510771779,stage2,ready,hadd-gbfs,"/home/hersco/bershco-nu-asnets/numeric-asnets/asnets/experiment-results/experiments_numeric.domain.zenotravel-experiments_numeric.architecture_2.zenotravel_mcts-2026-08-31T23:17:27.795293/P[domain,pfile1,pfile2,pfile3,pfile4,pfile5,pfile6]-S[0.0003,50,enhsp-hadd-gbfs]-MO[]-T[518400]-04921591-17cc32a/snapshots/snapshot_5_1.0000",20755782,5,preserve3_term_zenotravel_on_learning_curve,COMPLETED,/home/hersco/training_new_domains/2026-08-31/preserve3_terminal_zenotravel_stage2/20755782_Re-Tr_zenotravel_zenotravel_mcts_orig_vh_e.5_c.1_s1510771779_K0_P3TERMS2A0p3_src20523083.txt
preserve3-term-zenotravel-on-1510771779-a0p3-policy-e0010,policy_eval,zenotravel,on,1510771779,stage2,ready,hadd-gbfs,"/home/hersco/bershco-nu-asnets/numeric-asnets/asnets/experiment-results/experiments_numeric.domain.zenotravel-experiments_numeric.architecture_2.zenotravel_mcts-2026-08-31T23:17:27.795293/P[domain,pfile1,pfile2,pfile3,pfile4,pfile5,pfile6]-S[0.0003,50,enhsp-hadd-gbfs]-MO[]-T[518400]-04921591-17cc32a/snapshots/snapshot_10_1.0000",20755782,10,preserve3_term_zenotravel_on_learning_curve,COMPLETED,/home/hersco/training_new_domains/2026-08-31/preserve3_terminal_zenotravel_stage2/20755782_Re-Tr_zenotravel_zenotravel_mcts_orig_vh_e.5_c.1_s1510771779_K0_P3TERMS2A0p3_src20523083.txt
preserve3-term-zenotravel-on-1510771779-a0p3-policy-e0015,policy_eval,zenotravel,on,1510771779,stage2,ready,hadd-gbfs,"/home/hersco/bershco-nu-asnets/numeric-asnets/asnets/experiment-results/experiments_numeric.domain.zenotravel-experiments_numeric.architecture_2.zenotravel_mcts-2026-08-31T23:17:27.795293/P[domain,pfile1,pfile2,pfile3,pfile4,pfile5,pfile6]-S[0.0003,50,enhsp-hadd-gbfs]-MO[]-T[518400]-04921591-17cc32a/snapshots/snapshot_15_1.0000",20755782,15,preserve3_term_zenotravel_on_learning_curve,COMPLETED,/home/hersco/training_new_domains/2026-08-31/preserve3_terminal_zenotravel_stage2/20755782_Re-Tr_zenotravel_zenotravel_mcts_orig_vh_e.5_c.1_s1510771779_K0_P3TERMS2A0p3_src20523083.txt
preserve3-term-zenotravel-on-1510771779-a0p3-policy-e0020,policy_eval,zenotravel,on,1510771779,stage2,ready,hadd-gbfs,"/home/hersco/bershco-nu-asnets/numeric-asnets/asnets/experiment-results/experiments_numeric.domain.zenotravel-experiments_numeric.architecture_2.zenotravel_mcts-2026-08-31T23:17:27.795293/P[domain,pfile1,pfile2,pfile3,pfile4,pfile5,pfile6]-S[0.0003,50,enhsp-hadd-gbfs]-MO[]-T[518400]-04921591-17cc32a/snapshots/snapshot_20_1.0000",20755782,20,preserve3_term_zenotravel_on_learning_curve,COMPLETED,/home/hersco/training_new_domains/2026-08-31/preserve3_terminal_zenotravel_stage2/20755782_Re-Tr_zenotravel_zenotravel_mcts_orig_vh_e.5_c.1_s1510771779_K0_P3TERMS2A0p3_src20523083.txt
preserve3-term-zenotravel-on-1510771779-a0p3-policy-e0025,policy_eval,zenotravel,on,1510771779,stage2,ready,hadd-gbfs,"/home/hersco/bershco-nu-asnets/numeric-asnets/asnets/experiment-results/experiments_numeric.domain.zenotravel-experiments_numeric.architecture_2.zenotravel_mcts-2026-08-31T23:17:27.795293/P[domain,pfile1,pfile2,pfile3,pfile4,pfile5,pfile6]-S[0.0003,50,enhsp-hadd-gbfs]-MO[]-T[518400]-04921591-17cc32a/snapshots/snapshot_25_1.0000",20755782,25,preserve3_term_zenotravel_on_learning_curve,COMPLETED,/home/hersco/training_new_domains/2026-08-31/preserve3_terminal_zenotravel_stage2/20755782_Re-Tr_zenotravel_zenotravel_mcts_orig_vh_e.5_c.1_s1510771779_K0_P3TERMS2A0p3_src20523083.txt
preserve3-term-zenotravel-on-1510771779-a0p3-policy-e0030,policy_eval,zenotravel,on,1510771779,stage2,ready,hadd-gbfs,"/home/hersco/bershco-nu-asnets/numeric-asnets/asnets/experiment-results/experiments_numeric.domain.zenotravel-experiments_numeric.architecture_2.zenotravel_mcts-2026-08-31T23:17:27.795293/P[domain,pfile1,pfile2,pfile3,pfile4,pfile5,pfile6]-S[0.0003,50,enhsp-hadd-gbfs]-MO[]-T[518400]-04921591-17cc32a/snapshots/snapshot_30_1.0000",20755782,30,preserve3_term_zenotravel_on_learning_curve,COMPLETED,/home/hersco/training_new_domains/2026-08-31/preserve3_terminal_zenotravel_stage2/20755782_Re-Tr_zenotravel_zenotravel_mcts_orig_vh_e.5_c.1_s1510771779_K0_P3TERMS2A0p3_src20523083.txt
preserve3-term-zenotravel-on-1510771779-a0p3-policy-e0035,policy_eval,zenotravel,on,1510771779,stage2,ready,hadd-gbfs,"/home/hersco/bershco-nu-asnets/numeric-asnets/asnets/experiment-results/experiments_numeric.domain.zenotravel-experiments_numeric.architecture_2.zenotravel_mcts-2026-08-31T23:17:27.795293/P[domain,pfile1,pfile2,pfile3,pfile4,pfile5,pfile6]-S[0.0003,50,enhsp-hadd-gbfs]-MO[]-T[518400]-04921591-17cc32a/snapshots/snapshot_35_1.0000",20755782,35,preserve3_term_zenotravel_on_learning_curve,COMPLETED,/home/hersco/training_new_domains/2026-08-31/preserve3_terminal_zenotravel_stage2/20755782_Re-Tr_zenotravel_zenotravel_mcts_orig_vh_e.5_c.1_s1510771779_K0_P3TERMS2A0p3_src20523083.txt
preserve3-term-zenotravel-on-1510771779-a0p3-policy-e0040,policy_eval,zenotravel,on,1510771779,stage2,ready,hadd-gbfs,"/home/hersco/bershco-nu-asnets/numeric-asnets/asnets/experiment-results/experiments_numeric.domain.zenotravel-experiments_numeric.architecture_2.zenotravel_mcts-2026-08-31T23:17:27.795293/P[domain,pfile1,pfile2,pfile3,pfile4,pfile5,pfile6]-S[0.0003,50,enhsp-hadd-gbfs]-MO[]-T[518400]-04921591-17cc32a/snapshots/snapshot_40_1.0000",20755782,40,preserve3_term_zenotravel_on_learning_curve,COMPLETED,/home/hersco/training_new_domains/2026-08-31/preserve3_terminal_zenotravel_stage2/20755782_Re-Tr_zenotravel_zenotravel_mcts_orig_vh_e.5_c.1_s1510771779_K0_P3TERMS2A0p3_src20523083.txt
preserve3-term-zenotravel-on-1510771779-a0p3-policy-e0045,policy_eval,zenotravel,on,1510771779,stage2,ready,hadd-gbfs,"/home/hersco/bershco-nu-asnets/numeric-asnets/asnets/experiment-results/experiments_numeric.domain.zenotravel-experiments_numeric.architecture_2.zenotravel_mcts-2026-08-31T23:17:27.795293/P[domain,pfile1,pfile2,pfile3,pfile4,pfile5,pfile6]-S[0.0003,50,enhsp-hadd-gbfs]-MO[]-T[518400]-04921591-17cc32a/snapshots/snapshot_45_1.0000",20755782,45,preserve3_term_zenotravel_on_learning_curve,COMPLETED,/home/hersco/training_new_domains/2026-08-31/preserve3_terminal_zenotravel_stage2/20755782_Re-Tr_zenotravel_zenotravel_mcts_orig_vh_e.5_c.1_s1510771779_K0_P3TERMS2A0p3_src20523083.txt
preserve3-term-zenotravel-on-1510771779-a0p3-policy-e0050,policy_eval,zenotravel,on,1510771779,stage2,ready,hadd-gbfs,"/home/hersco/bershco-nu-asnets/numeric-asnets/asnets/experiment-results/experiments_numeric.domain.zenotravel-experiments_numeric.architecture_2.zenotravel_mcts-2026-08-31T23:17:27.795293/P[domain,pfile1,pfile2,pfile3,pfile4,pfile5,pfile6]-S[0.0003,50,enhsp-hadd-gbfs]-MO[]-T[518400]-04921591-17cc32a/snapshots/snapshot_50_1.0000",20755782,50,preserve3_term_zenotravel_on_learning_curve,COMPLETED,/home/hersco/training_new_domains/2026-08-31/preserve3_terminal_zenotravel_stage2/20755782_Re-Tr_zenotravel_zenotravel_mcts_orig_vh_e.5_c.1_s1510771779_K0_P3TERMS2A0p3_src20523083.txt
preserve3-term-zenotravel-on-1510771779-a0p3-policy-e0055,policy_eval,zenotravel,on,1510771779,stage2,ready,hadd-gbfs,"/home/hersco/bershco-nu-asnets/numeric-asnets/asnets/experiment-results/experiments_numeric.domain.zenotravel-experiments_numeric.architecture_2.zenotravel_mcts-2026-08-31T23:17:27.795293/P[domain,pfile1,pfile2,pfile3,pfile4,pfile5,pfile6]-S[0.0003,50,enhsp-hadd-gbfs]-MO[]-T[518400]-04921591-17cc32a/snapshots/snapshot_55_1.0000",20755782,55,preserve3_term_zenotravel_on_learning_curve,COMPLETED,/home/hersco/training_new_domains/2026-08-31/preserve3_terminal_zenotravel_stage2/20755782_Re-Tr_zenotravel_zenotravel_mcts_orig_vh_e.5_c.1_s1510771779_K0_P3TERMS2A0p3_src20523083.txt
preserve3-term-zenotravel-on-1510771779-a0p3-policy-e0060,policy_eval,zenotravel,on,1510771779,stage2,ready,hadd-gbfs,"/home/hersco/bershco-nu-asnets/numeric-asnets/asnets/experiment-results/experiments_numeric.domain.zenotravel-experiments_numeric.architecture_2.zenotravel_mcts-2026-08-31T23:17:27.795293/P[domain,pfile1,pfile2,pfile3,pfile4,pfile5,pfile6]-S[0.0003,50,enhsp-hadd-gbfs]-MO[]-T[518400]-04921591-17cc32a/snapshots/snapshot_60_1.0000",20755782,60,preserve3_term_zenotravel_on_learning_curve,COMPLETED,/home/hersco/training_new_domains/2026-08-31/preserve3_terminal_zenotravel_stage2/20755782_Re-Tr_zenotravel_zenotravel_mcts_orig_vh_e.5_c.1_s1510771779_K0_P3TERMS2A0p3_src20523083.txt
preserve3-term-zenotravel-on-1510771779-a0p3-policy-e0065,policy_eval,zenotravel,on,1510771779,stage2,ready,hadd-gbfs,"/home/hersco/bershco-nu-asnets/numeric-asnets/asnets/experiment-results/experiments_numeric.domain.zenotravel-experiments_numeric.architecture_2.zenotravel_mcts-2026-08-31T23:17:27.795293/P[domain,pfile1,pfile2,pfile3,pfile4,pfile5,pfile6]-S[0.0003,50,enhsp-hadd-gbfs]-MO[]-T[518400]-04921591-17cc32a/snapshots/snapshot_65_1.0000",20755782,65,preserve3_term_zenotravel_on_learning_curve,COMPLETED,/home/hersco/training_new_domains/2026-08-31/preserve3_terminal_zenotravel_stage2/20755782_Re-Tr_zenotravel_zenotravel_mcts_orig_vh_e.5_c.1_s1510771779_K0_P3TERMS2A0p3_src20523083.txt
preserve3-term-zenotravel-on-1510771779-a0p3-policy-e0070,policy_eval,zenotravel,on,1510771779,stage2,ready,hadd-gbfs,"/home/hersco/bershco-nu-asnets/numeric-asnets/asnets/experiment-results/experiments_numeric.domain.zenotravel-experiments_numeric.architecture_2.zenotravel_mcts-2026-08-31T23:17:27.795293/P[domain,pfile1,pfile2,pfile3,pfile4,pfile5,pfile6]-S[0.0003,50,enhsp-hadd-gbfs]-MO[]-T[518400]-04921591-17cc32a/snapshots/snapshot_70_1.0000",20755782,70,preserve3_term_zenotravel_on_learning_curve,COMPLETED,/home/hersco/training_new_domains/2026-08-31/preserve3_terminal_zenotravel_stage2/20755782_Re-Tr_zenotravel_zenotravel_mcts_orig_vh_e.5_c.1_s1510771779_K0_P3TERMS2A0p3_src20523083.txt
preserve3-term-zenotravel-on-1510771779-a0p3-policy-e0075,policy_eval,zenotravel,on,1510771779,stage2,ready,hadd-gbfs,"/home/hersco/bershco-nu-asnets/numeric-asnets/asnets/experiment-results/experiments_numeric.domain.zenotravel-experiments_numeric.architecture_2.zenotravel_mcts-2026-08-31T23:17:27.795293/P[domain,pfile1,pfile2,pfile3,pfile4,pfile5,pfile6]-S[0.0003,50,enhsp-hadd-gbfs]-MO[]-T[518400]-04921591-17cc32a/snapshots/snapshot_75_1.0000",20755782,75,preserve3_term_zenotravel_on_learning_curve,COMPLETED,/home/hersco/training_new_domains/2026-08-31/preserve3_terminal_zenotravel_stage2/20755782_Re-Tr_zenotravel_zenotravel_mcts_orig_vh_e.5_c.1_s1510771779_K0_P3TERMS2A0p3_src20523083.txt
preserve3-term-zenotravel-on-1510771779-a0p3-policy-e0080,policy_eval,zenotravel,on,1510771779,stage2,ready,hadd-gbfs,"/home/hersco/bershco-nu-asnets/numeric-asnets/asnets/experiment-results/experiments_numeric.domain.zenotravel-experiments_numeric.architecture_2.zenotravel_mcts-2026-08-31T23:17:27.795293/P[domain,pfile1,pfile2,pfile3,pfile4,pfile5,pfile6]-S[0.0003,50,enhsp-hadd-gbfs]-MO[]-T[518400]-04921591-17cc32a/snapshots/snapshot_80_1.0000",20755782,80,preserve3_term_zenotravel_on_learning_curve,COMPLETED,/home/hersco/training_new_domains/2026-08-31/preserve3_terminal_zenotravel_stage2/20755782_Re-Tr_zenotravel_zenotravel_mcts_orig_vh_e.5_c.1_s1510771779_K0_P3TERMS2A0p3_src20523083.txt
preserve3-term-zenotravel-on-1510771779-a0p3-policy-e0085,policy_eval,zenotravel,on,1510771779,stage2,ready,hadd-gbfs,"/home/hersco/bershco-nu-asnets/numeric-asnets/asnets/experiment-results/experiments_numeric.domain.zenotravel-experiments_numeric.architecture_2.zenotravel_mcts-2026-08-31T23:17:27.795293/P[domain,pfile1,pfile2,pfile3,pfile4,pfile5,pfile6]-S[0.0003,50,enhsp-hadd-gbfs]-MO[]-T[518400]-04921591-17cc32a/snapshots/snapshot_85_1.0000",20755782,85,preserve3_term_zenotravel_on_learning_curve,COMPLETED,/home/hersco/training_new_domains/2026-08-31/preserve3_terminal_zenotravel_stage2/20755782_Re-Tr_zenotravel_zenotravel_mcts_orig_vh_e.5_c.1_s1510771779_K0_P3TERMS2A0p3_src20523083.txt
preserve3-term-zenotravel-on-1510771779-a0p3-policy-e0090,policy_eval,zenotravel,on,1510771779,stage2,ready,hadd-gbfs,"/home/hersco/bershco-nu-asnets/numeric-asnets/asnets/experiment-results/experiments_numeric.domain.zenotravel-experiments_numeric.architecture_2.zenotravel_mcts-2026-08-31T23:17:27.795293/P[domain,pfile1,pfile2,pfile3,pfile4,pfile5,pfile6]-S[0.0003,50,enhsp-hadd-gbfs]-MO[]-T[518400]-04921591-17cc32a/snapshots/snapshot_90_1.0000",20755782,90,preserve3_term_zenotravel_on_learning_curve,COMPLETED,/home/hersco/training_new_domains/2026-08-31/preserve3_terminal_zenotravel_stage2/20755782_Re-Tr_zenotravel_zenotravel_mcts_orig_vh_e.5_c.1_s1510771779_K0_P3TERMS2A0p3_src20523083.txt
preserve3-term-zenotravel-on-1510771779-a0p3-policy-e0095,policy_eval,zenotravel,on,1510771779,stage2,ready,hadd-gbfs,"/home/hersco/bershco-nu-asnets/numeric-asnets/asnets/experiment-results/experiments_numeric.domain.zenotravel-experiments_numeric.architecture_2.zenotravel_mcts-2026-08-31T23:17:27.795293/P[domain,pfile1,pfile2,pfile3,pfile4,pfile5,pfile6]-S[0.0003,50,enhsp-hadd-gbfs]-MO[]-T[518400]-04921591-17cc32a/snapshots/snapshot_95_1.0000",20755782,95,preserve3_term_zenotravel_on_learning_curve,COMPLETED,/home/hersco/training_new_domains/2026-08-31/preserve3_terminal_zenotravel_stage2/20755782_Re-Tr_zenotravel_zenotravel_mcts_orig_vh_e.5_c.1_s1510771779_K0_P3TERMS2A0p3_src20523083.txt
preserve3-term-zenotravel-on-1510771779-a0p3-policy-e0099,policy_eval,zenotravel,on,1510771779,stage2,ready,hadd-gbfs,"/home/hersco/bershco-nu-asnets/numeric-asnets/asnets/experiment-results/experiments_numeric.domain.zenotravel-experiments_numeric.architecture_2.zenotravel_mcts-2026-08-31T23:17:27.795293/P[domain,pfile1,pfile2,pfile3,pfile4,pfile5,pfile6]-S[0.0003,50,enhsp-hadd-gbfs]-MO[]-T[518400]-04921591-17cc32a/snapshots/snapshot_99_1.0000",20755782,99,preserve3_term_zenotravel_on_learning_curve;preserve3_term_zenotravel_on_final_policy,COMPLETED,/home/hersco/training_new_domains/2026-08-31/preserve3_terminal_zenotravel_stage2/20755782_Re-Tr_zenotravel_zenotravel_mcts_orig_vh_e.5_c.1_s1510771779_K0_P3TERMS2A0p3_src20523083.txt
preserve3-term-zenotravel-on-1963100312-a0p3-policy-e0000,policy_eval,zenotravel,on,1963100312,stage2,ready,hadd-gbfs,"/home/hersco/bershco-nu-asnets/numeric-asnets/asnets/experiment-results/experiments_numeric.domain.zenotravel-experiments_numeric.architecture_2.zenotravel_mcts-2026-08-31T23:17:27.795293/P[domain,pfile1,pfile2,pfile3,pfile4,pfile5,pfile6]-S[0.0003,50,enhsp-hadd-gbfs]-MO[]-T[518400]-04921591-2fc32f3/snapshots/snapshot_0_1.0000",20755783,0,preserve3_term_zenotravel_on_learning_curve,COMPLETED,/home/hersco/training_new_domains/2026-08-31/preserve3_terminal_zenotravel_stage2/20755783_Re-Tr_zenotravel_zenotravel_mcts_orig_vh_e.5_c.1_s1963100312_K0_P3TERMS2A0p3_src20523066.txt
preserve3-term-zenotravel-on-1963100312-a0p3-policy-e0005,policy_eval,zenotravel,on,1963100312,stage2,ready,hadd-gbfs,"/home/hersco/bershco-nu-asnets/numeric-asnets/asnets/experiment-results/experiments_numeric.domain.zenotravel-experiments_numeric.architecture_2.zenotravel_mcts-2026-08-31T23:17:27.795293/P[domain,pfile1,pfile2,pfile3,pfile4,pfile5,pfile6]-S[0.0003,50,enhsp-hadd-gbfs]-MO[]-T[518400]-04921591-2fc32f3/snapshots/snapshot_5_1.0000",20755783,5,preserve3_term_zenotravel_on_learning_curve,COMPLETED,/home/hersco/training_new_domains/2026-08-31/preserve3_terminal_zenotravel_stage2/20755783_Re-Tr_zenotravel_zenotravel_mcts_orig_vh_e.5_c.1_s1963100312_K0_P3TERMS2A0p3_src20523066.txt
preserve3-term-zenotravel-on-1963100312-a0p3-policy-e0010,policy_eval,zenotravel,on,1963100312,stage2,ready,hadd-gbfs,"/home/hersco/bershco-nu-asnets/numeric-asnets/asnets/experiment-results/experiments_numeric.domain.zenotravel-experiments_numeric.architecture_2.zenotravel_mcts-2026-08-31T23:17:27.795293/P[domain,pfile1,pfile2,pfile3,pfile4,pfile5,pfile6]-S[0.0003,50,enhsp-hadd-gbfs]-MO[]-T[518400]-04921591-2fc32f3/snapshots/snapshot_10_1.0000",20755783,10,preserve3_term_zenotravel_on_learning_curve,COMPLETED,/home/hersco/training_new_domains/2026-08-31/preserve3_terminal_zenotravel_stage2/20755783_Re-Tr_zenotravel_zenotravel_mcts_orig_vh_e.5_c.1_s1963100312_K0_P3TERMS2A0p3_src20523066.txt
preserve3-term-zenotravel-on-1963100312-a0p3-policy-e0015,policy_eval,zenotravel,on,1963100312,stage2,ready,hadd-gbfs,"/home/hersco/bershco-nu-asnets/numeric-asnets/asnets/experiment-results/experiments_numeric.domain.zenotravel-experiments_numeric.architecture_2.zenotravel_mcts-2026-08-31T23:17:27.795293/P[domain,pfile1,pfile2,pfile3,pfile4,pfile5,pfile6]-S[0.0003,50,enhsp-hadd-gbfs]-MO[]-T[518400]-04921591-2fc32f3/snapshots/snapshot_15_1.0000",20755783,15,preserve3_term_zenotravel_on_learning_curve,COMPLETED,/home/hersco/training_new_domains/2026-08-31/preserve3_terminal_zenotravel_stage2/20755783_Re-Tr_zenotravel_zenotravel_mcts_orig_vh_e.5_c.1_s1963100312_K0_P3TERMS2A0p3_src20523066.txt
preserve3-term-zenotravel-on-1963100312-a0p3-policy-e0020,policy_eval,zenotravel,on,1963100312,stage2,ready,hadd-gbfs,"/home/hersco/bershco-nu-asnets/numeric-asnets/asnets/experiment-results/experiments_numeric.domain.zenotravel-experiments_numeric.architecture_2.zenotravel_mcts-2026-08-31T23:17:27.795293/P[domain,pfile1,pfile2,pfile3,pfile4,pfile5,pfile6]-S[0.0003,50,enhsp-hadd-gbfs]-MO[]-T[518400]-04921591-2fc32f3/snapshots/snapshot_20_1.0000",20755783,20,preserve3_term_zenotravel_on_learning_curve,COMPLETED,/home/hersco/training_new_domains/2026-08-31/preserve3_terminal_zenotravel_stage2/20755783_Re-Tr_zenotravel_zenotravel_mcts_orig_vh_e.5_c.1_s1963100312_K0_P3TERMS2A0p3_src20523066.txt
preserve3-term-zenotravel-on-1963100312-a0p3-policy-e0025,policy_eval,zenotravel,on,1963100312,stage2,ready,hadd-gbfs,"/home/hersco/bershco-nu-asnets/numeric-asnets/asnets/experiment-results/experiments_numeric.domain.zenotravel-experiments_numeric.architecture_2.zenotravel_mcts-2026-08-31T23:17:27.795293/P[domain,pfile1,pfile2,pfile3,pfile4,pfile5,pfile6]-S[0.0003,50,enhsp-hadd-gbfs]-MO[]-T[518400]-04921591-2fc32f3/snapshots/snapshot_25_1.0000",20755783,25,preserve3_term_zenotravel_on_learning_curve,COMPLETED,/home/hersco/training_new_domains/2026-08-31/preserve3_terminal_zenotravel_stage2/20755783_Re-Tr_zenotravel_zenotravel_mcts_orig_vh_e.5_c.1_s1963100312_K0_P3TERMS2A0p3_src20523066.txt
preserve3-term-zenotravel-on-1963100312-a0p3-policy-e0026,policy_eval,zenotravel,on,1963100312,stage2,ready,hadd-gbfs,"/home/hersco/bershco-nu-asnets/numeric-asnets/asnets/experiment-results/experiments_numeric.domain.zenotravel-experiments_numeric.architecture_2.zenotravel_mcts-2026-08-31T23:17:27.795293/P[domain,pfile1,pfile2,pfile3,pfile4,pfile5,pfile6]-S[0.0003,50,enhsp-hadd-gbfs]-MO[]-T[518400]-04921591-2fc32f3/snapshots/snapshot_26_1.0000",20755783,26,preserve3_term_zenotravel_on_learning_curve;preserve3_term_zenotravel_on_validation_selected_policy,COMPLETED,/home/hersco/training_new_domains/2026-08-31/preserve3_terminal_zenotravel_stage2/20755783_Re-Tr_zenotravel_zenotravel_mcts_orig_vh_e.5_c.1_s1963100312_K0_P3TERMS2A0p3_src20523066.txt
preserve3-term-zenotravel-on-1963100312-a0p3-policy-e0030,policy_eval,zenotravel,on,1963100312,stage2,ready,hadd-gbfs,"/home/hersco/bershco-nu-asnets/numeric-asnets/asnets/experiment-results/experiments_numeric.domain.zenotravel-experiments_numeric.architecture_2.zenotravel_mcts-2026-08-31T23:17:27.795293/P[domain,pfile1,pfile2,pfile3,pfile4,pfile5,pfile6]-S[0.0003,50,enhsp-hadd-gbfs]-MO[]-T[518400]-04921591-2fc32f3/snapshots/snapshot_30_1.0000",20755783,30,preserve3_term_zenotravel_on_learning_curve,COMPLETED,/home/hersco/training_new_domains/2026-08-31/preserve3_terminal_zenotravel_stage2/20755783_Re-Tr_zenotravel_zenotravel_mcts_orig_vh_e.5_c.1_s1963100312_K0_P3TERMS2A0p3_src20523066.txt
preserve3-term-zenotravel-on-1963100312-a0p3-policy-e0035,policy_eval,zenotravel,on,1963100312,stage2,ready,hadd-gbfs,"/home/hersco/bershco-nu-asnets/numeric-asnets/asnets/experiment-results/experiments_numeric.domain.zenotravel-experiments_numeric.architecture_2.zenotravel_mcts-2026-08-31T23:17:27.795293/P[domain,pfile1,pfile2,pfile3,pfile4,pfile5,pfile6]-S[0.0003,50,enhsp-hadd-gbfs]-MO[]-T[518400]-04921591-2fc32f3/snapshots/snapshot_35_1.0000",20755783,35,preserve3_term_zenotravel_on_learning_curve,COMPLETED,/home/hersco/training_new_domains/2026-08-31/preserve3_terminal_zenotravel_stage2/20755783_Re-Tr_zenotravel_zenotravel_mcts_orig_vh_e.5_c.1_s1963100312_K0_P3TERMS2A0p3_src20523066.txt
preserve3-term-zenotravel-on-1963100312-a0p3-policy-e0040,policy_eval,zenotravel,on,1963100312,stage2,ready,hadd-gbfs,"/home/hersco/bershco-nu-asnets/numeric-asnets/asnets/experiment-results/experiments_numeric.domain.zenotravel-experiments_numeric.architecture_2.zenotravel_mcts-2026-08-31T23:17:27.795293/P[domain,pfile1,pfile2,pfile3,pfile4,pfile5,pfile6]-S[0.0003,50,enhsp-hadd-gbfs]-MO[]-T[518400]-04921591-2fc32f3/snapshots/snapshot_40_1.0000",20755783,40,preserve3_term_zenotravel_on_learning_curve,COMPLETED,/home/hersco/training_new_domains/2026-08-31/preserve3_terminal_zenotravel_stage2/20755783_Re-Tr_zenotravel_zenotravel_mcts_orig_vh_e.5_c.1_s1963100312_K0_P3TERMS2A0p3_src20523066.txt
preserve3-term-zenotravel-on-1963100312-a0p3-policy-e0045,policy_eval,zenotravel,on,1963100312,stage2,ready,hadd-gbfs,"/home/hersco/bershco-nu-asnets/numeric-asnets/asnets/experiment-results/experiments_numeric.domain.zenotravel-experiments_numeric.architecture_2.zenotravel_mcts-2026-08-31T23:17:27.795293/P[domain,pfile1,pfile2,pfile3,pfile4,pfile5,pfile6]-S[0.0003,50,enhsp-hadd-gbfs]-MO[]-T[518400]-04921591-2fc32f3/snapshots/snapshot_45_1.0000",20755783,45,preserve3_term_zenotravel_on_learning_curve,COMPLETED,/home/hersco/training_new_domains/2026-08-31/preserve3_terminal_zenotravel_stage2/20755783_Re-Tr_zenotravel_zenotravel_mcts_orig_vh_e.5_c.1_s1963100312_K0_P3TERMS2A0p3_src20523066.txt
preserve3-term-zenotravel-on-1963100312-a0p3-policy-e0050,policy_eval,zenotravel,on,1963100312,stage2,ready,hadd-gbfs,"/home/hersco/bershco-nu-asnets/numeric-asnets/asnets/experiment-results/experiments_numeric.domain.zenotravel-experiments_numeric.architecture_2.zenotravel_mcts-2026-08-31T23:17:27.795293/P[domain,pfile1,pfile2,pfile3,pfile4,pfile5,pfile6]-S[0.0003,50,enhsp-hadd-gbfs]-MO[]-T[518400]-04921591-2fc32f3/snapshots/snapshot_50_1.0000",20755783,50,preserve3_term_zenotravel_on_learning_curve,COMPLETED,/home/hersco/training_new_domains/2026-08-31/preserve3_terminal_zenotravel_stage2/20755783_Re-Tr_zenotravel_zenotravel_mcts_orig_vh_e.5_c.1_s1963100312_K0_P3TERMS2A0p3_src20523066.txt
preserve3-term-zenotravel-on-1963100312-a0p3-policy-e0055,policy_eval,zenotravel,on,1963100312,stage2,ready,hadd-gbfs,"/home/hersco/bershco-nu-asnets/numeric-asnets/asnets/experiment-results/experiments_numeric.domain.zenotravel-experiments_numeric.architecture_2.zenotravel_mcts-2026-08-31T23:17:27.795293/P[domain,pfile1,pfile2,pfile3,pfile4,pfile5,pfile6]-S[0.0003,50,enhsp-hadd-gbfs]-MO[]-T[518400]-04921591-2fc32f3/snapshots/snapshot_55_1.0000",20755783,55,preserve3_term_zenotravel_on_learning_curve,COMPLETED,/home/hersco/training_new_domains/2026-08-31/preserve3_terminal_zenotravel_stage2/20755783_Re-Tr_zenotravel_zenotravel_mcts_orig_vh_e.5_c.1_s1963100312_K0_P3TERMS2A0p3_src20523066.txt
preserve3-term-zenotravel-on-1963100312-a0p3-policy-e0060,policy_eval,zenotravel,on,1963100312,stage2,ready,hadd-gbfs,"/home/hersco/bershco-nu-asnets/numeric-asnets/asnets/experiment-results/experiments_numeric.domain.zenotravel-experiments_numeric.architecture_2.zenotravel_mcts-2026-08-31T23:17:27.795293/P[domain,pfile1,pfile2,pfile3,pfile4,pfile5,pfile6]-S[0.0003,50,enhsp-hadd-gbfs]-MO[]-T[518400]-04921591-2fc32f3/snapshots/snapshot_60_1.0000",20755783,60,preserve3_term_zenotravel_on_learning_curve,COMPLETED,/home/hersco/training_new_domains/2026-08-31/preserve3_terminal_zenotravel_stage2/20755783_Re-Tr_zenotravel_zenotravel_mcts_orig_vh_e.5_c.1_s1963100312_K0_P3TERMS2A0p3_src20523066.txt
preserve3-term-zenotravel-on-1963100312-a0p3-policy-e0065,policy_eval,zenotravel,on,1963100312,stage2,ready,hadd-gbfs,"/home/hersco/bershco-nu-asnets/numeric-asnets/asnets/experiment-results/experiments_numeric.domain.zenotravel-experiments_numeric.architecture_2.zenotravel_mcts-2026-08-31T23:17:27.795293/P[domain,pfile1,pfile2,pfile3,pfile4,pfile5,pfile6]-S[0.0003,50,enhsp-hadd-gbfs]-MO[]-T[518400]-04921591-2fc32f3/snapshots/snapshot_65_1.0000",20755783,65,preserve3_term_zenotravel_on_learning_curve,COMPLETED,/home/hersco/training_new_domains/2026-08-31/preserve3_terminal_zenotravel_stage2/20755783_Re-Tr_zenotravel_zenotravel_mcts_orig_vh_e.5_c.1_s1963100312_K0_P3TERMS2A0p3_src20523066.txt
preserve3-term-zenotravel-on-1963100312-a0p3-policy-e0070,policy_eval,zenotravel,on,1963100312,stage2,ready,hadd-gbfs,"/home/hersco/bershco-nu-asnets/numeric-asnets/asnets/experiment-results/experiments_numeric.domain.zenotravel-experiments_numeric.architecture_2.zenotravel_mcts-2026-08-31T23:17:27.795293/P[domain,pfile1,pfile2,pfile3,pfile4,pfile5,pfile6]-S[0.0003,50,enhsp-hadd-gbfs]-MO[]-T[518400]-04921591-2fc32f3/snapshots/snapshot_70_1.0000",20755783,70,preserve3_term_zenotravel_on_learning_curve,COMPLETED,/home/hersco/training_new_domains/2026-08-31/preserve3_terminal_zenotravel_stage2/20755783_Re-Tr_zenotravel_zenotravel_mcts_orig_vh_e.5_c.1_s1963100312_K0_P3TERMS2A0p3_src20523066.txt
preserve3-term-zenotravel-on-1963100312-a0p3-policy-e0075,policy_eval,zenotravel,on,1963100312,stage2,ready,hadd-gbfs,"/home/hersco/bershco-nu-asnets/numeric-asnets/asnets/experiment-results/experiments_numeric.domain.zenotravel-experiments_numeric.architecture_2.zenotravel_mcts-2026-08-31T23:17:27.795293/P[domain,pfile1,pfile2,pfile3,pfile4,pfile5,pfile6]-S[0.0003,50,enhsp-hadd-gbfs]-MO[]-T[518400]-04921591-2fc32f3/snapshots/snapshot_75_1.0000",20755783,75,preserve3_term_zenotravel_on_learning_curve,COMPLETED,/home/hersco/training_new_domains/2026-08-31/preserve3_terminal_zenotravel_stage2/20755783_Re-Tr_zenotravel_zenotravel_mcts_orig_vh_e.5_c.1_s1963100312_K0_P3TERMS2A0p3_src20523066.txt
preserve3-term-zenotravel-on-1963100312-a0p3-policy-e0080,policy_eval,zenotravel,on,1963100312,stage2,ready,hadd-gbfs,"/home/hersco/bershco-nu-asnets/numeric-asnets/asnets/experiment-results/experiments_numeric.domain.zenotravel-experiments_numeric.architecture_2.zenotravel_mcts-2026-08-31T23:17:27.795293/P[domain,pfile1,pfile2,pfile3,pfile4,pfile5,pfile6]-S[0.0003,50,enhsp-hadd-gbfs]-MO[]-T[518400]-04921591-2fc32f3/snapshots/snapshot_80_1.0000",20755783,80,preserve3_term_zenotravel_on_learning_curve,COMPLETED,/home/hersco/training_new_domains/2026-08-31/preserve3_terminal_zenotravel_stage2/20755783_Re-Tr_zenotravel_zenotravel_mcts_orig_vh_e.5_c.1_s1963100312_K0_P3TERMS2A0p3_src20523066.txt
preserve3-term-zenotravel-on-1963100312-a0p3-policy-e0085,policy_eval,zenotravel,on,1963100312,stage2,ready,hadd-gbfs,"/home/hersco/bershco-nu-asnets/numeric-asnets/asnets/experiment-results/experiments_numeric.domain.zenotravel-experiments_numeric.architecture_2.zenotravel_mcts-2026-08-31T23:17:27.795293/P[domain,pfile1,pfile2,pfile3,pfile4,pfile5,pfile6]-S[0.0003,50,enhsp-hadd-gbfs]-MO[]-T[518400]-04921591-2fc32f3/snapshots/snapshot_85_1.0000",20755783,85,preserve3_term_zenotravel_on_learning_curve,COMPLETED,/home/hersco/training_new_domains/2026-08-31/preserve3_terminal_zenotravel_stage2/20755783_Re-Tr_zenotravel_zenotravel_mcts_orig_vh_e.5_c.1_s1963100312_K0_P3TERMS2A0p3_src20523066.txt
preserve3-term-zenotravel-on-1963100312-a0p3-policy-e0090,policy_eval,zenotravel,on,1963100312,stage2,ready,hadd-gbfs,"/home/hersco/bershco-nu-asnets/numeric-asnets/asnets/experiment-results/experiments_numeric.domain.zenotravel-experiments_numeric.architecture_2.zenotravel_mcts-2026-08-31T23:17:27.795293/P[domain,pfile1,pfile2,pfile3,pfile4,pfile5,pfile6]-S[0.0003,50,enhsp-hadd-gbfs]-MO[]-T[518400]-04921591-2fc32f3/snapshots/snapshot_90_1.0000",20755783,90,preserve3_term_zenotravel_on_learning_curve,COMPLETED,/home/hersco/training_new_domains/2026-08-31/preserve3_terminal_zenotravel_stage2/20755783_Re-Tr_zenotravel_zenotravel_mcts_orig_vh_e.5_c.1_s1963100312_K0_P3TERMS2A0p3_src20523066.txt
preserve3-term-zenotravel-on-1963100312-a0p3-policy-e0095,policy_eval,zenotravel,on,1963100312,stage2,ready,hadd-gbfs,"/home/hersco/bershco-nu-asnets/numeric-asnets/asnets/experiment-results/experiments_numeric.domain.zenotravel-experiments_numeric.architecture_2.zenotravel_mcts-2026-08-31T23:17:27.795293/P[domain,pfile1,pfile2,pfile3,pfile4,pfile5,pfile6]-S[0.0003,50,enhsp-hadd-gbfs]-MO[]-T[518400]-04921591-2fc32f3/snapshots/snapshot_95_1.0000",20755783,95,preserve3_term_zenotravel_on_learning_curve,COMPLETED,/home/hersco/training_new_domains/2026-08-31/preserve3_terminal_zenotravel_stage2/20755783_Re-Tr_zenotravel_zenotravel_mcts_orig_vh_e.5_c.1_s1963100312_K0_P3TERMS2A0p3_src20523066.txt
preserve3-term-zenotravel-on-1963100312-a0p3-policy-e0099,policy_eval,zenotravel,on,1963100312,stage2,ready,hadd-gbfs,"/home/hersco/bershco-nu-asnets/numeric-asnets/asnets/experiment-results/experiments_numeric.domain.zenotravel-experiments_numeric.architecture_2.zenotravel_mcts-2026-08-31T23:17:27.795293/P[domain,pfile1,pfile2,pfile3,pfile4,pfile5,pfile6]-S[0.0003,50,enhsp-hadd-gbfs]-MO[]-T[518400]-04921591-2fc32f3/snapshots/snapshot_99_1.0000",20755783,99,preserve3_term_zenotravel_on_learning_curve;preserve3_term_zenotravel_on_final_policy,COMPLETED,/home/hersco/training_new_domains/2026-08-31/preserve3_terminal_zenotravel_stage2/20755783_Re-Tr_zenotravel_zenotravel_mcts_orig_vh_e.5_c.1_s1963100312_K0_P3TERMS2A0p3_src20523066.txt
preserve3-term-zenotravel-on-1972442430-a0p3-policy-e0000,policy_eval,zenotravel,on,1972442430,stage2,ready,hadd-gbfs,"/home/hersco/bershco-nu-asnets/numeric-asnets/asnets/experiment-results/experiments_numeric.domain.zenotravel-experiments_numeric.architecture_2.zenotravel_mcts-2026-08-31T23:27:32.206037/P[domain,pfile1,pfile2,pfile3,pfile4,pfile5,pfile6]-S[0.0003,50,enhsp-hadd-gbfs]-MO[]-T[518400]-04921601-72aea46/snapshots/snapshot_0_1.0000",20755785,0,preserve3_term_zenotravel_on_learning_curve,COMPLETED,/home/hersco/training_new_domains/2026-08-31/preserve3_terminal_zenotravel_stage2/20755785_Re-Tr_zenotravel_zenotravel_mcts_orig_vh_e.5_c.1_s1972442430_K0_P3TERMS2A0p3_src20523085.txt
preserve3-term-zenotravel-on-1972442430-a0p3-policy-e0005,policy_eval,zenotravel,on,1972442430,stage2,ready,hadd-gbfs,"/home/hersco/bershco-nu-asnets/numeric-asnets/asnets/experiment-results/experiments_numeric.domain.zenotravel-experiments_numeric.architecture_2.zenotravel_mcts-2026-08-31T23:27:32.206037/P[domain,pfile1,pfile2,pfile3,pfile4,pfile5,pfile6]-S[0.0003,50,enhsp-hadd-gbfs]-MO[]-T[518400]-04921601-72aea46/snapshots/snapshot_5_1.0000",20755785,5,preserve3_term_zenotravel_on_learning_curve,COMPLETED,/home/hersco/training_new_domains/2026-08-31/preserve3_terminal_zenotravel_stage2/20755785_Re-Tr_zenotravel_zenotravel_mcts_orig_vh_e.5_c.1_s1972442430_K0_P3TERMS2A0p3_src20523085.txt
preserve3-term-zenotravel-on-1972442430-a0p3-policy-e0010,policy_eval,zenotravel,on,1972442430,stage2,ready,hadd-gbfs,"/home/hersco/bershco-nu-asnets/numeric-asnets/asnets/experiment-results/experiments_numeric.domain.zenotravel-experiments_numeric.architecture_2.zenotravel_mcts-2026-08-31T23:27:32.206037/P[domain,pfile1,pfile2,pfile3,pfile4,pfile5,pfile6]-S[0.0003,50,enhsp-hadd-gbfs]-MO[]-T[518400]-04921601-72aea46/snapshots/snapshot_10_1.0000",20755785,10,preserve3_term_zenotravel_on_learning_curve,COMPLETED,/home/hersco/training_new_domains/2026-08-31/preserve3_terminal_zenotravel_stage2/20755785_Re-Tr_zenotravel_zenotravel_mcts_orig_vh_e.5_c.1_s1972442430_K0_P3TERMS2A0p3_src20523085.txt
preserve3-term-zenotravel-on-1972442430-a0p3-policy-e0015,policy_eval,zenotravel,on,1972442430,stage2,ready,hadd-gbfs,"/home/hersco/bershco-nu-asnets/numeric-asnets/asnets/experiment-results/experiments_numeric.domain.zenotravel-experiments_numeric.architecture_2.zenotravel_mcts-2026-08-31T23:27:32.206037/P[domain,pfile1,pfile2,pfile3,pfile4,pfile5,pfile6]-S[0.0003,50,enhsp-hadd-gbfs]-MO[]-T[518400]-04921601-72aea46/snapshots/snapshot_15_1.0000",20755785,15,preserve3_term_zenotravel_on_learning_curve,COMPLETED,/home/hersco/training_new_domains/2026-08-31/preserve3_terminal_zenotravel_stage2/20755785_Re-Tr_zenotravel_zenotravel_mcts_orig_vh_e.5_c.1_s1972442430_K0_P3TERMS2A0p3_src20523085.txt
preserve3-term-zenotravel-on-1972442430-a0p3-policy-e0020,policy_eval,zenotravel,on,1972442430,stage2,ready,hadd-gbfs,"/home/hersco/bershco-nu-asnets/numeric-asnets/asnets/experiment-results/experiments_numeric.domain.zenotravel-experiments_numeric.architecture_2.zenotravel_mcts-2026-08-31T23:27:32.206037/P[domain,pfile1,pfile2,pfile3,pfile4,pfile5,pfile6]-S[0.0003,50,enhsp-hadd-gbfs]-MO[]-T[518400]-04921601-72aea46/snapshots/snapshot_20_1.0000",20755785,20,preserve3_term_zenotravel_on_learning_curve,COMPLETED,/home/hersco/training_new_domains/2026-08-31/preserve3_terminal_zenotravel_stage2/20755785_Re-Tr_zenotravel_zenotravel_mcts_orig_vh_e.5_c.1_s1972442430_K0_P3TERMS2A0p3_src20523085.txt
preserve3-term-zenotravel-on-1972442430-a0p3-policy-e0025,policy_eval,zenotravel,on,1972442430,stage2,ready,hadd-gbfs,"/home/hersco/bershco-nu-asnets/numeric-asnets/asnets/experiment-results/experiments_numeric.domain.zenotravel-experiments_numeric.architecture_2.zenotravel_mcts-2026-08-31T23:27:32.206037/P[domain,pfile1,pfile2,pfile3,pfile4,pfile5,pfile6]-S[0.0003,50,enhsp-hadd-gbfs]-MO[]-T[518400]-04921601-72aea46/snapshots/snapshot_25_1.0000",20755785,25,preserve3_term_zenotravel_on_learning_curve,COMPLETED,/home/hersco/training_new_domains/2026-08-31/preserve3_terminal_zenotravel_stage2/20755785_Re-Tr_zenotravel_zenotravel_mcts_orig_vh_e.5_c.1_s1972442430_K0_P3TERMS2A0p3_src20523085.txt
preserve3-term-zenotravel-on-1972442430-a0p3-policy-e0030,policy_eval,zenotravel,on,1972442430,stage2,ready,hadd-gbfs,"/home/hersco/bershco-nu-asnets/numeric-asnets/asnets/experiment-results/experiments_numeric.domain.zenotravel-experiments_numeric.architecture_2.zenotravel_mcts-2026-08-31T23:27:32.206037/P[domain,pfile1,pfile2,pfile3,pfile4,pfile5,pfile6]-S[0.0003,50,enhsp-hadd-gbfs]-MO[]-T[518400]-04921601-72aea46/snapshots/snapshot_30_1.0000",20755785,30,preserve3_term_zenotravel_on_learning_curve,COMPLETED,/home/hersco/training_new_domains/2026-08-31/preserve3_terminal_zenotravel_stage2/20755785_Re-Tr_zenotravel_zenotravel_mcts_orig_vh_e.5_c.1_s1972442430_K0_P3TERMS2A0p3_src20523085.txt
preserve3-term-zenotravel-on-1972442430-a0p3-policy-e0035,policy_eval,zenotravel,on,1972442430,stage2,ready,hadd-gbfs,"/home/hersco/bershco-nu-asnets/numeric-asnets/asnets/experiment-results/experiments_numeric.domain.zenotravel-experiments_numeric.architecture_2.zenotravel_mcts-2026-08-31T23:27:32.206037/P[domain,pfile1,pfile2,pfile3,pfile4,pfile5,pfile6]-S[0.0003,50,enhsp-hadd-gbfs]-MO[]-T[518400]-04921601-72aea46/snapshots/snapshot_35_1.0000",20755785,35,preserve3_term_zenotravel_on_learning_curve,COMPLETED,/home/hersco/training_new_domains/2026-08-31/preserve3_terminal_zenotravel_stage2/20755785_Re-Tr_zenotravel_zenotravel_mcts_orig_vh_e.5_c.1_s1972442430_K0_P3TERMS2A0p3_src20523085.txt
preserve3-term-zenotravel-on-1972442430-a0p3-policy-e0040,policy_eval,zenotravel,on,1972442430,stage2,ready,hadd-gbfs,"/home/hersco/bershco-nu-asnets/numeric-asnets/asnets/experiment-results/experiments_numeric.domain.zenotravel-experiments_numeric.architecture_2.zenotravel_mcts-2026-08-31T23:27:32.206037/P[domain,pfile1,pfile2,pfile3,pfile4,pfile5,pfile6]-S[0.0003,50,enhsp-hadd-gbfs]-MO[]-T[518400]-04921601-72aea46/snapshots/snapshot_40_1.0000",20755785,40,preserve3_term_zenotravel_on_learning_curve,COMPLETED,/home/hersco/training_new_domains/2026-08-31/preserve3_terminal_zenotravel_stage2/20755785_Re-Tr_zenotravel_zenotravel_mcts_orig_vh_e.5_c.1_s1972442430_K0_P3TERMS2A0p3_src20523085.txt
preserve3-term-zenotravel-on-1972442430-a0p3-policy-e0045,policy_eval,zenotravel,on,1972442430,stage2,ready,hadd-gbfs,"/home/hersco/bershco-nu-asnets/numeric-asnets/asnets/experiment-results/experiments_numeric.domain.zenotravel-experiments_numeric.architecture_2.zenotravel_mcts-2026-08-31T23:27:32.206037/P[domain,pfile1,pfile2,pfile3,pfile4,pfile5,pfile6]-S[0.0003,50,enhsp-hadd-gbfs]-MO[]-T[518400]-04921601-72aea46/snapshots/snapshot_45_1.0000",20755785,45,preserve3_term_zenotravel_on_learning_curve,COMPLETED,/home/hersco/training_new_domains/2026-08-31/preserve3_terminal_zenotravel_stage2/20755785_Re-Tr_zenotravel_zenotravel_mcts_orig_vh_e.5_c.1_s1972442430_K0_P3TERMS2A0p3_src20523085.txt
preserve3-term-zenotravel-on-1972442430-a0p3-policy-e0047,policy_eval,zenotravel,on,1972442430,stage2,ready,hadd-gbfs,"/home/hersco/bershco-nu-asnets/numeric-asnets/asnets/experiment-results/experiments_numeric.domain.zenotravel-experiments_numeric.architecture_2.zenotravel_mcts-2026-08-31T23:27:32.206037/P[domain,pfile1,pfile2,pfile3,pfile4,pfile5,pfile6]-S[0.0003,50,enhsp-hadd-gbfs]-MO[]-T[518400]-04921601-72aea46/snapshots/snapshot_47_1.0000",20755785,47,preserve3_term_zenotravel_on_learning_curve;preserve3_term_zenotravel_on_validation_selected_policy,COMPLETED,/home/hersco/training_new_domains/2026-08-31/preserve3_terminal_zenotravel_stage2/20755785_Re-Tr_zenotravel_zenotravel_mcts_orig_vh_e.5_c.1_s1972442430_K0_P3TERMS2A0p3_src20523085.txt
preserve3-term-zenotravel-on-1972442430-a0p3-policy-e0050,policy_eval,zenotravel,on,1972442430,stage2,ready,hadd-gbfs,"/home/hersco/bershco-nu-asnets/numeric-asnets/asnets/experiment-results/experiments_numeric.domain.zenotravel-experiments_numeric.architecture_2.zenotravel_mcts-2026-08-31T23:27:32.206037/P[domain,pfile1,pfile2,pfile3,pfile4,pfile5,pfile6]-S[0.0003,50,enhsp-hadd-gbfs]-MO[]-T[518400]-04921601-72aea46/snapshots/snapshot_50_1.0000",20755785,50,preserve3_term_zenotravel_on_learning_curve,COMPLETED,/home/hersco/training_new_domains/2026-08-31/preserve3_terminal_zenotravel_stage2/20755785_Re-Tr_zenotravel_zenotravel_mcts_orig_vh_e.5_c.1_s1972442430_K0_P3TERMS2A0p3_src20523085.txt
preserve3-term-zenotravel-on-1972442430-a0p3-policy-e0055,policy_eval,zenotravel,on,1972442430,stage2,ready,hadd-gbfs,"/home/hersco/bershco-nu-asnets/numeric-asnets/asnets/experiment-results/experiments_numeric.domain.zenotravel-experiments_numeric.architecture_2.zenotravel_mcts-2026-08-31T23:27:32.206037/P[domain,pfile1,pfile2,pfile3,pfile4,pfile5,pfile6]-S[0.0003,50,enhsp-hadd-gbfs]-MO[]-T[518400]-04921601-72aea46/snapshots/snapshot_55_1.0000",20755785,55,preserve3_term_zenotravel_on_learning_curve,COMPLETED,/home/hersco/training_new_domains/2026-08-31/preserve3_terminal_zenotravel_stage2/20755785_Re-Tr_zenotravel_zenotravel_mcts_orig_vh_e.5_c.1_s1972442430_K0_P3TERMS2A0p3_src20523085.txt
preserve3-term-zenotravel-on-1972442430-a0p3-policy-e0060,policy_eval,zenotravel,on,1972442430,stage2,ready,hadd-gbfs,"/home/hersco/bershco-nu-asnets/numeric-asnets/asnets/experiment-results/experiments_numeric.domain.zenotravel-experiments_numeric.architecture_2.zenotravel_mcts-2026-08-31T23:27:32.206037/P[domain,pfile1,pfile2,pfile3,pfile4,pfile5,pfile6]-S[0.0003,50,enhsp-hadd-gbfs]-MO[]-T[518400]-04921601-72aea46/snapshots/snapshot_60_1.0000",20755785,60,preserve3_term_zenotravel_on_learning_curve,COMPLETED,/home/hersco/training_new_domains/2026-08-31/preserve3_terminal_zenotravel_stage2/20755785_Re-Tr_zenotravel_zenotravel_mcts_orig_vh_e.5_c.1_s1972442430_K0_P3TERMS2A0p3_src20523085.txt
preserve3-term-zenotravel-on-1972442430-a0p3-policy-e0065,policy_eval,zenotravel,on,1972442430,stage2,ready,hadd-gbfs,"/home/hersco/bershco-nu-asnets/numeric-asnets/asnets/experiment-results/experiments_numeric.domain.zenotravel-experiments_numeric.architecture_2.zenotravel_mcts-2026-08-31T23:27:32.206037/P[domain,pfile1,pfile2,pfile3,pfile4,pfile5,pfile6]-S[0.0003,50,enhsp-hadd-gbfs]-MO[]-T[518400]-04921601-72aea46/snapshots/snapshot_65_1.0000",20755785,65,preserve3_term_zenotravel_on_learning_curve,COMPLETED,/home/hersco/training_new_domains/2026-08-31/preserve3_terminal_zenotravel_stage2/20755785_Re-Tr_zenotravel_zenotravel_mcts_orig_vh_e.5_c.1_s1972442430_K0_P3TERMS2A0p3_src20523085.txt
preserve3-term-zenotravel-on-1972442430-a0p3-policy-e0070,policy_eval,zenotravel,on,1972442430,stage2,ready,hadd-gbfs,"/home/hersco/bershco-nu-asnets/numeric-asnets/asnets/experiment-results/experiments_numeric.domain.zenotravel-experiments_numeric.architecture_2.zenotravel_mcts-2026-08-31T23:27:32.206037/P[domain,pfile1,pfile2,pfile3,pfile4,pfile5,pfile6]-S[0.0003,50,enhsp-hadd-gbfs]-MO[]-T[518400]-04921601-72aea46/snapshots/snapshot_70_1.0000",20755785,70,preserve3_term_zenotravel_on_learning_curve,COMPLETED,/home/hersco/training_new_domains/2026-08-31/preserve3_terminal_zenotravel_stage2/20755785_Re-Tr_zenotravel_zenotravel_mcts_orig_vh_e.5_c.1_s1972442430_K0_P3TERMS2A0p3_src20523085.txt
preserve3-term-zenotravel-on-1972442430-a0p3-policy-e0075,policy_eval,zenotravel,on,1972442430,stage2,ready,hadd-gbfs,"/home/hersco/bershco-nu-asnets/numeric-asnets/asnets/experiment-results/experiments_numeric.domain.zenotravel-experiments_numeric.architecture_2.zenotravel_mcts-2026-08-31T23:27:32.206037/P[domain,pfile1,pfile2,pfile3,pfile4,pfile5,pfile6]-S[0.0003,50,enhsp-hadd-gbfs]-MO[]-T[518400]-04921601-72aea46/snapshots/snapshot_75_1.0000",20755785,75,preserve3_term_zenotravel_on_learning_curve,COMPLETED,/home/hersco/training_new_domains/2026-08-31/preserve3_terminal_zenotravel_stage2/20755785_Re-Tr_zenotravel_zenotravel_mcts_orig_vh_e.5_c.1_s1972442430_K0_P3TERMS2A0p3_src20523085.txt
preserve3-term-zenotravel-on-1972442430-a0p3-policy-e0080,policy_eval,zenotravel,on,1972442430,stage2,ready,hadd-gbfs,"/home/hersco/bershco-nu-asnets/numeric-asnets/asnets/experiment-results/experiments_numeric.domain.zenotravel-experiments_numeric.architecture_2.zenotravel_mcts-2026-08-31T23:27:32.206037/P[domain,pfile1,pfile2,pfile3,pfile4,pfile5,pfile6]-S[0.0003,50,enhsp-hadd-gbfs]-MO[]-T[518400]-04921601-72aea46/snapshots/snapshot_80_1.0000",20755785,80,preserve3_term_zenotravel_on_learning_curve,COMPLETED,/home/hersco/training_new_domains/2026-08-31/preserve3_terminal_zenotravel_stage2/20755785_Re-Tr_zenotravel_zenotravel_mcts_orig_vh_e.5_c.1_s1972442430_K0_P3TERMS2A0p3_src20523085.txt
preserve3-term-zenotravel-on-1972442430-a0p3-policy-e0085,policy_eval,zenotravel,on,1972442430,stage2,ready,hadd-gbfs,"/home/hersco/bershco-nu-asnets/numeric-asnets/asnets/experiment-results/experiments_numeric.domain.zenotravel-experiments_numeric.architecture_2.zenotravel_mcts-2026-08-31T23:27:32.206037/P[domain,pfile1,pfile2,pfile3,pfile4,pfile5,pfile6]-S[0.0003,50,enhsp-hadd-gbfs]-MO[]-T[518400]-04921601-72aea46/snapshots/snapshot_85_1.0000",20755785,85,preserve3_term_zenotravel_on_learning_curve,COMPLETED,/home/hersco/training_new_domains/2026-08-31/preserve3_terminal_zenotravel_stage2/20755785_Re-Tr_zenotravel_zenotravel_mcts_orig_vh_e.5_c.1_s1972442430_K0_P3TERMS2A0p3_src20523085.txt
preserve3-term-zenotravel-on-1972442430-a0p3-policy-e0090,policy_eval,zenotravel,on,1972442430,stage2,ready,hadd-gbfs,"/home/hersco/bershco-nu-asnets/numeric-asnets/asnets/experiment-results/experiments_numeric.domain.zenotravel-experiments_numeric.architecture_2.zenotravel_mcts-2026-08-31T23:27:32.206037/P[domain,pfile1,pfile2,pfile3,pfile4,pfile5,pfile6]-S[0.0003,50,enhsp-hadd-gbfs]-MO[]-T[518400]-04921601-72aea46/snapshots/snapshot_90_1.0000",20755785,90,preserve3_term_zenotravel_on_learning_curve,COMPLETED,/home/hersco/training_new_domains/2026-08-31/preserve3_terminal_zenotravel_stage2/20755785_Re-Tr_zenotravel_zenotravel_mcts_orig_vh_e.5_c.1_s1972442430_K0_P3TERMS2A0p3_src20523085.txt
preserve3-term-zenotravel-on-1972442430-a0p3-policy-e0095,policy_eval,zenotravel,on,1972442430,stage2,ready,hadd-gbfs,"/home/hersco/bershco-nu-asnets/numeric-asnets/asnets/experiment-results/experiments_numeric.domain.zenotravel-experiments_numeric.architecture_2.zenotravel_mcts-2026-08-31T23:27:32.206037/P[domain,pfile1,pfile2,pfile3,pfile4,pfile5,pfile6]-S[0.0003,50,enhsp-hadd-gbfs]-MO[]-T[518400]-04921601-72aea46/snapshots/snapshot_95_1.0000",20755785,95,preserve3_term_zenotravel_on_learning_curve,COMPLETED,/home/hersco/training_new_domains/2026-08-31/preserve3_terminal_zenotravel_stage2/20755785_Re-Tr_zenotravel_zenotravel_mcts_orig_vh_e.5_c.1_s1972442430_K0_P3TERMS2A0p3_src20523085.txt
preserve3-term-zenotravel-on-1972442430-a0p3-policy-e0099,policy_eval,zenotravel,on,1972442430,stage2,ready,hadd-gbfs,"/home/hersco/bershco-nu-asnets/numeric-asnets/asnets/experiment-results/experiments_numeric.domain.zenotravel-experiments_numeric.architecture_2.zenotravel_mcts-2026-08-31T23:27:32.206037/P[domain,pfile1,pfile2,pfile3,pfile4,pfile5,pfile6]-S[0.0003,50,enhsp-hadd-gbfs]-MO[]-T[518400]-04921601-72aea46/snapshots/snapshot_99_1.0000",20755785,99,preserve3_term_zenotravel_on_learning_curve;preserve3_term_zenotravel_on_final_policy,COMPLETED,/home/hersco/training_new_domains/2026-08-31/preserve3_terminal_zenotravel_stage2/20755785_Re-Tr_zenotravel_zenotravel_mcts_orig_vh_e.5_c.1_s1972442430_K0_P3TERMS2A0p3_src20523085.txt
preserve3-term-zenotravel-on-2011206605-a0p3-policy-e0000,policy_eval,zenotravel,on,2011206605,stage2,ready,hadd-gbfs,"/home/hersco/bershco-nu-asnets/numeric-asnets/asnets/experiment-results/experiments_numeric.domain.zenotravel-experiments_numeric.architecture_2.zenotravel_mcts-2026-08-31T23:33:36.281806/P[domain,pfile1,pfile2,pfile3,pfile4,pfile5,pfile6]-S[0.0003,50,enhsp-hadd-gbfs]-MO[]-T[518400]-04921607-067843/snapshots/snapshot_0_1.0000",20755786,0,preserve3_term_zenotravel_on_learning_curve,COMPLETED,/home/hersco/training_new_domains/2026-08-31/preserve3_terminal_zenotravel_stage2/20755786_Re-Tr_zenotravel_zenotravel_mcts_orig_vh_e.5_c.1_s2011206605_K0_P3TERMS2A0p3_src20523069.txt
preserve3-term-zenotravel-on-2011206605-a0p3-policy-e0005,policy_eval,zenotravel,on,2011206605,stage2,ready,hadd-gbfs,"/home/hersco/bershco-nu-asnets/numeric-asnets/asnets/experiment-results/experiments_numeric.domain.zenotravel-experiments_numeric.architecture_2.zenotravel_mcts-2026-08-31T23:33:36.281806/P[domain,pfile1,pfile2,pfile3,pfile4,pfile5,pfile6]-S[0.0003,50,enhsp-hadd-gbfs]-MO[]-T[518400]-04921607-067843/snapshots/snapshot_5_1.0000",20755786,5,preserve3_term_zenotravel_on_learning_curve,COMPLETED,/home/hersco/training_new_domains/2026-08-31/preserve3_terminal_zenotravel_stage2/20755786_Re-Tr_zenotravel_zenotravel_mcts_orig_vh_e.5_c.1_s2011206605_K0_P3TERMS2A0p3_src20523069.txt
preserve3-term-zenotravel-on-2011206605-a0p3-policy-e0010,policy_eval,zenotravel,on,2011206605,stage2,ready,hadd-gbfs,"/home/hersco/bershco-nu-asnets/numeric-asnets/asnets/experiment-results/experiments_numeric.domain.zenotravel-experiments_numeric.architecture_2.zenotravel_mcts-2026-08-31T23:33:36.281806/P[domain,pfile1,pfile2,pfile3,pfile4,pfile5,pfile6]-S[0.0003,50,enhsp-hadd-gbfs]-MO[]-T[518400]-04921607-067843/snapshots/snapshot_10_1.0000",20755786,10,preserve3_term_zenotravel_on_learning_curve,COMPLETED,/home/hersco/training_new_domains/2026-08-31/preserve3_terminal_zenotravel_stage2/20755786_Re-Tr_zenotravel_zenotravel_mcts_orig_vh_e.5_c.1_s2011206605_K0_P3TERMS2A0p3_src20523069.txt
preserve3-term-zenotravel-on-2011206605-a0p3-policy-e0015,policy_eval,zenotravel,on,2011206605,stage2,ready,hadd-gbfs,"/home/hersco/bershco-nu-asnets/numeric-asnets/asnets/experiment-results/experiments_numeric.domain.zenotravel-experiments_numeric.architecture_2.zenotravel_mcts-2026-08-31T23:33:36.281806/P[domain,pfile1,pfile2,pfile3,pfile4,pfile5,pfile6]-S[0.0003,50,enhsp-hadd-gbfs]-MO[]-T[518400]-04921607-067843/snapshots/snapshot_15_1.0000",20755786,15,preserve3_term_zenotravel_on_learning_curve,COMPLETED,/home/hersco/training_new_domains/2026-08-31/preserve3_terminal_zenotravel_stage2/20755786_Re-Tr_zenotravel_zenotravel_mcts_orig_vh_e.5_c.1_s2011206605_K0_P3TERMS2A0p3_src20523069.txt
preserve3-term-zenotravel-on-2011206605-a0p3-policy-e0020,policy_eval,zenotravel,on,2011206605,stage2,ready,hadd-gbfs,"/home/hersco/bershco-nu-asnets/numeric-asnets/asnets/experiment-results/experiments_numeric.domain.zenotravel-experiments_numeric.architecture_2.zenotravel_mcts-2026-08-31T23:33:36.281806/P[domain,pfile1,pfile2,pfile3,pfile4,pfile5,pfile6]-S[0.0003,50,enhsp-hadd-gbfs]-MO[]-T[518400]-04921607-067843/snapshots/snapshot_20_1.0000",20755786,20,preserve3_term_zenotravel_on_learning_curve,COMPLETED,/home/hersco/training_new_domains/2026-08-31/preserve3_terminal_zenotravel_stage2/20755786_Re-Tr_zenotravel_zenotravel_mcts_orig_vh_e.5_c.1_s2011206605_K0_P3TERMS2A0p3_src20523069.txt
preserve3-term-zenotravel-on-2011206605-a0p3-policy-e0025,policy_eval,zenotravel,on,2011206605,stage2,ready,hadd-gbfs,"/home/hersco/bershco-nu-asnets/numeric-asnets/asnets/experiment-results/experiments_numeric.domain.zenotravel-experiments_numeric.architecture_2.zenotravel_mcts-2026-08-31T23:33:36.281806/P[domain,pfile1,pfile2,pfile3,pfile4,pfile5,pfile6]-S[0.0003,50,enhsp-hadd-gbfs]-MO[]-T[518400]-04921607-067843/snapshots/snapshot_25_1.0000",20755786,25,preserve3_term_zenotravel_on_learning_curve,COMPLETED,/home/hersco/training_new_domains/2026-08-31/preserve3_terminal_zenotravel_stage2/20755786_Re-Tr_zenotravel_zenotravel_mcts_orig_vh_e.5_c.1_s2011206605_K0_P3TERMS2A0p3_src20523069.txt
preserve3-term-zenotravel-on-2011206605-a0p3-policy-e0030,policy_eval,zenotravel,on,2011206605,stage2,ready,hadd-gbfs,"/home/hersco/bershco-nu-asnets/numeric-asnets/asnets/experiment-results/experiments_numeric.domain.zenotravel-experiments_numeric.architecture_2.zenotravel_mcts-2026-08-31T23:33:36.281806/P[domain,pfile1,pfile2,pfile3,pfile4,pfile5,pfile6]-S[0.0003,50,enhsp-hadd-gbfs]-MO[]-T[518400]-04921607-067843/snapshots/snapshot_30_1.0000",20755786,30,preserve3_term_zenotravel_on_learning_curve,COMPLETED,/home/hersco/training_new_domains/2026-08-31/preserve3_terminal_zenotravel_stage2/20755786_Re-Tr_zenotravel_zenotravel_mcts_orig_vh_e.5_c.1_s2011206605_K0_P3TERMS2A0p3_src20523069.txt
preserve3-term-zenotravel-on-2011206605-a0p3-policy-e0035,policy_eval,zenotravel,on,2011206605,stage2,ready,hadd-gbfs,"/home/hersco/bershco-nu-asnets/numeric-asnets/asnets/experiment-results/experiments_numeric.domain.zenotravel-experiments_numeric.architecture_2.zenotravel_mcts-2026-08-31T23:33:36.281806/P[domain,pfile1,pfile2,pfile3,pfile4,pfile5,pfile6]-S[0.0003,50,enhsp-hadd-gbfs]-MO[]-T[518400]-04921607-067843/snapshots/snapshot_35_1.0000",20755786,35,preserve3_term_zenotravel_on_learning_curve,COMPLETED,/home/hersco/training_new_domains/2026-08-31/preserve3_terminal_zenotravel_stage2/20755786_Re-Tr_zenotravel_zenotravel_mcts_orig_vh_e.5_c.1_s2011206605_K0_P3TERMS2A0p3_src20523069.txt
preserve3-term-zenotravel-on-2011206605-a0p3-policy-e0040,policy_eval,zenotravel,on,2011206605,stage2,ready,hadd-gbfs,"/home/hersco/bershco-nu-asnets/numeric-asnets/asnets/experiment-results/experiments_numeric.domain.zenotravel-experiments_numeric.architecture_2.zenotravel_mcts-2026-08-31T23:33:36.281806/P[domain,pfile1,pfile2,pfile3,pfile4,pfile5,pfile6]-S[0.0003,50,enhsp-hadd-gbfs]-MO[]-T[518400]-04921607-067843/snapshots/snapshot_40_1.0000",20755786,40,preserve3_term_zenotravel_on_learning_curve,COMPLETED,/home/hersco/training_new_domains/2026-08-31/preserve3_terminal_zenotravel_stage2/20755786_Re-Tr_zenotravel_zenotravel_mcts_orig_vh_e.5_c.1_s2011206605_K0_P3TERMS2A0p3_src20523069.txt
preserve3-term-zenotravel-on-2011206605-a0p3-policy-e0045,policy_eval,zenotravel,on,2011206605,stage2,ready,hadd-gbfs,"/home/hersco/bershco-nu-asnets/numeric-asnets/asnets/experiment-results/experiments_numeric.domain.zenotravel-experiments_numeric.architecture_2.zenotravel_mcts-2026-08-31T23:33:36.281806/P[domain,pfile1,pfile2,pfile3,pfile4,pfile5,pfile6]-S[0.0003,50,enhsp-hadd-gbfs]-MO[]-T[518400]-04921607-067843/snapshots/snapshot_45_1.0000",20755786,45,preserve3_term_zenotravel_on_learning_curve,COMPLETED,/home/hersco/training_new_domains/2026-08-31/preserve3_terminal_zenotravel_stage2/20755786_Re-Tr_zenotravel_zenotravel_mcts_orig_vh_e.5_c.1_s2011206605_K0_P3TERMS2A0p3_src20523069.txt
preserve3-term-zenotravel-on-2011206605-a0p3-policy-e0050,policy_eval,zenotravel,on,2011206605,stage2,ready,hadd-gbfs,"/home/hersco/bershco-nu-asnets/numeric-asnets/asnets/experiment-results/experiments_numeric.domain.zenotravel-experiments_numeric.architecture_2.zenotravel_mcts-2026-08-31T23:33:36.281806/P[domain,pfile1,pfile2,pfile3,pfile4,pfile5,pfile6]-S[0.0003,50,enhsp-hadd-gbfs]-MO[]-T[518400]-04921607-067843/snapshots/snapshot_50_1.0000",20755786,50,preserve3_term_zenotravel_on_learning_curve,COMPLETED,/home/hersco/training_new_domains/2026-08-31/preserve3_terminal_zenotravel_stage2/20755786_Re-Tr_zenotravel_zenotravel_mcts_orig_vh_e.5_c.1_s2011206605_K0_P3TERMS2A0p3_src20523069.txt
preserve3-term-zenotravel-on-2011206605-a0p3-policy-e0055,policy_eval,zenotravel,on,2011206605,stage2,ready,hadd-gbfs,"/home/hersco/bershco-nu-asnets/numeric-asnets/asnets/experiment-results/experiments_numeric.domain.zenotravel-experiments_numeric.architecture_2.zenotravel_mcts-2026-08-31T23:33:36.281806/P[domain,pfile1,pfile2,pfile3,pfile4,pfile5,pfile6]-S[0.0003,50,enhsp-hadd-gbfs]-MO[]-T[518400]-04921607-067843/snapshots/snapshot_55_1.0000",20755786,55,preserve3_term_zenotravel_on_learning_curve,COMPLETED,/home/hersco/training_new_domains/2026-08-31/preserve3_terminal_zenotravel_stage2/20755786_Re-Tr_zenotravel_zenotravel_mcts_orig_vh_e.5_c.1_s2011206605_K0_P3TERMS2A0p3_src20523069.txt
preserve3-term-zenotravel-on-2011206605-a0p3-policy-e0060,policy_eval,zenotravel,on,2011206605,stage2,ready,hadd-gbfs,"/home/hersco/bershco-nu-asnets/numeric-asnets/asnets/experiment-results/experiments_numeric.domain.zenotravel-experiments_numeric.architecture_2.zenotravel_mcts-2026-08-31T23:33:36.281806/P[domain,pfile1,pfile2,pfile3,pfile4,pfile5,pfile6]-S[0.0003,50,enhsp-hadd-gbfs]-MO[]-T[518400]-04921607-067843/snapshots/snapshot_60_1.0000",20755786,60,preserve3_term_zenotravel_on_learning_curve,COMPLETED,/home/hersco/training_new_domains/2026-08-31/preserve3_terminal_zenotravel_stage2/20755786_Re-Tr_zenotravel_zenotravel_mcts_orig_vh_e.5_c.1_s2011206605_K0_P3TERMS2A0p3_src20523069.txt
preserve3-term-zenotravel-on-2011206605-a0p3-policy-e0065,policy_eval,zenotravel,on,2011206605,stage2,ready,hadd-gbfs,"/home/hersco/bershco-nu-asnets/numeric-asnets/asnets/experiment-results/experiments_numeric.domain.zenotravel-experiments_numeric.architecture_2.zenotravel_mcts-2026-08-31T23:33:36.281806/P[domain,pfile1,pfile2,pfile3,pfile4,pfile5,pfile6]-S[0.0003,50,enhsp-hadd-gbfs]-MO[]-T[518400]-04921607-067843/snapshots/snapshot_65_1.0000",20755786,65,preserve3_term_zenotravel_on_learning_curve,COMPLETED,/home/hersco/training_new_domains/2026-08-31/preserve3_terminal_zenotravel_stage2/20755786_Re-Tr_zenotravel_zenotravel_mcts_orig_vh_e.5_c.1_s2011206605_K0_P3TERMS2A0p3_src20523069.txt
preserve3-term-zenotravel-on-2011206605-a0p3-policy-e0070,policy_eval,zenotravel,on,2011206605,stage2,ready,hadd-gbfs,"/home/hersco/bershco-nu-asnets/numeric-asnets/asnets/experiment-results/experiments_numeric.domain.zenotravel-experiments_numeric.architecture_2.zenotravel_mcts-2026-08-31T23:33:36.281806/P[domain,pfile1,pfile2,pfile3,pfile4,pfile5,pfile6]-S[0.0003,50,enhsp-hadd-gbfs]-MO[]-T[518400]-04921607-067843/snapshots/snapshot_70_1.0000",20755786,70,preserve3_term_zenotravel_on_learning_curve;preserve3_term_zenotravel_on_validation_selected_policy,COMPLETED,/home/hersco/training_new_domains/2026-08-31/preserve3_terminal_zenotravel_stage2/20755786_Re-Tr_zenotravel_zenotravel_mcts_orig_vh_e.5_c.1_s2011206605_K0_P3TERMS2A0p3_src20523069.txt
preserve3-term-zenotravel-on-2011206605-a0p3-policy-e0075,policy_eval,zenotravel,on,2011206605,stage2,ready,hadd-gbfs,"/home/hersco/bershco-nu-asnets/numeric-asnets/asnets/experiment-results/experiments_numeric.domain.zenotravel-experiments_numeric.architecture_2.zenotravel_mcts-2026-08-31T23:33:36.281806/P[domain,pfile1,pfile2,pfile3,pfile4,pfile5,pfile6]-S[0.0003,50,enhsp-hadd-gbfs]-MO[]-T[518400]-04921607-067843/snapshots/snapshot_75_1.0000",20755786,75,preserve3_term_zenotravel_on_learning_curve,COMPLETED,/home/hersco/training_new_domains/2026-08-31/preserve3_terminal_zenotravel_stage2/20755786_Re-Tr_zenotravel_zenotravel_mcts_orig_vh_e.5_c.1_s2011206605_K0_P3TERMS2A0p3_src20523069.txt
preserve3-term-zenotravel-on-2011206605-a0p3-policy-e0080,policy_eval,zenotravel,on,2011206605,stage2,ready,hadd-gbfs,"/home/hersco/bershco-nu-asnets/numeric-asnets/asnets/experiment-results/experiments_numeric.domain.zenotravel-experiments_numeric.architecture_2.zenotravel_mcts-2026-08-31T23:33:36.281806/P[domain,pfile1,pfile2,pfile3,pfile4,pfile5,pfile6]-S[0.0003,50,enhsp-hadd-gbfs]-MO[]-T[518400]-04921607-067843/snapshots/snapshot_80_1.0000",20755786,80,preserve3_term_zenotravel_on_learning_curve,COMPLETED,/home/hersco/training_new_domains/2026-08-31/preserve3_terminal_zenotravel_stage2/20755786_Re-Tr_zenotravel_zenotravel_mcts_orig_vh_e.5_c.1_s2011206605_K0_P3TERMS2A0p3_src20523069.txt
preserve3-term-zenotravel-on-2011206605-a0p3-policy-e0085,policy_eval,zenotravel,on,2011206605,stage2,ready,hadd-gbfs,"/home/hersco/bershco-nu-asnets/numeric-asnets/asnets/experiment-results/experiments_numeric.domain.zenotravel-experiments_numeric.architecture_2.zenotravel_mcts-2026-08-31T23:33:36.281806/P[domain,pfile1,pfile2,pfile3,pfile4,pfile5,pfile6]-S[0.0003,50,enhsp-hadd-gbfs]-MO[]-T[518400]-04921607-067843/snapshots/snapshot_85_1.0000",20755786,85,preserve3_term_zenotravel_on_learning_curve,COMPLETED,/home/hersco/training_new_domains/2026-08-31/preserve3_terminal_zenotravel_stage2/20755786_Re-Tr_zenotravel_zenotravel_mcts_orig_vh_e.5_c.1_s2011206605_K0_P3TERMS2A0p3_src20523069.txt
preserve3-term-zenotravel-on-2011206605-a0p3-policy-e0090,policy_eval,zenotravel,on,2011206605,stage2,ready,hadd-gbfs,"/home/hersco/bershco-nu-asnets/numeric-asnets/asnets/experiment-results/experiments_numeric.domain.zenotravel-experiments_numeric.architecture_2.zenotravel_mcts-2026-08-31T23:33:36.281806/P[domain,pfile1,pfile2,pfile3,pfile4,pfile5,pfile6]-S[0.0003,50,enhsp-hadd-gbfs]-MO[]-T[518400]-04921607-067843/snapshots/snapshot_90_1.0000",20755786,90,preserve3_term_zenotravel_on_learning_curve,COMPLETED,/home/hersco/training_new_domains/2026-08-31/preserve3_terminal_zenotravel_stage2/20755786_Re-Tr_zenotravel_zenotravel_mcts_orig_vh_e.5_c.1_s2011206605_K0_P3TERMS2A0p3_src20523069.txt
preserve3-term-zenotravel-on-2011206605-a0p3-policy-e0095,policy_eval,zenotravel,on,2011206605,stage2,ready,hadd-gbfs,"/home/hersco/bershco-nu-asnets/numeric-asnets/asnets/experiment-results/experiments_numeric.domain.zenotravel-experiments_numeric.architecture_2.zenotravel_mcts-2026-08-31T23:33:36.281806/P[domain,pfile1,pfile2,pfile3,pfile4,pfile5,pfile6]-S[0.0003,50,enhsp-hadd-gbfs]-MO[]-T[518400]-04921607-067843/snapshots/snapshot_95_1.0000",20755786,95,preserve3_term_zenotravel_on_learning_curve,COMPLETED,/home/hersco/training_new_domains/2026-08-31/preserve3_terminal_zenotravel_stage2/20755786_Re-Tr_zenotravel_zenotravel_mcts_orig_vh_e.5_c.1_s2011206605_K0_P3TERMS2A0p3_src20523069.txt
preserve3-term-zenotravel-on-2011206605-a0p3-policy-e0099,policy_eval,zenotravel,on,2011206605,stage2,ready,hadd-gbfs,"/home/hersco/bershco-nu-asnets/numeric-asnets/asnets/experiment-results/experiments_numeric.domain.zenotravel-experiments_numeric.architecture_2.zenotravel_mcts-2026-08-31T23:33:36.281806/P[domain,pfile1,pfile2,pfile3,pfile4,pfile5,pfile6]-S[0.0003,50,enhsp-hadd-gbfs]-MO[]-T[518400]-04921607-067843/snapshots/snapshot_99_1.0000",20755786,99,preserve3_term_zenotravel_on_learning_curve;preserve3_term_zenotravel_on_final_policy,COMPLETED,/home/hersco/training_new_domains/2026-08-31/preserve3_terminal_zenotravel_stage2/20755786_Re-Tr_zenotravel_zenotravel_mcts_orig_vh_e.5_c.1_s2011206605_K0_P3TERMS2A0p3_src20523069.txt
preserve3-term-zenotravel-on-2082152039-a0p3-policy-e0000,policy_eval,zenotravel,on,2082152039,stage2,ready,hadd-gbfs,"/home/hersco/bershco-nu-asnets/numeric-asnets/asnets/experiment-results/experiments_numeric.domain.zenotravel-experiments_numeric.architecture_2.zenotravel_mcts-2026-08-31T23:33:52.807221/P[domain,pfile1,pfile2,pfile3,pfile4,pfile5,pfile6]-S[0.0003,50,enhsp-hadd-gbfs]-MO[]-T[518400]-04921608-faf7d6/snapshots/snapshot_0_1.0000",20755787,0,preserve3_term_zenotravel_on_learning_curve,COMPLETED,/home/hersco/training_new_domains/2026-08-31/preserve3_terminal_zenotravel_stage2/20755787_Re-Tr_zenotravel_zenotravel_mcts_orig_vh_e.5_c.1_s2082152039_K0_P3TERMS2A0p3_src20523082.txt
preserve3-term-zenotravel-on-2082152039-a0p3-policy-e0005,policy_eval,zenotravel,on,2082152039,stage2,ready,hadd-gbfs,"/home/hersco/bershco-nu-asnets/numeric-asnets/asnets/experiment-results/experiments_numeric.domain.zenotravel-experiments_numeric.architecture_2.zenotravel_mcts-2026-08-31T23:33:52.807221/P[domain,pfile1,pfile2,pfile3,pfile4,pfile5,pfile6]-S[0.0003,50,enhsp-hadd-gbfs]-MO[]-T[518400]-04921608-faf7d6/snapshots/snapshot_5_1.0000",20755787,5,preserve3_term_zenotravel_on_learning_curve,COMPLETED,/home/hersco/training_new_domains/2026-08-31/preserve3_terminal_zenotravel_stage2/20755787_Re-Tr_zenotravel_zenotravel_mcts_orig_vh_e.5_c.1_s2082152039_K0_P3TERMS2A0p3_src20523082.txt
preserve3-term-zenotravel-on-2082152039-a0p3-policy-e0010,policy_eval,zenotravel,on,2082152039,stage2,ready,hadd-gbfs,"/home/hersco/bershco-nu-asnets/numeric-asnets/asnets/experiment-results/experiments_numeric.domain.zenotravel-experiments_numeric.architecture_2.zenotravel_mcts-2026-08-31T23:33:52.807221/P[domain,pfile1,pfile2,pfile3,pfile4,pfile5,pfile6]-S[0.0003,50,enhsp-hadd-gbfs]-MO[]-T[518400]-04921608-faf7d6/snapshots/snapshot_10_1.0000",20755787,10,preserve3_term_zenotravel_on_learning_curve,COMPLETED,/home/hersco/training_new_domains/2026-08-31/preserve3_terminal_zenotravel_stage2/20755787_Re-Tr_zenotravel_zenotravel_mcts_orig_vh_e.5_c.1_s2082152039_K0_P3TERMS2A0p3_src20523082.txt
preserve3-term-zenotravel-on-2082152039-a0p3-policy-e0015,policy_eval,zenotravel,on,2082152039,stage2,ready,hadd-gbfs,"/home/hersco/bershco-nu-asnets/numeric-asnets/asnets/experiment-results/experiments_numeric.domain.zenotravel-experiments_numeric.architecture_2.zenotravel_mcts-2026-08-31T23:33:52.807221/P[domain,pfile1,pfile2,pfile3,pfile4,pfile5,pfile6]-S[0.0003,50,enhsp-hadd-gbfs]-MO[]-T[518400]-04921608-faf7d6/snapshots/snapshot_15_1.0000",20755787,15,preserve3_term_zenotravel_on_learning_curve,COMPLETED,/home/hersco/training_new_domains/2026-08-31/preserve3_terminal_zenotravel_stage2/20755787_Re-Tr_zenotravel_zenotravel_mcts_orig_vh_e.5_c.1_s2082152039_K0_P3TERMS2A0p3_src20523082.txt
preserve3-term-zenotravel-on-2082152039-a0p3-policy-e0020,policy_eval,zenotravel,on,2082152039,stage2,ready,hadd-gbfs,"/home/hersco/bershco-nu-asnets/numeric-asnets/asnets/experiment-results/experiments_numeric.domain.zenotravel-experiments_numeric.architecture_2.zenotravel_mcts-2026-08-31T23:33:52.807221/P[domain,pfile1,pfile2,pfile3,pfile4,pfile5,pfile6]-S[0.0003,50,enhsp-hadd-gbfs]-MO[]-T[518400]-04921608-faf7d6/snapshots/snapshot_20_1.0000",20755787,20,preserve3_term_zenotravel_on_learning_curve,COMPLETED,/home/hersco/training_new_domains/2026-08-31/preserve3_terminal_zenotravel_stage2/20755787_Re-Tr_zenotravel_zenotravel_mcts_orig_vh_e.5_c.1_s2082152039_K0_P3TERMS2A0p3_src20523082.txt
preserve3-term-zenotravel-on-2082152039-a0p3-policy-e0025,policy_eval,zenotravel,on,2082152039,stage2,ready,hadd-gbfs,"/home/hersco/bershco-nu-asnets/numeric-asnets/asnets/experiment-results/experiments_numeric.domain.zenotravel-experiments_numeric.architecture_2.zenotravel_mcts-2026-08-31T23:33:52.807221/P[domain,pfile1,pfile2,pfile3,pfile4,pfile5,pfile6]-S[0.0003,50,enhsp-hadd-gbfs]-MO[]-T[518400]-04921608-faf7d6/snapshots/snapshot_25_1.0000",20755787,25,preserve3_term_zenotravel_on_learning_curve,COMPLETED,/home/hersco/training_new_domains/2026-08-31/preserve3_terminal_zenotravel_stage2/20755787_Re-Tr_zenotravel_zenotravel_mcts_orig_vh_e.5_c.1_s2082152039_K0_P3TERMS2A0p3_src20523082.txt
preserve3-term-zenotravel-on-2082152039-a0p3-policy-e0026,policy_eval,zenotravel,on,2082152039,stage2,ready,hadd-gbfs,"/home/hersco/bershco-nu-asnets/numeric-asnets/asnets/experiment-results/experiments_numeric.domain.zenotravel-experiments_numeric.architecture_2.zenotravel_mcts-2026-08-31T23:33:52.807221/P[domain,pfile1,pfile2,pfile3,pfile4,pfile5,pfile6]-S[0.0003,50,enhsp-hadd-gbfs]-MO[]-T[518400]-04921608-faf7d6/snapshots/snapshot_26_1.0000",20755787,26,preserve3_term_zenotravel_on_learning_curve;preserve3_term_zenotravel_on_validation_selected_policy,COMPLETED,/home/hersco/training_new_domains/2026-08-31/preserve3_terminal_zenotravel_stage2/20755787_Re-Tr_zenotravel_zenotravel_mcts_orig_vh_e.5_c.1_s2082152039_K0_P3TERMS2A0p3_src20523082.txt
preserve3-term-zenotravel-on-2082152039-a0p3-policy-e0030,policy_eval,zenotravel,on,2082152039,stage2,ready,hadd-gbfs,"/home/hersco/bershco-nu-asnets/numeric-asnets/asnets/experiment-results/experiments_numeric.domain.zenotravel-experiments_numeric.architecture_2.zenotravel_mcts-2026-08-31T23:33:52.807221/P[domain,pfile1,pfile2,pfile3,pfile4,pfile5,pfile6]-S[0.0003,50,enhsp-hadd-gbfs]-MO[]-T[518400]-04921608-faf7d6/snapshots/snapshot_30_1.0000",20755787,30,preserve3_term_zenotravel_on_learning_curve,COMPLETED,/home/hersco/training_new_domains/2026-08-31/preserve3_terminal_zenotravel_stage2/20755787_Re-Tr_zenotravel_zenotravel_mcts_orig_vh_e.5_c.1_s2082152039_K0_P3TERMS2A0p3_src20523082.txt
preserve3-term-zenotravel-on-2082152039-a0p3-policy-e0035,policy_eval,zenotravel,on,2082152039,stage2,ready,hadd-gbfs,"/home/hersco/bershco-nu-asnets/numeric-asnets/asnets/experiment-results/experiments_numeric.domain.zenotravel-experiments_numeric.architecture_2.zenotravel_mcts-2026-08-31T23:33:52.807221/P[domain,pfile1,pfile2,pfile3,pfile4,pfile5,pfile6]-S[0.0003,50,enhsp-hadd-gbfs]-MO[]-T[518400]-04921608-faf7d6/snapshots/snapshot_35_1.0000",20755787,35,preserve3_term_zenotravel_on_learning_curve,COMPLETED,/home/hersco/training_new_domains/2026-08-31/preserve3_terminal_zenotravel_stage2/20755787_Re-Tr_zenotravel_zenotravel_mcts_orig_vh_e.5_c.1_s2082152039_K0_P3TERMS2A0p3_src20523082.txt
preserve3-term-zenotravel-on-2082152039-a0p3-policy-e0040,policy_eval,zenotravel,on,2082152039,stage2,ready,hadd-gbfs,"/home/hersco/bershco-nu-asnets/numeric-asnets/asnets/experiment-results/experiments_numeric.domain.zenotravel-experiments_numeric.architecture_2.zenotravel_mcts-2026-08-31T23:33:52.807221/P[domain,pfile1,pfile2,pfile3,pfile4,pfile5,pfile6]-S[0.0003,50,enhsp-hadd-gbfs]-MO[]-T[518400]-04921608-faf7d6/snapshots/snapshot_40_1.0000",20755787,40,preserve3_term_zenotravel_on_learning_curve,COMPLETED,/home/hersco/training_new_domains/2026-08-31/preserve3_terminal_zenotravel_stage2/20755787_Re-Tr_zenotravel_zenotravel_mcts_orig_vh_e.5_c.1_s2082152039_K0_P3TERMS2A0p3_src20523082.txt
preserve3-term-zenotravel-on-2082152039-a0p3-policy-e0045,policy_eval,zenotravel,on,2082152039,stage2,ready,hadd-gbfs,"/home/hersco/bershco-nu-asnets/numeric-asnets/asnets/experiment-results/experiments_numeric.domain.zenotravel-experiments_numeric.architecture_2.zenotravel_mcts-2026-08-31T23:33:52.807221/P[domain,pfile1,pfile2,pfile3,pfile4,pfile5,pfile6]-S[0.0003,50,enhsp-hadd-gbfs]-MO[]-T[518400]-04921608-faf7d6/snapshots/snapshot_45_1.0000",20755787,45,preserve3_term_zenotravel_on_learning_curve,COMPLETED,/home/hersco/training_new_domains/2026-08-31/preserve3_terminal_zenotravel_stage2/20755787_Re-Tr_zenotravel_zenotravel_mcts_orig_vh_e.5_c.1_s2082152039_K0_P3TERMS2A0p3_src20523082.txt
preserve3-term-zenotravel-on-2082152039-a0p3-policy-e0050,policy_eval,zenotravel,on,2082152039,stage2,ready,hadd-gbfs,"/home/hersco/bershco-nu-asnets/numeric-asnets/asnets/experiment-results/experiments_numeric.domain.zenotravel-experiments_numeric.architecture_2.zenotravel_mcts-2026-08-31T23:33:52.807221/P[domain,pfile1,pfile2,pfile3,pfile4,pfile5,pfile6]-S[0.0003,50,enhsp-hadd-gbfs]-MO[]-T[518400]-04921608-faf7d6/snapshots/snapshot_50_1.0000",20755787,50,preserve3_term_zenotravel_on_learning_curve,COMPLETED,/home/hersco/training_new_domains/2026-08-31/preserve3_terminal_zenotravel_stage2/20755787_Re-Tr_zenotravel_zenotravel_mcts_orig_vh_e.5_c.1_s2082152039_K0_P3TERMS2A0p3_src20523082.txt
preserve3-term-zenotravel-on-2082152039-a0p3-policy-e0055,policy_eval,zenotravel,on,2082152039,stage2,ready,hadd-gbfs,"/home/hersco/bershco-nu-asnets/numeric-asnets/asnets/experiment-results/experiments_numeric.domain.zenotravel-experiments_numeric.architecture_2.zenotravel_mcts-2026-08-31T23:33:52.807221/P[domain,pfile1,pfile2,pfile3,pfile4,pfile5,pfile6]-S[0.0003,50,enhsp-hadd-gbfs]-MO[]-T[518400]-04921608-faf7d6/snapshots/snapshot_55_1.0000",20755787,55,preserve3_term_zenotravel_on_learning_curve,COMPLETED,/home/hersco/training_new_domains/2026-08-31/preserve3_terminal_zenotravel_stage2/20755787_Re-Tr_zenotravel_zenotravel_mcts_orig_vh_e.5_c.1_s2082152039_K0_P3TERMS2A0p3_src20523082.txt
preserve3-term-zenotravel-on-2082152039-a0p3-policy-e0060,policy_eval,zenotravel,on,2082152039,stage2,ready,hadd-gbfs,"/home/hersco/bershco-nu-asnets/numeric-asnets/asnets/experiment-results/experiments_numeric.domain.zenotravel-experiments_numeric.architecture_2.zenotravel_mcts-2026-08-31T23:33:52.807221/P[domain,pfile1,pfile2,pfile3,pfile4,pfile5,pfile6]-S[0.0003,50,enhsp-hadd-gbfs]-MO[]-T[518400]-04921608-faf7d6/snapshots/snapshot_60_1.0000",20755787,60,preserve3_term_zenotravel_on_learning_curve,COMPLETED,/home/hersco/training_new_domains/2026-08-31/preserve3_terminal_zenotravel_stage2/20755787_Re-Tr_zenotravel_zenotravel_mcts_orig_vh_e.5_c.1_s2082152039_K0_P3TERMS2A0p3_src20523082.txt
preserve3-term-zenotravel-on-2082152039-a0p3-policy-e0065,policy_eval,zenotravel,on,2082152039,stage2,ready,hadd-gbfs,"/home/hersco/bershco-nu-asnets/numeric-asnets/asnets/experiment-results/experiments_numeric.domain.zenotravel-experiments_numeric.architecture_2.zenotravel_mcts-2026-08-31T23:33:52.807221/P[domain,pfile1,pfile2,pfile3,pfile4,pfile5,pfile6]-S[0.0003,50,enhsp-hadd-gbfs]-MO[]-T[518400]-04921608-faf7d6/snapshots/snapshot_65_1.0000",20755787,65,preserve3_term_zenotravel_on_learning_curve,COMPLETED,/home/hersco/training_new_domains/2026-08-31/preserve3_terminal_zenotravel_stage2/20755787_Re-Tr_zenotravel_zenotravel_mcts_orig_vh_e.5_c.1_s2082152039_K0_P3TERMS2A0p3_src20523082.txt
preserve3-term-zenotravel-on-2082152039-a0p3-policy-e0070,policy_eval,zenotravel,on,2082152039,stage2,ready,hadd-gbfs,"/home/hersco/bershco-nu-asnets/numeric-asnets/asnets/experiment-results/experiments_numeric.domain.zenotravel-experiments_numeric.architecture_2.zenotravel_mcts-2026-08-31T23:33:52.807221/P[domain,pfile1,pfile2,pfile3,pfile4,pfile5,pfile6]-S[0.0003,50,enhsp-hadd-gbfs]-MO[]-T[518400]-04921608-faf7d6/snapshots/snapshot_70_1.0000",20755787,70,preserve3_term_zenotravel_on_learning_curve,COMPLETED,/home/hersco/training_new_domains/2026-08-31/preserve3_terminal_zenotravel_stage2/20755787_Re-Tr_zenotravel_zenotravel_mcts_orig_vh_e.5_c.1_s2082152039_K0_P3TERMS2A0p3_src20523082.txt
preserve3-term-zenotravel-on-2082152039-a0p3-policy-e0075,policy_eval,zenotravel,on,2082152039,stage2,ready,hadd-gbfs,"/home/hersco/bershco-nu-asnets/numeric-asnets/asnets/experiment-results/experiments_numeric.domain.zenotravel-experiments_numeric.architecture_2.zenotravel_mcts-2026-08-31T23:33:52.807221/P[domain,pfile1,pfile2,pfile3,pfile4,pfile5,pfile6]-S[0.0003,50,enhsp-hadd-gbfs]-MO[]-T[518400]-04921608-faf7d6/snapshots/snapshot_75_1.0000",20755787,75,preserve3_term_zenotravel_on_learning_curve,COMPLETED,/home/hersco/training_new_domains/2026-08-31/preserve3_terminal_zenotravel_stage2/20755787_Re-Tr_zenotravel_zenotravel_mcts_orig_vh_e.5_c.1_s2082152039_K0_P3TERMS2A0p3_src20523082.txt
preserve3-term-zenotravel-on-2082152039-a0p3-policy-e0080,policy_eval,zenotravel,on,2082152039,stage2,ready,hadd-gbfs,"/home/hersco/bershco-nu-asnets/numeric-asnets/asnets/experiment-results/experiments_numeric.domain.zenotravel-experiments_numeric.architecture_2.zenotravel_mcts-2026-08-31T23:33:52.807221/P[domain,pfile1,pfile2,pfile3,pfile4,pfile5,pfile6]-S[0.0003,50,enhsp-hadd-gbfs]-MO[]-T[518400]-04921608-faf7d6/snapshots/snapshot_80_1.0000",20755787,80,preserve3_term_zenotravel_on_learning_curve,COMPLETED,/home/hersco/training_new_domains/2026-08-31/preserve3_terminal_zenotravel_stage2/20755787_Re-Tr_zenotravel_zenotravel_mcts_orig_vh_e.5_c.1_s2082152039_K0_P3TERMS2A0p3_src20523082.txt
preserve3-term-zenotravel-on-2082152039-a0p3-policy-e0085,policy_eval,zenotravel,on,2082152039,stage2,ready,hadd-gbfs,"/home/hersco/bershco-nu-asnets/numeric-asnets/asnets/experiment-results/experiments_numeric.domain.zenotravel-experiments_numeric.architecture_2.zenotravel_mcts-2026-08-31T23:33:52.807221/P[domain,pfile1,pfile2,pfile3,pfile4,pfile5,pfile6]-S[0.0003,50,enhsp-hadd-gbfs]-MO[]-T[518400]-04921608-faf7d6/snapshots/snapshot_85_1.0000",20755787,85,preserve3_term_zenotravel_on_learning_curve,COMPLETED,/home/hersco/training_new_domains/2026-08-31/preserve3_terminal_zenotravel_stage2/20755787_Re-Tr_zenotravel_zenotravel_mcts_orig_vh_e.5_c.1_s2082152039_K0_P3TERMS2A0p3_src20523082.txt
preserve3-term-zenotravel-on-2082152039-a0p3-policy-e0090,policy_eval,zenotravel,on,2082152039,stage2,ready,hadd-gbfs,"/home/hersco/bershco-nu-asnets/numeric-asnets/asnets/experiment-results/experiments_numeric.domain.zenotravel-experiments_numeric.architecture_2.zenotravel_mcts-2026-08-31T23:33:52.807221/P[domain,pfile1,pfile2,pfile3,pfile4,pfile5,pfile6]-S[0.0003,50,enhsp-hadd-gbfs]-MO[]-T[518400]-04921608-faf7d6/snapshots/snapshot_90_1.0000",20755787,90,preserve3_term_zenotravel_on_learning_curve,COMPLETED,/home/hersco/training_new_domains/2026-08-31/preserve3_terminal_zenotravel_stage2/20755787_Re-Tr_zenotravel_zenotravel_mcts_orig_vh_e.5_c.1_s2082152039_K0_P3TERMS2A0p3_src20523082.txt
preserve3-term-zenotravel-on-2082152039-a0p3-policy-e0095,policy_eval,zenotravel,on,2082152039,stage2,ready,hadd-gbfs,"/home/hersco/bershco-nu-asnets/numeric-asnets/asnets/experiment-results/experiments_numeric.domain.zenotravel-experiments_numeric.architecture_2.zenotravel_mcts-2026-08-31T23:33:52.807221/P[domain,pfile1,pfile2,pfile3,pfile4,pfile5,pfile6]-S[0.0003,50,enhsp-hadd-gbfs]-MO[]-T[518400]-04921608-faf7d6/snapshots/snapshot_95_1.0000",20755787,95,preserve3_term_zenotravel_on_learning_curve,COMPLETED,/home/hersco/training_new_domains/2026-08-31/preserve3_terminal_zenotravel_stage2/20755787_Re-Tr_zenotravel_zenotravel_mcts_orig_vh_e.5_c.1_s2082152039_K0_P3TERMS2A0p3_src20523082.txt
preserve3-term-zenotravel-on-2082152039-a0p3-policy-e0099,policy_eval,zenotravel,on,2082152039,stage2,ready,hadd-gbfs,"/home/hersco/bershco-nu-asnets/numeric-asnets/asnets/experiment-results/experiments_numeric.domain.zenotravel-experiments_numeric.architecture_2.zenotravel_mcts-2026-08-31T23:33:52.807221/P[domain,pfile1,pfile2,pfile3,pfile4,pfile5,pfile6]-S[0.0003,50,enhsp-hadd-gbfs]-MO[]-T[518400]-04921608-faf7d6/snapshots/snapshot_99_1.0000",20755787,99,preserve3_term_zenotravel_on_learning_curve;preserve3_term_zenotravel_on_final_policy,COMPLETED,/home/hersco/training_new_domains/2026-08-31/preserve3_terminal_zenotravel_stage2/20755787_Re-Tr_zenotravel_zenotravel_mcts_orig_vh_e.5_c.1_s2082152039_K0_P3TERMS2A0p3_src20523082.txt
