manifest_id,task_type,domain,value_head,seed,stage,status,teacher,source_checkpoint_ref,source_training_job_id,snapshot_epoch,analysis_roles,training_state,training_log
preserve3-term-tpp-on-534933607-a10-policy-e0000,policy_eval,tpp,on,534933607,stage2,ready,hadd-astar,"/home/hersco/bershco-nu-asnets/numeric-asnets/asnets/experiment-results/experiments_numeric.domain.tpp-experiments_numeric.architecture_2.tpp_mcts-2026-08-31T18:35:56.670535/P[domain,pfile1,pfile2,pfile4]-S[0.0003,50,enhsp-hadd-astar]-MO[]-T[518400]-04921310-3c74d66/snapshots/snapshot_0_1.0000",20755753,0,preserve3_terminal_tpp_on_learning_curve,COMPLETED,/home/hersco/training_new_domains/2026-08-31/preserve3_terminal_tpp_stage2/20755753_Re-Tr_tpp_tpp_mcts_orig_vh_e.5_c.1_s534933607_K0_P3TERMS2A10_src20523020.txt
preserve3-term-tpp-on-534933607-a10-policy-e0004,policy_eval,tpp,on,534933607,stage2,ready,hadd-astar,"/home/hersco/bershco-nu-asnets/numeric-asnets/asnets/experiment-results/experiments_numeric.domain.tpp-experiments_numeric.architecture_2.tpp_mcts-2026-08-31T18:35:56.670535/P[domain,pfile1,pfile2,pfile4]-S[0.0003,50,enhsp-hadd-astar]-MO[]-T[518400]-04921310-3c74d66/snapshots/snapshot_4_0.6667",20755753,4,preserve3_terminal_tpp_on_learning_curve;preserve3_terminal_tpp_on_validation_selected_policy,COMPLETED,/home/hersco/training_new_domains/2026-08-31/preserve3_terminal_tpp_stage2/20755753_Re-Tr_tpp_tpp_mcts_orig_vh_e.5_c.1_s534933607_K0_P3TERMS2A10_src20523020.txt
preserve3-term-tpp-on-534933607-a10-policy-e0005,policy_eval,tpp,on,534933607,stage2,ready,hadd-astar,"/home/hersco/bershco-nu-asnets/numeric-asnets/asnets/experiment-results/experiments_numeric.domain.tpp-experiments_numeric.architecture_2.tpp_mcts-2026-08-31T18:35:56.670535/P[domain,pfile1,pfile2,pfile4]-S[0.0003,50,enhsp-hadd-astar]-MO[]-T[518400]-04921310-3c74d66/snapshots/snapshot_5_0.6667",20755753,5,preserve3_terminal_tpp_on_learning_curve,COMPLETED,/home/hersco/training_new_domains/2026-08-31/preserve3_terminal_tpp_stage2/20755753_Re-Tr_tpp_tpp_mcts_orig_vh_e.5_c.1_s534933607_K0_P3TERMS2A10_src20523020.txt
preserve3-term-tpp-on-534933607-a10-policy-e0010,policy_eval,tpp,on,534933607,stage2,ready,hadd-astar,"/home/hersco/bershco-nu-asnets/numeric-asnets/asnets/experiment-results/experiments_numeric.domain.tpp-experiments_numeric.architecture_2.tpp_mcts-2026-08-31T18:35:56.670535/P[domain,pfile1,pfile2,pfile4]-S[0.0003,50,enhsp-hadd-astar]-MO[]-T[518400]-04921310-3c74d66/snapshots/snapshot_10_0.7500",20755753,10,preserve3_terminal_tpp_on_learning_curve,COMPLETED,/home/hersco/training_new_domains/2026-08-31/preserve3_terminal_tpp_stage2/20755753_Re-Tr_tpp_tpp_mcts_orig_vh_e.5_c.1_s534933607_K0_P3TERMS2A10_src20523020.txt
preserve3-term-tpp-on-534933607-a10-policy-e0015,policy_eval,tpp,on,534933607,stage2,ready,hadd-astar,"/home/hersco/bershco-nu-asnets/numeric-asnets/asnets/experiment-results/experiments_numeric.domain.tpp-experiments_numeric.architecture_2.tpp_mcts-2026-08-31T18:35:56.670535/P[domain,pfile1,pfile2,pfile4]-S[0.0003,50,enhsp-hadd-astar]-MO[]-T[518400]-04921310-3c74d66/snapshots/snapshot_15_1.0000",20755753,15,preserve3_terminal_tpp_on_learning_curve,COMPLETED,/home/hersco/training_new_domains/2026-08-31/preserve3_terminal_tpp_stage2/20755753_Re-Tr_tpp_tpp_mcts_orig_vh_e.5_c.1_s534933607_K0_P3TERMS2A10_src20523020.txt
preserve3-term-tpp-on-534933607-a10-policy-e0020,policy_eval,tpp,on,534933607,stage2,ready,hadd-astar,"/home/hersco/bershco-nu-asnets/numeric-asnets/asnets/experiment-results/experiments_numeric.domain.tpp-experiments_numeric.architecture_2.tpp_mcts-2026-08-31T18:35:56.670535/P[domain,pfile1,pfile2,pfile4]-S[0.0003,50,enhsp-hadd-astar]-MO[]-T[518400]-04921310-3c74d66/snapshots/snapshot_20_1.0000",20755753,20,preserve3_terminal_tpp_on_learning_curve,COMPLETED,/home/hersco/training_new_domains/2026-08-31/preserve3_terminal_tpp_stage2/20755753_Re-Tr_tpp_tpp_mcts_orig_vh_e.5_c.1_s534933607_K0_P3TERMS2A10_src20523020.txt
preserve3-term-tpp-on-534933607-a10-policy-e0025,policy_eval,tpp,on,534933607,stage2,ready,hadd-astar,"/home/hersco/bershco-nu-asnets/numeric-asnets/asnets/experiment-results/experiments_numeric.domain.tpp-experiments_numeric.architecture_2.tpp_mcts-2026-08-31T18:35:56.670535/P[domain,pfile1,pfile2,pfile4]-S[0.0003,50,enhsp-hadd-astar]-MO[]-T[518400]-04921310-3c74d66/snapshots/snapshot_25_0.7500",20755753,25,preserve3_terminal_tpp_on_learning_curve,COMPLETED,/home/hersco/training_new_domains/2026-08-31/preserve3_terminal_tpp_stage2/20755753_Re-Tr_tpp_tpp_mcts_orig_vh_e.5_c.1_s534933607_K0_P3TERMS2A10_src20523020.txt
preserve3-term-tpp-on-534933607-a10-policy-e0030,policy_eval,tpp,on,534933607,stage2,ready,hadd-astar,"/home/hersco/bershco-nu-asnets/numeric-asnets/asnets/experiment-results/experiments_numeric.domain.tpp-experiments_numeric.architecture_2.tpp_mcts-2026-08-31T18:35:56.670535/P[domain,pfile1,pfile2,pfile4]-S[0.0003,50,enhsp-hadd-astar]-MO[]-T[518400]-04921310-3c74d66/snapshots/snapshot_30_0.7500",20755753,30,preserve3_terminal_tpp_on_learning_curve,COMPLETED,/home/hersco/training_new_domains/2026-08-31/preserve3_terminal_tpp_stage2/20755753_Re-Tr_tpp_tpp_mcts_orig_vh_e.5_c.1_s534933607_K0_P3TERMS2A10_src20523020.txt
preserve3-term-tpp-on-534933607-a10-policy-e0035,policy_eval,tpp,on,534933607,stage2,ready,hadd-astar,"/home/hersco/bershco-nu-asnets/numeric-asnets/asnets/experiment-results/experiments_numeric.domain.tpp-experiments_numeric.architecture_2.tpp_mcts-2026-08-31T18:35:56.670535/P[domain,pfile1,pfile2,pfile4]-S[0.0003,50,enhsp-hadd-astar]-MO[]-T[518400]-04921310-3c74d66/snapshots/snapshot_35_0.7500",20755753,35,preserve3_terminal_tpp_on_learning_curve,COMPLETED,/home/hersco/training_new_domains/2026-08-31/preserve3_terminal_tpp_stage2/20755753_Re-Tr_tpp_tpp_mcts_orig_vh_e.5_c.1_s534933607_K0_P3TERMS2A10_src20523020.txt
preserve3-term-tpp-on-534933607-a10-policy-e0040,policy_eval,tpp,on,534933607,stage2,ready,hadd-astar,"/home/hersco/bershco-nu-asnets/numeric-asnets/asnets/experiment-results/experiments_numeric.domain.tpp-experiments_numeric.architecture_2.tpp_mcts-2026-08-31T18:35:56.670535/P[domain,pfile1,pfile2,pfile4]-S[0.0003,50,enhsp-hadd-astar]-MO[]-T[518400]-04921310-3c74d66/snapshots/snapshot_40_0.7500",20755753,40,preserve3_terminal_tpp_on_learning_curve,COMPLETED,/home/hersco/training_new_domains/2026-08-31/preserve3_terminal_tpp_stage2/20755753_Re-Tr_tpp_tpp_mcts_orig_vh_e.5_c.1_s534933607_K0_P3TERMS2A10_src20523020.txt
preserve3-term-tpp-on-534933607-a10-policy-e0045,policy_eval,tpp,on,534933607,stage2,ready,hadd-astar,"/home/hersco/bershco-nu-asnets/numeric-asnets/asnets/experiment-results/experiments_numeric.domain.tpp-experiments_numeric.architecture_2.tpp_mcts-2026-08-31T18:35:56.670535/P[domain,pfile1,pfile2,pfile4]-S[0.0003,50,enhsp-hadd-astar]-MO[]-T[518400]-04921310-3c74d66/snapshots/snapshot_45_0.7500",20755753,45,preserve3_terminal_tpp_on_learning_curve,COMPLETED,/home/hersco/training_new_domains/2026-08-31/preserve3_terminal_tpp_stage2/20755753_Re-Tr_tpp_tpp_mcts_orig_vh_e.5_c.1_s534933607_K0_P3TERMS2A10_src20523020.txt
preserve3-term-tpp-on-534933607-a10-policy-e0050,policy_eval,tpp,on,534933607,stage2,ready,hadd-astar,"/home/hersco/bershco-nu-asnets/numeric-asnets/asnets/experiment-results/experiments_numeric.domain.tpp-experiments_numeric.architecture_2.tpp_mcts-2026-08-31T18:35:56.670535/P[domain,pfile1,pfile2,pfile4]-S[0.0003,50,enhsp-hadd-astar]-MO[]-T[518400]-04921310-3c74d66/snapshots/snapshot_50_1.0000",20755753,50,preserve3_terminal_tpp_on_learning_curve,COMPLETED,/home/hersco/training_new_domains/2026-08-31/preserve3_terminal_tpp_stage2/20755753_Re-Tr_tpp_tpp_mcts_orig_vh_e.5_c.1_s534933607_K0_P3TERMS2A10_src20523020.txt
preserve3-term-tpp-on-534933607-a10-policy-e0055,policy_eval,tpp,on,534933607,stage2,ready,hadd-astar,"/home/hersco/bershco-nu-asnets/numeric-asnets/asnets/experiment-results/experiments_numeric.domain.tpp-experiments_numeric.architecture_2.tpp_mcts-2026-08-31T18:35:56.670535/P[domain,pfile1,pfile2,pfile4]-S[0.0003,50,enhsp-hadd-astar]-MO[]-T[518400]-04921310-3c74d66/snapshots/snapshot_55_0.7500",20755753,55,preserve3_terminal_tpp_on_learning_curve,COMPLETED,/home/hersco/training_new_domains/2026-08-31/preserve3_terminal_tpp_stage2/20755753_Re-Tr_tpp_tpp_mcts_orig_vh_e.5_c.1_s534933607_K0_P3TERMS2A10_src20523020.txt
preserve3-term-tpp-on-534933607-a10-policy-e0060,policy_eval,tpp,on,534933607,stage2,ready,hadd-astar,"/home/hersco/bershco-nu-asnets/numeric-asnets/asnets/experiment-results/experiments_numeric.domain.tpp-experiments_numeric.architecture_2.tpp_mcts-2026-08-31T18:35:56.670535/P[domain,pfile1,pfile2,pfile4]-S[0.0003,50,enhsp-hadd-astar]-MO[]-T[518400]-04921310-3c74d66/snapshots/snapshot_60_0.7500",20755753,60,preserve3_terminal_tpp_on_learning_curve,COMPLETED,/home/hersco/training_new_domains/2026-08-31/preserve3_terminal_tpp_stage2/20755753_Re-Tr_tpp_tpp_mcts_orig_vh_e.5_c.1_s534933607_K0_P3TERMS2A10_src20523020.txt
preserve3-term-tpp-on-534933607-a10-policy-e0065,policy_eval,tpp,on,534933607,stage2,ready,hadd-astar,"/home/hersco/bershco-nu-asnets/numeric-asnets/asnets/experiment-results/experiments_numeric.domain.tpp-experiments_numeric.architecture_2.tpp_mcts-2026-08-31T18:35:56.670535/P[domain,pfile1,pfile2,pfile4]-S[0.0003,50,enhsp-hadd-astar]-MO[]-T[518400]-04921310-3c74d66/snapshots/snapshot_65_0.7500",20755753,65,preserve3_terminal_tpp_on_learning_curve,COMPLETED,/home/hersco/training_new_domains/2026-08-31/preserve3_terminal_tpp_stage2/20755753_Re-Tr_tpp_tpp_mcts_orig_vh_e.5_c.1_s534933607_K0_P3TERMS2A10_src20523020.txt
preserve3-term-tpp-on-534933607-a10-policy-e0070,policy_eval,tpp,on,534933607,stage2,ready,hadd-astar,"/home/hersco/bershco-nu-asnets/numeric-asnets/asnets/experiment-results/experiments_numeric.domain.tpp-experiments_numeric.architecture_2.tpp_mcts-2026-08-31T18:35:56.670535/P[domain,pfile1,pfile2,pfile4]-S[0.0003,50,enhsp-hadd-astar]-MO[]-T[518400]-04921310-3c74d66/snapshots/snapshot_70_0.7500",20755753,70,preserve3_terminal_tpp_on_learning_curve,COMPLETED,/home/hersco/training_new_domains/2026-08-31/preserve3_terminal_tpp_stage2/20755753_Re-Tr_tpp_tpp_mcts_orig_vh_e.5_c.1_s534933607_K0_P3TERMS2A10_src20523020.txt
preserve3-term-tpp-on-534933607-a10-policy-e0075,policy_eval,tpp,on,534933607,stage2,ready,hadd-astar,"/home/hersco/bershco-nu-asnets/numeric-asnets/asnets/experiment-results/experiments_numeric.domain.tpp-experiments_numeric.architecture_2.tpp_mcts-2026-08-31T18:35:56.670535/P[domain,pfile1,pfile2,pfile4]-S[0.0003,50,enhsp-hadd-astar]-MO[]-T[518400]-04921310-3c74d66/snapshots/snapshot_75_1.0000",20755753,75,preserve3_terminal_tpp_on_learning_curve,COMPLETED,/home/hersco/training_new_domains/2026-08-31/preserve3_terminal_tpp_stage2/20755753_Re-Tr_tpp_tpp_mcts_orig_vh_e.5_c.1_s534933607_K0_P3TERMS2A10_src20523020.txt
preserve3-term-tpp-on-534933607-a10-policy-e0080,policy_eval,tpp,on,534933607,stage2,ready,hadd-astar,"/home/hersco/bershco-nu-asnets/numeric-asnets/asnets/experiment-results/experiments_numeric.domain.tpp-experiments_numeric.architecture_2.tpp_mcts-2026-08-31T18:35:56.670535/P[domain,pfile1,pfile2,pfile4]-S[0.0003,50,enhsp-hadd-astar]-MO[]-T[518400]-04921310-3c74d66/snapshots/snapshot_80_0.7500",20755753,80,preserve3_terminal_tpp_on_learning_curve,COMPLETED,/home/hersco/training_new_domains/2026-08-31/preserve3_terminal_tpp_stage2/20755753_Re-Tr_tpp_tpp_mcts_orig_vh_e.5_c.1_s534933607_K0_P3TERMS2A10_src20523020.txt
preserve3-term-tpp-on-534933607-a10-policy-e0085,policy_eval,tpp,on,534933607,stage2,ready,hadd-astar,"/home/hersco/bershco-nu-asnets/numeric-asnets/asnets/experiment-results/experiments_numeric.domain.tpp-experiments_numeric.architecture_2.tpp_mcts-2026-08-31T18:35:56.670535/P[domain,pfile1,pfile2,pfile4]-S[0.0003,50,enhsp-hadd-astar]-MO[]-T[518400]-04921310-3c74d66/snapshots/snapshot_85_0.7500",20755753,85,preserve3_terminal_tpp_on_learning_curve,COMPLETED,/home/hersco/training_new_domains/2026-08-31/preserve3_terminal_tpp_stage2/20755753_Re-Tr_tpp_tpp_mcts_orig_vh_e.5_c.1_s534933607_K0_P3TERMS2A10_src20523020.txt
preserve3-term-tpp-on-534933607-a10-policy-e0090,policy_eval,tpp,on,534933607,stage2,ready,hadd-astar,"/home/hersco/bershco-nu-asnets/numeric-asnets/asnets/experiment-results/experiments_numeric.domain.tpp-experiments_numeric.architecture_2.tpp_mcts-2026-08-31T18:35:56.670535/P[domain,pfile1,pfile2,pfile4]-S[0.0003,50,enhsp-hadd-astar]-MO[]-T[518400]-04921310-3c74d66/snapshots/snapshot_90_0.7500",20755753,90,preserve3_terminal_tpp_on_learning_curve,COMPLETED,/home/hersco/training_new_domains/2026-08-31/preserve3_terminal_tpp_stage2/20755753_Re-Tr_tpp_tpp_mcts_orig_vh_e.5_c.1_s534933607_K0_P3TERMS2A10_src20523020.txt
preserve3-term-tpp-on-534933607-a10-policy-e0095,policy_eval,tpp,on,534933607,stage2,ready,hadd-astar,"/home/hersco/bershco-nu-asnets/numeric-asnets/asnets/experiment-results/experiments_numeric.domain.tpp-experiments_numeric.architecture_2.tpp_mcts-2026-08-31T18:35:56.670535/P[domain,pfile1,pfile2,pfile4]-S[0.0003,50,enhsp-hadd-astar]-MO[]-T[518400]-04921310-3c74d66/snapshots/snapshot_95_0.7500",20755753,95,preserve3_terminal_tpp_on_learning_curve,COMPLETED,/home/hersco/training_new_domains/2026-08-31/preserve3_terminal_tpp_stage2/20755753_Re-Tr_tpp_tpp_mcts_orig_vh_e.5_c.1_s534933607_K0_P3TERMS2A10_src20523020.txt
preserve3-term-tpp-on-534933607-a10-policy-e0099,policy_eval,tpp,on,534933607,stage2,ready,hadd-astar,"/home/hersco/bershco-nu-asnets/numeric-asnets/asnets/experiment-results/experiments_numeric.domain.tpp-experiments_numeric.architecture_2.tpp_mcts-2026-08-31T18:35:56.670535/P[domain,pfile1,pfile2,pfile4]-S[0.0003,50,enhsp-hadd-astar]-MO[]-T[518400]-04921310-3c74d66/snapshots/snapshot_99_1.0000",20755753,99,preserve3_terminal_tpp_on_learning_curve;preserve3_terminal_tpp_on_final_policy,COMPLETED,/home/hersco/training_new_domains/2026-08-31/preserve3_terminal_tpp_stage2/20755753_Re-Tr_tpp_tpp_mcts_orig_vh_e.5_c.1_s534933607_K0_P3TERMS2A10_src20523020.txt
preserve3-term-tpp-on-923500475-a10-policy-e0000,policy_eval,tpp,on,923500475,stage2,ready,hadd-astar,"/home/hersco/bershco-nu-asnets/numeric-asnets/asnets/experiment-results/experiments_numeric.domain.tpp-experiments_numeric.architecture_2.tpp_mcts-2026-08-31T18:36:25.518091/P[domain,pfile1,pfile2,pfile4]-S[0.0003,50,enhsp-hadd-astar]-MO[]-T[518400]-04921310-5194f74/snapshots/snapshot_0_1.0000",20755754,0,preserve3_terminal_tpp_on_learning_curve;preserve3_terminal_tpp_on_validation_selected_policy,COMPLETED,/home/hersco/training_new_domains/2026-08-31/preserve3_terminal_tpp_stage2/20755754_Re-Tr_tpp_tpp_mcts_orig_vh_e.5_c.1_s923500475_K0_P3TERMS2A10_src20523029.txt
preserve3-term-tpp-on-923500475-a10-policy-e0005,policy_eval,tpp,on,923500475,stage2,ready,hadd-astar,"/home/hersco/bershco-nu-asnets/numeric-asnets/asnets/experiment-results/experiments_numeric.domain.tpp-experiments_numeric.architecture_2.tpp_mcts-2026-08-31T18:36:25.518091/P[domain,pfile1,pfile2,pfile4]-S[0.0003,50,enhsp-hadd-astar]-MO[]-T[518400]-04921310-5194f74/snapshots/snapshot_5_0.6667",20755754,5,preserve3_terminal_tpp_on_learning_curve,COMPLETED,/home/hersco/training_new_domains/2026-08-31/preserve3_terminal_tpp_stage2/20755754_Re-Tr_tpp_tpp_mcts_orig_vh_e.5_c.1_s923500475_K0_P3TERMS2A10_src20523029.txt
preserve3-term-tpp-on-923500475-a10-policy-e0010,policy_eval,tpp,on,923500475,stage2,ready,hadd-astar,"/home/hersco/bershco-nu-asnets/numeric-asnets/asnets/experiment-results/experiments_numeric.domain.tpp-experiments_numeric.architecture_2.tpp_mcts-2026-08-31T18:36:25.518091/P[domain,pfile1,pfile2,pfile4]-S[0.0003,50,enhsp-hadd-astar]-MO[]-T[518400]-04921310-5194f74/snapshots/snapshot_10_0.6667",20755754,10,preserve3_terminal_tpp_on_learning_curve,COMPLETED,/home/hersco/training_new_domains/2026-08-31/preserve3_terminal_tpp_stage2/20755754_Re-Tr_tpp_tpp_mcts_orig_vh_e.5_c.1_s923500475_K0_P3TERMS2A10_src20523029.txt
preserve3-term-tpp-on-923500475-a10-policy-e0015,policy_eval,tpp,on,923500475,stage2,ready,hadd-astar,"/home/hersco/bershco-nu-asnets/numeric-asnets/asnets/experiment-results/experiments_numeric.domain.tpp-experiments_numeric.architecture_2.tpp_mcts-2026-08-31T18:36:25.518091/P[domain,pfile1,pfile2,pfile4]-S[0.0003,50,enhsp-hadd-astar]-MO[]-T[518400]-04921310-5194f74/snapshots/snapshot_15_0.6667",20755754,15,preserve3_terminal_tpp_on_learning_curve,COMPLETED,/home/hersco/training_new_domains/2026-08-31/preserve3_terminal_tpp_stage2/20755754_Re-Tr_tpp_tpp_mcts_orig_vh_e.5_c.1_s923500475_K0_P3TERMS2A10_src20523029.txt
preserve3-term-tpp-on-923500475-a10-policy-e0020,policy_eval,tpp,on,923500475,stage2,ready,hadd-astar,"/home/hersco/bershco-nu-asnets/numeric-asnets/asnets/experiment-results/experiments_numeric.domain.tpp-experiments_numeric.architecture_2.tpp_mcts-2026-08-31T18:36:25.518091/P[domain,pfile1,pfile2,pfile4]-S[0.0003,50,enhsp-hadd-astar]-MO[]-T[518400]-04921310-5194f74/snapshots/snapshot_20_0.6667",20755754,20,preserve3_terminal_tpp_on_learning_curve,COMPLETED,/home/hersco/training_new_domains/2026-08-31/preserve3_terminal_tpp_stage2/20755754_Re-Tr_tpp_tpp_mcts_orig_vh_e.5_c.1_s923500475_K0_P3TERMS2A10_src20523029.txt
preserve3-term-tpp-on-923500475-a10-policy-e0025,policy_eval,tpp,on,923500475,stage2,ready,hadd-astar,"/home/hersco/bershco-nu-asnets/numeric-asnets/asnets/experiment-results/experiments_numeric.domain.tpp-experiments_numeric.architecture_2.tpp_mcts-2026-08-31T18:36:25.518091/P[domain,pfile1,pfile2,pfile4]-S[0.0003,50,enhsp-hadd-astar]-MO[]-T[518400]-04921310-5194f74/snapshots/snapshot_25_0.6667",20755754,25,preserve3_terminal_tpp_on_learning_curve,COMPLETED,/home/hersco/training_new_domains/2026-08-31/preserve3_terminal_tpp_stage2/20755754_Re-Tr_tpp_tpp_mcts_orig_vh_e.5_c.1_s923500475_K0_P3TERMS2A10_src20523029.txt
preserve3-term-tpp-on-923500475-a10-policy-e0030,policy_eval,tpp,on,923500475,stage2,ready,hadd-astar,"/home/hersco/bershco-nu-asnets/numeric-asnets/asnets/experiment-results/experiments_numeric.domain.tpp-experiments_numeric.architecture_2.tpp_mcts-2026-08-31T18:36:25.518091/P[domain,pfile1,pfile2,pfile4]-S[0.0003,50,enhsp-hadd-astar]-MO[]-T[518400]-04921310-5194f74/snapshots/snapshot_30_0.6667",20755754,30,preserve3_terminal_tpp_on_learning_curve,COMPLETED,/home/hersco/training_new_domains/2026-08-31/preserve3_terminal_tpp_stage2/20755754_Re-Tr_tpp_tpp_mcts_orig_vh_e.5_c.1_s923500475_K0_P3TERMS2A10_src20523029.txt
preserve3-term-tpp-on-923500475-a10-policy-e0035,policy_eval,tpp,on,923500475,stage2,ready,hadd-astar,"/home/hersco/bershco-nu-asnets/numeric-asnets/asnets/experiment-results/experiments_numeric.domain.tpp-experiments_numeric.architecture_2.tpp_mcts-2026-08-31T18:36:25.518091/P[domain,pfile1,pfile2,pfile4]-S[0.0003,50,enhsp-hadd-astar]-MO[]-T[518400]-04921310-5194f74/snapshots/snapshot_35_0.6667",20755754,35,preserve3_terminal_tpp_on_learning_curve,COMPLETED,/home/hersco/training_new_domains/2026-08-31/preserve3_terminal_tpp_stage2/20755754_Re-Tr_tpp_tpp_mcts_orig_vh_e.5_c.1_s923500475_K0_P3TERMS2A10_src20523029.txt
preserve3-term-tpp-on-923500475-a10-policy-e0040,policy_eval,tpp,on,923500475,stage2,ready,hadd-astar,"/home/hersco/bershco-nu-asnets/numeric-asnets/asnets/experiment-results/experiments_numeric.domain.tpp-experiments_numeric.architecture_2.tpp_mcts-2026-08-31T18:36:25.518091/P[domain,pfile1,pfile2,pfile4]-S[0.0003,50,enhsp-hadd-astar]-MO[]-T[518400]-04921310-5194f74/snapshots/snapshot_40_0.6667",20755754,40,preserve3_terminal_tpp_on_learning_curve,COMPLETED,/home/hersco/training_new_domains/2026-08-31/preserve3_terminal_tpp_stage2/20755754_Re-Tr_tpp_tpp_mcts_orig_vh_e.5_c.1_s923500475_K0_P3TERMS2A10_src20523029.txt
preserve3-term-tpp-on-923500475-a10-policy-e0045,policy_eval,tpp,on,923500475,stage2,ready,hadd-astar,"/home/hersco/bershco-nu-asnets/numeric-asnets/asnets/experiment-results/experiments_numeric.domain.tpp-experiments_numeric.architecture_2.tpp_mcts-2026-08-31T18:36:25.518091/P[domain,pfile1,pfile2,pfile4]-S[0.0003,50,enhsp-hadd-astar]-MO[]-T[518400]-04921310-5194f74/snapshots/snapshot_45_0.6667",20755754,45,preserve3_terminal_tpp_on_learning_curve,COMPLETED,/home/hersco/training_new_domains/2026-08-31/preserve3_terminal_tpp_stage2/20755754_Re-Tr_tpp_tpp_mcts_orig_vh_e.5_c.1_s923500475_K0_P3TERMS2A10_src20523029.txt
preserve3-term-tpp-on-923500475-a10-policy-e0050,policy_eval,tpp,on,923500475,stage2,ready,hadd-astar,"/home/hersco/bershco-nu-asnets/numeric-asnets/asnets/experiment-results/experiments_numeric.domain.tpp-experiments_numeric.architecture_2.tpp_mcts-2026-08-31T18:36:25.518091/P[domain,pfile1,pfile2,pfile4]-S[0.0003,50,enhsp-hadd-astar]-MO[]-T[518400]-04921310-5194f74/snapshots/snapshot_50_0.6667",20755754,50,preserve3_terminal_tpp_on_learning_curve,COMPLETED,/home/hersco/training_new_domains/2026-08-31/preserve3_terminal_tpp_stage2/20755754_Re-Tr_tpp_tpp_mcts_orig_vh_e.5_c.1_s923500475_K0_P3TERMS2A10_src20523029.txt
preserve3-term-tpp-on-923500475-a10-policy-e0055,policy_eval,tpp,on,923500475,stage2,ready,hadd-astar,"/home/hersco/bershco-nu-asnets/numeric-asnets/asnets/experiment-results/experiments_numeric.domain.tpp-experiments_numeric.architecture_2.tpp_mcts-2026-08-31T18:36:25.518091/P[domain,pfile1,pfile2,pfile4]-S[0.0003,50,enhsp-hadd-astar]-MO[]-T[518400]-04921310-5194f74/snapshots/snapshot_55_0.6667",20755754,55,preserve3_terminal_tpp_on_learning_curve,COMPLETED,/home/hersco/training_new_domains/2026-08-31/preserve3_terminal_tpp_stage2/20755754_Re-Tr_tpp_tpp_mcts_orig_vh_e.5_c.1_s923500475_K0_P3TERMS2A10_src20523029.txt
preserve3-term-tpp-on-923500475-a10-policy-e0060,policy_eval,tpp,on,923500475,stage2,ready,hadd-astar,"/home/hersco/bershco-nu-asnets/numeric-asnets/asnets/experiment-results/experiments_numeric.domain.tpp-experiments_numeric.architecture_2.tpp_mcts-2026-08-31T18:36:25.518091/P[domain,pfile1,pfile2,pfile4]-S[0.0003,50,enhsp-hadd-astar]-MO[]-T[518400]-04921310-5194f74/snapshots/snapshot_60_0.6667",20755754,60,preserve3_terminal_tpp_on_learning_curve,COMPLETED,/home/hersco/training_new_domains/2026-08-31/preserve3_terminal_tpp_stage2/20755754_Re-Tr_tpp_tpp_mcts_orig_vh_e.5_c.1_s923500475_K0_P3TERMS2A10_src20523029.txt
preserve3-term-tpp-on-923500475-a10-policy-e0065,policy_eval,tpp,on,923500475,stage2,ready,hadd-astar,"/home/hersco/bershco-nu-asnets/numeric-asnets/asnets/experiment-results/experiments_numeric.domain.tpp-experiments_numeric.architecture_2.tpp_mcts-2026-08-31T18:36:25.518091/P[domain,pfile1,pfile2,pfile4]-S[0.0003,50,enhsp-hadd-astar]-MO[]-T[518400]-04921310-5194f74/snapshots/snapshot_65_0.6667",20755754,65,preserve3_terminal_tpp_on_learning_curve,COMPLETED,/home/hersco/training_new_domains/2026-08-31/preserve3_terminal_tpp_stage2/20755754_Re-Tr_tpp_tpp_mcts_orig_vh_e.5_c.1_s923500475_K0_P3TERMS2A10_src20523029.txt
preserve3-term-tpp-on-923500475-a10-policy-e0070,policy_eval,tpp,on,923500475,stage2,ready,hadd-astar,"/home/hersco/bershco-nu-asnets/numeric-asnets/asnets/experiment-results/experiments_numeric.domain.tpp-experiments_numeric.architecture_2.tpp_mcts-2026-08-31T18:36:25.518091/P[domain,pfile1,pfile2,pfile4]-S[0.0003,50,enhsp-hadd-astar]-MO[]-T[518400]-04921310-5194f74/snapshots/snapshot_70_0.6667",20755754,70,preserve3_terminal_tpp_on_learning_curve,COMPLETED,/home/hersco/training_new_domains/2026-08-31/preserve3_terminal_tpp_stage2/20755754_Re-Tr_tpp_tpp_mcts_orig_vh_e.5_c.1_s923500475_K0_P3TERMS2A10_src20523029.txt
preserve3-term-tpp-on-923500475-a10-policy-e0075,policy_eval,tpp,on,923500475,stage2,ready,hadd-astar,"/home/hersco/bershco-nu-asnets/numeric-asnets/asnets/experiment-results/experiments_numeric.domain.tpp-experiments_numeric.architecture_2.tpp_mcts-2026-08-31T18:36:25.518091/P[domain,pfile1,pfile2,pfile4]-S[0.0003,50,enhsp-hadd-astar]-MO[]-T[518400]-04921310-5194f74/snapshots/snapshot_75_0.6667",20755754,75,preserve3_terminal_tpp_on_learning_curve,COMPLETED,/home/hersco/training_new_domains/2026-08-31/preserve3_terminal_tpp_stage2/20755754_Re-Tr_tpp_tpp_mcts_orig_vh_e.5_c.1_s923500475_K0_P3TERMS2A10_src20523029.txt
preserve3-term-tpp-on-923500475-a10-policy-e0080,policy_eval,tpp,on,923500475,stage2,ready,hadd-astar,"/home/hersco/bershco-nu-asnets/numeric-asnets/asnets/experiment-results/experiments_numeric.domain.tpp-experiments_numeric.architecture_2.tpp_mcts-2026-08-31T18:36:25.518091/P[domain,pfile1,pfile2,pfile4]-S[0.0003,50,enhsp-hadd-astar]-MO[]-T[518400]-04921310-5194f74/snapshots/snapshot_80_0.6667",20755754,80,preserve3_terminal_tpp_on_learning_curve,COMPLETED,/home/hersco/training_new_domains/2026-08-31/preserve3_terminal_tpp_stage2/20755754_Re-Tr_tpp_tpp_mcts_orig_vh_e.5_c.1_s923500475_K0_P3TERMS2A10_src20523029.txt
preserve3-term-tpp-on-923500475-a10-policy-e0085,policy_eval,tpp,on,923500475,stage2,ready,hadd-astar,"/home/hersco/bershco-nu-asnets/numeric-asnets/asnets/experiment-results/experiments_numeric.domain.tpp-experiments_numeric.architecture_2.tpp_mcts-2026-08-31T18:36:25.518091/P[domain,pfile1,pfile2,pfile4]-S[0.0003,50,enhsp-hadd-astar]-MO[]-T[518400]-04921310-5194f74/snapshots/snapshot_85_0.6667",20755754,85,preserve3_terminal_tpp_on_learning_curve,COMPLETED,/home/hersco/training_new_domains/2026-08-31/preserve3_terminal_tpp_stage2/20755754_Re-Tr_tpp_tpp_mcts_orig_vh_e.5_c.1_s923500475_K0_P3TERMS2A10_src20523029.txt
preserve3-term-tpp-on-923500475-a10-policy-e0090,policy_eval,tpp,on,923500475,stage2,ready,hadd-astar,"/home/hersco/bershco-nu-asnets/numeric-asnets/asnets/experiment-results/experiments_numeric.domain.tpp-experiments_numeric.architecture_2.tpp_mcts-2026-08-31T18:36:25.518091/P[domain,pfile1,pfile2,pfile4]-S[0.0003,50,enhsp-hadd-astar]-MO[]-T[518400]-04921310-5194f74/snapshots/snapshot_90_0.6667",20755754,90,preserve3_terminal_tpp_on_learning_curve,COMPLETED,/home/hersco/training_new_domains/2026-08-31/preserve3_terminal_tpp_stage2/20755754_Re-Tr_tpp_tpp_mcts_orig_vh_e.5_c.1_s923500475_K0_P3TERMS2A10_src20523029.txt
preserve3-term-tpp-on-923500475-a10-policy-e0095,policy_eval,tpp,on,923500475,stage2,ready,hadd-astar,"/home/hersco/bershco-nu-asnets/numeric-asnets/asnets/experiment-results/experiments_numeric.domain.tpp-experiments_numeric.architecture_2.tpp_mcts-2026-08-31T18:36:25.518091/P[domain,pfile1,pfile2,pfile4]-S[0.0003,50,enhsp-hadd-astar]-MO[]-T[518400]-04921310-5194f74/snapshots/snapshot_95_0.6667",20755754,95,preserve3_terminal_tpp_on_learning_curve,COMPLETED,/home/hersco/training_new_domains/2026-08-31/preserve3_terminal_tpp_stage2/20755754_Re-Tr_tpp_tpp_mcts_orig_vh_e.5_c.1_s923500475_K0_P3TERMS2A10_src20523029.txt
preserve3-term-tpp-on-923500475-a10-policy-e0099,policy_eval,tpp,on,923500475,stage2,ready,hadd-astar,"/home/hersco/bershco-nu-asnets/numeric-asnets/asnets/experiment-results/experiments_numeric.domain.tpp-experiments_numeric.architecture_2.tpp_mcts-2026-08-31T18:36:25.518091/P[domain,pfile1,pfile2,pfile4]-S[0.0003,50,enhsp-hadd-astar]-MO[]-T[518400]-04921310-5194f74/snapshots/snapshot_99_0.6667",20755754,99,preserve3_terminal_tpp_on_learning_curve;preserve3_terminal_tpp_on_final_policy,COMPLETED,/home/hersco/training_new_domains/2026-08-31/preserve3_terminal_tpp_stage2/20755754_Re-Tr_tpp_tpp_mcts_orig_vh_e.5_c.1_s923500475_K0_P3TERMS2A10_src20523029.txt
preserve3-term-tpp-on-1073581256-a10-policy-e0000,policy_eval,tpp,on,1073581256,stage2,ready,hadd-astar,"/home/hersco/bershco-nu-asnets/numeric-asnets/asnets/experiment-results/experiments_numeric.domain.tpp-experiments_numeric.architecture_2.tpp_mcts-2026-08-31T19:46:57.380631/P[domain,pfile1,pfile2,pfile4]-S[0.0003,50,enhsp-hadd-astar]-MO[]-T[518400]-04921381-1247c09/snapshots/snapshot_0_1.0000",20755755,0,preserve3_terminal_tpp_on_learning_curve,TIMEOUT,/home/hersco/training_new_domains/2026-08-31/preserve3_terminal_tpp_stage2/20755755_Re-Tr_tpp_tpp_mcts_orig_vh_e.5_c.1_s1073581256_K0_P3TERMS2A10_src20523010.txt
preserve3-term-tpp-on-1073581256-a10-policy-e0005,policy_eval,tpp,on,1073581256,stage2,ready,hadd-astar,"/home/hersco/bershco-nu-asnets/numeric-asnets/asnets/experiment-results/experiments_numeric.domain.tpp-experiments_numeric.architecture_2.tpp_mcts-2026-08-31T19:46:57.380631/P[domain,pfile1,pfile2,pfile4]-S[0.0003,50,enhsp-hadd-astar]-MO[]-T[518400]-04921381-1247c09/snapshots/snapshot_5_1.0000",20755755,5,preserve3_terminal_tpp_on_learning_curve,TIMEOUT,/home/hersco/training_new_domains/2026-08-31/preserve3_terminal_tpp_stage2/20755755_Re-Tr_tpp_tpp_mcts_orig_vh_e.5_c.1_s1073581256_K0_P3TERMS2A10_src20523010.txt
preserve3-term-tpp-on-1073581256-a10-policy-e0006,policy_eval,tpp,on,1073581256,stage2,ready,hadd-astar,"/home/hersco/bershco-nu-asnets/numeric-asnets/asnets/experiment-results/experiments_numeric.domain.tpp-experiments_numeric.architecture_2.tpp_mcts-2026-08-31T19:46:57.380631/P[domain,pfile1,pfile2,pfile4]-S[0.0003,50,enhsp-hadd-astar]-MO[]-T[518400]-04921381-1247c09/snapshots/snapshot_6_1.0000",20755755,6,preserve3_terminal_tpp_on_learning_curve;preserve3_terminal_tpp_on_validation_selected_policy,TIMEOUT,/home/hersco/training_new_domains/2026-08-31/preserve3_terminal_tpp_stage2/20755755_Re-Tr_tpp_tpp_mcts_orig_vh_e.5_c.1_s1073581256_K0_P3TERMS2A10_src20523010.txt
preserve3-term-tpp-on-1073581256-a10-policy-e0010,policy_eval,tpp,on,1073581256,stage2,ready,hadd-astar,"/home/hersco/bershco-nu-asnets/numeric-asnets/asnets/experiment-results/experiments_numeric.domain.tpp-experiments_numeric.architecture_2.tpp_mcts-2026-08-31T19:46:57.380631/P[domain,pfile1,pfile2,pfile4]-S[0.0003,50,enhsp-hadd-astar]-MO[]-T[518400]-04921381-1247c09/snapshots/snapshot_10_1.0000",20755755,10,preserve3_terminal_tpp_on_learning_curve,TIMEOUT,/home/hersco/training_new_domains/2026-08-31/preserve3_terminal_tpp_stage2/20755755_Re-Tr_tpp_tpp_mcts_orig_vh_e.5_c.1_s1073581256_K0_P3TERMS2A10_src20523010.txt
preserve3-term-tpp-on-1073581256-a10-policy-e0015,policy_eval,tpp,on,1073581256,stage2,ready,hadd-astar,"/home/hersco/bershco-nu-asnets/numeric-asnets/asnets/experiment-results/experiments_numeric.domain.tpp-experiments_numeric.architecture_2.tpp_mcts-2026-08-31T19:46:57.380631/P[domain,pfile1,pfile2,pfile4]-S[0.0003,50,enhsp-hadd-astar]-MO[]-T[518400]-04921381-1247c09/snapshots/snapshot_15_0.7500",20755755,15,preserve3_terminal_tpp_on_learning_curve,TIMEOUT,/home/hersco/training_new_domains/2026-08-31/preserve3_terminal_tpp_stage2/20755755_Re-Tr_tpp_tpp_mcts_orig_vh_e.5_c.1_s1073581256_K0_P3TERMS2A10_src20523010.txt
preserve3-term-tpp-on-1073581256-a10-policy-e0020,policy_eval,tpp,on,1073581256,stage2,ready,hadd-astar,"/home/hersco/bershco-nu-asnets/numeric-asnets/asnets/experiment-results/experiments_numeric.domain.tpp-experiments_numeric.architecture_2.tpp_mcts-2026-08-31T19:46:57.380631/P[domain,pfile1,pfile2,pfile4]-S[0.0003,50,enhsp-hadd-astar]-MO[]-T[518400]-04921381-1247c09/snapshots/snapshot_20_0.7500",20755755,20,preserve3_terminal_tpp_on_learning_curve,TIMEOUT,/home/hersco/training_new_domains/2026-08-31/preserve3_terminal_tpp_stage2/20755755_Re-Tr_tpp_tpp_mcts_orig_vh_e.5_c.1_s1073581256_K0_P3TERMS2A10_src20523010.txt
preserve3-term-tpp-on-1073581256-a10-policy-e0025,policy_eval,tpp,on,1073581256,stage2,ready,hadd-astar,"/home/hersco/bershco-nu-asnets/numeric-asnets/asnets/experiment-results/experiments_numeric.domain.tpp-experiments_numeric.architecture_2.tpp_mcts-2026-08-31T19:46:57.380631/P[domain,pfile1,pfile2,pfile4]-S[0.0003,50,enhsp-hadd-astar]-MO[]-T[518400]-04921381-1247c09/snapshots/snapshot_25_0.7500",20755755,25,preserve3_terminal_tpp_on_learning_curve,TIMEOUT,/home/hersco/training_new_domains/2026-08-31/preserve3_terminal_tpp_stage2/20755755_Re-Tr_tpp_tpp_mcts_orig_vh_e.5_c.1_s1073581256_K0_P3TERMS2A10_src20523010.txt
preserve3-term-tpp-on-1073581256-a10-policy-e0030,policy_eval,tpp,on,1073581256,stage2,ready,hadd-astar,"/home/hersco/bershco-nu-asnets/numeric-asnets/asnets/experiment-results/experiments_numeric.domain.tpp-experiments_numeric.architecture_2.tpp_mcts-2026-08-31T19:46:57.380631/P[domain,pfile1,pfile2,pfile4]-S[0.0003,50,enhsp-hadd-astar]-MO[]-T[518400]-04921381-1247c09/snapshots/snapshot_30_0.7500",20755755,30,preserve3_terminal_tpp_on_learning_curve,TIMEOUT,/home/hersco/training_new_domains/2026-08-31/preserve3_terminal_tpp_stage2/20755755_Re-Tr_tpp_tpp_mcts_orig_vh_e.5_c.1_s1073581256_K0_P3TERMS2A10_src20523010.txt
preserve3-term-tpp-on-1073581256-a10-policy-e0035,policy_eval,tpp,on,1073581256,stage2,ready,hadd-astar,"/home/hersco/bershco-nu-asnets/numeric-asnets/asnets/experiment-results/experiments_numeric.domain.tpp-experiments_numeric.architecture_2.tpp_mcts-2026-08-31T19:46:57.380631/P[domain,pfile1,pfile2,pfile4]-S[0.0003,50,enhsp-hadd-astar]-MO[]-T[518400]-04921381-1247c09/snapshots/snapshot_35_0.7500",20755755,35,preserve3_terminal_tpp_on_learning_curve,TIMEOUT,/home/hersco/training_new_domains/2026-08-31/preserve3_terminal_tpp_stage2/20755755_Re-Tr_tpp_tpp_mcts_orig_vh_e.5_c.1_s1073581256_K0_P3TERMS2A10_src20523010.txt
preserve3-term-tpp-on-1073581256-a10-policy-e0040,policy_eval,tpp,on,1073581256,stage2,ready,hadd-astar,"/home/hersco/bershco-nu-asnets/numeric-asnets/asnets/experiment-results/experiments_numeric.domain.tpp-experiments_numeric.architecture_2.tpp_mcts-2026-08-31T19:46:57.380631/P[domain,pfile1,pfile2,pfile4]-S[0.0003,50,enhsp-hadd-astar]-MO[]-T[518400]-04921381-1247c09/snapshots/snapshot_40_0.7500",20755755,40,preserve3_terminal_tpp_on_learning_curve,TIMEOUT,/home/hersco/training_new_domains/2026-08-31/preserve3_terminal_tpp_stage2/20755755_Re-Tr_tpp_tpp_mcts_orig_vh_e.5_c.1_s1073581256_K0_P3TERMS2A10_src20523010.txt
preserve3-term-tpp-on-1073581256-a10-policy-e0045,policy_eval,tpp,on,1073581256,stage2,ready,hadd-astar,"/home/hersco/bershco-nu-asnets/numeric-asnets/asnets/experiment-results/experiments_numeric.domain.tpp-experiments_numeric.architecture_2.tpp_mcts-2026-08-31T19:46:57.380631/P[domain,pfile1,pfile2,pfile4]-S[0.0003,50,enhsp-hadd-astar]-MO[]-T[518400]-04921381-1247c09/snapshots/snapshot_45_0.7500",20755755,45,preserve3_terminal_tpp_on_learning_curve,TIMEOUT,/home/hersco/training_new_domains/2026-08-31/preserve3_terminal_tpp_stage2/20755755_Re-Tr_tpp_tpp_mcts_orig_vh_e.5_c.1_s1073581256_K0_P3TERMS2A10_src20523010.txt
preserve3-term-tpp-on-1073581256-a10-policy-e0050,policy_eval,tpp,on,1073581256,stage2,ready,hadd-astar,"/home/hersco/bershco-nu-asnets/numeric-asnets/asnets/experiment-results/experiments_numeric.domain.tpp-experiments_numeric.architecture_2.tpp_mcts-2026-08-31T19:46:57.380631/P[domain,pfile1,pfile2,pfile4]-S[0.0003,50,enhsp-hadd-astar]-MO[]-T[518400]-04921381-1247c09/snapshots/snapshot_50_0.7500",20755755,50,preserve3_terminal_tpp_on_learning_curve,TIMEOUT,/home/hersco/training_new_domains/2026-08-31/preserve3_terminal_tpp_stage2/20755755_Re-Tr_tpp_tpp_mcts_orig_vh_e.5_c.1_s1073581256_K0_P3TERMS2A10_src20523010.txt
preserve3-term-tpp-on-1073581256-a10-policy-e0055,policy_eval,tpp,on,1073581256,stage2,ready,hadd-astar,"/home/hersco/bershco-nu-asnets/numeric-asnets/asnets/experiment-results/experiments_numeric.domain.tpp-experiments_numeric.architecture_2.tpp_mcts-2026-08-31T19:46:57.380631/P[domain,pfile1,pfile2,pfile4]-S[0.0003,50,enhsp-hadd-astar]-MO[]-T[518400]-04921381-1247c09/snapshots/snapshot_55_0.7500",20755755,55,preserve3_terminal_tpp_on_learning_curve,TIMEOUT,/home/hersco/training_new_domains/2026-08-31/preserve3_terminal_tpp_stage2/20755755_Re-Tr_tpp_tpp_mcts_orig_vh_e.5_c.1_s1073581256_K0_P3TERMS2A10_src20523010.txt
preserve3-term-tpp-on-1073581256-a10-policy-e0060,policy_eval,tpp,on,1073581256,stage2,ready,hadd-astar,"/home/hersco/bershco-nu-asnets/numeric-asnets/asnets/experiment-results/experiments_numeric.domain.tpp-experiments_numeric.architecture_2.tpp_mcts-2026-08-31T19:46:57.380631/P[domain,pfile1,pfile2,pfile4]-S[0.0003,50,enhsp-hadd-astar]-MO[]-T[518400]-04921381-1247c09/snapshots/snapshot_60_0.7500",20755755,60,preserve3_terminal_tpp_on_learning_curve,TIMEOUT,/home/hersco/training_new_domains/2026-08-31/preserve3_terminal_tpp_stage2/20755755_Re-Tr_tpp_tpp_mcts_orig_vh_e.5_c.1_s1073581256_K0_P3TERMS2A10_src20523010.txt
preserve3-term-tpp-on-1073581256-a10-policy-e0065,policy_eval,tpp,on,1073581256,stage2,ready,hadd-astar,"/home/hersco/bershco-nu-asnets/numeric-asnets/asnets/experiment-results/experiments_numeric.domain.tpp-experiments_numeric.architecture_2.tpp_mcts-2026-08-31T19:46:57.380631/P[domain,pfile1,pfile2,pfile4]-S[0.0003,50,enhsp-hadd-astar]-MO[]-T[518400]-04921381-1247c09/snapshots/snapshot_65_0.7500",20755755,65,preserve3_terminal_tpp_on_learning_curve,TIMEOUT,/home/hersco/training_new_domains/2026-08-31/preserve3_terminal_tpp_stage2/20755755_Re-Tr_tpp_tpp_mcts_orig_vh_e.5_c.1_s1073581256_K0_P3TERMS2A10_src20523010.txt
preserve3-term-tpp-on-1073581256-a10-policy-e0070,policy_eval,tpp,on,1073581256,stage2,ready,hadd-astar,"/home/hersco/bershco-nu-asnets/numeric-asnets/asnets/experiment-results/experiments_numeric.domain.tpp-experiments_numeric.architecture_2.tpp_mcts-2026-08-31T19:46:57.380631/P[domain,pfile1,pfile2,pfile4]-S[0.0003,50,enhsp-hadd-astar]-MO[]-T[518400]-04921381-1247c09/snapshots/snapshot_70_0.7500",20755755,70,preserve3_terminal_tpp_on_learning_curve,TIMEOUT,/home/hersco/training_new_domains/2026-08-31/preserve3_terminal_tpp_stage2/20755755_Re-Tr_tpp_tpp_mcts_orig_vh_e.5_c.1_s1073581256_K0_P3TERMS2A10_src20523010.txt
preserve3-term-tpp-on-1073581256-a10-policy-e0075,policy_eval,tpp,on,1073581256,stage2,ready,hadd-astar,"/home/hersco/bershco-nu-asnets/numeric-asnets/asnets/experiment-results/experiments_numeric.domain.tpp-experiments_numeric.architecture_2.tpp_mcts-2026-08-31T19:46:57.380631/P[domain,pfile1,pfile2,pfile4]-S[0.0003,50,enhsp-hadd-astar]-MO[]-T[518400]-04921381-1247c09/snapshots/snapshot_75_0.7500",20755755,75,preserve3_terminal_tpp_on_learning_curve,TIMEOUT,/home/hersco/training_new_domains/2026-08-31/preserve3_terminal_tpp_stage2/20755755_Re-Tr_tpp_tpp_mcts_orig_vh_e.5_c.1_s1073581256_K0_P3TERMS2A10_src20523010.txt
preserve3-term-tpp-on-1073581256-a10-policy-e0080,policy_eval,tpp,on,1073581256,stage2,ready,hadd-astar,"/home/hersco/bershco-nu-asnets/numeric-asnets/asnets/experiment-results/experiments_numeric.domain.tpp-experiments_numeric.architecture_2.tpp_mcts-2026-08-31T19:46:57.380631/P[domain,pfile1,pfile2,pfile4]-S[0.0003,50,enhsp-hadd-astar]-MO[]-T[518400]-04921381-1247c09/snapshots/snapshot_80_0.7500",20755755,80,preserve3_terminal_tpp_on_learning_curve,TIMEOUT,/home/hersco/training_new_domains/2026-08-31/preserve3_terminal_tpp_stage2/20755755_Re-Tr_tpp_tpp_mcts_orig_vh_e.5_c.1_s1073581256_K0_P3TERMS2A10_src20523010.txt
preserve3-term-tpp-on-1073581256-a10-policy-e0083,policy_eval,tpp,on,1073581256,stage2,ready,hadd-astar,"/home/hersco/bershco-nu-asnets/numeric-asnets/asnets/experiment-results/experiments_numeric.domain.tpp-experiments_numeric.architecture_2.tpp_mcts-2026-08-31T19:46:57.380631/P[domain,pfile1,pfile2,pfile4]-S[0.0003,50,enhsp-hadd-astar]-MO[]-T[518400]-04921381-1247c09/snapshots/snapshot_83_0.7500",20755755,83,preserve3_terminal_tpp_on_learning_curve;preserve3_terminal_tpp_on_final_policy,TIMEOUT,/home/hersco/training_new_domains/2026-08-31/preserve3_terminal_tpp_stage2/20755755_Re-Tr_tpp_tpp_mcts_orig_vh_e.5_c.1_s1073581256_K0_P3TERMS2A10_src20523010.txt
preserve3-term-tpp-on-1239739722-a10-policy-e0000,policy_eval,tpp,on,1239739722,stage2,ready,hadd-astar,"/home/hersco/bershco-nu-asnets/numeric-asnets/asnets/experiment-results/experiments_numeric.domain.tpp-experiments_numeric.architecture_2.tpp_mcts-2026-08-31T19:46:57.197704/P[domain,pfile1,pfile2,pfile4]-S[0.0003,50,enhsp-hadd-astar]-MO[]-T[518400]-04921381-7d9a779/snapshots/snapshot_0_1.0000",20755756,0,preserve3_terminal_tpp_on_learning_curve,COMPLETED,/home/hersco/training_new_domains/2026-08-31/preserve3_terminal_tpp_stage2/20755756_Re-Tr_tpp_tpp_mcts_orig_vh_e.5_c.1_s1239739722_K0_P3TERMS2A10_src20523013.txt
preserve3-term-tpp-on-1239739722-a10-policy-e0005,policy_eval,tpp,on,1239739722,stage2,ready,hadd-astar,"/home/hersco/bershco-nu-asnets/numeric-asnets/asnets/experiment-results/experiments_numeric.domain.tpp-experiments_numeric.architecture_2.tpp_mcts-2026-08-31T19:46:57.197704/P[domain,pfile1,pfile2,pfile4]-S[0.0003,50,enhsp-hadd-astar]-MO[]-T[518400]-04921381-7d9a779/snapshots/snapshot_5_1.0000",20755756,5,preserve3_terminal_tpp_on_learning_curve,COMPLETED,/home/hersco/training_new_domains/2026-08-31/preserve3_terminal_tpp_stage2/20755756_Re-Tr_tpp_tpp_mcts_orig_vh_e.5_c.1_s1239739722_K0_P3TERMS2A10_src20523013.txt
preserve3-term-tpp-on-1239739722-a10-policy-e0010,policy_eval,tpp,on,1239739722,stage2,ready,hadd-astar,"/home/hersco/bershco-nu-asnets/numeric-asnets/asnets/experiment-results/experiments_numeric.domain.tpp-experiments_numeric.architecture_2.tpp_mcts-2026-08-31T19:46:57.197704/P[domain,pfile1,pfile2,pfile4]-S[0.0003,50,enhsp-hadd-astar]-MO[]-T[518400]-04921381-7d9a779/snapshots/snapshot_10_1.0000",20755756,10,preserve3_terminal_tpp_on_learning_curve,COMPLETED,/home/hersco/training_new_domains/2026-08-31/preserve3_terminal_tpp_stage2/20755756_Re-Tr_tpp_tpp_mcts_orig_vh_e.5_c.1_s1239739722_K0_P3TERMS2A10_src20523013.txt
preserve3-term-tpp-on-1239739722-a10-policy-e0015,policy_eval,tpp,on,1239739722,stage2,ready,hadd-astar,"/home/hersco/bershco-nu-asnets/numeric-asnets/asnets/experiment-results/experiments_numeric.domain.tpp-experiments_numeric.architecture_2.tpp_mcts-2026-08-31T19:46:57.197704/P[domain,pfile1,pfile2,pfile4]-S[0.0003,50,enhsp-hadd-astar]-MO[]-T[518400]-04921381-7d9a779/snapshots/snapshot_15_1.0000",20755756,15,preserve3_terminal_tpp_on_learning_curve,COMPLETED,/home/hersco/training_new_domains/2026-08-31/preserve3_terminal_tpp_stage2/20755756_Re-Tr_tpp_tpp_mcts_orig_vh_e.5_c.1_s1239739722_K0_P3TERMS2A10_src20523013.txt
preserve3-term-tpp-on-1239739722-a10-policy-e0020,policy_eval,tpp,on,1239739722,stage2,ready,hadd-astar,"/home/hersco/bershco-nu-asnets/numeric-asnets/asnets/experiment-results/experiments_numeric.domain.tpp-experiments_numeric.architecture_2.tpp_mcts-2026-08-31T19:46:57.197704/P[domain,pfile1,pfile2,pfile4]-S[0.0003,50,enhsp-hadd-astar]-MO[]-T[518400]-04921381-7d9a779/snapshots/snapshot_20_1.0000",20755756,20,preserve3_terminal_tpp_on_learning_curve,COMPLETED,/home/hersco/training_new_domains/2026-08-31/preserve3_terminal_tpp_stage2/20755756_Re-Tr_tpp_tpp_mcts_orig_vh_e.5_c.1_s1239739722_K0_P3TERMS2A10_src20523013.txt
preserve3-term-tpp-on-1239739722-a10-policy-e0025,policy_eval,tpp,on,1239739722,stage2,ready,hadd-astar,"/home/hersco/bershco-nu-asnets/numeric-asnets/asnets/experiment-results/experiments_numeric.domain.tpp-experiments_numeric.architecture_2.tpp_mcts-2026-08-31T19:46:57.197704/P[domain,pfile1,pfile2,pfile4]-S[0.0003,50,enhsp-hadd-astar]-MO[]-T[518400]-04921381-7d9a779/snapshots/snapshot_25_1.0000",20755756,25,preserve3_terminal_tpp_on_learning_curve,COMPLETED,/home/hersco/training_new_domains/2026-08-31/preserve3_terminal_tpp_stage2/20755756_Re-Tr_tpp_tpp_mcts_orig_vh_e.5_c.1_s1239739722_K0_P3TERMS2A10_src20523013.txt
preserve3-term-tpp-on-1239739722-a10-policy-e0030,policy_eval,tpp,on,1239739722,stage2,ready,hadd-astar,"/home/hersco/bershco-nu-asnets/numeric-asnets/asnets/experiment-results/experiments_numeric.domain.tpp-experiments_numeric.architecture_2.tpp_mcts-2026-08-31T19:46:57.197704/P[domain,pfile1,pfile2,pfile4]-S[0.0003,50,enhsp-hadd-astar]-MO[]-T[518400]-04921381-7d9a779/snapshots/snapshot_30_1.0000",20755756,30,preserve3_terminal_tpp_on_learning_curve,COMPLETED,/home/hersco/training_new_domains/2026-08-31/preserve3_terminal_tpp_stage2/20755756_Re-Tr_tpp_tpp_mcts_orig_vh_e.5_c.1_s1239739722_K0_P3TERMS2A10_src20523013.txt
preserve3-term-tpp-on-1239739722-a10-policy-e0035,policy_eval,tpp,on,1239739722,stage2,ready,hadd-astar,"/home/hersco/bershco-nu-asnets/numeric-asnets/asnets/experiment-results/experiments_numeric.domain.tpp-experiments_numeric.architecture_2.tpp_mcts-2026-08-31T19:46:57.197704/P[domain,pfile1,pfile2,pfile4]-S[0.0003,50,enhsp-hadd-astar]-MO[]-T[518400]-04921381-7d9a779/snapshots/snapshot_35_1.0000",20755756,35,preserve3_terminal_tpp_on_learning_curve,COMPLETED,/home/hersco/training_new_domains/2026-08-31/preserve3_terminal_tpp_stage2/20755756_Re-Tr_tpp_tpp_mcts_orig_vh_e.5_c.1_s1239739722_K0_P3TERMS2A10_src20523013.txt
preserve3-term-tpp-on-1239739722-a10-policy-e0040,policy_eval,tpp,on,1239739722,stage2,ready,hadd-astar,"/home/hersco/bershco-nu-asnets/numeric-asnets/asnets/experiment-results/experiments_numeric.domain.tpp-experiments_numeric.architecture_2.tpp_mcts-2026-08-31T19:46:57.197704/P[domain,pfile1,pfile2,pfile4]-S[0.0003,50,enhsp-hadd-astar]-MO[]-T[518400]-04921381-7d9a779/snapshots/snapshot_40_1.0000",20755756,40,preserve3_terminal_tpp_on_learning_curve,COMPLETED,/home/hersco/training_new_domains/2026-08-31/preserve3_terminal_tpp_stage2/20755756_Re-Tr_tpp_tpp_mcts_orig_vh_e.5_c.1_s1239739722_K0_P3TERMS2A10_src20523013.txt
preserve3-term-tpp-on-1239739722-a10-policy-e0045,policy_eval,tpp,on,1239739722,stage2,ready,hadd-astar,"/home/hersco/bershco-nu-asnets/numeric-asnets/asnets/experiment-results/experiments_numeric.domain.tpp-experiments_numeric.architecture_2.tpp_mcts-2026-08-31T19:46:57.197704/P[domain,pfile1,pfile2,pfile4]-S[0.0003,50,enhsp-hadd-astar]-MO[]-T[518400]-04921381-7d9a779/snapshots/snapshot_45_1.0000",20755756,45,preserve3_terminal_tpp_on_learning_curve,COMPLETED,/home/hersco/training_new_domains/2026-08-31/preserve3_terminal_tpp_stage2/20755756_Re-Tr_tpp_tpp_mcts_orig_vh_e.5_c.1_s1239739722_K0_P3TERMS2A10_src20523013.txt
preserve3-term-tpp-on-1239739722-a10-policy-e0050,policy_eval,tpp,on,1239739722,stage2,ready,hadd-astar,"/home/hersco/bershco-nu-asnets/numeric-asnets/asnets/experiment-results/experiments_numeric.domain.tpp-experiments_numeric.architecture_2.tpp_mcts-2026-08-31T19:46:57.197704/P[domain,pfile1,pfile2,pfile4]-S[0.0003,50,enhsp-hadd-astar]-MO[]-T[518400]-04921381-7d9a779/snapshots/snapshot_50_1.0000",20755756,50,preserve3_terminal_tpp_on_learning_curve,COMPLETED,/home/hersco/training_new_domains/2026-08-31/preserve3_terminal_tpp_stage2/20755756_Re-Tr_tpp_tpp_mcts_orig_vh_e.5_c.1_s1239739722_K0_P3TERMS2A10_src20523013.txt
preserve3-term-tpp-on-1239739722-a10-policy-e0055,policy_eval,tpp,on,1239739722,stage2,ready,hadd-astar,"/home/hersco/bershco-nu-asnets/numeric-asnets/asnets/experiment-results/experiments_numeric.domain.tpp-experiments_numeric.architecture_2.tpp_mcts-2026-08-31T19:46:57.197704/P[domain,pfile1,pfile2,pfile4]-S[0.0003,50,enhsp-hadd-astar]-MO[]-T[518400]-04921381-7d9a779/snapshots/snapshot_55_1.0000",20755756,55,preserve3_terminal_tpp_on_learning_curve,COMPLETED,/home/hersco/training_new_domains/2026-08-31/preserve3_terminal_tpp_stage2/20755756_Re-Tr_tpp_tpp_mcts_orig_vh_e.5_c.1_s1239739722_K0_P3TERMS2A10_src20523013.txt
preserve3-term-tpp-on-1239739722-a10-policy-e0060,policy_eval,tpp,on,1239739722,stage2,ready,hadd-astar,"/home/hersco/bershco-nu-asnets/numeric-asnets/asnets/experiment-results/experiments_numeric.domain.tpp-experiments_numeric.architecture_2.tpp_mcts-2026-08-31T19:46:57.197704/P[domain,pfile1,pfile2,pfile4]-S[0.0003,50,enhsp-hadd-astar]-MO[]-T[518400]-04921381-7d9a779/snapshots/snapshot_60_1.0000",20755756,60,preserve3_terminal_tpp_on_learning_curve,COMPLETED,/home/hersco/training_new_domains/2026-08-31/preserve3_terminal_tpp_stage2/20755756_Re-Tr_tpp_tpp_mcts_orig_vh_e.5_c.1_s1239739722_K0_P3TERMS2A10_src20523013.txt
preserve3-term-tpp-on-1239739722-a10-policy-e0065,policy_eval,tpp,on,1239739722,stage2,ready,hadd-astar,"/home/hersco/bershco-nu-asnets/numeric-asnets/asnets/experiment-results/experiments_numeric.domain.tpp-experiments_numeric.architecture_2.tpp_mcts-2026-08-31T19:46:57.197704/P[domain,pfile1,pfile2,pfile4]-S[0.0003,50,enhsp-hadd-astar]-MO[]-T[518400]-04921381-7d9a779/snapshots/snapshot_65_1.0000",20755756,65,preserve3_terminal_tpp_on_learning_curve,COMPLETED,/home/hersco/training_new_domains/2026-08-31/preserve3_terminal_tpp_stage2/20755756_Re-Tr_tpp_tpp_mcts_orig_vh_e.5_c.1_s1239739722_K0_P3TERMS2A10_src20523013.txt
preserve3-term-tpp-on-1239739722-a10-policy-e0070,policy_eval,tpp,on,1239739722,stage2,ready,hadd-astar,"/home/hersco/bershco-nu-asnets/numeric-asnets/asnets/experiment-results/experiments_numeric.domain.tpp-experiments_numeric.architecture_2.tpp_mcts-2026-08-31T19:46:57.197704/P[domain,pfile1,pfile2,pfile4]-S[0.0003,50,enhsp-hadd-astar]-MO[]-T[518400]-04921381-7d9a779/snapshots/snapshot_70_1.0000",20755756,70,preserve3_terminal_tpp_on_learning_curve,COMPLETED,/home/hersco/training_new_domains/2026-08-31/preserve3_terminal_tpp_stage2/20755756_Re-Tr_tpp_tpp_mcts_orig_vh_e.5_c.1_s1239739722_K0_P3TERMS2A10_src20523013.txt
preserve3-term-tpp-on-1239739722-a10-policy-e0075,policy_eval,tpp,on,1239739722,stage2,ready,hadd-astar,"/home/hersco/bershco-nu-asnets/numeric-asnets/asnets/experiment-results/experiments_numeric.domain.tpp-experiments_numeric.architecture_2.tpp_mcts-2026-08-31T19:46:57.197704/P[domain,pfile1,pfile2,pfile4]-S[0.0003,50,enhsp-hadd-astar]-MO[]-T[518400]-04921381-7d9a779/snapshots/snapshot_75_1.0000",20755756,75,preserve3_terminal_tpp_on_learning_curve,COMPLETED,/home/hersco/training_new_domains/2026-08-31/preserve3_terminal_tpp_stage2/20755756_Re-Tr_tpp_tpp_mcts_orig_vh_e.5_c.1_s1239739722_K0_P3TERMS2A10_src20523013.txt
preserve3-term-tpp-on-1239739722-a10-policy-e0080,policy_eval,tpp,on,1239739722,stage2,ready,hadd-astar,"/home/hersco/bershco-nu-asnets/numeric-asnets/asnets/experiment-results/experiments_numeric.domain.tpp-experiments_numeric.architecture_2.tpp_mcts-2026-08-31T19:46:57.197704/P[domain,pfile1,pfile2,pfile4]-S[0.0003,50,enhsp-hadd-astar]-MO[]-T[518400]-04921381-7d9a779/snapshots/snapshot_80_1.0000",20755756,80,preserve3_terminal_tpp_on_learning_curve,COMPLETED,/home/hersco/training_new_domains/2026-08-31/preserve3_terminal_tpp_stage2/20755756_Re-Tr_tpp_tpp_mcts_orig_vh_e.5_c.1_s1239739722_K0_P3TERMS2A10_src20523013.txt
preserve3-term-tpp-on-1239739722-a10-policy-e0085,policy_eval,tpp,on,1239739722,stage2,ready,hadd-astar,"/home/hersco/bershco-nu-asnets/numeric-asnets/asnets/experiment-results/experiments_numeric.domain.tpp-experiments_numeric.architecture_2.tpp_mcts-2026-08-31T19:46:57.197704/P[domain,pfile1,pfile2,pfile4]-S[0.0003,50,enhsp-hadd-astar]-MO[]-T[518400]-04921381-7d9a779/snapshots/snapshot_85_1.0000",20755756,85,preserve3_terminal_tpp_on_learning_curve,COMPLETED,/home/hersco/training_new_domains/2026-08-31/preserve3_terminal_tpp_stage2/20755756_Re-Tr_tpp_tpp_mcts_orig_vh_e.5_c.1_s1239739722_K0_P3TERMS2A10_src20523013.txt
preserve3-term-tpp-on-1239739722-a10-policy-e0090,policy_eval,tpp,on,1239739722,stage2,ready,hadd-astar,"/home/hersco/bershco-nu-asnets/numeric-asnets/asnets/experiment-results/experiments_numeric.domain.tpp-experiments_numeric.architecture_2.tpp_mcts-2026-08-31T19:46:57.197704/P[domain,pfile1,pfile2,pfile4]-S[0.0003,50,enhsp-hadd-astar]-MO[]-T[518400]-04921381-7d9a779/snapshots/snapshot_90_1.0000",20755756,90,preserve3_terminal_tpp_on_learning_curve,COMPLETED,/home/hersco/training_new_domains/2026-08-31/preserve3_terminal_tpp_stage2/20755756_Re-Tr_tpp_tpp_mcts_orig_vh_e.5_c.1_s1239739722_K0_P3TERMS2A10_src20523013.txt
preserve3-term-tpp-on-1239739722-a10-policy-e0095,policy_eval,tpp,on,1239739722,stage2,ready,hadd-astar,"/home/hersco/bershco-nu-asnets/numeric-asnets/asnets/experiment-results/experiments_numeric.domain.tpp-experiments_numeric.architecture_2.tpp_mcts-2026-08-31T19:46:57.197704/P[domain,pfile1,pfile2,pfile4]-S[0.0003,50,enhsp-hadd-astar]-MO[]-T[518400]-04921381-7d9a779/snapshots/snapshot_95_1.0000",20755756,95,preserve3_terminal_tpp_on_learning_curve,COMPLETED,/home/hersco/training_new_domains/2026-08-31/preserve3_terminal_tpp_stage2/20755756_Re-Tr_tpp_tpp_mcts_orig_vh_e.5_c.1_s1239739722_K0_P3TERMS2A10_src20523013.txt
preserve3-term-tpp-on-1239739722-a10-policy-e0096,policy_eval,tpp,on,1239739722,stage2,ready,hadd-astar,"/home/hersco/bershco-nu-asnets/numeric-asnets/asnets/experiment-results/experiments_numeric.domain.tpp-experiments_numeric.architecture_2.tpp_mcts-2026-08-31T19:46:57.197704/P[domain,pfile1,pfile2,pfile4]-S[0.0003,50,enhsp-hadd-astar]-MO[]-T[518400]-04921381-7d9a779/snapshots/snapshot_96_1.0000",20755756,96,preserve3_terminal_tpp_on_learning_curve;preserve3_terminal_tpp_on_validation_selected_policy,COMPLETED,/home/hersco/training_new_domains/2026-08-31/preserve3_terminal_tpp_stage2/20755756_Re-Tr_tpp_tpp_mcts_orig_vh_e.5_c.1_s1239739722_K0_P3TERMS2A10_src20523013.txt
preserve3-term-tpp-on-1239739722-a10-policy-e0099,policy_eval,tpp,on,1239739722,stage2,ready,hadd-astar,"/home/hersco/bershco-nu-asnets/numeric-asnets/asnets/experiment-results/experiments_numeric.domain.tpp-experiments_numeric.architecture_2.tpp_mcts-2026-08-31T19:46:57.197704/P[domain,pfile1,pfile2,pfile4]-S[0.0003,50,enhsp-hadd-astar]-MO[]-T[518400]-04921381-7d9a779/snapshots/snapshot_99_1.0000",20755756,99,preserve3_terminal_tpp_on_learning_curve;preserve3_terminal_tpp_on_final_policy,COMPLETED,/home/hersco/training_new_domains/2026-08-31/preserve3_terminal_tpp_stage2/20755756_Re-Tr_tpp_tpp_mcts_orig_vh_e.5_c.1_s1239739722_K0_P3TERMS2A10_src20523013.txt
preserve3-term-tpp-on-1472491096-a10-policy-e0000,policy_eval,tpp,on,1472491096,stage2,ready,hadd-astar,"/home/hersco/bershco-nu-asnets/numeric-asnets/asnets/experiment-results/experiments_numeric.domain.tpp-experiments_numeric.architecture_2.tpp_mcts-2026-08-31T19:49:21.101938/P[domain,pfile1,pfile2,pfile4]-S[0.0003,50,enhsp-hadd-astar]-MO[]-T[518400]-04921383-43e0a7a/snapshots/snapshot_0_1.0000",20755757,0,preserve3_terminal_tpp_on_learning_curve,COMPLETED,/home/hersco/training_new_domains/2026-08-31/preserve3_terminal_tpp_stage2/20755757_Re-Tr_tpp_tpp_mcts_orig_vh_e.5_c.1_s1472491096_K0_P3TERMS2A10_src20523017.txt
preserve3-term-tpp-on-1472491096-a10-policy-e0002,policy_eval,tpp,on,1472491096,stage2,ready,hadd-astar,"/home/hersco/bershco-nu-asnets/numeric-asnets/asnets/experiment-results/experiments_numeric.domain.tpp-experiments_numeric.architecture_2.tpp_mcts-2026-08-31T19:49:21.101938/P[domain,pfile1,pfile2,pfile4]-S[0.0003,50,enhsp-hadd-astar]-MO[]-T[518400]-04921383-43e0a7a/snapshots/snapshot_2_0.6667",20755757,2,preserve3_terminal_tpp_on_learning_curve;preserve3_terminal_tpp_on_validation_selected_policy,COMPLETED,/home/hersco/training_new_domains/2026-08-31/preserve3_terminal_tpp_stage2/20755757_Re-Tr_tpp_tpp_mcts_orig_vh_e.5_c.1_s1472491096_K0_P3TERMS2A10_src20523017.txt
preserve3-term-tpp-on-1472491096-a10-policy-e0005,policy_eval,tpp,on,1472491096,stage2,ready,hadd-astar,"/home/hersco/bershco-nu-asnets/numeric-asnets/asnets/experiment-results/experiments_numeric.domain.tpp-experiments_numeric.architecture_2.tpp_mcts-2026-08-31T19:49:21.101938/P[domain,pfile1,pfile2,pfile4]-S[0.0003,50,enhsp-hadd-astar]-MO[]-T[518400]-04921383-43e0a7a/snapshots/snapshot_5_0.5000",20755757,5,preserve3_terminal_tpp_on_learning_curve,COMPLETED,/home/hersco/training_new_domains/2026-08-31/preserve3_terminal_tpp_stage2/20755757_Re-Tr_tpp_tpp_mcts_orig_vh_e.5_c.1_s1472491096_K0_P3TERMS2A10_src20523017.txt
preserve3-term-tpp-on-1472491096-a10-policy-e0010,policy_eval,tpp,on,1472491096,stage2,ready,hadd-astar,"/home/hersco/bershco-nu-asnets/numeric-asnets/asnets/experiment-results/experiments_numeric.domain.tpp-experiments_numeric.architecture_2.tpp_mcts-2026-08-31T19:49:21.101938/P[domain,pfile1,pfile2,pfile4]-S[0.0003,50,enhsp-hadd-astar]-MO[]-T[518400]-04921383-43e0a7a/snapshots/snapshot_10_0.5000",20755757,10,preserve3_terminal_tpp_on_learning_curve,COMPLETED,/home/hersco/training_new_domains/2026-08-31/preserve3_terminal_tpp_stage2/20755757_Re-Tr_tpp_tpp_mcts_orig_vh_e.5_c.1_s1472491096_K0_P3TERMS2A10_src20523017.txt
preserve3-term-tpp-on-1472491096-a10-policy-e0015,policy_eval,tpp,on,1472491096,stage2,ready,hadd-astar,"/home/hersco/bershco-nu-asnets/numeric-asnets/asnets/experiment-results/experiments_numeric.domain.tpp-experiments_numeric.architecture_2.tpp_mcts-2026-08-31T19:49:21.101938/P[domain,pfile1,pfile2,pfile4]-S[0.0003,50,enhsp-hadd-astar]-MO[]-T[518400]-04921383-43e0a7a/snapshots/snapshot_15_0.5000",20755757,15,preserve3_terminal_tpp_on_learning_curve,COMPLETED,/home/hersco/training_new_domains/2026-08-31/preserve3_terminal_tpp_stage2/20755757_Re-Tr_tpp_tpp_mcts_orig_vh_e.5_c.1_s1472491096_K0_P3TERMS2A10_src20523017.txt
preserve3-term-tpp-on-1472491096-a10-policy-e0020,policy_eval,tpp,on,1472491096,stage2,ready,hadd-astar,"/home/hersco/bershco-nu-asnets/numeric-asnets/asnets/experiment-results/experiments_numeric.domain.tpp-experiments_numeric.architecture_2.tpp_mcts-2026-08-31T19:49:21.101938/P[domain,pfile1,pfile2,pfile4]-S[0.0003,50,enhsp-hadd-astar]-MO[]-T[518400]-04921383-43e0a7a/snapshots/snapshot_20_0.5000",20755757,20,preserve3_terminal_tpp_on_learning_curve,COMPLETED,/home/hersco/training_new_domains/2026-08-31/preserve3_terminal_tpp_stage2/20755757_Re-Tr_tpp_tpp_mcts_orig_vh_e.5_c.1_s1472491096_K0_P3TERMS2A10_src20523017.txt
preserve3-term-tpp-on-1472491096-a10-policy-e0025,policy_eval,tpp,on,1472491096,stage2,ready,hadd-astar,"/home/hersco/bershco-nu-asnets/numeric-asnets/asnets/experiment-results/experiments_numeric.domain.tpp-experiments_numeric.architecture_2.tpp_mcts-2026-08-31T19:49:21.101938/P[domain,pfile1,pfile2,pfile4]-S[0.0003,50,enhsp-hadd-astar]-MO[]-T[518400]-04921383-43e0a7a/snapshots/snapshot_25_0.5000",20755757,25,preserve3_terminal_tpp_on_learning_curve,COMPLETED,/home/hersco/training_new_domains/2026-08-31/preserve3_terminal_tpp_stage2/20755757_Re-Tr_tpp_tpp_mcts_orig_vh_e.5_c.1_s1472491096_K0_P3TERMS2A10_src20523017.txt
preserve3-term-tpp-on-1472491096-a10-policy-e0030,policy_eval,tpp,on,1472491096,stage2,ready,hadd-astar,"/home/hersco/bershco-nu-asnets/numeric-asnets/asnets/experiment-results/experiments_numeric.domain.tpp-experiments_numeric.architecture_2.tpp_mcts-2026-08-31T19:49:21.101938/P[domain,pfile1,pfile2,pfile4]-S[0.0003,50,enhsp-hadd-astar]-MO[]-T[518400]-04921383-43e0a7a/snapshots/snapshot_30_0.5000",20755757,30,preserve3_terminal_tpp_on_learning_curve,COMPLETED,/home/hersco/training_new_domains/2026-08-31/preserve3_terminal_tpp_stage2/20755757_Re-Tr_tpp_tpp_mcts_orig_vh_e.5_c.1_s1472491096_K0_P3TERMS2A10_src20523017.txt
preserve3-term-tpp-on-1472491096-a10-policy-e0035,policy_eval,tpp,on,1472491096,stage2,ready,hadd-astar,"/home/hersco/bershco-nu-asnets/numeric-asnets/asnets/experiment-results/experiments_numeric.domain.tpp-experiments_numeric.architecture_2.tpp_mcts-2026-08-31T19:49:21.101938/P[domain,pfile1,pfile2,pfile4]-S[0.0003,50,enhsp-hadd-astar]-MO[]-T[518400]-04921383-43e0a7a/snapshots/snapshot_35_0.5000",20755757,35,preserve3_terminal_tpp_on_learning_curve,COMPLETED,/home/hersco/training_new_domains/2026-08-31/preserve3_terminal_tpp_stage2/20755757_Re-Tr_tpp_tpp_mcts_orig_vh_e.5_c.1_s1472491096_K0_P3TERMS2A10_src20523017.txt
preserve3-term-tpp-on-1472491096-a10-policy-e0040,policy_eval,tpp,on,1472491096,stage2,ready,hadd-astar,"/home/hersco/bershco-nu-asnets/numeric-asnets/asnets/experiment-results/experiments_numeric.domain.tpp-experiments_numeric.architecture_2.tpp_mcts-2026-08-31T19:49:21.101938/P[domain,pfile1,pfile2,pfile4]-S[0.0003,50,enhsp-hadd-astar]-MO[]-T[518400]-04921383-43e0a7a/snapshots/snapshot_40_0.5000",20755757,40,preserve3_terminal_tpp_on_learning_curve,COMPLETED,/home/hersco/training_new_domains/2026-08-31/preserve3_terminal_tpp_stage2/20755757_Re-Tr_tpp_tpp_mcts_orig_vh_e.5_c.1_s1472491096_K0_P3TERMS2A10_src20523017.txt
preserve3-term-tpp-on-1472491096-a10-policy-e0045,policy_eval,tpp,on,1472491096,stage2,ready,hadd-astar,"/home/hersco/bershco-nu-asnets/numeric-asnets/asnets/experiment-results/experiments_numeric.domain.tpp-experiments_numeric.architecture_2.tpp_mcts-2026-08-31T19:49:21.101938/P[domain,pfile1,pfile2,pfile4]-S[0.0003,50,enhsp-hadd-astar]-MO[]-T[518400]-04921383-43e0a7a/snapshots/snapshot_45_0.5000",20755757,45,preserve3_terminal_tpp_on_learning_curve,COMPLETED,/home/hersco/training_new_domains/2026-08-31/preserve3_terminal_tpp_stage2/20755757_Re-Tr_tpp_tpp_mcts_orig_vh_e.5_c.1_s1472491096_K0_P3TERMS2A10_src20523017.txt
preserve3-term-tpp-on-1472491096-a10-policy-e0050,policy_eval,tpp,on,1472491096,stage2,ready,hadd-astar,"/home/hersco/bershco-nu-asnets/numeric-asnets/asnets/experiment-results/experiments_numeric.domain.tpp-experiments_numeric.architecture_2.tpp_mcts-2026-08-31T19:49:21.101938/P[domain,pfile1,pfile2,pfile4]-S[0.0003,50,enhsp-hadd-astar]-MO[]-T[518400]-04921383-43e0a7a/snapshots/snapshot_50_0.5000",20755757,50,preserve3_terminal_tpp_on_learning_curve,COMPLETED,/home/hersco/training_new_domains/2026-08-31/preserve3_terminal_tpp_stage2/20755757_Re-Tr_tpp_tpp_mcts_orig_vh_e.5_c.1_s1472491096_K0_P3TERMS2A10_src20523017.txt
preserve3-term-tpp-on-1472491096-a10-policy-e0055,policy_eval,tpp,on,1472491096,stage2,ready,hadd-astar,"/home/hersco/bershco-nu-asnets/numeric-asnets/asnets/experiment-results/experiments_numeric.domain.tpp-experiments_numeric.architecture_2.tpp_mcts-2026-08-31T19:49:21.101938/P[domain,pfile1,pfile2,pfile4]-S[0.0003,50,enhsp-hadd-astar]-MO[]-T[518400]-04921383-43e0a7a/snapshots/snapshot_55_0.5000",20755757,55,preserve3_terminal_tpp_on_learning_curve,COMPLETED,/home/hersco/training_new_domains/2026-08-31/preserve3_terminal_tpp_stage2/20755757_Re-Tr_tpp_tpp_mcts_orig_vh_e.5_c.1_s1472491096_K0_P3TERMS2A10_src20523017.txt
preserve3-term-tpp-on-1472491096-a10-policy-e0060,policy_eval,tpp,on,1472491096,stage2,ready,hadd-astar,"/home/hersco/bershco-nu-asnets/numeric-asnets/asnets/experiment-results/experiments_numeric.domain.tpp-experiments_numeric.architecture_2.tpp_mcts-2026-08-31T19:49:21.101938/P[domain,pfile1,pfile2,pfile4]-S[0.0003,50,enhsp-hadd-astar]-MO[]-T[518400]-04921383-43e0a7a/snapshots/snapshot_60_0.5000",20755757,60,preserve3_terminal_tpp_on_learning_curve,COMPLETED,/home/hersco/training_new_domains/2026-08-31/preserve3_terminal_tpp_stage2/20755757_Re-Tr_tpp_tpp_mcts_orig_vh_e.5_c.1_s1472491096_K0_P3TERMS2A10_src20523017.txt
preserve3-term-tpp-on-1472491096-a10-policy-e0065,policy_eval,tpp,on,1472491096,stage2,ready,hadd-astar,"/home/hersco/bershco-nu-asnets/numeric-asnets/asnets/experiment-results/experiments_numeric.domain.tpp-experiments_numeric.architecture_2.tpp_mcts-2026-08-31T19:49:21.101938/P[domain,pfile1,pfile2,pfile4]-S[0.0003,50,enhsp-hadd-astar]-MO[]-T[518400]-04921383-43e0a7a/snapshots/snapshot_65_0.5000",20755757,65,preserve3_terminal_tpp_on_learning_curve,COMPLETED,/home/hersco/training_new_domains/2026-08-31/preserve3_terminal_tpp_stage2/20755757_Re-Tr_tpp_tpp_mcts_orig_vh_e.5_c.1_s1472491096_K0_P3TERMS2A10_src20523017.txt
preserve3-term-tpp-on-1472491096-a10-policy-e0070,policy_eval,tpp,on,1472491096,stage2,ready,hadd-astar,"/home/hersco/bershco-nu-asnets/numeric-asnets/asnets/experiment-results/experiments_numeric.domain.tpp-experiments_numeric.architecture_2.tpp_mcts-2026-08-31T19:49:21.101938/P[domain,pfile1,pfile2,pfile4]-S[0.0003,50,enhsp-hadd-astar]-MO[]-T[518400]-04921383-43e0a7a/snapshots/snapshot_70_0.5000",20755757,70,preserve3_terminal_tpp_on_learning_curve,COMPLETED,/home/hersco/training_new_domains/2026-08-31/preserve3_terminal_tpp_stage2/20755757_Re-Tr_tpp_tpp_mcts_orig_vh_e.5_c.1_s1472491096_K0_P3TERMS2A10_src20523017.txt
preserve3-term-tpp-on-1472491096-a10-policy-e0075,policy_eval,tpp,on,1472491096,stage2,ready,hadd-astar,"/home/hersco/bershco-nu-asnets/numeric-asnets/asnets/experiment-results/experiments_numeric.domain.tpp-experiments_numeric.architecture_2.tpp_mcts-2026-08-31T19:49:21.101938/P[domain,pfile1,pfile2,pfile4]-S[0.0003,50,enhsp-hadd-astar]-MO[]-T[518400]-04921383-43e0a7a/snapshots/snapshot_75_0.5000",20755757,75,preserve3_terminal_tpp_on_learning_curve,COMPLETED,/home/hersco/training_new_domains/2026-08-31/preserve3_terminal_tpp_stage2/20755757_Re-Tr_tpp_tpp_mcts_orig_vh_e.5_c.1_s1472491096_K0_P3TERMS2A10_src20523017.txt
preserve3-term-tpp-on-1472491096-a10-policy-e0080,policy_eval,tpp,on,1472491096,stage2,ready,hadd-astar,"/home/hersco/bershco-nu-asnets/numeric-asnets/asnets/experiment-results/experiments_numeric.domain.tpp-experiments_numeric.architecture_2.tpp_mcts-2026-08-31T19:49:21.101938/P[domain,pfile1,pfile2,pfile4]-S[0.0003,50,enhsp-hadd-astar]-MO[]-T[518400]-04921383-43e0a7a/snapshots/snapshot_80_0.5000",20755757,80,preserve3_terminal_tpp_on_learning_curve,COMPLETED,/home/hersco/training_new_domains/2026-08-31/preserve3_terminal_tpp_stage2/20755757_Re-Tr_tpp_tpp_mcts_orig_vh_e.5_c.1_s1472491096_K0_P3TERMS2A10_src20523017.txt
preserve3-term-tpp-on-1472491096-a10-policy-e0085,policy_eval,tpp,on,1472491096,stage2,ready,hadd-astar,"/home/hersco/bershco-nu-asnets/numeric-asnets/asnets/experiment-results/experiments_numeric.domain.tpp-experiments_numeric.architecture_2.tpp_mcts-2026-08-31T19:49:21.101938/P[domain,pfile1,pfile2,pfile4]-S[0.0003,50,enhsp-hadd-astar]-MO[]-T[518400]-04921383-43e0a7a/snapshots/snapshot_85_0.5000",20755757,85,preserve3_terminal_tpp_on_learning_curve,COMPLETED,/home/hersco/training_new_domains/2026-08-31/preserve3_terminal_tpp_stage2/20755757_Re-Tr_tpp_tpp_mcts_orig_vh_e.5_c.1_s1472491096_K0_P3TERMS2A10_src20523017.txt
preserve3-term-tpp-on-1472491096-a10-policy-e0090,policy_eval,tpp,on,1472491096,stage2,ready,hadd-astar,"/home/hersco/bershco-nu-asnets/numeric-asnets/asnets/experiment-results/experiments_numeric.domain.tpp-experiments_numeric.architecture_2.tpp_mcts-2026-08-31T19:49:21.101938/P[domain,pfile1,pfile2,pfile4]-S[0.0003,50,enhsp-hadd-astar]-MO[]-T[518400]-04921383-43e0a7a/snapshots/snapshot_90_0.5000",20755757,90,preserve3_terminal_tpp_on_learning_curve,COMPLETED,/home/hersco/training_new_domains/2026-08-31/preserve3_terminal_tpp_stage2/20755757_Re-Tr_tpp_tpp_mcts_orig_vh_e.5_c.1_s1472491096_K0_P3TERMS2A10_src20523017.txt
preserve3-term-tpp-on-1472491096-a10-policy-e0095,policy_eval,tpp,on,1472491096,stage2,ready,hadd-astar,"/home/hersco/bershco-nu-asnets/numeric-asnets/asnets/experiment-results/experiments_numeric.domain.tpp-experiments_numeric.architecture_2.tpp_mcts-2026-08-31T19:49:21.101938/P[domain,pfile1,pfile2,pfile4]-S[0.0003,50,enhsp-hadd-astar]-MO[]-T[518400]-04921383-43e0a7a/snapshots/snapshot_95_0.5000",20755757,95,preserve3_terminal_tpp_on_learning_curve,COMPLETED,/home/hersco/training_new_domains/2026-08-31/preserve3_terminal_tpp_stage2/20755757_Re-Tr_tpp_tpp_mcts_orig_vh_e.5_c.1_s1472491096_K0_P3TERMS2A10_src20523017.txt
preserve3-term-tpp-on-1472491096-a10-policy-e0099,policy_eval,tpp,on,1472491096,stage2,ready,hadd-astar,"/home/hersco/bershco-nu-asnets/numeric-asnets/asnets/experiment-results/experiments_numeric.domain.tpp-experiments_numeric.architecture_2.tpp_mcts-2026-08-31T19:49:21.101938/P[domain,pfile1,pfile2,pfile4]-S[0.0003,50,enhsp-hadd-astar]-MO[]-T[518400]-04921383-43e0a7a/snapshots/snapshot_99_0.5000",20755757,99,preserve3_terminal_tpp_on_learning_curve;preserve3_terminal_tpp_on_final_policy,COMPLETED,/home/hersco/training_new_domains/2026-08-31/preserve3_terminal_tpp_stage2/20755757_Re-Tr_tpp_tpp_mcts_orig_vh_e.5_c.1_s1472491096_K0_P3TERMS2A10_src20523017.txt
preserve3-term-tpp-on-1510771779-a10-policy-e0000,policy_eval,tpp,on,1510771779,stage2,ready,hadd-astar,"/home/hersco/bershco-nu-asnets/numeric-asnets/asnets/experiment-results/experiments_numeric.domain.tpp-experiments_numeric.architecture_2.tpp_mcts-2026-08-31T19:48:19.979433/P[domain,pfile1,pfile2,pfile4]-S[0.0003,50,enhsp-hadd-astar]-MO[]-T[518400]-04921382-17cc32a/snapshots/snapshot_0_1.0000",20755759,0,preserve3_terminal_tpp_on_learning_curve,COMPLETED,/home/hersco/training_new_domains/2026-08-31/preserve3_terminal_tpp_stage2/20755759_Re-Tr_tpp_tpp_mcts_orig_vh_e.5_c.1_s1510771779_K0_P3TERMS2A10_src20523026.txt
preserve3-term-tpp-on-1510771779-a10-policy-e0003,policy_eval,tpp,on,1510771779,stage2,ready,hadd-astar,"/home/hersco/bershco-nu-asnets/numeric-asnets/asnets/experiment-results/experiments_numeric.domain.tpp-experiments_numeric.architecture_2.tpp_mcts-2026-08-31T19:48:19.979433/P[domain,pfile1,pfile2,pfile4]-S[0.0003,50,enhsp-hadd-astar]-MO[]-T[518400]-04921382-17cc32a/snapshots/snapshot_3_1.0000",20755759,3,preserve3_terminal_tpp_on_learning_curve;preserve3_terminal_tpp_on_validation_selected_policy,COMPLETED,/home/hersco/training_new_domains/2026-08-31/preserve3_terminal_tpp_stage2/20755759_Re-Tr_tpp_tpp_mcts_orig_vh_e.5_c.1_s1510771779_K0_P3TERMS2A10_src20523026.txt
preserve3-term-tpp-on-1510771779-a10-policy-e0005,policy_eval,tpp,on,1510771779,stage2,ready,hadd-astar,"/home/hersco/bershco-nu-asnets/numeric-asnets/asnets/experiment-results/experiments_numeric.domain.tpp-experiments_numeric.architecture_2.tpp_mcts-2026-08-31T19:48:19.979433/P[domain,pfile1,pfile2,pfile4]-S[0.0003,50,enhsp-hadd-astar]-MO[]-T[518400]-04921382-17cc32a/snapshots/snapshot_5_1.0000",20755759,5,preserve3_terminal_tpp_on_learning_curve,COMPLETED,/home/hersco/training_new_domains/2026-08-31/preserve3_terminal_tpp_stage2/20755759_Re-Tr_tpp_tpp_mcts_orig_vh_e.5_c.1_s1510771779_K0_P3TERMS2A10_src20523026.txt
preserve3-term-tpp-on-1510771779-a10-policy-e0010,policy_eval,tpp,on,1510771779,stage2,ready,hadd-astar,"/home/hersco/bershco-nu-asnets/numeric-asnets/asnets/experiment-results/experiments_numeric.domain.tpp-experiments_numeric.architecture_2.tpp_mcts-2026-08-31T19:48:19.979433/P[domain,pfile1,pfile2,pfile4]-S[0.0003,50,enhsp-hadd-astar]-MO[]-T[518400]-04921382-17cc32a/snapshots/snapshot_10_1.0000",20755759,10,preserve3_terminal_tpp_on_learning_curve,COMPLETED,/home/hersco/training_new_domains/2026-08-31/preserve3_terminal_tpp_stage2/20755759_Re-Tr_tpp_tpp_mcts_orig_vh_e.5_c.1_s1510771779_K0_P3TERMS2A10_src20523026.txt
preserve3-term-tpp-on-1510771779-a10-policy-e0015,policy_eval,tpp,on,1510771779,stage2,ready,hadd-astar,"/home/hersco/bershco-nu-asnets/numeric-asnets/asnets/experiment-results/experiments_numeric.domain.tpp-experiments_numeric.architecture_2.tpp_mcts-2026-08-31T19:48:19.979433/P[domain,pfile1,pfile2,pfile4]-S[0.0003,50,enhsp-hadd-astar]-MO[]-T[518400]-04921382-17cc32a/snapshots/snapshot_15_1.0000",20755759,15,preserve3_terminal_tpp_on_learning_curve,COMPLETED,/home/hersco/training_new_domains/2026-08-31/preserve3_terminal_tpp_stage2/20755759_Re-Tr_tpp_tpp_mcts_orig_vh_e.5_c.1_s1510771779_K0_P3TERMS2A10_src20523026.txt
preserve3-term-tpp-on-1510771779-a10-policy-e0020,policy_eval,tpp,on,1510771779,stage2,ready,hadd-astar,"/home/hersco/bershco-nu-asnets/numeric-asnets/asnets/experiment-results/experiments_numeric.domain.tpp-experiments_numeric.architecture_2.tpp_mcts-2026-08-31T19:48:19.979433/P[domain,pfile1,pfile2,pfile4]-S[0.0003,50,enhsp-hadd-astar]-MO[]-T[518400]-04921382-17cc32a/snapshots/snapshot_20_1.0000",20755759,20,preserve3_terminal_tpp_on_learning_curve,COMPLETED,/home/hersco/training_new_domains/2026-08-31/preserve3_terminal_tpp_stage2/20755759_Re-Tr_tpp_tpp_mcts_orig_vh_e.5_c.1_s1510771779_K0_P3TERMS2A10_src20523026.txt
preserve3-term-tpp-on-1510771779-a10-policy-e0025,policy_eval,tpp,on,1510771779,stage2,ready,hadd-astar,"/home/hersco/bershco-nu-asnets/numeric-asnets/asnets/experiment-results/experiments_numeric.domain.tpp-experiments_numeric.architecture_2.tpp_mcts-2026-08-31T19:48:19.979433/P[domain,pfile1,pfile2,pfile4]-S[0.0003,50,enhsp-hadd-astar]-MO[]-T[518400]-04921382-17cc32a/snapshots/snapshot_25_1.0000",20755759,25,preserve3_terminal_tpp_on_learning_curve,COMPLETED,/home/hersco/training_new_domains/2026-08-31/preserve3_terminal_tpp_stage2/20755759_Re-Tr_tpp_tpp_mcts_orig_vh_e.5_c.1_s1510771779_K0_P3TERMS2A10_src20523026.txt
preserve3-term-tpp-on-1510771779-a10-policy-e0030,policy_eval,tpp,on,1510771779,stage2,ready,hadd-astar,"/home/hersco/bershco-nu-asnets/numeric-asnets/asnets/experiment-results/experiments_numeric.domain.tpp-experiments_numeric.architecture_2.tpp_mcts-2026-08-31T19:48:19.979433/P[domain,pfile1,pfile2,pfile4]-S[0.0003,50,enhsp-hadd-astar]-MO[]-T[518400]-04921382-17cc32a/snapshots/snapshot_30_1.0000",20755759,30,preserve3_terminal_tpp_on_learning_curve,COMPLETED,/home/hersco/training_new_domains/2026-08-31/preserve3_terminal_tpp_stage2/20755759_Re-Tr_tpp_tpp_mcts_orig_vh_e.5_c.1_s1510771779_K0_P3TERMS2A10_src20523026.txt
preserve3-term-tpp-on-1510771779-a10-policy-e0035,policy_eval,tpp,on,1510771779,stage2,ready,hadd-astar,"/home/hersco/bershco-nu-asnets/numeric-asnets/asnets/experiment-results/experiments_numeric.domain.tpp-experiments_numeric.architecture_2.tpp_mcts-2026-08-31T19:48:19.979433/P[domain,pfile1,pfile2,pfile4]-S[0.0003,50,enhsp-hadd-astar]-MO[]-T[518400]-04921382-17cc32a/snapshots/snapshot_35_1.0000",20755759,35,preserve3_terminal_tpp_on_learning_curve,COMPLETED,/home/hersco/training_new_domains/2026-08-31/preserve3_terminal_tpp_stage2/20755759_Re-Tr_tpp_tpp_mcts_orig_vh_e.5_c.1_s1510771779_K0_P3TERMS2A10_src20523026.txt
preserve3-term-tpp-on-1510771779-a10-policy-e0040,policy_eval,tpp,on,1510771779,stage2,ready,hadd-astar,"/home/hersco/bershco-nu-asnets/numeric-asnets/asnets/experiment-results/experiments_numeric.domain.tpp-experiments_numeric.architecture_2.tpp_mcts-2026-08-31T19:48:19.979433/P[domain,pfile1,pfile2,pfile4]-S[0.0003,50,enhsp-hadd-astar]-MO[]-T[518400]-04921382-17cc32a/snapshots/snapshot_40_1.0000",20755759,40,preserve3_terminal_tpp_on_learning_curve,COMPLETED,/home/hersco/training_new_domains/2026-08-31/preserve3_terminal_tpp_stage2/20755759_Re-Tr_tpp_tpp_mcts_orig_vh_e.5_c.1_s1510771779_K0_P3TERMS2A10_src20523026.txt
preserve3-term-tpp-on-1510771779-a10-policy-e0045,policy_eval,tpp,on,1510771779,stage2,ready,hadd-astar,"/home/hersco/bershco-nu-asnets/numeric-asnets/asnets/experiment-results/experiments_numeric.domain.tpp-experiments_numeric.architecture_2.tpp_mcts-2026-08-31T19:48:19.979433/P[domain,pfile1,pfile2,pfile4]-S[0.0003,50,enhsp-hadd-astar]-MO[]-T[518400]-04921382-17cc32a/snapshots/snapshot_45_1.0000",20755759,45,preserve3_terminal_tpp_on_learning_curve,COMPLETED,/home/hersco/training_new_domains/2026-08-31/preserve3_terminal_tpp_stage2/20755759_Re-Tr_tpp_tpp_mcts_orig_vh_e.5_c.1_s1510771779_K0_P3TERMS2A10_src20523026.txt
preserve3-term-tpp-on-1510771779-a10-policy-e0050,policy_eval,tpp,on,1510771779,stage2,ready,hadd-astar,"/home/hersco/bershco-nu-asnets/numeric-asnets/asnets/experiment-results/experiments_numeric.domain.tpp-experiments_numeric.architecture_2.tpp_mcts-2026-08-31T19:48:19.979433/P[domain,pfile1,pfile2,pfile4]-S[0.0003,50,enhsp-hadd-astar]-MO[]-T[518400]-04921382-17cc32a/snapshots/snapshot_50_1.0000",20755759,50,preserve3_terminal_tpp_on_learning_curve,COMPLETED,/home/hersco/training_new_domains/2026-08-31/preserve3_terminal_tpp_stage2/20755759_Re-Tr_tpp_tpp_mcts_orig_vh_e.5_c.1_s1510771779_K0_P3TERMS2A10_src20523026.txt
preserve3-term-tpp-on-1510771779-a10-policy-e0055,policy_eval,tpp,on,1510771779,stage2,ready,hadd-astar,"/home/hersco/bershco-nu-asnets/numeric-asnets/asnets/experiment-results/experiments_numeric.domain.tpp-experiments_numeric.architecture_2.tpp_mcts-2026-08-31T19:48:19.979433/P[domain,pfile1,pfile2,pfile4]-S[0.0003,50,enhsp-hadd-astar]-MO[]-T[518400]-04921382-17cc32a/snapshots/snapshot_55_1.0000",20755759,55,preserve3_terminal_tpp_on_learning_curve,COMPLETED,/home/hersco/training_new_domains/2026-08-31/preserve3_terminal_tpp_stage2/20755759_Re-Tr_tpp_tpp_mcts_orig_vh_e.5_c.1_s1510771779_K0_P3TERMS2A10_src20523026.txt
preserve3-term-tpp-on-1510771779-a10-policy-e0060,policy_eval,tpp,on,1510771779,stage2,ready,hadd-astar,"/home/hersco/bershco-nu-asnets/numeric-asnets/asnets/experiment-results/experiments_numeric.domain.tpp-experiments_numeric.architecture_2.tpp_mcts-2026-08-31T19:48:19.979433/P[domain,pfile1,pfile2,pfile4]-S[0.0003,50,enhsp-hadd-astar]-MO[]-T[518400]-04921382-17cc32a/snapshots/snapshot_60_1.0000",20755759,60,preserve3_terminal_tpp_on_learning_curve,COMPLETED,/home/hersco/training_new_domains/2026-08-31/preserve3_terminal_tpp_stage2/20755759_Re-Tr_tpp_tpp_mcts_orig_vh_e.5_c.1_s1510771779_K0_P3TERMS2A10_src20523026.txt
preserve3-term-tpp-on-1510771779-a10-policy-e0065,policy_eval,tpp,on,1510771779,stage2,ready,hadd-astar,"/home/hersco/bershco-nu-asnets/numeric-asnets/asnets/experiment-results/experiments_numeric.domain.tpp-experiments_numeric.architecture_2.tpp_mcts-2026-08-31T19:48:19.979433/P[domain,pfile1,pfile2,pfile4]-S[0.0003,50,enhsp-hadd-astar]-MO[]-T[518400]-04921382-17cc32a/snapshots/snapshot_65_1.0000",20755759,65,preserve3_terminal_tpp_on_learning_curve,COMPLETED,/home/hersco/training_new_domains/2026-08-31/preserve3_terminal_tpp_stage2/20755759_Re-Tr_tpp_tpp_mcts_orig_vh_e.5_c.1_s1510771779_K0_P3TERMS2A10_src20523026.txt
preserve3-term-tpp-on-1510771779-a10-policy-e0070,policy_eval,tpp,on,1510771779,stage2,ready,hadd-astar,"/home/hersco/bershco-nu-asnets/numeric-asnets/asnets/experiment-results/experiments_numeric.domain.tpp-experiments_numeric.architecture_2.tpp_mcts-2026-08-31T19:48:19.979433/P[domain,pfile1,pfile2,pfile4]-S[0.0003,50,enhsp-hadd-astar]-MO[]-T[518400]-04921382-17cc32a/snapshots/snapshot_70_1.0000",20755759,70,preserve3_terminal_tpp_on_learning_curve,COMPLETED,/home/hersco/training_new_domains/2026-08-31/preserve3_terminal_tpp_stage2/20755759_Re-Tr_tpp_tpp_mcts_orig_vh_e.5_c.1_s1510771779_K0_P3TERMS2A10_src20523026.txt
preserve3-term-tpp-on-1510771779-a10-policy-e0075,policy_eval,tpp,on,1510771779,stage2,ready,hadd-astar,"/home/hersco/bershco-nu-asnets/numeric-asnets/asnets/experiment-results/experiments_numeric.domain.tpp-experiments_numeric.architecture_2.tpp_mcts-2026-08-31T19:48:19.979433/P[domain,pfile1,pfile2,pfile4]-S[0.0003,50,enhsp-hadd-astar]-MO[]-T[518400]-04921382-17cc32a/snapshots/snapshot_75_1.0000",20755759,75,preserve3_terminal_tpp_on_learning_curve,COMPLETED,/home/hersco/training_new_domains/2026-08-31/preserve3_terminal_tpp_stage2/20755759_Re-Tr_tpp_tpp_mcts_orig_vh_e.5_c.1_s1510771779_K0_P3TERMS2A10_src20523026.txt
preserve3-term-tpp-on-1510771779-a10-policy-e0080,policy_eval,tpp,on,1510771779,stage2,ready,hadd-astar,"/home/hersco/bershco-nu-asnets/numeric-asnets/asnets/experiment-results/experiments_numeric.domain.tpp-experiments_numeric.architecture_2.tpp_mcts-2026-08-31T19:48:19.979433/P[domain,pfile1,pfile2,pfile4]-S[0.0003,50,enhsp-hadd-astar]-MO[]-T[518400]-04921382-17cc32a/snapshots/snapshot_80_1.0000",20755759,80,preserve3_terminal_tpp_on_learning_curve,COMPLETED,/home/hersco/training_new_domains/2026-08-31/preserve3_terminal_tpp_stage2/20755759_Re-Tr_tpp_tpp_mcts_orig_vh_e.5_c.1_s1510771779_K0_P3TERMS2A10_src20523026.txt
preserve3-term-tpp-on-1510771779-a10-policy-e0085,policy_eval,tpp,on,1510771779,stage2,ready,hadd-astar,"/home/hersco/bershco-nu-asnets/numeric-asnets/asnets/experiment-results/experiments_numeric.domain.tpp-experiments_numeric.architecture_2.tpp_mcts-2026-08-31T19:48:19.979433/P[domain,pfile1,pfile2,pfile4]-S[0.0003,50,enhsp-hadd-astar]-MO[]-T[518400]-04921382-17cc32a/snapshots/snapshot_85_0.7500",20755759,85,preserve3_terminal_tpp_on_learning_curve,COMPLETED,/home/hersco/training_new_domains/2026-08-31/preserve3_terminal_tpp_stage2/20755759_Re-Tr_tpp_tpp_mcts_orig_vh_e.5_c.1_s1510771779_K0_P3TERMS2A10_src20523026.txt
preserve3-term-tpp-on-1510771779-a10-policy-e0090,policy_eval,tpp,on,1510771779,stage2,ready,hadd-astar,"/home/hersco/bershco-nu-asnets/numeric-asnets/asnets/experiment-results/experiments_numeric.domain.tpp-experiments_numeric.architecture_2.tpp_mcts-2026-08-31T19:48:19.979433/P[domain,pfile1,pfile2,pfile4]-S[0.0003,50,enhsp-hadd-astar]-MO[]-T[518400]-04921382-17cc32a/snapshots/snapshot_90_1.0000",20755759,90,preserve3_terminal_tpp_on_learning_curve,COMPLETED,/home/hersco/training_new_domains/2026-08-31/preserve3_terminal_tpp_stage2/20755759_Re-Tr_tpp_tpp_mcts_orig_vh_e.5_c.1_s1510771779_K0_P3TERMS2A10_src20523026.txt
preserve3-term-tpp-on-1510771779-a10-policy-e0095,policy_eval,tpp,on,1510771779,stage2,ready,hadd-astar,"/home/hersco/bershco-nu-asnets/numeric-asnets/asnets/experiment-results/experiments_numeric.domain.tpp-experiments_numeric.architecture_2.tpp_mcts-2026-08-31T19:48:19.979433/P[domain,pfile1,pfile2,pfile4]-S[0.0003,50,enhsp-hadd-astar]-MO[]-T[518400]-04921382-17cc32a/snapshots/snapshot_95_0.7500",20755759,95,preserve3_terminal_tpp_on_learning_curve,COMPLETED,/home/hersco/training_new_domains/2026-08-31/preserve3_terminal_tpp_stage2/20755759_Re-Tr_tpp_tpp_mcts_orig_vh_e.5_c.1_s1510771779_K0_P3TERMS2A10_src20523026.txt
preserve3-term-tpp-on-1510771779-a10-policy-e0099,policy_eval,tpp,on,1510771779,stage2,ready,hadd-astar,"/home/hersco/bershco-nu-asnets/numeric-asnets/asnets/experiment-results/experiments_numeric.domain.tpp-experiments_numeric.architecture_2.tpp_mcts-2026-08-31T19:48:19.979433/P[domain,pfile1,pfile2,pfile4]-S[0.0003,50,enhsp-hadd-astar]-MO[]-T[518400]-04921382-17cc32a/snapshots/snapshot_99_1.0000",20755759,99,preserve3_terminal_tpp_on_learning_curve;preserve3_terminal_tpp_on_final_policy,COMPLETED,/home/hersco/training_new_domains/2026-08-31/preserve3_terminal_tpp_stage2/20755759_Re-Tr_tpp_tpp_mcts_orig_vh_e.5_c.1_s1510771779_K0_P3TERMS2A10_src20523026.txt
preserve3-term-tpp-on-1963100312-a10-policy-e0000,policy_eval,tpp,on,1963100312,stage2,ready,hadd-astar,"/home/hersco/bershco-nu-asnets/numeric-asnets/asnets/experiment-results/experiments_numeric.domain.tpp-experiments_numeric.architecture_2.tpp_mcts-2026-08-31T21:03:31.902774/P[domain,pfile1,pfile2,pfile4]-S[0.0003,50,enhsp-hadd-astar]-MO[]-T[518400]-04921457-2fc32f3/snapshots/snapshot_0_1.0000",20755760,0,preserve3_terminal_tpp_on_learning_curve,COMPLETED,/home/hersco/training_new_domains/2026-08-31/preserve3_terminal_tpp_stage2/20755760_Re-Tr_tpp_tpp_mcts_orig_vh_e.5_c.1_s1963100312_K0_P3TERMS2A10_src20523005.txt
preserve3-term-tpp-on-1963100312-a10-policy-e0005,policy_eval,tpp,on,1963100312,stage2,ready,hadd-astar,"/home/hersco/bershco-nu-asnets/numeric-asnets/asnets/experiment-results/experiments_numeric.domain.tpp-experiments_numeric.architecture_2.tpp_mcts-2026-08-31T21:03:31.902774/P[domain,pfile1,pfile2,pfile4]-S[0.0003,50,enhsp-hadd-astar]-MO[]-T[518400]-04921457-2fc32f3/snapshots/snapshot_5_0.7500",20755760,5,preserve3_terminal_tpp_on_learning_curve,COMPLETED,/home/hersco/training_new_domains/2026-08-31/preserve3_terminal_tpp_stage2/20755760_Re-Tr_tpp_tpp_mcts_orig_vh_e.5_c.1_s1963100312_K0_P3TERMS2A10_src20523005.txt
preserve3-term-tpp-on-1963100312-a10-policy-e0007,policy_eval,tpp,on,1963100312,stage2,ready,hadd-astar,"/home/hersco/bershco-nu-asnets/numeric-asnets/asnets/experiment-results/experiments_numeric.domain.tpp-experiments_numeric.architecture_2.tpp_mcts-2026-08-31T21:03:31.902774/P[domain,pfile1,pfile2,pfile4]-S[0.0003,50,enhsp-hadd-astar]-MO[]-T[518400]-04921457-2fc32f3/snapshots/snapshot_7_0.7500",20755760,7,preserve3_terminal_tpp_on_learning_curve;preserve3_terminal_tpp_on_validation_selected_policy,COMPLETED,/home/hersco/training_new_domains/2026-08-31/preserve3_terminal_tpp_stage2/20755760_Re-Tr_tpp_tpp_mcts_orig_vh_e.5_c.1_s1963100312_K0_P3TERMS2A10_src20523005.txt
preserve3-term-tpp-on-1963100312-a10-policy-e0010,policy_eval,tpp,on,1963100312,stage2,ready,hadd-astar,"/home/hersco/bershco-nu-asnets/numeric-asnets/asnets/experiment-results/experiments_numeric.domain.tpp-experiments_numeric.architecture_2.tpp_mcts-2026-08-31T21:03:31.902774/P[domain,pfile1,pfile2,pfile4]-S[0.0003,50,enhsp-hadd-astar]-MO[]-T[518400]-04921457-2fc32f3/snapshots/snapshot_10_0.7500",20755760,10,preserve3_terminal_tpp_on_learning_curve,COMPLETED,/home/hersco/training_new_domains/2026-08-31/preserve3_terminal_tpp_stage2/20755760_Re-Tr_tpp_tpp_mcts_orig_vh_e.5_c.1_s1963100312_K0_P3TERMS2A10_src20523005.txt
preserve3-term-tpp-on-1963100312-a10-policy-e0015,policy_eval,tpp,on,1963100312,stage2,ready,hadd-astar,"/home/hersco/bershco-nu-asnets/numeric-asnets/asnets/experiment-results/experiments_numeric.domain.tpp-experiments_numeric.architecture_2.tpp_mcts-2026-08-31T21:03:31.902774/P[domain,pfile1,pfile2,pfile4]-S[0.0003,50,enhsp-hadd-astar]-MO[]-T[518400]-04921457-2fc32f3/snapshots/snapshot_15_0.7500",20755760,15,preserve3_terminal_tpp_on_learning_curve,COMPLETED,/home/hersco/training_new_domains/2026-08-31/preserve3_terminal_tpp_stage2/20755760_Re-Tr_tpp_tpp_mcts_orig_vh_e.5_c.1_s1963100312_K0_P3TERMS2A10_src20523005.txt
preserve3-term-tpp-on-1963100312-a10-policy-e0020,policy_eval,tpp,on,1963100312,stage2,ready,hadd-astar,"/home/hersco/bershco-nu-asnets/numeric-asnets/asnets/experiment-results/experiments_numeric.domain.tpp-experiments_numeric.architecture_2.tpp_mcts-2026-08-31T21:03:31.902774/P[domain,pfile1,pfile2,pfile4]-S[0.0003,50,enhsp-hadd-astar]-MO[]-T[518400]-04921457-2fc32f3/snapshots/snapshot_20_0.7500",20755760,20,preserve3_terminal_tpp_on_learning_curve,COMPLETED,/home/hersco/training_new_domains/2026-08-31/preserve3_terminal_tpp_stage2/20755760_Re-Tr_tpp_tpp_mcts_orig_vh_e.5_c.1_s1963100312_K0_P3TERMS2A10_src20523005.txt
preserve3-term-tpp-on-1963100312-a10-policy-e0025,policy_eval,tpp,on,1963100312,stage2,ready,hadd-astar,"/home/hersco/bershco-nu-asnets/numeric-asnets/asnets/experiment-results/experiments_numeric.domain.tpp-experiments_numeric.architecture_2.tpp_mcts-2026-08-31T21:03:31.902774/P[domain,pfile1,pfile2,pfile4]-S[0.0003,50,enhsp-hadd-astar]-MO[]-T[518400]-04921457-2fc32f3/snapshots/snapshot_25_1.0000",20755760,25,preserve3_terminal_tpp_on_learning_curve,COMPLETED,/home/hersco/training_new_domains/2026-08-31/preserve3_terminal_tpp_stage2/20755760_Re-Tr_tpp_tpp_mcts_orig_vh_e.5_c.1_s1963100312_K0_P3TERMS2A10_src20523005.txt
preserve3-term-tpp-on-1963100312-a10-policy-e0030,policy_eval,tpp,on,1963100312,stage2,ready,hadd-astar,"/home/hersco/bershco-nu-asnets/numeric-asnets/asnets/experiment-results/experiments_numeric.domain.tpp-experiments_numeric.architecture_2.tpp_mcts-2026-08-31T21:03:31.902774/P[domain,pfile1,pfile2,pfile4]-S[0.0003,50,enhsp-hadd-astar]-MO[]-T[518400]-04921457-2fc32f3/snapshots/snapshot_30_0.7500",20755760,30,preserve3_terminal_tpp_on_learning_curve,COMPLETED,/home/hersco/training_new_domains/2026-08-31/preserve3_terminal_tpp_stage2/20755760_Re-Tr_tpp_tpp_mcts_orig_vh_e.5_c.1_s1963100312_K0_P3TERMS2A10_src20523005.txt
preserve3-term-tpp-on-1963100312-a10-policy-e0035,policy_eval,tpp,on,1963100312,stage2,ready,hadd-astar,"/home/hersco/bershco-nu-asnets/numeric-asnets/asnets/experiment-results/experiments_numeric.domain.tpp-experiments_numeric.architecture_2.tpp_mcts-2026-08-31T21:03:31.902774/P[domain,pfile1,pfile2,pfile4]-S[0.0003,50,enhsp-hadd-astar]-MO[]-T[518400]-04921457-2fc32f3/snapshots/snapshot_35_0.7500",20755760,35,preserve3_terminal_tpp_on_learning_curve,COMPLETED,/home/hersco/training_new_domains/2026-08-31/preserve3_terminal_tpp_stage2/20755760_Re-Tr_tpp_tpp_mcts_orig_vh_e.5_c.1_s1963100312_K0_P3TERMS2A10_src20523005.txt
preserve3-term-tpp-on-1963100312-a10-policy-e0040,policy_eval,tpp,on,1963100312,stage2,ready,hadd-astar,"/home/hersco/bershco-nu-asnets/numeric-asnets/asnets/experiment-results/experiments_numeric.domain.tpp-experiments_numeric.architecture_2.tpp_mcts-2026-08-31T21:03:31.902774/P[domain,pfile1,pfile2,pfile4]-S[0.0003,50,enhsp-hadd-astar]-MO[]-T[518400]-04921457-2fc32f3/snapshots/snapshot_40_1.0000",20755760,40,preserve3_terminal_tpp_on_learning_curve,COMPLETED,/home/hersco/training_new_domains/2026-08-31/preserve3_terminal_tpp_stage2/20755760_Re-Tr_tpp_tpp_mcts_orig_vh_e.5_c.1_s1963100312_K0_P3TERMS2A10_src20523005.txt
preserve3-term-tpp-on-1963100312-a10-policy-e0045,policy_eval,tpp,on,1963100312,stage2,ready,hadd-astar,"/home/hersco/bershco-nu-asnets/numeric-asnets/asnets/experiment-results/experiments_numeric.domain.tpp-experiments_numeric.architecture_2.tpp_mcts-2026-08-31T21:03:31.902774/P[domain,pfile1,pfile2,pfile4]-S[0.0003,50,enhsp-hadd-astar]-MO[]-T[518400]-04921457-2fc32f3/snapshots/snapshot_45_1.0000",20755760,45,preserve3_terminal_tpp_on_learning_curve,COMPLETED,/home/hersco/training_new_domains/2026-08-31/preserve3_terminal_tpp_stage2/20755760_Re-Tr_tpp_tpp_mcts_orig_vh_e.5_c.1_s1963100312_K0_P3TERMS2A10_src20523005.txt
preserve3-term-tpp-on-1963100312-a10-policy-e0050,policy_eval,tpp,on,1963100312,stage2,ready,hadd-astar,"/home/hersco/bershco-nu-asnets/numeric-asnets/asnets/experiment-results/experiments_numeric.domain.tpp-experiments_numeric.architecture_2.tpp_mcts-2026-08-31T21:03:31.902774/P[domain,pfile1,pfile2,pfile4]-S[0.0003,50,enhsp-hadd-astar]-MO[]-T[518400]-04921457-2fc32f3/snapshots/snapshot_50_1.0000",20755760,50,preserve3_terminal_tpp_on_learning_curve,COMPLETED,/home/hersco/training_new_domains/2026-08-31/preserve3_terminal_tpp_stage2/20755760_Re-Tr_tpp_tpp_mcts_orig_vh_e.5_c.1_s1963100312_K0_P3TERMS2A10_src20523005.txt
preserve3-term-tpp-on-1963100312-a10-policy-e0055,policy_eval,tpp,on,1963100312,stage2,ready,hadd-astar,"/home/hersco/bershco-nu-asnets/numeric-asnets/asnets/experiment-results/experiments_numeric.domain.tpp-experiments_numeric.architecture_2.tpp_mcts-2026-08-31T21:03:31.902774/P[domain,pfile1,pfile2,pfile4]-S[0.0003,50,enhsp-hadd-astar]-MO[]-T[518400]-04921457-2fc32f3/snapshots/snapshot_55_0.7500",20755760,55,preserve3_terminal_tpp_on_learning_curve,COMPLETED,/home/hersco/training_new_domains/2026-08-31/preserve3_terminal_tpp_stage2/20755760_Re-Tr_tpp_tpp_mcts_orig_vh_e.5_c.1_s1963100312_K0_P3TERMS2A10_src20523005.txt
preserve3-term-tpp-on-1963100312-a10-policy-e0060,policy_eval,tpp,on,1963100312,stage2,ready,hadd-astar,"/home/hersco/bershco-nu-asnets/numeric-asnets/asnets/experiment-results/experiments_numeric.domain.tpp-experiments_numeric.architecture_2.tpp_mcts-2026-08-31T21:03:31.902774/P[domain,pfile1,pfile2,pfile4]-S[0.0003,50,enhsp-hadd-astar]-MO[]-T[518400]-04921457-2fc32f3/snapshots/snapshot_60_0.7500",20755760,60,preserve3_terminal_tpp_on_learning_curve,COMPLETED,/home/hersco/training_new_domains/2026-08-31/preserve3_terminal_tpp_stage2/20755760_Re-Tr_tpp_tpp_mcts_orig_vh_e.5_c.1_s1963100312_K0_P3TERMS2A10_src20523005.txt
preserve3-term-tpp-on-1963100312-a10-policy-e0065,policy_eval,tpp,on,1963100312,stage2,ready,hadd-astar,"/home/hersco/bershco-nu-asnets/numeric-asnets/asnets/experiment-results/experiments_numeric.domain.tpp-experiments_numeric.architecture_2.tpp_mcts-2026-08-31T21:03:31.902774/P[domain,pfile1,pfile2,pfile4]-S[0.0003,50,enhsp-hadd-astar]-MO[]-T[518400]-04921457-2fc32f3/snapshots/snapshot_65_0.7500",20755760,65,preserve3_terminal_tpp_on_learning_curve,COMPLETED,/home/hersco/training_new_domains/2026-08-31/preserve3_terminal_tpp_stage2/20755760_Re-Tr_tpp_tpp_mcts_orig_vh_e.5_c.1_s1963100312_K0_P3TERMS2A10_src20523005.txt
preserve3-term-tpp-on-1963100312-a10-policy-e0070,policy_eval,tpp,on,1963100312,stage2,ready,hadd-astar,"/home/hersco/bershco-nu-asnets/numeric-asnets/asnets/experiment-results/experiments_numeric.domain.tpp-experiments_numeric.architecture_2.tpp_mcts-2026-08-31T21:03:31.902774/P[domain,pfile1,pfile2,pfile4]-S[0.0003,50,enhsp-hadd-astar]-MO[]-T[518400]-04921457-2fc32f3/snapshots/snapshot_70_0.7500",20755760,70,preserve3_terminal_tpp_on_learning_curve,COMPLETED,/home/hersco/training_new_domains/2026-08-31/preserve3_terminal_tpp_stage2/20755760_Re-Tr_tpp_tpp_mcts_orig_vh_e.5_c.1_s1963100312_K0_P3TERMS2A10_src20523005.txt
preserve3-term-tpp-on-1963100312-a10-policy-e0075,policy_eval,tpp,on,1963100312,stage2,ready,hadd-astar,"/home/hersco/bershco-nu-asnets/numeric-asnets/asnets/experiment-results/experiments_numeric.domain.tpp-experiments_numeric.architecture_2.tpp_mcts-2026-08-31T21:03:31.902774/P[domain,pfile1,pfile2,pfile4]-S[0.0003,50,enhsp-hadd-astar]-MO[]-T[518400]-04921457-2fc32f3/snapshots/snapshot_75_0.7500",20755760,75,preserve3_terminal_tpp_on_learning_curve,COMPLETED,/home/hersco/training_new_domains/2026-08-31/preserve3_terminal_tpp_stage2/20755760_Re-Tr_tpp_tpp_mcts_orig_vh_e.5_c.1_s1963100312_K0_P3TERMS2A10_src20523005.txt
preserve3-term-tpp-on-1963100312-a10-policy-e0080,policy_eval,tpp,on,1963100312,stage2,ready,hadd-astar,"/home/hersco/bershco-nu-asnets/numeric-asnets/asnets/experiment-results/experiments_numeric.domain.tpp-experiments_numeric.architecture_2.tpp_mcts-2026-08-31T21:03:31.902774/P[domain,pfile1,pfile2,pfile4]-S[0.0003,50,enhsp-hadd-astar]-MO[]-T[518400]-04921457-2fc32f3/snapshots/snapshot_80_1.0000",20755760,80,preserve3_terminal_tpp_on_learning_curve,COMPLETED,/home/hersco/training_new_domains/2026-08-31/preserve3_terminal_tpp_stage2/20755760_Re-Tr_tpp_tpp_mcts_orig_vh_e.5_c.1_s1963100312_K0_P3TERMS2A10_src20523005.txt
preserve3-term-tpp-on-1963100312-a10-policy-e0085,policy_eval,tpp,on,1963100312,stage2,ready,hadd-astar,"/home/hersco/bershco-nu-asnets/numeric-asnets/asnets/experiment-results/experiments_numeric.domain.tpp-experiments_numeric.architecture_2.tpp_mcts-2026-08-31T21:03:31.902774/P[domain,pfile1,pfile2,pfile4]-S[0.0003,50,enhsp-hadd-astar]-MO[]-T[518400]-04921457-2fc32f3/snapshots/snapshot_85_0.7500",20755760,85,preserve3_terminal_tpp_on_learning_curve,COMPLETED,/home/hersco/training_new_domains/2026-08-31/preserve3_terminal_tpp_stage2/20755760_Re-Tr_tpp_tpp_mcts_orig_vh_e.5_c.1_s1963100312_K0_P3TERMS2A10_src20523005.txt
preserve3-term-tpp-on-1963100312-a10-policy-e0090,policy_eval,tpp,on,1963100312,stage2,ready,hadd-astar,"/home/hersco/bershco-nu-asnets/numeric-asnets/asnets/experiment-results/experiments_numeric.domain.tpp-experiments_numeric.architecture_2.tpp_mcts-2026-08-31T21:03:31.902774/P[domain,pfile1,pfile2,pfile4]-S[0.0003,50,enhsp-hadd-astar]-MO[]-T[518400]-04921457-2fc32f3/snapshots/snapshot_90_0.7500",20755760,90,preserve3_terminal_tpp_on_learning_curve,COMPLETED,/home/hersco/training_new_domains/2026-08-31/preserve3_terminal_tpp_stage2/20755760_Re-Tr_tpp_tpp_mcts_orig_vh_e.5_c.1_s1963100312_K0_P3TERMS2A10_src20523005.txt
preserve3-term-tpp-on-1963100312-a10-policy-e0095,policy_eval,tpp,on,1963100312,stage2,ready,hadd-astar,"/home/hersco/bershco-nu-asnets/numeric-asnets/asnets/experiment-results/experiments_numeric.domain.tpp-experiments_numeric.architecture_2.tpp_mcts-2026-08-31T21:03:31.902774/P[domain,pfile1,pfile2,pfile4]-S[0.0003,50,enhsp-hadd-astar]-MO[]-T[518400]-04921457-2fc32f3/snapshots/snapshot_95_0.7500",20755760,95,preserve3_terminal_tpp_on_learning_curve,COMPLETED,/home/hersco/training_new_domains/2026-08-31/preserve3_terminal_tpp_stage2/20755760_Re-Tr_tpp_tpp_mcts_orig_vh_e.5_c.1_s1963100312_K0_P3TERMS2A10_src20523005.txt
preserve3-term-tpp-on-1963100312-a10-policy-e0099,policy_eval,tpp,on,1963100312,stage2,ready,hadd-astar,"/home/hersco/bershco-nu-asnets/numeric-asnets/asnets/experiment-results/experiments_numeric.domain.tpp-experiments_numeric.architecture_2.tpp_mcts-2026-08-31T21:03:31.902774/P[domain,pfile1,pfile2,pfile4]-S[0.0003,50,enhsp-hadd-astar]-MO[]-T[518400]-04921457-2fc32f3/snapshots/snapshot_99_0.7500",20755760,99,preserve3_terminal_tpp_on_learning_curve;preserve3_terminal_tpp_on_final_policy,COMPLETED,/home/hersco/training_new_domains/2026-08-31/preserve3_terminal_tpp_stage2/20755760_Re-Tr_tpp_tpp_mcts_orig_vh_e.5_c.1_s1963100312_K0_P3TERMS2A10_src20523005.txt
preserve3-term-tpp-on-1972442430-a10-policy-e0000,policy_eval,tpp,on,1972442430,stage2,ready,hadd-astar,"/home/hersco/bershco-nu-asnets/numeric-asnets/asnets/experiment-results/experiments_numeric.domain.tpp-experiments_numeric.architecture_2.tpp_mcts-2026-08-31T21:03:31.902740/P[domain,pfile1,pfile2,pfile4]-S[0.0003,50,enhsp-hadd-astar]-MO[]-T[518400]-04921457-72aea46/snapshots/snapshot_0_1.0000",20755761,0,preserve3_terminal_tpp_on_learning_curve,COMPLETED,/home/hersco/training_new_domains/2026-08-31/preserve3_terminal_tpp_stage2/20755761_Re-Tr_tpp_tpp_mcts_orig_vh_e.5_c.1_s1972442430_K0_P3TERMS2A10_src20523032.txt
preserve3-term-tpp-on-1972442430-a10-policy-e0005,policy_eval,tpp,on,1972442430,stage2,ready,hadd-astar,"/home/hersco/bershco-nu-asnets/numeric-asnets/asnets/experiment-results/experiments_numeric.domain.tpp-experiments_numeric.architecture_2.tpp_mcts-2026-08-31T21:03:31.902740/P[domain,pfile1,pfile2,pfile4]-S[0.0003,50,enhsp-hadd-astar]-MO[]-T[518400]-04921457-72aea46/snapshots/snapshot_5_1.0000",20755761,5,preserve3_terminal_tpp_on_learning_curve,COMPLETED,/home/hersco/training_new_domains/2026-08-31/preserve3_terminal_tpp_stage2/20755761_Re-Tr_tpp_tpp_mcts_orig_vh_e.5_c.1_s1972442430_K0_P3TERMS2A10_src20523032.txt
preserve3-term-tpp-on-1972442430-a10-policy-e0010,policy_eval,tpp,on,1972442430,stage2,ready,hadd-astar,"/home/hersco/bershco-nu-asnets/numeric-asnets/asnets/experiment-results/experiments_numeric.domain.tpp-experiments_numeric.architecture_2.tpp_mcts-2026-08-31T21:03:31.902740/P[domain,pfile1,pfile2,pfile4]-S[0.0003,50,enhsp-hadd-astar]-MO[]-T[518400]-04921457-72aea46/snapshots/snapshot_10_0.7500",20755761,10,preserve3_terminal_tpp_on_learning_curve,COMPLETED,/home/hersco/training_new_domains/2026-08-31/preserve3_terminal_tpp_stage2/20755761_Re-Tr_tpp_tpp_mcts_orig_vh_e.5_c.1_s1972442430_K0_P3TERMS2A10_src20523032.txt
preserve3-term-tpp-on-1972442430-a10-policy-e0015,policy_eval,tpp,on,1972442430,stage2,ready,hadd-astar,"/home/hersco/bershco-nu-asnets/numeric-asnets/asnets/experiment-results/experiments_numeric.domain.tpp-experiments_numeric.architecture_2.tpp_mcts-2026-08-31T21:03:31.902740/P[domain,pfile1,pfile2,pfile4]-S[0.0003,50,enhsp-hadd-astar]-MO[]-T[518400]-04921457-72aea46/snapshots/snapshot_15_0.7500",20755761,15,preserve3_terminal_tpp_on_learning_curve,COMPLETED,/home/hersco/training_new_domains/2026-08-31/preserve3_terminal_tpp_stage2/20755761_Re-Tr_tpp_tpp_mcts_orig_vh_e.5_c.1_s1972442430_K0_P3TERMS2A10_src20523032.txt
preserve3-term-tpp-on-1972442430-a10-policy-e0020,policy_eval,tpp,on,1972442430,stage2,ready,hadd-astar,"/home/hersco/bershco-nu-asnets/numeric-asnets/asnets/experiment-results/experiments_numeric.domain.tpp-experiments_numeric.architecture_2.tpp_mcts-2026-08-31T21:03:31.902740/P[domain,pfile1,pfile2,pfile4]-S[0.0003,50,enhsp-hadd-astar]-MO[]-T[518400]-04921457-72aea46/snapshots/snapshot_20_0.7500",20755761,20,preserve3_terminal_tpp_on_learning_curve,COMPLETED,/home/hersco/training_new_domains/2026-08-31/preserve3_terminal_tpp_stage2/20755761_Re-Tr_tpp_tpp_mcts_orig_vh_e.5_c.1_s1972442430_K0_P3TERMS2A10_src20523032.txt
preserve3-term-tpp-on-1972442430-a10-policy-e0025,policy_eval,tpp,on,1972442430,stage2,ready,hadd-astar,"/home/hersco/bershco-nu-asnets/numeric-asnets/asnets/experiment-results/experiments_numeric.domain.tpp-experiments_numeric.architecture_2.tpp_mcts-2026-08-31T21:03:31.902740/P[domain,pfile1,pfile2,pfile4]-S[0.0003,50,enhsp-hadd-astar]-MO[]-T[518400]-04921457-72aea46/snapshots/snapshot_25_0.7500",20755761,25,preserve3_terminal_tpp_on_learning_curve,COMPLETED,/home/hersco/training_new_domains/2026-08-31/preserve3_terminal_tpp_stage2/20755761_Re-Tr_tpp_tpp_mcts_orig_vh_e.5_c.1_s1972442430_K0_P3TERMS2A10_src20523032.txt
preserve3-term-tpp-on-1972442430-a10-policy-e0030,policy_eval,tpp,on,1972442430,stage2,ready,hadd-astar,"/home/hersco/bershco-nu-asnets/numeric-asnets/asnets/experiment-results/experiments_numeric.domain.tpp-experiments_numeric.architecture_2.tpp_mcts-2026-08-31T21:03:31.902740/P[domain,pfile1,pfile2,pfile4]-S[0.0003,50,enhsp-hadd-astar]-MO[]-T[518400]-04921457-72aea46/snapshots/snapshot_30_0.7500",20755761,30,preserve3_terminal_tpp_on_learning_curve,COMPLETED,/home/hersco/training_new_domains/2026-08-31/preserve3_terminal_tpp_stage2/20755761_Re-Tr_tpp_tpp_mcts_orig_vh_e.5_c.1_s1972442430_K0_P3TERMS2A10_src20523032.txt
preserve3-term-tpp-on-1972442430-a10-policy-e0035,policy_eval,tpp,on,1972442430,stage2,ready,hadd-astar,"/home/hersco/bershco-nu-asnets/numeric-asnets/asnets/experiment-results/experiments_numeric.domain.tpp-experiments_numeric.architecture_2.tpp_mcts-2026-08-31T21:03:31.902740/P[domain,pfile1,pfile2,pfile4]-S[0.0003,50,enhsp-hadd-astar]-MO[]-T[518400]-04921457-72aea46/snapshots/snapshot_35_0.7500",20755761,35,preserve3_terminal_tpp_on_learning_curve,COMPLETED,/home/hersco/training_new_domains/2026-08-31/preserve3_terminal_tpp_stage2/20755761_Re-Tr_tpp_tpp_mcts_orig_vh_e.5_c.1_s1972442430_K0_P3TERMS2A10_src20523032.txt
preserve3-term-tpp-on-1972442430-a10-policy-e0040,policy_eval,tpp,on,1972442430,stage2,ready,hadd-astar,"/home/hersco/bershco-nu-asnets/numeric-asnets/asnets/experiment-results/experiments_numeric.domain.tpp-experiments_numeric.architecture_2.tpp_mcts-2026-08-31T21:03:31.902740/P[domain,pfile1,pfile2,pfile4]-S[0.0003,50,enhsp-hadd-astar]-MO[]-T[518400]-04921457-72aea46/snapshots/snapshot_40_0.7500",20755761,40,preserve3_terminal_tpp_on_learning_curve,COMPLETED,/home/hersco/training_new_domains/2026-08-31/preserve3_terminal_tpp_stage2/20755761_Re-Tr_tpp_tpp_mcts_orig_vh_e.5_c.1_s1972442430_K0_P3TERMS2A10_src20523032.txt
preserve3-term-tpp-on-1972442430-a10-policy-e0045,policy_eval,tpp,on,1972442430,stage2,ready,hadd-astar,"/home/hersco/bershco-nu-asnets/numeric-asnets/asnets/experiment-results/experiments_numeric.domain.tpp-experiments_numeric.architecture_2.tpp_mcts-2026-08-31T21:03:31.902740/P[domain,pfile1,pfile2,pfile4]-S[0.0003,50,enhsp-hadd-astar]-MO[]-T[518400]-04921457-72aea46/snapshots/snapshot_45_0.7500",20755761,45,preserve3_terminal_tpp_on_learning_curve,COMPLETED,/home/hersco/training_new_domains/2026-08-31/preserve3_terminal_tpp_stage2/20755761_Re-Tr_tpp_tpp_mcts_orig_vh_e.5_c.1_s1972442430_K0_P3TERMS2A10_src20523032.txt
preserve3-term-tpp-on-1972442430-a10-policy-e0050,policy_eval,tpp,on,1972442430,stage2,ready,hadd-astar,"/home/hersco/bershco-nu-asnets/numeric-asnets/asnets/experiment-results/experiments_numeric.domain.tpp-experiments_numeric.architecture_2.tpp_mcts-2026-08-31T21:03:31.902740/P[domain,pfile1,pfile2,pfile4]-S[0.0003,50,enhsp-hadd-astar]-MO[]-T[518400]-04921457-72aea46/snapshots/snapshot_50_0.7500",20755761,50,preserve3_terminal_tpp_on_learning_curve,COMPLETED,/home/hersco/training_new_domains/2026-08-31/preserve3_terminal_tpp_stage2/20755761_Re-Tr_tpp_tpp_mcts_orig_vh_e.5_c.1_s1972442430_K0_P3TERMS2A10_src20523032.txt
preserve3-term-tpp-on-1972442430-a10-policy-e0055,policy_eval,tpp,on,1972442430,stage2,ready,hadd-astar,"/home/hersco/bershco-nu-asnets/numeric-asnets/asnets/experiment-results/experiments_numeric.domain.tpp-experiments_numeric.architecture_2.tpp_mcts-2026-08-31T21:03:31.902740/P[domain,pfile1,pfile2,pfile4]-S[0.0003,50,enhsp-hadd-astar]-MO[]-T[518400]-04921457-72aea46/snapshots/snapshot_55_0.7500",20755761,55,preserve3_terminal_tpp_on_learning_curve,COMPLETED,/home/hersco/training_new_domains/2026-08-31/preserve3_terminal_tpp_stage2/20755761_Re-Tr_tpp_tpp_mcts_orig_vh_e.5_c.1_s1972442430_K0_P3TERMS2A10_src20523032.txt
preserve3-term-tpp-on-1972442430-a10-policy-e0060,policy_eval,tpp,on,1972442430,stage2,ready,hadd-astar,"/home/hersco/bershco-nu-asnets/numeric-asnets/asnets/experiment-results/experiments_numeric.domain.tpp-experiments_numeric.architecture_2.tpp_mcts-2026-08-31T21:03:31.902740/P[domain,pfile1,pfile2,pfile4]-S[0.0003,50,enhsp-hadd-astar]-MO[]-T[518400]-04921457-72aea46/snapshots/snapshot_60_0.7500",20755761,60,preserve3_terminal_tpp_on_learning_curve,COMPLETED,/home/hersco/training_new_domains/2026-08-31/preserve3_terminal_tpp_stage2/20755761_Re-Tr_tpp_tpp_mcts_orig_vh_e.5_c.1_s1972442430_K0_P3TERMS2A10_src20523032.txt
preserve3-term-tpp-on-1972442430-a10-policy-e0063,policy_eval,tpp,on,1972442430,stage2,ready,hadd-astar,"/home/hersco/bershco-nu-asnets/numeric-asnets/asnets/experiment-results/experiments_numeric.domain.tpp-experiments_numeric.architecture_2.tpp_mcts-2026-08-31T21:03:31.902740/P[domain,pfile1,pfile2,pfile4]-S[0.0003,50,enhsp-hadd-astar]-MO[]-T[518400]-04921457-72aea46/snapshots/snapshot_63_0.7500",20755761,63,preserve3_terminal_tpp_on_learning_curve;preserve3_terminal_tpp_on_validation_selected_policy,COMPLETED,/home/hersco/training_new_domains/2026-08-31/preserve3_terminal_tpp_stage2/20755761_Re-Tr_tpp_tpp_mcts_orig_vh_e.5_c.1_s1972442430_K0_P3TERMS2A10_src20523032.txt
preserve3-term-tpp-on-1972442430-a10-policy-e0065,policy_eval,tpp,on,1972442430,stage2,ready,hadd-astar,"/home/hersco/bershco-nu-asnets/numeric-asnets/asnets/experiment-results/experiments_numeric.domain.tpp-experiments_numeric.architecture_2.tpp_mcts-2026-08-31T21:03:31.902740/P[domain,pfile1,pfile2,pfile4]-S[0.0003,50,enhsp-hadd-astar]-MO[]-T[518400]-04921457-72aea46/snapshots/snapshot_65_0.7500",20755761,65,preserve3_terminal_tpp_on_learning_curve,COMPLETED,/home/hersco/training_new_domains/2026-08-31/preserve3_terminal_tpp_stage2/20755761_Re-Tr_tpp_tpp_mcts_orig_vh_e.5_c.1_s1972442430_K0_P3TERMS2A10_src20523032.txt
preserve3-term-tpp-on-1972442430-a10-policy-e0070,policy_eval,tpp,on,1972442430,stage2,ready,hadd-astar,"/home/hersco/bershco-nu-asnets/numeric-asnets/asnets/experiment-results/experiments_numeric.domain.tpp-experiments_numeric.architecture_2.tpp_mcts-2026-08-31T21:03:31.902740/P[domain,pfile1,pfile2,pfile4]-S[0.0003,50,enhsp-hadd-astar]-MO[]-T[518400]-04921457-72aea46/snapshots/snapshot_70_0.7500",20755761,70,preserve3_terminal_tpp_on_learning_curve,COMPLETED,/home/hersco/training_new_domains/2026-08-31/preserve3_terminal_tpp_stage2/20755761_Re-Tr_tpp_tpp_mcts_orig_vh_e.5_c.1_s1972442430_K0_P3TERMS2A10_src20523032.txt
preserve3-term-tpp-on-1972442430-a10-policy-e0075,policy_eval,tpp,on,1972442430,stage2,ready,hadd-astar,"/home/hersco/bershco-nu-asnets/numeric-asnets/asnets/experiment-results/experiments_numeric.domain.tpp-experiments_numeric.architecture_2.tpp_mcts-2026-08-31T21:03:31.902740/P[domain,pfile1,pfile2,pfile4]-S[0.0003,50,enhsp-hadd-astar]-MO[]-T[518400]-04921457-72aea46/snapshots/snapshot_75_0.7500",20755761,75,preserve3_terminal_tpp_on_learning_curve,COMPLETED,/home/hersco/training_new_domains/2026-08-31/preserve3_terminal_tpp_stage2/20755761_Re-Tr_tpp_tpp_mcts_orig_vh_e.5_c.1_s1972442430_K0_P3TERMS2A10_src20523032.txt
preserve3-term-tpp-on-1972442430-a10-policy-e0080,policy_eval,tpp,on,1972442430,stage2,ready,hadd-astar,"/home/hersco/bershco-nu-asnets/numeric-asnets/asnets/experiment-results/experiments_numeric.domain.tpp-experiments_numeric.architecture_2.tpp_mcts-2026-08-31T21:03:31.902740/P[domain,pfile1,pfile2,pfile4]-S[0.0003,50,enhsp-hadd-astar]-MO[]-T[518400]-04921457-72aea46/snapshots/snapshot_80_0.7500",20755761,80,preserve3_terminal_tpp_on_learning_curve,COMPLETED,/home/hersco/training_new_domains/2026-08-31/preserve3_terminal_tpp_stage2/20755761_Re-Tr_tpp_tpp_mcts_orig_vh_e.5_c.1_s1972442430_K0_P3TERMS2A10_src20523032.txt
preserve3-term-tpp-on-1972442430-a10-policy-e0085,policy_eval,tpp,on,1972442430,stage2,ready,hadd-astar,"/home/hersco/bershco-nu-asnets/numeric-asnets/asnets/experiment-results/experiments_numeric.domain.tpp-experiments_numeric.architecture_2.tpp_mcts-2026-08-31T21:03:31.902740/P[domain,pfile1,pfile2,pfile4]-S[0.0003,50,enhsp-hadd-astar]-MO[]-T[518400]-04921457-72aea46/snapshots/snapshot_85_0.7500",20755761,85,preserve3_terminal_tpp_on_learning_curve,COMPLETED,/home/hersco/training_new_domains/2026-08-31/preserve3_terminal_tpp_stage2/20755761_Re-Tr_tpp_tpp_mcts_orig_vh_e.5_c.1_s1972442430_K0_P3TERMS2A10_src20523032.txt
preserve3-term-tpp-on-1972442430-a10-policy-e0090,policy_eval,tpp,on,1972442430,stage2,ready,hadd-astar,"/home/hersco/bershco-nu-asnets/numeric-asnets/asnets/experiment-results/experiments_numeric.domain.tpp-experiments_numeric.architecture_2.tpp_mcts-2026-08-31T21:03:31.902740/P[domain,pfile1,pfile2,pfile4]-S[0.0003,50,enhsp-hadd-astar]-MO[]-T[518400]-04921457-72aea46/snapshots/snapshot_90_0.7500",20755761,90,preserve3_terminal_tpp_on_learning_curve,COMPLETED,/home/hersco/training_new_domains/2026-08-31/preserve3_terminal_tpp_stage2/20755761_Re-Tr_tpp_tpp_mcts_orig_vh_e.5_c.1_s1972442430_K0_P3TERMS2A10_src20523032.txt
preserve3-term-tpp-on-1972442430-a10-policy-e0095,policy_eval,tpp,on,1972442430,stage2,ready,hadd-astar,"/home/hersco/bershco-nu-asnets/numeric-asnets/asnets/experiment-results/experiments_numeric.domain.tpp-experiments_numeric.architecture_2.tpp_mcts-2026-08-31T21:03:31.902740/P[domain,pfile1,pfile2,pfile4]-S[0.0003,50,enhsp-hadd-astar]-MO[]-T[518400]-04921457-72aea46/snapshots/snapshot_95_0.7500",20755761,95,preserve3_terminal_tpp_on_learning_curve,COMPLETED,/home/hersco/training_new_domains/2026-08-31/preserve3_terminal_tpp_stage2/20755761_Re-Tr_tpp_tpp_mcts_orig_vh_e.5_c.1_s1972442430_K0_P3TERMS2A10_src20523032.txt
preserve3-term-tpp-on-1972442430-a10-policy-e0099,policy_eval,tpp,on,1972442430,stage2,ready,hadd-astar,"/home/hersco/bershco-nu-asnets/numeric-asnets/asnets/experiment-results/experiments_numeric.domain.tpp-experiments_numeric.architecture_2.tpp_mcts-2026-08-31T21:03:31.902740/P[domain,pfile1,pfile2,pfile4]-S[0.0003,50,enhsp-hadd-astar]-MO[]-T[518400]-04921457-72aea46/snapshots/snapshot_99_0.7500",20755761,99,preserve3_terminal_tpp_on_learning_curve;preserve3_terminal_tpp_on_final_policy,COMPLETED,/home/hersco/training_new_domains/2026-08-31/preserve3_terminal_tpp_stage2/20755761_Re-Tr_tpp_tpp_mcts_orig_vh_e.5_c.1_s1972442430_K0_P3TERMS2A10_src20523032.txt
preserve3-term-tpp-on-2011206605-a10-policy-e0000,policy_eval,tpp,on,2011206605,stage2,ready,hadd-astar,"/home/hersco/bershco-nu-asnets/numeric-asnets/asnets/experiment-results/experiments_numeric.domain.tpp-experiments_numeric.architecture_2.tpp_mcts-2026-08-31T21:17:49.668975/P[domain,pfile1,pfile2,pfile4]-S[0.0003,50,enhsp-hadd-astar]-MO[]-T[518400]-04921472-067843/snapshots/snapshot_0_1.0000",20755762,0,preserve3_terminal_tpp_on_learning_curve,COMPLETED,/home/hersco/training_new_domains/2026-08-31/preserve3_terminal_tpp_stage2/20755762_Re-Tr_tpp_tpp_mcts_orig_vh_e.5_c.1_s2011206605_K0_P3TERMS2A10_src20523008.txt
preserve3-term-tpp-on-2011206605-a10-policy-e0005,policy_eval,tpp,on,2011206605,stage2,ready,hadd-astar,"/home/hersco/bershco-nu-asnets/numeric-asnets/asnets/experiment-results/experiments_numeric.domain.tpp-experiments_numeric.architecture_2.tpp_mcts-2026-08-31T21:17:49.668975/P[domain,pfile1,pfile2,pfile4]-S[0.0003,50,enhsp-hadd-astar]-MO[]-T[518400]-04921472-067843/snapshots/snapshot_5_1.0000",20755762,5,preserve3_terminal_tpp_on_learning_curve,COMPLETED,/home/hersco/training_new_domains/2026-08-31/preserve3_terminal_tpp_stage2/20755762_Re-Tr_tpp_tpp_mcts_orig_vh_e.5_c.1_s2011206605_K0_P3TERMS2A10_src20523008.txt
preserve3-term-tpp-on-2011206605-a10-policy-e0010,policy_eval,tpp,on,2011206605,stage2,ready,hadd-astar,"/home/hersco/bershco-nu-asnets/numeric-asnets/asnets/experiment-results/experiments_numeric.domain.tpp-experiments_numeric.architecture_2.tpp_mcts-2026-08-31T21:17:49.668975/P[domain,pfile1,pfile2,pfile4]-S[0.0003,50,enhsp-hadd-astar]-MO[]-T[518400]-04921472-067843/snapshots/snapshot_10_1.0000",20755762,10,preserve3_terminal_tpp_on_learning_curve,COMPLETED,/home/hersco/training_new_domains/2026-08-31/preserve3_terminal_tpp_stage2/20755762_Re-Tr_tpp_tpp_mcts_orig_vh_e.5_c.1_s2011206605_K0_P3TERMS2A10_src20523008.txt
preserve3-term-tpp-on-2011206605-a10-policy-e0015,policy_eval,tpp,on,2011206605,stage2,ready,hadd-astar,"/home/hersco/bershco-nu-asnets/numeric-asnets/asnets/experiment-results/experiments_numeric.domain.tpp-experiments_numeric.architecture_2.tpp_mcts-2026-08-31T21:17:49.668975/P[domain,pfile1,pfile2,pfile4]-S[0.0003,50,enhsp-hadd-astar]-MO[]-T[518400]-04921472-067843/snapshots/snapshot_15_1.0000",20755762,15,preserve3_terminal_tpp_on_learning_curve,COMPLETED,/home/hersco/training_new_domains/2026-08-31/preserve3_terminal_tpp_stage2/20755762_Re-Tr_tpp_tpp_mcts_orig_vh_e.5_c.1_s2011206605_K0_P3TERMS2A10_src20523008.txt
preserve3-term-tpp-on-2011206605-a10-policy-e0020,policy_eval,tpp,on,2011206605,stage2,ready,hadd-astar,"/home/hersco/bershco-nu-asnets/numeric-asnets/asnets/experiment-results/experiments_numeric.domain.tpp-experiments_numeric.architecture_2.tpp_mcts-2026-08-31T21:17:49.668975/P[domain,pfile1,pfile2,pfile4]-S[0.0003,50,enhsp-hadd-astar]-MO[]-T[518400]-04921472-067843/snapshots/snapshot_20_0.7500",20755762,20,preserve3_terminal_tpp_on_learning_curve,COMPLETED,/home/hersco/training_new_domains/2026-08-31/preserve3_terminal_tpp_stage2/20755762_Re-Tr_tpp_tpp_mcts_orig_vh_e.5_c.1_s2011206605_K0_P3TERMS2A10_src20523008.txt
preserve3-term-tpp-on-2011206605-a10-policy-e0025,policy_eval,tpp,on,2011206605,stage2,ready,hadd-astar,"/home/hersco/bershco-nu-asnets/numeric-asnets/asnets/experiment-results/experiments_numeric.domain.tpp-experiments_numeric.architecture_2.tpp_mcts-2026-08-31T21:17:49.668975/P[domain,pfile1,pfile2,pfile4]-S[0.0003,50,enhsp-hadd-astar]-MO[]-T[518400]-04921472-067843/snapshots/snapshot_25_1.0000",20755762,25,preserve3_terminal_tpp_on_learning_curve,COMPLETED,/home/hersco/training_new_domains/2026-08-31/preserve3_terminal_tpp_stage2/20755762_Re-Tr_tpp_tpp_mcts_orig_vh_e.5_c.1_s2011206605_K0_P3TERMS2A10_src20523008.txt
preserve3-term-tpp-on-2011206605-a10-policy-e0030,policy_eval,tpp,on,2011206605,stage2,ready,hadd-astar,"/home/hersco/bershco-nu-asnets/numeric-asnets/asnets/experiment-results/experiments_numeric.domain.tpp-experiments_numeric.architecture_2.tpp_mcts-2026-08-31T21:17:49.668975/P[domain,pfile1,pfile2,pfile4]-S[0.0003,50,enhsp-hadd-astar]-MO[]-T[518400]-04921472-067843/snapshots/snapshot_30_1.0000",20755762,30,preserve3_terminal_tpp_on_learning_curve,COMPLETED,/home/hersco/training_new_domains/2026-08-31/preserve3_terminal_tpp_stage2/20755762_Re-Tr_tpp_tpp_mcts_orig_vh_e.5_c.1_s2011206605_K0_P3TERMS2A10_src20523008.txt
preserve3-term-tpp-on-2011206605-a10-policy-e0035,policy_eval,tpp,on,2011206605,stage2,ready,hadd-astar,"/home/hersco/bershco-nu-asnets/numeric-asnets/asnets/experiment-results/experiments_numeric.domain.tpp-experiments_numeric.architecture_2.tpp_mcts-2026-08-31T21:17:49.668975/P[domain,pfile1,pfile2,pfile4]-S[0.0003,50,enhsp-hadd-astar]-MO[]-T[518400]-04921472-067843/snapshots/snapshot_35_1.0000",20755762,35,preserve3_terminal_tpp_on_learning_curve,COMPLETED,/home/hersco/training_new_domains/2026-08-31/preserve3_terminal_tpp_stage2/20755762_Re-Tr_tpp_tpp_mcts_orig_vh_e.5_c.1_s2011206605_K0_P3TERMS2A10_src20523008.txt
preserve3-term-tpp-on-2011206605-a10-policy-e0040,policy_eval,tpp,on,2011206605,stage2,ready,hadd-astar,"/home/hersco/bershco-nu-asnets/numeric-asnets/asnets/experiment-results/experiments_numeric.domain.tpp-experiments_numeric.architecture_2.tpp_mcts-2026-08-31T21:17:49.668975/P[domain,pfile1,pfile2,pfile4]-S[0.0003,50,enhsp-hadd-astar]-MO[]-T[518400]-04921472-067843/snapshots/snapshot_40_1.0000",20755762,40,preserve3_terminal_tpp_on_learning_curve;preserve3_terminal_tpp_on_validation_selected_policy,COMPLETED,/home/hersco/training_new_domains/2026-08-31/preserve3_terminal_tpp_stage2/20755762_Re-Tr_tpp_tpp_mcts_orig_vh_e.5_c.1_s2011206605_K0_P3TERMS2A10_src20523008.txt
preserve3-term-tpp-on-2011206605-a10-policy-e0045,policy_eval,tpp,on,2011206605,stage2,ready,hadd-astar,"/home/hersco/bershco-nu-asnets/numeric-asnets/asnets/experiment-results/experiments_numeric.domain.tpp-experiments_numeric.architecture_2.tpp_mcts-2026-08-31T21:17:49.668975/P[domain,pfile1,pfile2,pfile4]-S[0.0003,50,enhsp-hadd-astar]-MO[]-T[518400]-04921472-067843/snapshots/snapshot_45_1.0000",20755762,45,preserve3_terminal_tpp_on_learning_curve,COMPLETED,/home/hersco/training_new_domains/2026-08-31/preserve3_terminal_tpp_stage2/20755762_Re-Tr_tpp_tpp_mcts_orig_vh_e.5_c.1_s2011206605_K0_P3TERMS2A10_src20523008.txt
preserve3-term-tpp-on-2011206605-a10-policy-e0050,policy_eval,tpp,on,2011206605,stage2,ready,hadd-astar,"/home/hersco/bershco-nu-asnets/numeric-asnets/asnets/experiment-results/experiments_numeric.domain.tpp-experiments_numeric.architecture_2.tpp_mcts-2026-08-31T21:17:49.668975/P[domain,pfile1,pfile2,pfile4]-S[0.0003,50,enhsp-hadd-astar]-MO[]-T[518400]-04921472-067843/snapshots/snapshot_50_1.0000",20755762,50,preserve3_terminal_tpp_on_learning_curve,COMPLETED,/home/hersco/training_new_domains/2026-08-31/preserve3_terminal_tpp_stage2/20755762_Re-Tr_tpp_tpp_mcts_orig_vh_e.5_c.1_s2011206605_K0_P3TERMS2A10_src20523008.txt
preserve3-term-tpp-on-2011206605-a10-policy-e0055,policy_eval,tpp,on,2011206605,stage2,ready,hadd-astar,"/home/hersco/bershco-nu-asnets/numeric-asnets/asnets/experiment-results/experiments_numeric.domain.tpp-experiments_numeric.architecture_2.tpp_mcts-2026-08-31T21:17:49.668975/P[domain,pfile1,pfile2,pfile4]-S[0.0003,50,enhsp-hadd-astar]-MO[]-T[518400]-04921472-067843/snapshots/snapshot_55_1.0000",20755762,55,preserve3_terminal_tpp_on_learning_curve,COMPLETED,/home/hersco/training_new_domains/2026-08-31/preserve3_terminal_tpp_stage2/20755762_Re-Tr_tpp_tpp_mcts_orig_vh_e.5_c.1_s2011206605_K0_P3TERMS2A10_src20523008.txt
preserve3-term-tpp-on-2011206605-a10-policy-e0060,policy_eval,tpp,on,2011206605,stage2,ready,hadd-astar,"/home/hersco/bershco-nu-asnets/numeric-asnets/asnets/experiment-results/experiments_numeric.domain.tpp-experiments_numeric.architecture_2.tpp_mcts-2026-08-31T21:17:49.668975/P[domain,pfile1,pfile2,pfile4]-S[0.0003,50,enhsp-hadd-astar]-MO[]-T[518400]-04921472-067843/snapshots/snapshot_60_0.7500",20755762,60,preserve3_terminal_tpp_on_learning_curve,COMPLETED,/home/hersco/training_new_domains/2026-08-31/preserve3_terminal_tpp_stage2/20755762_Re-Tr_tpp_tpp_mcts_orig_vh_e.5_c.1_s2011206605_K0_P3TERMS2A10_src20523008.txt
preserve3-term-tpp-on-2011206605-a10-policy-e0065,policy_eval,tpp,on,2011206605,stage2,ready,hadd-astar,"/home/hersco/bershco-nu-asnets/numeric-asnets/asnets/experiment-results/experiments_numeric.domain.tpp-experiments_numeric.architecture_2.tpp_mcts-2026-08-31T21:17:49.668975/P[domain,pfile1,pfile2,pfile4]-S[0.0003,50,enhsp-hadd-astar]-MO[]-T[518400]-04921472-067843/snapshots/snapshot_65_1.0000",20755762,65,preserve3_terminal_tpp_on_learning_curve,COMPLETED,/home/hersco/training_new_domains/2026-08-31/preserve3_terminal_tpp_stage2/20755762_Re-Tr_tpp_tpp_mcts_orig_vh_e.5_c.1_s2011206605_K0_P3TERMS2A10_src20523008.txt
preserve3-term-tpp-on-2011206605-a10-policy-e0070,policy_eval,tpp,on,2011206605,stage2,ready,hadd-astar,"/home/hersco/bershco-nu-asnets/numeric-asnets/asnets/experiment-results/experiments_numeric.domain.tpp-experiments_numeric.architecture_2.tpp_mcts-2026-08-31T21:17:49.668975/P[domain,pfile1,pfile2,pfile4]-S[0.0003,50,enhsp-hadd-astar]-MO[]-T[518400]-04921472-067843/snapshots/snapshot_70_1.0000",20755762,70,preserve3_terminal_tpp_on_learning_curve,COMPLETED,/home/hersco/training_new_domains/2026-08-31/preserve3_terminal_tpp_stage2/20755762_Re-Tr_tpp_tpp_mcts_orig_vh_e.5_c.1_s2011206605_K0_P3TERMS2A10_src20523008.txt
preserve3-term-tpp-on-2011206605-a10-policy-e0075,policy_eval,tpp,on,2011206605,stage2,ready,hadd-astar,"/home/hersco/bershco-nu-asnets/numeric-asnets/asnets/experiment-results/experiments_numeric.domain.tpp-experiments_numeric.architecture_2.tpp_mcts-2026-08-31T21:17:49.668975/P[domain,pfile1,pfile2,pfile4]-S[0.0003,50,enhsp-hadd-astar]-MO[]-T[518400]-04921472-067843/snapshots/snapshot_75_1.0000",20755762,75,preserve3_terminal_tpp_on_learning_curve,COMPLETED,/home/hersco/training_new_domains/2026-08-31/preserve3_terminal_tpp_stage2/20755762_Re-Tr_tpp_tpp_mcts_orig_vh_e.5_c.1_s2011206605_K0_P3TERMS2A10_src20523008.txt
preserve3-term-tpp-on-2011206605-a10-policy-e0080,policy_eval,tpp,on,2011206605,stage2,ready,hadd-astar,"/home/hersco/bershco-nu-asnets/numeric-asnets/asnets/experiment-results/experiments_numeric.domain.tpp-experiments_numeric.architecture_2.tpp_mcts-2026-08-31T21:17:49.668975/P[domain,pfile1,pfile2,pfile4]-S[0.0003,50,enhsp-hadd-astar]-MO[]-T[518400]-04921472-067843/snapshots/snapshot_80_1.0000",20755762,80,preserve3_terminal_tpp_on_learning_curve,COMPLETED,/home/hersco/training_new_domains/2026-08-31/preserve3_terminal_tpp_stage2/20755762_Re-Tr_tpp_tpp_mcts_orig_vh_e.5_c.1_s2011206605_K0_P3TERMS2A10_src20523008.txt
preserve3-term-tpp-on-2011206605-a10-policy-e0085,policy_eval,tpp,on,2011206605,stage2,ready,hadd-astar,"/home/hersco/bershco-nu-asnets/numeric-asnets/asnets/experiment-results/experiments_numeric.domain.tpp-experiments_numeric.architecture_2.tpp_mcts-2026-08-31T21:17:49.668975/P[domain,pfile1,pfile2,pfile4]-S[0.0003,50,enhsp-hadd-astar]-MO[]-T[518400]-04921472-067843/snapshots/snapshot_85_1.0000",20755762,85,preserve3_terminal_tpp_on_learning_curve,COMPLETED,/home/hersco/training_new_domains/2026-08-31/preserve3_terminal_tpp_stage2/20755762_Re-Tr_tpp_tpp_mcts_orig_vh_e.5_c.1_s2011206605_K0_P3TERMS2A10_src20523008.txt
preserve3-term-tpp-on-2011206605-a10-policy-e0090,policy_eval,tpp,on,2011206605,stage2,ready,hadd-astar,"/home/hersco/bershco-nu-asnets/numeric-asnets/asnets/experiment-results/experiments_numeric.domain.tpp-experiments_numeric.architecture_2.tpp_mcts-2026-08-31T21:17:49.668975/P[domain,pfile1,pfile2,pfile4]-S[0.0003,50,enhsp-hadd-astar]-MO[]-T[518400]-04921472-067843/snapshots/snapshot_90_1.0000",20755762,90,preserve3_terminal_tpp_on_learning_curve,COMPLETED,/home/hersco/training_new_domains/2026-08-31/preserve3_terminal_tpp_stage2/20755762_Re-Tr_tpp_tpp_mcts_orig_vh_e.5_c.1_s2011206605_K0_P3TERMS2A10_src20523008.txt
preserve3-term-tpp-on-2011206605-a10-policy-e0095,policy_eval,tpp,on,2011206605,stage2,ready,hadd-astar,"/home/hersco/bershco-nu-asnets/numeric-asnets/asnets/experiment-results/experiments_numeric.domain.tpp-experiments_numeric.architecture_2.tpp_mcts-2026-08-31T21:17:49.668975/P[domain,pfile1,pfile2,pfile4]-S[0.0003,50,enhsp-hadd-astar]-MO[]-T[518400]-04921472-067843/snapshots/snapshot_95_1.0000",20755762,95,preserve3_terminal_tpp_on_learning_curve,COMPLETED,/home/hersco/training_new_domains/2026-08-31/preserve3_terminal_tpp_stage2/20755762_Re-Tr_tpp_tpp_mcts_orig_vh_e.5_c.1_s2011206605_K0_P3TERMS2A10_src20523008.txt
preserve3-term-tpp-on-2011206605-a10-policy-e0099,policy_eval,tpp,on,2011206605,stage2,ready,hadd-astar,"/home/hersco/bershco-nu-asnets/numeric-asnets/asnets/experiment-results/experiments_numeric.domain.tpp-experiments_numeric.architecture_2.tpp_mcts-2026-08-31T21:17:49.668975/P[domain,pfile1,pfile2,pfile4]-S[0.0003,50,enhsp-hadd-astar]-MO[]-T[518400]-04921472-067843/snapshots/snapshot_99_1.0000",20755762,99,preserve3_terminal_tpp_on_learning_curve;preserve3_terminal_tpp_on_final_policy,COMPLETED,/home/hersco/training_new_domains/2026-08-31/preserve3_terminal_tpp_stage2/20755762_Re-Tr_tpp_tpp_mcts_orig_vh_e.5_c.1_s2011206605_K0_P3TERMS2A10_src20523008.txt
preserve3-term-tpp-on-2082152039-a10-policy-e0000,policy_eval,tpp,on,2082152039,stage2,ready,hadd-astar,"/home/hersco/bershco-nu-asnets/numeric-asnets/asnets/experiment-results/experiments_numeric.domain.tpp-experiments_numeric.architecture_2.tpp_mcts-2026-08-31T21:18:06.716946/P[domain,pfile1,pfile2,pfile4]-S[0.0003,50,enhsp-hadd-astar]-MO[]-T[518400]-04921472-faf7d6/snapshots/snapshot_0_1.0000",20755763,0,preserve3_terminal_tpp_on_learning_curve,COMPLETED,/home/hersco/training_new_domains/2026-08-31/preserve3_terminal_tpp_stage2/20755763_Re-Tr_tpp_tpp_mcts_orig_vh_e.5_c.1_s2082152039_K0_P3TERMS2A10_src20523023.txt
preserve3-term-tpp-on-2082152039-a10-policy-e0005,policy_eval,tpp,on,2082152039,stage2,ready,hadd-astar,"/home/hersco/bershco-nu-asnets/numeric-asnets/asnets/experiment-results/experiments_numeric.domain.tpp-experiments_numeric.architecture_2.tpp_mcts-2026-08-31T21:18:06.716946/P[domain,pfile1,pfile2,pfile4]-S[0.0003,50,enhsp-hadd-astar]-MO[]-T[518400]-04921472-faf7d6/snapshots/snapshot_5_0.5000",20755763,5,preserve3_terminal_tpp_on_learning_curve,COMPLETED,/home/hersco/training_new_domains/2026-08-31/preserve3_terminal_tpp_stage2/20755763_Re-Tr_tpp_tpp_mcts_orig_vh_e.5_c.1_s2082152039_K0_P3TERMS2A10_src20523023.txt
preserve3-term-tpp-on-2082152039-a10-policy-e0010,policy_eval,tpp,on,2082152039,stage2,ready,hadd-astar,"/home/hersco/bershco-nu-asnets/numeric-asnets/asnets/experiment-results/experiments_numeric.domain.tpp-experiments_numeric.architecture_2.tpp_mcts-2026-08-31T21:18:06.716946/P[domain,pfile1,pfile2,pfile4]-S[0.0003,50,enhsp-hadd-astar]-MO[]-T[518400]-04921472-faf7d6/snapshots/snapshot_10_0.5000",20755763,10,preserve3_terminal_tpp_on_learning_curve,COMPLETED,/home/hersco/training_new_domains/2026-08-31/preserve3_terminal_tpp_stage2/20755763_Re-Tr_tpp_tpp_mcts_orig_vh_e.5_c.1_s2082152039_K0_P3TERMS2A10_src20523023.txt
preserve3-term-tpp-on-2082152039-a10-policy-e0015,policy_eval,tpp,on,2082152039,stage2,ready,hadd-astar,"/home/hersco/bershco-nu-asnets/numeric-asnets/asnets/experiment-results/experiments_numeric.domain.tpp-experiments_numeric.architecture_2.tpp_mcts-2026-08-31T21:18:06.716946/P[domain,pfile1,pfile2,pfile4]-S[0.0003,50,enhsp-hadd-astar]-MO[]-T[518400]-04921472-faf7d6/snapshots/snapshot_15_0.5000",20755763,15,preserve3_terminal_tpp_on_learning_curve,COMPLETED,/home/hersco/training_new_domains/2026-08-31/preserve3_terminal_tpp_stage2/20755763_Re-Tr_tpp_tpp_mcts_orig_vh_e.5_c.1_s2082152039_K0_P3TERMS2A10_src20523023.txt
preserve3-term-tpp-on-2082152039-a10-policy-e0020,policy_eval,tpp,on,2082152039,stage2,ready,hadd-astar,"/home/hersco/bershco-nu-asnets/numeric-asnets/asnets/experiment-results/experiments_numeric.domain.tpp-experiments_numeric.architecture_2.tpp_mcts-2026-08-31T21:18:06.716946/P[domain,pfile1,pfile2,pfile4]-S[0.0003,50,enhsp-hadd-astar]-MO[]-T[518400]-04921472-faf7d6/snapshots/snapshot_20_0.5000",20755763,20,preserve3_terminal_tpp_on_learning_curve,COMPLETED,/home/hersco/training_new_domains/2026-08-31/preserve3_terminal_tpp_stage2/20755763_Re-Tr_tpp_tpp_mcts_orig_vh_e.5_c.1_s2082152039_K0_P3TERMS2A10_src20523023.txt
preserve3-term-tpp-on-2082152039-a10-policy-e0025,policy_eval,tpp,on,2082152039,stage2,ready,hadd-astar,"/home/hersco/bershco-nu-asnets/numeric-asnets/asnets/experiment-results/experiments_numeric.domain.tpp-experiments_numeric.architecture_2.tpp_mcts-2026-08-31T21:18:06.716946/P[domain,pfile1,pfile2,pfile4]-S[0.0003,50,enhsp-hadd-astar]-MO[]-T[518400]-04921472-faf7d6/snapshots/snapshot_25_1.0000",20755763,25,preserve3_terminal_tpp_on_learning_curve,COMPLETED,/home/hersco/training_new_domains/2026-08-31/preserve3_terminal_tpp_stage2/20755763_Re-Tr_tpp_tpp_mcts_orig_vh_e.5_c.1_s2082152039_K0_P3TERMS2A10_src20523023.txt
preserve3-term-tpp-on-2082152039-a10-policy-e0030,policy_eval,tpp,on,2082152039,stage2,ready,hadd-astar,"/home/hersco/bershco-nu-asnets/numeric-asnets/asnets/experiment-results/experiments_numeric.domain.tpp-experiments_numeric.architecture_2.tpp_mcts-2026-08-31T21:18:06.716946/P[domain,pfile1,pfile2,pfile4]-S[0.0003,50,enhsp-hadd-astar]-MO[]-T[518400]-04921472-faf7d6/snapshots/snapshot_30_1.0000",20755763,30,preserve3_terminal_tpp_on_learning_curve,COMPLETED,/home/hersco/training_new_domains/2026-08-31/preserve3_terminal_tpp_stage2/20755763_Re-Tr_tpp_tpp_mcts_orig_vh_e.5_c.1_s2082152039_K0_P3TERMS2A10_src20523023.txt
preserve3-term-tpp-on-2082152039-a10-policy-e0035,policy_eval,tpp,on,2082152039,stage2,ready,hadd-astar,"/home/hersco/bershco-nu-asnets/numeric-asnets/asnets/experiment-results/experiments_numeric.domain.tpp-experiments_numeric.architecture_2.tpp_mcts-2026-08-31T21:18:06.716946/P[domain,pfile1,pfile2,pfile4]-S[0.0003,50,enhsp-hadd-astar]-MO[]-T[518400]-04921472-faf7d6/snapshots/snapshot_35_1.0000",20755763,35,preserve3_terminal_tpp_on_learning_curve,COMPLETED,/home/hersco/training_new_domains/2026-08-31/preserve3_terminal_tpp_stage2/20755763_Re-Tr_tpp_tpp_mcts_orig_vh_e.5_c.1_s2082152039_K0_P3TERMS2A10_src20523023.txt
preserve3-term-tpp-on-2082152039-a10-policy-e0040,policy_eval,tpp,on,2082152039,stage2,ready,hadd-astar,"/home/hersco/bershco-nu-asnets/numeric-asnets/asnets/experiment-results/experiments_numeric.domain.tpp-experiments_numeric.architecture_2.tpp_mcts-2026-08-31T21:18:06.716946/P[domain,pfile1,pfile2,pfile4]-S[0.0003,50,enhsp-hadd-astar]-MO[]-T[518400]-04921472-faf7d6/snapshots/snapshot_40_1.0000",20755763,40,preserve3_terminal_tpp_on_learning_curve,COMPLETED,/home/hersco/training_new_domains/2026-08-31/preserve3_terminal_tpp_stage2/20755763_Re-Tr_tpp_tpp_mcts_orig_vh_e.5_c.1_s2082152039_K0_P3TERMS2A10_src20523023.txt
preserve3-term-tpp-on-2082152039-a10-policy-e0045,policy_eval,tpp,on,2082152039,stage2,ready,hadd-astar,"/home/hersco/bershco-nu-asnets/numeric-asnets/asnets/experiment-results/experiments_numeric.domain.tpp-experiments_numeric.architecture_2.tpp_mcts-2026-08-31T21:18:06.716946/P[domain,pfile1,pfile2,pfile4]-S[0.0003,50,enhsp-hadd-astar]-MO[]-T[518400]-04921472-faf7d6/snapshots/snapshot_45_1.0000",20755763,45,preserve3_terminal_tpp_on_learning_curve,COMPLETED,/home/hersco/training_new_domains/2026-08-31/preserve3_terminal_tpp_stage2/20755763_Re-Tr_tpp_tpp_mcts_orig_vh_e.5_c.1_s2082152039_K0_P3TERMS2A10_src20523023.txt
preserve3-term-tpp-on-2082152039-a10-policy-e0050,policy_eval,tpp,on,2082152039,stage2,ready,hadd-astar,"/home/hersco/bershco-nu-asnets/numeric-asnets/asnets/experiment-results/experiments_numeric.domain.tpp-experiments_numeric.architecture_2.tpp_mcts-2026-08-31T21:18:06.716946/P[domain,pfile1,pfile2,pfile4]-S[0.0003,50,enhsp-hadd-astar]-MO[]-T[518400]-04921472-faf7d6/snapshots/snapshot_50_0.5000",20755763,50,preserve3_terminal_tpp_on_learning_curve,COMPLETED,/home/hersco/training_new_domains/2026-08-31/preserve3_terminal_tpp_stage2/20755763_Re-Tr_tpp_tpp_mcts_orig_vh_e.5_c.1_s2082152039_K0_P3TERMS2A10_src20523023.txt
preserve3-term-tpp-on-2082152039-a10-policy-e0055,policy_eval,tpp,on,2082152039,stage2,ready,hadd-astar,"/home/hersco/bershco-nu-asnets/numeric-asnets/asnets/experiment-results/experiments_numeric.domain.tpp-experiments_numeric.architecture_2.tpp_mcts-2026-08-31T21:18:06.716946/P[domain,pfile1,pfile2,pfile4]-S[0.0003,50,enhsp-hadd-astar]-MO[]-T[518400]-04921472-faf7d6/snapshots/snapshot_55_1.0000",20755763,55,preserve3_terminal_tpp_on_learning_curve,COMPLETED,/home/hersco/training_new_domains/2026-08-31/preserve3_terminal_tpp_stage2/20755763_Re-Tr_tpp_tpp_mcts_orig_vh_e.5_c.1_s2082152039_K0_P3TERMS2A10_src20523023.txt
preserve3-term-tpp-on-2082152039-a10-policy-e0060,policy_eval,tpp,on,2082152039,stage2,ready,hadd-astar,"/home/hersco/bershco-nu-asnets/numeric-asnets/asnets/experiment-results/experiments_numeric.domain.tpp-experiments_numeric.architecture_2.tpp_mcts-2026-08-31T21:18:06.716946/P[domain,pfile1,pfile2,pfile4]-S[0.0003,50,enhsp-hadd-astar]-MO[]-T[518400]-04921472-faf7d6/snapshots/snapshot_60_1.0000",20755763,60,preserve3_terminal_tpp_on_learning_curve,COMPLETED,/home/hersco/training_new_domains/2026-08-31/preserve3_terminal_tpp_stage2/20755763_Re-Tr_tpp_tpp_mcts_orig_vh_e.5_c.1_s2082152039_K0_P3TERMS2A10_src20523023.txt
preserve3-term-tpp-on-2082152039-a10-policy-e0065,policy_eval,tpp,on,2082152039,stage2,ready,hadd-astar,"/home/hersco/bershco-nu-asnets/numeric-asnets/asnets/experiment-results/experiments_numeric.domain.tpp-experiments_numeric.architecture_2.tpp_mcts-2026-08-31T21:18:06.716946/P[domain,pfile1,pfile2,pfile4]-S[0.0003,50,enhsp-hadd-astar]-MO[]-T[518400]-04921472-faf7d6/snapshots/snapshot_65_1.0000",20755763,65,preserve3_terminal_tpp_on_learning_curve,COMPLETED,/home/hersco/training_new_domains/2026-08-31/preserve3_terminal_tpp_stage2/20755763_Re-Tr_tpp_tpp_mcts_orig_vh_e.5_c.1_s2082152039_K0_P3TERMS2A10_src20523023.txt
preserve3-term-tpp-on-2082152039-a10-policy-e0070,policy_eval,tpp,on,2082152039,stage2,ready,hadd-astar,"/home/hersco/bershco-nu-asnets/numeric-asnets/asnets/experiment-results/experiments_numeric.domain.tpp-experiments_numeric.architecture_2.tpp_mcts-2026-08-31T21:18:06.716946/P[domain,pfile1,pfile2,pfile4]-S[0.0003,50,enhsp-hadd-astar]-MO[]-T[518400]-04921472-faf7d6/snapshots/snapshot_70_1.0000",20755763,70,preserve3_terminal_tpp_on_learning_curve,COMPLETED,/home/hersco/training_new_domains/2026-08-31/preserve3_terminal_tpp_stage2/20755763_Re-Tr_tpp_tpp_mcts_orig_vh_e.5_c.1_s2082152039_K0_P3TERMS2A10_src20523023.txt
preserve3-term-tpp-on-2082152039-a10-policy-e0075,policy_eval,tpp,on,2082152039,stage2,ready,hadd-astar,"/home/hersco/bershco-nu-asnets/numeric-asnets/asnets/experiment-results/experiments_numeric.domain.tpp-experiments_numeric.architecture_2.tpp_mcts-2026-08-31T21:18:06.716946/P[domain,pfile1,pfile2,pfile4]-S[0.0003,50,enhsp-hadd-astar]-MO[]-T[518400]-04921472-faf7d6/snapshots/snapshot_75_1.0000",20755763,75,preserve3_terminal_tpp_on_learning_curve;preserve3_terminal_tpp_on_validation_selected_policy,COMPLETED,/home/hersco/training_new_domains/2026-08-31/preserve3_terminal_tpp_stage2/20755763_Re-Tr_tpp_tpp_mcts_orig_vh_e.5_c.1_s2082152039_K0_P3TERMS2A10_src20523023.txt
preserve3-term-tpp-on-2082152039-a10-policy-e0080,policy_eval,tpp,on,2082152039,stage2,ready,hadd-astar,"/home/hersco/bershco-nu-asnets/numeric-asnets/asnets/experiment-results/experiments_numeric.domain.tpp-experiments_numeric.architecture_2.tpp_mcts-2026-08-31T21:18:06.716946/P[domain,pfile1,pfile2,pfile4]-S[0.0003,50,enhsp-hadd-astar]-MO[]-T[518400]-04921472-faf7d6/snapshots/snapshot_80_0.5000",20755763,80,preserve3_terminal_tpp_on_learning_curve,COMPLETED,/home/hersco/training_new_domains/2026-08-31/preserve3_terminal_tpp_stage2/20755763_Re-Tr_tpp_tpp_mcts_orig_vh_e.5_c.1_s2082152039_K0_P3TERMS2A10_src20523023.txt
preserve3-term-tpp-on-2082152039-a10-policy-e0085,policy_eval,tpp,on,2082152039,stage2,ready,hadd-astar,"/home/hersco/bershco-nu-asnets/numeric-asnets/asnets/experiment-results/experiments_numeric.domain.tpp-experiments_numeric.architecture_2.tpp_mcts-2026-08-31T21:18:06.716946/P[domain,pfile1,pfile2,pfile4]-S[0.0003,50,enhsp-hadd-astar]-MO[]-T[518400]-04921472-faf7d6/snapshots/snapshot_85_1.0000",20755763,85,preserve3_terminal_tpp_on_learning_curve,COMPLETED,/home/hersco/training_new_domains/2026-08-31/preserve3_terminal_tpp_stage2/20755763_Re-Tr_tpp_tpp_mcts_orig_vh_e.5_c.1_s2082152039_K0_P3TERMS2A10_src20523023.txt
preserve3-term-tpp-on-2082152039-a10-policy-e0090,policy_eval,tpp,on,2082152039,stage2,ready,hadd-astar,"/home/hersco/bershco-nu-asnets/numeric-asnets/asnets/experiment-results/experiments_numeric.domain.tpp-experiments_numeric.architecture_2.tpp_mcts-2026-08-31T21:18:06.716946/P[domain,pfile1,pfile2,pfile4]-S[0.0003,50,enhsp-hadd-astar]-MO[]-T[518400]-04921472-faf7d6/snapshots/snapshot_90_1.0000",20755763,90,preserve3_terminal_tpp_on_learning_curve,COMPLETED,/home/hersco/training_new_domains/2026-08-31/preserve3_terminal_tpp_stage2/20755763_Re-Tr_tpp_tpp_mcts_orig_vh_e.5_c.1_s2082152039_K0_P3TERMS2A10_src20523023.txt
preserve3-term-tpp-on-2082152039-a10-policy-e0095,policy_eval,tpp,on,2082152039,stage2,ready,hadd-astar,"/home/hersco/bershco-nu-asnets/numeric-asnets/asnets/experiment-results/experiments_numeric.domain.tpp-experiments_numeric.architecture_2.tpp_mcts-2026-08-31T21:18:06.716946/P[domain,pfile1,pfile2,pfile4]-S[0.0003,50,enhsp-hadd-astar]-MO[]-T[518400]-04921472-faf7d6/snapshots/snapshot_95_1.0000",20755763,95,preserve3_terminal_tpp_on_learning_curve,COMPLETED,/home/hersco/training_new_domains/2026-08-31/preserve3_terminal_tpp_stage2/20755763_Re-Tr_tpp_tpp_mcts_orig_vh_e.5_c.1_s2082152039_K0_P3TERMS2A10_src20523023.txt
preserve3-term-tpp-on-2082152039-a10-policy-e0099,policy_eval,tpp,on,2082152039,stage2,ready,hadd-astar,"/home/hersco/bershco-nu-asnets/numeric-asnets/asnets/experiment-results/experiments_numeric.domain.tpp-experiments_numeric.architecture_2.tpp_mcts-2026-08-31T21:18:06.716946/P[domain,pfile1,pfile2,pfile4]-S[0.0003,50,enhsp-hadd-astar]-MO[]-T[518400]-04921472-faf7d6/snapshots/snapshot_99_1.0000",20755763,99,preserve3_terminal_tpp_on_learning_curve;preserve3_terminal_tpp_on_final_policy,COMPLETED,/home/hersco/training_new_domains/2026-08-31/preserve3_terminal_tpp_stage2/20755763_Re-Tr_tpp_tpp_mcts_orig_vh_e.5_c.1_s2082152039_K0_P3TERMS2A10_src20523023.txt
