evaluation_job_id,source_training_job_id,domain,value_head,seed,epoch,successes,total,source_evaluation_log
20424440,20401177,block_grouping,on,1963100312,5,15.0,20.0,/home/hersco/training_new_domains/2026-08-21/statistical_replication_stage1_policy_eval/20424440_Ev_block_grouping_block_grouping_orig_vh_c.1_s1963100312_SR10P_src20401177_e0005.txt
20424443,20401177,block_grouping,on,1963100312,10,15.0,20.0,/home/hersco/training_new_domains/2026-08-21/statistical_replication_stage1_policy_eval/20424443_Ev_block_grouping_block_grouping_orig_vh_c.1_s1963100312_SR10P_src20401177_e0010.txt
20424445,20401177,block_grouping,on,1963100312,15,13.0,20.0,/home/hersco/training_new_domains/2026-08-21/statistical_replication_stage1_policy_eval/20424445_Ev_block_grouping_block_grouping_orig_vh_c.1_s1963100312_SR10P_src20401177_e0015.txt
20424448,20401177,block_grouping,on,1963100312,20,13.0,20.0,/home/hersco/training_new_domains/2026-08-21/statistical_replication_stage1_policy_eval/20424448_Ev_block_grouping_block_grouping_orig_vh_c.1_s1963100312_SR10P_src20401177_e0020.txt
20424450,20401177,block_grouping,on,1963100312,25,13.0,20.0,/home/hersco/training_new_domains/2026-08-21/statistical_replication_stage1_policy_eval/20424450_Ev_block_grouping_block_grouping_orig_vh_c.1_s1963100312_SR10P_src20401177_e0025.txt
20424453,20401177,block_grouping,on,1963100312,30,15.0,20.0,/home/hersco/training_new_domains/2026-08-21/statistical_replication_stage1_policy_eval/20424453_Ev_block_grouping_block_grouping_orig_vh_c.1_s1963100312_SR10P_src20401177_e0030.txt
20424455,20401177,block_grouping,on,1963100312,35,15.0,20.0,/home/hersco/training_new_domains/2026-08-21/statistical_replication_stage1_policy_eval/20424455_Ev_block_grouping_block_grouping_orig_vh_c.1_s1963100312_SR10P_src20401177_e0035.txt
20424457,20401177,block_grouping,on,1963100312,40,15.0,20.0,/home/hersco/training_new_domains/2026-08-21/statistical_replication_stage1_policy_eval/20424457_Ev_block_grouping_block_grouping_orig_vh_c.1_s1963100312_SR10P_src20401177_e0040.txt
20424460,20401177,block_grouping,on,1963100312,45,13.0,20.0,/home/hersco/training_new_domains/2026-08-21/statistical_replication_stage1_policy_eval/20424460_Ev_block_grouping_block_grouping_orig_vh_c.1_s1963100312_SR10P_src20401177_e0045.txt
20424462,20401177,block_grouping,on,1963100312,50,18.0,20.0,/home/hersco/training_new_domains/2026-08-21/statistical_replication_stage1_policy_eval/20424462_Ev_block_grouping_block_grouping_orig_vh_c.1_s1963100312_SR10P_src20401177_e0050.txt
20424464,20401177,block_grouping,on,1963100312,4,17.0,20.0,/home/hersco/training_new_domains/2026-08-21/statistical_replication_stage1_policy_eval/20424464_Ev_block_grouping_block_grouping_orig_vh_c.1_s1963100312_SR10P_src20401177_e0004.txt
20424466,20401178,block_grouping,on,2011206605,5,13.0,20.0,/home/hersco/training_new_domains/2026-08-21/statistical_replication_stage1_policy_eval/20424466_Ev_block_grouping_block_grouping_orig_vh_c.1_s2011206605_SR10P_src20401178_e0005.txt
20424468,20401178,block_grouping,on,2011206605,10,16.0,20.0,/home/hersco/training_new_domains/2026-08-21/statistical_replication_stage1_policy_eval/20424468_Ev_block_grouping_block_grouping_orig_vh_c.1_s2011206605_SR10P_src20401178_e0010.txt
20424471,20401178,block_grouping,on,2011206605,15,16.0,20.0,/home/hersco/training_new_domains/2026-08-21/statistical_replication_stage1_policy_eval/20424471_Ev_block_grouping_block_grouping_orig_vh_c.1_s2011206605_SR10P_src20401178_e0015.txt
20424473,20401178,block_grouping,on,2011206605,20,14.0,20.0,/home/hersco/training_new_domains/2026-08-21/statistical_replication_stage1_policy_eval/20424473_Ev_block_grouping_block_grouping_orig_vh_c.1_s2011206605_SR10P_src20401178_e0020.txt
20424475,20401178,block_grouping,on,2011206605,25,16.0,20.0,/home/hersco/training_new_domains/2026-08-21/statistical_replication_stage1_policy_eval/20424475_Ev_block_grouping_block_grouping_orig_vh_c.1_s2011206605_SR10P_src20401178_e0025.txt
20424478,20401178,block_grouping,on,2011206605,30,15.0,20.0,/home/hersco/training_new_domains/2026-08-21/statistical_replication_stage1_policy_eval/20424478_Ev_block_grouping_block_grouping_orig_vh_c.1_s2011206605_SR10P_src20401178_e0030.txt
20424480,20401178,block_grouping,on,2011206605,35,17.0,20.0,/home/hersco/training_new_domains/2026-08-21/statistical_replication_stage1_policy_eval/20424480_Ev_block_grouping_block_grouping_orig_vh_c.1_s2011206605_SR10P_src20401178_e0035.txt
20424482,20401178,block_grouping,on,2011206605,40,17.0,20.0,/home/hersco/training_new_domains/2026-08-21/statistical_replication_stage1_policy_eval/20424482_Ev_block_grouping_block_grouping_orig_vh_c.1_s2011206605_SR10P_src20401178_e0040.txt
20424485,20401178,block_grouping,on,2011206605,45,17.0,20.0,/home/hersco/training_new_domains/2026-08-21/statistical_replication_stage1_policy_eval/20424485_Ev_block_grouping_block_grouping_orig_vh_c.1_s2011206605_SR10P_src20401178_e0045.txt
20424487,20401178,block_grouping,on,2011206605,50,18.0,20.0,/home/hersco/training_new_domains/2026-08-21/statistical_replication_stage1_policy_eval/20424487_Ev_block_grouping_block_grouping_orig_vh_c.1_s2011206605_SR10P_src20401178_e0050.txt
20424490,20401178,block_grouping,on,2011206605,55,13.0,20.0,/home/hersco/training_new_domains/2026-08-21/statistical_replication_stage1_policy_eval/20424490_Ev_block_grouping_block_grouping_orig_vh_c.1_s2011206605_SR10P_src20401178_e0055.txt
20424492,20401178,block_grouping,on,2011206605,60,16.0,20.0,/home/hersco/training_new_domains/2026-08-21/statistical_replication_stage1_policy_eval/20424492_Ev_block_grouping_block_grouping_orig_vh_c.1_s2011206605_SR10P_src20401178_e0060.txt
20424495,20401178,block_grouping,on,2011206605,65,16.0,20.0,/home/hersco/training_new_domains/2026-08-21/statistical_replication_stage1_policy_eval/20424495_Ev_block_grouping_block_grouping_orig_vh_c.1_s2011206605_SR10P_src20401178_e0065.txt
20424497,20401178,block_grouping,on,2011206605,70,14.0,20.0,/home/hersco/training_new_domains/2026-08-21/statistical_replication_stage1_policy_eval/20424497_Ev_block_grouping_block_grouping_orig_vh_c.1_s2011206605_SR10P_src20401178_e0070.txt
20424500,20401178,block_grouping,on,2011206605,75,17.0,20.0,/home/hersco/training_new_domains/2026-08-21/statistical_replication_stage1_policy_eval/20424500_Ev_block_grouping_block_grouping_orig_vh_c.1_s2011206605_SR10P_src20401178_e0075.txt
20424502,20401178,block_grouping,on,2011206605,26,17.0,20.0,/home/hersco/training_new_domains/2026-08-21/statistical_replication_stage1_policy_eval/20424502_Ev_block_grouping_block_grouping_orig_vh_c.1_s2011206605_SR10P_src20401178_e0026.txt
20424505,20401179,block_grouping,on,1073581256,5,15.0,20.0,/home/hersco/training_new_domains/2026-08-21/statistical_replication_stage1_policy_eval/20424505_Ev_block_grouping_block_grouping_orig_vh_c.1_s1073581256_SR10P_src20401179_e0005.txt
20424507,20401179,block_grouping,on,1073581256,10,18.0,20.0,/home/hersco/training_new_domains/2026-08-21/statistical_replication_stage1_policy_eval/20424507_Ev_block_grouping_block_grouping_orig_vh_c.1_s1073581256_SR10P_src20401179_e0010.txt
20424510,20401179,block_grouping,on,1073581256,15,12.0,20.0,/home/hersco/training_new_domains/2026-08-21/statistical_replication_stage1_policy_eval/20424510_Ev_block_grouping_block_grouping_orig_vh_c.1_s1073581256_SR10P_src20401179_e0015.txt
20424512,20401179,block_grouping,on,1073581256,20,15.0,20.0,/home/hersco/training_new_domains/2026-08-21/statistical_replication_stage1_policy_eval/20424512_Ev_block_grouping_block_grouping_orig_vh_c.1_s1073581256_SR10P_src20401179_e0020.txt
20424515,20401179,block_grouping,on,1073581256,25,15.0,20.0,/home/hersco/training_new_domains/2026-08-21/statistical_replication_stage1_policy_eval/20424515_Ev_block_grouping_block_grouping_orig_vh_c.1_s1073581256_SR10P_src20401179_e0025.txt
20424517,20401179,block_grouping,on,1073581256,30,17.0,20.0,/home/hersco/training_new_domains/2026-08-21/statistical_replication_stage1_policy_eval/20424517_Ev_block_grouping_block_grouping_orig_vh_c.1_s1073581256_SR10P_src20401179_e0030.txt
20424520,20401179,block_grouping,on,1073581256,35,13.0,20.0,/home/hersco/training_new_domains/2026-08-21/statistical_replication_stage1_policy_eval/20424520_Ev_block_grouping_block_grouping_orig_vh_c.1_s1073581256_SR10P_src20401179_e0035.txt
20424522,20401179,block_grouping,on,1073581256,40,12.0,20.0,/home/hersco/training_new_domains/2026-08-21/statistical_replication_stage1_policy_eval/20424522_Ev_block_grouping_block_grouping_orig_vh_c.1_s1073581256_SR10P_src20401179_e0040.txt
20424525,20401179,block_grouping,on,1073581256,45,14.0,20.0,/home/hersco/training_new_domains/2026-08-21/statistical_replication_stage1_policy_eval/20424525_Ev_block_grouping_block_grouping_orig_vh_c.1_s1073581256_SR10P_src20401179_e0045.txt
20424527,20401179,block_grouping,on,1073581256,50,17.0,20.0,/home/hersco/training_new_domains/2026-08-21/statistical_replication_stage1_policy_eval/20424527_Ev_block_grouping_block_grouping_orig_vh_c.1_s1073581256_SR10P_src20401179_e0050.txt
20424529,20401179,block_grouping,on,1073581256,55,13.0,20.0,/home/hersco/training_new_domains/2026-08-21/statistical_replication_stage1_policy_eval/20424529_Ev_block_grouping_block_grouping_orig_vh_c.1_s1073581256_SR10P_src20401179_e0055.txt
20424532,20401179,block_grouping,on,1073581256,60,13.0,20.0,/home/hersco/training_new_domains/2026-08-21/statistical_replication_stage1_policy_eval/20424532_Ev_block_grouping_block_grouping_orig_vh_c.1_s1073581256_SR10P_src20401179_e0060.txt
20424533,20401179,block_grouping,on,1073581256,11,14.0,20.0,/home/hersco/training_new_domains/2026-08-21/statistical_replication_stage1_policy_eval/20424533_Ev_block_grouping_block_grouping_orig_vh_c.1_s1073581256_SR10P_src20401179_e0011.txt
20424534,20401180,block_grouping,on,1239739722,5,14.0,20.0,/home/hersco/training_new_domains/2026-08-21/statistical_replication_stage1_policy_eval/20424534_Ev_block_grouping_block_grouping_orig_vh_c.1_s1239739722_SR10P_src20401180_e0005.txt
20424535,20401180,block_grouping,on,1239739722,10,13.0,20.0,/home/hersco/training_new_domains/2026-08-21/statistical_replication_stage1_policy_eval/20424535_Ev_block_grouping_block_grouping_orig_vh_c.1_s1239739722_SR10P_src20401180_e0010.txt
20424536,20401180,block_grouping,on,1239739722,15,17.0,20.0,/home/hersco/training_new_domains/2026-08-21/statistical_replication_stage1_policy_eval/20424536_Ev_block_grouping_block_grouping_orig_vh_c.1_s1239739722_SR10P_src20401180_e0015.txt
20424537,20401180,block_grouping,on,1239739722,20,15.0,20.0,/home/hersco/training_new_domains/2026-08-21/statistical_replication_stage1_policy_eval/20424537_Ev_block_grouping_block_grouping_orig_vh_c.1_s1239739722_SR10P_src20401180_e0020.txt
20424538,20401180,block_grouping,on,1239739722,25,13.0,20.0,/home/hersco/training_new_domains/2026-08-21/statistical_replication_stage1_policy_eval/20424538_Ev_block_grouping_block_grouping_orig_vh_c.1_s1239739722_SR10P_src20401180_e0025.txt
20424539,20401180,block_grouping,on,1239739722,30,17.0,20.0,/home/hersco/training_new_domains/2026-08-21/statistical_replication_stage1_policy_eval/20424539_Ev_block_grouping_block_grouping_orig_vh_c.1_s1239739722_SR10P_src20401180_e0030.txt
20424540,20401180,block_grouping,on,1239739722,35,12.0,20.0,/home/hersco/training_new_domains/2026-08-21/statistical_replication_stage1_policy_eval/20424540_Ev_block_grouping_block_grouping_orig_vh_c.1_s1239739722_SR10P_src20401180_e0035.txt
20424541,20401180,block_grouping,on,1239739722,40,13.0,20.0,/home/hersco/training_new_domains/2026-08-21/statistical_replication_stage1_policy_eval/20424541_Ev_block_grouping_block_grouping_orig_vh_c.1_s1239739722_SR10P_src20401180_e0040.txt
20424542,20401180,block_grouping,on,1239739722,45,15.0,20.0,/home/hersco/training_new_domains/2026-08-21/statistical_replication_stage1_policy_eval/20424542_Ev_block_grouping_block_grouping_orig_vh_c.1_s1239739722_SR10P_src20401180_e0045.txt
20424543,20401180,block_grouping,on,1239739722,50,14.0,20.0,/home/hersco/training_new_domains/2026-08-21/statistical_replication_stage1_policy_eval/20424543_Ev_block_grouping_block_grouping_orig_vh_c.1_s1239739722_SR10P_src20401180_e0050.txt
20424544,20401180,block_grouping,on,1239739722,55,16.0,20.0,/home/hersco/training_new_domains/2026-08-21/statistical_replication_stage1_policy_eval/20424544_Ev_block_grouping_block_grouping_orig_vh_c.1_s1239739722_SR10P_src20401180_e0055.txt
20424545,20401180,block_grouping,on,1239739722,60,13.0,20.0,/home/hersco/training_new_domains/2026-08-21/statistical_replication_stage1_policy_eval/20424545_Ev_block_grouping_block_grouping_orig_vh_c.1_s1239739722_SR10P_src20401180_e0060.txt
20424546,20401180,block_grouping,on,1239739722,65,13.0,20.0,/home/hersco/training_new_domains/2026-08-21/statistical_replication_stage1_policy_eval/20424546_Ev_block_grouping_block_grouping_orig_vh_c.1_s1239739722_SR10P_src20401180_e0065.txt
20424547,20401180,block_grouping,on,1239739722,70,12.0,20.0,/home/hersco/training_new_domains/2026-08-21/statistical_replication_stage1_policy_eval/20424547_Ev_block_grouping_block_grouping_orig_vh_c.1_s1239739722_SR10P_src20401180_e0070.txt
20424548,20401180,block_grouping,on,1239739722,23,13.0,20.0,/home/hersco/training_new_domains/2026-08-21/statistical_replication_stage1_policy_eval/20424548_Ev_block_grouping_block_grouping_orig_vh_c.1_s1239739722_SR10P_src20401180_e0023.txt
20424549,20401181,block_grouping,on,1472491096,5,8.0,20.0,/home/hersco/training_new_domains/2026-08-21/statistical_replication_stage1_policy_eval/20424549_Ev_block_grouping_block_grouping_orig_vh_c.1_s1472491096_SR10P_src20401181_e0005.txt
20424550,20401181,block_grouping,on,1472491096,10,16.0,20.0,/home/hersco/training_new_domains/2026-08-21/statistical_replication_stage1_policy_eval/20424550_Ev_block_grouping_block_grouping_orig_vh_c.1_s1472491096_SR10P_src20401181_e0010.txt
20424551,20401181,block_grouping,on,1472491096,15,11.0,20.0,/home/hersco/training_new_domains/2026-08-21/statistical_replication_stage1_policy_eval/20424551_Ev_block_grouping_block_grouping_orig_vh_c.1_s1472491096_SR10P_src20401181_e0015.txt
20424552,20401181,block_grouping,on,1472491096,20,11.0,20.0,/home/hersco/training_new_domains/2026-08-21/statistical_replication_stage1_policy_eval/20424552_Ev_block_grouping_block_grouping_orig_vh_c.1_s1472491096_SR10P_src20401181_e0020.txt
20424553,20401181,block_grouping,on,1472491096,25,9.0,20.0,/home/hersco/training_new_domains/2026-08-21/statistical_replication_stage1_policy_eval/20424553_Ev_block_grouping_block_grouping_orig_vh_c.1_s1472491096_SR10P_src20401181_e0025.txt
20424554,20401181,block_grouping,on,1472491096,30,15.0,20.0,/home/hersco/training_new_domains/2026-08-21/statistical_replication_stage1_policy_eval/20424554_Ev_block_grouping_block_grouping_orig_vh_c.1_s1472491096_SR10P_src20401181_e0030.txt
20424555,20401181,block_grouping,on,1472491096,35,11.0,20.0,/home/hersco/training_new_domains/2026-08-21/statistical_replication_stage1_policy_eval/20424555_Ev_block_grouping_block_grouping_orig_vh_c.1_s1472491096_SR10P_src20401181_e0035.txt
20424556,20401181,block_grouping,on,1472491096,40,15.0,20.0,/home/hersco/training_new_domains/2026-08-21/statistical_replication_stage1_policy_eval/20424556_Ev_block_grouping_block_grouping_orig_vh_c.1_s1472491096_SR10P_src20401181_e0040.txt
20424557,20401181,block_grouping,on,1472491096,45,10.0,20.0,/home/hersco/training_new_domains/2026-08-21/statistical_replication_stage1_policy_eval/20424557_Ev_block_grouping_block_grouping_orig_vh_c.1_s1472491096_SR10P_src20401181_e0045.txt
20424558,20401181,block_grouping,on,1472491096,50,14.0,20.0,/home/hersco/training_new_domains/2026-08-21/statistical_replication_stage1_policy_eval/20424558_Ev_block_grouping_block_grouping_orig_vh_c.1_s1472491096_SR10P_src20401181_e0050.txt
20424559,20401181,block_grouping,on,1472491096,2,17.0,20.0,/home/hersco/training_new_domains/2026-08-21/statistical_replication_stage1_policy_eval/20424559_Ev_block_grouping_block_grouping_orig_vh_c.1_s1472491096_SR10P_src20401181_e0002.txt
20424560,20401182,block_grouping,on,534933607,5,17.0,20.0,/home/hersco/training_new_domains/2026-08-21/statistical_replication_stage1_policy_eval/20424560_Ev_block_grouping_block_grouping_orig_vh_c.1_s534933607_SR10P_src20401182_e0005.txt
20424561,20401182,block_grouping,on,534933607,10,17.0,20.0,/home/hersco/training_new_domains/2026-08-21/statistical_replication_stage1_policy_eval/20424561_Ev_block_grouping_block_grouping_orig_vh_c.1_s534933607_SR10P_src20401182_e0010.txt
20424562,20401182,block_grouping,on,534933607,15,17.0,20.0,/home/hersco/training_new_domains/2026-08-21/statistical_replication_stage1_policy_eval/20424562_Ev_block_grouping_block_grouping_orig_vh_c.1_s534933607_SR10P_src20401182_e0015.txt
20424563,20401182,block_grouping,on,534933607,20,17.0,20.0,/home/hersco/training_new_domains/2026-08-21/statistical_replication_stage1_policy_eval/20424563_Ev_block_grouping_block_grouping_orig_vh_c.1_s534933607_SR10P_src20401182_e0020.txt
20424564,20401182,block_grouping,on,534933607,25,15.0,20.0,/home/hersco/training_new_domains/2026-08-21/statistical_replication_stage1_policy_eval/20424564_Ev_block_grouping_block_grouping_orig_vh_c.1_s534933607_SR10P_src20401182_e0025.txt
20424565,20401182,block_grouping,on,534933607,30,13.0,20.0,/home/hersco/training_new_domains/2026-08-21/statistical_replication_stage1_policy_eval/20424565_Ev_block_grouping_block_grouping_orig_vh_c.1_s534933607_SR10P_src20401182_e0030.txt
20424566,20401182,block_grouping,on,534933607,35,15.0,20.0,/home/hersco/training_new_domains/2026-08-21/statistical_replication_stage1_policy_eval/20424566_Ev_block_grouping_block_grouping_orig_vh_c.1_s534933607_SR10P_src20401182_e0035.txt
20424567,20401182,block_grouping,on,534933607,40,17.0,20.0,/home/hersco/training_new_domains/2026-08-21/statistical_replication_stage1_policy_eval/20424567_Ev_block_grouping_block_grouping_orig_vh_c.1_s534933607_SR10P_src20401182_e0040.txt
20424568,20401182,block_grouping,on,534933607,45,13.0,20.0,/home/hersco/training_new_domains/2026-08-21/statistical_replication_stage1_policy_eval/20424568_Ev_block_grouping_block_grouping_orig_vh_c.1_s534933607_SR10P_src20401182_e0045.txt
20424569,20401182,block_grouping,on,534933607,50,15.0,20.0,/home/hersco/training_new_domains/2026-08-21/statistical_replication_stage1_policy_eval/20424569_Ev_block_grouping_block_grouping_orig_vh_c.1_s534933607_SR10P_src20401182_e0050.txt
20424570,20401182,block_grouping,on,534933607,55,12.0,20.0,/home/hersco/training_new_domains/2026-08-21/statistical_replication_stage1_policy_eval/20424570_Ev_block_grouping_block_grouping_orig_vh_c.1_s534933607_SR10P_src20401182_e0055.txt
20424571,20401182,block_grouping,on,534933607,60,16.0,20.0,/home/hersco/training_new_domains/2026-08-21/statistical_replication_stage1_policy_eval/20424571_Ev_block_grouping_block_grouping_orig_vh_c.1_s534933607_SR10P_src20401182_e0060.txt
20424572,20401182,block_grouping,on,534933607,65,12.0,20.0,/home/hersco/training_new_domains/2026-08-21/statistical_replication_stage1_policy_eval/20424572_Ev_block_grouping_block_grouping_orig_vh_c.1_s534933607_SR10P_src20401182_e0065.txt
20424573,20401182,block_grouping,on,534933607,19,17.0,20.0,/home/hersco/training_new_domains/2026-08-21/statistical_replication_stage1_policy_eval/20424573_Ev_block_grouping_block_grouping_orig_vh_c.1_s534933607_SR10P_src20401182_e0019.txt
20424574,20401183,block_grouping,on,2082152039,5,16.0,20.0,/home/hersco/training_new_domains/2026-08-21/statistical_replication_stage1_policy_eval/20424574_Ev_block_grouping_block_grouping_orig_vh_c.1_s2082152039_SR10P_src20401183_e0005.txt
20424575,20401183,block_grouping,on,2082152039,10,16.0,20.0,/home/hersco/training_new_domains/2026-08-21/statistical_replication_stage1_policy_eval/20424575_Ev_block_grouping_block_grouping_orig_vh_c.1_s2082152039_SR10P_src20401183_e0010.txt
20424576,20401183,block_grouping,on,2082152039,15,15.0,20.0,/home/hersco/training_new_domains/2026-08-21/statistical_replication_stage1_policy_eval/20424576_Ev_block_grouping_block_grouping_orig_vh_c.1_s2082152039_SR10P_src20401183_e0015.txt
20424577,20401183,block_grouping,on,2082152039,20,12.0,20.0,/home/hersco/training_new_domains/2026-08-21/statistical_replication_stage1_policy_eval/20424577_Ev_block_grouping_block_grouping_orig_vh_c.1_s2082152039_SR10P_src20401183_e0020.txt
20424578,20401183,block_grouping,on,2082152039,25,13.0,20.0,/home/hersco/training_new_domains/2026-08-21/statistical_replication_stage1_policy_eval/20424578_Ev_block_grouping_block_grouping_orig_vh_c.1_s2082152039_SR10P_src20401183_e0025.txt
20424579,20401183,block_grouping,on,2082152039,30,15.0,20.0,/home/hersco/training_new_domains/2026-08-21/statistical_replication_stage1_policy_eval/20424579_Ev_block_grouping_block_grouping_orig_vh_c.1_s2082152039_SR10P_src20401183_e0030.txt
20424580,20401183,block_grouping,on,2082152039,35,15.0,20.0,/home/hersco/training_new_domains/2026-08-21/statistical_replication_stage1_policy_eval/20424580_Ev_block_grouping_block_grouping_orig_vh_c.1_s2082152039_SR10P_src20401183_e0035.txt
20424581,20401183,block_grouping,on,2082152039,40,16.0,20.0,/home/hersco/training_new_domains/2026-08-21/statistical_replication_stage1_policy_eval/20424581_Ev_block_grouping_block_grouping_orig_vh_c.1_s2082152039_SR10P_src20401183_e0040.txt
20424582,20401183,block_grouping,on,2082152039,45,13.0,20.0,/home/hersco/training_new_domains/2026-08-21/statistical_replication_stage1_policy_eval/20424582_Ev_block_grouping_block_grouping_orig_vh_c.1_s2082152039_SR10P_src20401183_e0045.txt
20424583,20401183,block_grouping,on,2082152039,50,15.0,20.0,/home/hersco/training_new_domains/2026-08-21/statistical_replication_stage1_policy_eval/20424583_Ev_block_grouping_block_grouping_orig_vh_c.1_s2082152039_SR10P_src20401183_e0050.txt
20424584,20401183,block_grouping,on,2082152039,55,12.0,20.0,/home/hersco/training_new_domains/2026-08-21/statistical_replication_stage1_policy_eval/20424584_Ev_block_grouping_block_grouping_orig_vh_c.1_s2082152039_SR10P_src20401183_e0055.txt
20424585,20401183,block_grouping,on,2082152039,60,15.0,20.0,/home/hersco/training_new_domains/2026-08-21/statistical_replication_stage1_policy_eval/20424585_Ev_block_grouping_block_grouping_orig_vh_c.1_s2082152039_SR10P_src20401183_e0060.txt
20424586,20401183,block_grouping,on,2082152039,11,15.0,20.0,/home/hersco/training_new_domains/2026-08-21/statistical_replication_stage1_policy_eval/20424586_Ev_block_grouping_block_grouping_orig_vh_c.1_s2082152039_SR10P_src20401183_e0011.txt
20424587,20401184,block_grouping,on,1510771779,5,11.0,20.0,/home/hersco/training_new_domains/2026-08-21/statistical_replication_stage1_policy_eval/20424587_Ev_block_grouping_block_grouping_orig_vh_c.1_s1510771779_SR10P_src20401184_e0005.txt
20424588,20401184,block_grouping,on,1510771779,10,16.0,20.0,/home/hersco/training_new_domains/2026-08-21/statistical_replication_stage1_policy_eval/20424588_Ev_block_grouping_block_grouping_orig_vh_c.1_s1510771779_SR10P_src20401184_e0010.txt
20424589,20401184,block_grouping,on,1510771779,15,16.0,20.0,/home/hersco/training_new_domains/2026-08-21/statistical_replication_stage1_policy_eval/20424589_Ev_block_grouping_block_grouping_orig_vh_c.1_s1510771779_SR10P_src20401184_e0015.txt
20424590,20401184,block_grouping,on,1510771779,20,17.0,20.0,/home/hersco/training_new_domains/2026-08-21/statistical_replication_stage1_policy_eval/20424590_Ev_block_grouping_block_grouping_orig_vh_c.1_s1510771779_SR10P_src20401184_e0020.txt
20424591,20401184,block_grouping,on,1510771779,25,16.0,20.0,/home/hersco/training_new_domains/2026-08-21/statistical_replication_stage1_policy_eval/20424591_Ev_block_grouping_block_grouping_orig_vh_c.1_s1510771779_SR10P_src20401184_e0025.txt
20424592,20401184,block_grouping,on,1510771779,30,17.0,20.0,/home/hersco/training_new_domains/2026-08-21/statistical_replication_stage1_policy_eval/20424592_Ev_block_grouping_block_grouping_orig_vh_c.1_s1510771779_SR10P_src20401184_e0030.txt
20424593,20401184,block_grouping,on,1510771779,35,17.0,20.0,/home/hersco/training_new_domains/2026-08-21/statistical_replication_stage1_policy_eval/20424593_Ev_block_grouping_block_grouping_orig_vh_c.1_s1510771779_SR10P_src20401184_e0035.txt
20424680,20401184,block_grouping,on,1510771779,40,16.0,20.0,/home/hersco/training_new_domains/2026-08-21/statistical_replication_stage1_policy_eval/20424680_Ev_block_grouping_block_grouping_orig_vh_c.1_s1510771779_SR10P_src20401184_e0040.txt
20424683,20401184,block_grouping,on,1510771779,45,17.0,20.0,/home/hersco/training_new_domains/2026-08-21/statistical_replication_stage1_policy_eval/20424683_Ev_block_grouping_block_grouping_orig_vh_c.1_s1510771779_SR10P_src20401184_e0045.txt
20424684,20401184,block_grouping,on,1510771779,50,17.0,20.0,/home/hersco/training_new_domains/2026-08-21/statistical_replication_stage1_policy_eval/20424684_Ev_block_grouping_block_grouping_orig_vh_c.1_s1510771779_SR10P_src20401184_e0050.txt
20424685,20401184,block_grouping,on,1510771779,55,17.0,20.0,/home/hersco/training_new_domains/2026-08-21/statistical_replication_stage1_policy_eval/20424685_Ev_block_grouping_block_grouping_orig_vh_c.1_s1510771779_SR10P_src20401184_e0055.txt
20424686,20401184,block_grouping,on,1510771779,60,13.0,20.0,/home/hersco/training_new_domains/2026-08-21/statistical_replication_stage1_policy_eval/20424686_Ev_block_grouping_block_grouping_orig_vh_c.1_s1510771779_SR10P_src20401184_e0060.txt
20424687,20401184,block_grouping,on,1510771779,65,17.0,20.0,/home/hersco/training_new_domains/2026-08-21/statistical_replication_stage1_policy_eval/20424687_Ev_block_grouping_block_grouping_orig_vh_c.1_s1510771779_SR10P_src20401184_e0065.txt
20424688,20401184,block_grouping,on,1510771779,70,17.0,20.0,/home/hersco/training_new_domains/2026-08-21/statistical_replication_stage1_policy_eval/20424688_Ev_block_grouping_block_grouping_orig_vh_c.1_s1510771779_SR10P_src20401184_e0070.txt
20424690,20401184,block_grouping,on,1510771779,75,17.0,20.0,/home/hersco/training_new_domains/2026-08-21/statistical_replication_stage1_policy_eval/20424690_Ev_block_grouping_block_grouping_orig_vh_c.1_s1510771779_SR10P_src20401184_e0075.txt
20424693,20401184,block_grouping,on,1510771779,80,16.0,20.0,/home/hersco/training_new_domains/2026-08-21/statistical_replication_stage1_policy_eval/20424693_Ev_block_grouping_block_grouping_orig_vh_c.1_s1510771779_SR10P_src20401184_e0080.txt
20424695,20401184,block_grouping,on,1510771779,85,17.0,20.0,/home/hersco/training_new_domains/2026-08-21/statistical_replication_stage1_policy_eval/20424695_Ev_block_grouping_block_grouping_orig_vh_c.1_s1510771779_SR10P_src20401184_e0085.txt
20424698,20401184,block_grouping,on,1510771779,90,16.0,20.0,/home/hersco/training_new_domains/2026-08-21/statistical_replication_stage1_policy_eval/20424698_Ev_block_grouping_block_grouping_orig_vh_c.1_s1510771779_SR10P_src20401184_e0090.txt
20424700,20401184,block_grouping,on,1510771779,95,13.0,20.0,/home/hersco/training_new_domains/2026-08-21/statistical_replication_stage1_policy_eval/20424700_Ev_block_grouping_block_grouping_orig_vh_c.1_s1510771779_SR10P_src20401184_e0095.txt
20424703,20401184,block_grouping,on,1510771779,100,16.0,20.0,/home/hersco/training_new_domains/2026-08-21/statistical_replication_stage1_policy_eval/20424703_Ev_block_grouping_block_grouping_orig_vh_c.1_s1510771779_SR10P_src20401184_e0100.txt
20424705,20401184,block_grouping,on,1510771779,105,17.0,20.0,/home/hersco/training_new_domains/2026-08-21/statistical_replication_stage1_policy_eval/20424705_Ev_block_grouping_block_grouping_orig_vh_c.1_s1510771779_SR10P_src20401184_e0105.txt
20424708,20401184,block_grouping,on,1510771779,110,13.0,20.0,/home/hersco/training_new_domains/2026-08-21/statistical_replication_stage1_policy_eval/20424708_Ev_block_grouping_block_grouping_orig_vh_c.1_s1510771779_SR10P_src20401184_e0110.txt
20424710,20401184,block_grouping,on,1510771779,115,13.0,20.0,/home/hersco/training_new_domains/2026-08-21/statistical_replication_stage1_policy_eval/20424710_Ev_block_grouping_block_grouping_orig_vh_c.1_s1510771779_SR10P_src20401184_e0115.txt
20424712,20401184,block_grouping,on,1510771779,120,16.0,20.0,/home/hersco/training_new_domains/2026-08-21/statistical_replication_stage1_policy_eval/20424712_Ev_block_grouping_block_grouping_orig_vh_c.1_s1510771779_SR10P_src20401184_e0120.txt
20424715,20401184,block_grouping,on,1510771779,125,17.0,20.0,/home/hersco/training_new_domains/2026-08-21/statistical_replication_stage1_policy_eval/20424715_Ev_block_grouping_block_grouping_orig_vh_c.1_s1510771779_SR10P_src20401184_e0125.txt
20424717,20401184,block_grouping,on,1510771779,130,18.0,20.0,/home/hersco/training_new_domains/2026-08-21/statistical_replication_stage1_policy_eval/20424717_Ev_block_grouping_block_grouping_orig_vh_c.1_s1510771779_SR10P_src20401184_e0130.txt
20424720,20401184,block_grouping,on,1510771779,135,17.0,20.0,/home/hersco/training_new_domains/2026-08-21/statistical_replication_stage1_policy_eval/20424720_Ev_block_grouping_block_grouping_orig_vh_c.1_s1510771779_SR10P_src20401184_e0135.txt
20424722,20401184,block_grouping,on,1510771779,88,17.0,20.0,/home/hersco/training_new_domains/2026-08-21/statistical_replication_stage1_policy_eval/20424722_Ev_block_grouping_block_grouping_orig_vh_c.1_s1510771779_SR10P_src20401184_e0088.txt
20424724,20401185,block_grouping,on,923500475,5,18.0,20.0,/home/hersco/training_new_domains/2026-08-21/statistical_replication_stage1_policy_eval/20424724_Ev_block_grouping_block_grouping_orig_vh_c.1_s923500475_SR10P_src20401185_e0005.txt
20424726,20401185,block_grouping,on,923500475,10,15.0,20.0,/home/hersco/training_new_domains/2026-08-21/statistical_replication_stage1_policy_eval/20424726_Ev_block_grouping_block_grouping_orig_vh_c.1_s923500475_SR10P_src20401185_e0010.txt
20424729,20401185,block_grouping,on,923500475,15,17.0,20.0,/home/hersco/training_new_domains/2026-08-21/statistical_replication_stage1_policy_eval/20424729_Ev_block_grouping_block_grouping_orig_vh_c.1_s923500475_SR10P_src20401185_e0015.txt
20424731,20401185,block_grouping,on,923500475,20,17.0,20.0,/home/hersco/training_new_domains/2026-08-21/statistical_replication_stage1_policy_eval/20424731_Ev_block_grouping_block_grouping_orig_vh_c.1_s923500475_SR10P_src20401185_e0020.txt
20424734,20401185,block_grouping,on,923500475,25,14.0,20.0,/home/hersco/training_new_domains/2026-08-21/statistical_replication_stage1_policy_eval/20424734_Ev_block_grouping_block_grouping_orig_vh_c.1_s923500475_SR10P_src20401185_e0025.txt
20424736,20401185,block_grouping,on,923500475,30,17.0,20.0,/home/hersco/training_new_domains/2026-08-21/statistical_replication_stage1_policy_eval/20424736_Ev_block_grouping_block_grouping_orig_vh_c.1_s923500475_SR10P_src20401185_e0030.txt
20424739,20401185,block_grouping,on,923500475,35,17.0,20.0,/home/hersco/training_new_domains/2026-08-21/statistical_replication_stage1_policy_eval/20424739_Ev_block_grouping_block_grouping_orig_vh_c.1_s923500475_SR10P_src20401185_e0035.txt
20424741,20401185,block_grouping,on,923500475,40,13.0,20.0,/home/hersco/training_new_domains/2026-08-21/statistical_replication_stage1_policy_eval/20424741_Ev_block_grouping_block_grouping_orig_vh_c.1_s923500475_SR10P_src20401185_e0040.txt
20424744,20401185,block_grouping,on,923500475,45,15.0,20.0,/home/hersco/training_new_domains/2026-08-21/statistical_replication_stage1_policy_eval/20424744_Ev_block_grouping_block_grouping_orig_vh_c.1_s923500475_SR10P_src20401185_e0045.txt
20424746,20401185,block_grouping,on,923500475,50,17.0,20.0,/home/hersco/training_new_domains/2026-08-21/statistical_replication_stage1_policy_eval/20424746_Ev_block_grouping_block_grouping_orig_vh_c.1_s923500475_SR10P_src20401185_e0050.txt
20424749,20401185,block_grouping,on,923500475,55,16.0,20.0,/home/hersco/training_new_domains/2026-08-21/statistical_replication_stage1_policy_eval/20424749_Ev_block_grouping_block_grouping_orig_vh_c.1_s923500475_SR10P_src20401185_e0055.txt
20424751,20401185,block_grouping,on,923500475,60,15.0,20.0,/home/hersco/training_new_domains/2026-08-21/statistical_replication_stage1_policy_eval/20424751_Ev_block_grouping_block_grouping_orig_vh_c.1_s923500475_SR10P_src20401185_e0060.txt
20424754,20401185,block_grouping,on,923500475,65,16.0,20.0,/home/hersco/training_new_domains/2026-08-21/statistical_replication_stage1_policy_eval/20424754_Ev_block_grouping_block_grouping_orig_vh_c.1_s923500475_SR10P_src20401185_e0065.txt
20424756,20401185,block_grouping,on,923500475,70,17.0,20.0,/home/hersco/training_new_domains/2026-08-21/statistical_replication_stage1_policy_eval/20424756_Ev_block_grouping_block_grouping_orig_vh_c.1_s923500475_SR10P_src20401185_e0070.txt
20424758,20401186,block_grouping,on,1972442430,5,15.0,20.0,/home/hersco/training_new_domains/2026-08-21/statistical_replication_stage1_policy_eval/20424758_Ev_block_grouping_block_grouping_orig_vh_c.1_s1972442430_SR10P_src20401186_e0005.txt
20424761,20401186,block_grouping,on,1972442430,10,16.0,20.0,/home/hersco/training_new_domains/2026-08-21/statistical_replication_stage1_policy_eval/20424761_Ev_block_grouping_block_grouping_orig_vh_c.1_s1972442430_SR10P_src20401186_e0010.txt
20424763,20401186,block_grouping,on,1972442430,15,13.0,20.0,/home/hersco/training_new_domains/2026-08-21/statistical_replication_stage1_policy_eval/20424763_Ev_block_grouping_block_grouping_orig_vh_c.1_s1972442430_SR10P_src20401186_e0015.txt
20424765,20401186,block_grouping,on,1972442430,20,18.0,20.0,/home/hersco/training_new_domains/2026-08-21/statistical_replication_stage1_policy_eval/20424765_Ev_block_grouping_block_grouping_orig_vh_c.1_s1972442430_SR10P_src20401186_e0020.txt
20424768,20401186,block_grouping,on,1972442430,25,15.0,20.0,/home/hersco/training_new_domains/2026-08-21/statistical_replication_stage1_policy_eval/20424768_Ev_block_grouping_block_grouping_orig_vh_c.1_s1972442430_SR10P_src20401186_e0025.txt
20424770,20401186,block_grouping,on,1972442430,30,15.0,20.0,/home/hersco/training_new_domains/2026-08-21/statistical_replication_stage1_policy_eval/20424770_Ev_block_grouping_block_grouping_orig_vh_c.1_s1972442430_SR10P_src20401186_e0030.txt
20424772,20401186,block_grouping,on,1972442430,35,16.0,20.0,/home/hersco/training_new_domains/2026-08-21/statistical_replication_stage1_policy_eval/20424772_Ev_block_grouping_block_grouping_orig_vh_c.1_s1972442430_SR10P_src20401186_e0035.txt
20424774,20401186,block_grouping,on,1972442430,40,15.0,20.0,/home/hersco/training_new_domains/2026-08-21/statistical_replication_stage1_policy_eval/20424774_Ev_block_grouping_block_grouping_orig_vh_c.1_s1972442430_SR10P_src20401186_e0040.txt
20424777,20401186,block_grouping,on,1972442430,45,15.0,20.0,/home/hersco/training_new_domains/2026-08-21/statistical_replication_stage1_policy_eval/20424777_Ev_block_grouping_block_grouping_orig_vh_c.1_s1972442430_SR10P_src20401186_e0045.txt
20424779,20401186,block_grouping,on,1972442430,50,16.0,20.0,/home/hersco/training_new_domains/2026-08-21/statistical_replication_stage1_policy_eval/20424779_Ev_block_grouping_block_grouping_orig_vh_c.1_s1972442430_SR10P_src20401186_e0050.txt
20424782,20401186,block_grouping,on,1972442430,55,17.0,20.0,/home/hersco/training_new_domains/2026-08-21/statistical_replication_stage1_policy_eval/20424782_Ev_block_grouping_block_grouping_orig_vh_c.1_s1972442430_SR10P_src20401186_e0055.txt
20424784,20401187,block_grouping,off,1963100312,5,17.0,20.0,/home/hersco/training_new_domains/2026-08-21/statistical_replication_stage1_policy_eval/20424784_Ev_block_grouping_block_grouping_orig_novh_c.1_s1963100312_SR10P_src20401187_e0005.txt
20424787,20401187,block_grouping,off,1963100312,10,17.0,20.0,/home/hersco/training_new_domains/2026-08-21/statistical_replication_stage1_policy_eval/20424787_Ev_block_grouping_block_grouping_orig_novh_c.1_s1963100312_SR10P_src20401187_e0010.txt
20424789,20401187,block_grouping,off,1963100312,15,16.0,20.0,/home/hersco/training_new_domains/2026-08-21/statistical_replication_stage1_policy_eval/20424789_Ev_block_grouping_block_grouping_orig_novh_c.1_s1963100312_SR10P_src20401187_e0015.txt
20424792,20401187,block_grouping,off,1963100312,20,15.0,20.0,/home/hersco/training_new_domains/2026-08-21/statistical_replication_stage1_policy_eval/20424792_Ev_block_grouping_block_grouping_orig_novh_c.1_s1963100312_SR10P_src20401187_e0020.txt
20424794,20401187,block_grouping,off,1963100312,25,16.0,20.0,/home/hersco/training_new_domains/2026-08-21/statistical_replication_stage1_policy_eval/20424794_Ev_block_grouping_block_grouping_orig_novh_c.1_s1963100312_SR10P_src20401187_e0025.txt
20424797,20401187,block_grouping,off,1963100312,30,19.0,20.0,/home/hersco/training_new_domains/2026-08-21/statistical_replication_stage1_policy_eval/20424797_Ev_block_grouping_block_grouping_orig_novh_c.1_s1963100312_SR10P_src20401187_e0030.txt
20424799,20401187,block_grouping,off,1963100312,35,18.0,20.0,/home/hersco/training_new_domains/2026-08-21/statistical_replication_stage1_policy_eval/20424799_Ev_block_grouping_block_grouping_orig_novh_c.1_s1963100312_SR10P_src20401187_e0035.txt
20424802,20401187,block_grouping,off,1963100312,40,16.0,20.0,/home/hersco/training_new_domains/2026-08-21/statistical_replication_stage1_policy_eval/20424802_Ev_block_grouping_block_grouping_orig_novh_c.1_s1963100312_SR10P_src20401187_e0040.txt
20424804,20401187,block_grouping,off,1963100312,45,18.0,20.0,/home/hersco/training_new_domains/2026-08-21/statistical_replication_stage1_policy_eval/20424804_Ev_block_grouping_block_grouping_orig_novh_c.1_s1963100312_SR10P_src20401187_e0045.txt
20424806,20401187,block_grouping,off,1963100312,50,19.0,20.0,/home/hersco/training_new_domains/2026-08-21/statistical_replication_stage1_policy_eval/20424806_Ev_block_grouping_block_grouping_orig_novh_c.1_s1963100312_SR10P_src20401187_e0050.txt
20424809,20401187,block_grouping,off,1963100312,55,19.0,20.0,/home/hersco/training_new_domains/2026-08-21/statistical_replication_stage1_policy_eval/20424809_Ev_block_grouping_block_grouping_orig_novh_c.1_s1963100312_SR10P_src20401187_e0055.txt
20424811,20401187,block_grouping,off,1963100312,60,18.0,20.0,/home/hersco/training_new_domains/2026-08-21/statistical_replication_stage1_policy_eval/20424811_Ev_block_grouping_block_grouping_orig_novh_c.1_s1963100312_SR10P_src20401187_e0060.txt
20424813,20401187,block_grouping,off,1963100312,65,18.0,20.0,/home/hersco/training_new_domains/2026-08-21/statistical_replication_stage1_policy_eval/20424813_Ev_block_grouping_block_grouping_orig_novh_c.1_s1963100312_SR10P_src20401187_e0065.txt
20424816,20401187,block_grouping,off,1963100312,70,16.0,20.0,/home/hersco/training_new_domains/2026-08-21/statistical_replication_stage1_policy_eval/20424816_Ev_block_grouping_block_grouping_orig_novh_c.1_s1963100312_SR10P_src20401187_e0070.txt
20424818,20401187,block_grouping,off,1963100312,75,18.0,20.0,/home/hersco/training_new_domains/2026-08-21/statistical_replication_stage1_policy_eval/20424818_Ev_block_grouping_block_grouping_orig_novh_c.1_s1963100312_SR10P_src20401187_e0075.txt
20424821,20401187,block_grouping,off,1963100312,80,16.0,20.0,/home/hersco/training_new_domains/2026-08-21/statistical_replication_stage1_policy_eval/20424821_Ev_block_grouping_block_grouping_orig_novh_c.1_s1963100312_SR10P_src20401187_e0080.txt
20424823,20401187,block_grouping,off,1963100312,85,18.0,20.0,/home/hersco/training_new_domains/2026-08-21/statistical_replication_stage1_policy_eval/20424823_Ev_block_grouping_block_grouping_orig_novh_c.1_s1963100312_SR10P_src20401187_e0085.txt
20424826,20401187,block_grouping,off,1963100312,90,12.0,20.0,/home/hersco/training_new_domains/2026-08-21/statistical_replication_stage1_policy_eval/20424826_Ev_block_grouping_block_grouping_orig_novh_c.1_s1963100312_SR10P_src20401187_e0090.txt
20424828,20401187,block_grouping,off,1963100312,44,18.0,20.0,/home/hersco/training_new_domains/2026-08-21/statistical_replication_stage1_policy_eval/20424828_Ev_block_grouping_block_grouping_orig_novh_c.1_s1963100312_SR10P_src20401187_e0044.txt
20424830,20401188,block_grouping,off,2011206605,5,15.0,20.0,/home/hersco/training_new_domains/2026-08-21/statistical_replication_stage1_policy_eval/20424830_Ev_block_grouping_block_grouping_orig_novh_c.1_s2011206605_SR10P_src20401188_e0005.txt
20424833,20401188,block_grouping,off,2011206605,10,15.0,20.0,/home/hersco/training_new_domains/2026-08-21/statistical_replication_stage1_policy_eval/20424833_Ev_block_grouping_block_grouping_orig_novh_c.1_s2011206605_SR10P_src20401188_e0010.txt
20424835,20401188,block_grouping,off,2011206605,15,13.0,20.0,/home/hersco/training_new_domains/2026-08-21/statistical_replication_stage1_policy_eval/20424835_Ev_block_grouping_block_grouping_orig_novh_c.1_s2011206605_SR10P_src20401188_e0015.txt
20424837,20401188,block_grouping,off,2011206605,20,12.0,20.0,/home/hersco/training_new_domains/2026-08-21/statistical_replication_stage1_policy_eval/20424837_Ev_block_grouping_block_grouping_orig_novh_c.1_s2011206605_SR10P_src20401188_e0020.txt
20424840,20401188,block_grouping,off,2011206605,25,16.0,20.0,/home/hersco/training_new_domains/2026-08-21/statistical_replication_stage1_policy_eval/20424840_Ev_block_grouping_block_grouping_orig_novh_c.1_s2011206605_SR10P_src20401188_e0025.txt
20424842,20401188,block_grouping,off,2011206605,30,14.0,20.0,/home/hersco/training_new_domains/2026-08-21/statistical_replication_stage1_policy_eval/20424842_Ev_block_grouping_block_grouping_orig_novh_c.1_s2011206605_SR10P_src20401188_e0030.txt
20424844,20401188,block_grouping,off,2011206605,35,13.0,20.0,/home/hersco/training_new_domains/2026-08-21/statistical_replication_stage1_policy_eval/20424844_Ev_block_grouping_block_grouping_orig_novh_c.1_s2011206605_SR10P_src20401188_e0035.txt
20424847,20401188,block_grouping,off,2011206605,40,15.0,20.0,/home/hersco/training_new_domains/2026-08-21/statistical_replication_stage1_policy_eval/20424847_Ev_block_grouping_block_grouping_orig_novh_c.1_s2011206605_SR10P_src20401188_e0040.txt
20424849,20401188,block_grouping,off,2011206605,45,14.0,20.0,/home/hersco/training_new_domains/2026-08-21/statistical_replication_stage1_policy_eval/20424849_Ev_block_grouping_block_grouping_orig_novh_c.1_s2011206605_SR10P_src20401188_e0045.txt
20424852,20401188,block_grouping,off,2011206605,50,13.0,20.0,/home/hersco/training_new_domains/2026-08-21/statistical_replication_stage1_policy_eval/20424852_Ev_block_grouping_block_grouping_orig_novh_c.1_s2011206605_SR10P_src20401188_e0050.txt
20424854,20401188,block_grouping,off,2011206605,55,15.0,20.0,/home/hersco/training_new_domains/2026-08-21/statistical_replication_stage1_policy_eval/20424854_Ev_block_grouping_block_grouping_orig_novh_c.1_s2011206605_SR10P_src20401188_e0055.txt
20424856,20401188,block_grouping,off,2011206605,60,14.0,20.0,/home/hersco/training_new_domains/2026-08-21/statistical_replication_stage1_policy_eval/20424856_Ev_block_grouping_block_grouping_orig_novh_c.1_s2011206605_SR10P_src20401188_e0060.txt
20424858,20401188,block_grouping,off,2011206605,65,12.0,20.0,/home/hersco/training_new_domains/2026-08-21/statistical_replication_stage1_policy_eval/20424858_Ev_block_grouping_block_grouping_orig_novh_c.1_s2011206605_SR10P_src20401188_e0065.txt
20424861,20401188,block_grouping,off,2011206605,70,12.0,20.0,/home/hersco/training_new_domains/2026-08-21/statistical_replication_stage1_policy_eval/20424861_Ev_block_grouping_block_grouping_orig_novh_c.1_s2011206605_SR10P_src20401188_e0070.txt
20424864,20401188,block_grouping,off,2011206605,75,13.0,20.0,/home/hersco/training_new_domains/2026-08-21/statistical_replication_stage1_policy_eval/20424864_Ev_block_grouping_block_grouping_orig_novh_c.1_s2011206605_SR10P_src20401188_e0075.txt
20424866,20401188,block_grouping,off,2011206605,80,16.0,20.0,/home/hersco/training_new_domains/2026-08-21/statistical_replication_stage1_policy_eval/20424866_Ev_block_grouping_block_grouping_orig_novh_c.1_s2011206605_SR10P_src20401188_e0080.txt
20424869,20401188,block_grouping,off,2011206605,85,16.0,20.0,/home/hersco/training_new_domains/2026-08-21/statistical_replication_stage1_policy_eval/20424869_Ev_block_grouping_block_grouping_orig_novh_c.1_s2011206605_SR10P_src20401188_e0085.txt
20424871,20401188,block_grouping,off,2011206605,90,17.0,20.0,/home/hersco/training_new_domains/2026-08-21/statistical_replication_stage1_policy_eval/20424871_Ev_block_grouping_block_grouping_orig_novh_c.1_s2011206605_SR10P_src20401188_e0090.txt
20424873,20401189,block_grouping,off,1073581256,5,16.0,20.0,/home/hersco/training_new_domains/2026-08-21/statistical_replication_stage1_policy_eval/20424873_Ev_block_grouping_block_grouping_orig_novh_c.1_s1073581256_SR10P_src20401189_e0005.txt
20424876,20401189,block_grouping,off,1073581256,10,15.0,20.0,/home/hersco/training_new_domains/2026-08-21/statistical_replication_stage1_policy_eval/20424876_Ev_block_grouping_block_grouping_orig_novh_c.1_s1073581256_SR10P_src20401189_e0010.txt
20424878,20401189,block_grouping,off,1073581256,15,16.0,20.0,/home/hersco/training_new_domains/2026-08-21/statistical_replication_stage1_policy_eval/20424878_Ev_block_grouping_block_grouping_orig_novh_c.1_s1073581256_SR10P_src20401189_e0015.txt
20424881,20401189,block_grouping,off,1073581256,20,13.0,20.0,/home/hersco/training_new_domains/2026-08-21/statistical_replication_stage1_policy_eval/20424881_Ev_block_grouping_block_grouping_orig_novh_c.1_s1073581256_SR10P_src20401189_e0020.txt
20424883,20401189,block_grouping,off,1073581256,25,18.0,20.0,/home/hersco/training_new_domains/2026-08-21/statistical_replication_stage1_policy_eval/20424883_Ev_block_grouping_block_grouping_orig_novh_c.1_s1073581256_SR10P_src20401189_e0025.txt
20424885,20401189,block_grouping,off,1073581256,30,15.0,20.0,/home/hersco/training_new_domains/2026-08-21/statistical_replication_stage1_policy_eval/20424885_Ev_block_grouping_block_grouping_orig_novh_c.1_s1073581256_SR10P_src20401189_e0030.txt
20424887,20401189,block_grouping,off,1073581256,35,17.0,20.0,/home/hersco/training_new_domains/2026-08-21/statistical_replication_stage1_policy_eval/20424887_Ev_block_grouping_block_grouping_orig_novh_c.1_s1073581256_SR10P_src20401189_e0035.txt
20424888,20401189,block_grouping,off,1073581256,40,17.0,20.0,/home/hersco/training_new_domains/2026-08-21/statistical_replication_stage1_policy_eval/20424888_Ev_block_grouping_block_grouping_orig_novh_c.1_s1073581256_SR10P_src20401189_e0040.txt
20424889,20401189,block_grouping,off,1073581256,45,17.0,20.0,/home/hersco/training_new_domains/2026-08-21/statistical_replication_stage1_policy_eval/20424889_Ev_block_grouping_block_grouping_orig_novh_c.1_s1073581256_SR10P_src20401189_e0045.txt
20424890,20401189,block_grouping,off,1073581256,50,14.0,20.0,/home/hersco/training_new_domains/2026-08-21/statistical_replication_stage1_policy_eval/20424890_Ev_block_grouping_block_grouping_orig_novh_c.1_s1073581256_SR10P_src20401189_e0050.txt
20424891,20401189,block_grouping,off,1073581256,55,18.0,20.0,/home/hersco/training_new_domains/2026-08-21/statistical_replication_stage1_policy_eval/20424891_Ev_block_grouping_block_grouping_orig_novh_c.1_s1073581256_SR10P_src20401189_e0055.txt
20424892,20401189,block_grouping,off,1073581256,60,16.0,20.0,/home/hersco/training_new_domains/2026-08-21/statistical_replication_stage1_policy_eval/20424892_Ev_block_grouping_block_grouping_orig_novh_c.1_s1073581256_SR10P_src20401189_e0060.txt
20424893,20401189,block_grouping,off,1073581256,65,16.0,20.0,/home/hersco/training_new_domains/2026-08-21/statistical_replication_stage1_policy_eval/20424893_Ev_block_grouping_block_grouping_orig_novh_c.1_s1073581256_SR10P_src20401189_e0065.txt
20424894,20401189,block_grouping,off,1073581256,70,17.0,20.0,/home/hersco/training_new_domains/2026-08-21/statistical_replication_stage1_policy_eval/20424894_Ev_block_grouping_block_grouping_orig_novh_c.1_s1073581256_SR10P_src20401189_e0070.txt
20424895,20401189,block_grouping,off,1073581256,23,15.0,20.0,/home/hersco/training_new_domains/2026-08-21/statistical_replication_stage1_policy_eval/20424895_Ev_block_grouping_block_grouping_orig_novh_c.1_s1073581256_SR10P_src20401189_e0023.txt
20424896,20401190,block_grouping,off,1239739722,5,18.0,20.0,/home/hersco/training_new_domains/2026-08-21/statistical_replication_stage1_policy_eval/20424896_Ev_block_grouping_block_grouping_orig_novh_c.1_s1239739722_SR10P_src20401190_e0005.txt
20424897,20401190,block_grouping,off,1239739722,10,18.0,20.0,/home/hersco/training_new_domains/2026-08-21/statistical_replication_stage1_policy_eval/20424897_Ev_block_grouping_block_grouping_orig_novh_c.1_s1239739722_SR10P_src20401190_e0010.txt
20425119,20401190,block_grouping,off,1239739722,15,16.0,20.0,/home/hersco/training_new_domains/2026-08-21/statistical_replication_stage1_policy_eval/20425119_Ev_block_grouping_block_grouping_orig_novh_c.1_s1239739722_SR10P_src20401190_e0015.txt
20425121,20401190,block_grouping,off,1239739722,20,16.0,20.0,/home/hersco/training_new_domains/2026-08-21/statistical_replication_stage1_policy_eval/20425121_Ev_block_grouping_block_grouping_orig_novh_c.1_s1239739722_SR10P_src20401190_e0020.txt
20425123,20401190,block_grouping,off,1239739722,25,18.0,20.0,/home/hersco/training_new_domains/2026-08-21/statistical_replication_stage1_policy_eval/20425123_Ev_block_grouping_block_grouping_orig_novh_c.1_s1239739722_SR10P_src20401190_e0025.txt
20425125,20401190,block_grouping,off,1239739722,30,18.0,20.0,/home/hersco/training_new_domains/2026-08-21/statistical_replication_stage1_policy_eval/20425125_Ev_block_grouping_block_grouping_orig_novh_c.1_s1239739722_SR10P_src20401190_e0030.txt
20425126,20401190,block_grouping,off,1239739722,35,17.0,20.0,/home/hersco/training_new_domains/2026-08-21/statistical_replication_stage1_policy_eval/20425126_Ev_block_grouping_block_grouping_orig_novh_c.1_s1239739722_SR10P_src20401190_e0035.txt
20425127,20401190,block_grouping,off,1239739722,40,18.0,20.0,/home/hersco/training_new_domains/2026-08-21/statistical_replication_stage1_policy_eval/20425127_Ev_block_grouping_block_grouping_orig_novh_c.1_s1239739722_SR10P_src20401190_e0040.txt
20425128,20401190,block_grouping,off,1239739722,45,19.0,20.0,/home/hersco/training_new_domains/2026-08-21/statistical_replication_stage1_policy_eval/20425128_Ev_block_grouping_block_grouping_orig_novh_c.1_s1239739722_SR10P_src20401190_e0045.txt
20425129,20401190,block_grouping,off,1239739722,50,19.0,20.0,/home/hersco/training_new_domains/2026-08-21/statistical_replication_stage1_policy_eval/20425129_Ev_block_grouping_block_grouping_orig_novh_c.1_s1239739722_SR10P_src20401190_e0050.txt
20425130,20401190,block_grouping,off,1239739722,55,18.0,20.0,/home/hersco/training_new_domains/2026-08-21/statistical_replication_stage1_policy_eval/20425130_Ev_block_grouping_block_grouping_orig_novh_c.1_s1239739722_SR10P_src20401190_e0055.txt
20425131,20401190,block_grouping,off,1239739722,60,18.0,20.0,/home/hersco/training_new_domains/2026-08-21/statistical_replication_stage1_policy_eval/20425131_Ev_block_grouping_block_grouping_orig_novh_c.1_s1239739722_SR10P_src20401190_e0060.txt
20425132,20401190,block_grouping,off,1239739722,65,17.0,20.0,/home/hersco/training_new_domains/2026-08-21/statistical_replication_stage1_policy_eval/20425132_Ev_block_grouping_block_grouping_orig_novh_c.1_s1239739722_SR10P_src20401190_e0065.txt
20425133,20401190,block_grouping,off,1239739722,70,17.0,20.0,/home/hersco/training_new_domains/2026-08-21/statistical_replication_stage1_policy_eval/20425133_Ev_block_grouping_block_grouping_orig_novh_c.1_s1239739722_SR10P_src20401190_e0070.txt
20425134,20401190,block_grouping,off,1239739722,75,18.0,20.0,/home/hersco/training_new_domains/2026-08-21/statistical_replication_stage1_policy_eval/20425134_Ev_block_grouping_block_grouping_orig_novh_c.1_s1239739722_SR10P_src20401190_e0075.txt
20425135,20401190,block_grouping,off,1239739722,27,17.0,20.0,/home/hersco/training_new_domains/2026-08-21/statistical_replication_stage1_policy_eval/20425135_Ev_block_grouping_block_grouping_orig_novh_c.1_s1239739722_SR10P_src20401190_e0027.txt
20425136,20401191,block_grouping,off,1472491096,5,19.0,20.0,/home/hersco/training_new_domains/2026-08-21/statistical_replication_stage1_policy_eval/20425136_Ev_block_grouping_block_grouping_orig_novh_c.1_s1472491096_SR10P_src20401191_e0005.txt
20425137,20401191,block_grouping,off,1472491096,10,15.0,20.0,/home/hersco/training_new_domains/2026-08-21/statistical_replication_stage1_policy_eval/20425137_Ev_block_grouping_block_grouping_orig_novh_c.1_s1472491096_SR10P_src20401191_e0010.txt
20425138,20401191,block_grouping,off,1472491096,15,14.0,20.0,/home/hersco/training_new_domains/2026-08-21/statistical_replication_stage1_policy_eval/20425138_Ev_block_grouping_block_grouping_orig_novh_c.1_s1472491096_SR10P_src20401191_e0015.txt
20425139,20401191,block_grouping,off,1472491096,20,14.0,20.0,/home/hersco/training_new_domains/2026-08-21/statistical_replication_stage1_policy_eval/20425139_Ev_block_grouping_block_grouping_orig_novh_c.1_s1472491096_SR10P_src20401191_e0020.txt
20425140,20401191,block_grouping,off,1472491096,25,16.0,20.0,/home/hersco/training_new_domains/2026-08-21/statistical_replication_stage1_policy_eval/20425140_Ev_block_grouping_block_grouping_orig_novh_c.1_s1472491096_SR10P_src20401191_e0025.txt
20425141,20401191,block_grouping,off,1472491096,30,15.0,20.0,/home/hersco/training_new_domains/2026-08-21/statistical_replication_stage1_policy_eval/20425141_Ev_block_grouping_block_grouping_orig_novh_c.1_s1472491096_SR10P_src20401191_e0030.txt
20425142,20401191,block_grouping,off,1472491096,35,15.0,20.0,/home/hersco/training_new_domains/2026-08-21/statistical_replication_stage1_policy_eval/20425142_Ev_block_grouping_block_grouping_orig_novh_c.1_s1472491096_SR10P_src20401191_e0035.txt
20425143,20401191,block_grouping,off,1472491096,40,15.0,20.0,/home/hersco/training_new_domains/2026-08-21/statistical_replication_stage1_policy_eval/20425143_Ev_block_grouping_block_grouping_orig_novh_c.1_s1472491096_SR10P_src20401191_e0040.txt
20425144,20401191,block_grouping,off,1472491096,45,13.0,20.0,/home/hersco/training_new_domains/2026-08-21/statistical_replication_stage1_policy_eval/20425144_Ev_block_grouping_block_grouping_orig_novh_c.1_s1472491096_SR10P_src20401191_e0045.txt
20425145,20401191,block_grouping,off,1472491096,50,14.0,20.0,/home/hersco/training_new_domains/2026-08-21/statistical_replication_stage1_policy_eval/20425145_Ev_block_grouping_block_grouping_orig_novh_c.1_s1472491096_SR10P_src20401191_e0050.txt
20425146,20401191,block_grouping,off,1472491096,55,17.0,20.0,/home/hersco/training_new_domains/2026-08-21/statistical_replication_stage1_policy_eval/20425146_Ev_block_grouping_block_grouping_orig_novh_c.1_s1472491096_SR10P_src20401191_e0055.txt
20425147,20401191,block_grouping,off,1472491096,60,16.0,20.0,/home/hersco/training_new_domains/2026-08-21/statistical_replication_stage1_policy_eval/20425147_Ev_block_grouping_block_grouping_orig_novh_c.1_s1472491096_SR10P_src20401191_e0060.txt
20425148,20401191,block_grouping,off,1472491096,65,17.0,20.0,/home/hersco/training_new_domains/2026-08-21/statistical_replication_stage1_policy_eval/20425148_Ev_block_grouping_block_grouping_orig_novh_c.1_s1472491096_SR10P_src20401191_e0065.txt
20425149,20401191,block_grouping,off,1472491096,70,18.0,20.0,/home/hersco/training_new_domains/2026-08-21/statistical_replication_stage1_policy_eval/20425149_Ev_block_grouping_block_grouping_orig_novh_c.1_s1472491096_SR10P_src20401191_e0070.txt
20425150,20401191,block_grouping,off,1472491096,75,16.0,20.0,/home/hersco/training_new_domains/2026-08-21/statistical_replication_stage1_policy_eval/20425150_Ev_block_grouping_block_grouping_orig_novh_c.1_s1472491096_SR10P_src20401191_e0075.txt
20425151,20401191,block_grouping,off,1472491096,80,18.0,20.0,/home/hersco/training_new_domains/2026-08-21/statistical_replication_stage1_policy_eval/20425151_Ev_block_grouping_block_grouping_orig_novh_c.1_s1472491096_SR10P_src20401191_e0080.txt
20425152,20401192,block_grouping,off,534933607,5,19.0,20.0,/home/hersco/training_new_domains/2026-08-21/statistical_replication_stage1_policy_eval/20425152_Ev_block_grouping_block_grouping_orig_novh_c.1_s534933607_SR10P_src20401192_e0005.txt
20425153,20401192,block_grouping,off,534933607,10,19.0,20.0,/home/hersco/training_new_domains/2026-08-21/statistical_replication_stage1_policy_eval/20425153_Ev_block_grouping_block_grouping_orig_novh_c.1_s534933607_SR10P_src20401192_e0010.txt
20425154,20401192,block_grouping,off,534933607,15,18.0,20.0,/home/hersco/training_new_domains/2026-08-21/statistical_replication_stage1_policy_eval/20425154_Ev_block_grouping_block_grouping_orig_novh_c.1_s534933607_SR10P_src20401192_e0015.txt
20425155,20401192,block_grouping,off,534933607,20,18.0,20.0,/home/hersco/training_new_domains/2026-08-21/statistical_replication_stage1_policy_eval/20425155_Ev_block_grouping_block_grouping_orig_novh_c.1_s534933607_SR10P_src20401192_e0020.txt
20425156,20401192,block_grouping,off,534933607,25,18.0,20.0,/home/hersco/training_new_domains/2026-08-21/statistical_replication_stage1_policy_eval/20425156_Ev_block_grouping_block_grouping_orig_novh_c.1_s534933607_SR10P_src20401192_e0025.txt
20425157,20401192,block_grouping,off,534933607,30,18.0,20.0,/home/hersco/training_new_domains/2026-08-21/statistical_replication_stage1_policy_eval/20425157_Ev_block_grouping_block_grouping_orig_novh_c.1_s534933607_SR10P_src20401192_e0030.txt
20425158,20401192,block_grouping,off,534933607,35,18.0,20.0,/home/hersco/training_new_domains/2026-08-21/statistical_replication_stage1_policy_eval/20425158_Ev_block_grouping_block_grouping_orig_novh_c.1_s534933607_SR10P_src20401192_e0035.txt
20425159,20401192,block_grouping,off,534933607,40,14.0,20.0,/home/hersco/training_new_domains/2026-08-21/statistical_replication_stage1_policy_eval/20425159_Ev_block_grouping_block_grouping_orig_novh_c.1_s534933607_SR10P_src20401192_e0040.txt
20425160,20401192,block_grouping,off,534933607,45,17.0,20.0,/home/hersco/training_new_domains/2026-08-21/statistical_replication_stage1_policy_eval/20425160_Ev_block_grouping_block_grouping_orig_novh_c.1_s534933607_SR10P_src20401192_e0045.txt
20425161,20401192,block_grouping,off,534933607,50,17.0,20.0,/home/hersco/training_new_domains/2026-08-21/statistical_replication_stage1_policy_eval/20425161_Ev_block_grouping_block_grouping_orig_novh_c.1_s534933607_SR10P_src20401192_e0050.txt
20425162,20401192,block_grouping,off,534933607,55,18.0,20.0,/home/hersco/training_new_domains/2026-08-21/statistical_replication_stage1_policy_eval/20425162_Ev_block_grouping_block_grouping_orig_novh_c.1_s534933607_SR10P_src20401192_e0055.txt
20425163,20401192,block_grouping,off,534933607,60,16.0,20.0,/home/hersco/training_new_domains/2026-08-21/statistical_replication_stage1_policy_eval/20425163_Ev_block_grouping_block_grouping_orig_novh_c.1_s534933607_SR10P_src20401192_e0060.txt
20425164,20401192,block_grouping,off,534933607,12,17.0,20.0,/home/hersco/training_new_domains/2026-08-21/statistical_replication_stage1_policy_eval/20425164_Ev_block_grouping_block_grouping_orig_novh_c.1_s534933607_SR10P_src20401192_e0012.txt
20425165,20401193,block_grouping,off,2082152039,5,16.0,20.0,/home/hersco/training_new_domains/2026-08-21/statistical_replication_stage1_policy_eval/20425165_Ev_block_grouping_block_grouping_orig_novh_c.1_s2082152039_SR10P_src20401193_e0005.txt
20425166,20401193,block_grouping,off,2082152039,10,15.0,20.0,/home/hersco/training_new_domains/2026-08-21/statistical_replication_stage1_policy_eval/20425166_Ev_block_grouping_block_grouping_orig_novh_c.1_s2082152039_SR10P_src20401193_e0010.txt
20425167,20401193,block_grouping,off,2082152039,15,15.0,20.0,/home/hersco/training_new_domains/2026-08-21/statistical_replication_stage1_policy_eval/20425167_Ev_block_grouping_block_grouping_orig_novh_c.1_s2082152039_SR10P_src20401193_e0015.txt
20425168,20401193,block_grouping,off,2082152039,20,10.0,20.0,/home/hersco/training_new_domains/2026-08-21/statistical_replication_stage1_policy_eval/20425168_Ev_block_grouping_block_grouping_orig_novh_c.1_s2082152039_SR10P_src20401193_e0020.txt
20425169,20401193,block_grouping,off,2082152039,25,14.0,20.0,/home/hersco/training_new_domains/2026-08-21/statistical_replication_stage1_policy_eval/20425169_Ev_block_grouping_block_grouping_orig_novh_c.1_s2082152039_SR10P_src20401193_e0025.txt
20425170,20401193,block_grouping,off,2082152039,30,16.0,20.0,/home/hersco/training_new_domains/2026-08-21/statistical_replication_stage1_policy_eval/20425170_Ev_block_grouping_block_grouping_orig_novh_c.1_s2082152039_SR10P_src20401193_e0030.txt
20425171,20401193,block_grouping,off,2082152039,35,15.0,20.0,/home/hersco/training_new_domains/2026-08-21/statistical_replication_stage1_policy_eval/20425171_Ev_block_grouping_block_grouping_orig_novh_c.1_s2082152039_SR10P_src20401193_e0035.txt
20425172,20401193,block_grouping,off,2082152039,40,15.0,20.0,/home/hersco/training_new_domains/2026-08-21/statistical_replication_stage1_policy_eval/20425172_Ev_block_grouping_block_grouping_orig_novh_c.1_s2082152039_SR10P_src20401193_e0040.txt
20425173,20401193,block_grouping,off,2082152039,45,11.0,20.0,/home/hersco/training_new_domains/2026-08-21/statistical_replication_stage1_policy_eval/20425173_Ev_block_grouping_block_grouping_orig_novh_c.1_s2082152039_SR10P_src20401193_e0045.txt
20425174,20401193,block_grouping,off,2082152039,50,12.0,20.0,/home/hersco/training_new_domains/2026-08-21/statistical_replication_stage1_policy_eval/20425174_Ev_block_grouping_block_grouping_orig_novh_c.1_s2082152039_SR10P_src20401193_e0050.txt
20425175,20401193,block_grouping,off,2082152039,55,10.0,20.0,/home/hersco/training_new_domains/2026-08-21/statistical_replication_stage1_policy_eval/20425175_Ev_block_grouping_block_grouping_orig_novh_c.1_s2082152039_SR10P_src20401193_e0055.txt
20425177,20401193,block_grouping,off,2082152039,60,15.0,20.0,/home/hersco/training_new_domains/2026-08-21/statistical_replication_stage1_policy_eval/20425177_Ev_block_grouping_block_grouping_orig_novh_c.1_s2082152039_SR10P_src20401193_e0060.txt
20425178,20401193,block_grouping,off,2082152039,65,12.0,20.0,/home/hersco/training_new_domains/2026-08-21/statistical_replication_stage1_policy_eval/20425178_Ev_block_grouping_block_grouping_orig_novh_c.1_s2082152039_SR10P_src20401193_e0065.txt
20425179,20401193,block_grouping,off,2082152039,18,15.0,20.0,/home/hersco/training_new_domains/2026-08-21/statistical_replication_stage1_policy_eval/20425179_Ev_block_grouping_block_grouping_orig_novh_c.1_s2082152039_SR10P_src20401193_e0018.txt
20425180,20401194,block_grouping,off,1510771779,5,14.0,20.0,/home/hersco/training_new_domains/2026-08-21/statistical_replication_stage1_policy_eval/20425180_Ev_block_grouping_block_grouping_orig_novh_c.1_s1510771779_SR10P_src20401194_e0005.txt
20425181,20401194,block_grouping,off,1510771779,10,17.0,20.0,/home/hersco/training_new_domains/2026-08-21/statistical_replication_stage1_policy_eval/20425181_Ev_block_grouping_block_grouping_orig_novh_c.1_s1510771779_SR10P_src20401194_e0010.txt
20425182,20401194,block_grouping,off,1510771779,15,12.0,20.0,/home/hersco/training_new_domains/2026-08-21/statistical_replication_stage1_policy_eval/20425182_Ev_block_grouping_block_grouping_orig_novh_c.1_s1510771779_SR10P_src20401194_e0015.txt
20425183,20401194,block_grouping,off,1510771779,20,15.0,20.0,/home/hersco/training_new_domains/2026-08-21/statistical_replication_stage1_policy_eval/20425183_Ev_block_grouping_block_grouping_orig_novh_c.1_s1510771779_SR10P_src20401194_e0020.txt
20425184,20401194,block_grouping,off,1510771779,25,16.0,20.0,/home/hersco/training_new_domains/2026-08-21/statistical_replication_stage1_policy_eval/20425184_Ev_block_grouping_block_grouping_orig_novh_c.1_s1510771779_SR10P_src20401194_e0025.txt
20425185,20401194,block_grouping,off,1510771779,30,18.0,20.0,/home/hersco/training_new_domains/2026-08-21/statistical_replication_stage1_policy_eval/20425185_Ev_block_grouping_block_grouping_orig_novh_c.1_s1510771779_SR10P_src20401194_e0030.txt
20425186,20401194,block_grouping,off,1510771779,35,18.0,20.0,/home/hersco/training_new_domains/2026-08-21/statistical_replication_stage1_policy_eval/20425186_Ev_block_grouping_block_grouping_orig_novh_c.1_s1510771779_SR10P_src20401194_e0035.txt
20425187,20401194,block_grouping,off,1510771779,40,18.0,20.0,/home/hersco/training_new_domains/2026-08-21/statistical_replication_stage1_policy_eval/20425187_Ev_block_grouping_block_grouping_orig_novh_c.1_s1510771779_SR10P_src20401194_e0040.txt
20425188,20401194,block_grouping,off,1510771779,45,17.0,20.0,/home/hersco/training_new_domains/2026-08-21/statistical_replication_stage1_policy_eval/20425188_Ev_block_grouping_block_grouping_orig_novh_c.1_s1510771779_SR10P_src20401194_e0045.txt
20425189,20401194,block_grouping,off,1510771779,50,18.0,20.0,/home/hersco/training_new_domains/2026-08-21/statistical_replication_stage1_policy_eval/20425189_Ev_block_grouping_block_grouping_orig_novh_c.1_s1510771779_SR10P_src20401194_e0050.txt
20425190,20401194,block_grouping,off,1510771779,55,17.0,20.0,/home/hersco/training_new_domains/2026-08-21/statistical_replication_stage1_policy_eval/20425190_Ev_block_grouping_block_grouping_orig_novh_c.1_s1510771779_SR10P_src20401194_e0055.txt
20425191,20401194,block_grouping,off,1510771779,60,18.0,20.0,/home/hersco/training_new_domains/2026-08-21/statistical_replication_stage1_policy_eval/20425191_Ev_block_grouping_block_grouping_orig_novh_c.1_s1510771779_SR10P_src20401194_e0060.txt
20425192,20401194,block_grouping,off,1510771779,65,15.0,20.0,/home/hersco/training_new_domains/2026-08-21/statistical_replication_stage1_policy_eval/20425192_Ev_block_grouping_block_grouping_orig_novh_c.1_s1510771779_SR10P_src20401194_e0065.txt
20425193,20401194,block_grouping,off,1510771779,70,15.0,20.0,/home/hersco/training_new_domains/2026-08-21/statistical_replication_stage1_policy_eval/20425193_Ev_block_grouping_block_grouping_orig_novh_c.1_s1510771779_SR10P_src20401194_e0070.txt
20425194,20401194,block_grouping,off,1510771779,75,16.0,20.0,/home/hersco/training_new_domains/2026-08-21/statistical_replication_stage1_policy_eval/20425194_Ev_block_grouping_block_grouping_orig_novh_c.1_s1510771779_SR10P_src20401194_e0075.txt
20425195,20401194,block_grouping,off,1510771779,80,16.0,20.0,/home/hersco/training_new_domains/2026-08-21/statistical_replication_stage1_policy_eval/20425195_Ev_block_grouping_block_grouping_orig_novh_c.1_s1510771779_SR10P_src20401194_e0080.txt
20425196,20401194,block_grouping,off,1510771779,34,18.0,20.0,/home/hersco/training_new_domains/2026-08-21/statistical_replication_stage1_policy_eval/20425196_Ev_block_grouping_block_grouping_orig_novh_c.1_s1510771779_SR10P_src20401194_e0034.txt
20425197,20401195,block_grouping,off,923500475,5,16.0,20.0,/home/hersco/training_new_domains/2026-08-21/statistical_replication_stage1_policy_eval/20425197_Ev_block_grouping_block_grouping_orig_novh_c.1_s923500475_SR10P_src20401195_e0005.txt
20425198,20401195,block_grouping,off,923500475,10,16.0,20.0,/home/hersco/training_new_domains/2026-08-21/statistical_replication_stage1_policy_eval/20425198_Ev_block_grouping_block_grouping_orig_novh_c.1_s923500475_SR10P_src20401195_e0010.txt
20425199,20401195,block_grouping,off,923500475,15,15.0,20.0,/home/hersco/training_new_domains/2026-08-21/statistical_replication_stage1_policy_eval/20425199_Ev_block_grouping_block_grouping_orig_novh_c.1_s923500475_SR10P_src20401195_e0015.txt
20425200,20401195,block_grouping,off,923500475,20,18.0,20.0,/home/hersco/training_new_domains/2026-08-21/statistical_replication_stage1_policy_eval/20425200_Ev_block_grouping_block_grouping_orig_novh_c.1_s923500475_SR10P_src20401195_e0020.txt
20425201,20401195,block_grouping,off,923500475,25,17.0,20.0,/home/hersco/training_new_domains/2026-08-21/statistical_replication_stage1_policy_eval/20425201_Ev_block_grouping_block_grouping_orig_novh_c.1_s923500475_SR10P_src20401195_e0025.txt
20425202,20401195,block_grouping,off,923500475,30,15.0,20.0,/home/hersco/training_new_domains/2026-08-21/statistical_replication_stage1_policy_eval/20425202_Ev_block_grouping_block_grouping_orig_novh_c.1_s923500475_SR10P_src20401195_e0030.txt
20425203,20401195,block_grouping,off,923500475,35,14.0,20.0,/home/hersco/training_new_domains/2026-08-21/statistical_replication_stage1_policy_eval/20425203_Ev_block_grouping_block_grouping_orig_novh_c.1_s923500475_SR10P_src20401195_e0035.txt
20425204,20401195,block_grouping,off,923500475,40,14.0,20.0,/home/hersco/training_new_domains/2026-08-21/statistical_replication_stage1_policy_eval/20425204_Ev_block_grouping_block_grouping_orig_novh_c.1_s923500475_SR10P_src20401195_e0040.txt
20425205,20401195,block_grouping,off,923500475,45,17.0,20.0,/home/hersco/training_new_domains/2026-08-21/statistical_replication_stage1_policy_eval/20425205_Ev_block_grouping_block_grouping_orig_novh_c.1_s923500475_SR10P_src20401195_e0045.txt
20425206,20401195,block_grouping,off,923500475,50,14.0,20.0,/home/hersco/training_new_domains/2026-08-21/statistical_replication_stage1_policy_eval/20425206_Ev_block_grouping_block_grouping_orig_novh_c.1_s923500475_SR10P_src20401195_e0050.txt
20425207,20401195,block_grouping,off,923500475,55,13.0,20.0,/home/hersco/training_new_domains/2026-08-21/statistical_replication_stage1_policy_eval/20425207_Ev_block_grouping_block_grouping_orig_novh_c.1_s923500475_SR10P_src20401195_e0055.txt
20425208,20401195,block_grouping,off,923500475,8,16.0,20.0,/home/hersco/training_new_domains/2026-08-21/statistical_replication_stage1_policy_eval/20425208_Ev_block_grouping_block_grouping_orig_novh_c.1_s923500475_SR10P_src20401195_e0008.txt
20425209,20401196,block_grouping,off,1972442430,5,15.0,20.0,/home/hersco/training_new_domains/2026-08-21/statistical_replication_stage1_policy_eval/20425209_Ev_block_grouping_block_grouping_orig_novh_c.1_s1972442430_SR10P_src20401196_e0005.txt
20425210,20401196,block_grouping,off,1972442430,10,16.0,20.0,/home/hersco/training_new_domains/2026-08-21/statistical_replication_stage1_policy_eval/20425210_Ev_block_grouping_block_grouping_orig_novh_c.1_s1972442430_SR10P_src20401196_e0010.txt
20425211,20401196,block_grouping,off,1972442430,15,17.0,20.0,/home/hersco/training_new_domains/2026-08-21/statistical_replication_stage1_policy_eval/20425211_Ev_block_grouping_block_grouping_orig_novh_c.1_s1972442430_SR10P_src20401196_e0015.txt
20425212,20401196,block_grouping,off,1972442430,20,14.0,20.0,/home/hersco/training_new_domains/2026-08-21/statistical_replication_stage1_policy_eval/20425212_Ev_block_grouping_block_grouping_orig_novh_c.1_s1972442430_SR10P_src20401196_e0020.txt
20425213,20401196,block_grouping,off,1972442430,25,16.0,20.0,/home/hersco/training_new_domains/2026-08-21/statistical_replication_stage1_policy_eval/20425213_Ev_block_grouping_block_grouping_orig_novh_c.1_s1972442430_SR10P_src20401196_e0025.txt
20425214,20401196,block_grouping,off,1972442430,30,12.0,20.0,/home/hersco/training_new_domains/2026-08-21/statistical_replication_stage1_policy_eval/20425214_Ev_block_grouping_block_grouping_orig_novh_c.1_s1972442430_SR10P_src20401196_e0030.txt
20425215,20401196,block_grouping,off,1972442430,35,14.0,20.0,/home/hersco/training_new_domains/2026-08-21/statistical_replication_stage1_policy_eval/20425215_Ev_block_grouping_block_grouping_orig_novh_c.1_s1972442430_SR10P_src20401196_e0035.txt
20425216,20401196,block_grouping,off,1972442430,40,15.0,20.0,/home/hersco/training_new_domains/2026-08-21/statistical_replication_stage1_policy_eval/20425216_Ev_block_grouping_block_grouping_orig_novh_c.1_s1972442430_SR10P_src20401196_e0040.txt
20425217,20401196,block_grouping,off,1972442430,45,17.0,20.0,/home/hersco/training_new_domains/2026-08-21/statistical_replication_stage1_policy_eval/20425217_Ev_block_grouping_block_grouping_orig_novh_c.1_s1972442430_SR10P_src20401196_e0045.txt
20425218,20401196,block_grouping,off,1972442430,50,16.0,20.0,/home/hersco/training_new_domains/2026-08-21/statistical_replication_stage1_policy_eval/20425218_Ev_block_grouping_block_grouping_orig_novh_c.1_s1972442430_SR10P_src20401196_e0050.txt
20425219,20401196,block_grouping,off,1972442430,55,16.0,20.0,/home/hersco/training_new_domains/2026-08-21/statistical_replication_stage1_policy_eval/20425219_Ev_block_grouping_block_grouping_orig_novh_c.1_s1972442430_SR10P_src20401196_e0055.txt
20425220,20401196,block_grouping,off,1972442430,60,15.0,20.0,/home/hersco/training_new_domains/2026-08-21/statistical_replication_stage1_policy_eval/20425220_Ev_block_grouping_block_grouping_orig_novh_c.1_s1972442430_SR10P_src20401196_e0060.txt
20425221,20401196,block_grouping,off,1972442430,65,16.0,20.0,/home/hersco/training_new_domains/2026-08-21/statistical_replication_stage1_policy_eval/20425221_Ev_block_grouping_block_grouping_orig_novh_c.1_s1972442430_SR10P_src20401196_e0065.txt
20425222,20401196,block_grouping,off,1972442430,17,17.0,20.0,/home/hersco/training_new_domains/2026-08-21/statistical_replication_stage1_policy_eval/20425222_Ev_block_grouping_block_grouping_orig_novh_c.1_s1972442430_SR10P_src20401196_e0017.txt
20425350,20401197,drone,on,1963100312,5,3.0,20.0,/home/hersco/training_new_domains/2026-08-21/statistical_replication_stage1_policy_eval/20425350_Ev_drone_drone_orig_vh_c.1_s1963100312_SR10P_src20401197_e0005.txt
20425353,20401197,drone,on,1963100312,10,3.0,20.0,/home/hersco/training_new_domains/2026-08-21/statistical_replication_stage1_policy_eval/20425353_Ev_drone_drone_orig_vh_c.1_s1963100312_SR10P_src20401197_e0010.txt
20425355,20401197,drone,on,1963100312,15,4.0,20.0,/home/hersco/training_new_domains/2026-08-21/statistical_replication_stage1_policy_eval/20425355_Ev_drone_drone_orig_vh_c.1_s1963100312_SR10P_src20401197_e0015.txt
20425357,20401197,drone,on,1963100312,20,3.0,20.0,/home/hersco/training_new_domains/2026-08-21/statistical_replication_stage1_policy_eval/20425357_Ev_drone_drone_orig_vh_c.1_s1963100312_SR10P_src20401197_e0020.txt
20425360,20401197,drone,on,1963100312,25,3.0,20.0,/home/hersco/training_new_domains/2026-08-21/statistical_replication_stage1_policy_eval/20425360_Ev_drone_drone_orig_vh_c.1_s1963100312_SR10P_src20401197_e0025.txt
20425362,20401197,drone,on,1963100312,30,5.0,20.0,/home/hersco/training_new_domains/2026-08-21/statistical_replication_stage1_policy_eval/20425362_Ev_drone_drone_orig_vh_c.1_s1963100312_SR10P_src20401197_e0030.txt
20425364,20401197,drone,on,1963100312,35,5.0,20.0,/home/hersco/training_new_domains/2026-08-21/statistical_replication_stage1_policy_eval/20425364_Ev_drone_drone_orig_vh_c.1_s1963100312_SR10P_src20401197_e0035.txt
20425366,20401197,drone,on,1963100312,40,5.0,20.0,/home/hersco/training_new_domains/2026-08-21/statistical_replication_stage1_policy_eval/20425366_Ev_drone_drone_orig_vh_c.1_s1963100312_SR10P_src20401197_e0040.txt
20425369,20401197,drone,on,1963100312,45,3.0,20.0,/home/hersco/training_new_domains/2026-08-21/statistical_replication_stage1_policy_eval/20425369_Ev_drone_drone_orig_vh_c.1_s1963100312_SR10P_src20401197_e0045.txt
20425371,20401197,drone,on,1963100312,50,4.0,20.0,/home/hersco/training_new_domains/2026-08-21/statistical_replication_stage1_policy_eval/20425371_Ev_drone_drone_orig_vh_c.1_s1963100312_SR10P_src20401197_e0050.txt
20425373,20401197,drone,on,1963100312,1,2.0,20.0,/home/hersco/training_new_domains/2026-08-21/statistical_replication_stage1_policy_eval/20425373_Ev_drone_drone_orig_vh_c.1_s1963100312_SR10P_src20401197_e0001.txt
20425375,20401198,drone,on,2011206605,5,3.0,20.0,/home/hersco/training_new_domains/2026-08-21/statistical_replication_stage1_policy_eval/20425375_Ev_drone_drone_orig_vh_c.1_s2011206605_SR10P_src20401198_e0005.txt
20425378,20401198,drone,on,2011206605,10,4.0,20.0,/home/hersco/training_new_domains/2026-08-21/statistical_replication_stage1_policy_eval/20425378_Ev_drone_drone_orig_vh_c.1_s2011206605_SR10P_src20401198_e0010.txt
20425380,20401198,drone,on,2011206605,15,4.0,20.0,/home/hersco/training_new_domains/2026-08-21/statistical_replication_stage1_policy_eval/20425380_Ev_drone_drone_orig_vh_c.1_s2011206605_SR10P_src20401198_e0015.txt
20425382,20401198,drone,on,2011206605,20,4.0,20.0,/home/hersco/training_new_domains/2026-08-21/statistical_replication_stage1_policy_eval/20425382_Ev_drone_drone_orig_vh_c.1_s2011206605_SR10P_src20401198_e0020.txt
20425385,20401198,drone,on,2011206605,25,6.0,20.0,/home/hersco/training_new_domains/2026-08-21/statistical_replication_stage1_policy_eval/20425385_Ev_drone_drone_orig_vh_c.1_s2011206605_SR10P_src20401198_e0025.txt
20425387,20401198,drone,on,2011206605,30,4.0,20.0,/home/hersco/training_new_domains/2026-08-21/statistical_replication_stage1_policy_eval/20425387_Ev_drone_drone_orig_vh_c.1_s2011206605_SR10P_src20401198_e0030.txt
20425390,20401198,drone,on,2011206605,35,6.0,20.0,/home/hersco/training_new_domains/2026-08-21/statistical_replication_stage1_policy_eval/20425390_Ev_drone_drone_orig_vh_c.1_s2011206605_SR10P_src20401198_e0035.txt
20425392,20401198,drone,on,2011206605,40,5.0,20.0,/home/hersco/training_new_domains/2026-08-21/statistical_replication_stage1_policy_eval/20425392_Ev_drone_drone_orig_vh_c.1_s2011206605_SR10P_src20401198_e0040.txt
20425394,20401198,drone,on,2011206605,45,6.0,20.0,/home/hersco/training_new_domains/2026-08-21/statistical_replication_stage1_policy_eval/20425394_Ev_drone_drone_orig_vh_c.1_s2011206605_SR10P_src20401198_e0045.txt
20425396,20401198,drone,on,2011206605,50,6.0,20.0,/home/hersco/training_new_domains/2026-08-21/statistical_replication_stage1_policy_eval/20425396_Ev_drone_drone_orig_vh_c.1_s2011206605_SR10P_src20401198_e0050.txt
20425398,20401198,drone,on,2011206605,55,6.0,20.0,/home/hersco/training_new_domains/2026-08-21/statistical_replication_stage1_policy_eval/20425398_Ev_drone_drone_orig_vh_c.1_s2011206605_SR10P_src20401198_e0055.txt
20425401,20401198,drone,on,2011206605,60,8.0,20.0,/home/hersco/training_new_domains/2026-08-21/statistical_replication_stage1_policy_eval/20425401_Ev_drone_drone_orig_vh_c.1_s2011206605_SR10P_src20401198_e0060.txt
20425403,20401198,drone,on,2011206605,65,6.0,20.0,/home/hersco/training_new_domains/2026-08-21/statistical_replication_stage1_policy_eval/20425403_Ev_drone_drone_orig_vh_c.1_s2011206605_SR10P_src20401198_e0065.txt
20425406,20401198,drone,on,2011206605,19,6.0,20.0,/home/hersco/training_new_domains/2026-08-21/statistical_replication_stage1_policy_eval/20425406_Ev_drone_drone_orig_vh_c.1_s2011206605_SR10P_src20401198_e0019.txt
20425408,20401200,drone,on,1239739722,5,3.0,20.0,/home/hersco/training_new_domains/2026-08-21/statistical_replication_stage1_policy_eval/20425408_Ev_drone_drone_orig_vh_c.1_s1239739722_SR10P_src20401200_e0005.txt
20425410,20401200,drone,on,1239739722,10,3.0,20.0,/home/hersco/training_new_domains/2026-08-21/statistical_replication_stage1_policy_eval/20425410_Ev_drone_drone_orig_vh_c.1_s1239739722_SR10P_src20401200_e0010.txt
20425413,20401200,drone,on,1239739722,15,3.0,20.0,/home/hersco/training_new_domains/2026-08-21/statistical_replication_stage1_policy_eval/20425413_Ev_drone_drone_orig_vh_c.1_s1239739722_SR10P_src20401200_e0015.txt
20425415,20401200,drone,on,1239739722,20,4.0,20.0,/home/hersco/training_new_domains/2026-08-21/statistical_replication_stage1_policy_eval/20425415_Ev_drone_drone_orig_vh_c.1_s1239739722_SR10P_src20401200_e0020.txt
20425417,20401200,drone,on,1239739722,25,4.0,20.0,/home/hersco/training_new_domains/2026-08-21/statistical_replication_stage1_policy_eval/20425417_Ev_drone_drone_orig_vh_c.1_s1239739722_SR10P_src20401200_e0025.txt
20425420,20401200,drone,on,1239739722,30,4.0,20.0,/home/hersco/training_new_domains/2026-08-21/statistical_replication_stage1_policy_eval/20425420_Ev_drone_drone_orig_vh_c.1_s1239739722_SR10P_src20401200_e0030.txt
20425422,20401200,drone,on,1239739722,35,3.0,20.0,/home/hersco/training_new_domains/2026-08-21/statistical_replication_stage1_policy_eval/20425422_Ev_drone_drone_orig_vh_c.1_s1239739722_SR10P_src20401200_e0035.txt
20425425,20401200,drone,on,1239739722,40,3.0,20.0,/home/hersco/training_new_domains/2026-08-21/statistical_replication_stage1_policy_eval/20425425_Ev_drone_drone_orig_vh_c.1_s1239739722_SR10P_src20401200_e0040.txt
20425427,20401200,drone,on,1239739722,45,6.0,20.0,/home/hersco/training_new_domains/2026-08-21/statistical_replication_stage1_policy_eval/20425427_Ev_drone_drone_orig_vh_c.1_s1239739722_SR10P_src20401200_e0045.txt
20425429,20401200,drone,on,1239739722,50,3.0,20.0,/home/hersco/training_new_domains/2026-08-21/statistical_replication_stage1_policy_eval/20425429_Ev_drone_drone_orig_vh_c.1_s1239739722_SR10P_src20401200_e0050.txt
20425432,20401200,drone,on,1239739722,55,2.0,20.0,/home/hersco/training_new_domains/2026-08-21/statistical_replication_stage1_policy_eval/20425432_Ev_drone_drone_orig_vh_c.1_s1239739722_SR10P_src20401200_e0055.txt
20425434,20401200,drone,on,1239739722,60,5.0,20.0,/home/hersco/training_new_domains/2026-08-21/statistical_replication_stage1_policy_eval/20425434_Ev_drone_drone_orig_vh_c.1_s1239739722_SR10P_src20401200_e0060.txt
20425436,20401200,drone,on,1239739722,65,3.0,20.0,/home/hersco/training_new_domains/2026-08-21/statistical_replication_stage1_policy_eval/20425436_Ev_drone_drone_orig_vh_c.1_s1239739722_SR10P_src20401200_e0065.txt
20425438,20401200,drone,on,1239739722,70,3.0,20.0,/home/hersco/training_new_domains/2026-08-21/statistical_replication_stage1_policy_eval/20425438_Ev_drone_drone_orig_vh_c.1_s1239739722_SR10P_src20401200_e0070.txt
20425441,20401200,drone,on,1239739722,23,3.0,20.0,/home/hersco/training_new_domains/2026-08-21/statistical_replication_stage1_policy_eval/20425441_Ev_drone_drone_orig_vh_c.1_s1239739722_SR10P_src20401200_e0023.txt
20425443,20401201,drone,on,1472491096,5,5.0,20.0,/home/hersco/training_new_domains/2026-08-21/statistical_replication_stage1_policy_eval/20425443_Ev_drone_drone_orig_vh_c.1_s1472491096_SR10P_src20401201_e0005.txt
20425445,20401201,drone,on,1472491096,10,3.0,20.0,/home/hersco/training_new_domains/2026-08-21/statistical_replication_stage1_policy_eval/20425445_Ev_drone_drone_orig_vh_c.1_s1472491096_SR10P_src20401201_e0010.txt
20425448,20401201,drone,on,1472491096,15,3.0,20.0,/home/hersco/training_new_domains/2026-08-21/statistical_replication_stage1_policy_eval/20425448_Ev_drone_drone_orig_vh_c.1_s1472491096_SR10P_src20401201_e0015.txt
20425450,20401201,drone,on,1472491096,20,5.0,20.0,/home/hersco/training_new_domains/2026-08-21/statistical_replication_stage1_policy_eval/20425450_Ev_drone_drone_orig_vh_c.1_s1472491096_SR10P_src20401201_e0020.txt
20425453,20401201,drone,on,1472491096,25,7.0,20.0,/home/hersco/training_new_domains/2026-08-21/statistical_replication_stage1_policy_eval/20425453_Ev_drone_drone_orig_vh_c.1_s1472491096_SR10P_src20401201_e0025.txt
20425455,20401201,drone,on,1472491096,30,7.0,20.0,/home/hersco/training_new_domains/2026-08-21/statistical_replication_stage1_policy_eval/20425455_Ev_drone_drone_orig_vh_c.1_s1472491096_SR10P_src20401201_e0030.txt
20425458,20401201,drone,on,1472491096,35,8.0,20.0,/home/hersco/training_new_domains/2026-08-21/statistical_replication_stage1_policy_eval/20425458_Ev_drone_drone_orig_vh_c.1_s1472491096_SR10P_src20401201_e0035.txt
20425461,20401201,drone,on,1472491096,40,5.0,20.0,/home/hersco/training_new_domains/2026-08-21/statistical_replication_stage1_policy_eval/20425461_Ev_drone_drone_orig_vh_c.1_s1472491096_SR10P_src20401201_e0040.txt
20425463,20401201,drone,on,1472491096,45,7.0,20.0,/home/hersco/training_new_domains/2026-08-21/statistical_replication_stage1_policy_eval/20425463_Ev_drone_drone_orig_vh_c.1_s1472491096_SR10P_src20401201_e0045.txt
20425466,20401201,drone,on,1472491096,50,8.0,20.0,/home/hersco/training_new_domains/2026-08-21/statistical_replication_stage1_policy_eval/20425466_Ev_drone_drone_orig_vh_c.1_s1472491096_SR10P_src20401201_e0050.txt
20425468,20401201,drone,on,1472491096,55,7.0,20.0,/home/hersco/training_new_domains/2026-08-21/statistical_replication_stage1_policy_eval/20425468_Ev_drone_drone_orig_vh_c.1_s1472491096_SR10P_src20401201_e0055.txt
20425470,20401201,drone,on,1472491096,60,8.0,20.0,/home/hersco/training_new_domains/2026-08-21/statistical_replication_stage1_policy_eval/20425470_Ev_drone_drone_orig_vh_c.1_s1472491096_SR10P_src20401201_e0060.txt
20425473,20401201,drone,on,1472491096,65,6.0,20.0,/home/hersco/training_new_domains/2026-08-21/statistical_replication_stage1_policy_eval/20425473_Ev_drone_drone_orig_vh_c.1_s1472491096_SR10P_src20401201_e0065.txt
20425475,20401201,drone,on,1472491096,70,8.0,20.0,/home/hersco/training_new_domains/2026-08-21/statistical_replication_stage1_policy_eval/20425475_Ev_drone_drone_orig_vh_c.1_s1472491096_SR10P_src20401201_e0070.txt
20425477,20401201,drone,on,1472491096,21,4.0,20.0,/home/hersco/training_new_domains/2026-08-21/statistical_replication_stage1_policy_eval/20425477_Ev_drone_drone_orig_vh_c.1_s1472491096_SR10P_src20401201_e0021.txt
20425480,20401203,drone,on,2082152039,5,4.0,20.0,/home/hersco/training_new_domains/2026-08-21/statistical_replication_stage1_policy_eval/20425480_Ev_drone_drone_orig_vh_c.1_s2082152039_SR10P_src20401203_e0005.txt
20425482,20401203,drone,on,2082152039,10,3.0,20.0,/home/hersco/training_new_domains/2026-08-21/statistical_replication_stage1_policy_eval/20425482_Ev_drone_drone_orig_vh_c.1_s2082152039_SR10P_src20401203_e0010.txt
20425484,20401203,drone,on,2082152039,15,4.0,20.0,/home/hersco/training_new_domains/2026-08-21/statistical_replication_stage1_policy_eval/20425484_Ev_drone_drone_orig_vh_c.1_s2082152039_SR10P_src20401203_e0015.txt
20425487,20401203,drone,on,2082152039,20,4.0,20.0,/home/hersco/training_new_domains/2026-08-21/statistical_replication_stage1_policy_eval/20425487_Ev_drone_drone_orig_vh_c.1_s2082152039_SR10P_src20401203_e0020.txt
20425489,20401203,drone,on,2082152039,25,4.0,20.0,/home/hersco/training_new_domains/2026-08-21/statistical_replication_stage1_policy_eval/20425489_Ev_drone_drone_orig_vh_c.1_s2082152039_SR10P_src20401203_e0025.txt
20425492,20401203,drone,on,2082152039,30,5.0,20.0,/home/hersco/training_new_domains/2026-08-21/statistical_replication_stage1_policy_eval/20425492_Ev_drone_drone_orig_vh_c.1_s2082152039_SR10P_src20401203_e0030.txt
20425494,20401203,drone,on,2082152039,35,5.0,20.0,/home/hersco/training_new_domains/2026-08-21/statistical_replication_stage1_policy_eval/20425494_Ev_drone_drone_orig_vh_c.1_s2082152039_SR10P_src20401203_e0035.txt
20425496,20401203,drone,on,2082152039,40,4.0,20.0,/home/hersco/training_new_domains/2026-08-21/statistical_replication_stage1_policy_eval/20425496_Ev_drone_drone_orig_vh_c.1_s2082152039_SR10P_src20401203_e0040.txt
20425499,20401203,drone,on,2082152039,45,6.0,20.0,/home/hersco/training_new_domains/2026-08-21/statistical_replication_stage1_policy_eval/20425499_Ev_drone_drone_orig_vh_c.1_s2082152039_SR10P_src20401203_e0045.txt
20425501,20401203,drone,on,2082152039,50,8.0,20.0,/home/hersco/training_new_domains/2026-08-21/statistical_replication_stage1_policy_eval/20425501_Ev_drone_drone_orig_vh_c.1_s2082152039_SR10P_src20401203_e0050.txt
20425503,20401203,drone,on,2082152039,55,5.0,20.0,/home/hersco/training_new_domains/2026-08-21/statistical_replication_stage1_policy_eval/20425503_Ev_drone_drone_orig_vh_c.1_s2082152039_SR10P_src20401203_e0055.txt
20425506,20401203,drone,on,2082152039,60,4.0,20.0,/home/hersco/training_new_domains/2026-08-21/statistical_replication_stage1_policy_eval/20425506_Ev_drone_drone_orig_vh_c.1_s2082152039_SR10P_src20401203_e0060.txt
20425508,20401203,drone,on,2082152039,65,9.0,20.0,/home/hersco/training_new_domains/2026-08-21/statistical_replication_stage1_policy_eval/20425508_Ev_drone_drone_orig_vh_c.1_s2082152039_SR10P_src20401203_e0065.txt
20425510,20401203,drone,on,2082152039,70,9.0,20.0,/home/hersco/training_new_domains/2026-08-21/statistical_replication_stage1_policy_eval/20425510_Ev_drone_drone_orig_vh_c.1_s2082152039_SR10P_src20401203_e0070.txt
20425512,20401203,drone,on,2082152039,75,10.0,20.0,/home/hersco/training_new_domains/2026-08-21/statistical_replication_stage1_policy_eval/20425512_Ev_drone_drone_orig_vh_c.1_s2082152039_SR10P_src20401203_e0075.txt
20425515,20401203,drone,on,2082152039,26,5.0,20.0,/home/hersco/training_new_domains/2026-08-21/statistical_replication_stage1_policy_eval/20425515_Ev_drone_drone_orig_vh_c.1_s2082152039_SR10P_src20401203_e0026.txt
20425517,20401204,drone,on,1510771779,5,4.0,20.0,/home/hersco/training_new_domains/2026-08-21/statistical_replication_stage1_policy_eval/20425517_Ev_drone_drone_orig_vh_c.1_s1510771779_SR10P_src20401204_e0005.txt
20425519,20401204,drone,on,1510771779,10,5.0,20.0,/home/hersco/training_new_domains/2026-08-21/statistical_replication_stage1_policy_eval/20425519_Ev_drone_drone_orig_vh_c.1_s1510771779_SR10P_src20401204_e0010.txt
20425521,20401204,drone,on,1510771779,15,5.0,20.0,/home/hersco/training_new_domains/2026-08-21/statistical_replication_stage1_policy_eval/20425521_Ev_drone_drone_orig_vh_c.1_s1510771779_SR10P_src20401204_e0015.txt
20425524,20401204,drone,on,1510771779,20,7.0,20.0,/home/hersco/training_new_domains/2026-08-21/statistical_replication_stage1_policy_eval/20425524_Ev_drone_drone_orig_vh_c.1_s1510771779_SR10P_src20401204_e0020.txt
20425526,20401204,drone,on,1510771779,25,7.0,20.0,/home/hersco/training_new_domains/2026-08-21/statistical_replication_stage1_policy_eval/20425526_Ev_drone_drone_orig_vh_c.1_s1510771779_SR10P_src20401204_e0025.txt
20425529,20401204,drone,on,1510771779,30,6.0,20.0,/home/hersco/training_new_domains/2026-08-21/statistical_replication_stage1_policy_eval/20425529_Ev_drone_drone_orig_vh_c.1_s1510771779_SR10P_src20401204_e0030.txt
20425531,20401204,drone,on,1510771779,35,7.0,20.0,/home/hersco/training_new_domains/2026-08-21/statistical_replication_stage1_policy_eval/20425531_Ev_drone_drone_orig_vh_c.1_s1510771779_SR10P_src20401204_e0035.txt
20425533,20401204,drone,on,1510771779,40,6.0,20.0,/home/hersco/training_new_domains/2026-08-21/statistical_replication_stage1_policy_eval/20425533_Ev_drone_drone_orig_vh_c.1_s1510771779_SR10P_src20401204_e0040.txt
20425536,20401204,drone,on,1510771779,45,5.0,20.0,/home/hersco/training_new_domains/2026-08-21/statistical_replication_stage1_policy_eval/20425536_Ev_drone_drone_orig_vh_c.1_s1510771779_SR10P_src20401204_e0045.txt
20425538,20401204,drone,on,1510771779,50,5.0,20.0,/home/hersco/training_new_domains/2026-08-21/statistical_replication_stage1_policy_eval/20425538_Ev_drone_drone_orig_vh_c.1_s1510771779_SR10P_src20401204_e0050.txt
20425540,20401204,drone,on,1510771779,55,8.0,20.0,/home/hersco/training_new_domains/2026-08-21/statistical_replication_stage1_policy_eval/20425540_Ev_drone_drone_orig_vh_c.1_s1510771779_SR10P_src20401204_e0055.txt
20425543,20401204,drone,on,1510771779,60,7.0,20.0,/home/hersco/training_new_domains/2026-08-21/statistical_replication_stage1_policy_eval/20425543_Ev_drone_drone_orig_vh_c.1_s1510771779_SR10P_src20401204_e0060.txt
20425545,20401204,drone,on,1510771779,14,5.0,20.0,/home/hersco/training_new_domains/2026-08-21/statistical_replication_stage1_policy_eval/20425545_Ev_drone_drone_orig_vh_c.1_s1510771779_SR10P_src20401204_e0014.txt
20425547,20401206,drone,on,1972442430,5,5.0,20.0,/home/hersco/training_new_domains/2026-08-21/statistical_replication_stage1_policy_eval/20425547_Ev_drone_drone_orig_vh_c.1_s1972442430_SR10P_src20401206_e0005.txt
20425549,20401206,drone,on,1972442430,10,3.0,20.0,/home/hersco/training_new_domains/2026-08-21/statistical_replication_stage1_policy_eval/20425549_Ev_drone_drone_orig_vh_c.1_s1972442430_SR10P_src20401206_e0010.txt
20425551,20401206,drone,on,1972442430,15,6.0,20.0,/home/hersco/training_new_domains/2026-08-21/statistical_replication_stage1_policy_eval/20425551_Ev_drone_drone_orig_vh_c.1_s1972442430_SR10P_src20401206_e0015.txt
20425552,20401206,drone,on,1972442430,20,7.0,20.0,/home/hersco/training_new_domains/2026-08-21/statistical_replication_stage1_policy_eval/20425552_Ev_drone_drone_orig_vh_c.1_s1972442430_SR10P_src20401206_e0020.txt
20425553,20401206,drone,on,1972442430,25,8.0,20.0,/home/hersco/training_new_domains/2026-08-21/statistical_replication_stage1_policy_eval/20425553_Ev_drone_drone_orig_vh_c.1_s1972442430_SR10P_src20401206_e0025.txt
20425554,20401206,drone,on,1972442430,30,7.0,20.0,/home/hersco/training_new_domains/2026-08-21/statistical_replication_stage1_policy_eval/20425554_Ev_drone_drone_orig_vh_c.1_s1972442430_SR10P_src20401206_e0030.txt
20425555,20401206,drone,on,1972442430,35,7.0,20.0,/home/hersco/training_new_domains/2026-08-21/statistical_replication_stage1_policy_eval/20425555_Ev_drone_drone_orig_vh_c.1_s1972442430_SR10P_src20401206_e0035.txt
20425556,20401206,drone,on,1972442430,40,7.0,20.0,/home/hersco/training_new_domains/2026-08-21/statistical_replication_stage1_policy_eval/20425556_Ev_drone_drone_orig_vh_c.1_s1972442430_SR10P_src20401206_e0040.txt
20425557,20401206,drone,on,1972442430,45,8.0,20.0,/home/hersco/training_new_domains/2026-08-21/statistical_replication_stage1_policy_eval/20425557_Ev_drone_drone_orig_vh_c.1_s1972442430_SR10P_src20401206_e0045.txt
20425558,20401206,drone,on,1972442430,50,6.0,20.0,/home/hersco/training_new_domains/2026-08-21/statistical_replication_stage1_policy_eval/20425558_Ev_drone_drone_orig_vh_c.1_s1972442430_SR10P_src20401206_e0050.txt
20425559,20401206,drone,on,1972442430,55,7.0,20.0,/home/hersco/training_new_domains/2026-08-21/statistical_replication_stage1_policy_eval/20425559_Ev_drone_drone_orig_vh_c.1_s1972442430_SR10P_src20401206_e0055.txt
20425560,20401206,drone,on,1972442430,60,9.0,20.0,/home/hersco/training_new_domains/2026-08-21/statistical_replication_stage1_policy_eval/20425560_Ev_drone_drone_orig_vh_c.1_s1972442430_SR10P_src20401206_e0060.txt
20425561,20401206,drone,on,1972442430,65,5.0,20.0,/home/hersco/training_new_domains/2026-08-21/statistical_replication_stage1_policy_eval/20425561_Ev_drone_drone_orig_vh_c.1_s1972442430_SR10P_src20401206_e0065.txt
20425562,20401206,drone,on,1972442430,70,8.0,20.0,/home/hersco/training_new_domains/2026-08-21/statistical_replication_stage1_policy_eval/20425562_Ev_drone_drone_orig_vh_c.1_s1972442430_SR10P_src20401206_e0070.txt
20425563,20401206,drone,on,1972442430,21,4.0,20.0,/home/hersco/training_new_domains/2026-08-21/statistical_replication_stage1_policy_eval/20425563_Ev_drone_drone_orig_vh_c.1_s1972442430_SR10P_src20401206_e0021.txt
20425564,20401208,drone,off,2011206605,5,3.0,20.0,/home/hersco/training_new_domains/2026-08-21/statistical_replication_stage1_policy_eval/20425564_Ev_drone_drone_orig_novh_c.1_s2011206605_SR10P_src20401208_e0005.txt
20425780,20401208,drone,off,2011206605,10,4.0,20.0,/home/hersco/training_new_domains/2026-08-21/statistical_replication_stage1_policy_eval/20425780_Ev_drone_drone_orig_novh_c.1_s2011206605_SR10P_src20401208_e0010.txt
20425781,20401208,drone,off,2011206605,15,4.0,20.0,/home/hersco/training_new_domains/2026-08-21/statistical_replication_stage1_policy_eval/20425781_Ev_drone_drone_orig_novh_c.1_s2011206605_SR10P_src20401208_e0015.txt
20425782,20401208,drone,off,2011206605,20,3.0,20.0,/home/hersco/training_new_domains/2026-08-21/statistical_replication_stage1_policy_eval/20425782_Ev_drone_drone_orig_novh_c.1_s2011206605_SR10P_src20401208_e0020.txt
20425783,20401208,drone,off,2011206605,25,3.0,20.0,/home/hersco/training_new_domains/2026-08-21/statistical_replication_stage1_policy_eval/20425783_Ev_drone_drone_orig_novh_c.1_s2011206605_SR10P_src20401208_e0025.txt
20425784,20401208,drone,off,2011206605,30,4.0,20.0,/home/hersco/training_new_domains/2026-08-21/statistical_replication_stage1_policy_eval/20425784_Ev_drone_drone_orig_novh_c.1_s2011206605_SR10P_src20401208_e0030.txt
20425785,20401208,drone,off,2011206605,35,5.0,20.0,/home/hersco/training_new_domains/2026-08-21/statistical_replication_stage1_policy_eval/20425785_Ev_drone_drone_orig_novh_c.1_s2011206605_SR10P_src20401208_e0035.txt
20425786,20401208,drone,off,2011206605,40,5.0,20.0,/home/hersco/training_new_domains/2026-08-21/statistical_replication_stage1_policy_eval/20425786_Ev_drone_drone_orig_novh_c.1_s2011206605_SR10P_src20401208_e0040.txt
20425787,20401208,drone,off,2011206605,45,5.0,20.0,/home/hersco/training_new_domains/2026-08-21/statistical_replication_stage1_policy_eval/20425787_Ev_drone_drone_orig_novh_c.1_s2011206605_SR10P_src20401208_e0045.txt
20425788,20401208,drone,off,2011206605,50,5.0,20.0,/home/hersco/training_new_domains/2026-08-21/statistical_replication_stage1_policy_eval/20425788_Ev_drone_drone_orig_novh_c.1_s2011206605_SR10P_src20401208_e0050.txt
20425789,20401208,drone,off,2011206605,55,9.0,20.0,/home/hersco/training_new_domains/2026-08-21/statistical_replication_stage1_policy_eval/20425789_Ev_drone_drone_orig_novh_c.1_s2011206605_SR10P_src20401208_e0055.txt
20425790,20401208,drone,off,2011206605,60,5.0,20.0,/home/hersco/training_new_domains/2026-08-21/statistical_replication_stage1_policy_eval/20425790_Ev_drone_drone_orig_novh_c.1_s2011206605_SR10P_src20401208_e0060.txt
20425791,20401208,drone,off,2011206605,65,9.0,20.0,/home/hersco/training_new_domains/2026-08-21/statistical_replication_stage1_policy_eval/20425791_Ev_drone_drone_orig_novh_c.1_s2011206605_SR10P_src20401208_e0065.txt
20425792,20401208,drone,off,2011206605,70,6.0,20.0,/home/hersco/training_new_domains/2026-08-21/statistical_replication_stage1_policy_eval/20425792_Ev_drone_drone_orig_novh_c.1_s2011206605_SR10P_src20401208_e0070.txt
20425793,20401208,drone,off,2011206605,75,5.0,20.0,/home/hersco/training_new_domains/2026-08-21/statistical_replication_stage1_policy_eval/20425793_Ev_drone_drone_orig_novh_c.1_s2011206605_SR10P_src20401208_e0075.txt
20425794,20401208,drone,off,2011206605,80,6.0,20.0,/home/hersco/training_new_domains/2026-08-21/statistical_replication_stage1_policy_eval/20425794_Ev_drone_drone_orig_novh_c.1_s2011206605_SR10P_src20401208_e0080.txt
20425795,20401208,drone,off,2011206605,85,7.0,20.0,/home/hersco/training_new_domains/2026-08-21/statistical_replication_stage1_policy_eval/20425795_Ev_drone_drone_orig_novh_c.1_s2011206605_SR10P_src20401208_e0085.txt
20425796,20401208,drone,off,2011206605,90,7.0,20.0,/home/hersco/training_new_domains/2026-08-21/statistical_replication_stage1_policy_eval/20425796_Ev_drone_drone_orig_novh_c.1_s2011206605_SR10P_src20401208_e0090.txt
20425797,20401210,drone,off,1239739722,5,3.0,20.0,/home/hersco/training_new_domains/2026-08-21/statistical_replication_stage1_policy_eval/20425797_Ev_drone_drone_orig_novh_c.1_s1239739722_SR10P_src20401210_e0005.txt
20425799,20401210,drone,off,1239739722,10,4.0,20.0,/home/hersco/training_new_domains/2026-08-21/statistical_replication_stage1_policy_eval/20425799_Ev_drone_drone_orig_novh_c.1_s1239739722_SR10P_src20401210_e0010.txt
20425800,20401210,drone,off,1239739722,15,3.0,20.0,/home/hersco/training_new_domains/2026-08-21/statistical_replication_stage1_policy_eval/20425800_Ev_drone_drone_orig_novh_c.1_s1239739722_SR10P_src20401210_e0015.txt
20425801,20401210,drone,off,1239739722,20,6.0,20.0,/home/hersco/training_new_domains/2026-08-21/statistical_replication_stage1_policy_eval/20425801_Ev_drone_drone_orig_novh_c.1_s1239739722_SR10P_src20401210_e0020.txt
20425802,20401210,drone,off,1239739722,25,4.0,20.0,/home/hersco/training_new_domains/2026-08-21/statistical_replication_stage1_policy_eval/20425802_Ev_drone_drone_orig_novh_c.1_s1239739722_SR10P_src20401210_e0025.txt
20425803,20401210,drone,off,1239739722,30,5.0,20.0,/home/hersco/training_new_domains/2026-08-21/statistical_replication_stage1_policy_eval/20425803_Ev_drone_drone_orig_novh_c.1_s1239739722_SR10P_src20401210_e0030.txt
20425804,20401210,drone,off,1239739722,35,4.0,20.0,/home/hersco/training_new_domains/2026-08-21/statistical_replication_stage1_policy_eval/20425804_Ev_drone_drone_orig_novh_c.1_s1239739722_SR10P_src20401210_e0035.txt
20425805,20401210,drone,off,1239739722,40,7.0,20.0,/home/hersco/training_new_domains/2026-08-21/statistical_replication_stage1_policy_eval/20425805_Ev_drone_drone_orig_novh_c.1_s1239739722_SR10P_src20401210_e0040.txt
20425806,20401210,drone,off,1239739722,45,4.0,20.0,/home/hersco/training_new_domains/2026-08-21/statistical_replication_stage1_policy_eval/20425806_Ev_drone_drone_orig_novh_c.1_s1239739722_SR10P_src20401210_e0045.txt
20425807,20401210,drone,off,1239739722,50,6.0,20.0,/home/hersco/training_new_domains/2026-08-21/statistical_replication_stage1_policy_eval/20425807_Ev_drone_drone_orig_novh_c.1_s1239739722_SR10P_src20401210_e0050.txt
20425808,20401210,drone,off,1239739722,55,4.0,20.0,/home/hersco/training_new_domains/2026-08-21/statistical_replication_stage1_policy_eval/20425808_Ev_drone_drone_orig_novh_c.1_s1239739722_SR10P_src20401210_e0055.txt
20425809,20401210,drone,off,1239739722,60,6.0,20.0,/home/hersco/training_new_domains/2026-08-21/statistical_replication_stage1_policy_eval/20425809_Ev_drone_drone_orig_novh_c.1_s1239739722_SR10P_src20401210_e0060.txt
20425810,20401210,drone,off,1239739722,65,7.0,20.0,/home/hersco/training_new_domains/2026-08-21/statistical_replication_stage1_policy_eval/20425810_Ev_drone_drone_orig_novh_c.1_s1239739722_SR10P_src20401210_e0065.txt
20425811,20401210,drone,off,1239739722,70,7.0,20.0,/home/hersco/training_new_domains/2026-08-21/statistical_replication_stage1_policy_eval/20425811_Ev_drone_drone_orig_novh_c.1_s1239739722_SR10P_src20401210_e0070.txt
20425812,20401210,drone,off,1239739722,75,7.0,20.0,/home/hersco/training_new_domains/2026-08-21/statistical_replication_stage1_policy_eval/20425812_Ev_drone_drone_orig_novh_c.1_s1239739722_SR10P_src20401210_e0075.txt
20425813,20401210,drone,off,1239739722,80,8.0,20.0,/home/hersco/training_new_domains/2026-08-21/statistical_replication_stage1_policy_eval/20425813_Ev_drone_drone_orig_novh_c.1_s1239739722_SR10P_src20401210_e0080.txt
20425815,20401210,drone,off,1239739722,85,8.0,20.0,/home/hersco/training_new_domains/2026-08-21/statistical_replication_stage1_policy_eval/20425815_Ev_drone_drone_orig_novh_c.1_s1239739722_SR10P_src20401210_e0085.txt
20425816,20401210,drone,off,1239739722,90,4.0,20.0,/home/hersco/training_new_domains/2026-08-21/statistical_replication_stage1_policy_eval/20425816_Ev_drone_drone_orig_novh_c.1_s1239739722_SR10P_src20401210_e0090.txt
20425817,20401210,drone,off,1239739722,95,9.0,20.0,/home/hersco/training_new_domains/2026-08-21/statistical_replication_stage1_policy_eval/20425817_Ev_drone_drone_orig_novh_c.1_s1239739722_SR10P_src20401210_e0095.txt
20425818,20401210,drone,off,1239739722,100,8.0,20.0,/home/hersco/training_new_domains/2026-08-21/statistical_replication_stage1_policy_eval/20425818_Ev_drone_drone_orig_novh_c.1_s1239739722_SR10P_src20401210_e0100.txt
20425819,20401210,drone,off,1239739722,51,5.0,20.0,/home/hersco/training_new_domains/2026-08-21/statistical_replication_stage1_policy_eval/20425819_Ev_drone_drone_orig_novh_c.1_s1239739722_SR10P_src20401210_e0051.txt
20425820,20401214,drone,off,2082152039,5,3.0,20.0,/home/hersco/training_new_domains/2026-08-21/statistical_replication_stage1_policy_eval/20425820_Ev_drone_drone_orig_novh_c.1_s2082152039_SR10P_src20401214_e0005.txt
20425821,20401214,drone,off,2082152039,10,4.0,20.0,/home/hersco/training_new_domains/2026-08-21/statistical_replication_stage1_policy_eval/20425821_Ev_drone_drone_orig_novh_c.1_s2082152039_SR10P_src20401214_e0010.txt
20425822,20401214,drone,off,2082152039,15,2.0,20.0,/home/hersco/training_new_domains/2026-08-21/statistical_replication_stage1_policy_eval/20425822_Ev_drone_drone_orig_novh_c.1_s2082152039_SR10P_src20401214_e0015.txt
20425823,20401214,drone,off,2082152039,20,6.0,20.0,/home/hersco/training_new_domains/2026-08-21/statistical_replication_stage1_policy_eval/20425823_Ev_drone_drone_orig_novh_c.1_s2082152039_SR10P_src20401214_e0020.txt
20425824,20401214,drone,off,2082152039,25,4.0,20.0,/home/hersco/training_new_domains/2026-08-21/statistical_replication_stage1_policy_eval/20425824_Ev_drone_drone_orig_novh_c.1_s2082152039_SR10P_src20401214_e0025.txt
20425825,20401214,drone,off,2082152039,30,7.0,20.0,/home/hersco/training_new_domains/2026-08-21/statistical_replication_stage1_policy_eval/20425825_Ev_drone_drone_orig_novh_c.1_s2082152039_SR10P_src20401214_e0030.txt
20425826,20401214,drone,off,2082152039,35,10.0,20.0,/home/hersco/training_new_domains/2026-08-21/statistical_replication_stage1_policy_eval/20425826_Ev_drone_drone_orig_novh_c.1_s2082152039_SR10P_src20401214_e0035.txt
20425827,20401214,drone,off,2082152039,40,7.0,20.0,/home/hersco/training_new_domains/2026-08-21/statistical_replication_stage1_policy_eval/20425827_Ev_drone_drone_orig_novh_c.1_s2082152039_SR10P_src20401214_e0040.txt
20425828,20401214,drone,off,2082152039,45,7.0,20.0,/home/hersco/training_new_domains/2026-08-21/statistical_replication_stage1_policy_eval/20425828_Ev_drone_drone_orig_novh_c.1_s2082152039_SR10P_src20401214_e0045.txt
20425829,20401214,drone,off,2082152039,50,8.0,20.0,/home/hersco/training_new_domains/2026-08-21/statistical_replication_stage1_policy_eval/20425829_Ev_drone_drone_orig_novh_c.1_s2082152039_SR10P_src20401214_e0050.txt
20425830,20401214,drone,off,2082152039,55,11.0,20.0,/home/hersco/training_new_domains/2026-08-21/statistical_replication_stage1_policy_eval/20425830_Ev_drone_drone_orig_novh_c.1_s2082152039_SR10P_src20401214_e0055.txt
20425831,20401214,drone,off,2082152039,60,10.0,20.0,/home/hersco/training_new_domains/2026-08-21/statistical_replication_stage1_policy_eval/20425831_Ev_drone_drone_orig_novh_c.1_s2082152039_SR10P_src20401214_e0060.txt
20425832,20401214,drone,off,2082152039,65,10.0,20.0,/home/hersco/training_new_domains/2026-08-21/statistical_replication_stage1_policy_eval/20425832_Ev_drone_drone_orig_novh_c.1_s2082152039_SR10P_src20401214_e0065.txt
20425833,20401214,drone,off,2082152039,70,10.0,20.0,/home/hersco/training_new_domains/2026-08-21/statistical_replication_stage1_policy_eval/20425833_Ev_drone_drone_orig_novh_c.1_s2082152039_SR10P_src20401214_e0070.txt
20425834,20401214,drone,off,2082152039,75,11.0,20.0,/home/hersco/training_new_domains/2026-08-21/statistical_replication_stage1_policy_eval/20425834_Ev_drone_drone_orig_novh_c.1_s2082152039_SR10P_src20401214_e0075.txt
20425835,20401214,drone,off,2082152039,80,10.0,20.0,/home/hersco/training_new_domains/2026-08-21/statistical_replication_stage1_policy_eval/20425835_Ev_drone_drone_orig_novh_c.1_s2082152039_SR10P_src20401214_e0080.txt
20425836,20401214,drone,off,2082152039,85,9.0,20.0,/home/hersco/training_new_domains/2026-08-21/statistical_replication_stage1_policy_eval/20425836_Ev_drone_drone_orig_novh_c.1_s2082152039_SR10P_src20401214_e0085.txt
20425837,20401214,drone,off,2082152039,38,4.0,20.0,/home/hersco/training_new_domains/2026-08-21/statistical_replication_stage1_policy_eval/20425837_Ev_drone_drone_orig_novh_c.1_s2082152039_SR10P_src20401214_e0038.txt
20425838,20401215,drone,off,1510771779,5,3.0,20.0,/home/hersco/training_new_domains/2026-08-21/statistical_replication_stage1_policy_eval/20425838_Ev_drone_drone_orig_novh_c.1_s1510771779_SR10P_src20401215_e0005.txt
20425839,20401215,drone,off,1510771779,10,6.0,20.0,/home/hersco/training_new_domains/2026-08-21/statistical_replication_stage1_policy_eval/20425839_Ev_drone_drone_orig_novh_c.1_s1510771779_SR10P_src20401215_e0010.txt
20425840,20401215,drone,off,1510771779,15,6.0,20.0,/home/hersco/training_new_domains/2026-08-21/statistical_replication_stage1_policy_eval/20425840_Ev_drone_drone_orig_novh_c.1_s1510771779_SR10P_src20401215_e0015.txt
20425841,20401215,drone,off,1510771779,20,4.0,20.0,/home/hersco/training_new_domains/2026-08-21/statistical_replication_stage1_policy_eval/20425841_Ev_drone_drone_orig_novh_c.1_s1510771779_SR10P_src20401215_e0020.txt
20425842,20401215,drone,off,1510771779,25,6.0,20.0,/home/hersco/training_new_domains/2026-08-21/statistical_replication_stage1_policy_eval/20425842_Ev_drone_drone_orig_novh_c.1_s1510771779_SR10P_src20401215_e0025.txt
20425843,20401215,drone,off,1510771779,30,6.0,20.0,/home/hersco/training_new_domains/2026-08-21/statistical_replication_stage1_policy_eval/20425843_Ev_drone_drone_orig_novh_c.1_s1510771779_SR10P_src20401215_e0030.txt
20425844,20401215,drone,off,1510771779,35,4.0,20.0,/home/hersco/training_new_domains/2026-08-21/statistical_replication_stage1_policy_eval/20425844_Ev_drone_drone_orig_novh_c.1_s1510771779_SR10P_src20401215_e0035.txt
20425845,20401215,drone,off,1510771779,40,6.0,20.0,/home/hersco/training_new_domains/2026-08-21/statistical_replication_stage1_policy_eval/20425845_Ev_drone_drone_orig_novh_c.1_s1510771779_SR10P_src20401215_e0040.txt
20425846,20401215,drone,off,1510771779,45,8.0,20.0,/home/hersco/training_new_domains/2026-08-21/statistical_replication_stage1_policy_eval/20425846_Ev_drone_drone_orig_novh_c.1_s1510771779_SR10P_src20401215_e0045.txt
20425847,20401215,drone,off,1510771779,50,4.0,20.0,/home/hersco/training_new_domains/2026-08-21/statistical_replication_stage1_policy_eval/20425847_Ev_drone_drone_orig_novh_c.1_s1510771779_SR10P_src20401215_e0050.txt
20425848,20401215,drone,off,1510771779,55,6.0,20.0,/home/hersco/training_new_domains/2026-08-21/statistical_replication_stage1_policy_eval/20425848_Ev_drone_drone_orig_novh_c.1_s1510771779_SR10P_src20401215_e0055.txt
20425849,20401215,drone,off,1510771779,60,8.0,20.0,/home/hersco/training_new_domains/2026-08-21/statistical_replication_stage1_policy_eval/20425849_Ev_drone_drone_orig_novh_c.1_s1510771779_SR10P_src20401215_e0060.txt
20425850,20401215,drone,off,1510771779,65,9.0,20.0,/home/hersco/training_new_domains/2026-08-21/statistical_replication_stage1_policy_eval/20425850_Ev_drone_drone_orig_novh_c.1_s1510771779_SR10P_src20401215_e0065.txt
20425851,20401215,drone,off,1510771779,16,3.0,20.0,/home/hersco/training_new_domains/2026-08-21/statistical_replication_stage1_policy_eval/20425851_Ev_drone_drone_orig_novh_c.1_s1510771779_SR10P_src20401215_e0016.txt
20425852,20401216,drone,off,923500475,5,3.0,20.0,/home/hersco/training_new_domains/2026-08-21/statistical_replication_stage1_policy_eval/20425852_Ev_drone_drone_orig_novh_c.1_s923500475_SR10P_src20401216_e0005.txt
20425853,20401216,drone,off,923500475,10,4.0,20.0,/home/hersco/training_new_domains/2026-08-21/statistical_replication_stage1_policy_eval/20425853_Ev_drone_drone_orig_novh_c.1_s923500475_SR10P_src20401216_e0010.txt
20425854,20401216,drone,off,923500475,15,2.0,20.0,/home/hersco/training_new_domains/2026-08-21/statistical_replication_stage1_policy_eval/20425854_Ev_drone_drone_orig_novh_c.1_s923500475_SR10P_src20401216_e0015.txt
20425855,20401216,drone,off,923500475,20,4.0,20.0,/home/hersco/training_new_domains/2026-08-21/statistical_replication_stage1_policy_eval/20425855_Ev_drone_drone_orig_novh_c.1_s923500475_SR10P_src20401216_e0020.txt
20425856,20401216,drone,off,923500475,25,6.0,20.0,/home/hersco/training_new_domains/2026-08-21/statistical_replication_stage1_policy_eval/20425856_Ev_drone_drone_orig_novh_c.1_s923500475_SR10P_src20401216_e0025.txt
20425857,20401216,drone,off,923500475,30,6.0,20.0,/home/hersco/training_new_domains/2026-08-21/statistical_replication_stage1_policy_eval/20425857_Ev_drone_drone_orig_novh_c.1_s923500475_SR10P_src20401216_e0030.txt
20425858,20401216,drone,off,923500475,35,3.0,20.0,/home/hersco/training_new_domains/2026-08-21/statistical_replication_stage1_policy_eval/20425858_Ev_drone_drone_orig_novh_c.1_s923500475_SR10P_src20401216_e0035.txt
20425859,20401216,drone,off,923500475,40,4.0,20.0,/home/hersco/training_new_domains/2026-08-21/statistical_replication_stage1_policy_eval/20425859_Ev_drone_drone_orig_novh_c.1_s923500475_SR10P_src20401216_e0040.txt
20425860,20401216,drone,off,923500475,45,3.0,20.0,/home/hersco/training_new_domains/2026-08-21/statistical_replication_stage1_policy_eval/20425860_Ev_drone_drone_orig_novh_c.1_s923500475_SR10P_src20401216_e0045.txt
20425861,20401216,drone,off,923500475,50,4.0,20.0,/home/hersco/training_new_domains/2026-08-21/statistical_replication_stage1_policy_eval/20425861_Ev_drone_drone_orig_novh_c.1_s923500475_SR10P_src20401216_e0050.txt
20425862,20401216,drone,off,923500475,1,2.0,20.0,/home/hersco/training_new_domains/2026-08-21/statistical_replication_stage1_policy_eval/20425862_Ev_drone_drone_orig_novh_c.1_s923500475_SR10P_src20401216_e0001.txt
20425863,20401218,fo_counters,on,1963100312,5,2.0,20.0,/home/hersco/training_new_domains/2026-08-21/statistical_replication_stage1_policy_eval/20425863_Ev_fo_counters_fo_counters_orig_vh_c.1_s1963100312_SR10P_src20401218_e0005.txt
20425864,20401218,fo_counters,on,1963100312,10,5.0,20.0,/home/hersco/training_new_domains/2026-08-21/statistical_replication_stage1_policy_eval/20425864_Ev_fo_counters_fo_counters_orig_vh_c.1_s1963100312_SR10P_src20401218_e0010.txt
20425865,20401218,fo_counters,on,1963100312,15,1.0,20.0,/home/hersco/training_new_domains/2026-08-21/statistical_replication_stage1_policy_eval/20425865_Ev_fo_counters_fo_counters_orig_vh_c.1_s1963100312_SR10P_src20401218_e0015.txt
20425866,20401218,fo_counters,on,1963100312,20,4.0,20.0,/home/hersco/training_new_domains/2026-08-21/statistical_replication_stage1_policy_eval/20425866_Ev_fo_counters_fo_counters_orig_vh_c.1_s1963100312_SR10P_src20401218_e0020.txt
20425867,20401218,fo_counters,on,1963100312,25,2.0,20.0,/home/hersco/training_new_domains/2026-08-21/statistical_replication_stage1_policy_eval/20425867_Ev_fo_counters_fo_counters_orig_vh_c.1_s1963100312_SR10P_src20401218_e0025.txt
20425868,20401218,fo_counters,on,1963100312,30,3.0,20.0,/home/hersco/training_new_domains/2026-08-21/statistical_replication_stage1_policy_eval/20425868_Ev_fo_counters_fo_counters_orig_vh_c.1_s1963100312_SR10P_src20401218_e0030.txt
20425869,20401218,fo_counters,on,1963100312,35,4.0,20.0,/home/hersco/training_new_domains/2026-08-21/statistical_replication_stage1_policy_eval/20425869_Ev_fo_counters_fo_counters_orig_vh_c.1_s1963100312_SR10P_src20401218_e0035.txt
20425870,20401218,fo_counters,on,1963100312,40,4.0,20.0,/home/hersco/training_new_domains/2026-08-21/statistical_replication_stage1_policy_eval/20425870_Ev_fo_counters_fo_counters_orig_vh_c.1_s1963100312_SR10P_src20401218_e0040.txt
20425871,20401218,fo_counters,on,1963100312,45,3.0,20.0,/home/hersco/training_new_domains/2026-08-21/statistical_replication_stage1_policy_eval/20425871_Ev_fo_counters_fo_counters_orig_vh_c.1_s1963100312_SR10P_src20401218_e0045.txt
20425872,20401218,fo_counters,on,1963100312,50,4.0,20.0,/home/hersco/training_new_domains/2026-08-21/statistical_replication_stage1_policy_eval/20425872_Ev_fo_counters_fo_counters_orig_vh_c.1_s1963100312_SR10P_src20401218_e0050.txt
20425873,20401218,fo_counters,on,1963100312,55,2.0,20.0,/home/hersco/training_new_domains/2026-08-21/statistical_replication_stage1_policy_eval/20425873_Ev_fo_counters_fo_counters_orig_vh_c.1_s1963100312_SR10P_src20401218_e0055.txt
20425874,20401218,fo_counters,on,1963100312,60,4.0,20.0,/home/hersco/training_new_domains/2026-08-21/statistical_replication_stage1_policy_eval/20425874_Ev_fo_counters_fo_counters_orig_vh_c.1_s1963100312_SR10P_src20401218_e0060.txt
20425875,20401218,fo_counters,on,1963100312,11,4.0,20.0,/home/hersco/training_new_domains/2026-08-21/statistical_replication_stage1_policy_eval/20425875_Ev_fo_counters_fo_counters_orig_vh_c.1_s1963100312_SR10P_src20401218_e0011.txt
20425877,20401219,fo_counters,on,2011206605,5,2.0,20.0,/home/hersco/training_new_domains/2026-08-21/statistical_replication_stage1_policy_eval/20425877_Ev_fo_counters_fo_counters_orig_vh_c.1_s2011206605_SR10P_src20401219_e0005.txt
20425878,20401219,fo_counters,on,2011206605,10,2.0,20.0,/home/hersco/training_new_domains/2026-08-21/statistical_replication_stage1_policy_eval/20425878_Ev_fo_counters_fo_counters_orig_vh_c.1_s2011206605_SR10P_src20401219_e0010.txt
20425879,20401219,fo_counters,on,2011206605,15,5.0,20.0,/home/hersco/training_new_domains/2026-08-21/statistical_replication_stage1_policy_eval/20425879_Ev_fo_counters_fo_counters_orig_vh_c.1_s2011206605_SR10P_src20401219_e0015.txt
20425880,20401219,fo_counters,on,2011206605,20,4.0,20.0,/home/hersco/training_new_domains/2026-08-21/statistical_replication_stage1_policy_eval/20425880_Ev_fo_counters_fo_counters_orig_vh_c.1_s2011206605_SR10P_src20401219_e0020.txt
20425881,20401219,fo_counters,on,2011206605,25,4.0,20.0,/home/hersco/training_new_domains/2026-08-21/statistical_replication_stage1_policy_eval/20425881_Ev_fo_counters_fo_counters_orig_vh_c.1_s2011206605_SR10P_src20401219_e0025.txt
20425882,20401219,fo_counters,on,2011206605,30,2.0,20.0,/home/hersco/training_new_domains/2026-08-21/statistical_replication_stage1_policy_eval/20425882_Ev_fo_counters_fo_counters_orig_vh_c.1_s2011206605_SR10P_src20401219_e0030.txt
20426032,20401219,fo_counters,on,2011206605,35,4.0,20.0,/home/hersco/training_new_domains/2026-08-21/statistical_replication_stage1_policy_eval/20426032_Ev_fo_counters_fo_counters_orig_vh_c.1_s2011206605_SR10P_src20401219_e0035.txt
20426034,20401219,fo_counters,on,2011206605,40,3.0,20.0,/home/hersco/training_new_domains/2026-08-21/statistical_replication_stage1_policy_eval/20426034_Ev_fo_counters_fo_counters_orig_vh_c.1_s2011206605_SR10P_src20401219_e0040.txt
20426036,20401219,fo_counters,on,2011206605,45,3.0,20.0,/home/hersco/training_new_domains/2026-08-21/statistical_replication_stage1_policy_eval/20426036_Ev_fo_counters_fo_counters_orig_vh_c.1_s2011206605_SR10P_src20401219_e0045.txt
20426039,20401219,fo_counters,on,2011206605,50,4.0,20.0,/home/hersco/training_new_domains/2026-08-21/statistical_replication_stage1_policy_eval/20426039_Ev_fo_counters_fo_counters_orig_vh_c.1_s2011206605_SR10P_src20401219_e0050.txt
20426041,20401219,fo_counters,on,2011206605,55,3.0,20.0,/home/hersco/training_new_domains/2026-08-21/statistical_replication_stage1_policy_eval/20426041_Ev_fo_counters_fo_counters_orig_vh_c.1_s2011206605_SR10P_src20401219_e0055.txt
20426043,20401219,fo_counters,on,2011206605,60,4.0,20.0,/home/hersco/training_new_domains/2026-08-21/statistical_replication_stage1_policy_eval/20426043_Ev_fo_counters_fo_counters_orig_vh_c.1_s2011206605_SR10P_src20401219_e0060.txt
20426046,20401219,fo_counters,on,2011206605,65,5.0,20.0,/home/hersco/training_new_domains/2026-08-21/statistical_replication_stage1_policy_eval/20426046_Ev_fo_counters_fo_counters_orig_vh_c.1_s2011206605_SR10P_src20401219_e0065.txt
20426048,20401219,fo_counters,on,2011206605,70,5.0,20.0,/home/hersco/training_new_domains/2026-08-21/statistical_replication_stage1_policy_eval/20426048_Ev_fo_counters_fo_counters_orig_vh_c.1_s2011206605_SR10P_src20401219_e0070.txt
20426050,20401219,fo_counters,on,2011206605,75,4.0,20.0,/home/hersco/training_new_domains/2026-08-21/statistical_replication_stage1_policy_eval/20426050_Ev_fo_counters_fo_counters_orig_vh_c.1_s2011206605_SR10P_src20401219_e0075.txt
20426053,20401219,fo_counters,on,2011206605,80,3.0,20.0,/home/hersco/training_new_domains/2026-08-21/statistical_replication_stage1_policy_eval/20426053_Ev_fo_counters_fo_counters_orig_vh_c.1_s2011206605_SR10P_src20401219_e0080.txt
20426055,20401219,fo_counters,on,2011206605,85,4.0,20.0,/home/hersco/training_new_domains/2026-08-21/statistical_replication_stage1_policy_eval/20426055_Ev_fo_counters_fo_counters_orig_vh_c.1_s2011206605_SR10P_src20401219_e0085.txt
20426058,20401219,fo_counters,on,2011206605,90,5.0,20.0,/home/hersco/training_new_domains/2026-08-21/statistical_replication_stage1_policy_eval/20426058_Ev_fo_counters_fo_counters_orig_vh_c.1_s2011206605_SR10P_src20401219_e0090.txt
20426060,20401219,fo_counters,on,2011206605,95,4.0,20.0,/home/hersco/training_new_domains/2026-08-21/statistical_replication_stage1_policy_eval/20426060_Ev_fo_counters_fo_counters_orig_vh_c.1_s2011206605_SR10P_src20401219_e0095.txt
20426062,20401219,fo_counters,on,2011206605,100,4.0,20.0,/home/hersco/training_new_domains/2026-08-21/statistical_replication_stage1_policy_eval/20426062_Ev_fo_counters_fo_counters_orig_vh_c.1_s2011206605_SR10P_src20401219_e0100.txt
20426065,20401219,fo_counters,on,2011206605,51,3.0,20.0,/home/hersco/training_new_domains/2026-08-21/statistical_replication_stage1_policy_eval/20426065_Ev_fo_counters_fo_counters_orig_vh_c.1_s2011206605_SR10P_src20401219_e0051.txt
20426067,20401220,fo_counters,on,1073581256,5,2.0,20.0,/home/hersco/training_new_domains/2026-08-21/statistical_replication_stage1_policy_eval/20426067_Ev_fo_counters_fo_counters_orig_vh_c.1_s1073581256_SR10P_src20401220_e0005.txt
20426069,20401220,fo_counters,on,1073581256,10,3.0,20.0,/home/hersco/training_new_domains/2026-08-21/statistical_replication_stage1_policy_eval/20426069_Ev_fo_counters_fo_counters_orig_vh_c.1_s1073581256_SR10P_src20401220_e0010.txt
20426071,20401220,fo_counters,on,1073581256,15,2.0,20.0,/home/hersco/training_new_domains/2026-08-21/statistical_replication_stage1_policy_eval/20426071_Ev_fo_counters_fo_counters_orig_vh_c.1_s1073581256_SR10P_src20401220_e0015.txt
20426073,20401220,fo_counters,on,1073581256,20,3.0,20.0,/home/hersco/training_new_domains/2026-08-21/statistical_replication_stage1_policy_eval/20426073_Ev_fo_counters_fo_counters_orig_vh_c.1_s1073581256_SR10P_src20401220_e0020.txt
20426076,20401220,fo_counters,on,1073581256,25,3.0,20.0,/home/hersco/training_new_domains/2026-08-21/statistical_replication_stage1_policy_eval/20426076_Ev_fo_counters_fo_counters_orig_vh_c.1_s1073581256_SR10P_src20401220_e0025.txt
20426078,20401220,fo_counters,on,1073581256,30,4.0,20.0,/home/hersco/training_new_domains/2026-08-21/statistical_replication_stage1_policy_eval/20426078_Ev_fo_counters_fo_counters_orig_vh_c.1_s1073581256_SR10P_src20401220_e0030.txt
20426081,20401220,fo_counters,on,1073581256,35,3.0,20.0,/home/hersco/training_new_domains/2026-08-21/statistical_replication_stage1_policy_eval/20426081_Ev_fo_counters_fo_counters_orig_vh_c.1_s1073581256_SR10P_src20401220_e0035.txt
20426083,20401220,fo_counters,on,1073581256,40,3.0,20.0,/home/hersco/training_new_domains/2026-08-21/statistical_replication_stage1_policy_eval/20426083_Ev_fo_counters_fo_counters_orig_vh_c.1_s1073581256_SR10P_src20401220_e0040.txt
20426085,20401220,fo_counters,on,1073581256,45,4.0,20.0,/home/hersco/training_new_domains/2026-08-21/statistical_replication_stage1_policy_eval/20426085_Ev_fo_counters_fo_counters_orig_vh_c.1_s1073581256_SR10P_src20401220_e0045.txt
20426088,20401220,fo_counters,on,1073581256,50,4.0,20.0,/home/hersco/training_new_domains/2026-08-21/statistical_replication_stage1_policy_eval/20426088_Ev_fo_counters_fo_counters_orig_vh_c.1_s1073581256_SR10P_src20401220_e0050.txt
20426090,20401220,fo_counters,on,1073581256,55,4.0,20.0,/home/hersco/training_new_domains/2026-08-21/statistical_replication_stage1_policy_eval/20426090_Ev_fo_counters_fo_counters_orig_vh_c.1_s1073581256_SR10P_src20401220_e0055.txt
20426092,20401220,fo_counters,on,1073581256,60,4.0,20.0,/home/hersco/training_new_domains/2026-08-21/statistical_replication_stage1_policy_eval/20426092_Ev_fo_counters_fo_counters_orig_vh_c.1_s1073581256_SR10P_src20401220_e0060.txt
20426095,20401220,fo_counters,on,1073581256,65,3.0,20.0,/home/hersco/training_new_domains/2026-08-21/statistical_replication_stage1_policy_eval/20426095_Ev_fo_counters_fo_counters_orig_vh_c.1_s1073581256_SR10P_src20401220_e0065.txt
20426097,20401220,fo_counters,on,1073581256,70,4.0,20.0,/home/hersco/training_new_domains/2026-08-21/statistical_replication_stage1_policy_eval/20426097_Ev_fo_counters_fo_counters_orig_vh_c.1_s1073581256_SR10P_src20401220_e0070.txt
20426099,20401220,fo_counters,on,1073581256,75,3.0,20.0,/home/hersco/training_new_domains/2026-08-21/statistical_replication_stage1_policy_eval/20426099_Ev_fo_counters_fo_counters_orig_vh_c.1_s1073581256_SR10P_src20401220_e0075.txt
20426102,20401220,fo_counters,on,1073581256,80,5.0,20.0,/home/hersco/training_new_domains/2026-08-21/statistical_replication_stage1_policy_eval/20426102_Ev_fo_counters_fo_counters_orig_vh_c.1_s1073581256_SR10P_src20401220_e0080.txt
20426104,20401220,fo_counters,on,1073581256,85,3.0,20.0,/home/hersco/training_new_domains/2026-08-21/statistical_replication_stage1_policy_eval/20426104_Ev_fo_counters_fo_counters_orig_vh_c.1_s1073581256_SR10P_src20401220_e0085.txt
20426106,20401220,fo_counters,on,1073581256,90,4.0,20.0,/home/hersco/training_new_domains/2026-08-21/statistical_replication_stage1_policy_eval/20426106_Ev_fo_counters_fo_counters_orig_vh_c.1_s1073581256_SR10P_src20401220_e0090.txt
20426109,20401220,fo_counters,on,1073581256,95,4.0,20.0,/home/hersco/training_new_domains/2026-08-21/statistical_replication_stage1_policy_eval/20426109_Ev_fo_counters_fo_counters_orig_vh_c.1_s1073581256_SR10P_src20401220_e0095.txt
20426111,20401220,fo_counters,on,1073581256,100,3.0,20.0,/home/hersco/training_new_domains/2026-08-21/statistical_replication_stage1_policy_eval/20426111_Ev_fo_counters_fo_counters_orig_vh_c.1_s1073581256_SR10P_src20401220_e0100.txt
20426113,20401220,fo_counters,on,1073581256,105,4.0,20.0,/home/hersco/training_new_domains/2026-08-21/statistical_replication_stage1_policy_eval/20426113_Ev_fo_counters_fo_counters_orig_vh_c.1_s1073581256_SR10P_src20401220_e0105.txt
20426115,20401220,fo_counters,on,1073581256,110,4.0,20.0,/home/hersco/training_new_domains/2026-08-21/statistical_replication_stage1_policy_eval/20426115_Ev_fo_counters_fo_counters_orig_vh_c.1_s1073581256_SR10P_src20401220_e0110.txt
20426117,20401220,fo_counters,on,1073581256,115,2.0,20.0,/home/hersco/training_new_domains/2026-08-21/statistical_replication_stage1_policy_eval/20426117_Ev_fo_counters_fo_counters_orig_vh_c.1_s1073581256_SR10P_src20401220_e0115.txt
20426120,20401220,fo_counters,on,1073581256,120,4.0,20.0,/home/hersco/training_new_domains/2026-08-21/statistical_replication_stage1_policy_eval/20426120_Ev_fo_counters_fo_counters_orig_vh_c.1_s1073581256_SR10P_src20401220_e0120.txt
20426122,20401220,fo_counters,on,1073581256,125,4.0,20.0,/home/hersco/training_new_domains/2026-08-21/statistical_replication_stage1_policy_eval/20426122_Ev_fo_counters_fo_counters_orig_vh_c.1_s1073581256_SR10P_src20401220_e0125.txt
20426125,20401220,fo_counters,on,1073581256,130,4.0,20.0,/home/hersco/training_new_domains/2026-08-21/statistical_replication_stage1_policy_eval/20426125_Ev_fo_counters_fo_counters_orig_vh_c.1_s1073581256_SR10P_src20401220_e0130.txt
20426128,20401220,fo_counters,on,1073581256,135,5.0,20.0,/home/hersco/training_new_domains/2026-08-21/statistical_replication_stage1_policy_eval/20426128_Ev_fo_counters_fo_counters_orig_vh_c.1_s1073581256_SR10P_src20401220_e0135.txt
20426130,20401220,fo_counters,on,1073581256,140,4.0,20.0,/home/hersco/training_new_domains/2026-08-21/statistical_replication_stage1_policy_eval/20426130_Ev_fo_counters_fo_counters_orig_vh_c.1_s1073581256_SR10P_src20401220_e0140.txt
20426132,20401220,fo_counters,on,1073581256,145,4.0,20.0,/home/hersco/training_new_domains/2026-08-21/statistical_replication_stage1_policy_eval/20426132_Ev_fo_counters_fo_counters_orig_vh_c.1_s1073581256_SR10P_src20401220_e0145.txt
20426135,20401220,fo_counters,on,1073581256,150,4.0,20.0,/home/hersco/training_new_domains/2026-08-21/statistical_replication_stage1_policy_eval/20426135_Ev_fo_counters_fo_counters_orig_vh_c.1_s1073581256_SR10P_src20401220_e0150.txt
20426137,20401220,fo_counters,on,1073581256,155,4.0,20.0,/home/hersco/training_new_domains/2026-08-21/statistical_replication_stage1_policy_eval/20426137_Ev_fo_counters_fo_counters_orig_vh_c.1_s1073581256_SR10P_src20401220_e0155.txt
20426139,20401220,fo_counters,on,1073581256,106,4.0,20.0,/home/hersco/training_new_domains/2026-08-21/statistical_replication_stage1_policy_eval/20426139_Ev_fo_counters_fo_counters_orig_vh_c.1_s1073581256_SR10P_src20401220_e0106.txt
20426141,20401221,fo_counters,on,1239739722,5,1.0,20.0,/home/hersco/training_new_domains/2026-08-21/statistical_replication_stage1_policy_eval/20426141_Ev_fo_counters_fo_counters_orig_vh_c.1_s1239739722_SR10P_src20401221_e0005.txt
20426144,20401221,fo_counters,on,1239739722,10,3.0,20.0,/home/hersco/training_new_domains/2026-08-21/statistical_replication_stage1_policy_eval/20426144_Ev_fo_counters_fo_counters_orig_vh_c.1_s1239739722_SR10P_src20401221_e0010.txt
20426146,20401221,fo_counters,on,1239739722,15,2.0,20.0,/home/hersco/training_new_domains/2026-08-21/statistical_replication_stage1_policy_eval/20426146_Ev_fo_counters_fo_counters_orig_vh_c.1_s1239739722_SR10P_src20401221_e0015.txt
20426149,20401221,fo_counters,on,1239739722,20,2.0,20.0,/home/hersco/training_new_domains/2026-08-21/statistical_replication_stage1_policy_eval/20426149_Ev_fo_counters_fo_counters_orig_vh_c.1_s1239739722_SR10P_src20401221_e0020.txt
20426151,20401221,fo_counters,on,1239739722,25,2.0,20.0,/home/hersco/training_new_domains/2026-08-21/statistical_replication_stage1_policy_eval/20426151_Ev_fo_counters_fo_counters_orig_vh_c.1_s1239739722_SR10P_src20401221_e0025.txt
20426153,20401221,fo_counters,on,1239739722,30,2.0,20.0,/home/hersco/training_new_domains/2026-08-21/statistical_replication_stage1_policy_eval/20426153_Ev_fo_counters_fo_counters_orig_vh_c.1_s1239739722_SR10P_src20401221_e0030.txt
20426155,20401221,fo_counters,on,1239739722,35,1.0,20.0,/home/hersco/training_new_domains/2026-08-21/statistical_replication_stage1_policy_eval/20426155_Ev_fo_counters_fo_counters_orig_vh_c.1_s1239739722_SR10P_src20401221_e0035.txt
20426158,20401221,fo_counters,on,1239739722,40,3.0,20.0,/home/hersco/training_new_domains/2026-08-21/statistical_replication_stage1_policy_eval/20426158_Ev_fo_counters_fo_counters_orig_vh_c.1_s1239739722_SR10P_src20401221_e0040.txt
20426160,20401221,fo_counters,on,1239739722,45,1.0,20.0,/home/hersco/training_new_domains/2026-08-21/statistical_replication_stage1_policy_eval/20426160_Ev_fo_counters_fo_counters_orig_vh_c.1_s1239739722_SR10P_src20401221_e0045.txt
20426162,20401221,fo_counters,on,1239739722,50,3.0,20.0,/home/hersco/training_new_domains/2026-08-21/statistical_replication_stage1_policy_eval/20426162_Ev_fo_counters_fo_counters_orig_vh_c.1_s1239739722_SR10P_src20401221_e0050.txt
20426165,20401221,fo_counters,on,1239739722,55,3.0,20.0,/home/hersco/training_new_domains/2026-08-21/statistical_replication_stage1_policy_eval/20426165_Ev_fo_counters_fo_counters_orig_vh_c.1_s1239739722_SR10P_src20401221_e0055.txt
20426167,20401221,fo_counters,on,1239739722,60,3.0,20.0,/home/hersco/training_new_domains/2026-08-21/statistical_replication_stage1_policy_eval/20426167_Ev_fo_counters_fo_counters_orig_vh_c.1_s1239739722_SR10P_src20401221_e0060.txt
20426169,20401221,fo_counters,on,1239739722,65,5.0,20.0,/home/hersco/training_new_domains/2026-08-21/statistical_replication_stage1_policy_eval/20426169_Ev_fo_counters_fo_counters_orig_vh_c.1_s1239739722_SR10P_src20401221_e0065.txt
20426171,20401221,fo_counters,on,1239739722,70,5.0,20.0,/home/hersco/training_new_domains/2026-08-21/statistical_replication_stage1_policy_eval/20426171_Ev_fo_counters_fo_counters_orig_vh_c.1_s1239739722_SR10P_src20401221_e0070.txt
20426173,20401221,fo_counters,on,1239739722,75,5.0,20.0,/home/hersco/training_new_domains/2026-08-21/statistical_replication_stage1_policy_eval/20426173_Ev_fo_counters_fo_counters_orig_vh_c.1_s1239739722_SR10P_src20401221_e0075.txt
20426175,20401221,fo_counters,on,1239739722,80,4.0,20.0,/home/hersco/training_new_domains/2026-08-21/statistical_replication_stage1_policy_eval/20426175_Ev_fo_counters_fo_counters_orig_vh_c.1_s1239739722_SR10P_src20401221_e0080.txt
20426177,20401221,fo_counters,on,1239739722,85,4.0,20.0,/home/hersco/training_new_domains/2026-08-21/statistical_replication_stage1_policy_eval/20426177_Ev_fo_counters_fo_counters_orig_vh_c.1_s1239739722_SR10P_src20401221_e0085.txt
20426179,20401221,fo_counters,on,1239739722,90,4.0,20.0,/home/hersco/training_new_domains/2026-08-21/statistical_replication_stage1_policy_eval/20426179_Ev_fo_counters_fo_counters_orig_vh_c.1_s1239739722_SR10P_src20401221_e0090.txt
20426182,20401221,fo_counters,on,1239739722,95,6.0,20.0,/home/hersco/training_new_domains/2026-08-21/statistical_replication_stage1_policy_eval/20426182_Ev_fo_counters_fo_counters_orig_vh_c.1_s1239739722_SR10P_src20401221_e0095.txt
20426184,20401221,fo_counters,on,1239739722,100,4.0,20.0,/home/hersco/training_new_domains/2026-08-21/statistical_replication_stage1_policy_eval/20426184_Ev_fo_counters_fo_counters_orig_vh_c.1_s1239739722_SR10P_src20401221_e0100.txt
20426186,20401221,fo_counters,on,1239739722,105,4.0,20.0,/home/hersco/training_new_domains/2026-08-21/statistical_replication_stage1_policy_eval/20426186_Ev_fo_counters_fo_counters_orig_vh_c.1_s1239739722_SR10P_src20401221_e0105.txt
20426188,20401221,fo_counters,on,1239739722,110,3.0,20.0,/home/hersco/training_new_domains/2026-08-21/statistical_replication_stage1_policy_eval/20426188_Ev_fo_counters_fo_counters_orig_vh_c.1_s1239739722_SR10P_src20401221_e0110.txt
20426190,20401221,fo_counters,on,1239739722,115,5.0,20.0,/home/hersco/training_new_domains/2026-08-21/statistical_replication_stage1_policy_eval/20426190_Ev_fo_counters_fo_counters_orig_vh_c.1_s1239739722_SR10P_src20401221_e0115.txt
20426193,20401221,fo_counters,on,1239739722,120,5.0,20.0,/home/hersco/training_new_domains/2026-08-21/statistical_replication_stage1_policy_eval/20426193_Ev_fo_counters_fo_counters_orig_vh_c.1_s1239739722_SR10P_src20401221_e0120.txt
20426195,20401221,fo_counters,on,1239739722,125,3.0,20.0,/home/hersco/training_new_domains/2026-08-21/statistical_replication_stage1_policy_eval/20426195_Ev_fo_counters_fo_counters_orig_vh_c.1_s1239739722_SR10P_src20401221_e0125.txt
20426197,20401221,fo_counters,on,1239739722,130,4.0,20.0,/home/hersco/training_new_domains/2026-08-21/statistical_replication_stage1_policy_eval/20426197_Ev_fo_counters_fo_counters_orig_vh_c.1_s1239739722_SR10P_src20401221_e0130.txt
20426199,20401221,fo_counters,on,1239739722,135,5.0,20.0,/home/hersco/training_new_domains/2026-08-21/statistical_replication_stage1_policy_eval/20426199_Ev_fo_counters_fo_counters_orig_vh_c.1_s1239739722_SR10P_src20401221_e0135.txt
20426202,20401221,fo_counters,on,1239739722,140,4.0,20.0,/home/hersco/training_new_domains/2026-08-21/statistical_replication_stage1_policy_eval/20426202_Ev_fo_counters_fo_counters_orig_vh_c.1_s1239739722_SR10P_src20401221_e0140.txt
20426204,20401221,fo_counters,on,1239739722,92,5.0,20.0,/home/hersco/training_new_domains/2026-08-21/statistical_replication_stage1_policy_eval/20426204_Ev_fo_counters_fo_counters_orig_vh_c.1_s1239739722_SR10P_src20401221_e0092.txt
20426206,20401222,fo_counters,on,1472491096,5,2.0,20.0,/home/hersco/training_new_domains/2026-08-21/statistical_replication_stage1_policy_eval/20426206_Ev_fo_counters_fo_counters_orig_vh_c.1_s1472491096_SR10P_src20401222_e0005.txt
20426209,20401222,fo_counters,on,1472491096,10,3.0,20.0,/home/hersco/training_new_domains/2026-08-21/statistical_replication_stage1_policy_eval/20426209_Ev_fo_counters_fo_counters_orig_vh_c.1_s1472491096_SR10P_src20401222_e0010.txt
20426211,20401222,fo_counters,on,1472491096,15,4.0,20.0,/home/hersco/training_new_domains/2026-08-21/statistical_replication_stage1_policy_eval/20426211_Ev_fo_counters_fo_counters_orig_vh_c.1_s1472491096_SR10P_src20401222_e0015.txt
20426213,20401222,fo_counters,on,1472491096,20,4.0,20.0,/home/hersco/training_new_domains/2026-08-21/statistical_replication_stage1_policy_eval/20426213_Ev_fo_counters_fo_counters_orig_vh_c.1_s1472491096_SR10P_src20401222_e0020.txt
20426216,20401222,fo_counters,on,1472491096,25,3.0,20.0,/home/hersco/training_new_domains/2026-08-21/statistical_replication_stage1_policy_eval/20426216_Ev_fo_counters_fo_counters_orig_vh_c.1_s1472491096_SR10P_src20401222_e0025.txt
20426218,20401222,fo_counters,on,1472491096,30,5.0,20.0,/home/hersco/training_new_domains/2026-08-21/statistical_replication_stage1_policy_eval/20426218_Ev_fo_counters_fo_counters_orig_vh_c.1_s1472491096_SR10P_src20401222_e0030.txt
20426220,20401222,fo_counters,on,1472491096,35,2.0,20.0,/home/hersco/training_new_domains/2026-08-21/statistical_replication_stage1_policy_eval/20426220_Ev_fo_counters_fo_counters_orig_vh_c.1_s1472491096_SR10P_src20401222_e0035.txt
20426223,20401222,fo_counters,on,1472491096,40,4.0,20.0,/home/hersco/training_new_domains/2026-08-21/statistical_replication_stage1_policy_eval/20426223_Ev_fo_counters_fo_counters_orig_vh_c.1_s1472491096_SR10P_src20401222_e0040.txt
20426225,20401222,fo_counters,on,1472491096,45,6.0,20.0,/home/hersco/training_new_domains/2026-08-21/statistical_replication_stage1_policy_eval/20426225_Ev_fo_counters_fo_counters_orig_vh_c.1_s1472491096_SR10P_src20401222_e0045.txt
20426227,20401222,fo_counters,on,1472491096,50,5.0,20.0,/home/hersco/training_new_domains/2026-08-21/statistical_replication_stage1_policy_eval/20426227_Ev_fo_counters_fo_counters_orig_vh_c.1_s1472491096_SR10P_src20401222_e0050.txt
20426229,20401222,fo_counters,on,1472491096,55,4.0,20.0,/home/hersco/training_new_domains/2026-08-21/statistical_replication_stage1_policy_eval/20426229_Ev_fo_counters_fo_counters_orig_vh_c.1_s1472491096_SR10P_src20401222_e0055.txt
20426232,20401222,fo_counters,on,1472491096,60,2.0,20.0,/home/hersco/training_new_domains/2026-08-21/statistical_replication_stage1_policy_eval/20426232_Ev_fo_counters_fo_counters_orig_vh_c.1_s1472491096_SR10P_src20401222_e0060.txt
20426234,20401222,fo_counters,on,1472491096,65,3.0,20.0,/home/hersco/training_new_domains/2026-08-21/statistical_replication_stage1_policy_eval/20426234_Ev_fo_counters_fo_counters_orig_vh_c.1_s1472491096_SR10P_src20401222_e0065.txt
20426235,20401222,fo_counters,on,1472491096,70,4.0,20.0,/home/hersco/training_new_domains/2026-08-21/statistical_replication_stage1_policy_eval/20426235_Ev_fo_counters_fo_counters_orig_vh_c.1_s1472491096_SR10P_src20401222_e0070.txt
20426236,20401222,fo_counters,on,1472491096,75,5.0,20.0,/home/hersco/training_new_domains/2026-08-21/statistical_replication_stage1_policy_eval/20426236_Ev_fo_counters_fo_counters_orig_vh_c.1_s1472491096_SR10P_src20401222_e0075.txt
20426237,20401222,fo_counters,on,1472491096,80,4.0,20.0,/home/hersco/training_new_domains/2026-08-21/statistical_replication_stage1_policy_eval/20426237_Ev_fo_counters_fo_counters_orig_vh_c.1_s1472491096_SR10P_src20401222_e0080.txt
20426238,20401222,fo_counters,on,1472491096,85,3.0,20.0,/home/hersco/training_new_domains/2026-08-21/statistical_replication_stage1_policy_eval/20426238_Ev_fo_counters_fo_counters_orig_vh_c.1_s1472491096_SR10P_src20401222_e0085.txt
20426239,20401222,fo_counters,on,1472491096,90,3.0,20.0,/home/hersco/training_new_domains/2026-08-21/statistical_replication_stage1_policy_eval/20426239_Ev_fo_counters_fo_counters_orig_vh_c.1_s1472491096_SR10P_src20401222_e0090.txt
20426240,20401222,fo_counters,on,1472491096,95,5.0,20.0,/home/hersco/training_new_domains/2026-08-21/statistical_replication_stage1_policy_eval/20426240_Ev_fo_counters_fo_counters_orig_vh_c.1_s1472491096_SR10P_src20401222_e0095.txt
20426241,20401222,fo_counters,on,1472491096,100,4.0,20.0,/home/hersco/training_new_domains/2026-08-21/statistical_replication_stage1_policy_eval/20426241_Ev_fo_counters_fo_counters_orig_vh_c.1_s1472491096_SR10P_src20401222_e0100.txt
20426242,20401222,fo_counters,on,1472491096,105,4.0,20.0,/home/hersco/training_new_domains/2026-08-21/statistical_replication_stage1_policy_eval/20426242_Ev_fo_counters_fo_counters_orig_vh_c.1_s1472491096_SR10P_src20401222_e0105.txt
20426243,20401222,fo_counters,on,1472491096,110,4.0,20.0,/home/hersco/training_new_domains/2026-08-21/statistical_replication_stage1_policy_eval/20426243_Ev_fo_counters_fo_counters_orig_vh_c.1_s1472491096_SR10P_src20401222_e0110.txt
20426244,20401222,fo_counters,on,1472491096,115,5.0,20.0,/home/hersco/training_new_domains/2026-08-21/statistical_replication_stage1_policy_eval/20426244_Ev_fo_counters_fo_counters_orig_vh_c.1_s1472491096_SR10P_src20401222_e0115.txt
20426245,20401222,fo_counters,on,1472491096,66,3.0,20.0,/home/hersco/training_new_domains/2026-08-21/statistical_replication_stage1_policy_eval/20426245_Ev_fo_counters_fo_counters_orig_vh_c.1_s1472491096_SR10P_src20401222_e0066.txt
20426376,20401223,fo_counters,on,534933607,5,2.0,20.0,/home/hersco/training_new_domains/2026-08-21/statistical_replication_stage1_policy_eval/20426376_Ev_fo_counters_fo_counters_orig_vh_c.1_s534933607_SR10P_src20401223_e0005.txt
20426377,20401223,fo_counters,on,534933607,10,3.0,20.0,/home/hersco/training_new_domains/2026-08-21/statistical_replication_stage1_policy_eval/20426377_Ev_fo_counters_fo_counters_orig_vh_c.1_s534933607_SR10P_src20401223_e0010.txt
20426378,20401223,fo_counters,on,534933607,15,2.0,20.0,/home/hersco/training_new_domains/2026-08-21/statistical_replication_stage1_policy_eval/20426378_Ev_fo_counters_fo_counters_orig_vh_c.1_s534933607_SR10P_src20401223_e0015.txt
20426379,20401223,fo_counters,on,534933607,20,2.0,20.0,/home/hersco/training_new_domains/2026-08-21/statistical_replication_stage1_policy_eval/20426379_Ev_fo_counters_fo_counters_orig_vh_c.1_s534933607_SR10P_src20401223_e0020.txt
20426380,20401223,fo_counters,on,534933607,25,3.0,20.0,/home/hersco/training_new_domains/2026-08-21/statistical_replication_stage1_policy_eval/20426380_Ev_fo_counters_fo_counters_orig_vh_c.1_s534933607_SR10P_src20401223_e0025.txt
20426381,20401223,fo_counters,on,534933607,30,1.0,20.0,/home/hersco/training_new_domains/2026-08-21/statistical_replication_stage1_policy_eval/20426381_Ev_fo_counters_fo_counters_orig_vh_c.1_s534933607_SR10P_src20401223_e0030.txt
20426382,20401223,fo_counters,on,534933607,35,2.0,20.0,/home/hersco/training_new_domains/2026-08-21/statistical_replication_stage1_policy_eval/20426382_Ev_fo_counters_fo_counters_orig_vh_c.1_s534933607_SR10P_src20401223_e0035.txt
20426383,20401223,fo_counters,on,534933607,40,1.0,20.0,/home/hersco/training_new_domains/2026-08-21/statistical_replication_stage1_policy_eval/20426383_Ev_fo_counters_fo_counters_orig_vh_c.1_s534933607_SR10P_src20401223_e0040.txt
20426384,20401223,fo_counters,on,534933607,45,2.0,20.0,/home/hersco/training_new_domains/2026-08-21/statistical_replication_stage1_policy_eval/20426384_Ev_fo_counters_fo_counters_orig_vh_c.1_s534933607_SR10P_src20401223_e0045.txt
20426385,20401223,fo_counters,on,534933607,50,1.0,20.0,/home/hersco/training_new_domains/2026-08-21/statistical_replication_stage1_policy_eval/20426385_Ev_fo_counters_fo_counters_orig_vh_c.1_s534933607_SR10P_src20401223_e0050.txt
20426386,20401223,fo_counters,on,534933607,55,2.0,20.0,/home/hersco/training_new_domains/2026-08-21/statistical_replication_stage1_policy_eval/20426386_Ev_fo_counters_fo_counters_orig_vh_c.1_s534933607_SR10P_src20401223_e0055.txt
20426387,20401223,fo_counters,on,534933607,60,4.0,20.0,/home/hersco/training_new_domains/2026-08-21/statistical_replication_stage1_policy_eval/20426387_Ev_fo_counters_fo_counters_orig_vh_c.1_s534933607_SR10P_src20401223_e0060.txt
20426388,20401223,fo_counters,on,534933607,65,2.0,20.0,/home/hersco/training_new_domains/2026-08-21/statistical_replication_stage1_policy_eval/20426388_Ev_fo_counters_fo_counters_orig_vh_c.1_s534933607_SR10P_src20401223_e0065.txt
20426389,20401223,fo_counters,on,534933607,70,3.0,20.0,/home/hersco/training_new_domains/2026-08-21/statistical_replication_stage1_policy_eval/20426389_Ev_fo_counters_fo_counters_orig_vh_c.1_s534933607_SR10P_src20401223_e0070.txt
20426390,20401223,fo_counters,on,534933607,75,4.0,20.0,/home/hersco/training_new_domains/2026-08-21/statistical_replication_stage1_policy_eval/20426390_Ev_fo_counters_fo_counters_orig_vh_c.1_s534933607_SR10P_src20401223_e0075.txt
20426391,20401223,fo_counters,on,534933607,80,3.0,20.0,/home/hersco/training_new_domains/2026-08-21/statistical_replication_stage1_policy_eval/20426391_Ev_fo_counters_fo_counters_orig_vh_c.1_s534933607_SR10P_src20401223_e0080.txt
20426392,20401223,fo_counters,on,534933607,85,1.0,20.0,/home/hersco/training_new_domains/2026-08-21/statistical_replication_stage1_policy_eval/20426392_Ev_fo_counters_fo_counters_orig_vh_c.1_s534933607_SR10P_src20401223_e0085.txt
20426393,20401223,fo_counters,on,534933607,90,1.0,20.0,/home/hersco/training_new_domains/2026-08-21/statistical_replication_stage1_policy_eval/20426393_Ev_fo_counters_fo_counters_orig_vh_c.1_s534933607_SR10P_src20401223_e0090.txt
20426394,20401223,fo_counters,on,534933607,95,2.0,20.0,/home/hersco/training_new_domains/2026-08-21/statistical_replication_stage1_policy_eval/20426394_Ev_fo_counters_fo_counters_orig_vh_c.1_s534933607_SR10P_src20401223_e0095.txt
20426395,20401223,fo_counters,on,534933607,100,1.0,20.0,/home/hersco/training_new_domains/2026-08-21/statistical_replication_stage1_policy_eval/20426395_Ev_fo_counters_fo_counters_orig_vh_c.1_s534933607_SR10P_src20401223_e0100.txt
20426396,20401223,fo_counters,on,534933607,105,1.0,20.0,/home/hersco/training_new_domains/2026-08-21/statistical_replication_stage1_policy_eval/20426396_Ev_fo_counters_fo_counters_orig_vh_c.1_s534933607_SR10P_src20401223_e0105.txt
20426397,20401223,fo_counters,on,534933607,58,2.0,20.0,/home/hersco/training_new_domains/2026-08-21/statistical_replication_stage1_policy_eval/20426397_Ev_fo_counters_fo_counters_orig_vh_c.1_s534933607_SR10P_src20401223_e0058.txt
20426398,20401224,fo_counters,on,2082152039,5,1.0,20.0,/home/hersco/training_new_domains/2026-08-21/statistical_replication_stage1_policy_eval/20426398_Ev_fo_counters_fo_counters_orig_vh_c.1_s2082152039_SR10P_src20401224_e0005.txt
20426399,20401224,fo_counters,on,2082152039,10,1.0,20.0,/home/hersco/training_new_domains/2026-08-21/statistical_replication_stage1_policy_eval/20426399_Ev_fo_counters_fo_counters_orig_vh_c.1_s2082152039_SR10P_src20401224_e0010.txt
20426400,20401224,fo_counters,on,2082152039,15,3.0,20.0,/home/hersco/training_new_domains/2026-08-21/statistical_replication_stage1_policy_eval/20426400_Ev_fo_counters_fo_counters_orig_vh_c.1_s2082152039_SR10P_src20401224_e0015.txt
20426401,20401224,fo_counters,on,2082152039,20,3.0,20.0,/home/hersco/training_new_domains/2026-08-21/statistical_replication_stage1_policy_eval/20426401_Ev_fo_counters_fo_counters_orig_vh_c.1_s2082152039_SR10P_src20401224_e0020.txt
20426402,20401224,fo_counters,on,2082152039,25,3.0,20.0,/home/hersco/training_new_domains/2026-08-21/statistical_replication_stage1_policy_eval/20426402_Ev_fo_counters_fo_counters_orig_vh_c.1_s2082152039_SR10P_src20401224_e0025.txt
20426403,20401224,fo_counters,on,2082152039,30,4.0,20.0,/home/hersco/training_new_domains/2026-08-21/statistical_replication_stage1_policy_eval/20426403_Ev_fo_counters_fo_counters_orig_vh_c.1_s2082152039_SR10P_src20401224_e0030.txt
20426404,20401224,fo_counters,on,2082152039,35,2.0,20.0,/home/hersco/training_new_domains/2026-08-21/statistical_replication_stage1_policy_eval/20426404_Ev_fo_counters_fo_counters_orig_vh_c.1_s2082152039_SR10P_src20401224_e0035.txt
20426405,20401224,fo_counters,on,2082152039,40,3.0,20.0,/home/hersco/training_new_domains/2026-08-21/statistical_replication_stage1_policy_eval/20426405_Ev_fo_counters_fo_counters_orig_vh_c.1_s2082152039_SR10P_src20401224_e0040.txt
20426406,20401224,fo_counters,on,2082152039,45,3.0,20.0,/home/hersco/training_new_domains/2026-08-21/statistical_replication_stage1_policy_eval/20426406_Ev_fo_counters_fo_counters_orig_vh_c.1_s2082152039_SR10P_src20401224_e0045.txt
20426407,20401224,fo_counters,on,2082152039,50,5.0,20.0,/home/hersco/training_new_domains/2026-08-21/statistical_replication_stage1_policy_eval/20426407_Ev_fo_counters_fo_counters_orig_vh_c.1_s2082152039_SR10P_src20401224_e0050.txt
20426408,20401224,fo_counters,on,2082152039,55,2.0,20.0,/home/hersco/training_new_domains/2026-08-21/statistical_replication_stage1_policy_eval/20426408_Ev_fo_counters_fo_counters_orig_vh_c.1_s2082152039_SR10P_src20401224_e0055.txt
20426409,20401224,fo_counters,on,2082152039,60,2.0,20.0,/home/hersco/training_new_domains/2026-08-21/statistical_replication_stage1_policy_eval/20426409_Ev_fo_counters_fo_counters_orig_vh_c.1_s2082152039_SR10P_src20401224_e0060.txt
20426410,20401224,fo_counters,on,2082152039,65,3.0,20.0,/home/hersco/training_new_domains/2026-08-21/statistical_replication_stage1_policy_eval/20426410_Ev_fo_counters_fo_counters_orig_vh_c.1_s2082152039_SR10P_src20401224_e0065.txt
20426411,20401224,fo_counters,on,2082152039,70,3.0,20.0,/home/hersco/training_new_domains/2026-08-21/statistical_replication_stage1_policy_eval/20426411_Ev_fo_counters_fo_counters_orig_vh_c.1_s2082152039_SR10P_src20401224_e0070.txt
20426412,20401224,fo_counters,on,2082152039,23,2.0,20.0,/home/hersco/training_new_domains/2026-08-21/statistical_replication_stage1_policy_eval/20426412_Ev_fo_counters_fo_counters_orig_vh_c.1_s2082152039_SR10P_src20401224_e0023.txt
20426413,20401225,fo_counters,on,1510771779,5,2.0,20.0,/home/hersco/training_new_domains/2026-08-21/statistical_replication_stage1_policy_eval/20426413_Ev_fo_counters_fo_counters_orig_vh_c.1_s1510771779_SR10P_src20401225_e0005.txt
20426414,20401225,fo_counters,on,1510771779,10,3.0,20.0,/home/hersco/training_new_domains/2026-08-21/statistical_replication_stage1_policy_eval/20426414_Ev_fo_counters_fo_counters_orig_vh_c.1_s1510771779_SR10P_src20401225_e0010.txt
20426415,20401225,fo_counters,on,1510771779,15,3.0,20.0,/home/hersco/training_new_domains/2026-08-21/statistical_replication_stage1_policy_eval/20426415_Ev_fo_counters_fo_counters_orig_vh_c.1_s1510771779_SR10P_src20401225_e0015.txt
20426416,20401225,fo_counters,on,1510771779,20,3.0,20.0,/home/hersco/training_new_domains/2026-08-21/statistical_replication_stage1_policy_eval/20426416_Ev_fo_counters_fo_counters_orig_vh_c.1_s1510771779_SR10P_src20401225_e0020.txt
20426417,20401225,fo_counters,on,1510771779,25,4.0,20.0,/home/hersco/training_new_domains/2026-08-21/statistical_replication_stage1_policy_eval/20426417_Ev_fo_counters_fo_counters_orig_vh_c.1_s1510771779_SR10P_src20401225_e0025.txt
20426418,20401225,fo_counters,on,1510771779,30,5.0,20.0,/home/hersco/training_new_domains/2026-08-21/statistical_replication_stage1_policy_eval/20426418_Ev_fo_counters_fo_counters_orig_vh_c.1_s1510771779_SR10P_src20401225_e0030.txt
20426419,20401225,fo_counters,on,1510771779,35,3.0,20.0,/home/hersco/training_new_domains/2026-08-21/statistical_replication_stage1_policy_eval/20426419_Ev_fo_counters_fo_counters_orig_vh_c.1_s1510771779_SR10P_src20401225_e0035.txt
20426420,20401225,fo_counters,on,1510771779,40,3.0,20.0,/home/hersco/training_new_domains/2026-08-21/statistical_replication_stage1_policy_eval/20426420_Ev_fo_counters_fo_counters_orig_vh_c.1_s1510771779_SR10P_src20401225_e0040.txt
20426421,20401225,fo_counters,on,1510771779,45,2.0,20.0,/home/hersco/training_new_domains/2026-08-21/statistical_replication_stage1_policy_eval/20426421_Ev_fo_counters_fo_counters_orig_vh_c.1_s1510771779_SR10P_src20401225_e0045.txt
20426422,20401225,fo_counters,on,1510771779,50,4.0,20.0,/home/hersco/training_new_domains/2026-08-21/statistical_replication_stage1_policy_eval/20426422_Ev_fo_counters_fo_counters_orig_vh_c.1_s1510771779_SR10P_src20401225_e0050.txt
20426423,20401225,fo_counters,on,1510771779,55,3.0,20.0,/home/hersco/training_new_domains/2026-08-21/statistical_replication_stage1_policy_eval/20426423_Ev_fo_counters_fo_counters_orig_vh_c.1_s1510771779_SR10P_src20401225_e0055.txt
20426424,20401225,fo_counters,on,1510771779,60,4.0,20.0,/home/hersco/training_new_domains/2026-08-21/statistical_replication_stage1_policy_eval/20426424_Ev_fo_counters_fo_counters_orig_vh_c.1_s1510771779_SR10P_src20401225_e0060.txt
20426425,20401225,fo_counters,on,1510771779,65,5.0,20.0,/home/hersco/training_new_domains/2026-08-21/statistical_replication_stage1_policy_eval/20426425_Ev_fo_counters_fo_counters_orig_vh_c.1_s1510771779_SR10P_src20401225_e0065.txt
20426426,20401225,fo_counters,on,1510771779,70,5.0,20.0,/home/hersco/training_new_domains/2026-08-21/statistical_replication_stage1_policy_eval/20426426_Ev_fo_counters_fo_counters_orig_vh_c.1_s1510771779_SR10P_src20401225_e0070.txt
20426427,20401225,fo_counters,on,1510771779,75,4.0,20.0,/home/hersco/training_new_domains/2026-08-21/statistical_replication_stage1_policy_eval/20426427_Ev_fo_counters_fo_counters_orig_vh_c.1_s1510771779_SR10P_src20401225_e0075.txt
20426428,20401225,fo_counters,on,1510771779,80,3.0,20.0,/home/hersco/training_new_domains/2026-08-21/statistical_replication_stage1_policy_eval/20426428_Ev_fo_counters_fo_counters_orig_vh_c.1_s1510771779_SR10P_src20401225_e0080.txt
20426429,20401225,fo_counters,on,1510771779,85,4.0,20.0,/home/hersco/training_new_domains/2026-08-21/statistical_replication_stage1_policy_eval/20426429_Ev_fo_counters_fo_counters_orig_vh_c.1_s1510771779_SR10P_src20401225_e0085.txt
20426430,20401225,fo_counters,on,1510771779,90,6.0,20.0,/home/hersco/training_new_domains/2026-08-21/statistical_replication_stage1_policy_eval/20426430_Ev_fo_counters_fo_counters_orig_vh_c.1_s1510771779_SR10P_src20401225_e0090.txt
20426431,20401225,fo_counters,on,1510771779,95,6.0,20.0,/home/hersco/training_new_domains/2026-08-21/statistical_replication_stage1_policy_eval/20426431_Ev_fo_counters_fo_counters_orig_vh_c.1_s1510771779_SR10P_src20401225_e0095.txt
20426432,20401225,fo_counters,on,1510771779,100,3.0,20.0,/home/hersco/training_new_domains/2026-08-21/statistical_replication_stage1_policy_eval/20426432_Ev_fo_counters_fo_counters_orig_vh_c.1_s1510771779_SR10P_src20401225_e0100.txt
20426433,20401225,fo_counters,on,1510771779,105,4.0,20.0,/home/hersco/training_new_domains/2026-08-21/statistical_replication_stage1_policy_eval/20426433_Ev_fo_counters_fo_counters_orig_vh_c.1_s1510771779_SR10P_src20401225_e0105.txt
20426434,20401225,fo_counters,on,1510771779,110,5.0,20.0,/home/hersco/training_new_domains/2026-08-21/statistical_replication_stage1_policy_eval/20426434_Ev_fo_counters_fo_counters_orig_vh_c.1_s1510771779_SR10P_src20401225_e0110.txt
20426435,20401225,fo_counters,on,1510771779,115,3.0,20.0,/home/hersco/training_new_domains/2026-08-21/statistical_replication_stage1_policy_eval/20426435_Ev_fo_counters_fo_counters_orig_vh_c.1_s1510771779_SR10P_src20401225_e0115.txt
20426437,20401225,fo_counters,on,1510771779,68,6.0,20.0,/home/hersco/training_new_domains/2026-08-21/statistical_replication_stage1_policy_eval/20426437_Ev_fo_counters_fo_counters_orig_vh_c.1_s1510771779_SR10P_src20401225_e0068.txt
20426440,20401226,fo_counters,on,923500475,5,3.0,20.0,/home/hersco/training_new_domains/2026-08-21/statistical_replication_stage1_policy_eval/20426440_Ev_fo_counters_fo_counters_orig_vh_c.1_s923500475_SR10P_src20401226_e0005.txt
20426442,20401226,fo_counters,on,923500475,10,5.0,20.0,/home/hersco/training_new_domains/2026-08-21/statistical_replication_stage1_policy_eval/20426442_Ev_fo_counters_fo_counters_orig_vh_c.1_s923500475_SR10P_src20401226_e0010.txt
20426444,20401226,fo_counters,on,923500475,15,3.0,20.0,/home/hersco/training_new_domains/2026-08-21/statistical_replication_stage1_policy_eval/20426444_Ev_fo_counters_fo_counters_orig_vh_c.1_s923500475_SR10P_src20401226_e0015.txt
20426447,20401226,fo_counters,on,923500475,20,4.0,20.0,/home/hersco/training_new_domains/2026-08-21/statistical_replication_stage1_policy_eval/20426447_Ev_fo_counters_fo_counters_orig_vh_c.1_s923500475_SR10P_src20401226_e0020.txt
20426449,20401226,fo_counters,on,923500475,25,2.0,20.0,/home/hersco/training_new_domains/2026-08-21/statistical_replication_stage1_policy_eval/20426449_Ev_fo_counters_fo_counters_orig_vh_c.1_s923500475_SR10P_src20401226_e0025.txt
20426451,20401226,fo_counters,on,923500475,30,3.0,20.0,/home/hersco/training_new_domains/2026-08-21/statistical_replication_stage1_policy_eval/20426451_Ev_fo_counters_fo_counters_orig_vh_c.1_s923500475_SR10P_src20401226_e0030.txt
20426454,20401226,fo_counters,on,923500475,35,3.0,20.0,/home/hersco/training_new_domains/2026-08-21/statistical_replication_stage1_policy_eval/20426454_Ev_fo_counters_fo_counters_orig_vh_c.1_s923500475_SR10P_src20401226_e0035.txt
20426456,20401226,fo_counters,on,923500475,40,1.0,20.0,/home/hersco/training_new_domains/2026-08-21/statistical_replication_stage1_policy_eval/20426456_Ev_fo_counters_fo_counters_orig_vh_c.1_s923500475_SR10P_src20401226_e0040.txt
20426459,20401226,fo_counters,on,923500475,45,3.0,20.0,/home/hersco/training_new_domains/2026-08-21/statistical_replication_stage1_policy_eval/20426459_Ev_fo_counters_fo_counters_orig_vh_c.1_s923500475_SR10P_src20401226_e0045.txt
20426461,20401226,fo_counters,on,923500475,50,3.0,20.0,/home/hersco/training_new_domains/2026-08-21/statistical_replication_stage1_policy_eval/20426461_Ev_fo_counters_fo_counters_orig_vh_c.1_s923500475_SR10P_src20401226_e0050.txt
20426463,20401226,fo_counters,on,923500475,55,4.0,20.0,/home/hersco/training_new_domains/2026-08-21/statistical_replication_stage1_policy_eval/20426463_Ev_fo_counters_fo_counters_orig_vh_c.1_s923500475_SR10P_src20401226_e0055.txt
20426465,20401226,fo_counters,on,923500475,60,3.0,20.0,/home/hersco/training_new_domains/2026-08-21/statistical_replication_stage1_policy_eval/20426465_Ev_fo_counters_fo_counters_orig_vh_c.1_s923500475_SR10P_src20401226_e0060.txt
20426468,20401226,fo_counters,on,923500475,65,3.0,20.0,/home/hersco/training_new_domains/2026-08-21/statistical_replication_stage1_policy_eval/20426468_Ev_fo_counters_fo_counters_orig_vh_c.1_s923500475_SR10P_src20401226_e0065.txt
20426470,20401226,fo_counters,on,923500475,70,3.0,20.0,/home/hersco/training_new_domains/2026-08-21/statistical_replication_stage1_policy_eval/20426470_Ev_fo_counters_fo_counters_orig_vh_c.1_s923500475_SR10P_src20401226_e0070.txt
20426473,20401226,fo_counters,on,923500475,75,3.0,20.0,/home/hersco/training_new_domains/2026-08-21/statistical_replication_stage1_policy_eval/20426473_Ev_fo_counters_fo_counters_orig_vh_c.1_s923500475_SR10P_src20401226_e0075.txt
20426475,20401226,fo_counters,on,923500475,80,4.0,20.0,/home/hersco/training_new_domains/2026-08-21/statistical_replication_stage1_policy_eval/20426475_Ev_fo_counters_fo_counters_orig_vh_c.1_s923500475_SR10P_src20401226_e0080.txt
20426477,20401226,fo_counters,on,923500475,34,3.0,20.0,/home/hersco/training_new_domains/2026-08-21/statistical_replication_stage1_policy_eval/20426477_Ev_fo_counters_fo_counters_orig_vh_c.1_s923500475_SR10P_src20401226_e0034.txt
20426480,20401227,fo_counters,on,1972442430,5,2.0,20.0,/home/hersco/training_new_domains/2026-08-21/statistical_replication_stage1_policy_eval/20426480_Ev_fo_counters_fo_counters_orig_vh_c.1_s1972442430_SR10P_src20401227_e0005.txt
20426483,20401227,fo_counters,on,1972442430,10,4.0,20.0,/home/hersco/training_new_domains/2026-08-21/statistical_replication_stage1_policy_eval/20426483_Ev_fo_counters_fo_counters_orig_vh_c.1_s1972442430_SR10P_src20401227_e0010.txt
20426485,20401227,fo_counters,on,1972442430,15,2.0,20.0,/home/hersco/training_new_domains/2026-08-21/statistical_replication_stage1_policy_eval/20426485_Ev_fo_counters_fo_counters_orig_vh_c.1_s1972442430_SR10P_src20401227_e0015.txt
20426487,20401227,fo_counters,on,1972442430,20,3.0,20.0,/home/hersco/training_new_domains/2026-08-21/statistical_replication_stage1_policy_eval/20426487_Ev_fo_counters_fo_counters_orig_vh_c.1_s1972442430_SR10P_src20401227_e0020.txt
20426490,20401227,fo_counters,on,1972442430,25,4.0,20.0,/home/hersco/training_new_domains/2026-08-21/statistical_replication_stage1_policy_eval/20426490_Ev_fo_counters_fo_counters_orig_vh_c.1_s1972442430_SR10P_src20401227_e0025.txt
20426492,20401227,fo_counters,on,1972442430,30,3.0,20.0,/home/hersco/training_new_domains/2026-08-21/statistical_replication_stage1_policy_eval/20426492_Ev_fo_counters_fo_counters_orig_vh_c.1_s1972442430_SR10P_src20401227_e0030.txt
20426494,20401227,fo_counters,on,1972442430,35,4.0,20.0,/home/hersco/training_new_domains/2026-08-21/statistical_replication_stage1_policy_eval/20426494_Ev_fo_counters_fo_counters_orig_vh_c.1_s1972442430_SR10P_src20401227_e0035.txt
20426497,20401227,fo_counters,on,1972442430,40,5.0,20.0,/home/hersco/training_new_domains/2026-08-21/statistical_replication_stage1_policy_eval/20426497_Ev_fo_counters_fo_counters_orig_vh_c.1_s1972442430_SR10P_src20401227_e0040.txt
20426498,20401227,fo_counters,on,1972442430,45,3.0,20.0,/home/hersco/training_new_domains/2026-08-21/statistical_replication_stage1_policy_eval/20426498_Ev_fo_counters_fo_counters_orig_vh_c.1_s1972442430_SR10P_src20401227_e0045.txt
20426500,20401227,fo_counters,on,1972442430,50,2.0,20.0,/home/hersco/training_new_domains/2026-08-21/statistical_replication_stage1_policy_eval/20426500_Ev_fo_counters_fo_counters_orig_vh_c.1_s1972442430_SR10P_src20401227_e0050.txt
20426502,20401227,fo_counters,on,1972442430,55,4.0,20.0,/home/hersco/training_new_domains/2026-08-21/statistical_replication_stage1_policy_eval/20426502_Ev_fo_counters_fo_counters_orig_vh_c.1_s1972442430_SR10P_src20401227_e0055.txt
20426504,20401227,fo_counters,on,1972442430,60,3.0,20.0,/home/hersco/training_new_domains/2026-08-21/statistical_replication_stage1_policy_eval/20426504_Ev_fo_counters_fo_counters_orig_vh_c.1_s1972442430_SR10P_src20401227_e0060.txt
20426506,20401227,fo_counters,on,1972442430,65,4.0,20.0,/home/hersco/training_new_domains/2026-08-21/statistical_replication_stage1_policy_eval/20426506_Ev_fo_counters_fo_counters_orig_vh_c.1_s1972442430_SR10P_src20401227_e0065.txt
20426508,20401227,fo_counters,on,1972442430,70,4.0,20.0,/home/hersco/training_new_domains/2026-08-21/statistical_replication_stage1_policy_eval/20426508_Ev_fo_counters_fo_counters_orig_vh_c.1_s1972442430_SR10P_src20401227_e0070.txt
20426511,20401227,fo_counters,on,1972442430,75,3.0,20.0,/home/hersco/training_new_domains/2026-08-21/statistical_replication_stage1_policy_eval/20426511_Ev_fo_counters_fo_counters_orig_vh_c.1_s1972442430_SR10P_src20401227_e0075.txt
20426513,20401227,fo_counters,on,1972442430,80,3.0,20.0,/home/hersco/training_new_domains/2026-08-21/statistical_replication_stage1_policy_eval/20426513_Ev_fo_counters_fo_counters_orig_vh_c.1_s1972442430_SR10P_src20401227_e0080.txt
20426515,20401227,fo_counters,on,1972442430,85,3.0,20.0,/home/hersco/training_new_domains/2026-08-21/statistical_replication_stage1_policy_eval/20426515_Ev_fo_counters_fo_counters_orig_vh_c.1_s1972442430_SR10P_src20401227_e0085.txt
20426517,20401227,fo_counters,on,1972442430,90,3.0,20.0,/home/hersco/training_new_domains/2026-08-21/statistical_replication_stage1_policy_eval/20426517_Ev_fo_counters_fo_counters_orig_vh_c.1_s1972442430_SR10P_src20401227_e0090.txt
20426519,20401227,fo_counters,on,1972442430,42,5.0,20.0,/home/hersco/training_new_domains/2026-08-21/statistical_replication_stage1_policy_eval/20426519_Ev_fo_counters_fo_counters_orig_vh_c.1_s1972442430_SR10P_src20401227_e0042.txt
20426521,20401228,fo_counters,off,1963100312,5,2.0,20.0,/home/hersco/training_new_domains/2026-08-21/statistical_replication_stage1_policy_eval/20426521_Ev_fo_counters_fo_counters_orig_novh_c.1_s1963100312_SR10P_src20401228_e0005.txt
20426523,20401228,fo_counters,off,1963100312,10,4.0,20.0,/home/hersco/training_new_domains/2026-08-21/statistical_replication_stage1_policy_eval/20426523_Ev_fo_counters_fo_counters_orig_novh_c.1_s1963100312_SR10P_src20401228_e0010.txt
20426525,20401228,fo_counters,off,1963100312,15,4.0,20.0,/home/hersco/training_new_domains/2026-08-21/statistical_replication_stage1_policy_eval/20426525_Ev_fo_counters_fo_counters_orig_novh_c.1_s1963100312_SR10P_src20401228_e0015.txt
20426760,20401228,fo_counters,off,1963100312,20,3.0,20.0,/home/hersco/training_new_domains/2026-08-21/statistical_replication_stage1_policy_eval/20426760_Ev_fo_counters_fo_counters_orig_novh_c.1_s1963100312_SR10P_src20401228_e0020.txt
20426763,20401228,fo_counters,off,1963100312,25,3.0,20.0,/home/hersco/training_new_domains/2026-08-21/statistical_replication_stage1_policy_eval/20426763_Ev_fo_counters_fo_counters_orig_novh_c.1_s1963100312_SR10P_src20401228_e0025.txt
20426765,20401228,fo_counters,off,1963100312,30,3.0,20.0,/home/hersco/training_new_domains/2026-08-21/statistical_replication_stage1_policy_eval/20426765_Ev_fo_counters_fo_counters_orig_novh_c.1_s1963100312_SR10P_src20401228_e0030.txt
20426767,20401228,fo_counters,off,1963100312,35,4.0,20.0,/home/hersco/training_new_domains/2026-08-21/statistical_replication_stage1_policy_eval/20426767_Ev_fo_counters_fo_counters_orig_novh_c.1_s1963100312_SR10P_src20401228_e0035.txt
20426769,20401228,fo_counters,off,1963100312,40,4.0,20.0,/home/hersco/training_new_domains/2026-08-21/statistical_replication_stage1_policy_eval/20426769_Ev_fo_counters_fo_counters_orig_novh_c.1_s1963100312_SR10P_src20401228_e0040.txt
20426772,20401228,fo_counters,off,1963100312,45,5.0,20.0,/home/hersco/training_new_domains/2026-08-21/statistical_replication_stage1_policy_eval/20426772_Ev_fo_counters_fo_counters_orig_novh_c.1_s1963100312_SR10P_src20401228_e0045.txt
20426774,20401228,fo_counters,off,1963100312,50,3.0,20.0,/home/hersco/training_new_domains/2026-08-21/statistical_replication_stage1_policy_eval/20426774_Ev_fo_counters_fo_counters_orig_novh_c.1_s1963100312_SR10P_src20401228_e0050.txt
20426776,20401228,fo_counters,off,1963100312,55,3.0,20.0,/home/hersco/training_new_domains/2026-08-21/statistical_replication_stage1_policy_eval/20426776_Ev_fo_counters_fo_counters_orig_novh_c.1_s1963100312_SR10P_src20401228_e0055.txt
20426778,20401228,fo_counters,off,1963100312,8,3.0,20.0,/home/hersco/training_new_domains/2026-08-21/statistical_replication_stage1_policy_eval/20426778_Ev_fo_counters_fo_counters_orig_novh_c.1_s1963100312_SR10P_src20401228_e0008.txt
20426780,20401229,fo_counters,off,2011206605,5,3.0,20.0,/home/hersco/training_new_domains/2026-08-21/statistical_replication_stage1_policy_eval/20426780_Ev_fo_counters_fo_counters_orig_novh_c.1_s2011206605_SR10P_src20401229_e0005.txt
20426783,20401229,fo_counters,off,2011206605,10,5.0,20.0,/home/hersco/training_new_domains/2026-08-21/statistical_replication_stage1_policy_eval/20426783_Ev_fo_counters_fo_counters_orig_novh_c.1_s2011206605_SR10P_src20401229_e0010.txt
20426785,20401229,fo_counters,off,2011206605,15,3.0,20.0,/home/hersco/training_new_domains/2026-08-21/statistical_replication_stage1_policy_eval/20426785_Ev_fo_counters_fo_counters_orig_novh_c.1_s2011206605_SR10P_src20401229_e0015.txt
20426787,20401229,fo_counters,off,2011206605,20,4.0,20.0,/home/hersco/training_new_domains/2026-08-21/statistical_replication_stage1_policy_eval/20426787_Ev_fo_counters_fo_counters_orig_novh_c.1_s2011206605_SR10P_src20401229_e0020.txt
20426790,20401229,fo_counters,off,2011206605,25,4.0,20.0,/home/hersco/training_new_domains/2026-08-21/statistical_replication_stage1_policy_eval/20426790_Ev_fo_counters_fo_counters_orig_novh_c.1_s2011206605_SR10P_src20401229_e0025.txt
20426792,20401229,fo_counters,off,2011206605,30,3.0,20.0,/home/hersco/training_new_domains/2026-08-21/statistical_replication_stage1_policy_eval/20426792_Ev_fo_counters_fo_counters_orig_novh_c.1_s2011206605_SR10P_src20401229_e0030.txt
20426794,20401229,fo_counters,off,2011206605,35,2.0,20.0,/home/hersco/training_new_domains/2026-08-21/statistical_replication_stage1_policy_eval/20426794_Ev_fo_counters_fo_counters_orig_novh_c.1_s2011206605_SR10P_src20401229_e0035.txt
20426797,20401229,fo_counters,off,2011206605,40,3.0,20.0,/home/hersco/training_new_domains/2026-08-21/statistical_replication_stage1_policy_eval/20426797_Ev_fo_counters_fo_counters_orig_novh_c.1_s2011206605_SR10P_src20401229_e0040.txt
20426799,20401229,fo_counters,off,2011206605,45,5.0,20.0,/home/hersco/training_new_domains/2026-08-21/statistical_replication_stage1_policy_eval/20426799_Ev_fo_counters_fo_counters_orig_novh_c.1_s2011206605_SR10P_src20401229_e0045.txt
20426801,20401229,fo_counters,off,2011206605,50,5.0,20.0,/home/hersco/training_new_domains/2026-08-21/statistical_replication_stage1_policy_eval/20426801_Ev_fo_counters_fo_counters_orig_novh_c.1_s2011206605_SR10P_src20401229_e0050.txt
20426803,20401229,fo_counters,off,2011206605,55,3.0,20.0,/home/hersco/training_new_domains/2026-08-21/statistical_replication_stage1_policy_eval/20426803_Ev_fo_counters_fo_counters_orig_novh_c.1_s2011206605_SR10P_src20401229_e0055.txt
20426806,20401229,fo_counters,off,2011206605,60,5.0,20.0,/home/hersco/training_new_domains/2026-08-21/statistical_replication_stage1_policy_eval/20426806_Ev_fo_counters_fo_counters_orig_novh_c.1_s2011206605_SR10P_src20401229_e0060.txt
20426808,20401229,fo_counters,off,2011206605,65,6.0,20.0,/home/hersco/training_new_domains/2026-08-21/statistical_replication_stage1_policy_eval/20426808_Ev_fo_counters_fo_counters_orig_novh_c.1_s2011206605_SR10P_src20401229_e0065.txt
20426810,20401229,fo_counters,off,2011206605,70,6.0,20.0,/home/hersco/training_new_domains/2026-08-21/statistical_replication_stage1_policy_eval/20426810_Ev_fo_counters_fo_counters_orig_novh_c.1_s2011206605_SR10P_src20401229_e0070.txt
20426813,20401229,fo_counters,off,2011206605,75,2.0,20.0,/home/hersco/training_new_domains/2026-08-21/statistical_replication_stage1_policy_eval/20426813_Ev_fo_counters_fo_counters_orig_novh_c.1_s2011206605_SR10P_src20401229_e0075.txt
20426815,20401229,fo_counters,off,2011206605,80,6.0,20.0,/home/hersco/training_new_domains/2026-08-21/statistical_replication_stage1_policy_eval/20426815_Ev_fo_counters_fo_counters_orig_novh_c.1_s2011206605_SR10P_src20401229_e0080.txt
20426817,20401229,fo_counters,off,2011206605,85,6.0,20.0,/home/hersco/training_new_domains/2026-08-21/statistical_replication_stage1_policy_eval/20426817_Ev_fo_counters_fo_counters_orig_novh_c.1_s2011206605_SR10P_src20401229_e0085.txt
20426819,20401229,fo_counters,off,2011206605,90,4.0,20.0,/home/hersco/training_new_domains/2026-08-21/statistical_replication_stage1_policy_eval/20426819_Ev_fo_counters_fo_counters_orig_novh_c.1_s2011206605_SR10P_src20401229_e0090.txt
20426822,20401229,fo_counters,off,2011206605,95,2.0,20.0,/home/hersco/training_new_domains/2026-08-21/statistical_replication_stage1_policy_eval/20426822_Ev_fo_counters_fo_counters_orig_novh_c.1_s2011206605_SR10P_src20401229_e0095.txt
20426824,20401229,fo_counters,off,2011206605,46,4.0,20.0,/home/hersco/training_new_domains/2026-08-21/statistical_replication_stage1_policy_eval/20426824_Ev_fo_counters_fo_counters_orig_novh_c.1_s2011206605_SR10P_src20401229_e0046.txt
20426826,20401230,fo_counters,off,1073581256,5,2.0,20.0,/home/hersco/training_new_domains/2026-08-21/statistical_replication_stage1_policy_eval/20426826_Ev_fo_counters_fo_counters_orig_novh_c.1_s1073581256_SR10P_src20401230_e0005.txt
20426829,20401230,fo_counters,off,1073581256,10,3.0,20.0,/home/hersco/training_new_domains/2026-08-21/statistical_replication_stage1_policy_eval/20426829_Ev_fo_counters_fo_counters_orig_novh_c.1_s1073581256_SR10P_src20401230_e0010.txt
20426831,20401230,fo_counters,off,1073581256,15,3.0,20.0,/home/hersco/training_new_domains/2026-08-21/statistical_replication_stage1_policy_eval/20426831_Ev_fo_counters_fo_counters_orig_novh_c.1_s1073581256_SR10P_src20401230_e0015.txt
20426833,20401230,fo_counters,off,1073581256,20,4.0,20.0,/home/hersco/training_new_domains/2026-08-21/statistical_replication_stage1_policy_eval/20426833_Ev_fo_counters_fo_counters_orig_novh_c.1_s1073581256_SR10P_src20401230_e0020.txt
20426835,20401230,fo_counters,off,1073581256,25,4.0,20.0,/home/hersco/training_new_domains/2026-08-21/statistical_replication_stage1_policy_eval/20426835_Ev_fo_counters_fo_counters_orig_novh_c.1_s1073581256_SR10P_src20401230_e0025.txt
20426838,20401230,fo_counters,off,1073581256,30,4.0,20.0,/home/hersco/training_new_domains/2026-08-21/statistical_replication_stage1_policy_eval/20426838_Ev_fo_counters_fo_counters_orig_novh_c.1_s1073581256_SR10P_src20401230_e0030.txt
20426840,20401230,fo_counters,off,1073581256,35,4.0,20.0,/home/hersco/training_new_domains/2026-08-21/statistical_replication_stage1_policy_eval/20426840_Ev_fo_counters_fo_counters_orig_novh_c.1_s1073581256_SR10P_src20401230_e0035.txt
20426842,20401230,fo_counters,off,1073581256,40,4.0,20.0,/home/hersco/training_new_domains/2026-08-21/statistical_replication_stage1_policy_eval/20426842_Ev_fo_counters_fo_counters_orig_novh_c.1_s1073581256_SR10P_src20401230_e0040.txt
20426844,20401230,fo_counters,off,1073581256,45,3.0,20.0,/home/hersco/training_new_domains/2026-08-21/statistical_replication_stage1_policy_eval/20426844_Ev_fo_counters_fo_counters_orig_novh_c.1_s1073581256_SR10P_src20401230_e0045.txt
20426847,20401230,fo_counters,off,1073581256,50,5.0,20.0,/home/hersco/training_new_domains/2026-08-21/statistical_replication_stage1_policy_eval/20426847_Ev_fo_counters_fo_counters_orig_novh_c.1_s1073581256_SR10P_src20401230_e0050.txt
20426849,20401230,fo_counters,off,1073581256,55,3.0,20.0,/home/hersco/training_new_domains/2026-08-21/statistical_replication_stage1_policy_eval/20426849_Ev_fo_counters_fo_counters_orig_novh_c.1_s1073581256_SR10P_src20401230_e0055.txt
20426852,20401230,fo_counters,off,1073581256,60,3.0,20.0,/home/hersco/training_new_domains/2026-08-21/statistical_replication_stage1_policy_eval/20426852_Ev_fo_counters_fo_counters_orig_novh_c.1_s1073581256_SR10P_src20401230_e0060.txt
20426854,20401230,fo_counters,off,1073581256,65,3.0,20.0,/home/hersco/training_new_domains/2026-08-21/statistical_replication_stage1_policy_eval/20426854_Ev_fo_counters_fo_counters_orig_novh_c.1_s1073581256_SR10P_src20401230_e0065.txt
20426857,20401230,fo_counters,off,1073581256,70,3.0,20.0,/home/hersco/training_new_domains/2026-08-21/statistical_replication_stage1_policy_eval/20426857_Ev_fo_counters_fo_counters_orig_novh_c.1_s1073581256_SR10P_src20401230_e0070.txt
20426859,20401230,fo_counters,off,1073581256,22,3.0,20.0,/home/hersco/training_new_domains/2026-08-21/statistical_replication_stage1_policy_eval/20426859_Ev_fo_counters_fo_counters_orig_novh_c.1_s1073581256_SR10P_src20401230_e0022.txt
20426861,20401231,fo_counters,off,1239739722,5,2.0,20.0,/home/hersco/training_new_domains/2026-08-21/statistical_replication_stage1_policy_eval/20426861_Ev_fo_counters_fo_counters_orig_novh_c.1_s1239739722_SR10P_src20401231_e0005.txt
20426864,20401231,fo_counters,off,1239739722,10,2.0,20.0,/home/hersco/training_new_domains/2026-08-21/statistical_replication_stage1_policy_eval/20426864_Ev_fo_counters_fo_counters_orig_novh_c.1_s1239739722_SR10P_src20401231_e0010.txt
20426866,20401231,fo_counters,off,1239739722,15,6.0,20.0,/home/hersco/training_new_domains/2026-08-21/statistical_replication_stage1_policy_eval/20426866_Ev_fo_counters_fo_counters_orig_novh_c.1_s1239739722_SR10P_src20401231_e0015.txt
20426868,20401231,fo_counters,off,1239739722,20,5.0,20.0,/home/hersco/training_new_domains/2026-08-21/statistical_replication_stage1_policy_eval/20426868_Ev_fo_counters_fo_counters_orig_novh_c.1_s1239739722_SR10P_src20401231_e0020.txt
20426871,20401231,fo_counters,off,1239739722,25,3.0,20.0,/home/hersco/training_new_domains/2026-08-21/statistical_replication_stage1_policy_eval/20426871_Ev_fo_counters_fo_counters_orig_novh_c.1_s1239739722_SR10P_src20401231_e0025.txt
20426873,20401231,fo_counters,off,1239739722,30,5.0,20.0,/home/hersco/training_new_domains/2026-08-21/statistical_replication_stage1_policy_eval/20426873_Ev_fo_counters_fo_counters_orig_novh_c.1_s1239739722_SR10P_src20401231_e0030.txt
20426875,20401231,fo_counters,off,1239739722,35,5.0,20.0,/home/hersco/training_new_domains/2026-08-21/statistical_replication_stage1_policy_eval/20426875_Ev_fo_counters_fo_counters_orig_novh_c.1_s1239739722_SR10P_src20401231_e0035.txt
20426877,20401231,fo_counters,off,1239739722,40,4.0,20.0,/home/hersco/training_new_domains/2026-08-21/statistical_replication_stage1_policy_eval/20426877_Ev_fo_counters_fo_counters_orig_novh_c.1_s1239739722_SR10P_src20401231_e0040.txt
20426880,20401231,fo_counters,off,1239739722,45,5.0,20.0,/home/hersco/training_new_domains/2026-08-21/statistical_replication_stage1_policy_eval/20426880_Ev_fo_counters_fo_counters_orig_novh_c.1_s1239739722_SR10P_src20401231_e0045.txt
20426882,20401231,fo_counters,off,1239739722,50,4.0,20.0,/home/hersco/training_new_domains/2026-08-21/statistical_replication_stage1_policy_eval/20426882_Ev_fo_counters_fo_counters_orig_novh_c.1_s1239739722_SR10P_src20401231_e0050.txt
20426884,20401231,fo_counters,off,1239739722,55,4.0,20.0,/home/hersco/training_new_domains/2026-08-21/statistical_replication_stage1_policy_eval/20426884_Ev_fo_counters_fo_counters_orig_novh_c.1_s1239739722_SR10P_src20401231_e0055.txt
20426886,20401231,fo_counters,off,1239739722,60,4.0,20.0,/home/hersco/training_new_domains/2026-08-21/statistical_replication_stage1_policy_eval/20426886_Ev_fo_counters_fo_counters_orig_novh_c.1_s1239739722_SR10P_src20401231_e0060.txt
20426892,20401231,fo_counters,off,1239739722,65,4.0,20.0,/home/hersco/training_new_domains/2026-08-21/statistical_replication_stage1_policy_eval/20426892_Ev_fo_counters_fo_counters_orig_novh_c.1_s1239739722_SR10P_src20401231_e0065.txt
20426895,20401231,fo_counters,off,1239739722,70,3.0,20.0,/home/hersco/training_new_domains/2026-08-21/statistical_replication_stage1_policy_eval/20426895_Ev_fo_counters_fo_counters_orig_novh_c.1_s1239739722_SR10P_src20401231_e0070.txt
20426896,20401231,fo_counters,off,1239739722,75,1.0,20.0,/home/hersco/training_new_domains/2026-08-21/statistical_replication_stage1_policy_eval/20426896_Ev_fo_counters_fo_counters_orig_novh_c.1_s1239739722_SR10P_src20401231_e0075.txt
20426897,20401231,fo_counters,off,1239739722,80,4.0,20.0,/home/hersco/training_new_domains/2026-08-21/statistical_replication_stage1_policy_eval/20426897_Ev_fo_counters_fo_counters_orig_novh_c.1_s1239739722_SR10P_src20401231_e0080.txt
20426898,20401231,fo_counters,off,1239739722,31,6.0,20.0,/home/hersco/training_new_domains/2026-08-21/statistical_replication_stage1_policy_eval/20426898_Ev_fo_counters_fo_counters_orig_novh_c.1_s1239739722_SR10P_src20401231_e0031.txt
20426899,20401232,fo_counters,off,1472491096,5,2.0,20.0,/home/hersco/training_new_domains/2026-08-21/statistical_replication_stage1_policy_eval/20426899_Ev_fo_counters_fo_counters_orig_novh_c.1_s1472491096_SR10P_src20401232_e0005.txt
20426900,20401232,fo_counters,off,1472491096,10,3.0,20.0,/home/hersco/training_new_domains/2026-08-21/statistical_replication_stage1_policy_eval/20426900_Ev_fo_counters_fo_counters_orig_novh_c.1_s1472491096_SR10P_src20401232_e0010.txt
20426901,20401232,fo_counters,off,1472491096,15,3.0,20.0,/home/hersco/training_new_domains/2026-08-21/statistical_replication_stage1_policy_eval/20426901_Ev_fo_counters_fo_counters_orig_novh_c.1_s1472491096_SR10P_src20401232_e0015.txt
20426902,20401232,fo_counters,off,1472491096,20,5.0,20.0,/home/hersco/training_new_domains/2026-08-21/statistical_replication_stage1_policy_eval/20426902_Ev_fo_counters_fo_counters_orig_novh_c.1_s1472491096_SR10P_src20401232_e0020.txt
20426903,20401232,fo_counters,off,1472491096,25,4.0,20.0,/home/hersco/training_new_domains/2026-08-21/statistical_replication_stage1_policy_eval/20426903_Ev_fo_counters_fo_counters_orig_novh_c.1_s1472491096_SR10P_src20401232_e0025.txt
20426904,20401232,fo_counters,off,1472491096,30,3.0,20.0,/home/hersco/training_new_domains/2026-08-21/statistical_replication_stage1_policy_eval/20426904_Ev_fo_counters_fo_counters_orig_novh_c.1_s1472491096_SR10P_src20401232_e0030.txt
20426905,20401232,fo_counters,off,1472491096,35,5.0,20.0,/home/hersco/training_new_domains/2026-08-21/statistical_replication_stage1_policy_eval/20426905_Ev_fo_counters_fo_counters_orig_novh_c.1_s1472491096_SR10P_src20401232_e0035.txt
20426906,20401232,fo_counters,off,1472491096,40,5.0,20.0,/home/hersco/training_new_domains/2026-08-21/statistical_replication_stage1_policy_eval/20426906_Ev_fo_counters_fo_counters_orig_novh_c.1_s1472491096_SR10P_src20401232_e0040.txt
20426907,20401232,fo_counters,off,1472491096,45,4.0,20.0,/home/hersco/training_new_domains/2026-08-21/statistical_replication_stage1_policy_eval/20426907_Ev_fo_counters_fo_counters_orig_novh_c.1_s1472491096_SR10P_src20401232_e0045.txt
20426908,20401232,fo_counters,off,1472491096,50,4.0,20.0,/home/hersco/training_new_domains/2026-08-21/statistical_replication_stage1_policy_eval/20426908_Ev_fo_counters_fo_counters_orig_novh_c.1_s1472491096_SR10P_src20401232_e0050.txt
20426909,20401232,fo_counters,off,1472491096,55,5.0,20.0,/home/hersco/training_new_domains/2026-08-21/statistical_replication_stage1_policy_eval/20426909_Ev_fo_counters_fo_counters_orig_novh_c.1_s1472491096_SR10P_src20401232_e0055.txt
20426910,20401232,fo_counters,off,1472491096,60,5.0,20.0,/home/hersco/training_new_domains/2026-08-21/statistical_replication_stage1_policy_eval/20426910_Ev_fo_counters_fo_counters_orig_novh_c.1_s1472491096_SR10P_src20401232_e0060.txt
20426911,20401232,fo_counters,off,1472491096,65,4.0,20.0,/home/hersco/training_new_domains/2026-08-21/statistical_replication_stage1_policy_eval/20426911_Ev_fo_counters_fo_counters_orig_novh_c.1_s1472491096_SR10P_src20401232_e0065.txt
20426912,20401232,fo_counters,off,1472491096,16,4.0,20.0,/home/hersco/training_new_domains/2026-08-21/statistical_replication_stage1_policy_eval/20426912_Ev_fo_counters_fo_counters_orig_novh_c.1_s1472491096_SR10P_src20401232_e0016.txt
20426913,20401233,fo_counters,off,534933607,5,2.0,20.0,/home/hersco/training_new_domains/2026-08-21/statistical_replication_stage1_policy_eval/20426913_Ev_fo_counters_fo_counters_orig_novh_c.1_s534933607_SR10P_src20401233_e0005.txt
20426914,20401233,fo_counters,off,534933607,10,3.0,20.0,/home/hersco/training_new_domains/2026-08-21/statistical_replication_stage1_policy_eval/20426914_Ev_fo_counters_fo_counters_orig_novh_c.1_s534933607_SR10P_src20401233_e0010.txt
20426915,20401233,fo_counters,off,534933607,15,3.0,20.0,/home/hersco/training_new_domains/2026-08-21/statistical_replication_stage1_policy_eval/20426915_Ev_fo_counters_fo_counters_orig_novh_c.1_s534933607_SR10P_src20401233_e0015.txt
20426916,20401233,fo_counters,off,534933607,20,5.0,20.0,/home/hersco/training_new_domains/2026-08-21/statistical_replication_stage1_policy_eval/20426916_Ev_fo_counters_fo_counters_orig_novh_c.1_s534933607_SR10P_src20401233_e0020.txt
20426917,20401233,fo_counters,off,534933607,25,4.0,20.0,/home/hersco/training_new_domains/2026-08-21/statistical_replication_stage1_policy_eval/20426917_Ev_fo_counters_fo_counters_orig_novh_c.1_s534933607_SR10P_src20401233_e0025.txt
20426918,20401233,fo_counters,off,534933607,30,5.0,20.0,/home/hersco/training_new_domains/2026-08-21/statistical_replication_stage1_policy_eval/20426918_Ev_fo_counters_fo_counters_orig_novh_c.1_s534933607_SR10P_src20401233_e0030.txt
20426919,20401233,fo_counters,off,534933607,35,3.0,20.0,/home/hersco/training_new_domains/2026-08-21/statistical_replication_stage1_policy_eval/20426919_Ev_fo_counters_fo_counters_orig_novh_c.1_s534933607_SR10P_src20401233_e0035.txt
20426920,20401233,fo_counters,off,534933607,40,4.0,20.0,/home/hersco/training_new_domains/2026-08-21/statistical_replication_stage1_policy_eval/20426920_Ev_fo_counters_fo_counters_orig_novh_c.1_s534933607_SR10P_src20401233_e0040.txt
20426921,20401233,fo_counters,off,534933607,45,3.0,20.0,/home/hersco/training_new_domains/2026-08-21/statistical_replication_stage1_policy_eval/20426921_Ev_fo_counters_fo_counters_orig_novh_c.1_s534933607_SR10P_src20401233_e0045.txt
20426922,20401233,fo_counters,off,534933607,50,4.0,20.0,/home/hersco/training_new_domains/2026-08-21/statistical_replication_stage1_policy_eval/20426922_Ev_fo_counters_fo_counters_orig_novh_c.1_s534933607_SR10P_src20401233_e0050.txt
20426923,20401233,fo_counters,off,534933607,55,4.0,20.0,/home/hersco/training_new_domains/2026-08-21/statistical_replication_stage1_policy_eval/20426923_Ev_fo_counters_fo_counters_orig_novh_c.1_s534933607_SR10P_src20401233_e0055.txt
20426924,20401233,fo_counters,off,534933607,60,4.0,20.0,/home/hersco/training_new_domains/2026-08-21/statistical_replication_stage1_policy_eval/20426924_Ev_fo_counters_fo_counters_orig_novh_c.1_s534933607_SR10P_src20401233_e0060.txt
20426925,20401233,fo_counters,off,534933607,65,4.0,20.0,/home/hersco/training_new_domains/2026-08-21/statistical_replication_stage1_policy_eval/20426925_Ev_fo_counters_fo_counters_orig_novh_c.1_s534933607_SR10P_src20401233_e0065.txt
20426926,20401233,fo_counters,off,534933607,70,3.0,20.0,/home/hersco/training_new_domains/2026-08-21/statistical_replication_stage1_policy_eval/20426926_Ev_fo_counters_fo_counters_orig_novh_c.1_s534933607_SR10P_src20401233_e0070.txt
20426927,20401233,fo_counters,off,534933607,75,4.0,20.0,/home/hersco/training_new_domains/2026-08-21/statistical_replication_stage1_policy_eval/20426927_Ev_fo_counters_fo_counters_orig_novh_c.1_s534933607_SR10P_src20401233_e0075.txt
20426928,20401233,fo_counters,off,534933607,80,4.0,20.0,/home/hersco/training_new_domains/2026-08-21/statistical_replication_stage1_policy_eval/20426928_Ev_fo_counters_fo_counters_orig_novh_c.1_s534933607_SR10P_src20401233_e0080.txt
20426929,20401233,fo_counters,off,534933607,85,3.0,20.0,/home/hersco/training_new_domains/2026-08-21/statistical_replication_stage1_policy_eval/20426929_Ev_fo_counters_fo_counters_orig_novh_c.1_s534933607_SR10P_src20401233_e0085.txt
20426930,20401233,fo_counters,off,534933607,90,5.0,20.0,/home/hersco/training_new_domains/2026-08-21/statistical_replication_stage1_policy_eval/20426930_Ev_fo_counters_fo_counters_orig_novh_c.1_s534933607_SR10P_src20401233_e0090.txt
20426931,20401233,fo_counters,off,534933607,95,2.0,20.0,/home/hersco/training_new_domains/2026-08-21/statistical_replication_stage1_policy_eval/20426931_Ev_fo_counters_fo_counters_orig_novh_c.1_s534933607_SR10P_src20401233_e0095.txt
20426932,20401233,fo_counters,off,534933607,100,3.0,20.0,/home/hersco/training_new_domains/2026-08-21/statistical_replication_stage1_policy_eval/20426932_Ev_fo_counters_fo_counters_orig_novh_c.1_s534933607_SR10P_src20401233_e0100.txt
20426933,20401233,fo_counters,off,534933607,105,4.0,20.0,/home/hersco/training_new_domains/2026-08-21/statistical_replication_stage1_policy_eval/20426933_Ev_fo_counters_fo_counters_orig_novh_c.1_s534933607_SR10P_src20401233_e0105.txt
20426934,20401233,fo_counters,off,534933607,57,4.0,20.0,/home/hersco/training_new_domains/2026-08-21/statistical_replication_stage1_policy_eval/20426934_Ev_fo_counters_fo_counters_orig_novh_c.1_s534933607_SR10P_src20401233_e0057.txt
20426935,20401234,fo_counters,off,2082152039,5,2.0,20.0,/home/hersco/training_new_domains/2026-08-21/statistical_replication_stage1_policy_eval/20426935_Ev_fo_counters_fo_counters_orig_novh_c.1_s2082152039_SR10P_src20401234_e0005.txt
20426936,20401234,fo_counters,off,2082152039,10,4.0,20.0,/home/hersco/training_new_domains/2026-08-21/statistical_replication_stage1_policy_eval/20426936_Ev_fo_counters_fo_counters_orig_novh_c.1_s2082152039_SR10P_src20401234_e0010.txt
20426937,20401234,fo_counters,off,2082152039,15,4.0,20.0,/home/hersco/training_new_domains/2026-08-21/statistical_replication_stage1_policy_eval/20426937_Ev_fo_counters_fo_counters_orig_novh_c.1_s2082152039_SR10P_src20401234_e0015.txt
20427107,20401234,fo_counters,off,2082152039,20,3.0,20.0,/home/hersco/training_new_domains/2026-08-21/statistical_replication_stage1_policy_eval/20427107_Ev_fo_counters_fo_counters_orig_novh_c.1_s2082152039_SR10P_src20401234_e0020.txt
20427108,20401234,fo_counters,off,2082152039,25,4.0,20.0,/home/hersco/training_new_domains/2026-08-21/statistical_replication_stage1_policy_eval/20427108_Ev_fo_counters_fo_counters_orig_novh_c.1_s2082152039_SR10P_src20401234_e0025.txt
20427109,20401234,fo_counters,off,2082152039,30,5.0,20.0,/home/hersco/training_new_domains/2026-08-21/statistical_replication_stage1_policy_eval/20427109_Ev_fo_counters_fo_counters_orig_novh_c.1_s2082152039_SR10P_src20401234_e0030.txt
20427110,20401234,fo_counters,off,2082152039,35,5.0,20.0,/home/hersco/training_new_domains/2026-08-21/statistical_replication_stage1_policy_eval/20427110_Ev_fo_counters_fo_counters_orig_novh_c.1_s2082152039_SR10P_src20401234_e0035.txt
20427111,20401234,fo_counters,off,2082152039,40,4.0,20.0,/home/hersco/training_new_domains/2026-08-21/statistical_replication_stage1_policy_eval/20427111_Ev_fo_counters_fo_counters_orig_novh_c.1_s2082152039_SR10P_src20401234_e0040.txt
20427112,20401234,fo_counters,off,2082152039,45,5.0,20.0,/home/hersco/training_new_domains/2026-08-21/statistical_replication_stage1_policy_eval/20427112_Ev_fo_counters_fo_counters_orig_novh_c.1_s2082152039_SR10P_src20401234_e0045.txt
20427113,20401234,fo_counters,off,2082152039,50,5.0,20.0,/home/hersco/training_new_domains/2026-08-21/statistical_replication_stage1_policy_eval/20427113_Ev_fo_counters_fo_counters_orig_novh_c.1_s2082152039_SR10P_src20401234_e0050.txt
20427114,20401234,fo_counters,off,2082152039,55,4.0,20.0,/home/hersco/training_new_domains/2026-08-21/statistical_replication_stage1_policy_eval/20427114_Ev_fo_counters_fo_counters_orig_novh_c.1_s2082152039_SR10P_src20401234_e0055.txt
20427115,20401234,fo_counters,off,2082152039,60,4.0,20.0,/home/hersco/training_new_domains/2026-08-21/statistical_replication_stage1_policy_eval/20427115_Ev_fo_counters_fo_counters_orig_novh_c.1_s2082152039_SR10P_src20401234_e0060.txt
20427116,20401234,fo_counters,off,2082152039,65,3.0,20.0,/home/hersco/training_new_domains/2026-08-21/statistical_replication_stage1_policy_eval/20427116_Ev_fo_counters_fo_counters_orig_novh_c.1_s2082152039_SR10P_src20401234_e0065.txt
20427117,20401234,fo_counters,off,2082152039,70,5.0,20.0,/home/hersco/training_new_domains/2026-08-21/statistical_replication_stage1_policy_eval/20427117_Ev_fo_counters_fo_counters_orig_novh_c.1_s2082152039_SR10P_src20401234_e0070.txt
20427118,20401234,fo_counters,off,2082152039,75,4.0,20.0,/home/hersco/training_new_domains/2026-08-21/statistical_replication_stage1_policy_eval/20427118_Ev_fo_counters_fo_counters_orig_novh_c.1_s2082152039_SR10P_src20401234_e0075.txt
20427119,20401234,fo_counters,off,2082152039,80,4.0,20.0,/home/hersco/training_new_domains/2026-08-21/statistical_replication_stage1_policy_eval/20427119_Ev_fo_counters_fo_counters_orig_novh_c.1_s2082152039_SR10P_src20401234_e0080.txt
20427120,20401234,fo_counters,off,2082152039,85,3.0,20.0,/home/hersco/training_new_domains/2026-08-21/statistical_replication_stage1_policy_eval/20427120_Ev_fo_counters_fo_counters_orig_novh_c.1_s2082152039_SR10P_src20401234_e0085.txt
20427121,20401234,fo_counters,off,2082152039,90,3.0,20.0,/home/hersco/training_new_domains/2026-08-21/statistical_replication_stage1_policy_eval/20427121_Ev_fo_counters_fo_counters_orig_novh_c.1_s2082152039_SR10P_src20401234_e0090.txt
20427122,20401234,fo_counters,off,2082152039,95,3.0,20.0,/home/hersco/training_new_domains/2026-08-21/statistical_replication_stage1_policy_eval/20427122_Ev_fo_counters_fo_counters_orig_novh_c.1_s2082152039_SR10P_src20401234_e0095.txt
20427123,20401234,fo_counters,off,2082152039,100,3.0,20.0,/home/hersco/training_new_domains/2026-08-21/statistical_replication_stage1_policy_eval/20427123_Ev_fo_counters_fo_counters_orig_novh_c.1_s2082152039_SR10P_src20401234_e0100.txt
20427124,20401234,fo_counters,off,2082152039,105,4.0,20.0,/home/hersco/training_new_domains/2026-08-21/statistical_replication_stage1_policy_eval/20427124_Ev_fo_counters_fo_counters_orig_novh_c.1_s2082152039_SR10P_src20401234_e0105.txt
20427125,20401234,fo_counters,off,2082152039,110,3.0,20.0,/home/hersco/training_new_domains/2026-08-21/statistical_replication_stage1_policy_eval/20427125_Ev_fo_counters_fo_counters_orig_novh_c.1_s2082152039_SR10P_src20401234_e0110.txt
20427126,20401234,fo_counters,off,2082152039,115,2.0,20.0,/home/hersco/training_new_domains/2026-08-21/statistical_replication_stage1_policy_eval/20427126_Ev_fo_counters_fo_counters_orig_novh_c.1_s2082152039_SR10P_src20401234_e0115.txt
20427127,20401234,fo_counters,off,2082152039,69,5.0,20.0,/home/hersco/training_new_domains/2026-08-21/statistical_replication_stage1_policy_eval/20427127_Ev_fo_counters_fo_counters_orig_novh_c.1_s2082152039_SR10P_src20401234_e0069.txt
20427128,20401235,fo_counters,off,1510771779,5,3.0,20.0,/home/hersco/training_new_domains/2026-08-21/statistical_replication_stage1_policy_eval/20427128_Ev_fo_counters_fo_counters_orig_novh_c.1_s1510771779_SR10P_src20401235_e0005.txt
20427129,20401235,fo_counters,off,1510771779,10,3.0,20.0,/home/hersco/training_new_domains/2026-08-21/statistical_replication_stage1_policy_eval/20427129_Ev_fo_counters_fo_counters_orig_novh_c.1_s1510771779_SR10P_src20401235_e0010.txt
20427130,20401235,fo_counters,off,1510771779,15,3.0,20.0,/home/hersco/training_new_domains/2026-08-21/statistical_replication_stage1_policy_eval/20427130_Ev_fo_counters_fo_counters_orig_novh_c.1_s1510771779_SR10P_src20401235_e0015.txt
20427131,20401235,fo_counters,off,1510771779,20,1.0,20.0,/home/hersco/training_new_domains/2026-08-21/statistical_replication_stage1_policy_eval/20427131_Ev_fo_counters_fo_counters_orig_novh_c.1_s1510771779_SR10P_src20401235_e0020.txt
20427132,20401235,fo_counters,off,1510771779,25,2.0,20.0,/home/hersco/training_new_domains/2026-08-21/statistical_replication_stage1_policy_eval/20427132_Ev_fo_counters_fo_counters_orig_novh_c.1_s1510771779_SR10P_src20401235_e0025.txt
20427133,20401235,fo_counters,off,1510771779,30,3.0,20.0,/home/hersco/training_new_domains/2026-08-21/statistical_replication_stage1_policy_eval/20427133_Ev_fo_counters_fo_counters_orig_novh_c.1_s1510771779_SR10P_src20401235_e0030.txt
20427134,20401235,fo_counters,off,1510771779,35,4.0,20.0,/home/hersco/training_new_domains/2026-08-21/statistical_replication_stage1_policy_eval/20427134_Ev_fo_counters_fo_counters_orig_novh_c.1_s1510771779_SR10P_src20401235_e0035.txt
20427135,20401235,fo_counters,off,1510771779,40,4.0,20.0,/home/hersco/training_new_domains/2026-08-21/statistical_replication_stage1_policy_eval/20427135_Ev_fo_counters_fo_counters_orig_novh_c.1_s1510771779_SR10P_src20401235_e0040.txt
20427136,20401235,fo_counters,off,1510771779,45,4.0,20.0,/home/hersco/training_new_domains/2026-08-21/statistical_replication_stage1_policy_eval/20427136_Ev_fo_counters_fo_counters_orig_novh_c.1_s1510771779_SR10P_src20401235_e0045.txt
20427137,20401235,fo_counters,off,1510771779,50,5.0,20.0,/home/hersco/training_new_domains/2026-08-21/statistical_replication_stage1_policy_eval/20427137_Ev_fo_counters_fo_counters_orig_novh_c.1_s1510771779_SR10P_src20401235_e0050.txt
20427138,20401235,fo_counters,off,1510771779,55,4.0,20.0,/home/hersco/training_new_domains/2026-08-21/statistical_replication_stage1_policy_eval/20427138_Ev_fo_counters_fo_counters_orig_novh_c.1_s1510771779_SR10P_src20401235_e0055.txt
20427139,20401235,fo_counters,off,1510771779,60,3.0,20.0,/home/hersco/training_new_domains/2026-08-21/statistical_replication_stage1_policy_eval/20427139_Ev_fo_counters_fo_counters_orig_novh_c.1_s1510771779_SR10P_src20401235_e0060.txt
20427140,20401235,fo_counters,off,1510771779,65,4.0,20.0,/home/hersco/training_new_domains/2026-08-21/statistical_replication_stage1_policy_eval/20427140_Ev_fo_counters_fo_counters_orig_novh_c.1_s1510771779_SR10P_src20401235_e0065.txt
20427141,20401235,fo_counters,off,1510771779,70,2.0,20.0,/home/hersco/training_new_domains/2026-08-21/statistical_replication_stage1_policy_eval/20427141_Ev_fo_counters_fo_counters_orig_novh_c.1_s1510771779_SR10P_src20401235_e0070.txt
20427142,20401235,fo_counters,off,1510771779,75,5.0,20.0,/home/hersco/training_new_domains/2026-08-21/statistical_replication_stage1_policy_eval/20427142_Ev_fo_counters_fo_counters_orig_novh_c.1_s1510771779_SR10P_src20401235_e0075.txt
20427143,20401235,fo_counters,off,1510771779,80,5.0,20.0,/home/hersco/training_new_domains/2026-08-21/statistical_replication_stage1_policy_eval/20427143_Ev_fo_counters_fo_counters_orig_novh_c.1_s1510771779_SR10P_src20401235_e0080.txt
20427144,20401235,fo_counters,off,1510771779,85,3.0,20.0,/home/hersco/training_new_domains/2026-08-21/statistical_replication_stage1_policy_eval/20427144_Ev_fo_counters_fo_counters_orig_novh_c.1_s1510771779_SR10P_src20401235_e0085.txt
20427145,20401235,fo_counters,off,1510771779,90,3.0,20.0,/home/hersco/training_new_domains/2026-08-21/statistical_replication_stage1_policy_eval/20427145_Ev_fo_counters_fo_counters_orig_novh_c.1_s1510771779_SR10P_src20401235_e0090.txt
20427146,20401235,fo_counters,off,1510771779,95,4.0,20.0,/home/hersco/training_new_domains/2026-08-21/statistical_replication_stage1_policy_eval/20427146_Ev_fo_counters_fo_counters_orig_novh_c.1_s1510771779_SR10P_src20401235_e0095.txt
20427147,20401235,fo_counters,off,1510771779,100,4.0,20.0,/home/hersco/training_new_domains/2026-08-21/statistical_replication_stage1_policy_eval/20427147_Ev_fo_counters_fo_counters_orig_novh_c.1_s1510771779_SR10P_src20401235_e0100.txt
20427148,20401235,fo_counters,off,1510771779,105,3.0,20.0,/home/hersco/training_new_domains/2026-08-21/statistical_replication_stage1_policy_eval/20427148_Ev_fo_counters_fo_counters_orig_novh_c.1_s1510771779_SR10P_src20401235_e0105.txt
20427149,20401235,fo_counters,off,1510771779,110,5.0,20.0,/home/hersco/training_new_domains/2026-08-21/statistical_replication_stage1_policy_eval/20427149_Ev_fo_counters_fo_counters_orig_novh_c.1_s1510771779_SR10P_src20401235_e0110.txt
20427150,20401235,fo_counters,off,1510771779,115,4.0,20.0,/home/hersco/training_new_domains/2026-08-21/statistical_replication_stage1_policy_eval/20427150_Ev_fo_counters_fo_counters_orig_novh_c.1_s1510771779_SR10P_src20401235_e0115.txt
20427151,20401235,fo_counters,off,1510771779,66,5.0,20.0,/home/hersco/training_new_domains/2026-08-21/statistical_replication_stage1_policy_eval/20427151_Ev_fo_counters_fo_counters_orig_novh_c.1_s1510771779_SR10P_src20401235_e0066.txt
20427152,20401236,fo_counters,off,923500475,5,1.0,20.0,/home/hersco/training_new_domains/2026-08-21/statistical_replication_stage1_policy_eval/20427152_Ev_fo_counters_fo_counters_orig_novh_c.1_s923500475_SR10P_src20401236_e0005.txt
20427153,20401236,fo_counters,off,923500475,10,3.0,20.0,/home/hersco/training_new_domains/2026-08-21/statistical_replication_stage1_policy_eval/20427153_Ev_fo_counters_fo_counters_orig_novh_c.1_s923500475_SR10P_src20401236_e0010.txt
20427154,20401236,fo_counters,off,923500475,15,4.0,20.0,/home/hersco/training_new_domains/2026-08-21/statistical_replication_stage1_policy_eval/20427154_Ev_fo_counters_fo_counters_orig_novh_c.1_s923500475_SR10P_src20401236_e0015.txt
20427155,20401236,fo_counters,off,923500475,20,3.0,20.0,/home/hersco/training_new_domains/2026-08-21/statistical_replication_stage1_policy_eval/20427155_Ev_fo_counters_fo_counters_orig_novh_c.1_s923500475_SR10P_src20401236_e0020.txt
20427156,20401236,fo_counters,off,923500475,25,4.0,20.0,/home/hersco/training_new_domains/2026-08-21/statistical_replication_stage1_policy_eval/20427156_Ev_fo_counters_fo_counters_orig_novh_c.1_s923500475_SR10P_src20401236_e0025.txt
20427157,20401236,fo_counters,off,923500475,30,4.0,20.0,/home/hersco/training_new_domains/2026-08-21/statistical_replication_stage1_policy_eval/20427157_Ev_fo_counters_fo_counters_orig_novh_c.1_s923500475_SR10P_src20401236_e0030.txt
20427158,20401236,fo_counters,off,923500475,35,1.0,20.0,/home/hersco/training_new_domains/2026-08-21/statistical_replication_stage1_policy_eval/20427158_Ev_fo_counters_fo_counters_orig_novh_c.1_s923500475_SR10P_src20401236_e0035.txt
20427159,20401236,fo_counters,off,923500475,40,4.0,20.0,/home/hersco/training_new_domains/2026-08-21/statistical_replication_stage1_policy_eval/20427159_Ev_fo_counters_fo_counters_orig_novh_c.1_s923500475_SR10P_src20401236_e0040.txt
20427160,20401236,fo_counters,off,923500475,45,5.0,20.0,/home/hersco/training_new_domains/2026-08-21/statistical_replication_stage1_policy_eval/20427160_Ev_fo_counters_fo_counters_orig_novh_c.1_s923500475_SR10P_src20401236_e0045.txt
20427161,20401236,fo_counters,off,923500475,50,2.0,20.0,/home/hersco/training_new_domains/2026-08-21/statistical_replication_stage1_policy_eval/20427161_Ev_fo_counters_fo_counters_orig_novh_c.1_s923500475_SR10P_src20401236_e0050.txt
20427162,20401236,fo_counters,off,923500475,55,3.0,20.0,/home/hersco/training_new_domains/2026-08-21/statistical_replication_stage1_policy_eval/20427162_Ev_fo_counters_fo_counters_orig_novh_c.1_s923500475_SR10P_src20401236_e0055.txt
20427163,20401236,fo_counters,off,923500475,60,4.0,20.0,/home/hersco/training_new_domains/2026-08-21/statistical_replication_stage1_policy_eval/20427163_Ev_fo_counters_fo_counters_orig_novh_c.1_s923500475_SR10P_src20401236_e0060.txt
20427164,20401236,fo_counters,off,923500475,14,4.0,20.0,/home/hersco/training_new_domains/2026-08-21/statistical_replication_stage1_policy_eval/20427164_Ev_fo_counters_fo_counters_orig_novh_c.1_s923500475_SR10P_src20401236_e0014.txt
20427165,20401237,fo_counters,off,1972442430,5,1.0,20.0,/home/hersco/training_new_domains/2026-08-21/statistical_replication_stage1_policy_eval/20427165_Ev_fo_counters_fo_counters_orig_novh_c.1_s1972442430_SR10P_src20401237_e0005.txt
20427166,20401237,fo_counters,off,1972442430,10,3.0,20.0,/home/hersco/training_new_domains/2026-08-21/statistical_replication_stage1_policy_eval/20427166_Ev_fo_counters_fo_counters_orig_novh_c.1_s1972442430_SR10P_src20401237_e0010.txt
20427167,20401237,fo_counters,off,1972442430,15,3.0,20.0,/home/hersco/training_new_domains/2026-08-21/statistical_replication_stage1_policy_eval/20427167_Ev_fo_counters_fo_counters_orig_novh_c.1_s1972442430_SR10P_src20401237_e0015.txt
20427168,20401237,fo_counters,off,1972442430,20,2.0,20.0,/home/hersco/training_new_domains/2026-08-21/statistical_replication_stage1_policy_eval/20427168_Ev_fo_counters_fo_counters_orig_novh_c.1_s1972442430_SR10P_src20401237_e0020.txt
20427169,20401237,fo_counters,off,1972442430,25,3.0,20.0,/home/hersco/training_new_domains/2026-08-21/statistical_replication_stage1_policy_eval/20427169_Ev_fo_counters_fo_counters_orig_novh_c.1_s1972442430_SR10P_src20401237_e0025.txt
20427170,20401237,fo_counters,off,1972442430,30,3.0,20.0,/home/hersco/training_new_domains/2026-08-21/statistical_replication_stage1_policy_eval/20427170_Ev_fo_counters_fo_counters_orig_novh_c.1_s1972442430_SR10P_src20401237_e0030.txt
20427171,20401237,fo_counters,off,1972442430,35,6.0,20.0,/home/hersco/training_new_domains/2026-08-21/statistical_replication_stage1_policy_eval/20427171_Ev_fo_counters_fo_counters_orig_novh_c.1_s1972442430_SR10P_src20401237_e0035.txt
20427172,20401237,fo_counters,off,1972442430,40,3.0,20.0,/home/hersco/training_new_domains/2026-08-21/statistical_replication_stage1_policy_eval/20427172_Ev_fo_counters_fo_counters_orig_novh_c.1_s1972442430_SR10P_src20401237_e0040.txt
20427173,20401237,fo_counters,off,1972442430,45,3.0,20.0,/home/hersco/training_new_domains/2026-08-21/statistical_replication_stage1_policy_eval/20427173_Ev_fo_counters_fo_counters_orig_novh_c.1_s1972442430_SR10P_src20401237_e0045.txt
20427174,20401237,fo_counters,off,1972442430,50,6.0,20.0,/home/hersco/training_new_domains/2026-08-21/statistical_replication_stage1_policy_eval/20427174_Ev_fo_counters_fo_counters_orig_novh_c.1_s1972442430_SR10P_src20401237_e0050.txt
20427175,20401237,fo_counters,off,1972442430,55,3.0,20.0,/home/hersco/training_new_domains/2026-08-21/statistical_replication_stage1_policy_eval/20427175_Ev_fo_counters_fo_counters_orig_novh_c.1_s1972442430_SR10P_src20401237_e0055.txt
20427176,20401237,fo_counters,off,1972442430,60,4.0,20.0,/home/hersco/training_new_domains/2026-08-21/statistical_replication_stage1_policy_eval/20427176_Ev_fo_counters_fo_counters_orig_novh_c.1_s1972442430_SR10P_src20401237_e0060.txt
20427177,20401237,fo_counters,off,1972442430,65,5.0,20.0,/home/hersco/training_new_domains/2026-08-21/statistical_replication_stage1_policy_eval/20427177_Ev_fo_counters_fo_counters_orig_novh_c.1_s1972442430_SR10P_src20401237_e0065.txt
20427178,20401237,fo_counters,off,1972442430,70,5.0,20.0,/home/hersco/training_new_domains/2026-08-21/statistical_replication_stage1_policy_eval/20427178_Ev_fo_counters_fo_counters_orig_novh_c.1_s1972442430_SR10P_src20401237_e0070.txt
20427179,20401237,fo_counters,off,1972442430,75,6.0,20.0,/home/hersco/training_new_domains/2026-08-21/statistical_replication_stage1_policy_eval/20427179_Ev_fo_counters_fo_counters_orig_novh_c.1_s1972442430_SR10P_src20401237_e0075.txt
20427180,20401237,fo_counters,off,1972442430,28,4.0,20.0,/home/hersco/training_new_domains/2026-08-21/statistical_replication_stage1_policy_eval/20427180_Ev_fo_counters_fo_counters_orig_novh_c.1_s1972442430_SR10P_src20401237_e0028.txt
20427181,20401238,rover,on,1963100312,5,3.0,20.0,/home/hersco/training_new_domains/2026-08-21/statistical_replication_stage1_policy_eval/20427181_Ev_rover_rover_orig_vh_c.1_s1963100312_SR10P_src20401238_e0005.txt
20427182,20401238,rover,on,1963100312,10,4.0,20.0,/home/hersco/training_new_domains/2026-08-21/statistical_replication_stage1_policy_eval/20427182_Ev_rover_rover_orig_vh_c.1_s1963100312_SR10P_src20401238_e0010.txt
20427183,20401238,rover,on,1963100312,15,3.0,20.0,/home/hersco/training_new_domains/2026-08-21/statistical_replication_stage1_policy_eval/20427183_Ev_rover_rover_orig_vh_c.1_s1963100312_SR10P_src20401238_e0015.txt
20427184,20401238,rover,on,1963100312,20,4.0,20.0,/home/hersco/training_new_domains/2026-08-21/statistical_replication_stage1_policy_eval/20427184_Ev_rover_rover_orig_vh_c.1_s1963100312_SR10P_src20401238_e0020.txt
20427185,20401238,rover,on,1963100312,25,4.0,20.0,/home/hersco/training_new_domains/2026-08-21/statistical_replication_stage1_policy_eval/20427185_Ev_rover_rover_orig_vh_c.1_s1963100312_SR10P_src20401238_e0025.txt
20427186,20401238,rover,on,1963100312,30,4.0,20.0,/home/hersco/training_new_domains/2026-08-21/statistical_replication_stage1_policy_eval/20427186_Ev_rover_rover_orig_vh_c.1_s1963100312_SR10P_src20401238_e0030.txt
20427187,20401238,rover,on,1963100312,35,4.0,20.0,/home/hersco/training_new_domains/2026-08-21/statistical_replication_stage1_policy_eval/20427187_Ev_rover_rover_orig_vh_c.1_s1963100312_SR10P_src20401238_e0035.txt
20427188,20401238,rover,on,1963100312,40,4.0,20.0,/home/hersco/training_new_domains/2026-08-21/statistical_replication_stage1_policy_eval/20427188_Ev_rover_rover_orig_vh_c.1_s1963100312_SR10P_src20401238_e0040.txt
20427189,20401238,rover,on,1963100312,45,4.0,20.0,/home/hersco/training_new_domains/2026-08-21/statistical_replication_stage1_policy_eval/20427189_Ev_rover_rover_orig_vh_c.1_s1963100312_SR10P_src20401238_e0045.txt
20427190,20401238,rover,on,1963100312,50,4.0,20.0,/home/hersco/training_new_domains/2026-08-21/statistical_replication_stage1_policy_eval/20427190_Ev_rover_rover_orig_vh_c.1_s1963100312_SR10P_src20401238_e0050.txt
20427191,20401238,rover,on,1963100312,55,4.0,20.0,/home/hersco/training_new_domains/2026-08-21/statistical_replication_stage1_policy_eval/20427191_Ev_rover_rover_orig_vh_c.1_s1963100312_SR10P_src20401238_e0055.txt
20427192,20401238,rover,on,1963100312,60,4.0,20.0,/home/hersco/training_new_domains/2026-08-21/statistical_replication_stage1_policy_eval/20427192_Ev_rover_rover_orig_vh_c.1_s1963100312_SR10P_src20401238_e0060.txt
20427193,20401238,rover,on,1963100312,65,4.0,20.0,/home/hersco/training_new_domains/2026-08-21/statistical_replication_stage1_policy_eval/20427193_Ev_rover_rover_orig_vh_c.1_s1963100312_SR10P_src20401238_e0065.txt
20427194,20401238,rover,on,1963100312,70,4.0,20.0,/home/hersco/training_new_domains/2026-08-21/statistical_replication_stage1_policy_eval/20427194_Ev_rover_rover_orig_vh_c.1_s1963100312_SR10P_src20401238_e0070.txt
20427195,20401238,rover,on,1963100312,75,4.0,20.0,/home/hersco/training_new_domains/2026-08-21/statistical_replication_stage1_policy_eval/20427195_Ev_rover_rover_orig_vh_c.1_s1963100312_SR10P_src20401238_e0075.txt
20427197,20401238,rover,on,1963100312,80,4.0,20.0,/home/hersco/training_new_domains/2026-08-21/statistical_replication_stage1_policy_eval/20427197_Ev_rover_rover_orig_vh_c.1_s1963100312_SR10P_src20401238_e0080.txt
20427200,20401238,rover,on,1963100312,85,4.0,20.0,/home/hersco/training_new_domains/2026-08-21/statistical_replication_stage1_policy_eval/20427200_Ev_rover_rover_orig_vh_c.1_s1963100312_SR10P_src20401238_e0085.txt
20427202,20401238,rover,on,1963100312,90,4.0,20.0,/home/hersco/training_new_domains/2026-08-21/statistical_replication_stage1_policy_eval/20427202_Ev_rover_rover_orig_vh_c.1_s1963100312_SR10P_src20401238_e0090.txt
20427204,20401238,rover,on,1963100312,95,4.0,20.0,/home/hersco/training_new_domains/2026-08-21/statistical_replication_stage1_policy_eval/20427204_Ev_rover_rover_orig_vh_c.1_s1963100312_SR10P_src20401238_e0095.txt
20427207,20401238,rover,on,1963100312,100,4.0,20.0,/home/hersco/training_new_domains/2026-08-21/statistical_replication_stage1_policy_eval/20427207_Ev_rover_rover_orig_vh_c.1_s1963100312_SR10P_src20401238_e0100.txt
20427208,20401238,rover,on,1963100312,105,5.0,20.0,/home/hersco/training_new_domains/2026-08-21/statistical_replication_stage1_policy_eval/20427208_Ev_rover_rover_orig_vh_c.1_s1963100312_SR10P_src20401238_e0105.txt
20427210,20401238,rover,on,1963100312,110,4.0,20.0,/home/hersco/training_new_domains/2026-08-21/statistical_replication_stage1_policy_eval/20427210_Ev_rover_rover_orig_vh_c.1_s1963100312_SR10P_src20401238_e0110.txt
20427212,20401238,rover,on,1963100312,115,4.0,20.0,/home/hersco/training_new_domains/2026-08-21/statistical_replication_stage1_policy_eval/20427212_Ev_rover_rover_orig_vh_c.1_s1963100312_SR10P_src20401238_e0115.txt
20427214,20401238,rover,on,1963100312,120,4.0,20.0,/home/hersco/training_new_domains/2026-08-21/statistical_replication_stage1_policy_eval/20427214_Ev_rover_rover_orig_vh_c.1_s1963100312_SR10P_src20401238_e0120.txt
20427216,20401239,rover,on,2011206605,5,2.0,20.0,/home/hersco/training_new_domains/2026-08-21/statistical_replication_stage1_policy_eval/20427216_Ev_rover_rover_orig_vh_c.1_s2011206605_SR10P_src20401239_e0005.txt
20427218,20401239,rover,on,2011206605,10,4.0,20.0,/home/hersco/training_new_domains/2026-08-21/statistical_replication_stage1_policy_eval/20427218_Ev_rover_rover_orig_vh_c.1_s2011206605_SR10P_src20401239_e0010.txt
20427429,20401239,rover,on,2011206605,15,3.0,20.0,/home/hersco/training_new_domains/2026-08-21/statistical_replication_stage1_policy_eval/20427429_Ev_rover_rover_orig_vh_c.1_s2011206605_SR10P_src20401239_e0015.txt
20427430,20401239,rover,on,2011206605,20,4.0,20.0,/home/hersco/training_new_domains/2026-08-21/statistical_replication_stage1_policy_eval/20427430_Ev_rover_rover_orig_vh_c.1_s2011206605_SR10P_src20401239_e0020.txt
20427431,20401239,rover,on,2011206605,25,4.0,20.0,/home/hersco/training_new_domains/2026-08-21/statistical_replication_stage1_policy_eval/20427431_Ev_rover_rover_orig_vh_c.1_s2011206605_SR10P_src20401239_e0025.txt
20427432,20401239,rover,on,2011206605,30,4.0,20.0,/home/hersco/training_new_domains/2026-08-21/statistical_replication_stage1_policy_eval/20427432_Ev_rover_rover_orig_vh_c.1_s2011206605_SR10P_src20401239_e0030.txt
20427433,20401239,rover,on,2011206605,35,4.0,20.0,/home/hersco/training_new_domains/2026-08-21/statistical_replication_stage1_policy_eval/20427433_Ev_rover_rover_orig_vh_c.1_s2011206605_SR10P_src20401239_e0035.txt
20427434,20401239,rover,on,2011206605,40,4.0,20.0,/home/hersco/training_new_domains/2026-08-21/statistical_replication_stage1_policy_eval/20427434_Ev_rover_rover_orig_vh_c.1_s2011206605_SR10P_src20401239_e0040.txt
20427435,20401239,rover,on,2011206605,45,4.0,20.0,/home/hersco/training_new_domains/2026-08-21/statistical_replication_stage1_policy_eval/20427435_Ev_rover_rover_orig_vh_c.1_s2011206605_SR10P_src20401239_e0045.txt
20427436,20401239,rover,on,2011206605,50,4.0,20.0,/home/hersco/training_new_domains/2026-08-21/statistical_replication_stage1_policy_eval/20427436_Ev_rover_rover_orig_vh_c.1_s2011206605_SR10P_src20401239_e0050.txt
20427437,20401239,rover,on,2011206605,55,4.0,20.0,/home/hersco/training_new_domains/2026-08-21/statistical_replication_stage1_policy_eval/20427437_Ev_rover_rover_orig_vh_c.1_s2011206605_SR10P_src20401239_e0055.txt
20427438,20401239,rover,on,2011206605,60,4.0,20.0,/home/hersco/training_new_domains/2026-08-21/statistical_replication_stage1_policy_eval/20427438_Ev_rover_rover_orig_vh_c.1_s2011206605_SR10P_src20401239_e0060.txt
20427439,20401239,rover,on,2011206605,65,4.0,20.0,/home/hersco/training_new_domains/2026-08-21/statistical_replication_stage1_policy_eval/20427439_Ev_rover_rover_orig_vh_c.1_s2011206605_SR10P_src20401239_e0065.txt
20427440,20401239,rover,on,2011206605,70,4.0,20.0,/home/hersco/training_new_domains/2026-08-21/statistical_replication_stage1_policy_eval/20427440_Ev_rover_rover_orig_vh_c.1_s2011206605_SR10P_src20401239_e0070.txt
20427441,20401239,rover,on,2011206605,75,4.0,20.0,/home/hersco/training_new_domains/2026-08-21/statistical_replication_stage1_policy_eval/20427441_Ev_rover_rover_orig_vh_c.1_s2011206605_SR10P_src20401239_e0075.txt
20427442,20401239,rover,on,2011206605,80,4.0,20.0,/home/hersco/training_new_domains/2026-08-21/statistical_replication_stage1_policy_eval/20427442_Ev_rover_rover_orig_vh_c.1_s2011206605_SR10P_src20401239_e0080.txt
20427443,20401239,rover,on,2011206605,85,4.0,20.0,/home/hersco/training_new_domains/2026-08-21/statistical_replication_stage1_policy_eval/20427443_Ev_rover_rover_orig_vh_c.1_s2011206605_SR10P_src20401239_e0085.txt
20427444,20401239,rover,on,2011206605,90,4.0,20.0,/home/hersco/training_new_domains/2026-08-21/statistical_replication_stage1_policy_eval/20427444_Ev_rover_rover_orig_vh_c.1_s2011206605_SR10P_src20401239_e0090.txt
20427445,20401239,rover,on,2011206605,95,4.0,20.0,/home/hersco/training_new_domains/2026-08-21/statistical_replication_stage1_policy_eval/20427445_Ev_rover_rover_orig_vh_c.1_s2011206605_SR10P_src20401239_e0095.txt
20427446,20401239,rover,on,2011206605,100,4.0,20.0,/home/hersco/training_new_domains/2026-08-21/statistical_replication_stage1_policy_eval/20427446_Ev_rover_rover_orig_vh_c.1_s2011206605_SR10P_src20401239_e0100.txt
20427447,20401239,rover,on,2011206605,105,4.0,20.0,/home/hersco/training_new_domains/2026-08-21/statistical_replication_stage1_policy_eval/20427447_Ev_rover_rover_orig_vh_c.1_s2011206605_SR10P_src20401239_e0105.txt
20427448,20401239,rover,on,2011206605,110,4.0,20.0,/home/hersco/training_new_domains/2026-08-21/statistical_replication_stage1_policy_eval/20427448_Ev_rover_rover_orig_vh_c.1_s2011206605_SR10P_src20401239_e0110.txt
20427449,20401239,rover,on,2011206605,115,4.0,20.0,/home/hersco/training_new_domains/2026-08-21/statistical_replication_stage1_policy_eval/20427449_Ev_rover_rover_orig_vh_c.1_s2011206605_SR10P_src20401239_e0115.txt
20427450,20401239,rover,on,2011206605,120,4.0,20.0,/home/hersco/training_new_domains/2026-08-21/statistical_replication_stage1_policy_eval/20427450_Ev_rover_rover_orig_vh_c.1_s2011206605_SR10P_src20401239_e0120.txt
20427451,20401239,rover,on,2011206605,125,4.0,20.0,/home/hersco/training_new_domains/2026-08-21/statistical_replication_stage1_policy_eval/20427451_Ev_rover_rover_orig_vh_c.1_s2011206605_SR10P_src20401239_e0125.txt
20427452,20401239,rover,on,2011206605,130,4.0,20.0,/home/hersco/training_new_domains/2026-08-21/statistical_replication_stage1_policy_eval/20427452_Ev_rover_rover_orig_vh_c.1_s2011206605_SR10P_src20401239_e0130.txt
20427453,20401239,rover,on,2011206605,135,4.0,20.0,/home/hersco/training_new_domains/2026-08-21/statistical_replication_stage1_policy_eval/20427453_Ev_rover_rover_orig_vh_c.1_s2011206605_SR10P_src20401239_e0135.txt
20427454,20401239,rover,on,2011206605,140,4.0,20.0,/home/hersco/training_new_domains/2026-08-21/statistical_replication_stage1_policy_eval/20427454_Ev_rover_rover_orig_vh_c.1_s2011206605_SR10P_src20401239_e0140.txt
20427455,20401239,rover,on,2011206605,145,4.0,20.0,/home/hersco/training_new_domains/2026-08-21/statistical_replication_stage1_policy_eval/20427455_Ev_rover_rover_orig_vh_c.1_s2011206605_SR10P_src20401239_e0145.txt
20427456,20401240,rover,on,1073581256,5,2.0,20.0,/home/hersco/training_new_domains/2026-08-21/statistical_replication_stage1_policy_eval/20427456_Ev_rover_rover_orig_vh_c.1_s1073581256_SR10P_src20401240_e0005.txt
20427457,20401240,rover,on,1073581256,10,3.0,20.0,/home/hersco/training_new_domains/2026-08-21/statistical_replication_stage1_policy_eval/20427457_Ev_rover_rover_orig_vh_c.1_s1073581256_SR10P_src20401240_e0010.txt
20427458,20401240,rover,on,1073581256,15,4.0,20.0,/home/hersco/training_new_domains/2026-08-21/statistical_replication_stage1_policy_eval/20427458_Ev_rover_rover_orig_vh_c.1_s1073581256_SR10P_src20401240_e0015.txt
20427459,20401240,rover,on,1073581256,20,4.0,20.0,/home/hersco/training_new_domains/2026-08-21/statistical_replication_stage1_policy_eval/20427459_Ev_rover_rover_orig_vh_c.1_s1073581256_SR10P_src20401240_e0020.txt
20427460,20401240,rover,on,1073581256,25,3.0,20.0,/home/hersco/training_new_domains/2026-08-21/statistical_replication_stage1_policy_eval/20427460_Ev_rover_rover_orig_vh_c.1_s1073581256_SR10P_src20401240_e0025.txt
20427461,20401240,rover,on,1073581256,30,4.0,20.0,/home/hersco/training_new_domains/2026-08-21/statistical_replication_stage1_policy_eval/20427461_Ev_rover_rover_orig_vh_c.1_s1073581256_SR10P_src20401240_e0030.txt
20427462,20401240,rover,on,1073581256,35,4.0,20.0,/home/hersco/training_new_domains/2026-08-21/statistical_replication_stage1_policy_eval/20427462_Ev_rover_rover_orig_vh_c.1_s1073581256_SR10P_src20401240_e0035.txt
20427463,20401240,rover,on,1073581256,40,4.0,20.0,/home/hersco/training_new_domains/2026-08-21/statistical_replication_stage1_policy_eval/20427463_Ev_rover_rover_orig_vh_c.1_s1073581256_SR10P_src20401240_e0040.txt
20427464,20401240,rover,on,1073581256,45,4.0,20.0,/home/hersco/training_new_domains/2026-08-21/statistical_replication_stage1_policy_eval/20427464_Ev_rover_rover_orig_vh_c.1_s1073581256_SR10P_src20401240_e0045.txt
20427465,20401240,rover,on,1073581256,50,4.0,20.0,/home/hersco/training_new_domains/2026-08-21/statistical_replication_stage1_policy_eval/20427465_Ev_rover_rover_orig_vh_c.1_s1073581256_SR10P_src20401240_e0050.txt
20427466,20401240,rover,on,1073581256,55,4.0,20.0,/home/hersco/training_new_domains/2026-08-21/statistical_replication_stage1_policy_eval/20427466_Ev_rover_rover_orig_vh_c.1_s1073581256_SR10P_src20401240_e0055.txt
20427467,20401240,rover,on,1073581256,60,3.0,20.0,/home/hersco/training_new_domains/2026-08-21/statistical_replication_stage1_policy_eval/20427467_Ev_rover_rover_orig_vh_c.1_s1073581256_SR10P_src20401240_e0060.txt
20427468,20401240,rover,on,1073581256,65,4.0,20.0,/home/hersco/training_new_domains/2026-08-21/statistical_replication_stage1_policy_eval/20427468_Ev_rover_rover_orig_vh_c.1_s1073581256_SR10P_src20401240_e0065.txt
20427469,20401240,rover,on,1073581256,70,4.0,20.0,/home/hersco/training_new_domains/2026-08-21/statistical_replication_stage1_policy_eval/20427469_Ev_rover_rover_orig_vh_c.1_s1073581256_SR10P_src20401240_e0070.txt
20427470,20401240,rover,on,1073581256,75,4.0,20.0,/home/hersco/training_new_domains/2026-08-21/statistical_replication_stage1_policy_eval/20427470_Ev_rover_rover_orig_vh_c.1_s1073581256_SR10P_src20401240_e0075.txt
20427471,20401240,rover,on,1073581256,80,4.0,20.0,/home/hersco/training_new_domains/2026-08-21/statistical_replication_stage1_policy_eval/20427471_Ev_rover_rover_orig_vh_c.1_s1073581256_SR10P_src20401240_e0080.txt
20427472,20401240,rover,on,1073581256,85,2.0,20.0,/home/hersco/training_new_domains/2026-08-21/statistical_replication_stage1_policy_eval/20427472_Ev_rover_rover_orig_vh_c.1_s1073581256_SR10P_src20401240_e0085.txt
20427473,20401240,rover,on,1073581256,90,3.0,20.0,/home/hersco/training_new_domains/2026-08-21/statistical_replication_stage1_policy_eval/20427473_Ev_rover_rover_orig_vh_c.1_s1073581256_SR10P_src20401240_e0090.txt
20427474,20401240,rover,on,1073581256,95,3.0,20.0,/home/hersco/training_new_domains/2026-08-21/statistical_replication_stage1_policy_eval/20427474_Ev_rover_rover_orig_vh_c.1_s1073581256_SR10P_src20401240_e0095.txt
20427475,20401240,rover,on,1073581256,100,4.0,20.0,/home/hersco/training_new_domains/2026-08-21/statistical_replication_stage1_policy_eval/20427475_Ev_rover_rover_orig_vh_c.1_s1073581256_SR10P_src20401240_e0100.txt
20427476,20401240,rover,on,1073581256,105,4.0,20.0,/home/hersco/training_new_domains/2026-08-21/statistical_replication_stage1_policy_eval/20427476_Ev_rover_rover_orig_vh_c.1_s1073581256_SR10P_src20401240_e0105.txt
20427477,20401240,rover,on,1073581256,110,4.0,20.0,/home/hersco/training_new_domains/2026-08-21/statistical_replication_stage1_policy_eval/20427477_Ev_rover_rover_orig_vh_c.1_s1073581256_SR10P_src20401240_e0110.txt
20427478,20401240,rover,on,1073581256,115,4.0,20.0,/home/hersco/training_new_domains/2026-08-21/statistical_replication_stage1_policy_eval/20427478_Ev_rover_rover_orig_vh_c.1_s1073581256_SR10P_src20401240_e0115.txt
20427479,20401240,rover,on,1073581256,120,4.0,20.0,/home/hersco/training_new_domains/2026-08-21/statistical_replication_stage1_policy_eval/20427479_Ev_rover_rover_orig_vh_c.1_s1073581256_SR10P_src20401240_e0120.txt
20427480,20401240,rover,on,1073581256,125,4.0,20.0,/home/hersco/training_new_domains/2026-08-21/statistical_replication_stage1_policy_eval/20427480_Ev_rover_rover_orig_vh_c.1_s1073581256_SR10P_src20401240_e0125.txt
20427481,20401240,rover,on,1073581256,130,4.0,20.0,/home/hersco/training_new_domains/2026-08-21/statistical_replication_stage1_policy_eval/20427481_Ev_rover_rover_orig_vh_c.1_s1073581256_SR10P_src20401240_e0130.txt
20427482,20401240,rover,on,1073581256,135,4.0,20.0,/home/hersco/training_new_domains/2026-08-21/statistical_replication_stage1_policy_eval/20427482_Ev_rover_rover_orig_vh_c.1_s1073581256_SR10P_src20401240_e0135.txt
20427483,20401240,rover,on,1073581256,140,4.0,20.0,/home/hersco/training_new_domains/2026-08-21/statistical_replication_stage1_policy_eval/20427483_Ev_rover_rover_orig_vh_c.1_s1073581256_SR10P_src20401240_e0140.txt
20427484,20401240,rover,on,1073581256,145,4.0,20.0,/home/hersco/training_new_domains/2026-08-21/statistical_replication_stage1_policy_eval/20427484_Ev_rover_rover_orig_vh_c.1_s1073581256_SR10P_src20401240_e0145.txt
20427485,20401240,rover,on,1073581256,150,4.0,20.0,/home/hersco/training_new_domains/2026-08-21/statistical_replication_stage1_policy_eval/20427485_Ev_rover_rover_orig_vh_c.1_s1073581256_SR10P_src20401240_e0150.txt
20427486,20401240,rover,on,1073581256,155,4.0,20.0,/home/hersco/training_new_domains/2026-08-21/statistical_replication_stage1_policy_eval/20427486_Ev_rover_rover_orig_vh_c.1_s1073581256_SR10P_src20401240_e0155.txt
20427487,20401240,rover,on,1073581256,160,4.0,20.0,/home/hersco/training_new_domains/2026-08-21/statistical_replication_stage1_policy_eval/20427487_Ev_rover_rover_orig_vh_c.1_s1073581256_SR10P_src20401240_e0160.txt
20427488,20401240,rover,on,1073581256,165,4.0,20.0,/home/hersco/training_new_domains/2026-08-21/statistical_replication_stage1_policy_eval/20427488_Ev_rover_rover_orig_vh_c.1_s1073581256_SR10P_src20401240_e0165.txt
20427489,20401240,rover,on,1073581256,170,4.0,20.0,/home/hersco/training_new_domains/2026-08-21/statistical_replication_stage1_policy_eval/20427489_Ev_rover_rover_orig_vh_c.1_s1073581256_SR10P_src20401240_e0170.txt
20427490,20401240,rover,on,1073581256,175,4.0,20.0,/home/hersco/training_new_domains/2026-08-21/statistical_replication_stage1_policy_eval/20427490_Ev_rover_rover_orig_vh_c.1_s1073581256_SR10P_src20401240_e0175.txt
20427491,20401240,rover,on,1073581256,180,4.0,20.0,/home/hersco/training_new_domains/2026-08-21/statistical_replication_stage1_policy_eval/20427491_Ev_rover_rover_orig_vh_c.1_s1073581256_SR10P_src20401240_e0180.txt
20427492,20401240,rover,on,1073581256,185,4.0,20.0,/home/hersco/training_new_domains/2026-08-21/statistical_replication_stage1_policy_eval/20427492_Ev_rover_rover_orig_vh_c.1_s1073581256_SR10P_src20401240_e0185.txt
20427493,20401240,rover,on,1073581256,190,4.0,20.0,/home/hersco/training_new_domains/2026-08-21/statistical_replication_stage1_policy_eval/20427493_Ev_rover_rover_orig_vh_c.1_s1073581256_SR10P_src20401240_e0190.txt
20427494,20401240,rover,on,1073581256,143,4.0,20.0,/home/hersco/training_new_domains/2026-08-21/statistical_replication_stage1_policy_eval/20427494_Ev_rover_rover_orig_vh_c.1_s1073581256_SR10P_src20401240_e0143.txt
20427495,20401241,rover,on,1239739722,5,1.0,20.0,/home/hersco/training_new_domains/2026-08-21/statistical_replication_stage1_policy_eval/20427495_Ev_rover_rover_orig_vh_c.1_s1239739722_SR10P_src20401241_e0005.txt
20427496,20401241,rover,on,1239739722,10,4.0,20.0,/home/hersco/training_new_domains/2026-08-21/statistical_replication_stage1_policy_eval/20427496_Ev_rover_rover_orig_vh_c.1_s1239739722_SR10P_src20401241_e0010.txt
20427497,20401241,rover,on,1239739722,15,3.0,20.0,/home/hersco/training_new_domains/2026-08-21/statistical_replication_stage1_policy_eval/20427497_Ev_rover_rover_orig_vh_c.1_s1239739722_SR10P_src20401241_e0015.txt
20427498,20401241,rover,on,1239739722,20,4.0,20.0,/home/hersco/training_new_domains/2026-08-21/statistical_replication_stage1_policy_eval/20427498_Ev_rover_rover_orig_vh_c.1_s1239739722_SR10P_src20401241_e0020.txt
20427499,20401241,rover,on,1239739722,25,4.0,20.0,/home/hersco/training_new_domains/2026-08-21/statistical_replication_stage1_policy_eval/20427499_Ev_rover_rover_orig_vh_c.1_s1239739722_SR10P_src20401241_e0025.txt
20427500,20401241,rover,on,1239739722,30,4.0,20.0,/home/hersco/training_new_domains/2026-08-21/statistical_replication_stage1_policy_eval/20427500_Ev_rover_rover_orig_vh_c.1_s1239739722_SR10P_src20401241_e0030.txt
20427501,20401241,rover,on,1239739722,35,4.0,20.0,/home/hersco/training_new_domains/2026-08-21/statistical_replication_stage1_policy_eval/20427501_Ev_rover_rover_orig_vh_c.1_s1239739722_SR10P_src20401241_e0035.txt
20427502,20401241,rover,on,1239739722,40,4.0,20.0,/home/hersco/training_new_domains/2026-08-21/statistical_replication_stage1_policy_eval/20427502_Ev_rover_rover_orig_vh_c.1_s1239739722_SR10P_src20401241_e0040.txt
20427503,20401241,rover,on,1239739722,45,4.0,20.0,/home/hersco/training_new_domains/2026-08-21/statistical_replication_stage1_policy_eval/20427503_Ev_rover_rover_orig_vh_c.1_s1239739722_SR10P_src20401241_e0045.txt
20427504,20401241,rover,on,1239739722,50,4.0,20.0,/home/hersco/training_new_domains/2026-08-21/statistical_replication_stage1_policy_eval/20427504_Ev_rover_rover_orig_vh_c.1_s1239739722_SR10P_src20401241_e0050.txt
20427505,20401241,rover,on,1239739722,55,4.0,20.0,/home/hersco/training_new_domains/2026-08-21/statistical_replication_stage1_policy_eval/20427505_Ev_rover_rover_orig_vh_c.1_s1239739722_SR10P_src20401241_e0055.txt
20427506,20401241,rover,on,1239739722,60,4.0,20.0,/home/hersco/training_new_domains/2026-08-21/statistical_replication_stage1_policy_eval/20427506_Ev_rover_rover_orig_vh_c.1_s1239739722_SR10P_src20401241_e0060.txt
20427507,20401241,rover,on,1239739722,65,4.0,20.0,/home/hersco/training_new_domains/2026-08-21/statistical_replication_stage1_policy_eval/20427507_Ev_rover_rover_orig_vh_c.1_s1239739722_SR10P_src20401241_e0065.txt
20427508,20401241,rover,on,1239739722,70,4.0,20.0,/home/hersco/training_new_domains/2026-08-21/statistical_replication_stage1_policy_eval/20427508_Ev_rover_rover_orig_vh_c.1_s1239739722_SR10P_src20401241_e0070.txt
20427509,20401241,rover,on,1239739722,75,4.0,20.0,/home/hersco/training_new_domains/2026-08-21/statistical_replication_stage1_policy_eval/20427509_Ev_rover_rover_orig_vh_c.1_s1239739722_SR10P_src20401241_e0075.txt
20427510,20401241,rover,on,1239739722,80,4.0,20.0,/home/hersco/training_new_domains/2026-08-21/statistical_replication_stage1_policy_eval/20427510_Ev_rover_rover_orig_vh_c.1_s1239739722_SR10P_src20401241_e0080.txt
20427511,20401241,rover,on,1239739722,85,4.0,20.0,/home/hersco/training_new_domains/2026-08-21/statistical_replication_stage1_policy_eval/20427511_Ev_rover_rover_orig_vh_c.1_s1239739722_SR10P_src20401241_e0085.txt
20427512,20401241,rover,on,1239739722,90,4.0,20.0,/home/hersco/training_new_domains/2026-08-21/statistical_replication_stage1_policy_eval/20427512_Ev_rover_rover_orig_vh_c.1_s1239739722_SR10P_src20401241_e0090.txt
20427513,20401241,rover,on,1239739722,95,4.0,20.0,/home/hersco/training_new_domains/2026-08-21/statistical_replication_stage1_policy_eval/20427513_Ev_rover_rover_orig_vh_c.1_s1239739722_SR10P_src20401241_e0095.txt
20427514,20401241,rover,on,1239739722,100,5.0,20.0,/home/hersco/training_new_domains/2026-08-21/statistical_replication_stage1_policy_eval/20427514_Ev_rover_rover_orig_vh_c.1_s1239739722_SR10P_src20401241_e0100.txt
20427515,20401241,rover,on,1239739722,105,4.0,20.0,/home/hersco/training_new_domains/2026-08-21/statistical_replication_stage1_policy_eval/20427515_Ev_rover_rover_orig_vh_c.1_s1239739722_SR10P_src20401241_e0105.txt
20427516,20401241,rover,on,1239739722,110,4.0,20.0,/home/hersco/training_new_domains/2026-08-21/statistical_replication_stage1_policy_eval/20427516_Ev_rover_rover_orig_vh_c.1_s1239739722_SR10P_src20401241_e0110.txt
20427517,20401241,rover,on,1239739722,115,5.0,20.0,/home/hersco/training_new_domains/2026-08-21/statistical_replication_stage1_policy_eval/20427517_Ev_rover_rover_orig_vh_c.1_s1239739722_SR10P_src20401241_e0115.txt
20427518,20401241,rover,on,1239739722,120,4.0,20.0,/home/hersco/training_new_domains/2026-08-21/statistical_replication_stage1_policy_eval/20427518_Ev_rover_rover_orig_vh_c.1_s1239739722_SR10P_src20401241_e0120.txt
20427519,20401241,rover,on,1239739722,125,4.0,20.0,/home/hersco/training_new_domains/2026-08-21/statistical_replication_stage1_policy_eval/20427519_Ev_rover_rover_orig_vh_c.1_s1239739722_SR10P_src20401241_e0125.txt
20427520,20401241,rover,on,1239739722,130,4.0,20.0,/home/hersco/training_new_domains/2026-08-21/statistical_replication_stage1_policy_eval/20427520_Ev_rover_rover_orig_vh_c.1_s1239739722_SR10P_src20401241_e0130.txt
20427521,20401241,rover,on,1239739722,135,5.0,20.0,/home/hersco/training_new_domains/2026-08-21/statistical_replication_stage1_policy_eval/20427521_Ev_rover_rover_orig_vh_c.1_s1239739722_SR10P_src20401241_e0135.txt
20427522,20401241,rover,on,1239739722,140,4.0,20.0,/home/hersco/training_new_domains/2026-08-21/statistical_replication_stage1_policy_eval/20427522_Ev_rover_rover_orig_vh_c.1_s1239739722_SR10P_src20401241_e0140.txt
20427523,20401241,rover,on,1239739722,145,5.0,20.0,/home/hersco/training_new_domains/2026-08-21/statistical_replication_stage1_policy_eval/20427523_Ev_rover_rover_orig_vh_c.1_s1239739722_SR10P_src20401241_e0145.txt
20427524,20401241,rover,on,1239739722,150,5.0,20.0,/home/hersco/training_new_domains/2026-08-21/statistical_replication_stage1_policy_eval/20427524_Ev_rover_rover_orig_vh_c.1_s1239739722_SR10P_src20401241_e0150.txt
20427525,20401241,rover,on,1239739722,155,4.0,20.0,/home/hersco/training_new_domains/2026-08-21/statistical_replication_stage1_policy_eval/20427525_Ev_rover_rover_orig_vh_c.1_s1239739722_SR10P_src20401241_e0155.txt
20427526,20401241,rover,on,1239739722,160,4.0,20.0,/home/hersco/training_new_domains/2026-08-21/statistical_replication_stage1_policy_eval/20427526_Ev_rover_rover_orig_vh_c.1_s1239739722_SR10P_src20401241_e0160.txt
20427527,20401241,rover,on,1239739722,112,4.0,20.0,/home/hersco/training_new_domains/2026-08-21/statistical_replication_stage1_policy_eval/20427527_Ev_rover_rover_orig_vh_c.1_s1239739722_SR10P_src20401241_e0112.txt
20427528,20401242,rover,on,1472491096,5,2.0,20.0,/home/hersco/training_new_domains/2026-08-21/statistical_replication_stage1_policy_eval/20427528_Ev_rover_rover_orig_vh_c.1_s1472491096_SR10P_src20401242_e0005.txt
20427691,20401242,rover,on,1472491096,10,4.0,20.0,/home/hersco/training_new_domains/2026-08-21/statistical_replication_stage1_policy_eval/20427691_Ev_rover_rover_orig_vh_c.1_s1472491096_SR10P_src20401242_e0010.txt
20427694,20401242,rover,on,1472491096,15,4.0,20.0,/home/hersco/training_new_domains/2026-08-21/statistical_replication_stage1_policy_eval/20427694_Ev_rover_rover_orig_vh_c.1_s1472491096_SR10P_src20401242_e0015.txt
20427696,20401242,rover,on,1472491096,20,4.0,20.0,/home/hersco/training_new_domains/2026-08-21/statistical_replication_stage1_policy_eval/20427696_Ev_rover_rover_orig_vh_c.1_s1472491096_SR10P_src20401242_e0020.txt
20427698,20401242,rover,on,1472491096,25,4.0,20.0,/home/hersco/training_new_domains/2026-08-21/statistical_replication_stage1_policy_eval/20427698_Ev_rover_rover_orig_vh_c.1_s1472491096_SR10P_src20401242_e0025.txt
20427701,20401242,rover,on,1472491096,30,3.0,20.0,/home/hersco/training_new_domains/2026-08-21/statistical_replication_stage1_policy_eval/20427701_Ev_rover_rover_orig_vh_c.1_s1472491096_SR10P_src20401242_e0030.txt
20427703,20401242,rover,on,1472491096,35,3.0,20.0,/home/hersco/training_new_domains/2026-08-21/statistical_replication_stage1_policy_eval/20427703_Ev_rover_rover_orig_vh_c.1_s1472491096_SR10P_src20401242_e0035.txt
20427705,20401242,rover,on,1472491096,40,4.0,20.0,/home/hersco/training_new_domains/2026-08-21/statistical_replication_stage1_policy_eval/20427705_Ev_rover_rover_orig_vh_c.1_s1472491096_SR10P_src20401242_e0040.txt
20427707,20401242,rover,on,1472491096,45,4.0,20.0,/home/hersco/training_new_domains/2026-08-21/statistical_replication_stage1_policy_eval/20427707_Ev_rover_rover_orig_vh_c.1_s1472491096_SR10P_src20401242_e0045.txt
20427710,20401242,rover,on,1472491096,50,4.0,20.0,/home/hersco/training_new_domains/2026-08-21/statistical_replication_stage1_policy_eval/20427710_Ev_rover_rover_orig_vh_c.1_s1472491096_SR10P_src20401242_e0050.txt
20427712,20401242,rover,on,1472491096,55,3.0,20.0,/home/hersco/training_new_domains/2026-08-21/statistical_replication_stage1_policy_eval/20427712_Ev_rover_rover_orig_vh_c.1_s1472491096_SR10P_src20401242_e0055.txt
20427714,20401242,rover,on,1472491096,60,4.0,20.0,/home/hersco/training_new_domains/2026-08-21/statistical_replication_stage1_policy_eval/20427714_Ev_rover_rover_orig_vh_c.1_s1472491096_SR10P_src20401242_e0060.txt
20427717,20401242,rover,on,1472491096,65,4.0,20.0,/home/hersco/training_new_domains/2026-08-21/statistical_replication_stage1_policy_eval/20427717_Ev_rover_rover_orig_vh_c.1_s1472491096_SR10P_src20401242_e0065.txt
20427719,20401242,rover,on,1472491096,70,4.0,20.0,/home/hersco/training_new_domains/2026-08-21/statistical_replication_stage1_policy_eval/20427719_Ev_rover_rover_orig_vh_c.1_s1472491096_SR10P_src20401242_e0070.txt
20427721,20401242,rover,on,1472491096,75,4.0,20.0,/home/hersco/training_new_domains/2026-08-21/statistical_replication_stage1_policy_eval/20427721_Ev_rover_rover_orig_vh_c.1_s1472491096_SR10P_src20401242_e0075.txt
20427724,20401242,rover,on,1472491096,80,4.0,20.0,/home/hersco/training_new_domains/2026-08-21/statistical_replication_stage1_policy_eval/20427724_Ev_rover_rover_orig_vh_c.1_s1472491096_SR10P_src20401242_e0080.txt
20427726,20401242,rover,on,1472491096,85,3.0,20.0,/home/hersco/training_new_domains/2026-08-21/statistical_replication_stage1_policy_eval/20427726_Ev_rover_rover_orig_vh_c.1_s1472491096_SR10P_src20401242_e0085.txt
20427729,20401242,rover,on,1472491096,90,4.0,20.0,/home/hersco/training_new_domains/2026-08-21/statistical_replication_stage1_policy_eval/20427729_Ev_rover_rover_orig_vh_c.1_s1472491096_SR10P_src20401242_e0090.txt
20427731,20401242,rover,on,1472491096,95,5.0,20.0,/home/hersco/training_new_domains/2026-08-21/statistical_replication_stage1_policy_eval/20427731_Ev_rover_rover_orig_vh_c.1_s1472491096_SR10P_src20401242_e0095.txt
20427733,20401242,rover,on,1472491096,100,4.0,20.0,/home/hersco/training_new_domains/2026-08-21/statistical_replication_stage1_policy_eval/20427733_Ev_rover_rover_orig_vh_c.1_s1472491096_SR10P_src20401242_e0100.txt
20427736,20401242,rover,on,1472491096,105,4.0,20.0,/home/hersco/training_new_domains/2026-08-21/statistical_replication_stage1_policy_eval/20427736_Ev_rover_rover_orig_vh_c.1_s1472491096_SR10P_src20401242_e0105.txt
20427738,20401242,rover,on,1472491096,110,4.0,20.0,/home/hersco/training_new_domains/2026-08-21/statistical_replication_stage1_policy_eval/20427738_Ev_rover_rover_orig_vh_c.1_s1472491096_SR10P_src20401242_e0110.txt
20427740,20401242,rover,on,1472491096,115,4.0,20.0,/home/hersco/training_new_domains/2026-08-21/statistical_replication_stage1_policy_eval/20427740_Ev_rover_rover_orig_vh_c.1_s1472491096_SR10P_src20401242_e0115.txt
20427743,20401242,rover,on,1472491096,120,4.0,20.0,/home/hersco/training_new_domains/2026-08-21/statistical_replication_stage1_policy_eval/20427743_Ev_rover_rover_orig_vh_c.1_s1472491096_SR10P_src20401242_e0120.txt
20427745,20401242,rover,on,1472491096,125,4.0,20.0,/home/hersco/training_new_domains/2026-08-21/statistical_replication_stage1_policy_eval/20427745_Ev_rover_rover_orig_vh_c.1_s1472491096_SR10P_src20401242_e0125.txt
20427747,20401242,rover,on,1472491096,130,4.0,20.0,/home/hersco/training_new_domains/2026-08-21/statistical_replication_stage1_policy_eval/20427747_Ev_rover_rover_orig_vh_c.1_s1472491096_SR10P_src20401242_e0130.txt
20427750,20401242,rover,on,1472491096,135,4.0,20.0,/home/hersco/training_new_domains/2026-08-21/statistical_replication_stage1_policy_eval/20427750_Ev_rover_rover_orig_vh_c.1_s1472491096_SR10P_src20401242_e0135.txt
20427752,20401242,rover,on,1472491096,140,4.0,20.0,/home/hersco/training_new_domains/2026-08-21/statistical_replication_stage1_policy_eval/20427752_Ev_rover_rover_orig_vh_c.1_s1472491096_SR10P_src20401242_e0140.txt
20427754,20401242,rover,on,1472491096,145,4.0,20.0,/home/hersco/training_new_domains/2026-08-21/statistical_replication_stage1_policy_eval/20427754_Ev_rover_rover_orig_vh_c.1_s1472491096_SR10P_src20401242_e0145.txt
20427756,20401242,rover,on,1472491096,150,4.0,20.0,/home/hersco/training_new_domains/2026-08-21/statistical_replication_stage1_policy_eval/20427756_Ev_rover_rover_orig_vh_c.1_s1472491096_SR10P_src20401242_e0150.txt
20427758,20401242,rover,on,1472491096,155,4.0,20.0,/home/hersco/training_new_domains/2026-08-21/statistical_replication_stage1_policy_eval/20427758_Ev_rover_rover_orig_vh_c.1_s1472491096_SR10P_src20401242_e0155.txt
20427761,20401242,rover,on,1472491096,160,4.0,20.0,/home/hersco/training_new_domains/2026-08-21/statistical_replication_stage1_policy_eval/20427761_Ev_rover_rover_orig_vh_c.1_s1472491096_SR10P_src20401242_e0160.txt
20427763,20401242,rover,on,1472491096,165,4.0,20.0,/home/hersco/training_new_domains/2026-08-21/statistical_replication_stage1_policy_eval/20427763_Ev_rover_rover_orig_vh_c.1_s1472491096_SR10P_src20401242_e0165.txt
20427765,20401243,rover,on,534933607,5,0.0,20.0,/home/hersco/training_new_domains/2026-08-21/statistical_replication_stage1_policy_eval/20427765_Ev_rover_rover_orig_vh_c.1_s534933607_SR10P_src20401243_e0005.txt
20427767,20401243,rover,on,534933607,10,3.0,20.0,/home/hersco/training_new_domains/2026-08-21/statistical_replication_stage1_policy_eval/20427767_Ev_rover_rover_orig_vh_c.1_s534933607_SR10P_src20401243_e0010.txt
20427770,20401243,rover,on,534933607,15,4.0,20.0,/home/hersco/training_new_domains/2026-08-21/statistical_replication_stage1_policy_eval/20427770_Ev_rover_rover_orig_vh_c.1_s534933607_SR10P_src20401243_e0015.txt
20427772,20401243,rover,on,534933607,20,4.0,20.0,/home/hersco/training_new_domains/2026-08-21/statistical_replication_stage1_policy_eval/20427772_Ev_rover_rover_orig_vh_c.1_s534933607_SR10P_src20401243_e0020.txt
20427774,20401243,rover,on,534933607,25,4.0,20.0,/home/hersco/training_new_domains/2026-08-21/statistical_replication_stage1_policy_eval/20427774_Ev_rover_rover_orig_vh_c.1_s534933607_SR10P_src20401243_e0025.txt
20427777,20401243,rover,on,534933607,30,4.0,20.0,/home/hersco/training_new_domains/2026-08-21/statistical_replication_stage1_policy_eval/20427777_Ev_rover_rover_orig_vh_c.1_s534933607_SR10P_src20401243_e0030.txt
20427779,20401243,rover,on,534933607,35,4.0,20.0,/home/hersco/training_new_domains/2026-08-21/statistical_replication_stage1_policy_eval/20427779_Ev_rover_rover_orig_vh_c.1_s534933607_SR10P_src20401243_e0035.txt
20427781,20401243,rover,on,534933607,40,4.0,20.0,/home/hersco/training_new_domains/2026-08-21/statistical_replication_stage1_policy_eval/20427781_Ev_rover_rover_orig_vh_c.1_s534933607_SR10P_src20401243_e0040.txt
20427783,20401243,rover,on,534933607,45,4.0,20.0,/home/hersco/training_new_domains/2026-08-21/statistical_replication_stage1_policy_eval/20427783_Ev_rover_rover_orig_vh_c.1_s534933607_SR10P_src20401243_e0045.txt
20427786,20401243,rover,on,534933607,50,4.0,20.0,/home/hersco/training_new_domains/2026-08-21/statistical_replication_stage1_policy_eval/20427786_Ev_rover_rover_orig_vh_c.1_s534933607_SR10P_src20401243_e0050.txt
20427788,20401243,rover,on,534933607,55,4.0,20.0,/home/hersco/training_new_domains/2026-08-21/statistical_replication_stage1_policy_eval/20427788_Ev_rover_rover_orig_vh_c.1_s534933607_SR10P_src20401243_e0055.txt
20427790,20401243,rover,on,534933607,60,4.0,20.0,/home/hersco/training_new_domains/2026-08-21/statistical_replication_stage1_policy_eval/20427790_Ev_rover_rover_orig_vh_c.1_s534933607_SR10P_src20401243_e0060.txt
20427792,20401243,rover,on,534933607,65,4.0,20.0,/home/hersco/training_new_domains/2026-08-21/statistical_replication_stage1_policy_eval/20427792_Ev_rover_rover_orig_vh_c.1_s534933607_SR10P_src20401243_e0065.txt
20427795,20401243,rover,on,534933607,17,4.0,20.0,/home/hersco/training_new_domains/2026-08-21/statistical_replication_stage1_policy_eval/20427795_Ev_rover_rover_orig_vh_c.1_s534933607_SR10P_src20401243_e0017.txt
20427797,20401244,rover,on,2082152039,5,2.0,20.0,/home/hersco/training_new_domains/2026-08-21/statistical_replication_stage1_policy_eval/20427797_Ev_rover_rover_orig_vh_c.1_s2082152039_SR10P_src20401244_e0005.txt
20427799,20401244,rover,on,2082152039,10,4.0,20.0,/home/hersco/training_new_domains/2026-08-21/statistical_replication_stage1_policy_eval/20427799_Ev_rover_rover_orig_vh_c.1_s2082152039_SR10P_src20401244_e0010.txt
20427801,20401244,rover,on,2082152039,15,4.0,20.0,/home/hersco/training_new_domains/2026-08-21/statistical_replication_stage1_policy_eval/20427801_Ev_rover_rover_orig_vh_c.1_s2082152039_SR10P_src20401244_e0015.txt
20427803,20401244,rover,on,2082152039,20,4.0,20.0,/home/hersco/training_new_domains/2026-08-21/statistical_replication_stage1_policy_eval/20427803_Ev_rover_rover_orig_vh_c.1_s2082152039_SR10P_src20401244_e0020.txt
20427804,20401244,rover,on,2082152039,25,4.0,20.0,/home/hersco/training_new_domains/2026-08-21/statistical_replication_stage1_policy_eval/20427804_Ev_rover_rover_orig_vh_c.1_s2082152039_SR10P_src20401244_e0025.txt
20427807,20401244,rover,on,2082152039,30,4.0,20.0,/home/hersco/training_new_domains/2026-08-21/statistical_replication_stage1_policy_eval/20427807_Ev_rover_rover_orig_vh_c.1_s2082152039_SR10P_src20401244_e0030.txt
20427809,20401244,rover,on,2082152039,35,3.0,20.0,/home/hersco/training_new_domains/2026-08-21/statistical_replication_stage1_policy_eval/20427809_Ev_rover_rover_orig_vh_c.1_s2082152039_SR10P_src20401244_e0035.txt
20427811,20401244,rover,on,2082152039,40,4.0,20.0,/home/hersco/training_new_domains/2026-08-21/statistical_replication_stage1_policy_eval/20427811_Ev_rover_rover_orig_vh_c.1_s2082152039_SR10P_src20401244_e0040.txt
20427814,20401244,rover,on,2082152039,45,4.0,20.0,/home/hersco/training_new_domains/2026-08-21/statistical_replication_stage1_policy_eval/20427814_Ev_rover_rover_orig_vh_c.1_s2082152039_SR10P_src20401244_e0045.txt
20427816,20401244,rover,on,2082152039,50,4.0,20.0,/home/hersco/training_new_domains/2026-08-21/statistical_replication_stage1_policy_eval/20427816_Ev_rover_rover_orig_vh_c.1_s2082152039_SR10P_src20401244_e0050.txt
20427818,20401244,rover,on,2082152039,55,4.0,20.0,/home/hersco/training_new_domains/2026-08-21/statistical_replication_stage1_policy_eval/20427818_Ev_rover_rover_orig_vh_c.1_s2082152039_SR10P_src20401244_e0055.txt
20427820,20401244,rover,on,2082152039,60,4.0,20.0,/home/hersco/training_new_domains/2026-08-21/statistical_replication_stage1_policy_eval/20427820_Ev_rover_rover_orig_vh_c.1_s2082152039_SR10P_src20401244_e0060.txt
20427822,20401244,rover,on,2082152039,65,4.0,20.0,/home/hersco/training_new_domains/2026-08-21/statistical_replication_stage1_policy_eval/20427822_Ev_rover_rover_orig_vh_c.1_s2082152039_SR10P_src20401244_e0065.txt
20427823,20401244,rover,on,2082152039,70,4.0,20.0,/home/hersco/training_new_domains/2026-08-21/statistical_replication_stage1_policy_eval/20427823_Ev_rover_rover_orig_vh_c.1_s2082152039_SR10P_src20401244_e0070.txt
20427824,20401244,rover,on,2082152039,75,3.0,20.0,/home/hersco/training_new_domains/2026-08-21/statistical_replication_stage1_policy_eval/20427824_Ev_rover_rover_orig_vh_c.1_s2082152039_SR10P_src20401244_e0075.txt
20427825,20401244,rover,on,2082152039,80,4.0,20.0,/home/hersco/training_new_domains/2026-08-21/statistical_replication_stage1_policy_eval/20427825_Ev_rover_rover_orig_vh_c.1_s2082152039_SR10P_src20401244_e0080.txt
20427826,20401244,rover,on,2082152039,85,4.0,20.0,/home/hersco/training_new_domains/2026-08-21/statistical_replication_stage1_policy_eval/20427826_Ev_rover_rover_orig_vh_c.1_s2082152039_SR10P_src20401244_e0085.txt
20427827,20401244,rover,on,2082152039,90,4.0,20.0,/home/hersco/training_new_domains/2026-08-21/statistical_replication_stage1_policy_eval/20427827_Ev_rover_rover_orig_vh_c.1_s2082152039_SR10P_src20401244_e0090.txt
20427828,20401244,rover,on,2082152039,95,4.0,20.0,/home/hersco/training_new_domains/2026-08-21/statistical_replication_stage1_policy_eval/20427828_Ev_rover_rover_orig_vh_c.1_s2082152039_SR10P_src20401244_e0095.txt
20427829,20401244,rover,on,2082152039,100,4.0,20.0,/home/hersco/training_new_domains/2026-08-21/statistical_replication_stage1_policy_eval/20427829_Ev_rover_rover_orig_vh_c.1_s2082152039_SR10P_src20401244_e0100.txt
20427830,20401244,rover,on,2082152039,105,4.0,20.0,/home/hersco/training_new_domains/2026-08-21/statistical_replication_stage1_policy_eval/20427830_Ev_rover_rover_orig_vh_c.1_s2082152039_SR10P_src20401244_e0105.txt
20427831,20401244,rover,on,2082152039,110,4.0,20.0,/home/hersco/training_new_domains/2026-08-21/statistical_replication_stage1_policy_eval/20427831_Ev_rover_rover_orig_vh_c.1_s2082152039_SR10P_src20401244_e0110.txt
20427832,20401244,rover,on,2082152039,115,4.0,20.0,/home/hersco/training_new_domains/2026-08-21/statistical_replication_stage1_policy_eval/20427832_Ev_rover_rover_orig_vh_c.1_s2082152039_SR10P_src20401244_e0115.txt
20427833,20401244,rover,on,2082152039,120,4.0,20.0,/home/hersco/training_new_domains/2026-08-21/statistical_replication_stage1_policy_eval/20427833_Ev_rover_rover_orig_vh_c.1_s2082152039_SR10P_src20401244_e0120.txt
20427834,20401244,rover,on,2082152039,125,4.0,20.0,/home/hersco/training_new_domains/2026-08-21/statistical_replication_stage1_policy_eval/20427834_Ev_rover_rover_orig_vh_c.1_s2082152039_SR10P_src20401244_e0125.txt
20427835,20401244,rover,on,2082152039,77,4.0,20.0,/home/hersco/training_new_domains/2026-08-21/statistical_replication_stage1_policy_eval/20427835_Ev_rover_rover_orig_vh_c.1_s2082152039_SR10P_src20401244_e0077.txt
20427836,20401245,rover,on,1510771779,5,2.0,20.0,/home/hersco/training_new_domains/2026-08-21/statistical_replication_stage1_policy_eval/20427836_Ev_rover_rover_orig_vh_c.1_s1510771779_SR10P_src20401245_e0005.txt
20427837,20401245,rover,on,1510771779,10,4.0,20.0,/home/hersco/training_new_domains/2026-08-21/statistical_replication_stage1_policy_eval/20427837_Ev_rover_rover_orig_vh_c.1_s1510771779_SR10P_src20401245_e0010.txt
20427838,20401245,rover,on,1510771779,15,4.0,20.0,/home/hersco/training_new_domains/2026-08-21/statistical_replication_stage1_policy_eval/20427838_Ev_rover_rover_orig_vh_c.1_s1510771779_SR10P_src20401245_e0015.txt
20427839,20401245,rover,on,1510771779,20,4.0,20.0,/home/hersco/training_new_domains/2026-08-21/statistical_replication_stage1_policy_eval/20427839_Ev_rover_rover_orig_vh_c.1_s1510771779_SR10P_src20401245_e0020.txt
20427840,20401245,rover,on,1510771779,25,4.0,20.0,/home/hersco/training_new_domains/2026-08-21/statistical_replication_stage1_policy_eval/20427840_Ev_rover_rover_orig_vh_c.1_s1510771779_SR10P_src20401245_e0025.txt
20427841,20401245,rover,on,1510771779,30,2.0,20.0,/home/hersco/training_new_domains/2026-08-21/statistical_replication_stage1_policy_eval/20427841_Ev_rover_rover_orig_vh_c.1_s1510771779_SR10P_src20401245_e0030.txt
20427842,20401245,rover,on,1510771779,35,4.0,20.0,/home/hersco/training_new_domains/2026-08-21/statistical_replication_stage1_policy_eval/20427842_Ev_rover_rover_orig_vh_c.1_s1510771779_SR10P_src20401245_e0035.txt
20427843,20401245,rover,on,1510771779,40,4.0,20.0,/home/hersco/training_new_domains/2026-08-21/statistical_replication_stage1_policy_eval/20427843_Ev_rover_rover_orig_vh_c.1_s1510771779_SR10P_src20401245_e0040.txt
20427844,20401245,rover,on,1510771779,45,4.0,20.0,/home/hersco/training_new_domains/2026-08-21/statistical_replication_stage1_policy_eval/20427844_Ev_rover_rover_orig_vh_c.1_s1510771779_SR10P_src20401245_e0045.txt
20427845,20401245,rover,on,1510771779,50,4.0,20.0,/home/hersco/training_new_domains/2026-08-21/statistical_replication_stage1_policy_eval/20427845_Ev_rover_rover_orig_vh_c.1_s1510771779_SR10P_src20401245_e0050.txt
20427846,20401245,rover,on,1510771779,55,4.0,20.0,/home/hersco/training_new_domains/2026-08-21/statistical_replication_stage1_policy_eval/20427846_Ev_rover_rover_orig_vh_c.1_s1510771779_SR10P_src20401245_e0055.txt
20427847,20401245,rover,on,1510771779,60,4.0,20.0,/home/hersco/training_new_domains/2026-08-21/statistical_replication_stage1_policy_eval/20427847_Ev_rover_rover_orig_vh_c.1_s1510771779_SR10P_src20401245_e0060.txt
20427848,20401245,rover,on,1510771779,65,4.0,20.0,/home/hersco/training_new_domains/2026-08-21/statistical_replication_stage1_policy_eval/20427848_Ev_rover_rover_orig_vh_c.1_s1510771779_SR10P_src20401245_e0065.txt
20427849,20401245,rover,on,1510771779,70,4.0,20.0,/home/hersco/training_new_domains/2026-08-21/statistical_replication_stage1_policy_eval/20427849_Ev_rover_rover_orig_vh_c.1_s1510771779_SR10P_src20401245_e0070.txt
20427850,20401245,rover,on,1510771779,75,4.0,20.0,/home/hersco/training_new_domains/2026-08-21/statistical_replication_stage1_policy_eval/20427850_Ev_rover_rover_orig_vh_c.1_s1510771779_SR10P_src20401245_e0075.txt
20427851,20401245,rover,on,1510771779,80,4.0,20.0,/home/hersco/training_new_domains/2026-08-21/statistical_replication_stage1_policy_eval/20427851_Ev_rover_rover_orig_vh_c.1_s1510771779_SR10P_src20401245_e0080.txt
20427852,20401245,rover,on,1510771779,85,4.0,20.0,/home/hersco/training_new_domains/2026-08-21/statistical_replication_stage1_policy_eval/20427852_Ev_rover_rover_orig_vh_c.1_s1510771779_SR10P_src20401245_e0085.txt
20427853,20401245,rover,on,1510771779,90,4.0,20.0,/home/hersco/training_new_domains/2026-08-21/statistical_replication_stage1_policy_eval/20427853_Ev_rover_rover_orig_vh_c.1_s1510771779_SR10P_src20401245_e0090.txt
20427854,20401245,rover,on,1510771779,95,4.0,20.0,/home/hersco/training_new_domains/2026-08-21/statistical_replication_stage1_policy_eval/20427854_Ev_rover_rover_orig_vh_c.1_s1510771779_SR10P_src20401245_e0095.txt
20427855,20401245,rover,on,1510771779,100,4.0,20.0,/home/hersco/training_new_domains/2026-08-21/statistical_replication_stage1_policy_eval/20427855_Ev_rover_rover_orig_vh_c.1_s1510771779_SR10P_src20401245_e0100.txt
20427856,20401245,rover,on,1510771779,105,4.0,20.0,/home/hersco/training_new_domains/2026-08-21/statistical_replication_stage1_policy_eval/20427856_Ev_rover_rover_orig_vh_c.1_s1510771779_SR10P_src20401245_e0105.txt
20427857,20401245,rover,on,1510771779,110,4.0,20.0,/home/hersco/training_new_domains/2026-08-21/statistical_replication_stage1_policy_eval/20427857_Ev_rover_rover_orig_vh_c.1_s1510771779_SR10P_src20401245_e0110.txt
20427858,20401245,rover,on,1510771779,115,4.0,20.0,/home/hersco/training_new_domains/2026-08-21/statistical_replication_stage1_policy_eval/20427858_Ev_rover_rover_orig_vh_c.1_s1510771779_SR10P_src20401245_e0115.txt
20427859,20401245,rover,on,1510771779,120,4.0,20.0,/home/hersco/training_new_domains/2026-08-21/statistical_replication_stage1_policy_eval/20427859_Ev_rover_rover_orig_vh_c.1_s1510771779_SR10P_src20401245_e0120.txt
20427860,20401245,rover,on,1510771779,125,4.0,20.0,/home/hersco/training_new_domains/2026-08-21/statistical_replication_stage1_policy_eval/20427860_Ev_rover_rover_orig_vh_c.1_s1510771779_SR10P_src20401245_e0125.txt
20427861,20401245,rover,on,1510771779,130,4.0,20.0,/home/hersco/training_new_domains/2026-08-21/statistical_replication_stage1_policy_eval/20427861_Ev_rover_rover_orig_vh_c.1_s1510771779_SR10P_src20401245_e0130.txt
20427862,20401245,rover,on,1510771779,135,4.0,20.0,/home/hersco/training_new_domains/2026-08-21/statistical_replication_stage1_policy_eval/20427862_Ev_rover_rover_orig_vh_c.1_s1510771779_SR10P_src20401245_e0135.txt
20427863,20401245,rover,on,1510771779,140,4.0,20.0,/home/hersco/training_new_domains/2026-08-21/statistical_replication_stage1_policy_eval/20427863_Ev_rover_rover_orig_vh_c.1_s1510771779_SR10P_src20401245_e0140.txt
20427995,20401246,rover,on,923500475,5,3.0,20.0,/home/hersco/training_new_domains/2026-08-21/statistical_replication_stage1_policy_eval/20427995_Ev_rover_rover_orig_vh_c.1_s923500475_SR10P_src20401246_e0005.txt
20427998,20401246,rover,on,923500475,10,4.0,20.0,/home/hersco/training_new_domains/2026-08-21/statistical_replication_stage1_policy_eval/20427998_Ev_rover_rover_orig_vh_c.1_s923500475_SR10P_src20401246_e0010.txt
20427999,20401246,rover,on,923500475,15,3.0,20.0,/home/hersco/training_new_domains/2026-08-21/statistical_replication_stage1_policy_eval/20427999_Ev_rover_rover_orig_vh_c.1_s923500475_SR10P_src20401246_e0015.txt
20428000,20401246,rover,on,923500475,20,3.0,20.0,/home/hersco/training_new_domains/2026-08-21/statistical_replication_stage1_policy_eval/20428000_Ev_rover_rover_orig_vh_c.1_s923500475_SR10P_src20401246_e0020.txt
20428001,20401246,rover,on,923500475,25,3.0,20.0,/home/hersco/training_new_domains/2026-08-21/statistical_replication_stage1_policy_eval/20428001_Ev_rover_rover_orig_vh_c.1_s923500475_SR10P_src20401246_e0025.txt
20428002,20401246,rover,on,923500475,30,4.0,20.0,/home/hersco/training_new_domains/2026-08-21/statistical_replication_stage1_policy_eval/20428002_Ev_rover_rover_orig_vh_c.1_s923500475_SR10P_src20401246_e0030.txt
20428003,20401246,rover,on,923500475,35,4.0,20.0,/home/hersco/training_new_domains/2026-08-21/statistical_replication_stage1_policy_eval/20428003_Ev_rover_rover_orig_vh_c.1_s923500475_SR10P_src20401246_e0035.txt
20428004,20401246,rover,on,923500475,40,4.0,20.0,/home/hersco/training_new_domains/2026-08-21/statistical_replication_stage1_policy_eval/20428004_Ev_rover_rover_orig_vh_c.1_s923500475_SR10P_src20401246_e0040.txt
20428005,20401246,rover,on,923500475,45,4.0,20.0,/home/hersco/training_new_domains/2026-08-21/statistical_replication_stage1_policy_eval/20428005_Ev_rover_rover_orig_vh_c.1_s923500475_SR10P_src20401246_e0045.txt
20428006,20401246,rover,on,923500475,50,4.0,20.0,/home/hersco/training_new_domains/2026-08-21/statistical_replication_stage1_policy_eval/20428006_Ev_rover_rover_orig_vh_c.1_s923500475_SR10P_src20401246_e0050.txt
20428007,20401246,rover,on,923500475,4,2.0,20.0,/home/hersco/training_new_domains/2026-08-21/statistical_replication_stage1_policy_eval/20428007_Ev_rover_rover_orig_vh_c.1_s923500475_SR10P_src20401246_e0004.txt
20428008,20401247,rover,on,1972442430,5,2.0,20.0,/home/hersco/training_new_domains/2026-08-21/statistical_replication_stage1_policy_eval/20428008_Ev_rover_rover_orig_vh_c.1_s1972442430_SR10P_src20401247_e0005.txt
20428009,20401247,rover,on,1972442430,10,4.0,20.0,/home/hersco/training_new_domains/2026-08-21/statistical_replication_stage1_policy_eval/20428009_Ev_rover_rover_orig_vh_c.1_s1972442430_SR10P_src20401247_e0010.txt
20428010,20401247,rover,on,1972442430,15,3.0,20.0,/home/hersco/training_new_domains/2026-08-21/statistical_replication_stage1_policy_eval/20428010_Ev_rover_rover_orig_vh_c.1_s1972442430_SR10P_src20401247_e0015.txt
20428011,20401247,rover,on,1972442430,20,4.0,20.0,/home/hersco/training_new_domains/2026-08-21/statistical_replication_stage1_policy_eval/20428011_Ev_rover_rover_orig_vh_c.1_s1972442430_SR10P_src20401247_e0020.txt
20428012,20401247,rover,on,1972442430,25,4.0,20.0,/home/hersco/training_new_domains/2026-08-21/statistical_replication_stage1_policy_eval/20428012_Ev_rover_rover_orig_vh_c.1_s1972442430_SR10P_src20401247_e0025.txt
20428013,20401247,rover,on,1972442430,30,3.0,20.0,/home/hersco/training_new_domains/2026-08-21/statistical_replication_stage1_policy_eval/20428013_Ev_rover_rover_orig_vh_c.1_s1972442430_SR10P_src20401247_e0030.txt
20428014,20401247,rover,on,1972442430,35,4.0,20.0,/home/hersco/training_new_domains/2026-08-21/statistical_replication_stage1_policy_eval/20428014_Ev_rover_rover_orig_vh_c.1_s1972442430_SR10P_src20401247_e0035.txt
20428015,20401247,rover,on,1972442430,40,4.0,20.0,/home/hersco/training_new_domains/2026-08-21/statistical_replication_stage1_policy_eval/20428015_Ev_rover_rover_orig_vh_c.1_s1972442430_SR10P_src20401247_e0040.txt
20428016,20401247,rover,on,1972442430,45,4.0,20.0,/home/hersco/training_new_domains/2026-08-21/statistical_replication_stage1_policy_eval/20428016_Ev_rover_rover_orig_vh_c.1_s1972442430_SR10P_src20401247_e0045.txt
20428017,20401247,rover,on,1972442430,50,4.0,20.0,/home/hersco/training_new_domains/2026-08-21/statistical_replication_stage1_policy_eval/20428017_Ev_rover_rover_orig_vh_c.1_s1972442430_SR10P_src20401247_e0050.txt
20428018,20401247,rover,on,1972442430,55,4.0,20.0,/home/hersco/training_new_domains/2026-08-21/statistical_replication_stage1_policy_eval/20428018_Ev_rover_rover_orig_vh_c.1_s1972442430_SR10P_src20401247_e0055.txt
20428019,20401247,rover,on,1972442430,60,4.0,20.0,/home/hersco/training_new_domains/2026-08-21/statistical_replication_stage1_policy_eval/20428019_Ev_rover_rover_orig_vh_c.1_s1972442430_SR10P_src20401247_e0060.txt
20428020,20401247,rover,on,1972442430,65,4.0,20.0,/home/hersco/training_new_domains/2026-08-21/statistical_replication_stage1_policy_eval/20428020_Ev_rover_rover_orig_vh_c.1_s1972442430_SR10P_src20401247_e0065.txt
20428021,20401247,rover,on,1972442430,70,4.0,20.0,/home/hersco/training_new_domains/2026-08-21/statistical_replication_stage1_policy_eval/20428021_Ev_rover_rover_orig_vh_c.1_s1972442430_SR10P_src20401247_e0070.txt
20428022,20401247,rover,on,1972442430,75,4.0,20.0,/home/hersco/training_new_domains/2026-08-21/statistical_replication_stage1_policy_eval/20428022_Ev_rover_rover_orig_vh_c.1_s1972442430_SR10P_src20401247_e0075.txt
20428023,20401247,rover,on,1972442430,80,4.0,20.0,/home/hersco/training_new_domains/2026-08-21/statistical_replication_stage1_policy_eval/20428023_Ev_rover_rover_orig_vh_c.1_s1972442430_SR10P_src20401247_e0080.txt
20428024,20401247,rover,on,1972442430,85,4.0,20.0,/home/hersco/training_new_domains/2026-08-21/statistical_replication_stage1_policy_eval/20428024_Ev_rover_rover_orig_vh_c.1_s1972442430_SR10P_src20401247_e0085.txt
20428025,20401247,rover,on,1972442430,90,4.0,20.0,/home/hersco/training_new_domains/2026-08-21/statistical_replication_stage1_policy_eval/20428025_Ev_rover_rover_orig_vh_c.1_s1972442430_SR10P_src20401247_e0090.txt
20428026,20401247,rover,on,1972442430,95,4.0,20.0,/home/hersco/training_new_domains/2026-08-21/statistical_replication_stage1_policy_eval/20428026_Ev_rover_rover_orig_vh_c.1_s1972442430_SR10P_src20401247_e0095.txt
20428027,20401247,rover,on,1972442430,100,4.0,20.0,/home/hersco/training_new_domains/2026-08-21/statistical_replication_stage1_policy_eval/20428027_Ev_rover_rover_orig_vh_c.1_s1972442430_SR10P_src20401247_e0100.txt
20428028,20401247,rover,on,1972442430,105,4.0,20.0,/home/hersco/training_new_domains/2026-08-21/statistical_replication_stage1_policy_eval/20428028_Ev_rover_rover_orig_vh_c.1_s1972442430_SR10P_src20401247_e0105.txt
20428029,20401247,rover,on,1972442430,110,4.0,20.0,/home/hersco/training_new_domains/2026-08-21/statistical_replication_stage1_policy_eval/20428029_Ev_rover_rover_orig_vh_c.1_s1972442430_SR10P_src20401247_e0110.txt
20428030,20401247,rover,on,1972442430,115,4.0,20.0,/home/hersco/training_new_domains/2026-08-21/statistical_replication_stage1_policy_eval/20428030_Ev_rover_rover_orig_vh_c.1_s1972442430_SR10P_src20401247_e0115.txt
20428031,20401247,rover,on,1972442430,120,4.0,20.0,/home/hersco/training_new_domains/2026-08-21/statistical_replication_stage1_policy_eval/20428031_Ev_rover_rover_orig_vh_c.1_s1972442430_SR10P_src20401247_e0120.txt
20428032,20401247,rover,on,1972442430,71,4.0,20.0,/home/hersco/training_new_domains/2026-08-21/statistical_replication_stage1_policy_eval/20428032_Ev_rover_rover_orig_vh_c.1_s1972442430_SR10P_src20401247_e0071.txt
20428033,20401248,rover,off,1963100312,5,3.0,20.0,/home/hersco/training_new_domains/2026-08-21/statistical_replication_stage1_policy_eval/20428033_Ev_rover_rover_orig_novh_c.1_s1963100312_SR10P_src20401248_e0005.txt
20428034,20401248,rover,off,1963100312,10,4.0,20.0,/home/hersco/training_new_domains/2026-08-21/statistical_replication_stage1_policy_eval/20428034_Ev_rover_rover_orig_novh_c.1_s1963100312_SR10P_src20401248_e0010.txt
20428035,20401248,rover,off,1963100312,15,3.0,20.0,/home/hersco/training_new_domains/2026-08-21/statistical_replication_stage1_policy_eval/20428035_Ev_rover_rover_orig_novh_c.1_s1963100312_SR10P_src20401248_e0015.txt
20428036,20401248,rover,off,1963100312,20,3.0,20.0,/home/hersco/training_new_domains/2026-08-21/statistical_replication_stage1_policy_eval/20428036_Ev_rover_rover_orig_novh_c.1_s1963100312_SR10P_src20401248_e0020.txt
20428037,20401248,rover,off,1963100312,25,4.0,20.0,/home/hersco/training_new_domains/2026-08-21/statistical_replication_stage1_policy_eval/20428037_Ev_rover_rover_orig_novh_c.1_s1963100312_SR10P_src20401248_e0025.txt
20428038,20401248,rover,off,1963100312,30,4.0,20.0,/home/hersco/training_new_domains/2026-08-21/statistical_replication_stage1_policy_eval/20428038_Ev_rover_rover_orig_novh_c.1_s1963100312_SR10P_src20401248_e0030.txt
20428039,20401248,rover,off,1963100312,35,3.0,20.0,/home/hersco/training_new_domains/2026-08-21/statistical_replication_stage1_policy_eval/20428039_Ev_rover_rover_orig_novh_c.1_s1963100312_SR10P_src20401248_e0035.txt
20428040,20401248,rover,off,1963100312,40,4.0,20.0,/home/hersco/training_new_domains/2026-08-21/statistical_replication_stage1_policy_eval/20428040_Ev_rover_rover_orig_novh_c.1_s1963100312_SR10P_src20401248_e0040.txt
20428041,20401248,rover,off,1963100312,45,4.0,20.0,/home/hersco/training_new_domains/2026-08-21/statistical_replication_stage1_policy_eval/20428041_Ev_rover_rover_orig_novh_c.1_s1963100312_SR10P_src20401248_e0045.txt
20428042,20401248,rover,off,1963100312,50,4.0,20.0,/home/hersco/training_new_domains/2026-08-21/statistical_replication_stage1_policy_eval/20428042_Ev_rover_rover_orig_novh_c.1_s1963100312_SR10P_src20401248_e0050.txt
20428043,20401248,rover,off,1963100312,55,4.0,20.0,/home/hersco/training_new_domains/2026-08-21/statistical_replication_stage1_policy_eval/20428043_Ev_rover_rover_orig_novh_c.1_s1963100312_SR10P_src20401248_e0055.txt
20428044,20401248,rover,off,1963100312,60,4.0,20.0,/home/hersco/training_new_domains/2026-08-21/statistical_replication_stage1_policy_eval/20428044_Ev_rover_rover_orig_novh_c.1_s1963100312_SR10P_src20401248_e0060.txt
20428045,20401248,rover,off,1963100312,65,4.0,20.0,/home/hersco/training_new_domains/2026-08-21/statistical_replication_stage1_policy_eval/20428045_Ev_rover_rover_orig_novh_c.1_s1963100312_SR10P_src20401248_e0065.txt
20428046,20401248,rover,off,1963100312,70,4.0,20.0,/home/hersco/training_new_domains/2026-08-21/statistical_replication_stage1_policy_eval/20428046_Ev_rover_rover_orig_novh_c.1_s1963100312_SR10P_src20401248_e0070.txt
20428047,20401248,rover,off,1963100312,75,4.0,20.0,/home/hersco/training_new_domains/2026-08-21/statistical_replication_stage1_policy_eval/20428047_Ev_rover_rover_orig_novh_c.1_s1963100312_SR10P_src20401248_e0075.txt
20428048,20401249,rover,off,2011206605,5,2.0,20.0,/home/hersco/training_new_domains/2026-08-21/statistical_replication_stage1_policy_eval/20428048_Ev_rover_rover_orig_novh_c.1_s2011206605_SR10P_src20401249_e0005.txt
20428051,20401249,rover,off,2011206605,10,3.0,20.0,/home/hersco/training_new_domains/2026-08-21/statistical_replication_stage1_policy_eval/20428051_Ev_rover_rover_orig_novh_c.1_s2011206605_SR10P_src20401249_e0010.txt
20428053,20401249,rover,off,2011206605,15,3.0,20.0,/home/hersco/training_new_domains/2026-08-21/statistical_replication_stage1_policy_eval/20428053_Ev_rover_rover_orig_novh_c.1_s2011206605_SR10P_src20401249_e0015.txt
20428056,20401249,rover,off,2011206605,20,4.0,20.0,/home/hersco/training_new_domains/2026-08-21/statistical_replication_stage1_policy_eval/20428056_Ev_rover_rover_orig_novh_c.1_s2011206605_SR10P_src20401249_e0020.txt
20428058,20401249,rover,off,2011206605,25,3.0,20.0,/home/hersco/training_new_domains/2026-08-21/statistical_replication_stage1_policy_eval/20428058_Ev_rover_rover_orig_novh_c.1_s2011206605_SR10P_src20401249_e0025.txt
20428061,20401249,rover,off,2011206605,30,4.0,20.0,/home/hersco/training_new_domains/2026-08-21/statistical_replication_stage1_policy_eval/20428061_Ev_rover_rover_orig_novh_c.1_s2011206605_SR10P_src20401249_e0030.txt
20428063,20401249,rover,off,2011206605,35,4.0,20.0,/home/hersco/training_new_domains/2026-08-21/statistical_replication_stage1_policy_eval/20428063_Ev_rover_rover_orig_novh_c.1_s2011206605_SR10P_src20401249_e0035.txt
20428065,20401249,rover,off,2011206605,40,3.0,20.0,/home/hersco/training_new_domains/2026-08-21/statistical_replication_stage1_policy_eval/20428065_Ev_rover_rover_orig_novh_c.1_s2011206605_SR10P_src20401249_e0040.txt
20428068,20401249,rover,off,2011206605,45,3.0,20.0,/home/hersco/training_new_domains/2026-08-21/statistical_replication_stage1_policy_eval/20428068_Ev_rover_rover_orig_novh_c.1_s2011206605_SR10P_src20401249_e0045.txt
20428070,20401249,rover,off,2011206605,50,4.0,20.0,/home/hersco/training_new_domains/2026-08-21/statistical_replication_stage1_policy_eval/20428070_Ev_rover_rover_orig_novh_c.1_s2011206605_SR10P_src20401249_e0050.txt
20428073,20401249,rover,off,2011206605,55,4.0,20.0,/home/hersco/training_new_domains/2026-08-21/statistical_replication_stage1_policy_eval/20428073_Ev_rover_rover_orig_novh_c.1_s2011206605_SR10P_src20401249_e0055.txt
20428075,20401249,rover,off,2011206605,60,4.0,20.0,/home/hersco/training_new_domains/2026-08-21/statistical_replication_stage1_policy_eval/20428075_Ev_rover_rover_orig_novh_c.1_s2011206605_SR10P_src20401249_e0060.txt
20428077,20401249,rover,off,2011206605,65,3.0,20.0,/home/hersco/training_new_domains/2026-08-21/statistical_replication_stage1_policy_eval/20428077_Ev_rover_rover_orig_novh_c.1_s2011206605_SR10P_src20401249_e0065.txt
20428080,20401249,rover,off,2011206605,70,4.0,20.0,/home/hersco/training_new_domains/2026-08-21/statistical_replication_stage1_policy_eval/20428080_Ev_rover_rover_orig_novh_c.1_s2011206605_SR10P_src20401249_e0070.txt
20428082,20401249,rover,off,2011206605,75,4.0,20.0,/home/hersco/training_new_domains/2026-08-21/statistical_replication_stage1_policy_eval/20428082_Ev_rover_rover_orig_novh_c.1_s2011206605_SR10P_src20401249_e0075.txt
20428084,20401249,rover,off,2011206605,80,4.0,20.0,/home/hersco/training_new_domains/2026-08-21/statistical_replication_stage1_policy_eval/20428084_Ev_rover_rover_orig_novh_c.1_s2011206605_SR10P_src20401249_e0080.txt
20428087,20401249,rover,off,2011206605,85,4.0,20.0,/home/hersco/training_new_domains/2026-08-21/statistical_replication_stage1_policy_eval/20428087_Ev_rover_rover_orig_novh_c.1_s2011206605_SR10P_src20401249_e0085.txt
20428089,20401249,rover,off,2011206605,90,4.0,20.0,/home/hersco/training_new_domains/2026-08-21/statistical_replication_stage1_policy_eval/20428089_Ev_rover_rover_orig_novh_c.1_s2011206605_SR10P_src20401249_e0090.txt
20428091,20401249,rover,off,2011206605,44,4.0,20.0,/home/hersco/training_new_domains/2026-08-21/statistical_replication_stage1_policy_eval/20428091_Ev_rover_rover_orig_novh_c.1_s2011206605_SR10P_src20401249_e0044.txt
20428094,20401250,rover,off,1073581256,5,3.0,20.0,/home/hersco/training_new_domains/2026-08-21/statistical_replication_stage1_policy_eval/20428094_Ev_rover_rover_orig_novh_c.1_s1073581256_SR10P_src20401250_e0005.txt
20428095,20401250,rover,off,1073581256,10,4.0,20.0,/home/hersco/training_new_domains/2026-08-21/statistical_replication_stage1_policy_eval/20428095_Ev_rover_rover_orig_novh_c.1_s1073581256_SR10P_src20401250_e0010.txt
20428098,20401250,rover,off,1073581256,15,4.0,20.0,/home/hersco/training_new_domains/2026-08-21/statistical_replication_stage1_policy_eval/20428098_Ev_rover_rover_orig_novh_c.1_s1073581256_SR10P_src20401250_e0015.txt
20428100,20401250,rover,off,1073581256,20,4.0,20.0,/home/hersco/training_new_domains/2026-08-21/statistical_replication_stage1_policy_eval/20428100_Ev_rover_rover_orig_novh_c.1_s1073581256_SR10P_src20401250_e0020.txt
20428102,20401250,rover,off,1073581256,25,4.0,20.0,/home/hersco/training_new_domains/2026-08-21/statistical_replication_stage1_policy_eval/20428102_Ev_rover_rover_orig_novh_c.1_s1073581256_SR10P_src20401250_e0025.txt
20428105,20401250,rover,off,1073581256,30,4.0,20.0,/home/hersco/training_new_domains/2026-08-21/statistical_replication_stage1_policy_eval/20428105_Ev_rover_rover_orig_novh_c.1_s1073581256_SR10P_src20401250_e0030.txt
20428107,20401250,rover,off,1073581256,35,4.0,20.0,/home/hersco/training_new_domains/2026-08-21/statistical_replication_stage1_policy_eval/20428107_Ev_rover_rover_orig_novh_c.1_s1073581256_SR10P_src20401250_e0035.txt
20428109,20401250,rover,off,1073581256,40,4.0,20.0,/home/hersco/training_new_domains/2026-08-21/statistical_replication_stage1_policy_eval/20428109_Ev_rover_rover_orig_novh_c.1_s1073581256_SR10P_src20401250_e0040.txt
20428112,20401250,rover,off,1073581256,45,4.0,20.0,/home/hersco/training_new_domains/2026-08-21/statistical_replication_stage1_policy_eval/20428112_Ev_rover_rover_orig_novh_c.1_s1073581256_SR10P_src20401250_e0045.txt
20428114,20401250,rover,off,1073581256,50,4.0,20.0,/home/hersco/training_new_domains/2026-08-21/statistical_replication_stage1_policy_eval/20428114_Ev_rover_rover_orig_novh_c.1_s1073581256_SR10P_src20401250_e0050.txt
20428116,20401250,rover,off,1073581256,55,4.0,20.0,/home/hersco/training_new_domains/2026-08-21/statistical_replication_stage1_policy_eval/20428116_Ev_rover_rover_orig_novh_c.1_s1073581256_SR10P_src20401250_e0055.txt
20428118,20401250,rover,off,1073581256,60,4.0,20.0,/home/hersco/training_new_domains/2026-08-21/statistical_replication_stage1_policy_eval/20428118_Ev_rover_rover_orig_novh_c.1_s1073581256_SR10P_src20401250_e0060.txt
20428121,20401250,rover,off,1073581256,65,4.0,20.0,/home/hersco/training_new_domains/2026-08-21/statistical_replication_stage1_policy_eval/20428121_Ev_rover_rover_orig_novh_c.1_s1073581256_SR10P_src20401250_e0065.txt
20428123,20401250,rover,off,1073581256,70,4.0,20.0,/home/hersco/training_new_domains/2026-08-21/statistical_replication_stage1_policy_eval/20428123_Ev_rover_rover_orig_novh_c.1_s1073581256_SR10P_src20401250_e0070.txt
20428125,20401250,rover,off,1073581256,75,3.0,20.0,/home/hersco/training_new_domains/2026-08-21/statistical_replication_stage1_policy_eval/20428125_Ev_rover_rover_orig_novh_c.1_s1073581256_SR10P_src20401250_e0075.txt
20428128,20401250,rover,off,1073581256,80,4.0,20.0,/home/hersco/training_new_domains/2026-08-21/statistical_replication_stage1_policy_eval/20428128_Ev_rover_rover_orig_novh_c.1_s1073581256_SR10P_src20401250_e0080.txt
20428131,20401250,rover,off,1073581256,85,4.0,20.0,/home/hersco/training_new_domains/2026-08-21/statistical_replication_stage1_policy_eval/20428131_Ev_rover_rover_orig_novh_c.1_s1073581256_SR10P_src20401250_e0085.txt
20428133,20401250,rover,off,1073581256,90,4.0,20.0,/home/hersco/training_new_domains/2026-08-21/statistical_replication_stage1_policy_eval/20428133_Ev_rover_rover_orig_novh_c.1_s1073581256_SR10P_src20401250_e0090.txt
20428136,20401251,rover,off,1239739722,5,0.0,20.0,/home/hersco/training_new_domains/2026-08-21/statistical_replication_stage1_policy_eval/20428136_Ev_rover_rover_orig_novh_c.1_s1239739722_SR10P_src20401251_e0005.txt
20428138,20401251,rover,off,1239739722,10,4.0,20.0,/home/hersco/training_new_domains/2026-08-21/statistical_replication_stage1_policy_eval/20428138_Ev_rover_rover_orig_novh_c.1_s1239739722_SR10P_src20401251_e0010.txt
20428140,20401251,rover,off,1239739722,15,2.0,20.0,/home/hersco/training_new_domains/2026-08-21/statistical_replication_stage1_policy_eval/20428140_Ev_rover_rover_orig_novh_c.1_s1239739722_SR10P_src20401251_e0015.txt
20428142,20401251,rover,off,1239739722,20,3.0,20.0,/home/hersco/training_new_domains/2026-08-21/statistical_replication_stage1_policy_eval/20428142_Ev_rover_rover_orig_novh_c.1_s1239739722_SR10P_src20401251_e0020.txt
20428145,20401251,rover,off,1239739722,25,4.0,20.0,/home/hersco/training_new_domains/2026-08-21/statistical_replication_stage1_policy_eval/20428145_Ev_rover_rover_orig_novh_c.1_s1239739722_SR10P_src20401251_e0025.txt
20428147,20401251,rover,off,1239739722,30,3.0,20.0,/home/hersco/training_new_domains/2026-08-21/statistical_replication_stage1_policy_eval/20428147_Ev_rover_rover_orig_novh_c.1_s1239739722_SR10P_src20401251_e0030.txt
20428149,20401251,rover,off,1239739722,35,4.0,20.0,/home/hersco/training_new_domains/2026-08-21/statistical_replication_stage1_policy_eval/20428149_Ev_rover_rover_orig_novh_c.1_s1239739722_SR10P_src20401251_e0035.txt
20428151,20401251,rover,off,1239739722,40,4.0,20.0,/home/hersco/training_new_domains/2026-08-21/statistical_replication_stage1_policy_eval/20428151_Ev_rover_rover_orig_novh_c.1_s1239739722_SR10P_src20401251_e0040.txt
20428153,20401251,rover,off,1239739722,45,4.0,20.0,/home/hersco/training_new_domains/2026-08-21/statistical_replication_stage1_policy_eval/20428153_Ev_rover_rover_orig_novh_c.1_s1239739722_SR10P_src20401251_e0045.txt
20428156,20401251,rover,off,1239739722,50,4.0,20.0,/home/hersco/training_new_domains/2026-08-21/statistical_replication_stage1_policy_eval/20428156_Ev_rover_rover_orig_novh_c.1_s1239739722_SR10P_src20401251_e0050.txt
20428158,20401251,rover,off,1239739722,55,4.0,20.0,/home/hersco/training_new_domains/2026-08-21/statistical_replication_stage1_policy_eval/20428158_Ev_rover_rover_orig_novh_c.1_s1239739722_SR10P_src20401251_e0055.txt
20428160,20401251,rover,off,1239739722,60,4.0,20.0,/home/hersco/training_new_domains/2026-08-21/statistical_replication_stage1_policy_eval/20428160_Ev_rover_rover_orig_novh_c.1_s1239739722_SR10P_src20401251_e0060.txt
20428354,20401251,rover,off,1239739722,65,4.0,20.0,/home/hersco/training_new_domains/2026-08-21/statistical_replication_stage1_policy_eval/20428354_Ev_rover_rover_orig_novh_c.1_s1239739722_SR10P_src20401251_e0065.txt
20428356,20401251,rover,off,1239739722,70,4.0,20.0,/home/hersco/training_new_domains/2026-08-21/statistical_replication_stage1_policy_eval/20428356_Ev_rover_rover_orig_novh_c.1_s1239739722_SR10P_src20401251_e0070.txt
20428358,20401251,rover,off,1239739722,75,4.0,20.0,/home/hersco/training_new_domains/2026-08-21/statistical_replication_stage1_policy_eval/20428358_Ev_rover_rover_orig_novh_c.1_s1239739722_SR10P_src20401251_e0075.txt
20428361,20401251,rover,off,1239739722,80,4.0,20.0,/home/hersco/training_new_domains/2026-08-21/statistical_replication_stage1_policy_eval/20428361_Ev_rover_rover_orig_novh_c.1_s1239739722_SR10P_src20401251_e0080.txt
20428363,20401251,rover,off,1239739722,85,4.0,20.0,/home/hersco/training_new_domains/2026-08-21/statistical_replication_stage1_policy_eval/20428363_Ev_rover_rover_orig_novh_c.1_s1239739722_SR10P_src20401251_e0085.txt
20428366,20401251,rover,off,1239739722,90,4.0,20.0,/home/hersco/training_new_domains/2026-08-21/statistical_replication_stage1_policy_eval/20428366_Ev_rover_rover_orig_novh_c.1_s1239739722_SR10P_src20401251_e0090.txt
20428368,20401251,rover,off,1239739722,95,4.0,20.0,/home/hersco/training_new_domains/2026-08-21/statistical_replication_stage1_policy_eval/20428368_Ev_rover_rover_orig_novh_c.1_s1239739722_SR10P_src20401251_e0095.txt
20428370,20401251,rover,off,1239739722,100,4.0,20.0,/home/hersco/training_new_domains/2026-08-21/statistical_replication_stage1_policy_eval/20428370_Ev_rover_rover_orig_novh_c.1_s1239739722_SR10P_src20401251_e0100.txt
20428373,20401251,rover,off,1239739722,53,4.0,20.0,/home/hersco/training_new_domains/2026-08-21/statistical_replication_stage1_policy_eval/20428373_Ev_rover_rover_orig_novh_c.1_s1239739722_SR10P_src20401251_e0053.txt
20428375,20401252,rover,off,1472491096,5,2.0,20.0,/home/hersco/training_new_domains/2026-08-21/statistical_replication_stage1_policy_eval/20428375_Ev_rover_rover_orig_novh_c.1_s1472491096_SR10P_src20401252_e0005.txt
20428378,20401252,rover,off,1472491096,10,3.0,20.0,/home/hersco/training_new_domains/2026-08-21/statistical_replication_stage1_policy_eval/20428378_Ev_rover_rover_orig_novh_c.1_s1472491096_SR10P_src20401252_e0010.txt
20428380,20401252,rover,off,1472491096,15,3.0,20.0,/home/hersco/training_new_domains/2026-08-21/statistical_replication_stage1_policy_eval/20428380_Ev_rover_rover_orig_novh_c.1_s1472491096_SR10P_src20401252_e0015.txt
20428382,20401252,rover,off,1472491096,20,4.0,20.0,/home/hersco/training_new_domains/2026-08-21/statistical_replication_stage1_policy_eval/20428382_Ev_rover_rover_orig_novh_c.1_s1472491096_SR10P_src20401252_e0020.txt
20428385,20401252,rover,off,1472491096,25,4.0,20.0,/home/hersco/training_new_domains/2026-08-21/statistical_replication_stage1_policy_eval/20428385_Ev_rover_rover_orig_novh_c.1_s1472491096_SR10P_src20401252_e0025.txt
20428387,20401252,rover,off,1472491096,30,4.0,20.0,/home/hersco/training_new_domains/2026-08-21/statistical_replication_stage1_policy_eval/20428387_Ev_rover_rover_orig_novh_c.1_s1472491096_SR10P_src20401252_e0030.txt
20428390,20401252,rover,off,1472491096,35,4.0,20.0,/home/hersco/training_new_domains/2026-08-21/statistical_replication_stage1_policy_eval/20428390_Ev_rover_rover_orig_novh_c.1_s1472491096_SR10P_src20401252_e0035.txt
20428392,20401252,rover,off,1472491096,40,4.0,20.0,/home/hersco/training_new_domains/2026-08-21/statistical_replication_stage1_policy_eval/20428392_Ev_rover_rover_orig_novh_c.1_s1472491096_SR10P_src20401252_e0040.txt
20428394,20401252,rover,off,1472491096,45,4.0,20.0,/home/hersco/training_new_domains/2026-08-21/statistical_replication_stage1_policy_eval/20428394_Ev_rover_rover_orig_novh_c.1_s1472491096_SR10P_src20401252_e0045.txt
20428397,20401252,rover,off,1472491096,50,4.0,20.0,/home/hersco/training_new_domains/2026-08-21/statistical_replication_stage1_policy_eval/20428397_Ev_rover_rover_orig_novh_c.1_s1472491096_SR10P_src20401252_e0050.txt
20428399,20401252,rover,off,1472491096,55,4.0,20.0,/home/hersco/training_new_domains/2026-08-21/statistical_replication_stage1_policy_eval/20428399_Ev_rover_rover_orig_novh_c.1_s1472491096_SR10P_src20401252_e0055.txt
20428401,20401252,rover,off,1472491096,60,4.0,20.0,/home/hersco/training_new_domains/2026-08-21/statistical_replication_stage1_policy_eval/20428401_Ev_rover_rover_orig_novh_c.1_s1472491096_SR10P_src20401252_e0060.txt
20428404,20401252,rover,off,1472491096,65,4.0,20.0,/home/hersco/training_new_domains/2026-08-21/statistical_replication_stage1_policy_eval/20428404_Ev_rover_rover_orig_novh_c.1_s1472491096_SR10P_src20401252_e0065.txt
20428406,20401252,rover,off,1472491096,70,4.0,20.0,/home/hersco/training_new_domains/2026-08-21/statistical_replication_stage1_policy_eval/20428406_Ev_rover_rover_orig_novh_c.1_s1472491096_SR10P_src20401252_e0070.txt
20428408,20401252,rover,off,1472491096,75,4.0,20.0,/home/hersco/training_new_domains/2026-08-21/statistical_replication_stage1_policy_eval/20428408_Ev_rover_rover_orig_novh_c.1_s1472491096_SR10P_src20401252_e0075.txt
20428411,20401252,rover,off,1472491096,80,4.0,20.0,/home/hersco/training_new_domains/2026-08-21/statistical_replication_stage1_policy_eval/20428411_Ev_rover_rover_orig_novh_c.1_s1472491096_SR10P_src20401252_e0080.txt
20428413,20401252,rover,off,1472491096,85,4.0,20.0,/home/hersco/training_new_domains/2026-08-21/statistical_replication_stage1_policy_eval/20428413_Ev_rover_rover_orig_novh_c.1_s1472491096_SR10P_src20401252_e0085.txt
20428415,20401252,rover,off,1472491096,90,4.0,20.0,/home/hersco/training_new_domains/2026-08-21/statistical_replication_stage1_policy_eval/20428415_Ev_rover_rover_orig_novh_c.1_s1472491096_SR10P_src20401252_e0090.txt
20428418,20401252,rover,off,1472491096,95,4.0,20.0,/home/hersco/training_new_domains/2026-08-21/statistical_replication_stage1_policy_eval/20428418_Ev_rover_rover_orig_novh_c.1_s1472491096_SR10P_src20401252_e0095.txt
20428420,20401252,rover,off,1472491096,100,5.0,20.0,/home/hersco/training_new_domains/2026-08-21/statistical_replication_stage1_policy_eval/20428420_Ev_rover_rover_orig_novh_c.1_s1472491096_SR10P_src20401252_e0100.txt
20428422,20401252,rover,off,1472491096,105,4.0,20.0,/home/hersco/training_new_domains/2026-08-21/statistical_replication_stage1_policy_eval/20428422_Ev_rover_rover_orig_novh_c.1_s1472491096_SR10P_src20401252_e0105.txt
20428425,20401252,rover,off,1472491096,110,4.0,20.0,/home/hersco/training_new_domains/2026-08-21/statistical_replication_stage1_policy_eval/20428425_Ev_rover_rover_orig_novh_c.1_s1472491096_SR10P_src20401252_e0110.txt
20428427,20401252,rover,off,1472491096,64,4.0,20.0,/home/hersco/training_new_domains/2026-08-21/statistical_replication_stage1_policy_eval/20428427_Ev_rover_rover_orig_novh_c.1_s1472491096_SR10P_src20401252_e0064.txt
20428429,20401253,rover,off,534933607,5,2.0,20.0,/home/hersco/training_new_domains/2026-08-21/statistical_replication_stage1_policy_eval/20428429_Ev_rover_rover_orig_novh_c.1_s534933607_SR10P_src20401253_e0005.txt
20428432,20401253,rover,off,534933607,10,4.0,20.0,/home/hersco/training_new_domains/2026-08-21/statistical_replication_stage1_policy_eval/20428432_Ev_rover_rover_orig_novh_c.1_s534933607_SR10P_src20401253_e0010.txt
20428434,20401253,rover,off,534933607,15,4.0,20.0,/home/hersco/training_new_domains/2026-08-21/statistical_replication_stage1_policy_eval/20428434_Ev_rover_rover_orig_novh_c.1_s534933607_SR10P_src20401253_e0015.txt
20428436,20401253,rover,off,534933607,20,4.0,20.0,/home/hersco/training_new_domains/2026-08-21/statistical_replication_stage1_policy_eval/20428436_Ev_rover_rover_orig_novh_c.1_s534933607_SR10P_src20401253_e0020.txt
20428439,20401253,rover,off,534933607,25,4.0,20.0,/home/hersco/training_new_domains/2026-08-21/statistical_replication_stage1_policy_eval/20428439_Ev_rover_rover_orig_novh_c.1_s534933607_SR10P_src20401253_e0025.txt
20428441,20401253,rover,off,534933607,30,4.0,20.0,/home/hersco/training_new_domains/2026-08-21/statistical_replication_stage1_policy_eval/20428441_Ev_rover_rover_orig_novh_c.1_s534933607_SR10P_src20401253_e0030.txt
20428443,20401253,rover,off,534933607,35,4.0,20.0,/home/hersco/training_new_domains/2026-08-21/statistical_replication_stage1_policy_eval/20428443_Ev_rover_rover_orig_novh_c.1_s534933607_SR10P_src20401253_e0035.txt
20428446,20401253,rover,off,534933607,40,4.0,20.0,/home/hersco/training_new_domains/2026-08-21/statistical_replication_stage1_policy_eval/20428446_Ev_rover_rover_orig_novh_c.1_s534933607_SR10P_src20401253_e0040.txt
20428448,20401253,rover,off,534933607,45,4.0,20.0,/home/hersco/training_new_domains/2026-08-21/statistical_replication_stage1_policy_eval/20428448_Ev_rover_rover_orig_novh_c.1_s534933607_SR10P_src20401253_e0045.txt
20428450,20401253,rover,off,534933607,50,4.0,20.0,/home/hersco/training_new_domains/2026-08-21/statistical_replication_stage1_policy_eval/20428450_Ev_rover_rover_orig_novh_c.1_s534933607_SR10P_src20401253_e0050.txt
20428453,20401253,rover,off,534933607,55,4.0,20.0,/home/hersco/training_new_domains/2026-08-21/statistical_replication_stage1_policy_eval/20428453_Ev_rover_rover_orig_novh_c.1_s534933607_SR10P_src20401253_e0055.txt
20428455,20401253,rover,off,534933607,60,4.0,20.0,/home/hersco/training_new_domains/2026-08-21/statistical_replication_stage1_policy_eval/20428455_Ev_rover_rover_orig_novh_c.1_s534933607_SR10P_src20401253_e0060.txt
20428458,20401253,rover,off,534933607,65,4.0,20.0,/home/hersco/training_new_domains/2026-08-21/statistical_replication_stage1_policy_eval/20428458_Ev_rover_rover_orig_novh_c.1_s534933607_SR10P_src20401253_e0065.txt
20428460,20401253,rover,off,534933607,70,4.0,20.0,/home/hersco/training_new_domains/2026-08-21/statistical_replication_stage1_policy_eval/20428460_Ev_rover_rover_orig_novh_c.1_s534933607_SR10P_src20401253_e0070.txt
20428462,20401253,rover,off,534933607,75,4.0,20.0,/home/hersco/training_new_domains/2026-08-21/statistical_replication_stage1_policy_eval/20428462_Ev_rover_rover_orig_novh_c.1_s534933607_SR10P_src20401253_e0075.txt
20428465,20401253,rover,off,534933607,80,4.0,20.0,/home/hersco/training_new_domains/2026-08-21/statistical_replication_stage1_policy_eval/20428465_Ev_rover_rover_orig_novh_c.1_s534933607_SR10P_src20401253_e0080.txt
20428467,20401253,rover,off,534933607,85,4.0,20.0,/home/hersco/training_new_domains/2026-08-21/statistical_replication_stage1_policy_eval/20428467_Ev_rover_rover_orig_novh_c.1_s534933607_SR10P_src20401253_e0085.txt
20428468,20401253,rover,off,534933607,90,4.0,20.0,/home/hersco/training_new_domains/2026-08-21/statistical_replication_stage1_policy_eval/20428468_Ev_rover_rover_orig_novh_c.1_s534933607_SR10P_src20401253_e0090.txt
20428469,20401253,rover,off,534933607,95,4.0,20.0,/home/hersco/training_new_domains/2026-08-21/statistical_replication_stage1_policy_eval/20428469_Ev_rover_rover_orig_novh_c.1_s534933607_SR10P_src20401253_e0095.txt
20428470,20401253,rover,off,534933607,100,4.0,20.0,/home/hersco/training_new_domains/2026-08-21/statistical_replication_stage1_policy_eval/20428470_Ev_rover_rover_orig_novh_c.1_s534933607_SR10P_src20401253_e0100.txt
20428471,20401253,rover,off,534933607,105,4.0,20.0,/home/hersco/training_new_domains/2026-08-21/statistical_replication_stage1_policy_eval/20428471_Ev_rover_rover_orig_novh_c.1_s534933607_SR10P_src20401253_e0105.txt
20428472,20401253,rover,off,534933607,110,4.0,20.0,/home/hersco/training_new_domains/2026-08-21/statistical_replication_stage1_policy_eval/20428472_Ev_rover_rover_orig_novh_c.1_s534933607_SR10P_src20401253_e0110.txt
20428473,20401253,rover,off,534933607,115,4.0,20.0,/home/hersco/training_new_domains/2026-08-21/statistical_replication_stage1_policy_eval/20428473_Ev_rover_rover_orig_novh_c.1_s534933607_SR10P_src20401253_e0115.txt
20428474,20401253,rover,off,534933607,120,4.0,20.0,/home/hersco/training_new_domains/2026-08-21/statistical_replication_stage1_policy_eval/20428474_Ev_rover_rover_orig_novh_c.1_s534933607_SR10P_src20401253_e0120.txt
20428475,20401253,rover,off,534933607,125,4.0,20.0,/home/hersco/training_new_domains/2026-08-21/statistical_replication_stage1_policy_eval/20428475_Ev_rover_rover_orig_novh_c.1_s534933607_SR10P_src20401253_e0125.txt
20428476,20401253,rover,off,534933607,130,4.0,20.0,/home/hersco/training_new_domains/2026-08-21/statistical_replication_stage1_policy_eval/20428476_Ev_rover_rover_orig_novh_c.1_s534933607_SR10P_src20401253_e0130.txt
20428477,20401253,rover,off,534933607,135,4.0,20.0,/home/hersco/training_new_domains/2026-08-21/statistical_replication_stage1_policy_eval/20428477_Ev_rover_rover_orig_novh_c.1_s534933607_SR10P_src20401253_e0135.txt
20428478,20401253,rover,off,534933607,140,4.0,20.0,/home/hersco/training_new_domains/2026-08-21/statistical_replication_stage1_policy_eval/20428478_Ev_rover_rover_orig_novh_c.1_s534933607_SR10P_src20401253_e0140.txt
20428479,20401253,rover,off,534933607,145,4.0,20.0,/home/hersco/training_new_domains/2026-08-21/statistical_replication_stage1_policy_eval/20428479_Ev_rover_rover_orig_novh_c.1_s534933607_SR10P_src20401253_e0145.txt
20428480,20401253,rover,off,534933607,150,5.0,20.0,/home/hersco/training_new_domains/2026-08-21/statistical_replication_stage1_policy_eval/20428480_Ev_rover_rover_orig_novh_c.1_s534933607_SR10P_src20401253_e0150.txt
20428481,20401253,rover,off,534933607,155,4.0,20.0,/home/hersco/training_new_domains/2026-08-21/statistical_replication_stage1_policy_eval/20428481_Ev_rover_rover_orig_novh_c.1_s534933607_SR10P_src20401253_e0155.txt
20428482,20401253,rover,off,534933607,160,4.0,20.0,/home/hersco/training_new_domains/2026-08-21/statistical_replication_stage1_policy_eval/20428482_Ev_rover_rover_orig_novh_c.1_s534933607_SR10P_src20401253_e0160.txt
20428483,20401253,rover,off,534933607,165,4.0,20.0,/home/hersco/training_new_domains/2026-08-21/statistical_replication_stage1_policy_eval/20428483_Ev_rover_rover_orig_novh_c.1_s534933607_SR10P_src20401253_e0165.txt
20428484,20401253,rover,off,534933607,170,4.0,20.0,/home/hersco/training_new_domains/2026-08-21/statistical_replication_stage1_policy_eval/20428484_Ev_rover_rover_orig_novh_c.1_s534933607_SR10P_src20401253_e0170.txt
20428485,20401253,rover,off,534933607,124,4.0,20.0,/home/hersco/training_new_domains/2026-08-21/statistical_replication_stage1_policy_eval/20428485_Ev_rover_rover_orig_novh_c.1_s534933607_SR10P_src20401253_e0124.txt
20428486,20401254,rover,off,2082152039,5,3.0,20.0,/home/hersco/training_new_domains/2026-08-21/statistical_replication_stage1_policy_eval/20428486_Ev_rover_rover_orig_novh_c.1_s2082152039_SR10P_src20401254_e0005.txt
20428487,20401254,rover,off,2082152039,10,3.0,20.0,/home/hersco/training_new_domains/2026-08-21/statistical_replication_stage1_policy_eval/20428487_Ev_rover_rover_orig_novh_c.1_s2082152039_SR10P_src20401254_e0010.txt
20428488,20401254,rover,off,2082152039,15,4.0,20.0,/home/hersco/training_new_domains/2026-08-21/statistical_replication_stage1_policy_eval/20428488_Ev_rover_rover_orig_novh_c.1_s2082152039_SR10P_src20401254_e0015.txt
20428489,20401254,rover,off,2082152039,20,4.0,20.0,/home/hersco/training_new_domains/2026-08-21/statistical_replication_stage1_policy_eval/20428489_Ev_rover_rover_orig_novh_c.1_s2082152039_SR10P_src20401254_e0020.txt
20428490,20401254,rover,off,2082152039,25,3.0,20.0,/home/hersco/training_new_domains/2026-08-21/statistical_replication_stage1_policy_eval/20428490_Ev_rover_rover_orig_novh_c.1_s2082152039_SR10P_src20401254_e0025.txt
20428491,20401254,rover,off,2082152039,30,4.0,20.0,/home/hersco/training_new_domains/2026-08-21/statistical_replication_stage1_policy_eval/20428491_Ev_rover_rover_orig_novh_c.1_s2082152039_SR10P_src20401254_e0030.txt
20428492,20401254,rover,off,2082152039,35,4.0,20.0,/home/hersco/training_new_domains/2026-08-21/statistical_replication_stage1_policy_eval/20428492_Ev_rover_rover_orig_novh_c.1_s2082152039_SR10P_src20401254_e0035.txt
20428493,20401254,rover,off,2082152039,40,4.0,20.0,/home/hersco/training_new_domains/2026-08-21/statistical_replication_stage1_policy_eval/20428493_Ev_rover_rover_orig_novh_c.1_s2082152039_SR10P_src20401254_e0040.txt
20428494,20401254,rover,off,2082152039,45,4.0,20.0,/home/hersco/training_new_domains/2026-08-21/statistical_replication_stage1_policy_eval/20428494_Ev_rover_rover_orig_novh_c.1_s2082152039_SR10P_src20401254_e0045.txt
20428495,20401254,rover,off,2082152039,50,4.0,20.0,/home/hersco/training_new_domains/2026-08-21/statistical_replication_stage1_policy_eval/20428495_Ev_rover_rover_orig_novh_c.1_s2082152039_SR10P_src20401254_e0050.txt
20428496,20401254,rover,off,2082152039,55,4.0,20.0,/home/hersco/training_new_domains/2026-08-21/statistical_replication_stage1_policy_eval/20428496_Ev_rover_rover_orig_novh_c.1_s2082152039_SR10P_src20401254_e0055.txt
20428497,20401254,rover,off,2082152039,60,4.0,20.0,/home/hersco/training_new_domains/2026-08-21/statistical_replication_stage1_policy_eval/20428497_Ev_rover_rover_orig_novh_c.1_s2082152039_SR10P_src20401254_e0060.txt
20428498,20401254,rover,off,2082152039,65,4.0,20.0,/home/hersco/training_new_domains/2026-08-21/statistical_replication_stage1_policy_eval/20428498_Ev_rover_rover_orig_novh_c.1_s2082152039_SR10P_src20401254_e0065.txt
20428499,20401254,rover,off,2082152039,70,4.0,20.0,/home/hersco/training_new_domains/2026-08-21/statistical_replication_stage1_policy_eval/20428499_Ev_rover_rover_orig_novh_c.1_s2082152039_SR10P_src20401254_e0070.txt
20428500,20401254,rover,off,2082152039,21,4.0,20.0,/home/hersco/training_new_domains/2026-08-21/statistical_replication_stage1_policy_eval/20428500_Ev_rover_rover_orig_novh_c.1_s2082152039_SR10P_src20401254_e0021.txt
20428501,20401255,rover,off,1510771779,5,2.0,20.0,/home/hersco/training_new_domains/2026-08-21/statistical_replication_stage1_policy_eval/20428501_Ev_rover_rover_orig_novh_c.1_s1510771779_SR10P_src20401255_e0005.txt
20428502,20401255,rover,off,1510771779,10,4.0,20.0,/home/hersco/training_new_domains/2026-08-21/statistical_replication_stage1_policy_eval/20428502_Ev_rover_rover_orig_novh_c.1_s1510771779_SR10P_src20401255_e0010.txt
20428503,20401255,rover,off,1510771779,15,3.0,20.0,/home/hersco/training_new_domains/2026-08-21/statistical_replication_stage1_policy_eval/20428503_Ev_rover_rover_orig_novh_c.1_s1510771779_SR10P_src20401255_e0015.txt
20428504,20401255,rover,off,1510771779,20,4.0,20.0,/home/hersco/training_new_domains/2026-08-21/statistical_replication_stage1_policy_eval/20428504_Ev_rover_rover_orig_novh_c.1_s1510771779_SR10P_src20401255_e0020.txt
20428505,20401255,rover,off,1510771779,25,4.0,20.0,/home/hersco/training_new_domains/2026-08-21/statistical_replication_stage1_policy_eval/20428505_Ev_rover_rover_orig_novh_c.1_s1510771779_SR10P_src20401255_e0025.txt
20428506,20401255,rover,off,1510771779,30,3.0,20.0,/home/hersco/training_new_domains/2026-08-21/statistical_replication_stage1_policy_eval/20428506_Ev_rover_rover_orig_novh_c.1_s1510771779_SR10P_src20401255_e0030.txt
20428507,20401255,rover,off,1510771779,35,4.0,20.0,/home/hersco/training_new_domains/2026-08-21/statistical_replication_stage1_policy_eval/20428507_Ev_rover_rover_orig_novh_c.1_s1510771779_SR10P_src20401255_e0035.txt
20428508,20401255,rover,off,1510771779,40,4.0,20.0,/home/hersco/training_new_domains/2026-08-21/statistical_replication_stage1_policy_eval/20428508_Ev_rover_rover_orig_novh_c.1_s1510771779_SR10P_src20401255_e0040.txt
20428509,20401255,rover,off,1510771779,45,4.0,20.0,/home/hersco/training_new_domains/2026-08-21/statistical_replication_stage1_policy_eval/20428509_Ev_rover_rover_orig_novh_c.1_s1510771779_SR10P_src20401255_e0045.txt
20428510,20401255,rover,off,1510771779,50,4.0,20.0,/home/hersco/training_new_domains/2026-08-21/statistical_replication_stage1_policy_eval/20428510_Ev_rover_rover_orig_novh_c.1_s1510771779_SR10P_src20401255_e0050.txt
20428511,20401255,rover,off,1510771779,55,4.0,20.0,/home/hersco/training_new_domains/2026-08-21/statistical_replication_stage1_policy_eval/20428511_Ev_rover_rover_orig_novh_c.1_s1510771779_SR10P_src20401255_e0055.txt
20428512,20401255,rover,off,1510771779,60,4.0,20.0,/home/hersco/training_new_domains/2026-08-21/statistical_replication_stage1_policy_eval/20428512_Ev_rover_rover_orig_novh_c.1_s1510771779_SR10P_src20401255_e0060.txt
20428513,20401255,rover,off,1510771779,65,4.0,20.0,/home/hersco/training_new_domains/2026-08-21/statistical_replication_stage1_policy_eval/20428513_Ev_rover_rover_orig_novh_c.1_s1510771779_SR10P_src20401255_e0065.txt
20428514,20401255,rover,off,1510771779,70,4.0,20.0,/home/hersco/training_new_domains/2026-08-21/statistical_replication_stage1_policy_eval/20428514_Ev_rover_rover_orig_novh_c.1_s1510771779_SR10P_src20401255_e0070.txt
20428515,20401255,rover,off,1510771779,75,4.0,20.0,/home/hersco/training_new_domains/2026-08-21/statistical_replication_stage1_policy_eval/20428515_Ev_rover_rover_orig_novh_c.1_s1510771779_SR10P_src20401255_e0075.txt
20428516,20401255,rover,off,1510771779,80,4.0,20.0,/home/hersco/training_new_domains/2026-08-21/statistical_replication_stage1_policy_eval/20428516_Ev_rover_rover_orig_novh_c.1_s1510771779_SR10P_src20401255_e0080.txt
20428517,20401255,rover,off,1510771779,85,4.0,20.0,/home/hersco/training_new_domains/2026-08-21/statistical_replication_stage1_policy_eval/20428517_Ev_rover_rover_orig_novh_c.1_s1510771779_SR10P_src20401255_e0085.txt
20428518,20401255,rover,off,1510771779,90,4.0,20.0,/home/hersco/training_new_domains/2026-08-21/statistical_replication_stage1_policy_eval/20428518_Ev_rover_rover_orig_novh_c.1_s1510771779_SR10P_src20401255_e0090.txt
20428660,20401255,rover,off,1510771779,95,4.0,20.0,/home/hersco/training_new_domains/2026-08-21/statistical_replication_stage1_policy_eval/20428660_Ev_rover_rover_orig_novh_c.1_s1510771779_SR10P_src20401255_e0095.txt
20428661,20401255,rover,off,1510771779,48,4.0,20.0,/home/hersco/training_new_domains/2026-08-21/statistical_replication_stage1_policy_eval/20428661_Ev_rover_rover_orig_novh_c.1_s1510771779_SR10P_src20401255_e0048.txt
20428662,20401256,rover,off,923500475,5,4.0,20.0,/home/hersco/training_new_domains/2026-08-21/statistical_replication_stage1_policy_eval/20428662_Ev_rover_rover_orig_novh_c.1_s923500475_SR10P_src20401256_e0005.txt
20428663,20401256,rover,off,923500475,10,4.0,20.0,/home/hersco/training_new_domains/2026-08-21/statistical_replication_stage1_policy_eval/20428663_Ev_rover_rover_orig_novh_c.1_s923500475_SR10P_src20401256_e0010.txt
20428664,20401256,rover,off,923500475,15,4.0,20.0,/home/hersco/training_new_domains/2026-08-21/statistical_replication_stage1_policy_eval/20428664_Ev_rover_rover_orig_novh_c.1_s923500475_SR10P_src20401256_e0015.txt
20428665,20401256,rover,off,923500475,20,4.0,20.0,/home/hersco/training_new_domains/2026-08-21/statistical_replication_stage1_policy_eval/20428665_Ev_rover_rover_orig_novh_c.1_s923500475_SR10P_src20401256_e0020.txt
20428666,20401256,rover,off,923500475,25,4.0,20.0,/home/hersco/training_new_domains/2026-08-21/statistical_replication_stage1_policy_eval/20428666_Ev_rover_rover_orig_novh_c.1_s923500475_SR10P_src20401256_e0025.txt
20428667,20401256,rover,off,923500475,30,4.0,20.0,/home/hersco/training_new_domains/2026-08-21/statistical_replication_stage1_policy_eval/20428667_Ev_rover_rover_orig_novh_c.1_s923500475_SR10P_src20401256_e0030.txt
20428668,20401256,rover,off,923500475,35,4.0,20.0,/home/hersco/training_new_domains/2026-08-21/statistical_replication_stage1_policy_eval/20428668_Ev_rover_rover_orig_novh_c.1_s923500475_SR10P_src20401256_e0035.txt
20428669,20401256,rover,off,923500475,40,4.0,20.0,/home/hersco/training_new_domains/2026-08-21/statistical_replication_stage1_policy_eval/20428669_Ev_rover_rover_orig_novh_c.1_s923500475_SR10P_src20401256_e0040.txt
20428670,20401256,rover,off,923500475,45,4.0,20.0,/home/hersco/training_new_domains/2026-08-21/statistical_replication_stage1_policy_eval/20428670_Ev_rover_rover_orig_novh_c.1_s923500475_SR10P_src20401256_e0045.txt
20428671,20401256,rover,off,923500475,50,4.0,20.0,/home/hersco/training_new_domains/2026-08-21/statistical_replication_stage1_policy_eval/20428671_Ev_rover_rover_orig_novh_c.1_s923500475_SR10P_src20401256_e0050.txt
20428672,20401256,rover,off,923500475,55,4.0,20.0,/home/hersco/training_new_domains/2026-08-21/statistical_replication_stage1_policy_eval/20428672_Ev_rover_rover_orig_novh_c.1_s923500475_SR10P_src20401256_e0055.txt
20428673,20401256,rover,off,923500475,60,4.0,20.0,/home/hersco/training_new_domains/2026-08-21/statistical_replication_stage1_policy_eval/20428673_Ev_rover_rover_orig_novh_c.1_s923500475_SR10P_src20401256_e0060.txt
20428674,20401256,rover,off,923500475,65,4.0,20.0,/home/hersco/training_new_domains/2026-08-21/statistical_replication_stage1_policy_eval/20428674_Ev_rover_rover_orig_novh_c.1_s923500475_SR10P_src20401256_e0065.txt
20428675,20401256,rover,off,923500475,70,4.0,20.0,/home/hersco/training_new_domains/2026-08-21/statistical_replication_stage1_policy_eval/20428675_Ev_rover_rover_orig_novh_c.1_s923500475_SR10P_src20401256_e0070.txt
20428676,20401258,counters,off,1963100312,5,5.0,59.0,/home/hersco/training_new_domains/2026-08-21/statistical_replication_stage1_policy_eval/20428676_Ev_counters_counters_orig_novh_c.1_s1963100312_SR10P_src20401258_e0005.txt
20428677,20401258,counters,off,1963100312,10,4.0,59.0,/home/hersco/training_new_domains/2026-08-21/statistical_replication_stage1_policy_eval/20428677_Ev_counters_counters_orig_novh_c.1_s1963100312_SR10P_src20401258_e0010.txt
20428678,20401258,counters,off,1963100312,15,5.0,59.0,/home/hersco/training_new_domains/2026-08-21/statistical_replication_stage1_policy_eval/20428678_Ev_counters_counters_orig_novh_c.1_s1963100312_SR10P_src20401258_e0015.txt
20428679,20401258,counters,off,1963100312,20,5.0,59.0,/home/hersco/training_new_domains/2026-08-21/statistical_replication_stage1_policy_eval/20428679_Ev_counters_counters_orig_novh_c.1_s1963100312_SR10P_src20401258_e0020.txt
20428680,20401258,counters,off,1963100312,25,5.0,59.0,/home/hersco/training_new_domains/2026-08-21/statistical_replication_stage1_policy_eval/20428680_Ev_counters_counters_orig_novh_c.1_s1963100312_SR10P_src20401258_e0025.txt
20428681,20401258,counters,off,1963100312,30,2.0,59.0,/home/hersco/training_new_domains/2026-08-21/statistical_replication_stage1_policy_eval/20428681_Ev_counters_counters_orig_novh_c.1_s1963100312_SR10P_src20401258_e0030.txt
20428682,20401258,counters,off,1963100312,35,2.0,59.0,/home/hersco/training_new_domains/2026-08-21/statistical_replication_stage1_policy_eval/20428682_Ev_counters_counters_orig_novh_c.1_s1963100312_SR10P_src20401258_e0035.txt
20428683,20401258,counters,off,1963100312,40,2.0,59.0,/home/hersco/training_new_domains/2026-08-21/statistical_replication_stage1_policy_eval/20428683_Ev_counters_counters_orig_novh_c.1_s1963100312_SR10P_src20401258_e0040.txt
20428684,20401258,counters,off,1963100312,45,2.0,59.0,/home/hersco/training_new_domains/2026-08-21/statistical_replication_stage1_policy_eval/20428684_Ev_counters_counters_orig_novh_c.1_s1963100312_SR10P_src20401258_e0045.txt
20428685,20401258,counters,off,1963100312,50,2.0,59.0,/home/hersco/training_new_domains/2026-08-21/statistical_replication_stage1_policy_eval/20428685_Ev_counters_counters_orig_novh_c.1_s1963100312_SR10P_src20401258_e0050.txt
20428686,20401258,counters,off,1963100312,55,2.0,59.0,/home/hersco/training_new_domains/2026-08-21/statistical_replication_stage1_policy_eval/20428686_Ev_counters_counters_orig_novh_c.1_s1963100312_SR10P_src20401258_e0055.txt
20428687,20401258,counters,off,1963100312,60,2.0,59.0,/home/hersco/training_new_domains/2026-08-21/statistical_replication_stage1_policy_eval/20428687_Ev_counters_counters_orig_novh_c.1_s1963100312_SR10P_src20401258_e0060.txt
20428688,20401258,counters,off,1963100312,65,6.0,59.0,/home/hersco/training_new_domains/2026-08-21/statistical_replication_stage1_policy_eval/20428688_Ev_counters_counters_orig_novh_c.1_s1963100312_SR10P_src20401258_e0065.txt
20428690,20401258,counters,off,1963100312,70,2.0,59.0,/home/hersco/training_new_domains/2026-08-21/statistical_replication_stage1_policy_eval/20428690_Ev_counters_counters_orig_novh_c.1_s1963100312_SR10P_src20401258_e0070.txt
20428691,20401258,counters,off,1963100312,75,21.0,59.0,/home/hersco/training_new_domains/2026-08-21/statistical_replication_stage1_policy_eval/20428691_Ev_counters_counters_orig_novh_c.1_s1963100312_SR10P_src20401258_e0075.txt
20428692,20401258,counters,off,1963100312,80,2.0,59.0,/home/hersco/training_new_domains/2026-08-21/statistical_replication_stage1_policy_eval/20428692_Ev_counters_counters_orig_novh_c.1_s1963100312_SR10P_src20401258_e0080.txt
20428693,20401258,counters,off,1963100312,85,5.0,59.0,/home/hersco/training_new_domains/2026-08-21/statistical_replication_stage1_policy_eval/20428693_Ev_counters_counters_orig_novh_c.1_s1963100312_SR10P_src20401258_e0085.txt
20428694,20401258,counters,off,1963100312,90,23.0,59.0,/home/hersco/training_new_domains/2026-08-21/statistical_replication_stage1_policy_eval/20428694_Ev_counters_counters_orig_novh_c.1_s1963100312_SR10P_src20401258_e0090.txt
20428695,20401258,counters,off,1963100312,95,2.0,59.0,/home/hersco/training_new_domains/2026-08-21/statistical_replication_stage1_policy_eval/20428695_Ev_counters_counters_orig_novh_c.1_s1963100312_SR10P_src20401258_e0095.txt
20428696,20401258,counters,off,1963100312,100,8.0,59.0,/home/hersco/training_new_domains/2026-08-21/statistical_replication_stage1_policy_eval/20428696_Ev_counters_counters_orig_novh_c.1_s1963100312_SR10P_src20401258_e0100.txt
20428697,20401258,counters,off,1963100312,105,19.0,59.0,/home/hersco/training_new_domains/2026-08-21/statistical_replication_stage1_policy_eval/20428697_Ev_counters_counters_orig_novh_c.1_s1963100312_SR10P_src20401258_e0105.txt
20428698,20401258,counters,off,1963100312,110,2.0,59.0,/home/hersco/training_new_domains/2026-08-21/statistical_replication_stage1_policy_eval/20428698_Ev_counters_counters_orig_novh_c.1_s1963100312_SR10P_src20401258_e0110.txt
20428699,20401258,counters,off,1963100312,115,2.0,59.0,/home/hersco/training_new_domains/2026-08-21/statistical_replication_stage1_policy_eval/20428699_Ev_counters_counters_orig_novh_c.1_s1963100312_SR10P_src20401258_e0115.txt
20428700,20401258,counters,off,1963100312,120,17.0,59.0,/home/hersco/training_new_domains/2026-08-21/statistical_replication_stage1_policy_eval/20428700_Ev_counters_counters_orig_novh_c.1_s1963100312_SR10P_src20401258_e0120.txt
20428701,20401258,counters,off,1963100312,125,16.0,59.0,/home/hersco/training_new_domains/2026-08-21/statistical_replication_stage1_policy_eval/20428701_Ev_counters_counters_orig_novh_c.1_s1963100312_SR10P_src20401258_e0125.txt
20428702,20401258,counters,off,1963100312,130,20.0,59.0,/home/hersco/training_new_domains/2026-08-21/statistical_replication_stage1_policy_eval/20428702_Ev_counters_counters_orig_novh_c.1_s1963100312_SR10P_src20401258_e0130.txt
20428703,20401258,counters,off,1963100312,135,18.0,59.0,/home/hersco/training_new_domains/2026-08-21/statistical_replication_stage1_policy_eval/20428703_Ev_counters_counters_orig_novh_c.1_s1963100312_SR10P_src20401258_e0135.txt
20428704,20401258,counters,off,1963100312,140,2.0,59.0,/home/hersco/training_new_domains/2026-08-21/statistical_replication_stage1_policy_eval/20428704_Ev_counters_counters_orig_novh_c.1_s1963100312_SR10P_src20401258_e0140.txt
20428705,20401258,counters,off,1963100312,145,4.0,59.0,/home/hersco/training_new_domains/2026-08-21/statistical_replication_stage1_policy_eval/20428705_Ev_counters_counters_orig_novh_c.1_s1963100312_SR10P_src20401258_e0145.txt
20428707,20401258,counters,off,1963100312,150,12.0,59.0,/home/hersco/training_new_domains/2026-08-21/statistical_replication_stage1_policy_eval/20428707_Ev_counters_counters_orig_novh_c.1_s1963100312_SR10P_src20401258_e0150.txt
20428710,20401258,counters,off,1963100312,101,17.0,59.0,/home/hersco/training_new_domains/2026-08-21/statistical_replication_stage1_policy_eval/20428710_Ev_counters_counters_orig_novh_c.1_s1963100312_SR10P_src20401258_e0101.txt
20428712,20401259,counters,off,2011206605,5,15.0,59.0,/home/hersco/training_new_domains/2026-08-21/statistical_replication_stage1_policy_eval/20428712_Ev_counters_counters_orig_novh_c.1_s2011206605_SR10P_src20401259_e0005.txt
20428714,20401259,counters,off,2011206605,10,17.0,59.0,/home/hersco/training_new_domains/2026-08-21/statistical_replication_stage1_policy_eval/20428714_Ev_counters_counters_orig_novh_c.1_s2011206605_SR10P_src20401259_e0010.txt
20428717,20401259,counters,off,2011206605,15,16.0,59.0,/home/hersco/training_new_domains/2026-08-21/statistical_replication_stage1_policy_eval/20428717_Ev_counters_counters_orig_novh_c.1_s2011206605_SR10P_src20401259_e0015.txt
20428719,20401259,counters,off,2011206605,20,14.0,59.0,/home/hersco/training_new_domains/2026-08-21/statistical_replication_stage1_policy_eval/20428719_Ev_counters_counters_orig_novh_c.1_s2011206605_SR10P_src20401259_e0020.txt
20428722,20401259,counters,off,2011206605,25,13.0,59.0,/home/hersco/training_new_domains/2026-08-21/statistical_replication_stage1_policy_eval/20428722_Ev_counters_counters_orig_novh_c.1_s2011206605_SR10P_src20401259_e0025.txt
20428724,20401259,counters,off,2011206605,30,17.0,59.0,/home/hersco/training_new_domains/2026-08-21/statistical_replication_stage1_policy_eval/20428724_Ev_counters_counters_orig_novh_c.1_s2011206605_SR10P_src20401259_e0030.txt
20428726,20401259,counters,off,2011206605,35,14.0,59.0,/home/hersco/training_new_domains/2026-08-21/statistical_replication_stage1_policy_eval/20428726_Ev_counters_counters_orig_novh_c.1_s2011206605_SR10P_src20401259_e0035.txt
20428729,20401259,counters,off,2011206605,40,15.0,59.0,/home/hersco/training_new_domains/2026-08-21/statistical_replication_stage1_policy_eval/20428729_Ev_counters_counters_orig_novh_c.1_s2011206605_SR10P_src20401259_e0040.txt
20428731,20401259,counters,off,2011206605,45,14.0,59.0,/home/hersco/training_new_domains/2026-08-21/statistical_replication_stage1_policy_eval/20428731_Ev_counters_counters_orig_novh_c.1_s2011206605_SR10P_src20401259_e0045.txt
20428733,20401259,counters,off,2011206605,50,15.0,59.0,/home/hersco/training_new_domains/2026-08-21/statistical_replication_stage1_policy_eval/20428733_Ev_counters_counters_orig_novh_c.1_s2011206605_SR10P_src20401259_e0050.txt
20428735,20401259,counters,off,2011206605,55,14.0,59.0,/home/hersco/training_new_domains/2026-08-21/statistical_replication_stage1_policy_eval/20428735_Ev_counters_counters_orig_novh_c.1_s2011206605_SR10P_src20401259_e0055.txt
20428738,20401259,counters,off,2011206605,60,15.0,59.0,/home/hersco/training_new_domains/2026-08-21/statistical_replication_stage1_policy_eval/20428738_Ev_counters_counters_orig_novh_c.1_s2011206605_SR10P_src20401259_e0060.txt
20428740,20401259,counters,off,2011206605,65,13.0,59.0,/home/hersco/training_new_domains/2026-08-21/statistical_replication_stage1_policy_eval/20428740_Ev_counters_counters_orig_novh_c.1_s2011206605_SR10P_src20401259_e0065.txt
20428742,20401259,counters,off,2011206605,70,16.0,59.0,/home/hersco/training_new_domains/2026-08-21/statistical_replication_stage1_policy_eval/20428742_Ev_counters_counters_orig_novh_c.1_s2011206605_SR10P_src20401259_e0070.txt
20428744,20401259,counters,off,2011206605,75,16.0,59.0,/home/hersco/training_new_domains/2026-08-21/statistical_replication_stage1_policy_eval/20428744_Ev_counters_counters_orig_novh_c.1_s2011206605_SR10P_src20401259_e0075.txt
20428747,20401259,counters,off,2011206605,80,13.0,59.0,/home/hersco/training_new_domains/2026-08-21/statistical_replication_stage1_policy_eval/20428747_Ev_counters_counters_orig_novh_c.1_s2011206605_SR10P_src20401259_e0080.txt
20428749,20401259,counters,off,2011206605,85,18.0,59.0,/home/hersco/training_new_domains/2026-08-21/statistical_replication_stage1_policy_eval/20428749_Ev_counters_counters_orig_novh_c.1_s2011206605_SR10P_src20401259_e0085.txt
20428752,20401259,counters,off,2011206605,37,19.0,59.0,/home/hersco/training_new_domains/2026-08-21/statistical_replication_stage1_policy_eval/20428752_Ev_counters_counters_orig_novh_c.1_s2011206605_SR10P_src20401259_e0037.txt
20428754,20401260,counters,off,1073581256,5,59.0,59.0,/home/hersco/training_new_domains/2026-08-21/statistical_replication_stage1_policy_eval/20428754_Ev_counters_counters_orig_novh_c.1_s1073581256_SR10P_src20401260_e0005.txt
20428756,20401260,counters,off,1073581256,10,59.0,59.0,/home/hersco/training_new_domains/2026-08-21/statistical_replication_stage1_policy_eval/20428756_Ev_counters_counters_orig_novh_c.1_s1073581256_SR10P_src20401260_e0010.txt
20428759,20401260,counters,off,1073581256,15,51.0,59.0,/home/hersco/training_new_domains/2026-08-21/statistical_replication_stage1_policy_eval/20428759_Ev_counters_counters_orig_novh_c.1_s1073581256_SR10P_src20401260_e0015.txt
20428761,20401260,counters,off,1073581256,20,55.0,59.0,/home/hersco/training_new_domains/2026-08-21/statistical_replication_stage1_policy_eval/20428761_Ev_counters_counters_orig_novh_c.1_s1073581256_SR10P_src20401260_e0020.txt
20428763,20401260,counters,off,1073581256,25,59.0,59.0,/home/hersco/training_new_domains/2026-08-21/statistical_replication_stage1_policy_eval/20428763_Ev_counters_counters_orig_novh_c.1_s1073581256_SR10P_src20401260_e0025.txt
20428766,20401260,counters,off,1073581256,30,59.0,59.0,/home/hersco/training_new_domains/2026-08-21/statistical_replication_stage1_policy_eval/20428766_Ev_counters_counters_orig_novh_c.1_s1073581256_SR10P_src20401260_e0030.txt
20428768,20401260,counters,off,1073581256,35,59.0,59.0,/home/hersco/training_new_domains/2026-08-21/statistical_replication_stage1_policy_eval/20428768_Ev_counters_counters_orig_novh_c.1_s1073581256_SR10P_src20401260_e0035.txt
20428770,20401260,counters,off,1073581256,40,59.0,59.0,/home/hersco/training_new_domains/2026-08-21/statistical_replication_stage1_policy_eval/20428770_Ev_counters_counters_orig_novh_c.1_s1073581256_SR10P_src20401260_e0040.txt
20428773,20401260,counters,off,1073581256,45,59.0,59.0,/home/hersco/training_new_domains/2026-08-21/statistical_replication_stage1_policy_eval/20428773_Ev_counters_counters_orig_novh_c.1_s1073581256_SR10P_src20401260_e0045.txt
20428775,20401260,counters,off,1073581256,50,59.0,59.0,/home/hersco/training_new_domains/2026-08-21/statistical_replication_stage1_policy_eval/20428775_Ev_counters_counters_orig_novh_c.1_s1073581256_SR10P_src20401260_e0050.txt
20428778,20401260,counters,off,1073581256,3,59.0,59.0,/home/hersco/training_new_domains/2026-08-21/statistical_replication_stage1_policy_eval/20428778_Ev_counters_counters_orig_novh_c.1_s1073581256_SR10P_src20401260_e0003.txt
20428780,20401261,counters,off,1239739722,5,17.0,59.0,/home/hersco/training_new_domains/2026-08-21/statistical_replication_stage1_policy_eval/20428780_Ev_counters_counters_orig_novh_c.1_s1239739722_SR10P_src20401261_e0005.txt
20428782,20401261,counters,off,1239739722,10,16.0,59.0,/home/hersco/training_new_domains/2026-08-21/statistical_replication_stage1_policy_eval/20428782_Ev_counters_counters_orig_novh_c.1_s1239739722_SR10P_src20401261_e0010.txt
20428784,20401261,counters,off,1239739722,15,17.0,59.0,/home/hersco/training_new_domains/2026-08-21/statistical_replication_stage1_policy_eval/20428784_Ev_counters_counters_orig_novh_c.1_s1239739722_SR10P_src20401261_e0015.txt
20428787,20401261,counters,off,1239739722,20,15.0,59.0,/home/hersco/training_new_domains/2026-08-21/statistical_replication_stage1_policy_eval/20428787_Ev_counters_counters_orig_novh_c.1_s1239739722_SR10P_src20401261_e0020.txt
20428789,20401261,counters,off,1239739722,25,14.0,59.0,/home/hersco/training_new_domains/2026-08-21/statistical_replication_stage1_policy_eval/20428789_Ev_counters_counters_orig_novh_c.1_s1239739722_SR10P_src20401261_e0025.txt
20428791,20401261,counters,off,1239739722,30,18.0,59.0,/home/hersco/training_new_domains/2026-08-21/statistical_replication_stage1_policy_eval/20428791_Ev_counters_counters_orig_novh_c.1_s1239739722_SR10P_src20401261_e0030.txt
20428794,20401261,counters,off,1239739722,35,16.0,59.0,/home/hersco/training_new_domains/2026-08-21/statistical_replication_stage1_policy_eval/20428794_Ev_counters_counters_orig_novh_c.1_s1239739722_SR10P_src20401261_e0035.txt
20428796,20401261,counters,off,1239739722,40,21.0,59.0,/home/hersco/training_new_domains/2026-08-21/statistical_replication_stage1_policy_eval/20428796_Ev_counters_counters_orig_novh_c.1_s1239739722_SR10P_src20401261_e0040.txt
20428798,20401261,counters,off,1239739722,45,19.0,59.0,/home/hersco/training_new_domains/2026-08-21/statistical_replication_stage1_policy_eval/20428798_Ev_counters_counters_orig_novh_c.1_s1239739722_SR10P_src20401261_e0045.txt
20428800,20401261,counters,off,1239739722,50,18.0,59.0,/home/hersco/training_new_domains/2026-08-21/statistical_replication_stage1_policy_eval/20428800_Ev_counters_counters_orig_novh_c.1_s1239739722_SR10P_src20401261_e0050.txt
20428802,20401261,counters,off,1239739722,55,17.0,59.0,/home/hersco/training_new_domains/2026-08-21/statistical_replication_stage1_policy_eval/20428802_Ev_counters_counters_orig_novh_c.1_s1239739722_SR10P_src20401261_e0055.txt
20428804,20401262,counters,off,1472491096,5,59.0,59.0,/home/hersco/training_new_domains/2026-08-21/statistical_replication_stage1_policy_eval/20428804_Ev_counters_counters_orig_novh_c.1_s1472491096_SR10P_src20401262_e0005.txt
20428806,20401262,counters,off,1472491096,10,18.0,59.0,/home/hersco/training_new_domains/2026-08-21/statistical_replication_stage1_policy_eval/20428806_Ev_counters_counters_orig_novh_c.1_s1472491096_SR10P_src20401262_e0010.txt
20428809,20401262,counters,off,1472491096,15,59.0,59.0,/home/hersco/training_new_domains/2026-08-21/statistical_replication_stage1_policy_eval/20428809_Ev_counters_counters_orig_novh_c.1_s1472491096_SR10P_src20401262_e0015.txt
20428811,20401262,counters,off,1472491096,20,38.0,59.0,/home/hersco/training_new_domains/2026-08-21/statistical_replication_stage1_policy_eval/20428811_Ev_counters_counters_orig_novh_c.1_s1472491096_SR10P_src20401262_e0020.txt
20428813,20401262,counters,off,1472491096,25,58.0,59.0,/home/hersco/training_new_domains/2026-08-21/statistical_replication_stage1_policy_eval/20428813_Ev_counters_counters_orig_novh_c.1_s1472491096_SR10P_src20401262_e0025.txt
20428816,20401262,counters,off,1472491096,30,59.0,59.0,/home/hersco/training_new_domains/2026-08-21/statistical_replication_stage1_policy_eval/20428816_Ev_counters_counters_orig_novh_c.1_s1472491096_SR10P_src20401262_e0030.txt
20428818,20401262,counters,off,1472491096,35,37.0,59.0,/home/hersco/training_new_domains/2026-08-21/statistical_replication_stage1_policy_eval/20428818_Ev_counters_counters_orig_novh_c.1_s1472491096_SR10P_src20401262_e0035.txt
20428820,20401262,counters,off,1472491096,40,33.0,59.0,/home/hersco/training_new_domains/2026-08-21/statistical_replication_stage1_policy_eval/20428820_Ev_counters_counters_orig_novh_c.1_s1472491096_SR10P_src20401262_e0040.txt
20428822,20401262,counters,off,1472491096,45,34.0,59.0,/home/hersco/training_new_domains/2026-08-21/statistical_replication_stage1_policy_eval/20428822_Ev_counters_counters_orig_novh_c.1_s1472491096_SR10P_src20401262_e0045.txt
20428825,20401262,counters,off,1472491096,50,39.0,59.0,/home/hersco/training_new_domains/2026-08-21/statistical_replication_stage1_policy_eval/20428825_Ev_counters_counters_orig_novh_c.1_s1472491096_SR10P_src20401262_e0050.txt
20428827,20401262,counters,off,1472491096,55,24.0,59.0,/home/hersco/training_new_domains/2026-08-21/statistical_replication_stage1_policy_eval/20428827_Ev_counters_counters_orig_novh_c.1_s1472491096_SR10P_src20401262_e0055.txt
20428829,20401262,counters,off,1472491096,60,31.0,59.0,/home/hersco/training_new_domains/2026-08-21/statistical_replication_stage1_policy_eval/20428829_Ev_counters_counters_orig_novh_c.1_s1472491096_SR10P_src20401262_e0060.txt
20428831,20401262,counters,off,1472491096,65,20.0,59.0,/home/hersco/training_new_domains/2026-08-21/statistical_replication_stage1_policy_eval/20428831_Ev_counters_counters_orig_novh_c.1_s1472491096_SR10P_src20401262_e0065.txt
20429057,20401262,counters,off,1472491096,70,26.0,59.0,/home/hersco/training_new_domains/2026-08-21/statistical_replication_stage1_policy_eval/20429057_Ev_counters_counters_orig_novh_c.1_s1472491096_SR10P_src20401262_e0070.txt
20429059,20401263,counters,off,534933607,5,17.0,59.0,/home/hersco/training_new_domains/2026-08-21/statistical_replication_stage1_policy_eval/20429059_Ev_counters_counters_orig_novh_c.1_s534933607_SR10P_src20401263_e0005.txt
20429062,20401263,counters,off,534933607,10,24.0,59.0,/home/hersco/training_new_domains/2026-08-21/statistical_replication_stage1_policy_eval/20429062_Ev_counters_counters_orig_novh_c.1_s534933607_SR10P_src20401263_e0010.txt
20429064,20401263,counters,off,534933607,15,20.0,59.0,/home/hersco/training_new_domains/2026-08-21/statistical_replication_stage1_policy_eval/20429064_Ev_counters_counters_orig_novh_c.1_s534933607_SR10P_src20401263_e0015.txt
20429066,20401263,counters,off,534933607,20,15.0,59.0,/home/hersco/training_new_domains/2026-08-21/statistical_replication_stage1_policy_eval/20429066_Ev_counters_counters_orig_novh_c.1_s534933607_SR10P_src20401263_e0020.txt
20429069,20401263,counters,off,534933607,25,2.0,59.0,/home/hersco/training_new_domains/2026-08-21/statistical_replication_stage1_policy_eval/20429069_Ev_counters_counters_orig_novh_c.1_s534933607_SR10P_src20401263_e0025.txt
20429071,20401263,counters,off,534933607,30,2.0,59.0,/home/hersco/training_new_domains/2026-08-21/statistical_replication_stage1_policy_eval/20429071_Ev_counters_counters_orig_novh_c.1_s534933607_SR10P_src20401263_e0030.txt
20429073,20401263,counters,off,534933607,35,8.0,59.0,/home/hersco/training_new_domains/2026-08-21/statistical_replication_stage1_policy_eval/20429073_Ev_counters_counters_orig_novh_c.1_s534933607_SR10P_src20401263_e0035.txt
20429076,20401263,counters,off,534933607,40,9.0,59.0,/home/hersco/training_new_domains/2026-08-21/statistical_replication_stage1_policy_eval/20429076_Ev_counters_counters_orig_novh_c.1_s534933607_SR10P_src20401263_e0040.txt
20429078,20401263,counters,off,534933607,45,7.0,59.0,/home/hersco/training_new_domains/2026-08-21/statistical_replication_stage1_policy_eval/20429078_Ev_counters_counters_orig_novh_c.1_s534933607_SR10P_src20401263_e0045.txt
20429080,20401263,counters,off,534933607,50,20.0,59.0,/home/hersco/training_new_domains/2026-08-21/statistical_replication_stage1_policy_eval/20429080_Ev_counters_counters_orig_novh_c.1_s534933607_SR10P_src20401263_e0050.txt
20429083,20401263,counters,off,534933607,55,6.0,59.0,/home/hersco/training_new_domains/2026-08-21/statistical_replication_stage1_policy_eval/20429083_Ev_counters_counters_orig_novh_c.1_s534933607_SR10P_src20401263_e0055.txt
20429085,20401263,counters,off,534933607,60,36.0,59.0,/home/hersco/training_new_domains/2026-08-21/statistical_replication_stage1_policy_eval/20429085_Ev_counters_counters_orig_novh_c.1_s534933607_SR10P_src20401263_e0060.txt
20429087,20401263,counters,off,534933607,65,19.0,59.0,/home/hersco/training_new_domains/2026-08-21/statistical_replication_stage1_policy_eval/20429087_Ev_counters_counters_orig_novh_c.1_s534933607_SR10P_src20401263_e0065.txt
20429090,20401263,counters,off,534933607,70,32.0,59.0,/home/hersco/training_new_domains/2026-08-21/statistical_replication_stage1_policy_eval/20429090_Ev_counters_counters_orig_novh_c.1_s534933607_SR10P_src20401263_e0070.txt
20429092,20401263,counters,off,534933607,75,4.0,59.0,/home/hersco/training_new_domains/2026-08-21/statistical_replication_stage1_policy_eval/20429092_Ev_counters_counters_orig_novh_c.1_s534933607_SR10P_src20401263_e0075.txt
20429094,20401263,counters,off,534933607,80,18.0,59.0,/home/hersco/training_new_domains/2026-08-21/statistical_replication_stage1_policy_eval/20429094_Ev_counters_counters_orig_novh_c.1_s534933607_SR10P_src20401263_e0080.txt
20429097,20401263,counters,off,534933607,85,5.0,59.0,/home/hersco/training_new_domains/2026-08-21/statistical_replication_stage1_policy_eval/20429097_Ev_counters_counters_orig_novh_c.1_s534933607_SR10P_src20401263_e0085.txt
20429099,20401263,counters,off,534933607,90,2.0,59.0,/home/hersco/training_new_domains/2026-08-21/statistical_replication_stage1_policy_eval/20429099_Ev_counters_counters_orig_novh_c.1_s534933607_SR10P_src20401263_e0090.txt
20429101,20401263,counters,off,534933607,43,59.0,59.0,/home/hersco/training_new_domains/2026-08-21/statistical_replication_stage1_policy_eval/20429101_Ev_counters_counters_orig_novh_c.1_s534933607_SR10P_src20401263_e0043.txt
20429103,20401264,counters,off,2082152039,5,22.0,59.0,/home/hersco/training_new_domains/2026-08-21/statistical_replication_stage1_policy_eval/20429103_Ev_counters_counters_orig_novh_c.1_s2082152039_SR10P_src20401264_e0005.txt
20429105,20401264,counters,off,2082152039,10,36.0,59.0,/home/hersco/training_new_domains/2026-08-21/statistical_replication_stage1_policy_eval/20429105_Ev_counters_counters_orig_novh_c.1_s2082152039_SR10P_src20401264_e0010.txt
20429108,20401264,counters,off,2082152039,15,24.0,59.0,/home/hersco/training_new_domains/2026-08-21/statistical_replication_stage1_policy_eval/20429108_Ev_counters_counters_orig_novh_c.1_s2082152039_SR10P_src20401264_e0015.txt
20429110,20401264,counters,off,2082152039,20,11.0,59.0,/home/hersco/training_new_domains/2026-08-21/statistical_replication_stage1_policy_eval/20429110_Ev_counters_counters_orig_novh_c.1_s2082152039_SR10P_src20401264_e0020.txt
20429112,20401264,counters,off,2082152039,25,11.0,59.0,/home/hersco/training_new_domains/2026-08-21/statistical_replication_stage1_policy_eval/20429112_Ev_counters_counters_orig_novh_c.1_s2082152039_SR10P_src20401264_e0025.txt
20429115,20401264,counters,off,2082152039,30,13.0,59.0,/home/hersco/training_new_domains/2026-08-21/statistical_replication_stage1_policy_eval/20429115_Ev_counters_counters_orig_novh_c.1_s2082152039_SR10P_src20401264_e0030.txt
20429117,20401264,counters,off,2082152039,35,9.0,59.0,/home/hersco/training_new_domains/2026-08-21/statistical_replication_stage1_policy_eval/20429117_Ev_counters_counters_orig_novh_c.1_s2082152039_SR10P_src20401264_e0035.txt
20429119,20401264,counters,off,2082152039,40,10.0,59.0,/home/hersco/training_new_domains/2026-08-21/statistical_replication_stage1_policy_eval/20429119_Ev_counters_counters_orig_novh_c.1_s2082152039_SR10P_src20401264_e0040.txt
20429121,20401264,counters,off,2082152039,45,10.0,59.0,/home/hersco/training_new_domains/2026-08-21/statistical_replication_stage1_policy_eval/20429121_Ev_counters_counters_orig_novh_c.1_s2082152039_SR10P_src20401264_e0045.txt
20429124,20401264,counters,off,2082152039,50,13.0,59.0,/home/hersco/training_new_domains/2026-08-21/statistical_replication_stage1_policy_eval/20429124_Ev_counters_counters_orig_novh_c.1_s2082152039_SR10P_src20401264_e0050.txt
20429126,20401264,counters,off,2082152039,55,12.0,59.0,/home/hersco/training_new_domains/2026-08-21/statistical_replication_stage1_policy_eval/20429126_Ev_counters_counters_orig_novh_c.1_s2082152039_SR10P_src20401264_e0055.txt
20429128,20401264,counters,off,2082152039,60,10.0,59.0,/home/hersco/training_new_domains/2026-08-21/statistical_replication_stage1_policy_eval/20429128_Ev_counters_counters_orig_novh_c.1_s2082152039_SR10P_src20401264_e0060.txt
20429130,20401264,counters,off,2082152039,12,35.0,59.0,/home/hersco/training_new_domains/2026-08-21/statistical_replication_stage1_policy_eval/20429130_Ev_counters_counters_orig_novh_c.1_s2082152039_SR10P_src20401264_e0012.txt
20429133,20401265,counters,off,1510771779,5,16.0,59.0,/home/hersco/training_new_domains/2026-08-21/statistical_replication_stage1_policy_eval/20429133_Ev_counters_counters_orig_novh_c.1_s1510771779_SR10P_src20401265_e0005.txt
20429135,20401265,counters,off,1510771779,10,14.0,59.0,/home/hersco/training_new_domains/2026-08-21/statistical_replication_stage1_policy_eval/20429135_Ev_counters_counters_orig_novh_c.1_s1510771779_SR10P_src20401265_e0010.txt
20429137,20401265,counters,off,1510771779,15,16.0,59.0,/home/hersco/training_new_domains/2026-08-21/statistical_replication_stage1_policy_eval/20429137_Ev_counters_counters_orig_novh_c.1_s1510771779_SR10P_src20401265_e0015.txt
20429140,20401265,counters,off,1510771779,20,14.0,59.0,/home/hersco/training_new_domains/2026-08-21/statistical_replication_stage1_policy_eval/20429140_Ev_counters_counters_orig_novh_c.1_s1510771779_SR10P_src20401265_e0020.txt
20429142,20401265,counters,off,1510771779,25,14.0,59.0,/home/hersco/training_new_domains/2026-08-21/statistical_replication_stage1_policy_eval/20429142_Ev_counters_counters_orig_novh_c.1_s1510771779_SR10P_src20401265_e0025.txt
20429144,20401265,counters,off,1510771779,30,13.0,59.0,/home/hersco/training_new_domains/2026-08-21/statistical_replication_stage1_policy_eval/20429144_Ev_counters_counters_orig_novh_c.1_s1510771779_SR10P_src20401265_e0030.txt
20429147,20401265,counters,off,1510771779,35,10.0,59.0,/home/hersco/training_new_domains/2026-08-21/statistical_replication_stage1_policy_eval/20429147_Ev_counters_counters_orig_novh_c.1_s1510771779_SR10P_src20401265_e0035.txt
20429149,20401265,counters,off,1510771779,40,13.0,59.0,/home/hersco/training_new_domains/2026-08-21/statistical_replication_stage1_policy_eval/20429149_Ev_counters_counters_orig_novh_c.1_s1510771779_SR10P_src20401265_e0040.txt
20429151,20401265,counters,off,1510771779,45,13.0,59.0,/home/hersco/training_new_domains/2026-08-21/statistical_replication_stage1_policy_eval/20429151_Ev_counters_counters_orig_novh_c.1_s1510771779_SR10P_src20401265_e0045.txt
20429154,20401265,counters,off,1510771779,50,14.0,59.0,/home/hersco/training_new_domains/2026-08-21/statistical_replication_stage1_policy_eval/20429154_Ev_counters_counters_orig_novh_c.1_s1510771779_SR10P_src20401265_e0050.txt
20429156,20401265,counters,off,1510771779,1,10.0,59.0,/home/hersco/training_new_domains/2026-08-21/statistical_replication_stage1_policy_eval/20429156_Ev_counters_counters_orig_novh_c.1_s1510771779_SR10P_src20401265_e0001.txt
20429161,20401266,counters,off,923500475,5,2.0,59.0,/home/hersco/training_new_domains/2026-08-21/statistical_replication_stage1_policy_eval/20429161_Ev_counters_counters_orig_novh_c.1_s923500475_SR10P_src20401266_e0005.txt
20429162,20401266,counters,off,923500475,10,47.0,59.0,/home/hersco/training_new_domains/2026-08-21/statistical_replication_stage1_policy_eval/20429162_Ev_counters_counters_orig_novh_c.1_s923500475_SR10P_src20401266_e0010.txt
20429163,20401266,counters,off,923500475,15,59.0,59.0,/home/hersco/training_new_domains/2026-08-21/statistical_replication_stage1_policy_eval/20429163_Ev_counters_counters_orig_novh_c.1_s923500475_SR10P_src20401266_e0015.txt
20429164,20401266,counters,off,923500475,20,59.0,59.0,/home/hersco/training_new_domains/2026-08-21/statistical_replication_stage1_policy_eval/20429164_Ev_counters_counters_orig_novh_c.1_s923500475_SR10P_src20401266_e0020.txt
20429165,20401266,counters,off,923500475,25,59.0,59.0,/home/hersco/training_new_domains/2026-08-21/statistical_replication_stage1_policy_eval/20429165_Ev_counters_counters_orig_novh_c.1_s923500475_SR10P_src20401266_e0025.txt
20429166,20401266,counters,off,923500475,30,59.0,59.0,/home/hersco/training_new_domains/2026-08-21/statistical_replication_stage1_policy_eval/20429166_Ev_counters_counters_orig_novh_c.1_s923500475_SR10P_src20401266_e0030.txt
20429167,20401266,counters,off,923500475,35,59.0,59.0,/home/hersco/training_new_domains/2026-08-21/statistical_replication_stage1_policy_eval/20429167_Ev_counters_counters_orig_novh_c.1_s923500475_SR10P_src20401266_e0035.txt
20429168,20401266,counters,off,923500475,40,59.0,59.0,/home/hersco/training_new_domains/2026-08-21/statistical_replication_stage1_policy_eval/20429168_Ev_counters_counters_orig_novh_c.1_s923500475_SR10P_src20401266_e0040.txt
20429169,20401266,counters,off,923500475,45,56.0,59.0,/home/hersco/training_new_domains/2026-08-21/statistical_replication_stage1_policy_eval/20429169_Ev_counters_counters_orig_novh_c.1_s923500475_SR10P_src20401266_e0045.txt
20429170,20401266,counters,off,923500475,50,35.0,59.0,/home/hersco/training_new_domains/2026-08-21/statistical_replication_stage1_policy_eval/20429170_Ev_counters_counters_orig_novh_c.1_s923500475_SR10P_src20401266_e0050.txt
20429171,20401266,counters,off,923500475,55,49.0,59.0,/home/hersco/training_new_domains/2026-08-21/statistical_replication_stage1_policy_eval/20429171_Ev_counters_counters_orig_novh_c.1_s923500475_SR10P_src20401266_e0055.txt
20429172,20401266,counters,off,923500475,60,38.0,59.0,/home/hersco/training_new_domains/2026-08-21/statistical_replication_stage1_policy_eval/20429172_Ev_counters_counters_orig_novh_c.1_s923500475_SR10P_src20401266_e0060.txt
20429173,20401266,counters,off,923500475,12,59.0,59.0,/home/hersco/training_new_domains/2026-08-21/statistical_replication_stage1_policy_eval/20429173_Ev_counters_counters_orig_novh_c.1_s923500475_SR10P_src20401266_e0012.txt
20429174,20401267,counters,off,1972442430,5,13.0,59.0,/home/hersco/training_new_domains/2026-08-21/statistical_replication_stage1_policy_eval/20429174_Ev_counters_counters_orig_novh_c.1_s1972442430_SR10P_src20401267_e0005.txt
20429175,20401267,counters,off,1972442430,10,12.0,59.0,/home/hersco/training_new_domains/2026-08-21/statistical_replication_stage1_policy_eval/20429175_Ev_counters_counters_orig_novh_c.1_s1972442430_SR10P_src20401267_e0010.txt
20429176,20401267,counters,off,1972442430,15,12.0,59.0,/home/hersco/training_new_domains/2026-08-21/statistical_replication_stage1_policy_eval/20429176_Ev_counters_counters_orig_novh_c.1_s1972442430_SR10P_src20401267_e0015.txt
20429177,20401267,counters,off,1972442430,20,12.0,59.0,/home/hersco/training_new_domains/2026-08-21/statistical_replication_stage1_policy_eval/20429177_Ev_counters_counters_orig_novh_c.1_s1972442430_SR10P_src20401267_e0020.txt
20429178,20401267,counters,off,1972442430,25,13.0,59.0,/home/hersco/training_new_domains/2026-08-21/statistical_replication_stage1_policy_eval/20429178_Ev_counters_counters_orig_novh_c.1_s1972442430_SR10P_src20401267_e0025.txt
20429179,20401267,counters,off,1972442430,30,11.0,59.0,/home/hersco/training_new_domains/2026-08-21/statistical_replication_stage1_policy_eval/20429179_Ev_counters_counters_orig_novh_c.1_s1972442430_SR10P_src20401267_e0030.txt
20429180,20401267,counters,off,1972442430,35,14.0,59.0,/home/hersco/training_new_domains/2026-08-21/statistical_replication_stage1_policy_eval/20429180_Ev_counters_counters_orig_novh_c.1_s1972442430_SR10P_src20401267_e0035.txt
20429181,20401267,counters,off,1972442430,40,11.0,59.0,/home/hersco/training_new_domains/2026-08-21/statistical_replication_stage1_policy_eval/20429181_Ev_counters_counters_orig_novh_c.1_s1972442430_SR10P_src20401267_e0040.txt
20429182,20401267,counters,off,1972442430,45,11.0,59.0,/home/hersco/training_new_domains/2026-08-21/statistical_replication_stage1_policy_eval/20429182_Ev_counters_counters_orig_novh_c.1_s1972442430_SR10P_src20401267_e0045.txt
20429183,20401267,counters,off,1972442430,50,9.0,59.0,/home/hersco/training_new_domains/2026-08-21/statistical_replication_stage1_policy_eval/20429183_Ev_counters_counters_orig_novh_c.1_s1972442430_SR10P_src20401267_e0050.txt
20429184,20401267,counters,off,1972442430,55,11.0,59.0,/home/hersco/training_new_domains/2026-08-21/statistical_replication_stage1_policy_eval/20429184_Ev_counters_counters_orig_novh_c.1_s1972442430_SR10P_src20401267_e0055.txt
20429185,20401267,counters,off,1972442430,60,11.0,59.0,/home/hersco/training_new_domains/2026-08-21/statistical_replication_stage1_policy_eval/20429185_Ev_counters_counters_orig_novh_c.1_s1972442430_SR10P_src20401267_e0060.txt
20429186,20401267,counters,off,1972442430,65,10.0,59.0,/home/hersco/training_new_domains/2026-08-21/statistical_replication_stage1_policy_eval/20429186_Ev_counters_counters_orig_novh_c.1_s1972442430_SR10P_src20401267_e0065.txt
20429187,20401267,counters,off,1972442430,70,12.0,59.0,/home/hersco/training_new_domains/2026-08-21/statistical_replication_stage1_policy_eval/20429187_Ev_counters_counters_orig_novh_c.1_s1972442430_SR10P_src20401267_e0070.txt
20429188,20401267,counters,off,1972442430,75,11.0,59.0,/home/hersco/training_new_domains/2026-08-21/statistical_replication_stage1_policy_eval/20429188_Ev_counters_counters_orig_novh_c.1_s1972442430_SR10P_src20401267_e0075.txt
20429189,20401267,counters,off,1972442430,80,10.0,59.0,/home/hersco/training_new_domains/2026-08-21/statistical_replication_stage1_policy_eval/20429189_Ev_counters_counters_orig_novh_c.1_s1972442430_SR10P_src20401267_e0080.txt
20429190,20401267,counters,off,1972442430,85,10.0,59.0,/home/hersco/training_new_domains/2026-08-21/statistical_replication_stage1_policy_eval/20429190_Ev_counters_counters_orig_novh_c.1_s1972442430_SR10P_src20401267_e0085.txt
20429191,20401267,counters,off,1972442430,90,10.0,59.0,/home/hersco/training_new_domains/2026-08-21/statistical_replication_stage1_policy_eval/20429191_Ev_counters_counters_orig_novh_c.1_s1972442430_SR10P_src20401267_e0090.txt
20429192,20401267,counters,off,1972442430,95,11.0,59.0,/home/hersco/training_new_domains/2026-08-21/statistical_replication_stage1_policy_eval/20429192_Ev_counters_counters_orig_novh_c.1_s1972442430_SR10P_src20401267_e0095.txt
20429193,20401267,counters,off,1972442430,100,10.0,59.0,/home/hersco/training_new_domains/2026-08-21/statistical_replication_stage1_policy_eval/20429193_Ev_counters_counters_orig_novh_c.1_s1972442430_SR10P_src20401267_e0100.txt
20429194,20401267,counters,off,1972442430,53,12.0,59.0,/home/hersco/training_new_domains/2026-08-21/statistical_replication_stage1_policy_eval/20429194_Ev_counters_counters_orig_novh_c.1_s1972442430_SR10P_src20401267_e0053.txt
20429195,20401268,counters,on,1963100312,5,15.0,59.0,/home/hersco/training_new_domains/2026-08-21/statistical_replication_stage1_policy_eval/20429195_Ev_counters_counters_orig_vh_c.1_s1963100312_SR10P_src20401268_e0005.txt
20429196,20401268,counters,on,1963100312,10,16.0,59.0,/home/hersco/training_new_domains/2026-08-21/statistical_replication_stage1_policy_eval/20429196_Ev_counters_counters_orig_vh_c.1_s1963100312_SR10P_src20401268_e0010.txt
20429197,20401268,counters,on,1963100312,15,15.0,59.0,/home/hersco/training_new_domains/2026-08-21/statistical_replication_stage1_policy_eval/20429197_Ev_counters_counters_orig_vh_c.1_s1963100312_SR10P_src20401268_e0015.txt
20429198,20401268,counters,on,1963100312,20,13.0,59.0,/home/hersco/training_new_domains/2026-08-21/statistical_replication_stage1_policy_eval/20429198_Ev_counters_counters_orig_vh_c.1_s1963100312_SR10P_src20401268_e0020.txt
20429199,20401268,counters,on,1963100312,25,3.0,59.0,/home/hersco/training_new_domains/2026-08-21/statistical_replication_stage1_policy_eval/20429199_Ev_counters_counters_orig_vh_c.1_s1963100312_SR10P_src20401268_e0025.txt
20429200,20401268,counters,on,1963100312,30,3.0,59.0,/home/hersco/training_new_domains/2026-08-21/statistical_replication_stage1_policy_eval/20429200_Ev_counters_counters_orig_vh_c.1_s1963100312_SR10P_src20401268_e0030.txt
20429201,20401268,counters,on,1963100312,35,3.0,59.0,/home/hersco/training_new_domains/2026-08-21/statistical_replication_stage1_policy_eval/20429201_Ev_counters_counters_orig_vh_c.1_s1963100312_SR10P_src20401268_e0035.txt
20429202,20401268,counters,on,1963100312,40,4.0,59.0,/home/hersco/training_new_domains/2026-08-21/statistical_replication_stage1_policy_eval/20429202_Ev_counters_counters_orig_vh_c.1_s1963100312_SR10P_src20401268_e0040.txt
20429203,20401268,counters,on,1963100312,45,3.0,59.0,/home/hersco/training_new_domains/2026-08-21/statistical_replication_stage1_policy_eval/20429203_Ev_counters_counters_orig_vh_c.1_s1963100312_SR10P_src20401268_e0045.txt
20429204,20401268,counters,on,1963100312,50,5.0,59.0,/home/hersco/training_new_domains/2026-08-21/statistical_replication_stage1_policy_eval/20429204_Ev_counters_counters_orig_vh_c.1_s1963100312_SR10P_src20401268_e0050.txt
20429205,20401268,counters,on,1963100312,55,4.0,59.0,/home/hersco/training_new_domains/2026-08-21/statistical_replication_stage1_policy_eval/20429205_Ev_counters_counters_orig_vh_c.1_s1963100312_SR10P_src20401268_e0055.txt
20429206,20401268,counters,on,1963100312,60,5.0,59.0,/home/hersco/training_new_domains/2026-08-21/statistical_replication_stage1_policy_eval/20429206_Ev_counters_counters_orig_vh_c.1_s1963100312_SR10P_src20401268_e0060.txt
20429207,20401268,counters,on,1963100312,65,4.0,59.0,/home/hersco/training_new_domains/2026-08-21/statistical_replication_stage1_policy_eval/20429207_Ev_counters_counters_orig_vh_c.1_s1963100312_SR10P_src20401268_e0065.txt
20429208,20401268,counters,on,1963100312,70,9.0,59.0,/home/hersco/training_new_domains/2026-08-21/statistical_replication_stage1_policy_eval/20429208_Ev_counters_counters_orig_vh_c.1_s1963100312_SR10P_src20401268_e0070.txt
20429209,20401268,counters,on,1963100312,75,5.0,59.0,/home/hersco/training_new_domains/2026-08-21/statistical_replication_stage1_policy_eval/20429209_Ev_counters_counters_orig_vh_c.1_s1963100312_SR10P_src20401268_e0075.txt
20429210,20401268,counters,on,1963100312,80,11.0,59.0,/home/hersco/training_new_domains/2026-08-21/statistical_replication_stage1_policy_eval/20429210_Ev_counters_counters_orig_vh_c.1_s1963100312_SR10P_src20401268_e0080.txt
20429211,20401268,counters,on,1963100312,85,8.0,59.0,/home/hersco/training_new_domains/2026-08-21/statistical_replication_stage1_policy_eval/20429211_Ev_counters_counters_orig_vh_c.1_s1963100312_SR10P_src20401268_e0085.txt
20429212,20401268,counters,on,1963100312,90,6.0,59.0,/home/hersco/training_new_domains/2026-08-21/statistical_replication_stage1_policy_eval/20429212_Ev_counters_counters_orig_vh_c.1_s1963100312_SR10P_src20401268_e0090.txt
20429213,20401268,counters,on,1963100312,95,6.0,59.0,/home/hersco/training_new_domains/2026-08-21/statistical_replication_stage1_policy_eval/20429213_Ev_counters_counters_orig_vh_c.1_s1963100312_SR10P_src20401268_e0095.txt
20429214,20401268,counters,on,1963100312,100,6.0,59.0,/home/hersco/training_new_domains/2026-08-21/statistical_replication_stage1_policy_eval/20429214_Ev_counters_counters_orig_vh_c.1_s1963100312_SR10P_src20401268_e0100.txt
20429215,20401268,counters,on,1963100312,105,7.0,59.0,/home/hersco/training_new_domains/2026-08-21/statistical_replication_stage1_policy_eval/20429215_Ev_counters_counters_orig_vh_c.1_s1963100312_SR10P_src20401268_e0105.txt
20429217,20401268,counters,on,1963100312,110,5.0,59.0,/home/hersco/training_new_domains/2026-08-21/statistical_replication_stage1_policy_eval/20429217_Ev_counters_counters_orig_vh_c.1_s1963100312_SR10P_src20401268_e0110.txt
20429458,20401268,counters,on,1963100312,115,6.0,59.0,/home/hersco/training_new_domains/2026-08-21/statistical_replication_stage1_policy_eval/20429458_Ev_counters_counters_orig_vh_c.1_s1963100312_SR10P_src20401268_e0115.txt
20429459,20401268,counters,on,1963100312,120,3.0,59.0,/home/hersco/training_new_domains/2026-08-21/statistical_replication_stage1_policy_eval/20429459_Ev_counters_counters_orig_vh_c.1_s1963100312_SR10P_src20401268_e0120.txt
20429460,20401268,counters,on,1963100312,125,4.0,59.0,/home/hersco/training_new_domains/2026-08-21/statistical_replication_stage1_policy_eval/20429460_Ev_counters_counters_orig_vh_c.1_s1963100312_SR10P_src20401268_e0125.txt
20429461,20401268,counters,on,1963100312,130,8.0,59.0,/home/hersco/training_new_domains/2026-08-21/statistical_replication_stage1_policy_eval/20429461_Ev_counters_counters_orig_vh_c.1_s1963100312_SR10P_src20401268_e0130.txt
20429462,20401268,counters,on,1963100312,135,4.0,59.0,/home/hersco/training_new_domains/2026-08-21/statistical_replication_stage1_policy_eval/20429462_Ev_counters_counters_orig_vh_c.1_s1963100312_SR10P_src20401268_e0135.txt
20429463,20401268,counters,on,1963100312,140,7.0,59.0,/home/hersco/training_new_domains/2026-08-21/statistical_replication_stage1_policy_eval/20429463_Ev_counters_counters_orig_vh_c.1_s1963100312_SR10P_src20401268_e0140.txt
20429464,20401268,counters,on,1963100312,145,6.0,59.0,/home/hersco/training_new_domains/2026-08-21/statistical_replication_stage1_policy_eval/20429464_Ev_counters_counters_orig_vh_c.1_s1963100312_SR10P_src20401268_e0145.txt
20429465,20401268,counters,on,1963100312,150,4.0,59.0,/home/hersco/training_new_domains/2026-08-21/statistical_replication_stage1_policy_eval/20429465_Ev_counters_counters_orig_vh_c.1_s1963100312_SR10P_src20401268_e0150.txt
20429466,20401268,counters,on,1963100312,155,6.0,59.0,/home/hersco/training_new_domains/2026-08-21/statistical_replication_stage1_policy_eval/20429466_Ev_counters_counters_orig_vh_c.1_s1963100312_SR10P_src20401268_e0155.txt
20429467,20401268,counters,on,1963100312,160,10.0,59.0,/home/hersco/training_new_domains/2026-08-21/statistical_replication_stage1_policy_eval/20429467_Ev_counters_counters_orig_vh_c.1_s1963100312_SR10P_src20401268_e0160.txt
20429468,20401268,counters,on,1963100312,165,7.0,59.0,/home/hersco/training_new_domains/2026-08-21/statistical_replication_stage1_policy_eval/20429468_Ev_counters_counters_orig_vh_c.1_s1963100312_SR10P_src20401268_e0165.txt
20429469,20401268,counters,on,1963100312,170,10.0,59.0,/home/hersco/training_new_domains/2026-08-21/statistical_replication_stage1_policy_eval/20429469_Ev_counters_counters_orig_vh_c.1_s1963100312_SR10P_src20401268_e0170.txt
20429470,20401268,counters,on,1963100312,175,4.0,59.0,/home/hersco/training_new_domains/2026-08-21/statistical_replication_stage1_policy_eval/20429470_Ev_counters_counters_orig_vh_c.1_s1963100312_SR10P_src20401268_e0175.txt
20429471,20401268,counters,on,1963100312,180,10.0,59.0,/home/hersco/training_new_domains/2026-08-21/statistical_replication_stage1_policy_eval/20429471_Ev_counters_counters_orig_vh_c.1_s1963100312_SR10P_src20401268_e0180.txt
20429472,20401268,counters,on,1963100312,185,3.0,59.0,/home/hersco/training_new_domains/2026-08-21/statistical_replication_stage1_policy_eval/20429472_Ev_counters_counters_orig_vh_c.1_s1963100312_SR10P_src20401268_e0185.txt
20429473,20401268,counters,on,1963100312,190,6.0,59.0,/home/hersco/training_new_domains/2026-08-21/statistical_replication_stage1_policy_eval/20429473_Ev_counters_counters_orig_vh_c.1_s1963100312_SR10P_src20401268_e0190.txt
20429474,20401268,counters,on,1963100312,195,10.0,59.0,/home/hersco/training_new_domains/2026-08-21/statistical_replication_stage1_policy_eval/20429474_Ev_counters_counters_orig_vh_c.1_s1963100312_SR10P_src20401268_e0195.txt
20429475,20401268,counters,on,1963100312,200,6.0,59.0,/home/hersco/training_new_domains/2026-08-21/statistical_replication_stage1_policy_eval/20429475_Ev_counters_counters_orig_vh_c.1_s1963100312_SR10P_src20401268_e0200.txt
20429476,20401268,counters,on,1963100312,205,4.0,59.0,/home/hersco/training_new_domains/2026-08-21/statistical_replication_stage1_policy_eval/20429476_Ev_counters_counters_orig_vh_c.1_s1963100312_SR10P_src20401268_e0205.txt
20429477,20401268,counters,on,1963100312,210,5.0,59.0,/home/hersco/training_new_domains/2026-08-21/statistical_replication_stage1_policy_eval/20429477_Ev_counters_counters_orig_vh_c.1_s1963100312_SR10P_src20401268_e0210.txt
20429478,20401268,counters,on,1963100312,215,5.0,59.0,/home/hersco/training_new_domains/2026-08-21/statistical_replication_stage1_policy_eval/20429478_Ev_counters_counters_orig_vh_c.1_s1963100312_SR10P_src20401268_e0215.txt
20429479,20401268,counters,on,1963100312,220,4.0,59.0,/home/hersco/training_new_domains/2026-08-21/statistical_replication_stage1_policy_eval/20429479_Ev_counters_counters_orig_vh_c.1_s1963100312_SR10P_src20401268_e0220.txt
20429480,20401268,counters,on,1963100312,225,6.0,59.0,/home/hersco/training_new_domains/2026-08-21/statistical_replication_stage1_policy_eval/20429480_Ev_counters_counters_orig_vh_c.1_s1963100312_SR10P_src20401268_e0225.txt
20429481,20401268,counters,on,1963100312,230,4.0,59.0,/home/hersco/training_new_domains/2026-08-21/statistical_replication_stage1_policy_eval/20429481_Ev_counters_counters_orig_vh_c.1_s1963100312_SR10P_src20401268_e0230.txt
20429482,20401268,counters,on,1963100312,235,5.0,59.0,/home/hersco/training_new_domains/2026-08-21/statistical_replication_stage1_policy_eval/20429482_Ev_counters_counters_orig_vh_c.1_s1963100312_SR10P_src20401268_e0235.txt
20429483,20401268,counters,on,1963100312,240,6.0,59.0,/home/hersco/training_new_domains/2026-08-21/statistical_replication_stage1_policy_eval/20429483_Ev_counters_counters_orig_vh_c.1_s1963100312_SR10P_src20401268_e0240.txt
20429484,20401268,counters,on,1963100312,245,4.0,59.0,/home/hersco/training_new_domains/2026-08-21/statistical_replication_stage1_policy_eval/20429484_Ev_counters_counters_orig_vh_c.1_s1963100312_SR10P_src20401268_e0245.txt
20429485,20401268,counters,on,1963100312,250,7.0,59.0,/home/hersco/training_new_domains/2026-08-21/statistical_replication_stage1_policy_eval/20429485_Ev_counters_counters_orig_vh_c.1_s1963100312_SR10P_src20401268_e0250.txt
20429486,20401268,counters,on,1963100312,204,3.0,59.0,/home/hersco/training_new_domains/2026-08-21/statistical_replication_stage1_policy_eval/20429486_Ev_counters_counters_orig_vh_c.1_s1963100312_SR10P_src20401268_e0204.txt
20429487,20401269,counters,on,2011206605,5,42.0,59.0,/home/hersco/training_new_domains/2026-08-21/statistical_replication_stage1_policy_eval/20429487_Ev_counters_counters_orig_vh_c.1_s2011206605_SR10P_src20401269_e0005.txt
20429488,20401269,counters,on,2011206605,10,17.0,59.0,/home/hersco/training_new_domains/2026-08-21/statistical_replication_stage1_policy_eval/20429488_Ev_counters_counters_orig_vh_c.1_s2011206605_SR10P_src20401269_e0010.txt
20429489,20401269,counters,on,2011206605,15,8.0,59.0,/home/hersco/training_new_domains/2026-08-21/statistical_replication_stage1_policy_eval/20429489_Ev_counters_counters_orig_vh_c.1_s2011206605_SR10P_src20401269_e0015.txt
20429490,20401269,counters,on,2011206605,20,8.0,59.0,/home/hersco/training_new_domains/2026-08-21/statistical_replication_stage1_policy_eval/20429490_Ev_counters_counters_orig_vh_c.1_s2011206605_SR10P_src20401269_e0020.txt
20429491,20401269,counters,on,2011206605,25,7.0,59.0,/home/hersco/training_new_domains/2026-08-21/statistical_replication_stage1_policy_eval/20429491_Ev_counters_counters_orig_vh_c.1_s2011206605_SR10P_src20401269_e0025.txt
20429492,20401269,counters,on,2011206605,30,10.0,59.0,/home/hersco/training_new_domains/2026-08-21/statistical_replication_stage1_policy_eval/20429492_Ev_counters_counters_orig_vh_c.1_s2011206605_SR10P_src20401269_e0030.txt
20429493,20401269,counters,on,2011206605,35,9.0,59.0,/home/hersco/training_new_domains/2026-08-21/statistical_replication_stage1_policy_eval/20429493_Ev_counters_counters_orig_vh_c.1_s2011206605_SR10P_src20401269_e0035.txt
20429494,20401269,counters,on,2011206605,40,10.0,59.0,/home/hersco/training_new_domains/2026-08-21/statistical_replication_stage1_policy_eval/20429494_Ev_counters_counters_orig_vh_c.1_s2011206605_SR10P_src20401269_e0040.txt
20429495,20401269,counters,on,2011206605,45,7.0,59.0,/home/hersco/training_new_domains/2026-08-21/statistical_replication_stage1_policy_eval/20429495_Ev_counters_counters_orig_vh_c.1_s2011206605_SR10P_src20401269_e0045.txt
20429496,20401269,counters,on,2011206605,50,7.0,59.0,/home/hersco/training_new_domains/2026-08-21/statistical_replication_stage1_policy_eval/20429496_Ev_counters_counters_orig_vh_c.1_s2011206605_SR10P_src20401269_e0050.txt
20429497,20401269,counters,on,2011206605,55,9.0,59.0,/home/hersco/training_new_domains/2026-08-21/statistical_replication_stage1_policy_eval/20429497_Ev_counters_counters_orig_vh_c.1_s2011206605_SR10P_src20401269_e0055.txt
20429498,20401269,counters,on,2011206605,9,7.0,59.0,/home/hersco/training_new_domains/2026-08-21/statistical_replication_stage1_policy_eval/20429498_Ev_counters_counters_orig_vh_c.1_s2011206605_SR10P_src20401269_e0009.txt
20429499,20401270,counters,on,1073581256,5,9.0,59.0,/home/hersco/training_new_domains/2026-08-21/statistical_replication_stage1_policy_eval/20429499_Ev_counters_counters_orig_vh_c.1_s1073581256_SR10P_src20401270_e0005.txt
20429500,20401270,counters,on,1073581256,10,13.0,59.0,/home/hersco/training_new_domains/2026-08-21/statistical_replication_stage1_policy_eval/20429500_Ev_counters_counters_orig_vh_c.1_s1073581256_SR10P_src20401270_e0010.txt
20429501,20401270,counters,on,1073581256,15,26.0,59.0,/home/hersco/training_new_domains/2026-08-21/statistical_replication_stage1_policy_eval/20429501_Ev_counters_counters_orig_vh_c.1_s1073581256_SR10P_src20401270_e0015.txt
20429502,20401270,counters,on,1073581256,20,51.0,59.0,/home/hersco/training_new_domains/2026-08-21/statistical_replication_stage1_policy_eval/20429502_Ev_counters_counters_orig_vh_c.1_s1073581256_SR10P_src20401270_e0020.txt
20429503,20401270,counters,on,1073581256,25,59.0,59.0,/home/hersco/training_new_domains/2026-08-21/statistical_replication_stage1_policy_eval/20429503_Ev_counters_counters_orig_vh_c.1_s1073581256_SR10P_src20401270_e0025.txt
20429504,20401270,counters,on,1073581256,30,59.0,59.0,/home/hersco/training_new_domains/2026-08-21/statistical_replication_stage1_policy_eval/20429504_Ev_counters_counters_orig_vh_c.1_s1073581256_SR10P_src20401270_e0030.txt
20429505,20401270,counters,on,1073581256,35,59.0,59.0,/home/hersco/training_new_domains/2026-08-21/statistical_replication_stage1_policy_eval/20429505_Ev_counters_counters_orig_vh_c.1_s1073581256_SR10P_src20401270_e0035.txt
20429506,20401270,counters,on,1073581256,40,59.0,59.0,/home/hersco/training_new_domains/2026-08-21/statistical_replication_stage1_policy_eval/20429506_Ev_counters_counters_orig_vh_c.1_s1073581256_SR10P_src20401270_e0040.txt
20429507,20401270,counters,on,1073581256,45,58.0,59.0,/home/hersco/training_new_domains/2026-08-21/statistical_replication_stage1_policy_eval/20429507_Ev_counters_counters_orig_vh_c.1_s1073581256_SR10P_src20401270_e0045.txt
20429508,20401270,counters,on,1073581256,50,59.0,59.0,/home/hersco/training_new_domains/2026-08-21/statistical_replication_stage1_policy_eval/20429508_Ev_counters_counters_orig_vh_c.1_s1073581256_SR10P_src20401270_e0050.txt
20429509,20401270,counters,on,1073581256,55,55.0,59.0,/home/hersco/training_new_domains/2026-08-21/statistical_replication_stage1_policy_eval/20429509_Ev_counters_counters_orig_vh_c.1_s1073581256_SR10P_src20401270_e0055.txt
20429510,20401270,counters,on,1073581256,60,49.0,59.0,/home/hersco/training_new_domains/2026-08-21/statistical_replication_stage1_policy_eval/20429510_Ev_counters_counters_orig_vh_c.1_s1073581256_SR10P_src20401270_e0060.txt
20429511,20401270,counters,on,1073581256,65,28.0,59.0,/home/hersco/training_new_domains/2026-08-21/statistical_replication_stage1_policy_eval/20429511_Ev_counters_counters_orig_vh_c.1_s1073581256_SR10P_src20401270_e0065.txt
20429512,20401270,counters,on,1073581256,70,48.0,59.0,/home/hersco/training_new_domains/2026-08-21/statistical_replication_stage1_policy_eval/20429512_Ev_counters_counters_orig_vh_c.1_s1073581256_SR10P_src20401270_e0070.txt
20429513,20401270,counters,on,1073581256,75,42.0,59.0,/home/hersco/training_new_domains/2026-08-21/statistical_replication_stage1_policy_eval/20429513_Ev_counters_counters_orig_vh_c.1_s1073581256_SR10P_src20401270_e0075.txt
20429514,20401270,counters,on,1073581256,80,48.0,59.0,/home/hersco/training_new_domains/2026-08-21/statistical_replication_stage1_policy_eval/20429514_Ev_counters_counters_orig_vh_c.1_s1073581256_SR10P_src20401270_e0080.txt
20429516,20401270,counters,on,1073581256,85,20.0,59.0,/home/hersco/training_new_domains/2026-08-21/statistical_replication_stage1_policy_eval/20429516_Ev_counters_counters_orig_vh_c.1_s1073581256_SR10P_src20401270_e0085.txt
20429517,20401270,counters,on,1073581256,90,42.0,59.0,/home/hersco/training_new_domains/2026-08-21/statistical_replication_stage1_policy_eval/20429517_Ev_counters_counters_orig_vh_c.1_s1073581256_SR10P_src20401270_e0090.txt
20429518,20401270,counters,on,1073581256,42,59.0,59.0,/home/hersco/training_new_domains/2026-08-21/statistical_replication_stage1_policy_eval/20429518_Ev_counters_counters_orig_vh_c.1_s1073581256_SR10P_src20401270_e0042.txt
20429520,20401271,counters,on,1239739722,5,2.0,59.0,/home/hersco/training_new_domains/2026-08-21/statistical_replication_stage1_policy_eval/20429520_Ev_counters_counters_orig_vh_c.1_s1239739722_SR10P_src20401271_e0005.txt
20429521,20401271,counters,on,1239739722,10,59.0,59.0,/home/hersco/training_new_domains/2026-08-21/statistical_replication_stage1_policy_eval/20429521_Ev_counters_counters_orig_vh_c.1_s1239739722_SR10P_src20401271_e0010.txt
20429522,20401271,counters,on,1239739722,15,10.0,59.0,/home/hersco/training_new_domains/2026-08-21/statistical_replication_stage1_policy_eval/20429522_Ev_counters_counters_orig_vh_c.1_s1239739722_SR10P_src20401271_e0015.txt
20429523,20401271,counters,on,1239739722,20,10.0,59.0,/home/hersco/training_new_domains/2026-08-21/statistical_replication_stage1_policy_eval/20429523_Ev_counters_counters_orig_vh_c.1_s1239739722_SR10P_src20401271_e0020.txt
20429524,20401271,counters,on,1239739722,25,13.0,59.0,/home/hersco/training_new_domains/2026-08-21/statistical_replication_stage1_policy_eval/20429524_Ev_counters_counters_orig_vh_c.1_s1239739722_SR10P_src20401271_e0025.txt
20429525,20401271,counters,on,1239739722,30,9.0,59.0,/home/hersco/training_new_domains/2026-08-21/statistical_replication_stage1_policy_eval/20429525_Ev_counters_counters_orig_vh_c.1_s1239739722_SR10P_src20401271_e0030.txt
20429526,20401271,counters,on,1239739722,35,3.0,59.0,/home/hersco/training_new_domains/2026-08-21/statistical_replication_stage1_policy_eval/20429526_Ev_counters_counters_orig_vh_c.1_s1239739722_SR10P_src20401271_e0035.txt
20429527,20401271,counters,on,1239739722,40,10.0,59.0,/home/hersco/training_new_domains/2026-08-21/statistical_replication_stage1_policy_eval/20429527_Ev_counters_counters_orig_vh_c.1_s1239739722_SR10P_src20401271_e0040.txt
20429528,20401271,counters,on,1239739722,45,10.0,59.0,/home/hersco/training_new_domains/2026-08-21/statistical_replication_stage1_policy_eval/20429528_Ev_counters_counters_orig_vh_c.1_s1239739722_SR10P_src20401271_e0045.txt
20429529,20401271,counters,on,1239739722,50,3.0,59.0,/home/hersco/training_new_domains/2026-08-21/statistical_replication_stage1_policy_eval/20429529_Ev_counters_counters_orig_vh_c.1_s1239739722_SR10P_src20401271_e0050.txt
20429530,20401271,counters,on,1239739722,55,10.0,59.0,/home/hersco/training_new_domains/2026-08-21/statistical_replication_stage1_policy_eval/20429530_Ev_counters_counters_orig_vh_c.1_s1239739722_SR10P_src20401271_e0055.txt
20429531,20401271,counters,on,1239739722,60,2.0,59.0,/home/hersco/training_new_domains/2026-08-21/statistical_replication_stage1_policy_eval/20429531_Ev_counters_counters_orig_vh_c.1_s1239739722_SR10P_src20401271_e0060.txt
20429532,20401271,counters,on,1239739722,65,10.0,59.0,/home/hersco/training_new_domains/2026-08-21/statistical_replication_stage1_policy_eval/20429532_Ev_counters_counters_orig_vh_c.1_s1239739722_SR10P_src20401271_e0065.txt
20429533,20401271,counters,on,1239739722,70,10.0,59.0,/home/hersco/training_new_domains/2026-08-21/statistical_replication_stage1_policy_eval/20429533_Ev_counters_counters_orig_vh_c.1_s1239739722_SR10P_src20401271_e0070.txt
20429534,20401271,counters,on,1239739722,75,9.0,59.0,/home/hersco/training_new_domains/2026-08-21/statistical_replication_stage1_policy_eval/20429534_Ev_counters_counters_orig_vh_c.1_s1239739722_SR10P_src20401271_e0075.txt
20429535,20401271,counters,on,1239739722,80,8.0,59.0,/home/hersco/training_new_domains/2026-08-21/statistical_replication_stage1_policy_eval/20429535_Ev_counters_counters_orig_vh_c.1_s1239739722_SR10P_src20401271_e0080.txt
20429536,20401271,counters,on,1239739722,85,8.0,59.0,/home/hersco/training_new_domains/2026-08-21/statistical_replication_stage1_policy_eval/20429536_Ev_counters_counters_orig_vh_c.1_s1239739722_SR10P_src20401271_e0085.txt
20429537,20401271,counters,on,1239739722,90,9.0,59.0,/home/hersco/training_new_domains/2026-08-21/statistical_replication_stage1_policy_eval/20429537_Ev_counters_counters_orig_vh_c.1_s1239739722_SR10P_src20401271_e0090.txt
20429538,20401271,counters,on,1239739722,95,8.0,59.0,/home/hersco/training_new_domains/2026-08-21/statistical_replication_stage1_policy_eval/20429538_Ev_counters_counters_orig_vh_c.1_s1239739722_SR10P_src20401271_e0095.txt
20429539,20401271,counters,on,1239739722,100,9.0,59.0,/home/hersco/training_new_domains/2026-08-21/statistical_replication_stage1_policy_eval/20429539_Ev_counters_counters_orig_vh_c.1_s1239739722_SR10P_src20401271_e0100.txt
20429540,20401271,counters,on,1239739722,105,8.0,59.0,/home/hersco/training_new_domains/2026-08-21/statistical_replication_stage1_policy_eval/20429540_Ev_counters_counters_orig_vh_c.1_s1239739722_SR10P_src20401271_e0105.txt
20429541,20401271,counters,on,1239739722,110,9.0,59.0,/home/hersco/training_new_domains/2026-08-21/statistical_replication_stage1_policy_eval/20429541_Ev_counters_counters_orig_vh_c.1_s1239739722_SR10P_src20401271_e0110.txt
20429542,20401271,counters,on,1239739722,115,9.0,59.0,/home/hersco/training_new_domains/2026-08-21/statistical_replication_stage1_policy_eval/20429542_Ev_counters_counters_orig_vh_c.1_s1239739722_SR10P_src20401271_e0115.txt
20429543,20401271,counters,on,1239739722,120,3.0,59.0,/home/hersco/training_new_domains/2026-08-21/statistical_replication_stage1_policy_eval/20429543_Ev_counters_counters_orig_vh_c.1_s1239739722_SR10P_src20401271_e0120.txt
20429544,20401271,counters,on,1239739722,125,9.0,59.0,/home/hersco/training_new_domains/2026-08-21/statistical_replication_stage1_policy_eval/20429544_Ev_counters_counters_orig_vh_c.1_s1239739722_SR10P_src20401271_e0125.txt
20429545,20401271,counters,on,1239739722,130,9.0,59.0,/home/hersco/training_new_domains/2026-08-21/statistical_replication_stage1_policy_eval/20429545_Ev_counters_counters_orig_vh_c.1_s1239739722_SR10P_src20401271_e0130.txt
20429546,20401272,counters,on,1472491096,5,17.0,59.0,/home/hersco/training_new_domains/2026-08-21/statistical_replication_stage1_policy_eval/20429546_Ev_counters_counters_orig_vh_c.1_s1472491096_SR10P_src20401272_e0005.txt
20429547,20401272,counters,on,1472491096,10,13.0,59.0,/home/hersco/training_new_domains/2026-08-21/statistical_replication_stage1_policy_eval/20429547_Ev_counters_counters_orig_vh_c.1_s1472491096_SR10P_src20401272_e0010.txt
20429548,20401272,counters,on,1472491096,15,18.0,59.0,/home/hersco/training_new_domains/2026-08-21/statistical_replication_stage1_policy_eval/20429548_Ev_counters_counters_orig_vh_c.1_s1472491096_SR10P_src20401272_e0015.txt
20429549,20401272,counters,on,1472491096,20,21.0,59.0,/home/hersco/training_new_domains/2026-08-21/statistical_replication_stage1_policy_eval/20429549_Ev_counters_counters_orig_vh_c.1_s1472491096_SR10P_src20401272_e0020.txt
20429550,20401272,counters,on,1472491096,25,22.0,59.0,/home/hersco/training_new_domains/2026-08-21/statistical_replication_stage1_policy_eval/20429550_Ev_counters_counters_orig_vh_c.1_s1472491096_SR10P_src20401272_e0025.txt
20429551,20401272,counters,on,1472491096,30,21.0,59.0,/home/hersco/training_new_domains/2026-08-21/statistical_replication_stage1_policy_eval/20429551_Ev_counters_counters_orig_vh_c.1_s1472491096_SR10P_src20401272_e0030.txt
20429552,20401272,counters,on,1472491096,35,21.0,59.0,/home/hersco/training_new_domains/2026-08-21/statistical_replication_stage1_policy_eval/20429552_Ev_counters_counters_orig_vh_c.1_s1472491096_SR10P_src20401272_e0035.txt
20429553,20401272,counters,on,1472491096,40,18.0,59.0,/home/hersco/training_new_domains/2026-08-21/statistical_replication_stage1_policy_eval/20429553_Ev_counters_counters_orig_vh_c.1_s1472491096_SR10P_src20401272_e0040.txt
20429554,20401272,counters,on,1472491096,45,18.0,59.0,/home/hersco/training_new_domains/2026-08-21/statistical_replication_stage1_policy_eval/20429554_Ev_counters_counters_orig_vh_c.1_s1472491096_SR10P_src20401272_e0045.txt
20429555,20401272,counters,on,1472491096,50,16.0,59.0,/home/hersco/training_new_domains/2026-08-21/statistical_replication_stage1_policy_eval/20429555_Ev_counters_counters_orig_vh_c.1_s1472491096_SR10P_src20401272_e0050.txt
20429556,20401272,counters,on,1472491096,55,18.0,59.0,/home/hersco/training_new_domains/2026-08-21/statistical_replication_stage1_policy_eval/20429556_Ev_counters_counters_orig_vh_c.1_s1472491096_SR10P_src20401272_e0055.txt
20429557,20401272,counters,on,1472491096,60,18.0,59.0,/home/hersco/training_new_domains/2026-08-21/statistical_replication_stage1_policy_eval/20429557_Ev_counters_counters_orig_vh_c.1_s1472491096_SR10P_src20401272_e0060.txt
20429558,20401272,counters,on,1472491096,65,16.0,59.0,/home/hersco/training_new_domains/2026-08-21/statistical_replication_stage1_policy_eval/20429558_Ev_counters_counters_orig_vh_c.1_s1472491096_SR10P_src20401272_e0065.txt
20429559,20401272,counters,on,1472491096,18,20.0,59.0,/home/hersco/training_new_domains/2026-08-21/statistical_replication_stage1_policy_eval/20429559_Ev_counters_counters_orig_vh_c.1_s1472491096_SR10P_src20401272_e0018.txt
20429743,20401273,counters,on,534933607,5,40.0,59.0,/home/hersco/training_new_domains/2026-08-21/statistical_replication_stage1_policy_eval/20429743_Ev_counters_counters_orig_vh_c.1_s534933607_SR10P_src20401273_e0005.txt
20429746,20401273,counters,on,534933607,10,38.0,59.0,/home/hersco/training_new_domains/2026-08-21/statistical_replication_stage1_policy_eval/20429746_Ev_counters_counters_orig_vh_c.1_s534933607_SR10P_src20401273_e0010.txt
20429748,20401273,counters,on,534933607,15,59.0,59.0,/home/hersco/training_new_domains/2026-08-21/statistical_replication_stage1_policy_eval/20429748_Ev_counters_counters_orig_vh_c.1_s534933607_SR10P_src20401273_e0015.txt
20429750,20401273,counters,on,534933607,20,40.0,59.0,/home/hersco/training_new_domains/2026-08-21/statistical_replication_stage1_policy_eval/20429750_Ev_counters_counters_orig_vh_c.1_s534933607_SR10P_src20401273_e0020.txt
20429753,20401273,counters,on,534933607,25,51.0,59.0,/home/hersco/training_new_domains/2026-08-21/statistical_replication_stage1_policy_eval/20429753_Ev_counters_counters_orig_vh_c.1_s534933607_SR10P_src20401273_e0025.txt
20429755,20401273,counters,on,534933607,30,56.0,59.0,/home/hersco/training_new_domains/2026-08-21/statistical_replication_stage1_policy_eval/20429755_Ev_counters_counters_orig_vh_c.1_s534933607_SR10P_src20401273_e0030.txt
20429757,20401273,counters,on,534933607,35,39.0,59.0,/home/hersco/training_new_domains/2026-08-21/statistical_replication_stage1_policy_eval/20429757_Ev_counters_counters_orig_vh_c.1_s534933607_SR10P_src20401273_e0035.txt
20429760,20401273,counters,on,534933607,40,46.0,59.0,/home/hersco/training_new_domains/2026-08-21/statistical_replication_stage1_policy_eval/20429760_Ev_counters_counters_orig_vh_c.1_s534933607_SR10P_src20401273_e0040.txt
20429762,20401273,counters,on,534933607,45,35.0,59.0,/home/hersco/training_new_domains/2026-08-21/statistical_replication_stage1_policy_eval/20429762_Ev_counters_counters_orig_vh_c.1_s534933607_SR10P_src20401273_e0045.txt
20429764,20401273,counters,on,534933607,50,51.0,59.0,/home/hersco/training_new_domains/2026-08-21/statistical_replication_stage1_policy_eval/20429764_Ev_counters_counters_orig_vh_c.1_s534933607_SR10P_src20401273_e0050.txt
20429767,20401273,counters,on,534933607,55,46.0,59.0,/home/hersco/training_new_domains/2026-08-21/statistical_replication_stage1_policy_eval/20429767_Ev_counters_counters_orig_vh_c.1_s534933607_SR10P_src20401273_e0055.txt
20429769,20401273,counters,on,534933607,60,42.0,59.0,/home/hersco/training_new_domains/2026-08-21/statistical_replication_stage1_policy_eval/20429769_Ev_counters_counters_orig_vh_c.1_s534933607_SR10P_src20401273_e0060.txt
20429771,20401273,counters,on,534933607,11,59.0,59.0,/home/hersco/training_new_domains/2026-08-21/statistical_replication_stage1_policy_eval/20429771_Ev_counters_counters_orig_vh_c.1_s534933607_SR10P_src20401273_e0011.txt
20429773,20401274,counters,on,2082152039,5,12.0,59.0,/home/hersco/training_new_domains/2026-08-21/statistical_replication_stage1_policy_eval/20429773_Ev_counters_counters_orig_vh_c.1_s2082152039_SR10P_src20401274_e0005.txt
20429776,20401274,counters,on,2082152039,10,13.0,59.0,/home/hersco/training_new_domains/2026-08-21/statistical_replication_stage1_policy_eval/20429776_Ev_counters_counters_orig_vh_c.1_s2082152039_SR10P_src20401274_e0010.txt
20429778,20401274,counters,on,2082152039,15,11.0,59.0,/home/hersco/training_new_domains/2026-08-21/statistical_replication_stage1_policy_eval/20429778_Ev_counters_counters_orig_vh_c.1_s2082152039_SR10P_src20401274_e0015.txt
20429780,20401274,counters,on,2082152039,20,11.0,59.0,/home/hersco/training_new_domains/2026-08-21/statistical_replication_stage1_policy_eval/20429780_Ev_counters_counters_orig_vh_c.1_s2082152039_SR10P_src20401274_e0020.txt
20429782,20401274,counters,on,2082152039,25,13.0,59.0,/home/hersco/training_new_domains/2026-08-21/statistical_replication_stage1_policy_eval/20429782_Ev_counters_counters_orig_vh_c.1_s2082152039_SR10P_src20401274_e0025.txt
20429784,20401274,counters,on,2082152039,30,11.0,59.0,/home/hersco/training_new_domains/2026-08-21/statistical_replication_stage1_policy_eval/20429784_Ev_counters_counters_orig_vh_c.1_s2082152039_SR10P_src20401274_e0030.txt
20429787,20401274,counters,on,2082152039,35,8.0,59.0,/home/hersco/training_new_domains/2026-08-21/statistical_replication_stage1_policy_eval/20429787_Ev_counters_counters_orig_vh_c.1_s2082152039_SR10P_src20401274_e0035.txt
20429789,20401274,counters,on,2082152039,40,10.0,59.0,/home/hersco/training_new_domains/2026-08-21/statistical_replication_stage1_policy_eval/20429789_Ev_counters_counters_orig_vh_c.1_s2082152039_SR10P_src20401274_e0040.txt
20429791,20401274,counters,on,2082152039,45,11.0,59.0,/home/hersco/training_new_domains/2026-08-21/statistical_replication_stage1_policy_eval/20429791_Ev_counters_counters_orig_vh_c.1_s2082152039_SR10P_src20401274_e0045.txt
20429793,20401274,counters,on,2082152039,50,12.0,59.0,/home/hersco/training_new_domains/2026-08-21/statistical_replication_stage1_policy_eval/20429793_Ev_counters_counters_orig_vh_c.1_s2082152039_SR10P_src20401274_e0050.txt
20429796,20401274,counters,on,2082152039,55,9.0,59.0,/home/hersco/training_new_domains/2026-08-21/statistical_replication_stage1_policy_eval/20429796_Ev_counters_counters_orig_vh_c.1_s2082152039_SR10P_src20401274_e0055.txt
20429798,20401274,counters,on,2082152039,60,11.0,59.0,/home/hersco/training_new_domains/2026-08-21/statistical_replication_stage1_policy_eval/20429798_Ev_counters_counters_orig_vh_c.1_s2082152039_SR10P_src20401274_e0060.txt
20429800,20401274,counters,on,2082152039,65,15.0,59.0,/home/hersco/training_new_domains/2026-08-21/statistical_replication_stage1_policy_eval/20429800_Ev_counters_counters_orig_vh_c.1_s2082152039_SR10P_src20401274_e0065.txt
20429803,20401274,counters,on,2082152039,70,9.0,59.0,/home/hersco/training_new_domains/2026-08-21/statistical_replication_stage1_policy_eval/20429803_Ev_counters_counters_orig_vh_c.1_s2082152039_SR10P_src20401274_e0070.txt
20429805,20401274,counters,on,2082152039,75,10.0,59.0,/home/hersco/training_new_domains/2026-08-21/statistical_replication_stage1_policy_eval/20429805_Ev_counters_counters_orig_vh_c.1_s2082152039_SR10P_src20401274_e0075.txt
20429807,20401274,counters,on,2082152039,80,10.0,59.0,/home/hersco/training_new_domains/2026-08-21/statistical_replication_stage1_policy_eval/20429807_Ev_counters_counters_orig_vh_c.1_s2082152039_SR10P_src20401274_e0080.txt
20429809,20401274,counters,on,2082152039,85,12.0,59.0,/home/hersco/training_new_domains/2026-08-21/statistical_replication_stage1_policy_eval/20429809_Ev_counters_counters_orig_vh_c.1_s2082152039_SR10P_src20401274_e0085.txt
20429812,20401274,counters,on,2082152039,90,10.0,59.0,/home/hersco/training_new_domains/2026-08-21/statistical_replication_stage1_policy_eval/20429812_Ev_counters_counters_orig_vh_c.1_s2082152039_SR10P_src20401274_e0090.txt
20429814,20401274,counters,on,2082152039,95,12.0,59.0,/home/hersco/training_new_domains/2026-08-21/statistical_replication_stage1_policy_eval/20429814_Ev_counters_counters_orig_vh_c.1_s2082152039_SR10P_src20401274_e0095.txt
20429816,20401274,counters,on,2082152039,100,11.0,59.0,/home/hersco/training_new_domains/2026-08-21/statistical_replication_stage1_policy_eval/20429816_Ev_counters_counters_orig_vh_c.1_s2082152039_SR10P_src20401274_e0100.txt
20429818,20401274,counters,on,2082152039,105,10.0,59.0,/home/hersco/training_new_domains/2026-08-21/statistical_replication_stage1_policy_eval/20429818_Ev_counters_counters_orig_vh_c.1_s2082152039_SR10P_src20401274_e0105.txt
20429821,20401274,counters,on,2082152039,110,11.0,59.0,/home/hersco/training_new_domains/2026-08-21/statistical_replication_stage1_policy_eval/20429821_Ev_counters_counters_orig_vh_c.1_s2082152039_SR10P_src20401274_e0110.txt
20429823,20401274,counters,on,2082152039,115,9.0,59.0,/home/hersco/training_new_domains/2026-08-21/statistical_replication_stage1_policy_eval/20429823_Ev_counters_counters_orig_vh_c.1_s2082152039_SR10P_src20401274_e0115.txt
20429825,20401274,counters,on,2082152039,120,9.0,59.0,/home/hersco/training_new_domains/2026-08-21/statistical_replication_stage1_policy_eval/20429825_Ev_counters_counters_orig_vh_c.1_s2082152039_SR10P_src20401274_e0120.txt
20429827,20401274,counters,on,2082152039,125,9.0,59.0,/home/hersco/training_new_domains/2026-08-21/statistical_replication_stage1_policy_eval/20429827_Ev_counters_counters_orig_vh_c.1_s2082152039_SR10P_src20401274_e0125.txt
20429829,20401274,counters,on,2082152039,130,10.0,59.0,/home/hersco/training_new_domains/2026-08-21/statistical_replication_stage1_policy_eval/20429829_Ev_counters_counters_orig_vh_c.1_s2082152039_SR10P_src20401274_e0130.txt
20429832,20401274,counters,on,2082152039,135,12.0,59.0,/home/hersco/training_new_domains/2026-08-21/statistical_replication_stage1_policy_eval/20429832_Ev_counters_counters_orig_vh_c.1_s2082152039_SR10P_src20401274_e0135.txt
20429834,20401274,counters,on,2082152039,140,9.0,59.0,/home/hersco/training_new_domains/2026-08-21/statistical_replication_stage1_policy_eval/20429834_Ev_counters_counters_orig_vh_c.1_s2082152039_SR10P_src20401274_e0140.txt
20429838,20401274,counters,on,2082152039,145,10.0,59.0,/home/hersco/training_new_domains/2026-08-21/statistical_replication_stage1_policy_eval/20429838_Ev_counters_counters_orig_vh_c.1_s2082152039_SR10P_src20401274_e0145.txt
20429840,20401274,counters,on,2082152039,97,9.0,59.0,/home/hersco/training_new_domains/2026-08-21/statistical_replication_stage1_policy_eval/20429840_Ev_counters_counters_orig_vh_c.1_s2082152039_SR10P_src20401274_e0097.txt
20429842,20401275,counters,on,1510771779,5,22.0,59.0,/home/hersco/training_new_domains/2026-08-21/statistical_replication_stage1_policy_eval/20429842_Ev_counters_counters_orig_vh_c.1_s1510771779_SR10P_src20401275_e0005.txt
20429844,20401275,counters,on,1510771779,10,3.0,59.0,/home/hersco/training_new_domains/2026-08-21/statistical_replication_stage1_policy_eval/20429844_Ev_counters_counters_orig_vh_c.1_s1510771779_SR10P_src20401275_e0010.txt
20429847,20401275,counters,on,1510771779,15,10.0,59.0,/home/hersco/training_new_domains/2026-08-21/statistical_replication_stage1_policy_eval/20429847_Ev_counters_counters_orig_vh_c.1_s1510771779_SR10P_src20401275_e0015.txt
20429849,20401275,counters,on,1510771779,20,4.0,59.0,/home/hersco/training_new_domains/2026-08-21/statistical_replication_stage1_policy_eval/20429849_Ev_counters_counters_orig_vh_c.1_s1510771779_SR10P_src20401275_e0020.txt
20429851,20401275,counters,on,1510771779,25,5.0,59.0,/home/hersco/training_new_domains/2026-08-21/statistical_replication_stage1_policy_eval/20429851_Ev_counters_counters_orig_vh_c.1_s1510771779_SR10P_src20401275_e0025.txt
20429853,20401275,counters,on,1510771779,30,8.0,59.0,/home/hersco/training_new_domains/2026-08-21/statistical_replication_stage1_policy_eval/20429853_Ev_counters_counters_orig_vh_c.1_s1510771779_SR10P_src20401275_e0030.txt
20429855,20401275,counters,on,1510771779,35,2.0,59.0,/home/hersco/training_new_domains/2026-08-21/statistical_replication_stage1_policy_eval/20429855_Ev_counters_counters_orig_vh_c.1_s1510771779_SR10P_src20401275_e0035.txt
20429858,20401275,counters,on,1510771779,40,10.0,59.0,/home/hersco/training_new_domains/2026-08-21/statistical_replication_stage1_policy_eval/20429858_Ev_counters_counters_orig_vh_c.1_s1510771779_SR10P_src20401275_e0040.txt
20429860,20401275,counters,on,1510771779,45,6.0,59.0,/home/hersco/training_new_domains/2026-08-21/statistical_replication_stage1_policy_eval/20429860_Ev_counters_counters_orig_vh_c.1_s1510771779_SR10P_src20401275_e0045.txt
20429862,20401275,counters,on,1510771779,50,2.0,59.0,/home/hersco/training_new_domains/2026-08-21/statistical_replication_stage1_policy_eval/20429862_Ev_counters_counters_orig_vh_c.1_s1510771779_SR10P_src20401275_e0050.txt
20429864,20401275,counters,on,1510771779,55,2.0,59.0,/home/hersco/training_new_domains/2026-08-21/statistical_replication_stage1_policy_eval/20429864_Ev_counters_counters_orig_vh_c.1_s1510771779_SR10P_src20401275_e0055.txt
20429865,20401275,counters,on,1510771779,60,5.0,59.0,/home/hersco/training_new_domains/2026-08-21/statistical_replication_stage1_policy_eval/20429865_Ev_counters_counters_orig_vh_c.1_s1510771779_SR10P_src20401275_e0060.txt
20429866,20401275,counters,on,1510771779,65,6.0,59.0,/home/hersco/training_new_domains/2026-08-21/statistical_replication_stage1_policy_eval/20429866_Ev_counters_counters_orig_vh_c.1_s1510771779_SR10P_src20401275_e0065.txt
20429867,20401275,counters,on,1510771779,70,7.0,59.0,/home/hersco/training_new_domains/2026-08-21/statistical_replication_stage1_policy_eval/20429867_Ev_counters_counters_orig_vh_c.1_s1510771779_SR10P_src20401275_e0070.txt
20429868,20401275,counters,on,1510771779,75,8.0,59.0,/home/hersco/training_new_domains/2026-08-21/statistical_replication_stage1_policy_eval/20429868_Ev_counters_counters_orig_vh_c.1_s1510771779_SR10P_src20401275_e0075.txt
20429869,20401275,counters,on,1510771779,80,5.0,59.0,/home/hersco/training_new_domains/2026-08-21/statistical_replication_stage1_policy_eval/20429869_Ev_counters_counters_orig_vh_c.1_s1510771779_SR10P_src20401275_e0080.txt
20429870,20401275,counters,on,1510771779,85,6.0,59.0,/home/hersco/training_new_domains/2026-08-21/statistical_replication_stage1_policy_eval/20429870_Ev_counters_counters_orig_vh_c.1_s1510771779_SR10P_src20401275_e0085.txt
20429871,20401275,counters,on,1510771779,90,3.0,59.0,/home/hersco/training_new_domains/2026-08-21/statistical_replication_stage1_policy_eval/20429871_Ev_counters_counters_orig_vh_c.1_s1510771779_SR10P_src20401275_e0090.txt
20429872,20401275,counters,on,1510771779,41,3.0,59.0,/home/hersco/training_new_domains/2026-08-21/statistical_replication_stage1_policy_eval/20429872_Ev_counters_counters_orig_vh_c.1_s1510771779_SR10P_src20401275_e0041.txt
20429873,20401276,counters,on,923500475,5,21.0,59.0,/home/hersco/training_new_domains/2026-08-21/statistical_replication_stage1_policy_eval/20429873_Ev_counters_counters_orig_vh_c.1_s923500475_SR10P_src20401276_e0005.txt
20429874,20401276,counters,on,923500475,10,19.0,59.0,/home/hersco/training_new_domains/2026-08-21/statistical_replication_stage1_policy_eval/20429874_Ev_counters_counters_orig_vh_c.1_s923500475_SR10P_src20401276_e0010.txt
20429875,20401276,counters,on,923500475,15,16.0,59.0,/home/hersco/training_new_domains/2026-08-21/statistical_replication_stage1_policy_eval/20429875_Ev_counters_counters_orig_vh_c.1_s923500475_SR10P_src20401276_e0015.txt
20429876,20401276,counters,on,923500475,20,17.0,59.0,/home/hersco/training_new_domains/2026-08-21/statistical_replication_stage1_policy_eval/20429876_Ev_counters_counters_orig_vh_c.1_s923500475_SR10P_src20401276_e0020.txt
20429877,20401276,counters,on,923500475,25,23.0,59.0,/home/hersco/training_new_domains/2026-08-21/statistical_replication_stage1_policy_eval/20429877_Ev_counters_counters_orig_vh_c.1_s923500475_SR10P_src20401276_e0025.txt
20429878,20401276,counters,on,923500475,30,18.0,59.0,/home/hersco/training_new_domains/2026-08-21/statistical_replication_stage1_policy_eval/20429878_Ev_counters_counters_orig_vh_c.1_s923500475_SR10P_src20401276_e0030.txt
20429879,20401276,counters,on,923500475,35,21.0,59.0,/home/hersco/training_new_domains/2026-08-21/statistical_replication_stage1_policy_eval/20429879_Ev_counters_counters_orig_vh_c.1_s923500475_SR10P_src20401276_e0035.txt
20429880,20401276,counters,on,923500475,40,20.0,59.0,/home/hersco/training_new_domains/2026-08-21/statistical_replication_stage1_policy_eval/20429880_Ev_counters_counters_orig_vh_c.1_s923500475_SR10P_src20401276_e0040.txt
20429881,20401276,counters,on,923500475,45,13.0,59.0,/home/hersco/training_new_domains/2026-08-21/statistical_replication_stage1_policy_eval/20429881_Ev_counters_counters_orig_vh_c.1_s923500475_SR10P_src20401276_e0045.txt
20429882,20401276,counters,on,923500475,50,25.0,59.0,/home/hersco/training_new_domains/2026-08-21/statistical_replication_stage1_policy_eval/20429882_Ev_counters_counters_orig_vh_c.1_s923500475_SR10P_src20401276_e0050.txt
20429883,20401276,counters,on,923500475,2,3.0,59.0,/home/hersco/training_new_domains/2026-08-21/statistical_replication_stage1_policy_eval/20429883_Ev_counters_counters_orig_vh_c.1_s923500475_SR10P_src20401276_e0002.txt
20429884,20401277,counters,on,1972442430,5,19.0,59.0,/home/hersco/training_new_domains/2026-08-21/statistical_replication_stage1_policy_eval/20429884_Ev_counters_counters_orig_vh_c.1_s1972442430_SR10P_src20401277_e0005.txt
20429885,20401277,counters,on,1972442430,10,10.0,59.0,/home/hersco/training_new_domains/2026-08-21/statistical_replication_stage1_policy_eval/20429885_Ev_counters_counters_orig_vh_c.1_s1972442430_SR10P_src20401277_e0010.txt
20429886,20401277,counters,on,1972442430,15,11.0,59.0,/home/hersco/training_new_domains/2026-08-21/statistical_replication_stage1_policy_eval/20429886_Ev_counters_counters_orig_vh_c.1_s1972442430_SR10P_src20401277_e0015.txt
20429887,20401277,counters,on,1972442430,20,13.0,59.0,/home/hersco/training_new_domains/2026-08-21/statistical_replication_stage1_policy_eval/20429887_Ev_counters_counters_orig_vh_c.1_s1972442430_SR10P_src20401277_e0020.txt
20429888,20401277,counters,on,1972442430,25,13.0,59.0,/home/hersco/training_new_domains/2026-08-21/statistical_replication_stage1_policy_eval/20429888_Ev_counters_counters_orig_vh_c.1_s1972442430_SR10P_src20401277_e0025.txt
20429889,20401277,counters,on,1972442430,30,13.0,59.0,/home/hersco/training_new_domains/2026-08-21/statistical_replication_stage1_policy_eval/20429889_Ev_counters_counters_orig_vh_c.1_s1972442430_SR10P_src20401277_e0030.txt
20429890,20401277,counters,on,1972442430,35,11.0,59.0,/home/hersco/training_new_domains/2026-08-21/statistical_replication_stage1_policy_eval/20429890_Ev_counters_counters_orig_vh_c.1_s1972442430_SR10P_src20401277_e0035.txt
20429891,20401277,counters,on,1972442430,40,13.0,59.0,/home/hersco/training_new_domains/2026-08-21/statistical_replication_stage1_policy_eval/20429891_Ev_counters_counters_orig_vh_c.1_s1972442430_SR10P_src20401277_e0040.txt
20429892,20401277,counters,on,1972442430,45,13.0,59.0,/home/hersco/training_new_domains/2026-08-21/statistical_replication_stage1_policy_eval/20429892_Ev_counters_counters_orig_vh_c.1_s1972442430_SR10P_src20401277_e0045.txt
20429893,20401277,counters,on,1972442430,50,12.0,59.0,/home/hersco/training_new_domains/2026-08-21/statistical_replication_stage1_policy_eval/20429893_Ev_counters_counters_orig_vh_c.1_s1972442430_SR10P_src20401277_e0050.txt
20429894,20401277,counters,on,1972442430,1,15.0,59.0,/home/hersco/training_new_domains/2026-08-21/statistical_replication_stage1_policy_eval/20429894_Ev_counters_counters_orig_vh_c.1_s1972442430_SR10P_src20401277_e0001.txt
20431777,20401199,drone,on,1073581256,5,4.0,20.0,/home/hersco/training_new_domains/2026-08-21/statistical_replication_stage1_policy_eval/20431777_Ev_drone_drone_orig_vh_c.1_s1073581256_SR10P_src20401199_e0005.txt
20431779,20401199,drone,on,1073581256,10,3.0,20.0,/home/hersco/training_new_domains/2026-08-21/statistical_replication_stage1_policy_eval/20431779_Ev_drone_drone_orig_vh_c.1_s1073581256_SR10P_src20401199_e0010.txt
20431781,20401199,drone,on,1073581256,15,3.0,20.0,/home/hersco/training_new_domains/2026-08-21/statistical_replication_stage1_policy_eval/20431781_Ev_drone_drone_orig_vh_c.1_s1073581256_SR10P_src20401199_e0015.txt
20431783,20401199,drone,on,1073581256,20,3.0,20.0,/home/hersco/training_new_domains/2026-08-21/statistical_replication_stage1_policy_eval/20431783_Ev_drone_drone_orig_vh_c.1_s1073581256_SR10P_src20401199_e0020.txt
20431784,20401199,drone,on,1073581256,25,3.0,20.0,/home/hersco/training_new_domains/2026-08-21/statistical_replication_stage1_policy_eval/20431784_Ev_drone_drone_orig_vh_c.1_s1073581256_SR10P_src20401199_e0025.txt
20431786,20401199,drone,on,1073581256,30,6.0,20.0,/home/hersco/training_new_domains/2026-08-21/statistical_replication_stage1_policy_eval/20431786_Ev_drone_drone_orig_vh_c.1_s1073581256_SR10P_src20401199_e0030.txt
20431788,20401199,drone,on,1073581256,35,4.0,20.0,/home/hersco/training_new_domains/2026-08-21/statistical_replication_stage1_policy_eval/20431788_Ev_drone_drone_orig_vh_c.1_s1073581256_SR10P_src20401199_e0035.txt
20431790,20401199,drone,on,1073581256,40,7.0,20.0,/home/hersco/training_new_domains/2026-08-21/statistical_replication_stage1_policy_eval/20431790_Ev_drone_drone_orig_vh_c.1_s1073581256_SR10P_src20401199_e0040.txt
20431792,20401199,drone,on,1073581256,45,3.0,20.0,/home/hersco/training_new_domains/2026-08-21/statistical_replication_stage1_policy_eval/20431792_Ev_drone_drone_orig_vh_c.1_s1073581256_SR10P_src20401199_e0045.txt
20431793,20401199,drone,on,1073581256,50,7.0,20.0,/home/hersco/training_new_domains/2026-08-21/statistical_replication_stage1_policy_eval/20431793_Ev_drone_drone_orig_vh_c.1_s1073581256_SR10P_src20401199_e0050.txt
20431795,20401199,drone,on,1073581256,55,6.0,20.0,/home/hersco/training_new_domains/2026-08-21/statistical_replication_stage1_policy_eval/20431795_Ev_drone_drone_orig_vh_c.1_s1073581256_SR10P_src20401199_e0055.txt
20431797,20401199,drone,on,1073581256,60,7.0,20.0,/home/hersco/training_new_domains/2026-08-21/statistical_replication_stage1_policy_eval/20431797_Ev_drone_drone_orig_vh_c.1_s1073581256_SR10P_src20401199_e0060.txt
20431799,20401199,drone,on,1073581256,65,7.0,20.0,/home/hersco/training_new_domains/2026-08-21/statistical_replication_stage1_policy_eval/20431799_Ev_drone_drone_orig_vh_c.1_s1073581256_SR10P_src20401199_e0065.txt
20431801,20401199,drone,on,1073581256,70,6.0,20.0,/home/hersco/training_new_domains/2026-08-21/statistical_replication_stage1_policy_eval/20431801_Ev_drone_drone_orig_vh_c.1_s1073581256_SR10P_src20401199_e0070.txt
20431802,20401199,drone,on,1073581256,75,7.0,20.0,/home/hersco/training_new_domains/2026-08-21/statistical_replication_stage1_policy_eval/20431802_Ev_drone_drone_orig_vh_c.1_s1073581256_SR10P_src20401199_e0075.txt
20431804,20401199,drone,on,1073581256,80,7.0,20.0,/home/hersco/training_new_domains/2026-08-21/statistical_replication_stage1_policy_eval/20431804_Ev_drone_drone_orig_vh_c.1_s1073581256_SR10P_src20401199_e0080.txt
20431806,20401199,drone,on,1073581256,85,8.0,20.0,/home/hersco/training_new_domains/2026-08-21/statistical_replication_stage1_policy_eval/20431806_Ev_drone_drone_orig_vh_c.1_s1073581256_SR10P_src20401199_e0085.txt
20431808,20401199,drone,on,1073581256,90,8.0,20.0,/home/hersco/training_new_domains/2026-08-21/statistical_replication_stage1_policy_eval/20431808_Ev_drone_drone_orig_vh_c.1_s1073581256_SR10P_src20401199_e0090.txt
20431810,20401199,drone,on,1073581256,95,7.0,20.0,/home/hersco/training_new_domains/2026-08-21/statistical_replication_stage1_policy_eval/20431810_Ev_drone_drone_orig_vh_c.1_s1073581256_SR10P_src20401199_e0095.txt
20431811,20401199,drone,on,1073581256,100,7.0,20.0,/home/hersco/training_new_domains/2026-08-21/statistical_replication_stage1_policy_eval/20431811_Ev_drone_drone_orig_vh_c.1_s1073581256_SR10P_src20401199_e0100.txt
20431813,20401199,drone,on,1073581256,105,6.0,20.0,/home/hersco/training_new_domains/2026-08-21/statistical_replication_stage1_policy_eval/20431813_Ev_drone_drone_orig_vh_c.1_s1073581256_SR10P_src20401199_e0105.txt
20431815,20401199,drone,on,1073581256,110,7.0,20.0,/home/hersco/training_new_domains/2026-08-21/statistical_replication_stage1_policy_eval/20431815_Ev_drone_drone_orig_vh_c.1_s1073581256_SR10P_src20401199_e0110.txt
20431817,20401199,drone,on,1073581256,115,8.0,20.0,/home/hersco/training_new_domains/2026-08-21/statistical_replication_stage1_policy_eval/20431817_Ev_drone_drone_orig_vh_c.1_s1073581256_SR10P_src20401199_e0115.txt
20431819,20401199,drone,on,1073581256,120,10.0,20.0,/home/hersco/training_new_domains/2026-08-21/statistical_replication_stage1_policy_eval/20431819_Ev_drone_drone_orig_vh_c.1_s1073581256_SR10P_src20401199_e0120.txt
20431820,20401199,drone,on,1073581256,125,5.0,20.0,/home/hersco/training_new_domains/2026-08-21/statistical_replication_stage1_policy_eval/20431820_Ev_drone_drone_orig_vh_c.1_s1073581256_SR10P_src20401199_e0125.txt
20431822,20401199,drone,on,1073581256,130,9.0,20.0,/home/hersco/training_new_domains/2026-08-21/statistical_replication_stage1_policy_eval/20431822_Ev_drone_drone_orig_vh_c.1_s1073581256_SR10P_src20401199_e0130.txt
20431824,20401199,drone,on,1073581256,135,7.0,20.0,/home/hersco/training_new_domains/2026-08-21/statistical_replication_stage1_policy_eval/20431824_Ev_drone_drone_orig_vh_c.1_s1073581256_SR10P_src20401199_e0135.txt
20431826,20401199,drone,on,1073581256,140,5.0,20.0,/home/hersco/training_new_domains/2026-08-21/statistical_replication_stage1_policy_eval/20431826_Ev_drone_drone_orig_vh_c.1_s1073581256_SR10P_src20401199_e0140.txt
20431828,20401199,drone,on,1073581256,145,6.0,20.0,/home/hersco/training_new_domains/2026-08-21/statistical_replication_stage1_policy_eval/20431828_Ev_drone_drone_orig_vh_c.1_s1073581256_SR10P_src20401199_e0145.txt
20431829,20401199,drone,on,1073581256,150,10.0,20.0,/home/hersco/training_new_domains/2026-08-21/statistical_replication_stage1_policy_eval/20431829_Ev_drone_drone_orig_vh_c.1_s1073581256_SR10P_src20401199_e0150.txt
20431831,20401199,drone,on,1073581256,155,9.0,20.0,/home/hersco/training_new_domains/2026-08-21/statistical_replication_stage1_policy_eval/20431831_Ev_drone_drone_orig_vh_c.1_s1073581256_SR10P_src20401199_e0155.txt
20431833,20401199,drone,on,1073581256,160,11.0,20.0,/home/hersco/training_new_domains/2026-08-21/statistical_replication_stage1_policy_eval/20431833_Ev_drone_drone_orig_vh_c.1_s1073581256_SR10P_src20401199_e0160.txt
20431835,20401199,drone,on,1073581256,165,6.0,20.0,/home/hersco/training_new_domains/2026-08-21/statistical_replication_stage1_policy_eval/20431835_Ev_drone_drone_orig_vh_c.1_s1073581256_SR10P_src20401199_e0165.txt
20431837,20401199,drone,on,1073581256,118,7.0,20.0,/home/hersco/training_new_domains/2026-08-21/statistical_replication_stage1_policy_eval/20431837_Ev_drone_drone_orig_vh_c.1_s1073581256_SR10P_src20401199_e0118.txt
20450611,20401202,drone,on,534933607,5,3.0,20.0,/home/hersco/training_new_domains/2026-08-21/statistical_replication_stage1_policy_eval/20450611_Ev_drone_drone_orig_vh_c.1_s534933607_SR10P_src20401202_e0005.txt
20450612,20401202,drone,on,534933607,10,4.0,20.0,/home/hersco/training_new_domains/2026-08-21/statistical_replication_stage1_policy_eval/20450612_Ev_drone_drone_orig_vh_c.1_s534933607_SR10P_src20401202_e0010.txt
20450613,20401202,drone,on,534933607,15,3.0,20.0,/home/hersco/training_new_domains/2026-08-21/statistical_replication_stage1_policy_eval/20450613_Ev_drone_drone_orig_vh_c.1_s534933607_SR10P_src20401202_e0015.txt
20450614,20401202,drone,on,534933607,20,3.0,20.0,/home/hersco/training_new_domains/2026-08-21/statistical_replication_stage1_policy_eval/20450614_Ev_drone_drone_orig_vh_c.1_s534933607_SR10P_src20401202_e0020.txt
20450615,20401202,drone,on,534933607,25,9.0,20.0,/home/hersco/training_new_domains/2026-08-21/statistical_replication_stage1_policy_eval/20450615_Ev_drone_drone_orig_vh_c.1_s534933607_SR10P_src20401202_e0025.txt
20450616,20401202,drone,on,534933607,30,5.0,20.0,/home/hersco/training_new_domains/2026-08-21/statistical_replication_stage1_policy_eval/20450616_Ev_drone_drone_orig_vh_c.1_s534933607_SR10P_src20401202_e0030.txt
20450617,20401202,drone,on,534933607,35,7.0,20.0,/home/hersco/training_new_domains/2026-08-21/statistical_replication_stage1_policy_eval/20450617_Ev_drone_drone_orig_vh_c.1_s534933607_SR10P_src20401202_e0035.txt
20450618,20401202,drone,on,534933607,40,4.0,20.0,/home/hersco/training_new_domains/2026-08-21/statistical_replication_stage1_policy_eval/20450618_Ev_drone_drone_orig_vh_c.1_s534933607_SR10P_src20401202_e0040.txt
20450620,20401202,drone,on,534933607,45,8.0,20.0,/home/hersco/training_new_domains/2026-08-21/statistical_replication_stage1_policy_eval/20450620_Ev_drone_drone_orig_vh_c.1_s534933607_SR10P_src20401202_e0045.txt
20450621,20401202,drone,on,534933607,50,8.0,20.0,/home/hersco/training_new_domains/2026-08-21/statistical_replication_stage1_policy_eval/20450621_Ev_drone_drone_orig_vh_c.1_s534933607_SR10P_src20401202_e0050.txt
20450622,20401202,drone,on,534933607,55,8.0,20.0,/home/hersco/training_new_domains/2026-08-21/statistical_replication_stage1_policy_eval/20450622_Ev_drone_drone_orig_vh_c.1_s534933607_SR10P_src20401202_e0055.txt
20450623,20401202,drone,on,534933607,60,6.0,20.0,/home/hersco/training_new_domains/2026-08-21/statistical_replication_stage1_policy_eval/20450623_Ev_drone_drone_orig_vh_c.1_s534933607_SR10P_src20401202_e0060.txt
20450624,20401202,drone,on,534933607,65,5.0,20.0,/home/hersco/training_new_domains/2026-08-21/statistical_replication_stage1_policy_eval/20450624_Ev_drone_drone_orig_vh_c.1_s534933607_SR10P_src20401202_e0065.txt
20450625,20401202,drone,on,534933607,70,7.0,20.0,/home/hersco/training_new_domains/2026-08-21/statistical_replication_stage1_policy_eval/20450625_Ev_drone_drone_orig_vh_c.1_s534933607_SR10P_src20401202_e0070.txt
20450626,20401202,drone,on,534933607,75,6.0,20.0,/home/hersco/training_new_domains/2026-08-21/statistical_replication_stage1_policy_eval/20450626_Ev_drone_drone_orig_vh_c.1_s534933607_SR10P_src20401202_e0075.txt
20450627,20401202,drone,on,534933607,80,8.0,20.0,/home/hersco/training_new_domains/2026-08-21/statistical_replication_stage1_policy_eval/20450627_Ev_drone_drone_orig_vh_c.1_s534933607_SR10P_src20401202_e0080.txt
20450628,20401202,drone,on,534933607,85,7.0,20.0,/home/hersco/training_new_domains/2026-08-21/statistical_replication_stage1_policy_eval/20450628_Ev_drone_drone_orig_vh_c.1_s534933607_SR10P_src20401202_e0085.txt
20450629,20401202,drone,on,534933607,90,10.0,20.0,/home/hersco/training_new_domains/2026-08-21/statistical_replication_stage1_policy_eval/20450629_Ev_drone_drone_orig_vh_c.1_s534933607_SR10P_src20401202_e0090.txt
20450630,20401202,drone,on,534933607,95,10.0,20.0,/home/hersco/training_new_domains/2026-08-21/statistical_replication_stage1_policy_eval/20450630_Ev_drone_drone_orig_vh_c.1_s534933607_SR10P_src20401202_e0095.txt
20450632,20401202,drone,on,534933607,100,8.0,20.0,/home/hersco/training_new_domains/2026-08-21/statistical_replication_stage1_policy_eval/20450632_Ev_drone_drone_orig_vh_c.1_s534933607_SR10P_src20401202_e0100.txt
20450633,20401202,drone,on,534933607,105,7.0,20.0,/home/hersco/training_new_domains/2026-08-21/statistical_replication_stage1_policy_eval/20450633_Ev_drone_drone_orig_vh_c.1_s534933607_SR10P_src20401202_e0105.txt
20450634,20401202,drone,on,534933607,110,4.0,20.0,/home/hersco/training_new_domains/2026-08-21/statistical_replication_stage1_policy_eval/20450634_Ev_drone_drone_orig_vh_c.1_s534933607_SR10P_src20401202_e0110.txt
20450635,20401202,drone,on,534933607,115,9.0,20.0,/home/hersco/training_new_domains/2026-08-21/statistical_replication_stage1_policy_eval/20450635_Ev_drone_drone_orig_vh_c.1_s534933607_SR10P_src20401202_e0115.txt
20450636,20401202,drone,on,534933607,120,7.0,20.0,/home/hersco/training_new_domains/2026-08-21/statistical_replication_stage1_policy_eval/20450636_Ev_drone_drone_orig_vh_c.1_s534933607_SR10P_src20401202_e0120.txt
20450637,20401202,drone,on,534933607,125,10.0,20.0,/home/hersco/training_new_domains/2026-08-21/statistical_replication_stage1_policy_eval/20450637_Ev_drone_drone_orig_vh_c.1_s534933607_SR10P_src20401202_e0125.txt
20450638,20401202,drone,on,534933607,130,5.0,20.0,/home/hersco/training_new_domains/2026-08-21/statistical_replication_stage1_policy_eval/20450638_Ev_drone_drone_orig_vh_c.1_s534933607_SR10P_src20401202_e0130.txt
20450639,20401202,drone,on,534933607,135,9.0,20.0,/home/hersco/training_new_domains/2026-08-21/statistical_replication_stage1_policy_eval/20450639_Ev_drone_drone_orig_vh_c.1_s534933607_SR10P_src20401202_e0135.txt
20450640,20401202,drone,on,534933607,140,11.0,20.0,/home/hersco/training_new_domains/2026-08-21/statistical_replication_stage1_policy_eval/20450640_Ev_drone_drone_orig_vh_c.1_s534933607_SR10P_src20401202_e0140.txt
20450641,20401202,drone,on,534933607,145,11.0,20.0,/home/hersco/training_new_domains/2026-08-21/statistical_replication_stage1_policy_eval/20450641_Ev_drone_drone_orig_vh_c.1_s534933607_SR10P_src20401202_e0145.txt
20450642,20401202,drone,on,534933607,150,5.0,20.0,/home/hersco/training_new_domains/2026-08-21/statistical_replication_stage1_policy_eval/20450642_Ev_drone_drone_orig_vh_c.1_s534933607_SR10P_src20401202_e0150.txt
20450644,20401202,drone,on,534933607,155,11.0,20.0,/home/hersco/training_new_domains/2026-08-21/statistical_replication_stage1_policy_eval/20450644_Ev_drone_drone_orig_vh_c.1_s534933607_SR10P_src20401202_e0155.txt
20450645,20401202,drone,on,534933607,160,10.0,20.0,/home/hersco/training_new_domains/2026-08-21/statistical_replication_stage1_policy_eval/20450645_Ev_drone_drone_orig_vh_c.1_s534933607_SR10P_src20401202_e0160.txt
20450646,20401202,drone,on,534933607,165,7.0,20.0,/home/hersco/training_new_domains/2026-08-21/statistical_replication_stage1_policy_eval/20450646_Ev_drone_drone_orig_vh_c.1_s534933607_SR10P_src20401202_e0165.txt
20450647,20401202,drone,on,534933607,170,11.0,20.0,/home/hersco/training_new_domains/2026-08-21/statistical_replication_stage1_policy_eval/20450647_Ev_drone_drone_orig_vh_c.1_s534933607_SR10P_src20401202_e0170.txt
20450648,20401202,drone,on,534933607,175,11.0,20.0,/home/hersco/training_new_domains/2026-08-21/statistical_replication_stage1_policy_eval/20450648_Ev_drone_drone_orig_vh_c.1_s534933607_SR10P_src20401202_e0175.txt
20450649,20401202,drone,on,534933607,180,8.0,20.0,/home/hersco/training_new_domains/2026-08-21/statistical_replication_stage1_policy_eval/20450649_Ev_drone_drone_orig_vh_c.1_s534933607_SR10P_src20401202_e0180.txt
20450650,20401202,drone,on,534933607,185,10.0,20.0,/home/hersco/training_new_domains/2026-08-21/statistical_replication_stage1_policy_eval/20450650_Ev_drone_drone_orig_vh_c.1_s534933607_SR10P_src20401202_e0185.txt
20450651,20401202,drone,on,534933607,161,11.0,20.0,/home/hersco/training_new_domains/2026-08-21/statistical_replication_stage1_policy_eval/20450651_Ev_drone_drone_orig_vh_c.1_s534933607_SR10P_src20401202_e0161.txt
20450652,20401205,drone,on,923500475,5,3.0,20.0,/home/hersco/training_new_domains/2026-08-21/statistical_replication_stage1_policy_eval/20450652_Ev_drone_drone_orig_vh_c.1_s923500475_SR10P_src20401205_e0005.txt
20450653,20401205,drone,on,923500475,10,4.0,20.0,/home/hersco/training_new_domains/2026-08-21/statistical_replication_stage1_policy_eval/20450653_Ev_drone_drone_orig_vh_c.1_s923500475_SR10P_src20401205_e0010.txt
20450654,20401205,drone,on,923500475,15,4.0,20.0,/home/hersco/training_new_domains/2026-08-21/statistical_replication_stage1_policy_eval/20450654_Ev_drone_drone_orig_vh_c.1_s923500475_SR10P_src20401205_e0015.txt
20450656,20401205,drone,on,923500475,20,4.0,20.0,/home/hersco/training_new_domains/2026-08-21/statistical_replication_stage1_policy_eval/20450656_Ev_drone_drone_orig_vh_c.1_s923500475_SR10P_src20401205_e0020.txt
20450657,20401205,drone,on,923500475,25,6.0,20.0,/home/hersco/training_new_domains/2026-08-21/statistical_replication_stage1_policy_eval/20450657_Ev_drone_drone_orig_vh_c.1_s923500475_SR10P_src20401205_e0025.txt
20450658,20401205,drone,on,923500475,30,7.0,20.0,/home/hersco/training_new_domains/2026-08-21/statistical_replication_stage1_policy_eval/20450658_Ev_drone_drone_orig_vh_c.1_s923500475_SR10P_src20401205_e0030.txt
20450659,20401205,drone,on,923500475,35,6.0,20.0,/home/hersco/training_new_domains/2026-08-21/statistical_replication_stage1_policy_eval/20450659_Ev_drone_drone_orig_vh_c.1_s923500475_SR10P_src20401205_e0035.txt
20450660,20401205,drone,on,923500475,40,4.0,20.0,/home/hersco/training_new_domains/2026-08-21/statistical_replication_stage1_policy_eval/20450660_Ev_drone_drone_orig_vh_c.1_s923500475_SR10P_src20401205_e0040.txt
20450661,20401205,drone,on,923500475,45,6.0,20.0,/home/hersco/training_new_domains/2026-08-21/statistical_replication_stage1_policy_eval/20450661_Ev_drone_drone_orig_vh_c.1_s923500475_SR10P_src20401205_e0045.txt
20450662,20401205,drone,on,923500475,50,9.0,20.0,/home/hersco/training_new_domains/2026-08-21/statistical_replication_stage1_policy_eval/20450662_Ev_drone_drone_orig_vh_c.1_s923500475_SR10P_src20401205_e0050.txt
20450663,20401205,drone,on,923500475,55,6.0,20.0,/home/hersco/training_new_domains/2026-08-21/statistical_replication_stage1_policy_eval/20450663_Ev_drone_drone_orig_vh_c.1_s923500475_SR10P_src20401205_e0055.txt
20450664,20401205,drone,on,923500475,60,7.0,20.0,/home/hersco/training_new_domains/2026-08-21/statistical_replication_stage1_policy_eval/20450664_Ev_drone_drone_orig_vh_c.1_s923500475_SR10P_src20401205_e0060.txt
20450665,20401205,drone,on,923500475,65,6.0,20.0,/home/hersco/training_new_domains/2026-08-21/statistical_replication_stage1_policy_eval/20450665_Ev_drone_drone_orig_vh_c.1_s923500475_SR10P_src20401205_e0065.txt
20450666,20401205,drone,on,923500475,70,10.0,20.0,/home/hersco/training_new_domains/2026-08-21/statistical_replication_stage1_policy_eval/20450666_Ev_drone_drone_orig_vh_c.1_s923500475_SR10P_src20401205_e0070.txt
20450667,20401205,drone,on,923500475,75,4.0,20.0,/home/hersco/training_new_domains/2026-08-21/statistical_replication_stage1_policy_eval/20450667_Ev_drone_drone_orig_vh_c.1_s923500475_SR10P_src20401205_e0075.txt
20450668,20401205,drone,on,923500475,80,9.0,20.0,/home/hersco/training_new_domains/2026-08-21/statistical_replication_stage1_policy_eval/20450668_Ev_drone_drone_orig_vh_c.1_s923500475_SR10P_src20401205_e0080.txt
20450669,20401205,drone,on,923500475,85,9.0,20.0,/home/hersco/training_new_domains/2026-08-21/statistical_replication_stage1_policy_eval/20450669_Ev_drone_drone_orig_vh_c.1_s923500475_SR10P_src20401205_e0085.txt
20450670,20401205,drone,on,923500475,90,5.0,20.0,/home/hersco/training_new_domains/2026-08-21/statistical_replication_stage1_policy_eval/20450670_Ev_drone_drone_orig_vh_c.1_s923500475_SR10P_src20401205_e0090.txt
20450671,20401205,drone,on,923500475,95,8.0,20.0,/home/hersco/training_new_domains/2026-08-21/statistical_replication_stage1_policy_eval/20450671_Ev_drone_drone_orig_vh_c.1_s923500475_SR10P_src20401205_e0095.txt
20450672,20401205,drone,on,923500475,100,4.0,20.0,/home/hersco/training_new_domains/2026-08-21/statistical_replication_stage1_policy_eval/20450672_Ev_drone_drone_orig_vh_c.1_s923500475_SR10P_src20401205_e0100.txt
20450673,20401205,drone,on,923500475,105,8.0,20.0,/home/hersco/training_new_domains/2026-08-21/statistical_replication_stage1_policy_eval/20450673_Ev_drone_drone_orig_vh_c.1_s923500475_SR10P_src20401205_e0105.txt
20450674,20401205,drone,on,923500475,110,9.0,20.0,/home/hersco/training_new_domains/2026-08-21/statistical_replication_stage1_policy_eval/20450674_Ev_drone_drone_orig_vh_c.1_s923500475_SR10P_src20401205_e0110.txt
20450675,20401205,drone,on,923500475,115,4.0,20.0,/home/hersco/training_new_domains/2026-08-21/statistical_replication_stage1_policy_eval/20450675_Ev_drone_drone_orig_vh_c.1_s923500475_SR10P_src20401205_e0115.txt
20450676,20401205,drone,on,923500475,120,7.0,20.0,/home/hersco/training_new_domains/2026-08-21/statistical_replication_stage1_policy_eval/20450676_Ev_drone_drone_orig_vh_c.1_s923500475_SR10P_src20401205_e0120.txt
20450677,20401205,drone,on,923500475,125,6.0,20.0,/home/hersco/training_new_domains/2026-08-21/statistical_replication_stage1_policy_eval/20450677_Ev_drone_drone_orig_vh_c.1_s923500475_SR10P_src20401205_e0125.txt
20450678,20401205,drone,on,923500475,130,8.0,20.0,/home/hersco/training_new_domains/2026-08-21/statistical_replication_stage1_policy_eval/20450678_Ev_drone_drone_orig_vh_c.1_s923500475_SR10P_src20401205_e0130.txt
20450679,20401205,drone,on,923500475,135,4.0,20.0,/home/hersco/training_new_domains/2026-08-21/statistical_replication_stage1_policy_eval/20450679_Ev_drone_drone_orig_vh_c.1_s923500475_SR10P_src20401205_e0135.txt
20450680,20401205,drone,on,923500475,140,9.0,20.0,/home/hersco/training_new_domains/2026-08-21/statistical_replication_stage1_policy_eval/20450680_Ev_drone_drone_orig_vh_c.1_s923500475_SR10P_src20401205_e0140.txt
20450681,20401205,drone,on,923500475,145,8.0,20.0,/home/hersco/training_new_domains/2026-08-21/statistical_replication_stage1_policy_eval/20450681_Ev_drone_drone_orig_vh_c.1_s923500475_SR10P_src20401205_e0145.txt
20450682,20401205,drone,on,923500475,150,5.0,20.0,/home/hersco/training_new_domains/2026-08-21/statistical_replication_stage1_policy_eval/20450682_Ev_drone_drone_orig_vh_c.1_s923500475_SR10P_src20401205_e0150.txt
20450683,20401205,drone,on,923500475,103,4.0,20.0,/home/hersco/training_new_domains/2026-08-21/statistical_replication_stage1_policy_eval/20450683_Ev_drone_drone_orig_vh_c.1_s923500475_SR10P_src20401205_e0103.txt
20450684,20401207,drone,off,1963100312,5,2.0,20.0,/home/hersco/training_new_domains/2026-08-21/statistical_replication_stage1_policy_eval/20450684_Ev_drone_drone_orig_novh_c.1_s1963100312_SR10P_src20401207_e0005.txt
20450685,20401207,drone,off,1963100312,10,3.0,20.0,/home/hersco/training_new_domains/2026-08-21/statistical_replication_stage1_policy_eval/20450685_Ev_drone_drone_orig_novh_c.1_s1963100312_SR10P_src20401207_e0010.txt
20450686,20401207,drone,off,1963100312,15,3.0,20.0,/home/hersco/training_new_domains/2026-08-21/statistical_replication_stage1_policy_eval/20450686_Ev_drone_drone_orig_novh_c.1_s1963100312_SR10P_src20401207_e0015.txt
20450687,20401207,drone,off,1963100312,20,3.0,20.0,/home/hersco/training_new_domains/2026-08-21/statistical_replication_stage1_policy_eval/20450687_Ev_drone_drone_orig_novh_c.1_s1963100312_SR10P_src20401207_e0020.txt
20450688,20401207,drone,off,1963100312,25,4.0,20.0,/home/hersco/training_new_domains/2026-08-21/statistical_replication_stage1_policy_eval/20450688_Ev_drone_drone_orig_novh_c.1_s1963100312_SR10P_src20401207_e0025.txt
20450689,20401207,drone,off,1963100312,30,6.0,20.0,/home/hersco/training_new_domains/2026-08-21/statistical_replication_stage1_policy_eval/20450689_Ev_drone_drone_orig_novh_c.1_s1963100312_SR10P_src20401207_e0030.txt
20450690,20401207,drone,off,1963100312,35,7.0,20.0,/home/hersco/training_new_domains/2026-08-21/statistical_replication_stage1_policy_eval/20450690_Ev_drone_drone_orig_novh_c.1_s1963100312_SR10P_src20401207_e0035.txt
20450691,20401207,drone,off,1963100312,40,8.0,20.0,/home/hersco/training_new_domains/2026-08-21/statistical_replication_stage1_policy_eval/20450691_Ev_drone_drone_orig_novh_c.1_s1963100312_SR10P_src20401207_e0040.txt
20450692,20401207,drone,off,1963100312,45,8.0,20.0,/home/hersco/training_new_domains/2026-08-21/statistical_replication_stage1_policy_eval/20450692_Ev_drone_drone_orig_novh_c.1_s1963100312_SR10P_src20401207_e0045.txt
20450693,20401207,drone,off,1963100312,50,7.0,20.0,/home/hersco/training_new_domains/2026-08-21/statistical_replication_stage1_policy_eval/20450693_Ev_drone_drone_orig_novh_c.1_s1963100312_SR10P_src20401207_e0050.txt
20450694,20401207,drone,off,1963100312,55,6.0,20.0,/home/hersco/training_new_domains/2026-08-21/statistical_replication_stage1_policy_eval/20450694_Ev_drone_drone_orig_novh_c.1_s1963100312_SR10P_src20401207_e0055.txt
20450695,20401207,drone,off,1963100312,60,7.0,20.0,/home/hersco/training_new_domains/2026-08-21/statistical_replication_stage1_policy_eval/20450695_Ev_drone_drone_orig_novh_c.1_s1963100312_SR10P_src20401207_e0060.txt
20450696,20401207,drone,off,1963100312,65,4.0,20.0,/home/hersco/training_new_domains/2026-08-21/statistical_replication_stage1_policy_eval/20450696_Ev_drone_drone_orig_novh_c.1_s1963100312_SR10P_src20401207_e0065.txt
20450697,20401207,drone,off,1963100312,70,8.0,20.0,/home/hersco/training_new_domains/2026-08-21/statistical_replication_stage1_policy_eval/20450697_Ev_drone_drone_orig_novh_c.1_s1963100312_SR10P_src20401207_e0070.txt
20450698,20401207,drone,off,1963100312,75,6.0,20.0,/home/hersco/training_new_domains/2026-08-21/statistical_replication_stage1_policy_eval/20450698_Ev_drone_drone_orig_novh_c.1_s1963100312_SR10P_src20401207_e0075.txt
20450699,20401207,drone,off,1963100312,80,7.0,20.0,/home/hersco/training_new_domains/2026-08-21/statistical_replication_stage1_policy_eval/20450699_Ev_drone_drone_orig_novh_c.1_s1963100312_SR10P_src20401207_e0080.txt
20450700,20401207,drone,off,1963100312,85,6.0,20.0,/home/hersco/training_new_domains/2026-08-21/statistical_replication_stage1_policy_eval/20450700_Ev_drone_drone_orig_novh_c.1_s1963100312_SR10P_src20401207_e0085.txt
20450701,20401207,drone,off,1963100312,90,5.0,20.0,/home/hersco/training_new_domains/2026-08-21/statistical_replication_stage1_policy_eval/20450701_Ev_drone_drone_orig_novh_c.1_s1963100312_SR10P_src20401207_e0090.txt
20450702,20401207,drone,off,1963100312,95,7.0,20.0,/home/hersco/training_new_domains/2026-08-21/statistical_replication_stage1_policy_eval/20450702_Ev_drone_drone_orig_novh_c.1_s1963100312_SR10P_src20401207_e0095.txt
20450703,20401207,drone,off,1963100312,100,9.0,20.0,/home/hersco/training_new_domains/2026-08-21/statistical_replication_stage1_policy_eval/20450703_Ev_drone_drone_orig_novh_c.1_s1963100312_SR10P_src20401207_e0100.txt
20450705,20401207,drone,off,1963100312,105,6.0,20.0,/home/hersco/training_new_domains/2026-08-21/statistical_replication_stage1_policy_eval/20450705_Ev_drone_drone_orig_novh_c.1_s1963100312_SR10P_src20401207_e0105.txt
20450706,20401207,drone,off,1963100312,110,8.0,20.0,/home/hersco/training_new_domains/2026-08-21/statistical_replication_stage1_policy_eval/20450706_Ev_drone_drone_orig_novh_c.1_s1963100312_SR10P_src20401207_e0110.txt
20450707,20401207,drone,off,1963100312,115,6.0,20.0,/home/hersco/training_new_domains/2026-08-21/statistical_replication_stage1_policy_eval/20450707_Ev_drone_drone_orig_novh_c.1_s1963100312_SR10P_src20401207_e0115.txt
20450708,20401207,drone,off,1963100312,120,6.0,20.0,/home/hersco/training_new_domains/2026-08-21/statistical_replication_stage1_policy_eval/20450708_Ev_drone_drone_orig_novh_c.1_s1963100312_SR10P_src20401207_e0120.txt
20450709,20401207,drone,off,1963100312,125,7.0,20.0,/home/hersco/training_new_domains/2026-08-21/statistical_replication_stage1_policy_eval/20450709_Ev_drone_drone_orig_novh_c.1_s1963100312_SR10P_src20401207_e0125.txt
20450710,20401207,drone,off,1963100312,130,5.0,20.0,/home/hersco/training_new_domains/2026-08-21/statistical_replication_stage1_policy_eval/20450710_Ev_drone_drone_orig_novh_c.1_s1963100312_SR10P_src20401207_e0130.txt
20450711,20401207,drone,off,1963100312,135,9.0,20.0,/home/hersco/training_new_domains/2026-08-21/statistical_replication_stage1_policy_eval/20450711_Ev_drone_drone_orig_novh_c.1_s1963100312_SR10P_src20401207_e0135.txt
20450712,20401207,drone,off,1963100312,140,9.0,20.0,/home/hersco/training_new_domains/2026-08-21/statistical_replication_stage1_policy_eval/20450712_Ev_drone_drone_orig_novh_c.1_s1963100312_SR10P_src20401207_e0140.txt
20450713,20401207,drone,off,1963100312,145,4.0,20.0,/home/hersco/training_new_domains/2026-08-21/statistical_replication_stage1_policy_eval/20450713_Ev_drone_drone_orig_novh_c.1_s1963100312_SR10P_src20401207_e0145.txt
20450714,20401207,drone,off,1963100312,150,7.0,20.0,/home/hersco/training_new_domains/2026-08-21/statistical_replication_stage1_policy_eval/20450714_Ev_drone_drone_orig_novh_c.1_s1963100312_SR10P_src20401207_e0150.txt
20450715,20401207,drone,off,1963100312,155,9.0,20.0,/home/hersco/training_new_domains/2026-08-21/statistical_replication_stage1_policy_eval/20450715_Ev_drone_drone_orig_novh_c.1_s1963100312_SR10P_src20401207_e0155.txt
20450746,20401207,drone,off,1963100312,160,7.0,20.0,/home/hersco/training_new_domains/2026-08-21/statistical_replication_stage1_policy_eval/20450746_Ev_drone_drone_orig_novh_c.1_s1963100312_SR10P_src20401207_e0160.txt
20450747,20401207,drone,off,1963100312,157,11.0,20.0,/home/hersco/training_new_domains/2026-08-21/statistical_replication_stage1_policy_eval/20450747_Ev_drone_drone_orig_novh_c.1_s1963100312_SR10P_src20401207_e0157.txt
20450748,20401209,drone,off,1073581256,5,4.0,20.0,/home/hersco/training_new_domains/2026-08-21/statistical_replication_stage1_policy_eval/20450748_Ev_drone_drone_orig_novh_c.1_s1073581256_SR10P_src20401209_e0005.txt
20450749,20401209,drone,off,1073581256,10,3.0,20.0,/home/hersco/training_new_domains/2026-08-21/statistical_replication_stage1_policy_eval/20450749_Ev_drone_drone_orig_novh_c.1_s1073581256_SR10P_src20401209_e0010.txt
20450750,20401209,drone,off,1073581256,15,4.0,20.0,/home/hersco/training_new_domains/2026-08-21/statistical_replication_stage1_policy_eval/20450750_Ev_drone_drone_orig_novh_c.1_s1073581256_SR10P_src20401209_e0015.txt
20450751,20401209,drone,off,1073581256,20,4.0,20.0,/home/hersco/training_new_domains/2026-08-21/statistical_replication_stage1_policy_eval/20450751_Ev_drone_drone_orig_novh_c.1_s1073581256_SR10P_src20401209_e0020.txt
20450752,20401209,drone,off,1073581256,25,3.0,20.0,/home/hersco/training_new_domains/2026-08-21/statistical_replication_stage1_policy_eval/20450752_Ev_drone_drone_orig_novh_c.1_s1073581256_SR10P_src20401209_e0025.txt
20450753,20401209,drone,off,1073581256,30,6.0,20.0,/home/hersco/training_new_domains/2026-08-21/statistical_replication_stage1_policy_eval/20450753_Ev_drone_drone_orig_novh_c.1_s1073581256_SR10P_src20401209_e0030.txt
20450754,20401209,drone,off,1073581256,35,6.0,20.0,/home/hersco/training_new_domains/2026-08-21/statistical_replication_stage1_policy_eval/20450754_Ev_drone_drone_orig_novh_c.1_s1073581256_SR10P_src20401209_e0035.txt
20450755,20401209,drone,off,1073581256,40,8.0,20.0,/home/hersco/training_new_domains/2026-08-21/statistical_replication_stage1_policy_eval/20450755_Ev_drone_drone_orig_novh_c.1_s1073581256_SR10P_src20401209_e0040.txt
20450756,20401209,drone,off,1073581256,45,7.0,20.0,/home/hersco/training_new_domains/2026-08-21/statistical_replication_stage1_policy_eval/20450756_Ev_drone_drone_orig_novh_c.1_s1073581256_SR10P_src20401209_e0045.txt
20450757,20401209,drone,off,1073581256,50,8.0,20.0,/home/hersco/training_new_domains/2026-08-21/statistical_replication_stage1_policy_eval/20450757_Ev_drone_drone_orig_novh_c.1_s1073581256_SR10P_src20401209_e0050.txt
20450758,20401209,drone,off,1073581256,55,6.0,20.0,/home/hersco/training_new_domains/2026-08-21/statistical_replication_stage1_policy_eval/20450758_Ev_drone_drone_orig_novh_c.1_s1073581256_SR10P_src20401209_e0055.txt
20450759,20401209,drone,off,1073581256,60,7.0,20.0,/home/hersco/training_new_domains/2026-08-21/statistical_replication_stage1_policy_eval/20450759_Ev_drone_drone_orig_novh_c.1_s1073581256_SR10P_src20401209_e0060.txt
20450760,20401209,drone,off,1073581256,65,9.0,20.0,/home/hersco/training_new_domains/2026-08-21/statistical_replication_stage1_policy_eval/20450760_Ev_drone_drone_orig_novh_c.1_s1073581256_SR10P_src20401209_e0065.txt
20450761,20401209,drone,off,1073581256,70,7.0,20.0,/home/hersco/training_new_domains/2026-08-21/statistical_replication_stage1_policy_eval/20450761_Ev_drone_drone_orig_novh_c.1_s1073581256_SR10P_src20401209_e0070.txt
20450762,20401209,drone,off,1073581256,75,6.0,20.0,/home/hersco/training_new_domains/2026-08-21/statistical_replication_stage1_policy_eval/20450762_Ev_drone_drone_orig_novh_c.1_s1073581256_SR10P_src20401209_e0075.txt
20450763,20401209,drone,off,1073581256,80,3.0,20.0,/home/hersco/training_new_domains/2026-08-21/statistical_replication_stage1_policy_eval/20450763_Ev_drone_drone_orig_novh_c.1_s1073581256_SR10P_src20401209_e0080.txt
20450764,20401209,drone,off,1073581256,85,5.0,20.0,/home/hersco/training_new_domains/2026-08-21/statistical_replication_stage1_policy_eval/20450764_Ev_drone_drone_orig_novh_c.1_s1073581256_SR10P_src20401209_e0085.txt
20450765,20401209,drone,off,1073581256,90,5.0,20.0,/home/hersco/training_new_domains/2026-08-21/statistical_replication_stage1_policy_eval/20450765_Ev_drone_drone_orig_novh_c.1_s1073581256_SR10P_src20401209_e0090.txt
20450766,20401209,drone,off,1073581256,95,7.0,20.0,/home/hersco/training_new_domains/2026-08-21/statistical_replication_stage1_policy_eval/20450766_Ev_drone_drone_orig_novh_c.1_s1073581256_SR10P_src20401209_e0095.txt
20450767,20401209,drone,off,1073581256,100,7.0,20.0,/home/hersco/training_new_domains/2026-08-21/statistical_replication_stage1_policy_eval/20450767_Ev_drone_drone_orig_novh_c.1_s1073581256_SR10P_src20401209_e0100.txt
20450768,20401209,drone,off,1073581256,105,10.0,20.0,/home/hersco/training_new_domains/2026-08-21/statistical_replication_stage1_policy_eval/20450768_Ev_drone_drone_orig_novh_c.1_s1073581256_SR10P_src20401209_e0105.txt
20450769,20401209,drone,off,1073581256,110,9.0,20.0,/home/hersco/training_new_domains/2026-08-21/statistical_replication_stage1_policy_eval/20450769_Ev_drone_drone_orig_novh_c.1_s1073581256_SR10P_src20401209_e0110.txt
20450770,20401209,drone,off,1073581256,115,10.0,20.0,/home/hersco/training_new_domains/2026-08-21/statistical_replication_stage1_policy_eval/20450770_Ev_drone_drone_orig_novh_c.1_s1073581256_SR10P_src20401209_e0115.txt
20450771,20401209,drone,off,1073581256,120,9.0,20.0,/home/hersco/training_new_domains/2026-08-21/statistical_replication_stage1_policy_eval/20450771_Ev_drone_drone_orig_novh_c.1_s1073581256_SR10P_src20401209_e0120.txt
20450772,20401209,drone,off,1073581256,125,9.0,20.0,/home/hersco/training_new_domains/2026-08-21/statistical_replication_stage1_policy_eval/20450772_Ev_drone_drone_orig_novh_c.1_s1073581256_SR10P_src20401209_e0125.txt
20450773,20401209,drone,off,1073581256,130,8.0,20.0,/home/hersco/training_new_domains/2026-08-21/statistical_replication_stage1_policy_eval/20450773_Ev_drone_drone_orig_novh_c.1_s1073581256_SR10P_src20401209_e0130.txt
20450774,20401209,drone,off,1073581256,135,10.0,20.0,/home/hersco/training_new_domains/2026-08-21/statistical_replication_stage1_policy_eval/20450774_Ev_drone_drone_orig_novh_c.1_s1073581256_SR10P_src20401209_e0135.txt
20450775,20401209,drone,off,1073581256,140,8.0,20.0,/home/hersco/training_new_domains/2026-08-21/statistical_replication_stage1_policy_eval/20450775_Ev_drone_drone_orig_novh_c.1_s1073581256_SR10P_src20401209_e0140.txt
20450776,20401212,drone,off,1472491096,5,3.0,20.0,/home/hersco/training_new_domains/2026-08-21/statistical_replication_stage1_policy_eval/20450776_Ev_drone_drone_orig_novh_c.1_s1472491096_SR10P_src20401212_e0005.txt
20450777,20401212,drone,off,1472491096,10,3.0,20.0,/home/hersco/training_new_domains/2026-08-21/statistical_replication_stage1_policy_eval/20450777_Ev_drone_drone_orig_novh_c.1_s1472491096_SR10P_src20401212_e0010.txt
20450778,20401212,drone,off,1472491096,15,2.0,20.0,/home/hersco/training_new_domains/2026-08-21/statistical_replication_stage1_policy_eval/20450778_Ev_drone_drone_orig_novh_c.1_s1472491096_SR10P_src20401212_e0015.txt
20450779,20401212,drone,off,1472491096,20,4.0,20.0,/home/hersco/training_new_domains/2026-08-21/statistical_replication_stage1_policy_eval/20450779_Ev_drone_drone_orig_novh_c.1_s1472491096_SR10P_src20401212_e0020.txt
20450780,20401212,drone,off,1472491096,25,8.0,20.0,/home/hersco/training_new_domains/2026-08-21/statistical_replication_stage1_policy_eval/20450780_Ev_drone_drone_orig_novh_c.1_s1472491096_SR10P_src20401212_e0025.txt
20450781,20401212,drone,off,1472491096,30,3.0,20.0,/home/hersco/training_new_domains/2026-08-21/statistical_replication_stage1_policy_eval/20450781_Ev_drone_drone_orig_novh_c.1_s1472491096_SR10P_src20401212_e0030.txt
20450782,20401212,drone,off,1472491096,35,7.0,20.0,/home/hersco/training_new_domains/2026-08-21/statistical_replication_stage1_policy_eval/20450782_Ev_drone_drone_orig_novh_c.1_s1472491096_SR10P_src20401212_e0035.txt
20450783,20401212,drone,off,1472491096,40,8.0,20.0,/home/hersco/training_new_domains/2026-08-21/statistical_replication_stage1_policy_eval/20450783_Ev_drone_drone_orig_novh_c.1_s1472491096_SR10P_src20401212_e0040.txt
20450784,20401212,drone,off,1472491096,45,7.0,20.0,/home/hersco/training_new_domains/2026-08-21/statistical_replication_stage1_policy_eval/20450784_Ev_drone_drone_orig_novh_c.1_s1472491096_SR10P_src20401212_e0045.txt
20450785,20401212,drone,off,1472491096,50,10.0,20.0,/home/hersco/training_new_domains/2026-08-21/statistical_replication_stage1_policy_eval/20450785_Ev_drone_drone_orig_novh_c.1_s1472491096_SR10P_src20401212_e0050.txt
20450786,20401212,drone,off,1472491096,55,10.0,20.0,/home/hersco/training_new_domains/2026-08-21/statistical_replication_stage1_policy_eval/20450786_Ev_drone_drone_orig_novh_c.1_s1472491096_SR10P_src20401212_e0055.txt
20450787,20401212,drone,off,1472491096,60,11.0,20.0,/home/hersco/training_new_domains/2026-08-21/statistical_replication_stage1_policy_eval/20450787_Ev_drone_drone_orig_novh_c.1_s1472491096_SR10P_src20401212_e0060.txt
20450788,20401212,drone,off,1472491096,65,9.0,20.0,/home/hersco/training_new_domains/2026-08-21/statistical_replication_stage1_policy_eval/20450788_Ev_drone_drone_orig_novh_c.1_s1472491096_SR10P_src20401212_e0065.txt
20450789,20401212,drone,off,1472491096,70,9.0,20.0,/home/hersco/training_new_domains/2026-08-21/statistical_replication_stage1_policy_eval/20450789_Ev_drone_drone_orig_novh_c.1_s1472491096_SR10P_src20401212_e0070.txt
20450800,20401212,drone,off,1472491096,75,10.0,20.0,/home/hersco/training_new_domains/2026-08-21/statistical_replication_stage1_policy_eval/20450800_Ev_drone_drone_orig_novh_c.1_s1472491096_SR10P_src20401212_e0075.txt
20450801,20401212,drone,off,1472491096,80,11.0,20.0,/home/hersco/training_new_domains/2026-08-21/statistical_replication_stage1_policy_eval/20450801_Ev_drone_drone_orig_novh_c.1_s1472491096_SR10P_src20401212_e0080.txt
20450802,20401212,drone,off,1472491096,85,13.0,20.0,/home/hersco/training_new_domains/2026-08-21/statistical_replication_stage1_policy_eval/20450802_Ev_drone_drone_orig_novh_c.1_s1472491096_SR10P_src20401212_e0085.txt
20450803,20401212,drone,off,1472491096,90,9.0,20.0,/home/hersco/training_new_domains/2026-08-21/statistical_replication_stage1_policy_eval/20450803_Ev_drone_drone_orig_novh_c.1_s1472491096_SR10P_src20401212_e0090.txt
20450804,20401212,drone,off,1472491096,95,9.0,20.0,/home/hersco/training_new_domains/2026-08-21/statistical_replication_stage1_policy_eval/20450804_Ev_drone_drone_orig_novh_c.1_s1472491096_SR10P_src20401212_e0095.txt
20450805,20401212,drone,off,1472491096,100,8.0,20.0,/home/hersco/training_new_domains/2026-08-21/statistical_replication_stage1_policy_eval/20450805_Ev_drone_drone_orig_novh_c.1_s1472491096_SR10P_src20401212_e0100.txt
20450806,20401212,drone,off,1472491096,105,10.0,20.0,/home/hersco/training_new_domains/2026-08-21/statistical_replication_stage1_policy_eval/20450806_Ev_drone_drone_orig_novh_c.1_s1472491096_SR10P_src20401212_e0105.txt
20450807,20401212,drone,off,1472491096,110,14.0,20.0,/home/hersco/training_new_domains/2026-08-21/statistical_replication_stage1_policy_eval/20450807_Ev_drone_drone_orig_novh_c.1_s1472491096_SR10P_src20401212_e0110.txt
20450808,20401212,drone,off,1472491096,115,12.0,20.0,/home/hersco/training_new_domains/2026-08-21/statistical_replication_stage1_policy_eval/20450808_Ev_drone_drone_orig_novh_c.1_s1472491096_SR10P_src20401212_e0115.txt
20450809,20401212,drone,off,1472491096,120,7.0,20.0,/home/hersco/training_new_domains/2026-08-21/statistical_replication_stage1_policy_eval/20450809_Ev_drone_drone_orig_novh_c.1_s1472491096_SR10P_src20401212_e0120.txt
20450810,20401212,drone,off,1472491096,125,10.0,20.0,/home/hersco/training_new_domains/2026-08-21/statistical_replication_stage1_policy_eval/20450810_Ev_drone_drone_orig_novh_c.1_s1472491096_SR10P_src20401212_e0125.txt
20450811,20401212,drone,off,1472491096,130,11.0,20.0,/home/hersco/training_new_domains/2026-08-21/statistical_replication_stage1_policy_eval/20450811_Ev_drone_drone_orig_novh_c.1_s1472491096_SR10P_src20401212_e0130.txt
20450812,20401212,drone,off,1472491096,92,10.0,20.0,/home/hersco/training_new_domains/2026-08-21/statistical_replication_stage1_policy_eval/20450812_Ev_drone_drone_orig_novh_c.1_s1472491096_SR10P_src20401212_e0092.txt
20450813,20401213,drone,off,534933607,5,4.0,20.0,/home/hersco/training_new_domains/2026-08-21/statistical_replication_stage1_policy_eval/20450813_Ev_drone_drone_orig_novh_c.1_s534933607_SR10P_src20401213_e0005.txt
20450814,20401213,drone,off,534933607,10,4.0,20.0,/home/hersco/training_new_domains/2026-08-21/statistical_replication_stage1_policy_eval/20450814_Ev_drone_drone_orig_novh_c.1_s534933607_SR10P_src20401213_e0010.txt
20450815,20401213,drone,off,534933607,15,6.0,20.0,/home/hersco/training_new_domains/2026-08-21/statistical_replication_stage1_policy_eval/20450815_Ev_drone_drone_orig_novh_c.1_s534933607_SR10P_src20401213_e0015.txt
20450816,20401213,drone,off,534933607,20,6.0,20.0,/home/hersco/training_new_domains/2026-08-21/statistical_replication_stage1_policy_eval/20450816_Ev_drone_drone_orig_novh_c.1_s534933607_SR10P_src20401213_e0020.txt
20450817,20401213,drone,off,534933607,25,8.0,20.0,/home/hersco/training_new_domains/2026-08-21/statistical_replication_stage1_policy_eval/20450817_Ev_drone_drone_orig_novh_c.1_s534933607_SR10P_src20401213_e0025.txt
20450818,20401213,drone,off,534933607,30,8.0,20.0,/home/hersco/training_new_domains/2026-08-21/statistical_replication_stage1_policy_eval/20450818_Ev_drone_drone_orig_novh_c.1_s534933607_SR10P_src20401213_e0030.txt
20450819,20401213,drone,off,534933607,35,11.0,20.0,/home/hersco/training_new_domains/2026-08-21/statistical_replication_stage1_policy_eval/20450819_Ev_drone_drone_orig_novh_c.1_s534933607_SR10P_src20401213_e0035.txt
20450820,20401213,drone,off,534933607,40,7.0,20.0,/home/hersco/training_new_domains/2026-08-21/statistical_replication_stage1_policy_eval/20450820_Ev_drone_drone_orig_novh_c.1_s534933607_SR10P_src20401213_e0040.txt
20450821,20401213,drone,off,534933607,45,7.0,20.0,/home/hersco/training_new_domains/2026-08-21/statistical_replication_stage1_policy_eval/20450821_Ev_drone_drone_orig_novh_c.1_s534933607_SR10P_src20401213_e0045.txt
20450822,20401213,drone,off,534933607,50,7.0,20.0,/home/hersco/training_new_domains/2026-08-21/statistical_replication_stage1_policy_eval/20450822_Ev_drone_drone_orig_novh_c.1_s534933607_SR10P_src20401213_e0050.txt
20450823,20401213,drone,off,534933607,55,8.0,20.0,/home/hersco/training_new_domains/2026-08-21/statistical_replication_stage1_policy_eval/20450823_Ev_drone_drone_orig_novh_c.1_s534933607_SR10P_src20401213_e0055.txt
20450824,20401213,drone,off,534933607,60,10.0,20.0,/home/hersco/training_new_domains/2026-08-21/statistical_replication_stage1_policy_eval/20450824_Ev_drone_drone_orig_novh_c.1_s534933607_SR10P_src20401213_e0060.txt
20450825,20401213,drone,off,534933607,65,12.0,20.0,/home/hersco/training_new_domains/2026-08-21/statistical_replication_stage1_policy_eval/20450825_Ev_drone_drone_orig_novh_c.1_s534933607_SR10P_src20401213_e0065.txt
20450826,20401213,drone,off,534933607,70,9.0,20.0,/home/hersco/training_new_domains/2026-08-21/statistical_replication_stage1_policy_eval/20450826_Ev_drone_drone_orig_novh_c.1_s534933607_SR10P_src20401213_e0070.txt
20450827,20401213,drone,off,534933607,75,8.0,20.0,/home/hersco/training_new_domains/2026-08-21/statistical_replication_stage1_policy_eval/20450827_Ev_drone_drone_orig_novh_c.1_s534933607_SR10P_src20401213_e0075.txt
20450828,20401213,drone,off,534933607,80,11.0,20.0,/home/hersco/training_new_domains/2026-08-21/statistical_replication_stage1_policy_eval/20450828_Ev_drone_drone_orig_novh_c.1_s534933607_SR10P_src20401213_e0080.txt
20450829,20401213,drone,off,534933607,85,9.0,20.0,/home/hersco/training_new_domains/2026-08-21/statistical_replication_stage1_policy_eval/20450829_Ev_drone_drone_orig_novh_c.1_s534933607_SR10P_src20401213_e0085.txt
20450830,20401213,drone,off,534933607,90,10.0,20.0,/home/hersco/training_new_domains/2026-08-21/statistical_replication_stage1_policy_eval/20450830_Ev_drone_drone_orig_novh_c.1_s534933607_SR10P_src20401213_e0090.txt
20450831,20401213,drone,off,534933607,95,7.0,20.0,/home/hersco/training_new_domains/2026-08-21/statistical_replication_stage1_policy_eval/20450831_Ev_drone_drone_orig_novh_c.1_s534933607_SR10P_src20401213_e0095.txt
20450832,20401213,drone,off,534933607,100,6.0,20.0,/home/hersco/training_new_domains/2026-08-21/statistical_replication_stage1_policy_eval/20450832_Ev_drone_drone_orig_novh_c.1_s534933607_SR10P_src20401213_e0100.txt
20450833,20401213,drone,off,534933607,105,9.0,20.0,/home/hersco/training_new_domains/2026-08-21/statistical_replication_stage1_policy_eval/20450833_Ev_drone_drone_orig_novh_c.1_s534933607_SR10P_src20401213_e0105.txt
20450834,20401213,drone,off,534933607,110,10.0,20.0,/home/hersco/training_new_domains/2026-08-21/statistical_replication_stage1_policy_eval/20450834_Ev_drone_drone_orig_novh_c.1_s534933607_SR10P_src20401213_e0110.txt
20450835,20401213,drone,off,534933607,115,11.0,20.0,/home/hersco/training_new_domains/2026-08-21/statistical_replication_stage1_policy_eval/20450835_Ev_drone_drone_orig_novh_c.1_s534933607_SR10P_src20401213_e0115.txt
20450836,20401213,drone,off,534933607,69,11.0,20.0,/home/hersco/training_new_domains/2026-08-21/statistical_replication_stage1_policy_eval/20450836_Ev_drone_drone_orig_novh_c.1_s534933607_SR10P_src20401213_e0069.txt
20450837,20401217,drone,off,1972442430,5,3.0,20.0,/home/hersco/training_new_domains/2026-08-21/statistical_replication_stage1_policy_eval/20450837_Ev_drone_drone_orig_novh_c.1_s1972442430_SR10P_src20401217_e0005.txt
20450838,20401217,drone,off,1972442430,10,3.0,20.0,/home/hersco/training_new_domains/2026-08-21/statistical_replication_stage1_policy_eval/20450838_Ev_drone_drone_orig_novh_c.1_s1972442430_SR10P_src20401217_e0010.txt
20450839,20401217,drone,off,1972442430,15,4.0,20.0,/home/hersco/training_new_domains/2026-08-21/statistical_replication_stage1_policy_eval/20450839_Ev_drone_drone_orig_novh_c.1_s1972442430_SR10P_src20401217_e0015.txt
20450840,20401217,drone,off,1972442430,20,7.0,20.0,/home/hersco/training_new_domains/2026-08-21/statistical_replication_stage1_policy_eval/20450840_Ev_drone_drone_orig_novh_c.1_s1972442430_SR10P_src20401217_e0020.txt
20450841,20401217,drone,off,1972442430,25,7.0,20.0,/home/hersco/training_new_domains/2026-08-21/statistical_replication_stage1_policy_eval/20450841_Ev_drone_drone_orig_novh_c.1_s1972442430_SR10P_src20401217_e0025.txt
20450842,20401217,drone,off,1972442430,30,7.0,20.0,/home/hersco/training_new_domains/2026-08-21/statistical_replication_stage1_policy_eval/20450842_Ev_drone_drone_orig_novh_c.1_s1972442430_SR10P_src20401217_e0030.txt
20450843,20401217,drone,off,1972442430,35,4.0,20.0,/home/hersco/training_new_domains/2026-08-21/statistical_replication_stage1_policy_eval/20450843_Ev_drone_drone_orig_novh_c.1_s1972442430_SR10P_src20401217_e0035.txt
20450844,20401217,drone,off,1972442430,40,7.0,20.0,/home/hersco/training_new_domains/2026-08-21/statistical_replication_stage1_policy_eval/20450844_Ev_drone_drone_orig_novh_c.1_s1972442430_SR10P_src20401217_e0040.txt
20450845,20401217,drone,off,1972442430,45,7.0,20.0,/home/hersco/training_new_domains/2026-08-21/statistical_replication_stage1_policy_eval/20450845_Ev_drone_drone_orig_novh_c.1_s1972442430_SR10P_src20401217_e0045.txt
20450846,20401217,drone,off,1972442430,50,7.0,20.0,/home/hersco/training_new_domains/2026-08-21/statistical_replication_stage1_policy_eval/20450846_Ev_drone_drone_orig_novh_c.1_s1972442430_SR10P_src20401217_e0050.txt
20450847,20401217,drone,off,1972442430,55,4.0,20.0,/home/hersco/training_new_domains/2026-08-21/statistical_replication_stage1_policy_eval/20450847_Ev_drone_drone_orig_novh_c.1_s1972442430_SR10P_src20401217_e0055.txt
20450848,20401217,drone,off,1972442430,60,6.0,20.0,/home/hersco/training_new_domains/2026-08-21/statistical_replication_stage1_policy_eval/20450848_Ev_drone_drone_orig_novh_c.1_s1972442430_SR10P_src20401217_e0060.txt
20450849,20401217,drone,off,1972442430,65,6.0,20.0,/home/hersco/training_new_domains/2026-08-21/statistical_replication_stage1_policy_eval/20450849_Ev_drone_drone_orig_novh_c.1_s1972442430_SR10P_src20401217_e0065.txt
20450850,20401217,drone,off,1972442430,70,7.0,20.0,/home/hersco/training_new_domains/2026-08-21/statistical_replication_stage1_policy_eval/20450850_Ev_drone_drone_orig_novh_c.1_s1972442430_SR10P_src20401217_e0070.txt
20450851,20401217,drone,off,1972442430,75,9.0,20.0,/home/hersco/training_new_domains/2026-08-21/statistical_replication_stage1_policy_eval/20450851_Ev_drone_drone_orig_novh_c.1_s1972442430_SR10P_src20401217_e0075.txt
20450852,20401217,drone,off,1972442430,80,7.0,20.0,/home/hersco/training_new_domains/2026-08-21/statistical_replication_stage1_policy_eval/20450852_Ev_drone_drone_orig_novh_c.1_s1972442430_SR10P_src20401217_e0080.txt
20450853,20401217,drone,off,1972442430,85,8.0,20.0,/home/hersco/training_new_domains/2026-08-21/statistical_replication_stage1_policy_eval/20450853_Ev_drone_drone_orig_novh_c.1_s1972442430_SR10P_src20401217_e0085.txt
20450854,20401217,drone,off,1972442430,90,4.0,20.0,/home/hersco/training_new_domains/2026-08-21/statistical_replication_stage1_policy_eval/20450854_Ev_drone_drone_orig_novh_c.1_s1972442430_SR10P_src20401217_e0090.txt
20450855,20401217,drone,off,1972442430,95,10.0,20.0,/home/hersco/training_new_domains/2026-08-21/statistical_replication_stage1_policy_eval/20450855_Ev_drone_drone_orig_novh_c.1_s1972442430_SR10P_src20401217_e0095.txt
20450900,20401217,drone,off,1972442430,100,6.0,20.0,/home/hersco/training_new_domains/2026-08-21/statistical_replication_stage1_policy_eval/20450900_Ev_drone_drone_orig_novh_c.1_s1972442430_SR10P_src20401217_e0100.txt
20450901,20401217,drone,off,1972442430,105,3.0,20.0,/home/hersco/training_new_domains/2026-08-21/statistical_replication_stage1_policy_eval/20450901_Ev_drone_drone_orig_novh_c.1_s1972442430_SR10P_src20401217_e0105.txt
20450902,20401217,drone,off,1972442430,110,7.0,20.0,/home/hersco/training_new_domains/2026-08-21/statistical_replication_stage1_policy_eval/20450902_Ev_drone_drone_orig_novh_c.1_s1972442430_SR10P_src20401217_e0110.txt
20450903,20401217,drone,off,1972442430,115,8.0,20.0,/home/hersco/training_new_domains/2026-08-21/statistical_replication_stage1_policy_eval/20450903_Ev_drone_drone_orig_novh_c.1_s1972442430_SR10P_src20401217_e0115.txt
20450904,20401217,drone,off,1972442430,67,3.0,20.0,/home/hersco/training_new_domains/2026-08-21/statistical_replication_stage1_policy_eval/20450904_Ev_drone_drone_orig_novh_c.1_s1972442430_SR10P_src20401217_e0067.txt
20450905,20401257,rover,off,1972442430,5,2.0,20.0,/home/hersco/training_new_domains/2026-08-21/statistical_replication_stage1_policy_eval/20450905_Ev_rover_rover_orig_novh_c.1_s1972442430_SR10P_src20401257_e0005.txt
20450906,20401257,rover,off,1972442430,10,2.0,20.0,/home/hersco/training_new_domains/2026-08-21/statistical_replication_stage1_policy_eval/20450906_Ev_rover_rover_orig_novh_c.1_s1972442430_SR10P_src20401257_e0010.txt
20450907,20401257,rover,off,1972442430,15,3.0,20.0,/home/hersco/training_new_domains/2026-08-21/statistical_replication_stage1_policy_eval/20450907_Ev_rover_rover_orig_novh_c.1_s1972442430_SR10P_src20401257_e0015.txt
20450908,20401257,rover,off,1972442430,20,3.0,20.0,/home/hersco/training_new_domains/2026-08-21/statistical_replication_stage1_policy_eval/20450908_Ev_rover_rover_orig_novh_c.1_s1972442430_SR10P_src20401257_e0020.txt
20450909,20401257,rover,off,1972442430,25,3.0,20.0,/home/hersco/training_new_domains/2026-08-21/statistical_replication_stage1_policy_eval/20450909_Ev_rover_rover_orig_novh_c.1_s1972442430_SR10P_src20401257_e0025.txt
20450910,20401257,rover,off,1972442430,30,3.0,20.0,/home/hersco/training_new_domains/2026-08-21/statistical_replication_stage1_policy_eval/20450910_Ev_rover_rover_orig_novh_c.1_s1972442430_SR10P_src20401257_e0030.txt
20450911,20401257,rover,off,1972442430,35,4.0,20.0,/home/hersco/training_new_domains/2026-08-21/statistical_replication_stage1_policy_eval/20450911_Ev_rover_rover_orig_novh_c.1_s1972442430_SR10P_src20401257_e0035.txt
20450912,20401257,rover,off,1972442430,40,4.0,20.0,/home/hersco/training_new_domains/2026-08-21/statistical_replication_stage1_policy_eval/20450912_Ev_rover_rover_orig_novh_c.1_s1972442430_SR10P_src20401257_e0040.txt
20450913,20401257,rover,off,1972442430,45,4.0,20.0,/home/hersco/training_new_domains/2026-08-21/statistical_replication_stage1_policy_eval/20450913_Ev_rover_rover_orig_novh_c.1_s1972442430_SR10P_src20401257_e0045.txt
20450914,20401257,rover,off,1972442430,50,4.0,20.0,/home/hersco/training_new_domains/2026-08-21/statistical_replication_stage1_policy_eval/20450914_Ev_rover_rover_orig_novh_c.1_s1972442430_SR10P_src20401257_e0050.txt
20450915,20401257,rover,off,1972442430,55,4.0,20.0,/home/hersco/training_new_domains/2026-08-21/statistical_replication_stage1_policy_eval/20450915_Ev_rover_rover_orig_novh_c.1_s1972442430_SR10P_src20401257_e0055.txt
20450917,20401257,rover,off,1972442430,60,4.0,20.0,/home/hersco/training_new_domains/2026-08-21/statistical_replication_stage1_policy_eval/20450917_Ev_rover_rover_orig_novh_c.1_s1972442430_SR10P_src20401257_e0060.txt
20450918,20401257,rover,off,1972442430,65,4.0,20.0,/home/hersco/training_new_domains/2026-08-21/statistical_replication_stage1_policy_eval/20450918_Ev_rover_rover_orig_novh_c.1_s1972442430_SR10P_src20401257_e0065.txt
20450919,20401257,rover,off,1972442430,70,4.0,20.0,/home/hersco/training_new_domains/2026-08-21/statistical_replication_stage1_policy_eval/20450919_Ev_rover_rover_orig_novh_c.1_s1972442430_SR10P_src20401257_e0070.txt
20450920,20401257,rover,off,1972442430,75,4.0,20.0,/home/hersco/training_new_domains/2026-08-21/statistical_replication_stage1_policy_eval/20450920_Ev_rover_rover_orig_novh_c.1_s1972442430_SR10P_src20401257_e0075.txt
20450921,20401257,rover,off,1972442430,80,4.0,20.0,/home/hersco/training_new_domains/2026-08-21/statistical_replication_stage1_policy_eval/20450921_Ev_rover_rover_orig_novh_c.1_s1972442430_SR10P_src20401257_e0080.txt
20450922,20401257,rover,off,1972442430,85,4.0,20.0,/home/hersco/training_new_domains/2026-08-21/statistical_replication_stage1_policy_eval/20450922_Ev_rover_rover_orig_novh_c.1_s1972442430_SR10P_src20401257_e0085.txt
20450923,20401257,rover,off,1972442430,90,4.0,20.0,/home/hersco/training_new_domains/2026-08-21/statistical_replication_stage1_policy_eval/20450923_Ev_rover_rover_orig_novh_c.1_s1972442430_SR10P_src20401257_e0090.txt
20450924,20401257,rover,off,1972442430,95,5.0,20.0,/home/hersco/training_new_domains/2026-08-21/statistical_replication_stage1_policy_eval/20450924_Ev_rover_rover_orig_novh_c.1_s1972442430_SR10P_src20401257_e0095.txt
20450925,20401257,rover,off,1972442430,100,4.0,20.0,/home/hersco/training_new_domains/2026-08-21/statistical_replication_stage1_policy_eval/20450925_Ev_rover_rover_orig_novh_c.1_s1972442430_SR10P_src20401257_e0100.txt
20450926,20401257,rover,off,1972442430,105,4.0,20.0,/home/hersco/training_new_domains/2026-08-21/statistical_replication_stage1_policy_eval/20450926_Ev_rover_rover_orig_novh_c.1_s1972442430_SR10P_src20401257_e0105.txt
20450927,20401257,rover,off,1972442430,110,3.0,20.0,/home/hersco/training_new_domains/2026-08-21/statistical_replication_stage1_policy_eval/20450927_Ev_rover_rover_orig_novh_c.1_s1972442430_SR10P_src20401257_e0110.txt
20450928,20401257,rover,off,1972442430,115,5.0,20.0,/home/hersco/training_new_domains/2026-08-21/statistical_replication_stage1_policy_eval/20450928_Ev_rover_rover_orig_novh_c.1_s1972442430_SR10P_src20401257_e0115.txt
20450929,20401257,rover,off,1972442430,120,5.0,20.0,/home/hersco/training_new_domains/2026-08-21/statistical_replication_stage1_policy_eval/20450929_Ev_rover_rover_orig_novh_c.1_s1972442430_SR10P_src20401257_e0120.txt
20450930,20401257,rover,off,1972442430,125,5.0,20.0,/home/hersco/training_new_domains/2026-08-21/statistical_replication_stage1_policy_eval/20450930_Ev_rover_rover_orig_novh_c.1_s1972442430_SR10P_src20401257_e0125.txt
20450932,20401257,rover,off,1972442430,130,4.0,20.0,/home/hersco/training_new_domains/2026-08-21/statistical_replication_stage1_policy_eval/20450932_Ev_rover_rover_orig_novh_c.1_s1972442430_SR10P_src20401257_e0130.txt
20450933,20401257,rover,off,1972442430,135,4.0,20.0,/home/hersco/training_new_domains/2026-08-21/statistical_replication_stage1_policy_eval/20450933_Ev_rover_rover_orig_novh_c.1_s1972442430_SR10P_src20401257_e0135.txt
20450934,20401257,rover,off,1972442430,140,4.0,20.0,/home/hersco/training_new_domains/2026-08-21/statistical_replication_stage1_policy_eval/20450934_Ev_rover_rover_orig_novh_c.1_s1972442430_SR10P_src20401257_e0140.txt
20450935,20401257,rover,off,1972442430,145,4.0,20.0,/home/hersco/training_new_domains/2026-08-21/statistical_replication_stage1_policy_eval/20450935_Ev_rover_rover_orig_novh_c.1_s1972442430_SR10P_src20401257_e0145.txt
20450936,20401257,rover,off,1972442430,150,4.0,20.0,/home/hersco/training_new_domains/2026-08-21/statistical_replication_stage1_policy_eval/20450936_Ev_rover_rover_orig_novh_c.1_s1972442430_SR10P_src20401257_e0150.txt
20450937,20401257,rover,off,1972442430,155,4.0,20.0,/home/hersco/training_new_domains/2026-08-21/statistical_replication_stage1_policy_eval/20450937_Ev_rover_rover_orig_novh_c.1_s1972442430_SR10P_src20401257_e0155.txt
20450938,20401257,rover,off,1972442430,160,4.0,20.0,/home/hersco/training_new_domains/2026-08-21/statistical_replication_stage1_policy_eval/20450938_Ev_rover_rover_orig_novh_c.1_s1972442430_SR10P_src20401257_e0160.txt
20450939,20401257,rover,off,1972442430,165,4.0,20.0,/home/hersco/training_new_domains/2026-08-21/statistical_replication_stage1_policy_eval/20450939_Ev_rover_rover_orig_novh_c.1_s1972442430_SR10P_src20401257_e0165.txt
20450940,20401257,rover,off,1972442430,170,4.0,20.0,/home/hersco/training_new_domains/2026-08-21/statistical_replication_stage1_policy_eval/20450940_Ev_rover_rover_orig_novh_c.1_s1972442430_SR10P_src20401257_e0170.txt
20450941,20401257,rover,off,1972442430,175,4.0,20.0,/home/hersco/training_new_domains/2026-08-21/statistical_replication_stage1_policy_eval/20450941_Ev_rover_rover_orig_novh_c.1_s1972442430_SR10P_src20401257_e0175.txt
20450942,20401257,rover,off,1972442430,180,4.0,20.0,/home/hersco/training_new_domains/2026-08-21/statistical_replication_stage1_policy_eval/20450942_Ev_rover_rover_orig_novh_c.1_s1972442430_SR10P_src20401257_e0180.txt
20450943,20401257,rover,off,1972442430,185,4.0,20.0,/home/hersco/training_new_domains/2026-08-21/statistical_replication_stage1_policy_eval/20450943_Ev_rover_rover_orig_novh_c.1_s1972442430_SR10P_src20401257_e0185.txt
20450945,20401257,rover,off,1972442430,190,4.0,20.0,/home/hersco/training_new_domains/2026-08-21/statistical_replication_stage1_policy_eval/20450945_Ev_rover_rover_orig_novh_c.1_s1972442430_SR10P_src20401257_e0190.txt
20450946,20401257,rover,off,1972442430,195,4.0,20.0,/home/hersco/training_new_domains/2026-08-21/statistical_replication_stage1_policy_eval/20450946_Ev_rover_rover_orig_novh_c.1_s1972442430_SR10P_src20401257_e0195.txt
20450947,20401257,rover,off,1972442430,200,4.0,20.0,/home/hersco/training_new_domains/2026-08-21/statistical_replication_stage1_policy_eval/20450947_Ev_rover_rover_orig_novh_c.1_s1972442430_SR10P_src20401257_e0200.txt
20450948,20401257,rover,off,1972442430,205,4.0,20.0,/home/hersco/training_new_domains/2026-08-21/statistical_replication_stage1_policy_eval/20450948_Ev_rover_rover_orig_novh_c.1_s1972442430_SR10P_src20401257_e0205.txt
20450949,20401257,rover,off,1972442430,210,4.0,20.0,/home/hersco/training_new_domains/2026-08-21/statistical_replication_stage1_policy_eval/20450949_Ev_rover_rover_orig_novh_c.1_s1972442430_SR10P_src20401257_e0210.txt
20450950,20401257,rover,off,1972442430,215,4.0,20.0,/home/hersco/training_new_domains/2026-08-21/statistical_replication_stage1_policy_eval/20450950_Ev_rover_rover_orig_novh_c.1_s1972442430_SR10P_src20401257_e0215.txt
20450951,20401257,rover,off,1972442430,220,4.0,20.0,/home/hersco/training_new_domains/2026-08-21/statistical_replication_stage1_policy_eval/20450951_Ev_rover_rover_orig_novh_c.1_s1972442430_SR10P_src20401257_e0220.txt
20450952,20401257,rover,off,1972442430,225,4.0,20.0,/home/hersco/training_new_domains/2026-08-21/statistical_replication_stage1_policy_eval/20450952_Ev_rover_rover_orig_novh_c.1_s1972442430_SR10P_src20401257_e0225.txt
20450953,20401257,rover,off,1972442430,230,4.0,20.0,/home/hersco/training_new_domains/2026-08-21/statistical_replication_stage1_policy_eval/20450953_Ev_rover_rover_orig_novh_c.1_s1972442430_SR10P_src20401257_e0230.txt
20450954,20401257,rover,off,1972442430,235,4.0,20.0,/home/hersco/training_new_domains/2026-08-21/statistical_replication_stage1_policy_eval/20450954_Ev_rover_rover_orig_novh_c.1_s1972442430_SR10P_src20401257_e0235.txt
20450955,20401257,rover,off,1972442430,240,4.0,20.0,/home/hersco/training_new_domains/2026-08-21/statistical_replication_stage1_policy_eval/20450955_Ev_rover_rover_orig_novh_c.1_s1972442430_SR10P_src20401257_e0240.txt
20450956,20401257,rover,off,1972442430,245,4.0,20.0,/home/hersco/training_new_domains/2026-08-21/statistical_replication_stage1_policy_eval/20450956_Ev_rover_rover_orig_novh_c.1_s1972442430_SR10P_src20401257_e0245.txt
20450957,20401257,rover,off,1972442430,250,4.0,20.0,/home/hersco/training_new_domains/2026-08-21/statistical_replication_stage1_policy_eval/20450957_Ev_rover_rover_orig_novh_c.1_s1972442430_SR10P_src20401257_e0250.txt
20450959,20401257,rover,off,1972442430,255,4.0,20.0,/home/hersco/training_new_domains/2026-08-21/statistical_replication_stage1_policy_eval/20450959_Ev_rover_rover_orig_novh_c.1_s1972442430_SR10P_src20401257_e0255.txt
20450960,20401257,rover,off,1972442430,260,4.0,20.0,/home/hersco/training_new_domains/2026-08-21/statistical_replication_stage1_policy_eval/20450960_Ev_rover_rover_orig_novh_c.1_s1972442430_SR10P_src20401257_e0260.txt
20450961,20401257,rover,off,1972442430,265,4.0,20.0,/home/hersco/training_new_domains/2026-08-21/statistical_replication_stage1_policy_eval/20450961_Ev_rover_rover_orig_novh_c.1_s1972442430_SR10P_src20401257_e0265.txt
20450962,20401257,rover,off,1972442430,270,4.0,20.0,/home/hersco/training_new_domains/2026-08-21/statistical_replication_stage1_policy_eval/20450962_Ev_rover_rover_orig_novh_c.1_s1972442430_SR10P_src20401257_e0270.txt
20450963,20401257,rover,off,1972442430,275,4.0,20.0,/home/hersco/training_new_domains/2026-08-21/statistical_replication_stage1_policy_eval/20450963_Ev_rover_rover_orig_novh_c.1_s1972442430_SR10P_src20401257_e0275.txt
20450964,20401257,rover,off,1972442430,280,4.0,20.0,/home/hersco/training_new_domains/2026-08-21/statistical_replication_stage1_policy_eval/20450964_Ev_rover_rover_orig_novh_c.1_s1972442430_SR10P_src20401257_e0280.txt
20450965,20401257,rover,off,1972442430,285,4.0,20.0,/home/hersco/training_new_domains/2026-08-21/statistical_replication_stage1_policy_eval/20450965_Ev_rover_rover_orig_novh_c.1_s1972442430_SR10P_src20401257_e0285.txt
