seed,instance,policy_success,mcts_success,classification,mcts_status,mcts_elapsed_seconds,policy_job,mcts_job,policy_job_state,mcts_job_state,policy_log,mcts_log
1963100312,fz_instance_2.pddl,1,1,both_success,success,7.540,20451601,20649844,COMPLETED,COMPLETED,/home/hersco/training_new_domains/2026-08-21/statistical_replication_stage2_policy_eval/20451601_Ev_counters_counters_orig_novh_c.1_s1963100312_SR10P_src20430416_e0033.txt,/home/hersco/training_new_domains/2026-08-27/statistical_replication_stage2_mcts_eval/20649844_Ev_counters_counters_mcts_orig_novh_e.5_c.1_s1963100312_K0_SR10M_src20430416_e0033.txt
1963100312,fz_instance_3.pddl,1,1,both_success,success,7.800,20451601,20649844,COMPLETED,COMPLETED,/home/hersco/training_new_domains/2026-08-21/statistical_replication_stage2_policy_eval/20451601_Ev_counters_counters_orig_novh_c.1_s1963100312_SR10P_src20430416_e0033.txt,/home/hersco/training_new_domains/2026-08-27/statistical_replication_stage2_mcts_eval/20649844_Ev_counters_counters_mcts_orig_novh_e.5_c.1_s1963100312_K0_SR10M_src20430416_e0033.txt
1963100312,fz_instance_4.pddl,1,1,both_success,success,12.060,20451601,20649844,COMPLETED,COMPLETED,/home/hersco/training_new_domains/2026-08-21/statistical_replication_stage2_policy_eval/20451601_Ev_counters_counters_orig_novh_c.1_s1963100312_SR10P_src20430416_e0033.txt,/home/hersco/training_new_domains/2026-08-27/statistical_replication_stage2_mcts_eval/20649844_Ev_counters_counters_mcts_orig_novh_e.5_c.1_s1963100312_K0_SR10M_src20430416_e0033.txt
1963100312,fz_instance_5.pddl,1,1,both_success,success,10.060,20451601,20649844,COMPLETED,COMPLETED,/home/hersco/training_new_domains/2026-08-21/statistical_replication_stage2_policy_eval/20451601_Ev_counters_counters_orig_novh_c.1_s1963100312_SR10P_src20430416_e0033.txt,/home/hersco/training_new_domains/2026-08-27/statistical_replication_stage2_mcts_eval/20649844_Ev_counters_counters_mcts_orig_novh_e.5_c.1_s1963100312_K0_SR10M_src20430416_e0033.txt
1963100312,fz_instance_6.pddl,1,1,both_success,success,11.300,20451601,20649844,COMPLETED,COMPLETED,/home/hersco/training_new_domains/2026-08-21/statistical_replication_stage2_policy_eval/20451601_Ev_counters_counters_orig_novh_c.1_s1963100312_SR10P_src20430416_e0033.txt,/home/hersco/training_new_domains/2026-08-27/statistical_replication_stage2_mcts_eval/20649844_Ev_counters_counters_mcts_orig_novh_e.5_c.1_s1963100312_K0_SR10M_src20430416_e0033.txt
1963100312,fz_instance_7.pddl,1,1,both_success,success,12.560,20451601,20649844,COMPLETED,COMPLETED,/home/hersco/training_new_domains/2026-08-21/statistical_replication_stage2_policy_eval/20451601_Ev_counters_counters_orig_novh_c.1_s1963100312_SR10P_src20430416_e0033.txt,/home/hersco/training_new_domains/2026-08-27/statistical_replication_stage2_mcts_eval/20649844_Ev_counters_counters_mcts_orig_novh_e.5_c.1_s1963100312_K0_SR10M_src20430416_e0033.txt
1963100312,fz_instance_8.pddl,1,1,both_success,success,15.320,20451601,20649844,COMPLETED,COMPLETED,/home/hersco/training_new_domains/2026-08-21/statistical_replication_stage2_policy_eval/20451601_Ev_counters_counters_orig_novh_c.1_s1963100312_SR10P_src20430416_e0033.txt,/home/hersco/training_new_domains/2026-08-27/statistical_replication_stage2_mcts_eval/20649844_Ev_counters_counters_mcts_orig_novh_e.5_c.1_s1963100312_K0_SR10M_src20430416_e0033.txt
1963100312,fz_instance_9.pddl,1,1,both_success,success,15.810,20451601,20649844,COMPLETED,COMPLETED,/home/hersco/training_new_domains/2026-08-21/statistical_replication_stage2_policy_eval/20451601_Ev_counters_counters_orig_novh_c.1_s1963100312_SR10P_src20430416_e0033.txt,/home/hersco/training_new_domains/2026-08-27/statistical_replication_stage2_mcts_eval/20649844_Ev_counters_counters_mcts_orig_novh_e.5_c.1_s1963100312_K0_SR10M_src20430416_e0033.txt
1963100312,fz_instance_10.pddl,1,1,both_success,success,18.570,20451601,20649844,COMPLETED,COMPLETED,/home/hersco/training_new_domains/2026-08-21/statistical_replication_stage2_policy_eval/20451601_Ev_counters_counters_orig_novh_c.1_s1963100312_SR10P_src20430416_e0033.txt,/home/hersco/training_new_domains/2026-08-27/statistical_replication_stage2_mcts_eval/20649844_Ev_counters_counters_mcts_orig_novh_e.5_c.1_s1963100312_K0_SR10M_src20430416_e0033.txt
1963100312,fz_instance_11.pddl,1,1,both_success,success,24.080,20451601,20649844,COMPLETED,COMPLETED,/home/hersco/training_new_domains/2026-08-21/statistical_replication_stage2_policy_eval/20451601_Ev_counters_counters_orig_novh_c.1_s1963100312_SR10P_src20430416_e0033.txt,/home/hersco/training_new_domains/2026-08-27/statistical_replication_stage2_mcts_eval/20649844_Ev_counters_counters_mcts_orig_novh_e.5_c.1_s1963100312_K0_SR10M_src20430416_e0033.txt
1963100312,fz_instance_12.pddl,1,1,both_success,success,28.850,20451601,20649844,COMPLETED,COMPLETED,/home/hersco/training_new_domains/2026-08-21/statistical_replication_stage2_policy_eval/20451601_Ev_counters_counters_orig_novh_c.1_s1963100312_SR10P_src20430416_e0033.txt,/home/hersco/training_new_domains/2026-08-27/statistical_replication_stage2_mcts_eval/20649844_Ev_counters_counters_mcts_orig_novh_e.5_c.1_s1963100312_K0_SR10M_src20430416_e0033.txt
1963100312,fz_instance_13.pddl,1,1,both_success,success,30.090,20451601,20649844,COMPLETED,COMPLETED,/home/hersco/training_new_domains/2026-08-21/statistical_replication_stage2_policy_eval/20451601_Ev_counters_counters_orig_novh_c.1_s1963100312_SR10P_src20430416_e0033.txt,/home/hersco/training_new_domains/2026-08-27/statistical_replication_stage2_mcts_eval/20649844_Ev_counters_counters_mcts_orig_novh_e.5_c.1_s1963100312_K0_SR10M_src20430416_e0033.txt
1963100312,fz_instance_14.pddl,1,1,both_success,success,33.890,20451601,20649844,COMPLETED,COMPLETED,/home/hersco/training_new_domains/2026-08-21/statistical_replication_stage2_policy_eval/20451601_Ev_counters_counters_orig_novh_c.1_s1963100312_SR10P_src20430416_e0033.txt,/home/hersco/training_new_domains/2026-08-27/statistical_replication_stage2_mcts_eval/20649844_Ev_counters_counters_mcts_orig_novh_e.5_c.1_s1963100312_K0_SR10M_src20430416_e0033.txt
1963100312,fz_instance_15.pddl,1,1,both_success,success,38.650,20451601,20649844,COMPLETED,COMPLETED,/home/hersco/training_new_domains/2026-08-21/statistical_replication_stage2_policy_eval/20451601_Ev_counters_counters_orig_novh_c.1_s1963100312_SR10P_src20430416_e0033.txt,/home/hersco/training_new_domains/2026-08-27/statistical_replication_stage2_mcts_eval/20649844_Ev_counters_counters_mcts_orig_novh_e.5_c.1_s1963100312_K0_SR10M_src20430416_e0033.txt
1963100312,fz_instance_16.pddl,1,1,both_success,success,34.170,20451601,20649844,COMPLETED,COMPLETED,/home/hersco/training_new_domains/2026-08-21/statistical_replication_stage2_policy_eval/20451601_Ev_counters_counters_orig_novh_c.1_s1963100312_SR10P_src20430416_e0033.txt,/home/hersco/training_new_domains/2026-08-27/statistical_replication_stage2_mcts_eval/20649844_Ev_counters_counters_mcts_orig_novh_e.5_c.1_s1963100312_K0_SR10M_src20430416_e0033.txt
1963100312,fz_instance_17.pddl,1,1,both_success,success,47.200,20451601,20649844,COMPLETED,COMPLETED,/home/hersco/training_new_domains/2026-08-21/statistical_replication_stage2_policy_eval/20451601_Ev_counters_counters_orig_novh_c.1_s1963100312_SR10P_src20430416_e0033.txt,/home/hersco/training_new_domains/2026-08-27/statistical_replication_stage2_mcts_eval/20649844_Ev_counters_counters_mcts_orig_novh_e.5_c.1_s1963100312_K0_SR10M_src20430416_e0033.txt
1963100312,fz_instance_18.pddl,1,1,both_success,success,54.390,20451601,20649844,COMPLETED,COMPLETED,/home/hersco/training_new_domains/2026-08-21/statistical_replication_stage2_policy_eval/20451601_Ev_counters_counters_orig_novh_c.1_s1963100312_SR10P_src20430416_e0033.txt,/home/hersco/training_new_domains/2026-08-27/statistical_replication_stage2_mcts_eval/20649844_Ev_counters_counters_mcts_orig_novh_e.5_c.1_s1963100312_K0_SR10M_src20430416_e0033.txt
1963100312,fz_instance_19.pddl,1,1,both_success,success,56.930,20451601,20649844,COMPLETED,COMPLETED,/home/hersco/training_new_domains/2026-08-21/statistical_replication_stage2_policy_eval/20451601_Ev_counters_counters_orig_novh_c.1_s1963100312_SR10P_src20430416_e0033.txt,/home/hersco/training_new_domains/2026-08-27/statistical_replication_stage2_mcts_eval/20649844_Ev_counters_counters_mcts_orig_novh_e.5_c.1_s1963100312_K0_SR10M_src20430416_e0033.txt
1963100312,fz_instance_20.pddl,1,1,both_success,success,66.980,20451601,20649844,COMPLETED,COMPLETED,/home/hersco/training_new_domains/2026-08-21/statistical_replication_stage2_policy_eval/20451601_Ev_counters_counters_orig_novh_c.1_s1963100312_SR10P_src20430416_e0033.txt,/home/hersco/training_new_domains/2026-08-27/statistical_replication_stage2_mcts_eval/20649844_Ev_counters_counters_mcts_orig_novh_e.5_c.1_s1963100312_K0_SR10M_src20430416_e0033.txt
1963100312,fz_instance_21.pddl,1,1,both_success,success,78.230,20451601,20649844,COMPLETED,COMPLETED,/home/hersco/training_new_domains/2026-08-21/statistical_replication_stage2_policy_eval/20451601_Ev_counters_counters_orig_novh_c.1_s1963100312_SR10P_src20430416_e0033.txt,/home/hersco/training_new_domains/2026-08-27/statistical_replication_stage2_mcts_eval/20649844_Ev_counters_counters_mcts_orig_novh_e.5_c.1_s1963100312_K0_SR10M_src20430416_e0033.txt
1963100312,fz_instance_22.pddl,1,1,both_success,success,66.640,20451601,20649844,COMPLETED,COMPLETED,/home/hersco/training_new_domains/2026-08-21/statistical_replication_stage2_policy_eval/20451601_Ev_counters_counters_orig_novh_c.1_s1963100312_SR10P_src20430416_e0033.txt,/home/hersco/training_new_domains/2026-08-27/statistical_replication_stage2_mcts_eval/20649844_Ev_counters_counters_mcts_orig_novh_e.5_c.1_s1963100312_K0_SR10M_src20430416_e0033.txt
1963100312,fz_instance_23.pddl,1,1,both_success,success,90.960,20451601,20649844,COMPLETED,COMPLETED,/home/hersco/training_new_domains/2026-08-21/statistical_replication_stage2_policy_eval/20451601_Ev_counters_counters_orig_novh_c.1_s1963100312_SR10P_src20430416_e0033.txt,/home/hersco/training_new_domains/2026-08-27/statistical_replication_stage2_mcts_eval/20649844_Ev_counters_counters_mcts_orig_novh_e.5_c.1_s1963100312_K0_SR10M_src20430416_e0033.txt
1963100312,fz_instance_24.pddl,1,1,both_success,success,102.330,20451601,20649844,COMPLETED,COMPLETED,/home/hersco/training_new_domains/2026-08-21/statistical_replication_stage2_policy_eval/20451601_Ev_counters_counters_orig_novh_c.1_s1963100312_SR10P_src20430416_e0033.txt,/home/hersco/training_new_domains/2026-08-27/statistical_replication_stage2_mcts_eval/20649844_Ev_counters_counters_mcts_orig_novh_e.5_c.1_s1963100312_K0_SR10M_src20430416_e0033.txt
1963100312,fz_instance_25.pddl,1,1,both_success,success,132.140,20451601,20649844,COMPLETED,COMPLETED,/home/hersco/training_new_domains/2026-08-21/statistical_replication_stage2_policy_eval/20451601_Ev_counters_counters_orig_novh_c.1_s1963100312_SR10P_src20430416_e0033.txt,/home/hersco/training_new_domains/2026-08-27/statistical_replication_stage2_mcts_eval/20649844_Ev_counters_counters_mcts_orig_novh_e.5_c.1_s1963100312_K0_SR10M_src20430416_e0033.txt
1963100312,fz_instance_26.pddl,1,1,both_success,success,164.120,20451601,20649844,COMPLETED,COMPLETED,/home/hersco/training_new_domains/2026-08-21/statistical_replication_stage2_policy_eval/20451601_Ev_counters_counters_orig_novh_c.1_s1963100312_SR10P_src20430416_e0033.txt,/home/hersco/training_new_domains/2026-08-27/statistical_replication_stage2_mcts_eval/20649844_Ev_counters_counters_mcts_orig_novh_e.5_c.1_s1963100312_K0_SR10M_src20430416_e0033.txt
1963100312,fz_instance_27.pddl,1,1,both_success,success,97.710,20451601,20649844,COMPLETED,COMPLETED,/home/hersco/training_new_domains/2026-08-21/statistical_replication_stage2_policy_eval/20451601_Ev_counters_counters_orig_novh_c.1_s1963100312_SR10P_src20430416_e0033.txt,/home/hersco/training_new_domains/2026-08-27/statistical_replication_stage2_mcts_eval/20649844_Ev_counters_counters_mcts_orig_novh_e.5_c.1_s1963100312_K0_SR10M_src20430416_e0033.txt
1963100312,fz_instance_28.pddl,1,1,both_success,success,219.960,20451601,20649844,COMPLETED,COMPLETED,/home/hersco/training_new_domains/2026-08-21/statistical_replication_stage2_policy_eval/20451601_Ev_counters_counters_orig_novh_c.1_s1963100312_SR10P_src20430416_e0033.txt,/home/hersco/training_new_domains/2026-08-27/statistical_replication_stage2_mcts_eval/20649844_Ev_counters_counters_mcts_orig_novh_e.5_c.1_s1963100312_K0_SR10M_src20430416_e0033.txt
1963100312,fz_instance_29.pddl,1,1,both_success,success,260.620,20451601,20649844,COMPLETED,COMPLETED,/home/hersco/training_new_domains/2026-08-21/statistical_replication_stage2_policy_eval/20451601_Ev_counters_counters_orig_novh_c.1_s1963100312_SR10P_src20430416_e0033.txt,/home/hersco/training_new_domains/2026-08-27/statistical_replication_stage2_mcts_eval/20649844_Ev_counters_counters_mcts_orig_novh_e.5_c.1_s1963100312_K0_SR10M_src20430416_e0033.txt
1963100312,fz_instance_30.pddl,1,1,both_success,success,354.860,20451601,20649844,COMPLETED,COMPLETED,/home/hersco/training_new_domains/2026-08-21/statistical_replication_stage2_policy_eval/20451601_Ev_counters_counters_orig_novh_c.1_s1963100312_SR10P_src20430416_e0033.txt,/home/hersco/training_new_domains/2026-08-27/statistical_replication_stage2_mcts_eval/20649844_Ev_counters_counters_mcts_orig_novh_e.5_c.1_s1963100312_K0_SR10M_src20430416_e0033.txt
1963100312,fz_instance_31.pddl,1,1,both_success,success,423.190,20451601,20649844,COMPLETED,COMPLETED,/home/hersco/training_new_domains/2026-08-21/statistical_replication_stage2_policy_eval/20451601_Ev_counters_counters_orig_novh_c.1_s1963100312_SR10P_src20430416_e0033.txt,/home/hersco/training_new_domains/2026-08-27/statistical_replication_stage2_mcts_eval/20649844_Ev_counters_counters_mcts_orig_novh_e.5_c.1_s1963100312_K0_SR10M_src20430416_e0033.txt
1963100312,fz_instance_32.pddl,1,1,both_success,success,544.070,20451601,20649844,COMPLETED,COMPLETED,/home/hersco/training_new_domains/2026-08-21/statistical_replication_stage2_policy_eval/20451601_Ev_counters_counters_orig_novh_c.1_s1963100312_SR10P_src20430416_e0033.txt,/home/hersco/training_new_domains/2026-08-27/statistical_replication_stage2_mcts_eval/20649844_Ev_counters_counters_mcts_orig_novh_e.5_c.1_s1963100312_K0_SR10M_src20430416_e0033.txt
1963100312,fz_instance_33.pddl,1,1,both_success,success,670.550,20451601,20649844,COMPLETED,COMPLETED,/home/hersco/training_new_domains/2026-08-21/statistical_replication_stage2_policy_eval/20451601_Ev_counters_counters_orig_novh_c.1_s1963100312_SR10P_src20430416_e0033.txt,/home/hersco/training_new_domains/2026-08-27/statistical_replication_stage2_mcts_eval/20649844_Ev_counters_counters_mcts_orig_novh_e.5_c.1_s1963100312_K0_SR10M_src20430416_e0033.txt
1963100312,fz_instance_34.pddl,1,1,both_success,success,722.320,20451601,20649844,COMPLETED,COMPLETED,/home/hersco/training_new_domains/2026-08-21/statistical_replication_stage2_policy_eval/20451601_Ev_counters_counters_orig_novh_c.1_s1963100312_SR10P_src20430416_e0033.txt,/home/hersco/training_new_domains/2026-08-27/statistical_replication_stage2_mcts_eval/20649844_Ev_counters_counters_mcts_orig_novh_e.5_c.1_s1963100312_K0_SR10M_src20430416_e0033.txt
1963100312,fz_instance_35.pddl,1,1,both_success,success,975.420,20451601,20649844,COMPLETED,COMPLETED,/home/hersco/training_new_domains/2026-08-21/statistical_replication_stage2_policy_eval/20451601_Ev_counters_counters_orig_novh_c.1_s1963100312_SR10P_src20430416_e0033.txt,/home/hersco/training_new_domains/2026-08-27/statistical_replication_stage2_mcts_eval/20649844_Ev_counters_counters_mcts_orig_novh_e.5_c.1_s1963100312_K0_SR10M_src20430416_e0033.txt
1963100312,fz_instance_36.pddl,1,1,both_success,success,953.620,20451601,20649844,COMPLETED,COMPLETED,/home/hersco/training_new_domains/2026-08-21/statistical_replication_stage2_policy_eval/20451601_Ev_counters_counters_orig_novh_c.1_s1963100312_SR10P_src20430416_e0033.txt,/home/hersco/training_new_domains/2026-08-27/statistical_replication_stage2_mcts_eval/20649844_Ev_counters_counters_mcts_orig_novh_e.5_c.1_s1963100312_K0_SR10M_src20430416_e0033.txt
1963100312,fz_instance_37.pddl,1,1,both_success,success,1094.440,20451601,20649844,COMPLETED,COMPLETED,/home/hersco/training_new_domains/2026-08-21/statistical_replication_stage2_policy_eval/20451601_Ev_counters_counters_orig_novh_c.1_s1963100312_SR10P_src20430416_e0033.txt,/home/hersco/training_new_domains/2026-08-27/statistical_replication_stage2_mcts_eval/20649844_Ev_counters_counters_mcts_orig_novh_e.5_c.1_s1963100312_K0_SR10M_src20430416_e0033.txt
1963100312,fz_instance_38.pddl,1,1,both_success,success,1220.710,20451601,20649844,COMPLETED,COMPLETED,/home/hersco/training_new_domains/2026-08-21/statistical_replication_stage2_policy_eval/20451601_Ev_counters_counters_orig_novh_c.1_s1963100312_SR10P_src20430416_e0033.txt,/home/hersco/training_new_domains/2026-08-27/statistical_replication_stage2_mcts_eval/20649844_Ev_counters_counters_mcts_orig_novh_e.5_c.1_s1963100312_K0_SR10M_src20430416_e0033.txt
1963100312,fz_instance_39.pddl,1,1,both_success,success,1374.520,20451601,20649844,COMPLETED,COMPLETED,/home/hersco/training_new_domains/2026-08-21/statistical_replication_stage2_policy_eval/20451601_Ev_counters_counters_orig_novh_c.1_s1963100312_SR10P_src20430416_e0033.txt,/home/hersco/training_new_domains/2026-08-27/statistical_replication_stage2_mcts_eval/20649844_Ev_counters_counters_mcts_orig_novh_e.5_c.1_s1963100312_K0_SR10M_src20430416_e0033.txt
1963100312,fz_instance_40.pddl,1,1,both_success,success,1928.660,20451601,20649844,COMPLETED,COMPLETED,/home/hersco/training_new_domains/2026-08-21/statistical_replication_stage2_policy_eval/20451601_Ev_counters_counters_orig_novh_c.1_s1963100312_SR10P_src20430416_e0033.txt,/home/hersco/training_new_domains/2026-08-27/statistical_replication_stage2_mcts_eval/20649844_Ev_counters_counters_mcts_orig_novh_e.5_c.1_s1963100312_K0_SR10M_src20430416_e0033.txt
1963100312,fz_instance_41.pddl,1,1,both_success,success,2488.630,20451601,20649844,COMPLETED,COMPLETED,/home/hersco/training_new_domains/2026-08-21/statistical_replication_stage2_policy_eval/20451601_Ev_counters_counters_orig_novh_c.1_s1963100312_SR10P_src20430416_e0033.txt,/home/hersco/training_new_domains/2026-08-27/statistical_replication_stage2_mcts_eval/20649844_Ev_counters_counters_mcts_orig_novh_e.5_c.1_s1963100312_K0_SR10M_src20430416_e0033.txt
1963100312,fz_instance_42.pddl,1,1,both_success,success,1763.190,20451601,20649844,COMPLETED,COMPLETED,/home/hersco/training_new_domains/2026-08-21/statistical_replication_stage2_policy_eval/20451601_Ev_counters_counters_orig_novh_c.1_s1963100312_SR10P_src20430416_e0033.txt,/home/hersco/training_new_domains/2026-08-27/statistical_replication_stage2_mcts_eval/20649844_Ev_counters_counters_mcts_orig_novh_e.5_c.1_s1963100312_K0_SR10M_src20430416_e0033.txt
1963100312,fz_instance_43.pddl,1,1,both_success,success,1627.000,20451601,20649844,COMPLETED,COMPLETED,/home/hersco/training_new_domains/2026-08-21/statistical_replication_stage2_policy_eval/20451601_Ev_counters_counters_orig_novh_c.1_s1963100312_SR10P_src20430416_e0033.txt,/home/hersco/training_new_domains/2026-08-27/statistical_replication_stage2_mcts_eval/20649844_Ev_counters_counters_mcts_orig_novh_e.5_c.1_s1963100312_K0_SR10M_src20430416_e0033.txt
1963100312,fz_instance_44.pddl,1,1,both_success,success,2389.390,20451601,20649844,COMPLETED,COMPLETED,/home/hersco/training_new_domains/2026-08-21/statistical_replication_stage2_policy_eval/20451601_Ev_counters_counters_orig_novh_c.1_s1963100312_SR10P_src20430416_e0033.txt,/home/hersco/training_new_domains/2026-08-27/statistical_replication_stage2_mcts_eval/20649844_Ev_counters_counters_mcts_orig_novh_e.5_c.1_s1963100312_K0_SR10M_src20430416_e0033.txt
1963100312,fz_instance_45.pddl,1,1,both_success,success,2677.020,20451601,20649844,COMPLETED,COMPLETED,/home/hersco/training_new_domains/2026-08-21/statistical_replication_stage2_policy_eval/20451601_Ev_counters_counters_orig_novh_c.1_s1963100312_SR10P_src20430416_e0033.txt,/home/hersco/training_new_domains/2026-08-27/statistical_replication_stage2_mcts_eval/20649844_Ev_counters_counters_mcts_orig_novh_e.5_c.1_s1963100312_K0_SR10M_src20430416_e0033.txt
1963100312,fz_instance_46.pddl,1,1,both_success,success,3330.870,20451601,20649844,COMPLETED,COMPLETED,/home/hersco/training_new_domains/2026-08-21/statistical_replication_stage2_policy_eval/20451601_Ev_counters_counters_orig_novh_c.1_s1963100312_SR10P_src20430416_e0033.txt,/home/hersco/training_new_domains/2026-08-27/statistical_replication_stage2_mcts_eval/20649844_Ev_counters_counters_mcts_orig_novh_e.5_c.1_s1963100312_K0_SR10M_src20430416_e0033.txt
1963100312,fz_instance_47.pddl,1,1,both_success,success,3668.590,20451601,20649844,COMPLETED,COMPLETED,/home/hersco/training_new_domains/2026-08-21/statistical_replication_stage2_policy_eval/20451601_Ev_counters_counters_orig_novh_c.1_s1963100312_SR10P_src20430416_e0033.txt,/home/hersco/training_new_domains/2026-08-27/statistical_replication_stage2_mcts_eval/20649844_Ev_counters_counters_mcts_orig_novh_e.5_c.1_s1963100312_K0_SR10M_src20430416_e0033.txt
1963100312,fz_instance_48.pddl,1,1,both_success,success,3987.540,20451601,20649844,COMPLETED,COMPLETED,/home/hersco/training_new_domains/2026-08-21/statistical_replication_stage2_policy_eval/20451601_Ev_counters_counters_orig_novh_c.1_s1963100312_SR10P_src20430416_e0033.txt,/home/hersco/training_new_domains/2026-08-27/statistical_replication_stage2_mcts_eval/20649844_Ev_counters_counters_mcts_orig_novh_e.5_c.1_s1963100312_K0_SR10M_src20430416_e0033.txt
1963100312,fz_instance_49.pddl,1,1,both_success,success,4513.480,20451601,20649844,COMPLETED,COMPLETED,/home/hersco/training_new_domains/2026-08-21/statistical_replication_stage2_policy_eval/20451601_Ev_counters_counters_orig_novh_c.1_s1963100312_SR10P_src20430416_e0033.txt,/home/hersco/training_new_domains/2026-08-27/statistical_replication_stage2_mcts_eval/20649844_Ev_counters_counters_mcts_orig_novh_e.5_c.1_s1963100312_K0_SR10M_src20430416_e0033.txt
1963100312,fz_instance_50.pddl,1,1,both_success,success,5586.100,20451601,20649844,COMPLETED,COMPLETED,/home/hersco/training_new_domains/2026-08-21/statistical_replication_stage2_policy_eval/20451601_Ev_counters_counters_orig_novh_c.1_s1963100312_SR10P_src20430416_e0033.txt,/home/hersco/training_new_domains/2026-08-27/statistical_replication_stage2_mcts_eval/20649844_Ev_counters_counters_mcts_orig_novh_e.5_c.1_s1963100312_K0_SR10M_src20430416_e0033.txt
1963100312,fz_instance_51.pddl,1,0,policy_only_success,unsolved,18738.050,20451601,20649844,COMPLETED,COMPLETED,/home/hersco/training_new_domains/2026-08-21/statistical_replication_stage2_policy_eval/20451601_Ev_counters_counters_orig_novh_c.1_s1963100312_SR10P_src20430416_e0033.txt,/home/hersco/training_new_domains/2026-08-27/statistical_replication_stage2_mcts_eval/20649844_Ev_counters_counters_mcts_orig_novh_e.5_c.1_s1963100312_K0_SR10M_src20430416_e0033.txt
1963100312,fz_instance_52.pddl,1,0,policy_only_success,unsolved,8906.580,20451601,20649844,COMPLETED,COMPLETED,/home/hersco/training_new_domains/2026-08-21/statistical_replication_stage2_policy_eval/20451601_Ev_counters_counters_orig_novh_c.1_s1963100312_SR10P_src20430416_e0033.txt,/home/hersco/training_new_domains/2026-08-27/statistical_replication_stage2_mcts_eval/20649844_Ev_counters_counters_mcts_orig_novh_e.5_c.1_s1963100312_K0_SR10M_src20430416_e0033.txt
1963100312,fz_instance_53.pddl,1,0,policy_only_success,unsolved,7130.240,20451601,20649844,COMPLETED,COMPLETED,/home/hersco/training_new_domains/2026-08-21/statistical_replication_stage2_policy_eval/20451601_Ev_counters_counters_orig_novh_c.1_s1963100312_SR10P_src20430416_e0033.txt,/home/hersco/training_new_domains/2026-08-27/statistical_replication_stage2_mcts_eval/20649844_Ev_counters_counters_mcts_orig_novh_e.5_c.1_s1963100312_K0_SR10M_src20430416_e0033.txt
1963100312,fz_instance_54.pddl,1,0,policy_only_success,unsolved,10645.530,20451601,20649844,COMPLETED,COMPLETED,/home/hersco/training_new_domains/2026-08-21/statistical_replication_stage2_policy_eval/20451601_Ev_counters_counters_orig_novh_c.1_s1963100312_SR10P_src20430416_e0033.txt,/home/hersco/training_new_domains/2026-08-27/statistical_replication_stage2_mcts_eval/20649844_Ev_counters_counters_mcts_orig_novh_e.5_c.1_s1963100312_K0_SR10M_src20430416_e0033.txt
1963100312,fz_instance_55.pddl,1,0,policy_only_success,unsolved,16599.180,20451601,20649844,COMPLETED,COMPLETED,/home/hersco/training_new_domains/2026-08-21/statistical_replication_stage2_policy_eval/20451601_Ev_counters_counters_orig_novh_c.1_s1963100312_SR10P_src20430416_e0033.txt,/home/hersco/training_new_domains/2026-08-27/statistical_replication_stage2_mcts_eval/20649844_Ev_counters_counters_mcts_orig_novh_e.5_c.1_s1963100312_K0_SR10M_src20430416_e0033.txt
1963100312,fz_instance_56.pddl,1,0,policy_only_success,unsolved,10174.340,20451601,20649844,COMPLETED,COMPLETED,/home/hersco/training_new_domains/2026-08-21/statistical_replication_stage2_policy_eval/20451601_Ev_counters_counters_orig_novh_c.1_s1963100312_SR10P_src20430416_e0033.txt,/home/hersco/training_new_domains/2026-08-27/statistical_replication_stage2_mcts_eval/20649844_Ev_counters_counters_mcts_orig_novh_e.5_c.1_s1963100312_K0_SR10M_src20430416_e0033.txt
1963100312,fz_instance_57.pddl,1,0,policy_only_success,unsolved,13739.100,20451601,20649844,COMPLETED,COMPLETED,/home/hersco/training_new_domains/2026-08-21/statistical_replication_stage2_policy_eval/20451601_Ev_counters_counters_orig_novh_c.1_s1963100312_SR10P_src20430416_e0033.txt,/home/hersco/training_new_domains/2026-08-27/statistical_replication_stage2_mcts_eval/20649844_Ev_counters_counters_mcts_orig_novh_e.5_c.1_s1963100312_K0_SR10M_src20430416_e0033.txt
1963100312,fz_instance_58.pddl,1,0,policy_only_success,not_completed,,20451601,20649844,COMPLETED,COMPLETED,/home/hersco/training_new_domains/2026-08-21/statistical_replication_stage2_policy_eval/20451601_Ev_counters_counters_orig_novh_c.1_s1963100312_SR10P_src20430416_e0033.txt,/home/hersco/training_new_domains/2026-08-27/statistical_replication_stage2_mcts_eval/20649844_Ev_counters_counters_mcts_orig_novh_e.5_c.1_s1963100312_K0_SR10M_src20430416_e0033.txt
1963100312,fz_instance_59.pddl,1,0,policy_only_success,unsolved,15280.770,20451601,20649844,COMPLETED,COMPLETED,/home/hersco/training_new_domains/2026-08-21/statistical_replication_stage2_policy_eval/20451601_Ev_counters_counters_orig_novh_c.1_s1963100312_SR10P_src20430416_e0033.txt,/home/hersco/training_new_domains/2026-08-27/statistical_replication_stage2_mcts_eval/20649844_Ev_counters_counters_mcts_orig_novh_e.5_c.1_s1963100312_K0_SR10M_src20430416_e0033.txt
1963100312,fz_instance_60.pddl,1,0,policy_only_success,unsolved,17520.020,20451601,20649844,COMPLETED,COMPLETED,/home/hersco/training_new_domains/2026-08-21/statistical_replication_stage2_policy_eval/20451601_Ev_counters_counters_orig_novh_c.1_s1963100312_SR10P_src20430416_e0033.txt,/home/hersco/training_new_domains/2026-08-27/statistical_replication_stage2_mcts_eval/20649844_Ev_counters_counters_mcts_orig_novh_e.5_c.1_s1963100312_K0_SR10M_src20430416_e0033.txt
1073581256,fz_instance_2.pddl,1,1,both_success,success,7.560,20451602,20649846,COMPLETED,COMPLETED,/home/hersco/training_new_domains/2026-08-21/statistical_replication_stage2_policy_eval/20451602_Ev_counters_counters_orig_novh_c.1_s1073581256_SR10P_src20430419_e0000.txt,/home/hersco/training_new_domains/2026-08-27/statistical_replication_stage2_mcts_eval/20649846_Ev_counters_counters_mcts_orig_novh_e.5_c.1_s1073581256_K0_SR10M_src20430419_e0000.txt
1073581256,fz_instance_3.pddl,1,1,both_success,success,11.320,20451602,20649846,COMPLETED,COMPLETED,/home/hersco/training_new_domains/2026-08-21/statistical_replication_stage2_policy_eval/20451602_Ev_counters_counters_orig_novh_c.1_s1073581256_SR10P_src20430419_e0000.txt,/home/hersco/training_new_domains/2026-08-27/statistical_replication_stage2_mcts_eval/20649846_Ev_counters_counters_mcts_orig_novh_e.5_c.1_s1073581256_K0_SR10M_src20430419_e0000.txt
1073581256,fz_instance_4.pddl,1,1,both_success,success,10.040,20451602,20649846,COMPLETED,COMPLETED,/home/hersco/training_new_domains/2026-08-21/statistical_replication_stage2_policy_eval/20451602_Ev_counters_counters_orig_novh_c.1_s1073581256_SR10P_src20430419_e0000.txt,/home/hersco/training_new_domains/2026-08-27/statistical_replication_stage2_mcts_eval/20649846_Ev_counters_counters_mcts_orig_novh_e.5_c.1_s1073581256_K0_SR10M_src20430419_e0000.txt
1073581256,fz_instance_5.pddl,1,1,both_success,success,10.040,20451602,20649846,COMPLETED,COMPLETED,/home/hersco/training_new_domains/2026-08-21/statistical_replication_stage2_policy_eval/20451602_Ev_counters_counters_orig_novh_c.1_s1073581256_SR10P_src20430419_e0000.txt,/home/hersco/training_new_domains/2026-08-27/statistical_replication_stage2_mcts_eval/20649846_Ev_counters_counters_mcts_orig_novh_e.5_c.1_s1073581256_K0_SR10M_src20430419_e0000.txt
1073581256,fz_instance_6.pddl,1,1,both_success,success,11.300,20451602,20649846,COMPLETED,COMPLETED,/home/hersco/training_new_domains/2026-08-21/statistical_replication_stage2_policy_eval/20451602_Ev_counters_counters_orig_novh_c.1_s1073581256_SR10P_src20430419_e0000.txt,/home/hersco/training_new_domains/2026-08-27/statistical_replication_stage2_mcts_eval/20649846_Ev_counters_counters_mcts_orig_novh_e.5_c.1_s1073581256_K0_SR10M_src20430419_e0000.txt
1073581256,fz_instance_7.pddl,1,1,both_success,success,12.550,20451602,20649846,COMPLETED,COMPLETED,/home/hersco/training_new_domains/2026-08-21/statistical_replication_stage2_policy_eval/20451602_Ev_counters_counters_orig_novh_c.1_s1073581256_SR10P_src20430419_e0000.txt,/home/hersco/training_new_domains/2026-08-27/statistical_replication_stage2_mcts_eval/20649846_Ev_counters_counters_mcts_orig_novh_e.5_c.1_s1073581256_K0_SR10M_src20430419_e0000.txt
1073581256,fz_instance_8.pddl,1,1,both_success,success,13.050,20451602,20649846,COMPLETED,COMPLETED,/home/hersco/training_new_domains/2026-08-21/statistical_replication_stage2_policy_eval/20451602_Ev_counters_counters_orig_novh_c.1_s1073581256_SR10P_src20430419_e0000.txt,/home/hersco/training_new_domains/2026-08-27/statistical_replication_stage2_mcts_eval/20649846_Ev_counters_counters_mcts_orig_novh_e.5_c.1_s1073581256_K0_SR10M_src20430419_e0000.txt
1073581256,fz_instance_9.pddl,1,1,both_success,success,14.810,20451602,20649846,COMPLETED,COMPLETED,/home/hersco/training_new_domains/2026-08-21/statistical_replication_stage2_policy_eval/20451602_Ev_counters_counters_orig_novh_c.1_s1073581256_SR10P_src20430419_e0000.txt,/home/hersco/training_new_domains/2026-08-27/statistical_replication_stage2_mcts_eval/20649846_Ev_counters_counters_mcts_orig_novh_e.5_c.1_s1073581256_K0_SR10M_src20430419_e0000.txt
1073581256,fz_instance_10.pddl,1,1,both_success,success,17.320,20451602,20649846,COMPLETED,COMPLETED,/home/hersco/training_new_domains/2026-08-21/statistical_replication_stage2_policy_eval/20451602_Ev_counters_counters_orig_novh_c.1_s1073581256_SR10P_src20430419_e0000.txt,/home/hersco/training_new_domains/2026-08-27/statistical_replication_stage2_mcts_eval/20649846_Ev_counters_counters_mcts_orig_novh_e.5_c.1_s1073581256_K0_SR10M_src20430419_e0000.txt
1073581256,fz_instance_11.pddl,1,1,both_success,success,18.360,20451602,20649846,COMPLETED,COMPLETED,/home/hersco/training_new_domains/2026-08-21/statistical_replication_stage2_policy_eval/20451602_Ev_counters_counters_orig_novh_c.1_s1073581256_SR10P_src20430419_e0000.txt,/home/hersco/training_new_domains/2026-08-27/statistical_replication_stage2_mcts_eval/20649846_Ev_counters_counters_mcts_orig_novh_e.5_c.1_s1073581256_K0_SR10M_src20430419_e0000.txt
1073581256,fz_instance_12.pddl,1,1,both_success,success,20.360,20451602,20649846,COMPLETED,COMPLETED,/home/hersco/training_new_domains/2026-08-21/statistical_replication_stage2_policy_eval/20451602_Ev_counters_counters_orig_novh_c.1_s1073581256_SR10P_src20430419_e0000.txt,/home/hersco/training_new_domains/2026-08-27/statistical_replication_stage2_mcts_eval/20649846_Ev_counters_counters_mcts_orig_novh_e.5_c.1_s1073581256_K0_SR10M_src20430419_e0000.txt
1073581256,fz_instance_13.pddl,1,1,both_success,success,22.830,20451602,20649846,COMPLETED,COMPLETED,/home/hersco/training_new_domains/2026-08-21/statistical_replication_stage2_policy_eval/20451602_Ev_counters_counters_orig_novh_c.1_s1073581256_SR10P_src20430419_e0000.txt,/home/hersco/training_new_domains/2026-08-27/statistical_replication_stage2_mcts_eval/20649846_Ev_counters_counters_mcts_orig_novh_e.5_c.1_s1073581256_K0_SR10M_src20430419_e0000.txt
1073581256,fz_instance_14.pddl,1,1,both_success,success,24.830,20451602,20649846,COMPLETED,COMPLETED,/home/hersco/training_new_domains/2026-08-21/statistical_replication_stage2_policy_eval/20451602_Ev_counters_counters_orig_novh_c.1_s1073581256_SR10P_src20430419_e0000.txt,/home/hersco/training_new_domains/2026-08-27/statistical_replication_stage2_mcts_eval/20649846_Ev_counters_counters_mcts_orig_novh_e.5_c.1_s1073581256_K0_SR10M_src20430419_e0000.txt
1073581256,fz_instance_15.pddl,1,1,both_success,success,29.330,20451602,20649846,COMPLETED,COMPLETED,/home/hersco/training_new_domains/2026-08-21/statistical_replication_stage2_policy_eval/20451602_Ev_counters_counters_orig_novh_c.1_s1073581256_SR10P_src20430419_e0000.txt,/home/hersco/training_new_domains/2026-08-27/statistical_replication_stage2_mcts_eval/20649846_Ev_counters_counters_mcts_orig_novh_e.5_c.1_s1073581256_K0_SR10M_src20430419_e0000.txt
1073581256,fz_instance_16.pddl,1,1,both_success,success,30.580,20451602,20649846,COMPLETED,COMPLETED,/home/hersco/training_new_domains/2026-08-21/statistical_replication_stage2_policy_eval/20451602_Ev_counters_counters_orig_novh_c.1_s1073581256_SR10P_src20430419_e0000.txt,/home/hersco/training_new_domains/2026-08-27/statistical_replication_stage2_mcts_eval/20649846_Ev_counters_counters_mcts_orig_novh_e.5_c.1_s1073581256_K0_SR10M_src20430419_e0000.txt
1073581256,fz_instance_17.pddl,1,1,both_success,success,35.850,20451602,20649846,COMPLETED,COMPLETED,/home/hersco/training_new_domains/2026-08-21/statistical_replication_stage2_policy_eval/20451602_Ev_counters_counters_orig_novh_c.1_s1073581256_SR10P_src20430419_e0000.txt,/home/hersco/training_new_domains/2026-08-27/statistical_replication_stage2_mcts_eval/20649846_Ev_counters_counters_mcts_orig_novh_e.5_c.1_s1073581256_K0_SR10M_src20430419_e0000.txt
1073581256,fz_instance_18.pddl,1,1,both_success,success,37.860,20451602,20649846,COMPLETED,COMPLETED,/home/hersco/training_new_domains/2026-08-21/statistical_replication_stage2_policy_eval/20451602_Ev_counters_counters_orig_novh_c.1_s1073581256_SR10P_src20430419_e0000.txt,/home/hersco/training_new_domains/2026-08-27/statistical_replication_stage2_mcts_eval/20649846_Ev_counters_counters_mcts_orig_novh_e.5_c.1_s1073581256_K0_SR10M_src20430419_e0000.txt
1073581256,fz_instance_19.pddl,1,1,both_success,success,47.120,20451602,20649846,COMPLETED,COMPLETED,/home/hersco/training_new_domains/2026-08-21/statistical_replication_stage2_policy_eval/20451602_Ev_counters_counters_orig_novh_c.1_s1073581256_SR10P_src20430419_e0000.txt,/home/hersco/training_new_domains/2026-08-27/statistical_replication_stage2_mcts_eval/20649846_Ev_counters_counters_mcts_orig_novh_e.5_c.1_s1073581256_K0_SR10M_src20430419_e0000.txt
1073581256,fz_instance_20.pddl,1,1,both_success,success,50.890,20451602,20649846,COMPLETED,COMPLETED,/home/hersco/training_new_domains/2026-08-21/statistical_replication_stage2_policy_eval/20451602_Ev_counters_counters_orig_novh_c.1_s1073581256_SR10P_src20430419_e0000.txt,/home/hersco/training_new_domains/2026-08-27/statistical_replication_stage2_mcts_eval/20649846_Ev_counters_counters_mcts_orig_novh_e.5_c.1_s1073581256_K0_SR10M_src20430419_e0000.txt
1073581256,fz_instance_21.pddl,1,1,both_success,success,55.640,20451602,20649846,COMPLETED,COMPLETED,/home/hersco/training_new_domains/2026-08-21/statistical_replication_stage2_policy_eval/20451602_Ev_counters_counters_orig_novh_c.1_s1073581256_SR10P_src20430419_e0000.txt,/home/hersco/training_new_domains/2026-08-27/statistical_replication_stage2_mcts_eval/20649846_Ev_counters_counters_mcts_orig_novh_e.5_c.1_s1073581256_K0_SR10M_src20430419_e0000.txt
1073581256,fz_instance_22.pddl,1,1,both_success,success,68.420,20451602,20649846,COMPLETED,COMPLETED,/home/hersco/training_new_domains/2026-08-21/statistical_replication_stage2_policy_eval/20451602_Ev_counters_counters_orig_novh_c.1_s1073581256_SR10P_src20430419_e0000.txt,/home/hersco/training_new_domains/2026-08-27/statistical_replication_stage2_mcts_eval/20649846_Ev_counters_counters_mcts_orig_novh_e.5_c.1_s1073581256_K0_SR10M_src20430419_e0000.txt
1073581256,fz_instance_23.pddl,1,1,both_success,success,69.410,20451602,20649846,COMPLETED,COMPLETED,/home/hersco/training_new_domains/2026-08-21/statistical_replication_stage2_policy_eval/20451602_Ev_counters_counters_orig_novh_c.1_s1073581256_SR10P_src20430419_e0000.txt,/home/hersco/training_new_domains/2026-08-27/statistical_replication_stage2_mcts_eval/20649846_Ev_counters_counters_mcts_orig_novh_e.5_c.1_s1073581256_K0_SR10M_src20430419_e0000.txt
1073581256,fz_instance_24.pddl,1,1,both_success,success,78.210,20451602,20649846,COMPLETED,COMPLETED,/home/hersco/training_new_domains/2026-08-21/statistical_replication_stage2_policy_eval/20451602_Ev_counters_counters_orig_novh_c.1_s1073581256_SR10P_src20430419_e0000.txt,/home/hersco/training_new_domains/2026-08-27/statistical_replication_stage2_mcts_eval/20649846_Ev_counters_counters_mcts_orig_novh_e.5_c.1_s1073581256_K0_SR10M_src20430419_e0000.txt
1073581256,fz_instance_25.pddl,1,1,both_success,success,84.990,20451602,20649846,COMPLETED,COMPLETED,/home/hersco/training_new_domains/2026-08-21/statistical_replication_stage2_policy_eval/20451602_Ev_counters_counters_orig_novh_c.1_s1073581256_SR10P_src20430419_e0000.txt,/home/hersco/training_new_domains/2026-08-27/statistical_replication_stage2_mcts_eval/20649846_Ev_counters_counters_mcts_orig_novh_e.5_c.1_s1073581256_K0_SR10M_src20430419_e0000.txt
1073581256,fz_instance_26.pddl,1,1,both_success,success,89.260,20451602,20649846,COMPLETED,COMPLETED,/home/hersco/training_new_domains/2026-08-21/statistical_replication_stage2_policy_eval/20451602_Ev_counters_counters_orig_novh_c.1_s1073581256_SR10P_src20430419_e0000.txt,/home/hersco/training_new_domains/2026-08-27/statistical_replication_stage2_mcts_eval/20649846_Ev_counters_counters_mcts_orig_novh_e.5_c.1_s1073581256_K0_SR10M_src20430419_e0000.txt
1073581256,fz_instance_27.pddl,1,1,both_success,success,96.250,20451602,20649846,COMPLETED,COMPLETED,/home/hersco/training_new_domains/2026-08-21/statistical_replication_stage2_policy_eval/20451602_Ev_counters_counters_orig_novh_c.1_s1073581256_SR10P_src20430419_e0000.txt,/home/hersco/training_new_domains/2026-08-27/statistical_replication_stage2_mcts_eval/20649846_Ev_counters_counters_mcts_orig_novh_e.5_c.1_s1073581256_K0_SR10M_src20430419_e0000.txt
1073581256,fz_instance_28.pddl,1,1,both_success,success,112.840,20451602,20649846,COMPLETED,COMPLETED,/home/hersco/training_new_domains/2026-08-21/statistical_replication_stage2_policy_eval/20451602_Ev_counters_counters_orig_novh_c.1_s1073581256_SR10P_src20430419_e0000.txt,/home/hersco/training_new_domains/2026-08-27/statistical_replication_stage2_mcts_eval/20649846_Ev_counters_counters_mcts_orig_novh_e.5_c.1_s1073581256_K0_SR10M_src20430419_e0000.txt
1073581256,fz_instance_29.pddl,1,1,both_success,success,119.610,20451602,20649846,COMPLETED,COMPLETED,/home/hersco/training_new_domains/2026-08-21/statistical_replication_stage2_policy_eval/20451602_Ev_counters_counters_orig_novh_c.1_s1073581256_SR10P_src20430419_e0000.txt,/home/hersco/training_new_domains/2026-08-27/statistical_replication_stage2_mcts_eval/20649846_Ev_counters_counters_mcts_orig_novh_e.5_c.1_s1073581256_K0_SR10M_src20430419_e0000.txt
1073581256,fz_instance_30.pddl,1,1,both_success,success,146.820,20451602,20649846,COMPLETED,COMPLETED,/home/hersco/training_new_domains/2026-08-21/statistical_replication_stage2_policy_eval/20451602_Ev_counters_counters_orig_novh_c.1_s1073581256_SR10P_src20430419_e0000.txt,/home/hersco/training_new_domains/2026-08-27/statistical_replication_stage2_mcts_eval/20649846_Ev_counters_counters_mcts_orig_novh_e.5_c.1_s1073581256_K0_SR10M_src20430419_e0000.txt
1073581256,fz_instance_31.pddl,1,1,both_success,success,147.570,20451602,20649846,COMPLETED,COMPLETED,/home/hersco/training_new_domains/2026-08-21/statistical_replication_stage2_policy_eval/20451602_Ev_counters_counters_orig_novh_c.1_s1073581256_SR10P_src20430419_e0000.txt,/home/hersco/training_new_domains/2026-08-27/statistical_replication_stage2_mcts_eval/20649846_Ev_counters_counters_mcts_orig_novh_e.5_c.1_s1073581256_K0_SR10M_src20430419_e0000.txt
1073581256,fz_instance_32.pddl,1,1,both_success,success,181.620,20451602,20649846,COMPLETED,COMPLETED,/home/hersco/training_new_domains/2026-08-21/statistical_replication_stage2_policy_eval/20451602_Ev_counters_counters_orig_novh_c.1_s1073581256_SR10P_src20430419_e0000.txt,/home/hersco/training_new_domains/2026-08-27/statistical_replication_stage2_mcts_eval/20649846_Ev_counters_counters_mcts_orig_novh_e.5_c.1_s1073581256_K0_SR10M_src20430419_e0000.txt
1073581256,fz_instance_33.pddl,1,1,both_success,success,194.510,20451602,20649846,COMPLETED,COMPLETED,/home/hersco/training_new_domains/2026-08-21/statistical_replication_stage2_policy_eval/20451602_Ev_counters_counters_orig_novh_c.1_s1073581256_SR10P_src20430419_e0000.txt,/home/hersco/training_new_domains/2026-08-27/statistical_replication_stage2_mcts_eval/20649846_Ev_counters_counters_mcts_orig_novh_e.5_c.1_s1073581256_K0_SR10M_src20430419_e0000.txt
1073581256,fz_instance_34.pddl,1,1,both_success,success,201.280,20451602,20649846,COMPLETED,COMPLETED,/home/hersco/training_new_domains/2026-08-21/statistical_replication_stage2_policy_eval/20451602_Ev_counters_counters_orig_novh_c.1_s1073581256_SR10P_src20430419_e0000.txt,/home/hersco/training_new_domains/2026-08-27/statistical_replication_stage2_mcts_eval/20649846_Ev_counters_counters_mcts_orig_novh_e.5_c.1_s1073581256_K0_SR10M_src20430419_e0000.txt
1073581256,fz_instance_35.pddl,1,1,both_success,success,228.550,20451602,20649846,COMPLETED,COMPLETED,/home/hersco/training_new_domains/2026-08-21/statistical_replication_stage2_policy_eval/20451602_Ev_counters_counters_orig_novh_c.1_s1073581256_SR10P_src20430419_e0000.txt,/home/hersco/training_new_domains/2026-08-27/statistical_replication_stage2_mcts_eval/20649846_Ev_counters_counters_mcts_orig_novh_e.5_c.1_s1073581256_K0_SR10M_src20430419_e0000.txt
1073581256,fz_instance_36.pddl,1,1,both_success,success,251.700,20451602,20649846,COMPLETED,COMPLETED,/home/hersco/training_new_domains/2026-08-21/statistical_replication_stage2_policy_eval/20451602_Ev_counters_counters_orig_novh_c.1_s1073581256_SR10P_src20430419_e0000.txt,/home/hersco/training_new_domains/2026-08-27/statistical_replication_stage2_mcts_eval/20649846_Ev_counters_counters_mcts_orig_novh_e.5_c.1_s1073581256_K0_SR10M_src20430419_e0000.txt
1073581256,fz_instance_37.pddl,1,1,both_success,success,298.530,20451602,20649846,COMPLETED,COMPLETED,/home/hersco/training_new_domains/2026-08-21/statistical_replication_stage2_policy_eval/20451602_Ev_counters_counters_orig_novh_c.1_s1073581256_SR10P_src20430419_e0000.txt,/home/hersco/training_new_domains/2026-08-27/statistical_replication_stage2_mcts_eval/20649846_Ev_counters_counters_mcts_orig_novh_e.5_c.1_s1073581256_K0_SR10M_src20430419_e0000.txt
1073581256,fz_instance_38.pddl,1,1,both_success,success,365.130,20451602,20649846,COMPLETED,COMPLETED,/home/hersco/training_new_domains/2026-08-21/statistical_replication_stage2_policy_eval/20451602_Ev_counters_counters_orig_novh_c.1_s1073581256_SR10P_src20430419_e0000.txt,/home/hersco/training_new_domains/2026-08-27/statistical_replication_stage2_mcts_eval/20649846_Ev_counters_counters_mcts_orig_novh_e.5_c.1_s1073581256_K0_SR10M_src20430419_e0000.txt
1073581256,fz_instance_39.pddl,1,1,both_success,success,419.280,20451602,20649846,COMPLETED,COMPLETED,/home/hersco/training_new_domains/2026-08-21/statistical_replication_stage2_policy_eval/20451602_Ev_counters_counters_orig_novh_c.1_s1073581256_SR10P_src20430419_e0000.txt,/home/hersco/training_new_domains/2026-08-27/statistical_replication_stage2_mcts_eval/20649846_Ev_counters_counters_mcts_orig_novh_e.5_c.1_s1073581256_K0_SR10M_src20430419_e0000.txt
1073581256,fz_instance_40.pddl,1,1,both_success,success,534.260,20451602,20649846,COMPLETED,COMPLETED,/home/hersco/training_new_domains/2026-08-21/statistical_replication_stage2_policy_eval/20451602_Ev_counters_counters_orig_novh_c.1_s1073581256_SR10P_src20430419_e0000.txt,/home/hersco/training_new_domains/2026-08-27/statistical_replication_stage2_mcts_eval/20649846_Ev_counters_counters_mcts_orig_novh_e.5_c.1_s1073581256_K0_SR10M_src20430419_e0000.txt
1073581256,fz_instance_41.pddl,1,1,both_success,success,619.650,20451602,20649846,COMPLETED,COMPLETED,/home/hersco/training_new_domains/2026-08-21/statistical_replication_stage2_policy_eval/20451602_Ev_counters_counters_orig_novh_c.1_s1073581256_SR10P_src20430419_e0000.txt,/home/hersco/training_new_domains/2026-08-27/statistical_replication_stage2_mcts_eval/20649846_Ev_counters_counters_mcts_orig_novh_e.5_c.1_s1073581256_K0_SR10M_src20430419_e0000.txt
1073581256,fz_instance_42.pddl,1,1,both_success,success,534.530,20451602,20649846,COMPLETED,COMPLETED,/home/hersco/training_new_domains/2026-08-21/statistical_replication_stage2_policy_eval/20451602_Ev_counters_counters_orig_novh_c.1_s1073581256_SR10P_src20430419_e0000.txt,/home/hersco/training_new_domains/2026-08-27/statistical_replication_stage2_mcts_eval/20649846_Ev_counters_counters_mcts_orig_novh_e.5_c.1_s1073581256_K0_SR10M_src20430419_e0000.txt
1073581256,fz_instance_43.pddl,1,1,both_success,success,506.040,20451602,20649846,COMPLETED,COMPLETED,/home/hersco/training_new_domains/2026-08-21/statistical_replication_stage2_policy_eval/20451602_Ev_counters_counters_orig_novh_c.1_s1073581256_SR10P_src20430419_e0000.txt,/home/hersco/training_new_domains/2026-08-27/statistical_replication_stage2_mcts_eval/20649846_Ev_counters_counters_mcts_orig_novh_e.5_c.1_s1073581256_K0_SR10M_src20430419_e0000.txt
1073581256,fz_instance_44.pddl,1,1,both_success,success,617.430,20451602,20649846,COMPLETED,COMPLETED,/home/hersco/training_new_domains/2026-08-21/statistical_replication_stage2_policy_eval/20451602_Ev_counters_counters_orig_novh_c.1_s1073581256_SR10P_src20430419_e0000.txt,/home/hersco/training_new_domains/2026-08-27/statistical_replication_stage2_mcts_eval/20649846_Ev_counters_counters_mcts_orig_novh_e.5_c.1_s1073581256_K0_SR10M_src20430419_e0000.txt
1073581256,fz_instance_45.pddl,1,1,both_success,success,683.190,20451602,20649846,COMPLETED,COMPLETED,/home/hersco/training_new_domains/2026-08-21/statistical_replication_stage2_policy_eval/20451602_Ev_counters_counters_orig_novh_c.1_s1073581256_SR10P_src20430419_e0000.txt,/home/hersco/training_new_domains/2026-08-27/statistical_replication_stage2_mcts_eval/20649846_Ev_counters_counters_mcts_orig_novh_e.5_c.1_s1073581256_K0_SR10M_src20430419_e0000.txt
1073581256,fz_instance_46.pddl,1,1,both_success,success,801.110,20451602,20649846,COMPLETED,COMPLETED,/home/hersco/training_new_domains/2026-08-21/statistical_replication_stage2_policy_eval/20451602_Ev_counters_counters_orig_novh_c.1_s1073581256_SR10P_src20430419_e0000.txt,/home/hersco/training_new_domains/2026-08-27/statistical_replication_stage2_mcts_eval/20649846_Ev_counters_counters_mcts_orig_novh_e.5_c.1_s1073581256_K0_SR10M_src20430419_e0000.txt
1073581256,fz_instance_47.pddl,1,1,both_success,success,906.750,20451602,20649846,COMPLETED,COMPLETED,/home/hersco/training_new_domains/2026-08-21/statistical_replication_stage2_policy_eval/20451602_Ev_counters_counters_orig_novh_c.1_s1073581256_SR10P_src20430419_e0000.txt,/home/hersco/training_new_domains/2026-08-27/statistical_replication_stage2_mcts_eval/20649846_Ev_counters_counters_mcts_orig_novh_e.5_c.1_s1073581256_K0_SR10M_src20430419_e0000.txt
1073581256,fz_instance_48.pddl,1,1,both_success,success,977.950,20451602,20649846,COMPLETED,COMPLETED,/home/hersco/training_new_domains/2026-08-21/statistical_replication_stage2_policy_eval/20451602_Ev_counters_counters_orig_novh_c.1_s1073581256_SR10P_src20430419_e0000.txt,/home/hersco/training_new_domains/2026-08-27/statistical_replication_stage2_mcts_eval/20649846_Ev_counters_counters_mcts_orig_novh_e.5_c.1_s1073581256_K0_SR10M_src20430419_e0000.txt
1073581256,fz_instance_49.pddl,1,1,both_success,success,1067.360,20451602,20649846,COMPLETED,COMPLETED,/home/hersco/training_new_domains/2026-08-21/statistical_replication_stage2_policy_eval/20451602_Ev_counters_counters_orig_novh_c.1_s1073581256_SR10P_src20430419_e0000.txt,/home/hersco/training_new_domains/2026-08-27/statistical_replication_stage2_mcts_eval/20649846_Ev_counters_counters_mcts_orig_novh_e.5_c.1_s1073581256_K0_SR10M_src20430419_e0000.txt
1073581256,fz_instance_50.pddl,1,1,both_success,success,1335.470,20451602,20649846,COMPLETED,COMPLETED,/home/hersco/training_new_domains/2026-08-21/statistical_replication_stage2_policy_eval/20451602_Ev_counters_counters_orig_novh_c.1_s1073581256_SR10P_src20430419_e0000.txt,/home/hersco/training_new_domains/2026-08-27/statistical_replication_stage2_mcts_eval/20649846_Ev_counters_counters_mcts_orig_novh_e.5_c.1_s1073581256_K0_SR10M_src20430419_e0000.txt
1073581256,fz_instance_51.pddl,1,1,both_success,success,1695.490,20451602,20649846,COMPLETED,COMPLETED,/home/hersco/training_new_domains/2026-08-21/statistical_replication_stage2_policy_eval/20451602_Ev_counters_counters_orig_novh_c.1_s1073581256_SR10P_src20430419_e0000.txt,/home/hersco/training_new_domains/2026-08-27/statistical_replication_stage2_mcts_eval/20649846_Ev_counters_counters_mcts_orig_novh_e.5_c.1_s1073581256_K0_SR10M_src20430419_e0000.txt
1073581256,fz_instance_52.pddl,1,1,both_success,success,1529.520,20451602,20649846,COMPLETED,COMPLETED,/home/hersco/training_new_domains/2026-08-21/statistical_replication_stage2_policy_eval/20451602_Ev_counters_counters_orig_novh_c.1_s1073581256_SR10P_src20430419_e0000.txt,/home/hersco/training_new_domains/2026-08-27/statistical_replication_stage2_mcts_eval/20649846_Ev_counters_counters_mcts_orig_novh_e.5_c.1_s1073581256_K0_SR10M_src20430419_e0000.txt
1073581256,fz_instance_53.pddl,1,0,policy_only_success,unsolved,9419.840,20451602,20649846,COMPLETED,COMPLETED,/home/hersco/training_new_domains/2026-08-21/statistical_replication_stage2_policy_eval/20451602_Ev_counters_counters_orig_novh_c.1_s1073581256_SR10P_src20430419_e0000.txt,/home/hersco/training_new_domains/2026-08-27/statistical_replication_stage2_mcts_eval/20649846_Ev_counters_counters_mcts_orig_novh_e.5_c.1_s1073581256_K0_SR10M_src20430419_e0000.txt
1073581256,fz_instance_54.pddl,1,0,policy_only_success,unsolved,10552.630,20451602,20649846,COMPLETED,COMPLETED,/home/hersco/training_new_domains/2026-08-21/statistical_replication_stage2_policy_eval/20451602_Ev_counters_counters_orig_novh_c.1_s1073581256_SR10P_src20430419_e0000.txt,/home/hersco/training_new_domains/2026-08-27/statistical_replication_stage2_mcts_eval/20649846_Ev_counters_counters_mcts_orig_novh_e.5_c.1_s1073581256_K0_SR10M_src20430419_e0000.txt
1073581256,fz_instance_55.pddl,0,0,both_failure,unsolved,12391.850,20451602,20649846,COMPLETED,COMPLETED,/home/hersco/training_new_domains/2026-08-21/statistical_replication_stage2_policy_eval/20451602_Ev_counters_counters_orig_novh_c.1_s1073581256_SR10P_src20430419_e0000.txt,/home/hersco/training_new_domains/2026-08-27/statistical_replication_stage2_mcts_eval/20649846_Ev_counters_counters_mcts_orig_novh_e.5_c.1_s1073581256_K0_SR10M_src20430419_e0000.txt
1073581256,fz_instance_56.pddl,0,0,both_failure,unsolved,13059.440,20451602,20649846,COMPLETED,COMPLETED,/home/hersco/training_new_domains/2026-08-21/statistical_replication_stage2_policy_eval/20451602_Ev_counters_counters_orig_novh_c.1_s1073581256_SR10P_src20430419_e0000.txt,/home/hersco/training_new_domains/2026-08-27/statistical_replication_stage2_mcts_eval/20649846_Ev_counters_counters_mcts_orig_novh_e.5_c.1_s1073581256_K0_SR10M_src20430419_e0000.txt
1073581256,fz_instance_57.pddl,0,0,both_failure,unsolved,18288.550,20451602,20649846,COMPLETED,COMPLETED,/home/hersco/training_new_domains/2026-08-21/statistical_replication_stage2_policy_eval/20451602_Ev_counters_counters_orig_novh_c.1_s1073581256_SR10P_src20430419_e0000.txt,/home/hersco/training_new_domains/2026-08-27/statistical_replication_stage2_mcts_eval/20649846_Ev_counters_counters_mcts_orig_novh_e.5_c.1_s1073581256_K0_SR10M_src20430419_e0000.txt
1073581256,fz_instance_58.pddl,0,0,both_failure,not_completed,,20451602,20649846,COMPLETED,COMPLETED,/home/hersco/training_new_domains/2026-08-21/statistical_replication_stage2_policy_eval/20451602_Ev_counters_counters_orig_novh_c.1_s1073581256_SR10P_src20430419_e0000.txt,/home/hersco/training_new_domains/2026-08-27/statistical_replication_stage2_mcts_eval/20649846_Ev_counters_counters_mcts_orig_novh_e.5_c.1_s1073581256_K0_SR10M_src20430419_e0000.txt
1073581256,fz_instance_59.pddl,0,0,both_failure,unsolved,21072.030,20451602,20649846,COMPLETED,COMPLETED,/home/hersco/training_new_domains/2026-08-21/statistical_replication_stage2_policy_eval/20451602_Ev_counters_counters_orig_novh_c.1_s1073581256_SR10P_src20430419_e0000.txt,/home/hersco/training_new_domains/2026-08-27/statistical_replication_stage2_mcts_eval/20649846_Ev_counters_counters_mcts_orig_novh_e.5_c.1_s1073581256_K0_SR10M_src20430419_e0000.txt
1073581256,fz_instance_60.pddl,0,0,both_failure,unsolved,20054.090,20451602,20649846,COMPLETED,COMPLETED,/home/hersco/training_new_domains/2026-08-21/statistical_replication_stage2_policy_eval/20451602_Ev_counters_counters_orig_novh_c.1_s1073581256_SR10P_src20430419_e0000.txt,/home/hersco/training_new_domains/2026-08-27/statistical_replication_stage2_mcts_eval/20649846_Ev_counters_counters_mcts_orig_novh_e.5_c.1_s1073581256_K0_SR10M_src20430419_e0000.txt
1239739722,fz_instance_2.pddl,1,1,both_success,success,7.530,20465054,20649847,COMPLETED,COMPLETED,/home/hersco/training_new_domains/2026-08-21/statistical_replication_stage2_policy_eval/20465054_Ev_counters_counters_orig_novh_c.1_s1239739722_SR10P_src20430420_e0005.txt,/home/hersco/training_new_domains/2026-08-27/statistical_replication_stage2_mcts_eval/20649847_Ev_counters_counters_mcts_orig_novh_e.5_c.1_s1239739722_K0_SR10M_src20430420_e0005.txt
1239739722,fz_instance_3.pddl,1,1,both_success,success,8.290,20465054,20649847,COMPLETED,COMPLETED,/home/hersco/training_new_domains/2026-08-21/statistical_replication_stage2_policy_eval/20465054_Ev_counters_counters_orig_novh_c.1_s1239739722_SR10P_src20430420_e0005.txt,/home/hersco/training_new_domains/2026-08-27/statistical_replication_stage2_mcts_eval/20649847_Ev_counters_counters_mcts_orig_novh_e.5_c.1_s1239739722_K0_SR10M_src20430420_e0005.txt
1239739722,fz_instance_4.pddl,1,1,both_success,success,8.790,20465054,20649847,COMPLETED,COMPLETED,/home/hersco/training_new_domains/2026-08-21/statistical_replication_stage2_policy_eval/20465054_Ev_counters_counters_orig_novh_c.1_s1239739722_SR10P_src20430420_e0005.txt,/home/hersco/training_new_domains/2026-08-27/statistical_replication_stage2_mcts_eval/20649847_Ev_counters_counters_mcts_orig_novh_e.5_c.1_s1239739722_K0_SR10M_src20430420_e0005.txt
1239739722,fz_instance_5.pddl,1,1,both_success,success,8.540,20465054,20649847,COMPLETED,COMPLETED,/home/hersco/training_new_domains/2026-08-21/statistical_replication_stage2_policy_eval/20465054_Ev_counters_counters_orig_novh_c.1_s1239739722_SR10P_src20430420_e0005.txt,/home/hersco/training_new_domains/2026-08-27/statistical_replication_stage2_mcts_eval/20649847_Ev_counters_counters_mcts_orig_novh_e.5_c.1_s1239739722_K0_SR10M_src20430420_e0005.txt
1239739722,fz_instance_6.pddl,1,1,both_success,success,10.290,20465054,20649847,COMPLETED,COMPLETED,/home/hersco/training_new_domains/2026-08-21/statistical_replication_stage2_policy_eval/20465054_Ev_counters_counters_orig_novh_c.1_s1239739722_SR10P_src20430420_e0005.txt,/home/hersco/training_new_domains/2026-08-27/statistical_replication_stage2_mcts_eval/20649847_Ev_counters_counters_mcts_orig_novh_e.5_c.1_s1239739722_K0_SR10M_src20430420_e0005.txt
1239739722,fz_instance_7.pddl,1,1,both_success,success,10.550,20465054,20649847,COMPLETED,COMPLETED,/home/hersco/training_new_domains/2026-08-21/statistical_replication_stage2_policy_eval/20465054_Ev_counters_counters_orig_novh_c.1_s1239739722_SR10P_src20430420_e0005.txt,/home/hersco/training_new_domains/2026-08-27/statistical_replication_stage2_mcts_eval/20649847_Ev_counters_counters_mcts_orig_novh_e.5_c.1_s1239739722_K0_SR10M_src20430420_e0005.txt
1239739722,fz_instance_8.pddl,1,1,both_success,success,12.560,20465054,20649847,COMPLETED,COMPLETED,/home/hersco/training_new_domains/2026-08-21/statistical_replication_stage2_policy_eval/20465054_Ev_counters_counters_orig_novh_c.1_s1239739722_SR10P_src20430420_e0005.txt,/home/hersco/training_new_domains/2026-08-27/statistical_replication_stage2_mcts_eval/20649847_Ev_counters_counters_mcts_orig_novh_e.5_c.1_s1239739722_K0_SR10M_src20430420_e0005.txt
1239739722,fz_instance_9.pddl,1,1,both_success,success,14.830,20465054,20649847,COMPLETED,COMPLETED,/home/hersco/training_new_domains/2026-08-21/statistical_replication_stage2_policy_eval/20465054_Ev_counters_counters_orig_novh_c.1_s1239739722_SR10P_src20430420_e0005.txt,/home/hersco/training_new_domains/2026-08-27/statistical_replication_stage2_mcts_eval/20649847_Ev_counters_counters_mcts_orig_novh_e.5_c.1_s1239739722_K0_SR10M_src20430420_e0005.txt
1239739722,fz_instance_10.pddl,1,1,both_success,success,16.070,20465054,20649847,COMPLETED,COMPLETED,/home/hersco/training_new_domains/2026-08-21/statistical_replication_stage2_policy_eval/20465054_Ev_counters_counters_orig_novh_c.1_s1239739722_SR10P_src20430420_e0005.txt,/home/hersco/training_new_domains/2026-08-27/statistical_replication_stage2_mcts_eval/20649847_Ev_counters_counters_mcts_orig_novh_e.5_c.1_s1239739722_K0_SR10M_src20430420_e0005.txt
1239739722,fz_instance_11.pddl,1,1,both_success,success,19.310,20465054,20649847,COMPLETED,COMPLETED,/home/hersco/training_new_domains/2026-08-21/statistical_replication_stage2_policy_eval/20465054_Ev_counters_counters_orig_novh_c.1_s1239739722_SR10P_src20430420_e0005.txt,/home/hersco/training_new_domains/2026-08-27/statistical_replication_stage2_mcts_eval/20649847_Ev_counters_counters_mcts_orig_novh_e.5_c.1_s1239739722_K0_SR10M_src20430420_e0005.txt
1239739722,fz_instance_12.pddl,1,1,both_success,success,20.570,20465054,20649847,COMPLETED,COMPLETED,/home/hersco/training_new_domains/2026-08-21/statistical_replication_stage2_policy_eval/20465054_Ev_counters_counters_orig_novh_c.1_s1239739722_SR10P_src20430420_e0005.txt,/home/hersco/training_new_domains/2026-08-27/statistical_replication_stage2_mcts_eval/20649847_Ev_counters_counters_mcts_orig_novh_e.5_c.1_s1239739722_K0_SR10M_src20430420_e0005.txt
1239739722,fz_instance_13.pddl,1,1,both_success,success,24.580,20465054,20649847,COMPLETED,COMPLETED,/home/hersco/training_new_domains/2026-08-21/statistical_replication_stage2_policy_eval/20465054_Ev_counters_counters_orig_novh_c.1_s1239739722_SR10P_src20430420_e0005.txt,/home/hersco/training_new_domains/2026-08-27/statistical_replication_stage2_mcts_eval/20649847_Ev_counters_counters_mcts_orig_novh_e.5_c.1_s1239739722_K0_SR10M_src20430420_e0005.txt
1239739722,fz_instance_14.pddl,1,1,both_success,success,26.070,20465054,20649847,COMPLETED,COMPLETED,/home/hersco/training_new_domains/2026-08-21/statistical_replication_stage2_policy_eval/20465054_Ev_counters_counters_orig_novh_c.1_s1239739722_SR10P_src20430420_e0005.txt,/home/hersco/training_new_domains/2026-08-27/statistical_replication_stage2_mcts_eval/20649847_Ev_counters_counters_mcts_orig_novh_e.5_c.1_s1239739722_K0_SR10M_src20430420_e0005.txt
1239739722,fz_instance_15.pddl,1,1,both_success,success,29.820,20465054,20649847,COMPLETED,COMPLETED,/home/hersco/training_new_domains/2026-08-21/statistical_replication_stage2_policy_eval/20465054_Ev_counters_counters_orig_novh_c.1_s1239739722_SR10P_src20430420_e0005.txt,/home/hersco/training_new_domains/2026-08-27/statistical_replication_stage2_mcts_eval/20649847_Ev_counters_counters_mcts_orig_novh_e.5_c.1_s1239739722_K0_SR10M_src20430420_e0005.txt
1239739722,fz_instance_16.pddl,1,1,both_success,success,32.820,20465054,20649847,COMPLETED,COMPLETED,/home/hersco/training_new_domains/2026-08-21/statistical_replication_stage2_policy_eval/20465054_Ev_counters_counters_orig_novh_c.1_s1239739722_SR10P_src20430420_e0005.txt,/home/hersco/training_new_domains/2026-08-27/statistical_replication_stage2_mcts_eval/20649847_Ev_counters_counters_mcts_orig_novh_e.5_c.1_s1239739722_K0_SR10M_src20430420_e0005.txt
1239739722,fz_instance_17.pddl,1,1,both_success,success,34.330,20465054,20649847,COMPLETED,COMPLETED,/home/hersco/training_new_domains/2026-08-21/statistical_replication_stage2_policy_eval/20465054_Ev_counters_counters_orig_novh_c.1_s1239739722_SR10P_src20430420_e0005.txt,/home/hersco/training_new_domains/2026-08-27/statistical_replication_stage2_mcts_eval/20649847_Ev_counters_counters_mcts_orig_novh_e.5_c.1_s1239739722_K0_SR10M_src20430420_e0005.txt
1239739722,fz_instance_18.pddl,1,1,both_success,success,39.590,20465054,20649847,COMPLETED,COMPLETED,/home/hersco/training_new_domains/2026-08-21/statistical_replication_stage2_policy_eval/20465054_Ev_counters_counters_orig_novh_c.1_s1239739722_SR10P_src20430420_e0005.txt,/home/hersco/training_new_domains/2026-08-27/statistical_replication_stage2_mcts_eval/20649847_Ev_counters_counters_mcts_orig_novh_e.5_c.1_s1239739722_K0_SR10M_src20430420_e0005.txt
1239739722,fz_instance_19.pddl,1,1,both_success,success,43.840,20465054,20649847,COMPLETED,COMPLETED,/home/hersco/training_new_domains/2026-08-21/statistical_replication_stage2_policy_eval/20465054_Ev_counters_counters_orig_novh_c.1_s1239739722_SR10P_src20430420_e0005.txt,/home/hersco/training_new_domains/2026-08-27/statistical_replication_stage2_mcts_eval/20649847_Ev_counters_counters_mcts_orig_novh_e.5_c.1_s1239739722_K0_SR10M_src20430420_e0005.txt
1239739722,fz_instance_20.pddl,1,1,both_success,success,47.380,20465054,20649847,COMPLETED,COMPLETED,/home/hersco/training_new_domains/2026-08-21/statistical_replication_stage2_policy_eval/20465054_Ev_counters_counters_orig_novh_c.1_s1239739722_SR10P_src20430420_e0005.txt,/home/hersco/training_new_domains/2026-08-27/statistical_replication_stage2_mcts_eval/20649847_Ev_counters_counters_mcts_orig_novh_e.5_c.1_s1239739722_K0_SR10M_src20430420_e0005.txt
1239739722,fz_instance_21.pddl,1,1,both_success,success,53.150,20465054,20649847,COMPLETED,COMPLETED,/home/hersco/training_new_domains/2026-08-21/statistical_replication_stage2_policy_eval/20465054_Ev_counters_counters_orig_novh_c.1_s1239739722_SR10P_src20430420_e0005.txt,/home/hersco/training_new_domains/2026-08-27/statistical_replication_stage2_mcts_eval/20649847_Ev_counters_counters_mcts_orig_novh_e.5_c.1_s1239739722_K0_SR10M_src20430420_e0005.txt
1239739722,fz_instance_22.pddl,1,1,both_success,success,60.190,20465054,20649847,COMPLETED,COMPLETED,/home/hersco/training_new_domains/2026-08-21/statistical_replication_stage2_policy_eval/20465054_Ev_counters_counters_orig_novh_c.1_s1239739722_SR10P_src20430420_e0005.txt,/home/hersco/training_new_domains/2026-08-27/statistical_replication_stage2_mcts_eval/20649847_Ev_counters_counters_mcts_orig_novh_e.5_c.1_s1239739722_K0_SR10M_src20430420_e0005.txt
1239739722,fz_instance_23.pddl,0,1,mcts_only_success,success,66.700,20465054,20649847,COMPLETED,COMPLETED,/home/hersco/training_new_domains/2026-08-21/statistical_replication_stage2_policy_eval/20465054_Ev_counters_counters_orig_novh_c.1_s1239739722_SR10P_src20430420_e0005.txt,/home/hersco/training_new_domains/2026-08-27/statistical_replication_stage2_mcts_eval/20649847_Ev_counters_counters_mcts_orig_novh_e.5_c.1_s1239739722_K0_SR10M_src20430420_e0005.txt
1239739722,fz_instance_24.pddl,0,0,both_failure,unsolved,720.310,20465054,20649847,COMPLETED,COMPLETED,/home/hersco/training_new_domains/2026-08-21/statistical_replication_stage2_policy_eval/20465054_Ev_counters_counters_orig_novh_c.1_s1239739722_SR10P_src20430420_e0005.txt,/home/hersco/training_new_domains/2026-08-27/statistical_replication_stage2_mcts_eval/20649847_Ev_counters_counters_mcts_orig_novh_e.5_c.1_s1239739722_K0_SR10M_src20430420_e0005.txt
1239739722,fz_instance_25.pddl,0,0,both_failure,unsolved,1021.910,20465054,20649847,COMPLETED,COMPLETED,/home/hersco/training_new_domains/2026-08-21/statistical_replication_stage2_policy_eval/20465054_Ev_counters_counters_orig_novh_c.1_s1239739722_SR10P_src20430420_e0005.txt,/home/hersco/training_new_domains/2026-08-27/statistical_replication_stage2_mcts_eval/20649847_Ev_counters_counters_mcts_orig_novh_e.5_c.1_s1239739722_K0_SR10M_src20430420_e0005.txt
1239739722,fz_instance_26.pddl,0,0,both_failure,unsolved,1020.390,20465054,20649847,COMPLETED,COMPLETED,/home/hersco/training_new_domains/2026-08-21/statistical_replication_stage2_policy_eval/20465054_Ev_counters_counters_orig_novh_c.1_s1239739722_SR10P_src20430420_e0005.txt,/home/hersco/training_new_domains/2026-08-27/statistical_replication_stage2_mcts_eval/20649847_Ev_counters_counters_mcts_orig_novh_e.5_c.1_s1239739722_K0_SR10M_src20430420_e0005.txt
1239739722,fz_instance_27.pddl,0,0,both_failure,unsolved,1166.420,20465054,20649847,COMPLETED,COMPLETED,/home/hersco/training_new_domains/2026-08-21/statistical_replication_stage2_policy_eval/20465054_Ev_counters_counters_orig_novh_c.1_s1239739722_SR10P_src20430420_e0005.txt,/home/hersco/training_new_domains/2026-08-27/statistical_replication_stage2_mcts_eval/20649847_Ev_counters_counters_mcts_orig_novh_e.5_c.1_s1239739722_K0_SR10M_src20430420_e0005.txt
1239739722,fz_instance_28.pddl,0,0,both_failure,unsolved,1210.870,20465054,20649847,COMPLETED,COMPLETED,/home/hersco/training_new_domains/2026-08-21/statistical_replication_stage2_policy_eval/20465054_Ev_counters_counters_orig_novh_c.1_s1239739722_SR10P_src20430420_e0005.txt,/home/hersco/training_new_domains/2026-08-27/statistical_replication_stage2_mcts_eval/20649847_Ev_counters_counters_mcts_orig_novh_e.5_c.1_s1239739722_K0_SR10M_src20430420_e0005.txt
1239739722,fz_instance_29.pddl,0,0,both_failure,unsolved,1085.460,20465054,20649847,COMPLETED,COMPLETED,/home/hersco/training_new_domains/2026-08-21/statistical_replication_stage2_policy_eval/20465054_Ev_counters_counters_orig_novh_c.1_s1239739722_SR10P_src20430420_e0005.txt,/home/hersco/training_new_domains/2026-08-27/statistical_replication_stage2_mcts_eval/20649847_Ev_counters_counters_mcts_orig_novh_e.5_c.1_s1239739722_K0_SR10M_src20430420_e0005.txt
1239739722,fz_instance_30.pddl,0,0,both_failure,unsolved,1392.970,20465054,20649847,COMPLETED,COMPLETED,/home/hersco/training_new_domains/2026-08-21/statistical_replication_stage2_policy_eval/20465054_Ev_counters_counters_orig_novh_c.1_s1239739722_SR10P_src20430420_e0005.txt,/home/hersco/training_new_domains/2026-08-27/statistical_replication_stage2_mcts_eval/20649847_Ev_counters_counters_mcts_orig_novh_e.5_c.1_s1239739722_K0_SR10M_src20430420_e0005.txt
1239739722,fz_instance_31.pddl,0,0,both_failure,unsolved,1381.020,20465054,20649847,COMPLETED,COMPLETED,/home/hersco/training_new_domains/2026-08-21/statistical_replication_stage2_policy_eval/20465054_Ev_counters_counters_orig_novh_c.1_s1239739722_SR10P_src20430420_e0005.txt,/home/hersco/training_new_domains/2026-08-27/statistical_replication_stage2_mcts_eval/20649847_Ev_counters_counters_mcts_orig_novh_e.5_c.1_s1239739722_K0_SR10M_src20430420_e0005.txt
1239739722,fz_instance_32.pddl,0,0,both_failure,unsolved,1977.220,20465054,20649847,COMPLETED,COMPLETED,/home/hersco/training_new_domains/2026-08-21/statistical_replication_stage2_policy_eval/20465054_Ev_counters_counters_orig_novh_c.1_s1239739722_SR10P_src20430420_e0005.txt,/home/hersco/training_new_domains/2026-08-27/statistical_replication_stage2_mcts_eval/20649847_Ev_counters_counters_mcts_orig_novh_e.5_c.1_s1239739722_K0_SR10M_src20430420_e0005.txt
1239739722,fz_instance_33.pddl,0,0,both_failure,unsolved,1948.390,20465054,20649847,COMPLETED,COMPLETED,/home/hersco/training_new_domains/2026-08-21/statistical_replication_stage2_policy_eval/20465054_Ev_counters_counters_orig_novh_c.1_s1239739722_SR10P_src20430420_e0005.txt,/home/hersco/training_new_domains/2026-08-27/statistical_replication_stage2_mcts_eval/20649847_Ev_counters_counters_mcts_orig_novh_e.5_c.1_s1239739722_K0_SR10M_src20430420_e0005.txt
1239739722,fz_instance_34.pddl,0,0,both_failure,unsolved,1639.000,20465054,20649847,COMPLETED,COMPLETED,/home/hersco/training_new_domains/2026-08-21/statistical_replication_stage2_policy_eval/20465054_Ev_counters_counters_orig_novh_c.1_s1239739722_SR10P_src20430420_e0005.txt,/home/hersco/training_new_domains/2026-08-27/statistical_replication_stage2_mcts_eval/20649847_Ev_counters_counters_mcts_orig_novh_e.5_c.1_s1239739722_K0_SR10M_src20430420_e0005.txt
1239739722,fz_instance_35.pddl,0,0,both_failure,unsolved,1667.910,20465054,20649847,COMPLETED,COMPLETED,/home/hersco/training_new_domains/2026-08-21/statistical_replication_stage2_policy_eval/20465054_Ev_counters_counters_orig_novh_c.1_s1239739722_SR10P_src20430420_e0005.txt,/home/hersco/training_new_domains/2026-08-27/statistical_replication_stage2_mcts_eval/20649847_Ev_counters_counters_mcts_orig_novh_e.5_c.1_s1239739722_K0_SR10M_src20430420_e0005.txt
1239739722,fz_instance_36.pddl,0,0,both_failure,unsolved,1849.580,20465054,20649847,COMPLETED,COMPLETED,/home/hersco/training_new_domains/2026-08-21/statistical_replication_stage2_policy_eval/20465054_Ev_counters_counters_orig_novh_c.1_s1239739722_SR10P_src20430420_e0005.txt,/home/hersco/training_new_domains/2026-08-27/statistical_replication_stage2_mcts_eval/20649847_Ev_counters_counters_mcts_orig_novh_e.5_c.1_s1239739722_K0_SR10M_src20430420_e0005.txt
1239739722,fz_instance_37.pddl,0,0,both_failure,unsolved,2080.410,20465054,20649847,COMPLETED,COMPLETED,/home/hersco/training_new_domains/2026-08-21/statistical_replication_stage2_policy_eval/20465054_Ev_counters_counters_orig_novh_c.1_s1239739722_SR10P_src20430420_e0005.txt,/home/hersco/training_new_domains/2026-08-27/statistical_replication_stage2_mcts_eval/20649847_Ev_counters_counters_mcts_orig_novh_e.5_c.1_s1239739722_K0_SR10M_src20430420_e0005.txt
1239739722,fz_instance_38.pddl,0,0,both_failure,unsolved,2934.090,20465054,20649847,COMPLETED,COMPLETED,/home/hersco/training_new_domains/2026-08-21/statistical_replication_stage2_policy_eval/20465054_Ev_counters_counters_orig_novh_c.1_s1239739722_SR10P_src20430420_e0005.txt,/home/hersco/training_new_domains/2026-08-27/statistical_replication_stage2_mcts_eval/20649847_Ev_counters_counters_mcts_orig_novh_e.5_c.1_s1239739722_K0_SR10M_src20430420_e0005.txt
1239739722,fz_instance_39.pddl,0,0,both_failure,unsolved,3274.640,20465054,20649847,COMPLETED,COMPLETED,/home/hersco/training_new_domains/2026-08-21/statistical_replication_stage2_policy_eval/20465054_Ev_counters_counters_orig_novh_c.1_s1239739722_SR10P_src20430420_e0005.txt,/home/hersco/training_new_domains/2026-08-27/statistical_replication_stage2_mcts_eval/20649847_Ev_counters_counters_mcts_orig_novh_e.5_c.1_s1239739722_K0_SR10M_src20430420_e0005.txt
1239739722,fz_instance_40.pddl,0,0,both_failure,unsolved,3770.350,20465054,20649847,COMPLETED,COMPLETED,/home/hersco/training_new_domains/2026-08-21/statistical_replication_stage2_policy_eval/20465054_Ev_counters_counters_orig_novh_c.1_s1239739722_SR10P_src20430420_e0005.txt,/home/hersco/training_new_domains/2026-08-27/statistical_replication_stage2_mcts_eval/20649847_Ev_counters_counters_mcts_orig_novh_e.5_c.1_s1239739722_K0_SR10M_src20430420_e0005.txt
1239739722,fz_instance_41.pddl,0,0,both_failure,unsolved,4260.690,20465054,20649847,COMPLETED,COMPLETED,/home/hersco/training_new_domains/2026-08-21/statistical_replication_stage2_policy_eval/20465054_Ev_counters_counters_orig_novh_c.1_s1239739722_SR10P_src20430420_e0005.txt,/home/hersco/training_new_domains/2026-08-27/statistical_replication_stage2_mcts_eval/20649847_Ev_counters_counters_mcts_orig_novh_e.5_c.1_s1239739722_K0_SR10M_src20430420_e0005.txt
1239739722,fz_instance_42.pddl,0,0,both_failure,unsolved,2751.630,20465054,20649847,COMPLETED,COMPLETED,/home/hersco/training_new_domains/2026-08-21/statistical_replication_stage2_policy_eval/20465054_Ev_counters_counters_orig_novh_c.1_s1239739722_SR10P_src20430420_e0005.txt,/home/hersco/training_new_domains/2026-08-27/statistical_replication_stage2_mcts_eval/20649847_Ev_counters_counters_mcts_orig_novh_e.5_c.1_s1239739722_K0_SR10M_src20430420_e0005.txt
1239739722,fz_instance_43.pddl,0,0,both_failure,unsolved,2496.340,20465054,20649847,COMPLETED,COMPLETED,/home/hersco/training_new_domains/2026-08-21/statistical_replication_stage2_policy_eval/20465054_Ev_counters_counters_orig_novh_c.1_s1239739722_SR10P_src20430420_e0005.txt,/home/hersco/training_new_domains/2026-08-27/statistical_replication_stage2_mcts_eval/20649847_Ev_counters_counters_mcts_orig_novh_e.5_c.1_s1239739722_K0_SR10M_src20430420_e0005.txt
1239739722,fz_instance_44.pddl,0,0,both_failure,unsolved,4089.410,20465054,20649847,COMPLETED,COMPLETED,/home/hersco/training_new_domains/2026-08-21/statistical_replication_stage2_policy_eval/20465054_Ev_counters_counters_orig_novh_c.1_s1239739722_SR10P_src20430420_e0005.txt,/home/hersco/training_new_domains/2026-08-27/statistical_replication_stage2_mcts_eval/20649847_Ev_counters_counters_mcts_orig_novh_e.5_c.1_s1239739722_K0_SR10M_src20430420_e0005.txt
1239739722,fz_instance_45.pddl,0,0,both_failure,unsolved,4073.050,20465054,20649847,COMPLETED,COMPLETED,/home/hersco/training_new_domains/2026-08-21/statistical_replication_stage2_policy_eval/20465054_Ev_counters_counters_orig_novh_c.1_s1239739722_SR10P_src20430420_e0005.txt,/home/hersco/training_new_domains/2026-08-27/statistical_replication_stage2_mcts_eval/20649847_Ev_counters_counters_mcts_orig_novh_e.5_c.1_s1239739722_K0_SR10M_src20430420_e0005.txt
1239739722,fz_instance_46.pddl,0,0,both_failure,unsolved,5495.860,20465054,20649847,COMPLETED,COMPLETED,/home/hersco/training_new_domains/2026-08-21/statistical_replication_stage2_policy_eval/20465054_Ev_counters_counters_orig_novh_c.1_s1239739722_SR10P_src20430420_e0005.txt,/home/hersco/training_new_domains/2026-08-27/statistical_replication_stage2_mcts_eval/20649847_Ev_counters_counters_mcts_orig_novh_e.5_c.1_s1239739722_K0_SR10M_src20430420_e0005.txt
1239739722,fz_instance_47.pddl,0,0,both_failure,unsolved,5761.490,20465054,20649847,COMPLETED,COMPLETED,/home/hersco/training_new_domains/2026-08-21/statistical_replication_stage2_policy_eval/20465054_Ev_counters_counters_orig_novh_c.1_s1239739722_SR10P_src20430420_e0005.txt,/home/hersco/training_new_domains/2026-08-27/statistical_replication_stage2_mcts_eval/20649847_Ev_counters_counters_mcts_orig_novh_e.5_c.1_s1239739722_K0_SR10M_src20430420_e0005.txt
1239739722,fz_instance_48.pddl,0,0,both_failure,unsolved,4763.280,20465054,20649847,COMPLETED,COMPLETED,/home/hersco/training_new_domains/2026-08-21/statistical_replication_stage2_policy_eval/20465054_Ev_counters_counters_orig_novh_c.1_s1239739722_SR10P_src20430420_e0005.txt,/home/hersco/training_new_domains/2026-08-27/statistical_replication_stage2_mcts_eval/20649847_Ev_counters_counters_mcts_orig_novh_e.5_c.1_s1239739722_K0_SR10M_src20430420_e0005.txt
1239739722,fz_instance_49.pddl,0,0,both_failure,unsolved,6882.950,20465054,20649847,COMPLETED,COMPLETED,/home/hersco/training_new_domains/2026-08-21/statistical_replication_stage2_policy_eval/20465054_Ev_counters_counters_orig_novh_c.1_s1239739722_SR10P_src20430420_e0005.txt,/home/hersco/training_new_domains/2026-08-27/statistical_replication_stage2_mcts_eval/20649847_Ev_counters_counters_mcts_orig_novh_e.5_c.1_s1239739722_K0_SR10M_src20430420_e0005.txt
1239739722,fz_instance_50.pddl,0,0,both_failure,unsolved,8570.920,20465054,20649847,COMPLETED,COMPLETED,/home/hersco/training_new_domains/2026-08-21/statistical_replication_stage2_policy_eval/20465054_Ev_counters_counters_orig_novh_c.1_s1239739722_SR10P_src20430420_e0005.txt,/home/hersco/training_new_domains/2026-08-27/statistical_replication_stage2_mcts_eval/20649847_Ev_counters_counters_mcts_orig_novh_e.5_c.1_s1239739722_K0_SR10M_src20430420_e0005.txt
1239739722,fz_instance_51.pddl,0,0,both_failure,unsolved,9998.780,20465054,20649847,COMPLETED,COMPLETED,/home/hersco/training_new_domains/2026-08-21/statistical_replication_stage2_policy_eval/20465054_Ev_counters_counters_orig_novh_c.1_s1239739722_SR10P_src20430420_e0005.txt,/home/hersco/training_new_domains/2026-08-27/statistical_replication_stage2_mcts_eval/20649847_Ev_counters_counters_mcts_orig_novh_e.5_c.1_s1239739722_K0_SR10M_src20430420_e0005.txt
1239739722,fz_instance_52.pddl,0,0,both_failure,unsolved,12776.230,20465054,20649847,COMPLETED,COMPLETED,/home/hersco/training_new_domains/2026-08-21/statistical_replication_stage2_policy_eval/20465054_Ev_counters_counters_orig_novh_c.1_s1239739722_SR10P_src20430420_e0005.txt,/home/hersco/training_new_domains/2026-08-27/statistical_replication_stage2_mcts_eval/20649847_Ev_counters_counters_mcts_orig_novh_e.5_c.1_s1239739722_K0_SR10M_src20430420_e0005.txt
1239739722,fz_instance_53.pddl,0,0,both_failure,unsolved,9192.240,20465054,20649847,COMPLETED,COMPLETED,/home/hersco/training_new_domains/2026-08-21/statistical_replication_stage2_policy_eval/20465054_Ev_counters_counters_orig_novh_c.1_s1239739722_SR10P_src20430420_e0005.txt,/home/hersco/training_new_domains/2026-08-27/statistical_replication_stage2_mcts_eval/20649847_Ev_counters_counters_mcts_orig_novh_e.5_c.1_s1239739722_K0_SR10M_src20430420_e0005.txt
1239739722,fz_instance_54.pddl,0,0,both_failure,unsolved,9723.420,20465054,20649847,COMPLETED,COMPLETED,/home/hersco/training_new_domains/2026-08-21/statistical_replication_stage2_policy_eval/20465054_Ev_counters_counters_orig_novh_c.1_s1239739722_SR10P_src20430420_e0005.txt,/home/hersco/training_new_domains/2026-08-27/statistical_replication_stage2_mcts_eval/20649847_Ev_counters_counters_mcts_orig_novh_e.5_c.1_s1239739722_K0_SR10M_src20430420_e0005.txt
1239739722,fz_instance_55.pddl,0,0,both_failure,unsolved,13402.820,20465054,20649847,COMPLETED,COMPLETED,/home/hersco/training_new_domains/2026-08-21/statistical_replication_stage2_policy_eval/20465054_Ev_counters_counters_orig_novh_c.1_s1239739722_SR10P_src20430420_e0005.txt,/home/hersco/training_new_domains/2026-08-27/statistical_replication_stage2_mcts_eval/20649847_Ev_counters_counters_mcts_orig_novh_e.5_c.1_s1239739722_K0_SR10M_src20430420_e0005.txt
1239739722,fz_instance_56.pddl,0,0,both_failure,unsolved,15137.390,20465054,20649847,COMPLETED,COMPLETED,/home/hersco/training_new_domains/2026-08-21/statistical_replication_stage2_policy_eval/20465054_Ev_counters_counters_orig_novh_c.1_s1239739722_SR10P_src20430420_e0005.txt,/home/hersco/training_new_domains/2026-08-27/statistical_replication_stage2_mcts_eval/20649847_Ev_counters_counters_mcts_orig_novh_e.5_c.1_s1239739722_K0_SR10M_src20430420_e0005.txt
1239739722,fz_instance_57.pddl,0,0,both_failure,not_completed,,20465054,20649847,COMPLETED,COMPLETED,/home/hersco/training_new_domains/2026-08-21/statistical_replication_stage2_policy_eval/20465054_Ev_counters_counters_orig_novh_c.1_s1239739722_SR10P_src20430420_e0005.txt,/home/hersco/training_new_domains/2026-08-27/statistical_replication_stage2_mcts_eval/20649847_Ev_counters_counters_mcts_orig_novh_e.5_c.1_s1239739722_K0_SR10M_src20430420_e0005.txt
1239739722,fz_instance_58.pddl,0,0,both_failure,not_completed,,20465054,20649847,COMPLETED,COMPLETED,/home/hersco/training_new_domains/2026-08-21/statistical_replication_stage2_policy_eval/20465054_Ev_counters_counters_orig_novh_c.1_s1239739722_SR10P_src20430420_e0005.txt,/home/hersco/training_new_domains/2026-08-27/statistical_replication_stage2_mcts_eval/20649847_Ev_counters_counters_mcts_orig_novh_e.5_c.1_s1239739722_K0_SR10M_src20430420_e0005.txt
1239739722,fz_instance_59.pddl,0,0,both_failure,unsolved,18078.810,20465054,20649847,COMPLETED,COMPLETED,/home/hersco/training_new_domains/2026-08-21/statistical_replication_stage2_policy_eval/20465054_Ev_counters_counters_orig_novh_c.1_s1239739722_SR10P_src20430420_e0005.txt,/home/hersco/training_new_domains/2026-08-27/statistical_replication_stage2_mcts_eval/20649847_Ev_counters_counters_mcts_orig_novh_e.5_c.1_s1239739722_K0_SR10M_src20430420_e0005.txt
1239739722,fz_instance_60.pddl,0,0,both_failure,unsolved,15448.560,20465054,20649847,COMPLETED,COMPLETED,/home/hersco/training_new_domains/2026-08-21/statistical_replication_stage2_policy_eval/20465054_Ev_counters_counters_orig_novh_c.1_s1239739722_SR10P_src20430420_e0005.txt,/home/hersco/training_new_domains/2026-08-27/statistical_replication_stage2_mcts_eval/20649847_Ev_counters_counters_mcts_orig_novh_e.5_c.1_s1239739722_K0_SR10M_src20430420_e0005.txt
2082152039,fz_instance_2.pddl,1,1,both_success,success,10.320,20465166,20649850,COMPLETED,COMPLETED,/home/hersco/training_new_domains/2026-08-21/statistical_replication_stage2_policy_eval/20465166_Ev_counters_counters_orig_novh_c.1_s2082152039_SR10P_src20430423_e0000.txt,/home/hersco/training_new_domains/2026-08-27/statistical_replication_stage2_mcts_eval/20649850_Ev_counters_counters_mcts_orig_novh_e.5_c.1_s2082152039_K0_SR10M_src20430423_e0000.txt
2082152039,fz_instance_3.pddl,1,1,both_success,success,8.780,20465166,20649850,COMPLETED,COMPLETED,/home/hersco/training_new_domains/2026-08-21/statistical_replication_stage2_policy_eval/20465166_Ev_counters_counters_orig_novh_c.1_s2082152039_SR10P_src20430423_e0000.txt,/home/hersco/training_new_domains/2026-08-27/statistical_replication_stage2_mcts_eval/20649850_Ev_counters_counters_mcts_orig_novh_e.5_c.1_s2082152039_K0_SR10M_src20430423_e0000.txt
2082152039,fz_instance_4.pddl,1,1,both_success,success,10.280,20465166,20649850,COMPLETED,COMPLETED,/home/hersco/training_new_domains/2026-08-21/statistical_replication_stage2_policy_eval/20465166_Ev_counters_counters_orig_novh_c.1_s2082152039_SR10P_src20430423_e0000.txt,/home/hersco/training_new_domains/2026-08-27/statistical_replication_stage2_mcts_eval/20649850_Ev_counters_counters_mcts_orig_novh_e.5_c.1_s2082152039_K0_SR10M_src20430423_e0000.txt
2082152039,fz_instance_5.pddl,1,1,both_success,success,8.320,20465166,20649850,COMPLETED,COMPLETED,/home/hersco/training_new_domains/2026-08-21/statistical_replication_stage2_policy_eval/20465166_Ev_counters_counters_orig_novh_c.1_s2082152039_SR10P_src20430423_e0000.txt,/home/hersco/training_new_domains/2026-08-27/statistical_replication_stage2_mcts_eval/20649850_Ev_counters_counters_mcts_orig_novh_e.5_c.1_s2082152039_K0_SR10M_src20430423_e0000.txt
2082152039,fz_instance_6.pddl,1,1,both_success,success,11.090,20465166,20649850,COMPLETED,COMPLETED,/home/hersco/training_new_domains/2026-08-21/statistical_replication_stage2_policy_eval/20465166_Ev_counters_counters_orig_novh_c.1_s2082152039_SR10P_src20430423_e0000.txt,/home/hersco/training_new_domains/2026-08-27/statistical_replication_stage2_mcts_eval/20649850_Ev_counters_counters_mcts_orig_novh_e.5_c.1_s2082152039_K0_SR10M_src20430423_e0000.txt
2082152039,fz_instance_7.pddl,1,1,both_success,success,11.820,20465166,20649850,COMPLETED,COMPLETED,/home/hersco/training_new_domains/2026-08-21/statistical_replication_stage2_policy_eval/20465166_Ev_counters_counters_orig_novh_c.1_s2082152039_SR10P_src20430423_e0000.txt,/home/hersco/training_new_domains/2026-08-27/statistical_replication_stage2_mcts_eval/20649850_Ev_counters_counters_mcts_orig_novh_e.5_c.1_s2082152039_K0_SR10M_src20430423_e0000.txt
2082152039,fz_instance_8.pddl,1,1,both_success,success,13.310,20465166,20649850,COMPLETED,COMPLETED,/home/hersco/training_new_domains/2026-08-21/statistical_replication_stage2_policy_eval/20465166_Ev_counters_counters_orig_novh_c.1_s2082152039_SR10P_src20430423_e0000.txt,/home/hersco/training_new_domains/2026-08-27/statistical_replication_stage2_mcts_eval/20649850_Ev_counters_counters_mcts_orig_novh_e.5_c.1_s2082152039_K0_SR10M_src20430423_e0000.txt
2082152039,fz_instance_9.pddl,1,1,both_success,success,16.060,20465166,20649850,COMPLETED,COMPLETED,/home/hersco/training_new_domains/2026-08-21/statistical_replication_stage2_policy_eval/20465166_Ev_counters_counters_orig_novh_c.1_s2082152039_SR10P_src20430423_e0000.txt,/home/hersco/training_new_domains/2026-08-27/statistical_replication_stage2_mcts_eval/20649850_Ev_counters_counters_mcts_orig_novh_e.5_c.1_s2082152039_K0_SR10M_src20430423_e0000.txt
2082152039,fz_instance_10.pddl,1,1,both_success,success,18.560,20465166,20649850,COMPLETED,COMPLETED,/home/hersco/training_new_domains/2026-08-21/statistical_replication_stage2_policy_eval/20465166_Ev_counters_counters_orig_novh_c.1_s2082152039_SR10P_src20430423_e0000.txt,/home/hersco/training_new_domains/2026-08-27/statistical_replication_stage2_mcts_eval/20649850_Ev_counters_counters_mcts_orig_novh_e.5_c.1_s2082152039_K0_SR10M_src20430423_e0000.txt
2082152039,fz_instance_11.pddl,1,1,both_success,success,19.820,20465166,20649850,COMPLETED,COMPLETED,/home/hersco/training_new_domains/2026-08-21/statistical_replication_stage2_policy_eval/20465166_Ev_counters_counters_orig_novh_c.1_s2082152039_SR10P_src20430423_e0000.txt,/home/hersco/training_new_domains/2026-08-27/statistical_replication_stage2_mcts_eval/20649850_Ev_counters_counters_mcts_orig_novh_e.5_c.1_s2082152039_K0_SR10M_src20430423_e0000.txt
2082152039,fz_instance_12.pddl,1,1,both_success,success,22.830,20465166,20649850,COMPLETED,COMPLETED,/home/hersco/training_new_domains/2026-08-21/statistical_replication_stage2_policy_eval/20465166_Ev_counters_counters_orig_novh_c.1_s2082152039_SR10P_src20430423_e0000.txt,/home/hersco/training_new_domains/2026-08-27/statistical_replication_stage2_mcts_eval/20649850_Ev_counters_counters_mcts_orig_novh_e.5_c.1_s2082152039_K0_SR10M_src20430423_e0000.txt
2082152039,fz_instance_13.pddl,1,1,both_success,success,24.370,20465166,20649850,COMPLETED,COMPLETED,/home/hersco/training_new_domains/2026-08-21/statistical_replication_stage2_policy_eval/20465166_Ev_counters_counters_orig_novh_c.1_s2082152039_SR10P_src20430423_e0000.txt,/home/hersco/training_new_domains/2026-08-27/statistical_replication_stage2_mcts_eval/20649850_Ev_counters_counters_mcts_orig_novh_e.5_c.1_s2082152039_K0_SR10M_src20430423_e0000.txt
2082152039,fz_instance_14.pddl,1,1,both_success,success,28.370,20465166,20649850,COMPLETED,COMPLETED,/home/hersco/training_new_domains/2026-08-21/statistical_replication_stage2_policy_eval/20465166_Ev_counters_counters_orig_novh_c.1_s2082152039_SR10P_src20430423_e0000.txt,/home/hersco/training_new_domains/2026-08-27/statistical_replication_stage2_mcts_eval/20649850_Ev_counters_counters_mcts_orig_novh_e.5_c.1_s2082152039_K0_SR10M_src20430423_e0000.txt
2082152039,fz_instance_15.pddl,1,1,both_success,success,31.840,20465166,20649850,COMPLETED,COMPLETED,/home/hersco/training_new_domains/2026-08-21/statistical_replication_stage2_policy_eval/20465166_Ev_counters_counters_orig_novh_c.1_s2082152039_SR10P_src20430423_e0000.txt,/home/hersco/training_new_domains/2026-08-27/statistical_replication_stage2_mcts_eval/20649850_Ev_counters_counters_mcts_orig_novh_e.5_c.1_s2082152039_K0_SR10M_src20430423_e0000.txt
2082152039,fz_instance_16.pddl,1,1,both_success,success,32.840,20465166,20649850,COMPLETED,COMPLETED,/home/hersco/training_new_domains/2026-08-21/statistical_replication_stage2_policy_eval/20465166_Ev_counters_counters_orig_novh_c.1_s2082152039_SR10P_src20430423_e0000.txt,/home/hersco/training_new_domains/2026-08-27/statistical_replication_stage2_mcts_eval/20649850_Ev_counters_counters_mcts_orig_novh_e.5_c.1_s2082152039_K0_SR10M_src20430423_e0000.txt
2082152039,fz_instance_17.pddl,1,1,both_success,success,36.590,20465166,20649850,COMPLETED,COMPLETED,/home/hersco/training_new_domains/2026-08-21/statistical_replication_stage2_policy_eval/20465166_Ev_counters_counters_orig_novh_c.1_s2082152039_SR10P_src20430423_e0000.txt,/home/hersco/training_new_domains/2026-08-27/statistical_replication_stage2_mcts_eval/20649850_Ev_counters_counters_mcts_orig_novh_e.5_c.1_s2082152039_K0_SR10M_src20430423_e0000.txt
2082152039,fz_instance_18.pddl,1,1,both_success,success,41.600,20465166,20649850,COMPLETED,COMPLETED,/home/hersco/training_new_domains/2026-08-21/statistical_replication_stage2_policy_eval/20465166_Ev_counters_counters_orig_novh_c.1_s2082152039_SR10P_src20430423_e0000.txt,/home/hersco/training_new_domains/2026-08-27/statistical_replication_stage2_mcts_eval/20649850_Ev_counters_counters_mcts_orig_novh_e.5_c.1_s2082152039_K0_SR10M_src20430423_e0000.txt
2082152039,fz_instance_19.pddl,1,1,both_success,success,44.850,20465166,20649850,COMPLETED,COMPLETED,/home/hersco/training_new_domains/2026-08-21/statistical_replication_stage2_policy_eval/20465166_Ev_counters_counters_orig_novh_c.1_s2082152039_SR10P_src20430423_e0000.txt,/home/hersco/training_new_domains/2026-08-27/statistical_replication_stage2_mcts_eval/20649850_Ev_counters_counters_mcts_orig_novh_e.5_c.1_s2082152039_K0_SR10M_src20430423_e0000.txt
2082152039,fz_instance_20.pddl,1,1,both_success,success,52.920,20465166,20649850,COMPLETED,COMPLETED,/home/hersco/training_new_domains/2026-08-21/statistical_replication_stage2_policy_eval/20465166_Ev_counters_counters_orig_novh_c.1_s2082152039_SR10P_src20430423_e0000.txt,/home/hersco/training_new_domains/2026-08-27/statistical_replication_stage2_mcts_eval/20649850_Ev_counters_counters_mcts_orig_novh_e.5_c.1_s2082152039_K0_SR10M_src20430423_e0000.txt
2082152039,fz_instance_21.pddl,1,1,both_success,success,60.180,20465166,20649850,COMPLETED,COMPLETED,/home/hersco/training_new_domains/2026-08-21/statistical_replication_stage2_policy_eval/20465166_Ev_counters_counters_orig_novh_c.1_s2082152039_SR10P_src20430423_e0000.txt,/home/hersco/training_new_domains/2026-08-27/statistical_replication_stage2_mcts_eval/20649850_Ev_counters_counters_mcts_orig_novh_e.5_c.1_s2082152039_K0_SR10M_src20430423_e0000.txt
2082152039,fz_instance_22.pddl,1,1,both_success,success,67.640,20465166,20649850,COMPLETED,COMPLETED,/home/hersco/training_new_domains/2026-08-21/statistical_replication_stage2_policy_eval/20465166_Ev_counters_counters_orig_novh_c.1_s2082152039_SR10P_src20430423_e0000.txt,/home/hersco/training_new_domains/2026-08-27/statistical_replication_stage2_mcts_eval/20649850_Ev_counters_counters_mcts_orig_novh_e.5_c.1_s2082152039_K0_SR10M_src20430423_e0000.txt
2082152039,fz_instance_23.pddl,1,1,both_success,success,75.900,20465166,20649850,COMPLETED,COMPLETED,/home/hersco/training_new_domains/2026-08-21/statistical_replication_stage2_policy_eval/20465166_Ev_counters_counters_orig_novh_c.1_s2082152039_SR10P_src20430423_e0000.txt,/home/hersco/training_new_domains/2026-08-27/statistical_replication_stage2_mcts_eval/20649850_Ev_counters_counters_mcts_orig_novh_e.5_c.1_s2082152039_K0_SR10M_src20430423_e0000.txt
2082152039,fz_instance_24.pddl,1,1,both_success,success,77.660,20465166,20649850,COMPLETED,COMPLETED,/home/hersco/training_new_domains/2026-08-21/statistical_replication_stage2_policy_eval/20465166_Ev_counters_counters_orig_novh_c.1_s2082152039_SR10P_src20430423_e0000.txt,/home/hersco/training_new_domains/2026-08-27/statistical_replication_stage2_mcts_eval/20649850_Ev_counters_counters_mcts_orig_novh_e.5_c.1_s2082152039_K0_SR10M_src20430423_e0000.txt
2082152039,fz_instance_25.pddl,1,1,both_success,success,84.420,20465166,20649850,COMPLETED,COMPLETED,/home/hersco/training_new_domains/2026-08-21/statistical_replication_stage2_policy_eval/20465166_Ev_counters_counters_orig_novh_c.1_s2082152039_SR10P_src20430423_e0000.txt,/home/hersco/training_new_domains/2026-08-27/statistical_replication_stage2_mcts_eval/20649850_Ev_counters_counters_mcts_orig_novh_e.5_c.1_s2082152039_K0_SR10M_src20430423_e0000.txt
2082152039,fz_instance_26.pddl,1,1,both_success,success,96.710,20465166,20649850,COMPLETED,COMPLETED,/home/hersco/training_new_domains/2026-08-21/statistical_replication_stage2_policy_eval/20465166_Ev_counters_counters_orig_novh_c.1_s2082152039_SR10P_src20430423_e0000.txt,/home/hersco/training_new_domains/2026-08-27/statistical_replication_stage2_mcts_eval/20649850_Ev_counters_counters_mcts_orig_novh_e.5_c.1_s2082152039_K0_SR10M_src20430423_e0000.txt
2082152039,fz_instance_27.pddl,1,1,both_success,success,110.300,20465166,20649850,COMPLETED,COMPLETED,/home/hersco/training_new_domains/2026-08-21/statistical_replication_stage2_policy_eval/20465166_Ev_counters_counters_orig_novh_c.1_s2082152039_SR10P_src20430423_e0000.txt,/home/hersco/training_new_domains/2026-08-27/statistical_replication_stage2_mcts_eval/20649850_Ev_counters_counters_mcts_orig_novh_e.5_c.1_s2082152039_K0_SR10M_src20430423_e0000.txt
2082152039,fz_instance_28.pddl,1,1,both_success,success,117.300,20465166,20649850,COMPLETED,COMPLETED,/home/hersco/training_new_domains/2026-08-21/statistical_replication_stage2_policy_eval/20465166_Ev_counters_counters_orig_novh_c.1_s2082152039_SR10P_src20430423_e0000.txt,/home/hersco/training_new_domains/2026-08-27/statistical_replication_stage2_mcts_eval/20649850_Ev_counters_counters_mcts_orig_novh_e.5_c.1_s2082152039_K0_SR10M_src20430423_e0000.txt
2082152039,fz_instance_29.pddl,1,1,both_success,success,123.760,20465166,20649850,COMPLETED,COMPLETED,/home/hersco/training_new_domains/2026-08-21/statistical_replication_stage2_policy_eval/20465166_Ev_counters_counters_orig_novh_c.1_s2082152039_SR10P_src20430423_e0000.txt,/home/hersco/training_new_domains/2026-08-27/statistical_replication_stage2_mcts_eval/20649850_Ev_counters_counters_mcts_orig_novh_e.5_c.1_s2082152039_K0_SR10M_src20430423_e0000.txt
2082152039,fz_instance_30.pddl,1,1,both_success,success,160.090,20465166,20649850,COMPLETED,COMPLETED,/home/hersco/training_new_domains/2026-08-21/statistical_replication_stage2_policy_eval/20465166_Ev_counters_counters_orig_novh_c.1_s2082152039_SR10P_src20430423_e0000.txt,/home/hersco/training_new_domains/2026-08-27/statistical_replication_stage2_mcts_eval/20649850_Ev_counters_counters_mcts_orig_novh_e.5_c.1_s2082152039_K0_SR10M_src20430423_e0000.txt
2082152039,fz_instance_31.pddl,1,1,both_success,success,179.890,20465166,20649850,COMPLETED,COMPLETED,/home/hersco/training_new_domains/2026-08-21/statistical_replication_stage2_policy_eval/20465166_Ev_counters_counters_orig_novh_c.1_s2082152039_SR10P_src20430423_e0000.txt,/home/hersco/training_new_domains/2026-08-27/statistical_replication_stage2_mcts_eval/20649850_Ev_counters_counters_mcts_orig_novh_e.5_c.1_s2082152039_K0_SR10M_src20430423_e0000.txt
2082152039,fz_instance_32.pddl,1,1,both_success,success,188.860,20465166,20649850,COMPLETED,COMPLETED,/home/hersco/training_new_domains/2026-08-21/statistical_replication_stage2_policy_eval/20465166_Ev_counters_counters_orig_novh_c.1_s2082152039_SR10P_src20430423_e0000.txt,/home/hersco/training_new_domains/2026-08-27/statistical_replication_stage2_mcts_eval/20649850_Ev_counters_counters_mcts_orig_novh_e.5_c.1_s2082152039_K0_SR10M_src20430423_e0000.txt
2082152039,fz_instance_33.pddl,1,1,both_success,success,229.830,20465166,20649850,COMPLETED,COMPLETED,/home/hersco/training_new_domains/2026-08-21/statistical_replication_stage2_policy_eval/20465166_Ev_counters_counters_orig_novh_c.1_s2082152039_SR10P_src20430423_e0000.txt,/home/hersco/training_new_domains/2026-08-27/statistical_replication_stage2_mcts_eval/20649850_Ev_counters_counters_mcts_orig_novh_e.5_c.1_s2082152039_K0_SR10M_src20430423_e0000.txt
2082152039,fz_instance_34.pddl,1,1,both_success,success,228.110,20465166,20649850,COMPLETED,COMPLETED,/home/hersco/training_new_domains/2026-08-21/statistical_replication_stage2_policy_eval/20465166_Ev_counters_counters_orig_novh_c.1_s2082152039_SR10P_src20430423_e0000.txt,/home/hersco/training_new_domains/2026-08-27/statistical_replication_stage2_mcts_eval/20649850_Ev_counters_counters_mcts_orig_novh_e.5_c.1_s2082152039_K0_SR10M_src20430423_e0000.txt
2082152039,fz_instance_35.pddl,1,1,both_success,success,283.930,20465166,20649850,COMPLETED,COMPLETED,/home/hersco/training_new_domains/2026-08-21/statistical_replication_stage2_policy_eval/20465166_Ev_counters_counters_orig_novh_c.1_s2082152039_SR10P_src20430423_e0000.txt,/home/hersco/training_new_domains/2026-08-27/statistical_replication_stage2_mcts_eval/20649850_Ev_counters_counters_mcts_orig_novh_e.5_c.1_s2082152039_K0_SR10M_src20430423_e0000.txt
2082152039,fz_instance_36.pddl,1,1,both_success,success,296.940,20465166,20649850,COMPLETED,COMPLETED,/home/hersco/training_new_domains/2026-08-21/statistical_replication_stage2_policy_eval/20465166_Ev_counters_counters_orig_novh_c.1_s2082152039_SR10P_src20430423_e0000.txt,/home/hersco/training_new_domains/2026-08-27/statistical_replication_stage2_mcts_eval/20649850_Ev_counters_counters_mcts_orig_novh_e.5_c.1_s2082152039_K0_SR10M_src20430423_e0000.txt
2082152039,fz_instance_37.pddl,1,1,both_success,success,313.740,20465166,20649850,COMPLETED,COMPLETED,/home/hersco/training_new_domains/2026-08-21/statistical_replication_stage2_policy_eval/20465166_Ev_counters_counters_orig_novh_c.1_s2082152039_SR10P_src20430423_e0000.txt,/home/hersco/training_new_domains/2026-08-27/statistical_replication_stage2_mcts_eval/20649850_Ev_counters_counters_mcts_orig_novh_e.5_c.1_s2082152039_K0_SR10M_src20430423_e0000.txt
2082152039,fz_instance_38.pddl,1,1,both_success,success,372.710,20465166,20649850,COMPLETED,COMPLETED,/home/hersco/training_new_domains/2026-08-21/statistical_replication_stage2_policy_eval/20465166_Ev_counters_counters_orig_novh_c.1_s2082152039_SR10P_src20430423_e0000.txt,/home/hersco/training_new_domains/2026-08-27/statistical_replication_stage2_mcts_eval/20649850_Ev_counters_counters_mcts_orig_novh_e.5_c.1_s2082152039_K0_SR10M_src20430423_e0000.txt
2082152039,fz_instance_39.pddl,1,1,both_success,success,442.080,20465166,20649850,COMPLETED,COMPLETED,/home/hersco/training_new_domains/2026-08-21/statistical_replication_stage2_policy_eval/20465166_Ev_counters_counters_orig_novh_c.1_s2082152039_SR10P_src20430423_e0000.txt,/home/hersco/training_new_domains/2026-08-27/statistical_replication_stage2_mcts_eval/20649850_Ev_counters_counters_mcts_orig_novh_e.5_c.1_s2082152039_K0_SR10M_src20430423_e0000.txt
2082152039,fz_instance_40.pddl,1,1,both_success,success,546.070,20465166,20649850,COMPLETED,COMPLETED,/home/hersco/training_new_domains/2026-08-21/statistical_replication_stage2_policy_eval/20465166_Ev_counters_counters_orig_novh_c.1_s2082152039_SR10P_src20430423_e0000.txt,/home/hersco/training_new_domains/2026-08-27/statistical_replication_stage2_mcts_eval/20649850_Ev_counters_counters_mcts_orig_novh_e.5_c.1_s2082152039_K0_SR10M_src20430423_e0000.txt
2082152039,fz_instance_41.pddl,1,1,both_success,success,698.940,20465166,20649850,COMPLETED,COMPLETED,/home/hersco/training_new_domains/2026-08-21/statistical_replication_stage2_policy_eval/20465166_Ev_counters_counters_orig_novh_c.1_s2082152039_SR10P_src20430423_e0000.txt,/home/hersco/training_new_domains/2026-08-27/statistical_replication_stage2_mcts_eval/20649850_Ev_counters_counters_mcts_orig_novh_e.5_c.1_s2082152039_K0_SR10M_src20430423_e0000.txt
2082152039,fz_instance_42.pddl,1,1,both_success,success,583.350,20465166,20649850,COMPLETED,COMPLETED,/home/hersco/training_new_domains/2026-08-21/statistical_replication_stage2_policy_eval/20465166_Ev_counters_counters_orig_novh_c.1_s2082152039_SR10P_src20430423_e0000.txt,/home/hersco/training_new_domains/2026-08-27/statistical_replication_stage2_mcts_eval/20649850_Ev_counters_counters_mcts_orig_novh_e.5_c.1_s2082152039_K0_SR10M_src20430423_e0000.txt
2082152039,fz_instance_43.pddl,1,1,both_success,success,564.410,20465166,20649850,COMPLETED,COMPLETED,/home/hersco/training_new_domains/2026-08-21/statistical_replication_stage2_policy_eval/20465166_Ev_counters_counters_orig_novh_c.1_s2082152039_SR10P_src20430423_e0000.txt,/home/hersco/training_new_domains/2026-08-27/statistical_replication_stage2_mcts_eval/20649850_Ev_counters_counters_mcts_orig_novh_e.5_c.1_s2082152039_K0_SR10M_src20430423_e0000.txt
2082152039,fz_instance_44.pddl,1,1,both_success,success,672.080,20465166,20649850,COMPLETED,COMPLETED,/home/hersco/training_new_domains/2026-08-21/statistical_replication_stage2_policy_eval/20465166_Ev_counters_counters_orig_novh_c.1_s2082152039_SR10P_src20430423_e0000.txt,/home/hersco/training_new_domains/2026-08-27/statistical_replication_stage2_mcts_eval/20649850_Ev_counters_counters_mcts_orig_novh_e.5_c.1_s2082152039_K0_SR10M_src20430423_e0000.txt
2082152039,fz_instance_45.pddl,1,1,both_success,success,700.710,20465166,20649850,COMPLETED,COMPLETED,/home/hersco/training_new_domains/2026-08-21/statistical_replication_stage2_policy_eval/20465166_Ev_counters_counters_orig_novh_c.1_s2082152039_SR10P_src20430423_e0000.txt,/home/hersco/training_new_domains/2026-08-27/statistical_replication_stage2_mcts_eval/20649850_Ev_counters_counters_mcts_orig_novh_e.5_c.1_s2082152039_K0_SR10M_src20430423_e0000.txt
2082152039,fz_instance_46.pddl,1,1,both_success,success,808.810,20465166,20649850,COMPLETED,COMPLETED,/home/hersco/training_new_domains/2026-08-21/statistical_replication_stage2_policy_eval/20465166_Ev_counters_counters_orig_novh_c.1_s2082152039_SR10P_src20430423_e0000.txt,/home/hersco/training_new_domains/2026-08-27/statistical_replication_stage2_mcts_eval/20649850_Ev_counters_counters_mcts_orig_novh_e.5_c.1_s2082152039_K0_SR10M_src20430423_e0000.txt
2082152039,fz_instance_47.pddl,1,1,both_success,success,971.510,20465166,20649850,COMPLETED,COMPLETED,/home/hersco/training_new_domains/2026-08-21/statistical_replication_stage2_policy_eval/20465166_Ev_counters_counters_orig_novh_c.1_s2082152039_SR10P_src20430423_e0000.txt,/home/hersco/training_new_domains/2026-08-27/statistical_replication_stage2_mcts_eval/20649850_Ev_counters_counters_mcts_orig_novh_e.5_c.1_s2082152039_K0_SR10M_src20430423_e0000.txt
2082152039,fz_instance_48.pddl,1,1,both_success,success,1043.540,20465166,20649850,COMPLETED,COMPLETED,/home/hersco/training_new_domains/2026-08-21/statistical_replication_stage2_policy_eval/20465166_Ev_counters_counters_orig_novh_c.1_s2082152039_SR10P_src20430423_e0000.txt,/home/hersco/training_new_domains/2026-08-27/statistical_replication_stage2_mcts_eval/20649850_Ev_counters_counters_mcts_orig_novh_e.5_c.1_s2082152039_K0_SR10M_src20430423_e0000.txt
2082152039,fz_instance_49.pddl,1,1,both_success,success,1167.390,20465166,20649850,COMPLETED,COMPLETED,/home/hersco/training_new_domains/2026-08-21/statistical_replication_stage2_policy_eval/20465166_Ev_counters_counters_orig_novh_c.1_s2082152039_SR10P_src20430423_e0000.txt,/home/hersco/training_new_domains/2026-08-27/statistical_replication_stage2_mcts_eval/20649850_Ev_counters_counters_mcts_orig_novh_e.5_c.1_s2082152039_K0_SR10M_src20430423_e0000.txt
2082152039,fz_instance_50.pddl,1,1,both_success,success,1534.490,20465166,20649850,COMPLETED,COMPLETED,/home/hersco/training_new_domains/2026-08-21/statistical_replication_stage2_policy_eval/20465166_Ev_counters_counters_orig_novh_c.1_s2082152039_SR10P_src20430423_e0000.txt,/home/hersco/training_new_domains/2026-08-27/statistical_replication_stage2_mcts_eval/20649850_Ev_counters_counters_mcts_orig_novh_e.5_c.1_s2082152039_K0_SR10M_src20430423_e0000.txt
2082152039,fz_instance_51.pddl,1,1,both_success,success,1942.080,20465166,20649850,COMPLETED,COMPLETED,/home/hersco/training_new_domains/2026-08-21/statistical_replication_stage2_policy_eval/20465166_Ev_counters_counters_orig_novh_c.1_s2082152039_SR10P_src20430423_e0000.txt,/home/hersco/training_new_domains/2026-08-27/statistical_replication_stage2_mcts_eval/20649850_Ev_counters_counters_mcts_orig_novh_e.5_c.1_s2082152039_K0_SR10M_src20430423_e0000.txt
2082152039,fz_instance_52.pddl,1,1,both_success,success,1717.720,20465166,20649850,COMPLETED,COMPLETED,/home/hersco/training_new_domains/2026-08-21/statistical_replication_stage2_policy_eval/20465166_Ev_counters_counters_orig_novh_c.1_s2082152039_SR10P_src20430423_e0000.txt,/home/hersco/training_new_domains/2026-08-27/statistical_replication_stage2_mcts_eval/20649850_Ev_counters_counters_mcts_orig_novh_e.5_c.1_s2082152039_K0_SR10M_src20430423_e0000.txt
2082152039,fz_instance_53.pddl,1,1,both_success,success,1846.930,20465166,20649850,COMPLETED,COMPLETED,/home/hersco/training_new_domains/2026-08-21/statistical_replication_stage2_policy_eval/20465166_Ev_counters_counters_orig_novh_c.1_s2082152039_SR10P_src20430423_e0000.txt,/home/hersco/training_new_domains/2026-08-27/statistical_replication_stage2_mcts_eval/20649850_Ev_counters_counters_mcts_orig_novh_e.5_c.1_s2082152039_K0_SR10M_src20430423_e0000.txt
2082152039,fz_instance_54.pddl,1,1,both_success,success,2097.760,20465166,20649850,COMPLETED,COMPLETED,/home/hersco/training_new_domains/2026-08-21/statistical_replication_stage2_policy_eval/20465166_Ev_counters_counters_orig_novh_c.1_s2082152039_SR10P_src20430423_e0000.txt,/home/hersco/training_new_domains/2026-08-27/statistical_replication_stage2_mcts_eval/20649850_Ev_counters_counters_mcts_orig_novh_e.5_c.1_s2082152039_K0_SR10M_src20430423_e0000.txt
2082152039,fz_instance_55.pddl,1,1,both_success,success,2261.030,20465166,20649850,COMPLETED,COMPLETED,/home/hersco/training_new_domains/2026-08-21/statistical_replication_stage2_policy_eval/20465166_Ev_counters_counters_orig_novh_c.1_s2082152039_SR10P_src20430423_e0000.txt,/home/hersco/training_new_domains/2026-08-27/statistical_replication_stage2_mcts_eval/20649850_Ev_counters_counters_mcts_orig_novh_e.5_c.1_s2082152039_K0_SR10M_src20430423_e0000.txt
2082152039,fz_instance_56.pddl,1,1,both_success,success,2617.020,20465166,20649850,COMPLETED,COMPLETED,/home/hersco/training_new_domains/2026-08-21/statistical_replication_stage2_policy_eval/20465166_Ev_counters_counters_orig_novh_c.1_s2082152039_SR10P_src20430423_e0000.txt,/home/hersco/training_new_domains/2026-08-27/statistical_replication_stage2_mcts_eval/20649850_Ev_counters_counters_mcts_orig_novh_e.5_c.1_s2082152039_K0_SR10M_src20430423_e0000.txt
2082152039,fz_instance_57.pddl,1,1,both_success,success,3284.390,20465166,20649850,COMPLETED,COMPLETED,/home/hersco/training_new_domains/2026-08-21/statistical_replication_stage2_policy_eval/20465166_Ev_counters_counters_orig_novh_c.1_s2082152039_SR10P_src20430423_e0000.txt,/home/hersco/training_new_domains/2026-08-27/statistical_replication_stage2_mcts_eval/20649850_Ev_counters_counters_mcts_orig_novh_e.5_c.1_s2082152039_K0_SR10M_src20430423_e0000.txt
2082152039,fz_instance_58.pddl,1,1,both_success,success,3638.460,20465166,20649850,COMPLETED,COMPLETED,/home/hersco/training_new_domains/2026-08-21/statistical_replication_stage2_policy_eval/20465166_Ev_counters_counters_orig_novh_c.1_s2082152039_SR10P_src20430423_e0000.txt,/home/hersco/training_new_domains/2026-08-27/statistical_replication_stage2_mcts_eval/20649850_Ev_counters_counters_mcts_orig_novh_e.5_c.1_s2082152039_K0_SR10M_src20430423_e0000.txt
2082152039,fz_instance_59.pddl,1,1,both_success,success,3343.280,20465166,20649850,COMPLETED,COMPLETED,/home/hersco/training_new_domains/2026-08-21/statistical_replication_stage2_policy_eval/20465166_Ev_counters_counters_orig_novh_c.1_s2082152039_SR10P_src20430423_e0000.txt,/home/hersco/training_new_domains/2026-08-27/statistical_replication_stage2_mcts_eval/20649850_Ev_counters_counters_mcts_orig_novh_e.5_c.1_s2082152039_K0_SR10M_src20430423_e0000.txt
2082152039,fz_instance_60.pddl,1,1,both_success,success,3054.610,20465166,20649850,COMPLETED,COMPLETED,/home/hersco/training_new_domains/2026-08-21/statistical_replication_stage2_policy_eval/20465166_Ev_counters_counters_orig_novh_c.1_s2082152039_SR10P_src20430423_e0000.txt,/home/hersco/training_new_domains/2026-08-27/statistical_replication_stage2_mcts_eval/20649850_Ev_counters_counters_mcts_orig_novh_e.5_c.1_s2082152039_K0_SR10M_src20430423_e0000.txt
1510771779,fz_instance_2.pddl,1,1,both_success,success,9.550,20465208,20649851,COMPLETED,OUT_OF_MEMORY,/home/hersco/training_new_domains/2026-08-21/statistical_replication_stage2_policy_eval/20465208_Ev_counters_counters_orig_novh_c.1_s1510771779_SR10P_src20430424_e0037.txt,/home/hersco/training_new_domains/2026-08-27/statistical_replication_stage2_mcts_eval/20649851_Ev_counters_counters_mcts_orig_novh_e.5_c.1_s1510771779_K0_SR10M_src20430424_e0037.txt
1510771779,fz_instance_3.pddl,1,1,both_success,success,11.890,20465208,20649851,COMPLETED,OUT_OF_MEMORY,/home/hersco/training_new_domains/2026-08-21/statistical_replication_stage2_policy_eval/20465208_Ev_counters_counters_orig_novh_c.1_s1510771779_SR10P_src20430424_e0037.txt,/home/hersco/training_new_domains/2026-08-27/statistical_replication_stage2_mcts_eval/20649851_Ev_counters_counters_mcts_orig_novh_e.5_c.1_s1510771779_K0_SR10M_src20430424_e0037.txt
1510771779,fz_instance_4.pddl,1,1,both_success,success,11.290,20465208,20649851,COMPLETED,OUT_OF_MEMORY,/home/hersco/training_new_domains/2026-08-21/statistical_replication_stage2_policy_eval/20465208_Ev_counters_counters_orig_novh_c.1_s1510771779_SR10P_src20430424_e0037.txt,/home/hersco/training_new_domains/2026-08-27/statistical_replication_stage2_mcts_eval/20649851_Ev_counters_counters_mcts_orig_novh_e.5_c.1_s1510771779_K0_SR10M_src20430424_e0037.txt
1510771779,fz_instance_5.pddl,1,1,both_success,success,11.370,20465208,20649851,COMPLETED,OUT_OF_MEMORY,/home/hersco/training_new_domains/2026-08-21/statistical_replication_stage2_policy_eval/20465208_Ev_counters_counters_orig_novh_c.1_s1510771779_SR10P_src20430424_e0037.txt,/home/hersco/training_new_domains/2026-08-27/statistical_replication_stage2_mcts_eval/20649851_Ev_counters_counters_mcts_orig_novh_e.5_c.1_s1510771779_K0_SR10M_src20430424_e0037.txt
1510771779,fz_instance_6.pddl,1,1,both_success,success,12.060,20465208,20649851,COMPLETED,OUT_OF_MEMORY,/home/hersco/training_new_domains/2026-08-21/statistical_replication_stage2_policy_eval/20465208_Ev_counters_counters_orig_novh_c.1_s1510771779_SR10P_src20430424_e0037.txt,/home/hersco/training_new_domains/2026-08-27/statistical_replication_stage2_mcts_eval/20649851_Ev_counters_counters_mcts_orig_novh_e.5_c.1_s1510771779_K0_SR10M_src20430424_e0037.txt
1510771779,fz_instance_7.pddl,1,1,both_success,success,13.560,20465208,20649851,COMPLETED,OUT_OF_MEMORY,/home/hersco/training_new_domains/2026-08-21/statistical_replication_stage2_policy_eval/20465208_Ev_counters_counters_orig_novh_c.1_s1510771779_SR10P_src20430424_e0037.txt,/home/hersco/training_new_domains/2026-08-27/statistical_replication_stage2_mcts_eval/20649851_Ev_counters_counters_mcts_orig_novh_e.5_c.1_s1510771779_K0_SR10M_src20430424_e0037.txt
1510771779,fz_instance_8.pddl,1,1,both_success,success,13.300,20465208,20649851,COMPLETED,OUT_OF_MEMORY,/home/hersco/training_new_domains/2026-08-21/statistical_replication_stage2_policy_eval/20465208_Ev_counters_counters_orig_novh_c.1_s1510771779_SR10P_src20430424_e0037.txt,/home/hersco/training_new_domains/2026-08-27/statistical_replication_stage2_mcts_eval/20649851_Ev_counters_counters_mcts_orig_novh_e.5_c.1_s1510771779_K0_SR10M_src20430424_e0037.txt
1510771779,fz_instance_9.pddl,1,1,both_success,success,16.810,20465208,20649851,COMPLETED,OUT_OF_MEMORY,/home/hersco/training_new_domains/2026-08-21/statistical_replication_stage2_policy_eval/20465208_Ev_counters_counters_orig_novh_c.1_s1510771779_SR10P_src20430424_e0037.txt,/home/hersco/training_new_domains/2026-08-27/statistical_replication_stage2_mcts_eval/20649851_Ev_counters_counters_mcts_orig_novh_e.5_c.1_s1510771779_K0_SR10M_src20430424_e0037.txt
1510771779,fz_instance_10.pddl,1,1,both_success,success,18.810,20465208,20649851,COMPLETED,OUT_OF_MEMORY,/home/hersco/training_new_domains/2026-08-21/statistical_replication_stage2_policy_eval/20465208_Ev_counters_counters_orig_novh_c.1_s1510771779_SR10P_src20430424_e0037.txt,/home/hersco/training_new_domains/2026-08-27/statistical_replication_stage2_mcts_eval/20649851_Ev_counters_counters_mcts_orig_novh_e.5_c.1_s1510771779_K0_SR10M_src20430424_e0037.txt
1510771779,fz_instance_11.pddl,1,1,both_success,success,23.080,20465208,20649851,COMPLETED,OUT_OF_MEMORY,/home/hersco/training_new_domains/2026-08-21/statistical_replication_stage2_policy_eval/20465208_Ev_counters_counters_orig_novh_c.1_s1510771779_SR10P_src20430424_e0037.txt,/home/hersco/training_new_domains/2026-08-27/statistical_replication_stage2_mcts_eval/20649851_Ev_counters_counters_mcts_orig_novh_e.5_c.1_s1510771779_K0_SR10M_src20430424_e0037.txt
1510771779,fz_instance_12.pddl,1,1,both_success,success,23.120,20465208,20649851,COMPLETED,OUT_OF_MEMORY,/home/hersco/training_new_domains/2026-08-21/statistical_replication_stage2_policy_eval/20465208_Ev_counters_counters_orig_novh_c.1_s1510771779_SR10P_src20430424_e0037.txt,/home/hersco/training_new_domains/2026-08-27/statistical_replication_stage2_mcts_eval/20649851_Ev_counters_counters_mcts_orig_novh_e.5_c.1_s1510771779_K0_SR10M_src20430424_e0037.txt
1510771779,fz_instance_13.pddl,1,1,both_success,success,29.370,20465208,20649851,COMPLETED,OUT_OF_MEMORY,/home/hersco/training_new_domains/2026-08-21/statistical_replication_stage2_policy_eval/20465208_Ev_counters_counters_orig_novh_c.1_s1510771779_SR10P_src20430424_e0037.txt,/home/hersco/training_new_domains/2026-08-27/statistical_replication_stage2_mcts_eval/20649851_Ev_counters_counters_mcts_orig_novh_e.5_c.1_s1510771779_K0_SR10M_src20430424_e0037.txt
1510771779,fz_instance_14.pddl,1,1,both_success,success,31.090,20465208,20649851,COMPLETED,OUT_OF_MEMORY,/home/hersco/training_new_domains/2026-08-21/statistical_replication_stage2_policy_eval/20465208_Ev_counters_counters_orig_novh_c.1_s1510771779_SR10P_src20430424_e0037.txt,/home/hersco/training_new_domains/2026-08-27/statistical_replication_stage2_mcts_eval/20649851_Ev_counters_counters_mcts_orig_novh_e.5_c.1_s1510771779_K0_SR10M_src20430424_e0037.txt
1510771779,fz_instance_15.pddl,1,1,both_success,success,33.850,20465208,20649851,COMPLETED,OUT_OF_MEMORY,/home/hersco/training_new_domains/2026-08-21/statistical_replication_stage2_policy_eval/20465208_Ev_counters_counters_orig_novh_c.1_s1510771779_SR10P_src20430424_e0037.txt,/home/hersco/training_new_domains/2026-08-27/statistical_replication_stage2_mcts_eval/20649851_Ev_counters_counters_mcts_orig_novh_e.5_c.1_s1510771779_K0_SR10M_src20430424_e0037.txt
1510771779,fz_instance_16.pddl,1,1,both_success,success,39.440,20465208,20649851,COMPLETED,OUT_OF_MEMORY,/home/hersco/training_new_domains/2026-08-21/statistical_replication_stage2_policy_eval/20465208_Ev_counters_counters_orig_novh_c.1_s1510771779_SR10P_src20430424_e0037.txt,/home/hersco/training_new_domains/2026-08-27/statistical_replication_stage2_mcts_eval/20649851_Ev_counters_counters_mcts_orig_novh_e.5_c.1_s1510771779_K0_SR10M_src20430424_e0037.txt
1510771779,fz_instance_17.pddl,1,1,both_success,success,42.210,20465208,20649851,COMPLETED,OUT_OF_MEMORY,/home/hersco/training_new_domains/2026-08-21/statistical_replication_stage2_policy_eval/20465208_Ev_counters_counters_orig_novh_c.1_s1510771779_SR10P_src20430424_e0037.txt,/home/hersco/training_new_domains/2026-08-27/statistical_replication_stage2_mcts_eval/20649851_Ev_counters_counters_mcts_orig_novh_e.5_c.1_s1510771779_K0_SR10M_src20430424_e0037.txt
1510771779,fz_instance_18.pddl,1,1,both_success,success,45.470,20465208,20649851,COMPLETED,OUT_OF_MEMORY,/home/hersco/training_new_domains/2026-08-21/statistical_replication_stage2_policy_eval/20465208_Ev_counters_counters_orig_novh_c.1_s1510771779_SR10P_src20430424_e0037.txt,/home/hersco/training_new_domains/2026-08-27/statistical_replication_stage2_mcts_eval/20649851_Ev_counters_counters_mcts_orig_novh_e.5_c.1_s1510771779_K0_SR10M_src20430424_e0037.txt
1510771779,fz_instance_19.pddl,1,1,both_success,success,53.310,20465208,20649851,COMPLETED,OUT_OF_MEMORY,/home/hersco/training_new_domains/2026-08-21/statistical_replication_stage2_policy_eval/20465208_Ev_counters_counters_orig_novh_c.1_s1510771779_SR10P_src20430424_e0037.txt,/home/hersco/training_new_domains/2026-08-27/statistical_replication_stage2_mcts_eval/20649851_Ev_counters_counters_mcts_orig_novh_e.5_c.1_s1510771779_K0_SR10M_src20430424_e0037.txt
1510771779,fz_instance_20.pddl,1,1,both_success,success,54.480,20465208,20649851,COMPLETED,OUT_OF_MEMORY,/home/hersco/training_new_domains/2026-08-21/statistical_replication_stage2_policy_eval/20465208_Ev_counters_counters_orig_novh_c.1_s1510771779_SR10P_src20430424_e0037.txt,/home/hersco/training_new_domains/2026-08-27/statistical_replication_stage2_mcts_eval/20649851_Ev_counters_counters_mcts_orig_novh_e.5_c.1_s1510771779_K0_SR10M_src20430424_e0037.txt
1510771779,fz_instance_21.pddl,1,1,both_success,success,63.960,20465208,20649851,COMPLETED,OUT_OF_MEMORY,/home/hersco/training_new_domains/2026-08-21/statistical_replication_stage2_policy_eval/20465208_Ev_counters_counters_orig_novh_c.1_s1510771779_SR10P_src20430424_e0037.txt,/home/hersco/training_new_domains/2026-08-27/statistical_replication_stage2_mcts_eval/20649851_Ev_counters_counters_mcts_orig_novh_e.5_c.1_s1510771779_K0_SR10M_src20430424_e0037.txt
1510771779,fz_instance_22.pddl,1,1,both_success,success,69.700,20465208,20649851,COMPLETED,OUT_OF_MEMORY,/home/hersco/training_new_domains/2026-08-21/statistical_replication_stage2_policy_eval/20465208_Ev_counters_counters_orig_novh_c.1_s1510771779_SR10P_src20430424_e0037.txt,/home/hersco/training_new_domains/2026-08-27/statistical_replication_stage2_mcts_eval/20649851_Ev_counters_counters_mcts_orig_novh_e.5_c.1_s1510771779_K0_SR10M_src20430424_e0037.txt
1510771779,fz_instance_23.pddl,1,1,both_success,success,79.520,20465208,20649851,COMPLETED,OUT_OF_MEMORY,/home/hersco/training_new_domains/2026-08-21/statistical_replication_stage2_policy_eval/20465208_Ev_counters_counters_orig_novh_c.1_s1510771779_SR10P_src20430424_e0037.txt,/home/hersco/training_new_domains/2026-08-27/statistical_replication_stage2_mcts_eval/20649851_Ev_counters_counters_mcts_orig_novh_e.5_c.1_s1510771779_K0_SR10M_src20430424_e0037.txt
1510771779,fz_instance_24.pddl,1,1,both_success,success,90.830,20465208,20649851,COMPLETED,OUT_OF_MEMORY,/home/hersco/training_new_domains/2026-08-21/statistical_replication_stage2_policy_eval/20465208_Ev_counters_counters_orig_novh_c.1_s1510771779_SR10P_src20430424_e0037.txt,/home/hersco/training_new_domains/2026-08-27/statistical_replication_stage2_mcts_eval/20649851_Ev_counters_counters_mcts_orig_novh_e.5_c.1_s1510771779_K0_SR10M_src20430424_e0037.txt
1510771779,fz_instance_25.pddl,1,1,both_success,success,98.450,20465208,20649851,COMPLETED,OUT_OF_MEMORY,/home/hersco/training_new_domains/2026-08-21/statistical_replication_stage2_policy_eval/20465208_Ev_counters_counters_orig_novh_c.1_s1510771779_SR10P_src20430424_e0037.txt,/home/hersco/training_new_domains/2026-08-27/statistical_replication_stage2_mcts_eval/20649851_Ev_counters_counters_mcts_orig_novh_e.5_c.1_s1510771779_K0_SR10M_src20430424_e0037.txt
1510771779,fz_instance_26.pddl,1,1,both_success,success,108.030,20465208,20649851,COMPLETED,OUT_OF_MEMORY,/home/hersco/training_new_domains/2026-08-21/statistical_replication_stage2_policy_eval/20465208_Ev_counters_counters_orig_novh_c.1_s1510771779_SR10P_src20430424_e0037.txt,/home/hersco/training_new_domains/2026-08-27/statistical_replication_stage2_mcts_eval/20649851_Ev_counters_counters_mcts_orig_novh_e.5_c.1_s1510771779_K0_SR10M_src20430424_e0037.txt
1510771779,fz_instance_27.pddl,1,1,both_success,success,120.910,20465208,20649851,COMPLETED,OUT_OF_MEMORY,/home/hersco/training_new_domains/2026-08-21/statistical_replication_stage2_policy_eval/20465208_Ev_counters_counters_orig_novh_c.1_s1510771779_SR10P_src20430424_e0037.txt,/home/hersco/training_new_domains/2026-08-27/statistical_replication_stage2_mcts_eval/20649851_Ev_counters_counters_mcts_orig_novh_e.5_c.1_s1510771779_K0_SR10M_src20430424_e0037.txt
1510771779,fz_instance_28.pddl,1,1,both_success,success,132.100,20465208,20649851,COMPLETED,OUT_OF_MEMORY,/home/hersco/training_new_domains/2026-08-21/statistical_replication_stage2_policy_eval/20465208_Ev_counters_counters_orig_novh_c.1_s1510771779_SR10P_src20430424_e0037.txt,/home/hersco/training_new_domains/2026-08-27/statistical_replication_stage2_mcts_eval/20649851_Ev_counters_counters_mcts_orig_novh_e.5_c.1_s1510771779_K0_SR10M_src20430424_e0037.txt
1510771779,fz_instance_29.pddl,1,1,both_success,success,133.470,20465208,20649851,COMPLETED,OUT_OF_MEMORY,/home/hersco/training_new_domains/2026-08-21/statistical_replication_stage2_policy_eval/20465208_Ev_counters_counters_orig_novh_c.1_s1510771779_SR10P_src20430424_e0037.txt,/home/hersco/training_new_domains/2026-08-27/statistical_replication_stage2_mcts_eval/20649851_Ev_counters_counters_mcts_orig_novh_e.5_c.1_s1510771779_K0_SR10M_src20430424_e0037.txt
1510771779,fz_instance_30.pddl,1,1,both_success,success,168.150,20465208,20649851,COMPLETED,OUT_OF_MEMORY,/home/hersco/training_new_domains/2026-08-21/statistical_replication_stage2_policy_eval/20465208_Ev_counters_counters_orig_novh_c.1_s1510771779_SR10P_src20430424_e0037.txt,/home/hersco/training_new_domains/2026-08-27/statistical_replication_stage2_mcts_eval/20649851_Ev_counters_counters_mcts_orig_novh_e.5_c.1_s1510771779_K0_SR10M_src20430424_e0037.txt
1510771779,fz_instance_31.pddl,1,1,both_success,success,182.830,20465208,20649851,COMPLETED,OUT_OF_MEMORY,/home/hersco/training_new_domains/2026-08-21/statistical_replication_stage2_policy_eval/20465208_Ev_counters_counters_orig_novh_c.1_s1510771779_SR10P_src20430424_e0037.txt,/home/hersco/training_new_domains/2026-08-27/statistical_replication_stage2_mcts_eval/20649851_Ev_counters_counters_mcts_orig_novh_e.5_c.1_s1510771779_K0_SR10M_src20430424_e0037.txt
1510771779,fz_instance_32.pddl,1,1,both_success,success,213.920,20465208,20649851,COMPLETED,OUT_OF_MEMORY,/home/hersco/training_new_domains/2026-08-21/statistical_replication_stage2_policy_eval/20465208_Ev_counters_counters_orig_novh_c.1_s1510771779_SR10P_src20430424_e0037.txt,/home/hersco/training_new_domains/2026-08-27/statistical_replication_stage2_mcts_eval/20649851_Ev_counters_counters_mcts_orig_novh_e.5_c.1_s1510771779_K0_SR10M_src20430424_e0037.txt
1510771779,fz_instance_33.pddl,1,1,both_success,success,251.760,20465208,20649851,COMPLETED,OUT_OF_MEMORY,/home/hersco/training_new_domains/2026-08-21/statistical_replication_stage2_policy_eval/20465208_Ev_counters_counters_orig_novh_c.1_s1510771779_SR10P_src20430424_e0037.txt,/home/hersco/training_new_domains/2026-08-27/statistical_replication_stage2_mcts_eval/20649851_Ev_counters_counters_mcts_orig_novh_e.5_c.1_s1510771779_K0_SR10M_src20430424_e0037.txt
1510771779,fz_instance_34.pddl,1,1,both_success,success,271.380,20465208,20649851,COMPLETED,OUT_OF_MEMORY,/home/hersco/training_new_domains/2026-08-21/statistical_replication_stage2_policy_eval/20465208_Ev_counters_counters_orig_novh_c.1_s1510771779_SR10P_src20430424_e0037.txt,/home/hersco/training_new_domains/2026-08-27/statistical_replication_stage2_mcts_eval/20649851_Ev_counters_counters_mcts_orig_novh_e.5_c.1_s1510771779_K0_SR10M_src20430424_e0037.txt
1510771779,fz_instance_35.pddl,1,1,both_success,success,296.520,20465208,20649851,COMPLETED,OUT_OF_MEMORY,/home/hersco/training_new_domains/2026-08-21/statistical_replication_stage2_policy_eval/20465208_Ev_counters_counters_orig_novh_c.1_s1510771779_SR10P_src20430424_e0037.txt,/home/hersco/training_new_domains/2026-08-27/statistical_replication_stage2_mcts_eval/20649851_Ev_counters_counters_mcts_orig_novh_e.5_c.1_s1510771779_K0_SR10M_src20430424_e0037.txt
1510771779,fz_instance_36.pddl,1,1,both_success,success,319.110,20465208,20649851,COMPLETED,OUT_OF_MEMORY,/home/hersco/training_new_domains/2026-08-21/statistical_replication_stage2_policy_eval/20465208_Ev_counters_counters_orig_novh_c.1_s1510771779_SR10P_src20430424_e0037.txt,/home/hersco/training_new_domains/2026-08-27/statistical_replication_stage2_mcts_eval/20649851_Ev_counters_counters_mcts_orig_novh_e.5_c.1_s1510771779_K0_SR10M_src20430424_e0037.txt
1510771779,fz_instance_37.pddl,1,1,both_success,success,346.900,20465208,20649851,COMPLETED,OUT_OF_MEMORY,/home/hersco/training_new_domains/2026-08-21/statistical_replication_stage2_policy_eval/20465208_Ev_counters_counters_orig_novh_c.1_s1510771779_SR10P_src20430424_e0037.txt,/home/hersco/training_new_domains/2026-08-27/statistical_replication_stage2_mcts_eval/20649851_Ev_counters_counters_mcts_orig_novh_e.5_c.1_s1510771779_K0_SR10M_src20430424_e0037.txt
1510771779,fz_instance_38.pddl,1,1,both_success,success,406.610,20465208,20649851,COMPLETED,OUT_OF_MEMORY,/home/hersco/training_new_domains/2026-08-21/statistical_replication_stage2_policy_eval/20465208_Ev_counters_counters_orig_novh_c.1_s1510771779_SR10P_src20430424_e0037.txt,/home/hersco/training_new_domains/2026-08-27/statistical_replication_stage2_mcts_eval/20649851_Ev_counters_counters_mcts_orig_novh_e.5_c.1_s1510771779_K0_SR10M_src20430424_e0037.txt
1510771779,fz_instance_39.pddl,1,1,both_success,success,406.490,20465208,20649851,COMPLETED,OUT_OF_MEMORY,/home/hersco/training_new_domains/2026-08-21/statistical_replication_stage2_policy_eval/20465208_Ev_counters_counters_orig_novh_c.1_s1510771779_SR10P_src20430424_e0037.txt,/home/hersco/training_new_domains/2026-08-27/statistical_replication_stage2_mcts_eval/20649851_Ev_counters_counters_mcts_orig_novh_e.5_c.1_s1510771779_K0_SR10M_src20430424_e0037.txt
1510771779,fz_instance_40.pddl,1,1,both_success,success,517.590,20465208,20649851,COMPLETED,OUT_OF_MEMORY,/home/hersco/training_new_domains/2026-08-21/statistical_replication_stage2_policy_eval/20465208_Ev_counters_counters_orig_novh_c.1_s1510771779_SR10P_src20430424_e0037.txt,/home/hersco/training_new_domains/2026-08-27/statistical_replication_stage2_mcts_eval/20649851_Ev_counters_counters_mcts_orig_novh_e.5_c.1_s1510771779_K0_SR10M_src20430424_e0037.txt
1510771779,fz_instance_41.pddl,1,1,both_success,success,615.940,20465208,20649851,COMPLETED,OUT_OF_MEMORY,/home/hersco/training_new_domains/2026-08-21/statistical_replication_stage2_policy_eval/20465208_Ev_counters_counters_orig_novh_c.1_s1510771779_SR10P_src20430424_e0037.txt,/home/hersco/training_new_domains/2026-08-27/statistical_replication_stage2_mcts_eval/20649851_Ev_counters_counters_mcts_orig_novh_e.5_c.1_s1510771779_K0_SR10M_src20430424_e0037.txt
1510771779,fz_instance_42.pddl,1,1,both_success,success,518.150,20465208,20649851,COMPLETED,OUT_OF_MEMORY,/home/hersco/training_new_domains/2026-08-21/statistical_replication_stage2_policy_eval/20465208_Ev_counters_counters_orig_novh_c.1_s1510771779_SR10P_src20430424_e0037.txt,/home/hersco/training_new_domains/2026-08-27/statistical_replication_stage2_mcts_eval/20649851_Ev_counters_counters_mcts_orig_novh_e.5_c.1_s1510771779_K0_SR10M_src20430424_e0037.txt
1510771779,fz_instance_43.pddl,1,1,both_success,success,511.750,20465208,20649851,COMPLETED,OUT_OF_MEMORY,/home/hersco/training_new_domains/2026-08-21/statistical_replication_stage2_policy_eval/20465208_Ev_counters_counters_orig_novh_c.1_s1510771779_SR10P_src20430424_e0037.txt,/home/hersco/training_new_domains/2026-08-27/statistical_replication_stage2_mcts_eval/20649851_Ev_counters_counters_mcts_orig_novh_e.5_c.1_s1510771779_K0_SR10M_src20430424_e0037.txt
1510771779,fz_instance_44.pddl,1,1,both_success,success,673.230,20465208,20649851,COMPLETED,OUT_OF_MEMORY,/home/hersco/training_new_domains/2026-08-21/statistical_replication_stage2_policy_eval/20465208_Ev_counters_counters_orig_novh_c.1_s1510771779_SR10P_src20430424_e0037.txt,/home/hersco/training_new_domains/2026-08-27/statistical_replication_stage2_mcts_eval/20649851_Ev_counters_counters_mcts_orig_novh_e.5_c.1_s1510771779_K0_SR10M_src20430424_e0037.txt
1510771779,fz_instance_45.pddl,1,1,both_success,success,713.770,20465208,20649851,COMPLETED,OUT_OF_MEMORY,/home/hersco/training_new_domains/2026-08-21/statistical_replication_stage2_policy_eval/20465208_Ev_counters_counters_orig_novh_c.1_s1510771779_SR10P_src20430424_e0037.txt,/home/hersco/training_new_domains/2026-08-27/statistical_replication_stage2_mcts_eval/20649851_Ev_counters_counters_mcts_orig_novh_e.5_c.1_s1510771779_K0_SR10M_src20430424_e0037.txt
1510771779,fz_instance_46.pddl,1,1,both_success,success,736.570,20465208,20649851,COMPLETED,OUT_OF_MEMORY,/home/hersco/training_new_domains/2026-08-21/statistical_replication_stage2_policy_eval/20465208_Ev_counters_counters_orig_novh_c.1_s1510771779_SR10P_src20430424_e0037.txt,/home/hersco/training_new_domains/2026-08-27/statistical_replication_stage2_mcts_eval/20649851_Ev_counters_counters_mcts_orig_novh_e.5_c.1_s1510771779_K0_SR10M_src20430424_e0037.txt
1510771779,fz_instance_47.pddl,0,1,mcts_only_success,success,814.600,20465208,20649851,COMPLETED,OUT_OF_MEMORY,/home/hersco/training_new_domains/2026-08-21/statistical_replication_stage2_policy_eval/20465208_Ev_counters_counters_orig_novh_c.1_s1510771779_SR10P_src20430424_e0037.txt,/home/hersco/training_new_domains/2026-08-27/statistical_replication_stage2_mcts_eval/20649851_Ev_counters_counters_mcts_orig_novh_e.5_c.1_s1510771779_K0_SR10M_src20430424_e0037.txt
1510771779,fz_instance_48.pddl,0,1,mcts_only_success,success,944.830,20465208,20649851,COMPLETED,OUT_OF_MEMORY,/home/hersco/training_new_domains/2026-08-21/statistical_replication_stage2_policy_eval/20465208_Ev_counters_counters_orig_novh_c.1_s1510771779_SR10P_src20430424_e0037.txt,/home/hersco/training_new_domains/2026-08-27/statistical_replication_stage2_mcts_eval/20649851_Ev_counters_counters_mcts_orig_novh_e.5_c.1_s1510771779_K0_SR10M_src20430424_e0037.txt
1510771779,fz_instance_49.pddl,0,1,mcts_only_success,success,1100.590,20465208,20649851,COMPLETED,OUT_OF_MEMORY,/home/hersco/training_new_domains/2026-08-21/statistical_replication_stage2_policy_eval/20465208_Ev_counters_counters_orig_novh_c.1_s1510771779_SR10P_src20430424_e0037.txt,/home/hersco/training_new_domains/2026-08-27/statistical_replication_stage2_mcts_eval/20649851_Ev_counters_counters_mcts_orig_novh_e.5_c.1_s1510771779_K0_SR10M_src20430424_e0037.txt
1510771779,fz_instance_50.pddl,0,0,both_failure,unsolved,13162.960,20465208,20649851,COMPLETED,OUT_OF_MEMORY,/home/hersco/training_new_domains/2026-08-21/statistical_replication_stage2_policy_eval/20465208_Ev_counters_counters_orig_novh_c.1_s1510771779_SR10P_src20430424_e0037.txt,/home/hersco/training_new_domains/2026-08-27/statistical_replication_stage2_mcts_eval/20649851_Ev_counters_counters_mcts_orig_novh_e.5_c.1_s1510771779_K0_SR10M_src20430424_e0037.txt
1510771779,fz_instance_51.pddl,0,0,both_failure,not_completed,,20465208,20649851,COMPLETED,OUT_OF_MEMORY,/home/hersco/training_new_domains/2026-08-21/statistical_replication_stage2_policy_eval/20465208_Ev_counters_counters_orig_novh_c.1_s1510771779_SR10P_src20430424_e0037.txt,/home/hersco/training_new_domains/2026-08-27/statistical_replication_stage2_mcts_eval/20649851_Ev_counters_counters_mcts_orig_novh_e.5_c.1_s1510771779_K0_SR10M_src20430424_e0037.txt
1510771779,fz_instance_52.pddl,0,0,both_failure,not_completed,,20465208,20649851,COMPLETED,OUT_OF_MEMORY,/home/hersco/training_new_domains/2026-08-21/statistical_replication_stage2_policy_eval/20465208_Ev_counters_counters_orig_novh_c.1_s1510771779_SR10P_src20430424_e0037.txt,/home/hersco/training_new_domains/2026-08-27/statistical_replication_stage2_mcts_eval/20649851_Ev_counters_counters_mcts_orig_novh_e.5_c.1_s1510771779_K0_SR10M_src20430424_e0037.txt
1510771779,fz_instance_53.pddl,0,0,both_failure,unsolved,16894.860,20465208,20649851,COMPLETED,OUT_OF_MEMORY,/home/hersco/training_new_domains/2026-08-21/statistical_replication_stage2_policy_eval/20465208_Ev_counters_counters_orig_novh_c.1_s1510771779_SR10P_src20430424_e0037.txt,/home/hersco/training_new_domains/2026-08-27/statistical_replication_stage2_mcts_eval/20649851_Ev_counters_counters_mcts_orig_novh_e.5_c.1_s1510771779_K0_SR10M_src20430424_e0037.txt
1510771779,fz_instance_54.pddl,0,0,both_failure,not_completed,,20465208,20649851,COMPLETED,OUT_OF_MEMORY,/home/hersco/training_new_domains/2026-08-21/statistical_replication_stage2_policy_eval/20465208_Ev_counters_counters_orig_novh_c.1_s1510771779_SR10P_src20430424_e0037.txt,/home/hersco/training_new_domains/2026-08-27/statistical_replication_stage2_mcts_eval/20649851_Ev_counters_counters_mcts_orig_novh_e.5_c.1_s1510771779_K0_SR10M_src20430424_e0037.txt
1510771779,fz_instance_55.pddl,0,0,both_failure,not_completed,,20465208,20649851,COMPLETED,OUT_OF_MEMORY,/home/hersco/training_new_domains/2026-08-21/statistical_replication_stage2_policy_eval/20465208_Ev_counters_counters_orig_novh_c.1_s1510771779_SR10P_src20430424_e0037.txt,/home/hersco/training_new_domains/2026-08-27/statistical_replication_stage2_mcts_eval/20649851_Ev_counters_counters_mcts_orig_novh_e.5_c.1_s1510771779_K0_SR10M_src20430424_e0037.txt
1510771779,fz_instance_56.pddl,0,0,both_failure,not_completed,,20465208,20649851,COMPLETED,OUT_OF_MEMORY,/home/hersco/training_new_domains/2026-08-21/statistical_replication_stage2_policy_eval/20465208_Ev_counters_counters_orig_novh_c.1_s1510771779_SR10P_src20430424_e0037.txt,/home/hersco/training_new_domains/2026-08-27/statistical_replication_stage2_mcts_eval/20649851_Ev_counters_counters_mcts_orig_novh_e.5_c.1_s1510771779_K0_SR10M_src20430424_e0037.txt
1510771779,fz_instance_57.pddl,0,0,both_failure,not_completed,,20465208,20649851,COMPLETED,OUT_OF_MEMORY,/home/hersco/training_new_domains/2026-08-21/statistical_replication_stage2_policy_eval/20465208_Ev_counters_counters_orig_novh_c.1_s1510771779_SR10P_src20430424_e0037.txt,/home/hersco/training_new_domains/2026-08-27/statistical_replication_stage2_mcts_eval/20649851_Ev_counters_counters_mcts_orig_novh_e.5_c.1_s1510771779_K0_SR10M_src20430424_e0037.txt
1510771779,fz_instance_58.pddl,0,0,both_failure,unsolved,13054.860,20465208,20649851,COMPLETED,OUT_OF_MEMORY,/home/hersco/training_new_domains/2026-08-21/statistical_replication_stage2_policy_eval/20465208_Ev_counters_counters_orig_novh_c.1_s1510771779_SR10P_src20430424_e0037.txt,/home/hersco/training_new_domains/2026-08-27/statistical_replication_stage2_mcts_eval/20649851_Ev_counters_counters_mcts_orig_novh_e.5_c.1_s1510771779_K0_SR10M_src20430424_e0037.txt
1510771779,fz_instance_59.pddl,0,0,both_failure,not_completed,,20465208,20649851,COMPLETED,OUT_OF_MEMORY,/home/hersco/training_new_domains/2026-08-21/statistical_replication_stage2_policy_eval/20465208_Ev_counters_counters_orig_novh_c.1_s1510771779_SR10P_src20430424_e0037.txt,/home/hersco/training_new_domains/2026-08-27/statistical_replication_stage2_mcts_eval/20649851_Ev_counters_counters_mcts_orig_novh_e.5_c.1_s1510771779_K0_SR10M_src20430424_e0037.txt
1510771779,fz_instance_60.pddl,0,0,both_failure,unsolved,8258.990,20465208,20649851,COMPLETED,OUT_OF_MEMORY,/home/hersco/training_new_domains/2026-08-21/statistical_replication_stage2_policy_eval/20465208_Ev_counters_counters_orig_novh_c.1_s1510771779_SR10P_src20430424_e0037.txt,/home/hersco/training_new_domains/2026-08-27/statistical_replication_stage2_mcts_eval/20649851_Ev_counters_counters_mcts_orig_novh_e.5_c.1_s1510771779_K0_SR10M_src20430424_e0037.txt
923500475,fz_instance_2.pddl,1,1,both_success,success,9.300,20465209,20649852,COMPLETED,COMPLETED,/home/hersco/training_new_domains/2026-08-21/statistical_replication_stage2_policy_eval/20465209_Ev_counters_counters_orig_novh_c.1_s923500475_SR10P_src20430425_e0000.txt,/home/hersco/training_new_domains/2026-08-27/statistical_replication_stage2_mcts_eval/20649852_Ev_counters_counters_mcts_orig_novh_e.5_c.1_s923500475_K0_SR10M_src20430425_e0000.txt
923500475,fz_instance_3.pddl,1,1,both_success,success,10.570,20465209,20649852,COMPLETED,COMPLETED,/home/hersco/training_new_domains/2026-08-21/statistical_replication_stage2_policy_eval/20465209_Ev_counters_counters_orig_novh_c.1_s923500475_SR10P_src20430425_e0000.txt,/home/hersco/training_new_domains/2026-08-27/statistical_replication_stage2_mcts_eval/20649852_Ev_counters_counters_mcts_orig_novh_e.5_c.1_s923500475_K0_SR10M_src20430425_e0000.txt
923500475,fz_instance_4.pddl,1,1,both_success,success,10.290,20465209,20649852,COMPLETED,COMPLETED,/home/hersco/training_new_domains/2026-08-21/statistical_replication_stage2_policy_eval/20465209_Ev_counters_counters_orig_novh_c.1_s923500475_SR10P_src20430425_e0000.txt,/home/hersco/training_new_domains/2026-08-27/statistical_replication_stage2_mcts_eval/20649852_Ev_counters_counters_mcts_orig_novh_e.5_c.1_s923500475_K0_SR10M_src20430425_e0000.txt
923500475,fz_instance_5.pddl,1,1,both_success,success,10.550,20465209,20649852,COMPLETED,COMPLETED,/home/hersco/training_new_domains/2026-08-21/statistical_replication_stage2_policy_eval/20465209_Ev_counters_counters_orig_novh_c.1_s923500475_SR10P_src20430425_e0000.txt,/home/hersco/training_new_domains/2026-08-27/statistical_replication_stage2_mcts_eval/20649852_Ev_counters_counters_mcts_orig_novh_e.5_c.1_s923500475_K0_SR10M_src20430425_e0000.txt
923500475,fz_instance_6.pddl,1,1,both_success,success,12.840,20465209,20649852,COMPLETED,COMPLETED,/home/hersco/training_new_domains/2026-08-21/statistical_replication_stage2_policy_eval/20465209_Ev_counters_counters_orig_novh_c.1_s923500475_SR10P_src20430425_e0000.txt,/home/hersco/training_new_domains/2026-08-27/statistical_replication_stage2_mcts_eval/20649852_Ev_counters_counters_mcts_orig_novh_e.5_c.1_s923500475_K0_SR10M_src20430425_e0000.txt
923500475,fz_instance_7.pddl,1,1,both_success,success,13.340,20465209,20649852,COMPLETED,COMPLETED,/home/hersco/training_new_domains/2026-08-21/statistical_replication_stage2_policy_eval/20465209_Ev_counters_counters_orig_novh_c.1_s923500475_SR10P_src20430425_e0000.txt,/home/hersco/training_new_domains/2026-08-27/statistical_replication_stage2_mcts_eval/20649852_Ev_counters_counters_mcts_orig_novh_e.5_c.1_s923500475_K0_SR10M_src20430425_e0000.txt
923500475,fz_instance_8.pddl,1,1,both_success,success,14.580,20465209,20649852,COMPLETED,COMPLETED,/home/hersco/training_new_domains/2026-08-21/statistical_replication_stage2_policy_eval/20465209_Ev_counters_counters_orig_novh_c.1_s923500475_SR10P_src20430425_e0000.txt,/home/hersco/training_new_domains/2026-08-27/statistical_replication_stage2_mcts_eval/20649852_Ev_counters_counters_mcts_orig_novh_e.5_c.1_s923500475_K0_SR10M_src20430425_e0000.txt
923500475,fz_instance_9.pddl,1,1,both_success,success,16.580,20465209,20649852,COMPLETED,COMPLETED,/home/hersco/training_new_domains/2026-08-21/statistical_replication_stage2_policy_eval/20465209_Ev_counters_counters_orig_novh_c.1_s923500475_SR10P_src20430425_e0000.txt,/home/hersco/training_new_domains/2026-08-27/statistical_replication_stage2_mcts_eval/20649852_Ev_counters_counters_mcts_orig_novh_e.5_c.1_s923500475_K0_SR10M_src20430425_e0000.txt
923500475,fz_instance_10.pddl,1,1,both_success,success,17.330,20465209,20649852,COMPLETED,COMPLETED,/home/hersco/training_new_domains/2026-08-21/statistical_replication_stage2_policy_eval/20465209_Ev_counters_counters_orig_novh_c.1_s923500475_SR10P_src20430425_e0000.txt,/home/hersco/training_new_domains/2026-08-27/statistical_replication_stage2_mcts_eval/20649852_Ev_counters_counters_mcts_orig_novh_e.5_c.1_s923500475_K0_SR10M_src20430425_e0000.txt
923500475,fz_instance_11.pddl,1,1,both_success,success,20.560,20465209,20649852,COMPLETED,COMPLETED,/home/hersco/training_new_domains/2026-08-21/statistical_replication_stage2_policy_eval/20465209_Ev_counters_counters_orig_novh_c.1_s923500475_SR10P_src20430425_e0000.txt,/home/hersco/training_new_domains/2026-08-27/statistical_replication_stage2_mcts_eval/20649852_Ev_counters_counters_mcts_orig_novh_e.5_c.1_s923500475_K0_SR10M_src20430425_e0000.txt
923500475,fz_instance_12.pddl,1,1,both_success,success,22.590,20465209,20649852,COMPLETED,COMPLETED,/home/hersco/training_new_domains/2026-08-21/statistical_replication_stage2_policy_eval/20465209_Ev_counters_counters_orig_novh_c.1_s923500475_SR10P_src20430425_e0000.txt,/home/hersco/training_new_domains/2026-08-27/statistical_replication_stage2_mcts_eval/20649852_Ev_counters_counters_mcts_orig_novh_e.5_c.1_s923500475_K0_SR10M_src20430425_e0000.txt
923500475,fz_instance_13.pddl,1,1,both_success,success,26.100,20465209,20649852,COMPLETED,COMPLETED,/home/hersco/training_new_domains/2026-08-21/statistical_replication_stage2_policy_eval/20465209_Ev_counters_counters_orig_novh_c.1_s923500475_SR10P_src20430425_e0000.txt,/home/hersco/training_new_domains/2026-08-27/statistical_replication_stage2_mcts_eval/20649852_Ev_counters_counters_mcts_orig_novh_e.5_c.1_s923500475_K0_SR10M_src20430425_e0000.txt
923500475,fz_instance_14.pddl,1,1,both_success,success,28.580,20465209,20649852,COMPLETED,COMPLETED,/home/hersco/training_new_domains/2026-08-21/statistical_replication_stage2_policy_eval/20465209_Ev_counters_counters_orig_novh_c.1_s923500475_SR10P_src20430425_e0000.txt,/home/hersco/training_new_domains/2026-08-27/statistical_replication_stage2_mcts_eval/20649852_Ev_counters_counters_mcts_orig_novh_e.5_c.1_s923500475_K0_SR10M_src20430425_e0000.txt
923500475,fz_instance_15.pddl,1,1,both_success,success,31.870,20465209,20649852,COMPLETED,COMPLETED,/home/hersco/training_new_domains/2026-08-21/statistical_replication_stage2_policy_eval/20465209_Ev_counters_counters_orig_novh_c.1_s923500475_SR10P_src20430425_e0000.txt,/home/hersco/training_new_domains/2026-08-27/statistical_replication_stage2_mcts_eval/20649852_Ev_counters_counters_mcts_orig_novh_e.5_c.1_s923500475_K0_SR10M_src20430425_e0000.txt
923500475,fz_instance_16.pddl,1,1,both_success,success,36.400,20465209,20649852,COMPLETED,COMPLETED,/home/hersco/training_new_domains/2026-08-21/statistical_replication_stage2_policy_eval/20465209_Ev_counters_counters_orig_novh_c.1_s923500475_SR10P_src20430425_e0000.txt,/home/hersco/training_new_domains/2026-08-27/statistical_replication_stage2_mcts_eval/20649852_Ev_counters_counters_mcts_orig_novh_e.5_c.1_s923500475_K0_SR10M_src20430425_e0000.txt
923500475,fz_instance_17.pddl,1,1,both_success,success,38.880,20465209,20649852,COMPLETED,COMPLETED,/home/hersco/training_new_domains/2026-08-21/statistical_replication_stage2_policy_eval/20465209_Ev_counters_counters_orig_novh_c.1_s923500475_SR10P_src20430425_e0000.txt,/home/hersco/training_new_domains/2026-08-27/statistical_replication_stage2_mcts_eval/20649852_Ev_counters_counters_mcts_orig_novh_e.5_c.1_s923500475_K0_SR10M_src20430425_e0000.txt
923500475,fz_instance_18.pddl,1,1,both_success,success,45.100,20465209,20649852,COMPLETED,COMPLETED,/home/hersco/training_new_domains/2026-08-21/statistical_replication_stage2_policy_eval/20465209_Ev_counters_counters_orig_novh_c.1_s923500475_SR10P_src20430425_e0000.txt,/home/hersco/training_new_domains/2026-08-27/statistical_replication_stage2_mcts_eval/20649852_Ev_counters_counters_mcts_orig_novh_e.5_c.1_s923500475_K0_SR10M_src20430425_e0000.txt
923500475,fz_instance_19.pddl,1,1,both_success,success,51.420,20465209,20649852,COMPLETED,COMPLETED,/home/hersco/training_new_domains/2026-08-21/statistical_replication_stage2_policy_eval/20465209_Ev_counters_counters_orig_novh_c.1_s923500475_SR10P_src20430425_e0000.txt,/home/hersco/training_new_domains/2026-08-27/statistical_replication_stage2_mcts_eval/20649852_Ev_counters_counters_mcts_orig_novh_e.5_c.1_s923500475_K0_SR10M_src20430425_e0000.txt
923500475,fz_instance_20.pddl,1,1,both_success,success,50.240,20465209,20649852,COMPLETED,COMPLETED,/home/hersco/training_new_domains/2026-08-21/statistical_replication_stage2_policy_eval/20465209_Ev_counters_counters_orig_novh_c.1_s923500475_SR10P_src20430425_e0000.txt,/home/hersco/training_new_domains/2026-08-27/statistical_replication_stage2_mcts_eval/20649852_Ev_counters_counters_mcts_orig_novh_e.5_c.1_s923500475_K0_SR10M_src20430425_e0000.txt
923500475,fz_instance_21.pddl,1,1,both_success,success,57.230,20465209,20649852,COMPLETED,COMPLETED,/home/hersco/training_new_domains/2026-08-21/statistical_replication_stage2_policy_eval/20465209_Ev_counters_counters_orig_novh_c.1_s923500475_SR10P_src20430425_e0000.txt,/home/hersco/training_new_domains/2026-08-27/statistical_replication_stage2_mcts_eval/20649852_Ev_counters_counters_mcts_orig_novh_e.5_c.1_s923500475_K0_SR10M_src20430425_e0000.txt
923500475,fz_instance_22.pddl,1,1,both_success,success,68.230,20465209,20649852,COMPLETED,COMPLETED,/home/hersco/training_new_domains/2026-08-21/statistical_replication_stage2_policy_eval/20465209_Ev_counters_counters_orig_novh_c.1_s923500475_SR10P_src20430425_e0000.txt,/home/hersco/training_new_domains/2026-08-27/statistical_replication_stage2_mcts_eval/20649852_Ev_counters_counters_mcts_orig_novh_e.5_c.1_s923500475_K0_SR10M_src20430425_e0000.txt
923500475,fz_instance_23.pddl,1,1,both_success,success,75.220,20465209,20649852,COMPLETED,COMPLETED,/home/hersco/training_new_domains/2026-08-21/statistical_replication_stage2_policy_eval/20465209_Ev_counters_counters_orig_novh_c.1_s923500475_SR10P_src20430425_e0000.txt,/home/hersco/training_new_domains/2026-08-27/statistical_replication_stage2_mcts_eval/20649852_Ev_counters_counters_mcts_orig_novh_e.5_c.1_s923500475_K0_SR10M_src20430425_e0000.txt
923500475,fz_instance_24.pddl,1,1,both_success,success,81.680,20465209,20649852,COMPLETED,COMPLETED,/home/hersco/training_new_domains/2026-08-21/statistical_replication_stage2_policy_eval/20465209_Ev_counters_counters_orig_novh_c.1_s923500475_SR10P_src20430425_e0000.txt,/home/hersco/training_new_domains/2026-08-27/statistical_replication_stage2_mcts_eval/20649852_Ev_counters_counters_mcts_orig_novh_e.5_c.1_s923500475_K0_SR10M_src20430425_e0000.txt
923500475,fz_instance_25.pddl,1,1,both_success,success,90.000,20465209,20649852,COMPLETED,COMPLETED,/home/hersco/training_new_domains/2026-08-21/statistical_replication_stage2_policy_eval/20465209_Ev_counters_counters_orig_novh_c.1_s923500475_SR10P_src20430425_e0000.txt,/home/hersco/training_new_domains/2026-08-27/statistical_replication_stage2_mcts_eval/20649852_Ev_counters_counters_mcts_orig_novh_e.5_c.1_s923500475_K0_SR10M_src20430425_e0000.txt
923500475,fz_instance_26.pddl,1,1,both_success,success,100.770,20465209,20649852,COMPLETED,COMPLETED,/home/hersco/training_new_domains/2026-08-21/statistical_replication_stage2_policy_eval/20465209_Ev_counters_counters_orig_novh_c.1_s923500475_SR10P_src20430425_e0000.txt,/home/hersco/training_new_domains/2026-08-27/statistical_replication_stage2_mcts_eval/20649852_Ev_counters_counters_mcts_orig_novh_e.5_c.1_s923500475_K0_SR10M_src20430425_e0000.txt
923500475,fz_instance_27.pddl,1,1,both_success,success,104.970,20465209,20649852,COMPLETED,COMPLETED,/home/hersco/training_new_domains/2026-08-21/statistical_replication_stage2_policy_eval/20465209_Ev_counters_counters_orig_novh_c.1_s923500475_SR10P_src20430425_e0000.txt,/home/hersco/training_new_domains/2026-08-27/statistical_replication_stage2_mcts_eval/20649852_Ev_counters_counters_mcts_orig_novh_e.5_c.1_s923500475_K0_SR10M_src20430425_e0000.txt
923500475,fz_instance_28.pddl,1,1,both_success,success,119.610,20465209,20649852,COMPLETED,COMPLETED,/home/hersco/training_new_domains/2026-08-21/statistical_replication_stage2_policy_eval/20465209_Ev_counters_counters_orig_novh_c.1_s923500475_SR10P_src20430425_e0000.txt,/home/hersco/training_new_domains/2026-08-27/statistical_replication_stage2_mcts_eval/20649852_Ev_counters_counters_mcts_orig_novh_e.5_c.1_s923500475_K0_SR10M_src20430425_e0000.txt
923500475,fz_instance_29.pddl,1,1,both_success,success,129.490,20465209,20649852,COMPLETED,COMPLETED,/home/hersco/training_new_domains/2026-08-21/statistical_replication_stage2_policy_eval/20465209_Ev_counters_counters_orig_novh_c.1_s923500475_SR10P_src20430425_e0000.txt,/home/hersco/training_new_domains/2026-08-27/statistical_replication_stage2_mcts_eval/20649852_Ev_counters_counters_mcts_orig_novh_e.5_c.1_s923500475_K0_SR10M_src20430425_e0000.txt
923500475,fz_instance_30.pddl,1,1,both_success,success,154.420,20465209,20649852,COMPLETED,COMPLETED,/home/hersco/training_new_domains/2026-08-21/statistical_replication_stage2_policy_eval/20465209_Ev_counters_counters_orig_novh_c.1_s923500475_SR10P_src20430425_e0000.txt,/home/hersco/training_new_domains/2026-08-27/statistical_replication_stage2_mcts_eval/20649852_Ev_counters_counters_mcts_orig_novh_e.5_c.1_s923500475_K0_SR10M_src20430425_e0000.txt
923500475,fz_instance_31.pddl,1,1,both_success,success,171.620,20465209,20649852,COMPLETED,COMPLETED,/home/hersco/training_new_domains/2026-08-21/statistical_replication_stage2_policy_eval/20465209_Ev_counters_counters_orig_novh_c.1_s923500475_SR10P_src20430425_e0000.txt,/home/hersco/training_new_domains/2026-08-27/statistical_replication_stage2_mcts_eval/20649852_Ev_counters_counters_mcts_orig_novh_e.5_c.1_s923500475_K0_SR10M_src20430425_e0000.txt
923500475,fz_instance_32.pddl,1,1,both_success,success,200.320,20465209,20649852,COMPLETED,COMPLETED,/home/hersco/training_new_domains/2026-08-21/statistical_replication_stage2_policy_eval/20465209_Ev_counters_counters_orig_novh_c.1_s923500475_SR10P_src20430425_e0000.txt,/home/hersco/training_new_domains/2026-08-27/statistical_replication_stage2_mcts_eval/20649852_Ev_counters_counters_mcts_orig_novh_e.5_c.1_s923500475_K0_SR10M_src20430425_e0000.txt
923500475,fz_instance_33.pddl,1,1,both_success,success,224.840,20465209,20649852,COMPLETED,COMPLETED,/home/hersco/training_new_domains/2026-08-21/statistical_replication_stage2_policy_eval/20465209_Ev_counters_counters_orig_novh_c.1_s923500475_SR10P_src20430425_e0000.txt,/home/hersco/training_new_domains/2026-08-27/statistical_replication_stage2_mcts_eval/20649852_Ev_counters_counters_mcts_orig_novh_e.5_c.1_s923500475_K0_SR10M_src20430425_e0000.txt
923500475,fz_instance_34.pddl,0,1,mcts_only_success,success,233.470,20465209,20649852,COMPLETED,COMPLETED,/home/hersco/training_new_domains/2026-08-21/statistical_replication_stage2_policy_eval/20465209_Ev_counters_counters_orig_novh_c.1_s923500475_SR10P_src20430425_e0000.txt,/home/hersco/training_new_domains/2026-08-27/statistical_replication_stage2_mcts_eval/20649852_Ev_counters_counters_mcts_orig_novh_e.5_c.1_s923500475_K0_SR10M_src20430425_e0000.txt
923500475,fz_instance_35.pddl,0,0,both_failure,not_completed,,20465209,20649852,COMPLETED,COMPLETED,/home/hersco/training_new_domains/2026-08-21/statistical_replication_stage2_policy_eval/20465209_Ev_counters_counters_orig_novh_c.1_s923500475_SR10P_src20430425_e0000.txt,/home/hersco/training_new_domains/2026-08-27/statistical_replication_stage2_mcts_eval/20649852_Ev_counters_counters_mcts_orig_novh_e.5_c.1_s923500475_K0_SR10M_src20430425_e0000.txt
923500475,fz_instance_36.pddl,0,0,both_failure,unsolved,16223.230,20465209,20649852,COMPLETED,COMPLETED,/home/hersco/training_new_domains/2026-08-21/statistical_replication_stage2_policy_eval/20465209_Ev_counters_counters_orig_novh_c.1_s923500475_SR10P_src20430425_e0000.txt,/home/hersco/training_new_domains/2026-08-27/statistical_replication_stage2_mcts_eval/20649852_Ev_counters_counters_mcts_orig_novh_e.5_c.1_s923500475_K0_SR10M_src20430425_e0000.txt
923500475,fz_instance_37.pddl,0,0,both_failure,not_completed,,20465209,20649852,COMPLETED,COMPLETED,/home/hersco/training_new_domains/2026-08-21/statistical_replication_stage2_policy_eval/20465209_Ev_counters_counters_orig_novh_c.1_s923500475_SR10P_src20430425_e0000.txt,/home/hersco/training_new_domains/2026-08-27/statistical_replication_stage2_mcts_eval/20649852_Ev_counters_counters_mcts_orig_novh_e.5_c.1_s923500475_K0_SR10M_src20430425_e0000.txt
923500475,fz_instance_38.pddl,0,0,both_failure,unsolved,4938.660,20465209,20649852,COMPLETED,COMPLETED,/home/hersco/training_new_domains/2026-08-21/statistical_replication_stage2_policy_eval/20465209_Ev_counters_counters_orig_novh_c.1_s923500475_SR10P_src20430425_e0000.txt,/home/hersco/training_new_domains/2026-08-27/statistical_replication_stage2_mcts_eval/20649852_Ev_counters_counters_mcts_orig_novh_e.5_c.1_s923500475_K0_SR10M_src20430425_e0000.txt
923500475,fz_instance_39.pddl,0,0,both_failure,unsolved,9833.430,20465209,20649852,COMPLETED,COMPLETED,/home/hersco/training_new_domains/2026-08-21/statistical_replication_stage2_policy_eval/20465209_Ev_counters_counters_orig_novh_c.1_s923500475_SR10P_src20430425_e0000.txt,/home/hersco/training_new_domains/2026-08-27/statistical_replication_stage2_mcts_eval/20649852_Ev_counters_counters_mcts_orig_novh_e.5_c.1_s923500475_K0_SR10M_src20430425_e0000.txt
923500475,fz_instance_40.pddl,0,0,both_failure,unsolved,5282.420,20465209,20649852,COMPLETED,COMPLETED,/home/hersco/training_new_domains/2026-08-21/statistical_replication_stage2_policy_eval/20465209_Ev_counters_counters_orig_novh_c.1_s923500475_SR10P_src20430425_e0000.txt,/home/hersco/training_new_domains/2026-08-27/statistical_replication_stage2_mcts_eval/20649852_Ev_counters_counters_mcts_orig_novh_e.5_c.1_s923500475_K0_SR10M_src20430425_e0000.txt
923500475,fz_instance_41.pddl,0,0,both_failure,unsolved,4296.410,20465209,20649852,COMPLETED,COMPLETED,/home/hersco/training_new_domains/2026-08-21/statistical_replication_stage2_policy_eval/20465209_Ev_counters_counters_orig_novh_c.1_s923500475_SR10P_src20430425_e0000.txt,/home/hersco/training_new_domains/2026-08-27/statistical_replication_stage2_mcts_eval/20649852_Ev_counters_counters_mcts_orig_novh_e.5_c.1_s923500475_K0_SR10M_src20430425_e0000.txt
923500475,fz_instance_42.pddl,0,0,both_failure,unsolved,5019.390,20465209,20649852,COMPLETED,COMPLETED,/home/hersco/training_new_domains/2026-08-21/statistical_replication_stage2_policy_eval/20465209_Ev_counters_counters_orig_novh_c.1_s923500475_SR10P_src20430425_e0000.txt,/home/hersco/training_new_domains/2026-08-27/statistical_replication_stage2_mcts_eval/20649852_Ev_counters_counters_mcts_orig_novh_e.5_c.1_s923500475_K0_SR10M_src20430425_e0000.txt
923500475,fz_instance_43.pddl,0,0,both_failure,unsolved,3898.640,20465209,20649852,COMPLETED,COMPLETED,/home/hersco/training_new_domains/2026-08-21/statistical_replication_stage2_policy_eval/20465209_Ev_counters_counters_orig_novh_c.1_s923500475_SR10P_src20430425_e0000.txt,/home/hersco/training_new_domains/2026-08-27/statistical_replication_stage2_mcts_eval/20649852_Ev_counters_counters_mcts_orig_novh_e.5_c.1_s923500475_K0_SR10M_src20430425_e0000.txt
923500475,fz_instance_44.pddl,0,0,both_failure,unsolved,6197.830,20465209,20649852,COMPLETED,COMPLETED,/home/hersco/training_new_domains/2026-08-21/statistical_replication_stage2_policy_eval/20465209_Ev_counters_counters_orig_novh_c.1_s923500475_SR10P_src20430425_e0000.txt,/home/hersco/training_new_domains/2026-08-27/statistical_replication_stage2_mcts_eval/20649852_Ev_counters_counters_mcts_orig_novh_e.5_c.1_s923500475_K0_SR10M_src20430425_e0000.txt
923500475,fz_instance_45.pddl,0,0,both_failure,unsolved,5310.540,20465209,20649852,COMPLETED,COMPLETED,/home/hersco/training_new_domains/2026-08-21/statistical_replication_stage2_policy_eval/20465209_Ev_counters_counters_orig_novh_c.1_s923500475_SR10P_src20430425_e0000.txt,/home/hersco/training_new_domains/2026-08-27/statistical_replication_stage2_mcts_eval/20649852_Ev_counters_counters_mcts_orig_novh_e.5_c.1_s923500475_K0_SR10M_src20430425_e0000.txt
923500475,fz_instance_46.pddl,0,0,both_failure,unsolved,5158.150,20465209,20649852,COMPLETED,COMPLETED,/home/hersco/training_new_domains/2026-08-21/statistical_replication_stage2_policy_eval/20465209_Ev_counters_counters_orig_novh_c.1_s923500475_SR10P_src20430425_e0000.txt,/home/hersco/training_new_domains/2026-08-27/statistical_replication_stage2_mcts_eval/20649852_Ev_counters_counters_mcts_orig_novh_e.5_c.1_s923500475_K0_SR10M_src20430425_e0000.txt
923500475,fz_instance_47.pddl,0,0,both_failure,unsolved,9459.150,20465209,20649852,COMPLETED,COMPLETED,/home/hersco/training_new_domains/2026-08-21/statistical_replication_stage2_policy_eval/20465209_Ev_counters_counters_orig_novh_c.1_s923500475_SR10P_src20430425_e0000.txt,/home/hersco/training_new_domains/2026-08-27/statistical_replication_stage2_mcts_eval/20649852_Ev_counters_counters_mcts_orig_novh_e.5_c.1_s923500475_K0_SR10M_src20430425_e0000.txt
923500475,fz_instance_48.pddl,0,0,both_failure,not_completed,,20465209,20649852,COMPLETED,COMPLETED,/home/hersco/training_new_domains/2026-08-21/statistical_replication_stage2_policy_eval/20465209_Ev_counters_counters_orig_novh_c.1_s923500475_SR10P_src20430425_e0000.txt,/home/hersco/training_new_domains/2026-08-27/statistical_replication_stage2_mcts_eval/20649852_Ev_counters_counters_mcts_orig_novh_e.5_c.1_s923500475_K0_SR10M_src20430425_e0000.txt
923500475,fz_instance_49.pddl,0,0,both_failure,unsolved,9043.320,20465209,20649852,COMPLETED,COMPLETED,/home/hersco/training_new_domains/2026-08-21/statistical_replication_stage2_policy_eval/20465209_Ev_counters_counters_orig_novh_c.1_s923500475_SR10P_src20430425_e0000.txt,/home/hersco/training_new_domains/2026-08-27/statistical_replication_stage2_mcts_eval/20649852_Ev_counters_counters_mcts_orig_novh_e.5_c.1_s923500475_K0_SR10M_src20430425_e0000.txt
923500475,fz_instance_50.pddl,0,0,both_failure,unsolved,4877.110,20465209,20649852,COMPLETED,COMPLETED,/home/hersco/training_new_domains/2026-08-21/statistical_replication_stage2_policy_eval/20465209_Ev_counters_counters_orig_novh_c.1_s923500475_SR10P_src20430425_e0000.txt,/home/hersco/training_new_domains/2026-08-27/statistical_replication_stage2_mcts_eval/20649852_Ev_counters_counters_mcts_orig_novh_e.5_c.1_s923500475_K0_SR10M_src20430425_e0000.txt
923500475,fz_instance_51.pddl,0,0,both_failure,unsolved,8071.520,20465209,20649852,COMPLETED,COMPLETED,/home/hersco/training_new_domains/2026-08-21/statistical_replication_stage2_policy_eval/20465209_Ev_counters_counters_orig_novh_c.1_s923500475_SR10P_src20430425_e0000.txt,/home/hersco/training_new_domains/2026-08-27/statistical_replication_stage2_mcts_eval/20649852_Ev_counters_counters_mcts_orig_novh_e.5_c.1_s923500475_K0_SR10M_src20430425_e0000.txt
923500475,fz_instance_52.pddl,0,0,both_failure,unsolved,5775.210,20465209,20649852,COMPLETED,COMPLETED,/home/hersco/training_new_domains/2026-08-21/statistical_replication_stage2_policy_eval/20465209_Ev_counters_counters_orig_novh_c.1_s923500475_SR10P_src20430425_e0000.txt,/home/hersco/training_new_domains/2026-08-27/statistical_replication_stage2_mcts_eval/20649852_Ev_counters_counters_mcts_orig_novh_e.5_c.1_s923500475_K0_SR10M_src20430425_e0000.txt
923500475,fz_instance_53.pddl,0,0,both_failure,unsolved,5361.190,20465209,20649852,COMPLETED,COMPLETED,/home/hersco/training_new_domains/2026-08-21/statistical_replication_stage2_policy_eval/20465209_Ev_counters_counters_orig_novh_c.1_s923500475_SR10P_src20430425_e0000.txt,/home/hersco/training_new_domains/2026-08-27/statistical_replication_stage2_mcts_eval/20649852_Ev_counters_counters_mcts_orig_novh_e.5_c.1_s923500475_K0_SR10M_src20430425_e0000.txt
923500475,fz_instance_54.pddl,0,0,both_failure,unsolved,9167.380,20465209,20649852,COMPLETED,COMPLETED,/home/hersco/training_new_domains/2026-08-21/statistical_replication_stage2_policy_eval/20465209_Ev_counters_counters_orig_novh_c.1_s923500475_SR10P_src20430425_e0000.txt,/home/hersco/training_new_domains/2026-08-27/statistical_replication_stage2_mcts_eval/20649852_Ev_counters_counters_mcts_orig_novh_e.5_c.1_s923500475_K0_SR10M_src20430425_e0000.txt
923500475,fz_instance_55.pddl,0,0,both_failure,unsolved,6106.980,20465209,20649852,COMPLETED,COMPLETED,/home/hersco/training_new_domains/2026-08-21/statistical_replication_stage2_policy_eval/20465209_Ev_counters_counters_orig_novh_c.1_s923500475_SR10P_src20430425_e0000.txt,/home/hersco/training_new_domains/2026-08-27/statistical_replication_stage2_mcts_eval/20649852_Ev_counters_counters_mcts_orig_novh_e.5_c.1_s923500475_K0_SR10M_src20430425_e0000.txt
923500475,fz_instance_56.pddl,0,0,both_failure,unsolved,6230.870,20465209,20649852,COMPLETED,COMPLETED,/home/hersco/training_new_domains/2026-08-21/statistical_replication_stage2_policy_eval/20465209_Ev_counters_counters_orig_novh_c.1_s923500475_SR10P_src20430425_e0000.txt,/home/hersco/training_new_domains/2026-08-27/statistical_replication_stage2_mcts_eval/20649852_Ev_counters_counters_mcts_orig_novh_e.5_c.1_s923500475_K0_SR10M_src20430425_e0000.txt
923500475,fz_instance_57.pddl,0,0,both_failure,unsolved,7825.770,20465209,20649852,COMPLETED,COMPLETED,/home/hersco/training_new_domains/2026-08-21/statistical_replication_stage2_policy_eval/20465209_Ev_counters_counters_orig_novh_c.1_s923500475_SR10P_src20430425_e0000.txt,/home/hersco/training_new_domains/2026-08-27/statistical_replication_stage2_mcts_eval/20649852_Ev_counters_counters_mcts_orig_novh_e.5_c.1_s923500475_K0_SR10M_src20430425_e0000.txt
923500475,fz_instance_58.pddl,0,0,both_failure,unsolved,9884.080,20465209,20649852,COMPLETED,COMPLETED,/home/hersco/training_new_domains/2026-08-21/statistical_replication_stage2_policy_eval/20465209_Ev_counters_counters_orig_novh_c.1_s923500475_SR10P_src20430425_e0000.txt,/home/hersco/training_new_domains/2026-08-27/statistical_replication_stage2_mcts_eval/20649852_Ev_counters_counters_mcts_orig_novh_e.5_c.1_s923500475_K0_SR10M_src20430425_e0000.txt
923500475,fz_instance_59.pddl,0,0,both_failure,unsolved,7775.610,20465209,20649852,COMPLETED,COMPLETED,/home/hersco/training_new_domains/2026-08-21/statistical_replication_stage2_policy_eval/20465209_Ev_counters_counters_orig_novh_c.1_s923500475_SR10P_src20430425_e0000.txt,/home/hersco/training_new_domains/2026-08-27/statistical_replication_stage2_mcts_eval/20649852_Ev_counters_counters_mcts_orig_novh_e.5_c.1_s923500475_K0_SR10M_src20430425_e0000.txt
923500475,fz_instance_60.pddl,0,0,both_failure,unsolved,14746.460,20465209,20649852,COMPLETED,COMPLETED,/home/hersco/training_new_domains/2026-08-21/statistical_replication_stage2_policy_eval/20465209_Ev_counters_counters_orig_novh_c.1_s923500475_SR10P_src20430425_e0000.txt,/home/hersco/training_new_domains/2026-08-27/statistical_replication_stage2_mcts_eval/20649852_Ev_counters_counters_mcts_orig_novh_e.5_c.1_s923500475_K0_SR10M_src20430425_e0000.txt
